ISO-10303-21;
HEADER;
FILE_DESCRIPTION(('Open CASCADE Model'),'2;1');
FILE_NAME('Open CASCADE Shape Model','2026-09-19T13:11:55',('Author'),(
    'Open CASCADE'),'Open CASCADE STEP processor 7.9','build123d',
  'Unknown');
FILE_SCHEMA(('AUTOMOTIVE_DESIGN { 1 0 10303 214 1 1 1 1 }'));
ENDSEC;
DATA;
#1 = APPLICATION_PROTOCOL_DEFINITION('international standard',
  'automotive_design',2000,#2);
#2 = APPLICATION_CONTEXT(
  'core data for automotive mechanical design processes');
#3 = SHAPE_DEFINITION_REPRESENTATION(#4,#10);
#4 = PRODUCT_DEFINITION_SHAPE('','',#5);
#5 = PRODUCT_DEFINITION('design','',#6,#9);
#6 = PRODUCT_DEFINITION_FORMATION('','',#7);
#7 = PRODUCT('SOLID','SOLID','',(#8));
#8 = PRODUCT_CONTEXT('',#2,'mechanical');
#9 = PRODUCT_DEFINITION_CONTEXT('part definition',#2,'design');
#10 = ADVANCED_BREP_SHAPE_REPRESENTATION('',(#11,#15),#16099);
#11 = AXIS2_PLACEMENT_3D('',#12,#13,#14);
#12 = CARTESIAN_POINT('',(0.,0.,0.));
#13 = DIRECTION('',(0.,0.,1.));
#14 = DIRECTION('',(1.,0.,-0.));
#15 = MANIFOLD_SOLID_BREP('',#16);
#16 = CLOSED_SHELL('',(#17,#136,#250,#364,#478,#597,#716,#835,#954,#1073
    ,#1192,#1311,#1430,#1552,#1674,#1796,#1918,#2037,#2156,#2278,#2401,
    #2515,#2634,#2757,#2871,#2974,#3076,#3178,#3280,#3395,#3510,#3612,
    #3723,#3834,#3945,#4056,#4172,#4253,#4365,#4422,#4524,#4673,#4822,
    #4971,#5120,#5269,#5427,#6856,#8301,#8424,#8547,#8670,#8753,#8836,
    #8919,#9002,#9125,#9208,#9318,#9350,#9428,#9499,#9548,#9624,#9652,
    #9657,#9783,#9836,#9870,#9877,#9884,#9891,#9898,#9905,#9912,#9919,
    #9926,#9933,#9940,#9947,#9977,#9984,#10062,#10135,#10184,#10233,
    #10261,#10289,#10317,#10324,#10352,#10380,#10387,#10436,#10464,
    #10492,#10520,#10548,#10555,#10583,#10590,#10597,#10604,#10611,
    #10734,#10761,#10813,#11014,#11131,#11268,#11315,#11366,#11393,
    #11443,#11450,#11478,#11485,#11513,#11541,#11569,#11577,#11605,
    #11633,#11640,#11668,#11696,#11703,#11826,#11853,#11905,#12028,
    #12055,#12107,#12230,#12257,#12309,#12432,#12459,#12511,#12712,
    #12829,#12966,#13167,#13284,#13421,#13622,#13739,#13876,#14077,
    #14194,#14331,#14378,#14429,#14456,#14503,#14554,#14581,#14628,
    #14679,#14706,#14753,#14804,#14831,#14881,#14888,#14916,#14923,
    #14951,#14979,#15007,#15015,#15043,#15071,#15078,#15106,#15134,
    #15141,#15191,#15198,#15226,#15233,#15261,#15289,#15317,#15325,
    #15353,#15381,#15388,#15416,#15444,#15451,#15501,#15508,#15536,
    #15543,#15571,#15599,#15627,#15635,#15663,#15691,#15698,#15726,
    #15754,#15761,#15811,#15818,#15846,#15853,#15881,#15909,#15937,
    #15945,#15973,#16001,#16008,#16036,#16064,#16071,#16078,#16085,
    #16092));
#17 = ADVANCED_FACE('',(#18),#33,.T.);
#18 = FACE_BOUND('',#19,.T.);
#19 = EDGE_LOOP('',(#20,#56,#85,#114));
#20 = ORIENTED_EDGE('',*,*,#21,.F.);
#21 = EDGE_CURVE('',#22,#24,#26,.T.);
#22 = VERTEX_POINT('',#23);
#23 = CARTESIAN_POINT('',(83.37,19.025,-4.5));
#24 = VERTEX_POINT('',#25);
#25 = CARTESIAN_POINT('',(86.17,19.025,-4.5));
#26 = SURFACE_CURVE('',#27,(#32,#44),.PCURVE_S1.);
#27 = CIRCLE('',#28,1.4);
#28 = AXIS2_PLACEMENT_3D('',#29,#30,#31);
#29 = CARTESIAN_POINT('',(84.77,19.025,-4.5));
#30 = DIRECTION('',(0.,0.,-1.));
#31 = DIRECTION('',(1.,0.,0.));
#32 = PCURVE('',#33,#38);
#33 = TOROIDAL_SURFACE('',#34,1.9,0.5);
#34 = AXIS2_PLACEMENT_3D('',#35,#36,#37);
#35 = CARTESIAN_POINT('',(84.77,19.025,-4.5));
#36 = DIRECTION('',(0.,0.,1.));
#37 = DIRECTION('',(1.,0.,-0.));
#38 = DEFINITIONAL_REPRESENTATION('',(#39),#43);
#39 = LINE('',#40,#41);
#40 = CARTESIAN_POINT('',(6.28318530718,3.14159265359));
#41 = VECTOR('',#42,1.);
#42 = DIRECTION('',(-1.,1.413579858428E-16));
#43 = ( GEOMETRIC_REPRESENTATION_CONTEXT(2) 
PARAMETRIC_REPRESENTATION_CONTEXT() REPRESENTATION_CONTEXT('2D SPACE',''
  ) );
#44 = PCURVE('',#45,#50);
#45 = CYLINDRICAL_SURFACE('',#46,1.4);
#46 = AXIS2_PLACEMENT_3D('',#47,#48,#49);
#47 = CARTESIAN_POINT('',(84.77,19.025,5.));
#48 = DIRECTION('',(-0.,-0.,-1.));
#49 = DIRECTION('',(-1.,0.,0.));
#50 = DEFINITIONAL_REPRESENTATION('',(#51),#55);
#51 = LINE('',#52,#53);
#52 = CARTESIAN_POINT('',(-3.14159265359,9.5));
#53 = VECTOR('',#54,1.);
#54 = DIRECTION('',(1.,0.));
#55 = ( GEOMETRIC_REPRESENTATION_CONTEXT(2) 
PARAMETRIC_REPRESENTATION_CONTEXT() REPRESENTATION_CONTEXT('2D SPACE',''
  ) );
#56 = ORIENTED_EDGE('',*,*,#57,.T.);
#57 = EDGE_CURVE('',#22,#58,#60,.T.);
#58 = VERTEX_POINT('',#59);
#59 = CARTESIAN_POINT('',(82.87,19.025,-5.));
#60 = SURFACE_CURVE('',#61,(#66,#73),.PCURVE_S1.);
#61 = CIRCLE('',#62,0.5);
#62 = AXIS2_PLACEMENT_3D('',#63,#64,#65);
#63 = CARTESIAN_POINT('',(82.87,19.025,-4.5));
#64 = DIRECTION('',(1.224646799147E-16,1.,-0.));
#65 = DIRECTION('',(-1.,1.224646799147E-16,0.));
#66 = PCURVE('',#33,#67);
#67 = DEFINITIONAL_REPRESENTATION('',(#68),#72);
#68 = LINE('',#69,#70);
#69 = CARTESIAN_POINT('',(3.14159265359,-4.440892098501E-16));
#70 = VECTOR('',#71,1.);
#71 = DIRECTION('',(0.,1.));
#72 = ( GEOMETRIC_REPRESENTATION_CONTEXT(2) 
PARAMETRIC_REPRESENTATION_CONTEXT() REPRESENTATION_CONTEXT('2D SPACE',''
  ) );
#73 = PCURVE('',#74,#79);
#74 = TOROIDAL_SURFACE('',#75,1.9,0.5);
#75 = AXIS2_PLACEMENT_3D('',#76,#77,#78);
#76 = CARTESIAN_POINT('',(84.77,19.025,-4.5));
#77 = DIRECTION('',(0.,0.,1.));
#78 = DIRECTION('',(1.,0.,-0.));
#79 = DEFINITIONAL_REPRESENTATION('',(#80),#84);
#80 = LINE('',#81,#82);
#81 = CARTESIAN_POINT('',(3.14159265359,-4.440892098501E-16));
#82 = VECTOR('',#83,1.);
#83 = DIRECTION('',(0.,1.));
#84 = ( GEOMETRIC_REPRESENTATION_CONTEXT(2) 
PARAMETRIC_REPRESENTATION_CONTEXT() REPRESENTATION_CONTEXT('2D SPACE',''
  ) );
#85 = ORIENTED_EDGE('',*,*,#86,.F.);
#86 = EDGE_CURVE('',#87,#58,#89,.T.);
#87 = VERTEX_POINT('',#88);
#88 = CARTESIAN_POINT('',(86.67,19.025,-5.));
#89 = SURFACE_CURVE('',#90,(#95,#102),.PCURVE_S1.);
#90 = CIRCLE('',#91,1.9);
#91 = AXIS2_PLACEMENT_3D('',#92,#93,#94);
#92 = CARTESIAN_POINT('',(84.77,19.025,-5.));
#93 = DIRECTION('',(0.,0.,1.));
#94 = DIRECTION('',(1.,0.,-0.));
#95 = PCURVE('',#33,#96);
#96 = DEFINITIONAL_REPRESENTATION('',(#97),#101);
#97 = LINE('',#98,#99);
#98 = CARTESIAN_POINT('',(0.,4.712388980385));
#99 = VECTOR('',#100,1.);
#100 = DIRECTION('',(1.,0.));
#101 = ( GEOMETRIC_REPRESENTATION_CONTEXT(2) 
PARAMETRIC_REPRESENTATION_CONTEXT() REPRESENTATION_CONTEXT('2D SPACE',''
  ) );
#102 = PCURVE('',#103,#108);
#103 = PLANE('',#104);
#104 = AXIS2_PLACEMENT_3D('',#105,#106,#107);
#105 = CARTESIAN_POINT('',(84.77,0.,-5.));
#106 = DIRECTION('',(0.,0.,1.));
#107 = DIRECTION('',(1.,0.,-0.));
#108 = DEFINITIONAL_REPRESENTATION('',(#109),#113);
#109 = CIRCLE('',#110,1.9);
#110 = AXIS2_PLACEMENT_2D('',#111,#112);
#111 = CARTESIAN_POINT('',(0.,19.025));
#112 = DIRECTION('',(1.,0.));
#113 = ( GEOMETRIC_REPRESENTATION_CONTEXT(2) 
PARAMETRIC_REPRESENTATION_CONTEXT() REPRESENTATION_CONTEXT('2D SPACE',''
  ) );
#114 = ORIENTED_EDGE('',*,*,#115,.F.);
#115 = EDGE_CURVE('',#24,#87,#116,.T.);
#116 = SURFACE_CURVE('',#117,(#122,#129),.PCURVE_S1.);
#117 = CIRCLE('',#118,0.5);
#118 = AXIS2_PLACEMENT_3D('',#119,#120,#121);
#119 = CARTESIAN_POINT('',(86.67,19.025,-4.5));
#120 = DIRECTION('',(0.,-1.,0.));
#121 = DIRECTION('',(0.,0.,-1.));
#122 = PCURVE('',#33,#123);
#123 = DEFINITIONAL_REPRESENTATION('',(#124),#128);
#124 = LINE('',#125,#126);
#125 = CARTESIAN_POINT('',(0.,-1.570796326795));
#126 = VECTOR('',#127,1.);
#127 = DIRECTION('',(0.,1.));
#128 = ( GEOMETRIC_REPRESENTATION_CONTEXT(2) 
PARAMETRIC_REPRESENTATION_CONTEXT() REPRESENTATION_CONTEXT('2D SPACE',''
  ) );
#129 = PCURVE('',#74,#130);
#130 = DEFINITIONAL_REPRESENTATION('',(#131),#135);
#131 = LINE('',#132,#133);
#132 = CARTESIAN_POINT('',(6.28318530718,-1.570796326795));
#133 = VECTOR('',#134,1.);
#134 = DIRECTION('',(0.,1.));
#135 = ( GEOMETRIC_REPRESENTATION_CONTEXT(2) 
PARAMETRIC_REPRESENTATION_CONTEXT() REPRESENTATION_CONTEXT('2D SPACE',''
  ) );
#136 = ADVANCED_FACE('',(#137),#152,.T.);
#137 = FACE_BOUND('',#138,.T.);
#138 = EDGE_LOOP('',(#139,#175,#204,#228));
#139 = ORIENTED_EDGE('',*,*,#140,.F.);
#140 = EDGE_CURVE('',#141,#143,#145,.T.);
#141 = VERTEX_POINT('',#142);
#142 = CARTESIAN_POINT('',(99.846133306999,9.5125,-4.5));
#143 = VERTEX_POINT('',#144);
#144 = CARTESIAN_POINT('',(102.64613330699,9.5125,-4.5));
#145 = SURFACE_CURVE('',#146,(#151,#163),.PCURVE_S1.);
#146 = CIRCLE('',#147,1.4);
#147 = AXIS2_PLACEMENT_3D('',#148,#149,#150);
#148 = CARTESIAN_POINT('',(101.24613330699,9.5125,-4.5));
#149 = DIRECTION('',(0.,0.,-1.));
#150 = DIRECTION('',(1.,0.,0.));
#151 = PCURVE('',#152,#157);
#152 = TOROIDAL_SURFACE('',#153,1.9,0.5);
#153 = AXIS2_PLACEMENT_3D('',#154,#155,#156);
#154 = CARTESIAN_POINT('',(101.24613330699,9.5125,-4.5));
#155 = DIRECTION('',(0.,0.,1.));
#156 = DIRECTION('',(1.,0.,-0.));
#157 = DEFINITIONAL_REPRESENTATION('',(#158),#162);
#158 = LINE('',#159,#160);
#159 = CARTESIAN_POINT('',(6.28318530718,3.14159265359));
#160 = VECTOR('',#161,1.);
#161 = DIRECTION('',(-1.,1.413579858428E-16));
#162 = ( GEOMETRIC_REPRESENTATION_CONTEXT(2) 
PARAMETRIC_REPRESENTATION_CONTEXT() REPRESENTATION_CONTEXT('2D SPACE',''
  ) );
#163 = PCURVE('',#164,#169);
#164 = CYLINDRICAL_SURFACE('',#165,1.4);
#165 = AXIS2_PLACEMENT_3D('',#166,#167,#168);
#166 = CARTESIAN_POINT('',(101.24613330699,9.5125,5.));
#167 = DIRECTION('',(-0.,-0.,-1.));
#168 = DIRECTION('',(-1.,0.,0.));
#169 = DEFINITIONAL_REPRESENTATION('',(#170),#174);
#170 = LINE('',#171,#172);
#171 = CARTESIAN_POINT('',(-3.14159265359,9.5));
#172 = VECTOR('',#173,1.);
#173 = DIRECTION('',(1.,0.));
#174 = ( GEOMETRIC_REPRESENTATION_CONTEXT(2) 
PARAMETRIC_REPRESENTATION_CONTEXT() REPRESENTATION_CONTEXT('2D SPACE',''
  ) );
#175 = ORIENTED_EDGE('',*,*,#176,.T.);
#176 = EDGE_CURVE('',#141,#177,#179,.T.);
#177 = VERTEX_POINT('',#178);
#178 = CARTESIAN_POINT('',(99.346133306999,9.5125,-5.));
#179 = SURFACE_CURVE('',#180,(#185,#192),.PCURVE_S1.);
#180 = CIRCLE('',#181,0.5);
#181 = AXIS2_PLACEMENT_3D('',#182,#183,#184);
#182 = CARTESIAN_POINT('',(99.346133306999,9.5125,-4.5));
#183 = DIRECTION('',(1.224646799147E-16,1.,-0.));
#184 = DIRECTION('',(-1.,1.224646799147E-16,0.));
#185 = PCURVE('',#152,#186);
#186 = DEFINITIONAL_REPRESENTATION('',(#187),#191);
#187 = LINE('',#188,#189);
#188 = CARTESIAN_POINT('',(3.14159265359,-4.440892098501E-16));
#189 = VECTOR('',#190,1.);
#190 = DIRECTION('',(0.,1.));
#191 = ( GEOMETRIC_REPRESENTATION_CONTEXT(2) 
PARAMETRIC_REPRESENTATION_CONTEXT() REPRESENTATION_CONTEXT('2D SPACE',''
  ) );
#192 = PCURVE('',#193,#198);
#193 = TOROIDAL_SURFACE('',#194,1.9,0.5);
#194 = AXIS2_PLACEMENT_3D('',#195,#196,#197);
#195 = CARTESIAN_POINT('',(101.24613330699,9.5125,-4.5));
#196 = DIRECTION('',(0.,0.,1.));
#197 = DIRECTION('',(1.,0.,-0.));
#198 = DEFINITIONAL_REPRESENTATION('',(#199),#203);
#199 = LINE('',#200,#201);
#200 = CARTESIAN_POINT('',(3.14159265359,-4.440892098501E-16));
#201 = VECTOR('',#202,1.);
#202 = DIRECTION('',(0.,1.));
#203 = ( GEOMETRIC_REPRESENTATION_CONTEXT(2) 
PARAMETRIC_REPRESENTATION_CONTEXT() REPRESENTATION_CONTEXT('2D SPACE',''
  ) );
#204 = ORIENTED_EDGE('',*,*,#205,.F.);
#205 = EDGE_CURVE('',#206,#177,#208,.T.);
#206 = VERTEX_POINT('',#207);
#207 = CARTESIAN_POINT('',(103.14613330699,9.5125,-5.));
#208 = SURFACE_CURVE('',#209,(#214,#221),.PCURVE_S1.);
#209 = CIRCLE('',#210,1.9);
#210 = AXIS2_PLACEMENT_3D('',#211,#212,#213);
#211 = CARTESIAN_POINT('',(101.24613330699,9.5125,-5.));
#212 = DIRECTION('',(0.,0.,1.));
#213 = DIRECTION('',(1.,0.,-0.));
#214 = PCURVE('',#152,#215);
#215 = DEFINITIONAL_REPRESENTATION('',(#216),#220);
#216 = LINE('',#217,#218);
#217 = CARTESIAN_POINT('',(0.,4.712388980385));
#218 = VECTOR('',#219,1.);
#219 = DIRECTION('',(1.,0.));
#220 = ( GEOMETRIC_REPRESENTATION_CONTEXT(2) 
PARAMETRIC_REPRESENTATION_CONTEXT() REPRESENTATION_CONTEXT('2D SPACE',''
  ) );
#221 = PCURVE('',#103,#222);
#222 = DEFINITIONAL_REPRESENTATION('',(#223),#227);
#223 = CIRCLE('',#224,1.9);
#224 = AXIS2_PLACEMENT_2D('',#225,#226);
#225 = CARTESIAN_POINT('',(16.476133306999,9.5125));
#226 = DIRECTION('',(1.,0.));
#227 = ( GEOMETRIC_REPRESENTATION_CONTEXT(2) 
PARAMETRIC_REPRESENTATION_CONTEXT() REPRESENTATION_CONTEXT('2D SPACE',''
  ) );
#228 = ORIENTED_EDGE('',*,*,#229,.F.);
#229 = EDGE_CURVE('',#143,#206,#230,.T.);
#230 = SURFACE_CURVE('',#231,(#236,#243),.PCURVE_S1.);
#231 = CIRCLE('',#232,0.5);
#232 = AXIS2_PLACEMENT_3D('',#233,#234,#235);
#233 = CARTESIAN_POINT('',(103.14613330699,9.5125,-4.5));
#234 = DIRECTION('',(0.,-1.,0.));
#235 = DIRECTION('',(0.,0.,-1.));
#236 = PCURVE('',#152,#237);
#237 = DEFINITIONAL_REPRESENTATION('',(#238),#242);
#238 = LINE('',#239,#240);
#239 = CARTESIAN_POINT('',(0.,-1.570796326795));
#240 = VECTOR('',#241,1.);
#241 = DIRECTION('',(0.,1.));
#242 = ( GEOMETRIC_REPRESENTATION_CONTEXT(2) 
PARAMETRIC_REPRESENTATION_CONTEXT() REPRESENTATION_CONTEXT('2D SPACE',''
  ) );
#243 = PCURVE('',#193,#244);
#244 = DEFINITIONAL_REPRESENTATION('',(#245),#249);
#245 = LINE('',#246,#247);
#246 = CARTESIAN_POINT('',(6.28318530718,-1.570796326795));
#247 = VECTOR('',#248,1.);
#248 = DIRECTION('',(0.,1.));
#249 = ( GEOMETRIC_REPRESENTATION_CONTEXT(2) 
PARAMETRIC_REPRESENTATION_CONTEXT() REPRESENTATION_CONTEXT('2D SPACE',''
  ) );
#250 = ADVANCED_FACE('',(#251),#266,.T.);
#251 = FACE_BOUND('',#252,.T.);
#252 = EDGE_LOOP('',(#253,#289,#318,#342));
#253 = ORIENTED_EDGE('',*,*,#254,.F.);
#254 = EDGE_CURVE('',#255,#257,#259,.T.);
#255 = VERTEX_POINT('',#256);
#256 = CARTESIAN_POINT('',(99.846133306999,-9.5125,-4.5));
#257 = VERTEX_POINT('',#258);
#258 = CARTESIAN_POINT('',(102.64613330699,-9.5125,-4.5));
#259 = SURFACE_CURVE('',#260,(#265,#277),.PCURVE_S1.);
#260 = CIRCLE('',#261,1.4);
#261 = AXIS2_PLACEMENT_3D('',#262,#263,#264);
#262 = CARTESIAN_POINT('',(101.24613330699,-9.5125,-4.5));
#263 = DIRECTION('',(0.,0.,-1.));
#264 = DIRECTION('',(1.,0.,0.));
#265 = PCURVE('',#266,#271);
#266 = TOROIDAL_SURFACE('',#267,1.9,0.5);
#267 = AXIS2_PLACEMENT_3D('',#268,#269,#270);
#268 = CARTESIAN_POINT('',(101.24613330699,-9.5125,-4.5));
#269 = DIRECTION('',(0.,0.,1.));
#270 = DIRECTION('',(1.,0.,-0.));
#271 = DEFINITIONAL_REPRESENTATION('',(#272),#276);
#272 = LINE('',#273,#274);
#273 = CARTESIAN_POINT('',(6.28318530718,3.14159265359));
#274 = VECTOR('',#275,1.);
#275 = DIRECTION('',(-1.,1.413579858428E-16));
#276 = ( GEOMETRIC_REPRESENTATION_CONTEXT(2) 
PARAMETRIC_REPRESENTATION_CONTEXT() REPRESENTATION_CONTEXT('2D SPACE',''
  ) );
#277 = PCURVE('',#278,#283);
#278 = CYLINDRICAL_SURFACE('',#279,1.4);
#279 = AXIS2_PLACEMENT_3D('',#280,#281,#282);
#280 = CARTESIAN_POINT('',(101.24613330699,-9.5125,5.));
#281 = DIRECTION('',(-0.,-0.,-1.));
#282 = DIRECTION('',(-1.,0.,0.));
#283 = DEFINITIONAL_REPRESENTATION('',(#284),#288);
#284 = LINE('',#285,#286);
#285 = CARTESIAN_POINT('',(-3.14159265359,9.5));
#286 = VECTOR('',#287,1.);
#287 = DIRECTION('',(1.,0.));
#288 = ( GEOMETRIC_REPRESENTATION_CONTEXT(2) 
PARAMETRIC_REPRESENTATION_CONTEXT() REPRESENTATION_CONTEXT('2D SPACE',''
  ) );
#289 = ORIENTED_EDGE('',*,*,#290,.T.);
#290 = EDGE_CURVE('',#255,#291,#293,.T.);
#291 = VERTEX_POINT('',#292);
#292 = CARTESIAN_POINT('',(99.346133306999,-9.5125,-5.));
#293 = SURFACE_CURVE('',#294,(#299,#306),.PCURVE_S1.);
#294 = CIRCLE('',#295,0.5);
#295 = AXIS2_PLACEMENT_3D('',#296,#297,#298);
#296 = CARTESIAN_POINT('',(99.346133306999,-9.5125,-4.5));
#297 = DIRECTION('',(1.224646799147E-16,1.,-0.));
#298 = DIRECTION('',(-1.,1.224646799147E-16,0.));
#299 = PCURVE('',#266,#300);
#300 = DEFINITIONAL_REPRESENTATION('',(#301),#305);
#301 = LINE('',#302,#303);
#302 = CARTESIAN_POINT('',(3.14159265359,-4.440892098501E-16));
#303 = VECTOR('',#304,1.);
#304 = DIRECTION('',(0.,1.));
#305 = ( GEOMETRIC_REPRESENTATION_CONTEXT(2) 
PARAMETRIC_REPRESENTATION_CONTEXT() REPRESENTATION_CONTEXT('2D SPACE',''
  ) );
#306 = PCURVE('',#307,#312);
#307 = TOROIDAL_SURFACE('',#308,1.9,0.5);
#308 = AXIS2_PLACEMENT_3D('',#309,#310,#311);
#309 = CARTESIAN_POINT('',(101.24613330699,-9.5125,-4.5));
#310 = DIRECTION('',(0.,0.,1.));
#311 = DIRECTION('',(1.,0.,-0.));
#312 = DEFINITIONAL_REPRESENTATION('',(#313),#317);
#313 = LINE('',#314,#315);
#314 = CARTESIAN_POINT('',(3.14159265359,-4.440892098501E-16));
#315 = VECTOR('',#316,1.);
#316 = DIRECTION('',(0.,1.));
#317 = ( GEOMETRIC_REPRESENTATION_CONTEXT(2) 
PARAMETRIC_REPRESENTATION_CONTEXT() REPRESENTATION_CONTEXT('2D SPACE',''
  ) );
#318 = ORIENTED_EDGE('',*,*,#319,.F.);
#319 = EDGE_CURVE('',#320,#291,#322,.T.);
#320 = VERTEX_POINT('',#321);
#321 = CARTESIAN_POINT('',(103.14613330699,-9.5125,-5.));
#322 = SURFACE_CURVE('',#323,(#328,#335),.PCURVE_S1.);
#323 = CIRCLE('',#324,1.9);
#324 = AXIS2_PLACEMENT_3D('',#325,#326,#327);
#325 = CARTESIAN_POINT('',(101.24613330699,-9.5125,-5.));
#326 = DIRECTION('',(0.,0.,1.));
#327 = DIRECTION('',(1.,0.,-0.));
#328 = PCURVE('',#266,#329);
#329 = DEFINITIONAL_REPRESENTATION('',(#330),#334);
#330 = LINE('',#331,#332);
#331 = CARTESIAN_POINT('',(0.,4.712388980385));
#332 = VECTOR('',#333,1.);
#333 = DIRECTION('',(1.,0.));
#334 = ( GEOMETRIC_REPRESENTATION_CONTEXT(2) 
PARAMETRIC_REPRESENTATION_CONTEXT() REPRESENTATION_CONTEXT('2D SPACE',''
  ) );
#335 = PCURVE('',#103,#336);
#336 = DEFINITIONAL_REPRESENTATION('',(#337),#341);
#337 = CIRCLE('',#338,1.9);
#338 = AXIS2_PLACEMENT_2D('',#339,#340);
#339 = CARTESIAN_POINT('',(16.476133306999,-9.5125));
#340 = DIRECTION('',(1.,0.));
#341 = ( GEOMETRIC_REPRESENTATION_CONTEXT(2) 
PARAMETRIC_REPRESENTATION_CONTEXT() REPRESENTATION_CONTEXT('2D SPACE',''
  ) );
#342 = ORIENTED_EDGE('',*,*,#343,.F.);
#343 = EDGE_CURVE('',#257,#320,#344,.T.);
#344 = SURFACE_CURVE('',#345,(#350,#357),.PCURVE_S1.);
#345 = CIRCLE('',#346,0.5);
#346 = AXIS2_PLACEMENT_3D('',#347,#348,#349);
#347 = CARTESIAN_POINT('',(103.14613330699,-9.5125,-4.5));
#348 = DIRECTION('',(0.,-1.,0.));
#349 = DIRECTION('',(0.,0.,-1.));
#350 = PCURVE('',#266,#351);
#351 = DEFINITIONAL_REPRESENTATION('',(#352),#356);
#352 = LINE('',#353,#354);
#353 = CARTESIAN_POINT('',(0.,-1.570796326795));
#354 = VECTOR('',#355,1.);
#355 = DIRECTION('',(0.,1.));
#356 = ( GEOMETRIC_REPRESENTATION_CONTEXT(2) 
PARAMETRIC_REPRESENTATION_CONTEXT() REPRESENTATION_CONTEXT('2D SPACE',''
  ) );
#357 = PCURVE('',#307,#358);
#358 = DEFINITIONAL_REPRESENTATION('',(#359),#363);
#359 = LINE('',#360,#361);
#360 = CARTESIAN_POINT('',(6.28318530718,-1.570796326795));
#361 = VECTOR('',#362,1.);
#362 = DIRECTION('',(0.,1.));
#363 = ( GEOMETRIC_REPRESENTATION_CONTEXT(2) 
PARAMETRIC_REPRESENTATION_CONTEXT() REPRESENTATION_CONTEXT('2D SPACE',''
  ) );
#364 = ADVANCED_FACE('',(#365),#380,.T.);
#365 = FACE_BOUND('',#366,.T.);
#366 = EDGE_LOOP('',(#367,#403,#432,#456));
#367 = ORIENTED_EDGE('',*,*,#368,.F.);
#368 = EDGE_CURVE('',#369,#371,#373,.T.);
#369 = VERTEX_POINT('',#370);
#370 = CARTESIAN_POINT('',(66.893866693001,9.5125,-4.5));
#371 = VERTEX_POINT('',#372);
#372 = CARTESIAN_POINT('',(69.693866693001,9.5125,-4.5));
#373 = SURFACE_CURVE('',#374,(#379,#391),.PCURVE_S1.);
#374 = CIRCLE('',#375,1.4);
#375 = AXIS2_PLACEMENT_3D('',#376,#377,#378);
#376 = CARTESIAN_POINT('',(68.293866693001,9.5125,-4.5));
#377 = DIRECTION('',(0.,0.,-1.));
#378 = DIRECTION('',(1.,0.,0.));
#379 = PCURVE('',#380,#385);
#380 = TOROIDAL_SURFACE('',#381,1.9,0.5);
#381 = AXIS2_PLACEMENT_3D('',#382,#383,#384);
#382 = CARTESIAN_POINT('',(68.293866693001,9.5125,-4.5));
#383 = DIRECTION('',(0.,0.,1.));
#384 = DIRECTION('',(1.,0.,-0.));
#385 = DEFINITIONAL_REPRESENTATION('',(#386),#390);
#386 = LINE('',#387,#388);
#387 = CARTESIAN_POINT('',(6.28318530718,3.14159265359));
#388 = VECTOR('',#389,1.);
#389 = DIRECTION('',(-1.,1.413579858428E-16));
#390 = ( GEOMETRIC_REPRESENTATION_CONTEXT(2) 
PARAMETRIC_REPRESENTATION_CONTEXT() REPRESENTATION_CONTEXT('2D SPACE',''
  ) );
#391 = PCURVE('',#392,#397);
#392 = CYLINDRICAL_SURFACE('',#393,1.4);
#393 = AXIS2_PLACEMENT_3D('',#394,#395,#396);
#394 = CARTESIAN_POINT('',(68.293866693001,9.5125,5.));
#395 = DIRECTION('',(-0.,-0.,-1.));
#396 = DIRECTION('',(-1.,0.,0.));
#397 = DEFINITIONAL_REPRESENTATION('',(#398),#402);
#398 = LINE('',#399,#400);
#399 = CARTESIAN_POINT('',(-3.14159265359,9.5));
#400 = VECTOR('',#401,1.);
#401 = DIRECTION('',(1.,0.));
#402 = ( GEOMETRIC_REPRESENTATION_CONTEXT(2) 
PARAMETRIC_REPRESENTATION_CONTEXT() REPRESENTATION_CONTEXT('2D SPACE',''
  ) );
#403 = ORIENTED_EDGE('',*,*,#404,.T.);
#404 = EDGE_CURVE('',#369,#405,#407,.T.);
#405 = VERTEX_POINT('',#406);
#406 = CARTESIAN_POINT('',(66.393866693001,9.5125,-5.));
#407 = SURFACE_CURVE('',#408,(#413,#420),.PCURVE_S1.);
#408 = CIRCLE('',#409,0.5);
#409 = AXIS2_PLACEMENT_3D('',#410,#411,#412);
#410 = CARTESIAN_POINT('',(66.393866693001,9.5125,-4.5));
#411 = DIRECTION('',(1.224646799147E-16,1.,-0.));
#412 = DIRECTION('',(-1.,1.224646799147E-16,0.));
#413 = PCURVE('',#380,#414);
#414 = DEFINITIONAL_REPRESENTATION('',(#415),#419);
#415 = LINE('',#416,#417);
#416 = CARTESIAN_POINT('',(3.14159265359,-4.440892098501E-16));
#417 = VECTOR('',#418,1.);
#418 = DIRECTION('',(0.,1.));
#419 = ( GEOMETRIC_REPRESENTATION_CONTEXT(2) 
PARAMETRIC_REPRESENTATION_CONTEXT() REPRESENTATION_CONTEXT('2D SPACE',''
  ) );
#420 = PCURVE('',#421,#426);
#421 = TOROIDAL_SURFACE('',#422,1.9,0.5);
#422 = AXIS2_PLACEMENT_3D('',#423,#424,#425);
#423 = CARTESIAN_POINT('',(68.293866693001,9.5125,-4.5));
#424 = DIRECTION('',(0.,0.,1.));
#425 = DIRECTION('',(1.,0.,-0.));
#426 = DEFINITIONAL_REPRESENTATION('',(#427),#431);
#427 = LINE('',#428,#429);
#428 = CARTESIAN_POINT('',(3.14159265359,-4.440892098501E-16));
#429 = VECTOR('',#430,1.);
#430 = DIRECTION('',(0.,1.));
#431 = ( GEOMETRIC_REPRESENTATION_CONTEXT(2) 
PARAMETRIC_REPRESENTATION_CONTEXT() REPRESENTATION_CONTEXT('2D SPACE',''
  ) );
#432 = ORIENTED_EDGE('',*,*,#433,.F.);
#433 = EDGE_CURVE('',#434,#405,#436,.T.);
#434 = VERTEX_POINT('',#435);
#435 = CARTESIAN_POINT('',(70.193866693001,9.5125,-5.));
#436 = SURFACE_CURVE('',#437,(#442,#449),.PCURVE_S1.);
#437 = CIRCLE('',#438,1.9);
#438 = AXIS2_PLACEMENT_3D('',#439,#440,#441);
#439 = CARTESIAN_POINT('',(68.293866693001,9.5125,-5.));
#440 = DIRECTION('',(0.,0.,1.));
#441 = DIRECTION('',(1.,0.,-0.));
#442 = PCURVE('',#380,#443);
#443 = DEFINITIONAL_REPRESENTATION('',(#444),#448);
#444 = LINE('',#445,#446);
#445 = CARTESIAN_POINT('',(0.,4.712388980385));
#446 = VECTOR('',#447,1.);
#447 = DIRECTION('',(1.,0.));
#448 = ( GEOMETRIC_REPRESENTATION_CONTEXT(2) 
PARAMETRIC_REPRESENTATION_CONTEXT() REPRESENTATION_CONTEXT('2D SPACE',''
  ) );
#449 = PCURVE('',#103,#450);
#450 = DEFINITIONAL_REPRESENTATION('',(#451),#455);
#451 = CIRCLE('',#452,1.9);
#452 = AXIS2_PLACEMENT_2D('',#453,#454);
#453 = CARTESIAN_POINT('',(-16.47613330699,9.5125));
#454 = DIRECTION('',(1.,0.));
#455 = ( GEOMETRIC_REPRESENTATION_CONTEXT(2) 
PARAMETRIC_REPRESENTATION_CONTEXT() REPRESENTATION_CONTEXT('2D SPACE',''
  ) );
#456 = ORIENTED_EDGE('',*,*,#457,.F.);
#457 = EDGE_CURVE('',#371,#434,#458,.T.);
#458 = SURFACE_CURVE('',#459,(#464,#471),.PCURVE_S1.);
#459 = CIRCLE('',#460,0.5);
#460 = AXIS2_PLACEMENT_3D('',#461,#462,#463);
#461 = CARTESIAN_POINT('',(70.193866693001,9.5125,-4.5));
#462 = DIRECTION('',(0.,-1.,0.));
#463 = DIRECTION('',(0.,0.,-1.));
#464 = PCURVE('',#380,#465);
#465 = DEFINITIONAL_REPRESENTATION('',(#466),#470);
#466 = LINE('',#467,#468);
#467 = CARTESIAN_POINT('',(0.,-1.570796326795));
#468 = VECTOR('',#469,1.);
#469 = DIRECTION('',(0.,1.));
#470 = ( GEOMETRIC_REPRESENTATION_CONTEXT(2) 
PARAMETRIC_REPRESENTATION_CONTEXT() REPRESENTATION_CONTEXT('2D SPACE',''
  ) );
#471 = PCURVE('',#421,#472);
#472 = DEFINITIONAL_REPRESENTATION('',(#473),#477);
#473 = LINE('',#474,#475);
#474 = CARTESIAN_POINT('',(6.28318530718,-1.570796326795));
#475 = VECTOR('',#476,1.);
#476 = DIRECTION('',(0.,1.));
#477 = ( GEOMETRIC_REPRESENTATION_CONTEXT(2) 
PARAMETRIC_REPRESENTATION_CONTEXT() REPRESENTATION_CONTEXT('2D SPACE',''
  ) );
#478 = ADVANCED_FACE('',(#479),#494,.T.);
#479 = FACE_BOUND('',#480,.T.);
#480 = EDGE_LOOP('',(#481,#517,#546,#570));
#481 = ORIENTED_EDGE('',*,*,#482,.F.);
#482 = EDGE_CURVE('',#483,#485,#487,.T.);
#483 = VERTEX_POINT('',#484);
#484 = CARTESIAN_POINT('',(-61.23,5.,-4.));
#485 = VERTEX_POINT('',#486);
#486 = CARTESIAN_POINT('',(-62.23,4.,-4.));
#487 = SURFACE_CURVE('',#488,(#493,#505),.PCURVE_S1.);
#488 = CIRCLE('',#489,1.);
#489 = AXIS2_PLACEMENT_3D('',#490,#491,#492);
#490 = CARTESIAN_POINT('',(-62.23,5.,-4.));
#491 = DIRECTION('',(0.,0.,-1.));
#492 = DIRECTION('',(1.,0.,0.));
#493 = PCURVE('',#494,#499);
#494 = TOROIDAL_SURFACE('',#495,2.,1.);
#495 = AXIS2_PLACEMENT_3D('',#496,#497,#498);
#496 = CARTESIAN_POINT('',(-62.23,5.,-4.));
#497 = DIRECTION('',(0.,0.,1.));
#498 = DIRECTION('',(1.,0.,-0.));
#499 = DEFINITIONAL_REPRESENTATION('',(#500),#504);
#500 = LINE('',#501,#502);
#501 = CARTESIAN_POINT('',(6.28318530718,3.14159265359));
#502 = VECTOR('',#503,1.);
#503 = DIRECTION('',(-1.,0.));
#504 = ( GEOMETRIC_REPRESENTATION_CONTEXT(2) 
PARAMETRIC_REPRESENTATION_CONTEXT() REPRESENTATION_CONTEXT('2D SPACE',''
  ) );
#505 = PCURVE('',#506,#511);
#506 = CYLINDRICAL_SURFACE('',#507,1.);
#507 = AXIS2_PLACEMENT_3D('',#508,#509,#510);
#508 = CARTESIAN_POINT('',(-62.23,5.,5.));
#509 = DIRECTION('',(-0.,-0.,-1.));
#510 = DIRECTION('',(-1.,0.,0.));
#511 = DEFINITIONAL_REPRESENTATION('',(#512),#516);
#512 = LINE('',#513,#514);
#513 = CARTESIAN_POINT('',(3.14159265359,9.));
#514 = VECTOR('',#515,1.);
#515 = DIRECTION('',(1.,0.));
#516 = ( GEOMETRIC_REPRESENTATION_CONTEXT(2) 
PARAMETRIC_REPRESENTATION_CONTEXT() REPRESENTATION_CONTEXT('2D SPACE',''
  ) );
#517 = ORIENTED_EDGE('',*,*,#518,.T.);
#518 = EDGE_CURVE('',#483,#519,#521,.T.);
#519 = VERTEX_POINT('',#520);
#520 = CARTESIAN_POINT('',(-60.23,5.,-5.));
#521 = SURFACE_CURVE('',#522,(#527,#534),.PCURVE_S1.);
#522 = CIRCLE('',#523,1.);
#523 = AXIS2_PLACEMENT_3D('',#524,#525,#526);
#524 = CARTESIAN_POINT('',(-60.23,5.,-4.));
#525 = DIRECTION('',(0.,-1.,0.));
#526 = DIRECTION('',(0.,0.,-1.));
#527 = PCURVE('',#494,#528);
#528 = DEFINITIONAL_REPRESENTATION('',(#529),#533);
#529 = LINE('',#530,#531);
#530 = CARTESIAN_POINT('',(6.28318530718,-1.570796326795));
#531 = VECTOR('',#532,1.);
#532 = DIRECTION('',(0.,1.));
#533 = ( GEOMETRIC_REPRESENTATION_CONTEXT(2) 
PARAMETRIC_REPRESENTATION_CONTEXT() REPRESENTATION_CONTEXT('2D SPACE',''
  ) );
#534 = PCURVE('',#535,#540);
#535 = TOROIDAL_SURFACE('',#536,2.,1.);
#536 = AXIS2_PLACEMENT_3D('',#537,#538,#539);
#537 = CARTESIAN_POINT('',(-62.23,5.,-4.));
#538 = DIRECTION('',(0.,0.,1.));
#539 = DIRECTION('',(1.,0.,-0.));
#540 = DEFINITIONAL_REPRESENTATION('',(#541),#545);
#541 = LINE('',#542,#543);
#542 = CARTESIAN_POINT('',(0.,-1.570796326795));
#543 = VECTOR('',#544,1.);
#544 = DIRECTION('',(0.,1.));
#545 = ( GEOMETRIC_REPRESENTATION_CONTEXT(2) 
PARAMETRIC_REPRESENTATION_CONTEXT() REPRESENTATION_CONTEXT('2D SPACE',''
  ) );
#546 = ORIENTED_EDGE('',*,*,#547,.F.);
#547 = EDGE_CURVE('',#548,#519,#550,.T.);
#548 = VERTEX_POINT('',#549);
#549 = CARTESIAN_POINT('',(-62.23,3.,-5.));
#550 = SURFACE_CURVE('',#551,(#556,#563),.PCURVE_S1.);
#551 = CIRCLE('',#552,2.);
#552 = AXIS2_PLACEMENT_3D('',#553,#554,#555);
#553 = CARTESIAN_POINT('',(-62.23,5.,-5.));
#554 = DIRECTION('',(0.,0.,1.));
#555 = DIRECTION('',(1.,0.,-0.));
#556 = PCURVE('',#494,#557);
#557 = DEFINITIONAL_REPRESENTATION('',(#558),#562);
#558 = LINE('',#559,#560);
#559 = CARTESIAN_POINT('',(0.,4.712388980385));
#560 = VECTOR('',#561,1.);
#561 = DIRECTION('',(1.,-1.130863886743E-15));
#562 = ( GEOMETRIC_REPRESENTATION_CONTEXT(2) 
PARAMETRIC_REPRESENTATION_CONTEXT() REPRESENTATION_CONTEXT('2D SPACE',''
  ) );
#563 = PCURVE('',#103,#564);
#564 = DEFINITIONAL_REPRESENTATION('',(#565),#569);
#565 = CIRCLE('',#566,2.);
#566 = AXIS2_PLACEMENT_2D('',#567,#568);
#567 = CARTESIAN_POINT('',(-147.,5.));
#568 = DIRECTION('',(1.,0.));
#569 = ( GEOMETRIC_REPRESENTATION_CONTEXT(2) 
PARAMETRIC_REPRESENTATION_CONTEXT() REPRESENTATION_CONTEXT('2D SPACE',''
  ) );
#570 = ORIENTED_EDGE('',*,*,#571,.F.);
#571 = EDGE_CURVE('',#485,#548,#572,.T.);
#572 = SURFACE_CURVE('',#573,(#578,#585),.PCURVE_S1.);
#573 = CIRCLE('',#574,1.);
#574 = AXIS2_PLACEMENT_3D('',#575,#576,#577);
#575 = CARTESIAN_POINT('',(-62.23,3.,-4.));
#576 = DIRECTION('',(-1.,0.,0.));
#577 = DIRECTION('',(0.,0.,1.));
#578 = PCURVE('',#494,#579);
#579 = DEFINITIONAL_REPRESENTATION('',(#580),#584);
#580 = LINE('',#581,#582);
#581 = CARTESIAN_POINT('',(4.712388980385,1.570796326795));
#582 = VECTOR('',#583,1.);
#583 = DIRECTION('',(0.,1.));
#584 = ( GEOMETRIC_REPRESENTATION_CONTEXT(2) 
PARAMETRIC_REPRESENTATION_CONTEXT() REPRESENTATION_CONTEXT('2D SPACE',''
  ) );
#585 = PCURVE('',#586,#591);
#586 = CYLINDRICAL_SURFACE('',#587,1.);
#587 = AXIS2_PLACEMENT_3D('',#588,#589,#590);
#588 = CARTESIAN_POINT('',(-62.23,3.,-4.));
#589 = DIRECTION('',(-1.,1.445602896647E-16,0.));
#590 = DIRECTION('',(-1.445602896647E-16,-1.,0.));
#591 = DEFINITIONAL_REPRESENTATION('',(#592),#596);
#592 = LINE('',#593,#594);
#593 = CARTESIAN_POINT('',(1.570796326795,0.));
#594 = VECTOR('',#595,1.);
#595 = DIRECTION('',(1.,0.));
#596 = ( GEOMETRIC_REPRESENTATION_CONTEXT(2) 
PARAMETRIC_REPRESENTATION_CONTEXT() REPRESENTATION_CONTEXT('2D SPACE',''
  ) );
#597 = ADVANCED_FACE('',(#598),#613,.T.);
#598 = FACE_BOUND('',#599,.T.);
#599 = EDGE_LOOP('',(#600,#636,#665,#689));
#600 = ORIENTED_EDGE('',*,*,#601,.F.);
#601 = EDGE_CURVE('',#602,#604,#606,.T.);
#602 = VERTEX_POINT('',#603);
#603 = CARTESIAN_POINT('',(-61.23,-5.,-4.));
#604 = VERTEX_POINT('',#605);
#605 = CARTESIAN_POINT('',(-62.23,-6.,-4.));
#606 = SURFACE_CURVE('',#607,(#612,#624),.PCURVE_S1.);
#607 = CIRCLE('',#608,1.);
#608 = AXIS2_PLACEMENT_3D('',#609,#610,#611);
#609 = CARTESIAN_POINT('',(-62.23,-5.,-4.));
#610 = DIRECTION('',(0.,0.,-1.));
#611 = DIRECTION('',(1.,0.,0.));
#612 = PCURVE('',#613,#618);
#613 = TOROIDAL_SURFACE('',#614,2.,1.);
#614 = AXIS2_PLACEMENT_3D('',#615,#616,#617);
#615 = CARTESIAN_POINT('',(-62.23,-5.,-4.));
#616 = DIRECTION('',(0.,0.,1.));
#617 = DIRECTION('',(1.,0.,-0.));
#618 = DEFINITIONAL_REPRESENTATION('',(#619),#623);
#619 = LINE('',#620,#621);
#620 = CARTESIAN_POINT('',(6.28318530718,3.14159265359));
#621 = VECTOR('',#622,1.);
#622 = DIRECTION('',(-1.,0.));
#623 = ( GEOMETRIC_REPRESENTATION_CONTEXT(2) 
PARAMETRIC_REPRESENTATION_CONTEXT() REPRESENTATION_CONTEXT('2D SPACE',''
  ) );
#624 = PCURVE('',#625,#630);
#625 = CYLINDRICAL_SURFACE('',#626,1.);
#626 = AXIS2_PLACEMENT_3D('',#627,#628,#629);
#627 = CARTESIAN_POINT('',(-62.23,-5.,5.));
#628 = DIRECTION('',(-0.,-0.,-1.));
#629 = DIRECTION('',(-1.,0.,0.));
#630 = DEFINITIONAL_REPRESENTATION('',(#631),#635);
#631 = LINE('',#632,#633);
#632 = CARTESIAN_POINT('',(3.14159265359,9.));
#633 = VECTOR('',#634,1.);
#634 = DIRECTION('',(1.,0.));
#635 = ( GEOMETRIC_REPRESENTATION_CONTEXT(2) 
PARAMETRIC_REPRESENTATION_CONTEXT() REPRESENTATION_CONTEXT('2D SPACE',''
  ) );
#636 = ORIENTED_EDGE('',*,*,#637,.T.);
#637 = EDGE_CURVE('',#602,#638,#640,.T.);
#638 = VERTEX_POINT('',#639);
#639 = CARTESIAN_POINT('',(-60.23,-5.,-5.));
#640 = SURFACE_CURVE('',#641,(#646,#653),.PCURVE_S1.);
#641 = CIRCLE('',#642,1.);
#642 = AXIS2_PLACEMENT_3D('',#643,#644,#645);
#643 = CARTESIAN_POINT('',(-60.23,-5.,-4.));
#644 = DIRECTION('',(0.,-1.,0.));
#645 = DIRECTION('',(0.,0.,-1.));
#646 = PCURVE('',#613,#647);
#647 = DEFINITIONAL_REPRESENTATION('',(#648),#652);
#648 = LINE('',#649,#650);
#649 = CARTESIAN_POINT('',(6.28318530718,-1.570796326795));
#650 = VECTOR('',#651,1.);
#651 = DIRECTION('',(0.,1.));
#652 = ( GEOMETRIC_REPRESENTATION_CONTEXT(2) 
PARAMETRIC_REPRESENTATION_CONTEXT() REPRESENTATION_CONTEXT('2D SPACE',''
  ) );
#653 = PCURVE('',#654,#659);
#654 = TOROIDAL_SURFACE('',#655,2.,1.);
#655 = AXIS2_PLACEMENT_3D('',#656,#657,#658);
#656 = CARTESIAN_POINT('',(-62.23,-5.,-4.));
#657 = DIRECTION('',(0.,0.,1.));
#658 = DIRECTION('',(1.,0.,-0.));
#659 = DEFINITIONAL_REPRESENTATION('',(#660),#664);
#660 = LINE('',#661,#662);
#661 = CARTESIAN_POINT('',(0.,-1.570796326795));
#662 = VECTOR('',#663,1.);
#663 = DIRECTION('',(0.,1.));
#664 = ( GEOMETRIC_REPRESENTATION_CONTEXT(2) 
PARAMETRIC_REPRESENTATION_CONTEXT() REPRESENTATION_CONTEXT('2D SPACE',''
  ) );
#665 = ORIENTED_EDGE('',*,*,#666,.F.);
#666 = EDGE_CURVE('',#667,#638,#669,.T.);
#667 = VERTEX_POINT('',#668);
#668 = CARTESIAN_POINT('',(-62.23,-7.,-5.));
#669 = SURFACE_CURVE('',#670,(#675,#682),.PCURVE_S1.);
#670 = CIRCLE('',#671,2.);
#671 = AXIS2_PLACEMENT_3D('',#672,#673,#674);
#672 = CARTESIAN_POINT('',(-62.23,-5.,-5.));
#673 = DIRECTION('',(0.,0.,1.));
#674 = DIRECTION('',(1.,0.,-0.));
#675 = PCURVE('',#613,#676);
#676 = DEFINITIONAL_REPRESENTATION('',(#677),#681);
#677 = LINE('',#678,#679);
#678 = CARTESIAN_POINT('',(0.,4.712388980385));
#679 = VECTOR('',#680,1.);
#680 = DIRECTION('',(1.,-1.130863886743E-15));
#681 = ( GEOMETRIC_REPRESENTATION_CONTEXT(2) 
PARAMETRIC_REPRESENTATION_CONTEXT() REPRESENTATION_CONTEXT('2D SPACE',''
  ) );
#682 = PCURVE('',#103,#683);
#683 = DEFINITIONAL_REPRESENTATION('',(#684),#688);
#684 = CIRCLE('',#685,2.);
#685 = AXIS2_PLACEMENT_2D('',#686,#687);
#686 = CARTESIAN_POINT('',(-147.,-5.));
#687 = DIRECTION('',(1.,0.));
#688 = ( GEOMETRIC_REPRESENTATION_CONTEXT(2) 
PARAMETRIC_REPRESENTATION_CONTEXT() REPRESENTATION_CONTEXT('2D SPACE',''
  ) );
#689 = ORIENTED_EDGE('',*,*,#690,.T.);
#690 = EDGE_CURVE('',#667,#604,#691,.T.);
#691 = SURFACE_CURVE('',#692,(#697,#704),.PCURVE_S1.);
#692 = CIRCLE('',#693,1.);
#693 = AXIS2_PLACEMENT_3D('',#694,#695,#696);
#694 = CARTESIAN_POINT('',(-62.23,-7.,-4.));
#695 = DIRECTION('',(1.,-0.,0.));
#696 = DIRECTION('',(0.,0.,-1.));
#697 = PCURVE('',#613,#698);
#698 = DEFINITIONAL_REPRESENTATION('',(#699),#703);
#699 = LINE('',#700,#701);
#700 = CARTESIAN_POINT('',(4.712388980385,4.712388980385));
#701 = VECTOR('',#702,1.);
#702 = DIRECTION('',(0.,-1.));
#703 = ( GEOMETRIC_REPRESENTATION_CONTEXT(2) 
PARAMETRIC_REPRESENTATION_CONTEXT() REPRESENTATION_CONTEXT('2D SPACE',''
  ) );
#704 = PCURVE('',#705,#710);
#705 = CYLINDRICAL_SURFACE('',#706,1.);
#706 = AXIS2_PLACEMENT_3D('',#707,#708,#709);
#707 = CARTESIAN_POINT('',(84.77,-7.,-4.));
#708 = DIRECTION('',(-1.,-1.445602896647E-16,0.));
#709 = DIRECTION('',(1.445602896647E-16,-1.,0.));
#710 = DEFINITIONAL_REPRESENTATION('',(#711),#715);
#711 = LINE('',#712,#713);
#712 = CARTESIAN_POINT('',(4.712388980385,147.));
#713 = VECTOR('',#714,1.);
#714 = DIRECTION('',(-1.,0.));
#715 = ( GEOMETRIC_REPRESENTATION_CONTEXT(2) 
PARAMETRIC_REPRESENTATION_CONTEXT() REPRESENTATION_CONTEXT('2D SPACE',''
  ) );
#716 = ADVANCED_FACE('',(#717),#732,.T.);
#717 = FACE_BOUND('',#718,.T.);
#718 = EDGE_LOOP('',(#719,#755,#784,#808));
#719 = ORIENTED_EDGE('',*,*,#720,.F.);
#720 = EDGE_CURVE('',#721,#723,#725,.T.);
#721 = VERTEX_POINT('',#722);
#722 = CARTESIAN_POINT('',(-31.23,5.,-4.));
#723 = VERTEX_POINT('',#724);
#724 = CARTESIAN_POINT('',(-32.23,4.,-4.));
#725 = SURFACE_CURVE('',#726,(#731,#743),.PCURVE_S1.);
#726 = CIRCLE('',#727,1.);
#727 = AXIS2_PLACEMENT_3D('',#728,#729,#730);
#728 = CARTESIAN_POINT('',(-32.23,5.,-4.));
#729 = DIRECTION('',(0.,0.,-1.));
#730 = DIRECTION('',(1.,0.,0.));
#731 = PCURVE('',#732,#737);
#732 = TOROIDAL_SURFACE('',#733,2.,1.);
#733 = AXIS2_PLACEMENT_3D('',#734,#735,#736);
#734 = CARTESIAN_POINT('',(-32.23,5.,-4.));
#735 = DIRECTION('',(0.,0.,1.));
#736 = DIRECTION('',(1.,0.,-0.));
#737 = DEFINITIONAL_REPRESENTATION('',(#738),#742);
#738 = LINE('',#739,#740);
#739 = CARTESIAN_POINT('',(6.28318530718,3.14159265359));
#740 = VECTOR('',#741,1.);
#741 = DIRECTION('',(-1.,0.));
#742 = ( GEOMETRIC_REPRESENTATION_CONTEXT(2) 
PARAMETRIC_REPRESENTATION_CONTEXT() REPRESENTATION_CONTEXT('2D SPACE',''
  ) );
#743 = PCURVE('',#744,#749);
#744 = CYLINDRICAL_SURFACE('',#745,1.);
#745 = AXIS2_PLACEMENT_3D('',#746,#747,#748);
#746 = CARTESIAN_POINT('',(-32.23,5.,5.));
#747 = DIRECTION('',(-0.,-0.,-1.));
#748 = DIRECTION('',(-1.,0.,0.));
#749 = DEFINITIONAL_REPRESENTATION('',(#750),#754);
#750 = LINE('',#751,#752);
#751 = CARTESIAN_POINT('',(3.14159265359,9.));
#752 = VECTOR('',#753,1.);
#753 = DIRECTION('',(1.,0.));
#754 = ( GEOMETRIC_REPRESENTATION_CONTEXT(2) 
PARAMETRIC_REPRESENTATION_CONTEXT() REPRESENTATION_CONTEXT('2D SPACE',''
  ) );
#755 = ORIENTED_EDGE('',*,*,#756,.T.);
#756 = EDGE_CURVE('',#721,#757,#759,.T.);
#757 = VERTEX_POINT('',#758);
#758 = CARTESIAN_POINT('',(-30.23,5.,-5.));
#759 = SURFACE_CURVE('',#760,(#765,#772),.PCURVE_S1.);
#760 = CIRCLE('',#761,1.);
#761 = AXIS2_PLACEMENT_3D('',#762,#763,#764);
#762 = CARTESIAN_POINT('',(-30.23,5.,-4.));
#763 = DIRECTION('',(0.,-1.,0.));
#764 = DIRECTION('',(0.,0.,-1.));
#765 = PCURVE('',#732,#766);
#766 = DEFINITIONAL_REPRESENTATION('',(#767),#771);
#767 = LINE('',#768,#769);
#768 = CARTESIAN_POINT('',(6.28318530718,-1.570796326795));
#769 = VECTOR('',#770,1.);
#770 = DIRECTION('',(0.,1.));
#771 = ( GEOMETRIC_REPRESENTATION_CONTEXT(2) 
PARAMETRIC_REPRESENTATION_CONTEXT() REPRESENTATION_CONTEXT('2D SPACE',''
  ) );
#772 = PCURVE('',#773,#778);
#773 = TOROIDAL_SURFACE('',#774,2.,1.);
#774 = AXIS2_PLACEMENT_3D('',#775,#776,#777);
#775 = CARTESIAN_POINT('',(-32.23,5.,-4.));
#776 = DIRECTION('',(0.,0.,1.));
#777 = DIRECTION('',(1.,0.,-0.));
#778 = DEFINITIONAL_REPRESENTATION('',(#779),#783);
#779 = LINE('',#780,#781);
#780 = CARTESIAN_POINT('',(0.,-1.570796326795));
#781 = VECTOR('',#782,1.);
#782 = DIRECTION('',(0.,1.));
#783 = ( GEOMETRIC_REPRESENTATION_CONTEXT(2) 
PARAMETRIC_REPRESENTATION_CONTEXT() REPRESENTATION_CONTEXT('2D SPACE',''
  ) );
#784 = ORIENTED_EDGE('',*,*,#785,.F.);
#785 = EDGE_CURVE('',#786,#757,#788,.T.);
#786 = VERTEX_POINT('',#787);
#787 = CARTESIAN_POINT('',(-32.23,3.,-5.));
#788 = SURFACE_CURVE('',#789,(#794,#801),.PCURVE_S1.);
#789 = CIRCLE('',#790,2.);
#790 = AXIS2_PLACEMENT_3D('',#791,#792,#793);
#791 = CARTESIAN_POINT('',(-32.23,5.,-5.));
#792 = DIRECTION('',(0.,0.,1.));
#793 = DIRECTION('',(1.,0.,-0.));
#794 = PCURVE('',#732,#795);
#795 = DEFINITIONAL_REPRESENTATION('',(#796),#800);
#796 = LINE('',#797,#798);
#797 = CARTESIAN_POINT('',(0.,4.712388980385));
#798 = VECTOR('',#799,1.);
#799 = DIRECTION('',(1.,1.130863886743E-15));
#800 = ( GEOMETRIC_REPRESENTATION_CONTEXT(2) 
PARAMETRIC_REPRESENTATION_CONTEXT() REPRESENTATION_CONTEXT('2D SPACE',''
  ) );
#801 = PCURVE('',#103,#802);
#802 = DEFINITIONAL_REPRESENTATION('',(#803),#807);
#803 = CIRCLE('',#804,2.);
#804 = AXIS2_PLACEMENT_2D('',#805,#806);
#805 = CARTESIAN_POINT('',(-117.,5.));
#806 = DIRECTION('',(1.,0.));
#807 = ( GEOMETRIC_REPRESENTATION_CONTEXT(2) 
PARAMETRIC_REPRESENTATION_CONTEXT() REPRESENTATION_CONTEXT('2D SPACE',''
  ) );
#808 = ORIENTED_EDGE('',*,*,#809,.F.);
#809 = EDGE_CURVE('',#723,#786,#810,.T.);
#810 = SURFACE_CURVE('',#811,(#816,#823),.PCURVE_S1.);
#811 = CIRCLE('',#812,1.);
#812 = AXIS2_PLACEMENT_3D('',#813,#814,#815);
#813 = CARTESIAN_POINT('',(-32.23,3.,-4.));
#814 = DIRECTION('',(-1.,0.,0.));
#815 = DIRECTION('',(0.,0.,1.));
#816 = PCURVE('',#732,#817);
#817 = DEFINITIONAL_REPRESENTATION('',(#818),#822);
#818 = LINE('',#819,#820);
#819 = CARTESIAN_POINT('',(4.712388980385,1.570796326795));
#820 = VECTOR('',#821,1.);
#821 = DIRECTION('',(0.,1.));
#822 = ( GEOMETRIC_REPRESENTATION_CONTEXT(2) 
PARAMETRIC_REPRESENTATION_CONTEXT() REPRESENTATION_CONTEXT('2D SPACE',''
  ) );
#823 = PCURVE('',#824,#829);
#824 = CYLINDRICAL_SURFACE('',#825,1.);
#825 = AXIS2_PLACEMENT_3D('',#826,#827,#828);
#826 = CARTESIAN_POINT('',(-32.23,3.,-4.));
#827 = DIRECTION('',(-1.,1.445602896647E-16,0.));
#828 = DIRECTION('',(-1.445602896647E-16,-1.,0.));
#829 = DEFINITIONAL_REPRESENTATION('',(#830),#834);
#830 = LINE('',#831,#832);
#831 = CARTESIAN_POINT('',(1.570796326795,0.));
#832 = VECTOR('',#833,1.);
#833 = DIRECTION('',(1.,0.));
#834 = ( GEOMETRIC_REPRESENTATION_CONTEXT(2) 
PARAMETRIC_REPRESENTATION_CONTEXT() REPRESENTATION_CONTEXT('2D SPACE',''
  ) );
#835 = ADVANCED_FACE('',(#836),#851,.T.);
#836 = FACE_BOUND('',#837,.T.);
#837 = EDGE_LOOP('',(#838,#874,#903,#927));
#838 = ORIENTED_EDGE('',*,*,#839,.F.);
#839 = EDGE_CURVE('',#840,#842,#844,.T.);
#840 = VERTEX_POINT('',#841);
#841 = CARTESIAN_POINT('',(-31.23,-5.,-4.));
#842 = VERTEX_POINT('',#843);
#843 = CARTESIAN_POINT('',(-32.23,-6.,-4.));
#844 = SURFACE_CURVE('',#845,(#850,#862),.PCURVE_S1.);
#845 = CIRCLE('',#846,1.);
#846 = AXIS2_PLACEMENT_3D('',#847,#848,#849);
#847 = CARTESIAN_POINT('',(-32.23,-5.,-4.));
#848 = DIRECTION('',(0.,0.,-1.));
#849 = DIRECTION('',(1.,0.,0.));
#850 = PCURVE('',#851,#856);
#851 = TOROIDAL_SURFACE('',#852,2.,1.);
#852 = AXIS2_PLACEMENT_3D('',#853,#854,#855);
#853 = CARTESIAN_POINT('',(-32.23,-5.,-4.));
#854 = DIRECTION('',(0.,0.,1.));
#855 = DIRECTION('',(1.,0.,-0.));
#856 = DEFINITIONAL_REPRESENTATION('',(#857),#861);
#857 = LINE('',#858,#859);
#858 = CARTESIAN_POINT('',(6.28318530718,3.14159265359));
#859 = VECTOR('',#860,1.);
#860 = DIRECTION('',(-1.,0.));
#861 = ( GEOMETRIC_REPRESENTATION_CONTEXT(2) 
PARAMETRIC_REPRESENTATION_CONTEXT() REPRESENTATION_CONTEXT('2D SPACE',''
  ) );
#862 = PCURVE('',#863,#868);
#863 = CYLINDRICAL_SURFACE('',#864,1.);
#864 = AXIS2_PLACEMENT_3D('',#865,#866,#867);
#865 = CARTESIAN_POINT('',(-32.23,-5.,5.));
#866 = DIRECTION('',(-0.,-0.,-1.));
#867 = DIRECTION('',(-1.,0.,0.));
#868 = DEFINITIONAL_REPRESENTATION('',(#869),#873);
#869 = LINE('',#870,#871);
#870 = CARTESIAN_POINT('',(3.14159265359,9.));
#871 = VECTOR('',#872,1.);
#872 = DIRECTION('',(1.,0.));
#873 = ( GEOMETRIC_REPRESENTATION_CONTEXT(2) 
PARAMETRIC_REPRESENTATION_CONTEXT() REPRESENTATION_CONTEXT('2D SPACE',''
  ) );
#874 = ORIENTED_EDGE('',*,*,#875,.T.);
#875 = EDGE_CURVE('',#840,#876,#878,.T.);
#876 = VERTEX_POINT('',#877);
#877 = CARTESIAN_POINT('',(-30.23,-5.,-5.));
#878 = SURFACE_CURVE('',#879,(#884,#891),.PCURVE_S1.);
#879 = CIRCLE('',#880,1.);
#880 = AXIS2_PLACEMENT_3D('',#881,#882,#883);
#881 = CARTESIAN_POINT('',(-30.23,-5.,-4.));
#882 = DIRECTION('',(0.,-1.,0.));
#883 = DIRECTION('',(0.,0.,-1.));
#884 = PCURVE('',#851,#885);
#885 = DEFINITIONAL_REPRESENTATION('',(#886),#890);
#886 = LINE('',#887,#888);
#887 = CARTESIAN_POINT('',(6.28318530718,-1.570796326795));
#888 = VECTOR('',#889,1.);
#889 = DIRECTION('',(0.,1.));
#890 = ( GEOMETRIC_REPRESENTATION_CONTEXT(2) 
PARAMETRIC_REPRESENTATION_CONTEXT() REPRESENTATION_CONTEXT('2D SPACE',''
  ) );
#891 = PCURVE('',#892,#897);
#892 = TOROIDAL_SURFACE('',#893,2.,1.);
#893 = AXIS2_PLACEMENT_3D('',#894,#895,#896);
#894 = CARTESIAN_POINT('',(-32.23,-5.,-4.));
#895 = DIRECTION('',(0.,0.,1.));
#896 = DIRECTION('',(1.,0.,-0.));
#897 = DEFINITIONAL_REPRESENTATION('',(#898),#902);
#898 = LINE('',#899,#900);
#899 = CARTESIAN_POINT('',(0.,-1.570796326795));
#900 = VECTOR('',#901,1.);
#901 = DIRECTION('',(0.,1.));
#902 = ( GEOMETRIC_REPRESENTATION_CONTEXT(2) 
PARAMETRIC_REPRESENTATION_CONTEXT() REPRESENTATION_CONTEXT('2D SPACE',''
  ) );
#903 = ORIENTED_EDGE('',*,*,#904,.F.);
#904 = EDGE_CURVE('',#905,#876,#907,.T.);
#905 = VERTEX_POINT('',#906);
#906 = CARTESIAN_POINT('',(-32.23,-7.,-5.));
#907 = SURFACE_CURVE('',#908,(#913,#920),.PCURVE_S1.);
#908 = CIRCLE('',#909,2.);
#909 = AXIS2_PLACEMENT_3D('',#910,#911,#912);
#910 = CARTESIAN_POINT('',(-32.23,-5.,-5.));
#911 = DIRECTION('',(0.,0.,1.));
#912 = DIRECTION('',(1.,0.,-0.));
#913 = PCURVE('',#851,#914);
#914 = DEFINITIONAL_REPRESENTATION('',(#915),#919);
#915 = LINE('',#916,#917);
#916 = CARTESIAN_POINT('',(0.,4.712388980385));
#917 = VECTOR('',#918,1.);
#918 = DIRECTION('',(1.,1.130863886743E-15));
#919 = ( GEOMETRIC_REPRESENTATION_CONTEXT(2) 
PARAMETRIC_REPRESENTATION_CONTEXT() REPRESENTATION_CONTEXT('2D SPACE',''
  ) );
#920 = PCURVE('',#103,#921);
#921 = DEFINITIONAL_REPRESENTATION('',(#922),#926);
#922 = CIRCLE('',#923,2.);
#923 = AXIS2_PLACEMENT_2D('',#924,#925);
#924 = CARTESIAN_POINT('',(-117.,-5.));
#925 = DIRECTION('',(1.,0.));
#926 = ( GEOMETRIC_REPRESENTATION_CONTEXT(2) 
PARAMETRIC_REPRESENTATION_CONTEXT() REPRESENTATION_CONTEXT('2D SPACE',''
  ) );
#927 = ORIENTED_EDGE('',*,*,#928,.T.);
#928 = EDGE_CURVE('',#905,#842,#929,.T.);
#929 = SURFACE_CURVE('',#930,(#935,#942),.PCURVE_S1.);
#930 = CIRCLE('',#931,1.);
#931 = AXIS2_PLACEMENT_3D('',#932,#933,#934);
#932 = CARTESIAN_POINT('',(-32.23,-7.,-4.));
#933 = DIRECTION('',(1.,-0.,0.));
#934 = DIRECTION('',(0.,0.,-1.));
#935 = PCURVE('',#851,#936);
#936 = DEFINITIONAL_REPRESENTATION('',(#937),#941);
#937 = LINE('',#938,#939);
#938 = CARTESIAN_POINT('',(4.712388980385,4.712388980385));
#939 = VECTOR('',#940,1.);
#940 = DIRECTION('',(0.,-1.));
#941 = ( GEOMETRIC_REPRESENTATION_CONTEXT(2) 
PARAMETRIC_REPRESENTATION_CONTEXT() REPRESENTATION_CONTEXT('2D SPACE',''
  ) );
#942 = PCURVE('',#943,#948);
#943 = CYLINDRICAL_SURFACE('',#944,1.);
#944 = AXIS2_PLACEMENT_3D('',#945,#946,#947);
#945 = CARTESIAN_POINT('',(84.77,-7.,-4.));
#946 = DIRECTION('',(-1.,-1.445602896647E-16,0.));
#947 = DIRECTION('',(1.445602896647E-16,-1.,0.));
#948 = DEFINITIONAL_REPRESENTATION('',(#949),#953);
#949 = LINE('',#950,#951);
#950 = CARTESIAN_POINT('',(4.712388980385,117.));
#951 = VECTOR('',#952,1.);
#952 = DIRECTION('',(-1.,0.));
#953 = ( GEOMETRIC_REPRESENTATION_CONTEXT(2) 
PARAMETRIC_REPRESENTATION_CONTEXT() REPRESENTATION_CONTEXT('2D SPACE',''
  ) );
#954 = ADVANCED_FACE('',(#955),#970,.T.);
#955 = FACE_BOUND('',#956,.T.);
#956 = EDGE_LOOP('',(#957,#993,#1022,#1046));
#957 = ORIENTED_EDGE('',*,*,#958,.F.);
#958 = EDGE_CURVE('',#959,#961,#963,.T.);
#959 = VERTEX_POINT('',#960);
#960 = CARTESIAN_POINT('',(-1.23,5.,-4.));
#961 = VERTEX_POINT('',#962);
#962 = CARTESIAN_POINT('',(-2.23,4.,-4.));
#963 = SURFACE_CURVE('',#964,(#969,#981),.PCURVE_S1.);
#964 = CIRCLE('',#965,1.);
#965 = AXIS2_PLACEMENT_3D('',#966,#967,#968);
#966 = CARTESIAN_POINT('',(-2.23,5.,-4.));
#967 = DIRECTION('',(0.,0.,-1.));
#968 = DIRECTION('',(1.,0.,0.));
#969 = PCURVE('',#970,#975);
#970 = TOROIDAL_SURFACE('',#971,2.,1.);
#971 = AXIS2_PLACEMENT_3D('',#972,#973,#974);
#972 = CARTESIAN_POINT('',(-2.23,5.,-4.));
#973 = DIRECTION('',(0.,0.,1.));
#974 = DIRECTION('',(1.,0.,-0.));
#975 = DEFINITIONAL_REPRESENTATION('',(#976),#980);
#976 = LINE('',#977,#978);
#977 = CARTESIAN_POINT('',(6.28318530718,3.14159265359));
#978 = VECTOR('',#979,1.);
#979 = DIRECTION('',(-1.,0.));
#980 = ( GEOMETRIC_REPRESENTATION_CONTEXT(2) 
PARAMETRIC_REPRESENTATION_CONTEXT() REPRESENTATION_CONTEXT('2D SPACE',''
  ) );
#981 = PCURVE('',#982,#987);
#982 = CYLINDRICAL_SURFACE('',#983,1.);
#983 = AXIS2_PLACEMENT_3D('',#984,#985,#986);
#984 = CARTESIAN_POINT('',(-2.23,5.,5.));
#985 = DIRECTION('',(-0.,-0.,-1.));
#986 = DIRECTION('',(-1.,0.,0.));
#987 = DEFINITIONAL_REPRESENTATION('',(#988),#992);
#988 = LINE('',#989,#990);
#989 = CARTESIAN_POINT('',(3.14159265359,9.));
#990 = VECTOR('',#991,1.);
#991 = DIRECTION('',(1.,0.));
#992 = ( GEOMETRIC_REPRESENTATION_CONTEXT(2) 
PARAMETRIC_REPRESENTATION_CONTEXT() REPRESENTATION_CONTEXT('2D SPACE',''
  ) );
#993 = ORIENTED_EDGE('',*,*,#994,.T.);
#994 = EDGE_CURVE('',#959,#995,#997,.T.);
#995 = VERTEX_POINT('',#996);
#996 = CARTESIAN_POINT('',(-0.23,5.,-5.));
#997 = SURFACE_CURVE('',#998,(#1003,#1010),.PCURVE_S1.);
#998 = CIRCLE('',#999,1.);
#999 = AXIS2_PLACEMENT_3D('',#1000,#1001,#1002);
#1000 = CARTESIAN_POINT('',(-0.23,5.,-4.));
#1001 = DIRECTION('',(0.,-1.,0.));
#1002 = DIRECTION('',(0.,0.,-1.));
#1003 = PCURVE('',#970,#1004);
#1004 = DEFINITIONAL_REPRESENTATION('',(#1005),#1009);
#1005 = LINE('',#1006,#1007);
#1006 = CARTESIAN_POINT('',(6.28318530718,-1.570796326795));
#1007 = VECTOR('',#1008,1.);
#1008 = DIRECTION('',(0.,1.));
#1009 = ( GEOMETRIC_REPRESENTATION_CONTEXT(2) 
PARAMETRIC_REPRESENTATION_CONTEXT() REPRESENTATION_CONTEXT('2D SPACE',''
  ) );
#1010 = PCURVE('',#1011,#1016);
#1011 = TOROIDAL_SURFACE('',#1012,2.,1.);
#1012 = AXIS2_PLACEMENT_3D('',#1013,#1014,#1015);
#1013 = CARTESIAN_POINT('',(-2.23,5.,-4.));
#1014 = DIRECTION('',(0.,0.,1.));
#1015 = DIRECTION('',(1.,0.,-0.));
#1016 = DEFINITIONAL_REPRESENTATION('',(#1017),#1021);
#1017 = LINE('',#1018,#1019);
#1018 = CARTESIAN_POINT('',(0.,-1.570796326795));
#1019 = VECTOR('',#1020,1.);
#1020 = DIRECTION('',(0.,1.));
#1021 = ( GEOMETRIC_REPRESENTATION_CONTEXT(2) 
PARAMETRIC_REPRESENTATION_CONTEXT() REPRESENTATION_CONTEXT('2D SPACE',''
  ) );
#1022 = ORIENTED_EDGE('',*,*,#1023,.F.);
#1023 = EDGE_CURVE('',#1024,#995,#1026,.T.);
#1024 = VERTEX_POINT('',#1025);
#1025 = CARTESIAN_POINT('',(-2.23,3.,-5.));
#1026 = SURFACE_CURVE('',#1027,(#1032,#1039),.PCURVE_S1.);
#1027 = CIRCLE('',#1028,2.);
#1028 = AXIS2_PLACEMENT_3D('',#1029,#1030,#1031);
#1029 = CARTESIAN_POINT('',(-2.23,5.,-5.));
#1030 = DIRECTION('',(0.,0.,1.));
#1031 = DIRECTION('',(1.,0.,-0.));
#1032 = PCURVE('',#970,#1033);
#1033 = DEFINITIONAL_REPRESENTATION('',(#1034),#1038);
#1034 = LINE('',#1035,#1036);
#1035 = CARTESIAN_POINT('',(0.,4.712388980385));
#1036 = VECTOR('',#1037,1.);
#1037 = DIRECTION('',(1.,0.));
#1038 = ( GEOMETRIC_REPRESENTATION_CONTEXT(2) 
PARAMETRIC_REPRESENTATION_CONTEXT() REPRESENTATION_CONTEXT('2D SPACE',''
  ) );
#1039 = PCURVE('',#103,#1040);
#1040 = DEFINITIONAL_REPRESENTATION('',(#1041),#1045);
#1041 = CIRCLE('',#1042,2.);
#1042 = AXIS2_PLACEMENT_2D('',#1043,#1044);
#1043 = CARTESIAN_POINT('',(-87.,5.));
#1044 = DIRECTION('',(1.,0.));
#1045 = ( GEOMETRIC_REPRESENTATION_CONTEXT(2) 
PARAMETRIC_REPRESENTATION_CONTEXT() REPRESENTATION_CONTEXT('2D SPACE',''
  ) );
#1046 = ORIENTED_EDGE('',*,*,#1047,.F.);
#1047 = EDGE_CURVE('',#961,#1024,#1048,.T.);
#1048 = SURFACE_CURVE('',#1049,(#1054,#1061),.PCURVE_S1.);
#1049 = CIRCLE('',#1050,1.);
#1050 = AXIS2_PLACEMENT_3D('',#1051,#1052,#1053);
#1051 = CARTESIAN_POINT('',(-2.23,3.,-4.));
#1052 = DIRECTION('',(-1.,0.,0.));
#1053 = DIRECTION('',(0.,0.,1.));
#1054 = PCURVE('',#970,#1055);
#1055 = DEFINITIONAL_REPRESENTATION('',(#1056),#1060);
#1056 = LINE('',#1057,#1058);
#1057 = CARTESIAN_POINT('',(4.712388980385,1.570796326795));
#1058 = VECTOR('',#1059,1.);
#1059 = DIRECTION('',(0.,1.));
#1060 = ( GEOMETRIC_REPRESENTATION_CONTEXT(2) 
PARAMETRIC_REPRESENTATION_CONTEXT() REPRESENTATION_CONTEXT('2D SPACE',''
  ) );
#1061 = PCURVE('',#1062,#1067);
#1062 = CYLINDRICAL_SURFACE('',#1063,1.);
#1063 = AXIS2_PLACEMENT_3D('',#1064,#1065,#1066);
#1064 = CARTESIAN_POINT('',(-2.23,3.,-4.));
#1065 = DIRECTION('',(-1.,1.445602896647E-16,0.));
#1066 = DIRECTION('',(-1.445602896647E-16,-1.,0.));
#1067 = DEFINITIONAL_REPRESENTATION('',(#1068),#1072);
#1068 = LINE('',#1069,#1070);
#1069 = CARTESIAN_POINT('',(1.570796326795,0.));
#1070 = VECTOR('',#1071,1.);
#1071 = DIRECTION('',(1.,0.));
#1072 = ( GEOMETRIC_REPRESENTATION_CONTEXT(2) 
PARAMETRIC_REPRESENTATION_CONTEXT() REPRESENTATION_CONTEXT('2D SPACE',''
  ) );
#1073 = ADVANCED_FACE('',(#1074),#1089,.T.);
#1074 = FACE_BOUND('',#1075,.T.);
#1075 = EDGE_LOOP('',(#1076,#1112,#1141,#1165));
#1076 = ORIENTED_EDGE('',*,*,#1077,.F.);
#1077 = EDGE_CURVE('',#1078,#1080,#1082,.T.);
#1078 = VERTEX_POINT('',#1079);
#1079 = CARTESIAN_POINT('',(-1.23,-5.,-4.));
#1080 = VERTEX_POINT('',#1081);
#1081 = CARTESIAN_POINT('',(-2.23,-6.,-4.));
#1082 = SURFACE_CURVE('',#1083,(#1088,#1100),.PCURVE_S1.);
#1083 = CIRCLE('',#1084,1.);
#1084 = AXIS2_PLACEMENT_3D('',#1085,#1086,#1087);
#1085 = CARTESIAN_POINT('',(-2.23,-5.,-4.));
#1086 = DIRECTION('',(0.,0.,-1.));
#1087 = DIRECTION('',(1.,0.,0.));
#1088 = PCURVE('',#1089,#1094);
#1089 = TOROIDAL_SURFACE('',#1090,2.,1.);
#1090 = AXIS2_PLACEMENT_3D('',#1091,#1092,#1093);
#1091 = CARTESIAN_POINT('',(-2.23,-5.,-4.));
#1092 = DIRECTION('',(0.,0.,1.));
#1093 = DIRECTION('',(1.,0.,-0.));
#1094 = DEFINITIONAL_REPRESENTATION('',(#1095),#1099);
#1095 = LINE('',#1096,#1097);
#1096 = CARTESIAN_POINT('',(6.28318530718,3.14159265359));
#1097 = VECTOR('',#1098,1.);
#1098 = DIRECTION('',(-1.,0.));
#1099 = ( GEOMETRIC_REPRESENTATION_CONTEXT(2) 
PARAMETRIC_REPRESENTATION_CONTEXT() REPRESENTATION_CONTEXT('2D SPACE',''
  ) );
#1100 = PCURVE('',#1101,#1106);
#1101 = CYLINDRICAL_SURFACE('',#1102,1.);
#1102 = AXIS2_PLACEMENT_3D('',#1103,#1104,#1105);
#1103 = CARTESIAN_POINT('',(-2.23,-5.,5.));
#1104 = DIRECTION('',(-0.,-0.,-1.));
#1105 = DIRECTION('',(-1.,0.,0.));
#1106 = DEFINITIONAL_REPRESENTATION('',(#1107),#1111);
#1107 = LINE('',#1108,#1109);
#1108 = CARTESIAN_POINT('',(3.14159265359,9.));
#1109 = VECTOR('',#1110,1.);
#1110 = DIRECTION('',(1.,0.));
#1111 = ( GEOMETRIC_REPRESENTATION_CONTEXT(2) 
PARAMETRIC_REPRESENTATION_CONTEXT() REPRESENTATION_CONTEXT('2D SPACE',''
  ) );
#1112 = ORIENTED_EDGE('',*,*,#1113,.T.);
#1113 = EDGE_CURVE('',#1078,#1114,#1116,.T.);
#1114 = VERTEX_POINT('',#1115);
#1115 = CARTESIAN_POINT('',(-0.23,-5.,-5.));
#1116 = SURFACE_CURVE('',#1117,(#1122,#1129),.PCURVE_S1.);
#1117 = CIRCLE('',#1118,1.);
#1118 = AXIS2_PLACEMENT_3D('',#1119,#1120,#1121);
#1119 = CARTESIAN_POINT('',(-0.23,-5.,-4.));
#1120 = DIRECTION('',(0.,-1.,0.));
#1121 = DIRECTION('',(0.,0.,-1.));
#1122 = PCURVE('',#1089,#1123);
#1123 = DEFINITIONAL_REPRESENTATION('',(#1124),#1128);
#1124 = LINE('',#1125,#1126);
#1125 = CARTESIAN_POINT('',(6.28318530718,-1.570796326795));
#1126 = VECTOR('',#1127,1.);
#1127 = DIRECTION('',(0.,1.));
#1128 = ( GEOMETRIC_REPRESENTATION_CONTEXT(2) 
PARAMETRIC_REPRESENTATION_CONTEXT() REPRESENTATION_CONTEXT('2D SPACE',''
  ) );
#1129 = PCURVE('',#1130,#1135);
#1130 = TOROIDAL_SURFACE('',#1131,2.,1.);
#1131 = AXIS2_PLACEMENT_3D('',#1132,#1133,#1134);
#1132 = CARTESIAN_POINT('',(-2.23,-5.,-4.));
#1133 = DIRECTION('',(0.,0.,1.));
#1134 = DIRECTION('',(1.,0.,-0.));
#1135 = DEFINITIONAL_REPRESENTATION('',(#1136),#1140);
#1136 = LINE('',#1137,#1138);
#1137 = CARTESIAN_POINT('',(0.,-1.570796326795));
#1138 = VECTOR('',#1139,1.);
#1139 = DIRECTION('',(0.,1.));
#1140 = ( GEOMETRIC_REPRESENTATION_CONTEXT(2) 
PARAMETRIC_REPRESENTATION_CONTEXT() REPRESENTATION_CONTEXT('2D SPACE',''
  ) );
#1141 = ORIENTED_EDGE('',*,*,#1142,.F.);
#1142 = EDGE_CURVE('',#1143,#1114,#1145,.T.);
#1143 = VERTEX_POINT('',#1144);
#1144 = CARTESIAN_POINT('',(-2.23,-7.,-5.));
#1145 = SURFACE_CURVE('',#1146,(#1151,#1158),.PCURVE_S1.);
#1146 = CIRCLE('',#1147,2.);
#1147 = AXIS2_PLACEMENT_3D('',#1148,#1149,#1150);
#1148 = CARTESIAN_POINT('',(-2.23,-5.,-5.));
#1149 = DIRECTION('',(0.,0.,1.));
#1150 = DIRECTION('',(1.,0.,-0.));
#1151 = PCURVE('',#1089,#1152);
#1152 = DEFINITIONAL_REPRESENTATION('',(#1153),#1157);
#1153 = LINE('',#1154,#1155);
#1154 = CARTESIAN_POINT('',(0.,4.712388980385));
#1155 = VECTOR('',#1156,1.);
#1156 = DIRECTION('',(1.,0.));
#1157 = ( GEOMETRIC_REPRESENTATION_CONTEXT(2) 
PARAMETRIC_REPRESENTATION_CONTEXT() REPRESENTATION_CONTEXT('2D SPACE',''
  ) );
#1158 = PCURVE('',#103,#1159);
#1159 = DEFINITIONAL_REPRESENTATION('',(#1160),#1164);
#1160 = CIRCLE('',#1161,2.);
#1161 = AXIS2_PLACEMENT_2D('',#1162,#1163);
#1162 = CARTESIAN_POINT('',(-87.,-5.));
#1163 = DIRECTION('',(1.,0.));
#1164 = ( GEOMETRIC_REPRESENTATION_CONTEXT(2) 
PARAMETRIC_REPRESENTATION_CONTEXT() REPRESENTATION_CONTEXT('2D SPACE',''
  ) );
#1165 = ORIENTED_EDGE('',*,*,#1166,.T.);
#1166 = EDGE_CURVE('',#1143,#1080,#1167,.T.);
#1167 = SURFACE_CURVE('',#1168,(#1173,#1180),.PCURVE_S1.);
#1168 = CIRCLE('',#1169,1.);
#1169 = AXIS2_PLACEMENT_3D('',#1170,#1171,#1172);
#1170 = CARTESIAN_POINT('',(-2.23,-7.,-4.));
#1171 = DIRECTION('',(1.,-0.,0.));
#1172 = DIRECTION('',(0.,0.,-1.));
#1173 = PCURVE('',#1089,#1174);
#1174 = DEFINITIONAL_REPRESENTATION('',(#1175),#1179);
#1175 = LINE('',#1176,#1177);
#1176 = CARTESIAN_POINT('',(4.712388980385,4.712388980385));
#1177 = VECTOR('',#1178,1.);
#1178 = DIRECTION('',(0.,-1.));
#1179 = ( GEOMETRIC_REPRESENTATION_CONTEXT(2) 
PARAMETRIC_REPRESENTATION_CONTEXT() REPRESENTATION_CONTEXT('2D SPACE',''
  ) );
#1180 = PCURVE('',#1181,#1186);
#1181 = CYLINDRICAL_SURFACE('',#1182,1.);
#1182 = AXIS2_PLACEMENT_3D('',#1183,#1184,#1185);
#1183 = CARTESIAN_POINT('',(84.77,-7.,-4.));
#1184 = DIRECTION('',(-1.,-1.445602896647E-16,0.));
#1185 = DIRECTION('',(1.445602896647E-16,-1.,0.));
#1186 = DEFINITIONAL_REPRESENTATION('',(#1187),#1191);
#1187 = LINE('',#1188,#1189);
#1188 = CARTESIAN_POINT('',(4.712388980385,87.));
#1189 = VECTOR('',#1190,1.);
#1190 = DIRECTION('',(-1.,0.));
#1191 = ( GEOMETRIC_REPRESENTATION_CONTEXT(2) 
PARAMETRIC_REPRESENTATION_CONTEXT() REPRESENTATION_CONTEXT('2D SPACE',''
  ) );
#1192 = ADVANCED_FACE('',(#1193),#1208,.T.);
#1193 = FACE_BOUND('',#1194,.T.);
#1194 = EDGE_LOOP('',(#1195,#1231,#1260,#1284));
#1195 = ORIENTED_EDGE('',*,*,#1196,.F.);
#1196 = EDGE_CURVE('',#1197,#1199,#1201,.T.);
#1197 = VERTEX_POINT('',#1198);
#1198 = CARTESIAN_POINT('',(28.77,5.,-4.));
#1199 = VERTEX_POINT('',#1200);
#1200 = CARTESIAN_POINT('',(27.77,4.,-4.));
#1201 = SURFACE_CURVE('',#1202,(#1207,#1219),.PCURVE_S1.);
#1202 = CIRCLE('',#1203,1.);
#1203 = AXIS2_PLACEMENT_3D('',#1204,#1205,#1206);
#1204 = CARTESIAN_POINT('',(27.77,5.,-4.));
#1205 = DIRECTION('',(0.,0.,-1.));
#1206 = DIRECTION('',(1.,0.,0.));
#1207 = PCURVE('',#1208,#1213);
#1208 = TOROIDAL_SURFACE('',#1209,2.,1.);
#1209 = AXIS2_PLACEMENT_3D('',#1210,#1211,#1212);
#1210 = CARTESIAN_POINT('',(27.77,5.,-4.));
#1211 = DIRECTION('',(0.,0.,1.));
#1212 = DIRECTION('',(1.,0.,-0.));
#1213 = DEFINITIONAL_REPRESENTATION('',(#1214),#1218);
#1214 = LINE('',#1215,#1216);
#1215 = CARTESIAN_POINT('',(6.28318530718,3.14159265359));
#1216 = VECTOR('',#1217,1.);
#1217 = DIRECTION('',(-1.,0.));
#1218 = ( GEOMETRIC_REPRESENTATION_CONTEXT(2) 
PARAMETRIC_REPRESENTATION_CONTEXT() REPRESENTATION_CONTEXT('2D SPACE',''
  ) );
#1219 = PCURVE('',#1220,#1225);
#1220 = CYLINDRICAL_SURFACE('',#1221,1.);
#1221 = AXIS2_PLACEMENT_3D('',#1222,#1223,#1224);
#1222 = CARTESIAN_POINT('',(27.77,5.,5.));
#1223 = DIRECTION('',(-0.,-0.,-1.));
#1224 = DIRECTION('',(-1.,0.,0.));
#1225 = DEFINITIONAL_REPRESENTATION('',(#1226),#1230);
#1226 = LINE('',#1227,#1228);
#1227 = CARTESIAN_POINT('',(3.14159265359,9.));
#1228 = VECTOR('',#1229,1.);
#1229 = DIRECTION('',(1.,0.));
#1230 = ( GEOMETRIC_REPRESENTATION_CONTEXT(2) 
PARAMETRIC_REPRESENTATION_CONTEXT() REPRESENTATION_CONTEXT('2D SPACE',''
  ) );
#1231 = ORIENTED_EDGE('',*,*,#1232,.T.);
#1232 = EDGE_CURVE('',#1197,#1233,#1235,.T.);
#1233 = VERTEX_POINT('',#1234);
#1234 = CARTESIAN_POINT('',(29.77,5.,-5.));
#1235 = SURFACE_CURVE('',#1236,(#1241,#1248),.PCURVE_S1.);
#1236 = CIRCLE('',#1237,1.);
#1237 = AXIS2_PLACEMENT_3D('',#1238,#1239,#1240);
#1238 = CARTESIAN_POINT('',(29.77,5.,-4.));
#1239 = DIRECTION('',(0.,-1.,0.));
#1240 = DIRECTION('',(0.,0.,-1.));
#1241 = PCURVE('',#1208,#1242);
#1242 = DEFINITIONAL_REPRESENTATION('',(#1243),#1247);
#1243 = LINE('',#1244,#1245);
#1244 = CARTESIAN_POINT('',(6.28318530718,-1.570796326795));
#1245 = VECTOR('',#1246,1.);
#1246 = DIRECTION('',(0.,1.));
#1247 = ( GEOMETRIC_REPRESENTATION_CONTEXT(2) 
PARAMETRIC_REPRESENTATION_CONTEXT() REPRESENTATION_CONTEXT('2D SPACE',''
  ) );
#1248 = PCURVE('',#1249,#1254);
#1249 = TOROIDAL_SURFACE('',#1250,2.,1.);
#1250 = AXIS2_PLACEMENT_3D('',#1251,#1252,#1253);
#1251 = CARTESIAN_POINT('',(27.77,5.,-4.));
#1252 = DIRECTION('',(0.,0.,1.));
#1253 = DIRECTION('',(1.,0.,-0.));
#1254 = DEFINITIONAL_REPRESENTATION('',(#1255),#1259);
#1255 = LINE('',#1256,#1257);
#1256 = CARTESIAN_POINT('',(0.,-1.570796326795));
#1257 = VECTOR('',#1258,1.);
#1258 = DIRECTION('',(0.,1.));
#1259 = ( GEOMETRIC_REPRESENTATION_CONTEXT(2) 
PARAMETRIC_REPRESENTATION_CONTEXT() REPRESENTATION_CONTEXT('2D SPACE',''
  ) );
#1260 = ORIENTED_EDGE('',*,*,#1261,.F.);
#1261 = EDGE_CURVE('',#1262,#1233,#1264,.T.);
#1262 = VERTEX_POINT('',#1263);
#1263 = CARTESIAN_POINT('',(27.77,3.,-5.));
#1264 = SURFACE_CURVE('',#1265,(#1270,#1277),.PCURVE_S1.);
#1265 = CIRCLE('',#1266,2.);
#1266 = AXIS2_PLACEMENT_3D('',#1267,#1268,#1269);
#1267 = CARTESIAN_POINT('',(27.77,5.,-5.));
#1268 = DIRECTION('',(0.,0.,1.));
#1269 = DIRECTION('',(1.,0.,-0.));
#1270 = PCURVE('',#1208,#1271);
#1271 = DEFINITIONAL_REPRESENTATION('',(#1272),#1276);
#1272 = LINE('',#1273,#1274);
#1273 = CARTESIAN_POINT('',(0.,4.712388980385));
#1274 = VECTOR('',#1275,1.);
#1275 = DIRECTION('',(1.,1.130863886743E-15));
#1276 = ( GEOMETRIC_REPRESENTATION_CONTEXT(2) 
PARAMETRIC_REPRESENTATION_CONTEXT() REPRESENTATION_CONTEXT('2D SPACE',''
  ) );
#1277 = PCURVE('',#103,#1278);
#1278 = DEFINITIONAL_REPRESENTATION('',(#1279),#1283);
#1279 = CIRCLE('',#1280,2.);
#1280 = AXIS2_PLACEMENT_2D('',#1281,#1282);
#1281 = CARTESIAN_POINT('',(-57.,5.));
#1282 = DIRECTION('',(1.,0.));
#1283 = ( GEOMETRIC_REPRESENTATION_CONTEXT(2) 
PARAMETRIC_REPRESENTATION_CONTEXT() REPRESENTATION_CONTEXT('2D SPACE',''
  ) );
#1284 = ORIENTED_EDGE('',*,*,#1285,.F.);
#1285 = EDGE_CURVE('',#1199,#1262,#1286,.T.);
#1286 = SURFACE_CURVE('',#1287,(#1292,#1299),.PCURVE_S1.);
#1287 = CIRCLE('',#1288,1.);
#1288 = AXIS2_PLACEMENT_3D('',#1289,#1290,#1291);
#1289 = CARTESIAN_POINT('',(27.77,3.,-4.));
#1290 = DIRECTION('',(-1.,0.,0.));
#1291 = DIRECTION('',(0.,0.,1.));
#1292 = PCURVE('',#1208,#1293);
#1293 = DEFINITIONAL_REPRESENTATION('',(#1294),#1298);
#1294 = LINE('',#1295,#1296);
#1295 = CARTESIAN_POINT('',(4.712388980385,1.570796326795));
#1296 = VECTOR('',#1297,1.);
#1297 = DIRECTION('',(0.,1.));
#1298 = ( GEOMETRIC_REPRESENTATION_CONTEXT(2) 
PARAMETRIC_REPRESENTATION_CONTEXT() REPRESENTATION_CONTEXT('2D SPACE',''
  ) );
#1299 = PCURVE('',#1300,#1305);
#1300 = CYLINDRICAL_SURFACE('',#1301,1.);
#1301 = AXIS2_PLACEMENT_3D('',#1302,#1303,#1304);
#1302 = CARTESIAN_POINT('',(27.77,3.,-4.));
#1303 = DIRECTION('',(-1.,1.445602896647E-16,0.));
#1304 = DIRECTION('',(-1.445602896647E-16,-1.,0.));
#1305 = DEFINITIONAL_REPRESENTATION('',(#1306),#1310);
#1306 = LINE('',#1307,#1308);
#1307 = CARTESIAN_POINT('',(1.570796326795,0.));
#1308 = VECTOR('',#1309,1.);
#1309 = DIRECTION('',(1.,0.));
#1310 = ( GEOMETRIC_REPRESENTATION_CONTEXT(2) 
PARAMETRIC_REPRESENTATION_CONTEXT() REPRESENTATION_CONTEXT('2D SPACE',''
  ) );
#1311 = ADVANCED_FACE('',(#1312),#1327,.T.);
#1312 = FACE_BOUND('',#1313,.T.);
#1313 = EDGE_LOOP('',(#1314,#1350,#1379,#1403));
#1314 = ORIENTED_EDGE('',*,*,#1315,.F.);
#1315 = EDGE_CURVE('',#1316,#1318,#1320,.T.);
#1316 = VERTEX_POINT('',#1317);
#1317 = CARTESIAN_POINT('',(28.77,-5.,-4.));
#1318 = VERTEX_POINT('',#1319);
#1319 = CARTESIAN_POINT('',(27.77,-6.,-4.));
#1320 = SURFACE_CURVE('',#1321,(#1326,#1338),.PCURVE_S1.);
#1321 = CIRCLE('',#1322,1.);
#1322 = AXIS2_PLACEMENT_3D('',#1323,#1324,#1325);
#1323 = CARTESIAN_POINT('',(27.77,-5.,-4.));
#1324 = DIRECTION('',(0.,0.,-1.));
#1325 = DIRECTION('',(1.,0.,0.));
#1326 = PCURVE('',#1327,#1332);
#1327 = TOROIDAL_SURFACE('',#1328,2.,1.);
#1328 = AXIS2_PLACEMENT_3D('',#1329,#1330,#1331);
#1329 = CARTESIAN_POINT('',(27.77,-5.,-4.));
#1330 = DIRECTION('',(0.,0.,1.));
#1331 = DIRECTION('',(1.,0.,-0.));
#1332 = DEFINITIONAL_REPRESENTATION('',(#1333),#1337);
#1333 = LINE('',#1334,#1335);
#1334 = CARTESIAN_POINT('',(6.28318530718,3.14159265359));
#1335 = VECTOR('',#1336,1.);
#1336 = DIRECTION('',(-1.,0.));
#1337 = ( GEOMETRIC_REPRESENTATION_CONTEXT(2) 
PARAMETRIC_REPRESENTATION_CONTEXT() REPRESENTATION_CONTEXT('2D SPACE',''
  ) );
#1338 = PCURVE('',#1339,#1344);
#1339 = CYLINDRICAL_SURFACE('',#1340,1.);
#1340 = AXIS2_PLACEMENT_3D('',#1341,#1342,#1343);
#1341 = CARTESIAN_POINT('',(27.77,-5.,5.));
#1342 = DIRECTION('',(-0.,-0.,-1.));
#1343 = DIRECTION('',(-1.,0.,0.));
#1344 = DEFINITIONAL_REPRESENTATION('',(#1345),#1349);
#1345 = LINE('',#1346,#1347);
#1346 = CARTESIAN_POINT('',(3.14159265359,9.));
#1347 = VECTOR('',#1348,1.);
#1348 = DIRECTION('',(1.,0.));
#1349 = ( GEOMETRIC_REPRESENTATION_CONTEXT(2) 
PARAMETRIC_REPRESENTATION_CONTEXT() REPRESENTATION_CONTEXT('2D SPACE',''
  ) );
#1350 = ORIENTED_EDGE('',*,*,#1351,.T.);
#1351 = EDGE_CURVE('',#1316,#1352,#1354,.T.);
#1352 = VERTEX_POINT('',#1353);
#1353 = CARTESIAN_POINT('',(29.77,-5.,-5.));
#1354 = SURFACE_CURVE('',#1355,(#1360,#1367),.PCURVE_S1.);
#1355 = CIRCLE('',#1356,1.);
#1356 = AXIS2_PLACEMENT_3D('',#1357,#1358,#1359);
#1357 = CARTESIAN_POINT('',(29.77,-5.,-4.));
#1358 = DIRECTION('',(0.,-1.,0.));
#1359 = DIRECTION('',(0.,0.,-1.));
#1360 = PCURVE('',#1327,#1361);
#1361 = DEFINITIONAL_REPRESENTATION('',(#1362),#1366);
#1362 = LINE('',#1363,#1364);
#1363 = CARTESIAN_POINT('',(6.28318530718,-1.570796326795));
#1364 = VECTOR('',#1365,1.);
#1365 = DIRECTION('',(0.,1.));
#1366 = ( GEOMETRIC_REPRESENTATION_CONTEXT(2) 
PARAMETRIC_REPRESENTATION_CONTEXT() REPRESENTATION_CONTEXT('2D SPACE',''
  ) );
#1367 = PCURVE('',#1368,#1373);
#1368 = TOROIDAL_SURFACE('',#1369,2.,1.);
#1369 = AXIS2_PLACEMENT_3D('',#1370,#1371,#1372);
#1370 = CARTESIAN_POINT('',(27.77,-5.,-4.));
#1371 = DIRECTION('',(0.,0.,1.));
#1372 = DIRECTION('',(1.,0.,-0.));
#1373 = DEFINITIONAL_REPRESENTATION('',(#1374),#1378);
#1374 = LINE('',#1375,#1376);
#1375 = CARTESIAN_POINT('',(0.,-1.570796326795));
#1376 = VECTOR('',#1377,1.);
#1377 = DIRECTION('',(0.,1.));
#1378 = ( GEOMETRIC_REPRESENTATION_CONTEXT(2) 
PARAMETRIC_REPRESENTATION_CONTEXT() REPRESENTATION_CONTEXT('2D SPACE',''
  ) );
#1379 = ORIENTED_EDGE('',*,*,#1380,.F.);
#1380 = EDGE_CURVE('',#1381,#1352,#1383,.T.);
#1381 = VERTEX_POINT('',#1382);
#1382 = CARTESIAN_POINT('',(27.77,-7.,-5.));
#1383 = SURFACE_CURVE('',#1384,(#1389,#1396),.PCURVE_S1.);
#1384 = CIRCLE('',#1385,2.);
#1385 = AXIS2_PLACEMENT_3D('',#1386,#1387,#1388);
#1386 = CARTESIAN_POINT('',(27.77,-5.,-5.));
#1387 = DIRECTION('',(0.,0.,1.));
#1388 = DIRECTION('',(1.,0.,-0.));
#1389 = PCURVE('',#1327,#1390);
#1390 = DEFINITIONAL_REPRESENTATION('',(#1391),#1395);
#1391 = LINE('',#1392,#1393);
#1392 = CARTESIAN_POINT('',(0.,4.712388980385));
#1393 = VECTOR('',#1394,1.);
#1394 = DIRECTION('',(1.,1.130863886743E-15));
#1395 = ( GEOMETRIC_REPRESENTATION_CONTEXT(2) 
PARAMETRIC_REPRESENTATION_CONTEXT() REPRESENTATION_CONTEXT('2D SPACE',''
  ) );
#1396 = PCURVE('',#103,#1397);
#1397 = DEFINITIONAL_REPRESENTATION('',(#1398),#1402);
#1398 = CIRCLE('',#1399,2.);
#1399 = AXIS2_PLACEMENT_2D('',#1400,#1401);
#1400 = CARTESIAN_POINT('',(-57.,-5.));
#1401 = DIRECTION('',(1.,0.));
#1402 = ( GEOMETRIC_REPRESENTATION_CONTEXT(2) 
PARAMETRIC_REPRESENTATION_CONTEXT() REPRESENTATION_CONTEXT('2D SPACE',''
  ) );
#1403 = ORIENTED_EDGE('',*,*,#1404,.T.);
#1404 = EDGE_CURVE('',#1381,#1318,#1405,.T.);
#1405 = SURFACE_CURVE('',#1406,(#1411,#1418),.PCURVE_S1.);
#1406 = CIRCLE('',#1407,1.);
#1407 = AXIS2_PLACEMENT_3D('',#1408,#1409,#1410);
#1408 = CARTESIAN_POINT('',(27.77,-7.,-4.));
#1409 = DIRECTION('',(1.,-0.,0.));
#1410 = DIRECTION('',(0.,0.,-1.));
#1411 = PCURVE('',#1327,#1412);
#1412 = DEFINITIONAL_REPRESENTATION('',(#1413),#1417);
#1413 = LINE('',#1414,#1415);
#1414 = CARTESIAN_POINT('',(4.712388980385,4.712388980385));
#1415 = VECTOR('',#1416,1.);
#1416 = DIRECTION('',(0.,-1.));
#1417 = ( GEOMETRIC_REPRESENTATION_CONTEXT(2) 
PARAMETRIC_REPRESENTATION_CONTEXT() REPRESENTATION_CONTEXT('2D SPACE',''
  ) );
#1418 = PCURVE('',#1419,#1424);
#1419 = CYLINDRICAL_SURFACE('',#1420,1.);
#1420 = AXIS2_PLACEMENT_3D('',#1421,#1422,#1423);
#1421 = CARTESIAN_POINT('',(84.77,-7.,-4.));
#1422 = DIRECTION('',(-1.,-1.445602896647E-16,0.));
#1423 = DIRECTION('',(1.445602896647E-16,-1.,0.));
#1424 = DEFINITIONAL_REPRESENTATION('',(#1425),#1429);
#1425 = LINE('',#1426,#1427);
#1426 = CARTESIAN_POINT('',(4.712388980385,57.));
#1427 = VECTOR('',#1428,1.);
#1428 = DIRECTION('',(-1.,0.));
#1429 = ( GEOMETRIC_REPRESENTATION_CONTEXT(2) 
PARAMETRIC_REPRESENTATION_CONTEXT() REPRESENTATION_CONTEXT('2D SPACE',''
  ) );
#1430 = ADVANCED_FACE('',(#1431),#1445,.F.);
#1431 = FACE_BOUND('',#1432,.F.);
#1432 = EDGE_LOOP('',(#1433,#1468,#1497,#1525));
#1433 = ORIENTED_EDGE('',*,*,#1434,.T.);
#1434 = EDGE_CURVE('',#1435,#1437,#1439,.T.);
#1435 = VERTEX_POINT('',#1436);
#1436 = CARTESIAN_POINT('',(-68.23,-4.,3.));
#1437 = VERTEX_POINT('',#1438);
#1438 = CARTESIAN_POINT('',(-68.23,-4.,-4.));
#1439 = SURFACE_CURVE('',#1440,(#1444,#1456),.PCURVE_S1.);
#1440 = LINE('',#1441,#1442);
#1441 = CARTESIAN_POINT('',(-68.23,-4.,5.));
#1442 = VECTOR('',#1443,1.);
#1443 = DIRECTION('',(-0.,-0.,-1.));
#1444 = PCURVE('',#1445,#1450);
#1445 = CYLINDRICAL_SURFACE('',#1446,1.);
#1446 = AXIS2_PLACEMENT_3D('',#1447,#1448,#1449);
#1447 = CARTESIAN_POINT('',(-68.23,-5.,5.));
#1448 = DIRECTION('',(-0.,-0.,-1.));
#1449 = DIRECTION('',(-1.,0.,0.));
#1450 = DEFINITIONAL_REPRESENTATION('',(#1451),#1455);
#1451 = LINE('',#1452,#1453);
#1452 = CARTESIAN_POINT('',(1.570796326795,0.));
#1453 = VECTOR('',#1454,1.);
#1454 = DIRECTION('',(0.,1.));
#1455 = ( GEOMETRIC_REPRESENTATION_CONTEXT(2) 
PARAMETRIC_REPRESENTATION_CONTEXT() REPRESENTATION_CONTEXT('2D SPACE',''
  ) );
#1456 = PCURVE('',#1457,#1462);
#1457 = PLANE('',#1458);
#1458 = AXIS2_PLACEMENT_3D('',#1459,#1460,#1461);
#1459 = CARTESIAN_POINT('',(-62.23,-4.,5.));
#1460 = DIRECTION('',(1.445602896647E-16,-1.,0.));
#1461 = DIRECTION('',(1.,1.445602896647E-16,0.));
#1462 = DEFINITIONAL_REPRESENTATION('',(#1463),#1467);
#1463 = LINE('',#1464,#1465);
#1464 = CARTESIAN_POINT('',(-6.,0.));
#1465 = VECTOR('',#1466,1.);
#1466 = DIRECTION('',(0.,-1.));
#1467 = ( GEOMETRIC_REPRESENTATION_CONTEXT(2) 
PARAMETRIC_REPRESENTATION_CONTEXT() REPRESENTATION_CONTEXT('2D SPACE',''
  ) );
#1468 = ORIENTED_EDGE('',*,*,#1469,.F.);
#1469 = EDGE_CURVE('',#1470,#1437,#1472,.T.);
#1470 = VERTEX_POINT('',#1471);
#1471 = CARTESIAN_POINT('',(-69.23,-5.,-4.));
#1472 = SURFACE_CURVE('',#1473,(#1478,#1485),.PCURVE_S1.);
#1473 = CIRCLE('',#1474,1.);
#1474 = AXIS2_PLACEMENT_3D('',#1475,#1476,#1477);
#1475 = CARTESIAN_POINT('',(-68.23,-5.,-4.));
#1476 = DIRECTION('',(0.,0.,-1.));
#1477 = DIRECTION('',(1.,0.,0.));
#1478 = PCURVE('',#1445,#1479);
#1479 = DEFINITIONAL_REPRESENTATION('',(#1480),#1484);
#1480 = LINE('',#1481,#1482);
#1481 = CARTESIAN_POINT('',(-3.14159265359,9.));
#1482 = VECTOR('',#1483,1.);
#1483 = DIRECTION('',(1.,0.));
#1484 = ( GEOMETRIC_REPRESENTATION_CONTEXT(2) 
PARAMETRIC_REPRESENTATION_CONTEXT() REPRESENTATION_CONTEXT('2D SPACE',''
  ) );
#1485 = PCURVE('',#1486,#1491);
#1486 = TOROIDAL_SURFACE('',#1487,2.,1.);
#1487 = AXIS2_PLACEMENT_3D('',#1488,#1489,#1490);
#1488 = CARTESIAN_POINT('',(-68.23,-5.,-4.));
#1489 = DIRECTION('',(0.,0.,1.));
#1490 = DIRECTION('',(1.,0.,-0.));
#1491 = DEFINITIONAL_REPRESENTATION('',(#1492),#1496);
#1492 = LINE('',#1493,#1494);
#1493 = CARTESIAN_POINT('',(6.28318530718,3.14159265359));
#1494 = VECTOR('',#1495,1.);
#1495 = DIRECTION('',(-1.,0.));
#1496 = ( GEOMETRIC_REPRESENTATION_CONTEXT(2) 
PARAMETRIC_REPRESENTATION_CONTEXT() REPRESENTATION_CONTEXT('2D SPACE',''
  ) );
#1497 = ORIENTED_EDGE('',*,*,#1498,.F.);
#1498 = EDGE_CURVE('',#1499,#1470,#1501,.T.);
#1499 = VERTEX_POINT('',#1500);
#1500 = CARTESIAN_POINT('',(-69.23,-5.,3.));
#1501 = SURFACE_CURVE('',#1502,(#1506,#1513),.PCURVE_S1.);
#1502 = LINE('',#1503,#1504);
#1503 = CARTESIAN_POINT('',(-69.23,-5.,5.));
#1504 = VECTOR('',#1505,1.);
#1505 = DIRECTION('',(-0.,-0.,-1.));
#1506 = PCURVE('',#1445,#1507);
#1507 = DEFINITIONAL_REPRESENTATION('',(#1508),#1512);
#1508 = LINE('',#1509,#1510);
#1509 = CARTESIAN_POINT('',(0.,0.));
#1510 = VECTOR('',#1511,1.);
#1511 = DIRECTION('',(0.,1.));
#1512 = ( GEOMETRIC_REPRESENTATION_CONTEXT(2) 
PARAMETRIC_REPRESENTATION_CONTEXT() REPRESENTATION_CONTEXT('2D SPACE',''
  ) );
#1513 = PCURVE('',#1514,#1519);
#1514 = CYLINDRICAL_SURFACE('',#1515,1.);
#1515 = AXIS2_PLACEMENT_3D('',#1516,#1517,#1518);
#1516 = CARTESIAN_POINT('',(-68.23,-5.,5.));
#1517 = DIRECTION('',(-0.,-0.,-1.));
#1518 = DIRECTION('',(-1.,0.,0.));
#1519 = DEFINITIONAL_REPRESENTATION('',(#1520),#1524);
#1520 = LINE('',#1521,#1522);
#1521 = CARTESIAN_POINT('',(6.28318530718,0.));
#1522 = VECTOR('',#1523,1.);
#1523 = DIRECTION('',(0.,1.));
#1524 = ( GEOMETRIC_REPRESENTATION_CONTEXT(2) 
PARAMETRIC_REPRESENTATION_CONTEXT() REPRESENTATION_CONTEXT('2D SPACE',''
  ) );
#1525 = ORIENTED_EDGE('',*,*,#1526,.F.);
#1526 = EDGE_CURVE('',#1435,#1499,#1527,.T.);
#1527 = SURFACE_CURVE('',#1528,(#1533,#1540),.PCURVE_S1.);
#1528 = CIRCLE('',#1529,1.);
#1529 = AXIS2_PLACEMENT_3D('',#1530,#1531,#1532);
#1530 = CARTESIAN_POINT('',(-68.23,-5.,3.));
#1531 = DIRECTION('',(0.,-0.,1.));
#1532 = DIRECTION('',(-1.,0.,0.));
#1533 = PCURVE('',#1445,#1534);
#1534 = DEFINITIONAL_REPRESENTATION('',(#1535),#1539);
#1535 = LINE('',#1536,#1537);
#1536 = CARTESIAN_POINT('',(6.28318530718,2.));
#1537 = VECTOR('',#1538,1.);
#1538 = DIRECTION('',(-1.,0.));
#1539 = ( GEOMETRIC_REPRESENTATION_CONTEXT(2) 
PARAMETRIC_REPRESENTATION_CONTEXT() REPRESENTATION_CONTEXT('2D SPACE',''
  ) );
#1540 = PCURVE('',#1541,#1546);
#1541 = TOROIDAL_SURFACE('',#1542,2.,1.);
#1542 = AXIS2_PLACEMENT_3D('',#1543,#1544,#1545);
#1543 = CARTESIAN_POINT('',(-68.23,-5.,3.));
#1544 = DIRECTION('',(0.,0.,-1.));
#1545 = DIRECTION('',(-1.,0.,0.));
#1546 = DEFINITIONAL_REPRESENTATION('',(#1547),#1551);
#1547 = LINE('',#1548,#1549);
#1548 = CARTESIAN_POINT('',(6.28318530718,3.14159265359));
#1549 = VECTOR('',#1550,1.);
#1550 = DIRECTION('',(-1.,0.));
#1551 = ( GEOMETRIC_REPRESENTATION_CONTEXT(2) 
PARAMETRIC_REPRESENTATION_CONTEXT() REPRESENTATION_CONTEXT('2D SPACE',''
  ) );
#1552 = ADVANCED_FACE('',(#1553),#1567,.F.);
#1553 = FACE_BOUND('',#1554,.F.);
#1554 = EDGE_LOOP('',(#1555,#1590,#1619,#1647));
#1555 = ORIENTED_EDGE('',*,*,#1556,.T.);
#1556 = EDGE_CURVE('',#1557,#1559,#1561,.T.);
#1557 = VERTEX_POINT('',#1558);
#1558 = CARTESIAN_POINT('',(-38.23,-4.,3.));
#1559 = VERTEX_POINT('',#1560);
#1560 = CARTESIAN_POINT('',(-38.23,-4.,-4.));
#1561 = SURFACE_CURVE('',#1562,(#1566,#1578),.PCURVE_S1.);
#1562 = LINE('',#1563,#1564);
#1563 = CARTESIAN_POINT('',(-38.23,-4.,5.));
#1564 = VECTOR('',#1565,1.);
#1565 = DIRECTION('',(-0.,-0.,-1.));
#1566 = PCURVE('',#1567,#1572);
#1567 = CYLINDRICAL_SURFACE('',#1568,1.);
#1568 = AXIS2_PLACEMENT_3D('',#1569,#1570,#1571);
#1569 = CARTESIAN_POINT('',(-38.23,-5.,5.));
#1570 = DIRECTION('',(-0.,-0.,-1.));
#1571 = DIRECTION('',(-1.,0.,0.));
#1572 = DEFINITIONAL_REPRESENTATION('',(#1573),#1577);
#1573 = LINE('',#1574,#1575);
#1574 = CARTESIAN_POINT('',(1.570796326795,0.));
#1575 = VECTOR('',#1576,1.);
#1576 = DIRECTION('',(0.,1.));
#1577 = ( GEOMETRIC_REPRESENTATION_CONTEXT(2) 
PARAMETRIC_REPRESENTATION_CONTEXT() REPRESENTATION_CONTEXT('2D SPACE',''
  ) );
#1578 = PCURVE('',#1579,#1584);
#1579 = PLANE('',#1580);
#1580 = AXIS2_PLACEMENT_3D('',#1581,#1582,#1583);
#1581 = CARTESIAN_POINT('',(-32.23,-4.,5.));
#1582 = DIRECTION('',(1.445602896647E-16,-1.,0.));
#1583 = DIRECTION('',(1.,1.445602896647E-16,0.));
#1584 = DEFINITIONAL_REPRESENTATION('',(#1585),#1589);
#1585 = LINE('',#1586,#1587);
#1586 = CARTESIAN_POINT('',(-6.,0.));
#1587 = VECTOR('',#1588,1.);
#1588 = DIRECTION('',(0.,-1.));
#1589 = ( GEOMETRIC_REPRESENTATION_CONTEXT(2) 
PARAMETRIC_REPRESENTATION_CONTEXT() REPRESENTATION_CONTEXT('2D SPACE',''
  ) );
#1590 = ORIENTED_EDGE('',*,*,#1591,.F.);
#1591 = EDGE_CURVE('',#1592,#1559,#1594,.T.);
#1592 = VERTEX_POINT('',#1593);
#1593 = CARTESIAN_POINT('',(-39.23,-5.,-4.));
#1594 = SURFACE_CURVE('',#1595,(#1600,#1607),.PCURVE_S1.);
#1595 = CIRCLE('',#1596,1.);
#1596 = AXIS2_PLACEMENT_3D('',#1597,#1598,#1599);
#1597 = CARTESIAN_POINT('',(-38.23,-5.,-4.));
#1598 = DIRECTION('',(0.,0.,-1.));
#1599 = DIRECTION('',(1.,0.,0.));
#1600 = PCURVE('',#1567,#1601);
#1601 = DEFINITIONAL_REPRESENTATION('',(#1602),#1606);
#1602 = LINE('',#1603,#1604);
#1603 = CARTESIAN_POINT('',(-3.14159265359,9.));
#1604 = VECTOR('',#1605,1.);
#1605 = DIRECTION('',(1.,0.));
#1606 = ( GEOMETRIC_REPRESENTATION_CONTEXT(2) 
PARAMETRIC_REPRESENTATION_CONTEXT() REPRESENTATION_CONTEXT('2D SPACE',''
  ) );
#1607 = PCURVE('',#1608,#1613);
#1608 = TOROIDAL_SURFACE('',#1609,2.,1.);
#1609 = AXIS2_PLACEMENT_3D('',#1610,#1611,#1612);
#1610 = CARTESIAN_POINT('',(-38.23,-5.,-4.));
#1611 = DIRECTION('',(0.,0.,1.));
#1612 = DIRECTION('',(1.,0.,-0.));
#1613 = DEFINITIONAL_REPRESENTATION('',(#1614),#1618);
#1614 = LINE('',#1615,#1616);
#1615 = CARTESIAN_POINT('',(6.28318530718,3.14159265359));
#1616 = VECTOR('',#1617,1.);
#1617 = DIRECTION('',(-1.,0.));
#1618 = ( GEOMETRIC_REPRESENTATION_CONTEXT(2) 
PARAMETRIC_REPRESENTATION_CONTEXT() REPRESENTATION_CONTEXT('2D SPACE',''
  ) );
#1619 = ORIENTED_EDGE('',*,*,#1620,.F.);
#1620 = EDGE_CURVE('',#1621,#1592,#1623,.T.);
#1621 = VERTEX_POINT('',#1622);
#1622 = CARTESIAN_POINT('',(-39.23,-5.,3.));
#1623 = SURFACE_CURVE('',#1624,(#1628,#1635),.PCURVE_S1.);
#1624 = LINE('',#1625,#1626);
#1625 = CARTESIAN_POINT('',(-39.23,-5.,5.));
#1626 = VECTOR('',#1627,1.);
#1627 = DIRECTION('',(-0.,-0.,-1.));
#1628 = PCURVE('',#1567,#1629);
#1629 = DEFINITIONAL_REPRESENTATION('',(#1630),#1634);
#1630 = LINE('',#1631,#1632);
#1631 = CARTESIAN_POINT('',(0.,0.));
#1632 = VECTOR('',#1633,1.);
#1633 = DIRECTION('',(0.,1.));
#1634 = ( GEOMETRIC_REPRESENTATION_CONTEXT(2) 
PARAMETRIC_REPRESENTATION_CONTEXT() REPRESENTATION_CONTEXT('2D SPACE',''
  ) );
#1635 = PCURVE('',#1636,#1641);
#1636 = CYLINDRICAL_SURFACE('',#1637,1.);
#1637 = AXIS2_PLACEMENT_3D('',#1638,#1639,#1640);
#1638 = CARTESIAN_POINT('',(-38.23,-5.,5.));
#1639 = DIRECTION('',(-0.,-0.,-1.));
#1640 = DIRECTION('',(-1.,0.,0.));
#1641 = DEFINITIONAL_REPRESENTATION('',(#1642),#1646);
#1642 = LINE('',#1643,#1644);
#1643 = CARTESIAN_POINT('',(6.28318530718,0.));
#1644 = VECTOR('',#1645,1.);
#1645 = DIRECTION('',(0.,1.));
#1646 = ( GEOMETRIC_REPRESENTATION_CONTEXT(2) 
PARAMETRIC_REPRESENTATION_CONTEXT() REPRESENTATION_CONTEXT('2D SPACE',''
  ) );
#1647 = ORIENTED_EDGE('',*,*,#1648,.F.);
#1648 = EDGE_CURVE('',#1557,#1621,#1649,.T.);
#1649 = SURFACE_CURVE('',#1650,(#1655,#1662),.PCURVE_S1.);
#1650 = CIRCLE('',#1651,1.);
#1651 = AXIS2_PLACEMENT_3D('',#1652,#1653,#1654);
#1652 = CARTESIAN_POINT('',(-38.23,-5.,3.));
#1653 = DIRECTION('',(0.,-0.,1.));
#1654 = DIRECTION('',(-1.,0.,0.));
#1655 = PCURVE('',#1567,#1656);
#1656 = DEFINITIONAL_REPRESENTATION('',(#1657),#1661);
#1657 = LINE('',#1658,#1659);
#1658 = CARTESIAN_POINT('',(6.28318530718,2.));
#1659 = VECTOR('',#1660,1.);
#1660 = DIRECTION('',(-1.,0.));
#1661 = ( GEOMETRIC_REPRESENTATION_CONTEXT(2) 
PARAMETRIC_REPRESENTATION_CONTEXT() REPRESENTATION_CONTEXT('2D SPACE',''
  ) );
#1662 = PCURVE('',#1663,#1668);
#1663 = TOROIDAL_SURFACE('',#1664,2.,1.);
#1664 = AXIS2_PLACEMENT_3D('',#1665,#1666,#1667);
#1665 = CARTESIAN_POINT('',(-38.23,-5.,3.));
#1666 = DIRECTION('',(0.,0.,-1.));
#1667 = DIRECTION('',(-1.,0.,0.));
#1668 = DEFINITIONAL_REPRESENTATION('',(#1669),#1673);
#1669 = LINE('',#1670,#1671);
#1670 = CARTESIAN_POINT('',(6.28318530718,3.14159265359));
#1671 = VECTOR('',#1672,1.);
#1672 = DIRECTION('',(-1.,0.));
#1673 = ( GEOMETRIC_REPRESENTATION_CONTEXT(2) 
PARAMETRIC_REPRESENTATION_CONTEXT() REPRESENTATION_CONTEXT('2D SPACE',''
  ) );
#1674 = ADVANCED_FACE('',(#1675),#1689,.F.);
#1675 = FACE_BOUND('',#1676,.F.);
#1676 = EDGE_LOOP('',(#1677,#1712,#1741,#1769));
#1677 = ORIENTED_EDGE('',*,*,#1678,.T.);
#1678 = EDGE_CURVE('',#1679,#1681,#1683,.T.);
#1679 = VERTEX_POINT('',#1680);
#1680 = CARTESIAN_POINT('',(-8.23,-4.,3.));
#1681 = VERTEX_POINT('',#1682);
#1682 = CARTESIAN_POINT('',(-8.23,-4.,-4.));
#1683 = SURFACE_CURVE('',#1684,(#1688,#1700),.PCURVE_S1.);
#1684 = LINE('',#1685,#1686);
#1685 = CARTESIAN_POINT('',(-8.23,-4.,5.));
#1686 = VECTOR('',#1687,1.);
#1687 = DIRECTION('',(-0.,-0.,-1.));
#1688 = PCURVE('',#1689,#1694);
#1689 = CYLINDRICAL_SURFACE('',#1690,1.);
#1690 = AXIS2_PLACEMENT_3D('',#1691,#1692,#1693);
#1691 = CARTESIAN_POINT('',(-8.23,-5.,5.));
#1692 = DIRECTION('',(-0.,-0.,-1.));
#1693 = DIRECTION('',(-1.,0.,0.));
#1694 = DEFINITIONAL_REPRESENTATION('',(#1695),#1699);
#1695 = LINE('',#1696,#1697);
#1696 = CARTESIAN_POINT('',(1.570796326795,0.));
#1697 = VECTOR('',#1698,1.);
#1698 = DIRECTION('',(0.,1.));
#1699 = ( GEOMETRIC_REPRESENTATION_CONTEXT(2) 
PARAMETRIC_REPRESENTATION_CONTEXT() REPRESENTATION_CONTEXT('2D SPACE',''
  ) );
#1700 = PCURVE('',#1701,#1706);
#1701 = PLANE('',#1702);
#1702 = AXIS2_PLACEMENT_3D('',#1703,#1704,#1705);
#1703 = CARTESIAN_POINT('',(-2.23,-4.,5.));
#1704 = DIRECTION('',(1.445602896647E-16,-1.,0.));
#1705 = DIRECTION('',(1.,1.445602896647E-16,0.));
#1706 = DEFINITIONAL_REPRESENTATION('',(#1707),#1711);
#1707 = LINE('',#1708,#1709);
#1708 = CARTESIAN_POINT('',(-6.,0.));
#1709 = VECTOR('',#1710,1.);
#1710 = DIRECTION('',(0.,-1.));
#1711 = ( GEOMETRIC_REPRESENTATION_CONTEXT(2) 
PARAMETRIC_REPRESENTATION_CONTEXT() REPRESENTATION_CONTEXT('2D SPACE',''
  ) );
#1712 = ORIENTED_EDGE('',*,*,#1713,.F.);
#1713 = EDGE_CURVE('',#1714,#1681,#1716,.T.);
#1714 = VERTEX_POINT('',#1715);
#1715 = CARTESIAN_POINT('',(-9.23,-5.,-4.));
#1716 = SURFACE_CURVE('',#1717,(#1722,#1729),.PCURVE_S1.);
#1717 = CIRCLE('',#1718,1.);
#1718 = AXIS2_PLACEMENT_3D('',#1719,#1720,#1721);
#1719 = CARTESIAN_POINT('',(-8.23,-5.,-4.));
#1720 = DIRECTION('',(0.,0.,-1.));
#1721 = DIRECTION('',(1.,0.,0.));
#1722 = PCURVE('',#1689,#1723);
#1723 = DEFINITIONAL_REPRESENTATION('',(#1724),#1728);
#1724 = LINE('',#1725,#1726);
#1725 = CARTESIAN_POINT('',(-3.14159265359,9.));
#1726 = VECTOR('',#1727,1.);
#1727 = DIRECTION('',(1.,0.));
#1728 = ( GEOMETRIC_REPRESENTATION_CONTEXT(2) 
PARAMETRIC_REPRESENTATION_CONTEXT() REPRESENTATION_CONTEXT('2D SPACE',''
  ) );
#1729 = PCURVE('',#1730,#1735);
#1730 = TOROIDAL_SURFACE('',#1731,2.,1.);
#1731 = AXIS2_PLACEMENT_3D('',#1732,#1733,#1734);
#1732 = CARTESIAN_POINT('',(-8.23,-5.,-4.));
#1733 = DIRECTION('',(0.,0.,1.));
#1734 = DIRECTION('',(1.,0.,-0.));
#1735 = DEFINITIONAL_REPRESENTATION('',(#1736),#1740);
#1736 = LINE('',#1737,#1738);
#1737 = CARTESIAN_POINT('',(6.28318530718,3.14159265359));
#1738 = VECTOR('',#1739,1.);
#1739 = DIRECTION('',(-1.,0.));
#1740 = ( GEOMETRIC_REPRESENTATION_CONTEXT(2) 
PARAMETRIC_REPRESENTATION_CONTEXT() REPRESENTATION_CONTEXT('2D SPACE',''
  ) );
#1741 = ORIENTED_EDGE('',*,*,#1742,.F.);
#1742 = EDGE_CURVE('',#1743,#1714,#1745,.T.);
#1743 = VERTEX_POINT('',#1744);
#1744 = CARTESIAN_POINT('',(-9.23,-5.,3.));
#1745 = SURFACE_CURVE('',#1746,(#1750,#1757),.PCURVE_S1.);
#1746 = LINE('',#1747,#1748);
#1747 = CARTESIAN_POINT('',(-9.23,-5.,5.));
#1748 = VECTOR('',#1749,1.);
#1749 = DIRECTION('',(-0.,-0.,-1.));
#1750 = PCURVE('',#1689,#1751);
#1751 = DEFINITIONAL_REPRESENTATION('',(#1752),#1756);
#1752 = LINE('',#1753,#1754);
#1753 = CARTESIAN_POINT('',(0.,0.));
#1754 = VECTOR('',#1755,1.);
#1755 = DIRECTION('',(0.,1.));
#1756 = ( GEOMETRIC_REPRESENTATION_CONTEXT(2) 
PARAMETRIC_REPRESENTATION_CONTEXT() REPRESENTATION_CONTEXT('2D SPACE',''
  ) );
#1757 = PCURVE('',#1758,#1763);
#1758 = CYLINDRICAL_SURFACE('',#1759,1.);
#1759 = AXIS2_PLACEMENT_3D('',#1760,#1761,#1762);
#1760 = CARTESIAN_POINT('',(-8.23,-5.,5.));
#1761 = DIRECTION('',(-0.,-0.,-1.));
#1762 = DIRECTION('',(-1.,0.,0.));
#1763 = DEFINITIONAL_REPRESENTATION('',(#1764),#1768);
#1764 = LINE('',#1765,#1766);
#1765 = CARTESIAN_POINT('',(6.28318530718,0.));
#1766 = VECTOR('',#1767,1.);
#1767 = DIRECTION('',(0.,1.));
#1768 = ( GEOMETRIC_REPRESENTATION_CONTEXT(2) 
PARAMETRIC_REPRESENTATION_CONTEXT() REPRESENTATION_CONTEXT('2D SPACE',''
  ) );
#1769 = ORIENTED_EDGE('',*,*,#1770,.F.);
#1770 = EDGE_CURVE('',#1679,#1743,#1771,.T.);
#1771 = SURFACE_CURVE('',#1772,(#1777,#1784),.PCURVE_S1.);
#1772 = CIRCLE('',#1773,1.);
#1773 = AXIS2_PLACEMENT_3D('',#1774,#1775,#1776);
#1774 = CARTESIAN_POINT('',(-8.23,-5.,3.));
#1775 = DIRECTION('',(0.,-0.,1.));
#1776 = DIRECTION('',(-1.,0.,0.));
#1777 = PCURVE('',#1689,#1778);
#1778 = DEFINITIONAL_REPRESENTATION('',(#1779),#1783);
#1779 = LINE('',#1780,#1781);
#1780 = CARTESIAN_POINT('',(6.28318530718,2.));
#1781 = VECTOR('',#1782,1.);
#1782 = DIRECTION('',(-1.,0.));
#1783 = ( GEOMETRIC_REPRESENTATION_CONTEXT(2) 
PARAMETRIC_REPRESENTATION_CONTEXT() REPRESENTATION_CONTEXT('2D SPACE',''
  ) );
#1784 = PCURVE('',#1785,#1790);
#1785 = TOROIDAL_SURFACE('',#1786,2.,1.);
#1786 = AXIS2_PLACEMENT_3D('',#1787,#1788,#1789);
#1787 = CARTESIAN_POINT('',(-8.23,-5.,3.));
#1788 = DIRECTION('',(0.,0.,-1.));
#1789 = DIRECTION('',(-1.,0.,0.));
#1790 = DEFINITIONAL_REPRESENTATION('',(#1791),#1795);
#1791 = LINE('',#1792,#1793);
#1792 = CARTESIAN_POINT('',(6.28318530718,3.14159265359));
#1793 = VECTOR('',#1794,1.);
#1794 = DIRECTION('',(-1.,0.));
#1795 = ( GEOMETRIC_REPRESENTATION_CONTEXT(2) 
PARAMETRIC_REPRESENTATION_CONTEXT() REPRESENTATION_CONTEXT('2D SPACE',''
  ) );
#1796 = ADVANCED_FACE('',(#1797),#1811,.F.);
#1797 = FACE_BOUND('',#1798,.F.);
#1798 = EDGE_LOOP('',(#1799,#1834,#1863,#1891));
#1799 = ORIENTED_EDGE('',*,*,#1800,.T.);
#1800 = EDGE_CURVE('',#1801,#1803,#1805,.T.);
#1801 = VERTEX_POINT('',#1802);
#1802 = CARTESIAN_POINT('',(21.77,-4.,3.));
#1803 = VERTEX_POINT('',#1804);
#1804 = CARTESIAN_POINT('',(21.77,-4.,-4.));
#1805 = SURFACE_CURVE('',#1806,(#1810,#1822),.PCURVE_S1.);
#1806 = LINE('',#1807,#1808);
#1807 = CARTESIAN_POINT('',(21.77,-4.,5.));
#1808 = VECTOR('',#1809,1.);
#1809 = DIRECTION('',(-0.,-0.,-1.));
#1810 = PCURVE('',#1811,#1816);
#1811 = CYLINDRICAL_SURFACE('',#1812,1.);
#1812 = AXIS2_PLACEMENT_3D('',#1813,#1814,#1815);
#1813 = CARTESIAN_POINT('',(21.77,-5.,5.));
#1814 = DIRECTION('',(-0.,-0.,-1.));
#1815 = DIRECTION('',(-1.,0.,0.));
#1816 = DEFINITIONAL_REPRESENTATION('',(#1817),#1821);
#1817 = LINE('',#1818,#1819);
#1818 = CARTESIAN_POINT('',(1.570796326795,0.));
#1819 = VECTOR('',#1820,1.);
#1820 = DIRECTION('',(0.,1.));
#1821 = ( GEOMETRIC_REPRESENTATION_CONTEXT(2) 
PARAMETRIC_REPRESENTATION_CONTEXT() REPRESENTATION_CONTEXT('2D SPACE',''
  ) );
#1822 = PCURVE('',#1823,#1828);
#1823 = PLANE('',#1824);
#1824 = AXIS2_PLACEMENT_3D('',#1825,#1826,#1827);
#1825 = CARTESIAN_POINT('',(27.77,-4.,5.));
#1826 = DIRECTION('',(1.445602896647E-16,-1.,0.));
#1827 = DIRECTION('',(1.,1.445602896647E-16,0.));
#1828 = DEFINITIONAL_REPRESENTATION('',(#1829),#1833);
#1829 = LINE('',#1830,#1831);
#1830 = CARTESIAN_POINT('',(-6.,0.));
#1831 = VECTOR('',#1832,1.);
#1832 = DIRECTION('',(0.,-1.));
#1833 = ( GEOMETRIC_REPRESENTATION_CONTEXT(2) 
PARAMETRIC_REPRESENTATION_CONTEXT() REPRESENTATION_CONTEXT('2D SPACE',''
  ) );
#1834 = ORIENTED_EDGE('',*,*,#1835,.F.);
#1835 = EDGE_CURVE('',#1836,#1803,#1838,.T.);
#1836 = VERTEX_POINT('',#1837);
#1837 = CARTESIAN_POINT('',(20.77,-5.,-4.));
#1838 = SURFACE_CURVE('',#1839,(#1844,#1851),.PCURVE_S1.);
#1839 = CIRCLE('',#1840,1.);
#1840 = AXIS2_PLACEMENT_3D('',#1841,#1842,#1843);
#1841 = CARTESIAN_POINT('',(21.77,-5.,-4.));
#1842 = DIRECTION('',(0.,0.,-1.));
#1843 = DIRECTION('',(1.,0.,0.));
#1844 = PCURVE('',#1811,#1845);
#1845 = DEFINITIONAL_REPRESENTATION('',(#1846),#1850);
#1846 = LINE('',#1847,#1848);
#1847 = CARTESIAN_POINT('',(-3.14159265359,9.));
#1848 = VECTOR('',#1849,1.);
#1849 = DIRECTION('',(1.,0.));
#1850 = ( GEOMETRIC_REPRESENTATION_CONTEXT(2) 
PARAMETRIC_REPRESENTATION_CONTEXT() REPRESENTATION_CONTEXT('2D SPACE',''
  ) );
#1851 = PCURVE('',#1852,#1857);
#1852 = TOROIDAL_SURFACE('',#1853,2.,1.);
#1853 = AXIS2_PLACEMENT_3D('',#1854,#1855,#1856);
#1854 = CARTESIAN_POINT('',(21.77,-5.,-4.));
#1855 = DIRECTION('',(0.,0.,1.));
#1856 = DIRECTION('',(1.,0.,-0.));
#1857 = DEFINITIONAL_REPRESENTATION('',(#1858),#1862);
#1858 = LINE('',#1859,#1860);
#1859 = CARTESIAN_POINT('',(6.28318530718,3.14159265359));
#1860 = VECTOR('',#1861,1.);
#1861 = DIRECTION('',(-1.,0.));
#1862 = ( GEOMETRIC_REPRESENTATION_CONTEXT(2) 
PARAMETRIC_REPRESENTATION_CONTEXT() REPRESENTATION_CONTEXT('2D SPACE',''
  ) );
#1863 = ORIENTED_EDGE('',*,*,#1864,.F.);
#1864 = EDGE_CURVE('',#1865,#1836,#1867,.T.);
#1865 = VERTEX_POINT('',#1866);
#1866 = CARTESIAN_POINT('',(20.77,-5.,3.));
#1867 = SURFACE_CURVE('',#1868,(#1872,#1879),.PCURVE_S1.);
#1868 = LINE('',#1869,#1870);
#1869 = CARTESIAN_POINT('',(20.77,-5.,5.));
#1870 = VECTOR('',#1871,1.);
#1871 = DIRECTION('',(-0.,-0.,-1.));
#1872 = PCURVE('',#1811,#1873);
#1873 = DEFINITIONAL_REPRESENTATION('',(#1874),#1878);
#1874 = LINE('',#1875,#1876);
#1875 = CARTESIAN_POINT('',(0.,0.));
#1876 = VECTOR('',#1877,1.);
#1877 = DIRECTION('',(0.,1.));
#1878 = ( GEOMETRIC_REPRESENTATION_CONTEXT(2) 
PARAMETRIC_REPRESENTATION_CONTEXT() REPRESENTATION_CONTEXT('2D SPACE',''
  ) );
#1879 = PCURVE('',#1880,#1885);
#1880 = CYLINDRICAL_SURFACE('',#1881,1.);
#1881 = AXIS2_PLACEMENT_3D('',#1882,#1883,#1884);
#1882 = CARTESIAN_POINT('',(21.77,-5.,5.));
#1883 = DIRECTION('',(-0.,-0.,-1.));
#1884 = DIRECTION('',(-1.,0.,0.));
#1885 = DEFINITIONAL_REPRESENTATION('',(#1886),#1890);
#1886 = LINE('',#1887,#1888);
#1887 = CARTESIAN_POINT('',(6.28318530718,0.));
#1888 = VECTOR('',#1889,1.);
#1889 = DIRECTION('',(0.,1.));
#1890 = ( GEOMETRIC_REPRESENTATION_CONTEXT(2) 
PARAMETRIC_REPRESENTATION_CONTEXT() REPRESENTATION_CONTEXT('2D SPACE',''
  ) );
#1891 = ORIENTED_EDGE('',*,*,#1892,.F.);
#1892 = EDGE_CURVE('',#1801,#1865,#1893,.T.);
#1893 = SURFACE_CURVE('',#1894,(#1899,#1906),.PCURVE_S1.);
#1894 = CIRCLE('',#1895,1.);
#1895 = AXIS2_PLACEMENT_3D('',#1896,#1897,#1898);
#1896 = CARTESIAN_POINT('',(21.77,-5.,3.));
#1897 = DIRECTION('',(0.,-0.,1.));
#1898 = DIRECTION('',(-1.,0.,0.));
#1899 = PCURVE('',#1811,#1900);
#1900 = DEFINITIONAL_REPRESENTATION('',(#1901),#1905);
#1901 = LINE('',#1902,#1903);
#1902 = CARTESIAN_POINT('',(6.28318530718,2.));
#1903 = VECTOR('',#1904,1.);
#1904 = DIRECTION('',(-1.,0.));
#1905 = ( GEOMETRIC_REPRESENTATION_CONTEXT(2) 
PARAMETRIC_REPRESENTATION_CONTEXT() REPRESENTATION_CONTEXT('2D SPACE',''
  ) );
#1906 = PCURVE('',#1907,#1912);
#1907 = TOROIDAL_SURFACE('',#1908,2.,1.);
#1908 = AXIS2_PLACEMENT_3D('',#1909,#1910,#1911);
#1909 = CARTESIAN_POINT('',(21.77,-5.,3.));
#1910 = DIRECTION('',(0.,0.,-1.));
#1911 = DIRECTION('',(-1.,0.,0.));
#1912 = DEFINITIONAL_REPRESENTATION('',(#1913),#1917);
#1913 = LINE('',#1914,#1915);
#1914 = CARTESIAN_POINT('',(6.28318530718,3.14159265359));
#1915 = VECTOR('',#1916,1.);
#1916 = DIRECTION('',(-1.,0.));
#1917 = ( GEOMETRIC_REPRESENTATION_CONTEXT(2) 
PARAMETRIC_REPRESENTATION_CONTEXT() REPRESENTATION_CONTEXT('2D SPACE',''
  ) );
#1918 = ADVANCED_FACE('',(#1919),#1934,.T.);
#1919 = FACE_BOUND('',#1920,.T.);
#1920 = EDGE_LOOP('',(#1921,#1957,#1986,#2010));
#1921 = ORIENTED_EDGE('',*,*,#1922,.F.);
#1922 = EDGE_CURVE('',#1923,#1925,#1927,.T.);
#1923 = VERTEX_POINT('',#1924);
#1924 = CARTESIAN_POINT('',(58.77,5.,-4.));
#1925 = VERTEX_POINT('',#1926);
#1926 = CARTESIAN_POINT('',(57.77,4.,-4.));
#1927 = SURFACE_CURVE('',#1928,(#1933,#1945),.PCURVE_S1.);
#1928 = CIRCLE('',#1929,1.);
#1929 = AXIS2_PLACEMENT_3D('',#1930,#1931,#1932);
#1930 = CARTESIAN_POINT('',(57.77,5.,-4.));
#1931 = DIRECTION('',(0.,0.,-1.));
#1932 = DIRECTION('',(1.,0.,0.));
#1933 = PCURVE('',#1934,#1939);
#1934 = TOROIDAL_SURFACE('',#1935,2.,1.);
#1935 = AXIS2_PLACEMENT_3D('',#1936,#1937,#1938);
#1936 = CARTESIAN_POINT('',(57.77,5.,-4.));
#1937 = DIRECTION('',(0.,0.,1.));
#1938 = DIRECTION('',(1.,0.,-0.));
#1939 = DEFINITIONAL_REPRESENTATION('',(#1940),#1944);
#1940 = LINE('',#1941,#1942);
#1941 = CARTESIAN_POINT('',(6.28318530718,3.14159265359));
#1942 = VECTOR('',#1943,1.);
#1943 = DIRECTION('',(-1.,0.));
#1944 = ( GEOMETRIC_REPRESENTATION_CONTEXT(2) 
PARAMETRIC_REPRESENTATION_CONTEXT() REPRESENTATION_CONTEXT('2D SPACE',''
  ) );
#1945 = PCURVE('',#1946,#1951);
#1946 = CYLINDRICAL_SURFACE('',#1947,1.);
#1947 = AXIS2_PLACEMENT_3D('',#1948,#1949,#1950);
#1948 = CARTESIAN_POINT('',(57.77,5.,5.));
#1949 = DIRECTION('',(-0.,-0.,-1.));
#1950 = DIRECTION('',(-1.,0.,0.));
#1951 = DEFINITIONAL_REPRESENTATION('',(#1952),#1956);
#1952 = LINE('',#1953,#1954);
#1953 = CARTESIAN_POINT('',(3.14159265359,9.));
#1954 = VECTOR('',#1955,1.);
#1955 = DIRECTION('',(1.,0.));
#1956 = ( GEOMETRIC_REPRESENTATION_CONTEXT(2) 
PARAMETRIC_REPRESENTATION_CONTEXT() REPRESENTATION_CONTEXT('2D SPACE',''
  ) );
#1957 = ORIENTED_EDGE('',*,*,#1958,.T.);
#1958 = EDGE_CURVE('',#1923,#1959,#1961,.T.);
#1959 = VERTEX_POINT('',#1960);
#1960 = CARTESIAN_POINT('',(59.77,5.,-5.));
#1961 = SURFACE_CURVE('',#1962,(#1967,#1974),.PCURVE_S1.);
#1962 = CIRCLE('',#1963,1.);
#1963 = AXIS2_PLACEMENT_3D('',#1964,#1965,#1966);
#1964 = CARTESIAN_POINT('',(59.77,5.,-4.));
#1965 = DIRECTION('',(0.,-1.,0.));
#1966 = DIRECTION('',(0.,0.,-1.));
#1967 = PCURVE('',#1934,#1968);
#1968 = DEFINITIONAL_REPRESENTATION('',(#1969),#1973);
#1969 = LINE('',#1970,#1971);
#1970 = CARTESIAN_POINT('',(6.28318530718,-1.570796326795));
#1971 = VECTOR('',#1972,1.);
#1972 = DIRECTION('',(0.,1.));
#1973 = ( GEOMETRIC_REPRESENTATION_CONTEXT(2) 
PARAMETRIC_REPRESENTATION_CONTEXT() REPRESENTATION_CONTEXT('2D SPACE',''
  ) );
#1974 = PCURVE('',#1975,#1980);
#1975 = TOROIDAL_SURFACE('',#1976,2.,1.);
#1976 = AXIS2_PLACEMENT_3D('',#1977,#1978,#1979);
#1977 = CARTESIAN_POINT('',(57.77,5.,-4.));
#1978 = DIRECTION('',(0.,0.,1.));
#1979 = DIRECTION('',(1.,0.,-0.));
#1980 = DEFINITIONAL_REPRESENTATION('',(#1981),#1985);
#1981 = LINE('',#1982,#1983);
#1982 = CARTESIAN_POINT('',(0.,-1.570796326795));
#1983 = VECTOR('',#1984,1.);
#1984 = DIRECTION('',(0.,1.));
#1985 = ( GEOMETRIC_REPRESENTATION_CONTEXT(2) 
PARAMETRIC_REPRESENTATION_CONTEXT() REPRESENTATION_CONTEXT('2D SPACE',''
  ) );
#1986 = ORIENTED_EDGE('',*,*,#1987,.F.);
#1987 = EDGE_CURVE('',#1988,#1959,#1990,.T.);
#1988 = VERTEX_POINT('',#1989);
#1989 = CARTESIAN_POINT('',(57.77,3.,-5.));
#1990 = SURFACE_CURVE('',#1991,(#1996,#2003),.PCURVE_S1.);
#1991 = CIRCLE('',#1992,2.);
#1992 = AXIS2_PLACEMENT_3D('',#1993,#1994,#1995);
#1993 = CARTESIAN_POINT('',(57.77,5.,-5.));
#1994 = DIRECTION('',(0.,0.,1.));
#1995 = DIRECTION('',(1.,0.,-0.));
#1996 = PCURVE('',#1934,#1997);
#1997 = DEFINITIONAL_REPRESENTATION('',(#1998),#2002);
#1998 = LINE('',#1999,#2000);
#1999 = CARTESIAN_POINT('',(0.,4.712388980385));
#2000 = VECTOR('',#2001,1.);
#2001 = DIRECTION('',(1.,-1.130863886743E-15));
#2002 = ( GEOMETRIC_REPRESENTATION_CONTEXT(2) 
PARAMETRIC_REPRESENTATION_CONTEXT() REPRESENTATION_CONTEXT('2D SPACE',''
  ) );
#2003 = PCURVE('',#103,#2004);
#2004 = DEFINITIONAL_REPRESENTATION('',(#2005),#2009);
#2005 = CIRCLE('',#2006,2.);
#2006 = AXIS2_PLACEMENT_2D('',#2007,#2008);
#2007 = CARTESIAN_POINT('',(-27.,5.));
#2008 = DIRECTION('',(1.,0.));
#2009 = ( GEOMETRIC_REPRESENTATION_CONTEXT(2) 
PARAMETRIC_REPRESENTATION_CONTEXT() REPRESENTATION_CONTEXT('2D SPACE',''
  ) );
#2010 = ORIENTED_EDGE('',*,*,#2011,.F.);
#2011 = EDGE_CURVE('',#1925,#1988,#2012,.T.);
#2012 = SURFACE_CURVE('',#2013,(#2018,#2025),.PCURVE_S1.);
#2013 = CIRCLE('',#2014,1.);
#2014 = AXIS2_PLACEMENT_3D('',#2015,#2016,#2017);
#2015 = CARTESIAN_POINT('',(57.77,3.,-4.));
#2016 = DIRECTION('',(-1.,0.,0.));
#2017 = DIRECTION('',(0.,0.,1.));
#2018 = PCURVE('',#1934,#2019);
#2019 = DEFINITIONAL_REPRESENTATION('',(#2020),#2024);
#2020 = LINE('',#2021,#2022);
#2021 = CARTESIAN_POINT('',(4.712388980385,1.570796326795));
#2022 = VECTOR('',#2023,1.);
#2023 = DIRECTION('',(0.,1.));
#2024 = ( GEOMETRIC_REPRESENTATION_CONTEXT(2) 
PARAMETRIC_REPRESENTATION_CONTEXT() REPRESENTATION_CONTEXT('2D SPACE',''
  ) );
#2025 = PCURVE('',#2026,#2031);
#2026 = CYLINDRICAL_SURFACE('',#2027,1.);
#2027 = AXIS2_PLACEMENT_3D('',#2028,#2029,#2030);
#2028 = CARTESIAN_POINT('',(57.77,3.,-4.));
#2029 = DIRECTION('',(-1.,1.445602896647E-16,0.));
#2030 = DIRECTION('',(-1.445602896647E-16,-1.,0.));
#2031 = DEFINITIONAL_REPRESENTATION('',(#2032),#2036);
#2032 = LINE('',#2033,#2034);
#2033 = CARTESIAN_POINT('',(1.570796326795,0.));
#2034 = VECTOR('',#2035,1.);
#2035 = DIRECTION('',(1.,0.));
#2036 = ( GEOMETRIC_REPRESENTATION_CONTEXT(2) 
PARAMETRIC_REPRESENTATION_CONTEXT() REPRESENTATION_CONTEXT('2D SPACE',''
  ) );
#2037 = ADVANCED_FACE('',(#2038),#2053,.T.);
#2038 = FACE_BOUND('',#2039,.T.);
#2039 = EDGE_LOOP('',(#2040,#2076,#2105,#2129));
#2040 = ORIENTED_EDGE('',*,*,#2041,.F.);
#2041 = EDGE_CURVE('',#2042,#2044,#2046,.T.);
#2042 = VERTEX_POINT('',#2043);
#2043 = CARTESIAN_POINT('',(58.77,-5.,-4.));
#2044 = VERTEX_POINT('',#2045);
#2045 = CARTESIAN_POINT('',(57.77,-6.,-4.));
#2046 = SURFACE_CURVE('',#2047,(#2052,#2064),.PCURVE_S1.);
#2047 = CIRCLE('',#2048,1.);
#2048 = AXIS2_PLACEMENT_3D('',#2049,#2050,#2051);
#2049 = CARTESIAN_POINT('',(57.77,-5.,-4.));
#2050 = DIRECTION('',(0.,0.,-1.));
#2051 = DIRECTION('',(1.,0.,0.));
#2052 = PCURVE('',#2053,#2058);
#2053 = TOROIDAL_SURFACE('',#2054,2.,1.);
#2054 = AXIS2_PLACEMENT_3D('',#2055,#2056,#2057);
#2055 = CARTESIAN_POINT('',(57.77,-5.,-4.));
#2056 = DIRECTION('',(0.,0.,1.));
#2057 = DIRECTION('',(1.,0.,-0.));
#2058 = DEFINITIONAL_REPRESENTATION('',(#2059),#2063);
#2059 = LINE('',#2060,#2061);
#2060 = CARTESIAN_POINT('',(6.28318530718,3.14159265359));
#2061 = VECTOR('',#2062,1.);
#2062 = DIRECTION('',(-1.,0.));
#2063 = ( GEOMETRIC_REPRESENTATION_CONTEXT(2) 
PARAMETRIC_REPRESENTATION_CONTEXT() REPRESENTATION_CONTEXT('2D SPACE',''
  ) );
#2064 = PCURVE('',#2065,#2070);
#2065 = CYLINDRICAL_SURFACE('',#2066,1.);
#2066 = AXIS2_PLACEMENT_3D('',#2067,#2068,#2069);
#2067 = CARTESIAN_POINT('',(57.77,-5.,5.));
#2068 = DIRECTION('',(-0.,-0.,-1.));
#2069 = DIRECTION('',(-1.,0.,0.));
#2070 = DEFINITIONAL_REPRESENTATION('',(#2071),#2075);
#2071 = LINE('',#2072,#2073);
#2072 = CARTESIAN_POINT('',(3.14159265359,9.));
#2073 = VECTOR('',#2074,1.);
#2074 = DIRECTION('',(1.,0.));
#2075 = ( GEOMETRIC_REPRESENTATION_CONTEXT(2) 
PARAMETRIC_REPRESENTATION_CONTEXT() REPRESENTATION_CONTEXT('2D SPACE',''
  ) );
#2076 = ORIENTED_EDGE('',*,*,#2077,.T.);
#2077 = EDGE_CURVE('',#2042,#2078,#2080,.T.);
#2078 = VERTEX_POINT('',#2079);
#2079 = CARTESIAN_POINT('',(59.77,-5.,-5.));
#2080 = SURFACE_CURVE('',#2081,(#2086,#2093),.PCURVE_S1.);
#2081 = CIRCLE('',#2082,1.);
#2082 = AXIS2_PLACEMENT_3D('',#2083,#2084,#2085);
#2083 = CARTESIAN_POINT('',(59.77,-5.,-4.));
#2084 = DIRECTION('',(0.,-1.,0.));
#2085 = DIRECTION('',(0.,0.,-1.));
#2086 = PCURVE('',#2053,#2087);
#2087 = DEFINITIONAL_REPRESENTATION('',(#2088),#2092);
#2088 = LINE('',#2089,#2090);
#2089 = CARTESIAN_POINT('',(6.28318530718,-1.570796326795));
#2090 = VECTOR('',#2091,1.);
#2091 = DIRECTION('',(0.,1.));
#2092 = ( GEOMETRIC_REPRESENTATION_CONTEXT(2) 
PARAMETRIC_REPRESENTATION_CONTEXT() REPRESENTATION_CONTEXT('2D SPACE',''
  ) );
#2093 = PCURVE('',#2094,#2099);
#2094 = TOROIDAL_SURFACE('',#2095,2.,1.);
#2095 = AXIS2_PLACEMENT_3D('',#2096,#2097,#2098);
#2096 = CARTESIAN_POINT('',(57.77,-5.,-4.));
#2097 = DIRECTION('',(0.,0.,1.));
#2098 = DIRECTION('',(1.,0.,-0.));
#2099 = DEFINITIONAL_REPRESENTATION('',(#2100),#2104);
#2100 = LINE('',#2101,#2102);
#2101 = CARTESIAN_POINT('',(0.,-1.570796326795));
#2102 = VECTOR('',#2103,1.);
#2103 = DIRECTION('',(0.,1.));
#2104 = ( GEOMETRIC_REPRESENTATION_CONTEXT(2) 
PARAMETRIC_REPRESENTATION_CONTEXT() REPRESENTATION_CONTEXT('2D SPACE',''
  ) );
#2105 = ORIENTED_EDGE('',*,*,#2106,.F.);
#2106 = EDGE_CURVE('',#2107,#2078,#2109,.T.);
#2107 = VERTEX_POINT('',#2108);
#2108 = CARTESIAN_POINT('',(57.77,-7.,-5.));
#2109 = SURFACE_CURVE('',#2110,(#2115,#2122),.PCURVE_S1.);
#2110 = CIRCLE('',#2111,2.);
#2111 = AXIS2_PLACEMENT_3D('',#2112,#2113,#2114);
#2112 = CARTESIAN_POINT('',(57.77,-5.,-5.));
#2113 = DIRECTION('',(0.,0.,1.));
#2114 = DIRECTION('',(1.,0.,-0.));
#2115 = PCURVE('',#2053,#2116);
#2116 = DEFINITIONAL_REPRESENTATION('',(#2117),#2121);
#2117 = LINE('',#2118,#2119);
#2118 = CARTESIAN_POINT('',(0.,4.712388980385));
#2119 = VECTOR('',#2120,1.);
#2120 = DIRECTION('',(1.,-1.130863886743E-15));
#2121 = ( GEOMETRIC_REPRESENTATION_CONTEXT(2) 
PARAMETRIC_REPRESENTATION_CONTEXT() REPRESENTATION_CONTEXT('2D SPACE',''
  ) );
#2122 = PCURVE('',#103,#2123);
#2123 = DEFINITIONAL_REPRESENTATION('',(#2124),#2128);
#2124 = CIRCLE('',#2125,2.);
#2125 = AXIS2_PLACEMENT_2D('',#2126,#2127);
#2126 = CARTESIAN_POINT('',(-27.,-5.));
#2127 = DIRECTION('',(1.,0.));
#2128 = ( GEOMETRIC_REPRESENTATION_CONTEXT(2) 
PARAMETRIC_REPRESENTATION_CONTEXT() REPRESENTATION_CONTEXT('2D SPACE',''
  ) );
#2129 = ORIENTED_EDGE('',*,*,#2130,.T.);
#2130 = EDGE_CURVE('',#2107,#2044,#2131,.T.);
#2131 = SURFACE_CURVE('',#2132,(#2137,#2144),.PCURVE_S1.);
#2132 = CIRCLE('',#2133,1.);
#2133 = AXIS2_PLACEMENT_3D('',#2134,#2135,#2136);
#2134 = CARTESIAN_POINT('',(57.77,-7.,-4.));
#2135 = DIRECTION('',(1.,-0.,0.));
#2136 = DIRECTION('',(0.,0.,-1.));
#2137 = PCURVE('',#2053,#2138);
#2138 = DEFINITIONAL_REPRESENTATION('',(#2139),#2143);
#2139 = LINE('',#2140,#2141);
#2140 = CARTESIAN_POINT('',(4.712388980385,4.712388980385));
#2141 = VECTOR('',#2142,1.);
#2142 = DIRECTION('',(0.,-1.));
#2143 = ( GEOMETRIC_REPRESENTATION_CONTEXT(2) 
PARAMETRIC_REPRESENTATION_CONTEXT() REPRESENTATION_CONTEXT('2D SPACE',''
  ) );
#2144 = PCURVE('',#2145,#2150);
#2145 = CYLINDRICAL_SURFACE('',#2146,1.);
#2146 = AXIS2_PLACEMENT_3D('',#2147,#2148,#2149);
#2147 = CARTESIAN_POINT('',(84.77,-7.,-4.));
#2148 = DIRECTION('',(-1.,-1.445602896647E-16,0.));
#2149 = DIRECTION('',(1.445602896647E-16,-1.,0.));
#2150 = DEFINITIONAL_REPRESENTATION('',(#2151),#2155);
#2151 = LINE('',#2152,#2153);
#2152 = CARTESIAN_POINT('',(4.712388980385,27.));
#2153 = VECTOR('',#2154,1.);
#2154 = DIRECTION('',(-1.,0.));
#2155 = ( GEOMETRIC_REPRESENTATION_CONTEXT(2) 
PARAMETRIC_REPRESENTATION_CONTEXT() REPRESENTATION_CONTEXT('2D SPACE',''
  ) );
#2156 = ADVANCED_FACE('',(#2157),#2171,.F.);
#2157 = FACE_BOUND('',#2158,.F.);
#2158 = EDGE_LOOP('',(#2159,#2194,#2223,#2251));
#2159 = ORIENTED_EDGE('',*,*,#2160,.T.);
#2160 = EDGE_CURVE('',#2161,#2163,#2165,.T.);
#2161 = VERTEX_POINT('',#2162);
#2162 = CARTESIAN_POINT('',(51.77,-4.,3.));
#2163 = VERTEX_POINT('',#2164);
#2164 = CARTESIAN_POINT('',(51.77,-4.,-4.));
#2165 = SURFACE_CURVE('',#2166,(#2170,#2182),.PCURVE_S1.);
#2166 = LINE('',#2167,#2168);
#2167 = CARTESIAN_POINT('',(51.77,-4.,5.));
#2168 = VECTOR('',#2169,1.);
#2169 = DIRECTION('',(-0.,-0.,-1.));
#2170 = PCURVE('',#2171,#2176);
#2171 = CYLINDRICAL_SURFACE('',#2172,1.);
#2172 = AXIS2_PLACEMENT_3D('',#2173,#2174,#2175);
#2173 = CARTESIAN_POINT('',(51.77,-5.,5.));
#2174 = DIRECTION('',(-0.,-0.,-1.));
#2175 = DIRECTION('',(-1.,0.,0.));
#2176 = DEFINITIONAL_REPRESENTATION('',(#2177),#2181);
#2177 = LINE('',#2178,#2179);
#2178 = CARTESIAN_POINT('',(1.570796326795,0.));
#2179 = VECTOR('',#2180,1.);
#2180 = DIRECTION('',(0.,1.));
#2181 = ( GEOMETRIC_REPRESENTATION_CONTEXT(2) 
PARAMETRIC_REPRESENTATION_CONTEXT() REPRESENTATION_CONTEXT('2D SPACE',''
  ) );
#2182 = PCURVE('',#2183,#2188);
#2183 = PLANE('',#2184);
#2184 = AXIS2_PLACEMENT_3D('',#2185,#2186,#2187);
#2185 = CARTESIAN_POINT('',(57.77,-4.,5.));
#2186 = DIRECTION('',(1.445602896647E-16,-1.,0.));
#2187 = DIRECTION('',(1.,1.445602896647E-16,0.));
#2188 = DEFINITIONAL_REPRESENTATION('',(#2189),#2193);
#2189 = LINE('',#2190,#2191);
#2190 = CARTESIAN_POINT('',(-6.,0.));
#2191 = VECTOR('',#2192,1.);
#2192 = DIRECTION('',(0.,-1.));
#2193 = ( GEOMETRIC_REPRESENTATION_CONTEXT(2) 
PARAMETRIC_REPRESENTATION_CONTEXT() REPRESENTATION_CONTEXT('2D SPACE',''
  ) );
#2194 = ORIENTED_EDGE('',*,*,#2195,.F.);
#2195 = EDGE_CURVE('',#2196,#2163,#2198,.T.);
#2196 = VERTEX_POINT('',#2197);
#2197 = CARTESIAN_POINT('',(50.77,-5.,-4.));
#2198 = SURFACE_CURVE('',#2199,(#2204,#2211),.PCURVE_S1.);
#2199 = CIRCLE('',#2200,1.);
#2200 = AXIS2_PLACEMENT_3D('',#2201,#2202,#2203);
#2201 = CARTESIAN_POINT('',(51.77,-5.,-4.));
#2202 = DIRECTION('',(0.,0.,-1.));
#2203 = DIRECTION('',(1.,0.,0.));
#2204 = PCURVE('',#2171,#2205);
#2205 = DEFINITIONAL_REPRESENTATION('',(#2206),#2210);
#2206 = LINE('',#2207,#2208);
#2207 = CARTESIAN_POINT('',(-3.14159265359,9.));
#2208 = VECTOR('',#2209,1.);
#2209 = DIRECTION('',(1.,0.));
#2210 = ( GEOMETRIC_REPRESENTATION_CONTEXT(2) 
PARAMETRIC_REPRESENTATION_CONTEXT() REPRESENTATION_CONTEXT('2D SPACE',''
  ) );
#2211 = PCURVE('',#2212,#2217);
#2212 = TOROIDAL_SURFACE('',#2213,2.,1.);
#2213 = AXIS2_PLACEMENT_3D('',#2214,#2215,#2216);
#2214 = CARTESIAN_POINT('',(51.77,-5.,-4.));
#2215 = DIRECTION('',(0.,0.,1.));
#2216 = DIRECTION('',(1.,0.,-0.));
#2217 = DEFINITIONAL_REPRESENTATION('',(#2218),#2222);
#2218 = LINE('',#2219,#2220);
#2219 = CARTESIAN_POINT('',(6.28318530718,3.14159265359));
#2220 = VECTOR('',#2221,1.);
#2221 = DIRECTION('',(-1.,0.));
#2222 = ( GEOMETRIC_REPRESENTATION_CONTEXT(2) 
PARAMETRIC_REPRESENTATION_CONTEXT() REPRESENTATION_CONTEXT('2D SPACE',''
  ) );
#2223 = ORIENTED_EDGE('',*,*,#2224,.F.);
#2224 = EDGE_CURVE('',#2225,#2196,#2227,.T.);
#2225 = VERTEX_POINT('',#2226);
#2226 = CARTESIAN_POINT('',(50.77,-5.,3.));
#2227 = SURFACE_CURVE('',#2228,(#2232,#2239),.PCURVE_S1.);
#2228 = LINE('',#2229,#2230);
#2229 = CARTESIAN_POINT('',(50.77,-5.,5.));
#2230 = VECTOR('',#2231,1.);
#2231 = DIRECTION('',(-0.,-0.,-1.));
#2232 = PCURVE('',#2171,#2233);
#2233 = DEFINITIONAL_REPRESENTATION('',(#2234),#2238);
#2234 = LINE('',#2235,#2236);
#2235 = CARTESIAN_POINT('',(0.,0.));
#2236 = VECTOR('',#2237,1.);
#2237 = DIRECTION('',(0.,1.));
#2238 = ( GEOMETRIC_REPRESENTATION_CONTEXT(2) 
PARAMETRIC_REPRESENTATION_CONTEXT() REPRESENTATION_CONTEXT('2D SPACE',''
  ) );
#2239 = PCURVE('',#2240,#2245);
#2240 = CYLINDRICAL_SURFACE('',#2241,1.);
#2241 = AXIS2_PLACEMENT_3D('',#2242,#2243,#2244);
#2242 = CARTESIAN_POINT('',(51.77,-5.,5.));
#2243 = DIRECTION('',(-0.,-0.,-1.));
#2244 = DIRECTION('',(-1.,0.,0.));
#2245 = DEFINITIONAL_REPRESENTATION('',(#2246),#2250);
#2246 = LINE('',#2247,#2248);
#2247 = CARTESIAN_POINT('',(6.28318530718,0.));
#2248 = VECTOR('',#2249,1.);
#2249 = DIRECTION('',(0.,1.));
#2250 = ( GEOMETRIC_REPRESENTATION_CONTEXT(2) 
PARAMETRIC_REPRESENTATION_CONTEXT() REPRESENTATION_CONTEXT('2D SPACE',''
  ) );
#2251 = ORIENTED_EDGE('',*,*,#2252,.F.);
#2252 = EDGE_CURVE('',#2161,#2225,#2253,.T.);
#2253 = SURFACE_CURVE('',#2254,(#2259,#2266),.PCURVE_S1.);
#2254 = CIRCLE('',#2255,1.);
#2255 = AXIS2_PLACEMENT_3D('',#2256,#2257,#2258);
#2256 = CARTESIAN_POINT('',(51.77,-5.,3.));
#2257 = DIRECTION('',(0.,-0.,1.));
#2258 = DIRECTION('',(-1.,0.,0.));
#2259 = PCURVE('',#2171,#2260);
#2260 = DEFINITIONAL_REPRESENTATION('',(#2261),#2265);
#2261 = LINE('',#2262,#2263);
#2262 = CARTESIAN_POINT('',(6.28318530718,2.));
#2263 = VECTOR('',#2264,1.);
#2264 = DIRECTION('',(-1.,0.));
#2265 = ( GEOMETRIC_REPRESENTATION_CONTEXT(2) 
PARAMETRIC_REPRESENTATION_CONTEXT() REPRESENTATION_CONTEXT('2D SPACE',''
  ) );
#2266 = PCURVE('',#2267,#2272);
#2267 = TOROIDAL_SURFACE('',#2268,2.,1.);
#2268 = AXIS2_PLACEMENT_3D('',#2269,#2270,#2271);
#2269 = CARTESIAN_POINT('',(51.77,-5.,3.));
#2270 = DIRECTION('',(0.,0.,-1.));
#2271 = DIRECTION('',(-1.,0.,0.));
#2272 = DEFINITIONAL_REPRESENTATION('',(#2273),#2277);
#2273 = LINE('',#2274,#2275);
#2274 = CARTESIAN_POINT('',(6.28318530718,3.14159265359));
#2275 = VECTOR('',#2276,1.);
#2276 = DIRECTION('',(-1.,0.));
#2277 = ( GEOMETRIC_REPRESENTATION_CONTEXT(2) 
PARAMETRIC_REPRESENTATION_CONTEXT() REPRESENTATION_CONTEXT('2D SPACE',''
  ) );
#2278 = ADVANCED_FACE('',(#2279),#2294,.T.);
#2279 = FACE_BOUND('',#2280,.T.);
#2280 = EDGE_LOOP('',(#2281,#2321,#2350,#2379));
#2281 = ORIENTED_EDGE('',*,*,#2282,.F.);
#2282 = EDGE_CURVE('',#2283,#2285,#2287,.T.);
#2283 = VERTEX_POINT('',#2284);
#2284 = CARTESIAN_POINT('',(71.77,1.592040838892E-15,5.));
#2285 = VERTEX_POINT('',#2286);
#2286 = CARTESIAN_POINT('',(97.77,0.,5.));
#2287 = SURFACE_CURVE('',#2288,(#2293,#2305),.PCURVE_S1.);
#2288 = CIRCLE('',#2289,13.);
#2289 = AXIS2_PLACEMENT_3D('',#2290,#2291,#2292);
#2290 = CARTESIAN_POINT('',(84.77,0.,5.));
#2291 = DIRECTION('',(0.,0.,-1.));
#2292 = DIRECTION('',(1.,0.,0.));
#2293 = PCURVE('',#2294,#2299);
#2294 = TOROIDAL_SURFACE('',#2295,13.,0.5);
#2295 = AXIS2_PLACEMENT_3D('',#2296,#2297,#2298);
#2296 = CARTESIAN_POINT('',(84.77,0.,4.5));
#2297 = DIRECTION('',(0.,0.,1.));
#2298 = DIRECTION('',(1.,0.,-0.));
#2299 = DEFINITIONAL_REPRESENTATION('',(#2300),#2304);
#2300 = LINE('',#2301,#2302);
#2301 = CARTESIAN_POINT('',(6.28318530718,1.570796326795));
#2302 = VECTOR('',#2303,1.);
#2303 = DIRECTION('',(-1.,0.));
#2304 = ( GEOMETRIC_REPRESENTATION_CONTEXT(2) 
PARAMETRIC_REPRESENTATION_CONTEXT() REPRESENTATION_CONTEXT('2D SPACE',''
  ) );
#2305 = PCURVE('',#2306,#2311);
#2306 = PLANE('',#2307);
#2307 = AXIS2_PLACEMENT_3D('',#2308,#2309,#2310);
#2308 = CARTESIAN_POINT('',(84.77,0.,5.));
#2309 = DIRECTION('',(0.,0.,1.));
#2310 = DIRECTION('',(1.,0.,-0.));
#2311 = DEFINITIONAL_REPRESENTATION('',(#2312),#2320);
#2312 = ( BOUNDED_CURVE() B_SPLINE_CURVE(2,(#2313,#2314,#2315,#2316,
#2317,#2318,#2319),.UNSPECIFIED.,.T.,.F.) B_SPLINE_CURVE_WITH_KNOTS((1,2
    ,2,2,2,1),(-2.094395102393,0.,2.094395102393,4.188790204786,
6.28318530718,8.377580409573),.UNSPECIFIED.) CURVE() 
GEOMETRIC_REPRESENTATION_ITEM() RATIONAL_B_SPLINE_CURVE((1.,0.5,1.,0.5,
1.,0.5,1.)) REPRESENTATION_ITEM('') );
#2313 = CARTESIAN_POINT('',(13.,0.));
#2314 = CARTESIAN_POINT('',(13.,-22.51666049839));
#2315 = CARTESIAN_POINT('',(-6.5,-11.25833024919));
#2316 = CARTESIAN_POINT('',(-26.,-3.184081677783E-15));
#2317 = CARTESIAN_POINT('',(-6.5,11.258330249198));
#2318 = CARTESIAN_POINT('',(13.,22.516660498395));
#2319 = CARTESIAN_POINT('',(13.,0.));
#2320 = ( GEOMETRIC_REPRESENTATION_CONTEXT(2) 
PARAMETRIC_REPRESENTATION_CONTEXT() REPRESENTATION_CONTEXT('2D SPACE',''
  ) );
#2321 = ORIENTED_EDGE('',*,*,#2322,.T.);
#2322 = EDGE_CURVE('',#2283,#2323,#2325,.T.);
#2323 = VERTEX_POINT('',#2324);
#2324 = CARTESIAN_POINT('',(72.27,1.530808498934E-15,4.5));
#2325 = SURFACE_CURVE('',#2326,(#2331,#2338),.PCURVE_S1.);
#2326 = CIRCLE('',#2327,0.5);
#2327 = AXIS2_PLACEMENT_3D('',#2328,#2329,#2330);
#2328 = CARTESIAN_POINT('',(71.77,1.592040838892E-15,4.5));
#2329 = DIRECTION('',(1.224646799147E-16,1.,-0.));
#2330 = DIRECTION('',(-1.,1.224646799147E-16,0.));
#2331 = PCURVE('',#2294,#2332);
#2332 = DEFINITIONAL_REPRESENTATION('',(#2333),#2337);
#2333 = LINE('',#2334,#2335);
#2334 = CARTESIAN_POINT('',(3.14159265359,7.105427357601E-15));
#2335 = VECTOR('',#2336,1.);
#2336 = DIRECTION('',(0.,1.));
#2337 = ( GEOMETRIC_REPRESENTATION_CONTEXT(2) 
PARAMETRIC_REPRESENTATION_CONTEXT() REPRESENTATION_CONTEXT('2D SPACE',''
  ) );
#2338 = PCURVE('',#2339,#2344);
#2339 = TOROIDAL_SURFACE('',#2340,13.,0.5);
#2340 = AXIS2_PLACEMENT_3D('',#2341,#2342,#2343);
#2341 = CARTESIAN_POINT('',(84.77,0.,4.5));
#2342 = DIRECTION('',(0.,0.,1.));
#2343 = DIRECTION('',(1.,0.,-0.));
#2344 = DEFINITIONAL_REPRESENTATION('',(#2345),#2349);
#2345 = LINE('',#2346,#2347);
#2346 = CARTESIAN_POINT('',(3.14159265359,7.105427357601E-15));
#2347 = VECTOR('',#2348,1.);
#2348 = DIRECTION('',(0.,1.));
#2349 = ( GEOMETRIC_REPRESENTATION_CONTEXT(2) 
PARAMETRIC_REPRESENTATION_CONTEXT() REPRESENTATION_CONTEXT('2D SPACE',''
  ) );
#2350 = ORIENTED_EDGE('',*,*,#2351,.F.);
#2351 = EDGE_CURVE('',#2352,#2323,#2354,.T.);
#2352 = VERTEX_POINT('',#2353);
#2353 = CARTESIAN_POINT('',(97.27,0.,4.5));
#2354 = SURFACE_CURVE('',#2355,(#2360,#2367),.PCURVE_S1.);
#2355 = CIRCLE('',#2356,12.5);
#2356 = AXIS2_PLACEMENT_3D('',#2357,#2358,#2359);
#2357 = CARTESIAN_POINT('',(84.77,0.,4.5));
#2358 = DIRECTION('',(0.,0.,1.));
#2359 = DIRECTION('',(1.,0.,-0.));
#2360 = PCURVE('',#2294,#2361);
#2361 = DEFINITIONAL_REPRESENTATION('',(#2362),#2366);
#2362 = LINE('',#2363,#2364);
#2363 = CARTESIAN_POINT('',(0.,3.14159265359));
#2364 = VECTOR('',#2365,1.);
#2365 = DIRECTION('',(1.,0.));
#2366 = ( GEOMETRIC_REPRESENTATION_CONTEXT(2) 
PARAMETRIC_REPRESENTATION_CONTEXT() REPRESENTATION_CONTEXT('2D SPACE',''
  ) );
#2367 = PCURVE('',#2368,#2373);
#2368 = CYLINDRICAL_SURFACE('',#2369,12.5);
#2369 = AXIS2_PLACEMENT_3D('',#2370,#2371,#2372);
#2370 = CARTESIAN_POINT('',(84.77,0.,3.5));
#2371 = DIRECTION('',(0.,0.,1.));
#2372 = DIRECTION('',(1.,0.,-0.));
#2373 = DEFINITIONAL_REPRESENTATION('',(#2374),#2378);
#2374 = LINE('',#2375,#2376);
#2375 = CARTESIAN_POINT('',(0.,1.));
#2376 = VECTOR('',#2377,1.);
#2377 = DIRECTION('',(1.,0.));
#2378 = ( GEOMETRIC_REPRESENTATION_CONTEXT(2) 
PARAMETRIC_REPRESENTATION_CONTEXT() REPRESENTATION_CONTEXT('2D SPACE',''
  ) );
#2379 = ORIENTED_EDGE('',*,*,#2380,.F.);
#2380 = EDGE_CURVE('',#2285,#2352,#2381,.T.);
#2381 = SURFACE_CURVE('',#2382,(#2387,#2394),.PCURVE_S1.);
#2382 = CIRCLE('',#2383,0.5);
#2383 = AXIS2_PLACEMENT_3D('',#2384,#2385,#2386);
#2384 = CARTESIAN_POINT('',(97.77,0.,4.5));
#2385 = DIRECTION('',(0.,-1.,0.));
#2386 = DIRECTION('',(0.,0.,-1.));
#2387 = PCURVE('',#2294,#2388);
#2388 = DEFINITIONAL_REPRESENTATION('',(#2389),#2393);
#2389 = LINE('',#2390,#2391);
#2390 = CARTESIAN_POINT('',(0.,-1.570796326795));
#2391 = VECTOR('',#2392,1.);
#2392 = DIRECTION('',(0.,1.));
#2393 = ( GEOMETRIC_REPRESENTATION_CONTEXT(2) 
PARAMETRIC_REPRESENTATION_CONTEXT() REPRESENTATION_CONTEXT('2D SPACE',''
  ) );
#2394 = PCURVE('',#2339,#2395);
#2395 = DEFINITIONAL_REPRESENTATION('',(#2396),#2400);
#2396 = LINE('',#2397,#2398);
#2397 = CARTESIAN_POINT('',(6.28318530718,-1.570796326795));
#2398 = VECTOR('',#2399,1.);
#2399 = DIRECTION('',(0.,1.));
#2400 = ( GEOMETRIC_REPRESENTATION_CONTEXT(2) 
PARAMETRIC_REPRESENTATION_CONTEXT() REPRESENTATION_CONTEXT('2D SPACE',''
  ) );
#2401 = ADVANCED_FACE('',(#2402),#2417,.T.);
#2402 = FACE_BOUND('',#2403,.T.);
#2403 = EDGE_LOOP('',(#2404,#2440,#2469,#2493));
#2404 = ORIENTED_EDGE('',*,*,#2405,.F.);
#2405 = EDGE_CURVE('',#2406,#2408,#2410,.T.);
#2406 = VERTEX_POINT('',#2407);
#2407 = CARTESIAN_POINT('',(68.745,1.962496495634E-15,-4.5));
#2408 = VERTEX_POINT('',#2409);
#2409 = CARTESIAN_POINT('',(100.795,0.,-4.5));
#2410 = SURFACE_CURVE('',#2411,(#2416,#2428),.PCURVE_S1.);
#2411 = CIRCLE('',#2412,16.025);
#2412 = AXIS2_PLACEMENT_3D('',#2413,#2414,#2415);
#2413 = CARTESIAN_POINT('',(84.77,0.,-4.5));
#2414 = DIRECTION('',(0.,0.,-1.));
#2415 = DIRECTION('',(1.,0.,0.));
#2416 = PCURVE('',#2417,#2422);
#2417 = TOROIDAL_SURFACE('',#2418,16.525,0.5);
#2418 = AXIS2_PLACEMENT_3D('',#2419,#2420,#2421);
#2419 = CARTESIAN_POINT('',(84.77,0.,-4.5));
#2420 = DIRECTION('',(0.,0.,1.));
#2421 = DIRECTION('',(1.,0.,-0.));
#2422 = DEFINITIONAL_REPRESENTATION('',(#2423),#2427);
#2423 = LINE('',#2424,#2425);
#2424 = CARTESIAN_POINT('',(6.28318530718,3.14159265359));
#2425 = VECTOR('',#2426,1.);
#2426 = DIRECTION('',(-1.,2.544443745171E-15));
#2427 = ( GEOMETRIC_REPRESENTATION_CONTEXT(2) 
PARAMETRIC_REPRESENTATION_CONTEXT() REPRESENTATION_CONTEXT('2D SPACE',''
  ) );
#2428 = PCURVE('',#2429,#2434);
#2429 = CYLINDRICAL_SURFACE('',#2430,16.025);
#2430 = AXIS2_PLACEMENT_3D('',#2431,#2432,#2433);
#2431 = CARTESIAN_POINT('',(84.77,0.,-5.));
#2432 = DIRECTION('',(0.,0.,1.));
#2433 = DIRECTION('',(1.,0.,-0.));
#2434 = DEFINITIONAL_REPRESENTATION('',(#2435),#2439);
#2435 = LINE('',#2436,#2437);
#2436 = CARTESIAN_POINT('',(6.28318530718,0.5));
#2437 = VECTOR('',#2438,1.);
#2438 = DIRECTION('',(-1.,0.));
#2439 = ( GEOMETRIC_REPRESENTATION_CONTEXT(2) 
PARAMETRIC_REPRESENTATION_CONTEXT() REPRESENTATION_CONTEXT('2D SPACE',''
  ) );
#2440 = ORIENTED_EDGE('',*,*,#2441,.T.);
#2441 = EDGE_CURVE('',#2406,#2442,#2444,.T.);
#2442 = VERTEX_POINT('',#2443);
#2443 = CARTESIAN_POINT('',(68.245,2.023728835591E-15,-5.));
#2444 = SURFACE_CURVE('',#2445,(#2450,#2457),.PCURVE_S1.);
#2445 = CIRCLE('',#2446,0.5);
#2446 = AXIS2_PLACEMENT_3D('',#2447,#2448,#2449);
#2447 = CARTESIAN_POINT('',(68.245,2.023728835591E-15,-4.5));
#2448 = DIRECTION('',(1.224646799147E-16,1.,-0.));
#2449 = DIRECTION('',(-1.,1.224646799147E-16,0.));
#2450 = PCURVE('',#2417,#2451);
#2451 = DEFINITIONAL_REPRESENTATION('',(#2452),#2456);
#2452 = LINE('',#2453,#2454);
#2453 = CARTESIAN_POINT('',(3.14159265359,0.));
#2454 = VECTOR('',#2455,1.);
#2455 = DIRECTION('',(0.,1.));
#2456 = ( GEOMETRIC_REPRESENTATION_CONTEXT(2) 
PARAMETRIC_REPRESENTATION_CONTEXT() REPRESENTATION_CONTEXT('2D SPACE',''
  ) );
#2457 = PCURVE('',#2458,#2463);
#2458 = TOROIDAL_SURFACE('',#2459,16.525,0.5);
#2459 = AXIS2_PLACEMENT_3D('',#2460,#2461,#2462);
#2460 = CARTESIAN_POINT('',(84.77,0.,-4.5));
#2461 = DIRECTION('',(0.,0.,1.));
#2462 = DIRECTION('',(1.,0.,-0.));
#2463 = DEFINITIONAL_REPRESENTATION('',(#2464),#2468);
#2464 = LINE('',#2465,#2466);
#2465 = CARTESIAN_POINT('',(3.14159265359,0.));
#2466 = VECTOR('',#2467,1.);
#2467 = DIRECTION('',(0.,1.));
#2468 = ( GEOMETRIC_REPRESENTATION_CONTEXT(2) 
PARAMETRIC_REPRESENTATION_CONTEXT() REPRESENTATION_CONTEXT('2D SPACE',''
  ) );
#2469 = ORIENTED_EDGE('',*,*,#2470,.F.);
#2470 = EDGE_CURVE('',#2471,#2442,#2473,.T.);
#2471 = VERTEX_POINT('',#2472);
#2472 = CARTESIAN_POINT('',(101.295,0.,-5.));
#2473 = SURFACE_CURVE('',#2474,(#2479,#2486),.PCURVE_S1.);
#2474 = CIRCLE('',#2475,16.525);
#2475 = AXIS2_PLACEMENT_3D('',#2476,#2477,#2478);
#2476 = CARTESIAN_POINT('',(84.77,0.,-5.));
#2477 = DIRECTION('',(0.,0.,1.));
#2478 = DIRECTION('',(1.,0.,-0.));
#2479 = PCURVE('',#2417,#2480);
#2480 = DEFINITIONAL_REPRESENTATION('',(#2481),#2485);
#2481 = LINE('',#2482,#2483);
#2482 = CARTESIAN_POINT('',(0.,4.712388980385));
#2483 = VECTOR('',#2484,1.);
#2484 = DIRECTION('',(1.,0.));
#2485 = ( GEOMETRIC_REPRESENTATION_CONTEXT(2) 
PARAMETRIC_REPRESENTATION_CONTEXT() REPRESENTATION_CONTEXT('2D SPACE',''
  ) );
#2486 = PCURVE('',#103,#2487);
#2487 = DEFINITIONAL_REPRESENTATION('',(#2488),#2492);
#2488 = CIRCLE('',#2489,16.525);
#2489 = AXIS2_PLACEMENT_2D('',#2490,#2491);
#2490 = CARTESIAN_POINT('',(0.,0.));
#2491 = DIRECTION('',(1.,0.));
#2492 = ( GEOMETRIC_REPRESENTATION_CONTEXT(2) 
PARAMETRIC_REPRESENTATION_CONTEXT() REPRESENTATION_CONTEXT('2D SPACE',''
  ) );
#2493 = ORIENTED_EDGE('',*,*,#2494,.F.);
#2494 = EDGE_CURVE('',#2408,#2471,#2495,.T.);
#2495 = SURFACE_CURVE('',#2496,(#2501,#2508),.PCURVE_S1.);
#2496 = CIRCLE('',#2497,0.5);
#2497 = AXIS2_PLACEMENT_3D('',#2498,#2499,#2500);
#2498 = CARTESIAN_POINT('',(101.295,0.,-4.5));
#2499 = DIRECTION('',(0.,-1.,0.));
#2500 = DIRECTION('',(0.,0.,-1.));
#2501 = PCURVE('',#2417,#2502);
#2502 = DEFINITIONAL_REPRESENTATION('',(#2503),#2507);
#2503 = LINE('',#2504,#2505);
#2504 = CARTESIAN_POINT('',(0.,-1.570796326795));
#2505 = VECTOR('',#2506,1.);
#2506 = DIRECTION('',(0.,1.));
#2507 = ( GEOMETRIC_REPRESENTATION_CONTEXT(2) 
PARAMETRIC_REPRESENTATION_CONTEXT() REPRESENTATION_CONTEXT('2D SPACE',''
  ) );
#2508 = PCURVE('',#2458,#2509);
#2509 = DEFINITIONAL_REPRESENTATION('',(#2510),#2514);
#2510 = LINE('',#2511,#2512);
#2511 = CARTESIAN_POINT('',(6.28318530718,-1.570796326795));
#2512 = VECTOR('',#2513,1.);
#2513 = DIRECTION('',(0.,1.));
#2514 = ( GEOMETRIC_REPRESENTATION_CONTEXT(2) 
PARAMETRIC_REPRESENTATION_CONTEXT() REPRESENTATION_CONTEXT('2D SPACE',''
  ) );
#2515 = ADVANCED_FACE('',(#2516),#2531,.T.);
#2516 = FACE_BOUND('',#2517,.T.);
#2517 = EDGE_LOOP('',(#2518,#2554,#2583,#2612));
#2518 = ORIENTED_EDGE('',*,*,#2519,.F.);
#2519 = EDGE_CURVE('',#2520,#2522,#2524,.T.);
#2520 = VERTEX_POINT('',#2521);
#2521 = CARTESIAN_POINT('',(-74.745,0.,-29.5));
#2522 = VERTEX_POINT('',#2523);
#2523 = CARTESIAN_POINT('',(-94.795,1.227708416145E-15,-29.5));
#2524 = SURFACE_CURVE('',#2525,(#2530,#2542),.PCURVE_S1.);
#2525 = CIRCLE('',#2526,10.025);
#2526 = AXIS2_PLACEMENT_3D('',#2527,#2528,#2529);
#2527 = CARTESIAN_POINT('',(-84.77,0.,-29.5));
#2528 = DIRECTION('',(0.,-0.,1.));
#2529 = DIRECTION('',(-1.,0.,0.));
#2530 = PCURVE('',#2531,#2536);
#2531 = TOROIDAL_SURFACE('',#2532,9.525,0.5);
#2532 = AXIS2_PLACEMENT_3D('',#2533,#2534,#2535);
#2533 = CARTESIAN_POINT('',(-84.77,0.,-29.5));
#2534 = DIRECTION('',(0.,0.,-1.));
#2535 = DIRECTION('',(-1.,0.,0.));
#2536 = DEFINITIONAL_REPRESENTATION('',(#2537),#2541);
#2537 = LINE('',#2538,#2539);
#2538 = CARTESIAN_POINT('',(6.28318530718,0.));
#2539 = VECTOR('',#2540,1.);
#2540 = DIRECTION('',(-1.,0.));
#2541 = ( GEOMETRIC_REPRESENTATION_CONTEXT(2) 
PARAMETRIC_REPRESENTATION_CONTEXT() REPRESENTATION_CONTEXT('2D SPACE',''
  ) );
#2542 = PCURVE('',#2543,#2548);
#2543 = CYLINDRICAL_SURFACE('',#2544,10.025);
#2544 = AXIS2_PLACEMENT_3D('',#2545,#2546,#2547);
#2545 = CARTESIAN_POINT('',(-84.77,0.,-5.));
#2546 = DIRECTION('',(-0.,-0.,1.));
#2547 = DIRECTION('',(1.,0.,0.));
#2548 = DEFINITIONAL_REPRESENTATION('',(#2549),#2553);
#2549 = LINE('',#2550,#2551);
#2550 = CARTESIAN_POINT('',(-3.14159265359,-24.5));
#2551 = VECTOR('',#2552,1.);
#2552 = DIRECTION('',(1.,0.));
#2553 = ( GEOMETRIC_REPRESENTATION_CONTEXT(2) 
PARAMETRIC_REPRESENTATION_CONTEXT() REPRESENTATION_CONTEXT('2D SPACE',''
  ) );
#2554 = ORIENTED_EDGE('',*,*,#2555,.T.);
#2555 = EDGE_CURVE('',#2520,#2556,#2558,.T.);
#2556 = VERTEX_POINT('',#2557);
#2557 = CARTESIAN_POINT('',(-75.245,1.197092246167E-15,-30.));
#2558 = SURFACE_CURVE('',#2559,(#2564,#2571),.PCURVE_S1.);
#2559 = CIRCLE('',#2560,0.5);
#2560 = AXIS2_PLACEMENT_3D('',#2561,#2562,#2563);
#2561 = CARTESIAN_POINT('',(-75.245,1.166476076188E-15,-29.5));
#2562 = DIRECTION('',(-1.224646799147E-16,1.,0.));
#2563 = DIRECTION('',(-1.,-1.224646799147E-16,0.));
#2564 = PCURVE('',#2531,#2565);
#2565 = DEFINITIONAL_REPRESENTATION('',(#2566),#2570);
#2566 = LINE('',#2567,#2568);
#2567 = CARTESIAN_POINT('',(3.14159265359,-3.14159265359));
#2568 = VECTOR('',#2569,1.);
#2569 = DIRECTION('',(0.,1.));
#2570 = ( GEOMETRIC_REPRESENTATION_CONTEXT(2) 
PARAMETRIC_REPRESENTATION_CONTEXT() REPRESENTATION_CONTEXT('2D SPACE',''
  ) );
#2571 = PCURVE('',#2572,#2577);
#2572 = TOROIDAL_SURFACE('',#2573,9.525,0.5);
#2573 = AXIS2_PLACEMENT_3D('',#2574,#2575,#2576);
#2574 = CARTESIAN_POINT('',(-84.77,0.,-29.5));
#2575 = DIRECTION('',(0.,0.,-1.));
#2576 = DIRECTION('',(-1.,0.,0.));
#2577 = DEFINITIONAL_REPRESENTATION('',(#2578),#2582);
#2578 = LINE('',#2579,#2580);
#2579 = CARTESIAN_POINT('',(3.14159265359,-3.14159265359));
#2580 = VECTOR('',#2581,1.);
#2581 = DIRECTION('',(0.,1.));
#2582 = ( GEOMETRIC_REPRESENTATION_CONTEXT(2) 
PARAMETRIC_REPRESENTATION_CONTEXT() REPRESENTATION_CONTEXT('2D SPACE',''
  ) );
#2583 = ORIENTED_EDGE('',*,*,#2584,.F.);
#2584 = EDGE_CURVE('',#2585,#2556,#2587,.T.);
#2585 = VERTEX_POINT('',#2586);
#2586 = CARTESIAN_POINT('',(-94.295,0.,-30.));
#2587 = SURFACE_CURVE('',#2588,(#2593,#2600),.PCURVE_S1.);
#2588 = CIRCLE('',#2589,9.525);
#2589 = AXIS2_PLACEMENT_3D('',#2590,#2591,#2592);
#2590 = CARTESIAN_POINT('',(-84.77,0.,-30.));
#2591 = DIRECTION('',(0.,0.,-1.));
#2592 = DIRECTION('',(-1.,0.,0.));
#2593 = PCURVE('',#2531,#2594);
#2594 = DEFINITIONAL_REPRESENTATION('',(#2595),#2599);
#2595 = LINE('',#2596,#2597);
#2596 = CARTESIAN_POINT('',(0.,1.570796326795));
#2597 = VECTOR('',#2598,1.);
#2598 = DIRECTION('',(1.,0.));
#2599 = ( GEOMETRIC_REPRESENTATION_CONTEXT(2) 
PARAMETRIC_REPRESENTATION_CONTEXT() REPRESENTATION_CONTEXT('2D SPACE',''
  ) );
#2600 = PCURVE('',#2601,#2606);
#2601 = PLANE('',#2602);
#2602 = AXIS2_PLACEMENT_3D('',#2603,#2604,#2605);
#2603 = CARTESIAN_POINT('',(-84.77,0.,-30.));
#2604 = DIRECTION('',(0.,0.,-1.));
#2605 = DIRECTION('',(-1.,0.,-0.));
#2606 = DEFINITIONAL_REPRESENTATION('',(#2607),#2611);
#2607 = CIRCLE('',#2608,9.525);
#2608 = AXIS2_PLACEMENT_2D('',#2609,#2610);
#2609 = CARTESIAN_POINT('',(0.,0.));
#2610 = DIRECTION('',(1.,0.));
#2611 = ( GEOMETRIC_REPRESENTATION_CONTEXT(2) 
PARAMETRIC_REPRESENTATION_CONTEXT() REPRESENTATION_CONTEXT('2D SPACE',''
  ) );
#2612 = ORIENTED_EDGE('',*,*,#2613,.F.);
#2613 = EDGE_CURVE('',#2522,#2585,#2614,.T.);
#2614 = SURFACE_CURVE('',#2615,(#2620,#2627),.PCURVE_S1.);
#2615 = CIRCLE('',#2616,0.5);
#2616 = AXIS2_PLACEMENT_3D('',#2617,#2618,#2619);
#2617 = CARTESIAN_POINT('',(-94.295,0.,-29.5));
#2618 = DIRECTION('',(0.,-1.,-0.));
#2619 = DIRECTION('',(0.,0.,-1.));
#2620 = PCURVE('',#2531,#2621);
#2621 = DEFINITIONAL_REPRESENTATION('',(#2622),#2626);
#2622 = LINE('',#2623,#2624);
#2623 = CARTESIAN_POINT('',(0.,-4.712388980385));
#2624 = VECTOR('',#2625,1.);
#2625 = DIRECTION('',(0.,1.));
#2626 = ( GEOMETRIC_REPRESENTATION_CONTEXT(2) 
PARAMETRIC_REPRESENTATION_CONTEXT() REPRESENTATION_CONTEXT('2D SPACE',''
  ) );
#2627 = PCURVE('',#2572,#2628);
#2628 = DEFINITIONAL_REPRESENTATION('',(#2629),#2633);
#2629 = LINE('',#2630,#2631);
#2630 = CARTESIAN_POINT('',(6.28318530718,-4.712388980385));
#2631 = VECTOR('',#2632,1.);
#2632 = DIRECTION('',(0.,1.));
#2633 = ( GEOMETRIC_REPRESENTATION_CONTEXT(2) 
PARAMETRIC_REPRESENTATION_CONTEXT() REPRESENTATION_CONTEXT('2D SPACE',''
  ) );
#2634 = ADVANCED_FACE('',(#2635),#2650,.T.);
#2635 = FACE_BOUND('',#2636,.T.);
#2636 = EDGE_LOOP('',(#2637,#2672,#2701,#2730));
#2637 = ORIENTED_EDGE('',*,*,#2638,.F.);
#2638 = EDGE_CURVE('',#2639,#2641,#2643,.T.);
#2639 = VERTEX_POINT('',#2640);
#2640 = CARTESIAN_POINT('',(105.795,0.,-5.));
#2641 = VERTEX_POINT('',#2642);
#2642 = CARTESIAN_POINT('',(84.146839536393,-21.01576303722,-5.));
#2643 = SURFACE_CURVE('',#2644,(#2649,#2661),.PCURVE_S1.);
#2644 = CIRCLE('',#2645,21.025);
#2645 = AXIS2_PLACEMENT_3D('',#2646,#2647,#2648);
#2646 = CARTESIAN_POINT('',(84.77,0.,-5.));
#2647 = DIRECTION('',(0.,0.,-1.));
#2648 = DIRECTION('',(1.,0.,0.));
#2649 = PCURVE('',#2650,#2655);
#2650 = TOROIDAL_SURFACE('',#2651,21.025,1.);
#2651 = AXIS2_PLACEMENT_3D('',#2652,#2653,#2654);
#2652 = CARTESIAN_POINT('',(84.77,0.,-4.));
#2653 = DIRECTION('',(0.,0.,1.));
#2654 = DIRECTION('',(1.,0.,-0.));
#2655 = DEFINITIONAL_REPRESENTATION('',(#2656),#2660);
#2656 = LINE('',#2657,#2658);
#2657 = CARTESIAN_POINT('',(6.28318530718,4.712388980385));
#2658 = VECTOR('',#2659,1.);
#2659 = DIRECTION('',(-1.,-2.219836022692E-15));
#2660 = ( GEOMETRIC_REPRESENTATION_CONTEXT(2) 
PARAMETRIC_REPRESENTATION_CONTEXT() REPRESENTATION_CONTEXT('2D SPACE',''
  ) );
#2661 = PCURVE('',#103,#2662);
#2662 = DEFINITIONAL_REPRESENTATION('',(#2663),#2671);
#2663 = ( BOUNDED_CURVE() B_SPLINE_CURVE(2,(#2664,#2665,#2666,#2667,
#2668,#2669,#2670),.UNSPECIFIED.,.T.,.F.) B_SPLINE_CURVE_WITH_KNOTS((1,2
    ,2,2,2,1),(-2.094395102393,0.,2.094395102393,4.188790204786,
6.28318530718,8.377580409573),.UNSPECIFIED.) CURVE() 
GEOMETRIC_REPRESENTATION_ITEM() RATIONAL_B_SPLINE_CURVE((1.,0.5,1.,0.5,
1.,0.5,1.)) REPRESENTATION_ITEM('') );
#2664 = CARTESIAN_POINT('',(21.025,0.));
#2665 = CARTESIAN_POINT('',(21.025,-36.41636822913));
#2666 = CARTESIAN_POINT('',(-10.5125,-18.20818411456));
#2667 = CARTESIAN_POINT('',(-42.05,-5.149639790415E-15));
#2668 = CARTESIAN_POINT('',(-10.5125,18.208184114568));
#2669 = CARTESIAN_POINT('',(21.025,36.416368229136));
#2670 = CARTESIAN_POINT('',(21.025,0.));
#2671 = ( GEOMETRIC_REPRESENTATION_CONTEXT(2) 
PARAMETRIC_REPRESENTATION_CONTEXT() REPRESENTATION_CONTEXT('2D SPACE',''
  ) );
#2672 = ORIENTED_EDGE('',*,*,#2673,.T.);
#2673 = EDGE_CURVE('',#2639,#2674,#2676,.T.);
#2674 = VERTEX_POINT('',#2675);
#2675 = CARTESIAN_POINT('',(106.795,0.,-4.));
#2676 = SURFACE_CURVE('',#2677,(#2682,#2689),.PCURVE_S1.);
#2677 = CIRCLE('',#2678,1.);
#2678 = AXIS2_PLACEMENT_3D('',#2679,#2680,#2681);
#2679 = CARTESIAN_POINT('',(105.795,0.,-4.));
#2680 = DIRECTION('',(0.,-1.,0.));
#2681 = DIRECTION('',(0.,0.,-1.));
#2682 = PCURVE('',#2650,#2683);
#2683 = DEFINITIONAL_REPRESENTATION('',(#2684),#2688);
#2684 = LINE('',#2685,#2686);
#2685 = CARTESIAN_POINT('',(6.28318530718,4.712388980385));
#2686 = VECTOR('',#2687,1.);
#2687 = DIRECTION('',(0.,1.));
#2688 = ( GEOMETRIC_REPRESENTATION_CONTEXT(2) 
PARAMETRIC_REPRESENTATION_CONTEXT() REPRESENTATION_CONTEXT('2D SPACE',''
  ) );
#2689 = PCURVE('',#2690,#2695);
#2690 = TOROIDAL_SURFACE('',#2691,21.025,1.);
#2691 = AXIS2_PLACEMENT_3D('',#2692,#2693,#2694);
#2692 = CARTESIAN_POINT('',(84.77,0.,-4.));
#2693 = DIRECTION('',(0.,0.,1.));
#2694 = DIRECTION('',(1.,0.,-0.));
#2695 = DEFINITIONAL_REPRESENTATION('',(#2696),#2700);
#2696 = LINE('',#2697,#2698);
#2697 = CARTESIAN_POINT('',(0.,4.712388980385));
#2698 = VECTOR('',#2699,1.);
#2699 = DIRECTION('',(0.,1.));
#2700 = ( GEOMETRIC_REPRESENTATION_CONTEXT(2) 
PARAMETRIC_REPRESENTATION_CONTEXT() REPRESENTATION_CONTEXT('2D SPACE',''
  ) );
#2701 = ORIENTED_EDGE('',*,*,#2702,.F.);
#2702 = EDGE_CURVE('',#2703,#2674,#2705,.T.);
#2703 = VERTEX_POINT('',#2704);
#2704 = CARTESIAN_POINT('',(84.117200513153,-22.01532370486,-4.));
#2705 = SURFACE_CURVE('',#2706,(#2711,#2718),.PCURVE_S1.);
#2706 = CIRCLE('',#2707,22.025);
#2707 = AXIS2_PLACEMENT_3D('',#2708,#2709,#2710);
#2708 = CARTESIAN_POINT('',(84.77,0.,-4.));
#2709 = DIRECTION('',(0.,0.,1.));
#2710 = DIRECTION('',(1.,0.,-0.));
#2711 = PCURVE('',#2650,#2712);
#2712 = DEFINITIONAL_REPRESENTATION('',(#2713),#2717);
#2713 = LINE('',#2714,#2715);
#2714 = CARTESIAN_POINT('',(0.,6.28318530718));
#2715 = VECTOR('',#2716,1.);
#2716 = DIRECTION('',(1.,0.));
#2717 = ( GEOMETRIC_REPRESENTATION_CONTEXT(2) 
PARAMETRIC_REPRESENTATION_CONTEXT() REPRESENTATION_CONTEXT('2D SPACE',''
  ) );
#2718 = PCURVE('',#2719,#2724);
#2719 = CYLINDRICAL_SURFACE('',#2720,22.025);
#2720 = AXIS2_PLACEMENT_3D('',#2721,#2722,#2723);
#2721 = CARTESIAN_POINT('',(84.77,0.,-5.));
#2722 = DIRECTION('',(0.,0.,1.));
#2723 = DIRECTION('',(1.,0.,-0.));
#2724 = DEFINITIONAL_REPRESENTATION('',(#2725),#2729);
#2725 = LINE('',#2726,#2727);
#2726 = CARTESIAN_POINT('',(0.,1.));
#2727 = VECTOR('',#2728,1.);
#2728 = DIRECTION('',(1.,0.));
#2729 = ( GEOMETRIC_REPRESENTATION_CONTEXT(2) 
PARAMETRIC_REPRESENTATION_CONTEXT() REPRESENTATION_CONTEXT('2D SPACE',''
  ) );
#2730 = ORIENTED_EDGE('',*,*,#2731,.T.);
#2731 = EDGE_CURVE('',#2703,#2641,#2732,.T.);
#2732 = SURFACE_CURVE('',#2733,(#2738,#2745),.PCURVE_S1.);
#2733 = CIRCLE('',#2734,1.);
#2734 = AXIS2_PLACEMENT_3D('',#2735,#2736,#2737);
#2735 = CARTESIAN_POINT('',(84.146839536393,-21.01576303722,-4.));
#2736 = DIRECTION('',(0.999560667644,-2.963902323935E-02,0.));
#2737 = DIRECTION('',(2.963902323935E-02,0.999560667644,0.));
#2738 = PCURVE('',#2650,#2739);
#2739 = DEFINITIONAL_REPRESENTATION('',(#2740),#2744);
#2740 = LINE('',#2741,#2742);
#2741 = CARTESIAN_POINT('',(4.682745615922,9.424777960769));
#2742 = VECTOR('',#2743,1.);
#2743 = DIRECTION('',(0.,-1.));
#2744 = ( GEOMETRIC_REPRESENTATION_CONTEXT(2) 
PARAMETRIC_REPRESENTATION_CONTEXT() REPRESENTATION_CONTEXT('2D SPACE',''
  ) );
#2745 = PCURVE('',#2746,#2751);
#2746 = CYLINDRICAL_SURFACE('',#2747,1.);
#2747 = AXIS2_PLACEMENT_3D('',#2748,#2749,#2750);
#2748 = CARTESIAN_POINT('',(-85.24422437183,-15.9929706823,-4.));
#2749 = DIRECTION('',(-0.999560667644,2.963902323935E-02,0.));
#2750 = DIRECTION('',(-2.963902323935E-02,-0.999560667644,0.));
#2751 = DEFINITIONAL_REPRESENTATION('',(#2752),#2756);
#2752 = LINE('',#2753,#2754);
#2753 = CARTESIAN_POINT('',(9.424777960769,-169.4655155924));
#2754 = VECTOR('',#2755,1.);
#2755 = DIRECTION('',(-1.,0.));
#2756 = ( GEOMETRIC_REPRESENTATION_CONTEXT(2) 
PARAMETRIC_REPRESENTATION_CONTEXT() REPRESENTATION_CONTEXT('2D SPACE',''
  ) );
#2757 = ADVANCED_FACE('',(#2758),#2773,.T.);
#2758 = FACE_BOUND('',#2759,.T.);
#2759 = EDGE_LOOP('',(#2760,#2791,#2820,#2844));
#2760 = ORIENTED_EDGE('',*,*,#2761,.F.);
#2761 = EDGE_CURVE('',#2762,#2764,#2766,.T.);
#2762 = VERTEX_POINT('',#2763);
#2763 = CARTESIAN_POINT('',(106.795,0.,4.));
#2764 = VERTEX_POINT('',#2765);
#2765 = CARTESIAN_POINT('',(84.117200513153,-22.01532370486,4.));
#2766 = SURFACE_CURVE('',#2767,(#2772,#2784),.PCURVE_S1.);
#2767 = CIRCLE('',#2768,22.025);
#2768 = AXIS2_PLACEMENT_3D('',#2769,#2770,#2771);
#2769 = CARTESIAN_POINT('',(84.77,0.,4.));
#2770 = DIRECTION('',(0.,0.,-1.));
#2771 = DIRECTION('',(1.,0.,0.));
#2772 = PCURVE('',#2773,#2778);
#2773 = TOROIDAL_SURFACE('',#2774,21.025,1.);
#2774 = AXIS2_PLACEMENT_3D('',#2775,#2776,#2777);
#2775 = CARTESIAN_POINT('',(84.77,0.,4.));
#2776 = DIRECTION('',(0.,0.,1.));
#2777 = DIRECTION('',(1.,0.,-0.));
#2778 = DEFINITIONAL_REPRESENTATION('',(#2779),#2783);
#2779 = LINE('',#2780,#2781);
#2780 = CARTESIAN_POINT('',(6.28318530718,0.));
#2781 = VECTOR('',#2782,1.);
#2782 = DIRECTION('',(-1.,0.));
#2783 = ( GEOMETRIC_REPRESENTATION_CONTEXT(2) 
PARAMETRIC_REPRESENTATION_CONTEXT() REPRESENTATION_CONTEXT('2D SPACE',''
  ) );
#2784 = PCURVE('',#2719,#2785);
#2785 = DEFINITIONAL_REPRESENTATION('',(#2786),#2790);
#2786 = LINE('',#2787,#2788);
#2787 = CARTESIAN_POINT('',(6.28318530718,9.));
#2788 = VECTOR('',#2789,1.);
#2789 = DIRECTION('',(-1.,0.));
#2790 = ( GEOMETRIC_REPRESENTATION_CONTEXT(2) 
PARAMETRIC_REPRESENTATION_CONTEXT() REPRESENTATION_CONTEXT('2D SPACE',''
  ) );
#2791 = ORIENTED_EDGE('',*,*,#2792,.T.);
#2792 = EDGE_CURVE('',#2762,#2793,#2795,.T.);
#2793 = VERTEX_POINT('',#2794);
#2794 = CARTESIAN_POINT('',(105.795,0.,5.));
#2795 = SURFACE_CURVE('',#2796,(#2801,#2808),.PCURVE_S1.);
#2796 = CIRCLE('',#2797,1.);
#2797 = AXIS2_PLACEMENT_3D('',#2798,#2799,#2800);
#2798 = CARTESIAN_POINT('',(105.795,0.,4.));
#2799 = DIRECTION('',(0.,-1.,0.));
#2800 = DIRECTION('',(0.,0.,-1.));
#2801 = PCURVE('',#2773,#2802);
#2802 = DEFINITIONAL_REPRESENTATION('',(#2803),#2807);
#2803 = LINE('',#2804,#2805);
#2804 = CARTESIAN_POINT('',(6.28318530718,-1.570796326795));
#2805 = VECTOR('',#2806,1.);
#2806 = DIRECTION('',(0.,1.));
#2807 = ( GEOMETRIC_REPRESENTATION_CONTEXT(2) 
PARAMETRIC_REPRESENTATION_CONTEXT() REPRESENTATION_CONTEXT('2D SPACE',''
  ) );
#2808 = PCURVE('',#2809,#2814);
#2809 = TOROIDAL_SURFACE('',#2810,21.025,1.);
#2810 = AXIS2_PLACEMENT_3D('',#2811,#2812,#2813);
#2811 = CARTESIAN_POINT('',(84.77,0.,4.));
#2812 = DIRECTION('',(0.,0.,1.));
#2813 = DIRECTION('',(1.,0.,-0.));
#2814 = DEFINITIONAL_REPRESENTATION('',(#2815),#2819);
#2815 = LINE('',#2816,#2817);
#2816 = CARTESIAN_POINT('',(0.,-1.570796326795));
#2817 = VECTOR('',#2818,1.);
#2818 = DIRECTION('',(0.,1.));
#2819 = ( GEOMETRIC_REPRESENTATION_CONTEXT(2) 
PARAMETRIC_REPRESENTATION_CONTEXT() REPRESENTATION_CONTEXT('2D SPACE',''
  ) );
#2820 = ORIENTED_EDGE('',*,*,#2821,.F.);
#2821 = EDGE_CURVE('',#2822,#2793,#2824,.T.);
#2822 = VERTEX_POINT('',#2823);
#2823 = CARTESIAN_POINT('',(84.146839536393,-21.01576303722,5.));
#2824 = SURFACE_CURVE('',#2825,(#2830,#2837),.PCURVE_S1.);
#2825 = CIRCLE('',#2826,21.025);
#2826 = AXIS2_PLACEMENT_3D('',#2827,#2828,#2829);
#2827 = CARTESIAN_POINT('',(84.77,0.,5.));
#2828 = DIRECTION('',(0.,0.,1.));
#2829 = DIRECTION('',(1.,0.,-0.));
#2830 = PCURVE('',#2773,#2831);
#2831 = DEFINITIONAL_REPRESENTATION('',(#2832),#2836);
#2832 = LINE('',#2833,#2834);
#2833 = CARTESIAN_POINT('',(0.,1.570796326795));
#2834 = VECTOR('',#2835,1.);
#2835 = DIRECTION('',(1.,-2.358575774111E-15));
#2836 = ( GEOMETRIC_REPRESENTATION_CONTEXT(2) 
PARAMETRIC_REPRESENTATION_CONTEXT() REPRESENTATION_CONTEXT('2D SPACE',''
  ) );
#2837 = PCURVE('',#2306,#2838);
#2838 = DEFINITIONAL_REPRESENTATION('',(#2839),#2843);
#2839 = CIRCLE('',#2840,21.025);
#2840 = AXIS2_PLACEMENT_2D('',#2841,#2842);
#2841 = CARTESIAN_POINT('',(0.,0.));
#2842 = DIRECTION('',(1.,0.));
#2843 = ( GEOMETRIC_REPRESENTATION_CONTEXT(2) 
PARAMETRIC_REPRESENTATION_CONTEXT() REPRESENTATION_CONTEXT('2D SPACE',''
  ) );
#2844 = ORIENTED_EDGE('',*,*,#2845,.F.);
#2845 = EDGE_CURVE('',#2764,#2822,#2846,.T.);
#2846 = SURFACE_CURVE('',#2847,(#2852,#2859),.PCURVE_S1.);
#2847 = CIRCLE('',#2848,1.);
#2848 = AXIS2_PLACEMENT_3D('',#2849,#2850,#2851);
#2849 = CARTESIAN_POINT('',(84.146839536393,-21.01576303722,4.));
#2850 = DIRECTION('',(-0.999560667644,2.963902323935E-02,0.));
#2851 = DIRECTION('',(-2.963902323935E-02,-0.999560667644,0.));
#2852 = PCURVE('',#2773,#2853);
#2853 = DEFINITIONAL_REPRESENTATION('',(#2854),#2858);
#2854 = LINE('',#2855,#2856);
#2855 = CARTESIAN_POINT('',(4.682745615922,0.));
#2856 = VECTOR('',#2857,1.);
#2857 = DIRECTION('',(0.,1.));
#2858 = ( GEOMETRIC_REPRESENTATION_CONTEXT(2) 
PARAMETRIC_REPRESENTATION_CONTEXT() REPRESENTATION_CONTEXT('2D SPACE',''
  ) );
#2859 = PCURVE('',#2860,#2865);
#2860 = CYLINDRICAL_SURFACE('',#2861,1.);
#2861 = AXIS2_PLACEMENT_3D('',#2862,#2863,#2864);
#2862 = CARTESIAN_POINT('',(84.146839536393,-21.01576303722,4.));
#2863 = DIRECTION('',(0.999560667644,-2.963902323935E-02,0.));
#2864 = DIRECTION('',(2.963902323935E-02,0.999560667644,0.));
#2865 = DEFINITIONAL_REPRESENTATION('',(#2866),#2870);
#2866 = LINE('',#2867,#2868);
#2867 = CARTESIAN_POINT('',(3.14159265359,0.));
#2868 = VECTOR('',#2869,1.);
#2869 = DIRECTION('',(-1.,0.));
#2870 = ( GEOMETRIC_REPRESENTATION_CONTEXT(2) 
PARAMETRIC_REPRESENTATION_CONTEXT() REPRESENTATION_CONTEXT('2D SPACE',''
  ) );
#2871 = ADVANCED_FACE('',(#2872),#2884,.F.);
#2872 = FACE_BOUND('',#2873,.F.);
#2873 = EDGE_LOOP('',(#2874,#2902,#2924,#2947));
#2874 = ORIENTED_EDGE('',*,*,#2875,.T.);
#2875 = EDGE_CURVE('',#2876,#2352,#2878,.T.);
#2876 = VERTEX_POINT('',#2877);
#2877 = CARTESIAN_POINT('',(97.27,0.,3.5));
#2878 = SURFACE_CURVE('',#2879,(#2883,#2895),.PCURVE_S1.);
#2879 = LINE('',#2880,#2881);
#2880 = CARTESIAN_POINT('',(97.27,0.,3.5));
#2881 = VECTOR('',#2882,1.);
#2882 = DIRECTION('',(0.,0.,1.));
#2883 = PCURVE('',#2884,#2889);
#2884 = CYLINDRICAL_SURFACE('',#2885,12.5);
#2885 = AXIS2_PLACEMENT_3D('',#2886,#2887,#2888);
#2886 = CARTESIAN_POINT('',(84.77,0.,3.5));
#2887 = DIRECTION('',(0.,0.,1.));
#2888 = DIRECTION('',(1.,0.,-0.));
#2889 = DEFINITIONAL_REPRESENTATION('',(#2890),#2894);
#2890 = LINE('',#2891,#2892);
#2891 = CARTESIAN_POINT('',(6.28318530718,0.));
#2892 = VECTOR('',#2893,1.);
#2893 = DIRECTION('',(0.,1.));
#2894 = ( GEOMETRIC_REPRESENTATION_CONTEXT(2) 
PARAMETRIC_REPRESENTATION_CONTEXT() REPRESENTATION_CONTEXT('2D SPACE',''
  ) );
#2895 = PCURVE('',#2368,#2896);
#2896 = DEFINITIONAL_REPRESENTATION('',(#2897),#2901);
#2897 = LINE('',#2898,#2899);
#2898 = CARTESIAN_POINT('',(0.,0.));
#2899 = VECTOR('',#2900,1.);
#2900 = DIRECTION('',(0.,1.));
#2901 = ( GEOMETRIC_REPRESENTATION_CONTEXT(2) 
PARAMETRIC_REPRESENTATION_CONTEXT() REPRESENTATION_CONTEXT('2D SPACE',''
  ) );
#2902 = ORIENTED_EDGE('',*,*,#2903,.F.);
#2903 = EDGE_CURVE('',#2323,#2352,#2904,.T.);
#2904 = SURFACE_CURVE('',#2905,(#2910,#2917),.PCURVE_S1.);
#2905 = CIRCLE('',#2906,12.5);
#2906 = AXIS2_PLACEMENT_3D('',#2907,#2908,#2909);
#2907 = CARTESIAN_POINT('',(84.77,0.,4.5));
#2908 = DIRECTION('',(0.,0.,1.));
#2909 = DIRECTION('',(1.,0.,-0.));
#2910 = PCURVE('',#2884,#2911);
#2911 = DEFINITIONAL_REPRESENTATION('',(#2912),#2916);
#2912 = LINE('',#2913,#2914);
#2913 = CARTESIAN_POINT('',(0.,1.));
#2914 = VECTOR('',#2915,1.);
#2915 = DIRECTION('',(1.,0.));
#2916 = ( GEOMETRIC_REPRESENTATION_CONTEXT(2) 
PARAMETRIC_REPRESENTATION_CONTEXT() REPRESENTATION_CONTEXT('2D SPACE',''
  ) );
#2917 = PCURVE('',#2339,#2918);
#2918 = DEFINITIONAL_REPRESENTATION('',(#2919),#2923);
#2919 = LINE('',#2920,#2921);
#2920 = CARTESIAN_POINT('',(0.,3.14159265359));
#2921 = VECTOR('',#2922,1.);
#2922 = DIRECTION('',(1.,0.));
#2923 = ( GEOMETRIC_REPRESENTATION_CONTEXT(2) 
PARAMETRIC_REPRESENTATION_CONTEXT() REPRESENTATION_CONTEXT('2D SPACE',''
  ) );
#2924 = ORIENTED_EDGE('',*,*,#2925,.F.);
#2925 = EDGE_CURVE('',#2926,#2323,#2928,.T.);
#2926 = VERTEX_POINT('',#2927);
#2927 = CARTESIAN_POINT('',(72.27,1.530808498934E-15,3.5));
#2928 = SURFACE_CURVE('',#2929,(#2933,#2940),.PCURVE_S1.);
#2929 = LINE('',#2930,#2931);
#2930 = CARTESIAN_POINT('',(72.27,1.530808498934E-15,3.5));
#2931 = VECTOR('',#2932,1.);
#2932 = DIRECTION('',(0.,0.,1.));
#2933 = PCURVE('',#2884,#2934);
#2934 = DEFINITIONAL_REPRESENTATION('',(#2935),#2939);
#2935 = LINE('',#2936,#2937);
#2936 = CARTESIAN_POINT('',(3.14159265359,0.));
#2937 = VECTOR('',#2938,1.);
#2938 = DIRECTION('',(0.,1.));
#2939 = ( GEOMETRIC_REPRESENTATION_CONTEXT(2) 
PARAMETRIC_REPRESENTATION_CONTEXT() REPRESENTATION_CONTEXT('2D SPACE',''
  ) );
#2940 = PCURVE('',#2368,#2941);
#2941 = DEFINITIONAL_REPRESENTATION('',(#2942),#2946);
#2942 = LINE('',#2943,#2944);
#2943 = CARTESIAN_POINT('',(3.14159265359,0.));
#2944 = VECTOR('',#2945,1.);
#2945 = DIRECTION('',(0.,1.));
#2946 = ( GEOMETRIC_REPRESENTATION_CONTEXT(2) 
PARAMETRIC_REPRESENTATION_CONTEXT() REPRESENTATION_CONTEXT('2D SPACE',''
  ) );
#2947 = ORIENTED_EDGE('',*,*,#2948,.T.);
#2948 = EDGE_CURVE('',#2926,#2876,#2949,.T.);
#2949 = SURFACE_CURVE('',#2950,(#2955,#2962),.PCURVE_S1.);
#2950 = CIRCLE('',#2951,12.5);
#2951 = AXIS2_PLACEMENT_3D('',#2952,#2953,#2954);
#2952 = CARTESIAN_POINT('',(84.77,0.,3.5));
#2953 = DIRECTION('',(0.,0.,1.));
#2954 = DIRECTION('',(1.,0.,-0.));
#2955 = PCURVE('',#2884,#2956);
#2956 = DEFINITIONAL_REPRESENTATION('',(#2957),#2961);
#2957 = LINE('',#2958,#2959);
#2958 = CARTESIAN_POINT('',(0.,0.));
#2959 = VECTOR('',#2960,1.);
#2960 = DIRECTION('',(1.,0.));
#2961 = ( GEOMETRIC_REPRESENTATION_CONTEXT(2) 
PARAMETRIC_REPRESENTATION_CONTEXT() REPRESENTATION_CONTEXT('2D SPACE',''
  ) );
#2962 = PCURVE('',#2963,#2968);
#2963 = PLANE('',#2964);
#2964 = AXIS2_PLACEMENT_3D('',#2965,#2966,#2967);
#2965 = CARTESIAN_POINT('',(84.77,0.,3.5));
#2966 = DIRECTION('',(0.,0.,1.));
#2967 = DIRECTION('',(1.,0.,-0.));
#2968 = DEFINITIONAL_REPRESENTATION('',(#2969),#2973);
#2969 = CIRCLE('',#2970,12.5);
#2970 = AXIS2_PLACEMENT_2D('',#2971,#2972);
#2971 = CARTESIAN_POINT('',(0.,0.));
#2972 = DIRECTION('',(1.,0.));
#2973 = ( GEOMETRIC_REPRESENTATION_CONTEXT(2) 
PARAMETRIC_REPRESENTATION_CONTEXT() REPRESENTATION_CONTEXT('2D SPACE',''
  ) );
#2974 = ADVANCED_FACE('',(#2975),#2987,.F.);
#2975 = FACE_BOUND('',#2976,.F.);
#2976 = EDGE_LOOP('',(#2977,#3005,#3027,#3050));
#2977 = ORIENTED_EDGE('',*,*,#2978,.T.);
#2978 = EDGE_CURVE('',#2979,#22,#2981,.T.);
#2979 = VERTEX_POINT('',#2980);
#2980 = CARTESIAN_POINT('',(83.37,19.025,5.));
#2981 = SURFACE_CURVE('',#2982,(#2986,#2998),.PCURVE_S1.);
#2982 = LINE('',#2983,#2984);
#2983 = CARTESIAN_POINT('',(83.37,19.025,5.));
#2984 = VECTOR('',#2985,1.);
#2985 = DIRECTION('',(-0.,-0.,-1.));
#2986 = PCURVE('',#2987,#2992);
#2987 = CYLINDRICAL_SURFACE('',#2988,1.4);
#2988 = AXIS2_PLACEMENT_3D('',#2989,#2990,#2991);
#2989 = CARTESIAN_POINT('',(84.77,19.025,5.));
#2990 = DIRECTION('',(-0.,-0.,-1.));
#2991 = DIRECTION('',(-1.,0.,0.));
#2992 = DEFINITIONAL_REPRESENTATION('',(#2993),#2997);
#2993 = LINE('',#2994,#2995);
#2994 = CARTESIAN_POINT('',(6.28318530718,0.));
#2995 = VECTOR('',#2996,1.);
#2996 = DIRECTION('',(0.,1.));
#2997 = ( GEOMETRIC_REPRESENTATION_CONTEXT(2) 
PARAMETRIC_REPRESENTATION_CONTEXT() REPRESENTATION_CONTEXT('2D SPACE',''
  ) );
#2998 = PCURVE('',#45,#2999);
#2999 = DEFINITIONAL_REPRESENTATION('',(#3000),#3004);
#3000 = LINE('',#3001,#3002);
#3001 = CARTESIAN_POINT('',(0.,0.));
#3002 = VECTOR('',#3003,1.);
#3003 = DIRECTION('',(0.,1.));
#3004 = ( GEOMETRIC_REPRESENTATION_CONTEXT(2) 
PARAMETRIC_REPRESENTATION_CONTEXT() REPRESENTATION_CONTEXT('2D SPACE',''
  ) );
#3005 = ORIENTED_EDGE('',*,*,#3006,.F.);
#3006 = EDGE_CURVE('',#24,#22,#3007,.T.);
#3007 = SURFACE_CURVE('',#3008,(#3013,#3020),.PCURVE_S1.);
#3008 = CIRCLE('',#3009,1.4);
#3009 = AXIS2_PLACEMENT_3D('',#3010,#3011,#3012);
#3010 = CARTESIAN_POINT('',(84.77,19.025,-4.5));
#3011 = DIRECTION('',(0.,0.,-1.));
#3012 = DIRECTION('',(1.,0.,0.));
#3013 = PCURVE('',#2987,#3014);
#3014 = DEFINITIONAL_REPRESENTATION('',(#3015),#3019);
#3015 = LINE('',#3016,#3017);
#3016 = CARTESIAN_POINT('',(3.14159265359,9.5));
#3017 = VECTOR('',#3018,1.);
#3018 = DIRECTION('',(1.,0.));
#3019 = ( GEOMETRIC_REPRESENTATION_CONTEXT(2) 
PARAMETRIC_REPRESENTATION_CONTEXT() REPRESENTATION_CONTEXT('2D SPACE',''
  ) );
#3020 = PCURVE('',#74,#3021);
#3021 = DEFINITIONAL_REPRESENTATION('',(#3022),#3026);
#3022 = LINE('',#3023,#3024);
#3023 = CARTESIAN_POINT('',(6.28318530718,3.14159265359));
#3024 = VECTOR('',#3025,1.);
#3025 = DIRECTION('',(-1.,-1.413579858428E-16));
#3026 = ( GEOMETRIC_REPRESENTATION_CONTEXT(2) 
PARAMETRIC_REPRESENTATION_CONTEXT() REPRESENTATION_CONTEXT('2D SPACE',''
  ) );
#3027 = ORIENTED_EDGE('',*,*,#3028,.F.);
#3028 = EDGE_CURVE('',#3029,#24,#3031,.T.);
#3029 = VERTEX_POINT('',#3030);
#3030 = CARTESIAN_POINT('',(86.17,19.025,5.));
#3031 = SURFACE_CURVE('',#3032,(#3036,#3043),.PCURVE_S1.);
#3032 = LINE('',#3033,#3034);
#3033 = CARTESIAN_POINT('',(86.17,19.025,5.));
#3034 = VECTOR('',#3035,1.);
#3035 = DIRECTION('',(-0.,-0.,-1.));
#3036 = PCURVE('',#2987,#3037);
#3037 = DEFINITIONAL_REPRESENTATION('',(#3038),#3042);
#3038 = LINE('',#3039,#3040);
#3039 = CARTESIAN_POINT('',(3.14159265359,0.));
#3040 = VECTOR('',#3041,1.);
#3041 = DIRECTION('',(0.,1.));
#3042 = ( GEOMETRIC_REPRESENTATION_CONTEXT(2) 
PARAMETRIC_REPRESENTATION_CONTEXT() REPRESENTATION_CONTEXT('2D SPACE',''
  ) );
#3043 = PCURVE('',#45,#3044);
#3044 = DEFINITIONAL_REPRESENTATION('',(#3045),#3049);
#3045 = LINE('',#3046,#3047);
#3046 = CARTESIAN_POINT('',(3.14159265359,0.));
#3047 = VECTOR('',#3048,1.);
#3048 = DIRECTION('',(0.,1.));
#3049 = ( GEOMETRIC_REPRESENTATION_CONTEXT(2) 
PARAMETRIC_REPRESENTATION_CONTEXT() REPRESENTATION_CONTEXT('2D SPACE',''
  ) );
#3050 = ORIENTED_EDGE('',*,*,#3051,.T.);
#3051 = EDGE_CURVE('',#3029,#2979,#3052,.T.);
#3052 = SURFACE_CURVE('',#3053,(#3058,#3065),.PCURVE_S1.);
#3053 = CIRCLE('',#3054,1.4);
#3054 = AXIS2_PLACEMENT_3D('',#3055,#3056,#3057);
#3055 = CARTESIAN_POINT('',(84.77,19.025,5.));
#3056 = DIRECTION('',(0.,0.,-1.));
#3057 = DIRECTION('',(-1.,0.,0.));
#3058 = PCURVE('',#2987,#3059);
#3059 = DEFINITIONAL_REPRESENTATION('',(#3060),#3064);
#3060 = LINE('',#3061,#3062);
#3061 = CARTESIAN_POINT('',(0.,0.));
#3062 = VECTOR('',#3063,1.);
#3063 = DIRECTION('',(1.,0.));
#3064 = ( GEOMETRIC_REPRESENTATION_CONTEXT(2) 
PARAMETRIC_REPRESENTATION_CONTEXT() REPRESENTATION_CONTEXT('2D SPACE',''
  ) );
#3065 = PCURVE('',#2306,#3066);
#3066 = DEFINITIONAL_REPRESENTATION('',(#3067),#3075);
#3067 = ( BOUNDED_CURVE() B_SPLINE_CURVE(2,(#3068,#3069,#3070,#3071,
#3072,#3073,#3074),.UNSPECIFIED.,.T.,.F.) B_SPLINE_CURVE_WITH_KNOTS((1,2
    ,2,2,2,1),(-2.094395102393,0.,2.094395102393,4.188790204786,
6.28318530718,8.377580409573),.UNSPECIFIED.) CURVE() 
GEOMETRIC_REPRESENTATION_ITEM() RATIONAL_B_SPLINE_CURVE((1.,0.5,1.,0.5,
1.,0.5,1.)) REPRESENTATION_ITEM('') );
#3068 = CARTESIAN_POINT('',(-1.4,19.025));
#3069 = CARTESIAN_POINT('',(-1.4,21.449871130596));
#3070 = CARTESIAN_POINT('',(0.7,20.237435565298));
#3071 = CARTESIAN_POINT('',(2.8,19.025));
#3072 = CARTESIAN_POINT('',(0.7,17.812564434702));
#3073 = CARTESIAN_POINT('',(-1.4,16.600128869404));
#3074 = CARTESIAN_POINT('',(-1.4,19.025));
#3075 = ( GEOMETRIC_REPRESENTATION_CONTEXT(2) 
PARAMETRIC_REPRESENTATION_CONTEXT() REPRESENTATION_CONTEXT('2D SPACE',''
  ) );
#3076 = ADVANCED_FACE('',(#3077),#3089,.F.);
#3077 = FACE_BOUND('',#3078,.F.);
#3078 = EDGE_LOOP('',(#3079,#3107,#3129,#3152));
#3079 = ORIENTED_EDGE('',*,*,#3080,.T.);
#3080 = EDGE_CURVE('',#3081,#141,#3083,.T.);
#3081 = VERTEX_POINT('',#3082);
#3082 = CARTESIAN_POINT('',(99.846133306999,9.5125,5.));
#3083 = SURFACE_CURVE('',#3084,(#3088,#3100),.PCURVE_S1.);
#3084 = LINE('',#3085,#3086);
#3085 = CARTESIAN_POINT('',(99.846133306999,9.5125,5.));
#3086 = VECTOR('',#3087,1.);
#3087 = DIRECTION('',(-0.,-0.,-1.));
#3088 = PCURVE('',#3089,#3094);
#3089 = CYLINDRICAL_SURFACE('',#3090,1.4);
#3090 = AXIS2_PLACEMENT_3D('',#3091,#3092,#3093);
#3091 = CARTESIAN_POINT('',(101.24613330699,9.5125,5.));
#3092 = DIRECTION('',(-0.,-0.,-1.));
#3093 = DIRECTION('',(-1.,0.,0.));
#3094 = DEFINITIONAL_REPRESENTATION('',(#3095),#3099);
#3095 = LINE('',#3096,#3097);
#3096 = CARTESIAN_POINT('',(6.28318530718,0.));
#3097 = VECTOR('',#3098,1.);
#3098 = DIRECTION('',(0.,1.));
#3099 = ( GEOMETRIC_REPRESENTATION_CONTEXT(2) 
PARAMETRIC_REPRESENTATION_CONTEXT() REPRESENTATION_CONTEXT('2D SPACE',''
  ) );
#3100 = PCURVE('',#164,#3101);
#3101 = DEFINITIONAL_REPRESENTATION('',(#3102),#3106);
#3102 = LINE('',#3103,#3104);
#3103 = CARTESIAN_POINT('',(0.,0.));
#3104 = VECTOR('',#3105,1.);
#3105 = DIRECTION('',(0.,1.));
#3106 = ( GEOMETRIC_REPRESENTATION_CONTEXT(2) 
PARAMETRIC_REPRESENTATION_CONTEXT() REPRESENTATION_CONTEXT('2D SPACE',''
  ) );
#3107 = ORIENTED_EDGE('',*,*,#3108,.F.);
#3108 = EDGE_CURVE('',#143,#141,#3109,.T.);
#3109 = SURFACE_CURVE('',#3110,(#3115,#3122),.PCURVE_S1.);
#3110 = CIRCLE('',#3111,1.4);
#3111 = AXIS2_PLACEMENT_3D('',#3112,#3113,#3114);
#3112 = CARTESIAN_POINT('',(101.24613330699,9.5125,-4.5));
#3113 = DIRECTION('',(0.,0.,-1.));
#3114 = DIRECTION('',(1.,0.,0.));
#3115 = PCURVE('',#3089,#3116);
#3116 = DEFINITIONAL_REPRESENTATION('',(#3117),#3121);
#3117 = LINE('',#3118,#3119);
#3118 = CARTESIAN_POINT('',(3.14159265359,9.5));
#3119 = VECTOR('',#3120,1.);
#3120 = DIRECTION('',(1.,0.));
#3121 = ( GEOMETRIC_REPRESENTATION_CONTEXT(2) 
PARAMETRIC_REPRESENTATION_CONTEXT() REPRESENTATION_CONTEXT('2D SPACE',''
  ) );
#3122 = PCURVE('',#193,#3123);
#3123 = DEFINITIONAL_REPRESENTATION('',(#3124),#3128);
#3124 = LINE('',#3125,#3126);
#3125 = CARTESIAN_POINT('',(6.28318530718,3.14159265359));
#3126 = VECTOR('',#3127,1.);
#3127 = DIRECTION('',(-1.,-1.413579858428E-16));
#3128 = ( GEOMETRIC_REPRESENTATION_CONTEXT(2) 
PARAMETRIC_REPRESENTATION_CONTEXT() REPRESENTATION_CONTEXT('2D SPACE',''
  ) );
#3129 = ORIENTED_EDGE('',*,*,#3130,.F.);
#3130 = EDGE_CURVE('',#3131,#143,#3133,.T.);
#3131 = VERTEX_POINT('',#3132);
#3132 = CARTESIAN_POINT('',(102.64613330699,9.5125,5.));
#3133 = SURFACE_CURVE('',#3134,(#3138,#3145),.PCURVE_S1.);
#3134 = LINE('',#3135,#3136);
#3135 = CARTESIAN_POINT('',(102.64613330699,9.5125,5.));
#3136 = VECTOR('',#3137,1.);
#3137 = DIRECTION('',(-0.,-0.,-1.));
#3138 = PCURVE('',#3089,#3139);
#3139 = DEFINITIONAL_REPRESENTATION('',(#3140),#3144);
#3140 = LINE('',#3141,#3142);
#3141 = CARTESIAN_POINT('',(3.14159265359,0.));
#3142 = VECTOR('',#3143,1.);
#3143 = DIRECTION('',(0.,1.));
#3144 = ( GEOMETRIC_REPRESENTATION_CONTEXT(2) 
PARAMETRIC_REPRESENTATION_CONTEXT() REPRESENTATION_CONTEXT('2D SPACE',''
  ) );
#3145 = PCURVE('',#164,#3146);
#3146 = DEFINITIONAL_REPRESENTATION('',(#3147),#3151);
#3147 = LINE('',#3148,#3149);
#3148 = CARTESIAN_POINT('',(3.14159265359,0.));
#3149 = VECTOR('',#3150,1.);
#3150 = DIRECTION('',(0.,1.));
#3151 = ( GEOMETRIC_REPRESENTATION_CONTEXT(2) 
PARAMETRIC_REPRESENTATION_CONTEXT() REPRESENTATION_CONTEXT('2D SPACE',''
  ) );
#3152 = ORIENTED_EDGE('',*,*,#3153,.T.);
#3153 = EDGE_CURVE('',#3131,#3081,#3154,.T.);
#3154 = SURFACE_CURVE('',#3155,(#3160,#3167),.PCURVE_S1.);
#3155 = CIRCLE('',#3156,1.4);
#3156 = AXIS2_PLACEMENT_3D('',#3157,#3158,#3159);
#3157 = CARTESIAN_POINT('',(101.24613330699,9.5125,5.));
#3158 = DIRECTION('',(0.,0.,-1.));
#3159 = DIRECTION('',(-1.,0.,0.));
#3160 = PCURVE('',#3089,#3161);
#3161 = DEFINITIONAL_REPRESENTATION('',(#3162),#3166);
#3162 = LINE('',#3163,#3164);
#3163 = CARTESIAN_POINT('',(0.,0.));
#3164 = VECTOR('',#3165,1.);
#3165 = DIRECTION('',(1.,0.));
#3166 = ( GEOMETRIC_REPRESENTATION_CONTEXT(2) 
PARAMETRIC_REPRESENTATION_CONTEXT() REPRESENTATION_CONTEXT('2D SPACE',''
  ) );
#3167 = PCURVE('',#2306,#3168);
#3168 = DEFINITIONAL_REPRESENTATION('',(#3169),#3177);
#3169 = ( BOUNDED_CURVE() B_SPLINE_CURVE(2,(#3170,#3171,#3172,#3173,
#3174,#3175,#3176),.UNSPECIFIED.,.T.,.F.) B_SPLINE_CURVE_WITH_KNOTS((1,2
    ,2,2,2,1),(-2.094395102393,0.,2.094395102393,4.188790204786,
6.28318530718,8.377580409573),.UNSPECIFIED.) CURVE() 
GEOMETRIC_REPRESENTATION_ITEM() RATIONAL_B_SPLINE_CURVE((1.,0.5,1.,0.5,
1.,0.5,1.)) REPRESENTATION_ITEM('') );
#3170 = CARTESIAN_POINT('',(15.076133306999,9.5125));
#3171 = CARTESIAN_POINT('',(15.076133306999,11.937371130596));
#3172 = CARTESIAN_POINT('',(17.176133306999,10.724935565298));
#3173 = CARTESIAN_POINT('',(19.276133306999,9.5125));
#3174 = CARTESIAN_POINT('',(17.176133306999,8.300064434702));
#3175 = CARTESIAN_POINT('',(15.076133306999,7.087628869404));
#3176 = CARTESIAN_POINT('',(15.076133306999,9.5125));
#3177 = ( GEOMETRIC_REPRESENTATION_CONTEXT(2) 
PARAMETRIC_REPRESENTATION_CONTEXT() REPRESENTATION_CONTEXT('2D SPACE',''
  ) );
#3178 = ADVANCED_FACE('',(#3179),#3191,.F.);
#3179 = FACE_BOUND('',#3180,.F.);
#3180 = EDGE_LOOP('',(#3181,#3209,#3231,#3254));
#3181 = ORIENTED_EDGE('',*,*,#3182,.T.);
#3182 = EDGE_CURVE('',#3183,#255,#3185,.T.);
#3183 = VERTEX_POINT('',#3184);
#3184 = CARTESIAN_POINT('',(99.846133306999,-9.5125,5.));
#3185 = SURFACE_CURVE('',#3186,(#3190,#3202),.PCURVE_S1.);
#3186 = LINE('',#3187,#3188);
#3187 = CARTESIAN_POINT('',(99.846133306999,-9.5125,5.));
#3188 = VECTOR('',#3189,1.);
#3189 = DIRECTION('',(-0.,-0.,-1.));
#3190 = PCURVE('',#3191,#3196);
#3191 = CYLINDRICAL_SURFACE('',#3192,1.4);
#3192 = AXIS2_PLACEMENT_3D('',#3193,#3194,#3195);
#3193 = CARTESIAN_POINT('',(101.24613330699,-9.5125,5.));
#3194 = DIRECTION('',(-0.,-0.,-1.));
#3195 = DIRECTION('',(-1.,0.,0.));
#3196 = DEFINITIONAL_REPRESENTATION('',(#3197),#3201);
#3197 = LINE('',#3198,#3199);
#3198 = CARTESIAN_POINT('',(6.28318530718,0.));
#3199 = VECTOR('',#3200,1.);
#3200 = DIRECTION('',(0.,1.));
#3201 = ( GEOMETRIC_REPRESENTATION_CONTEXT(2) 
PARAMETRIC_REPRESENTATION_CONTEXT() REPRESENTATION_CONTEXT('2D SPACE',''
  ) );
#3202 = PCURVE('',#278,#3203);
#3203 = DEFINITIONAL_REPRESENTATION('',(#3204),#3208);
#3204 = LINE('',#3205,#3206);
#3205 = CARTESIAN_POINT('',(0.,0.));
#3206 = VECTOR('',#3207,1.);
#3207 = DIRECTION('',(0.,1.));
#3208 = ( GEOMETRIC_REPRESENTATION_CONTEXT(2) 
PARAMETRIC_REPRESENTATION_CONTEXT() REPRESENTATION_CONTEXT('2D SPACE',''
  ) );
#3209 = ORIENTED_EDGE('',*,*,#3210,.F.);
#3210 = EDGE_CURVE('',#257,#255,#3211,.T.);
#3211 = SURFACE_CURVE('',#3212,(#3217,#3224),.PCURVE_S1.);
#3212 = CIRCLE('',#3213,1.4);
#3213 = AXIS2_PLACEMENT_3D('',#3214,#3215,#3216);
#3214 = CARTESIAN_POINT('',(101.24613330699,-9.5125,-4.5));
#3215 = DIRECTION('',(0.,0.,-1.));
#3216 = DIRECTION('',(1.,0.,0.));
#3217 = PCURVE('',#3191,#3218);
#3218 = DEFINITIONAL_REPRESENTATION('',(#3219),#3223);
#3219 = LINE('',#3220,#3221);
#3220 = CARTESIAN_POINT('',(3.14159265359,9.5));
#3221 = VECTOR('',#3222,1.);
#3222 = DIRECTION('',(1.,0.));
#3223 = ( GEOMETRIC_REPRESENTATION_CONTEXT(2) 
PARAMETRIC_REPRESENTATION_CONTEXT() REPRESENTATION_CONTEXT('2D SPACE',''
  ) );
#3224 = PCURVE('',#307,#3225);
#3225 = DEFINITIONAL_REPRESENTATION('',(#3226),#3230);
#3226 = LINE('',#3227,#3228);
#3227 = CARTESIAN_POINT('',(6.28318530718,3.14159265359));
#3228 = VECTOR('',#3229,1.);
#3229 = DIRECTION('',(-1.,-1.413579858428E-16));
#3230 = ( GEOMETRIC_REPRESENTATION_CONTEXT(2) 
PARAMETRIC_REPRESENTATION_CONTEXT() REPRESENTATION_CONTEXT('2D SPACE',''
  ) );
#3231 = ORIENTED_EDGE('',*,*,#3232,.F.);
#3232 = EDGE_CURVE('',#3233,#257,#3235,.T.);
#3233 = VERTEX_POINT('',#3234);
#3234 = CARTESIAN_POINT('',(102.64613330699,-9.5125,5.));
#3235 = SURFACE_CURVE('',#3236,(#3240,#3247),.PCURVE_S1.);
#3236 = LINE('',#3237,#3238);
#3237 = CARTESIAN_POINT('',(102.64613330699,-9.5125,5.));
#3238 = VECTOR('',#3239,1.);
#3239 = DIRECTION('',(-0.,-0.,-1.));
#3240 = PCURVE('',#3191,#3241);
#3241 = DEFINITIONAL_REPRESENTATION('',(#3242),#3246);
#3242 = LINE('',#3243,#3244);
#3243 = CARTESIAN_POINT('',(3.14159265359,0.));
#3244 = VECTOR('',#3245,1.);
#3245 = DIRECTION('',(0.,1.));
#3246 = ( GEOMETRIC_REPRESENTATION_CONTEXT(2) 
PARAMETRIC_REPRESENTATION_CONTEXT() REPRESENTATION_CONTEXT('2D SPACE',''
  ) );
#3247 = PCURVE('',#278,#3248);
#3248 = DEFINITIONAL_REPRESENTATION('',(#3249),#3253);
#3249 = LINE('',#3250,#3251);
#3250 = CARTESIAN_POINT('',(3.14159265359,0.));
#3251 = VECTOR('',#3252,1.);
#3252 = DIRECTION('',(0.,1.));
#3253 = ( GEOMETRIC_REPRESENTATION_CONTEXT(2) 
PARAMETRIC_REPRESENTATION_CONTEXT() REPRESENTATION_CONTEXT('2D SPACE',''
  ) );
#3254 = ORIENTED_EDGE('',*,*,#3255,.T.);
#3255 = EDGE_CURVE('',#3233,#3183,#3256,.T.);
#3256 = SURFACE_CURVE('',#3257,(#3262,#3269),.PCURVE_S1.);
#3257 = CIRCLE('',#3258,1.4);
#3258 = AXIS2_PLACEMENT_3D('',#3259,#3260,#3261);
#3259 = CARTESIAN_POINT('',(101.24613330699,-9.5125,5.));
#3260 = DIRECTION('',(0.,0.,-1.));
#3261 = DIRECTION('',(-1.,0.,0.));
#3262 = PCURVE('',#3191,#3263);
#3263 = DEFINITIONAL_REPRESENTATION('',(#3264),#3268);
#3264 = LINE('',#3265,#3266);
#3265 = CARTESIAN_POINT('',(0.,0.));
#3266 = VECTOR('',#3267,1.);
#3267 = DIRECTION('',(1.,0.));
#3268 = ( GEOMETRIC_REPRESENTATION_CONTEXT(2) 
PARAMETRIC_REPRESENTATION_CONTEXT() REPRESENTATION_CONTEXT('2D SPACE',''
  ) );
#3269 = PCURVE('',#2306,#3270);
#3270 = DEFINITIONAL_REPRESENTATION('',(#3271),#3279);
#3271 = ( BOUNDED_CURVE() B_SPLINE_CURVE(2,(#3272,#3273,#3274,#3275,
#3276,#3277,#3278),.UNSPECIFIED.,.T.,.F.) B_SPLINE_CURVE_WITH_KNOTS((1,2
    ,2,2,2,1),(-2.094395102393,0.,2.094395102393,4.188790204786,
6.28318530718,8.377580409573),.UNSPECIFIED.) CURVE() 
GEOMETRIC_REPRESENTATION_ITEM() RATIONAL_B_SPLINE_CURVE((1.,0.5,1.,0.5,
1.,0.5,1.)) REPRESENTATION_ITEM('') );
#3272 = CARTESIAN_POINT('',(15.076133306999,-9.5125));
#3273 = CARTESIAN_POINT('',(15.076133306999,-7.087628869404));
#3274 = CARTESIAN_POINT('',(17.176133306999,-8.300064434702));
#3275 = CARTESIAN_POINT('',(19.276133306999,-9.5125));
#3276 = CARTESIAN_POINT('',(17.176133306999,-10.72493556529));
#3277 = CARTESIAN_POINT('',(15.076133306999,-11.93737113059));
#3278 = CARTESIAN_POINT('',(15.076133306999,-9.5125));
#3279 = ( GEOMETRIC_REPRESENTATION_CONTEXT(2) 
PARAMETRIC_REPRESENTATION_CONTEXT() REPRESENTATION_CONTEXT('2D SPACE',''
  ) );
#3280 = ADVANCED_FACE('',(#3281),#3295,.F.);
#3281 = FACE_BOUND('',#3282,.F.);
#3282 = EDGE_LOOP('',(#3283,#3318,#3346,#3369));
#3283 = ORIENTED_EDGE('',*,*,#3284,.T.);
#3284 = EDGE_CURVE('',#3285,#3287,#3289,.T.);
#3285 = VERTEX_POINT('',#3286);
#3286 = CARTESIAN_POINT('',(83.37,-19.025,5.));
#3287 = VERTEX_POINT('',#3288);
#3288 = CARTESIAN_POINT('',(83.37,-19.025,-5.));
#3289 = SURFACE_CURVE('',#3290,(#3294,#3306),.PCURVE_S1.);
#3290 = LINE('',#3291,#3292);
#3291 = CARTESIAN_POINT('',(83.37,-19.025,5.));
#3292 = VECTOR('',#3293,1.);
#3293 = DIRECTION('',(-0.,-0.,-1.));
#3294 = PCURVE('',#3295,#3300);
#3295 = CYLINDRICAL_SURFACE('',#3296,1.4);
#3296 = AXIS2_PLACEMENT_3D('',#3297,#3298,#3299);
#3297 = CARTESIAN_POINT('',(84.77,-19.025,5.));
#3298 = DIRECTION('',(-0.,-0.,-1.));
#3299 = DIRECTION('',(-1.,0.,0.));
#3300 = DEFINITIONAL_REPRESENTATION('',(#3301),#3305);
#3301 = LINE('',#3302,#3303);
#3302 = CARTESIAN_POINT('',(6.28318530718,0.));
#3303 = VECTOR('',#3304,1.);
#3304 = DIRECTION('',(0.,1.));
#3305 = ( GEOMETRIC_REPRESENTATION_CONTEXT(2) 
PARAMETRIC_REPRESENTATION_CONTEXT() REPRESENTATION_CONTEXT('2D SPACE',''
  ) );
#3306 = PCURVE('',#3307,#3312);
#3307 = CYLINDRICAL_SURFACE('',#3308,1.4);
#3308 = AXIS2_PLACEMENT_3D('',#3309,#3310,#3311);
#3309 = CARTESIAN_POINT('',(84.77,-19.025,5.));
#3310 = DIRECTION('',(-0.,-0.,-1.));
#3311 = DIRECTION('',(-1.,0.,0.));
#3312 = DEFINITIONAL_REPRESENTATION('',(#3313),#3317);
#3313 = LINE('',#3314,#3315);
#3314 = CARTESIAN_POINT('',(0.,0.));
#3315 = VECTOR('',#3316,1.);
#3316 = DIRECTION('',(0.,1.));
#3317 = ( GEOMETRIC_REPRESENTATION_CONTEXT(2) 
PARAMETRIC_REPRESENTATION_CONTEXT() REPRESENTATION_CONTEXT('2D SPACE',''
  ) );
#3318 = ORIENTED_EDGE('',*,*,#3319,.F.);
#3319 = EDGE_CURVE('',#3320,#3287,#3322,.T.);
#3320 = VERTEX_POINT('',#3321);
#3321 = CARTESIAN_POINT('',(86.17,-19.025,-5.));
#3322 = SURFACE_CURVE('',#3323,(#3328,#3335),.PCURVE_S1.);
#3323 = CIRCLE('',#3324,1.4);
#3324 = AXIS2_PLACEMENT_3D('',#3325,#3326,#3327);
#3325 = CARTESIAN_POINT('',(84.77,-19.025,-5.));
#3326 = DIRECTION('',(0.,0.,-1.));
#3327 = DIRECTION('',(-1.,0.,0.));
#3328 = PCURVE('',#3295,#3329);
#3329 = DEFINITIONAL_REPRESENTATION('',(#3330),#3334);
#3330 = LINE('',#3331,#3332);
#3331 = CARTESIAN_POINT('',(0.,10.));
#3332 = VECTOR('',#3333,1.);
#3333 = DIRECTION('',(1.,0.));
#3334 = ( GEOMETRIC_REPRESENTATION_CONTEXT(2) 
PARAMETRIC_REPRESENTATION_CONTEXT() REPRESENTATION_CONTEXT('2D SPACE',''
  ) );
#3335 = PCURVE('',#103,#3336);
#3336 = DEFINITIONAL_REPRESENTATION('',(#3337),#3345);
#3337 = ( BOUNDED_CURVE() B_SPLINE_CURVE(2,(#3338,#3339,#3340,#3341,
#3342,#3343,#3344),.UNSPECIFIED.,.T.,.F.) B_SPLINE_CURVE_WITH_KNOTS((1,2
    ,2,2,2,1),(-2.094395102393,0.,2.094395102393,4.188790204786,
6.28318530718,8.377580409573),.UNSPECIFIED.) CURVE() 
GEOMETRIC_REPRESENTATION_ITEM() RATIONAL_B_SPLINE_CURVE((1.,0.5,1.,0.5,
1.,0.5,1.)) REPRESENTATION_ITEM('') );
#3338 = CARTESIAN_POINT('',(-1.4,-19.025));
#3339 = CARTESIAN_POINT('',(-1.4,-16.6001288694));
#3340 = CARTESIAN_POINT('',(0.7,-17.8125644347));
#3341 = CARTESIAN_POINT('',(2.8,-19.025));
#3342 = CARTESIAN_POINT('',(0.7,-20.23743556529));
#3343 = CARTESIAN_POINT('',(-1.4,-21.44987113059));
#3344 = CARTESIAN_POINT('',(-1.4,-19.025));
#3345 = ( GEOMETRIC_REPRESENTATION_CONTEXT(2) 
PARAMETRIC_REPRESENTATION_CONTEXT() REPRESENTATION_CONTEXT('2D SPACE',''
  ) );
#3346 = ORIENTED_EDGE('',*,*,#3347,.F.);
#3347 = EDGE_CURVE('',#3348,#3320,#3350,.T.);
#3348 = VERTEX_POINT('',#3349);
#3349 = CARTESIAN_POINT('',(86.17,-19.025,5.));
#3350 = SURFACE_CURVE('',#3351,(#3355,#3362),.PCURVE_S1.);
#3351 = LINE('',#3352,#3353);
#3352 = CARTESIAN_POINT('',(86.17,-19.025,5.));
#3353 = VECTOR('',#3354,1.);
#3354 = DIRECTION('',(-0.,-0.,-1.));
#3355 = PCURVE('',#3295,#3356);
#3356 = DEFINITIONAL_REPRESENTATION('',(#3357),#3361);
#3357 = LINE('',#3358,#3359);
#3358 = CARTESIAN_POINT('',(3.14159265359,0.));
#3359 = VECTOR('',#3360,1.);
#3360 = DIRECTION('',(0.,1.));
#3361 = ( GEOMETRIC_REPRESENTATION_CONTEXT(2) 
PARAMETRIC_REPRESENTATION_CONTEXT() REPRESENTATION_CONTEXT('2D SPACE',''
  ) );
#3362 = PCURVE('',#3307,#3363);
#3363 = DEFINITIONAL_REPRESENTATION('',(#3364),#3368);
#3364 = LINE('',#3365,#3366);
#3365 = CARTESIAN_POINT('',(3.14159265359,0.));
#3366 = VECTOR('',#3367,1.);
#3367 = DIRECTION('',(0.,1.));
#3368 = ( GEOMETRIC_REPRESENTATION_CONTEXT(2) 
PARAMETRIC_REPRESENTATION_CONTEXT() REPRESENTATION_CONTEXT('2D SPACE',''
  ) );
#3369 = ORIENTED_EDGE('',*,*,#3370,.T.);
#3370 = EDGE_CURVE('',#3348,#3285,#3371,.T.);
#3371 = SURFACE_CURVE('',#3372,(#3377,#3384),.PCURVE_S1.);
#3372 = CIRCLE('',#3373,1.4);
#3373 = AXIS2_PLACEMENT_3D('',#3374,#3375,#3376);
#3374 = CARTESIAN_POINT('',(84.77,-19.025,5.));
#3375 = DIRECTION('',(0.,0.,-1.));
#3376 = DIRECTION('',(-1.,0.,0.));
#3377 = PCURVE('',#3295,#3378);
#3378 = DEFINITIONAL_REPRESENTATION('',(#3379),#3383);
#3379 = LINE('',#3380,#3381);
#3380 = CARTESIAN_POINT('',(0.,0.));
#3381 = VECTOR('',#3382,1.);
#3382 = DIRECTION('',(1.,0.));
#3383 = ( GEOMETRIC_REPRESENTATION_CONTEXT(2) 
PARAMETRIC_REPRESENTATION_CONTEXT() REPRESENTATION_CONTEXT('2D SPACE',''
  ) );
#3384 = PCURVE('',#2306,#3385);
#3385 = DEFINITIONAL_REPRESENTATION('',(#3386),#3394);
#3386 = ( BOUNDED_CURVE() B_SPLINE_CURVE(2,(#3387,#3388,#3389,#3390,
#3391,#3392,#3393),.UNSPECIFIED.,.T.,.F.) B_SPLINE_CURVE_WITH_KNOTS((1,2
    ,2,2,2,1),(-2.094395102393,0.,2.094395102393,4.188790204786,
6.28318530718,8.377580409573),.UNSPECIFIED.) CURVE() 
GEOMETRIC_REPRESENTATION_ITEM() RATIONAL_B_SPLINE_CURVE((1.,0.5,1.,0.5,
1.,0.5,1.)) REPRESENTATION_ITEM('') );
#3387 = CARTESIAN_POINT('',(-1.4,-19.025));
#3388 = CARTESIAN_POINT('',(-1.4,-16.6001288694));
#3389 = CARTESIAN_POINT('',(0.7,-17.8125644347));
#3390 = CARTESIAN_POINT('',(2.8,-19.025));
#3391 = CARTESIAN_POINT('',(0.7,-20.23743556529));
#3392 = CARTESIAN_POINT('',(-1.4,-21.44987113059));
#3393 = CARTESIAN_POINT('',(-1.4,-19.025));
#3394 = ( GEOMETRIC_REPRESENTATION_CONTEXT(2) 
PARAMETRIC_REPRESENTATION_CONTEXT() REPRESENTATION_CONTEXT('2D SPACE',''
  ) );
#3395 = ADVANCED_FACE('',(#3396),#3410,.F.);
#3396 = FACE_BOUND('',#3397,.F.);
#3397 = EDGE_LOOP('',(#3398,#3433,#3461,#3484));
#3398 = ORIENTED_EDGE('',*,*,#3399,.T.);
#3399 = EDGE_CURVE('',#3400,#3402,#3404,.T.);
#3400 = VERTEX_POINT('',#3401);
#3401 = CARTESIAN_POINT('',(66.893866693001,-9.5125,5.));
#3402 = VERTEX_POINT('',#3403);
#3403 = CARTESIAN_POINT('',(66.893866693001,-9.5125,-5.));
#3404 = SURFACE_CURVE('',#3405,(#3409,#3421),.PCURVE_S1.);
#3405 = LINE('',#3406,#3407);
#3406 = CARTESIAN_POINT('',(66.893866693001,-9.5125,5.));
#3407 = VECTOR('',#3408,1.);
#3408 = DIRECTION('',(-0.,-0.,-1.));
#3409 = PCURVE('',#3410,#3415);
#3410 = CYLINDRICAL_SURFACE('',#3411,1.4);
#3411 = AXIS2_PLACEMENT_3D('',#3412,#3413,#3414);
#3412 = CARTESIAN_POINT('',(68.293866693001,-9.5125,5.));
#3413 = DIRECTION('',(-0.,-0.,-1.));
#3414 = DIRECTION('',(-1.,0.,0.));
#3415 = DEFINITIONAL_REPRESENTATION('',(#3416),#3420);
#3416 = LINE('',#3417,#3418);
#3417 = CARTESIAN_POINT('',(6.28318530718,0.));
#3418 = VECTOR('',#3419,1.);
#3419 = DIRECTION('',(0.,1.));
#3420 = ( GEOMETRIC_REPRESENTATION_CONTEXT(2) 
PARAMETRIC_REPRESENTATION_CONTEXT() REPRESENTATION_CONTEXT('2D SPACE',''
  ) );
#3421 = PCURVE('',#3422,#3427);
#3422 = CYLINDRICAL_SURFACE('',#3423,1.4);
#3423 = AXIS2_PLACEMENT_3D('',#3424,#3425,#3426);
#3424 = CARTESIAN_POINT('',(68.293866693001,-9.5125,5.));
#3425 = DIRECTION('',(-0.,-0.,-1.));
#3426 = DIRECTION('',(-1.,0.,0.));
#3427 = DEFINITIONAL_REPRESENTATION('',(#3428),#3432);
#3428 = LINE('',#3429,#3430);
#3429 = CARTESIAN_POINT('',(0.,0.));
#3430 = VECTOR('',#3431,1.);
#3431 = DIRECTION('',(0.,1.));
#3432 = ( GEOMETRIC_REPRESENTATION_CONTEXT(2) 
PARAMETRIC_REPRESENTATION_CONTEXT() REPRESENTATION_CONTEXT('2D SPACE',''
  ) );
#3433 = ORIENTED_EDGE('',*,*,#3434,.F.);
#3434 = EDGE_CURVE('',#3435,#3402,#3437,.T.);
#3435 = VERTEX_POINT('',#3436);
#3436 = CARTESIAN_POINT('',(69.693866693001,-9.5125,-5.));
#3437 = SURFACE_CURVE('',#3438,(#3443,#3450),.PCURVE_S1.);
#3438 = CIRCLE('',#3439,1.4);
#3439 = AXIS2_PLACEMENT_3D('',#3440,#3441,#3442);
#3440 = CARTESIAN_POINT('',(68.293866693001,-9.5125,-5.));
#3441 = DIRECTION('',(0.,0.,-1.));
#3442 = DIRECTION('',(-1.,0.,0.));
#3443 = PCURVE('',#3410,#3444);
#3444 = DEFINITIONAL_REPRESENTATION('',(#3445),#3449);
#3445 = LINE('',#3446,#3447);
#3446 = CARTESIAN_POINT('',(0.,10.));
#3447 = VECTOR('',#3448,1.);
#3448 = DIRECTION('',(1.,0.));
#3449 = ( GEOMETRIC_REPRESENTATION_CONTEXT(2) 
PARAMETRIC_REPRESENTATION_CONTEXT() REPRESENTATION_CONTEXT('2D SPACE',''
  ) );
#3450 = PCURVE('',#103,#3451);
#3451 = DEFINITIONAL_REPRESENTATION('',(#3452),#3460);
#3452 = ( BOUNDED_CURVE() B_SPLINE_CURVE(2,(#3453,#3454,#3455,#3456,
#3457,#3458,#3459),.UNSPECIFIED.,.T.,.F.) B_SPLINE_CURVE_WITH_KNOTS((1,2
    ,2,2,2,1),(-2.094395102393,0.,2.094395102393,4.188790204786,
6.28318530718,8.377580409573),.UNSPECIFIED.) CURVE() 
GEOMETRIC_REPRESENTATION_ITEM() RATIONAL_B_SPLINE_CURVE((1.,0.5,1.,0.5,
1.,0.5,1.)) REPRESENTATION_ITEM('') );
#3453 = CARTESIAN_POINT('',(-17.87613330699,-9.5125));
#3454 = CARTESIAN_POINT('',(-17.87613330699,-7.087628869404));
#3455 = CARTESIAN_POINT('',(-15.77613330699,-8.300064434702));
#3456 = CARTESIAN_POINT('',(-13.67613330699,-9.5125));
#3457 = CARTESIAN_POINT('',(-15.77613330699,-10.72493556529));
#3458 = CARTESIAN_POINT('',(-17.87613330699,-11.93737113059));
#3459 = CARTESIAN_POINT('',(-17.87613330699,-9.5125));
#3460 = ( GEOMETRIC_REPRESENTATION_CONTEXT(2) 
PARAMETRIC_REPRESENTATION_CONTEXT() REPRESENTATION_CONTEXT('2D SPACE',''
  ) );
#3461 = ORIENTED_EDGE('',*,*,#3462,.F.);
#3462 = EDGE_CURVE('',#3463,#3435,#3465,.T.);
#3463 = VERTEX_POINT('',#3464);
#3464 = CARTESIAN_POINT('',(69.693866693001,-9.5125,5.));
#3465 = SURFACE_CURVE('',#3466,(#3470,#3477),.PCURVE_S1.);
#3466 = LINE('',#3467,#3468);
#3467 = CARTESIAN_POINT('',(69.693866693001,-9.5125,5.));
#3468 = VECTOR('',#3469,1.);
#3469 = DIRECTION('',(-0.,-0.,-1.));
#3470 = PCURVE('',#3410,#3471);
#3471 = DEFINITIONAL_REPRESENTATION('',(#3472),#3476);
#3472 = LINE('',#3473,#3474);
#3473 = CARTESIAN_POINT('',(3.14159265359,0.));
#3474 = VECTOR('',#3475,1.);
#3475 = DIRECTION('',(0.,1.));
#3476 = ( GEOMETRIC_REPRESENTATION_CONTEXT(2) 
PARAMETRIC_REPRESENTATION_CONTEXT() REPRESENTATION_CONTEXT('2D SPACE',''
  ) );
#3477 = PCURVE('',#3422,#3478);
#3478 = DEFINITIONAL_REPRESENTATION('',(#3479),#3483);
#3479 = LINE('',#3480,#3481);
#3480 = CARTESIAN_POINT('',(3.14159265359,0.));
#3481 = VECTOR('',#3482,1.);
#3482 = DIRECTION('',(0.,1.));
#3483 = ( GEOMETRIC_REPRESENTATION_CONTEXT(2) 
PARAMETRIC_REPRESENTATION_CONTEXT() REPRESENTATION_CONTEXT('2D SPACE',''
  ) );
#3484 = ORIENTED_EDGE('',*,*,#3485,.T.);
#3485 = EDGE_CURVE('',#3463,#3400,#3486,.T.);
#3486 = SURFACE_CURVE('',#3487,(#3492,#3499),.PCURVE_S1.);
#3487 = CIRCLE('',#3488,1.4);
#3488 = AXIS2_PLACEMENT_3D('',#3489,#3490,#3491);
#3489 = CARTESIAN_POINT('',(68.293866693001,-9.5125,5.));
#3490 = DIRECTION('',(0.,0.,-1.));
#3491 = DIRECTION('',(-1.,0.,0.));
#3492 = PCURVE('',#3410,#3493);
#3493 = DEFINITIONAL_REPRESENTATION('',(#3494),#3498);
#3494 = LINE('',#3495,#3496);
#3495 = CARTESIAN_POINT('',(0.,0.));
#3496 = VECTOR('',#3497,1.);
#3497 = DIRECTION('',(1.,0.));
#3498 = ( GEOMETRIC_REPRESENTATION_CONTEXT(2) 
PARAMETRIC_REPRESENTATION_CONTEXT() REPRESENTATION_CONTEXT('2D SPACE',''
  ) );
#3499 = PCURVE('',#2306,#3500);
#3500 = DEFINITIONAL_REPRESENTATION('',(#3501),#3509);
#3501 = ( BOUNDED_CURVE() B_SPLINE_CURVE(2,(#3502,#3503,#3504,#3505,
#3506,#3507,#3508),.UNSPECIFIED.,.T.,.F.) B_SPLINE_CURVE_WITH_KNOTS((1,2
    ,2,2,2,1),(-2.094395102393,0.,2.094395102393,4.188790204786,
6.28318530718,8.377580409573),.UNSPECIFIED.) CURVE() 
GEOMETRIC_REPRESENTATION_ITEM() RATIONAL_B_SPLINE_CURVE((1.,0.5,1.,0.5,
1.,0.5,1.)) REPRESENTATION_ITEM('') );
#3502 = CARTESIAN_POINT('',(-17.87613330699,-9.5125));
#3503 = CARTESIAN_POINT('',(-17.87613330699,-7.087628869404));
#3504 = CARTESIAN_POINT('',(-15.77613330699,-8.300064434702));
#3505 = CARTESIAN_POINT('',(-13.67613330699,-9.5125));
#3506 = CARTESIAN_POINT('',(-15.77613330699,-10.72493556529));
#3507 = CARTESIAN_POINT('',(-17.87613330699,-11.93737113059));
#3508 = CARTESIAN_POINT('',(-17.87613330699,-9.5125));
#3509 = ( GEOMETRIC_REPRESENTATION_CONTEXT(2) 
PARAMETRIC_REPRESENTATION_CONTEXT() REPRESENTATION_CONTEXT('2D SPACE',''
  ) );
#3510 = ADVANCED_FACE('',(#3511),#3523,.F.);
#3511 = FACE_BOUND('',#3512,.F.);
#3512 = EDGE_LOOP('',(#3513,#3541,#3563,#3586));
#3513 = ORIENTED_EDGE('',*,*,#3514,.T.);
#3514 = EDGE_CURVE('',#3515,#369,#3517,.T.);
#3515 = VERTEX_POINT('',#3516);
#3516 = CARTESIAN_POINT('',(66.893866693001,9.5125,5.));
#3517 = SURFACE_CURVE('',#3518,(#3522,#3534),.PCURVE_S1.);
#3518 = LINE('',#3519,#3520);
#3519 = CARTESIAN_POINT('',(66.893866693001,9.5125,5.));
#3520 = VECTOR('',#3521,1.);
#3521 = DIRECTION('',(-0.,-0.,-1.));
#3522 = PCURVE('',#3523,#3528);
#3523 = CYLINDRICAL_SURFACE('',#3524,1.4);
#3524 = AXIS2_PLACEMENT_3D('',#3525,#3526,#3527);
#3525 = CARTESIAN_POINT('',(68.293866693001,9.5125,5.));
#3526 = DIRECTION('',(-0.,-0.,-1.));
#3527 = DIRECTION('',(-1.,0.,0.));
#3528 = DEFINITIONAL_REPRESENTATION('',(#3529),#3533);
#3529 = LINE('',#3530,#3531);
#3530 = CARTESIAN_POINT('',(6.28318530718,0.));
#3531 = VECTOR('',#3532,1.);
#3532 = DIRECTION('',(0.,1.));
#3533 = ( GEOMETRIC_REPRESENTATION_CONTEXT(2) 
PARAMETRIC_REPRESENTATION_CONTEXT() REPRESENTATION_CONTEXT('2D SPACE',''
  ) );
#3534 = PCURVE('',#392,#3535);
#3535 = DEFINITIONAL_REPRESENTATION('',(#3536),#3540);
#3536 = LINE('',#3537,#3538);
#3537 = CARTESIAN_POINT('',(0.,0.));
#3538 = VECTOR('',#3539,1.);
#3539 = DIRECTION('',(0.,1.));
#3540 = ( GEOMETRIC_REPRESENTATION_CONTEXT(2) 
PARAMETRIC_REPRESENTATION_CONTEXT() REPRESENTATION_CONTEXT('2D SPACE',''
  ) );
#3541 = ORIENTED_EDGE('',*,*,#3542,.F.);
#3542 = EDGE_CURVE('',#371,#369,#3543,.T.);
#3543 = SURFACE_CURVE('',#3544,(#3549,#3556),.PCURVE_S1.);
#3544 = CIRCLE('',#3545,1.4);
#3545 = AXIS2_PLACEMENT_3D('',#3546,#3547,#3548);
#3546 = CARTESIAN_POINT('',(68.293866693001,9.5125,-4.5));
#3547 = DIRECTION('',(0.,0.,-1.));
#3548 = DIRECTION('',(1.,0.,0.));
#3549 = PCURVE('',#3523,#3550);
#3550 = DEFINITIONAL_REPRESENTATION('',(#3551),#3555);
#3551 = LINE('',#3552,#3553);
#3552 = CARTESIAN_POINT('',(3.14159265359,9.5));
#3553 = VECTOR('',#3554,1.);
#3554 = DIRECTION('',(1.,0.));
#3555 = ( GEOMETRIC_REPRESENTATION_CONTEXT(2) 
PARAMETRIC_REPRESENTATION_CONTEXT() REPRESENTATION_CONTEXT('2D SPACE',''
  ) );
#3556 = PCURVE('',#421,#3557);
#3557 = DEFINITIONAL_REPRESENTATION('',(#3558),#3562);
#3558 = LINE('',#3559,#3560);
#3559 = CARTESIAN_POINT('',(6.28318530718,3.14159265359));
#3560 = VECTOR('',#3561,1.);
#3561 = DIRECTION('',(-1.,-1.413579858428E-16));
#3562 = ( GEOMETRIC_REPRESENTATION_CONTEXT(2) 
PARAMETRIC_REPRESENTATION_CONTEXT() REPRESENTATION_CONTEXT('2D SPACE',''
  ) );
#3563 = ORIENTED_EDGE('',*,*,#3564,.F.);
#3564 = EDGE_CURVE('',#3565,#371,#3567,.T.);
#3565 = VERTEX_POINT('',#3566);
#3566 = CARTESIAN_POINT('',(69.693866693001,9.5125,5.));
#3567 = SURFACE_CURVE('',#3568,(#3572,#3579),.PCURVE_S1.);
#3568 = LINE('',#3569,#3570);
#3569 = CARTESIAN_POINT('',(69.693866693001,9.5125,5.));
#3570 = VECTOR('',#3571,1.);
#3571 = DIRECTION('',(-0.,-0.,-1.));
#3572 = PCURVE('',#3523,#3573);
#3573 = DEFINITIONAL_REPRESENTATION('',(#3574),#3578);
#3574 = LINE('',#3575,#3576);
#3575 = CARTESIAN_POINT('',(3.14159265359,0.));
#3576 = VECTOR('',#3577,1.);
#3577 = DIRECTION('',(0.,1.));
#3578 = ( GEOMETRIC_REPRESENTATION_CONTEXT(2) 
PARAMETRIC_REPRESENTATION_CONTEXT() REPRESENTATION_CONTEXT('2D SPACE',''
  ) );
#3579 = PCURVE('',#392,#3580);
#3580 = DEFINITIONAL_REPRESENTATION('',(#3581),#3585);
#3581 = LINE('',#3582,#3583);
#3582 = CARTESIAN_POINT('',(3.14159265359,0.));
#3583 = VECTOR('',#3584,1.);
#3584 = DIRECTION('',(0.,1.));
#3585 = ( GEOMETRIC_REPRESENTATION_CONTEXT(2) 
PARAMETRIC_REPRESENTATION_CONTEXT() REPRESENTATION_CONTEXT('2D SPACE',''
  ) );
#3586 = ORIENTED_EDGE('',*,*,#3587,.T.);
#3587 = EDGE_CURVE('',#3565,#3515,#3588,.T.);
#3588 = SURFACE_CURVE('',#3589,(#3594,#3601),.PCURVE_S1.);
#3589 = CIRCLE('',#3590,1.4);
#3590 = AXIS2_PLACEMENT_3D('',#3591,#3592,#3593);
#3591 = CARTESIAN_POINT('',(68.293866693001,9.5125,5.));
#3592 = DIRECTION('',(0.,0.,-1.));
#3593 = DIRECTION('',(-1.,0.,0.));
#3594 = PCURVE('',#3523,#3595);
#3595 = DEFINITIONAL_REPRESENTATION('',(#3596),#3600);
#3596 = LINE('',#3597,#3598);
#3597 = CARTESIAN_POINT('',(0.,0.));
#3598 = VECTOR('',#3599,1.);
#3599 = DIRECTION('',(1.,0.));
#3600 = ( GEOMETRIC_REPRESENTATION_CONTEXT(2) 
PARAMETRIC_REPRESENTATION_CONTEXT() REPRESENTATION_CONTEXT('2D SPACE',''
  ) );
#3601 = PCURVE('',#2306,#3602);
#3602 = DEFINITIONAL_REPRESENTATION('',(#3603),#3611);
#3603 = ( BOUNDED_CURVE() B_SPLINE_CURVE(2,(#3604,#3605,#3606,#3607,
#3608,#3609,#3610),.UNSPECIFIED.,.T.,.F.) B_SPLINE_CURVE_WITH_KNOTS((1,2
    ,2,2,2,1),(-2.094395102393,0.,2.094395102393,4.188790204786,
6.28318530718,8.377580409573),.UNSPECIFIED.) CURVE() 
GEOMETRIC_REPRESENTATION_ITEM() RATIONAL_B_SPLINE_CURVE((1.,0.5,1.,0.5,
1.,0.5,1.)) REPRESENTATION_ITEM('') );
#3604 = CARTESIAN_POINT('',(-17.87613330699,9.5125));
#3605 = CARTESIAN_POINT('',(-17.87613330699,11.937371130596));
#3606 = CARTESIAN_POINT('',(-15.77613330699,10.724935565298));
#3607 = CARTESIAN_POINT('',(-13.67613330699,9.5125));
#3608 = CARTESIAN_POINT('',(-15.77613330699,8.300064434702));
#3609 = CARTESIAN_POINT('',(-17.87613330699,7.087628869404));
#3610 = CARTESIAN_POINT('',(-17.87613330699,9.5125));
#3611 = ( GEOMETRIC_REPRESENTATION_CONTEXT(2) 
PARAMETRIC_REPRESENTATION_CONTEXT() REPRESENTATION_CONTEXT('2D SPACE',''
  ) );
#3612 = ADVANCED_FACE('',(#3613),#3627,.F.);
#3613 = FACE_BOUND('',#3614,.F.);
#3614 = EDGE_LOOP('',(#3615,#3650,#3674,#3697));
#3615 = ORIENTED_EDGE('',*,*,#3616,.T.);
#3616 = EDGE_CURVE('',#3617,#3619,#3621,.T.);
#3617 = VERTEX_POINT('',#3618);
#3618 = CARTESIAN_POINT('',(-86.17,7.,5.));
#3619 = VERTEX_POINT('',#3620);
#3620 = CARTESIAN_POINT('',(-86.17,7.,-30.));
#3621 = SURFACE_CURVE('',#3622,(#3626,#3638),.PCURVE_S1.);
#3622 = LINE('',#3623,#3624);
#3623 = CARTESIAN_POINT('',(-86.17,7.,5.));
#3624 = VECTOR('',#3625,1.);
#3625 = DIRECTION('',(-0.,-0.,-1.));
#3626 = PCURVE('',#3627,#3632);
#3627 = CYLINDRICAL_SURFACE('',#3628,1.4);
#3628 = AXIS2_PLACEMENT_3D('',#3629,#3630,#3631);
#3629 = CARTESIAN_POINT('',(-84.77,7.,5.));
#3630 = DIRECTION('',(-0.,-0.,-1.));
#3631 = DIRECTION('',(-1.,0.,0.));
#3632 = DEFINITIONAL_REPRESENTATION('',(#3633),#3637);
#3633 = LINE('',#3634,#3635);
#3634 = CARTESIAN_POINT('',(6.28318530718,0.));
#3635 = VECTOR('',#3636,1.);
#3636 = DIRECTION('',(0.,1.));
#3637 = ( GEOMETRIC_REPRESENTATION_CONTEXT(2) 
PARAMETRIC_REPRESENTATION_CONTEXT() REPRESENTATION_CONTEXT('2D SPACE',''
  ) );
#3638 = PCURVE('',#3639,#3644);
#3639 = CYLINDRICAL_SURFACE('',#3640,1.4);
#3640 = AXIS2_PLACEMENT_3D('',#3641,#3642,#3643);
#3641 = CARTESIAN_POINT('',(-84.77,7.,5.));
#3642 = DIRECTION('',(-0.,-0.,-1.));
#3643 = DIRECTION('',(-1.,0.,0.));
#3644 = DEFINITIONAL_REPRESENTATION('',(#3645),#3649);
#3645 = LINE('',#3646,#3647);
#3646 = CARTESIAN_POINT('',(0.,0.));
#3647 = VECTOR('',#3648,1.);
#3648 = DIRECTION('',(0.,1.));
#3649 = ( GEOMETRIC_REPRESENTATION_CONTEXT(2) 
PARAMETRIC_REPRESENTATION_CONTEXT() REPRESENTATION_CONTEXT('2D SPACE',''
  ) );
#3650 = ORIENTED_EDGE('',*,*,#3651,.F.);
#3651 = EDGE_CURVE('',#3652,#3619,#3654,.T.);
#3652 = VERTEX_POINT('',#3653);
#3653 = CARTESIAN_POINT('',(-83.37,7.,-30.));
#3654 = SURFACE_CURVE('',#3655,(#3660,#3667),.PCURVE_S1.);
#3655 = CIRCLE('',#3656,1.4);
#3656 = AXIS2_PLACEMENT_3D('',#3657,#3658,#3659);
#3657 = CARTESIAN_POINT('',(-84.77,7.,-30.));
#3658 = DIRECTION('',(0.,0.,-1.));
#3659 = DIRECTION('',(-1.,0.,0.));
#3660 = PCURVE('',#3627,#3661);
#3661 = DEFINITIONAL_REPRESENTATION('',(#3662),#3666);
#3662 = LINE('',#3663,#3664);
#3663 = CARTESIAN_POINT('',(0.,35.));
#3664 = VECTOR('',#3665,1.);
#3665 = DIRECTION('',(1.,0.));
#3666 = ( GEOMETRIC_REPRESENTATION_CONTEXT(2) 
PARAMETRIC_REPRESENTATION_CONTEXT() REPRESENTATION_CONTEXT('2D SPACE',''
  ) );
#3667 = PCURVE('',#2601,#3668);
#3668 = DEFINITIONAL_REPRESENTATION('',(#3669),#3673);
#3669 = CIRCLE('',#3670,1.4);
#3670 = AXIS2_PLACEMENT_2D('',#3671,#3672);
#3671 = CARTESIAN_POINT('',(0.,7.));
#3672 = DIRECTION('',(1.,0.));
#3673 = ( GEOMETRIC_REPRESENTATION_CONTEXT(2) 
PARAMETRIC_REPRESENTATION_CONTEXT() REPRESENTATION_CONTEXT('2D SPACE',''
  ) );
#3674 = ORIENTED_EDGE('',*,*,#3675,.F.);
#3675 = EDGE_CURVE('',#3676,#3652,#3678,.T.);
#3676 = VERTEX_POINT('',#3677);
#3677 = CARTESIAN_POINT('',(-83.37,7.,5.));
#3678 = SURFACE_CURVE('',#3679,(#3683,#3690),.PCURVE_S1.);
#3679 = LINE('',#3680,#3681);
#3680 = CARTESIAN_POINT('',(-83.37,7.,5.));
#3681 = VECTOR('',#3682,1.);
#3682 = DIRECTION('',(-0.,-0.,-1.));
#3683 = PCURVE('',#3627,#3684);
#3684 = DEFINITIONAL_REPRESENTATION('',(#3685),#3689);
#3685 = LINE('',#3686,#3687);
#3686 = CARTESIAN_POINT('',(3.14159265359,0.));
#3687 = VECTOR('',#3688,1.);
#3688 = DIRECTION('',(0.,1.));
#3689 = ( GEOMETRIC_REPRESENTATION_CONTEXT(2) 
PARAMETRIC_REPRESENTATION_CONTEXT() REPRESENTATION_CONTEXT('2D SPACE',''
  ) );
#3690 = PCURVE('',#3639,#3691);
#3691 = DEFINITIONAL_REPRESENTATION('',(#3692),#3696);
#3692 = LINE('',#3693,#3694);
#3693 = CARTESIAN_POINT('',(3.14159265359,0.));
#3694 = VECTOR('',#3695,1.);
#3695 = DIRECTION('',(0.,1.));
#3696 = ( GEOMETRIC_REPRESENTATION_CONTEXT(2) 
PARAMETRIC_REPRESENTATION_CONTEXT() REPRESENTATION_CONTEXT('2D SPACE',''
  ) );
#3697 = ORIENTED_EDGE('',*,*,#3698,.T.);
#3698 = EDGE_CURVE('',#3676,#3617,#3699,.T.);
#3699 = SURFACE_CURVE('',#3700,(#3705,#3712),.PCURVE_S1.);
#3700 = CIRCLE('',#3701,1.4);
#3701 = AXIS2_PLACEMENT_3D('',#3702,#3703,#3704);
#3702 = CARTESIAN_POINT('',(-84.77,7.,5.));
#3703 = DIRECTION('',(0.,0.,-1.));
#3704 = DIRECTION('',(-1.,0.,0.));
#3705 = PCURVE('',#3627,#3706);
#3706 = DEFINITIONAL_REPRESENTATION('',(#3707),#3711);
#3707 = LINE('',#3708,#3709);
#3708 = CARTESIAN_POINT('',(0.,0.));
#3709 = VECTOR('',#3710,1.);
#3710 = DIRECTION('',(1.,0.));
#3711 = ( GEOMETRIC_REPRESENTATION_CONTEXT(2) 
PARAMETRIC_REPRESENTATION_CONTEXT() REPRESENTATION_CONTEXT('2D SPACE',''
  ) );
#3712 = PCURVE('',#2306,#3713);
#3713 = DEFINITIONAL_REPRESENTATION('',(#3714),#3722);
#3714 = ( BOUNDED_CURVE() B_SPLINE_CURVE(2,(#3715,#3716,#3717,#3718,
#3719,#3720,#3721),.UNSPECIFIED.,.T.,.F.) B_SPLINE_CURVE_WITH_KNOTS((1,2
    ,2,2,2,1),(-2.094395102393,0.,2.094395102393,4.188790204786,
6.28318530718,8.377580409573),.UNSPECIFIED.) CURVE() 
GEOMETRIC_REPRESENTATION_ITEM() RATIONAL_B_SPLINE_CURVE((1.,0.5,1.,0.5,
1.,0.5,1.)) REPRESENTATION_ITEM('') );
#3715 = CARTESIAN_POINT('',(-170.94,7.));
#3716 = CARTESIAN_POINT('',(-170.94,9.424871130596));
#3717 = CARTESIAN_POINT('',(-168.84,8.212435565298));
#3718 = CARTESIAN_POINT('',(-166.74,7.));
#3719 = CARTESIAN_POINT('',(-168.84,5.787564434702));
#3720 = CARTESIAN_POINT('',(-170.94,4.575128869404));
#3721 = CARTESIAN_POINT('',(-170.94,7.));
#3722 = ( GEOMETRIC_REPRESENTATION_CONTEXT(2) 
PARAMETRIC_REPRESENTATION_CONTEXT() REPRESENTATION_CONTEXT('2D SPACE',''
  ) );
#3723 = ADVANCED_FACE('',(#3724),#3738,.F.);
#3724 = FACE_BOUND('',#3725,.F.);
#3725 = EDGE_LOOP('',(#3726,#3761,#3785,#3808));
#3726 = ORIENTED_EDGE('',*,*,#3727,.T.);
#3727 = EDGE_CURVE('',#3728,#3730,#3732,.T.);
#3728 = VERTEX_POINT('',#3729);
#3729 = CARTESIAN_POINT('',(-93.17,-8.572527594031E-16,5.));
#3730 = VERTEX_POINT('',#3731);
#3731 = CARTESIAN_POINT('',(-93.17,-8.572527594031E-16,-30.));
#3732 = SURFACE_CURVE('',#3733,(#3737,#3749),.PCURVE_S1.);
#3733 = LINE('',#3734,#3735);
#3734 = CARTESIAN_POINT('',(-93.17,-8.572527594031E-16,5.));
#3735 = VECTOR('',#3736,1.);
#3736 = DIRECTION('',(-0.,-0.,-1.));
#3737 = PCURVE('',#3738,#3743);
#3738 = CYLINDRICAL_SURFACE('',#3739,1.4);
#3739 = AXIS2_PLACEMENT_3D('',#3740,#3741,#3742);
#3740 = CARTESIAN_POINT('',(-91.77,-8.572527594031E-16,5.));
#3741 = DIRECTION('',(-0.,-0.,-1.));
#3742 = DIRECTION('',(-1.,0.,0.));
#3743 = DEFINITIONAL_REPRESENTATION('',(#3744),#3748);
#3744 = LINE('',#3745,#3746);
#3745 = CARTESIAN_POINT('',(6.28318530718,0.));
#3746 = VECTOR('',#3747,1.);
#3747 = DIRECTION('',(0.,1.));
#3748 = ( GEOMETRIC_REPRESENTATION_CONTEXT(2) 
PARAMETRIC_REPRESENTATION_CONTEXT() REPRESENTATION_CONTEXT('2D SPACE',''
  ) );
#3749 = PCURVE('',#3750,#3755);
#3750 = CYLINDRICAL_SURFACE('',#3751,1.4);
#3751 = AXIS2_PLACEMENT_3D('',#3752,#3753,#3754);
#3752 = CARTESIAN_POINT('',(-91.77,-8.572527594031E-16,5.));
#3753 = DIRECTION('',(-0.,-0.,-1.));
#3754 = DIRECTION('',(-1.,0.,0.));
#3755 = DEFINITIONAL_REPRESENTATION('',(#3756),#3760);
#3756 = LINE('',#3757,#3758);
#3757 = CARTESIAN_POINT('',(0.,0.));
#3758 = VECTOR('',#3759,1.);
#3759 = DIRECTION('',(0.,1.));
#3760 = ( GEOMETRIC_REPRESENTATION_CONTEXT(2) 
PARAMETRIC_REPRESENTATION_CONTEXT() REPRESENTATION_CONTEXT('2D SPACE',''
  ) );
#3761 = ORIENTED_EDGE('',*,*,#3762,.F.);
#3762 = EDGE_CURVE('',#3763,#3730,#3765,.T.);
#3763 = VERTEX_POINT('',#3764);
#3764 = CARTESIAN_POINT('',(-90.37,-6.858022075225E-16,-30.));
#3765 = SURFACE_CURVE('',#3766,(#3771,#3778),.PCURVE_S1.);
#3766 = CIRCLE('',#3767,1.4);
#3767 = AXIS2_PLACEMENT_3D('',#3768,#3769,#3770);
#3768 = CARTESIAN_POINT('',(-91.77,-8.572527594031E-16,-30.));
#3769 = DIRECTION('',(0.,0.,-1.));
#3770 = DIRECTION('',(-1.,0.,0.));
#3771 = PCURVE('',#3738,#3772);
#3772 = DEFINITIONAL_REPRESENTATION('',(#3773),#3777);
#3773 = LINE('',#3774,#3775);
#3774 = CARTESIAN_POINT('',(0.,35.));
#3775 = VECTOR('',#3776,1.);
#3776 = DIRECTION('',(1.,0.));
#3777 = ( GEOMETRIC_REPRESENTATION_CONTEXT(2) 
PARAMETRIC_REPRESENTATION_CONTEXT() REPRESENTATION_CONTEXT('2D SPACE',''
  ) );
#3778 = PCURVE('',#2601,#3779);
#3779 = DEFINITIONAL_REPRESENTATION('',(#3780),#3784);
#3780 = CIRCLE('',#3781,1.4);
#3781 = AXIS2_PLACEMENT_2D('',#3782,#3783);
#3782 = CARTESIAN_POINT('',(7.,-8.572527594031E-16));
#3783 = DIRECTION('',(1.,0.));
#3784 = ( GEOMETRIC_REPRESENTATION_CONTEXT(2) 
PARAMETRIC_REPRESENTATION_CONTEXT() REPRESENTATION_CONTEXT('2D SPACE',''
  ) );
#3785 = ORIENTED_EDGE('',*,*,#3786,.F.);
#3786 = EDGE_CURVE('',#3787,#3763,#3789,.T.);
#3787 = VERTEX_POINT('',#3788);
#3788 = CARTESIAN_POINT('',(-90.37,-6.858022075225E-16,5.));
#3789 = SURFACE_CURVE('',#3790,(#3794,#3801),.PCURVE_S1.);
#3790 = LINE('',#3791,#3792);
#3791 = CARTESIAN_POINT('',(-90.37,-6.858022075225E-16,5.));
#3792 = VECTOR('',#3793,1.);
#3793 = DIRECTION('',(-0.,-0.,-1.));
#3794 = PCURVE('',#3738,#3795);
#3795 = DEFINITIONAL_REPRESENTATION('',(#3796),#3800);
#3796 = LINE('',#3797,#3798);
#3797 = CARTESIAN_POINT('',(3.14159265359,0.));
#3798 = VECTOR('',#3799,1.);
#3799 = DIRECTION('',(0.,1.));
#3800 = ( GEOMETRIC_REPRESENTATION_CONTEXT(2) 
PARAMETRIC_REPRESENTATION_CONTEXT() REPRESENTATION_CONTEXT('2D SPACE',''
  ) );
#3801 = PCURVE('',#3750,#3802);
#3802 = DEFINITIONAL_REPRESENTATION('',(#3803),#3807);
#3803 = LINE('',#3804,#3805);
#3804 = CARTESIAN_POINT('',(3.14159265359,0.));
#3805 = VECTOR('',#3806,1.);
#3806 = DIRECTION('',(0.,1.));
#3807 = ( GEOMETRIC_REPRESENTATION_CONTEXT(2) 
PARAMETRIC_REPRESENTATION_CONTEXT() REPRESENTATION_CONTEXT('2D SPACE',''
  ) );
#3808 = ORIENTED_EDGE('',*,*,#3809,.T.);
#3809 = EDGE_CURVE('',#3787,#3728,#3810,.T.);
#3810 = SURFACE_CURVE('',#3811,(#3816,#3823),.PCURVE_S1.);
#3811 = CIRCLE('',#3812,1.4);
#3812 = AXIS2_PLACEMENT_3D('',#3813,#3814,#3815);
#3813 = CARTESIAN_POINT('',(-91.77,-8.572527594031E-16,5.));
#3814 = DIRECTION('',(0.,0.,-1.));
#3815 = DIRECTION('',(-1.,0.,0.));
#3816 = PCURVE('',#3738,#3817);
#3817 = DEFINITIONAL_REPRESENTATION('',(#3818),#3822);
#3818 = LINE('',#3819,#3820);
#3819 = CARTESIAN_POINT('',(0.,0.));
#3820 = VECTOR('',#3821,1.);
#3821 = DIRECTION('',(1.,0.));
#3822 = ( GEOMETRIC_REPRESENTATION_CONTEXT(2) 
PARAMETRIC_REPRESENTATION_CONTEXT() REPRESENTATION_CONTEXT('2D SPACE',''
  ) );
#3823 = PCURVE('',#2306,#3824);
#3824 = DEFINITIONAL_REPRESENTATION('',(#3825),#3833);
#3825 = ( BOUNDED_CURVE() B_SPLINE_CURVE(2,(#3826,#3827,#3828,#3829,
#3830,#3831,#3832),.UNSPECIFIED.,.T.,.F.) B_SPLINE_CURVE_WITH_KNOTS((1,2
    ,2,2,2,1),(-2.094395102393,0.,2.094395102393,4.188790204786,
6.28318530718,8.377580409573),.UNSPECIFIED.) CURVE() 
GEOMETRIC_REPRESENTATION_ITEM() RATIONAL_B_SPLINE_CURVE((1.,0.5,1.,0.5,
1.,0.5,1.)) REPRESENTATION_ITEM('') );
#3826 = CARTESIAN_POINT('',(-177.94,-8.572527594031E-16));
#3827 = CARTESIAN_POINT('',(-177.94,2.424871130596));
#3828 = CARTESIAN_POINT('',(-175.84,1.212435565298));
#3829 = CARTESIAN_POINT('',(-173.74,-5.143516556419E-16));
#3830 = CARTESIAN_POINT('',(-175.84,-1.212435565298));
#3831 = CARTESIAN_POINT('',(-177.94,-2.424871130596));
#3832 = CARTESIAN_POINT('',(-177.94,-8.572527594031E-16));
#3833 = ( GEOMETRIC_REPRESENTATION_CONTEXT(2) 
PARAMETRIC_REPRESENTATION_CONTEXT() REPRESENTATION_CONTEXT('2D SPACE',''
  ) );
#3834 = ADVANCED_FACE('',(#3835),#3849,.F.);
#3835 = FACE_BOUND('',#3836,.F.);
#3836 = EDGE_LOOP('',(#3837,#3872,#3896,#3919));
#3837 = ORIENTED_EDGE('',*,*,#3838,.T.);
#3838 = EDGE_CURVE('',#3839,#3841,#3843,.T.);
#3839 = VERTEX_POINT('',#3840);
#3840 = CARTESIAN_POINT('',(-86.17,-7.,5.));
#3841 = VERTEX_POINT('',#3842);
#3842 = CARTESIAN_POINT('',(-86.17,-7.,-30.));
#3843 = SURFACE_CURVE('',#3844,(#3848,#3860),.PCURVE_S1.);
#3844 = LINE('',#3845,#3846);
#3845 = CARTESIAN_POINT('',(-86.17,-7.,5.));
#3846 = VECTOR('',#3847,1.);
#3847 = DIRECTION('',(-0.,-0.,-1.));
#3848 = PCURVE('',#3849,#3854);
#3849 = CYLINDRICAL_SURFACE('',#3850,1.4);
#3850 = AXIS2_PLACEMENT_3D('',#3851,#3852,#3853);
#3851 = CARTESIAN_POINT('',(-84.77,-7.,5.));
#3852 = DIRECTION('',(-0.,-0.,-1.));
#3853 = DIRECTION('',(-1.,0.,0.));
#3854 = DEFINITIONAL_REPRESENTATION('',(#3855),#3859);
#3855 = LINE('',#3856,#3857);
#3856 = CARTESIAN_POINT('',(6.28318530718,0.));
#3857 = VECTOR('',#3858,1.);
#3858 = DIRECTION('',(0.,1.));
#3859 = ( GEOMETRIC_REPRESENTATION_CONTEXT(2) 
PARAMETRIC_REPRESENTATION_CONTEXT() REPRESENTATION_CONTEXT('2D SPACE',''
  ) );
#3860 = PCURVE('',#3861,#3866);
#3861 = CYLINDRICAL_SURFACE('',#3862,1.4);
#3862 = AXIS2_PLACEMENT_3D('',#3863,#3864,#3865);
#3863 = CARTESIAN_POINT('',(-84.77,-7.,5.));
#3864 = DIRECTION('',(-0.,-0.,-1.));
#3865 = DIRECTION('',(-1.,0.,0.));
#3866 = DEFINITIONAL_REPRESENTATION('',(#3867),#3871);
#3867 = LINE('',#3868,#3869);
#3868 = CARTESIAN_POINT('',(0.,0.));
#3869 = VECTOR('',#3870,1.);
#3870 = DIRECTION('',(0.,1.));
#3871 = ( GEOMETRIC_REPRESENTATION_CONTEXT(2) 
PARAMETRIC_REPRESENTATION_CONTEXT() REPRESENTATION_CONTEXT('2D SPACE',''
  ) );
#3872 = ORIENTED_EDGE('',*,*,#3873,.F.);
#3873 = EDGE_CURVE('',#3874,#3841,#3876,.T.);
#3874 = VERTEX_POINT('',#3875);
#3875 = CARTESIAN_POINT('',(-83.37,-7.,-30.));
#3876 = SURFACE_CURVE('',#3877,(#3882,#3889),.PCURVE_S1.);
#3877 = CIRCLE('',#3878,1.4);
#3878 = AXIS2_PLACEMENT_3D('',#3879,#3880,#3881);
#3879 = CARTESIAN_POINT('',(-84.77,-7.,-30.));
#3880 = DIRECTION('',(0.,0.,-1.));
#3881 = DIRECTION('',(-1.,0.,0.));
#3882 = PCURVE('',#3849,#3883);
#3883 = DEFINITIONAL_REPRESENTATION('',(#3884),#3888);
#3884 = LINE('',#3885,#3886);
#3885 = CARTESIAN_POINT('',(0.,35.));
#3886 = VECTOR('',#3887,1.);
#3887 = DIRECTION('',(1.,0.));
#3888 = ( GEOMETRIC_REPRESENTATION_CONTEXT(2) 
PARAMETRIC_REPRESENTATION_CONTEXT() REPRESENTATION_CONTEXT('2D SPACE',''
  ) );
#3889 = PCURVE('',#2601,#3890);
#3890 = DEFINITIONAL_REPRESENTATION('',(#3891),#3895);
#3891 = CIRCLE('',#3892,1.4);
#3892 = AXIS2_PLACEMENT_2D('',#3893,#3894);
#3893 = CARTESIAN_POINT('',(-1.42108547152E-14,-7.));
#3894 = DIRECTION('',(1.,0.));
#3895 = ( GEOMETRIC_REPRESENTATION_CONTEXT(2) 
PARAMETRIC_REPRESENTATION_CONTEXT() REPRESENTATION_CONTEXT('2D SPACE',''
  ) );
#3896 = ORIENTED_EDGE('',*,*,#3897,.F.);
#3897 = EDGE_CURVE('',#3898,#3874,#3900,.T.);
#3898 = VERTEX_POINT('',#3899);
#3899 = CARTESIAN_POINT('',(-83.37,-7.,5.));
#3900 = SURFACE_CURVE('',#3901,(#3905,#3912),.PCURVE_S1.);
#3901 = LINE('',#3902,#3903);
#3902 = CARTESIAN_POINT('',(-83.37,-7.,5.));
#3903 = VECTOR('',#3904,1.);
#3904 = DIRECTION('',(-0.,-0.,-1.));
#3905 = PCURVE('',#3849,#3906);
#3906 = DEFINITIONAL_REPRESENTATION('',(#3907),#3911);
#3907 = LINE('',#3908,#3909);
#3908 = CARTESIAN_POINT('',(3.14159265359,0.));
#3909 = VECTOR('',#3910,1.);
#3910 = DIRECTION('',(0.,1.));
#3911 = ( GEOMETRIC_REPRESENTATION_CONTEXT(2) 
PARAMETRIC_REPRESENTATION_CONTEXT() REPRESENTATION_CONTEXT('2D SPACE',''
  ) );
#3912 = PCURVE('',#3861,#3913);
#3913 = DEFINITIONAL_REPRESENTATION('',(#3914),#3918);
#3914 = LINE('',#3915,#3916);
#3915 = CARTESIAN_POINT('',(3.14159265359,0.));
#3916 = VECTOR('',#3917,1.);
#3917 = DIRECTION('',(0.,1.));
#3918 = ( GEOMETRIC_REPRESENTATION_CONTEXT(2) 
PARAMETRIC_REPRESENTATION_CONTEXT() REPRESENTATION_CONTEXT('2D SPACE',''
  ) );
#3919 = ORIENTED_EDGE('',*,*,#3920,.T.);
#3920 = EDGE_CURVE('',#3898,#3839,#3921,.T.);
#3921 = SURFACE_CURVE('',#3922,(#3927,#3934),.PCURVE_S1.);
#3922 = CIRCLE('',#3923,1.4);
#3923 = AXIS2_PLACEMENT_3D('',#3924,#3925,#3926);
#3924 = CARTESIAN_POINT('',(-84.77,-7.,5.));
#3925 = DIRECTION('',(0.,0.,-1.));
#3926 = DIRECTION('',(-1.,0.,0.));
#3927 = PCURVE('',#3849,#3928);
#3928 = DEFINITIONAL_REPRESENTATION('',(#3929),#3933);
#3929 = LINE('',#3930,#3931);
#3930 = CARTESIAN_POINT('',(0.,0.));
#3931 = VECTOR('',#3932,1.);
#3932 = DIRECTION('',(1.,0.));
#3933 = ( GEOMETRIC_REPRESENTATION_CONTEXT(2) 
PARAMETRIC_REPRESENTATION_CONTEXT() REPRESENTATION_CONTEXT('2D SPACE',''
  ) );
#3934 = PCURVE('',#2306,#3935);
#3935 = DEFINITIONAL_REPRESENTATION('',(#3936),#3944);
#3936 = ( BOUNDED_CURVE() B_SPLINE_CURVE(2,(#3937,#3938,#3939,#3940,
#3941,#3942,#3943),.UNSPECIFIED.,.T.,.F.) B_SPLINE_CURVE_WITH_KNOTS((1,2
    ,2,2,2,1),(-2.094395102393,0.,2.094395102393,4.188790204786,
6.28318530718,8.377580409573),.UNSPECIFIED.) CURVE() 
GEOMETRIC_REPRESENTATION_ITEM() RATIONAL_B_SPLINE_CURVE((1.,0.5,1.,0.5,
1.,0.5,1.)) REPRESENTATION_ITEM('') );
#3937 = CARTESIAN_POINT('',(-170.94,-7.));
#3938 = CARTESIAN_POINT('',(-170.94,-4.575128869404));
#3939 = CARTESIAN_POINT('',(-168.84,-5.787564434702));
#3940 = CARTESIAN_POINT('',(-166.74,-7.));
#3941 = CARTESIAN_POINT('',(-168.84,-8.212435565298));
#3942 = CARTESIAN_POINT('',(-170.94,-9.424871130596));
#3943 = CARTESIAN_POINT('',(-170.94,-7.));
#3944 = ( GEOMETRIC_REPRESENTATION_CONTEXT(2) 
PARAMETRIC_REPRESENTATION_CONTEXT() REPRESENTATION_CONTEXT('2D SPACE',''
  ) );
#3945 = ADVANCED_FACE('',(#3946),#3960,.F.);
#3946 = FACE_BOUND('',#3947,.F.);
#3947 = EDGE_LOOP('',(#3948,#3983,#4007,#4030));
#3948 = ORIENTED_EDGE('',*,*,#3949,.T.);
#3949 = EDGE_CURVE('',#3950,#3952,#3954,.T.);
#3950 = VERTEX_POINT('',#3951);
#3951 = CARTESIAN_POINT('',(-79.17,0.,5.));
#3952 = VERTEX_POINT('',#3953);
#3953 = CARTESIAN_POINT('',(-79.17,0.,-30.));
#3954 = SURFACE_CURVE('',#3955,(#3959,#3971),.PCURVE_S1.);
#3955 = LINE('',#3956,#3957);
#3956 = CARTESIAN_POINT('',(-79.17,0.,5.));
#3957 = VECTOR('',#3958,1.);
#3958 = DIRECTION('',(-0.,-0.,-1.));
#3959 = PCURVE('',#3960,#3965);
#3960 = CYLINDRICAL_SURFACE('',#3961,1.4);
#3961 = AXIS2_PLACEMENT_3D('',#3962,#3963,#3964);
#3962 = CARTESIAN_POINT('',(-77.77,0.,5.));
#3963 = DIRECTION('',(-0.,-0.,-1.));
#3964 = DIRECTION('',(-1.,0.,0.));
#3965 = DEFINITIONAL_REPRESENTATION('',(#3966),#3970);
#3966 = LINE('',#3967,#3968);
#3967 = CARTESIAN_POINT('',(6.28318530718,0.));
#3968 = VECTOR('',#3969,1.);
#3969 = DIRECTION('',(0.,1.));
#3970 = ( GEOMETRIC_REPRESENTATION_CONTEXT(2) 
PARAMETRIC_REPRESENTATION_CONTEXT() REPRESENTATION_CONTEXT('2D SPACE',''
  ) );
#3971 = PCURVE('',#3972,#3977);
#3972 = CYLINDRICAL_SURFACE('',#3973,1.4);
#3973 = AXIS2_PLACEMENT_3D('',#3974,#3975,#3976);
#3974 = CARTESIAN_POINT('',(-77.77,0.,5.));
#3975 = DIRECTION('',(-0.,-0.,-1.));
#3976 = DIRECTION('',(-1.,0.,0.));
#3977 = DEFINITIONAL_REPRESENTATION('',(#3978),#3982);
#3978 = LINE('',#3979,#3980);
#3979 = CARTESIAN_POINT('',(0.,0.));
#3980 = VECTOR('',#3981,1.);
#3981 = DIRECTION('',(0.,1.));
#3982 = ( GEOMETRIC_REPRESENTATION_CONTEXT(2) 
PARAMETRIC_REPRESENTATION_CONTEXT() REPRESENTATION_CONTEXT('2D SPACE',''
  ) );
#3983 = ORIENTED_EDGE('',*,*,#3984,.F.);
#3984 = EDGE_CURVE('',#3985,#3952,#3987,.T.);
#3985 = VERTEX_POINT('',#3986);
#3986 = CARTESIAN_POINT('',(-76.37,1.714505518806E-16,-30.));
#3987 = SURFACE_CURVE('',#3988,(#3993,#4000),.PCURVE_S1.);
#3988 = CIRCLE('',#3989,1.4);
#3989 = AXIS2_PLACEMENT_3D('',#3990,#3991,#3992);
#3990 = CARTESIAN_POINT('',(-77.77,0.,-30.));
#3991 = DIRECTION('',(0.,0.,-1.));
#3992 = DIRECTION('',(-1.,0.,0.));
#3993 = PCURVE('',#3960,#3994);
#3994 = DEFINITIONAL_REPRESENTATION('',(#3995),#3999);
#3995 = LINE('',#3996,#3997);
#3996 = CARTESIAN_POINT('',(0.,35.));
#3997 = VECTOR('',#3998,1.);
#3998 = DIRECTION('',(1.,0.));
#3999 = ( GEOMETRIC_REPRESENTATION_CONTEXT(2) 
PARAMETRIC_REPRESENTATION_CONTEXT() REPRESENTATION_CONTEXT('2D SPACE',''
  ) );
#4000 = PCURVE('',#2601,#4001);
#4001 = DEFINITIONAL_REPRESENTATION('',(#4002),#4006);
#4002 = CIRCLE('',#4003,1.4);
#4003 = AXIS2_PLACEMENT_2D('',#4004,#4005);
#4004 = CARTESIAN_POINT('',(-7.,0.));
#4005 = DIRECTION('',(1.,0.));
#4006 = ( GEOMETRIC_REPRESENTATION_CONTEXT(2) 
PARAMETRIC_REPRESENTATION_CONTEXT() REPRESENTATION_CONTEXT('2D SPACE',''
  ) );
#4007 = ORIENTED_EDGE('',*,*,#4008,.F.);
#4008 = EDGE_CURVE('',#4009,#3985,#4011,.T.);
#4009 = VERTEX_POINT('',#4010);
#4010 = CARTESIAN_POINT('',(-76.37,1.714505518806E-16,5.));
#4011 = SURFACE_CURVE('',#4012,(#4016,#4023),.PCURVE_S1.);
#4012 = LINE('',#4013,#4014);
#4013 = CARTESIAN_POINT('',(-76.37,1.714505518806E-16,5.));
#4014 = VECTOR('',#4015,1.);
#4015 = DIRECTION('',(-0.,-0.,-1.));
#4016 = PCURVE('',#3960,#4017);
#4017 = DEFINITIONAL_REPRESENTATION('',(#4018),#4022);
#4018 = LINE('',#4019,#4020);
#4019 = CARTESIAN_POINT('',(3.14159265359,0.));
#4020 = VECTOR('',#4021,1.);
#4021 = DIRECTION('',(0.,1.));
#4022 = ( GEOMETRIC_REPRESENTATION_CONTEXT(2) 
PARAMETRIC_REPRESENTATION_CONTEXT() REPRESENTATION_CONTEXT('2D SPACE',''
  ) );
#4023 = PCURVE('',#3972,#4024);
#4024 = DEFINITIONAL_REPRESENTATION('',(#4025),#4029);
#4025 = LINE('',#4026,#4027);
#4026 = CARTESIAN_POINT('',(3.14159265359,0.));
#4027 = VECTOR('',#4028,1.);
#4028 = DIRECTION('',(0.,1.));
#4029 = ( GEOMETRIC_REPRESENTATION_CONTEXT(2) 
PARAMETRIC_REPRESENTATION_CONTEXT() REPRESENTATION_CONTEXT('2D SPACE',''
  ) );
#4030 = ORIENTED_EDGE('',*,*,#4031,.T.);
#4031 = EDGE_CURVE('',#4009,#3950,#4032,.T.);
#4032 = SURFACE_CURVE('',#4033,(#4038,#4045),.PCURVE_S1.);
#4033 = CIRCLE('',#4034,1.4);
#4034 = AXIS2_PLACEMENT_3D('',#4035,#4036,#4037);
#4035 = CARTESIAN_POINT('',(-77.77,0.,5.));
#4036 = DIRECTION('',(0.,0.,-1.));
#4037 = DIRECTION('',(-1.,0.,0.));
#4038 = PCURVE('',#3960,#4039);
#4039 = DEFINITIONAL_REPRESENTATION('',(#4040),#4044);
#4040 = LINE('',#4041,#4042);
#4041 = CARTESIAN_POINT('',(0.,0.));
#4042 = VECTOR('',#4043,1.);
#4043 = DIRECTION('',(1.,0.));
#4044 = ( GEOMETRIC_REPRESENTATION_CONTEXT(2) 
PARAMETRIC_REPRESENTATION_CONTEXT() REPRESENTATION_CONTEXT('2D SPACE',''
  ) );
#4045 = PCURVE('',#2306,#4046);
#4046 = DEFINITIONAL_REPRESENTATION('',(#4047),#4055);
#4047 = ( BOUNDED_CURVE() B_SPLINE_CURVE(2,(#4048,#4049,#4050,#4051,
#4052,#4053,#4054),.UNSPECIFIED.,.T.,.F.) B_SPLINE_CURVE_WITH_KNOTS((1,2
    ,2,2,2,1),(-2.094395102393,0.,2.094395102393,4.188790204786,
6.28318530718,8.377580409573),.UNSPECIFIED.) CURVE() 
GEOMETRIC_REPRESENTATION_ITEM() RATIONAL_B_SPLINE_CURVE((1.,0.5,1.,0.5,
1.,0.5,1.)) REPRESENTATION_ITEM('') );
#4048 = CARTESIAN_POINT('',(-163.94,0.));
#4049 = CARTESIAN_POINT('',(-163.94,2.424871130596));
#4050 = CARTESIAN_POINT('',(-161.84,1.212435565298));
#4051 = CARTESIAN_POINT('',(-159.74,3.429011037613E-16));
#4052 = CARTESIAN_POINT('',(-161.84,-1.212435565298));
#4053 = CARTESIAN_POINT('',(-163.94,-2.424871130596));
#4054 = CARTESIAN_POINT('',(-163.94,0.));
#4055 = ( GEOMETRIC_REPRESENTATION_CONTEXT(2) 
PARAMETRIC_REPRESENTATION_CONTEXT() REPRESENTATION_CONTEXT('2D SPACE',''
  ) );
#4056 = ADVANCED_FACE('',(#4057),#4072,.T.);
#4057 = FACE_BOUND('',#4058,.T.);
#4058 = EDGE_LOOP('',(#4059,#4099,#4127,#4151));
#4059 = ORIENTED_EDGE('',*,*,#4060,.T.);
#4060 = EDGE_CURVE('',#4061,#4063,#4065,.T.);
#4061 = VERTEX_POINT('',#4062);
#4062 = CARTESIAN_POINT('',(-73.27,0.,-7.));
#4063 = VERTEX_POINT('',#4064);
#4064 = CARTESIAN_POINT('',(-96.27,1.530808498934E-15,-7.));
#4065 = SURFACE_CURVE('',#4066,(#4071,#4083),.PCURVE_S1.);
#4066 = CIRCLE('',#4067,11.5);
#4067 = AXIS2_PLACEMENT_3D('',#4068,#4069,#4070);
#4068 = CARTESIAN_POINT('',(-84.77,0.,-7.));
#4069 = DIRECTION('',(0.,-0.,1.));
#4070 = DIRECTION('',(1.,0.,0.));
#4071 = PCURVE('',#4072,#4077);
#4072 = CONICAL_SURFACE('',#4073,13.5,0.785398163397);
#4073 = AXIS2_PLACEMENT_3D('',#4074,#4075,#4076);
#4074 = CARTESIAN_POINT('',(-84.77,0.,-5.));
#4075 = DIRECTION('',(-0.,-0.,1.));
#4076 = DIRECTION('',(1.,0.,0.));
#4077 = DEFINITIONAL_REPRESENTATION('',(#4078),#4082);
#4078 = LINE('',#4079,#4080);
#4079 = CARTESIAN_POINT('',(0.,-2.));
#4080 = VECTOR('',#4081,1.);
#4081 = DIRECTION('',(1.,0.));
#4082 = ( GEOMETRIC_REPRESENTATION_CONTEXT(2) 
PARAMETRIC_REPRESENTATION_CONTEXT() REPRESENTATION_CONTEXT('2D SPACE',''
  ) );
#4083 = PCURVE('',#4084,#4089);
#4084 = PLANE('',#4085);
#4085 = AXIS2_PLACEMENT_3D('',#4086,#4087,#4088);
#4086 = CARTESIAN_POINT('',(-74.745,0.,-7.));
#4087 = DIRECTION('',(0.,0.,-1.));
#4088 = DIRECTION('',(-1.,0.,-0.));
#4089 = DEFINITIONAL_REPRESENTATION('',(#4090),#4098);
#4090 = ( BOUNDED_CURVE() B_SPLINE_CURVE(2,(#4091,#4092,#4093,#4094,
#4095,#4096,#4097),.UNSPECIFIED.,.T.,.F.) B_SPLINE_CURVE_WITH_KNOTS((1,2
    ,2,2,2,1),(-2.094395102393,0.,2.094395102393,4.188790204786,
6.28318530718,8.377580409573),.UNSPECIFIED.) CURVE() 
GEOMETRIC_REPRESENTATION_ITEM() RATIONAL_B_SPLINE_CURVE((1.,0.5,1.,0.5,
1.,0.5,1.)) REPRESENTATION_ITEM('') );
#4091 = CARTESIAN_POINT('',(-1.475,0.));
#4092 = CARTESIAN_POINT('',(-1.475,19.918584287042));
#4093 = CARTESIAN_POINT('',(15.775,9.959292143521));
#4094 = CARTESIAN_POINT('',(33.025,2.816687638039E-15));
#4095 = CARTESIAN_POINT('',(15.775,-9.959292143521));
#4096 = CARTESIAN_POINT('',(-1.475,-19.91858428704));
#4097 = CARTESIAN_POINT('',(-1.475,0.));
#4098 = ( GEOMETRIC_REPRESENTATION_CONTEXT(2) 
PARAMETRIC_REPRESENTATION_CONTEXT() REPRESENTATION_CONTEXT('2D SPACE',''
  ) );
#4099 = ORIENTED_EDGE('',*,*,#4100,.T.);
#4100 = EDGE_CURVE('',#4063,#4101,#4103,.T.);
#4101 = VERTEX_POINT('',#4102);
#4102 = CARTESIAN_POINT('',(-98.27,1.653273178849E-15,-5.));
#4103 = SURFACE_CURVE('',#4104,(#4108,#4115),.PCURVE_S1.);
#4104 = LINE('',#4105,#4106);
#4105 = CARTESIAN_POINT('',(-98.27,1.653273178849E-15,-5.));
#4106 = VECTOR('',#4107,1.);
#4107 = DIRECTION('',(-0.707106781187,8.659560562355E-17,0.707106781187)
  );
#4108 = PCURVE('',#4072,#4109);
#4109 = DEFINITIONAL_REPRESENTATION('',(#4110),#4114);
#4110 = LINE('',#4111,#4112);
#4111 = CARTESIAN_POINT('',(3.14159265359,1.256073966947E-15));
#4112 = VECTOR('',#4113,1.);
#4113 = DIRECTION('',(0.,1.));
#4114 = ( GEOMETRIC_REPRESENTATION_CONTEXT(2) 
PARAMETRIC_REPRESENTATION_CONTEXT() REPRESENTATION_CONTEXT('2D SPACE',''
  ) );
#4115 = PCURVE('',#4116,#4121);
#4116 = CONICAL_SURFACE('',#4117,13.5,0.785398163397);
#4117 = AXIS2_PLACEMENT_3D('',#4118,#4119,#4120);
#4118 = CARTESIAN_POINT('',(-84.77,0.,-5.));
#4119 = DIRECTION('',(-0.,-0.,1.));
#4120 = DIRECTION('',(1.,0.,0.));
#4121 = DEFINITIONAL_REPRESENTATION('',(#4122),#4126);
#4122 = LINE('',#4123,#4124);
#4123 = CARTESIAN_POINT('',(3.14159265359,1.256073966947E-15));
#4124 = VECTOR('',#4125,1.);
#4125 = DIRECTION('',(0.,1.));
#4126 = ( GEOMETRIC_REPRESENTATION_CONTEXT(2) 
PARAMETRIC_REPRESENTATION_CONTEXT() REPRESENTATION_CONTEXT('2D SPACE',''
  ) );
#4127 = ORIENTED_EDGE('',*,*,#4128,.F.);
#4128 = EDGE_CURVE('',#4129,#4101,#4131,.T.);
#4129 = VERTEX_POINT('',#4130);
#4130 = CARTESIAN_POINT('',(-71.27,0.,-5.));
#4131 = SURFACE_CURVE('',#4132,(#4137,#4144),.PCURVE_S1.);
#4132 = CIRCLE('',#4133,13.5);
#4133 = AXIS2_PLACEMENT_3D('',#4134,#4135,#4136);
#4134 = CARTESIAN_POINT('',(-84.77,0.,-5.));
#4135 = DIRECTION('',(0.,-0.,1.));
#4136 = DIRECTION('',(1.,0.,0.));
#4137 = PCURVE('',#4072,#4138);
#4138 = DEFINITIONAL_REPRESENTATION('',(#4139),#4143);
#4139 = LINE('',#4140,#4141);
#4140 = CARTESIAN_POINT('',(0.,8.881784197001E-16));
#4141 = VECTOR('',#4142,1.);
#4142 = DIRECTION('',(1.,0.));
#4143 = ( GEOMETRIC_REPRESENTATION_CONTEXT(2) 
PARAMETRIC_REPRESENTATION_CONTEXT() REPRESENTATION_CONTEXT('2D SPACE',''
  ) );
#4144 = PCURVE('',#103,#4145);
#4145 = DEFINITIONAL_REPRESENTATION('',(#4146),#4150);
#4146 = CIRCLE('',#4147,13.5);
#4147 = AXIS2_PLACEMENT_2D('',#4148,#4149);
#4148 = CARTESIAN_POINT('',(-169.54,0.));
#4149 = DIRECTION('',(1.,0.));
#4150 = ( GEOMETRIC_REPRESENTATION_CONTEXT(2) 
PARAMETRIC_REPRESENTATION_CONTEXT() REPRESENTATION_CONTEXT('2D SPACE',''
  ) );
#4151 = ORIENTED_EDGE('',*,*,#4152,.F.);
#4152 = EDGE_CURVE('',#4061,#4129,#4153,.T.);
#4153 = SURFACE_CURVE('',#4154,(#4158,#4165),.PCURVE_S1.);
#4154 = LINE('',#4155,#4156);
#4155 = CARTESIAN_POINT('',(-71.27,0.,-5.));
#4156 = VECTOR('',#4157,1.);
#4157 = DIRECTION('',(0.707106781187,0.,0.707106781187));
#4158 = PCURVE('',#4072,#4159);
#4159 = DEFINITIONAL_REPRESENTATION('',(#4160),#4164);
#4160 = LINE('',#4161,#4162);
#4161 = CARTESIAN_POINT('',(0.,1.256073966947E-15));
#4162 = VECTOR('',#4163,1.);
#4163 = DIRECTION('',(0.,1.));
#4164 = ( GEOMETRIC_REPRESENTATION_CONTEXT(2) 
PARAMETRIC_REPRESENTATION_CONTEXT() REPRESENTATION_CONTEXT('2D SPACE',''
  ) );
#4165 = PCURVE('',#4116,#4166);
#4166 = DEFINITIONAL_REPRESENTATION('',(#4167),#4171);
#4167 = LINE('',#4168,#4169);
#4168 = CARTESIAN_POINT('',(6.28318530718,1.256073966947E-15));
#4169 = VECTOR('',#4170,1.);
#4170 = DIRECTION('',(0.,1.));
#4171 = ( GEOMETRIC_REPRESENTATION_CONTEXT(2) 
PARAMETRIC_REPRESENTATION_CONTEXT() REPRESENTATION_CONTEXT('2D SPACE',''
  ) );
#4172 = ADVANCED_FACE('',(#4173),#2543,.T.);
#4173 = FACE_BOUND('',#4174,.T.);
#4174 = EDGE_LOOP('',(#4175,#4176,#4204,#4232));
#4175 = ORIENTED_EDGE('',*,*,#2519,.T.);
#4176 = ORIENTED_EDGE('',*,*,#4177,.T.);
#4177 = EDGE_CURVE('',#2522,#4178,#4180,.T.);
#4178 = VERTEX_POINT('',#4179);
#4179 = CARTESIAN_POINT('',(-94.795,1.227708416145E-15,-7.));
#4180 = SURFACE_CURVE('',#4181,(#4185,#4192),.PCURVE_S1.);
#4181 = LINE('',#4182,#4183);
#4182 = CARTESIAN_POINT('',(-94.795,1.227708416145E-15,-5.));
#4183 = VECTOR('',#4184,1.);
#4184 = DIRECTION('',(-0.,-0.,1.));
#4185 = PCURVE('',#2543,#4186);
#4186 = DEFINITIONAL_REPRESENTATION('',(#4187),#4191);
#4187 = LINE('',#4188,#4189);
#4188 = CARTESIAN_POINT('',(3.14159265359,0.));
#4189 = VECTOR('',#4190,1.);
#4190 = DIRECTION('',(0.,1.));
#4191 = ( GEOMETRIC_REPRESENTATION_CONTEXT(2) 
PARAMETRIC_REPRESENTATION_CONTEXT() REPRESENTATION_CONTEXT('2D SPACE',''
  ) );
#4192 = PCURVE('',#4193,#4198);
#4193 = CYLINDRICAL_SURFACE('',#4194,10.025);
#4194 = AXIS2_PLACEMENT_3D('',#4195,#4196,#4197);
#4195 = CARTESIAN_POINT('',(-84.77,0.,-5.));
#4196 = DIRECTION('',(-0.,-0.,1.));
#4197 = DIRECTION('',(1.,0.,0.));
#4198 = DEFINITIONAL_REPRESENTATION('',(#4199),#4203);
#4199 = LINE('',#4200,#4201);
#4200 = CARTESIAN_POINT('',(3.14159265359,0.));
#4201 = VECTOR('',#4202,1.);
#4202 = DIRECTION('',(0.,1.));
#4203 = ( GEOMETRIC_REPRESENTATION_CONTEXT(2) 
PARAMETRIC_REPRESENTATION_CONTEXT() REPRESENTATION_CONTEXT('2D SPACE',''
  ) );
#4204 = ORIENTED_EDGE('',*,*,#4205,.F.);
#4205 = EDGE_CURVE('',#4206,#4178,#4208,.T.);
#4206 = VERTEX_POINT('',#4207);
#4207 = CARTESIAN_POINT('',(-74.745,0.,-7.));
#4208 = SURFACE_CURVE('',#4209,(#4214,#4221),.PCURVE_S1.);
#4209 = CIRCLE('',#4210,10.025);
#4210 = AXIS2_PLACEMENT_3D('',#4211,#4212,#4213);
#4211 = CARTESIAN_POINT('',(-84.77,0.,-7.));
#4212 = DIRECTION('',(0.,-0.,1.));
#4213 = DIRECTION('',(1.,0.,0.));
#4214 = PCURVE('',#2543,#4215);
#4215 = DEFINITIONAL_REPRESENTATION('',(#4216),#4220);
#4216 = LINE('',#4217,#4218);
#4217 = CARTESIAN_POINT('',(0.,-2.));
#4218 = VECTOR('',#4219,1.);
#4219 = DIRECTION('',(1.,0.));
#4220 = ( GEOMETRIC_REPRESENTATION_CONTEXT(2) 
PARAMETRIC_REPRESENTATION_CONTEXT() REPRESENTATION_CONTEXT('2D SPACE',''
  ) );
#4221 = PCURVE('',#4084,#4222);
#4222 = DEFINITIONAL_REPRESENTATION('',(#4223),#4231);
#4223 = ( BOUNDED_CURVE() B_SPLINE_CURVE(2,(#4224,#4225,#4226,#4227,
#4228,#4229,#4230),.UNSPECIFIED.,.T.,.F.) B_SPLINE_CURVE_WITH_KNOTS((1,2
    ,2,2,2,1),(-2.094395102393,0.,2.094395102393,4.188790204786,
6.28318530718,8.377580409573),.UNSPECIFIED.) CURVE() 
GEOMETRIC_REPRESENTATION_ITEM() RATIONAL_B_SPLINE_CURVE((1.,0.5,1.,0.5,
1.,0.5,1.)) REPRESENTATION_ITEM('') );
#4224 = CARTESIAN_POINT('',(0.,0.));
#4225 = CARTESIAN_POINT('',(0.,17.363809345878));
#4226 = CARTESIAN_POINT('',(15.0375,8.681904672939));
#4227 = CARTESIAN_POINT('',(30.075,2.45541683229E-15));
#4228 = CARTESIAN_POINT('',(15.0375,-8.681904672939));
#4229 = CARTESIAN_POINT('',(1.59872115546E-14,-17.36380934587));
#4230 = CARTESIAN_POINT('',(0.,0.));
#4231 = ( GEOMETRIC_REPRESENTATION_CONTEXT(2) 
PARAMETRIC_REPRESENTATION_CONTEXT() REPRESENTATION_CONTEXT('2D SPACE',''
  ) );
#4232 = ORIENTED_EDGE('',*,*,#4233,.F.);
#4233 = EDGE_CURVE('',#2520,#4206,#4234,.T.);
#4234 = SURFACE_CURVE('',#4235,(#4239,#4246),.PCURVE_S1.);
#4235 = LINE('',#4236,#4237);
#4236 = CARTESIAN_POINT('',(-74.745,0.,-5.));
#4237 = VECTOR('',#4238,1.);
#4238 = DIRECTION('',(-0.,-0.,1.));
#4239 = PCURVE('',#2543,#4240);
#4240 = DEFINITIONAL_REPRESENTATION('',(#4241),#4245);
#4241 = LINE('',#4242,#4243);
#4242 = CARTESIAN_POINT('',(0.,0.));
#4243 = VECTOR('',#4244,1.);
#4244 = DIRECTION('',(0.,1.));
#4245 = ( GEOMETRIC_REPRESENTATION_CONTEXT(2) 
PARAMETRIC_REPRESENTATION_CONTEXT() REPRESENTATION_CONTEXT('2D SPACE',''
  ) );
#4246 = PCURVE('',#4193,#4247);
#4247 = DEFINITIONAL_REPRESENTATION('',(#4248),#4252);
#4248 = LINE('',#4249,#4250);
#4249 = CARTESIAN_POINT('',(6.28318530718,0.));
#4250 = VECTOR('',#4251,1.);
#4251 = DIRECTION('',(0.,1.));
#4252 = ( GEOMETRIC_REPRESENTATION_CONTEXT(2) 
PARAMETRIC_REPRESENTATION_CONTEXT() REPRESENTATION_CONTEXT('2D SPACE',''
  ) );
#4253 = ADVANCED_FACE('',(#4254),#4268,.F.);
#4254 = FACE_BOUND('',#4255,.F.);
#4255 = EDGE_LOOP('',(#4256,#4291,#4315,#4338));
#4256 = ORIENTED_EDGE('',*,*,#4257,.T.);
#4257 = EDGE_CURVE('',#4258,#4260,#4262,.T.);
#4258 = VERTEX_POINT('',#4259);
#4259 = CARTESIAN_POINT('',(-84.27,0.,-5.));
#4260 = VERTEX_POINT('',#4261);
#4261 = CARTESIAN_POINT('',(-84.27,0.,5.));
#4262 = SURFACE_CURVE('',#4263,(#4267,#4279),.PCURVE_S1.);
#4263 = LINE('',#4264,#4265);
#4264 = CARTESIAN_POINT('',(-84.27,0.,-5.));
#4265 = VECTOR('',#4266,1.);
#4266 = DIRECTION('',(0.,0.,1.));
#4267 = PCURVE('',#4268,#4273);
#4268 = CYLINDRICAL_SURFACE('',#4269,0.5);
#4269 = AXIS2_PLACEMENT_3D('',#4270,#4271,#4272);
#4270 = CARTESIAN_POINT('',(-84.77,0.,-5.));
#4271 = DIRECTION('',(0.,0.,1.));
#4272 = DIRECTION('',(1.,0.,-0.));
#4273 = DEFINITIONAL_REPRESENTATION('',(#4274),#4278);
#4274 = LINE('',#4275,#4276);
#4275 = CARTESIAN_POINT('',(6.28318530718,0.));
#4276 = VECTOR('',#4277,1.);
#4277 = DIRECTION('',(0.,1.));
#4278 = ( GEOMETRIC_REPRESENTATION_CONTEXT(2) 
PARAMETRIC_REPRESENTATION_CONTEXT() REPRESENTATION_CONTEXT('2D SPACE',''
  ) );
#4279 = PCURVE('',#4280,#4285);
#4280 = CYLINDRICAL_SURFACE('',#4281,0.5);
#4281 = AXIS2_PLACEMENT_3D('',#4282,#4283,#4284);
#4282 = CARTESIAN_POINT('',(-84.77,0.,-5.));
#4283 = DIRECTION('',(0.,0.,1.));
#4284 = DIRECTION('',(1.,0.,-0.));
#4285 = DEFINITIONAL_REPRESENTATION('',(#4286),#4290);
#4286 = LINE('',#4287,#4288);
#4287 = CARTESIAN_POINT('',(0.,0.));
#4288 = VECTOR('',#4289,1.);
#4289 = DIRECTION('',(0.,1.));
#4290 = ( GEOMETRIC_REPRESENTATION_CONTEXT(2) 
PARAMETRIC_REPRESENTATION_CONTEXT() REPRESENTATION_CONTEXT('2D SPACE',''
  ) );
#4291 = ORIENTED_EDGE('',*,*,#4292,.F.);
#4292 = EDGE_CURVE('',#4293,#4260,#4295,.T.);
#4293 = VERTEX_POINT('',#4294);
#4294 = CARTESIAN_POINT('',(-85.27,6.123233995737E-17,5.));
#4295 = SURFACE_CURVE('',#4296,(#4301,#4308),.PCURVE_S1.);
#4296 = CIRCLE('',#4297,0.5);
#4297 = AXIS2_PLACEMENT_3D('',#4298,#4299,#4300);
#4298 = CARTESIAN_POINT('',(-84.77,0.,5.));
#4299 = DIRECTION('',(0.,0.,1.));
#4300 = DIRECTION('',(1.,0.,-0.));
#4301 = PCURVE('',#4268,#4302);
#4302 = DEFINITIONAL_REPRESENTATION('',(#4303),#4307);
#4303 = LINE('',#4304,#4305);
#4304 = CARTESIAN_POINT('',(0.,10.));
#4305 = VECTOR('',#4306,1.);
#4306 = DIRECTION('',(1.,0.));
#4307 = ( GEOMETRIC_REPRESENTATION_CONTEXT(2) 
PARAMETRIC_REPRESENTATION_CONTEXT() REPRESENTATION_CONTEXT('2D SPACE',''
  ) );
#4308 = PCURVE('',#2306,#4309);
#4309 = DEFINITIONAL_REPRESENTATION('',(#4310),#4314);
#4310 = CIRCLE('',#4311,0.5);
#4311 = AXIS2_PLACEMENT_2D('',#4312,#4313);
#4312 = CARTESIAN_POINT('',(-169.54,0.));
#4313 = DIRECTION('',(1.,0.));
#4314 = ( GEOMETRIC_REPRESENTATION_CONTEXT(2) 
PARAMETRIC_REPRESENTATION_CONTEXT() REPRESENTATION_CONTEXT('2D SPACE',''
  ) );
#4315 = ORIENTED_EDGE('',*,*,#4316,.F.);
#4316 = EDGE_CURVE('',#4317,#4293,#4319,.T.);
#4317 = VERTEX_POINT('',#4318);
#4318 = CARTESIAN_POINT('',(-85.27,6.123233995737E-17,-5.));
#4319 = SURFACE_CURVE('',#4320,(#4324,#4331),.PCURVE_S1.);
#4320 = LINE('',#4321,#4322);
#4321 = CARTESIAN_POINT('',(-85.27,6.123233995737E-17,-5.));
#4322 = VECTOR('',#4323,1.);
#4323 = DIRECTION('',(0.,0.,1.));
#4324 = PCURVE('',#4268,#4325);
#4325 = DEFINITIONAL_REPRESENTATION('',(#4326),#4330);
#4326 = LINE('',#4327,#4328);
#4327 = CARTESIAN_POINT('',(3.14159265359,0.));
#4328 = VECTOR('',#4329,1.);
#4329 = DIRECTION('',(0.,1.));
#4330 = ( GEOMETRIC_REPRESENTATION_CONTEXT(2) 
PARAMETRIC_REPRESENTATION_CONTEXT() REPRESENTATION_CONTEXT('2D SPACE',''
  ) );
#4331 = PCURVE('',#4280,#4332);
#4332 = DEFINITIONAL_REPRESENTATION('',(#4333),#4337);
#4333 = LINE('',#4334,#4335);
#4334 = CARTESIAN_POINT('',(3.14159265359,0.));
#4335 = VECTOR('',#4336,1.);
#4336 = DIRECTION('',(0.,1.));
#4337 = ( GEOMETRIC_REPRESENTATION_CONTEXT(2) 
PARAMETRIC_REPRESENTATION_CONTEXT() REPRESENTATION_CONTEXT('2D SPACE',''
  ) );
#4338 = ORIENTED_EDGE('',*,*,#4339,.T.);
#4339 = EDGE_CURVE('',#4317,#4258,#4340,.T.);
#4340 = SURFACE_CURVE('',#4341,(#4346,#4353),.PCURVE_S1.);
#4341 = CIRCLE('',#4342,0.5);
#4342 = AXIS2_PLACEMENT_3D('',#4343,#4344,#4345);
#4343 = CARTESIAN_POINT('',(-84.77,0.,-5.));
#4344 = DIRECTION('',(0.,0.,1.));
#4345 = DIRECTION('',(1.,0.,-0.));
#4346 = PCURVE('',#4268,#4347);
#4347 = DEFINITIONAL_REPRESENTATION('',(#4348),#4352);
#4348 = LINE('',#4349,#4350);
#4349 = CARTESIAN_POINT('',(0.,0.));
#4350 = VECTOR('',#4351,1.);
#4351 = DIRECTION('',(1.,0.));
#4352 = ( GEOMETRIC_REPRESENTATION_CONTEXT(2) 
PARAMETRIC_REPRESENTATION_CONTEXT() REPRESENTATION_CONTEXT('2D SPACE',''
  ) );
#4353 = PCURVE('',#4354,#4359);
#4354 = PLANE('',#4355);
#4355 = AXIS2_PLACEMENT_3D('',#4356,#4357,#4358);
#4356 = CARTESIAN_POINT('',(-71.27,0.,-5.));
#4357 = DIRECTION('',(0.,-0.,1.));
#4358 = DIRECTION('',(1.,0.,0.));
#4359 = DEFINITIONAL_REPRESENTATION('',(#4360),#4364);
#4360 = CIRCLE('',#4361,0.5);
#4361 = AXIS2_PLACEMENT_2D('',#4362,#4363);
#4362 = CARTESIAN_POINT('',(-13.5,0.));
#4363 = DIRECTION('',(1.,0.));
#4364 = ( GEOMETRIC_REPRESENTATION_CONTEXT(2) 
PARAMETRIC_REPRESENTATION_CONTEXT() REPRESENTATION_CONTEXT('2D SPACE',''
  ) );
#4365 = ADVANCED_FACE('',(#4366),#2719,.T.);
#4366 = FACE_BOUND('',#4367,.T.);
#4367 = EDGE_LOOP('',(#4368,#4369,#4395,#4396));
#4368 = ORIENTED_EDGE('',*,*,#2702,.T.);
#4369 = ORIENTED_EDGE('',*,*,#4370,.T.);
#4370 = EDGE_CURVE('',#2674,#2762,#4371,.T.);
#4371 = SURFACE_CURVE('',#4372,(#4376,#4383),.PCURVE_S1.);
#4372 = LINE('',#4373,#4374);
#4373 = CARTESIAN_POINT('',(106.795,0.,-5.));
#4374 = VECTOR('',#4375,1.);
#4375 = DIRECTION('',(0.,0.,1.));
#4376 = PCURVE('',#2719,#4377);
#4377 = DEFINITIONAL_REPRESENTATION('',(#4378),#4382);
#4378 = LINE('',#4379,#4380);
#4379 = CARTESIAN_POINT('',(6.28318530718,0.));
#4380 = VECTOR('',#4381,1.);
#4381 = DIRECTION('',(0.,1.));
#4382 = ( GEOMETRIC_REPRESENTATION_CONTEXT(2) 
PARAMETRIC_REPRESENTATION_CONTEXT() REPRESENTATION_CONTEXT('2D SPACE',''
  ) );
#4383 = PCURVE('',#4384,#4389);
#4384 = CYLINDRICAL_SURFACE('',#4385,22.025);
#4385 = AXIS2_PLACEMENT_3D('',#4386,#4387,#4388);
#4386 = CARTESIAN_POINT('',(84.77,0.,-5.));
#4387 = DIRECTION('',(0.,0.,1.));
#4388 = DIRECTION('',(1.,0.,-0.));
#4389 = DEFINITIONAL_REPRESENTATION('',(#4390),#4394);
#4390 = LINE('',#4391,#4392);
#4391 = CARTESIAN_POINT('',(0.,0.));
#4392 = VECTOR('',#4393,1.);
#4393 = DIRECTION('',(0.,1.));
#4394 = ( GEOMETRIC_REPRESENTATION_CONTEXT(2) 
PARAMETRIC_REPRESENTATION_CONTEXT() REPRESENTATION_CONTEXT('2D SPACE',''
  ) );
#4395 = ORIENTED_EDGE('',*,*,#2761,.T.);
#4396 = ORIENTED_EDGE('',*,*,#4397,.F.);
#4397 = EDGE_CURVE('',#2703,#2764,#4398,.T.);
#4398 = SURFACE_CURVE('',#4399,(#4403,#4410),.PCURVE_S1.);
#4399 = LINE('',#4400,#4401);
#4400 = CARTESIAN_POINT('',(84.117200513153,-22.01532370486,-5.));
#4401 = VECTOR('',#4402,1.);
#4402 = DIRECTION('',(0.,0.,1.));
#4403 = PCURVE('',#2719,#4404);
#4404 = DEFINITIONAL_REPRESENTATION('',(#4405),#4409);
#4405 = LINE('',#4406,#4407);
#4406 = CARTESIAN_POINT('',(4.682745615922,0.));
#4407 = VECTOR('',#4408,1.);
#4408 = DIRECTION('',(0.,1.));
#4409 = ( GEOMETRIC_REPRESENTATION_CONTEXT(2) 
PARAMETRIC_REPRESENTATION_CONTEXT() REPRESENTATION_CONTEXT('2D SPACE',''
  ) );
#4410 = PCURVE('',#4411,#4416);
#4411 = PLANE('',#4412);
#4412 = AXIS2_PLACEMENT_3D('',#4413,#4414,#4415);
#4413 = CARTESIAN_POINT('',(-85.27386339506,-16.99253134995,-5.));
#4414 = DIRECTION('',(-2.963902323935E-02,-0.999560667644,0.));
#4415 = DIRECTION('',(0.999560667644,-2.963902323935E-02,0.));
#4416 = DEFINITIONAL_REPRESENTATION('',(#4417),#4421);
#4417 = LINE('',#4418,#4419);
#4418 = CARTESIAN_POINT('',(169.4655155924,0.));
#4419 = VECTOR('',#4420,1.);
#4420 = DIRECTION('',(0.,1.));
#4421 = ( GEOMETRIC_REPRESENTATION_CONTEXT(2) 
PARAMETRIC_REPRESENTATION_CONTEXT() REPRESENTATION_CONTEXT('2D SPACE',''
  ) );
#4422 = ADVANCED_FACE('',(#4423),#4435,.F.);
#4423 = FACE_BOUND('',#4424,.F.);
#4424 = EDGE_LOOP('',(#4425,#4453,#4481,#4502));
#4425 = ORIENTED_EDGE('',*,*,#4426,.T.);
#4426 = EDGE_CURVE('',#2408,#4427,#4429,.T.);
#4427 = VERTEX_POINT('',#4428);
#4428 = CARTESIAN_POINT('',(100.795,0.,3.5));
#4429 = SURFACE_CURVE('',#4430,(#4434,#4446),.PCURVE_S1.);
#4430 = LINE('',#4431,#4432);
#4431 = CARTESIAN_POINT('',(100.795,0.,-5.));
#4432 = VECTOR('',#4433,1.);
#4433 = DIRECTION('',(0.,0.,1.));
#4434 = PCURVE('',#4435,#4440);
#4435 = CYLINDRICAL_SURFACE('',#4436,16.025);
#4436 = AXIS2_PLACEMENT_3D('',#4437,#4438,#4439);
#4437 = CARTESIAN_POINT('',(84.77,0.,-5.));
#4438 = DIRECTION('',(0.,0.,1.));
#4439 = DIRECTION('',(1.,0.,-0.));
#4440 = DEFINITIONAL_REPRESENTATION('',(#4441),#4445);
#4441 = LINE('',#4442,#4443);
#4442 = CARTESIAN_POINT('',(6.28318530718,0.));
#4443 = VECTOR('',#4444,1.);
#4444 = DIRECTION('',(0.,1.));
#4445 = ( GEOMETRIC_REPRESENTATION_CONTEXT(2) 
PARAMETRIC_REPRESENTATION_CONTEXT() REPRESENTATION_CONTEXT('2D SPACE',''
  ) );
#4446 = PCURVE('',#2429,#4447);
#4447 = DEFINITIONAL_REPRESENTATION('',(#4448),#4452);
#4448 = LINE('',#4449,#4450);
#4449 = CARTESIAN_POINT('',(0.,0.));
#4450 = VECTOR('',#4451,1.);
#4451 = DIRECTION('',(0.,1.));
#4452 = ( GEOMETRIC_REPRESENTATION_CONTEXT(2) 
PARAMETRIC_REPRESENTATION_CONTEXT() REPRESENTATION_CONTEXT('2D SPACE',''
  ) );
#4453 = ORIENTED_EDGE('',*,*,#4454,.T.);
#4454 = EDGE_CURVE('',#4427,#4455,#4457,.T.);
#4455 = VERTEX_POINT('',#4456);
#4456 = CARTESIAN_POINT('',(68.745,1.962496495634E-15,3.5));
#4457 = SURFACE_CURVE('',#4458,(#4463,#4470),.PCURVE_S1.);
#4458 = CIRCLE('',#4459,16.025);
#4459 = AXIS2_PLACEMENT_3D('',#4460,#4461,#4462);
#4460 = CARTESIAN_POINT('',(84.77,0.,3.5));
#4461 = DIRECTION('',(0.,0.,-1.));
#4462 = DIRECTION('',(1.,0.,0.));
#4463 = PCURVE('',#4435,#4464);
#4464 = DEFINITIONAL_REPRESENTATION('',(#4465),#4469);
#4465 = LINE('',#4466,#4467);
#4466 = CARTESIAN_POINT('',(6.28318530718,8.5));
#4467 = VECTOR('',#4468,1.);
#4468 = DIRECTION('',(-1.,0.));
#4469 = ( GEOMETRIC_REPRESENTATION_CONTEXT(2) 
PARAMETRIC_REPRESENTATION_CONTEXT() REPRESENTATION_CONTEXT('2D SPACE',''
  ) );
#4470 = PCURVE('',#2963,#4471);
#4471 = DEFINITIONAL_REPRESENTATION('',(#4472),#4480);
#4472 = ( BOUNDED_CURVE() B_SPLINE_CURVE(2,(#4473,#4474,#4475,#4476,
#4477,#4478,#4479),.UNSPECIFIED.,.T.,.F.) B_SPLINE_CURVE_WITH_KNOTS((1,2
    ,2,2,2,1),(-2.094395102393,0.,2.094395102393,4.188790204786,
6.28318530718,8.377580409573),.UNSPECIFIED.) CURVE() 
GEOMETRIC_REPRESENTATION_ITEM() RATIONAL_B_SPLINE_CURVE((1.,0.5,1.,0.5,
1.,0.5,1.)) REPRESENTATION_ITEM('') );
#4473 = CARTESIAN_POINT('',(16.025,0.));
#4474 = CARTESIAN_POINT('',(16.025,-27.75611419129));
#4475 = CARTESIAN_POINT('',(-8.0125,-13.87805709564));
#4476 = CARTESIAN_POINT('',(-32.05,-3.924992991267E-15));
#4477 = CARTESIAN_POINT('',(-8.0125,13.878057095646));
#4478 = CARTESIAN_POINT('',(16.025,27.756114191291));
#4479 = CARTESIAN_POINT('',(16.025,0.));
#4480 = ( GEOMETRIC_REPRESENTATION_CONTEXT(2) 
PARAMETRIC_REPRESENTATION_CONTEXT() REPRESENTATION_CONTEXT('2D SPACE',''
  ) );
#4481 = ORIENTED_EDGE('',*,*,#4482,.F.);
#4482 = EDGE_CURVE('',#2406,#4455,#4483,.T.);
#4483 = SURFACE_CURVE('',#4484,(#4488,#4495),.PCURVE_S1.);
#4484 = LINE('',#4485,#4486);
#4485 = CARTESIAN_POINT('',(68.745,1.962496495634E-15,-5.));
#4486 = VECTOR('',#4487,1.);
#4487 = DIRECTION('',(0.,0.,1.));
#4488 = PCURVE('',#4435,#4489);
#4489 = DEFINITIONAL_REPRESENTATION('',(#4490),#4494);
#4490 = LINE('',#4491,#4492);
#4491 = CARTESIAN_POINT('',(3.14159265359,0.));
#4492 = VECTOR('',#4493,1.);
#4493 = DIRECTION('',(0.,1.));
#4494 = ( GEOMETRIC_REPRESENTATION_CONTEXT(2) 
PARAMETRIC_REPRESENTATION_CONTEXT() REPRESENTATION_CONTEXT('2D SPACE',''
  ) );
#4495 = PCURVE('',#2429,#4496);
#4496 = DEFINITIONAL_REPRESENTATION('',(#4497),#4501);
#4497 = LINE('',#4498,#4499);
#4498 = CARTESIAN_POINT('',(3.14159265359,0.));
#4499 = VECTOR('',#4500,1.);
#4500 = DIRECTION('',(0.,1.));
#4501 = ( GEOMETRIC_REPRESENTATION_CONTEXT(2) 
PARAMETRIC_REPRESENTATION_CONTEXT() REPRESENTATION_CONTEXT('2D SPACE',''
  ) );
#4502 = ORIENTED_EDGE('',*,*,#4503,.F.);
#4503 = EDGE_CURVE('',#2408,#2406,#4504,.T.);
#4504 = SURFACE_CURVE('',#4505,(#4510,#4517),.PCURVE_S1.);
#4505 = CIRCLE('',#4506,16.025);
#4506 = AXIS2_PLACEMENT_3D('',#4507,#4508,#4509);
#4507 = CARTESIAN_POINT('',(84.77,0.,-4.5));
#4508 = DIRECTION('',(0.,0.,-1.));
#4509 = DIRECTION('',(1.,0.,0.));
#4510 = PCURVE('',#4435,#4511);
#4511 = DEFINITIONAL_REPRESENTATION('',(#4512),#4516);
#4512 = LINE('',#4513,#4514);
#4513 = CARTESIAN_POINT('',(6.28318530718,0.5));
#4514 = VECTOR('',#4515,1.);
#4515 = DIRECTION('',(-1.,0.));
#4516 = ( GEOMETRIC_REPRESENTATION_CONTEXT(2) 
PARAMETRIC_REPRESENTATION_CONTEXT() REPRESENTATION_CONTEXT('2D SPACE',''
  ) );
#4517 = PCURVE('',#2458,#4518);
#4518 = DEFINITIONAL_REPRESENTATION('',(#4519),#4523);
#4519 = LINE('',#4520,#4521);
#4520 = CARTESIAN_POINT('',(6.28318530718,3.14159265359));
#4521 = VECTOR('',#4522,1.);
#4522 = DIRECTION('',(-1.,-2.544443745171E-15));
#4523 = ( GEOMETRIC_REPRESENTATION_CONTEXT(2) 
PARAMETRIC_REPRESENTATION_CONTEXT() REPRESENTATION_CONTEXT('2D SPACE',''
  ) );
#4524 = ADVANCED_FACE('',(#4525),#4540,.F.);
#4525 = FACE_BOUND('',#4526,.F.);
#4526 = EDGE_LOOP('',(#4527,#4562,#4590,#4619,#4647));
#4527 = ORIENTED_EDGE('',*,*,#4528,.T.);
#4528 = EDGE_CURVE('',#4529,#4531,#4533,.T.);
#4529 = VERTEX_POINT('',#4530);
#4530 = CARTESIAN_POINT('',(50.77,5.,5.));
#4531 = VERTEX_POINT('',#4532);
#4532 = CARTESIAN_POINT('',(51.77,6.,5.));
#4533 = SURFACE_CURVE('',#4534,(#4539,#4551),.PCURVE_S1.);
#4534 = CIRCLE('',#4535,1.);
#4535 = AXIS2_PLACEMENT_3D('',#4536,#4537,#4538);
#4536 = CARTESIAN_POINT('',(51.77,5.,5.));
#4537 = DIRECTION('',(0.,0.,-1.));
#4538 = DIRECTION('',(-1.,0.,0.));
#4539 = PCURVE('',#4540,#4545);
#4540 = CYLINDRICAL_SURFACE('',#4541,1.);
#4541 = AXIS2_PLACEMENT_3D('',#4542,#4543,#4544);
#4542 = CARTESIAN_POINT('',(51.77,5.,5.));
#4543 = DIRECTION('',(-0.,-0.,-1.));
#4544 = DIRECTION('',(-1.,0.,0.));
#4545 = DEFINITIONAL_REPRESENTATION('',(#4546),#4550);
#4546 = LINE('',#4547,#4548);
#4547 = CARTESIAN_POINT('',(0.,0.));
#4548 = VECTOR('',#4549,1.);
#4549 = DIRECTION('',(1.,0.));
#4550 = ( GEOMETRIC_REPRESENTATION_CONTEXT(2) 
PARAMETRIC_REPRESENTATION_CONTEXT() REPRESENTATION_CONTEXT('2D SPACE',''
  ) );
#4551 = PCURVE('',#2306,#4552);
#4552 = DEFINITIONAL_REPRESENTATION('',(#4553),#4561);
#4553 = ( BOUNDED_CURVE() B_SPLINE_CURVE(2,(#4554,#4555,#4556,#4557,
#4558,#4559,#4560),.UNSPECIFIED.,.T.,.F.) B_SPLINE_CURVE_WITH_KNOTS((1,2
    ,2,2,2,1),(-2.094395102393,0.,2.094395102393,4.188790204786,
6.28318530718,8.377580409573),.UNSPECIFIED.) CURVE() 
GEOMETRIC_REPRESENTATION_ITEM() RATIONAL_B_SPLINE_CURVE((1.,0.5,1.,0.5,
1.,0.5,1.)) REPRESENTATION_ITEM('') );
#4554 = CARTESIAN_POINT('',(-34.,5.));
#4555 = CARTESIAN_POINT('',(-34.,6.732050807569));
#4556 = CARTESIAN_POINT('',(-32.5,5.866025403784));
#4557 = CARTESIAN_POINT('',(-31.,5.));
#4558 = CARTESIAN_POINT('',(-32.5,4.133974596216));
#4559 = CARTESIAN_POINT('',(-34.,3.267949192431));
#4560 = CARTESIAN_POINT('',(-34.,5.));
#4561 = ( GEOMETRIC_REPRESENTATION_CONTEXT(2) 
PARAMETRIC_REPRESENTATION_CONTEXT() REPRESENTATION_CONTEXT('2D SPACE',''
  ) );
#4562 = ORIENTED_EDGE('',*,*,#4563,.T.);
#4563 = EDGE_CURVE('',#4531,#4564,#4566,.T.);
#4564 = VERTEX_POINT('',#4565);
#4565 = CARTESIAN_POINT('',(51.77,6.,-4.));
#4566 = SURFACE_CURVE('',#4567,(#4571,#4578),.PCURVE_S1.);
#4567 = LINE('',#4568,#4569);
#4568 = CARTESIAN_POINT('',(51.77,6.,5.));
#4569 = VECTOR('',#4570,1.);
#4570 = DIRECTION('',(-0.,-0.,-1.));
#4571 = PCURVE('',#4540,#4572);
#4572 = DEFINITIONAL_REPRESENTATION('',(#4573),#4577);
#4573 = LINE('',#4574,#4575);
#4574 = CARTESIAN_POINT('',(1.570796326795,0.));
#4575 = VECTOR('',#4576,1.);
#4576 = DIRECTION('',(0.,1.));
#4577 = ( GEOMETRIC_REPRESENTATION_CONTEXT(2) 
PARAMETRIC_REPRESENTATION_CONTEXT() REPRESENTATION_CONTEXT('2D SPACE',''
  ) );
#4578 = PCURVE('',#4579,#4584);
#4579 = PLANE('',#4580);
#4580 = AXIS2_PLACEMENT_3D('',#4581,#4582,#4583);
#4581 = CARTESIAN_POINT('',(57.77,6.,5.));
#4582 = DIRECTION('',(1.445602896647E-16,1.,-0.));
#4583 = DIRECTION('',(-1.,1.445602896647E-16,0.));
#4584 = DEFINITIONAL_REPRESENTATION('',(#4585),#4589);
#4585 = LINE('',#4586,#4587);
#4586 = CARTESIAN_POINT('',(6.,0.));
#4587 = VECTOR('',#4588,1.);
#4588 = DIRECTION('',(0.,-1.));
#4589 = ( GEOMETRIC_REPRESENTATION_CONTEXT(2) 
PARAMETRIC_REPRESENTATION_CONTEXT() REPRESENTATION_CONTEXT('2D SPACE',''
  ) );
#4590 = ORIENTED_EDGE('',*,*,#4591,.F.);
#4591 = EDGE_CURVE('',#4592,#4564,#4594,.T.);
#4592 = VERTEX_POINT('',#4593);
#4593 = CARTESIAN_POINT('',(50.77,5.,-4.));
#4594 = SURFACE_CURVE('',#4595,(#4600,#4607),.PCURVE_S1.);
#4595 = CIRCLE('',#4596,1.);
#4596 = AXIS2_PLACEMENT_3D('',#4597,#4598,#4599);
#4597 = CARTESIAN_POINT('',(51.77,5.,-4.));
#4598 = DIRECTION('',(0.,0.,-1.));
#4599 = DIRECTION('',(1.,0.,0.));
#4600 = PCURVE('',#4540,#4601);
#4601 = DEFINITIONAL_REPRESENTATION('',(#4602),#4606);
#4602 = LINE('',#4603,#4604);
#4603 = CARTESIAN_POINT('',(-3.14159265359,9.));
#4604 = VECTOR('',#4605,1.);
#4605 = DIRECTION('',(1.,0.));
#4606 = ( GEOMETRIC_REPRESENTATION_CONTEXT(2) 
PARAMETRIC_REPRESENTATION_CONTEXT() REPRESENTATION_CONTEXT('2D SPACE',''
  ) );
#4607 = PCURVE('',#4608,#4613);
#4608 = TOROIDAL_SURFACE('',#4609,2.,1.);
#4609 = AXIS2_PLACEMENT_3D('',#4610,#4611,#4612);
#4610 = CARTESIAN_POINT('',(51.77,5.,-4.));
#4611 = DIRECTION('',(0.,0.,1.));
#4612 = DIRECTION('',(1.,0.,-0.));
#4613 = DEFINITIONAL_REPRESENTATION('',(#4614),#4618);
#4614 = LINE('',#4615,#4616);
#4615 = CARTESIAN_POINT('',(6.28318530718,3.14159265359));
#4616 = VECTOR('',#4617,1.);
#4617 = DIRECTION('',(-1.,0.));
#4618 = ( GEOMETRIC_REPRESENTATION_CONTEXT(2) 
PARAMETRIC_REPRESENTATION_CONTEXT() REPRESENTATION_CONTEXT('2D SPACE',''
  ) );
#4619 = ORIENTED_EDGE('',*,*,#4620,.F.);
#4620 = EDGE_CURVE('',#4621,#4592,#4623,.T.);
#4621 = VERTEX_POINT('',#4622);
#4622 = CARTESIAN_POINT('',(50.77,5.,3.));
#4623 = SURFACE_CURVE('',#4624,(#4628,#4635),.PCURVE_S1.);
#4624 = LINE('',#4625,#4626);
#4625 = CARTESIAN_POINT('',(50.77,5.,5.));
#4626 = VECTOR('',#4627,1.);
#4627 = DIRECTION('',(-0.,-0.,-1.));
#4628 = PCURVE('',#4540,#4629);
#4629 = DEFINITIONAL_REPRESENTATION('',(#4630),#4634);
#4630 = LINE('',#4631,#4632);
#4631 = CARTESIAN_POINT('',(0.,0.));
#4632 = VECTOR('',#4633,1.);
#4633 = DIRECTION('',(0.,1.));
#4634 = ( GEOMETRIC_REPRESENTATION_CONTEXT(2) 
PARAMETRIC_REPRESENTATION_CONTEXT() REPRESENTATION_CONTEXT('2D SPACE',''
  ) );
#4635 = PCURVE('',#4636,#4641);
#4636 = CYLINDRICAL_SURFACE('',#4637,1.);
#4637 = AXIS2_PLACEMENT_3D('',#4638,#4639,#4640);
#4638 = CARTESIAN_POINT('',(51.77,5.,5.));
#4639 = DIRECTION('',(-0.,-0.,-1.));
#4640 = DIRECTION('',(-1.,0.,0.));
#4641 = DEFINITIONAL_REPRESENTATION('',(#4642),#4646);
#4642 = LINE('',#4643,#4644);
#4643 = CARTESIAN_POINT('',(6.28318530718,0.));
#4644 = VECTOR('',#4645,1.);
#4645 = DIRECTION('',(0.,1.));
#4646 = ( GEOMETRIC_REPRESENTATION_CONTEXT(2) 
PARAMETRIC_REPRESENTATION_CONTEXT() REPRESENTATION_CONTEXT('2D SPACE',''
  ) );
#4647 = ORIENTED_EDGE('',*,*,#4648,.T.);
#4648 = EDGE_CURVE('',#4621,#4529,#4649,.T.);
#4649 = SURFACE_CURVE('',#4650,(#4654,#4661),.PCURVE_S1.);
#4650 = LINE('',#4651,#4652);
#4651 = CARTESIAN_POINT('',(50.77,5.,4.));
#4652 = VECTOR('',#4653,1.);
#4653 = DIRECTION('',(0.,0.,1.));
#4654 = PCURVE('',#4540,#4655);
#4655 = DEFINITIONAL_REPRESENTATION('',(#4656),#4660);
#4656 = LINE('',#4657,#4658);
#4657 = CARTESIAN_POINT('',(0.,1.));
#4658 = VECTOR('',#4659,1.);
#4659 = DIRECTION('',(0.,-1.));
#4660 = ( GEOMETRIC_REPRESENTATION_CONTEXT(2) 
PARAMETRIC_REPRESENTATION_CONTEXT() REPRESENTATION_CONTEXT('2D SPACE',''
  ) );
#4661 = PCURVE('',#4662,#4667);
#4662 = PLANE('',#4663);
#4663 = AXIS2_PLACEMENT_3D('',#4664,#4665,#4666);
#4664 = CARTESIAN_POINT('',(50.77,-6.217531799271E-15,4.));
#4665 = DIRECTION('',(1.,0.,0.));
#4666 = DIRECTION('',(0.,0.,-1.));
#4667 = DEFINITIONAL_REPRESENTATION('',(#4668),#4672);
#4668 = LINE('',#4669,#4670);
#4669 = CARTESIAN_POINT('',(0.,5.));
#4670 = VECTOR('',#4671,1.);
#4671 = DIRECTION('',(-1.,0.));
#4672 = ( GEOMETRIC_REPRESENTATION_CONTEXT(2) 
PARAMETRIC_REPRESENTATION_CONTEXT() REPRESENTATION_CONTEXT('2D SPACE',''
  ) );
#4673 = ADVANCED_FACE('',(#4674),#4689,.F.);
#4674 = FACE_BOUND('',#4675,.F.);
#4675 = EDGE_LOOP('',(#4676,#4711,#4739,#4768,#4796));
#4676 = ORIENTED_EDGE('',*,*,#4677,.T.);
#4677 = EDGE_CURVE('',#4678,#4680,#4682,.T.);
#4678 = VERTEX_POINT('',#4679);
#4679 = CARTESIAN_POINT('',(20.77,5.,5.));
#4680 = VERTEX_POINT('',#4681);
#4681 = CARTESIAN_POINT('',(21.77,6.,5.));
#4682 = SURFACE_CURVE('',#4683,(#4688,#4700),.PCURVE_S1.);
#4683 = CIRCLE('',#4684,1.);
#4684 = AXIS2_PLACEMENT_3D('',#4685,#4686,#4687);
#4685 = CARTESIAN_POINT('',(21.77,5.,5.));
#4686 = DIRECTION('',(0.,0.,-1.));
#4687 = DIRECTION('',(-1.,0.,0.));
#4688 = PCURVE('',#4689,#4694);
#4689 = CYLINDRICAL_SURFACE('',#4690,1.);
#4690 = AXIS2_PLACEMENT_3D('',#4691,#4692,#4693);
#4691 = CARTESIAN_POINT('',(21.77,5.,5.));
#4692 = DIRECTION('',(-0.,-0.,-1.));
#4693 = DIRECTION('',(-1.,0.,0.));
#4694 = DEFINITIONAL_REPRESENTATION('',(#4695),#4699);
#4695 = LINE('',#4696,#4697);
#4696 = CARTESIAN_POINT('',(0.,0.));
#4697 = VECTOR('',#4698,1.);
#4698 = DIRECTION('',(1.,0.));
#4699 = ( GEOMETRIC_REPRESENTATION_CONTEXT(2) 
PARAMETRIC_REPRESENTATION_CONTEXT() REPRESENTATION_CONTEXT('2D SPACE',''
  ) );
#4700 = PCURVE('',#2306,#4701);
#4701 = DEFINITIONAL_REPRESENTATION('',(#4702),#4710);
#4702 = ( BOUNDED_CURVE() B_SPLINE_CURVE(2,(#4703,#4704,#4705,#4706,
#4707,#4708,#4709),.UNSPECIFIED.,.T.,.F.) B_SPLINE_CURVE_WITH_KNOTS((1,2
    ,2,2,2,1),(-2.094395102393,0.,2.094395102393,4.188790204786,
6.28318530718,8.377580409573),.UNSPECIFIED.) CURVE() 
GEOMETRIC_REPRESENTATION_ITEM() RATIONAL_B_SPLINE_CURVE((1.,0.5,1.,0.5,
1.,0.5,1.)) REPRESENTATION_ITEM('') );
#4703 = CARTESIAN_POINT('',(-64.,5.));
#4704 = CARTESIAN_POINT('',(-64.,6.732050807569));
#4705 = CARTESIAN_POINT('',(-62.5,5.866025403784));
#4706 = CARTESIAN_POINT('',(-61.,5.));
#4707 = CARTESIAN_POINT('',(-62.5,4.133974596216));
#4708 = CARTESIAN_POINT('',(-64.,3.267949192431));
#4709 = CARTESIAN_POINT('',(-64.,5.));
#4710 = ( GEOMETRIC_REPRESENTATION_CONTEXT(2) 
PARAMETRIC_REPRESENTATION_CONTEXT() REPRESENTATION_CONTEXT('2D SPACE',''
  ) );
#4711 = ORIENTED_EDGE('',*,*,#4712,.T.);
#4712 = EDGE_CURVE('',#4680,#4713,#4715,.T.);
#4713 = VERTEX_POINT('',#4714);
#4714 = CARTESIAN_POINT('',(21.77,6.,-4.));
#4715 = SURFACE_CURVE('',#4716,(#4720,#4727),.PCURVE_S1.);
#4716 = LINE('',#4717,#4718);
#4717 = CARTESIAN_POINT('',(21.77,6.,5.));
#4718 = VECTOR('',#4719,1.);
#4719 = DIRECTION('',(-0.,-0.,-1.));
#4720 = PCURVE('',#4689,#4721);
#4721 = DEFINITIONAL_REPRESENTATION('',(#4722),#4726);
#4722 = LINE('',#4723,#4724);
#4723 = CARTESIAN_POINT('',(1.570796326795,0.));
#4724 = VECTOR('',#4725,1.);
#4725 = DIRECTION('',(0.,1.));
#4726 = ( GEOMETRIC_REPRESENTATION_CONTEXT(2) 
PARAMETRIC_REPRESENTATION_CONTEXT() REPRESENTATION_CONTEXT('2D SPACE',''
  ) );
#4727 = PCURVE('',#4728,#4733);
#4728 = PLANE('',#4729);
#4729 = AXIS2_PLACEMENT_3D('',#4730,#4731,#4732);
#4730 = CARTESIAN_POINT('',(27.77,6.,5.));
#4731 = DIRECTION('',(1.445602896647E-16,1.,-0.));
#4732 = DIRECTION('',(-1.,1.445602896647E-16,0.));
#4733 = DEFINITIONAL_REPRESENTATION('',(#4734),#4738);
#4734 = LINE('',#4735,#4736);
#4735 = CARTESIAN_POINT('',(6.,0.));
#4736 = VECTOR('',#4737,1.);
#4737 = DIRECTION('',(0.,-1.));
#4738 = ( GEOMETRIC_REPRESENTATION_CONTEXT(2) 
PARAMETRIC_REPRESENTATION_CONTEXT() REPRESENTATION_CONTEXT('2D SPACE',''
  ) );
#4739 = ORIENTED_EDGE('',*,*,#4740,.F.);
#4740 = EDGE_CURVE('',#4741,#4713,#4743,.T.);
#4741 = VERTEX_POINT('',#4742);
#4742 = CARTESIAN_POINT('',(20.77,5.,-4.));
#4743 = SURFACE_CURVE('',#4744,(#4749,#4756),.PCURVE_S1.);
#4744 = CIRCLE('',#4745,1.);
#4745 = AXIS2_PLACEMENT_3D('',#4746,#4747,#4748);
#4746 = CARTESIAN_POINT('',(21.77,5.,-4.));
#4747 = DIRECTION('',(0.,0.,-1.));
#4748 = DIRECTION('',(1.,0.,0.));
#4749 = PCURVE('',#4689,#4750);
#4750 = DEFINITIONAL_REPRESENTATION('',(#4751),#4755);
#4751 = LINE('',#4752,#4753);
#4752 = CARTESIAN_POINT('',(-3.14159265359,9.));
#4753 = VECTOR('',#4754,1.);
#4754 = DIRECTION('',(1.,0.));
#4755 = ( GEOMETRIC_REPRESENTATION_CONTEXT(2) 
PARAMETRIC_REPRESENTATION_CONTEXT() REPRESENTATION_CONTEXT('2D SPACE',''
  ) );
#4756 = PCURVE('',#4757,#4762);
#4757 = TOROIDAL_SURFACE('',#4758,2.,1.);
#4758 = AXIS2_PLACEMENT_3D('',#4759,#4760,#4761);
#4759 = CARTESIAN_POINT('',(21.77,5.,-4.));
#4760 = DIRECTION('',(0.,0.,1.));
#4761 = DIRECTION('',(1.,0.,-0.));
#4762 = DEFINITIONAL_REPRESENTATION('',(#4763),#4767);
#4763 = LINE('',#4764,#4765);
#4764 = CARTESIAN_POINT('',(6.28318530718,3.14159265359));
#4765 = VECTOR('',#4766,1.);
#4766 = DIRECTION('',(-1.,0.));
#4767 = ( GEOMETRIC_REPRESENTATION_CONTEXT(2) 
PARAMETRIC_REPRESENTATION_CONTEXT() REPRESENTATION_CONTEXT('2D SPACE',''
  ) );
#4768 = ORIENTED_EDGE('',*,*,#4769,.F.);
#4769 = EDGE_CURVE('',#4770,#4741,#4772,.T.);
#4770 = VERTEX_POINT('',#4771);
#4771 = CARTESIAN_POINT('',(20.77,5.,3.));
#4772 = SURFACE_CURVE('',#4773,(#4777,#4784),.PCURVE_S1.);
#4773 = LINE('',#4774,#4775);
#4774 = CARTESIAN_POINT('',(20.77,5.,5.));
#4775 = VECTOR('',#4776,1.);
#4776 = DIRECTION('',(-0.,-0.,-1.));
#4777 = PCURVE('',#4689,#4778);
#4778 = DEFINITIONAL_REPRESENTATION('',(#4779),#4783);
#4779 = LINE('',#4780,#4781);
#4780 = CARTESIAN_POINT('',(0.,0.));
#4781 = VECTOR('',#4782,1.);
#4782 = DIRECTION('',(0.,1.));
#4783 = ( GEOMETRIC_REPRESENTATION_CONTEXT(2) 
PARAMETRIC_REPRESENTATION_CONTEXT() REPRESENTATION_CONTEXT('2D SPACE',''
  ) );
#4784 = PCURVE('',#4785,#4790);
#4785 = CYLINDRICAL_SURFACE('',#4786,1.);
#4786 = AXIS2_PLACEMENT_3D('',#4787,#4788,#4789);
#4787 = CARTESIAN_POINT('',(21.77,5.,5.));
#4788 = DIRECTION('',(-0.,-0.,-1.));
#4789 = DIRECTION('',(-1.,0.,0.));
#4790 = DEFINITIONAL_REPRESENTATION('',(#4791),#4795);
#4791 = LINE('',#4792,#4793);
#4792 = CARTESIAN_POINT('',(6.28318530718,0.));
#4793 = VECTOR('',#4794,1.);
#4794 = DIRECTION('',(0.,1.));
#4795 = ( GEOMETRIC_REPRESENTATION_CONTEXT(2) 
PARAMETRIC_REPRESENTATION_CONTEXT() REPRESENTATION_CONTEXT('2D SPACE',''
  ) );
#4796 = ORIENTED_EDGE('',*,*,#4797,.T.);
#4797 = EDGE_CURVE('',#4770,#4678,#4798,.T.);
#4798 = SURFACE_CURVE('',#4799,(#4803,#4810),.PCURVE_S1.);
#4799 = LINE('',#4800,#4801);
#4800 = CARTESIAN_POINT('',(20.77,5.,4.));
#4801 = VECTOR('',#4802,1.);
#4802 = DIRECTION('',(0.,0.,1.));
#4803 = PCURVE('',#4689,#4804);
#4804 = DEFINITIONAL_REPRESENTATION('',(#4805),#4809);
#4805 = LINE('',#4806,#4807);
#4806 = CARTESIAN_POINT('',(0.,1.));
#4807 = VECTOR('',#4808,1.);
#4808 = DIRECTION('',(0.,-1.));
#4809 = ( GEOMETRIC_REPRESENTATION_CONTEXT(2) 
PARAMETRIC_REPRESENTATION_CONTEXT() REPRESENTATION_CONTEXT('2D SPACE',''
  ) );
#4810 = PCURVE('',#4811,#4816);
#4811 = PLANE('',#4812);
#4812 = AXIS2_PLACEMENT_3D('',#4813,#4814,#4815);
#4813 = CARTESIAN_POINT('',(20.77,-1.880723109329E-15,4.));
#4814 = DIRECTION('',(1.,0.,0.));
#4815 = DIRECTION('',(0.,0.,-1.));
#4816 = DEFINITIONAL_REPRESENTATION('',(#4817),#4821);
#4817 = LINE('',#4818,#4819);
#4818 = CARTESIAN_POINT('',(0.,5.));
#4819 = VECTOR('',#4820,1.);
#4820 = DIRECTION('',(-1.,0.));
#4821 = ( GEOMETRIC_REPRESENTATION_CONTEXT(2) 
PARAMETRIC_REPRESENTATION_CONTEXT() REPRESENTATION_CONTEXT('2D SPACE',''
  ) );
#4822 = ADVANCED_FACE('',(#4823),#4838,.F.);
#4823 = FACE_BOUND('',#4824,.F.);
#4824 = EDGE_LOOP('',(#4825,#4860,#4888,#4917,#4945));
#4825 = ORIENTED_EDGE('',*,*,#4826,.T.);
#4826 = EDGE_CURVE('',#4827,#4829,#4831,.T.);
#4827 = VERTEX_POINT('',#4828);
#4828 = CARTESIAN_POINT('',(-9.23,5.,5.));
#4829 = VERTEX_POINT('',#4830);
#4830 = CARTESIAN_POINT('',(-8.23,6.,5.));
#4831 = SURFACE_CURVE('',#4832,(#4837,#4849),.PCURVE_S1.);
#4832 = CIRCLE('',#4833,1.);
#4833 = AXIS2_PLACEMENT_3D('',#4834,#4835,#4836);
#4834 = CARTESIAN_POINT('',(-8.23,5.,5.));
#4835 = DIRECTION('',(0.,0.,-1.));
#4836 = DIRECTION('',(-1.,0.,0.));
#4837 = PCURVE('',#4838,#4843);
#4838 = CYLINDRICAL_SURFACE('',#4839,1.);
#4839 = AXIS2_PLACEMENT_3D('',#4840,#4841,#4842);
#4840 = CARTESIAN_POINT('',(-8.23,5.,5.));
#4841 = DIRECTION('',(-0.,-0.,-1.));
#4842 = DIRECTION('',(-1.,0.,0.));
#4843 = DEFINITIONAL_REPRESENTATION('',(#4844),#4848);
#4844 = LINE('',#4845,#4846);
#4845 = CARTESIAN_POINT('',(0.,0.));
#4846 = VECTOR('',#4847,1.);
#4847 = DIRECTION('',(1.,0.));
#4848 = ( GEOMETRIC_REPRESENTATION_CONTEXT(2) 
PARAMETRIC_REPRESENTATION_CONTEXT() REPRESENTATION_CONTEXT('2D SPACE',''
  ) );
#4849 = PCURVE('',#2306,#4850);
#4850 = DEFINITIONAL_REPRESENTATION('',(#4851),#4859);
#4851 = ( BOUNDED_CURVE() B_SPLINE_CURVE(2,(#4852,#4853,#4854,#4855,
#4856,#4857,#4858),.UNSPECIFIED.,.T.,.F.) B_SPLINE_CURVE_WITH_KNOTS((1,2
    ,2,2,2,1),(-2.094395102393,0.,2.094395102393,4.188790204786,
6.28318530718,8.377580409573),.UNSPECIFIED.) CURVE() 
GEOMETRIC_REPRESENTATION_ITEM() RATIONAL_B_SPLINE_CURVE((1.,0.5,1.,0.5,
1.,0.5,1.)) REPRESENTATION_ITEM('') );
#4852 = CARTESIAN_POINT('',(-94.,5.));
#4853 = CARTESIAN_POINT('',(-94.,6.732050807569));
#4854 = CARTESIAN_POINT('',(-92.5,5.866025403784));
#4855 = CARTESIAN_POINT('',(-91.,5.));
#4856 = CARTESIAN_POINT('',(-92.5,4.133974596216));
#4857 = CARTESIAN_POINT('',(-94.,3.267949192431));
#4858 = CARTESIAN_POINT('',(-94.,5.));
#4859 = ( GEOMETRIC_REPRESENTATION_CONTEXT(2) 
PARAMETRIC_REPRESENTATION_CONTEXT() REPRESENTATION_CONTEXT('2D SPACE',''
  ) );
#4860 = ORIENTED_EDGE('',*,*,#4861,.T.);
#4861 = EDGE_CURVE('',#4829,#4862,#4864,.T.);
#4862 = VERTEX_POINT('',#4863);
#4863 = CARTESIAN_POINT('',(-8.23,6.,-4.));
#4864 = SURFACE_CURVE('',#4865,(#4869,#4876),.PCURVE_S1.);
#4865 = LINE('',#4866,#4867);
#4866 = CARTESIAN_POINT('',(-8.23,6.,5.));
#4867 = VECTOR('',#4868,1.);
#4868 = DIRECTION('',(-0.,-0.,-1.));
#4869 = PCURVE('',#4838,#4870);
#4870 = DEFINITIONAL_REPRESENTATION('',(#4871),#4875);
#4871 = LINE('',#4872,#4873);
#4872 = CARTESIAN_POINT('',(1.570796326795,0.));
#4873 = VECTOR('',#4874,1.);
#4874 = DIRECTION('',(0.,1.));
#4875 = ( GEOMETRIC_REPRESENTATION_CONTEXT(2) 
PARAMETRIC_REPRESENTATION_CONTEXT() REPRESENTATION_CONTEXT('2D SPACE',''
  ) );
#4876 = PCURVE('',#4877,#4882);
#4877 = PLANE('',#4878);
#4878 = AXIS2_PLACEMENT_3D('',#4879,#4880,#4881);
#4879 = CARTESIAN_POINT('',(-2.23,6.,5.));
#4880 = DIRECTION('',(1.445602896647E-16,1.,-0.));
#4881 = DIRECTION('',(-1.,1.445602896647E-16,0.));
#4882 = DEFINITIONAL_REPRESENTATION('',(#4883),#4887);
#4883 = LINE('',#4884,#4885);
#4884 = CARTESIAN_POINT('',(6.,0.));
#4885 = VECTOR('',#4886,1.);
#4886 = DIRECTION('',(0.,-1.));
#4887 = ( GEOMETRIC_REPRESENTATION_CONTEXT(2) 
PARAMETRIC_REPRESENTATION_CONTEXT() REPRESENTATION_CONTEXT('2D SPACE',''
  ) );
#4888 = ORIENTED_EDGE('',*,*,#4889,.F.);
#4889 = EDGE_CURVE('',#4890,#4862,#4892,.T.);
#4890 = VERTEX_POINT('',#4891);
#4891 = CARTESIAN_POINT('',(-9.23,5.,-4.));
#4892 = SURFACE_CURVE('',#4893,(#4898,#4905),.PCURVE_S1.);
#4893 = CIRCLE('',#4894,1.);
#4894 = AXIS2_PLACEMENT_3D('',#4895,#4896,#4897);
#4895 = CARTESIAN_POINT('',(-8.23,5.,-4.));
#4896 = DIRECTION('',(0.,0.,-1.));
#4897 = DIRECTION('',(1.,0.,0.));
#4898 = PCURVE('',#4838,#4899);
#4899 = DEFINITIONAL_REPRESENTATION('',(#4900),#4904);
#4900 = LINE('',#4901,#4902);
#4901 = CARTESIAN_POINT('',(-3.14159265359,9.));
#4902 = VECTOR('',#4903,1.);
#4903 = DIRECTION('',(1.,0.));
#4904 = ( GEOMETRIC_REPRESENTATION_CONTEXT(2) 
PARAMETRIC_REPRESENTATION_CONTEXT() REPRESENTATION_CONTEXT('2D SPACE',''
  ) );
#4905 = PCURVE('',#4906,#4911);
#4906 = TOROIDAL_SURFACE('',#4907,2.,1.);
#4907 = AXIS2_PLACEMENT_3D('',#4908,#4909,#4910);
#4908 = CARTESIAN_POINT('',(-8.23,5.,-4.));
#4909 = DIRECTION('',(0.,0.,1.));
#4910 = DIRECTION('',(1.,0.,-0.));
#4911 = DEFINITIONAL_REPRESENTATION('',(#4912),#4916);
#4912 = LINE('',#4913,#4914);
#4913 = CARTESIAN_POINT('',(6.28318530718,3.14159265359));
#4914 = VECTOR('',#4915,1.);
#4915 = DIRECTION('',(-1.,0.));
#4916 = ( GEOMETRIC_REPRESENTATION_CONTEXT(2) 
PARAMETRIC_REPRESENTATION_CONTEXT() REPRESENTATION_CONTEXT('2D SPACE',''
  ) );
#4917 = ORIENTED_EDGE('',*,*,#4918,.F.);
#4918 = EDGE_CURVE('',#4919,#4890,#4921,.T.);
#4919 = VERTEX_POINT('',#4920);
#4920 = CARTESIAN_POINT('',(-9.23,5.,3.));
#4921 = SURFACE_CURVE('',#4922,(#4926,#4933),.PCURVE_S1.);
#4922 = LINE('',#4923,#4924);
#4923 = CARTESIAN_POINT('',(-9.23,5.,5.));
#4924 = VECTOR('',#4925,1.);
#4925 = DIRECTION('',(-0.,-0.,-1.));
#4926 = PCURVE('',#4838,#4927);
#4927 = DEFINITIONAL_REPRESENTATION('',(#4928),#4932);
#4928 = LINE('',#4929,#4930);
#4929 = CARTESIAN_POINT('',(0.,0.));
#4930 = VECTOR('',#4931,1.);
#4931 = DIRECTION('',(0.,1.));
#4932 = ( GEOMETRIC_REPRESENTATION_CONTEXT(2) 
PARAMETRIC_REPRESENTATION_CONTEXT() REPRESENTATION_CONTEXT('2D SPACE',''
  ) );
#4933 = PCURVE('',#4934,#4939);
#4934 = CYLINDRICAL_SURFACE('',#4935,1.);
#4935 = AXIS2_PLACEMENT_3D('',#4936,#4937,#4938);
#4936 = CARTESIAN_POINT('',(-8.23,5.,5.));
#4937 = DIRECTION('',(-0.,-0.,-1.));
#4938 = DIRECTION('',(-1.,0.,0.));
#4939 = DEFINITIONAL_REPRESENTATION('',(#4940),#4944);
#4940 = LINE('',#4941,#4942);
#4941 = CARTESIAN_POINT('',(6.28318530718,0.));
#4942 = VECTOR('',#4943,1.);
#4943 = DIRECTION('',(0.,1.));
#4944 = ( GEOMETRIC_REPRESENTATION_CONTEXT(2) 
PARAMETRIC_REPRESENTATION_CONTEXT() REPRESENTATION_CONTEXT('2D SPACE',''
  ) );
#4945 = ORIENTED_EDGE('',*,*,#4946,.T.);
#4946 = EDGE_CURVE('',#4919,#4827,#4947,.T.);
#4947 = SURFACE_CURVE('',#4948,(#4952,#4959),.PCURVE_S1.);
#4948 = LINE('',#4949,#4950);
#4949 = CARTESIAN_POINT('',(-9.23,5.,4.));
#4950 = VECTOR('',#4951,1.);
#4951 = DIRECTION('',(0.,0.,1.));
#4952 = PCURVE('',#4838,#4953);
#4953 = DEFINITIONAL_REPRESENTATION('',(#4954),#4958);
#4954 = LINE('',#4955,#4956);
#4955 = CARTESIAN_POINT('',(0.,1.));
#4956 = VECTOR('',#4957,1.);
#4957 = DIRECTION('',(0.,-1.));
#4958 = ( GEOMETRIC_REPRESENTATION_CONTEXT(2) 
PARAMETRIC_REPRESENTATION_CONTEXT() REPRESENTATION_CONTEXT('2D SPACE',''
  ) );
#4959 = PCURVE('',#4960,#4965);
#4960 = PLANE('',#4961);
#4961 = AXIS2_PLACEMENT_3D('',#4962,#4963,#4964);
#4962 = CARTESIAN_POINT('',(-9.23,2.456085580613E-15,4.));
#4963 = DIRECTION('',(1.,0.,0.));
#4964 = DIRECTION('',(0.,0.,-1.));
#4965 = DEFINITIONAL_REPRESENTATION('',(#4966),#4970);
#4966 = LINE('',#4967,#4968);
#4967 = CARTESIAN_POINT('',(0.,5.));
#4968 = VECTOR('',#4969,1.);
#4969 = DIRECTION('',(-1.,0.));
#4970 = ( GEOMETRIC_REPRESENTATION_CONTEXT(2) 
PARAMETRIC_REPRESENTATION_CONTEXT() REPRESENTATION_CONTEXT('2D SPACE',''
  ) );
#4971 = ADVANCED_FACE('',(#4972),#4987,.F.);
#4972 = FACE_BOUND('',#4973,.F.);
#4973 = EDGE_LOOP('',(#4974,#5009,#5037,#5066,#5094));
#4974 = ORIENTED_EDGE('',*,*,#4975,.T.);
#4975 = EDGE_CURVE('',#4976,#4978,#4980,.T.);
#4976 = VERTEX_POINT('',#4977);
#4977 = CARTESIAN_POINT('',(-39.23,5.,5.));
#4978 = VERTEX_POINT('',#4979);
#4979 = CARTESIAN_POINT('',(-38.23,6.,5.));
#4980 = SURFACE_CURVE('',#4981,(#4986,#4998),.PCURVE_S1.);
#4981 = CIRCLE('',#4982,1.);
#4982 = AXIS2_PLACEMENT_3D('',#4983,#4984,#4985);
#4983 = CARTESIAN_POINT('',(-38.23,5.,5.));
#4984 = DIRECTION('',(0.,0.,-1.));
#4985 = DIRECTION('',(-1.,0.,0.));
#4986 = PCURVE('',#4987,#4992);
#4987 = CYLINDRICAL_SURFACE('',#4988,1.);
#4988 = AXIS2_PLACEMENT_3D('',#4989,#4990,#4991);
#4989 = CARTESIAN_POINT('',(-38.23,5.,5.));
#4990 = DIRECTION('',(-0.,-0.,-1.));
#4991 = DIRECTION('',(-1.,0.,0.));
#4992 = DEFINITIONAL_REPRESENTATION('',(#4993),#4997);
#4993 = LINE('',#4994,#4995);
#4994 = CARTESIAN_POINT('',(0.,0.));
#4995 = VECTOR('',#4996,1.);
#4996 = DIRECTION('',(1.,0.));
#4997 = ( GEOMETRIC_REPRESENTATION_CONTEXT(2) 
PARAMETRIC_REPRESENTATION_CONTEXT() REPRESENTATION_CONTEXT('2D SPACE',''
  ) );
#4998 = PCURVE('',#2306,#4999);
#4999 = DEFINITIONAL_REPRESENTATION('',(#5000),#5008);
#5000 = ( BOUNDED_CURVE() B_SPLINE_CURVE(2,(#5001,#5002,#5003,#5004,
#5005,#5006,#5007),.UNSPECIFIED.,.T.,.F.) B_SPLINE_CURVE_WITH_KNOTS((1,2
    ,2,2,2,1),(-2.094395102393,0.,2.094395102393,4.188790204786,
6.28318530718,8.377580409573),.UNSPECIFIED.) CURVE() 
GEOMETRIC_REPRESENTATION_ITEM() RATIONAL_B_SPLINE_CURVE((1.,0.5,1.,0.5,
1.,0.5,1.)) REPRESENTATION_ITEM('') );
#5001 = CARTESIAN_POINT('',(-124.,5.));
#5002 = CARTESIAN_POINT('',(-124.,6.732050807569));
#5003 = CARTESIAN_POINT('',(-122.5,5.866025403784));
#5004 = CARTESIAN_POINT('',(-121.,5.));
#5005 = CARTESIAN_POINT('',(-122.5,4.133974596216));
#5006 = CARTESIAN_POINT('',(-124.,3.267949192431));
#5007 = CARTESIAN_POINT('',(-124.,5.));
#5008 = ( GEOMETRIC_REPRESENTATION_CONTEXT(2) 
PARAMETRIC_REPRESENTATION_CONTEXT() REPRESENTATION_CONTEXT('2D SPACE',''
  ) );
#5009 = ORIENTED_EDGE('',*,*,#5010,.T.);
#5010 = EDGE_CURVE('',#4978,#5011,#5013,.T.);
#5011 = VERTEX_POINT('',#5012);
#5012 = CARTESIAN_POINT('',(-38.23,6.,-4.));
#5013 = SURFACE_CURVE('',#5014,(#5018,#5025),.PCURVE_S1.);
#5014 = LINE('',#5015,#5016);
#5015 = CARTESIAN_POINT('',(-38.23,6.,5.));
#5016 = VECTOR('',#5017,1.);
#5017 = DIRECTION('',(-0.,-0.,-1.));
#5018 = PCURVE('',#4987,#5019);
#5019 = DEFINITIONAL_REPRESENTATION('',(#5020),#5024);
#5020 = LINE('',#5021,#5022);
#5021 = CARTESIAN_POINT('',(1.570796326795,0.));
#5022 = VECTOR('',#5023,1.);
#5023 = DIRECTION('',(0.,1.));
#5024 = ( GEOMETRIC_REPRESENTATION_CONTEXT(2) 
PARAMETRIC_REPRESENTATION_CONTEXT() REPRESENTATION_CONTEXT('2D SPACE',''
  ) );
#5025 = PCURVE('',#5026,#5031);
#5026 = PLANE('',#5027);
#5027 = AXIS2_PLACEMENT_3D('',#5028,#5029,#5030);
#5028 = CARTESIAN_POINT('',(-32.23,6.,5.));
#5029 = DIRECTION('',(1.445602896647E-16,1.,-0.));
#5030 = DIRECTION('',(-1.,1.445602896647E-16,0.));
#5031 = DEFINITIONAL_REPRESENTATION('',(#5032),#5036);
#5032 = LINE('',#5033,#5034);
#5033 = CARTESIAN_POINT('',(6.,0.));
#5034 = VECTOR('',#5035,1.);
#5035 = DIRECTION('',(0.,-1.));
#5036 = ( GEOMETRIC_REPRESENTATION_CONTEXT(2) 
PARAMETRIC_REPRESENTATION_CONTEXT() REPRESENTATION_CONTEXT('2D SPACE',''
  ) );
#5037 = ORIENTED_EDGE('',*,*,#5038,.F.);
#5038 = EDGE_CURVE('',#5039,#5011,#5041,.T.);
#5039 = VERTEX_POINT('',#5040);
#5040 = CARTESIAN_POINT('',(-39.23,5.,-4.));
#5041 = SURFACE_CURVE('',#5042,(#5047,#5054),.PCURVE_S1.);
#5042 = CIRCLE('',#5043,1.);
#5043 = AXIS2_PLACEMENT_3D('',#5044,#5045,#5046);
#5044 = CARTESIAN_POINT('',(-38.23,5.,-4.));
#5045 = DIRECTION('',(0.,0.,-1.));
#5046 = DIRECTION('',(1.,0.,0.));
#5047 = PCURVE('',#4987,#5048);
#5048 = DEFINITIONAL_REPRESENTATION('',(#5049),#5053);
#5049 = LINE('',#5050,#5051);
#5050 = CARTESIAN_POINT('',(-3.14159265359,9.));
#5051 = VECTOR('',#5052,1.);
#5052 = DIRECTION('',(1.,0.));
#5053 = ( GEOMETRIC_REPRESENTATION_CONTEXT(2) 
PARAMETRIC_REPRESENTATION_CONTEXT() REPRESENTATION_CONTEXT('2D SPACE',''
  ) );
#5054 = PCURVE('',#5055,#5060);
#5055 = TOROIDAL_SURFACE('',#5056,2.,1.);
#5056 = AXIS2_PLACEMENT_3D('',#5057,#5058,#5059);
#5057 = CARTESIAN_POINT('',(-38.23,5.,-4.));
#5058 = DIRECTION('',(0.,0.,1.));
#5059 = DIRECTION('',(1.,0.,-0.));
#5060 = DEFINITIONAL_REPRESENTATION('',(#5061),#5065);
#5061 = LINE('',#5062,#5063);
#5062 = CARTESIAN_POINT('',(6.28318530718,3.14159265359));
#5063 = VECTOR('',#5064,1.);
#5064 = DIRECTION('',(-1.,0.));
#5065 = ( GEOMETRIC_REPRESENTATION_CONTEXT(2) 
PARAMETRIC_REPRESENTATION_CONTEXT() REPRESENTATION_CONTEXT('2D SPACE',''
  ) );
#5066 = ORIENTED_EDGE('',*,*,#5067,.F.);
#5067 = EDGE_CURVE('',#5068,#5039,#5070,.T.);
#5068 = VERTEX_POINT('',#5069);
#5069 = CARTESIAN_POINT('',(-39.23,5.,3.));
#5070 = SURFACE_CURVE('',#5071,(#5075,#5082),.PCURVE_S1.);
#5071 = LINE('',#5072,#5073);
#5072 = CARTESIAN_POINT('',(-39.23,5.,5.));
#5073 = VECTOR('',#5074,1.);
#5074 = DIRECTION('',(-0.,-0.,-1.));
#5075 = PCURVE('',#4987,#5076);
#5076 = DEFINITIONAL_REPRESENTATION('',(#5077),#5081);
#5077 = LINE('',#5078,#5079);
#5078 = CARTESIAN_POINT('',(0.,0.));
#5079 = VECTOR('',#5080,1.);
#5080 = DIRECTION('',(0.,1.));
#5081 = ( GEOMETRIC_REPRESENTATION_CONTEXT(2) 
PARAMETRIC_REPRESENTATION_CONTEXT() REPRESENTATION_CONTEXT('2D SPACE',''
  ) );
#5082 = PCURVE('',#5083,#5088);
#5083 = CYLINDRICAL_SURFACE('',#5084,1.);
#5084 = AXIS2_PLACEMENT_3D('',#5085,#5086,#5087);
#5085 = CARTESIAN_POINT('',(-38.23,5.,5.));
#5086 = DIRECTION('',(-0.,-0.,-1.));
#5087 = DIRECTION('',(-1.,0.,0.));
#5088 = DEFINITIONAL_REPRESENTATION('',(#5089),#5093);
#5089 = LINE('',#5090,#5091);
#5090 = CARTESIAN_POINT('',(6.28318530718,0.));
#5091 = VECTOR('',#5092,1.);
#5092 = DIRECTION('',(0.,1.));
#5093 = ( GEOMETRIC_REPRESENTATION_CONTEXT(2) 
PARAMETRIC_REPRESENTATION_CONTEXT() REPRESENTATION_CONTEXT('2D SPACE',''
  ) );
#5094 = ORIENTED_EDGE('',*,*,#5095,.T.);
#5095 = EDGE_CURVE('',#5068,#4976,#5096,.T.);
#5096 = SURFACE_CURVE('',#5097,(#5101,#5108),.PCURVE_S1.);
#5097 = LINE('',#5098,#5099);
#5098 = CARTESIAN_POINT('',(-39.23,5.,4.));
#5099 = VECTOR('',#5100,1.);
#5100 = DIRECTION('',(0.,0.,1.));
#5101 = PCURVE('',#4987,#5102);
#5102 = DEFINITIONAL_REPRESENTATION('',(#5103),#5107);
#5103 = LINE('',#5104,#5105);
#5104 = CARTESIAN_POINT('',(0.,1.));
#5105 = VECTOR('',#5106,1.);
#5106 = DIRECTION('',(0.,-1.));
#5107 = ( GEOMETRIC_REPRESENTATION_CONTEXT(2) 
PARAMETRIC_REPRESENTATION_CONTEXT() REPRESENTATION_CONTEXT('2D SPACE',''
  ) );
#5108 = PCURVE('',#5109,#5114);
#5109 = PLANE('',#5110);
#5110 = AXIS2_PLACEMENT_3D('',#5111,#5112,#5113);
#5111 = CARTESIAN_POINT('',(-39.23,6.792894270555E-15,4.));
#5112 = DIRECTION('',(1.,0.,0.));
#5113 = DIRECTION('',(0.,0.,-1.));
#5114 = DEFINITIONAL_REPRESENTATION('',(#5115),#5119);
#5115 = LINE('',#5116,#5117);
#5116 = CARTESIAN_POINT('',(0.,5.));
#5117 = VECTOR('',#5118,1.);
#5118 = DIRECTION('',(-1.,0.));
#5119 = ( GEOMETRIC_REPRESENTATION_CONTEXT(2) 
PARAMETRIC_REPRESENTATION_CONTEXT() REPRESENTATION_CONTEXT('2D SPACE',''
  ) );
#5120 = ADVANCED_FACE('',(#5121),#5136,.F.);
#5121 = FACE_BOUND('',#5122,.F.);
#5122 = EDGE_LOOP('',(#5123,#5158,#5186,#5215,#5243));
#5123 = ORIENTED_EDGE('',*,*,#5124,.T.);
#5124 = EDGE_CURVE('',#5125,#5127,#5129,.T.);
#5125 = VERTEX_POINT('',#5126);
#5126 = CARTESIAN_POINT('',(-69.23,5.,5.));
#5127 = VERTEX_POINT('',#5128);
#5128 = CARTESIAN_POINT('',(-68.23,6.,5.));
#5129 = SURFACE_CURVE('',#5130,(#5135,#5147),.PCURVE_S1.);
#5130 = CIRCLE('',#5131,1.);
#5131 = AXIS2_PLACEMENT_3D('',#5132,#5133,#5134);
#5132 = CARTESIAN_POINT('',(-68.23,5.,5.));
#5133 = DIRECTION('',(0.,0.,-1.));
#5134 = DIRECTION('',(-1.,0.,0.));
#5135 = PCURVE('',#5136,#5141);
#5136 = CYLINDRICAL_SURFACE('',#5137,1.);
#5137 = AXIS2_PLACEMENT_3D('',#5138,#5139,#5140);
#5138 = CARTESIAN_POINT('',(-68.23,5.,5.));
#5139 = DIRECTION('',(-0.,-0.,-1.));
#5140 = DIRECTION('',(-1.,0.,0.));
#5141 = DEFINITIONAL_REPRESENTATION('',(#5142),#5146);
#5142 = LINE('',#5143,#5144);
#5143 = CARTESIAN_POINT('',(0.,0.));
#5144 = VECTOR('',#5145,1.);
#5145 = DIRECTION('',(1.,0.));
#5146 = ( GEOMETRIC_REPRESENTATION_CONTEXT(2) 
PARAMETRIC_REPRESENTATION_CONTEXT() REPRESENTATION_CONTEXT('2D SPACE',''
  ) );
#5147 = PCURVE('',#2306,#5148);
#5148 = DEFINITIONAL_REPRESENTATION('',(#5149),#5157);
#5149 = ( BOUNDED_CURVE() B_SPLINE_CURVE(2,(#5150,#5151,#5152,#5153,
#5154,#5155,#5156),.UNSPECIFIED.,.T.,.F.) B_SPLINE_CURVE_WITH_KNOTS((1,2
    ,2,2,2,1),(-2.094395102393,0.,2.094395102393,4.188790204786,
6.28318530718,8.377580409573),.UNSPECIFIED.) CURVE() 
GEOMETRIC_REPRESENTATION_ITEM() RATIONAL_B_SPLINE_CURVE((1.,0.5,1.,0.5,
1.,0.5,1.)) REPRESENTATION_ITEM('') );
#5150 = CARTESIAN_POINT('',(-154.,5.));
#5151 = CARTESIAN_POINT('',(-154.,6.732050807569));
#5152 = CARTESIAN_POINT('',(-152.5,5.866025403784));
#5153 = CARTESIAN_POINT('',(-151.,5.));
#5154 = CARTESIAN_POINT('',(-152.5,4.133974596216));
#5155 = CARTESIAN_POINT('',(-154.,3.267949192431));
#5156 = CARTESIAN_POINT('',(-154.,5.));
#5157 = ( GEOMETRIC_REPRESENTATION_CONTEXT(2) 
PARAMETRIC_REPRESENTATION_CONTEXT() REPRESENTATION_CONTEXT('2D SPACE',''
  ) );
#5158 = ORIENTED_EDGE('',*,*,#5159,.T.);
#5159 = EDGE_CURVE('',#5127,#5160,#5162,.T.);
#5160 = VERTEX_POINT('',#5161);
#5161 = CARTESIAN_POINT('',(-68.23,6.,-4.));
#5162 = SURFACE_CURVE('',#5163,(#5167,#5174),.PCURVE_S1.);
#5163 = LINE('',#5164,#5165);
#5164 = CARTESIAN_POINT('',(-68.23,6.,5.));
#5165 = VECTOR('',#5166,1.);
#5166 = DIRECTION('',(-0.,-0.,-1.));
#5167 = PCURVE('',#5136,#5168);
#5168 = DEFINITIONAL_REPRESENTATION('',(#5169),#5173);
#5169 = LINE('',#5170,#5171);
#5170 = CARTESIAN_POINT('',(1.570796326795,0.));
#5171 = VECTOR('',#5172,1.);
#5172 = DIRECTION('',(0.,1.));
#5173 = ( GEOMETRIC_REPRESENTATION_CONTEXT(2) 
PARAMETRIC_REPRESENTATION_CONTEXT() REPRESENTATION_CONTEXT('2D SPACE',''
  ) );
#5174 = PCURVE('',#5175,#5180);
#5175 = PLANE('',#5176);
#5176 = AXIS2_PLACEMENT_3D('',#5177,#5178,#5179);
#5177 = CARTESIAN_POINT('',(-62.23,6.,5.));
#5178 = DIRECTION('',(1.445602896647E-16,1.,-0.));
#5179 = DIRECTION('',(-1.,1.445602896647E-16,0.));
#5180 = DEFINITIONAL_REPRESENTATION('',(#5181),#5185);
#5181 = LINE('',#5182,#5183);
#5182 = CARTESIAN_POINT('',(6.,0.));
#5183 = VECTOR('',#5184,1.);
#5184 = DIRECTION('',(0.,-1.));
#5185 = ( GEOMETRIC_REPRESENTATION_CONTEXT(2) 
PARAMETRIC_REPRESENTATION_CONTEXT() REPRESENTATION_CONTEXT('2D SPACE',''
  ) );
#5186 = ORIENTED_EDGE('',*,*,#5187,.F.);
#5187 = EDGE_CURVE('',#5188,#5160,#5190,.T.);
#5188 = VERTEX_POINT('',#5189);
#5189 = CARTESIAN_POINT('',(-69.23,5.,-4.));
#5190 = SURFACE_CURVE('',#5191,(#5196,#5203),.PCURVE_S1.);
#5191 = CIRCLE('',#5192,1.);
#5192 = AXIS2_PLACEMENT_3D('',#5193,#5194,#5195);
#5193 = CARTESIAN_POINT('',(-68.23,5.,-4.));
#5194 = DIRECTION('',(0.,0.,-1.));
#5195 = DIRECTION('',(1.,0.,0.));
#5196 = PCURVE('',#5136,#5197);
#5197 = DEFINITIONAL_REPRESENTATION('',(#5198),#5202);
#5198 = LINE('',#5199,#5200);
#5199 = CARTESIAN_POINT('',(-3.14159265359,9.));
#5200 = VECTOR('',#5201,1.);
#5201 = DIRECTION('',(1.,0.));
#5202 = ( GEOMETRIC_REPRESENTATION_CONTEXT(2) 
PARAMETRIC_REPRESENTATION_CONTEXT() REPRESENTATION_CONTEXT('2D SPACE',''
  ) );
#5203 = PCURVE('',#5204,#5209);
#5204 = TOROIDAL_SURFACE('',#5205,2.,1.);
#5205 = AXIS2_PLACEMENT_3D('',#5206,#5207,#5208);
#5206 = CARTESIAN_POINT('',(-68.23,5.,-4.));
#5207 = DIRECTION('',(0.,0.,1.));
#5208 = DIRECTION('',(1.,0.,-0.));
#5209 = DEFINITIONAL_REPRESENTATION('',(#5210),#5214);
#5210 = LINE('',#5211,#5212);
#5211 = CARTESIAN_POINT('',(6.28318530718,3.14159265359));
#5212 = VECTOR('',#5213,1.);
#5213 = DIRECTION('',(-1.,0.));
#5214 = ( GEOMETRIC_REPRESENTATION_CONTEXT(2) 
PARAMETRIC_REPRESENTATION_CONTEXT() REPRESENTATION_CONTEXT('2D SPACE',''
  ) );
#5215 = ORIENTED_EDGE('',*,*,#5216,.F.);
#5216 = EDGE_CURVE('',#5217,#5188,#5219,.T.);
#5217 = VERTEX_POINT('',#5218);
#5218 = CARTESIAN_POINT('',(-69.23,5.,3.));
#5219 = SURFACE_CURVE('',#5220,(#5224,#5231),.PCURVE_S1.);
#5220 = LINE('',#5221,#5222);
#5221 = CARTESIAN_POINT('',(-69.23,5.,5.));
#5222 = VECTOR('',#5223,1.);
#5223 = DIRECTION('',(-0.,-0.,-1.));
#5224 = PCURVE('',#5136,#5225);
#5225 = DEFINITIONAL_REPRESENTATION('',(#5226),#5230);
#5226 = LINE('',#5227,#5228);
#5227 = CARTESIAN_POINT('',(0.,0.));
#5228 = VECTOR('',#5229,1.);
#5229 = DIRECTION('',(0.,1.));
#5230 = ( GEOMETRIC_REPRESENTATION_CONTEXT(2) 
PARAMETRIC_REPRESENTATION_CONTEXT() REPRESENTATION_CONTEXT('2D SPACE',''
  ) );
#5231 = PCURVE('',#5232,#5237);
#5232 = CYLINDRICAL_SURFACE('',#5233,1.);
#5233 = AXIS2_PLACEMENT_3D('',#5234,#5235,#5236);
#5234 = CARTESIAN_POINT('',(-68.23,5.,5.));
#5235 = DIRECTION('',(-0.,-0.,-1.));
#5236 = DIRECTION('',(-1.,0.,0.));
#5237 = DEFINITIONAL_REPRESENTATION('',(#5238),#5242);
#5238 = LINE('',#5239,#5240);
#5239 = CARTESIAN_POINT('',(6.28318530718,0.));
#5240 = VECTOR('',#5241,1.);
#5241 = DIRECTION('',(0.,1.));
#5242 = ( GEOMETRIC_REPRESENTATION_CONTEXT(2) 
PARAMETRIC_REPRESENTATION_CONTEXT() REPRESENTATION_CONTEXT('2D SPACE',''
  ) );
#5243 = ORIENTED_EDGE('',*,*,#5244,.T.);
#5244 = EDGE_CURVE('',#5217,#5125,#5245,.T.);
#5245 = SURFACE_CURVE('',#5246,(#5250,#5257),.PCURVE_S1.);
#5246 = LINE('',#5247,#5248);
#5247 = CARTESIAN_POINT('',(-69.23,5.,4.));
#5248 = VECTOR('',#5249,1.);
#5249 = DIRECTION('',(0.,0.,1.));
#5250 = PCURVE('',#5136,#5251);
#5251 = DEFINITIONAL_REPRESENTATION('',(#5252),#5256);
#5252 = LINE('',#5253,#5254);
#5253 = CARTESIAN_POINT('',(0.,1.));
#5254 = VECTOR('',#5255,1.);
#5255 = DIRECTION('',(0.,-1.));
#5256 = ( GEOMETRIC_REPRESENTATION_CONTEXT(2) 
PARAMETRIC_REPRESENTATION_CONTEXT() REPRESENTATION_CONTEXT('2D SPACE',''
  ) );
#5257 = PCURVE('',#5258,#5263);
#5258 = PLANE('',#5259);
#5259 = AXIS2_PLACEMENT_3D('',#5260,#5261,#5262);
#5260 = CARTESIAN_POINT('',(-69.23,1.11297029605E-14,4.));
#5261 = DIRECTION('',(1.,0.,0.));
#5262 = DIRECTION('',(0.,0.,-1.));
#5263 = DEFINITIONAL_REPRESENTATION('',(#5264),#5268);
#5264 = LINE('',#5265,#5266);
#5265 = CARTESIAN_POINT('',(0.,5.));
#5266 = VECTOR('',#5267,1.);
#5267 = DIRECTION('',(-1.,0.));
#5268 = ( GEOMETRIC_REPRESENTATION_CONTEXT(2) 
PARAMETRIC_REPRESENTATION_CONTEXT() REPRESENTATION_CONTEXT('2D SPACE',''
  ) );
#5269 = ADVANCED_FACE('',(#5270),#625,.F.);
#5270 = FACE_BOUND('',#5271,.F.);
#5271 = EDGE_LOOP('',(#5272,#5303,#5331,#5355,#5381,#5382,#5406));
#5272 = ORIENTED_EDGE('',*,*,#5273,.F.);
#5273 = EDGE_CURVE('',#5274,#5276,#5278,.T.);
#5274 = VERTEX_POINT('',#5275);
#5275 = CARTESIAN_POINT('',(-61.23,-5.,3.));
#5276 = VERTEX_POINT('',#5277);
#5277 = CARTESIAN_POINT('',(-62.23,-4.,3.));
#5278 = SURFACE_CURVE('',#5279,(#5284,#5291),.PCURVE_S1.);
#5279 = CIRCLE('',#5280,1.);
#5280 = AXIS2_PLACEMENT_3D('',#5281,#5282,#5283);
#5281 = CARTESIAN_POINT('',(-62.23,-5.,3.));
#5282 = DIRECTION('',(0.,-0.,1.));
#5283 = DIRECTION('',(-1.,0.,0.));
#5284 = PCURVE('',#625,#5285);
#5285 = DEFINITIONAL_REPRESENTATION('',(#5286),#5290);
#5286 = LINE('',#5287,#5288);
#5287 = CARTESIAN_POINT('',(6.28318530718,2.));
#5288 = VECTOR('',#5289,1.);
#5289 = DIRECTION('',(-1.,0.));
#5290 = ( GEOMETRIC_REPRESENTATION_CONTEXT(2) 
PARAMETRIC_REPRESENTATION_CONTEXT() REPRESENTATION_CONTEXT('2D SPACE',''
  ) );
#5291 = PCURVE('',#5292,#5297);
#5292 = TOROIDAL_SURFACE('',#5293,2.,1.);
#5293 = AXIS2_PLACEMENT_3D('',#5294,#5295,#5296);
#5294 = CARTESIAN_POINT('',(-62.23,-5.,3.));
#5295 = DIRECTION('',(0.,0.,-1.));
#5296 = DIRECTION('',(-1.,0.,0.));
#5297 = DEFINITIONAL_REPRESENTATION('',(#5298),#5302);
#5298 = LINE('',#5299,#5300);
#5299 = CARTESIAN_POINT('',(6.28318530718,3.14159265359));
#5300 = VECTOR('',#5301,1.);
#5301 = DIRECTION('',(-1.,0.));
#5302 = ( GEOMETRIC_REPRESENTATION_CONTEXT(2) 
PARAMETRIC_REPRESENTATION_CONTEXT() REPRESENTATION_CONTEXT('2D SPACE',''
  ) );
#5303 = ORIENTED_EDGE('',*,*,#5304,.T.);
#5304 = EDGE_CURVE('',#5274,#5305,#5307,.T.);
#5305 = VERTEX_POINT('',#5306);
#5306 = CARTESIAN_POINT('',(-61.23,-5.,5.));
#5307 = SURFACE_CURVE('',#5308,(#5312,#5319),.PCURVE_S1.);
#5308 = LINE('',#5309,#5310);
#5309 = CARTESIAN_POINT('',(-61.23,-5.,4.));
#5310 = VECTOR('',#5311,1.);
#5311 = DIRECTION('',(0.,0.,1.));
#5312 = PCURVE('',#625,#5313);
#5313 = DEFINITIONAL_REPRESENTATION('',(#5314),#5318);
#5314 = LINE('',#5315,#5316);
#5315 = CARTESIAN_POINT('',(3.14159265359,1.));
#5316 = VECTOR('',#5317,1.);
#5317 = DIRECTION('',(0.,-1.));
#5318 = ( GEOMETRIC_REPRESENTATION_CONTEXT(2) 
PARAMETRIC_REPRESENTATION_CONTEXT() REPRESENTATION_CONTEXT('2D SPACE',''
  ) );
#5319 = PCURVE('',#5320,#5325);
#5320 = PLANE('',#5321);
#5321 = AXIS2_PLACEMENT_3D('',#5322,#5323,#5324);
#5322 = CARTESIAN_POINT('',(-61.23,5.,4.));
#5323 = DIRECTION('',(-1.,0.,0.));
#5324 = DIRECTION('',(0.,0.,1.));
#5325 = DEFINITIONAL_REPRESENTATION('',(#5326),#5330);
#5326 = LINE('',#5327,#5328);
#5327 = CARTESIAN_POINT('',(0.,-10.));
#5328 = VECTOR('',#5329,1.);
#5329 = DIRECTION('',(1.,0.));
#5330 = ( GEOMETRIC_REPRESENTATION_CONTEXT(2) 
PARAMETRIC_REPRESENTATION_CONTEXT() REPRESENTATION_CONTEXT('2D SPACE',''
  ) );
#5331 = ORIENTED_EDGE('',*,*,#5332,.F.);
#5332 = EDGE_CURVE('',#5333,#5305,#5335,.T.);
#5333 = VERTEX_POINT('',#5334);
#5334 = CARTESIAN_POINT('',(-62.23,-6.,5.));
#5335 = SURFACE_CURVE('',#5336,(#5341,#5348),.PCURVE_S1.);
#5336 = CIRCLE('',#5337,1.);
#5337 = AXIS2_PLACEMENT_3D('',#5338,#5339,#5340);
#5338 = CARTESIAN_POINT('',(-62.23,-5.,5.));
#5339 = DIRECTION('',(0.,-0.,1.));
#5340 = DIRECTION('',(-1.,0.,0.));
#5341 = PCURVE('',#625,#5342);
#5342 = DEFINITIONAL_REPRESENTATION('',(#5343),#5347);
#5343 = LINE('',#5344,#5345);
#5344 = CARTESIAN_POINT('',(6.28318530718,0.));
#5345 = VECTOR('',#5346,1.);
#5346 = DIRECTION('',(-1.,0.));
#5347 = ( GEOMETRIC_REPRESENTATION_CONTEXT(2) 
PARAMETRIC_REPRESENTATION_CONTEXT() REPRESENTATION_CONTEXT('2D SPACE',''
  ) );
#5348 = PCURVE('',#2306,#5349);
#5349 = DEFINITIONAL_REPRESENTATION('',(#5350),#5354);
#5350 = CIRCLE('',#5351,1.);
#5351 = AXIS2_PLACEMENT_2D('',#5352,#5353);
#5352 = CARTESIAN_POINT('',(-147.,-5.));
#5353 = DIRECTION('',(-1.,0.));
#5354 = ( GEOMETRIC_REPRESENTATION_CONTEXT(2) 
PARAMETRIC_REPRESENTATION_CONTEXT() REPRESENTATION_CONTEXT('2D SPACE',''
  ) );
#5355 = ORIENTED_EDGE('',*,*,#5356,.T.);
#5356 = EDGE_CURVE('',#5333,#604,#5357,.T.);
#5357 = SURFACE_CURVE('',#5358,(#5362,#5369),.PCURVE_S1.);
#5358 = LINE('',#5359,#5360);
#5359 = CARTESIAN_POINT('',(-62.23,-6.,5.));
#5360 = VECTOR('',#5361,1.);
#5361 = DIRECTION('',(-0.,-0.,-1.));
#5362 = PCURVE('',#625,#5363);
#5363 = DEFINITIONAL_REPRESENTATION('',(#5364),#5368);
#5364 = LINE('',#5365,#5366);
#5365 = CARTESIAN_POINT('',(4.712388980385,0.));
#5366 = VECTOR('',#5367,1.);
#5367 = DIRECTION('',(0.,1.));
#5368 = ( GEOMETRIC_REPRESENTATION_CONTEXT(2) 
PARAMETRIC_REPRESENTATION_CONTEXT() REPRESENTATION_CONTEXT('2D SPACE',''
  ) );
#5369 = PCURVE('',#5370,#5375);
#5370 = PLANE('',#5371);
#5371 = AXIS2_PLACEMENT_3D('',#5372,#5373,#5374);
#5372 = CARTESIAN_POINT('',(-62.23,-6.,5.));
#5373 = DIRECTION('',(-1.445602896647E-16,1.,0.));
#5374 = DIRECTION('',(-1.,-1.445602896647E-16,0.));
#5375 = DEFINITIONAL_REPRESENTATION('',(#5376),#5380);
#5376 = LINE('',#5377,#5378);
#5377 = CARTESIAN_POINT('',(0.,0.));
#5378 = VECTOR('',#5379,1.);
#5379 = DIRECTION('',(0.,-1.));
#5380 = ( GEOMETRIC_REPRESENTATION_CONTEXT(2) 
PARAMETRIC_REPRESENTATION_CONTEXT() REPRESENTATION_CONTEXT('2D SPACE',''
  ) );
#5381 = ORIENTED_EDGE('',*,*,#601,.F.);
#5382 = ORIENTED_EDGE('',*,*,#5383,.F.);
#5383 = EDGE_CURVE('',#5384,#602,#5386,.T.);
#5384 = VERTEX_POINT('',#5385);
#5385 = CARTESIAN_POINT('',(-62.23,-4.,-4.));
#5386 = SURFACE_CURVE('',#5387,(#5392,#5399),.PCURVE_S1.);
#5387 = CIRCLE('',#5388,1.);
#5388 = AXIS2_PLACEMENT_3D('',#5389,#5390,#5391);
#5389 = CARTESIAN_POINT('',(-62.23,-5.,-4.));
#5390 = DIRECTION('',(0.,0.,-1.));
#5391 = DIRECTION('',(1.,0.,0.));
#5392 = PCURVE('',#625,#5393);
#5393 = DEFINITIONAL_REPRESENTATION('',(#5394),#5398);
#5394 = LINE('',#5395,#5396);
#5395 = CARTESIAN_POINT('',(-3.14159265359,9.));
#5396 = VECTOR('',#5397,1.);
#5397 = DIRECTION('',(1.,0.));
#5398 = ( GEOMETRIC_REPRESENTATION_CONTEXT(2) 
PARAMETRIC_REPRESENTATION_CONTEXT() REPRESENTATION_CONTEXT('2D SPACE',''
  ) );
#5399 = PCURVE('',#654,#5400);
#5400 = DEFINITIONAL_REPRESENTATION('',(#5401),#5405);
#5401 = LINE('',#5402,#5403);
#5402 = CARTESIAN_POINT('',(6.28318530718,3.14159265359));
#5403 = VECTOR('',#5404,1.);
#5404 = DIRECTION('',(-1.,0.));
#5405 = ( GEOMETRIC_REPRESENTATION_CONTEXT(2) 
PARAMETRIC_REPRESENTATION_CONTEXT() REPRESENTATION_CONTEXT('2D SPACE',''
  ) );
#5406 = ORIENTED_EDGE('',*,*,#5407,.F.);
#5407 = EDGE_CURVE('',#5276,#5384,#5408,.T.);
#5408 = SURFACE_CURVE('',#5409,(#5413,#5420),.PCURVE_S1.);
#5409 = LINE('',#5410,#5411);
#5410 = CARTESIAN_POINT('',(-62.23,-4.,5.));
#5411 = VECTOR('',#5412,1.);
#5412 = DIRECTION('',(-0.,-0.,-1.));
#5413 = PCURVE('',#625,#5414);
#5414 = DEFINITIONAL_REPRESENTATION('',(#5415),#5419);
#5415 = LINE('',#5416,#5417);
#5416 = CARTESIAN_POINT('',(1.570796326795,0.));
#5417 = VECTOR('',#5418,1.);
#5418 = DIRECTION('',(0.,1.));
#5419 = ( GEOMETRIC_REPRESENTATION_CONTEXT(2) 
PARAMETRIC_REPRESENTATION_CONTEXT() REPRESENTATION_CONTEXT('2D SPACE',''
  ) );
#5420 = PCURVE('',#1457,#5421);
#5421 = DEFINITIONAL_REPRESENTATION('',(#5422),#5426);
#5422 = LINE('',#5423,#5424);
#5423 = CARTESIAN_POINT('',(0.,0.));
#5424 = VECTOR('',#5425,1.);
#5425 = DIRECTION('',(0.,-1.));
#5426 = ( GEOMETRIC_REPRESENTATION_CONTEXT(2) 
PARAMETRIC_REPRESENTATION_CONTEXT() REPRESENTATION_CONTEXT('2D SPACE',''
  ) );
#5427 = ADVANCED_FACE('',(#5428,#5572,#5751,#5930,#6109,#6288,#6317,
    #6541,#6570,#6599,#6628,#6657,#6686,#6715,#6744,#6773,#6802,#6831),
  #2306,.T.);
#5428 = FACE_BOUND('',#5429,.T.);
#5429 = EDGE_LOOP('',(#5430,#5456,#5477,#5478,#5501,#5529,#5550,#5551));
#5430 = ORIENTED_EDGE('',*,*,#5431,.F.);
#5431 = EDGE_CURVE('',#5432,#5434,#5436,.T.);
#5432 = VERTEX_POINT('',#5433);
#5433 = CARTESIAN_POINT('',(-69.23,-5.,5.));
#5434 = VERTEX_POINT('',#5435);
#5435 = CARTESIAN_POINT('',(-68.23,-6.,5.));
#5436 = SURFACE_CURVE('',#5437,(#5442,#5449),.PCURVE_S1.);
#5437 = CIRCLE('',#5438,1.);
#5438 = AXIS2_PLACEMENT_3D('',#5439,#5440,#5441);
#5439 = CARTESIAN_POINT('',(-68.23,-5.,5.));
#5440 = DIRECTION('',(0.,-0.,1.));
#5441 = DIRECTION('',(-1.,0.,0.));
#5442 = PCURVE('',#2306,#5443);
#5443 = DEFINITIONAL_REPRESENTATION('',(#5444),#5448);
#5444 = CIRCLE('',#5445,1.);
#5445 = AXIS2_PLACEMENT_2D('',#5446,#5447);
#5446 = CARTESIAN_POINT('',(-153.,-5.));
#5447 = DIRECTION('',(-1.,0.));
#5448 = ( GEOMETRIC_REPRESENTATION_CONTEXT(2) 
PARAMETRIC_REPRESENTATION_CONTEXT() REPRESENTATION_CONTEXT('2D SPACE',''
  ) );
#5449 = PCURVE('',#1514,#5450);
#5450 = DEFINITIONAL_REPRESENTATION('',(#5451),#5455);
#5451 = LINE('',#5452,#5453);
#5452 = CARTESIAN_POINT('',(6.28318530718,0.));
#5453 = VECTOR('',#5454,1.);
#5454 = DIRECTION('',(-1.,0.));
#5455 = ( GEOMETRIC_REPRESENTATION_CONTEXT(2) 
PARAMETRIC_REPRESENTATION_CONTEXT() REPRESENTATION_CONTEXT('2D SPACE',''
  ) );
#5456 = ORIENTED_EDGE('',*,*,#5457,.T.);
#5457 = EDGE_CURVE('',#5432,#5125,#5458,.T.);
#5458 = SURFACE_CURVE('',#5459,(#5463,#5470),.PCURVE_S1.);
#5459 = LINE('',#5460,#5461);
#5460 = CARTESIAN_POINT('',(-69.23,1.11297029605E-14,5.));
#5461 = VECTOR('',#5462,1.);
#5462 = DIRECTION('',(0.,1.,0.));
#5463 = PCURVE('',#2306,#5464);
#5464 = DEFINITIONAL_REPRESENTATION('',(#5465),#5469);
#5465 = LINE('',#5466,#5467);
#5466 = CARTESIAN_POINT('',(-154.,1.11297029605E-14));
#5467 = VECTOR('',#5468,1.);
#5468 = DIRECTION('',(0.,1.));
#5469 = ( GEOMETRIC_REPRESENTATION_CONTEXT(2) 
PARAMETRIC_REPRESENTATION_CONTEXT() REPRESENTATION_CONTEXT('2D SPACE',''
  ) );
#5470 = PCURVE('',#5258,#5471);
#5471 = DEFINITIONAL_REPRESENTATION('',(#5472),#5476);
#5472 = LINE('',#5473,#5474);
#5473 = CARTESIAN_POINT('',(-1.,0.));
#5474 = VECTOR('',#5475,1.);
#5475 = DIRECTION('',(0.,1.));
#5476 = ( GEOMETRIC_REPRESENTATION_CONTEXT(2) 
PARAMETRIC_REPRESENTATION_CONTEXT() REPRESENTATION_CONTEXT('2D SPACE',''
  ) );
#5477 = ORIENTED_EDGE('',*,*,#5124,.T.);
#5478 = ORIENTED_EDGE('',*,*,#5479,.T.);
#5479 = EDGE_CURVE('',#5127,#5480,#5482,.T.);
#5480 = VERTEX_POINT('',#5481);
#5481 = CARTESIAN_POINT('',(-62.23,6.,5.));
#5482 = SURFACE_CURVE('',#5483,(#5487,#5494),.PCURVE_S1.);
#5483 = LINE('',#5484,#5485);
#5484 = CARTESIAN_POINT('',(-62.23,6.,5.));
#5485 = VECTOR('',#5486,1.);
#5486 = DIRECTION('',(1.,-1.445602896647E-16,-0.));
#5487 = PCURVE('',#2306,#5488);
#5488 = DEFINITIONAL_REPRESENTATION('',(#5489),#5493);
#5489 = LINE('',#5490,#5491);
#5490 = CARTESIAN_POINT('',(-147.,6.));
#5491 = VECTOR('',#5492,1.);
#5492 = DIRECTION('',(1.,-1.445602896647E-16));
#5493 = ( GEOMETRIC_REPRESENTATION_CONTEXT(2) 
PARAMETRIC_REPRESENTATION_CONTEXT() REPRESENTATION_CONTEXT('2D SPACE',''
  ) );
#5494 = PCURVE('',#5175,#5495);
#5495 = DEFINITIONAL_REPRESENTATION('',(#5496),#5500);
#5496 = LINE('',#5497,#5498);
#5497 = CARTESIAN_POINT('',(0.,0.));
#5498 = VECTOR('',#5499,1.);
#5499 = DIRECTION('',(-1.,0.));
#5500 = ( GEOMETRIC_REPRESENTATION_CONTEXT(2) 
PARAMETRIC_REPRESENTATION_CONTEXT() REPRESENTATION_CONTEXT('2D SPACE',''
  ) );
#5501 = ORIENTED_EDGE('',*,*,#5502,.T.);
#5502 = EDGE_CURVE('',#5480,#5503,#5505,.T.);
#5503 = VERTEX_POINT('',#5504);
#5504 = CARTESIAN_POINT('',(-61.23,5.,5.));
#5505 = SURFACE_CURVE('',#5506,(#5511,#5522),.PCURVE_S1.);
#5506 = CIRCLE('',#5507,1.);
#5507 = AXIS2_PLACEMENT_3D('',#5508,#5509,#5510);
#5508 = CARTESIAN_POINT('',(-62.23,5.,5.));
#5509 = DIRECTION('',(0.,0.,-1.));
#5510 = DIRECTION('',(-1.,0.,0.));
#5511 = PCURVE('',#2306,#5512);
#5512 = DEFINITIONAL_REPRESENTATION('',(#5513),#5521);
#5513 = ( BOUNDED_CURVE() B_SPLINE_CURVE(2,(#5514,#5515,#5516,#5517,
#5518,#5519,#5520),.UNSPECIFIED.,.T.,.F.) B_SPLINE_CURVE_WITH_KNOTS((1,2
    ,2,2,2,1),(-2.094395102393,0.,2.094395102393,4.188790204786,
6.28318530718,8.377580409573),.UNSPECIFIED.) CURVE() 
GEOMETRIC_REPRESENTATION_ITEM() RATIONAL_B_SPLINE_CURVE((1.,0.5,1.,0.5,
1.,0.5,1.)) REPRESENTATION_ITEM('') );
#5514 = CARTESIAN_POINT('',(-148.,5.));
#5515 = CARTESIAN_POINT('',(-148.,6.732050807569));
#5516 = CARTESIAN_POINT('',(-146.5,5.866025403784));
#5517 = CARTESIAN_POINT('',(-145.,5.));
#5518 = CARTESIAN_POINT('',(-146.5,4.133974596216));
#5519 = CARTESIAN_POINT('',(-148.,3.267949192431));
#5520 = CARTESIAN_POINT('',(-148.,5.));
#5521 = ( GEOMETRIC_REPRESENTATION_CONTEXT(2) 
PARAMETRIC_REPRESENTATION_CONTEXT() REPRESENTATION_CONTEXT('2D SPACE',''
  ) );
#5522 = PCURVE('',#506,#5523);
#5523 = DEFINITIONAL_REPRESENTATION('',(#5524),#5528);
#5524 = LINE('',#5525,#5526);
#5525 = CARTESIAN_POINT('',(0.,0.));
#5526 = VECTOR('',#5527,1.);
#5527 = DIRECTION('',(1.,0.));
#5528 = ( GEOMETRIC_REPRESENTATION_CONTEXT(2) 
PARAMETRIC_REPRESENTATION_CONTEXT() REPRESENTATION_CONTEXT('2D SPACE',''
  ) );
#5529 = ORIENTED_EDGE('',*,*,#5530,.T.);
#5530 = EDGE_CURVE('',#5503,#5305,#5531,.T.);
#5531 = SURFACE_CURVE('',#5532,(#5536,#5543),.PCURVE_S1.);
#5532 = LINE('',#5533,#5534);
#5533 = CARTESIAN_POINT('',(-61.23,5.,5.));
#5534 = VECTOR('',#5535,1.);
#5535 = DIRECTION('',(0.,-1.,0.));
#5536 = PCURVE('',#2306,#5537);
#5537 = DEFINITIONAL_REPRESENTATION('',(#5538),#5542);
#5538 = LINE('',#5539,#5540);
#5539 = CARTESIAN_POINT('',(-146.,5.));
#5540 = VECTOR('',#5541,1.);
#5541 = DIRECTION('',(0.,-1.));
#5542 = ( GEOMETRIC_REPRESENTATION_CONTEXT(2) 
PARAMETRIC_REPRESENTATION_CONTEXT() REPRESENTATION_CONTEXT('2D SPACE',''
  ) );
#5543 = PCURVE('',#5320,#5544);
#5544 = DEFINITIONAL_REPRESENTATION('',(#5545),#5549);
#5545 = LINE('',#5546,#5547);
#5546 = CARTESIAN_POINT('',(1.,0.));
#5547 = VECTOR('',#5548,1.);
#5548 = DIRECTION('',(0.,-1.));
#5549 = ( GEOMETRIC_REPRESENTATION_CONTEXT(2) 
PARAMETRIC_REPRESENTATION_CONTEXT() REPRESENTATION_CONTEXT('2D SPACE',''
  ) );
#5550 = ORIENTED_EDGE('',*,*,#5332,.F.);
#5551 = ORIENTED_EDGE('',*,*,#5552,.F.);
#5552 = EDGE_CURVE('',#5434,#5333,#5553,.T.);
#5553 = SURFACE_CURVE('',#5554,(#5558,#5565),.PCURVE_S1.);
#5554 = LINE('',#5555,#5556);
#5555 = CARTESIAN_POINT('',(-62.23,-6.,5.));
#5556 = VECTOR('',#5557,1.);
#5557 = DIRECTION('',(1.,1.445602896647E-16,0.));
#5558 = PCURVE('',#2306,#5559);
#5559 = DEFINITIONAL_REPRESENTATION('',(#5560),#5564);
#5560 = LINE('',#5561,#5562);
#5561 = CARTESIAN_POINT('',(-147.,-6.));
#5562 = VECTOR('',#5563,1.);
#5563 = DIRECTION('',(1.,1.445602896647E-16));
#5564 = ( GEOMETRIC_REPRESENTATION_CONTEXT(2) 
PARAMETRIC_REPRESENTATION_CONTEXT() REPRESENTATION_CONTEXT('2D SPACE',''
  ) );
#5565 = PCURVE('',#5370,#5566);
#5566 = DEFINITIONAL_REPRESENTATION('',(#5567),#5571);
#5567 = LINE('',#5568,#5569);
#5568 = CARTESIAN_POINT('',(0.,0.));
#5569 = VECTOR('',#5570,1.);
#5570 = DIRECTION('',(-1.,0.));
#5571 = ( GEOMETRIC_REPRESENTATION_CONTEXT(2) 
PARAMETRIC_REPRESENTATION_CONTEXT() REPRESENTATION_CONTEXT('2D SPACE',''
  ) );
#5572 = FACE_BOUND('',#5573,.T.);
#5573 = EDGE_LOOP('',(#5574,#5600,#5621,#5622,#5645,#5673,#5701,#5725));
#5574 = ORIENTED_EDGE('',*,*,#5575,.F.);
#5575 = EDGE_CURVE('',#5576,#5578,#5580,.T.);
#5576 = VERTEX_POINT('',#5577);
#5577 = CARTESIAN_POINT('',(-39.23,-5.,5.));
#5578 = VERTEX_POINT('',#5579);
#5579 = CARTESIAN_POINT('',(-38.23,-6.,5.));
#5580 = SURFACE_CURVE('',#5581,(#5586,#5593),.PCURVE_S1.);
#5581 = CIRCLE('',#5582,1.);
#5582 = AXIS2_PLACEMENT_3D('',#5583,#5584,#5585);
#5583 = CARTESIAN_POINT('',(-38.23,-5.,5.));
#5584 = DIRECTION('',(0.,-0.,1.));
#5585 = DIRECTION('',(-1.,0.,0.));
#5586 = PCURVE('',#2306,#5587);
#5587 = DEFINITIONAL_REPRESENTATION('',(#5588),#5592);
#5588 = CIRCLE('',#5589,1.);
#5589 = AXIS2_PLACEMENT_2D('',#5590,#5591);
#5590 = CARTESIAN_POINT('',(-123.,-5.));
#5591 = DIRECTION('',(-1.,0.));
#5592 = ( GEOMETRIC_REPRESENTATION_CONTEXT(2) 
PARAMETRIC_REPRESENTATION_CONTEXT() REPRESENTATION_CONTEXT('2D SPACE',''
  ) );
#5593 = PCURVE('',#1636,#5594);
#5594 = DEFINITIONAL_REPRESENTATION('',(#5595),#5599);
#5595 = LINE('',#5596,#5597);
#5596 = CARTESIAN_POINT('',(6.28318530718,0.));
#5597 = VECTOR('',#5598,1.);
#5598 = DIRECTION('',(-1.,0.));
#5599 = ( GEOMETRIC_REPRESENTATION_CONTEXT(2) 
PARAMETRIC_REPRESENTATION_CONTEXT() REPRESENTATION_CONTEXT('2D SPACE',''
  ) );
#5600 = ORIENTED_EDGE('',*,*,#5601,.T.);
#5601 = EDGE_CURVE('',#5576,#4976,#5602,.T.);
#5602 = SURFACE_CURVE('',#5603,(#5607,#5614),.PCURVE_S1.);
#5603 = LINE('',#5604,#5605);
#5604 = CARTESIAN_POINT('',(-39.23,6.792894270555E-15,5.));
#5605 = VECTOR('',#5606,1.);
#5606 = DIRECTION('',(0.,1.,0.));
#5607 = PCURVE('',#2306,#5608);
#5608 = DEFINITIONAL_REPRESENTATION('',(#5609),#5613);
#5609 = LINE('',#5610,#5611);
#5610 = CARTESIAN_POINT('',(-124.,6.792894270555E-15));
#5611 = VECTOR('',#5612,1.);
#5612 = DIRECTION('',(0.,1.));
#5613 = ( GEOMETRIC_REPRESENTATION_CONTEXT(2) 
PARAMETRIC_REPRESENTATION_CONTEXT() REPRESENTATION_CONTEXT('2D SPACE',''
  ) );
#5614 = PCURVE('',#5109,#5615);
#5615 = DEFINITIONAL_REPRESENTATION('',(#5616),#5620);
#5616 = LINE('',#5617,#5618);
#5617 = CARTESIAN_POINT('',(-1.,0.));
#5618 = VECTOR('',#5619,1.);
#5619 = DIRECTION('',(0.,1.));
#5620 = ( GEOMETRIC_REPRESENTATION_CONTEXT(2) 
PARAMETRIC_REPRESENTATION_CONTEXT() REPRESENTATION_CONTEXT('2D SPACE',''
  ) );
#5621 = ORIENTED_EDGE('',*,*,#4975,.T.);
#5622 = ORIENTED_EDGE('',*,*,#5623,.T.);
#5623 = EDGE_CURVE('',#4978,#5624,#5626,.T.);
#5624 = VERTEX_POINT('',#5625);
#5625 = CARTESIAN_POINT('',(-32.23,6.,5.));
#5626 = SURFACE_CURVE('',#5627,(#5631,#5638),.PCURVE_S1.);
#5627 = LINE('',#5628,#5629);
#5628 = CARTESIAN_POINT('',(-32.23,6.,5.));
#5629 = VECTOR('',#5630,1.);
#5630 = DIRECTION('',(1.,-1.445602896647E-16,-0.));
#5631 = PCURVE('',#2306,#5632);
#5632 = DEFINITIONAL_REPRESENTATION('',(#5633),#5637);
#5633 = LINE('',#5634,#5635);
#5634 = CARTESIAN_POINT('',(-117.,6.));
#5635 = VECTOR('',#5636,1.);
#5636 = DIRECTION('',(1.,-1.445602896647E-16));
#5637 = ( GEOMETRIC_REPRESENTATION_CONTEXT(2) 
PARAMETRIC_REPRESENTATION_CONTEXT() REPRESENTATION_CONTEXT('2D SPACE',''
  ) );
#5638 = PCURVE('',#5026,#5639);
#5639 = DEFINITIONAL_REPRESENTATION('',(#5640),#5644);
#5640 = LINE('',#5641,#5642);
#5641 = CARTESIAN_POINT('',(0.,0.));
#5642 = VECTOR('',#5643,1.);
#5643 = DIRECTION('',(-1.,0.));
#5644 = ( GEOMETRIC_REPRESENTATION_CONTEXT(2) 
PARAMETRIC_REPRESENTATION_CONTEXT() REPRESENTATION_CONTEXT('2D SPACE',''
  ) );
#5645 = ORIENTED_EDGE('',*,*,#5646,.T.);
#5646 = EDGE_CURVE('',#5624,#5647,#5649,.T.);
#5647 = VERTEX_POINT('',#5648);
#5648 = CARTESIAN_POINT('',(-31.23,5.,5.));
#5649 = SURFACE_CURVE('',#5650,(#5655,#5666),.PCURVE_S1.);
#5650 = CIRCLE('',#5651,1.);
#5651 = AXIS2_PLACEMENT_3D('',#5652,#5653,#5654);
#5652 = CARTESIAN_POINT('',(-32.23,5.,5.));
#5653 = DIRECTION('',(0.,0.,-1.));
#5654 = DIRECTION('',(-1.,0.,0.));
#5655 = PCURVE('',#2306,#5656);
#5656 = DEFINITIONAL_REPRESENTATION('',(#5657),#5665);
#5657 = ( BOUNDED_CURVE() B_SPLINE_CURVE(2,(#5658,#5659,#5660,#5661,
#5662,#5663,#5664),.UNSPECIFIED.,.T.,.F.) B_SPLINE_CURVE_WITH_KNOTS((1,2
    ,2,2,2,1),(-2.094395102393,0.,2.094395102393,4.188790204786,
6.28318530718,8.377580409573),.UNSPECIFIED.) CURVE() 
GEOMETRIC_REPRESENTATION_ITEM() RATIONAL_B_SPLINE_CURVE((1.,0.5,1.,0.5,
1.,0.5,1.)) REPRESENTATION_ITEM('') );
#5658 = CARTESIAN_POINT('',(-118.,5.));
#5659 = CARTESIAN_POINT('',(-118.,6.732050807569));
#5660 = CARTESIAN_POINT('',(-116.5,5.866025403784));
#5661 = CARTESIAN_POINT('',(-115.,5.));
#5662 = CARTESIAN_POINT('',(-116.5,4.133974596216));
#5663 = CARTESIAN_POINT('',(-118.,3.267949192431));
#5664 = CARTESIAN_POINT('',(-118.,5.));
#5665 = ( GEOMETRIC_REPRESENTATION_CONTEXT(2) 
PARAMETRIC_REPRESENTATION_CONTEXT() REPRESENTATION_CONTEXT('2D SPACE',''
  ) );
#5666 = PCURVE('',#744,#5667);
#5667 = DEFINITIONAL_REPRESENTATION('',(#5668),#5672);
#5668 = LINE('',#5669,#5670);
#5669 = CARTESIAN_POINT('',(0.,0.));
#5670 = VECTOR('',#5671,1.);
#5671 = DIRECTION('',(1.,0.));
#5672 = ( GEOMETRIC_REPRESENTATION_CONTEXT(2) 
PARAMETRIC_REPRESENTATION_CONTEXT() REPRESENTATION_CONTEXT('2D SPACE',''
  ) );
#5673 = ORIENTED_EDGE('',*,*,#5674,.T.);
#5674 = EDGE_CURVE('',#5647,#5675,#5677,.T.);
#5675 = VERTEX_POINT('',#5676);
#5676 = CARTESIAN_POINT('',(-31.23,-5.,5.));
#5677 = SURFACE_CURVE('',#5678,(#5682,#5689),.PCURVE_S1.);
#5678 = LINE('',#5679,#5680);
#5679 = CARTESIAN_POINT('',(-31.23,5.,5.));
#5680 = VECTOR('',#5681,1.);
#5681 = DIRECTION('',(0.,-1.,0.));
#5682 = PCURVE('',#2306,#5683);
#5683 = DEFINITIONAL_REPRESENTATION('',(#5684),#5688);
#5684 = LINE('',#5685,#5686);
#5685 = CARTESIAN_POINT('',(-116.,5.));
#5686 = VECTOR('',#5687,1.);
#5687 = DIRECTION('',(0.,-1.));
#5688 = ( GEOMETRIC_REPRESENTATION_CONTEXT(2) 
PARAMETRIC_REPRESENTATION_CONTEXT() REPRESENTATION_CONTEXT('2D SPACE',''
  ) );
#5689 = PCURVE('',#5690,#5695);
#5690 = PLANE('',#5691);
#5691 = AXIS2_PLACEMENT_3D('',#5692,#5693,#5694);
#5692 = CARTESIAN_POINT('',(-31.23,5.,4.));
#5693 = DIRECTION('',(-1.,0.,0.));
#5694 = DIRECTION('',(0.,0.,1.));
#5695 = DEFINITIONAL_REPRESENTATION('',(#5696),#5700);
#5696 = LINE('',#5697,#5698);
#5697 = CARTESIAN_POINT('',(1.,0.));
#5698 = VECTOR('',#5699,1.);
#5699 = DIRECTION('',(0.,-1.));
#5700 = ( GEOMETRIC_REPRESENTATION_CONTEXT(2) 
PARAMETRIC_REPRESENTATION_CONTEXT() REPRESENTATION_CONTEXT('2D SPACE',''
  ) );
#5701 = ORIENTED_EDGE('',*,*,#5702,.F.);
#5702 = EDGE_CURVE('',#5703,#5675,#5705,.T.);
#5703 = VERTEX_POINT('',#5704);
#5704 = CARTESIAN_POINT('',(-32.23,-6.,5.));
#5705 = SURFACE_CURVE('',#5706,(#5711,#5718),.PCURVE_S1.);
#5706 = CIRCLE('',#5707,1.);
#5707 = AXIS2_PLACEMENT_3D('',#5708,#5709,#5710);
#5708 = CARTESIAN_POINT('',(-32.23,-5.,5.));
#5709 = DIRECTION('',(0.,-0.,1.));
#5710 = DIRECTION('',(-1.,0.,0.));
#5711 = PCURVE('',#2306,#5712);
#5712 = DEFINITIONAL_REPRESENTATION('',(#5713),#5717);
#5713 = CIRCLE('',#5714,1.);
#5714 = AXIS2_PLACEMENT_2D('',#5715,#5716);
#5715 = CARTESIAN_POINT('',(-117.,-5.));
#5716 = DIRECTION('',(-1.,0.));
#5717 = ( GEOMETRIC_REPRESENTATION_CONTEXT(2) 
PARAMETRIC_REPRESENTATION_CONTEXT() REPRESENTATION_CONTEXT('2D SPACE',''
  ) );
#5718 = PCURVE('',#863,#5719);
#5719 = DEFINITIONAL_REPRESENTATION('',(#5720),#5724);
#5720 = LINE('',#5721,#5722);
#5721 = CARTESIAN_POINT('',(6.28318530718,0.));
#5722 = VECTOR('',#5723,1.);
#5723 = DIRECTION('',(-1.,0.));
#5724 = ( GEOMETRIC_REPRESENTATION_CONTEXT(2) 
PARAMETRIC_REPRESENTATION_CONTEXT() REPRESENTATION_CONTEXT('2D SPACE',''
  ) );
#5725 = ORIENTED_EDGE('',*,*,#5726,.F.);
#5726 = EDGE_CURVE('',#5578,#5703,#5727,.T.);
#5727 = SURFACE_CURVE('',#5728,(#5732,#5739),.PCURVE_S1.);
#5728 = LINE('',#5729,#5730);
#5729 = CARTESIAN_POINT('',(-32.23,-6.,5.));
#5730 = VECTOR('',#5731,1.);
#5731 = DIRECTION('',(1.,1.445602896647E-16,0.));
#5732 = PCURVE('',#2306,#5733);
#5733 = DEFINITIONAL_REPRESENTATION('',(#5734),#5738);
#5734 = LINE('',#5735,#5736);
#5735 = CARTESIAN_POINT('',(-117.,-6.));
#5736 = VECTOR('',#5737,1.);
#5737 = DIRECTION('',(1.,1.445602896647E-16));
#5738 = ( GEOMETRIC_REPRESENTATION_CONTEXT(2) 
PARAMETRIC_REPRESENTATION_CONTEXT() REPRESENTATION_CONTEXT('2D SPACE',''
  ) );
#5739 = PCURVE('',#5740,#5745);
#5740 = PLANE('',#5741);
#5741 = AXIS2_PLACEMENT_3D('',#5742,#5743,#5744);
#5742 = CARTESIAN_POINT('',(-32.23,-6.,5.));
#5743 = DIRECTION('',(-1.445602896647E-16,1.,0.));
#5744 = DIRECTION('',(-1.,-1.445602896647E-16,0.));
#5745 = DEFINITIONAL_REPRESENTATION('',(#5746),#5750);
#5746 = LINE('',#5747,#5748);
#5747 = CARTESIAN_POINT('',(0.,0.));
#5748 = VECTOR('',#5749,1.);
#5749 = DIRECTION('',(-1.,0.));
#5750 = ( GEOMETRIC_REPRESENTATION_CONTEXT(2) 
PARAMETRIC_REPRESENTATION_CONTEXT() REPRESENTATION_CONTEXT('2D SPACE',''
  ) );
#5751 = FACE_BOUND('',#5752,.T.);
#5752 = EDGE_LOOP('',(#5753,#5779,#5800,#5801,#5824,#5852,#5880,#5904));
#5753 = ORIENTED_EDGE('',*,*,#5754,.F.);
#5754 = EDGE_CURVE('',#5755,#5757,#5759,.T.);
#5755 = VERTEX_POINT('',#5756);
#5756 = CARTESIAN_POINT('',(-9.23,-5.,5.));
#5757 = VERTEX_POINT('',#5758);
#5758 = CARTESIAN_POINT('',(-8.23,-6.,5.));
#5759 = SURFACE_CURVE('',#5760,(#5765,#5772),.PCURVE_S1.);
#5760 = CIRCLE('',#5761,1.);
#5761 = AXIS2_PLACEMENT_3D('',#5762,#5763,#5764);
#5762 = CARTESIAN_POINT('',(-8.23,-5.,5.));
#5763 = DIRECTION('',(0.,-0.,1.));
#5764 = DIRECTION('',(-1.,0.,0.));
#5765 = PCURVE('',#2306,#5766);
#5766 = DEFINITIONAL_REPRESENTATION('',(#5767),#5771);
#5767 = CIRCLE('',#5768,1.);
#5768 = AXIS2_PLACEMENT_2D('',#5769,#5770);
#5769 = CARTESIAN_POINT('',(-93.,-5.));
#5770 = DIRECTION('',(-1.,0.));
#5771 = ( GEOMETRIC_REPRESENTATION_CONTEXT(2) 
PARAMETRIC_REPRESENTATION_CONTEXT() REPRESENTATION_CONTEXT('2D SPACE',''
  ) );
#5772 = PCURVE('',#1758,#5773);
#5773 = DEFINITIONAL_REPRESENTATION('',(#5774),#5778);
#5774 = LINE('',#5775,#5776);
#5775 = CARTESIAN_POINT('',(6.28318530718,0.));
#5776 = VECTOR('',#5777,1.);
#5777 = DIRECTION('',(-1.,0.));
#5778 = ( GEOMETRIC_REPRESENTATION_CONTEXT(2) 
PARAMETRIC_REPRESENTATION_CONTEXT() REPRESENTATION_CONTEXT('2D SPACE',''
  ) );
#5779 = ORIENTED_EDGE('',*,*,#5780,.T.);
#5780 = EDGE_CURVE('',#5755,#4827,#5781,.T.);
#5781 = SURFACE_CURVE('',#5782,(#5786,#5793),.PCURVE_S1.);
#5782 = LINE('',#5783,#5784);
#5783 = CARTESIAN_POINT('',(-9.23,2.456085580613E-15,5.));
#5784 = VECTOR('',#5785,1.);
#5785 = DIRECTION('',(0.,1.,0.));
#5786 = PCURVE('',#2306,#5787);
#5787 = DEFINITIONAL_REPRESENTATION('',(#5788),#5792);
#5788 = LINE('',#5789,#5790);
#5789 = CARTESIAN_POINT('',(-94.,2.456085580613E-15));
#5790 = VECTOR('',#5791,1.);
#5791 = DIRECTION('',(0.,1.));
#5792 = ( GEOMETRIC_REPRESENTATION_CONTEXT(2) 
PARAMETRIC_REPRESENTATION_CONTEXT() REPRESENTATION_CONTEXT('2D SPACE',''
  ) );
#5793 = PCURVE('',#4960,#5794);
#5794 = DEFINITIONAL_REPRESENTATION('',(#5795),#5799);
#5795 = LINE('',#5796,#5797);
#5796 = CARTESIAN_POINT('',(-1.,0.));
#5797 = VECTOR('',#5798,1.);
#5798 = DIRECTION('',(0.,1.));
#5799 = ( GEOMETRIC_REPRESENTATION_CONTEXT(2) 
PARAMETRIC_REPRESENTATION_CONTEXT() REPRESENTATION_CONTEXT('2D SPACE',''
  ) );
#5800 = ORIENTED_EDGE('',*,*,#4826,.T.);
#5801 = ORIENTED_EDGE('',*,*,#5802,.T.);
#5802 = EDGE_CURVE('',#4829,#5803,#5805,.T.);
#5803 = VERTEX_POINT('',#5804);
#5804 = CARTESIAN_POINT('',(-2.23,6.,5.));
#5805 = SURFACE_CURVE('',#5806,(#5810,#5817),.PCURVE_S1.);
#5806 = LINE('',#5807,#5808);
#5807 = CARTESIAN_POINT('',(-2.23,6.,5.));
#5808 = VECTOR('',#5809,1.);
#5809 = DIRECTION('',(1.,-1.445602896647E-16,-0.));
#5810 = PCURVE('',#2306,#5811);
#5811 = DEFINITIONAL_REPRESENTATION('',(#5812),#5816);
#5812 = LINE('',#5813,#5814);
#5813 = CARTESIAN_POINT('',(-87.,6.));
#5814 = VECTOR('',#5815,1.);
#5815 = DIRECTION('',(1.,-1.445602896647E-16));
#5816 = ( GEOMETRIC_REPRESENTATION_CONTEXT(2) 
PARAMETRIC_REPRESENTATION_CONTEXT() REPRESENTATION_CONTEXT('2D SPACE',''
  ) );
#5817 = PCURVE('',#4877,#5818);
#5818 = DEFINITIONAL_REPRESENTATION('',(#5819),#5823);
#5819 = LINE('',#5820,#5821);
#5820 = CARTESIAN_POINT('',(0.,0.));
#5821 = VECTOR('',#5822,1.);
#5822 = DIRECTION('',(-1.,0.));
#5823 = ( GEOMETRIC_REPRESENTATION_CONTEXT(2) 
PARAMETRIC_REPRESENTATION_CONTEXT() REPRESENTATION_CONTEXT('2D SPACE',''
  ) );
#5824 = ORIENTED_EDGE('',*,*,#5825,.T.);
#5825 = EDGE_CURVE('',#5803,#5826,#5828,.T.);
#5826 = VERTEX_POINT('',#5827);
#5827 = CARTESIAN_POINT('',(-1.23,5.,5.));
#5828 = SURFACE_CURVE('',#5829,(#5834,#5845),.PCURVE_S1.);
#5829 = CIRCLE('',#5830,1.);
#5830 = AXIS2_PLACEMENT_3D('',#5831,#5832,#5833);
#5831 = CARTESIAN_POINT('',(-2.23,5.,5.));
#5832 = DIRECTION('',(0.,0.,-1.));
#5833 = DIRECTION('',(-1.,0.,0.));
#5834 = PCURVE('',#2306,#5835);
#5835 = DEFINITIONAL_REPRESENTATION('',(#5836),#5844);
#5836 = ( BOUNDED_CURVE() B_SPLINE_CURVE(2,(#5837,#5838,#5839,#5840,
#5841,#5842,#5843),.UNSPECIFIED.,.T.,.F.) B_SPLINE_CURVE_WITH_KNOTS((1,2
    ,2,2,2,1),(-2.094395102393,0.,2.094395102393,4.188790204786,
6.28318530718,8.377580409573),.UNSPECIFIED.) CURVE() 
GEOMETRIC_REPRESENTATION_ITEM() RATIONAL_B_SPLINE_CURVE((1.,0.5,1.,0.5,
1.,0.5,1.)) REPRESENTATION_ITEM('') );
#5837 = CARTESIAN_POINT('',(-88.,5.));
#5838 = CARTESIAN_POINT('',(-88.,6.732050807569));
#5839 = CARTESIAN_POINT('',(-86.5,5.866025403784));
#5840 = CARTESIAN_POINT('',(-85.,5.));
#5841 = CARTESIAN_POINT('',(-86.5,4.133974596216));
#5842 = CARTESIAN_POINT('',(-88.,3.267949192431));
#5843 = CARTESIAN_POINT('',(-88.,5.));
#5844 = ( GEOMETRIC_REPRESENTATION_CONTEXT(2) 
PARAMETRIC_REPRESENTATION_CONTEXT() REPRESENTATION_CONTEXT('2D SPACE',''
  ) );
#5845 = PCURVE('',#982,#5846);
#5846 = DEFINITIONAL_REPRESENTATION('',(#5847),#5851);
#5847 = LINE('',#5848,#5849);
#5848 = CARTESIAN_POINT('',(0.,0.));
#5849 = VECTOR('',#5850,1.);
#5850 = DIRECTION('',(1.,0.));
#5851 = ( GEOMETRIC_REPRESENTATION_CONTEXT(2) 
PARAMETRIC_REPRESENTATION_CONTEXT() REPRESENTATION_CONTEXT('2D SPACE',''
  ) );
#5852 = ORIENTED_EDGE('',*,*,#5853,.T.);
#5853 = EDGE_CURVE('',#5826,#5854,#5856,.T.);
#5854 = VERTEX_POINT('',#5855);
#5855 = CARTESIAN_POINT('',(-1.23,-5.,5.));
#5856 = SURFACE_CURVE('',#5857,(#5861,#5868),.PCURVE_S1.);
#5857 = LINE('',#5858,#5859);
#5858 = CARTESIAN_POINT('',(-1.23,5.,5.));
#5859 = VECTOR('',#5860,1.);
#5860 = DIRECTION('',(0.,-1.,0.));
#5861 = PCURVE('',#2306,#5862);
#5862 = DEFINITIONAL_REPRESENTATION('',(#5863),#5867);
#5863 = LINE('',#5864,#5865);
#5864 = CARTESIAN_POINT('',(-86.,5.));
#5865 = VECTOR('',#5866,1.);
#5866 = DIRECTION('',(0.,-1.));
#5867 = ( GEOMETRIC_REPRESENTATION_CONTEXT(2) 
PARAMETRIC_REPRESENTATION_CONTEXT() REPRESENTATION_CONTEXT('2D SPACE',''
  ) );
#5868 = PCURVE('',#5869,#5874);
#5869 = PLANE('',#5870);
#5870 = AXIS2_PLACEMENT_3D('',#5871,#5872,#5873);
#5871 = CARTESIAN_POINT('',(-1.23,5.,4.));
#5872 = DIRECTION('',(-1.,0.,0.));
#5873 = DIRECTION('',(0.,0.,1.));
#5874 = DEFINITIONAL_REPRESENTATION('',(#5875),#5879);
#5875 = LINE('',#5876,#5877);
#5876 = CARTESIAN_POINT('',(1.,0.));
#5877 = VECTOR('',#5878,1.);
#5878 = DIRECTION('',(0.,-1.));
#5879 = ( GEOMETRIC_REPRESENTATION_CONTEXT(2) 
PARAMETRIC_REPRESENTATION_CONTEXT() REPRESENTATION_CONTEXT('2D SPACE',''
  ) );
#5880 = ORIENTED_EDGE('',*,*,#5881,.F.);
#5881 = EDGE_CURVE('',#5882,#5854,#5884,.T.);
#5882 = VERTEX_POINT('',#5883);
#5883 = CARTESIAN_POINT('',(-2.23,-6.,5.));
#5884 = SURFACE_CURVE('',#5885,(#5890,#5897),.PCURVE_S1.);
#5885 = CIRCLE('',#5886,1.);
#5886 = AXIS2_PLACEMENT_3D('',#5887,#5888,#5889);
#5887 = CARTESIAN_POINT('',(-2.23,-5.,5.));
#5888 = DIRECTION('',(0.,-0.,1.));
#5889 = DIRECTION('',(-1.,0.,0.));
#5890 = PCURVE('',#2306,#5891);
#5891 = DEFINITIONAL_REPRESENTATION('',(#5892),#5896);
#5892 = CIRCLE('',#5893,1.);
#5893 = AXIS2_PLACEMENT_2D('',#5894,#5895);
#5894 = CARTESIAN_POINT('',(-87.,-5.));
#5895 = DIRECTION('',(-1.,0.));
#5896 = ( GEOMETRIC_REPRESENTATION_CONTEXT(2) 
PARAMETRIC_REPRESENTATION_CONTEXT() REPRESENTATION_CONTEXT('2D SPACE',''
  ) );
#5897 = PCURVE('',#1101,#5898);
#5898 = DEFINITIONAL_REPRESENTATION('',(#5899),#5903);
#5899 = LINE('',#5900,#5901);
#5900 = CARTESIAN_POINT('',(6.28318530718,0.));
#5901 = VECTOR('',#5902,1.);
#5902 = DIRECTION('',(-1.,0.));
#5903 = ( GEOMETRIC_REPRESENTATION_CONTEXT(2) 
PARAMETRIC_REPRESENTATION_CONTEXT() REPRESENTATION_CONTEXT('2D SPACE',''
  ) );
#5904 = ORIENTED_EDGE('',*,*,#5905,.F.);
#5905 = EDGE_CURVE('',#5757,#5882,#5906,.T.);
#5906 = SURFACE_CURVE('',#5907,(#5911,#5918),.PCURVE_S1.);
#5907 = LINE('',#5908,#5909);
#5908 = CARTESIAN_POINT('',(-2.23,-6.,5.));
#5909 = VECTOR('',#5910,1.);
#5910 = DIRECTION('',(1.,1.445602896647E-16,0.));
#5911 = PCURVE('',#2306,#5912);
#5912 = DEFINITIONAL_REPRESENTATION('',(#5913),#5917);
#5913 = LINE('',#5914,#5915);
#5914 = CARTESIAN_POINT('',(-87.,-6.));
#5915 = VECTOR('',#5916,1.);
#5916 = DIRECTION('',(1.,1.445602896647E-16));
#5917 = ( GEOMETRIC_REPRESENTATION_CONTEXT(2) 
PARAMETRIC_REPRESENTATION_CONTEXT() REPRESENTATION_CONTEXT('2D SPACE',''
  ) );
#5918 = PCURVE('',#5919,#5924);
#5919 = PLANE('',#5920);
#5920 = AXIS2_PLACEMENT_3D('',#5921,#5922,#5923);
#5921 = CARTESIAN_POINT('',(-2.23,-6.,5.));
#5922 = DIRECTION('',(-1.445602896647E-16,1.,0.));
#5923 = DIRECTION('',(-1.,-1.445602896647E-16,0.));
#5924 = DEFINITIONAL_REPRESENTATION('',(#5925),#5929);
#5925 = LINE('',#5926,#5927);
#5926 = CARTESIAN_POINT('',(0.,0.));
#5927 = VECTOR('',#5928,1.);
#5928 = DIRECTION('',(-1.,0.));
#5929 = ( GEOMETRIC_REPRESENTATION_CONTEXT(2) 
PARAMETRIC_REPRESENTATION_CONTEXT() REPRESENTATION_CONTEXT('2D SPACE',''
  ) );
#5930 = FACE_BOUND('',#5931,.T.);
#5931 = EDGE_LOOP('',(#5932,#5958,#5979,#5980,#6003,#6031,#6059,#6083));
#5932 = ORIENTED_EDGE('',*,*,#5933,.F.);
#5933 = EDGE_CURVE('',#5934,#5936,#5938,.T.);
#5934 = VERTEX_POINT('',#5935);
#5935 = CARTESIAN_POINT('',(20.77,-5.,5.));
#5936 = VERTEX_POINT('',#5937);
#5937 = CARTESIAN_POINT('',(21.77,-6.,5.));
#5938 = SURFACE_CURVE('',#5939,(#5944,#5951),.PCURVE_S1.);
#5939 = CIRCLE('',#5940,1.);
#5940 = AXIS2_PLACEMENT_3D('',#5941,#5942,#5943);
#5941 = CARTESIAN_POINT('',(21.77,-5.,5.));
#5942 = DIRECTION('',(0.,-0.,1.));
#5943 = DIRECTION('',(-1.,0.,0.));
#5944 = PCURVE('',#2306,#5945);
#5945 = DEFINITIONAL_REPRESENTATION('',(#5946),#5950);
#5946 = CIRCLE('',#5947,1.);
#5947 = AXIS2_PLACEMENT_2D('',#5948,#5949);
#5948 = CARTESIAN_POINT('',(-63.,-5.));
#5949 = DIRECTION('',(-1.,0.));
#5950 = ( GEOMETRIC_REPRESENTATION_CONTEXT(2) 
PARAMETRIC_REPRESENTATION_CONTEXT() REPRESENTATION_CONTEXT('2D SPACE',''
  ) );
#5951 = PCURVE('',#1880,#5952);
#5952 = DEFINITIONAL_REPRESENTATION('',(#5953),#5957);
#5953 = LINE('',#5954,#5955);
#5954 = CARTESIAN_POINT('',(6.28318530718,0.));
#5955 = VECTOR('',#5956,1.);
#5956 = DIRECTION('',(-1.,0.));
#5957 = ( GEOMETRIC_REPRESENTATION_CONTEXT(2) 
PARAMETRIC_REPRESENTATION_CONTEXT() REPRESENTATION_CONTEXT('2D SPACE',''
  ) );
#5958 = ORIENTED_EDGE('',*,*,#5959,.T.);
#5959 = EDGE_CURVE('',#5934,#4678,#5960,.T.);
#5960 = SURFACE_CURVE('',#5961,(#5965,#5972),.PCURVE_S1.);
#5961 = LINE('',#5962,#5963);
#5962 = CARTESIAN_POINT('',(20.77,-1.880723109329E-15,5.));
#5963 = VECTOR('',#5964,1.);
#5964 = DIRECTION('',(0.,1.,0.));
#5965 = PCURVE('',#2306,#5966);
#5966 = DEFINITIONAL_REPRESENTATION('',(#5967),#5971);
#5967 = LINE('',#5968,#5969);
#5968 = CARTESIAN_POINT('',(-64.,-1.880723109329E-15));
#5969 = VECTOR('',#5970,1.);
#5970 = DIRECTION('',(0.,1.));
#5971 = ( GEOMETRIC_REPRESENTATION_CONTEXT(2) 
PARAMETRIC_REPRESENTATION_CONTEXT() REPRESENTATION_CONTEXT('2D SPACE',''
  ) );
#5972 = PCURVE('',#4811,#5973);
#5973 = DEFINITIONAL_REPRESENTATION('',(#5974),#5978);
#5974 = LINE('',#5975,#5976);
#5975 = CARTESIAN_POINT('',(-1.,0.));
#5976 = VECTOR('',#5977,1.);
#5977 = DIRECTION('',(0.,1.));
#5978 = ( GEOMETRIC_REPRESENTATION_CONTEXT(2) 
PARAMETRIC_REPRESENTATION_CONTEXT() REPRESENTATION_CONTEXT('2D SPACE',''
  ) );
#5979 = ORIENTED_EDGE('',*,*,#4677,.T.);
#5980 = ORIENTED_EDGE('',*,*,#5981,.T.);
#5981 = EDGE_CURVE('',#4680,#5982,#5984,.T.);
#5982 = VERTEX_POINT('',#5983);
#5983 = CARTESIAN_POINT('',(27.77,6.,5.));
#5984 = SURFACE_CURVE('',#5985,(#5989,#5996),.PCURVE_S1.);
#5985 = LINE('',#5986,#5987);
#5986 = CARTESIAN_POINT('',(27.77,6.,5.));
#5987 = VECTOR('',#5988,1.);
#5988 = DIRECTION('',(1.,-1.445602896647E-16,-0.));
#5989 = PCURVE('',#2306,#5990);
#5990 = DEFINITIONAL_REPRESENTATION('',(#5991),#5995);
#5991 = LINE('',#5992,#5993);
#5992 = CARTESIAN_POINT('',(-57.,6.));
#5993 = VECTOR('',#5994,1.);
#5994 = DIRECTION('',(1.,-1.445602896647E-16));
#5995 = ( GEOMETRIC_REPRESENTATION_CONTEXT(2) 
PARAMETRIC_REPRESENTATION_CONTEXT() REPRESENTATION_CONTEXT('2D SPACE',''
  ) );
#5996 = PCURVE('',#4728,#5997);
#5997 = DEFINITIONAL_REPRESENTATION('',(#5998),#6002);
#5998 = LINE('',#5999,#6000);
#5999 = CARTESIAN_POINT('',(0.,0.));
#6000 = VECTOR('',#6001,1.);
#6001 = DIRECTION('',(-1.,0.));
#6002 = ( GEOMETRIC_REPRESENTATION_CONTEXT(2) 
PARAMETRIC_REPRESENTATION_CONTEXT() REPRESENTATION_CONTEXT('2D SPACE',''
  ) );
#6003 = ORIENTED_EDGE('',*,*,#6004,.T.);
#6004 = EDGE_CURVE('',#5982,#6005,#6007,.T.);
#6005 = VERTEX_POINT('',#6006);
#6006 = CARTESIAN_POINT('',(28.77,5.,5.));
#6007 = SURFACE_CURVE('',#6008,(#6013,#6024),.PCURVE_S1.);
#6008 = CIRCLE('',#6009,1.);
#6009 = AXIS2_PLACEMENT_3D('',#6010,#6011,#6012);
#6010 = CARTESIAN_POINT('',(27.77,5.,5.));
#6011 = DIRECTION('',(0.,0.,-1.));
#6012 = DIRECTION('',(-1.,0.,0.));
#6013 = PCURVE('',#2306,#6014);
#6014 = DEFINITIONAL_REPRESENTATION('',(#6015),#6023);
#6015 = ( BOUNDED_CURVE() B_SPLINE_CURVE(2,(#6016,#6017,#6018,#6019,
#6020,#6021,#6022),.UNSPECIFIED.,.T.,.F.) B_SPLINE_CURVE_WITH_KNOTS((1,2
    ,2,2,2,1),(-2.094395102393,0.,2.094395102393,4.188790204786,
6.28318530718,8.377580409573),.UNSPECIFIED.) CURVE() 
GEOMETRIC_REPRESENTATION_ITEM() RATIONAL_B_SPLINE_CURVE((1.,0.5,1.,0.5,
1.,0.5,1.)) REPRESENTATION_ITEM('') );
#6016 = CARTESIAN_POINT('',(-58.,5.));
#6017 = CARTESIAN_POINT('',(-58.,6.732050807569));
#6018 = CARTESIAN_POINT('',(-56.5,5.866025403784));
#6019 = CARTESIAN_POINT('',(-55.,5.));
#6020 = CARTESIAN_POINT('',(-56.5,4.133974596216));
#6021 = CARTESIAN_POINT('',(-58.,3.267949192431));
#6022 = CARTESIAN_POINT('',(-58.,5.));
#6023 = ( GEOMETRIC_REPRESENTATION_CONTEXT(2) 
PARAMETRIC_REPRESENTATION_CONTEXT() REPRESENTATION_CONTEXT('2D SPACE',''
  ) );
#6024 = PCURVE('',#1220,#6025);
#6025 = DEFINITIONAL_REPRESENTATION('',(#6026),#6030);
#6026 = LINE('',#6027,#6028);
#6027 = CARTESIAN_POINT('',(0.,0.));
#6028 = VECTOR('',#6029,1.);
#6029 = DIRECTION('',(1.,0.));
#6030 = ( GEOMETRIC_REPRESENTATION_CONTEXT(2) 
PARAMETRIC_REPRESENTATION_CONTEXT() REPRESENTATION_CONTEXT('2D SPACE',''
  ) );
#6031 = ORIENTED_EDGE('',*,*,#6032,.T.);
#6032 = EDGE_CURVE('',#6005,#6033,#6035,.T.);
#6033 = VERTEX_POINT('',#6034);
#6034 = CARTESIAN_POINT('',(28.77,-5.,5.));
#6035 = SURFACE_CURVE('',#6036,(#6040,#6047),.PCURVE_S1.);
#6036 = LINE('',#6037,#6038);
#6037 = CARTESIAN_POINT('',(28.77,5.,5.));
#6038 = VECTOR('',#6039,1.);
#6039 = DIRECTION('',(0.,-1.,0.));
#6040 = PCURVE('',#2306,#6041);
#6041 = DEFINITIONAL_REPRESENTATION('',(#6042),#6046);
#6042 = LINE('',#6043,#6044);
#6043 = CARTESIAN_POINT('',(-56.,5.));
#6044 = VECTOR('',#6045,1.);
#6045 = DIRECTION('',(0.,-1.));
#6046 = ( GEOMETRIC_REPRESENTATION_CONTEXT(2) 
PARAMETRIC_REPRESENTATION_CONTEXT() REPRESENTATION_CONTEXT('2D SPACE',''
  ) );
#6047 = PCURVE('',#6048,#6053);
#6048 = PLANE('',#6049);
#6049 = AXIS2_PLACEMENT_3D('',#6050,#6051,#6052);
#6050 = CARTESIAN_POINT('',(28.77,5.,4.));
#6051 = DIRECTION('',(-1.,0.,0.));
#6052 = DIRECTION('',(0.,0.,1.));
#6053 = DEFINITIONAL_REPRESENTATION('',(#6054),#6058);
#6054 = LINE('',#6055,#6056);
#6055 = CARTESIAN_POINT('',(1.,0.));
#6056 = VECTOR('',#6057,1.);
#6057 = DIRECTION('',(0.,-1.));
#6058 = ( GEOMETRIC_REPRESENTATION_CONTEXT(2) 
PARAMETRIC_REPRESENTATION_CONTEXT() REPRESENTATION_CONTEXT('2D SPACE',''
  ) );
#6059 = ORIENTED_EDGE('',*,*,#6060,.F.);
#6060 = EDGE_CURVE('',#6061,#6033,#6063,.T.);
#6061 = VERTEX_POINT('',#6062);
#6062 = CARTESIAN_POINT('',(27.77,-6.,5.));
#6063 = SURFACE_CURVE('',#6064,(#6069,#6076),.PCURVE_S1.);
#6064 = CIRCLE('',#6065,1.);
#6065 = AXIS2_PLACEMENT_3D('',#6066,#6067,#6068);
#6066 = CARTESIAN_POINT('',(27.77,-5.,5.));
#6067 = DIRECTION('',(0.,-0.,1.));
#6068 = DIRECTION('',(-1.,0.,0.));
#6069 = PCURVE('',#2306,#6070);
#6070 = DEFINITIONAL_REPRESENTATION('',(#6071),#6075);
#6071 = CIRCLE('',#6072,1.);
#6072 = AXIS2_PLACEMENT_2D('',#6073,#6074);
#6073 = CARTESIAN_POINT('',(-57.,-5.));
#6074 = DIRECTION('',(-1.,0.));
#6075 = ( GEOMETRIC_REPRESENTATION_CONTEXT(2) 
PARAMETRIC_REPRESENTATION_CONTEXT() REPRESENTATION_CONTEXT('2D SPACE',''
  ) );
#6076 = PCURVE('',#1339,#6077);
#6077 = DEFINITIONAL_REPRESENTATION('',(#6078),#6082);
#6078 = LINE('',#6079,#6080);
#6079 = CARTESIAN_POINT('',(6.28318530718,0.));
#6080 = VECTOR('',#6081,1.);
#6081 = DIRECTION('',(-1.,0.));
#6082 = ( GEOMETRIC_REPRESENTATION_CONTEXT(2) 
PARAMETRIC_REPRESENTATION_CONTEXT() REPRESENTATION_CONTEXT('2D SPACE',''
  ) );
#6083 = ORIENTED_EDGE('',*,*,#6084,.F.);
#6084 = EDGE_CURVE('',#5936,#6061,#6085,.T.);
#6085 = SURFACE_CURVE('',#6086,(#6090,#6097),.PCURVE_S1.);
#6086 = LINE('',#6087,#6088);
#6087 = CARTESIAN_POINT('',(27.77,-6.,5.));
#6088 = VECTOR('',#6089,1.);
#6089 = DIRECTION('',(1.,1.445602896647E-16,0.));
#6090 = PCURVE('',#2306,#6091);
#6091 = DEFINITIONAL_REPRESENTATION('',(#6092),#6096);
#6092 = LINE('',#6093,#6094);
#6093 = CARTESIAN_POINT('',(-57.,-6.));
#6094 = VECTOR('',#6095,1.);
#6095 = DIRECTION('',(1.,1.445602896647E-16));
#6096 = ( GEOMETRIC_REPRESENTATION_CONTEXT(2) 
PARAMETRIC_REPRESENTATION_CONTEXT() REPRESENTATION_CONTEXT('2D SPACE',''
  ) );
#6097 = PCURVE('',#6098,#6103);
#6098 = PLANE('',#6099);
#6099 = AXIS2_PLACEMENT_3D('',#6100,#6101,#6102);
#6100 = CARTESIAN_POINT('',(27.77,-6.,5.));
#6101 = DIRECTION('',(-1.445602896647E-16,1.,0.));
#6102 = DIRECTION('',(-1.,-1.445602896647E-16,0.));
#6103 = DEFINITIONAL_REPRESENTATION('',(#6104),#6108);
#6104 = LINE('',#6105,#6106);
#6105 = CARTESIAN_POINT('',(0.,0.));
#6106 = VECTOR('',#6107,1.);
#6107 = DIRECTION('',(-1.,0.));
#6108 = ( GEOMETRIC_REPRESENTATION_CONTEXT(2) 
PARAMETRIC_REPRESENTATION_CONTEXT() REPRESENTATION_CONTEXT('2D SPACE',''
  ) );
#6109 = FACE_BOUND('',#6110,.T.);
#6110 = EDGE_LOOP('',(#6111,#6137,#6158,#6159,#6182,#6210,#6238,#6262));
#6111 = ORIENTED_EDGE('',*,*,#6112,.F.);
#6112 = EDGE_CURVE('',#6113,#6115,#6117,.T.);
#6113 = VERTEX_POINT('',#6114);
#6114 = CARTESIAN_POINT('',(50.77,-5.,5.));
#6115 = VERTEX_POINT('',#6116);
#6116 = CARTESIAN_POINT('',(51.77,-6.,5.));
#6117 = SURFACE_CURVE('',#6118,(#6123,#6130),.PCURVE_S1.);
#6118 = CIRCLE('',#6119,1.);
#6119 = AXIS2_PLACEMENT_3D('',#6120,#6121,#6122);
#6120 = CARTESIAN_POINT('',(51.77,-5.,5.));
#6121 = DIRECTION('',(0.,-0.,1.));
#6122 = DIRECTION('',(-1.,0.,0.));
#6123 = PCURVE('',#2306,#6124);
#6124 = DEFINITIONAL_REPRESENTATION('',(#6125),#6129);
#6125 = CIRCLE('',#6126,1.);
#6126 = AXIS2_PLACEMENT_2D('',#6127,#6128);
#6127 = CARTESIAN_POINT('',(-33.,-5.));
#6128 = DIRECTION('',(-1.,0.));
#6129 = ( GEOMETRIC_REPRESENTATION_CONTEXT(2) 
PARAMETRIC_REPRESENTATION_CONTEXT() REPRESENTATION_CONTEXT('2D SPACE',''
  ) );
#6130 = PCURVE('',#2240,#6131);
#6131 = DEFINITIONAL_REPRESENTATION('',(#6132),#6136);
#6132 = LINE('',#6133,#6134);
#6133 = CARTESIAN_POINT('',(6.28318530718,0.));
#6134 = VECTOR('',#6135,1.);
#6135 = DIRECTION('',(-1.,0.));
#6136 = ( GEOMETRIC_REPRESENTATION_CONTEXT(2) 
PARAMETRIC_REPRESENTATION_CONTEXT() REPRESENTATION_CONTEXT('2D SPACE',''
  ) );
#6137 = ORIENTED_EDGE('',*,*,#6138,.T.);
#6138 = EDGE_CURVE('',#6113,#4529,#6139,.T.);
#6139 = SURFACE_CURVE('',#6140,(#6144,#6151),.PCURVE_S1.);
#6140 = LINE('',#6141,#6142);
#6141 = CARTESIAN_POINT('',(50.77,-6.217531799271E-15,5.));
#6142 = VECTOR('',#6143,1.);
#6143 = DIRECTION('',(0.,1.,0.));
#6144 = PCURVE('',#2306,#6145);
#6145 = DEFINITIONAL_REPRESENTATION('',(#6146),#6150);
#6146 = LINE('',#6147,#6148);
#6147 = CARTESIAN_POINT('',(-34.,-6.217531799271E-15));
#6148 = VECTOR('',#6149,1.);
#6149 = DIRECTION('',(0.,1.));
#6150 = ( GEOMETRIC_REPRESENTATION_CONTEXT(2) 
PARAMETRIC_REPRESENTATION_CONTEXT() REPRESENTATION_CONTEXT('2D SPACE',''
  ) );
#6151 = PCURVE('',#4662,#6152);
#6152 = DEFINITIONAL_REPRESENTATION('',(#6153),#6157);
#6153 = LINE('',#6154,#6155);
#6154 = CARTESIAN_POINT('',(-1.,0.));
#6155 = VECTOR('',#6156,1.);
#6156 = DIRECTION('',(0.,1.));
#6157 = ( GEOMETRIC_REPRESENTATION_CONTEXT(2) 
PARAMETRIC_REPRESENTATION_CONTEXT() REPRESENTATION_CONTEXT('2D SPACE',''
  ) );
#6158 = ORIENTED_EDGE('',*,*,#4528,.T.);
#6159 = ORIENTED_EDGE('',*,*,#6160,.T.);
#6160 = EDGE_CURVE('',#4531,#6161,#6163,.T.);
#6161 = VERTEX_POINT('',#6162);
#6162 = CARTESIAN_POINT('',(57.77,6.,5.));
#6163 = SURFACE_CURVE('',#6164,(#6168,#6175),.PCURVE_S1.);
#6164 = LINE('',#6165,#6166);
#6165 = CARTESIAN_POINT('',(57.77,6.,5.));
#6166 = VECTOR('',#6167,1.);
#6167 = DIRECTION('',(1.,-1.445602896647E-16,-0.));
#6168 = PCURVE('',#2306,#6169);
#6169 = DEFINITIONAL_REPRESENTATION('',(#6170),#6174);
#6170 = LINE('',#6171,#6172);
#6171 = CARTESIAN_POINT('',(-27.,6.));
#6172 = VECTOR('',#6173,1.);
#6173 = DIRECTION('',(1.,-1.445602896647E-16));
#6174 = ( GEOMETRIC_REPRESENTATION_CONTEXT(2) 
PARAMETRIC_REPRESENTATION_CONTEXT() REPRESENTATION_CONTEXT('2D SPACE',''
  ) );
#6175 = PCURVE('',#4579,#6176);
#6176 = DEFINITIONAL_REPRESENTATION('',(#6177),#6181);
#6177 = LINE('',#6178,#6179);
#6178 = CARTESIAN_POINT('',(0.,0.));
#6179 = VECTOR('',#6180,1.);
#6180 = DIRECTION('',(-1.,0.));
#6181 = ( GEOMETRIC_REPRESENTATION_CONTEXT(2) 
PARAMETRIC_REPRESENTATION_CONTEXT() REPRESENTATION_CONTEXT('2D SPACE',''
  ) );
#6182 = ORIENTED_EDGE('',*,*,#6183,.T.);
#6183 = EDGE_CURVE('',#6161,#6184,#6186,.T.);
#6184 = VERTEX_POINT('',#6185);
#6185 = CARTESIAN_POINT('',(58.77,5.,5.));
#6186 = SURFACE_CURVE('',#6187,(#6192,#6203),.PCURVE_S1.);
#6187 = CIRCLE('',#6188,1.);
#6188 = AXIS2_PLACEMENT_3D('',#6189,#6190,#6191);
#6189 = CARTESIAN_POINT('',(57.77,5.,5.));
#6190 = DIRECTION('',(0.,0.,-1.));
#6191 = DIRECTION('',(-1.,0.,0.));
#6192 = PCURVE('',#2306,#6193);
#6193 = DEFINITIONAL_REPRESENTATION('',(#6194),#6202);
#6194 = ( BOUNDED_CURVE() B_SPLINE_CURVE(2,(#6195,#6196,#6197,#6198,
#6199,#6200,#6201),.UNSPECIFIED.,.T.,.F.) B_SPLINE_CURVE_WITH_KNOTS((1,2
    ,2,2,2,1),(-2.094395102393,0.,2.094395102393,4.188790204786,
6.28318530718,8.377580409573),.UNSPECIFIED.) CURVE() 
GEOMETRIC_REPRESENTATION_ITEM() RATIONAL_B_SPLINE_CURVE((1.,0.5,1.,0.5,
1.,0.5,1.)) REPRESENTATION_ITEM('') );
#6195 = CARTESIAN_POINT('',(-28.,5.));
#6196 = CARTESIAN_POINT('',(-28.,6.732050807569));
#6197 = CARTESIAN_POINT('',(-26.5,5.866025403784));
#6198 = CARTESIAN_POINT('',(-25.,5.));
#6199 = CARTESIAN_POINT('',(-26.5,4.133974596216));
#6200 = CARTESIAN_POINT('',(-28.,3.267949192431));
#6201 = CARTESIAN_POINT('',(-28.,5.));
#6202 = ( GEOMETRIC_REPRESENTATION_CONTEXT(2) 
PARAMETRIC_REPRESENTATION_CONTEXT() REPRESENTATION_CONTEXT('2D SPACE',''
  ) );
#6203 = PCURVE('',#1946,#6204);
#6204 = DEFINITIONAL_REPRESENTATION('',(#6205),#6209);
#6205 = LINE('',#6206,#6207);
#6206 = CARTESIAN_POINT('',(0.,0.));
#6207 = VECTOR('',#6208,1.);
#6208 = DIRECTION('',(1.,0.));
#6209 = ( GEOMETRIC_REPRESENTATION_CONTEXT(2) 
PARAMETRIC_REPRESENTATION_CONTEXT() REPRESENTATION_CONTEXT('2D SPACE',''
  ) );
#6210 = ORIENTED_EDGE('',*,*,#6211,.T.);
#6211 = EDGE_CURVE('',#6184,#6212,#6214,.T.);
#6212 = VERTEX_POINT('',#6213);
#6213 = CARTESIAN_POINT('',(58.77,-5.,5.));
#6214 = SURFACE_CURVE('',#6215,(#6219,#6226),.PCURVE_S1.);
#6215 = LINE('',#6216,#6217);
#6216 = CARTESIAN_POINT('',(58.77,5.,5.));
#6217 = VECTOR('',#6218,1.);
#6218 = DIRECTION('',(0.,-1.,0.));
#6219 = PCURVE('',#2306,#6220);
#6220 = DEFINITIONAL_REPRESENTATION('',(#6221),#6225);
#6221 = LINE('',#6222,#6223);
#6222 = CARTESIAN_POINT('',(-26.,5.));
#6223 = VECTOR('',#6224,1.);
#6224 = DIRECTION('',(0.,-1.));
#6225 = ( GEOMETRIC_REPRESENTATION_CONTEXT(2) 
PARAMETRIC_REPRESENTATION_CONTEXT() REPRESENTATION_CONTEXT('2D SPACE',''
  ) );
#6226 = PCURVE('',#6227,#6232);
#6227 = PLANE('',#6228);
#6228 = AXIS2_PLACEMENT_3D('',#6229,#6230,#6231);
#6229 = CARTESIAN_POINT('',(58.77,5.,4.));
#6230 = DIRECTION('',(-1.,0.,0.));
#6231 = DIRECTION('',(0.,0.,1.));
#6232 = DEFINITIONAL_REPRESENTATION('',(#6233),#6237);
#6233 = LINE('',#6234,#6235);
#6234 = CARTESIAN_POINT('',(1.,0.));
#6235 = VECTOR('',#6236,1.);
#6236 = DIRECTION('',(0.,-1.));
#6237 = ( GEOMETRIC_REPRESENTATION_CONTEXT(2) 
PARAMETRIC_REPRESENTATION_CONTEXT() REPRESENTATION_CONTEXT('2D SPACE',''
  ) );
#6238 = ORIENTED_EDGE('',*,*,#6239,.F.);
#6239 = EDGE_CURVE('',#6240,#6212,#6242,.T.);
#6240 = VERTEX_POINT('',#6241);
#6241 = CARTESIAN_POINT('',(57.77,-6.,5.));
#6242 = SURFACE_CURVE('',#6243,(#6248,#6255),.PCURVE_S1.);
#6243 = CIRCLE('',#6244,1.);
#6244 = AXIS2_PLACEMENT_3D('',#6245,#6246,#6247);
#6245 = CARTESIAN_POINT('',(57.77,-5.,5.));
#6246 = DIRECTION('',(0.,-0.,1.));
#6247 = DIRECTION('',(-1.,0.,0.));
#6248 = PCURVE('',#2306,#6249);
#6249 = DEFINITIONAL_REPRESENTATION('',(#6250),#6254);
#6250 = CIRCLE('',#6251,1.);
#6251 = AXIS2_PLACEMENT_2D('',#6252,#6253);
#6252 = CARTESIAN_POINT('',(-27.,-5.));
#6253 = DIRECTION('',(-1.,0.));
#6254 = ( GEOMETRIC_REPRESENTATION_CONTEXT(2) 
PARAMETRIC_REPRESENTATION_CONTEXT() REPRESENTATION_CONTEXT('2D SPACE',''
  ) );
#6255 = PCURVE('',#2065,#6256);
#6256 = DEFINITIONAL_REPRESENTATION('',(#6257),#6261);
#6257 = LINE('',#6258,#6259);
#6258 = CARTESIAN_POINT('',(6.28318530718,0.));
#6259 = VECTOR('',#6260,1.);
#6260 = DIRECTION('',(-1.,0.));
#6261 = ( GEOMETRIC_REPRESENTATION_CONTEXT(2) 
PARAMETRIC_REPRESENTATION_CONTEXT() REPRESENTATION_CONTEXT('2D SPACE',''
  ) );
#6262 = ORIENTED_EDGE('',*,*,#6263,.F.);
#6263 = EDGE_CURVE('',#6115,#6240,#6264,.T.);
#6264 = SURFACE_CURVE('',#6265,(#6269,#6276),.PCURVE_S1.);
#6265 = LINE('',#6266,#6267);
#6266 = CARTESIAN_POINT('',(57.77,-6.,5.));
#6267 = VECTOR('',#6268,1.);
#6268 = DIRECTION('',(1.,1.445602896647E-16,0.));
#6269 = PCURVE('',#2306,#6270);
#6270 = DEFINITIONAL_REPRESENTATION('',(#6271),#6275);
#6271 = LINE('',#6272,#6273);
#6272 = CARTESIAN_POINT('',(-27.,-6.));
#6273 = VECTOR('',#6274,1.);
#6274 = DIRECTION('',(1.,1.445602896647E-16));
#6275 = ( GEOMETRIC_REPRESENTATION_CONTEXT(2) 
PARAMETRIC_REPRESENTATION_CONTEXT() REPRESENTATION_CONTEXT('2D SPACE',''
  ) );
#6276 = PCURVE('',#6277,#6282);
#6277 = PLANE('',#6278);
#6278 = AXIS2_PLACEMENT_3D('',#6279,#6280,#6281);
#6279 = CARTESIAN_POINT('',(57.77,-6.,5.));
#6280 = DIRECTION('',(-1.445602896647E-16,1.,0.));
#6281 = DIRECTION('',(-1.,-1.445602896647E-16,0.));
#6282 = DEFINITIONAL_REPRESENTATION('',(#6283),#6287);
#6283 = LINE('',#6284,#6285);
#6284 = CARTESIAN_POINT('',(0.,0.));
#6285 = VECTOR('',#6286,1.);
#6286 = DIRECTION('',(-1.,0.));
#6287 = ( GEOMETRIC_REPRESENTATION_CONTEXT(2) 
PARAMETRIC_REPRESENTATION_CONTEXT() REPRESENTATION_CONTEXT('2D SPACE',''
  ) );
#6288 = FACE_BOUND('',#6289,.T.);
#6289 = EDGE_LOOP('',(#6290,#6316));
#6290 = ORIENTED_EDGE('',*,*,#6291,.T.);
#6291 = EDGE_CURVE('',#2285,#2283,#6292,.T.);
#6292 = SURFACE_CURVE('',#6293,(#6298,#6309),.PCURVE_S1.);
#6293 = CIRCLE('',#6294,13.);
#6294 = AXIS2_PLACEMENT_3D('',#6295,#6296,#6297);
#6295 = CARTESIAN_POINT('',(84.77,0.,5.));
#6296 = DIRECTION('',(0.,0.,-1.));
#6297 = DIRECTION('',(1.,0.,0.));
#6298 = PCURVE('',#2306,#6299);
#6299 = DEFINITIONAL_REPRESENTATION('',(#6300),#6308);
#6300 = ( BOUNDED_CURVE() B_SPLINE_CURVE(2,(#6301,#6302,#6303,#6304,
#6305,#6306,#6307),.UNSPECIFIED.,.T.,.F.) B_SPLINE_CURVE_WITH_KNOTS((1,2
    ,2,2,2,1),(-2.094395102393,0.,2.094395102393,4.188790204786,
6.28318530718,8.377580409573),.UNSPECIFIED.) CURVE() 
GEOMETRIC_REPRESENTATION_ITEM() RATIONAL_B_SPLINE_CURVE((1.,0.5,1.,0.5,
1.,0.5,1.)) REPRESENTATION_ITEM('') );
#6301 = CARTESIAN_POINT('',(13.,0.));
#6302 = CARTESIAN_POINT('',(13.,-22.51666049839));
#6303 = CARTESIAN_POINT('',(-6.5,-11.25833024919));
#6304 = CARTESIAN_POINT('',(-26.,-3.184081677783E-15));
#6305 = CARTESIAN_POINT('',(-6.5,11.258330249198));
#6306 = CARTESIAN_POINT('',(13.,22.516660498395));
#6307 = CARTESIAN_POINT('',(13.,0.));
#6308 = ( GEOMETRIC_REPRESENTATION_CONTEXT(2) 
PARAMETRIC_REPRESENTATION_CONTEXT() REPRESENTATION_CONTEXT('2D SPACE',''
  ) );
#6309 = PCURVE('',#2339,#6310);
#6310 = DEFINITIONAL_REPRESENTATION('',(#6311),#6315);
#6311 = LINE('',#6312,#6313);
#6312 = CARTESIAN_POINT('',(6.28318530718,1.570796326795));
#6313 = VECTOR('',#6314,1.);
#6314 = DIRECTION('',(-1.,0.));
#6315 = ( GEOMETRIC_REPRESENTATION_CONTEXT(2) 
PARAMETRIC_REPRESENTATION_CONTEXT() REPRESENTATION_CONTEXT('2D SPACE',''
  ) );
#6316 = ORIENTED_EDGE('',*,*,#2282,.T.);
#6317 = FACE_BOUND('',#6318,.T.);
#6318 = EDGE_LOOP('',(#6319,#6349,#6378,#6399,#6400,#6424,#6452,#6481,
    #6514));
#6319 = ORIENTED_EDGE('',*,*,#6320,.T.);
#6320 = EDGE_CURVE('',#6321,#6323,#6325,.T.);
#6321 = VERTEX_POINT('',#6322);
#6322 = CARTESIAN_POINT('',(-67.05716549893,16.532254267625,5.));
#6323 = VERTEX_POINT('',#6324);
#6324 = CARTESIAN_POINT('',(-85.24422437183,15.992970682308,5.));
#6325 = SURFACE_CURVE('',#6326,(#6330,#6337),.PCURVE_S1.);
#6326 = LINE('',#6327,#6328);
#6327 = CARTESIAN_POINT('',(84.146839536393,21.01576303722,5.));
#6328 = VECTOR('',#6329,1.);
#6329 = DIRECTION('',(-0.999560667644,-2.963902323935E-02,0.));
#6330 = PCURVE('',#2306,#6331);
#6331 = DEFINITIONAL_REPRESENTATION('',(#6332),#6336);
#6332 = LINE('',#6333,#6334);
#6333 = CARTESIAN_POINT('',(-0.623160463607,21.01576303722));
#6334 = VECTOR('',#6335,1.);
#6335 = DIRECTION('',(-0.999560667644,-2.963902323935E-02));
#6336 = ( GEOMETRIC_REPRESENTATION_CONTEXT(2) 
PARAMETRIC_REPRESENTATION_CONTEXT() REPRESENTATION_CONTEXT('2D SPACE',''
  ) );
#6337 = PCURVE('',#6338,#6343);
#6338 = CYLINDRICAL_SURFACE('',#6339,1.);
#6339 = AXIS2_PLACEMENT_3D('',#6340,#6341,#6342);
#6340 = CARTESIAN_POINT('',(84.146839536393,21.01576303722,4.));
#6341 = DIRECTION('',(-0.999560667644,-2.963902323935E-02,0.));
#6342 = DIRECTION('',(2.963902323935E-02,-0.999560667644,0.));
#6343 = DEFINITIONAL_REPRESENTATION('',(#6344),#6348);
#6344 = LINE('',#6345,#6346);
#6345 = CARTESIAN_POINT('',(1.570796326795,2.84217094304E-14));
#6346 = VECTOR('',#6347,1.);
#6347 = DIRECTION('',(-1.952571265947E-16,1.));
#6348 = ( GEOMETRIC_REPRESENTATION_CONTEXT(2) 
PARAMETRIC_REPRESENTATION_CONTEXT() REPRESENTATION_CONTEXT('2D SPACE',''
  ) );
#6349 = ORIENTED_EDGE('',*,*,#6350,.T.);
#6350 = EDGE_CURVE('',#6323,#6351,#6353,.T.);
#6351 = VERTEX_POINT('',#6352);
#6352 = CARTESIAN_POINT('',(-85.24422437183,-15.9929706823,5.));
#6353 = SURFACE_CURVE('',#6354,(#6359,#6366),.PCURVE_S1.);
#6354 = CIRCLE('',#6355,16.);
#6355 = AXIS2_PLACEMENT_3D('',#6356,#6357,#6358);
#6356 = CARTESIAN_POINT('',(-84.77,0.,5.));
#6357 = DIRECTION('',(0.,0.,1.));
#6358 = DIRECTION('',(1.,0.,-0.));
#6359 = PCURVE('',#2306,#6360);
#6360 = DEFINITIONAL_REPRESENTATION('',(#6361),#6365);
#6361 = CIRCLE('',#6362,16.);
#6362 = AXIS2_PLACEMENT_2D('',#6363,#6364);
#6363 = CARTESIAN_POINT('',(-169.54,0.));
#6364 = DIRECTION('',(1.,0.));
#6365 = ( GEOMETRIC_REPRESENTATION_CONTEXT(2) 
PARAMETRIC_REPRESENTATION_CONTEXT() REPRESENTATION_CONTEXT('2D SPACE',''
  ) );
#6366 = PCURVE('',#6367,#6372);
#6367 = TOROIDAL_SURFACE('',#6368,16.,1.);
#6368 = AXIS2_PLACEMENT_3D('',#6369,#6370,#6371);
#6369 = CARTESIAN_POINT('',(-84.77,0.,4.));
#6370 = DIRECTION('',(0.,0.,1.));
#6371 = DIRECTION('',(1.,0.,-0.));
#6372 = DEFINITIONAL_REPRESENTATION('',(#6373),#6377);
#6373 = LINE('',#6374,#6375);
#6374 = CARTESIAN_POINT('',(0.,1.570796326795));
#6375 = VECTOR('',#6376,1.);
#6376 = DIRECTION('',(1.,7.203847066194E-17));
#6377 = ( GEOMETRIC_REPRESENTATION_CONTEXT(2) 
PARAMETRIC_REPRESENTATION_CONTEXT() REPRESENTATION_CONTEXT('2D SPACE',''
  ) );
#6378 = ORIENTED_EDGE('',*,*,#6379,.T.);
#6379 = EDGE_CURVE('',#6351,#2822,#6380,.T.);
#6380 = SURFACE_CURVE('',#6381,(#6385,#6392),.PCURVE_S1.);
#6381 = LINE('',#6382,#6383);
#6382 = CARTESIAN_POINT('',(84.146839536393,-21.01576303722,5.));
#6383 = VECTOR('',#6384,1.);
#6384 = DIRECTION('',(0.999560667644,-2.963902323935E-02,0.));
#6385 = PCURVE('',#2306,#6386);
#6386 = DEFINITIONAL_REPRESENTATION('',(#6387),#6391);
#6387 = LINE('',#6388,#6389);
#6388 = CARTESIAN_POINT('',(-0.623160463607,-21.01576303722));
#6389 = VECTOR('',#6390,1.);
#6390 = DIRECTION('',(0.999560667644,-2.963902323935E-02));
#6391 = ( GEOMETRIC_REPRESENTATION_CONTEXT(2) 
PARAMETRIC_REPRESENTATION_CONTEXT() REPRESENTATION_CONTEXT('2D SPACE',''
  ) );
#6392 = PCURVE('',#2860,#6393);
#6393 = DEFINITIONAL_REPRESENTATION('',(#6394),#6398);
#6394 = LINE('',#6395,#6396);
#6395 = CARTESIAN_POINT('',(1.570796326795,-2.84217094304E-14));
#6396 = VECTOR('',#6397,1.);
#6397 = DIRECTION('',(0.,1.));
#6398 = ( GEOMETRIC_REPRESENTATION_CONTEXT(2) 
PARAMETRIC_REPRESENTATION_CONTEXT() REPRESENTATION_CONTEXT('2D SPACE',''
  ) );
#6399 = ORIENTED_EDGE('',*,*,#2821,.T.);
#6400 = ORIENTED_EDGE('',*,*,#6401,.T.);
#6401 = EDGE_CURVE('',#2793,#6402,#6404,.T.);
#6402 = VERTEX_POINT('',#6403);
#6403 = CARTESIAN_POINT('',(84.146839536393,21.01576303722,5.));
#6404 = SURFACE_CURVE('',#6405,(#6410,#6417),.PCURVE_S1.);
#6405 = CIRCLE('',#6406,21.025);
#6406 = AXIS2_PLACEMENT_3D('',#6407,#6408,#6409);
#6407 = CARTESIAN_POINT('',(84.77,0.,5.));
#6408 = DIRECTION('',(0.,0.,1.));
#6409 = DIRECTION('',(1.,0.,-0.));
#6410 = PCURVE('',#2306,#6411);
#6411 = DEFINITIONAL_REPRESENTATION('',(#6412),#6416);
#6412 = CIRCLE('',#6413,21.025);
#6413 = AXIS2_PLACEMENT_2D('',#6414,#6415);
#6414 = CARTESIAN_POINT('',(0.,0.));
#6415 = DIRECTION('',(1.,0.));
#6416 = ( GEOMETRIC_REPRESENTATION_CONTEXT(2) 
PARAMETRIC_REPRESENTATION_CONTEXT() REPRESENTATION_CONTEXT('2D SPACE',''
  ) );
#6417 = PCURVE('',#2809,#6418);
#6418 = DEFINITIONAL_REPRESENTATION('',(#6419),#6423);
#6419 = LINE('',#6420,#6421);
#6420 = CARTESIAN_POINT('',(0.,1.570796326795));
#6421 = VECTOR('',#6422,1.);
#6422 = DIRECTION('',(1.,2.219836022692E-15));
#6423 = ( GEOMETRIC_REPRESENTATION_CONTEXT(2) 
PARAMETRIC_REPRESENTATION_CONTEXT() REPRESENTATION_CONTEXT('2D SPACE',''
  ) );
#6424 = ORIENTED_EDGE('',*,*,#6425,.T.);
#6425 = EDGE_CURVE('',#6402,#6426,#6428,.T.);
#6426 = VERTEX_POINT('',#6427);
#6427 = CARTESIAN_POINT('',(-36.7279389012,17.43157802161,5.));
#6428 = SURFACE_CURVE('',#6429,(#6433,#6440),.PCURVE_S1.);
#6429 = LINE('',#6430,#6431);
#6430 = CARTESIAN_POINT('',(84.146839536393,21.01576303722,5.));
#6431 = VECTOR('',#6432,1.);
#6432 = DIRECTION('',(-0.999560667644,-2.963902323935E-02,0.));
#6433 = PCURVE('',#2306,#6434);
#6434 = DEFINITIONAL_REPRESENTATION('',(#6435),#6439);
#6435 = LINE('',#6436,#6437);
#6436 = CARTESIAN_POINT('',(-0.623160463607,21.01576303722));
#6437 = VECTOR('',#6438,1.);
#6438 = DIRECTION('',(-0.999560667644,-2.963902323935E-02));
#6439 = ( GEOMETRIC_REPRESENTATION_CONTEXT(2) 
PARAMETRIC_REPRESENTATION_CONTEXT() REPRESENTATION_CONTEXT('2D SPACE',''
  ) );
#6440 = PCURVE('',#6441,#6446);
#6441 = CYLINDRICAL_SURFACE('',#6442,1.);
#6442 = AXIS2_PLACEMENT_3D('',#6443,#6444,#6445);
#6443 = CARTESIAN_POINT('',(84.146839536393,21.01576303722,4.));
#6444 = DIRECTION('',(-0.999560667644,-2.963902323935E-02,0.));
#6445 = DIRECTION('',(2.963902323935E-02,-0.999560667644,0.));
#6446 = DEFINITIONAL_REPRESENTATION('',(#6447),#6451);
#6447 = LINE('',#6448,#6449);
#6448 = CARTESIAN_POINT('',(1.570796326795,-3.158968898662E-16));
#6449 = VECTOR('',#6450,1.);
#6450 = DIRECTION('',(0.,1.));
#6451 = ( GEOMETRIC_REPRESENTATION_CONTEXT(2) 
PARAMETRIC_REPRESENTATION_CONTEXT() REPRESENTATION_CONTEXT('2D SPACE',''
  ) );
#6452 = ORIENTED_EDGE('',*,*,#6453,.T.);
#6453 = EDGE_CURVE('',#6426,#6454,#6456,.T.);
#6454 = VERTEX_POINT('',#6455);
#6455 = CARTESIAN_POINT('',(-41.36422838088,14.745156611175,5.));
#6456 = SURFACE_CURVE('',#6457,(#6462,#6469),.PCURVE_S1.);
#6457 = CIRCLE('',#6458,5.634615384615);
#6458 = AXIS2_PLACEMENT_3D('',#6459,#6460,#6461);
#6459 = CARTESIAN_POINT('',(-36.56093440487,11.799438105846,5.));
#6460 = DIRECTION('',(0.,0.,1.));
#6461 = DIRECTION('',(1.,0.,-0.));
#6462 = PCURVE('',#2306,#6463);
#6463 = DEFINITIONAL_REPRESENTATION('',(#6464),#6468);
#6464 = CIRCLE('',#6465,5.634615384615);
#6465 = AXIS2_PLACEMENT_2D('',#6466,#6467);
#6466 = CARTESIAN_POINT('',(-121.3309344048,11.799438105846));
#6467 = DIRECTION('',(1.,0.));
#6468 = ( GEOMETRIC_REPRESENTATION_CONTEXT(2) 
PARAMETRIC_REPRESENTATION_CONTEXT() REPRESENTATION_CONTEXT('2D SPACE',''
  ) );
#6469 = PCURVE('',#6470,#6475);
#6470 = TOROIDAL_SURFACE('',#6471,5.634615384615,1.);
#6471 = AXIS2_PLACEMENT_3D('',#6472,#6473,#6474);
#6472 = CARTESIAN_POINT('',(-36.56093440487,11.799438105846,4.));
#6473 = DIRECTION('',(0.,0.,1.));
#6474 = DIRECTION('',(1.,0.,-0.));
#6475 = DEFINITIONAL_REPRESENTATION('',(#6476),#6480);
#6476 = LINE('',#6477,#6478);
#6477 = CARTESIAN_POINT('',(0.,1.570796326795));
#6478 = VECTOR('',#6479,1.);
#6479 = DIRECTION('',(1.,2.912698497319E-15));
#6480 = ( GEOMETRIC_REPRESENTATION_CONTEXT(2) 
PARAMETRIC_REPRESENTATION_CONTEXT() REPRESENTATION_CONTEXT('2D SPACE',''
  ) );
#6481 = ORIENTED_EDGE('',*,*,#6482,.T.);
#6482 = EDGE_CURVE('',#6454,#6483,#6485,.T.);
#6483 = VERTEX_POINT('',#6484);
#6484 = CARTESIAN_POINT('',(-62.26984586605,14.125262189022,5.));
#6485 = SURFACE_CURVE('',#6486,(#6491,#6502),.PCURVE_S1.);
#6486 = CIRCLE('',#6487,12.5);
#6487 = AXIS2_PLACEMENT_3D('',#6488,#6489,#6490);
#6488 = CARTESIAN_POINT('',(-52.02,21.280027015488,5.));
#6489 = DIRECTION('',(0.,0.,-1.));
#6490 = DIRECTION('',(1.,0.,0.));
#6491 = PCURVE('',#2306,#6492);
#6492 = DEFINITIONAL_REPRESENTATION('',(#6493),#6501);
#6493 = ( BOUNDED_CURVE() B_SPLINE_CURVE(2,(#6494,#6495,#6496,#6497,
#6498,#6499,#6500),.UNSPECIFIED.,.T.,.F.) B_SPLINE_CURVE_WITH_KNOTS((1,2
    ,2,2,2,1),(-2.094395102393,0.,2.094395102393,4.188790204786,
6.28318530718,8.377580409573),.UNSPECIFIED.) CURVE() 
GEOMETRIC_REPRESENTATION_ITEM() RATIONAL_B_SPLINE_CURVE((1.,0.5,1.,0.5,
1.,0.5,1.)) REPRESENTATION_ITEM('') );
#6494 = CARTESIAN_POINT('',(-124.29,21.280027015488));
#6495 = CARTESIAN_POINT('',(-124.29,-0.370608079123));
#6496 = CARTESIAN_POINT('',(-143.04,10.454709468183));
#6497 = CARTESIAN_POINT('',(-161.79,21.280027015488));
#6498 = CARTESIAN_POINT('',(-143.04,32.105344562793));
#6499 = CARTESIAN_POINT('',(-124.29,42.930662110099));
#6500 = CARTESIAN_POINT('',(-124.29,21.280027015488));
#6501 = ( GEOMETRIC_REPRESENTATION_CONTEXT(2) 
PARAMETRIC_REPRESENTATION_CONTEXT() REPRESENTATION_CONTEXT('2D SPACE',''
  ) );
#6502 = PCURVE('',#6503,#6508);
#6503 = TOROIDAL_SURFACE('',#6504,12.5,1.);
#6504 = AXIS2_PLACEMENT_3D('',#6505,#6506,#6507);
#6505 = CARTESIAN_POINT('',(-52.02,21.280027015488,4.));
#6506 = DIRECTION('',(0.,0.,1.));
#6507 = DIRECTION('',(1.,0.,-0.));
#6508 = DEFINITIONAL_REPRESENTATION('',(#6509),#6513);
#6509 = LINE('',#6510,#6511);
#6510 = CARTESIAN_POINT('',(6.28318530718,1.570796326795));
#6511 = VECTOR('',#6512,1.);
#6512 = DIRECTION('',(-1.,2.24053730563E-16));
#6513 = ( GEOMETRIC_REPRESENTATION_CONTEXT(2) 
PARAMETRIC_REPRESENTATION_CONTEXT() REPRESENTATION_CONTEXT('2D SPACE',''
  ) );
#6514 = ORIENTED_EDGE('',*,*,#6515,.T.);
#6515 = EDGE_CURVE('',#6483,#6321,#6516,.T.);
#6516 = SURFACE_CURVE('',#6517,(#6522,#6529),.PCURVE_S1.);
#6517 = CIRCLE('',#6518,5.634615384615);
#6518 = AXIS2_PLACEMENT_3D('',#6519,#6520,#6521);
#6519 = CARTESIAN_POINT('',(-66.8901610026,10.90011435186,5.));
#6520 = DIRECTION('',(0.,0.,1.));
#6521 = DIRECTION('',(1.,0.,-0.));
#6522 = PCURVE('',#2306,#6523);
#6523 = DEFINITIONAL_REPRESENTATION('',(#6524),#6528);
#6524 = CIRCLE('',#6525,5.634615384615);
#6525 = AXIS2_PLACEMENT_2D('',#6526,#6527);
#6526 = CARTESIAN_POINT('',(-151.6601610026,10.90011435186));
#6527 = DIRECTION('',(1.,0.));
#6528 = ( GEOMETRIC_REPRESENTATION_CONTEXT(2) 
PARAMETRIC_REPRESENTATION_CONTEXT() REPRESENTATION_CONTEXT('2D SPACE',''
  ) );
#6529 = PCURVE('',#6530,#6535);
#6530 = TOROIDAL_SURFACE('',#6531,5.634615384615,1.);
#6531 = AXIS2_PLACEMENT_3D('',#6532,#6533,#6534);
#6532 = CARTESIAN_POINT('',(-66.8901610026,10.90011435186,4.));
#6533 = DIRECTION('',(0.,0.,1.));
#6534 = DIRECTION('',(1.,0.,-0.));
#6535 = DEFINITIONAL_REPRESENTATION('',(#6536),#6540);
#6536 = LINE('',#6537,#6538);
#6537 = CARTESIAN_POINT('',(-2.22044604925E-16,1.570796326795));
#6538 = VECTOR('',#6539,1.);
#6539 = DIRECTION('',(1.,1.568376113941E-15));
#6540 = ( GEOMETRIC_REPRESENTATION_CONTEXT(2) 
PARAMETRIC_REPRESENTATION_CONTEXT() REPRESENTATION_CONTEXT('2D SPACE',''
  ) );
#6541 = FACE_BOUND('',#6542,.T.);
#6542 = EDGE_LOOP('',(#6543,#6569));
#6543 = ORIENTED_EDGE('',*,*,#6544,.T.);
#6544 = EDGE_CURVE('',#2979,#3029,#6545,.T.);
#6545 = SURFACE_CURVE('',#6546,(#6551,#6562),.PCURVE_S1.);
#6546 = CIRCLE('',#6547,1.4);
#6547 = AXIS2_PLACEMENT_3D('',#6548,#6549,#6550);
#6548 = CARTESIAN_POINT('',(84.77,19.025,5.));
#6549 = DIRECTION('',(0.,0.,-1.));
#6550 = DIRECTION('',(-1.,0.,0.));
#6551 = PCURVE('',#2306,#6552);
#6552 = DEFINITIONAL_REPRESENTATION('',(#6553),#6561);
#6553 = ( BOUNDED_CURVE() B_SPLINE_CURVE(2,(#6554,#6555,#6556,#6557,
#6558,#6559,#6560),.UNSPECIFIED.,.T.,.F.) B_SPLINE_CURVE_WITH_KNOTS((1,2
    ,2,2,2,1),(-2.094395102393,0.,2.094395102393,4.188790204786,
6.28318530718,8.377580409573),.UNSPECIFIED.) CURVE() 
GEOMETRIC_REPRESENTATION_ITEM() RATIONAL_B_SPLINE_CURVE((1.,0.5,1.,0.5,
1.,0.5,1.)) REPRESENTATION_ITEM('') );
#6554 = CARTESIAN_POINT('',(-1.4,19.025));
#6555 = CARTESIAN_POINT('',(-1.4,21.449871130596));
#6556 = CARTESIAN_POINT('',(0.7,20.237435565298));
#6557 = CARTESIAN_POINT('',(2.8,19.025));
#6558 = CARTESIAN_POINT('',(0.7,17.812564434702));
#6559 = CARTESIAN_POINT('',(-1.4,16.600128869404));
#6560 = CARTESIAN_POINT('',(-1.4,19.025));
#6561 = ( GEOMETRIC_REPRESENTATION_CONTEXT(2) 
PARAMETRIC_REPRESENTATION_CONTEXT() REPRESENTATION_CONTEXT('2D SPACE',''
  ) );
#6562 = PCURVE('',#45,#6563);
#6563 = DEFINITIONAL_REPRESENTATION('',(#6564),#6568);
#6564 = LINE('',#6565,#6566);
#6565 = CARTESIAN_POINT('',(0.,0.));
#6566 = VECTOR('',#6567,1.);
#6567 = DIRECTION('',(1.,0.));
#6568 = ( GEOMETRIC_REPRESENTATION_CONTEXT(2) 
PARAMETRIC_REPRESENTATION_CONTEXT() REPRESENTATION_CONTEXT('2D SPACE',''
  ) );
#6569 = ORIENTED_EDGE('',*,*,#3051,.T.);
#6570 = FACE_BOUND('',#6571,.T.);
#6571 = EDGE_LOOP('',(#6572,#6598));
#6572 = ORIENTED_EDGE('',*,*,#6573,.T.);
#6573 = EDGE_CURVE('',#3081,#3131,#6574,.T.);
#6574 = SURFACE_CURVE('',#6575,(#6580,#6591),.PCURVE_S1.);
#6575 = CIRCLE('',#6576,1.4);
#6576 = AXIS2_PLACEMENT_3D('',#6577,#6578,#6579);
#6577 = CARTESIAN_POINT('',(101.24613330699,9.5125,5.));
#6578 = DIRECTION('',(0.,0.,-1.));
#6579 = DIRECTION('',(-1.,0.,0.));
#6580 = PCURVE('',#2306,#6581);
#6581 = DEFINITIONAL_REPRESENTATION('',(#6582),#6590);
#6582 = ( BOUNDED_CURVE() B_SPLINE_CURVE(2,(#6583,#6584,#6585,#6586,
#6587,#6588,#6589),.UNSPECIFIED.,.T.,.F.) B_SPLINE_CURVE_WITH_KNOTS((1,2
    ,2,2,2,1),(-2.094395102393,0.,2.094395102393,4.188790204786,
6.28318530718,8.377580409573),.UNSPECIFIED.) CURVE() 
GEOMETRIC_REPRESENTATION_ITEM() RATIONAL_B_SPLINE_CURVE((1.,0.5,1.,0.5,
1.,0.5,1.)) REPRESENTATION_ITEM('') );
#6583 = CARTESIAN_POINT('',(15.076133306999,9.5125));
#6584 = CARTESIAN_POINT('',(15.076133306999,11.937371130596));
#6585 = CARTESIAN_POINT('',(17.176133306999,10.724935565298));
#6586 = CARTESIAN_POINT('',(19.276133306999,9.5125));
#6587 = CARTESIAN_POINT('',(17.176133306999,8.300064434702));
#6588 = CARTESIAN_POINT('',(15.076133306999,7.087628869404));
#6589 = CARTESIAN_POINT('',(15.076133306999,9.5125));
#6590 = ( GEOMETRIC_REPRESENTATION_CONTEXT(2) 
PARAMETRIC_REPRESENTATION_CONTEXT() REPRESENTATION_CONTEXT('2D SPACE',''
  ) );
#6591 = PCURVE('',#164,#6592);
#6592 = DEFINITIONAL_REPRESENTATION('',(#6593),#6597);
#6593 = LINE('',#6594,#6595);
#6594 = CARTESIAN_POINT('',(0.,0.));
#6595 = VECTOR('',#6596,1.);
#6596 = DIRECTION('',(1.,0.));
#6597 = ( GEOMETRIC_REPRESENTATION_CONTEXT(2) 
PARAMETRIC_REPRESENTATION_CONTEXT() REPRESENTATION_CONTEXT('2D SPACE',''
  ) );
#6598 = ORIENTED_EDGE('',*,*,#3153,.T.);
#6599 = FACE_BOUND('',#6600,.T.);
#6600 = EDGE_LOOP('',(#6601,#6627));
#6601 = ORIENTED_EDGE('',*,*,#6602,.T.);
#6602 = EDGE_CURVE('',#3183,#3233,#6603,.T.);
#6603 = SURFACE_CURVE('',#6604,(#6609,#6620),.PCURVE_S1.);
#6604 = CIRCLE('',#6605,1.4);
#6605 = AXIS2_PLACEMENT_3D('',#6606,#6607,#6608);
#6606 = CARTESIAN_POINT('',(101.24613330699,-9.5125,5.));
#6607 = DIRECTION('',(0.,0.,-1.));
#6608 = DIRECTION('',(-1.,0.,0.));
#6609 = PCURVE('',#2306,#6610);
#6610 = DEFINITIONAL_REPRESENTATION('',(#6611),#6619);
#6611 = ( BOUNDED_CURVE() B_SPLINE_CURVE(2,(#6612,#6613,#6614,#6615,
#6616,#6617,#6618),.UNSPECIFIED.,.T.,.F.) B_SPLINE_CURVE_WITH_KNOTS((1,2
    ,2,2,2,1),(-2.094395102393,0.,2.094395102393,4.188790204786,
6.28318530718,8.377580409573),.UNSPECIFIED.) CURVE() 
GEOMETRIC_REPRESENTATION_ITEM() RATIONAL_B_SPLINE_CURVE((1.,0.5,1.,0.5,
1.,0.5,1.)) REPRESENTATION_ITEM('') );
#6612 = CARTESIAN_POINT('',(15.076133306999,-9.5125));
#6613 = CARTESIAN_POINT('',(15.076133306999,-7.087628869404));
#6614 = CARTESIAN_POINT('',(17.176133306999,-8.300064434702));
#6615 = CARTESIAN_POINT('',(19.276133306999,-9.5125));
#6616 = CARTESIAN_POINT('',(17.176133306999,-10.72493556529));
#6617 = CARTESIAN_POINT('',(15.076133306999,-11.93737113059));
#6618 = CARTESIAN_POINT('',(15.076133306999,-9.5125));
#6619 = ( GEOMETRIC_REPRESENTATION_CONTEXT(2) 
PARAMETRIC_REPRESENTATION_CONTEXT() REPRESENTATION_CONTEXT('2D SPACE',''
  ) );
#6620 = PCURVE('',#278,#6621);
#6621 = DEFINITIONAL_REPRESENTATION('',(#6622),#6626);
#6622 = LINE('',#6623,#6624);
#6623 = CARTESIAN_POINT('',(0.,0.));
#6624 = VECTOR('',#6625,1.);
#6625 = DIRECTION('',(1.,0.));
#6626 = ( GEOMETRIC_REPRESENTATION_CONTEXT(2) 
PARAMETRIC_REPRESENTATION_CONTEXT() REPRESENTATION_CONTEXT('2D SPACE',''
  ) );
#6627 = ORIENTED_EDGE('',*,*,#3255,.T.);
#6628 = FACE_BOUND('',#6629,.T.);
#6629 = EDGE_LOOP('',(#6630,#6656));
#6630 = ORIENTED_EDGE('',*,*,#6631,.T.);
#6631 = EDGE_CURVE('',#3285,#3348,#6632,.T.);
#6632 = SURFACE_CURVE('',#6633,(#6638,#6649),.PCURVE_S1.);
#6633 = CIRCLE('',#6634,1.4);
#6634 = AXIS2_PLACEMENT_3D('',#6635,#6636,#6637);
#6635 = CARTESIAN_POINT('',(84.77,-19.025,5.));
#6636 = DIRECTION('',(0.,0.,-1.));
#6637 = DIRECTION('',(-1.,0.,0.));
#6638 = PCURVE('',#2306,#6639);
#6639 = DEFINITIONAL_REPRESENTATION('',(#6640),#6648);
#6640 = ( BOUNDED_CURVE() B_SPLINE_CURVE(2,(#6641,#6642,#6643,#6644,
#6645,#6646,#6647),.UNSPECIFIED.,.T.,.F.) B_SPLINE_CURVE_WITH_KNOTS((1,2
    ,2,2,2,1),(-2.094395102393,0.,2.094395102393,4.188790204786,
6.28318530718,8.377580409573),.UNSPECIFIED.) CURVE() 
GEOMETRIC_REPRESENTATION_ITEM() RATIONAL_B_SPLINE_CURVE((1.,0.5,1.,0.5,
1.,0.5,1.)) REPRESENTATION_ITEM('') );
#6641 = CARTESIAN_POINT('',(-1.4,-19.025));
#6642 = CARTESIAN_POINT('',(-1.4,-16.6001288694));
#6643 = CARTESIAN_POINT('',(0.7,-17.8125644347));
#6644 = CARTESIAN_POINT('',(2.8,-19.025));
#6645 = CARTESIAN_POINT('',(0.7,-20.23743556529));
#6646 = CARTESIAN_POINT('',(-1.4,-21.44987113059));
#6647 = CARTESIAN_POINT('',(-1.4,-19.025));
#6648 = ( GEOMETRIC_REPRESENTATION_CONTEXT(2) 
PARAMETRIC_REPRESENTATION_CONTEXT() REPRESENTATION_CONTEXT('2D SPACE',''
  ) );
#6649 = PCURVE('',#3307,#6650);
#6650 = DEFINITIONAL_REPRESENTATION('',(#6651),#6655);
#6651 = LINE('',#6652,#6653);
#6652 = CARTESIAN_POINT('',(0.,0.));
#6653 = VECTOR('',#6654,1.);
#6654 = DIRECTION('',(1.,0.));
#6655 = ( GEOMETRIC_REPRESENTATION_CONTEXT(2) 
PARAMETRIC_REPRESENTATION_CONTEXT() REPRESENTATION_CONTEXT('2D SPACE',''
  ) );
#6656 = ORIENTED_EDGE('',*,*,#3370,.T.);
#6657 = FACE_BOUND('',#6658,.T.);
#6658 = EDGE_LOOP('',(#6659,#6685));
#6659 = ORIENTED_EDGE('',*,*,#6660,.T.);
#6660 = EDGE_CURVE('',#3400,#3463,#6661,.T.);
#6661 = SURFACE_CURVE('',#6662,(#6667,#6678),.PCURVE_S1.);
#6662 = CIRCLE('',#6663,1.4);
#6663 = AXIS2_PLACEMENT_3D('',#6664,#6665,#6666);
#6664 = CARTESIAN_POINT('',(68.293866693001,-9.5125,5.));
#6665 = DIRECTION('',(0.,0.,-1.));
#6666 = DIRECTION('',(-1.,0.,0.));
#6667 = PCURVE('',#2306,#6668);
#6668 = DEFINITIONAL_REPRESENTATION('',(#6669),#6677);
#6669 = ( BOUNDED_CURVE() B_SPLINE_CURVE(2,(#6670,#6671,#6672,#6673,
#6674,#6675,#6676),.UNSPECIFIED.,.T.,.F.) B_SPLINE_CURVE_WITH_KNOTS((1,2
    ,2,2,2,1),(-2.094395102393,0.,2.094395102393,4.188790204786,
6.28318530718,8.377580409573),.UNSPECIFIED.) CURVE() 
GEOMETRIC_REPRESENTATION_ITEM() RATIONAL_B_SPLINE_CURVE((1.,0.5,1.,0.5,
1.,0.5,1.)) REPRESENTATION_ITEM('') );
#6670 = CARTESIAN_POINT('',(-17.87613330699,-9.5125));
#6671 = CARTESIAN_POINT('',(-17.87613330699,-7.087628869404));
#6672 = CARTESIAN_POINT('',(-15.77613330699,-8.300064434702));
#6673 = CARTESIAN_POINT('',(-13.67613330699,-9.5125));
#6674 = CARTESIAN_POINT('',(-15.77613330699,-10.72493556529));
#6675 = CARTESIAN_POINT('',(-17.87613330699,-11.93737113059));
#6676 = CARTESIAN_POINT('',(-17.87613330699,-9.5125));
#6677 = ( GEOMETRIC_REPRESENTATION_CONTEXT(2) 
PARAMETRIC_REPRESENTATION_CONTEXT() REPRESENTATION_CONTEXT('2D SPACE',''
  ) );
#6678 = PCURVE('',#3422,#6679);
#6679 = DEFINITIONAL_REPRESENTATION('',(#6680),#6684);
#6680 = LINE('',#6681,#6682);
#6681 = CARTESIAN_POINT('',(0.,0.));
#6682 = VECTOR('',#6683,1.);
#6683 = DIRECTION('',(1.,0.));
#6684 = ( GEOMETRIC_REPRESENTATION_CONTEXT(2) 
PARAMETRIC_REPRESENTATION_CONTEXT() REPRESENTATION_CONTEXT('2D SPACE',''
  ) );
#6685 = ORIENTED_EDGE('',*,*,#3485,.T.);
#6686 = FACE_BOUND('',#6687,.T.);
#6687 = EDGE_LOOP('',(#6688,#6714));
#6688 = ORIENTED_EDGE('',*,*,#6689,.T.);
#6689 = EDGE_CURVE('',#3515,#3565,#6690,.T.);
#6690 = SURFACE_CURVE('',#6691,(#6696,#6707),.PCURVE_S1.);
#6691 = CIRCLE('',#6692,1.4);
#6692 = AXIS2_PLACEMENT_3D('',#6693,#6694,#6695);
#6693 = CARTESIAN_POINT('',(68.293866693001,9.5125,5.));
#6694 = DIRECTION('',(0.,0.,-1.));
#6695 = DIRECTION('',(-1.,0.,0.));
#6696 = PCURVE('',#2306,#6697);
#6697 = DEFINITIONAL_REPRESENTATION('',(#6698),#6706);
#6698 = ( BOUNDED_CURVE() B_SPLINE_CURVE(2,(#6699,#6700,#6701,#6702,
#6703,#6704,#6705),.UNSPECIFIED.,.T.,.F.) B_SPLINE_CURVE_WITH_KNOTS((1,2
    ,2,2,2,1),(-2.094395102393,0.,2.094395102393,4.188790204786,
6.28318530718,8.377580409573),.UNSPECIFIED.) CURVE() 
GEOMETRIC_REPRESENTATION_ITEM() RATIONAL_B_SPLINE_CURVE((1.,0.5,1.,0.5,
1.,0.5,1.)) REPRESENTATION_ITEM('') );
#6699 = CARTESIAN_POINT('',(-17.87613330699,9.5125));
#6700 = CARTESIAN_POINT('',(-17.87613330699,11.937371130596));
#6701 = CARTESIAN_POINT('',(-15.77613330699,10.724935565298));
#6702 = CARTESIAN_POINT('',(-13.67613330699,9.5125));
#6703 = CARTESIAN_POINT('',(-15.77613330699,8.300064434702));
#6704 = CARTESIAN_POINT('',(-17.87613330699,7.087628869404));
#6705 = CARTESIAN_POINT('',(-17.87613330699,9.5125));
#6706 = ( GEOMETRIC_REPRESENTATION_CONTEXT(2) 
PARAMETRIC_REPRESENTATION_CONTEXT() REPRESENTATION_CONTEXT('2D SPACE',''
  ) );
#6707 = PCURVE('',#392,#6708);
#6708 = DEFINITIONAL_REPRESENTATION('',(#6709),#6713);
#6709 = LINE('',#6710,#6711);
#6710 = CARTESIAN_POINT('',(0.,0.));
#6711 = VECTOR('',#6712,1.);
#6712 = DIRECTION('',(1.,0.));
#6713 = ( GEOMETRIC_REPRESENTATION_CONTEXT(2) 
PARAMETRIC_REPRESENTATION_CONTEXT() REPRESENTATION_CONTEXT('2D SPACE',''
  ) );
#6714 = ORIENTED_EDGE('',*,*,#3587,.T.);
#6715 = FACE_BOUND('',#6716,.T.);
#6716 = EDGE_LOOP('',(#6717,#6743));
#6717 = ORIENTED_EDGE('',*,*,#6718,.T.);
#6718 = EDGE_CURVE('',#3617,#3676,#6719,.T.);
#6719 = SURFACE_CURVE('',#6720,(#6725,#6736),.PCURVE_S1.);
#6720 = CIRCLE('',#6721,1.4);
#6721 = AXIS2_PLACEMENT_3D('',#6722,#6723,#6724);
#6722 = CARTESIAN_POINT('',(-84.77,7.,5.));
#6723 = DIRECTION('',(0.,0.,-1.));
#6724 = DIRECTION('',(-1.,0.,0.));
#6725 = PCURVE('',#2306,#6726);
#6726 = DEFINITIONAL_REPRESENTATION('',(#6727),#6735);
#6727 = ( BOUNDED_CURVE() B_SPLINE_CURVE(2,(#6728,#6729,#6730,#6731,
#6732,#6733,#6734),.UNSPECIFIED.,.T.,.F.) B_SPLINE_CURVE_WITH_KNOTS((1,2
    ,2,2,2,1),(-2.094395102393,0.,2.094395102393,4.188790204786,
6.28318530718,8.377580409573),.UNSPECIFIED.) CURVE() 
GEOMETRIC_REPRESENTATION_ITEM() RATIONAL_B_SPLINE_CURVE((1.,0.5,1.,0.5,
1.,0.5,1.)) REPRESENTATION_ITEM('') );
#6728 = CARTESIAN_POINT('',(-170.94,7.));
#6729 = CARTESIAN_POINT('',(-170.94,9.424871130596));
#6730 = CARTESIAN_POINT('',(-168.84,8.212435565298));
#6731 = CARTESIAN_POINT('',(-166.74,7.));
#6732 = CARTESIAN_POINT('',(-168.84,5.787564434702));
#6733 = CARTESIAN_POINT('',(-170.94,4.575128869404));
#6734 = CARTESIAN_POINT('',(-170.94,7.));
#6735 = ( GEOMETRIC_REPRESENTATION_CONTEXT(2) 
PARAMETRIC_REPRESENTATION_CONTEXT() REPRESENTATION_CONTEXT('2D SPACE',''
  ) );
#6736 = PCURVE('',#3639,#6737);
#6737 = DEFINITIONAL_REPRESENTATION('',(#6738),#6742);
#6738 = LINE('',#6739,#6740);
#6739 = CARTESIAN_POINT('',(0.,0.));
#6740 = VECTOR('',#6741,1.);
#6741 = DIRECTION('',(1.,0.));
#6742 = ( GEOMETRIC_REPRESENTATION_CONTEXT(2) 
PARAMETRIC_REPRESENTATION_CONTEXT() REPRESENTATION_CONTEXT('2D SPACE',''
  ) );
#6743 = ORIENTED_EDGE('',*,*,#3698,.T.);
#6744 = FACE_BOUND('',#6745,.T.);
#6745 = EDGE_LOOP('',(#6746,#6772));
#6746 = ORIENTED_EDGE('',*,*,#6747,.T.);
#6747 = EDGE_CURVE('',#3728,#3787,#6748,.T.);
#6748 = SURFACE_CURVE('',#6749,(#6754,#6765),.PCURVE_S1.);
#6749 = CIRCLE('',#6750,1.4);
#6750 = AXIS2_PLACEMENT_3D('',#6751,#6752,#6753);
#6751 = CARTESIAN_POINT('',(-91.77,-8.572527594031E-16,5.));
#6752 = DIRECTION('',(0.,0.,-1.));
#6753 = DIRECTION('',(-1.,0.,0.));
#6754 = PCURVE('',#2306,#6755);
#6755 = DEFINITIONAL_REPRESENTATION('',(#6756),#6764);
#6756 = ( BOUNDED_CURVE() B_SPLINE_CURVE(2,(#6757,#6758,#6759,#6760,
#6761,#6762,#6763),.UNSPECIFIED.,.T.,.F.) B_SPLINE_CURVE_WITH_KNOTS((1,2
    ,2,2,2,1),(-2.094395102393,0.,2.094395102393,4.188790204786,
6.28318530718,8.377580409573),.UNSPECIFIED.) CURVE() 
GEOMETRIC_REPRESENTATION_ITEM() RATIONAL_B_SPLINE_CURVE((1.,0.5,1.,0.5,
1.,0.5,1.)) REPRESENTATION_ITEM('') );
#6757 = CARTESIAN_POINT('',(-177.94,-8.572527594031E-16));
#6758 = CARTESIAN_POINT('',(-177.94,2.424871130596));
#6759 = CARTESIAN_POINT('',(-175.84,1.212435565298));
#6760 = CARTESIAN_POINT('',(-173.74,-5.143516556419E-16));
#6761 = CARTESIAN_POINT('',(-175.84,-1.212435565298));
#6762 = CARTESIAN_POINT('',(-177.94,-2.424871130596));
#6763 = CARTESIAN_POINT('',(-177.94,-8.572527594031E-16));
#6764 = ( GEOMETRIC_REPRESENTATION_CONTEXT(2) 
PARAMETRIC_REPRESENTATION_CONTEXT() REPRESENTATION_CONTEXT('2D SPACE',''
  ) );
#6765 = PCURVE('',#3750,#6766);
#6766 = DEFINITIONAL_REPRESENTATION('',(#6767),#6771);
#6767 = LINE('',#6768,#6769);
#6768 = CARTESIAN_POINT('',(0.,0.));
#6769 = VECTOR('',#6770,1.);
#6770 = DIRECTION('',(1.,0.));
#6771 = ( GEOMETRIC_REPRESENTATION_CONTEXT(2) 
PARAMETRIC_REPRESENTATION_CONTEXT() REPRESENTATION_CONTEXT('2D SPACE',''
  ) );
#6772 = ORIENTED_EDGE('',*,*,#3809,.T.);
#6773 = FACE_BOUND('',#6774,.T.);
#6774 = EDGE_LOOP('',(#6775,#6801));
#6775 = ORIENTED_EDGE('',*,*,#6776,.T.);
#6776 = EDGE_CURVE('',#3839,#3898,#6777,.T.);
#6777 = SURFACE_CURVE('',#6778,(#6783,#6794),.PCURVE_S1.);
#6778 = CIRCLE('',#6779,1.4);
#6779 = AXIS2_PLACEMENT_3D('',#6780,#6781,#6782);
#6780 = CARTESIAN_POINT('',(-84.77,-7.,5.));
#6781 = DIRECTION('',(0.,0.,-1.));
#6782 = DIRECTION('',(-1.,0.,0.));
#6783 = PCURVE('',#2306,#6784);
#6784 = DEFINITIONAL_REPRESENTATION('',(#6785),#6793);
#6785 = ( BOUNDED_CURVE() B_SPLINE_CURVE(2,(#6786,#6787,#6788,#6789,
#6790,#6791,#6792),.UNSPECIFIED.,.T.,.F.) B_SPLINE_CURVE_WITH_KNOTS((1,2
    ,2,2,2,1),(-2.094395102393,0.,2.094395102393,4.188790204786,
6.28318530718,8.377580409573),.UNSPECIFIED.) CURVE() 
GEOMETRIC_REPRESENTATION_ITEM() RATIONAL_B_SPLINE_CURVE((1.,0.5,1.,0.5,
1.,0.5,1.)) REPRESENTATION_ITEM('') );
#6786 = CARTESIAN_POINT('',(-170.94,-7.));
#6787 = CARTESIAN_POINT('',(-170.94,-4.575128869404));
#6788 = CARTESIAN_POINT('',(-168.84,-5.787564434702));
#6789 = CARTESIAN_POINT('',(-166.74,-7.));
#6790 = CARTESIAN_POINT('',(-168.84,-8.212435565298));
#6791 = CARTESIAN_POINT('',(-170.94,-9.424871130596));
#6792 = CARTESIAN_POINT('',(-170.94,-7.));
#6793 = ( GEOMETRIC_REPRESENTATION_CONTEXT(2) 
PARAMETRIC_REPRESENTATION_CONTEXT() REPRESENTATION_CONTEXT('2D SPACE',''
  ) );
#6794 = PCURVE('',#3861,#6795);
#6795 = DEFINITIONAL_REPRESENTATION('',(#6796),#6800);
#6796 = LINE('',#6797,#6798);
#6797 = CARTESIAN_POINT('',(0.,0.));
#6798 = VECTOR('',#6799,1.);
#6799 = DIRECTION('',(1.,0.));
#6800 = ( GEOMETRIC_REPRESENTATION_CONTEXT(2) 
PARAMETRIC_REPRESENTATION_CONTEXT() REPRESENTATION_CONTEXT('2D SPACE',''
  ) );
#6801 = ORIENTED_EDGE('',*,*,#3920,.T.);
#6802 = FACE_BOUND('',#6803,.T.);
#6803 = EDGE_LOOP('',(#6804,#6830));
#6804 = ORIENTED_EDGE('',*,*,#6805,.T.);
#6805 = EDGE_CURVE('',#3950,#4009,#6806,.T.);
#6806 = SURFACE_CURVE('',#6807,(#6812,#6823),.PCURVE_S1.);
#6807 = CIRCLE('',#6808,1.4);
#6808 = AXIS2_PLACEMENT_3D('',#6809,#6810,#6811);
#6809 = CARTESIAN_POINT('',(-77.77,0.,5.));
#6810 = DIRECTION('',(0.,0.,-1.));
#6811 = DIRECTION('',(-1.,0.,0.));
#6812 = PCURVE('',#2306,#6813);
#6813 = DEFINITIONAL_REPRESENTATION('',(#6814),#6822);
#6814 = ( BOUNDED_CURVE() B_SPLINE_CURVE(2,(#6815,#6816,#6817,#6818,
#6819,#6820,#6821),.UNSPECIFIED.,.T.,.F.) B_SPLINE_CURVE_WITH_KNOTS((1,2
    ,2,2,2,1),(-2.094395102393,0.,2.094395102393,4.188790204786,
6.28318530718,8.377580409573),.UNSPECIFIED.) CURVE() 
GEOMETRIC_REPRESENTATION_ITEM() RATIONAL_B_SPLINE_CURVE((1.,0.5,1.,0.5,
1.,0.5,1.)) REPRESENTATION_ITEM('') );
#6815 = CARTESIAN_POINT('',(-163.94,0.));
#6816 = CARTESIAN_POINT('',(-163.94,2.424871130596));
#6817 = CARTESIAN_POINT('',(-161.84,1.212435565298));
#6818 = CARTESIAN_POINT('',(-159.74,3.429011037613E-16));
#6819 = CARTESIAN_POINT('',(-161.84,-1.212435565298));
#6820 = CARTESIAN_POINT('',(-163.94,-2.424871130596));
#6821 = CARTESIAN_POINT('',(-163.94,0.));
#6822 = ( GEOMETRIC_REPRESENTATION_CONTEXT(2) 
PARAMETRIC_REPRESENTATION_CONTEXT() REPRESENTATION_CONTEXT('2D SPACE',''
  ) );
#6823 = PCURVE('',#3972,#6824);
#6824 = DEFINITIONAL_REPRESENTATION('',(#6825),#6829);
#6825 = LINE('',#6826,#6827);
#6826 = CARTESIAN_POINT('',(0.,0.));
#6827 = VECTOR('',#6828,1.);
#6828 = DIRECTION('',(1.,0.));
#6829 = ( GEOMETRIC_REPRESENTATION_CONTEXT(2) 
PARAMETRIC_REPRESENTATION_CONTEXT() REPRESENTATION_CONTEXT('2D SPACE',''
  ) );
#6830 = ORIENTED_EDGE('',*,*,#4031,.T.);
#6831 = FACE_BOUND('',#6832,.T.);
#6832 = EDGE_LOOP('',(#6833,#6855));
#6833 = ORIENTED_EDGE('',*,*,#6834,.F.);
#6834 = EDGE_CURVE('',#4260,#4293,#6835,.T.);
#6835 = SURFACE_CURVE('',#6836,(#6841,#6848),.PCURVE_S1.);
#6836 = CIRCLE('',#6837,0.5);
#6837 = AXIS2_PLACEMENT_3D('',#6838,#6839,#6840);
#6838 = CARTESIAN_POINT('',(-84.77,0.,5.));
#6839 = DIRECTION('',(0.,0.,1.));
#6840 = DIRECTION('',(1.,0.,-0.));
#6841 = PCURVE('',#2306,#6842);
#6842 = DEFINITIONAL_REPRESENTATION('',(#6843),#6847);
#6843 = CIRCLE('',#6844,0.5);
#6844 = AXIS2_PLACEMENT_2D('',#6845,#6846);
#6845 = CARTESIAN_POINT('',(-169.54,0.));
#6846 = DIRECTION('',(1.,0.));
#6847 = ( GEOMETRIC_REPRESENTATION_CONTEXT(2) 
PARAMETRIC_REPRESENTATION_CONTEXT() REPRESENTATION_CONTEXT('2D SPACE',''
  ) );
#6848 = PCURVE('',#4280,#6849);
#6849 = DEFINITIONAL_REPRESENTATION('',(#6850),#6854);
#6850 = LINE('',#6851,#6852);
#6851 = CARTESIAN_POINT('',(0.,10.));
#6852 = VECTOR('',#6853,1.);
#6853 = DIRECTION('',(1.,0.));
#6854 = ( GEOMETRIC_REPRESENTATION_CONTEXT(2) 
PARAMETRIC_REPRESENTATION_CONTEXT() REPRESENTATION_CONTEXT('2D SPACE',''
  ) );
#6855 = ORIENTED_EDGE('',*,*,#4292,.F.);
#6856 = ADVANCED_FACE('',(#6857,#6882,#6907,#6932,#6957,#7057,#7157,
    #7257,#7357,#7457,#7557,#7657,#7757,#7857,#7957,#7982,#8011,#8040,
    #8276),#103,.F.);
#6857 = FACE_BOUND('',#6858,.T.);
#6858 = EDGE_LOOP('',(#6859,#6860));
#6859 = ORIENTED_EDGE('',*,*,#433,.T.);
#6860 = ORIENTED_EDGE('',*,*,#6861,.T.);
#6861 = EDGE_CURVE('',#405,#434,#6862,.T.);
#6862 = SURFACE_CURVE('',#6863,(#6868,#6875),.PCURVE_S1.);
#6863 = CIRCLE('',#6864,1.9);
#6864 = AXIS2_PLACEMENT_3D('',#6865,#6866,#6867);
#6865 = CARTESIAN_POINT('',(68.293866693001,9.5125,-5.));
#6866 = DIRECTION('',(0.,0.,1.));
#6867 = DIRECTION('',(1.,0.,-0.));
#6868 = PCURVE('',#103,#6869);
#6869 = DEFINITIONAL_REPRESENTATION('',(#6870),#6874);
#6870 = CIRCLE('',#6871,1.9);
#6871 = AXIS2_PLACEMENT_2D('',#6872,#6873);
#6872 = CARTESIAN_POINT('',(-16.47613330699,9.5125));
#6873 = DIRECTION('',(1.,0.));
#6874 = ( GEOMETRIC_REPRESENTATION_CONTEXT(2) 
PARAMETRIC_REPRESENTATION_CONTEXT() REPRESENTATION_CONTEXT('2D SPACE',''
  ) );
#6875 = PCURVE('',#421,#6876);
#6876 = DEFINITIONAL_REPRESENTATION('',(#6877),#6881);
#6877 = LINE('',#6878,#6879);
#6878 = CARTESIAN_POINT('',(0.,4.712388980385));
#6879 = VECTOR('',#6880,1.);
#6880 = DIRECTION('',(1.,0.));
#6881 = ( GEOMETRIC_REPRESENTATION_CONTEXT(2) 
PARAMETRIC_REPRESENTATION_CONTEXT() REPRESENTATION_CONTEXT('2D SPACE',''
  ) );
#6882 = FACE_BOUND('',#6883,.T.);
#6883 = EDGE_LOOP('',(#6884,#6885));
#6884 = ORIENTED_EDGE('',*,*,#319,.T.);
#6885 = ORIENTED_EDGE('',*,*,#6886,.T.);
#6886 = EDGE_CURVE('',#291,#320,#6887,.T.);
#6887 = SURFACE_CURVE('',#6888,(#6893,#6900),.PCURVE_S1.);
#6888 = CIRCLE('',#6889,1.9);
#6889 = AXIS2_PLACEMENT_3D('',#6890,#6891,#6892);
#6890 = CARTESIAN_POINT('',(101.24613330699,-9.5125,-5.));
#6891 = DIRECTION('',(0.,0.,1.));
#6892 = DIRECTION('',(1.,0.,-0.));
#6893 = PCURVE('',#103,#6894);
#6894 = DEFINITIONAL_REPRESENTATION('',(#6895),#6899);
#6895 = CIRCLE('',#6896,1.9);
#6896 = AXIS2_PLACEMENT_2D('',#6897,#6898);
#6897 = CARTESIAN_POINT('',(16.476133306999,-9.5125));
#6898 = DIRECTION('',(1.,0.));
#6899 = ( GEOMETRIC_REPRESENTATION_CONTEXT(2) 
PARAMETRIC_REPRESENTATION_CONTEXT() REPRESENTATION_CONTEXT('2D SPACE',''
  ) );
#6900 = PCURVE('',#307,#6901);
#6901 = DEFINITIONAL_REPRESENTATION('',(#6902),#6906);
#6902 = LINE('',#6903,#6904);
#6903 = CARTESIAN_POINT('',(0.,4.712388980385));
#6904 = VECTOR('',#6905,1.);
#6905 = DIRECTION('',(1.,0.));
#6906 = ( GEOMETRIC_REPRESENTATION_CONTEXT(2) 
PARAMETRIC_REPRESENTATION_CONTEXT() REPRESENTATION_CONTEXT('2D SPACE',''
  ) );
#6907 = FACE_BOUND('',#6908,.T.);
#6908 = EDGE_LOOP('',(#6909,#6910));
#6909 = ORIENTED_EDGE('',*,*,#205,.T.);
#6910 = ORIENTED_EDGE('',*,*,#6911,.T.);
#6911 = EDGE_CURVE('',#177,#206,#6912,.T.);
#6912 = SURFACE_CURVE('',#6913,(#6918,#6925),.PCURVE_S1.);
#6913 = CIRCLE('',#6914,1.9);
#6914 = AXIS2_PLACEMENT_3D('',#6915,#6916,#6917);
#6915 = CARTESIAN_POINT('',(101.24613330699,9.5125,-5.));
#6916 = DIRECTION('',(0.,0.,1.));
#6917 = DIRECTION('',(1.,0.,-0.));
#6918 = PCURVE('',#103,#6919);
#6919 = DEFINITIONAL_REPRESENTATION('',(#6920),#6924);
#6920 = CIRCLE('',#6921,1.9);
#6921 = AXIS2_PLACEMENT_2D('',#6922,#6923);
#6922 = CARTESIAN_POINT('',(16.476133306999,9.5125));
#6923 = DIRECTION('',(1.,0.));
#6924 = ( GEOMETRIC_REPRESENTATION_CONTEXT(2) 
PARAMETRIC_REPRESENTATION_CONTEXT() REPRESENTATION_CONTEXT('2D SPACE',''
  ) );
#6925 = PCURVE('',#193,#6926);
#6926 = DEFINITIONAL_REPRESENTATION('',(#6927),#6931);
#6927 = LINE('',#6928,#6929);
#6928 = CARTESIAN_POINT('',(0.,4.712388980385));
#6929 = VECTOR('',#6930,1.);
#6930 = DIRECTION('',(1.,0.));
#6931 = ( GEOMETRIC_REPRESENTATION_CONTEXT(2) 
PARAMETRIC_REPRESENTATION_CONTEXT() REPRESENTATION_CONTEXT('2D SPACE',''
  ) );
#6932 = FACE_BOUND('',#6933,.T.);
#6933 = EDGE_LOOP('',(#6934,#6935));
#6934 = ORIENTED_EDGE('',*,*,#86,.T.);
#6935 = ORIENTED_EDGE('',*,*,#6936,.T.);
#6936 = EDGE_CURVE('',#58,#87,#6937,.T.);
#6937 = SURFACE_CURVE('',#6938,(#6943,#6950),.PCURVE_S1.);
#6938 = CIRCLE('',#6939,1.9);
#6939 = AXIS2_PLACEMENT_3D('',#6940,#6941,#6942);
#6940 = CARTESIAN_POINT('',(84.77,19.025,-5.));
#6941 = DIRECTION('',(0.,0.,1.));
#6942 = DIRECTION('',(1.,0.,-0.));
#6943 = PCURVE('',#103,#6944);
#6944 = DEFINITIONAL_REPRESENTATION('',(#6945),#6949);
#6945 = CIRCLE('',#6946,1.9);
#6946 = AXIS2_PLACEMENT_2D('',#6947,#6948);
#6947 = CARTESIAN_POINT('',(0.,19.025));
#6948 = DIRECTION('',(1.,0.));
#6949 = ( GEOMETRIC_REPRESENTATION_CONTEXT(2) 
PARAMETRIC_REPRESENTATION_CONTEXT() REPRESENTATION_CONTEXT('2D SPACE',''
  ) );
#6950 = PCURVE('',#74,#6951);
#6951 = DEFINITIONAL_REPRESENTATION('',(#6952),#6956);
#6952 = LINE('',#6953,#6954);
#6953 = CARTESIAN_POINT('',(0.,4.712388980385));
#6954 = VECTOR('',#6955,1.);
#6955 = DIRECTION('',(1.,0.));
#6956 = ( GEOMETRIC_REPRESENTATION_CONTEXT(2) 
PARAMETRIC_REPRESENTATION_CONTEXT() REPRESENTATION_CONTEXT('2D SPACE',''
  ) );
#6957 = FACE_BOUND('',#6958,.T.);
#6958 = EDGE_LOOP('',(#6959,#6982,#6983,#7007,#7035));
#6959 = ORIENTED_EDGE('',*,*,#6960,.T.);
#6960 = EDGE_CURVE('',#6961,#667,#6963,.T.);
#6961 = VERTEX_POINT('',#6962);
#6962 = CARTESIAN_POINT('',(-68.23,-7.,-5.));
#6963 = SURFACE_CURVE('',#6964,(#6968,#6975),.PCURVE_S1.);
#6964 = LINE('',#6965,#6966);
#6965 = CARTESIAN_POINT('',(-62.23,-7.,-5.));
#6966 = VECTOR('',#6967,1.);
#6967 = DIRECTION('',(1.,1.445602896647E-16,-0.));
#6968 = PCURVE('',#103,#6969);
#6969 = DEFINITIONAL_REPRESENTATION('',(#6970),#6974);
#6970 = LINE('',#6971,#6972);
#6971 = CARTESIAN_POINT('',(-147.,-7.));
#6972 = VECTOR('',#6973,1.);
#6973 = DIRECTION('',(1.,1.445602896647E-16));
#6974 = ( GEOMETRIC_REPRESENTATION_CONTEXT(2) 
PARAMETRIC_REPRESENTATION_CONTEXT() REPRESENTATION_CONTEXT('2D SPACE',''
  ) );
#6975 = PCURVE('',#705,#6976);
#6976 = DEFINITIONAL_REPRESENTATION('',(#6977),#6981);
#6977 = LINE('',#6978,#6979);
#6978 = CARTESIAN_POINT('',(4.712388980385,147.));
#6979 = VECTOR('',#6980,1.);
#6980 = DIRECTION('',(0.,-1.));
#6981 = ( GEOMETRIC_REPRESENTATION_CONTEXT(2) 
PARAMETRIC_REPRESENTATION_CONTEXT() REPRESENTATION_CONTEXT('2D SPACE',''
  ) );
#6982 = ORIENTED_EDGE('',*,*,#666,.T.);
#6983 = ORIENTED_EDGE('',*,*,#6984,.T.);
#6984 = EDGE_CURVE('',#638,#6985,#6987,.T.);
#6985 = VERTEX_POINT('',#6986);
#6986 = CARTESIAN_POINT('',(-62.23,-3.,-5.));
#6987 = SURFACE_CURVE('',#6988,(#6993,#7000),.PCURVE_S1.);
#6988 = CIRCLE('',#6989,2.);
#6989 = AXIS2_PLACEMENT_3D('',#6990,#6991,#6992);
#6990 = CARTESIAN_POINT('',(-62.23,-5.,-5.));
#6991 = DIRECTION('',(0.,0.,1.));
#6992 = DIRECTION('',(1.,0.,-0.));
#6993 = PCURVE('',#103,#6994);
#6994 = DEFINITIONAL_REPRESENTATION('',(#6995),#6999);
#6995 = CIRCLE('',#6996,2.);
#6996 = AXIS2_PLACEMENT_2D('',#6997,#6998);
#6997 = CARTESIAN_POINT('',(-147.,-5.));
#6998 = DIRECTION('',(1.,0.));
#6999 = ( GEOMETRIC_REPRESENTATION_CONTEXT(2) 
PARAMETRIC_REPRESENTATION_CONTEXT() REPRESENTATION_CONTEXT('2D SPACE',''
  ) );
#7000 = PCURVE('',#654,#7001);
#7001 = DEFINITIONAL_REPRESENTATION('',(#7002),#7006);
#7002 = LINE('',#7003,#7004);
#7003 = CARTESIAN_POINT('',(0.,4.712388980385));
#7004 = VECTOR('',#7005,1.);
#7005 = DIRECTION('',(1.,1.130863886743E-15));
#7006 = ( GEOMETRIC_REPRESENTATION_CONTEXT(2) 
PARAMETRIC_REPRESENTATION_CONTEXT() REPRESENTATION_CONTEXT('2D SPACE',''
  ) );
#7007 = ORIENTED_EDGE('',*,*,#7008,.T.);
#7008 = EDGE_CURVE('',#6985,#7009,#7011,.T.);
#7009 = VERTEX_POINT('',#7010);
#7010 = CARTESIAN_POINT('',(-68.23,-3.,-5.));
#7011 = SURFACE_CURVE('',#7012,(#7016,#7023),.PCURVE_S1.);
#7012 = LINE('',#7013,#7014);
#7013 = CARTESIAN_POINT('',(-68.23,-3.,-5.));
#7014 = VECTOR('',#7015,1.);
#7015 = DIRECTION('',(-1.,-1.445602896647E-16,0.));
#7016 = PCURVE('',#103,#7017);
#7017 = DEFINITIONAL_REPRESENTATION('',(#7018),#7022);
#7018 = LINE('',#7019,#7020);
#7019 = CARTESIAN_POINT('',(-153.,-3.));
#7020 = VECTOR('',#7021,1.);
#7021 = DIRECTION('',(-1.,-1.445602896647E-16));
#7022 = ( GEOMETRIC_REPRESENTATION_CONTEXT(2) 
PARAMETRIC_REPRESENTATION_CONTEXT() REPRESENTATION_CONTEXT('2D SPACE',''
  ) );
#7023 = PCURVE('',#7024,#7029);
#7024 = CYLINDRICAL_SURFACE('',#7025,1.);
#7025 = AXIS2_PLACEMENT_3D('',#7026,#7027,#7028);
#7026 = CARTESIAN_POINT('',(84.77,-3.,-4.));
#7027 = DIRECTION('',(1.,1.445602896647E-16,-0.));
#7028 = DIRECTION('',(-1.445602896647E-16,1.,0.));
#7029 = DEFINITIONAL_REPRESENTATION('',(#7030),#7034);
#7030 = LINE('',#7031,#7032);
#7031 = CARTESIAN_POINT('',(4.712388980385,-153.));
#7032 = VECTOR('',#7033,1.);
#7033 = DIRECTION('',(0.,-1.));
#7034 = ( GEOMETRIC_REPRESENTATION_CONTEXT(2) 
PARAMETRIC_REPRESENTATION_CONTEXT() REPRESENTATION_CONTEXT('2D SPACE',''
  ) );
#7035 = ORIENTED_EDGE('',*,*,#7036,.T.);
#7036 = EDGE_CURVE('',#7009,#6961,#7037,.T.);
#7037 = SURFACE_CURVE('',#7038,(#7043,#7050),.PCURVE_S1.);
#7038 = CIRCLE('',#7039,2.);
#7039 = AXIS2_PLACEMENT_3D('',#7040,#7041,#7042);
#7040 = CARTESIAN_POINT('',(-68.23,-5.,-5.));
#7041 = DIRECTION('',(0.,0.,1.));
#7042 = DIRECTION('',(1.,0.,-0.));
#7043 = PCURVE('',#103,#7044);
#7044 = DEFINITIONAL_REPRESENTATION('',(#7045),#7049);
#7045 = CIRCLE('',#7046,2.);
#7046 = AXIS2_PLACEMENT_2D('',#7047,#7048);
#7047 = CARTESIAN_POINT('',(-153.,-5.));
#7048 = DIRECTION('',(1.,0.));
#7049 = ( GEOMETRIC_REPRESENTATION_CONTEXT(2) 
PARAMETRIC_REPRESENTATION_CONTEXT() REPRESENTATION_CONTEXT('2D SPACE',''
  ) );
#7050 = PCURVE('',#1486,#7051);
#7051 = DEFINITIONAL_REPRESENTATION('',(#7052),#7056);
#7052 = LINE('',#7053,#7054);
#7053 = CARTESIAN_POINT('',(0.,4.712388980385));
#7054 = VECTOR('',#7055,1.);
#7055 = DIRECTION('',(1.,0.));
#7056 = ( GEOMETRIC_REPRESENTATION_CONTEXT(2) 
PARAMETRIC_REPRESENTATION_CONTEXT() REPRESENTATION_CONTEXT('2D SPACE',''
  ) );
#7057 = FACE_BOUND('',#7058,.T.);
#7058 = EDGE_LOOP('',(#7059,#7089,#7113,#7134,#7135));
#7059 = ORIENTED_EDGE('',*,*,#7060,.T.);
#7060 = EDGE_CURVE('',#7061,#7063,#7065,.T.);
#7061 = VERTEX_POINT('',#7062);
#7062 = CARTESIAN_POINT('',(-62.23,7.,-5.));
#7063 = VERTEX_POINT('',#7064);
#7064 = CARTESIAN_POINT('',(-68.23,7.,-5.));
#7065 = SURFACE_CURVE('',#7066,(#7070,#7077),.PCURVE_S1.);
#7066 = LINE('',#7067,#7068);
#7067 = CARTESIAN_POINT('',(84.77,7.,-5.));
#7068 = VECTOR('',#7069,1.);
#7069 = DIRECTION('',(-1.,1.445602896647E-16,-0.));
#7070 = PCURVE('',#103,#7071);
#7071 = DEFINITIONAL_REPRESENTATION('',(#7072),#7076);
#7072 = LINE('',#7073,#7074);
#7073 = CARTESIAN_POINT('',(0.,7.));
#7074 = VECTOR('',#7075,1.);
#7075 = DIRECTION('',(-1.,1.445602896647E-16));
#7076 = ( GEOMETRIC_REPRESENTATION_CONTEXT(2) 
PARAMETRIC_REPRESENTATION_CONTEXT() REPRESENTATION_CONTEXT('2D SPACE',''
  ) );
#7077 = PCURVE('',#7078,#7083);
#7078 = CYLINDRICAL_SURFACE('',#7079,1.);
#7079 = AXIS2_PLACEMENT_3D('',#7080,#7081,#7082);
#7080 = CARTESIAN_POINT('',(-62.23,7.,-4.));
#7081 = DIRECTION('',(1.,-1.445602896647E-16,0.));
#7082 = DIRECTION('',(1.445602896647E-16,1.,0.));
#7083 = DEFINITIONAL_REPRESENTATION('',(#7084),#7088);
#7084 = LINE('',#7085,#7086);
#7085 = CARTESIAN_POINT('',(4.712388980385,147.));
#7086 = VECTOR('',#7087,1.);
#7087 = DIRECTION('',(0.,-1.));
#7088 = ( GEOMETRIC_REPRESENTATION_CONTEXT(2) 
PARAMETRIC_REPRESENTATION_CONTEXT() REPRESENTATION_CONTEXT('2D SPACE',''
  ) );
#7089 = ORIENTED_EDGE('',*,*,#7090,.T.);
#7090 = EDGE_CURVE('',#7063,#7091,#7093,.T.);
#7091 = VERTEX_POINT('',#7092);
#7092 = CARTESIAN_POINT('',(-68.23,3.,-5.));
#7093 = SURFACE_CURVE('',#7094,(#7099,#7106),.PCURVE_S1.);
#7094 = CIRCLE('',#7095,2.);
#7095 = AXIS2_PLACEMENT_3D('',#7096,#7097,#7098);
#7096 = CARTESIAN_POINT('',(-68.23,5.,-5.));
#7097 = DIRECTION('',(0.,0.,1.));
#7098 = DIRECTION('',(1.,0.,-0.));
#7099 = PCURVE('',#103,#7100);
#7100 = DEFINITIONAL_REPRESENTATION('',(#7101),#7105);
#7101 = CIRCLE('',#7102,2.);
#7102 = AXIS2_PLACEMENT_2D('',#7103,#7104);
#7103 = CARTESIAN_POINT('',(-153.,5.));
#7104 = DIRECTION('',(1.,0.));
#7105 = ( GEOMETRIC_REPRESENTATION_CONTEXT(2) 
PARAMETRIC_REPRESENTATION_CONTEXT() REPRESENTATION_CONTEXT('2D SPACE',''
  ) );
#7106 = PCURVE('',#5204,#7107);
#7107 = DEFINITIONAL_REPRESENTATION('',(#7108),#7112);
#7108 = LINE('',#7109,#7110);
#7109 = CARTESIAN_POINT('',(0.,4.712388980385));
#7110 = VECTOR('',#7111,1.);
#7111 = DIRECTION('',(1.,0.));
#7112 = ( GEOMETRIC_REPRESENTATION_CONTEXT(2) 
PARAMETRIC_REPRESENTATION_CONTEXT() REPRESENTATION_CONTEXT('2D SPACE',''
  ) );
#7113 = ORIENTED_EDGE('',*,*,#7114,.T.);
#7114 = EDGE_CURVE('',#7091,#548,#7115,.T.);
#7115 = SURFACE_CURVE('',#7116,(#7120,#7127),.PCURVE_S1.);
#7116 = LINE('',#7117,#7118);
#7117 = CARTESIAN_POINT('',(84.77,3.,-5.));
#7118 = VECTOR('',#7119,1.);
#7119 = DIRECTION('',(1.,-1.445602896647E-16,-0.));
#7120 = PCURVE('',#103,#7121);
#7121 = DEFINITIONAL_REPRESENTATION('',(#7122),#7126);
#7122 = LINE('',#7123,#7124);
#7123 = CARTESIAN_POINT('',(0.,3.));
#7124 = VECTOR('',#7125,1.);
#7125 = DIRECTION('',(1.,-1.445602896647E-16));
#7126 = ( GEOMETRIC_REPRESENTATION_CONTEXT(2) 
PARAMETRIC_REPRESENTATION_CONTEXT() REPRESENTATION_CONTEXT('2D SPACE',''
  ) );
#7127 = PCURVE('',#586,#7128);
#7128 = DEFINITIONAL_REPRESENTATION('',(#7129),#7133);
#7129 = LINE('',#7130,#7131);
#7130 = CARTESIAN_POINT('',(4.712388980385,-147.));
#7131 = VECTOR('',#7132,1.);
#7132 = DIRECTION('',(0.,-1.));
#7133 = ( GEOMETRIC_REPRESENTATION_CONTEXT(2) 
PARAMETRIC_REPRESENTATION_CONTEXT() REPRESENTATION_CONTEXT('2D SPACE',''
  ) );
#7134 = ORIENTED_EDGE('',*,*,#547,.T.);
#7135 = ORIENTED_EDGE('',*,*,#7136,.T.);
#7136 = EDGE_CURVE('',#519,#7061,#7137,.T.);
#7137 = SURFACE_CURVE('',#7138,(#7143,#7150),.PCURVE_S1.);
#7138 = CIRCLE('',#7139,2.);
#7139 = AXIS2_PLACEMENT_3D('',#7140,#7141,#7142);
#7140 = CARTESIAN_POINT('',(-62.23,5.,-5.));
#7141 = DIRECTION('',(0.,0.,1.));
#7142 = DIRECTION('',(1.,0.,-0.));
#7143 = PCURVE('',#103,#7144);
#7144 = DEFINITIONAL_REPRESENTATION('',(#7145),#7149);
#7145 = CIRCLE('',#7146,2.);
#7146 = AXIS2_PLACEMENT_2D('',#7147,#7148);
#7147 = CARTESIAN_POINT('',(-147.,5.));
#7148 = DIRECTION('',(1.,0.));
#7149 = ( GEOMETRIC_REPRESENTATION_CONTEXT(2) 
PARAMETRIC_REPRESENTATION_CONTEXT() REPRESENTATION_CONTEXT('2D SPACE',''
  ) );
#7150 = PCURVE('',#535,#7151);
#7151 = DEFINITIONAL_REPRESENTATION('',(#7152),#7156);
#7152 = LINE('',#7153,#7154);
#7153 = CARTESIAN_POINT('',(0.,4.712388980385));
#7154 = VECTOR('',#7155,1.);
#7155 = DIRECTION('',(1.,1.130863886743E-15));
#7156 = ( GEOMETRIC_REPRESENTATION_CONTEXT(2) 
PARAMETRIC_REPRESENTATION_CONTEXT() REPRESENTATION_CONTEXT('2D SPACE',''
  ) );
#7157 = FACE_BOUND('',#7158,.T.);
#7158 = EDGE_LOOP('',(#7159,#7182,#7183,#7207,#7235));
#7159 = ORIENTED_EDGE('',*,*,#7160,.T.);
#7160 = EDGE_CURVE('',#7161,#905,#7163,.T.);
#7161 = VERTEX_POINT('',#7162);
#7162 = CARTESIAN_POINT('',(-38.23,-7.,-5.));
#7163 = SURFACE_CURVE('',#7164,(#7168,#7175),.PCURVE_S1.);
#7164 = LINE('',#7165,#7166);
#7165 = CARTESIAN_POINT('',(-32.23,-7.,-5.));
#7166 = VECTOR('',#7167,1.);
#7167 = DIRECTION('',(1.,1.445602896647E-16,-0.));
#7168 = PCURVE('',#103,#7169);
#7169 = DEFINITIONAL_REPRESENTATION('',(#7170),#7174);
#7170 = LINE('',#7171,#7172);
#7171 = CARTESIAN_POINT('',(-117.,-7.));
#7172 = VECTOR('',#7173,1.);
#7173 = DIRECTION('',(1.,1.445602896647E-16));
#7174 = ( GEOMETRIC_REPRESENTATION_CONTEXT(2) 
PARAMETRIC_REPRESENTATION_CONTEXT() REPRESENTATION_CONTEXT('2D SPACE',''
  ) );
#7175 = PCURVE('',#943,#7176);
#7176 = DEFINITIONAL_REPRESENTATION('',(#7177),#7181);
#7177 = LINE('',#7178,#7179);
#7178 = CARTESIAN_POINT('',(4.712388980385,117.));
#7179 = VECTOR('',#7180,1.);
#7180 = DIRECTION('',(0.,-1.));
#7181 = ( GEOMETRIC_REPRESENTATION_CONTEXT(2) 
PARAMETRIC_REPRESENTATION_CONTEXT() REPRESENTATION_CONTEXT('2D SPACE',''
  ) );
#7182 = ORIENTED_EDGE('',*,*,#904,.T.);
#7183 = ORIENTED_EDGE('',*,*,#7184,.T.);
#7184 = EDGE_CURVE('',#876,#7185,#7187,.T.);
#7185 = VERTEX_POINT('',#7186);
#7186 = CARTESIAN_POINT('',(-32.23,-3.,-5.));
#7187 = SURFACE_CURVE('',#7188,(#7193,#7200),.PCURVE_S1.);
#7188 = CIRCLE('',#7189,2.);
#7189 = AXIS2_PLACEMENT_3D('',#7190,#7191,#7192);
#7190 = CARTESIAN_POINT('',(-32.23,-5.,-5.));
#7191 = DIRECTION('',(0.,0.,1.));
#7192 = DIRECTION('',(1.,0.,-0.));
#7193 = PCURVE('',#103,#7194);
#7194 = DEFINITIONAL_REPRESENTATION('',(#7195),#7199);
#7195 = CIRCLE('',#7196,2.);
#7196 = AXIS2_PLACEMENT_2D('',#7197,#7198);
#7197 = CARTESIAN_POINT('',(-117.,-5.));
#7198 = DIRECTION('',(1.,0.));
#7199 = ( GEOMETRIC_REPRESENTATION_CONTEXT(2) 
PARAMETRIC_REPRESENTATION_CONTEXT() REPRESENTATION_CONTEXT('2D SPACE',''
  ) );
#7200 = PCURVE('',#892,#7201);
#7201 = DEFINITIONAL_REPRESENTATION('',(#7202),#7206);
#7202 = LINE('',#7203,#7204);
#7203 = CARTESIAN_POINT('',(0.,4.712388980385));
#7204 = VECTOR('',#7205,1.);
#7205 = DIRECTION('',(1.,-1.130863886743E-15));
#7206 = ( GEOMETRIC_REPRESENTATION_CONTEXT(2) 
PARAMETRIC_REPRESENTATION_CONTEXT() REPRESENTATION_CONTEXT('2D SPACE',''
  ) );
#7207 = ORIENTED_EDGE('',*,*,#7208,.T.);
#7208 = EDGE_CURVE('',#7185,#7209,#7211,.T.);
#7209 = VERTEX_POINT('',#7210);
#7210 = CARTESIAN_POINT('',(-38.23,-3.,-5.));
#7211 = SURFACE_CURVE('',#7212,(#7216,#7223),.PCURVE_S1.);
#7212 = LINE('',#7213,#7214);
#7213 = CARTESIAN_POINT('',(-38.23,-3.,-5.));
#7214 = VECTOR('',#7215,1.);
#7215 = DIRECTION('',(-1.,-1.445602896647E-16,0.));
#7216 = PCURVE('',#103,#7217);
#7217 = DEFINITIONAL_REPRESENTATION('',(#7218),#7222);
#7218 = LINE('',#7219,#7220);
#7219 = CARTESIAN_POINT('',(-123.,-3.));
#7220 = VECTOR('',#7221,1.);
#7221 = DIRECTION('',(-1.,-1.445602896647E-16));
#7222 = ( GEOMETRIC_REPRESENTATION_CONTEXT(2) 
PARAMETRIC_REPRESENTATION_CONTEXT() REPRESENTATION_CONTEXT('2D SPACE',''
  ) );
#7223 = PCURVE('',#7224,#7229);
#7224 = CYLINDRICAL_SURFACE('',#7225,1.);
#7225 = AXIS2_PLACEMENT_3D('',#7226,#7227,#7228);
#7226 = CARTESIAN_POINT('',(84.77,-3.,-4.));
#7227 = DIRECTION('',(1.,1.445602896647E-16,-0.));
#7228 = DIRECTION('',(-1.445602896647E-16,1.,0.));
#7229 = DEFINITIONAL_REPRESENTATION('',(#7230),#7234);
#7230 = LINE('',#7231,#7232);
#7231 = CARTESIAN_POINT('',(4.712388980385,-123.));
#7232 = VECTOR('',#7233,1.);
#7233 = DIRECTION('',(0.,-1.));
#7234 = ( GEOMETRIC_REPRESENTATION_CONTEXT(2) 
PARAMETRIC_REPRESENTATION_CONTEXT() REPRESENTATION_CONTEXT('2D SPACE',''
  ) );
#7235 = ORIENTED_EDGE('',*,*,#7236,.T.);
#7236 = EDGE_CURVE('',#7209,#7161,#7237,.T.);
#7237 = SURFACE_CURVE('',#7238,(#7243,#7250),.PCURVE_S1.);
#7238 = CIRCLE('',#7239,2.);
#7239 = AXIS2_PLACEMENT_3D('',#7240,#7241,#7242);
#7240 = CARTESIAN_POINT('',(-38.23,-5.,-5.));
#7241 = DIRECTION('',(0.,0.,1.));
#7242 = DIRECTION('',(1.,0.,-0.));
#7243 = PCURVE('',#103,#7244);
#7244 = DEFINITIONAL_REPRESENTATION('',(#7245),#7249);
#7245 = CIRCLE('',#7246,2.);
#7246 = AXIS2_PLACEMENT_2D('',#7247,#7248);
#7247 = CARTESIAN_POINT('',(-123.,-5.));
#7248 = DIRECTION('',(1.,0.));
#7249 = ( GEOMETRIC_REPRESENTATION_CONTEXT(2) 
PARAMETRIC_REPRESENTATION_CONTEXT() REPRESENTATION_CONTEXT('2D SPACE',''
  ) );
#7250 = PCURVE('',#1608,#7251);
#7251 = DEFINITIONAL_REPRESENTATION('',(#7252),#7256);
#7252 = LINE('',#7253,#7254);
#7253 = CARTESIAN_POINT('',(0.,4.712388980385));
#7254 = VECTOR('',#7255,1.);
#7255 = DIRECTION('',(1.,0.));
#7256 = ( GEOMETRIC_REPRESENTATION_CONTEXT(2) 
PARAMETRIC_REPRESENTATION_CONTEXT() REPRESENTATION_CONTEXT('2D SPACE',''
  ) );
#7257 = FACE_BOUND('',#7258,.T.);
#7258 = EDGE_LOOP('',(#7259,#7289,#7313,#7334,#7335));
#7259 = ORIENTED_EDGE('',*,*,#7260,.T.);
#7260 = EDGE_CURVE('',#7261,#7263,#7265,.T.);
#7261 = VERTEX_POINT('',#7262);
#7262 = CARTESIAN_POINT('',(-32.23,7.,-5.));
#7263 = VERTEX_POINT('',#7264);
#7264 = CARTESIAN_POINT('',(-38.23,7.,-5.));
#7265 = SURFACE_CURVE('',#7266,(#7270,#7277),.PCURVE_S1.);
#7266 = LINE('',#7267,#7268);
#7267 = CARTESIAN_POINT('',(84.77,7.,-5.));
#7268 = VECTOR('',#7269,1.);
#7269 = DIRECTION('',(-1.,1.445602896647E-16,-0.));
#7270 = PCURVE('',#103,#7271);
#7271 = DEFINITIONAL_REPRESENTATION('',(#7272),#7276);
#7272 = LINE('',#7273,#7274);
#7273 = CARTESIAN_POINT('',(0.,7.));
#7274 = VECTOR('',#7275,1.);
#7275 = DIRECTION('',(-1.,1.445602896647E-16));
#7276 = ( GEOMETRIC_REPRESENTATION_CONTEXT(2) 
PARAMETRIC_REPRESENTATION_CONTEXT() REPRESENTATION_CONTEXT('2D SPACE',''
  ) );
#7277 = PCURVE('',#7278,#7283);
#7278 = CYLINDRICAL_SURFACE('',#7279,1.);
#7279 = AXIS2_PLACEMENT_3D('',#7280,#7281,#7282);
#7280 = CARTESIAN_POINT('',(-32.23,7.,-4.));
#7281 = DIRECTION('',(1.,-1.445602896647E-16,0.));
#7282 = DIRECTION('',(1.445602896647E-16,1.,0.));
#7283 = DEFINITIONAL_REPRESENTATION('',(#7284),#7288);
#7284 = LINE('',#7285,#7286);
#7285 = CARTESIAN_POINT('',(4.712388980385,117.));
#7286 = VECTOR('',#7287,1.);
#7287 = DIRECTION('',(0.,-1.));
#7288 = ( GEOMETRIC_REPRESENTATION_CONTEXT(2) 
PARAMETRIC_REPRESENTATION_CONTEXT() REPRESENTATION_CONTEXT('2D SPACE',''
  ) );
#7289 = ORIENTED_EDGE('',*,*,#7290,.T.);
#7290 = EDGE_CURVE('',#7263,#7291,#7293,.T.);
#7291 = VERTEX_POINT('',#7292);
#7292 = CARTESIAN_POINT('',(-38.23,3.,-5.));
#7293 = SURFACE_CURVE('',#7294,(#7299,#7306),.PCURVE_S1.);
#7294 = CIRCLE('',#7295,2.);
#7295 = AXIS2_PLACEMENT_3D('',#7296,#7297,#7298);
#7296 = CARTESIAN_POINT('',(-38.23,5.,-5.));
#7297 = DIRECTION('',(0.,0.,1.));
#7298 = DIRECTION('',(1.,0.,-0.));
#7299 = PCURVE('',#103,#7300);
#7300 = DEFINITIONAL_REPRESENTATION('',(#7301),#7305);
#7301 = CIRCLE('',#7302,2.);
#7302 = AXIS2_PLACEMENT_2D('',#7303,#7304);
#7303 = CARTESIAN_POINT('',(-123.,5.));
#7304 = DIRECTION('',(1.,0.));
#7305 = ( GEOMETRIC_REPRESENTATION_CONTEXT(2) 
PARAMETRIC_REPRESENTATION_CONTEXT() REPRESENTATION_CONTEXT('2D SPACE',''
  ) );
#7306 = PCURVE('',#5055,#7307);
#7307 = DEFINITIONAL_REPRESENTATION('',(#7308),#7312);
#7308 = LINE('',#7309,#7310);
#7309 = CARTESIAN_POINT('',(0.,4.712388980385));
#7310 = VECTOR('',#7311,1.);
#7311 = DIRECTION('',(1.,0.));
#7312 = ( GEOMETRIC_REPRESENTATION_CONTEXT(2) 
PARAMETRIC_REPRESENTATION_CONTEXT() REPRESENTATION_CONTEXT('2D SPACE',''
  ) );
#7313 = ORIENTED_EDGE('',*,*,#7314,.T.);
#7314 = EDGE_CURVE('',#7291,#786,#7315,.T.);
#7315 = SURFACE_CURVE('',#7316,(#7320,#7327),.PCURVE_S1.);
#7316 = LINE('',#7317,#7318);
#7317 = CARTESIAN_POINT('',(84.77,3.,-5.));
#7318 = VECTOR('',#7319,1.);
#7319 = DIRECTION('',(1.,-1.445602896647E-16,-0.));
#7320 = PCURVE('',#103,#7321);
#7321 = DEFINITIONAL_REPRESENTATION('',(#7322),#7326);
#7322 = LINE('',#7323,#7324);
#7323 = CARTESIAN_POINT('',(0.,3.));
#7324 = VECTOR('',#7325,1.);
#7325 = DIRECTION('',(1.,-1.445602896647E-16));
#7326 = ( GEOMETRIC_REPRESENTATION_CONTEXT(2) 
PARAMETRIC_REPRESENTATION_CONTEXT() REPRESENTATION_CONTEXT('2D SPACE',''
  ) );
#7327 = PCURVE('',#824,#7328);
#7328 = DEFINITIONAL_REPRESENTATION('',(#7329),#7333);
#7329 = LINE('',#7330,#7331);
#7330 = CARTESIAN_POINT('',(4.712388980385,-117.));
#7331 = VECTOR('',#7332,1.);
#7332 = DIRECTION('',(0.,-1.));
#7333 = ( GEOMETRIC_REPRESENTATION_CONTEXT(2) 
PARAMETRIC_REPRESENTATION_CONTEXT() REPRESENTATION_CONTEXT('2D SPACE',''
  ) );
#7334 = ORIENTED_EDGE('',*,*,#785,.T.);
#7335 = ORIENTED_EDGE('',*,*,#7336,.T.);
#7336 = EDGE_CURVE('',#757,#7261,#7337,.T.);
#7337 = SURFACE_CURVE('',#7338,(#7343,#7350),.PCURVE_S1.);
#7338 = CIRCLE('',#7339,2.);
#7339 = AXIS2_PLACEMENT_3D('',#7340,#7341,#7342);
#7340 = CARTESIAN_POINT('',(-32.23,5.,-5.));
#7341 = DIRECTION('',(0.,0.,1.));
#7342 = DIRECTION('',(1.,0.,-0.));
#7343 = PCURVE('',#103,#7344);
#7344 = DEFINITIONAL_REPRESENTATION('',(#7345),#7349);
#7345 = CIRCLE('',#7346,2.);
#7346 = AXIS2_PLACEMENT_2D('',#7347,#7348);
#7347 = CARTESIAN_POINT('',(-117.,5.));
#7348 = DIRECTION('',(1.,0.));
#7349 = ( GEOMETRIC_REPRESENTATION_CONTEXT(2) 
PARAMETRIC_REPRESENTATION_CONTEXT() REPRESENTATION_CONTEXT('2D SPACE',''
  ) );
#7350 = PCURVE('',#773,#7351);
#7351 = DEFINITIONAL_REPRESENTATION('',(#7352),#7356);
#7352 = LINE('',#7353,#7354);
#7353 = CARTESIAN_POINT('',(0.,4.712388980385));
#7354 = VECTOR('',#7355,1.);
#7355 = DIRECTION('',(1.,-1.130863886743E-15));
#7356 = ( GEOMETRIC_REPRESENTATION_CONTEXT(2) 
PARAMETRIC_REPRESENTATION_CONTEXT() REPRESENTATION_CONTEXT('2D SPACE',''
  ) );
#7357 = FACE_BOUND('',#7358,.T.);
#7358 = EDGE_LOOP('',(#7359,#7382,#7383,#7407,#7435));
#7359 = ORIENTED_EDGE('',*,*,#7360,.T.);
#7360 = EDGE_CURVE('',#7361,#1143,#7363,.T.);
#7361 = VERTEX_POINT('',#7362);
#7362 = CARTESIAN_POINT('',(-8.23,-7.,-5.));
#7363 = SURFACE_CURVE('',#7364,(#7368,#7375),.PCURVE_S1.);
#7364 = LINE('',#7365,#7366);
#7365 = CARTESIAN_POINT('',(-2.23,-7.,-5.));
#7366 = VECTOR('',#7367,1.);
#7367 = DIRECTION('',(1.,1.445602896647E-16,-0.));
#7368 = PCURVE('',#103,#7369);
#7369 = DEFINITIONAL_REPRESENTATION('',(#7370),#7374);
#7370 = LINE('',#7371,#7372);
#7371 = CARTESIAN_POINT('',(-87.,-7.));
#7372 = VECTOR('',#7373,1.);
#7373 = DIRECTION('',(1.,1.445602896647E-16));
#7374 = ( GEOMETRIC_REPRESENTATION_CONTEXT(2) 
PARAMETRIC_REPRESENTATION_CONTEXT() REPRESENTATION_CONTEXT('2D SPACE',''
  ) );
#7375 = PCURVE('',#1181,#7376);
#7376 = DEFINITIONAL_REPRESENTATION('',(#7377),#7381);
#7377 = LINE('',#7378,#7379);
#7378 = CARTESIAN_POINT('',(4.712388980385,87.));
#7379 = VECTOR('',#7380,1.);
#7380 = DIRECTION('',(0.,-1.));
#7381 = ( GEOMETRIC_REPRESENTATION_CONTEXT(2) 
PARAMETRIC_REPRESENTATION_CONTEXT() REPRESENTATION_CONTEXT('2D SPACE',''
  ) );
#7382 = ORIENTED_EDGE('',*,*,#1142,.T.);
#7383 = ORIENTED_EDGE('',*,*,#7384,.T.);
#7384 = EDGE_CURVE('',#1114,#7385,#7387,.T.);
#7385 = VERTEX_POINT('',#7386);
#7386 = CARTESIAN_POINT('',(-2.23,-3.,-5.));
#7387 = SURFACE_CURVE('',#7388,(#7393,#7400),.PCURVE_S1.);
#7388 = CIRCLE('',#7389,2.);
#7389 = AXIS2_PLACEMENT_3D('',#7390,#7391,#7392);
#7390 = CARTESIAN_POINT('',(-2.23,-5.,-5.));
#7391 = DIRECTION('',(0.,0.,1.));
#7392 = DIRECTION('',(1.,0.,-0.));
#7393 = PCURVE('',#103,#7394);
#7394 = DEFINITIONAL_REPRESENTATION('',(#7395),#7399);
#7395 = CIRCLE('',#7396,2.);
#7396 = AXIS2_PLACEMENT_2D('',#7397,#7398);
#7397 = CARTESIAN_POINT('',(-87.,-5.));
#7398 = DIRECTION('',(1.,0.));
#7399 = ( GEOMETRIC_REPRESENTATION_CONTEXT(2) 
PARAMETRIC_REPRESENTATION_CONTEXT() REPRESENTATION_CONTEXT('2D SPACE',''
  ) );
#7400 = PCURVE('',#1130,#7401);
#7401 = DEFINITIONAL_REPRESENTATION('',(#7402),#7406);
#7402 = LINE('',#7403,#7404);
#7403 = CARTESIAN_POINT('',(0.,4.712388980385));
#7404 = VECTOR('',#7405,1.);
#7405 = DIRECTION('',(1.,0.));
#7406 = ( GEOMETRIC_REPRESENTATION_CONTEXT(2) 
PARAMETRIC_REPRESENTATION_CONTEXT() REPRESENTATION_CONTEXT('2D SPACE',''
  ) );
#7407 = ORIENTED_EDGE('',*,*,#7408,.T.);
#7408 = EDGE_CURVE('',#7385,#7409,#7411,.T.);
#7409 = VERTEX_POINT('',#7410);
#7410 = CARTESIAN_POINT('',(-8.23,-3.,-5.));
#7411 = SURFACE_CURVE('',#7412,(#7416,#7423),.PCURVE_S1.);
#7412 = LINE('',#7413,#7414);
#7413 = CARTESIAN_POINT('',(-8.23,-3.,-5.));
#7414 = VECTOR('',#7415,1.);
#7415 = DIRECTION('',(-1.,-1.445602896647E-16,0.));
#7416 = PCURVE('',#103,#7417);
#7417 = DEFINITIONAL_REPRESENTATION('',(#7418),#7422);
#7418 = LINE('',#7419,#7420);
#7419 = CARTESIAN_POINT('',(-93.,-3.));
#7420 = VECTOR('',#7421,1.);
#7421 = DIRECTION('',(-1.,-1.445602896647E-16));
#7422 = ( GEOMETRIC_REPRESENTATION_CONTEXT(2) 
PARAMETRIC_REPRESENTATION_CONTEXT() REPRESENTATION_CONTEXT('2D SPACE',''
  ) );
#7423 = PCURVE('',#7424,#7429);
#7424 = CYLINDRICAL_SURFACE('',#7425,1.);
#7425 = AXIS2_PLACEMENT_3D('',#7426,#7427,#7428);
#7426 = CARTESIAN_POINT('',(84.77,-3.,-4.));
#7427 = DIRECTION('',(1.,1.445602896647E-16,-0.));
#7428 = DIRECTION('',(-1.445602896647E-16,1.,0.));
#7429 = DEFINITIONAL_REPRESENTATION('',(#7430),#7434);
#7430 = LINE('',#7431,#7432);
#7431 = CARTESIAN_POINT('',(4.712388980385,-93.));
#7432 = VECTOR('',#7433,1.);
#7433 = DIRECTION('',(0.,-1.));
#7434 = ( GEOMETRIC_REPRESENTATION_CONTEXT(2) 
PARAMETRIC_REPRESENTATION_CONTEXT() REPRESENTATION_CONTEXT('2D SPACE',''
  ) );
#7435 = ORIENTED_EDGE('',*,*,#7436,.T.);
#7436 = EDGE_CURVE('',#7409,#7361,#7437,.T.);
#7437 = SURFACE_CURVE('',#7438,(#7443,#7450),.PCURVE_S1.);
#7438 = CIRCLE('',#7439,2.);
#7439 = AXIS2_PLACEMENT_3D('',#7440,#7441,#7442);
#7440 = CARTESIAN_POINT('',(-8.23,-5.,-5.));
#7441 = DIRECTION('',(0.,0.,1.));
#7442 = DIRECTION('',(1.,0.,-0.));
#7443 = PCURVE('',#103,#7444);
#7444 = DEFINITIONAL_REPRESENTATION('',(#7445),#7449);
#7445 = CIRCLE('',#7446,2.);
#7446 = AXIS2_PLACEMENT_2D('',#7447,#7448);
#7447 = CARTESIAN_POINT('',(-93.,-5.));
#7448 = DIRECTION('',(1.,0.));
#7449 = ( GEOMETRIC_REPRESENTATION_CONTEXT(2) 
PARAMETRIC_REPRESENTATION_CONTEXT() REPRESENTATION_CONTEXT('2D SPACE',''
  ) );
#7450 = PCURVE('',#1730,#7451);
#7451 = DEFINITIONAL_REPRESENTATION('',(#7452),#7456);
#7452 = LINE('',#7453,#7454);
#7453 = CARTESIAN_POINT('',(0.,4.712388980385));
#7454 = VECTOR('',#7455,1.);
#7455 = DIRECTION('',(1.,0.));
#7456 = ( GEOMETRIC_REPRESENTATION_CONTEXT(2) 
PARAMETRIC_REPRESENTATION_CONTEXT() REPRESENTATION_CONTEXT('2D SPACE',''
  ) );
#7457 = FACE_BOUND('',#7458,.T.);
#7458 = EDGE_LOOP('',(#7459,#7489,#7513,#7534,#7535));
#7459 = ORIENTED_EDGE('',*,*,#7460,.T.);
#7460 = EDGE_CURVE('',#7461,#7463,#7465,.T.);
#7461 = VERTEX_POINT('',#7462);
#7462 = CARTESIAN_POINT('',(-2.23,7.,-5.));
#7463 = VERTEX_POINT('',#7464);
#7464 = CARTESIAN_POINT('',(-8.23,7.,-5.));
#7465 = SURFACE_CURVE('',#7466,(#7470,#7477),.PCURVE_S1.);
#7466 = LINE('',#7467,#7468);
#7467 = CARTESIAN_POINT('',(84.77,7.,-5.));
#7468 = VECTOR('',#7469,1.);
#7469 = DIRECTION('',(-1.,1.445602896647E-16,-0.));
#7470 = PCURVE('',#103,#7471);
#7471 = DEFINITIONAL_REPRESENTATION('',(#7472),#7476);
#7472 = LINE('',#7473,#7474);
#7473 = CARTESIAN_POINT('',(0.,7.));
#7474 = VECTOR('',#7475,1.);
#7475 = DIRECTION('',(-1.,1.445602896647E-16));
#7476 = ( GEOMETRIC_REPRESENTATION_CONTEXT(2) 
PARAMETRIC_REPRESENTATION_CONTEXT() REPRESENTATION_CONTEXT('2D SPACE',''
  ) );
#7477 = PCURVE('',#7478,#7483);
#7478 = CYLINDRICAL_SURFACE('',#7479,1.);
#7479 = AXIS2_PLACEMENT_3D('',#7480,#7481,#7482);
#7480 = CARTESIAN_POINT('',(-2.23,7.,-4.));
#7481 = DIRECTION('',(1.,-1.445602896647E-16,0.));
#7482 = DIRECTION('',(1.445602896647E-16,1.,0.));
#7483 = DEFINITIONAL_REPRESENTATION('',(#7484),#7488);
#7484 = LINE('',#7485,#7486);
#7485 = CARTESIAN_POINT('',(4.712388980385,87.));
#7486 = VECTOR('',#7487,1.);
#7487 = DIRECTION('',(0.,-1.));
#7488 = ( GEOMETRIC_REPRESENTATION_CONTEXT(2) 
PARAMETRIC_REPRESENTATION_CONTEXT() REPRESENTATION_CONTEXT('2D SPACE',''
  ) );
#7489 = ORIENTED_EDGE('',*,*,#7490,.T.);
#7490 = EDGE_CURVE('',#7463,#7491,#7493,.T.);
#7491 = VERTEX_POINT('',#7492);
#7492 = CARTESIAN_POINT('',(-8.23,3.,-5.));
#7493 = SURFACE_CURVE('',#7494,(#7499,#7506),.PCURVE_S1.);
#7494 = CIRCLE('',#7495,2.);
#7495 = AXIS2_PLACEMENT_3D('',#7496,#7497,#7498);
#7496 = CARTESIAN_POINT('',(-8.23,5.,-5.));
#7497 = DIRECTION('',(0.,0.,1.));
#7498 = DIRECTION('',(1.,0.,-0.));
#7499 = PCURVE('',#103,#7500);
#7500 = DEFINITIONAL_REPRESENTATION('',(#7501),#7505);
#7501 = CIRCLE('',#7502,2.);
#7502 = AXIS2_PLACEMENT_2D('',#7503,#7504);
#7503 = CARTESIAN_POINT('',(-93.,5.));
#7504 = DIRECTION('',(1.,0.));
#7505 = ( GEOMETRIC_REPRESENTATION_CONTEXT(2) 
PARAMETRIC_REPRESENTATION_CONTEXT() REPRESENTATION_CONTEXT('2D SPACE',''
  ) );
#7506 = PCURVE('',#4906,#7507);
#7507 = DEFINITIONAL_REPRESENTATION('',(#7508),#7512);
#7508 = LINE('',#7509,#7510);
#7509 = CARTESIAN_POINT('',(0.,4.712388980385));
#7510 = VECTOR('',#7511,1.);
#7511 = DIRECTION('',(1.,0.));
#7512 = ( GEOMETRIC_REPRESENTATION_CONTEXT(2) 
PARAMETRIC_REPRESENTATION_CONTEXT() REPRESENTATION_CONTEXT('2D SPACE',''
  ) );
#7513 = ORIENTED_EDGE('',*,*,#7514,.T.);
#7514 = EDGE_CURVE('',#7491,#1024,#7515,.T.);
#7515 = SURFACE_CURVE('',#7516,(#7520,#7527),.PCURVE_S1.);
#7516 = LINE('',#7517,#7518);
#7517 = CARTESIAN_POINT('',(84.77,3.,-5.));
#7518 = VECTOR('',#7519,1.);
#7519 = DIRECTION('',(1.,-1.445602896647E-16,-0.));
#7520 = PCURVE('',#103,#7521);
#7521 = DEFINITIONAL_REPRESENTATION('',(#7522),#7526);
#7522 = LINE('',#7523,#7524);
#7523 = CARTESIAN_POINT('',(0.,3.));
#7524 = VECTOR('',#7525,1.);
#7525 = DIRECTION('',(1.,-1.445602896647E-16));
#7526 = ( GEOMETRIC_REPRESENTATION_CONTEXT(2) 
PARAMETRIC_REPRESENTATION_CONTEXT() REPRESENTATION_CONTEXT('2D SPACE',''
  ) );
#7527 = PCURVE('',#1062,#7528);
#7528 = DEFINITIONAL_REPRESENTATION('',(#7529),#7533);
#7529 = LINE('',#7530,#7531);
#7530 = CARTESIAN_POINT('',(4.712388980385,-87.));
#7531 = VECTOR('',#7532,1.);
#7532 = DIRECTION('',(0.,-1.));
#7533 = ( GEOMETRIC_REPRESENTATION_CONTEXT(2) 
PARAMETRIC_REPRESENTATION_CONTEXT() REPRESENTATION_CONTEXT('2D SPACE',''
  ) );
#7534 = ORIENTED_EDGE('',*,*,#1023,.T.);
#7535 = ORIENTED_EDGE('',*,*,#7536,.T.);
#7536 = EDGE_CURVE('',#995,#7461,#7537,.T.);
#7537 = SURFACE_CURVE('',#7538,(#7543,#7550),.PCURVE_S1.);
#7538 = CIRCLE('',#7539,2.);
#7539 = AXIS2_PLACEMENT_3D('',#7540,#7541,#7542);
#7540 = CARTESIAN_POINT('',(-2.23,5.,-5.));
#7541 = DIRECTION('',(0.,0.,1.));
#7542 = DIRECTION('',(1.,0.,-0.));
#7543 = PCURVE('',#103,#7544);
#7544 = DEFINITIONAL_REPRESENTATION('',(#7545),#7549);
#7545 = CIRCLE('',#7546,2.);
#7546 = AXIS2_PLACEMENT_2D('',#7547,#7548);
#7547 = CARTESIAN_POINT('',(-87.,5.));
#7548 = DIRECTION('',(1.,0.));
#7549 = ( GEOMETRIC_REPRESENTATION_CONTEXT(2) 
PARAMETRIC_REPRESENTATION_CONTEXT() REPRESENTATION_CONTEXT('2D SPACE',''
  ) );
#7550 = PCURVE('',#1011,#7551);
#7551 = DEFINITIONAL_REPRESENTATION('',(#7552),#7556);
#7552 = LINE('',#7553,#7554);
#7553 = CARTESIAN_POINT('',(0.,4.712388980385));
#7554 = VECTOR('',#7555,1.);
#7555 = DIRECTION('',(1.,0.));
#7556 = ( GEOMETRIC_REPRESENTATION_CONTEXT(2) 
PARAMETRIC_REPRESENTATION_CONTEXT() REPRESENTATION_CONTEXT('2D SPACE',''
  ) );
#7557 = FACE_BOUND('',#7558,.T.);
#7558 = EDGE_LOOP('',(#7559,#7582,#7583,#7607,#7635));
#7559 = ORIENTED_EDGE('',*,*,#7560,.T.);
#7560 = EDGE_CURVE('',#7561,#1381,#7563,.T.);
#7561 = VERTEX_POINT('',#7562);
#7562 = CARTESIAN_POINT('',(21.77,-7.,-5.));
#7563 = SURFACE_CURVE('',#7564,(#7568,#7575),.PCURVE_S1.);
#7564 = LINE('',#7565,#7566);
#7565 = CARTESIAN_POINT('',(27.77,-7.,-5.));
#7566 = VECTOR('',#7567,1.);
#7567 = DIRECTION('',(1.,1.445602896647E-16,-0.));
#7568 = PCURVE('',#103,#7569);
#7569 = DEFINITIONAL_REPRESENTATION('',(#7570),#7574);
#7570 = LINE('',#7571,#7572);
#7571 = CARTESIAN_POINT('',(-57.,-7.));
#7572 = VECTOR('',#7573,1.);
#7573 = DIRECTION('',(1.,1.445602896647E-16));
#7574 = ( GEOMETRIC_REPRESENTATION_CONTEXT(2) 
PARAMETRIC_REPRESENTATION_CONTEXT() REPRESENTATION_CONTEXT('2D SPACE',''
  ) );
#7575 = PCURVE('',#1419,#7576);
#7576 = DEFINITIONAL_REPRESENTATION('',(#7577),#7581);
#7577 = LINE('',#7578,#7579);
#7578 = CARTESIAN_POINT('',(4.712388980385,57.));
#7579 = VECTOR('',#7580,1.);
#7580 = DIRECTION('',(0.,-1.));
#7581 = ( GEOMETRIC_REPRESENTATION_CONTEXT(2) 
PARAMETRIC_REPRESENTATION_CONTEXT() REPRESENTATION_CONTEXT('2D SPACE',''
  ) );
#7582 = ORIENTED_EDGE('',*,*,#1380,.T.);
#7583 = ORIENTED_EDGE('',*,*,#7584,.T.);
#7584 = EDGE_CURVE('',#1352,#7585,#7587,.T.);
#7585 = VERTEX_POINT('',#7586);
#7586 = CARTESIAN_POINT('',(27.77,-3.,-5.));
#7587 = SURFACE_CURVE('',#7588,(#7593,#7600),.PCURVE_S1.);
#7588 = CIRCLE('',#7589,2.);
#7589 = AXIS2_PLACEMENT_3D('',#7590,#7591,#7592);
#7590 = CARTESIAN_POINT('',(27.77,-5.,-5.));
#7591 = DIRECTION('',(0.,0.,1.));
#7592 = DIRECTION('',(1.,0.,-0.));
#7593 = PCURVE('',#103,#7594);
#7594 = DEFINITIONAL_REPRESENTATION('',(#7595),#7599);
#7595 = CIRCLE('',#7596,2.);
#7596 = AXIS2_PLACEMENT_2D('',#7597,#7598);
#7597 = CARTESIAN_POINT('',(-57.,-5.));
#7598 = DIRECTION('',(1.,0.));
#7599 = ( GEOMETRIC_REPRESENTATION_CONTEXT(2) 
PARAMETRIC_REPRESENTATION_CONTEXT() REPRESENTATION_CONTEXT('2D SPACE',''
  ) );
#7600 = PCURVE('',#1368,#7601);
#7601 = DEFINITIONAL_REPRESENTATION('',(#7602),#7606);
#7602 = LINE('',#7603,#7604);
#7603 = CARTESIAN_POINT('',(0.,4.712388980385));
#7604 = VECTOR('',#7605,1.);
#7605 = DIRECTION('',(1.,-1.130863886743E-15));
#7606 = ( GEOMETRIC_REPRESENTATION_CONTEXT(2) 
PARAMETRIC_REPRESENTATION_CONTEXT() REPRESENTATION_CONTEXT('2D SPACE',''
  ) );
#7607 = ORIENTED_EDGE('',*,*,#7608,.T.);
#7608 = EDGE_CURVE('',#7585,#7609,#7611,.T.);
#7609 = VERTEX_POINT('',#7610);
#7610 = CARTESIAN_POINT('',(21.77,-3.,-5.));
#7611 = SURFACE_CURVE('',#7612,(#7616,#7623),.PCURVE_S1.);
#7612 = LINE('',#7613,#7614);
#7613 = CARTESIAN_POINT('',(21.77,-3.,-5.));
#7614 = VECTOR('',#7615,1.);
#7615 = DIRECTION('',(-1.,-1.445602896647E-16,0.));
#7616 = PCURVE('',#103,#7617);
#7617 = DEFINITIONAL_REPRESENTATION('',(#7618),#7622);
#7618 = LINE('',#7619,#7620);
#7619 = CARTESIAN_POINT('',(-63.,-3.));
#7620 = VECTOR('',#7621,1.);
#7621 = DIRECTION('',(-1.,-1.445602896647E-16));
#7622 = ( GEOMETRIC_REPRESENTATION_CONTEXT(2) 
PARAMETRIC_REPRESENTATION_CONTEXT() REPRESENTATION_CONTEXT('2D SPACE',''
  ) );
#7623 = PCURVE('',#7624,#7629);
#7624 = CYLINDRICAL_SURFACE('',#7625,1.);
#7625 = AXIS2_PLACEMENT_3D('',#7626,#7627,#7628);
#7626 = CARTESIAN_POINT('',(84.77,-3.,-4.));
#7627 = DIRECTION('',(1.,1.445602896647E-16,-0.));
#7628 = DIRECTION('',(-1.445602896647E-16,1.,0.));
#7629 = DEFINITIONAL_REPRESENTATION('',(#7630),#7634);
#7630 = LINE('',#7631,#7632);
#7631 = CARTESIAN_POINT('',(4.712388980385,-63.));
#7632 = VECTOR('',#7633,1.);
#7633 = DIRECTION('',(0.,-1.));
#7634 = ( GEOMETRIC_REPRESENTATION_CONTEXT(2) 
PARAMETRIC_REPRESENTATION_CONTEXT() REPRESENTATION_CONTEXT('2D SPACE',''
  ) );
#7635 = ORIENTED_EDGE('',*,*,#7636,.T.);
#7636 = EDGE_CURVE('',#7609,#7561,#7637,.T.);
#7637 = SURFACE_CURVE('',#7638,(#7643,#7650),.PCURVE_S1.);
#7638 = CIRCLE('',#7639,2.);
#7639 = AXIS2_PLACEMENT_3D('',#7640,#7641,#7642);
#7640 = CARTESIAN_POINT('',(21.77,-5.,-5.));
#7641 = DIRECTION('',(0.,0.,1.));
#7642 = DIRECTION('',(1.,0.,-0.));
#7643 = PCURVE('',#103,#7644);
#7644 = DEFINITIONAL_REPRESENTATION('',(#7645),#7649);
#7645 = CIRCLE('',#7646,2.);
#7646 = AXIS2_PLACEMENT_2D('',#7647,#7648);
#7647 = CARTESIAN_POINT('',(-63.,-5.));
#7648 = DIRECTION('',(1.,0.));
#7649 = ( GEOMETRIC_REPRESENTATION_CONTEXT(2) 
PARAMETRIC_REPRESENTATION_CONTEXT() REPRESENTATION_CONTEXT('2D SPACE',''
  ) );
#7650 = PCURVE('',#1852,#7651);
#7651 = DEFINITIONAL_REPRESENTATION('',(#7652),#7656);
#7652 = LINE('',#7653,#7654);
#7653 = CARTESIAN_POINT('',(0.,4.712388980385));
#7654 = VECTOR('',#7655,1.);
#7655 = DIRECTION('',(1.,0.));
#7656 = ( GEOMETRIC_REPRESENTATION_CONTEXT(2) 
PARAMETRIC_REPRESENTATION_CONTEXT() REPRESENTATION_CONTEXT('2D SPACE',''
  ) );
#7657 = FACE_BOUND('',#7658,.T.);
#7658 = EDGE_LOOP('',(#7659,#7689,#7713,#7734,#7735));
#7659 = ORIENTED_EDGE('',*,*,#7660,.T.);
#7660 = EDGE_CURVE('',#7661,#7663,#7665,.T.);
#7661 = VERTEX_POINT('',#7662);
#7662 = CARTESIAN_POINT('',(27.77,7.,-5.));
#7663 = VERTEX_POINT('',#7664);
#7664 = CARTESIAN_POINT('',(21.77,7.,-5.));
#7665 = SURFACE_CURVE('',#7666,(#7670,#7677),.PCURVE_S1.);
#7666 = LINE('',#7667,#7668);
#7667 = CARTESIAN_POINT('',(84.77,7.,-5.));
#7668 = VECTOR('',#7669,1.);
#7669 = DIRECTION('',(-1.,1.445602896647E-16,-0.));
#7670 = PCURVE('',#103,#7671);
#7671 = DEFINITIONAL_REPRESENTATION('',(#7672),#7676);
#7672 = LINE('',#7673,#7674);
#7673 = CARTESIAN_POINT('',(0.,7.));
#7674 = VECTOR('',#7675,1.);
#7675 = DIRECTION('',(-1.,1.445602896647E-16));
#7676 = ( GEOMETRIC_REPRESENTATION_CONTEXT(2) 
PARAMETRIC_REPRESENTATION_CONTEXT() REPRESENTATION_CONTEXT('2D SPACE',''
  ) );
#7677 = PCURVE('',#7678,#7683);
#7678 = CYLINDRICAL_SURFACE('',#7679,1.);
#7679 = AXIS2_PLACEMENT_3D('',#7680,#7681,#7682);
#7680 = CARTESIAN_POINT('',(27.77,7.,-4.));
#7681 = DIRECTION('',(1.,-1.445602896647E-16,0.));
#7682 = DIRECTION('',(1.445602896647E-16,1.,0.));
#7683 = DEFINITIONAL_REPRESENTATION('',(#7684),#7688);
#7684 = LINE('',#7685,#7686);
#7685 = CARTESIAN_POINT('',(4.712388980385,57.));
#7686 = VECTOR('',#7687,1.);
#7687 = DIRECTION('',(0.,-1.));
#7688 = ( GEOMETRIC_REPRESENTATION_CONTEXT(2) 
PARAMETRIC_REPRESENTATION_CONTEXT() REPRESENTATION_CONTEXT('2D SPACE',''
  ) );
#7689 = ORIENTED_EDGE('',*,*,#7690,.T.);
#7690 = EDGE_CURVE('',#7663,#7691,#7693,.T.);
#7691 = VERTEX_POINT('',#7692);
#7692 = CARTESIAN_POINT('',(21.77,3.,-5.));
#7693 = SURFACE_CURVE('',#7694,(#7699,#7706),.PCURVE_S1.);
#7694 = CIRCLE('',#7695,2.);
#7695 = AXIS2_PLACEMENT_3D('',#7696,#7697,#7698);
#7696 = CARTESIAN_POINT('',(21.77,5.,-5.));
#7697 = DIRECTION('',(0.,0.,1.));
#7698 = DIRECTION('',(1.,0.,-0.));
#7699 = PCURVE('',#103,#7700);
#7700 = DEFINITIONAL_REPRESENTATION('',(#7701),#7705);
#7701 = CIRCLE('',#7702,2.);
#7702 = AXIS2_PLACEMENT_2D('',#7703,#7704);
#7703 = CARTESIAN_POINT('',(-63.,5.));
#7704 = DIRECTION('',(1.,0.));
#7705 = ( GEOMETRIC_REPRESENTATION_CONTEXT(2) 
PARAMETRIC_REPRESENTATION_CONTEXT() REPRESENTATION_CONTEXT('2D SPACE',''
  ) );
#7706 = PCURVE('',#4757,#7707);
#7707 = DEFINITIONAL_REPRESENTATION('',(#7708),#7712);
#7708 = LINE('',#7709,#7710);
#7709 = CARTESIAN_POINT('',(0.,4.712388980385));
#7710 = VECTOR('',#7711,1.);
#7711 = DIRECTION('',(1.,0.));
#7712 = ( GEOMETRIC_REPRESENTATION_CONTEXT(2) 
PARAMETRIC_REPRESENTATION_CONTEXT() REPRESENTATION_CONTEXT('2D SPACE',''
  ) );
#7713 = ORIENTED_EDGE('',*,*,#7714,.T.);
#7714 = EDGE_CURVE('',#7691,#1262,#7715,.T.);
#7715 = SURFACE_CURVE('',#7716,(#7720,#7727),.PCURVE_S1.);
#7716 = LINE('',#7717,#7718);
#7717 = CARTESIAN_POINT('',(84.77,3.,-5.));
#7718 = VECTOR('',#7719,1.);
#7719 = DIRECTION('',(1.,-1.445602896647E-16,-0.));
#7720 = PCURVE('',#103,#7721);
#7721 = DEFINITIONAL_REPRESENTATION('',(#7722),#7726);
#7722 = LINE('',#7723,#7724);
#7723 = CARTESIAN_POINT('',(0.,3.));
#7724 = VECTOR('',#7725,1.);
#7725 = DIRECTION('',(1.,-1.445602896647E-16));
#7726 = ( GEOMETRIC_REPRESENTATION_CONTEXT(2) 
PARAMETRIC_REPRESENTATION_CONTEXT() REPRESENTATION_CONTEXT('2D SPACE',''
  ) );
#7727 = PCURVE('',#1300,#7728);
#7728 = DEFINITIONAL_REPRESENTATION('',(#7729),#7733);
#7729 = LINE('',#7730,#7731);
#7730 = CARTESIAN_POINT('',(4.712388980385,-57.));
#7731 = VECTOR('',#7732,1.);
#7732 = DIRECTION('',(0.,-1.));
#7733 = ( GEOMETRIC_REPRESENTATION_CONTEXT(2) 
PARAMETRIC_REPRESENTATION_CONTEXT() REPRESENTATION_CONTEXT('2D SPACE',''
  ) );
#7734 = ORIENTED_EDGE('',*,*,#1261,.T.);
#7735 = ORIENTED_EDGE('',*,*,#7736,.T.);
#7736 = EDGE_CURVE('',#1233,#7661,#7737,.T.);
#7737 = SURFACE_CURVE('',#7738,(#7743,#7750),.PCURVE_S1.);
#7738 = CIRCLE('',#7739,2.);
#7739 = AXIS2_PLACEMENT_3D('',#7740,#7741,#7742);
#7740 = CARTESIAN_POINT('',(27.77,5.,-5.));
#7741 = DIRECTION('',(0.,0.,1.));
#7742 = DIRECTION('',(1.,0.,-0.));
#7743 = PCURVE('',#103,#7744);
#7744 = DEFINITIONAL_REPRESENTATION('',(#7745),#7749);
#7745 = CIRCLE('',#7746,2.);
#7746 = AXIS2_PLACEMENT_2D('',#7747,#7748);
#7747 = CARTESIAN_POINT('',(-57.,5.));
#7748 = DIRECTION('',(1.,0.));
#7749 = ( GEOMETRIC_REPRESENTATION_CONTEXT(2) 
PARAMETRIC_REPRESENTATION_CONTEXT() REPRESENTATION_CONTEXT('2D SPACE',''
  ) );
#7750 = PCURVE('',#1249,#7751);
#7751 = DEFINITIONAL_REPRESENTATION('',(#7752),#7756);
#7752 = LINE('',#7753,#7754);
#7753 = CARTESIAN_POINT('',(0.,4.712388980385));
#7754 = VECTOR('',#7755,1.);
#7755 = DIRECTION('',(1.,-1.130863886743E-15));
#7756 = ( GEOMETRIC_REPRESENTATION_CONTEXT(2) 
PARAMETRIC_REPRESENTATION_CONTEXT() REPRESENTATION_CONTEXT('2D SPACE',''
  ) );
#7757 = FACE_BOUND('',#7758,.T.);
#7758 = EDGE_LOOP('',(#7759,#7782,#7783,#7807,#7835));
#7759 = ORIENTED_EDGE('',*,*,#7760,.T.);
#7760 = EDGE_CURVE('',#7761,#2107,#7763,.T.);
#7761 = VERTEX_POINT('',#7762);
#7762 = CARTESIAN_POINT('',(51.77,-7.,-5.));
#7763 = SURFACE_CURVE('',#7764,(#7768,#7775),.PCURVE_S1.);
#7764 = LINE('',#7765,#7766);
#7765 = CARTESIAN_POINT('',(57.77,-7.,-5.));
#7766 = VECTOR('',#7767,1.);
#7767 = DIRECTION('',(1.,1.445602896647E-16,-0.));
#7768 = PCURVE('',#103,#7769);
#7769 = DEFINITIONAL_REPRESENTATION('',(#7770),#7774);
#7770 = LINE('',#7771,#7772);
#7771 = CARTESIAN_POINT('',(-27.,-7.));
#7772 = VECTOR('',#7773,1.);
#7773 = DIRECTION('',(1.,1.445602896647E-16));
#7774 = ( GEOMETRIC_REPRESENTATION_CONTEXT(2) 
PARAMETRIC_REPRESENTATION_CONTEXT() REPRESENTATION_CONTEXT('2D SPACE',''
  ) );
#7775 = PCURVE('',#2145,#7776);
#7776 = DEFINITIONAL_REPRESENTATION('',(#7777),#7781);
#7777 = LINE('',#7778,#7779);
#7778 = CARTESIAN_POINT('',(4.712388980385,27.));
#7779 = VECTOR('',#7780,1.);
#7780 = DIRECTION('',(0.,-1.));
#7781 = ( GEOMETRIC_REPRESENTATION_CONTEXT(2) 
PARAMETRIC_REPRESENTATION_CONTEXT() REPRESENTATION_CONTEXT('2D SPACE',''
  ) );
#7782 = ORIENTED_EDGE('',*,*,#2106,.T.);
#7783 = ORIENTED_EDGE('',*,*,#7784,.T.);
#7784 = EDGE_CURVE('',#2078,#7785,#7787,.T.);
#7785 = VERTEX_POINT('',#7786);
#7786 = CARTESIAN_POINT('',(57.77,-3.,-5.));
#7787 = SURFACE_CURVE('',#7788,(#7793,#7800),.PCURVE_S1.);
#7788 = CIRCLE('',#7789,2.);
#7789 = AXIS2_PLACEMENT_3D('',#7790,#7791,#7792);
#7790 = CARTESIAN_POINT('',(57.77,-5.,-5.));
#7791 = DIRECTION('',(0.,0.,1.));
#7792 = DIRECTION('',(1.,0.,-0.));
#7793 = PCURVE('',#103,#7794);
#7794 = DEFINITIONAL_REPRESENTATION('',(#7795),#7799);
#7795 = CIRCLE('',#7796,2.);
#7796 = AXIS2_PLACEMENT_2D('',#7797,#7798);
#7797 = CARTESIAN_POINT('',(-27.,-5.));
#7798 = DIRECTION('',(1.,0.));
#7799 = ( GEOMETRIC_REPRESENTATION_CONTEXT(2) 
PARAMETRIC_REPRESENTATION_CONTEXT() REPRESENTATION_CONTEXT('2D SPACE',''
  ) );
#7800 = PCURVE('',#2094,#7801);
#7801 = DEFINITIONAL_REPRESENTATION('',(#7802),#7806);
#7802 = LINE('',#7803,#7804);
#7803 = CARTESIAN_POINT('',(0.,4.712388980385));
#7804 = VECTOR('',#7805,1.);
#7805 = DIRECTION('',(1.,1.130863886743E-15));
#7806 = ( GEOMETRIC_REPRESENTATION_CONTEXT(2) 
PARAMETRIC_REPRESENTATION_CONTEXT() REPRESENTATION_CONTEXT('2D SPACE',''
  ) );
#7807 = ORIENTED_EDGE('',*,*,#7808,.T.);
#7808 = EDGE_CURVE('',#7785,#7809,#7811,.T.);
#7809 = VERTEX_POINT('',#7810);
#7810 = CARTESIAN_POINT('',(51.77,-3.,-5.));
#7811 = SURFACE_CURVE('',#7812,(#7816,#7823),.PCURVE_S1.);
#7812 = LINE('',#7813,#7814);
#7813 = CARTESIAN_POINT('',(51.77,-3.,-5.));
#7814 = VECTOR('',#7815,1.);
#7815 = DIRECTION('',(-1.,-1.445602896647E-16,0.));
#7816 = PCURVE('',#103,#7817);
#7817 = DEFINITIONAL_REPRESENTATION('',(#7818),#7822);
#7818 = LINE('',#7819,#7820);
#7819 = CARTESIAN_POINT('',(-33.,-3.));
#7820 = VECTOR('',#7821,1.);
#7821 = DIRECTION('',(-1.,-1.445602896647E-16));
#7822 = ( GEOMETRIC_REPRESENTATION_CONTEXT(2) 
PARAMETRIC_REPRESENTATION_CONTEXT() REPRESENTATION_CONTEXT('2D SPACE',''
  ) );
#7823 = PCURVE('',#7824,#7829);
#7824 = CYLINDRICAL_SURFACE('',#7825,1.);
#7825 = AXIS2_PLACEMENT_3D('',#7826,#7827,#7828);
#7826 = CARTESIAN_POINT('',(84.77,-3.,-4.));
#7827 = DIRECTION('',(1.,1.445602896647E-16,-0.));
#7828 = DIRECTION('',(-1.445602896647E-16,1.,0.));
#7829 = DEFINITIONAL_REPRESENTATION('',(#7830),#7834);
#7830 = LINE('',#7831,#7832);
#7831 = CARTESIAN_POINT('',(4.712388980385,-33.));
#7832 = VECTOR('',#7833,1.);
#7833 = DIRECTION('',(0.,-1.));
#7834 = ( GEOMETRIC_REPRESENTATION_CONTEXT(2) 
PARAMETRIC_REPRESENTATION_CONTEXT() REPRESENTATION_CONTEXT('2D SPACE',''
  ) );
#7835 = ORIENTED_EDGE('',*,*,#7836,.T.);
#7836 = EDGE_CURVE('',#7809,#7761,#7837,.T.);
#7837 = SURFACE_CURVE('',#7838,(#7843,#7850),.PCURVE_S1.);
#7838 = CIRCLE('',#7839,2.);
#7839 = AXIS2_PLACEMENT_3D('',#7840,#7841,#7842);
#7840 = CARTESIAN_POINT('',(51.77,-5.,-5.));
#7841 = DIRECTION('',(0.,0.,1.));
#7842 = DIRECTION('',(1.,0.,-0.));
#7843 = PCURVE('',#103,#7844);
#7844 = DEFINITIONAL_REPRESENTATION('',(#7845),#7849);
#7845 = CIRCLE('',#7846,2.);
#7846 = AXIS2_PLACEMENT_2D('',#7847,#7848);
#7847 = CARTESIAN_POINT('',(-33.,-5.));
#7848 = DIRECTION('',(1.,0.));
#7849 = ( GEOMETRIC_REPRESENTATION_CONTEXT(2) 
PARAMETRIC_REPRESENTATION_CONTEXT() REPRESENTATION_CONTEXT('2D SPACE',''
  ) );
#7850 = PCURVE('',#2212,#7851);
#7851 = DEFINITIONAL_REPRESENTATION('',(#7852),#7856);
#7852 = LINE('',#7853,#7854);
#7853 = CARTESIAN_POINT('',(0.,4.712388980385));
#7854 = VECTOR('',#7855,1.);
#7855 = DIRECTION('',(1.,0.));
#7856 = ( GEOMETRIC_REPRESENTATION_CONTEXT(2) 
PARAMETRIC_REPRESENTATION_CONTEXT() REPRESENTATION_CONTEXT('2D SPACE',''
  ) );
#7857 = FACE_BOUND('',#7858,.T.);
#7858 = EDGE_LOOP('',(#7859,#7889,#7913,#7934,#7935));
#7859 = ORIENTED_EDGE('',*,*,#7860,.T.);
#7860 = EDGE_CURVE('',#7861,#7863,#7865,.T.);
#7861 = VERTEX_POINT('',#7862);
#7862 = CARTESIAN_POINT('',(57.77,7.,-5.));
#7863 = VERTEX_POINT('',#7864);
#7864 = CARTESIAN_POINT('',(51.77,7.,-5.));
#7865 = SURFACE_CURVE('',#7866,(#7870,#7877),.PCURVE_S1.);
#7866 = LINE('',#7867,#7868);
#7867 = CARTESIAN_POINT('',(84.77,7.,-5.));
#7868 = VECTOR('',#7869,1.);
#7869 = DIRECTION('',(-1.,1.445602896647E-16,-0.));
#7870 = PCURVE('',#103,#7871);
#7871 = DEFINITIONAL_REPRESENTATION('',(#7872),#7876);
#7872 = LINE('',#7873,#7874);
#7873 = CARTESIAN_POINT('',(0.,7.));
#7874 = VECTOR('',#7875,1.);
#7875 = DIRECTION('',(-1.,1.445602896647E-16));
#7876 = ( GEOMETRIC_REPRESENTATION_CONTEXT(2) 
PARAMETRIC_REPRESENTATION_CONTEXT() REPRESENTATION_CONTEXT('2D SPACE',''
  ) );
#7877 = PCURVE('',#7878,#7883);
#7878 = CYLINDRICAL_SURFACE('',#7879,1.);
#7879 = AXIS2_PLACEMENT_3D('',#7880,#7881,#7882);
#7880 = CARTESIAN_POINT('',(57.77,7.,-4.));
#7881 = DIRECTION('',(1.,-1.445602896647E-16,0.));
#7882 = DIRECTION('',(1.445602896647E-16,1.,0.));
#7883 = DEFINITIONAL_REPRESENTATION('',(#7884),#7888);
#7884 = LINE('',#7885,#7886);
#7885 = CARTESIAN_POINT('',(4.712388980385,27.));
#7886 = VECTOR('',#7887,1.);
#7887 = DIRECTION('',(0.,-1.));
#7888 = ( GEOMETRIC_REPRESENTATION_CONTEXT(2) 
PARAMETRIC_REPRESENTATION_CONTEXT() REPRESENTATION_CONTEXT('2D SPACE',''
  ) );
#7889 = ORIENTED_EDGE('',*,*,#7890,.T.);
#7890 = EDGE_CURVE('',#7863,#7891,#7893,.T.);
#7891 = VERTEX_POINT('',#7892);
#7892 = CARTESIAN_POINT('',(51.77,3.,-5.));
#7893 = SURFACE_CURVE('',#7894,(#7899,#7906),.PCURVE_S1.);
#7894 = CIRCLE('',#7895,2.);
#7895 = AXIS2_PLACEMENT_3D('',#7896,#7897,#7898);
#7896 = CARTESIAN_POINT('',(51.77,5.,-5.));
#7897 = DIRECTION('',(0.,0.,1.));
#7898 = DIRECTION('',(1.,0.,-0.));
#7899 = PCURVE('',#103,#7900);
#7900 = DEFINITIONAL_REPRESENTATION('',(#7901),#7905);
#7901 = CIRCLE('',#7902,2.);
#7902 = AXIS2_PLACEMENT_2D('',#7903,#7904);
#7903 = CARTESIAN_POINT('',(-33.,5.));
#7904 = DIRECTION('',(1.,0.));
#7905 = ( GEOMETRIC_REPRESENTATION_CONTEXT(2) 
PARAMETRIC_REPRESENTATION_CONTEXT() REPRESENTATION_CONTEXT('2D SPACE',''
  ) );
#7906 = PCURVE('',#4608,#7907);
#7907 = DEFINITIONAL_REPRESENTATION('',(#7908),#7912);
#7908 = LINE('',#7909,#7910);
#7909 = CARTESIAN_POINT('',(0.,4.712388980385));
#7910 = VECTOR('',#7911,1.);
#7911 = DIRECTION('',(1.,0.));
#7912 = ( GEOMETRIC_REPRESENTATION_CONTEXT(2) 
PARAMETRIC_REPRESENTATION_CONTEXT() REPRESENTATION_CONTEXT('2D SPACE',''
  ) );
#7913 = ORIENTED_EDGE('',*,*,#7914,.T.);
#7914 = EDGE_CURVE('',#7891,#1988,#7915,.T.);
#7915 = SURFACE_CURVE('',#7916,(#7920,#7927),.PCURVE_S1.);
#7916 = LINE('',#7917,#7918);
#7917 = CARTESIAN_POINT('',(84.77,3.,-5.));
#7918 = VECTOR('',#7919,1.);
#7919 = DIRECTION('',(1.,-1.445602896647E-16,-0.));
#7920 = PCURVE('',#103,#7921);
#7921 = DEFINITIONAL_REPRESENTATION('',(#7922),#7926);
#7922 = LINE('',#7923,#7924);
#7923 = CARTESIAN_POINT('',(0.,3.));
#7924 = VECTOR('',#7925,1.);
#7925 = DIRECTION('',(1.,-1.445602896647E-16));
#7926 = ( GEOMETRIC_REPRESENTATION_CONTEXT(2) 
PARAMETRIC_REPRESENTATION_CONTEXT() REPRESENTATION_CONTEXT('2D SPACE',''
  ) );
#7927 = PCURVE('',#2026,#7928);
#7928 = DEFINITIONAL_REPRESENTATION('',(#7929),#7933);
#7929 = LINE('',#7930,#7931);
#7930 = CARTESIAN_POINT('',(4.712388980385,-27.));
#7931 = VECTOR('',#7932,1.);
#7932 = DIRECTION('',(0.,-1.));
#7933 = ( GEOMETRIC_REPRESENTATION_CONTEXT(2) 
PARAMETRIC_REPRESENTATION_CONTEXT() REPRESENTATION_CONTEXT('2D SPACE',''
  ) );
#7934 = ORIENTED_EDGE('',*,*,#1987,.T.);
#7935 = ORIENTED_EDGE('',*,*,#7936,.T.);
#7936 = EDGE_CURVE('',#1959,#7861,#7937,.T.);
#7937 = SURFACE_CURVE('',#7938,(#7943,#7950),.PCURVE_S1.);
#7938 = CIRCLE('',#7939,2.);
#7939 = AXIS2_PLACEMENT_3D('',#7940,#7941,#7942);
#7940 = CARTESIAN_POINT('',(57.77,5.,-5.));
#7941 = DIRECTION('',(0.,0.,1.));
#7942 = DIRECTION('',(1.,0.,-0.));
#7943 = PCURVE('',#103,#7944);
#7944 = DEFINITIONAL_REPRESENTATION('',(#7945),#7949);
#7945 = CIRCLE('',#7946,2.);
#7946 = AXIS2_PLACEMENT_2D('',#7947,#7948);
#7947 = CARTESIAN_POINT('',(-27.,5.));
#7948 = DIRECTION('',(1.,0.));
#7949 = ( GEOMETRIC_REPRESENTATION_CONTEXT(2) 
PARAMETRIC_REPRESENTATION_CONTEXT() REPRESENTATION_CONTEXT('2D SPACE',''
  ) );
#7950 = PCURVE('',#1975,#7951);
#7951 = DEFINITIONAL_REPRESENTATION('',(#7952),#7956);
#7952 = LINE('',#7953,#7954);
#7953 = CARTESIAN_POINT('',(0.,4.712388980385));
#7954 = VECTOR('',#7955,1.);
#7955 = DIRECTION('',(1.,1.130863886743E-15));
#7956 = ( GEOMETRIC_REPRESENTATION_CONTEXT(2) 
PARAMETRIC_REPRESENTATION_CONTEXT() REPRESENTATION_CONTEXT('2D SPACE',''
  ) );
#7957 = FACE_BOUND('',#7958,.T.);
#7958 = EDGE_LOOP('',(#7959,#7960));
#7959 = ORIENTED_EDGE('',*,*,#4128,.T.);
#7960 = ORIENTED_EDGE('',*,*,#7961,.T.);
#7961 = EDGE_CURVE('',#4101,#4129,#7962,.T.);
#7962 = SURFACE_CURVE('',#7963,(#7968,#7975),.PCURVE_S1.);
#7963 = CIRCLE('',#7964,13.5);
#7964 = AXIS2_PLACEMENT_3D('',#7965,#7966,#7967);
#7965 = CARTESIAN_POINT('',(-84.77,0.,-5.));
#7966 = DIRECTION('',(0.,-0.,1.));
#7967 = DIRECTION('',(1.,0.,0.));
#7968 = PCURVE('',#103,#7969);
#7969 = DEFINITIONAL_REPRESENTATION('',(#7970),#7974);
#7970 = CIRCLE('',#7971,13.5);
#7971 = AXIS2_PLACEMENT_2D('',#7972,#7973);
#7972 = CARTESIAN_POINT('',(-169.54,0.));
#7973 = DIRECTION('',(1.,0.));
#7974 = ( GEOMETRIC_REPRESENTATION_CONTEXT(2) 
PARAMETRIC_REPRESENTATION_CONTEXT() REPRESENTATION_CONTEXT('2D SPACE',''
  ) );
#7975 = PCURVE('',#4116,#7976);
#7976 = DEFINITIONAL_REPRESENTATION('',(#7977),#7981);
#7977 = LINE('',#7978,#7979);
#7978 = CARTESIAN_POINT('',(0.,8.881784197001E-16));
#7979 = VECTOR('',#7980,1.);
#7980 = DIRECTION('',(1.,0.));
#7981 = ( GEOMETRIC_REPRESENTATION_CONTEXT(2) 
PARAMETRIC_REPRESENTATION_CONTEXT() REPRESENTATION_CONTEXT('2D SPACE',''
  ) );
#7982 = FACE_BOUND('',#7983,.T.);
#7983 = EDGE_LOOP('',(#7984,#8010));
#7984 = ORIENTED_EDGE('',*,*,#7985,.F.);
#7985 = EDGE_CURVE('',#3402,#3435,#7986,.T.);
#7986 = SURFACE_CURVE('',#7987,(#7992,#8003),.PCURVE_S1.);
#7987 = CIRCLE('',#7988,1.4);
#7988 = AXIS2_PLACEMENT_3D('',#7989,#7990,#7991);
#7989 = CARTESIAN_POINT('',(68.293866693001,-9.5125,-5.));
#7990 = DIRECTION('',(0.,0.,-1.));
#7991 = DIRECTION('',(-1.,0.,0.));
#7992 = PCURVE('',#103,#7993);
#7993 = DEFINITIONAL_REPRESENTATION('',(#7994),#8002);
#7994 = ( BOUNDED_CURVE() B_SPLINE_CURVE(2,(#7995,#7996,#7997,#7998,
#7999,#8000,#8001),.UNSPECIFIED.,.T.,.F.) B_SPLINE_CURVE_WITH_KNOTS((1,2
    ,2,2,2,1),(-2.094395102393,0.,2.094395102393,4.188790204786,
6.28318530718,8.377580409573),.UNSPECIFIED.) CURVE() 
GEOMETRIC_REPRESENTATION_ITEM() RATIONAL_B_SPLINE_CURVE((1.,0.5,1.,0.5,
1.,0.5,1.)) REPRESENTATION_ITEM('') );
#7995 = CARTESIAN_POINT('',(-17.87613330699,-9.5125));
#7996 = CARTESIAN_POINT('',(-17.87613330699,-7.087628869404));
#7997 = CARTESIAN_POINT('',(-15.77613330699,-8.300064434702));
#7998 = CARTESIAN_POINT('',(-13.67613330699,-9.5125));
#7999 = CARTESIAN_POINT('',(-15.77613330699,-10.72493556529));
#8000 = CARTESIAN_POINT('',(-17.87613330699,-11.93737113059));
#8001 = CARTESIAN_POINT('',(-17.87613330699,-9.5125));
#8002 = ( GEOMETRIC_REPRESENTATION_CONTEXT(2) 
PARAMETRIC_REPRESENTATION_CONTEXT() REPRESENTATION_CONTEXT('2D SPACE',''
  ) );
#8003 = PCURVE('',#3422,#8004);
#8004 = DEFINITIONAL_REPRESENTATION('',(#8005),#8009);
#8005 = LINE('',#8006,#8007);
#8006 = CARTESIAN_POINT('',(0.,10.));
#8007 = VECTOR('',#8008,1.);
#8008 = DIRECTION('',(1.,0.));
#8009 = ( GEOMETRIC_REPRESENTATION_CONTEXT(2) 
PARAMETRIC_REPRESENTATION_CONTEXT() REPRESENTATION_CONTEXT('2D SPACE',''
  ) );
#8010 = ORIENTED_EDGE('',*,*,#3434,.F.);
#8011 = FACE_BOUND('',#8012,.T.);
#8012 = EDGE_LOOP('',(#8013,#8039));
#8013 = ORIENTED_EDGE('',*,*,#8014,.F.);
#8014 = EDGE_CURVE('',#3287,#3320,#8015,.T.);
#8015 = SURFACE_CURVE('',#8016,(#8021,#8032),.PCURVE_S1.);
#8016 = CIRCLE('',#8017,1.4);
#8017 = AXIS2_PLACEMENT_3D('',#8018,#8019,#8020);
#8018 = CARTESIAN_POINT('',(84.77,-19.025,-5.));
#8019 = DIRECTION('',(0.,0.,-1.));
#8020 = DIRECTION('',(-1.,0.,0.));
#8021 = PCURVE('',#103,#8022);
#8022 = DEFINITIONAL_REPRESENTATION('',(#8023),#8031);
#8023 = ( BOUNDED_CURVE() B_SPLINE_CURVE(2,(#8024,#8025,#8026,#8027,
#8028,#8029,#8030),.UNSPECIFIED.,.T.,.F.) B_SPLINE_CURVE_WITH_KNOTS((1,2
    ,2,2,2,1),(-2.094395102393,0.,2.094395102393,4.188790204786,
6.28318530718,8.377580409573),.UNSPECIFIED.) CURVE() 
GEOMETRIC_REPRESENTATION_ITEM() RATIONAL_B_SPLINE_CURVE((1.,0.5,1.,0.5,
1.,0.5,1.)) REPRESENTATION_ITEM('') );
#8024 = CARTESIAN_POINT('',(-1.4,-19.025));
#8025 = CARTESIAN_POINT('',(-1.4,-16.6001288694));
#8026 = CARTESIAN_POINT('',(0.7,-17.8125644347));
#8027 = CARTESIAN_POINT('',(2.8,-19.025));
#8028 = CARTESIAN_POINT('',(0.7,-20.23743556529));
#8029 = CARTESIAN_POINT('',(-1.4,-21.44987113059));
#8030 = CARTESIAN_POINT('',(-1.4,-19.025));
#8031 = ( GEOMETRIC_REPRESENTATION_CONTEXT(2) 
PARAMETRIC_REPRESENTATION_CONTEXT() REPRESENTATION_CONTEXT('2D SPACE',''
  ) );
#8032 = PCURVE('',#3307,#8033);
#8033 = DEFINITIONAL_REPRESENTATION('',(#8034),#8038);
#8034 = LINE('',#8035,#8036);
#8035 = CARTESIAN_POINT('',(0.,10.));
#8036 = VECTOR('',#8037,1.);
#8037 = DIRECTION('',(1.,0.));
#8038 = ( GEOMETRIC_REPRESENTATION_CONTEXT(2) 
PARAMETRIC_REPRESENTATION_CONTEXT() REPRESENTATION_CONTEXT('2D SPACE',''
  ) );
#8039 = ORIENTED_EDGE('',*,*,#3319,.F.);
#8040 = FACE_BOUND('',#8041,.T.);
#8041 = EDGE_LOOP('',(#8042,#8072,#8098,#8099,#8122,#8155,#8183,#8216,
    #8245));
#8042 = ORIENTED_EDGE('',*,*,#8043,.T.);
#8043 = EDGE_CURVE('',#8044,#8046,#8048,.T.);
#8044 = VERTEX_POINT('',#8045);
#8045 = CARTESIAN_POINT('',(-36.7279389012,17.43157802161,-5.));
#8046 = VERTEX_POINT('',#8047);
#8047 = CARTESIAN_POINT('',(84.146839536393,21.01576303722,-5.));
#8048 = SURFACE_CURVE('',#8049,(#8053,#8060),.PCURVE_S1.);
#8049 = LINE('',#8050,#8051);
#8050 = CARTESIAN_POINT('',(84.146839536393,21.01576303722,-5.));
#8051 = VECTOR('',#8052,1.);
#8052 = DIRECTION('',(0.999560667644,2.963902323935E-02,-0.));
#8053 = PCURVE('',#103,#8054);
#8054 = DEFINITIONAL_REPRESENTATION('',(#8055),#8059);
#8055 = LINE('',#8056,#8057);
#8056 = CARTESIAN_POINT('',(-0.623160463607,21.01576303722));
#8057 = VECTOR('',#8058,1.);
#8058 = DIRECTION('',(0.999560667644,2.963902323935E-02));
#8059 = ( GEOMETRIC_REPRESENTATION_CONTEXT(2) 
PARAMETRIC_REPRESENTATION_CONTEXT() REPRESENTATION_CONTEXT('2D SPACE',''
  ) );
#8060 = PCURVE('',#8061,#8066);
#8061 = CYLINDRICAL_SURFACE('',#8062,1.);
#8062 = AXIS2_PLACEMENT_3D('',#8063,#8064,#8065);
#8063 = CARTESIAN_POINT('',(-85.24422437183,15.992970682308,-4.));
#8064 = DIRECTION('',(0.999560667644,2.963902323935E-02,-0.));
#8065 = DIRECTION('',(-2.963902323935E-02,0.999560667644,0.));
#8066 = DEFINITIONAL_REPRESENTATION('',(#8067),#8071);
#8067 = LINE('',#8068,#8069);
#8068 = CARTESIAN_POINT('',(4.712388980385,169.4655155924));
#8069 = VECTOR('',#8070,1.);
#8070 = DIRECTION('',(0.,1.));
#8071 = ( GEOMETRIC_REPRESENTATION_CONTEXT(2) 
PARAMETRIC_REPRESENTATION_CONTEXT() REPRESENTATION_CONTEXT('2D SPACE',''
  ) );
#8072 = ORIENTED_EDGE('',*,*,#8073,.T.);
#8073 = EDGE_CURVE('',#8046,#2639,#8074,.T.);
#8074 = SURFACE_CURVE('',#8075,(#8080,#8091),.PCURVE_S1.);
#8075 = CIRCLE('',#8076,21.025);
#8076 = AXIS2_PLACEMENT_3D('',#8077,#8078,#8079);
#8077 = CARTESIAN_POINT('',(84.77,0.,-5.));
#8078 = DIRECTION('',(0.,-0.,-1.));
#8079 = DIRECTION('',(1.,-8.881784197001E-16,0.));
#8080 = PCURVE('',#103,#8081);
#8081 = DEFINITIONAL_REPRESENTATION('',(#8082),#8090);
#8082 = ( BOUNDED_CURVE() B_SPLINE_CURVE(2,(#8083,#8084,#8085,#8086,
#8087,#8088,#8089),.UNSPECIFIED.,.T.,.F.) B_SPLINE_CURVE_WITH_KNOTS((1,2
    ,2,2,2,1),(-2.094395102393,0.,2.094395102393,4.188790204786,
6.28318530718,8.377580409573),.UNSPECIFIED.) CURVE() 
GEOMETRIC_REPRESENTATION_ITEM() RATIONAL_B_SPLINE_CURVE((1.,0.5,1.,0.5,
1.,0.5,1.)) REPRESENTATION_ITEM('') );
#8083 = CARTESIAN_POINT('',(21.025,-1.86739512742E-14));
#8084 = CARTESIAN_POINT('',(21.025,-36.41636822913));
#8085 = CARTESIAN_POINT('',(-10.5125,-18.20818411456));
#8086 = CARTESIAN_POINT('',(-42.05,3.219826275798E-14));
#8087 = CARTESIAN_POINT('',(-10.5125,18.208184114568));
#8088 = CARTESIAN_POINT('',(21.025,36.416368229136));
#8089 = CARTESIAN_POINT('',(21.025,-1.86739512742E-14));
#8090 = ( GEOMETRIC_REPRESENTATION_CONTEXT(2) 
PARAMETRIC_REPRESENTATION_CONTEXT() REPRESENTATION_CONTEXT('2D SPACE',''
  ) );
#8091 = PCURVE('',#2690,#8092);
#8092 = DEFINITIONAL_REPRESENTATION('',(#8093),#8097);
#8093 = LINE('',#8094,#8095);
#8094 = CARTESIAN_POINT('',(6.28318530718,4.712388980385));
#8095 = VECTOR('',#8096,1.);
#8096 = DIRECTION('',(-1.,2.219836022692E-15));
#8097 = ( GEOMETRIC_REPRESENTATION_CONTEXT(2) 
PARAMETRIC_REPRESENTATION_CONTEXT() REPRESENTATION_CONTEXT('2D SPACE',''
  ) );
#8098 = ORIENTED_EDGE('',*,*,#2638,.T.);
#8099 = ORIENTED_EDGE('',*,*,#8100,.T.);
#8100 = EDGE_CURVE('',#2641,#8101,#8103,.T.);
#8101 = VERTEX_POINT('',#8102);
#8102 = CARTESIAN_POINT('',(-85.24422437183,-15.9929706823,-5.));
#8103 = SURFACE_CURVE('',#8104,(#8108,#8115),.PCURVE_S1.);
#8104 = LINE('',#8105,#8106);
#8105 = CARTESIAN_POINT('',(-85.24422437183,-15.9929706823,-5.));
#8106 = VECTOR('',#8107,1.);
#8107 = DIRECTION('',(-0.999560667644,2.963902323935E-02,-0.));
#8108 = PCURVE('',#103,#8109);
#8109 = DEFINITIONAL_REPRESENTATION('',(#8110),#8114);
#8110 = LINE('',#8111,#8112);
#8111 = CARTESIAN_POINT('',(-170.0142243718,-15.9929706823));
#8112 = VECTOR('',#8113,1.);
#8113 = DIRECTION('',(-0.999560667644,2.963902323935E-02));
#8114 = ( GEOMETRIC_REPRESENTATION_CONTEXT(2) 
PARAMETRIC_REPRESENTATION_CONTEXT() REPRESENTATION_CONTEXT('2D SPACE',''
  ) );
#8115 = PCURVE('',#2746,#8116);
#8116 = DEFINITIONAL_REPRESENTATION('',(#8117),#8121);
#8117 = LINE('',#8118,#8119);
#8118 = CARTESIAN_POINT('',(4.712388980385,-2.84217094304E-14));
#8119 = VECTOR('',#8120,1.);
#8120 = DIRECTION('',(0.,1.));
#8121 = ( GEOMETRIC_REPRESENTATION_CONTEXT(2) 
PARAMETRIC_REPRESENTATION_CONTEXT() REPRESENTATION_CONTEXT('2D SPACE',''
  ) );
#8122 = ORIENTED_EDGE('',*,*,#8123,.T.);
#8123 = EDGE_CURVE('',#8101,#8124,#8126,.T.);
#8124 = VERTEX_POINT('',#8125);
#8125 = CARTESIAN_POINT('',(-85.24422437183,15.992970682308,-5.));
#8126 = SURFACE_CURVE('',#8127,(#8132,#8143),.PCURVE_S1.);
#8127 = CIRCLE('',#8128,16.);
#8128 = AXIS2_PLACEMENT_3D('',#8129,#8130,#8131);
#8129 = CARTESIAN_POINT('',(-84.77,0.,-5.));
#8130 = DIRECTION('',(0.,-0.,-1.));
#8131 = DIRECTION('',(1.,8.881784197001E-16,-0.));
#8132 = PCURVE('',#103,#8133);
#8133 = DEFINITIONAL_REPRESENTATION('',(#8134),#8142);
#8134 = ( BOUNDED_CURVE() B_SPLINE_CURVE(2,(#8135,#8136,#8137,#8138,
#8139,#8140,#8141),.UNSPECIFIED.,.T.,.F.) B_SPLINE_CURVE_WITH_KNOTS((1,2
    ,2,2,2,1),(-2.094395102393,0.,2.094395102393,4.188790204786,
6.28318530718,8.377580409573),.UNSPECIFIED.) CURVE() 
GEOMETRIC_REPRESENTATION_ITEM() RATIONAL_B_SPLINE_CURVE((1.,0.5,1.,0.5,
1.,0.5,1.)) REPRESENTATION_ITEM('') );
#8135 = CARTESIAN_POINT('',(-153.54,1.42108547152E-14));
#8136 = CARTESIAN_POINT('',(-153.54,-27.7128129211));
#8137 = CARTESIAN_POINT('',(-177.54,-13.85640646055));
#8138 = CARTESIAN_POINT('',(-201.54,-3.234057918768E-14));
#8139 = CARTESIAN_POINT('',(-177.54,13.856406460551));
#8140 = CARTESIAN_POINT('',(-153.54,27.712812921102));
#8141 = CARTESIAN_POINT('',(-153.54,1.42108547152E-14));
#8142 = ( GEOMETRIC_REPRESENTATION_CONTEXT(2) 
PARAMETRIC_REPRESENTATION_CONTEXT() REPRESENTATION_CONTEXT('2D SPACE',''
  ) );
#8143 = PCURVE('',#8144,#8149);
#8144 = TOROIDAL_SURFACE('',#8145,16.,1.);
#8145 = AXIS2_PLACEMENT_3D('',#8146,#8147,#8148);
#8146 = CARTESIAN_POINT('',(-84.77,0.,-4.));
#8147 = DIRECTION('',(0.,0.,1.));
#8148 = DIRECTION('',(1.,0.,-0.));
#8149 = DEFINITIONAL_REPRESENTATION('',(#8150),#8154);
#8150 = LINE('',#8151,#8152);
#8151 = CARTESIAN_POINT('',(6.28318530718,4.712388980385));
#8152 = VECTOR('',#8153,1.);
#8153 = DIRECTION('',(-1.,0.));
#8154 = ( GEOMETRIC_REPRESENTATION_CONTEXT(2) 
PARAMETRIC_REPRESENTATION_CONTEXT() REPRESENTATION_CONTEXT('2D SPACE',''
  ) );
#8155 = ORIENTED_EDGE('',*,*,#8156,.T.);
#8156 = EDGE_CURVE('',#8124,#8157,#8159,.T.);
#8157 = VERTEX_POINT('',#8158);
#8158 = CARTESIAN_POINT('',(-67.05716549893,16.532254267625,-5.));
#8159 = SURFACE_CURVE('',#8160,(#8164,#8171),.PCURVE_S1.);
#8160 = LINE('',#8161,#8162);
#8161 = CARTESIAN_POINT('',(-67.05716549893,16.532254267625,-5.));
#8162 = VECTOR('',#8163,1.);
#8163 = DIRECTION('',(0.999560667644,2.963902323935E-02,-0.));
#8164 = PCURVE('',#103,#8165);
#8165 = DEFINITIONAL_REPRESENTATION('',(#8166),#8170);
#8166 = LINE('',#8167,#8168);
#8167 = CARTESIAN_POINT('',(-151.8271654989,16.532254267625));
#8168 = VECTOR('',#8169,1.);
#8169 = DIRECTION('',(0.999560667644,2.963902323935E-02));
#8170 = ( GEOMETRIC_REPRESENTATION_CONTEXT(2) 
PARAMETRIC_REPRESENTATION_CONTEXT() REPRESENTATION_CONTEXT('2D SPACE',''
  ) );
#8171 = PCURVE('',#8172,#8177);
#8172 = CYLINDRICAL_SURFACE('',#8173,1.);
#8173 = AXIS2_PLACEMENT_3D('',#8174,#8175,#8176);
#8174 = CARTESIAN_POINT('',(-85.24422437183,15.992970682308,-4.));
#8175 = DIRECTION('',(0.999560667644,2.963902323935E-02,-0.));
#8176 = DIRECTION('',(-2.963902323935E-02,0.999560667644,0.));
#8177 = DEFINITIONAL_REPRESENTATION('',(#8178),#8182);
#8178 = LINE('',#8179,#8180);
#8179 = CARTESIAN_POINT('',(4.712388980385,18.195052548194));
#8180 = VECTOR('',#8181,1.);
#8181 = DIRECTION('',(0.,1.));
#8182 = ( GEOMETRIC_REPRESENTATION_CONTEXT(2) 
PARAMETRIC_REPRESENTATION_CONTEXT() REPRESENTATION_CONTEXT('2D SPACE',''
  ) );
#8183 = ORIENTED_EDGE('',*,*,#8184,.T.);
#8184 = EDGE_CURVE('',#8157,#8185,#8187,.T.);
#8185 = VERTEX_POINT('',#8186);
#8186 = CARTESIAN_POINT('',(-62.26984586605,14.125262189022,-5.));
#8187 = SURFACE_CURVE('',#8188,(#8193,#8204),.PCURVE_S1.);
#8188 = CIRCLE('',#8189,5.634615384615);
#8189 = AXIS2_PLACEMENT_3D('',#8190,#8191,#8192);
#8190 = CARTESIAN_POINT('',(-66.8901610026,10.90011435186,-5.));
#8191 = DIRECTION('',(0.,-0.,-1.));
#8192 = DIRECTION('',(1.,2.770821115212E-15,-0.));
#8193 = PCURVE('',#103,#8194);
#8194 = DEFINITIONAL_REPRESENTATION('',(#8195),#8203);
#8195 = ( BOUNDED_CURVE() B_SPLINE_CURVE(2,(#8196,#8197,#8198,#8199,
#8200,#8201,#8202),.UNSPECIFIED.,.T.,.F.) B_SPLINE_CURVE_WITH_KNOTS((1,2
    ,2,2,2,1),(-2.094395102393,0.,2.094395102393,4.188790204786,
6.28318530718,8.377580409573),.UNSPECIFIED.) CURVE() 
GEOMETRIC_REPRESENTATION_ITEM() RATIONAL_B_SPLINE_CURVE((1.,0.5,1.,0.5,
1.,0.5,1.)) REPRESENTATION_ITEM('') );
#8196 = CARTESIAN_POINT('',(-146.0255456179,10.90011435186));
#8197 = CARTESIAN_POINT('',(-146.0255456179,1.140674224597));
#8198 = CARTESIAN_POINT('',(-154.4774686949,6.020394288229));
#8199 = CARTESIAN_POINT('',(-162.9293917718,10.90011435186));
#8200 = CARTESIAN_POINT('',(-154.4774686949,15.779834415492));
#8201 = CARTESIAN_POINT('',(-146.0255456179,20.659554479124));
#8202 = CARTESIAN_POINT('',(-146.0255456179,10.90011435186));
#8203 = ( GEOMETRIC_REPRESENTATION_CONTEXT(2) 
PARAMETRIC_REPRESENTATION_CONTEXT() REPRESENTATION_CONTEXT('2D SPACE',''
  ) );
#8204 = PCURVE('',#8205,#8210);
#8205 = TOROIDAL_SURFACE('',#8206,5.634615384615,1.);
#8206 = AXIS2_PLACEMENT_3D('',#8207,#8208,#8209);
#8207 = CARTESIAN_POINT('',(-66.8901610026,10.90011435186,-4.));
#8208 = DIRECTION('',(0.,0.,1.));
#8209 = DIRECTION('',(1.,0.,-0.));
#8210 = DEFINITIONAL_REPRESENTATION('',(#8211),#8215);
#8211 = LINE('',#8212,#8213);
#8212 = CARTESIAN_POINT('',(6.28318530718,4.712388980385));
#8213 = VECTOR('',#8214,1.);
#8214 = DIRECTION('',(-1.,-4.481074611259E-15));
#8215 = ( GEOMETRIC_REPRESENTATION_CONTEXT(2) 
PARAMETRIC_REPRESENTATION_CONTEXT() REPRESENTATION_CONTEXT('2D SPACE',''
  ) );
#8216 = ORIENTED_EDGE('',*,*,#8217,.T.);
#8217 = EDGE_CURVE('',#8185,#8218,#8220,.T.);
#8218 = VERTEX_POINT('',#8219);
#8219 = CARTESIAN_POINT('',(-41.36422838088,14.745156611175,-5.));
#8220 = SURFACE_CURVE('',#8221,(#8226,#8233),.PCURVE_S1.);
#8221 = CIRCLE('',#8222,12.5);
#8222 = AXIS2_PLACEMENT_3D('',#8223,#8224,#8225);
#8223 = CARTESIAN_POINT('',(-52.02,21.280027015488,-5.));
#8224 = DIRECTION('',(0.,0.,1.));
#8225 = DIRECTION('',(1.,0.,-0.));
#8226 = PCURVE('',#103,#8227);
#8227 = DEFINITIONAL_REPRESENTATION('',(#8228),#8232);
#8228 = CIRCLE('',#8229,12.5);
#8229 = AXIS2_PLACEMENT_2D('',#8230,#8231);
#8230 = CARTESIAN_POINT('',(-136.79,21.280027015488));
#8231 = DIRECTION('',(1.,0.));
#8232 = ( GEOMETRIC_REPRESENTATION_CONTEXT(2) 
PARAMETRIC_REPRESENTATION_CONTEXT() REPRESENTATION_CONTEXT('2D SPACE',''
  ) );
#8233 = PCURVE('',#8234,#8239);
#8234 = TOROIDAL_SURFACE('',#8235,12.5,1.);
#8235 = AXIS2_PLACEMENT_3D('',#8236,#8237,#8238);
#8236 = CARTESIAN_POINT('',(-52.02,21.280027015488,-4.));
#8237 = DIRECTION('',(0.,0.,1.));
#8238 = DIRECTION('',(1.,0.,-0.));
#8239 = DEFINITIONAL_REPRESENTATION('',(#8240),#8244);
#8240 = LINE('',#8241,#8242);
#8241 = CARTESIAN_POINT('',(0.,4.712388980385));
#8242 = VECTOR('',#8243,1.);
#8243 = DIRECTION('',(1.,1.792429844504E-15));
#8244 = ( GEOMETRIC_REPRESENTATION_CONTEXT(2) 
PARAMETRIC_REPRESENTATION_CONTEXT() REPRESENTATION_CONTEXT('2D SPACE',''
  ) );
#8245 = ORIENTED_EDGE('',*,*,#8246,.T.);
#8246 = EDGE_CURVE('',#8218,#8044,#8247,.T.);
#8247 = SURFACE_CURVE('',#8248,(#8253,#8264),.PCURVE_S1.);
#8248 = CIRCLE('',#8249,5.634615384615);
#8249 = AXIS2_PLACEMENT_3D('',#8250,#8251,#8252);
#8250 = CARTESIAN_POINT('',(-36.56093440487,11.799438105846,-5.));
#8251 = DIRECTION('',(0.,-0.,-1.));
#8252 = DIRECTION('',(1.,1.847214076808E-15,-0.));
#8253 = PCURVE('',#103,#8254);
#8254 = DEFINITIONAL_REPRESENTATION('',(#8255),#8263);
#8255 = ( BOUNDED_CURVE() B_SPLINE_CURVE(2,(#8256,#8257,#8258,#8259,
#8260,#8261,#8262),.UNSPECIFIED.,.T.,.F.) B_SPLINE_CURVE_WITH_KNOTS((1,2
    ,2,2,2,1),(-2.094395102393,0.,2.094395102393,4.188790204786,
6.28318530718,8.377580409573),.UNSPECIFIED.) CURVE() 
GEOMETRIC_REPRESENTATION_ITEM() RATIONAL_B_SPLINE_CURVE((1.,0.5,1.,0.5,
1.,0.5,1.)) REPRESENTATION_ITEM('') );
#8256 = CARTESIAN_POINT('',(-115.6963190202,11.799438105846));
#8257 = CARTESIAN_POINT('',(-115.6963190202,2.039997978582));
#8258 = CARTESIAN_POINT('',(-124.1482420971,6.919718042214));
#8259 = CARTESIAN_POINT('',(-132.6001651741,11.799438105846));
#8260 = CARTESIAN_POINT('',(-124.1482420971,16.679158169477));
#8261 = CARTESIAN_POINT('',(-115.6963190202,21.558878233109));
#8262 = CARTESIAN_POINT('',(-115.6963190202,11.799438105846));
#8263 = ( GEOMETRIC_REPRESENTATION_CONTEXT(2) 
PARAMETRIC_REPRESENTATION_CONTEXT() REPRESENTATION_CONTEXT('2D SPACE',''
  ) );
#8264 = PCURVE('',#8265,#8270);
#8265 = TOROIDAL_SURFACE('',#8266,5.634615384615,1.);
#8266 = AXIS2_PLACEMENT_3D('',#8267,#8268,#8269);
#8267 = CARTESIAN_POINT('',(-36.56093440487,11.799438105846,-4.));
#8268 = DIRECTION('',(0.,0.,1.));
#8269 = DIRECTION('',(1.,0.,-0.));
#8270 = DEFINITIONAL_REPRESENTATION('',(#8271),#8275);
#8271 = LINE('',#8272,#8273);
#8272 = CARTESIAN_POINT('',(6.28318530718,4.712388980385));
#8273 = VECTOR('',#8274,1.);
#8274 = DIRECTION('',(-1.,-8.962149222519E-16));
#8275 = ( GEOMETRIC_REPRESENTATION_CONTEXT(2) 
PARAMETRIC_REPRESENTATION_CONTEXT() REPRESENTATION_CONTEXT('2D SPACE',''
  ) );
#8276 = FACE_BOUND('',#8277,.T.);
#8277 = EDGE_LOOP('',(#8278,#8279));
#8278 = ORIENTED_EDGE('',*,*,#2470,.T.);
#8279 = ORIENTED_EDGE('',*,*,#8280,.T.);
#8280 = EDGE_CURVE('',#2442,#2471,#8281,.T.);
#8281 = SURFACE_CURVE('',#8282,(#8287,#8294),.PCURVE_S1.);
#8282 = CIRCLE('',#8283,16.525);
#8283 = AXIS2_PLACEMENT_3D('',#8284,#8285,#8286);
#8284 = CARTESIAN_POINT('',(84.77,0.,-5.));
#8285 = DIRECTION('',(0.,0.,1.));
#8286 = DIRECTION('',(1.,0.,-0.));
#8287 = PCURVE('',#103,#8288);
#8288 = DEFINITIONAL_REPRESENTATION('',(#8289),#8293);
#8289 = CIRCLE('',#8290,16.525);
#8290 = AXIS2_PLACEMENT_2D('',#8291,#8292);
#8291 = CARTESIAN_POINT('',(0.,0.));
#8292 = DIRECTION('',(1.,0.));
#8293 = ( GEOMETRIC_REPRESENTATION_CONTEXT(2) 
PARAMETRIC_REPRESENTATION_CONTEXT() REPRESENTATION_CONTEXT('2D SPACE',''
  ) );
#8294 = PCURVE('',#2458,#8295);
#8295 = DEFINITIONAL_REPRESENTATION('',(#8296),#8300);
#8296 = LINE('',#8297,#8298);
#8297 = CARTESIAN_POINT('',(0.,4.712388980385));
#8298 = VECTOR('',#8299,1.);
#8299 = DIRECTION('',(1.,0.));
#8300 = ( GEOMETRIC_REPRESENTATION_CONTEXT(2) 
PARAMETRIC_REPRESENTATION_CONTEXT() REPRESENTATION_CONTEXT('2D SPACE',''
  ) );
#8301 = ADVANCED_FACE('',(#8302),#863,.F.);
#8302 = FACE_BOUND('',#8303,.F.);
#8303 = EDGE_LOOP('',(#8304,#8335,#8356,#8357,#8378,#8379,#8403));
#8304 = ORIENTED_EDGE('',*,*,#8305,.F.);
#8305 = EDGE_CURVE('',#8306,#8308,#8310,.T.);
#8306 = VERTEX_POINT('',#8307);
#8307 = CARTESIAN_POINT('',(-31.23,-5.,3.));
#8308 = VERTEX_POINT('',#8309);
#8309 = CARTESIAN_POINT('',(-32.23,-4.,3.));
#8310 = SURFACE_CURVE('',#8311,(#8316,#8323),.PCURVE_S1.);
#8311 = CIRCLE('',#8312,1.);
#8312 = AXIS2_PLACEMENT_3D('',#8313,#8314,#8315);
#8313 = CARTESIAN_POINT('',(-32.23,-5.,3.));
#8314 = DIRECTION('',(0.,-0.,1.));
#8315 = DIRECTION('',(-1.,0.,0.));
#8316 = PCURVE('',#863,#8317);
#8317 = DEFINITIONAL_REPRESENTATION('',(#8318),#8322);
#8318 = LINE('',#8319,#8320);
#8319 = CARTESIAN_POINT('',(6.28318530718,2.));
#8320 = VECTOR('',#8321,1.);
#8321 = DIRECTION('',(-1.,0.));
#8322 = ( GEOMETRIC_REPRESENTATION_CONTEXT(2) 
PARAMETRIC_REPRESENTATION_CONTEXT() REPRESENTATION_CONTEXT('2D SPACE',''
  ) );
#8323 = PCURVE('',#8324,#8329);
#8324 = TOROIDAL_SURFACE('',#8325,2.,1.);
#8325 = AXIS2_PLACEMENT_3D('',#8326,#8327,#8328);
#8326 = CARTESIAN_POINT('',(-32.23,-5.,3.));
#8327 = DIRECTION('',(0.,0.,-1.));
#8328 = DIRECTION('',(-1.,0.,0.));
#8329 = DEFINITIONAL_REPRESENTATION('',(#8330),#8334);
#8330 = LINE('',#8331,#8332);
#8331 = CARTESIAN_POINT('',(6.28318530718,3.14159265359));
#8332 = VECTOR('',#8333,1.);
#8333 = DIRECTION('',(-1.,0.));
#8334 = ( GEOMETRIC_REPRESENTATION_CONTEXT(2) 
PARAMETRIC_REPRESENTATION_CONTEXT() REPRESENTATION_CONTEXT('2D SPACE',''
  ) );
#8335 = ORIENTED_EDGE('',*,*,#8336,.T.);
#8336 = EDGE_CURVE('',#8306,#5675,#8337,.T.);
#8337 = SURFACE_CURVE('',#8338,(#8342,#8349),.PCURVE_S1.);
#8338 = LINE('',#8339,#8340);
#8339 = CARTESIAN_POINT('',(-31.23,-5.,4.));
#8340 = VECTOR('',#8341,1.);
#8341 = DIRECTION('',(0.,0.,1.));
#8342 = PCURVE('',#863,#8343);
#8343 = DEFINITIONAL_REPRESENTATION('',(#8344),#8348);
#8344 = LINE('',#8345,#8346);
#8345 = CARTESIAN_POINT('',(3.14159265359,1.));
#8346 = VECTOR('',#8347,1.);
#8347 = DIRECTION('',(0.,-1.));
#8348 = ( GEOMETRIC_REPRESENTATION_CONTEXT(2) 
PARAMETRIC_REPRESENTATION_CONTEXT() REPRESENTATION_CONTEXT('2D SPACE',''
  ) );
#8349 = PCURVE('',#5690,#8350);
#8350 = DEFINITIONAL_REPRESENTATION('',(#8351),#8355);
#8351 = LINE('',#8352,#8353);
#8352 = CARTESIAN_POINT('',(0.,-10.));
#8353 = VECTOR('',#8354,1.);
#8354 = DIRECTION('',(1.,0.));
#8355 = ( GEOMETRIC_REPRESENTATION_CONTEXT(2) 
PARAMETRIC_REPRESENTATION_CONTEXT() REPRESENTATION_CONTEXT('2D SPACE',''
  ) );
#8356 = ORIENTED_EDGE('',*,*,#5702,.F.);
#8357 = ORIENTED_EDGE('',*,*,#8358,.T.);
#8358 = EDGE_CURVE('',#5703,#842,#8359,.T.);
#8359 = SURFACE_CURVE('',#8360,(#8364,#8371),.PCURVE_S1.);
#8360 = LINE('',#8361,#8362);
#8361 = CARTESIAN_POINT('',(-32.23,-6.,5.));
#8362 = VECTOR('',#8363,1.);
#8363 = DIRECTION('',(-0.,-0.,-1.));
#8364 = PCURVE('',#863,#8365);
#8365 = DEFINITIONAL_REPRESENTATION('',(#8366),#8370);
#8366 = LINE('',#8367,#8368);
#8367 = CARTESIAN_POINT('',(4.712388980385,0.));
#8368 = VECTOR('',#8369,1.);
#8369 = DIRECTION('',(0.,1.));
#8370 = ( GEOMETRIC_REPRESENTATION_CONTEXT(2) 
PARAMETRIC_REPRESENTATION_CONTEXT() REPRESENTATION_CONTEXT('2D SPACE',''
  ) );
#8371 = PCURVE('',#5740,#8372);
#8372 = DEFINITIONAL_REPRESENTATION('',(#8373),#8377);
#8373 = LINE('',#8374,#8375);
#8374 = CARTESIAN_POINT('',(0.,0.));
#8375 = VECTOR('',#8376,1.);
#8376 = DIRECTION('',(0.,-1.));
#8377 = ( GEOMETRIC_REPRESENTATION_CONTEXT(2) 
PARAMETRIC_REPRESENTATION_CONTEXT() REPRESENTATION_CONTEXT('2D SPACE',''
  ) );
#8378 = ORIENTED_EDGE('',*,*,#839,.F.);
#8379 = ORIENTED_EDGE('',*,*,#8380,.F.);
#8380 = EDGE_CURVE('',#8381,#840,#8383,.T.);
#8381 = VERTEX_POINT('',#8382);
#8382 = CARTESIAN_POINT('',(-32.23,-4.,-4.));
#8383 = SURFACE_CURVE('',#8384,(#8389,#8396),.PCURVE_S1.);
#8384 = CIRCLE('',#8385,1.);
#8385 = AXIS2_PLACEMENT_3D('',#8386,#8387,#8388);
#8386 = CARTESIAN_POINT('',(-32.23,-5.,-4.));
#8387 = DIRECTION('',(0.,0.,-1.));
#8388 = DIRECTION('',(1.,0.,0.));
#8389 = PCURVE('',#863,#8390);
#8390 = DEFINITIONAL_REPRESENTATION('',(#8391),#8395);
#8391 = LINE('',#8392,#8393);
#8392 = CARTESIAN_POINT('',(-3.14159265359,9.));
#8393 = VECTOR('',#8394,1.);
#8394 = DIRECTION('',(1.,0.));
#8395 = ( GEOMETRIC_REPRESENTATION_CONTEXT(2) 
PARAMETRIC_REPRESENTATION_CONTEXT() REPRESENTATION_CONTEXT('2D SPACE',''
  ) );
#8396 = PCURVE('',#892,#8397);
#8397 = DEFINITIONAL_REPRESENTATION('',(#8398),#8402);
#8398 = LINE('',#8399,#8400);
#8399 = CARTESIAN_POINT('',(6.28318530718,3.14159265359));
#8400 = VECTOR('',#8401,1.);
#8401 = DIRECTION('',(-1.,0.));
#8402 = ( GEOMETRIC_REPRESENTATION_CONTEXT(2) 
PARAMETRIC_REPRESENTATION_CONTEXT() REPRESENTATION_CONTEXT('2D SPACE',''
  ) );
#8403 = ORIENTED_EDGE('',*,*,#8404,.F.);
#8404 = EDGE_CURVE('',#8308,#8381,#8405,.T.);
#8405 = SURFACE_CURVE('',#8406,(#8410,#8417),.PCURVE_S1.);
#8406 = LINE('',#8407,#8408);
#8407 = CARTESIAN_POINT('',(-32.23,-4.,5.));
#8408 = VECTOR('',#8409,1.);
#8409 = DIRECTION('',(-0.,-0.,-1.));
#8410 = PCURVE('',#863,#8411);
#8411 = DEFINITIONAL_REPRESENTATION('',(#8412),#8416);
#8412 = LINE('',#8413,#8414);
#8413 = CARTESIAN_POINT('',(1.570796326795,0.));
#8414 = VECTOR('',#8415,1.);
#8415 = DIRECTION('',(0.,1.));
#8416 = ( GEOMETRIC_REPRESENTATION_CONTEXT(2) 
PARAMETRIC_REPRESENTATION_CONTEXT() REPRESENTATION_CONTEXT('2D SPACE',''
  ) );
#8417 = PCURVE('',#1579,#8418);
#8418 = DEFINITIONAL_REPRESENTATION('',(#8419),#8423);
#8419 = LINE('',#8420,#8421);
#8420 = CARTESIAN_POINT('',(0.,0.));
#8421 = VECTOR('',#8422,1.);
#8422 = DIRECTION('',(0.,-1.));
#8423 = ( GEOMETRIC_REPRESENTATION_CONTEXT(2) 
PARAMETRIC_REPRESENTATION_CONTEXT() REPRESENTATION_CONTEXT('2D SPACE',''
  ) );
#8424 = ADVANCED_FACE('',(#8425),#1101,.F.);
#8425 = FACE_BOUND('',#8426,.F.);
#8426 = EDGE_LOOP('',(#8427,#8458,#8479,#8480,#8501,#8502,#8526));
#8427 = ORIENTED_EDGE('',*,*,#8428,.F.);
#8428 = EDGE_CURVE('',#8429,#8431,#8433,.T.);
#8429 = VERTEX_POINT('',#8430);
#8430 = CARTESIAN_POINT('',(-1.23,-5.,3.));
#8431 = VERTEX_POINT('',#8432);
#8432 = CARTESIAN_POINT('',(-2.23,-4.,3.));
#8433 = SURFACE_CURVE('',#8434,(#8439,#8446),.PCURVE_S1.);
#8434 = CIRCLE('',#8435,1.);
#8435 = AXIS2_PLACEMENT_3D('',#8436,#8437,#8438);
#8436 = CARTESIAN_POINT('',(-2.23,-5.,3.));
#8437 = DIRECTION('',(0.,-0.,1.));
#8438 = DIRECTION('',(-1.,0.,0.));
#8439 = PCURVE('',#1101,#8440);
#8440 = DEFINITIONAL_REPRESENTATION('',(#8441),#8445);
#8441 = LINE('',#8442,#8443);
#8442 = CARTESIAN_POINT('',(6.28318530718,2.));
#8443 = VECTOR('',#8444,1.);
#8444 = DIRECTION('',(-1.,0.));
#8445 = ( GEOMETRIC_REPRESENTATION_CONTEXT(2) 
PARAMETRIC_REPRESENTATION_CONTEXT() REPRESENTATION_CONTEXT('2D SPACE',''
  ) );
#8446 = PCURVE('',#8447,#8452);
#8447 = TOROIDAL_SURFACE('',#8448,2.,1.);
#8448 = AXIS2_PLACEMENT_3D('',#8449,#8450,#8451);
#8449 = CARTESIAN_POINT('',(-2.23,-5.,3.));
#8450 = DIRECTION('',(0.,0.,-1.));
#8451 = DIRECTION('',(-1.,0.,0.));
#8452 = DEFINITIONAL_REPRESENTATION('',(#8453),#8457);
#8453 = LINE('',#8454,#8455);
#8454 = CARTESIAN_POINT('',(6.28318530718,3.14159265359));
#8455 = VECTOR('',#8456,1.);
#8456 = DIRECTION('',(-1.,0.));
#8457 = ( GEOMETRIC_REPRESENTATION_CONTEXT(2) 
PARAMETRIC_REPRESENTATION_CONTEXT() REPRESENTATION_CONTEXT('2D SPACE',''
  ) );
#8458 = ORIENTED_EDGE('',*,*,#8459,.T.);
#8459 = EDGE_CURVE('',#8429,#5854,#8460,.T.);
#8460 = SURFACE_CURVE('',#8461,(#8465,#8472),.PCURVE_S1.);
#8461 = LINE('',#8462,#8463);
#8462 = CARTESIAN_POINT('',(-1.23,-5.,4.));
#8463 = VECTOR('',#8464,1.);
#8464 = DIRECTION('',(0.,0.,1.));
#8465 = PCURVE('',#1101,#8466);
#8466 = DEFINITIONAL_REPRESENTATION('',(#8467),#8471);
#8467 = LINE('',#8468,#8469);
#8468 = CARTESIAN_POINT('',(3.14159265359,1.));
#8469 = VECTOR('',#8470,1.);
#8470 = DIRECTION('',(0.,-1.));
#8471 = ( GEOMETRIC_REPRESENTATION_CONTEXT(2) 
PARAMETRIC_REPRESENTATION_CONTEXT() REPRESENTATION_CONTEXT('2D SPACE',''
  ) );
#8472 = PCURVE('',#5869,#8473);
#8473 = DEFINITIONAL_REPRESENTATION('',(#8474),#8478);
#8474 = LINE('',#8475,#8476);
#8475 = CARTESIAN_POINT('',(0.,-10.));
#8476 = VECTOR('',#8477,1.);
#8477 = DIRECTION('',(1.,0.));
#8478 = ( GEOMETRIC_REPRESENTATION_CONTEXT(2) 
PARAMETRIC_REPRESENTATION_CONTEXT() REPRESENTATION_CONTEXT('2D SPACE',''
  ) );
#8479 = ORIENTED_EDGE('',*,*,#5881,.F.);
#8480 = ORIENTED_EDGE('',*,*,#8481,.T.);
#8481 = EDGE_CURVE('',#5882,#1080,#8482,.T.);
#8482 = SURFACE_CURVE('',#8483,(#8487,#8494),.PCURVE_S1.);
#8483 = LINE('',#8484,#8485);
#8484 = CARTESIAN_POINT('',(-2.23,-6.,5.));
#8485 = VECTOR('',#8486,1.);
#8486 = DIRECTION('',(-0.,-0.,-1.));
#8487 = PCURVE('',#1101,#8488);
#8488 = DEFINITIONAL_REPRESENTATION('',(#8489),#8493);
#8489 = LINE('',#8490,#8491);
#8490 = CARTESIAN_POINT('',(4.712388980385,0.));
#8491 = VECTOR('',#8492,1.);
#8492 = DIRECTION('',(0.,1.));
#8493 = ( GEOMETRIC_REPRESENTATION_CONTEXT(2) 
PARAMETRIC_REPRESENTATION_CONTEXT() REPRESENTATION_CONTEXT('2D SPACE',''
  ) );
#8494 = PCURVE('',#5919,#8495);
#8495 = DEFINITIONAL_REPRESENTATION('',(#8496),#8500);
#8496 = LINE('',#8497,#8498);
#8497 = CARTESIAN_POINT('',(0.,0.));
#8498 = VECTOR('',#8499,1.);
#8499 = DIRECTION('',(0.,-1.));
#8500 = ( GEOMETRIC_REPRESENTATION_CONTEXT(2) 
PARAMETRIC_REPRESENTATION_CONTEXT() REPRESENTATION_CONTEXT('2D SPACE',''
  ) );
#8501 = ORIENTED_EDGE('',*,*,#1077,.F.);
#8502 = ORIENTED_EDGE('',*,*,#8503,.F.);
#8503 = EDGE_CURVE('',#8504,#1078,#8506,.T.);
#8504 = VERTEX_POINT('',#8505);
#8505 = CARTESIAN_POINT('',(-2.23,-4.,-4.));
#8506 = SURFACE_CURVE('',#8507,(#8512,#8519),.PCURVE_S1.);
#8507 = CIRCLE('',#8508,1.);
#8508 = AXIS2_PLACEMENT_3D('',#8509,#8510,#8511);
#8509 = CARTESIAN_POINT('',(-2.23,-5.,-4.));
#8510 = DIRECTION('',(0.,0.,-1.));
#8511 = DIRECTION('',(1.,0.,0.));
#8512 = PCURVE('',#1101,#8513);
#8513 = DEFINITIONAL_REPRESENTATION('',(#8514),#8518);
#8514 = LINE('',#8515,#8516);
#8515 = CARTESIAN_POINT('',(-3.14159265359,9.));
#8516 = VECTOR('',#8517,1.);
#8517 = DIRECTION('',(1.,0.));
#8518 = ( GEOMETRIC_REPRESENTATION_CONTEXT(2) 
PARAMETRIC_REPRESENTATION_CONTEXT() REPRESENTATION_CONTEXT('2D SPACE',''
  ) );
#8519 = PCURVE('',#1130,#8520);
#8520 = DEFINITIONAL_REPRESENTATION('',(#8521),#8525);
#8521 = LINE('',#8522,#8523);
#8522 = CARTESIAN_POINT('',(6.28318530718,3.14159265359));
#8523 = VECTOR('',#8524,1.);
#8524 = DIRECTION('',(-1.,0.));
#8525 = ( GEOMETRIC_REPRESENTATION_CONTEXT(2) 
PARAMETRIC_REPRESENTATION_CONTEXT() REPRESENTATION_CONTEXT('2D SPACE',''
  ) );
#8526 = ORIENTED_EDGE('',*,*,#8527,.F.);
#8527 = EDGE_CURVE('',#8431,#8504,#8528,.T.);
#8528 = SURFACE_CURVE('',#8529,(#8533,#8540),.PCURVE_S1.);
#8529 = LINE('',#8530,#8531);
#8530 = CARTESIAN_POINT('',(-2.23,-4.,5.));
#8531 = VECTOR('',#8532,1.);
#8532 = DIRECTION('',(-0.,-0.,-1.));
#8533 = PCURVE('',#1101,#8534);
#8534 = DEFINITIONAL_REPRESENTATION('',(#8535),#8539);
#8535 = LINE('',#8536,#8537);
#8536 = CARTESIAN_POINT('',(1.570796326795,0.));
#8537 = VECTOR('',#8538,1.);
#8538 = DIRECTION('',(0.,1.));
#8539 = ( GEOMETRIC_REPRESENTATION_CONTEXT(2) 
PARAMETRIC_REPRESENTATION_CONTEXT() REPRESENTATION_CONTEXT('2D SPACE',''
  ) );
#8540 = PCURVE('',#1701,#8541);
#8541 = DEFINITIONAL_REPRESENTATION('',(#8542),#8546);
#8542 = LINE('',#8543,#8544);
#8543 = CARTESIAN_POINT('',(0.,0.));
#8544 = VECTOR('',#8545,1.);
#8545 = DIRECTION('',(0.,-1.));
#8546 = ( GEOMETRIC_REPRESENTATION_CONTEXT(2) 
PARAMETRIC_REPRESENTATION_CONTEXT() REPRESENTATION_CONTEXT('2D SPACE',''
  ) );
#8547 = ADVANCED_FACE('',(#8548),#1339,.F.);
#8548 = FACE_BOUND('',#8549,.F.);
#8549 = EDGE_LOOP('',(#8550,#8581,#8602,#8603,#8624,#8625,#8649));
#8550 = ORIENTED_EDGE('',*,*,#8551,.F.);
#8551 = EDGE_CURVE('',#8552,#8554,#8556,.T.);
#8552 = VERTEX_POINT('',#8553);
#8553 = CARTESIAN_POINT('',(28.77,-5.,3.));
#8554 = VERTEX_POINT('',#8555);
#8555 = CARTESIAN_POINT('',(27.77,-4.,3.));
#8556 = SURFACE_CURVE('',#8557,(#8562,#8569),.PCURVE_S1.);
#8557 = CIRCLE('',#8558,1.);
#8558 = AXIS2_PLACEMENT_3D('',#8559,#8560,#8561);
#8559 = CARTESIAN_POINT('',(27.77,-5.,3.));
#8560 = DIRECTION('',(0.,-0.,1.));
#8561 = DIRECTION('',(-1.,0.,0.));
#8562 = PCURVE('',#1339,#8563);
#8563 = DEFINITIONAL_REPRESENTATION('',(#8564),#8568);
#8564 = LINE('',#8565,#8566);
#8565 = CARTESIAN_POINT('',(6.28318530718,2.));
#8566 = VECTOR('',#8567,1.);
#8567 = DIRECTION('',(-1.,0.));
#8568 = ( GEOMETRIC_REPRESENTATION_CONTEXT(2) 
PARAMETRIC_REPRESENTATION_CONTEXT() REPRESENTATION_CONTEXT('2D SPACE',''
  ) );
#8569 = PCURVE('',#8570,#8575);
#8570 = TOROIDAL_SURFACE('',#8571,2.,1.);
#8571 = AXIS2_PLACEMENT_3D('',#8572,#8573,#8574);
#8572 = CARTESIAN_POINT('',(27.77,-5.,3.));
#8573 = DIRECTION('',(0.,0.,-1.));
#8574 = DIRECTION('',(-1.,0.,0.));
#8575 = DEFINITIONAL_REPRESENTATION('',(#8576),#8580);
#8576 = LINE('',#8577,#8578);
#8577 = CARTESIAN_POINT('',(6.28318530718,3.14159265359));
#8578 = VECTOR('',#8579,1.);
#8579 = DIRECTION('',(-1.,0.));
#8580 = ( GEOMETRIC_REPRESENTATION_CONTEXT(2) 
PARAMETRIC_REPRESENTATION_CONTEXT() REPRESENTATION_CONTEXT('2D SPACE',''
  ) );
#8581 = ORIENTED_EDGE('',*,*,#8582,.T.);
#8582 = EDGE_CURVE('',#8552,#6033,#8583,.T.);
#8583 = SURFACE_CURVE('',#8584,(#8588,#8595),.PCURVE_S1.);
#8584 = LINE('',#8585,#8586);
#8585 = CARTESIAN_POINT('',(28.77,-5.,4.));
#8586 = VECTOR('',#8587,1.);
#8587 = DIRECTION('',(0.,0.,1.));
#8588 = PCURVE('',#1339,#8589);
#8589 = DEFINITIONAL_REPRESENTATION('',(#8590),#8594);
#8590 = LINE('',#8591,#8592);
#8591 = CARTESIAN_POINT('',(3.14159265359,1.));
#8592 = VECTOR('',#8593,1.);
#8593 = DIRECTION('',(0.,-1.));
#8594 = ( GEOMETRIC_REPRESENTATION_CONTEXT(2) 
PARAMETRIC_REPRESENTATION_CONTEXT() REPRESENTATION_CONTEXT('2D SPACE',''
  ) );
#8595 = PCURVE('',#6048,#8596);
#8596 = DEFINITIONAL_REPRESENTATION('',(#8597),#8601);
#8597 = LINE('',#8598,#8599);
#8598 = CARTESIAN_POINT('',(0.,-10.));
#8599 = VECTOR('',#8600,1.);
#8600 = DIRECTION('',(1.,0.));
#8601 = ( GEOMETRIC_REPRESENTATION_CONTEXT(2) 
PARAMETRIC_REPRESENTATION_CONTEXT() REPRESENTATION_CONTEXT('2D SPACE',''
  ) );
#8602 = ORIENTED_EDGE('',*,*,#6060,.F.);
#8603 = ORIENTED_EDGE('',*,*,#8604,.T.);
#8604 = EDGE_CURVE('',#6061,#1318,#8605,.T.);
#8605 = SURFACE_CURVE('',#8606,(#8610,#8617),.PCURVE_S1.);
#8606 = LINE('',#8607,#8608);
#8607 = CARTESIAN_POINT('',(27.77,-6.,5.));
#8608 = VECTOR('',#8609,1.);
#8609 = DIRECTION('',(-0.,-0.,-1.));
#8610 = PCURVE('',#1339,#8611);
#8611 = DEFINITIONAL_REPRESENTATION('',(#8612),#8616);
#8612 = LINE('',#8613,#8614);
#8613 = CARTESIAN_POINT('',(4.712388980385,0.));
#8614 = VECTOR('',#8615,1.);
#8615 = DIRECTION('',(0.,1.));
#8616 = ( GEOMETRIC_REPRESENTATION_CONTEXT(2) 
PARAMETRIC_REPRESENTATION_CONTEXT() REPRESENTATION_CONTEXT('2D SPACE',''
  ) );
#8617 = PCURVE('',#6098,#8618);
#8618 = DEFINITIONAL_REPRESENTATION('',(#8619),#8623);
#8619 = LINE('',#8620,#8621);
#8620 = CARTESIAN_POINT('',(0.,0.));
#8621 = VECTOR('',#8622,1.);
#8622 = DIRECTION('',(0.,-1.));
#8623 = ( GEOMETRIC_REPRESENTATION_CONTEXT(2) 
PARAMETRIC_REPRESENTATION_CONTEXT() REPRESENTATION_CONTEXT('2D SPACE',''
  ) );
#8624 = ORIENTED_EDGE('',*,*,#1315,.F.);
#8625 = ORIENTED_EDGE('',*,*,#8626,.F.);
#8626 = EDGE_CURVE('',#8627,#1316,#8629,.T.);
#8627 = VERTEX_POINT('',#8628);
#8628 = CARTESIAN_POINT('',(27.77,-4.,-4.));
#8629 = SURFACE_CURVE('',#8630,(#8635,#8642),.PCURVE_S1.);
#8630 = CIRCLE('',#8631,1.);
#8631 = AXIS2_PLACEMENT_3D('',#8632,#8633,#8634);
#8632 = CARTESIAN_POINT('',(27.77,-5.,-4.));
#8633 = DIRECTION('',(0.,0.,-1.));
#8634 = DIRECTION('',(1.,0.,0.));
#8635 = PCURVE('',#1339,#8636);
#8636 = DEFINITIONAL_REPRESENTATION('',(#8637),#8641);
#8637 = LINE('',#8638,#8639);
#8638 = CARTESIAN_POINT('',(-3.14159265359,9.));
#8639 = VECTOR('',#8640,1.);
#8640 = DIRECTION('',(1.,0.));
#8641 = ( GEOMETRIC_REPRESENTATION_CONTEXT(2) 
PARAMETRIC_REPRESENTATION_CONTEXT() REPRESENTATION_CONTEXT('2D SPACE',''
  ) );
#8642 = PCURVE('',#1368,#8643);
#8643 = DEFINITIONAL_REPRESENTATION('',(#8644),#8648);
#8644 = LINE('',#8645,#8646);
#8645 = CARTESIAN_POINT('',(6.28318530718,3.14159265359));
#8646 = VECTOR('',#8647,1.);
#8647 = DIRECTION('',(-1.,0.));
#8648 = ( GEOMETRIC_REPRESENTATION_CONTEXT(2) 
PARAMETRIC_REPRESENTATION_CONTEXT() REPRESENTATION_CONTEXT('2D SPACE',''
  ) );
#8649 = ORIENTED_EDGE('',*,*,#8650,.F.);
#8650 = EDGE_CURVE('',#8554,#8627,#8651,.T.);
#8651 = SURFACE_CURVE('',#8652,(#8656,#8663),.PCURVE_S1.);
#8652 = LINE('',#8653,#8654);
#8653 = CARTESIAN_POINT('',(27.77,-4.,5.));
#8654 = VECTOR('',#8655,1.);
#8655 = DIRECTION('',(-0.,-0.,-1.));
#8656 = PCURVE('',#1339,#8657);
#8657 = DEFINITIONAL_REPRESENTATION('',(#8658),#8662);
#8658 = LINE('',#8659,#8660);
#8659 = CARTESIAN_POINT('',(1.570796326795,0.));
#8660 = VECTOR('',#8661,1.);
#8661 = DIRECTION('',(0.,1.));
#8662 = ( GEOMETRIC_REPRESENTATION_CONTEXT(2) 
PARAMETRIC_REPRESENTATION_CONTEXT() REPRESENTATION_CONTEXT('2D SPACE',''
  ) );
#8663 = PCURVE('',#1823,#8664);
#8664 = DEFINITIONAL_REPRESENTATION('',(#8665),#8669);
#8665 = LINE('',#8666,#8667);
#8666 = CARTESIAN_POINT('',(0.,0.));
#8667 = VECTOR('',#8668,1.);
#8668 = DIRECTION('',(0.,-1.));
#8669 = ( GEOMETRIC_REPRESENTATION_CONTEXT(2) 
PARAMETRIC_REPRESENTATION_CONTEXT() REPRESENTATION_CONTEXT('2D SPACE',''
  ) );
#8670 = ADVANCED_FACE('',(#8671),#5232,.F.);
#8671 = FACE_BOUND('',#8672,.F.);
#8672 = EDGE_LOOP('',(#8673,#8697,#8725,#8752));
#8673 = ORIENTED_EDGE('',*,*,#8674,.F.);
#8674 = EDGE_CURVE('',#8675,#5188,#8677,.T.);
#8675 = VERTEX_POINT('',#8676);
#8676 = CARTESIAN_POINT('',(-68.23,4.,-4.));
#8677 = SURFACE_CURVE('',#8678,(#8683,#8690),.PCURVE_S1.);
#8678 = CIRCLE('',#8679,1.);
#8679 = AXIS2_PLACEMENT_3D('',#8680,#8681,#8682);
#8680 = CARTESIAN_POINT('',(-68.23,5.,-4.));
#8681 = DIRECTION('',(0.,0.,-1.));
#8682 = DIRECTION('',(1.,0.,0.));
#8683 = PCURVE('',#5232,#8684);
#8684 = DEFINITIONAL_REPRESENTATION('',(#8685),#8689);
#8685 = LINE('',#8686,#8687);
#8686 = CARTESIAN_POINT('',(3.14159265359,9.));
#8687 = VECTOR('',#8688,1.);
#8688 = DIRECTION('',(1.,0.));
#8689 = ( GEOMETRIC_REPRESENTATION_CONTEXT(2) 
PARAMETRIC_REPRESENTATION_CONTEXT() REPRESENTATION_CONTEXT('2D SPACE',''
  ) );
#8690 = PCURVE('',#5204,#8691);
#8691 = DEFINITIONAL_REPRESENTATION('',(#8692),#8696);
#8692 = LINE('',#8693,#8694);
#8693 = CARTESIAN_POINT('',(6.28318530718,3.14159265359));
#8694 = VECTOR('',#8695,1.);
#8695 = DIRECTION('',(-1.,0.));
#8696 = ( GEOMETRIC_REPRESENTATION_CONTEXT(2) 
PARAMETRIC_REPRESENTATION_CONTEXT() REPRESENTATION_CONTEXT('2D SPACE',''
  ) );
#8697 = ORIENTED_EDGE('',*,*,#8698,.F.);
#8698 = EDGE_CURVE('',#8699,#8675,#8701,.T.);
#8699 = VERTEX_POINT('',#8700);
#8700 = CARTESIAN_POINT('',(-68.23,4.,3.));
#8701 = SURFACE_CURVE('',#8702,(#8706,#8713),.PCURVE_S1.);
#8702 = LINE('',#8703,#8704);
#8703 = CARTESIAN_POINT('',(-68.23,4.,5.));
#8704 = VECTOR('',#8705,1.);
#8705 = DIRECTION('',(-0.,-0.,-1.));
#8706 = PCURVE('',#5232,#8707);
#8707 = DEFINITIONAL_REPRESENTATION('',(#8708),#8712);
#8708 = LINE('',#8709,#8710);
#8709 = CARTESIAN_POINT('',(4.712388980385,0.));
#8710 = VECTOR('',#8711,1.);
#8711 = DIRECTION('',(0.,1.));
#8712 = ( GEOMETRIC_REPRESENTATION_CONTEXT(2) 
PARAMETRIC_REPRESENTATION_CONTEXT() REPRESENTATION_CONTEXT('2D SPACE',''
  ) );
#8713 = PCURVE('',#8714,#8719);
#8714 = PLANE('',#8715);
#8715 = AXIS2_PLACEMENT_3D('',#8716,#8717,#8718);
#8716 = CARTESIAN_POINT('',(-62.23,4.,5.));
#8717 = DIRECTION('',(-1.445602896647E-16,-1.,0.));
#8718 = DIRECTION('',(1.,-1.445602896647E-16,0.));
#8719 = DEFINITIONAL_REPRESENTATION('',(#8720),#8724);
#8720 = LINE('',#8721,#8722);
#8721 = CARTESIAN_POINT('',(-6.,0.));
#8722 = VECTOR('',#8723,1.);
#8723 = DIRECTION('',(0.,-1.));
#8724 = ( GEOMETRIC_REPRESENTATION_CONTEXT(2) 
PARAMETRIC_REPRESENTATION_CONTEXT() REPRESENTATION_CONTEXT('2D SPACE',''
  ) );
#8725 = ORIENTED_EDGE('',*,*,#8726,.F.);
#8726 = EDGE_CURVE('',#5217,#8699,#8727,.T.);
#8727 = SURFACE_CURVE('',#8728,(#8733,#8740),.PCURVE_S1.);
#8728 = CIRCLE('',#8729,1.);
#8729 = AXIS2_PLACEMENT_3D('',#8730,#8731,#8732);
#8730 = CARTESIAN_POINT('',(-68.23,5.,3.));
#8731 = DIRECTION('',(0.,-0.,1.));
#8732 = DIRECTION('',(-1.,0.,0.));
#8733 = PCURVE('',#5232,#8734);
#8734 = DEFINITIONAL_REPRESENTATION('',(#8735),#8739);
#8735 = LINE('',#8736,#8737);
#8736 = CARTESIAN_POINT('',(6.28318530718,2.));
#8737 = VECTOR('',#8738,1.);
#8738 = DIRECTION('',(-1.,0.));
#8739 = ( GEOMETRIC_REPRESENTATION_CONTEXT(2) 
PARAMETRIC_REPRESENTATION_CONTEXT() REPRESENTATION_CONTEXT('2D SPACE',''
  ) );
#8740 = PCURVE('',#8741,#8746);
#8741 = TOROIDAL_SURFACE('',#8742,2.,1.);
#8742 = AXIS2_PLACEMENT_3D('',#8743,#8744,#8745);
#8743 = CARTESIAN_POINT('',(-68.23,5.,3.));
#8744 = DIRECTION('',(0.,0.,-1.));
#8745 = DIRECTION('',(-1.,0.,0.));
#8746 = DEFINITIONAL_REPRESENTATION('',(#8747),#8751);
#8747 = LINE('',#8748,#8749);
#8748 = CARTESIAN_POINT('',(6.28318530718,3.14159265359));
#8749 = VECTOR('',#8750,1.);
#8750 = DIRECTION('',(-1.,0.));
#8751 = ( GEOMETRIC_REPRESENTATION_CONTEXT(2) 
PARAMETRIC_REPRESENTATION_CONTEXT() REPRESENTATION_CONTEXT('2D SPACE',''
  ) );
#8752 = ORIENTED_EDGE('',*,*,#5216,.T.);
#8753 = ADVANCED_FACE('',(#8754),#5083,.F.);
#8754 = FACE_BOUND('',#8755,.F.);
#8755 = EDGE_LOOP('',(#8756,#8780,#8808,#8835));
#8756 = ORIENTED_EDGE('',*,*,#8757,.F.);
#8757 = EDGE_CURVE('',#8758,#5039,#8760,.T.);
#8758 = VERTEX_POINT('',#8759);
#8759 = CARTESIAN_POINT('',(-38.23,4.,-4.));
#8760 = SURFACE_CURVE('',#8761,(#8766,#8773),.PCURVE_S1.);
#8761 = CIRCLE('',#8762,1.);
#8762 = AXIS2_PLACEMENT_3D('',#8763,#8764,#8765);
#8763 = CARTESIAN_POINT('',(-38.23,5.,-4.));
#8764 = DIRECTION('',(0.,0.,-1.));
#8765 = DIRECTION('',(1.,0.,0.));
#8766 = PCURVE('',#5083,#8767);
#8767 = DEFINITIONAL_REPRESENTATION('',(#8768),#8772);
#8768 = LINE('',#8769,#8770);
#8769 = CARTESIAN_POINT('',(3.14159265359,9.));
#8770 = VECTOR('',#8771,1.);
#8771 = DIRECTION('',(1.,0.));
#8772 = ( GEOMETRIC_REPRESENTATION_CONTEXT(2) 
PARAMETRIC_REPRESENTATION_CONTEXT() REPRESENTATION_CONTEXT('2D SPACE',''
  ) );
#8773 = PCURVE('',#5055,#8774);
#8774 = DEFINITIONAL_REPRESENTATION('',(#8775),#8779);
#8775 = LINE('',#8776,#8777);
#8776 = CARTESIAN_POINT('',(6.28318530718,3.14159265359));
#8777 = VECTOR('',#8778,1.);
#8778 = DIRECTION('',(-1.,0.));
#8779 = ( GEOMETRIC_REPRESENTATION_CONTEXT(2) 
PARAMETRIC_REPRESENTATION_CONTEXT() REPRESENTATION_CONTEXT('2D SPACE',''
  ) );
#8780 = ORIENTED_EDGE('',*,*,#8781,.F.);
#8781 = EDGE_CURVE('',#8782,#8758,#8784,.T.);
#8782 = VERTEX_POINT('',#8783);
#8783 = CARTESIAN_POINT('',(-38.23,4.,3.));
#8784 = SURFACE_CURVE('',#8785,(#8789,#8796),.PCURVE_S1.);
#8785 = LINE('',#8786,#8787);
#8786 = CARTESIAN_POINT('',(-38.23,4.,5.));
#8787 = VECTOR('',#8788,1.);
#8788 = DIRECTION('',(-0.,-0.,-1.));
#8789 = PCURVE('',#5083,#8790);
#8790 = DEFINITIONAL_REPRESENTATION('',(#8791),#8795);
#8791 = LINE('',#8792,#8793);
#8792 = CARTESIAN_POINT('',(4.712388980385,0.));
#8793 = VECTOR('',#8794,1.);
#8794 = DIRECTION('',(0.,1.));
#8795 = ( GEOMETRIC_REPRESENTATION_CONTEXT(2) 
PARAMETRIC_REPRESENTATION_CONTEXT() REPRESENTATION_CONTEXT('2D SPACE',''
  ) );
#8796 = PCURVE('',#8797,#8802);
#8797 = PLANE('',#8798);
#8798 = AXIS2_PLACEMENT_3D('',#8799,#8800,#8801);
#8799 = CARTESIAN_POINT('',(-32.23,4.,5.));
#8800 = DIRECTION('',(-1.445602896647E-16,-1.,0.));
#8801 = DIRECTION('',(1.,-1.445602896647E-16,0.));
#8802 = DEFINITIONAL_REPRESENTATION('',(#8803),#8807);
#8803 = LINE('',#8804,#8805);
#8804 = CARTESIAN_POINT('',(-6.,0.));
#8805 = VECTOR('',#8806,1.);
#8806 = DIRECTION('',(0.,-1.));
#8807 = ( GEOMETRIC_REPRESENTATION_CONTEXT(2) 
PARAMETRIC_REPRESENTATION_CONTEXT() REPRESENTATION_CONTEXT('2D SPACE',''
  ) );
#8808 = ORIENTED_EDGE('',*,*,#8809,.F.);
#8809 = EDGE_CURVE('',#5068,#8782,#8810,.T.);
#8810 = SURFACE_CURVE('',#8811,(#8816,#8823),.PCURVE_S1.);
#8811 = CIRCLE('',#8812,1.);
#8812 = AXIS2_PLACEMENT_3D('',#8813,#8814,#8815);
#8813 = CARTESIAN_POINT('',(-38.23,5.,3.));
#8814 = DIRECTION('',(0.,-0.,1.));
#8815 = DIRECTION('',(-1.,0.,0.));
#8816 = PCURVE('',#5083,#8817);
#8817 = DEFINITIONAL_REPRESENTATION('',(#8818),#8822);
#8818 = LINE('',#8819,#8820);
#8819 = CARTESIAN_POINT('',(6.28318530718,2.));
#8820 = VECTOR('',#8821,1.);
#8821 = DIRECTION('',(-1.,0.));
#8822 = ( GEOMETRIC_REPRESENTATION_CONTEXT(2) 
PARAMETRIC_REPRESENTATION_CONTEXT() REPRESENTATION_CONTEXT('2D SPACE',''
  ) );
#8823 = PCURVE('',#8824,#8829);
#8824 = TOROIDAL_SURFACE('',#8825,2.,1.);
#8825 = AXIS2_PLACEMENT_3D('',#8826,#8827,#8828);
#8826 = CARTESIAN_POINT('',(-38.23,5.,3.));
#8827 = DIRECTION('',(0.,0.,-1.));
#8828 = DIRECTION('',(-1.,0.,0.));
#8829 = DEFINITIONAL_REPRESENTATION('',(#8830),#8834);
#8830 = LINE('',#8831,#8832);
#8831 = CARTESIAN_POINT('',(6.28318530718,3.14159265359));
#8832 = VECTOR('',#8833,1.);
#8833 = DIRECTION('',(-1.,0.));
#8834 = ( GEOMETRIC_REPRESENTATION_CONTEXT(2) 
PARAMETRIC_REPRESENTATION_CONTEXT() REPRESENTATION_CONTEXT('2D SPACE',''
  ) );
#8835 = ORIENTED_EDGE('',*,*,#5067,.T.);
#8836 = ADVANCED_FACE('',(#8837),#4934,.F.);
#8837 = FACE_BOUND('',#8838,.F.);
#8838 = EDGE_LOOP('',(#8839,#8863,#8891,#8918));
#8839 = ORIENTED_EDGE('',*,*,#8840,.F.);
#8840 = EDGE_CURVE('',#8841,#4890,#8843,.T.);
#8841 = VERTEX_POINT('',#8842);
#8842 = CARTESIAN_POINT('',(-8.23,4.,-4.));
#8843 = SURFACE_CURVE('',#8844,(#8849,#8856),.PCURVE_S1.);
#8844 = CIRCLE('',#8845,1.);
#8845 = AXIS2_PLACEMENT_3D('',#8846,#8847,#8848);
#8846 = CARTESIAN_POINT('',(-8.23,5.,-4.));
#8847 = DIRECTION('',(0.,0.,-1.));
#8848 = DIRECTION('',(1.,0.,0.));
#8849 = PCURVE('',#4934,#8850);
#8850 = DEFINITIONAL_REPRESENTATION('',(#8851),#8855);
#8851 = LINE('',#8852,#8853);
#8852 = CARTESIAN_POINT('',(3.14159265359,9.));
#8853 = VECTOR('',#8854,1.);
#8854 = DIRECTION('',(1.,0.));
#8855 = ( GEOMETRIC_REPRESENTATION_CONTEXT(2) 
PARAMETRIC_REPRESENTATION_CONTEXT() REPRESENTATION_CONTEXT('2D SPACE',''
  ) );
#8856 = PCURVE('',#4906,#8857);
#8857 = DEFINITIONAL_REPRESENTATION('',(#8858),#8862);
#8858 = LINE('',#8859,#8860);
#8859 = CARTESIAN_POINT('',(6.28318530718,3.14159265359));
#8860 = VECTOR('',#8861,1.);
#8861 = DIRECTION('',(-1.,0.));
#8862 = ( GEOMETRIC_REPRESENTATION_CONTEXT(2) 
PARAMETRIC_REPRESENTATION_CONTEXT() REPRESENTATION_CONTEXT('2D SPACE',''
  ) );
#8863 = ORIENTED_EDGE('',*,*,#8864,.F.);
#8864 = EDGE_CURVE('',#8865,#8841,#8867,.T.);
#8865 = VERTEX_POINT('',#8866);
#8866 = CARTESIAN_POINT('',(-8.23,4.,3.));
#8867 = SURFACE_CURVE('',#8868,(#8872,#8879),.PCURVE_S1.);
#8868 = LINE('',#8869,#8870);
#8869 = CARTESIAN_POINT('',(-8.23,4.,5.));
#8870 = VECTOR('',#8871,1.);
#8871 = DIRECTION('',(-0.,-0.,-1.));
#8872 = PCURVE('',#4934,#8873);
#8873 = DEFINITIONAL_REPRESENTATION('',(#8874),#8878);
#8874 = LINE('',#8875,#8876);
#8875 = CARTESIAN_POINT('',(4.712388980385,0.));
#8876 = VECTOR('',#8877,1.);
#8877 = DIRECTION('',(0.,1.));
#8878 = ( GEOMETRIC_REPRESENTATION_CONTEXT(2) 
PARAMETRIC_REPRESENTATION_CONTEXT() REPRESENTATION_CONTEXT('2D SPACE',''
  ) );
#8879 = PCURVE('',#8880,#8885);
#8880 = PLANE('',#8881);
#8881 = AXIS2_PLACEMENT_3D('',#8882,#8883,#8884);
#8882 = CARTESIAN_POINT('',(-2.23,4.,5.));
#8883 = DIRECTION('',(-1.445602896647E-16,-1.,0.));
#8884 = DIRECTION('',(1.,-1.445602896647E-16,0.));
#8885 = DEFINITIONAL_REPRESENTATION('',(#8886),#8890);
#8886 = LINE('',#8887,#8888);
#8887 = CARTESIAN_POINT('',(-6.,0.));
#8888 = VECTOR('',#8889,1.);
#8889 = DIRECTION('',(0.,-1.));
#8890 = ( GEOMETRIC_REPRESENTATION_CONTEXT(2) 
PARAMETRIC_REPRESENTATION_CONTEXT() REPRESENTATION_CONTEXT('2D SPACE',''
  ) );
#8891 = ORIENTED_EDGE('',*,*,#8892,.F.);
#8892 = EDGE_CURVE('',#4919,#8865,#8893,.T.);
#8893 = SURFACE_CURVE('',#8894,(#8899,#8906),.PCURVE_S1.);
#8894 = CIRCLE('',#8895,1.);
#8895 = AXIS2_PLACEMENT_3D('',#8896,#8897,#8898);
#8896 = CARTESIAN_POINT('',(-8.23,5.,3.));
#8897 = DIRECTION('',(0.,-0.,1.));
#8898 = DIRECTION('',(-1.,0.,0.));
#8899 = PCURVE('',#4934,#8900);
#8900 = DEFINITIONAL_REPRESENTATION('',(#8901),#8905);
#8901 = LINE('',#8902,#8903);
#8902 = CARTESIAN_POINT('',(6.28318530718,2.));
#8903 = VECTOR('',#8904,1.);
#8904 = DIRECTION('',(-1.,0.));
#8905 = ( GEOMETRIC_REPRESENTATION_CONTEXT(2) 
PARAMETRIC_REPRESENTATION_CONTEXT() REPRESENTATION_CONTEXT('2D SPACE',''
  ) );
#8906 = PCURVE('',#8907,#8912);
#8907 = TOROIDAL_SURFACE('',#8908,2.,1.);
#8908 = AXIS2_PLACEMENT_3D('',#8909,#8910,#8911);
#8909 = CARTESIAN_POINT('',(-8.23,5.,3.));
#8910 = DIRECTION('',(0.,0.,-1.));
#8911 = DIRECTION('',(-1.,0.,0.));
#8912 = DEFINITIONAL_REPRESENTATION('',(#8913),#8917);
#8913 = LINE('',#8914,#8915);
#8914 = CARTESIAN_POINT('',(6.28318530718,3.14159265359));
#8915 = VECTOR('',#8916,1.);
#8916 = DIRECTION('',(-1.,0.));
#8917 = ( GEOMETRIC_REPRESENTATION_CONTEXT(2) 
PARAMETRIC_REPRESENTATION_CONTEXT() REPRESENTATION_CONTEXT('2D SPACE',''
  ) );
#8918 = ORIENTED_EDGE('',*,*,#4918,.T.);
#8919 = ADVANCED_FACE('',(#8920),#4785,.F.);
#8920 = FACE_BOUND('',#8921,.F.);
#8921 = EDGE_LOOP('',(#8922,#8946,#8974,#9001));
#8922 = ORIENTED_EDGE('',*,*,#8923,.F.);
#8923 = EDGE_CURVE('',#8924,#4741,#8926,.T.);
#8924 = VERTEX_POINT('',#8925);
#8925 = CARTESIAN_POINT('',(21.77,4.,-4.));
#8926 = SURFACE_CURVE('',#8927,(#8932,#8939),.PCURVE_S1.);
#8927 = CIRCLE('',#8928,1.);
#8928 = AXIS2_PLACEMENT_3D('',#8929,#8930,#8931);
#8929 = CARTESIAN_POINT('',(21.77,5.,-4.));
#8930 = DIRECTION('',(0.,0.,-1.));
#8931 = DIRECTION('',(1.,0.,0.));
#8932 = PCURVE('',#4785,#8933);
#8933 = DEFINITIONAL_REPRESENTATION('',(#8934),#8938);
#8934 = LINE('',#8935,#8936);
#8935 = CARTESIAN_POINT('',(3.14159265359,9.));
#8936 = VECTOR('',#8937,1.);
#8937 = DIRECTION('',(1.,0.));
#8938 = ( GEOMETRIC_REPRESENTATION_CONTEXT(2) 
PARAMETRIC_REPRESENTATION_CONTEXT() REPRESENTATION_CONTEXT('2D SPACE',''
  ) );
#8939 = PCURVE('',#4757,#8940);
#8940 = DEFINITIONAL_REPRESENTATION('',(#8941),#8945);
#8941 = LINE('',#8942,#8943);
#8942 = CARTESIAN_POINT('',(6.28318530718,3.14159265359));
#8943 = VECTOR('',#8944,1.);
#8944 = DIRECTION('',(-1.,0.));
#8945 = ( GEOMETRIC_REPRESENTATION_CONTEXT(2) 
PARAMETRIC_REPRESENTATION_CONTEXT() REPRESENTATION_CONTEXT('2D SPACE',''
  ) );
#8946 = ORIENTED_EDGE('',*,*,#8947,.F.);
#8947 = EDGE_CURVE('',#8948,#8924,#8950,.T.);
#8948 = VERTEX_POINT('',#8949);
#8949 = CARTESIAN_POINT('',(21.77,4.,3.));
#8950 = SURFACE_CURVE('',#8951,(#8955,#8962),.PCURVE_S1.);
#8951 = LINE('',#8952,#8953);
#8952 = CARTESIAN_POINT('',(21.77,4.,5.));
#8953 = VECTOR('',#8954,1.);
#8954 = DIRECTION('',(-0.,-0.,-1.));
#8955 = PCURVE('',#4785,#8956);
#8956 = DEFINITIONAL_REPRESENTATION('',(#8957),#8961);
#8957 = LINE('',#8958,#8959);
#8958 = CARTESIAN_POINT('',(4.712388980385,0.));
#8959 = VECTOR('',#8960,1.);
#8960 = DIRECTION('',(0.,1.));
#8961 = ( GEOMETRIC_REPRESENTATION_CONTEXT(2) 
PARAMETRIC_REPRESENTATION_CONTEXT() REPRESENTATION_CONTEXT('2D SPACE',''
  ) );
#8962 = PCURVE('',#8963,#8968);
#8963 = PLANE('',#8964);
#8964 = AXIS2_PLACEMENT_3D('',#8965,#8966,#8967);
#8965 = CARTESIAN_POINT('',(27.77,4.,5.));
#8966 = DIRECTION('',(-1.445602896647E-16,-1.,0.));
#8967 = DIRECTION('',(1.,-1.445602896647E-16,0.));
#8968 = DEFINITIONAL_REPRESENTATION('',(#8969),#8973);
#8969 = LINE('',#8970,#8971);
#8970 = CARTESIAN_POINT('',(-6.,0.));
#8971 = VECTOR('',#8972,1.);
#8972 = DIRECTION('',(0.,-1.));
#8973 = ( GEOMETRIC_REPRESENTATION_CONTEXT(2) 
PARAMETRIC_REPRESENTATION_CONTEXT() REPRESENTATION_CONTEXT('2D SPACE',''
  ) );
#8974 = ORIENTED_EDGE('',*,*,#8975,.F.);
#8975 = EDGE_CURVE('',#4770,#8948,#8976,.T.);
#8976 = SURFACE_CURVE('',#8977,(#8982,#8989),.PCURVE_S1.);
#8977 = CIRCLE('',#8978,1.);
#8978 = AXIS2_PLACEMENT_3D('',#8979,#8980,#8981);
#8979 = CARTESIAN_POINT('',(21.77,5.,3.));
#8980 = DIRECTION('',(0.,-0.,1.));
#8981 = DIRECTION('',(-1.,0.,0.));
#8982 = PCURVE('',#4785,#8983);
#8983 = DEFINITIONAL_REPRESENTATION('',(#8984),#8988);
#8984 = LINE('',#8985,#8986);
#8985 = CARTESIAN_POINT('',(6.28318530718,2.));
#8986 = VECTOR('',#8987,1.);
#8987 = DIRECTION('',(-1.,0.));
#8988 = ( GEOMETRIC_REPRESENTATION_CONTEXT(2) 
PARAMETRIC_REPRESENTATION_CONTEXT() REPRESENTATION_CONTEXT('2D SPACE',''
  ) );
#8989 = PCURVE('',#8990,#8995);
#8990 = TOROIDAL_SURFACE('',#8991,2.,1.);
#8991 = AXIS2_PLACEMENT_3D('',#8992,#8993,#8994);
#8992 = CARTESIAN_POINT('',(21.77,5.,3.));
#8993 = DIRECTION('',(0.,0.,-1.));
#8994 = DIRECTION('',(-1.,0.,0.));
#8995 = DEFINITIONAL_REPRESENTATION('',(#8996),#9000);
#8996 = LINE('',#8997,#8998);
#8997 = CARTESIAN_POINT('',(6.28318530718,3.14159265359));
#8998 = VECTOR('',#8999,1.);
#8999 = DIRECTION('',(-1.,0.));
#9000 = ( GEOMETRIC_REPRESENTATION_CONTEXT(2) 
PARAMETRIC_REPRESENTATION_CONTEXT() REPRESENTATION_CONTEXT('2D SPACE',''
  ) );
#9001 = ORIENTED_EDGE('',*,*,#4769,.T.);
#9002 = ADVANCED_FACE('',(#9003),#2065,.F.);
#9003 = FACE_BOUND('',#9004,.F.);
#9004 = EDGE_LOOP('',(#9005,#9036,#9057,#9058,#9079,#9080,#9104));
#9005 = ORIENTED_EDGE('',*,*,#9006,.F.);
#9006 = EDGE_CURVE('',#9007,#9009,#9011,.T.);
#9007 = VERTEX_POINT('',#9008);
#9008 = CARTESIAN_POINT('',(58.77,-5.,3.));
#9009 = VERTEX_POINT('',#9010);
#9010 = CARTESIAN_POINT('',(57.77,-4.,3.));
#9011 = SURFACE_CURVE('',#9012,(#9017,#9024),.PCURVE_S1.);
#9012 = CIRCLE('',#9013,1.);
#9013 = AXIS2_PLACEMENT_3D('',#9014,#9015,#9016);
#9014 = CARTESIAN_POINT('',(57.77,-5.,3.));
#9015 = DIRECTION('',(0.,-0.,1.));
#9016 = DIRECTION('',(-1.,0.,0.));
#9017 = PCURVE('',#2065,#9018);
#9018 = DEFINITIONAL_REPRESENTATION('',(#9019),#9023);
#9019 = LINE('',#9020,#9021);
#9020 = CARTESIAN_POINT('',(6.28318530718,2.));
#9021 = VECTOR('',#9022,1.);
#9022 = DIRECTION('',(-1.,0.));
#9023 = ( GEOMETRIC_REPRESENTATION_CONTEXT(2) 
PARAMETRIC_REPRESENTATION_CONTEXT() REPRESENTATION_CONTEXT('2D SPACE',''
  ) );
#9024 = PCURVE('',#9025,#9030);
#9025 = TOROIDAL_SURFACE('',#9026,2.,1.);
#9026 = AXIS2_PLACEMENT_3D('',#9027,#9028,#9029);
#9027 = CARTESIAN_POINT('',(57.77,-5.,3.));
#9028 = DIRECTION('',(0.,0.,-1.));
#9029 = DIRECTION('',(-1.,0.,0.));
#9030 = DEFINITIONAL_REPRESENTATION('',(#9031),#9035);
#9031 = LINE('',#9032,#9033);
#9032 = CARTESIAN_POINT('',(6.28318530718,3.14159265359));
#9033 = VECTOR('',#9034,1.);
#9034 = DIRECTION('',(-1.,0.));
#9035 = ( GEOMETRIC_REPRESENTATION_CONTEXT(2) 
PARAMETRIC_REPRESENTATION_CONTEXT() REPRESENTATION_CONTEXT('2D SPACE',''
  ) );
#9036 = ORIENTED_EDGE('',*,*,#9037,.T.);
#9037 = EDGE_CURVE('',#9007,#6212,#9038,.T.);
#9038 = SURFACE_CURVE('',#9039,(#9043,#9050),.PCURVE_S1.);
#9039 = LINE('',#9040,#9041);
#9040 = CARTESIAN_POINT('',(58.77,-5.,4.));
#9041 = VECTOR('',#9042,1.);
#9042 = DIRECTION('',(0.,0.,1.));
#9043 = PCURVE('',#2065,#9044);
#9044 = DEFINITIONAL_REPRESENTATION('',(#9045),#9049);
#9045 = LINE('',#9046,#9047);
#9046 = CARTESIAN_POINT('',(3.14159265359,1.));
#9047 = VECTOR('',#9048,1.);
#9048 = DIRECTION('',(0.,-1.));
#9049 = ( GEOMETRIC_REPRESENTATION_CONTEXT(2) 
PARAMETRIC_REPRESENTATION_CONTEXT() REPRESENTATION_CONTEXT('2D SPACE',''
  ) );
#9050 = PCURVE('',#6227,#9051);
#9051 = DEFINITIONAL_REPRESENTATION('',(#9052),#9056);
#9052 = LINE('',#9053,#9054);
#9053 = CARTESIAN_POINT('',(0.,-10.));
#9054 = VECTOR('',#9055,1.);
#9055 = DIRECTION('',(1.,0.));
#9056 = ( GEOMETRIC_REPRESENTATION_CONTEXT(2) 
PARAMETRIC_REPRESENTATION_CONTEXT() REPRESENTATION_CONTEXT('2D SPACE',''
  ) );
#9057 = ORIENTED_EDGE('',*,*,#6239,.F.);
#9058 = ORIENTED_EDGE('',*,*,#9059,.T.);
#9059 = EDGE_CURVE('',#6240,#2044,#9060,.T.);
#9060 = SURFACE_CURVE('',#9061,(#9065,#9072),.PCURVE_S1.);
#9061 = LINE('',#9062,#9063);
#9062 = CARTESIAN_POINT('',(57.77,-6.,5.));
#9063 = VECTOR('',#9064,1.);
#9064 = DIRECTION('',(-0.,-0.,-1.));
#9065 = PCURVE('',#2065,#9066);
#9066 = DEFINITIONAL_REPRESENTATION('',(#9067),#9071);
#9067 = LINE('',#9068,#9069);
#9068 = CARTESIAN_POINT('',(4.712388980385,0.));
#9069 = VECTOR('',#9070,1.);
#9070 = DIRECTION('',(0.,1.));
#9071 = ( GEOMETRIC_REPRESENTATION_CONTEXT(2) 
PARAMETRIC_REPRESENTATION_CONTEXT() REPRESENTATION_CONTEXT('2D SPACE',''
  ) );
#9072 = PCURVE('',#6277,#9073);
#9073 = DEFINITIONAL_REPRESENTATION('',(#9074),#9078);
#9074 = LINE('',#9075,#9076);
#9075 = CARTESIAN_POINT('',(0.,0.));
#9076 = VECTOR('',#9077,1.);
#9077 = DIRECTION('',(0.,-1.));
#9078 = ( GEOMETRIC_REPRESENTATION_CONTEXT(2) 
PARAMETRIC_REPRESENTATION_CONTEXT() REPRESENTATION_CONTEXT('2D SPACE',''
  ) );
#9079 = ORIENTED_EDGE('',*,*,#2041,.F.);
#9080 = ORIENTED_EDGE('',*,*,#9081,.F.);
#9081 = EDGE_CURVE('',#9082,#2042,#9084,.T.);
#9082 = VERTEX_POINT('',#9083);
#9083 = CARTESIAN_POINT('',(57.77,-4.,-4.));
#9084 = SURFACE_CURVE('',#9085,(#9090,#9097),.PCURVE_S1.);
#9085 = CIRCLE('',#9086,1.);
#9086 = AXIS2_PLACEMENT_3D('',#9087,#9088,#9089);
#9087 = CARTESIAN_POINT('',(57.77,-5.,-4.));
#9088 = DIRECTION('',(0.,0.,-1.));
#9089 = DIRECTION('',(1.,0.,0.));
#9090 = PCURVE('',#2065,#9091);
#9091 = DEFINITIONAL_REPRESENTATION('',(#9092),#9096);
#9092 = LINE('',#9093,#9094);
#9093 = CARTESIAN_POINT('',(-3.14159265359,9.));
#9094 = VECTOR('',#9095,1.);
#9095 = DIRECTION('',(1.,0.));
#9096 = ( GEOMETRIC_REPRESENTATION_CONTEXT(2) 
PARAMETRIC_REPRESENTATION_CONTEXT() REPRESENTATION_CONTEXT('2D SPACE',''
  ) );
#9097 = PCURVE('',#2094,#9098);
#9098 = DEFINITIONAL_REPRESENTATION('',(#9099),#9103);
#9099 = LINE('',#9100,#9101);
#9100 = CARTESIAN_POINT('',(6.28318530718,3.14159265359));
#9101 = VECTOR('',#9102,1.);
#9102 = DIRECTION('',(-1.,0.));
#9103 = ( GEOMETRIC_REPRESENTATION_CONTEXT(2) 
PARAMETRIC_REPRESENTATION_CONTEXT() REPRESENTATION_CONTEXT('2D SPACE',''
  ) );
#9104 = ORIENTED_EDGE('',*,*,#9105,.F.);
#9105 = EDGE_CURVE('',#9009,#9082,#9106,.T.);
#9106 = SURFACE_CURVE('',#9107,(#9111,#9118),.PCURVE_S1.);
#9107 = LINE('',#9108,#9109);
#9108 = CARTESIAN_POINT('',(57.77,-4.,5.));
#9109 = VECTOR('',#9110,1.);
#9110 = DIRECTION('',(-0.,-0.,-1.));
#9111 = PCURVE('',#2065,#9112);
#9112 = DEFINITIONAL_REPRESENTATION('',(#9113),#9117);
#9113 = LINE('',#9114,#9115);
#9114 = CARTESIAN_POINT('',(1.570796326795,0.));
#9115 = VECTOR('',#9116,1.);
#9116 = DIRECTION('',(0.,1.));
#9117 = ( GEOMETRIC_REPRESENTATION_CONTEXT(2) 
PARAMETRIC_REPRESENTATION_CONTEXT() REPRESENTATION_CONTEXT('2D SPACE',''
  ) );
#9118 = PCURVE('',#2183,#9119);
#9119 = DEFINITIONAL_REPRESENTATION('',(#9120),#9124);
#9120 = LINE('',#9121,#9122);
#9121 = CARTESIAN_POINT('',(0.,0.));
#9122 = VECTOR('',#9123,1.);
#9123 = DIRECTION('',(0.,-1.));
#9124 = ( GEOMETRIC_REPRESENTATION_CONTEXT(2) 
PARAMETRIC_REPRESENTATION_CONTEXT() REPRESENTATION_CONTEXT('2D SPACE',''
  ) );
#9125 = ADVANCED_FACE('',(#9126),#4636,.F.);
#9126 = FACE_BOUND('',#9127,.F.);
#9127 = EDGE_LOOP('',(#9128,#9152,#9180,#9207));
#9128 = ORIENTED_EDGE('',*,*,#9129,.F.);
#9129 = EDGE_CURVE('',#9130,#4592,#9132,.T.);
#9130 = VERTEX_POINT('',#9131);
#9131 = CARTESIAN_POINT('',(51.77,4.,-4.));
#9132 = SURFACE_CURVE('',#9133,(#9138,#9145),.PCURVE_S1.);
#9133 = CIRCLE('',#9134,1.);
#9134 = AXIS2_PLACEMENT_3D('',#9135,#9136,#9137);
#9135 = CARTESIAN_POINT('',(51.77,5.,-4.));
#9136 = DIRECTION('',(0.,0.,-1.));
#9137 = DIRECTION('',(1.,0.,0.));
#9138 = PCURVE('',#4636,#9139);
#9139 = DEFINITIONAL_REPRESENTATION('',(#9140),#9144);
#9140 = LINE('',#9141,#9142);
#9141 = CARTESIAN_POINT('',(3.14159265359,9.));
#9142 = VECTOR('',#9143,1.);
#9143 = DIRECTION('',(1.,0.));
#9144 = ( GEOMETRIC_REPRESENTATION_CONTEXT(2) 
PARAMETRIC_REPRESENTATION_CONTEXT() REPRESENTATION_CONTEXT('2D SPACE',''
  ) );
#9145 = PCURVE('',#4608,#9146);
#9146 = DEFINITIONAL_REPRESENTATION('',(#9147),#9151);
#9147 = LINE('',#9148,#9149);
#9148 = CARTESIAN_POINT('',(6.28318530718,3.14159265359));
#9149 = VECTOR('',#9150,1.);
#9150 = DIRECTION('',(-1.,0.));
#9151 = ( GEOMETRIC_REPRESENTATION_CONTEXT(2) 
PARAMETRIC_REPRESENTATION_CONTEXT() REPRESENTATION_CONTEXT('2D SPACE',''
  ) );
#9152 = ORIENTED_EDGE('',*,*,#9153,.F.);
#9153 = EDGE_CURVE('',#9154,#9130,#9156,.T.);
#9154 = VERTEX_POINT('',#9155);
#9155 = CARTESIAN_POINT('',(51.77,4.,3.));
#9156 = SURFACE_CURVE('',#9157,(#9161,#9168),.PCURVE_S1.);
#9157 = LINE('',#9158,#9159);
#9158 = CARTESIAN_POINT('',(51.77,4.,5.));
#9159 = VECTOR('',#9160,1.);
#9160 = DIRECTION('',(-0.,-0.,-1.));
#9161 = PCURVE('',#4636,#9162);
#9162 = DEFINITIONAL_REPRESENTATION('',(#9163),#9167);
#9163 = LINE('',#9164,#9165);
#9164 = CARTESIAN_POINT('',(4.712388980385,0.));
#9165 = VECTOR('',#9166,1.);
#9166 = DIRECTION('',(0.,1.));
#9167 = ( GEOMETRIC_REPRESENTATION_CONTEXT(2) 
PARAMETRIC_REPRESENTATION_CONTEXT() REPRESENTATION_CONTEXT('2D SPACE',''
  ) );
#9168 = PCURVE('',#9169,#9174);
#9169 = PLANE('',#9170);
#9170 = AXIS2_PLACEMENT_3D('',#9171,#9172,#9173);
#9171 = CARTESIAN_POINT('',(57.77,4.,5.));
#9172 = DIRECTION('',(-1.445602896647E-16,-1.,0.));
#9173 = DIRECTION('',(1.,-1.445602896647E-16,0.));
#9174 = DEFINITIONAL_REPRESENTATION('',(#9175),#9179);
#9175 = LINE('',#9176,#9177);
#9176 = CARTESIAN_POINT('',(-6.,0.));
#9177 = VECTOR('',#9178,1.);
#9178 = DIRECTION('',(0.,-1.));
#9179 = ( GEOMETRIC_REPRESENTATION_CONTEXT(2) 
PARAMETRIC_REPRESENTATION_CONTEXT() REPRESENTATION_CONTEXT('2D SPACE',''
  ) );
#9180 = ORIENTED_EDGE('',*,*,#9181,.F.);
#9181 = EDGE_CURVE('',#4621,#9154,#9182,.T.);
#9182 = SURFACE_CURVE('',#9183,(#9188,#9195),.PCURVE_S1.);
#9183 = CIRCLE('',#9184,1.);
#9184 = AXIS2_PLACEMENT_3D('',#9185,#9186,#9187);
#9185 = CARTESIAN_POINT('',(51.77,5.,3.));
#9186 = DIRECTION('',(0.,-0.,1.));
#9187 = DIRECTION('',(-1.,0.,0.));
#9188 = PCURVE('',#4636,#9189);
#9189 = DEFINITIONAL_REPRESENTATION('',(#9190),#9194);
#9190 = LINE('',#9191,#9192);
#9191 = CARTESIAN_POINT('',(6.28318530718,2.));
#9192 = VECTOR('',#9193,1.);
#9193 = DIRECTION('',(-1.,0.));
#9194 = ( GEOMETRIC_REPRESENTATION_CONTEXT(2) 
PARAMETRIC_REPRESENTATION_CONTEXT() REPRESENTATION_CONTEXT('2D SPACE',''
  ) );
#9195 = PCURVE('',#9196,#9201);
#9196 = TOROIDAL_SURFACE('',#9197,2.,1.);
#9197 = AXIS2_PLACEMENT_3D('',#9198,#9199,#9200);
#9198 = CARTESIAN_POINT('',(51.77,5.,3.));
#9199 = DIRECTION('',(0.,0.,-1.));
#9200 = DIRECTION('',(-1.,0.,0.));
#9201 = DEFINITIONAL_REPRESENTATION('',(#9202),#9206);
#9202 = LINE('',#9203,#9204);
#9203 = CARTESIAN_POINT('',(6.28318530718,3.14159265359));
#9204 = VECTOR('',#9205,1.);
#9205 = DIRECTION('',(-1.,0.));
#9206 = ( GEOMETRIC_REPRESENTATION_CONTEXT(2) 
PARAMETRIC_REPRESENTATION_CONTEXT() REPRESENTATION_CONTEXT('2D SPACE',''
  ) );
#9207 = ORIENTED_EDGE('',*,*,#4620,.T.);
#9208 = ADVANCED_FACE('',(#9209),#9223,.T.);
#9209 = FACE_BOUND('',#9210,.T.);
#9210 = EDGE_LOOP('',(#9211,#9246,#9269,#9297));
#9211 = ORIENTED_EDGE('',*,*,#9212,.T.);
#9212 = EDGE_CURVE('',#9213,#9215,#9217,.T.);
#9213 = VERTEX_POINT('',#9214);
#9214 = CARTESIAN_POINT('',(-85.27386339506,16.992531349952,-4.));
#9215 = VERTEX_POINT('',#9216);
#9216 = CARTESIAN_POINT('',(-85.27386339506,16.992531349952,4.));
#9217 = SURFACE_CURVE('',#9218,(#9222,#9234),.PCURVE_S1.);
#9218 = LINE('',#9219,#9220);
#9219 = CARTESIAN_POINT('',(-85.27386339506,16.992531349952,-5.));
#9220 = VECTOR('',#9221,1.);
#9221 = DIRECTION('',(0.,0.,1.));
#9222 = PCURVE('',#9223,#9228);
#9223 = PLANE('',#9224);
#9224 = AXIS2_PLACEMENT_3D('',#9225,#9226,#9227);
#9225 = CARTESIAN_POINT('',(-85.27386339506,16.992531349952,-5.));
#9226 = DIRECTION('',(-2.963902323935E-02,0.999560667644,0.));
#9227 = DIRECTION('',(-0.999560667644,-2.963902323935E-02,0.));
#9228 = DEFINITIONAL_REPRESENTATION('',(#9229),#9233);
#9229 = LINE('',#9230,#9231);
#9230 = CARTESIAN_POINT('',(0.,0.));
#9231 = VECTOR('',#9232,1.);
#9232 = DIRECTION('',(0.,1.));
#9233 = ( GEOMETRIC_REPRESENTATION_CONTEXT(2) 
PARAMETRIC_REPRESENTATION_CONTEXT() REPRESENTATION_CONTEXT('2D SPACE',''
  ) );
#9234 = PCURVE('',#9235,#9240);
#9235 = CYLINDRICAL_SURFACE('',#9236,17.);
#9236 = AXIS2_PLACEMENT_3D('',#9237,#9238,#9239);
#9237 = CARTESIAN_POINT('',(-84.77,0.,-5.));
#9238 = DIRECTION('',(0.,0.,1.));
#9239 = DIRECTION('',(1.,0.,-0.));
#9240 = DEFINITIONAL_REPRESENTATION('',(#9241),#9245);
#9241 = LINE('',#9242,#9243);
#9242 = CARTESIAN_POINT('',(1.600439691258,0.));
#9243 = VECTOR('',#9244,1.);
#9244 = DIRECTION('',(0.,1.));
#9245 = ( GEOMETRIC_REPRESENTATION_CONTEXT(2) 
PARAMETRIC_REPRESENTATION_CONTEXT() REPRESENTATION_CONTEXT('2D SPACE',''
  ) );
#9246 = ORIENTED_EDGE('',*,*,#9247,.T.);
#9247 = EDGE_CURVE('',#9215,#9248,#9250,.T.);
#9248 = VERTEX_POINT('',#9249);
#9249 = CARTESIAN_POINT('',(-67.08680452217,17.531814935269,4.));
#9250 = SURFACE_CURVE('',#9251,(#9255,#9262),.PCURVE_S1.);
#9251 = LINE('',#9252,#9253);
#9252 = CARTESIAN_POINT('',(-85.27386339506,16.992531349952,4.));
#9253 = VECTOR('',#9254,1.);
#9254 = DIRECTION('',(0.999560667644,2.963902323935E-02,-0.));
#9255 = PCURVE('',#9223,#9256);
#9256 = DEFINITIONAL_REPRESENTATION('',(#9257),#9261);
#9257 = LINE('',#9258,#9259);
#9258 = CARTESIAN_POINT('',(0.,9.));
#9259 = VECTOR('',#9260,1.);
#9260 = DIRECTION('',(-1.,0.));
#9261 = ( GEOMETRIC_REPRESENTATION_CONTEXT(2) 
PARAMETRIC_REPRESENTATION_CONTEXT() REPRESENTATION_CONTEXT('2D SPACE',''
  ) );
#9262 = PCURVE('',#6338,#9263);
#9263 = DEFINITIONAL_REPRESENTATION('',(#9264),#9268);
#9264 = LINE('',#9265,#9266);
#9265 = CARTESIAN_POINT('',(3.14159265359,169.4655155924));
#9266 = VECTOR('',#9267,1.);
#9267 = DIRECTION('',(0.,-1.));
#9268 = ( GEOMETRIC_REPRESENTATION_CONTEXT(2) 
PARAMETRIC_REPRESENTATION_CONTEXT() REPRESENTATION_CONTEXT('2D SPACE',''
  ) );
#9269 = ORIENTED_EDGE('',*,*,#9270,.F.);
#9270 = EDGE_CURVE('',#9271,#9248,#9273,.T.);
#9271 = VERTEX_POINT('',#9272);
#9272 = CARTESIAN_POINT('',(-67.08680452217,17.531814935269,-4.));
#9273 = SURFACE_CURVE('',#9274,(#9278,#9285),.PCURVE_S1.);
#9274 = LINE('',#9275,#9276);
#9275 = CARTESIAN_POINT('',(-67.08680452217,17.531814935269,-30.));
#9276 = VECTOR('',#9277,1.);
#9277 = DIRECTION('',(-0.,-0.,1.));
#9278 = PCURVE('',#9223,#9279);
#9279 = DEFINITIONAL_REPRESENTATION('',(#9280),#9284);
#9280 = LINE('',#9281,#9282);
#9281 = CARTESIAN_POINT('',(-18.19505254819,-25.));
#9282 = VECTOR('',#9283,1.);
#9283 = DIRECTION('',(0.,1.));
#9284 = ( GEOMETRIC_REPRESENTATION_CONTEXT(2) 
PARAMETRIC_REPRESENTATION_CONTEXT() REPRESENTATION_CONTEXT('2D SPACE',''
  ) );
#9285 = PCURVE('',#9286,#9291);
#9286 = CYLINDRICAL_SURFACE('',#9287,6.634615384615);
#9287 = AXIS2_PLACEMENT_3D('',#9288,#9289,#9290);
#9288 = CARTESIAN_POINT('',(-66.8901610026,10.90011435186,-30.));
#9289 = DIRECTION('',(-0.,-0.,1.));
#9290 = DIRECTION('',(1.,0.,0.));
#9291 = DEFINITIONAL_REPRESENTATION('',(#9292),#9296);
#9292 = LINE('',#9293,#9294);
#9293 = CARTESIAN_POINT('',(1.600439691258,0.));
#9294 = VECTOR('',#9295,1.);
#9295 = DIRECTION('',(0.,1.));
#9296 = ( GEOMETRIC_REPRESENTATION_CONTEXT(2) 
PARAMETRIC_REPRESENTATION_CONTEXT() REPRESENTATION_CONTEXT('2D SPACE',''
  ) );
#9297 = ORIENTED_EDGE('',*,*,#9298,.T.);
#9298 = EDGE_CURVE('',#9271,#9213,#9299,.T.);
#9299 = SURFACE_CURVE('',#9300,(#9304,#9311),.PCURVE_S1.);
#9300 = LINE('',#9301,#9302);
#9301 = CARTESIAN_POINT('',(-85.27386339506,16.992531349952,-4.));
#9302 = VECTOR('',#9303,1.);
#9303 = DIRECTION('',(-0.999560667644,-2.963902323935E-02,0.));
#9304 = PCURVE('',#9223,#9305);
#9305 = DEFINITIONAL_REPRESENTATION('',(#9306),#9310);
#9306 = LINE('',#9307,#9308);
#9307 = CARTESIAN_POINT('',(0.,1.));
#9308 = VECTOR('',#9309,1.);
#9309 = DIRECTION('',(1.,0.));
#9310 = ( GEOMETRIC_REPRESENTATION_CONTEXT(2) 
PARAMETRIC_REPRESENTATION_CONTEXT() REPRESENTATION_CONTEXT('2D SPACE',''
  ) );
#9311 = PCURVE('',#8172,#9312);
#9312 = DEFINITIONAL_REPRESENTATION('',(#9313),#9317);
#9313 = LINE('',#9314,#9315);
#9314 = CARTESIAN_POINT('',(6.28318530718,-7.105427357601E-15));
#9315 = VECTOR('',#9316,1.);
#9316 = DIRECTION('',(0.,-1.));
#9317 = ( GEOMETRIC_REPRESENTATION_CONTEXT(2) 
PARAMETRIC_REPRESENTATION_CONTEXT() REPRESENTATION_CONTEXT('2D SPACE',''
  ) );
#9318 = ADVANCED_FACE('',(#9319),#2429,.F.);
#9319 = FACE_BOUND('',#9320,.F.);
#9320 = EDGE_LOOP('',(#9321,#9347,#9348,#9349));
#9321 = ORIENTED_EDGE('',*,*,#9322,.T.);
#9322 = EDGE_CURVE('',#4455,#4427,#9323,.T.);
#9323 = SURFACE_CURVE('',#9324,(#9329,#9336),.PCURVE_S1.);
#9324 = CIRCLE('',#9325,16.025);
#9325 = AXIS2_PLACEMENT_3D('',#9326,#9327,#9328);
#9326 = CARTESIAN_POINT('',(84.77,0.,3.5));
#9327 = DIRECTION('',(0.,0.,-1.));
#9328 = DIRECTION('',(1.,0.,0.));
#9329 = PCURVE('',#2429,#9330);
#9330 = DEFINITIONAL_REPRESENTATION('',(#9331),#9335);
#9331 = LINE('',#9332,#9333);
#9332 = CARTESIAN_POINT('',(6.28318530718,8.5));
#9333 = VECTOR('',#9334,1.);
#9334 = DIRECTION('',(-1.,0.));
#9335 = ( GEOMETRIC_REPRESENTATION_CONTEXT(2) 
PARAMETRIC_REPRESENTATION_CONTEXT() REPRESENTATION_CONTEXT('2D SPACE',''
  ) );
#9336 = PCURVE('',#2963,#9337);
#9337 = DEFINITIONAL_REPRESENTATION('',(#9338),#9346);
#9338 = ( BOUNDED_CURVE() B_SPLINE_CURVE(2,(#9339,#9340,#9341,#9342,
#9343,#9344,#9345),.UNSPECIFIED.,.T.,.F.) B_SPLINE_CURVE_WITH_KNOTS((1,2
    ,2,2,2,1),(-2.094395102393,0.,2.094395102393,4.188790204786,
6.28318530718,8.377580409573),.UNSPECIFIED.) CURVE() 
GEOMETRIC_REPRESENTATION_ITEM() RATIONAL_B_SPLINE_CURVE((1.,0.5,1.,0.5,
1.,0.5,1.)) REPRESENTATION_ITEM('') );
#9339 = CARTESIAN_POINT('',(16.025,0.));
#9340 = CARTESIAN_POINT('',(16.025,-27.75611419129));
#9341 = CARTESIAN_POINT('',(-8.0125,-13.87805709564));
#9342 = CARTESIAN_POINT('',(-32.05,-3.924992991267E-15));
#9343 = CARTESIAN_POINT('',(-8.0125,13.878057095646));
#9344 = CARTESIAN_POINT('',(16.025,27.756114191291));
#9345 = CARTESIAN_POINT('',(16.025,0.));
#9346 = ( GEOMETRIC_REPRESENTATION_CONTEXT(2) 
PARAMETRIC_REPRESENTATION_CONTEXT() REPRESENTATION_CONTEXT('2D SPACE',''
  ) );
#9347 = ORIENTED_EDGE('',*,*,#4426,.F.);
#9348 = ORIENTED_EDGE('',*,*,#2405,.F.);
#9349 = ORIENTED_EDGE('',*,*,#4482,.T.);
#9350 = ADVANCED_FACE('',(#9351),#4384,.T.);
#9351 = FACE_BOUND('',#9352,.T.);
#9352 = EDGE_LOOP('',(#9353,#9354,#9378,#9406));
#9353 = ORIENTED_EDGE('',*,*,#4370,.F.);
#9354 = ORIENTED_EDGE('',*,*,#9355,.T.);
#9355 = EDGE_CURVE('',#2674,#9356,#9358,.T.);
#9356 = VERTEX_POINT('',#9357);
#9357 = CARTESIAN_POINT('',(84.117200513153,22.015323704865,-4.));
#9358 = SURFACE_CURVE('',#9359,(#9364,#9371),.PCURVE_S1.);
#9359 = CIRCLE('',#9360,22.025);
#9360 = AXIS2_PLACEMENT_3D('',#9361,#9362,#9363);
#9361 = CARTESIAN_POINT('',(84.77,0.,-4.));
#9362 = DIRECTION('',(0.,0.,1.));
#9363 = DIRECTION('',(1.,0.,-0.));
#9364 = PCURVE('',#4384,#9365);
#9365 = DEFINITIONAL_REPRESENTATION('',(#9366),#9370);
#9366 = LINE('',#9367,#9368);
#9367 = CARTESIAN_POINT('',(0.,1.));
#9368 = VECTOR('',#9369,1.);
#9369 = DIRECTION('',(1.,0.));
#9370 = ( GEOMETRIC_REPRESENTATION_CONTEXT(2) 
PARAMETRIC_REPRESENTATION_CONTEXT() REPRESENTATION_CONTEXT('2D SPACE',''
  ) );
#9371 = PCURVE('',#2690,#9372);
#9372 = DEFINITIONAL_REPRESENTATION('',(#9373),#9377);
#9373 = LINE('',#9374,#9375);
#9374 = CARTESIAN_POINT('',(0.,6.28318530718));
#9375 = VECTOR('',#9376,1.);
#9376 = DIRECTION('',(1.,0.));
#9377 = ( GEOMETRIC_REPRESENTATION_CONTEXT(2) 
PARAMETRIC_REPRESENTATION_CONTEXT() REPRESENTATION_CONTEXT('2D SPACE',''
  ) );
#9378 = ORIENTED_EDGE('',*,*,#9379,.T.);
#9379 = EDGE_CURVE('',#9356,#9380,#9382,.T.);
#9380 = VERTEX_POINT('',#9381);
#9381 = CARTESIAN_POINT('',(84.117200513153,22.015323704865,4.));
#9382 = SURFACE_CURVE('',#9383,(#9387,#9394),.PCURVE_S1.);
#9383 = LINE('',#9384,#9385);
#9384 = CARTESIAN_POINT('',(84.117200513153,22.015323704865,-5.));
#9385 = VECTOR('',#9386,1.);
#9386 = DIRECTION('',(0.,0.,1.));
#9387 = PCURVE('',#4384,#9388);
#9388 = DEFINITIONAL_REPRESENTATION('',(#9389),#9393);
#9389 = LINE('',#9390,#9391);
#9390 = CARTESIAN_POINT('',(1.600439691258,0.));
#9391 = VECTOR('',#9392,1.);
#9392 = DIRECTION('',(0.,1.));
#9393 = ( GEOMETRIC_REPRESENTATION_CONTEXT(2) 
PARAMETRIC_REPRESENTATION_CONTEXT() REPRESENTATION_CONTEXT('2D SPACE',''
  ) );
#9394 = PCURVE('',#9395,#9400);
#9395 = PLANE('',#9396);
#9396 = AXIS2_PLACEMENT_3D('',#9397,#9398,#9399);
#9397 = CARTESIAN_POINT('',(-85.27386339506,16.992531349952,-5.));
#9398 = DIRECTION('',(-2.963902323935E-02,0.999560667644,0.));
#9399 = DIRECTION('',(-0.999560667644,-2.963902323935E-02,0.));
#9400 = DEFINITIONAL_REPRESENTATION('',(#9401),#9405);
#9401 = LINE('',#9402,#9403);
#9402 = CARTESIAN_POINT('',(-169.4655155924,0.));
#9403 = VECTOR('',#9404,1.);
#9404 = DIRECTION('',(0.,1.));
#9405 = ( GEOMETRIC_REPRESENTATION_CONTEXT(2) 
PARAMETRIC_REPRESENTATION_CONTEXT() REPRESENTATION_CONTEXT('2D SPACE',''
  ) );
#9406 = ORIENTED_EDGE('',*,*,#9407,.T.);
#9407 = EDGE_CURVE('',#9380,#2762,#9408,.T.);
#9408 = SURFACE_CURVE('',#9409,(#9414,#9421),.PCURVE_S1.);
#9409 = CIRCLE('',#9410,22.025);
#9410 = AXIS2_PLACEMENT_3D('',#9411,#9412,#9413);
#9411 = CARTESIAN_POINT('',(84.77,0.,4.));
#9412 = DIRECTION('',(0.,-0.,-1.));
#9413 = DIRECTION('',(1.,-1.7763568394E-15,0.));
#9414 = PCURVE('',#4384,#9415);
#9415 = DEFINITIONAL_REPRESENTATION('',(#9416),#9420);
#9416 = LINE('',#9417,#9418);
#9417 = CARTESIAN_POINT('',(6.28318530718,9.));
#9418 = VECTOR('',#9419,1.);
#9419 = DIRECTION('',(-1.,0.));
#9420 = ( GEOMETRIC_REPRESENTATION_CONTEXT(2) 
PARAMETRIC_REPRESENTATION_CONTEXT() REPRESENTATION_CONTEXT('2D SPACE',''
  ) );
#9421 = PCURVE('',#2809,#9422);
#9422 = DEFINITIONAL_REPRESENTATION('',(#9423),#9427);
#9423 = LINE('',#9424,#9425);
#9424 = CARTESIAN_POINT('',(6.28318530718,0.));
#9425 = VECTOR('',#9426,1.);
#9426 = DIRECTION('',(-1.,0.));
#9427 = ( GEOMETRIC_REPRESENTATION_CONTEXT(2) 
PARAMETRIC_REPRESENTATION_CONTEXT() REPRESENTATION_CONTEXT('2D SPACE',''
  ) );
#9428 = ADVANCED_FACE('',(#9429),#4411,.T.);
#9429 = FACE_BOUND('',#9430,.T.);
#9430 = EDGE_LOOP('',(#9431,#9456,#9477,#9478));
#9431 = ORIENTED_EDGE('',*,*,#9432,.F.);
#9432 = EDGE_CURVE('',#9433,#9435,#9437,.T.);
#9433 = VERTEX_POINT('',#9434);
#9434 = CARTESIAN_POINT('',(-85.27386339506,-16.99253134995,-4.));
#9435 = VERTEX_POINT('',#9436);
#9436 = CARTESIAN_POINT('',(-85.27386339506,-16.99253134995,4.));
#9437 = SURFACE_CURVE('',#9438,(#9442,#9449),.PCURVE_S1.);
#9438 = LINE('',#9439,#9440);
#9439 = CARTESIAN_POINT('',(-85.27386339506,-16.99253134995,-5.));
#9440 = VECTOR('',#9441,1.);
#9441 = DIRECTION('',(0.,0.,1.));
#9442 = PCURVE('',#4411,#9443);
#9443 = DEFINITIONAL_REPRESENTATION('',(#9444),#9448);
#9444 = LINE('',#9445,#9446);
#9445 = CARTESIAN_POINT('',(0.,0.));
#9446 = VECTOR('',#9447,1.);
#9447 = DIRECTION('',(0.,1.));
#9448 = ( GEOMETRIC_REPRESENTATION_CONTEXT(2) 
PARAMETRIC_REPRESENTATION_CONTEXT() REPRESENTATION_CONTEXT('2D SPACE',''
  ) );
#9449 = PCURVE('',#9235,#9450);
#9450 = DEFINITIONAL_REPRESENTATION('',(#9451),#9455);
#9451 = LINE('',#9452,#9453);
#9452 = CARTESIAN_POINT('',(4.682745615922,0.));
#9453 = VECTOR('',#9454,1.);
#9454 = DIRECTION('',(0.,1.));
#9455 = ( GEOMETRIC_REPRESENTATION_CONTEXT(2) 
PARAMETRIC_REPRESENTATION_CONTEXT() REPRESENTATION_CONTEXT('2D SPACE',''
  ) );
#9456 = ORIENTED_EDGE('',*,*,#9457,.T.);
#9457 = EDGE_CURVE('',#9433,#2703,#9458,.T.);
#9458 = SURFACE_CURVE('',#9459,(#9463,#9470),.PCURVE_S1.);
#9459 = LINE('',#9460,#9461);
#9460 = CARTESIAN_POINT('',(84.117200513153,-22.01532370486,-4.));
#9461 = VECTOR('',#9462,1.);
#9462 = DIRECTION('',(0.999560667644,-2.963902323935E-02,0.));
#9463 = PCURVE('',#4411,#9464);
#9464 = DEFINITIONAL_REPRESENTATION('',(#9465),#9469);
#9465 = LINE('',#9466,#9467);
#9466 = CARTESIAN_POINT('',(169.4655155924,1.));
#9467 = VECTOR('',#9468,1.);
#9468 = DIRECTION('',(1.,0.));
#9469 = ( GEOMETRIC_REPRESENTATION_CONTEXT(2) 
PARAMETRIC_REPRESENTATION_CONTEXT() REPRESENTATION_CONTEXT('2D SPACE',''
  ) );
#9470 = PCURVE('',#2746,#9471);
#9471 = DEFINITIONAL_REPRESENTATION('',(#9472),#9476);
#9472 = LINE('',#9473,#9474);
#9473 = CARTESIAN_POINT('',(6.28318530718,-169.4655155924));
#9474 = VECTOR('',#9475,1.);
#9475 = DIRECTION('',(0.,-1.));
#9476 = ( GEOMETRIC_REPRESENTATION_CONTEXT(2) 
PARAMETRIC_REPRESENTATION_CONTEXT() REPRESENTATION_CONTEXT('2D SPACE',''
  ) );
#9477 = ORIENTED_EDGE('',*,*,#4397,.T.);
#9478 = ORIENTED_EDGE('',*,*,#9479,.T.);
#9479 = EDGE_CURVE('',#2764,#9435,#9480,.T.);
#9480 = SURFACE_CURVE('',#9481,(#9485,#9492),.PCURVE_S1.);
#9481 = LINE('',#9482,#9483);
#9482 = CARTESIAN_POINT('',(-85.27386339506,-16.99253134995,4.));
#9483 = VECTOR('',#9484,1.);
#9484 = DIRECTION('',(-0.999560667644,2.963902323935E-02,-0.));
#9485 = PCURVE('',#4411,#9486);
#9486 = DEFINITIONAL_REPRESENTATION('',(#9487),#9491);
#9487 = LINE('',#9488,#9489);
#9488 = CARTESIAN_POINT('',(0.,9.));
#9489 = VECTOR('',#9490,1.);
#9490 = DIRECTION('',(-1.,0.));
#9491 = ( GEOMETRIC_REPRESENTATION_CONTEXT(2) 
PARAMETRIC_REPRESENTATION_CONTEXT() REPRESENTATION_CONTEXT('2D SPACE',''
  ) );
#9492 = PCURVE('',#2860,#9493);
#9493 = DEFINITIONAL_REPRESENTATION('',(#9494),#9498);
#9494 = LINE('',#9495,#9496);
#9495 = CARTESIAN_POINT('',(3.14159265359,-169.4655155924));
#9496 = VECTOR('',#9497,1.);
#9497 = DIRECTION('',(0.,-1.));
#9498 = ( GEOMETRIC_REPRESENTATION_CONTEXT(2) 
PARAMETRIC_REPRESENTATION_CONTEXT() REPRESENTATION_CONTEXT('2D SPACE',''
  ) );
#9499 = ADVANCED_FACE('',(#9500),#9235,.T.);
#9500 = FACE_BOUND('',#9501,.T.);
#9501 = EDGE_LOOP('',(#9502,#9503,#9525,#9526));
#9502 = ORIENTED_EDGE('',*,*,#9432,.T.);
#9503 = ORIENTED_EDGE('',*,*,#9504,.T.);
#9504 = EDGE_CURVE('',#9435,#9215,#9505,.T.);
#9505 = SURFACE_CURVE('',#9506,(#9511,#9518),.PCURVE_S1.);
#9506 = CIRCLE('',#9507,17.);
#9507 = AXIS2_PLACEMENT_3D('',#9508,#9509,#9510);
#9508 = CARTESIAN_POINT('',(-84.77,0.,4.));
#9509 = DIRECTION('',(0.,-0.,-1.));
#9510 = DIRECTION('',(1.,8.881784197001E-16,-0.));
#9511 = PCURVE('',#9235,#9512);
#9512 = DEFINITIONAL_REPRESENTATION('',(#9513),#9517);
#9513 = LINE('',#9514,#9515);
#9514 = CARTESIAN_POINT('',(6.28318530718,9.));
#9515 = VECTOR('',#9516,1.);
#9516 = DIRECTION('',(-1.,0.));
#9517 = ( GEOMETRIC_REPRESENTATION_CONTEXT(2) 
PARAMETRIC_REPRESENTATION_CONTEXT() REPRESENTATION_CONTEXT('2D SPACE',''
  ) );
#9518 = PCURVE('',#6367,#9519);
#9519 = DEFINITIONAL_REPRESENTATION('',(#9520),#9524);
#9520 = LINE('',#9521,#9522);
#9521 = CARTESIAN_POINT('',(6.28318530718,0.));
#9522 = VECTOR('',#9523,1.);
#9523 = DIRECTION('',(-1.,0.));
#9524 = ( GEOMETRIC_REPRESENTATION_CONTEXT(2) 
PARAMETRIC_REPRESENTATION_CONTEXT() REPRESENTATION_CONTEXT('2D SPACE',''
  ) );
#9525 = ORIENTED_EDGE('',*,*,#9212,.F.);
#9526 = ORIENTED_EDGE('',*,*,#9527,.T.);
#9527 = EDGE_CURVE('',#9213,#9433,#9528,.T.);
#9528 = SURFACE_CURVE('',#9529,(#9534,#9541),.PCURVE_S1.);
#9529 = CIRCLE('',#9530,17.);
#9530 = AXIS2_PLACEMENT_3D('',#9531,#9532,#9533);
#9531 = CARTESIAN_POINT('',(-84.77,0.,-4.));
#9532 = DIRECTION('',(0.,0.,1.));
#9533 = DIRECTION('',(1.,0.,-0.));
#9534 = PCURVE('',#9235,#9535);
#9535 = DEFINITIONAL_REPRESENTATION('',(#9536),#9540);
#9536 = LINE('',#9537,#9538);
#9537 = CARTESIAN_POINT('',(0.,1.));
#9538 = VECTOR('',#9539,1.);
#9539 = DIRECTION('',(1.,0.));
#9540 = ( GEOMETRIC_REPRESENTATION_CONTEXT(2) 
PARAMETRIC_REPRESENTATION_CONTEXT() REPRESENTATION_CONTEXT('2D SPACE',''
  ) );
#9541 = PCURVE('',#8144,#9542);
#9542 = DEFINITIONAL_REPRESENTATION('',(#9543),#9547);
#9543 = LINE('',#9544,#9545);
#9544 = CARTESIAN_POINT('',(0.,6.28318530718));
#9545 = VECTOR('',#9546,1.);
#9546 = DIRECTION('',(1.,0.));
#9547 = ( GEOMETRIC_REPRESENTATION_CONTEXT(2) 
PARAMETRIC_REPRESENTATION_CONTEXT() REPRESENTATION_CONTEXT('2D SPACE',''
  ) );
#9548 = ADVANCED_FACE('',(#9549),#9395,.T.);
#9549 = FACE_BOUND('',#9550,.T.);
#9550 = EDGE_LOOP('',(#9551,#9581,#9602,#9603));
#9551 = ORIENTED_EDGE('',*,*,#9552,.T.);
#9552 = EDGE_CURVE('',#9553,#9555,#9557,.T.);
#9553 = VERTEX_POINT('',#9554);
#9554 = CARTESIAN_POINT('',(-36.75757792444,18.431138689254,-4.));
#9555 = VERTEX_POINT('',#9556);
#9556 = CARTESIAN_POINT('',(-36.75757792444,18.431138689254,4.));
#9557 = SURFACE_CURVE('',#9558,(#9562,#9569),.PCURVE_S1.);
#9558 = LINE('',#9559,#9560);
#9559 = CARTESIAN_POINT('',(-36.75757792444,18.431138689254,-30.));
#9560 = VECTOR('',#9561,1.);
#9561 = DIRECTION('',(-0.,-0.,1.));
#9562 = PCURVE('',#9395,#9563);
#9563 = DEFINITIONAL_REPRESENTATION('',(#9564),#9568);
#9564 = LINE('',#9565,#9566);
#9565 = CARTESIAN_POINT('',(-48.53760961299,-25.));
#9566 = VECTOR('',#9567,1.);
#9567 = DIRECTION('',(0.,1.));
#9568 = ( GEOMETRIC_REPRESENTATION_CONTEXT(2) 
PARAMETRIC_REPRESENTATION_CONTEXT() REPRESENTATION_CONTEXT('2D SPACE',''
  ) );
#9569 = PCURVE('',#9570,#9575);
#9570 = CYLINDRICAL_SURFACE('',#9571,6.634615384615);
#9571 = AXIS2_PLACEMENT_3D('',#9572,#9573,#9574);
#9572 = CARTESIAN_POINT('',(-36.56093440487,11.799438105846,-30.));
#9573 = DIRECTION('',(-0.,-0.,1.));
#9574 = DIRECTION('',(1.,0.,0.));
#9575 = DEFINITIONAL_REPRESENTATION('',(#9576),#9580);
#9576 = LINE('',#9577,#9578);
#9577 = CARTESIAN_POINT('',(1.600439691258,0.));
#9578 = VECTOR('',#9579,1.);
#9579 = DIRECTION('',(0.,1.));
#9580 = ( GEOMETRIC_REPRESENTATION_CONTEXT(2) 
PARAMETRIC_REPRESENTATION_CONTEXT() REPRESENTATION_CONTEXT('2D SPACE',''
  ) );
#9581 = ORIENTED_EDGE('',*,*,#9582,.T.);
#9582 = EDGE_CURVE('',#9555,#9380,#9583,.T.);
#9583 = SURFACE_CURVE('',#9584,(#9588,#9595),.PCURVE_S1.);
#9584 = LINE('',#9585,#9586);
#9585 = CARTESIAN_POINT('',(-85.27386339506,16.992531349952,4.));
#9586 = VECTOR('',#9587,1.);
#9587 = DIRECTION('',(0.999560667644,2.963902323935E-02,-0.));
#9588 = PCURVE('',#9395,#9589);
#9589 = DEFINITIONAL_REPRESENTATION('',(#9590),#9594);
#9590 = LINE('',#9591,#9592);
#9591 = CARTESIAN_POINT('',(0.,9.));
#9592 = VECTOR('',#9593,1.);
#9593 = DIRECTION('',(-1.,0.));
#9594 = ( GEOMETRIC_REPRESENTATION_CONTEXT(2) 
PARAMETRIC_REPRESENTATION_CONTEXT() REPRESENTATION_CONTEXT('2D SPACE',''
  ) );
#9595 = PCURVE('',#6441,#9596);
#9596 = DEFINITIONAL_REPRESENTATION('',(#9597),#9601);
#9597 = LINE('',#9598,#9599);
#9598 = CARTESIAN_POINT('',(3.14159265359,169.4655155924));
#9599 = VECTOR('',#9600,1.);
#9600 = DIRECTION('',(0.,-1.));
#9601 = ( GEOMETRIC_REPRESENTATION_CONTEXT(2) 
PARAMETRIC_REPRESENTATION_CONTEXT() REPRESENTATION_CONTEXT('2D SPACE',''
  ) );
#9602 = ORIENTED_EDGE('',*,*,#9379,.F.);
#9603 = ORIENTED_EDGE('',*,*,#9604,.T.);
#9604 = EDGE_CURVE('',#9356,#9553,#9605,.T.);
#9605 = SURFACE_CURVE('',#9606,(#9610,#9617),.PCURVE_S1.);
#9606 = LINE('',#9607,#9608);
#9607 = CARTESIAN_POINT('',(-36.75757792444,18.431138689255,-4.));
#9608 = VECTOR('',#9609,1.);
#9609 = DIRECTION('',(-0.999560667644,-2.963902323935E-02,0.));
#9610 = PCURVE('',#9395,#9611);
#9611 = DEFINITIONAL_REPRESENTATION('',(#9612),#9616);
#9612 = LINE('',#9613,#9614);
#9613 = CARTESIAN_POINT('',(-48.53760961299,1.));
#9614 = VECTOR('',#9615,1.);
#9615 = DIRECTION('',(1.,0.));
#9616 = ( GEOMETRIC_REPRESENTATION_CONTEXT(2) 
PARAMETRIC_REPRESENTATION_CONTEXT() REPRESENTATION_CONTEXT('2D SPACE',''
  ) );
#9617 = PCURVE('',#8061,#9618);
#9618 = DEFINITIONAL_REPRESENTATION('',(#9619),#9623);
#9619 = LINE('',#9620,#9621);
#9620 = CARTESIAN_POINT('',(6.28318530718,48.537609612996));
#9621 = VECTOR('',#9622,1.);
#9622 = DIRECTION('',(0.,-1.));
#9623 = ( GEOMETRIC_REPRESENTATION_CONTEXT(2) 
PARAMETRIC_REPRESENTATION_CONTEXT() REPRESENTATION_CONTEXT('2D SPACE',''
  ) );
#9624 = ADVANCED_FACE('',(#9625),#4280,.F.);
#9625 = FACE_BOUND('',#9626,.F.);
#9626 = EDGE_LOOP('',(#9627,#9628,#9629,#9651));
#9627 = ORIENTED_EDGE('',*,*,#6834,.F.);
#9628 = ORIENTED_EDGE('',*,*,#4257,.F.);
#9629 = ORIENTED_EDGE('',*,*,#9630,.T.);
#9630 = EDGE_CURVE('',#4258,#4317,#9631,.T.);
#9631 = SURFACE_CURVE('',#9632,(#9637,#9644),.PCURVE_S1.);
#9632 = CIRCLE('',#9633,0.5);
#9633 = AXIS2_PLACEMENT_3D('',#9634,#9635,#9636);
#9634 = CARTESIAN_POINT('',(-84.77,0.,-5.));
#9635 = DIRECTION('',(0.,0.,1.));
#9636 = DIRECTION('',(1.,0.,-0.));
#9637 = PCURVE('',#4280,#9638);
#9638 = DEFINITIONAL_REPRESENTATION('',(#9639),#9643);
#9639 = LINE('',#9640,#9641);
#9640 = CARTESIAN_POINT('',(0.,0.));
#9641 = VECTOR('',#9642,1.);
#9642 = DIRECTION('',(1.,0.));
#9643 = ( GEOMETRIC_REPRESENTATION_CONTEXT(2) 
PARAMETRIC_REPRESENTATION_CONTEXT() REPRESENTATION_CONTEXT('2D SPACE',''
  ) );
#9644 = PCURVE('',#4354,#9645);
#9645 = DEFINITIONAL_REPRESENTATION('',(#9646),#9650);
#9646 = CIRCLE('',#9647,0.5);
#9647 = AXIS2_PLACEMENT_2D('',#9648,#9649);
#9648 = CARTESIAN_POINT('',(-13.5,0.));
#9649 = DIRECTION('',(1.,0.));
#9650 = ( GEOMETRIC_REPRESENTATION_CONTEXT(2) 
PARAMETRIC_REPRESENTATION_CONTEXT() REPRESENTATION_CONTEXT('2D SPACE',''
  ) );
#9651 = ORIENTED_EDGE('',*,*,#4316,.T.);
#9652 = ADVANCED_FACE('',(#9653),#4354,.T.);
#9653 = FACE_BOUND('',#9654,.T.);
#9654 = EDGE_LOOP('',(#9655,#9656));
#9655 = ORIENTED_EDGE('',*,*,#9630,.T.);
#9656 = ORIENTED_EDGE('',*,*,#4339,.T.);
#9657 = ADVANCED_FACE('',(#9658,#9683,#9708,#9733,#9758),#2601,.T.);
#9658 = FACE_BOUND('',#9659,.T.);
#9659 = EDGE_LOOP('',(#9660,#9661));
#9660 = ORIENTED_EDGE('',*,*,#2584,.T.);
#9661 = ORIENTED_EDGE('',*,*,#9662,.T.);
#9662 = EDGE_CURVE('',#2556,#2585,#9663,.T.);
#9663 = SURFACE_CURVE('',#9664,(#9669,#9676),.PCURVE_S1.);
#9664 = CIRCLE('',#9665,9.525);
#9665 = AXIS2_PLACEMENT_3D('',#9666,#9667,#9668);
#9666 = CARTESIAN_POINT('',(-84.77,0.,-30.));
#9667 = DIRECTION('',(0.,0.,-1.));
#9668 = DIRECTION('',(-1.,0.,0.));
#9669 = PCURVE('',#2601,#9670);
#9670 = DEFINITIONAL_REPRESENTATION('',(#9671),#9675);
#9671 = CIRCLE('',#9672,9.525);
#9672 = AXIS2_PLACEMENT_2D('',#9673,#9674);
#9673 = CARTESIAN_POINT('',(0.,0.));
#9674 = DIRECTION('',(1.,0.));
#9675 = ( GEOMETRIC_REPRESENTATION_CONTEXT(2) 
PARAMETRIC_REPRESENTATION_CONTEXT() REPRESENTATION_CONTEXT('2D SPACE',''
  ) );
#9676 = PCURVE('',#2572,#9677);
#9677 = DEFINITIONAL_REPRESENTATION('',(#9678),#9682);
#9678 = LINE('',#9679,#9680);
#9679 = CARTESIAN_POINT('',(0.,1.570796326795));
#9680 = VECTOR('',#9681,1.);
#9681 = DIRECTION('',(1.,0.));
#9682 = ( GEOMETRIC_REPRESENTATION_CONTEXT(2) 
PARAMETRIC_REPRESENTATION_CONTEXT() REPRESENTATION_CONTEXT('2D SPACE',''
  ) );
#9683 = FACE_BOUND('',#9684,.T.);
#9684 = EDGE_LOOP('',(#9685,#9707));
#9685 = ORIENTED_EDGE('',*,*,#9686,.F.);
#9686 = EDGE_CURVE('',#3619,#3652,#9687,.T.);
#9687 = SURFACE_CURVE('',#9688,(#9693,#9700),.PCURVE_S1.);
#9688 = CIRCLE('',#9689,1.4);
#9689 = AXIS2_PLACEMENT_3D('',#9690,#9691,#9692);
#9690 = CARTESIAN_POINT('',(-84.77,7.,-30.));
#9691 = DIRECTION('',(0.,0.,-1.));
#9692 = DIRECTION('',(-1.,0.,0.));
#9693 = PCURVE('',#2601,#9694);
#9694 = DEFINITIONAL_REPRESENTATION('',(#9695),#9699);
#9695 = CIRCLE('',#9696,1.4);
#9696 = AXIS2_PLACEMENT_2D('',#9697,#9698);
#9697 = CARTESIAN_POINT('',(0.,7.));
#9698 = DIRECTION('',(1.,0.));
#9699 = ( GEOMETRIC_REPRESENTATION_CONTEXT(2) 
PARAMETRIC_REPRESENTATION_CONTEXT() REPRESENTATION_CONTEXT('2D SPACE',''
  ) );
#9700 = PCURVE('',#3639,#9701);
#9701 = DEFINITIONAL_REPRESENTATION('',(#9702),#9706);
#9702 = LINE('',#9703,#9704);
#9703 = CARTESIAN_POINT('',(0.,35.));
#9704 = VECTOR('',#9705,1.);
#9705 = DIRECTION('',(1.,0.));
#9706 = ( GEOMETRIC_REPRESENTATION_CONTEXT(2) 
PARAMETRIC_REPRESENTATION_CONTEXT() REPRESENTATION_CONTEXT('2D SPACE',''
  ) );
#9707 = ORIENTED_EDGE('',*,*,#3651,.F.);
#9708 = FACE_BOUND('',#9709,.T.);
#9709 = EDGE_LOOP('',(#9710,#9732));
#9710 = ORIENTED_EDGE('',*,*,#9711,.F.);
#9711 = EDGE_CURVE('',#3730,#3763,#9712,.T.);
#9712 = SURFACE_CURVE('',#9713,(#9718,#9725),.PCURVE_S1.);
#9713 = CIRCLE('',#9714,1.4);
#9714 = AXIS2_PLACEMENT_3D('',#9715,#9716,#9717);
#9715 = CARTESIAN_POINT('',(-91.77,-8.572527594031E-16,-30.));
#9716 = DIRECTION('',(0.,0.,-1.));
#9717 = DIRECTION('',(-1.,0.,0.));
#9718 = PCURVE('',#2601,#9719);
#9719 = DEFINITIONAL_REPRESENTATION('',(#9720),#9724);
#9720 = CIRCLE('',#9721,1.4);
#9721 = AXIS2_PLACEMENT_2D('',#9722,#9723);
#9722 = CARTESIAN_POINT('',(7.,-8.572527594031E-16));
#9723 = DIRECTION('',(1.,0.));
#9724 = ( GEOMETRIC_REPRESENTATION_CONTEXT(2) 
PARAMETRIC_REPRESENTATION_CONTEXT() REPRESENTATION_CONTEXT('2D SPACE',''
  ) );
#9725 = PCURVE('',#3750,#9726);
#9726 = DEFINITIONAL_REPRESENTATION('',(#9727),#9731);
#9727 = LINE('',#9728,#9729);
#9728 = CARTESIAN_POINT('',(0.,35.));
#9729 = VECTOR('',#9730,1.);
#9730 = DIRECTION('',(1.,0.));
#9731 = ( GEOMETRIC_REPRESENTATION_CONTEXT(2) 
PARAMETRIC_REPRESENTATION_CONTEXT() REPRESENTATION_CONTEXT('2D SPACE',''
  ) );
#9732 = ORIENTED_EDGE('',*,*,#3762,.F.);
#9733 = FACE_BOUND('',#9734,.T.);
#9734 = EDGE_LOOP('',(#9735,#9757));
#9735 = ORIENTED_EDGE('',*,*,#9736,.F.);
#9736 = EDGE_CURVE('',#3841,#3874,#9737,.T.);
#9737 = SURFACE_CURVE('',#9738,(#9743,#9750),.PCURVE_S1.);
#9738 = CIRCLE('',#9739,1.4);
#9739 = AXIS2_PLACEMENT_3D('',#9740,#9741,#9742);
#9740 = CARTESIAN_POINT('',(-84.77,-7.,-30.));
#9741 = DIRECTION('',(0.,0.,-1.));
#9742 = DIRECTION('',(-1.,0.,0.));
#9743 = PCURVE('',#2601,#9744);
#9744 = DEFINITIONAL_REPRESENTATION('',(#9745),#9749);
#9745 = CIRCLE('',#9746,1.4);
#9746 = AXIS2_PLACEMENT_2D('',#9747,#9748);
#9747 = CARTESIAN_POINT('',(-1.42108547152E-14,-7.));
#9748 = DIRECTION('',(1.,0.));
#9749 = ( GEOMETRIC_REPRESENTATION_CONTEXT(2) 
PARAMETRIC_REPRESENTATION_CONTEXT() REPRESENTATION_CONTEXT('2D SPACE',''
  ) );
#9750 = PCURVE('',#3861,#9751);
#9751 = DEFINITIONAL_REPRESENTATION('',(#9752),#9756);
#9752 = LINE('',#9753,#9754);
#9753 = CARTESIAN_POINT('',(0.,35.));
#9754 = VECTOR('',#9755,1.);
#9755 = DIRECTION('',(1.,0.));
#9756 = ( GEOMETRIC_REPRESENTATION_CONTEXT(2) 
PARAMETRIC_REPRESENTATION_CONTEXT() REPRESENTATION_CONTEXT('2D SPACE',''
  ) );
#9757 = ORIENTED_EDGE('',*,*,#3873,.F.);
#9758 = FACE_BOUND('',#9759,.T.);
#9759 = EDGE_LOOP('',(#9760,#9782));
#9760 = ORIENTED_EDGE('',*,*,#9761,.F.);
#9761 = EDGE_CURVE('',#3952,#3985,#9762,.T.);
#9762 = SURFACE_CURVE('',#9763,(#9768,#9775),.PCURVE_S1.);
#9763 = CIRCLE('',#9764,1.4);
#9764 = AXIS2_PLACEMENT_3D('',#9765,#9766,#9767);
#9765 = CARTESIAN_POINT('',(-77.77,0.,-30.));
#9766 = DIRECTION('',(0.,0.,-1.));
#9767 = DIRECTION('',(-1.,0.,0.));
#9768 = PCURVE('',#2601,#9769);
#9769 = DEFINITIONAL_REPRESENTATION('',(#9770),#9774);
#9770 = CIRCLE('',#9771,1.4);
#9771 = AXIS2_PLACEMENT_2D('',#9772,#9773);
#9772 = CARTESIAN_POINT('',(-7.,0.));
#9773 = DIRECTION('',(1.,0.));
#9774 = ( GEOMETRIC_REPRESENTATION_CONTEXT(2) 
PARAMETRIC_REPRESENTATION_CONTEXT() REPRESENTATION_CONTEXT('2D SPACE',''
  ) );
#9775 = PCURVE('',#3972,#9776);
#9776 = DEFINITIONAL_REPRESENTATION('',(#9777),#9781);
#9777 = LINE('',#9778,#9779);
#9778 = CARTESIAN_POINT('',(0.,35.));
#9779 = VECTOR('',#9780,1.);
#9780 = DIRECTION('',(1.,0.));
#9781 = ( GEOMETRIC_REPRESENTATION_CONTEXT(2) 
PARAMETRIC_REPRESENTATION_CONTEXT() REPRESENTATION_CONTEXT('2D SPACE',''
  ) );
#9782 = ORIENTED_EDGE('',*,*,#3984,.F.);
#9783 = ADVANCED_FACE('',(#9784),#4193,.T.);
#9784 = FACE_BOUND('',#9785,.T.);
#9785 = EDGE_LOOP('',(#9786,#9787,#9809,#9810));
#9786 = ORIENTED_EDGE('',*,*,#4177,.F.);
#9787 = ORIENTED_EDGE('',*,*,#9788,.T.);
#9788 = EDGE_CURVE('',#2522,#2520,#9789,.T.);
#9789 = SURFACE_CURVE('',#9790,(#9795,#9802),.PCURVE_S1.);
#9790 = CIRCLE('',#9791,10.025);
#9791 = AXIS2_PLACEMENT_3D('',#9792,#9793,#9794);
#9792 = CARTESIAN_POINT('',(-84.77,0.,-29.5));
#9793 = DIRECTION('',(0.,-0.,1.));
#9794 = DIRECTION('',(-1.,0.,0.));
#9795 = PCURVE('',#4193,#9796);
#9796 = DEFINITIONAL_REPRESENTATION('',(#9797),#9801);
#9797 = LINE('',#9798,#9799);
#9798 = CARTESIAN_POINT('',(3.14159265359,-24.5));
#9799 = VECTOR('',#9800,1.);
#9800 = DIRECTION('',(1.,0.));
#9801 = ( GEOMETRIC_REPRESENTATION_CONTEXT(2) 
PARAMETRIC_REPRESENTATION_CONTEXT() REPRESENTATION_CONTEXT('2D SPACE',''
  ) );
#9802 = PCURVE('',#2572,#9803);
#9803 = DEFINITIONAL_REPRESENTATION('',(#9804),#9808);
#9804 = LINE('',#9805,#9806);
#9805 = CARTESIAN_POINT('',(6.28318530718,0.));
#9806 = VECTOR('',#9807,1.);
#9807 = DIRECTION('',(-1.,0.));
#9808 = ( GEOMETRIC_REPRESENTATION_CONTEXT(2) 
PARAMETRIC_REPRESENTATION_CONTEXT() REPRESENTATION_CONTEXT('2D SPACE',''
  ) );
#9809 = ORIENTED_EDGE('',*,*,#4233,.T.);
#9810 = ORIENTED_EDGE('',*,*,#9811,.F.);
#9811 = EDGE_CURVE('',#4178,#4206,#9812,.T.);
#9812 = SURFACE_CURVE('',#9813,(#9818,#9825),.PCURVE_S1.);
#9813 = CIRCLE('',#9814,10.025);
#9814 = AXIS2_PLACEMENT_3D('',#9815,#9816,#9817);
#9815 = CARTESIAN_POINT('',(-84.77,0.,-7.));
#9816 = DIRECTION('',(0.,-0.,1.));
#9817 = DIRECTION('',(1.,0.,0.));
#9818 = PCURVE('',#4193,#9819);
#9819 = DEFINITIONAL_REPRESENTATION('',(#9820),#9824);
#9820 = LINE('',#9821,#9822);
#9821 = CARTESIAN_POINT('',(0.,-2.));
#9822 = VECTOR('',#9823,1.);
#9823 = DIRECTION('',(1.,0.));
#9824 = ( GEOMETRIC_REPRESENTATION_CONTEXT(2) 
PARAMETRIC_REPRESENTATION_CONTEXT() REPRESENTATION_CONTEXT('2D SPACE',''
  ) );
#9825 = PCURVE('',#4084,#9826);
#9826 = DEFINITIONAL_REPRESENTATION('',(#9827),#9835);
#9827 = ( BOUNDED_CURVE() B_SPLINE_CURVE(2,(#9828,#9829,#9830,#9831,
#9832,#9833,#9834),.UNSPECIFIED.,.T.,.F.) B_SPLINE_CURVE_WITH_KNOTS((1,2
    ,2,2,2,1),(-2.094395102393,0.,2.094395102393,4.188790204786,
6.28318530718,8.377580409573),.UNSPECIFIED.) CURVE() 
GEOMETRIC_REPRESENTATION_ITEM() RATIONAL_B_SPLINE_CURVE((1.,0.5,1.,0.5,
1.,0.5,1.)) REPRESENTATION_ITEM('') );
#9828 = CARTESIAN_POINT('',(0.,0.));
#9829 = CARTESIAN_POINT('',(0.,17.363809345878));
#9830 = CARTESIAN_POINT('',(15.0375,8.681904672939));
#9831 = CARTESIAN_POINT('',(30.075,2.45541683229E-15));
#9832 = CARTESIAN_POINT('',(15.0375,-8.681904672939));
#9833 = CARTESIAN_POINT('',(1.59872115546E-14,-17.36380934587));
#9834 = CARTESIAN_POINT('',(0.,0.));
#9835 = ( GEOMETRIC_REPRESENTATION_CONTEXT(2) 
PARAMETRIC_REPRESENTATION_CONTEXT() REPRESENTATION_CONTEXT('2D SPACE',''
  ) );
#9836 = ADVANCED_FACE('',(#9837,#9841),#4084,.T.);
#9837 = FACE_BOUND('',#9838,.T.);
#9838 = EDGE_LOOP('',(#9839,#9840));
#9839 = ORIENTED_EDGE('',*,*,#4205,.T.);
#9840 = ORIENTED_EDGE('',*,*,#9811,.T.);
#9841 = FACE_BOUND('',#9842,.T.);
#9842 = EDGE_LOOP('',(#9843,#9844));
#9843 = ORIENTED_EDGE('',*,*,#4060,.F.);
#9844 = ORIENTED_EDGE('',*,*,#9845,.F.);
#9845 = EDGE_CURVE('',#4063,#4061,#9846,.T.);
#9846 = SURFACE_CURVE('',#9847,(#9852,#9863),.PCURVE_S1.);
#9847 = CIRCLE('',#9848,11.5);
#9848 = AXIS2_PLACEMENT_3D('',#9849,#9850,#9851);
#9849 = CARTESIAN_POINT('',(-84.77,0.,-7.));
#9850 = DIRECTION('',(0.,-0.,1.));
#9851 = DIRECTION('',(1.,0.,0.));
#9852 = PCURVE('',#4084,#9853);
#9853 = DEFINITIONAL_REPRESENTATION('',(#9854),#9862);
#9854 = ( BOUNDED_CURVE() B_SPLINE_CURVE(2,(#9855,#9856,#9857,#9858,
#9859,#9860,#9861),.UNSPECIFIED.,.T.,.F.) B_SPLINE_CURVE_WITH_KNOTS((1,2
    ,2,2,2,1),(-2.094395102393,0.,2.094395102393,4.188790204786,
6.28318530718,8.377580409573),.UNSPECIFIED.) CURVE() 
GEOMETRIC_REPRESENTATION_ITEM() RATIONAL_B_SPLINE_CURVE((1.,0.5,1.,0.5,
1.,0.5,1.)) REPRESENTATION_ITEM('') );
#9855 = CARTESIAN_POINT('',(-1.475,0.));
#9856 = CARTESIAN_POINT('',(-1.475,19.918584287042));
#9857 = CARTESIAN_POINT('',(15.775,9.959292143521));
#9858 = CARTESIAN_POINT('',(33.025,2.816687638039E-15));
#9859 = CARTESIAN_POINT('',(15.775,-9.959292143521));
#9860 = CARTESIAN_POINT('',(-1.475,-19.91858428704));
#9861 = CARTESIAN_POINT('',(-1.475,0.));
#9862 = ( GEOMETRIC_REPRESENTATION_CONTEXT(2) 
PARAMETRIC_REPRESENTATION_CONTEXT() REPRESENTATION_CONTEXT('2D SPACE',''
  ) );
#9863 = PCURVE('',#4116,#9864);
#9864 = DEFINITIONAL_REPRESENTATION('',(#9865),#9869);
#9865 = LINE('',#9866,#9867);
#9866 = CARTESIAN_POINT('',(0.,-2.));
#9867 = VECTOR('',#9868,1.);
#9868 = DIRECTION('',(1.,0.));
#9869 = ( GEOMETRIC_REPRESENTATION_CONTEXT(2) 
PARAMETRIC_REPRESENTATION_CONTEXT() REPRESENTATION_CONTEXT('2D SPACE',''
  ) );
#9870 = ADVANCED_FACE('',(#9871),#4116,.T.);
#9871 = FACE_BOUND('',#9872,.T.);
#9872 = EDGE_LOOP('',(#9873,#9874,#9875,#9876));
#9873 = ORIENTED_EDGE('',*,*,#4100,.F.);
#9874 = ORIENTED_EDGE('',*,*,#9845,.T.);
#9875 = ORIENTED_EDGE('',*,*,#4152,.T.);
#9876 = ORIENTED_EDGE('',*,*,#7961,.F.);
#9877 = ADVANCED_FACE('',(#9878),#3972,.F.);
#9878 = FACE_BOUND('',#9879,.F.);
#9879 = EDGE_LOOP('',(#9880,#9881,#9882,#9883));
#9880 = ORIENTED_EDGE('',*,*,#9761,.F.);
#9881 = ORIENTED_EDGE('',*,*,#3949,.F.);
#9882 = ORIENTED_EDGE('',*,*,#6805,.T.);
#9883 = ORIENTED_EDGE('',*,*,#4008,.T.);
#9884 = ADVANCED_FACE('',(#9885),#3861,.F.);
#9885 = FACE_BOUND('',#9886,.F.);
#9886 = EDGE_LOOP('',(#9887,#9888,#9889,#9890));
#9887 = ORIENTED_EDGE('',*,*,#9736,.F.);
#9888 = ORIENTED_EDGE('',*,*,#3838,.F.);
#9889 = ORIENTED_EDGE('',*,*,#6776,.T.);
#9890 = ORIENTED_EDGE('',*,*,#3897,.T.);
#9891 = ADVANCED_FACE('',(#9892),#3750,.F.);
#9892 = FACE_BOUND('',#9893,.F.);
#9893 = EDGE_LOOP('',(#9894,#9895,#9896,#9897));
#9894 = ORIENTED_EDGE('',*,*,#9711,.F.);
#9895 = ORIENTED_EDGE('',*,*,#3727,.F.);
#9896 = ORIENTED_EDGE('',*,*,#6747,.T.);
#9897 = ORIENTED_EDGE('',*,*,#3786,.T.);
#9898 = ADVANCED_FACE('',(#9899),#3639,.F.);
#9899 = FACE_BOUND('',#9900,.F.);
#9900 = EDGE_LOOP('',(#9901,#9902,#9903,#9904));
#9901 = ORIENTED_EDGE('',*,*,#9686,.F.);
#9902 = ORIENTED_EDGE('',*,*,#3616,.F.);
#9903 = ORIENTED_EDGE('',*,*,#6718,.T.);
#9904 = ORIENTED_EDGE('',*,*,#3675,.T.);
#9905 = ADVANCED_FACE('',(#9906),#392,.F.);
#9906 = FACE_BOUND('',#9907,.F.);
#9907 = EDGE_LOOP('',(#9908,#9909,#9910,#9911));
#9908 = ORIENTED_EDGE('',*,*,#368,.F.);
#9909 = ORIENTED_EDGE('',*,*,#3514,.F.);
#9910 = ORIENTED_EDGE('',*,*,#6689,.T.);
#9911 = ORIENTED_EDGE('',*,*,#3564,.T.);
#9912 = ADVANCED_FACE('',(#9913),#3422,.F.);
#9913 = FACE_BOUND('',#9914,.F.);
#9914 = EDGE_LOOP('',(#9915,#9916,#9917,#9918));
#9915 = ORIENTED_EDGE('',*,*,#7985,.F.);
#9916 = ORIENTED_EDGE('',*,*,#3399,.F.);
#9917 = ORIENTED_EDGE('',*,*,#6660,.T.);
#9918 = ORIENTED_EDGE('',*,*,#3462,.T.);
#9919 = ADVANCED_FACE('',(#9920),#3307,.F.);
#9920 = FACE_BOUND('',#9921,.F.);
#9921 = EDGE_LOOP('',(#9922,#9923,#9924,#9925));
#9922 = ORIENTED_EDGE('',*,*,#8014,.F.);
#9923 = ORIENTED_EDGE('',*,*,#3284,.F.);
#9924 = ORIENTED_EDGE('',*,*,#6631,.T.);
#9925 = ORIENTED_EDGE('',*,*,#3347,.T.);
#9926 = ADVANCED_FACE('',(#9927),#278,.F.);
#9927 = FACE_BOUND('',#9928,.F.);
#9928 = EDGE_LOOP('',(#9929,#9930,#9931,#9932));
#9929 = ORIENTED_EDGE('',*,*,#254,.F.);
#9930 = ORIENTED_EDGE('',*,*,#3182,.F.);
#9931 = ORIENTED_EDGE('',*,*,#6602,.T.);
#9932 = ORIENTED_EDGE('',*,*,#3232,.T.);
#9933 = ADVANCED_FACE('',(#9934),#164,.F.);
#9934 = FACE_BOUND('',#9935,.F.);
#9935 = EDGE_LOOP('',(#9936,#9937,#9938,#9939));
#9936 = ORIENTED_EDGE('',*,*,#140,.F.);
#9937 = ORIENTED_EDGE('',*,*,#3080,.F.);
#9938 = ORIENTED_EDGE('',*,*,#6573,.T.);
#9939 = ORIENTED_EDGE('',*,*,#3130,.T.);
#9940 = ADVANCED_FACE('',(#9941),#45,.F.);
#9941 = FACE_BOUND('',#9942,.F.);
#9942 = EDGE_LOOP('',(#9943,#9944,#9945,#9946));
#9943 = ORIENTED_EDGE('',*,*,#21,.F.);
#9944 = ORIENTED_EDGE('',*,*,#2978,.F.);
#9945 = ORIENTED_EDGE('',*,*,#6544,.T.);
#9946 = ORIENTED_EDGE('',*,*,#3028,.T.);
#9947 = ADVANCED_FACE('',(#9948,#9973),#2963,.F.);
#9948 = FACE_BOUND('',#9949,.T.);
#9949 = EDGE_LOOP('',(#9950,#9972));
#9950 = ORIENTED_EDGE('',*,*,#9951,.T.);
#9951 = EDGE_CURVE('',#2876,#2926,#9952,.T.);
#9952 = SURFACE_CURVE('',#9953,(#9958,#9965),.PCURVE_S1.);
#9953 = CIRCLE('',#9954,12.5);
#9954 = AXIS2_PLACEMENT_3D('',#9955,#9956,#9957);
#9955 = CARTESIAN_POINT('',(84.77,0.,3.5));
#9956 = DIRECTION('',(0.,0.,1.));
#9957 = DIRECTION('',(1.,0.,-0.));
#9958 = PCURVE('',#2963,#9959);
#9959 = DEFINITIONAL_REPRESENTATION('',(#9960),#9964);
#9960 = CIRCLE('',#9961,12.5);
#9961 = AXIS2_PLACEMENT_2D('',#9962,#9963);
#9962 = CARTESIAN_POINT('',(0.,0.));
#9963 = DIRECTION('',(1.,0.));
#9964 = ( GEOMETRIC_REPRESENTATION_CONTEXT(2) 
PARAMETRIC_REPRESENTATION_CONTEXT() REPRESENTATION_CONTEXT('2D SPACE',''
  ) );
#9965 = PCURVE('',#2368,#9966);
#9966 = DEFINITIONAL_REPRESENTATION('',(#9967),#9971);
#9967 = LINE('',#9968,#9969);
#9968 = CARTESIAN_POINT('',(0.,0.));
#9969 = VECTOR('',#9970,1.);
#9970 = DIRECTION('',(1.,0.));
#9971 = ( GEOMETRIC_REPRESENTATION_CONTEXT(2) 
PARAMETRIC_REPRESENTATION_CONTEXT() REPRESENTATION_CONTEXT('2D SPACE',''
  ) );
#9972 = ORIENTED_EDGE('',*,*,#2948,.T.);
#9973 = FACE_BOUND('',#9974,.T.);
#9974 = EDGE_LOOP('',(#9975,#9976));
#9975 = ORIENTED_EDGE('',*,*,#4454,.T.);
#9976 = ORIENTED_EDGE('',*,*,#9322,.T.);
#9977 = ADVANCED_FACE('',(#9978),#2368,.F.);
#9978 = FACE_BOUND('',#9979,.F.);
#9979 = EDGE_LOOP('',(#9980,#9981,#9982,#9983));
#9980 = ORIENTED_EDGE('',*,*,#2351,.F.);
#9981 = ORIENTED_EDGE('',*,*,#2875,.F.);
#9982 = ORIENTED_EDGE('',*,*,#9951,.T.);
#9983 = ORIENTED_EDGE('',*,*,#2925,.T.);
#9984 = ADVANCED_FACE('',(#9985),#9570,.T.);
#9985 = FACE_BOUND('',#9986,.T.);
#9986 = EDGE_LOOP('',(#9987,#10017,#10039,#10040));
#9987 = ORIENTED_EDGE('',*,*,#9988,.T.);
#9988 = EDGE_CURVE('',#9989,#9991,#9993,.T.);
#9989 = VERTEX_POINT('',#9990);
#9990 = CARTESIAN_POINT('',(-42.21669011041,15.26794624352,-4.));
#9991 = VERTEX_POINT('',#9992);
#9992 = CARTESIAN_POINT('',(-42.21669011041,15.26794624352,4.));
#9993 = SURFACE_CURVE('',#9994,(#9998,#10005),.PCURVE_S1.);
#9994 = LINE('',#9995,#9996);
#9995 = CARTESIAN_POINT('',(-42.21669011041,15.26794624352,-30.));
#9996 = VECTOR('',#9997,1.);
#9997 = DIRECTION('',(-0.,-0.,1.));
#9998 = PCURVE('',#9570,#9999);
#9999 = DEFINITIONAL_REPRESENTATION('',(#10000),#10004);
#10000 = LINE('',#10001,#10002);
#10001 = CARTESIAN_POINT('',(2.591472531314,0.));
#10002 = VECTOR('',#10003,1.);
#10003 = DIRECTION('',(0.,1.));
#10004 = ( GEOMETRIC_REPRESENTATION_CONTEXT(2) 
PARAMETRIC_REPRESENTATION_CONTEXT() REPRESENTATION_CONTEXT('2D SPACE',''
  ) );
#10005 = PCURVE('',#10006,#10011);
#10006 = CYLINDRICAL_SURFACE('',#10007,11.5);
#10007 = AXIS2_PLACEMENT_3D('',#10008,#10009,#10010);
#10008 = CARTESIAN_POINT('',(-52.02,21.280027015488,-30.));
#10009 = DIRECTION('',(-0.,-0.,1.));
#10010 = DIRECTION('',(1.,0.,0.));
#10011 = DEFINITIONAL_REPRESENTATION('',(#10012),#10016);
#10012 = LINE('',#10013,#10014);
#10013 = CARTESIAN_POINT('',(5.733065184904,0.));
#10014 = VECTOR('',#10015,1.);
#10015 = DIRECTION('',(0.,1.));
#10016 = ( GEOMETRIC_REPRESENTATION_CONTEXT(2) 
PARAMETRIC_REPRESENTATION_CONTEXT() REPRESENTATION_CONTEXT('2D SPACE',''
  ) );
#10017 = ORIENTED_EDGE('',*,*,#10018,.T.);
#10018 = EDGE_CURVE('',#9991,#9555,#10019,.T.);
#10019 = SURFACE_CURVE('',#10020,(#10025,#10032),.PCURVE_S1.);
#10020 = CIRCLE('',#10021,6.634615384615);
#10021 = AXIS2_PLACEMENT_3D('',#10022,#10023,#10024);
#10022 = CARTESIAN_POINT('',(-36.56093440487,11.799438105846,4.));
#10023 = DIRECTION('',(0.,-0.,-1.));
#10024 = DIRECTION('',(1.,-7.843967021808E-16,0.));
#10025 = PCURVE('',#9570,#10026);
#10026 = DEFINITIONAL_REPRESENTATION('',(#10027),#10031);
#10027 = LINE('',#10028,#10029);
#10028 = CARTESIAN_POINT('',(6.28318530718,34.));
#10029 = VECTOR('',#10030,1.);
#10030 = DIRECTION('',(-1.,0.));
#10031 = ( GEOMETRIC_REPRESENTATION_CONTEXT(2) 
PARAMETRIC_REPRESENTATION_CONTEXT() REPRESENTATION_CONTEXT('2D SPACE',''
  ) );
#10032 = PCURVE('',#6470,#10033);
#10033 = DEFINITIONAL_REPRESENTATION('',(#10034),#10038);
#10034 = LINE('',#10035,#10036);
#10035 = CARTESIAN_POINT('',(6.28318530718,0.));
#10036 = VECTOR('',#10037,1.);
#10037 = DIRECTION('',(-1.,0.));
#10038 = ( GEOMETRIC_REPRESENTATION_CONTEXT(2) 
PARAMETRIC_REPRESENTATION_CONTEXT() REPRESENTATION_CONTEXT('2D SPACE',''
  ) );
#10039 = ORIENTED_EDGE('',*,*,#9552,.F.);
#10040 = ORIENTED_EDGE('',*,*,#10041,.T.);
#10041 = EDGE_CURVE('',#9553,#9989,#10042,.T.);
#10042 = SURFACE_CURVE('',#10043,(#10048,#10055),.PCURVE_S1.);
#10043 = CIRCLE('',#10044,6.634615384615);
#10044 = AXIS2_PLACEMENT_3D('',#10045,#10046,#10047);
#10045 = CARTESIAN_POINT('',(-36.56093440487,11.799438105846,-4.));
#10046 = DIRECTION('',(0.,0.,1.));
#10047 = DIRECTION('',(1.,0.,-0.));
#10048 = PCURVE('',#9570,#10049);
#10049 = DEFINITIONAL_REPRESENTATION('',(#10050),#10054);
#10050 = LINE('',#10051,#10052);
#10051 = CARTESIAN_POINT('',(0.,26.));
#10052 = VECTOR('',#10053,1.);
#10053 = DIRECTION('',(1.,0.));
#10054 = ( GEOMETRIC_REPRESENTATION_CONTEXT(2) 
PARAMETRIC_REPRESENTATION_CONTEXT() REPRESENTATION_CONTEXT('2D SPACE',''
  ) );
#10055 = PCURVE('',#8265,#10056);
#10056 = DEFINITIONAL_REPRESENTATION('',(#10057),#10061);
#10057 = LINE('',#10058,#10059);
#10058 = CARTESIAN_POINT('',(0.,6.28318530718));
#10059 = VECTOR('',#10060,1.);
#10060 = DIRECTION('',(1.,0.));
#10061 = ( GEOMETRIC_REPRESENTATION_CONTEXT(2) 
PARAMETRIC_REPRESENTATION_CONTEXT() REPRESENTATION_CONTEXT('2D SPACE',''
  ) );
#10062 = ADVANCED_FACE('',(#10063),#10006,.F.);
#10063 = FACE_BOUND('',#10064,.F.);
#10064 = EDGE_LOOP('',(#10065,#10089,#10090,#10114));
#10065 = ORIENTED_EDGE('',*,*,#10066,.F.);
#10066 = EDGE_CURVE('',#9989,#10067,#10069,.T.);
#10067 = VERTEX_POINT('',#10068);
#10068 = CARTESIAN_POINT('',(-61.44985819677,14.697643375139,-4.));
#10069 = SURFACE_CURVE('',#10070,(#10075,#10082),.PCURVE_S1.);
#10070 = CIRCLE('',#10071,11.5);
#10071 = AXIS2_PLACEMENT_3D('',#10072,#10073,#10074);
#10072 = CARTESIAN_POINT('',(-52.02,21.280027015488,-4.));
#10073 = DIRECTION('',(0.,0.,-1.));
#10074 = DIRECTION('',(1.,0.,0.));
#10075 = PCURVE('',#10006,#10076);
#10076 = DEFINITIONAL_REPRESENTATION('',(#10077),#10081);
#10077 = LINE('',#10078,#10079);
#10078 = CARTESIAN_POINT('',(6.28318530718,26.));
#10079 = VECTOR('',#10080,1.);
#10080 = DIRECTION('',(-1.,0.));
#10081 = ( GEOMETRIC_REPRESENTATION_CONTEXT(2) 
PARAMETRIC_REPRESENTATION_CONTEXT() REPRESENTATION_CONTEXT('2D SPACE',''
  ) );
#10082 = PCURVE('',#8234,#10083);
#10083 = DEFINITIONAL_REPRESENTATION('',(#10084),#10088);
#10084 = LINE('',#10085,#10086);
#10085 = CARTESIAN_POINT('',(6.28318530718,3.14159265359));
#10086 = VECTOR('',#10087,1.);
#10087 = DIRECTION('',(-1.,2.24053730563E-16));
#10088 = ( GEOMETRIC_REPRESENTATION_CONTEXT(2) 
PARAMETRIC_REPRESENTATION_CONTEXT() REPRESENTATION_CONTEXT('2D SPACE',''
  ) );
#10089 = ORIENTED_EDGE('',*,*,#9988,.T.);
#10090 = ORIENTED_EDGE('',*,*,#10091,.F.);
#10091 = EDGE_CURVE('',#10092,#9991,#10094,.T.);
#10092 = VERTEX_POINT('',#10093);
#10093 = CARTESIAN_POINT('',(-61.44985819677,14.697643375139,4.));
#10094 = SURFACE_CURVE('',#10095,(#10100,#10107),.PCURVE_S1.);
#10095 = CIRCLE('',#10096,11.5);
#10096 = AXIS2_PLACEMENT_3D('',#10097,#10098,#10099);
#10097 = CARTESIAN_POINT('',(-52.02,21.280027015488,4.));
#10098 = DIRECTION('',(0.,0.,1.));
#10099 = DIRECTION('',(1.,0.,-0.));
#10100 = PCURVE('',#10006,#10101);
#10101 = DEFINITIONAL_REPRESENTATION('',(#10102),#10106);
#10102 = LINE('',#10103,#10104);
#10103 = CARTESIAN_POINT('',(0.,34.));
#10104 = VECTOR('',#10105,1.);
#10105 = DIRECTION('',(1.,0.));
#10106 = ( GEOMETRIC_REPRESENTATION_CONTEXT(2) 
PARAMETRIC_REPRESENTATION_CONTEXT() REPRESENTATION_CONTEXT('2D SPACE',''
  ) );
#10107 = PCURVE('',#6503,#10108);
#10108 = DEFINITIONAL_REPRESENTATION('',(#10109),#10113);
#10109 = LINE('',#10110,#10111);
#10110 = CARTESIAN_POINT('',(0.,3.14159265359));
#10111 = VECTOR('',#10112,1.);
#10112 = DIRECTION('',(1.,8.962149222519E-16));
#10113 = ( GEOMETRIC_REPRESENTATION_CONTEXT(2) 
PARAMETRIC_REPRESENTATION_CONTEXT() REPRESENTATION_CONTEXT('2D SPACE',''
  ) );
#10114 = ORIENTED_EDGE('',*,*,#10115,.F.);
#10115 = EDGE_CURVE('',#10067,#10092,#10116,.T.);
#10116 = SURFACE_CURVE('',#10117,(#10121,#10128),.PCURVE_S1.);
#10117 = LINE('',#10118,#10119);
#10118 = CARTESIAN_POINT('',(-61.44985819677,14.697643375139,-30.));
#10119 = VECTOR('',#10120,1.);
#10120 = DIRECTION('',(-0.,-0.,1.));
#10121 = PCURVE('',#10006,#10122);
#10122 = DEFINITIONAL_REPRESENTATION('',(#10123),#10127);
#10123 = LINE('',#10124,#10125);
#10124 = CARTESIAN_POINT('',(3.750999504791,0.));
#10125 = VECTOR('',#10126,1.);
#10126 = DIRECTION('',(0.,1.));
#10127 = ( GEOMETRIC_REPRESENTATION_CONTEXT(2) 
PARAMETRIC_REPRESENTATION_CONTEXT() REPRESENTATION_CONTEXT('2D SPACE',''
  ) );
#10128 = PCURVE('',#9286,#10129);
#10129 = DEFINITIONAL_REPRESENTATION('',(#10130),#10134);
#10130 = LINE('',#10131,#10132);
#10131 = CARTESIAN_POINT('',(0.609406851201,0.));
#10132 = VECTOR('',#10133,1.);
#10133 = DIRECTION('',(0.,1.));
#10134 = ( GEOMETRIC_REPRESENTATION_CONTEXT(2) 
PARAMETRIC_REPRESENTATION_CONTEXT() REPRESENTATION_CONTEXT('2D SPACE',''
  ) );
#10135 = ADVANCED_FACE('',(#10136),#9286,.T.);
#10136 = FACE_BOUND('',#10137,.T.);
#10137 = EDGE_LOOP('',(#10138,#10139,#10161,#10162));
#10138 = ORIENTED_EDGE('',*,*,#9270,.T.);
#10139 = ORIENTED_EDGE('',*,*,#10140,.T.);
#10140 = EDGE_CURVE('',#9248,#10092,#10141,.T.);
#10141 = SURFACE_CURVE('',#10142,(#10147,#10154),.PCURVE_S1.);
#10142 = CIRCLE('',#10143,6.634615384615);
#10143 = AXIS2_PLACEMENT_3D('',#10144,#10145,#10146);
#10144 = CARTESIAN_POINT('',(-66.8901610026,10.90011435186,4.));
#10145 = DIRECTION('',(0.,-0.,-1.));
#10146 = DIRECTION('',(1.,1.830258971755E-15,-0.));
#10147 = PCURVE('',#9286,#10148);
#10148 = DEFINITIONAL_REPRESENTATION('',(#10149),#10153);
#10149 = LINE('',#10150,#10151);
#10150 = CARTESIAN_POINT('',(6.28318530718,34.));
#10151 = VECTOR('',#10152,1.);
#10152 = DIRECTION('',(-1.,0.));
#10153 = ( GEOMETRIC_REPRESENTATION_CONTEXT(2) 
PARAMETRIC_REPRESENTATION_CONTEXT() REPRESENTATION_CONTEXT('2D SPACE',''
  ) );
#10154 = PCURVE('',#6530,#10155);
#10155 = DEFINITIONAL_REPRESENTATION('',(#10156),#10160);
#10156 = LINE('',#10157,#10158);
#10157 = CARTESIAN_POINT('',(6.28318530718,0.));
#10158 = VECTOR('',#10159,1.);
#10159 = DIRECTION('',(-1.,0.));
#10160 = ( GEOMETRIC_REPRESENTATION_CONTEXT(2) 
PARAMETRIC_REPRESENTATION_CONTEXT() REPRESENTATION_CONTEXT('2D SPACE',''
  ) );
#10161 = ORIENTED_EDGE('',*,*,#10115,.F.);
#10162 = ORIENTED_EDGE('',*,*,#10163,.T.);
#10163 = EDGE_CURVE('',#10067,#9271,#10164,.T.);
#10164 = SURFACE_CURVE('',#10165,(#10170,#10177),.PCURVE_S1.);
#10165 = CIRCLE('',#10166,6.634615384615);
#10166 = AXIS2_PLACEMENT_3D('',#10167,#10168,#10169);
#10167 = CARTESIAN_POINT('',(-66.8901610026,10.90011435186,-4.));
#10168 = DIRECTION('',(0.,0.,1.));
#10169 = DIRECTION('',(1.,0.,-0.));
#10170 = PCURVE('',#9286,#10171);
#10171 = DEFINITIONAL_REPRESENTATION('',(#10172),#10176);
#10172 = LINE('',#10173,#10174);
#10173 = CARTESIAN_POINT('',(0.,26.));
#10174 = VECTOR('',#10175,1.);
#10175 = DIRECTION('',(1.,0.));
#10176 = ( GEOMETRIC_REPRESENTATION_CONTEXT(2) 
PARAMETRIC_REPRESENTATION_CONTEXT() REPRESENTATION_CONTEXT('2D SPACE',''
  ) );
#10177 = PCURVE('',#8205,#10178);
#10178 = DEFINITIONAL_REPRESENTATION('',(#10179),#10183);
#10179 = LINE('',#10180,#10181);
#10180 = CARTESIAN_POINT('',(0.,6.28318530718));
#10181 = VECTOR('',#10182,1.);
#10182 = DIRECTION('',(1.,0.));
#10183 = ( GEOMETRIC_REPRESENTATION_CONTEXT(2) 
PARAMETRIC_REPRESENTATION_CONTEXT() REPRESENTATION_CONTEXT('2D SPACE',''
  ) );
#10184 = ADVANCED_FACE('',(#10185),#6470,.T.);
#10185 = FACE_BOUND('',#10186,.T.);
#10186 = EDGE_LOOP('',(#10187,#10209,#10210,#10232));
#10187 = ORIENTED_EDGE('',*,*,#10188,.F.);
#10188 = EDGE_CURVE('',#9555,#6426,#10189,.T.);
#10189 = SURFACE_CURVE('',#10190,(#10195,#10202),.PCURVE_S1.);
#10190 = CIRCLE('',#10191,1.);
#10191 = AXIS2_PLACEMENT_3D('',#10192,#10193,#10194);
#10192 = CARTESIAN_POINT('',(-36.7279389012,17.43157802161,4.));
#10193 = DIRECTION('',(0.999560667644,2.963902323935E-02,-0.));
#10194 = DIRECTION('',(-2.963902323935E-02,0.999560667644,0.));
#10195 = PCURVE('',#6470,#10196);
#10196 = DEFINITIONAL_REPRESENTATION('',(#10197),#10201);
#10197 = LINE('',#10198,#10199);
#10198 = CARTESIAN_POINT('',(1.600439691258,0.));
#10199 = VECTOR('',#10200,1.);
#10200 = DIRECTION('',(-1.413579858428E-16,1.));
#10201 = ( GEOMETRIC_REPRESENTATION_CONTEXT(2) 
PARAMETRIC_REPRESENTATION_CONTEXT() REPRESENTATION_CONTEXT('2D SPACE',''
  ) );
#10202 = PCURVE('',#6441,#10203);
#10203 = DEFINITIONAL_REPRESENTATION('',(#10204),#10208);
#10204 = LINE('',#10205,#10206);
#10205 = CARTESIAN_POINT('',(3.14159265359,120.92790597941));
#10206 = VECTOR('',#10207,1.);
#10207 = DIRECTION('',(-1.,0.));
#10208 = ( GEOMETRIC_REPRESENTATION_CONTEXT(2) 
PARAMETRIC_REPRESENTATION_CONTEXT() REPRESENTATION_CONTEXT('2D SPACE',''
  ) );
#10209 = ORIENTED_EDGE('',*,*,#10018,.F.);
#10210 = ORIENTED_EDGE('',*,*,#10211,.F.);
#10211 = EDGE_CURVE('',#6454,#9991,#10212,.T.);
#10212 = SURFACE_CURVE('',#10213,(#10218,#10225),.PCURVE_S1.);
#10213 = CIRCLE('',#10214,1.);
#10214 = AXIS2_PLACEMENT_3D('',#10215,#10216,#10217);
#10215 = CARTESIAN_POINT('',(-41.36422838088,14.745156611175,4.));
#10216 = DIRECTION('',(-0.522789632345,-0.85246172953,0.));
#10217 = DIRECTION('',(0.85246172953,-0.522789632345,0.));
#10218 = PCURVE('',#6470,#10219);
#10219 = DEFINITIONAL_REPRESENTATION('',(#10220),#10224);
#10220 = LINE('',#10221,#10222);
#10221 = CARTESIAN_POINT('',(2.591472531314,3.14159265359));
#10222 = VECTOR('',#10223,1.);
#10223 = DIRECTION('',(-2.827159716856E-16,-1.));
#10224 = ( GEOMETRIC_REPRESENTATION_CONTEXT(2) 
PARAMETRIC_REPRESENTATION_CONTEXT() REPRESENTATION_CONTEXT('2D SPACE',''
  ) );
#10225 = PCURVE('',#6503,#10226);
#10226 = DEFINITIONAL_REPRESENTATION('',(#10227),#10231);
#10227 = LINE('',#10228,#10229);
#10228 = CARTESIAN_POINT('',(5.733065184904,1.998401444325E-15));
#10229 = VECTOR('',#10230,1.);
#10230 = DIRECTION('',(0.,1.));
#10231 = ( GEOMETRIC_REPRESENTATION_CONTEXT(2) 
PARAMETRIC_REPRESENTATION_CONTEXT() REPRESENTATION_CONTEXT('2D SPACE',''
  ) );
#10232 = ORIENTED_EDGE('',*,*,#6453,.F.);
#10233 = ADVANCED_FACE('',(#10234),#6503,.T.);
#10234 = FACE_BOUND('',#10235,.T.);
#10235 = EDGE_LOOP('',(#10236,#10237,#10238,#10260));
#10236 = ORIENTED_EDGE('',*,*,#10211,.T.);
#10237 = ORIENTED_EDGE('',*,*,#10091,.F.);
#10238 = ORIENTED_EDGE('',*,*,#10239,.F.);
#10239 = EDGE_CURVE('',#6483,#10092,#10240,.T.);
#10240 = SURFACE_CURVE('',#10241,(#10246,#10253),.PCURVE_S1.);
#10241 = CIRCLE('',#10242,1.);
#10242 = AXIS2_PLACEMENT_3D('',#10243,#10244,#10245);
#10243 = CARTESIAN_POINT('',(-62.26984586605,14.125262189022,4.));
#10244 = DIRECTION('',(-0.572381186117,0.819987669285,0.));
#10245 = DIRECTION('',(-0.819987669285,-0.572381186117,0.));
#10246 = PCURVE('',#6503,#10247);
#10247 = DEFINITIONAL_REPRESENTATION('',(#10248),#10252);
#10248 = LINE('',#10249,#10250);
#10249 = CARTESIAN_POINT('',(3.750999504791,3.330669073875E-15));
#10250 = VECTOR('',#10251,1.);
#10251 = DIRECTION('',(0.,1.));
#10252 = ( GEOMETRIC_REPRESENTATION_CONTEXT(2) 
PARAMETRIC_REPRESENTATION_CONTEXT() REPRESENTATION_CONTEXT('2D SPACE',''
  ) );
#10253 = PCURVE('',#6530,#10254);
#10254 = DEFINITIONAL_REPRESENTATION('',(#10255),#10259);
#10255 = LINE('',#10256,#10257);
#10256 = CARTESIAN_POINT('',(0.609406851201,3.14159265359));
#10257 = VECTOR('',#10258,1.);
#10258 = DIRECTION('',(1.413579858428E-16,-1.));
#10259 = ( GEOMETRIC_REPRESENTATION_CONTEXT(2) 
PARAMETRIC_REPRESENTATION_CONTEXT() REPRESENTATION_CONTEXT('2D SPACE',''
  ) );
#10260 = ORIENTED_EDGE('',*,*,#6482,.F.);
#10261 = ADVANCED_FACE('',(#10262),#6441,.T.);
#10262 = FACE_BOUND('',#10263,.T.);
#10263 = EDGE_LOOP('',(#10264,#10265,#10266,#10288));
#10264 = ORIENTED_EDGE('',*,*,#10188,.T.);
#10265 = ORIENTED_EDGE('',*,*,#6425,.F.);
#10266 = ORIENTED_EDGE('',*,*,#10267,.F.);
#10267 = EDGE_CURVE('',#9380,#6402,#10268,.T.);
#10268 = SURFACE_CURVE('',#10269,(#10274,#10281),.PCURVE_S1.);
#10269 = CIRCLE('',#10270,1.);
#10270 = AXIS2_PLACEMENT_3D('',#10271,#10272,#10273);
#10271 = CARTESIAN_POINT('',(84.146839536393,21.01576303722,4.));
#10272 = DIRECTION('',(0.999560667644,2.963902323935E-02,
    -1.028310188367E-16));
#10273 = DIRECTION('',(-2.963902323935E-02,0.999560667644,
    3.851859888774E-34));
#10274 = PCURVE('',#6441,#10275);
#10275 = DEFINITIONAL_REPRESENTATION('',(#10276),#10280);
#10276 = LINE('',#10277,#10278);
#10277 = CARTESIAN_POINT('',(3.14159265359,0.));
#10278 = VECTOR('',#10279,1.);
#10279 = DIRECTION('',(-1.,0.));
#10280 = ( GEOMETRIC_REPRESENTATION_CONTEXT(2) 
PARAMETRIC_REPRESENTATION_CONTEXT() REPRESENTATION_CONTEXT('2D SPACE',''
  ) );
#10281 = PCURVE('',#2809,#10282);
#10282 = DEFINITIONAL_REPRESENTATION('',(#10283),#10287);
#10283 = LINE('',#10284,#10285);
#10284 = CARTESIAN_POINT('',(1.600439691258,0.));
#10285 = VECTOR('',#10286,1.);
#10286 = DIRECTION('',(0.,1.));
#10287 = ( GEOMETRIC_REPRESENTATION_CONTEXT(2) 
PARAMETRIC_REPRESENTATION_CONTEXT() REPRESENTATION_CONTEXT('2D SPACE',''
  ) );
#10288 = ORIENTED_EDGE('',*,*,#9582,.F.);
#10289 = ADVANCED_FACE('',(#10290),#6530,.T.);
#10290 = FACE_BOUND('',#10291,.T.);
#10291 = EDGE_LOOP('',(#10292,#10293,#10294,#10316));
#10292 = ORIENTED_EDGE('',*,*,#10239,.T.);
#10293 = ORIENTED_EDGE('',*,*,#10140,.F.);
#10294 = ORIENTED_EDGE('',*,*,#10295,.F.);
#10295 = EDGE_CURVE('',#6321,#9248,#10296,.T.);
#10296 = SURFACE_CURVE('',#10297,(#10302,#10309),.PCURVE_S1.);
#10297 = CIRCLE('',#10298,1.);
#10298 = AXIS2_PLACEMENT_3D('',#10299,#10300,#10301);
#10299 = CARTESIAN_POINT('',(-67.05716549893,16.532254267625,4.));
#10300 = DIRECTION('',(-0.999560667644,-2.963902323935E-02,0.));
#10301 = DIRECTION('',(2.963902323935E-02,-0.999560667644,0.));
#10302 = PCURVE('',#6530,#10303);
#10303 = DEFINITIONAL_REPRESENTATION('',(#10304),#10308);
#10304 = LINE('',#10305,#10306);
#10305 = CARTESIAN_POINT('',(1.600439691258,3.14159265359));
#10306 = VECTOR('',#10307,1.);
#10307 = DIRECTION('',(0.,-1.));
#10308 = ( GEOMETRIC_REPRESENTATION_CONTEXT(2) 
PARAMETRIC_REPRESENTATION_CONTEXT() REPRESENTATION_CONTEXT('2D SPACE',''
  ) );
#10309 = PCURVE('',#6338,#10310);
#10310 = DEFINITIONAL_REPRESENTATION('',(#10311),#10315);
#10311 = LINE('',#10312,#10313);
#10312 = CARTESIAN_POINT('',(-7.105427357601E-15,151.27046304421));
#10313 = VECTOR('',#10314,1.);
#10314 = DIRECTION('',(1.,1.809382218788E-14));
#10315 = ( GEOMETRIC_REPRESENTATION_CONTEXT(2) 
PARAMETRIC_REPRESENTATION_CONTEXT() REPRESENTATION_CONTEXT('2D SPACE',''
  ) );
#10316 = ORIENTED_EDGE('',*,*,#6515,.F.);
#10317 = ADVANCED_FACE('',(#10318),#2809,.T.);
#10318 = FACE_BOUND('',#10319,.T.);
#10319 = EDGE_LOOP('',(#10320,#10321,#10322,#10323));
#10320 = ORIENTED_EDGE('',*,*,#2792,.F.);
#10321 = ORIENTED_EDGE('',*,*,#9407,.F.);
#10322 = ORIENTED_EDGE('',*,*,#10267,.T.);
#10323 = ORIENTED_EDGE('',*,*,#6401,.F.);
#10324 = ADVANCED_FACE('',(#10325),#6338,.T.);
#10325 = FACE_BOUND('',#10326,.T.);
#10326 = EDGE_LOOP('',(#10327,#10328,#10329,#10351));
#10327 = ORIENTED_EDGE('',*,*,#10295,.T.);
#10328 = ORIENTED_EDGE('',*,*,#9247,.F.);
#10329 = ORIENTED_EDGE('',*,*,#10330,.F.);
#10330 = EDGE_CURVE('',#6323,#9215,#10331,.T.);
#10331 = SURFACE_CURVE('',#10332,(#10337,#10344),.PCURVE_S1.);
#10332 = CIRCLE('',#10333,1.);
#10333 = AXIS2_PLACEMENT_3D('',#10334,#10335,#10336);
#10334 = CARTESIAN_POINT('',(-85.24422437183,15.992970682308,4.));
#10335 = DIRECTION('',(-0.999560667644,-2.963902323935E-02,0.));
#10336 = DIRECTION('',(2.963902323935E-02,-0.999560667644,0.));
#10337 = PCURVE('',#6338,#10338);
#10338 = DEFINITIONAL_REPRESENTATION('',(#10339),#10343);
#10339 = LINE('',#10340,#10341);
#10340 = CARTESIAN_POINT('',(0.,169.4655155924));
#10341 = VECTOR('',#10342,1.);
#10342 = DIRECTION('',(1.,0.));
#10343 = ( GEOMETRIC_REPRESENTATION_CONTEXT(2) 
PARAMETRIC_REPRESENTATION_CONTEXT() REPRESENTATION_CONTEXT('2D SPACE',''
  ) );
#10344 = PCURVE('',#6367,#10345);
#10345 = DEFINITIONAL_REPRESENTATION('',(#10346),#10350);
#10346 = LINE('',#10347,#10348);
#10347 = CARTESIAN_POINT('',(1.600439691258,3.14159265359));
#10348 = VECTOR('',#10349,1.);
#10349 = DIRECTION('',(0.,-1.));
#10350 = ( GEOMETRIC_REPRESENTATION_CONTEXT(2) 
PARAMETRIC_REPRESENTATION_CONTEXT() REPRESENTATION_CONTEXT('2D SPACE',''
  ) );
#10351 = ORIENTED_EDGE('',*,*,#6320,.F.);
#10352 = ADVANCED_FACE('',(#10353),#2860,.T.);
#10353 = FACE_BOUND('',#10354,.T.);
#10354 = EDGE_LOOP('',(#10355,#10356,#10357,#10379));
#10355 = ORIENTED_EDGE('',*,*,#2845,.T.);
#10356 = ORIENTED_EDGE('',*,*,#6379,.F.);
#10357 = ORIENTED_EDGE('',*,*,#10358,.F.);
#10358 = EDGE_CURVE('',#9435,#6351,#10359,.T.);
#10359 = SURFACE_CURVE('',#10360,(#10365,#10372),.PCURVE_S1.);
#10360 = CIRCLE('',#10361,1.);
#10361 = AXIS2_PLACEMENT_3D('',#10362,#10363,#10364);
#10362 = CARTESIAN_POINT('',(-85.24422437183,-15.9929706823,4.));
#10363 = DIRECTION('',(-0.999560667644,2.963902323935E-02,
    1.028310188367E-16));
#10364 = DIRECTION('',(-2.963902323935E-02,-0.999560667644,
    3.851859888774E-34));
#10365 = PCURVE('',#2860,#10366);
#10366 = DEFINITIONAL_REPRESENTATION('',(#10367),#10371);
#10367 = LINE('',#10368,#10369);
#10368 = CARTESIAN_POINT('',(3.14159265359,-169.4655155924));
#10369 = VECTOR('',#10370,1.);
#10370 = DIRECTION('',(-1.,0.));
#10371 = ( GEOMETRIC_REPRESENTATION_CONTEXT(2) 
PARAMETRIC_REPRESENTATION_CONTEXT() REPRESENTATION_CONTEXT('2D SPACE',''
  ) );
#10372 = PCURVE('',#6367,#10373);
#10373 = DEFINITIONAL_REPRESENTATION('',(#10374),#10378);
#10374 = LINE('',#10375,#10376);
#10375 = CARTESIAN_POINT('',(4.682745615922,0.));
#10376 = VECTOR('',#10377,1.);
#10377 = DIRECTION('',(0.,1.));
#10378 = ( GEOMETRIC_REPRESENTATION_CONTEXT(2) 
PARAMETRIC_REPRESENTATION_CONTEXT() REPRESENTATION_CONTEXT('2D SPACE',''
  ) );
#10379 = ORIENTED_EDGE('',*,*,#9479,.F.);
#10380 = ADVANCED_FACE('',(#10381),#6367,.T.);
#10381 = FACE_BOUND('',#10382,.T.);
#10382 = EDGE_LOOP('',(#10383,#10384,#10385,#10386));
#10383 = ORIENTED_EDGE('',*,*,#10330,.T.);
#10384 = ORIENTED_EDGE('',*,*,#9504,.F.);
#10385 = ORIENTED_EDGE('',*,*,#10358,.T.);
#10386 = ORIENTED_EDGE('',*,*,#6350,.F.);
#10387 = ADVANCED_FACE('',(#10388),#8205,.T.);
#10388 = FACE_BOUND('',#10389,.T.);
#10389 = EDGE_LOOP('',(#10390,#10412,#10413,#10435));
#10390 = ORIENTED_EDGE('',*,*,#10391,.F.);
#10391 = EDGE_CURVE('',#8185,#10067,#10392,.T.);
#10392 = SURFACE_CURVE('',#10393,(#10398,#10405),.PCURVE_S1.);
#10393 = CIRCLE('',#10394,1.);
#10394 = AXIS2_PLACEMENT_3D('',#10395,#10396,#10397);
#10395 = CARTESIAN_POINT('',(-62.26984586605,14.125262189021,-4.));
#10396 = DIRECTION('',(0.572381186117,-0.819987669285,0.));
#10397 = DIRECTION('',(0.819987669285,0.572381186117,0.));
#10398 = PCURVE('',#8205,#10399);
#10399 = DEFINITIONAL_REPRESENTATION('',(#10400),#10404);
#10400 = LINE('',#10401,#10402);
#10401 = CARTESIAN_POINT('',(0.609406851201,-1.7763568394E-15));
#10402 = VECTOR('',#10403,1.);
#10403 = DIRECTION('',(0.,1.));
#10404 = ( GEOMETRIC_REPRESENTATION_CONTEXT(2) 
PARAMETRIC_REPRESENTATION_CONTEXT() REPRESENTATION_CONTEXT('2D SPACE',''
  ) );
#10405 = PCURVE('',#8234,#10406);
#10406 = DEFINITIONAL_REPRESENTATION('',(#10407),#10411);
#10407 = LINE('',#10408,#10409);
#10408 = CARTESIAN_POINT('',(3.750999504791,9.424777960769));
#10409 = VECTOR('',#10410,1.);
#10410 = DIRECTION('',(0.,-1.));
#10411 = ( GEOMETRIC_REPRESENTATION_CONTEXT(2) 
PARAMETRIC_REPRESENTATION_CONTEXT() REPRESENTATION_CONTEXT('2D SPACE',''
  ) );
#10412 = ORIENTED_EDGE('',*,*,#8184,.F.);
#10413 = ORIENTED_EDGE('',*,*,#10414,.F.);
#10414 = EDGE_CURVE('',#9271,#8157,#10415,.T.);
#10415 = SURFACE_CURVE('',#10416,(#10421,#10428),.PCURVE_S1.);
#10416 = CIRCLE('',#10417,1.);
#10417 = AXIS2_PLACEMENT_3D('',#10418,#10419,#10420);
#10418 = CARTESIAN_POINT('',(-67.05716549893,16.532254267625,-4.));
#10419 = DIRECTION('',(-0.999560667644,-2.963902323935E-02,0.));
#10420 = DIRECTION('',(2.963902323935E-02,-0.999560667644,0.));
#10421 = PCURVE('',#8205,#10422);
#10422 = DEFINITIONAL_REPRESENTATION('',(#10423),#10427);
#10423 = LINE('',#10424,#10425);
#10424 = CARTESIAN_POINT('',(1.600439691258,9.424777960769));
#10425 = VECTOR('',#10426,1.);
#10426 = DIRECTION('',(0.,-1.));
#10427 = ( GEOMETRIC_REPRESENTATION_CONTEXT(2) 
PARAMETRIC_REPRESENTATION_CONTEXT() REPRESENTATION_CONTEXT('2D SPACE',''
  ) );
#10428 = PCURVE('',#8172,#10429);
#10429 = DEFINITIONAL_REPRESENTATION('',(#10430),#10434);
#10430 = LINE('',#10431,#10432);
#10431 = CARTESIAN_POINT('',(9.424777960769,18.195052548194));
#10432 = VECTOR('',#10433,1.);
#10433 = DIRECTION('',(-1.,9.046911093941E-15));
#10434 = ( GEOMETRIC_REPRESENTATION_CONTEXT(2) 
PARAMETRIC_REPRESENTATION_CONTEXT() REPRESENTATION_CONTEXT('2D SPACE',''
  ) );
#10435 = ORIENTED_EDGE('',*,*,#10163,.F.);
#10436 = ADVANCED_FACE('',(#10437),#8172,.T.);
#10437 = FACE_BOUND('',#10438,.T.);
#10438 = EDGE_LOOP('',(#10439,#10440,#10441,#10463));
#10439 = ORIENTED_EDGE('',*,*,#10414,.T.);
#10440 = ORIENTED_EDGE('',*,*,#8156,.F.);
#10441 = ORIENTED_EDGE('',*,*,#10442,.F.);
#10442 = EDGE_CURVE('',#9213,#8124,#10443,.T.);
#10443 = SURFACE_CURVE('',#10444,(#10449,#10456),.PCURVE_S1.);
#10444 = CIRCLE('',#10445,1.);
#10445 = AXIS2_PLACEMENT_3D('',#10446,#10447,#10448);
#10446 = CARTESIAN_POINT('',(-85.24422437183,15.992970682308,-4.));
#10447 = DIRECTION('',(-0.999560667644,-2.963902323935E-02,0.));
#10448 = DIRECTION('',(2.963902323935E-02,-0.999560667644,0.));
#10449 = PCURVE('',#8172,#10450);
#10450 = DEFINITIONAL_REPRESENTATION('',(#10451),#10455);
#10451 = LINE('',#10452,#10453);
#10452 = CARTESIAN_POINT('',(9.424777960769,0.));
#10453 = VECTOR('',#10454,1.);
#10454 = DIRECTION('',(-1.,0.));
#10455 = ( GEOMETRIC_REPRESENTATION_CONTEXT(2) 
PARAMETRIC_REPRESENTATION_CONTEXT() REPRESENTATION_CONTEXT('2D SPACE',''
  ) );
#10456 = PCURVE('',#8144,#10457);
#10457 = DEFINITIONAL_REPRESENTATION('',(#10458),#10462);
#10458 = LINE('',#10459,#10460);
#10459 = CARTESIAN_POINT('',(1.600439691258,9.424777960769));
#10460 = VECTOR('',#10461,1.);
#10461 = DIRECTION('',(0.,-1.));
#10462 = ( GEOMETRIC_REPRESENTATION_CONTEXT(2) 
PARAMETRIC_REPRESENTATION_CONTEXT() REPRESENTATION_CONTEXT('2D SPACE',''
  ) );
#10463 = ORIENTED_EDGE('',*,*,#9298,.F.);
#10464 = ADVANCED_FACE('',(#10465),#8234,.T.);
#10465 = FACE_BOUND('',#10466,.T.);
#10466 = EDGE_LOOP('',(#10467,#10468,#10469,#10491));
#10467 = ORIENTED_EDGE('',*,*,#10391,.T.);
#10468 = ORIENTED_EDGE('',*,*,#10066,.F.);
#10469 = ORIENTED_EDGE('',*,*,#10470,.F.);
#10470 = EDGE_CURVE('',#8218,#9989,#10471,.T.);
#10471 = SURFACE_CURVE('',#10472,(#10477,#10484),.PCURVE_S1.);
#10472 = CIRCLE('',#10473,1.);
#10473 = AXIS2_PLACEMENT_3D('',#10474,#10475,#10476);
#10474 = CARTESIAN_POINT('',(-41.36422838088,14.745156611175,-4.));
#10475 = DIRECTION('',(0.522789632345,0.85246172953,0.));
#10476 = DIRECTION('',(-0.85246172953,0.522789632345,0.));
#10477 = PCURVE('',#8234,#10478);
#10478 = DEFINITIONAL_REPRESENTATION('',(#10479),#10483);
#10479 = LINE('',#10480,#10481);
#10480 = CARTESIAN_POINT('',(5.733065184904,9.424777960769));
#10481 = VECTOR('',#10482,1.);
#10482 = DIRECTION('',(0.,-1.));
#10483 = ( GEOMETRIC_REPRESENTATION_CONTEXT(2) 
PARAMETRIC_REPRESENTATION_CONTEXT() REPRESENTATION_CONTEXT('2D SPACE',''
  ) );
#10484 = PCURVE('',#8265,#10485);
#10485 = DEFINITIONAL_REPRESENTATION('',(#10486),#10490);
#10486 = LINE('',#10487,#10488);
#10487 = CARTESIAN_POINT('',(2.591472531314,-5.329070518201E-15));
#10488 = VECTOR('',#10489,1.);
#10489 = DIRECTION('',(5.654319433713E-16,1.));
#10490 = ( GEOMETRIC_REPRESENTATION_CONTEXT(2) 
PARAMETRIC_REPRESENTATION_CONTEXT() REPRESENTATION_CONTEXT('2D SPACE',''
  ) );
#10491 = ORIENTED_EDGE('',*,*,#8217,.F.);
#10492 = ADVANCED_FACE('',(#10493),#8144,.T.);
#10493 = FACE_BOUND('',#10494,.T.);
#10494 = EDGE_LOOP('',(#10495,#10496,#10497,#10519));
#10495 = ORIENTED_EDGE('',*,*,#10442,.T.);
#10496 = ORIENTED_EDGE('',*,*,#8123,.F.);
#10497 = ORIENTED_EDGE('',*,*,#10498,.F.);
#10498 = EDGE_CURVE('',#9433,#8101,#10499,.T.);
#10499 = SURFACE_CURVE('',#10500,(#10505,#10512),.PCURVE_S1.);
#10500 = CIRCLE('',#10501,1.);
#10501 = AXIS2_PLACEMENT_3D('',#10502,#10503,#10504);
#10502 = CARTESIAN_POINT('',(-85.24422437183,-15.9929706823,-4.));
#10503 = DIRECTION('',(0.999560667644,-2.963902323935E-02,0.));
#10504 = DIRECTION('',(2.963902323935E-02,0.999560667644,0.));
#10505 = PCURVE('',#8144,#10506);
#10506 = DEFINITIONAL_REPRESENTATION('',(#10507),#10511);
#10507 = LINE('',#10508,#10509);
#10508 = CARTESIAN_POINT('',(4.682745615922,9.424777960769));
#10509 = VECTOR('',#10510,1.);
#10510 = DIRECTION('',(0.,-1.));
#10511 = ( GEOMETRIC_REPRESENTATION_CONTEXT(2) 
PARAMETRIC_REPRESENTATION_CONTEXT() REPRESENTATION_CONTEXT('2D SPACE',''
  ) );
#10512 = PCURVE('',#2746,#10513);
#10513 = DEFINITIONAL_REPRESENTATION('',(#10514),#10518);
#10514 = LINE('',#10515,#10516);
#10515 = CARTESIAN_POINT('',(9.424777960769,0.));
#10516 = VECTOR('',#10517,1.);
#10517 = DIRECTION('',(-1.,0.));
#10518 = ( GEOMETRIC_REPRESENTATION_CONTEXT(2) 
PARAMETRIC_REPRESENTATION_CONTEXT() REPRESENTATION_CONTEXT('2D SPACE',''
  ) );
#10519 = ORIENTED_EDGE('',*,*,#9527,.F.);
#10520 = ADVANCED_FACE('',(#10521),#8265,.T.);
#10521 = FACE_BOUND('',#10522,.T.);
#10522 = EDGE_LOOP('',(#10523,#10524,#10525,#10547));
#10523 = ORIENTED_EDGE('',*,*,#10470,.T.);
#10524 = ORIENTED_EDGE('',*,*,#10041,.F.);
#10525 = ORIENTED_EDGE('',*,*,#10526,.F.);
#10526 = EDGE_CURVE('',#8044,#9553,#10527,.T.);
#10527 = SURFACE_CURVE('',#10528,(#10533,#10540),.PCURVE_S1.);
#10528 = CIRCLE('',#10529,1.);
#10529 = AXIS2_PLACEMENT_3D('',#10530,#10531,#10532);
#10530 = CARTESIAN_POINT('',(-36.7279389012,17.43157802161,-4.));
#10531 = DIRECTION('',(0.999560667644,2.963902323935E-02,0.));
#10532 = DIRECTION('',(-2.963902323935E-02,0.999560667644,0.));
#10533 = PCURVE('',#8265,#10534);
#10534 = DEFINITIONAL_REPRESENTATION('',(#10535),#10539);
#10535 = LINE('',#10536,#10537);
#10536 = CARTESIAN_POINT('',(1.600439691258,1.7763568394E-15));
#10537 = VECTOR('',#10538,1.);
#10538 = DIRECTION('',(1.413579858428E-16,1.));
#10539 = ( GEOMETRIC_REPRESENTATION_CONTEXT(2) 
PARAMETRIC_REPRESENTATION_CONTEXT() REPRESENTATION_CONTEXT('2D SPACE',''
  ) );
#10540 = PCURVE('',#8061,#10541);
#10541 = DEFINITIONAL_REPRESENTATION('',(#10542),#10546);
#10542 = LINE('',#10543,#10544);
#10543 = CARTESIAN_POINT('',(0.,48.537609612996));
#10544 = VECTOR('',#10545,1.);
#10545 = DIRECTION('',(1.,0.));
#10546 = ( GEOMETRIC_REPRESENTATION_CONTEXT(2) 
PARAMETRIC_REPRESENTATION_CONTEXT() REPRESENTATION_CONTEXT('2D SPACE',''
  ) );
#10547 = ORIENTED_EDGE('',*,*,#8246,.F.);
#10548 = ADVANCED_FACE('',(#10549),#2746,.T.);
#10549 = FACE_BOUND('',#10550,.T.);
#10550 = EDGE_LOOP('',(#10551,#10552,#10553,#10554));
#10551 = ORIENTED_EDGE('',*,*,#10498,.T.);
#10552 = ORIENTED_EDGE('',*,*,#8100,.F.);
#10553 = ORIENTED_EDGE('',*,*,#2731,.F.);
#10554 = ORIENTED_EDGE('',*,*,#9457,.F.);
#10555 = ADVANCED_FACE('',(#10556),#8061,.T.);
#10556 = FACE_BOUND('',#10557,.T.);
#10557 = EDGE_LOOP('',(#10558,#10559,#10560,#10582));
#10558 = ORIENTED_EDGE('',*,*,#10526,.T.);
#10559 = ORIENTED_EDGE('',*,*,#9604,.F.);
#10560 = ORIENTED_EDGE('',*,*,#10561,.F.);
#10561 = EDGE_CURVE('',#8046,#9356,#10562,.T.);
#10562 = SURFACE_CURVE('',#10563,(#10568,#10575),.PCURVE_S1.);
#10563 = CIRCLE('',#10564,1.);
#10564 = AXIS2_PLACEMENT_3D('',#10565,#10566,#10567);
#10565 = CARTESIAN_POINT('',(84.146839536393,21.01576303722,-4.));
#10566 = DIRECTION('',(0.999560667644,2.963902323935E-02,0.));
#10567 = DIRECTION('',(-2.963902323935E-02,0.999560667644,0.));
#10568 = PCURVE('',#8061,#10569);
#10569 = DEFINITIONAL_REPRESENTATION('',(#10570),#10574);
#10570 = LINE('',#10571,#10572);
#10571 = CARTESIAN_POINT('',(0.,169.4655155924));
#10572 = VECTOR('',#10573,1.);
#10573 = DIRECTION('',(1.,0.));
#10574 = ( GEOMETRIC_REPRESENTATION_CONTEXT(2) 
PARAMETRIC_REPRESENTATION_CONTEXT() REPRESENTATION_CONTEXT('2D SPACE',''
  ) );
#10575 = PCURVE('',#2690,#10576);
#10576 = DEFINITIONAL_REPRESENTATION('',(#10577),#10581);
#10577 = LINE('',#10578,#10579);
#10578 = CARTESIAN_POINT('',(1.600439691258,3.552713678801E-15));
#10579 = VECTOR('',#10580,1.);
#10580 = DIRECTION('',(0.,1.));
#10581 = ( GEOMETRIC_REPRESENTATION_CONTEXT(2) 
PARAMETRIC_REPRESENTATION_CONTEXT() REPRESENTATION_CONTEXT('2D SPACE',''
  ) );
#10582 = ORIENTED_EDGE('',*,*,#8043,.F.);
#10583 = ADVANCED_FACE('',(#10584),#2690,.T.);
#10584 = FACE_BOUND('',#10585,.T.);
#10585 = EDGE_LOOP('',(#10586,#10587,#10588,#10589));
#10586 = ORIENTED_EDGE('',*,*,#2673,.F.);
#10587 = ORIENTED_EDGE('',*,*,#8073,.F.);
#10588 = ORIENTED_EDGE('',*,*,#10561,.T.);
#10589 = ORIENTED_EDGE('',*,*,#9355,.F.);
#10590 = ADVANCED_FACE('',(#10591),#2572,.T.);
#10591 = FACE_BOUND('',#10592,.T.);
#10592 = EDGE_LOOP('',(#10593,#10594,#10595,#10596));
#10593 = ORIENTED_EDGE('',*,*,#2555,.F.);
#10594 = ORIENTED_EDGE('',*,*,#9788,.F.);
#10595 = ORIENTED_EDGE('',*,*,#2613,.T.);
#10596 = ORIENTED_EDGE('',*,*,#9662,.F.);
#10597 = ADVANCED_FACE('',(#10598),#2458,.T.);
#10598 = FACE_BOUND('',#10599,.T.);
#10599 = EDGE_LOOP('',(#10600,#10601,#10602,#10603));
#10600 = ORIENTED_EDGE('',*,*,#2441,.F.);
#10601 = ORIENTED_EDGE('',*,*,#4503,.F.);
#10602 = ORIENTED_EDGE('',*,*,#2494,.T.);
#10603 = ORIENTED_EDGE('',*,*,#8280,.F.);
#10604 = ADVANCED_FACE('',(#10605),#2339,.T.);
#10605 = FACE_BOUND('',#10606,.T.);
#10606 = EDGE_LOOP('',(#10607,#10608,#10609,#10610));
#10607 = ORIENTED_EDGE('',*,*,#2322,.F.);
#10608 = ORIENTED_EDGE('',*,*,#6291,.F.);
#10609 = ORIENTED_EDGE('',*,*,#2380,.T.);
#10610 = ORIENTED_EDGE('',*,*,#2903,.F.);
#10611 = ADVANCED_FACE('',(#10612),#1946,.F.);
#10612 = FACE_BOUND('',#10613,.F.);
#10613 = EDGE_LOOP('',(#10614,#10615,#10638,#10667,#10688,#10689,#10713)
  );
#10614 = ORIENTED_EDGE('',*,*,#6183,.T.);
#10615 = ORIENTED_EDGE('',*,*,#10616,.F.);
#10616 = EDGE_CURVE('',#10617,#6184,#10619,.T.);
#10617 = VERTEX_POINT('',#10618);
#10618 = CARTESIAN_POINT('',(58.77,5.,3.));
#10619 = SURFACE_CURVE('',#10620,(#10624,#10631),.PCURVE_S1.);
#10620 = LINE('',#10621,#10622);
#10621 = CARTESIAN_POINT('',(58.77,5.,4.));
#10622 = VECTOR('',#10623,1.);
#10623 = DIRECTION('',(0.,0.,1.));
#10624 = PCURVE('',#1946,#10625);
#10625 = DEFINITIONAL_REPRESENTATION('',(#10626),#10630);
#10626 = LINE('',#10627,#10628);
#10627 = CARTESIAN_POINT('',(3.14159265359,1.));
#10628 = VECTOR('',#10629,1.);
#10629 = DIRECTION('',(0.,-1.));
#10630 = ( GEOMETRIC_REPRESENTATION_CONTEXT(2) 
PARAMETRIC_REPRESENTATION_CONTEXT() REPRESENTATION_CONTEXT('2D SPACE',''
  ) );
#10631 = PCURVE('',#6227,#10632);
#10632 = DEFINITIONAL_REPRESENTATION('',(#10633),#10637);
#10633 = LINE('',#10634,#10635);
#10634 = CARTESIAN_POINT('',(0.,0.));
#10635 = VECTOR('',#10636,1.);
#10636 = DIRECTION('',(1.,0.));
#10637 = ( GEOMETRIC_REPRESENTATION_CONTEXT(2) 
PARAMETRIC_REPRESENTATION_CONTEXT() REPRESENTATION_CONTEXT('2D SPACE',''
  ) );
#10638 = ORIENTED_EDGE('',*,*,#10639,.F.);
#10639 = EDGE_CURVE('',#10640,#10617,#10642,.T.);
#10640 = VERTEX_POINT('',#10641);
#10641 = CARTESIAN_POINT('',(57.77,4.,3.));
#10642 = SURFACE_CURVE('',#10643,(#10648,#10655),.PCURVE_S1.);
#10643 = CIRCLE('',#10644,1.);
#10644 = AXIS2_PLACEMENT_3D('',#10645,#10646,#10647);
#10645 = CARTESIAN_POINT('',(57.77,5.,3.));
#10646 = DIRECTION('',(0.,-0.,1.));
#10647 = DIRECTION('',(-1.,0.,0.));
#10648 = PCURVE('',#1946,#10649);
#10649 = DEFINITIONAL_REPRESENTATION('',(#10650),#10654);
#10650 = LINE('',#10651,#10652);
#10651 = CARTESIAN_POINT('',(6.28318530718,2.));
#10652 = VECTOR('',#10653,1.);
#10653 = DIRECTION('',(-1.,0.));
#10654 = ( GEOMETRIC_REPRESENTATION_CONTEXT(2) 
PARAMETRIC_REPRESENTATION_CONTEXT() REPRESENTATION_CONTEXT('2D SPACE',''
  ) );
#10655 = PCURVE('',#10656,#10661);
#10656 = TOROIDAL_SURFACE('',#10657,2.,1.);
#10657 = AXIS2_PLACEMENT_3D('',#10658,#10659,#10660);
#10658 = CARTESIAN_POINT('',(57.77,5.,3.));
#10659 = DIRECTION('',(0.,0.,-1.));
#10660 = DIRECTION('',(-1.,0.,0.));
#10661 = DEFINITIONAL_REPRESENTATION('',(#10662),#10666);
#10662 = LINE('',#10663,#10664);
#10663 = CARTESIAN_POINT('',(6.28318530718,3.14159265359));
#10664 = VECTOR('',#10665,1.);
#10665 = DIRECTION('',(-1.,0.));
#10666 = ( GEOMETRIC_REPRESENTATION_CONTEXT(2) 
PARAMETRIC_REPRESENTATION_CONTEXT() REPRESENTATION_CONTEXT('2D SPACE',''
  ) );
#10667 = ORIENTED_EDGE('',*,*,#10668,.T.);
#10668 = EDGE_CURVE('',#10640,#1925,#10669,.T.);
#10669 = SURFACE_CURVE('',#10670,(#10674,#10681),.PCURVE_S1.);
#10670 = LINE('',#10671,#10672);
#10671 = CARTESIAN_POINT('',(57.77,4.,5.));
#10672 = VECTOR('',#10673,1.);
#10673 = DIRECTION('',(-0.,-0.,-1.));
#10674 = PCURVE('',#1946,#10675);
#10675 = DEFINITIONAL_REPRESENTATION('',(#10676),#10680);
#10676 = LINE('',#10677,#10678);
#10677 = CARTESIAN_POINT('',(4.712388980385,0.));
#10678 = VECTOR('',#10679,1.);
#10679 = DIRECTION('',(0.,1.));
#10680 = ( GEOMETRIC_REPRESENTATION_CONTEXT(2) 
PARAMETRIC_REPRESENTATION_CONTEXT() REPRESENTATION_CONTEXT('2D SPACE',''
  ) );
#10681 = PCURVE('',#9169,#10682);
#10682 = DEFINITIONAL_REPRESENTATION('',(#10683),#10687);
#10683 = LINE('',#10684,#10685);
#10684 = CARTESIAN_POINT('',(0.,0.));
#10685 = VECTOR('',#10686,1.);
#10686 = DIRECTION('',(0.,-1.));
#10687 = ( GEOMETRIC_REPRESENTATION_CONTEXT(2) 
PARAMETRIC_REPRESENTATION_CONTEXT() REPRESENTATION_CONTEXT('2D SPACE',''
  ) );
#10688 = ORIENTED_EDGE('',*,*,#1922,.F.);
#10689 = ORIENTED_EDGE('',*,*,#10690,.F.);
#10690 = EDGE_CURVE('',#10691,#1923,#10693,.T.);
#10691 = VERTEX_POINT('',#10692);
#10692 = CARTESIAN_POINT('',(57.77,6.,-4.));
#10693 = SURFACE_CURVE('',#10694,(#10699,#10706),.PCURVE_S1.);
#10694 = CIRCLE('',#10695,1.);
#10695 = AXIS2_PLACEMENT_3D('',#10696,#10697,#10698);
#10696 = CARTESIAN_POINT('',(57.77,5.,-4.));
#10697 = DIRECTION('',(0.,0.,-1.));
#10698 = DIRECTION('',(1.,0.,0.));
#10699 = PCURVE('',#1946,#10700);
#10700 = DEFINITIONAL_REPRESENTATION('',(#10701),#10705);
#10701 = LINE('',#10702,#10703);
#10702 = CARTESIAN_POINT('',(-3.14159265359,9.));
#10703 = VECTOR('',#10704,1.);
#10704 = DIRECTION('',(1.,0.));
#10705 = ( GEOMETRIC_REPRESENTATION_CONTEXT(2) 
PARAMETRIC_REPRESENTATION_CONTEXT() REPRESENTATION_CONTEXT('2D SPACE',''
  ) );
#10706 = PCURVE('',#1975,#10707);
#10707 = DEFINITIONAL_REPRESENTATION('',(#10708),#10712);
#10708 = LINE('',#10709,#10710);
#10709 = CARTESIAN_POINT('',(6.28318530718,3.14159265359));
#10710 = VECTOR('',#10711,1.);
#10711 = DIRECTION('',(-1.,0.));
#10712 = ( GEOMETRIC_REPRESENTATION_CONTEXT(2) 
PARAMETRIC_REPRESENTATION_CONTEXT() REPRESENTATION_CONTEXT('2D SPACE',''
  ) );
#10713 = ORIENTED_EDGE('',*,*,#10714,.F.);
#10714 = EDGE_CURVE('',#6161,#10691,#10715,.T.);
#10715 = SURFACE_CURVE('',#10716,(#10720,#10727),.PCURVE_S1.);
#10716 = LINE('',#10717,#10718);
#10717 = CARTESIAN_POINT('',(57.77,6.,5.));
#10718 = VECTOR('',#10719,1.);
#10719 = DIRECTION('',(-0.,-0.,-1.));
#10720 = PCURVE('',#1946,#10721);
#10721 = DEFINITIONAL_REPRESENTATION('',(#10722),#10726);
#10722 = LINE('',#10723,#10724);
#10723 = CARTESIAN_POINT('',(1.570796326795,0.));
#10724 = VECTOR('',#10725,1.);
#10725 = DIRECTION('',(0.,1.));
#10726 = ( GEOMETRIC_REPRESENTATION_CONTEXT(2) 
PARAMETRIC_REPRESENTATION_CONTEXT() REPRESENTATION_CONTEXT('2D SPACE',''
  ) );
#10727 = PCURVE('',#4579,#10728);
#10728 = DEFINITIONAL_REPRESENTATION('',(#10729),#10733);
#10729 = LINE('',#10730,#10731);
#10730 = CARTESIAN_POINT('',(0.,0.));
#10731 = VECTOR('',#10732,1.);
#10732 = DIRECTION('',(0.,-1.));
#10733 = ( GEOMETRIC_REPRESENTATION_CONTEXT(2) 
PARAMETRIC_REPRESENTATION_CONTEXT() REPRESENTATION_CONTEXT('2D SPACE',''
  ) );
#10734 = ADVANCED_FACE('',(#10735),#4579,.F.);
#10735 = FACE_BOUND('',#10736,.T.);
#10736 = EDGE_LOOP('',(#10737,#10738,#10759,#10760));
#10737 = ORIENTED_EDGE('',*,*,#4563,.T.);
#10738 = ORIENTED_EDGE('',*,*,#10739,.T.);
#10739 = EDGE_CURVE('',#4564,#10691,#10740,.T.);
#10740 = SURFACE_CURVE('',#10741,(#10745,#10752),.PCURVE_S1.);
#10741 = LINE('',#10742,#10743);
#10742 = CARTESIAN_POINT('',(57.77,6.,-4.));
#10743 = VECTOR('',#10744,1.);
#10744 = DIRECTION('',(1.,-1.445602896647E-16,0.));
#10745 = PCURVE('',#4579,#10746);
#10746 = DEFINITIONAL_REPRESENTATION('',(#10747),#10751);
#10747 = LINE('',#10748,#10749);
#10748 = CARTESIAN_POINT('',(0.,-9.));
#10749 = VECTOR('',#10750,1.);
#10750 = DIRECTION('',(-1.,0.));
#10751 = ( GEOMETRIC_REPRESENTATION_CONTEXT(2) 
PARAMETRIC_REPRESENTATION_CONTEXT() REPRESENTATION_CONTEXT('2D SPACE',''
  ) );
#10752 = PCURVE('',#7878,#10753);
#10753 = DEFINITIONAL_REPRESENTATION('',(#10754),#10758);
#10754 = LINE('',#10755,#10756);
#10755 = CARTESIAN_POINT('',(3.14159265359,0.));
#10756 = VECTOR('',#10757,1.);
#10757 = DIRECTION('',(0.,1.));
#10758 = ( GEOMETRIC_REPRESENTATION_CONTEXT(2) 
PARAMETRIC_REPRESENTATION_CONTEXT() REPRESENTATION_CONTEXT('2D SPACE',''
  ) );
#10759 = ORIENTED_EDGE('',*,*,#10714,.F.);
#10760 = ORIENTED_EDGE('',*,*,#6160,.F.);
#10761 = ADVANCED_FACE('',(#10762),#9169,.F.);
#10762 = FACE_BOUND('',#10763,.T.);
#10763 = EDGE_LOOP('',(#10764,#10765,#10786,#10787));
#10764 = ORIENTED_EDGE('',*,*,#10668,.T.);
#10765 = ORIENTED_EDGE('',*,*,#10766,.T.);
#10766 = EDGE_CURVE('',#1925,#9130,#10767,.T.);
#10767 = SURFACE_CURVE('',#10768,(#10772,#10779),.PCURVE_S1.);
#10768 = LINE('',#10769,#10770);
#10769 = CARTESIAN_POINT('',(57.77,4.,-4.));
#10770 = VECTOR('',#10771,1.);
#10771 = DIRECTION('',(-1.,1.445602896647E-16,0.));
#10772 = PCURVE('',#9169,#10773);
#10773 = DEFINITIONAL_REPRESENTATION('',(#10774),#10778);
#10774 = LINE('',#10775,#10776);
#10775 = CARTESIAN_POINT('',(0.,-9.));
#10776 = VECTOR('',#10777,1.);
#10777 = DIRECTION('',(-1.,0.));
#10778 = ( GEOMETRIC_REPRESENTATION_CONTEXT(2) 
PARAMETRIC_REPRESENTATION_CONTEXT() REPRESENTATION_CONTEXT('2D SPACE',''
  ) );
#10779 = PCURVE('',#2026,#10780);
#10780 = DEFINITIONAL_REPRESENTATION('',(#10781),#10785);
#10781 = LINE('',#10782,#10783);
#10782 = CARTESIAN_POINT('',(3.14159265359,0.));
#10783 = VECTOR('',#10784,1.);
#10784 = DIRECTION('',(0.,1.));
#10785 = ( GEOMETRIC_REPRESENTATION_CONTEXT(2) 
PARAMETRIC_REPRESENTATION_CONTEXT() REPRESENTATION_CONTEXT('2D SPACE',''
  ) );
#10786 = ORIENTED_EDGE('',*,*,#9153,.F.);
#10787 = ORIENTED_EDGE('',*,*,#10788,.T.);
#10788 = EDGE_CURVE('',#9154,#10640,#10789,.T.);
#10789 = SURFACE_CURVE('',#10790,(#10794,#10801),.PCURVE_S1.);
#10790 = LINE('',#10791,#10792);
#10791 = CARTESIAN_POINT('',(57.77,4.,3.));
#10792 = VECTOR('',#10793,1.);
#10793 = DIRECTION('',(1.,-1.445602896647E-16,0.));
#10794 = PCURVE('',#9169,#10795);
#10795 = DEFINITIONAL_REPRESENTATION('',(#10796),#10800);
#10796 = LINE('',#10797,#10798);
#10797 = CARTESIAN_POINT('',(0.,-2.));
#10798 = VECTOR('',#10799,1.);
#10799 = DIRECTION('',(1.,0.));
#10800 = ( GEOMETRIC_REPRESENTATION_CONTEXT(2) 
PARAMETRIC_REPRESENTATION_CONTEXT() REPRESENTATION_CONTEXT('2D SPACE',''
  ) );
#10801 = PCURVE('',#10802,#10807);
#10802 = CYLINDRICAL_SURFACE('',#10803,1.);
#10803 = AXIS2_PLACEMENT_3D('',#10804,#10805,#10806);
#10804 = CARTESIAN_POINT('',(57.77,3.,3.));
#10805 = DIRECTION('',(1.,-1.445602896647E-16,0.));
#10806 = DIRECTION('',(1.445602896647E-16,1.,0.));
#10807 = DEFINITIONAL_REPRESENTATION('',(#10808),#10812);
#10808 = LINE('',#10809,#10810);
#10809 = CARTESIAN_POINT('',(0.,0.));
#10810 = VECTOR('',#10811,1.);
#10811 = DIRECTION('',(0.,1.));
#10812 = ( GEOMETRIC_REPRESENTATION_CONTEXT(2) 
PARAMETRIC_REPRESENTATION_CONTEXT() REPRESENTATION_CONTEXT('2D SPACE',''
  ) );
#10813 = ADVANCED_FACE('',(#10814),#10828,.F.);
#10814 = FACE_BOUND('',#10815,.T.);
#10815 = EDGE_LOOP('',(#10816,#10846,#10870,#10898,#10922,#10945,#10969,
    #10992));
#10816 = ORIENTED_EDGE('',*,*,#10817,.F.);
#10817 = EDGE_CURVE('',#10818,#10820,#10822,.T.);
#10818 = VERTEX_POINT('',#10819);
#10819 = CARTESIAN_POINT('',(50.77,-3.267949192431,4.));
#10820 = VERTEX_POINT('',#10821);
#10821 = CARTESIAN_POINT('',(50.77,3.267949192431,4.));
#10822 = SURFACE_CURVE('',#10823,(#10827,#10839),.PCURVE_S1.);
#10823 = LINE('',#10824,#10825);
#10824 = CARTESIAN_POINT('',(50.77,-6.217531799271E-15,4.));
#10825 = VECTOR('',#10826,1.);
#10826 = DIRECTION('',(0.,1.,0.));
#10827 = PCURVE('',#10828,#10833);
#10828 = PLANE('',#10829);
#10829 = AXIS2_PLACEMENT_3D('',#10830,#10831,#10832);
#10830 = CARTESIAN_POINT('',(0.,0.,4.));
#10831 = DIRECTION('',(0.,0.,-1.));
#10832 = DIRECTION('',(-1.,0.,-0.));
#10833 = DEFINITIONAL_REPRESENTATION('',(#10834),#10838);
#10834 = LINE('',#10835,#10836);
#10835 = CARTESIAN_POINT('',(-50.77,-6.217531799271E-15));
#10836 = VECTOR('',#10837,1.);
#10837 = DIRECTION('',(0.,1.));
#10838 = ( GEOMETRIC_REPRESENTATION_CONTEXT(2) 
PARAMETRIC_REPRESENTATION_CONTEXT() REPRESENTATION_CONTEXT('2D SPACE',''
  ) );
#10839 = PCURVE('',#4662,#10840);
#10840 = DEFINITIONAL_REPRESENTATION('',(#10841),#10845);
#10841 = LINE('',#10842,#10843);
#10842 = CARTESIAN_POINT('',(0.,0.));
#10843 = VECTOR('',#10844,1.);
#10844 = DIRECTION('',(0.,1.));
#10845 = ( GEOMETRIC_REPRESENTATION_CONTEXT(2) 
PARAMETRIC_REPRESENTATION_CONTEXT() REPRESENTATION_CONTEXT('2D SPACE',''
  ) );
#10846 = ORIENTED_EDGE('',*,*,#10847,.T.);
#10847 = EDGE_CURVE('',#10818,#10848,#10850,.T.);
#10848 = VERTEX_POINT('',#10849);
#10849 = CARTESIAN_POINT('',(51.77,-3.,4.));
#10850 = SURFACE_CURVE('',#10851,(#10856,#10863),.PCURVE_S1.);
#10851 = CIRCLE('',#10852,2.);
#10852 = AXIS2_PLACEMENT_3D('',#10853,#10854,#10855);
#10853 = CARTESIAN_POINT('',(51.77,-5.,4.));
#10854 = DIRECTION('',(0.,0.,-1.));
#10855 = DIRECTION('',(-1.,0.,0.));
#10856 = PCURVE('',#10828,#10857);
#10857 = DEFINITIONAL_REPRESENTATION('',(#10858),#10862);
#10858 = CIRCLE('',#10859,2.);
#10859 = AXIS2_PLACEMENT_2D('',#10860,#10861);
#10860 = CARTESIAN_POINT('',(-51.77,-5.));
#10861 = DIRECTION('',(1.,0.));
#10862 = ( GEOMETRIC_REPRESENTATION_CONTEXT(2) 
PARAMETRIC_REPRESENTATION_CONTEXT() REPRESENTATION_CONTEXT('2D SPACE',''
  ) );
#10863 = PCURVE('',#2267,#10864);
#10864 = DEFINITIONAL_REPRESENTATION('',(#10865),#10869);
#10865 = LINE('',#10866,#10867);
#10866 = CARTESIAN_POINT('',(0.,4.712388980385));
#10867 = VECTOR('',#10868,1.);
#10868 = DIRECTION('',(1.,0.));
#10869 = ( GEOMETRIC_REPRESENTATION_CONTEXT(2) 
PARAMETRIC_REPRESENTATION_CONTEXT() REPRESENTATION_CONTEXT('2D SPACE',''
  ) );
#10870 = ORIENTED_EDGE('',*,*,#10871,.T.);
#10871 = EDGE_CURVE('',#10848,#10872,#10874,.T.);
#10872 = VERTEX_POINT('',#10873);
#10873 = CARTESIAN_POINT('',(57.77,-3.,4.));
#10874 = SURFACE_CURVE('',#10875,(#10879,#10886),.PCURVE_S1.);
#10875 = LINE('',#10876,#10877);
#10876 = CARTESIAN_POINT('',(57.77,-3.,4.));
#10877 = VECTOR('',#10878,1.);
#10878 = DIRECTION('',(1.,1.445602896647E-16,0.));
#10879 = PCURVE('',#10828,#10880);
#10880 = DEFINITIONAL_REPRESENTATION('',(#10881),#10885);
#10881 = LINE('',#10882,#10883);
#10882 = CARTESIAN_POINT('',(-57.77,-3.));
#10883 = VECTOR('',#10884,1.);
#10884 = DIRECTION('',(-1.,1.445602896647E-16));
#10885 = ( GEOMETRIC_REPRESENTATION_CONTEXT(2) 
PARAMETRIC_REPRESENTATION_CONTEXT() REPRESENTATION_CONTEXT('2D SPACE',''
  ) );
#10886 = PCURVE('',#10887,#10892);
#10887 = CYLINDRICAL_SURFACE('',#10888,1.);
#10888 = AXIS2_PLACEMENT_3D('',#10889,#10890,#10891);
#10889 = CARTESIAN_POINT('',(4.336808689942E-16,-3.,3.));
#10890 = DIRECTION('',(-1.,-1.445602896647E-16,0.));
#10891 = DIRECTION('',(1.445602896647E-16,-1.,0.));
#10892 = DEFINITIONAL_REPRESENTATION('',(#10893),#10897);
#10893 = LINE('',#10894,#10895);
#10894 = CARTESIAN_POINT('',(1.570796326795,-57.77));
#10895 = VECTOR('',#10896,1.);
#10896 = DIRECTION('',(0.,-1.));
#10897 = ( GEOMETRIC_REPRESENTATION_CONTEXT(2) 
PARAMETRIC_REPRESENTATION_CONTEXT() REPRESENTATION_CONTEXT('2D SPACE',''
  ) );
#10898 = ORIENTED_EDGE('',*,*,#10899,.T.);
#10899 = EDGE_CURVE('',#10872,#10900,#10902,.T.);
#10900 = VERTEX_POINT('',#10901);
#10901 = CARTESIAN_POINT('',(58.77,-3.267949192431,4.));
#10902 = SURFACE_CURVE('',#10903,(#10908,#10915),.PCURVE_S1.);
#10903 = CIRCLE('',#10904,2.);
#10904 = AXIS2_PLACEMENT_3D('',#10905,#10906,#10907);
#10905 = CARTESIAN_POINT('',(57.77,-5.,4.));
#10906 = DIRECTION('',(0.,0.,-1.));
#10907 = DIRECTION('',(-1.,0.,0.));
#10908 = PCURVE('',#10828,#10909);
#10909 = DEFINITIONAL_REPRESENTATION('',(#10910),#10914);
#10910 = CIRCLE('',#10911,2.);
#10911 = AXIS2_PLACEMENT_2D('',#10912,#10913);
#10912 = CARTESIAN_POINT('',(-57.77,-5.));
#10913 = DIRECTION('',(1.,0.));
#10914 = ( GEOMETRIC_REPRESENTATION_CONTEXT(2) 
PARAMETRIC_REPRESENTATION_CONTEXT() REPRESENTATION_CONTEXT('2D SPACE',''
  ) );
#10915 = PCURVE('',#9025,#10916);
#10916 = DEFINITIONAL_REPRESENTATION('',(#10917),#10921);
#10917 = LINE('',#10918,#10919);
#10918 = CARTESIAN_POINT('',(0.,4.712388980385));
#10919 = VECTOR('',#10920,1.);
#10920 = DIRECTION('',(1.,-1.696295830114E-15));
#10921 = ( GEOMETRIC_REPRESENTATION_CONTEXT(2) 
PARAMETRIC_REPRESENTATION_CONTEXT() REPRESENTATION_CONTEXT('2D SPACE',''
  ) );
#10922 = ORIENTED_EDGE('',*,*,#10923,.F.);
#10923 = EDGE_CURVE('',#10924,#10900,#10926,.T.);
#10924 = VERTEX_POINT('',#10925);
#10925 = CARTESIAN_POINT('',(58.77,3.267949192431,4.));
#10926 = SURFACE_CURVE('',#10927,(#10931,#10938),.PCURVE_S1.);
#10927 = LINE('',#10928,#10929);
#10928 = CARTESIAN_POINT('',(58.77,5.,4.));
#10929 = VECTOR('',#10930,1.);
#10930 = DIRECTION('',(0.,-1.,0.));
#10931 = PCURVE('',#10828,#10932);
#10932 = DEFINITIONAL_REPRESENTATION('',(#10933),#10937);
#10933 = LINE('',#10934,#10935);
#10934 = CARTESIAN_POINT('',(-58.77,5.));
#10935 = VECTOR('',#10936,1.);
#10936 = DIRECTION('',(-0.,-1.));
#10937 = ( GEOMETRIC_REPRESENTATION_CONTEXT(2) 
PARAMETRIC_REPRESENTATION_CONTEXT() REPRESENTATION_CONTEXT('2D SPACE',''
  ) );
#10938 = PCURVE('',#6227,#10939);
#10939 = DEFINITIONAL_REPRESENTATION('',(#10940),#10944);
#10940 = LINE('',#10941,#10942);
#10941 = CARTESIAN_POINT('',(0.,0.));
#10942 = VECTOR('',#10943,1.);
#10943 = DIRECTION('',(0.,-1.));
#10944 = ( GEOMETRIC_REPRESENTATION_CONTEXT(2) 
PARAMETRIC_REPRESENTATION_CONTEXT() REPRESENTATION_CONTEXT('2D SPACE',''
  ) );
#10945 = ORIENTED_EDGE('',*,*,#10946,.T.);
#10946 = EDGE_CURVE('',#10924,#10947,#10949,.T.);
#10947 = VERTEX_POINT('',#10948);
#10948 = CARTESIAN_POINT('',(57.77,3.,4.));
#10949 = SURFACE_CURVE('',#10950,(#10955,#10962),.PCURVE_S1.);
#10950 = CIRCLE('',#10951,2.);
#10951 = AXIS2_PLACEMENT_3D('',#10952,#10953,#10954);
#10952 = CARTESIAN_POINT('',(57.77,5.,4.));
#10953 = DIRECTION('',(0.,0.,-1.));
#10954 = DIRECTION('',(-1.,0.,0.));
#10955 = PCURVE('',#10828,#10956);
#10956 = DEFINITIONAL_REPRESENTATION('',(#10957),#10961);
#10957 = CIRCLE('',#10958,2.);
#10958 = AXIS2_PLACEMENT_2D('',#10959,#10960);
#10959 = CARTESIAN_POINT('',(-57.77,5.));
#10960 = DIRECTION('',(1.,0.));
#10961 = ( GEOMETRIC_REPRESENTATION_CONTEXT(2) 
PARAMETRIC_REPRESENTATION_CONTEXT() REPRESENTATION_CONTEXT('2D SPACE',''
  ) );
#10962 = PCURVE('',#10656,#10963);
#10963 = DEFINITIONAL_REPRESENTATION('',(#10964),#10968);
#10964 = LINE('',#10965,#10966);
#10965 = CARTESIAN_POINT('',(0.,4.712388980385));
#10966 = VECTOR('',#10967,1.);
#10967 = DIRECTION('',(1.,1.696295830114E-15));
#10968 = ( GEOMETRIC_REPRESENTATION_CONTEXT(2) 
PARAMETRIC_REPRESENTATION_CONTEXT() REPRESENTATION_CONTEXT('2D SPACE',''
  ) );
#10969 = ORIENTED_EDGE('',*,*,#10970,.T.);
#10970 = EDGE_CURVE('',#10947,#10971,#10973,.T.);
#10971 = VERTEX_POINT('',#10972);
#10972 = CARTESIAN_POINT('',(51.77,3.,4.));
#10973 = SURFACE_CURVE('',#10974,(#10978,#10985),.PCURVE_S1.);
#10974 = LINE('',#10975,#10976);
#10975 = CARTESIAN_POINT('',(4.336808689942E-16,3.,4.));
#10976 = VECTOR('',#10977,1.);
#10977 = DIRECTION('',(-1.,1.445602896647E-16,-0.));
#10978 = PCURVE('',#10828,#10979);
#10979 = DEFINITIONAL_REPRESENTATION('',(#10980),#10984);
#10980 = LINE('',#10981,#10982);
#10981 = CARTESIAN_POINT('',(-4.336808689942E-16,3.));
#10982 = VECTOR('',#10983,1.);
#10983 = DIRECTION('',(1.,1.445602896647E-16));
#10984 = ( GEOMETRIC_REPRESENTATION_CONTEXT(2) 
PARAMETRIC_REPRESENTATION_CONTEXT() REPRESENTATION_CONTEXT('2D SPACE',''
  ) );
#10985 = PCURVE('',#10802,#10986);
#10986 = DEFINITIONAL_REPRESENTATION('',(#10987),#10991);
#10987 = LINE('',#10988,#10989);
#10988 = CARTESIAN_POINT('',(1.570796326795,-57.77));
#10989 = VECTOR('',#10990,1.);
#10990 = DIRECTION('',(0.,-1.));
#10991 = ( GEOMETRIC_REPRESENTATION_CONTEXT(2) 
PARAMETRIC_REPRESENTATION_CONTEXT() REPRESENTATION_CONTEXT('2D SPACE',''
  ) );
#10992 = ORIENTED_EDGE('',*,*,#10993,.T.);
#10993 = EDGE_CURVE('',#10971,#10820,#10994,.T.);
#10994 = SURFACE_CURVE('',#10995,(#11000,#11007),.PCURVE_S1.);
#10995 = CIRCLE('',#10996,2.);
#10996 = AXIS2_PLACEMENT_3D('',#10997,#10998,#10999);
#10997 = CARTESIAN_POINT('',(51.77,5.,4.));
#10998 = DIRECTION('',(0.,0.,-1.));
#10999 = DIRECTION('',(-1.,0.,0.));
#11000 = PCURVE('',#10828,#11001);
#11001 = DEFINITIONAL_REPRESENTATION('',(#11002),#11006);
#11002 = CIRCLE('',#11003,2.);
#11003 = AXIS2_PLACEMENT_2D('',#11004,#11005);
#11004 = CARTESIAN_POINT('',(-51.77,5.));
#11005 = DIRECTION('',(1.,0.));
#11006 = ( GEOMETRIC_REPRESENTATION_CONTEXT(2) 
PARAMETRIC_REPRESENTATION_CONTEXT() REPRESENTATION_CONTEXT('2D SPACE',''
  ) );
#11007 = PCURVE('',#9196,#11008);
#11008 = DEFINITIONAL_REPRESENTATION('',(#11009),#11013);
#11009 = LINE('',#11010,#11011);
#11010 = CARTESIAN_POINT('',(0.,4.712388980385));
#11011 = VECTOR('',#11012,1.);
#11012 = DIRECTION('',(1.,0.));
#11013 = ( GEOMETRIC_REPRESENTATION_CONTEXT(2) 
PARAMETRIC_REPRESENTATION_CONTEXT() REPRESENTATION_CONTEXT('2D SPACE',''
  ) );
#11014 = ADVANCED_FACE('',(#11015),#6227,.T.);
#11015 = FACE_BOUND('',#11016,.T.);
#11016 = EDGE_LOOP('',(#11017,#11018,#11019,#11076,#11077,#11130));
#11017 = ORIENTED_EDGE('',*,*,#6211,.F.);
#11018 = ORIENTED_EDGE('',*,*,#10616,.F.);
#11019 = ORIENTED_EDGE('',*,*,#11020,.T.);
#11020 = EDGE_CURVE('',#10617,#10924,#11021,.T.);
#11021 = SURFACE_CURVE('',#11022,(#11033,#11047),.PCURVE_S1.);
#11022 = B_SPLINE_CURVE_WITH_KNOTS('',3,(#11023,#11024,#11025,#11026,
    #11027,#11028,#11029,#11030,#11031,#11032),.UNSPECIFIED.,.F.,.F.,(4,
    2,2,2,4),(-6.324555320372E-06,5.078165051333E-04,1.021957565587E-03,
    1.536098626041E-03,2.050239686494E-03),.UNSPECIFIED.);
#11023 = CARTESIAN_POINT('',(58.77,5.,3.));
#11024 = CARTESIAN_POINT('',(58.77,4.878815486924,3.121183907146));
#11025 = CARTESIAN_POINT('',(58.77,4.757383330315,3.242607587782));
#11026 = CARTESIAN_POINT('',(58.77,4.503291121054,3.472660349361));
#11027 = CARTESIAN_POINT('',(58.77,4.36950482141,3.582117625477));
#11028 = CARTESIAN_POINT('',(58.77,4.084960646927,3.771392203724));
#11029 = CARTESIAN_POINT('',(58.77,3.934576491687,3.85151493818));
#11030 = CARTESIAN_POINT('',(58.77,3.608851968762,3.967107390128));
#11031 = CARTESIAN_POINT('',(58.77,3.441273874265,4.));
#11032 = CARTESIAN_POINT('',(58.77,3.267949192431,4.));
#11033 = PCURVE('',#6227,#11034);
#11034 = DEFINITIONAL_REPRESENTATION('',(#11035),#11046);
#11035 = B_SPLINE_CURVE_WITH_KNOTS('',3,(#11036,#11037,#11038,#11039,
    #11040,#11041,#11042,#11043,#11044,#11045),.UNSPECIFIED.,.F.,.F.,(4,
    2,2,2,4),(-6.324555320372E-06,5.078165051333E-04,1.021957565587E-03,
    1.536098626041E-03,2.050239686494E-03),.UNSPECIFIED.);
#11036 = CARTESIAN_POINT('',(-1.,0.));
#11037 = CARTESIAN_POINT('',(-0.878816092854,-0.121184513076));
#11038 = CARTESIAN_POINT('',(-0.757392412218,-0.242616669685));
#11039 = CARTESIAN_POINT('',(-0.527339650639,-0.496708878946));
#11040 = CARTESIAN_POINT('',(-0.417882374523,-0.63049517859));
#11041 = CARTESIAN_POINT('',(-0.228607796276,-0.915039353073));
#11042 = CARTESIAN_POINT('',(-0.14848506182,-1.065423508313));
#11043 = CARTESIAN_POINT('',(-3.289260987207E-02,-1.391148031238));
#11044 = CARTESIAN_POINT('',(-8.881784197001E-16,-1.558726125735));
#11045 = CARTESIAN_POINT('',(0.,-1.732050807569));
#11046 = ( GEOMETRIC_REPRESENTATION_CONTEXT(2) 
PARAMETRIC_REPRESENTATION_CONTEXT() REPRESENTATION_CONTEXT('2D SPACE',''
  ) );
#11047 = PCURVE('',#10656,#11048);
#11048 = DEFINITIONAL_REPRESENTATION('',(#11049),#11075);
#11049 = B_SPLINE_CURVE_WITH_KNOTS('',3,(#11050,#11051,#11052,#11053,
    #11054,#11055,#11056,#11057,#11058,#11059,#11060,#11061,#11062,
    #11063,#11064,#11065,#11066,#11067,#11068,#11069,#11070,#11071,
    #11072,#11073,#11074),.UNSPECIFIED.,.F.,.F.,(4,1,1,1,1,1,1,1,1,1,1,1
    ,1,1,1,1,1,1,1,1,1,1,4),(-6.324555320372E-06,8.715563748938E-05,
    1.806358302991E-04,2.741160231089E-04,3.675962159186E-04,
    4.610764087284E-04,5.545566015381E-04,6.480367943479E-04,
    7.415169871576E-04,8.349971799674E-04,9.284773727771E-04,
    1.021957565587E-03,1.115437758397E-03,1.208917951206E-03,
    1.302398144016E-03,1.395878336826E-03,1.489358529636E-03,
    1.582838722445E-03,1.676318915255E-03,1.769799108065E-03,
    1.863279300875E-03,1.956759493684E-03,2.050239686494E-03),
  .UNSPECIFIED.);
#11050 = CARTESIAN_POINT('',(3.14159265359,3.14159265359));
#11051 = CARTESIAN_POINT('',(3.163627299121,3.163626289245));
#11052 = CARTESIAN_POINT('',(3.207709152185,3.207708693877));
#11053 = CARTESIAN_POINT('',(3.27350008389,3.273930450923));
#11054 = CARTESIAN_POINT('',(3.338581826935,3.340302261964));
#11055 = CARTESIAN_POINT('',(3.402604364577,3.406878992746));
#11056 = CARTESIAN_POINT('',(3.465252815492,3.473724011806));
#11057 = CARTESIAN_POINT('',(3.526242841015,3.540892115262));
#11058 = CARTESIAN_POINT('',(3.585507261356,3.608629501774));
#11059 = CARTESIAN_POINT('',(3.642703473785,3.676895997144));
#11060 = CARTESIAN_POINT('',(3.697607707228,3.7456900869));
#11061 = CARTESIAN_POINT('',(3.7500511168,3.81500544069));
#11062 = CARTESIAN_POINT('',(3.799943201788,3.884845849924));
#11063 = CARTESIAN_POINT('',(3.847213871535,3.955241991925));
#11064 = CARTESIAN_POINT('',(3.891902480925,4.026312282262));
#11065 = CARTESIAN_POINT('',(3.934104613964,4.09820221443));
#11066 = CARTESIAN_POINT('',(3.973926398214,4.17112075482));
#11067 = CARTESIAN_POINT('',(4.011465169951,4.245264776662));
#11068 = CARTESIAN_POINT('',(4.046898246178,4.321089975531));
#11069 = CARTESIAN_POINT('',(4.079673681256,4.397292236461));
#11070 = CARTESIAN_POINT('',(4.110093081441,4.474205631234));
#11071 = CARTESIAN_POINT('',(4.138338490716,4.552066302008));
#11072 = CARTESIAN_POINT('',(4.164606030575,4.63121345646));
#11073 = CARTESIAN_POINT('',(4.180910526935,4.685101010303));
#11074 = CARTESIAN_POINT('',(4.188790204786,4.712388980385));
#11075 = ( GEOMETRIC_REPRESENTATION_CONTEXT(2) 
PARAMETRIC_REPRESENTATION_CONTEXT() REPRESENTATION_CONTEXT('2D SPACE',''
  ) );
#11076 = ORIENTED_EDGE('',*,*,#10923,.T.);
#11077 = ORIENTED_EDGE('',*,*,#11078,.T.);
#11078 = EDGE_CURVE('',#10900,#9007,#11079,.T.);
#11079 = SURFACE_CURVE('',#11080,(#11089,#11101),.PCURVE_S1.);
#11080 = B_SPLINE_CURVE_WITH_KNOTS('',3,(#11081,#11082,#11083,#11084,
    #11085,#11086,#11087,#11088),.UNSPECIFIED.,.F.,.F.,(4,2,2,4),(
    4.336808689942E-19,5.11871058315E-04,1.02374211663E-03,
    2.04748423326E-03),.UNSPECIFIED.);
#11081 = CARTESIAN_POINT('',(58.77,-3.267949192431,4.));
#11082 = CARTESIAN_POINT('',(58.77,-3.441276245406,4.));
#11083 = CARTESIAN_POINT('',(58.77,-3.6088567724,3.967106430756));
#11084 = CARTESIAN_POINT('',(58.77,-3.934585056104,3.851511153493));
#11085 = CARTESIAN_POINT('',(58.77,-4.084970830306,3.771386538621));
#11086 = CARTESIAN_POINT('',(58.77,-4.511791575796,3.48746836239));
#11087 = CARTESIAN_POINT('',(58.77,-4.758701065794,3.241297727696));
#11088 = CARTESIAN_POINT('',(58.77,-5.,3.));
#11089 = PCURVE('',#6227,#11090);
#11090 = DEFINITIONAL_REPRESENTATION('',(#11091),#11100);
#11091 = B_SPLINE_CURVE_WITH_KNOTS('',3,(#11092,#11093,#11094,#11095,
    #11096,#11097,#11098,#11099),.UNSPECIFIED.,.F.,.F.,(4,2,2,4),(
    4.336808689942E-19,5.11871058315E-04,1.02374211663E-03,
    2.04748423326E-03),.UNSPECIFIED.);
#11092 = CARTESIAN_POINT('',(0.,-8.267949192431));
#11093 = CARTESIAN_POINT('',(8.881784197001E-16,-8.441276245406));
#11094 = CARTESIAN_POINT('',(-3.289356924358E-02,-8.6088567724));
#11095 = CARTESIAN_POINT('',(-0.148488846507,-8.934585056104));
#11096 = CARTESIAN_POINT('',(-0.228613461379,-9.084970830306));
#11097 = CARTESIAN_POINT('',(-0.51253163761,-9.511791575796));
#11098 = CARTESIAN_POINT('',(-0.758702272304,-9.758701065794));
#11099 = CARTESIAN_POINT('',(-1.,-10.));
#11100 = ( GEOMETRIC_REPRESENTATION_CONTEXT(2) 
PARAMETRIC_REPRESENTATION_CONTEXT() REPRESENTATION_CONTEXT('2D SPACE',''
  ) );
#11101 = PCURVE('',#9025,#11102);
#11102 = DEFINITIONAL_REPRESENTATION('',(#11103),#11129);
#11103 = B_SPLINE_CURVE_WITH_KNOTS('',3,(#11104,#11105,#11106,#11107,
    #11108,#11109,#11110,#11111,#11112,#11113,#11114,#11115,#11116,
    #11117,#11118,#11119,#11120,#11121,#11122,#11123,#11124,#11125,
    #11126,#11127,#11128),.UNSPECIFIED.,.F.,.F.,(4,1,1,1,1,1,1,1,1,1,1,1
    ,1,1,1,1,1,1,1,1,1,1,4),(4.336808689942E-19,9.306746514818E-05,
    1.861349302964E-04,2.792023954445E-04,3.722698605927E-04,
    4.653373257409E-04,5.584047908891E-04,6.514722560372E-04,
    7.445397211854E-04,8.376071863336E-04,9.306746514818E-04,
    1.02374211663E-03,1.116809581778E-03,1.209877046926E-03,
    1.302944512074E-03,1.396011977223E-03,1.489079442371E-03,
    1.582146907519E-03,1.675214372667E-03,1.768281837815E-03,
    1.861349302964E-03,1.954416768112E-03,2.04748423326E-03),
  .QUASI_UNIFORM_KNOTS.);
#11104 = CARTESIAN_POINT('',(2.094395102393,4.712388980385));
#11105 = CARTESIAN_POINT('',(2.102274887932,4.685100637223));
#11106 = CARTESIAN_POINT('',(2.118579618689,4.631212342789));
#11107 = CARTESIAN_POINT('',(2.144847568385,4.552064101189));
#11108 = CARTESIAN_POINT('',(2.173093448258,4.474202371743));
#11109 = CARTESIAN_POINT('',(2.20351337758,4.397287959548));
#11110 = CARTESIAN_POINT('',(2.236289406529,4.321084721142));
#11111 = CARTESIAN_POINT('',(2.271723105333,4.245258641083));
#11112 = CARTESIAN_POINT('',(2.309262650302,4.171113640305));
#11113 = CARTESIAN_POINT('',(2.349084982786,4.098194550549));
#11114 = CARTESIAN_POINT('',(2.391288857133,4.026302509772));
#11115 = CARTESIAN_POINT('',(2.435975124042,3.955235947123));
#11116 = CARTESIAN_POINT('',(2.483259068789,3.884821752825));
#11117 = CARTESIAN_POINT('',(2.533106518633,3.81504456557));
#11118 = CARTESIAN_POINT('',(2.585406434353,3.745890533125));
#11119 = CARTESIAN_POINT('',(2.640135305441,3.677251247822));
#11120 = CARTESIAN_POINT('',(2.697186259608,3.609071159501));
#11121 = CARTESIAN_POINT('',(2.756407252026,3.541301154896));
#11122 = CARTESIAN_POINT('',(2.817585734167,3.473904561589));
#11123 = CARTESIAN_POINT('',(2.880451338059,3.406850277494));
#11124 = CARTESIAN_POINT('',(2.944678532382,3.340110950472));
#11125 = CARTESIAN_POINT('',(3.009894351106,3.273661973441));
#11126 = CARTESIAN_POINT('',(3.075691072799,3.207481212584));
#11127 = CARTESIAN_POINT('',(3.119655850716,3.163529320491));
#11128 = CARTESIAN_POINT('',(3.14159265359,3.14159265359));
#11129 = ( GEOMETRIC_REPRESENTATION_CONTEXT(2) 
PARAMETRIC_REPRESENTATION_CONTEXT() REPRESENTATION_CONTEXT('2D SPACE',''
  ) );
#11130 = ORIENTED_EDGE('',*,*,#9037,.T.);
#11131 = ADVANCED_FACE('',(#11132),#4662,.T.);
#11132 = FACE_BOUND('',#11133,.T.);
#11133 = EDGE_LOOP('',(#11134,#11135,#11156,#11213,#11214,#11267));
#11134 = ORIENTED_EDGE('',*,*,#6138,.F.);
#11135 = ORIENTED_EDGE('',*,*,#11136,.F.);
#11136 = EDGE_CURVE('',#2225,#6113,#11137,.T.);
#11137 = SURFACE_CURVE('',#11138,(#11142,#11149),.PCURVE_S1.);
#11138 = LINE('',#11139,#11140);
#11139 = CARTESIAN_POINT('',(50.77,-5.,4.));
#11140 = VECTOR('',#11141,1.);
#11141 = DIRECTION('',(0.,0.,1.));
#11142 = PCURVE('',#4662,#11143);
#11143 = DEFINITIONAL_REPRESENTATION('',(#11144),#11148);
#11144 = LINE('',#11145,#11146);
#11145 = CARTESIAN_POINT('',(0.,-5.));
#11146 = VECTOR('',#11147,1.);
#11147 = DIRECTION('',(-1.,0.));
#11148 = ( GEOMETRIC_REPRESENTATION_CONTEXT(2) 
PARAMETRIC_REPRESENTATION_CONTEXT() REPRESENTATION_CONTEXT('2D SPACE',''
  ) );
#11149 = PCURVE('',#2240,#11150);
#11150 = DEFINITIONAL_REPRESENTATION('',(#11151),#11155);
#11151 = LINE('',#11152,#11153);
#11152 = CARTESIAN_POINT('',(6.28318530718,1.));
#11153 = VECTOR('',#11154,1.);
#11154 = DIRECTION('',(0.,-1.));
#11155 = ( GEOMETRIC_REPRESENTATION_CONTEXT(2) 
PARAMETRIC_REPRESENTATION_CONTEXT() REPRESENTATION_CONTEXT('2D SPACE',''
  ) );
#11156 = ORIENTED_EDGE('',*,*,#11157,.T.);
#11157 = EDGE_CURVE('',#2225,#10818,#11158,.T.);
#11158 = SURFACE_CURVE('',#11159,(#11170,#11184),.PCURVE_S1.);
#11159 = B_SPLINE_CURVE_WITH_KNOTS('',3,(#11160,#11161,#11162,#11163,
    #11164,#11165,#11166,#11167,#11168,#11169),.UNSPECIFIED.,.F.,.F.,(4,
    2,2,2,4),(-6.324555320371E-06,5.078165051333E-04,1.021957565587E-03,
    1.536098626041E-03,2.050239686494E-03),.UNSPECIFIED.);
#11160 = CARTESIAN_POINT('',(50.77,-5.,3.));
#11161 = CARTESIAN_POINT('',(50.77,-4.878815486924,3.121183907146));
#11162 = CARTESIAN_POINT('',(50.77,-4.757383330315,3.242607587782));
#11163 = CARTESIAN_POINT('',(50.77,-4.503291121054,3.472660349361));
#11164 = CARTESIAN_POINT('',(50.77,-4.36950482141,3.582117625477));
#11165 = CARTESIAN_POINT('',(50.77,-4.084960646927,3.771392203724));
#11166 = CARTESIAN_POINT('',(50.77,-3.934576491687,3.85151493818));
#11167 = CARTESIAN_POINT('',(50.77,-3.608851968762,3.967107390128));
#11168 = CARTESIAN_POINT('',(50.77,-3.441273874265,4.));
#11169 = CARTESIAN_POINT('',(50.77,-3.267949192431,4.));
#11170 = PCURVE('',#4662,#11171);
#11171 = DEFINITIONAL_REPRESENTATION('',(#11172),#11183);
#11172 = B_SPLINE_CURVE_WITH_KNOTS('',3,(#11173,#11174,#11175,#11176,
    #11177,#11178,#11179,#11180,#11181,#11182),.UNSPECIFIED.,.F.,.F.,(4,
    2,2,2,4),(-6.324555320371E-06,5.078165051333E-04,1.021957565587E-03,
    1.536098626041E-03,2.050239686494E-03),.UNSPECIFIED.);
#11173 = CARTESIAN_POINT('',(1.,-5.));
#11174 = CARTESIAN_POINT('',(0.878816092854,-4.878815486924));
#11175 = CARTESIAN_POINT('',(0.757392412218,-4.757383330315));
#11176 = CARTESIAN_POINT('',(0.527339650639,-4.503291121054));
#11177 = CARTESIAN_POINT('',(0.417882374523,-4.36950482141));
#11178 = CARTESIAN_POINT('',(0.228607796276,-4.084960646927));
#11179 = CARTESIAN_POINT('',(0.14848506182,-3.934576491687));
#11180 = CARTESIAN_POINT('',(3.289260987207E-02,-3.608851968762));
#11181 = CARTESIAN_POINT('',(8.881784197001E-16,-3.441273874265));
#11182 = CARTESIAN_POINT('',(0.,-3.267949192431));
#11183 = ( GEOMETRIC_REPRESENTATION_CONTEXT(2) 
PARAMETRIC_REPRESENTATION_CONTEXT() REPRESENTATION_CONTEXT('2D SPACE',''
  ) );
#11184 = PCURVE('',#2267,#11185);
#11185 = DEFINITIONAL_REPRESENTATION('',(#11186),#11212);
#11186 = B_SPLINE_CURVE_WITH_KNOTS('',3,(#11187,#11188,#11189,#11190,
    #11191,#11192,#11193,#11194,#11195,#11196,#11197,#11198,#11199,
    #11200,#11201,#11202,#11203,#11204,#11205,#11206,#11207,#11208,
    #11209,#11210,#11211),.UNSPECIFIED.,.F.,.F.,(4,1,1,1,1,1,1,1,1,1,1,1
    ,1,1,1,1,1,1,1,1,1,1,4),(-6.324555320371E-06,8.715563748938E-05,
    1.806358302991E-04,2.741160231089E-04,3.675962159186E-04,
    4.610764087284E-04,5.545566015381E-04,6.480367943479E-04,
    7.415169871576E-04,8.349971799674E-04,9.284773727771E-04,
    1.021957565587E-03,1.115437758397E-03,1.208917951206E-03,
    1.302398144016E-03,1.395878336826E-03,1.489358529636E-03,
    1.582838722445E-03,1.676318915255E-03,1.769799108065E-03,
    1.863279300875E-03,1.956759493684E-03,2.050239686494E-03),
  .UNSPECIFIED.);
#11187 = CARTESIAN_POINT('',(0.,3.14159265359));
#11188 = CARTESIAN_POINT('',(2.203464553089E-02,3.163626289245));
#11189 = CARTESIAN_POINT('',(6.611649859572E-02,3.207708693877));
#11190 = CARTESIAN_POINT('',(0.1319074303,3.273930450923));
#11191 = CARTESIAN_POINT('',(0.196989173345,3.340302261964));
#11192 = CARTESIAN_POINT('',(0.261011710987,3.406878992746));
#11193 = CARTESIAN_POINT('',(0.323660161902,3.473724011806));
#11194 = CARTESIAN_POINT('',(0.384650187425,3.540892115262));
#11195 = CARTESIAN_POINT('',(0.443914607766,3.608629501774));
#11196 = CARTESIAN_POINT('',(0.501110820195,3.676895997144));
#11197 = CARTESIAN_POINT('',(0.556015053639,3.7456900869));
#11198 = CARTESIAN_POINT('',(0.60845846321,3.81500544069));
#11199 = CARTESIAN_POINT('',(0.658350548198,3.884845849924));
#11200 = CARTESIAN_POINT('',(0.705621217946,3.955241991925));
#11201 = CARTESIAN_POINT('',(0.750309827335,4.026312282262));
#11202 = CARTESIAN_POINT('',(0.792511960374,4.09820221443));
#11203 = CARTESIAN_POINT('',(0.832333744624,4.17112075482));
#11204 = CARTESIAN_POINT('',(0.869872516361,4.245264776662));
#11205 = CARTESIAN_POINT('',(0.905305592588,4.321089975531));
#11206 = CARTESIAN_POINT('',(0.938081027666,4.397292236461));
#11207 = CARTESIAN_POINT('',(0.968500427851,4.474205631234));
#11208 = CARTESIAN_POINT('',(0.996745837126,4.552066302008));
#11209 = CARTESIAN_POINT('',(1.023013376985,4.63121345646));
#11210 = CARTESIAN_POINT('',(1.039317873345,4.685101010303));
#11211 = CARTESIAN_POINT('',(1.047197551197,4.712388980385));
#11212 = ( GEOMETRIC_REPRESENTATION_CONTEXT(2) 
PARAMETRIC_REPRESENTATION_CONTEXT() REPRESENTATION_CONTEXT('2D SPACE',''
  ) );
#11213 = ORIENTED_EDGE('',*,*,#10817,.T.);
#11214 = ORIENTED_EDGE('',*,*,#11215,.T.);
#11215 = EDGE_CURVE('',#10820,#4621,#11216,.T.);
#11216 = SURFACE_CURVE('',#11217,(#11226,#11238),.PCURVE_S1.);
#11217 = B_SPLINE_CURVE_WITH_KNOTS('',3,(#11218,#11219,#11220,#11221,
    #11222,#11223,#11224,#11225),.UNSPECIFIED.,.F.,.F.,(4,2,2,4),(0.,
    5.11871058315E-04,1.02374211663E-03,2.04748423326E-03),
  .UNSPECIFIED.);
#11218 = CARTESIAN_POINT('',(50.77,3.267949192431,4.));
#11219 = CARTESIAN_POINT('',(50.77,3.441276245406,4.));
#11220 = CARTESIAN_POINT('',(50.77,3.6088567724,3.967106430756));
#11221 = CARTESIAN_POINT('',(50.77,3.934585056104,3.851511153493));
#11222 = CARTESIAN_POINT('',(50.77,4.084970830306,3.771386538621));
#11223 = CARTESIAN_POINT('',(50.77,4.511791575796,3.48746836239));
#11224 = CARTESIAN_POINT('',(50.77,4.758701065794,3.241297727696));
#11225 = CARTESIAN_POINT('',(50.77,5.,3.));
#11226 = PCURVE('',#4662,#11227);
#11227 = DEFINITIONAL_REPRESENTATION('',(#11228),#11237);
#11228 = B_SPLINE_CURVE_WITH_KNOTS('',3,(#11229,#11230,#11231,#11232,
    #11233,#11234,#11235,#11236),.UNSPECIFIED.,.F.,.F.,(4,2,2,4),(0.,
    5.11871058315E-04,1.02374211663E-03,2.04748423326E-03),
  .UNSPECIFIED.);
#11229 = CARTESIAN_POINT('',(0.,3.267949192431));
#11230 = CARTESIAN_POINT('',(0.,3.441276245406));
#11231 = CARTESIAN_POINT('',(3.289356924358E-02,3.6088567724));
#11232 = CARTESIAN_POINT('',(0.148488846507,3.934585056104));
#11233 = CARTESIAN_POINT('',(0.228613461379,4.084970830306));
#11234 = CARTESIAN_POINT('',(0.51253163761,4.511791575796));
#11235 = CARTESIAN_POINT('',(0.758702272304,4.758701065794));
#11236 = CARTESIAN_POINT('',(1.,5.));
#11237 = ( GEOMETRIC_REPRESENTATION_CONTEXT(2) 
PARAMETRIC_REPRESENTATION_CONTEXT() REPRESENTATION_CONTEXT('2D SPACE',''
  ) );
#11238 = PCURVE('',#9196,#11239);
#11239 = DEFINITIONAL_REPRESENTATION('',(#11240),#11266);
#11240 = B_SPLINE_CURVE_WITH_KNOTS('',3,(#11241,#11242,#11243,#11244,
    #11245,#11246,#11247,#11248,#11249,#11250,#11251,#11252,#11253,
    #11254,#11255,#11256,#11257,#11258,#11259,#11260,#11261,#11262,
    #11263,#11264,#11265),.UNSPECIFIED.,.F.,.F.,(4,1,1,1,1,1,1,1,1,1,1,1
    ,1,1,1,1,1,1,1,1,1,1,4),(0.,9.306746514818E-05,1.861349302964E-04,
    2.792023954445E-04,3.722698605927E-04,4.653373257409E-04,
    5.584047908891E-04,6.514722560372E-04,7.445397211854E-04,
    8.376071863336E-04,9.306746514818E-04,1.02374211663E-03,
    1.116809581778E-03,1.209877046926E-03,1.302944512074E-03,
    1.396011977223E-03,1.489079442371E-03,1.582146907519E-03,
    1.675214372667E-03,1.768281837815E-03,1.861349302964E-03,
    1.954416768112E-03,2.04748423326E-03),.QUASI_UNIFORM_KNOTS.);
#11241 = CARTESIAN_POINT('',(5.235987755983,4.712388980385));
#11242 = CARTESIAN_POINT('',(5.243867541522,4.685100637223));
#11243 = CARTESIAN_POINT('',(5.260172272279,4.631212342789));
#11244 = CARTESIAN_POINT('',(5.286440221974,4.552064101189));
#11245 = CARTESIAN_POINT('',(5.314686101848,4.474202371743));
#11246 = CARTESIAN_POINT('',(5.345106031169,4.397287959548));
#11247 = CARTESIAN_POINT('',(5.377882060119,4.321084721142));
#11248 = CARTESIAN_POINT('',(5.413315758923,4.245258641083));
#11249 = CARTESIAN_POINT('',(5.450855303892,4.171113640305));
#11250 = CARTESIAN_POINT('',(5.490677636375,4.098194550549));
#11251 = CARTESIAN_POINT('',(5.532881510723,4.026302509772));
#11252 = CARTESIAN_POINT('',(5.577567777632,3.955235947123));
#11253 = CARTESIAN_POINT('',(5.624851722379,3.884821752825));
#11254 = CARTESIAN_POINT('',(5.674699172223,3.81504456557));
#11255 = CARTESIAN_POINT('',(5.726999087942,3.745890533125));
#11256 = CARTESIAN_POINT('',(5.781727959031,3.677251247822));
#11257 = CARTESIAN_POINT('',(5.838778913198,3.609071159501));
#11258 = CARTESIAN_POINT('',(5.897999905616,3.541301154896));
#11259 = CARTESIAN_POINT('',(5.959178387756,3.473904561589));
#11260 = CARTESIAN_POINT('',(6.022043991649,3.406850277494));
#11261 = CARTESIAN_POINT('',(6.086271185971,3.340110950472));
#11262 = CARTESIAN_POINT('',(6.151487004695,3.273661973441));
#11263 = CARTESIAN_POINT('',(6.217283726389,3.207481212584));
#11264 = CARTESIAN_POINT('',(6.261248504306,3.163529320491));
#11265 = CARTESIAN_POINT('',(6.28318530718,3.14159265359));
#11266 = ( GEOMETRIC_REPRESENTATION_CONTEXT(2) 
PARAMETRIC_REPRESENTATION_CONTEXT() REPRESENTATION_CONTEXT('2D SPACE',''
  ) );
#11267 = ORIENTED_EDGE('',*,*,#4648,.T.);
#11268 = ADVANCED_FACE('',(#11269),#2183,.T.);
#11269 = FACE_BOUND('',#11270,.T.);
#11270 = EDGE_LOOP('',(#11271,#11272,#11293,#11294));
#11271 = ORIENTED_EDGE('',*,*,#2160,.T.);
#11272 = ORIENTED_EDGE('',*,*,#11273,.T.);
#11273 = EDGE_CURVE('',#2163,#9082,#11274,.T.);
#11274 = SURFACE_CURVE('',#11275,(#11279,#11286),.PCURVE_S1.);
#11275 = LINE('',#11276,#11277);
#11276 = CARTESIAN_POINT('',(57.77,-4.,-4.));
#11277 = VECTOR('',#11278,1.);
#11278 = DIRECTION('',(1.,1.445602896647E-16,-0.));
#11279 = PCURVE('',#2183,#11280);
#11280 = DEFINITIONAL_REPRESENTATION('',(#11281),#11285);
#11281 = LINE('',#11282,#11283);
#11282 = CARTESIAN_POINT('',(0.,-9.));
#11283 = VECTOR('',#11284,1.);
#11284 = DIRECTION('',(1.,0.));
#11285 = ( GEOMETRIC_REPRESENTATION_CONTEXT(2) 
PARAMETRIC_REPRESENTATION_CONTEXT() REPRESENTATION_CONTEXT('2D SPACE',''
  ) );
#11286 = PCURVE('',#7824,#11287);
#11287 = DEFINITIONAL_REPRESENTATION('',(#11288),#11292);
#11288 = LINE('',#11289,#11290);
#11289 = CARTESIAN_POINT('',(3.14159265359,-27.));
#11290 = VECTOR('',#11291,1.);
#11291 = DIRECTION('',(0.,1.));
#11292 = ( GEOMETRIC_REPRESENTATION_CONTEXT(2) 
PARAMETRIC_REPRESENTATION_CONTEXT() REPRESENTATION_CONTEXT('2D SPACE',''
  ) );
#11293 = ORIENTED_EDGE('',*,*,#9105,.F.);
#11294 = ORIENTED_EDGE('',*,*,#11295,.T.);
#11295 = EDGE_CURVE('',#9009,#2161,#11296,.T.);
#11296 = SURFACE_CURVE('',#11297,(#11301,#11308),.PCURVE_S1.);
#11297 = LINE('',#11298,#11299);
#11298 = CARTESIAN_POINT('',(51.77,-4.,3.));
#11299 = VECTOR('',#11300,1.);
#11300 = DIRECTION('',(-1.,-1.445602896647E-16,0.));
#11301 = PCURVE('',#2183,#11302);
#11302 = DEFINITIONAL_REPRESENTATION('',(#11303),#11307);
#11303 = LINE('',#11304,#11305);
#11304 = CARTESIAN_POINT('',(-6.,-2.));
#11305 = VECTOR('',#11306,1.);
#11306 = DIRECTION('',(-1.,0.));
#11307 = ( GEOMETRIC_REPRESENTATION_CONTEXT(2) 
PARAMETRIC_REPRESENTATION_CONTEXT() REPRESENTATION_CONTEXT('2D SPACE',''
  ) );
#11308 = PCURVE('',#10887,#11309);
#11309 = DEFINITIONAL_REPRESENTATION('',(#11310),#11314);
#11310 = LINE('',#11311,#11312);
#11311 = CARTESIAN_POINT('',(0.,-51.77));
#11312 = VECTOR('',#11313,1.);
#11313 = DIRECTION('',(0.,1.));
#11314 = ( GEOMETRIC_REPRESENTATION_CONTEXT(2) 
PARAMETRIC_REPRESENTATION_CONTEXT() REPRESENTATION_CONTEXT('2D SPACE',''
  ) );
#11315 = ADVANCED_FACE('',(#11316),#2240,.F.);
#11316 = FACE_BOUND('',#11317,.F.);
#11317 = EDGE_LOOP('',(#11318,#11342,#11363,#11364,#11365));
#11318 = ORIENTED_EDGE('',*,*,#11319,.F.);
#11319 = EDGE_CURVE('',#11320,#2196,#11322,.T.);
#11320 = VERTEX_POINT('',#11321);
#11321 = CARTESIAN_POINT('',(51.77,-6.,-4.));
#11322 = SURFACE_CURVE('',#11323,(#11328,#11335),.PCURVE_S1.);
#11323 = CIRCLE('',#11324,1.);
#11324 = AXIS2_PLACEMENT_3D('',#11325,#11326,#11327);
#11325 = CARTESIAN_POINT('',(51.77,-5.,-4.));
#11326 = DIRECTION('',(0.,0.,-1.));
#11327 = DIRECTION('',(1.,0.,0.));
#11328 = PCURVE('',#2240,#11329);
#11329 = DEFINITIONAL_REPRESENTATION('',(#11330),#11334);
#11330 = LINE('',#11331,#11332);
#11331 = CARTESIAN_POINT('',(3.14159265359,9.));
#11332 = VECTOR('',#11333,1.);
#11333 = DIRECTION('',(1.,0.));
#11334 = ( GEOMETRIC_REPRESENTATION_CONTEXT(2) 
PARAMETRIC_REPRESENTATION_CONTEXT() REPRESENTATION_CONTEXT('2D SPACE',''
  ) );
#11335 = PCURVE('',#2212,#11336);
#11336 = DEFINITIONAL_REPRESENTATION('',(#11337),#11341);
#11337 = LINE('',#11338,#11339);
#11338 = CARTESIAN_POINT('',(6.28318530718,3.14159265359));
#11339 = VECTOR('',#11340,1.);
#11340 = DIRECTION('',(-1.,0.));
#11341 = ( GEOMETRIC_REPRESENTATION_CONTEXT(2) 
PARAMETRIC_REPRESENTATION_CONTEXT() REPRESENTATION_CONTEXT('2D SPACE',''
  ) );
#11342 = ORIENTED_EDGE('',*,*,#11343,.F.);
#11343 = EDGE_CURVE('',#6115,#11320,#11344,.T.);
#11344 = SURFACE_CURVE('',#11345,(#11349,#11356),.PCURVE_S1.);
#11345 = LINE('',#11346,#11347);
#11346 = CARTESIAN_POINT('',(51.77,-6.,5.));
#11347 = VECTOR('',#11348,1.);
#11348 = DIRECTION('',(-0.,-0.,-1.));
#11349 = PCURVE('',#2240,#11350);
#11350 = DEFINITIONAL_REPRESENTATION('',(#11351),#11355);
#11351 = LINE('',#11352,#11353);
#11352 = CARTESIAN_POINT('',(4.712388980385,0.));
#11353 = VECTOR('',#11354,1.);
#11354 = DIRECTION('',(0.,1.));
#11355 = ( GEOMETRIC_REPRESENTATION_CONTEXT(2) 
PARAMETRIC_REPRESENTATION_CONTEXT() REPRESENTATION_CONTEXT('2D SPACE',''
  ) );
#11356 = PCURVE('',#6277,#11357);
#11357 = DEFINITIONAL_REPRESENTATION('',(#11358),#11362);
#11358 = LINE('',#11359,#11360);
#11359 = CARTESIAN_POINT('',(6.,0.));
#11360 = VECTOR('',#11361,1.);
#11361 = DIRECTION('',(0.,-1.));
#11362 = ( GEOMETRIC_REPRESENTATION_CONTEXT(2) 
PARAMETRIC_REPRESENTATION_CONTEXT() REPRESENTATION_CONTEXT('2D SPACE',''
  ) );
#11363 = ORIENTED_EDGE('',*,*,#6112,.F.);
#11364 = ORIENTED_EDGE('',*,*,#11136,.F.);
#11365 = ORIENTED_EDGE('',*,*,#2224,.T.);
#11366 = ADVANCED_FACE('',(#11367),#6277,.T.);
#11367 = FACE_BOUND('',#11368,.T.);
#11368 = EDGE_LOOP('',(#11369,#11370,#11391,#11392));
#11369 = ORIENTED_EDGE('',*,*,#9059,.T.);
#11370 = ORIENTED_EDGE('',*,*,#11371,.T.);
#11371 = EDGE_CURVE('',#2044,#11320,#11372,.T.);
#11372 = SURFACE_CURVE('',#11373,(#11377,#11384),.PCURVE_S1.);
#11373 = LINE('',#11374,#11375);
#11374 = CARTESIAN_POINT('',(51.77,-6.,-4.));
#11375 = VECTOR('',#11376,1.);
#11376 = DIRECTION('',(-1.,-1.445602896647E-16,-0.));
#11377 = PCURVE('',#6277,#11378);
#11378 = DEFINITIONAL_REPRESENTATION('',(#11379),#11383);
#11379 = LINE('',#11380,#11381);
#11380 = CARTESIAN_POINT('',(6.,-9.));
#11381 = VECTOR('',#11382,1.);
#11382 = DIRECTION('',(1.,-0.));
#11383 = ( GEOMETRIC_REPRESENTATION_CONTEXT(2) 
PARAMETRIC_REPRESENTATION_CONTEXT() REPRESENTATION_CONTEXT('2D SPACE',''
  ) );
#11384 = PCURVE('',#2145,#11385);
#11385 = DEFINITIONAL_REPRESENTATION('',(#11386),#11390);
#11386 = LINE('',#11387,#11388);
#11387 = CARTESIAN_POINT('',(3.14159265359,33.));
#11388 = VECTOR('',#11389,1.);
#11389 = DIRECTION('',(0.,1.));
#11390 = ( GEOMETRIC_REPRESENTATION_CONTEXT(2) 
PARAMETRIC_REPRESENTATION_CONTEXT() REPRESENTATION_CONTEXT('2D SPACE',''
  ) );
#11391 = ORIENTED_EDGE('',*,*,#11343,.F.);
#11392 = ORIENTED_EDGE('',*,*,#6263,.T.);
#11393 = ADVANCED_FACE('',(#11394),#2212,.T.);
#11394 = FACE_BOUND('',#11395,.T.);
#11395 = EDGE_LOOP('',(#11396,#11418,#11419,#11420,#11442));
#11396 = ORIENTED_EDGE('',*,*,#11397,.F.);
#11397 = EDGE_CURVE('',#2163,#7809,#11398,.T.);
#11398 = SURFACE_CURVE('',#11399,(#11404,#11411),.PCURVE_S1.);
#11399 = CIRCLE('',#11400,1.);
#11400 = AXIS2_PLACEMENT_3D('',#11401,#11402,#11403);
#11401 = CARTESIAN_POINT('',(51.77,-3.,-4.));
#11402 = DIRECTION('',(1.,0.,0.));
#11403 = DIRECTION('',(0.,0.,-1.));
#11404 = PCURVE('',#2212,#11405);
#11405 = DEFINITIONAL_REPRESENTATION('',(#11406),#11410);
#11406 = LINE('',#11407,#11408);
#11407 = CARTESIAN_POINT('',(1.570796326795,-1.570796326795));
#11408 = VECTOR('',#11409,1.);
#11409 = DIRECTION('',(0.,1.));
#11410 = ( GEOMETRIC_REPRESENTATION_CONTEXT(2) 
PARAMETRIC_REPRESENTATION_CONTEXT() REPRESENTATION_CONTEXT('2D SPACE',''
  ) );
#11411 = PCURVE('',#7824,#11412);
#11412 = DEFINITIONAL_REPRESENTATION('',(#11413),#11417);
#11413 = LINE('',#11414,#11415);
#11414 = CARTESIAN_POINT('',(-1.570796326795,-33.));
#11415 = VECTOR('',#11416,1.);
#11416 = DIRECTION('',(1.,0.));
#11417 = ( GEOMETRIC_REPRESENTATION_CONTEXT(2) 
PARAMETRIC_REPRESENTATION_CONTEXT() REPRESENTATION_CONTEXT('2D SPACE',''
  ) );
#11418 = ORIENTED_EDGE('',*,*,#2195,.F.);
#11419 = ORIENTED_EDGE('',*,*,#11319,.F.);
#11420 = ORIENTED_EDGE('',*,*,#11421,.F.);
#11421 = EDGE_CURVE('',#7761,#11320,#11422,.T.);
#11422 = SURFACE_CURVE('',#11423,(#11428,#11435),.PCURVE_S1.);
#11423 = CIRCLE('',#11424,1.);
#11424 = AXIS2_PLACEMENT_3D('',#11425,#11426,#11427);
#11425 = CARTESIAN_POINT('',(51.77,-7.,-4.));
#11426 = DIRECTION('',(1.,-0.,0.));
#11427 = DIRECTION('',(0.,0.,-1.));
#11428 = PCURVE('',#2212,#11429);
#11429 = DEFINITIONAL_REPRESENTATION('',(#11430),#11434);
#11430 = LINE('',#11431,#11432);
#11431 = CARTESIAN_POINT('',(4.712388980385,4.712388980385));
#11432 = VECTOR('',#11433,1.);
#11433 = DIRECTION('',(0.,-1.));
#11434 = ( GEOMETRIC_REPRESENTATION_CONTEXT(2) 
PARAMETRIC_REPRESENTATION_CONTEXT() REPRESENTATION_CONTEXT('2D SPACE',''
  ) );
#11435 = PCURVE('',#2145,#11436);
#11436 = DEFINITIONAL_REPRESENTATION('',(#11437),#11441);
#11437 = LINE('',#11438,#11439);
#11438 = CARTESIAN_POINT('',(4.712388980385,33.));
#11439 = VECTOR('',#11440,1.);
#11440 = DIRECTION('',(-1.,0.));
#11441 = ( GEOMETRIC_REPRESENTATION_CONTEXT(2) 
PARAMETRIC_REPRESENTATION_CONTEXT() REPRESENTATION_CONTEXT('2D SPACE',''
  ) );
#11442 = ORIENTED_EDGE('',*,*,#7836,.F.);
#11443 = ADVANCED_FACE('',(#11444),#2145,.T.);
#11444 = FACE_BOUND('',#11445,.T.);
#11445 = EDGE_LOOP('',(#11446,#11447,#11448,#11449));
#11446 = ORIENTED_EDGE('',*,*,#11421,.T.);
#11447 = ORIENTED_EDGE('',*,*,#11371,.F.);
#11448 = ORIENTED_EDGE('',*,*,#2130,.F.);
#11449 = ORIENTED_EDGE('',*,*,#7760,.F.);
#11450 = ADVANCED_FACE('',(#11451),#7824,.T.);
#11451 = FACE_BOUND('',#11452,.T.);
#11452 = EDGE_LOOP('',(#11453,#11454,#11455,#11477));
#11453 = ORIENTED_EDGE('',*,*,#11397,.T.);
#11454 = ORIENTED_EDGE('',*,*,#7808,.F.);
#11455 = ORIENTED_EDGE('',*,*,#11456,.F.);
#11456 = EDGE_CURVE('',#9082,#7785,#11457,.T.);
#11457 = SURFACE_CURVE('',#11458,(#11463,#11470),.PCURVE_S1.);
#11458 = CIRCLE('',#11459,1.);
#11459 = AXIS2_PLACEMENT_3D('',#11460,#11461,#11462);
#11460 = CARTESIAN_POINT('',(57.77,-3.,-4.));
#11461 = DIRECTION('',(1.,0.,0.));
#11462 = DIRECTION('',(0.,0.,-1.));
#11463 = PCURVE('',#7824,#11464);
#11464 = DEFINITIONAL_REPRESENTATION('',(#11465),#11469);
#11465 = LINE('',#11466,#11467);
#11466 = CARTESIAN_POINT('',(-1.570796326795,-27.));
#11467 = VECTOR('',#11468,1.);
#11468 = DIRECTION('',(1.,0.));
#11469 = ( GEOMETRIC_REPRESENTATION_CONTEXT(2) 
PARAMETRIC_REPRESENTATION_CONTEXT() REPRESENTATION_CONTEXT('2D SPACE',''
  ) );
#11470 = PCURVE('',#2094,#11471);
#11471 = DEFINITIONAL_REPRESENTATION('',(#11472),#11476);
#11472 = LINE('',#11473,#11474);
#11473 = CARTESIAN_POINT('',(1.570796326795,-1.570796326795));
#11474 = VECTOR('',#11475,1.);
#11475 = DIRECTION('',(0.,1.));
#11476 = ( GEOMETRIC_REPRESENTATION_CONTEXT(2) 
PARAMETRIC_REPRESENTATION_CONTEXT() REPRESENTATION_CONTEXT('2D SPACE',''
  ) );
#11477 = ORIENTED_EDGE('',*,*,#11273,.F.);
#11478 = ADVANCED_FACE('',(#11479),#2094,.T.);
#11479 = FACE_BOUND('',#11480,.T.);
#11480 = EDGE_LOOP('',(#11481,#11482,#11483,#11484));
#11481 = ORIENTED_EDGE('',*,*,#2077,.F.);
#11482 = ORIENTED_EDGE('',*,*,#9081,.F.);
#11483 = ORIENTED_EDGE('',*,*,#11456,.T.);
#11484 = ORIENTED_EDGE('',*,*,#7784,.F.);
#11485 = ADVANCED_FACE('',(#11486),#1975,.T.);
#11486 = FACE_BOUND('',#11487,.T.);
#11487 = EDGE_LOOP('',(#11488,#11489,#11490,#11512));
#11488 = ORIENTED_EDGE('',*,*,#1958,.F.);
#11489 = ORIENTED_EDGE('',*,*,#10690,.F.);
#11490 = ORIENTED_EDGE('',*,*,#11491,.F.);
#11491 = EDGE_CURVE('',#7861,#10691,#11492,.T.);
#11492 = SURFACE_CURVE('',#11493,(#11498,#11505),.PCURVE_S1.);
#11493 = CIRCLE('',#11494,1.);
#11494 = AXIS2_PLACEMENT_3D('',#11495,#11496,#11497);
#11495 = CARTESIAN_POINT('',(57.77,7.,-4.));
#11496 = DIRECTION('',(-1.,0.,-0.));
#11497 = DIRECTION('',(-0.,0.,1.));
#11498 = PCURVE('',#1975,#11499);
#11499 = DEFINITIONAL_REPRESENTATION('',(#11500),#11504);
#11500 = LINE('',#11501,#11502);
#11501 = CARTESIAN_POINT('',(1.570796326795,7.853981633974));
#11502 = VECTOR('',#11503,1.);
#11503 = DIRECTION('',(0.,-1.));
#11504 = ( GEOMETRIC_REPRESENTATION_CONTEXT(2) 
PARAMETRIC_REPRESENTATION_CONTEXT() REPRESENTATION_CONTEXT('2D SPACE',''
  ) );
#11505 = PCURVE('',#7878,#11506);
#11506 = DEFINITIONAL_REPRESENTATION('',(#11507),#11511);
#11507 = LINE('',#11508,#11509);
#11508 = CARTESIAN_POINT('',(7.853981633974,0.));
#11509 = VECTOR('',#11510,1.);
#11510 = DIRECTION('',(-1.,0.));
#11511 = ( GEOMETRIC_REPRESENTATION_CONTEXT(2) 
PARAMETRIC_REPRESENTATION_CONTEXT() REPRESENTATION_CONTEXT('2D SPACE',''
  ) );
#11512 = ORIENTED_EDGE('',*,*,#7936,.F.);
#11513 = ADVANCED_FACE('',(#11514),#2026,.T.);
#11514 = FACE_BOUND('',#11515,.T.);
#11515 = EDGE_LOOP('',(#11516,#11517,#11518,#11540));
#11516 = ORIENTED_EDGE('',*,*,#2011,.T.);
#11517 = ORIENTED_EDGE('',*,*,#7914,.F.);
#11518 = ORIENTED_EDGE('',*,*,#11519,.F.);
#11519 = EDGE_CURVE('',#9130,#7891,#11520,.T.);
#11520 = SURFACE_CURVE('',#11521,(#11526,#11533),.PCURVE_S1.);
#11521 = CIRCLE('',#11522,1.);
#11522 = AXIS2_PLACEMENT_3D('',#11523,#11524,#11525);
#11523 = CARTESIAN_POINT('',(51.77,3.,-4.));
#11524 = DIRECTION('',(-1.,0.,0.));
#11525 = DIRECTION('',(0.,0.,1.));
#11526 = PCURVE('',#2026,#11527);
#11527 = DEFINITIONAL_REPRESENTATION('',(#11528),#11532);
#11528 = LINE('',#11529,#11530);
#11529 = CARTESIAN_POINT('',(1.570796326795,6.));
#11530 = VECTOR('',#11531,1.);
#11531 = DIRECTION('',(1.,0.));
#11532 = ( GEOMETRIC_REPRESENTATION_CONTEXT(2) 
PARAMETRIC_REPRESENTATION_CONTEXT() REPRESENTATION_CONTEXT('2D SPACE',''
  ) );
#11533 = PCURVE('',#4608,#11534);
#11534 = DEFINITIONAL_REPRESENTATION('',(#11535),#11539);
#11535 = LINE('',#11536,#11537);
#11536 = CARTESIAN_POINT('',(4.712388980385,1.570796326795));
#11537 = VECTOR('',#11538,1.);
#11538 = DIRECTION('',(0.,1.));
#11539 = ( GEOMETRIC_REPRESENTATION_CONTEXT(2) 
PARAMETRIC_REPRESENTATION_CONTEXT() REPRESENTATION_CONTEXT('2D SPACE',''
  ) );
#11540 = ORIENTED_EDGE('',*,*,#10766,.F.);
#11541 = ADVANCED_FACE('',(#11542),#7878,.T.);
#11542 = FACE_BOUND('',#11543,.T.);
#11543 = EDGE_LOOP('',(#11544,#11545,#11546,#11568));
#11544 = ORIENTED_EDGE('',*,*,#11491,.T.);
#11545 = ORIENTED_EDGE('',*,*,#10739,.F.);
#11546 = ORIENTED_EDGE('',*,*,#11547,.F.);
#11547 = EDGE_CURVE('',#7863,#4564,#11548,.T.);
#11548 = SURFACE_CURVE('',#11549,(#11554,#11561),.PCURVE_S1.);
#11549 = CIRCLE('',#11550,1.);
#11550 = AXIS2_PLACEMENT_3D('',#11551,#11552,#11553);
#11551 = CARTESIAN_POINT('',(51.77,7.,-4.));
#11552 = DIRECTION('',(-1.,0.,-0.));
#11553 = DIRECTION('',(-0.,0.,1.));
#11554 = PCURVE('',#7878,#11555);
#11555 = DEFINITIONAL_REPRESENTATION('',(#11556),#11560);
#11556 = LINE('',#11557,#11558);
#11557 = CARTESIAN_POINT('',(7.853981633974,-6.));
#11558 = VECTOR('',#11559,1.);
#11559 = DIRECTION('',(-1.,0.));
#11560 = ( GEOMETRIC_REPRESENTATION_CONTEXT(2) 
PARAMETRIC_REPRESENTATION_CONTEXT() REPRESENTATION_CONTEXT('2D SPACE',''
  ) );
#11561 = PCURVE('',#4608,#11562);
#11562 = DEFINITIONAL_REPRESENTATION('',(#11563),#11567);
#11563 = LINE('',#11564,#11565);
#11564 = CARTESIAN_POINT('',(1.570796326795,7.853981633974));
#11565 = VECTOR('',#11566,1.);
#11566 = DIRECTION('',(0.,-1.));
#11567 = ( GEOMETRIC_REPRESENTATION_CONTEXT(2) 
PARAMETRIC_REPRESENTATION_CONTEXT() REPRESENTATION_CONTEXT('2D SPACE',''
  ) );
#11568 = ORIENTED_EDGE('',*,*,#7860,.F.);
#11569 = ADVANCED_FACE('',(#11570),#4608,.T.);
#11570 = FACE_BOUND('',#11571,.T.);
#11571 = EDGE_LOOP('',(#11572,#11573,#11574,#11575,#11576));
#11572 = ORIENTED_EDGE('',*,*,#11519,.T.);
#11573 = ORIENTED_EDGE('',*,*,#7890,.F.);
#11574 = ORIENTED_EDGE('',*,*,#11547,.T.);
#11575 = ORIENTED_EDGE('',*,*,#4591,.F.);
#11576 = ORIENTED_EDGE('',*,*,#9129,.F.);
#11577 = ADVANCED_FACE('',(#11578),#9025,.T.);
#11578 = FACE_BOUND('',#11579,.T.);
#11579 = EDGE_LOOP('',(#11580,#11581,#11582,#11604));
#11580 = ORIENTED_EDGE('',*,*,#11078,.F.);
#11581 = ORIENTED_EDGE('',*,*,#10899,.F.);
#11582 = ORIENTED_EDGE('',*,*,#11583,.F.);
#11583 = EDGE_CURVE('',#9009,#10872,#11584,.T.);
#11584 = SURFACE_CURVE('',#11585,(#11590,#11597),.PCURVE_S1.);
#11585 = CIRCLE('',#11586,1.);
#11586 = AXIS2_PLACEMENT_3D('',#11587,#11588,#11589);
#11587 = CARTESIAN_POINT('',(57.77,-3.,3.));
#11588 = DIRECTION('',(-1.,0.,0.));
#11589 = DIRECTION('',(0.,0.,1.));
#11590 = PCURVE('',#9025,#11591);
#11591 = DEFINITIONAL_REPRESENTATION('',(#11592),#11596);
#11592 = LINE('',#11593,#11594);
#11593 = CARTESIAN_POINT('',(1.570796326795,-1.570796326795));
#11594 = VECTOR('',#11595,1.);
#11595 = DIRECTION('',(0.,1.));
#11596 = ( GEOMETRIC_REPRESENTATION_CONTEXT(2) 
PARAMETRIC_REPRESENTATION_CONTEXT() REPRESENTATION_CONTEXT('2D SPACE',''
  ) );
#11597 = PCURVE('',#10887,#11598);
#11598 = DEFINITIONAL_REPRESENTATION('',(#11599),#11603);
#11599 = LINE('',#11600,#11601);
#11600 = CARTESIAN_POINT('',(-4.712388980385,-57.77));
#11601 = VECTOR('',#11602,1.);
#11602 = DIRECTION('',(1.,0.));
#11603 = ( GEOMETRIC_REPRESENTATION_CONTEXT(2) 
PARAMETRIC_REPRESENTATION_CONTEXT() REPRESENTATION_CONTEXT('2D SPACE',''
  ) );
#11604 = ORIENTED_EDGE('',*,*,#9006,.F.);
#11605 = ADVANCED_FACE('',(#11606),#10887,.T.);
#11606 = FACE_BOUND('',#11607,.T.);
#11607 = EDGE_LOOP('',(#11608,#11609,#11610,#11632));
#11608 = ORIENTED_EDGE('',*,*,#11583,.T.);
#11609 = ORIENTED_EDGE('',*,*,#10871,.F.);
#11610 = ORIENTED_EDGE('',*,*,#11611,.F.);
#11611 = EDGE_CURVE('',#2161,#10848,#11612,.T.);
#11612 = SURFACE_CURVE('',#11613,(#11618,#11625),.PCURVE_S1.);
#11613 = CIRCLE('',#11614,1.);
#11614 = AXIS2_PLACEMENT_3D('',#11615,#11616,#11617);
#11615 = CARTESIAN_POINT('',(51.77,-3.,3.));
#11616 = DIRECTION('',(-1.,0.,0.));
#11617 = DIRECTION('',(0.,0.,1.));
#11618 = PCURVE('',#10887,#11619);
#11619 = DEFINITIONAL_REPRESENTATION('',(#11620),#11624);
#11620 = LINE('',#11621,#11622);
#11621 = CARTESIAN_POINT('',(-4.712388980385,-51.77));
#11622 = VECTOR('',#11623,1.);
#11623 = DIRECTION('',(1.,0.));
#11624 = ( GEOMETRIC_REPRESENTATION_CONTEXT(2) 
PARAMETRIC_REPRESENTATION_CONTEXT() REPRESENTATION_CONTEXT('2D SPACE',''
  ) );
#11625 = PCURVE('',#2267,#11626);
#11626 = DEFINITIONAL_REPRESENTATION('',(#11627),#11631);
#11627 = LINE('',#11628,#11629);
#11628 = CARTESIAN_POINT('',(1.570796326795,-1.570796326795));
#11629 = VECTOR('',#11630,1.);
#11630 = DIRECTION('',(0.,1.));
#11631 = ( GEOMETRIC_REPRESENTATION_CONTEXT(2) 
PARAMETRIC_REPRESENTATION_CONTEXT() REPRESENTATION_CONTEXT('2D SPACE',''
  ) );
#11632 = ORIENTED_EDGE('',*,*,#11295,.F.);
#11633 = ADVANCED_FACE('',(#11634),#2267,.T.);
#11634 = FACE_BOUND('',#11635,.T.);
#11635 = EDGE_LOOP('',(#11636,#11637,#11638,#11639));
#11636 = ORIENTED_EDGE('',*,*,#11157,.F.);
#11637 = ORIENTED_EDGE('',*,*,#2252,.F.);
#11638 = ORIENTED_EDGE('',*,*,#11611,.T.);
#11639 = ORIENTED_EDGE('',*,*,#10847,.F.);
#11640 = ADVANCED_FACE('',(#11641),#10656,.T.);
#11641 = FACE_BOUND('',#11642,.T.);
#11642 = EDGE_LOOP('',(#11643,#11644,#11645,#11667));
#11643 = ORIENTED_EDGE('',*,*,#11020,.F.);
#11644 = ORIENTED_EDGE('',*,*,#10639,.F.);
#11645 = ORIENTED_EDGE('',*,*,#11646,.F.);
#11646 = EDGE_CURVE('',#10947,#10640,#11647,.T.);
#11647 = SURFACE_CURVE('',#11648,(#11653,#11660),.PCURVE_S1.);
#11648 = CIRCLE('',#11649,1.);
#11649 = AXIS2_PLACEMENT_3D('',#11650,#11651,#11652);
#11650 = CARTESIAN_POINT('',(57.77,3.,3.));
#11651 = DIRECTION('',(-1.,0.,0.));
#11652 = DIRECTION('',(0.,0.,1.));
#11653 = PCURVE('',#10656,#11654);
#11654 = DEFINITIONAL_REPRESENTATION('',(#11655),#11659);
#11655 = LINE('',#11656,#11657);
#11656 = CARTESIAN_POINT('',(4.712388980385,4.712388980385));
#11657 = VECTOR('',#11658,1.);
#11658 = DIRECTION('',(0.,-1.));
#11659 = ( GEOMETRIC_REPRESENTATION_CONTEXT(2) 
PARAMETRIC_REPRESENTATION_CONTEXT() REPRESENTATION_CONTEXT('2D SPACE',''
  ) );
#11660 = PCURVE('',#10802,#11661);
#11661 = DEFINITIONAL_REPRESENTATION('',(#11662),#11666);
#11662 = LINE('',#11663,#11664);
#11663 = CARTESIAN_POINT('',(1.570796326795,0.));
#11664 = VECTOR('',#11665,1.);
#11665 = DIRECTION('',(-1.,0.));
#11666 = ( GEOMETRIC_REPRESENTATION_CONTEXT(2) 
PARAMETRIC_REPRESENTATION_CONTEXT() REPRESENTATION_CONTEXT('2D SPACE',''
  ) );
#11667 = ORIENTED_EDGE('',*,*,#10946,.F.);
#11668 = ADVANCED_FACE('',(#11669),#10802,.T.);
#11669 = FACE_BOUND('',#11670,.T.);
#11670 = EDGE_LOOP('',(#11671,#11672,#11673,#11695));
#11671 = ORIENTED_EDGE('',*,*,#11646,.T.);
#11672 = ORIENTED_EDGE('',*,*,#10788,.F.);
#11673 = ORIENTED_EDGE('',*,*,#11674,.F.);
#11674 = EDGE_CURVE('',#10971,#9154,#11675,.T.);
#11675 = SURFACE_CURVE('',#11676,(#11681,#11688),.PCURVE_S1.);
#11676 = CIRCLE('',#11677,1.);
#11677 = AXIS2_PLACEMENT_3D('',#11678,#11679,#11680);
#11678 = CARTESIAN_POINT('',(51.77,3.,3.));
#11679 = DIRECTION('',(-1.,0.,0.));
#11680 = DIRECTION('',(0.,0.,1.));
#11681 = PCURVE('',#10802,#11682);
#11682 = DEFINITIONAL_REPRESENTATION('',(#11683),#11687);
#11683 = LINE('',#11684,#11685);
#11684 = CARTESIAN_POINT('',(1.570796326795,-6.));
#11685 = VECTOR('',#11686,1.);
#11686 = DIRECTION('',(-1.,0.));
#11687 = ( GEOMETRIC_REPRESENTATION_CONTEXT(2) 
PARAMETRIC_REPRESENTATION_CONTEXT() REPRESENTATION_CONTEXT('2D SPACE',''
  ) );
#11688 = PCURVE('',#9196,#11689);
#11689 = DEFINITIONAL_REPRESENTATION('',(#11690),#11694);
#11690 = LINE('',#11691,#11692);
#11691 = CARTESIAN_POINT('',(4.712388980385,4.712388980385));
#11692 = VECTOR('',#11693,1.);
#11693 = DIRECTION('',(0.,-1.));
#11694 = ( GEOMETRIC_REPRESENTATION_CONTEXT(2) 
PARAMETRIC_REPRESENTATION_CONTEXT() REPRESENTATION_CONTEXT('2D SPACE',''
  ) );
#11695 = ORIENTED_EDGE('',*,*,#10970,.F.);
#11696 = ADVANCED_FACE('',(#11697),#9196,.T.);
#11697 = FACE_BOUND('',#11698,.T.);
#11698 = EDGE_LOOP('',(#11699,#11700,#11701,#11702));
#11699 = ORIENTED_EDGE('',*,*,#11215,.F.);
#11700 = ORIENTED_EDGE('',*,*,#10993,.F.);
#11701 = ORIENTED_EDGE('',*,*,#11674,.T.);
#11702 = ORIENTED_EDGE('',*,*,#9181,.F.);
#11703 = ADVANCED_FACE('',(#11704),#506,.F.);
#11704 = FACE_BOUND('',#11705,.F.);
#11705 = EDGE_LOOP('',(#11706,#11707,#11730,#11759,#11780,#11781,#11805)
  );
#11706 = ORIENTED_EDGE('',*,*,#5502,.T.);
#11707 = ORIENTED_EDGE('',*,*,#11708,.F.);
#11708 = EDGE_CURVE('',#11709,#5503,#11711,.T.);
#11709 = VERTEX_POINT('',#11710);
#11710 = CARTESIAN_POINT('',(-61.23,5.,3.));
#11711 = SURFACE_CURVE('',#11712,(#11716,#11723),.PCURVE_S1.);
#11712 = LINE('',#11713,#11714);
#11713 = CARTESIAN_POINT('',(-61.23,5.,4.));
#11714 = VECTOR('',#11715,1.);
#11715 = DIRECTION('',(0.,0.,1.));
#11716 = PCURVE('',#506,#11717);
#11717 = DEFINITIONAL_REPRESENTATION('',(#11718),#11722);
#11718 = LINE('',#11719,#11720);
#11719 = CARTESIAN_POINT('',(3.14159265359,1.));
#11720 = VECTOR('',#11721,1.);
#11721 = DIRECTION('',(0.,-1.));
#11722 = ( GEOMETRIC_REPRESENTATION_CONTEXT(2) 
PARAMETRIC_REPRESENTATION_CONTEXT() REPRESENTATION_CONTEXT('2D SPACE',''
  ) );
#11723 = PCURVE('',#5320,#11724);
#11724 = DEFINITIONAL_REPRESENTATION('',(#11725),#11729);
#11725 = LINE('',#11726,#11727);
#11726 = CARTESIAN_POINT('',(0.,0.));
#11727 = VECTOR('',#11728,1.);
#11728 = DIRECTION('',(1.,0.));
#11729 = ( GEOMETRIC_REPRESENTATION_CONTEXT(2) 
PARAMETRIC_REPRESENTATION_CONTEXT() REPRESENTATION_CONTEXT('2D SPACE',''
  ) );
#11730 = ORIENTED_EDGE('',*,*,#11731,.F.);
#11731 = EDGE_CURVE('',#11732,#11709,#11734,.T.);
#11732 = VERTEX_POINT('',#11733);
#11733 = CARTESIAN_POINT('',(-62.23,4.,3.));
#11734 = SURFACE_CURVE('',#11735,(#11740,#11747),.PCURVE_S1.);
#11735 = CIRCLE('',#11736,1.);
#11736 = AXIS2_PLACEMENT_3D('',#11737,#11738,#11739);
#11737 = CARTESIAN_POINT('',(-62.23,5.,3.));
#11738 = DIRECTION('',(0.,-0.,1.));
#11739 = DIRECTION('',(-1.,0.,0.));
#11740 = PCURVE('',#506,#11741);
#11741 = DEFINITIONAL_REPRESENTATION('',(#11742),#11746);
#11742 = LINE('',#11743,#11744);
#11743 = CARTESIAN_POINT('',(6.28318530718,2.));
#11744 = VECTOR('',#11745,1.);
#11745 = DIRECTION('',(-1.,0.));
#11746 = ( GEOMETRIC_REPRESENTATION_CONTEXT(2) 
PARAMETRIC_REPRESENTATION_CONTEXT() REPRESENTATION_CONTEXT('2D SPACE',''
  ) );
#11747 = PCURVE('',#11748,#11753);
#11748 = TOROIDAL_SURFACE('',#11749,2.,1.);
#11749 = AXIS2_PLACEMENT_3D('',#11750,#11751,#11752);
#11750 = CARTESIAN_POINT('',(-62.23,5.,3.));
#11751 = DIRECTION('',(0.,0.,-1.));
#11752 = DIRECTION('',(-1.,0.,0.));
#11753 = DEFINITIONAL_REPRESENTATION('',(#11754),#11758);
#11754 = LINE('',#11755,#11756);
#11755 = CARTESIAN_POINT('',(6.28318530718,3.14159265359));
#11756 = VECTOR('',#11757,1.);
#11757 = DIRECTION('',(-1.,0.));
#11758 = ( GEOMETRIC_REPRESENTATION_CONTEXT(2) 
PARAMETRIC_REPRESENTATION_CONTEXT() REPRESENTATION_CONTEXT('2D SPACE',''
  ) );
#11759 = ORIENTED_EDGE('',*,*,#11760,.T.);
#11760 = EDGE_CURVE('',#11732,#485,#11761,.T.);
#11761 = SURFACE_CURVE('',#11762,(#11766,#11773),.PCURVE_S1.);
#11762 = LINE('',#11763,#11764);
#11763 = CARTESIAN_POINT('',(-62.23,4.,5.));
#11764 = VECTOR('',#11765,1.);
#11765 = DIRECTION('',(-0.,-0.,-1.));
#11766 = PCURVE('',#506,#11767);
#11767 = DEFINITIONAL_REPRESENTATION('',(#11768),#11772);
#11768 = LINE('',#11769,#11770);
#11769 = CARTESIAN_POINT('',(4.712388980385,0.));
#11770 = VECTOR('',#11771,1.);
#11771 = DIRECTION('',(0.,1.));
#11772 = ( GEOMETRIC_REPRESENTATION_CONTEXT(2) 
PARAMETRIC_REPRESENTATION_CONTEXT() REPRESENTATION_CONTEXT('2D SPACE',''
  ) );
#11773 = PCURVE('',#8714,#11774);
#11774 = DEFINITIONAL_REPRESENTATION('',(#11775),#11779);
#11775 = LINE('',#11776,#11777);
#11776 = CARTESIAN_POINT('',(0.,0.));
#11777 = VECTOR('',#11778,1.);
#11778 = DIRECTION('',(0.,-1.));
#11779 = ( GEOMETRIC_REPRESENTATION_CONTEXT(2) 
PARAMETRIC_REPRESENTATION_CONTEXT() REPRESENTATION_CONTEXT('2D SPACE',''
  ) );
#11780 = ORIENTED_EDGE('',*,*,#482,.F.);
#11781 = ORIENTED_EDGE('',*,*,#11782,.F.);
#11782 = EDGE_CURVE('',#11783,#483,#11785,.T.);
#11783 = VERTEX_POINT('',#11784);
#11784 = CARTESIAN_POINT('',(-62.23,6.,-4.));
#11785 = SURFACE_CURVE('',#11786,(#11791,#11798),.PCURVE_S1.);
#11786 = CIRCLE('',#11787,1.);
#11787 = AXIS2_PLACEMENT_3D('',#11788,#11789,#11790);
#11788 = CARTESIAN_POINT('',(-62.23,5.,-4.));
#11789 = DIRECTION('',(0.,0.,-1.));
#11790 = DIRECTION('',(1.,0.,0.));
#11791 = PCURVE('',#506,#11792);
#11792 = DEFINITIONAL_REPRESENTATION('',(#11793),#11797);
#11793 = LINE('',#11794,#11795);
#11794 = CARTESIAN_POINT('',(-3.14159265359,9.));
#11795 = VECTOR('',#11796,1.);
#11796 = DIRECTION('',(1.,0.));
#11797 = ( GEOMETRIC_REPRESENTATION_CONTEXT(2) 
PARAMETRIC_REPRESENTATION_CONTEXT() REPRESENTATION_CONTEXT('2D SPACE',''
  ) );
#11798 = PCURVE('',#535,#11799);
#11799 = DEFINITIONAL_REPRESENTATION('',(#11800),#11804);
#11800 = LINE('',#11801,#11802);
#11801 = CARTESIAN_POINT('',(6.28318530718,3.14159265359));
#11802 = VECTOR('',#11803,1.);
#11803 = DIRECTION('',(-1.,0.));
#11804 = ( GEOMETRIC_REPRESENTATION_CONTEXT(2) 
PARAMETRIC_REPRESENTATION_CONTEXT() REPRESENTATION_CONTEXT('2D SPACE',''
  ) );
#11805 = ORIENTED_EDGE('',*,*,#11806,.F.);
#11806 = EDGE_CURVE('',#5480,#11783,#11807,.T.);
#11807 = SURFACE_CURVE('',#11808,(#11812,#11819),.PCURVE_S1.);
#11808 = LINE('',#11809,#11810);
#11809 = CARTESIAN_POINT('',(-62.23,6.,5.));
#11810 = VECTOR('',#11811,1.);
#11811 = DIRECTION('',(-0.,-0.,-1.));
#11812 = PCURVE('',#506,#11813);
#11813 = DEFINITIONAL_REPRESENTATION('',(#11814),#11818);
#11814 = LINE('',#11815,#11816);
#11815 = CARTESIAN_POINT('',(1.570796326795,0.));
#11816 = VECTOR('',#11817,1.);
#11817 = DIRECTION('',(0.,1.));
#11818 = ( GEOMETRIC_REPRESENTATION_CONTEXT(2) 
PARAMETRIC_REPRESENTATION_CONTEXT() REPRESENTATION_CONTEXT('2D SPACE',''
  ) );
#11819 = PCURVE('',#5175,#11820);
#11820 = DEFINITIONAL_REPRESENTATION('',(#11821),#11825);
#11821 = LINE('',#11822,#11823);
#11822 = CARTESIAN_POINT('',(0.,0.));
#11823 = VECTOR('',#11824,1.);
#11824 = DIRECTION('',(0.,-1.));
#11825 = ( GEOMETRIC_REPRESENTATION_CONTEXT(2) 
PARAMETRIC_REPRESENTATION_CONTEXT() REPRESENTATION_CONTEXT('2D SPACE',''
  ) );
#11826 = ADVANCED_FACE('',(#11827),#5175,.F.);
#11827 = FACE_BOUND('',#11828,.T.);
#11828 = EDGE_LOOP('',(#11829,#11830,#11851,#11852));
#11829 = ORIENTED_EDGE('',*,*,#5159,.T.);
#11830 = ORIENTED_EDGE('',*,*,#11831,.T.);
#11831 = EDGE_CURVE('',#5160,#11783,#11832,.T.);
#11832 = SURFACE_CURVE('',#11833,(#11837,#11844),.PCURVE_S1.);
#11833 = LINE('',#11834,#11835);
#11834 = CARTESIAN_POINT('',(-62.23,6.,-4.));
#11835 = VECTOR('',#11836,1.);
#11836 = DIRECTION('',(1.,-1.445602896647E-16,0.));
#11837 = PCURVE('',#5175,#11838);
#11838 = DEFINITIONAL_REPRESENTATION('',(#11839),#11843);
#11839 = LINE('',#11840,#11841);
#11840 = CARTESIAN_POINT('',(0.,-9.));
#11841 = VECTOR('',#11842,1.);
#11842 = DIRECTION('',(-1.,0.));
#11843 = ( GEOMETRIC_REPRESENTATION_CONTEXT(2) 
PARAMETRIC_REPRESENTATION_CONTEXT() REPRESENTATION_CONTEXT('2D SPACE',''
  ) );
#11844 = PCURVE('',#7078,#11845);
#11845 = DEFINITIONAL_REPRESENTATION('',(#11846),#11850);
#11846 = LINE('',#11847,#11848);
#11847 = CARTESIAN_POINT('',(3.14159265359,0.));
#11848 = VECTOR('',#11849,1.);
#11849 = DIRECTION('',(0.,1.));
#11850 = ( GEOMETRIC_REPRESENTATION_CONTEXT(2) 
PARAMETRIC_REPRESENTATION_CONTEXT() REPRESENTATION_CONTEXT('2D SPACE',''
  ) );
#11851 = ORIENTED_EDGE('',*,*,#11806,.F.);
#11852 = ORIENTED_EDGE('',*,*,#5479,.F.);
#11853 = ADVANCED_FACE('',(#11854),#8714,.F.);
#11854 = FACE_BOUND('',#11855,.T.);
#11855 = EDGE_LOOP('',(#11856,#11857,#11878,#11879));
#11856 = ORIENTED_EDGE('',*,*,#11760,.T.);
#11857 = ORIENTED_EDGE('',*,*,#11858,.T.);
#11858 = EDGE_CURVE('',#485,#8675,#11859,.T.);
#11859 = SURFACE_CURVE('',#11860,(#11864,#11871),.PCURVE_S1.);
#11860 = LINE('',#11861,#11862);
#11861 = CARTESIAN_POINT('',(-62.23,4.,-4.));
#11862 = VECTOR('',#11863,1.);
#11863 = DIRECTION('',(-1.,1.445602896647E-16,0.));
#11864 = PCURVE('',#8714,#11865);
#11865 = DEFINITIONAL_REPRESENTATION('',(#11866),#11870);
#11866 = LINE('',#11867,#11868);
#11867 = CARTESIAN_POINT('',(0.,-9.));
#11868 = VECTOR('',#11869,1.);
#11869 = DIRECTION('',(-1.,0.));
#11870 = ( GEOMETRIC_REPRESENTATION_CONTEXT(2) 
PARAMETRIC_REPRESENTATION_CONTEXT() REPRESENTATION_CONTEXT('2D SPACE',''
  ) );
#11871 = PCURVE('',#586,#11872);
#11872 = DEFINITIONAL_REPRESENTATION('',(#11873),#11877);
#11873 = LINE('',#11874,#11875);
#11874 = CARTESIAN_POINT('',(3.14159265359,0.));
#11875 = VECTOR('',#11876,1.);
#11876 = DIRECTION('',(0.,1.));
#11877 = ( GEOMETRIC_REPRESENTATION_CONTEXT(2) 
PARAMETRIC_REPRESENTATION_CONTEXT() REPRESENTATION_CONTEXT('2D SPACE',''
  ) );
#11878 = ORIENTED_EDGE('',*,*,#8698,.F.);
#11879 = ORIENTED_EDGE('',*,*,#11880,.T.);
#11880 = EDGE_CURVE('',#8699,#11732,#11881,.T.);
#11881 = SURFACE_CURVE('',#11882,(#11886,#11893),.PCURVE_S1.);
#11882 = LINE('',#11883,#11884);
#11883 = CARTESIAN_POINT('',(-62.23,4.,3.));
#11884 = VECTOR('',#11885,1.);
#11885 = DIRECTION('',(1.,-1.445602896647E-16,0.));
#11886 = PCURVE('',#8714,#11887);
#11887 = DEFINITIONAL_REPRESENTATION('',(#11888),#11892);
#11888 = LINE('',#11889,#11890);
#11889 = CARTESIAN_POINT('',(0.,-2.));
#11890 = VECTOR('',#11891,1.);
#11891 = DIRECTION('',(1.,0.));
#11892 = ( GEOMETRIC_REPRESENTATION_CONTEXT(2) 
PARAMETRIC_REPRESENTATION_CONTEXT() REPRESENTATION_CONTEXT('2D SPACE',''
  ) );
#11893 = PCURVE('',#11894,#11899);
#11894 = CYLINDRICAL_SURFACE('',#11895,1.);
#11895 = AXIS2_PLACEMENT_3D('',#11896,#11897,#11898);
#11896 = CARTESIAN_POINT('',(-62.23,3.,3.));
#11897 = DIRECTION('',(1.,-1.445602896647E-16,0.));
#11898 = DIRECTION('',(1.445602896647E-16,1.,0.));
#11899 = DEFINITIONAL_REPRESENTATION('',(#11900),#11904);
#11900 = LINE('',#11901,#11902);
#11901 = CARTESIAN_POINT('',(0.,0.));
#11902 = VECTOR('',#11903,1.);
#11903 = DIRECTION('',(0.,1.));
#11904 = ( GEOMETRIC_REPRESENTATION_CONTEXT(2) 
PARAMETRIC_REPRESENTATION_CONTEXT() REPRESENTATION_CONTEXT('2D SPACE',''
  ) );
#11905 = ADVANCED_FACE('',(#11906),#744,.F.);
#11906 = FACE_BOUND('',#11907,.F.);
#11907 = EDGE_LOOP('',(#11908,#11909,#11932,#11961,#11982,#11983,#12007)
  );
#11908 = ORIENTED_EDGE('',*,*,#5646,.T.);
#11909 = ORIENTED_EDGE('',*,*,#11910,.F.);
#11910 = EDGE_CURVE('',#11911,#5647,#11913,.T.);
#11911 = VERTEX_POINT('',#11912);
#11912 = CARTESIAN_POINT('',(-31.23,5.,3.));
#11913 = SURFACE_CURVE('',#11914,(#11918,#11925),.PCURVE_S1.);
#11914 = LINE('',#11915,#11916);
#11915 = CARTESIAN_POINT('',(-31.23,5.,4.));
#11916 = VECTOR('',#11917,1.);
#11917 = DIRECTION('',(0.,0.,1.));
#11918 = PCURVE('',#744,#11919);
#11919 = DEFINITIONAL_REPRESENTATION('',(#11920),#11924);
#11920 = LINE('',#11921,#11922);
#11921 = CARTESIAN_POINT('',(3.14159265359,1.));
#11922 = VECTOR('',#11923,1.);
#11923 = DIRECTION('',(0.,-1.));
#11924 = ( GEOMETRIC_REPRESENTATION_CONTEXT(2) 
PARAMETRIC_REPRESENTATION_CONTEXT() REPRESENTATION_CONTEXT('2D SPACE',''
  ) );
#11925 = PCURVE('',#5690,#11926);
#11926 = DEFINITIONAL_REPRESENTATION('',(#11927),#11931);
#11927 = LINE('',#11928,#11929);
#11928 = CARTESIAN_POINT('',(0.,0.));
#11929 = VECTOR('',#11930,1.);
#11930 = DIRECTION('',(1.,0.));
#11931 = ( GEOMETRIC_REPRESENTATION_CONTEXT(2) 
PARAMETRIC_REPRESENTATION_CONTEXT() REPRESENTATION_CONTEXT('2D SPACE',''
  ) );
#11932 = ORIENTED_EDGE('',*,*,#11933,.F.);
#11933 = EDGE_CURVE('',#11934,#11911,#11936,.T.);
#11934 = VERTEX_POINT('',#11935);
#11935 = CARTESIAN_POINT('',(-32.23,4.,3.));
#11936 = SURFACE_CURVE('',#11937,(#11942,#11949),.PCURVE_S1.);
#11937 = CIRCLE('',#11938,1.);
#11938 = AXIS2_PLACEMENT_3D('',#11939,#11940,#11941);
#11939 = CARTESIAN_POINT('',(-32.23,5.,3.));
#11940 = DIRECTION('',(0.,-0.,1.));
#11941 = DIRECTION('',(-1.,0.,0.));
#11942 = PCURVE('',#744,#11943);
#11943 = DEFINITIONAL_REPRESENTATION('',(#11944),#11948);
#11944 = LINE('',#11945,#11946);
#11945 = CARTESIAN_POINT('',(6.28318530718,2.));
#11946 = VECTOR('',#11947,1.);
#11947 = DIRECTION('',(-1.,0.));
#11948 = ( GEOMETRIC_REPRESENTATION_CONTEXT(2) 
PARAMETRIC_REPRESENTATION_CONTEXT() REPRESENTATION_CONTEXT('2D SPACE',''
  ) );
#11949 = PCURVE('',#11950,#11955);
#11950 = TOROIDAL_SURFACE('',#11951,2.,1.);
#11951 = AXIS2_PLACEMENT_3D('',#11952,#11953,#11954);
#11952 = CARTESIAN_POINT('',(-32.23,5.,3.));
#11953 = DIRECTION('',(0.,0.,-1.));
#11954 = DIRECTION('',(-1.,0.,0.));
#11955 = DEFINITIONAL_REPRESENTATION('',(#11956),#11960);
#11956 = LINE('',#11957,#11958);
#11957 = CARTESIAN_POINT('',(6.28318530718,3.14159265359));
#11958 = VECTOR('',#11959,1.);
#11959 = DIRECTION('',(-1.,0.));
#11960 = ( GEOMETRIC_REPRESENTATION_CONTEXT(2) 
PARAMETRIC_REPRESENTATION_CONTEXT() REPRESENTATION_CONTEXT('2D SPACE',''
  ) );
#11961 = ORIENTED_EDGE('',*,*,#11962,.T.);
#11962 = EDGE_CURVE('',#11934,#723,#11963,.T.);
#11963 = SURFACE_CURVE('',#11964,(#11968,#11975),.PCURVE_S1.);
#11964 = LINE('',#11965,#11966);
#11965 = CARTESIAN_POINT('',(-32.23,4.,5.));
#11966 = VECTOR('',#11967,1.);
#11967 = DIRECTION('',(-0.,-0.,-1.));
#11968 = PCURVE('',#744,#11969);
#11969 = DEFINITIONAL_REPRESENTATION('',(#11970),#11974);
#11970 = LINE('',#11971,#11972);
#11971 = CARTESIAN_POINT('',(4.712388980385,0.));
#11972 = VECTOR('',#11973,1.);
#11973 = DIRECTION('',(0.,1.));
#11974 = ( GEOMETRIC_REPRESENTATION_CONTEXT(2) 
PARAMETRIC_REPRESENTATION_CONTEXT() REPRESENTATION_CONTEXT('2D SPACE',''
  ) );
#11975 = PCURVE('',#8797,#11976);
#11976 = DEFINITIONAL_REPRESENTATION('',(#11977),#11981);
#11977 = LINE('',#11978,#11979);
#11978 = CARTESIAN_POINT('',(0.,0.));
#11979 = VECTOR('',#11980,1.);
#11980 = DIRECTION('',(0.,-1.));
#11981 = ( GEOMETRIC_REPRESENTATION_CONTEXT(2) 
PARAMETRIC_REPRESENTATION_CONTEXT() REPRESENTATION_CONTEXT('2D SPACE',''
  ) );
#11982 = ORIENTED_EDGE('',*,*,#720,.F.);
#11983 = ORIENTED_EDGE('',*,*,#11984,.F.);
#11984 = EDGE_CURVE('',#11985,#721,#11987,.T.);
#11985 = VERTEX_POINT('',#11986);
#11986 = CARTESIAN_POINT('',(-32.23,6.,-4.));
#11987 = SURFACE_CURVE('',#11988,(#11993,#12000),.PCURVE_S1.);
#11988 = CIRCLE('',#11989,1.);
#11989 = AXIS2_PLACEMENT_3D('',#11990,#11991,#11992);
#11990 = CARTESIAN_POINT('',(-32.23,5.,-4.));
#11991 = DIRECTION('',(0.,0.,-1.));
#11992 = DIRECTION('',(1.,0.,0.));
#11993 = PCURVE('',#744,#11994);
#11994 = DEFINITIONAL_REPRESENTATION('',(#11995),#11999);
#11995 = LINE('',#11996,#11997);
#11996 = CARTESIAN_POINT('',(-3.14159265359,9.));
#11997 = VECTOR('',#11998,1.);
#11998 = DIRECTION('',(1.,0.));
#11999 = ( GEOMETRIC_REPRESENTATION_CONTEXT(2) 
PARAMETRIC_REPRESENTATION_CONTEXT() REPRESENTATION_CONTEXT('2D SPACE',''
  ) );
#12000 = PCURVE('',#773,#12001);
#12001 = DEFINITIONAL_REPRESENTATION('',(#12002),#12006);
#12002 = LINE('',#12003,#12004);
#12003 = CARTESIAN_POINT('',(6.28318530718,3.14159265359));
#12004 = VECTOR('',#12005,1.);
#12005 = DIRECTION('',(-1.,0.));
#12006 = ( GEOMETRIC_REPRESENTATION_CONTEXT(2) 
PARAMETRIC_REPRESENTATION_CONTEXT() REPRESENTATION_CONTEXT('2D SPACE',''
  ) );
#12007 = ORIENTED_EDGE('',*,*,#12008,.F.);
#12008 = EDGE_CURVE('',#5624,#11985,#12009,.T.);
#12009 = SURFACE_CURVE('',#12010,(#12014,#12021),.PCURVE_S1.);
#12010 = LINE('',#12011,#12012);
#12011 = CARTESIAN_POINT('',(-32.23,6.,5.));
#12012 = VECTOR('',#12013,1.);
#12013 = DIRECTION('',(-0.,-0.,-1.));
#12014 = PCURVE('',#744,#12015);
#12015 = DEFINITIONAL_REPRESENTATION('',(#12016),#12020);
#12016 = LINE('',#12017,#12018);
#12017 = CARTESIAN_POINT('',(1.570796326795,0.));
#12018 = VECTOR('',#12019,1.);
#12019 = DIRECTION('',(0.,1.));
#12020 = ( GEOMETRIC_REPRESENTATION_CONTEXT(2) 
PARAMETRIC_REPRESENTATION_CONTEXT() REPRESENTATION_CONTEXT('2D SPACE',''
  ) );
#12021 = PCURVE('',#5026,#12022);
#12022 = DEFINITIONAL_REPRESENTATION('',(#12023),#12027);
#12023 = LINE('',#12024,#12025);
#12024 = CARTESIAN_POINT('',(0.,0.));
#12025 = VECTOR('',#12026,1.);
#12026 = DIRECTION('',(0.,-1.));
#12027 = ( GEOMETRIC_REPRESENTATION_CONTEXT(2) 
PARAMETRIC_REPRESENTATION_CONTEXT() REPRESENTATION_CONTEXT('2D SPACE',''
  ) );
#12028 = ADVANCED_FACE('',(#12029),#5026,.F.);
#12029 = FACE_BOUND('',#12030,.T.);
#12030 = EDGE_LOOP('',(#12031,#12032,#12053,#12054));
#12031 = ORIENTED_EDGE('',*,*,#5010,.T.);
#12032 = ORIENTED_EDGE('',*,*,#12033,.T.);
#12033 = EDGE_CURVE('',#5011,#11985,#12034,.T.);
#12034 = SURFACE_CURVE('',#12035,(#12039,#12046),.PCURVE_S1.);
#12035 = LINE('',#12036,#12037);
#12036 = CARTESIAN_POINT('',(-32.23,6.,-4.));
#12037 = VECTOR('',#12038,1.);
#12038 = DIRECTION('',(1.,-1.445602896647E-16,0.));
#12039 = PCURVE('',#5026,#12040);
#12040 = DEFINITIONAL_REPRESENTATION('',(#12041),#12045);
#12041 = LINE('',#12042,#12043);
#12042 = CARTESIAN_POINT('',(0.,-9.));
#12043 = VECTOR('',#12044,1.);
#12044 = DIRECTION('',(-1.,0.));
#12045 = ( GEOMETRIC_REPRESENTATION_CONTEXT(2) 
PARAMETRIC_REPRESENTATION_CONTEXT() REPRESENTATION_CONTEXT('2D SPACE',''
  ) );
#12046 = PCURVE('',#7278,#12047);
#12047 = DEFINITIONAL_REPRESENTATION('',(#12048),#12052);
#12048 = LINE('',#12049,#12050);
#12049 = CARTESIAN_POINT('',(3.14159265359,0.));
#12050 = VECTOR('',#12051,1.);
#12051 = DIRECTION('',(0.,1.));
#12052 = ( GEOMETRIC_REPRESENTATION_CONTEXT(2) 
PARAMETRIC_REPRESENTATION_CONTEXT() REPRESENTATION_CONTEXT('2D SPACE',''
  ) );
#12053 = ORIENTED_EDGE('',*,*,#12008,.F.);
#12054 = ORIENTED_EDGE('',*,*,#5623,.F.);
#12055 = ADVANCED_FACE('',(#12056),#8797,.F.);
#12056 = FACE_BOUND('',#12057,.T.);
#12057 = EDGE_LOOP('',(#12058,#12059,#12080,#12081));
#12058 = ORIENTED_EDGE('',*,*,#11962,.T.);
#12059 = ORIENTED_EDGE('',*,*,#12060,.T.);
#12060 = EDGE_CURVE('',#723,#8758,#12061,.T.);
#12061 = SURFACE_CURVE('',#12062,(#12066,#12073),.PCURVE_S1.);
#12062 = LINE('',#12063,#12064);
#12063 = CARTESIAN_POINT('',(-32.23,4.,-4.));
#12064 = VECTOR('',#12065,1.);
#12065 = DIRECTION('',(-1.,1.445602896647E-16,0.));
#12066 = PCURVE('',#8797,#12067);
#12067 = DEFINITIONAL_REPRESENTATION('',(#12068),#12072);
#12068 = LINE('',#12069,#12070);
#12069 = CARTESIAN_POINT('',(0.,-9.));
#12070 = VECTOR('',#12071,1.);
#12071 = DIRECTION('',(-1.,0.));
#12072 = ( GEOMETRIC_REPRESENTATION_CONTEXT(2) 
PARAMETRIC_REPRESENTATION_CONTEXT() REPRESENTATION_CONTEXT('2D SPACE',''
  ) );
#12073 = PCURVE('',#824,#12074);
#12074 = DEFINITIONAL_REPRESENTATION('',(#12075),#12079);
#12075 = LINE('',#12076,#12077);
#12076 = CARTESIAN_POINT('',(3.14159265359,0.));
#12077 = VECTOR('',#12078,1.);
#12078 = DIRECTION('',(0.,1.));
#12079 = ( GEOMETRIC_REPRESENTATION_CONTEXT(2) 
PARAMETRIC_REPRESENTATION_CONTEXT() REPRESENTATION_CONTEXT('2D SPACE',''
  ) );
#12080 = ORIENTED_EDGE('',*,*,#8781,.F.);
#12081 = ORIENTED_EDGE('',*,*,#12082,.T.);
#12082 = EDGE_CURVE('',#8782,#11934,#12083,.T.);
#12083 = SURFACE_CURVE('',#12084,(#12088,#12095),.PCURVE_S1.);
#12084 = LINE('',#12085,#12086);
#12085 = CARTESIAN_POINT('',(-32.23,4.,3.));
#12086 = VECTOR('',#12087,1.);
#12087 = DIRECTION('',(1.,-1.445602896647E-16,0.));
#12088 = PCURVE('',#8797,#12089);
#12089 = DEFINITIONAL_REPRESENTATION('',(#12090),#12094);
#12090 = LINE('',#12091,#12092);
#12091 = CARTESIAN_POINT('',(0.,-2.));
#12092 = VECTOR('',#12093,1.);
#12093 = DIRECTION('',(1.,0.));
#12094 = ( GEOMETRIC_REPRESENTATION_CONTEXT(2) 
PARAMETRIC_REPRESENTATION_CONTEXT() REPRESENTATION_CONTEXT('2D SPACE',''
  ) );
#12095 = PCURVE('',#12096,#12101);
#12096 = CYLINDRICAL_SURFACE('',#12097,1.);
#12097 = AXIS2_PLACEMENT_3D('',#12098,#12099,#12100);
#12098 = CARTESIAN_POINT('',(-32.23,3.,3.));
#12099 = DIRECTION('',(1.,-1.445602896647E-16,0.));
#12100 = DIRECTION('',(1.445602896647E-16,1.,0.));
#12101 = DEFINITIONAL_REPRESENTATION('',(#12102),#12106);
#12102 = LINE('',#12103,#12104);
#12103 = CARTESIAN_POINT('',(0.,0.));
#12104 = VECTOR('',#12105,1.);
#12105 = DIRECTION('',(0.,1.));
#12106 = ( GEOMETRIC_REPRESENTATION_CONTEXT(2) 
PARAMETRIC_REPRESENTATION_CONTEXT() REPRESENTATION_CONTEXT('2D SPACE',''
  ) );
#12107 = ADVANCED_FACE('',(#12108),#982,.F.);
#12108 = FACE_BOUND('',#12109,.F.);
#12109 = EDGE_LOOP('',(#12110,#12111,#12134,#12163,#12184,#12185,#12209)
  );
#12110 = ORIENTED_EDGE('',*,*,#5825,.T.);
#12111 = ORIENTED_EDGE('',*,*,#12112,.F.);
#12112 = EDGE_CURVE('',#12113,#5826,#12115,.T.);
#12113 = VERTEX_POINT('',#12114);
#12114 = CARTESIAN_POINT('',(-1.23,5.,3.));
#12115 = SURFACE_CURVE('',#12116,(#12120,#12127),.PCURVE_S1.);
#12116 = LINE('',#12117,#12118);
#12117 = CARTESIAN_POINT('',(-1.23,5.,4.));
#12118 = VECTOR('',#12119,1.);
#12119 = DIRECTION('',(0.,0.,1.));
#12120 = PCURVE('',#982,#12121);
#12121 = DEFINITIONAL_REPRESENTATION('',(#12122),#12126);
#12122 = LINE('',#12123,#12124);
#12123 = CARTESIAN_POINT('',(3.14159265359,1.));
#12124 = VECTOR('',#12125,1.);
#12125 = DIRECTION('',(0.,-1.));
#12126 = ( GEOMETRIC_REPRESENTATION_CONTEXT(2) 
PARAMETRIC_REPRESENTATION_CONTEXT() REPRESENTATION_CONTEXT('2D SPACE',''
  ) );
#12127 = PCURVE('',#5869,#12128);
#12128 = DEFINITIONAL_REPRESENTATION('',(#12129),#12133);
#12129 = LINE('',#12130,#12131);
#12130 = CARTESIAN_POINT('',(0.,0.));
#12131 = VECTOR('',#12132,1.);
#12132 = DIRECTION('',(1.,0.));
#12133 = ( GEOMETRIC_REPRESENTATION_CONTEXT(2) 
PARAMETRIC_REPRESENTATION_CONTEXT() REPRESENTATION_CONTEXT('2D SPACE',''
  ) );
#12134 = ORIENTED_EDGE('',*,*,#12135,.F.);
#12135 = EDGE_CURVE('',#12136,#12113,#12138,.T.);
#12136 = VERTEX_POINT('',#12137);
#12137 = CARTESIAN_POINT('',(-2.23,4.,3.));
#12138 = SURFACE_CURVE('',#12139,(#12144,#12151),.PCURVE_S1.);
#12139 = CIRCLE('',#12140,1.);
#12140 = AXIS2_PLACEMENT_3D('',#12141,#12142,#12143);
#12141 = CARTESIAN_POINT('',(-2.23,5.,3.));
#12142 = DIRECTION('',(0.,-0.,1.));
#12143 = DIRECTION('',(-1.,0.,0.));
#12144 = PCURVE('',#982,#12145);
#12145 = DEFINITIONAL_REPRESENTATION('',(#12146),#12150);
#12146 = LINE('',#12147,#12148);
#12147 = CARTESIAN_POINT('',(6.28318530718,2.));
#12148 = VECTOR('',#12149,1.);
#12149 = DIRECTION('',(-1.,0.));
#12150 = ( GEOMETRIC_REPRESENTATION_CONTEXT(2) 
PARAMETRIC_REPRESENTATION_CONTEXT() REPRESENTATION_CONTEXT('2D SPACE',''
  ) );
#12151 = PCURVE('',#12152,#12157);
#12152 = TOROIDAL_SURFACE('',#12153,2.,1.);
#12153 = AXIS2_PLACEMENT_3D('',#12154,#12155,#12156);
#12154 = CARTESIAN_POINT('',(-2.23,5.,3.));
#12155 = DIRECTION('',(0.,0.,-1.));
#12156 = DIRECTION('',(-1.,0.,0.));
#12157 = DEFINITIONAL_REPRESENTATION('',(#12158),#12162);
#12158 = LINE('',#12159,#12160);
#12159 = CARTESIAN_POINT('',(6.28318530718,3.14159265359));
#12160 = VECTOR('',#12161,1.);
#12161 = DIRECTION('',(-1.,0.));
#12162 = ( GEOMETRIC_REPRESENTATION_CONTEXT(2) 
PARAMETRIC_REPRESENTATION_CONTEXT() REPRESENTATION_CONTEXT('2D SPACE',''
  ) );
#12163 = ORIENTED_EDGE('',*,*,#12164,.T.);
#12164 = EDGE_CURVE('',#12136,#961,#12165,.T.);
#12165 = SURFACE_CURVE('',#12166,(#12170,#12177),.PCURVE_S1.);
#12166 = LINE('',#12167,#12168);
#12167 = CARTESIAN_POINT('',(-2.23,4.,5.));
#12168 = VECTOR('',#12169,1.);
#12169 = DIRECTION('',(-0.,-0.,-1.));
#12170 = PCURVE('',#982,#12171);
#12171 = DEFINITIONAL_REPRESENTATION('',(#12172),#12176);
#12172 = LINE('',#12173,#12174);
#12173 = CARTESIAN_POINT('',(4.712388980385,0.));
#12174 = VECTOR('',#12175,1.);
#12175 = DIRECTION('',(0.,1.));
#12176 = ( GEOMETRIC_REPRESENTATION_CONTEXT(2) 
PARAMETRIC_REPRESENTATION_CONTEXT() REPRESENTATION_CONTEXT('2D SPACE',''
  ) );
#12177 = PCURVE('',#8880,#12178);
#12178 = DEFINITIONAL_REPRESENTATION('',(#12179),#12183);
#12179 = LINE('',#12180,#12181);
#12180 = CARTESIAN_POINT('',(0.,0.));
#12181 = VECTOR('',#12182,1.);
#12182 = DIRECTION('',(0.,-1.));
#12183 = ( GEOMETRIC_REPRESENTATION_CONTEXT(2) 
PARAMETRIC_REPRESENTATION_CONTEXT() REPRESENTATION_CONTEXT('2D SPACE',''
  ) );
#12184 = ORIENTED_EDGE('',*,*,#958,.F.);
#12185 = ORIENTED_EDGE('',*,*,#12186,.F.);
#12186 = EDGE_CURVE('',#12187,#959,#12189,.T.);
#12187 = VERTEX_POINT('',#12188);
#12188 = CARTESIAN_POINT('',(-2.23,6.,-4.));
#12189 = SURFACE_CURVE('',#12190,(#12195,#12202),.PCURVE_S1.);
#12190 = CIRCLE('',#12191,1.);
#12191 = AXIS2_PLACEMENT_3D('',#12192,#12193,#12194);
#12192 = CARTESIAN_POINT('',(-2.23,5.,-4.));
#12193 = DIRECTION('',(0.,0.,-1.));
#12194 = DIRECTION('',(1.,0.,0.));
#12195 = PCURVE('',#982,#12196);
#12196 = DEFINITIONAL_REPRESENTATION('',(#12197),#12201);
#12197 = LINE('',#12198,#12199);
#12198 = CARTESIAN_POINT('',(-3.14159265359,9.));
#12199 = VECTOR('',#12200,1.);
#12200 = DIRECTION('',(1.,0.));
#12201 = ( GEOMETRIC_REPRESENTATION_CONTEXT(2) 
PARAMETRIC_REPRESENTATION_CONTEXT() REPRESENTATION_CONTEXT('2D SPACE',''
  ) );
#12202 = PCURVE('',#1011,#12203);
#12203 = DEFINITIONAL_REPRESENTATION('',(#12204),#12208);
#12204 = LINE('',#12205,#12206);
#12205 = CARTESIAN_POINT('',(6.28318530718,3.14159265359));
#12206 = VECTOR('',#12207,1.);
#12207 = DIRECTION('',(-1.,0.));
#12208 = ( GEOMETRIC_REPRESENTATION_CONTEXT(2) 
PARAMETRIC_REPRESENTATION_CONTEXT() REPRESENTATION_CONTEXT('2D SPACE',''
  ) );
#12209 = ORIENTED_EDGE('',*,*,#12210,.F.);
#12210 = EDGE_CURVE('',#5803,#12187,#12211,.T.);
#12211 = SURFACE_CURVE('',#12212,(#12216,#12223),.PCURVE_S1.);
#12212 = LINE('',#12213,#12214);
#12213 = CARTESIAN_POINT('',(-2.23,6.,5.));
#12214 = VECTOR('',#12215,1.);
#12215 = DIRECTION('',(-0.,-0.,-1.));
#12216 = PCURVE('',#982,#12217);
#12217 = DEFINITIONAL_REPRESENTATION('',(#12218),#12222);
#12218 = LINE('',#12219,#12220);
#12219 = CARTESIAN_POINT('',(1.570796326795,0.));
#12220 = VECTOR('',#12221,1.);
#12221 = DIRECTION('',(0.,1.));
#12222 = ( GEOMETRIC_REPRESENTATION_CONTEXT(2) 
PARAMETRIC_REPRESENTATION_CONTEXT() REPRESENTATION_CONTEXT('2D SPACE',''
  ) );
#12223 = PCURVE('',#4877,#12224);
#12224 = DEFINITIONAL_REPRESENTATION('',(#12225),#12229);
#12225 = LINE('',#12226,#12227);
#12226 = CARTESIAN_POINT('',(0.,0.));
#12227 = VECTOR('',#12228,1.);
#12228 = DIRECTION('',(0.,-1.));
#12229 = ( GEOMETRIC_REPRESENTATION_CONTEXT(2) 
PARAMETRIC_REPRESENTATION_CONTEXT() REPRESENTATION_CONTEXT('2D SPACE',''
  ) );
#12230 = ADVANCED_FACE('',(#12231),#4877,.F.);
#12231 = FACE_BOUND('',#12232,.T.);
#12232 = EDGE_LOOP('',(#12233,#12234,#12255,#12256));
#12233 = ORIENTED_EDGE('',*,*,#4861,.T.);
#12234 = ORIENTED_EDGE('',*,*,#12235,.T.);
#12235 = EDGE_CURVE('',#4862,#12187,#12236,.T.);
#12236 = SURFACE_CURVE('',#12237,(#12241,#12248),.PCURVE_S1.);
#12237 = LINE('',#12238,#12239);
#12238 = CARTESIAN_POINT('',(-2.23,6.,-4.));
#12239 = VECTOR('',#12240,1.);
#12240 = DIRECTION('',(1.,-1.445602896647E-16,0.));
#12241 = PCURVE('',#4877,#12242);
#12242 = DEFINITIONAL_REPRESENTATION('',(#12243),#12247);
#12243 = LINE('',#12244,#12245);
#12244 = CARTESIAN_POINT('',(0.,-9.));
#12245 = VECTOR('',#12246,1.);
#12246 = DIRECTION('',(-1.,0.));
#12247 = ( GEOMETRIC_REPRESENTATION_CONTEXT(2) 
PARAMETRIC_REPRESENTATION_CONTEXT() REPRESENTATION_CONTEXT('2D SPACE',''
  ) );
#12248 = PCURVE('',#7478,#12249);
#12249 = DEFINITIONAL_REPRESENTATION('',(#12250),#12254);
#12250 = LINE('',#12251,#12252);
#12251 = CARTESIAN_POINT('',(3.14159265359,8.881784197001E-16));
#12252 = VECTOR('',#12253,1.);
#12253 = DIRECTION('',(0.,1.));
#12254 = ( GEOMETRIC_REPRESENTATION_CONTEXT(2) 
PARAMETRIC_REPRESENTATION_CONTEXT() REPRESENTATION_CONTEXT('2D SPACE',''
  ) );
#12255 = ORIENTED_EDGE('',*,*,#12210,.F.);
#12256 = ORIENTED_EDGE('',*,*,#5802,.F.);
#12257 = ADVANCED_FACE('',(#12258),#8880,.F.);
#12258 = FACE_BOUND('',#12259,.T.);
#12259 = EDGE_LOOP('',(#12260,#12261,#12282,#12283));
#12260 = ORIENTED_EDGE('',*,*,#12164,.T.);
#12261 = ORIENTED_EDGE('',*,*,#12262,.T.);
#12262 = EDGE_CURVE('',#961,#8841,#12263,.T.);
#12263 = SURFACE_CURVE('',#12264,(#12268,#12275),.PCURVE_S1.);
#12264 = LINE('',#12265,#12266);
#12265 = CARTESIAN_POINT('',(-2.23,4.,-4.));
#12266 = VECTOR('',#12267,1.);
#12267 = DIRECTION('',(-1.,1.445602896647E-16,0.));
#12268 = PCURVE('',#8880,#12269);
#12269 = DEFINITIONAL_REPRESENTATION('',(#12270),#12274);
#12270 = LINE('',#12271,#12272);
#12271 = CARTESIAN_POINT('',(0.,-9.));
#12272 = VECTOR('',#12273,1.);
#12273 = DIRECTION('',(-1.,0.));
#12274 = ( GEOMETRIC_REPRESENTATION_CONTEXT(2) 
PARAMETRIC_REPRESENTATION_CONTEXT() REPRESENTATION_CONTEXT('2D SPACE',''
  ) );
#12275 = PCURVE('',#1062,#12276);
#12276 = DEFINITIONAL_REPRESENTATION('',(#12277),#12281);
#12277 = LINE('',#12278,#12279);
#12278 = CARTESIAN_POINT('',(3.14159265359,0.));
#12279 = VECTOR('',#12280,1.);
#12280 = DIRECTION('',(0.,1.));
#12281 = ( GEOMETRIC_REPRESENTATION_CONTEXT(2) 
PARAMETRIC_REPRESENTATION_CONTEXT() REPRESENTATION_CONTEXT('2D SPACE',''
  ) );
#12282 = ORIENTED_EDGE('',*,*,#8864,.F.);
#12283 = ORIENTED_EDGE('',*,*,#12284,.T.);
#12284 = EDGE_CURVE('',#8865,#12136,#12285,.T.);
#12285 = SURFACE_CURVE('',#12286,(#12290,#12297),.PCURVE_S1.);
#12286 = LINE('',#12287,#12288);
#12287 = CARTESIAN_POINT('',(-2.23,4.,3.));
#12288 = VECTOR('',#12289,1.);
#12289 = DIRECTION('',(1.,-1.445602896647E-16,0.));
#12290 = PCURVE('',#8880,#12291);
#12291 = DEFINITIONAL_REPRESENTATION('',(#12292),#12296);
#12292 = LINE('',#12293,#12294);
#12293 = CARTESIAN_POINT('',(0.,-2.));
#12294 = VECTOR('',#12295,1.);
#12295 = DIRECTION('',(1.,0.));
#12296 = ( GEOMETRIC_REPRESENTATION_CONTEXT(2) 
PARAMETRIC_REPRESENTATION_CONTEXT() REPRESENTATION_CONTEXT('2D SPACE',''
  ) );
#12297 = PCURVE('',#12298,#12303);
#12298 = CYLINDRICAL_SURFACE('',#12299,1.);
#12299 = AXIS2_PLACEMENT_3D('',#12300,#12301,#12302);
#12300 = CARTESIAN_POINT('',(-2.23,3.,3.));
#12301 = DIRECTION('',(1.,-1.445602896647E-16,0.));
#12302 = DIRECTION('',(1.445602896647E-16,1.,0.));
#12303 = DEFINITIONAL_REPRESENTATION('',(#12304),#12308);
#12304 = LINE('',#12305,#12306);
#12305 = CARTESIAN_POINT('',(0.,8.881784197001E-16));
#12306 = VECTOR('',#12307,1.);
#12307 = DIRECTION('',(0.,1.));
#12308 = ( GEOMETRIC_REPRESENTATION_CONTEXT(2) 
PARAMETRIC_REPRESENTATION_CONTEXT() REPRESENTATION_CONTEXT('2D SPACE',''
  ) );
#12309 = ADVANCED_FACE('',(#12310),#1220,.F.);
#12310 = FACE_BOUND('',#12311,.F.);
#12311 = EDGE_LOOP('',(#12312,#12313,#12336,#12365,#12386,#12387,#12411)
  );
#12312 = ORIENTED_EDGE('',*,*,#6004,.T.);
#12313 = ORIENTED_EDGE('',*,*,#12314,.F.);
#12314 = EDGE_CURVE('',#12315,#6005,#12317,.T.);
#12315 = VERTEX_POINT('',#12316);
#12316 = CARTESIAN_POINT('',(28.77,5.,3.));
#12317 = SURFACE_CURVE('',#12318,(#12322,#12329),.PCURVE_S1.);
#12318 = LINE('',#12319,#12320);
#12319 = CARTESIAN_POINT('',(28.77,5.,4.));
#12320 = VECTOR('',#12321,1.);
#12321 = DIRECTION('',(0.,0.,1.));
#12322 = PCURVE('',#1220,#12323);
#12323 = DEFINITIONAL_REPRESENTATION('',(#12324),#12328);
#12324 = LINE('',#12325,#12326);
#12325 = CARTESIAN_POINT('',(3.14159265359,1.));
#12326 = VECTOR('',#12327,1.);
#12327 = DIRECTION('',(0.,-1.));
#12328 = ( GEOMETRIC_REPRESENTATION_CONTEXT(2) 
PARAMETRIC_REPRESENTATION_CONTEXT() REPRESENTATION_CONTEXT('2D SPACE',''
  ) );
#12329 = PCURVE('',#6048,#12330);
#12330 = DEFINITIONAL_REPRESENTATION('',(#12331),#12335);
#12331 = LINE('',#12332,#12333);
#12332 = CARTESIAN_POINT('',(0.,0.));
#12333 = VECTOR('',#12334,1.);
#12334 = DIRECTION('',(1.,0.));
#12335 = ( GEOMETRIC_REPRESENTATION_CONTEXT(2) 
PARAMETRIC_REPRESENTATION_CONTEXT() REPRESENTATION_CONTEXT('2D SPACE',''
  ) );
#12336 = ORIENTED_EDGE('',*,*,#12337,.F.);
#12337 = EDGE_CURVE('',#12338,#12315,#12340,.T.);
#12338 = VERTEX_POINT('',#12339);
#12339 = CARTESIAN_POINT('',(27.77,4.,3.));
#12340 = SURFACE_CURVE('',#12341,(#12346,#12353),.PCURVE_S1.);
#12341 = CIRCLE('',#12342,1.);
#12342 = AXIS2_PLACEMENT_3D('',#12343,#12344,#12345);
#12343 = CARTESIAN_POINT('',(27.77,5.,3.));
#12344 = DIRECTION('',(0.,-0.,1.));
#12345 = DIRECTION('',(-1.,0.,0.));
#12346 = PCURVE('',#1220,#12347);
#12347 = DEFINITIONAL_REPRESENTATION('',(#12348),#12352);
#12348 = LINE('',#12349,#12350);
#12349 = CARTESIAN_POINT('',(6.28318530718,2.));
#12350 = VECTOR('',#12351,1.);
#12351 = DIRECTION('',(-1.,0.));
#12352 = ( GEOMETRIC_REPRESENTATION_CONTEXT(2) 
PARAMETRIC_REPRESENTATION_CONTEXT() REPRESENTATION_CONTEXT('2D SPACE',''
  ) );
#12353 = PCURVE('',#12354,#12359);
#12354 = TOROIDAL_SURFACE('',#12355,2.,1.);
#12355 = AXIS2_PLACEMENT_3D('',#12356,#12357,#12358);
#12356 = CARTESIAN_POINT('',(27.77,5.,3.));
#12357 = DIRECTION('',(0.,0.,-1.));
#12358 = DIRECTION('',(-1.,0.,0.));
#12359 = DEFINITIONAL_REPRESENTATION('',(#12360),#12364);
#12360 = LINE('',#12361,#12362);
#12361 = CARTESIAN_POINT('',(6.28318530718,3.14159265359));
#12362 = VECTOR('',#12363,1.);
#12363 = DIRECTION('',(-1.,0.));
#12364 = ( GEOMETRIC_REPRESENTATION_CONTEXT(2) 
PARAMETRIC_REPRESENTATION_CONTEXT() REPRESENTATION_CONTEXT('2D SPACE',''
  ) );
#12365 = ORIENTED_EDGE('',*,*,#12366,.T.);
#12366 = EDGE_CURVE('',#12338,#1199,#12367,.T.);
#12367 = SURFACE_CURVE('',#12368,(#12372,#12379),.PCURVE_S1.);
#12368 = LINE('',#12369,#12370);
#12369 = CARTESIAN_POINT('',(27.77,4.,5.));
#12370 = VECTOR('',#12371,1.);
#12371 = DIRECTION('',(-0.,-0.,-1.));
#12372 = PCURVE('',#1220,#12373);
#12373 = DEFINITIONAL_REPRESENTATION('',(#12374),#12378);
#12374 = LINE('',#12375,#12376);
#12375 = CARTESIAN_POINT('',(4.712388980385,0.));
#12376 = VECTOR('',#12377,1.);
#12377 = DIRECTION('',(0.,1.));
#12378 = ( GEOMETRIC_REPRESENTATION_CONTEXT(2) 
PARAMETRIC_REPRESENTATION_CONTEXT() REPRESENTATION_CONTEXT('2D SPACE',''
  ) );
#12379 = PCURVE('',#8963,#12380);
#12380 = DEFINITIONAL_REPRESENTATION('',(#12381),#12385);
#12381 = LINE('',#12382,#12383);
#12382 = CARTESIAN_POINT('',(0.,0.));
#12383 = VECTOR('',#12384,1.);
#12384 = DIRECTION('',(0.,-1.));
#12385 = ( GEOMETRIC_REPRESENTATION_CONTEXT(2) 
PARAMETRIC_REPRESENTATION_CONTEXT() REPRESENTATION_CONTEXT('2D SPACE',''
  ) );
#12386 = ORIENTED_EDGE('',*,*,#1196,.F.);
#12387 = ORIENTED_EDGE('',*,*,#12388,.F.);
#12388 = EDGE_CURVE('',#12389,#1197,#12391,.T.);
#12389 = VERTEX_POINT('',#12390);
#12390 = CARTESIAN_POINT('',(27.77,6.,-4.));
#12391 = SURFACE_CURVE('',#12392,(#12397,#12404),.PCURVE_S1.);
#12392 = CIRCLE('',#12393,1.);
#12393 = AXIS2_PLACEMENT_3D('',#12394,#12395,#12396);
#12394 = CARTESIAN_POINT('',(27.77,5.,-4.));
#12395 = DIRECTION('',(0.,0.,-1.));
#12396 = DIRECTION('',(1.,0.,0.));
#12397 = PCURVE('',#1220,#12398);
#12398 = DEFINITIONAL_REPRESENTATION('',(#12399),#12403);
#12399 = LINE('',#12400,#12401);
#12400 = CARTESIAN_POINT('',(-3.14159265359,9.));
#12401 = VECTOR('',#12402,1.);
#12402 = DIRECTION('',(1.,0.));
#12403 = ( GEOMETRIC_REPRESENTATION_CONTEXT(2) 
PARAMETRIC_REPRESENTATION_CONTEXT() REPRESENTATION_CONTEXT('2D SPACE',''
  ) );
#12404 = PCURVE('',#1249,#12405);
#12405 = DEFINITIONAL_REPRESENTATION('',(#12406),#12410);
#12406 = LINE('',#12407,#12408);
#12407 = CARTESIAN_POINT('',(6.28318530718,3.14159265359));
#12408 = VECTOR('',#12409,1.);
#12409 = DIRECTION('',(-1.,0.));
#12410 = ( GEOMETRIC_REPRESENTATION_CONTEXT(2) 
PARAMETRIC_REPRESENTATION_CONTEXT() REPRESENTATION_CONTEXT('2D SPACE',''
  ) );
#12411 = ORIENTED_EDGE('',*,*,#12412,.F.);
#12412 = EDGE_CURVE('',#5982,#12389,#12413,.T.);
#12413 = SURFACE_CURVE('',#12414,(#12418,#12425),.PCURVE_S1.);
#12414 = LINE('',#12415,#12416);
#12415 = CARTESIAN_POINT('',(27.77,6.,5.));
#12416 = VECTOR('',#12417,1.);
#12417 = DIRECTION('',(-0.,-0.,-1.));
#12418 = PCURVE('',#1220,#12419);
#12419 = DEFINITIONAL_REPRESENTATION('',(#12420),#12424);
#12420 = LINE('',#12421,#12422);
#12421 = CARTESIAN_POINT('',(1.570796326795,0.));
#12422 = VECTOR('',#12423,1.);
#12423 = DIRECTION('',(0.,1.));
#12424 = ( GEOMETRIC_REPRESENTATION_CONTEXT(2) 
PARAMETRIC_REPRESENTATION_CONTEXT() REPRESENTATION_CONTEXT('2D SPACE',''
  ) );
#12425 = PCURVE('',#4728,#12426);
#12426 = DEFINITIONAL_REPRESENTATION('',(#12427),#12431);
#12427 = LINE('',#12428,#12429);
#12428 = CARTESIAN_POINT('',(0.,0.));
#12429 = VECTOR('',#12430,1.);
#12430 = DIRECTION('',(0.,-1.));
#12431 = ( GEOMETRIC_REPRESENTATION_CONTEXT(2) 
PARAMETRIC_REPRESENTATION_CONTEXT() REPRESENTATION_CONTEXT('2D SPACE',''
  ) );
#12432 = ADVANCED_FACE('',(#12433),#4728,.F.);
#12433 = FACE_BOUND('',#12434,.T.);
#12434 = EDGE_LOOP('',(#12435,#12436,#12457,#12458));
#12435 = ORIENTED_EDGE('',*,*,#4712,.T.);
#12436 = ORIENTED_EDGE('',*,*,#12437,.T.);
#12437 = EDGE_CURVE('',#4713,#12389,#12438,.T.);
#12438 = SURFACE_CURVE('',#12439,(#12443,#12450),.PCURVE_S1.);
#12439 = LINE('',#12440,#12441);
#12440 = CARTESIAN_POINT('',(27.77,6.,-4.));
#12441 = VECTOR('',#12442,1.);
#12442 = DIRECTION('',(1.,-1.445602896647E-16,0.));
#12443 = PCURVE('',#4728,#12444);
#12444 = DEFINITIONAL_REPRESENTATION('',(#12445),#12449);
#12445 = LINE('',#12446,#12447);
#12446 = CARTESIAN_POINT('',(0.,-9.));
#12447 = VECTOR('',#12448,1.);
#12448 = DIRECTION('',(-1.,0.));
#12449 = ( GEOMETRIC_REPRESENTATION_CONTEXT(2) 
PARAMETRIC_REPRESENTATION_CONTEXT() REPRESENTATION_CONTEXT('2D SPACE',''
  ) );
#12450 = PCURVE('',#7678,#12451);
#12451 = DEFINITIONAL_REPRESENTATION('',(#12452),#12456);
#12452 = LINE('',#12453,#12454);
#12453 = CARTESIAN_POINT('',(3.14159265359,0.));
#12454 = VECTOR('',#12455,1.);
#12455 = DIRECTION('',(0.,1.));
#12456 = ( GEOMETRIC_REPRESENTATION_CONTEXT(2) 
PARAMETRIC_REPRESENTATION_CONTEXT() REPRESENTATION_CONTEXT('2D SPACE',''
  ) );
#12457 = ORIENTED_EDGE('',*,*,#12412,.F.);
#12458 = ORIENTED_EDGE('',*,*,#5981,.F.);
#12459 = ADVANCED_FACE('',(#12460),#8963,.F.);
#12460 = FACE_BOUND('',#12461,.T.);
#12461 = EDGE_LOOP('',(#12462,#12463,#12484,#12485));
#12462 = ORIENTED_EDGE('',*,*,#12366,.T.);
#12463 = ORIENTED_EDGE('',*,*,#12464,.T.);
#12464 = EDGE_CURVE('',#1199,#8924,#12465,.T.);
#12465 = SURFACE_CURVE('',#12466,(#12470,#12477),.PCURVE_S1.);
#12466 = LINE('',#12467,#12468);
#12467 = CARTESIAN_POINT('',(27.77,4.,-4.));
#12468 = VECTOR('',#12469,1.);
#12469 = DIRECTION('',(-1.,1.445602896647E-16,0.));
#12470 = PCURVE('',#8963,#12471);
#12471 = DEFINITIONAL_REPRESENTATION('',(#12472),#12476);
#12472 = LINE('',#12473,#12474);
#12473 = CARTESIAN_POINT('',(0.,-9.));
#12474 = VECTOR('',#12475,1.);
#12475 = DIRECTION('',(-1.,0.));
#12476 = ( GEOMETRIC_REPRESENTATION_CONTEXT(2) 
PARAMETRIC_REPRESENTATION_CONTEXT() REPRESENTATION_CONTEXT('2D SPACE',''
  ) );
#12477 = PCURVE('',#1300,#12478);
#12478 = DEFINITIONAL_REPRESENTATION('',(#12479),#12483);
#12479 = LINE('',#12480,#12481);
#12480 = CARTESIAN_POINT('',(3.14159265359,0.));
#12481 = VECTOR('',#12482,1.);
#12482 = DIRECTION('',(0.,1.));
#12483 = ( GEOMETRIC_REPRESENTATION_CONTEXT(2) 
PARAMETRIC_REPRESENTATION_CONTEXT() REPRESENTATION_CONTEXT('2D SPACE',''
  ) );
#12484 = ORIENTED_EDGE('',*,*,#8947,.F.);
#12485 = ORIENTED_EDGE('',*,*,#12486,.T.);
#12486 = EDGE_CURVE('',#8948,#12338,#12487,.T.);
#12487 = SURFACE_CURVE('',#12488,(#12492,#12499),.PCURVE_S1.);
#12488 = LINE('',#12489,#12490);
#12489 = CARTESIAN_POINT('',(27.77,4.,3.));
#12490 = VECTOR('',#12491,1.);
#12491 = DIRECTION('',(1.,-1.445602896647E-16,0.));
#12492 = PCURVE('',#8963,#12493);
#12493 = DEFINITIONAL_REPRESENTATION('',(#12494),#12498);
#12494 = LINE('',#12495,#12496);
#12495 = CARTESIAN_POINT('',(0.,-2.));
#12496 = VECTOR('',#12497,1.);
#12497 = DIRECTION('',(1.,0.));
#12498 = ( GEOMETRIC_REPRESENTATION_CONTEXT(2) 
PARAMETRIC_REPRESENTATION_CONTEXT() REPRESENTATION_CONTEXT('2D SPACE',''
  ) );
#12499 = PCURVE('',#12500,#12505);
#12500 = CYLINDRICAL_SURFACE('',#12501,1.);
#12501 = AXIS2_PLACEMENT_3D('',#12502,#12503,#12504);
#12502 = CARTESIAN_POINT('',(27.77,3.,3.));
#12503 = DIRECTION('',(1.,-1.445602896647E-16,0.));
#12504 = DIRECTION('',(1.445602896647E-16,1.,0.));
#12505 = DEFINITIONAL_REPRESENTATION('',(#12506),#12510);
#12506 = LINE('',#12507,#12508);
#12507 = CARTESIAN_POINT('',(0.,0.));
#12508 = VECTOR('',#12509,1.);
#12509 = DIRECTION('',(0.,1.));
#12510 = ( GEOMETRIC_REPRESENTATION_CONTEXT(2) 
PARAMETRIC_REPRESENTATION_CONTEXT() REPRESENTATION_CONTEXT('2D SPACE',''
  ) );
#12511 = ADVANCED_FACE('',(#12512),#12526,.F.);
#12512 = FACE_BOUND('',#12513,.T.);
#12513 = EDGE_LOOP('',(#12514,#12544,#12568,#12596,#12620,#12643,#12667,
    #12690));
#12514 = ORIENTED_EDGE('',*,*,#12515,.F.);
#12515 = EDGE_CURVE('',#12516,#12518,#12520,.T.);
#12516 = VERTEX_POINT('',#12517);
#12517 = CARTESIAN_POINT('',(20.77,-3.267949192431,4.));
#12518 = VERTEX_POINT('',#12519);
#12519 = CARTESIAN_POINT('',(20.77,3.267949192431,4.));
#12520 = SURFACE_CURVE('',#12521,(#12525,#12537),.PCURVE_S1.);
#12521 = LINE('',#12522,#12523);
#12522 = CARTESIAN_POINT('',(20.77,-1.880723109329E-15,4.));
#12523 = VECTOR('',#12524,1.);
#12524 = DIRECTION('',(0.,1.,0.));
#12525 = PCURVE('',#12526,#12531);
#12526 = PLANE('',#12527);
#12527 = AXIS2_PLACEMENT_3D('',#12528,#12529,#12530);
#12528 = CARTESIAN_POINT('',(-30.,4.336808689942E-15,4.));
#12529 = DIRECTION('',(0.,0.,-1.));
#12530 = DIRECTION('',(-1.,0.,-0.));
#12531 = DEFINITIONAL_REPRESENTATION('',(#12532),#12536);
#12532 = LINE('',#12533,#12534);
#12533 = CARTESIAN_POINT('',(-50.77,-6.217531799271E-15));
#12534 = VECTOR('',#12535,1.);
#12535 = DIRECTION('',(0.,1.));
#12536 = ( GEOMETRIC_REPRESENTATION_CONTEXT(2) 
PARAMETRIC_REPRESENTATION_CONTEXT() REPRESENTATION_CONTEXT('2D SPACE',''
  ) );
#12537 = PCURVE('',#4811,#12538);
#12538 = DEFINITIONAL_REPRESENTATION('',(#12539),#12543);
#12539 = LINE('',#12540,#12541);
#12540 = CARTESIAN_POINT('',(0.,0.));
#12541 = VECTOR('',#12542,1.);
#12542 = DIRECTION('',(0.,1.));
#12543 = ( GEOMETRIC_REPRESENTATION_CONTEXT(2) 
PARAMETRIC_REPRESENTATION_CONTEXT() REPRESENTATION_CONTEXT('2D SPACE',''
  ) );
#12544 = ORIENTED_EDGE('',*,*,#12545,.T.);
#12545 = EDGE_CURVE('',#12516,#12546,#12548,.T.);
#12546 = VERTEX_POINT('',#12547);
#12547 = CARTESIAN_POINT('',(21.77,-3.,4.));
#12548 = SURFACE_CURVE('',#12549,(#12554,#12561),.PCURVE_S1.);
#12549 = CIRCLE('',#12550,2.);
#12550 = AXIS2_PLACEMENT_3D('',#12551,#12552,#12553);
#12551 = CARTESIAN_POINT('',(21.77,-5.,4.));
#12552 = DIRECTION('',(0.,0.,-1.));
#12553 = DIRECTION('',(-1.,0.,0.));
#12554 = PCURVE('',#12526,#12555);
#12555 = DEFINITIONAL_REPRESENTATION('',(#12556),#12560);
#12556 = CIRCLE('',#12557,2.);
#12557 = AXIS2_PLACEMENT_2D('',#12558,#12559);
#12558 = CARTESIAN_POINT('',(-51.77,-5.));
#12559 = DIRECTION('',(1.,0.));
#12560 = ( GEOMETRIC_REPRESENTATION_CONTEXT(2) 
PARAMETRIC_REPRESENTATION_CONTEXT() REPRESENTATION_CONTEXT('2D SPACE',''
  ) );
#12561 = PCURVE('',#1907,#12562);
#12562 = DEFINITIONAL_REPRESENTATION('',(#12563),#12567);
#12563 = LINE('',#12564,#12565);
#12564 = CARTESIAN_POINT('',(-2.22044604925E-16,4.712388980385));
#12565 = VECTOR('',#12566,1.);
#12566 = DIRECTION('',(1.,-1.696295830114E-15));
#12567 = ( GEOMETRIC_REPRESENTATION_CONTEXT(2) 
PARAMETRIC_REPRESENTATION_CONTEXT() REPRESENTATION_CONTEXT('2D SPACE',''
  ) );
#12568 = ORIENTED_EDGE('',*,*,#12569,.T.);
#12569 = EDGE_CURVE('',#12546,#12570,#12572,.T.);
#12570 = VERTEX_POINT('',#12571);
#12571 = CARTESIAN_POINT('',(27.77,-3.,4.));
#12572 = SURFACE_CURVE('',#12573,(#12577,#12584),.PCURVE_S1.);
#12573 = LINE('',#12574,#12575);
#12574 = CARTESIAN_POINT('',(27.77,-3.,4.));
#12575 = VECTOR('',#12576,1.);
#12576 = DIRECTION('',(1.,1.445602896647E-16,0.));
#12577 = PCURVE('',#12526,#12578);
#12578 = DEFINITIONAL_REPRESENTATION('',(#12579),#12583);
#12579 = LINE('',#12580,#12581);
#12580 = CARTESIAN_POINT('',(-57.77,-3.));
#12581 = VECTOR('',#12582,1.);
#12582 = DIRECTION('',(-1.,1.445602896647E-16));
#12583 = ( GEOMETRIC_REPRESENTATION_CONTEXT(2) 
PARAMETRIC_REPRESENTATION_CONTEXT() REPRESENTATION_CONTEXT('2D SPACE',''
  ) );
#12584 = PCURVE('',#12585,#12590);
#12585 = CYLINDRICAL_SURFACE('',#12586,1.);
#12586 = AXIS2_PLACEMENT_3D('',#12587,#12588,#12589);
#12587 = CARTESIAN_POINT('',(-30.,-3.,3.));
#12588 = DIRECTION('',(-1.,-1.445602896647E-16,0.));
#12589 = DIRECTION('',(1.445602896647E-16,-1.,0.));
#12590 = DEFINITIONAL_REPRESENTATION('',(#12591),#12595);
#12591 = LINE('',#12592,#12593);
#12592 = CARTESIAN_POINT('',(1.570796326795,-57.77));
#12593 = VECTOR('',#12594,1.);
#12594 = DIRECTION('',(0.,-1.));
#12595 = ( GEOMETRIC_REPRESENTATION_CONTEXT(2) 
PARAMETRIC_REPRESENTATION_CONTEXT() REPRESENTATION_CONTEXT('2D SPACE',''
  ) );
#12596 = ORIENTED_EDGE('',*,*,#12597,.T.);
#12597 = EDGE_CURVE('',#12570,#12598,#12600,.T.);
#12598 = VERTEX_POINT('',#12599);
#12599 = CARTESIAN_POINT('',(28.77,-3.267949192431,4.));
#12600 = SURFACE_CURVE('',#12601,(#12606,#12613),.PCURVE_S1.);
#12601 = CIRCLE('',#12602,2.);
#12602 = AXIS2_PLACEMENT_3D('',#12603,#12604,#12605);
#12603 = CARTESIAN_POINT('',(27.77,-5.,4.));
#12604 = DIRECTION('',(0.,0.,-1.));
#12605 = DIRECTION('',(-1.,0.,0.));
#12606 = PCURVE('',#12526,#12607);
#12607 = DEFINITIONAL_REPRESENTATION('',(#12608),#12612);
#12608 = CIRCLE('',#12609,2.);
#12609 = AXIS2_PLACEMENT_2D('',#12610,#12611);
#12610 = CARTESIAN_POINT('',(-57.77,-5.));
#12611 = DIRECTION('',(1.,0.));
#12612 = ( GEOMETRIC_REPRESENTATION_CONTEXT(2) 
PARAMETRIC_REPRESENTATION_CONTEXT() REPRESENTATION_CONTEXT('2D SPACE',''
  ) );
#12613 = PCURVE('',#8570,#12614);
#12614 = DEFINITIONAL_REPRESENTATION('',(#12615),#12619);
#12615 = LINE('',#12616,#12617);
#12616 = CARTESIAN_POINT('',(0.,4.712388980385));
#12617 = VECTOR('',#12618,1.);
#12618 = DIRECTION('',(1.,-1.696295830114E-15));
#12619 = ( GEOMETRIC_REPRESENTATION_CONTEXT(2) 
PARAMETRIC_REPRESENTATION_CONTEXT() REPRESENTATION_CONTEXT('2D SPACE',''
  ) );
#12620 = ORIENTED_EDGE('',*,*,#12621,.F.);
#12621 = EDGE_CURVE('',#12622,#12598,#12624,.T.);
#12622 = VERTEX_POINT('',#12623);
#12623 = CARTESIAN_POINT('',(28.77,3.267949192431,4.));
#12624 = SURFACE_CURVE('',#12625,(#12629,#12636),.PCURVE_S1.);
#12625 = LINE('',#12626,#12627);
#12626 = CARTESIAN_POINT('',(28.77,5.,4.));
#12627 = VECTOR('',#12628,1.);
#12628 = DIRECTION('',(0.,-1.,0.));
#12629 = PCURVE('',#12526,#12630);
#12630 = DEFINITIONAL_REPRESENTATION('',(#12631),#12635);
#12631 = LINE('',#12632,#12633);
#12632 = CARTESIAN_POINT('',(-58.77,5.));
#12633 = VECTOR('',#12634,1.);
#12634 = DIRECTION('',(-0.,-1.));
#12635 = ( GEOMETRIC_REPRESENTATION_CONTEXT(2) 
PARAMETRIC_REPRESENTATION_CONTEXT() REPRESENTATION_CONTEXT('2D SPACE',''
  ) );
#12636 = PCURVE('',#6048,#12637);
#12637 = DEFINITIONAL_REPRESENTATION('',(#12638),#12642);
#12638 = LINE('',#12639,#12640);
#12639 = CARTESIAN_POINT('',(0.,0.));
#12640 = VECTOR('',#12641,1.);
#12641 = DIRECTION('',(0.,-1.));
#12642 = ( GEOMETRIC_REPRESENTATION_CONTEXT(2) 
PARAMETRIC_REPRESENTATION_CONTEXT() REPRESENTATION_CONTEXT('2D SPACE',''
  ) );
#12643 = ORIENTED_EDGE('',*,*,#12644,.T.);
#12644 = EDGE_CURVE('',#12622,#12645,#12647,.T.);
#12645 = VERTEX_POINT('',#12646);
#12646 = CARTESIAN_POINT('',(27.77,3.,4.));
#12647 = SURFACE_CURVE('',#12648,(#12653,#12660),.PCURVE_S1.);
#12648 = CIRCLE('',#12649,2.);
#12649 = AXIS2_PLACEMENT_3D('',#12650,#12651,#12652);
#12650 = CARTESIAN_POINT('',(27.77,5.,4.));
#12651 = DIRECTION('',(0.,0.,-1.));
#12652 = DIRECTION('',(-1.,0.,0.));
#12653 = PCURVE('',#12526,#12654);
#12654 = DEFINITIONAL_REPRESENTATION('',(#12655),#12659);
#12655 = CIRCLE('',#12656,2.);
#12656 = AXIS2_PLACEMENT_2D('',#12657,#12658);
#12657 = CARTESIAN_POINT('',(-57.77,5.));
#12658 = DIRECTION('',(1.,0.));
#12659 = ( GEOMETRIC_REPRESENTATION_CONTEXT(2) 
PARAMETRIC_REPRESENTATION_CONTEXT() REPRESENTATION_CONTEXT('2D SPACE',''
  ) );
#12660 = PCURVE('',#12354,#12661);
#12661 = DEFINITIONAL_REPRESENTATION('',(#12662),#12666);
#12662 = LINE('',#12663,#12664);
#12663 = CARTESIAN_POINT('',(0.,4.712388980385));
#12664 = VECTOR('',#12665,1.);
#12665 = DIRECTION('',(1.,1.696295830114E-15));
#12666 = ( GEOMETRIC_REPRESENTATION_CONTEXT(2) 
PARAMETRIC_REPRESENTATION_CONTEXT() REPRESENTATION_CONTEXT('2D SPACE',''
  ) );
#12667 = ORIENTED_EDGE('',*,*,#12668,.T.);
#12668 = EDGE_CURVE('',#12645,#12669,#12671,.T.);
#12669 = VERTEX_POINT('',#12670);
#12670 = CARTESIAN_POINT('',(21.77,3.,4.));
#12671 = SURFACE_CURVE('',#12672,(#12676,#12683),.PCURVE_S1.);
#12672 = LINE('',#12673,#12674);
#12673 = CARTESIAN_POINT('',(-30.,3.,4.));
#12674 = VECTOR('',#12675,1.);
#12675 = DIRECTION('',(-1.,1.445602896647E-16,-0.));
#12676 = PCURVE('',#12526,#12677);
#12677 = DEFINITIONAL_REPRESENTATION('',(#12678),#12682);
#12678 = LINE('',#12679,#12680);
#12679 = CARTESIAN_POINT('',(0.,3.));
#12680 = VECTOR('',#12681,1.);
#12681 = DIRECTION('',(1.,1.445602896647E-16));
#12682 = ( GEOMETRIC_REPRESENTATION_CONTEXT(2) 
PARAMETRIC_REPRESENTATION_CONTEXT() REPRESENTATION_CONTEXT('2D SPACE',''
  ) );
#12683 = PCURVE('',#12500,#12684);
#12684 = DEFINITIONAL_REPRESENTATION('',(#12685),#12689);
#12685 = LINE('',#12686,#12687);
#12686 = CARTESIAN_POINT('',(1.570796326795,-57.77));
#12687 = VECTOR('',#12688,1.);
#12688 = DIRECTION('',(0.,-1.));
#12689 = ( GEOMETRIC_REPRESENTATION_CONTEXT(2) 
PARAMETRIC_REPRESENTATION_CONTEXT() REPRESENTATION_CONTEXT('2D SPACE',''
  ) );
#12690 = ORIENTED_EDGE('',*,*,#12691,.T.);
#12691 = EDGE_CURVE('',#12669,#12518,#12692,.T.);
#12692 = SURFACE_CURVE('',#12693,(#12698,#12705),.PCURVE_S1.);
#12693 = CIRCLE('',#12694,2.);
#12694 = AXIS2_PLACEMENT_3D('',#12695,#12696,#12697);
#12695 = CARTESIAN_POINT('',(21.77,5.,4.));
#12696 = DIRECTION('',(0.,0.,-1.));
#12697 = DIRECTION('',(-1.,0.,0.));
#12698 = PCURVE('',#12526,#12699);
#12699 = DEFINITIONAL_REPRESENTATION('',(#12700),#12704);
#12700 = CIRCLE('',#12701,2.);
#12701 = AXIS2_PLACEMENT_2D('',#12702,#12703);
#12702 = CARTESIAN_POINT('',(-51.77,5.));
#12703 = DIRECTION('',(1.,0.));
#12704 = ( GEOMETRIC_REPRESENTATION_CONTEXT(2) 
PARAMETRIC_REPRESENTATION_CONTEXT() REPRESENTATION_CONTEXT('2D SPACE',''
  ) );
#12705 = PCURVE('',#8990,#12706);
#12706 = DEFINITIONAL_REPRESENTATION('',(#12707),#12711);
#12707 = LINE('',#12708,#12709);
#12708 = CARTESIAN_POINT('',(0.,4.712388980385));
#12709 = VECTOR('',#12710,1.);
#12710 = DIRECTION('',(1.,0.));
#12711 = ( GEOMETRIC_REPRESENTATION_CONTEXT(2) 
PARAMETRIC_REPRESENTATION_CONTEXT() REPRESENTATION_CONTEXT('2D SPACE',''
  ) );
#12712 = ADVANCED_FACE('',(#12713),#6048,.T.);
#12713 = FACE_BOUND('',#12714,.T.);
#12714 = EDGE_LOOP('',(#12715,#12716,#12717,#12774,#12775,#12828));
#12715 = ORIENTED_EDGE('',*,*,#6032,.F.);
#12716 = ORIENTED_EDGE('',*,*,#12314,.F.);
#12717 = ORIENTED_EDGE('',*,*,#12718,.T.);
#12718 = EDGE_CURVE('',#12315,#12622,#12719,.T.);
#12719 = SURFACE_CURVE('',#12720,(#12731,#12745),.PCURVE_S1.);
#12720 = B_SPLINE_CURVE_WITH_KNOTS('',3,(#12721,#12722,#12723,#12724,
    #12725,#12726,#12727,#12728,#12729,#12730),.UNSPECIFIED.,.F.,.F.,(4,
    2,2,2,4),(-6.324555320371E-06,5.078165051333E-04,1.021957565587E-03,
    1.536098626041E-03,2.050239686494E-03),.UNSPECIFIED.);
#12721 = CARTESIAN_POINT('',(28.77,5.,3.));
#12722 = CARTESIAN_POINT('',(28.77,4.878815486924,3.121183907146));
#12723 = CARTESIAN_POINT('',(28.77,4.757383330315,3.242607587782));
#12724 = CARTESIAN_POINT('',(28.77,4.503291121054,3.472660349361));
#12725 = CARTESIAN_POINT('',(28.77,4.36950482141,3.582117625477));
#12726 = CARTESIAN_POINT('',(28.77,4.084960646927,3.771392203724));
#12727 = CARTESIAN_POINT('',(28.77,3.934576491687,3.85151493818));
#12728 = CARTESIAN_POINT('',(28.77,3.608851968762,3.967107390128));
#12729 = CARTESIAN_POINT('',(28.77,3.441273874265,4.));
#12730 = CARTESIAN_POINT('',(28.77,3.267949192431,4.));
#12731 = PCURVE('',#6048,#12732);
#12732 = DEFINITIONAL_REPRESENTATION('',(#12733),#12744);
#12733 = B_SPLINE_CURVE_WITH_KNOTS('',3,(#12734,#12735,#12736,#12737,
    #12738,#12739,#12740,#12741,#12742,#12743),.UNSPECIFIED.,.F.,.F.,(4,
    2,2,2,4),(-6.324555320371E-06,5.078165051333E-04,1.021957565587E-03,
    1.536098626041E-03,2.050239686494E-03),.UNSPECIFIED.);
#12734 = CARTESIAN_POINT('',(-1.,0.));
#12735 = CARTESIAN_POINT('',(-0.878816092854,-0.121184513076));
#12736 = CARTESIAN_POINT('',(-0.757392412218,-0.242616669685));
#12737 = CARTESIAN_POINT('',(-0.527339650639,-0.496708878946));
#12738 = CARTESIAN_POINT('',(-0.417882374523,-0.63049517859));
#12739 = CARTESIAN_POINT('',(-0.228607796276,-0.915039353073));
#12740 = CARTESIAN_POINT('',(-0.14848506182,-1.065423508313));
#12741 = CARTESIAN_POINT('',(-3.289260987207E-02,-1.391148031238));
#12742 = CARTESIAN_POINT('',(-8.881784197001E-16,-1.558726125735));
#12743 = CARTESIAN_POINT('',(0.,-1.732050807569));
#12744 = ( GEOMETRIC_REPRESENTATION_CONTEXT(2) 
PARAMETRIC_REPRESENTATION_CONTEXT() REPRESENTATION_CONTEXT('2D SPACE',''
  ) );
#12745 = PCURVE('',#12354,#12746);
#12746 = DEFINITIONAL_REPRESENTATION('',(#12747),#12773);
#12747 = B_SPLINE_CURVE_WITH_KNOTS('',3,(#12748,#12749,#12750,#12751,
    #12752,#12753,#12754,#12755,#12756,#12757,#12758,#12759,#12760,
    #12761,#12762,#12763,#12764,#12765,#12766,#12767,#12768,#12769,
    #12770,#12771,#12772),.UNSPECIFIED.,.F.,.F.,(4,1,1,1,1,1,1,1,1,1,1,1
    ,1,1,1,1,1,1,1,1,1,1,4),(-6.324555320371E-06,8.715563748938E-05,
    1.806358302991E-04,2.741160231089E-04,3.675962159186E-04,
    4.610764087284E-04,5.545566015381E-04,6.480367943479E-04,
    7.415169871576E-04,8.349971799674E-04,9.284773727771E-04,
    1.021957565587E-03,1.115437758397E-03,1.208917951206E-03,
    1.302398144016E-03,1.395878336826E-03,1.489358529636E-03,
    1.582838722445E-03,1.676318915255E-03,1.769799108065E-03,
    1.863279300875E-03,1.956759493684E-03,2.050239686494E-03),
  .UNSPECIFIED.);
#12748 = CARTESIAN_POINT('',(3.14159265359,3.14159265359));
#12749 = CARTESIAN_POINT('',(3.163627299121,3.163626289245));
#12750 = CARTESIAN_POINT('',(3.207709152186,3.207708693877));
#12751 = CARTESIAN_POINT('',(3.27350008389,3.273930450923));
#12752 = CARTESIAN_POINT('',(3.338581826935,3.340302261964));
#12753 = CARTESIAN_POINT('',(3.402604364577,3.406878992746));
#12754 = CARTESIAN_POINT('',(3.465252815492,3.473724011806));
#12755 = CARTESIAN_POINT('',(3.526242841015,3.540892115262));
#12756 = CARTESIAN_POINT('',(3.585507261356,3.608629501774));
#12757 = CARTESIAN_POINT('',(3.642703473785,3.676895997144));
#12758 = CARTESIAN_POINT('',(3.697607707228,3.7456900869));
#12759 = CARTESIAN_POINT('',(3.7500511168,3.81500544069));
#12760 = CARTESIAN_POINT('',(3.799943201788,3.884845849924));
#12761 = CARTESIAN_POINT('',(3.847213871535,3.955241991925));
#12762 = CARTESIAN_POINT('',(3.891902480925,4.026312282262));
#12763 = CARTESIAN_POINT('',(3.934104613964,4.09820221443));
#12764 = CARTESIAN_POINT('',(3.973926398214,4.17112075482));
#12765 = CARTESIAN_POINT('',(4.011465169951,4.245264776662));
#12766 = CARTESIAN_POINT('',(4.046898246178,4.321089975531));
#12767 = CARTESIAN_POINT('',(4.079673681256,4.397292236461));
#12768 = CARTESIAN_POINT('',(4.110093081441,4.474205631234));
#12769 = CARTESIAN_POINT('',(4.138338490716,4.552066302008));
#12770 = CARTESIAN_POINT('',(4.164606030575,4.63121345646));
#12771 = CARTESIAN_POINT('',(4.180910526935,4.685101010303));
#12772 = CARTESIAN_POINT('',(4.188790204786,4.712388980385));
#12773 = ( GEOMETRIC_REPRESENTATION_CONTEXT(2) 
PARAMETRIC_REPRESENTATION_CONTEXT() REPRESENTATION_CONTEXT('2D SPACE',''
  ) );
#12774 = ORIENTED_EDGE('',*,*,#12621,.T.);
#12775 = ORIENTED_EDGE('',*,*,#12776,.T.);
#12776 = EDGE_CURVE('',#12598,#8552,#12777,.T.);
#12777 = SURFACE_CURVE('',#12778,(#12787,#12799),.PCURVE_S1.);
#12778 = B_SPLINE_CURVE_WITH_KNOTS('',3,(#12779,#12780,#12781,#12782,
    #12783,#12784,#12785,#12786),.UNSPECIFIED.,.F.,.F.,(4,2,2,4),(
    4.336808689942E-19,5.11871058315E-04,1.02374211663E-03,
    2.04748423326E-03),.UNSPECIFIED.);
#12779 = CARTESIAN_POINT('',(28.77,-3.267949192431,4.));
#12780 = CARTESIAN_POINT('',(28.77,-3.441276245406,4.));
#12781 = CARTESIAN_POINT('',(28.77,-3.6088567724,3.967106430756));
#12782 = CARTESIAN_POINT('',(28.77,-3.934585056104,3.851511153493));
#12783 = CARTESIAN_POINT('',(28.77,-4.084970830306,3.771386538621));
#12784 = CARTESIAN_POINT('',(28.77,-4.511791575796,3.48746836239));
#12785 = CARTESIAN_POINT('',(28.77,-4.758701065794,3.241297727696));
#12786 = CARTESIAN_POINT('',(28.77,-5.,3.));
#12787 = PCURVE('',#6048,#12788);
#12788 = DEFINITIONAL_REPRESENTATION('',(#12789),#12798);
#12789 = B_SPLINE_CURVE_WITH_KNOTS('',3,(#12790,#12791,#12792,#12793,
    #12794,#12795,#12796,#12797),.UNSPECIFIED.,.F.,.F.,(4,2,2,4),(
    4.336808689942E-19,5.11871058315E-04,1.02374211663E-03,
    2.04748423326E-03),.UNSPECIFIED.);
#12790 = CARTESIAN_POINT('',(0.,-8.267949192431));
#12791 = CARTESIAN_POINT('',(0.,-8.441276245406));
#12792 = CARTESIAN_POINT('',(-3.289356924358E-02,-8.6088567724));
#12793 = CARTESIAN_POINT('',(-0.148488846507,-8.934585056104));
#12794 = CARTESIAN_POINT('',(-0.228613461379,-9.084970830306));
#12795 = CARTESIAN_POINT('',(-0.51253163761,-9.511791575796));
#12796 = CARTESIAN_POINT('',(-0.758702272304,-9.758701065794));
#12797 = CARTESIAN_POINT('',(-1.,-10.));
#12798 = ( GEOMETRIC_REPRESENTATION_CONTEXT(2) 
PARAMETRIC_REPRESENTATION_CONTEXT() REPRESENTATION_CONTEXT('2D SPACE',''
  ) );
#12799 = PCURVE('',#8570,#12800);
#12800 = DEFINITIONAL_REPRESENTATION('',(#12801),#12827);
#12801 = B_SPLINE_CURVE_WITH_KNOTS('',3,(#12802,#12803,#12804,#12805,
    #12806,#12807,#12808,#12809,#12810,#12811,#12812,#12813,#12814,
    #12815,#12816,#12817,#12818,#12819,#12820,#12821,#12822,#12823,
    #12824,#12825,#12826),.UNSPECIFIED.,.F.,.F.,(4,1,1,1,1,1,1,1,1,1,1,1
    ,1,1,1,1,1,1,1,1,1,1,4),(4.336808689942E-19,9.306746514818E-05,
    1.861349302964E-04,2.792023954445E-04,3.722698605927E-04,
    4.653373257409E-04,5.584047908891E-04,6.514722560372E-04,
    7.445397211854E-04,8.376071863336E-04,9.306746514818E-04,
    1.02374211663E-03,1.116809581778E-03,1.209877046926E-03,
    1.302944512074E-03,1.396011977223E-03,1.489079442371E-03,
    1.582146907519E-03,1.675214372667E-03,1.768281837815E-03,
    1.861349302964E-03,1.954416768112E-03,2.04748423326E-03),
  .QUASI_UNIFORM_KNOTS.);
#12802 = CARTESIAN_POINT('',(2.094395102393,4.712388980385));
#12803 = CARTESIAN_POINT('',(2.102274887932,4.685100637223));
#12804 = CARTESIAN_POINT('',(2.118579618689,4.631212342789));
#12805 = CARTESIAN_POINT('',(2.144847568385,4.552064101189));
#12806 = CARTESIAN_POINT('',(2.173093448258,4.474202371743));
#12807 = CARTESIAN_POINT('',(2.20351337758,4.397287959548));
#12808 = CARTESIAN_POINT('',(2.236289406529,4.321084721142));
#12809 = CARTESIAN_POINT('',(2.271723105333,4.245258641083));
#12810 = CARTESIAN_POINT('',(2.309262650302,4.171113640305));
#12811 = CARTESIAN_POINT('',(2.349084982786,4.098194550549));
#12812 = CARTESIAN_POINT('',(2.391288857133,4.026302509772));
#12813 = CARTESIAN_POINT('',(2.435975124042,3.955235947123));
#12814 = CARTESIAN_POINT('',(2.483259068789,3.884821752825));
#12815 = CARTESIAN_POINT('',(2.533106518633,3.81504456557));
#12816 = CARTESIAN_POINT('',(2.585406434353,3.745890533125));
#12817 = CARTESIAN_POINT('',(2.640135305441,3.677251247822));
#12818 = CARTESIAN_POINT('',(2.697186259608,3.609071159501));
#12819 = CARTESIAN_POINT('',(2.756407252026,3.541301154896));
#12820 = CARTESIAN_POINT('',(2.817585734167,3.473904561589));
#12821 = CARTESIAN_POINT('',(2.880451338059,3.406850277494));
#12822 = CARTESIAN_POINT('',(2.944678532382,3.340110950472));
#12823 = CARTESIAN_POINT('',(3.009894351106,3.273661973441));
#12824 = CARTESIAN_POINT('',(3.075691072799,3.207481212584));
#12825 = CARTESIAN_POINT('',(3.119655850716,3.163529320491));
#12826 = CARTESIAN_POINT('',(3.14159265359,3.14159265359));
#12827 = ( GEOMETRIC_REPRESENTATION_CONTEXT(2) 
PARAMETRIC_REPRESENTATION_CONTEXT() REPRESENTATION_CONTEXT('2D SPACE',''
  ) );
#12828 = ORIENTED_EDGE('',*,*,#8582,.T.);
#12829 = ADVANCED_FACE('',(#12830),#4811,.T.);
#12830 = FACE_BOUND('',#12831,.T.);
#12831 = EDGE_LOOP('',(#12832,#12833,#12854,#12911,#12912,#12965));
#12832 = ORIENTED_EDGE('',*,*,#5959,.F.);
#12833 = ORIENTED_EDGE('',*,*,#12834,.F.);
#12834 = EDGE_CURVE('',#1865,#5934,#12835,.T.);
#12835 = SURFACE_CURVE('',#12836,(#12840,#12847),.PCURVE_S1.);
#12836 = LINE('',#12837,#12838);
#12837 = CARTESIAN_POINT('',(20.77,-5.,4.));
#12838 = VECTOR('',#12839,1.);
#12839 = DIRECTION('',(0.,0.,1.));
#12840 = PCURVE('',#4811,#12841);
#12841 = DEFINITIONAL_REPRESENTATION('',(#12842),#12846);
#12842 = LINE('',#12843,#12844);
#12843 = CARTESIAN_POINT('',(0.,-5.));
#12844 = VECTOR('',#12845,1.);
#12845 = DIRECTION('',(-1.,0.));
#12846 = ( GEOMETRIC_REPRESENTATION_CONTEXT(2) 
PARAMETRIC_REPRESENTATION_CONTEXT() REPRESENTATION_CONTEXT('2D SPACE',''
  ) );
#12847 = PCURVE('',#1880,#12848);
#12848 = DEFINITIONAL_REPRESENTATION('',(#12849),#12853);
#12849 = LINE('',#12850,#12851);
#12850 = CARTESIAN_POINT('',(6.28318530718,1.));
#12851 = VECTOR('',#12852,1.);
#12852 = DIRECTION('',(0.,-1.));
#12853 = ( GEOMETRIC_REPRESENTATION_CONTEXT(2) 
PARAMETRIC_REPRESENTATION_CONTEXT() REPRESENTATION_CONTEXT('2D SPACE',''
  ) );
#12854 = ORIENTED_EDGE('',*,*,#12855,.T.);
#12855 = EDGE_CURVE('',#1865,#12516,#12856,.T.);
#12856 = SURFACE_CURVE('',#12857,(#12868,#12882),.PCURVE_S1.);
#12857 = B_SPLINE_CURVE_WITH_KNOTS('',3,(#12858,#12859,#12860,#12861,
    #12862,#12863,#12864,#12865,#12866,#12867),.UNSPECIFIED.,.F.,.F.,(4,
    2,2,2,4),(-6.324555320372E-06,5.078165051333E-04,1.021957565587E-03,
    1.536098626041E-03,2.050239686494E-03),.UNSPECIFIED.);
#12858 = CARTESIAN_POINT('',(20.77,-5.,3.));
#12859 = CARTESIAN_POINT('',(20.77,-4.878815486924,3.121183907146));
#12860 = CARTESIAN_POINT('',(20.77,-4.757383330315,3.242607587782));
#12861 = CARTESIAN_POINT('',(20.77,-4.503291121054,3.472660349361));
#12862 = CARTESIAN_POINT('',(20.77,-4.36950482141,3.582117625477));
#12863 = CARTESIAN_POINT('',(20.77,-4.084960646927,3.771392203724));
#12864 = CARTESIAN_POINT('',(20.77,-3.934576491687,3.85151493818));
#12865 = CARTESIAN_POINT('',(20.77,-3.608851968762,3.967107390128));
#12866 = CARTESIAN_POINT('',(20.77,-3.441273874265,4.));
#12867 = CARTESIAN_POINT('',(20.77,-3.267949192431,4.));
#12868 = PCURVE('',#4811,#12869);
#12869 = DEFINITIONAL_REPRESENTATION('',(#12870),#12881);
#12870 = B_SPLINE_CURVE_WITH_KNOTS('',3,(#12871,#12872,#12873,#12874,
    #12875,#12876,#12877,#12878,#12879,#12880),.UNSPECIFIED.,.F.,.F.,(4,
    2,2,2,4),(-6.324555320372E-06,5.078165051333E-04,1.021957565587E-03,
    1.536098626041E-03,2.050239686494E-03),.UNSPECIFIED.);
#12871 = CARTESIAN_POINT('',(1.,-5.));
#12872 = CARTESIAN_POINT('',(0.878816092854,-4.878815486924));
#12873 = CARTESIAN_POINT('',(0.757392412218,-4.757383330315));
#12874 = CARTESIAN_POINT('',(0.527339650639,-4.503291121054));
#12875 = CARTESIAN_POINT('',(0.417882374523,-4.36950482141));
#12876 = CARTESIAN_POINT('',(0.228607796276,-4.084960646927));
#12877 = CARTESIAN_POINT('',(0.14848506182,-3.934576491687));
#12878 = CARTESIAN_POINT('',(3.289260987207E-02,-3.608851968762));
#12879 = CARTESIAN_POINT('',(8.881784197001E-16,-3.441273874265));
#12880 = CARTESIAN_POINT('',(0.,-3.267949192431));
#12881 = ( GEOMETRIC_REPRESENTATION_CONTEXT(2) 
PARAMETRIC_REPRESENTATION_CONTEXT() REPRESENTATION_CONTEXT('2D SPACE',''
  ) );
#12882 = PCURVE('',#1907,#12883);
#12883 = DEFINITIONAL_REPRESENTATION('',(#12884),#12910);
#12884 = B_SPLINE_CURVE_WITH_KNOTS('',3,(#12885,#12886,#12887,#12888,
    #12889,#12890,#12891,#12892,#12893,#12894,#12895,#12896,#12897,
    #12898,#12899,#12900,#12901,#12902,#12903,#12904,#12905,#12906,
    #12907,#12908,#12909),.UNSPECIFIED.,.F.,.F.,(4,1,1,1,1,1,1,1,1,1,1,1
    ,1,1,1,1,1,1,1,1,1,1,4),(-6.324555320372E-06,8.715563748938E-05,
    1.806358302991E-04,2.741160231089E-04,3.675962159186E-04,
    4.610764087284E-04,5.545566015381E-04,6.480367943479E-04,
    7.415169871576E-04,8.349971799674E-04,9.284773727771E-04,
    1.021957565587E-03,1.115437758397E-03,1.208917951206E-03,
    1.302398144016E-03,1.395878336826E-03,1.489358529636E-03,
    1.582838722445E-03,1.676318915255E-03,1.769799108065E-03,
    1.863279300875E-03,1.956759493684E-03,2.050239686494E-03),
  .UNSPECIFIED.);
#12885 = CARTESIAN_POINT('',(0.,3.14159265359));
#12886 = CARTESIAN_POINT('',(2.203464553087E-02,3.163626289245));
#12887 = CARTESIAN_POINT('',(6.61164985957E-02,3.207708693877));
#12888 = CARTESIAN_POINT('',(0.1319074303,3.273930450923));
#12889 = CARTESIAN_POINT('',(0.196989173345,3.340302261964));
#12890 = CARTESIAN_POINT('',(0.261011710987,3.406878992746));
#12891 = CARTESIAN_POINT('',(0.323660161902,3.473724011806));
#12892 = CARTESIAN_POINT('',(0.384650187425,3.540892115262));
#12893 = CARTESIAN_POINT('',(0.443914607766,3.608629501774));
#12894 = CARTESIAN_POINT('',(0.501110820195,3.676895997144));
#12895 = CARTESIAN_POINT('',(0.556015053639,3.7456900869));
#12896 = CARTESIAN_POINT('',(0.60845846321,3.81500544069));
#12897 = CARTESIAN_POINT('',(0.658350548198,3.884845849924));
#12898 = CARTESIAN_POINT('',(0.705621217946,3.955241991925));
#12899 = CARTESIAN_POINT('',(0.750309827335,4.026312282262));
#12900 = CARTESIAN_POINT('',(0.792511960374,4.09820221443));
#12901 = CARTESIAN_POINT('',(0.832333744624,4.17112075482));
#12902 = CARTESIAN_POINT('',(0.869872516361,4.245264776662));
#12903 = CARTESIAN_POINT('',(0.905305592588,4.321089975531));
#12904 = CARTESIAN_POINT('',(0.938081027666,4.397292236461));
#12905 = CARTESIAN_POINT('',(0.968500427851,4.474205631234));
#12906 = CARTESIAN_POINT('',(0.996745837126,4.552066302008));
#12907 = CARTESIAN_POINT('',(1.023013376985,4.63121345646));
#12908 = CARTESIAN_POINT('',(1.039317873345,4.685101010303));
#12909 = CARTESIAN_POINT('',(1.047197551197,4.712388980385));
#12910 = ( GEOMETRIC_REPRESENTATION_CONTEXT(2) 
PARAMETRIC_REPRESENTATION_CONTEXT() REPRESENTATION_CONTEXT('2D SPACE',''
  ) );
#12911 = ORIENTED_EDGE('',*,*,#12515,.T.);
#12912 = ORIENTED_EDGE('',*,*,#12913,.T.);
#12913 = EDGE_CURVE('',#12518,#4770,#12914,.T.);
#12914 = SURFACE_CURVE('',#12915,(#12924,#12936),.PCURVE_S1.);
#12915 = B_SPLINE_CURVE_WITH_KNOTS('',3,(#12916,#12917,#12918,#12919,
    #12920,#12921,#12922,#12923),.UNSPECIFIED.,.F.,.F.,(4,2,2,4),(0.,
    5.11871058315E-04,1.02374211663E-03,2.04748423326E-03),
  .UNSPECIFIED.);
#12916 = CARTESIAN_POINT('',(20.77,3.267949192431,4.));
#12917 = CARTESIAN_POINT('',(20.77,3.441276245406,4.));
#12918 = CARTESIAN_POINT('',(20.77,3.6088567724,3.967106430756));
#12919 = CARTESIAN_POINT('',(20.77,3.934585056104,3.851511153493));
#12920 = CARTESIAN_POINT('',(20.77,4.084970830306,3.771386538621));
#12921 = CARTESIAN_POINT('',(20.77,4.511791575796,3.48746836239));
#12922 = CARTESIAN_POINT('',(20.77,4.758701065794,3.241297727696));
#12923 = CARTESIAN_POINT('',(20.77,5.,3.));
#12924 = PCURVE('',#4811,#12925);
#12925 = DEFINITIONAL_REPRESENTATION('',(#12926),#12935);
#12926 = B_SPLINE_CURVE_WITH_KNOTS('',3,(#12927,#12928,#12929,#12930,
    #12931,#12932,#12933,#12934),.UNSPECIFIED.,.F.,.F.,(4,2,2,4),(0.,
    5.11871058315E-04,1.02374211663E-03,2.04748423326E-03),
  .UNSPECIFIED.);
#12927 = CARTESIAN_POINT('',(0.,3.267949192431));
#12928 = CARTESIAN_POINT('',(-8.881784197001E-16,3.441276245406));
#12929 = CARTESIAN_POINT('',(3.289356924358E-02,3.6088567724));
#12930 = CARTESIAN_POINT('',(0.148488846507,3.934585056104));
#12931 = CARTESIAN_POINT('',(0.228613461379,4.084970830306));
#12932 = CARTESIAN_POINT('',(0.51253163761,4.511791575796));
#12933 = CARTESIAN_POINT('',(0.758702272304,4.758701065794));
#12934 = CARTESIAN_POINT('',(1.,5.));
#12935 = ( GEOMETRIC_REPRESENTATION_CONTEXT(2) 
PARAMETRIC_REPRESENTATION_CONTEXT() REPRESENTATION_CONTEXT('2D SPACE',''
  ) );
#12936 = PCURVE('',#8990,#12937);
#12937 = DEFINITIONAL_REPRESENTATION('',(#12938),#12964);
#12938 = B_SPLINE_CURVE_WITH_KNOTS('',3,(#12939,#12940,#12941,#12942,
    #12943,#12944,#12945,#12946,#12947,#12948,#12949,#12950,#12951,
    #12952,#12953,#12954,#12955,#12956,#12957,#12958,#12959,#12960,
    #12961,#12962,#12963),.UNSPECIFIED.,.F.,.F.,(4,1,1,1,1,1,1,1,1,1,1,1
    ,1,1,1,1,1,1,1,1,1,1,4),(0.,9.306746514818E-05,1.861349302964E-04,
    2.792023954445E-04,3.722698605927E-04,4.653373257409E-04,
    5.584047908891E-04,6.514722560372E-04,7.445397211854E-04,
    8.376071863336E-04,9.306746514818E-04,1.02374211663E-03,
    1.116809581778E-03,1.209877046926E-03,1.302944512074E-03,
    1.396011977223E-03,1.489079442371E-03,1.582146907519E-03,
    1.675214372667E-03,1.768281837815E-03,1.861349302964E-03,
    1.954416768112E-03,2.04748423326E-03),.QUASI_UNIFORM_KNOTS.);
#12939 = CARTESIAN_POINT('',(5.235987755983,4.712388980385));
#12940 = CARTESIAN_POINT('',(5.243867541522,4.685100637223));
#12941 = CARTESIAN_POINT('',(5.260172272279,4.631212342789));
#12942 = CARTESIAN_POINT('',(5.286440221974,4.552064101189));
#12943 = CARTESIAN_POINT('',(5.314686101848,4.474202371743));
#12944 = CARTESIAN_POINT('',(5.345106031169,4.397287959548));
#12945 = CARTESIAN_POINT('',(5.377882060119,4.321084721142));
#12946 = CARTESIAN_POINT('',(5.413315758923,4.245258641083));
#12947 = CARTESIAN_POINT('',(5.450855303892,4.171113640305));
#12948 = CARTESIAN_POINT('',(5.490677636375,4.098194550549));
#12949 = CARTESIAN_POINT('',(5.532881510723,4.026302509772));
#12950 = CARTESIAN_POINT('',(5.577567777632,3.955235947123));
#12951 = CARTESIAN_POINT('',(5.624851722379,3.884821752825));
#12952 = CARTESIAN_POINT('',(5.674699172223,3.81504456557));
#12953 = CARTESIAN_POINT('',(5.726999087942,3.745890533125));
#12954 = CARTESIAN_POINT('',(5.781727959031,3.677251247822));
#12955 = CARTESIAN_POINT('',(5.838778913198,3.609071159501));
#12956 = CARTESIAN_POINT('',(5.897999905616,3.541301154896));
#12957 = CARTESIAN_POINT('',(5.959178387756,3.473904561589));
#12958 = CARTESIAN_POINT('',(6.022043991649,3.406850277494));
#12959 = CARTESIAN_POINT('',(6.086271185971,3.340110950472));
#12960 = CARTESIAN_POINT('',(6.151487004695,3.273661973441));
#12961 = CARTESIAN_POINT('',(6.217283726389,3.207481212584));
#12962 = CARTESIAN_POINT('',(6.261248504306,3.163529320491));
#12963 = CARTESIAN_POINT('',(6.28318530718,3.14159265359));
#12964 = ( GEOMETRIC_REPRESENTATION_CONTEXT(2) 
PARAMETRIC_REPRESENTATION_CONTEXT() REPRESENTATION_CONTEXT('2D SPACE',''
  ) );
#12965 = ORIENTED_EDGE('',*,*,#4797,.T.);
#12966 = ADVANCED_FACE('',(#12967),#12981,.F.);
#12967 = FACE_BOUND('',#12968,.T.);
#12968 = EDGE_LOOP('',(#12969,#12999,#13023,#13051,#13075,#13098,#13122,
    #13145));
#12969 = ORIENTED_EDGE('',*,*,#12970,.F.);
#12970 = EDGE_CURVE('',#12971,#12973,#12975,.T.);
#12971 = VERTEX_POINT('',#12972);
#12972 = CARTESIAN_POINT('',(-9.23,-3.267949192431,4.));
#12973 = VERTEX_POINT('',#12974);
#12974 = CARTESIAN_POINT('',(-9.23,3.267949192431,4.));
#12975 = SURFACE_CURVE('',#12976,(#12980,#12992),.PCURVE_S1.);
#12976 = LINE('',#12977,#12978);
#12977 = CARTESIAN_POINT('',(-9.23,2.456085580613E-15,4.));
#12978 = VECTOR('',#12979,1.);
#12979 = DIRECTION('',(0.,1.,0.));
#12980 = PCURVE('',#12981,#12986);
#12981 = PLANE('',#12982);
#12982 = AXIS2_PLACEMENT_3D('',#12983,#12984,#12985);
#12983 = CARTESIAN_POINT('',(-60.,8.673617379884E-15,4.));
#12984 = DIRECTION('',(0.,0.,-1.));
#12985 = DIRECTION('',(-1.,0.,-0.));
#12986 = DEFINITIONAL_REPRESENTATION('',(#12987),#12991);
#12987 = LINE('',#12988,#12989);
#12988 = CARTESIAN_POINT('',(-50.77,-6.217531799271E-15));
#12989 = VECTOR('',#12990,1.);
#12990 = DIRECTION('',(0.,1.));
#12991 = ( GEOMETRIC_REPRESENTATION_CONTEXT(2) 
PARAMETRIC_REPRESENTATION_CONTEXT() REPRESENTATION_CONTEXT('2D SPACE',''
  ) );
#12992 = PCURVE('',#4960,#12993);
#12993 = DEFINITIONAL_REPRESENTATION('',(#12994),#12998);
#12994 = LINE('',#12995,#12996);
#12995 = CARTESIAN_POINT('',(0.,0.));
#12996 = VECTOR('',#12997,1.);
#12997 = DIRECTION('',(0.,1.));
#12998 = ( GEOMETRIC_REPRESENTATION_CONTEXT(2) 
PARAMETRIC_REPRESENTATION_CONTEXT() REPRESENTATION_CONTEXT('2D SPACE',''
  ) );
#12999 = ORIENTED_EDGE('',*,*,#13000,.T.);
#13000 = EDGE_CURVE('',#12971,#13001,#13003,.T.);
#13001 = VERTEX_POINT('',#13002);
#13002 = CARTESIAN_POINT('',(-8.23,-3.,4.));
#13003 = SURFACE_CURVE('',#13004,(#13009,#13016),.PCURVE_S1.);
#13004 = CIRCLE('',#13005,2.);
#13005 = AXIS2_PLACEMENT_3D('',#13006,#13007,#13008);
#13006 = CARTESIAN_POINT('',(-8.23,-5.,4.));
#13007 = DIRECTION('',(0.,0.,-1.));
#13008 = DIRECTION('',(-1.,0.,0.));
#13009 = PCURVE('',#12981,#13010);
#13010 = DEFINITIONAL_REPRESENTATION('',(#13011),#13015);
#13011 = CIRCLE('',#13012,2.);
#13012 = AXIS2_PLACEMENT_2D('',#13013,#13014);
#13013 = CARTESIAN_POINT('',(-51.77,-5.));
#13014 = DIRECTION('',(1.,0.));
#13015 = ( GEOMETRIC_REPRESENTATION_CONTEXT(2) 
PARAMETRIC_REPRESENTATION_CONTEXT() REPRESENTATION_CONTEXT('2D SPACE',''
  ) );
#13016 = PCURVE('',#1785,#13017);
#13017 = DEFINITIONAL_REPRESENTATION('',(#13018),#13022);
#13018 = LINE('',#13019,#13020);
#13019 = CARTESIAN_POINT('',(-2.22044604925E-16,4.712388980385));
#13020 = VECTOR('',#13021,1.);
#13021 = DIRECTION('',(1.,0.));
#13022 = ( GEOMETRIC_REPRESENTATION_CONTEXT(2) 
PARAMETRIC_REPRESENTATION_CONTEXT() REPRESENTATION_CONTEXT('2D SPACE',''
  ) );
#13023 = ORIENTED_EDGE('',*,*,#13024,.T.);
#13024 = EDGE_CURVE('',#13001,#13025,#13027,.T.);
#13025 = VERTEX_POINT('',#13026);
#13026 = CARTESIAN_POINT('',(-2.23,-3.,4.));
#13027 = SURFACE_CURVE('',#13028,(#13032,#13039),.PCURVE_S1.);
#13028 = LINE('',#13029,#13030);
#13029 = CARTESIAN_POINT('',(-2.23,-3.,4.));
#13030 = VECTOR('',#13031,1.);
#13031 = DIRECTION('',(1.,1.445602896647E-16,0.));
#13032 = PCURVE('',#12981,#13033);
#13033 = DEFINITIONAL_REPRESENTATION('',(#13034),#13038);
#13034 = LINE('',#13035,#13036);
#13035 = CARTESIAN_POINT('',(-57.77,-3.));
#13036 = VECTOR('',#13037,1.);
#13037 = DIRECTION('',(-1.,1.445602896647E-16));
#13038 = ( GEOMETRIC_REPRESENTATION_CONTEXT(2) 
PARAMETRIC_REPRESENTATION_CONTEXT() REPRESENTATION_CONTEXT('2D SPACE',''
  ) );
#13039 = PCURVE('',#13040,#13045);
#13040 = CYLINDRICAL_SURFACE('',#13041,1.);
#13041 = AXIS2_PLACEMENT_3D('',#13042,#13043,#13044);
#13042 = CARTESIAN_POINT('',(-60.,-3.,3.));
#13043 = DIRECTION('',(-1.,-1.445602896647E-16,0.));
#13044 = DIRECTION('',(1.445602896647E-16,-1.,0.));
#13045 = DEFINITIONAL_REPRESENTATION('',(#13046),#13050);
#13046 = LINE('',#13047,#13048);
#13047 = CARTESIAN_POINT('',(1.570796326795,-57.77));
#13048 = VECTOR('',#13049,1.);
#13049 = DIRECTION('',(0.,-1.));
#13050 = ( GEOMETRIC_REPRESENTATION_CONTEXT(2) 
PARAMETRIC_REPRESENTATION_CONTEXT() REPRESENTATION_CONTEXT('2D SPACE',''
  ) );
#13051 = ORIENTED_EDGE('',*,*,#13052,.T.);
#13052 = EDGE_CURVE('',#13025,#13053,#13055,.T.);
#13053 = VERTEX_POINT('',#13054);
#13054 = CARTESIAN_POINT('',(-1.23,-3.267949192431,4.));
#13055 = SURFACE_CURVE('',#13056,(#13061,#13068),.PCURVE_S1.);
#13056 = CIRCLE('',#13057,2.);
#13057 = AXIS2_PLACEMENT_3D('',#13058,#13059,#13060);
#13058 = CARTESIAN_POINT('',(-2.23,-5.,4.));
#13059 = DIRECTION('',(0.,0.,-1.));
#13060 = DIRECTION('',(-1.,0.,0.));
#13061 = PCURVE('',#12981,#13062);
#13062 = DEFINITIONAL_REPRESENTATION('',(#13063),#13067);
#13063 = CIRCLE('',#13064,2.);
#13064 = AXIS2_PLACEMENT_2D('',#13065,#13066);
#13065 = CARTESIAN_POINT('',(-57.77,-5.));
#13066 = DIRECTION('',(1.,0.));
#13067 = ( GEOMETRIC_REPRESENTATION_CONTEXT(2) 
PARAMETRIC_REPRESENTATION_CONTEXT() REPRESENTATION_CONTEXT('2D SPACE',''
  ) );
#13068 = PCURVE('',#8447,#13069);
#13069 = DEFINITIONAL_REPRESENTATION('',(#13070),#13074);
#13070 = LINE('',#13071,#13072);
#13071 = CARTESIAN_POINT('',(0.,4.712388980385));
#13072 = VECTOR('',#13073,1.);
#13073 = DIRECTION('',(1.,0.));
#13074 = ( GEOMETRIC_REPRESENTATION_CONTEXT(2) 
PARAMETRIC_REPRESENTATION_CONTEXT() REPRESENTATION_CONTEXT('2D SPACE',''
  ) );
#13075 = ORIENTED_EDGE('',*,*,#13076,.F.);
#13076 = EDGE_CURVE('',#13077,#13053,#13079,.T.);
#13077 = VERTEX_POINT('',#13078);
#13078 = CARTESIAN_POINT('',(-1.23,3.267949192431,4.));
#13079 = SURFACE_CURVE('',#13080,(#13084,#13091),.PCURVE_S1.);
#13080 = LINE('',#13081,#13082);
#13081 = CARTESIAN_POINT('',(-1.23,5.,4.));
#13082 = VECTOR('',#13083,1.);
#13083 = DIRECTION('',(0.,-1.,0.));
#13084 = PCURVE('',#12981,#13085);
#13085 = DEFINITIONAL_REPRESENTATION('',(#13086),#13090);
#13086 = LINE('',#13087,#13088);
#13087 = CARTESIAN_POINT('',(-58.77,5.));
#13088 = VECTOR('',#13089,1.);
#13089 = DIRECTION('',(-0.,-1.));
#13090 = ( GEOMETRIC_REPRESENTATION_CONTEXT(2) 
PARAMETRIC_REPRESENTATION_CONTEXT() REPRESENTATION_CONTEXT('2D SPACE',''
  ) );
#13091 = PCURVE('',#5869,#13092);
#13092 = DEFINITIONAL_REPRESENTATION('',(#13093),#13097);
#13093 = LINE('',#13094,#13095);
#13094 = CARTESIAN_POINT('',(0.,0.));
#13095 = VECTOR('',#13096,1.);
#13096 = DIRECTION('',(0.,-1.));
#13097 = ( GEOMETRIC_REPRESENTATION_CONTEXT(2) 
PARAMETRIC_REPRESENTATION_CONTEXT() REPRESENTATION_CONTEXT('2D SPACE',''
  ) );
#13098 = ORIENTED_EDGE('',*,*,#13099,.T.);
#13099 = EDGE_CURVE('',#13077,#13100,#13102,.T.);
#13100 = VERTEX_POINT('',#13101);
#13101 = CARTESIAN_POINT('',(-2.23,3.,4.));
#13102 = SURFACE_CURVE('',#13103,(#13108,#13115),.PCURVE_S1.);
#13103 = CIRCLE('',#13104,2.);
#13104 = AXIS2_PLACEMENT_3D('',#13105,#13106,#13107);
#13105 = CARTESIAN_POINT('',(-2.23,5.,4.));
#13106 = DIRECTION('',(0.,0.,-1.));
#13107 = DIRECTION('',(-1.,0.,0.));
#13108 = PCURVE('',#12981,#13109);
#13109 = DEFINITIONAL_REPRESENTATION('',(#13110),#13114);
#13110 = CIRCLE('',#13111,2.);
#13111 = AXIS2_PLACEMENT_2D('',#13112,#13113);
#13112 = CARTESIAN_POINT('',(-57.77,5.));
#13113 = DIRECTION('',(1.,0.));
#13114 = ( GEOMETRIC_REPRESENTATION_CONTEXT(2) 
PARAMETRIC_REPRESENTATION_CONTEXT() REPRESENTATION_CONTEXT('2D SPACE',''
  ) );
#13115 = PCURVE('',#12152,#13116);
#13116 = DEFINITIONAL_REPRESENTATION('',(#13117),#13121);
#13117 = LINE('',#13118,#13119);
#13118 = CARTESIAN_POINT('',(0.,4.712388980385));
#13119 = VECTOR('',#13120,1.);
#13120 = DIRECTION('',(1.,0.));
#13121 = ( GEOMETRIC_REPRESENTATION_CONTEXT(2) 
PARAMETRIC_REPRESENTATION_CONTEXT() REPRESENTATION_CONTEXT('2D SPACE',''
  ) );
#13122 = ORIENTED_EDGE('',*,*,#13123,.T.);
#13123 = EDGE_CURVE('',#13100,#13124,#13126,.T.);
#13124 = VERTEX_POINT('',#13125);
#13125 = CARTESIAN_POINT('',(-8.23,3.,4.));
#13126 = SURFACE_CURVE('',#13127,(#13131,#13138),.PCURVE_S1.);
#13127 = LINE('',#13128,#13129);
#13128 = CARTESIAN_POINT('',(-60.,3.,4.));
#13129 = VECTOR('',#13130,1.);
#13130 = DIRECTION('',(-1.,1.445602896647E-16,-0.));
#13131 = PCURVE('',#12981,#13132);
#13132 = DEFINITIONAL_REPRESENTATION('',(#13133),#13137);
#13133 = LINE('',#13134,#13135);
#13134 = CARTESIAN_POINT('',(0.,3.));
#13135 = VECTOR('',#13136,1.);
#13136 = DIRECTION('',(1.,1.445602896647E-16));
#13137 = ( GEOMETRIC_REPRESENTATION_CONTEXT(2) 
PARAMETRIC_REPRESENTATION_CONTEXT() REPRESENTATION_CONTEXT('2D SPACE',''
  ) );
#13138 = PCURVE('',#12298,#13139);
#13139 = DEFINITIONAL_REPRESENTATION('',(#13140),#13144);
#13140 = LINE('',#13141,#13142);
#13141 = CARTESIAN_POINT('',(1.570796326795,-57.77));
#13142 = VECTOR('',#13143,1.);
#13143 = DIRECTION('',(0.,-1.));
#13144 = ( GEOMETRIC_REPRESENTATION_CONTEXT(2) 
PARAMETRIC_REPRESENTATION_CONTEXT() REPRESENTATION_CONTEXT('2D SPACE',''
  ) );
#13145 = ORIENTED_EDGE('',*,*,#13146,.T.);
#13146 = EDGE_CURVE('',#13124,#12973,#13147,.T.);
#13147 = SURFACE_CURVE('',#13148,(#13153,#13160),.PCURVE_S1.);
#13148 = CIRCLE('',#13149,2.);
#13149 = AXIS2_PLACEMENT_3D('',#13150,#13151,#13152);
#13150 = CARTESIAN_POINT('',(-8.23,5.,4.));
#13151 = DIRECTION('',(0.,0.,-1.));
#13152 = DIRECTION('',(-1.,0.,0.));
#13153 = PCURVE('',#12981,#13154);
#13154 = DEFINITIONAL_REPRESENTATION('',(#13155),#13159);
#13155 = CIRCLE('',#13156,2.);
#13156 = AXIS2_PLACEMENT_2D('',#13157,#13158);
#13157 = CARTESIAN_POINT('',(-51.77,5.));
#13158 = DIRECTION('',(1.,0.));
#13159 = ( GEOMETRIC_REPRESENTATION_CONTEXT(2) 
PARAMETRIC_REPRESENTATION_CONTEXT() REPRESENTATION_CONTEXT('2D SPACE',''
  ) );
#13160 = PCURVE('',#8907,#13161);
#13161 = DEFINITIONAL_REPRESENTATION('',(#13162),#13166);
#13162 = LINE('',#13163,#13164);
#13163 = CARTESIAN_POINT('',(0.,4.712388980385));
#13164 = VECTOR('',#13165,1.);
#13165 = DIRECTION('',(1.,0.));
#13166 = ( GEOMETRIC_REPRESENTATION_CONTEXT(2) 
PARAMETRIC_REPRESENTATION_CONTEXT() REPRESENTATION_CONTEXT('2D SPACE',''
  ) );
#13167 = ADVANCED_FACE('',(#13168),#5869,.T.);
#13168 = FACE_BOUND('',#13169,.T.);
#13169 = EDGE_LOOP('',(#13170,#13171,#13172,#13229,#13230,#13283));
#13170 = ORIENTED_EDGE('',*,*,#5853,.F.);
#13171 = ORIENTED_EDGE('',*,*,#12112,.F.);
#13172 = ORIENTED_EDGE('',*,*,#13173,.T.);
#13173 = EDGE_CURVE('',#12113,#13077,#13174,.T.);
#13174 = SURFACE_CURVE('',#13175,(#13186,#13200),.PCURVE_S1.);
#13175 = B_SPLINE_CURVE_WITH_KNOTS('',3,(#13176,#13177,#13178,#13179,
    #13180,#13181,#13182,#13183,#13184,#13185),.UNSPECIFIED.,.F.,.F.,(4,
    2,2,2,4),(-6.324555320372E-06,5.078165051333E-04,1.021957565587E-03,
    1.536098626041E-03,2.050239686494E-03),.UNSPECIFIED.);
#13176 = CARTESIAN_POINT('',(-1.23,5.,3.));
#13177 = CARTESIAN_POINT('',(-1.23,4.878815486924,3.121183907146));
#13178 = CARTESIAN_POINT('',(-1.23,4.757383330315,3.242607587782));
#13179 = CARTESIAN_POINT('',(-1.23,4.503291121054,3.472660349361));
#13180 = CARTESIAN_POINT('',(-1.23,4.36950482141,3.582117625477));
#13181 = CARTESIAN_POINT('',(-1.23,4.084960646927,3.771392203724));
#13182 = CARTESIAN_POINT('',(-1.23,3.934576491687,3.85151493818));
#13183 = CARTESIAN_POINT('',(-1.23,3.608851968762,3.967107390128));
#13184 = CARTESIAN_POINT('',(-1.23,3.441273874265,4.));
#13185 = CARTESIAN_POINT('',(-1.23,3.267949192431,4.));
#13186 = PCURVE('',#5869,#13187);
#13187 = DEFINITIONAL_REPRESENTATION('',(#13188),#13199);
#13188 = B_SPLINE_CURVE_WITH_KNOTS('',3,(#13189,#13190,#13191,#13192,
    #13193,#13194,#13195,#13196,#13197,#13198),.UNSPECIFIED.,.F.,.F.,(4,
    2,2,2,4),(-6.324555320372E-06,5.078165051333E-04,1.021957565587E-03,
    1.536098626041E-03,2.050239686494E-03),.UNSPECIFIED.);
#13189 = CARTESIAN_POINT('',(-1.,0.));
#13190 = CARTESIAN_POINT('',(-0.878816092854,-0.121184513076));
#13191 = CARTESIAN_POINT('',(-0.757392412218,-0.242616669685));
#13192 = CARTESIAN_POINT('',(-0.527339650639,-0.496708878946));
#13193 = CARTESIAN_POINT('',(-0.417882374523,-0.63049517859));
#13194 = CARTESIAN_POINT('',(-0.228607796276,-0.915039353073));
#13195 = CARTESIAN_POINT('',(-0.14848506182,-1.065423508313));
#13196 = CARTESIAN_POINT('',(-3.289260987207E-02,-1.391148031238));
#13197 = CARTESIAN_POINT('',(-8.881784197001E-16,-1.558726125735));
#13198 = CARTESIAN_POINT('',(0.,-1.732050807569));
#13199 = ( GEOMETRIC_REPRESENTATION_CONTEXT(2) 
PARAMETRIC_REPRESENTATION_CONTEXT() REPRESENTATION_CONTEXT('2D SPACE',''
  ) );
#13200 = PCURVE('',#12152,#13201);
#13201 = DEFINITIONAL_REPRESENTATION('',(#13202),#13228);
#13202 = B_SPLINE_CURVE_WITH_KNOTS('',3,(#13203,#13204,#13205,#13206,
    #13207,#13208,#13209,#13210,#13211,#13212,#13213,#13214,#13215,
    #13216,#13217,#13218,#13219,#13220,#13221,#13222,#13223,#13224,
    #13225,#13226,#13227),.UNSPECIFIED.,.F.,.F.,(4,1,1,1,1,1,1,1,1,1,1,1
    ,1,1,1,1,1,1,1,1,1,1,4),(-6.324555320372E-06,8.715563748938E-05,
    1.806358302991E-04,2.741160231089E-04,3.675962159186E-04,
    4.610764087284E-04,5.545566015381E-04,6.480367943479E-04,
    7.415169871576E-04,8.349971799674E-04,9.284773727771E-04,
    1.021957565587E-03,1.115437758397E-03,1.208917951206E-03,
    1.302398144016E-03,1.395878336826E-03,1.489358529636E-03,
    1.582838722445E-03,1.676318915255E-03,1.769799108065E-03,
    1.863279300875E-03,1.956759493684E-03,2.050239686494E-03),
  .UNSPECIFIED.);
#13203 = CARTESIAN_POINT('',(3.14159265359,3.14159265359));
#13204 = CARTESIAN_POINT('',(3.163627299121,3.163626289245));
#13205 = CARTESIAN_POINT('',(3.207709152185,3.207708693877));
#13206 = CARTESIAN_POINT('',(3.27350008389,3.273930450923));
#13207 = CARTESIAN_POINT('',(3.338581826935,3.340302261964));
#13208 = CARTESIAN_POINT('',(3.402604364577,3.406878992746));
#13209 = CARTESIAN_POINT('',(3.465252815492,3.473724011806));
#13210 = CARTESIAN_POINT('',(3.526242841015,3.540892115262));
#13211 = CARTESIAN_POINT('',(3.585507261356,3.608629501774));
#13212 = CARTESIAN_POINT('',(3.642703473785,3.676895997144));
#13213 = CARTESIAN_POINT('',(3.697607707228,3.7456900869));
#13214 = CARTESIAN_POINT('',(3.7500511168,3.81500544069));
#13215 = CARTESIAN_POINT('',(3.799943201788,3.884845849924));
#13216 = CARTESIAN_POINT('',(3.847213871535,3.955241991925));
#13217 = CARTESIAN_POINT('',(3.891902480925,4.026312282262));
#13218 = CARTESIAN_POINT('',(3.934104613964,4.09820221443));
#13219 = CARTESIAN_POINT('',(3.973926398214,4.17112075482));
#13220 = CARTESIAN_POINT('',(4.011465169951,4.245264776662));
#13221 = CARTESIAN_POINT('',(4.046898246178,4.321089975531));
#13222 = CARTESIAN_POINT('',(4.079673681256,4.397292236461));
#13223 = CARTESIAN_POINT('',(4.110093081441,4.474205631234));
#13224 = CARTESIAN_POINT('',(4.138338490716,4.552066302008));
#13225 = CARTESIAN_POINT('',(4.164606030575,4.63121345646));
#13226 = CARTESIAN_POINT('',(4.180910526935,4.685101010303));
#13227 = CARTESIAN_POINT('',(4.188790204786,4.712388980385));
#13228 = ( GEOMETRIC_REPRESENTATION_CONTEXT(2) 
PARAMETRIC_REPRESENTATION_CONTEXT() REPRESENTATION_CONTEXT('2D SPACE',''
  ) );
#13229 = ORIENTED_EDGE('',*,*,#13076,.T.);
#13230 = ORIENTED_EDGE('',*,*,#13231,.T.);
#13231 = EDGE_CURVE('',#13053,#8429,#13232,.T.);
#13232 = SURFACE_CURVE('',#13233,(#13242,#13254),.PCURVE_S1.);
#13233 = B_SPLINE_CURVE_WITH_KNOTS('',3,(#13234,#13235,#13236,#13237,
    #13238,#13239,#13240,#13241),.UNSPECIFIED.,.F.,.F.,(4,2,2,4),(
    4.336808689942E-19,5.11871058315E-04,1.02374211663E-03,
    2.04748423326E-03),.UNSPECIFIED.);
#13234 = CARTESIAN_POINT('',(-1.23,-3.267949192431,4.));
#13235 = CARTESIAN_POINT('',(-1.23,-3.441276245406,4.));
#13236 = CARTESIAN_POINT('',(-1.23,-3.6088567724,3.967106430756));
#13237 = CARTESIAN_POINT('',(-1.23,-3.934585056104,3.851511153493));
#13238 = CARTESIAN_POINT('',(-1.23,-4.084970830306,3.771386538621));
#13239 = CARTESIAN_POINT('',(-1.23,-4.511791575796,3.48746836239));
#13240 = CARTESIAN_POINT('',(-1.23,-4.758701065794,3.241297727696));
#13241 = CARTESIAN_POINT('',(-1.23,-5.,3.));
#13242 = PCURVE('',#5869,#13243);
#13243 = DEFINITIONAL_REPRESENTATION('',(#13244),#13253);
#13244 = B_SPLINE_CURVE_WITH_KNOTS('',3,(#13245,#13246,#13247,#13248,
    #13249,#13250,#13251,#13252),.UNSPECIFIED.,.F.,.F.,(4,2,2,4),(
    4.336808689942E-19,5.11871058315E-04,1.02374211663E-03,
    2.04748423326E-03),.UNSPECIFIED.);
#13245 = CARTESIAN_POINT('',(0.,-8.267949192431));
#13246 = CARTESIAN_POINT('',(8.881784197001E-16,-8.441276245406));
#13247 = CARTESIAN_POINT('',(-3.289356924358E-02,-8.6088567724));
#13248 = CARTESIAN_POINT('',(-0.148488846507,-8.934585056104));
#13249 = CARTESIAN_POINT('',(-0.228613461379,-9.084970830306));
#13250 = CARTESIAN_POINT('',(-0.51253163761,-9.511791575796));
#13251 = CARTESIAN_POINT('',(-0.758702272304,-9.758701065794));
#13252 = CARTESIAN_POINT('',(-1.,-10.));
#13253 = ( GEOMETRIC_REPRESENTATION_CONTEXT(2) 
PARAMETRIC_REPRESENTATION_CONTEXT() REPRESENTATION_CONTEXT('2D SPACE',''
  ) );
#13254 = PCURVE('',#8447,#13255);
#13255 = DEFINITIONAL_REPRESENTATION('',(#13256),#13282);
#13256 = B_SPLINE_CURVE_WITH_KNOTS('',3,(#13257,#13258,#13259,#13260,
    #13261,#13262,#13263,#13264,#13265,#13266,#13267,#13268,#13269,
    #13270,#13271,#13272,#13273,#13274,#13275,#13276,#13277,#13278,
    #13279,#13280,#13281),.UNSPECIFIED.,.F.,.F.,(4,1,1,1,1,1,1,1,1,1,1,1
    ,1,1,1,1,1,1,1,1,1,1,4),(4.336808689942E-19,9.306746514818E-05,
    1.861349302964E-04,2.792023954445E-04,3.722698605927E-04,
    4.653373257409E-04,5.584047908891E-04,6.514722560372E-04,
    7.445397211854E-04,8.376071863336E-04,9.306746514818E-04,
    1.02374211663E-03,1.116809581778E-03,1.209877046926E-03,
    1.302944512074E-03,1.396011977223E-03,1.489079442371E-03,
    1.582146907519E-03,1.675214372667E-03,1.768281837815E-03,
    1.861349302964E-03,1.954416768112E-03,2.04748423326E-03),
  .QUASI_UNIFORM_KNOTS.);
#13257 = CARTESIAN_POINT('',(2.094395102393,4.712388980385));
#13258 = CARTESIAN_POINT('',(2.102274887932,4.685100637223));
#13259 = CARTESIAN_POINT('',(2.118579618689,4.631212342789));
#13260 = CARTESIAN_POINT('',(2.144847568385,4.552064101189));
#13261 = CARTESIAN_POINT('',(2.173093448258,4.474202371743));
#13262 = CARTESIAN_POINT('',(2.20351337758,4.397287959548));
#13263 = CARTESIAN_POINT('',(2.236289406529,4.321084721142));
#13264 = CARTESIAN_POINT('',(2.271723105333,4.245258641083));
#13265 = CARTESIAN_POINT('',(2.309262650302,4.171113640305));
#13266 = CARTESIAN_POINT('',(2.349084982786,4.098194550549));
#13267 = CARTESIAN_POINT('',(2.391288857133,4.026302509772));
#13268 = CARTESIAN_POINT('',(2.435975124042,3.955235947123));
#13269 = CARTESIAN_POINT('',(2.483259068789,3.884821752825));
#13270 = CARTESIAN_POINT('',(2.533106518633,3.81504456557));
#13271 = CARTESIAN_POINT('',(2.585406434353,3.745890533125));
#13272 = CARTESIAN_POINT('',(2.640135305441,3.677251247822));
#13273 = CARTESIAN_POINT('',(2.697186259608,3.609071159501));
#13274 = CARTESIAN_POINT('',(2.756407252026,3.541301154896));
#13275 = CARTESIAN_POINT('',(2.817585734167,3.473904561589));
#13276 = CARTESIAN_POINT('',(2.880451338059,3.406850277494));
#13277 = CARTESIAN_POINT('',(2.944678532382,3.340110950472));
#13278 = CARTESIAN_POINT('',(3.009894351106,3.273661973441));
#13279 = CARTESIAN_POINT('',(3.075691072799,3.207481212584));
#13280 = CARTESIAN_POINT('',(3.119655850716,3.163529320491));
#13281 = CARTESIAN_POINT('',(3.14159265359,3.14159265359));
#13282 = ( GEOMETRIC_REPRESENTATION_CONTEXT(2) 
PARAMETRIC_REPRESENTATION_CONTEXT() REPRESENTATION_CONTEXT('2D SPACE',''
  ) );
#13283 = ORIENTED_EDGE('',*,*,#8459,.T.);
#13284 = ADVANCED_FACE('',(#13285),#4960,.T.);
#13285 = FACE_BOUND('',#13286,.T.);
#13286 = EDGE_LOOP('',(#13287,#13288,#13309,#13366,#13367,#13420));
#13287 = ORIENTED_EDGE('',*,*,#5780,.F.);
#13288 = ORIENTED_EDGE('',*,*,#13289,.F.);
#13289 = EDGE_CURVE('',#1743,#5755,#13290,.T.);
#13290 = SURFACE_CURVE('',#13291,(#13295,#13302),.PCURVE_S1.);
#13291 = LINE('',#13292,#13293);
#13292 = CARTESIAN_POINT('',(-9.23,-5.,4.));
#13293 = VECTOR('',#13294,1.);
#13294 = DIRECTION('',(0.,0.,1.));
#13295 = PCURVE('',#4960,#13296);
#13296 = DEFINITIONAL_REPRESENTATION('',(#13297),#13301);
#13297 = LINE('',#13298,#13299);
#13298 = CARTESIAN_POINT('',(0.,-5.));
#13299 = VECTOR('',#13300,1.);
#13300 = DIRECTION('',(-1.,0.));
#13301 = ( GEOMETRIC_REPRESENTATION_CONTEXT(2) 
PARAMETRIC_REPRESENTATION_CONTEXT() REPRESENTATION_CONTEXT('2D SPACE',''
  ) );
#13302 = PCURVE('',#1758,#13303);
#13303 = DEFINITIONAL_REPRESENTATION('',(#13304),#13308);
#13304 = LINE('',#13305,#13306);
#13305 = CARTESIAN_POINT('',(6.28318530718,1.));
#13306 = VECTOR('',#13307,1.);
#13307 = DIRECTION('',(0.,-1.));
#13308 = ( GEOMETRIC_REPRESENTATION_CONTEXT(2) 
PARAMETRIC_REPRESENTATION_CONTEXT() REPRESENTATION_CONTEXT('2D SPACE',''
  ) );
#13309 = ORIENTED_EDGE('',*,*,#13310,.T.);
#13310 = EDGE_CURVE('',#1743,#12971,#13311,.T.);
#13311 = SURFACE_CURVE('',#13312,(#13323,#13337),.PCURVE_S1.);
#13312 = B_SPLINE_CURVE_WITH_KNOTS('',3,(#13313,#13314,#13315,#13316,
    #13317,#13318,#13319,#13320,#13321,#13322),.UNSPECIFIED.,.F.,.F.,(4,
    2,2,2,4),(-6.324555320371E-06,5.078165051333E-04,1.021957565587E-03,
    1.536098626041E-03,2.050239686494E-03),.UNSPECIFIED.);
#13313 = CARTESIAN_POINT('',(-9.23,-5.,3.));
#13314 = CARTESIAN_POINT('',(-9.23,-4.878815486924,3.121183907146));
#13315 = CARTESIAN_POINT('',(-9.23,-4.757383330315,3.242607587782));
#13316 = CARTESIAN_POINT('',(-9.23,-4.503291121054,3.472660349361));
#13317 = CARTESIAN_POINT('',(-9.23,-4.36950482141,3.582117625477));
#13318 = CARTESIAN_POINT('',(-9.23,-4.084960646927,3.771392203724));
#13319 = CARTESIAN_POINT('',(-9.23,-3.934576491687,3.85151493818));
#13320 = CARTESIAN_POINT('',(-9.23,-3.608851968761,3.967107390128));
#13321 = CARTESIAN_POINT('',(-9.23,-3.441273874265,4.));
#13322 = CARTESIAN_POINT('',(-9.23,-3.267949192431,4.));
#13323 = PCURVE('',#4960,#13324);
#13324 = DEFINITIONAL_REPRESENTATION('',(#13325),#13336);
#13325 = B_SPLINE_CURVE_WITH_KNOTS('',3,(#13326,#13327,#13328,#13329,
    #13330,#13331,#13332,#13333,#13334,#13335),.UNSPECIFIED.,.F.,.F.,(4,
    2,2,2,4),(-6.324555320371E-06,5.078165051333E-04,1.021957565587E-03,
    1.536098626041E-03,2.050239686494E-03),.UNSPECIFIED.);
#13326 = CARTESIAN_POINT('',(1.,-5.));
#13327 = CARTESIAN_POINT('',(0.878816092854,-4.878815486924));
#13328 = CARTESIAN_POINT('',(0.757392412218,-4.757383330315));
#13329 = CARTESIAN_POINT('',(0.527339650639,-4.503291121054));
#13330 = CARTESIAN_POINT('',(0.417882374523,-4.36950482141));
#13331 = CARTESIAN_POINT('',(0.228607796276,-4.084960646927));
#13332 = CARTESIAN_POINT('',(0.14848506182,-3.934576491687));
#13333 = CARTESIAN_POINT('',(3.289260987207E-02,-3.608851968762));
#13334 = CARTESIAN_POINT('',(8.881784197001E-16,-3.441273874265));
#13335 = CARTESIAN_POINT('',(0.,-3.267949192431));
#13336 = ( GEOMETRIC_REPRESENTATION_CONTEXT(2) 
PARAMETRIC_REPRESENTATION_CONTEXT() REPRESENTATION_CONTEXT('2D SPACE',''
  ) );
#13337 = PCURVE('',#1785,#13338);
#13338 = DEFINITIONAL_REPRESENTATION('',(#13339),#13365);
#13339 = B_SPLINE_CURVE_WITH_KNOTS('',3,(#13340,#13341,#13342,#13343,
    #13344,#13345,#13346,#13347,#13348,#13349,#13350,#13351,#13352,
    #13353,#13354,#13355,#13356,#13357,#13358,#13359,#13360,#13361,
    #13362,#13363,#13364),.UNSPECIFIED.,.F.,.F.,(4,1,1,1,1,1,1,1,1,1,1,1
    ,1,1,1,1,1,1,1,1,1,1,4),(-6.324555320371E-06,8.715563748938E-05,
    1.806358302991E-04,2.741160231089E-04,3.675962159186E-04,
    4.610764087284E-04,5.545566015381E-04,6.480367943479E-04,
    7.415169871576E-04,8.349971799674E-04,9.284773727771E-04,
    1.021957565587E-03,1.115437758397E-03,1.208917951206E-03,
    1.302398144016E-03,1.395878336826E-03,1.489358529636E-03,
    1.582838722445E-03,1.676318915255E-03,1.769799108065E-03,
    1.863279300875E-03,1.956759493684E-03,2.050239686494E-03),
  .UNSPECIFIED.);
#13340 = CARTESIAN_POINT('',(0.,3.14159265359));
#13341 = CARTESIAN_POINT('',(2.203464553088E-02,3.163626289245));
#13342 = CARTESIAN_POINT('',(6.611649859572E-02,3.207708693877));
#13343 = CARTESIAN_POINT('',(0.1319074303,3.273930450923));
#13344 = CARTESIAN_POINT('',(0.196989173345,3.340302261964));
#13345 = CARTESIAN_POINT('',(0.261011710987,3.406878992746));
#13346 = CARTESIAN_POINT('',(0.323660161902,3.473724011806));
#13347 = CARTESIAN_POINT('',(0.384650187425,3.540892115262));
#13348 = CARTESIAN_POINT('',(0.443914607766,3.608629501774));
#13349 = CARTESIAN_POINT('',(0.501110820195,3.676895997144));
#13350 = CARTESIAN_POINT('',(0.556015053639,3.7456900869));
#13351 = CARTESIAN_POINT('',(0.60845846321,3.81500544069));
#13352 = CARTESIAN_POINT('',(0.658350548198,3.884845849924));
#13353 = CARTESIAN_POINT('',(0.705621217946,3.955241991925));
#13354 = CARTESIAN_POINT('',(0.750309827335,4.026312282262));
#13355 = CARTESIAN_POINT('',(0.792511960374,4.09820221443));
#13356 = CARTESIAN_POINT('',(0.832333744624,4.17112075482));
#13357 = CARTESIAN_POINT('',(0.869872516361,4.245264776662));
#13358 = CARTESIAN_POINT('',(0.905305592588,4.321089975531));
#13359 = CARTESIAN_POINT('',(0.938081027666,4.397292236461));
#13360 = CARTESIAN_POINT('',(0.968500427851,4.474205631234));
#13361 = CARTESIAN_POINT('',(0.996745837126,4.552066302008));
#13362 = CARTESIAN_POINT('',(1.023013376985,4.63121345646));
#13363 = CARTESIAN_POINT('',(1.039317873345,4.685101010303));
#13364 = CARTESIAN_POINT('',(1.047197551197,4.712388980385));
#13365 = ( GEOMETRIC_REPRESENTATION_CONTEXT(2) 
PARAMETRIC_REPRESENTATION_CONTEXT() REPRESENTATION_CONTEXT('2D SPACE',''
  ) );
#13366 = ORIENTED_EDGE('',*,*,#12970,.T.);
#13367 = ORIENTED_EDGE('',*,*,#13368,.T.);
#13368 = EDGE_CURVE('',#12973,#4919,#13369,.T.);
#13369 = SURFACE_CURVE('',#13370,(#13379,#13391),.PCURVE_S1.);
#13370 = B_SPLINE_CURVE_WITH_KNOTS('',3,(#13371,#13372,#13373,#13374,
    #13375,#13376,#13377,#13378),.UNSPECIFIED.,.F.,.F.,(4,2,2,4),(0.,
    5.11871058315E-04,1.02374211663E-03,2.04748423326E-03),
  .UNSPECIFIED.);
#13371 = CARTESIAN_POINT('',(-9.23,3.267949192431,4.));
#13372 = CARTESIAN_POINT('',(-9.23,3.441276245406,4.));
#13373 = CARTESIAN_POINT('',(-9.23,3.6088567724,3.967106430756));
#13374 = CARTESIAN_POINT('',(-9.23,3.934585056104,3.851511153493));
#13375 = CARTESIAN_POINT('',(-9.23,4.084970830306,3.771386538621));
#13376 = CARTESIAN_POINT('',(-9.23,4.511791575796,3.48746836239));
#13377 = CARTESIAN_POINT('',(-9.23,4.758701065794,3.241297727696));
#13378 = CARTESIAN_POINT('',(-9.23,5.,3.));
#13379 = PCURVE('',#4960,#13380);
#13380 = DEFINITIONAL_REPRESENTATION('',(#13381),#13390);
#13381 = B_SPLINE_CURVE_WITH_KNOTS('',3,(#13382,#13383,#13384,#13385,
    #13386,#13387,#13388,#13389),.UNSPECIFIED.,.F.,.F.,(4,2,2,4),(0.,
    5.11871058315E-04,1.02374211663E-03,2.04748423326E-03),
  .UNSPECIFIED.);
#13382 = CARTESIAN_POINT('',(0.,3.267949192431));
#13383 = CARTESIAN_POINT('',(0.,3.441276245406));
#13384 = CARTESIAN_POINT('',(3.289356924358E-02,3.6088567724));
#13385 = CARTESIAN_POINT('',(0.148488846507,3.934585056104));
#13386 = CARTESIAN_POINT('',(0.228613461379,4.084970830306));
#13387 = CARTESIAN_POINT('',(0.51253163761,4.511791575796));
#13388 = CARTESIAN_POINT('',(0.758702272304,4.758701065794));
#13389 = CARTESIAN_POINT('',(1.,5.));
#13390 = ( GEOMETRIC_REPRESENTATION_CONTEXT(2) 
PARAMETRIC_REPRESENTATION_CONTEXT() REPRESENTATION_CONTEXT('2D SPACE',''
  ) );
#13391 = PCURVE('',#8907,#13392);
#13392 = DEFINITIONAL_REPRESENTATION('',(#13393),#13419);
#13393 = B_SPLINE_CURVE_WITH_KNOTS('',3,(#13394,#13395,#13396,#13397,
    #13398,#13399,#13400,#13401,#13402,#13403,#13404,#13405,#13406,
    #13407,#13408,#13409,#13410,#13411,#13412,#13413,#13414,#13415,
    #13416,#13417,#13418),.UNSPECIFIED.,.F.,.F.,(4,1,1,1,1,1,1,1,1,1,1,1
    ,1,1,1,1,1,1,1,1,1,1,4),(0.,9.306746514818E-05,1.861349302964E-04,
    2.792023954445E-04,3.722698605927E-04,4.653373257409E-04,
    5.584047908891E-04,6.514722560372E-04,7.445397211854E-04,
    8.376071863336E-04,9.306746514818E-04,1.02374211663E-03,
    1.116809581778E-03,1.209877046926E-03,1.302944512074E-03,
    1.396011977223E-03,1.489079442371E-03,1.582146907519E-03,
    1.675214372667E-03,1.768281837815E-03,1.861349302964E-03,
    1.954416768112E-03,2.04748423326E-03),.QUASI_UNIFORM_KNOTS.);
#13394 = CARTESIAN_POINT('',(5.235987755983,4.712388980385));
#13395 = CARTESIAN_POINT('',(5.243867541522,4.685100637223));
#13396 = CARTESIAN_POINT('',(5.260172272279,4.631212342789));
#13397 = CARTESIAN_POINT('',(5.286440221974,4.552064101189));
#13398 = CARTESIAN_POINT('',(5.314686101848,4.474202371743));
#13399 = CARTESIAN_POINT('',(5.345106031169,4.397287959548));
#13400 = CARTESIAN_POINT('',(5.377882060119,4.321084721142));
#13401 = CARTESIAN_POINT('',(5.413315758923,4.245258641083));
#13402 = CARTESIAN_POINT('',(5.450855303892,4.171113640305));
#13403 = CARTESIAN_POINT('',(5.490677636375,4.098194550549));
#13404 = CARTESIAN_POINT('',(5.532881510723,4.026302509772));
#13405 = CARTESIAN_POINT('',(5.577567777632,3.955235947123));
#13406 = CARTESIAN_POINT('',(5.624851722379,3.884821752825));
#13407 = CARTESIAN_POINT('',(5.674699172223,3.81504456557));
#13408 = CARTESIAN_POINT('',(5.726999087942,3.745890533125));
#13409 = CARTESIAN_POINT('',(5.781727959031,3.677251247822));
#13410 = CARTESIAN_POINT('',(5.838778913198,3.609071159501));
#13411 = CARTESIAN_POINT('',(5.897999905616,3.541301154896));
#13412 = CARTESIAN_POINT('',(5.959178387756,3.473904561589));
#13413 = CARTESIAN_POINT('',(6.022043991649,3.406850277494));
#13414 = CARTESIAN_POINT('',(6.086271185971,3.340110950472));
#13415 = CARTESIAN_POINT('',(6.151487004695,3.273661973441));
#13416 = CARTESIAN_POINT('',(6.217283726389,3.207481212584));
#13417 = CARTESIAN_POINT('',(6.261248504306,3.163529320491));
#13418 = CARTESIAN_POINT('',(6.28318530718,3.14159265359));
#13419 = ( GEOMETRIC_REPRESENTATION_CONTEXT(2) 
PARAMETRIC_REPRESENTATION_CONTEXT() REPRESENTATION_CONTEXT('2D SPACE',''
  ) );
#13420 = ORIENTED_EDGE('',*,*,#4946,.T.);
#13421 = ADVANCED_FACE('',(#13422),#13436,.F.);
#13422 = FACE_BOUND('',#13423,.T.);
#13423 = EDGE_LOOP('',(#13424,#13454,#13478,#13506,#13530,#13553,#13577,
    #13600));
#13424 = ORIENTED_EDGE('',*,*,#13425,.F.);
#13425 = EDGE_CURVE('',#13426,#13428,#13430,.T.);
#13426 = VERTEX_POINT('',#13427);
#13427 = CARTESIAN_POINT('',(-39.23,-3.267949192431,4.));
#13428 = VERTEX_POINT('',#13429);
#13429 = CARTESIAN_POINT('',(-39.23,3.267949192431,4.));
#13430 = SURFACE_CURVE('',#13431,(#13435,#13447),.PCURVE_S1.);
#13431 = LINE('',#13432,#13433);
#13432 = CARTESIAN_POINT('',(-39.23,6.792894270555E-15,4.));
#13433 = VECTOR('',#13434,1.);
#13434 = DIRECTION('',(0.,1.,0.));
#13435 = PCURVE('',#13436,#13441);
#13436 = PLANE('',#13437);
#13437 = AXIS2_PLACEMENT_3D('',#13438,#13439,#13440);
#13438 = CARTESIAN_POINT('',(-90.,1.301042606983E-14,4.));
#13439 = DIRECTION('',(0.,0.,-1.));
#13440 = DIRECTION('',(-1.,0.,-0.));
#13441 = DEFINITIONAL_REPRESENTATION('',(#13442),#13446);
#13442 = LINE('',#13443,#13444);
#13443 = CARTESIAN_POINT('',(-50.77,-6.217531799271E-15));
#13444 = VECTOR('',#13445,1.);
#13445 = DIRECTION('',(0.,1.));
#13446 = ( GEOMETRIC_REPRESENTATION_CONTEXT(2) 
PARAMETRIC_REPRESENTATION_CONTEXT() REPRESENTATION_CONTEXT('2D SPACE',''
  ) );
#13447 = PCURVE('',#5109,#13448);
#13448 = DEFINITIONAL_REPRESENTATION('',(#13449),#13453);
#13449 = LINE('',#13450,#13451);
#13450 = CARTESIAN_POINT('',(0.,0.));
#13451 = VECTOR('',#13452,1.);
#13452 = DIRECTION('',(0.,1.));
#13453 = ( GEOMETRIC_REPRESENTATION_CONTEXT(2) 
PARAMETRIC_REPRESENTATION_CONTEXT() REPRESENTATION_CONTEXT('2D SPACE',''
  ) );
#13454 = ORIENTED_EDGE('',*,*,#13455,.T.);
#13455 = EDGE_CURVE('',#13426,#13456,#13458,.T.);
#13456 = VERTEX_POINT('',#13457);
#13457 = CARTESIAN_POINT('',(-38.23,-3.,4.));
#13458 = SURFACE_CURVE('',#13459,(#13464,#13471),.PCURVE_S1.);
#13459 = CIRCLE('',#13460,2.);
#13460 = AXIS2_PLACEMENT_3D('',#13461,#13462,#13463);
#13461 = CARTESIAN_POINT('',(-38.23,-5.,4.));
#13462 = DIRECTION('',(0.,0.,-1.));
#13463 = DIRECTION('',(-1.,0.,0.));
#13464 = PCURVE('',#13436,#13465);
#13465 = DEFINITIONAL_REPRESENTATION('',(#13466),#13470);
#13466 = CIRCLE('',#13467,2.);
#13467 = AXIS2_PLACEMENT_2D('',#13468,#13469);
#13468 = CARTESIAN_POINT('',(-51.77,-5.));
#13469 = DIRECTION('',(1.,0.));
#13470 = ( GEOMETRIC_REPRESENTATION_CONTEXT(2) 
PARAMETRIC_REPRESENTATION_CONTEXT() REPRESENTATION_CONTEXT('2D SPACE',''
  ) );
#13471 = PCURVE('',#1663,#13472);
#13472 = DEFINITIONAL_REPRESENTATION('',(#13473),#13477);
#13473 = LINE('',#13474,#13475);
#13474 = CARTESIAN_POINT('',(-6.661338147751E-16,4.712388980385));
#13475 = VECTOR('',#13476,1.);
#13476 = DIRECTION('',(1.,-1.696295830114E-15));
#13477 = ( GEOMETRIC_REPRESENTATION_CONTEXT(2) 
PARAMETRIC_REPRESENTATION_CONTEXT() REPRESENTATION_CONTEXT('2D SPACE',''
  ) );
#13478 = ORIENTED_EDGE('',*,*,#13479,.T.);
#13479 = EDGE_CURVE('',#13456,#13480,#13482,.T.);
#13480 = VERTEX_POINT('',#13481);
#13481 = CARTESIAN_POINT('',(-32.23,-3.,4.));
#13482 = SURFACE_CURVE('',#13483,(#13487,#13494),.PCURVE_S1.);
#13483 = LINE('',#13484,#13485);
#13484 = CARTESIAN_POINT('',(-32.23,-3.,4.));
#13485 = VECTOR('',#13486,1.);
#13486 = DIRECTION('',(1.,1.445602896647E-16,0.));
#13487 = PCURVE('',#13436,#13488);
#13488 = DEFINITIONAL_REPRESENTATION('',(#13489),#13493);
#13489 = LINE('',#13490,#13491);
#13490 = CARTESIAN_POINT('',(-57.77,-3.));
#13491 = VECTOR('',#13492,1.);
#13492 = DIRECTION('',(-1.,1.445602896647E-16));
#13493 = ( GEOMETRIC_REPRESENTATION_CONTEXT(2) 
PARAMETRIC_REPRESENTATION_CONTEXT() REPRESENTATION_CONTEXT('2D SPACE',''
  ) );
#13494 = PCURVE('',#13495,#13500);
#13495 = CYLINDRICAL_SURFACE('',#13496,1.);
#13496 = AXIS2_PLACEMENT_3D('',#13497,#13498,#13499);
#13497 = CARTESIAN_POINT('',(-90.,-3.,3.));
#13498 = DIRECTION('',(-1.,-1.445602896647E-16,0.));
#13499 = DIRECTION('',(1.445602896647E-16,-1.,0.));
#13500 = DEFINITIONAL_REPRESENTATION('',(#13501),#13505);
#13501 = LINE('',#13502,#13503);
#13502 = CARTESIAN_POINT('',(1.570796326795,-57.77));
#13503 = VECTOR('',#13504,1.);
#13504 = DIRECTION('',(0.,-1.));
#13505 = ( GEOMETRIC_REPRESENTATION_CONTEXT(2) 
PARAMETRIC_REPRESENTATION_CONTEXT() REPRESENTATION_CONTEXT('2D SPACE',''
  ) );
#13506 = ORIENTED_EDGE('',*,*,#13507,.T.);
#13507 = EDGE_CURVE('',#13480,#13508,#13510,.T.);
#13508 = VERTEX_POINT('',#13509);
#13509 = CARTESIAN_POINT('',(-31.23,-3.267949192431,4.));
#13510 = SURFACE_CURVE('',#13511,(#13516,#13523),.PCURVE_S1.);
#13511 = CIRCLE('',#13512,2.);
#13512 = AXIS2_PLACEMENT_3D('',#13513,#13514,#13515);
#13513 = CARTESIAN_POINT('',(-32.23,-5.,4.));
#13514 = DIRECTION('',(0.,0.,-1.));
#13515 = DIRECTION('',(-1.,0.,0.));
#13516 = PCURVE('',#13436,#13517);
#13517 = DEFINITIONAL_REPRESENTATION('',(#13518),#13522);
#13518 = CIRCLE('',#13519,2.);
#13519 = AXIS2_PLACEMENT_2D('',#13520,#13521);
#13520 = CARTESIAN_POINT('',(-57.77,-5.));
#13521 = DIRECTION('',(1.,0.));
#13522 = ( GEOMETRIC_REPRESENTATION_CONTEXT(2) 
PARAMETRIC_REPRESENTATION_CONTEXT() REPRESENTATION_CONTEXT('2D SPACE',''
  ) );
#13523 = PCURVE('',#8324,#13524);
#13524 = DEFINITIONAL_REPRESENTATION('',(#13525),#13529);
#13525 = LINE('',#13526,#13527);
#13526 = CARTESIAN_POINT('',(0.,4.712388980385));
#13527 = VECTOR('',#13528,1.);
#13528 = DIRECTION('',(1.,0.));
#13529 = ( GEOMETRIC_REPRESENTATION_CONTEXT(2) 
PARAMETRIC_REPRESENTATION_CONTEXT() REPRESENTATION_CONTEXT('2D SPACE',''
  ) );
#13530 = ORIENTED_EDGE('',*,*,#13531,.F.);
#13531 = EDGE_CURVE('',#13532,#13508,#13534,.T.);
#13532 = VERTEX_POINT('',#13533);
#13533 = CARTESIAN_POINT('',(-31.23,3.267949192431,4.));
#13534 = SURFACE_CURVE('',#13535,(#13539,#13546),.PCURVE_S1.);
#13535 = LINE('',#13536,#13537);
#13536 = CARTESIAN_POINT('',(-31.23,5.,4.));
#13537 = VECTOR('',#13538,1.);
#13538 = DIRECTION('',(0.,-1.,0.));
#13539 = PCURVE('',#13436,#13540);
#13540 = DEFINITIONAL_REPRESENTATION('',(#13541),#13545);
#13541 = LINE('',#13542,#13543);
#13542 = CARTESIAN_POINT('',(-58.77,5.));
#13543 = VECTOR('',#13544,1.);
#13544 = DIRECTION('',(-0.,-1.));
#13545 = ( GEOMETRIC_REPRESENTATION_CONTEXT(2) 
PARAMETRIC_REPRESENTATION_CONTEXT() REPRESENTATION_CONTEXT('2D SPACE',''
  ) );
#13546 = PCURVE('',#5690,#13547);
#13547 = DEFINITIONAL_REPRESENTATION('',(#13548),#13552);
#13548 = LINE('',#13549,#13550);
#13549 = CARTESIAN_POINT('',(0.,0.));
#13550 = VECTOR('',#13551,1.);
#13551 = DIRECTION('',(0.,-1.));
#13552 = ( GEOMETRIC_REPRESENTATION_CONTEXT(2) 
PARAMETRIC_REPRESENTATION_CONTEXT() REPRESENTATION_CONTEXT('2D SPACE',''
  ) );
#13553 = ORIENTED_EDGE('',*,*,#13554,.T.);
#13554 = EDGE_CURVE('',#13532,#13555,#13557,.T.);
#13555 = VERTEX_POINT('',#13556);
#13556 = CARTESIAN_POINT('',(-32.23,3.,4.));
#13557 = SURFACE_CURVE('',#13558,(#13563,#13570),.PCURVE_S1.);
#13558 = CIRCLE('',#13559,2.);
#13559 = AXIS2_PLACEMENT_3D('',#13560,#13561,#13562);
#13560 = CARTESIAN_POINT('',(-32.23,5.,4.));
#13561 = DIRECTION('',(0.,0.,-1.));
#13562 = DIRECTION('',(-1.,0.,0.));
#13563 = PCURVE('',#13436,#13564);
#13564 = DEFINITIONAL_REPRESENTATION('',(#13565),#13569);
#13565 = CIRCLE('',#13566,2.);
#13566 = AXIS2_PLACEMENT_2D('',#13567,#13568);
#13567 = CARTESIAN_POINT('',(-57.77,5.));
#13568 = DIRECTION('',(1.,0.));
#13569 = ( GEOMETRIC_REPRESENTATION_CONTEXT(2) 
PARAMETRIC_REPRESENTATION_CONTEXT() REPRESENTATION_CONTEXT('2D SPACE',''
  ) );
#13570 = PCURVE('',#11950,#13571);
#13571 = DEFINITIONAL_REPRESENTATION('',(#13572),#13576);
#13572 = LINE('',#13573,#13574);
#13573 = CARTESIAN_POINT('',(0.,4.712388980385));
#13574 = VECTOR('',#13575,1.);
#13575 = DIRECTION('',(1.,0.));
#13576 = ( GEOMETRIC_REPRESENTATION_CONTEXT(2) 
PARAMETRIC_REPRESENTATION_CONTEXT() REPRESENTATION_CONTEXT('2D SPACE',''
  ) );
#13577 = ORIENTED_EDGE('',*,*,#13578,.T.);
#13578 = EDGE_CURVE('',#13555,#13579,#13581,.T.);
#13579 = VERTEX_POINT('',#13580);
#13580 = CARTESIAN_POINT('',(-38.23,3.,4.));
#13581 = SURFACE_CURVE('',#13582,(#13586,#13593),.PCURVE_S1.);
#13582 = LINE('',#13583,#13584);
#13583 = CARTESIAN_POINT('',(-90.,3.,4.));
#13584 = VECTOR('',#13585,1.);
#13585 = DIRECTION('',(-1.,1.445602896647E-16,-0.));
#13586 = PCURVE('',#13436,#13587);
#13587 = DEFINITIONAL_REPRESENTATION('',(#13588),#13592);
#13588 = LINE('',#13589,#13590);
#13589 = CARTESIAN_POINT('',(0.,3.));
#13590 = VECTOR('',#13591,1.);
#13591 = DIRECTION('',(1.,1.445602896647E-16));
#13592 = ( GEOMETRIC_REPRESENTATION_CONTEXT(2) 
PARAMETRIC_REPRESENTATION_CONTEXT() REPRESENTATION_CONTEXT('2D SPACE',''
  ) );
#13593 = PCURVE('',#12096,#13594);
#13594 = DEFINITIONAL_REPRESENTATION('',(#13595),#13599);
#13595 = LINE('',#13596,#13597);
#13596 = CARTESIAN_POINT('',(1.570796326795,-57.77));
#13597 = VECTOR('',#13598,1.);
#13598 = DIRECTION('',(0.,-1.));
#13599 = ( GEOMETRIC_REPRESENTATION_CONTEXT(2) 
PARAMETRIC_REPRESENTATION_CONTEXT() REPRESENTATION_CONTEXT('2D SPACE',''
  ) );
#13600 = ORIENTED_EDGE('',*,*,#13601,.T.);
#13601 = EDGE_CURVE('',#13579,#13428,#13602,.T.);
#13602 = SURFACE_CURVE('',#13603,(#13608,#13615),.PCURVE_S1.);
#13603 = CIRCLE('',#13604,2.);
#13604 = AXIS2_PLACEMENT_3D('',#13605,#13606,#13607);
#13605 = CARTESIAN_POINT('',(-38.23,5.,4.));
#13606 = DIRECTION('',(0.,0.,-1.));
#13607 = DIRECTION('',(-1.,0.,0.));
#13608 = PCURVE('',#13436,#13609);
#13609 = DEFINITIONAL_REPRESENTATION('',(#13610),#13614);
#13610 = CIRCLE('',#13611,2.);
#13611 = AXIS2_PLACEMENT_2D('',#13612,#13613);
#13612 = CARTESIAN_POINT('',(-51.77,5.));
#13613 = DIRECTION('',(1.,0.));
#13614 = ( GEOMETRIC_REPRESENTATION_CONTEXT(2) 
PARAMETRIC_REPRESENTATION_CONTEXT() REPRESENTATION_CONTEXT('2D SPACE',''
  ) );
#13615 = PCURVE('',#8824,#13616);
#13616 = DEFINITIONAL_REPRESENTATION('',(#13617),#13621);
#13617 = LINE('',#13618,#13619);
#13618 = CARTESIAN_POINT('',(0.,4.712388980385));
#13619 = VECTOR('',#13620,1.);
#13620 = DIRECTION('',(1.,1.696295830114E-15));
#13621 = ( GEOMETRIC_REPRESENTATION_CONTEXT(2) 
PARAMETRIC_REPRESENTATION_CONTEXT() REPRESENTATION_CONTEXT('2D SPACE',''
  ) );
#13622 = ADVANCED_FACE('',(#13623),#5690,.T.);
#13623 = FACE_BOUND('',#13624,.T.);
#13624 = EDGE_LOOP('',(#13625,#13626,#13627,#13684,#13685,#13738));
#13625 = ORIENTED_EDGE('',*,*,#5674,.F.);
#13626 = ORIENTED_EDGE('',*,*,#11910,.F.);
#13627 = ORIENTED_EDGE('',*,*,#13628,.T.);
#13628 = EDGE_CURVE('',#11911,#13532,#13629,.T.);
#13629 = SURFACE_CURVE('',#13630,(#13641,#13655),.PCURVE_S1.);
#13630 = B_SPLINE_CURVE_WITH_KNOTS('',3,(#13631,#13632,#13633,#13634,
    #13635,#13636,#13637,#13638,#13639,#13640),.UNSPECIFIED.,.F.,.F.,(4,
    2,2,2,4),(-6.324555320371E-06,5.078165051333E-04,1.021957565587E-03,
    1.536098626041E-03,2.050239686494E-03),.UNSPECIFIED.);
#13631 = CARTESIAN_POINT('',(-31.23,5.,3.));
#13632 = CARTESIAN_POINT('',(-31.23,4.878815486924,3.121183907146));
#13633 = CARTESIAN_POINT('',(-31.23,4.757383330315,3.242607587782));
#13634 = CARTESIAN_POINT('',(-31.23,4.503291121054,3.472660349361));
#13635 = CARTESIAN_POINT('',(-31.23,4.36950482141,3.582117625477));
#13636 = CARTESIAN_POINT('',(-31.23,4.084960646927,3.771392203724));
#13637 = CARTESIAN_POINT('',(-31.23,3.934576491687,3.85151493818));
#13638 = CARTESIAN_POINT('',(-31.23,3.608851968762,3.967107390128));
#13639 = CARTESIAN_POINT('',(-31.23,3.441273874265,4.));
#13640 = CARTESIAN_POINT('',(-31.23,3.267949192431,4.));
#13641 = PCURVE('',#5690,#13642);
#13642 = DEFINITIONAL_REPRESENTATION('',(#13643),#13654);
#13643 = B_SPLINE_CURVE_WITH_KNOTS('',3,(#13644,#13645,#13646,#13647,
    #13648,#13649,#13650,#13651,#13652,#13653),.UNSPECIFIED.,.F.,.F.,(4,
    2,2,2,4),(-6.324555320371E-06,5.078165051333E-04,1.021957565587E-03,
    1.536098626041E-03,2.050239686494E-03),.UNSPECIFIED.);
#13644 = CARTESIAN_POINT('',(-1.,0.));
#13645 = CARTESIAN_POINT('',(-0.878816092854,-0.121184513076));
#13646 = CARTESIAN_POINT('',(-0.757392412218,-0.242616669685));
#13647 = CARTESIAN_POINT('',(-0.527339650639,-0.496708878946));
#13648 = CARTESIAN_POINT('',(-0.417882374523,-0.63049517859));
#13649 = CARTESIAN_POINT('',(-0.228607796276,-0.915039353073));
#13650 = CARTESIAN_POINT('',(-0.14848506182,-1.065423508313));
#13651 = CARTESIAN_POINT('',(-3.289260987207E-02,-1.391148031238));
#13652 = CARTESIAN_POINT('',(-8.881784197001E-16,-1.558726125735));
#13653 = CARTESIAN_POINT('',(0.,-1.732050807569));
#13654 = ( GEOMETRIC_REPRESENTATION_CONTEXT(2) 
PARAMETRIC_REPRESENTATION_CONTEXT() REPRESENTATION_CONTEXT('2D SPACE',''
  ) );
#13655 = PCURVE('',#11950,#13656);
#13656 = DEFINITIONAL_REPRESENTATION('',(#13657),#13683);
#13657 = B_SPLINE_CURVE_WITH_KNOTS('',3,(#13658,#13659,#13660,#13661,
    #13662,#13663,#13664,#13665,#13666,#13667,#13668,#13669,#13670,
    #13671,#13672,#13673,#13674,#13675,#13676,#13677,#13678,#13679,
    #13680,#13681,#13682),.UNSPECIFIED.,.F.,.F.,(4,1,1,1,1,1,1,1,1,1,1,1
    ,1,1,1,1,1,1,1,1,1,1,4),(-6.324555320371E-06,8.715563748938E-05,
    1.806358302991E-04,2.741160231089E-04,3.675962159186E-04,
    4.610764087284E-04,5.545566015381E-04,6.480367943479E-04,
    7.415169871576E-04,8.349971799674E-04,9.284773727771E-04,
    1.021957565587E-03,1.115437758397E-03,1.208917951206E-03,
    1.302398144016E-03,1.395878336826E-03,1.489358529636E-03,
    1.582838722445E-03,1.676318915255E-03,1.769799108065E-03,
    1.863279300875E-03,1.956759493684E-03,2.050239686494E-03),
  .UNSPECIFIED.);
#13658 = CARTESIAN_POINT('',(3.14159265359,3.14159265359));
#13659 = CARTESIAN_POINT('',(3.163627299121,3.163626289245));
#13660 = CARTESIAN_POINT('',(3.207709152186,3.207708693877));
#13661 = CARTESIAN_POINT('',(3.27350008389,3.273930450923));
#13662 = CARTESIAN_POINT('',(3.338581826935,3.340302261964));
#13663 = CARTESIAN_POINT('',(3.402604364577,3.406878992746));
#13664 = CARTESIAN_POINT('',(3.465252815492,3.473724011806));
#13665 = CARTESIAN_POINT('',(3.526242841015,3.540892115262));
#13666 = CARTESIAN_POINT('',(3.585507261356,3.608629501774));
#13667 = CARTESIAN_POINT('',(3.642703473785,3.676895997144));
#13668 = CARTESIAN_POINT('',(3.697607707228,3.7456900869));
#13669 = CARTESIAN_POINT('',(3.7500511168,3.81500544069));
#13670 = CARTESIAN_POINT('',(3.799943201788,3.884845849924));
#13671 = CARTESIAN_POINT('',(3.847213871535,3.955241991925));
#13672 = CARTESIAN_POINT('',(3.891902480925,4.026312282262));
#13673 = CARTESIAN_POINT('',(3.934104613964,4.09820221443));
#13674 = CARTESIAN_POINT('',(3.973926398214,4.17112075482));
#13675 = CARTESIAN_POINT('',(4.011465169951,4.245264776662));
#13676 = CARTESIAN_POINT('',(4.046898246178,4.321089975531));
#13677 = CARTESIAN_POINT('',(4.079673681256,4.397292236461));
#13678 = CARTESIAN_POINT('',(4.110093081441,4.474205631234));
#13679 = CARTESIAN_POINT('',(4.138338490716,4.552066302008));
#13680 = CARTESIAN_POINT('',(4.164606030575,4.63121345646));
#13681 = CARTESIAN_POINT('',(4.180910526935,4.685101010303));
#13682 = CARTESIAN_POINT('',(4.188790204786,4.712388980385));
#13683 = ( GEOMETRIC_REPRESENTATION_CONTEXT(2) 
PARAMETRIC_REPRESENTATION_CONTEXT() REPRESENTATION_CONTEXT('2D SPACE',''
  ) );
#13684 = ORIENTED_EDGE('',*,*,#13531,.T.);
#13685 = ORIENTED_EDGE('',*,*,#13686,.T.);
#13686 = EDGE_CURVE('',#13508,#8306,#13687,.T.);
#13687 = SURFACE_CURVE('',#13688,(#13697,#13709),.PCURVE_S1.);
#13688 = B_SPLINE_CURVE_WITH_KNOTS('',3,(#13689,#13690,#13691,#13692,
    #13693,#13694,#13695,#13696),.UNSPECIFIED.,.F.,.F.,(4,2,2,4),(
    4.336808689942E-19,5.11871058315E-04,1.02374211663E-03,
    2.04748423326E-03),.UNSPECIFIED.);
#13689 = CARTESIAN_POINT('',(-31.23,-3.267949192431,4.));
#13690 = CARTESIAN_POINT('',(-31.23,-3.441276245406,4.));
#13691 = CARTESIAN_POINT('',(-31.23,-3.6088567724,3.967106430756));
#13692 = CARTESIAN_POINT('',(-31.23,-3.934585056104,3.851511153493));
#13693 = CARTESIAN_POINT('',(-31.23,-4.084970830306,3.771386538621));
#13694 = CARTESIAN_POINT('',(-31.23,-4.511791575796,3.48746836239));
#13695 = CARTESIAN_POINT('',(-31.23,-4.758701065794,3.241297727696));
#13696 = CARTESIAN_POINT('',(-31.23,-5.,3.));
#13697 = PCURVE('',#5690,#13698);
#13698 = DEFINITIONAL_REPRESENTATION('',(#13699),#13708);
#13699 = B_SPLINE_CURVE_WITH_KNOTS('',3,(#13700,#13701,#13702,#13703,
    #13704,#13705,#13706,#13707),.UNSPECIFIED.,.F.,.F.,(4,2,2,4),(
    4.336808689942E-19,5.11871058315E-04,1.02374211663E-03,
    2.04748423326E-03),.UNSPECIFIED.);
#13700 = CARTESIAN_POINT('',(0.,-8.267949192431));
#13701 = CARTESIAN_POINT('',(0.,-8.441276245406));
#13702 = CARTESIAN_POINT('',(-3.289356924358E-02,-8.6088567724));
#13703 = CARTESIAN_POINT('',(-0.148488846507,-8.934585056104));
#13704 = CARTESIAN_POINT('',(-0.228613461379,-9.084970830306));
#13705 = CARTESIAN_POINT('',(-0.51253163761,-9.511791575796));
#13706 = CARTESIAN_POINT('',(-0.758702272304,-9.758701065794));
#13707 = CARTESIAN_POINT('',(-1.,-10.));
#13708 = ( GEOMETRIC_REPRESENTATION_CONTEXT(2) 
PARAMETRIC_REPRESENTATION_CONTEXT() REPRESENTATION_CONTEXT('2D SPACE',''
  ) );
#13709 = PCURVE('',#8324,#13710);
#13710 = DEFINITIONAL_REPRESENTATION('',(#13711),#13737);
#13711 = B_SPLINE_CURVE_WITH_KNOTS('',3,(#13712,#13713,#13714,#13715,
    #13716,#13717,#13718,#13719,#13720,#13721,#13722,#13723,#13724,
    #13725,#13726,#13727,#13728,#13729,#13730,#13731,#13732,#13733,
    #13734,#13735,#13736),.UNSPECIFIED.,.F.,.F.,(4,1,1,1,1,1,1,1,1,1,1,1
    ,1,1,1,1,1,1,1,1,1,1,4),(4.336808689942E-19,9.306746514818E-05,
    1.861349302964E-04,2.792023954445E-04,3.722698605927E-04,
    4.653373257409E-04,5.584047908891E-04,6.514722560372E-04,
    7.445397211854E-04,8.376071863336E-04,9.306746514818E-04,
    1.02374211663E-03,1.116809581778E-03,1.209877046926E-03,
    1.302944512074E-03,1.396011977223E-03,1.489079442371E-03,
    1.582146907519E-03,1.675214372667E-03,1.768281837815E-03,
    1.861349302964E-03,1.954416768112E-03,2.04748423326E-03),
  .QUASI_UNIFORM_KNOTS.);
#13712 = CARTESIAN_POINT('',(2.094395102393,4.712388980385));
#13713 = CARTESIAN_POINT('',(2.102274887932,4.685100637223));
#13714 = CARTESIAN_POINT('',(2.118579618689,4.631212342789));
#13715 = CARTESIAN_POINT('',(2.144847568385,4.552064101189));
#13716 = CARTESIAN_POINT('',(2.173093448258,4.474202371743));
#13717 = CARTESIAN_POINT('',(2.20351337758,4.397287959548));
#13718 = CARTESIAN_POINT('',(2.236289406529,4.321084721142));
#13719 = CARTESIAN_POINT('',(2.271723105333,4.245258641083));
#13720 = CARTESIAN_POINT('',(2.309262650302,4.171113640305));
#13721 = CARTESIAN_POINT('',(2.349084982786,4.098194550549));
#13722 = CARTESIAN_POINT('',(2.391288857133,4.026302509772));
#13723 = CARTESIAN_POINT('',(2.435975124042,3.955235947123));
#13724 = CARTESIAN_POINT('',(2.483259068789,3.884821752825));
#13725 = CARTESIAN_POINT('',(2.533106518633,3.81504456557));
#13726 = CARTESIAN_POINT('',(2.585406434353,3.745890533125));
#13727 = CARTESIAN_POINT('',(2.640135305441,3.677251247822));
#13728 = CARTESIAN_POINT('',(2.697186259608,3.609071159501));
#13729 = CARTESIAN_POINT('',(2.756407252026,3.541301154896));
#13730 = CARTESIAN_POINT('',(2.817585734167,3.473904561589));
#13731 = CARTESIAN_POINT('',(2.880451338059,3.406850277494));
#13732 = CARTESIAN_POINT('',(2.944678532382,3.340110950472));
#13733 = CARTESIAN_POINT('',(3.009894351106,3.273661973441));
#13734 = CARTESIAN_POINT('',(3.075691072799,3.207481212584));
#13735 = CARTESIAN_POINT('',(3.119655850716,3.163529320491));
#13736 = CARTESIAN_POINT('',(3.14159265359,3.14159265359));
#13737 = ( GEOMETRIC_REPRESENTATION_CONTEXT(2) 
PARAMETRIC_REPRESENTATION_CONTEXT() REPRESENTATION_CONTEXT('2D SPACE',''
  ) );
#13738 = ORIENTED_EDGE('',*,*,#8336,.T.);
#13739 = ADVANCED_FACE('',(#13740),#5109,.T.);
#13740 = FACE_BOUND('',#13741,.T.);
#13741 = EDGE_LOOP('',(#13742,#13743,#13764,#13821,#13822,#13875));
#13742 = ORIENTED_EDGE('',*,*,#5601,.F.);
#13743 = ORIENTED_EDGE('',*,*,#13744,.F.);
#13744 = EDGE_CURVE('',#1621,#5576,#13745,.T.);
#13745 = SURFACE_CURVE('',#13746,(#13750,#13757),.PCURVE_S1.);
#13746 = LINE('',#13747,#13748);
#13747 = CARTESIAN_POINT('',(-39.23,-5.,4.));
#13748 = VECTOR('',#13749,1.);
#13749 = DIRECTION('',(0.,0.,1.));
#13750 = PCURVE('',#5109,#13751);
#13751 = DEFINITIONAL_REPRESENTATION('',(#13752),#13756);
#13752 = LINE('',#13753,#13754);
#13753 = CARTESIAN_POINT('',(0.,-5.));
#13754 = VECTOR('',#13755,1.);
#13755 = DIRECTION('',(-1.,0.));
#13756 = ( GEOMETRIC_REPRESENTATION_CONTEXT(2) 
PARAMETRIC_REPRESENTATION_CONTEXT() REPRESENTATION_CONTEXT('2D SPACE',''
  ) );
#13757 = PCURVE('',#1636,#13758);
#13758 = DEFINITIONAL_REPRESENTATION('',(#13759),#13763);
#13759 = LINE('',#13760,#13761);
#13760 = CARTESIAN_POINT('',(6.28318530718,1.));
#13761 = VECTOR('',#13762,1.);
#13762 = DIRECTION('',(0.,-1.));
#13763 = ( GEOMETRIC_REPRESENTATION_CONTEXT(2) 
PARAMETRIC_REPRESENTATION_CONTEXT() REPRESENTATION_CONTEXT('2D SPACE',''
  ) );
#13764 = ORIENTED_EDGE('',*,*,#13765,.T.);
#13765 = EDGE_CURVE('',#1621,#13426,#13766,.T.);
#13766 = SURFACE_CURVE('',#13767,(#13778,#13792),.PCURVE_S1.);
#13767 = B_SPLINE_CURVE_WITH_KNOTS('',3,(#13768,#13769,#13770,#13771,
    #13772,#13773,#13774,#13775,#13776,#13777),.UNSPECIFIED.,.F.,.F.,(4,
    2,2,2,4),(-6.324555320372E-06,5.078165051333E-04,1.021957565587E-03,
    1.536098626041E-03,2.050239686494E-03),.UNSPECIFIED.);
#13768 = CARTESIAN_POINT('',(-39.23,-5.,3.));
#13769 = CARTESIAN_POINT('',(-39.23,-4.878815486924,3.121183907146));
#13770 = CARTESIAN_POINT('',(-39.23,-4.757383330315,3.242607587782));
#13771 = CARTESIAN_POINT('',(-39.23,-4.503291121054,3.472660349361));
#13772 = CARTESIAN_POINT('',(-39.23,-4.36950482141,3.582117625477));
#13773 = CARTESIAN_POINT('',(-39.23,-4.084960646927,3.771392203724));
#13774 = CARTESIAN_POINT('',(-39.23,-3.934576491687,3.85151493818));
#13775 = CARTESIAN_POINT('',(-39.23,-3.608851968761,3.967107390128));
#13776 = CARTESIAN_POINT('',(-39.23,-3.441273874265,4.));
#13777 = CARTESIAN_POINT('',(-39.23,-3.267949192431,4.));
#13778 = PCURVE('',#5109,#13779);
#13779 = DEFINITIONAL_REPRESENTATION('',(#13780),#13791);
#13780 = B_SPLINE_CURVE_WITH_KNOTS('',3,(#13781,#13782,#13783,#13784,
    #13785,#13786,#13787,#13788,#13789,#13790),.UNSPECIFIED.,.F.,.F.,(4,
    2,2,2,4),(-6.324555320372E-06,5.078165051333E-04,1.021957565587E-03,
    1.536098626041E-03,2.050239686494E-03),.UNSPECIFIED.);
#13781 = CARTESIAN_POINT('',(1.,-5.));
#13782 = CARTESIAN_POINT('',(0.878816092854,-4.878815486924));
#13783 = CARTESIAN_POINT('',(0.757392412218,-4.757383330315));
#13784 = CARTESIAN_POINT('',(0.527339650639,-4.503291121054));
#13785 = CARTESIAN_POINT('',(0.417882374523,-4.36950482141));
#13786 = CARTESIAN_POINT('',(0.228607796276,-4.084960646927));
#13787 = CARTESIAN_POINT('',(0.14848506182,-3.934576491687));
#13788 = CARTESIAN_POINT('',(3.289260987207E-02,-3.608851968762));
#13789 = CARTESIAN_POINT('',(8.881784197001E-16,-3.441273874265));
#13790 = CARTESIAN_POINT('',(0.,-3.267949192431));
#13791 = ( GEOMETRIC_REPRESENTATION_CONTEXT(2) 
PARAMETRIC_REPRESENTATION_CONTEXT() REPRESENTATION_CONTEXT('2D SPACE',''
  ) );
#13792 = PCURVE('',#1663,#13793);
#13793 = DEFINITIONAL_REPRESENTATION('',(#13794),#13820);
#13794 = B_SPLINE_CURVE_WITH_KNOTS('',3,(#13795,#13796,#13797,#13798,
    #13799,#13800,#13801,#13802,#13803,#13804,#13805,#13806,#13807,
    #13808,#13809,#13810,#13811,#13812,#13813,#13814,#13815,#13816,
    #13817,#13818,#13819),.UNSPECIFIED.,.F.,.F.,(4,1,1,1,1,1,1,1,1,1,1,1
    ,1,1,1,1,1,1,1,1,1,1,4),(-6.324555320372E-06,8.715563748938E-05,
    1.806358302991E-04,2.741160231089E-04,3.675962159186E-04,
    4.610764087284E-04,5.545566015381E-04,6.480367943479E-04,
    7.415169871576E-04,8.349971799674E-04,9.284773727771E-04,
    1.021957565587E-03,1.115437758397E-03,1.208917951206E-03,
    1.302398144016E-03,1.395878336826E-03,1.489358529636E-03,
    1.582838722445E-03,1.676318915255E-03,1.769799108065E-03,
    1.863279300875E-03,1.956759493684E-03,2.050239686494E-03),
  .UNSPECIFIED.);
#13795 = CARTESIAN_POINT('',(0.,3.14159265359));
#13796 = CARTESIAN_POINT('',(2.203464553087E-02,3.163626289245));
#13797 = CARTESIAN_POINT('',(6.61164985957E-02,3.207708693877));
#13798 = CARTESIAN_POINT('',(0.1319074303,3.273930450923));
#13799 = CARTESIAN_POINT('',(0.196989173345,3.340302261964));
#13800 = CARTESIAN_POINT('',(0.261011710987,3.406878992746));
#13801 = CARTESIAN_POINT('',(0.323660161902,3.473724011806));
#13802 = CARTESIAN_POINT('',(0.384650187425,3.540892115262));
#13803 = CARTESIAN_POINT('',(0.443914607766,3.608629501774));
#13804 = CARTESIAN_POINT('',(0.501110820195,3.676895997144));
#13805 = CARTESIAN_POINT('',(0.556015053639,3.7456900869));
#13806 = CARTESIAN_POINT('',(0.60845846321,3.81500544069));
#13807 = CARTESIAN_POINT('',(0.658350548198,3.884845849924));
#13808 = CARTESIAN_POINT('',(0.705621217946,3.955241991925));
#13809 = CARTESIAN_POINT('',(0.750309827335,4.026312282262));
#13810 = CARTESIAN_POINT('',(0.792511960374,4.09820221443));
#13811 = CARTESIAN_POINT('',(0.832333744624,4.17112075482));
#13812 = CARTESIAN_POINT('',(0.869872516361,4.245264776662));
#13813 = CARTESIAN_POINT('',(0.905305592588,4.321089975531));
#13814 = CARTESIAN_POINT('',(0.938081027666,4.397292236461));
#13815 = CARTESIAN_POINT('',(0.968500427851,4.474205631234));
#13816 = CARTESIAN_POINT('',(0.996745837126,4.552066302008));
#13817 = CARTESIAN_POINT('',(1.023013376985,4.63121345646));
#13818 = CARTESIAN_POINT('',(1.039317873345,4.685101010303));
#13819 = CARTESIAN_POINT('',(1.047197551197,4.712388980385));
#13820 = ( GEOMETRIC_REPRESENTATION_CONTEXT(2) 
PARAMETRIC_REPRESENTATION_CONTEXT() REPRESENTATION_CONTEXT('2D SPACE',''
  ) );
#13821 = ORIENTED_EDGE('',*,*,#13425,.T.);
#13822 = ORIENTED_EDGE('',*,*,#13823,.T.);
#13823 = EDGE_CURVE('',#13428,#5068,#13824,.T.);
#13824 = SURFACE_CURVE('',#13825,(#13834,#13846),.PCURVE_S1.);
#13825 = B_SPLINE_CURVE_WITH_KNOTS('',3,(#13826,#13827,#13828,#13829,
    #13830,#13831,#13832,#13833),.UNSPECIFIED.,.F.,.F.,(4,2,2,4),(0.,
    5.11871058315E-04,1.02374211663E-03,2.04748423326E-03),
  .UNSPECIFIED.);
#13826 = CARTESIAN_POINT('',(-39.23,3.267949192431,4.));
#13827 = CARTESIAN_POINT('',(-39.23,3.441276245406,4.));
#13828 = CARTESIAN_POINT('',(-39.23,3.6088567724,3.967106430756));
#13829 = CARTESIAN_POINT('',(-39.23,3.934585056104,3.851511153493));
#13830 = CARTESIAN_POINT('',(-39.23,4.084970830306,3.771386538621));
#13831 = CARTESIAN_POINT('',(-39.23,4.511791575796,3.48746836239));
#13832 = CARTESIAN_POINT('',(-39.23,4.758701065794,3.241297727696));
#13833 = CARTESIAN_POINT('',(-39.23,5.,3.));
#13834 = PCURVE('',#5109,#13835);
#13835 = DEFINITIONAL_REPRESENTATION('',(#13836),#13845);
#13836 = B_SPLINE_CURVE_WITH_KNOTS('',3,(#13837,#13838,#13839,#13840,
    #13841,#13842,#13843,#13844),.UNSPECIFIED.,.F.,.F.,(4,2,2,4),(0.,
    5.11871058315E-04,1.02374211663E-03,2.04748423326E-03),
  .UNSPECIFIED.);
#13837 = CARTESIAN_POINT('',(0.,3.267949192431));
#13838 = CARTESIAN_POINT('',(-8.881784197001E-16,3.441276245406));
#13839 = CARTESIAN_POINT('',(3.289356924358E-02,3.6088567724));
#13840 = CARTESIAN_POINT('',(0.148488846507,3.934585056104));
#13841 = CARTESIAN_POINT('',(0.228613461379,4.084970830306));
#13842 = CARTESIAN_POINT('',(0.51253163761,4.511791575796));
#13843 = CARTESIAN_POINT('',(0.758702272304,4.758701065794));
#13844 = CARTESIAN_POINT('',(1.,5.));
#13845 = ( GEOMETRIC_REPRESENTATION_CONTEXT(2) 
PARAMETRIC_REPRESENTATION_CONTEXT() REPRESENTATION_CONTEXT('2D SPACE',''
  ) );
#13846 = PCURVE('',#8824,#13847);
#13847 = DEFINITIONAL_REPRESENTATION('',(#13848),#13874);
#13848 = B_SPLINE_CURVE_WITH_KNOTS('',3,(#13849,#13850,#13851,#13852,
    #13853,#13854,#13855,#13856,#13857,#13858,#13859,#13860,#13861,
    #13862,#13863,#13864,#13865,#13866,#13867,#13868,#13869,#13870,
    #13871,#13872,#13873),.UNSPECIFIED.,.F.,.F.,(4,1,1,1,1,1,1,1,1,1,1,1
    ,1,1,1,1,1,1,1,1,1,1,4),(0.,9.306746514818E-05,1.861349302964E-04,
    2.792023954445E-04,3.722698605927E-04,4.653373257409E-04,
    5.584047908891E-04,6.514722560372E-04,7.445397211854E-04,
    8.376071863336E-04,9.306746514818E-04,1.02374211663E-03,
    1.116809581778E-03,1.209877046926E-03,1.302944512074E-03,
    1.396011977223E-03,1.489079442371E-03,1.582146907519E-03,
    1.675214372667E-03,1.768281837815E-03,1.861349302964E-03,
    1.954416768112E-03,2.04748423326E-03),.QUASI_UNIFORM_KNOTS.);
#13849 = CARTESIAN_POINT('',(5.235987755983,4.712388980385));
#13850 = CARTESIAN_POINT('',(5.243867541522,4.685100637223));
#13851 = CARTESIAN_POINT('',(5.260172272279,4.631212342789));
#13852 = CARTESIAN_POINT('',(5.286440221974,4.552064101189));
#13853 = CARTESIAN_POINT('',(5.314686101848,4.474202371743));
#13854 = CARTESIAN_POINT('',(5.345106031169,4.397287959548));
#13855 = CARTESIAN_POINT('',(5.377882060119,4.321084721142));
#13856 = CARTESIAN_POINT('',(5.413315758923,4.245258641083));
#13857 = CARTESIAN_POINT('',(5.450855303892,4.171113640305));
#13858 = CARTESIAN_POINT('',(5.490677636376,4.098194550549));
#13859 = CARTESIAN_POINT('',(5.532881510723,4.026302509772));
#13860 = CARTESIAN_POINT('',(5.577567777632,3.955235947123));
#13861 = CARTESIAN_POINT('',(5.624851722379,3.884821752825));
#13862 = CARTESIAN_POINT('',(5.674699172223,3.81504456557));
#13863 = CARTESIAN_POINT('',(5.726999087942,3.745890533125));
#13864 = CARTESIAN_POINT('',(5.781727959031,3.677251247822));
#13865 = CARTESIAN_POINT('',(5.838778913198,3.609071159501));
#13866 = CARTESIAN_POINT('',(5.897999905616,3.541301154896));
#13867 = CARTESIAN_POINT('',(5.959178387756,3.473904561589));
#13868 = CARTESIAN_POINT('',(6.022043991649,3.406850277494));
#13869 = CARTESIAN_POINT('',(6.086271185971,3.340110950472));
#13870 = CARTESIAN_POINT('',(6.151487004695,3.273661973441));
#13871 = CARTESIAN_POINT('',(6.217283726389,3.207481212584));
#13872 = CARTESIAN_POINT('',(6.261248504306,3.163529320491));
#13873 = CARTESIAN_POINT('',(6.28318530718,3.14159265359));
#13874 = ( GEOMETRIC_REPRESENTATION_CONTEXT(2) 
PARAMETRIC_REPRESENTATION_CONTEXT() REPRESENTATION_CONTEXT('2D SPACE',''
  ) );
#13875 = ORIENTED_EDGE('',*,*,#5095,.T.);
#13876 = ADVANCED_FACE('',(#13877),#13891,.F.);
#13877 = FACE_BOUND('',#13878,.T.);
#13878 = EDGE_LOOP('',(#13879,#13909,#13933,#13961,#13985,#14008,#14032,
    #14055));
#13879 = ORIENTED_EDGE('',*,*,#13880,.F.);
#13880 = EDGE_CURVE('',#13881,#13883,#13885,.T.);
#13881 = VERTEX_POINT('',#13882);
#13882 = CARTESIAN_POINT('',(-69.23,-3.267949192431,4.));
#13883 = VERTEX_POINT('',#13884);
#13884 = CARTESIAN_POINT('',(-69.23,3.267949192431,4.));
#13885 = SURFACE_CURVE('',#13886,(#13890,#13902),.PCURVE_S1.);
#13886 = LINE('',#13887,#13888);
#13887 = CARTESIAN_POINT('',(-69.23,1.11297029605E-14,4.));
#13888 = VECTOR('',#13889,1.);
#13889 = DIRECTION('',(0.,1.,0.));
#13890 = PCURVE('',#13891,#13896);
#13891 = PLANE('',#13892);
#13892 = AXIS2_PLACEMENT_3D('',#13893,#13894,#13895);
#13893 = CARTESIAN_POINT('',(-120.,1.734723475977E-14,4.));
#13894 = DIRECTION('',(0.,0.,-1.));
#13895 = DIRECTION('',(-1.,0.,-0.));
#13896 = DEFINITIONAL_REPRESENTATION('',(#13897),#13901);
#13897 = LINE('',#13898,#13899);
#13898 = CARTESIAN_POINT('',(-50.77,-6.217531799271E-15));
#13899 = VECTOR('',#13900,1.);
#13900 = DIRECTION('',(0.,1.));
#13901 = ( GEOMETRIC_REPRESENTATION_CONTEXT(2) 
PARAMETRIC_REPRESENTATION_CONTEXT() REPRESENTATION_CONTEXT('2D SPACE',''
  ) );
#13902 = PCURVE('',#5258,#13903);
#13903 = DEFINITIONAL_REPRESENTATION('',(#13904),#13908);
#13904 = LINE('',#13905,#13906);
#13905 = CARTESIAN_POINT('',(0.,0.));
#13906 = VECTOR('',#13907,1.);
#13907 = DIRECTION('',(0.,1.));
#13908 = ( GEOMETRIC_REPRESENTATION_CONTEXT(2) 
PARAMETRIC_REPRESENTATION_CONTEXT() REPRESENTATION_CONTEXT('2D SPACE',''
  ) );
#13909 = ORIENTED_EDGE('',*,*,#13910,.T.);
#13910 = EDGE_CURVE('',#13881,#13911,#13913,.T.);
#13911 = VERTEX_POINT('',#13912);
#13912 = CARTESIAN_POINT('',(-68.23,-3.,4.));
#13913 = SURFACE_CURVE('',#13914,(#13919,#13926),.PCURVE_S1.);
#13914 = CIRCLE('',#13915,2.);
#13915 = AXIS2_PLACEMENT_3D('',#13916,#13917,#13918);
#13916 = CARTESIAN_POINT('',(-68.23,-5.,4.));
#13917 = DIRECTION('',(0.,0.,-1.));
#13918 = DIRECTION('',(-1.,0.,0.));
#13919 = PCURVE('',#13891,#13920);
#13920 = DEFINITIONAL_REPRESENTATION('',(#13921),#13925);
#13921 = CIRCLE('',#13922,2.);
#13922 = AXIS2_PLACEMENT_2D('',#13923,#13924);
#13923 = CARTESIAN_POINT('',(-51.77,-5.));
#13924 = DIRECTION('',(1.,0.));
#13925 = ( GEOMETRIC_REPRESENTATION_CONTEXT(2) 
PARAMETRIC_REPRESENTATION_CONTEXT() REPRESENTATION_CONTEXT('2D SPACE',''
  ) );
#13926 = PCURVE('',#1541,#13927);
#13927 = DEFINITIONAL_REPRESENTATION('',(#13928),#13932);
#13928 = LINE('',#13929,#13930);
#13929 = CARTESIAN_POINT('',(1.554312234475E-15,4.712388980385));
#13930 = VECTOR('',#13931,1.);
#13931 = DIRECTION('',(1.,3.392591660228E-15));
#13932 = ( GEOMETRIC_REPRESENTATION_CONTEXT(2) 
PARAMETRIC_REPRESENTATION_CONTEXT() REPRESENTATION_CONTEXT('2D SPACE',''
  ) );
#13933 = ORIENTED_EDGE('',*,*,#13934,.T.);
#13934 = EDGE_CURVE('',#13911,#13935,#13937,.T.);
#13935 = VERTEX_POINT('',#13936);
#13936 = CARTESIAN_POINT('',(-62.23,-3.,4.));
#13937 = SURFACE_CURVE('',#13938,(#13942,#13949),.PCURVE_S1.);
#13938 = LINE('',#13939,#13940);
#13939 = CARTESIAN_POINT('',(-62.23,-3.,4.));
#13940 = VECTOR('',#13941,1.);
#13941 = DIRECTION('',(1.,1.445602896647E-16,0.));
#13942 = PCURVE('',#13891,#13943);
#13943 = DEFINITIONAL_REPRESENTATION('',(#13944),#13948);
#13944 = LINE('',#13945,#13946);
#13945 = CARTESIAN_POINT('',(-57.77,-3.));
#13946 = VECTOR('',#13947,1.);
#13947 = DIRECTION('',(-1.,1.445602896647E-16));
#13948 = ( GEOMETRIC_REPRESENTATION_CONTEXT(2) 
PARAMETRIC_REPRESENTATION_CONTEXT() REPRESENTATION_CONTEXT('2D SPACE',''
  ) );
#13949 = PCURVE('',#13950,#13955);
#13950 = CYLINDRICAL_SURFACE('',#13951,1.);
#13951 = AXIS2_PLACEMENT_3D('',#13952,#13953,#13954);
#13952 = CARTESIAN_POINT('',(-120.,-3.,3.));
#13953 = DIRECTION('',(-1.,-1.445602896647E-16,0.));
#13954 = DIRECTION('',(1.445602896647E-16,-1.,0.));
#13955 = DEFINITIONAL_REPRESENTATION('',(#13956),#13960);
#13956 = LINE('',#13957,#13958);
#13957 = CARTESIAN_POINT('',(1.570796326795,-57.77));
#13958 = VECTOR('',#13959,1.);
#13959 = DIRECTION('',(0.,-1.));
#13960 = ( GEOMETRIC_REPRESENTATION_CONTEXT(2) 
PARAMETRIC_REPRESENTATION_CONTEXT() REPRESENTATION_CONTEXT('2D SPACE',''
  ) );
#13961 = ORIENTED_EDGE('',*,*,#13962,.T.);
#13962 = EDGE_CURVE('',#13935,#13963,#13965,.T.);
#13963 = VERTEX_POINT('',#13964);
#13964 = CARTESIAN_POINT('',(-61.23,-3.267949192431,4.));
#13965 = SURFACE_CURVE('',#13966,(#13971,#13978),.PCURVE_S1.);
#13966 = CIRCLE('',#13967,2.);
#13967 = AXIS2_PLACEMENT_3D('',#13968,#13969,#13970);
#13968 = CARTESIAN_POINT('',(-62.23,-5.,4.));
#13969 = DIRECTION('',(0.,0.,-1.));
#13970 = DIRECTION('',(-1.,0.,0.));
#13971 = PCURVE('',#13891,#13972);
#13972 = DEFINITIONAL_REPRESENTATION('',(#13973),#13977);
#13973 = CIRCLE('',#13974,2.);
#13974 = AXIS2_PLACEMENT_2D('',#13975,#13976);
#13975 = CARTESIAN_POINT('',(-57.77,-5.));
#13976 = DIRECTION('',(1.,0.));
#13977 = ( GEOMETRIC_REPRESENTATION_CONTEXT(2) 
PARAMETRIC_REPRESENTATION_CONTEXT() REPRESENTATION_CONTEXT('2D SPACE',''
  ) );
#13978 = PCURVE('',#5292,#13979);
#13979 = DEFINITIONAL_REPRESENTATION('',(#13980),#13984);
#13980 = LINE('',#13981,#13982);
#13981 = CARTESIAN_POINT('',(0.,4.712388980385));
#13982 = VECTOR('',#13983,1.);
#13983 = DIRECTION('',(1.,1.696295830114E-15));
#13984 = ( GEOMETRIC_REPRESENTATION_CONTEXT(2) 
PARAMETRIC_REPRESENTATION_CONTEXT() REPRESENTATION_CONTEXT('2D SPACE',''
  ) );
#13985 = ORIENTED_EDGE('',*,*,#13986,.F.);
#13986 = EDGE_CURVE('',#13987,#13963,#13989,.T.);
#13987 = VERTEX_POINT('',#13988);
#13988 = CARTESIAN_POINT('',(-61.23,3.267949192431,4.));
#13989 = SURFACE_CURVE('',#13990,(#13994,#14001),.PCURVE_S1.);
#13990 = LINE('',#13991,#13992);
#13991 = CARTESIAN_POINT('',(-61.23,5.,4.));
#13992 = VECTOR('',#13993,1.);
#13993 = DIRECTION('',(0.,-1.,0.));
#13994 = PCURVE('',#13891,#13995);
#13995 = DEFINITIONAL_REPRESENTATION('',(#13996),#14000);
#13996 = LINE('',#13997,#13998);
#13997 = CARTESIAN_POINT('',(-58.77,5.));
#13998 = VECTOR('',#13999,1.);
#13999 = DIRECTION('',(-0.,-1.));
#14000 = ( GEOMETRIC_REPRESENTATION_CONTEXT(2) 
PARAMETRIC_REPRESENTATION_CONTEXT() REPRESENTATION_CONTEXT('2D SPACE',''
  ) );
#14001 = PCURVE('',#5320,#14002);
#14002 = DEFINITIONAL_REPRESENTATION('',(#14003),#14007);
#14003 = LINE('',#14004,#14005);
#14004 = CARTESIAN_POINT('',(0.,0.));
#14005 = VECTOR('',#14006,1.);
#14006 = DIRECTION('',(0.,-1.));
#14007 = ( GEOMETRIC_REPRESENTATION_CONTEXT(2) 
PARAMETRIC_REPRESENTATION_CONTEXT() REPRESENTATION_CONTEXT('2D SPACE',''
  ) );
#14008 = ORIENTED_EDGE('',*,*,#14009,.T.);
#14009 = EDGE_CURVE('',#13987,#14010,#14012,.T.);
#14010 = VERTEX_POINT('',#14011);
#14011 = CARTESIAN_POINT('',(-62.23,3.,4.));
#14012 = SURFACE_CURVE('',#14013,(#14018,#14025),.PCURVE_S1.);
#14013 = CIRCLE('',#14014,2.);
#14014 = AXIS2_PLACEMENT_3D('',#14015,#14016,#14017);
#14015 = CARTESIAN_POINT('',(-62.23,5.,4.));
#14016 = DIRECTION('',(0.,0.,-1.));
#14017 = DIRECTION('',(-1.,0.,0.));
#14018 = PCURVE('',#13891,#14019);
#14019 = DEFINITIONAL_REPRESENTATION('',(#14020),#14024);
#14020 = CIRCLE('',#14021,2.);
#14021 = AXIS2_PLACEMENT_2D('',#14022,#14023);
#14022 = CARTESIAN_POINT('',(-57.77,5.));
#14023 = DIRECTION('',(1.,0.));
#14024 = ( GEOMETRIC_REPRESENTATION_CONTEXT(2) 
PARAMETRIC_REPRESENTATION_CONTEXT() REPRESENTATION_CONTEXT('2D SPACE',''
  ) );
#14025 = PCURVE('',#11748,#14026);
#14026 = DEFINITIONAL_REPRESENTATION('',(#14027),#14031);
#14027 = LINE('',#14028,#14029);
#14028 = CARTESIAN_POINT('',(-8.881784197001E-16,4.712388980385));
#14029 = VECTOR('',#14030,1.);
#14030 = DIRECTION('',(1.,-1.696295830114E-15));
#14031 = ( GEOMETRIC_REPRESENTATION_CONTEXT(2) 
PARAMETRIC_REPRESENTATION_CONTEXT() REPRESENTATION_CONTEXT('2D SPACE',''
  ) );
#14032 = ORIENTED_EDGE('',*,*,#14033,.T.);
#14033 = EDGE_CURVE('',#14010,#14034,#14036,.T.);
#14034 = VERTEX_POINT('',#14035);
#14035 = CARTESIAN_POINT('',(-68.23,3.,4.));
#14036 = SURFACE_CURVE('',#14037,(#14041,#14048),.PCURVE_S1.);
#14037 = LINE('',#14038,#14039);
#14038 = CARTESIAN_POINT('',(-120.,3.,4.));
#14039 = VECTOR('',#14040,1.);
#14040 = DIRECTION('',(-1.,1.445602896647E-16,-0.));
#14041 = PCURVE('',#13891,#14042);
#14042 = DEFINITIONAL_REPRESENTATION('',(#14043),#14047);
#14043 = LINE('',#14044,#14045);
#14044 = CARTESIAN_POINT('',(0.,3.));
#14045 = VECTOR('',#14046,1.);
#14046 = DIRECTION('',(1.,1.445602896647E-16));
#14047 = ( GEOMETRIC_REPRESENTATION_CONTEXT(2) 
PARAMETRIC_REPRESENTATION_CONTEXT() REPRESENTATION_CONTEXT('2D SPACE',''
  ) );
#14048 = PCURVE('',#11894,#14049);
#14049 = DEFINITIONAL_REPRESENTATION('',(#14050),#14054);
#14050 = LINE('',#14051,#14052);
#14051 = CARTESIAN_POINT('',(1.570796326795,-57.77));
#14052 = VECTOR('',#14053,1.);
#14053 = DIRECTION('',(0.,-1.));
#14054 = ( GEOMETRIC_REPRESENTATION_CONTEXT(2) 
PARAMETRIC_REPRESENTATION_CONTEXT() REPRESENTATION_CONTEXT('2D SPACE',''
  ) );
#14055 = ORIENTED_EDGE('',*,*,#14056,.T.);
#14056 = EDGE_CURVE('',#14034,#13883,#14057,.T.);
#14057 = SURFACE_CURVE('',#14058,(#14063,#14070),.PCURVE_S1.);
#14058 = CIRCLE('',#14059,2.);
#14059 = AXIS2_PLACEMENT_3D('',#14060,#14061,#14062);
#14060 = CARTESIAN_POINT('',(-68.23,5.,4.));
#14061 = DIRECTION('',(0.,0.,-1.));
#14062 = DIRECTION('',(-1.,0.,0.));
#14063 = PCURVE('',#13891,#14064);
#14064 = DEFINITIONAL_REPRESENTATION('',(#14065),#14069);
#14065 = CIRCLE('',#14066,2.);
#14066 = AXIS2_PLACEMENT_2D('',#14067,#14068);
#14067 = CARTESIAN_POINT('',(-51.77,5.));
#14068 = DIRECTION('',(1.,0.));
#14069 = ( GEOMETRIC_REPRESENTATION_CONTEXT(2) 
PARAMETRIC_REPRESENTATION_CONTEXT() REPRESENTATION_CONTEXT('2D SPACE',''
  ) );
#14070 = PCURVE('',#8741,#14071);
#14071 = DEFINITIONAL_REPRESENTATION('',(#14072),#14076);
#14072 = LINE('',#14073,#14074);
#14073 = CARTESIAN_POINT('',(0.,4.712388980385));
#14074 = VECTOR('',#14075,1.);
#14075 = DIRECTION('',(1.,-3.392591660228E-15));
#14076 = ( GEOMETRIC_REPRESENTATION_CONTEXT(2) 
PARAMETRIC_REPRESENTATION_CONTEXT() REPRESENTATION_CONTEXT('2D SPACE',''
  ) );
#14077 = ADVANCED_FACE('',(#14078),#5320,.T.);
#14078 = FACE_BOUND('',#14079,.T.);
#14079 = EDGE_LOOP('',(#14080,#14081,#14082,#14139,#14140,#14193));
#14080 = ORIENTED_EDGE('',*,*,#5530,.F.);
#14081 = ORIENTED_EDGE('',*,*,#11708,.F.);
#14082 = ORIENTED_EDGE('',*,*,#14083,.T.);
#14083 = EDGE_CURVE('',#11709,#13987,#14084,.T.);
#14084 = SURFACE_CURVE('',#14085,(#14096,#14110),.PCURVE_S1.);
#14085 = B_SPLINE_CURVE_WITH_KNOTS('',3,(#14086,#14087,#14088,#14089,
    #14090,#14091,#14092,#14093,#14094,#14095),.UNSPECIFIED.,.F.,.F.,(4,
    2,2,2,4),(-6.324555320372E-06,5.078165051333E-04,1.021957565587E-03,
    1.536098626041E-03,2.050239686494E-03),.UNSPECIFIED.);
#14086 = CARTESIAN_POINT('',(-61.23,5.,3.));
#14087 = CARTESIAN_POINT('',(-61.23,4.878815486924,3.121183907146));
#14088 = CARTESIAN_POINT('',(-61.23,4.757383330315,3.242607587782));
#14089 = CARTESIAN_POINT('',(-61.23,4.503291121054,3.472660349361));
#14090 = CARTESIAN_POINT('',(-61.23,4.36950482141,3.582117625477));
#14091 = CARTESIAN_POINT('',(-61.23,4.084960646927,3.771392203724));
#14092 = CARTESIAN_POINT('',(-61.23,3.934576491687,3.85151493818));
#14093 = CARTESIAN_POINT('',(-61.23,3.608851968762,3.967107390128));
#14094 = CARTESIAN_POINT('',(-61.23,3.441273874265,4.));
#14095 = CARTESIAN_POINT('',(-61.23,3.267949192431,4.));
#14096 = PCURVE('',#5320,#14097);
#14097 = DEFINITIONAL_REPRESENTATION('',(#14098),#14109);
#14098 = B_SPLINE_CURVE_WITH_KNOTS('',3,(#14099,#14100,#14101,#14102,
    #14103,#14104,#14105,#14106,#14107,#14108),.UNSPECIFIED.,.F.,.F.,(4,
    2,2,2,4),(-6.324555320372E-06,5.078165051333E-04,1.021957565587E-03,
    1.536098626041E-03,2.050239686494E-03),.UNSPECIFIED.);
#14099 = CARTESIAN_POINT('',(-1.,0.));
#14100 = CARTESIAN_POINT('',(-0.878816092854,-0.121184513076));
#14101 = CARTESIAN_POINT('',(-0.757392412218,-0.242616669685));
#14102 = CARTESIAN_POINT('',(-0.527339650639,-0.496708878946));
#14103 = CARTESIAN_POINT('',(-0.417882374523,-0.63049517859));
#14104 = CARTESIAN_POINT('',(-0.228607796276,-0.915039353073));
#14105 = CARTESIAN_POINT('',(-0.14848506182,-1.065423508313));
#14106 = CARTESIAN_POINT('',(-3.289260987207E-02,-1.391148031238));
#14107 = CARTESIAN_POINT('',(-8.881784197001E-16,-1.558726125735));
#14108 = CARTESIAN_POINT('',(0.,-1.732050807569));
#14109 = ( GEOMETRIC_REPRESENTATION_CONTEXT(2) 
PARAMETRIC_REPRESENTATION_CONTEXT() REPRESENTATION_CONTEXT('2D SPACE',''
  ) );
#14110 = PCURVE('',#11748,#14111);
#14111 = DEFINITIONAL_REPRESENTATION('',(#14112),#14138);
#14112 = B_SPLINE_CURVE_WITH_KNOTS('',3,(#14113,#14114,#14115,#14116,
    #14117,#14118,#14119,#14120,#14121,#14122,#14123,#14124,#14125,
    #14126,#14127,#14128,#14129,#14130,#14131,#14132,#14133,#14134,
    #14135,#14136,#14137),.UNSPECIFIED.,.F.,.F.,(4,1,1,1,1,1,1,1,1,1,1,1
    ,1,1,1,1,1,1,1,1,1,1,4),(-6.324555320372E-06,8.715563748938E-05,
    1.806358302991E-04,2.741160231089E-04,3.675962159186E-04,
    4.610764087284E-04,5.545566015381E-04,6.480367943479E-04,
    7.415169871576E-04,8.349971799674E-04,9.284773727771E-04,
    1.021957565587E-03,1.115437758397E-03,1.208917951206E-03,
    1.302398144016E-03,1.395878336826E-03,1.489358529636E-03,
    1.582838722445E-03,1.676318915255E-03,1.769799108065E-03,
    1.863279300875E-03,1.956759493684E-03,2.050239686494E-03),
  .UNSPECIFIED.);
#14113 = CARTESIAN_POINT('',(3.14159265359,3.14159265359));
#14114 = CARTESIAN_POINT('',(3.163627299121,3.163626289245));
#14115 = CARTESIAN_POINT('',(3.207709152185,3.207708693877));
#14116 = CARTESIAN_POINT('',(3.27350008389,3.273930450923));
#14117 = CARTESIAN_POINT('',(3.338581826935,3.340302261964));
#14118 = CARTESIAN_POINT('',(3.402604364577,3.406878992746));
#14119 = CARTESIAN_POINT('',(3.465252815492,3.473724011806));
#14120 = CARTESIAN_POINT('',(3.526242841015,3.540892115262));
#14121 = CARTESIAN_POINT('',(3.585507261356,3.608629501774));
#14122 = CARTESIAN_POINT('',(3.642703473785,3.676895997144));
#14123 = CARTESIAN_POINT('',(3.697607707228,3.7456900869));
#14124 = CARTESIAN_POINT('',(3.7500511168,3.81500544069));
#14125 = CARTESIAN_POINT('',(3.799943201788,3.884845849924));
#14126 = CARTESIAN_POINT('',(3.847213871535,3.955241991925));
#14127 = CARTESIAN_POINT('',(3.891902480925,4.026312282262));
#14128 = CARTESIAN_POINT('',(3.934104613964,4.09820221443));
#14129 = CARTESIAN_POINT('',(3.973926398214,4.17112075482));
#14130 = CARTESIAN_POINT('',(4.011465169951,4.245264776662));
#14131 = CARTESIAN_POINT('',(4.046898246178,4.321089975531));
#14132 = CARTESIAN_POINT('',(4.079673681256,4.397292236461));
#14133 = CARTESIAN_POINT('',(4.110093081441,4.474205631234));
#14134 = CARTESIAN_POINT('',(4.138338490716,4.552066302008));
#14135 = CARTESIAN_POINT('',(4.164606030575,4.63121345646));
#14136 = CARTESIAN_POINT('',(4.180910526935,4.685101010303));
#14137 = CARTESIAN_POINT('',(4.188790204786,4.712388980385));
#14138 = ( GEOMETRIC_REPRESENTATION_CONTEXT(2) 
PARAMETRIC_REPRESENTATION_CONTEXT() REPRESENTATION_CONTEXT('2D SPACE',''
  ) );
#14139 = ORIENTED_EDGE('',*,*,#13986,.T.);
#14140 = ORIENTED_EDGE('',*,*,#14141,.T.);
#14141 = EDGE_CURVE('',#13963,#5274,#14142,.T.);
#14142 = SURFACE_CURVE('',#14143,(#14152,#14164),.PCURVE_S1.);
#14143 = B_SPLINE_CURVE_WITH_KNOTS('',3,(#14144,#14145,#14146,#14147,
    #14148,#14149,#14150,#14151),.UNSPECIFIED.,.F.,.F.,(4,2,2,4),(
    4.336808689942E-19,5.11871058315E-04,1.02374211663E-03,
    2.04748423326E-03),.UNSPECIFIED.);
#14144 = CARTESIAN_POINT('',(-61.23,-3.267949192431,4.));
#14145 = CARTESIAN_POINT('',(-61.23,-3.441276245406,4.));
#14146 = CARTESIAN_POINT('',(-61.23,-3.6088567724,3.967106430756));
#14147 = CARTESIAN_POINT('',(-61.23,-3.934585056104,3.851511153493));
#14148 = CARTESIAN_POINT('',(-61.23,-4.084970830306,3.771386538621));
#14149 = CARTESIAN_POINT('',(-61.23,-4.511791575796,3.48746836239));
#14150 = CARTESIAN_POINT('',(-61.23,-4.758701065794,3.241297727696));
#14151 = CARTESIAN_POINT('',(-61.23,-5.,3.));
#14152 = PCURVE('',#5320,#14153);
#14153 = DEFINITIONAL_REPRESENTATION('',(#14154),#14163);
#14154 = B_SPLINE_CURVE_WITH_KNOTS('',3,(#14155,#14156,#14157,#14158,
    #14159,#14160,#14161,#14162),.UNSPECIFIED.,.F.,.F.,(4,2,2,4),(
    4.336808689942E-19,5.11871058315E-04,1.02374211663E-03,
    2.04748423326E-03),.UNSPECIFIED.);
#14155 = CARTESIAN_POINT('',(0.,-8.267949192431));
#14156 = CARTESIAN_POINT('',(8.881784197001E-16,-8.441276245406));
#14157 = CARTESIAN_POINT('',(-3.289356924358E-02,-8.6088567724));
#14158 = CARTESIAN_POINT('',(-0.148488846507,-8.934585056104));
#14159 = CARTESIAN_POINT('',(-0.228613461379,-9.084970830306));
#14160 = CARTESIAN_POINT('',(-0.51253163761,-9.511791575796));
#14161 = CARTESIAN_POINT('',(-0.758702272304,-9.758701065794));
#14162 = CARTESIAN_POINT('',(-1.,-10.));
#14163 = ( GEOMETRIC_REPRESENTATION_CONTEXT(2) 
PARAMETRIC_REPRESENTATION_CONTEXT() REPRESENTATION_CONTEXT('2D SPACE',''
  ) );
#14164 = PCURVE('',#5292,#14165);
#14165 = DEFINITIONAL_REPRESENTATION('',(#14166),#14192);
#14166 = B_SPLINE_CURVE_WITH_KNOTS('',3,(#14167,#14168,#14169,#14170,
    #14171,#14172,#14173,#14174,#14175,#14176,#14177,#14178,#14179,
    #14180,#14181,#14182,#14183,#14184,#14185,#14186,#14187,#14188,
    #14189,#14190,#14191),.UNSPECIFIED.,.F.,.F.,(4,1,1,1,1,1,1,1,1,1,1,1
    ,1,1,1,1,1,1,1,1,1,1,4),(4.336808689942E-19,9.306746514818E-05,
    1.861349302964E-04,2.792023954445E-04,3.722698605927E-04,
    4.653373257409E-04,5.584047908891E-04,6.514722560372E-04,
    7.445397211854E-04,8.376071863336E-04,9.306746514818E-04,
    1.02374211663E-03,1.116809581778E-03,1.209877046926E-03,
    1.302944512074E-03,1.396011977223E-03,1.489079442371E-03,
    1.582146907519E-03,1.675214372667E-03,1.768281837815E-03,
    1.861349302964E-03,1.954416768112E-03,2.04748423326E-03),
  .QUASI_UNIFORM_KNOTS.);
#14167 = CARTESIAN_POINT('',(2.094395102393,4.712388980385));
#14168 = CARTESIAN_POINT('',(2.102274887932,4.685100637223));
#14169 = CARTESIAN_POINT('',(2.118579618689,4.631212342789));
#14170 = CARTESIAN_POINT('',(2.144847568385,4.552064101189));
#14171 = CARTESIAN_POINT('',(2.173093448258,4.474202371743));
#14172 = CARTESIAN_POINT('',(2.20351337758,4.397287959548));
#14173 = CARTESIAN_POINT('',(2.236289406529,4.321084721142));
#14174 = CARTESIAN_POINT('',(2.271723105333,4.245258641083));
#14175 = CARTESIAN_POINT('',(2.309262650302,4.171113640305));
#14176 = CARTESIAN_POINT('',(2.349084982786,4.098194550549));
#14177 = CARTESIAN_POINT('',(2.391288857133,4.026302509772));
#14178 = CARTESIAN_POINT('',(2.435975124042,3.955235947123));
#14179 = CARTESIAN_POINT('',(2.483259068789,3.884821752825));
#14180 = CARTESIAN_POINT('',(2.533106518633,3.81504456557));
#14181 = CARTESIAN_POINT('',(2.585406434353,3.745890533125));
#14182 = CARTESIAN_POINT('',(2.640135305441,3.677251247822));
#14183 = CARTESIAN_POINT('',(2.697186259608,3.609071159501));
#14184 = CARTESIAN_POINT('',(2.756407252026,3.541301154896));
#14185 = CARTESIAN_POINT('',(2.817585734167,3.473904561589));
#14186 = CARTESIAN_POINT('',(2.880451338059,3.406850277494));
#14187 = CARTESIAN_POINT('',(2.944678532382,3.340110950472));
#14188 = CARTESIAN_POINT('',(3.009894351106,3.273661973441));
#14189 = CARTESIAN_POINT('',(3.075691072799,3.207481212584));
#14190 = CARTESIAN_POINT('',(3.119655850716,3.163529320491));
#14191 = CARTESIAN_POINT('',(3.14159265359,3.14159265359));
#14192 = ( GEOMETRIC_REPRESENTATION_CONTEXT(2) 
PARAMETRIC_REPRESENTATION_CONTEXT() REPRESENTATION_CONTEXT('2D SPACE',''
  ) );
#14193 = ORIENTED_EDGE('',*,*,#5304,.T.);
#14194 = ADVANCED_FACE('',(#14195),#5258,.T.);
#14195 = FACE_BOUND('',#14196,.T.);
#14196 = EDGE_LOOP('',(#14197,#14198,#14219,#14276,#14277,#14330));
#14197 = ORIENTED_EDGE('',*,*,#5457,.F.);
#14198 = ORIENTED_EDGE('',*,*,#14199,.F.);
#14199 = EDGE_CURVE('',#1499,#5432,#14200,.T.);
#14200 = SURFACE_CURVE('',#14201,(#14205,#14212),.PCURVE_S1.);
#14201 = LINE('',#14202,#14203);
#14202 = CARTESIAN_POINT('',(-69.23,-5.,4.));
#14203 = VECTOR('',#14204,1.);
#14204 = DIRECTION('',(0.,0.,1.));
#14205 = PCURVE('',#5258,#14206);
#14206 = DEFINITIONAL_REPRESENTATION('',(#14207),#14211);
#14207 = LINE('',#14208,#14209);
#14208 = CARTESIAN_POINT('',(0.,-5.));
#14209 = VECTOR('',#14210,1.);
#14210 = DIRECTION('',(-1.,0.));
#14211 = ( GEOMETRIC_REPRESENTATION_CONTEXT(2) 
PARAMETRIC_REPRESENTATION_CONTEXT() REPRESENTATION_CONTEXT('2D SPACE',''
  ) );
#14212 = PCURVE('',#1514,#14213);
#14213 = DEFINITIONAL_REPRESENTATION('',(#14214),#14218);
#14214 = LINE('',#14215,#14216);
#14215 = CARTESIAN_POINT('',(6.28318530718,1.));
#14216 = VECTOR('',#14217,1.);
#14217 = DIRECTION('',(0.,-1.));
#14218 = ( GEOMETRIC_REPRESENTATION_CONTEXT(2) 
PARAMETRIC_REPRESENTATION_CONTEXT() REPRESENTATION_CONTEXT('2D SPACE',''
  ) );
#14219 = ORIENTED_EDGE('',*,*,#14220,.T.);
#14220 = EDGE_CURVE('',#1499,#13881,#14221,.T.);
#14221 = SURFACE_CURVE('',#14222,(#14233,#14247),.PCURVE_S1.);
#14222 = B_SPLINE_CURVE_WITH_KNOTS('',3,(#14223,#14224,#14225,#14226,
    #14227,#14228,#14229,#14230,#14231,#14232),.UNSPECIFIED.,.F.,.F.,(4,
    2,2,2,4),(-6.32455532036E-06,5.078165051332E-04,1.021957565587E-03,
    1.53609862604E-03,2.050239686494E-03),.UNSPECIFIED.);
#14223 = CARTESIAN_POINT('',(-69.23,-5.,3.));
#14224 = CARTESIAN_POINT('',(-69.23,-4.878815486902,3.121183907123));
#14225 = CARTESIAN_POINT('',(-69.23,-4.757383330315,3.242607587782));
#14226 = CARTESIAN_POINT('',(-69.23,-4.503291121054,3.472660349361));
#14227 = CARTESIAN_POINT('',(-69.23,-4.36950482141,3.582117625477));
#14228 = CARTESIAN_POINT('',(-69.23,-4.084960646927,3.771392203724));
#14229 = CARTESIAN_POINT('',(-69.23,-3.934576491687,3.85151493818));
#14230 = CARTESIAN_POINT('',(-69.23,-3.608851968761,3.967107390128));
#14231 = CARTESIAN_POINT('',(-69.23,-3.441273874265,4.));
#14232 = CARTESIAN_POINT('',(-69.23,-3.267949192431,4.));
#14233 = PCURVE('',#5258,#14234);
#14234 = DEFINITIONAL_REPRESENTATION('',(#14235),#14246);
#14235 = B_SPLINE_CURVE_WITH_KNOTS('',3,(#14236,#14237,#14238,#14239,
    #14240,#14241,#14242,#14243,#14244,#14245),.UNSPECIFIED.,.F.,.F.,(4,
    2,2,2,4),(-6.32455532036E-06,5.078165051332E-04,1.021957565587E-03,
    1.53609862604E-03,2.050239686494E-03),.UNSPECIFIED.);
#14236 = CARTESIAN_POINT('',(1.,-5.));
#14237 = CARTESIAN_POINT('',(0.878816092877,-4.878815486902));
#14238 = CARTESIAN_POINT('',(0.757392412218,-4.757383330315));
#14239 = CARTESIAN_POINT('',(0.527339650639,-4.503291121054));
#14240 = CARTESIAN_POINT('',(0.417882374523,-4.36950482141));
#14241 = CARTESIAN_POINT('',(0.228607796276,-4.084960646927));
#14242 = CARTESIAN_POINT('',(0.14848506182,-3.934576491687));
#14243 = CARTESIAN_POINT('',(3.289260987207E-02,-3.608851968762));
#14244 = CARTESIAN_POINT('',(8.881784197001E-16,-3.441273874265));
#14245 = CARTESIAN_POINT('',(0.,-3.267949192431));
#14246 = ( GEOMETRIC_REPRESENTATION_CONTEXT(2) 
PARAMETRIC_REPRESENTATION_CONTEXT() REPRESENTATION_CONTEXT('2D SPACE',''
  ) );
#14247 = PCURVE('',#1541,#14248);
#14248 = DEFINITIONAL_REPRESENTATION('',(#14249),#14275);
#14249 = B_SPLINE_CURVE_WITH_KNOTS('',3,(#14250,#14251,#14252,#14253,
    #14254,#14255,#14256,#14257,#14258,#14259,#14260,#14261,#14262,
    #14263,#14264,#14265,#14266,#14267,#14268,#14269,#14270,#14271,
    #14272,#14273,#14274),.UNSPECIFIED.,.F.,.F.,(4,1,1,1,1,1,1,1,1,1,1,1
    ,1,1,1,1,1,1,1,1,1,1,4),(-6.32455532036E-06,8.715563748938E-05,
    1.806358302991E-04,2.741160231089E-04,3.675962159186E-04,
    4.610764087284E-04,5.545566015381E-04,6.480367943478E-04,
    7.415169871576E-04,8.349971799673E-04,9.284773727771E-04,
    1.021957565587E-03,1.115437758397E-03,1.208917951206E-03,
    1.302398144016E-03,1.395878336826E-03,1.489358529636E-03,
    1.582838722445E-03,1.676318915255E-03,1.769799108065E-03,
    1.863279300874E-03,1.956759493684E-03,2.050239686494E-03),
  .UNSPECIFIED.);
#14250 = CARTESIAN_POINT('',(0.,3.14159265359));
#14251 = CARTESIAN_POINT('',(2.203464553499E-02,3.163626289241));
#14252 = CARTESIAN_POINT('',(6.611649860499E-02,3.207708693868));
#14253 = CARTESIAN_POINT('',(0.13190743031,3.273930450913));
#14254 = CARTESIAN_POINT('',(0.196989173353,3.340302261957));
#14255 = CARTESIAN_POINT('',(0.26101171099,3.406878992743));
#14256 = CARTESIAN_POINT('',(0.323660161902,3.473724011806));
#14257 = CARTESIAN_POINT('',(0.384650187425,3.540892115262));
#14258 = CARTESIAN_POINT('',(0.443914607766,3.608629501774));
#14259 = CARTESIAN_POINT('',(0.501110820195,3.676895997144));
#14260 = CARTESIAN_POINT('',(0.556015053639,3.7456900869));
#14261 = CARTESIAN_POINT('',(0.60845846321,3.81500544069));
#14262 = CARTESIAN_POINT('',(0.658350548198,3.884845849924));
#14263 = CARTESIAN_POINT('',(0.705621217946,3.955241991925));
#14264 = CARTESIAN_POINT('',(0.750309827335,4.026312282262));
#14265 = CARTESIAN_POINT('',(0.792511960374,4.09820221443));
#14266 = CARTESIAN_POINT('',(0.832333744624,4.17112075482));
#14267 = CARTESIAN_POINT('',(0.869872516361,4.245264776662));
#14268 = CARTESIAN_POINT('',(0.905305592588,4.321089975531));
#14269 = CARTESIAN_POINT('',(0.938081027666,4.397292236461));
#14270 = CARTESIAN_POINT('',(0.968500427851,4.474205631234));
#14271 = CARTESIAN_POINT('',(0.996745837126,4.552066302008));
#14272 = CARTESIAN_POINT('',(1.023013376985,4.63121345646));
#14273 = CARTESIAN_POINT('',(1.039317873345,4.685101010303));
#14274 = CARTESIAN_POINT('',(1.047197551197,4.712388980385));
#14275 = ( GEOMETRIC_REPRESENTATION_CONTEXT(2) 
PARAMETRIC_REPRESENTATION_CONTEXT() REPRESENTATION_CONTEXT('2D SPACE',''
  ) );
#14276 = ORIENTED_EDGE('',*,*,#13880,.T.);
#14277 = ORIENTED_EDGE('',*,*,#14278,.T.);
#14278 = EDGE_CURVE('',#13883,#5217,#14279,.T.);
#14279 = SURFACE_CURVE('',#14280,(#14289,#14301),.PCURVE_S1.);
#14280 = B_SPLINE_CURVE_WITH_KNOTS('',3,(#14281,#14282,#14283,#14284,
    #14285,#14286,#14287,#14288),.UNSPECIFIED.,.F.,.F.,(4,2,2,4),(0.,
    5.11871058315E-04,1.02374211663E-03,2.04748423326E-03),
  .UNSPECIFIED.);
#14281 = CARTESIAN_POINT('',(-69.23,3.267949192431,4.));
#14282 = CARTESIAN_POINT('',(-69.23,3.441276245406,4.));
#14283 = CARTESIAN_POINT('',(-69.23,3.6088567724,3.967106430756));
#14284 = CARTESIAN_POINT('',(-69.23,3.934585056104,3.851511153493));
#14285 = CARTESIAN_POINT('',(-69.23,4.084970830306,3.771386538621));
#14286 = CARTESIAN_POINT('',(-69.23,4.511791575796,3.48746836239));
#14287 = CARTESIAN_POINT('',(-69.23,4.758701065749,3.241297727651));
#14288 = CARTESIAN_POINT('',(-69.23,5.,3.));
#14289 = PCURVE('',#5258,#14290);
#14290 = DEFINITIONAL_REPRESENTATION('',(#14291),#14300);
#14291 = B_SPLINE_CURVE_WITH_KNOTS('',3,(#14292,#14293,#14294,#14295,
    #14296,#14297,#14298,#14299),.UNSPECIFIED.,.F.,.F.,(4,2,2,4),(0.,
    5.11871058315E-04,1.02374211663E-03,2.04748423326E-03),
  .UNSPECIFIED.);
#14292 = CARTESIAN_POINT('',(0.,3.267949192431));
#14293 = CARTESIAN_POINT('',(0.,3.441276245406));
#14294 = CARTESIAN_POINT('',(3.289356924358E-02,3.6088567724));
#14295 = CARTESIAN_POINT('',(0.148488846507,3.934585056104));
#14296 = CARTESIAN_POINT('',(0.228613461379,4.084970830306));
#14297 = CARTESIAN_POINT('',(0.51253163761,4.511791575796));
#14298 = CARTESIAN_POINT('',(0.758702272349,4.758701065749));
#14299 = CARTESIAN_POINT('',(1.,5.));
#14300 = ( GEOMETRIC_REPRESENTATION_CONTEXT(2) 
PARAMETRIC_REPRESENTATION_CONTEXT() REPRESENTATION_CONTEXT('2D SPACE',''
  ) );
#14301 = PCURVE('',#8741,#14302);
#14302 = DEFINITIONAL_REPRESENTATION('',(#14303),#14329);
#14303 = B_SPLINE_CURVE_WITH_KNOTS('',3,(#14304,#14305,#14306,#14307,
    #14308,#14309,#14310,#14311,#14312,#14313,#14314,#14315,#14316,
    #14317,#14318,#14319,#14320,#14321,#14322,#14323,#14324,#14325,
    #14326,#14327,#14328),.UNSPECIFIED.,.F.,.F.,(4,1,1,1,1,1,1,1,1,1,1,1
    ,1,1,1,1,1,1,1,1,1,1,4),(0.,9.306746514818E-05,1.861349302964E-04,
    2.792023954445E-04,3.722698605927E-04,4.653373257409E-04,
    5.584047908891E-04,6.514722560373E-04,7.445397211854E-04,
    8.376071863336E-04,9.306746514818E-04,1.02374211663E-03,
    1.116809581778E-03,1.209877046926E-03,1.302944512075E-03,
    1.396011977223E-03,1.489079442371E-03,1.582146907519E-03,
    1.675214372667E-03,1.768281837815E-03,1.861349302964E-03,
    1.954416768112E-03,2.04748423326E-03),.QUASI_UNIFORM_KNOTS.);
#14304 = CARTESIAN_POINT('',(5.235987755983,4.712388980385));
#14305 = CARTESIAN_POINT('',(5.243867541522,4.685100637223));
#14306 = CARTESIAN_POINT('',(5.260172272279,4.631212342789));
#14307 = CARTESIAN_POINT('',(5.286440221974,4.552064101189));
#14308 = CARTESIAN_POINT('',(5.314686101848,4.474202371743));
#14309 = CARTESIAN_POINT('',(5.345106031169,4.397287959548));
#14310 = CARTESIAN_POINT('',(5.377882060119,4.321084721142));
#14311 = CARTESIAN_POINT('',(5.413315758923,4.245258641083));
#14312 = CARTESIAN_POINT('',(5.450855303892,4.171113640305));
#14313 = CARTESIAN_POINT('',(5.490677636375,4.098194550549));
#14314 = CARTESIAN_POINT('',(5.532881510723,4.026302509772));
#14315 = CARTESIAN_POINT('',(5.577567777632,3.955235947123));
#14316 = CARTESIAN_POINT('',(5.624851722379,3.884821752825));
#14317 = CARTESIAN_POINT('',(5.674699172222,3.81504456557));
#14318 = CARTESIAN_POINT('',(5.72699908794,3.745890533123));
#14319 = CARTESIAN_POINT('',(5.781727959026,3.677251247817));
#14320 = CARTESIAN_POINT('',(5.838778913189,3.609071159493));
#14321 = CARTESIAN_POINT('',(5.897999905603,3.541301154884));
#14322 = CARTESIAN_POINT('',(5.95917838774,3.473904561574));
#14323 = CARTESIAN_POINT('',(6.02204399163,3.406850277476));
#14324 = CARTESIAN_POINT('',(6.086271185952,3.340110950453));
#14325 = CARTESIAN_POINT('',(6.151487004679,3.273661973424));
#14326 = CARTESIAN_POINT('',(6.217283726378,3.207481212573));
#14327 = CARTESIAN_POINT('',(6.261248504302,3.163529320487));
#14328 = CARTESIAN_POINT('',(6.28318530718,3.14159265359));
#14329 = ( GEOMETRIC_REPRESENTATION_CONTEXT(2) 
PARAMETRIC_REPRESENTATION_CONTEXT() REPRESENTATION_CONTEXT('2D SPACE',''
  ) );
#14330 = ORIENTED_EDGE('',*,*,#5244,.T.);
#14331 = ADVANCED_FACE('',(#14332),#1823,.T.);
#14332 = FACE_BOUND('',#14333,.T.);
#14333 = EDGE_LOOP('',(#14334,#14335,#14356,#14357));
#14334 = ORIENTED_EDGE('',*,*,#1800,.T.);
#14335 = ORIENTED_EDGE('',*,*,#14336,.T.);
#14336 = EDGE_CURVE('',#1803,#8627,#14337,.T.);
#14337 = SURFACE_CURVE('',#14338,(#14342,#14349),.PCURVE_S1.);
#14338 = LINE('',#14339,#14340);
#14339 = CARTESIAN_POINT('',(27.77,-4.,-4.));
#14340 = VECTOR('',#14341,1.);
#14341 = DIRECTION('',(1.,1.445602896647E-16,-0.));
#14342 = PCURVE('',#1823,#14343);
#14343 = DEFINITIONAL_REPRESENTATION('',(#14344),#14348);
#14344 = LINE('',#14345,#14346);
#14345 = CARTESIAN_POINT('',(0.,-9.));
#14346 = VECTOR('',#14347,1.);
#14347 = DIRECTION('',(1.,0.));
#14348 = ( GEOMETRIC_REPRESENTATION_CONTEXT(2) 
PARAMETRIC_REPRESENTATION_CONTEXT() REPRESENTATION_CONTEXT('2D SPACE',''
  ) );
#14349 = PCURVE('',#7624,#14350);
#14350 = DEFINITIONAL_REPRESENTATION('',(#14351),#14355);
#14351 = LINE('',#14352,#14353);
#14352 = CARTESIAN_POINT('',(3.14159265359,-57.));
#14353 = VECTOR('',#14354,1.);
#14354 = DIRECTION('',(0.,1.));
#14355 = ( GEOMETRIC_REPRESENTATION_CONTEXT(2) 
PARAMETRIC_REPRESENTATION_CONTEXT() REPRESENTATION_CONTEXT('2D SPACE',''
  ) );
#14356 = ORIENTED_EDGE('',*,*,#8650,.F.);
#14357 = ORIENTED_EDGE('',*,*,#14358,.T.);
#14358 = EDGE_CURVE('',#8554,#1801,#14359,.T.);
#14359 = SURFACE_CURVE('',#14360,(#14364,#14371),.PCURVE_S1.);
#14360 = LINE('',#14361,#14362);
#14361 = CARTESIAN_POINT('',(21.77,-4.,3.));
#14362 = VECTOR('',#14363,1.);
#14363 = DIRECTION('',(-1.,-1.445602896647E-16,0.));
#14364 = PCURVE('',#1823,#14365);
#14365 = DEFINITIONAL_REPRESENTATION('',(#14366),#14370);
#14366 = LINE('',#14367,#14368);
#14367 = CARTESIAN_POINT('',(-6.,-2.));
#14368 = VECTOR('',#14369,1.);
#14369 = DIRECTION('',(-1.,0.));
#14370 = ( GEOMETRIC_REPRESENTATION_CONTEXT(2) 
PARAMETRIC_REPRESENTATION_CONTEXT() REPRESENTATION_CONTEXT('2D SPACE',''
  ) );
#14371 = PCURVE('',#12585,#14372);
#14372 = DEFINITIONAL_REPRESENTATION('',(#14373),#14377);
#14373 = LINE('',#14374,#14375);
#14374 = CARTESIAN_POINT('',(0.,-51.77));
#14375 = VECTOR('',#14376,1.);
#14376 = DIRECTION('',(0.,1.));
#14377 = ( GEOMETRIC_REPRESENTATION_CONTEXT(2) 
PARAMETRIC_REPRESENTATION_CONTEXT() REPRESENTATION_CONTEXT('2D SPACE',''
  ) );
#14378 = ADVANCED_FACE('',(#14379),#1880,.F.);
#14379 = FACE_BOUND('',#14380,.F.);
#14380 = EDGE_LOOP('',(#14381,#14405,#14426,#14427,#14428));
#14381 = ORIENTED_EDGE('',*,*,#14382,.F.);
#14382 = EDGE_CURVE('',#14383,#1836,#14385,.T.);
#14383 = VERTEX_POINT('',#14384);
#14384 = CARTESIAN_POINT('',(21.77,-6.,-4.));
#14385 = SURFACE_CURVE('',#14386,(#14391,#14398),.PCURVE_S1.);
#14386 = CIRCLE('',#14387,1.);
#14387 = AXIS2_PLACEMENT_3D('',#14388,#14389,#14390);
#14388 = CARTESIAN_POINT('',(21.77,-5.,-4.));
#14389 = DIRECTION('',(0.,0.,-1.));
#14390 = DIRECTION('',(1.,0.,0.));
#14391 = PCURVE('',#1880,#14392);
#14392 = DEFINITIONAL_REPRESENTATION('',(#14393),#14397);
#14393 = LINE('',#14394,#14395);
#14394 = CARTESIAN_POINT('',(3.14159265359,9.));
#14395 = VECTOR('',#14396,1.);
#14396 = DIRECTION('',(1.,0.));
#14397 = ( GEOMETRIC_REPRESENTATION_CONTEXT(2) 
PARAMETRIC_REPRESENTATION_CONTEXT() REPRESENTATION_CONTEXT('2D SPACE',''
  ) );
#14398 = PCURVE('',#1852,#14399);
#14399 = DEFINITIONAL_REPRESENTATION('',(#14400),#14404);
#14400 = LINE('',#14401,#14402);
#14401 = CARTESIAN_POINT('',(6.28318530718,3.14159265359));
#14402 = VECTOR('',#14403,1.);
#14403 = DIRECTION('',(-1.,0.));
#14404 = ( GEOMETRIC_REPRESENTATION_CONTEXT(2) 
PARAMETRIC_REPRESENTATION_CONTEXT() REPRESENTATION_CONTEXT('2D SPACE',''
  ) );
#14405 = ORIENTED_EDGE('',*,*,#14406,.F.);
#14406 = EDGE_CURVE('',#5936,#14383,#14407,.T.);
#14407 = SURFACE_CURVE('',#14408,(#14412,#14419),.PCURVE_S1.);
#14408 = LINE('',#14409,#14410);
#14409 = CARTESIAN_POINT('',(21.77,-6.,5.));
#14410 = VECTOR('',#14411,1.);
#14411 = DIRECTION('',(-0.,-0.,-1.));
#14412 = PCURVE('',#1880,#14413);
#14413 = DEFINITIONAL_REPRESENTATION('',(#14414),#14418);
#14414 = LINE('',#14415,#14416);
#14415 = CARTESIAN_POINT('',(4.712388980385,0.));
#14416 = VECTOR('',#14417,1.);
#14417 = DIRECTION('',(0.,1.));
#14418 = ( GEOMETRIC_REPRESENTATION_CONTEXT(2) 
PARAMETRIC_REPRESENTATION_CONTEXT() REPRESENTATION_CONTEXT('2D SPACE',''
  ) );
#14419 = PCURVE('',#6098,#14420);
#14420 = DEFINITIONAL_REPRESENTATION('',(#14421),#14425);
#14421 = LINE('',#14422,#14423);
#14422 = CARTESIAN_POINT('',(6.,0.));
#14423 = VECTOR('',#14424,1.);
#14424 = DIRECTION('',(0.,-1.));
#14425 = ( GEOMETRIC_REPRESENTATION_CONTEXT(2) 
PARAMETRIC_REPRESENTATION_CONTEXT() REPRESENTATION_CONTEXT('2D SPACE',''
  ) );
#14426 = ORIENTED_EDGE('',*,*,#5933,.F.);
#14427 = ORIENTED_EDGE('',*,*,#12834,.F.);
#14428 = ORIENTED_EDGE('',*,*,#1864,.T.);
#14429 = ADVANCED_FACE('',(#14430),#6098,.T.);
#14430 = FACE_BOUND('',#14431,.T.);
#14431 = EDGE_LOOP('',(#14432,#14433,#14454,#14455));
#14432 = ORIENTED_EDGE('',*,*,#8604,.T.);
#14433 = ORIENTED_EDGE('',*,*,#14434,.T.);
#14434 = EDGE_CURVE('',#1318,#14383,#14435,.T.);
#14435 = SURFACE_CURVE('',#14436,(#14440,#14447),.PCURVE_S1.);
#14436 = LINE('',#14437,#14438);
#14437 = CARTESIAN_POINT('',(21.77,-6.,-4.));
#14438 = VECTOR('',#14439,1.);
#14439 = DIRECTION('',(-1.,-1.445602896647E-16,-0.));
#14440 = PCURVE('',#6098,#14441);
#14441 = DEFINITIONAL_REPRESENTATION('',(#14442),#14446);
#14442 = LINE('',#14443,#14444);
#14443 = CARTESIAN_POINT('',(6.,-9.));
#14444 = VECTOR('',#14445,1.);
#14445 = DIRECTION('',(1.,-0.));
#14446 = ( GEOMETRIC_REPRESENTATION_CONTEXT(2) 
PARAMETRIC_REPRESENTATION_CONTEXT() REPRESENTATION_CONTEXT('2D SPACE',''
  ) );
#14447 = PCURVE('',#1419,#14448);
#14448 = DEFINITIONAL_REPRESENTATION('',(#14449),#14453);
#14449 = LINE('',#14450,#14451);
#14450 = CARTESIAN_POINT('',(3.14159265359,63.));
#14451 = VECTOR('',#14452,1.);
#14452 = DIRECTION('',(0.,1.));
#14453 = ( GEOMETRIC_REPRESENTATION_CONTEXT(2) 
PARAMETRIC_REPRESENTATION_CONTEXT() REPRESENTATION_CONTEXT('2D SPACE',''
  ) );
#14454 = ORIENTED_EDGE('',*,*,#14406,.F.);
#14455 = ORIENTED_EDGE('',*,*,#6084,.T.);
#14456 = ADVANCED_FACE('',(#14457),#1701,.T.);
#14457 = FACE_BOUND('',#14458,.T.);
#14458 = EDGE_LOOP('',(#14459,#14460,#14481,#14482));
#14459 = ORIENTED_EDGE('',*,*,#1678,.T.);
#14460 = ORIENTED_EDGE('',*,*,#14461,.T.);
#14461 = EDGE_CURVE('',#1681,#8504,#14462,.T.);
#14462 = SURFACE_CURVE('',#14463,(#14467,#14474),.PCURVE_S1.);
#14463 = LINE('',#14464,#14465);
#14464 = CARTESIAN_POINT('',(-2.23,-4.,-4.));
#14465 = VECTOR('',#14466,1.);
#14466 = DIRECTION('',(1.,1.445602896647E-16,-0.));
#14467 = PCURVE('',#1701,#14468);
#14468 = DEFINITIONAL_REPRESENTATION('',(#14469),#14473);
#14469 = LINE('',#14470,#14471);
#14470 = CARTESIAN_POINT('',(-7.105427357601E-15,-9.));
#14471 = VECTOR('',#14472,1.);
#14472 = DIRECTION('',(1.,0.));
#14473 = ( GEOMETRIC_REPRESENTATION_CONTEXT(2) 
PARAMETRIC_REPRESENTATION_CONTEXT() REPRESENTATION_CONTEXT('2D SPACE',''
  ) );
#14474 = PCURVE('',#7424,#14475);
#14475 = DEFINITIONAL_REPRESENTATION('',(#14476),#14480);
#14476 = LINE('',#14477,#14478);
#14477 = CARTESIAN_POINT('',(3.14159265359,-87.));
#14478 = VECTOR('',#14479,1.);
#14479 = DIRECTION('',(0.,1.));
#14480 = ( GEOMETRIC_REPRESENTATION_CONTEXT(2) 
PARAMETRIC_REPRESENTATION_CONTEXT() REPRESENTATION_CONTEXT('2D SPACE',''
  ) );
#14481 = ORIENTED_EDGE('',*,*,#8527,.F.);
#14482 = ORIENTED_EDGE('',*,*,#14483,.T.);
#14483 = EDGE_CURVE('',#8431,#1679,#14484,.T.);
#14484 = SURFACE_CURVE('',#14485,(#14489,#14496),.PCURVE_S1.);
#14485 = LINE('',#14486,#14487);
#14486 = CARTESIAN_POINT('',(-8.23,-4.,3.));
#14487 = VECTOR('',#14488,1.);
#14488 = DIRECTION('',(-1.,-1.445602896647E-16,0.));
#14489 = PCURVE('',#1701,#14490);
#14490 = DEFINITIONAL_REPRESENTATION('',(#14491),#14495);
#14491 = LINE('',#14492,#14493);
#14492 = CARTESIAN_POINT('',(-6.,-2.));
#14493 = VECTOR('',#14494,1.);
#14494 = DIRECTION('',(-1.,0.));
#14495 = ( GEOMETRIC_REPRESENTATION_CONTEXT(2) 
PARAMETRIC_REPRESENTATION_CONTEXT() REPRESENTATION_CONTEXT('2D SPACE',''
  ) );
#14496 = PCURVE('',#13040,#14497);
#14497 = DEFINITIONAL_REPRESENTATION('',(#14498),#14502);
#14498 = LINE('',#14499,#14500);
#14499 = CARTESIAN_POINT('',(0.,-51.77));
#14500 = VECTOR('',#14501,1.);
#14501 = DIRECTION('',(0.,1.));
#14502 = ( GEOMETRIC_REPRESENTATION_CONTEXT(2) 
PARAMETRIC_REPRESENTATION_CONTEXT() REPRESENTATION_CONTEXT('2D SPACE',''
  ) );
#14503 = ADVANCED_FACE('',(#14504),#1758,.F.);
#14504 = FACE_BOUND('',#14505,.F.);
#14505 = EDGE_LOOP('',(#14506,#14530,#14551,#14552,#14553));
#14506 = ORIENTED_EDGE('',*,*,#14507,.F.);
#14507 = EDGE_CURVE('',#14508,#1714,#14510,.T.);
#14508 = VERTEX_POINT('',#14509);
#14509 = CARTESIAN_POINT('',(-8.23,-6.,-4.));
#14510 = SURFACE_CURVE('',#14511,(#14516,#14523),.PCURVE_S1.);
#14511 = CIRCLE('',#14512,1.);
#14512 = AXIS2_PLACEMENT_3D('',#14513,#14514,#14515);
#14513 = CARTESIAN_POINT('',(-8.23,-5.,-4.));
#14514 = DIRECTION('',(0.,0.,-1.));
#14515 = DIRECTION('',(1.,0.,0.));
#14516 = PCURVE('',#1758,#14517);
#14517 = DEFINITIONAL_REPRESENTATION('',(#14518),#14522);
#14518 = LINE('',#14519,#14520);
#14519 = CARTESIAN_POINT('',(3.14159265359,9.));
#14520 = VECTOR('',#14521,1.);
#14521 = DIRECTION('',(1.,0.));
#14522 = ( GEOMETRIC_REPRESENTATION_CONTEXT(2) 
PARAMETRIC_REPRESENTATION_CONTEXT() REPRESENTATION_CONTEXT('2D SPACE',''
  ) );
#14523 = PCURVE('',#1730,#14524);
#14524 = DEFINITIONAL_REPRESENTATION('',(#14525),#14529);
#14525 = LINE('',#14526,#14527);
#14526 = CARTESIAN_POINT('',(6.28318530718,3.14159265359));
#14527 = VECTOR('',#14528,1.);
#14528 = DIRECTION('',(-1.,0.));
#14529 = ( GEOMETRIC_REPRESENTATION_CONTEXT(2) 
PARAMETRIC_REPRESENTATION_CONTEXT() REPRESENTATION_CONTEXT('2D SPACE',''
  ) );
#14530 = ORIENTED_EDGE('',*,*,#14531,.F.);
#14531 = EDGE_CURVE('',#5757,#14508,#14532,.T.);
#14532 = SURFACE_CURVE('',#14533,(#14537,#14544),.PCURVE_S1.);
#14533 = LINE('',#14534,#14535);
#14534 = CARTESIAN_POINT('',(-8.23,-6.,5.));
#14535 = VECTOR('',#14536,1.);
#14536 = DIRECTION('',(-0.,-0.,-1.));
#14537 = PCURVE('',#1758,#14538);
#14538 = DEFINITIONAL_REPRESENTATION('',(#14539),#14543);
#14539 = LINE('',#14540,#14541);
#14540 = CARTESIAN_POINT('',(4.712388980385,0.));
#14541 = VECTOR('',#14542,1.);
#14542 = DIRECTION('',(0.,1.));
#14543 = ( GEOMETRIC_REPRESENTATION_CONTEXT(2) 
PARAMETRIC_REPRESENTATION_CONTEXT() REPRESENTATION_CONTEXT('2D SPACE',''
  ) );
#14544 = PCURVE('',#5919,#14545);
#14545 = DEFINITIONAL_REPRESENTATION('',(#14546),#14550);
#14546 = LINE('',#14547,#14548);
#14547 = CARTESIAN_POINT('',(6.,0.));
#14548 = VECTOR('',#14549,1.);
#14549 = DIRECTION('',(0.,-1.));
#14550 = ( GEOMETRIC_REPRESENTATION_CONTEXT(2) 
PARAMETRIC_REPRESENTATION_CONTEXT() REPRESENTATION_CONTEXT('2D SPACE',''
  ) );
#14551 = ORIENTED_EDGE('',*,*,#5754,.F.);
#14552 = ORIENTED_EDGE('',*,*,#13289,.F.);
#14553 = ORIENTED_EDGE('',*,*,#1742,.T.);
#14554 = ADVANCED_FACE('',(#14555),#5919,.T.);
#14555 = FACE_BOUND('',#14556,.T.);
#14556 = EDGE_LOOP('',(#14557,#14558,#14579,#14580));
#14557 = ORIENTED_EDGE('',*,*,#8481,.T.);
#14558 = ORIENTED_EDGE('',*,*,#14559,.T.);
#14559 = EDGE_CURVE('',#1080,#14508,#14560,.T.);
#14560 = SURFACE_CURVE('',#14561,(#14565,#14572),.PCURVE_S1.);
#14561 = LINE('',#14562,#14563);
#14562 = CARTESIAN_POINT('',(-8.23,-6.,-4.));
#14563 = VECTOR('',#14564,1.);
#14564 = DIRECTION('',(-1.,-1.445602896647E-16,-0.));
#14565 = PCURVE('',#5919,#14566);
#14566 = DEFINITIONAL_REPRESENTATION('',(#14567),#14571);
#14567 = LINE('',#14568,#14569);
#14568 = CARTESIAN_POINT('',(6.,-9.));
#14569 = VECTOR('',#14570,1.);
#14570 = DIRECTION('',(1.,-0.));
#14571 = ( GEOMETRIC_REPRESENTATION_CONTEXT(2) 
PARAMETRIC_REPRESENTATION_CONTEXT() REPRESENTATION_CONTEXT('2D SPACE',''
  ) );
#14572 = PCURVE('',#1181,#14573);
#14573 = DEFINITIONAL_REPRESENTATION('',(#14574),#14578);
#14574 = LINE('',#14575,#14576);
#14575 = CARTESIAN_POINT('',(3.14159265359,93.));
#14576 = VECTOR('',#14577,1.);
#14577 = DIRECTION('',(0.,1.));
#14578 = ( GEOMETRIC_REPRESENTATION_CONTEXT(2) 
PARAMETRIC_REPRESENTATION_CONTEXT() REPRESENTATION_CONTEXT('2D SPACE',''
  ) );
#14579 = ORIENTED_EDGE('',*,*,#14531,.F.);
#14580 = ORIENTED_EDGE('',*,*,#5905,.T.);
#14581 = ADVANCED_FACE('',(#14582),#1579,.T.);
#14582 = FACE_BOUND('',#14583,.T.);
#14583 = EDGE_LOOP('',(#14584,#14585,#14606,#14607));
#14584 = ORIENTED_EDGE('',*,*,#1556,.T.);
#14585 = ORIENTED_EDGE('',*,*,#14586,.T.);
#14586 = EDGE_CURVE('',#1559,#8381,#14587,.T.);
#14587 = SURFACE_CURVE('',#14588,(#14592,#14599),.PCURVE_S1.);
#14588 = LINE('',#14589,#14590);
#14589 = CARTESIAN_POINT('',(-32.23,-4.,-4.));
#14590 = VECTOR('',#14591,1.);
#14591 = DIRECTION('',(1.,1.445602896647E-16,-0.));
#14592 = PCURVE('',#1579,#14593);
#14593 = DEFINITIONAL_REPRESENTATION('',(#14594),#14598);
#14594 = LINE('',#14595,#14596);
#14595 = CARTESIAN_POINT('',(-7.105427357601E-15,-9.));
#14596 = VECTOR('',#14597,1.);
#14597 = DIRECTION('',(1.,0.));
#14598 = ( GEOMETRIC_REPRESENTATION_CONTEXT(2) 
PARAMETRIC_REPRESENTATION_CONTEXT() REPRESENTATION_CONTEXT('2D SPACE',''
  ) );
#14599 = PCURVE('',#7224,#14600);
#14600 = DEFINITIONAL_REPRESENTATION('',(#14601),#14605);
#14601 = LINE('',#14602,#14603);
#14602 = CARTESIAN_POINT('',(3.14159265359,-117.));
#14603 = VECTOR('',#14604,1.);
#14604 = DIRECTION('',(0.,1.));
#14605 = ( GEOMETRIC_REPRESENTATION_CONTEXT(2) 
PARAMETRIC_REPRESENTATION_CONTEXT() REPRESENTATION_CONTEXT('2D SPACE',''
  ) );
#14606 = ORIENTED_EDGE('',*,*,#8404,.F.);
#14607 = ORIENTED_EDGE('',*,*,#14608,.T.);
#14608 = EDGE_CURVE('',#8308,#1557,#14609,.T.);
#14609 = SURFACE_CURVE('',#14610,(#14614,#14621),.PCURVE_S1.);
#14610 = LINE('',#14611,#14612);
#14611 = CARTESIAN_POINT('',(-38.23,-4.,3.));
#14612 = VECTOR('',#14613,1.);
#14613 = DIRECTION('',(-1.,-1.445602896647E-16,0.));
#14614 = PCURVE('',#1579,#14615);
#14615 = DEFINITIONAL_REPRESENTATION('',(#14616),#14620);
#14616 = LINE('',#14617,#14618);
#14617 = CARTESIAN_POINT('',(-6.,-2.));
#14618 = VECTOR('',#14619,1.);
#14619 = DIRECTION('',(-1.,0.));
#14620 = ( GEOMETRIC_REPRESENTATION_CONTEXT(2) 
PARAMETRIC_REPRESENTATION_CONTEXT() REPRESENTATION_CONTEXT('2D SPACE',''
  ) );
#14621 = PCURVE('',#13495,#14622);
#14622 = DEFINITIONAL_REPRESENTATION('',(#14623),#14627);
#14623 = LINE('',#14624,#14625);
#14624 = CARTESIAN_POINT('',(0.,-51.77));
#14625 = VECTOR('',#14626,1.);
#14626 = DIRECTION('',(0.,1.));
#14627 = ( GEOMETRIC_REPRESENTATION_CONTEXT(2) 
PARAMETRIC_REPRESENTATION_CONTEXT() REPRESENTATION_CONTEXT('2D SPACE',''
  ) );
#14628 = ADVANCED_FACE('',(#14629),#1636,.F.);
#14629 = FACE_BOUND('',#14630,.F.);
#14630 = EDGE_LOOP('',(#14631,#14655,#14676,#14677,#14678));
#14631 = ORIENTED_EDGE('',*,*,#14632,.F.);
#14632 = EDGE_CURVE('',#14633,#1592,#14635,.T.);
#14633 = VERTEX_POINT('',#14634);
#14634 = CARTESIAN_POINT('',(-38.23,-6.,-4.));
#14635 = SURFACE_CURVE('',#14636,(#14641,#14648),.PCURVE_S1.);
#14636 = CIRCLE('',#14637,1.);
#14637 = AXIS2_PLACEMENT_3D('',#14638,#14639,#14640);
#14638 = CARTESIAN_POINT('',(-38.23,-5.,-4.));
#14639 = DIRECTION('',(0.,0.,-1.));
#14640 = DIRECTION('',(1.,0.,0.));
#14641 = PCURVE('',#1636,#14642);
#14642 = DEFINITIONAL_REPRESENTATION('',(#14643),#14647);
#14643 = LINE('',#14644,#14645);
#14644 = CARTESIAN_POINT('',(3.14159265359,9.));
#14645 = VECTOR('',#14646,1.);
#14646 = DIRECTION('',(1.,0.));
#14647 = ( GEOMETRIC_REPRESENTATION_CONTEXT(2) 
PARAMETRIC_REPRESENTATION_CONTEXT() REPRESENTATION_CONTEXT('2D SPACE',''
  ) );
#14648 = PCURVE('',#1608,#14649);
#14649 = DEFINITIONAL_REPRESENTATION('',(#14650),#14654);
#14650 = LINE('',#14651,#14652);
#14651 = CARTESIAN_POINT('',(6.28318530718,3.14159265359));
#14652 = VECTOR('',#14653,1.);
#14653 = DIRECTION('',(-1.,0.));
#14654 = ( GEOMETRIC_REPRESENTATION_CONTEXT(2) 
PARAMETRIC_REPRESENTATION_CONTEXT() REPRESENTATION_CONTEXT('2D SPACE',''
  ) );
#14655 = ORIENTED_EDGE('',*,*,#14656,.F.);
#14656 = EDGE_CURVE('',#5578,#14633,#14657,.T.);
#14657 = SURFACE_CURVE('',#14658,(#14662,#14669),.PCURVE_S1.);
#14658 = LINE('',#14659,#14660);
#14659 = CARTESIAN_POINT('',(-38.23,-6.,5.));
#14660 = VECTOR('',#14661,1.);
#14661 = DIRECTION('',(-0.,-0.,-1.));
#14662 = PCURVE('',#1636,#14663);
#14663 = DEFINITIONAL_REPRESENTATION('',(#14664),#14668);
#14664 = LINE('',#14665,#14666);
#14665 = CARTESIAN_POINT('',(4.712388980385,0.));
#14666 = VECTOR('',#14667,1.);
#14667 = DIRECTION('',(0.,1.));
#14668 = ( GEOMETRIC_REPRESENTATION_CONTEXT(2) 
PARAMETRIC_REPRESENTATION_CONTEXT() REPRESENTATION_CONTEXT('2D SPACE',''
  ) );
#14669 = PCURVE('',#5740,#14670);
#14670 = DEFINITIONAL_REPRESENTATION('',(#14671),#14675);
#14671 = LINE('',#14672,#14673);
#14672 = CARTESIAN_POINT('',(6.,0.));
#14673 = VECTOR('',#14674,1.);
#14674 = DIRECTION('',(0.,-1.));
#14675 = ( GEOMETRIC_REPRESENTATION_CONTEXT(2) 
PARAMETRIC_REPRESENTATION_CONTEXT() REPRESENTATION_CONTEXT('2D SPACE',''
  ) );
#14676 = ORIENTED_EDGE('',*,*,#5575,.F.);
#14677 = ORIENTED_EDGE('',*,*,#13744,.F.);
#14678 = ORIENTED_EDGE('',*,*,#1620,.T.);
#14679 = ADVANCED_FACE('',(#14680),#5740,.T.);
#14680 = FACE_BOUND('',#14681,.T.);
#14681 = EDGE_LOOP('',(#14682,#14683,#14704,#14705));
#14682 = ORIENTED_EDGE('',*,*,#8358,.T.);
#14683 = ORIENTED_EDGE('',*,*,#14684,.T.);
#14684 = EDGE_CURVE('',#842,#14633,#14685,.T.);
#14685 = SURFACE_CURVE('',#14686,(#14690,#14697),.PCURVE_S1.);
#14686 = LINE('',#14687,#14688);
#14687 = CARTESIAN_POINT('',(-38.23,-6.,-4.));
#14688 = VECTOR('',#14689,1.);
#14689 = DIRECTION('',(-1.,-1.445602896647E-16,-0.));
#14690 = PCURVE('',#5740,#14691);
#14691 = DEFINITIONAL_REPRESENTATION('',(#14692),#14696);
#14692 = LINE('',#14693,#14694);
#14693 = CARTESIAN_POINT('',(6.,-9.));
#14694 = VECTOR('',#14695,1.);
#14695 = DIRECTION('',(1.,-0.));
#14696 = ( GEOMETRIC_REPRESENTATION_CONTEXT(2) 
PARAMETRIC_REPRESENTATION_CONTEXT() REPRESENTATION_CONTEXT('2D SPACE',''
  ) );
#14697 = PCURVE('',#943,#14698);
#14698 = DEFINITIONAL_REPRESENTATION('',(#14699),#14703);
#14699 = LINE('',#14700,#14701);
#14700 = CARTESIAN_POINT('',(3.14159265359,123.));
#14701 = VECTOR('',#14702,1.);
#14702 = DIRECTION('',(0.,1.));
#14703 = ( GEOMETRIC_REPRESENTATION_CONTEXT(2) 
PARAMETRIC_REPRESENTATION_CONTEXT() REPRESENTATION_CONTEXT('2D SPACE',''
  ) );
#14704 = ORIENTED_EDGE('',*,*,#14656,.F.);
#14705 = ORIENTED_EDGE('',*,*,#5726,.T.);
#14706 = ADVANCED_FACE('',(#14707),#1457,.T.);
#14707 = FACE_BOUND('',#14708,.T.);
#14708 = EDGE_LOOP('',(#14709,#14710,#14731,#14732));
#14709 = ORIENTED_EDGE('',*,*,#1434,.T.);
#14710 = ORIENTED_EDGE('',*,*,#14711,.T.);
#14711 = EDGE_CURVE('',#1437,#5384,#14712,.T.);
#14712 = SURFACE_CURVE('',#14713,(#14717,#14724),.PCURVE_S1.);
#14713 = LINE('',#14714,#14715);
#14714 = CARTESIAN_POINT('',(-62.23,-4.,-4.));
#14715 = VECTOR('',#14716,1.);
#14716 = DIRECTION('',(1.,1.445602896647E-16,-0.));
#14717 = PCURVE('',#1457,#14718);
#14718 = DEFINITIONAL_REPRESENTATION('',(#14719),#14723);
#14719 = LINE('',#14720,#14721);
#14720 = CARTESIAN_POINT('',(-7.105427357601E-15,-9.));
#14721 = VECTOR('',#14722,1.);
#14722 = DIRECTION('',(1.,0.));
#14723 = ( GEOMETRIC_REPRESENTATION_CONTEXT(2) 
PARAMETRIC_REPRESENTATION_CONTEXT() REPRESENTATION_CONTEXT('2D SPACE',''
  ) );
#14724 = PCURVE('',#7024,#14725);
#14725 = DEFINITIONAL_REPRESENTATION('',(#14726),#14730);
#14726 = LINE('',#14727,#14728);
#14727 = CARTESIAN_POINT('',(3.14159265359,-147.));
#14728 = VECTOR('',#14729,1.);
#14729 = DIRECTION('',(0.,1.));
#14730 = ( GEOMETRIC_REPRESENTATION_CONTEXT(2) 
PARAMETRIC_REPRESENTATION_CONTEXT() REPRESENTATION_CONTEXT('2D SPACE',''
  ) );
#14731 = ORIENTED_EDGE('',*,*,#5407,.F.);
#14732 = ORIENTED_EDGE('',*,*,#14733,.T.);
#14733 = EDGE_CURVE('',#5276,#1435,#14734,.T.);
#14734 = SURFACE_CURVE('',#14735,(#14739,#14746),.PCURVE_S1.);
#14735 = LINE('',#14736,#14737);
#14736 = CARTESIAN_POINT('',(-68.23,-4.,3.));
#14737 = VECTOR('',#14738,1.);
#14738 = DIRECTION('',(-1.,-1.445602896647E-16,0.));
#14739 = PCURVE('',#1457,#14740);
#14740 = DEFINITIONAL_REPRESENTATION('',(#14741),#14745);
#14741 = LINE('',#14742,#14743);
#14742 = CARTESIAN_POINT('',(-6.,-2.));
#14743 = VECTOR('',#14744,1.);
#14744 = DIRECTION('',(-1.,0.));
#14745 = ( GEOMETRIC_REPRESENTATION_CONTEXT(2) 
PARAMETRIC_REPRESENTATION_CONTEXT() REPRESENTATION_CONTEXT('2D SPACE',''
  ) );
#14746 = PCURVE('',#13950,#14747);
#14747 = DEFINITIONAL_REPRESENTATION('',(#14748),#14752);
#14748 = LINE('',#14749,#14750);
#14749 = CARTESIAN_POINT('',(0.,-51.77));
#14750 = VECTOR('',#14751,1.);
#14751 = DIRECTION('',(0.,1.));
#14752 = ( GEOMETRIC_REPRESENTATION_CONTEXT(2) 
PARAMETRIC_REPRESENTATION_CONTEXT() REPRESENTATION_CONTEXT('2D SPACE',''
  ) );
#14753 = ADVANCED_FACE('',(#14754),#1514,.F.);
#14754 = FACE_BOUND('',#14755,.F.);
#14755 = EDGE_LOOP('',(#14756,#14780,#14801,#14802,#14803));
#14756 = ORIENTED_EDGE('',*,*,#14757,.F.);
#14757 = EDGE_CURVE('',#14758,#1470,#14760,.T.);
#14758 = VERTEX_POINT('',#14759);
#14759 = CARTESIAN_POINT('',(-68.23,-6.,-4.));
#14760 = SURFACE_CURVE('',#14761,(#14766,#14773),.PCURVE_S1.);
#14761 = CIRCLE('',#14762,1.);
#14762 = AXIS2_PLACEMENT_3D('',#14763,#14764,#14765);
#14763 = CARTESIAN_POINT('',(-68.23,-5.,-4.));
#14764 = DIRECTION('',(0.,0.,-1.));
#14765 = DIRECTION('',(1.,0.,0.));
#14766 = PCURVE('',#1514,#14767);
#14767 = DEFINITIONAL_REPRESENTATION('',(#14768),#14772);
#14768 = LINE('',#14769,#14770);
#14769 = CARTESIAN_POINT('',(3.14159265359,9.));
#14770 = VECTOR('',#14771,1.);
#14771 = DIRECTION('',(1.,0.));
#14772 = ( GEOMETRIC_REPRESENTATION_CONTEXT(2) 
PARAMETRIC_REPRESENTATION_CONTEXT() REPRESENTATION_CONTEXT('2D SPACE',''
  ) );
#14773 = PCURVE('',#1486,#14774);
#14774 = DEFINITIONAL_REPRESENTATION('',(#14775),#14779);
#14775 = LINE('',#14776,#14777);
#14776 = CARTESIAN_POINT('',(6.28318530718,3.14159265359));
#14777 = VECTOR('',#14778,1.);
#14778 = DIRECTION('',(-1.,0.));
#14779 = ( GEOMETRIC_REPRESENTATION_CONTEXT(2) 
PARAMETRIC_REPRESENTATION_CONTEXT() REPRESENTATION_CONTEXT('2D SPACE',''
  ) );
#14780 = ORIENTED_EDGE('',*,*,#14781,.F.);
#14781 = EDGE_CURVE('',#5434,#14758,#14782,.T.);
#14782 = SURFACE_CURVE('',#14783,(#14787,#14794),.PCURVE_S1.);
#14783 = LINE('',#14784,#14785);
#14784 = CARTESIAN_POINT('',(-68.23,-6.,5.));
#14785 = VECTOR('',#14786,1.);
#14786 = DIRECTION('',(-0.,-0.,-1.));
#14787 = PCURVE('',#1514,#14788);
#14788 = DEFINITIONAL_REPRESENTATION('',(#14789),#14793);
#14789 = LINE('',#14790,#14791);
#14790 = CARTESIAN_POINT('',(4.712388980385,0.));
#14791 = VECTOR('',#14792,1.);
#14792 = DIRECTION('',(0.,1.));
#14793 = ( GEOMETRIC_REPRESENTATION_CONTEXT(2) 
PARAMETRIC_REPRESENTATION_CONTEXT() REPRESENTATION_CONTEXT('2D SPACE',''
  ) );
#14794 = PCURVE('',#5370,#14795);
#14795 = DEFINITIONAL_REPRESENTATION('',(#14796),#14800);
#14796 = LINE('',#14797,#14798);
#14797 = CARTESIAN_POINT('',(6.,0.));
#14798 = VECTOR('',#14799,1.);
#14799 = DIRECTION('',(0.,-1.));
#14800 = ( GEOMETRIC_REPRESENTATION_CONTEXT(2) 
PARAMETRIC_REPRESENTATION_CONTEXT() REPRESENTATION_CONTEXT('2D SPACE',''
  ) );
#14801 = ORIENTED_EDGE('',*,*,#5431,.F.);
#14802 = ORIENTED_EDGE('',*,*,#14199,.F.);
#14803 = ORIENTED_EDGE('',*,*,#1498,.T.);
#14804 = ADVANCED_FACE('',(#14805),#5370,.T.);
#14805 = FACE_BOUND('',#14806,.T.);
#14806 = EDGE_LOOP('',(#14807,#14808,#14829,#14830));
#14807 = ORIENTED_EDGE('',*,*,#5356,.T.);
#14808 = ORIENTED_EDGE('',*,*,#14809,.T.);
#14809 = EDGE_CURVE('',#604,#14758,#14810,.T.);
#14810 = SURFACE_CURVE('',#14811,(#14815,#14822),.PCURVE_S1.);
#14811 = LINE('',#14812,#14813);
#14812 = CARTESIAN_POINT('',(-68.23,-6.,-4.));
#14813 = VECTOR('',#14814,1.);
#14814 = DIRECTION('',(-1.,-1.445602896647E-16,-0.));
#14815 = PCURVE('',#5370,#14816);
#14816 = DEFINITIONAL_REPRESENTATION('',(#14817),#14821);
#14817 = LINE('',#14818,#14819);
#14818 = CARTESIAN_POINT('',(6.,-9.));
#14819 = VECTOR('',#14820,1.);
#14820 = DIRECTION('',(1.,-0.));
#14821 = ( GEOMETRIC_REPRESENTATION_CONTEXT(2) 
PARAMETRIC_REPRESENTATION_CONTEXT() REPRESENTATION_CONTEXT('2D SPACE',''
  ) );
#14822 = PCURVE('',#705,#14823);
#14823 = DEFINITIONAL_REPRESENTATION('',(#14824),#14828);
#14824 = LINE('',#14825,#14826);
#14825 = CARTESIAN_POINT('',(3.14159265359,153.));
#14826 = VECTOR('',#14827,1.);
#14827 = DIRECTION('',(0.,1.));
#14828 = ( GEOMETRIC_REPRESENTATION_CONTEXT(2) 
PARAMETRIC_REPRESENTATION_CONTEXT() REPRESENTATION_CONTEXT('2D SPACE',''
  ) );
#14829 = ORIENTED_EDGE('',*,*,#14781,.F.);
#14830 = ORIENTED_EDGE('',*,*,#5552,.T.);
#14831 = ADVANCED_FACE('',(#14832),#1852,.T.);
#14832 = FACE_BOUND('',#14833,.T.);
#14833 = EDGE_LOOP('',(#14834,#14856,#14857,#14858,#14880));
#14834 = ORIENTED_EDGE('',*,*,#14835,.F.);
#14835 = EDGE_CURVE('',#1803,#7609,#14836,.T.);
#14836 = SURFACE_CURVE('',#14837,(#14842,#14849),.PCURVE_S1.);
#14837 = CIRCLE('',#14838,1.);
#14838 = AXIS2_PLACEMENT_3D('',#14839,#14840,#14841);
#14839 = CARTESIAN_POINT('',(21.77,-3.,-4.));
#14840 = DIRECTION('',(1.,0.,0.));
#14841 = DIRECTION('',(0.,0.,-1.));
#14842 = PCURVE('',#1852,#14843);
#14843 = DEFINITIONAL_REPRESENTATION('',(#14844),#14848);
#14844 = LINE('',#14845,#14846);
#14845 = CARTESIAN_POINT('',(1.570796326795,-1.570796326795));
#14846 = VECTOR('',#14847,1.);
#14847 = DIRECTION('',(0.,1.));
#14848 = ( GEOMETRIC_REPRESENTATION_CONTEXT(2) 
PARAMETRIC_REPRESENTATION_CONTEXT() REPRESENTATION_CONTEXT('2D SPACE',''
  ) );
#14849 = PCURVE('',#7624,#14850);
#14850 = DEFINITIONAL_REPRESENTATION('',(#14851),#14855);
#14851 = LINE('',#14852,#14853);
#14852 = CARTESIAN_POINT('',(-1.570796326795,-63.));
#14853 = VECTOR('',#14854,1.);
#14854 = DIRECTION('',(1.,0.));
#14855 = ( GEOMETRIC_REPRESENTATION_CONTEXT(2) 
PARAMETRIC_REPRESENTATION_CONTEXT() REPRESENTATION_CONTEXT('2D SPACE',''
  ) );
#14856 = ORIENTED_EDGE('',*,*,#1835,.F.);
#14857 = ORIENTED_EDGE('',*,*,#14382,.F.);
#14858 = ORIENTED_EDGE('',*,*,#14859,.F.);
#14859 = EDGE_CURVE('',#7561,#14383,#14860,.T.);
#14860 = SURFACE_CURVE('',#14861,(#14866,#14873),.PCURVE_S1.);
#14861 = CIRCLE('',#14862,1.);
#14862 = AXIS2_PLACEMENT_3D('',#14863,#14864,#14865);
#14863 = CARTESIAN_POINT('',(21.77,-7.,-4.));
#14864 = DIRECTION('',(1.,-0.,0.));
#14865 = DIRECTION('',(0.,0.,-1.));
#14866 = PCURVE('',#1852,#14867);
#14867 = DEFINITIONAL_REPRESENTATION('',(#14868),#14872);
#14868 = LINE('',#14869,#14870);
#14869 = CARTESIAN_POINT('',(4.712388980385,4.712388980385));
#14870 = VECTOR('',#14871,1.);
#14871 = DIRECTION('',(0.,-1.));
#14872 = ( GEOMETRIC_REPRESENTATION_CONTEXT(2) 
PARAMETRIC_REPRESENTATION_CONTEXT() REPRESENTATION_CONTEXT('2D SPACE',''
  ) );
#14873 = PCURVE('',#1419,#14874);
#14874 = DEFINITIONAL_REPRESENTATION('',(#14875),#14879);
#14875 = LINE('',#14876,#14877);
#14876 = CARTESIAN_POINT('',(4.712388980385,63.));
#14877 = VECTOR('',#14878,1.);
#14878 = DIRECTION('',(-1.,0.));
#14879 = ( GEOMETRIC_REPRESENTATION_CONTEXT(2) 
PARAMETRIC_REPRESENTATION_CONTEXT() REPRESENTATION_CONTEXT('2D SPACE',''
  ) );
#14880 = ORIENTED_EDGE('',*,*,#7636,.F.);
#14881 = ADVANCED_FACE('',(#14882),#1419,.T.);
#14882 = FACE_BOUND('',#14883,.T.);
#14883 = EDGE_LOOP('',(#14884,#14885,#14886,#14887));
#14884 = ORIENTED_EDGE('',*,*,#14859,.T.);
#14885 = ORIENTED_EDGE('',*,*,#14434,.F.);
#14886 = ORIENTED_EDGE('',*,*,#1404,.F.);
#14887 = ORIENTED_EDGE('',*,*,#7560,.F.);
#14888 = ADVANCED_FACE('',(#14889),#7624,.T.);
#14889 = FACE_BOUND('',#14890,.T.);
#14890 = EDGE_LOOP('',(#14891,#14892,#14893,#14915));
#14891 = ORIENTED_EDGE('',*,*,#14835,.T.);
#14892 = ORIENTED_EDGE('',*,*,#7608,.F.);
#14893 = ORIENTED_EDGE('',*,*,#14894,.F.);
#14894 = EDGE_CURVE('',#8627,#7585,#14895,.T.);
#14895 = SURFACE_CURVE('',#14896,(#14901,#14908),.PCURVE_S1.);
#14896 = CIRCLE('',#14897,1.);
#14897 = AXIS2_PLACEMENT_3D('',#14898,#14899,#14900);
#14898 = CARTESIAN_POINT('',(27.77,-3.,-4.));
#14899 = DIRECTION('',(1.,0.,0.));
#14900 = DIRECTION('',(0.,0.,-1.));
#14901 = PCURVE('',#7624,#14902);
#14902 = DEFINITIONAL_REPRESENTATION('',(#14903),#14907);
#14903 = LINE('',#14904,#14905);
#14904 = CARTESIAN_POINT('',(-1.570796326795,-57.));
#14905 = VECTOR('',#14906,1.);
#14906 = DIRECTION('',(1.,0.));
#14907 = ( GEOMETRIC_REPRESENTATION_CONTEXT(2) 
PARAMETRIC_REPRESENTATION_CONTEXT() REPRESENTATION_CONTEXT('2D SPACE',''
  ) );
#14908 = PCURVE('',#1368,#14909);
#14909 = DEFINITIONAL_REPRESENTATION('',(#14910),#14914);
#14910 = LINE('',#14911,#14912);
#14911 = CARTESIAN_POINT('',(1.570796326795,-1.570796326795));
#14912 = VECTOR('',#14913,1.);
#14913 = DIRECTION('',(0.,1.));
#14914 = ( GEOMETRIC_REPRESENTATION_CONTEXT(2) 
PARAMETRIC_REPRESENTATION_CONTEXT() REPRESENTATION_CONTEXT('2D SPACE',''
  ) );
#14915 = ORIENTED_EDGE('',*,*,#14336,.F.);
#14916 = ADVANCED_FACE('',(#14917),#1368,.T.);
#14917 = FACE_BOUND('',#14918,.T.);
#14918 = EDGE_LOOP('',(#14919,#14920,#14921,#14922));
#14919 = ORIENTED_EDGE('',*,*,#1351,.F.);
#14920 = ORIENTED_EDGE('',*,*,#8626,.F.);
#14921 = ORIENTED_EDGE('',*,*,#14894,.T.);
#14922 = ORIENTED_EDGE('',*,*,#7584,.F.);
#14923 = ADVANCED_FACE('',(#14924),#1249,.T.);
#14924 = FACE_BOUND('',#14925,.T.);
#14925 = EDGE_LOOP('',(#14926,#14927,#14928,#14950));
#14926 = ORIENTED_EDGE('',*,*,#1232,.F.);
#14927 = ORIENTED_EDGE('',*,*,#12388,.F.);
#14928 = ORIENTED_EDGE('',*,*,#14929,.F.);
#14929 = EDGE_CURVE('',#7661,#12389,#14930,.T.);
#14930 = SURFACE_CURVE('',#14931,(#14936,#14943),.PCURVE_S1.);
#14931 = CIRCLE('',#14932,1.);
#14932 = AXIS2_PLACEMENT_3D('',#14933,#14934,#14935);
#14933 = CARTESIAN_POINT('',(27.77,7.,-4.));
#14934 = DIRECTION('',(-1.,0.,-0.));
#14935 = DIRECTION('',(-0.,0.,1.));
#14936 = PCURVE('',#1249,#14937);
#14937 = DEFINITIONAL_REPRESENTATION('',(#14938),#14942);
#14938 = LINE('',#14939,#14940);
#14939 = CARTESIAN_POINT('',(1.570796326795,7.853981633974));
#14940 = VECTOR('',#14941,1.);
#14941 = DIRECTION('',(0.,-1.));
#14942 = ( GEOMETRIC_REPRESENTATION_CONTEXT(2) 
PARAMETRIC_REPRESENTATION_CONTEXT() REPRESENTATION_CONTEXT('2D SPACE',''
  ) );
#14943 = PCURVE('',#7678,#14944);
#14944 = DEFINITIONAL_REPRESENTATION('',(#14945),#14949);
#14945 = LINE('',#14946,#14947);
#14946 = CARTESIAN_POINT('',(7.853981633974,0.));
#14947 = VECTOR('',#14948,1.);
#14948 = DIRECTION('',(-1.,0.));
#14949 = ( GEOMETRIC_REPRESENTATION_CONTEXT(2) 
PARAMETRIC_REPRESENTATION_CONTEXT() REPRESENTATION_CONTEXT('2D SPACE',''
  ) );
#14950 = ORIENTED_EDGE('',*,*,#7736,.F.);
#14951 = ADVANCED_FACE('',(#14952),#1300,.T.);
#14952 = FACE_BOUND('',#14953,.T.);
#14953 = EDGE_LOOP('',(#14954,#14955,#14956,#14978));
#14954 = ORIENTED_EDGE('',*,*,#1285,.T.);
#14955 = ORIENTED_EDGE('',*,*,#7714,.F.);
#14956 = ORIENTED_EDGE('',*,*,#14957,.F.);
#14957 = EDGE_CURVE('',#8924,#7691,#14958,.T.);
#14958 = SURFACE_CURVE('',#14959,(#14964,#14971),.PCURVE_S1.);
#14959 = CIRCLE('',#14960,1.);
#14960 = AXIS2_PLACEMENT_3D('',#14961,#14962,#14963);
#14961 = CARTESIAN_POINT('',(21.77,3.,-4.));
#14962 = DIRECTION('',(-1.,0.,0.));
#14963 = DIRECTION('',(0.,0.,1.));
#14964 = PCURVE('',#1300,#14965);
#14965 = DEFINITIONAL_REPRESENTATION('',(#14966),#14970);
#14966 = LINE('',#14967,#14968);
#14967 = CARTESIAN_POINT('',(1.570796326795,6.));
#14968 = VECTOR('',#14969,1.);
#14969 = DIRECTION('',(1.,0.));
#14970 = ( GEOMETRIC_REPRESENTATION_CONTEXT(2) 
PARAMETRIC_REPRESENTATION_CONTEXT() REPRESENTATION_CONTEXT('2D SPACE',''
  ) );
#14971 = PCURVE('',#4757,#14972);
#14972 = DEFINITIONAL_REPRESENTATION('',(#14973),#14977);
#14973 = LINE('',#14974,#14975);
#14974 = CARTESIAN_POINT('',(4.712388980385,1.570796326795));
#14975 = VECTOR('',#14976,1.);
#14976 = DIRECTION('',(0.,1.));
#14977 = ( GEOMETRIC_REPRESENTATION_CONTEXT(2) 
PARAMETRIC_REPRESENTATION_CONTEXT() REPRESENTATION_CONTEXT('2D SPACE',''
  ) );
#14978 = ORIENTED_EDGE('',*,*,#12464,.F.);
#14979 = ADVANCED_FACE('',(#14980),#7678,.T.);
#14980 = FACE_BOUND('',#14981,.T.);
#14981 = EDGE_LOOP('',(#14982,#14983,#14984,#15006));
#14982 = ORIENTED_EDGE('',*,*,#14929,.T.);
#14983 = ORIENTED_EDGE('',*,*,#12437,.F.);
#14984 = ORIENTED_EDGE('',*,*,#14985,.F.);
#14985 = EDGE_CURVE('',#7663,#4713,#14986,.T.);
#14986 = SURFACE_CURVE('',#14987,(#14992,#14999),.PCURVE_S1.);
#14987 = CIRCLE('',#14988,1.);
#14988 = AXIS2_PLACEMENT_3D('',#14989,#14990,#14991);
#14989 = CARTESIAN_POINT('',(21.77,7.,-4.));
#14990 = DIRECTION('',(-1.,0.,-0.));
#14991 = DIRECTION('',(-0.,0.,1.));
#14992 = PCURVE('',#7678,#14993);
#14993 = DEFINITIONAL_REPRESENTATION('',(#14994),#14998);
#14994 = LINE('',#14995,#14996);
#14995 = CARTESIAN_POINT('',(7.853981633974,-6.));
#14996 = VECTOR('',#14997,1.);
#14997 = DIRECTION('',(-1.,0.));
#14998 = ( GEOMETRIC_REPRESENTATION_CONTEXT(2) 
PARAMETRIC_REPRESENTATION_CONTEXT() REPRESENTATION_CONTEXT('2D SPACE',''
  ) );
#14999 = PCURVE('',#4757,#15000);
#15000 = DEFINITIONAL_REPRESENTATION('',(#15001),#15005);
#15001 = LINE('',#15002,#15003);
#15002 = CARTESIAN_POINT('',(1.570796326795,7.853981633974));
#15003 = VECTOR('',#15004,1.);
#15004 = DIRECTION('',(0.,-1.));
#15005 = ( GEOMETRIC_REPRESENTATION_CONTEXT(2) 
PARAMETRIC_REPRESENTATION_CONTEXT() REPRESENTATION_CONTEXT('2D SPACE',''
  ) );
#15006 = ORIENTED_EDGE('',*,*,#7660,.F.);
#15007 = ADVANCED_FACE('',(#15008),#4757,.T.);
#15008 = FACE_BOUND('',#15009,.T.);
#15009 = EDGE_LOOP('',(#15010,#15011,#15012,#15013,#15014));
#15010 = ORIENTED_EDGE('',*,*,#14957,.T.);
#15011 = ORIENTED_EDGE('',*,*,#7690,.F.);
#15012 = ORIENTED_EDGE('',*,*,#14985,.T.);
#15013 = ORIENTED_EDGE('',*,*,#4740,.F.);
#15014 = ORIENTED_EDGE('',*,*,#8923,.F.);
#15015 = ADVANCED_FACE('',(#15016),#8570,.T.);
#15016 = FACE_BOUND('',#15017,.T.);
#15017 = EDGE_LOOP('',(#15018,#15019,#15020,#15042));
#15018 = ORIENTED_EDGE('',*,*,#12776,.F.);
#15019 = ORIENTED_EDGE('',*,*,#12597,.F.);
#15020 = ORIENTED_EDGE('',*,*,#15021,.F.);
#15021 = EDGE_CURVE('',#8554,#12570,#15022,.T.);
#15022 = SURFACE_CURVE('',#15023,(#15028,#15035),.PCURVE_S1.);
#15023 = CIRCLE('',#15024,1.);
#15024 = AXIS2_PLACEMENT_3D('',#15025,#15026,#15027);
#15025 = CARTESIAN_POINT('',(27.77,-3.,3.));
#15026 = DIRECTION('',(-1.,0.,0.));
#15027 = DIRECTION('',(0.,0.,1.));
#15028 = PCURVE('',#8570,#15029);
#15029 = DEFINITIONAL_REPRESENTATION('',(#15030),#15034);
#15030 = LINE('',#15031,#15032);
#15031 = CARTESIAN_POINT('',(1.570796326795,-1.570796326795));
#15032 = VECTOR('',#15033,1.);
#15033 = DIRECTION('',(0.,1.));
#15034 = ( GEOMETRIC_REPRESENTATION_CONTEXT(2) 
PARAMETRIC_REPRESENTATION_CONTEXT() REPRESENTATION_CONTEXT('2D SPACE',''
  ) );
#15035 = PCURVE('',#12585,#15036);
#15036 = DEFINITIONAL_REPRESENTATION('',(#15037),#15041);
#15037 = LINE('',#15038,#15039);
#15038 = CARTESIAN_POINT('',(-4.712388980385,-57.77));
#15039 = VECTOR('',#15040,1.);
#15040 = DIRECTION('',(1.,0.));
#15041 = ( GEOMETRIC_REPRESENTATION_CONTEXT(2) 
PARAMETRIC_REPRESENTATION_CONTEXT() REPRESENTATION_CONTEXT('2D SPACE',''
  ) );
#15042 = ORIENTED_EDGE('',*,*,#8551,.F.);
#15043 = ADVANCED_FACE('',(#15044),#12585,.T.);
#15044 = FACE_BOUND('',#15045,.T.);
#15045 = EDGE_LOOP('',(#15046,#15047,#15048,#15070));
#15046 = ORIENTED_EDGE('',*,*,#15021,.T.);
#15047 = ORIENTED_EDGE('',*,*,#12569,.F.);
#15048 = ORIENTED_EDGE('',*,*,#15049,.F.);
#15049 = EDGE_CURVE('',#1801,#12546,#15050,.T.);
#15050 = SURFACE_CURVE('',#15051,(#15056,#15063),.PCURVE_S1.);
#15051 = CIRCLE('',#15052,1.);
#15052 = AXIS2_PLACEMENT_3D('',#15053,#15054,#15055);
#15053 = CARTESIAN_POINT('',(21.77,-3.,3.));
#15054 = DIRECTION('',(-1.,0.,0.));
#15055 = DIRECTION('',(0.,0.,1.));
#15056 = PCURVE('',#12585,#15057);
#15057 = DEFINITIONAL_REPRESENTATION('',(#15058),#15062);
#15058 = LINE('',#15059,#15060);
#15059 = CARTESIAN_POINT('',(-4.712388980385,-51.77));
#15060 = VECTOR('',#15061,1.);
#15061 = DIRECTION('',(1.,0.));
#15062 = ( GEOMETRIC_REPRESENTATION_CONTEXT(2) 
PARAMETRIC_REPRESENTATION_CONTEXT() REPRESENTATION_CONTEXT('2D SPACE',''
  ) );
#15063 = PCURVE('',#1907,#15064);
#15064 = DEFINITIONAL_REPRESENTATION('',(#15065),#15069);
#15065 = LINE('',#15066,#15067);
#15066 = CARTESIAN_POINT('',(1.570796326795,-1.570796326795));
#15067 = VECTOR('',#15068,1.);
#15068 = DIRECTION('',(0.,1.));
#15069 = ( GEOMETRIC_REPRESENTATION_CONTEXT(2) 
PARAMETRIC_REPRESENTATION_CONTEXT() REPRESENTATION_CONTEXT('2D SPACE',''
  ) );
#15070 = ORIENTED_EDGE('',*,*,#14358,.F.);
#15071 = ADVANCED_FACE('',(#15072),#1907,.T.);
#15072 = FACE_BOUND('',#15073,.T.);
#15073 = EDGE_LOOP('',(#15074,#15075,#15076,#15077));
#15074 = ORIENTED_EDGE('',*,*,#12855,.F.);
#15075 = ORIENTED_EDGE('',*,*,#1892,.F.);
#15076 = ORIENTED_EDGE('',*,*,#15049,.T.);
#15077 = ORIENTED_EDGE('',*,*,#12545,.F.);
#15078 = ADVANCED_FACE('',(#15079),#12354,.T.);
#15079 = FACE_BOUND('',#15080,.T.);
#15080 = EDGE_LOOP('',(#15081,#15082,#15083,#15105));
#15081 = ORIENTED_EDGE('',*,*,#12718,.F.);
#15082 = ORIENTED_EDGE('',*,*,#12337,.F.);
#15083 = ORIENTED_EDGE('',*,*,#15084,.F.);
#15084 = EDGE_CURVE('',#12645,#12338,#15085,.T.);
#15085 = SURFACE_CURVE('',#15086,(#15091,#15098),.PCURVE_S1.);
#15086 = CIRCLE('',#15087,1.);
#15087 = AXIS2_PLACEMENT_3D('',#15088,#15089,#15090);
#15088 = CARTESIAN_POINT('',(27.77,3.,3.));
#15089 = DIRECTION('',(-1.,0.,0.));
#15090 = DIRECTION('',(0.,0.,1.));
#15091 = PCURVE('',#12354,#15092);
#15092 = DEFINITIONAL_REPRESENTATION('',(#15093),#15097);
#15093 = LINE('',#15094,#15095);
#15094 = CARTESIAN_POINT('',(4.712388980385,4.712388980385));
#15095 = VECTOR('',#15096,1.);
#15096 = DIRECTION('',(0.,-1.));
#15097 = ( GEOMETRIC_REPRESENTATION_CONTEXT(2) 
PARAMETRIC_REPRESENTATION_CONTEXT() REPRESENTATION_CONTEXT('2D SPACE',''
  ) );
#15098 = PCURVE('',#12500,#15099);
#15099 = DEFINITIONAL_REPRESENTATION('',(#15100),#15104);
#15100 = LINE('',#15101,#15102);
#15101 = CARTESIAN_POINT('',(1.570796326795,0.));
#15102 = VECTOR('',#15103,1.);
#15103 = DIRECTION('',(-1.,0.));
#15104 = ( GEOMETRIC_REPRESENTATION_CONTEXT(2) 
PARAMETRIC_REPRESENTATION_CONTEXT() REPRESENTATION_CONTEXT('2D SPACE',''
  ) );
#15105 = ORIENTED_EDGE('',*,*,#12644,.F.);
#15106 = ADVANCED_FACE('',(#15107),#12500,.T.);
#15107 = FACE_BOUND('',#15108,.T.);
#15108 = EDGE_LOOP('',(#15109,#15110,#15111,#15133));
#15109 = ORIENTED_EDGE('',*,*,#15084,.T.);
#15110 = ORIENTED_EDGE('',*,*,#12486,.F.);
#15111 = ORIENTED_EDGE('',*,*,#15112,.F.);
#15112 = EDGE_CURVE('',#12669,#8948,#15113,.T.);
#15113 = SURFACE_CURVE('',#15114,(#15119,#15126),.PCURVE_S1.);
#15114 = CIRCLE('',#15115,1.);
#15115 = AXIS2_PLACEMENT_3D('',#15116,#15117,#15118);
#15116 = CARTESIAN_POINT('',(21.77,3.,3.));
#15117 = DIRECTION('',(-1.,0.,0.));
#15118 = DIRECTION('',(0.,0.,1.));
#15119 = PCURVE('',#12500,#15120);
#15120 = DEFINITIONAL_REPRESENTATION('',(#15121),#15125);
#15121 = LINE('',#15122,#15123);
#15122 = CARTESIAN_POINT('',(1.570796326795,-6.));
#15123 = VECTOR('',#15124,1.);
#15124 = DIRECTION('',(-1.,0.));
#15125 = ( GEOMETRIC_REPRESENTATION_CONTEXT(2) 
PARAMETRIC_REPRESENTATION_CONTEXT() REPRESENTATION_CONTEXT('2D SPACE',''
  ) );
#15126 = PCURVE('',#8990,#15127);
#15127 = DEFINITIONAL_REPRESENTATION('',(#15128),#15132);
#15128 = LINE('',#15129,#15130);
#15129 = CARTESIAN_POINT('',(4.712388980385,4.712388980385));
#15130 = VECTOR('',#15131,1.);
#15131 = DIRECTION('',(0.,-1.));
#15132 = ( GEOMETRIC_REPRESENTATION_CONTEXT(2) 
PARAMETRIC_REPRESENTATION_CONTEXT() REPRESENTATION_CONTEXT('2D SPACE',''
  ) );
#15133 = ORIENTED_EDGE('',*,*,#12668,.F.);
#15134 = ADVANCED_FACE('',(#15135),#8990,.T.);
#15135 = FACE_BOUND('',#15136,.T.);
#15136 = EDGE_LOOP('',(#15137,#15138,#15139,#15140));
#15137 = ORIENTED_EDGE('',*,*,#12913,.F.);
#15138 = ORIENTED_EDGE('',*,*,#12691,.F.);
#15139 = ORIENTED_EDGE('',*,*,#15112,.T.);
#15140 = ORIENTED_EDGE('',*,*,#8975,.F.);
#15141 = ADVANCED_FACE('',(#15142),#1730,.T.);
#15142 = FACE_BOUND('',#15143,.T.);
#15143 = EDGE_LOOP('',(#15144,#15166,#15167,#15168,#15190));
#15144 = ORIENTED_EDGE('',*,*,#15145,.F.);
#15145 = EDGE_CURVE('',#1681,#7409,#15146,.T.);
#15146 = SURFACE_CURVE('',#15147,(#15152,#15159),.PCURVE_S1.);
#15147 = CIRCLE('',#15148,1.);
#15148 = AXIS2_PLACEMENT_3D('',#15149,#15150,#15151);
#15149 = CARTESIAN_POINT('',(-8.23,-3.,-4.));
#15150 = DIRECTION('',(1.,0.,0.));
#15151 = DIRECTION('',(0.,0.,-1.));
#15152 = PCURVE('',#1730,#15153);
#15153 = DEFINITIONAL_REPRESENTATION('',(#15154),#15158);
#15154 = LINE('',#15155,#15156);
#15155 = CARTESIAN_POINT('',(1.570796326795,-1.570796326795));
#15156 = VECTOR('',#15157,1.);
#15157 = DIRECTION('',(0.,1.));
#15158 = ( GEOMETRIC_REPRESENTATION_CONTEXT(2) 
PARAMETRIC_REPRESENTATION_CONTEXT() REPRESENTATION_CONTEXT('2D SPACE',''
  ) );
#15159 = PCURVE('',#7424,#15160);
#15160 = DEFINITIONAL_REPRESENTATION('',(#15161),#15165);
#15161 = LINE('',#15162,#15163);
#15162 = CARTESIAN_POINT('',(-1.570796326795,-93.));
#15163 = VECTOR('',#15164,1.);
#15164 = DIRECTION('',(1.,0.));
#15165 = ( GEOMETRIC_REPRESENTATION_CONTEXT(2) 
PARAMETRIC_REPRESENTATION_CONTEXT() REPRESENTATION_CONTEXT('2D SPACE',''
  ) );
#15166 = ORIENTED_EDGE('',*,*,#1713,.F.);
#15167 = ORIENTED_EDGE('',*,*,#14507,.F.);
#15168 = ORIENTED_EDGE('',*,*,#15169,.F.);
#15169 = EDGE_CURVE('',#7361,#14508,#15170,.T.);
#15170 = SURFACE_CURVE('',#15171,(#15176,#15183),.PCURVE_S1.);
#15171 = CIRCLE('',#15172,1.);
#15172 = AXIS2_PLACEMENT_3D('',#15173,#15174,#15175);
#15173 = CARTESIAN_POINT('',(-8.23,-7.,-4.));
#15174 = DIRECTION('',(1.,-0.,0.));
#15175 = DIRECTION('',(0.,0.,-1.));
#15176 = PCURVE('',#1730,#15177);
#15177 = DEFINITIONAL_REPRESENTATION('',(#15178),#15182);
#15178 = LINE('',#15179,#15180);
#15179 = CARTESIAN_POINT('',(4.712388980385,4.712388980385));
#15180 = VECTOR('',#15181,1.);
#15181 = DIRECTION('',(0.,-1.));
#15182 = ( GEOMETRIC_REPRESENTATION_CONTEXT(2) 
PARAMETRIC_REPRESENTATION_CONTEXT() REPRESENTATION_CONTEXT('2D SPACE',''
  ) );
#15183 = PCURVE('',#1181,#15184);
#15184 = DEFINITIONAL_REPRESENTATION('',(#15185),#15189);
#15185 = LINE('',#15186,#15187);
#15186 = CARTESIAN_POINT('',(4.712388980385,93.));
#15187 = VECTOR('',#15188,1.);
#15188 = DIRECTION('',(-1.,0.));
#15189 = ( GEOMETRIC_REPRESENTATION_CONTEXT(2) 
PARAMETRIC_REPRESENTATION_CONTEXT() REPRESENTATION_CONTEXT('2D SPACE',''
  ) );
#15190 = ORIENTED_EDGE('',*,*,#7436,.F.);
#15191 = ADVANCED_FACE('',(#15192),#1181,.T.);
#15192 = FACE_BOUND('',#15193,.T.);
#15193 = EDGE_LOOP('',(#15194,#15195,#15196,#15197));
#15194 = ORIENTED_EDGE('',*,*,#15169,.T.);
#15195 = ORIENTED_EDGE('',*,*,#14559,.F.);
#15196 = ORIENTED_EDGE('',*,*,#1166,.F.);
#15197 = ORIENTED_EDGE('',*,*,#7360,.F.);
#15198 = ADVANCED_FACE('',(#15199),#7424,.T.);
#15199 = FACE_BOUND('',#15200,.T.);
#15200 = EDGE_LOOP('',(#15201,#15202,#15203,#15225));
#15201 = ORIENTED_EDGE('',*,*,#15145,.T.);
#15202 = ORIENTED_EDGE('',*,*,#7408,.F.);
#15203 = ORIENTED_EDGE('',*,*,#15204,.F.);
#15204 = EDGE_CURVE('',#8504,#7385,#15205,.T.);
#15205 = SURFACE_CURVE('',#15206,(#15211,#15218),.PCURVE_S1.);
#15206 = CIRCLE('',#15207,1.);
#15207 = AXIS2_PLACEMENT_3D('',#15208,#15209,#15210);
#15208 = CARTESIAN_POINT('',(-2.23,-3.,-4.));
#15209 = DIRECTION('',(1.,0.,0.));
#15210 = DIRECTION('',(0.,0.,-1.));
#15211 = PCURVE('',#7424,#15212);
#15212 = DEFINITIONAL_REPRESENTATION('',(#15213),#15217);
#15213 = LINE('',#15214,#15215);
#15214 = CARTESIAN_POINT('',(-1.570796326795,-87.));
#15215 = VECTOR('',#15216,1.);
#15216 = DIRECTION('',(1.,0.));
#15217 = ( GEOMETRIC_REPRESENTATION_CONTEXT(2) 
PARAMETRIC_REPRESENTATION_CONTEXT() REPRESENTATION_CONTEXT('2D SPACE',''
  ) );
#15218 = PCURVE('',#1130,#15219);
#15219 = DEFINITIONAL_REPRESENTATION('',(#15220),#15224);
#15220 = LINE('',#15221,#15222);
#15221 = CARTESIAN_POINT('',(1.570796326795,-1.570796326795));
#15222 = VECTOR('',#15223,1.);
#15223 = DIRECTION('',(0.,1.));
#15224 = ( GEOMETRIC_REPRESENTATION_CONTEXT(2) 
PARAMETRIC_REPRESENTATION_CONTEXT() REPRESENTATION_CONTEXT('2D SPACE',''
  ) );
#15225 = ORIENTED_EDGE('',*,*,#14461,.F.);
#15226 = ADVANCED_FACE('',(#15227),#1130,.T.);
#15227 = FACE_BOUND('',#15228,.T.);
#15228 = EDGE_LOOP('',(#15229,#15230,#15231,#15232));
#15229 = ORIENTED_EDGE('',*,*,#1113,.F.);
#15230 = ORIENTED_EDGE('',*,*,#8503,.F.);
#15231 = ORIENTED_EDGE('',*,*,#15204,.T.);
#15232 = ORIENTED_EDGE('',*,*,#7384,.F.);
#15233 = ADVANCED_FACE('',(#15234),#1011,.T.);
#15234 = FACE_BOUND('',#15235,.T.);
#15235 = EDGE_LOOP('',(#15236,#15237,#15238,#15260));
#15236 = ORIENTED_EDGE('',*,*,#994,.F.);
#15237 = ORIENTED_EDGE('',*,*,#12186,.F.);
#15238 = ORIENTED_EDGE('',*,*,#15239,.F.);
#15239 = EDGE_CURVE('',#7461,#12187,#15240,.T.);
#15240 = SURFACE_CURVE('',#15241,(#15246,#15253),.PCURVE_S1.);
#15241 = CIRCLE('',#15242,1.);
#15242 = AXIS2_PLACEMENT_3D('',#15243,#15244,#15245);
#15243 = CARTESIAN_POINT('',(-2.23,7.,-4.));
#15244 = DIRECTION('',(-1.,0.,-0.));
#15245 = DIRECTION('',(-0.,0.,1.));
#15246 = PCURVE('',#1011,#15247);
#15247 = DEFINITIONAL_REPRESENTATION('',(#15248),#15252);
#15248 = LINE('',#15249,#15250);
#15249 = CARTESIAN_POINT('',(1.570796326795,7.853981633974));
#15250 = VECTOR('',#15251,1.);
#15251 = DIRECTION('',(0.,-1.));
#15252 = ( GEOMETRIC_REPRESENTATION_CONTEXT(2) 
PARAMETRIC_REPRESENTATION_CONTEXT() REPRESENTATION_CONTEXT('2D SPACE',''
  ) );
#15253 = PCURVE('',#7478,#15254);
#15254 = DEFINITIONAL_REPRESENTATION('',(#15255),#15259);
#15255 = LINE('',#15256,#15257);
#15256 = CARTESIAN_POINT('',(7.853981633974,0.));
#15257 = VECTOR('',#15258,1.);
#15258 = DIRECTION('',(-1.,0.));
#15259 = ( GEOMETRIC_REPRESENTATION_CONTEXT(2) 
PARAMETRIC_REPRESENTATION_CONTEXT() REPRESENTATION_CONTEXT('2D SPACE',''
  ) );
#15260 = ORIENTED_EDGE('',*,*,#7536,.F.);
#15261 = ADVANCED_FACE('',(#15262),#1062,.T.);
#15262 = FACE_BOUND('',#15263,.T.);
#15263 = EDGE_LOOP('',(#15264,#15265,#15266,#15288));
#15264 = ORIENTED_EDGE('',*,*,#1047,.T.);
#15265 = ORIENTED_EDGE('',*,*,#7514,.F.);
#15266 = ORIENTED_EDGE('',*,*,#15267,.F.);
#15267 = EDGE_CURVE('',#8841,#7491,#15268,.T.);
#15268 = SURFACE_CURVE('',#15269,(#15274,#15281),.PCURVE_S1.);
#15269 = CIRCLE('',#15270,1.);
#15270 = AXIS2_PLACEMENT_3D('',#15271,#15272,#15273);
#15271 = CARTESIAN_POINT('',(-8.23,3.,-4.));
#15272 = DIRECTION('',(-1.,0.,0.));
#15273 = DIRECTION('',(0.,0.,1.));
#15274 = PCURVE('',#1062,#15275);
#15275 = DEFINITIONAL_REPRESENTATION('',(#15276),#15280);
#15276 = LINE('',#15277,#15278);
#15277 = CARTESIAN_POINT('',(1.570796326795,6.));
#15278 = VECTOR('',#15279,1.);
#15279 = DIRECTION('',(1.,0.));
#15280 = ( GEOMETRIC_REPRESENTATION_CONTEXT(2) 
PARAMETRIC_REPRESENTATION_CONTEXT() REPRESENTATION_CONTEXT('2D SPACE',''
  ) );
#15281 = PCURVE('',#4906,#15282);
#15282 = DEFINITIONAL_REPRESENTATION('',(#15283),#15287);
#15283 = LINE('',#15284,#15285);
#15284 = CARTESIAN_POINT('',(4.712388980385,1.570796326795));
#15285 = VECTOR('',#15286,1.);
#15286 = DIRECTION('',(0.,1.));
#15287 = ( GEOMETRIC_REPRESENTATION_CONTEXT(2) 
PARAMETRIC_REPRESENTATION_CONTEXT() REPRESENTATION_CONTEXT('2D SPACE',''
  ) );
#15288 = ORIENTED_EDGE('',*,*,#12262,.F.);
#15289 = ADVANCED_FACE('',(#15290),#7478,.T.);
#15290 = FACE_BOUND('',#15291,.T.);
#15291 = EDGE_LOOP('',(#15292,#15293,#15294,#15316));
#15292 = ORIENTED_EDGE('',*,*,#15239,.T.);
#15293 = ORIENTED_EDGE('',*,*,#12235,.F.);
#15294 = ORIENTED_EDGE('',*,*,#15295,.F.);
#15295 = EDGE_CURVE('',#7463,#4862,#15296,.T.);
#15296 = SURFACE_CURVE('',#15297,(#15302,#15309),.PCURVE_S1.);
#15297 = CIRCLE('',#15298,1.);
#15298 = AXIS2_PLACEMENT_3D('',#15299,#15300,#15301);
#15299 = CARTESIAN_POINT('',(-8.23,7.,-4.));
#15300 = DIRECTION('',(-1.,0.,-0.));
#15301 = DIRECTION('',(-0.,0.,1.));
#15302 = PCURVE('',#7478,#15303);
#15303 = DEFINITIONAL_REPRESENTATION('',(#15304),#15308);
#15304 = LINE('',#15305,#15306);
#15305 = CARTESIAN_POINT('',(7.853981633974,-6.));
#15306 = VECTOR('',#15307,1.);
#15307 = DIRECTION('',(-1.,1.130863886743E-15));
#15308 = ( GEOMETRIC_REPRESENTATION_CONTEXT(2) 
PARAMETRIC_REPRESENTATION_CONTEXT() REPRESENTATION_CONTEXT('2D SPACE',''
  ) );
#15309 = PCURVE('',#4906,#15310);
#15310 = DEFINITIONAL_REPRESENTATION('',(#15311),#15315);
#15311 = LINE('',#15312,#15313);
#15312 = CARTESIAN_POINT('',(1.570796326795,7.853981633974));
#15313 = VECTOR('',#15314,1.);
#15314 = DIRECTION('',(0.,-1.));
#15315 = ( GEOMETRIC_REPRESENTATION_CONTEXT(2) 
PARAMETRIC_REPRESENTATION_CONTEXT() REPRESENTATION_CONTEXT('2D SPACE',''
  ) );
#15316 = ORIENTED_EDGE('',*,*,#7460,.F.);
#15317 = ADVANCED_FACE('',(#15318),#4906,.T.);
#15318 = FACE_BOUND('',#15319,.T.);
#15319 = EDGE_LOOP('',(#15320,#15321,#15322,#15323,#15324));
#15320 = ORIENTED_EDGE('',*,*,#15267,.T.);
#15321 = ORIENTED_EDGE('',*,*,#7490,.F.);
#15322 = ORIENTED_EDGE('',*,*,#15295,.T.);
#15323 = ORIENTED_EDGE('',*,*,#4889,.F.);
#15324 = ORIENTED_EDGE('',*,*,#8840,.F.);
#15325 = ADVANCED_FACE('',(#15326),#8447,.T.);
#15326 = FACE_BOUND('',#15327,.T.);
#15327 = EDGE_LOOP('',(#15328,#15329,#15330,#15352));
#15328 = ORIENTED_EDGE('',*,*,#13231,.F.);
#15329 = ORIENTED_EDGE('',*,*,#13052,.F.);
#15330 = ORIENTED_EDGE('',*,*,#15331,.F.);
#15331 = EDGE_CURVE('',#8431,#13025,#15332,.T.);
#15332 = SURFACE_CURVE('',#15333,(#15338,#15345),.PCURVE_S1.);
#15333 = CIRCLE('',#15334,1.);
#15334 = AXIS2_PLACEMENT_3D('',#15335,#15336,#15337);
#15335 = CARTESIAN_POINT('',(-2.23,-3.,3.));
#15336 = DIRECTION('',(-1.,0.,0.));
#15337 = DIRECTION('',(0.,0.,1.));
#15338 = PCURVE('',#8447,#15339);
#15339 = DEFINITIONAL_REPRESENTATION('',(#15340),#15344);
#15340 = LINE('',#15341,#15342);
#15341 = CARTESIAN_POINT('',(1.570796326795,-1.570796326795));
#15342 = VECTOR('',#15343,1.);
#15343 = DIRECTION('',(0.,1.));
#15344 = ( GEOMETRIC_REPRESENTATION_CONTEXT(2) 
PARAMETRIC_REPRESENTATION_CONTEXT() REPRESENTATION_CONTEXT('2D SPACE',''
  ) );
#15345 = PCURVE('',#13040,#15346);
#15346 = DEFINITIONAL_REPRESENTATION('',(#15347),#15351);
#15347 = LINE('',#15348,#15349);
#15348 = CARTESIAN_POINT('',(-4.712388980385,-57.77));
#15349 = VECTOR('',#15350,1.);
#15350 = DIRECTION('',(1.,0.));
#15351 = ( GEOMETRIC_REPRESENTATION_CONTEXT(2) 
PARAMETRIC_REPRESENTATION_CONTEXT() REPRESENTATION_CONTEXT('2D SPACE',''
  ) );
#15352 = ORIENTED_EDGE('',*,*,#8428,.F.);
#15353 = ADVANCED_FACE('',(#15354),#13040,.T.);
#15354 = FACE_BOUND('',#15355,.T.);
#15355 = EDGE_LOOP('',(#15356,#15357,#15358,#15380));
#15356 = ORIENTED_EDGE('',*,*,#15331,.T.);
#15357 = ORIENTED_EDGE('',*,*,#13024,.F.);
#15358 = ORIENTED_EDGE('',*,*,#15359,.F.);
#15359 = EDGE_CURVE('',#1679,#13001,#15360,.T.);
#15360 = SURFACE_CURVE('',#15361,(#15366,#15373),.PCURVE_S1.);
#15361 = CIRCLE('',#15362,1.);
#15362 = AXIS2_PLACEMENT_3D('',#15363,#15364,#15365);
#15363 = CARTESIAN_POINT('',(-8.23,-3.,3.));
#15364 = DIRECTION('',(-1.,0.,0.));
#15365 = DIRECTION('',(0.,0.,1.));
#15366 = PCURVE('',#13040,#15367);
#15367 = DEFINITIONAL_REPRESENTATION('',(#15368),#15372);
#15368 = LINE('',#15369,#15370);
#15369 = CARTESIAN_POINT('',(-4.712388980385,-51.77));
#15370 = VECTOR('',#15371,1.);
#15371 = DIRECTION('',(1.,0.));
#15372 = ( GEOMETRIC_REPRESENTATION_CONTEXT(2) 
PARAMETRIC_REPRESENTATION_CONTEXT() REPRESENTATION_CONTEXT('2D SPACE',''
  ) );
#15373 = PCURVE('',#1785,#15374);
#15374 = DEFINITIONAL_REPRESENTATION('',(#15375),#15379);
#15375 = LINE('',#15376,#15377);
#15376 = CARTESIAN_POINT('',(1.570796326795,-1.570796326795));
#15377 = VECTOR('',#15378,1.);
#15378 = DIRECTION('',(0.,1.));
#15379 = ( GEOMETRIC_REPRESENTATION_CONTEXT(2) 
PARAMETRIC_REPRESENTATION_CONTEXT() REPRESENTATION_CONTEXT('2D SPACE',''
  ) );
#15380 = ORIENTED_EDGE('',*,*,#14483,.F.);
#15381 = ADVANCED_FACE('',(#15382),#1785,.T.);
#15382 = FACE_BOUND('',#15383,.T.);
#15383 = EDGE_LOOP('',(#15384,#15385,#15386,#15387));
#15384 = ORIENTED_EDGE('',*,*,#13310,.F.);
#15385 = ORIENTED_EDGE('',*,*,#1770,.F.);
#15386 = ORIENTED_EDGE('',*,*,#15359,.T.);
#15387 = ORIENTED_EDGE('',*,*,#13000,.F.);
#15388 = ADVANCED_FACE('',(#15389),#12152,.T.);
#15389 = FACE_BOUND('',#15390,.T.);
#15390 = EDGE_LOOP('',(#15391,#15392,#15393,#15415));
#15391 = ORIENTED_EDGE('',*,*,#13173,.F.);
#15392 = ORIENTED_EDGE('',*,*,#12135,.F.);
#15393 = ORIENTED_EDGE('',*,*,#15394,.F.);
#15394 = EDGE_CURVE('',#13100,#12136,#15395,.T.);
#15395 = SURFACE_CURVE('',#15396,(#15401,#15408),.PCURVE_S1.);
#15396 = CIRCLE('',#15397,1.);
#15397 = AXIS2_PLACEMENT_3D('',#15398,#15399,#15400);
#15398 = CARTESIAN_POINT('',(-2.23,3.,3.));
#15399 = DIRECTION('',(-1.,0.,0.));
#15400 = DIRECTION('',(0.,0.,1.));
#15401 = PCURVE('',#12152,#15402);
#15402 = DEFINITIONAL_REPRESENTATION('',(#15403),#15407);
#15403 = LINE('',#15404,#15405);
#15404 = CARTESIAN_POINT('',(4.712388980385,4.712388980385));
#15405 = VECTOR('',#15406,1.);
#15406 = DIRECTION('',(0.,-1.));
#15407 = ( GEOMETRIC_REPRESENTATION_CONTEXT(2) 
PARAMETRIC_REPRESENTATION_CONTEXT() REPRESENTATION_CONTEXT('2D SPACE',''
  ) );
#15408 = PCURVE('',#12298,#15409);
#15409 = DEFINITIONAL_REPRESENTATION('',(#15410),#15414);
#15410 = LINE('',#15411,#15412);
#15411 = CARTESIAN_POINT('',(1.570796326795,0.));
#15412 = VECTOR('',#15413,1.);
#15413 = DIRECTION('',(-1.,0.));
#15414 = ( GEOMETRIC_REPRESENTATION_CONTEXT(2) 
PARAMETRIC_REPRESENTATION_CONTEXT() REPRESENTATION_CONTEXT('2D SPACE',''
  ) );
#15415 = ORIENTED_EDGE('',*,*,#13099,.F.);
#15416 = ADVANCED_FACE('',(#15417),#12298,.T.);
#15417 = FACE_BOUND('',#15418,.T.);
#15418 = EDGE_LOOP('',(#15419,#15420,#15421,#15443));
#15419 = ORIENTED_EDGE('',*,*,#15394,.T.);
#15420 = ORIENTED_EDGE('',*,*,#12284,.F.);
#15421 = ORIENTED_EDGE('',*,*,#15422,.F.);
#15422 = EDGE_CURVE('',#13124,#8865,#15423,.T.);
#15423 = SURFACE_CURVE('',#15424,(#15429,#15436),.PCURVE_S1.);
#15424 = CIRCLE('',#15425,1.);
#15425 = AXIS2_PLACEMENT_3D('',#15426,#15427,#15428);
#15426 = CARTESIAN_POINT('',(-8.23,3.,3.));
#15427 = DIRECTION('',(-1.,0.,0.));
#15428 = DIRECTION('',(0.,0.,1.));
#15429 = PCURVE('',#12298,#15430);
#15430 = DEFINITIONAL_REPRESENTATION('',(#15431),#15435);
#15431 = LINE('',#15432,#15433);
#15432 = CARTESIAN_POINT('',(1.570796326795,-6.));
#15433 = VECTOR('',#15434,1.);
#15434 = DIRECTION('',(-1.,0.));
#15435 = ( GEOMETRIC_REPRESENTATION_CONTEXT(2) 
PARAMETRIC_REPRESENTATION_CONTEXT() REPRESENTATION_CONTEXT('2D SPACE',''
  ) );
#15436 = PCURVE('',#8907,#15437);
#15437 = DEFINITIONAL_REPRESENTATION('',(#15438),#15442);
#15438 = LINE('',#15439,#15440);
#15439 = CARTESIAN_POINT('',(4.712388980385,4.712388980385));
#15440 = VECTOR('',#15441,1.);
#15441 = DIRECTION('',(0.,-1.));
#15442 = ( GEOMETRIC_REPRESENTATION_CONTEXT(2) 
PARAMETRIC_REPRESENTATION_CONTEXT() REPRESENTATION_CONTEXT('2D SPACE',''
  ) );
#15443 = ORIENTED_EDGE('',*,*,#13123,.F.);
#15444 = ADVANCED_FACE('',(#15445),#8907,.T.);
#15445 = FACE_BOUND('',#15446,.T.);
#15446 = EDGE_LOOP('',(#15447,#15448,#15449,#15450));
#15447 = ORIENTED_EDGE('',*,*,#13368,.F.);
#15448 = ORIENTED_EDGE('',*,*,#13146,.F.);
#15449 = ORIENTED_EDGE('',*,*,#15422,.T.);
#15450 = ORIENTED_EDGE('',*,*,#8892,.F.);
#15451 = ADVANCED_FACE('',(#15452),#1608,.T.);
#15452 = FACE_BOUND('',#15453,.T.);
#15453 = EDGE_LOOP('',(#15454,#15476,#15477,#15478,#15500));
#15454 = ORIENTED_EDGE('',*,*,#15455,.F.);
#15455 = EDGE_CURVE('',#1559,#7209,#15456,.T.);
#15456 = SURFACE_CURVE('',#15457,(#15462,#15469),.PCURVE_S1.);
#15457 = CIRCLE('',#15458,1.);
#15458 = AXIS2_PLACEMENT_3D('',#15459,#15460,#15461);
#15459 = CARTESIAN_POINT('',(-38.23,-3.,-4.));
#15460 = DIRECTION('',(1.,0.,0.));
#15461 = DIRECTION('',(0.,0.,-1.));
#15462 = PCURVE('',#1608,#15463);
#15463 = DEFINITIONAL_REPRESENTATION('',(#15464),#15468);
#15464 = LINE('',#15465,#15466);
#15465 = CARTESIAN_POINT('',(1.570796326795,-1.570796326795));
#15466 = VECTOR('',#15467,1.);
#15467 = DIRECTION('',(0.,1.));
#15468 = ( GEOMETRIC_REPRESENTATION_CONTEXT(2) 
PARAMETRIC_REPRESENTATION_CONTEXT() REPRESENTATION_CONTEXT('2D SPACE',''
  ) );
#15469 = PCURVE('',#7224,#15470);
#15470 = DEFINITIONAL_REPRESENTATION('',(#15471),#15475);
#15471 = LINE('',#15472,#15473);
#15472 = CARTESIAN_POINT('',(-1.570796326795,-123.));
#15473 = VECTOR('',#15474,1.);
#15474 = DIRECTION('',(1.,0.));
#15475 = ( GEOMETRIC_REPRESENTATION_CONTEXT(2) 
PARAMETRIC_REPRESENTATION_CONTEXT() REPRESENTATION_CONTEXT('2D SPACE',''
  ) );
#15476 = ORIENTED_EDGE('',*,*,#1591,.F.);
#15477 = ORIENTED_EDGE('',*,*,#14632,.F.);
#15478 = ORIENTED_EDGE('',*,*,#15479,.F.);
#15479 = EDGE_CURVE('',#7161,#14633,#15480,.T.);
#15480 = SURFACE_CURVE('',#15481,(#15486,#15493),.PCURVE_S1.);
#15481 = CIRCLE('',#15482,1.);
#15482 = AXIS2_PLACEMENT_3D('',#15483,#15484,#15485);
#15483 = CARTESIAN_POINT('',(-38.23,-7.,-4.));
#15484 = DIRECTION('',(1.,-0.,0.));
#15485 = DIRECTION('',(0.,0.,-1.));
#15486 = PCURVE('',#1608,#15487);
#15487 = DEFINITIONAL_REPRESENTATION('',(#15488),#15492);
#15488 = LINE('',#15489,#15490);
#15489 = CARTESIAN_POINT('',(4.712388980385,4.712388980385));
#15490 = VECTOR('',#15491,1.);
#15491 = DIRECTION('',(0.,-1.));
#15492 = ( GEOMETRIC_REPRESENTATION_CONTEXT(2) 
PARAMETRIC_REPRESENTATION_CONTEXT() REPRESENTATION_CONTEXT('2D SPACE',''
  ) );
#15493 = PCURVE('',#943,#15494);
#15494 = DEFINITIONAL_REPRESENTATION('',(#15495),#15499);
#15495 = LINE('',#15496,#15497);
#15496 = CARTESIAN_POINT('',(4.712388980385,123.));
#15497 = VECTOR('',#15498,1.);
#15498 = DIRECTION('',(-1.,0.));
#15499 = ( GEOMETRIC_REPRESENTATION_CONTEXT(2) 
PARAMETRIC_REPRESENTATION_CONTEXT() REPRESENTATION_CONTEXT('2D SPACE',''
  ) );
#15500 = ORIENTED_EDGE('',*,*,#7236,.F.);
#15501 = ADVANCED_FACE('',(#15502),#943,.T.);
#15502 = FACE_BOUND('',#15503,.T.);
#15503 = EDGE_LOOP('',(#15504,#15505,#15506,#15507));
#15504 = ORIENTED_EDGE('',*,*,#15479,.T.);
#15505 = ORIENTED_EDGE('',*,*,#14684,.F.);
#15506 = ORIENTED_EDGE('',*,*,#928,.F.);
#15507 = ORIENTED_EDGE('',*,*,#7160,.F.);
#15508 = ADVANCED_FACE('',(#15509),#7224,.T.);
#15509 = FACE_BOUND('',#15510,.T.);
#15510 = EDGE_LOOP('',(#15511,#15512,#15513,#15535));
#15511 = ORIENTED_EDGE('',*,*,#15455,.T.);
#15512 = ORIENTED_EDGE('',*,*,#7208,.F.);
#15513 = ORIENTED_EDGE('',*,*,#15514,.F.);
#15514 = EDGE_CURVE('',#8381,#7185,#15515,.T.);
#15515 = SURFACE_CURVE('',#15516,(#15521,#15528),.PCURVE_S1.);
#15516 = CIRCLE('',#15517,1.);
#15517 = AXIS2_PLACEMENT_3D('',#15518,#15519,#15520);
#15518 = CARTESIAN_POINT('',(-32.23,-3.,-4.));
#15519 = DIRECTION('',(1.,0.,0.));
#15520 = DIRECTION('',(0.,0.,-1.));
#15521 = PCURVE('',#7224,#15522);
#15522 = DEFINITIONAL_REPRESENTATION('',(#15523),#15527);
#15523 = LINE('',#15524,#15525);
#15524 = CARTESIAN_POINT('',(-1.570796326795,-117.));
#15525 = VECTOR('',#15526,1.);
#15526 = DIRECTION('',(1.,0.));
#15527 = ( GEOMETRIC_REPRESENTATION_CONTEXT(2) 
PARAMETRIC_REPRESENTATION_CONTEXT() REPRESENTATION_CONTEXT('2D SPACE',''
  ) );
#15528 = PCURVE('',#892,#15529);
#15529 = DEFINITIONAL_REPRESENTATION('',(#15530),#15534);
#15530 = LINE('',#15531,#15532);
#15531 = CARTESIAN_POINT('',(1.570796326795,-1.570796326795));
#15532 = VECTOR('',#15533,1.);
#15533 = DIRECTION('',(0.,1.));
#15534 = ( GEOMETRIC_REPRESENTATION_CONTEXT(2) 
PARAMETRIC_REPRESENTATION_CONTEXT() REPRESENTATION_CONTEXT('2D SPACE',''
  ) );
#15535 = ORIENTED_EDGE('',*,*,#14586,.F.);
#15536 = ADVANCED_FACE('',(#15537),#892,.T.);
#15537 = FACE_BOUND('',#15538,.T.);
#15538 = EDGE_LOOP('',(#15539,#15540,#15541,#15542));
#15539 = ORIENTED_EDGE('',*,*,#875,.F.);
#15540 = ORIENTED_EDGE('',*,*,#8380,.F.);
#15541 = ORIENTED_EDGE('',*,*,#15514,.T.);
#15542 = ORIENTED_EDGE('',*,*,#7184,.F.);
#15543 = ADVANCED_FACE('',(#15544),#773,.T.);
#15544 = FACE_BOUND('',#15545,.T.);
#15545 = EDGE_LOOP('',(#15546,#15547,#15548,#15570));
#15546 = ORIENTED_EDGE('',*,*,#756,.F.);
#15547 = ORIENTED_EDGE('',*,*,#11984,.F.);
#15548 = ORIENTED_EDGE('',*,*,#15549,.F.);
#15549 = EDGE_CURVE('',#7261,#11985,#15550,.T.);
#15550 = SURFACE_CURVE('',#15551,(#15556,#15563),.PCURVE_S1.);
#15551 = CIRCLE('',#15552,1.);
#15552 = AXIS2_PLACEMENT_3D('',#15553,#15554,#15555);
#15553 = CARTESIAN_POINT('',(-32.23,7.,-4.));
#15554 = DIRECTION('',(-1.,0.,-0.));
#15555 = DIRECTION('',(-0.,0.,1.));
#15556 = PCURVE('',#773,#15557);
#15557 = DEFINITIONAL_REPRESENTATION('',(#15558),#15562);
#15558 = LINE('',#15559,#15560);
#15559 = CARTESIAN_POINT('',(1.570796326795,7.853981633974));
#15560 = VECTOR('',#15561,1.);
#15561 = DIRECTION('',(0.,-1.));
#15562 = ( GEOMETRIC_REPRESENTATION_CONTEXT(2) 
PARAMETRIC_REPRESENTATION_CONTEXT() REPRESENTATION_CONTEXT('2D SPACE',''
  ) );
#15563 = PCURVE('',#7278,#15564);
#15564 = DEFINITIONAL_REPRESENTATION('',(#15565),#15569);
#15565 = LINE('',#15566,#15567);
#15566 = CARTESIAN_POINT('',(7.853981633974,0.));
#15567 = VECTOR('',#15568,1.);
#15568 = DIRECTION('',(-1.,0.));
#15569 = ( GEOMETRIC_REPRESENTATION_CONTEXT(2) 
PARAMETRIC_REPRESENTATION_CONTEXT() REPRESENTATION_CONTEXT('2D SPACE',''
  ) );
#15570 = ORIENTED_EDGE('',*,*,#7336,.F.);
#15571 = ADVANCED_FACE('',(#15572),#824,.T.);
#15572 = FACE_BOUND('',#15573,.T.);
#15573 = EDGE_LOOP('',(#15574,#15575,#15576,#15598));
#15574 = ORIENTED_EDGE('',*,*,#809,.T.);
#15575 = ORIENTED_EDGE('',*,*,#7314,.F.);
#15576 = ORIENTED_EDGE('',*,*,#15577,.F.);
#15577 = EDGE_CURVE('',#8758,#7291,#15578,.T.);
#15578 = SURFACE_CURVE('',#15579,(#15584,#15591),.PCURVE_S1.);
#15579 = CIRCLE('',#15580,1.);
#15580 = AXIS2_PLACEMENT_3D('',#15581,#15582,#15583);
#15581 = CARTESIAN_POINT('',(-38.23,3.,-4.));
#15582 = DIRECTION('',(-1.,0.,0.));
#15583 = DIRECTION('',(0.,0.,1.));
#15584 = PCURVE('',#824,#15585);
#15585 = DEFINITIONAL_REPRESENTATION('',(#15586),#15590);
#15586 = LINE('',#15587,#15588);
#15587 = CARTESIAN_POINT('',(1.570796326795,6.));
#15588 = VECTOR('',#15589,1.);
#15589 = DIRECTION('',(1.,0.));
#15590 = ( GEOMETRIC_REPRESENTATION_CONTEXT(2) 
PARAMETRIC_REPRESENTATION_CONTEXT() REPRESENTATION_CONTEXT('2D SPACE',''
  ) );
#15591 = PCURVE('',#5055,#15592);
#15592 = DEFINITIONAL_REPRESENTATION('',(#15593),#15597);
#15593 = LINE('',#15594,#15595);
#15594 = CARTESIAN_POINT('',(4.712388980385,1.570796326795));
#15595 = VECTOR('',#15596,1.);
#15596 = DIRECTION('',(0.,1.));
#15597 = ( GEOMETRIC_REPRESENTATION_CONTEXT(2) 
PARAMETRIC_REPRESENTATION_CONTEXT() REPRESENTATION_CONTEXT('2D SPACE',''
  ) );
#15598 = ORIENTED_EDGE('',*,*,#12060,.F.);
#15599 = ADVANCED_FACE('',(#15600),#7278,.T.);
#15600 = FACE_BOUND('',#15601,.T.);
#15601 = EDGE_LOOP('',(#15602,#15603,#15604,#15626));
#15602 = ORIENTED_EDGE('',*,*,#15549,.T.);
#15603 = ORIENTED_EDGE('',*,*,#12033,.F.);
#15604 = ORIENTED_EDGE('',*,*,#15605,.F.);
#15605 = EDGE_CURVE('',#7263,#5011,#15606,.T.);
#15606 = SURFACE_CURVE('',#15607,(#15612,#15619),.PCURVE_S1.);
#15607 = CIRCLE('',#15608,1.);
#15608 = AXIS2_PLACEMENT_3D('',#15609,#15610,#15611);
#15609 = CARTESIAN_POINT('',(-38.23,7.,-4.));
#15610 = DIRECTION('',(-1.,0.,-0.));
#15611 = DIRECTION('',(-0.,0.,1.));
#15612 = PCURVE('',#7278,#15613);
#15613 = DEFINITIONAL_REPRESENTATION('',(#15614),#15618);
#15614 = LINE('',#15615,#15616);
#15615 = CARTESIAN_POINT('',(7.853981633974,-6.));
#15616 = VECTOR('',#15617,1.);
#15617 = DIRECTION('',(-1.,0.));
#15618 = ( GEOMETRIC_REPRESENTATION_CONTEXT(2) 
PARAMETRIC_REPRESENTATION_CONTEXT() REPRESENTATION_CONTEXT('2D SPACE',''
  ) );
#15619 = PCURVE('',#5055,#15620);
#15620 = DEFINITIONAL_REPRESENTATION('',(#15621),#15625);
#15621 = LINE('',#15622,#15623);
#15622 = CARTESIAN_POINT('',(1.570796326795,7.853981633974));
#15623 = VECTOR('',#15624,1.);
#15624 = DIRECTION('',(0.,-1.));
#15625 = ( GEOMETRIC_REPRESENTATION_CONTEXT(2) 
PARAMETRIC_REPRESENTATION_CONTEXT() REPRESENTATION_CONTEXT('2D SPACE',''
  ) );
#15626 = ORIENTED_EDGE('',*,*,#7260,.F.);
#15627 = ADVANCED_FACE('',(#15628),#5055,.T.);
#15628 = FACE_BOUND('',#15629,.T.);
#15629 = EDGE_LOOP('',(#15630,#15631,#15632,#15633,#15634));
#15630 = ORIENTED_EDGE('',*,*,#15577,.T.);
#15631 = ORIENTED_EDGE('',*,*,#7290,.F.);
#15632 = ORIENTED_EDGE('',*,*,#15605,.T.);
#15633 = ORIENTED_EDGE('',*,*,#5038,.F.);
#15634 = ORIENTED_EDGE('',*,*,#8757,.F.);
#15635 = ADVANCED_FACE('',(#15636),#8324,.T.);
#15636 = FACE_BOUND('',#15637,.T.);
#15637 = EDGE_LOOP('',(#15638,#15639,#15640,#15662));
#15638 = ORIENTED_EDGE('',*,*,#13686,.F.);
#15639 = ORIENTED_EDGE('',*,*,#13507,.F.);
#15640 = ORIENTED_EDGE('',*,*,#15641,.F.);
#15641 = EDGE_CURVE('',#8308,#13480,#15642,.T.);
#15642 = SURFACE_CURVE('',#15643,(#15648,#15655),.PCURVE_S1.);
#15643 = CIRCLE('',#15644,1.);
#15644 = AXIS2_PLACEMENT_3D('',#15645,#15646,#15647);
#15645 = CARTESIAN_POINT('',(-32.23,-3.,3.));
#15646 = DIRECTION('',(-1.,0.,0.));
#15647 = DIRECTION('',(0.,0.,1.));
#15648 = PCURVE('',#8324,#15649);
#15649 = DEFINITIONAL_REPRESENTATION('',(#15650),#15654);
#15650 = LINE('',#15651,#15652);
#15651 = CARTESIAN_POINT('',(1.570796326795,-1.570796326795));
#15652 = VECTOR('',#15653,1.);
#15653 = DIRECTION('',(0.,1.));
#15654 = ( GEOMETRIC_REPRESENTATION_CONTEXT(2) 
PARAMETRIC_REPRESENTATION_CONTEXT() REPRESENTATION_CONTEXT('2D SPACE',''
  ) );
#15655 = PCURVE('',#13495,#15656);
#15656 = DEFINITIONAL_REPRESENTATION('',(#15657),#15661);
#15657 = LINE('',#15658,#15659);
#15658 = CARTESIAN_POINT('',(-4.712388980385,-57.77));
#15659 = VECTOR('',#15660,1.);
#15660 = DIRECTION('',(1.,0.));
#15661 = ( GEOMETRIC_REPRESENTATION_CONTEXT(2) 
PARAMETRIC_REPRESENTATION_CONTEXT() REPRESENTATION_CONTEXT('2D SPACE',''
  ) );
#15662 = ORIENTED_EDGE('',*,*,#8305,.F.);
#15663 = ADVANCED_FACE('',(#15664),#13495,.T.);
#15664 = FACE_BOUND('',#15665,.T.);
#15665 = EDGE_LOOP('',(#15666,#15667,#15668,#15690));
#15666 = ORIENTED_EDGE('',*,*,#15641,.T.);
#15667 = ORIENTED_EDGE('',*,*,#13479,.F.);
#15668 = ORIENTED_EDGE('',*,*,#15669,.F.);
#15669 = EDGE_CURVE('',#1557,#13456,#15670,.T.);
#15670 = SURFACE_CURVE('',#15671,(#15676,#15683),.PCURVE_S1.);
#15671 = CIRCLE('',#15672,1.);
#15672 = AXIS2_PLACEMENT_3D('',#15673,#15674,#15675);
#15673 = CARTESIAN_POINT('',(-38.23,-3.,3.));
#15674 = DIRECTION('',(-1.,0.,0.));
#15675 = DIRECTION('',(0.,0.,1.));
#15676 = PCURVE('',#13495,#15677);
#15677 = DEFINITIONAL_REPRESENTATION('',(#15678),#15682);
#15678 = LINE('',#15679,#15680);
#15679 = CARTESIAN_POINT('',(-4.712388980385,-51.77));
#15680 = VECTOR('',#15681,1.);
#15681 = DIRECTION('',(1.,0.));
#15682 = ( GEOMETRIC_REPRESENTATION_CONTEXT(2) 
PARAMETRIC_REPRESENTATION_CONTEXT() REPRESENTATION_CONTEXT('2D SPACE',''
  ) );
#15683 = PCURVE('',#1663,#15684);
#15684 = DEFINITIONAL_REPRESENTATION('',(#15685),#15689);
#15685 = LINE('',#15686,#15687);
#15686 = CARTESIAN_POINT('',(1.570796326795,-1.570796326795));
#15687 = VECTOR('',#15688,1.);
#15688 = DIRECTION('',(0.,1.));
#15689 = ( GEOMETRIC_REPRESENTATION_CONTEXT(2) 
PARAMETRIC_REPRESENTATION_CONTEXT() REPRESENTATION_CONTEXT('2D SPACE',''
  ) );
#15690 = ORIENTED_EDGE('',*,*,#14608,.F.);
#15691 = ADVANCED_FACE('',(#15692),#1663,.T.);
#15692 = FACE_BOUND('',#15693,.T.);
#15693 = EDGE_LOOP('',(#15694,#15695,#15696,#15697));
#15694 = ORIENTED_EDGE('',*,*,#13765,.F.);
#15695 = ORIENTED_EDGE('',*,*,#1648,.F.);
#15696 = ORIENTED_EDGE('',*,*,#15669,.T.);
#15697 = ORIENTED_EDGE('',*,*,#13455,.F.);
#15698 = ADVANCED_FACE('',(#15699),#11950,.T.);
#15699 = FACE_BOUND('',#15700,.T.);
#15700 = EDGE_LOOP('',(#15701,#15702,#15703,#15725));
#15701 = ORIENTED_EDGE('',*,*,#13628,.F.);
#15702 = ORIENTED_EDGE('',*,*,#11933,.F.);
#15703 = ORIENTED_EDGE('',*,*,#15704,.F.);
#15704 = EDGE_CURVE('',#13555,#11934,#15705,.T.);
#15705 = SURFACE_CURVE('',#15706,(#15711,#15718),.PCURVE_S1.);
#15706 = CIRCLE('',#15707,1.);
#15707 = AXIS2_PLACEMENT_3D('',#15708,#15709,#15710);
#15708 = CARTESIAN_POINT('',(-32.23,3.,3.));
#15709 = DIRECTION('',(-1.,0.,0.));
#15710 = DIRECTION('',(0.,0.,1.));
#15711 = PCURVE('',#11950,#15712);
#15712 = DEFINITIONAL_REPRESENTATION('',(#15713),#15717);
#15713 = LINE('',#15714,#15715);
#15714 = CARTESIAN_POINT('',(4.712388980385,4.712388980385));
#15715 = VECTOR('',#15716,1.);
#15716 = DIRECTION('',(0.,-1.));
#15717 = ( GEOMETRIC_REPRESENTATION_CONTEXT(2) 
PARAMETRIC_REPRESENTATION_CONTEXT() REPRESENTATION_CONTEXT('2D SPACE',''
  ) );
#15718 = PCURVE('',#12096,#15719);
#15719 = DEFINITIONAL_REPRESENTATION('',(#15720),#15724);
#15720 = LINE('',#15721,#15722);
#15721 = CARTESIAN_POINT('',(1.570796326795,0.));
#15722 = VECTOR('',#15723,1.);
#15723 = DIRECTION('',(-1.,0.));
#15724 = ( GEOMETRIC_REPRESENTATION_CONTEXT(2) 
PARAMETRIC_REPRESENTATION_CONTEXT() REPRESENTATION_CONTEXT('2D SPACE',''
  ) );
#15725 = ORIENTED_EDGE('',*,*,#13554,.F.);
#15726 = ADVANCED_FACE('',(#15727),#12096,.T.);
#15727 = FACE_BOUND('',#15728,.T.);
#15728 = EDGE_LOOP('',(#15729,#15730,#15731,#15753));
#15729 = ORIENTED_EDGE('',*,*,#15704,.T.);
#15730 = ORIENTED_EDGE('',*,*,#12082,.F.);
#15731 = ORIENTED_EDGE('',*,*,#15732,.F.);
#15732 = EDGE_CURVE('',#13579,#8782,#15733,.T.);
#15733 = SURFACE_CURVE('',#15734,(#15739,#15746),.PCURVE_S1.);
#15734 = CIRCLE('',#15735,1.);
#15735 = AXIS2_PLACEMENT_3D('',#15736,#15737,#15738);
#15736 = CARTESIAN_POINT('',(-38.23,3.,3.));
#15737 = DIRECTION('',(-1.,0.,0.));
#15738 = DIRECTION('',(0.,0.,1.));
#15739 = PCURVE('',#12096,#15740);
#15740 = DEFINITIONAL_REPRESENTATION('',(#15741),#15745);
#15741 = LINE('',#15742,#15743);
#15742 = CARTESIAN_POINT('',(1.570796326795,-6.));
#15743 = VECTOR('',#15744,1.);
#15744 = DIRECTION('',(-1.,0.));
#15745 = ( GEOMETRIC_REPRESENTATION_CONTEXT(2) 
PARAMETRIC_REPRESENTATION_CONTEXT() REPRESENTATION_CONTEXT('2D SPACE',''
  ) );
#15746 = PCURVE('',#8824,#15747);
#15747 = DEFINITIONAL_REPRESENTATION('',(#15748),#15752);
#15748 = LINE('',#15749,#15750);
#15749 = CARTESIAN_POINT('',(4.712388980385,4.712388980385));
#15750 = VECTOR('',#15751,1.);
#15751 = DIRECTION('',(0.,-1.));
#15752 = ( GEOMETRIC_REPRESENTATION_CONTEXT(2) 
PARAMETRIC_REPRESENTATION_CONTEXT() REPRESENTATION_CONTEXT('2D SPACE',''
  ) );
#15753 = ORIENTED_EDGE('',*,*,#13578,.F.);
#15754 = ADVANCED_FACE('',(#15755),#8824,.T.);
#15755 = FACE_BOUND('',#15756,.T.);
#15756 = EDGE_LOOP('',(#15757,#15758,#15759,#15760));
#15757 = ORIENTED_EDGE('',*,*,#13823,.F.);
#15758 = ORIENTED_EDGE('',*,*,#13601,.F.);
#15759 = ORIENTED_EDGE('',*,*,#15732,.T.);
#15760 = ORIENTED_EDGE('',*,*,#8809,.F.);
#15761 = ADVANCED_FACE('',(#15762),#1486,.T.);
#15762 = FACE_BOUND('',#15763,.T.);
#15763 = EDGE_LOOP('',(#15764,#15786,#15787,#15788,#15810));
#15764 = ORIENTED_EDGE('',*,*,#15765,.F.);
#15765 = EDGE_CURVE('',#1437,#7009,#15766,.T.);
#15766 = SURFACE_CURVE('',#15767,(#15772,#15779),.PCURVE_S1.);
#15767 = CIRCLE('',#15768,1.);
#15768 = AXIS2_PLACEMENT_3D('',#15769,#15770,#15771);
#15769 = CARTESIAN_POINT('',(-68.23,-3.,-4.));
#15770 = DIRECTION('',(1.,0.,0.));
#15771 = DIRECTION('',(0.,0.,-1.));
#15772 = PCURVE('',#1486,#15773);
#15773 = DEFINITIONAL_REPRESENTATION('',(#15774),#15778);
#15774 = LINE('',#15775,#15776);
#15775 = CARTESIAN_POINT('',(1.570796326795,-1.570796326795));
#15776 = VECTOR('',#15777,1.);
#15777 = DIRECTION('',(0.,1.));
#15778 = ( GEOMETRIC_REPRESENTATION_CONTEXT(2) 
PARAMETRIC_REPRESENTATION_CONTEXT() REPRESENTATION_CONTEXT('2D SPACE',''
  ) );
#15779 = PCURVE('',#7024,#15780);
#15780 = DEFINITIONAL_REPRESENTATION('',(#15781),#15785);
#15781 = LINE('',#15782,#15783);
#15782 = CARTESIAN_POINT('',(-1.570796326795,-153.));
#15783 = VECTOR('',#15784,1.);
#15784 = DIRECTION('',(1.,0.));
#15785 = ( GEOMETRIC_REPRESENTATION_CONTEXT(2) 
PARAMETRIC_REPRESENTATION_CONTEXT() REPRESENTATION_CONTEXT('2D SPACE',''
  ) );
#15786 = ORIENTED_EDGE('',*,*,#1469,.F.);
#15787 = ORIENTED_EDGE('',*,*,#14757,.F.);
#15788 = ORIENTED_EDGE('',*,*,#15789,.F.);
#15789 = EDGE_CURVE('',#6961,#14758,#15790,.T.);
#15790 = SURFACE_CURVE('',#15791,(#15796,#15803),.PCURVE_S1.);
#15791 = CIRCLE('',#15792,1.);
#15792 = AXIS2_PLACEMENT_3D('',#15793,#15794,#15795);
#15793 = CARTESIAN_POINT('',(-68.23,-7.,-4.));
#15794 = DIRECTION('',(1.,-0.,0.));
#15795 = DIRECTION('',(0.,0.,-1.));
#15796 = PCURVE('',#1486,#15797);
#15797 = DEFINITIONAL_REPRESENTATION('',(#15798),#15802);
#15798 = LINE('',#15799,#15800);
#15799 = CARTESIAN_POINT('',(4.712388980385,4.712388980385));
#15800 = VECTOR('',#15801,1.);
#15801 = DIRECTION('',(0.,-1.));
#15802 = ( GEOMETRIC_REPRESENTATION_CONTEXT(2) 
PARAMETRIC_REPRESENTATION_CONTEXT() REPRESENTATION_CONTEXT('2D SPACE',''
  ) );
#15803 = PCURVE('',#705,#15804);
#15804 = DEFINITIONAL_REPRESENTATION('',(#15805),#15809);
#15805 = LINE('',#15806,#15807);
#15806 = CARTESIAN_POINT('',(4.712388980385,153.));
#15807 = VECTOR('',#15808,1.);
#15808 = DIRECTION('',(-1.,0.));
#15809 = ( GEOMETRIC_REPRESENTATION_CONTEXT(2) 
PARAMETRIC_REPRESENTATION_CONTEXT() REPRESENTATION_CONTEXT('2D SPACE',''
  ) );
#15810 = ORIENTED_EDGE('',*,*,#7036,.F.);
#15811 = ADVANCED_FACE('',(#15812),#705,.T.);
#15812 = FACE_BOUND('',#15813,.T.);
#15813 = EDGE_LOOP('',(#15814,#15815,#15816,#15817));
#15814 = ORIENTED_EDGE('',*,*,#15789,.T.);
#15815 = ORIENTED_EDGE('',*,*,#14809,.F.);
#15816 = ORIENTED_EDGE('',*,*,#690,.F.);
#15817 = ORIENTED_EDGE('',*,*,#6960,.F.);
#15818 = ADVANCED_FACE('',(#15819),#7024,.T.);
#15819 = FACE_BOUND('',#15820,.T.);
#15820 = EDGE_LOOP('',(#15821,#15822,#15823,#15845));
#15821 = ORIENTED_EDGE('',*,*,#15765,.T.);
#15822 = ORIENTED_EDGE('',*,*,#7008,.F.);
#15823 = ORIENTED_EDGE('',*,*,#15824,.F.);
#15824 = EDGE_CURVE('',#5384,#6985,#15825,.T.);
#15825 = SURFACE_CURVE('',#15826,(#15831,#15838),.PCURVE_S1.);
#15826 = CIRCLE('',#15827,1.);
#15827 = AXIS2_PLACEMENT_3D('',#15828,#15829,#15830);
#15828 = CARTESIAN_POINT('',(-62.23,-3.,-4.));
#15829 = DIRECTION('',(1.,0.,0.));
#15830 = DIRECTION('',(0.,0.,-1.));
#15831 = PCURVE('',#7024,#15832);
#15832 = DEFINITIONAL_REPRESENTATION('',(#15833),#15837);
#15833 = LINE('',#15834,#15835);
#15834 = CARTESIAN_POINT('',(-1.570796326795,-147.));
#15835 = VECTOR('',#15836,1.);
#15836 = DIRECTION('',(1.,0.));
#15837 = ( GEOMETRIC_REPRESENTATION_CONTEXT(2) 
PARAMETRIC_REPRESENTATION_CONTEXT() REPRESENTATION_CONTEXT('2D SPACE',''
  ) );
#15838 = PCURVE('',#654,#15839);
#15839 = DEFINITIONAL_REPRESENTATION('',(#15840),#15844);
#15840 = LINE('',#15841,#15842);
#15841 = CARTESIAN_POINT('',(1.570796326795,-1.570796326795));
#15842 = VECTOR('',#15843,1.);
#15843 = DIRECTION('',(0.,1.));
#15844 = ( GEOMETRIC_REPRESENTATION_CONTEXT(2) 
PARAMETRIC_REPRESENTATION_CONTEXT() REPRESENTATION_CONTEXT('2D SPACE',''
  ) );
#15845 = ORIENTED_EDGE('',*,*,#14711,.F.);
#15846 = ADVANCED_FACE('',(#15847),#654,.T.);
#15847 = FACE_BOUND('',#15848,.T.);
#15848 = EDGE_LOOP('',(#15849,#15850,#15851,#15852));
#15849 = ORIENTED_EDGE('',*,*,#637,.F.);
#15850 = ORIENTED_EDGE('',*,*,#5383,.F.);
#15851 = ORIENTED_EDGE('',*,*,#15824,.T.);
#15852 = ORIENTED_EDGE('',*,*,#6984,.F.);
#15853 = ADVANCED_FACE('',(#15854),#535,.T.);
#15854 = FACE_BOUND('',#15855,.T.);
#15855 = EDGE_LOOP('',(#15856,#15857,#15858,#15880));
#15856 = ORIENTED_EDGE('',*,*,#518,.F.);
#15857 = ORIENTED_EDGE('',*,*,#11782,.F.);
#15858 = ORIENTED_EDGE('',*,*,#15859,.F.);
#15859 = EDGE_CURVE('',#7061,#11783,#15860,.T.);
#15860 = SURFACE_CURVE('',#15861,(#15866,#15873),.PCURVE_S1.);
#15861 = CIRCLE('',#15862,1.);
#15862 = AXIS2_PLACEMENT_3D('',#15863,#15864,#15865);
#15863 = CARTESIAN_POINT('',(-62.23,7.,-4.));
#15864 = DIRECTION('',(-1.,0.,-0.));
#15865 = DIRECTION('',(-0.,0.,1.));
#15866 = PCURVE('',#535,#15867);
#15867 = DEFINITIONAL_REPRESENTATION('',(#15868),#15872);
#15868 = LINE('',#15869,#15870);
#15869 = CARTESIAN_POINT('',(1.570796326795,7.853981633974));
#15870 = VECTOR('',#15871,1.);
#15871 = DIRECTION('',(0.,-1.));
#15872 = ( GEOMETRIC_REPRESENTATION_CONTEXT(2) 
PARAMETRIC_REPRESENTATION_CONTEXT() REPRESENTATION_CONTEXT('2D SPACE',''
  ) );
#15873 = PCURVE('',#7078,#15874);
#15874 = DEFINITIONAL_REPRESENTATION('',(#15875),#15879);
#15875 = LINE('',#15876,#15877);
#15876 = CARTESIAN_POINT('',(7.853981633974,0.));
#15877 = VECTOR('',#15878,1.);
#15878 = DIRECTION('',(-1.,0.));
#15879 = ( GEOMETRIC_REPRESENTATION_CONTEXT(2) 
PARAMETRIC_REPRESENTATION_CONTEXT() REPRESENTATION_CONTEXT('2D SPACE',''
  ) );
#15880 = ORIENTED_EDGE('',*,*,#7136,.F.);
#15881 = ADVANCED_FACE('',(#15882),#586,.T.);
#15882 = FACE_BOUND('',#15883,.T.);
#15883 = EDGE_LOOP('',(#15884,#15885,#15886,#15908));
#15884 = ORIENTED_EDGE('',*,*,#571,.T.);
#15885 = ORIENTED_EDGE('',*,*,#7114,.F.);
#15886 = ORIENTED_EDGE('',*,*,#15887,.F.);
#15887 = EDGE_CURVE('',#8675,#7091,#15888,.T.);
#15888 = SURFACE_CURVE('',#15889,(#15894,#15901),.PCURVE_S1.);
#15889 = CIRCLE('',#15890,1.);
#15890 = AXIS2_PLACEMENT_3D('',#15891,#15892,#15893);
#15891 = CARTESIAN_POINT('',(-68.23,3.,-4.));
#15892 = DIRECTION('',(-1.,0.,0.));
#15893 = DIRECTION('',(0.,0.,1.));
#15894 = PCURVE('',#586,#15895);
#15895 = DEFINITIONAL_REPRESENTATION('',(#15896),#15900);
#15896 = LINE('',#15897,#15898);
#15897 = CARTESIAN_POINT('',(1.570796326795,6.));
#15898 = VECTOR('',#15899,1.);
#15899 = DIRECTION('',(1.,0.));
#15900 = ( GEOMETRIC_REPRESENTATION_CONTEXT(2) 
PARAMETRIC_REPRESENTATION_CONTEXT() REPRESENTATION_CONTEXT('2D SPACE',''
  ) );
#15901 = PCURVE('',#5204,#15902);
#15902 = DEFINITIONAL_REPRESENTATION('',(#15903),#15907);
#15903 = LINE('',#15904,#15905);
#15904 = CARTESIAN_POINT('',(4.712388980385,1.570796326795));
#15905 = VECTOR('',#15906,1.);
#15906 = DIRECTION('',(0.,1.));
#15907 = ( GEOMETRIC_REPRESENTATION_CONTEXT(2) 
PARAMETRIC_REPRESENTATION_CONTEXT() REPRESENTATION_CONTEXT('2D SPACE',''
  ) );
#15908 = ORIENTED_EDGE('',*,*,#11858,.F.);
#15909 = ADVANCED_FACE('',(#15910),#7078,.T.);
#15910 = FACE_BOUND('',#15911,.T.);
#15911 = EDGE_LOOP('',(#15912,#15913,#15914,#15936));
#15912 = ORIENTED_EDGE('',*,*,#15859,.T.);
#15913 = ORIENTED_EDGE('',*,*,#11831,.F.);
#15914 = ORIENTED_EDGE('',*,*,#15915,.F.);
#15915 = EDGE_CURVE('',#7063,#5160,#15916,.T.);
#15916 = SURFACE_CURVE('',#15917,(#15922,#15929),.PCURVE_S1.);
#15917 = CIRCLE('',#15918,1.);
#15918 = AXIS2_PLACEMENT_3D('',#15919,#15920,#15921);
#15919 = CARTESIAN_POINT('',(-68.23,7.,-4.));
#15920 = DIRECTION('',(-1.,0.,-0.));
#15921 = DIRECTION('',(-0.,0.,1.));
#15922 = PCURVE('',#7078,#15923);
#15923 = DEFINITIONAL_REPRESENTATION('',(#15924),#15928);
#15924 = LINE('',#15925,#15926);
#15925 = CARTESIAN_POINT('',(7.853981633974,-6.));
#15926 = VECTOR('',#15927,1.);
#15927 = DIRECTION('',(-1.,0.));
#15928 = ( GEOMETRIC_REPRESENTATION_CONTEXT(2) 
PARAMETRIC_REPRESENTATION_CONTEXT() REPRESENTATION_CONTEXT('2D SPACE',''
  ) );
#15929 = PCURVE('',#5204,#15930);
#15930 = DEFINITIONAL_REPRESENTATION('',(#15931),#15935);
#15931 = LINE('',#15932,#15933);
#15932 = CARTESIAN_POINT('',(1.570796326795,7.853981633974));
#15933 = VECTOR('',#15934,1.);
#15934 = DIRECTION('',(0.,-1.));
#15935 = ( GEOMETRIC_REPRESENTATION_CONTEXT(2) 
PARAMETRIC_REPRESENTATION_CONTEXT() REPRESENTATION_CONTEXT('2D SPACE',''
  ) );
#15936 = ORIENTED_EDGE('',*,*,#7060,.F.);
#15937 = ADVANCED_FACE('',(#15938),#5204,.T.);
#15938 = FACE_BOUND('',#15939,.T.);
#15939 = EDGE_LOOP('',(#15940,#15941,#15942,#15943,#15944));
#15940 = ORIENTED_EDGE('',*,*,#15887,.T.);
#15941 = ORIENTED_EDGE('',*,*,#7090,.F.);
#15942 = ORIENTED_EDGE('',*,*,#15915,.T.);
#15943 = ORIENTED_EDGE('',*,*,#5187,.F.);
#15944 = ORIENTED_EDGE('',*,*,#8674,.F.);
#15945 = ADVANCED_FACE('',(#15946),#5292,.T.);
#15946 = FACE_BOUND('',#15947,.T.);
#15947 = EDGE_LOOP('',(#15948,#15949,#15950,#15972));
#15948 = ORIENTED_EDGE('',*,*,#14141,.F.);
#15949 = ORIENTED_EDGE('',*,*,#13962,.F.);
#15950 = ORIENTED_EDGE('',*,*,#15951,.F.);
#15951 = EDGE_CURVE('',#5276,#13935,#15952,.T.);
#15952 = SURFACE_CURVE('',#15953,(#15958,#15965),.PCURVE_S1.);
#15953 = CIRCLE('',#15954,1.);
#15954 = AXIS2_PLACEMENT_3D('',#15955,#15956,#15957);
#15955 = CARTESIAN_POINT('',(-62.23,-3.,3.));
#15956 = DIRECTION('',(-1.,0.,0.));
#15957 = DIRECTION('',(0.,0.,1.));
#15958 = PCURVE('',#5292,#15959);
#15959 = DEFINITIONAL_REPRESENTATION('',(#15960),#15964);
#15960 = LINE('',#15961,#15962);
#15961 = CARTESIAN_POINT('',(1.570796326795,-1.570796326795));
#15962 = VECTOR('',#15963,1.);
#15963 = DIRECTION('',(0.,1.));
#15964 = ( GEOMETRIC_REPRESENTATION_CONTEXT(2) 
PARAMETRIC_REPRESENTATION_CONTEXT() REPRESENTATION_CONTEXT('2D SPACE',''
  ) );
#15965 = PCURVE('',#13950,#15966);
#15966 = DEFINITIONAL_REPRESENTATION('',(#15967),#15971);
#15967 = LINE('',#15968,#15969);
#15968 = CARTESIAN_POINT('',(-4.712388980385,-57.77));
#15969 = VECTOR('',#15970,1.);
#15970 = DIRECTION('',(1.,0.));
#15971 = ( GEOMETRIC_REPRESENTATION_CONTEXT(2) 
PARAMETRIC_REPRESENTATION_CONTEXT() REPRESENTATION_CONTEXT('2D SPACE',''
  ) );
#15972 = ORIENTED_EDGE('',*,*,#5273,.F.);
#15973 = ADVANCED_FACE('',(#15974),#13950,.T.);
#15974 = FACE_BOUND('',#15975,.T.);
#15975 = EDGE_LOOP('',(#15976,#15977,#15978,#16000));
#15976 = ORIENTED_EDGE('',*,*,#15951,.T.);
#15977 = ORIENTED_EDGE('',*,*,#13934,.F.);
#15978 = ORIENTED_EDGE('',*,*,#15979,.F.);
#15979 = EDGE_CURVE('',#1435,#13911,#15980,.T.);
#15980 = SURFACE_CURVE('',#15981,(#15986,#15993),.PCURVE_S1.);
#15981 = CIRCLE('',#15982,1.);
#15982 = AXIS2_PLACEMENT_3D('',#15983,#15984,#15985);
#15983 = CARTESIAN_POINT('',(-68.23,-3.,3.));
#15984 = DIRECTION('',(-1.,0.,0.));
#15985 = DIRECTION('',(0.,0.,1.));
#15986 = PCURVE('',#13950,#15987);
#15987 = DEFINITIONAL_REPRESENTATION('',(#15988),#15992);
#15988 = LINE('',#15989,#15990);
#15989 = CARTESIAN_POINT('',(-4.712388980385,-51.77));
#15990 = VECTOR('',#15991,1.);
#15991 = DIRECTION('',(1.,0.));
#15992 = ( GEOMETRIC_REPRESENTATION_CONTEXT(2) 
PARAMETRIC_REPRESENTATION_CONTEXT() REPRESENTATION_CONTEXT('2D SPACE',''
  ) );
#15993 = PCURVE('',#1541,#15994);
#15994 = DEFINITIONAL_REPRESENTATION('',(#15995),#15999);
#15995 = LINE('',#15996,#15997);
#15996 = CARTESIAN_POINT('',(1.570796326795,-1.570796326795));
#15997 = VECTOR('',#15998,1.);
#15998 = DIRECTION('',(0.,1.));
#15999 = ( GEOMETRIC_REPRESENTATION_CONTEXT(2) 
PARAMETRIC_REPRESENTATION_CONTEXT() REPRESENTATION_CONTEXT('2D SPACE',''
  ) );
#16000 = ORIENTED_EDGE('',*,*,#14733,.F.);
#16001 = ADVANCED_FACE('',(#16002),#1541,.T.);
#16002 = FACE_BOUND('',#16003,.T.);
#16003 = EDGE_LOOP('',(#16004,#16005,#16006,#16007));
#16004 = ORIENTED_EDGE('',*,*,#14220,.F.);
#16005 = ORIENTED_EDGE('',*,*,#1526,.F.);
#16006 = ORIENTED_EDGE('',*,*,#15979,.T.);
#16007 = ORIENTED_EDGE('',*,*,#13910,.F.);
#16008 = ADVANCED_FACE('',(#16009),#11748,.T.);
#16009 = FACE_BOUND('',#16010,.T.);
#16010 = EDGE_LOOP('',(#16011,#16012,#16013,#16035));
#16011 = ORIENTED_EDGE('',*,*,#14083,.F.);
#16012 = ORIENTED_EDGE('',*,*,#11731,.F.);
#16013 = ORIENTED_EDGE('',*,*,#16014,.F.);
#16014 = EDGE_CURVE('',#14010,#11732,#16015,.T.);
#16015 = SURFACE_CURVE('',#16016,(#16021,#16028),.PCURVE_S1.);
#16016 = CIRCLE('',#16017,1.);
#16017 = AXIS2_PLACEMENT_3D('',#16018,#16019,#16020);
#16018 = CARTESIAN_POINT('',(-62.23,3.,3.));
#16019 = DIRECTION('',(-1.,0.,0.));
#16020 = DIRECTION('',(0.,0.,1.));
#16021 = PCURVE('',#11748,#16022);
#16022 = DEFINITIONAL_REPRESENTATION('',(#16023),#16027);
#16023 = LINE('',#16024,#16025);
#16024 = CARTESIAN_POINT('',(4.712388980385,4.712388980385));
#16025 = VECTOR('',#16026,1.);
#16026 = DIRECTION('',(0.,-1.));
#16027 = ( GEOMETRIC_REPRESENTATION_CONTEXT(2) 
PARAMETRIC_REPRESENTATION_CONTEXT() REPRESENTATION_CONTEXT('2D SPACE',''
  ) );
#16028 = PCURVE('',#11894,#16029);
#16029 = DEFINITIONAL_REPRESENTATION('',(#16030),#16034);
#16030 = LINE('',#16031,#16032);
#16031 = CARTESIAN_POINT('',(1.570796326795,0.));
#16032 = VECTOR('',#16033,1.);
#16033 = DIRECTION('',(-1.,0.));
#16034 = ( GEOMETRIC_REPRESENTATION_CONTEXT(2) 
PARAMETRIC_REPRESENTATION_CONTEXT() REPRESENTATION_CONTEXT('2D SPACE',''
  ) );
#16035 = ORIENTED_EDGE('',*,*,#14009,.F.);
#16036 = ADVANCED_FACE('',(#16037),#11894,.T.);
#16037 = FACE_BOUND('',#16038,.T.);
#16038 = EDGE_LOOP('',(#16039,#16040,#16041,#16063));
#16039 = ORIENTED_EDGE('',*,*,#16014,.T.);
#16040 = ORIENTED_EDGE('',*,*,#11880,.F.);
#16041 = ORIENTED_EDGE('',*,*,#16042,.F.);
#16042 = EDGE_CURVE('',#14034,#8699,#16043,.T.);
#16043 = SURFACE_CURVE('',#16044,(#16049,#16056),.PCURVE_S1.);
#16044 = CIRCLE('',#16045,1.);
#16045 = AXIS2_PLACEMENT_3D('',#16046,#16047,#16048);
#16046 = CARTESIAN_POINT('',(-68.23,3.,3.));
#16047 = DIRECTION('',(-1.,0.,0.));
#16048 = DIRECTION('',(0.,0.,1.));
#16049 = PCURVE('',#11894,#16050);
#16050 = DEFINITIONAL_REPRESENTATION('',(#16051),#16055);
#16051 = LINE('',#16052,#16053);
#16052 = CARTESIAN_POINT('',(1.570796326795,-6.));
#16053 = VECTOR('',#16054,1.);
#16054 = DIRECTION('',(-1.,0.));
#16055 = ( GEOMETRIC_REPRESENTATION_CONTEXT(2) 
PARAMETRIC_REPRESENTATION_CONTEXT() REPRESENTATION_CONTEXT('2D SPACE',''
  ) );
#16056 = PCURVE('',#8741,#16057);
#16057 = DEFINITIONAL_REPRESENTATION('',(#16058),#16062);
#16058 = LINE('',#16059,#16060);
#16059 = CARTESIAN_POINT('',(4.712388980385,4.712388980385));
#16060 = VECTOR('',#16061,1.);
#16061 = DIRECTION('',(0.,-1.));
#16062 = ( GEOMETRIC_REPRESENTATION_CONTEXT(2) 
PARAMETRIC_REPRESENTATION_CONTEXT() REPRESENTATION_CONTEXT('2D SPACE',''
  ) );
#16063 = ORIENTED_EDGE('',*,*,#14033,.F.);
#16064 = ADVANCED_FACE('',(#16065),#8741,.T.);
#16065 = FACE_BOUND('',#16066,.T.);
#16066 = EDGE_LOOP('',(#16067,#16068,#16069,#16070));
#16067 = ORIENTED_EDGE('',*,*,#14278,.F.);
#16068 = ORIENTED_EDGE('',*,*,#14056,.F.);
#16069 = ORIENTED_EDGE('',*,*,#16042,.T.);
#16070 = ORIENTED_EDGE('',*,*,#8726,.F.);
#16071 = ADVANCED_FACE('',(#16072),#421,.T.);
#16072 = FACE_BOUND('',#16073,.T.);
#16073 = EDGE_LOOP('',(#16074,#16075,#16076,#16077));
#16074 = ORIENTED_EDGE('',*,*,#404,.F.);
#16075 = ORIENTED_EDGE('',*,*,#3542,.F.);
#16076 = ORIENTED_EDGE('',*,*,#457,.T.);
#16077 = ORIENTED_EDGE('',*,*,#6861,.F.);
#16078 = ADVANCED_FACE('',(#16079),#307,.T.);
#16079 = FACE_BOUND('',#16080,.T.);
#16080 = EDGE_LOOP('',(#16081,#16082,#16083,#16084));
#16081 = ORIENTED_EDGE('',*,*,#290,.F.);
#16082 = ORIENTED_EDGE('',*,*,#3210,.F.);
#16083 = ORIENTED_EDGE('',*,*,#343,.T.);
#16084 = ORIENTED_EDGE('',*,*,#6886,.F.);
#16085 = ADVANCED_FACE('',(#16086),#193,.T.);
#16086 = FACE_BOUND('',#16087,.T.);
#16087 = EDGE_LOOP('',(#16088,#16089,#16090,#16091));
#16088 = ORIENTED_EDGE('',*,*,#176,.F.);
#16089 = ORIENTED_EDGE('',*,*,#3108,.F.);
#16090 = ORIENTED_EDGE('',*,*,#229,.T.);
#16091 = ORIENTED_EDGE('',*,*,#6911,.F.);
#16092 = ADVANCED_FACE('',(#16093),#74,.T.);
#16093 = FACE_BOUND('',#16094,.T.);
#16094 = EDGE_LOOP('',(#16095,#16096,#16097,#16098));
#16095 = ORIENTED_EDGE('',*,*,#57,.F.);
#16096 = ORIENTED_EDGE('',*,*,#3006,.F.);
#16097 = ORIENTED_EDGE('',*,*,#115,.T.);
#16098 = ORIENTED_EDGE('',*,*,#6936,.F.);
#16099 = ( GEOMETRIC_REPRESENTATION_CONTEXT(3) 
GLOBAL_UNCERTAINTY_ASSIGNED_CONTEXT((#16103)) 
GLOBAL_UNIT_ASSIGNED_CONTEXT((#16100,#16101,#16102)) 
REPRESENTATION_CONTEXT('Context #1',
  '3D Context with UNIT and UNCERTAINTY') );
#16100 = ( LENGTH_UNIT() NAMED_UNIT(*) SI_UNIT(.MILLI.,.METRE.) );
#16101 = ( NAMED_UNIT(*) PLANE_ANGLE_UNIT() SI_UNIT($,.RADIAN.) );
#16102 = ( NAMED_UNIT(*) SI_UNIT($,.STERADIAN.) SOLID_ANGLE_UNIT() );
#16103 = UNCERTAINTY_MEASURE_WITH_UNIT(LENGTH_MEASURE(1.E-05),#16100,
  'distance_accuracy_value','confusion accuracy');
#16104 = PRODUCT_RELATED_PRODUCT_CATEGORY('part',$,(#7));
ENDSEC;
END-ISO-10303-21;
