ISO-10303-21;
HEADER;
FILE_DESCRIPTION (( 'STEP AP203' ),
    '1' );
FILE_NAME ('Femur_inside.step',
    '2026-10-04T04:21:23',
    ( '' ),
    ( '' ),
    'SwSTEP 2.0',
    'SolidWorks 2023',
    '' );
FILE_SCHEMA (( 'CONFIG_CONTROL_DESIGN' ));
ENDSEC;

DATA;
#1 = DIRECTION ( 'NONE',  ( -1.000000000000000000, 0.000000000000000000, 0.000000000000000000 ) ) ;
#2 = CARTESIAN_POINT ( 'NONE',  ( 93.79000000000000625, 0.000000000000000000, -4.500000000000000888 ) ) ;
#3 = DIRECTION ( 'NONE',  ( 0.9996082575616350718, 0.02798805842840749666, -0.000000000000000000 ) ) ;
#4 = CARTESIAN_POINT ( 'NONE',  ( 85.39000000000000057, -8.572527594031484037E-16, 30.99999999999999645 ) ) ;
#5 = CARTESIAN_POINT ( 'NONE',  ( 94.25180296406867342, -16.49353624976697930, -5.000000000000000000 ) ) ;
#6 = DIRECTION ( 'NONE',  ( 0.000000000000000000, 0.000000000000000000, -1.000000000000000000 ) ) ;
#7 = VERTEX_POINT ( 'NONE', #3377 ) ;
#8 = EDGE_CURVE ( 'NONE', #3864, #996, #1858, .T. ) ;
#9 = LOCAL_TIME ( 21, 21, 23.00000000000000000, #2845 ) ;
#10 = DIRECTION ( 'NONE',  ( -0.000000000000000000, -0.000000000000000000, -1.000000000000000000 ) ) ;
#11 = CARTESIAN_POINT ( 'NONE',  ( -108.9208656090049345, 5.278023391595752400, -3.500000000000000444 ) ) ;
#12 = EDGE_LOOP ( 'NONE', ( #765, #3108, #2733, #3284 ) ) ;
#13 = AXIS2_PLACEMENT_3D ( 'NONE', #1187, #3583, #3232 ) ;
#14 = EDGE_LOOP ( 'NONE', ( #2045, #201, #924, #1487 ) ) ;
#15 = CIRCLE ( 'NONE', #330, 1.899999999999999023 ) ;
#16 = DIRECTION ( 'NONE',  ( -0.000000000000000000, -0.000000000000000000, -1.000000000000000000 ) ) ;
#17 = TOROIDAL_SURFACE ( 'NONE', #265, 1.900000000000002576, 0.5000000000000000000 ) ;
#18 = ORIENTED_EDGE ( 'NONE', *, *, #3237, .T. ) ;
#19 = CARTESIAN_POINT ( 'NONE',  ( -77.37422061147989893, -21.31272499968867962, -4.973818997033629508 ) ) ;
#20 = AXIS2_PLACEMENT_3D ( 'NONE', #1046, #2302, #447 ) ;
#21 = LINE ( 'NONE', #620, #495 ) ;
#22 = AXIS2_PLACEMENT_3D ( 'NONE', #3877, #524, #1193 ) ;
#23 = CIRCLE ( 'NONE', #3780, 0.5000000000000004441 ) ;
#24 = CARTESIAN_POINT ( 'NONE',  ( 100.7900000000000205, 0.000000000000000000, 31.00000000000000000 ) ) ;
#25 = CARTESIAN_POINT ( 'NONE',  ( -81.65366485660712215, 10.46470230284867675, -3.500000000000000444 ) ) ;
#26 = CIRCLE ( 'NONE', #1464, 4.000000000000003553 ) ;
#27 = DIRECTION ( 'NONE',  ( 1.000000000000000000, 0.000000000000000000, 0.000000000000000000 ) ) ;
#28 = CARTESIAN_POINT ( 'NONE',  ( -68.15701691347383928, -20.32625154428307113, -2.999999999999999112 ) ) ;
#29 = ORIENTED_EDGE ( 'NONE', *, *, #1021, .T. ) ;
#30 = DIRECTION ( 'NONE',  ( 0.000000000000000000, 0.000000000000000000, -1.000000000000000000 ) ) ;
#31 = DIRECTION ( 'NONE',  ( -0.9996082575616351829, 0.02798805842840386068, 0.000000000000000000 ) ) ;
#32 = ORIENTED_EDGE ( 'NONE', *, *, #1470, .T. ) ;
#33 = VERTEX_POINT ( 'NONE', #2734 ) ;
#34 = EDGE_CURVE ( 'NONE', #3094, #1441, #2435, .T. ) ;
#35 = ADVANCED_FACE ( 'NONE', ( #947 ), #2801, .T. ) ;
#36 = CARTESIAN_POINT ( 'NONE',  ( 93.79000000000002046, -7.000000000000000000, -5.000000000000000888 ) ) ;
#37 = EDGE_LOOP ( 'NONE', ( #1343, #463, #2978, #2984, #3258 ) ) ;
#38 = FACE_BOUND ( 'NONE', #1726, .T. ) ;
#39 = CIRCLE ( 'NONE', #2743, 16.50000000000000000 ) ;
#40 = CARTESIAN_POINT ( 'NONE',  ( -66.43498793930578472, -21.01391495622804939, -4.921464346944891766 ) ) ;
#41 = CARTESIAN_POINT ( 'NONE',  ( -93.79000000000000625, 0.000000000000000000, -5.000000000000000000 ) ) ;
#42 = DIRECTION ( 'NONE',  ( 1.000000000000000000, 8.881784197001250351E-16, 0.000000000000000000 ) ) ;
#43 = CIRCLE ( 'NONE', #3679, 0.5000000000000004441 ) ;
#44 = LINE ( 'NONE', #3354, #2810 ) ;
#45 = CARTESIAN_POINT ( 'NONE',  ( 83.29000000000000625, -8.572527594031484037E-16, 7.899494936611676899 ) ) ;
#46 = EDGE_LOOP ( 'NONE', ( #916, #1068, #2400, #547 ) ) ;
#47 = DIRECTION ( 'NONE',  ( 1.224646799147353207E-16, 1.000000000000000000, -0.000000000000000000 ) ) ;
#48 = CARTESIAN_POINT ( 'NONE',  ( -77.54705491116102678, -21.80393302969577363, 4.993279766110957141 ) ) ;
#49 = ORIENTED_EDGE ( 'NONE', *, *, #3823, .F. ) ;
#50 = ORIENTED_EDGE ( 'NONE', *, *, #3015, .F. ) ;
#51 = AXIS2_PLACEMENT_3D ( 'NONE', #2891, #778, #846 ) ;
#52 = DIRECTION ( 'NONE',  ( -0.000000000000000000, -0.000000000000000000, -1.000000000000000000 ) ) ;
#53 = DIRECTION ( 'NONE',  ( 1.000000000000000000, 0.000000000000000000, 0.000000000000000000 ) ) ;
#54 = ADVANCED_FACE ( 'NONE', ( #969 ), #403, .T. ) ;
#55 = EDGE_LOOP ( 'NONE', ( #2565, #690, #875, #3228 ) ) ;
#56 = DIRECTION ( 'NONE',  ( 0.000000000000000000, 0.000000000000000000, 1.000000000000000000 ) ) ;
#57 = DIRECTION ( 'NONE',  ( -1.000000000000000000, 0.000000000000000000, 0.000000000000000000 ) ) ;
#58 = DIRECTION ( 'NONE',  ( -0.000000000000000000, -0.000000000000000000, -1.000000000000000000 ) ) ;
#59 = DIRECTION ( 'NONE',  ( -1.000000000000000000, 0.000000000000000000, 0.000000000000000000 ) ) ;
#60 = ADVANCED_FACE ( 'NONE', ( #1899, #1600 ), #2468, .F. ) ;
#61 = FACE_OUTER_BOUND ( 'NONE', #2547, .T. ) ;
#62 = ORIENTED_EDGE ( 'NONE', *, *, #3169, .F. ) ;
#63 = DIRECTION ( 'NONE',  ( -1.000000000000000000, 0.000000000000000000, 0.000000000000000000 ) ) ;
#64 = CARTESIAN_POINT ( 'NONE',  ( -77.55958465659251999, -21.31085608417793509, 5.000000000000006217 ) ) ;
#65 = B_SPLINE_CURVE_WITH_KNOTS ( 'NONE', 3,
 ( #1348, #446, #1648, #73, #374, #3120, #3690, #3729, #955, #2848 ),
 .UNSPECIFIED., .F., .F.,
 ( 4, 2, 2, 2, 4 ),
 ( 0.000000000000000000, 0.0006914281607713967459, 0.001382856321542793492, 0.002074284482314190346, 0.002765712643085586984 ),
 .UNSPECIFIED. ) ;
#66 = ORIENTED_EDGE ( 'NONE', *, *, #1961, .T. ) ;
#67 = ORIENTED_EDGE ( 'NONE', *, *, #2485, .T. ) ;
#68 = AXIS2_PLACEMENT_3D ( 'NONE', #2053, #604, #1509 ) ;
#69 = AXIS2_PLACEMENT_3D ( 'NONE', #2083, #1786, #2982 ) ;
#70 = DIRECTION ( 'NONE',  ( -0.000000000000000000, -0.000000000000000000, -1.000000000000000000 ) ) ;
#71 = DIRECTION ( 'NONE',  ( -0.000000000000000000, -0.000000000000000000, -1.000000000000000000 ) ) ;
#72 = CIRCLE ( 'NONE', #3594, 1.399999999999998579 ) ;
#73 = CARTESIAN_POINT ( 'NONE',  ( -67.13233730676296318, -21.33793422908213344, -4.115967133463165339 ) ) ;
#74 = ADVANCED_FACE ( 'NONE', ( #3175 ), #1997, .F. ) ;
#75 = CARTESIAN_POINT ( 'NONE',  ( 100.7900000000000205, 0.000000000000000000, 7.899494936611676899 ) ) ;
#76 = AXIS2_PLACEMENT_3D ( 'NONE', #3151, #2124, #3045 ) ;
#77 = CARTESIAN_POINT ( 'NONE',  ( -93.18125972918222999, -21.74147960196555829, -5.000000000000000000 ) ) ;
#78 = ORIENTED_EDGE ( 'NONE', *, *, #2084, .T. ) ;
#79 = DIRECTION ( 'NONE',  ( 1.000000000000000000, 0.000000000000000000, 0.000000000000000000 ) ) ;
#80 = VECTOR ( 'NONE', #1095, 1000.000000000000000 ) ;
#81 = CARTESIAN_POINT ( 'NONE',  ( 100.7900000000000205, 0.000000000000000000, -2.000000000000001776 ) ) ;
#82 = EDGE_CURVE ( 'NONE', #1557, #481, #2860, .T. ) ;
#83 = CARTESIAN_POINT ( 'NONE',  ( -77.06862844218389341, -21.79053755415153759, -4.388248118054556279 ) ) ;
#84 = ORIENTED_EDGE ( 'NONE', *, *, #2981, .T. ) ;
#85 = PLANE ( 'NONE',  #1561 ) ;
#86 = CARTESIAN_POINT ( 'NONE',  ( -79.60154273188011587, 8.999999999999980460, 5.000000000000000888 ) ) ;
#87 = ORIENTED_EDGE ( 'NONE', *, *, #103, .F. ) ;
#88 = ORIENTED_EDGE ( 'NONE', *, *, #592, .T. ) ;
#89 = ADVANCED_FACE ( 'NONE', ( #483 ), #2421, .T. ) ;
#90 = CARTESIAN_POINT ( 'NONE',  ( -105.9263351433928761, 10.46470230284870340, -3.500000000000000444 ) ) ;
#91 = CARTESIAN_POINT ( 'NONE',  ( 80.08289321881348144, 1.678636444515107561E-15, 4.999999999999999112 ) ) ;
#92 = CARTESIAN_POINT ( 'NONE',  ( -66.66306742202421276, -21.02967184280788260, -4.855855796783461464 ) ) ;
#93 = DIRECTION ( 'NONE',  ( -0.000000000000000000, -0.000000000000000000, -1.000000000000000000 ) ) ;
#94 = DIRECTION ( 'NONE',  ( 1.000000000000000000, 0.000000000000000000, 0.000000000000000000 ) ) ;
#95 = CARTESIAN_POINT ( 'NONE',  ( -75.89365546556808795, -20.98720456370934073, -3.946455247756694096 ) ) ;
#96 = ORIENTED_EDGE ( 'NONE', *, *, #1838, .T. ) ;
#97 = EDGE_CURVE ( 'NONE', #3389, #2259, #282, .T. ) ;
#98 = CYLINDRICAL_SURFACE ( 'NONE', #2754, 3.500000000000003109 ) ;
#99 = FACE_OUTER_BOUND ( 'NONE', #3501, .T. ) ;
#100 = EDGE_LOOP ( 'NONE', ( #3735, #1465, #2307, #2564 ) ) ;
#101 = EDGE_LOOP ( 'NONE', ( #438, #2087, #1101, #1875 ) ) ;
#102 = VECTOR ( 'NONE', #902, 1000.000000000000000 ) ;
#103 = EDGE_CURVE ( 'NONE', #1891, #2272, #3300, .T. ) ;
#104 = ORIENTED_EDGE ( 'NONE', *, *, #2399, .T. ) ;
#105 = CARTESIAN_POINT ( 'NONE',  ( 90.29000000000000625, 7.000000000000000000, -2.000000000000000888 ) ) ;
#106 = ADVANCED_FACE ( 'NONE', ( #204 ), #3742, .F. ) ;
#107 = VERTEX_POINT ( 'NONE', #2526 ) ;
#108 = AXIS2_PLACEMENT_3D ( 'NONE', #2432, #309, #1522 ) ;
#109 = CARTESIAN_POINT ( 'NONE',  ( -66.29854328256816132, -20.98878970276706468, 4.441098260208668158 ) ) ;
#110 = TOROIDAL_SURFACE ( 'NONE', #1365, 6.000000000000005329, 2.000000000000000000 ) ;
#111 = DIRECTION ( 'NONE',  ( -1.000000000000000000, 0.000000000000000000, 0.000000000000000000 ) ) ;
#112 = CIRCLE ( 'NONE', #1430, 3.750000000000003553 ) ;
#113 = FACE_BOUND ( 'NONE', #116, .T. ) ;
#114 = CARTESIAN_POINT ( 'NONE',  ( -93.79000000000000625, 0.000000000000000000, -2.000000000000000888 ) ) ;
#115 = CARTESIAN_POINT ( 'NONE',  ( -75.57250809914241074, -20.68821582700888584, -3.145288955312356194 ) ) ;
#116 = EDGE_LOOP ( 'NONE', ( #2904, #686 ) ) ;
#117 = DIRECTION ( 'NONE',  ( -1.000000000000000000, 0.000000000000000000, 0.000000000000000000 ) ) ;
#118 = DIRECTION ( 'NONE',  ( -0.000000000000000000, -0.000000000000000000, -1.000000000000000000 ) ) ;
#119 = EDGE_CURVE ( 'NONE', #3197, #3574, #805, .T. ) ;
#120 = ORIENTED_EDGE ( 'NONE', *, *, #3482, .F. ) ;
#121 = ORIENTED_EDGE ( 'NONE', *, *, #325, .T. ) ;
#122 = FACE_OUTER_BOUND ( 'NONE', #397, .T. ) ;
#123 = LINE ( 'NONE', #3743, #408 ) ;
#124 = PERSON_AND_ORGANIZATION_ROLE ( 'design_owner' ) ;
#125 = ORIENTED_EDGE ( 'NONE', *, *, #3227, .F. ) ;
#126 = DIRECTION ( 'NONE',  ( 0.02798805842840386415, 0.9996082575616351829, -0.000000000000000000 ) ) ;
#127 = CARTESIAN_POINT ( 'NONE',  ( -75.78592947336218799, -20.90717627016669766, 3.763905837331396054 ) ) ;
#128 = CARTESIAN_POINT ( 'NONE',  ( 93.79000000000002046, -7.000000000000000000, -2.000000000000001332 ) ) ;
#129 = ORIENTED_EDGE ( 'NONE', *, *, #1080, .T. ) ;
#130 = CIRCLE ( 'NONE', #1713, 3.750000000000003553 ) ;
#131 = CARTESIAN_POINT ( 'NONE',  ( -93.18125972918222999, -21.74147960196555829, -5.000000000000000000 ) ) ;
#132 = VECTOR ( 'NONE', #162, 1000.000000000000000 ) ;
#133 = CARTESIAN_POINT ( 'NONE',  ( -75.88258435552383219, -21.15014115031758024, -3.847915730050785132 ) ) ;
#134 = ORIENTED_EDGE ( 'NONE', *, *, #2267, .T. ) ;
#135 = TOROIDAL_SURFACE ( 'NONE', #3474, 16.49999999999999645, 0.5000000000000000000 ) ;
#136 = ADVANCED_FACE ( 'NONE', ( #122 ), #1320, .F. ) ;
#137 = DIRECTION ( 'NONE',  ( 1.000000000000000000, 0.000000000000000000, 0.000000000000000000 ) ) ;
#138 = DIRECTION ( 'NONE',  ( 0.7071067811865453523, 8.659560562354906974E-17, -0.7071067811865496822 ) ) ;
#139 = AXIS2_PLACEMENT_3D ( 'NONE', #1182, #2095, #2740 ) ;
#140 = FACE_OUTER_BOUND ( 'NONE', #1823, .T. ) ;
#141 = ORIENTED_EDGE ( 'NONE', *, *, #2576, .T. ) ;
#142 = EDGE_LOOP ( 'NONE', ( #1612, #187 ) ) ;
#143 = DIRECTION ( 'NONE',  ( -1.000000000000000000, 0.000000000000000000, 0.000000000000000000 ) ) ;
#144 = CIRCLE ( 'NONE', #3665, 0.5000000000000004441 ) ;
#145 = CARTESIAN_POINT ( 'NONE',  ( -93.79000000000000625, 0.000000000000000000, 3.999999999999999112 ) ) ;
#146 = LINE ( 'NONE', #2550, #2475 ) ;
#147 = APPROVAL_DATE_TIME ( #808, #390 ) ;
#148 = ORIENTED_EDGE ( 'NONE', *, *, #1883, .T. ) ;
#149 = AXIS2_PLACEMENT_3D ( 'NONE', #2395, #471, #545 ) ;
#150 = EDGE_CURVE ( 'NONE', #2467, #2587, #3451, .T. ) ;
#151 = EDGE_CURVE ( 'NONE', #1283, #306, #442, .T. ) ;
#152 = AXIS2_PLACEMENT_3D ( 'NONE', #3668, #3701, #998 ) ;
#153 = LINE ( 'NONE', #1585, #3326 ) ;
#154 = FACE_BOUND ( 'NONE', #945, .T. ) ;
#155 = CARTESIAN_POINT ( 'NONE',  ( -92.39000000000001478, 18.00000000000000000, -2.000000000000000444 ) ) ;
#156 = CIRCLE ( 'NONE', #1473, 2.099999999999990763 ) ;
#157 = CARTESIAN_POINT ( 'NONE',  ( 104.2900000000000205, 4.286263797015748921E-16, -2.000000000000001776 ) ) ;
#158 = CARTESIAN_POINT ( 'NONE',  ( -109.8150000000000119, 0.000000000000000000, -5.000000000000000000 ) ) ;
#159 = ORIENTED_EDGE ( 'NONE', *, *, #810, .F. ) ;
#160 = DIRECTION ( 'NONE',  ( -0.000000000000000000, -0.000000000000000000, -1.000000000000000000 ) ) ;
#161 = CARTESIAN_POINT ( 'NONE',  ( 97.29000000000002046, 0.000000000000000000, 7.899494936611676899 ) ) ;
#162 = DIRECTION ( 'NONE',  ( 0.000000000000000000, 0.000000000000000000, 1.000000000000000000 ) ) ;
#163 = ORIENTED_EDGE ( 'NONE', *, *, #1394, .F. ) ;
#164 = ORIENTED_EDGE ( 'NONE', *, *, #414, .F. ) ;
#165 = EDGE_CURVE ( 'NONE', #2089, #1980, #146, .T. ) ;
#166 = CARTESIAN_POINT ( 'NONE',  ( -68.15701691347383928, -20.32625154428307113, 2.999999999999999112 ) ) ;
#167 = ORIENTED_EDGE ( 'NONE', *, *, #1094, .F. ) ;
#168 = FACE_OUTER_BOUND ( 'NONE', #2141, .T. ) ;
#169 = EDGE_CURVE ( 'NONE', #3177, #1381, #3852, .T. ) ;
#170 = VERTEX_POINT ( 'NONE', #1911 ) ;
#171 = CIRCLE ( 'NONE', #1872, 1.399999999999998579 ) ;
#172 = DIRECTION ( 'NONE',  ( -0.000000000000000000, -0.000000000000000000, -1.000000000000000000 ) ) ;
#173 = AXIS2_PLACEMENT_3D ( 'NONE', #3012, #318, #3634 ) ;
#174 = TOROIDAL_SURFACE ( 'NONE', #672, 0.9999999999999991118, 0.5000000000000000000 ) ;
#175 = CARTESIAN_POINT ( 'NONE',  ( -109.3784572681198881, 9.000000000000007105, -5.000000000000000000 ) ) ;
#176 = DIRECTION ( 'NONE',  ( -0.000000000000000000, -0.000000000000000000, -1.000000000000000000 ) ) ;
#177 = EDGE_LOOP ( 'NONE', ( #3363, #1943, #1951, #628, #362, #3386, #2417, #1403 ) ) ;
#178 = DIRECTION ( 'NONE',  ( -0.000000000000000000, -0.000000000000000000, -1.000000000000000000 ) ) ;
#179 = DIRECTION ( 'NONE',  ( -0.000000000000000000, 0.000000000000000000, -1.000000000000000000 ) ) ;
#180 = DIRECTION ( 'NONE',  ( -1.000000000000000000, 0.000000000000000000, 0.000000000000000000 ) ) ;
#181 = ORIENTED_EDGE ( 'NONE', *, *, #492, .T. ) ;
#182 = VERTEX_POINT ( 'NONE', #2480 ) ;
#183 = DIRECTION ( 'NONE',  ( -1.000000000000000000, 0.000000000000000000, 0.000000000000000000 ) ) ;
#184 = APPROVAL_ROLE ( '' ) ;
#185 = ORIENTED_EDGE ( 'NONE', *, *, #2122, .F. ) ;
#186 = CARTESIAN_POINT ( 'NONE',  ( 93.79000000000000625, 0.000000000000000000, -5.000000000000000000 ) ) ;
#187 = ORIENTED_EDGE ( 'NONE', *, *, #608, .F. ) ;
#188 = CARTESIAN_POINT ( 'NONE',  ( -76.75138512329394302, -21.29307661648312688, 4.752806635369482890 ) ) ;
#189 = ADVANCED_FACE ( 'NONE', ( #3103, #413 ), #1609, .F. ) ;
#190 = DIRECTION ( 'NONE',  ( -0.000000000000000000, -0.000000000000000000, -1.000000000000000000 ) ) ;
#191 = VECTOR ( 'NONE', #1935, 1000.000000000000000 ) ;
#192 = FACE_OUTER_BOUND ( 'NONE', #2383, .T. ) ;
#193 = ORIENTED_EDGE ( 'NONE', *, *, #2706, .F. ) ;
#194 = AXIS2_PLACEMENT_3D ( 'NONE', #990, #190, #3518 ) ;
#195 = EDGE_CURVE ( 'NONE', #996, #652, #216, .T. ) ;
#196 = EDGE_CURVE ( 'NONE', #1627, #1035, #2295, .T. ) ;
#197 = AXIS2_PLACEMENT_3D ( 'NONE', #75, #2739, #111 ) ;
#198 = DIRECTION ( 'NONE',  ( 0.000000000000000000, 0.000000000000000000, 1.000000000000000000 ) ) ;
#199 = FACE_OUTER_BOUND ( 'NONE', #1367, .T. ) ;
#200 = LINE ( 'NONE', #1978, #3034 ) ;
#201 = ORIENTED_EDGE ( 'NONE', *, *, #681, .T. ) ;
#202 = ORIENTED_EDGE ( 'NONE', *, *, #889, .F. ) ;
#203 = CIRCLE ( 'NONE', #1963, 3.750000000000003553 ) ;
#204 = FACE_OUTER_BOUND ( 'NONE', #3261, .T. ) ;
#205 = EDGE_CURVE ( 'NONE', #335, #2786, #3236, .T. ) ;
#206 = DIRECTION ( 'NONE',  ( 1.000000000000000000, 0.000000000000000000, 0.000000000000000000 ) ) ;
#207 = CIRCLE ( 'NONE', #458, 3.750000000000003553 ) ;
#208 = VERTEX_POINT ( 'NONE', #2914 ) ;
#209 = ORIENTED_EDGE ( 'NONE', *, *, #3229, .F. ) ;
#210 = DIRECTION ( 'NONE',  ( -1.000000000000000000, 0.000000000000000000, 0.000000000000000000 ) ) ;
#211 = ORIENTED_EDGE ( 'NONE', *, *, #905, .F. ) ;
#212 = DIRECTION ( 'NONE',  ( -1.000000000000000000, 0.000000000000000000, 0.000000000000000000 ) ) ;
#213 = EDGE_CURVE ( 'NONE', #1207, #2592, #156, .T. ) ;
#214 = VECTOR ( 'NONE', #1547, 1000.000000000000000 ) ;
#215 = CARTESIAN_POINT ( 'NONE',  ( 93.79000000000002046, -7.000000000000000000, -5.000000000000000888 ) ) ;
#216 = CIRCLE ( 'NONE', #1225, 0.5000000000000013323 ) ;
#217 = CARTESIAN_POINT ( 'NONE',  ( -75.91873744270260715, -21.00367087572875846, -3.984664211802979583 ) ) ;
#218 = ORIENTED_EDGE ( 'NONE', *, *, #245, .T. ) ;
#219 = CARTESIAN_POINT ( 'NONE',  ( 93.79000000000002046, -7.000000000000000000, 31.00000000000000000 ) ) ;
#220 = CARTESIAN_POINT ( 'NONE',  ( -109.3784572681198881, 9.000000000000007105, 5.000000000000000888 ) ) ;
#221 = DIRECTION ( 'NONE',  ( 0.000000000000000000, 0.000000000000000000, 1.000000000000000000 ) ) ;
#222 = CARTESIAN_POINT ( 'NONE',  ( 90.29000000000000625, -4.286263797015735609E-16, -4.500000000000000888 ) ) ;
#223 = VERTEX_POINT ( 'NONE', #781 ) ;
#224 = VERTEX_POINT ( 'NONE', #2292 ) ;
#225 = ADVANCED_FACE ( 'NONE', ( #1533 ), #1551, .F. ) ;
#226 = CARTESIAN_POINT ( 'NONE',  ( 104.7900000000000063, 1.377727649040771994E-15, 31.00000000000000000 ) ) ;
#227 = CARTESIAN_POINT ( 'NONE',  ( 92.79000000000000625, 1.224646799147352221E-16, -4.500000000000000888 ) ) ;
#228 = VERTEX_POINT ( 'NONE', #1304 ) ;
#229 = CARTESIAN_POINT ( 'NONE',  ( 93.79000000000000625, 0.000000000000000000, -4.500000000000000888 ) ) ;
#230 = ORIENTED_EDGE ( 'NONE', *, *, #2242, .F. ) ;
#231 = CARTESIAN_POINT ( 'NONE',  ( -95.19000000000001194, -18.00000000000000000, 30.99999999999999645 ) ) ;
#232 = DIRECTION ( 'NONE',  ( -1.000000000000000000, 0.000000000000000000, 0.000000000000000000 ) ) ;
#233 = AXIS2_PLACEMENT_3D ( 'NONE', #1492, #3310, #1 ) ;
#234 = DIRECTION ( 'NONE',  ( -0.000000000000000000, -0.000000000000000000, -1.000000000000000000 ) ) ;
#235 = ORIENTED_EDGE ( 'NONE', *, *, #3681, .T. ) ;
#236 = AXIS2_PLACEMENT_3D ( 'NONE', #1893, #3109, #2209 ) ;
#237 = CARTESIAN_POINT ( 'NONE',  ( -93.79000000000000625, 0.000000000000000000, -2.000000000000000888 ) ) ;
#238 = DIRECTION ( 'NONE',  ( -0.000000000000000000, -0.000000000000000000, -1.000000000000000000 ) ) ;
#239 = CIRCLE ( 'NONE', #2942, 2.099999999999990763 ) ;
#240 = CARTESIAN_POINT ( 'NONE',  ( -67.78045775158672370, -20.88792545012756108, -3.572929377273219576 ) ) ;
#241 = ORIENTED_EDGE ( 'NONE', *, *, #871, .T. ) ;
#242 = AXIS2_PLACEMENT_3D ( 'NONE', #109, #1309, #1027 ) ;
#243 = EDGE_LOOP ( 'NONE', ( #251, #2669, #1175, #850 ) ) ;
#244 = DIRECTION ( 'NONE',  ( 0.9996082575616351829, 0.02798805842840386415, -0.000000000000000000 ) ) ;
#245 = EDGE_CURVE ( 'NONE', #636, #2918, #470, .T. ) ;
#246 = DIRECTION ( 'NONE',  ( 0.000000000000000000, 0.000000000000000000, 1.000000000000000000 ) ) ;
#247 = ORIENTED_EDGE ( 'NONE', *, *, #97, .F. ) ;
#248 = EDGE_LOOP ( 'NONE', ( #3426, #3431, #2220, #3539 ) ) ;
#249 = EDGE_CURVE ( 'NONE', #33, #2944, #1595, .T. ) ;
#250 = CARTESIAN_POINT ( 'NONE',  ( 86.79000000000000625, -8.572527594031484037E-16, -2.000000000000001776 ) ) ;
#251 = ORIENTED_EDGE ( 'NONE', *, *, #2576, .F. ) ;
#252 = CARTESIAN_POINT ( 'NONE',  ( -76.36901600899626885, -21.20684935424164053, 4.489602960795339825 ) ) ;
#253 = CARTESIAN_POINT ( 'NONE',  ( 100.7900000000000205, 0.000000000000000000, -2.000000000000001776 ) ) ;
#254 = LINE ( 'NONE', #2426, #3282 ) ;
#255 = DIRECTION ( 'NONE',  ( -0.000000000000000000, -0.000000000000000000, -1.000000000000000000 ) ) ;
#256 = ORIENTED_EDGE ( 'NONE', *, *, #607, .F. ) ;
#257 = CIRCLE ( 'NONE', #1382, 0.5000000000000004441 ) ;
#258 = DIRECTION ( 'NONE',  ( 0.000000000000000000, 0.000000000000000000, 1.000000000000000000 ) ) ;
#259 = CARTESIAN_POINT ( 'NONE',  ( -65.87785208136273241, -20.97701075853508002, -5.000000000000000000 ) ) ;
#260 = AXIS2_PLACEMENT_3D ( 'NONE', #3487, #499, #2683 ) ;
#261 = CARTESIAN_POINT ( 'NONE',  ( -68.11021784461470929, -20.42783205660536083, -3.193716751378489427 ) ) ;
#262 = ORIENTED_EDGE ( 'NONE', *, *, #1806, .F. ) ;
#263 = TOROIDAL_SURFACE ( 'NONE', #2461, 4.000000000000003553, 0.5000000000000000000 ) ;
#264 = DIRECTION ( 'NONE',  ( 0.000000000000000000, 0.000000000000000000, -1.000000000000000000 ) ) ;
#265 = AXIS2_PLACEMENT_3D ( 'NONE', #2033, #3499, #817 ) ;
#266 = DIRECTION ( 'NONE',  ( -0.000000000000000000, -0.000000000000000000, -1.000000000000000000 ) ) ;
#267 = VECTOR ( 'NONE', #1824, 1000.000000000000000 ) ;
#268 = ORIENTED_EDGE ( 'NONE', *, *, #2940, .T. ) ;
#269 = AXIS2_PLACEMENT_3D ( 'NONE', #430, #2794, #415 ) ;
#270 = EDGE_LOOP ( 'NONE', ( #2351, #972, #1908, #2703 ) ) ;
#271 = AXIS2_PLACEMENT_3D ( 'NONE', #379, #1278, #1611 ) ;
#272 = ADVANCED_FACE ( 'NONE', ( #2235 ), #2296, .F. ) ;
#273 = DIRECTION ( 'NONE',  ( -0.000000000000000000, -0.000000000000000000, -1.000000000000000000 ) ) ;
#274 = ORIENTED_EDGE ( 'NONE', *, *, #1470, .F. ) ;
#275 = CARTESIAN_POINT ( 'NONE',  ( 89.79000000000002046, -6.999999999999999112, -5.000000000000000888 ) ) ;
#276 = ADVANCED_FACE ( 'NONE', ( #726 ), #2989, .T. ) ;
#277 = ADVANCED_FACE ( 'NONE', ( #3452 ), #1797, .T. ) ;
#278 = AXIS2_PLACEMENT_3D ( 'NONE', #3262, #2967, #2090 ) ;
#279 = CARTESIAN_POINT ( 'NONE',  ( 93.79000000000002046, -7.000000000000000000, -5.000000000000000000 ) ) ;
#280 = DIRECTION ( 'NONE',  ( 0.000000000000000000, 0.000000000000000000, 1.000000000000000000 ) ) ;
#281 = CARTESIAN_POINT ( 'NONE',  ( 82.29000000000002046, 0.000000000000000000, 30.50000000000000000 ) ) ;
#282 = CIRCLE ( 'NONE', #2540, 0.5000000000000013323 ) ;
#283 = EDGE_CURVE ( 'NONE', #3836, #531, #123, .T. ) ;
#284 = DIRECTION ( 'NONE',  ( 0.000000000000000000, 0.000000000000000000, 1.000000000000000000 ) ) ;
#285 = AXIS2_PLACEMENT_3D ( 'NONE', #3433, #742, #1922 ) ;
#286 = CARTESIAN_POINT ( 'NONE',  ( 93.79000000000000625, 0.000000000000000000, 31.00000000000000000 ) ) ;
#287 = DIRECTION ( 'NONE',  ( -0.000000000000000000, -0.000000000000000000, -1.000000000000000000 ) ) ;
#288 = ORIENTED_EDGE ( 'NONE', *, *, #1412, .F. ) ;
#289 = EDGE_CURVE ( 'NONE', #3574, #2546, #1665, .T. ) ;
#290 = CARTESIAN_POINT ( 'NONE',  ( -109.3784572681199165, -8.999999999999994671, -2.000000000000000444 ) ) ;
#291 = DIRECTION ( 'NONE',  ( 0.000000000000000000, 0.000000000000000000, 1.000000000000000000 ) ) ;
#292 = ORIENTED_EDGE ( 'NONE', *, *, #1106, .F. ) ;
#293 = ORIENTED_EDGE ( 'NONE', *, *, #2870, .F. ) ;
#294 = CIRCLE ( 'NONE', #3122, 3.500000000000003109 ) ;
#295 = DIRECTION ( 'NONE',  ( 0.000000000000000000, 0.000000000000000000, 1.000000000000000000 ) ) ;
#296 = VERTEX_POINT ( 'NONE', #405 ) ;
#297 = DIRECTION ( 'NONE',  ( 1.000000000000000000, 0.000000000000000000, 0.000000000000000000 ) ) ;
#298 = FACE_OUTER_BOUND ( 'NONE', #2214, .T. ) ;
#299 = ADVANCED_FACE ( 'NONE', ( #3760 ), #1919, .T. ) ;
#300 = DIRECTION ( 'NONE',  ( -0.000000000000000000, -0.000000000000000000, -1.000000000000000000 ) ) ;
#301 = CARTESIAN_POINT ( 'NONE',  ( -107.9784572681198824, 9.000000000000007105, 30.99999999999999645 ) ) ;
#302 = CIRCLE ( 'NONE', #3000, 4.000000000000003553 ) ;
#303 = CARTESIAN_POINT ( 'NONE',  ( 97.29000000000002046, 7.000000000000000000, -2.000000000000000888 ) ) ;
#304 = DIRECTION ( 'NONE',  ( -0.000000000000000000, -0.000000000000000000, -1.000000000000000000 ) ) ;
#305 = DIRECTION ( 'NONE',  ( 1.000000000000000000, 0.000000000000000000, -0.000000000000000000 ) ) ;
#306 = VERTEX_POINT ( 'NONE', #1060 ) ;
#307 = VERTEX_POINT ( 'NONE', #105 ) ;
#308 = AXIS2_PLACEMENT_3D ( 'NONE', #2118, #3643, #2159 ) ;
#309 = DIRECTION ( 'NONE',  ( -0.000000000000000000, -0.000000000000000000, -1.000000000000000000 ) ) ;
#310 = CARTESIAN_POINT ( 'NONE',  ( -75.51094466378638970, -20.53215436471002420, 2.999999999999999112 ) ) ;
#311 = AXIS2_PLACEMENT_3D ( 'NONE', #2459, #3660, #1817 ) ;
#312 = VERTEX_POINT ( 'NONE', #1151 ) ;
#313 = EDGE_LOOP ( 'NONE', ( #497, #3402 ) ) ;
#314 = CARTESIAN_POINT ( 'NONE',  ( -107.9784572681198824, 9.000000000000007105, -2.000000000000000444 ) ) ;
#315 = ORIENTED_EDGE ( 'NONE', *, *, #151, .F. ) ;
#316 = DIRECTION ( 'NONE',  ( -0.000000000000000000, -0.000000000000000000, -1.000000000000000000 ) ) ;
#317 = ADVANCED_FACE ( 'NONE', ( #2936 ), #561, .T. ) ;
#318 = DIRECTION ( 'NONE',  ( -0.000000000000000000, -0.000000000000000000, -1.000000000000000000 ) ) ;
#319 = DIRECTION ( 'NONE',  ( 0.000000000000000000, 0.000000000000000000, 1.000000000000000000 ) ) ;
#320 = LINE ( 'NONE', #301, #2908 ) ;
#321 = CARTESIAN_POINT ( 'NONE',  ( -93.79000000000000625, 18.00000000000000000, -2.000000000000000444 ) ) ;
#322 = CARTESIAN_POINT ( 'NONE',  ( -77.31544087882276983, -21.79744806218830888, -4.441098260208674375 ) ) ;
#323 = ORIENTED_EDGE ( 'NONE', *, *, #761, .T. ) ;
#324 = EDGE_CURVE ( 'NONE', #456, #3526, #1646, .T. ) ;
#325 = EDGE_CURVE ( 'NONE', #1788, #786, #2344, .T. ) ;
#326 = CARTESIAN_POINT ( 'NONE',  ( 85.39000000000000057, -8.572527594031484037E-16, -1.999999999999998224 ) ) ;
#327 = DIRECTION ( 'NONE',  ( -0.000000000000000000, -0.000000000000000000, -1.000000000000000000 ) ) ;
#328 = ADVANCED_FACE ( 'NONE', ( #3838, #806 ), #2359, .F. ) ;
#329 = VERTEX_POINT ( 'NONE', #1402 ) ;
#330 = AXIS2_PLACEMENT_3D ( 'NONE', #24, #300, #2348 ) ;
#331 = ORIENTED_EDGE ( 'NONE', *, *, #3105, .F. ) ;
#332 = VECTOR ( 'NONE', #1624, 1000.000000000000000 ) ;
#333 = DIRECTION ( 'NONE',  ( 0.02798805842840749666, -0.9996082575616350718, 0.000000000000000000 ) ) ;
#334 = CIRCLE ( 'NONE', #2527, 12.99999999999999822 ) ;
#335 = VERTEX_POINT ( 'NONE', #226 ) ;
#336 = DIRECTION ( 'NONE',  ( 1.000000000000000000, 0.000000000000000000, -0.000000000000000000 ) ) ;
#337 = AXIS2_PLACEMENT_3D ( 'NONE', #1459, #3792, #801 ) ;
#338 = FACE_BOUND ( 'NONE', #1083, .T. ) ;
#339 = CIRCLE ( 'NONE', #3719, 4.000000000000003553 ) ;
#340 = CARTESIAN_POINT ( 'NONE',  ( 93.79000000000000625, 7.000000000000000000, 30.50000000000000355 ) ) ;
#341 = DIRECTION ( 'NONE',  ( -1.000000000000000000, 0.000000000000000000, 0.000000000000000000 ) ) ;
#342 = CIRCLE ( 'NONE', #1156, 1.399999999999998579 ) ;
#343 = DIRECTION ( 'NONE',  ( 0.000000000000000000, 0.000000000000000000, 1.000000000000000000 ) ) ;
#344 = DIRECTION ( 'NONE',  ( -1.000000000000000000, 0.000000000000000000, 0.000000000000000000 ) ) ;
#345 = ORIENTED_EDGE ( 'NONE', *, *, #2679, .T. ) ;
#346 = EDGE_LOOP ( 'NONE', ( #3334, #2928, #1437, #1230 ) ) ;
#347 = DIRECTION ( 'NONE',  ( 0.02798805842840386415, -0.9996082575616351829, 0.000000000000000000 ) ) ;
#348 = FACE_OUTER_BOUND ( 'NONE', #522, .T. ) ;
#349 = CC_DESIGN_DATE_AND_TIME_ASSIGNMENT ( #2568, #2236, ( #2642 ) ) ;
#350 = EDGE_CURVE ( 'NONE', #2941, #3337, #2034, .T. ) ;
#351 = ORIENTED_EDGE ( 'NONE', *, *, #205, .T. ) ;
#352 = CARTESIAN_POINT ( 'NONE',  ( -77.31544087882276983, -21.79744806218830888, 4.441098260208674375 ) ) ;
#353 = CARTESIAN_POINT ( 'NONE',  ( -108.9208656090049345, -5.278023391595740854, -2.000000000000000444 ) ) ;
#354 = DIRECTION ( 'NONE',  ( -0.000000000000000000, -0.000000000000000000, -1.000000000000000000 ) ) ;
#355 = ORIENTED_EDGE ( 'NONE', *, *, #512, .T. ) ;
#356 = DIRECTION ( 'NONE',  ( 0.000000000000000000, 0.000000000000000000, -1.000000000000000000 ) ) ;
#357 = LINE ( 'NONE', #1870, #1517 ) ;
#358 = DIRECTION ( 'NONE',  ( -0.000000000000000000, -0.000000000000000000, -1.000000000000000000 ) ) ;
#359 = DIRECTION ( 'NONE',  ( 0.000000000000000000, 0.000000000000000000, 1.000000000000000000 ) ) ;
#360 = DIRECTION ( 'NONE',  ( 1.000000000000000000, 0.000000000000000000, 0.000000000000000000 ) ) ;
#361 = CARTESIAN_POINT ( 'NONE',  ( -66.51346338894971666, -21.49500320457344316, 4.392080726536292445 ) ) ;
#362 = ORIENTED_EDGE ( 'NONE', *, *, #518, .F. ) ;
#363 = DIRECTION ( 'NONE',  ( -0.000000000000000000, -0.000000000000000000, -1.000000000000000000 ) ) ;
#364 = CARTESIAN_POINT ( 'NONE',  ( -77.73613208002821295, -21.80922700642029355, 4.500000000000000000 ) ) ;
#365 = AXIS2_PLACEMENT_3D ( 'NONE', #3360, #654, #1228 ) ;
#366 = VERTEX_POINT ( 'NONE', #2620 ) ;
#367 = CIRCLE ( 'NONE', #3064, 0.4999999999999995559 ) ;
#368 = CARTESIAN_POINT ( 'NONE',  ( 93.79000000000000625, 0.000000000000000000, 4.500000000000001776 ) ) ;
#369 = EDGE_CURVE ( 'NONE', #549, #651, #3712, .T. ) ;
#370 = DIRECTION ( 'NONE',  ( 1.000000000000000000, 0.000000000000000000, -0.000000000000000000 ) ) ;
#371 = CARTESIAN_POINT ( 'NONE',  ( 97.29000000000003467, -7.000000000000000000, -2.000000000000000888 ) ) ;
#372 = EDGE_LOOP ( 'NONE', ( #121, #1436, #2488, #870 ) ) ;
#373 = EDGE_CURVE ( 'NONE', #170, #2640, #1125, .T. ) ;
#374 = CARTESIAN_POINT ( 'NONE',  ( -67.31047421831949862, -21.24894313368850973, -3.997954950355505854 ) ) ;
#375 = DIRECTION ( 'NONE',  ( 1.000000000000000000, 0.000000000000000000, 0.000000000000000000 ) ) ;
#376 = DIRECTION ( 'NONE',  ( -0.000000000000000000, -0.000000000000000000, -1.000000000000000000 ) ) ;
#377 = UNCERTAINTY_MEASURE_WITH_UNIT (LENGTH_MEASURE( 1.000000000000000082E-05 ), #1622, 'distance_accuracy_value', 'NONE');
#378 = DIRECTION ( 'NONE',  ( -0.000000000000000000, -0.000000000000000000, -1.000000000000000000 ) ) ;
#379 = CARTESIAN_POINT ( 'NONE',  ( -93.79000000000000625, -18.00000000000000000, -5.000000000000000000 ) ) ;
#380 = EDGE_LOOP ( 'NONE', ( #3323, #3613, #3533, #3396 ) ) ;
#381 = DIRECTION ( 'NONE',  ( -0.000000000000000000, -0.000000000000000000, -1.000000000000000000 ) ) ;
#382 = DIRECTION ( 'NONE',  ( -0.000000000000000000, -0.000000000000000000, -1.000000000000000000 ) ) ;
#383 = VERTEX_POINT ( 'NONE', #2315 ) ;
#384 = ORIENTED_EDGE ( 'NONE', *, *, #3196, .T. ) ;
#385 = AXIS2_PLACEMENT_3D ( 'NONE', #3683, #683, #2269 ) ;
#386 = CARTESIAN_POINT ( 'NONE',  ( -93.79000000000000625, 18.00000000000000000, -2.000000000000000444 ) ) ;
#387 = ORIENTED_EDGE ( 'NONE', *, *, #2176, .T. ) ;
#388 = DIRECTION ( 'NONE',  ( -1.000000000000000000, 0.000000000000000000, 0.000000000000000000 ) ) ;
#389 = DIRECTION ( 'NONE',  ( -1.224646799147353207E-16, 1.000000000000000000, 0.000000000000000000 ) ) ;
#390 = APPROVAL ( #1643, 'UNSPECIFIED' ) ;
#391 = EDGE_CURVE ( 'NONE', #7, #1631, #1485, .T. ) ;
#392 = CARTESIAN_POINT ( 'NONE',  ( 90.29000000000002046, -7.000000000000000000, -2.000000000000000888 ) ) ;
#393 = AXIS2_PLACEMENT_3D ( 'NONE', #734, #3388, #1931 ) ;
#394 = CARTESIAN_POINT ( 'NONE',  ( -66.28454925335395842, -21.48859383154788461, -4.441098260208668158 ) ) ;
#395 = CARTESIAN_POINT ( 'NONE',  ( -76.65483508392988199, -21.68945013681536693, -4.667519428499883993 ) ) ;
#396 = AXIS2_PLACEMENT_3D ( 'NONE', #3528, #3552, #1462 ) ;
#397 = EDGE_LOOP ( 'NONE', ( #315, #3076, #2589, #3351 ) ) ;
#398 = CIRCLE ( 'NONE', #461, 21.74999999999999289 ) ;
#399 = DIRECTION ( 'NONE',  ( 0.000000000000000000, 0.000000000000000000, 1.000000000000000000 ) ) ;
#400 = LINE ( 'NONE', #2856, #2275 ) ;
#401 = EDGE_LOOP ( 'NONE', ( #3342, #3821 ) ) ;
#402 = ORIENTED_EDGE ( 'NONE', *, *, #3798, .F. ) ;
#403 = TOROIDAL_SURFACE ( 'NONE', #1344, 16.49999999999999645, 0.5000000000000000000 ) ;
#404 = CARTESIAN_POINT ( 'NONE',  ( -77.73613208002817032, -21.80922700642029355, 4.500000000000001776 ) ) ;
#405 = CARTESIAN_POINT ( 'NONE',  ( -96.78453046561205042, -15.74272569444443803, -5.000000000000000000 ) ) ;
#406 = EDGE_CURVE ( 'NONE', #1618, #366, #2842, .T. ) ;
#407 = AXIS2_PLACEMENT_3D ( 'NONE', #2528, #441, #1024 ) ;
#408 = VECTOR ( 'NONE', #1041, 1000.000000000000000 ) ;
#409 = DIRECTION ( 'NONE',  ( -0.9996082575616351829, -0.02798805842840750013, 0.000000000000000000 ) ) ;
#410 = DIRECTION ( 'NONE',  ( -0.000000000000000000, -0.000000000000000000, -1.000000000000000000 ) ) ;
#411 = DIRECTION ( 'NONE',  ( -1.000000000000000000, 0.000000000000000000, 0.000000000000000000 ) ) ;
#412 = CIRCLE ( 'NONE', #1483, 16.02499999999999858 ) ;
#413 = FACE_BOUND ( 'NONE', #568, .T. ) ;
#414 = EDGE_CURVE ( 'NONE', #2467, #1423, #3538, .T. ) ;
#415 = DIRECTION ( 'NONE',  ( 1.000000000000000000, 0.000000000000000000, 0.000000000000000000 ) ) ;
#416 = CARTESIAN_POINT ( 'NONE',  ( -75.61497993219585112, -20.73199748946187171, -3.388042820227807006 ) ) ;
#417 = ORIENTED_EDGE ( 'NONE', *, *, #1510, .T. ) ;
#418 = CARTESIAN_POINT ( 'NONE',  ( -66.06801482589216334, -20.98910331210537095, 4.999999999999991118 ) ) ;
#419 = CARTESIAN_POINT ( 'NONE',  ( 93.79000000000002046, -7.000000000000000000, -4.500000000000000888 ) ) ;
#420 = ORIENTED_EDGE ( 'NONE', *, *, #249, .T. ) ;
#421 = ORIENTED_EDGE ( 'NONE', *, *, #2010, .F. ) ;
#422 = DIRECTION ( 'NONE',  ( 1.000000000000000000, 0.000000000000000000, 0.000000000000000000 ) ) ;
#423 = CARTESIAN_POINT ( 'NONE',  ( -76.80154273188013292, -9.000000000000007105, -2.000000000000000444 ) ) ;
#424 = AXIS2_PLACEMENT_3D ( 'NONE', #3625, #2177, #1264 ) ;
#425 = DIRECTION ( 'NONE',  ( -0.000000000000000000, -0.000000000000000000, -1.000000000000000000 ) ) ;
#426 = CIRCLE ( 'NONE', #2499, 10.99999999999999645 ) ;
#427 = CARTESIAN_POINT ( 'NONE',  ( -75.51094466378638970, -20.53215436471002420, 2.999999999999999112 ) ) ;
#428 = DIRECTION ( 'NONE',  ( -0.000000000000000000, -0.000000000000000000, -1.000000000000000000 ) ) ;
#429 = CARTESIAN_POINT ( 'NONE',  ( -77.75012610924237322, -21.30942287763947718, 4.500000000000000888 ) ) ;
#430 = CARTESIAN_POINT ( 'NONE',  ( -93.79000000000000625, 0.000000000000000000, 4.500000000000001776 ) ) ;
#431 = DIRECTION ( 'NONE',  ( 1.000000000000000000, 0.000000000000000000, 0.000000000000000000 ) ) ;
#432 = ORIENTED_EDGE ( 'NONE', *, *, #1070, .F. ) ;
#433 = CARTESIAN_POINT ( 'NONE',  ( -77.55958465659259105, -21.31085608417806654, -4.999999999999997335 ) ) ;
#434 = CARTESIAN_POINT ( 'NONE',  ( 94.25180296406868763, -16.49353624976697574, 5.000000000000000000 ) ) ;
#435 = DIRECTION ( 'NONE',  ( -1.000000000000000000, 0.000000000000000000, 0.000000000000000000 ) ) ;
#436 = ORIENTED_EDGE ( 'NONE', *, *, #2067, .F. ) ;
#437 = ADVANCED_FACE ( 'NONE', ( #1728 ), #2920, .F. ) ;
#438 = ORIENTED_EDGE ( 'NONE', *, *, #3531, .F. ) ;
#439 = EDGE_CURVE ( 'NONE', #2232, #3585, #830, .T. ) ;
#440 = EDGE_CURVE ( 'NONE', #1865, #3574, #3796, .T. ) ;
#441 = DIRECTION ( 'NONE',  ( -0.000000000000000000, -0.000000000000000000, -1.000000000000000000 ) ) ;
#442 = LINE ( 'NONE', #2844, #1660 ) ;
#443 = PERSON_AND_ORGANIZATION ( #2256, #1634 ) ;
#444 = ORIENTED_EDGE ( 'NONE', *, *, #3150, .F. ) ;
#445 = VECTOR ( 'NONE', #2249, 1000.000000000000000 ) ;
#446 = CARTESIAN_POINT ( 'NONE',  ( -66.51346338894971666, -21.49500320457344316, -4.392080726536292445 ) ) ;
#447 = DIRECTION ( 'NONE',  ( -0.02798805842840749666, 0.9996082575616350718, 0.000000000000000000 ) ) ;
#448 = ORIENTED_EDGE ( 'NONE', *, *, #1613, .T. ) ;
#449 = PLANE ( 'NONE',  #1723 ) ;
#450 = AXIS2_PLACEMENT_3D ( 'NONE', #3828, #3329, #2130 ) ;
#451 = DIRECTION ( 'NONE',  ( -0.000000000000000000, -0.000000000000000000, -1.000000000000000000 ) ) ;
#452 = VECTOR ( 'NONE', #3797, 1000.000000000000000 ) ;
#453 = EDGE_CURVE ( 'NONE', #1373, #2099, #2861, .T. ) ;
#454 = CIRCLE ( 'NONE', #1647, 0.5000000000000004441 ) ;
#455 = CARTESIAN_POINT ( 'NONE',  ( -65.87785208136278925, -20.97701075853507646, 5.000000000000000000 ) ) ;
#456 = VERTEX_POINT ( 'NONE', #1785 ) ;
#457 = CIRCLE ( 'NONE', #2658, 1.399999999999998579 ) ;
#458 = AXIS2_PLACEMENT_3D ( 'NONE', #3016, #611, #1818 ) ;
#459 = CARTESIAN_POINT ( 'NONE',  ( -77.36288895930664467, -21.79877656226758020, -4.960393152817000662 ) ) ;
#460 = DIRECTION ( 'NONE',  ( 1.000000000000000000, 0.000000000000000000, 0.000000000000000000 ) ) ;
#461 = AXIS2_PLACEMENT_3D ( 'NONE', #3560, #2662, #861 ) ;
#462 = DIRECTION ( 'NONE',  ( 0.9996082575616351829, -0.02798805842840386068, -0.000000000000000000 ) ) ;
#463 = ORIENTED_EDGE ( 'NONE', *, *, #2995, .F. ) ;
#464 = EDGE_LOOP ( 'NONE', ( #2690, #1763, #2327, #2150, #3392 ) ) ;
#465 = VECTOR ( 'NONE', #1179, 1000.000000000000000 ) ;
#466 = CARTESIAN_POINT ( 'NONE',  ( -67.85407981408224032, -20.80929194837890250, 3.678487654802608642 ) ) ;
#467 = EDGE_CURVE ( 'NONE', #1880, #1789, #1673, .T. ) ;
#468 = DATE_TIME_ROLE ( 'creation_date' ) ;
#469 = ORIENTED_EDGE ( 'NONE', *, *, #324, .T. ) ;
#470 = CIRCLE ( 'NONE', #285, 1.399999999999998579 ) ;
#471 = DIRECTION ( 'NONE',  ( -0.000000000000000000, -0.000000000000000000, -1.000000000000000000 ) ) ;
#472 = DIRECTION ( 'NONE',  ( -0.000000000000000000, -0.000000000000000000, -1.000000000000000000 ) ) ;
#473 = ORIENTED_EDGE ( 'NONE', *, *, #1839, .F. ) ;
#474 = DIRECTION ( 'NONE',  ( -1.000000000000000000, 0.000000000000000000, 0.000000000000000000 ) ) ;
#475 = DIRECTION ( 'NONE',  ( -0.000000000000000000, -0.000000000000000000, -1.000000000000000000 ) ) ;
#476 = DIRECTION ( 'NONE',  ( 1.000000000000000000, 0.000000000000000000, 0.000000000000000000 ) ) ;
#477 = ORIENTED_EDGE ( 'NONE', *, *, #492, .F. ) ;
#478 = CARTESIAN_POINT ( 'NONE',  ( -66.41599142045886595, -21.49227408431196196, 4.901839895707610140 ) ) ;
#479 = CARTESIAN_POINT ( 'NONE',  ( -93.79000000000000625, 0.000000000000000000, 3.999999999999999112 ) ) ;
#480 = CARTESIAN_POINT ( 'NONE',  ( 96.79000000000002046, 4.898587196589421703E-16, -5.000000000000000888 ) ) ;
#481 = VERTEX_POINT ( 'NONE', #3195 ) ;
#482 = ORIENTED_EDGE ( 'NONE', *, *, #889, .T. ) ;
#483 = FACE_OUTER_BOUND ( 'NONE', #3514, .T. ) ;
#484 = CARTESIAN_POINT ( 'NONE',  ( -67.74944372580655738, -20.75917456065403499, 3.946455247755708218 ) ) ;
#485 = APPROVAL_STATUS ( 'not_yet_approved' ) ;
#486 = EDGE_CURVE ( 'NONE', #307, #983, #294, .T. ) ;
#487 = ORIENTED_EDGE ( 'NONE', *, *, #3870, .T. ) ;
#488 = CARTESIAN_POINT ( 'NONE',  ( -93.79000000000000625, 18.00000000000000000, -2.000000000000000444 ) ) ;
#489 = EDGE_LOOP ( 'NONE', ( #3727, #3741 ) ) ;
#490 = DIRECTION ( 'NONE',  ( 1.000000000000000000, 0.000000000000000000, 0.000000000000000000 ) ) ;
#491 = EDGE_CURVE ( 'NONE', #2519, #224, #1933, .T. ) ;
#492 = EDGE_CURVE ( 'NONE', #2062, #509, #2752, .T. ) ;
#493 = AXIS2_PLACEMENT_3D ( 'NONE', #3486, #284, #3294 ) ;
#494 = CARTESIAN_POINT ( 'NONE',  ( 93.79000000000000625, 0.000000000000000000, -5.000000000000000000 ) ) ;
#495 = VECTOR ( 'NONE', #2738, 1000.000000000000000 ) ;
#496 = CARTESIAN_POINT ( 'NONE',  ( -76.96319432802484073, -21.31806537245751443, -4.855855796783470346 ) ) ;
#497 = ORIENTED_EDGE ( 'NONE', *, *, #3281, .T. ) ;
#498 = FACE_OUTER_BOUND ( 'NONE', #1361, .T. ) ;
#499 = DIRECTION ( 'NONE',  ( 0.000000000000000000, -1.000000000000000000, 0.000000000000000000 ) ) ;
#500 = DIRECTION ( 'NONE',  ( 1.000000000000000000, 0.000000000000000000, 0.000000000000000000 ) ) ;
#501 = EDGE_LOOP ( 'NONE', ( #2233, #432, #565, #2123 ) ) ;
#502 = ORIENTED_EDGE ( 'NONE', *, *, #1957, .T. ) ;
#503 = CARTESIAN_POINT ( 'NONE',  ( -93.79000000000000625, 18.00000000000000000, -5.000000000000000000 ) ) ;
#504 = DIRECTION ( 'NONE',  ( -0.000000000000000000, -0.000000000000000000, -1.000000000000000000 ) ) ;
#505 = CALENDAR_DATE ( 2026, 3, 10 ) ;
#506 = ORIENTED_EDGE ( 'NONE', *, *, #119, .F. ) ;
#507 = CIRCLE ( 'NONE', #1769, 1.899999999999999023 ) ;
#508 = LINE ( 'NONE', #3456, #332 ) ;
#509 = VERTEX_POINT ( 'NONE', #2139 ) ;
#510 = DIRECTION ( 'NONE',  ( 1.000000000000000000, 0.000000000000000000, 0.000000000000000000 ) ) ;
#511 = DIRECTION ( 'NONE',  ( -1.000000000000000000, 0.000000000000000000, 0.000000000000000000 ) ) ;
#512 = EDGE_CURVE ( 'NONE', #2796, #3700, #1687, .T. ) ;
#513 = CIRCLE ( 'NONE', #385, 1.399999999999998579 ) ;
#514 = CARTESIAN_POINT ( 'NONE',  ( -93.79000000000000625, 18.00000000000000000, 30.99999999999999645 ) ) ;
#515 = VERTEX_POINT ( 'NONE', #3018 ) ;
#516 = AXIS2_PLACEMENT_3D ( 'NONE', #2, #1201, #3602 ) ;
#517 = CARTESIAN_POINT ( 'NONE',  ( -90.04000000000000625, 18.00000000000000000, -2.000000000000000444 ) ) ;
#518 = EDGE_CURVE ( 'NONE', #1921, #1891, #3188, .T. ) ;
#519 = CARTESIAN_POINT ( 'NONE',  ( -105.9263351433928904, -10.46470230284868208, -5.000000000000000000 ) ) ;
#520 = DIRECTION ( 'NONE',  ( -1.000000000000000000, 0.000000000000000000, 0.000000000000000000 ) ) ;
#521 = ORIENTED_EDGE ( 'NONE', *, *, #1586, .T. ) ;
#522 = EDGE_LOOP ( 'NONE', ( #599, #1484, #2498, #1057 ) ) ;
#523 = AXIS2_PLACEMENT_3D ( 'NONE', #3242, #295, #3537 ) ;
#524 = DIRECTION ( 'NONE',  ( 0.000000000000000000, 0.000000000000000000, 1.000000000000000000 ) ) ;
#525 = VECTOR ( 'NONE', #3052, 1000.000000000000000 ) ;
#526 = PERSON_AND_ORGANIZATION_ROLE ( 'classification_officer' ) ;
#527 = EDGE_LOOP ( 'NONE', ( #658, #202, #3758, #3759 ) ) ;
#528 = TOROIDAL_SURFACE ( 'NONE', #3540, 13.70710678118653192, 0.5000000000000000000 ) ;
#529 = EDGE_CURVE ( 'NONE', #1128, #228, #171, .T. ) ;
#530 = DIRECTION ( 'NONE',  ( -1.224646799147353207E-16, 1.000000000000000000, 0.000000000000000000 ) ) ;
#531 = VERTEX_POINT ( 'NONE', #943 ) ;
#532 = CARTESIAN_POINT ( 'NONE',  ( -77.31544087882276983, -21.79744806218830888, 4.500000000000000888 ) ) ;
#533 =( BOUNDED_SURFACE ( )  B_SPLINE_SURFACE ( 3, 2, ( 
 ( #780, #2952, #540 ),
 ( #2917, #2668, #1683 ),
 ( #1994, #3815, #3467 ),
 ( #2331, #2931, #3192 ),
 ( #1056, #825, #1435 ),
 ( #848, #2044, #3233 ),
 ( #240, #3834, #1147 ),
 ( #2356, #3549, #3251 ),
 ( #558, #1761, #261 ),
 ( #2271, #3874, #28 ) ),
 .UNSPECIFIED., .F., .F., .F. ) 
 B_SPLINE_SURFACE_WITH_KNOTS ( ( 4, 2, 2, 2, 4 ),
 ( 3, 3 ),
 ( 0.000000000000000000, 0.0005723631709081076482, 0.001144726341816215296, 0.001717089512724322836, 0.002289452683632430593 ),
 ( 0.000000000000000000, 1.000000000000000000 ),
 .UNSPECIFIED. ) 
 GEOMETRIC_REPRESENTATION_ITEM ( )  RATIONAL_B_SPLINE_SURFACE ( (
 ( 1.000000000000000000, 0.7220087186509019928, 1.000000000000000000),
 ( 1.000000000000000000, 0.7406412634258668914, 1.000000000000000000),
 ( 1.000000000000000000, 0.7737646255228016745, 1.000000000000000000),
 ( 1.000000000000000000, 0.8424782250517097726, 1.000000000000000000),
 ( 1.000000000000000000, 0.8774972183176967810, 1.000000000000000000),
 ( 1.000000000000000000, 0.9363361060445114514, 1.000000000000000000),
 ( 1.000000000000000000, 0.9597875130770275875, 1.000000000000000000),
 ( 1.000000000000000000, 0.9916276492241146157, 1.000000000000000000),
 ( 1.000000000000000000, 1.000059267479095793, 1.000000000000000000),
 ( 1.000000000000000000, 1.000000000000000000, 1.000000000000000000) ) ) 
 REPRESENTATION_ITEM ( '' )  SURFACE ( )  );
#534 = DIRECTION ( 'NONE',  ( -0.000000000000000000, -0.000000000000000000, -1.000000000000000000 ) ) ;
#535 = CARTESIAN_POINT ( 'NONE',  ( -66.43498793930578472, -21.01391495622804939, 4.921464346944891766 ) ) ;
#536 = ORIENTED_EDGE ( 'NONE', *, *, #897, .F. ) ;
#537 = EDGE_CURVE ( 'NONE', #1727, #3666, #3381, .T. ) ;
#538 = DIRECTION ( 'NONE',  ( 1.000000000000000000, 0.000000000000000000, 0.000000000000000000 ) ) ;
#539 = CARTESIAN_POINT ( 'NONE',  ( -66.06727121230365185, -20.98905602542137672, -5.000000000000000000 ) ) ;
#540 = CARTESIAN_POINT ( 'NONE',  ( -66.43498793930578472, -21.01391495622805294, -4.921464346944890877 ) ) ;
#541 = VERTEX_POINT ( 'NONE', #1246 ) ;
#542 = ORIENTED_EDGE ( 'NONE', *, *, #2816, .T. ) ;
#543 = ADVANCED_FACE ( 'NONE', ( #3611 ), #85, .T. ) ;
#544 = DIRECTION ( 'NONE',  ( 0.000000000000000000, 0.000000000000000000, 1.000000000000000000 ) ) ;
#545 = DIRECTION ( 'NONE',  ( -1.000000000000000000, 0.000000000000000000, 0.000000000000000000 ) ) ;
#546 = EDGE_CURVE ( 'NONE', #1684, #2675, #3876, .T. ) ;
#547 = ORIENTED_EDGE ( 'NONE', *, *, #2656, .F. ) ;
#548 = DIRECTION ( 'NONE',  ( 0.000000000000000000, 0.000000000000000000, 1.000000000000000000 ) ) ;
#549 = VERTEX_POINT ( 'NONE', #326 ) ;
#550 = LINE ( 'NONE', #2366, #465 ) ;
#551 = DIRECTION ( 'NONE',  ( 0.000000000000000000, 0.000000000000000000, 1.000000000000000000 ) ) ;
#552 = CARTESIAN_POINT ( 'NONE',  ( -95.19000000000001194, -18.00000000000000000, -2.000000000000000444 ) ) ;
#553 = DIRECTION ( 'NONE',  ( -0.000000000000000000, -0.000000000000000000, -1.000000000000000000 ) ) ;
#554 = ORIENTED_EDGE ( 'NONE', *, *, #1346, .F. ) ;
#555 = CIRCLE ( 'NONE', #2495, 0.5000000000000004441 ) ;
#556 = DIRECTION ( 'NONE',  ( 1.000000000000000000, 0.000000000000000000, 0.000000000000000000 ) ) ;
#557 = DIRECTION ( 'NONE',  ( -0.000000000000000000, -0.000000000000000000, -1.000000000000000000 ) ) ;
#558 = CARTESIAN_POINT ( 'NONE',  ( -68.08681763475631499, -20.47862377883002694, -3.145288955294416766 ) ) ;
#559 = ORIENTED_EDGE ( 'NONE', *, *, #518, .T. ) ;
#560 = ORIENTED_EDGE ( 'NONE', *, *, #491, .F. ) ;
#561 = CYLINDRICAL_SURFACE ( 'NONE', #3530, 0.5000000000000013323 ) ;
#562 = CARTESIAN_POINT ( 'NONE',  ( 110.2900000000000063, 0.000000000000000000, -5.000000000000000000 ) ) ;
#563 = APPROVAL ( #485, 'UNSPECIFIED' ) ;
#564 = EDGE_CURVE ( 'NONE', #1102, #2944, #632, .T. ) ;
#565 = ORIENTED_EDGE ( 'NONE', *, *, #1907, .T. ) ;
#566 = ORIENTED_EDGE ( 'NONE', *, *, #3799, .T. ) ;
#567 = CARTESIAN_POINT ( 'NONE',  ( 90.29000000000000625, -4.286263797015740046E-16, 7.899494936611676899 ) ) ;
#568 = EDGE_LOOP ( 'NONE', ( #2789, #2189 ) ) ;
#569 = DIRECTION ( 'NONE',  ( 0.000000000000000000, -1.000000000000000000, 0.000000000000000000 ) ) ;
#570 = DIRECTION ( 'NONE',  ( -0.000000000000000000, -0.000000000000000000, -1.000000000000000000 ) ) ;
#571 = CARTESIAN_POINT ( 'NONE',  ( -93.16726569996802709, -22.24128373074637821, 4.500000000000001776 ) ) ;
#572 = AXIS2_PLACEMENT_3D ( 'NONE', #386, #3061, #3671 ) ;
#573 = EDGE_CURVE ( 'NONE', #2918, #636, #2562, .T. ) ;
#574 = DIRECTION ( 'NONE',  ( 0.2745373243504815042, 0.000000000000000000, -0.9615764439390550589 ) ) ;
#575 = DIRECTION ( 'NONE',  ( 0.000000000000000000, -1.000000000000000000, 0.000000000000000000 ) ) ;
#576 = ORIENTED_EDGE ( 'NONE', *, *, #673, .F. ) ;
#577 = AXIS2_PLACEMENT_3D ( 'NONE', #1500, #1800, #2701 ) ;
#578 = CARTESIAN_POINT ( 'NONE',  ( 94.25180296406867342, 16.49353624976697930, -4.500000000000000888 ) ) ;
#579 = CARTESIAN_POINT ( 'NONE',  ( 97.29000000000002046, 7.000000000000000000, -4.500000000000000888 ) ) ;
#580 = AXIS2_PLACEMENT_3D ( 'NONE', #2651, #2364, #1790 ) ;
#581 = ORIENTED_EDGE ( 'NONE', *, *, #3227, .T. ) ;
#582 = ORIENTED_EDGE ( 'NONE', *, *, #981, .F. ) ;
#583 = EDGE_CURVE ( 'NONE', #2799, #1791, #555, .T. ) ;
#584 = CIRCLE ( 'NONE', #1331, 16.02499999999999858 ) ;
#585 = DIRECTION ( 'NONE',  ( 0.9996082575616350718, -0.02798805842840749666, 0.000000000000000000 ) ) ;
#586 = ORIENTED_EDGE ( 'NONE', *, *, #1806, .T. ) ;
#587 = AXIS2_PLACEMENT_3D ( 'NONE', #695, #376, #678 ) ;
#588 = PLANE ( 'NONE',  #1337 ) ;
#589 = DIRECTION ( 'NONE',  ( 0.000000000000000000, -1.000000000000000000, 0.000000000000000000 ) ) ;
#590 = FACE_OUTER_BOUND ( 'NONE', #2318, .T. ) ;
#591 = FACE_OUTER_BOUND ( 'NONE', #3861, .T. ) ;
#592 = EDGE_CURVE ( 'NONE', #2000, #1980, #3502, .T. ) ;
#593 = CARTESIAN_POINT ( 'NONE',  ( -93.79000000000000625, 0.000000000000000000, -5.000000000000000000 ) ) ;
#594 = CARTESIAN_POINT ( 'NONE',  ( -107.9784572681199109, -8.999999999999994671, -2.000000000000000444 ) ) ;
#595 = CARTESIAN_POINT ( 'NONE',  ( -80.79000000000002046, 1.592040838891559687E-15, 5.000000000000000888 ) ) ;
#596 = ORIENTED_EDGE ( 'NONE', *, *, #3562, .F. ) ;
#597 = CARTESIAN_POINT ( 'NONE',  ( 88.18999999999999773, -6.858022075225181510E-16, -1.999999999999998224 ) ) ;
#598 = FACE_OUTER_BOUND ( 'NONE', #3134, .T. ) ;
#599 = ORIENTED_EDGE ( 'NONE', *, *, #3187, .F. ) ;
#600 = EDGE_LOOP ( 'NONE', ( #345, #2294 ) ) ;
#601 = FACE_BOUND ( 'NONE', #142, .T. ) ;
#602 = EDGE_CURVE ( 'NONE', #2519, #1381, #3005, .T. ) ;
#603 = VERTEX_POINT ( 'NONE', #1562 ) ;
#604 = DIRECTION ( 'NONE',  ( -0.000000000000000000, -0.000000000000000000, -1.000000000000000000 ) ) ;
#605 = CARTESIAN_POINT ( 'NONE',  ( -78.65913439099507798, 5.278023391595724867, -5.000000000000000000 ) ) ;
#606 = LINE ( 'NONE', #2633, #3028 ) ;
#607 = EDGE_CURVE ( 'NONE', #3253, #634, #1578, .T. ) ;
#608 = EDGE_CURVE ( 'NONE', #329, #2587, #859, .T. ) ;
#609 = DIRECTION ( 'NONE',  ( -0.000000000000000000, -0.000000000000000000, -1.000000000000000000 ) ) ;
#610 = CIRCLE ( 'NONE', #3319, 0.5000000000000004441 ) ;
#611 = DIRECTION ( 'NONE',  ( -0.000000000000000000, -0.000000000000000000, -1.000000000000000000 ) ) ;
#612 = ORIENTED_EDGE ( 'NONE', *, *, #3105, .T. ) ;
#613 = DIRECTION ( 'NONE',  ( 1.000000000000000000, -1.776356839400250859E-15, 0.000000000000000000 ) ) ;
#614 = FACE_OUTER_BOUND ( 'NONE', #3816, .T. ) ;
#615 = ORIENTED_EDGE ( 'NONE', *, *, #119, .T. ) ;
#616 = ORIENTED_EDGE ( 'NONE', *, *, #2085, .T. ) ;
#617 = CARTESIAN_POINT ( 'NONE',  ( -77.59315485310314386, -21.80522378320676324, -4.499999999999999112 ) ) ;
#618 = ORIENTED_EDGE ( 'NONE', *, *, #3636, .F. ) ;
#619 = DIRECTION ( 'NONE',  ( 1.000000000000000000, 0.000000000000000000, 0.000000000000000000 ) ) ;
#620 = CARTESIAN_POINT ( 'NONE',  ( -93.16726569996802709, 22.24128373074637821, -4.500000000000000888 ) ) ;
#621 = DIRECTION ( 'NONE',  ( -0.000000000000000000, -0.000000000000000000, -1.000000000000000000 ) ) ;
#622 = DIRECTION ( 'NONE',  ( -0.000000000000000000, -0.000000000000000000, -1.000000000000000000 ) ) ;
#623 = CARTESIAN_POINT ( 'NONE',  ( -77.37422061147989893, -21.31272499968867962, 4.973818997033629508 ) ) ;
#624 = ADVANCED_FACE ( 'NONE', ( #3039, #2464 ), #3663, .F. ) ;
#625 = CYLINDRICAL_SURFACE ( 'NONE', #3505, 0.5000000000000004441 ) ;
#626 = CC_DESIGN_SECURITY_CLASSIFICATION ( #2642, ( #3586 ) ) ;
#627 = CARTESIAN_POINT ( 'NONE',  ( -65.86385805214850109, -21.47681488731589639, 4.500000000000001776 ) ) ;
#628 = ORIENTED_EDGE ( 'NONE', *, *, #1748, .F. ) ;
#629 = ORIENTED_EDGE ( 'NONE', *, *, #3287, .T. ) ;
#630 = EDGE_CURVE ( 'NONE', #2896, #2286, #2316, .T. ) ;
#631 = AXIS2_PLACEMENT_3D ( 'NONE', #1544, #3317, #2783 ) ;
#632 = LINE ( 'NONE', #669, #1493 ) ;
#633 = DIRECTION ( 'NONE',  ( -0.000000000000000000, -0.000000000000000000, -1.000000000000000000 ) ) ;
#634 = VERTEX_POINT ( 'NONE', #888 ) ;
#635 = CIRCLE ( 'NONE', #751, 3.750000000000003553 ) ;
#636 = VERTEX_POINT ( 'NONE', #2101 ) ;
#637 = AXIS2_PLACEMENT_3D ( 'NONE', #578, #851, #3238 ) ;
#638 = CIRCLE ( 'NONE', #2278, 1.399999999999998579 ) ;
#639 = LINE ( 'NONE', #1566, #1009 ) ;
#640 = EDGE_LOOP ( 'NONE', ( #1664, #3022 ) ) ;
#641 = TOROIDAL_SURFACE ( 'NONE', #3601, 6.000000000000005329, 2.000000000000000000 ) ;
#642 = CARTESIAN_POINT ( 'NONE',  ( -66.34052537021075580, -19.48937731642461557, 30.99999999999999645 ) ) ;
#643 = AXIS2_PLACEMENT_3D ( 'NONE', #904, #2948, #1777 ) ;
#644 = CARTESIAN_POINT ( 'NONE',  ( -66.87593050781299553, -21.01657463018459993, -4.752812754923875005 ) ) ;
#645 = CARTESIAN_POINT ( 'NONE',  ( -93.79000000000000625, -18.00000000000000000, -2.000000000000000444 ) ) ;
#646 = ORIENTED_EDGE ( 'NONE', *, *, #1011, .T. ) ;
#647 = AXIS2_PLACEMENT_3D ( 'NONE', #2671, #3858, #1172 ) ;
#648 = AXIS2_PLACEMENT_3D ( 'NONE', #2869, #172, #1427 ) ;
#649 = CARTESIAN_POINT ( 'NONE',  ( -93.79000000000000625, 0.000000000000000000, -5.000000000000000000 ) ) ;
#650 = LINE ( 'NONE', #45, #525 ) ;
#651 = VERTEX_POINT ( 'NONE', #597 ) ;
#652 = VERTEX_POINT ( 'NONE', #1804 ) ;
#653 = EDGE_CURVE ( 'NONE', #1076, #2099, #2486, .T. ) ;
#654 = DIRECTION ( 'NONE',  ( 0.9996082575616350718, 0.02798805842840749666, 1.942061680110762372E-16 ) ) ;
#655 = LINE ( 'NONE', #11, #3340 ) ;
#656 = ORIENTED_EDGE ( 'NONE', *, *, #467, .T. ) ;
#657 = ADVANCED_FACE ( 'NONE', ( #720 ), #98, .F. ) ;
#658 = ORIENTED_EDGE ( 'NONE', *, *, #2721, .T. ) ;
#659 = LINE ( 'NONE', #3648, #3472 ) ;
#660 = DIRECTION ( 'NONE',  ( -1.000000000000000000, 0.000000000000000000, 0.000000000000000000 ) ) ;
#661 = VERTEX_POINT ( 'NONE', #1614 ) ;
#662 = DIRECTION ( 'NONE',  ( 0.000000000000000000, 0.000000000000000000, 1.000000000000000000 ) ) ;
#663 = AXIS2_PLACEMENT_3D ( 'NONE', #2065, #1746, #2260 ) ;
#664 = FACE_OUTER_BOUND ( 'NONE', #787, .T. ) ;
#665 = DIRECTION ( 'NONE',  ( -0.000000000000000000, -0.000000000000000000, -1.000000000000000000 ) ) ;
#666 = DIRECTION ( 'NONE',  ( 1.000000000000000000, 0.000000000000000000, 0.000000000000000000 ) ) ;
#667 = FACE_OUTER_BOUND ( 'NONE', #243, .T. ) ;
#668 = ORIENTED_EDGE ( 'NONE', *, *, #1861, .F. ) ;
#669 = CARTESIAN_POINT ( 'NONE',  ( 102.1900000000000119, 1.714505518806297596E-16, 30.99999999999999645 ) ) ;
#670 = ORIENTED_EDGE ( 'NONE', *, *, #3726, .F. ) ;
#671 = EDGE_LOOP ( 'NONE', ( #3252, #88, #1248, #809 ) ) ;
#672 = AXIS2_PLACEMENT_3D ( 'NONE', #3622, #343, #3582 ) ;
#673 = EDGE_CURVE ( 'NONE', #3337, #2786, #3629, .T. ) ;
#674 = ADVANCED_FACE ( 'NONE', ( #2813, #1314 ), #2798, .F. ) ;
#675 = CARTESIAN_POINT ( 'NONE',  ( 110.7900000000000205, 0.000000000000000000, -5.000000000000000000 ) ) ;
#676 = CARTESIAN_POINT ( 'NONE',  ( 93.79000000000002046, -7.000000000000000000, 30.50000000000000355 ) ) ;
#677 = DIRECTION ( 'NONE',  ( -1.000000000000000000, 0.000000000000000000, 0.000000000000000000 ) ) ;
#678 = DIRECTION ( 'NONE',  ( -1.000000000000000000, 0.000000000000000000, 0.000000000000000000 ) ) ;
#679 = DIRECTION ( 'NONE',  ( -0.000000000000000000, -0.000000000000000000, -1.000000000000000000 ) ) ;
#680 = ORIENTED_EDGE ( 'NONE', *, *, #867, .F. ) ;
#681 = EDGE_CURVE ( 'NONE', #3818, #7, #1044, .T. ) ;
#682 = CARTESIAN_POINT ( 'NONE',  ( -66.28454925335395842, -21.48859383154788461, 4.441098260208682369 ) ) ;
#683 = DIRECTION ( 'NONE',  ( -0.000000000000000000, -0.000000000000000000, -1.000000000000000000 ) ) ;
#684 = ORIENTED_EDGE ( 'NONE', *, *, #2641, .T. ) ;
#685 = EDGE_CURVE ( 'NONE', #1690, #2896, #979, .T. ) ;
#686 = ORIENTED_EDGE ( 'NONE', *, *, #1394, .T. ) ;
#687 = AXIS2_PLACEMENT_3D ( 'NONE', #3529, #246, #831 ) ;
#688 = DIRECTION ( 'NONE',  ( 1.000000000000000000, 0.000000000000000000, -0.000000000000000000 ) ) ;
#689 = ADVANCED_FACE ( 'NONE', ( #3170 ), #1096, .T. ) ;
#690 = ORIENTED_EDGE ( 'NONE', *, *, #2613, .T. ) ;
#691 = AXIS2_PLACEMENT_3D ( 'NONE', #3654, #410, #957 ) ;
#692 = CARTESIAN_POINT ( 'NONE',  ( -93.79000000000000625, 0.000000000000000000, -5.000000000000000000 ) ) ;
#693 = CYLINDRICAL_SURFACE ( 'NONE', #691, 12.99999999999999822 ) ;
#694 = AXIS2_PLACEMENT_3D ( 'NONE', #873, #3555, #2069 ) ;
#695 = CARTESIAN_POINT ( 'NONE',  ( -109.3784572681199165, -8.999999999999994671, -2.000000000000000444 ) ) ;
#696 = CIRCLE ( 'NONE', #3157, 17.00000000000000000 ) ;
#697 = DIRECTION ( 'NONE',  ( 0.9996082575616350718, 0.02798805842840749666, 0.000000000000000000 ) ) ;
#698 = DIRECTION ( 'NONE',  ( 0.9612281296413763831, 0.02691345219682009932, -0.2744378779924353529 ) ) ;
#699 = ORIENTED_EDGE ( 'NONE', *, *, #1323, .F. ) ;
#700 = CIRCLE ( 'NONE', #1970, 16.50000000000000000 ) ;
#701 = DIRECTION ( 'NONE',  ( -0.000000000000000000, -0.000000000000000000, -1.000000000000000000 ) ) ;
#702 = DIRECTION ( 'NONE',  ( 1.000000000000000000, 0.000000000000000000, 0.000000000000000000 ) ) ;
#703 = VERTEX_POINT ( 'NONE', #1952 ) ;
#704 = ORIENTED_EDGE ( 'NONE', *, *, #150, .F. ) ;
#705 = EDGE_CURVE ( 'NONE', #1214, #456, #3810, .T. ) ;
#706 = ORIENTED_EDGE ( 'NONE', *, *, #3273, .F. ) ;
#707 = DIRECTION ( 'NONE',  ( -1.000000000000000000, 0.000000000000000000, 0.000000000000000000 ) ) ;
#708 = CARTESIAN_POINT ( 'NONE',  ( 97.79000000000003467, -7.000000000000000000, -4.500000000000000888 ) ) ;
#709 = CYLINDRICAL_SURFACE ( 'NONE', #1305, 1.399999999999998579 ) ;
#710 = CARTESIAN_POINT ( 'NONE',  ( -68.15701691347383928, -20.32625154428307823, -2.999999999999999112 ) ) ;
#711 = CARTESIAN_POINT ( 'NONE',  ( 93.79000000000000625, 0.000000000000000000, -5.000000000000000000 ) ) ;
#712 = ORIENTED_EDGE ( 'NONE', *, *, #1223, .T. ) ;
#713 = ADVANCED_FACE ( 'NONE', ( #3147 ), #2964, .T. ) ;
#714 = VECTOR ( 'NONE', #291, 1000.000000000000000 ) ;
#715 = DIRECTION ( 'NONE',  ( -1.000000000000000000, 0.000000000000000000, 0.000000000000000000 ) ) ;
#716 = ADVANCED_FACE ( 'NONE', ( #993 ), #1681, .F. ) ;
#717 = EDGE_CURVE ( 'NONE', #651, #549, #2440, .T. ) ;
#718 = CARTESIAN_POINT ( 'NONE',  ( -76.72022450969554086, -21.28870372672530920, -4.736280489347379330 ) ) ;
#719 = VERTEX_POINT ( 'NONE', #517 ) ;
#720 = FACE_OUTER_BOUND ( 'NONE', #346, .T. ) ;
#721 = DIRECTION ( 'NONE',  ( 1.000000000000000000, 0.000000000000000000, -0.000000000000000000 ) ) ;
#722 = CARTESIAN_POINT ( 'NONE',  ( -109.3784572681199165, -8.999999999999994671, -5.000000000000000000 ) ) ;
#723 = EDGE_LOOP ( 'NONE', ( #469, #2983, #1747, #288 ) ) ;
#724 = ORIENTED_EDGE ( 'NONE', *, *, #1520, .T. ) ;
#725 = DIRECTION ( 'NONE',  ( 0.02798805842840749666, -0.9996082575616350718, 0.000000000000000000 ) ) ;
#726 = FACE_OUTER_BOUND ( 'NONE', #2370, .T. ) ;
#727 = PERSON_AND_ORGANIZATION ( #2256, #1634 ) ;
#728 = ORIENTED_EDGE ( 'NONE', *, *, #325, .F. ) ;
#729 = FACE_OUTER_BOUND ( 'NONE', #3720, .T. ) ;
#730 = AXIS2_PLACEMENT_3D ( 'NONE', #2915, #1413, #1144 ) ;
#731 = CARTESIAN_POINT ( 'NONE',  ( -76.26934084748776854, -21.47774069402302999, 3.971245106464120322 ) ) ;
#732 = CARTESIAN_POINT ( 'NONE',  ( -93.79000000000000625, 0.000000000000000000, -2.000000000000000888 ) ) ;
#733 = CARTESIAN_POINT ( 'NONE',  ( 97.29000000000002046, 7.000000000000000000, -5.000000000000000888 ) ) ;
#734 = CARTESIAN_POINT ( 'NONE',  ( 86.79000000000000625, -8.572527594031484037E-16, 30.50000000000000000 ) ) ;
#735 = EDGE_LOOP ( 'NONE', ( #3554, #3512, #3043, #3721 ) ) ;
#736 = EDGE_CURVE ( 'NONE', #835, #2205, #1396, .T. ) ;
#737 = CARTESIAN_POINT ( 'NONE',  ( 93.79000000000000625, 0.000000000000000000, -4.500000000000000888 ) ) ;
#738 = DIRECTION ( 'NONE',  ( 0.000000000000000000, 0.000000000000000000, 1.000000000000000000 ) ) ;
#739 = CARTESIAN_POINT ( 'NONE',  ( 105.2900000000000063, 1.408343819019455781E-15, 30.50000000000000000 ) ) ;
#740 = ORIENTED_EDGE ( 'NONE', *, *, #1853, .T. ) ;
#741 = EDGE_LOOP ( 'NONE', ( #2068, #1109, #1576, #1598 ) ) ;
#742 = DIRECTION ( 'NONE',  ( -0.000000000000000000, -0.000000000000000000, -1.000000000000000000 ) ) ;
#743 = PERSON_AND_ORGANIZATION ( #2256, #1634 ) ;
#744 = ORIENTED_EDGE ( 'NONE', *, *, #3492, .T. ) ;
#745 = TOROIDAL_SURFACE ( 'NONE', #13, 16.49999999999999645, 0.5000000000000000000 ) ;
#746 = LINE ( 'NONE', #3859, #2360 ) ;
#747 = EDGE_CURVE ( 'NONE', #456, #2205, #3546, .T. ) ;
#748 = CARTESIAN_POINT ( 'NONE',  ( -109.3784572681198881, 9.000000000000007105, -5.000000000000000000 ) ) ;
#749 = CIRCLE ( 'NONE', #1641, 3.500000000000003109 ) ;
#750 = ORIENTED_EDGE ( 'NONE', *, *, #1053, .F. ) ;
#751 = AXIS2_PLACEMENT_3D ( 'NONE', #2997, #304, #2409 ) ;
#752 = AXIS2_PLACEMENT_3D ( 'NONE', #775, #2887, #232 ) ;
#753 = CARTESIAN_POINT ( 'NONE',  ( 94.29000000000000625, 0.000000000000000000, 5.000000000000000000 ) ) ;
#754 = AXIS2_PLACEMENT_3D ( 'NONE', #2422, #3221, #2923 ) ;
#755 = LINE ( 'NONE', #1718, #80 ) ;
#756 = ORIENTED_EDGE ( 'NONE', *, *, #3675, .T. ) ;
#757 = AXIS2_PLACEMENT_3D ( 'NONE', #3460, #3071, #1888 ) ;
#758 = AXIS2_PLACEMENT_3D ( 'NONE', #1261, #2497, #2204 ) ;
#759 = CARTESIAN_POINT ( 'NONE',  ( -66.14770016207936010, -21.48476219016887967, 4.480169700607308236 ) ) ;
#760 = FACE_OUTER_BOUND ( 'NONE', #1638, .T. ) ;
#761 = EDGE_CURVE ( 'NONE', #3430, #1347, #2938, .T. ) ;
#762 = AXIS2_PLACEMENT_3D ( 'NONE', #2030, #2304, #774 ) ;
#763 = FACE_OUTER_BOUND ( 'NONE', #2815, .T. ) ;
#764 = ORIENTED_EDGE ( 'NONE', *, *, #2771, .F. ) ;
#765 = ORIENTED_EDGE ( 'NONE', *, *, #3296, .T. ) ;
#766 = AXIS2_PLACEMENT_3D ( 'NONE', #2945, #2737, #3285 ) ;
#767 = CARTESIAN_POINT ( 'NONE',  ( -67.75138050665424316, -20.92247535554901461, 3.847915730050816219 ) ) ;
#768 = EDGE_CURVE ( 'NONE', #997, #1347, #799, .T. ) ;
#769 = ORIENTED_EDGE ( 'NONE', *, *, #2001, .T. ) ;
#770 = APPROVAL_DATE_TIME ( #2300, #2678 ) ;
#771 = ORIENTED_EDGE ( 'NONE', *, *, #2818, .F. ) ;
#772 = DIRECTION ( 'NONE',  ( -1.000000000000000000, 0.000000000000000000, 0.000000000000000000 ) ) ;
#773 = ORIENTED_EDGE ( 'NONE', *, *, #2297, .T. ) ;
#774 = DIRECTION ( 'NONE',  ( 1.000000000000000000, 0.000000000000000000, 0.000000000000000000 ) ) ;
#775 = CARTESIAN_POINT ( 'NONE',  ( -78.20154273188012439, -9.000000000000007105, -5.000000000000000000 ) ) ;
#776 = LINE ( 'NONE', #3185, #3411 ) ;
#777 = VERTEX_POINT ( 'NONE', #3267 ) ;
#778 = DIRECTION ( 'NONE',  ( -1.224646799147353207E-16, 1.000000000000000000, 0.000000000000000000 ) ) ;
#779 = CARTESIAN_POINT ( 'NONE',  ( -68.15701691347383928, -20.32625154428307823, 30.99999999999999645 ) ) ;
#780 = CARTESIAN_POINT ( 'NONE',  ( -66.28454925335395842, -21.48859383154788816, -4.441098260208668158 ) ) ;
#781 = CARTESIAN_POINT ( 'NONE',  ( -108.9208656090049345, 5.278023391595751512, -5.000000000000000000 ) ) ;
#782 = EDGE_LOOP ( 'NONE', ( #3435, #148, #3612, #262 ) ) ;
#783 = ORIENTED_EDGE ( 'NONE', *, *, #1124, .T. ) ;
#784 = DIRECTION ( 'NONE',  ( -1.000000000000000000, 0.000000000000000000, 0.000000000000000000 ) ) ;
#785 = DIRECTION ( 'NONE',  ( 1.000000000000000000, 0.000000000000000000, 0.000000000000000000 ) ) ;
#786 = VERTEX_POINT ( 'NONE', #1433 ) ;
#787 = EDGE_LOOP ( 'NONE', ( #1920, #3320, #3507, #3770 ) ) ;
#788 = EDGE_CURVE ( 'NONE', #1102, #2450, #1752, .T. ) ;
#789 = EDGE_CURVE ( 'NONE', #2365, #1132, #2250, .T. ) ;
#790 = CARTESIAN_POINT ( 'NONE',  ( -92.39000000000001478, -18.00000000000000000, -2.000000000000000444 ) ) ;
#791 = VERTEX_POINT ( 'NONE', #2373 ) ;
#792 = VECTOR ( 'NONE', #381, 1000.000000000000000 ) ;
#793 = CARTESIAN_POINT ( 'NONE',  ( 93.79000000000000625, 0.000000000000000000, 5.146446609406726935 ) ) ;
#794 = EDGE_CURVE ( 'NONE', #1423, #2467, #2875, .T. ) ;
#795 = AXIS2_PLACEMENT_3D ( 'NONE', #220, #3189, #3206 ) ;
#796 = FACE_OUTER_BOUND ( 'NONE', #2109, .T. ) ;
#797 = CARTESIAN_POINT ( 'NONE',  ( -66.66307392440366186, -21.02967229202520727, 4.855853926331609394 ) ) ;
#798 = EDGE_LOOP ( 'NONE', ( #3699, #355, #986, #2358 ) ) ;
#799 = LINE ( 'NONE', #2598, #3257 ) ;
#800 = DIRECTION ( 'NONE',  ( 0.9612281296413757170, 0.02691345219682008197, 0.2744378779924377398 ) ) ;
#801 = DIRECTION ( 'NONE',  ( -1.000000000000000000, 0.000000000000000000, 0.000000000000000000 ) ) ;
#802 = ORIENTED_EDGE ( 'NONE', *, *, #1546, .F. ) ;
#803 = ORIENTED_EDGE ( 'NONE', *, *, #2704, .T. ) ;
#804 = EDGE_CURVE ( 'NONE', #1791, #2156, #1496, .T. ) ;
#805 = LINE ( 'NONE', #2020, #2599 ) ;
#806 = FACE_BOUND ( 'NONE', #2838, .T. ) ;
#807 = EDGE_LOOP ( 'NONE', ( #3234, #1282, #3211, #2125 ) ) ;
#808 = DATE_AND_TIME ( #3159, #9 ) ;
#809 = ORIENTED_EDGE ( 'NONE', *, *, #1134, .F. ) ;
#810 = EDGE_CURVE ( 'NONE', #1684, #3480, #2309, .T. ) ;
#811 = CIRCLE ( 'NONE', #2954, 0.5000000000000004441 ) ;
#812 = CARTESIAN_POINT ( 'NONE',  ( -75.97574466253115588, -21.24302272561400784, 3.709841441098227222 ) ) ;
#813 = ADVANCED_FACE ( 'NONE', ( #498 ), #1078, .F. ) ;
#814 = ORIENTED_EDGE ( 'NONE', *, *, #3069, .F. ) ;
#815 = DIRECTION ( 'NONE',  ( -1.000000000000000000, 0.000000000000000000, 0.000000000000000000 ) ) ;
#816 = AXIS2_PLACEMENT_3D ( 'NONE', #994, #118, #3148 ) ;
#817 = DIRECTION ( 'NONE',  ( -1.000000000000000000, 0.000000000000000000, 0.000000000000000000 ) ) ;
#818 = TOROIDAL_SURFACE ( 'NONE', #2650, 2.099999999999997424, 0.5000000000000000000 ) ;
#819 = FACE_OUTER_BOUND ( 'NONE', #46, .T. ) ;
#820 =( BOUNDED_SURFACE ( )  B_SPLINE_SURFACE ( 3, 2, ( 
 ( #2591, #1945, #3438 ),
 ( #3496, #1406, #2537 ),
 ( #2239, #3746, #3139 ),
 ( #2005, #1966, #2849 ),
 ( #731, #2261, #3479 ),
 ( #812, #1110, #1385 ),
 ( #3783, #2028, #127 ),
 ( #2867, #2322, #2903 ),
 ( #3513, #1089, #1330 ),
 ( #427, #3730, #1028 ) ),
 .UNSPECIFIED., .F., .F., .F. ) 
 B_SPLINE_SURFACE_WITH_KNOTS ( ( 4, 2, 2, 2, 4 ),
 ( 3, 3 ),
 ( 0.000000000000000000, 0.0005723631709081125271, 0.001144726341816225054, 0.001717089512724337581, 0.002289452683632450108 ),
 ( 0.000000000000000000, 1.000000000000000000 ),
 .UNSPECIFIED. ) 
 GEOMETRIC_REPRESENTATION_ITEM ( )  RATIONAL_B_SPLINE_SURFACE ( (
 ( 1.000000000000000000, 0.7220087186509005495, 1.000000000000000000),
 ( 1.000000000000000000, 0.7406412634256364091, 1.000000000000000000),
 ( 1.000000000000000000, 0.7737646255231022119, 1.000000000000000000),
 ( 1.000000000000000000, 0.8424782250514134541, 1.000000000000000000),
 ( 1.000000000000000000, 0.8774972183179292617, 1.000000000000000000),
 ( 1.000000000000000000, 0.9363361060442749739, 1.000000000000000000),
 ( 1.000000000000000000, 0.9597875130770586738, 1.000000000000000000),
 ( 1.000000000000000000, 0.9916276492240824192, 1.000000000000000000),
 ( 1.000000000000000000, 1.000059267479119773, 1.000000000000000000),
 ( 1.000000000000000000, 1.000000000000000000, 1.000000000000000000) ) ) 
 REPRESENTATION_ITEM ( '' )  SURFACE ( )  );
#821 = ORIENTED_EDGE ( 'NONE', *, *, #34, .T. ) ;
#822 = CIRCLE ( 'NONE', #3532, 1.000000000000000888 ) ;
#823 = CARTESIAN_POINT ( 'NONE',  ( 93.79000000000002046, -7.000000000000000000, 30.50000000000000355 ) ) ;
#824 = CIRCLE ( 'NONE', #1146, 3.500000000000003109 ) ;
#825 = CARTESIAN_POINT ( 'NONE',  ( -67.49782408446887416, -21.13935763136137425, -4.184743774381579406 ) ) ;
#826 = EDGE_LOOP ( 'NONE', ( #706, #3550, #3056, #2854 ) ) ;
#827 = ORIENTED_EDGE ( 'NONE', *, *, #373, .F. ) ;
#828 = CIRCLE ( 'NONE', #2660, 3.500000000000003109 ) ;
#829 = DIRECTION ( 'NONE',  ( -0.000000000000000000, -0.000000000000000000, -1.000000000000000000 ) ) ;
#830 = CIRCLE ( 'NONE', #647, 3.500000000000003109 ) ;
#831 = DIRECTION ( 'NONE',  ( 1.000000000000000000, 0.000000000000000000, 0.000000000000000000 ) ) ;
#832 = AXIS2_PLACEMENT_3D ( 'NONE', #711, #1927, #3731 ) ;
#833 = DIRECTION ( 'NONE',  ( -1.000000000000000000, 0.000000000000000000, 0.000000000000000000 ) ) ;
#834 = ORIENTED_EDGE ( 'NONE', *, *, #2645, .F. ) ;
#835 = VERTEX_POINT ( 'NONE', #1738 ) ;
#836 = VECTOR ( 'NONE', #1756, 1000.000000000000000 ) ;
#837 = CARTESIAN_POINT ( 'NONE',  ( 110.2900000000000063, 0.000000000000000000, 5.000000000000000000 ) ) ;
#838 = ORIENTED_EDGE ( 'NONE', *, *, #2371, .F. ) ;
#839 = CARTESIAN_POINT ( 'NONE',  ( -112.6260525323116326, -10.87499999999988098, -5.000000000000000000 ) ) ;
#840 = DIRECTION ( 'NONE',  ( -1.000000000000000000, 0.000000000000000000, 0.000000000000000000 ) ) ;
#841 = CARTESIAN_POINT ( 'NONE',  ( 94.26579699328287631, 16.99334037854779567, 4.500000000000001776 ) ) ;
#842 = CARTESIAN_POINT ( 'NONE',  ( 94.25180296406868763, -16.49353624976697574, 4.500000000000000888 ) ) ;
#843 = EDGE_LOOP ( 'NONE', ( #1564, #2957 ) ) ;
#844 = EDGE_CURVE ( 'NONE', #2259, #3182, #2616, .T. ) ;
#845 = EDGE_CURVE ( 'NONE', #3083, #306, #3008, .T. ) ;
#846 = DIRECTION ( 'NONE',  ( -1.000000000000000000, -1.224646799147352468E-16, 0.000000000000000000 ) ) ;
#847 = DIRECTION ( 'NONE',  ( -1.000000000000000000, 0.000000000000000000, 0.000000000000000000 ) ) ;
#848 = CARTESIAN_POINT ( 'NONE',  ( -67.65316903724956887, -21.00999870734091957, -3.709841441098259640 ) ) ;
#849 = ORIENTED_EDGE ( 'NONE', *, *, #1635, .F. ) ;
#850 = ORIENTED_EDGE ( 'NONE', *, *, #1323, .T. ) ;
#851 = DIRECTION ( 'NONE',  ( -0.9996082575616350718, 0.02798805842840749666, 0.000000000000000000 ) ) ;
#852 = DIRECTION ( 'NONE',  ( -1.000000000000000000, 0.000000000000000000, 0.000000000000000000 ) ) ;
#853 = AXIS2_PLACEMENT_3D ( 'NONE', #1152, #266, #1672 ) ;
#854 = ORIENTED_EDGE ( 'NONE', *, *, #453, .F. ) ;
#855 = DIRECTION ( 'NONE',  ( 0.02798805842840749666, 0.9996082575616350718, 0.000000000000000000 ) ) ;
#856 = ORIENTED_EDGE ( 'NONE', *, *, #1768, .F. ) ;
#857 = FACE_BOUND ( 'NONE', #3525, .T. ) ;
#858 = FACE_BOUND ( 'NONE', #401, .T. ) ;
#859 = CIRCLE ( 'NONE', #3321, 1.399999999999998579 ) ;
#860 = CARTESIAN_POINT ( 'NONE',  ( 82.79000000000000625, -3.673940397442062826E-16, -5.000000000000000888 ) ) ;
#861 = DIRECTION ( 'NONE',  ( 1.000000000000000000, 0.000000000000000000, 0.000000000000000000 ) ) ;
#862 = AXIS2_PLACEMENT_3D ( 'NONE', #2353, #2950, #556 ) ;
#863 = CARTESIAN_POINT ( 'NONE',  ( -68.15701691347383928, -20.32625154428307823, 2.999999999999999112 ) ) ;
#864 = CARTESIAN_POINT ( 'NONE',  ( -66.25298389439454638, -21.00134119440363989, -4.973818997033625955 ) ) ;
#865 = CARTESIAN_POINT ( 'NONE',  ( -66.28454925335395842, -21.48859383154788461, 4.441098260208668158 ) ) ;
#866 = EDGE_LOOP ( 'NONE', ( #3276, #1407 ) ) ;
#867 = EDGE_CURVE ( 'NONE', #1782, #2357, #1303, .T. ) ;
#868 = DIRECTION ( 'NONE',  ( 1.000000000000000000, 0.000000000000000000, 0.000000000000000000 ) ) ;
#869 = DIRECTION ( 'NONE',  ( 1.000000000000000000, 0.000000000000000000, -0.000000000000000000 ) ) ;
#870 = ORIENTED_EDGE ( 'NONE', *, *, #2704, .F. ) ;
#871 = EDGE_CURVE ( 'NONE', #3801, #1684, #3572, .T. ) ;
#872 = EDGE_LOOP ( 'NONE', ( #2575, #3477, #1154, #3591 ) ) ;
#873 = CARTESIAN_POINT ( 'NONE',  ( -93.79000000000000625, 18.00000000000000000, -2.000000000000000444 ) ) ;
#874 = ADVANCED_FACE ( 'NONE', ( #2929 ), #2636, .T. ) ;
#875 = ORIENTED_EDGE ( 'NONE', *, *, #3509, .T. ) ;
#876 = CARTESIAN_POINT ( 'NONE',  ( 95.39000000000001478, 7.000000000000000000, -2.000000000000000888 ) ) ;
#877 = CARTESIAN_POINT ( 'NONE',  ( -81.65366485660713636, -10.46470230284869984, -2.000000000000000444 ) ) ;
#878 = CARTESIAN_POINT ( 'NONE',  ( -76.00010713105855586, -21.26669350666282199, -3.735329413804033827 ) ) ;
#879 = DIRECTION ( 'NONE',  ( -1.000000000000000000, 0.000000000000000000, 0.000000000000000000 ) ) ;
#880 = ORIENTED_EDGE ( 'NONE', *, *, #2961, .T. ) ;
#881 = CIRCLE ( 'NONE', #1316, 3.750000000000003553 ) ;
#882 = EDGE_CURVE ( 'NONE', #2675, #3801, #2443, .T. ) ;
#883 = CARTESIAN_POINT ( 'NONE',  ( 93.79000000000000625, 7.000000000000000000, 31.00000000000000000 ) ) ;
#884 = FACE_OUTER_BOUND ( 'NONE', #2029, .T. ) ;
#885 = CIRCLE ( 'NONE', #1137, 1.400000000000012346 ) ;
#886 = CARTESIAN_POINT ( 'NONE',  ( 82.79000000000002046, 0.000000000000000000, 31.00000000000000000 ) ) ;
#887 = ORIENTED_EDGE ( 'NONE', *, *, #2621, .F. ) ;
#888 = CARTESIAN_POINT ( 'NONE',  ( -96.78453046561205042, 15.74272569444443448, -5.000000000000000000 ) ) ;
#889 = EDGE_CURVE ( 'NONE', #1985, #1318, #984, .T. ) ;
#890 = CYLINDRICAL_SURFACE ( 'NONE', #3705, 1.399999999999998579 ) ;
#891 = CIRCLE ( 'NONE', #948, 16.02499999999999858 ) ;
#892 = EDGE_LOOP ( 'NONE', ( #2247, #1490, #2736, #3485 ) ) ;
#893 = VERTEX_POINT ( 'NONE', #863 ) ;
#894 = VECTOR ( 'NONE', #3510, 1000.000000000000000 ) ;
#895 = VECTOR ( 'NONE', #1392, 1000.000000000000000 ) ;
#896 = ADVANCED_FACE ( 'NONE', ( #2077 ), #110, .T. ) ;
#897 = EDGE_CURVE ( 'NONE', #2932, #703, #3066, .T. ) ;
#898 = DIRECTION ( 'NONE',  ( -1.000000000000000000, -1.224646799147351482E-16, 0.000000000000000000 ) ) ;
#899 = ORIENTED_EDGE ( 'NONE', *, *, #3823, .T. ) ;
#900 = AXIS2_PLACEMENT_3D ( 'NONE', #645, #358, #3481 ) ;
#901 = FACE_OUTER_BOUND ( 'NONE', #1298, .T. ) ;
#902 = DIRECTION ( 'NONE',  ( 0.000000000000000000, 0.000000000000000000, 1.000000000000000000 ) ) ;
#903 = FACE_OUTER_BOUND ( 'NONE', #782, .T. ) ;
#904 = CARTESIAN_POINT ( 'NONE',  ( -93.79000000000000625, 18.00000000000000000, 5.000000000000000888 ) ) ;
#905 = EDGE_CURVE ( 'NONE', #3083, #603, #1876, .T. ) ;
#906 = DIRECTION ( 'NONE',  ( -1.000000000000000000, 0.000000000000000000, 0.000000000000000000 ) ) ;
#907 = B_SPLINE_CURVE_WITH_KNOTS ( 'NONE', 3,
 ( #2111, #1180, #2696, #2386 ),
 .UNSPECIFIED., .F., .F.,
 ( 4, 4 ),
 ( 5.616460273445033037E-17, 0.0005638529354486796668 ),
 .UNSPECIFIED. ) ;
#908 = FACE_OUTER_BOUND ( 'NONE', #2303, .T. ) ;
#909 = ORIENTED_EDGE ( 'NONE', *, *, #905, .T. ) ;
#910 = EDGE_CURVE ( 'NONE', #1618, #1166, #2384, .T. ) ;
#911 = CARTESIAN_POINT ( 'NONE',  ( 93.79000000000000625, 0.000000000000000000, -4.500000000000000888 ) ) ;
#912 = CARTESIAN_POINT ( 'NONE',  ( -77.73613208002822716, -21.80922700642029710, 4.999999999999999112 ) ) ;
#913 = VERTEX_POINT ( 'NONE', #1833 ) ;
#914 = ORIENTED_EDGE ( 'NONE', *, *, #1077, .T. ) ;
#915 = DIRECTION ( 'NONE',  ( 1.000000000000000000, 0.000000000000000000, 0.000000000000000000 ) ) ;
#916 = ORIENTED_EDGE ( 'NONE', *, *, #1005, .T. ) ;
#917 = CYLINDRICAL_SURFACE ( 'NONE', #3459, 22.24999999999999289 ) ;
#918 = EDGE_CURVE ( 'NONE', #2280, #2446, #239, .T. ) ;
#919 = CARTESIAN_POINT ( 'NONE',  ( -93.16726569996802709, 22.24128373074637821, -5.000000000000000000 ) ) ;
#920 = CARTESIAN_POINT ( 'NONE',  ( 93.79000000000000625, 0.000000000000000000, 5.000000000000000000 ) ) ;
#921 = CARTESIAN_POINT ( 'NONE',  ( -77.08653244339514288, -21.79103884876191088, 4.392081947117035590 ) ) ;
#922 = DIRECTION ( 'NONE',  ( 0.000000000000000000, -1.000000000000000000, 0.000000000000000000 ) ) ;
#923 = CARTESIAN_POINT ( 'NONE',  ( 93.79000000000000625, 0.000000000000000000, 5.000000000000000000 ) ) ;
#924 = ORIENTED_EDGE ( 'NONE', *, *, #391, .T. ) ;
#925 = VECTOR ( 'NONE', #1167, 1000.000000000000000 ) ;
#926 = CARTESIAN_POINT ( 'NONE',  ( -93.79000000000000625, 0.000000000000000000, -5.000000000000000000 ) ) ;
#927 = ADVANCED_FACE ( 'NONE', ( #1479 ), #174, .T. ) ;
#928 = ORIENTED_EDGE ( 'NONE', *, *, #3051, .T. ) ;
#929 = ORIENTED_EDGE ( 'NONE', *, *, #3568, .F. ) ;
#930 = DIRECTION ( 'NONE',  ( -1.000000000000000000, 0.000000000000000000, 0.000000000000000000 ) ) ;
#931 = ORIENTED_EDGE ( 'NONE', *, *, #1569, .F. ) ;
#932 = CARTESIAN_POINT ( 'NONE',  ( -108.9208656090049345, 5.278023391595752400, -2.000000000000000444 ) ) ;
#933 = EDGE_LOOP ( 'NONE', ( #1364, #3186, #1910 ) ) ;
#934 = DIRECTION ( 'NONE',  ( -0.000000000000000000, -0.000000000000000000, -1.000000000000000000 ) ) ;
#935 = EDGE_CURVE ( 'NONE', #2057, #3666, #3191, .T. ) ;
#936 = CARTESIAN_POINT ( 'NONE',  ( -67.26251731313379878, -20.95188157928648565, -4.489619351714411621 ) ) ;
#937 = B_SPLINE_CURVE_WITH_KNOTS ( 'NONE', 3,
 ( #1514, #3603, #3312, #1222, #938, #3621, #2681, #2994, #921, #1815 ),
 .UNSPECIFIED., .F., .F.,
 ( 4, 2, 2, 2, 4 ),
 ( -8.012360957836163263E-06, 0.0006893929987062733227, 0.001386798358370382699, 0.002084203718034492291, 0.002781609077698601884 ),
 .UNSPECIFIED. ) ;
#938 = CARTESIAN_POINT ( 'NONE',  ( -76.00010713105855586, -21.26669350666282199, 3.735329413804033827 ) ) ;
#939 = DIRECTION ( 'NONE',  ( 0.000000000000000000, 0.000000000000000000, -1.000000000000000000 ) ) ;
#940 = CARTESIAN_POINT ( 'NONE',  ( 93.79000000000000625, 0.000000000000000000, 5.000000000000000000 ) ) ;
#941 = ORIENTED_EDGE ( 'NONE', *, *, #453, .T. ) ;
#942 = VECTOR ( 'NONE', #738, 1000.000000000000000 ) ;
#943 = CARTESIAN_POINT ( 'NONE',  ( 97.29000000000003467, -7.000000000000000000, -4.500000000000000888 ) ) ;
#944 = CYLINDRICAL_SURFACE ( 'NONE', #631, 1.599999999999990319 ) ;
#945 = EDGE_LOOP ( 'NONE', ( #1962, #120 ) ) ;
#946 = CIRCLE ( 'NONE', #3527, 10.99999999999999645 ) ;
#947 = FACE_OUTER_BOUND ( 'NONE', #3318, .T. ) ;
#948 = AXIS2_PLACEMENT_3D ( 'NONE', #2691, #3006, #1425 ) ;
#949 = CARTESIAN_POINT ( 'NONE',  ( 82.79000000000000625, -3.673940397442062826E-16, -4.500000000000000888 ) ) ;
#950 = CIRCLE ( 'NONE', #3155, 4.000000000000003553 ) ;
#951 = LINE ( 'NONE', #3395, #995 ) ;
#952 = VERTEX_POINT ( 'NONE', #2172 ) ;
#953 = AXIS2_PLACEMENT_3D ( 'NONE', #1014, #1291, #2227 ) ;
#954 = ADVANCED_FACE ( 'NONE', ( #1873 ), #625, .F. ) ;
#955 = CARTESIAN_POINT ( 'NONE',  ( -68.08411525086194160, -20.48448948400699976, -3.150882016470074820 ) ) ;
#956 = CIRCLE ( 'NONE', #762, 3.500000000000003109 ) ;
#957 = DIRECTION ( 'NONE',  ( -1.000000000000000000, 0.000000000000000000, 0.000000000000000000 ) ) ;
#958 = DIRECTION ( 'NONE',  ( -1.000000000000000000, 0.000000000000000000, 0.000000000000000000 ) ) ;
#959 = AXIS2_PLACEMENT_3D ( 'NONE', #2343, #1826, #619 ) ;
#960 = DIRECTION ( 'NONE',  ( 0.000000000000000000, 0.000000000000000000, 1.000000000000000000 ) ) ;
#961 = LINE ( 'NONE', #3808, #895 ) ;
#962 = ORIENTED_EDGE ( 'NONE', *, *, #3675, .F. ) ;
#963 = AXIS2_PLACEMENT_3D ( 'NONE', #3239, #3256, #3274 ) ;
#964 = EDGE_CURVE ( 'NONE', #306, #1727, #3445, .T. ) ;
#965 = EDGE_CURVE ( 'NONE', #2587, #329, #3814, .T. ) ;
#966 = DIRECTION ( 'NONE',  ( 0.000000000000000000, 0.000000000000000000, 1.000000000000000000 ) ) ;
#967 = CARTESIAN_POINT ( 'NONE',  ( -77.31544087882276983, -21.79744806218830888, 4.441098260208684145 ) ) ;
#968 = ORIENTED_EDGE ( 'NONE', *, *, #2870, .T. ) ;
#969 = FACE_OUTER_BOUND ( 'NONE', #1336, .T. ) ;
#970 = CARTESIAN_POINT ( 'NONE',  ( -77.73613208002826980, -21.80922700642029355, -4.500000000000000888 ) ) ;
#971 = CARTESIAN_POINT ( 'NONE',  ( -77.31544087882276983, -21.79744806218830888, 4.441098260208674375 ) ) ;
#972 = ORIENTED_EDGE ( 'NONE', *, *, #2419, .T. ) ;
#973 = CARTESIAN_POINT ( 'NONE',  ( 100.7900000000000205, 0.000000000000000000, -1.999999999999998224 ) ) ;
#974 = DIRECTION ( 'NONE',  ( -1.000000000000000000, 0.000000000000000000, 0.000000000000000000 ) ) ;
#975 = CARTESIAN_POINT ( 'NONE',  ( -65.86385805214852951, -21.47681488731589639, -4.500000000000000000 ) ) ;
#976 = CARTESIAN_POINT ( 'NONE',  ( 100.7900000000000205, 0.000000000000000000, -4.500000000000000888 ) ) ;
#977 = CARTESIAN_POINT ( 'NONE',  ( -75.78592947336218799, -20.90717627016669766, -3.763905837331396054 ) ) ;
#978 = VERTEX_POINT ( 'NONE', #2389 ) ;
#979 = LINE ( 'NONE', #2521, #1245 ) ;
#980 = FACE_OUTER_BOUND ( 'NONE', #101, .T. ) ;
#981 = EDGE_CURVE ( 'NONE', #3380, #33, #2153, .T. ) ;
#982 = ORIENTED_EDGE ( 'NONE', *, *, #2152, .T. ) ;
#983 = VERTEX_POINT ( 'NONE', #303 ) ;
#984 = CIRCLE ( 'NONE', #2190, 3.750000000000003553 ) ;
#985 = EDGE_CURVE ( 'NONE', #2357, #1974, #44, .T. ) ;
#986 = ORIENTED_EDGE ( 'NONE', *, *, #2001, .F. ) ;
#987 = PLANE ( 'NONE',  #3633 ) ;
#988 = CARTESIAN_POINT ( 'NONE',  ( 95.89000000000001478, -7.000000000000000000, 30.50000000000000355 ) ) ;
#989 = CARTESIAN_POINT ( 'NONE',  ( -65.86385805214854372, -21.47681488731589994, -4.999999999999995559 ) ) ;
#990 = CARTESIAN_POINT ( 'NONE',  ( 93.79000000000000625, 0.000000000000000000, 30.50000000000000000 ) ) ;
#991 = ORIENTED_EDGE ( 'NONE', *, *, #3640, .T. ) ;
#992 = EDGE_CURVE ( 'NONE', #383, #3177, #2003, .T. ) ;
#993 = FACE_OUTER_BOUND ( 'NONE', #100, .T. ) ;
#994 = CARTESIAN_POINT ( 'NONE',  ( 93.79000000000002046, -7.000000000000000000, -2.000000000000000888 ) ) ;
#995 = VECTOR ( 'NONE', #3365, 1000.000000000000000 ) ;
#996 = VERTEX_POINT ( 'NONE', #1558 ) ;
#997 = VERTEX_POINT ( 'NONE', #2758 ) ;
#998 = DIRECTION ( 'NONE',  ( 1.000000000000000000, 0.000000000000000000, -0.000000000000000000 ) ) ;
#999 = VECTOR ( 'NONE', #2289, 1000.000000000000000 ) ;
#1000 = CARTESIAN_POINT ( 'NONE',  ( -68.08681763475654236, -20.47862377882952245, 3.145288955295055811 ) ) ;
#1001 = CIRCLE ( 'NONE', #1832, 0.5000000000000013323 ) ;
#1002 = CIRCLE ( 'NONE', #3405, 1.600000000000004086 ) ;
#1003 = FACE_OUTER_BOUND ( 'NONE', #2117, .T. ) ;
#1004 = ORIENTED_EDGE ( 'NONE', *, *, #2067, .T. ) ;
#1005 = EDGE_CURVE ( 'NONE', #777, #1249, #2134, .T. ) ;
#1006 = AXIS2_PLACEMENT_3D ( 'NONE', #3673, #3081, #677 ) ;
#1007 = CARTESIAN_POINT ( 'NONE',  ( -93.79000000000000625, 0.000000000000000000, 4.000000000000000000 ) ) ;
#1008 = DIRECTION ( 'NONE',  ( -1.000000000000000000, 0.000000000000000000, 0.000000000000000000 ) ) ;
#1009 = VECTOR ( 'NONE', #70, 1000.000000000000000 ) ;
#1010 = CARTESIAN_POINT ( 'NONE',  ( 93.79000000000000625, 0.000000000000000000, 30.50000000000000000 ) ) ;
#1011 = EDGE_CURVE ( 'NONE', #1618, #549, #2700, .T. ) ;
#1012 = AXIS2_PLACEMENT_3D ( 'NONE', #3406, #698, #2759 ) ;
#1013 = DIRECTION ( 'NONE',  ( 0.000000000000000000, 0.000000000000000000, 1.000000000000000000 ) ) ;
#1014 = CARTESIAN_POINT ( 'NONE',  ( 93.79000000000000625, 7.000000000000000000, -4.500000000000000888 ) ) ;
#1015 = ORIENTED_EDGE ( 'NONE', *, *, #3734, .T. ) ;
#1016 = CIRCLE ( 'NONE', #1218, 3.500000000000003109 ) ;
#1017 = DIRECTION ( 'NONE',  ( 0.000000000000000000, 0.000000000000000000, 1.000000000000000000 ) ) ;
#1018 = DIRECTION ( 'NONE',  ( 0.000000000000000000, 0.000000000000000000, 1.000000000000000000 ) ) ;
#1019 = ORIENTED_EDGE ( 'NONE', *, *, #1794, .F. ) ;
#1020 = EDGE_LOOP ( 'NONE', ( #1946, #536 ) ) ;
#1021 = EDGE_CURVE ( 'NONE', #2941, #335, #426, .T. ) ;
#1022 = ADVANCED_FACE ( 'NONE', ( #2114 ), #3841, .T. ) ;
#1023 = CARTESIAN_POINT ( 'NONE',  ( -93.18125972918222999, -21.74147960196555829, -4.500000000000000888 ) ) ;
#1024 = DIRECTION ( 'NONE',  ( 1.000000000000000000, 0.000000000000000000, 0.000000000000000000 ) ) ;
#1025 = COORDINATED_UNIVERSAL_TIME_OFFSET ( 8, 0, .BEHIND. ) ;
#1026 = ORIENTED_EDGE ( 'NONE', *, *, #1917, .F. ) ;
#1027 = DIRECTION ( 'NONE',  ( -0.2745373243504553584, 0.000000000000000000, 0.9615764439390624974 ) ) ;
#1028 = CARTESIAN_POINT ( 'NONE',  ( -75.51094466378638970, -20.53215436471002420, 2.999999999999999112 ) ) ;
#1029 = EDGE_CURVE ( 'NONE', #1631, #1198, #457, .T. ) ;
#1030 = VERTEX_POINT ( 'NONE', #1930 ) ;
#1031 = CARTESIAN_POINT ( 'NONE',  ( -113.1284572681198881, 9.000000000000007105, -5.000000000000000000 ) ) ;
#1032 = CIRCLE ( 'NONE', #3738, 1.600000000000004086 ) ;
#1033 = DIRECTION ( 'NONE',  ( 1.000000000000000000, 0.000000000000000000, 0.000000000000000000 ) ) ;
#1034 = DIRECTION ( 'NONE',  ( -0.000000000000000000, -0.000000000000000000, -1.000000000000000000 ) ) ;
#1035 = VERTEX_POINT ( 'NONE', #2516 ) ;
#1036 = DIRECTION ( 'NONE',  ( 1.000000000000000000, 0.000000000000000000, -0.000000000000000000 ) ) ;
#1037 = CARTESIAN_POINT ( 'NONE',  ( -76.80154273188011871, 8.999999999999980460, 30.99999999999999645 ) ) ;
#1038 = DIRECTION ( 'NONE',  ( -0.000000000000000000, -0.000000000000000000, -1.000000000000000000 ) ) ;
#1039 = ORIENTED_EDGE ( 'NONE', *, *, #2075, .F. ) ;
#1040 = ORIENTED_EDGE ( 'NONE', *, *, #1290, .T. ) ;
#1041 = DIRECTION ( 'NONE',  ( -0.000000000000000000, -0.000000000000000000, -1.000000000000000000 ) ) ;
#1042 = AXIS2_PLACEMENT_3D ( 'NONE', #911, #2707, #2447 ) ;
#1043 = VERTEX_POINT ( 'NONE', #753 ) ;
#1044 = CIRCLE ( 'NONE', #3063, 1.399999999999998579 ) ;
#1045 = DIRECTION ( 'NONE',  ( 0.000000000000000000, 0.000000000000000000, 1.000000000000000000 ) ) ;
#1046 = CARTESIAN_POINT ( 'NONE',  ( -65.87785208136273241, -20.97701075853507646, 4.500000000000000888 ) ) ;
#1047 = EDGE_LOOP ( 'NONE', ( #612, #482 ) ) ;
#1048 = DIRECTION ( 'NONE',  ( 1.224646799147353207E-16, 1.000000000000000000, -0.000000000000000000 ) ) ;
#1049 = EDGE_CURVE ( 'NONE', #2156, #1791, #950, .T. ) ;
#1050 = CARTESIAN_POINT ( 'NONE',  ( -81.65366485660712215, 10.46470230284868208, -2.000000000000000444 ) ) ;
#1051 = FACE_OUTER_BOUND ( 'NONE', #14, .T. ) ;
#1052 = ORIENTED_EDGE ( 'NONE', *, *, #1422, .T. ) ;
#1053 = EDGE_CURVE ( 'NONE', #2592, #1207, #1458, .T. ) ;
#1054 = CARTESIAN_POINT ( 'NONE',  ( -66.25388659281054515, -21.00140355779522494, 4.973559329927709882 ) ) ;
#1055 = DIRECTION ( 'NONE',  ( -1.000000000000000000, 0.000000000000000000, 0.000000000000000000 ) ) ;
#1056 = CARTESIAN_POINT ( 'NONE',  ( -67.34689936503994545, -21.22792101551902988, -3.971245106464066588 ) ) ;
#1057 = ORIENTED_EDGE ( 'NONE', *, *, #1592, .T. ) ;
#1058 = ORIENTED_EDGE ( 'NONE', *, *, #1186, .T. ) ;
#1059 = DIRECTION ( 'NONE',  ( -0.9996082575616350718, -0.02798805842840749666, -0.000000000000000000 ) ) ;
#1060 = CARTESIAN_POINT ( 'NONE',  ( -90.04000000000000625, -18.00000000000000000, -5.000000000000000000 ) ) ;
#1061 = ADVANCED_FACE ( 'NONE', ( #3424 ), #1965, .T. ) ;
#1062 = LOCAL_TIME ( 21, 21, 23.00000000000000000, #3725 ) ;
#1063 = ORIENTED_EDGE ( 'NONE', *, *, #2655, .F. ) ;
#1064 = VECTOR ( 'NONE', #1334, 1000.000000000000000 ) ;
#1065 = VECTOR ( 'NONE', #2161, 1000.000000000000000 ) ;
#1066 = PLANE ( 'NONE',  #1526 ) ;
#1067 = AXIS2_PLACEMENT_3D ( 'NONE', #1351, #2264, #3694 ) ;
#1068 = ORIENTED_EDGE ( 'NONE', *, *, #3187, .T. ) ;
#1069 = DIRECTION ( 'NONE',  ( -1.000000000000000000, 0.000000000000000000, 0.000000000000000000 ) ) ;
#1070 = EDGE_CURVE ( 'NONE', #978, #1174, #2160, .T. ) ;
#1071 = CIRCLE ( 'NONE', #1324, 4.000000000000003553 ) ;
#1072 = AXIS2_PLACEMENT_3D ( 'NONE', #215, #475, #511 ) ;
#1073 = DIRECTION ( 'NONE',  ( 1.000000000000000000, 0.000000000000000000, 0.000000000000000000 ) ) ;
#1074 = AXIS2_PLACEMENT_3D ( 'NONE', #1986, #1692, #2884 ) ;
#1075 = DIRECTION ( 'NONE',  ( -1.000000000000000000, 0.000000000000000000, 0.000000000000000000 ) ) ;
#1076 = VERTEX_POINT ( 'NONE', #3677 ) ;
#1077 = EDGE_CURVE ( 'NONE', #1705, #1214, #257, .T. ) ;
#1078 = CYLINDRICAL_SURFACE ( 'NONE', #730, 1.399999999999998579 ) ;
#1079 = CARTESIAN_POINT ( 'NONE',  ( 92.19000000000002615, -7.000000000000000000, -5.000000000000000888 ) ) ;
#1080 = EDGE_CURVE ( 'NONE', #3575, #2000, #3021, .T. ) ;
#1081 = CIRCLE ( 'NONE', #1787, 1.600000000000004086 ) ;
#1082 = CARTESIAN_POINT ( 'NONE',  ( -71.79000000000002046, -22.00000000000000000, 2.999999999999999112 ) ) ;
#1083 = EDGE_LOOP ( 'NONE', ( #3449, #1807 ) ) ;
#1084 = CC_DESIGN_DATE_AND_TIME_ASSIGNMENT ( #1363, #468, ( #1255 ) ) ;
#1085 = ORIENTED_EDGE ( 'NONE', *, *, #1191, .F. ) ;
#1086 = EDGE_CURVE ( 'NONE', #2865, #1043, #2148, .T. ) ;
#1087 = PERSON_AND_ORGANIZATION ( #2256, #1634 ) ;
#1088 = ORIENTED_EDGE ( 'NONE', *, *, #964, .F. ) ;
#1089 = CARTESIAN_POINT ( 'NONE',  ( -75.56224989073669462, -20.66221157633557581, 3.169511595173342577 ) ) ;
#1090 = VERTEX_POINT ( 'NONE', #3142 ) ;
#1091 = DIRECTION ( 'NONE',  ( 0.000000000000000000, 0.000000000000000000, 1.000000000000000000 ) ) ;
#1092 = AXIS2_PLACEMENT_3D ( 'NONE', #145, #3491, #707 ) ;
#1093 = DIRECTION ( 'NONE',  ( -0.000000000000000000, -0.000000000000000000, -1.000000000000000000 ) ) ;
#1094 = EDGE_CURVE ( 'NONE', #3490, #2744, #2646, .T. ) ;
#1095 = DIRECTION ( 'NONE',  ( -0.000000000000000000, -0.000000000000000000, -1.000000000000000000 ) ) ;
#1096 =( BOUNDED_SURFACE ( )  B_SPLINE_SURFACE ( 3, 2, ( 
 ( #2833, #3736, #3446 ),
 ( #433, #1632, #2229 ),
 ( #2560, #459, #2248 ),
 ( #1596, #3753, #3427 ) ),
 .UNSPECIFIED., .F., .F., .F. ) 
 B_SPLINE_SURFACE_WITH_KNOTS ( ( 4, 4 ),
 ( 3, 3 ),
 ( 0.0005113846335694398944, 0.0009361971359794028086 ),
 ( 0.000000000000000000, 1.000000000000000000 ),
 .UNSPECIFIED. ) 
 GEOMETRIC_REPRESENTATION_ITEM ( )  RATIONAL_B_SPLINE_SURFACE ( (
 ( 1.000000000000000000, 0.7071067811865475727, 1.000000000000000000),
 ( 1.000000000000000000, 0.7118928439718742451, 1.000000000000000000),
 ( 1.000000000000000000, 0.7168548282985739428, 1.000000000000000000),
 ( 1.000000000000000000, 0.7220087186509005495, 1.000000000000000000) ) ) 
 REPRESENTATION_ITEM ( '' )  SURFACE ( )  );
#1097 = ORIENTED_EDGE ( 'NONE', *, *, #1840, .T. ) ;
#1098 = CARTESIAN_POINT ( 'NONE',  ( 94.26579699328287631, 16.99334037854779567, -5.000000000000000000 ) ) ;
#1099 = CARTESIAN_POINT ( 'NONE',  ( -93.79000000000000625, -18.00000000000000000, -5.000000000000000000 ) ) ;
#1100 = DIRECTION ( 'NONE',  ( 1.000000000000000000, 0.000000000000000000, 0.000000000000000000 ) ) ;
#1101 = ORIENTED_EDGE ( 'NONE', *, *, #1223, .F. ) ;
#1102 = VERTEX_POINT ( 'NONE', #3748 ) ;
#1103 = DIRECTION ( 'NONE',  ( -0.000000000000000000, -0.000000000000000000, -1.000000000000000000 ) ) ;
#1104 = CARTESIAN_POINT ( 'NONE',  ( 94.25180296406868763, -16.49353624976697574, 4.500000000000000888 ) ) ;
#1105 = CC_DESIGN_PERSON_AND_ORGANIZATION_ASSIGNMENT ( #3493, #526, ( #2642 ) ) ;
#1106 = EDGE_CURVE ( 'NONE', #913, #3389, #3732, .T. ) ;
#1107 = ORIENTED_EDGE ( 'NONE', *, *, #2372, .T. ) ;
#1108 = DATE_AND_TIME ( #1325, #1380 ) ;
#1109 = ORIENTED_EDGE ( 'NONE', *, *, #2010, .T. ) ;
#1110 = CARTESIAN_POINT ( 'NONE',  ( -75.88258435552383219, -21.15014115031758024, 3.847915730050785132 ) ) ;
#1111 = ORIENTED_EDGE ( 'NONE', *, *, #3069, .T. ) ;
#1112 = DIRECTION ( 'NONE',  ( 0.000000000000000000, 0.000000000000000000, 1.000000000000000000 ) ) ;
#1113 = DIRECTION ( 'NONE',  ( -0.000000000000000000, -0.000000000000000000, -1.000000000000000000 ) ) ;
#1114 = AXIS2_PLACEMENT_3D ( 'NONE', #3606, #922, #939 ) ;
#1115 = DIRECTION ( 'NONE',  ( -0.000000000000000000, -0.000000000000000000, -1.000000000000000000 ) ) ;
#1116 = CIRCLE ( 'NONE', #242, 0.4999999999999985012 ) ;
#1117 = LINE ( 'NONE', #1372, #2905 ) ;
#1118 = ORIENTED_EDGE ( 'NONE', *, *, #1813, .T. ) ;
#1119 = DIRECTION ( 'NONE',  ( -0.000000000000000000, -0.000000000000000000, -1.000000000000000000 ) ) ;
#1120 = CARTESIAN_POINT ( 'NONE',  ( -77.76500000000001478, 1.962496495633632879E-15, 3.999999999999999112 ) ) ;
#1121 = DIRECTION ( 'NONE',  ( 0.9996082575616351829, 0.02798805842840386068, -0.000000000000000000 ) ) ;
#1122 = ORIENTED_EDGE ( 'NONE', *, *, #1861, .T. ) ;
#1123 = ORIENTED_EDGE ( 'NONE', *, *, #3811, .F. ) ;
#1124 = EDGE_CURVE ( 'NONE', #2463, #2846, #2402, .T. ) ;
#1125 = LINE ( 'NONE', #3213, #452 ) ;
#1126 = CARTESIAN_POINT ( 'NONE',  ( -95.19000000000001194, 18.00000000000000000, -2.000000000000000444 ) ) ;
#1127 = EDGE_CURVE ( 'NONE', #2635, #997, #2206, .T. ) ;
#1128 = VERTEX_POINT ( 'NONE', #1629 ) ;
#1129 = ORIENTED_EDGE ( 'NONE', *, *, #2554, .T. ) ;
#1130 = LOCAL_TIME ( 21, 21, 23.00000000000000000, #1025 ) ;
#1131 = CARTESIAN_POINT ( 'NONE',  ( 93.79000000000000625, 7.000000000000000000, 30.50000000000000355 ) ) ;
#1132 = VERTEX_POINT ( 'NONE', #1050 ) ;
#1133 = DIRECTION ( 'NONE',  ( 0.000000000000000000, -1.000000000000000000, 0.000000000000000000 ) ) ;
#1134 = EDGE_CURVE ( 'NONE', #3197, #2089, #1001, .T. ) ;
#1135 = EDGE_CURVE ( 'NONE', #2144, #2259, #3339, .T. ) ;
#1136 = EDGE_CURVE ( 'NONE', #983, #1627, #2496, .T. ) ;
#1137 = AXIS2_PLACEMENT_3D ( 'NONE', #1296, #1018, #1993 ) ;
#1138 = CARTESIAN_POINT ( 'NONE',  ( 83.29000000000000625, -8.572527594031484037E-16, -4.500000000000000888 ) ) ;
#1139 = CARTESIAN_POINT ( 'NONE',  ( -76.30455426436435573, -21.50078115988790728, -3.997970447074384648 ) ) ;
#1140 = AXIS2_PLACEMENT_3D ( 'NONE', #1775, #1163, #2055 ) ;
#1141 = CARTESIAN_POINT ( 'NONE',  ( -77.32943490803697273, -21.29764393340748896, 4.441098260208674375 ) ) ;
#1142 = ORIENTED_EDGE ( 'NONE', *, *, #2419, .F. ) ;
#1143 = AXIS2_PLACEMENT_3D ( 'NONE', #748, #472, #772 ) ;
#1144 = DIRECTION ( 'NONE',  ( -1.000000000000000000, 0.000000000000000000, 0.000000000000000000 ) ) ;
#1145 = DIRECTION ( 'NONE',  ( -1.000000000000000000, 0.000000000000000000, 0.000000000000000000 ) ) ;
#1146 = AXIS2_PLACEMENT_3D ( 'NONE', #253, #934, #2073 ) ;
#1147 = CARTESIAN_POINT ( 'NONE',  ( -67.86147886593658995, -20.68529936495383836, -3.763905837332347737 ) ) ;
#1148 = ORIENTED_EDGE ( 'NONE', *, *, #3610, .T. ) ;
#1149 = ORIENTED_EDGE ( 'NONE', *, *, #736, .F. ) ;
#1150 = VECTOR ( 'NONE', #462, 1000.000000000000000 ) ;
#1151 = CARTESIAN_POINT ( 'NONE',  ( 92.19000000000002615, -7.000000000000000000, -2.000000000000001332 ) ) ;
#1152 = CARTESIAN_POINT ( 'NONE',  ( -93.79000000000000625, 18.00000000000000000, -5.000000000000000000 ) ) ;
#1153 = AXIS2_PLACEMENT_3D ( 'NONE', #2133, #3, #1539 ) ;
#1154 = ORIENTED_EDGE ( 'NONE', *, *, #2572, .F. ) ;
#1155 = VERTEX_POINT ( 'NONE', #3104 ) ;
#1156 = AXIS2_PLACEMENT_3D ( 'NONE', #1988, #3165, #474 ) ;
#1157 = DIRECTION ( 'NONE',  ( 0.000000000000000000, 0.000000000000000000, 1.000000000000000000 ) ) ;
#1158 = EDGE_LOOP ( 'NONE', ( #1711, #2299, #2877, #2773 ) ) ;
#1159 = DIRECTION ( 'NONE',  ( 1.000000000000000000, 0.000000000000000000, -0.000000000000000000 ) ) ;
#1160 = AXIS2_PLACEMENT_3D ( 'NONE', #2611, #1113, #2004 ) ;
#1161 = DIRECTION ( 'NONE',  ( 1.000000000000000000, 0.000000000000000000, 0.000000000000000000 ) ) ;
#1162 = EDGE_CURVE ( 'NONE', #1789, #1880, #749, .T. ) ;
#1163 = DIRECTION ( 'NONE',  ( -0.000000000000000000, -0.000000000000000000, -1.000000000000000000 ) ) ;
#1164 = AXIS2_PLACEMENT_3D ( 'NONE', #1601, #2802, #422 ) ;
#1165 = CARTESIAN_POINT ( 'NONE',  ( 104.2900000000000205, 4.286263797015743990E-16, 7.899494936611676899 ) ) ;
#1166 = VERTEX_POINT ( 'NONE', #2852 ) ;
#1167 = DIRECTION ( 'NONE',  ( 0.000000000000000000, 0.000000000000000000, 1.000000000000000000 ) ) ;
#1168 = LINE ( 'NONE', #3295, #2339 ) ;
#1169 = CARTESIAN_POINT ( 'NONE',  ( -93.79000000000000625, 18.00000000000000000, -5.000000000000000000 ) ) ;
#1170 = AXIS2_PLACEMENT_3D ( 'NONE', #1007, #2222, #1964 ) ;
#1171 = ORIENTED_EDGE ( 'NONE', *, *, #1839, .T. ) ;
#1172 = DIRECTION ( 'NONE',  ( 1.000000000000000000, 0.000000000000000000, 0.000000000000000000 ) ) ;
#1173 = DIRECTION ( 'NONE',  ( -0.000000000000000000, -0.000000000000000000, -1.000000000000000000 ) ) ;
#1174 = VERTEX_POINT ( 'NONE', #157 ) ;
#1175 = ORIENTED_EDGE ( 'NONE', *, *, #2995, .T. ) ;
#1176 = B_SPLINE_CURVE_WITH_KNOTS ( 'NONE', 3,
 ( #1653, #2282, #188, #252, #1472, #2694, #2676, #3308, #2653, #1446 ),
 .UNSPECIFIED., .F., .F.,
 ( 4, 2, 2, 2, 4 ),
 ( 0.000000000000000000, 0.0007027128807915632505, 0.001405425761583126501, 0.002108138642374689752, 0.002810851523166253002 ),
 .UNSPECIFIED. ) ;
#1177 = DIRECTION ( 'NONE',  ( -0.000000000000000000, -0.000000000000000000, -1.000000000000000000 ) ) ;
#1178 = ORIENTED_EDGE ( 'NONE', *, *, #1477, .F. ) ;
#1179 = DIRECTION ( 'NONE',  ( 0.000000000000000000, 0.000000000000000000, 1.000000000000000000 ) ) ;
#1180 = CARTESIAN_POINT ( 'NONE',  ( -66.06727121230362343, -20.98905602542137316, 5.000000000000000888 ) ) ;
#1181 = DIRECTION ( 'NONE',  ( -1.000000000000000000, 0.000000000000000000, 0.000000000000000000 ) ) ;
#1182 = CARTESIAN_POINT ( 'NONE',  ( 93.79000000000000625, 0.000000000000000000, -5.000000000000000000 ) ) ;
#1183 = EDGE_CURVE ( 'NONE', #1980, #913, #2960, .T. ) ;
#1184 = AXIS2_PLACEMENT_3D ( 'NONE', #1857, #1258, #2996 ) ;
#1185 = DIRECTION ( 'NONE',  ( 1.000000000000000000, 0.000000000000000000, 0.000000000000000000 ) ) ;
#1186 = EDGE_CURVE ( 'NONE', #2786, #3337, #3279, .T. ) ;
#1187 = CARTESIAN_POINT ( 'NONE',  ( 93.79000000000000625, 0.000000000000000000, -4.500000000000000888 ) ) ;
#1188 = CARTESIAN_POINT ( 'NONE',  ( -68.15701691347383928, -20.32625154428307823, 2.999999999999999112 ) ) ;
#1189 = ORIENTED_EDGE ( 'NONE', *, *, #3844, .T. ) ;
#1190 = ADVANCED_FACE ( 'NONE', ( #2659 ), #2011, .F. ) ;
#1191 = EDGE_CURVE ( 'NONE', #1393, #182, #2588, .T. ) ;
#1192 = B_SPLINE_CURVE_WITH_KNOTS ( 'NONE', 3,
 ( #2310, #864, #539, #1739 ),
 .UNSPECIFIED., .F., .F.,
 ( 4, 4 ),
 ( 0.000000000000000000, 0.0005638529354486794499 ),
 .UNSPECIFIED. ) ;
#1193 = DIRECTION ( 'NONE',  ( -1.000000000000000000, 0.000000000000000000, 0.000000000000000000 ) ) ;
#1194 = CARTESIAN_POINT ( 'NONE',  ( 100.7900000000000205, 0.000000000000000000, 30.99999999999999645 ) ) ;
#1195 = ORIENTED_EDGE ( 'NONE', *, *, #414, .T. ) ;
#1196 = ORIENTED_EDGE ( 'NONE', *, *, #882, .T. ) ;
#1197 = CARTESIAN_POINT ( 'NONE',  ( -93.79000000000000625, -18.00000000000000000, -2.000000000000000444 ) ) ;
#1198 = VERTEX_POINT ( 'NONE', #2367 ) ;
#1199 = DIRECTION ( 'NONE',  ( 0.000000000000000000, 0.000000000000000000, 1.000000000000000000 ) ) ;
#1200 = CARTESIAN_POINT ( 'NONE',  ( 80.43644660940675806, 0.000000000000000000, 5.146446609406726935 ) ) ;
#1201 = DIRECTION ( 'NONE',  ( 0.000000000000000000, 0.000000000000000000, 1.000000000000000000 ) ) ;
#1202 = EDGE_CURVE ( 'NONE', #634, #3241, #3534, .T. ) ;
#1203 = DIRECTION ( 'NONE',  ( -0.000000000000000000, -0.000000000000000000, -1.000000000000000000 ) ) ;
#1204 = DIRECTION ( 'NONE',  ( -0.000000000000000000, -0.000000000000000000, -1.000000000000000000 ) ) ;
#1205 = AXIS2_PLACEMENT_3D ( 'NONE', #2708, #3075, #3040 ) ;
#1206 = DIRECTION ( 'NONE',  ( -1.000000000000000000, 0.000000000000000000, 0.000000000000000000 ) ) ;
#1207 = VERTEX_POINT ( 'NONE', #1696 ) ;
#1208 = AXIS2_PLACEMENT_3D ( 'NONE', #1274, #1906, #1008 ) ;
#1209 = DIRECTION ( 'NONE',  ( 1.000000000000000000, 0.000000000000000000, 0.000000000000000000 ) ) ;
#1210 = CARTESIAN_POINT ( 'NONE',  ( -109.3784572681199165, -8.999999999999994671, 30.99999999999999645 ) ) ;
#1211 = ADVANCED_FACE ( 'NONE', ( #3202 ), #2346, .T. ) ;
#1212 = AXIS2_PLACEMENT_3D ( 'NONE', #1530, #2735, #333 ) ;
#1213 = VERTEX_POINT ( 'NONE', #1138 ) ;
#1214 = VERTEX_POINT ( 'NONE', #3849 ) ;
#1215 = AXIS2_PLACEMENT_3D ( 'NONE', #2872, #176, #1075 ) ;
#1216 = EDGE_CURVE ( 'NONE', #719, #2272, #2284, .T. ) ;
#1217 = ORIENTED_EDGE ( 'NONE', *, *, #1383, .T. ) ;
#1218 = AXIS2_PLACEMENT_3D ( 'NONE', #1368, #2263, #815 ) ;
#1219 = FACE_OUTER_BOUND ( 'NONE', #1995, .T. ) ;
#1220 = CARTESIAN_POINT ( 'NONE',  ( -110.7784572681199080, -8.999999999999994671, -2.000000000000000444 ) ) ;
#1221 = CARTESIAN_POINT ( 'NONE',  ( 83.29000000000000625, -8.572527594031484037E-16, -2.000000000000001776 ) ) ;
#1222 = CARTESIAN_POINT ( 'NONE',  ( -75.87387731883222841, -21.13574255071117491, 3.595590456274932123 ) ) ;
#1223 = EDGE_CURVE ( 'NONE', #3793, #1432, #3217, .T. ) ;
#1224 = DIRECTION ( 'NONE',  ( -0.000000000000000000, -0.000000000000000000, -1.000000000000000000 ) ) ;
#1225 = AXIS2_PLACEMENT_3D ( 'NONE', #429, #1628, #2827 ) ;
#1226 = CARTESIAN_POINT ( 'NONE',  ( -106.7900000000000063, 0.000000000000000000, 4.000000000000000000 ) ) ;
#1227 = ORIENTED_EDGE ( 'NONE', *, *, #1743, .F. ) ;
#1228 = DIRECTION ( 'NONE',  ( -0.02798805842840749666, 0.9996082575616350718, 0.000000000000000000 ) ) ;
#1229 = CARTESIAN_POINT ( 'NONE',  ( 92.19000000000002615, -7.000000000000000000, 30.50000000000000355 ) ) ;
#1230 = ORIENTED_EDGE ( 'NONE', *, *, #3516, .T. ) ;
#1231 =( BOUNDED_SURFACE ( )  B_SPLINE_SURFACE ( 3, 2, ( 
 ( #975, #989, #2201 ),
 ( #3350, #2824, #3423 ),
 ( #3049, #2185, #3123 ),
 ( #3082, #3401, #3385 ) ),
 .UNSPECIFIED., .F., .F., .F. ) 
 B_SPLINE_SURFACE_WITH_KNOTS ( ( 4, 4 ),
 ( 3, 3 ),
 ( 0.0005113846335694551817, 0.0009361971359794448756 ),
 ( 0.000000000000000000, 1.000000000000000000 ),
 .UNSPECIFIED. ) 
 GEOMETRIC_REPRESENTATION_ITEM ( )  RATIONAL_B_SPLINE_SURFACE ( (
 ( 1.000000000000000000, 0.7071067811865500152, 1.000000000000000000),
 ( 1.000000000000000000, 0.7118928439718739121, 1.000000000000000000),
 ( 1.000000000000000000, 0.7168548282985706122, 1.000000000000000000),
 ( 1.000000000000000000, 0.7220087186509016597, 1.000000000000000000) ) ) 
 REPRESENTATION_ITEM ( '' )  SURFACE ( )  );
#1232 = EDGE_LOOP ( 'NONE', ( #1235, #3077, #1358, #3680 ) ) ;
#1233 = ADVANCED_FACE ( 'NONE', ( #1429 ), #1449, .F. ) ;
#1234 = CARTESIAN_POINT ( 'NONE',  ( 105.2900000000000063, 1.521841230361393815E-15, 7.000000000000000000 ) ) ;
#1235 = ORIENTED_EDGE ( 'NONE', *, *, #3305, .T. ) ;
#1236 = LINE ( 'NONE', #90, #3141 ) ;
#1237 = FACE_BOUND ( 'NONE', #1020, .T. ) ;
#1238 = CARTESIAN_POINT ( 'NONE',  ( -67.43093548944618476, -20.90145492971199914, -4.333614489993870222 ) ) ;
#1239 = DIRECTION ( 'NONE',  ( -0.000000000000000000, -0.000000000000000000, -1.000000000000000000 ) ) ;
#1240 = AXIS2_PLACEMENT_3D ( 'NONE', #2898, #2605, #1209 ) ;
#1241 = DIRECTION ( 'NONE',  ( -0.000000000000000000, -0.000000000000000000, -1.000000000000000000 ) ) ;
#1242 = DIRECTION ( 'NONE',  ( -0.02798805842840749666, -0.9996082575616350718, 0.000000000000000000 ) ) ;
#1243 = ORIENTED_EDGE ( 'NONE', *, *, #1086, .F. ) ;
#1244 = ORIENTED_EDGE ( 'NONE', *, *, #1546, .T. ) ;
#1245 = VECTOR ( 'NONE', #2191, 1000.000000000000000 ) ;
#1246 = CARTESIAN_POINT ( 'NONE',  ( 97.79000000000002046, 7.000000000000000000, -5.000000000000000888 ) ) ;
#1247 = LINE ( 'NONE', #3644, #1065 ) ;
#1248 = ORIENTED_EDGE ( 'NONE', *, *, #165, .F. ) ;
#1249 = VERTEX_POINT ( 'NONE', #1409 ) ;
#1250 = CARTESIAN_POINT ( 'NONE',  ( -90.79546953438796209, -15.74272569444443093, -2.000000000000000444 ) ) ;
#1251 = FACE_OUTER_BOUND ( 'NONE', #1279, .T. ) ;
#1252 = ORIENTED_EDGE ( 'NONE', *, *, #324, .F. ) ;
#1253 = CARTESIAN_POINT ( 'NONE',  ( -77.19179815089960073, -21.31509517400628795, 4.921464346944899759 ) ) ;
#1254 = DIRECTION ( 'NONE',  ( -0.000000000000000000, -0.000000000000000000, -1.000000000000000000 ) ) ;
#1255 = PRODUCT_DEFINITION ( 'UNKNOWN', '', #3586, #1626 ) ;
#1256 = EDGE_CURVE ( 'NONE', #1789, #2817, #2406, .T. ) ;
#1257 = ADVANCED_FACE ( 'NONE', ( #2926 ), #17, .T. ) ;
#1258 = DIRECTION ( 'NONE',  ( -0.000000000000000000, -0.000000000000000000, -1.000000000000000000 ) ) ;
#1259 = ADVANCED_FACE ( 'NONE', ( #2612 ), #2325, .F. ) ;
#1260 = AXIS2_PLACEMENT_3D ( 'NONE', #3046, #1689, #3137 ) ;
#1261 = CARTESIAN_POINT ( 'NONE',  ( -93.79000000000000625, 0.000000000000000000, -2.000000000000000888 ) ) ;
#1262 = EDGE_LOOP ( 'NONE', ( #1914, #3194 ) ) ;
#1263 = CIRCLE ( 'NONE', #3024, 0.5000000000000014433 ) ;
#1264 = DIRECTION ( 'NONE',  ( -1.000000000000000000, 0.000000000000000000, 0.000000000000000000 ) ) ;
#1265 = CARTESIAN_POINT ( 'NONE',  ( 97.29000000000002046, 0.000000000000000000, -4.500000000000000888 ) ) ;
#1266 = ORIENTED_EDGE ( 'NONE', *, *, #1308, .F. ) ;
#1267 = DIRECTION ( 'NONE',  ( 0.02798805842840386415, -0.9996082575616351829, 0.000000000000000000 ) ) ;
#1268 = CIRCLE ( 'NONE', #3220, 3.750000000000003553 ) ;
#1269 = LINE ( 'NONE', #3060, #132 ) ;
#1270 = DIRECTION ( 'NONE',  ( -1.000000000000000000, 0.000000000000000000, 0.000000000000000000 ) ) ;
#1271 = CIRCLE ( 'NONE', #1012, 0.4999999999999985012 ) ;
#1272 = DIRECTION ( 'NONE',  ( 0.000000000000000000, 0.000000000000000000, 1.000000000000000000 ) ) ;
#1273 = CIRCLE ( 'NONE', #3478, 16.02499999999999858 ) ;
#1274 = CARTESIAN_POINT ( 'NONE',  ( 86.79000000000000625, -8.572527594031484037E-16, 30.99999999999999645 ) ) ;
#1275 = FACE_OUTER_BOUND ( 'NONE', #741, .T. ) ;
#1276 = ADVANCED_FACE ( 'NONE', ( #796 ), #3166, .F. ) ;
#1277 = CARTESIAN_POINT ( 'NONE',  ( 93.79000000000000625, 0.000000000000000000, 5.000000000000000000 ) ) ;
#1278 = DIRECTION ( 'NONE',  ( -0.000000000000000000, -0.000000000000000000, -1.000000000000000000 ) ) ;
#1279 = EDGE_LOOP ( 'NONE', ( #159, #2381, #2558, #2002 ) ) ;
#1280 = CARTESIAN_POINT ( 'NONE',  ( -78.20154273188011018, 8.999999999999980460, -2.000000000000000444 ) ) ;
#1281 = CARTESIAN_POINT ( 'NONE',  ( 86.79000000000000625, -8.572527594031484037E-16, -4.500000000000000888 ) ) ;
#1282 = ORIENTED_EDGE ( 'NONE', *, *, #406, .F. ) ;
#1283 = VERTEX_POINT ( 'NONE', #1734 ) ;
#1284 = DIRECTION ( 'NONE',  ( 1.000000000000000000, 0.000000000000000000, 0.000000000000000000 ) ) ;
#1285 = CARTESIAN_POINT ( 'NONE',  ( -107.9784572681198824, 9.000000000000007105, 5.000000000000000888 ) ) ;
#1286 = CARTESIAN_POINT ( 'NONE',  ( -76.80154273188013292, -9.000000000000007105, 5.000000000000000888 ) ) ;
#1287 = FACE_BOUND ( 'NONE', #313, .T. ) ;
#1288 = ADVANCED_FACE ( 'NONE', ( #2871 ), #2780, .T. ) ;
#1289 = DIRECTION ( 'NONE',  ( 0.000000000000000000, 0.000000000000000000, 1.000000000000000000 ) ) ;
#1290 = EDGE_CURVE ( 'NONE', #3480, #1921, #2215, .T. ) ;
#1291 = DIRECTION ( 'NONE',  ( 0.000000000000000000, 0.000000000000000000, 1.000000000000000000 ) ) ;
#1292 = ORIENTED_EDGE ( 'NONE', *, *, #3862, .F. ) ;
#1293 = EDGE_CURVE ( 'NONE', #703, #2932, #334, .T. ) ;
#1294 = EDGE_CURVE ( 'NONE', #1174, #978, #824, .T. ) ;
#1295 = DIRECTION ( 'NONE',  ( 1.000000000000000000, 0.000000000000000000, 0.000000000000000000 ) ) ;
#1296 = CARTESIAN_POINT ( 'NONE',  ( -109.3784572681199165, -8.999999999999994671, 5.000000000000000888 ) ) ;
#1297 = AXIS2_PLACEMENT_3D ( 'NONE', #1877, #966, #3373 ) ;
#1298 = EDGE_LOOP ( 'NONE', ( #477, #3776, #3418, #1836 ) ) ;
#1299 = EDGE_CURVE ( 'NONE', #2144, #835, #3263, .T. ) ;
#1300 = ORIENTED_EDGE ( 'NONE', *, *, #3516, .F. ) ;
#1301 = EDGE_CURVE ( 'NONE', #1342, #3880, #1649, .T. ) ;
#1302 = ORIENTED_EDGE ( 'NONE', *, *, #3614, .F. ) ;
#1303 = CIRCLE ( 'NONE', #3691, 1.600000000000004086 ) ;
#1304 = CARTESIAN_POINT ( 'NONE',  ( -95.19000000000001194, -18.00000000000000000, 5.000000000000000888 ) ) ;
#1305 = AXIS2_PLACEMENT_3D ( 'NONE', #1885, #2199, #3420 ) ;
#1306 = ADVANCED_FACE ( 'NONE', ( #2092 ), #1774, .F. ) ;
#1307 = EDGE_LOOP ( 'NONE', ( #2652, #181, #2868, #1243 ) ) ;
#1308 = EDGE_CURVE ( 'NONE', #3700, #2800, #302, .T. ) ;
#1309 = DIRECTION ( 'NONE',  ( -0.9612281296413763831, -0.02691345219682009932, -0.2744378779924353529 ) ) ;
#1310 = FACE_BOUND ( 'NONE', #1844, .T. ) ;
#1311 = CARTESIAN_POINT ( 'NONE',  ( 110.2900000000000063, 0.000000000000000000, -4.500000000000000888 ) ) ;
#1312 = CARTESIAN_POINT ( 'NONE',  ( -75.51094466378638970, -20.53215436471002420, -2.999999999999999112 ) ) ;
#1313 = EDGE_LOOP ( 'NONE', ( #712, #66 ) ) ;
#1314 = FACE_BOUND ( 'NONE', #640, .T. ) ;
#1315 = DIRECTION ( 'NONE',  ( 1.000000000000000000, 0.000000000000000000, 0.000000000000000000 ) ) ;
#1316 = AXIS2_PLACEMENT_3D ( 'NONE', #2218, #1552, #1270 ) ;
#1317 = ORIENTED_EDGE ( 'NONE', *, *, #3015, .T. ) ;
#1318 = VERTEX_POINT ( 'NONE', #877 ) ;
#1319 = ADVANCED_FACE ( 'NONE', ( #3347 ), #1812, .T. ) ;
#1320 = CYLINDRICAL_SURFACE ( 'NONE', #3547, 3.750000000000003553 ) ;
#1321 = TOROIDAL_SURFACE ( 'NONE', #1205, 4.000000000000007105, 0.5000000000000000000 ) ;
#1322 = DIRECTION ( 'NONE',  ( -1.000000000000000000, 0.000000000000000000, 0.000000000000000000 ) ) ;
#1323 = EDGE_CURVE ( 'NONE', #296, #3490, #2753, .T. ) ;
#1324 = AXIS2_PLACEMENT_3D ( 'NONE', #1457, #2354, #2060 ) ;
#1325 = CALENDAR_DATE ( 2026, 3, 10 ) ;
#1326 = VECTOR ( 'NONE', #1177, 1000.000000000000000 ) ;
#1327 = EDGE_CURVE ( 'NONE', #509, #182, #610, .T. ) ;
#1328 = CARTESIAN_POINT ( 'NONE',  ( -93.79000000000000625, -18.00000000000000000, 5.000000000000000888 ) ) ;
#1329 = AXIS2_PLACEMENT_3D ( 'NONE', #3541, #3225, #2946 ) ;
#1330 = CARTESIAN_POINT ( 'NONE',  ( -75.55198655912924721, -20.63619433853024887, 3.193716751387488006 ) ) ;
#1331 = AXIS2_PLACEMENT_3D ( 'NONE', #3425, #2173, #3714 ) ;
#1332 = DIRECTION ( 'NONE',  ( -0.000000000000000000, -0.000000000000000000, -1.000000000000000000 ) ) ;
#1333 = CIRCLE ( 'NONE', #1398, 3.500000000000003109 ) ;
#1334 = DIRECTION ( 'NONE',  ( -0.9996082575616351829, -0.02798805842840386068, 0.000000000000000000 ) ) ;
#1335 = CARTESIAN_POINT ( 'NONE',  ( -75.56224989074462428, -20.66221157633273720, -3.169511595173078788 ) ) ;
#1336 = EDGE_LOOP ( 'NONE', ( #3761, #2581, #2332, #2785 ) ) ;
#1337 = AXIS2_PLACEMENT_3D ( 'NONE', #1792, #1811, #336 ) ;
#1338 = CARTESIAN_POINT ( 'NONE',  ( -107.9784572681198966, -8.999999999999994671, 30.99999999999999645 ) ) ;
#1339 = LINE ( 'NONE', #161, #191 ) ;
#1341 = CIRCLE ( 'NONE', #149, 1.600000000000004086 ) ;
#1340 = LINE ( 'NONE', #2251, #267 ) ;
#1342 = VERTEX_POINT ( 'NONE', #1554 ) ;
#1343 = ORIENTED_EDGE ( 'NONE', *, *, #1498, .T. ) ;
#1344 = AXIS2_PLACEMENT_3D ( 'NONE', #368, #2765, #2181 ) ;
#1345 = CARTESIAN_POINT ( 'NONE',  ( -66.43498793930578472, -21.01391495622805294, 4.921464346944890877 ) ) ;
#1346 = EDGE_CURVE ( 'NONE', #3094, #2825, #907, .T. ) ;
#1347 = VERTEX_POINT ( 'NONE', #1200 ) ;
#1348 = CARTESIAN_POINT ( 'NONE',  ( -66.28454925335395842, -21.48859383154788461, -4.441098260208668158 ) ) ;
#1349 = DIRECTION ( 'NONE',  ( 0.000000000000000000, 0.000000000000000000, 1.000000000000000000 ) ) ;
#1350 = DIRECTION ( 'NONE',  ( -0.000000000000000000, -0.000000000000000000, -1.000000000000000000 ) ) ;
#1351 = CARTESIAN_POINT ( 'NONE',  ( -71.79000000000002046, -22.00000000000000000, -5.000000000000000000 ) ) ;
#1352 = DIRECTION ( 'NONE',  ( 0.9996082575616351829, 0.02798805842840386415, -0.000000000000000000 ) ) ;
#1353 = EDGE_LOOP ( 'NONE', ( #1488, #50, #2397, #2014 ) ) ;
#1354 = DIRECTION ( 'NONE',  ( -0.000000000000000000, -0.000000000000000000, -1.000000000000000000 ) ) ;
#1355 = FACE_BOUND ( 'NONE', #3650, .T. ) ;
#1356 = CARTESIAN_POINT ( 'NONE',  ( -93.79000000000000625, -18.00000000000000000, -2.000000000000000444 ) ) ;
#1357 = ORIENTED_EDGE ( 'NONE', *, *, #2290, .T. ) ;
#1358 = ORIENTED_EDGE ( 'NONE', *, *, #2175, .F. ) ;
#1359 = CARTESIAN_POINT ( 'NONE',  ( -113.1284572681199165, -8.999999999999994671, -5.000000000000000000 ) ) ;
#1360 = CARTESIAN_POINT ( 'NONE',  ( -67.34689936503994545, -21.22792101551902988, 3.971245106464066588 ) ) ;
#1361 = EDGE_LOOP ( 'NONE', ( #1026, #1015, #803, #218 ) ) ;
#1362 = CIRCLE ( 'NONE', #173, 1.899999999999999023 ) ;
#1363 = DATE_AND_TIME ( #505, #1062 ) ;
#1364 = ORIENTED_EDGE ( 'NONE', *, *, #2584, .T. ) ;
#1365 = AXIS2_PLACEMENT_3D ( 'NONE', #3331, #2444, #666 ) ;
#1366 = CARTESIAN_POINT ( 'NONE',  ( 102.6900000000000119, 2.326828918379974323E-16, 31.00000000000000000 ) ) ;
#1367 = EDGE_LOOP ( 'NONE', ( #2174, #3037, #1918, #2505 ) ) ;
#1368 = CARTESIAN_POINT ( 'NONE',  ( 93.79000000000000625, 7.000000000000000000, -2.000000000000000888 ) ) ;
#1369 = DIRECTION ( 'NONE',  ( -1.000000000000000000, 0.000000000000000000, 0.000000000000000000 ) ) ;
#1370 = ADVANCED_FACE ( 'NONE', ( #298 ), #2494, .T. ) ;
#1371 = EDGE_CURVE ( 'NONE', #1865, #2463, #367, .T. ) ;
#1372 = CARTESIAN_POINT ( 'NONE',  ( 95.39000000000000057, 7.000000000000000000, -5.000000000000000888 ) ) ;
#1373 = VERTEX_POINT ( 'NONE', #1220 ) ;
#1374 = DIRECTION ( 'NONE',  ( -0.000000000000000000, -0.000000000000000000, -1.000000000000000000 ) ) ;
#1375 = CARTESIAN_POINT ( 'NONE',  ( 100.7900000000000205, 0.000000000000000000, -4.500000000000000888 ) ) ;
#1376 = CARTESIAN_POINT ( 'NONE',  ( 97.79000000000003467, -7.000000000000000000, -5.000000000000000888 ) ) ;
#1377 = VERTEX_POINT ( 'NONE', #1253 ) ;
#1378 = ORIENTED_EDGE ( 'NONE', *, *, #1256, .F. ) ;
#1379 = CARTESIAN_POINT ( 'NONE',  ( -68.09851481874804335, -20.45323425777640836, 3.169511595159014483 ) ) ;
#1380 = LOCAL_TIME ( 21, 21, 23.00000000000000000, #3511 ) ;
#1381 = VERTEX_POINT ( 'NONE', #605 ) ;
#1382 = AXIS2_PLACEMENT_3D ( 'NONE', #1311, #3711, #2202 ) ;
#1383 = EDGE_CURVE ( 'NONE', #2473, #2450, #1362, .T. ) ;
#1384 = VECTOR ( 'NONE', #3839, 1000.000000000000000 ) ;
#1385 = CARTESIAN_POINT ( 'NONE',  ( -75.89365546556808795, -20.98720456370934073, 3.946455247756694096 ) ) ;
#1386 = ORIENTED_EDGE ( 'NONE', *, *, #2479, .T. ) ;
#1387 = DIRECTION ( 'NONE',  ( 0.000000000000000000, 0.000000000000000000, 1.000000000000000000 ) ) ;
#1388 = CIRCLE ( 'NONE', #450, 16.02499999999999858 ) ;
#1389 = VECTOR ( 'NONE', #534, 1000.000000000000000 ) ;
#1390 = DIRECTION ( 'NONE',  ( 0.000000000000000000, 0.000000000000000000, 1.000000000000000000 ) ) ;
#1391 = CIRCLE ( 'NONE', #2657, 3.750000000000003553 ) ;
#1392 = DIRECTION ( 'NONE',  ( -0.000000000000000000, -0.000000000000000000, -1.000000000000000000 ) ) ;
#1393 = VERTEX_POINT ( 'NONE', #1512 ) ;
#1394 = EDGE_CURVE ( 'NONE', #2817, #791, #3010, .T. ) ;
#1395 = VECTOR ( 'NONE', #2836, 1000.000000000000000 ) ;
#1396 = LINE ( 'NONE', #1779, #2071 ) ;
#1397 = DIRECTION ( 'NONE',  ( 1.000000000000000000, 0.000000000000000000, 0.000000000000000000 ) ) ;
#1398 = AXIS2_PLACEMENT_3D ( 'NONE', #3785, #2610, #490 ) ;
#1399 = CARTESIAN_POINT ( 'NONE',  ( 94.25180296406867342, 16.49353624976697930, 5.000000000000000000 ) ) ;
#1400 = ORIENTED_EDGE ( 'NONE', *, *, #3397, .T. ) ;
#1401 = ORIENTED_EDGE ( 'NONE', *, *, #245, .F. ) ;
#1402 = CARTESIAN_POINT ( 'NONE',  ( -107.9784572681198824, 9.000000000000007105, -2.000000000000000444 ) ) ;
#1403 = ORIENTED_EDGE ( 'NONE', *, *, #2603, .F. ) ;
#1404 = ORIENTED_EDGE ( 'NONE', *, *, #1183, .F. ) ;
#1405 = CIRCLE ( 'NONE', #3044, 0.5000000000000013323 ) ;
#1406 = CARTESIAN_POINT ( 'NONE',  ( -76.89489699087027930, -21.76974267694126652, 4.810024931096442913 ) ) ;
#1407 = ORIENTED_EDGE ( 'NONE', *, *, #3562, .T. ) ;
#1408 = DIRECTION ( 'NONE',  ( 1.000000000000000000, 0.000000000000000000, 0.000000000000000000 ) ) ;
#1409 = CARTESIAN_POINT ( 'NONE',  ( 95.39000000000001478, 7.000000000000000000, 30.50000000000000355 ) ) ;
#1410 = DIRECTION ( 'NONE',  ( -0.000000000000000000, -0.000000000000000000, -1.000000000000000000 ) ) ;
#1411 = EDGE_LOOP ( 'NONE', ( #968, #235, #2763, #402 ) ) ;
#1412 = EDGE_CURVE ( 'NONE', #456, #2144, #21, .T. ) ;
#1413 = DIRECTION ( 'NONE',  ( -0.000000000000000000, -0.000000000000000000, -1.000000000000000000 ) ) ;
#1414 = DIRECTION ( 'NONE',  ( 1.000000000000000000, 0.000000000000000000, 0.000000000000000000 ) ) ;
#1415 = DIRECTION ( 'NONE',  ( -0.000000000000000000, -0.000000000000000000, -1.000000000000000000 ) ) ;
#1416 = ORIENTED_EDGE ( 'NONE', *, *, #602, .F. ) ;
#1417 = ORIENTED_EDGE ( 'NONE', *, *, #2420, .T. ) ;
#1418 = ADVANCED_FACE ( 'NONE', ( #2425, #1828, #3029, #858, #338, #1536, #38, #1237, #2439 ), #3065, .T. ) ;
#1419 = DIRECTION ( 'NONE',  ( 0.000000000000000000, -1.000000000000000000, 0.000000000000000000 ) ) ;
#1420 = DIRECTION ( 'NONE',  ( 1.000000000000000000, 0.000000000000000000, 0.000000000000000000 ) ) ;
#1421 = ADVANCED_FACE ( 'NONE', ( #2822 ), #709, .F. ) ;
#1422 = EDGE_CURVE ( 'NONE', #2944, #33, #3129, .T. ) ;
#1423 = VERTEX_POINT ( 'NONE', #1285 ) ;
#1424 = VERTEX_POINT ( 'NONE', #2491 ) ;
#1425 = DIRECTION ( 'NONE',  ( 1.000000000000000000, 0.000000000000000000, 0.000000000000000000 ) ) ;
#1426 = ORIENTED_EDGE ( 'NONE', *, *, #165, .T. ) ;
#1427 = DIRECTION ( 'NONE',  ( -1.000000000000000000, 0.000000000000000000, 0.000000000000000000 ) ) ;
#1428 = AXIS2_PLACEMENT_3D ( 'NONE', #1799, #1540, #2682 ) ;
#1429 = FACE_OUTER_BOUND ( 'NONE', #527, .T. ) ;
#1430 = AXIS2_PLACEMENT_3D ( 'NONE', #3652, #425, #3399 ) ;
#1431 = DIRECTION ( 'NONE',  ( -0.000000000000000000, -0.000000000000000000, -1.000000000000000000 ) ) ;
#1432 = VERTEX_POINT ( 'NONE', #91 ) ;
#1433 = CARTESIAN_POINT ( 'NONE',  ( -76.80154273188011871, 8.999999999999980460, 5.000000000000000888 ) ) ;
#1434 = CARTESIAN_POINT ( 'NONE',  ( -93.79000000000000625, -18.00000000000000000, 30.99999999999999645 ) ) ;
#1435 = CARTESIAN_POINT ( 'NONE',  ( -67.46816756539030280, -20.88825554559988618, -4.294993482327392087 ) ) ;
#1436 = ORIENTED_EDGE ( 'NONE', *, *, #1917, .T. ) ;
#1437 = ORIENTED_EDGE ( 'NONE', *, *, #2308, .T. ) ;
#1438 = CARTESIAN_POINT ( 'NONE',  ( -78.20154273188011018, 8.999999999999980460, 5.000000000000000888 ) ) ;
#1439 = FACE_OUTER_BOUND ( 'NONE', #37, .T. ) ;
#1440 = EDGE_LOOP ( 'NONE', ( #3004, #3624, #1991, #420 ) ) ;
#1441 = VERTEX_POINT ( 'NONE', #2509 ) ;
#1442 = ADVANCED_FACE ( 'NONE', ( #3382 ), #2500, .T. ) ;
#1443 = CIRCLE ( 'NONE', #2270, 0.5000000000000013323 ) ;
#1444 = DIRECTION ( 'NONE',  ( -0.000000000000000000, -0.000000000000000000, -1.000000000000000000 ) ) ;
#1445 = EDGE_LOOP ( 'NONE', ( #3835, #2434, #3088 ) ) ;
#1446 = CARTESIAN_POINT ( 'NONE',  ( -75.51094466378638970, -20.53215436471002420, 2.999999999999999112 ) ) ;
#1447 = AXIS2_PLACEMENT_3D ( 'NONE', #1277, #378, #94 ) ;
#1448 = AXIS2_PLACEMENT_3D ( 'NONE', #2414, #382, #3374 ) ;
#1449 = CYLINDRICAL_SURFACE ( 'NONE', #752, 3.750000000000003553 ) ;
#1450 = CARTESIAN_POINT ( 'NONE',  ( -76.47742941029818553, -21.59959578263268654, -4.115977948734952818 ) ) ;
#1451 = CIRCLE ( 'NONE', #3346, 0.5000000000000013323 ) ;
#1452 = CARTESIAN_POINT ( 'NONE',  ( -93.18125972918222999, 21.74147960196555829, -5.000000000000000000 ) ) ;
#1453 = EDGE_LOOP ( 'NONE', ( #448, #78, #3497, #1708 ) ) ;
#1454 = DIRECTION ( 'NONE',  ( -1.224646799147353207E-16, 1.000000000000000000, 0.000000000000000000 ) ) ;
#1455 = AXIS2_PLACEMENT_3D ( 'NONE', #2340, #2943, #3595 ) ;
#1456 = DIRECTION ( 'NONE',  ( 0.02798805842840749666, -0.9996082575616350718, 0.000000000000000000 ) ) ;
#1457 = CARTESIAN_POINT ( 'NONE',  ( 93.79000000000000625, 7.000000000000000000, -5.000000000000000000 ) ) ;
#1458 = CIRCLE ( 'NONE', #757, 2.099999999999990763 ) ;
#1459 = CARTESIAN_POINT ( 'NONE',  ( -93.79000000000000625, 18.00000000000000000, -5.000000000000000000 ) ) ;
#1460 = ORIENTED_EDGE ( 'NONE', *, *, #2764, .T. ) ;
#1461 = CIRCLE ( 'NONE', #393, 1.399999999999998579 ) ;
#1462 = DIRECTION ( 'NONE',  ( 1.000000000000000000, 0.000000000000000000, 0.000000000000000000 ) ) ;
#1463 = CARTESIAN_POINT ( 'NONE',  ( -78.65913439099509219, 5.278023391595727531, -3.500000000000000444 ) ) ;
#1464 = AXIS2_PLACEMENT_3D ( 'NONE', #2972, #2113, #2442 ) ;
#1465 = ORIENTED_EDGE ( 'NONE', *, *, #1216, .T. ) ;
#1466 = B_SPLINE_CURVE_WITH_KNOTS ( 'NONE', 3,
 ( #710, #2200, #2441, #2170, #3121, #1238, #936, #644, #92, #40 ),
 .UNSPECIFIED., .F., .F.,
 ( 4, 2, 2, 2, 4 ),
 ( -8.966821996334309525E-06, 0.0007000623465205866322, 0.001409091515037507554, 0.002118120683554428584, 0.002827149852071349397 ),
 .UNSPECIFIED. ) ;
#1467 = ORIENTED_EDGE ( 'NONE', *, *, #3610, .F. ) ;
#1468 = CIRCLE ( 'NONE', #2166, 3.750000000000003553 ) ;
#1469 = LINE ( 'NONE', #3863, #1326 ) ;
#1470 = EDGE_CURVE ( 'NONE', #2932, #2483, #153, .T. ) ;
#1471 = ORIENTED_EDGE ( 'NONE', *, *, #630, .T. ) ;
#1472 = CARTESIAN_POINT ( 'NONE',  ( -76.20367990348384524, -21.14707477032280281, 4.333590955498922703 ) ) ;
#1473 = AXIS2_PLACEMENT_3D ( 'NONE', #219, #2328, #833 ) ;
#1474 = CARTESIAN_POINT ( 'NONE',  ( -96.78453046561205042, -15.74272569444443093, -3.500000000000000444 ) ) ;
#1475 = EDGE_CURVE ( 'NONE', #3575, #2286, #65, .T. ) ;
#1476 = DIRECTION ( 'NONE',  ( 1.000000000000000000, 0.000000000000000000, 0.000000000000000000 ) ) ;
#1477 = EDGE_CURVE ( 'NONE', #1557, #2689, #112, .T. ) ;
#1478 = CARTESIAN_POINT ( 'NONE',  ( -77.75012610924237322, -21.30942287763947363, 5.000000000000000000 ) ) ;
#1479 = FACE_OUTER_BOUND ( 'NONE', #3715, .T. ) ;
#1480 = CARTESIAN_POINT ( 'NONE',  ( 93.79000000000002046, -7.000000000000000000, -2.000000000000001332 ) ) ;
#1481 = EDGE_CURVE ( 'NONE', #228, #1128, #2135, .T. ) ;
#1482 = DIRECTION ( 'NONE',  ( -1.000000000000000000, 0.000000000000000000, 0.000000000000000000 ) ) ;
#1483 = AXIS2_PLACEMENT_3D ( 'NONE', #692, #662, #2238 ) ;
#1484 = ORIENTED_EDGE ( 'NONE', *, *, #2534, .T. ) ;
#1485 = LINE ( 'NONE', #2335, #894 ) ;
#1486 = DIRECTION ( 'NONE',  ( 1.224646799147353207E-16, 1.000000000000000000, -0.000000000000000000 ) ) ;
#1487 = ORIENTED_EDGE ( 'NONE', *, *, #1029, .T. ) ;
#1488 = ORIENTED_EDGE ( 'NONE', *, *, #283, .F. ) ;
#1489 = DIRECTION ( 'NONE',  ( -1.000000000000000000, 0.000000000000000000, 0.000000000000000000 ) ) ;
#1490 = ORIENTED_EDGE ( 'NONE', *, *, #3800, .F. ) ;
#1491 = FACE_OUTER_BOUND ( 'NONE', #3033, .T. ) ;
#1492 = CARTESIAN_POINT ( 'NONE',  ( 93.79000000000000625, 0.000000000000000000, 30.50000000000000000 ) ) ;
#1493 = VECTOR ( 'NONE', #363, 1000.000000000000000 ) ;
#1494 = CARTESIAN_POINT ( 'NONE',  ( -75.51094466378638970, -20.53215436471002420, -2.999999999999999112 ) ) ;
#1495 = CARTESIAN_POINT ( 'NONE',  ( -109.3784572681199165, -8.999999999999994671, 5.000000000000000888 ) ) ;
#1496 = CIRCLE ( 'NONE', #2319, 4.000000000000003553 ) ;
#1497 = ADVANCED_FACE ( 'NONE', ( #2476 ), #987, .T. ) ;
#1498 = EDGE_CURVE ( 'NONE', #2057, #296, #2320, .T. ) ;
#1499 = DIRECTION ( 'NONE',  ( -0.000000000000000000, -0.000000000000000000, -1.000000000000000000 ) ) ;
#1500 = CARTESIAN_POINT ( 'NONE',  ( -93.79000000000000625, 0.000000000000000000, 4.500000000000001776 ) ) ;
#1501 = PLANE ( 'NONE',  #1584 ) ;
#1502 = EDGE_LOOP ( 'NONE', ( #3356, #1292 ) ) ;
#1503 = CARTESIAN_POINT ( 'NONE',  ( 90.79000000000000625, -8.572527594031484037E-16, -4.500000000000000888 ) ) ;
#1504 = LINE ( 'NONE', #3391, #2091 ) ;
#1505 = ORIENTED_EDGE ( 'NONE', *, *, #213, .F. ) ;
#1506 = ORIENTED_EDGE ( 'NONE', *, *, #1202, .T. ) ;
#1507 = DIRECTION ( 'NONE',  ( -0.000000000000000000, -0.000000000000000000, -1.000000000000000000 ) ) ;
#1508 = ORIENTED_EDGE ( 'NONE', *, *, #3637, .F. ) ;
#1509 = DIRECTION ( 'NONE',  ( -1.000000000000000000, 0.000000000000000000, 0.000000000000000000 ) ) ;
#1510 = EDGE_CURVE ( 'NONE', #1938, #2825, #1116, .T. ) ;
#1511 = AXIS2_PLACEMENT_3D ( 'NONE', #3649, #2767, #688 ) ;
#1512 = CARTESIAN_POINT ( 'NONE',  ( 92.79000000000000625, 1.224646799147352221E-16, -5.000000000000000888 ) ) ;
#1513 = CARTESIAN_POINT ( 'NONE',  ( -93.16726569996802709, 22.24128373074637821, -4.500000000000000888 ) ) ;
#1514 = CARTESIAN_POINT ( 'NONE',  ( -75.51094466378638970, -20.53215436471002420, 2.999999999999999112 ) ) ;
#1515 = AXIS2_PLACEMENT_3D ( 'NONE', #2892, #2330, #3207 ) ;
#1516 = CARTESIAN_POINT ( 'NONE',  ( -93.79000000000000625, 0.000000000000000000, -4.500000000000000888 ) ) ;
#1517 = VECTOR ( 'NONE', #2791, 1000.000000000000000 ) ;
#1518 = DIRECTION ( 'NONE',  ( -1.000000000000000000, 0.000000000000000000, 0.000000000000000000 ) ) ;
#1519 = ORIENTED_EDGE ( 'NONE', *, *, #2075, .T. ) ;
#1520 = EDGE_CURVE ( 'NONE', #3168, #1424, #412, .T. ) ;
#1521 = AXIS2_PLACEMENT_3D ( 'NONE', #3283, #585, #855 ) ;
#1522 = DIRECTION ( 'NONE',  ( 1.000000000000000000, 1.776356839400250859E-15, 0.000000000000000000 ) ) ;
#1523 = AXIS2_PLACEMENT_3D ( 'NONE', #3558, #2573, #2054 ) ;
#1524 = DIRECTION ( 'NONE',  ( -1.000000000000000000, 0.000000000000000000, 0.000000000000000000 ) ) ;
#1525 = AXIS2_PLACEMENT_3D ( 'NONE', #1745, #1419, #264 ) ;
#1526 = AXIS2_PLACEMENT_3D ( 'NONE', #790, #1349, #3198 ) ;
#1527 = ORIENTED_EDGE ( 'NONE', *, *, #512, .F. ) ;
#1528 = ORIENTED_EDGE ( 'NONE', *, *, #467, .F. ) ;
#1529 = CIRCLE ( 'NONE', #337, 3.750000000000003553 ) ;
#1530 = CARTESIAN_POINT ( 'NONE',  ( -93.18125972918222999, -21.74147960196555829, -4.500000000000000888 ) ) ;
#1531 = ADVANCED_FACE ( 'NONE', ( #729 ), #1944, .F. ) ;
#1532 = ORIENTED_EDGE ( 'NONE', *, *, #1127, .T. ) ;
#1533 = FACE_OUTER_BOUND ( 'NONE', #3153, .T. ) ;
#1534 = TOROIDAL_SURFACE ( 'NONE', #2164, 2.099999999999997424, 0.5000000000000000000 ) ;
#1535 = CARTESIAN_POINT ( 'NONE',  ( 93.79000000000000625, 0.000000000000000000, -4.500000000000000888 ) ) ;
#1536 = FACE_BOUND ( 'NONE', #1685, .T. ) ;
#1537 = CYLINDRICAL_SURFACE ( 'NONE', #1581, 1.399999999999998579 ) ;
#1538 = CARTESIAN_POINT ( 'NONE',  ( -110.7784572681198796, 9.000000000000007105, 30.99999999999999645 ) ) ;
#1539 = DIRECTION ( 'NONE',  ( -0.02798805842840749666, 0.9996082575616350718, 0.000000000000000000 ) ) ;
#1540 = DIRECTION ( 'NONE',  ( -0.000000000000000000, -0.000000000000000000, -1.000000000000000000 ) ) ;
#1541 = DIRECTION ( 'NONE',  ( -0.000000000000000000, -0.000000000000000000, -1.000000000000000000 ) ) ;
#1542 = ORIENTED_EDGE ( 'NONE', *, *, #2843, .T. ) ;
#1543 = DIRECTION ( 'NONE',  ( -0.000000000000000000, -0.000000000000000000, -1.000000000000000000 ) ) ;
#1544 = CARTESIAN_POINT ( 'NONE',  ( 93.79000000000000625, 7.000000000000000000, -5.000000000000000888 ) ) ;
#1545 = EDGE_LOOP ( 'NONE', ( #1317, #1171 ) ) ;
#1546 = EDGE_CURVE ( 'NONE', #3574, #1441, #1675, .T. ) ;
#1547 = DIRECTION ( 'NONE',  ( 0.9996082575616351829, 0.02798805842840386068, -0.000000000000000000 ) ) ;
#1548 = EDGE_CURVE ( 'NONE', #2483, #2959, #3369, .T. ) ;
#1549 = EDGE_CURVE ( 'NONE', #1381, #2365, #2552, .T. ) ;
#1550 = CARTESIAN_POINT ( 'NONE',  ( -77.45292650152634906, -21.80129752582787006, -4.480351442034843146 ) ) ;
#1551 = CYLINDRICAL_SURFACE ( 'NONE', #3669, 1.399999999999998579 ) ;
#1552 = DIRECTION ( 'NONE',  ( -0.000000000000000000, -0.000000000000000000, -1.000000000000000000 ) ) ;
#1553 = EDGE_LOOP ( 'NONE', ( #67, #2194 ) ) ;
#1554 = CARTESIAN_POINT ( 'NONE',  ( -79.60154273188013008, -9.000000000000007105, -2.000000000000000444 ) ) ;
#1555 = CARTESIAN_POINT ( 'NONE',  ( -109.3784572681198881, 9.000000000000007105, 30.99999999999999645 ) ) ;
#1556 = CARTESIAN_POINT ( 'NONE',  ( -93.79000000000000625, 0.000000000000000000, 3.999999999999999112 ) ) ;
#1557 = VERTEX_POINT ( 'NONE', #2102 ) ;
#1558 = CARTESIAN_POINT ( 'NONE',  ( -77.73613208002817032, -21.80922700642029355, 4.500000000000001776 ) ) ;
#1559 = FACE_OUTER_BOUND ( 'NONE', #2396, .T. ) ;
#1560 = EDGE_LOOP ( 'NONE', ( #1426, #2885, #2890, #2523, #1088, #2063, #909, #1019, #3124, #3475, #1416, #2240, #1063, #87, #1956, #1460, #3709, #3881 ) ) ;
#1561 = AXIS2_PLACEMENT_3D ( 'NONE', #3301, #347, #3335 ) ;
#1562 = CARTESIAN_POINT ( 'NONE',  ( -81.65366485660713636, -10.46470230284869984, -5.000000000000000000 ) ) ;
#1563 = CARTESIAN_POINT ( 'NONE',  ( -77.59263535396799227, -21.80520923773653408, 4.499999989285090152 ) ) ;
#1564 = ORIENTED_EDGE ( 'NONE', *, *, #3296, .F. ) ;
#1565 = VERTEX_POINT ( 'NONE', #3571 ) ;
#1566 = CARTESIAN_POINT ( 'NONE',  ( -79.60154273188011587, 8.999999999999980460, 30.99999999999999645 ) ) ;
#1567 = DIRECTION ( 'NONE',  ( 0.000000000000000000, 0.000000000000000000, 1.000000000000000000 ) ) ;
#1568 = PRODUCT_RELATED_PRODUCT_CATEGORY ( 'detail', '', ( #3098 ) ) ;
#1569 = EDGE_CURVE ( 'NONE', #1441, #2463, #39, .T. ) ;
#1570 = DIRECTION ( 'NONE',  ( 0.000000000000000000, 0.000000000000000000, 1.000000000000000000 ) ) ;
#1571 = CARTESIAN_POINT ( 'NONE',  ( -78.65913439099507798, 5.278023391595724867, -2.000000000000000444 ) ) ;
#1572 = FACE_OUTER_BOUND ( 'NONE', #1729, .T. ) ;
#1573 = CARTESIAN_POINT ( 'NONE',  ( 93.79000000000000625, 0.000000000000000000, 5.000000000000000000 ) ) ;
#1574 = APPROVAL_PERSON_ORGANIZATION ( #743, #390, #1707 ) ;
#1575 = CARTESIAN_POINT ( 'NONE',  ( -77.19179815089960073, -21.31509517400628795, -4.921464346944899759 ) ) ;
#1576 = ORIENTED_EDGE ( 'NONE', *, *, #592, .F. ) ;
#1577 = TOROIDAL_SURFACE ( 'NONE', #3647, 13.70710678118653192, 0.5000000000000000000 ) ;
#1578 = LINE ( 'NONE', #2761, #792 ) ;
#1579 = FACE_OUTER_BOUND ( 'NONE', #248, .T. ) ;
#1580 = ORIENTED_EDGE ( 'NONE', *, *, #2008, .F. ) ;
#1581 = AXIS2_PLACEMENT_3D ( 'NONE', #1555, #3400, #974 ) ;
#1582 = ORIENTED_EDGE ( 'NONE', *, *, #2934, .F. ) ;
#1583 = CIRCLE ( 'NONE', #1841, 3.750000000000003553 ) ;
#1584 = AXIS2_PLACEMENT_3D ( 'NONE', #2391, #3297, #305 ) ;
#1585 = CARTESIAN_POINT ( 'NONE',  ( -80.79000000000002046, 1.592040838891559293E-15, 31.00000000000000000 ) ) ;
#1586 = EDGE_CURVE ( 'NONE', #2357, #1782, #1032, .T. ) ;
#1587 = VECTOR ( 'NONE', #255, 1000.000000000000000 ) ;
#1588 = CARTESIAN_POINT ( 'NONE',  ( -93.16726569996802709, -22.24128373074637821, -4.500000000000000888 ) ) ;
#1589 = FACE_OUTER_BOUND ( 'NONE', #2779, .T. ) ;
#1590 = CARTESIAN_POINT ( 'NONE',  ( -66.00683527907358439, -21.48081811052943024, -4.500000000000000888 ) ) ;
#1591 = EDGE_CURVE ( 'NONE', #2062, #1393, #43, .T. ) ;
#1592 = EDGE_CURVE ( 'NONE', #952, #208, #1606, .T. ) ;
#1593 = CARTESIAN_POINT ( 'NONE',  ( -77.18399871171786231, -21.79376780942422798, -4.901839895707602146 ) ) ;
#1594 = ORIENTED_EDGE ( 'NONE', *, *, #3309, .F. ) ;
#1595 = CIRCLE ( 'NONE', #407, 1.399999999999998579 ) ;
#1596 = CARTESIAN_POINT ( 'NONE',  ( -77.19179815089958652, -21.31509517400628795, -4.921464346944908641 ) ) ;
#1597 = LINE ( 'NONE', #779, #942 ) ;
#1598 = ORIENTED_EDGE ( 'NONE', *, *, #1080, .F. ) ;
#1599 = ORIENTED_EDGE ( 'NONE', *, *, #2042, .F. ) ;
#1600 = FACE_BOUND ( 'NONE', #2837, .T. ) ;
#1601 = CARTESIAN_POINT ( 'NONE',  ( 86.79000000000000625, -8.572527594031484037E-16, -4.500000000000000888 ) ) ;
#1602 = B_SPLINE_CURVE_WITH_KNOTS ( 'NONE', 3,
 ( #1494, #2720, #2991, #3030, #878, #1139, #1450, #3246, #3580, #1755 ),
 .UNSPECIFIED., .F., .F.,
 ( 4, 2, 2, 2, 4 ),
 ( -8.012360957834582700E-06, 0.0006893929987062748406, 0.001386798358370384216, 0.002084203718034493592, 0.002781609077698602751 ),
 .UNSPECIFIED. ) ;
#1603 =( NAMED_UNIT ( * ) SI_UNIT ( $, .STERADIAN. ) SOLID_ANGLE_UNIT ( ) );
#1604 = ADVANCED_FACE ( 'NONE', ( #2688 ), #2672, .F. ) ;
#1605 = DIRECTION ( 'NONE',  ( 0.02798805842840749666, -0.9996082575616350718, 0.000000000000000000 ) ) ;
#1606 = CIRCLE ( 'NONE', #663, 1.600000000000004086 ) ;
#1607 = CARTESIAN_POINT ( 'NONE',  ( 93.79000000000002046, -7.000000000000000000, -4.500000000000000888 ) ) ;
#1608 = DIRECTION ( 'NONE',  ( -1.000000000000000000, 0.000000000000000000, 0.000000000000000000 ) ) ;
#1609 = PLANE ( 'NONE',  #2107 ) ;
#1610 = DIRECTION ( 'NONE',  ( 1.000000000000000000, 0.000000000000000000, 0.000000000000000000 ) ) ;
#1611 = DIRECTION ( 'NONE',  ( -1.000000000000000000, 0.000000000000000000, 0.000000000000000000 ) ) ;
#1612 = ORIENTED_EDGE ( 'NONE', *, *, #965, .F. ) ;
#1613 = EDGE_CURVE ( 'NONE', #1090, #2313, #1744, .T. ) ;
#1614 = CARTESIAN_POINT ( 'NONE',  ( -93.18125972918222999, 21.74147960196555829, 5.000000000000000000 ) ) ;
#1615 = DIRECTION ( 'NONE',  ( 0.000000000000000000, 0.000000000000000000, 1.000000000000000000 ) ) ;
#1616 = AXIS2_PLACEMENT_3D ( 'NONE', #2268, #178, #3090 ) ;
#1617 = ORIENTED_EDGE ( 'NONE', *, *, #1293, .T. ) ;
#1618 = VERTEX_POINT ( 'NONE', #3161 ) ;
#1619 = AXIS2_PLACEMENT_3D ( 'NONE', #649, #3050, #360 ) ;
#1620 = CARTESIAN_POINT ( 'NONE',  ( -66.95016303799346247, -21.41772876377228485, 4.667519428500462197 ) ) ;
#1621 = AXIS2_PLACEMENT_3D ( 'NONE', #1328, #1272, #1623 ) ;
#1622 =( LENGTH_UNIT ( ) NAMED_UNIT ( * ) SI_UNIT ( .MILLI., .METRE. ) );
#1623 = DIRECTION ( 'NONE',  ( 1.000000000000000000, 0.000000000000000000, 0.000000000000000000 ) ) ;
#1624 = DIRECTION ( 'NONE',  ( -0.000000000000000000, -0.000000000000000000, -1.000000000000000000 ) ) ;
#1625 = LINE ( 'NONE', #2772, #2415 ) ;
#1626 = DESIGN_CONTEXT ( 'detailed design', #3112, 'design' ) ;
#1627 = VERTEX_POINT ( 'NONE', #579 ) ;
#1628 = DIRECTION ( 'NONE',  ( -0.9996082575616350718, -0.02798805842840749666, 3.884123360221524744E-16 ) ) ;
#1629 = CARTESIAN_POINT ( 'NONE',  ( -92.39000000000001478, -18.00000000000000000, 5.000000000000000888 ) ) ;
#1630 = CARTESIAN_POINT ( 'NONE',  ( -76.27145881681447293, -21.49284545801996771, -4.352258528172392005 ) ) ;
#1631 = VERTEX_POINT ( 'NONE', #1126 ) ;
#1632 = CARTESIAN_POINT ( 'NONE',  ( -77.54705491116052940, -21.80393302969600100, -4.993279766110309659 ) ) ;
#1633 = FACE_BOUND ( 'NONE', #1645, .T. ) ;
#1634 = ORGANIZATION ( 'UNSPECIFIED', 'UNSPECIFIED', '' ) ;
#1635 = EDGE_CURVE ( 'NONE', #661, #835, #1405, .T. ) ;
#1636 = CARTESIAN_POINT ( 'NONE',  ( 100.7900000000000205, 0.000000000000000000, 30.50000000000000000 ) ) ;
#1637 = ORIENTED_EDGE ( 'NONE', *, *, #2474, .T. ) ;
#1638 = EDGE_LOOP ( 'NONE', ( #2342, #982, #3053, #2066, #1227, #3278, #1123, #3164, #256, #2312, #185, #560, #2363, #3204, #2376, #3860 ) ) ;
#1639 = CIRCLE ( 'NONE', #2829, 3.750000000000003553 ) ;
#1640 = CARTESIAN_POINT ( 'NONE',  ( -66.67991855038417270, -21.03083595844375608, 4.851008462241282793 ) ) ;
#1641 = AXIS2_PLACEMENT_3D ( 'NONE', #976, #1655, #2807 ) ;
#1642 = AXIS2_PLACEMENT_3D ( 'NONE', #2697, #280, #1476 ) ;
#1643 = APPROVAL_STATUS ( 'not_yet_approved' ) ;
#1644 = AXIS2_PLACEMENT_3D ( 'NONE', #2127, #570, #2146 ) ;
#1645 = EDGE_LOOP ( 'NONE', ( #1217, #387 ) ) ;
#1646 = CIRCLE ( 'NONE', #637, 0.5000000000000013323 ) ;
#1647 = AXIS2_PLACEMENT_3D ( 'NONE', #2051, #530, #898 ) ;
#1648 = CARTESIAN_POINT ( 'NONE',  ( -66.73097070856471191, -21.46211177396272518, -4.314681077672443799 ) ) ;
#1649 = CIRCLE ( 'NONE', #1644, 1.399999999999998579 ) ;
#1650 = FACE_OUTER_BOUND ( 'NONE', #3470, .T. ) ;
#1651 = ORIENTED_EDGE ( 'NONE', *, *, #2106, .T. ) ;
#1652 = CIRCLE ( 'NONE', #2221, 3.750000000000003553 ) ;
#1653 = CARTESIAN_POINT ( 'NONE',  ( -77.19179815089960073, -21.31509517400628795, 4.921464346944899759 ) ) ;
#1654 = AXIS2_PLACEMENT_3D ( 'NONE', #2557, #3751, #879 ) ;
#1655 = DIRECTION ( 'NONE',  ( -0.000000000000000000, -0.000000000000000000, -1.000000000000000000 ) ) ;
#1656 = CARTESIAN_POINT ( 'NONE',  ( -67.43095958395495870, -20.90144713867644199, 4.333590955498913821 ) ) ;
#1657 = ORIENTED_EDGE ( 'NONE', *, *, #1127, .F. ) ;
#1658 = CIRCLE ( 'NONE', #1975, 0.5000000000000004441 ) ;
#1659 = CARTESIAN_POINT ( 'NONE',  ( -65.86385805214860056, -21.47681488731589639, 4.500000000000000000 ) ) ;
#1660 = VECTOR ( 'NONE', #622, 1000.000000000000000 ) ;
#1661 = FACE_OUTER_BOUND ( 'NONE', #872, .T. ) ;
#1662 = DIRECTION ( 'NONE',  ( 0.000000000000000000, 0.000000000000000000, 1.000000000000000000 ) ) ;
#1663 = ORIENTED_EDGE ( 'NONE', *, *, #1813, .F. ) ;
#1664 = ORIENTED_EDGE ( 'NONE', *, *, #1301, .F. ) ;
#1665 = LINE ( 'NONE', #2862, #1666 ) ;
#1666 = VECTOR ( 'NONE', #2567, 1000.000000000000000 ) ;
#1667 = EDGE_CURVE ( 'NONE', #208, #952, #1341, .T. ) ;
#1668 = SECURITY_CLASSIFICATION_LEVEL ( 'unclassified' ) ;
#1669 = ORIENTED_EDGE ( 'NONE', *, *, #794, .F. ) ;
#1670 = EDGE_CURVE ( 'NONE', #1985, #383, #746, .T. ) ;
#1671 = ADVANCED_FACE ( 'NONE', ( #3820 ), #890, .F. ) ;
#1672 = DIRECTION ( 'NONE',  ( -1.000000000000000000, 0.000000000000000000, 0.000000000000000000 ) ) ;
#1673 = CIRCLE ( 'NONE', #3676, 3.500000000000003109 ) ;
#1674 = CARTESIAN_POINT ( 'NONE',  ( 91.69000000000002615, 7.000000000000000000, 31.00000000000000000 ) ) ;
#1675 = CIRCLE ( 'NONE', #2863, 0.5000000000000013323 ) ;
#1676 = ORIENTED_EDGE ( 'NONE', *, *, #546, .T. ) ;
#1677 = DIRECTION ( 'NONE',  ( 1.000000000000000000, 0.000000000000000000, -0.000000000000000000 ) ) ;
#1678 = DIRECTION ( 'NONE',  ( -1.000000000000000000, 1.224646799147351482E-16, 0.000000000000000000 ) ) ;
#1679 = CARTESIAN_POINT ( 'NONE',  ( -67.72350563080807717, -20.77419765897097292, 3.984628056163851628 ) ) ;
#1680 = ORIENTED_EDGE ( 'NONE', *, *, #1005, .F. ) ;
#1681 = CYLINDRICAL_SURFACE ( 'NONE', #236, 3.750000000000003553 ) ;
#1682 = DIRECTION ( 'NONE',  ( 0.000000000000000000, 0.000000000000000000, -1.000000000000000000 ) ) ;
#1683 = CARTESIAN_POINT ( 'NONE',  ( -66.67991855038417270, -21.03083595844375608, -4.851008462241282793 ) ) ;
#1684 = VERTEX_POINT ( 'NONE', #3302 ) ;
#1685 = EDGE_LOOP ( 'NONE', ( #2301, #2685 ) ) ;
#1686 = ADVANCED_FACE ( 'NONE', ( #598 ), #3461, .T. ) ;
#1687 = CIRCLE ( 'NONE', #2129, 0.5000000000000004441 ) ;
#1688 = ORIENTED_EDGE ( 'NONE', *, *, #2131, .T. ) ;
#1689 = DIRECTION ( 'NONE',  ( 0.000000000000000000, 0.000000000000000000, 1.000000000000000000 ) ) ;
#1690 = VERTEX_POINT ( 'NONE', #310 ) ;
#1691 = VECTOR ( 'NONE', #1241, 1000.000000000000000 ) ;
#1692 = DIRECTION ( 'NONE',  ( -0.000000000000000000, -0.000000000000000000, -1.000000000000000000 ) ) ;
#1693 = ADVANCED_FACE ( 'NONE', ( #1439 ), #2644, .F. ) ;
#1694 = ORIENTED_EDGE ( 'NONE', *, *, #2267, .F. ) ;
#1695 = FACE_OUTER_BOUND ( 'NONE', #826, .T. ) ;
#1696 = CARTESIAN_POINT ( 'NONE',  ( 95.89000000000001478, -7.000000000000000888, 31.00000000000000000 ) ) ;
#1697 = EDGE_CURVE ( 'NONE', #1128, #3366, #3002, .T. ) ;
#1698 = CARTESIAN_POINT ( 'NONE',  ( 93.79000000000000625, 0.000000000000000000, 4.500000000000001776 ) ) ;
#1699 = EDGE_LOOP ( 'NONE', ( #3744, #668, #1731, #125 ) ) ;
#1700 = B_SPLINE_CURVE_WITH_KNOTS ( 'NONE', 3,
 ( #970, #617, #1550, #2766 ),
 .UNSPECIFIED., .F., .F.,
 ( 4, 4 ),
 ( 1.121683521088601892E-16, 0.0004249579335055504790 ),
 .UNSPECIFIED. ) ;
#1701 = DIRECTION ( 'NONE',  ( 0.9996082575616351829, -0.02798805842840386068, -0.000000000000000000 ) ) ;
#1702 = DIRECTION ( 'NONE',  ( 1.000000000000000000, 0.000000000000000000, 0.000000000000000000 ) ) ;
#1703 = FACE_OUTER_BOUND ( 'NONE', #3628, .T. ) ;
#1704 = ORIENTED_EDGE ( 'NONE', *, *, #3509, .F. ) ;
#1705 = VERTEX_POINT ( 'NONE', #562 ) ;
#1706 = DIRECTION ( 'NONE',  ( -1.000000000000000000, 0.000000000000000000, 0.000000000000000000 ) ) ;
#1707 = APPROVAL_ROLE ( '' ) ;
#1708 = ORIENTED_EDGE ( 'NONE', *, *, #3299, .F. ) ;
#1709 = VECTOR ( 'NONE', #2078, 1000.000000000000000 ) ;
#1710 = FACE_OUTER_BOUND ( 'NONE', #501, .T. ) ;
#1711 = ORIENTED_EDGE ( 'NONE', *, *, #867, .T. ) ;
#1712 = CARTESIAN_POINT ( 'NONE',  ( -93.16726569996802709, -22.24128373074637821, -5.000000000000000000 ) ) ;
#1713 = AXIS2_PLACEMENT_3D ( 'NONE', #1099, #557, #2016 ) ;
#1714 = AXIS2_PLACEMENT_3D ( 'NONE', #494, #1390, #2305 ) ;
#1715 = CARTESIAN_POINT ( 'NONE',  ( 93.79000000000000625, 0.000000000000000000, 7.000000000000000000 ) ) ;
#1716 = AXIS2_PLACEMENT_3D ( 'NONE', #2064, #1764, #2022 ) ;
#1717 = AXIS2_PLACEMENT_3D ( 'NONE', #1197, #1507, #2398 ) ;
#1718 = CARTESIAN_POINT ( 'NONE',  ( -97.54000000000002046, -18.00000000000000000, -5.000000000000000000 ) ) ;
#1719 = ORIENTED_EDGE ( 'NONE', *, *, #1308, .T. ) ;
#1720 = ADVANCED_FACE ( 'NONE', ( #3553 ), #1766, .T. ) ;
#1721 = DIRECTION ( 'NONE',  ( 1.000000000000000000, 0.000000000000000000, 0.000000000000000000 ) ) ;
#1722 = DIRECTION ( 'NONE',  ( 0.000000000000000000, 0.000000000000000000, 1.000000000000000000 ) ) ;
#1723 = AXIS2_PLACEMENT_3D ( 'NONE', #155, #2555, #1677 ) ;
#1724 = ADVANCED_FACE ( 'NONE', ( #1863 ), #3336, .F. ) ;
#1725 = CARTESIAN_POINT ( 'NONE',  ( 93.29000000000000625, 6.123233995736736454E-17, 5.000000000000000000 ) ) ;
#1726 = EDGE_LOOP ( 'NONE', ( #164, #1669 ) ) ;
#1727 = VERTEX_POINT ( 'NONE', #1821 ) ;
#1728 = FACE_OUTER_BOUND ( 'NONE', #1440, .T. ) ;
#1729 = EDGE_LOOP ( 'NONE', ( #3414, #1680, #756, #2924 ) ) ;
#1730 = FACE_OUTER_BOUND ( 'NONE', #3556, .T. ) ;
#1731 = ORIENTED_EDGE ( 'NONE', *, *, #1475, .F. ) ;
#1732 = CARTESIAN_POINT ( 'NONE',  ( -96.78453046561205042, -15.74272569444443803, -2.000000000000000444 ) ) ;
#1733 = ADVANCED_FACE ( 'NONE', ( #2762 ), #1321, .T. ) ;
#1734 = CARTESIAN_POINT ( 'NONE',  ( -90.04000000000000625, -18.00000000000000000, -2.000000000000000444 ) ) ;
#1735 = AXIS2_PLACEMENT_3D ( 'NONE', #2378, #3570, #868 ) ;
#1736 = CARTESIAN_POINT ( 'NONE',  ( -76.20370352430354899, -21.14708389734114036, -4.333614489993879104 ) ) ;
#1737 = ORIENTED_EDGE ( 'NONE', *, *, #2152, .F. ) ;
#1738 = CARTESIAN_POINT ( 'NONE',  ( -93.16726569996802709, 22.24128373074637821, 4.500000000000001776 ) ) ;
#1739 = CARTESIAN_POINT ( 'NONE',  ( -65.87785208136273241, -20.97701075853508002, -5.000000000000000000 ) ) ;
#1740 = DIRECTION ( 'NONE',  ( -0.000000000000000000, -0.000000000000000000, -1.000000000000000000 ) ) ;
#1741 = ORIENTED_EDGE ( 'NONE', *, *, #1498, .F. ) ;
#1742 = ORIENTED_EDGE ( 'NONE', *, *, #195, .T. ) ;
#1743 = EDGE_CURVE ( 'NONE', #3801, #223, #655, .T. ) ;
#1744 = CIRCLE ( 'NONE', #963, 1.399999999999998579 ) ;
#1745 = CARTESIAN_POINT ( 'NONE',  ( 82.79000000000002046, 0.000000000000000000, 30.50000000000000000 ) ) ;
#1746 = DIRECTION ( 'NONE',  ( -0.000000000000000000, -0.000000000000000000, -1.000000000000000000 ) ) ;
#1747 = ORIENTED_EDGE ( 'NONE', *, *, #2513, .T. ) ;
#1748 = EDGE_CURVE ( 'NONE', #1891, #3240, #2151, .T. ) ;
#1749 = ORIENTED_EDGE ( 'NONE', *, *, #1907, .F. ) ;
#1750 = CARTESIAN_POINT ( 'NONE',  ( -65.86385805214850109, -21.47681488731589639, 4.500000000000001776 ) ) ;
#1751 = EDGE_LOOP ( 'NONE', ( #1879, #566 ) ) ;
#1752 = CIRCLE ( 'NONE', #51, 0.5000000000000004441 ) ;
#1753 = DIRECTION ( 'NONE',  ( 0.000000000000000000, 0.000000000000000000, -1.000000000000000000 ) ) ;
#1754 = DIRECTION ( 'NONE',  ( 0.9996082575616351829, -0.02798805842840386415, 0.000000000000000000 ) ) ;
#1755 = CARTESIAN_POINT ( 'NONE',  ( -77.31544087882276983, -21.79744806218830888, -4.441098260208674375 ) ) ;
#1756 = DIRECTION ( 'NONE',  ( -0.000000000000000000, -0.000000000000000000, -1.000000000000000000 ) ) ;
#1757 = ORIENTED_EDGE ( 'NONE', *, *, #2793, .T. ) ;
#1758 = ADVANCED_FACE ( 'NONE', ( #980 ), #1577, .F. ) ;
#1759 = CARTESIAN_POINT ( 'NONE',  ( -78.20154273188012439, -9.000000000000007105, -2.000000000000000444 ) ) ;
#1760 = CARTESIAN_POINT ( 'NONE',  ( 95.39000000000002899, -7.000000000000000000, -2.000000000000001332 ) ) ;
#1761 = CARTESIAN_POINT ( 'NONE',  ( -68.09851481875857360, -20.45323425778074622, -3.169511595159383965 ) ) ;
#1762 = ORIENTED_EDGE ( 'NONE', *, *, #82, .T. ) ;
#1763 = ORIENTED_EDGE ( 'NONE', *, *, #2577, .F. ) ;
#1764 = DIRECTION ( 'NONE',  ( 0.000000000000000000, 0.000000000000000000, 1.000000000000000000 ) ) ;
#1765 = ADVANCED_FACE ( 'NONE', ( #1579 ), #2718, .T. ) ;
#1766 = CYLINDRICAL_SURFACE ( 'NONE', #69, 2.000000000000001776 ) ;
#1767 = ORIENTED_EDGE ( 'NONE', *, *, #1049, .T. ) ;
#1768 = EDGE_CURVE ( 'NONE', #2846, #661, #1504, .T. ) ;
#1769 = AXIS2_PLACEMENT_3D ( 'NONE', #2167, #71, #660 ) ;
#1770 = CARTESIAN_POINT ( 'NONE',  ( -93.79000000000000625, 0.000000000000000000, -5.000000000000000000 ) ) ;
#1771 = EDGE_LOOP ( 'NONE', ( #2323, #2380, #1594, #1039 ) ) ;
#1772 = CARTESIAN_POINT ( 'NONE',  ( 93.79000000000000625, 7.000000000000000000, -5.000000000000000888 ) ) ;
#1773 = CIRCLE ( 'NONE', #816, 3.500000000000003109 ) ;
#1774 = CYLINDRICAL_SURFACE ( 'NONE', #2686, 4.000000000000003553 ) ;
#1775 = CARTESIAN_POINT ( 'NONE',  ( 93.79000000000002046, -7.000000000000000000, 30.50000000000000355 ) ) ;
#1776 = CIRCLE ( 'NONE', #516, 17.00000000000000000 ) ;
#1777 = DIRECTION ( 'NONE',  ( 1.000000000000000000, 0.000000000000000000, 0.000000000000000000 ) ) ;
#1778 = CIRCLE ( 'NONE', #754, 4.000000000000003553 ) ;
#1779 = CARTESIAN_POINT ( 'NONE',  ( -93.16726569996802709, 22.24128373074637821, 4.500000000000001776 ) ) ;
#1780 = DIRECTION ( 'NONE',  ( -0.000000000000000000, -0.000000000000000000, -1.000000000000000000 ) ) ;
#1781 = CARTESIAN_POINT ( 'NONE',  ( -109.3784572681198881, 9.000000000000007105, -5.000000000000000000 ) ) ;
#1782 = VERTEX_POINT ( 'NONE', #1229 ) ;
#1783 = AXIS2_PLACEMENT_3D ( 'NONE', #2702, #575, #6 ) ;
#1784 = ADVANCED_FACE ( 'NONE', ( #348 ), #944, .F. ) ;
#1785 = CARTESIAN_POINT ( 'NONE',  ( 94.26579699328287631, 16.99334037854779567, -4.500000000000000888 ) ) ;
#1786 = DIRECTION ( 'NONE',  ( -0.000000000000000000, -0.000000000000000000, -1.000000000000000000 ) ) ;
#1787 = AXIS2_PLACEMENT_3D ( 'NONE', #128, #1332, #2538 ) ;
#1788 = VERTEX_POINT ( 'NONE', #86 ) ;
#1789 = VERTEX_POINT ( 'NONE', #1265 ) ;
#1790 = DIRECTION ( 'NONE',  ( -1.000000000000000000, 0.000000000000000000, 0.000000000000000000 ) ) ;
#1791 = VERTEX_POINT ( 'NONE', #2448 ) ;
#1792 = CARTESIAN_POINT ( 'NONE',  ( 107.2899999999999920, 0.000000000000000000, 5.000000000000000000 ) ) ;
#1793 = ADVANCED_FACE ( 'NONE', ( #614 ), #3403, .T. ) ;
#1794 = EDGE_CURVE ( 'NONE', #383, #603, #1639, .T. ) ;
#1795 = AXIS2_PLACEMENT_3D ( 'NONE', #3869, #1454, #3293 ) ;
#1796 = DIRECTION ( 'NONE',  ( -0.000000000000000000, -0.000000000000000000, -1.000000000000000000 ) ) ;
#1797 = TOROIDAL_SURFACE ( 'NONE', #1164, 4.000000000000007105, 0.5000000000000000000 ) ;
#1798 = CARTESIAN_POINT ( 'NONE',  ( -78.20154273188012439, -9.000000000000007105, 30.99999999999999645 ) ) ;
#1799 = CARTESIAN_POINT ( 'NONE',  ( -109.3784572681199165, -8.999999999999994671, -5.000000000000000000 ) ) ;
#1800 = DIRECTION ( 'NONE',  ( -0.000000000000000000, -0.000000000000000000, -1.000000000000000000 ) ) ;
#1801 = CARTESIAN_POINT ( 'NONE',  ( -75.51094466378638970, -20.53215436471002420, -2.999999999999999112 ) ) ;
#1802 = AXIS2_PLACEMENT_3D ( 'NONE', #1904, #1869, #388 ) ;
#1803 = ORIENTED_EDGE ( 'NONE', *, *, #1697, .T. ) ;
#1804 = CARTESIAN_POINT ( 'NONE',  ( -77.75012610924237322, -21.30942287763947363, 5.000000000000000000 ) ) ;
#1805 = DIRECTION ( 'NONE',  ( 0.000000000000000000, 0.000000000000000000, 1.000000000000000000 ) ) ;
#1806 = EDGE_CURVE ( 'NONE', #3337, #997, #1247, .T. ) ;
#1807 = ORIENTED_EDGE ( 'NONE', *, *, #529, .F. ) ;
#1808 = ORIENTED_EDGE ( 'NONE', *, *, #2851, .F. ) ;
#1809 = PLANE ( 'NONE',  #3713 ) ;
#1810 = ORIENTED_EDGE ( 'NONE', *, *, #653, .F. ) ;
#1811 = DIRECTION ( 'NONE',  ( 0.000000000000000000, 0.000000000000000000, 1.000000000000000000 ) ) ;
#1812 = CYLINDRICAL_SURFACE ( 'NONE', #3436, 2.000000000000001776 ) ;
#1813 = EDGE_CURVE ( 'NONE', #1213, #2799, #2712, .T. ) ;
#1814 = DIRECTION ( 'NONE',  ( -0.000000000000000000, -0.000000000000000000, -1.000000000000000000 ) ) ;
#1815 = CARTESIAN_POINT ( 'NONE',  ( -77.31544087882276983, -21.79744806218830888, 4.441098260208674375 ) ) ;
#1816 = AXIS2_PLACEMENT_3D ( 'NONE', #3563, #1119, #3522 ) ;
#1817 = DIRECTION ( 'NONE',  ( -1.000000000000000000, 0.000000000000000000, 0.000000000000000000 ) ) ;
#1818 = DIRECTION ( 'NONE',  ( -1.000000000000000000, 0.000000000000000000, 0.000000000000000000 ) ) ;
#1819 = ORIENTED_EDGE ( 'NONE', *, *, #3397, .F. ) ;
#1820 = DIRECTION ( 'NONE',  ( -1.000000000000000000, 0.000000000000000000, 0.000000000000000000 ) ) ;
#1821 = CARTESIAN_POINT ( 'NONE',  ( -93.78999822435734757, -21.74999999999958078, -5.000000000000000000 ) ) ;
#1822 = ORIENTED_EDGE ( 'NONE', *, *, #630, .F. ) ;
#1823 = EDGE_LOOP ( 'NONE', ( #2630, #2858, #84, #1118 ) ) ;
#1824 = DIRECTION ( 'NONE',  ( -0.000000000000000000, -0.000000000000000000, -1.000000000000000000 ) ) ;
#1825 = ORIENTED_EDGE ( 'NONE', *, *, #1021, .F. ) ;
#1826 = DIRECTION ( 'NONE',  ( 0.000000000000000000, 0.000000000000000000, 1.000000000000000000 ) ) ;
#1827 = EDGE_CURVE ( 'NONE', #3880, #1342, #513, .T. ) ;
#1828 = FACE_BOUND ( 'NONE', #843, .T. ) ;
#1829 = DIRECTION ( 'NONE',  ( -1.000000000000000000, 0.000000000000000000, 0.000000000000000000 ) ) ;
#1830 = CARTESIAN_POINT ( 'NONE',  ( -77.19179815089960073, -21.31509517400628795, 4.921464346944899759 ) ) ;
#1831 = VECTOR ( 'NONE', #2814, 1000.000000000000000 ) ;
#1832 = AXIS2_PLACEMENT_3D ( 'NONE', #2539, #697, #2243 ) ;
#1833 = CARTESIAN_POINT ( 'NONE',  ( -77.75012610924237322, -21.30942287763947363, -5.000000000000000000 ) ) ;
#1834 = AXIS2_PLACEMENT_3D ( 'NONE', #2916, #221, #1414 ) ;
#1835 = CARTESIAN_POINT ( 'NONE',  ( -67.31047421831949862, -21.24894313368850973, 3.997954950355505854 ) ) ;
#1836 = ORIENTED_EDGE ( 'NONE', *, *, #1327, .F. ) ;
#1837 = VECTOR ( 'NONE', #451, 1000.000000000000000 ) ;
#1838 = EDGE_CURVE ( 'NONE', #3210, #652, #3756, .T. ) ;
#1839 = EDGE_CURVE ( 'NONE', #3836, #3450, #1773, .T. ) ;
#1840 = EDGE_CURVE ( 'NONE', #1076, #1565, #885, .T. ) ;
#1841 = AXIS2_PLACEMENT_3D ( 'NONE', #488, #3163, #3181 ) ;
#1842 = CARTESIAN_POINT ( 'NONE',  ( -109.3784572681198881, 9.000000000000007105, -2.000000000000000444 ) ) ;
#1843 = CARTESIAN_POINT ( 'NONE',  ( -77.37331583779504740, -21.31273675562077230, 4.973559329927720540 ) ) ;
#1844 = EDGE_LOOP ( 'NONE', ( #2727, #1767 ) ) ;
#1845 = ORIENTED_EDGE ( 'NONE', *, *, #1136, .T. ) ;
#1846 = VECTOR ( 'NONE', #3806, 1000.000000000000000 ) ;
#1847 = DIRECTION ( 'NONE',  ( -0.000000000000000000, -0.000000000000000000, -1.000000000000000000 ) ) ;
#1848 = TOROIDAL_SURFACE ( 'NONE', #3023, 0.9999999999999991118, 0.5000000000000000000 ) ;
#1849 = ORIENTED_EDGE ( 'NONE', *, *, #3158, .T. ) ;
#1850 = AXIS2_PLACEMENT_3D ( 'NONE', #2879, #2604, #143 ) ;
#1851 = CARTESIAN_POINT ( 'NONE',  ( 94.79000000000000625, 0.000000000000000000, -4.500000000000000888 ) ) ;
#1852 = DIRECTION ( 'NONE',  ( 0.000000000000000000, 0.000000000000000000, 1.000000000000000000 ) ) ;
#1853 = EDGE_CURVE ( 'NONE', #2313, #1090, #3208, .T. ) ;
#1854 = CARTESIAN_POINT ( 'NONE',  ( 99.39000000000001478, 0.000000000000000000, 30.50000000000000000 ) ) ;
#1855 = ORIENTED_EDGE ( 'NONE', *, *, #1972, .T. ) ;
#1856 = VECTOR ( 'NONE', #3136, 1000.000000000000000 ) ;
#1857 = CARTESIAN_POINT ( 'NONE',  ( -93.79000000000000625, -18.00000000000000000, -5.000000000000000000 ) ) ;
#1858 = B_SPLINE_CURVE_WITH_KNOTS ( 'NONE', 3,
 ( #352, #3095, #3057, #404 ),
 .UNSPECIFIED., .F., .F.,
 ( 4, 4 ),
 ( 0.000000000000000000, 0.0004249579335055505874 ),
 .UNSPECIFIED. ) ;
#1859 = CARTESIAN_POINT ( 'NONE',  ( -66.00683527907359860, -21.48081811052943024, 4.500000000000000000 ) ) ;
#1860 = ORIENTED_EDGE ( 'NONE', *, *, #768, .T. ) ;
#1861 = EDGE_CURVE ( 'NONE', #2286, #893, #1597, .T. ) ;
#1862 = DIRECTION ( 'NONE',  ( -1.000000000000000000, 0.000000000000000000, 0.000000000000000000 ) ) ;
#1863 = FACE_OUTER_BOUND ( 'NONE', #3857, .T. ) ;
#1864 = ADVANCED_FACE ( 'NONE', ( #1661 ), #3277, .T. ) ;
#1865 = VERTEX_POINT ( 'NONE', #1916 ) ;
#1866 = ORIENTED_EDGE ( 'NONE', *, *, #2290, .F. ) ;
#1867 = DIRECTION ( 'NONE',  ( 1.224646799147353207E-16, 1.000000000000000000, -0.000000000000000000 ) ) ;
#1868 = DIRECTION ( 'NONE',  ( -0.9996082575616350718, -0.02798805842840749666, -0.000000000000000000 ) ) ;
#1869 = DIRECTION ( 'NONE',  ( -0.000000000000000000, -0.000000000000000000, -1.000000000000000000 ) ) ;
#1870 = CARTESIAN_POINT ( 'NONE',  ( -93.16726569996802709, -22.24128373074637821, 4.500000000000001776 ) ) ;
#1871 = CARTESIAN_POINT ( 'NONE',  ( 93.79000000000000625, 7.000000000000000000, 30.50000000000000355 ) ) ;
#1872 = AXIS2_PLACEMENT_3D ( 'NONE', #2413, #3001, #3054 ) ;
#1873 = FACE_OUTER_BOUND ( 'NONE', #1307, .T. ) ;
#1874 = CARTESIAN_POINT ( 'NONE',  ( -77.31544087882276983, -21.79744806218830888, -4.441098260208674375 ) ) ;
#1875 = ORIENTED_EDGE ( 'NONE', *, *, #1957, .F. ) ;
#1876 = CIRCLE ( 'NONE', #3324, 16.02499999999999858 ) ;
#1877 = CARTESIAN_POINT ( 'NONE',  ( 95.39000000000001478, 7.000000000000000000, -2.000000000000000888 ) ) ;
#1878 = DIRECTION ( 'NONE',  ( 1.000000000000000000, 0.000000000000000000, 0.000000000000000000 ) ) ;
#1879 = ORIENTED_EDGE ( 'NONE', *, *, #3703, .T. ) ;
#1880 = VERTEX_POINT ( 'NONE', #2210 ) ;
#1881 = EDGE_CURVE ( 'NONE', #2635, #3430, #400, .T. ) ;
#1882 = CARTESIAN_POINT ( 'NONE',  ( 93.79000000000002046, -7.000000000000000000, -4.500000000000000888 ) ) ;
#1883 = EDGE_CURVE ( 'NONE', #2786, #2635, #3131, .T. ) ;
#1884 = EDGE_CURVE ( 'NONE', #531, #2796, #2517, .T. ) ;
#1885 = CARTESIAN_POINT ( 'NONE',  ( -78.20154273188011018, 8.999999999999980460, 30.99999999999999645 ) ) ;
#1886 = FACE_OUTER_BOUND ( 'NONE', #2649, .T. ) ;
#1887 = CARTESIAN_POINT ( 'NONE',  ( 107.1435533905932687, 1.635338641703331849E-15, 5.146446609406726935 ) ) ;
#1888 = DIRECTION ( 'NONE',  ( -1.000000000000000000, 0.000000000000000000, 0.000000000000000000 ) ) ;
#1889 = LOCAL_TIME ( 21, 21, 23.00000000000000000, #3434 ) ;
#1890 = CARTESIAN_POINT ( 'NONE',  ( -76.89489699087027930, -21.76974267694126652, -4.810024931096442913 ) ) ;
#1891 = VERTEX_POINT ( 'NONE', #1953 ) ;
#1892 = AXIS2_PLACEMENT_3D ( 'NONE', #3698, #3428, #721 ) ;
#1893 = CARTESIAN_POINT ( 'NONE',  ( -93.79000000000000625, 18.00000000000000000, -5.000000000000000000 ) ) ;
#1894 = CARTESIAN_POINT ( 'NONE',  ( -77.18399871171786231, -21.79376780942422798, 4.901839895707611916 ) ) ;
#1895 = EDGE_LOOP ( 'NONE', ( #1866, #1742, #2162, #3661 ) ) ;
#1896 = ORIENTED_EDGE ( 'NONE', *, *, #1049, .F. ) ;
#1897 = ADVANCED_FACE ( 'NONE', ( #99 ), #2522, .F. ) ;
#1898 = AXIS2_PLACEMENT_3D ( 'NONE', #920, #621, #1829 ) ;
#1899 = FACE_OUTER_BOUND ( 'NONE', #933, .T. ) ;
#1900 = CARTESIAN_POINT ( 'NONE',  ( -66.28454925335395842, -21.48859383154788816, 4.441098260208668158 ) ) ;
#1901 = AXIS2_PLACEMENT_3D ( 'NONE', #2553, #2608, #210 ) ;
#1902 = LINE ( 'NONE', #675, #2711 ) ;
#1903 = EDGE_LOOP ( 'NONE', ( #3200, #1822, #384, #3740, #1404, #421 ) ) ;
#1904 = CARTESIAN_POINT ( 'NONE',  ( -93.79000000000000625, 0.000000000000000000, 31.00000000000000000 ) ) ;
#1905 = AXIS2_PLACEMENT_3D ( 'NONE', #842, #1352, #3500 ) ;
#1906 = DIRECTION ( 'NONE',  ( -0.000000000000000000, -0.000000000000000000, -1.000000000000000000 ) ) ;
#1907 = EDGE_CURVE ( 'NONE', #978, #1789, #1339, .T. ) ;
#1908 = ORIENTED_EDGE ( 'NONE', *, *, #2577, .T. ) ;
#1909 = CYLINDRICAL_SURFACE ( 'NONE', #3782, 1.399999999999998579 ) ;
#1910 = ORIENTED_EDGE ( 'NONE', *, *, #1477, .T. ) ;
#1911 = CARTESIAN_POINT ( 'NONE',  ( -97.54000000000002046, 18.00000000000000000, -2.000000000000000444 ) ) ;
#1912 = ADVANCED_FACE ( 'NONE', ( #1977, #1633, #2834, #2561, #1355 ), #2544, .F. ) ;
#1913 = CARTESIAN_POINT ( 'NONE',  ( -75.97574466253115588, -21.24302272561400784, -3.709841441098227222 ) ) ;
#1914 = ORIENTED_EDGE ( 'NONE', *, *, #3038, .T. ) ;
#1915 = DIRECTION ( 'NONE',  ( 1.000000000000000000, 0.000000000000000000, 0.000000000000000000 ) ) ;
#1916 = CARTESIAN_POINT ( 'NONE',  ( 110.7900000000000205, 0.000000000000000000, 4.500000000000001776 ) ) ;
#1917 = EDGE_CURVE ( 'NONE', #786, #2918, #3465, .T. ) ;
#1918 = ORIENTED_EDGE ( 'NONE', *, *, #747, .T. ) ;
#1919 = TOROIDAL_SURFACE ( 'NONE', #3615, 1.900000000000002576, 0.5000000000000000000 ) ;
#1920 = ORIENTED_EDGE ( 'NONE', *, *, #406, .T. ) ;
#1921 = VERTEX_POINT ( 'NONE', #3447 ) ;
#1922 = DIRECTION ( 'NONE',  ( -1.000000000000000000, 0.000000000000000000, 0.000000000000000000 ) ) ;
#1923 = DIRECTION ( 'NONE',  ( 0.000000000000000000, 0.000000000000000000, -1.000000000000000000 ) ) ;
#1924 = EDGE_LOOP ( 'NONE', ( #1178, #1762, #2831, #3304 ) ) ;
#1925 = DIRECTION ( 'NONE',  ( -0.000000000000000000, -0.000000000000000000, -1.000000000000000000 ) ) ;
#1926 = CARTESIAN_POINT ( 'NONE',  ( 95.89000000000000057, 6.999999999999999112, 31.00000000000000000 ) ) ;
#1927 = DIRECTION ( 'NONE',  ( 0.000000000000000000, 0.000000000000000000, 1.000000000000000000 ) ) ;
#1928 = DIRECTION ( 'NONE',  ( 1.000000000000000000, 0.000000000000000000, -0.000000000000000000 ) ) ;
#1929 = ADVANCED_FACE ( 'NONE', ( #760 ), #3171, .F. ) ;
#1930 = CARTESIAN_POINT ( 'NONE',  ( 88.69000000000001194, -6.245698675651502811E-16, 31.00000000000000000 ) ) ;
#1931 = DIRECTION ( 'NONE',  ( -1.000000000000000000, 0.000000000000000000, 0.000000000000000000 ) ) ;
#1932 = ORIENTED_EDGE ( 'NONE', *, *, #283, .T. ) ;
#1933 = CIRCLE ( 'NONE', #1240, 16.02499999999999858 ) ;
#1934 = CARTESIAN_POINT ( 'NONE',  ( -76.80154273188013292, -9.000000000000007105, -2.000000000000000444 ) ) ;
#1935 = DIRECTION ( 'NONE',  ( -0.000000000000000000, -0.000000000000000000, -1.000000000000000000 ) ) ;
#1936 = AXIS2_PLACEMENT_3D ( 'NONE', #1934, #3717, #1036 ) ;
#1937 = LINE ( 'NONE', #3364, #1150 ) ;
#1938 = VERTEX_POINT ( 'NONE', #2579 ) ;
#1939 = ORIENTED_EDGE ( 'NONE', *, *, #1070, .T. ) ;
#1940 = VECTOR ( 'NONE', #3503, 1000.000000000000000 ) ;
#1941 = CARTESIAN_POINT ( 'NONE',  ( -67.34393953904246644, -21.24288360618742644, 4.352258528171960350 ) ) ;
#1942 = APPROVAL_STATUS ( 'not_yet_approved' ) ;
#1943 = ORIENTED_EDGE ( 'NONE', *, *, #1135, .F. ) ;
#1944 = CYLINDRICAL_SURFACE ( 'NONE', #1802, 12.99999999999999822 ) ;
#1945 = CARTESIAN_POINT ( 'NONE',  ( -77.18399871171786231, -21.79376780942422798, 4.901839895707602146 ) ) ;
#1946 = ORIENTED_EDGE ( 'NONE', *, *, #1293, .F. ) ;
#1947 = DIRECTION ( 'NONE',  ( -0.000000000000000000, -0.000000000000000000, -1.000000000000000000 ) ) ;
#1948 = EDGE_CURVE ( 'NONE', #1782, #312, #3774, .T. ) ;
#1949 = CARTESIAN_POINT ( 'NONE',  ( -66.14706363065033656, -21.48474436790831632, -4.480351442034847587 ) ) ;
#1950 = CARTESIAN_POINT ( 'NONE',  ( -75.55198655912904826, -20.63619433852974083, -3.193716751387820629 ) ) ;
#1951 = ORIENTED_EDGE ( 'NONE', *, *, #2513, .F. ) ;
#1952 = CARTESIAN_POINT ( 'NONE',  ( -106.7900000000000063, 0.000000000000000000, 5.000000000000000888 ) ) ;
#1953 = CARTESIAN_POINT ( 'NONE',  ( -93.78999992818468456, 21.75000000000000355, -5.000000000000000000 ) ) ;
#1954 = DIRECTION ( 'NONE',  ( -0.000000000000000000, -0.000000000000000000, -1.000000000000000000 ) ) ;
#1955 = EDGE_LOOP ( 'NONE', ( #2542, #684, #2911, #3788, #1357, #3393 ) ) ;
#1956 = ORIENTED_EDGE ( 'NONE', *, *, #1748, .T. ) ;
#1957 = EDGE_CURVE ( 'NONE', #3430, #3793, #3143, .T. ) ;
#1958 = AXIS2_PLACEMENT_3D ( 'NONE', #1375, #1615, #702 ) ;
#1959 = CARTESIAN_POINT ( 'NONE',  ( -66.70598452318084526, -21.48446304333404910, 4.810024931097790279 ) ) ;
#1960 = AXIS2_PLACEMENT_3D ( 'NONE', #2617, #3813, #3855 ) ;
#1961 = EDGE_CURVE ( 'NONE', #1432, #3793, #2403, .T. ) ;
#1962 = ORIENTED_EDGE ( 'NONE', *, *, #2131, .F. ) ;
#1963 = AXIS2_PLACEMENT_3D ( 'NONE', #3025, #52, #3757 ) ;
#1964 = DIRECTION ( 'NONE',  ( 1.000000000000000000, 0.000000000000000000, 0.000000000000000000 ) ) ;
#1965 = TOROIDAL_SURFACE ( 'NONE', #269, 21.74999999999999645, 0.5000000000000000000 ) ;
#1966 = CARTESIAN_POINT ( 'NONE',  ( -76.27145881681447293, -21.49284545801996771, 4.352258528172392005 ) ) ;
#1967 = ORIENTED_EDGE ( 'NONE', *, *, #1510, .F. ) ;
#1968 = AXIS2_PLACEMENT_3D ( 'NONE', #940, #2098, #1518 ) ;
#1969 = DIRECTION ( 'NONE',  ( 0.000000000000000000, 0.000000000000000000, 1.000000000000000000 ) ) ;
#1970 = AXIS2_PLACEMENT_3D ( 'NONE', #2149, #1239, #42 ) ;
#1971 = DIRECTION ( 'NONE',  ( 1.224646799147353207E-16, 1.000000000000000000, -0.000000000000000000 ) ) ;
#1972 = EDGE_CURVE ( 'NONE', #3179, #3177, #2374, .T. ) ;
#1973 = DIRECTION ( 'NONE',  ( 0.9612281296413757170, 0.02691345219682008197, -0.2744378779924377398 ) ) ;
#1974 = VERTEX_POINT ( 'NONE', #1760 ) ;
#1975 = AXIS2_PLACEMENT_3D ( 'NONE', #3325, #1133, #1753 ) ;
#1976 = CARTESIAN_POINT ( 'NONE',  ( -66.43498793930578472, -21.01391495622804939, 4.921464346944905088 ) ) ;
#1977 = FACE_OUTER_BOUND ( 'NONE', #2333, .T. ) ;
#1978 = CARTESIAN_POINT ( 'NONE',  ( 94.26579699328291895, -16.99334037854779211, -4.500000000000000888 ) ) ;
#1979 = ORIENTED_EDGE ( 'NONE', *, *, #607, .T. ) ;
#1980 = VERTEX_POINT ( 'NONE', #259 ) ;
#1981 = CARTESIAN_POINT ( 'NONE',  ( -67.78045775158672370, -20.88792545012756108, 3.572929377273219576 ) ) ;
#1982 = ADVANCED_FACE ( 'NONE', ( #884 ), #745, .T. ) ;
#1983 = ORIENTED_EDGE ( 'NONE', *, *, #3328, .T. ) ;
#1984 = APPROVAL_ROLE ( '' ) ;
#1985 = VERTEX_POINT ( 'NONE', #2637 ) ;
#1986 = CARTESIAN_POINT ( 'NONE',  ( 86.79000000000000625, -8.572527594031484037E-16, 30.50000000000000000 ) ) ;
#1987 = EDGE_LOOP ( 'NONE', ( #3645, #773, #2582 ) ) ;
#1988 = CARTESIAN_POINT ( 'NONE',  ( 100.7900000000000205, 0.000000000000000000, 30.50000000000000000 ) ) ;
#1989 = DIRECTION ( 'NONE',  ( 0.02798805842840749666, 0.9996082575616350718, 0.000000000000000000 ) ) ;
#1990 = CARTESIAN_POINT ( 'NONE',  ( 94.26579699328287631, -16.99334037854779567, -4.500000000000000888 ) ) ;
#1991 = ORIENTED_EDGE ( 'NONE', *, *, #981, .T. ) ;
#1992 = DIRECTION ( 'NONE',  ( 1.000000000000000000, 0.000000000000000000, 0.000000000000000000 ) ) ;
#1993 = DIRECTION ( 'NONE',  ( 1.000000000000000000, 0.000000000000000000, 0.000000000000000000 ) ) ;
#1994 = CARTESIAN_POINT ( 'NONE',  ( -66.76287818849249334, -21.45604221957658453, -4.302210355582150925 ) ) ;
#1995 = EDGE_LOOP ( 'NONE', ( #596, #1845, #2120, #3062 ) ) ;
#1996 = VERTEX_POINT ( 'NONE', #2951 ) ;
#1997 = CYLINDRICAL_SURFACE ( 'NONE', #1850, 3.750000000000003553 ) ;
#1998 = CARTESIAN_POINT ( 'NONE',  ( 93.79000000000000625, 7.000000000000000000, -2.000000000000000888 ) ) ;
#1999 = AXIS2_PLACEMENT_3D ( 'NONE', #926, #10, #613 ) ;
#2000 = VERTEX_POINT ( 'NONE', #3504 ) ;
#2001 = EDGE_CURVE ( 'NONE', #2800, #3700, #2958, .T. ) ;
#2002 = ORIENTED_EDGE ( 'NONE', *, *, #3614, .T. ) ;
#2003 = CIRCLE ( 'NONE', #1619, 16.02499999999999858 ) ;
#2004 = DIRECTION ( 'NONE',  ( 1.000000000000000000, 0.000000000000000000, 0.000000000000000000 ) ) ;
#2005 = CARTESIAN_POINT ( 'NONE',  ( -76.43980366010589478, -21.58099606807764204, 4.092909103561238382 ) ) ;
#2006 = ORIENTED_EDGE ( 'NONE', *, *, #1077, .F. ) ;
#2007 = DIRECTION ( 'NONE',  ( 0.000000000000000000, 0.000000000000000000, 1.000000000000000000 ) ) ;
#2008 = EDGE_CURVE ( 'NONE', #3026, #2873, #1263, .T. ) ;
#2009 = ADVANCED_FACE ( 'NONE', ( #199 ), #3873, .T. ) ;
#2010 = EDGE_CURVE ( 'NONE', #3222, #1980, #1192, .T. ) ;
#2011 = CYLINDRICAL_SURFACE ( 'NONE', #1329, 3.750000000000003553 ) ;
#2012 = CARTESIAN_POINT ( 'NONE',  ( -75.55430917338175334, -20.64208209600367638, -3.204679171021496575 ) ) ;
#2013 = ADVANCED_FACE ( 'NONE', ( #2930 ), #2975, .F. ) ;
#2014 = ORIENTED_EDGE ( 'NONE', *, *, #3871, .T. ) ;
#2015 = DIRECTION ( 'NONE',  ( 0.000000000000000000, 0.000000000000000000, 1.000000000000000000 ) ) ;
#2016 = DIRECTION ( 'NONE',  ( -1.000000000000000000, 0.000000000000000000, 0.000000000000000000 ) ) ;
#2017 = CARTESIAN_POINT ( 'NONE',  ( -77.19179815089960073, -21.31509517400628795, -4.921464346944899759 ) ) ;
#2018 = EDGE_LOOP ( 'NONE', ( #1580, #3118, #49, #3298 ) ) ;
#2019 = ORIENTED_EDGE ( 'NONE', *, *, #964, .T. ) ;
#2020 = CARTESIAN_POINT ( 'NONE',  ( 94.26579699328287631, -16.99334037854779567, -5.000000000000000000 ) ) ;
#2021 = CC_DESIGN_APPROVAL ( #563, ( #1255 ) ) ;
#2022 = DIRECTION ( 'NONE',  ( 1.000000000000000000, 0.000000000000000000, -0.000000000000000000 ) ) ;
#2023 = ADVANCED_FACE ( 'NONE', ( #3832 ), #3790, .F. ) ;
#2024 = AXIS2_PLACEMENT_3D ( 'NONE', #2503, #3410, #460 ) ;
#2025 = PERSON_AND_ORGANIZATION_ROLE ( 'creator' ) ;
#2026 = ORIENTED_EDGE ( 'NONE', *, *, #440, .F. ) ;
#2027 = CIRCLE ( 'NONE', #20, 0.5000000000000013323 ) ;
#2028 = CARTESIAN_POINT ( 'NONE',  ( -75.78637902899356504, -21.03138860696295964, 3.678487654802545581 ) ) ;
#2029 = EDGE_LOOP ( 'NONE', ( #2411, #914, #230, #2601 ) ) ;
#2030 = CARTESIAN_POINT ( 'NONE',  ( 86.79000000000000625, -8.572527594031484037E-16, -4.500000000000000888 ) ) ;
#2031 = TOROIDAL_SURFACE ( 'NONE', #1074, 1.900000000000002576, 0.5000000000000000000 ) ;
#2032 = AXIS2_PLACEMENT_3D ( 'NONE', #175, #1115, #3827 ) ;
#2033 = CARTESIAN_POINT ( 'NONE',  ( 86.79000000000000625, -8.572527594031484037E-16, 30.50000000000000000 ) ) ;
#2034 = CIRCLE ( 'NONE', #1525, 0.5000000000000004441 ) ;
#2035 = EDGE_CURVE ( 'NONE', #312, #1974, #1002, .T. ) ;
#2036 = CIRCLE ( 'NONE', #2100, 3.750000000000003553 ) ;
#2037 = LINE ( 'NONE', #2927, #3846 ) ;
#2038 = EDGE_LOOP ( 'NONE', ( #1378, #1528, #3561, #163 ) ) ;
#2039 = AXIS2_PLACEMENT_3D ( 'NONE', #3314, #2429, #1242 ) ;
#2040 = DIRECTION ( 'NONE',  ( -1.000000000000000000, 0.000000000000000000, 0.000000000000000000 ) ) ;
#2041 = DIRECTION ( 'NONE',  ( 0.000000000000000000, 0.000000000000000000, 1.000000000000000000 ) ) ;
#2042 = EDGE_CURVE ( 'NONE', #515, #541, #1071, .T. ) ;
#2043 = AXIS2_PLACEMENT_3D ( 'NONE', #3140, #1048, #2324 ) ;
#2044 = CARTESIAN_POINT ( 'NONE',  ( -67.75138050665424316, -20.92247535554901461, -3.847915730050816219 ) ) ;
#2045 = ORIENTED_EDGE ( 'NONE', *, *, #2132, .F. ) ;
#2046 = ORIENTED_EDGE ( 'NONE', *, *, #1667, .F. ) ;
#2047 = DIRECTION ( 'NONE',  ( -0.02798805842840749666, 0.9996082575616350718, 0.000000000000000000 ) ) ;
#2048 = CARTESIAN_POINT ( 'NONE',  ( 93.79000000000000625, 0.000000000000000000, 5.000000000000000000 ) ) ;
#2049 = ORIENTED_EDGE ( 'NONE', *, *, #3640, .F. ) ;
#2050 = ORIENTED_EDGE ( 'NONE', *, *, #289, .T. ) ;
#2051 = CARTESIAN_POINT ( 'NONE',  ( 88.69000000000001194, -6.245698675651510700E-16, 30.50000000000000000 ) ) ;
#2052 = ORIENTED_EDGE ( 'NONE', *, *, #2035, .F. ) ;
#2053 = CARTESIAN_POINT ( 'NONE',  ( -93.79000000000000625, -18.00000000000000000, -5.000000000000000000 ) ) ;
#2054 = DIRECTION ( 'NONE',  ( 1.000000000000000000, 0.000000000000000000, 0.000000000000000000 ) ) ;
#2055 = DIRECTION ( 'NONE',  ( -1.000000000000000000, 0.000000000000000000, 0.000000000000000000 ) ) ;
#2056 = CARTESIAN_POINT ( 'NONE',  ( -66.87594301871277480, -21.01657384798504680, 4.752806635369474009 ) ) ;
#2057 = VERTEX_POINT ( 'NONE', #519 ) ;
#2058 = EDGE_CURVE ( 'NONE', #1727, #3303, #130, .T. ) ;
#2059 = DIRECTION ( 'NONE',  ( 0.9996082575616351829, 0.02798805842840386068, -0.000000000000000000 ) ) ;
#2060 = DIRECTION ( 'NONE',  ( 1.000000000000000000, 0.000000000000000000, 0.000000000000000000 ) ) ;
#2061 = CYLINDRICAL_SURFACE ( 'NONE', #2728, 1.600000000000004086 ) ;
#2062 = VERTEX_POINT ( 'NONE', #2666 ) ;
#2063 = ORIENTED_EDGE ( 'NONE', *, *, #845, .F. ) ;
#2064 = CARTESIAN_POINT ( 'NONE',  ( -76.80154273188011871, 8.999999999999980460, -2.000000000000000444 ) ) ;
#2065 = CARTESIAN_POINT ( 'NONE',  ( 93.79000000000000625, 7.000000000000000000, -2.000000000000001332 ) ) ;
#2066 = ORIENTED_EDGE ( 'NONE', *, *, #2479, .F. ) ;
#2067 = EDGE_CURVE ( 'NONE', #335, #2941, #946, .T. ) ;
#2068 = ORIENTED_EDGE ( 'NONE', *, *, #3106, .T. ) ;
#2069 = DIRECTION ( 'NONE',  ( -1.000000000000000000, 0.000000000000000000, 0.000000000000000000 ) ) ;
#2070 = ORIENTED_EDGE ( 'NONE', *, *, #2534, .F. ) ;
#2071 = VECTOR ( 'NONE', #1701, 1000.000000000000000 ) ;
#2072 = CYLINDRICAL_SURFACE ( 'NONE', #278, 17.00000000000000000 ) ;
#2073 = DIRECTION ( 'NONE',  ( 1.000000000000000000, 0.000000000000000000, 0.000000000000000000 ) ) ;
#2074 = DIRECTION ( 'NONE',  ( -1.000000000000000000, 0.000000000000000000, 0.000000000000000000 ) ) ;
#2075 = EDGE_CURVE ( 'NONE', #661, #3210, #2520, .T. ) ;
#2076 = DIRECTION ( 'NONE',  ( 0.000000000000000000, 0.000000000000000000, 1.000000000000000000 ) ) ;
#2077 = FACE_OUTER_BOUND ( 'NONE', #1903, .T. ) ;
#2078 = DIRECTION ( 'NONE',  ( 0.000000000000000000, 0.000000000000000000, -1.000000000000000000 ) ) ;
#2079 = EDGE_CURVE ( 'NONE', #1880, #791, #3146, .T. ) ;
#2080 = CARTESIAN_POINT ( 'NONE',  ( -66.28454925335395842, -21.48859383154788461, 4.441098260208668158 ) ) ;
#2081 = EDGE_LOOP ( 'NONE', ( #1196, #241, #1676 ) ) ;
#2082 = DIRECTION ( 'NONE',  ( -0.000000000000000000, -0.000000000000000000, -1.000000000000000000 ) ) ;
#2083 = CARTESIAN_POINT ( 'NONE',  ( -77.37141699567956721, -19.79823154706503630, 30.99999999999999645 ) ) ;
#2084 = EDGE_CURVE ( 'NONE', #2313, #3880, #1168, .T. ) ;
#2085 = EDGE_CURVE ( 'NONE', #3315, #835, #3772, .T. ) ;
#2086 = ORIENTED_EDGE ( 'NONE', *, *, #583, .T. ) ;
#2087 = ORIENTED_EDGE ( 'NONE', *, *, #3590, .T. ) ;
#2088 = CARTESIAN_POINT ( 'NONE',  ( 98.89000000000001478, 0.000000000000000000, 31.00000000000000000 ) ) ;
#2089 = VERTEX_POINT ( 'NONE', #5 ) ;
#2090 = DIRECTION ( 'NONE',  ( 1.000000000000000000, 0.000000000000000000, 0.000000000000000000 ) ) ;
#2091 = VECTOR ( 'NONE', #31, 1000.000000000000000 ) ;
#2092 = FACE_OUTER_BOUND ( 'NONE', #3596, .T. ) ;
#2093 = FACE_OUTER_BOUND ( 'NONE', #2423, .T. ) ;
#2094 = TOROIDAL_SURFACE ( 'NONE', #1642, 4.000000000000007105, 0.5000000000000000000 ) ;
#2095 = DIRECTION ( 'NONE',  ( 0.000000000000000000, 0.000000000000000000, 1.000000000000000000 ) ) ;
#2096 = AXIS2_PLACEMENT_3D ( 'NONE', #949, #1867, #2231 ) ;
#2097 = DIRECTION ( 'NONE',  ( -0.000000000000000000, -0.000000000000000000, -1.000000000000000000 ) ) ;
#2098 = DIRECTION ( 'NONE',  ( -0.000000000000000000, -0.000000000000000000, -1.000000000000000000 ) ) ;
#2099 = VERTEX_POINT ( 'NONE', #594 ) ;
#2100 = AXIS2_PLACEMENT_3D ( 'NONE', #2580, #1740, #520 ) ;
#2101 = CARTESIAN_POINT ( 'NONE',  ( -79.60154273188011587, 8.999999999999980460, -2.000000000000000444 ) ) ;
#2102 = CARTESIAN_POINT ( 'NONE',  ( -113.1284572681199165, -8.999999999999994671, -2.000000000000000444 ) ) ;
#2103 = CIRCLE ( 'NONE', #1654, 0.5000000000000004441 ) ;
#2104 = ORIENTED_EDGE ( 'NONE', *, *, #1697, .F. ) ;
#2105 = ORIENTED_EDGE ( 'NONE', *, *, #3590, .F. ) ;
#2106 = EDGE_CURVE ( 'NONE', #2744, #1283, #635, .T. ) ;
#2107 = AXIS2_PLACEMENT_3D ( 'NONE', #2757, #2515, #1928 ) ;
#2108 = LINE ( 'NONE', #567, #3599 ) ;
#2109 = EDGE_LOOP ( 'NONE', ( #473, #1932, #2193, #3777 ) ) ;
#2110 = CYLINDRICAL_SURFACE ( 'NONE', #68, 3.750000000000003553 ) ;
#2111 = CARTESIAN_POINT ( 'NONE',  ( -65.87785208136278925, -20.97701075853507646, 5.000000000000000000 ) ) ;
#2112 = CARTESIAN_POINT ( 'NONE',  ( 86.79000000000000625, -8.572527594031484037E-16, 30.99999999999999645 ) ) ;
#2113 = DIRECTION ( 'NONE',  ( 0.000000000000000000, 0.000000000000000000, 1.000000000000000000 ) ) ;
#2114 = FACE_OUTER_BOUND ( 'NONE', #177, .T. ) ;
#2115 = AXIS2_PLACEMENT_3D ( 'NONE', #290, #2082, #3272 ) ;
#2116 = CYLINDRICAL_SURFACE ( 'NONE', #2039, 0.5000000000000013323 ) ;
#2117 = EDGE_LOOP ( 'NONE', ( #559, #771, #3020, #1506, #2639 ) ) ;
#2118 = CARTESIAN_POINT ( 'NONE',  ( -109.3784572681198881, 9.000000000000007105, -2.000000000000000444 ) ) ;
#2119 = CARTESIAN_POINT ( 'NONE',  ( -77.45228997009705552, -21.80127970356730316, 4.480169700608003680 ) ) ;
#2120 = ORIENTED_EDGE ( 'NONE', *, *, #196, .T. ) ;
#2121 = ADVANCED_FACE ( 'NONE', ( #3607 ), #818, .T. ) ;
#2122 = EDGE_CURVE ( 'NONE', #224, #1996, #254, .T. ) ;
#2123 = ORIENTED_EDGE ( 'NONE', *, *, #1162, .T. ) ;
#2124 = DIRECTION ( 'NONE',  ( -1.224646799147353207E-16, 1.000000000000000000, 0.000000000000000000 ) ) ;
#2125 = ORIENTED_EDGE ( 'NONE', *, *, #3799, .F. ) ;
#2126 = FACE_OUTER_BOUND ( 'NONE', #2293, .T. ) ;
#2127 = CARTESIAN_POINT ( 'NONE',  ( -78.20154273188012439, -9.000000000000007105, -2.000000000000000444 ) ) ;
#2128 = DIRECTION ( 'NONE',  ( -0.000000000000000000, -0.000000000000000000, -1.000000000000000000 ) ) ;
#2129 = AXIS2_PLACEMENT_3D ( 'NONE', #2745, #47, #1862 ) ;
#2130 = DIRECTION ( 'NONE',  ( 1.000000000000000000, 0.000000000000000000, 0.000000000000000000 ) ) ;
#2131 = EDGE_CURVE ( 'NONE', #2168, #3366, #72, .T. ) ;
#2132 = EDGE_CURVE ( 'NONE', #3818, #1198, #606, .T. ) ;
#2133 = CARTESIAN_POINT ( 'NONE',  ( -93.18125972918222999, -21.74147960196555829, 4.500000000000000888 ) ) ;
#2134 = CIRCLE ( 'NONE', #311, 1.599999999999990319 ) ;
#2135 = CIRCLE ( 'NONE', #1621, 1.399999999999998579 ) ;
#2136 = CARTESIAN_POINT ( 'NONE',  ( 99.39000000000001478, 0.000000000000000000, 30.99999999999999645 ) ) ;
#2137 = FACE_BOUND ( 'NONE', #3372, .T. ) ;
#2138 = EDGE_LOOP ( 'NONE', ( #1300, #3193, #2663, #2049 ) ) ;
#2139 = CARTESIAN_POINT ( 'NONE',  ( 94.29000000000000625, 0.000000000000000000, -4.500000000000000888 ) ) ;
#2140 = DIRECTION ( 'NONE',  ( -0.000000000000000000, -0.000000000000000000, -1.000000000000000000 ) ) ;
#2141 = EDGE_LOOP ( 'NONE', ( #3781, #3577, #1040, #880, #2506 ) ) ;
#2142 = CARTESIAN_POINT ( 'NONE',  ( 94.25180296406868763, -16.49353624976697574, 5.000000000000000000 ) ) ;
#2143 = DIRECTION ( 'NONE',  ( 1.000000000000000000, 0.000000000000000000, 0.000000000000000000 ) ) ;
#2144 = VERTEX_POINT ( 'NONE', #1513 ) ;
#2145 = CARTESIAN_POINT ( 'NONE',  ( -92.39000000000001478, 18.00000000000000000, 5.000000000000000888 ) ) ;
#2146 = DIRECTION ( 'NONE',  ( -1.000000000000000000, 0.000000000000000000, 0.000000000000000000 ) ) ;
#2147 = FACE_OUTER_BOUND ( 'NONE', #2602, .T. ) ;
#2148 = CIRCLE ( 'NONE', #1447, 0.5000000000000004441 ) ;
#2149 = CARTESIAN_POINT ( 'NONE',  ( 93.79000000000000625, 0.000000000000000000, -5.000000000000000000 ) ) ;
#2150 = ORIENTED_EDGE ( 'NONE', *, *, #2818, .T. ) ;
#2151 = CIRCLE ( 'NONE', #1448, 21.74999999999999289 ) ;
#2152 = EDGE_CURVE ( 'NONE', #3179, #107, #1388, .T. ) ;
#2153 = LINE ( 'NONE', #2136, #1691 ) ;
#2154 = CIRCLE ( 'NONE', #3651, 0.5000000000000004441 ) ;
#2155 = FACE_OUTER_BOUND ( 'NONE', #1545, .T. ) ;
#2156 = VERTEX_POINT ( 'NONE', #860 ) ;
#2157 = AXIS2_PLACEMENT_3D ( 'NONE', #2643, #3819, #206 ) ;
#2158 = CIRCLE ( 'NONE', #2590, 16.02499999999999858 ) ;
#2159 = DIRECTION ( 'NONE',  ( -1.000000000000000000, 0.000000000000000000, 0.000000000000000000 ) ) ;
#2160 = CIRCLE ( 'NONE', #2465, 3.500000000000003109 ) ;
#2161 = DIRECTION ( 'NONE',  ( -0.000000000000000000, -0.000000000000000000, -1.000000000000000000 ) ) ;
#2162 = ORIENTED_EDGE ( 'NONE', *, *, #1838, .F. ) ;
#2163 = DIRECTION ( 'NONE',  ( 0.9996082575616351829, 0.02798805842840386415, 0.000000000000000000 ) ) ;
#2164 = AXIS2_PLACEMENT_3D ( 'NONE', #1871, #58, #1608 ) ;
#2165 = FACE_OUTER_BOUND ( 'NONE', #1353, .T. ) ;
#2166 = AXIS2_PLACEMENT_3D ( 'NONE', #2631, #1947, #1069 ) ;
#2167 = CARTESIAN_POINT ( 'NONE',  ( 86.79000000000000625, -8.572527594031484037E-16, 31.00000000000000000 ) ) ;
#2168 = VERTEX_POINT ( 'NONE', #552 ) ;
#2169 = DIRECTION ( 'NONE',  ( -0.9996082575616351829, 0.02798805842840386415, 0.000000000000000000 ) ) ;
#2170 = CARTESIAN_POINT ( 'NONE',  ( -67.84198590160583819, -20.69984968132014913, -3.798668103547222952 ) ) ;
#2171 = FACE_OUTER_BOUND ( 'NONE', #55, .T. ) ;
#2172 = CARTESIAN_POINT ( 'NONE',  ( 92.19000000000001194, 7.000000000000000000, -2.000000000000001332 ) ) ;
#2173 = DIRECTION ( 'NONE',  ( 0.000000000000000000, 0.000000000000000000, 1.000000000000000000 ) ) ;
#2174 = ORIENTED_EDGE ( 'NONE', *, *, #3870, .F. ) ;
#2175 = EDGE_CURVE ( 'NONE', #2896, #3026, #1602, .T. ) ;
#2176 = EDGE_CURVE ( 'NONE', #2450, #2473, #15, .T. ) ;
#2177 = DIRECTION ( 'NONE',  ( -0.000000000000000000, -0.000000000000000000, -1.000000000000000000 ) ) ;
#2178 = DIRECTION ( 'NONE',  ( -1.000000000000000000, 0.000000000000000000, 0.000000000000000000 ) ) ;
#2179 = ORIENTED_EDGE ( 'NONE', *, *, #196, .F. ) ;
#2180 = ADVANCED_FACE ( 'NONE', ( #590 ), #2832, .T. ) ;
#2181 = DIRECTION ( 'NONE',  ( 1.000000000000000000, 0.000000000000000000, 0.000000000000000000 ) ) ;
#2182 = DIRECTION ( 'NONE',  ( -1.000000000000000000, 0.000000000000000000, 0.000000000000000000 ) ) ;
#2183 = DIRECTION ( 'NONE',  ( 1.000000000000000000, 0.000000000000000000, 0.000000000000000000 ) ) ;
#2184 = CYLINDRICAL_SURFACE ( 'NONE', #197, 3.500000000000003109 ) ;
#2185 = CARTESIAN_POINT ( 'NONE',  ( -66.23710117287026833, -21.48726533146869500, -4.960393152816891416 ) ) ;
#2186 = CARTESIAN_POINT ( 'NONE',  ( 86.79000000000000625, -8.572527594031484037E-16, -5.000000000000000000 ) ) ;
#2187 = ADVANCED_FACE ( 'NONE', ( #3620 ), #2661, .F. ) ;
#2188 = CARTESIAN_POINT ( 'NONE',  ( -75.51094466378638970, -20.53215436471002420, -2.999999999999999112 ) ) ;
#2189 = ORIENTED_EDGE ( 'NONE', *, *, #1422, .F. ) ;
#2190 = AXIS2_PLACEMENT_3D ( 'NONE', #1759, #2665, #3854 ) ;
#2191 = DIRECTION ( 'NONE',  ( -0.000000000000000000, -0.000000000000000000, -1.000000000000000000 ) ) ;
#2192 = CARTESIAN_POINT ( 'NONE',  ( -77.19179815089960073, -21.31509517400628795, 4.921464346944909529 ) ) ;
#2193 = ORIENTED_EDGE ( 'NONE', *, *, #1884, .T. ) ;
#2194 = ORIENTED_EDGE ( 'NONE', *, *, #1548, .T. ) ;
#2195 = CC_DESIGN_PERSON_AND_ORGANIZATION_ASSIGNMENT ( #3476, #3216, ( #3586 ) ) ;
#2196 = EDGE_CURVE ( 'NONE', #2205, #2846, #1451, .T. ) ;
#2197 =( NAMED_UNIT ( * ) PLANE_ANGLE_UNIT ( ) SI_UNIT ( $, .RADIAN. ) );
#2198 = ORIENTED_EDGE ( 'NONE', *, *, #2399, .F. ) ;
#2199 = DIRECTION ( 'NONE',  ( -0.000000000000000000, -0.000000000000000000, -1.000000000000000000 ) ) ;
#2200 = CARTESIAN_POINT ( 'NONE',  ( -68.10756942442564821, -20.43358062994687785, -3.204679171014704675 ) ) ;
#2201 = CARTESIAN_POINT ( 'NONE',  ( -65.87785208136273241, -20.97701075853508002, -4.999999999999999112 ) ) ;
#2202 = DIRECTION ( 'NONE',  ( 0.000000000000000000, 0.000000000000000000, -1.000000000000000000 ) ) ;
#2203 = CC_DESIGN_APPROVAL ( #2678, ( #2642 ) ) ;
#2204 = DIRECTION ( 'NONE',  ( 1.000000000000000000, 0.000000000000000000, 0.000000000000000000 ) ) ;
#2205 = VERTEX_POINT ( 'NONE', #841 ) ;
#2206 = CIRCLE ( 'NONE', #2716, 11.49999999999999645 ) ;
#2207 = ADVANCED_FACE ( 'NONE', ( #2093 ), #2094, .T. ) ;
#2208 = AXIS2_PLACEMENT_3D ( 'NONE', #3190, #2041, #1397 ) ;
#2209 = DIRECTION ( 'NONE',  ( -1.000000000000000000, 0.000000000000000000, 0.000000000000000000 ) ) ;
#2210 = CARTESIAN_POINT ( 'NONE',  ( 104.2900000000000205, 4.286263797015748921E-16, -4.500000000000000888 ) ) ;
#2211 = ORIENTED_EDGE ( 'NONE', *, *, #3482, .T. ) ;
#2212 = ORIENTED_EDGE ( 'NONE', *, *, #350, .F. ) ;
#2213 = AXIS2_PLACEMENT_3D ( 'NONE', #3384, #2477, #2770 ) ;
#2214 = EDGE_LOOP ( 'NONE', ( #3809, #1825, #2607, #3344 ) ) ;
#2215 = CIRCLE ( 'NONE', #2032, 3.750000000000003553 ) ;
#2216 = CARTESIAN_POINT ( 'NONE',  ( -66.53136168999317590, -21.49550433958466655, 4.388248118053502900 ) ) ;
#2217 = MANIFOLD_SOLID_BREP ( 'Fillet2', #2979 ) ;
#2218 = CARTESIAN_POINT ( 'NONE',  ( -78.20154273188011018, 8.999999999999980460, -2.000000000000000444 ) ) ;
#2219 = ADVANCED_FACE ( 'NONE', ( #2680 ), #2971, .F. ) ;
#2220 = ORIENTED_EDGE ( 'NONE', *, *, #3158, .F. ) ;
#2221 = AXIS2_PLACEMENT_3D ( 'NONE', #1169, #1541, #1206 ) ;
#2222 = DIRECTION ( 'NONE',  ( 0.000000000000000000, 0.000000000000000000, 1.000000000000000000 ) ) ;
#2223 = VECTOR ( 'NONE', #1969, 1000.000000000000000 ) ;
#2224 = DIRECTION ( 'NONE',  ( 0.000000000000000000, 0.000000000000000000, 1.000000000000000000 ) ) ;
#2225 = DIRECTION ( 'NONE',  ( 0.000000000000000000, 0.000000000000000000, 1.000000000000000000 ) ) ;
#2226 = DIRECTION ( 'NONE',  ( -0.000000000000000000, -0.000000000000000000, -1.000000000000000000 ) ) ;
#2227 = DIRECTION ( 'NONE',  ( 1.000000000000000000, 0.000000000000000000, 0.000000000000000000 ) ) ;
#2228 = EDGE_LOOP ( 'NONE', ( #928, #1855, #2714, #2490, #331, #3883, #211, #3463, #167, #699, #1741, #3545, #2999, #929, #3017, #3376 ) ) ;
#2229 = CARTESIAN_POINT ( 'NONE',  ( -77.59263535396777911, -21.80520923773652697, -4.499999989285090152 ) ) ;
#2230 = DIRECTION ( 'NONE',  ( -0.000000000000000000, -0.000000000000000000, -1.000000000000000000 ) ) ;
#2231 = DIRECTION ( 'NONE',  ( -1.000000000000000000, 1.224646799147352468E-16, 0.000000000000000000 ) ) ;
#2232 = VERTEX_POINT ( 'NONE', #1221 ) ;
#2233 = ORIENTED_EDGE ( 'NONE', *, *, #3358, .F. ) ;
#2234 = DIRECTION ( 'NONE',  ( -0.000000000000000000, -0.000000000000000000, -1.000000000000000000 ) ) ;
#2235 = FACE_OUTER_BOUND ( 'NONE', #2228, .T. ) ;
#2236 = DATE_TIME_ROLE ( 'classification_date' ) ;
#2237 = EDGE_LOOP ( 'NONE', ( #769, #1719 ) ) ;
#2238 = DIRECTION ( 'NONE',  ( 1.000000000000000000, 0.000000000000000000, 0.000000000000000000 ) ) ;
#2239 = CARTESIAN_POINT ( 'NONE',  ( -76.83968272288304036, -21.73818294015032393, 4.302210355582076318 ) ) ;
#2240 = ORIENTED_EDGE ( 'NONE', *, *, #491, .T. ) ;
#2241 = LINE ( 'NONE', #3747, #2223 ) ;
#2242 = EDGE_CURVE ( 'NONE', #3197, #1214, #1776, .T. ) ;
#2243 = DIRECTION ( 'NONE',  ( -0.02798805842840749666, 0.9996082575616350718, 0.000000000000000000 ) ) ;
#2244 = CC_DESIGN_PERSON_AND_ORGANIZATION_ASSIGNMENT ( #2821, #124, ( #3098 ) ) ;
#2245 = ADVANCED_FACE ( 'NONE', ( #903 ), #3013, .T. ) ;
#2246 = CARTESIAN_POINT ( 'NONE',  ( -75.85548587675130250, -21.11401837930025849, -3.572929377272656470 ) ) ;
#2247 = ORIENTED_EDGE ( 'NONE', *, *, #1549, .T. ) ;
#2248 = CARTESIAN_POINT ( 'NONE',  ( -77.45228997009741079, -21.80127970356731026, -4.480169700607324224 ) ) ;
#2249 = DIRECTION ( 'NONE',  ( -0.000000000000000000, -0.000000000000000000, -1.000000000000000000 ) ) ;
#2250 = CIRCLE ( 'NONE', #3632, 16.02499999999999858 ) ;
#2251 = CARTESIAN_POINT ( 'NONE',  ( 92.19000000000002615, 7.000000000000000000, -5.000000000000000888 ) ) ;
#2252 = ORIENTED_EDGE ( 'NONE', *, *, #2035, .T. ) ;
#2253 = ORIENTED_EDGE ( 'NONE', *, *, #2196, .F. ) ;
#2254 = DIRECTION ( 'NONE',  ( -1.000000000000000000, 0.000000000000000000, 0.000000000000000000 ) ) ;
#2255 = CARTESIAN_POINT ( 'NONE',  ( -67.65316903724956887, -21.00999870734091957, 3.709841441098259640 ) ) ;
#2256 = PERSON ( 'UNSPECIFIED', 'UNSPECIFIED', 'UNSPECIFIED', ('UNSPECIFIED'), ('UNSPECIFIED'), ('UNSPECIFIED') ) ;
#2257 = DIRECTION ( 'NONE',  ( -0.9996082575616351829, -0.02798805842840386068, 0.000000000000000000 ) ) ;
#2258 = CALENDAR_DATE ( 2026, 3, 10 ) ;
#2259 = VERTEX_POINT ( 'NONE', #1588 ) ;
#2260 = DIRECTION ( 'NONE',  ( -1.000000000000000000, 0.000000000000000000, 0.000000000000000000 ) ) ;
#2261 = CARTESIAN_POINT ( 'NONE',  ( -76.12360806850730910, -21.38087118860765301, 4.184743774381545656 ) ) ;
#2262 = ORIENTED_EDGE ( 'NONE', *, *, #2706, .T. ) ;
#2263 = DIRECTION ( 'NONE',  ( -0.000000000000000000, -0.000000000000000000, -1.000000000000000000 ) ) ;
#2264 = DIRECTION ( 'NONE',  ( 0.000000000000000000, 0.000000000000000000, 1.000000000000000000 ) ) ;
#2265 = DIRECTION ( 'NONE',  ( -0.2745373243504815042, 0.000000000000000000, -0.9615764439390550589 ) ) ;
#2266 = EDGE_LOOP ( 'NONE', ( #2070, #2919, #2987, #962 ) ) ;
#2267 = EDGE_CURVE ( 'NONE', #2357, #1207, #2154, .T. ) ;
#2268 = CARTESIAN_POINT ( 'NONE',  ( 93.79000000000000625, 0.000000000000000000, 30.50000000000000000 ) ) ;
#2269 = DIRECTION ( 'NONE',  ( -1.000000000000000000, 0.000000000000000000, 0.000000000000000000 ) ) ;
#2270 = AXIS2_PLACEMENT_3D ( 'NONE', #2788, #1868, #3379 ) ;
#2271 = CARTESIAN_POINT ( 'NONE',  ( -68.15701691347383928, -20.32625154428307113, -2.999999999999999112 ) ) ;
#2272 = VERTEX_POINT ( 'NONE', #3048 ) ;
#2273 = ORIENTED_EDGE ( 'NONE', *, *, #1299, .F. ) ;
#2274 = ADVANCED_FACE ( 'NONE', ( #2510 ), #263, .T. ) ;
#2275 = VECTOR ( 'NONE', #138, 1000.000000000000000 ) ;
#2276 = CARTESIAN_POINT ( 'NONE',  ( 100.7900000000000205, 0.000000000000000000, 30.50000000000000000 ) ) ;
#2277 = ORIENTED_EDGE ( 'NONE', *, *, #918, .T. ) ;
#2278 = AXIS2_PLACEMENT_3D ( 'NONE', #1636, #2451, #3322 ) ;
#2279 = DIRECTION ( 'NONE',  ( -0.000000000000000000, -0.000000000000000000, -1.000000000000000000 ) ) ;
#2280 = VERTEX_POINT ( 'NONE', #1926 ) ;
#2281 = CIRCLE ( 'NONE', #2784, 0.5000000000000014433 ) ;
#2282 = CARTESIAN_POINT ( 'NONE',  ( -76.96318781069682302, -21.31806545713569889, 4.855853926331620940 ) ) ;
#2283 = AXIS2_PLACEMENT_3D ( 'NONE', #3693, #665, #3674 ) ;
#2284 = LINE ( 'NONE', #3184, #1389 ) ;
#2285 = CARTESIAN_POINT ( 'NONE',  ( -75.62231288562686871, -20.74253317134608565, -3.409565585630456308 ) ) ;
#2286 = VERTEX_POINT ( 'NONE', #3421 ) ;
#2287 = DIRECTION ( 'NONE',  ( -1.000000000000000000, 0.000000000000000000, 0.000000000000000000 ) ) ;
#2288 = AXIS2_PLACEMENT_3D ( 'NONE', #41, #359, #79 ) ;
#2289 = DIRECTION ( 'NONE',  ( -0.000000000000000000, -0.000000000000000000, -1.000000000000000000 ) ) ;
#2290 = EDGE_CURVE ( 'NONE', #996, #3315, #357, .T. ) ;
#2291 = DIRECTION ( 'NONE',  ( 0.000000000000000000, 0.000000000000000000, 1.000000000000000000 ) ) ;
#2292 = CARTESIAN_POINT ( 'NONE',  ( -90.79546953438796209, 15.74272569444443803, -5.000000000000000000 ) ) ;
#2293 = EDGE_LOOP ( 'NONE', ( #2624, #487, #3845, #506 ) ) ;
#2294 = ORIENTED_EDGE ( 'NONE', *, *, #1191, .T. ) ;
#2295 = CIRCLE ( 'NONE', #1160, 3.500000000000003109 ) ;
#2296 = CYLINDRICAL_SURFACE ( 'NONE', #1092, 16.02499999999999858 ) ;
#2297 = EDGE_CURVE ( 'NONE', #2286, #3222, #1466, .T. ) ;
#2298 = ADVANCED_FACE ( 'NONE', ( #2147 ), #1537, .F. ) ;
#2299 = ORIENTED_EDGE ( 'NONE', *, *, #985, .T. ) ;
#2300 = DATE_AND_TIME ( #2258, #1889 ) ;
#2301 = ORIENTED_EDGE ( 'NONE', *, *, #3287, .F. ) ;
#2302 = DIRECTION ( 'NONE',  ( 0.9996082575616350718, 0.02798805842840730584, -0.000000000000000000 ) ) ;
#2303 = EDGE_LOOP ( 'NONE', ( #2253, #1149, #849, #856 ) ) ;
#2304 = DIRECTION ( 'NONE',  ( -0.000000000000000000, -0.000000000000000000, -1.000000000000000000 ) ) ;
#2305 = DIRECTION ( 'NONE',  ( 1.000000000000000000, 0.000000000000000000, 0.000000000000000000 ) ) ;
#2306 = CARTESIAN_POINT ( 'NONE',  ( -77.73613208002826980, -21.80922700642029355, -4.500000000000000888 ) ) ;
#2307 = ORIENTED_EDGE ( 'NONE', *, *, #2655, .T. ) ;
#2308 = EDGE_CURVE ( 'NONE', #307, #1035, #3348, .T. ) ;
#2309 = LINE ( 'NONE', #2329, #1940 ) ;
#2310 = CARTESIAN_POINT ( 'NONE',  ( -66.43498793930578472, -21.01391495622804939, -4.921464346944891766 ) ) ;
#2311 = DIRECTION ( 'NONE',  ( 1.000000000000000000, 0.000000000000000000, 0.000000000000000000 ) ) ;
#2312 = ORIENTED_EDGE ( 'NONE', *, *, #3542, .F. ) ;
#2313 = VERTEX_POINT ( 'NONE', #1286 ) ;
#2314 = DIRECTION ( 'NONE',  ( -1.000000000000000000, 0.000000000000000000, 0.000000000000000000 ) ) ;
#2315 = CARTESIAN_POINT ( 'NONE',  ( -78.65913439099509219, -5.278023391595753289, -5.000000000000000000 ) ) ;
#2316 = CIRCLE ( 'NONE', #2559, 4.000000000000003553 ) ;
#2317 = APPROVAL_DATE_TIME ( #1108, #563 ) ;
#2318 = EDGE_LOOP ( 'NONE', ( #1694, #680, #2760, #1505 ) ) ;
#2319 = AXIS2_PLACEMENT_3D ( 'NONE', #3789, #2015, #1721 ) ;
#2320 = CIRCLE ( 'NONE', #2811, 16.02499999999999858 ) ;
#2321 = ADVANCED_FACE ( 'NONE', ( #3707 ), #2184, .F. ) ;
#2322 = CARTESIAN_POINT ( 'NONE',  ( -75.62782782891032696, -20.78950519771261085, 3.342213555720806362 ) ) ;
#2323 = ORIENTED_EDGE ( 'NONE', *, *, #1635, .T. ) ;
#2324 = DIRECTION ( 'NONE',  ( -1.000000000000000000, 1.224646799147353454E-16, 0.000000000000000000 ) ) ;
#2325 = CYLINDRICAL_SURFACE ( 'NONE', #3149, 1.600000000000004086 ) ;
#2326 = CARTESIAN_POINT ( 'NONE',  ( -66.43498793930578472, -21.01391495622804939, -4.921464346944891766 ) ) ;
#2327 = ORIENTED_EDGE ( 'NONE', *, *, #373, .T. ) ;
#2328 = DIRECTION ( 'NONE',  ( -0.000000000000000000, -0.000000000000000000, -1.000000000000000000 ) ) ;
#2329 = CARTESIAN_POINT ( 'NONE',  ( -113.1284572681198881, 9.000000000000007105, -5.000000000000000000 ) ) ;
#2330 = DIRECTION ( 'NONE',  ( 0.000000000000000000, 0.000000000000000000, 1.000000000000000000 ) ) ;
#2331 = CARTESIAN_POINT ( 'NONE',  ( -67.17092603949819818, -21.32147651484353901, -4.092909103561147788 ) ) ;
#2332 = ORIENTED_EDGE ( 'NONE', *, *, #2196, .T. ) ;
#2333 = EDGE_LOOP ( 'NONE', ( #29, #1004 ) ) ;
#2334 = ADVANCED_FACE ( 'NONE', ( #2455 ), #693, .F. ) ;
#2335 = CARTESIAN_POINT ( 'NONE',  ( -95.19000000000001194, 18.00000000000000000, 30.99999999999999645 ) ) ;
#2336 = DIRECTION ( 'NONE',  ( -1.000000000000000000, 0.000000000000000000, 0.000000000000000000 ) ) ;
#2337 = AXIS2_PLACEMENT_3D ( 'NONE', #3588, #1805, #869 ) ;
#2338 = ORIENTED_EDGE ( 'NONE', *, *, #761, .F. ) ;
#2339 = VECTOR ( 'NONE', #1204, 1000.000000000000000 ) ;
#2340 = CARTESIAN_POINT ( 'NONE',  ( -93.79000000000000625, 0.000000000000000000, -5.000000000000000000 ) ) ;
#2341 = ADVANCED_FACE ( 'NONE', ( #664 ), #3067, .F. ) ;
#2342 = ORIENTED_EDGE ( 'NONE', *, *, #1972, .F. ) ;
#2343 = CARTESIAN_POINT ( 'NONE',  ( -78.20154273188011018, 8.999999999999980460, 5.000000000000000888 ) ) ;
#2344 = CIRCLE ( 'NONE', #3598, 1.399999999999998579 ) ;
#2345 = CIRCLE ( 'NONE', #76, 0.5000000000000004441 ) ;
#2346 = CYLINDRICAL_SURFACE ( 'NONE', #3466, 0.5000000000000013323 ) ;
#2347 = AXIS2_PLACEMENT_3D ( 'NONE', #1356, #2563, #3524 ) ;
#2348 = DIRECTION ( 'NONE',  ( -1.000000000000000000, 0.000000000000000000, 0.000000000000000000 ) ) ;
#2349 = ADVANCED_FACE ( 'NONE', ( #2492 ), #2899, .T. ) ;
#2350 = CARTESIAN_POINT ( 'NONE',  ( -77.76500000000001478, 1.962496495633632485E-15, 3.999999999999999112 ) ) ;
#2351 = ORIENTED_EDGE ( 'NONE', *, *, #3542, .T. ) ;
#2352 = CIRCLE ( 'NONE', #3357, 1.400000000000012346 ) ;
#2353 = CARTESIAN_POINT ( 'NONE',  ( -93.79000000000000625, 0.000000000000000000, -2.000000000000000888 ) ) ;
#2354 = DIRECTION ( 'NONE',  ( 0.000000000000000000, 0.000000000000000000, 1.000000000000000000 ) ) ;
#2355 = CIRCLE ( 'NONE', #3041, 1.899999999999999023 ) ;
#2356 = CARTESIAN_POINT ( 'NONE',  ( -67.99730668501963748, -20.62269890367124248, -3.291032115896153076 ) ) ;
#2357 = VERTEX_POINT ( 'NONE', #2804 ) ;
#2358 = ORIENTED_EDGE ( 'NONE', *, *, #3844, .F. ) ;
#2359 = PLANE ( 'NONE',  #1716 ) ;
#2360 = VECTOR ( 'NONE', #1173, 1000.000000000000000 ) ;
#2361 = B_SPLINE_CURVE_WITH_KNOTS ( 'NONE', 3,
 ( #1478, #3032, #623, #1830 ),
 .UNSPECIFIED., .F., .F.,
 ( 4, 4 ),
 ( 0.000000000000000000, 0.0005638529354486531038 ),
 .UNSPECIFIED. ) ;
#2362 = ORIENTED_EDGE ( 'NONE', *, *, #369, .F. ) ;
#2363 = ORIENTED_EDGE ( 'NONE', *, *, #3254, .F. ) ;
#2364 = DIRECTION ( 'NONE',  ( -0.000000000000000000, -0.000000000000000000, -1.000000000000000000 ) ) ;
#2365 = VERTEX_POINT ( 'NONE', #1571 ) ;
#2366 = CARTESIAN_POINT ( 'NONE',  ( 93.29000000000000625, 6.123233995736753710E-17, -5.000000000000000000 ) ) ;
#2367 = CARTESIAN_POINT ( 'NONE',  ( -92.39000000000001478, 18.00000000000000000, -2.000000000000000444 ) ) ;
#2368 = CARTESIAN_POINT ( 'NONE',  ( -93.79000000000000625, -18.00000000000000000, -2.000000000000000444 ) ) ;
#2369 = CARTESIAN_POINT ( 'NONE',  ( -96.78453046561205042, 15.74272569444443093, -2.000000000000000444 ) ) ;
#2370 = EDGE_LOOP ( 'NONE', ( #417, #3007, #1582 ) ) ;
#2371 = EDGE_CURVE ( 'NONE', #3380, #2473, #3710, .T. ) ;
#2372 = EDGE_CURVE ( 'NONE', #997, #2635, #2722, .T. ) ;
#2373 = CARTESIAN_POINT ( 'NONE',  ( 104.7900000000000205, 0.000000000000000000, -5.000000000000000888 ) ) ;
#2374 = LINE ( 'NONE', #1120, #1709 ) ;
#2375 = CARTESIAN_POINT ( 'NONE',  ( -68.08411525084873972, -20.48448948403564884, 3.150882016433648847 ) ) ;
#2376 = ORIENTED_EDGE ( 'NONE', *, *, #1549, .F. ) ;
#2377 = ORIENTED_EDGE ( 'NONE', *, *, #1586, .F. ) ;
#2378 = CARTESIAN_POINT ( 'NONE',  ( 93.79000000000000625, 0.000000000000000000, 4.500000000000001776 ) ) ;
#2379 = CARTESIAN_POINT ( 'NONE',  ( 93.79000000000002046, -7.000000000000000000, 30.50000000000000355 ) ) ;
#2380 = ORIENTED_EDGE ( 'NONE', *, *, #2085, .F. ) ;
#2381 = ORIENTED_EDGE ( 'NONE', *, *, #871, .F. ) ;
#2382 = DIRECTION ( 'NONE',  ( 1.000000000000000000, 0.000000000000000000, 0.000000000000000000 ) ) ;
#2383 = EDGE_LOOP ( 'NONE', ( #3145, #104, #3642, #1244 ) ) ;
#2384 = CIRCLE ( 'NONE', #1114, 0.5000000000000004441 ) ;
#2385 = DIRECTION ( 'NONE',  ( -1.000000000000000000, 0.000000000000000000, 0.000000000000000000 ) ) ;
#2386 = CARTESIAN_POINT ( 'NONE',  ( -66.43498793930578472, -21.01391495622804939, 4.921464346944891766 ) ) ;
#2387 = DIRECTION ( 'NONE',  ( -0.000000000000000000, -0.000000000000000000, -1.000000000000000000 ) ) ;
#2388 = DIRECTION ( 'NONE',  ( -0.000000000000000000, -0.000000000000000000, -1.000000000000000000 ) ) ;
#2389 = CARTESIAN_POINT ( 'NONE',  ( 97.29000000000002046, 0.000000000000000000, -2.000000000000001776 ) ) ;
#2390 = DIRECTION ( 'NONE',  ( -1.000000000000000000, 0.000000000000000000, 0.000000000000000000 ) ) ;
#2391 = CARTESIAN_POINT ( 'NONE',  ( 95.39000000000002899, -7.000000000000000000, -2.000000000000000888 ) ) ;
#2392 = ORIENTED_EDGE ( 'NONE', *, *, #653, .T. ) ;
#2393 = ADVANCED_FACE ( 'NONE', ( #1886 ), #820, .T. ) ;
#2394 = CARTESIAN_POINT ( 'NONE',  ( 100.7900000000000205, 0.000000000000000000, -4.500000000000000888 ) ) ;
#2395 = CARTESIAN_POINT ( 'NONE',  ( 93.79000000000000625, 7.000000000000000000, -2.000000000000001332 ) ) ;
#2396 = EDGE_LOOP ( 'NONE', ( #2618, #1058, #586, #1657 ) ) ;
#2397 = ORIENTED_EDGE ( 'NONE', *, *, #3130, .T. ) ;
#2398 = DIRECTION ( 'NONE',  ( -1.000000000000000000, 0.000000000000000000, 0.000000000000000000 ) ) ;
#2399 = EDGE_CURVE ( 'NONE', #3094, #2546, #2027, .T. ) ;
#2400 = ORIENTED_EDGE ( 'NONE', *, *, #1667, .T. ) ;
#2401 = CARTESIAN_POINT ( 'NONE',  ( 86.79000000000000625, -8.572527594031484037E-16, 31.00000000000000000 ) ) ;
#2402 = CIRCLE ( 'NONE', #3275, 16.50000000000000000 ) ;
#2403 = CIRCLE ( 'NONE', #2458, 13.70710678118652837 ) ;
#2404 = DIRECTION ( 'NONE',  ( 0.000000000000000000, 0.000000000000000000, 1.000000000000000000 ) ) ;
#2405 = CARTESIAN_POINT ( 'NONE',  ( -92.39000000000001478, -18.00000000000000000, -2.000000000000000444 ) ) ;
#2406 = CIRCLE ( 'NONE', #2840, 0.5000000000000004441 ) ;
#2407 = CIRCLE ( 'NONE', #694, 3.750000000000003553 ) ;
#2408 = DIRECTION ( 'NONE',  ( 0.000000000000000000, 0.000000000000000000, 1.000000000000000000 ) ) ;
#2409 = DIRECTION ( 'NONE',  ( -1.000000000000000000, 0.000000000000000000, 0.000000000000000000 ) ) ;
#2410 = CYLINDRICAL_SURFACE ( 'NONE', #3289, 1.399999999999998579 ) ;
#2411 = ORIENTED_EDGE ( 'NONE', *, *, #2460, .F. ) ;
#2412 = AXIS2_PLACEMENT_3D ( 'NONE', #923, #1034, #431 ) ;
#2413 = CARTESIAN_POINT ( 'NONE',  ( -93.79000000000000625, -18.00000000000000000, 5.000000000000000888 ) ) ;
#2414 = CARTESIAN_POINT ( 'NONE',  ( -93.79000000000000625, 0.000000000000000000, -5.000000000000000000 ) ) ;
#2415 = VECTOR ( 'NONE', #3656, 1000.000000000000000 ) ;
#2416 = EDGE_LOOP ( 'NONE', ( #1939, #3270 ) ) ;
#2417 = ORIENTED_EDGE ( 'NONE', *, *, #537, .F. ) ;
#2418 = ADVANCED_FACE ( 'NONE', ( #1650, #154 ), #1066, .F. ) ;
#2419 = EDGE_CURVE ( 'NONE', #3253, #170, #1583, .T. ) ;
#2420 = EDGE_CURVE ( 'NONE', #1155, #2057, #508, .T. ) ;
#2421 = CONICAL_SURFACE ( 'NONE', #2670, 11.49999999999999645, 0.7853981633974452814 ) ;
#2422 = CARTESIAN_POINT ( 'NONE',  ( 100.7900000000000205, 0.000000000000000000, -5.000000000000000000 ) ) ;
#2423 = EDGE_LOOP ( 'NONE', ( #1663, #3593, #3093, #2449 ) ) ;
#2424 = CARTESIAN_POINT ( 'NONE',  ( -77.56032975107750360, -21.31085047986988101, -4.999999999999997335 ) ) ;
#2425 = FACE_OUTER_BOUND ( 'NONE', #3764, .T. ) ;
#2426 = CARTESIAN_POINT ( 'NONE',  ( -90.79546953438796209, 15.74272569444443093, -3.500000000000000444 ) ) ;
#2427 = DIRECTION ( 'NONE',  ( 1.000000000000000000, 0.000000000000000000, 0.000000000000000000 ) ) ;
#2428 = DIRECTION ( 'NONE',  ( 0.000000000000000000, 0.000000000000000000, 1.000000000000000000 ) ) ;
#2429 = DIRECTION ( 'NONE',  ( -0.9996082575616351829, 0.02798805842840386415, 0.000000000000000000 ) ) ;
#2430 = ADVANCED_FACE ( 'NONE', ( #1710 ), #2823, .F. ) ;
#2431 = ORIENTED_EDGE ( 'NONE', *, *, #2058, .T. ) ;
#2432 = CARTESIAN_POINT ( 'NONE',  ( -93.79000000000000625, 0.000000000000000000, -5.000000000000000000 ) ) ;
#2433 = CARTESIAN_POINT ( 'NONE',  ( -78.20154273188012439, -9.000000000000007105, -5.000000000000000000 ) ) ;
#2434 = ORIENTED_EDGE ( 'NONE', *, *, #2008, .T. ) ;
#2435 = LINE ( 'NONE', #2142, #214 ) ;
#2436 = CARTESIAN_POINT ( 'NONE',  ( -97.54000000000002046, 18.00000000000000000, -5.000000000000000000 ) ) ;
#2437 = ORIENTED_EDGE ( 'NONE', *, *, #897, .T. ) ;
#2438 = ADVANCED_FACE ( 'NONE', ( #168 ), #3804, .F. ) ;
#2439 = FACE_BOUND ( 'NONE', #1313, .T. ) ;
#2440 = CIRCLE ( 'NONE', #3567, 1.399999999999998579 ) ;
#2441 = CARTESIAN_POINT ( 'NONE',  ( -68.03405159265525981, -20.53006923976979436, -3.409565585630448314 ) ) ;
#2442 = DIRECTION ( 'NONE',  ( 1.000000000000000000, 0.000000000000000000, 0.000000000000000000 ) ) ;
#2443 = CIRCLE ( 'NONE', #862, 16.02499999999999858 ) ;
#2444 = DIRECTION ( 'NONE',  ( 0.000000000000000000, 0.000000000000000000, 1.000000000000000000 ) ) ;
#2445 = CARTESIAN_POINT ( 'NONE',  ( 93.79000000000002046, -7.000000000000000000, -2.000000000000000888 ) ) ;
#2446 = VERTEX_POINT ( 'NONE', #1674 ) ;
#2447 = DIRECTION ( 'NONE',  ( 1.000000000000000000, 0.000000000000000000, 0.000000000000000000 ) ) ;
#2448 = CARTESIAN_POINT ( 'NONE',  ( 90.79000000000000625, -8.572527594031484037E-16, -5.000000000000000888 ) ) ;
#2449 = ORIENTED_EDGE ( 'NONE', *, *, #583, .F. ) ;
#2450 = VERTEX_POINT ( 'NONE', #1366 ) ;
#2451 = DIRECTION ( 'NONE',  ( 0.000000000000000000, 0.000000000000000000, 1.000000000000000000 ) ) ;
#2452 = CYLINDRICAL_SURFACE ( 'NONE', #2514, 3.750000000000003553 ) ;
#2453 = CARTESIAN_POINT ( 'NONE',  ( 110.2900000000000063, 0.000000000000000000, 4.500000000000001776 ) ) ;
#2454 = ADVANCED_FACE ( 'NONE', ( #3763 ), #2031, .T. ) ;
#2455 = FACE_OUTER_BOUND ( 'NONE', #2507, .T. ) ;
#2456 = AXIS2_PLACEMENT_3D ( 'NONE', #114, #1289, #1033 ) ;
#2457 = PLANE ( 'NONE',  #3662 ) ;
#2458 = AXIS2_PLACEMENT_3D ( 'NONE', #3523, #3268, #1702 ) ;
#2459 = CARTESIAN_POINT ( 'NONE',  ( 93.79000000000000625, 7.000000000000000000, 30.50000000000000355 ) ) ;
#2460 = EDGE_CURVE ( 'NONE', #1705, #2089, #3349, .T. ) ;
#2461 = AXIS2_PLACEMENT_3D ( 'NONE', #3635, #1852, #3368 ) ;
#2462 = CARTESIAN_POINT ( 'NONE',  ( -76.94630446255605705, -21.31828477310210701, -4.851008462241458652 ) ) ;
#2463 = VERTEX_POINT ( 'NONE', #837 ) ;
#2464 = FACE_OUTER_BOUND ( 'NONE', #866, .T. ) ;
#2465 = AXIS2_PLACEMENT_3D ( 'NONE', #81, #679, #3125 ) ;
#2466 = CIRCLE ( 'NONE', #758, 16.02499999999999858 ) ;
#2467 = VERTEX_POINT ( 'NONE', #2965 ) ;
#2468 = PLANE ( 'NONE',  #152 ) ;
#2469 = AXIS2_PLACEMENT_3D ( 'NONE', #1798, #609, #341 ) ;
#2470 = FACE_OUTER_BOUND ( 'NONE', #2619, .T. ) ;
#2471 = CIRCLE ( 'NONE', #766, 6.000000000000005329 ) ;
#2472 = DIRECTION ( 'NONE',  ( 0.000000000000000000, 0.000000000000000000, 1.000000000000000000 ) ) ;
#2473 = VERTEX_POINT ( 'NONE', #2088 ) ;
#2474 = EDGE_CURVE ( 'NONE', #366, #1030, #454, .T. ) ;
#2475 = VECTOR ( 'NONE', #2257, 1000.000000000000000 ) ;
#2476 = FACE_OUTER_BOUND ( 'NONE', #735, .T. ) ;
#2477 = DIRECTION ( 'NONE',  ( 0.000000000000000000, -1.000000000000000000, 0.000000000000000000 ) ) ;
#2478 = FACE_BOUND ( 'NONE', #1553, .T. ) ;
#2479 = EDGE_CURVE ( 'NONE', #223, #3168, #2158, .T. ) ;
#2480 = CARTESIAN_POINT ( 'NONE',  ( 94.79000000000000625, 0.000000000000000000, -5.000000000000000888 ) ) ;
#2481 = CARTESIAN_POINT ( 'NONE',  ( -93.79000000000000625, 0.000000000000000000, -4.500000000000000888 ) ) ;
#2482 = CARTESIAN_POINT ( 'NONE',  ( -76.33050820107590084, -21.19499271800636109, -4.457212122843702495 ) ) ;
#2483 = VERTEX_POINT ( 'NONE', #3843 ) ;
#2484 = CC_DESIGN_PERSON_AND_ORGANIZATION_ASSIGNMENT ( #727, #2531, ( #1255 ) ) ;
#2485 = EDGE_CURVE ( 'NONE', #2959, #2483, #3154, .T. ) ;
#2486 = LINE ( 'NONE', #1338, #2806 ) ;
#2487 = DIRECTION ( 'NONE',  ( 1.000000000000000000, 0.000000000000000000, 0.000000000000000000 ) ) ;
#2488 = ORIENTED_EDGE ( 'NONE', *, *, #573, .T. ) ;
#2489 = ORIENTED_EDGE ( 'NONE', *, *, #1383, .F. ) ;
#2490 = ORIENTED_EDGE ( 'NONE', *, *, #1670, .F. ) ;
#2491 = CARTESIAN_POINT ( 'NONE',  ( -108.9208656090049345, -5.278023391595740854, -5.000000000000000000 ) ) ;
#2492 = FACE_OUTER_BOUND ( 'NONE', #798, .T. ) ;
#2493 = DIRECTION ( 'NONE',  ( 1.000000000000000000, 0.000000000000000000, -0.000000000000000000 ) ) ;
#2494 = TOROIDAL_SURFACE ( 'NONE', #233, 10.99999999999999645, 0.5000000000000000000 ) ;
#2495 = AXIS2_PLACEMENT_3D ( 'NONE', #1503, #2729, #30 ) ;
#2496 = LINE ( 'NONE', #733, #1837 ) ;
#2497 = DIRECTION ( 'NONE',  ( 0.000000000000000000, 0.000000000000000000, 1.000000000000000000 ) ) ;
#2498 = ORIENTED_EDGE ( 'NONE', *, *, #2656, .T. ) ;
#2499 = AXIS2_PLACEMENT_3D ( 'NONE', #3370, #2408, #906 ) ;
#2500 = TOROIDAL_SURFACE ( 'NONE', #2627, 2.099999999999997424, 0.5000000000000000000 ) ;
#2501 = CARTESIAN_POINT ( 'NONE',  ( -65.86385805214861477, -21.47681488731589994, 4.999999999999992006 ) ) ;
#2502 = PRODUCT_DEFINITION_SHAPE ( 'NONE', 'NONE',  #1255 ) ;
#2503 = CARTESIAN_POINT ( 'NONE',  ( -78.20154273188012439, -9.000000000000007105, 5.000000000000000888 ) ) ;
#2504 = ADVANCED_FACE ( 'NONE', ( #1730 ), #3089, .T. ) ;
#2505 = ORIENTED_EDGE ( 'NONE', *, *, #3059, .T. ) ;
#2506 = ORIENTED_EDGE ( 'NONE', *, *, #3811, .T. ) ;
#2507 = EDGE_LOOP ( 'NONE', ( #274, #2437, #2262, #3444 ) ) ;
#2508 = CARTESIAN_POINT ( 'NONE',  ( -67.49782408446887416, -21.13935763136137425, 4.184743774381579406 ) ) ;
#2509 = CARTESIAN_POINT ( 'NONE',  ( 94.25180296406867342, -16.49353624976697930, 5.000000000000000000 ) ) ;
#2510 = FACE_OUTER_BOUND ( 'NONE', #2138, .T. ) ;
#2511 = FACE_OUTER_BOUND ( 'NONE', #1560, .T. ) ;
#2512 = ORIENTED_EDGE ( 'NONE', *, *, #1301, .T. ) ;
#2513 = EDGE_CURVE ( 'NONE', #3240, #2144, #2839, .T. ) ;
#2514 = AXIS2_PLACEMENT_3D ( 'NONE', #3688, #354, #2182 ) ;
#2515 = DIRECTION ( 'NONE',  ( 0.000000000000000000, 0.000000000000000000, 1.000000000000000000 ) ) ;
#2516 = CARTESIAN_POINT ( 'NONE',  ( 90.29000000000000625, 7.000000000000000000, -4.500000000000000888 ) ) ;
#2517 = CIRCLE ( 'NONE', #3592, 3.500000000000003109 ) ;
#2518 = CARTESIAN_POINT ( 'NONE',  ( -90.79546953438796209, -15.74272569444443448, -5.000000000000000000 ) ) ;
#2519 = VERTEX_POINT ( 'NONE', #3824 ) ;
#2520 = CIRCLE ( 'NONE', #1834, 21.74999999999999289 ) ;
#2521 = CARTESIAN_POINT ( 'NONE',  ( -75.51094466378638970, -20.53215436471002420, 30.99999999999999645 ) ) ;
#2522 = PLANE ( 'NONE',  #1892 ) ;
#2523 = ORIENTED_EDGE ( 'NONE', *, *, #2603, .T. ) ;
#2524 = ORIENTED_EDGE ( 'NONE', *, *, #3230, .F. ) ;
#2525 = CIRCLE ( 'NONE', #2096, 0.5000000000000004441 ) ;
#2526 = CARTESIAN_POINT ( 'NONE',  ( -109.8150000000000119, 0.000000000000000000, 3.999999999999999112 ) ) ;
#2527 = AXIS2_PLACEMENT_3D ( 'NONE', #3245, #551, #1161 ) ;
#2528 = CARTESIAN_POINT ( 'NONE',  ( 100.7900000000000205, 0.000000000000000000, -1.999999999999998224 ) ) ;
#2529 = CIRCLE ( 'NONE', #2347, 3.750000000000003553 ) ;
#2530 = EDGE_CURVE ( 'NONE', #719, #1996, #1391, .T. ) ;
#2531 = PERSON_AND_ORGANIZATION_ROLE ( 'creator' ) ;
#2532 = EDGE_LOOP ( 'NONE', ( #2901, #2615 ) ) ;
#2533 = AXIS2_PLACEMENT_3D ( 'NONE', #1010, #428, #958 ) ;
#2534 = EDGE_CURVE ( 'NONE', #1249, #777, #2781, .T. ) ;
#2535 = DIRECTION ( 'NONE',  ( 0.000000000000000000, 0.000000000000000000, 1.000000000000000000 ) ) ;
#2536 = VECTOR ( 'NONE', #2388, 1000.000000000000000 ) ;
#2537 = CARTESIAN_POINT ( 'NONE',  ( -76.94630446255605705, -21.31828477310210701, 4.851008462241458652 ) ) ;
#2538 = DIRECTION ( 'NONE',  ( -1.000000000000000000, 0.000000000000000000, 0.000000000000000000 ) ) ;
#2539 = CARTESIAN_POINT ( 'NONE',  ( 94.25180296406867342, -16.49353624976697930, -4.500000000000000888 ) ) ;
#2540 = AXIS2_PLACEMENT_3D ( 'NONE', #1023, #1059, #725 ) ;
#2541 = DIRECTION ( 'NONE',  ( -0.000000000000000000, -0.000000000000000000, -1.000000000000000000 ) ) ;
#2542 = ORIENTED_EDGE ( 'NONE', *, *, #844, .T. ) ;
#2543 = CARTESIAN_POINT ( 'NONE',  ( -93.79000000000000625, 18.00000000000000000, 5.000000000000000888 ) ) ;
#2544 = PLANE ( 'NONE',  #3833 ) ;
#2545 = CYLINDRICAL_SURFACE ( 'NONE', #3092, 3.500000000000003109 ) ;
#2546 = VERTEX_POINT ( 'NONE', #1750 ) ;
#2547 = EDGE_LOOP ( 'NONE', ( #2026, #3454, #931, #802 ) ) ;
#2548 = DIRECTION ( 'NONE',  ( -0.000000000000000000, -0.000000000000000000, -1.000000000000000000 ) ) ;
#2549 = CARTESIAN_POINT ( 'NONE',  ( -68.15701691347383928, -20.32625154428307113, 2.999999999999999112 ) ) ;
#2550 = CARTESIAN_POINT ( 'NONE',  ( -93.18125972918222999, -21.74147960196555829, -5.000000000000000000 ) ) ;
#2551 = EDGE_LOOP ( 'NONE', ( #814, #1637, #3152, #2878 ) ) ;
#2552 = LINE ( 'NONE', #1463, #714 ) ;
#2553 = CARTESIAN_POINT ( 'NONE',  ( 100.7900000000000205, 0.000000000000000000, 7.899494936611676899 ) ) ;
#2554 = EDGE_CURVE ( 'NONE', #2446, #2280, #3286, .T. ) ;
#2555 = DIRECTION ( 'NONE',  ( 0.000000000000000000, 0.000000000000000000, 1.000000000000000000 ) ) ;
#2556 = CARTESIAN_POINT ( 'NONE',  ( 93.79000000000000625, 0.000000000000000000, 7.000000000000000000 ) ) ;
#2557 = CARTESIAN_POINT ( 'NONE',  ( 89.79000000000000625, 7.000000000000000888, -4.500000000000000888 ) ) ;
#2558 = ORIENTED_EDGE ( 'NONE', *, *, #1743, .T. ) ;
#2559 = AXIS2_PLACEMENT_3D ( 'NONE', #3074, #2782, #3587 ) ;
#2560 = CARTESIAN_POINT ( 'NONE',  ( -77.37331583779504740, -21.31273675562082914, -4.973559329927719652 ) ) ;
#2561 = FACE_BOUND ( 'NONE', #489, .T. ) ;
#2562 = CIRCLE ( 'NONE', #3689, 1.399999999999998579 ) ;
#2563 = DIRECTION ( 'NONE',  ( -0.000000000000000000, -0.000000000000000000, -1.000000000000000000 ) ) ;
#2564 = ORIENTED_EDGE ( 'NONE', *, *, #2122, .T. ) ;
#2565 = ORIENTED_EDGE ( 'NONE', *, *, #2606, .F. ) ;
#2566 = DIRECTION ( 'NONE',  ( -0.000000000000000000, -0.000000000000000000, -1.000000000000000000 ) ) ;
#2567 = DIRECTION ( 'NONE',  ( -0.9996082575616351829, -0.02798805842840386068, -0.000000000000000000 ) ) ;
#2568 = DATE_AND_TIME ( #3453, #1130 ) ;
#2569 = ORIENTED_EDGE ( 'NONE', *, *, #3273, .T. ) ;
#2570 = ORIENTED_EDGE ( 'NONE', *, *, #3299, .T. ) ;
#2571 = CARTESIAN_POINT ( 'NONE',  ( -66.28454925335395842, -21.48859383154788461, -4.441098260208668158 ) ) ;
#2572 = EDGE_CURVE ( 'NONE', #791, #2817, #1778, .T. ) ;
#2573 = DIRECTION ( 'NONE',  ( 0.000000000000000000, 0.000000000000000000, 1.000000000000000000 ) ) ;
#2574 = CARTESIAN_POINT ( 'NONE',  ( -76.75139757082600056, -21.29307809749447955, -4.752812754923882110 ) ) ;
#2575 = ORIENTED_EDGE ( 'NONE', *, *, #1162, .F. ) ;
#2576 = EDGE_CURVE ( 'NONE', #2922, #3490, #2968, .T. ) ;
#2577 = EDGE_CURVE ( 'NONE', #170, #719, #2407, .T. ) ;
#2578 = DIRECTION ( 'NONE',  ( -0.7071067811865453523, 0.000000000000000000, -0.7071067811865496822 ) ) ;
#2579 = CARTESIAN_POINT ( 'NONE',  ( -66.28454925335395842, -21.48859383154788461, 4.441098260208668158 ) ) ;
#2580 = CARTESIAN_POINT ( 'NONE',  ( -109.3784572681199165, -8.999999999999994671, -2.000000000000000444 ) ) ;
#2581 = ORIENTED_EDGE ( 'NONE', *, *, #3059, .F. ) ;
#2582 = ORIENTED_EDGE ( 'NONE', *, *, #3106, .F. ) ;
#2583 = CARTESIAN_POINT ( 'NONE',  ( 93.79000000000000625, 0.000000000000000000, 7.000000000000000000 ) ) ;
#2584 = EDGE_CURVE ( 'NONE', #2689, #1155, #891, .T. ) ;
#2585 = CARTESIAN_POINT ( 'NONE',  ( -68.11021784461470929, -20.42783205660535373, 3.193716751378495200 ) ) ;
#2586 = AXIS2_PLACEMENT_3D ( 'NONE', #3559, #3264, #1181 ) ;
#2587 = VERTEX_POINT ( 'NONE', #2674 ) ;
#2588 = CIRCLE ( 'NONE', #1714, 1.000000000000000888 ) ;
#2589 = ORIENTED_EDGE ( 'NONE', *, *, #3199, .T. ) ;
#2590 = AXIS2_PLACEMENT_3D ( 'NONE', #1770, #2985, #3576 ) ;
#2591 = CARTESIAN_POINT ( 'NONE',  ( -77.31544087882276983, -21.79744806218830888, 4.441098260208674375 ) ) ;
#2592 = VERTEX_POINT ( 'NONE', #3882 ) ;
#2593 = DIRECTION ( 'NONE',  ( 1.000000000000000000, 0.000000000000000000, 0.000000000000000000 ) ) ;
#2594 = CIRCLE ( 'NONE', #1153, 0.5000000000000013323 ) ;
#2595 = CARTESIAN_POINT ( 'NONE',  ( -68.03407502940200402, -20.53004316671751184, 3.409508630502308790 ) ) ;
#2596 = EDGE_LOOP ( 'NONE', ( #827, #1142, #1979, #2710 ) ) ;
#2597 = CARTESIAN_POINT ( 'NONE',  ( -93.79000000000000625, -18.00000000000000000, 30.99999999999999645 ) ) ;
#2598 = CARTESIAN_POINT ( 'NONE',  ( 82.29000000000002046, 0.000000000000000000, 7.000000000000000000 ) ) ;
#2599 = VECTOR ( 'NONE', #2819, 1000.000000000000000 ) ;
#2600 = DIRECTION ( 'NONE',  ( -0.000000000000000000, -0.000000000000000000, -1.000000000000000000 ) ) ;
#2601 = ORIENTED_EDGE ( 'NONE', *, *, #1134, .T. ) ;
#2602 = EDGE_LOOP ( 'NONE', ( #1195, #2569, #3489, #704 ) ) ;
#2603 = EDGE_CURVE ( 'NONE', #3389, #1727, #2724, .T. ) ;
#2604 = DIRECTION ( 'NONE',  ( -0.000000000000000000, -0.000000000000000000, -1.000000000000000000 ) ) ;
#2605 = DIRECTION ( 'NONE',  ( 0.000000000000000000, 0.000000000000000000, 1.000000000000000000 ) ) ;
#2606 = EDGE_CURVE ( 'NONE', #3585, #2232, #3778, .T. ) ;
#2607 = ORIENTED_EDGE ( 'NONE', *, *, #350, .T. ) ;
#2608 = DIRECTION ( 'NONE',  ( -0.000000000000000000, -0.000000000000000000, -1.000000000000000000 ) ) ;
#2609 = EDGE_LOOP ( 'NONE', ( #834, #1704, #2086, #1896 ) ) ;
#2610 = DIRECTION ( 'NONE',  ( -0.000000000000000000, -0.000000000000000000, -1.000000000000000000 ) ) ;
#2611 = CARTESIAN_POINT ( 'NONE',  ( 93.79000000000000625, 7.000000000000000000, -4.500000000000000888 ) ) ;
#2612 = FACE_OUTER_BOUND ( 'NONE', #1158, .T. ) ;
#2613 = EDGE_CURVE ( 'NONE', #3585, #2799, #2108, .T. ) ;
#2614 = DIRECTION ( 'NONE',  ( -1.000000000000000000, 0.000000000000000000, 0.000000000000000000 ) ) ;
#2615 = ORIENTED_EDGE ( 'NONE', *, *, #2606, .T. ) ;
#2616 = LINE ( 'NONE', #3812, #3128 ) ;
#2617 = CARTESIAN_POINT ( 'NONE',  ( 104.7900000000000205, 0.000000000000000000, -4.500000000000000888 ) ) ;
#2618 = ORIENTED_EDGE ( 'NONE', *, *, #1883, .F. ) ;
#2619 = EDGE_LOOP ( 'NONE', ( #292, #899, #3794, #247 ) ) ;
#2620 = CARTESIAN_POINT ( 'NONE',  ( 88.18999999999999773, -6.858022075225181510E-16, 30.50000000000000000 ) ) ;
#2621 = EDGE_CURVE ( 'NONE', #1565, #1373, #1469, .T. ) ;
#2622 = DIRECTION ( 'NONE',  ( -1.000000000000000000, 1.224646799147351975E-16, 0.000000000000000000 ) ) ;
#2623 = AXIS2_PLACEMENT_3D ( 'NONE', #737, #399, #1295 ) ;
#2624 = ORIENTED_EDGE ( 'NONE', *, *, #2242, .T. ) ;
#2625 = ORIENTED_EDGE ( 'NONE', *, *, #2940, .F. ) ;
#2626 = VECTOR ( 'NONE', #1203, 1000.000000000000000 ) ;
#2627 = AXIS2_PLACEMENT_3D ( 'NONE', #676, #2769, #3706 ) ;
#2628 = ADVANCED_FACE ( 'NONE', ( #3306, #601 ), #1809, .F. ) ;
#2629 = DIRECTION ( 'NONE',  ( -1.000000000000000000, 0.000000000000000000, 0.000000000000000000 ) ) ;
#2630 = ORIENTED_EDGE ( 'NONE', *, *, #2613, .F. ) ;
#2631 = CARTESIAN_POINT ( 'NONE',  ( -109.3784572681199165, -8.999999999999994671, -5.000000000000000000 ) ) ;
#2632 = CARTESIAN_POINT ( 'NONE',  ( 96.79000000000002046, 4.898587196589421703E-16, -4.500000000000000888 ) ) ;
#2633 = CARTESIAN_POINT ( 'NONE',  ( -92.39000000000001478, 18.00000000000000000, 30.99999999999999645 ) ) ;
#2634 = CARTESIAN_POINT ( 'NONE',  ( -77.76500000000001478, 1.962496495633632485E-15, -5.000000000000000000 ) ) ;
#2635 = VERTEX_POINT ( 'NONE', #1234 ) ;
#2636 = CYLINDRICAL_SURFACE ( 'NONE', #3879, 0.5000000000000013323 ) ;
#2637 = CARTESIAN_POINT ( 'NONE',  ( -78.65913439099509219, -5.278023391595753289, -2.000000000000000444 ) ) ;
#2638 = CARTESIAN_POINT ( 'NONE',  ( 93.79000000000000625, 0.000000000000000000, -4.500000000000000888 ) ) ;
#2639 = ORIENTED_EDGE ( 'NONE', *, *, #2961, .F. ) ;
#2640 = VERTEX_POINT ( 'NONE', #2436 ) ;
#2641 = EDGE_CURVE ( 'NONE', #3182, #3026, #1700, .T. ) ;
#2642 = SECURITY_CLASSIFICATION ( '', '', #1668 ) ;
#2643 = CARTESIAN_POINT ( 'NONE',  ( 86.79000000000000625, -8.572527594031484037E-16, -1.999999999999998224 ) ) ;
#2644 = PLANE ( 'NONE',  #2337 ) ;
#2645 = EDGE_CURVE ( 'NONE', #1213, #2156, #2525, .T. ) ;
#2646 = CIRCLE ( 'NONE', #2456, 16.02499999999999858 ) ;
#2647 = ORIENTED_EDGE ( 'NONE', *, *, #1135, .T. ) ;
#2648 = AXIS2_PLACEMENT_3D ( 'NONE', #479, #1682, #2874 ) ;
#2649 = EDGE_LOOP ( 'NONE', ( #3508, #1508, #1849 ) ) ;
#2650 = AXIS2_PLACEMENT_3D ( 'NONE', #340, #2387, #2074 ) ;
#2651 = CARTESIAN_POINT ( 'NONE',  ( 93.79000000000000625, 7.000000000000000000, 31.00000000000000000 ) ) ;
#2652 = ORIENTED_EDGE ( 'NONE', *, *, #3681, .F. ) ;
#2653 = CARTESIAN_POINT ( 'NONE',  ( -75.55392286667984081, -20.64110282009984232, 3.202855815096290470 ) ) ;
#2654 = ADVANCED_FACE ( 'NONE', ( #2165 ), #3630, .F. ) ;
#2655 = EDGE_CURVE ( 'NONE', #2272, #224, #203, .T. ) ;
#2656 = EDGE_CURVE ( 'NONE', #777, #952, #1340, .T. ) ;
#2657 = AXIS2_PLACEMENT_3D ( 'NONE', #3616, #16, #1489 ) ;
#2658 = AXIS2_PLACEMENT_3D ( 'NONE', #321, #1224, #2828 ) ;
#2659 = FACE_OUTER_BOUND ( 'NONE', #892, .T. ) ;
#2660 = AXIS2_PLACEMENT_3D ( 'NONE', #2445, #3641, #3623 ) ;
#2661 = CYLINDRICAL_SURFACE ( 'NONE', #2586, 3.750000000000003553 ) ;
#2662 = DIRECTION ( 'NONE',  ( -0.000000000000000000, -0.000000000000000000, -1.000000000000000000 ) ) ;
#2663 = ORIENTED_EDGE ( 'NONE', *, *, #3281, .F. ) ;
#2664 = AXIS2_PLACEMENT_3D ( 'NONE', #3183, #1350, #212 ) ;
#2665 = DIRECTION ( 'NONE',  ( -0.000000000000000000, -0.000000000000000000, -1.000000000000000000 ) ) ;
#2666 = CARTESIAN_POINT ( 'NONE',  ( 93.29000000000000625, 6.123233995736736454E-17, -4.500000000000000888 ) ) ;
#2667 = AXIS2_PLACEMENT_3D ( 'NONE', #876, #1199, #1159 ) ;
#2668 = CARTESIAN_POINT ( 'NONE',  ( -66.70598452318084526, -21.48446304333404910, -4.810024931097790279 ) ) ;
#2669 = ORIENTED_EDGE ( 'NONE', *, *, #3150, .T. ) ;
#2670 = AXIS2_PLACEMENT_3D ( 'NONE', #2583, #2566, #784 ) ;
#2671 = CARTESIAN_POINT ( 'NONE',  ( 86.79000000000000625, -8.572527594031484037E-16, -2.000000000000001776 ) ) ;
#2672 = CYLINDRICAL_SURFACE ( 'NONE', #853, 3.750000000000003553 ) ;
#2673 = EDGE_LOOP ( 'NONE', ( #1107, #3115, #323, #3687 ) ) ;
#2674 = CARTESIAN_POINT ( 'NONE',  ( -110.7784572681198796, 9.000000000000007105, -2.000000000000000444 ) ) ;
#2675 = VERTEX_POINT ( 'NONE', #3429 ) ;
#2676 = CARTESIAN_POINT ( 'NONE',  ( -75.80455292367039988, -20.92277559519258645, 3.798625221035615063 ) ) ;
#2677 = DIRECTION ( 'NONE',  ( 0.000000000000000000, -1.000000000000000000, 0.000000000000000000 ) ) ;
#2678 = APPROVAL ( #1942, 'UNSPECIFIED' ) ;
#2679 = EDGE_CURVE ( 'NONE', #182, #1393, #822, .T. ) ;
#2680 = FACE_OUTER_BOUND ( 'NONE', #3003, .T. ) ;
#2681 = CARTESIAN_POINT ( 'NONE',  ( -76.47742941029818553, -21.59959578263268654, 4.115977948734952818 ) ) ;
#2682 = DIRECTION ( 'NONE',  ( -1.000000000000000000, 0.000000000000000000, 0.000000000000000000 ) ) ;
#2683 = DIRECTION ( 'NONE',  ( 0.000000000000000000, 0.000000000000000000, -1.000000000000000000 ) ) ;
#2684 = CARTESIAN_POINT ( 'NONE',  ( -97.54000000000002046, -18.00000000000000000, -2.000000000000000444 ) ) ;
#2685 = ORIENTED_EDGE ( 'NONE', *, *, #1840, .F. ) ;
#2686 = AXIS2_PLACEMENT_3D ( 'NONE', #2969, #3866, #3619 ) ;
#2687 = DIRECTION ( 'NONE',  ( 1.000000000000000000, 0.000000000000000000, 0.000000000000000000 ) ) ;
#2688 = FACE_OUTER_BOUND ( 'NONE', #464, .T. ) ;
#2689 = VERTEX_POINT ( 'NONE', #353 ) ;
#2690 = ORIENTED_EDGE ( 'NONE', *, *, #1216, .F. ) ;
#2691 = CARTESIAN_POINT ( 'NONE',  ( -93.79000000000000625, 0.000000000000000000, -2.000000000000000888 ) ) ;
#2692 = ORIENTED_EDGE ( 'NONE', *, *, #369, .T. ) ;
#2693 = AXIS2_PLACEMENT_3D ( 'NONE', #3231, #1374, #2287 ) ;
#2694 = CARTESIAN_POINT ( 'NONE',  ( -75.91871231903941464, -21.00365547095680796, 3.984628056163863175 ) ) ;
#2695 = AXIS2_PLACEMENT_3D ( 'NONE', #3437, #1570, #3080 ) ;
#2696 = CARTESIAN_POINT ( 'NONE',  ( -66.25298389439457480, -21.00134119440363989, 4.973818997033622402 ) ) ;
#2697 = CARTESIAN_POINT ( 'NONE',  ( 86.79000000000000625, -8.572527594031484037E-16, -4.500000000000000888 ) ) ;
#2698 = CYLINDRICAL_SURFACE ( 'NONE', #2469, 1.399999999999998579 ) ;
#2699 = ADVANCED_FACE ( 'NONE', ( #2470 ), #3341, .T. ) ;
#2700 = LINE ( 'NONE', #4, #2626 ) ;
#2701 = DIRECTION ( 'NONE',  ( 1.000000000000000000, 8.881784197001254296E-16, 0.000000000000000000 ) ) ;
#2702 = CARTESIAN_POINT ( 'NONE',  ( 91.69000000000004036, -7.000000000000000000, 30.50000000000000355 ) ) ;
#2703 = ORIENTED_EDGE ( 'NONE', *, *, #2530, .T. ) ;
#2704 = EDGE_CURVE ( 'NONE', #1788, #636, #639, .T. ) ;
#2705 = EDGE_CURVE ( 'NONE', #3666, #481, #1268, .T. ) ;
#2706 = EDGE_CURVE ( 'NONE', #703, #2959, #659, .T. ) ;
#2707 = DIRECTION ( 'NONE',  ( -0.000000000000000000, -0.000000000000000000, -1.000000000000000000 ) ) ;
#2708 = CARTESIAN_POINT ( 'NONE',  ( 100.7900000000000205, 0.000000000000000000, -4.500000000000000888 ) ) ;
#2709 = EDGE_LOOP ( 'NONE', ( #2859, #2747 ) ) ;
#2710 = ORIENTED_EDGE ( 'NONE', *, *, #2939, .T. ) ;
#2711 = VECTOR ( 'NONE', #3116, 1000.000000000000000 ) ;
#2712 = CIRCLE ( 'NONE', #2774, 3.500000000000003109 ) ;
#2713 = DIRECTION ( 'NONE',  ( 0.000000000000000000, 0.000000000000000000, 1.000000000000000000 ) ) ;
#2714 = ORIENTED_EDGE ( 'NONE', *, *, #992, .F. ) ;
#2715 = CARTESIAN_POINT ( 'NONE',  ( -77.19179815089960073, -21.31509517400628795, -4.921464346944899759 ) ) ;
#2716 = AXIS2_PLACEMENT_3D ( 'NONE', #2556, #2226, #715 ) ;
#2717 = AXIS2_PLACEMENT_3D ( 'NONE', #1210, #633, #1524 ) ;
#2718 =( BOUNDED_SURFACE ( )  B_SPLINE_SURFACE ( 3, 2, ( 
 ( #364, #912, #2730 ),
 ( #1563, #48, #64 ),
 ( #2119, #3019, #1843 ),
 ( #967, #1894, #2192 ) ),
 .UNSPECIFIED., .F., .F., .F. ) 
 B_SPLINE_SURFACE_WITH_KNOTS ( ( 4, 4 ),
 ( 3, 3 ),
 ( 0.0005113846335695143791, 0.0009361971359794737154 ),
 ( 0.000000000000000000, 1.000000000000000000 ),
 .UNSPECIFIED. ) 
 GEOMETRIC_REPRESENTATION_ITEM ( )  RATIONAL_B_SPLINE_SURFACE ( (
 ( 1.000000000000000000, 0.7071067811865472397, 1.000000000000000000),
 ( 1.000000000000000000, 0.7118928439718742451, 1.000000000000000000),
 ( 1.000000000000000000, 0.7168548282985742759, 1.000000000000000000),
 ( 1.000000000000000000, 0.7220087186509005495, 1.000000000000000000) ) ) 
 REPRESENTATION_ITEM ( '' )  SURFACE ( )  );
#2719 = DIRECTION ( 'NONE',  ( 1.000000000000000000, 0.000000000000000000, 0.000000000000000000 ) ) ;
#2720 = CARTESIAN_POINT ( 'NONE',  ( -75.57543072430466680, -20.69562459414373734, -3.152186348383852366 ) ) ;
#2721 = EDGE_CURVE ( 'NONE', #603, #1318, #1269, .T. ) ;
#2722 = CIRCLE ( 'NONE', #1006, 11.49999999999999645 ) ;
#2723 = CARTESIAN_POINT ( 'NONE',  ( -97.54000000000002046, -18.00000000000000000, -5.000000000000000000 ) ) ;
#2724 = CIRCLE ( 'NONE', #1455, 21.74999999999999289 ) ;
#2725 = DIRECTION ( 'NONE',  ( 0.000000000000000000, 0.000000000000000000, 1.000000000000000000 ) ) ;
#2726 = CYLINDRICAL_SURFACE ( 'NONE', #1968, 11.49999999999999645 ) ;
#2727 = ORIENTED_EDGE ( 'NONE', *, *, #804, .T. ) ;
#2728 = AXIS2_PLACEMENT_3D ( 'NONE', #3172, #2876, #180 ) ;
#2729 = DIRECTION ( 'NONE',  ( 0.000000000000000000, -1.000000000000000000, 0.000000000000000000 ) ) ;
#2730 = CARTESIAN_POINT ( 'NONE',  ( -77.75012610924244427, -21.30942287763947363, 4.999999999999999112 ) ) ;
#2731 = CIRCLE ( 'NONE', #2043, 0.5000000000000004441 ) ;
#2732 = EDGE_CURVE ( 'NONE', #1249, #2280, #2345, .T. ) ;
#2733 = ORIENTED_EDGE ( 'NONE', *, *, #3862, .T. ) ;
#2734 = CARTESIAN_POINT ( 'NONE',  ( 99.39000000000001478, 0.000000000000000000, -1.999999999999998224 ) ) ;
#2735 = DIRECTION ( 'NONE',  ( -0.9996082575616351829, -0.02798805842840386415, 0.000000000000000000 ) ) ;
#2736 = ORIENTED_EDGE ( 'NONE', *, *, #3254, .T. ) ;
#2737 = DIRECTION ( 'NONE',  ( -0.000000000000000000, -0.000000000000000000, -1.000000000000000000 ) ) ;
#2738 = DIRECTION ( 'NONE',  ( -0.9996082575616351829, 0.02798805842840386068, 0.000000000000000000 ) ) ;
#2739 = DIRECTION ( 'NONE',  ( -0.000000000000000000, -0.000000000000000000, -1.000000000000000000 ) ) ;
#2740 = DIRECTION ( 'NONE',  ( 1.000000000000000000, 0.000000000000000000, 0.000000000000000000 ) ) ;
#2741 = CARTESIAN_POINT ( 'NONE',  ( -109.3784572681198881, 9.000000000000007105, -2.000000000000000444 ) ) ;
#2742 = DIRECTION ( 'NONE',  ( -0.000000000000000000, -0.000000000000000000, -1.000000000000000000 ) ) ;
#2743 = AXIS2_PLACEMENT_3D ( 'NONE', #2048, #1045, #1420 ) ;
#2744 = VERTEX_POINT ( 'NONE', #1250 ) ;
#2745 = CARTESIAN_POINT ( 'NONE',  ( 89.79000000000002046, -6.999999999999999112, -4.500000000000000888 ) ) ;
#2746 = DIRECTION ( 'NONE',  ( -1.000000000000000000, 0.000000000000000000, 0.000000000000000000 ) ) ;
#2747 = ORIENTED_EDGE ( 'NONE', *, *, #3800, .T. ) ;
#2748 = ORIENTED_EDGE ( 'NONE', *, *, #788, .T. ) ;
#2749 = EDGE_CURVE ( 'NONE', #1102, #3380, #638, .T. ) ;
#2750 = DIRECTION ( 'NONE',  ( -0.000000000000000000, -0.000000000000000000, -1.000000000000000000 ) ) ;
#2751 = CARTESIAN_POINT ( 'NONE',  ( -93.79000000000000625, 0.000000000000000000, -5.000000000000000000 ) ) ;
#2752 = CIRCLE ( 'NONE', #1042, 0.5000000000000004441 ) ;
#2753 = LINE ( 'NONE', #1474, #102 ) ;
#2754 = AXIS2_PLACEMENT_3D ( 'NONE', #3682, #1354, #117 ) ;
#2755 = CARTESIAN_POINT ( 'NONE',  ( 90.29000000000000625, 7.000000000000000000, -5.000000000000000888 ) ) ;
#2756 = FACE_BOUND ( 'NONE', #2237, .T. ) ;
#2757 = CARTESIAN_POINT ( 'NONE',  ( 95.39000000000001478, 7.000000000000000000, -2.000000000000000888 ) ) ;
#2758 = CARTESIAN_POINT ( 'NONE',  ( 82.29000000000002046, 0.000000000000000000, 7.000000000000000000 ) ) ;
#2759 = DIRECTION ( 'NONE',  ( 0.2745373243504553584, 0.000000000000000000, 0.9615764439390624974 ) ) ;
#2760 = ORIENTED_EDGE ( 'NONE', *, *, #2935, .T. ) ;
#2761 = CARTESIAN_POINT ( 'NONE',  ( -96.78453046561205042, 15.74272569444443093, -3.500000000000000444 ) ) ;
#2762 = FACE_OUTER_BOUND ( 'NONE', #2038, .T. ) ;
#2763 = ORIENTED_EDGE ( 'NONE', *, *, #3038, .F. ) ;
#2764 = EDGE_CURVE ( 'NONE', #3240, #3526, #1937, .T. ) ;
#2765 = DIRECTION ( 'NONE',  ( 0.000000000000000000, 0.000000000000000000, 1.000000000000000000 ) ) ;
#2766 = CARTESIAN_POINT ( 'NONE',  ( -77.31544087882276983, -21.79744806218830888, -4.441098260208674375 ) ) ;
#2767 = DIRECTION ( 'NONE',  ( 0.000000000000000000, 0.000000000000000000, 1.000000000000000000 ) ) ;
#2768 = CIRCLE ( 'NONE', #572, 1.399999999999998579 ) ;
#2769 = DIRECTION ( 'NONE',  ( -0.000000000000000000, -0.000000000000000000, -1.000000000000000000 ) ) ;
#2770 = DIRECTION ( 'NONE',  ( 0.000000000000000000, 0.000000000000000000, -1.000000000000000000 ) ) ;
#2771 = EDGE_CURVE ( 'NONE', #366, #651, #3132, .T. ) ;
#2772 = CARTESIAN_POINT ( 'NONE',  ( -109.8150000000000119, 0.000000000000000000, 3.999999999999999112 ) ) ;
#2773 = ORIENTED_EDGE ( 'NONE', *, *, #1948, .F. ) ;
#2774 = AXIS2_PLACEMENT_3D ( 'NONE', #1281, #3361, #2487 ) ;
#2775 = DIRECTION ( 'NONE',  ( 1.000000000000000000, 0.000000000000000000, 0.000000000000000000 ) ) ;
#2776 = B_SPLINE_CURVE_WITH_KNOTS ( 'NONE', 3,
 ( #3226, #2012, #2285, #3484, #217, #1736, #3829, #2574, #496, #3769 ),
 .UNSPECIFIED., .F., .F.,
 ( 4, 2, 2, 2, 4 ),
 ( -8.966821996399785172E-06, 0.0007000623465205253748, 0.001409091515037450525, 0.002118120683554375674, 0.002827149852071300824 ),
 .UNSPECIFIED. ) ;
#2777 = ADVANCED_FACE ( 'NONE', ( #140 ), #2545, .F. ) ;
#2778 = DIRECTION ( 'NONE',  ( 1.000000000000000000, 8.881784197001250351E-16, 0.000000000000000000 ) ) ;
#2779 = EDGE_LOOP ( 'NONE', ( #3412, #740, #2570, #2512 ) ) ;
#2780 = CONICAL_SURFACE ( 'NONE', #3716, 11.49999999999999645, 0.7853981633974452814 ) ;
#2781 = CIRCLE ( 'NONE', #3031, 1.599999999999990319 ) ;
#2782 = DIRECTION ( 'NONE',  ( -0.000000000000000000, -0.000000000000000000, -1.000000000000000000 ) ) ;
#2783 = DIRECTION ( 'NONE',  ( -1.000000000000000000, 0.000000000000000000, 0.000000000000000000 ) ) ;
#2784 = AXIS2_PLACEMENT_3D ( 'NONE', #1141, #1973, #2265 ) ;
#2785 = ORIENTED_EDGE ( 'NONE', *, *, #1124, .F. ) ;
#2786 = VERTEX_POINT ( 'NONE', #739 ) ;
#2787 = CIRCLE ( 'NONE', #587, 1.399999999999998579 ) ;
#2788 = CARTESIAN_POINT ( 'NONE',  ( -77.75012610924237322, -21.30942287763947718, -4.500000000000000888 ) ) ;
#2789 = ORIENTED_EDGE ( 'NONE', *, *, #249, .F. ) ;
#2790 = DIRECTION ( 'NONE',  ( -0.000000000000000000, -0.000000000000000000, -1.000000000000000000 ) ) ;
#2791 = DIRECTION ( 'NONE',  ( -0.9996082575616351829, -0.02798805842840386068, -0.000000000000000000 ) ) ;
#2792 = CARTESIAN_POINT ( 'NONE',  ( -78.20154273188012439, -9.000000000000007105, 30.99999999999999645 ) ) ;
#2793 = EDGE_CURVE ( 'NONE', #1283, #2922, #2529, .T. ) ;
#2794 = DIRECTION ( 'NONE',  ( 0.000000000000000000, 0.000000000000000000, 1.000000000000000000 ) ) ;
#2795 = CARTESIAN_POINT ( 'NONE',  ( -76.43980366010589478, -21.58099606807764204, -4.092909103561238382 ) ) ;
#2796 = VERTEX_POINT ( 'NONE', #2894 ) ;
#2797 = ADVANCED_FACE ( 'NONE', ( #763 ), #2061, .F. ) ;
#2798 = PLANE ( 'NONE',  #1936 ) ;
#2799 = VERTEX_POINT ( 'NONE', #222 ) ;
#2800 = VERTEX_POINT ( 'NONE', #1376 ) ;
#2801 = PLANE ( 'NONE',  #3728 ) ;
#2802 = DIRECTION ( 'NONE',  ( 0.000000000000000000, 0.000000000000000000, 1.000000000000000000 ) ) ;
#2803 = CARTESIAN_POINT ( 'NONE',  ( -93.16726569996802709, 22.24128373074637821, -5.000000000000000000 ) ) ;
#2804 = CARTESIAN_POINT ( 'NONE',  ( 95.39000000000002899, -7.000000000000000000, 30.50000000000000355 ) ) ;
#2805 = FACE_OUTER_BOUND ( 'NONE', #3551, .T. ) ;
#2806 = VECTOR ( 'NONE', #160, 1000.000000000000000 ) ;
#2807 = DIRECTION ( 'NONE',  ( 1.000000000000000000, 0.000000000000000000, 0.000000000000000000 ) ) ;
#2808 = CARTESIAN_POINT ( 'NONE',  ( -75.78637902899356504, -21.03138860696295964, -3.678487654802545581 ) ) ;
#2809 = ORIENTED_EDGE ( 'NONE', *, *, #1481, .T. ) ;
#2810 = VECTOR ( 'NONE', #1499, 1000.000000000000000 ) ;
#2811 = AXIS2_PLACEMENT_3D ( 'NONE', #3672, #2535, #3367 ) ;
#2812 = ADVANCED_BREP_SHAPE_REPRESENTATION ( 'Femur_inside', ( #2217, #1260 ), #3521 ) ;
#2813 = FACE_OUTER_BOUND ( 'NONE', #1047, .T. ) ;
#2814 = DIRECTION ( 'NONE',  ( 0.9996082575616351829, 0.02798805842840386068, -0.000000000000000000 ) ) ;
#2815 = EDGE_LOOP ( 'NONE', ( #3407, #521, #3173, #2252 ) ) ;
#2816 = EDGE_CURVE ( 'NONE', #2000, #3197, #200, .T. ) ;
#2817 = VERTEX_POINT ( 'NONE', #480 ) ;
#2818 = EDGE_CURVE ( 'NONE', #2640, #1891, #1529, .T. ) ;
#2819 = DIRECTION ( 'NONE',  ( 0.000000000000000000, 0.000000000000000000, 1.000000000000000000 ) ) ;
#2820 = CARTESIAN_POINT ( 'NONE',  ( -67.30164877365928078, -20.94219344060442012, 4.457212122843254853 ) ) ;
#2821 = PERSON_AND_ORGANIZATION ( #2256, #1634 ) ;
#2822 = FACE_OUTER_BOUND ( 'NONE', #372, .T. ) ;
#2823 = CYLINDRICAL_SURFACE ( 'NONE', #1901, 3.500000000000003109 ) ;
#2824 = CARTESIAN_POINT ( 'NONE',  ( -66.05293522101597148, -21.48210886404105935, -4.993279766110701345 ) ) ;
#2825 = VERTEX_POINT ( 'NONE', #3506 ) ;
#2826 = AXIS2_PLACEMENT_3D ( 'NONE', #1882, #3704, #1284 ) ;
#2827 = DIRECTION ( 'NONE',  ( 0.02798805842840749666, -0.9996082575616350718, 0.000000000000000000 ) ) ;
#2828 = DIRECTION ( 'NONE',  ( -1.000000000000000000, 0.000000000000000000, 0.000000000000000000 ) ) ;
#2829 = AXIS2_PLACEMENT_3D ( 'NONE', #2433, #2140, #2746 ) ;
#2830 = CARTESIAN_POINT ( 'NONE',  ( -76.83968272288304036, -21.73818294015032393, -4.302210355582076318 ) ) ;
#2831 = ORIENTED_EDGE ( 'NONE', *, *, #3636, .T. ) ;
#2832 = TOROIDAL_SURFACE ( 'NONE', #1140, 2.099999999999997424, 0.5000000000000000000 ) ;
#2833 = CARTESIAN_POINT ( 'NONE',  ( -77.75012610924235901, -21.30942287763947363, -4.999999999999999112 ) ) ;
#2834 = FACE_BOUND ( 'NONE', #1751, .T. ) ;
#2835 = AXIS2_PLACEMENT_3D ( 'NONE', #2481, #3442, #1610 ) ;
#2836 = DIRECTION ( 'NONE',  ( -0.000000000000000000, -0.000000000000000000, -1.000000000000000000 ) ) ;
#2837 = EDGE_LOOP ( 'NONE', ( #854, #1819 ) ) ;
#2838 = EDGE_LOOP ( 'NONE', ( #1401, #3413 ) ) ;
#2839 = CIRCLE ( 'NONE', #1521, 0.5000000000000013323 ) ;
#2840 = AXIS2_PLACEMENT_3D ( 'NONE', #2632, #1971, #1678 ) ;
#2841 = CARTESIAN_POINT ( 'NONE',  ( -68.02591700780600092, -20.57665909263083748, 3.342213555720705997 ) ) ;
#2842 = CIRCLE ( 'NONE', #22, 1.399999999999998579 ) ;
#2843 = EDGE_CURVE ( 'NONE', #893, #1690, #339, .T. ) ;
#2844 = CARTESIAN_POINT ( 'NONE',  ( -90.04000000000000625, -18.00000000000000000, -5.000000000000000000 ) ) ;
#2845 = COORDINATED_UNIVERSAL_TIME_OFFSET ( 8, 0, .BEHIND. ) ;
#2846 = VERTEX_POINT ( 'NONE', #1399 ) ;
#2847 = VECTOR ( 'NONE', #1091, 1000.000000000000000 ) ;
#2848 = CARTESIAN_POINT ( 'NONE',  ( -68.15701691347383928, -20.32625154428307823, -2.999999999999999112 ) ) ;
#2849 = CARTESIAN_POINT ( 'NONE',  ( -76.33050820107590084, -21.19499271800636109, 4.457212122843702495 ) ) ;
#2850 = CYLINDRICAL_SURFACE ( 'NONE', #2664, 1.399999999999998579 ) ;
#2851 = EDGE_CURVE ( 'NONE', #1155, #1557, #2036, .T. ) ;
#2852 = CARTESIAN_POINT ( 'NONE',  ( 84.89000000000000057, -8.572527594031484037E-16, 31.00000000000000000 ) ) ;
#2853 = CYLINDRICAL_SURFACE ( 'NONE', #1215, 1.599999999999990319 ) ;
#2854 = ORIENTED_EDGE ( 'NONE', *, *, #965, .T. ) ;
#2855 = CARTESIAN_POINT ( 'NONE',  ( -66.00735477820880703, -21.48083265599965586, 4.499999989285090152 ) ) ;
#2856 = CARTESIAN_POINT ( 'NONE',  ( 105.2900000000000063, 1.408343819019455781E-15, 7.000000000000000000 ) ) ;
#2857 = CARTESIAN_POINT ( 'NONE',  ( 93.79000000000000625, 0.000000000000000000, -5.000000000000000000 ) ) ;
#2858 = ORIENTED_EDGE ( 'NONE', *, *, #439, .F. ) ;
#2859 = ORIENTED_EDGE ( 'NONE', *, *, #789, .T. ) ;
#2860 = LINE ( 'NONE', #1359, #3667 ) ;
#2861 = CIRCLE ( 'NONE', #2115, 1.399999999999998579 ) ;
#2862 = CARTESIAN_POINT ( 'NONE',  ( -93.16726569996802709, -22.24128373074637821, 4.500000000000001776 ) ) ;
#2863 = AXIS2_PLACEMENT_3D ( 'NONE', #3101, #409, #1605 ) ;
#2864 = ADVANCED_FACE ( 'NONE', ( #1703 ), #641, .T. ) ;
#2865 = VERTEX_POINT ( 'NONE', #1725 ) ;
#2866 = B_SPLINE_CURVE_WITH_KNOTS ( 'NONE', 3,
 ( #627, #1859, #3332, #865 ),
 .UNSPECIFIED., .F., .F.,
 ( 4, 4 ),
 ( 2.797157557069881010E-17, 0.0004249579335055787225 ),
 .UNSPECIFIED. ) ;
#2867 = CARTESIAN_POINT ( 'NONE',  ( -75.65381720869488902, -20.83707374729030803, 3.291032115896745491 ) ) ;
#2868 = ORIENTED_EDGE ( 'NONE', *, *, #3798, .T. ) ;
#2869 = CARTESIAN_POINT ( 'NONE',  ( -109.3784572681198881, 9.000000000000007105, -5.000000000000000000 ) ) ;
#2870 = EDGE_CURVE ( 'NONE', #509, #2062, #23, .T. ) ;
#2871 = FACE_OUTER_BOUND ( 'NONE', #2673, .T. ) ;
#2872 = CARTESIAN_POINT ( 'NONE',  ( 93.79000000000000625, 7.000000000000000000, -5.000000000000000888 ) ) ;
#2873 = VERTEX_POINT ( 'NONE', #2017 ) ;
#2874 = DIRECTION ( 'NONE',  ( -1.000000000000000000, 0.000000000000000000, 0.000000000000000000 ) ) ;
#2875 = CIRCLE ( 'NONE', #795, 1.399999999999998579 ) ;
#2876 = DIRECTION ( 'NONE',  ( -0.000000000000000000, -0.000000000000000000, -1.000000000000000000 ) ) ;
#2877 = ORIENTED_EDGE ( 'NONE', *, *, #3422, .T. ) ;
#2878 = ORIENTED_EDGE ( 'NONE', *, *, #910, .F. ) ;
#2879 = CARTESIAN_POINT ( 'NONE',  ( -109.3784572681199165, -8.999999999999994671, -5.000000000000000000 ) ) ;
#2880 = DIRECTION ( 'NONE',  ( -0.000000000000000000, -0.000000000000000000, -1.000000000000000000 ) ) ;
#2881 = ADVANCED_FACE ( 'NONE', ( #3209 ), #533, .T. ) ;
#2882 = PERSON_AND_ORGANIZATION ( #2256, #1634 ) ;
#2883 = EDGE_LOOP ( 'NONE', ( #728, #3138 ) ) ;
#2884 = DIRECTION ( 'NONE',  ( -1.000000000000000000, 0.000000000000000000, 0.000000000000000000 ) ) ;
#2885 = ORIENTED_EDGE ( 'NONE', *, *, #1183, .T. ) ;
#2886 = FACE_BOUND ( 'NONE', #1502, .T. ) ;
#2887 = DIRECTION ( 'NONE',  ( -0.000000000000000000, -0.000000000000000000, -1.000000000000000000 ) ) ;
#2888 = ADVANCED_FACE ( 'NONE', ( #1559 ), #2726, .T. ) ;
#2889 = CARTESIAN_POINT ( 'NONE',  ( -93.18125972918222999, -21.74147960196555829, 5.000000000000000000 ) ) ;
#2890 = ORIENTED_EDGE ( 'NONE', *, *, #1106, .T. ) ;
#2891 = CARTESIAN_POINT ( 'NONE',  ( 102.6900000000000119, 2.326828918379974323E-16, 30.50000000000000000 ) ) ;
#2892 = CARTESIAN_POINT ( 'NONE',  ( 93.79000000000002046, -7.000000000000000000, -5.000000000000000000 ) ) ;
#2893 = APPROVAL_PERSON_ORGANIZATION ( #443, #563, #1984 ) ;
#2894 = CARTESIAN_POINT ( 'NONE',  ( 90.29000000000002046, -7.000000000000000000, -4.500000000000000888 ) ) ;
#2895 = ORIENTED_EDGE ( 'NONE', *, *, #3637, .T. ) ;
#2896 = VERTEX_POINT ( 'NONE', #1801 ) ;
#2897 = DIRECTION ( 'NONE',  ( -1.000000000000000000, 0.000000000000000000, 0.000000000000000000 ) ) ;
#2898 = CARTESIAN_POINT ( 'NONE',  ( -93.79000000000000625, 0.000000000000000000, -5.000000000000000000 ) ) ;
#2899 = TOROIDAL_SURFACE ( 'NONE', #3215, 4.000000000000003553, 0.5000000000000000000 ) ;
#2900 = MECHANICAL_CONTEXT ( 'NONE', #2913, 'mechanical' ) ;
#2901 = ORIENTED_EDGE ( 'NONE', *, *, #439, .T. ) ;
#2902 = AXIS2_PLACEMENT_3D ( 'NONE', #36, #2750, #930 ) ;
#2903 = CARTESIAN_POINT ( 'NONE',  ( -75.61497993219585112, -20.73199748946187171, 3.388042820227807006 ) ) ;
#2904 = ORIENTED_EDGE ( 'NONE', *, *, #2572, .T. ) ;
#2905 = VECTOR ( 'NONE', #1431, 1000.000000000000000 ) ;
#2906 = CARTESIAN_POINT ( 'NONE',  ( 90.29000000000000625, -4.286263797015735609E-16, -2.000000000000001776 ) ) ;
#2907 = AXIS2_PLACEMENT_3D ( 'NONE', #2955, #829, #3255 ) ;
#2908 = VECTOR ( 'NONE', #553, 1000.000000000000000 ) ;
#2909 = CARTESIAN_POINT ( 'NONE',  ( -93.18125972918222999, 21.74147960196555829, -4.500000000000000888 ) ) ;
#2910 = DIRECTION ( 'NONE',  ( -0.000000000000000000, -0.000000000000000000, -1.000000000000000000 ) ) ;
#2911 = ORIENTED_EDGE ( 'NONE', *, *, #3589, .T. ) ;
#2912 = ADVANCED_FACE ( 'NONE', ( #2137, #2155 ), #1501, .F. ) ;
#2913 = APPLICATION_CONTEXT ( 'configuration controlled 3d designs of mechanical parts and assemblies' ) ;
#2914 = CARTESIAN_POINT ( 'NONE',  ( 95.39000000000001478, 7.000000000000000000, -2.000000000000001332 ) ) ;
#2915 = CARTESIAN_POINT ( 'NONE',  ( -78.20154273188011018, 8.999999999999980460, 30.99999999999999645 ) ) ;
#2916 = CARTESIAN_POINT ( 'NONE',  ( -93.79000000000000625, 0.000000000000000000, 5.000000000000000000 ) ) ;
#2917 = CARTESIAN_POINT ( 'NONE',  ( -66.53136168999317590, -21.49550433958466655, -4.388248118053502900 ) ) ;
#2918 = VERTEX_POINT ( 'NONE', #3565 ) ;
#2919 = ORIENTED_EDGE ( 'NONE', *, *, #2732, .T. ) ;
#2920 = CYLINDRICAL_SURFACE ( 'NONE', #2907, 1.399999999999998579 ) ;
#2921 = DIRECTION ( 'NONE',  ( 0.000000000000000000, 0.000000000000000000, 1.000000000000000000 ) ) ;
#2922 = VERTEX_POINT ( 'NONE', #2684 ) ;
#2923 = DIRECTION ( 'NONE',  ( 1.000000000000000000, 0.000000000000000000, 0.000000000000000000 ) ) ;
#2924 = ORIENTED_EDGE ( 'NONE', *, *, #918, .F. ) ;
#2925 = FACE_OUTER_BOUND ( 'NONE', #270, .T. ) ;
#2926 = FACE_OUTER_BOUND ( 'NONE', #2551, .T. ) ;
#2927 = CARTESIAN_POINT ( 'NONE',  ( -66.28454925335395842, -21.48859383154788461, -4.500000000000000888 ) ) ;
#2928 = ORIENTED_EDGE ( 'NONE', *, *, #486, .F. ) ;
#2929 = FACE_OUTER_BOUND ( 'NONE', #671, .T. ) ;
#2930 = FACE_OUTER_BOUND ( 'NONE', #3133, .T. ) ;
#2931 = CARTESIAN_POINT ( 'NONE',  ( -67.34393953904246644, -21.24288360618742644, -4.352258528171960350 ) ) ;
#2932 = VERTEX_POINT ( 'NONE', #595 ) ;
#2933 = ORIENTED_EDGE ( 'NONE', *, *, #3358, .T. ) ;
#2934 = EDGE_CURVE ( 'NONE', #1938, #893, #2962, .T. ) ;
#2935 = EDGE_CURVE ( 'NONE', #1782, #2592, #3353, .T. ) ;
#2936 = FACE_OUTER_BOUND ( 'NONE', #1895, .T. ) ;
#2937 = CARTESIAN_POINT ( 'NONE',  ( -93.18125972918222999, 21.74147960196555829, 4.500000000000000888 ) ) ;
#2938 = CIRCLE ( 'NONE', #3441, 13.35355339059325708 ) ;
#2939 = EDGE_CURVE ( 'NONE', #634, #2640, #1652, .T. ) ;
#2940 = EDGE_CURVE ( 'NONE', #2546, #1938, #2866, .T. ) ;
#2941 = VERTEX_POINT ( 'NONE', #886 ) ;
#2942 = AXIS2_PLACEMENT_3D ( 'NONE', #883, #3639, #3035 ) ;
#2943 = DIRECTION ( 'NONE',  ( -0.000000000000000000, -0.000000000000000000, -1.000000000000000000 ) ) ;
#2944 = VERTEX_POINT ( 'NONE', #3269 ) ;
#2945 = CARTESIAN_POINT ( 'NONE',  ( -71.79000000000002046, -22.00000000000000000, 5.000000000000000000 ) ) ;
#2946 = DIRECTION ( 'NONE',  ( -1.000000000000000000, 0.000000000000000000, 0.000000000000000000 ) ) ;
#2947 = DIRECTION ( 'NONE',  ( 0.9996082575616350718, -0.02798805842840749666, 0.000000000000000000 ) ) ;
#2948 = DIRECTION ( 'NONE',  ( 0.000000000000000000, 0.000000000000000000, 1.000000000000000000 ) ) ;
#2949 = EDGE_LOOP ( 'NONE', ( #2104, #3259, #1148, #1688 ) ) ;
#2950 = DIRECTION ( 'NONE',  ( 0.000000000000000000, 0.000000000000000000, 1.000000000000000000 ) ) ;
#2951 = CARTESIAN_POINT ( 'NONE',  ( -90.79546953438796209, 15.74272569444443803, -2.000000000000000444 ) ) ;
#2952 = CARTESIAN_POINT ( 'NONE',  ( -66.41599142045886595, -21.49227408431196551, -4.901839895707591488 ) ) ;
#2953 = ORIENTED_EDGE ( 'NONE', *, *, #1094, .T. ) ;
#2954 = AXIS2_PLACEMENT_3D ( 'NONE', #708, #3099, #1923 ) ;
#2955 = CARTESIAN_POINT ( 'NONE',  ( 100.7900000000000205, 0.000000000000000000, 30.99999999999999645 ) ) ;
#2956 = DIRECTION ( 'NONE',  ( -0.000000000000000000, -0.000000000000000000, -1.000000000000000000 ) ) ;
#2957 = ORIENTED_EDGE ( 'NONE', *, *, #681, .F. ) ;
#2958 = CIRCLE ( 'NONE', #1515, 4.000000000000003553 ) ;
#2959 = VERTEX_POINT ( 'NONE', #1226 ) ;
#2960 = CIRCLE ( 'NONE', #1067, 6.000000000000005329 ) ;
#2961 = EDGE_CURVE ( 'NONE', #1921, #3241, #3659, .T. ) ;
#2962 = B_SPLINE_CURVE_WITH_KNOTS ( 'NONE', 3,
 ( #2080, #361, #3584, #3608, #1835, #3355, #3036, #2998, #2375, #1188 ),
 .UNSPECIFIED., .F., .F.,
 ( 4, 2, 2, 2, 4 ),
 ( 0.000000000000000000, 0.0006914281607713964207, 0.001382856321542792841, 0.002074284482314189479, 0.002765712643085585683 ),
 .UNSPECIFIED. ) ;
#2963 = VECTOR ( 'NONE', #1254, 1000.000000000000000 ) ;
#2964 =( BOUNDED_SURFACE ( )  B_SPLINE_SURFACE ( 3, 2, ( 
 ( #3464, #2501, #1659 ),
 ( #418, #3390, #2855 ),
 ( #1054, #3697, #759 ),
 ( #1976, #478, #682 ) ),
 .UNSPECIFIED., .F., .F., .F. ) 
 B_SPLINE_SURFACE_WITH_KNOTS ( ( 4, 4 ),
 ( 3, 3 ),
 ( 0.0005113846335693953337, 0.0009361971359793739688 ),
 ( 0.000000000000000000, 1.000000000000000000 ),
 .UNSPECIFIED. ) 
 GEOMETRIC_REPRESENTATION_ITEM ( )  RATIONAL_B_SPLINE_SURFACE ( (
 ( 1.000000000000000000, 0.7071067811865521247, 1.000000000000000000),
 ( 1.000000000000000000, 0.7118928439718690271, 1.000000000000000000),
 ( 1.000000000000000000, 0.7168548282985743869, 1.000000000000000000),
 ( 1.000000000000000000, 0.7220087186508995503, 1.000000000000000000) ) ) 
 REPRESENTATION_ITEM ( '' )  SURFACE ( )  );
#2965 = CARTESIAN_POINT ( 'NONE',  ( -110.7784572681198796, 9.000000000000007105, 5.000000000000000888 ) ) ;
#2966 = ORIENTED_EDGE ( 'NONE', *, *, #3531, .T. ) ;
#2967 = DIRECTION ( 'NONE',  ( 0.000000000000000000, 0.000000000000000000, 1.000000000000000000 ) ) ;
#2968 = CIRCLE ( 'NONE', #1717, 3.750000000000003553 ) ;
#2969 = CARTESIAN_POINT ( 'NONE',  ( -71.79000000000002046, -22.00000000000000000, 30.99999999999999645 ) ) ;
#2970 = AXIS2_PLACEMENT_3D ( 'NONE', #1781, #2742, #344 ) ;
#2971 = CYLINDRICAL_SURFACE ( 'NONE', #3837, 1.399999999999998579 ) ;
#2972 = CARTESIAN_POINT ( 'NONE',  ( 93.79000000000000625, 7.000000000000000000, -5.000000000000000000 ) ) ;
#2973 = AXIS2_PLACEMENT_3D ( 'NONE', #793, #1387, #2593 ) ;
#2974 = CARTESIAN_POINT ( 'NONE',  ( 93.79000000000000625, 0.000000000000000000, 5.146446609406726935 ) ) ;
#2975 = CYLINDRICAL_SURFACE ( 'NONE', #3212, 3.750000000000003553 ) ;
#2976 = CIRCLE ( 'NONE', #959, 1.399999999999998579 ) ;
#2977 = CARTESIAN_POINT ( 'NONE',  ( -93.79000000000000625, 18.00000000000000000, 30.99999999999999645 ) ) ;
#2978 = ORIENTED_EDGE ( 'NONE', *, *, #2058, .F. ) ;
#2979 = CLOSED_SHELL ( 'NONE', ( #716, #1604, #2438, #3754, #3070, #74, #2986, #1421, #3280, #225, #1724, #2298, #1531, #272, #2207, #1864, #2274, #2349, #3750, #1982, #1758, #3119, #2121, #1442, #1257, #1793, #3359, #2321, #3394, #3658, #3180, #1276, #1259, #2341, #1671, #2245, #1288, #3345, #3686, #543, #3214, #2699, #3791, #3471, #1897, #1693, #2009, #35, #3762, #1497, #954, #1418, #89, #2888, #1912, #3749, #437, #2219, #2797, #2912, #2654, #1784, #624, #657, #3685, #2777, #189, #2430, #1370, #299, #2454, #2180, #3398, #2993, #1061, #54, #317, #3569, #874, #2504, #1022, #1211, #927, #1686, #3058, #1733, #277, #3375, #1929, #2334, #3495, #106, #2023, #3469, #813, #3219, #60, #2013, #2418, #136, #674, #1233, #328, #1190, #2628, #3771, #3517, #2187, #1306, #1765, #2393, #2864, #713, #1720, #276, #689, #3079, #1319, #896, #2881, #3440 ) ) ;
#2980 = DIRECTION ( 'NONE',  ( -0.000000000000000000, -0.000000000000000000, -1.000000000000000000 ) ) ;
#2981 = EDGE_CURVE ( 'NONE', #2232, #1213, #650, .T. ) ;
#2982 = DIRECTION ( 'NONE',  ( -1.000000000000000000, 0.000000000000000000, 0.000000000000000000 ) ) ;
#2983 = ORIENTED_EDGE ( 'NONE', *, *, #2764, .F. ) ;
#2984 = ORIENTED_EDGE ( 'NONE', *, *, #537, .T. ) ;
#2985 = DIRECTION ( 'NONE',  ( 0.000000000000000000, 0.000000000000000000, 1.000000000000000000 ) ) ;
#2986 = ADVANCED_FACE ( 'NONE', ( #3856 ), #2410, .F. ) ;
#2987 = ORIENTED_EDGE ( 'NONE', *, *, #2554, .F. ) ;
#2988 = DIRECTION ( 'NONE',  ( 0.000000000000000000, 0.000000000000000000, 1.000000000000000000 ) ) ;
#2989 =( BOUNDED_SURFACE ( )  B_SPLINE_SURFACE ( 3, 2, ( 
 ( #1345, #3779, #1900 ),
 ( #1640, #1959, #2216 ),
 ( #3156, #1620, #3135 ),
 ( #2820, #1941, #3097 ),
 ( #3473, #2508, #1360 ),
 ( #484, #767, #2255 ),
 ( #3724, #466, #1981 ),
 ( #3416, #2841, #3702 ),
 ( #2585, #1379, #1000 ),
 ( #166, #2549, #3176 ) ),
 .UNSPECIFIED., .F., .F., .F. ) 
 B_SPLINE_SURFACE_WITH_KNOTS ( ( 4, 2, 2, 2, 4 ),
 ( 3, 3 ),
 ( 0.000000000000000000, 0.0005723631709081076482, 0.001144726341816215296, 0.001717089512724322836, 0.002289452683632430593 ),
 ( 0.000000000000000000, 1.000000000000000000 ),
 .UNSPECIFIED. ) 
 GEOMETRIC_REPRESENTATION_ITEM ( )  RATIONAL_B_SPLINE_SURFACE ( (
 ( 1.000000000000000000, 0.7220087186509019928, 1.000000000000000000),
 ( 1.000000000000000000, 0.7406412634258668914, 1.000000000000000000),
 ( 1.000000000000000000, 0.7737646255228016745, 1.000000000000000000),
 ( 1.000000000000000000, 0.8424782250517097726, 1.000000000000000000),
 ( 1.000000000000000000, 0.8774972183176967810, 1.000000000000000000),
 ( 1.000000000000000000, 0.9363361060445114514, 1.000000000000000000),
 ( 1.000000000000000000, 0.9597875130770275875, 1.000000000000000000),
 ( 1.000000000000000000, 0.9916276492241146157, 1.000000000000000000),
 ( 1.000000000000000000, 1.000059267479095793, 1.000000000000000000),
 ( 1.000000000000000000, 1.000000000000000000, 1.000000000000000000) ) ) 
 REPRESENTATION_ITEM ( '' )  SURFACE ( )  );
#2990 = DIRECTION ( 'NONE',  ( -1.000000000000000000, 0.000000000000000000, 0.000000000000000000 ) ) ;
#2991 = CARTESIAN_POINT ( 'NONE',  ( -75.66157068987608625, -20.85084086639324497, -3.304561246684980080 ) ) ;
#2992 = CC_DESIGN_PERSON_AND_ORGANIZATION_ASSIGNMENT ( #1087, #2025, ( #3586 ) ) ;
#2993 = ADVANCED_FACE ( 'NONE', ( #908 ), #2116, .T. ) ;
#2994 = CARTESIAN_POINT ( 'NONE',  ( -76.87121166375644066, -21.74603069941979783, 4.314685106800539849 ) ) ;
#2995 = EDGE_CURVE ( 'NONE', #3303, #296, #207, .T. ) ;
#2996 = DIRECTION ( 'NONE',  ( -1.000000000000000000, 0.000000000000000000, 0.000000000000000000 ) ) ;
#2997 = CARTESIAN_POINT ( 'NONE',  ( -93.79000000000000625, -18.00000000000000000, -2.000000000000000444 ) ) ;
#2998 = CARTESIAN_POINT ( 'NONE',  ( -67.98882041670785270, -20.63597473079191147, 3.304524130175469310 ) ) ;
#2999 = ORIENTED_EDGE ( 'NONE', *, *, #2584, .F. ) ;
#3000 = AXIS2_PLACEMENT_3D ( 'NONE', #279, #3579, #3600 ) ;
#3001 = DIRECTION ( 'NONE',  ( 0.000000000000000000, 0.000000000000000000, 1.000000000000000000 ) ) ;
#3002 = LINE ( 'NONE', #3745, #1384 ) ;
#3003 = EDGE_LOOP ( 'NONE', ( #764, #1111, #646, #2692 ) ) ;
#3004 = ORIENTED_EDGE ( 'NONE', *, *, #564, .F. ) ;
#3005 = CIRCLE ( 'NONE', #424, 3.750000000000003553 ) ;
#3006 = DIRECTION ( 'NONE',  ( 0.000000000000000000, 0.000000000000000000, 1.000000000000000000 ) ) ;
#3007 = ORIENTED_EDGE ( 'NONE', *, *, #3169, .T. ) ;
#3008 = CIRCLE ( 'NONE', #1816, 3.750000000000003553 ) ;
#3009 = FACE_OUTER_BOUND ( 'NONE', #3114, .T. ) ;
#3010 = CIRCLE ( 'NONE', #3817, 4.000000000000003553 ) ;
#3011 = B_SPLINE_CURVE_WITH_KNOTS ( 'NONE', 3,
 ( #2715, #19, #2424, #3618 ),
 .UNSPECIFIED., .F., .F.,
 ( 4, 4 ),
 ( 0.000000000000000000, 0.0005638529354486532122 ),
 .UNSPECIFIED. ) ;
#3012 = CARTESIAN_POINT ( 'NONE',  ( 100.7900000000000205, 0.000000000000000000, 31.00000000000000000 ) ) ;
#3013 = CYLINDRICAL_SURFACE ( 'NONE', #1898, 11.49999999999999645 ) ;
#3014 = CARTESIAN_POINT ( 'NONE',  ( -79.60154273188013008, -9.000000000000007105, 30.99999999999999645 ) ) ;
#3015 = EDGE_CURVE ( 'NONE', #3450, #3836, #828, .T. ) ;
#3016 = CARTESIAN_POINT ( 'NONE',  ( -93.79000000000000625, -18.00000000000000000, -5.000000000000000000 ) ) ;
#3017 = ORIENTED_EDGE ( 'NONE', *, *, #1520, .F. ) ;
#3018 = CARTESIAN_POINT ( 'NONE',  ( 89.79000000000000625, 7.000000000000000888, -5.000000000000000888 ) ) ;
#3019 = CARTESIAN_POINT ( 'NONE',  ( -77.36288895930587728, -21.79877656226764771, 4.960393152817478502 ) ) ;
#3020 = ORIENTED_EDGE ( 'NONE', *, *, #2939, .F. ) ;
#3021 = B_SPLINE_CURVE_WITH_KNOTS ( 'NONE', 3,
 ( #394, #1949, #1590, #3404 ),
 .UNSPECIFIED., .F., .F.,
 ( 4, 4 ),
 ( 0.000000000000000000, 0.0004249579335055228319 ),
 .UNSPECIFIED. ) ;
#3022 = ORIENTED_EDGE ( 'NONE', *, *, #1827, .F. ) ;
#3023 = AXIS2_PLACEMENT_3D ( 'NONE', #1535, #2988, #297 ) ;
#3024 = AXIS2_PLACEMENT_3D ( 'NONE', #3564, #800, #574 ) ;
#3025 = CARTESIAN_POINT ( 'NONE',  ( -93.79000000000000625, 18.00000000000000000, -5.000000000000000000 ) ) ;
#3026 = VERTEX_POINT ( 'NONE', #322 ) ;
#3027 = CYLINDRICAL_SURFACE ( 'NONE', #3848, 3.500000000000003109 ) ;
#3028 = VECTOR ( 'NONE', #1814, 1000.000000000000000 ) ;
#3029 = FACE_BOUND ( 'NONE', #2883, .T. ) ;
#3030 = CARTESIAN_POINT ( 'NONE',  ( -75.87387731883222841, -21.13574255071117491, -3.595590456274930347 ) ) ;
#3031 = AXIS2_PLACEMENT_3D ( 'NONE', #1131, #548, #2629 ) ;
#3032 = CARTESIAN_POINT ( 'NONE',  ( -77.56032975107751781, -21.31085047986987746, 5.000000000000000000 ) ) ;
#3033 = EDGE_LOOP ( 'NONE', ( #3520, #3248, #2019, #2431, #444 ) ) ;
#3034 = VECTOR ( 'NONE', #1121, 1000.000000000000000 ) ;
#3035 = DIRECTION ( 'NONE',  ( -1.000000000000000000, 0.000000000000000000, 0.000000000000000000 ) ) ;
#3036 = CARTESIAN_POINT ( 'NONE',  ( -67.76090524885647426, -20.90856130424259263, 3.595562348958040833 ) ) ;
#3037 = ORIENTED_EDGE ( 'NONE', *, *, #705, .T. ) ;
#3038 = EDGE_CURVE ( 'NONE', #1043, #2865, #3223, .T. ) ;
#3039 = FACE_BOUND ( 'NONE', #3803, .T. ) ;
#3040 = DIRECTION ( 'NONE',  ( 1.000000000000000000, 0.000000000000000000, 0.000000000000000000 ) ) ;
#3041 = AXIS2_PLACEMENT_3D ( 'NONE', #2401, #3597, #2385 ) ;
#3042 = ORIENTED_EDGE ( 'NONE', *, *, #2705, .T. ) ;
#3043 = ORIENTED_EDGE ( 'NONE', *, *, #747, .F. ) ;
#3044 = AXIS2_PLACEMENT_3D ( 'NONE', #2937, #3455, #3878 ) ;
#3045 = DIRECTION ( 'NONE',  ( -1.000000000000000000, 0.000000000000000000, 0.000000000000000000 ) ) ;
#3046 = CARTESIAN_POINT ( 'NONE',  ( 0.000000000000000000, 0.000000000000000000, 0.000000000000000000 ) ) ;
#3047 = DIRECTION ( 'NONE',  ( 0.000000000000000000, 0.000000000000000000, -1.000000000000000000 ) ) ;
#3048 = CARTESIAN_POINT ( 'NONE',  ( -90.04000000000000625, 18.00000000000000000, -5.000000000000000000 ) ) ;
#3049 = CARTESIAN_POINT ( 'NONE',  ( -66.14770016207920378, -21.48476219016887967, -4.480169700607346428 ) ) ;
#3050 = DIRECTION ( 'NONE',  ( 0.000000000000000000, 0.000000000000000000, 1.000000000000000000 ) ) ;
#3051 = EDGE_CURVE ( 'NONE', #107, #3179, #584, .T. ) ;
#3052 = DIRECTION ( 'NONE',  ( -0.000000000000000000, -0.000000000000000000, -1.000000000000000000 ) ) ;
#3053 = ORIENTED_EDGE ( 'NONE', *, *, #3378, .T. ) ;
#3054 = DIRECTION ( 'NONE',  ( 1.000000000000000000, 0.000000000000000000, 0.000000000000000000 ) ) ;
#3055 = DIRECTION ( 'NONE',  ( 0.000000000000000000, 0.000000000000000000, 1.000000000000000000 ) ) ;
#3056 = ORIENTED_EDGE ( 'NONE', *, *, #150, .T. ) ;
#3057 = CARTESIAN_POINT ( 'NONE',  ( -77.59315485310310123, -21.80522378320676324, 4.500000000000000000 ) ) ;
#3058 = ADVANCED_FACE ( 'NONE', ( #3371 ), #3536, .T. ) ;
#3059 = EDGE_CURVE ( 'NONE', #2205, #1865, #696, .T. ) ;
#3060 = CARTESIAN_POINT ( 'NONE',  ( -81.65366485660715057, -10.46470230284869629, -3.500000000000000444 ) ) ;
#3061 = DIRECTION ( 'NONE',  ( -0.000000000000000000, -0.000000000000000000, -1.000000000000000000 ) ) ;
#3062 = ORIENTED_EDGE ( 'NONE', *, *, #2308, .F. ) ;
#3063 = AXIS2_PLACEMENT_3D ( 'NONE', #2543, #1017, #137 ) ;
#3064 = AXIS2_PLACEMENT_3D ( 'NONE', #2453, #589, #3047 ) ;
#3065 = PLANE ( 'NONE',  #2695 ) ;
#3066 = CIRCLE ( 'NONE', #493, 12.99999999999999822 ) ;
#3067 = CYLINDRICAL_SURFACE ( 'NONE', #1208, 1.399999999999998579 ) ;
#3068 = CYLINDRICAL_SURFACE ( 'NONE', #2283, 3.500000000000003109 ) ;
#3069 = EDGE_CURVE ( 'NONE', #366, #1618, #1461, .T. ) ;
#3070 = ADVANCED_FACE ( 'NONE', ( #667 ), #3126, .F. ) ;
#3071 = DIRECTION ( 'NONE',  ( -0.000000000000000000, -0.000000000000000000, -1.000000000000000000 ) ) ;
#3072 = CARTESIAN_POINT ( 'NONE',  ( -76.26934084748776854, -21.47774069402302999, -3.971245106464120322 ) ) ;
#3073 = ORIENTED_EDGE ( 'NONE', *, *, #705, .F. ) ;
#3074 = CARTESIAN_POINT ( 'NONE',  ( -71.79000000000002046, -22.00000000000000000, -2.999999999999999112 ) ) ;
#3075 = DIRECTION ( 'NONE',  ( 0.000000000000000000, 0.000000000000000000, 1.000000000000000000 ) ) ;
#3076 = ORIENTED_EDGE ( 'NONE', *, *, #2106, .F. ) ;
#3077 = ORIENTED_EDGE ( 'NONE', *, *, #3589, .F. ) ;
#3078 = CARTESIAN_POINT ( 'NONE',  ( 107.4971067811865453, 0.000000000000000000, 4.999999999999999112 ) ) ;
#3079 = ADVANCED_FACE ( 'NONE', ( #3087 ), #3110, .T. ) ;
#3080 = DIRECTION ( 'NONE',  ( 1.000000000000000000, 0.000000000000000000, -0.000000000000000000 ) ) ;
#3081 = DIRECTION ( 'NONE',  ( -0.000000000000000000, -0.000000000000000000, -1.000000000000000000 ) ) ;
#3082 = CARTESIAN_POINT ( 'NONE',  ( -66.28454925335397263, -21.48859383154788816, -4.441098260208678816 ) ) ;
#3083 = VERTEX_POINT ( 'NONE', #2518 ) ;
#3084 = VECTOR ( 'NONE', #2230, 1000.000000000000000 ) ;
#3085 = DIRECTION ( 'NONE',  ( 0.000000000000000000, 0.000000000000000000, 1.000000000000000000 ) ) ;
#3086 = AXIS2_PLACEMENT_3D ( 'NONE', #1434, #2600, #1145 ) ;
#3087 = FACE_OUTER_BOUND ( 'NONE', #1445, .T. ) ;
#3088 = ORIENTED_EDGE ( 'NONE', *, *, #3196, .F. ) ;
#3089 = TOROIDAL_SURFACE ( 'NONE', #3840, 16.49999999999999645, 0.5000000000000000000 ) ;
#3090 = DIRECTION ( 'NONE',  ( -1.000000000000000000, 0.000000000000000000, 0.000000000000000000 ) ) ;
#3091 = CARTESIAN_POINT ( 'NONE',  ( 93.79000000000000625, 0.000000000000000000, 5.500000000000000000 ) ) ;
#3092 = AXIS2_PLACEMENT_3D ( 'NONE', #3739, #1038, #3448 ) ;
#3093 = ORIENTED_EDGE ( 'NONE', *, *, #804, .F. ) ;
#3094 = VERTEX_POINT ( 'NONE', #455 ) ;
#3095 = CARTESIAN_POINT ( 'NONE',  ( -77.45292650152639169, -21.80129752582787361, 4.480351442034853804 ) ) ;
#3096 = TOROIDAL_SURFACE ( 'NONE', #2533, 10.99999999999999645, 0.5000000000000000000 ) ;
#3097 = CARTESIAN_POINT ( 'NONE',  ( -67.17092603949819818, -21.32147651484353901, 4.092909103561147788 ) ) ;
#3098 = PRODUCT ( 'Femur_inside', 'Femur_inside', '', ( #2900 ) ) ;
#3099 = DIRECTION ( 'NONE',  ( 0.000000000000000000, -1.000000000000000000, 0.000000000000000000 ) ) ;
#3100 = AXIS2_PLACEMENT_3D ( 'NONE', #3795, #1103, #2314 ) ;
#3101 = CARTESIAN_POINT ( 'NONE',  ( 94.25180296406867342, -16.49353624976697930, 4.500000000000001776 ) ) ;
#3102 = FACE_BOUND ( 'NONE', #600, .T. ) ;
#3103 = FACE_OUTER_BOUND ( 'NONE', #2416, .T. ) ;
#3104 = CARTESIAN_POINT ( 'NONE',  ( -105.9263351433928904, -10.46470230284868030, -2.000000000000000444 ) ) ;
#3105 = EDGE_CURVE ( 'NONE', #1318, #1985, #2466, .T. ) ;
#3106 = EDGE_CURVE ( 'NONE', #3575, #3222, #1271, .T. ) ;
#3107 = CARTESIAN_POINT ( 'NONE',  ( -75.62782782891032696, -20.78950519771261085, -3.342213555720806362 ) ) ;
#3108 = ORIENTED_EDGE ( 'NONE', *, *, #2132, .T. ) ;
#3109 = DIRECTION ( 'NONE',  ( -0.000000000000000000, -0.000000000000000000, -1.000000000000000000 ) ) ;
#3110 =( BOUNDED_SURFACE ( )  B_SPLINE_SURFACE ( 3, 2, ( 
 ( #1575, #1593, #1874 ),
 ( #2462, #1890, #83 ),
 ( #718, #395, #2830 ),
 ( #2482, #1630, #2795 ),
 ( #3733, #3678, #3072 ),
 ( #95, #133, #1913 ),
 ( #977, #2808, #2246 ),
 ( #416, #3107, #3443 ),
 ( #1950, #1335, #115 ),
 ( #2188, #3144, #1312 ) ),
 .UNSPECIFIED., .F., .F., .F. ) 
 B_SPLINE_SURFACE_WITH_KNOTS ( ( 4, 2, 2, 2, 4 ),
 ( 3, 3 ),
 ( 0.000000000000000000, 0.0005723631709081125271, 0.001144726341816225054, 0.001717089512724337581, 0.002289452683632450108 ),
 ( 0.000000000000000000, 1.000000000000000000 ),
 .UNSPECIFIED. ) 
 GEOMETRIC_REPRESENTATION_ITEM ( )  RATIONAL_B_SPLINE_SURFACE ( (
 ( 1.000000000000000000, 0.7220087186509005495, 1.000000000000000000),
 ( 1.000000000000000000, 0.7406412634256364091, 1.000000000000000000),
 ( 1.000000000000000000, 0.7737646255231022119, 1.000000000000000000),
 ( 1.000000000000000000, 0.8424782250514134541, 1.000000000000000000),
 ( 1.000000000000000000, 0.8774972183179292617, 1.000000000000000000),
 ( 1.000000000000000000, 0.9363361060442749739, 1.000000000000000000),
 ( 1.000000000000000000, 0.9597875130770586738, 1.000000000000000000),
 ( 1.000000000000000000, 0.9916276492240824192, 1.000000000000000000),
 ( 1.000000000000000000, 1.000059267479119773, 1.000000000000000000),
 ( 1.000000000000000000, 1.000000000000000000, 1.000000000000000000) ) ) 
 REPRESENTATION_ITEM ( '' )  SURFACE ( )  );
#3111 = CARTESIAN_POINT ( 'NONE',  ( 105.2900000000000063, 1.408343819019455781E-15, 5.000000000000000000 ) ) ;
#3112 = APPLICATION_CONTEXT ( 'configuration controlled 3d designs of mechanical parts and assemblies' ) ;
#3113 = ORIENTED_EDGE ( 'NONE', *, *, #685, .T. ) ;
#3114 = EDGE_LOOP ( 'NONE', ( #744, #616, #2273, #2647 ) ) ;
#3115 = ORIENTED_EDGE ( 'NONE', *, *, #1881, .T. ) ;
#3116 = DIRECTION ( 'NONE',  ( 0.000000000000000000, 0.000000000000000000, 1.000000000000000000 ) ) ;
#3117 = ORIENTED_EDGE ( 'NONE', *, *, #935, .T. ) ;
#3118 = ORIENTED_EDGE ( 'NONE', *, *, #2641, .F. ) ;
#3119 = ADVANCED_FACE ( 'NONE', ( #61 ), #135, .T. ) ;
#3120 = CARTESIAN_POINT ( 'NONE',  ( -67.62754531649000000, -21.03224875990602527, -3.735305669428616859 ) ) ;
#3121 = CARTESIAN_POINT ( 'NONE',  ( -67.72347968454366196, -20.77421163383465341, -3.984664211802968037 ) ) ;
#3122 = AXIS2_PLACEMENT_3D ( 'NONE', #1998, #504, #1706 ) ;
#3123 = CARTESIAN_POINT ( 'NONE',  ( -66.25388659281071568, -21.00140355779450019, -4.973559329927708106 ) ) ;
#3124 = ORIENTED_EDGE ( 'NONE', *, *, #992, .T. ) ;
#3125 = DIRECTION ( 'NONE',  ( 1.000000000000000000, 0.000000000000000000, 0.000000000000000000 ) ) ;
#3126 = CYLINDRICAL_SURFACE ( 'NONE', #271, 3.750000000000003553 ) ;
#3127 = ORIENTED_EDGE ( 'NONE', *, *, #1591, .F. ) ;
#3128 = VECTOR ( 'NONE', #2059, 1000.000000000000000 ) ;
#3129 = CIRCLE ( 'NONE', #3692, 1.399999999999998579 ) ;
#3130 = EDGE_CURVE ( 'NONE', #3450, #2796, #961, .T. ) ;
#3131 = LINE ( 'NONE', #3111, #3084 ) ;
#3132 = LINE ( 'NONE', #3670, #1395 ) ;
#3133 = EDGE_LOOP ( 'NONE', ( #3617, #1808, #1417, #3117, #3042 ) ) ;
#3134 = EDGE_LOOP ( 'NONE', ( #1527, #3160, #1189, #1266 ) ) ;
#3135 = CARTESIAN_POINT ( 'NONE',  ( -66.76287818849249334, -21.45604221957658453, 4.302210355582150925 ) ) ;
#3136 = DIRECTION ( 'NONE',  ( -0.000000000000000000, -0.000000000000000000, -1.000000000000000000 ) ) ;
#3137 = DIRECTION ( 'NONE',  ( 1.000000000000000000, 0.000000000000000000, 0.000000000000000000 ) ) ;
#3138 = ORIENTED_EDGE ( 'NONE', *, *, #3734, .F. ) ;
#3139 = CARTESIAN_POINT ( 'NONE',  ( -76.72022450969554086, -21.28870372672530920, 4.736280489347379330 ) ) ;
#3140 = CARTESIAN_POINT ( 'NONE',  ( 80.08289321881348144, 1.678636444515106772E-15, 5.500000000000000000 ) ) ;
#3141 = VECTOR ( 'NONE', #2472, 1000.000000000000000 ) ;
#3142 = CARTESIAN_POINT ( 'NONE',  ( -79.60154273188013008, -9.000000000000007105, 5.000000000000000888 ) ) ;
#3143 = CIRCLE ( 'NONE', #260, 0.5000000000000004441 ) ;
#3144 = CARTESIAN_POINT ( 'NONE',  ( -75.51094466378638970, -20.53215436471002420, -2.999999999999999112 ) ) ;
#3145 = ORIENTED_EDGE ( 'NONE', *, *, #34, .F. ) ;
#3146 = CIRCLE ( 'NONE', #1960, 0.5000000000000004441 ) ;
#3147 = FACE_OUTER_BOUND ( 'NONE', #3696, .T. ) ;
#3148 = DIRECTION ( 'NONE',  ( -1.000000000000000000, 0.000000000000000000, 0.000000000000000000 ) ) ;
#3149 = AXIS2_PLACEMENT_3D ( 'NONE', #3786, #1093, #1369 ) ;
#3150 = EDGE_CURVE ( 'NONE', #2922, #3303, #755, .T. ) ;
#3151 = CARTESIAN_POINT ( 'NONE',  ( 95.89000000000000057, 7.000000000000000000, 30.50000000000000355 ) ) ;
#3152 = ORIENTED_EDGE ( 'NONE', *, *, #3703, .F. ) ;
#3153 = EDGE_LOOP ( 'NONE', ( #2809, #1803, #2211, #1467 ) ) ;
#3154 = CIRCLE ( 'NONE', #523, 12.99999999999999822 ) ;
#3155 = AXIS2_PLACEMENT_3D ( 'NONE', #2186, #3085, #3387 ) ;
#3156 = CARTESIAN_POINT ( 'NONE',  ( -66.90729949563385048, -21.01395137592256646, 4.736280489347809208 ) ) ;
#3157 = AXIS2_PLACEMENT_3D ( 'NONE', #3695, #2541, #2778 ) ;
#3158 = EDGE_CURVE ( 'NONE', #1377, #3864, #2281, .T. ) ;
#3159 = CALENDAR_DATE ( 2026, 3, 10 ) ;
#3160 = ORIENTED_EDGE ( 'NONE', *, *, #1884, .F. ) ;
#3161 = CARTESIAN_POINT ( 'NONE',  ( 85.39000000000000057, -8.572527594031484037E-16, 30.50000000000000000 ) ) ;
#3162 = CIRCLE ( 'NONE', #648, 3.750000000000003553 ) ;
#3163 = DIRECTION ( 'NONE',  ( -0.000000000000000000, -0.000000000000000000, -1.000000000000000000 ) ) ;
#3164 = ORIENTED_EDGE ( 'NONE', *, *, #1202, .F. ) ;
#3165 = DIRECTION ( 'NONE',  ( 0.000000000000000000, 0.000000000000000000, 1.000000000000000000 ) ) ;
#3166 = CYLINDRICAL_SURFACE ( 'NONE', #1072, 3.500000000000003109 ) ;
#3167 = CARTESIAN_POINT ( 'NONE',  ( -68.10800992050396019, -20.43262450371617334, 3.202855815089557634 ) ) ;
#3168 = VERTEX_POINT ( 'NONE', #158 ) ;
#3169 = EDGE_CURVE ( 'NONE', #2825, #893, #3573, .T. ) ;
#3170 = FACE_OUTER_BOUND ( 'NONE', #2018, .T. ) ;
#3171 = CYLINDRICAL_SURFACE ( 'NONE', #2648, 16.02499999999999858 ) ;
#3172 = CARTESIAN_POINT ( 'NONE',  ( 93.79000000000002046, -7.000000000000000000, -5.000000000000000888 ) ) ;
#3173 = ORIENTED_EDGE ( 'NONE', *, *, #1948, .T. ) ;
#3174 = ORIENTED_EDGE ( 'NONE', *, *, #1592, .F. ) ;
#3175 = FACE_OUTER_BOUND ( 'NONE', #1924, .T. ) ;
#3176 = CARTESIAN_POINT ( 'NONE',  ( -68.15701691347383928, -20.32625154428307113, 2.999999999999999112 ) ) ;
#3177 = VERTEX_POINT ( 'NONE', #2634 ) ;
#3178 = SHAPE_DEFINITION_REPRESENTATION ( #2502, #2812 ) ;
#3179 = VERTEX_POINT ( 'NONE', #2350 ) ;
#3180 = ADVANCED_FACE ( 'NONE', ( #819 ), #2853, .F. ) ;
#3181 = DIRECTION ( 'NONE',  ( -1.000000000000000000, 0.000000000000000000, 0.000000000000000000 ) ) ;
#3182 = VERTEX_POINT ( 'NONE', #2306 ) ;
#3183 = CARTESIAN_POINT ( 'NONE',  ( -109.3784572681198881, 9.000000000000007105, 30.99999999999999645 ) ) ;
#3184 = CARTESIAN_POINT ( 'NONE',  ( -90.04000000000000625, 18.00000000000000000, -5.000000000000000000 ) ) ;
#3185 = CARTESIAN_POINT ( 'NONE',  ( -90.79546953438796209, -15.74272569444443093, -3.500000000000000444 ) ) ;
#3186 = ORIENTED_EDGE ( 'NONE', *, *, #2851, .T. ) ;
#3187 = EDGE_CURVE ( 'NONE', #1249, #208, #1117, .T. ) ;
#3188 = CIRCLE ( 'NONE', #1999, 21.74999999999999289 ) ;
#3189 = DIRECTION ( 'NONE',  ( 0.000000000000000000, 0.000000000000000000, 1.000000000000000000 ) ) ;
#3190 = CARTESIAN_POINT ( 'NONE',  ( 93.79000000000000625, 0.000000000000000000, -5.000000000000000000 ) ) ;
#3191 = CIRCLE ( 'NONE', #1428, 3.750000000000003553 ) ;
#3192 = CARTESIAN_POINT ( 'NONE',  ( -67.30164877365928078, -20.94219344060442012, -4.457212122843254853 ) ) ;
#3193 = ORIENTED_EDGE ( 'NONE', *, *, #3229, .T. ) ;
#3194 = ORIENTED_EDGE ( 'NONE', *, *, #1086, .T. ) ;
#3195 = CARTESIAN_POINT ( 'NONE',  ( -113.1284572681199165, -8.999999999999994671, -5.000000000000000000 ) ) ;
#3196 = EDGE_CURVE ( 'NONE', #2896, #2873, #2776, .T. ) ;
#3197 = VERTEX_POINT ( 'NONE', #1990 ) ;
#3198 = DIRECTION ( 'NONE',  ( 1.000000000000000000, 0.000000000000000000, -0.000000000000000000 ) ) ;
#3199 = EDGE_CURVE ( 'NONE', #2744, #3083, #776, .T. ) ;
#3200 = ORIENTED_EDGE ( 'NONE', *, *, #2297, .F. ) ;
#3201 = CARTESIAN_POINT ( 'NONE',  ( 94.25180296406867342, 16.49353624976697930, -5.000000000000000000 ) ) ;
#3202 = FACE_OUTER_BOUND ( 'NONE', #723, .T. ) ;
#3203 = CYLINDRICAL_SURFACE ( 'NONE', #3723, 1.399999999999998579 ) ;
#3204 = ORIENTED_EDGE ( 'NONE', *, *, #789, .F. ) ;
#3205 = CIRCLE ( 'NONE', #2826, 3.500000000000003109 ) ;
#3206 = DIRECTION ( 'NONE',  ( 1.000000000000000000, 0.000000000000000000, 0.000000000000000000 ) ) ;
#3207 = DIRECTION ( 'NONE',  ( 1.000000000000000000, 0.000000000000000000, 0.000000000000000000 ) ) ;
#3208 = CIRCLE ( 'NONE', #2024, 1.399999999999998579 ) ;
#3209 = FACE_OUTER_BOUND ( 'NONE', #1987, .T. ) ;
#3210 = VERTEX_POINT ( 'NONE', #2889 ) ;
#3211 = ORIENTED_EDGE ( 'NONE', *, *, #910, .T. ) ;
#3212 = AXIS2_PLACEMENT_3D ( 'NONE', #3250, #238, #847 ) ;
#3213 = CARTESIAN_POINT ( 'NONE',  ( -97.54000000000002046, 18.00000000000000000, -5.000000000000000000 ) ) ;
#3214 = ADVANCED_FACE ( 'NONE', ( #192 ), #3544, .T. ) ;
#3215 = AXIS2_PLACEMENT_3D ( 'NONE', #1607, #2224, #375 ) ;
#3216 = PERSON_AND_ORGANIZATION_ROLE ( 'design_supplier' ) ;
#3217 = CIRCLE ( 'NONE', #3653, 13.70710678118652837 ) ;
#3218 = ORIENTED_EDGE ( 'NONE', *, *, #2843, .F. ) ;
#3219 = ADVANCED_FACE ( 'NONE', ( #1051 ), #3203, .F. ) ;
#3220 = AXIS2_PLACEMENT_3D ( 'NONE', #722, #1954, #435 ) ;
#3221 = DIRECTION ( 'NONE',  ( 0.000000000000000000, 0.000000000000000000, 1.000000000000000000 ) ) ;
#3222 = VERTEX_POINT ( 'NONE', #2326 ) ;
#3223 = CIRCLE ( 'NONE', #2412, 0.5000000000000004441 ) ;
#3224 = CARTESIAN_POINT ( 'NONE',  ( 94.26579699328287631, -16.99334037854779567, 4.500000000000001776 ) ) ;
#3225 = DIRECTION ( 'NONE',  ( -0.000000000000000000, -0.000000000000000000, -1.000000000000000000 ) ) ;
#3226 = CARTESIAN_POINT ( 'NONE',  ( -75.51094466378638970, -20.53215436471002420, -2.999999999999999112 ) ) ;
#3227 = EDGE_CURVE ( 'NONE', #1938, #3575, #2037, .T. ) ;
#3228 = ORIENTED_EDGE ( 'NONE', *, *, #2981, .F. ) ;
#3229 = EDGE_CURVE ( 'NONE', #1035, #515, #2103, .T. ) ;
#3230 = EDGE_CURVE ( 'NONE', #3526, #1705, #700, .T. ) ;
#3231 = CARTESIAN_POINT ( 'NONE',  ( -109.3784572681198881, 9.000000000000007105, -2.000000000000000444 ) ) ;
#3232 = DIRECTION ( 'NONE',  ( 1.000000000000000000, 0.000000000000000000, 0.000000000000000000 ) ) ;
#3233 = CARTESIAN_POINT ( 'NONE',  ( -67.74944372580655738, -20.75917456065403499, -3.946455247755708218 ) ) ;
#3234 = ORIENTED_EDGE ( 'NONE', *, *, #2474, .F. ) ;
#3235 = EDGE_LOOP ( 'NONE', ( #2105, #2338, #502, #3684 ) ) ;
#3236 = CIRCLE ( 'NONE', #1795, 0.5000000000000004441 ) ;
#3237 = EDGE_CURVE ( 'NONE', #3666, #1921, #398, .T. ) ;
#3238 = DIRECTION ( 'NONE',  ( -0.02798805842840749666, -0.9996082575616350718, 0.000000000000000000 ) ) ;
#3239 = CARTESIAN_POINT ( 'NONE',  ( -78.20154273188012439, -9.000000000000007105, 5.000000000000000888 ) ) ;
#3240 = VERTEX_POINT ( 'NONE', #1452 ) ;
#3241 = VERTEX_POINT ( 'NONE', #3851 ) ;
#3242 = CARTESIAN_POINT ( 'NONE',  ( -93.79000000000000625, 0.000000000000000000, 4.000000000000000000 ) ) ;
#3243 = ORIENTED_EDGE ( 'NONE', *, *, #3604, .T. ) ;
#3244 = FACE_OUTER_BOUND ( 'NONE', #1262, .T. ) ;
#3245 = CARTESIAN_POINT ( 'NONE',  ( -93.79000000000000625, 0.000000000000000000, 5.000000000000000888 ) ) ;
#3246 = CARTESIAN_POINT ( 'NONE',  ( -76.87121166375644066, -21.74603069941979783, -4.314685106800539849 ) ) ;
#3247 = DIRECTION ( 'NONE',  ( 0.000000000000000000, 0.000000000000000000, 1.000000000000000000 ) ) ;
#3248 = ORIENTED_EDGE ( 'NONE', *, *, #151, .T. ) ;
#3249 = DIRECTION ( 'NONE',  ( 0.000000000000000000, 0.000000000000000000, 1.000000000000000000 ) ) ;
#3250 = CARTESIAN_POINT ( 'NONE',  ( -109.3784572681199165, -8.999999999999994671, -5.000000000000000000 ) ) ;
#3251 = CARTESIAN_POINT ( 'NONE',  ( -68.04196257335283349, -20.51996037320567368, -3.388042820226815799 ) ) ;
#3252 = ORIENTED_EDGE ( 'NONE', *, *, #2816, .F. ) ;
#3253 = VERTEX_POINT ( 'NONE', #2369 ) ;
#3254 = EDGE_CURVE ( 'NONE', #1132, #2519, #3330, .T. ) ;
#3255 = DIRECTION ( 'NONE',  ( -1.000000000000000000, 0.000000000000000000, 0.000000000000000000 ) ) ;
#3256 = DIRECTION ( 'NONE',  ( 0.000000000000000000, 0.000000000000000000, 1.000000000000000000 ) ) ;
#3257 = VECTOR ( 'NONE', #2578, 1000.000000000000000 ) ;
#3258 = ORIENTED_EDGE ( 'NONE', *, *, #935, .F. ) ;
#3259 = ORIENTED_EDGE ( 'NONE', *, *, #529, .T. ) ;
#3260 = DIRECTION ( 'NONE',  ( 1.000000000000000000, 0.000000000000000000, 0.000000000000000000 ) ) ;
#3261 = EDGE_LOOP ( 'NONE', ( #1810, #1097, #3825, #941 ) ) ;
#3262 = CARTESIAN_POINT ( 'NONE',  ( 93.79000000000000625, 0.000000000000000000, -5.000000000000000000 ) ) ;
#3263 = LINE ( 'NONE', #919, #3352 ) ;
#3264 = DIRECTION ( 'NONE',  ( -0.000000000000000000, -0.000000000000000000, -1.000000000000000000 ) ) ;
#3265 = LINE ( 'NONE', #3014, #1587 ) ;
#3266 = ORIENTED_EDGE ( 'NONE', *, *, #1881, .F. ) ;
#3267 = CARTESIAN_POINT ( 'NONE',  ( 92.19000000000002615, 7.000000000000000000, 30.50000000000000355 ) ) ;
#3268 = DIRECTION ( 'NONE',  ( -0.000000000000000000, -0.000000000000000000, -1.000000000000000000 ) ) ;
#3269 = CARTESIAN_POINT ( 'NONE',  ( 102.1900000000000119, 1.714505518806302527E-16, -1.999999999999998224 ) ) ;
#3270 = ORIENTED_EDGE ( 'NONE', *, *, #1294, .T. ) ;
#3271 = CC_DESIGN_APPROVAL ( #390, ( #3586 ) ) ;
#3272 = DIRECTION ( 'NONE',  ( -1.000000000000000000, 0.000000000000000000, 0.000000000000000000 ) ) ;
#3273 = EDGE_CURVE ( 'NONE', #1423, #329, #320, .T. ) ;
#3274 = DIRECTION ( 'NONE',  ( 1.000000000000000000, 0.000000000000000000, 0.000000000000000000 ) ) ;
#3275 = AXIS2_PLACEMENT_3D ( 'NONE', #1573, #1013, #2775 ) ;
#3276 = ORIENTED_EDGE ( 'NONE', *, *, #486, .T. ) ;
#3277 = TOROIDAL_SURFACE ( 'NONE', #1958, 4.000000000000007105, 0.5000000000000000000 ) ;
#3278 = ORIENTED_EDGE ( 'NONE', *, *, #882, .F. ) ;
#3279 = CIRCLE ( 'NONE', #194, 11.49999999999999645 ) ;
#3280 = ADVANCED_FACE ( 'NONE', ( #3581 ), #2698, .F. ) ;
#3281 = EDGE_CURVE ( 'NONE', #541, #515, #26, .T. ) ;
#3282 = VECTOR ( 'NONE', #319, 1000.000000000000000 ) ;
#3283 = CARTESIAN_POINT ( 'NONE',  ( -93.18125972918222999, 21.74147960196555829, -4.500000000000000888 ) ) ;
#3284 = ORIENTED_EDGE ( 'NONE', *, *, #391, .F. ) ;
#3285 = DIRECTION ( 'NONE',  ( 1.000000000000000000, 0.000000000000000000, 0.000000000000000000 ) ) ;
#3286 = CIRCLE ( 'NONE', #580, 2.099999999999990763 ) ;
#3287 = EDGE_CURVE ( 'NONE', #1565, #1076, #2352, .T. ) ;
#3288 = DIRECTION ( 'NONE',  ( -0.000000000000000000, -0.000000000000000000, -1.000000000000000000 ) ) ;
#3289 = AXIS2_PLACEMENT_3D ( 'NONE', #2977, #287, #1482 ) ;
#3290 = DIRECTION ( 'NONE',  ( -1.000000000000000000, 0.000000000000000000, 0.000000000000000000 ) ) ;
#3291 = LINE ( 'NONE', #1165, #836 ) ;
#3292 = CIRCLE ( 'NONE', #900, 1.399999999999998579 ) ;
#3293 = DIRECTION ( 'NONE',  ( -1.000000000000000000, -1.224646799147353454E-16, 0.000000000000000000 ) ) ;
#3294 = DIRECTION ( 'NONE',  ( 1.000000000000000000, 0.000000000000000000, 0.000000000000000000 ) ) ;
#3295 = CARTESIAN_POINT ( 'NONE',  ( -76.80154273188013292, -9.000000000000007105, 30.99999999999999645 ) ) ;
#3296 = EDGE_CURVE ( 'NONE', #7, #3818, #3415, .T. ) ;
#3297 = DIRECTION ( 'NONE',  ( 0.000000000000000000, 0.000000000000000000, 1.000000000000000000 ) ) ;
#3298 = ORIENTED_EDGE ( 'NONE', *, *, #3755, .F. ) ;
#3299 = EDGE_CURVE ( 'NONE', #1090, #1342, #3265, .T. ) ;
#3300 = CIRCLE ( 'NONE', #3419, 3.750000000000003553 ) ;
#3301 = CARTESIAN_POINT ( 'NONE',  ( -93.16726569996802709, -22.24128373074637821, -5.000000000000000000 ) ) ;
#3302 = CARTESIAN_POINT ( 'NONE',  ( -113.1284572681198881, 9.000000000000007105, -2.000000000000000444 ) ) ;
#3303 = VERTEX_POINT ( 'NONE', #2723 ) ;
#3304 = ORIENTED_EDGE ( 'NONE', *, *, #3568, .T. ) ;
#3305 = EDGE_CURVE ( 'NONE', #1690, #3864, #937, .T. ) ;
#3306 = FACE_OUTER_BOUND ( 'NONE', #2081, .T. ) ;
#3307 = ORIENTED_EDGE ( 'NONE', *, *, #3726, .T. ) ;
#3308 = CARTESIAN_POINT ( 'NONE',  ( -75.62229094449413935, -20.74250582775734131, 3.409508630502319004 ) ) ;
#3309 = EDGE_CURVE ( 'NONE', #3210, #3315, #2594, .T. ) ;
#3310 = DIRECTION ( 'NONE',  ( -0.000000000000000000, -0.000000000000000000, -1.000000000000000000 ) ) ;
#3311 = DIRECTION ( 'NONE',  ( 0.02798805842840749666, 0.9996082575616350718, 0.000000000000000000 ) ) ;
#3312 = CARTESIAN_POINT ( 'NONE',  ( -75.66157068987607204, -20.85084086639324852, 3.304561246684980969 ) ) ;
#3313 = DIRECTION ( 'NONE',  ( 1.000000000000000000, 0.000000000000000000, 0.000000000000000000 ) ) ;
#3314 = CARTESIAN_POINT ( 'NONE',  ( 94.25180296406868763, 16.49353624976697574, 4.500000000000000888 ) ) ;
#3315 = VERTEX_POINT ( 'NONE', #571 ) ;
#3316 = DIRECTION ( 'NONE',  ( -0.000000000000000000, -0.000000000000000000, -1.000000000000000000 ) ) ;
#3317 = DIRECTION ( 'NONE',  ( -0.000000000000000000, -0.000000000000000000, -1.000000000000000000 ) ) ;
#3318 = EDGE_LOOP ( 'NONE', ( #581, #129, #542, #615, #2050, #268 ) ) ;
#3319 = AXIS2_PLACEMENT_3D ( 'NONE', #1851, #2677, #356 ) ;
#3320 = ORIENTED_EDGE ( 'NONE', *, *, #2771, .T. ) ;
#3321 = AXIS2_PLACEMENT_3D ( 'NONE', #1842, #1543, #63 ) ;
#3322 = DIRECTION ( 'NONE',  ( -1.000000000000000000, 0.000000000000000000, 0.000000000000000000 ) ) ;
#3323 = ORIENTED_EDGE ( 'NONE', *, *, #788, .F. ) ;
#3324 = AXIS2_PLACEMENT_3D ( 'NONE', #593, #960, #3313 ) ;
#3325 = CARTESIAN_POINT ( 'NONE',  ( 91.69000000000002615, 7.000000000000000000, 30.50000000000000355 ) ) ;
#3326 = VECTOR ( 'NONE', #1925, 1000.000000000000000 ) ;
#3327 = CARTESIAN_POINT ( 'NONE',  ( 100.7900000000000205, 0.000000000000000000, -5.000000000000000000 ) ) ;
#3328 = EDGE_CURVE ( 'NONE', #652, #1377, #2361, .T. ) ;
#3329 = DIRECTION ( 'NONE',  ( 0.000000000000000000, 0.000000000000000000, 1.000000000000000000 ) ) ;
#3330 = LINE ( 'NONE', #25, #2536 ) ;
#3331 = CARTESIAN_POINT ( 'NONE',  ( -71.79000000000002046, -22.00000000000000000, -2.999999999999999112 ) ) ;
#3332 = CARTESIAN_POINT ( 'NONE',  ( -66.14706363065033656, -21.48474436790831632, 4.480351442034850251 ) ) ;
#3333 = ORIENTED_EDGE ( 'NONE', *, *, #1768, .T. ) ;
#3334 = ORIENTED_EDGE ( 'NONE', *, *, #1136, .F. ) ;
#3335 = DIRECTION ( 'NONE',  ( 0.9996082575616351829, 0.02798805842840386415, 0.000000000000000000 ) ) ;
#3336 = CYLINDRICAL_SURFACE ( 'NONE', #2717, 1.400000000000012346 ) ;
#3337 = VERTEX_POINT ( 'NONE', #281 ) ;
#3338 = CARTESIAN_POINT ( 'NONE',  ( -93.16726569996802709, -22.24128373074637821, -5.000000000000000000 ) ) ;
#3339 = CIRCLE ( 'NONE', #2835, 22.24999999999999289 ) ;
#3340 = VECTOR ( 'NONE', #3664, 1000.000000000000000 ) ;
#3341 = CYLINDRICAL_SURFACE ( 'NONE', #1212, 0.5000000000000013323 ) ;
#3342 = ORIENTED_EDGE ( 'NONE', *, *, #1613, .F. ) ;
#3343 = APPLICATION_PROTOCOL_DEFINITION ( 'international standard', 'config_control_design', 1994, #2913 ) ;
#3344 = ORIENTED_EDGE ( 'NONE', *, *, #1186, .F. ) ;
#3345 = ADVANCED_FACE ( 'NONE', ( #3868 ), #3638, .F. ) ;
#3346 = AXIS2_PLACEMENT_3D ( 'NONE', #3543, #2947, #3311 ) ;
#3347 = FACE_OUTER_BOUND ( 'NONE', #1699, .T. ) ;
#3348 = LINE ( 'NONE', #2755, #2963 ) ;
#3349 = CIRCLE ( 'NONE', #3408, 16.50000000000000000 ) ;
#3350 = CARTESIAN_POINT ( 'NONE',  ( -66.00735477820902020, -21.48083265599966651, -4.499999989285090152 ) ) ;
#3351 = ORIENTED_EDGE ( 'NONE', *, *, #845, .T. ) ;
#3352 = VECTOR ( 'NONE', #2404, 1000.000000000000000 ) ;
#3353 = CIRCLE ( 'NONE', #1783, 0.5000000000000004441 ) ;
#3354 = CARTESIAN_POINT ( 'NONE',  ( 95.39000000000002899, -7.000000000000000000, -5.000000000000000888 ) ) ;
#3355 = CARTESIAN_POINT ( 'NONE',  ( -67.62754531649000000, -21.03224875990602527, 3.735305669428616859 ) ) ;
#3356 = ORIENTED_EDGE ( 'NONE', *, *, #1029, .F. ) ;
#3357 = AXIS2_PLACEMENT_3D ( 'NONE', #1495, #2076, #2427 ) ;
#3358 = EDGE_CURVE ( 'NONE', #1174, #1880, #3291, .T. ) ;
#3359 = ADVANCED_FACE ( 'NONE', ( #591 ), #3096, .T. ) ;
#3360 = CARTESIAN_POINT ( 'NONE',  ( -65.87785208136273241, -20.97701075853508002, -4.500000000000000888 ) ) ;
#3361 = DIRECTION ( 'NONE',  ( -0.000000000000000000, -0.000000000000000000, -1.000000000000000000 ) ) ;
#3362 = VECTOR ( 'NONE', #3826, 1000.000000000000000 ) ;
#3363 = ORIENTED_EDGE ( 'NONE', *, *, #97, .T. ) ;
#3364 = CARTESIAN_POINT ( 'NONE',  ( 94.25180296406871605, 16.49353624976697574, -5.000000000000000000 ) ) ;
#3365 = DIRECTION ( 'NONE',  ( 0.000000000000000000, 0.000000000000000000, 1.000000000000000000 ) ) ;
#3366 = VERTEX_POINT ( 'NONE', #2405 ) ;
#3367 = DIRECTION ( 'NONE',  ( 1.000000000000000000, 0.000000000000000000, 0.000000000000000000 ) ) ;
#3368 = DIRECTION ( 'NONE',  ( 1.000000000000000000, 0.000000000000000000, 0.000000000000000000 ) ) ;
#3369 = CIRCLE ( 'NONE', #1170, 12.99999999999999822 ) ;
#3370 = CARTESIAN_POINT ( 'NONE',  ( 93.79000000000000625, 0.000000000000000000, 31.00000000000000000 ) ) ;
#3371 = FACE_OUTER_BOUND ( 'NONE', #3822, .T. ) ;
#3372 = EDGE_LOOP ( 'NONE', ( #2052, #3609 ) ) ;
#3373 = DIRECTION ( 'NONE',  ( 1.000000000000000000, 0.000000000000000000, -0.000000000000000000 ) ) ;
#3374 = DIRECTION ( 'NONE',  ( 1.000000000000000000, 1.119104808822157919E-13, 0.000000000000000000 ) ) ;
#3375 = ADVANCED_FACE ( 'NONE', ( #2478, #2805 ), #2457, .F. ) ;
#3376 = ORIENTED_EDGE ( 'NONE', *, *, #3378, .F. ) ;
#3377 = CARTESIAN_POINT ( 'NONE',  ( -95.19000000000001194, 18.00000000000000000, 5.000000000000000888 ) ) ;
#3378 = EDGE_CURVE ( 'NONE', #107, #3168, #1625, .T. ) ;
#3379 = DIRECTION ( 'NONE',  ( 0.02798805842840749666, -0.9996082575616350718, 0.000000000000000000 ) ) ;
#3380 = VERTEX_POINT ( 'NONE', #1854 ) ;
#3381 = CIRCLE ( 'NONE', #108, 21.74999999999999289 ) ;
#3382 = FACE_OUTER_BOUND ( 'NONE', #3457, .T. ) ;
#3383 = AXIS2_PLACEMENT_3D ( 'NONE', #2741, #2097, #59 ) ;
#3384 = CARTESIAN_POINT ( 'NONE',  ( 98.89000000000001478, 0.000000000000000000, 30.50000000000000000 ) ) ;
#3385 = CARTESIAN_POINT ( 'NONE',  ( -66.43498793930581314, -21.01391495622805294, -4.921464346944900647 ) ) ;
#3386 = ORIENTED_EDGE ( 'NONE', *, *, #3237, .F. ) ;
#3387 = DIRECTION ( 'NONE',  ( 1.000000000000000000, 0.000000000000000000, 0.000000000000000000 ) ) ;
#3388 = DIRECTION ( 'NONE',  ( 0.000000000000000000, 0.000000000000000000, 1.000000000000000000 ) ) ;
#3389 = VERTEX_POINT ( 'NONE', #77 ) ;
#3390 = CARTESIAN_POINT ( 'NONE',  ( -66.05293522101622727, -21.48210886404052289, 4.993279766110623186 ) ) ;
#3391 = CARTESIAN_POINT ( 'NONE',  ( 94.25180296406868763, 16.49353624976697574, 5.000000000000000000 ) ) ;
#3392 = ORIENTED_EDGE ( 'NONE', *, *, #103, .T. ) ;
#3393 = ORIENTED_EDGE ( 'NONE', *, *, #3492, .F. ) ;
#3394 = ADVANCED_FACE ( 'NONE', ( #2171 ), #3068, .F. ) ;
#3395 = CARTESIAN_POINT ( 'NONE',  ( 94.29000000000000625, 0.000000000000000000, -5.000000000000000000 ) ) ;
#3396 = ORIENTED_EDGE ( 'NONE', *, *, #2176, .F. ) ;
#3397 = EDGE_CURVE ( 'NONE', #2099, #1373, #2787, .T. ) ;
#3398 = ADVANCED_FACE ( 'NONE', ( #1572 ), #1534, .T. ) ;
#3399 = DIRECTION ( 'NONE',  ( -1.000000000000000000, 0.000000000000000000, 0.000000000000000000 ) ) ;
#3400 = DIRECTION ( 'NONE',  ( -0.000000000000000000, -0.000000000000000000, -1.000000000000000000 ) ) ;
#3401 = CARTESIAN_POINT ( 'NONE',  ( -66.41599142045889437, -21.49227408431196551, -4.901839895707601258 ) ) ;
#3402 = ORIENTED_EDGE ( 'NONE', *, *, #2042, .T. ) ;
#3403 = TOROIDAL_SURFACE ( 'NONE', #3768, 1.900000000000002576, 0.5000000000000000000 ) ;
#3404 = CARTESIAN_POINT ( 'NONE',  ( -65.86385805214858635, -21.47681488731589639, -4.500000000000000888 ) ) ;
#3405 = AXIS2_PLACEMENT_3D ( 'NONE', #1480, #1780, #3548 ) ;
#3406 = CARTESIAN_POINT ( 'NONE',  ( -66.29854328256816132, -20.98878970276706468, -4.441098260208668158 ) ) ;
#3407 = ORIENTED_EDGE ( 'NONE', *, *, #985, .F. ) ;
#3408 = AXIS2_PLACEMENT_3D ( 'NONE', #186, #2279, #2382 ) ;
#3409 = CARTESIAN_POINT ( 'NONE',  ( 86.79000000000000625, -8.572527594031484037E-16, -1.999999999999998224 ) ) ;
#3410 = DIRECTION ( 'NONE',  ( 0.000000000000000000, 0.000000000000000000, 1.000000000000000000 ) ) ;
#3411 = VECTOR ( 'NONE', #2910, 1000.000000000000000 ) ;
#3412 = ORIENTED_EDGE ( 'NONE', *, *, #2084, .F. ) ;
#3413 = ORIENTED_EDGE ( 'NONE', *, *, #573, .F. ) ;
#3414 = ORIENTED_EDGE ( 'NONE', *, *, #2732, .F. ) ;
#3415 = CIRCLE ( 'NONE', #643, 1.399999999999998579 ) ;
#3416 = CARTESIAN_POINT ( 'NONE',  ( -68.04196257335283349, -20.51996037320567368, 3.388042820226815799 ) ) ;
#3417 = PLANE ( 'NONE',  #1511 ) ;
#3418 = ORIENTED_EDGE ( 'NONE', *, *, #2679, .F. ) ;
#3419 = AXIS2_PLACEMENT_3D ( 'NONE', #503, #2548, #2897 ) ;
#3420 = DIRECTION ( 'NONE',  ( -1.000000000000000000, 0.000000000000000000, 0.000000000000000000 ) ) ;
#3421 = CARTESIAN_POINT ( 'NONE',  ( -68.15701691347383928, -20.32625154428307823, -2.999999999999999112 ) ) ;
#3422 = EDGE_CURVE ( 'NONE', #1974, #312, #1081, .T. ) ;
#3423 = CARTESIAN_POINT ( 'NONE',  ( -66.06801482589214913, -20.98910331210485936, -5.000000000000000000 ) ) ;
#3424 = FACE_OUTER_BOUND ( 'NONE', #1771, .T. ) ;
#3425 = CARTESIAN_POINT ( 'NONE',  ( -93.79000000000000625, 0.000000000000000000, 3.999999999999999112 ) ) ;
#3426 = ORIENTED_EDGE ( 'NONE', *, *, #195, .F. ) ;
#3427 = CARTESIAN_POINT ( 'NONE',  ( -77.31544087882275562, -21.79744806218830888, -4.441098260208684145 ) ) ;
#3428 = DIRECTION ( 'NONE',  ( 0.000000000000000000, 0.000000000000000000, 1.000000000000000000 ) ) ;
#3429 = CARTESIAN_POINT ( 'NONE',  ( -105.9263351433928761, 10.46470230284870695, -2.000000000000000444 ) ) ;
#3430 = VERTEX_POINT ( 'NONE', #1887 ) ;
#3431 = ORIENTED_EDGE ( 'NONE', *, *, #8, .F. ) ;
#3432 = DIRECTION ( 'NONE',  ( -0.000000000000000000, -0.000000000000000000, -1.000000000000000000 ) ) ;
#3433 = CARTESIAN_POINT ( 'NONE',  ( -78.20154273188011018, 8.999999999999980460, -2.000000000000000444 ) ) ;
#3434 = COORDINATED_UNIVERSAL_TIME_OFFSET ( 8, 0, .BEHIND. ) ;
#3435 = ORIENTED_EDGE ( 'NONE', *, *, #673, .T. ) ;
#3436 = AXIS2_PLACEMENT_3D ( 'NONE', #642, #3288, #2990 ) ;
#3437 = CARTESIAN_POINT ( 'NONE',  ( 93.79000000000000625, 0.000000000000000000, 5.000000000000000000 ) ) ;
#3438 = CARTESIAN_POINT ( 'NONE',  ( -77.19179815089960073, -21.31509517400628795, 4.921464346944899759 ) ) ;
#3439 = LINE ( 'NONE', #532, #1846 ) ;
#3440 = ADVANCED_FACE ( 'NONE', ( #1275 ), #1231, .T. ) ;
#3441 = AXIS2_PLACEMENT_3D ( 'NONE', #2974, #198, #1992 ) ;
#3442 = DIRECTION ( 'NONE',  ( 0.000000000000000000, 0.000000000000000000, 1.000000000000000000 ) ) ;
#3443 = CARTESIAN_POINT ( 'NONE',  ( -75.65381720869488902, -20.83707374729030803, -3.291032115896745491 ) ) ;
#3444 = ORIENTED_EDGE ( 'NONE', *, *, #1548, .F. ) ;
#3445 = CIRCLE ( 'NONE', #1184, 3.750000000000003553 ) ;
#3446 = CARTESIAN_POINT ( 'NONE',  ( -77.73613208002815611, -21.80922700642029355, -4.500000000000000000 ) ) ;
#3447 = CARTESIAN_POINT ( 'NONE',  ( -112.6260534797050497, 10.87499835906536561, -5.000000000000000000 ) ) ;
#3448 = DIRECTION ( 'NONE',  ( -1.000000000000000000, 0.000000000000000000, 0.000000000000000000 ) ) ;
#3449 = ORIENTED_EDGE ( 'NONE', *, *, #1481, .F. ) ;
#3450 = VERTEX_POINT ( 'NONE', #392 ) ;
#3451 = LINE ( 'NONE', #1538, #1856 ) ;
#3452 = FACE_OUTER_BOUND ( 'NONE', #2609, .T. ) ;
#3453 = CALENDAR_DATE ( 2026, 3, 10 ) ;
#3454 = ORIENTED_EDGE ( 'NONE', *, *, #1371, .T. ) ;
#3455 = DIRECTION ( 'NONE',  ( -0.9996082575616350718, 0.02798805842840749666, 0.000000000000000000 ) ) ;
#3456 = CARTESIAN_POINT ( 'NONE',  ( -105.9263351433928904, -10.46470230284868208, -3.500000000000000444 ) ) ;
#3457 = EDGE_LOOP ( 'NONE', ( #2377, #134, #750, #3535 ) ) ;
#3458 = LINE ( 'NONE', #1712, #2847 ) ;
#3459 = AXIS2_PLACEMENT_3D ( 'NONE', #2751, #1567, #53 ) ;
#3460 = CARTESIAN_POINT ( 'NONE',  ( 93.79000000000002046, -7.000000000000000000, 31.00000000000000000 ) ) ;
#3461 = TOROIDAL_SURFACE ( 'NONE', #687, 4.000000000000003553, 0.5000000000000000000 ) ;
#3462 = CARTESIAN_POINT ( 'NONE',  ( -67.84201174472114815, -20.69983219104482686, 3.798625221035606625 ) ) ;
#3463 = ORIENTED_EDGE ( 'NONE', *, *, #3199, .F. ) ;
#3464 = CARTESIAN_POINT ( 'NONE',  ( -65.87785208136281767, -20.97701075853508357, 4.999999999999999112 ) ) ;
#3465 = LINE ( 'NONE', #1037, #445 ) ;
#3466 = AXIS2_PLACEMENT_3D ( 'NONE', #2909, #1754, #1989 ) ;
#3467 = CARTESIAN_POINT ( 'NONE',  ( -66.90729949563385048, -21.01395137592256646, -4.736280489347809208 ) ) ;
#3468 = ORIENTED_EDGE ( 'NONE', *, *, #1346, .T. ) ;
#3469 = ADVANCED_FACE ( 'NONE', ( #1589 ), #1909, .F. ) ;
#3470 = EDGE_LOOP ( 'NONE', ( #2953, #1651, #1757, #141 ) ) ;
#3471 = ADVANCED_FACE ( 'NONE', ( #3102, #2756, #1287, #113, #1310, #2511 ), #3708, .F. ) ;
#3472 = VECTOR ( 'NONE', #1847, 1000.000000000000000 ) ;
#3473 = CARTESIAN_POINT ( 'NONE',  ( -67.46816756539030280, -20.88825554559988618, 4.294993482327392087 ) ) ;
#3474 = AXIS2_PLACEMENT_3D ( 'NONE', #1698, #3247, #476 ) ;
#3475 = ORIENTED_EDGE ( 'NONE', *, *, #169, .T. ) ;
#3476 = PERSON_AND_ORGANIZATION ( #2256, #1634 ) ;
#3477 = ORIENTED_EDGE ( 'NONE', *, *, #1256, .T. ) ;
#3478 = AXIS2_PLACEMENT_3D ( 'NONE', #732, #1112, #1408 ) ;
#3479 = CARTESIAN_POINT ( 'NONE',  ( -76.16726833929665474, -21.13182190161260365, 4.294993482326437295 ) ) ;
#3480 = VERTEX_POINT ( 'NONE', #1031 ) ;
#3481 = DIRECTION ( 'NONE',  ( -1.000000000000000000, 0.000000000000000000, 0.000000000000000000 ) ) ;
#3482 = EDGE_CURVE ( 'NONE', #3366, #2168, #3292, .T. ) ;
#3483 = DIRECTION ( 'NONE',  ( -0.000000000000000000, -0.000000000000000000, -1.000000000000000000 ) ) ;
#3484 = CARTESIAN_POINT ( 'NONE',  ( -75.80457774764411738, -20.92279450409708730, -3.798668103547229613 ) ) ;
#3485 = ORIENTED_EDGE ( 'NONE', *, *, #602, .T. ) ;
#3486 = CARTESIAN_POINT ( 'NONE',  ( -93.79000000000000625, 0.000000000000000000, 5.000000000000000888 ) ) ;
#3487 = CARTESIAN_POINT ( 'NONE',  ( 107.4971067811865453, 0.000000000000000000, 5.500000000000000000 ) ) ;
#3488 = DIRECTION ( 'NONE',  ( 0.000000000000000000, 0.000000000000000000, 1.000000000000000000 ) ) ;
#3489 = ORIENTED_EDGE ( 'NONE', *, *, #608, .T. ) ;
#3490 = VERTEX_POINT ( 'NONE', #1732 ) ;
#3491 = DIRECTION ( 'NONE',  ( 0.000000000000000000, 0.000000000000000000, -1.000000000000000000 ) ) ;
#3492 = EDGE_CURVE ( 'NONE', #2259, #3315, #3458, .T. ) ;
#3493 = PERSON_AND_ORGANIZATION ( #2256, #1634 ) ;
#3494 = EDGE_LOOP ( 'NONE', ( #3752, #2933, #656, #1749 ) ) ;
#3495 = ADVANCED_FACE ( 'NONE', ( #1695 ), #2850, .F. ) ;
#3496 = CARTESIAN_POINT ( 'NONE',  ( -77.06862844218389341, -21.79053755415153759, 4.388248118054556279 ) ) ;
#3497 = ORIENTED_EDGE ( 'NONE', *, *, #1827, .T. ) ;
#3498 = CARTESIAN_POINT ( 'NONE',  ( 93.79000000000000625, 0.000000000000000000, 5.500000000000000000 ) ) ;
#3499 = DIRECTION ( 'NONE',  ( -0.000000000000000000, -0.000000000000000000, -1.000000000000000000 ) ) ;
#3500 = DIRECTION ( 'NONE',  ( -0.02798805842840749666, 0.9996082575616350718, 0.000000000000000000 ) ) ;
#3501 = EDGE_LOOP ( 'NONE', ( #18, #3805, #1302, #1386, #724, #618, #3631 ) ) ;
#3502 = CIRCLE ( 'NONE', #365, 0.5000000000000013323 ) ;
#3503 = DIRECTION ( 'NONE',  ( -0.000000000000000000, -0.000000000000000000, -1.000000000000000000 ) ) ;
#3504 = CARTESIAN_POINT ( 'NONE',  ( -65.86385805214858635, -21.47681488731589639, -4.500000000000000888 ) ) ;
#3505 = AXIS2_PLACEMENT_3D ( 'NONE', #3872, #2428, #1185 ) ;
#3506 = CARTESIAN_POINT ( 'NONE',  ( -66.43498793930578472, -21.01391495622804939, 4.921464346944891766 ) ) ;
#3507 = ORIENTED_EDGE ( 'NONE', *, *, #717, .T. ) ;
#3508 = ORIENTED_EDGE ( 'NONE', *, *, #3305, .F. ) ;
#3509 = EDGE_CURVE ( 'NONE', #2799, #1213, #956, .T. ) ;
#3510 = DIRECTION ( 'NONE',  ( -0.000000000000000000, -0.000000000000000000, -1.000000000000000000 ) ) ;
#3511 = COORDINATED_UNIVERSAL_TIME_OFFSET ( 8, 0, .BEHIND. ) ;
#3512 = ORIENTED_EDGE ( 'NONE', *, *, #736, .T. ) ;
#3513 = CARTESIAN_POINT ( 'NONE',  ( -75.57250809914252443, -20.68821582700917006, 3.145288955311981383 ) ) ;
#3514 = EDGE_LOOP ( 'NONE', ( #3266, #1532, #1860, #2966 ) ) ;
#3515 = LINE ( 'NONE', #231, #3362 ) ;
#3516 = EDGE_CURVE ( 'NONE', #1035, #1627, #1333, .T. ) ;
#3517 = ADVANCED_FACE ( 'NONE', ( #2925, #2886 ), #449, .F. ) ;
#3518 = DIRECTION ( 'NONE',  ( -1.000000000000000000, 0.000000000000000000, 0.000000000000000000 ) ) ;
#3519 = CARTESIAN_POINT ( 'NONE',  ( -68.15701691347383928, -20.32625154428307823, 2.999999999999999112 ) ) ;
#3520 = ORIENTED_EDGE ( 'NONE', *, *, #2793, .F. ) ;
#3521 =( GEOMETRIC_REPRESENTATION_CONTEXT ( 3 ) GLOBAL_UNCERTAINTY_ASSIGNED_CONTEXT ( ( #377 ) ) GLOBAL_UNIT_ASSIGNED_CONTEXT ( ( #1622, #2197, #1603 ) ) REPRESENTATION_CONTEXT ( 'NONE', 'WORKASPACE' ) );
#3522 = DIRECTION ( 'NONE',  ( -1.000000000000000000, 0.000000000000000000, 0.000000000000000000 ) ) ;
#3523 = CARTESIAN_POINT ( 'NONE',  ( 93.79000000000000625, 0.000000000000000000, 5.000000000000000000 ) ) ;
#3524 = DIRECTION ( 'NONE',  ( -1.000000000000000000, 0.000000000000000000, 0.000000000000000000 ) ) ;
#3525 = EDGE_LOOP ( 'NONE', ( #2362, #3566 ) ) ;
#3526 = VERTEX_POINT ( 'NONE', #3201 ) ;
#3527 = AXIS2_PLACEMENT_3D ( 'NONE', #286, #1722, #2390 ) ;
#3528 = CARTESIAN_POINT ( 'NONE',  ( -109.3784572681198881, 9.000000000000007105, 5.000000000000000888 ) ) ;
#3529 = CARTESIAN_POINT ( 'NONE',  ( 93.79000000000002046, -7.000000000000000000, -4.500000000000000888 ) ) ;
#3530 = AXIS2_PLACEMENT_3D ( 'NONE', #1104, #244, #2047 ) ;
#3531 = EDGE_CURVE ( 'NONE', #1347, #3430, #3605, .T. ) ;
#3532 = AXIS2_PLACEMENT_3D ( 'NONE', #2857, #1662, #2143 ) ;
#3533 = ORIENTED_EDGE ( 'NONE', *, *, #2371, .T. ) ;
#3534 = CIRCLE ( 'NONE', #1523, 16.02499999999999858 ) ;
#3535 = ORIENTED_EDGE ( 'NONE', *, *, #2935, .F. ) ;
#3536 = TOROIDAL_SURFACE ( 'NONE', #953, 4.000000000000003553, 0.5000000000000000000 ) ;
#3537 = DIRECTION ( 'NONE',  ( 1.000000000000000000, 0.000000000000000000, 0.000000000000000000 ) ) ;
#3538 = CIRCLE ( 'NONE', #396, 1.399999999999998579 ) ;
#3539 = ORIENTED_EDGE ( 'NONE', *, *, #3328, .F. ) ;
#3540 = AXIS2_PLACEMENT_3D ( 'NONE', #3498, #2007, #510 ) ;
#3541 = CARTESIAN_POINT ( 'NONE',  ( -78.20154273188011018, 8.999999999999980460, -5.000000000000000000 ) ) ;
#3542 = EDGE_CURVE ( 'NONE', #1996, #3253, #1273, .T. ) ;
#3543 = CARTESIAN_POINT ( 'NONE',  ( 94.25180296406867342, 16.49353624976697930, 4.500000000000000888 ) ) ;
#3544 = CYLINDRICAL_SURFACE ( 'NONE', #1905, 0.5000000000000013323 ) ;
#3545 = ORIENTED_EDGE ( 'NONE', *, *, #2420, .F. ) ;
#3546 = LINE ( 'NONE', #1098, #925 ) ;
#3547 = AXIS2_PLACEMENT_3D ( 'NONE', #3722, #2234, #2254 ) ;
#3548 = DIRECTION ( 'NONE',  ( -1.000000000000000000, 0.000000000000000000, 0.000000000000000000 ) ) ;
#3549 = CARTESIAN_POINT ( 'NONE',  ( -68.02591700780600092, -20.57665909263083748, -3.342213555720705997 ) ) ;
#3550 = ORIENTED_EDGE ( 'NONE', *, *, #794, .T. ) ;
#3551 = EDGE_LOOP ( 'NONE', ( #3646, #1737 ) ) ;
#3552 = DIRECTION ( 'NONE',  ( 0.000000000000000000, 0.000000000000000000, 1.000000000000000000 ) ) ;
#3553 = FACE_OUTER_BOUND ( 'NONE', #1232, .T. ) ;
#3554 = ORIENTED_EDGE ( 'NONE', *, *, #1299, .T. ) ;
#3555 = DIRECTION ( 'NONE',  ( -0.000000000000000000, -0.000000000000000000, -1.000000000000000000 ) ) ;
#3556 = EDGE_LOOP ( 'NONE', ( #2006, #2524, #1252, #3073 ) ) ;
#3557 = CARTESIAN_POINT ( 'NONE',  ( 97.79000000000002046, 7.000000000000000000, -4.500000000000000888 ) ) ;
#3558 = CARTESIAN_POINT ( 'NONE',  ( -93.79000000000000625, 0.000000000000000000, -5.000000000000000000 ) ) ;
#3559 = CARTESIAN_POINT ( 'NONE',  ( -93.79000000000000625, 18.00000000000000000, -5.000000000000000000 ) ) ;
#3560 = CARTESIAN_POINT ( 'NONE',  ( -93.79000000000000625, 0.000000000000000000, -5.000000000000000000 ) ) ;
#3561 = ORIENTED_EDGE ( 'NONE', *, *, #2079, .T. ) ;
#3562 = EDGE_CURVE ( 'NONE', #983, #307, #1016, .T. ) ;
#3563 = CARTESIAN_POINT ( 'NONE',  ( -93.79000000000000625, -18.00000000000000000, -5.000000000000000000 ) ) ;
#3564 = CARTESIAN_POINT ( 'NONE',  ( -77.32943490803697273, -21.29764393340748896, -4.441098260208674375 ) ) ;
#3565 = CARTESIAN_POINT ( 'NONE',  ( -76.80154273188011871, 8.999999999999980460, -2.000000000000000444 ) ) ;
#3566 = ORIENTED_EDGE ( 'NONE', *, *, #717, .F. ) ;
#3567 = AXIS2_PLACEMENT_3D ( 'NONE', #3409, #701, #1915 ) ;
#3568 = EDGE_CURVE ( 'NONE', #1424, #2689, #2241, .T. ) ;
#3569 = ADVANCED_FACE ( 'NONE', ( #3765 ), #528, .F. ) ;
#3570 = DIRECTION ( 'NONE',  ( -0.000000000000000000, -0.000000000000000000, -1.000000000000000000 ) ) ;
#3571 = CARTESIAN_POINT ( 'NONE',  ( -110.7784572681199222, -8.999999999999994671, 5.000000000000000888 ) ) ;
#3572 = CIRCLE ( 'NONE', #2693, 3.750000000000003553 ) ;
#3573 = B_SPLINE_CURVE_WITH_KNOTS ( 'NONE', 3,
 ( #535, #797, #2056, #3787, #1656, #1679, #3462, #2595, #3167, #3519 ),
 .UNSPECIFIED., .F., .F.,
 ( 4, 2, 2, 2, 4 ),
 ( 0.000000000000000000, 0.0007027128807915573958, 0.001405425761583114792, 0.002108138642374672404, 0.002810851523166229583 ),
 .UNSPECIFIED. ) ;
#3574 = VERTEX_POINT ( 'NONE', #3224 ) ;
#3575 = VERTEX_POINT ( 'NONE', #2571 ) ;
#3576 = DIRECTION ( 'NONE',  ( 1.000000000000000000, 0.000000000000000000, 0.000000000000000000 ) ) ;
#3577 = ORIENTED_EDGE ( 'NONE', *, *, #810, .T. ) ;
#3578 = DIRECTION ( 'NONE',  ( 0.000000000000000000, 0.000000000000000000, -1.000000000000000000 ) ) ;
#3579 = DIRECTION ( 'NONE',  ( 0.000000000000000000, 0.000000000000000000, 1.000000000000000000 ) ) ;
#3580 = CARTESIAN_POINT ( 'NONE',  ( -77.08653244339514288, -21.79103884876191088, -4.392081947117035590 ) ) ;
#3581 = FACE_OUTER_BOUND ( 'NONE', #1453, .T. ) ;
#3582 = DIRECTION ( 'NONE',  ( 1.000000000000000000, 0.000000000000000000, 0.000000000000000000 ) ) ;
#3583 = DIRECTION ( 'NONE',  ( 0.000000000000000000, 0.000000000000000000, 1.000000000000000000 ) ) ;
#3584 = CARTESIAN_POINT ( 'NONE',  ( -66.73097070856471191, -21.46211177396272518, 4.314681077672443799 ) ) ;
#3585 = VERTEX_POINT ( 'NONE', #2906 ) ;
#3586 = PRODUCT_DEFINITION_FORMATION_WITH_SPECIFIED_SOURCE ( 'ANY', '', #3098, .NOT_KNOWN. ) ;
#3587 = DIRECTION ( 'NONE',  ( 1.000000000000000000, -8.673617379884027583E-16, 0.000000000000000000 ) ) ;
#3588 = CARTESIAN_POINT ( 'NONE',  ( 93.79000000000000625, 0.000000000000000000, -5.000000000000000000 ) ) ;
#3589 = EDGE_CURVE ( 'NONE', #3026, #3864, #3439, .T. ) ;
#3590 = EDGE_CURVE ( 'NONE', #1347, #1432, #2731, .T. ) ;
#3591 = ORIENTED_EDGE ( 'NONE', *, *, #2079, .F. ) ;
#3592 = AXIS2_PLACEMENT_3D ( 'NONE', #419, #3718, #1315 ) ;
#3593 = ORIENTED_EDGE ( 'NONE', *, *, #2645, .T. ) ;
#3594 = AXIS2_PLACEMENT_3D ( 'NONE', #2368, #1796, #3850 ) ;
#3595 = DIRECTION ( 'NONE',  ( 1.000000000000000000, -1.154631945610162960E-14, 0.000000000000000000 ) ) ;
#3596 = EDGE_LOOP ( 'NONE', ( #3113, #1471, #1122, #1542 ) ) ;
#3597 = DIRECTION ( 'NONE',  ( -0.000000000000000000, -0.000000000000000000, -1.000000000000000000 ) ) ;
#3598 = AXIS2_PLACEMENT_3D ( 'NONE', #1438, #544, #2687 ) ;
#3599 = VECTOR ( 'NONE', #273, 1000.000000000000000 ) ;
#3600 = DIRECTION ( 'NONE',  ( 1.000000000000000000, 0.000000000000000000, 0.000000000000000000 ) ) ;
#3601 = AXIS2_PLACEMENT_3D ( 'NONE', #1082, #2291, #2311 ) ;
#3602 = DIRECTION ( 'NONE',  ( 1.000000000000000000, 0.000000000000000000, 0.000000000000000000 ) ) ;
#3603 = CARTESIAN_POINT ( 'NONE',  ( -75.57543072430988218, -20.69562459415698896, 3.152186348367402413 ) ) ;
#3604 = EDGE_CURVE ( 'NONE', #3380, #1102, #342, .T. ) ;
#3605 = CIRCLE ( 'NONE', #2973, 13.35355339059325708 ) ;
#3606 = CARTESIAN_POINT ( 'NONE',  ( 84.89000000000000057, -8.572527594031484037E-16, 30.50000000000000000 ) ) ;
#3607 = FACE_OUTER_BOUND ( 'NONE', #2266, .T. ) ;
#3608 = CARTESIAN_POINT ( 'NONE',  ( -67.13233730676296318, -21.33793422908213344, 4.115967133463165339 ) ) ;
#3609 = ORIENTED_EDGE ( 'NONE', *, *, #3422, .F. ) ;
#3610 = EDGE_CURVE ( 'NONE', #228, #2168, #3515, .T. ) ;
#3611 = FACE_OUTER_BOUND ( 'NONE', #1955, .T. ) ;
#3612 = ORIENTED_EDGE ( 'NONE', *, *, #2372, .F. ) ;
#3613 = ORIENTED_EDGE ( 'NONE', *, *, #3604, .F. ) ;
#3614 = EDGE_CURVE ( 'NONE', #223, #3480, #3162, .T. ) ;
#3615 = AXIS2_PLACEMENT_3D ( 'NONE', #2276, #2880, #183 ) ;
#3616 = CARTESIAN_POINT ( 'NONE',  ( -93.79000000000000625, 18.00000000000000000, -2.000000000000000444 ) ) ;
#3617 = ORIENTED_EDGE ( 'NONE', *, *, #82, .F. ) ;
#3618 = CARTESIAN_POINT ( 'NONE',  ( -77.75012610924237322, -21.30942287763947363, -5.000000000000000000 ) ) ;
#3619 = DIRECTION ( 'NONE',  ( -1.000000000000000000, 0.000000000000000000, 0.000000000000000000 ) ) ;
#3620 = FACE_OUTER_BOUND ( 'NONE', #2596, .T. ) ;
#3621 = CARTESIAN_POINT ( 'NONE',  ( -76.30455426436435573, -21.50078115988790728, 3.997970447074384648 ) ) ;
#3622 = CARTESIAN_POINT ( 'NONE',  ( 93.79000000000000625, 0.000000000000000000, -4.500000000000000888 ) ) ;
#3623 = DIRECTION ( 'NONE',  ( -1.000000000000000000, 0.000000000000000000, 0.000000000000000000 ) ) ;
#3624 = ORIENTED_EDGE ( 'NONE', *, *, #2749, .T. ) ;
#3625 = CARTESIAN_POINT ( 'NONE',  ( -78.20154273188011018, 8.999999999999980460, -5.000000000000000000 ) ) ;
#3626 = CARTESIAN_POINT ( 'NONE',  ( 100.7900000000000205, 0.000000000000000000, 30.50000000000000000 ) ) ;
#3627 = EDGE_LOOP ( 'NONE', ( #3243, #3875, #1052, #582 ) ) ;
#3628 = EDGE_LOOP ( 'NONE', ( #554, #670, #1983, #2895, #3218, #62 ) ) ;
#3629 = CIRCLE ( 'NONE', #1616, 11.49999999999999645 ) ;
#3630 = CYLINDRICAL_SURFACE ( 'NONE', #2902, 3.500000000000003109 ) ;
#3631 = ORIENTED_EDGE ( 'NONE', *, *, #2705, .F. ) ;
#3632 = AXIS2_PLACEMENT_3D ( 'NONE', #237, #258, #538 ) ;
#3633 = AXIS2_PLACEMENT_3D ( 'NONE', #2803, #126, #2169 ) ;
#3634 = DIRECTION ( 'NONE',  ( -1.000000000000000000, 0.000000000000000000, 0.000000000000000000 ) ) ;
#3635 = CARTESIAN_POINT ( 'NONE',  ( 93.79000000000000625, 7.000000000000000000, -4.500000000000000888 ) ) ;
#3636 = EDGE_CURVE ( 'NONE', #481, #1424, #1468, .T. ) ;
#3637 = EDGE_CURVE ( 'NONE', #1377, #1690, #1176, .T. ) ;
#3638 = CYLINDRICAL_SURFACE ( 'NONE', #139, 0.5000000000000004441 ) ;
#3639 = DIRECTION ( 'NONE',  ( -0.000000000000000000, -0.000000000000000000, -1.000000000000000000 ) ) ;
#3640 = EDGE_CURVE ( 'NONE', #1627, #541, #144, .T. ) ;
#3641 = DIRECTION ( 'NONE',  ( -0.000000000000000000, -0.000000000000000000, -1.000000000000000000 ) ) ;
#3642 = ORIENTED_EDGE ( 'NONE', *, *, #289, .F. ) ;
#3643 = DIRECTION ( 'NONE',  ( -0.000000000000000000, -0.000000000000000000, -1.000000000000000000 ) ) ;
#3644 = CARTESIAN_POINT ( 'NONE',  ( 82.29000000000002046, 0.000000000000000000, 5.000000000000000000 ) ) ;
#3645 = ORIENTED_EDGE ( 'NONE', *, *, #1475, .T. ) ;
#3646 = ORIENTED_EDGE ( 'NONE', *, *, #3051, .F. ) ;
#3647 = AXIS2_PLACEMENT_3D ( 'NONE', #3091, #3055, #1878 ) ;
#3648 = CARTESIAN_POINT ( 'NONE',  ( -106.7900000000000063, 0.000000000000000000, 31.00000000000000000 ) ) ;
#3649 = CARTESIAN_POINT ( 'NONE',  ( 93.79000000000000625, 0.000000000000000000, -5.000000000000000000 ) ) ;
#3650 = EDGE_LOOP ( 'NONE', ( #1129, #2277 ) ) ;
#3651 = AXIS2_PLACEMENT_3D ( 'NONE', #988, #389, #57 ) ;
#3652 = CARTESIAN_POINT ( 'NONE',  ( -109.3784572681199165, -8.999999999999994671, -2.000000000000000444 ) ) ;
#3653 = AXIS2_PLACEMENT_3D ( 'NONE', #3767, #3483, #1073 ) ;
#3654 = CARTESIAN_POINT ( 'NONE',  ( -93.79000000000000625, 0.000000000000000000, 31.00000000000000000 ) ) ;
#3655 = AXIS2_PLACEMENT_3D ( 'NONE', #250, #1444, #3260 ) ;
#3656 = DIRECTION ( 'NONE',  ( 0.000000000000000000, 0.000000000000000000, -1.000000000000000000 ) ) ;
#3657 = AXIS2_PLACEMENT_3D ( 'NONE', #1516, #2725, #27 ) ;
#3658 = ADVANCED_FACE ( 'NONE', ( #1219 ), #3027, .F. ) ;
#3659 = CIRCLE ( 'NONE', #2970, 3.750000000000003553 ) ;
#3660 = DIRECTION ( 'NONE',  ( 0.000000000000000000, 0.000000000000000000, 1.000000000000000000 ) ) ;
#3661 = ORIENTED_EDGE ( 'NONE', *, *, #3309, .T. ) ;
#3662 = AXIS2_PLACEMENT_3D ( 'NONE', #1556, #2225, #2493 ) ;
#3663 = PLANE ( 'NONE',  #1297 ) ;
#3664 = DIRECTION ( 'NONE',  ( -0.000000000000000000, -0.000000000000000000, -1.000000000000000000 ) ) ;
#3665 = AXIS2_PLACEMENT_3D ( 'NONE', #3557, #569, #3578 ) ;
#3666 = VERTEX_POINT ( 'NONE', #839 ) ;
#3667 = VECTOR ( 'NONE', #3432, 1000.000000000000000 ) ;
#3668 = CARTESIAN_POINT ( 'NONE',  ( -107.9784572681199109, -8.999999999999994671, -2.000000000000000444 ) ) ;
#3669 = AXIS2_PLACEMENT_3D ( 'NONE', #2597, #2128, #1322 ) ;
#3670 = CARTESIAN_POINT ( 'NONE',  ( 88.18999999999999773, -6.858022075225186440E-16, 30.99999999999999645 ) ) ;
#3671 = DIRECTION ( 'NONE',  ( -1.000000000000000000, 0.000000000000000000, 0.000000000000000000 ) ) ;
#3672 = CARTESIAN_POINT ( 'NONE',  ( -93.79000000000000625, 0.000000000000000000, -5.000000000000000000 ) ) ;
#3673 = CARTESIAN_POINT ( 'NONE',  ( 93.79000000000000625, 0.000000000000000000, 7.000000000000000000 ) ) ;
#3674 = DIRECTION ( 'NONE',  ( -1.000000000000000000, 0.000000000000000000, 0.000000000000000000 ) ) ;
#3675 = EDGE_CURVE ( 'NONE', #777, #2446, #1658, .T. ) ;
#3676 = AXIS2_PLACEMENT_3D ( 'NONE', #2394, #2980, #785 ) ;
#3677 = CARTESIAN_POINT ( 'NONE',  ( -107.9784572681198966, -8.999999999999994671, 5.000000000000000888 ) ) ;
#3678 = CARTESIAN_POINT ( 'NONE',  ( -76.12360806850730910, -21.38087118860765301, -4.184743774381545656 ) ) ;
#3679 = AXIS2_PLACEMENT_3D ( 'NONE', #227, #1486, #2622 ) ;
#3680 = ORIENTED_EDGE ( 'NONE', *, *, #685, .F. ) ;
#3681 = EDGE_CURVE ( 'NONE', #2062, #2865, #550, .T. ) ;
#3682 = CARTESIAN_POINT ( 'NONE',  ( 93.79000000000000625, 7.000000000000000000, -5.000000000000000888 ) ) ;
#3683 = CARTESIAN_POINT ( 'NONE',  ( -78.20154273188012439, -9.000000000000007105, -2.000000000000000444 ) ) ;
#3684 = ORIENTED_EDGE ( 'NONE', *, *, #1961, .F. ) ;
#3685 = ADVANCED_FACE ( 'NONE', ( #3884, #857 ), #3865, .F. ) ;
#3686 = ADVANCED_FACE ( 'NONE', ( #2126 ), #2072, .T. ) ;
#3687 = ORIENTED_EDGE ( 'NONE', *, *, #768, .F. ) ;
#3688 = CARTESIAN_POINT ( 'NONE',  ( -109.3784572681198881, 9.000000000000007105, -5.000000000000000000 ) ) ;
#3689 = AXIS2_PLACEMENT_3D ( 'NONE', #1280, #3316, #1820 ) ;
#3690 = CARTESIAN_POINT ( 'NONE',  ( -67.76090524885647426, -20.90856130424259263, -3.595562348958040833 ) ) ;
#3691 = AXIS2_PLACEMENT_3D ( 'NONE', #823, #3249, #2040 ) ;
#3692 = AXIS2_PLACEMENT_3D ( 'NONE', #973, #2790, #2183 ) ;
#3693 = CARTESIAN_POINT ( 'NONE',  ( 86.79000000000000625, -8.572527594031484037E-16, 7.899494936611676899 ) ) ;
#3694 = DIRECTION ( 'NONE',  ( 1.000000000000000000, 0.000000000000000000, 0.000000000000000000 ) ) ;
#3695 = CARTESIAN_POINT ( 'NONE',  ( 93.79000000000000625, 0.000000000000000000, 4.500000000000001776 ) ) ;
#3696 = EDGE_LOOP ( 'NONE', ( #2198, #3468, #1967, #2625 ) ) ;
#3697 = CARTESIAN_POINT ( 'NONE',  ( -66.23710117286984200, -21.48726533146843209, 4.960393152816282125 ) ) ;
#3698 = CARTESIAN_POINT ( 'NONE',  ( 93.79000000000000625, 0.000000000000000000, -5.000000000000000000 ) ) ;
#3699 = ORIENTED_EDGE ( 'NONE', *, *, #3871, .F. ) ;
#3700 = VERTEX_POINT ( 'NONE', #275 ) ;
#3701 = DIRECTION ( 'NONE',  ( 0.000000000000000000, 0.000000000000000000, 1.000000000000000000 ) ) ;
#3702 = CARTESIAN_POINT ( 'NONE',  ( -67.99730668501963748, -20.62269890367124248, 3.291032115896153076 ) ) ;
#3703 = EDGE_CURVE ( 'NONE', #1166, #1030, #2355, .T. ) ;
#3704 = DIRECTION ( 'NONE',  ( -0.000000000000000000, -0.000000000000000000, -1.000000000000000000 ) ) ;
#3705 = AXIS2_PLACEMENT_3D ( 'NONE', #1194, #2956, #2336 ) ;
#3706 = DIRECTION ( 'NONE',  ( -1.000000000000000000, 0.000000000000000000, 0.000000000000000000 ) ) ;
#3707 = FACE_OUTER_BOUND ( 'NONE', #3494, .T. ) ;
#3708 = PLANE ( 'NONE',  #832 ) ;
#3709 = ORIENTED_EDGE ( 'NONE', *, *, #3230, .T. ) ;
#3710 = CIRCLE ( 'NONE', #2213, 0.5000000000000004441 ) ;
#3711 = DIRECTION ( 'NONE',  ( 0.000000000000000000, -1.000000000000000000, 0.000000000000000000 ) ) ;
#3712 = CIRCLE ( 'NONE', #2157, 1.399999999999998579 ) ;
#3713 = AXIS2_PLACEMENT_3D ( 'NONE', #314, #2713, #370 ) ;
#3714 = DIRECTION ( 'NONE',  ( 1.000000000000000000, 0.000000000000000000, 0.000000000000000000 ) ) ;
#3715 = EDGE_LOOP ( 'NONE', ( #3127, #293, #3784, #1085 ) ) ;
#3716 = AXIS2_PLACEMENT_3D ( 'NONE', #1715, #3807, #840 ) ;
#3717 = DIRECTION ( 'NONE',  ( 0.000000000000000000, 0.000000000000000000, 1.000000000000000000 ) ) ;
#3718 = DIRECTION ( 'NONE',  ( -0.000000000000000000, -0.000000000000000000, -1.000000000000000000 ) ) ;
#3719 = AXIS2_PLACEMENT_3D ( 'NONE', #3775, #3488, #500 ) ;
#3720 = EDGE_LOOP ( 'NONE', ( #1617, #32, #3830, #193 ) ) ;
#3721 = ORIENTED_EDGE ( 'NONE', *, *, #1412, .T. ) ;
#3722 = CARTESIAN_POINT ( 'NONE',  ( -93.79000000000000625, -18.00000000000000000, -5.000000000000000000 ) ) ;
#3723 = AXIS2_PLACEMENT_3D ( 'NONE', #514, #1410, #2614 ) ;
#3724 = CARTESIAN_POINT ( 'NONE',  ( -67.86147886593658995, -20.68529936495383836, 3.763905837332347737 ) ) ;
#3725 = COORDINATED_UNIVERSAL_TIME_OFFSET ( 8, 0, .BEHIND. ) ;
#3726 = EDGE_CURVE ( 'NONE', #652, #3094, #2471, .T. ) ;
#3727 = ORIENTED_EDGE ( 'NONE', *, *, #1053, .T. ) ;
#3728 = AXIS2_PLACEMENT_3D ( 'NONE', #3338, #1267, #2163 ) ;
#3729 = CARTESIAN_POINT ( 'NONE',  ( -67.98882041670785270, -20.63597473079191502, -3.304524130175468422 ) ) ;
#3730 = CARTESIAN_POINT ( 'NONE',  ( -75.51094466378638970, -20.53215436471002420, 2.999999999999999112 ) ) ;
#3731 = DIRECTION ( 'NONE',  ( 1.000000000000000000, 0.000000000000000000, -0.000000000000000000 ) ) ;
#3732 = LINE ( 'NONE', #131, #1064 ) ;
#3733 = CARTESIAN_POINT ( 'NONE',  ( -76.16726833929665474, -21.13182190161260365, -4.294993482326437295 ) ) ;
#3734 = EDGE_CURVE ( 'NONE', #786, #1788, #2976, .T. ) ;
#3735 = ORIENTED_EDGE ( 'NONE', *, *, #2530, .F. ) ;
#3736 = CARTESIAN_POINT ( 'NONE',  ( -77.73613208002815611, -21.80922700642029355, -4.999999999999999112 ) ) ;
#3737 = CARTESIAN_POINT ( 'NONE',  ( 93.79000000000000625, 0.000000000000000000, 31.00000000000000000 ) ) ;
#3738 = AXIS2_PLACEMENT_3D ( 'NONE', #2379, #2921, #852 ) ;
#3739 = CARTESIAN_POINT ( 'NONE',  ( 86.79000000000000625, -8.572527594031484037E-16, 7.899494936611676899 ) ) ;
#3740 = ORIENTED_EDGE ( 'NONE', *, *, #3755, .T. ) ;
#3741 = ORIENTED_EDGE ( 'NONE', *, *, #213, .T. ) ;
#3742 = CYLINDRICAL_SURFACE ( 'NONE', #3100, 1.400000000000012346 ) ;
#3743 = CARTESIAN_POINT ( 'NONE',  ( 97.29000000000003467, -7.000000000000000000, -5.000000000000000888 ) ) ;
#3744 = ORIENTED_EDGE ( 'NONE', *, *, #2934, .T. ) ;
#3745 = CARTESIAN_POINT ( 'NONE',  ( -92.39000000000001478, -18.00000000000000000, 30.99999999999999645 ) ) ;
#3746 = CARTESIAN_POINT ( 'NONE',  ( -76.65483508392988199, -21.68945013681536693, 4.667519428499883993 ) ) ;
#3747 = CARTESIAN_POINT ( 'NONE',  ( -108.9208656090049345, -5.278023391595740854, -3.500000000000000444 ) ) ;
#3748 = CARTESIAN_POINT ( 'NONE',  ( 102.1900000000000119, 1.714505518806302527E-16, 30.50000000000000000 ) ) ;
#3749 = ADVANCED_FACE ( 'NONE', ( #3244 ), #588, .F. ) ;
#3750 = ADVANCED_FACE ( 'NONE', ( #901 ), #1848, .T. ) ;
#3751 = DIRECTION ( 'NONE',  ( 1.224646799147353207E-16, 1.000000000000000000, -0.000000000000000000 ) ) ;
#3752 = ORIENTED_EDGE ( 'NONE', *, *, #1294, .F. ) ;
#3753 = CARTESIAN_POINT ( 'NONE',  ( -77.18399871171786231, -21.79376780942422798, -4.901839895707611028 ) ) ;
#3754 = ADVANCED_FACE ( 'NONE', ( #1491 ), #2110, .F. ) ;
#3755 = EDGE_CURVE ( 'NONE', #2873, #913, #3011, .T. ) ;
#3756 = LINE ( 'NONE', #434, #1831 ) ;
#3757 = DIRECTION ( 'NONE',  ( -1.000000000000000000, 0.000000000000000000, 0.000000000000000000 ) ) ;
#3758 = ORIENTED_EDGE ( 'NONE', *, *, #1670, .T. ) ;
#3759 = ORIENTED_EDGE ( 'NONE', *, *, #1794, .T. ) ;
#3760 = FACE_OUTER_BOUND ( 'NONE', #380, .T. ) ;
#3761 = ORIENTED_EDGE ( 'NONE', *, *, #1371, .F. ) ;
#3762 = ADVANCED_FACE ( 'NONE', ( #3009 ), #917, .T. ) ;
#3763 = FACE_OUTER_BOUND ( 'NONE', #807, .T. ) ;
#3764 = EDGE_LOOP ( 'NONE', ( #96, #3307, #821, #3842, #783, #3333, #1519 ) ) ;
#3765 = FACE_OUTER_BOUND ( 'NONE', #3235, .T. ) ;
#3766 = APPROVAL_PERSON_ORGANIZATION ( #2882, #2678, #184 ) ;
#3767 = CARTESIAN_POINT ( 'NONE',  ( 93.79000000000000625, 0.000000000000000000, 5.000000000000000000 ) ) ;
#3768 = AXIS2_PLACEMENT_3D ( 'NONE', #3626, #327, #2178 ) ;
#3769 = CARTESIAN_POINT ( 'NONE',  ( -77.19179815089960073, -21.31509517400628795, -4.921464346944899759 ) ) ;
#3770 = ORIENTED_EDGE ( 'NONE', *, *, #1011, .F. ) ;
#3771 = ADVANCED_FACE ( 'NONE', ( #1251 ), #2452, .F. ) ;
#3772 = CIRCLE ( 'NONE', #577, 22.24999999999999289 ) ;
#3773 = DIRECTION ( 'NONE',  ( -0.9996082575616351829, -0.02798805842840386415, 0.000000000000000000 ) ) ;
#3774 = LINE ( 'NONE', #1079, #999 ) ;
#3775 = CARTESIAN_POINT ( 'NONE',  ( -71.79000000000002046, -22.00000000000000000, 2.999999999999999112 ) ) ;
#3776 = ORIENTED_EDGE ( 'NONE', *, *, #1591, .T. ) ;
#3777 = ORIENTED_EDGE ( 'NONE', *, *, #3130, .F. ) ;
#3778 = CIRCLE ( 'NONE', #3655, 3.500000000000003109 ) ;
#3779 = CARTESIAN_POINT ( 'NONE',  ( -66.41599142045886595, -21.49227408431196551, 4.901839895707591488 ) ) ;
#3780 = AXIS2_PLACEMENT_3D ( 'NONE', #2638, #1415, #1100 ) ;
#3781 = ORIENTED_EDGE ( 'NONE', *, *, #546, .F. ) ;
#3782 = AXIS2_PLACEMENT_3D ( 'NONE', #2792, #93, #411 ) ;
#3783 = CARTESIAN_POINT ( 'NONE',  ( -75.85548587675130250, -21.11401837930025849, 3.572929377272656470 ) ) ;
#3784 = ORIENTED_EDGE ( 'NONE', *, *, #1327, .T. ) ;
#3785 = CARTESIAN_POINT ( 'NONE',  ( 93.79000000000000625, 7.000000000000000000, -4.500000000000000888 ) ) ;
#3786 = CARTESIAN_POINT ( 'NONE',  ( 93.79000000000002046, -7.000000000000000000, -5.000000000000000888 ) ) ;
#3787 = CARTESIAN_POINT ( 'NONE',  ( -67.26253786602904938, -20.95187682834027498, 4.489602960795328279 ) ) ;
#3788 = ORIENTED_EDGE ( 'NONE', *, *, #8, .T. ) ;
#3789 = CARTESIAN_POINT ( 'NONE',  ( 86.79000000000000625, -8.572527594031484037E-16, -5.000000000000000000 ) ) ;
#3790 = CYLINDRICAL_SURFACE ( 'NONE', #3086, 1.399999999999998579 ) ;
#3791 = ADVANCED_FACE ( 'NONE', ( #1003 ), #3417, .F. ) ;
#3792 = DIRECTION ( 'NONE',  ( -0.000000000000000000, -0.000000000000000000, -1.000000000000000000 ) ) ;
#3793 = VERTEX_POINT ( 'NONE', #3078 ) ;
#3794 = ORIENTED_EDGE ( 'NONE', *, *, #844, .F. ) ;
#3795 = CARTESIAN_POINT ( 'NONE',  ( -109.3784572681199165, -8.999999999999994671, 30.99999999999999645 ) ) ;
#3796 = CIRCLE ( 'NONE', #1735, 17.00000000000000000 ) ;
#3797 = DIRECTION ( 'NONE',  ( -0.000000000000000000, -0.000000000000000000, -1.000000000000000000 ) ) ;
#3798 = EDGE_CURVE ( 'NONE', #509, #1043, #951, .T. ) ;
#3799 = EDGE_CURVE ( 'NONE', #1030, #1166, #507, .T. ) ;
#3800 = EDGE_CURVE ( 'NONE', #1132, #2365, #881, .T. ) ;
#3801 = VERTEX_POINT ( 'NONE', #932 ) ;
#3802 = APPLICATION_PROTOCOL_DEFINITION ( 'international standard', 'config_control_design', 1994, #3112 ) ;
#3803 = EDGE_LOOP ( 'NONE', ( #3174, #2046 ) ) ;
#3804 = CYLINDRICAL_SURFACE ( 'NONE', #1143, 3.750000000000003553 ) ;
#3805 = ORIENTED_EDGE ( 'NONE', *, *, #1290, .F. ) ;
#3806 = DIRECTION ( 'NONE',  ( 0.000000000000000000, 0.000000000000000000, 1.000000000000000000 ) ) ;
#3807 = DIRECTION ( 'NONE',  ( -0.000000000000000000, -0.000000000000000000, -1.000000000000000000 ) ) ;
#3808 = CARTESIAN_POINT ( 'NONE',  ( 90.29000000000002046, -7.000000000000000000, -5.000000000000000888 ) ) ;
#3809 = ORIENTED_EDGE ( 'NONE', *, *, #205, .F. ) ;
#3810 = CIRCLE ( 'NONE', #2623, 17.00000000000000000 ) ;
#3811 = EDGE_CURVE ( 'NONE', #3241, #2675, #1236, .T. ) ;
#3812 = CARTESIAN_POINT ( 'NONE',  ( 94.26579699328291895, -16.99334037854779211, -4.500000000000000888 ) ) ;
#3813 = DIRECTION ( 'NONE',  ( 0.000000000000000000, -1.000000000000000000, 0.000000000000000000 ) ) ;
#3814 = CIRCLE ( 'NONE', #3383, 1.399999999999998579 ) ;
#3815 = CARTESIAN_POINT ( 'NONE',  ( -66.95016303799346247, -21.41772876377228485, -4.667519428500462197 ) ) ;
#3816 = EDGE_LOOP ( 'NONE', ( #3853, #2748, #2489, #838 ) ) ;
#3817 = AXIS2_PLACEMENT_3D ( 'NONE', #3327, #56, #2719 ) ;
#3818 = VERTEX_POINT ( 'NONE', #2145 ) ;
#3819 = DIRECTION ( 'NONE',  ( -0.000000000000000000, -0.000000000000000000, -1.000000000000000000 ) ) ;
#3820 = FACE_OUTER_BOUND ( 'NONE', #3627, .T. ) ;
#3821 = ORIENTED_EDGE ( 'NONE', *, *, #1853, .F. ) ;
#3822 = EDGE_LOOP ( 'NONE', ( #209, #2179, #991, #1599 ) ) ;
#3823 = EDGE_CURVE ( 'NONE', #913, #3182, #1443, .T. ) ;
#3824 = CARTESIAN_POINT ( 'NONE',  ( -81.65366485660712215, 10.46470230284868208, -5.000000000000000000 ) ) ;
#3825 = ORIENTED_EDGE ( 'NONE', *, *, #2621, .T. ) ;
#3826 = DIRECTION ( 'NONE',  ( -0.000000000000000000, -0.000000000000000000, -1.000000000000000000 ) ) ;
#3827 = DIRECTION ( 'NONE',  ( -1.000000000000000000, 0.000000000000000000, 0.000000000000000000 ) ) ;
#3828 = CARTESIAN_POINT ( 'NONE',  ( -93.79000000000000625, 0.000000000000000000, 3.999999999999999112 ) ) ;
#3829 = CARTESIAN_POINT ( 'NONE',  ( -76.36903626385674215, -21.20685524776529718, -4.489619351714418727 ) ) ;
#3830 = ORIENTED_EDGE ( 'NONE', *, *, #2485, .F. ) ;
#3831 = CARTESIAN_POINT ( 'NONE',  ( -93.18125972918222999, -21.74147960196555829, -4.500000000000000888 ) ) ;
#3832 = FACE_OUTER_BOUND ( 'NONE', #2949, .T. ) ;
#3833 = AXIS2_PLACEMENT_3D ( 'NONE', #3737, #179, #1055 ) ;
#3834 = CARTESIAN_POINT ( 'NONE',  ( -67.85407981408224032, -20.80929194837890250, -3.678487654802608642 ) ) ;
#3835 = ORIENTED_EDGE ( 'NONE', *, *, #2175, .T. ) ;
#3836 = VERTEX_POINT ( 'NONE', #371 ) ;
#3837 = AXIS2_PLACEMENT_3D ( 'NONE', #2112, #3867, #3290 ) ;
#3838 = FACE_OUTER_BOUND ( 'NONE', #2709, .T. ) ;
#3839 = DIRECTION ( 'NONE',  ( -0.000000000000000000, -0.000000000000000000, -1.000000000000000000 ) ) ;
#3840 = AXIS2_PLACEMENT_3D ( 'NONE', #229, #1157, #915 ) ;
#3841 = TOROIDAL_SURFACE ( 'NONE', #3657, 21.74999999999999645, 0.5000000000000000000 ) ;
#3842 = ORIENTED_EDGE ( 'NONE', *, *, #1569, .T. ) ;
#3843 = CARTESIAN_POINT ( 'NONE',  ( -80.79000000000002046, 1.592040838891559687E-15, 4.000000000000000000 ) ) ;
#3844 = EDGE_CURVE ( 'NONE', #531, #2800, #811, .T. ) ;
#3845 = ORIENTED_EDGE ( 'NONE', *, *, #440, .T. ) ;
#3846 = VECTOR ( 'NONE', #234, 1000.000000000000000 ) ;
#3847 = DIRECTION ( 'NONE',  ( -1.000000000000000000, 0.000000000000000000, 0.000000000000000000 ) ) ;
#3848 = AXIS2_PLACEMENT_3D ( 'NONE', #1772, #316, #3847 ) ;
#3849 = CARTESIAN_POINT ( 'NONE',  ( 110.7900000000000205, 0.000000000000000000, -4.500000000000000888 ) ) ;
#3850 = DIRECTION ( 'NONE',  ( -1.000000000000000000, 0.000000000000000000, 0.000000000000000000 ) ) ;
#3851 = CARTESIAN_POINT ( 'NONE',  ( -105.9263351433928761, 10.46470230284870695, -5.000000000000000000 ) ) ;
#3852 = CIRCLE ( 'NONE', #2288, 16.02499999999999858 ) ;
#3853 = ORIENTED_EDGE ( 'NONE', *, *, #2749, .F. ) ;
#3854 = DIRECTION ( 'NONE',  ( -1.000000000000000000, 0.000000000000000000, 0.000000000000000000 ) ) ;
#3855 = DIRECTION ( 'NONE',  ( 0.000000000000000000, 0.000000000000000000, -1.000000000000000000 ) ) ;
#3856 = FACE_OUTER_BOUND ( 'NONE', #12, .T. ) ;
#3857 = EDGE_LOOP ( 'NONE', ( #629, #2392, #1400, #887 ) ) ;
#3858 = DIRECTION ( 'NONE',  ( -0.000000000000000000, -0.000000000000000000, -1.000000000000000000 ) ) ;
#3859 = CARTESIAN_POINT ( 'NONE',  ( -78.65913439099509219, -5.278023391595754177, -3.500000000000000444 ) ) ;
#3860 = ORIENTED_EDGE ( 'NONE', *, *, #169, .F. ) ;
#3861 = EDGE_LOOP ( 'NONE', ( #436, #351, #576, #2212 ) ) ;
#3862 = EDGE_CURVE ( 'NONE', #1198, #1631, #2768, .T. ) ;
#3863 = CARTESIAN_POINT ( 'NONE',  ( -110.7784572681199222, -8.999999999999994671, 30.99999999999999645 ) ) ;
#3864 = VERTEX_POINT ( 'NONE', #971 ) ;
#3865 = PLANE ( 'NONE',  #2667 ) ;
#3866 = DIRECTION ( 'NONE',  ( -0.000000000000000000, -0.000000000000000000, -1.000000000000000000 ) ) ;
#3867 = DIRECTION ( 'NONE',  ( -0.000000000000000000, -0.000000000000000000, -1.000000000000000000 ) ) ;
#3868 = FACE_OUTER_BOUND ( 'NONE', #1411, .T. ) ;
#3869 = CARTESIAN_POINT ( 'NONE',  ( 104.7900000000000063, 1.347111479062088010E-15, 30.50000000000000000 ) ) ;
#3870 = EDGE_CURVE ( 'NONE', #1214, #1865, #1902, .T. ) ;
#3871 = EDGE_CURVE ( 'NONE', #2796, #531, #3205, .T. ) ;
#3872 = CARTESIAN_POINT ( 'NONE',  ( 93.79000000000000625, 0.000000000000000000, -5.000000000000000000 ) ) ;
#3873 = CYLINDRICAL_SURFACE ( 'NONE', #2208, 17.00000000000000000 ) ;
#3874 = CARTESIAN_POINT ( 'NONE',  ( -68.15701691347383928, -20.32625154428307113, -2.999999999999999112 ) ) ;
#3875 = ORIENTED_EDGE ( 'NONE', *, *, #564, .T. ) ;
#3876 = CIRCLE ( 'NONE', #308, 3.750000000000003553 ) ;
#3877 = CARTESIAN_POINT ( 'NONE',  ( 86.79000000000000625, -8.572527594031484037E-16, 30.50000000000000000 ) ) ;
#3878 = DIRECTION ( 'NONE',  ( -0.02798805842840749666, -0.9996082575616350718, 0.000000000000000000 ) ) ;
#3879 = AXIS2_PLACEMENT_3D ( 'NONE', #3831, #3773, #1456 ) ;
#3880 = VERTEX_POINT ( 'NONE', #423 ) ;
#3881 = ORIENTED_EDGE ( 'NONE', *, *, #2460, .T. ) ;
#3882 = CARTESIAN_POINT ( 'NONE',  ( 91.69000000000004036, -7.000000000000000000, 31.00000000000000000 ) ) ;
#3883 = ORIENTED_EDGE ( 'NONE', *, *, #2721, .F. ) ;
#3884 = FACE_OUTER_BOUND ( 'NONE', #2532, .T. ) ;
ENDSEC;
END-ISO-10303-21;
