ISO-10303-21;
HEADER;
FILE_DESCRIPTION(('Open CASCADE Model'),'2;1');
FILE_NAME('Open CASCADE Shape Model','2026-09-19T13:11:54',('Author'),(
    'Open CASCADE'),'Open CASCADE STEP processor 7.9','build123d',
  'Unknown');
FILE_SCHEMA(('AUTOMOTIVE_DESIGN { 1 0 10303 214 1 1 1 1 }'));
ENDSEC;
DATA;
#1 = APPLICATION_PROTOCOL_DEFINITION('international standard',
  'automotive_design',2000,#2);
#2 = APPLICATION_CONTEXT(
  'core data for automotive mechanical design processes');
#3 = SHAPE_DEFINITION_REPRESENTATION(#4,#10);
#4 = PRODUCT_DEFINITION_SHAPE('','',#5);
#5 = PRODUCT_DEFINITION('design','',#6,#9);
#6 = PRODUCT_DEFINITION_FORMATION('','',#7);
#7 = PRODUCT('SOLID','SOLID','',(#8));
#8 = PRODUCT_CONTEXT('',#2,'mechanical');
#9 = PRODUCT_DEFINITION_CONTEXT('part definition',#2,'design');
#10 = ADVANCED_BREP_SHAPE_REPRESENTATION('',(#11,#15),#14195);
#11 = AXIS2_PLACEMENT_3D('',#12,#13,#14);
#12 = CARTESIAN_POINT('',(0.,0.,0.));
#13 = DIRECTION('',(0.,0.,1.));
#14 = DIRECTION('',(1.,0.,-0.));
#15 = MANIFOLD_SOLID_BREP('',#16);
#16 = CLOSED_SHELL('',(#17,#139,#251,#367,#490,#613,#736,#857,#978,#1099
    ,#1215,#1326,#1442,#1553,#1669,#1785,#1867,#1983,#2099,#2215,#2331,
    #2442,#2553,#2664,#2775,#2886,#2997,#3104,#3211,#3318,#3425,#3532,
    #3639,#3746,#3853,#3970,#4048,#4155,#4416,#4536,#4656,#4776,#4896,
    #5016,#5134,#5253,#5367,#5481,#5595,#5713,#5824,#5935,#6046,#6157,
    #6268,#6366,#6464,#6562,#6660,#6776,#6853,#6965,#7063,#7218,#7328,
    #8282,#9829,#10350,#10421,#10492,#10563,#10570,#10598,#10603,#10733,
    #10782,#10812,#10819,#10826,#10833,#10840,#10847,#10879,#10911,
    #10943,#10975,#11007,#11014,#11021,#11028,#11035,#11042,#11049,
    #11083,#11090,#11124,#11131,#11165,#11172,#11206,#11213,#11247,
    #11254,#11327,#11354,#11401,#11428,#11455,#11462,#11469,#11476,
    #11483,#11490,#11497,#11504,#11511,#11543,#11575,#11607,#11639,
    #11671,#11703,#11737,#11744,#11778,#11858,#11892,#11899,#11933,
    #11940,#11998,#12025,#12059,#12066,#12098,#12132,#12139,#12171,
    #12205,#12212,#12334,#12384,#12484,#12534,#12581,#12632,#12659,
    #12709,#12756,#12807,#12834,#12884,#12931,#12982,#13009,#13059,
    #13066,#13094,#13101,#13151,#13158,#13186,#13193,#13243,#13250,
    #13278,#13285,#13340,#13373,#13444,#13471,#13520,#13577,#13627,
    #13677,#13704,#13754,#13809,#13837,#13887,#13936,#13986,#13993,
    #14000,#14049,#14060,#14091,#14099,#14130,#14157,#14188));
#17 = ADVANCED_FACE('',(#18),#32,.F.);
#18 = FACE_BOUND('',#19,.F.);
#19 = EDGE_LOOP('',(#20,#55,#84,#112));
#20 = ORIENTED_EDGE('',*,*,#21,.T.);
#21 = EDGE_CURVE('',#22,#24,#26,.T.);
#22 = VERTEX_POINT('',#23);
#23 = CARTESIAN_POINT('',(13.198981345114,27.148975875729,
    -1.734723475977E-15));
#24 = VERTEX_POINT('',#25);
#25 = CARTESIAN_POINT('',(13.198981345114,27.148975875729,10.));
#26 = SURFACE_CURVE('',#27,(#31,#43),.PCURVE_S1.);
#27 = LINE('',#28,#29);
#28 = CARTESIAN_POINT('',(13.198981345114,27.148975875729,
    -1.734723475977E-15));
#29 = VECTOR('',#30,1.);
#30 = DIRECTION('',(-0.,-0.,1.));
#31 = PCURVE('',#32,#37);
#32 = CYLINDRICAL_SURFACE('',#33,2.);
#33 = AXIS2_PLACEMENT_3D('',#34,#35,#36);
#34 = CARTESIAN_POINT('',(13.198981345114,25.148975875729,
    -1.734723475977E-15));
#35 = DIRECTION('',(-0.,-0.,1.));
#36 = DIRECTION('',(1.,0.,0.));
#37 = DEFINITIONAL_REPRESENTATION('',(#38),#42);
#38 = LINE('',#39,#40);
#39 = CARTESIAN_POINT('',(1.570796326795,0.));
#40 = VECTOR('',#41,1.);
#41 = DIRECTION('',(0.,1.));
#42 = ( GEOMETRIC_REPRESENTATION_CONTEXT(2) 
PARAMETRIC_REPRESENTATION_CONTEXT() REPRESENTATION_CONTEXT('2D SPACE',''
  ) );
#43 = PCURVE('',#44,#49);
#44 = PLANE('',#45);
#45 = AXIS2_PLACEMENT_3D('',#46,#47,#48);
#46 = CARTESIAN_POINT('',(13.198981345114,27.148975875729,
    -1.734723475977E-15));
#47 = DIRECTION('',(0.,1.,0.));
#48 = DIRECTION('',(0.,-0.,1.));
#49 = DEFINITIONAL_REPRESENTATION('',(#50),#54);
#50 = LINE('',#51,#52);
#51 = CARTESIAN_POINT('',(0.,0.));
#52 = VECTOR('',#53,1.);
#53 = DIRECTION('',(1.,-0.));
#54 = ( GEOMETRIC_REPRESENTATION_CONTEXT(2) 
PARAMETRIC_REPRESENTATION_CONTEXT() REPRESENTATION_CONTEXT('2D SPACE',''
  ) );
#55 = ORIENTED_EDGE('',*,*,#56,.F.);
#56 = EDGE_CURVE('',#57,#24,#59,.T.);
#57 = VERTEX_POINT('',#58);
#58 = CARTESIAN_POINT('',(15.198981345114,25.148975875729,10.));
#59 = SURFACE_CURVE('',#60,(#65,#72),.PCURVE_S1.);
#60 = CIRCLE('',#61,2.);
#61 = AXIS2_PLACEMENT_3D('',#62,#63,#64);
#62 = CARTESIAN_POINT('',(13.198981345114,25.148975875729,10.));
#63 = DIRECTION('',(-0.,0.,1.));
#64 = DIRECTION('',(1.,0.,0.));
#65 = PCURVE('',#32,#66);
#66 = DEFINITIONAL_REPRESENTATION('',(#67),#71);
#67 = LINE('',#68,#69);
#68 = CARTESIAN_POINT('',(0.,10.));
#69 = VECTOR('',#70,1.);
#70 = DIRECTION('',(1.,0.));
#71 = ( GEOMETRIC_REPRESENTATION_CONTEXT(2) 
PARAMETRIC_REPRESENTATION_CONTEXT() REPRESENTATION_CONTEXT('2D SPACE',''
  ) );
#72 = PCURVE('',#73,#78);
#73 = PLANE('',#74);
#74 = AXIS2_PLACEMENT_3D('',#75,#76,#77);
#75 = CARTESIAN_POINT('',(0.,0.,10.));
#76 = DIRECTION('',(-0.,0.,1.));
#77 = DIRECTION('',(1.,0.,0.));
#78 = DEFINITIONAL_REPRESENTATION('',(#79),#83);
#79 = CIRCLE('',#80,2.);
#80 = AXIS2_PLACEMENT_2D('',#81,#82);
#81 = CARTESIAN_POINT('',(13.198981345114,25.148975875729));
#82 = DIRECTION('',(1.,0.));
#83 = ( GEOMETRIC_REPRESENTATION_CONTEXT(2) 
PARAMETRIC_REPRESENTATION_CONTEXT() REPRESENTATION_CONTEXT('2D SPACE',''
  ) );
#84 = ORIENTED_EDGE('',*,*,#85,.F.);
#85 = EDGE_CURVE('',#86,#57,#88,.T.);
#86 = VERTEX_POINT('',#87);
#87 = CARTESIAN_POINT('',(15.198981345114,25.148975875729,
    -1.734723475977E-15));
#88 = SURFACE_CURVE('',#89,(#93,#100),.PCURVE_S1.);
#89 = LINE('',#90,#91);
#90 = CARTESIAN_POINT('',(15.198981345114,25.148975875729,
    -1.734723475977E-15));
#91 = VECTOR('',#92,1.);
#92 = DIRECTION('',(-0.,-0.,1.));
#93 = PCURVE('',#32,#94);
#94 = DEFINITIONAL_REPRESENTATION('',(#95),#99);
#95 = LINE('',#96,#97);
#96 = CARTESIAN_POINT('',(0.,0.));
#97 = VECTOR('',#98,1.);
#98 = DIRECTION('',(0.,1.));
#99 = ( GEOMETRIC_REPRESENTATION_CONTEXT(2) 
PARAMETRIC_REPRESENTATION_CONTEXT() REPRESENTATION_CONTEXT('2D SPACE',''
  ) );
#100 = PCURVE('',#101,#106);
#101 = CYLINDRICAL_SURFACE('',#102,2.);
#102 = AXIS2_PLACEMENT_3D('',#103,#104,#105);
#103 = CARTESIAN_POINT('',(13.198981345114,25.148975875729,
    -1.734723475977E-15));
#104 = DIRECTION('',(-0.,-0.,1.));
#105 = DIRECTION('',(1.,0.,0.));
#106 = DEFINITIONAL_REPRESENTATION('',(#107),#111);
#107 = LINE('',#108,#109);
#108 = CARTESIAN_POINT('',(6.28318530718,0.));
#109 = VECTOR('',#110,1.);
#110 = DIRECTION('',(0.,1.));
#111 = ( GEOMETRIC_REPRESENTATION_CONTEXT(2) 
PARAMETRIC_REPRESENTATION_CONTEXT() REPRESENTATION_CONTEXT('2D SPACE',''
  ) );
#112 = ORIENTED_EDGE('',*,*,#113,.T.);
#113 = EDGE_CURVE('',#86,#22,#114,.T.);
#114 = SURFACE_CURVE('',#115,(#120,#127),.PCURVE_S1.);
#115 = CIRCLE('',#116,2.);
#116 = AXIS2_PLACEMENT_3D('',#117,#118,#119);
#117 = CARTESIAN_POINT('',(13.198981345114,25.148975875729,
    -1.734723475977E-15));
#118 = DIRECTION('',(0.,0.,1.));
#119 = DIRECTION('',(1.,0.,-0.));
#120 = PCURVE('',#32,#121);
#121 = DEFINITIONAL_REPRESENTATION('',(#122),#126);
#122 = LINE('',#123,#124);
#123 = CARTESIAN_POINT('',(0.,0.));
#124 = VECTOR('',#125,1.);
#125 = DIRECTION('',(1.,0.));
#126 = ( GEOMETRIC_REPRESENTATION_CONTEXT(2) 
PARAMETRIC_REPRESENTATION_CONTEXT() REPRESENTATION_CONTEXT('2D SPACE',''
  ) );
#127 = PCURVE('',#128,#133);
#128 = PLANE('',#129);
#129 = AXIS2_PLACEMENT_3D('',#130,#131,#132);
#130 = CARTESIAN_POINT('',(0.,0.,0.));
#131 = DIRECTION('',(-0.,0.,1.));
#132 = DIRECTION('',(1.,0.,0.));
#133 = DEFINITIONAL_REPRESENTATION('',(#134),#138);
#134 = CIRCLE('',#135,2.);
#135 = AXIS2_PLACEMENT_2D('',#136,#137);
#136 = CARTESIAN_POINT('',(13.198981345114,25.148975875729));
#137 = DIRECTION('',(1.,0.));
#138 = ( GEOMETRIC_REPRESENTATION_CONTEXT(2) 
PARAMETRIC_REPRESENTATION_CONTEXT() REPRESENTATION_CONTEXT('2D SPACE',''
  ) );
#139 = ADVANCED_FACE('',(#140),#154,.F.);
#140 = FACE_BOUND('',#141,.F.);
#141 = EDGE_LOOP('',(#142,#177,#201,#229));
#142 = ORIENTED_EDGE('',*,*,#143,.T.);
#143 = EDGE_CURVE('',#144,#146,#148,.T.);
#144 = VERTEX_POINT('',#145);
#145 = CARTESIAN_POINT('',(-7.205563451371,27.148975875729,
    -1.734723475977E-15));
#146 = VERTEX_POINT('',#147);
#147 = CARTESIAN_POINT('',(-7.205563451371,27.148975875729,10.));
#148 = SURFACE_CURVE('',#149,(#153,#165),.PCURVE_S1.);
#149 = LINE('',#150,#151);
#150 = CARTESIAN_POINT('',(-7.205563451371,27.148975875729,
    -1.734723475977E-15));
#151 = VECTOR('',#152,1.);
#152 = DIRECTION('',(-0.,-0.,1.));
#153 = PCURVE('',#154,#159);
#154 = CYLINDRICAL_SURFACE('',#155,2.);
#155 = AXIS2_PLACEMENT_3D('',#156,#157,#158);
#156 = CARTESIAN_POINT('',(-7.205563451371,25.148975875729,
    -1.734723475977E-15));
#157 = DIRECTION('',(-0.,-0.,1.));
#158 = DIRECTION('',(1.,0.,0.));
#159 = DEFINITIONAL_REPRESENTATION('',(#160),#164);
#160 = LINE('',#161,#162);
#161 = CARTESIAN_POINT('',(1.570796326795,0.));
#162 = VECTOR('',#163,1.);
#163 = DIRECTION('',(0.,1.));
#164 = ( GEOMETRIC_REPRESENTATION_CONTEXT(2) 
PARAMETRIC_REPRESENTATION_CONTEXT() REPRESENTATION_CONTEXT('2D SPACE',''
  ) );
#165 = PCURVE('',#166,#171);
#166 = PLANE('',#167);
#167 = AXIS2_PLACEMENT_3D('',#168,#169,#170);
#168 = CARTESIAN_POINT('',(-13.20556345137,27.148975875729,
    -1.734723475977E-15));
#169 = DIRECTION('',(-5.782411586589E-16,1.,0.));
#170 = DIRECTION('',(-1.,-5.782411586589E-16,0.));
#171 = DEFINITIONAL_REPRESENTATION('',(#172),#176);
#172 = LINE('',#173,#174);
#173 = CARTESIAN_POINT('',(-6.,0.));
#174 = VECTOR('',#175,1.);
#175 = DIRECTION('',(0.,1.));
#176 = ( GEOMETRIC_REPRESENTATION_CONTEXT(2) 
PARAMETRIC_REPRESENTATION_CONTEXT() REPRESENTATION_CONTEXT('2D SPACE',''
  ) );
#177 = ORIENTED_EDGE('',*,*,#178,.F.);
#178 = EDGE_CURVE('',#179,#146,#181,.T.);
#179 = VERTEX_POINT('',#180);
#180 = CARTESIAN_POINT('',(-5.205563451371,25.148975875729,10.));
#181 = SURFACE_CURVE('',#182,(#187,#194),.PCURVE_S1.);
#182 = CIRCLE('',#183,2.);
#183 = AXIS2_PLACEMENT_3D('',#184,#185,#186);
#184 = CARTESIAN_POINT('',(-7.205563451371,25.148975875729,10.));
#185 = DIRECTION('',(-0.,0.,1.));
#186 = DIRECTION('',(1.,0.,0.));
#187 = PCURVE('',#154,#188);
#188 = DEFINITIONAL_REPRESENTATION('',(#189),#193);
#189 = LINE('',#190,#191);
#190 = CARTESIAN_POINT('',(0.,10.));
#191 = VECTOR('',#192,1.);
#192 = DIRECTION('',(1.,0.));
#193 = ( GEOMETRIC_REPRESENTATION_CONTEXT(2) 
PARAMETRIC_REPRESENTATION_CONTEXT() REPRESENTATION_CONTEXT('2D SPACE',''
  ) );
#194 = PCURVE('',#73,#195);
#195 = DEFINITIONAL_REPRESENTATION('',(#196),#200);
#196 = CIRCLE('',#197,2.);
#197 = AXIS2_PLACEMENT_2D('',#198,#199);
#198 = CARTESIAN_POINT('',(-7.205563451371,25.148975875729));
#199 = DIRECTION('',(1.,0.));
#200 = ( GEOMETRIC_REPRESENTATION_CONTEXT(2) 
PARAMETRIC_REPRESENTATION_CONTEXT() REPRESENTATION_CONTEXT('2D SPACE',''
  ) );
#201 = ORIENTED_EDGE('',*,*,#202,.F.);
#202 = EDGE_CURVE('',#203,#179,#205,.T.);
#203 = VERTEX_POINT('',#204);
#204 = CARTESIAN_POINT('',(-5.205563451371,25.148975875729,
    -1.734723475977E-15));
#205 = SURFACE_CURVE('',#206,(#210,#217),.PCURVE_S1.);
#206 = LINE('',#207,#208);
#207 = CARTESIAN_POINT('',(-5.205563451371,25.148975875729,
    -1.734723475977E-15));
#208 = VECTOR('',#209,1.);
#209 = DIRECTION('',(-0.,-0.,1.));
#210 = PCURVE('',#154,#211);
#211 = DEFINITIONAL_REPRESENTATION('',(#212),#216);
#212 = LINE('',#213,#214);
#213 = CARTESIAN_POINT('',(0.,0.));
#214 = VECTOR('',#215,1.);
#215 = DIRECTION('',(0.,1.));
#216 = ( GEOMETRIC_REPRESENTATION_CONTEXT(2) 
PARAMETRIC_REPRESENTATION_CONTEXT() REPRESENTATION_CONTEXT('2D SPACE',''
  ) );
#217 = PCURVE('',#218,#223);
#218 = CYLINDRICAL_SURFACE('',#219,2.);
#219 = AXIS2_PLACEMENT_3D('',#220,#221,#222);
#220 = CARTESIAN_POINT('',(-7.205563451371,25.148975875729,
    -1.734723475977E-15));
#221 = DIRECTION('',(-0.,-0.,1.));
#222 = DIRECTION('',(1.,0.,0.));
#223 = DEFINITIONAL_REPRESENTATION('',(#224),#228);
#224 = LINE('',#225,#226);
#225 = CARTESIAN_POINT('',(6.28318530718,0.));
#226 = VECTOR('',#227,1.);
#227 = DIRECTION('',(0.,1.));
#228 = ( GEOMETRIC_REPRESENTATION_CONTEXT(2) 
PARAMETRIC_REPRESENTATION_CONTEXT() REPRESENTATION_CONTEXT('2D SPACE',''
  ) );
#229 = ORIENTED_EDGE('',*,*,#230,.T.);
#230 = EDGE_CURVE('',#203,#144,#231,.T.);
#231 = SURFACE_CURVE('',#232,(#237,#244),.PCURVE_S1.);
#232 = CIRCLE('',#233,2.);
#233 = AXIS2_PLACEMENT_3D('',#234,#235,#236);
#234 = CARTESIAN_POINT('',(-7.205563451371,25.148975875729,
    -1.734723475977E-15));
#235 = DIRECTION('',(0.,0.,1.));
#236 = DIRECTION('',(1.,0.,-0.));
#237 = PCURVE('',#154,#238);
#238 = DEFINITIONAL_REPRESENTATION('',(#239),#243);
#239 = LINE('',#240,#241);
#240 = CARTESIAN_POINT('',(0.,0.));
#241 = VECTOR('',#242,1.);
#242 = DIRECTION('',(1.,0.));
#243 = ( GEOMETRIC_REPRESENTATION_CONTEXT(2) 
PARAMETRIC_REPRESENTATION_CONTEXT() REPRESENTATION_CONTEXT('2D SPACE',''
  ) );
#244 = PCURVE('',#128,#245);
#245 = DEFINITIONAL_REPRESENTATION('',(#246),#250);
#246 = CIRCLE('',#247,2.);
#247 = AXIS2_PLACEMENT_2D('',#248,#249);
#248 = CARTESIAN_POINT('',(-7.205563451371,25.148975875729));
#249 = DIRECTION('',(1.,0.));
#250 = ( GEOMETRIC_REPRESENTATION_CONTEXT(2) 
PARAMETRIC_REPRESENTATION_CONTEXT() REPRESENTATION_CONTEXT('2D SPACE',''
  ) );
#251 = ADVANCED_FACE('',(#252),#266,.F.);
#252 = FACE_BOUND('',#253,.F.);
#253 = EDGE_LOOP('',(#254,#289,#317,#340));
#254 = ORIENTED_EDGE('',*,*,#255,.T.);
#255 = EDGE_CURVE('',#256,#258,#260,.T.);
#256 = VERTEX_POINT('',#257);
#257 = CARTESIAN_POINT('',(-0.75,13.,10.));
#258 = VERTEX_POINT('',#259);
#259 = CARTESIAN_POINT('',(-0.75,13.,0.));
#260 = SURFACE_CURVE('',#261,(#265,#277),.PCURVE_S1.);
#261 = LINE('',#262,#263);
#262 = CARTESIAN_POINT('',(-0.75,13.,20.5));
#263 = VECTOR('',#264,1.);
#264 = DIRECTION('',(-0.,-0.,-1.));
#265 = PCURVE('',#266,#271);
#266 = CYLINDRICAL_SURFACE('',#267,0.75);
#267 = AXIS2_PLACEMENT_3D('',#268,#269,#270);
#268 = CARTESIAN_POINT('',(4.091726957256E-13,13.,20.5));
#269 = DIRECTION('',(-0.,-0.,-1.));
#270 = DIRECTION('',(-1.,0.,0.));
#271 = DEFINITIONAL_REPRESENTATION('',(#272),#276);
#272 = LINE('',#273,#274);
#273 = CARTESIAN_POINT('',(6.28318530718,0.));
#274 = VECTOR('',#275,1.);
#275 = DIRECTION('',(0.,1.));
#276 = ( GEOMETRIC_REPRESENTATION_CONTEXT(2) 
PARAMETRIC_REPRESENTATION_CONTEXT() REPRESENTATION_CONTEXT('2D SPACE',''
  ) );
#277 = PCURVE('',#278,#283);
#278 = CYLINDRICAL_SURFACE('',#279,0.75);
#279 = AXIS2_PLACEMENT_3D('',#280,#281,#282);
#280 = CARTESIAN_POINT('',(4.091726957256E-13,13.,20.5));
#281 = DIRECTION('',(-0.,-0.,-1.));
#282 = DIRECTION('',(-1.,0.,0.));
#283 = DEFINITIONAL_REPRESENTATION('',(#284),#288);
#284 = LINE('',#285,#286);
#285 = CARTESIAN_POINT('',(0.,0.));
#286 = VECTOR('',#287,1.);
#287 = DIRECTION('',(0.,1.));
#288 = ( GEOMETRIC_REPRESENTATION_CONTEXT(2) 
PARAMETRIC_REPRESENTATION_CONTEXT() REPRESENTATION_CONTEXT('2D SPACE',''
  ) );
#289 = ORIENTED_EDGE('',*,*,#290,.F.);
#290 = EDGE_CURVE('',#291,#258,#293,.T.);
#291 = VERTEX_POINT('',#292);
#292 = CARTESIAN_POINT('',(0.75,13.,0.));
#293 = SURFACE_CURVE('',#294,(#299,#306),.PCURVE_S1.);
#294 = CIRCLE('',#295,0.75);
#295 = AXIS2_PLACEMENT_3D('',#296,#297,#298);
#296 = CARTESIAN_POINT('',(4.091726957256E-13,13.,0.));
#297 = DIRECTION('',(0.,0.,-1.));
#298 = DIRECTION('',(-1.,0.,0.));
#299 = PCURVE('',#266,#300);
#300 = DEFINITIONAL_REPRESENTATION('',(#301),#305);
#301 = LINE('',#302,#303);
#302 = CARTESIAN_POINT('',(0.,20.5));
#303 = VECTOR('',#304,1.);
#304 = DIRECTION('',(1.,0.));
#305 = ( GEOMETRIC_REPRESENTATION_CONTEXT(2) 
PARAMETRIC_REPRESENTATION_CONTEXT() REPRESENTATION_CONTEXT('2D SPACE',''
  ) );
#306 = PCURVE('',#128,#307);
#307 = DEFINITIONAL_REPRESENTATION('',(#308),#316);
#308 = ( BOUNDED_CURVE() B_SPLINE_CURVE(2,(#309,#310,#311,#312,#313,#314
,#315),.UNSPECIFIED.,.T.,.F.) B_SPLINE_CURVE_WITH_KNOTS((1,2,2,2,2,1),(
    -2.094395102393,0.,2.094395102393,4.188790204786,6.28318530718,
8.377580409573),.UNSPECIFIED.) CURVE() GEOMETRIC_REPRESENTATION_ITEM() 
RATIONAL_B_SPLINE_CURVE((1.,0.5,1.,0.5,1.,0.5,1.)) REPRESENTATION_ITEM(
  '') );
#309 = CARTESIAN_POINT('',(-0.75,13.));
#310 = CARTESIAN_POINT('',(-0.75,14.299038105677));
#311 = CARTESIAN_POINT('',(0.375,13.649519052838));
#312 = CARTESIAN_POINT('',(1.5,13.));
#313 = CARTESIAN_POINT('',(0.375,12.350480947162));
#314 = CARTESIAN_POINT('',(-0.75,11.700961894323));
#315 = CARTESIAN_POINT('',(-0.75,13.));
#316 = ( GEOMETRIC_REPRESENTATION_CONTEXT(2) 
PARAMETRIC_REPRESENTATION_CONTEXT() REPRESENTATION_CONTEXT('2D SPACE',''
  ) );
#317 = ORIENTED_EDGE('',*,*,#318,.F.);
#318 = EDGE_CURVE('',#319,#291,#321,.T.);
#319 = VERTEX_POINT('',#320);
#320 = CARTESIAN_POINT('',(0.75,13.,10.));
#321 = SURFACE_CURVE('',#322,(#326,#333),.PCURVE_S1.);
#322 = LINE('',#323,#324);
#323 = CARTESIAN_POINT('',(0.75,13.,20.5));
#324 = VECTOR('',#325,1.);
#325 = DIRECTION('',(-0.,-0.,-1.));
#326 = PCURVE('',#266,#327);
#327 = DEFINITIONAL_REPRESENTATION('',(#328),#332);
#328 = LINE('',#329,#330);
#329 = CARTESIAN_POINT('',(3.14159265359,0.));
#330 = VECTOR('',#331,1.);
#331 = DIRECTION('',(0.,1.));
#332 = ( GEOMETRIC_REPRESENTATION_CONTEXT(2) 
PARAMETRIC_REPRESENTATION_CONTEXT() REPRESENTATION_CONTEXT('2D SPACE',''
  ) );
#333 = PCURVE('',#278,#334);
#334 = DEFINITIONAL_REPRESENTATION('',(#335),#339);
#335 = LINE('',#336,#337);
#336 = CARTESIAN_POINT('',(3.14159265359,0.));
#337 = VECTOR('',#338,1.);
#338 = DIRECTION('',(0.,1.));
#339 = ( GEOMETRIC_REPRESENTATION_CONTEXT(2) 
PARAMETRIC_REPRESENTATION_CONTEXT() REPRESENTATION_CONTEXT('2D SPACE',''
  ) );
#340 = ORIENTED_EDGE('',*,*,#341,.F.);
#341 = EDGE_CURVE('',#256,#319,#342,.T.);
#342 = SURFACE_CURVE('',#343,(#348,#355),.PCURVE_S1.);
#343 = CIRCLE('',#344,0.75);
#344 = AXIS2_PLACEMENT_3D('',#345,#346,#347);
#345 = CARTESIAN_POINT('',(4.091726957256E-13,13.,10.));
#346 = DIRECTION('',(-0.,0.,1.));
#347 = DIRECTION('',(1.,0.,0.));
#348 = PCURVE('',#266,#349);
#349 = DEFINITIONAL_REPRESENTATION('',(#350),#354);
#350 = LINE('',#351,#352);
#351 = CARTESIAN_POINT('',(9.424777960769,10.5));
#352 = VECTOR('',#353,1.);
#353 = DIRECTION('',(-1.,0.));
#354 = ( GEOMETRIC_REPRESENTATION_CONTEXT(2) 
PARAMETRIC_REPRESENTATION_CONTEXT() REPRESENTATION_CONTEXT('2D SPACE',''
  ) );
#355 = PCURVE('',#356,#361);
#356 = PLANE('',#357);
#357 = AXIS2_PLACEMENT_3D('',#358,#359,#360);
#358 = CARTESIAN_POINT('',(0.,0.,10.));
#359 = DIRECTION('',(-0.,0.,1.));
#360 = DIRECTION('',(1.,0.,0.));
#361 = DEFINITIONAL_REPRESENTATION('',(#362),#366);
#362 = CIRCLE('',#363,0.75);
#363 = AXIS2_PLACEMENT_2D('',#364,#365);
#364 = CARTESIAN_POINT('',(4.091726957256E-13,13.));
#365 = DIRECTION('',(1.,0.));
#366 = ( GEOMETRIC_REPRESENTATION_CONTEXT(2) 
PARAMETRIC_REPRESENTATION_CONTEXT() REPRESENTATION_CONTEXT('2D SPACE',''
  ) );
#367 = ADVANCED_FACE('',(#368),#383,.T.);
#368 = FACE_BOUND('',#369,.T.);
#369 = EDGE_LOOP('',(#370,#405,#434,#463));
#370 = ORIENTED_EDGE('',*,*,#371,.F.);
#371 = EDGE_CURVE('',#372,#374,#376,.T.);
#372 = VERTEX_POINT('',#373);
#373 = CARTESIAN_POINT('',(30.5,40.5,10.));
#374 = VERTEX_POINT('',#375);
#375 = CARTESIAN_POINT('',(27.5,37.5,10.));
#376 = SURFACE_CURVE('',#377,(#382,#394),.PCURVE_S1.);
#377 = CIRCLE('',#378,3.);
#378 = AXIS2_PLACEMENT_3D('',#379,#380,#381);
#379 = CARTESIAN_POINT('',(27.5,40.5,10.));
#380 = DIRECTION('',(0.,0.,-1.));
#381 = DIRECTION('',(1.,0.,0.));
#382 = PCURVE('',#383,#388);
#383 = TOROIDAL_SURFACE('',#384,3.,2.);
#384 = AXIS2_PLACEMENT_3D('',#385,#386,#387);
#385 = CARTESIAN_POINT('',(27.5,40.5,8.));
#386 = DIRECTION('',(-0.,0.,1.));
#387 = DIRECTION('',(1.,0.,0.));
#388 = DEFINITIONAL_REPRESENTATION('',(#389),#393);
#389 = LINE('',#390,#391);
#390 = CARTESIAN_POINT('',(6.28318530718,1.570796326795));
#391 = VECTOR('',#392,1.);
#392 = DIRECTION('',(-1.,1.130863886743E-15));
#393 = ( GEOMETRIC_REPRESENTATION_CONTEXT(2) 
PARAMETRIC_REPRESENTATION_CONTEXT() REPRESENTATION_CONTEXT('2D SPACE',''
  ) );
#394 = PCURVE('',#73,#395);
#395 = DEFINITIONAL_REPRESENTATION('',(#396),#404);
#396 = ( BOUNDED_CURVE() B_SPLINE_CURVE(2,(#397,#398,#399,#400,#401,#402
,#403),.UNSPECIFIED.,.T.,.F.) B_SPLINE_CURVE_WITH_KNOTS((1,2,2,2,2,1),(
    -2.094395102393,0.,2.094395102393,4.188790204786,6.28318530718,
8.377580409573),.UNSPECIFIED.) CURVE() GEOMETRIC_REPRESENTATION_ITEM() 
RATIONAL_B_SPLINE_CURVE((1.,0.5,1.,0.5,1.,0.5,1.)) REPRESENTATION_ITEM(
  '') );
#397 = CARTESIAN_POINT('',(30.5,40.5));
#398 = CARTESIAN_POINT('',(30.5,35.303847577293));
#399 = CARTESIAN_POINT('',(26.,37.901923788647));
#400 = CARTESIAN_POINT('',(21.5,40.5));
#401 = CARTESIAN_POINT('',(26.,43.098076211353));
#402 = CARTESIAN_POINT('',(30.5,45.696152422707));
#403 = CARTESIAN_POINT('',(30.5,40.5));
#404 = ( GEOMETRIC_REPRESENTATION_CONTEXT(2) 
PARAMETRIC_REPRESENTATION_CONTEXT() REPRESENTATION_CONTEXT('2D SPACE',''
  ) );
#405 = ORIENTED_EDGE('',*,*,#406,.T.);
#406 = EDGE_CURVE('',#372,#407,#409,.T.);
#407 = VERTEX_POINT('',#408);
#408 = CARTESIAN_POINT('',(28.5,40.5,8.));
#409 = SURFACE_CURVE('',#410,(#415,#422),.PCURVE_S1.);
#410 = CIRCLE('',#411,2.);
#411 = AXIS2_PLACEMENT_3D('',#412,#413,#414);
#412 = CARTESIAN_POINT('',(30.5,40.5,8.));
#413 = DIRECTION('',(0.,-1.,0.));
#414 = DIRECTION('',(0.,0.,-1.));
#415 = PCURVE('',#383,#416);
#416 = DEFINITIONAL_REPRESENTATION('',(#417),#421);
#417 = LINE('',#418,#419);
#418 = CARTESIAN_POINT('',(6.28318530718,-1.570796326795));
#419 = VECTOR('',#420,1.);
#420 = DIRECTION('',(0.,1.));
#421 = ( GEOMETRIC_REPRESENTATION_CONTEXT(2) 
PARAMETRIC_REPRESENTATION_CONTEXT() REPRESENTATION_CONTEXT('2D SPACE',''
  ) );
#422 = PCURVE('',#423,#428);
#423 = TOROIDAL_SURFACE('',#424,3.,2.);
#424 = AXIS2_PLACEMENT_3D('',#425,#426,#427);
#425 = CARTESIAN_POINT('',(27.5,40.5,8.));
#426 = DIRECTION('',(-0.,0.,1.));
#427 = DIRECTION('',(1.,0.,0.));
#428 = DEFINITIONAL_REPRESENTATION('',(#429),#433);
#429 = LINE('',#430,#431);
#430 = CARTESIAN_POINT('',(0.,-1.570796326795));
#431 = VECTOR('',#432,1.);
#432 = DIRECTION('',(0.,1.));
#433 = ( GEOMETRIC_REPRESENTATION_CONTEXT(2) 
PARAMETRIC_REPRESENTATION_CONTEXT() REPRESENTATION_CONTEXT('2D SPACE',''
  ) );
#434 = ORIENTED_EDGE('',*,*,#435,.F.);
#435 = EDGE_CURVE('',#436,#407,#438,.T.);
#436 = VERTEX_POINT('',#437);
#437 = CARTESIAN_POINT('',(27.5,39.5,8.));
#438 = SURFACE_CURVE('',#439,(#444,#451),.PCURVE_S1.);
#439 = CIRCLE('',#440,1.);
#440 = AXIS2_PLACEMENT_3D('',#441,#442,#443);
#441 = CARTESIAN_POINT('',(27.5,40.5,8.));
#442 = DIRECTION('',(-0.,0.,1.));
#443 = DIRECTION('',(1.,0.,0.));
#444 = PCURVE('',#383,#445);
#445 = DEFINITIONAL_REPRESENTATION('',(#446),#450);
#446 = LINE('',#447,#448);
#447 = CARTESIAN_POINT('',(0.,3.14159265359));
#448 = VECTOR('',#449,1.);
#449 = DIRECTION('',(1.,0.));
#450 = ( GEOMETRIC_REPRESENTATION_CONTEXT(2) 
PARAMETRIC_REPRESENTATION_CONTEXT() REPRESENTATION_CONTEXT('2D SPACE',''
  ) );
#451 = PCURVE('',#452,#457);
#452 = CYLINDRICAL_SURFACE('',#453,1.);
#453 = AXIS2_PLACEMENT_3D('',#454,#455,#456);
#454 = CARTESIAN_POINT('',(27.5,40.5,20.5));
#455 = DIRECTION('',(-0.,-0.,-1.));
#456 = DIRECTION('',(-1.,0.,0.));
#457 = DEFINITIONAL_REPRESENTATION('',(#458),#462);
#458 = LINE('',#459,#460);
#459 = CARTESIAN_POINT('',(9.424777960769,12.5));
#460 = VECTOR('',#461,1.);
#461 = DIRECTION('',(-1.,0.));
#462 = ( GEOMETRIC_REPRESENTATION_CONTEXT(2) 
PARAMETRIC_REPRESENTATION_CONTEXT() REPRESENTATION_CONTEXT('2D SPACE',''
  ) );
#463 = ORIENTED_EDGE('',*,*,#464,.T.);
#464 = EDGE_CURVE('',#436,#374,#465,.T.);
#465 = SURFACE_CURVE('',#466,(#471,#478),.PCURVE_S1.);
#466 = CIRCLE('',#467,2.);
#467 = AXIS2_PLACEMENT_3D('',#468,#469,#470);
#468 = CARTESIAN_POINT('',(27.5,37.5,8.));
#469 = DIRECTION('',(1.,0.,0.));
#470 = DIRECTION('',(0.,0.,-1.));
#471 = PCURVE('',#383,#472);
#472 = DEFINITIONAL_REPRESENTATION('',(#473),#477);
#473 = LINE('',#474,#475);
#474 = CARTESIAN_POINT('',(4.712388980385,4.712388980385));
#475 = VECTOR('',#476,1.);
#476 = DIRECTION('',(0.,-1.));
#477 = ( GEOMETRIC_REPRESENTATION_CONTEXT(2) 
PARAMETRIC_REPRESENTATION_CONTEXT() REPRESENTATION_CONTEXT('2D SPACE',''
  ) );
#478 = PCURVE('',#479,#484);
#479 = CYLINDRICAL_SURFACE('',#480,2.);
#480 = AXIS2_PLACEMENT_3D('',#481,#482,#483);
#481 = CARTESIAN_POINT('',(22.5,37.5,8.));
#482 = DIRECTION('',(-1.,0.,0.));
#483 = DIRECTION('',(0.,0.,1.));
#484 = DEFINITIONAL_REPRESENTATION('',(#485),#489);
#485 = LINE('',#486,#487);
#486 = CARTESIAN_POINT('',(3.14159265359,-5.));
#487 = VECTOR('',#488,1.);
#488 = DIRECTION('',(-1.,0.));
#489 = ( GEOMETRIC_REPRESENTATION_CONTEXT(2) 
PARAMETRIC_REPRESENTATION_CONTEXT() REPRESENTATION_CONTEXT('2D SPACE',''
  ) );
#490 = ADVANCED_FACE('',(#491),#506,.T.);
#491 = FACE_BOUND('',#492,.T.);
#492 = EDGE_LOOP('',(#493,#528,#557,#586));
#493 = ORIENTED_EDGE('',*,*,#494,.F.);
#494 = EDGE_CURVE('',#495,#497,#499,.T.);
#495 = VERTEX_POINT('',#496);
#496 = CARTESIAN_POINT('',(30.5,55.5,10.));
#497 = VERTEX_POINT('',#498);
#498 = CARTESIAN_POINT('',(27.5,52.5,10.));
#499 = SURFACE_CURVE('',#500,(#505,#517),.PCURVE_S1.);
#500 = CIRCLE('',#501,3.);
#501 = AXIS2_PLACEMENT_3D('',#502,#503,#504);
#502 = CARTESIAN_POINT('',(27.5,55.5,10.));
#503 = DIRECTION('',(0.,0.,-1.));
#504 = DIRECTION('',(1.,0.,0.));
#505 = PCURVE('',#506,#511);
#506 = TOROIDAL_SURFACE('',#507,3.,2.);
#507 = AXIS2_PLACEMENT_3D('',#508,#509,#510);
#508 = CARTESIAN_POINT('',(27.5,55.5,8.));
#509 = DIRECTION('',(-0.,0.,1.));
#510 = DIRECTION('',(1.,0.,0.));
#511 = DEFINITIONAL_REPRESENTATION('',(#512),#516);
#512 = LINE('',#513,#514);
#513 = CARTESIAN_POINT('',(6.28318530718,1.570796326795));
#514 = VECTOR('',#515,1.);
#515 = DIRECTION('',(-1.,1.130863886743E-15));
#516 = ( GEOMETRIC_REPRESENTATION_CONTEXT(2) 
PARAMETRIC_REPRESENTATION_CONTEXT() REPRESENTATION_CONTEXT('2D SPACE',''
  ) );
#517 = PCURVE('',#73,#518);
#518 = DEFINITIONAL_REPRESENTATION('',(#519),#527);
#519 = ( BOUNDED_CURVE() B_SPLINE_CURVE(2,(#520,#521,#522,#523,#524,#525
,#526),.UNSPECIFIED.,.T.,.F.) B_SPLINE_CURVE_WITH_KNOTS((1,2,2,2,2,1),(
    -2.094395102393,0.,2.094395102393,4.188790204786,6.28318530718,
8.377580409573),.UNSPECIFIED.) CURVE() GEOMETRIC_REPRESENTATION_ITEM() 
RATIONAL_B_SPLINE_CURVE((1.,0.5,1.,0.5,1.,0.5,1.)) REPRESENTATION_ITEM(
  '') );
#520 = CARTESIAN_POINT('',(30.5,55.5));
#521 = CARTESIAN_POINT('',(30.5,50.303847577293));
#522 = CARTESIAN_POINT('',(26.,52.901923788647));
#523 = CARTESIAN_POINT('',(21.5,55.5));
#524 = CARTESIAN_POINT('',(26.,58.098076211353));
#525 = CARTESIAN_POINT('',(30.5,60.696152422707));
#526 = CARTESIAN_POINT('',(30.5,55.5));
#527 = ( GEOMETRIC_REPRESENTATION_CONTEXT(2) 
PARAMETRIC_REPRESENTATION_CONTEXT() REPRESENTATION_CONTEXT('2D SPACE',''
  ) );
#528 = ORIENTED_EDGE('',*,*,#529,.T.);
#529 = EDGE_CURVE('',#495,#530,#532,.T.);
#530 = VERTEX_POINT('',#531);
#531 = CARTESIAN_POINT('',(28.5,55.5,8.));
#532 = SURFACE_CURVE('',#533,(#538,#545),.PCURVE_S1.);
#533 = CIRCLE('',#534,2.);
#534 = AXIS2_PLACEMENT_3D('',#535,#536,#537);
#535 = CARTESIAN_POINT('',(30.5,55.5,8.));
#536 = DIRECTION('',(0.,-1.,0.));
#537 = DIRECTION('',(0.,0.,-1.));
#538 = PCURVE('',#506,#539);
#539 = DEFINITIONAL_REPRESENTATION('',(#540),#544);
#540 = LINE('',#541,#542);
#541 = CARTESIAN_POINT('',(6.28318530718,-1.570796326795));
#542 = VECTOR('',#543,1.);
#543 = DIRECTION('',(0.,1.));
#544 = ( GEOMETRIC_REPRESENTATION_CONTEXT(2) 
PARAMETRIC_REPRESENTATION_CONTEXT() REPRESENTATION_CONTEXT('2D SPACE',''
  ) );
#545 = PCURVE('',#546,#551);
#546 = TOROIDAL_SURFACE('',#547,3.,2.);
#547 = AXIS2_PLACEMENT_3D('',#548,#549,#550);
#548 = CARTESIAN_POINT('',(27.5,55.5,8.));
#549 = DIRECTION('',(-0.,0.,1.));
#550 = DIRECTION('',(1.,0.,0.));
#551 = DEFINITIONAL_REPRESENTATION('',(#552),#556);
#552 = LINE('',#553,#554);
#553 = CARTESIAN_POINT('',(0.,-1.570796326795));
#554 = VECTOR('',#555,1.);
#555 = DIRECTION('',(0.,1.));
#556 = ( GEOMETRIC_REPRESENTATION_CONTEXT(2) 
PARAMETRIC_REPRESENTATION_CONTEXT() REPRESENTATION_CONTEXT('2D SPACE',''
  ) );
#557 = ORIENTED_EDGE('',*,*,#558,.F.);
#558 = EDGE_CURVE('',#559,#530,#561,.T.);
#559 = VERTEX_POINT('',#560);
#560 = CARTESIAN_POINT('',(27.5,54.5,8.));
#561 = SURFACE_CURVE('',#562,(#567,#574),.PCURVE_S1.);
#562 = CIRCLE('',#563,1.);
#563 = AXIS2_PLACEMENT_3D('',#564,#565,#566);
#564 = CARTESIAN_POINT('',(27.5,55.5,8.));
#565 = DIRECTION('',(-0.,0.,1.));
#566 = DIRECTION('',(1.,0.,0.));
#567 = PCURVE('',#506,#568);
#568 = DEFINITIONAL_REPRESENTATION('',(#569),#573);
#569 = LINE('',#570,#571);
#570 = CARTESIAN_POINT('',(0.,3.14159265359));
#571 = VECTOR('',#572,1.);
#572 = DIRECTION('',(1.,0.));
#573 = ( GEOMETRIC_REPRESENTATION_CONTEXT(2) 
PARAMETRIC_REPRESENTATION_CONTEXT() REPRESENTATION_CONTEXT('2D SPACE',''
  ) );
#574 = PCURVE('',#575,#580);
#575 = CYLINDRICAL_SURFACE('',#576,1.);
#576 = AXIS2_PLACEMENT_3D('',#577,#578,#579);
#577 = CARTESIAN_POINT('',(27.5,55.5,20.5));
#578 = DIRECTION('',(-0.,-0.,-1.));
#579 = DIRECTION('',(-1.,0.,0.));
#580 = DEFINITIONAL_REPRESENTATION('',(#581),#585);
#581 = LINE('',#582,#583);
#582 = CARTESIAN_POINT('',(9.424777960769,12.5));
#583 = VECTOR('',#584,1.);
#584 = DIRECTION('',(-1.,0.));
#585 = ( GEOMETRIC_REPRESENTATION_CONTEXT(2) 
PARAMETRIC_REPRESENTATION_CONTEXT() REPRESENTATION_CONTEXT('2D SPACE',''
  ) );
#586 = ORIENTED_EDGE('',*,*,#587,.T.);
#587 = EDGE_CURVE('',#559,#497,#588,.T.);
#588 = SURFACE_CURVE('',#589,(#594,#601),.PCURVE_S1.);
#589 = CIRCLE('',#590,2.);
#590 = AXIS2_PLACEMENT_3D('',#591,#592,#593);
#591 = CARTESIAN_POINT('',(27.5,52.5,8.));
#592 = DIRECTION('',(1.,0.,0.));
#593 = DIRECTION('',(0.,0.,-1.));
#594 = PCURVE('',#506,#595);
#595 = DEFINITIONAL_REPRESENTATION('',(#596),#600);
#596 = LINE('',#597,#598);
#597 = CARTESIAN_POINT('',(4.712388980385,4.712388980385));
#598 = VECTOR('',#599,1.);
#599 = DIRECTION('',(0.,-1.));
#600 = ( GEOMETRIC_REPRESENTATION_CONTEXT(2) 
PARAMETRIC_REPRESENTATION_CONTEXT() REPRESENTATION_CONTEXT('2D SPACE',''
  ) );
#601 = PCURVE('',#602,#607);
#602 = CYLINDRICAL_SURFACE('',#603,2.);
#603 = AXIS2_PLACEMENT_3D('',#604,#605,#606);
#604 = CARTESIAN_POINT('',(22.5,52.5,8.));
#605 = DIRECTION('',(-1.,0.,0.));
#606 = DIRECTION('',(0.,0.,1.));
#607 = DEFINITIONAL_REPRESENTATION('',(#608),#612);
#608 = LINE('',#609,#610);
#609 = CARTESIAN_POINT('',(3.14159265359,-5.));
#610 = VECTOR('',#611,1.);
#611 = DIRECTION('',(-1.,0.));
#612 = ( GEOMETRIC_REPRESENTATION_CONTEXT(2) 
PARAMETRIC_REPRESENTATION_CONTEXT() REPRESENTATION_CONTEXT('2D SPACE',''
  ) );
#613 = ADVANCED_FACE('',(#614),#629,.T.);
#614 = FACE_BOUND('',#615,.T.);
#615 = EDGE_LOOP('',(#616,#651,#680,#709));
#616 = ORIENTED_EDGE('',*,*,#617,.F.);
#617 = EDGE_CURVE('',#618,#620,#622,.T.);
#618 = VERTEX_POINT('',#619);
#619 = CARTESIAN_POINT('',(18.,48.,10.));
#620 = VERTEX_POINT('',#621);
#621 = CARTESIAN_POINT('',(8.5,38.5,10.));
#622 = SURFACE_CURVE('',#623,(#628,#640),.PCURVE_S1.);
#623 = CIRCLE('',#624,9.5);
#624 = AXIS2_PLACEMENT_3D('',#625,#626,#627);
#625 = CARTESIAN_POINT('',(8.5,48.,10.));
#626 = DIRECTION('',(0.,0.,-1.));
#627 = DIRECTION('',(1.,0.,0.));
#628 = PCURVE('',#629,#634);
#629 = TOROIDAL_SURFACE('',#630,9.5,2.);
#630 = AXIS2_PLACEMENT_3D('',#631,#632,#633);
#631 = CARTESIAN_POINT('',(8.5,48.,8.));
#632 = DIRECTION('',(-0.,0.,1.));
#633 = DIRECTION('',(1.,0.,0.));
#634 = DEFINITIONAL_REPRESENTATION('',(#635),#639);
#635 = LINE('',#636,#637);
#636 = CARTESIAN_POINT('',(6.28318530718,1.570796326795));
#637 = VECTOR('',#638,1.);
#638 = DIRECTION('',(-1.,0.));
#639 = ( GEOMETRIC_REPRESENTATION_CONTEXT(2) 
PARAMETRIC_REPRESENTATION_CONTEXT() REPRESENTATION_CONTEXT('2D SPACE',''
  ) );
#640 = PCURVE('',#73,#641);
#641 = DEFINITIONAL_REPRESENTATION('',(#642),#650);
#642 = ( BOUNDED_CURVE() B_SPLINE_CURVE(2,(#643,#644,#645,#646,#647,#648
,#649),.UNSPECIFIED.,.T.,.F.) B_SPLINE_CURVE_WITH_KNOTS((1,2,2,2,2,1),(
    -2.094395102393,0.,2.094395102393,4.188790204786,6.28318530718,
8.377580409573),.UNSPECIFIED.) CURVE() GEOMETRIC_REPRESENTATION_ITEM() 
RATIONAL_B_SPLINE_CURVE((1.,0.5,1.,0.5,1.,0.5,1.)) REPRESENTATION_ITEM(
  '') );
#643 = CARTESIAN_POINT('',(18.,48.));
#644 = CARTESIAN_POINT('',(18.,31.545517328096));
#645 = CARTESIAN_POINT('',(3.75,39.772758664048));
#646 = CARTESIAN_POINT('',(-10.5,48.));
#647 = CARTESIAN_POINT('',(3.75,56.227241335952));
#648 = CARTESIAN_POINT('',(18.,64.454482671904));
#649 = CARTESIAN_POINT('',(18.,48.));
#650 = ( GEOMETRIC_REPRESENTATION_CONTEXT(2) 
PARAMETRIC_REPRESENTATION_CONTEXT() REPRESENTATION_CONTEXT('2D SPACE',''
  ) );
#651 = ORIENTED_EDGE('',*,*,#652,.T.);
#652 = EDGE_CURVE('',#618,#653,#655,.T.);
#653 = VERTEX_POINT('',#654);
#654 = CARTESIAN_POINT('',(16.,48.,8.));
#655 = SURFACE_CURVE('',#656,(#661,#668),.PCURVE_S1.);
#656 = CIRCLE('',#657,2.);
#657 = AXIS2_PLACEMENT_3D('',#658,#659,#660);
#658 = CARTESIAN_POINT('',(18.,48.,8.));
#659 = DIRECTION('',(0.,-1.,0.));
#660 = DIRECTION('',(0.,0.,-1.));
#661 = PCURVE('',#629,#662);
#662 = DEFINITIONAL_REPRESENTATION('',(#663),#667);
#663 = LINE('',#664,#665);
#664 = CARTESIAN_POINT('',(6.28318530718,-1.570796326795));
#665 = VECTOR('',#666,1.);
#666 = DIRECTION('',(0.,1.));
#667 = ( GEOMETRIC_REPRESENTATION_CONTEXT(2) 
PARAMETRIC_REPRESENTATION_CONTEXT() REPRESENTATION_CONTEXT('2D SPACE',''
  ) );
#668 = PCURVE('',#669,#674);
#669 = TOROIDAL_SURFACE('',#670,9.5,2.);
#670 = AXIS2_PLACEMENT_3D('',#671,#672,#673);
#671 = CARTESIAN_POINT('',(8.5,48.,8.));
#672 = DIRECTION('',(-0.,0.,1.));
#673 = DIRECTION('',(1.,0.,0.));
#674 = DEFINITIONAL_REPRESENTATION('',(#675),#679);
#675 = LINE('',#676,#677);
#676 = CARTESIAN_POINT('',(0.,-1.570796326795));
#677 = VECTOR('',#678,1.);
#678 = DIRECTION('',(0.,1.));
#679 = ( GEOMETRIC_REPRESENTATION_CONTEXT(2) 
PARAMETRIC_REPRESENTATION_CONTEXT() REPRESENTATION_CONTEXT('2D SPACE',''
  ) );
#680 = ORIENTED_EDGE('',*,*,#681,.F.);
#681 = EDGE_CURVE('',#682,#653,#684,.T.);
#682 = VERTEX_POINT('',#683);
#683 = CARTESIAN_POINT('',(8.5,40.5,8.));
#684 = SURFACE_CURVE('',#685,(#690,#697),.PCURVE_S1.);
#685 = CIRCLE('',#686,7.5);
#686 = AXIS2_PLACEMENT_3D('',#687,#688,#689);
#687 = CARTESIAN_POINT('',(8.5,48.,8.));
#688 = DIRECTION('',(-0.,0.,1.));
#689 = DIRECTION('',(1.,0.,0.));
#690 = PCURVE('',#629,#691);
#691 = DEFINITIONAL_REPRESENTATION('',(#692),#696);
#692 = LINE('',#693,#694);
#693 = CARTESIAN_POINT('',(0.,3.14159265359));
#694 = VECTOR('',#695,1.);
#695 = DIRECTION('',(1.,0.));
#696 = ( GEOMETRIC_REPRESENTATION_CONTEXT(2) 
PARAMETRIC_REPRESENTATION_CONTEXT() REPRESENTATION_CONTEXT('2D SPACE',''
  ) );
#697 = PCURVE('',#698,#703);
#698 = CYLINDRICAL_SURFACE('',#699,7.5);
#699 = AXIS2_PLACEMENT_3D('',#700,#701,#702);
#700 = CARTESIAN_POINT('',(8.5,48.,20.5));
#701 = DIRECTION('',(-0.,-0.,-1.));
#702 = DIRECTION('',(-1.,0.,0.));
#703 = DEFINITIONAL_REPRESENTATION('',(#704),#708);
#704 = LINE('',#705,#706);
#705 = CARTESIAN_POINT('',(9.424777960769,12.5));
#706 = VECTOR('',#707,1.);
#707 = DIRECTION('',(-1.,0.));
#708 = ( GEOMETRIC_REPRESENTATION_CONTEXT(2) 
PARAMETRIC_REPRESENTATION_CONTEXT() REPRESENTATION_CONTEXT('2D SPACE',''
  ) );
#709 = ORIENTED_EDGE('',*,*,#710,.T.);
#710 = EDGE_CURVE('',#682,#620,#711,.T.);
#711 = SURFACE_CURVE('',#712,(#717,#724),.PCURVE_S1.);
#712 = CIRCLE('',#713,2.);
#713 = AXIS2_PLACEMENT_3D('',#714,#715,#716);
#714 = CARTESIAN_POINT('',(8.5,38.5,8.));
#715 = DIRECTION('',(1.,8.673617379884E-16,8.673617379884E-16));
#716 = DIRECTION('',(8.673617379884E-16,-8.75811540203E-47,-1.));
#717 = PCURVE('',#629,#718);
#718 = DEFINITIONAL_REPRESENTATION('',(#719),#723);
#719 = LINE('',#720,#721);
#720 = CARTESIAN_POINT('',(4.712388980385,4.712388980385));
#721 = VECTOR('',#722,1.);
#722 = DIRECTION('',(0.,-1.));
#723 = ( GEOMETRIC_REPRESENTATION_CONTEXT(2) 
PARAMETRIC_REPRESENTATION_CONTEXT() REPRESENTATION_CONTEXT('2D SPACE',''
  ) );
#724 = PCURVE('',#725,#730);
#725 = CYLINDRICAL_SURFACE('',#726,2.);
#726 = AXIS2_PLACEMENT_3D('',#727,#728,#729);
#727 = CARTESIAN_POINT('',(8.5,38.5,8.));
#728 = DIRECTION('',(-1.,-4.625929269271E-16,0.));
#729 = DIRECTION('',(4.625929269271E-16,-1.,0.));
#730 = DEFINITIONAL_REPRESENTATION('',(#731),#735);
#731 = LINE('',#732,#733);
#732 = CARTESIAN_POINT('',(4.712388980385,-3.552713678801E-15));
#733 = VECTOR('',#734,1.);
#734 = DIRECTION('',(-1.,1.130863886743E-15));
#735 = ( GEOMETRIC_REPRESENTATION_CONTEXT(2) 
PARAMETRIC_REPRESENTATION_CONTEXT() REPRESENTATION_CONTEXT('2D SPACE',''
  ) );
#736 = ADVANCED_FACE('',(#737),#751,.F.);
#737 = FACE_BOUND('',#738,.F.);
#738 = EDGE_LOOP('',(#739,#774,#802,#830));
#739 = ORIENTED_EDGE('',*,*,#740,.T.);
#740 = EDGE_CURVE('',#741,#743,#745,.T.);
#741 = VERTEX_POINT('',#742);
#742 = CARTESIAN_POINT('',(-6.5,55.5,8.));
#743 = VERTEX_POINT('',#744);
#744 = CARTESIAN_POINT('',(-6.5,55.5,0.));
#745 = SURFACE_CURVE('',#746,(#750,#762),.PCURVE_S1.);
#746 = LINE('',#747,#748);
#747 = CARTESIAN_POINT('',(-6.5,55.5,20.5));
#748 = VECTOR('',#749,1.);
#749 = DIRECTION('',(-0.,-0.,-1.));
#750 = PCURVE('',#751,#756);
#751 = CYLINDRICAL_SURFACE('',#752,7.5);
#752 = AXIS2_PLACEMENT_3D('',#753,#754,#755);
#753 = CARTESIAN_POINT('',(-6.5,48.,20.5));
#754 = DIRECTION('',(-0.,-0.,-1.));
#755 = DIRECTION('',(-1.,0.,0.));
#756 = DEFINITIONAL_REPRESENTATION('',(#757),#761);
#757 = LINE('',#758,#759);
#758 = CARTESIAN_POINT('',(1.570796326795,0.));
#759 = VECTOR('',#760,1.);
#760 = DIRECTION('',(0.,1.));
#761 = ( GEOMETRIC_REPRESENTATION_CONTEXT(2) 
PARAMETRIC_REPRESENTATION_CONTEXT() REPRESENTATION_CONTEXT('2D SPACE',''
  ) );
#762 = PCURVE('',#763,#768);
#763 = PLANE('',#764);
#764 = AXIS2_PLACEMENT_3D('',#765,#766,#767);
#765 = CARTESIAN_POINT('',(-6.5,55.5,20.5));
#766 = DIRECTION('',(-4.625929269271E-16,1.,0.));
#767 = DIRECTION('',(-1.,-4.625929269271E-16,0.));
#768 = DEFINITIONAL_REPRESENTATION('',(#769),#773);
#769 = LINE('',#770,#771);
#770 = CARTESIAN_POINT('',(0.,0.));
#771 = VECTOR('',#772,1.);
#772 = DIRECTION('',(0.,-1.));
#773 = ( GEOMETRIC_REPRESENTATION_CONTEXT(2) 
PARAMETRIC_REPRESENTATION_CONTEXT() REPRESENTATION_CONTEXT('2D SPACE',''
  ) );
#774 = ORIENTED_EDGE('',*,*,#775,.F.);
#775 = EDGE_CURVE('',#776,#743,#778,.T.);
#776 = VERTEX_POINT('',#777);
#777 = CARTESIAN_POINT('',(-14.,48.,0.));
#778 = SURFACE_CURVE('',#779,(#784,#791),.PCURVE_S1.);
#779 = CIRCLE('',#780,7.5);
#780 = AXIS2_PLACEMENT_3D('',#781,#782,#783);
#781 = CARTESIAN_POINT('',(-6.5,48.,0.));
#782 = DIRECTION('',(0.,0.,-1.));
#783 = DIRECTION('',(-1.,0.,0.));
#784 = PCURVE('',#751,#785);
#785 = DEFINITIONAL_REPRESENTATION('',(#786),#790);
#786 = LINE('',#787,#788);
#787 = CARTESIAN_POINT('',(0.,20.5));
#788 = VECTOR('',#789,1.);
#789 = DIRECTION('',(1.,0.));
#790 = ( GEOMETRIC_REPRESENTATION_CONTEXT(2) 
PARAMETRIC_REPRESENTATION_CONTEXT() REPRESENTATION_CONTEXT('2D SPACE',''
  ) );
#791 = PCURVE('',#128,#792);
#792 = DEFINITIONAL_REPRESENTATION('',(#793),#801);
#793 = ( BOUNDED_CURVE() B_SPLINE_CURVE(2,(#794,#795,#796,#797,#798,#799
,#800),.UNSPECIFIED.,.T.,.F.) B_SPLINE_CURVE_WITH_KNOTS((1,2,2,2,2,1),(
    -2.094395102393,0.,2.094395102393,4.188790204786,6.28318530718,
8.377580409573),.UNSPECIFIED.) CURVE() GEOMETRIC_REPRESENTATION_ITEM() 
RATIONAL_B_SPLINE_CURVE((1.,0.5,1.,0.5,1.,0.5,1.)) REPRESENTATION_ITEM(
  '') );
#794 = CARTESIAN_POINT('',(-14.,48.));
#795 = CARTESIAN_POINT('',(-14.,60.990381056767));
#796 = CARTESIAN_POINT('',(-2.75,54.495190528383));
#797 = CARTESIAN_POINT('',(8.5,48.));
#798 = CARTESIAN_POINT('',(-2.75,41.504809471617));
#799 = CARTESIAN_POINT('',(-14.,35.009618943233));
#800 = CARTESIAN_POINT('',(-14.,48.));
#801 = ( GEOMETRIC_REPRESENTATION_CONTEXT(2) 
PARAMETRIC_REPRESENTATION_CONTEXT() REPRESENTATION_CONTEXT('2D SPACE',''
  ) );
#802 = ORIENTED_EDGE('',*,*,#803,.F.);
#803 = EDGE_CURVE('',#804,#776,#806,.T.);
#804 = VERTEX_POINT('',#805);
#805 = CARTESIAN_POINT('',(-14.,48.,8.));
#806 = SURFACE_CURVE('',#807,(#811,#818),.PCURVE_S1.);
#807 = LINE('',#808,#809);
#808 = CARTESIAN_POINT('',(-14.,48.,20.5));
#809 = VECTOR('',#810,1.);
#810 = DIRECTION('',(-0.,-0.,-1.));
#811 = PCURVE('',#751,#812);
#812 = DEFINITIONAL_REPRESENTATION('',(#813),#817);
#813 = LINE('',#814,#815);
#814 = CARTESIAN_POINT('',(0.,0.));
#815 = VECTOR('',#816,1.);
#816 = DIRECTION('',(0.,1.));
#817 = ( GEOMETRIC_REPRESENTATION_CONTEXT(2) 
PARAMETRIC_REPRESENTATION_CONTEXT() REPRESENTATION_CONTEXT('2D SPACE',''
  ) );
#818 = PCURVE('',#819,#824);
#819 = CYLINDRICAL_SURFACE('',#820,7.5);
#820 = AXIS2_PLACEMENT_3D('',#821,#822,#823);
#821 = CARTESIAN_POINT('',(-6.5,48.,20.5));
#822 = DIRECTION('',(-0.,-0.,-1.));
#823 = DIRECTION('',(-1.,0.,0.));
#824 = DEFINITIONAL_REPRESENTATION('',(#825),#829);
#825 = LINE('',#826,#827);
#826 = CARTESIAN_POINT('',(6.28318530718,0.));
#827 = VECTOR('',#828,1.);
#828 = DIRECTION('',(0.,1.));
#829 = ( GEOMETRIC_REPRESENTATION_CONTEXT(2) 
PARAMETRIC_REPRESENTATION_CONTEXT() REPRESENTATION_CONTEXT('2D SPACE',''
  ) );
#830 = ORIENTED_EDGE('',*,*,#831,.F.);
#831 = EDGE_CURVE('',#741,#804,#832,.T.);
#832 = SURFACE_CURVE('',#833,(#838,#845),.PCURVE_S1.);
#833 = CIRCLE('',#834,7.5);
#834 = AXIS2_PLACEMENT_3D('',#835,#836,#837);
#835 = CARTESIAN_POINT('',(-6.5,48.,8.));
#836 = DIRECTION('',(-0.,0.,1.));
#837 = DIRECTION('',(1.,0.,0.));
#838 = PCURVE('',#751,#839);
#839 = DEFINITIONAL_REPRESENTATION('',(#840),#844);
#840 = LINE('',#841,#842);
#841 = CARTESIAN_POINT('',(3.14159265359,12.5));
#842 = VECTOR('',#843,1.);
#843 = DIRECTION('',(-1.,0.));
#844 = ( GEOMETRIC_REPRESENTATION_CONTEXT(2) 
PARAMETRIC_REPRESENTATION_CONTEXT() REPRESENTATION_CONTEXT('2D SPACE',''
  ) );
#845 = PCURVE('',#846,#851);
#846 = TOROIDAL_SURFACE('',#847,9.5,2.);
#847 = AXIS2_PLACEMENT_3D('',#848,#849,#850);
#848 = CARTESIAN_POINT('',(-6.5,48.,8.));
#849 = DIRECTION('',(-0.,0.,1.));
#850 = DIRECTION('',(1.,0.,0.));
#851 = DEFINITIONAL_REPRESENTATION('',(#852),#856);
#852 = LINE('',#853,#854);
#853 = CARTESIAN_POINT('',(0.,3.14159265359));
#854 = VECTOR('',#855,1.);
#855 = DIRECTION('',(1.,-2.827159716856E-16));
#856 = ( GEOMETRIC_REPRESENTATION_CONTEXT(2) 
PARAMETRIC_REPRESENTATION_CONTEXT() REPRESENTATION_CONTEXT('2D SPACE',''
  ) );
#857 = ADVANCED_FACE('',(#858),#872,.F.);
#858 = FACE_BOUND('',#859,.F.);
#859 = EDGE_LOOP('',(#860,#895,#923,#951));
#860 = ORIENTED_EDGE('',*,*,#861,.T.);
#861 = EDGE_CURVE('',#862,#864,#866,.T.);
#862 = VERTEX_POINT('',#863);
#863 = CARTESIAN_POINT('',(22.5,41.5,8.));
#864 = VERTEX_POINT('',#865);
#865 = CARTESIAN_POINT('',(22.5,41.5,0.));
#866 = SURFACE_CURVE('',#867,(#871,#883),.PCURVE_S1.);
#867 = LINE('',#868,#869);
#868 = CARTESIAN_POINT('',(22.5,41.5,20.5));
#869 = VECTOR('',#870,1.);
#870 = DIRECTION('',(-0.,-0.,-1.));
#871 = PCURVE('',#872,#877);
#872 = CYLINDRICAL_SURFACE('',#873,1.);
#873 = AXIS2_PLACEMENT_3D('',#874,#875,#876);
#874 = CARTESIAN_POINT('',(22.5,40.5,20.5));
#875 = DIRECTION('',(-0.,-0.,-1.));
#876 = DIRECTION('',(-1.,0.,0.));
#877 = DEFINITIONAL_REPRESENTATION('',(#878),#882);
#878 = LINE('',#879,#880);
#879 = CARTESIAN_POINT('',(1.570796326795,0.));
#880 = VECTOR('',#881,1.);
#881 = DIRECTION('',(0.,1.));
#882 = ( GEOMETRIC_REPRESENTATION_CONTEXT(2) 
PARAMETRIC_REPRESENTATION_CONTEXT() REPRESENTATION_CONTEXT('2D SPACE',''
  ) );
#883 = PCURVE('',#884,#889);
#884 = PLANE('',#885);
#885 = AXIS2_PLACEMENT_3D('',#886,#887,#888);
#886 = CARTESIAN_POINT('',(27.5,41.5,20.5));
#887 = DIRECTION('',(0.,1.,-0.));
#888 = DIRECTION('',(0.,0.,1.));
#889 = DEFINITIONAL_REPRESENTATION('',(#890),#894);
#890 = LINE('',#891,#892);
#891 = CARTESIAN_POINT('',(0.,-5.));
#892 = VECTOR('',#893,1.);
#893 = DIRECTION('',(-1.,0.));
#894 = ( GEOMETRIC_REPRESENTATION_CONTEXT(2) 
PARAMETRIC_REPRESENTATION_CONTEXT() REPRESENTATION_CONTEXT('2D SPACE',''
  ) );
#895 = ORIENTED_EDGE('',*,*,#896,.F.);
#896 = EDGE_CURVE('',#897,#864,#899,.T.);
#897 = VERTEX_POINT('',#898);
#898 = CARTESIAN_POINT('',(21.5,40.5,0.));
#899 = SURFACE_CURVE('',#900,(#905,#912),.PCURVE_S1.);
#900 = CIRCLE('',#901,1.);
#901 = AXIS2_PLACEMENT_3D('',#902,#903,#904);
#902 = CARTESIAN_POINT('',(22.5,40.5,0.));
#903 = DIRECTION('',(0.,0.,-1.));
#904 = DIRECTION('',(-1.,0.,0.));
#905 = PCURVE('',#872,#906);
#906 = DEFINITIONAL_REPRESENTATION('',(#907),#911);
#907 = LINE('',#908,#909);
#908 = CARTESIAN_POINT('',(0.,20.5));
#909 = VECTOR('',#910,1.);
#910 = DIRECTION('',(1.,0.));
#911 = ( GEOMETRIC_REPRESENTATION_CONTEXT(2) 
PARAMETRIC_REPRESENTATION_CONTEXT() REPRESENTATION_CONTEXT('2D SPACE',''
  ) );
#912 = PCURVE('',#128,#913);
#913 = DEFINITIONAL_REPRESENTATION('',(#914),#922);
#914 = ( BOUNDED_CURVE() B_SPLINE_CURVE(2,(#915,#916,#917,#918,#919,#920
,#921),.UNSPECIFIED.,.T.,.F.) B_SPLINE_CURVE_WITH_KNOTS((1,2,2,2,2,1),(
    -2.094395102393,0.,2.094395102393,4.188790204786,6.28318530718,
8.377580409573),.UNSPECIFIED.) CURVE() GEOMETRIC_REPRESENTATION_ITEM() 
RATIONAL_B_SPLINE_CURVE((1.,0.5,1.,0.5,1.,0.5,1.)) REPRESENTATION_ITEM(
  '') );
#915 = CARTESIAN_POINT('',(21.5,40.5));
#916 = CARTESIAN_POINT('',(21.5,42.232050807569));
#917 = CARTESIAN_POINT('',(23.,41.366025403784));
#918 = CARTESIAN_POINT('',(24.5,40.5));
#919 = CARTESIAN_POINT('',(23.,39.633974596216));
#920 = CARTESIAN_POINT('',(21.5,38.767949192431));
#921 = CARTESIAN_POINT('',(21.5,40.5));
#922 = ( GEOMETRIC_REPRESENTATION_CONTEXT(2) 
PARAMETRIC_REPRESENTATION_CONTEXT() REPRESENTATION_CONTEXT('2D SPACE',''
  ) );
#923 = ORIENTED_EDGE('',*,*,#924,.F.);
#924 = EDGE_CURVE('',#925,#897,#927,.T.);
#925 = VERTEX_POINT('',#926);
#926 = CARTESIAN_POINT('',(21.5,40.5,8.));
#927 = SURFACE_CURVE('',#928,(#932,#939),.PCURVE_S1.);
#928 = LINE('',#929,#930);
#929 = CARTESIAN_POINT('',(21.5,40.5,20.5));
#930 = VECTOR('',#931,1.);
#931 = DIRECTION('',(-0.,-0.,-1.));
#932 = PCURVE('',#872,#933);
#933 = DEFINITIONAL_REPRESENTATION('',(#934),#938);
#934 = LINE('',#935,#936);
#935 = CARTESIAN_POINT('',(0.,0.));
#936 = VECTOR('',#937,1.);
#937 = DIRECTION('',(0.,1.));
#938 = ( GEOMETRIC_REPRESENTATION_CONTEXT(2) 
PARAMETRIC_REPRESENTATION_CONTEXT() REPRESENTATION_CONTEXT('2D SPACE',''
  ) );
#939 = PCURVE('',#940,#945);
#940 = CYLINDRICAL_SURFACE('',#941,1.);
#941 = AXIS2_PLACEMENT_3D('',#942,#943,#944);
#942 = CARTESIAN_POINT('',(22.5,40.5,20.5));
#943 = DIRECTION('',(-0.,-0.,-1.));
#944 = DIRECTION('',(-1.,0.,0.));
#945 = DEFINITIONAL_REPRESENTATION('',(#946),#950);
#946 = LINE('',#947,#948);
#947 = CARTESIAN_POINT('',(6.28318530718,0.));
#948 = VECTOR('',#949,1.);
#949 = DIRECTION('',(0.,1.));
#950 = ( GEOMETRIC_REPRESENTATION_CONTEXT(2) 
PARAMETRIC_REPRESENTATION_CONTEXT() REPRESENTATION_CONTEXT('2D SPACE',''
  ) );
#951 = ORIENTED_EDGE('',*,*,#952,.F.);
#952 = EDGE_CURVE('',#862,#925,#953,.T.);
#953 = SURFACE_CURVE('',#954,(#959,#966),.PCURVE_S1.);
#954 = CIRCLE('',#955,1.);
#955 = AXIS2_PLACEMENT_3D('',#956,#957,#958);
#956 = CARTESIAN_POINT('',(22.5,40.5,8.));
#957 = DIRECTION('',(-0.,0.,1.));
#958 = DIRECTION('',(1.,0.,0.));
#959 = PCURVE('',#872,#960);
#960 = DEFINITIONAL_REPRESENTATION('',(#961),#965);
#961 = LINE('',#962,#963);
#962 = CARTESIAN_POINT('',(3.14159265359,12.5));
#963 = VECTOR('',#964,1.);
#964 = DIRECTION('',(-1.,0.));
#965 = ( GEOMETRIC_REPRESENTATION_CONTEXT(2) 
PARAMETRIC_REPRESENTATION_CONTEXT() REPRESENTATION_CONTEXT('2D SPACE',''
  ) );
#966 = PCURVE('',#967,#972);
#967 = TOROIDAL_SURFACE('',#968,3.,2.);
#968 = AXIS2_PLACEMENT_3D('',#969,#970,#971);
#969 = CARTESIAN_POINT('',(22.5,40.5,8.));
#970 = DIRECTION('',(-0.,0.,1.));
#971 = DIRECTION('',(1.,0.,0.));
#972 = DEFINITIONAL_REPRESENTATION('',(#973),#977);
#973 = LINE('',#974,#975);
#974 = CARTESIAN_POINT('',(0.,3.14159265359));
#975 = VECTOR('',#976,1.);
#976 = DIRECTION('',(1.,0.));
#977 = ( GEOMETRIC_REPRESENTATION_CONTEXT(2) 
PARAMETRIC_REPRESENTATION_CONTEXT() REPRESENTATION_CONTEXT('2D SPACE',''
  ) );
#978 = ADVANCED_FACE('',(#979),#993,.F.);
#979 = FACE_BOUND('',#980,.F.);
#980 = EDGE_LOOP('',(#981,#1016,#1044,#1072));
#981 = ORIENTED_EDGE('',*,*,#982,.T.);
#982 = EDGE_CURVE('',#983,#985,#987,.T.);
#983 = VERTEX_POINT('',#984);
#984 = CARTESIAN_POINT('',(22.5,56.5,8.));
#985 = VERTEX_POINT('',#986);
#986 = CARTESIAN_POINT('',(22.5,56.5,0.));
#987 = SURFACE_CURVE('',#988,(#992,#1004),.PCURVE_S1.);
#988 = LINE('',#989,#990);
#989 = CARTESIAN_POINT('',(22.5,56.5,20.5));
#990 = VECTOR('',#991,1.);
#991 = DIRECTION('',(-0.,-0.,-1.));
#992 = PCURVE('',#993,#998);
#993 = CYLINDRICAL_SURFACE('',#994,1.);
#994 = AXIS2_PLACEMENT_3D('',#995,#996,#997);
#995 = CARTESIAN_POINT('',(22.5,55.5,20.5));
#996 = DIRECTION('',(-0.,-0.,-1.));
#997 = DIRECTION('',(-1.,0.,0.));
#998 = DEFINITIONAL_REPRESENTATION('',(#999),#1003);
#999 = LINE('',#1000,#1001);
#1000 = CARTESIAN_POINT('',(1.570796326795,0.));
#1001 = VECTOR('',#1002,1.);
#1002 = DIRECTION('',(0.,1.));
#1003 = ( GEOMETRIC_REPRESENTATION_CONTEXT(2) 
PARAMETRIC_REPRESENTATION_CONTEXT() REPRESENTATION_CONTEXT('2D SPACE',''
  ) );
#1004 = PCURVE('',#1005,#1010);
#1005 = PLANE('',#1006);
#1006 = AXIS2_PLACEMENT_3D('',#1007,#1008,#1009);
#1007 = CARTESIAN_POINT('',(27.5,56.5,20.5));
#1008 = DIRECTION('',(0.,1.,-0.));
#1009 = DIRECTION('',(0.,0.,1.));
#1010 = DEFINITIONAL_REPRESENTATION('',(#1011),#1015);
#1011 = LINE('',#1012,#1013);
#1012 = CARTESIAN_POINT('',(0.,-5.));
#1013 = VECTOR('',#1014,1.);
#1014 = DIRECTION('',(-1.,0.));
#1015 = ( GEOMETRIC_REPRESENTATION_CONTEXT(2) 
PARAMETRIC_REPRESENTATION_CONTEXT() REPRESENTATION_CONTEXT('2D SPACE',''
  ) );
#1016 = ORIENTED_EDGE('',*,*,#1017,.F.);
#1017 = EDGE_CURVE('',#1018,#985,#1020,.T.);
#1018 = VERTEX_POINT('',#1019);
#1019 = CARTESIAN_POINT('',(21.5,55.5,0.));
#1020 = SURFACE_CURVE('',#1021,(#1026,#1033),.PCURVE_S1.);
#1021 = CIRCLE('',#1022,1.);
#1022 = AXIS2_PLACEMENT_3D('',#1023,#1024,#1025);
#1023 = CARTESIAN_POINT('',(22.5,55.5,0.));
#1024 = DIRECTION('',(0.,0.,-1.));
#1025 = DIRECTION('',(-1.,0.,0.));
#1026 = PCURVE('',#993,#1027);
#1027 = DEFINITIONAL_REPRESENTATION('',(#1028),#1032);
#1028 = LINE('',#1029,#1030);
#1029 = CARTESIAN_POINT('',(0.,20.5));
#1030 = VECTOR('',#1031,1.);
#1031 = DIRECTION('',(1.,0.));
#1032 = ( GEOMETRIC_REPRESENTATION_CONTEXT(2) 
PARAMETRIC_REPRESENTATION_CONTEXT() REPRESENTATION_CONTEXT('2D SPACE',''
  ) );
#1033 = PCURVE('',#128,#1034);
#1034 = DEFINITIONAL_REPRESENTATION('',(#1035),#1043);
#1035 = ( BOUNDED_CURVE() B_SPLINE_CURVE(2,(#1036,#1037,#1038,#1039,
#1040,#1041,#1042),.UNSPECIFIED.,.T.,.F.) B_SPLINE_CURVE_WITH_KNOTS((1,2
    ,2,2,2,1),(-2.094395102393,0.,2.094395102393,4.188790204786,
6.28318530718,8.377580409573),.UNSPECIFIED.) CURVE() 
GEOMETRIC_REPRESENTATION_ITEM() RATIONAL_B_SPLINE_CURVE((1.,0.5,1.,0.5,
1.,0.5,1.)) REPRESENTATION_ITEM('') );
#1036 = CARTESIAN_POINT('',(21.5,55.5));
#1037 = CARTESIAN_POINT('',(21.5,57.232050807569));
#1038 = CARTESIAN_POINT('',(23.,56.366025403784));
#1039 = CARTESIAN_POINT('',(24.5,55.5));
#1040 = CARTESIAN_POINT('',(23.,54.633974596216));
#1041 = CARTESIAN_POINT('',(21.5,53.767949192431));
#1042 = CARTESIAN_POINT('',(21.5,55.5));
#1043 = ( GEOMETRIC_REPRESENTATION_CONTEXT(2) 
PARAMETRIC_REPRESENTATION_CONTEXT() REPRESENTATION_CONTEXT('2D SPACE',''
  ) );
#1044 = ORIENTED_EDGE('',*,*,#1045,.F.);
#1045 = EDGE_CURVE('',#1046,#1018,#1048,.T.);
#1046 = VERTEX_POINT('',#1047);
#1047 = CARTESIAN_POINT('',(21.5,55.5,8.));
#1048 = SURFACE_CURVE('',#1049,(#1053,#1060),.PCURVE_S1.);
#1049 = LINE('',#1050,#1051);
#1050 = CARTESIAN_POINT('',(21.5,55.5,20.5));
#1051 = VECTOR('',#1052,1.);
#1052 = DIRECTION('',(-0.,-0.,-1.));
#1053 = PCURVE('',#993,#1054);
#1054 = DEFINITIONAL_REPRESENTATION('',(#1055),#1059);
#1055 = LINE('',#1056,#1057);
#1056 = CARTESIAN_POINT('',(0.,0.));
#1057 = VECTOR('',#1058,1.);
#1058 = DIRECTION('',(0.,1.));
#1059 = ( GEOMETRIC_REPRESENTATION_CONTEXT(2) 
PARAMETRIC_REPRESENTATION_CONTEXT() REPRESENTATION_CONTEXT('2D SPACE',''
  ) );
#1060 = PCURVE('',#1061,#1066);
#1061 = CYLINDRICAL_SURFACE('',#1062,1.);
#1062 = AXIS2_PLACEMENT_3D('',#1063,#1064,#1065);
#1063 = CARTESIAN_POINT('',(22.5,55.5,20.5));
#1064 = DIRECTION('',(-0.,-0.,-1.));
#1065 = DIRECTION('',(-1.,0.,0.));
#1066 = DEFINITIONAL_REPRESENTATION('',(#1067),#1071);
#1067 = LINE('',#1068,#1069);
#1068 = CARTESIAN_POINT('',(6.28318530718,0.));
#1069 = VECTOR('',#1070,1.);
#1070 = DIRECTION('',(0.,1.));
#1071 = ( GEOMETRIC_REPRESENTATION_CONTEXT(2) 
PARAMETRIC_REPRESENTATION_CONTEXT() REPRESENTATION_CONTEXT('2D SPACE',''
  ) );
#1072 = ORIENTED_EDGE('',*,*,#1073,.F.);
#1073 = EDGE_CURVE('',#983,#1046,#1074,.T.);
#1074 = SURFACE_CURVE('',#1075,(#1080,#1087),.PCURVE_S1.);
#1075 = CIRCLE('',#1076,1.);
#1076 = AXIS2_PLACEMENT_3D('',#1077,#1078,#1079);
#1077 = CARTESIAN_POINT('',(22.5,55.5,8.));
#1078 = DIRECTION('',(-0.,0.,1.));
#1079 = DIRECTION('',(1.,0.,0.));
#1080 = PCURVE('',#993,#1081);
#1081 = DEFINITIONAL_REPRESENTATION('',(#1082),#1086);
#1082 = LINE('',#1083,#1084);
#1083 = CARTESIAN_POINT('',(3.14159265359,12.5));
#1084 = VECTOR('',#1085,1.);
#1085 = DIRECTION('',(-1.,0.));
#1086 = ( GEOMETRIC_REPRESENTATION_CONTEXT(2) 
PARAMETRIC_REPRESENTATION_CONTEXT() REPRESENTATION_CONTEXT('2D SPACE',''
  ) );
#1087 = PCURVE('',#1088,#1093);
#1088 = TOROIDAL_SURFACE('',#1089,3.,2.);
#1089 = AXIS2_PLACEMENT_3D('',#1090,#1091,#1092);
#1090 = CARTESIAN_POINT('',(22.5,55.5,8.));
#1091 = DIRECTION('',(-0.,0.,1.));
#1092 = DIRECTION('',(1.,0.,0.));
#1093 = DEFINITIONAL_REPRESENTATION('',(#1094),#1098);
#1094 = LINE('',#1095,#1096);
#1095 = CARTESIAN_POINT('',(0.,3.14159265359));
#1096 = VECTOR('',#1097,1.);
#1097 = DIRECTION('',(1.,0.));
#1098 = ( GEOMETRIC_REPRESENTATION_CONTEXT(2) 
PARAMETRIC_REPRESENTATION_CONTEXT() REPRESENTATION_CONTEXT('2D SPACE',''
  ) );
#1099 = ADVANCED_FACE('',(#1100),#1114,.F.);
#1100 = FACE_BOUND('',#1101,.F.);
#1101 = EDGE_LOOP('',(#1102,#1137,#1161,#1184));
#1102 = ORIENTED_EDGE('',*,*,#1103,.T.);
#1103 = EDGE_CURVE('',#1104,#1106,#1108,.T.);
#1104 = VERTEX_POINT('',#1105);
#1105 = CARTESIAN_POINT('',(-54.20134108215,68.501144082732,8.));
#1106 = VERTEX_POINT('',#1107);
#1107 = CARTESIAN_POINT('',(-54.20134108215,68.501144082732,10.));
#1108 = SURFACE_CURVE('',#1109,(#1113,#1125),.PCURVE_S1.);
#1109 = LINE('',#1110,#1111);
#1110 = CARTESIAN_POINT('',(-54.20134108215,68.501144082732,10.));
#1111 = VECTOR('',#1112,1.);
#1112 = DIRECTION('',(-0.,-0.,1.));
#1113 = PCURVE('',#1114,#1119);
#1114 = CYLINDRICAL_SURFACE('',#1115,3.25);
#1115 = AXIS2_PLACEMENT_3D('',#1116,#1117,#1118);
#1116 = CARTESIAN_POINT('',(-57.45134108215,68.501144082732,10.));
#1117 = DIRECTION('',(-0.,-0.,1.));
#1118 = DIRECTION('',(1.,0.,0.));
#1119 = DEFINITIONAL_REPRESENTATION('',(#1120),#1124);
#1120 = LINE('',#1121,#1122);
#1121 = CARTESIAN_POINT('',(6.28318530718,0.));
#1122 = VECTOR('',#1123,1.);
#1123 = DIRECTION('',(0.,1.));
#1124 = ( GEOMETRIC_REPRESENTATION_CONTEXT(2) 
PARAMETRIC_REPRESENTATION_CONTEXT() REPRESENTATION_CONTEXT('2D SPACE',''
  ) );
#1125 = PCURVE('',#1126,#1131);
#1126 = CYLINDRICAL_SURFACE('',#1127,3.25);
#1127 = AXIS2_PLACEMENT_3D('',#1128,#1129,#1130);
#1128 = CARTESIAN_POINT('',(-57.45134108215,68.501144082732,10.));
#1129 = DIRECTION('',(-0.,-0.,1.));
#1130 = DIRECTION('',(1.,0.,0.));
#1131 = DEFINITIONAL_REPRESENTATION('',(#1132),#1136);
#1132 = LINE('',#1133,#1134);
#1133 = CARTESIAN_POINT('',(0.,0.));
#1134 = VECTOR('',#1135,1.);
#1135 = DIRECTION('',(0.,1.));
#1136 = ( GEOMETRIC_REPRESENTATION_CONTEXT(2) 
PARAMETRIC_REPRESENTATION_CONTEXT() REPRESENTATION_CONTEXT('2D SPACE',''
  ) );
#1137 = ORIENTED_EDGE('',*,*,#1138,.F.);
#1138 = EDGE_CURVE('',#1139,#1106,#1141,.T.);
#1139 = VERTEX_POINT('',#1140);
#1140 = CARTESIAN_POINT('',(-60.70134108215,68.501144082732,10.));
#1141 = SURFACE_CURVE('',#1142,(#1147,#1154),.PCURVE_S1.);
#1142 = CIRCLE('',#1143,3.25);
#1143 = AXIS2_PLACEMENT_3D('',#1144,#1145,#1146);
#1144 = CARTESIAN_POINT('',(-57.45134108215,68.501144082732,10.));
#1145 = DIRECTION('',(0.,-0.,1.));
#1146 = DIRECTION('',(1.,0.,0.));
#1147 = PCURVE('',#1114,#1148);
#1148 = DEFINITIONAL_REPRESENTATION('',(#1149),#1153);
#1149 = LINE('',#1150,#1151);
#1150 = CARTESIAN_POINT('',(0.,0.));
#1151 = VECTOR('',#1152,1.);
#1152 = DIRECTION('',(1.,0.));
#1153 = ( GEOMETRIC_REPRESENTATION_CONTEXT(2) 
PARAMETRIC_REPRESENTATION_CONTEXT() REPRESENTATION_CONTEXT('2D SPACE',''
  ) );
#1154 = PCURVE('',#73,#1155);
#1155 = DEFINITIONAL_REPRESENTATION('',(#1156),#1160);
#1156 = CIRCLE('',#1157,3.25);
#1157 = AXIS2_PLACEMENT_2D('',#1158,#1159);
#1158 = CARTESIAN_POINT('',(-57.45134108215,68.501144082732));
#1159 = DIRECTION('',(1.,0.));
#1160 = ( GEOMETRIC_REPRESENTATION_CONTEXT(2) 
PARAMETRIC_REPRESENTATION_CONTEXT() REPRESENTATION_CONTEXT('2D SPACE',''
  ) );
#1161 = ORIENTED_EDGE('',*,*,#1162,.F.);
#1162 = EDGE_CURVE('',#1163,#1139,#1165,.T.);
#1163 = VERTEX_POINT('',#1164);
#1164 = CARTESIAN_POINT('',(-60.70134108215,68.501144082732,8.));
#1165 = SURFACE_CURVE('',#1166,(#1170,#1177),.PCURVE_S1.);
#1166 = LINE('',#1167,#1168);
#1167 = CARTESIAN_POINT('',(-60.70134108215,68.501144082732,10.));
#1168 = VECTOR('',#1169,1.);
#1169 = DIRECTION('',(-0.,-0.,1.));
#1170 = PCURVE('',#1114,#1171);
#1171 = DEFINITIONAL_REPRESENTATION('',(#1172),#1176);
#1172 = LINE('',#1173,#1174);
#1173 = CARTESIAN_POINT('',(3.14159265359,0.));
#1174 = VECTOR('',#1175,1.);
#1175 = DIRECTION('',(0.,1.));
#1176 = ( GEOMETRIC_REPRESENTATION_CONTEXT(2) 
PARAMETRIC_REPRESENTATION_CONTEXT() REPRESENTATION_CONTEXT('2D SPACE',''
  ) );
#1177 = PCURVE('',#1126,#1178);
#1178 = DEFINITIONAL_REPRESENTATION('',(#1179),#1183);
#1179 = LINE('',#1180,#1181);
#1180 = CARTESIAN_POINT('',(3.14159265359,0.));
#1181 = VECTOR('',#1182,1.);
#1182 = DIRECTION('',(0.,1.));
#1183 = ( GEOMETRIC_REPRESENTATION_CONTEXT(2) 
PARAMETRIC_REPRESENTATION_CONTEXT() REPRESENTATION_CONTEXT('2D SPACE',''
  ) );
#1184 = ORIENTED_EDGE('',*,*,#1185,.T.);
#1185 = EDGE_CURVE('',#1163,#1104,#1186,.T.);
#1186 = SURFACE_CURVE('',#1187,(#1192,#1199),.PCURVE_S1.);
#1187 = CIRCLE('',#1188,3.25);
#1188 = AXIS2_PLACEMENT_3D('',#1189,#1190,#1191);
#1189 = CARTESIAN_POINT('',(-57.45134108215,68.501144082732,8.));
#1190 = DIRECTION('',(0.,-0.,1.));
#1191 = DIRECTION('',(1.,0.,0.));
#1192 = PCURVE('',#1114,#1193);
#1193 = DEFINITIONAL_REPRESENTATION('',(#1194),#1198);
#1194 = LINE('',#1195,#1196);
#1195 = CARTESIAN_POINT('',(0.,-2.));
#1196 = VECTOR('',#1197,1.);
#1197 = DIRECTION('',(1.,0.));
#1198 = ( GEOMETRIC_REPRESENTATION_CONTEXT(2) 
PARAMETRIC_REPRESENTATION_CONTEXT() REPRESENTATION_CONTEXT('2D SPACE',''
  ) );
#1199 = PCURVE('',#1200,#1205);
#1200 = PLANE('',#1201);
#1201 = AXIS2_PLACEMENT_3D('',#1202,#1203,#1204);
#1202 = CARTESIAN_POINT('',(-55.80134108215,68.501144082732,8.));
#1203 = DIRECTION('',(0.,0.,-1.));
#1204 = DIRECTION('',(-1.,0.,-0.));
#1205 = DEFINITIONAL_REPRESENTATION('',(#1206),#1214);
#1206 = ( BOUNDED_CURVE() B_SPLINE_CURVE(2,(#1207,#1208,#1209,#1210,
#1211,#1212,#1213),.UNSPECIFIED.,.T.,.F.) B_SPLINE_CURVE_WITH_KNOTS((1,2
    ,2,2,2,1),(-2.094395102393,0.,2.094395102393,4.188790204786,
6.28318530718,8.377580409573),.UNSPECIFIED.) CURVE() 
GEOMETRIC_REPRESENTATION_ITEM() RATIONAL_B_SPLINE_CURVE((1.,0.5,1.,0.5,
1.,0.5,1.)) REPRESENTATION_ITEM('') );
#1207 = CARTESIAN_POINT('',(-1.6,0.));
#1208 = CARTESIAN_POINT('',(-1.6,5.629165124599));
#1209 = CARTESIAN_POINT('',(3.275,2.814582562299));
#1210 = CARTESIAN_POINT('',(8.15,7.960204194458E-16));
#1211 = CARTESIAN_POINT('',(3.275,-2.814582562299));
#1212 = CARTESIAN_POINT('',(-1.6,-5.629165124599));
#1213 = CARTESIAN_POINT('',(-1.6,0.));
#1214 = ( GEOMETRIC_REPRESENTATION_CONTEXT(2) 
PARAMETRIC_REPRESENTATION_CONTEXT() REPRESENTATION_CONTEXT('2D SPACE',''
  ) );
#1215 = ADVANCED_FACE('',(#1216),#1230,.F.);
#1216 = FACE_BOUND('',#1217,.F.);
#1217 = EDGE_LOOP('',(#1218,#1253,#1281,#1304));
#1218 = ORIENTED_EDGE('',*,*,#1219,.T.);
#1219 = EDGE_CURVE('',#1220,#1222,#1224,.T.);
#1220 = VERTEX_POINT('',#1221);
#1221 = CARTESIAN_POINT('',(-55.80134108215,68.501144082732,
    -1.734723475977E-15));
#1222 = VERTEX_POINT('',#1223);
#1223 = CARTESIAN_POINT('',(-55.80134108215,68.501144082732,8.));
#1224 = SURFACE_CURVE('',#1225,(#1229,#1241),.PCURVE_S1.);
#1225 = LINE('',#1226,#1227);
#1226 = CARTESIAN_POINT('',(-55.80134108215,68.501144082732,10.));
#1227 = VECTOR('',#1228,1.);
#1228 = DIRECTION('',(-0.,-0.,1.));
#1229 = PCURVE('',#1230,#1235);
#1230 = CYLINDRICAL_SURFACE('',#1231,1.65);
#1231 = AXIS2_PLACEMENT_3D('',#1232,#1233,#1234);
#1232 = CARTESIAN_POINT('',(-57.45134108215,68.501144082732,10.));
#1233 = DIRECTION('',(-0.,-0.,1.));
#1234 = DIRECTION('',(1.,0.,0.));
#1235 = DEFINITIONAL_REPRESENTATION('',(#1236),#1240);
#1236 = LINE('',#1237,#1238);
#1237 = CARTESIAN_POINT('',(6.28318530718,0.));
#1238 = VECTOR('',#1239,1.);
#1239 = DIRECTION('',(0.,1.));
#1240 = ( GEOMETRIC_REPRESENTATION_CONTEXT(2) 
PARAMETRIC_REPRESENTATION_CONTEXT() REPRESENTATION_CONTEXT('2D SPACE',''
  ) );
#1241 = PCURVE('',#1242,#1247);
#1242 = CYLINDRICAL_SURFACE('',#1243,1.65);
#1243 = AXIS2_PLACEMENT_3D('',#1244,#1245,#1246);
#1244 = CARTESIAN_POINT('',(-57.45134108215,68.501144082732,10.));
#1245 = DIRECTION('',(-0.,-0.,1.));
#1246 = DIRECTION('',(1.,0.,0.));
#1247 = DEFINITIONAL_REPRESENTATION('',(#1248),#1252);
#1248 = LINE('',#1249,#1250);
#1249 = CARTESIAN_POINT('',(0.,0.));
#1250 = VECTOR('',#1251,1.);
#1251 = DIRECTION('',(0.,1.));
#1252 = ( GEOMETRIC_REPRESENTATION_CONTEXT(2) 
PARAMETRIC_REPRESENTATION_CONTEXT() REPRESENTATION_CONTEXT('2D SPACE',''
  ) );
#1253 = ORIENTED_EDGE('',*,*,#1254,.F.);
#1254 = EDGE_CURVE('',#1255,#1222,#1257,.T.);
#1255 = VERTEX_POINT('',#1256);
#1256 = CARTESIAN_POINT('',(-59.10134108215,68.501144082732,8.));
#1257 = SURFACE_CURVE('',#1258,(#1263,#1270),.PCURVE_S1.);
#1258 = CIRCLE('',#1259,1.65);
#1259 = AXIS2_PLACEMENT_3D('',#1260,#1261,#1262);
#1260 = CARTESIAN_POINT('',(-57.45134108215,68.501144082732,8.));
#1261 = DIRECTION('',(0.,-0.,1.));
#1262 = DIRECTION('',(1.,0.,0.));
#1263 = PCURVE('',#1230,#1264);
#1264 = DEFINITIONAL_REPRESENTATION('',(#1265),#1269);
#1265 = LINE('',#1266,#1267);
#1266 = CARTESIAN_POINT('',(0.,-2.));
#1267 = VECTOR('',#1268,1.);
#1268 = DIRECTION('',(1.,0.));
#1269 = ( GEOMETRIC_REPRESENTATION_CONTEXT(2) 
PARAMETRIC_REPRESENTATION_CONTEXT() REPRESENTATION_CONTEXT('2D SPACE',''
  ) );
#1270 = PCURVE('',#1200,#1271);
#1271 = DEFINITIONAL_REPRESENTATION('',(#1272),#1280);
#1272 = ( BOUNDED_CURVE() B_SPLINE_CURVE(2,(#1273,#1274,#1275,#1276,
#1277,#1278,#1279),.UNSPECIFIED.,.T.,.F.) B_SPLINE_CURVE_WITH_KNOTS((1,2
    ,2,2,2,1),(-2.094395102393,0.,2.094395102393,4.188790204786,
6.28318530718,8.377580409573),.UNSPECIFIED.) CURVE() 
GEOMETRIC_REPRESENTATION_ITEM() RATIONAL_B_SPLINE_CURVE((1.,0.5,1.,0.5,
1.,0.5,1.)) REPRESENTATION_ITEM('') );
#1273 = CARTESIAN_POINT('',(0.,0.));
#1274 = CARTESIAN_POINT('',(0.,2.857883832489));
#1275 = CARTESIAN_POINT('',(2.475,1.428941916244));
#1276 = CARTESIAN_POINT('',(4.95,4.041334437186E-16));
#1277 = CARTESIAN_POINT('',(2.475,-1.428941916244));
#1278 = CARTESIAN_POINT('',(2.6645352591E-15,-2.857883832489));
#1279 = CARTESIAN_POINT('',(0.,0.));
#1280 = ( GEOMETRIC_REPRESENTATION_CONTEXT(2) 
PARAMETRIC_REPRESENTATION_CONTEXT() REPRESENTATION_CONTEXT('2D SPACE',''
  ) );
#1281 = ORIENTED_EDGE('',*,*,#1282,.F.);
#1282 = EDGE_CURVE('',#1283,#1255,#1285,.T.);
#1283 = VERTEX_POINT('',#1284);
#1284 = CARTESIAN_POINT('',(-59.10134108215,68.501144082732,
    -1.734723475977E-15));
#1285 = SURFACE_CURVE('',#1286,(#1290,#1297),.PCURVE_S1.);
#1286 = LINE('',#1287,#1288);
#1287 = CARTESIAN_POINT('',(-59.10134108215,68.501144082732,10.));
#1288 = VECTOR('',#1289,1.);
#1289 = DIRECTION('',(-0.,-0.,1.));
#1290 = PCURVE('',#1230,#1291);
#1291 = DEFINITIONAL_REPRESENTATION('',(#1292),#1296);
#1292 = LINE('',#1293,#1294);
#1293 = CARTESIAN_POINT('',(3.14159265359,0.));
#1294 = VECTOR('',#1295,1.);
#1295 = DIRECTION('',(0.,1.));
#1296 = ( GEOMETRIC_REPRESENTATION_CONTEXT(2) 
PARAMETRIC_REPRESENTATION_CONTEXT() REPRESENTATION_CONTEXT('2D SPACE',''
  ) );
#1297 = PCURVE('',#1242,#1298);
#1298 = DEFINITIONAL_REPRESENTATION('',(#1299),#1303);
#1299 = LINE('',#1300,#1301);
#1300 = CARTESIAN_POINT('',(3.14159265359,0.));
#1301 = VECTOR('',#1302,1.);
#1302 = DIRECTION('',(0.,1.));
#1303 = ( GEOMETRIC_REPRESENTATION_CONTEXT(2) 
PARAMETRIC_REPRESENTATION_CONTEXT() REPRESENTATION_CONTEXT('2D SPACE',''
  ) );
#1304 = ORIENTED_EDGE('',*,*,#1305,.T.);
#1305 = EDGE_CURVE('',#1283,#1220,#1306,.T.);
#1306 = SURFACE_CURVE('',#1307,(#1312,#1319),.PCURVE_S1.);
#1307 = CIRCLE('',#1308,1.65);
#1308 = AXIS2_PLACEMENT_3D('',#1309,#1310,#1311);
#1309 = CARTESIAN_POINT('',(-57.45134108215,68.501144082732,
    -1.734723475977E-15));
#1310 = DIRECTION('',(0.,-0.,1.));
#1311 = DIRECTION('',(1.,0.,0.));
#1312 = PCURVE('',#1230,#1313);
#1313 = DEFINITIONAL_REPRESENTATION('',(#1314),#1318);
#1314 = LINE('',#1315,#1316);
#1315 = CARTESIAN_POINT('',(0.,-10.));
#1316 = VECTOR('',#1317,1.);
#1317 = DIRECTION('',(1.,0.));
#1318 = ( GEOMETRIC_REPRESENTATION_CONTEXT(2) 
PARAMETRIC_REPRESENTATION_CONTEXT() REPRESENTATION_CONTEXT('2D SPACE',''
  ) );
#1319 = PCURVE('',#128,#1320);
#1320 = DEFINITIONAL_REPRESENTATION('',(#1321),#1325);
#1321 = CIRCLE('',#1322,1.65);
#1322 = AXIS2_PLACEMENT_2D('',#1323,#1324);
#1323 = CARTESIAN_POINT('',(-57.45134108215,68.501144082732));
#1324 = DIRECTION('',(1.,0.));
#1325 = ( GEOMETRIC_REPRESENTATION_CONTEXT(2) 
PARAMETRIC_REPRESENTATION_CONTEXT() REPRESENTATION_CONTEXT('2D SPACE',''
  ) );
#1326 = ADVANCED_FACE('',(#1327),#1341,.F.);
#1327 = FACE_BOUND('',#1328,.F.);
#1328 = EDGE_LOOP('',(#1329,#1364,#1388,#1411));
#1329 = ORIENTED_EDGE('',*,*,#1330,.T.);
#1330 = EDGE_CURVE('',#1331,#1333,#1335,.T.);
#1331 = VERTEX_POINT('',#1332);
#1332 = CARTESIAN_POINT('',(-31.16884026396,67.632866442645,8.));
#1333 = VERTEX_POINT('',#1334);
#1334 = CARTESIAN_POINT('',(-31.16884026396,67.632866442645,10.));
#1335 = SURFACE_CURVE('',#1336,(#1340,#1352),.PCURVE_S1.);
#1336 = LINE('',#1337,#1338);
#1337 = CARTESIAN_POINT('',(-31.16884026396,67.632866442645,10.));
#1338 = VECTOR('',#1339,1.);
#1339 = DIRECTION('',(-0.,-0.,1.));
#1340 = PCURVE('',#1341,#1346);
#1341 = CYLINDRICAL_SURFACE('',#1342,3.25);
#1342 = AXIS2_PLACEMENT_3D('',#1343,#1344,#1345);
#1343 = CARTESIAN_POINT('',(-34.41884026396,67.632866442645,10.));
#1344 = DIRECTION('',(-0.,-0.,1.));
#1345 = DIRECTION('',(1.,0.,0.));
#1346 = DEFINITIONAL_REPRESENTATION('',(#1347),#1351);
#1347 = LINE('',#1348,#1349);
#1348 = CARTESIAN_POINT('',(6.28318530718,0.));
#1349 = VECTOR('',#1350,1.);
#1350 = DIRECTION('',(0.,1.));
#1351 = ( GEOMETRIC_REPRESENTATION_CONTEXT(2) 
PARAMETRIC_REPRESENTATION_CONTEXT() REPRESENTATION_CONTEXT('2D SPACE',''
  ) );
#1352 = PCURVE('',#1353,#1358);
#1353 = CYLINDRICAL_SURFACE('',#1354,3.25);
#1354 = AXIS2_PLACEMENT_3D('',#1355,#1356,#1357);
#1355 = CARTESIAN_POINT('',(-34.41884026396,67.632866442645,10.));
#1356 = DIRECTION('',(-0.,-0.,1.));
#1357 = DIRECTION('',(1.,0.,0.));
#1358 = DEFINITIONAL_REPRESENTATION('',(#1359),#1363);
#1359 = LINE('',#1360,#1361);
#1360 = CARTESIAN_POINT('',(0.,0.));
#1361 = VECTOR('',#1362,1.);
#1362 = DIRECTION('',(0.,1.));
#1363 = ( GEOMETRIC_REPRESENTATION_CONTEXT(2) 
PARAMETRIC_REPRESENTATION_CONTEXT() REPRESENTATION_CONTEXT('2D SPACE',''
  ) );
#1364 = ORIENTED_EDGE('',*,*,#1365,.F.);
#1365 = EDGE_CURVE('',#1366,#1333,#1368,.T.);
#1366 = VERTEX_POINT('',#1367);
#1367 = CARTESIAN_POINT('',(-37.66884026396,67.632866442645,10.));
#1368 = SURFACE_CURVE('',#1369,(#1374,#1381),.PCURVE_S1.);
#1369 = CIRCLE('',#1370,3.25);
#1370 = AXIS2_PLACEMENT_3D('',#1371,#1372,#1373);
#1371 = CARTESIAN_POINT('',(-34.41884026396,67.632866442645,10.));
#1372 = DIRECTION('',(0.,-0.,1.));
#1373 = DIRECTION('',(1.,0.,0.));
#1374 = PCURVE('',#1341,#1375);
#1375 = DEFINITIONAL_REPRESENTATION('',(#1376),#1380);
#1376 = LINE('',#1377,#1378);
#1377 = CARTESIAN_POINT('',(0.,0.));
#1378 = VECTOR('',#1379,1.);
#1379 = DIRECTION('',(1.,0.));
#1380 = ( GEOMETRIC_REPRESENTATION_CONTEXT(2) 
PARAMETRIC_REPRESENTATION_CONTEXT() REPRESENTATION_CONTEXT('2D SPACE',''
  ) );
#1381 = PCURVE('',#73,#1382);
#1382 = DEFINITIONAL_REPRESENTATION('',(#1383),#1387);
#1383 = CIRCLE('',#1384,3.25);
#1384 = AXIS2_PLACEMENT_2D('',#1385,#1386);
#1385 = CARTESIAN_POINT('',(-34.41884026396,67.632866442645));
#1386 = DIRECTION('',(1.,0.));
#1387 = ( GEOMETRIC_REPRESENTATION_CONTEXT(2) 
PARAMETRIC_REPRESENTATION_CONTEXT() REPRESENTATION_CONTEXT('2D SPACE',''
  ) );
#1388 = ORIENTED_EDGE('',*,*,#1389,.F.);
#1389 = EDGE_CURVE('',#1390,#1366,#1392,.T.);
#1390 = VERTEX_POINT('',#1391);
#1391 = CARTESIAN_POINT('',(-37.66884026396,67.632866442645,8.));
#1392 = SURFACE_CURVE('',#1393,(#1397,#1404),.PCURVE_S1.);
#1393 = LINE('',#1394,#1395);
#1394 = CARTESIAN_POINT('',(-37.66884026396,67.632866442645,10.));
#1395 = VECTOR('',#1396,1.);
#1396 = DIRECTION('',(-0.,-0.,1.));
#1397 = PCURVE('',#1341,#1398);
#1398 = DEFINITIONAL_REPRESENTATION('',(#1399),#1403);
#1399 = LINE('',#1400,#1401);
#1400 = CARTESIAN_POINT('',(3.14159265359,0.));
#1401 = VECTOR('',#1402,1.);
#1402 = DIRECTION('',(0.,1.));
#1403 = ( GEOMETRIC_REPRESENTATION_CONTEXT(2) 
PARAMETRIC_REPRESENTATION_CONTEXT() REPRESENTATION_CONTEXT('2D SPACE',''
  ) );
#1404 = PCURVE('',#1353,#1405);
#1405 = DEFINITIONAL_REPRESENTATION('',(#1406),#1410);
#1406 = LINE('',#1407,#1408);
#1407 = CARTESIAN_POINT('',(3.14159265359,0.));
#1408 = VECTOR('',#1409,1.);
#1409 = DIRECTION('',(0.,1.));
#1410 = ( GEOMETRIC_REPRESENTATION_CONTEXT(2) 
PARAMETRIC_REPRESENTATION_CONTEXT() REPRESENTATION_CONTEXT('2D SPACE',''
  ) );
#1411 = ORIENTED_EDGE('',*,*,#1412,.T.);
#1412 = EDGE_CURVE('',#1390,#1331,#1413,.T.);
#1413 = SURFACE_CURVE('',#1414,(#1419,#1426),.PCURVE_S1.);
#1414 = CIRCLE('',#1415,3.25);
#1415 = AXIS2_PLACEMENT_3D('',#1416,#1417,#1418);
#1416 = CARTESIAN_POINT('',(-34.41884026396,67.632866442645,8.));
#1417 = DIRECTION('',(0.,-0.,1.));
#1418 = DIRECTION('',(1.,0.,0.));
#1419 = PCURVE('',#1341,#1420);
#1420 = DEFINITIONAL_REPRESENTATION('',(#1421),#1425);
#1421 = LINE('',#1422,#1423);
#1422 = CARTESIAN_POINT('',(0.,-2.));
#1423 = VECTOR('',#1424,1.);
#1424 = DIRECTION('',(1.,0.));
#1425 = ( GEOMETRIC_REPRESENTATION_CONTEXT(2) 
PARAMETRIC_REPRESENTATION_CONTEXT() REPRESENTATION_CONTEXT('2D SPACE',''
  ) );
#1426 = PCURVE('',#1427,#1432);
#1427 = PLANE('',#1428);
#1428 = AXIS2_PLACEMENT_3D('',#1429,#1430,#1431);
#1429 = CARTESIAN_POINT('',(-32.76884026396,67.632866442645,8.));
#1430 = DIRECTION('',(0.,0.,-1.));
#1431 = DIRECTION('',(-1.,0.,-0.));
#1432 = DEFINITIONAL_REPRESENTATION('',(#1433),#1441);
#1433 = ( BOUNDED_CURVE() B_SPLINE_CURVE(2,(#1434,#1435,#1436,#1437,
#1438,#1439,#1440),.UNSPECIFIED.,.T.,.F.) B_SPLINE_CURVE_WITH_KNOTS((1,2
    ,2,2,2,1),(-2.094395102393,0.,2.094395102393,4.188790204786,
6.28318530718,8.377580409573),.UNSPECIFIED.) CURVE() 
GEOMETRIC_REPRESENTATION_ITEM() RATIONAL_B_SPLINE_CURVE((1.,0.5,1.,0.5,
1.,0.5,1.)) REPRESENTATION_ITEM('') );
#1434 = CARTESIAN_POINT('',(-1.6,0.));
#1435 = CARTESIAN_POINT('',(-1.6,5.629165124599));
#1436 = CARTESIAN_POINT('',(3.275,2.814582562299));
#1437 = CARTESIAN_POINT('',(8.15,7.960204194458E-16));
#1438 = CARTESIAN_POINT('',(3.275,-2.814582562299));
#1439 = CARTESIAN_POINT('',(-1.6,-5.629165124599));
#1440 = CARTESIAN_POINT('',(-1.6,0.));
#1441 = ( GEOMETRIC_REPRESENTATION_CONTEXT(2) 
PARAMETRIC_REPRESENTATION_CONTEXT() REPRESENTATION_CONTEXT('2D SPACE',''
  ) );
#1442 = ADVANCED_FACE('',(#1443),#1457,.F.);
#1443 = FACE_BOUND('',#1444,.F.);
#1444 = EDGE_LOOP('',(#1445,#1480,#1508,#1531));
#1445 = ORIENTED_EDGE('',*,*,#1446,.T.);
#1446 = EDGE_CURVE('',#1447,#1449,#1451,.T.);
#1447 = VERTEX_POINT('',#1448);
#1448 = CARTESIAN_POINT('',(-32.76884026396,67.632866442645,
    -1.734723475977E-15));
#1449 = VERTEX_POINT('',#1450);
#1450 = CARTESIAN_POINT('',(-32.76884026396,67.632866442645,8.));
#1451 = SURFACE_CURVE('',#1452,(#1456,#1468),.PCURVE_S1.);
#1452 = LINE('',#1453,#1454);
#1453 = CARTESIAN_POINT('',(-32.76884026396,67.632866442645,10.));
#1454 = VECTOR('',#1455,1.);
#1455 = DIRECTION('',(-0.,-0.,1.));
#1456 = PCURVE('',#1457,#1462);
#1457 = CYLINDRICAL_SURFACE('',#1458,1.65);
#1458 = AXIS2_PLACEMENT_3D('',#1459,#1460,#1461);
#1459 = CARTESIAN_POINT('',(-34.41884026396,67.632866442645,10.));
#1460 = DIRECTION('',(-0.,-0.,1.));
#1461 = DIRECTION('',(1.,0.,0.));
#1462 = DEFINITIONAL_REPRESENTATION('',(#1463),#1467);
#1463 = LINE('',#1464,#1465);
#1464 = CARTESIAN_POINT('',(6.28318530718,0.));
#1465 = VECTOR('',#1466,1.);
#1466 = DIRECTION('',(0.,1.));
#1467 = ( GEOMETRIC_REPRESENTATION_CONTEXT(2) 
PARAMETRIC_REPRESENTATION_CONTEXT() REPRESENTATION_CONTEXT('2D SPACE',''
  ) );
#1468 = PCURVE('',#1469,#1474);
#1469 = CYLINDRICAL_SURFACE('',#1470,1.65);
#1470 = AXIS2_PLACEMENT_3D('',#1471,#1472,#1473);
#1471 = CARTESIAN_POINT('',(-34.41884026396,67.632866442645,10.));
#1472 = DIRECTION('',(-0.,-0.,1.));
#1473 = DIRECTION('',(1.,0.,0.));
#1474 = DEFINITIONAL_REPRESENTATION('',(#1475),#1479);
#1475 = LINE('',#1476,#1477);
#1476 = CARTESIAN_POINT('',(0.,0.));
#1477 = VECTOR('',#1478,1.);
#1478 = DIRECTION('',(0.,1.));
#1479 = ( GEOMETRIC_REPRESENTATION_CONTEXT(2) 
PARAMETRIC_REPRESENTATION_CONTEXT() REPRESENTATION_CONTEXT('2D SPACE',''
  ) );
#1480 = ORIENTED_EDGE('',*,*,#1481,.F.);
#1481 = EDGE_CURVE('',#1482,#1449,#1484,.T.);
#1482 = VERTEX_POINT('',#1483);
#1483 = CARTESIAN_POINT('',(-36.06884026396,67.632866442645,8.));
#1484 = SURFACE_CURVE('',#1485,(#1490,#1497),.PCURVE_S1.);
#1485 = CIRCLE('',#1486,1.65);
#1486 = AXIS2_PLACEMENT_3D('',#1487,#1488,#1489);
#1487 = CARTESIAN_POINT('',(-34.41884026396,67.632866442645,8.));
#1488 = DIRECTION('',(0.,-0.,1.));
#1489 = DIRECTION('',(1.,0.,0.));
#1490 = PCURVE('',#1457,#1491);
#1491 = DEFINITIONAL_REPRESENTATION('',(#1492),#1496);
#1492 = LINE('',#1493,#1494);
#1493 = CARTESIAN_POINT('',(0.,-2.));
#1494 = VECTOR('',#1495,1.);
#1495 = DIRECTION('',(1.,0.));
#1496 = ( GEOMETRIC_REPRESENTATION_CONTEXT(2) 
PARAMETRIC_REPRESENTATION_CONTEXT() REPRESENTATION_CONTEXT('2D SPACE',''
  ) );
#1497 = PCURVE('',#1427,#1498);
#1498 = DEFINITIONAL_REPRESENTATION('',(#1499),#1507);
#1499 = ( BOUNDED_CURVE() B_SPLINE_CURVE(2,(#1500,#1501,#1502,#1503,
#1504,#1505,#1506),.UNSPECIFIED.,.T.,.F.) B_SPLINE_CURVE_WITH_KNOTS((1,2
    ,2,2,2,1),(-2.094395102393,0.,2.094395102393,4.188790204786,
6.28318530718,8.377580409573),.UNSPECIFIED.) CURVE() 
GEOMETRIC_REPRESENTATION_ITEM() RATIONAL_B_SPLINE_CURVE((1.,0.5,1.,0.5,
1.,0.5,1.)) REPRESENTATION_ITEM('') );
#1500 = CARTESIAN_POINT('',(0.,0.));
#1501 = CARTESIAN_POINT('',(0.,2.857883832489));
#1502 = CARTESIAN_POINT('',(2.475,1.428941916244));
#1503 = CARTESIAN_POINT('',(4.95,4.041334437186E-16));
#1504 = CARTESIAN_POINT('',(2.475,-1.428941916244));
#1505 = CARTESIAN_POINT('',(2.6645352591E-15,-2.857883832489));
#1506 = CARTESIAN_POINT('',(0.,0.));
#1507 = ( GEOMETRIC_REPRESENTATION_CONTEXT(2) 
PARAMETRIC_REPRESENTATION_CONTEXT() REPRESENTATION_CONTEXT('2D SPACE',''
  ) );
#1508 = ORIENTED_EDGE('',*,*,#1509,.F.);
#1509 = EDGE_CURVE('',#1510,#1482,#1512,.T.);
#1510 = VERTEX_POINT('',#1511);
#1511 = CARTESIAN_POINT('',(-36.06884026396,67.632866442645,
    -1.734723475977E-15));
#1512 = SURFACE_CURVE('',#1513,(#1517,#1524),.PCURVE_S1.);
#1513 = LINE('',#1514,#1515);
#1514 = CARTESIAN_POINT('',(-36.06884026396,67.632866442645,10.));
#1515 = VECTOR('',#1516,1.);
#1516 = DIRECTION('',(-0.,-0.,1.));
#1517 = PCURVE('',#1457,#1518);
#1518 = DEFINITIONAL_REPRESENTATION('',(#1519),#1523);
#1519 = LINE('',#1520,#1521);
#1520 = CARTESIAN_POINT('',(3.14159265359,0.));
#1521 = VECTOR('',#1522,1.);
#1522 = DIRECTION('',(0.,1.));
#1523 = ( GEOMETRIC_REPRESENTATION_CONTEXT(2) 
PARAMETRIC_REPRESENTATION_CONTEXT() REPRESENTATION_CONTEXT('2D SPACE',''
  ) );
#1524 = PCURVE('',#1469,#1525);
#1525 = DEFINITIONAL_REPRESENTATION('',(#1526),#1530);
#1526 = LINE('',#1527,#1528);
#1527 = CARTESIAN_POINT('',(3.14159265359,0.));
#1528 = VECTOR('',#1529,1.);
#1529 = DIRECTION('',(0.,1.));
#1530 = ( GEOMETRIC_REPRESENTATION_CONTEXT(2) 
PARAMETRIC_REPRESENTATION_CONTEXT() REPRESENTATION_CONTEXT('2D SPACE',''
  ) );
#1531 = ORIENTED_EDGE('',*,*,#1532,.T.);
#1532 = EDGE_CURVE('',#1510,#1447,#1533,.T.);
#1533 = SURFACE_CURVE('',#1534,(#1539,#1546),.PCURVE_S1.);
#1534 = CIRCLE('',#1535,1.65);
#1535 = AXIS2_PLACEMENT_3D('',#1536,#1537,#1538);
#1536 = CARTESIAN_POINT('',(-34.41884026396,67.632866442645,
    -1.734723475977E-15));
#1537 = DIRECTION('',(0.,-0.,1.));
#1538 = DIRECTION('',(1.,0.,0.));
#1539 = PCURVE('',#1457,#1540);
#1540 = DEFINITIONAL_REPRESENTATION('',(#1541),#1545);
#1541 = LINE('',#1542,#1543);
#1542 = CARTESIAN_POINT('',(0.,-10.));
#1543 = VECTOR('',#1544,1.);
#1544 = DIRECTION('',(1.,0.));
#1545 = ( GEOMETRIC_REPRESENTATION_CONTEXT(2) 
PARAMETRIC_REPRESENTATION_CONTEXT() REPRESENTATION_CONTEXT('2D SPACE',''
  ) );
#1546 = PCURVE('',#128,#1547);
#1547 = DEFINITIONAL_REPRESENTATION('',(#1548),#1552);
#1548 = CIRCLE('',#1549,1.65);
#1549 = AXIS2_PLACEMENT_2D('',#1550,#1551);
#1550 = CARTESIAN_POINT('',(-34.41884026396,67.632866442645));
#1551 = DIRECTION('',(1.,0.));
#1552 = ( GEOMETRIC_REPRESENTATION_CONTEXT(2) 
PARAMETRIC_REPRESENTATION_CONTEXT() REPRESENTATION_CONTEXT('2D SPACE',''
  ) );
#1553 = ADVANCED_FACE('',(#1554),#1568,.F.);
#1554 = FACE_BOUND('',#1555,.F.);
#1555 = EDGE_LOOP('',(#1556,#1591,#1615,#1638));
#1556 = ORIENTED_EDGE('',*,*,#1557,.T.);
#1557 = EDGE_CURVE('',#1558,#1560,#1562,.T.);
#1558 = VERTEX_POINT('',#1559);
#1559 = CARTESIAN_POINT('',(-5.75,65.,8.));
#1560 = VERTEX_POINT('',#1561);
#1561 = CARTESIAN_POINT('',(-5.75,65.,10.));
#1562 = SURFACE_CURVE('',#1563,(#1567,#1579),.PCURVE_S1.);
#1563 = LINE('',#1564,#1565);
#1564 = CARTESIAN_POINT('',(-5.75,65.,10.));
#1565 = VECTOR('',#1566,1.);
#1566 = DIRECTION('',(-0.,-0.,1.));
#1567 = PCURVE('',#1568,#1573);
#1568 = CYLINDRICAL_SURFACE('',#1569,3.25);
#1569 = AXIS2_PLACEMENT_3D('',#1570,#1571,#1572);
#1570 = CARTESIAN_POINT('',(-9.,65.,10.));
#1571 = DIRECTION('',(-0.,-0.,1.));
#1572 = DIRECTION('',(1.,0.,0.));
#1573 = DEFINITIONAL_REPRESENTATION('',(#1574),#1578);
#1574 = LINE('',#1575,#1576);
#1575 = CARTESIAN_POINT('',(6.28318530718,0.));
#1576 = VECTOR('',#1577,1.);
#1577 = DIRECTION('',(0.,1.));
#1578 = ( GEOMETRIC_REPRESENTATION_CONTEXT(2) 
PARAMETRIC_REPRESENTATION_CONTEXT() REPRESENTATION_CONTEXT('2D SPACE',''
  ) );
#1579 = PCURVE('',#1580,#1585);
#1580 = CYLINDRICAL_SURFACE('',#1581,3.25);
#1581 = AXIS2_PLACEMENT_3D('',#1582,#1583,#1584);
#1582 = CARTESIAN_POINT('',(-9.,65.,10.));
#1583 = DIRECTION('',(-0.,-0.,1.));
#1584 = DIRECTION('',(1.,0.,0.));
#1585 = DEFINITIONAL_REPRESENTATION('',(#1586),#1590);
#1586 = LINE('',#1587,#1588);
#1587 = CARTESIAN_POINT('',(0.,0.));
#1588 = VECTOR('',#1589,1.);
#1589 = DIRECTION('',(0.,1.));
#1590 = ( GEOMETRIC_REPRESENTATION_CONTEXT(2) 
PARAMETRIC_REPRESENTATION_CONTEXT() REPRESENTATION_CONTEXT('2D SPACE',''
  ) );
#1591 = ORIENTED_EDGE('',*,*,#1592,.F.);
#1592 = EDGE_CURVE('',#1593,#1560,#1595,.T.);
#1593 = VERTEX_POINT('',#1594);
#1594 = CARTESIAN_POINT('',(-12.25,65.,10.));
#1595 = SURFACE_CURVE('',#1596,(#1601,#1608),.PCURVE_S1.);
#1596 = CIRCLE('',#1597,3.25);
#1597 = AXIS2_PLACEMENT_3D('',#1598,#1599,#1600);
#1598 = CARTESIAN_POINT('',(-9.,65.,10.));
#1599 = DIRECTION('',(0.,-0.,1.));
#1600 = DIRECTION('',(1.,0.,0.));
#1601 = PCURVE('',#1568,#1602);
#1602 = DEFINITIONAL_REPRESENTATION('',(#1603),#1607);
#1603 = LINE('',#1604,#1605);
#1604 = CARTESIAN_POINT('',(0.,0.));
#1605 = VECTOR('',#1606,1.);
#1606 = DIRECTION('',(1.,0.));
#1607 = ( GEOMETRIC_REPRESENTATION_CONTEXT(2) 
PARAMETRIC_REPRESENTATION_CONTEXT() REPRESENTATION_CONTEXT('2D SPACE',''
  ) );
#1608 = PCURVE('',#73,#1609);
#1609 = DEFINITIONAL_REPRESENTATION('',(#1610),#1614);
#1610 = CIRCLE('',#1611,3.25);
#1611 = AXIS2_PLACEMENT_2D('',#1612,#1613);
#1612 = CARTESIAN_POINT('',(-9.,65.));
#1613 = DIRECTION('',(1.,0.));
#1614 = ( GEOMETRIC_REPRESENTATION_CONTEXT(2) 
PARAMETRIC_REPRESENTATION_CONTEXT() REPRESENTATION_CONTEXT('2D SPACE',''
  ) );
#1615 = ORIENTED_EDGE('',*,*,#1616,.F.);
#1616 = EDGE_CURVE('',#1617,#1593,#1619,.T.);
#1617 = VERTEX_POINT('',#1618);
#1618 = CARTESIAN_POINT('',(-12.25,65.,8.));
#1619 = SURFACE_CURVE('',#1620,(#1624,#1631),.PCURVE_S1.);
#1620 = LINE('',#1621,#1622);
#1621 = CARTESIAN_POINT('',(-12.25,65.,10.));
#1622 = VECTOR('',#1623,1.);
#1623 = DIRECTION('',(-0.,-0.,1.));
#1624 = PCURVE('',#1568,#1625);
#1625 = DEFINITIONAL_REPRESENTATION('',(#1626),#1630);
#1626 = LINE('',#1627,#1628);
#1627 = CARTESIAN_POINT('',(3.14159265359,0.));
#1628 = VECTOR('',#1629,1.);
#1629 = DIRECTION('',(0.,1.));
#1630 = ( GEOMETRIC_REPRESENTATION_CONTEXT(2) 
PARAMETRIC_REPRESENTATION_CONTEXT() REPRESENTATION_CONTEXT('2D SPACE',''
  ) );
#1631 = PCURVE('',#1580,#1632);
#1632 = DEFINITIONAL_REPRESENTATION('',(#1633),#1637);
#1633 = LINE('',#1634,#1635);
#1634 = CARTESIAN_POINT('',(3.14159265359,0.));
#1635 = VECTOR('',#1636,1.);
#1636 = DIRECTION('',(0.,1.));
#1637 = ( GEOMETRIC_REPRESENTATION_CONTEXT(2) 
PARAMETRIC_REPRESENTATION_CONTEXT() REPRESENTATION_CONTEXT('2D SPACE',''
  ) );
#1638 = ORIENTED_EDGE('',*,*,#1639,.T.);
#1639 = EDGE_CURVE('',#1617,#1558,#1640,.T.);
#1640 = SURFACE_CURVE('',#1641,(#1646,#1653),.PCURVE_S1.);
#1641 = CIRCLE('',#1642,3.25);
#1642 = AXIS2_PLACEMENT_3D('',#1643,#1644,#1645);
#1643 = CARTESIAN_POINT('',(-9.,65.,8.));
#1644 = DIRECTION('',(0.,-0.,1.));
#1645 = DIRECTION('',(1.,0.,0.));
#1646 = PCURVE('',#1568,#1647);
#1647 = DEFINITIONAL_REPRESENTATION('',(#1648),#1652);
#1648 = LINE('',#1649,#1650);
#1649 = CARTESIAN_POINT('',(0.,-2.));
#1650 = VECTOR('',#1651,1.);
#1651 = DIRECTION('',(1.,0.));
#1652 = ( GEOMETRIC_REPRESENTATION_CONTEXT(2) 
PARAMETRIC_REPRESENTATION_CONTEXT() REPRESENTATION_CONTEXT('2D SPACE',''
  ) );
#1653 = PCURVE('',#1654,#1659);
#1654 = PLANE('',#1655);
#1655 = AXIS2_PLACEMENT_3D('',#1656,#1657,#1658);
#1656 = CARTESIAN_POINT('',(-7.35,65.,8.));
#1657 = DIRECTION('',(0.,0.,-1.));
#1658 = DIRECTION('',(-1.,0.,-0.));
#1659 = DEFINITIONAL_REPRESENTATION('',(#1660),#1668);
#1660 = ( BOUNDED_CURVE() B_SPLINE_CURVE(2,(#1661,#1662,#1663,#1664,
#1665,#1666,#1667),.UNSPECIFIED.,.T.,.F.) B_SPLINE_CURVE_WITH_KNOTS((1,2
    ,2,2,2,1),(-2.094395102393,0.,2.094395102393,4.188790204786,
6.28318530718,8.377580409573),.UNSPECIFIED.) CURVE() 
GEOMETRIC_REPRESENTATION_ITEM() RATIONAL_B_SPLINE_CURVE((1.,0.5,1.,0.5,
1.,0.5,1.)) REPRESENTATION_ITEM('') );
#1661 = CARTESIAN_POINT('',(-1.6,0.));
#1662 = CARTESIAN_POINT('',(-1.6,5.629165124599));
#1663 = CARTESIAN_POINT('',(3.275,2.814582562299));
#1664 = CARTESIAN_POINT('',(8.15,7.960204194458E-16));
#1665 = CARTESIAN_POINT('',(3.275,-2.814582562299));
#1666 = CARTESIAN_POINT('',(-1.6,-5.629165124599));
#1667 = CARTESIAN_POINT('',(-1.6,0.));
#1668 = ( GEOMETRIC_REPRESENTATION_CONTEXT(2) 
PARAMETRIC_REPRESENTATION_CONTEXT() REPRESENTATION_CONTEXT('2D SPACE',''
  ) );
#1669 = ADVANCED_FACE('',(#1670),#1684,.F.);
#1670 = FACE_BOUND('',#1671,.F.);
#1671 = EDGE_LOOP('',(#1672,#1702,#1726,#1754));
#1672 = ORIENTED_EDGE('',*,*,#1673,.F.);
#1673 = EDGE_CURVE('',#1674,#1676,#1678,.T.);
#1674 = VERTEX_POINT('',#1675);
#1675 = CARTESIAN_POINT('',(-10.56017993924,27.148975875729,10.));
#1676 = VERTEX_POINT('',#1677);
#1677 = CARTESIAN_POINT('',(-10.56017993924,27.148975875729,8.));
#1678 = SURFACE_CURVE('',#1679,(#1683,#1695),.PCURVE_S1.);
#1679 = LINE('',#1680,#1681);
#1680 = CARTESIAN_POINT('',(-10.56017993924,27.148975875729,10.));
#1681 = VECTOR('',#1682,1.);
#1682 = DIRECTION('',(0.,0.,-1.));
#1683 = PCURVE('',#1684,#1689);
#1684 = CYLINDRICAL_SURFACE('',#1685,3.25);
#1685 = AXIS2_PLACEMENT_3D('',#1686,#1687,#1688);
#1686 = CARTESIAN_POINT('',(-9.,30.,10.));
#1687 = DIRECTION('',(-0.,-0.,1.));
#1688 = DIRECTION('',(1.,0.,0.));
#1689 = DEFINITIONAL_REPRESENTATION('',(#1690),#1694);
#1690 = LINE('',#1691,#1692);
#1691 = CARTESIAN_POINT('',(4.211671155172,0.));
#1692 = VECTOR('',#1693,1.);
#1693 = DIRECTION('',(0.,-1.));
#1694 = ( GEOMETRIC_REPRESENTATION_CONTEXT(2) 
PARAMETRIC_REPRESENTATION_CONTEXT() REPRESENTATION_CONTEXT('2D SPACE',''
  ) );
#1695 = PCURVE('',#166,#1696);
#1696 = DEFINITIONAL_REPRESENTATION('',(#1697),#1701);
#1697 = LINE('',#1698,#1699);
#1698 = CARTESIAN_POINT('',(-2.645383512124,10.));
#1699 = VECTOR('',#1700,1.);
#1700 = DIRECTION('',(-0.,-1.));
#1701 = ( GEOMETRIC_REPRESENTATION_CONTEXT(2) 
PARAMETRIC_REPRESENTATION_CONTEXT() REPRESENTATION_CONTEXT('2D SPACE',''
  ) );
#1702 = ORIENTED_EDGE('',*,*,#1703,.F.);
#1703 = EDGE_CURVE('',#1704,#1674,#1706,.T.);
#1704 = VERTEX_POINT('',#1705);
#1705 = CARTESIAN_POINT('',(-12.25,30.,10.));
#1706 = SURFACE_CURVE('',#1707,(#1712,#1719),.PCURVE_S1.);
#1707 = CIRCLE('',#1708,3.25);
#1708 = AXIS2_PLACEMENT_3D('',#1709,#1710,#1711);
#1709 = CARTESIAN_POINT('',(-9.,30.,10.));
#1710 = DIRECTION('',(0.,-0.,1.));
#1711 = DIRECTION('',(1.,0.,0.));
#1712 = PCURVE('',#1684,#1713);
#1713 = DEFINITIONAL_REPRESENTATION('',(#1714),#1718);
#1714 = LINE('',#1715,#1716);
#1715 = CARTESIAN_POINT('',(0.,0.));
#1716 = VECTOR('',#1717,1.);
#1717 = DIRECTION('',(1.,0.));
#1718 = ( GEOMETRIC_REPRESENTATION_CONTEXT(2) 
PARAMETRIC_REPRESENTATION_CONTEXT() REPRESENTATION_CONTEXT('2D SPACE',''
  ) );
#1719 = PCURVE('',#73,#1720);
#1720 = DEFINITIONAL_REPRESENTATION('',(#1721),#1725);
#1721 = CIRCLE('',#1722,3.25);
#1722 = AXIS2_PLACEMENT_2D('',#1723,#1724);
#1723 = CARTESIAN_POINT('',(-9.,30.));
#1724 = DIRECTION('',(1.,0.));
#1725 = ( GEOMETRIC_REPRESENTATION_CONTEXT(2) 
PARAMETRIC_REPRESENTATION_CONTEXT() REPRESENTATION_CONTEXT('2D SPACE',''
  ) );
#1726 = ORIENTED_EDGE('',*,*,#1727,.F.);
#1727 = EDGE_CURVE('',#1728,#1704,#1730,.T.);
#1728 = VERTEX_POINT('',#1729);
#1729 = CARTESIAN_POINT('',(-12.25,30.,8.));
#1730 = SURFACE_CURVE('',#1731,(#1735,#1742),.PCURVE_S1.);
#1731 = LINE('',#1732,#1733);
#1732 = CARTESIAN_POINT('',(-12.25,30.,10.));
#1733 = VECTOR('',#1734,1.);
#1734 = DIRECTION('',(-0.,-0.,1.));
#1735 = PCURVE('',#1684,#1736);
#1736 = DEFINITIONAL_REPRESENTATION('',(#1737),#1741);
#1737 = LINE('',#1738,#1739);
#1738 = CARTESIAN_POINT('',(3.14159265359,0.));
#1739 = VECTOR('',#1740,1.);
#1740 = DIRECTION('',(0.,1.));
#1741 = ( GEOMETRIC_REPRESENTATION_CONTEXT(2) 
PARAMETRIC_REPRESENTATION_CONTEXT() REPRESENTATION_CONTEXT('2D SPACE',''
  ) );
#1742 = PCURVE('',#1743,#1748);
#1743 = CYLINDRICAL_SURFACE('',#1744,3.25);
#1744 = AXIS2_PLACEMENT_3D('',#1745,#1746,#1747);
#1745 = CARTESIAN_POINT('',(-9.,30.,10.));
#1746 = DIRECTION('',(-0.,-0.,1.));
#1747 = DIRECTION('',(1.,0.,0.));
#1748 = DEFINITIONAL_REPRESENTATION('',(#1749),#1753);
#1749 = LINE('',#1750,#1751);
#1750 = CARTESIAN_POINT('',(3.14159265359,0.));
#1751 = VECTOR('',#1752,1.);
#1752 = DIRECTION('',(0.,1.));
#1753 = ( GEOMETRIC_REPRESENTATION_CONTEXT(2) 
PARAMETRIC_REPRESENTATION_CONTEXT() REPRESENTATION_CONTEXT('2D SPACE',''
  ) );
#1754 = ORIENTED_EDGE('',*,*,#1755,.T.);
#1755 = EDGE_CURVE('',#1728,#1676,#1756,.T.);
#1756 = SURFACE_CURVE('',#1757,(#1762,#1769),.PCURVE_S1.);
#1757 = CIRCLE('',#1758,3.25);
#1758 = AXIS2_PLACEMENT_3D('',#1759,#1760,#1761);
#1759 = CARTESIAN_POINT('',(-9.,30.,8.));
#1760 = DIRECTION('',(0.,-0.,1.));
#1761 = DIRECTION('',(1.,0.,0.));
#1762 = PCURVE('',#1684,#1763);
#1763 = DEFINITIONAL_REPRESENTATION('',(#1764),#1768);
#1764 = LINE('',#1765,#1766);
#1765 = CARTESIAN_POINT('',(0.,-2.));
#1766 = VECTOR('',#1767,1.);
#1767 = DIRECTION('',(1.,0.));
#1768 = ( GEOMETRIC_REPRESENTATION_CONTEXT(2) 
PARAMETRIC_REPRESENTATION_CONTEXT() REPRESENTATION_CONTEXT('2D SPACE',''
  ) );
#1769 = PCURVE('',#1770,#1775);
#1770 = PLANE('',#1771);
#1771 = AXIS2_PLACEMENT_3D('',#1772,#1773,#1774);
#1772 = CARTESIAN_POINT('',(-7.35,30.,8.));
#1773 = DIRECTION('',(0.,0.,-1.));
#1774 = DIRECTION('',(-1.,0.,-0.));
#1775 = DEFINITIONAL_REPRESENTATION('',(#1776),#1784);
#1776 = ( BOUNDED_CURVE() B_SPLINE_CURVE(2,(#1777,#1778,#1779,#1780,
#1781,#1782,#1783),.UNSPECIFIED.,.T.,.F.) B_SPLINE_CURVE_WITH_KNOTS((1,2
    ,2,2,2,1),(-2.094395102393,0.,2.094395102393,4.188790204786,
6.28318530718,8.377580409573),.UNSPECIFIED.) CURVE() 
GEOMETRIC_REPRESENTATION_ITEM() RATIONAL_B_SPLINE_CURVE((1.,0.5,1.,0.5,
1.,0.5,1.)) REPRESENTATION_ITEM('') );
#1777 = CARTESIAN_POINT('',(-1.6,0.));
#1778 = CARTESIAN_POINT('',(-1.6,5.629165124599));
#1779 = CARTESIAN_POINT('',(3.275,2.814582562299));
#1780 = CARTESIAN_POINT('',(8.15,7.960204194458E-16));
#1781 = CARTESIAN_POINT('',(3.275,-2.814582562299));
#1782 = CARTESIAN_POINT('',(-1.6,-5.629165124599));
#1783 = CARTESIAN_POINT('',(-1.6,0.));
#1784 = ( GEOMETRIC_REPRESENTATION_CONTEXT(2) 
PARAMETRIC_REPRESENTATION_CONTEXT() REPRESENTATION_CONTEXT('2D SPACE',''
  ) );
#1785 = ADVANCED_FACE('',(#1786),#1743,.F.);
#1786 = FACE_BOUND('',#1787,.F.);
#1787 = EDGE_LOOP('',(#1788,#1812,#1840,#1866));
#1788 = ORIENTED_EDGE('',*,*,#1789,.F.);
#1789 = EDGE_CURVE('',#1790,#1704,#1792,.T.);
#1790 = VERTEX_POINT('',#1791);
#1791 = CARTESIAN_POINT('',(-5.75,30.,10.));
#1792 = SURFACE_CURVE('',#1793,(#1798,#1805),.PCURVE_S1.);
#1793 = CIRCLE('',#1794,3.25);
#1794 = AXIS2_PLACEMENT_3D('',#1795,#1796,#1797);
#1795 = CARTESIAN_POINT('',(-9.,30.,10.));
#1796 = DIRECTION('',(0.,-0.,1.));
#1797 = DIRECTION('',(1.,0.,0.));
#1798 = PCURVE('',#1743,#1799);
#1799 = DEFINITIONAL_REPRESENTATION('',(#1800),#1804);
#1800 = LINE('',#1801,#1802);
#1801 = CARTESIAN_POINT('',(0.,0.));
#1802 = VECTOR('',#1803,1.);
#1803 = DIRECTION('',(1.,0.));
#1804 = ( GEOMETRIC_REPRESENTATION_CONTEXT(2) 
PARAMETRIC_REPRESENTATION_CONTEXT() REPRESENTATION_CONTEXT('2D SPACE',''
  ) );
#1805 = PCURVE('',#73,#1806);
#1806 = DEFINITIONAL_REPRESENTATION('',(#1807),#1811);
#1807 = CIRCLE('',#1808,3.25);
#1808 = AXIS2_PLACEMENT_2D('',#1809,#1810);
#1809 = CARTESIAN_POINT('',(-9.,30.));
#1810 = DIRECTION('',(1.,0.));
#1811 = ( GEOMETRIC_REPRESENTATION_CONTEXT(2) 
PARAMETRIC_REPRESENTATION_CONTEXT() REPRESENTATION_CONTEXT('2D SPACE',''
  ) );
#1812 = ORIENTED_EDGE('',*,*,#1813,.F.);
#1813 = EDGE_CURVE('',#1814,#1790,#1816,.T.);
#1814 = VERTEX_POINT('',#1815);
#1815 = CARTESIAN_POINT('',(-5.75,30.,8.));
#1816 = SURFACE_CURVE('',#1817,(#1821,#1828),.PCURVE_S1.);
#1817 = LINE('',#1818,#1819);
#1818 = CARTESIAN_POINT('',(-5.75,30.,10.));
#1819 = VECTOR('',#1820,1.);
#1820 = DIRECTION('',(-0.,-0.,1.));
#1821 = PCURVE('',#1743,#1822);
#1822 = DEFINITIONAL_REPRESENTATION('',(#1823),#1827);
#1823 = LINE('',#1824,#1825);
#1824 = CARTESIAN_POINT('',(0.,0.));
#1825 = VECTOR('',#1826,1.);
#1826 = DIRECTION('',(0.,1.));
#1827 = ( GEOMETRIC_REPRESENTATION_CONTEXT(2) 
PARAMETRIC_REPRESENTATION_CONTEXT() REPRESENTATION_CONTEXT('2D SPACE',''
  ) );
#1828 = PCURVE('',#1829,#1834);
#1829 = CYLINDRICAL_SURFACE('',#1830,3.25);
#1830 = AXIS2_PLACEMENT_3D('',#1831,#1832,#1833);
#1831 = CARTESIAN_POINT('',(-9.,30.,10.));
#1832 = DIRECTION('',(-0.,-0.,1.));
#1833 = DIRECTION('',(1.,0.,0.));
#1834 = DEFINITIONAL_REPRESENTATION('',(#1835),#1839);
#1835 = LINE('',#1836,#1837);
#1836 = CARTESIAN_POINT('',(6.28318530718,0.));
#1837 = VECTOR('',#1838,1.);
#1838 = DIRECTION('',(0.,1.));
#1839 = ( GEOMETRIC_REPRESENTATION_CONTEXT(2) 
PARAMETRIC_REPRESENTATION_CONTEXT() REPRESENTATION_CONTEXT('2D SPACE',''
  ) );
#1840 = ORIENTED_EDGE('',*,*,#1841,.T.);
#1841 = EDGE_CURVE('',#1814,#1728,#1842,.T.);
#1842 = SURFACE_CURVE('',#1843,(#1848,#1855),.PCURVE_S1.);
#1843 = CIRCLE('',#1844,3.25);
#1844 = AXIS2_PLACEMENT_3D('',#1845,#1846,#1847);
#1845 = CARTESIAN_POINT('',(-9.,30.,8.));
#1846 = DIRECTION('',(0.,-0.,1.));
#1847 = DIRECTION('',(1.,0.,0.));
#1848 = PCURVE('',#1743,#1849);
#1849 = DEFINITIONAL_REPRESENTATION('',(#1850),#1854);
#1850 = LINE('',#1851,#1852);
#1851 = CARTESIAN_POINT('',(0.,-2.));
#1852 = VECTOR('',#1853,1.);
#1853 = DIRECTION('',(1.,0.));
#1854 = ( GEOMETRIC_REPRESENTATION_CONTEXT(2) 
PARAMETRIC_REPRESENTATION_CONTEXT() REPRESENTATION_CONTEXT('2D SPACE',''
  ) );
#1855 = PCURVE('',#1770,#1856);
#1856 = DEFINITIONAL_REPRESENTATION('',(#1857),#1865);
#1857 = ( BOUNDED_CURVE() B_SPLINE_CURVE(2,(#1858,#1859,#1860,#1861,
#1862,#1863,#1864),.UNSPECIFIED.,.T.,.F.) B_SPLINE_CURVE_WITH_KNOTS((1,2
    ,2,2,2,1),(-2.094395102393,0.,2.094395102393,4.188790204786,
6.28318530718,8.377580409573),.UNSPECIFIED.) CURVE() 
GEOMETRIC_REPRESENTATION_ITEM() RATIONAL_B_SPLINE_CURVE((1.,0.5,1.,0.5,
1.,0.5,1.)) REPRESENTATION_ITEM('') );
#1858 = CARTESIAN_POINT('',(-1.6,0.));
#1859 = CARTESIAN_POINT('',(-1.6,5.629165124599));
#1860 = CARTESIAN_POINT('',(3.275,2.814582562299));
#1861 = CARTESIAN_POINT('',(8.15,7.960204194458E-16));
#1862 = CARTESIAN_POINT('',(3.275,-2.814582562299));
#1863 = CARTESIAN_POINT('',(-1.6,-5.629165124599));
#1864 = CARTESIAN_POINT('',(-1.6,0.));
#1865 = ( GEOMETRIC_REPRESENTATION_CONTEXT(2) 
PARAMETRIC_REPRESENTATION_CONTEXT() REPRESENTATION_CONTEXT('2D SPACE',''
  ) );
#1866 = ORIENTED_EDGE('',*,*,#1727,.T.);
#1867 = ADVANCED_FACE('',(#1868),#1882,.F.);
#1868 = FACE_BOUND('',#1869,.F.);
#1869 = EDGE_LOOP('',(#1870,#1905,#1929,#1952));
#1870 = ORIENTED_EDGE('',*,*,#1871,.T.);
#1871 = EDGE_CURVE('',#1872,#1874,#1876,.T.);
#1872 = VERTEX_POINT('',#1873);
#1873 = CARTESIAN_POINT('',(43.25,25.,8.));
#1874 = VERTEX_POINT('',#1875);
#1875 = CARTESIAN_POINT('',(43.25,25.,10.));
#1876 = SURFACE_CURVE('',#1877,(#1881,#1893),.PCURVE_S1.);
#1877 = LINE('',#1878,#1879);
#1878 = CARTESIAN_POINT('',(43.25,25.,10.));
#1879 = VECTOR('',#1880,1.);
#1880 = DIRECTION('',(-0.,-0.,1.));
#1881 = PCURVE('',#1882,#1887);
#1882 = CYLINDRICAL_SURFACE('',#1883,3.25);
#1883 = AXIS2_PLACEMENT_3D('',#1884,#1885,#1886);
#1884 = CARTESIAN_POINT('',(40.,25.,10.));
#1885 = DIRECTION('',(-0.,-0.,1.));
#1886 = DIRECTION('',(1.,0.,0.));
#1887 = DEFINITIONAL_REPRESENTATION('',(#1888),#1892);
#1888 = LINE('',#1889,#1890);
#1889 = CARTESIAN_POINT('',(6.28318530718,0.));
#1890 = VECTOR('',#1891,1.);
#1891 = DIRECTION('',(0.,1.));
#1892 = ( GEOMETRIC_REPRESENTATION_CONTEXT(2) 
PARAMETRIC_REPRESENTATION_CONTEXT() REPRESENTATION_CONTEXT('2D SPACE',''
  ) );
#1893 = PCURVE('',#1894,#1899);
#1894 = CYLINDRICAL_SURFACE('',#1895,3.25);
#1895 = AXIS2_PLACEMENT_3D('',#1896,#1897,#1898);
#1896 = CARTESIAN_POINT('',(40.,25.,10.));
#1897 = DIRECTION('',(-0.,-0.,1.));
#1898 = DIRECTION('',(1.,0.,0.));
#1899 = DEFINITIONAL_REPRESENTATION('',(#1900),#1904);
#1900 = LINE('',#1901,#1902);
#1901 = CARTESIAN_POINT('',(0.,0.));
#1902 = VECTOR('',#1903,1.);
#1903 = DIRECTION('',(0.,1.));
#1904 = ( GEOMETRIC_REPRESENTATION_CONTEXT(2) 
PARAMETRIC_REPRESENTATION_CONTEXT() REPRESENTATION_CONTEXT('2D SPACE',''
  ) );
#1905 = ORIENTED_EDGE('',*,*,#1906,.F.);
#1906 = EDGE_CURVE('',#1907,#1874,#1909,.T.);
#1907 = VERTEX_POINT('',#1908);
#1908 = CARTESIAN_POINT('',(36.75,25.,10.));
#1909 = SURFACE_CURVE('',#1910,(#1915,#1922),.PCURVE_S1.);
#1910 = CIRCLE('',#1911,3.25);
#1911 = AXIS2_PLACEMENT_3D('',#1912,#1913,#1914);
#1912 = CARTESIAN_POINT('',(40.,25.,10.));
#1913 = DIRECTION('',(0.,-0.,1.));
#1914 = DIRECTION('',(1.,0.,0.));
#1915 = PCURVE('',#1882,#1916);
#1916 = DEFINITIONAL_REPRESENTATION('',(#1917),#1921);
#1917 = LINE('',#1918,#1919);
#1918 = CARTESIAN_POINT('',(0.,0.));
#1919 = VECTOR('',#1920,1.);
#1920 = DIRECTION('',(1.,0.));
#1921 = ( GEOMETRIC_REPRESENTATION_CONTEXT(2) 
PARAMETRIC_REPRESENTATION_CONTEXT() REPRESENTATION_CONTEXT('2D SPACE',''
  ) );
#1922 = PCURVE('',#73,#1923);
#1923 = DEFINITIONAL_REPRESENTATION('',(#1924),#1928);
#1924 = CIRCLE('',#1925,3.25);
#1925 = AXIS2_PLACEMENT_2D('',#1926,#1927);
#1926 = CARTESIAN_POINT('',(40.,25.));
#1927 = DIRECTION('',(1.,0.));
#1928 = ( GEOMETRIC_REPRESENTATION_CONTEXT(2) 
PARAMETRIC_REPRESENTATION_CONTEXT() REPRESENTATION_CONTEXT('2D SPACE',''
  ) );
#1929 = ORIENTED_EDGE('',*,*,#1930,.F.);
#1930 = EDGE_CURVE('',#1931,#1907,#1933,.T.);
#1931 = VERTEX_POINT('',#1932);
#1932 = CARTESIAN_POINT('',(36.75,25.,8.));
#1933 = SURFACE_CURVE('',#1934,(#1938,#1945),.PCURVE_S1.);
#1934 = LINE('',#1935,#1936);
#1935 = CARTESIAN_POINT('',(36.75,25.,10.));
#1936 = VECTOR('',#1937,1.);
#1937 = DIRECTION('',(-0.,-0.,1.));
#1938 = PCURVE('',#1882,#1939);
#1939 = DEFINITIONAL_REPRESENTATION('',(#1940),#1944);
#1940 = LINE('',#1941,#1942);
#1941 = CARTESIAN_POINT('',(3.14159265359,0.));
#1942 = VECTOR('',#1943,1.);
#1943 = DIRECTION('',(0.,1.));
#1944 = ( GEOMETRIC_REPRESENTATION_CONTEXT(2) 
PARAMETRIC_REPRESENTATION_CONTEXT() REPRESENTATION_CONTEXT('2D SPACE',''
  ) );
#1945 = PCURVE('',#1894,#1946);
#1946 = DEFINITIONAL_REPRESENTATION('',(#1947),#1951);
#1947 = LINE('',#1948,#1949);
#1948 = CARTESIAN_POINT('',(3.14159265359,0.));
#1949 = VECTOR('',#1950,1.);
#1950 = DIRECTION('',(0.,1.));
#1951 = ( GEOMETRIC_REPRESENTATION_CONTEXT(2) 
PARAMETRIC_REPRESENTATION_CONTEXT() REPRESENTATION_CONTEXT('2D SPACE',''
  ) );
#1952 = ORIENTED_EDGE('',*,*,#1953,.T.);
#1953 = EDGE_CURVE('',#1931,#1872,#1954,.T.);
#1954 = SURFACE_CURVE('',#1955,(#1960,#1967),.PCURVE_S1.);
#1955 = CIRCLE('',#1956,3.25);
#1956 = AXIS2_PLACEMENT_3D('',#1957,#1958,#1959);
#1957 = CARTESIAN_POINT('',(40.,25.,8.));
#1958 = DIRECTION('',(0.,-0.,1.));
#1959 = DIRECTION('',(1.,0.,0.));
#1960 = PCURVE('',#1882,#1961);
#1961 = DEFINITIONAL_REPRESENTATION('',(#1962),#1966);
#1962 = LINE('',#1963,#1964);
#1963 = CARTESIAN_POINT('',(0.,-2.));
#1964 = VECTOR('',#1965,1.);
#1965 = DIRECTION('',(1.,0.));
#1966 = ( GEOMETRIC_REPRESENTATION_CONTEXT(2) 
PARAMETRIC_REPRESENTATION_CONTEXT() REPRESENTATION_CONTEXT('2D SPACE',''
  ) );
#1967 = PCURVE('',#1968,#1973);
#1968 = PLANE('',#1969);
#1969 = AXIS2_PLACEMENT_3D('',#1970,#1971,#1972);
#1970 = CARTESIAN_POINT('',(41.65,25.,8.));
#1971 = DIRECTION('',(0.,0.,-1.));
#1972 = DIRECTION('',(-1.,0.,-0.));
#1973 = DEFINITIONAL_REPRESENTATION('',(#1974),#1982);
#1974 = ( BOUNDED_CURVE() B_SPLINE_CURVE(2,(#1975,#1976,#1977,#1978,
#1979,#1980,#1981),.UNSPECIFIED.,.T.,.F.) B_SPLINE_CURVE_WITH_KNOTS((1,2
    ,2,2,2,1),(-2.094395102393,0.,2.094395102393,4.188790204786,
6.28318530718,8.377580409573),.UNSPECIFIED.) CURVE() 
GEOMETRIC_REPRESENTATION_ITEM() RATIONAL_B_SPLINE_CURVE((1.,0.5,1.,0.5,
1.,0.5,1.)) REPRESENTATION_ITEM('') );
#1975 = CARTESIAN_POINT('',(-1.6,0.));
#1976 = CARTESIAN_POINT('',(-1.6,5.629165124599));
#1977 = CARTESIAN_POINT('',(3.275,2.814582562299));
#1978 = CARTESIAN_POINT('',(8.15,7.960204194458E-16));
#1979 = CARTESIAN_POINT('',(3.275,-2.814582562299));
#1980 = CARTESIAN_POINT('',(-1.6,-5.629165124599));
#1981 = CARTESIAN_POINT('',(-1.6,0.));
#1982 = ( GEOMETRIC_REPRESENTATION_CONTEXT(2) 
PARAMETRIC_REPRESENTATION_CONTEXT() REPRESENTATION_CONTEXT('2D SPACE',''
  ) );
#1983 = ADVANCED_FACE('',(#1984),#1998,.F.);
#1984 = FACE_BOUND('',#1985,.F.);
#1985 = EDGE_LOOP('',(#1986,#2021,#2045,#2068));
#1986 = ORIENTED_EDGE('',*,*,#1987,.T.);
#1987 = EDGE_CURVE('',#1988,#1990,#1992,.T.);
#1988 = VERTEX_POINT('',#1989);
#1989 = CARTESIAN_POINT('',(43.25,47.5,8.));
#1990 = VERTEX_POINT('',#1991);
#1991 = CARTESIAN_POINT('',(43.25,47.5,10.));
#1992 = SURFACE_CURVE('',#1993,(#1997,#2009),.PCURVE_S1.);
#1993 = LINE('',#1994,#1995);
#1994 = CARTESIAN_POINT('',(43.25,47.5,10.));
#1995 = VECTOR('',#1996,1.);
#1996 = DIRECTION('',(-0.,-0.,1.));
#1997 = PCURVE('',#1998,#2003);
#1998 = CYLINDRICAL_SURFACE('',#1999,3.25);
#1999 = AXIS2_PLACEMENT_3D('',#2000,#2001,#2002);
#2000 = CARTESIAN_POINT('',(40.,47.5,10.));
#2001 = DIRECTION('',(-0.,-0.,1.));
#2002 = DIRECTION('',(1.,0.,0.));
#2003 = DEFINITIONAL_REPRESENTATION('',(#2004),#2008);
#2004 = LINE('',#2005,#2006);
#2005 = CARTESIAN_POINT('',(6.28318530718,0.));
#2006 = VECTOR('',#2007,1.);
#2007 = DIRECTION('',(0.,1.));
#2008 = ( GEOMETRIC_REPRESENTATION_CONTEXT(2) 
PARAMETRIC_REPRESENTATION_CONTEXT() REPRESENTATION_CONTEXT('2D SPACE',''
  ) );
#2009 = PCURVE('',#2010,#2015);
#2010 = CYLINDRICAL_SURFACE('',#2011,3.25);
#2011 = AXIS2_PLACEMENT_3D('',#2012,#2013,#2014);
#2012 = CARTESIAN_POINT('',(40.,47.5,10.));
#2013 = DIRECTION('',(-0.,-0.,1.));
#2014 = DIRECTION('',(1.,0.,0.));
#2015 = DEFINITIONAL_REPRESENTATION('',(#2016),#2020);
#2016 = LINE('',#2017,#2018);
#2017 = CARTESIAN_POINT('',(0.,0.));
#2018 = VECTOR('',#2019,1.);
#2019 = DIRECTION('',(0.,1.));
#2020 = ( GEOMETRIC_REPRESENTATION_CONTEXT(2) 
PARAMETRIC_REPRESENTATION_CONTEXT() REPRESENTATION_CONTEXT('2D SPACE',''
  ) );
#2021 = ORIENTED_EDGE('',*,*,#2022,.F.);
#2022 = EDGE_CURVE('',#2023,#1990,#2025,.T.);
#2023 = VERTEX_POINT('',#2024);
#2024 = CARTESIAN_POINT('',(36.75,47.5,10.));
#2025 = SURFACE_CURVE('',#2026,(#2031,#2038),.PCURVE_S1.);
#2026 = CIRCLE('',#2027,3.25);
#2027 = AXIS2_PLACEMENT_3D('',#2028,#2029,#2030);
#2028 = CARTESIAN_POINT('',(40.,47.5,10.));
#2029 = DIRECTION('',(0.,-0.,1.));
#2030 = DIRECTION('',(1.,0.,0.));
#2031 = PCURVE('',#1998,#2032);
#2032 = DEFINITIONAL_REPRESENTATION('',(#2033),#2037);
#2033 = LINE('',#2034,#2035);
#2034 = CARTESIAN_POINT('',(0.,0.));
#2035 = VECTOR('',#2036,1.);
#2036 = DIRECTION('',(1.,0.));
#2037 = ( GEOMETRIC_REPRESENTATION_CONTEXT(2) 
PARAMETRIC_REPRESENTATION_CONTEXT() REPRESENTATION_CONTEXT('2D SPACE',''
  ) );
#2038 = PCURVE('',#73,#2039);
#2039 = DEFINITIONAL_REPRESENTATION('',(#2040),#2044);
#2040 = CIRCLE('',#2041,3.25);
#2041 = AXIS2_PLACEMENT_2D('',#2042,#2043);
#2042 = CARTESIAN_POINT('',(40.,47.5));
#2043 = DIRECTION('',(1.,0.));
#2044 = ( GEOMETRIC_REPRESENTATION_CONTEXT(2) 
PARAMETRIC_REPRESENTATION_CONTEXT() REPRESENTATION_CONTEXT('2D SPACE',''
  ) );
#2045 = ORIENTED_EDGE('',*,*,#2046,.F.);
#2046 = EDGE_CURVE('',#2047,#2023,#2049,.T.);
#2047 = VERTEX_POINT('',#2048);
#2048 = CARTESIAN_POINT('',(36.75,47.5,8.));
#2049 = SURFACE_CURVE('',#2050,(#2054,#2061),.PCURVE_S1.);
#2050 = LINE('',#2051,#2052);
#2051 = CARTESIAN_POINT('',(36.75,47.5,10.));
#2052 = VECTOR('',#2053,1.);
#2053 = DIRECTION('',(-0.,-0.,1.));
#2054 = PCURVE('',#1998,#2055);
#2055 = DEFINITIONAL_REPRESENTATION('',(#2056),#2060);
#2056 = LINE('',#2057,#2058);
#2057 = CARTESIAN_POINT('',(3.14159265359,0.));
#2058 = VECTOR('',#2059,1.);
#2059 = DIRECTION('',(0.,1.));
#2060 = ( GEOMETRIC_REPRESENTATION_CONTEXT(2) 
PARAMETRIC_REPRESENTATION_CONTEXT() REPRESENTATION_CONTEXT('2D SPACE',''
  ) );
#2061 = PCURVE('',#2010,#2062);
#2062 = DEFINITIONAL_REPRESENTATION('',(#2063),#2067);
#2063 = LINE('',#2064,#2065);
#2064 = CARTESIAN_POINT('',(3.14159265359,0.));
#2065 = VECTOR('',#2066,1.);
#2066 = DIRECTION('',(0.,1.));
#2067 = ( GEOMETRIC_REPRESENTATION_CONTEXT(2) 
PARAMETRIC_REPRESENTATION_CONTEXT() REPRESENTATION_CONTEXT('2D SPACE',''
  ) );
#2068 = ORIENTED_EDGE('',*,*,#2069,.T.);
#2069 = EDGE_CURVE('',#2047,#1988,#2070,.T.);
#2070 = SURFACE_CURVE('',#2071,(#2076,#2083),.PCURVE_S1.);
#2071 = CIRCLE('',#2072,3.25);
#2072 = AXIS2_PLACEMENT_3D('',#2073,#2074,#2075);
#2073 = CARTESIAN_POINT('',(40.,47.5,8.));
#2074 = DIRECTION('',(0.,-0.,1.));
#2075 = DIRECTION('',(1.,0.,0.));
#2076 = PCURVE('',#1998,#2077);
#2077 = DEFINITIONAL_REPRESENTATION('',(#2078),#2082);
#2078 = LINE('',#2079,#2080);
#2079 = CARTESIAN_POINT('',(0.,-2.));
#2080 = VECTOR('',#2081,1.);
#2081 = DIRECTION('',(1.,0.));
#2082 = ( GEOMETRIC_REPRESENTATION_CONTEXT(2) 
PARAMETRIC_REPRESENTATION_CONTEXT() REPRESENTATION_CONTEXT('2D SPACE',''
  ) );
#2083 = PCURVE('',#2084,#2089);
#2084 = PLANE('',#2085);
#2085 = AXIS2_PLACEMENT_3D('',#2086,#2087,#2088);
#2086 = CARTESIAN_POINT('',(41.65,47.5,8.));
#2087 = DIRECTION('',(0.,0.,-1.));
#2088 = DIRECTION('',(-1.,0.,-0.));
#2089 = DEFINITIONAL_REPRESENTATION('',(#2090),#2098);
#2090 = ( BOUNDED_CURVE() B_SPLINE_CURVE(2,(#2091,#2092,#2093,#2094,
#2095,#2096,#2097),.UNSPECIFIED.,.T.,.F.) B_SPLINE_CURVE_WITH_KNOTS((1,2
    ,2,2,2,1),(-2.094395102393,0.,2.094395102393,4.188790204786,
6.28318530718,8.377580409573),.UNSPECIFIED.) CURVE() 
GEOMETRIC_REPRESENTATION_ITEM() RATIONAL_B_SPLINE_CURVE((1.,0.5,1.,0.5,
1.,0.5,1.)) REPRESENTATION_ITEM('') );
#2091 = CARTESIAN_POINT('',(-1.6,0.));
#2092 = CARTESIAN_POINT('',(-1.6,5.629165124599));
#2093 = CARTESIAN_POINT('',(3.275,2.814582562299));
#2094 = CARTESIAN_POINT('',(8.15,7.960204194458E-16));
#2095 = CARTESIAN_POINT('',(3.275,-2.814582562299));
#2096 = CARTESIAN_POINT('',(-1.6,-5.629165124599));
#2097 = CARTESIAN_POINT('',(-1.6,0.));
#2098 = ( GEOMETRIC_REPRESENTATION_CONTEXT(2) 
PARAMETRIC_REPRESENTATION_CONTEXT() REPRESENTATION_CONTEXT('2D SPACE',''
  ) );
#2099 = ADVANCED_FACE('',(#2100),#2114,.F.);
#2100 = FACE_BOUND('',#2101,.F.);
#2101 = EDGE_LOOP('',(#2102,#2137,#2161,#2184));
#2102 = ORIENTED_EDGE('',*,*,#2103,.T.);
#2103 = EDGE_CURVE('',#2104,#2106,#2108,.T.);
#2104 = VERTEX_POINT('',#2105);
#2105 = CARTESIAN_POINT('',(43.25,70.,8.));
#2106 = VERTEX_POINT('',#2107);
#2107 = CARTESIAN_POINT('',(43.25,70.,10.));
#2108 = SURFACE_CURVE('',#2109,(#2113,#2125),.PCURVE_S1.);
#2109 = LINE('',#2110,#2111);
#2110 = CARTESIAN_POINT('',(43.25,70.,10.));
#2111 = VECTOR('',#2112,1.);
#2112 = DIRECTION('',(-0.,-0.,1.));
#2113 = PCURVE('',#2114,#2119);
#2114 = CYLINDRICAL_SURFACE('',#2115,3.25);
#2115 = AXIS2_PLACEMENT_3D('',#2116,#2117,#2118);
#2116 = CARTESIAN_POINT('',(40.,70.,10.));
#2117 = DIRECTION('',(-0.,-0.,1.));
#2118 = DIRECTION('',(1.,0.,0.));
#2119 = DEFINITIONAL_REPRESENTATION('',(#2120),#2124);
#2120 = LINE('',#2121,#2122);
#2121 = CARTESIAN_POINT('',(6.28318530718,0.));
#2122 = VECTOR('',#2123,1.);
#2123 = DIRECTION('',(0.,1.));
#2124 = ( GEOMETRIC_REPRESENTATION_CONTEXT(2) 
PARAMETRIC_REPRESENTATION_CONTEXT() REPRESENTATION_CONTEXT('2D SPACE',''
  ) );
#2125 = PCURVE('',#2126,#2131);
#2126 = CYLINDRICAL_SURFACE('',#2127,3.25);
#2127 = AXIS2_PLACEMENT_3D('',#2128,#2129,#2130);
#2128 = CARTESIAN_POINT('',(40.,70.,10.));
#2129 = DIRECTION('',(-0.,-0.,1.));
#2130 = DIRECTION('',(1.,0.,0.));
#2131 = DEFINITIONAL_REPRESENTATION('',(#2132),#2136);
#2132 = LINE('',#2133,#2134);
#2133 = CARTESIAN_POINT('',(0.,0.));
#2134 = VECTOR('',#2135,1.);
#2135 = DIRECTION('',(0.,1.));
#2136 = ( GEOMETRIC_REPRESENTATION_CONTEXT(2) 
PARAMETRIC_REPRESENTATION_CONTEXT() REPRESENTATION_CONTEXT('2D SPACE',''
  ) );
#2137 = ORIENTED_EDGE('',*,*,#2138,.F.);
#2138 = EDGE_CURVE('',#2139,#2106,#2141,.T.);
#2139 = VERTEX_POINT('',#2140);
#2140 = CARTESIAN_POINT('',(36.75,70.,10.));
#2141 = SURFACE_CURVE('',#2142,(#2147,#2154),.PCURVE_S1.);
#2142 = CIRCLE('',#2143,3.25);
#2143 = AXIS2_PLACEMENT_3D('',#2144,#2145,#2146);
#2144 = CARTESIAN_POINT('',(40.,70.,10.));
#2145 = DIRECTION('',(0.,-0.,1.));
#2146 = DIRECTION('',(1.,0.,0.));
#2147 = PCURVE('',#2114,#2148);
#2148 = DEFINITIONAL_REPRESENTATION('',(#2149),#2153);
#2149 = LINE('',#2150,#2151);
#2150 = CARTESIAN_POINT('',(0.,0.));
#2151 = VECTOR('',#2152,1.);
#2152 = DIRECTION('',(1.,0.));
#2153 = ( GEOMETRIC_REPRESENTATION_CONTEXT(2) 
PARAMETRIC_REPRESENTATION_CONTEXT() REPRESENTATION_CONTEXT('2D SPACE',''
  ) );
#2154 = PCURVE('',#73,#2155);
#2155 = DEFINITIONAL_REPRESENTATION('',(#2156),#2160);
#2156 = CIRCLE('',#2157,3.25);
#2157 = AXIS2_PLACEMENT_2D('',#2158,#2159);
#2158 = CARTESIAN_POINT('',(40.,70.));
#2159 = DIRECTION('',(1.,0.));
#2160 = ( GEOMETRIC_REPRESENTATION_CONTEXT(2) 
PARAMETRIC_REPRESENTATION_CONTEXT() REPRESENTATION_CONTEXT('2D SPACE',''
  ) );
#2161 = ORIENTED_EDGE('',*,*,#2162,.F.);
#2162 = EDGE_CURVE('',#2163,#2139,#2165,.T.);
#2163 = VERTEX_POINT('',#2164);
#2164 = CARTESIAN_POINT('',(36.75,70.,8.));
#2165 = SURFACE_CURVE('',#2166,(#2170,#2177),.PCURVE_S1.);
#2166 = LINE('',#2167,#2168);
#2167 = CARTESIAN_POINT('',(36.75,70.,10.));
#2168 = VECTOR('',#2169,1.);
#2169 = DIRECTION('',(-0.,-0.,1.));
#2170 = PCURVE('',#2114,#2171);
#2171 = DEFINITIONAL_REPRESENTATION('',(#2172),#2176);
#2172 = LINE('',#2173,#2174);
#2173 = CARTESIAN_POINT('',(3.14159265359,0.));
#2174 = VECTOR('',#2175,1.);
#2175 = DIRECTION('',(0.,1.));
#2176 = ( GEOMETRIC_REPRESENTATION_CONTEXT(2) 
PARAMETRIC_REPRESENTATION_CONTEXT() REPRESENTATION_CONTEXT('2D SPACE',''
  ) );
#2177 = PCURVE('',#2126,#2178);
#2178 = DEFINITIONAL_REPRESENTATION('',(#2179),#2183);
#2179 = LINE('',#2180,#2181);
#2180 = CARTESIAN_POINT('',(3.14159265359,0.));
#2181 = VECTOR('',#2182,1.);
#2182 = DIRECTION('',(0.,1.));
#2183 = ( GEOMETRIC_REPRESENTATION_CONTEXT(2) 
PARAMETRIC_REPRESENTATION_CONTEXT() REPRESENTATION_CONTEXT('2D SPACE',''
  ) );
#2184 = ORIENTED_EDGE('',*,*,#2185,.T.);
#2185 = EDGE_CURVE('',#2163,#2104,#2186,.T.);
#2186 = SURFACE_CURVE('',#2187,(#2192,#2199),.PCURVE_S1.);
#2187 = CIRCLE('',#2188,3.25);
#2188 = AXIS2_PLACEMENT_3D('',#2189,#2190,#2191);
#2189 = CARTESIAN_POINT('',(40.,70.,8.));
#2190 = DIRECTION('',(0.,-0.,1.));
#2191 = DIRECTION('',(1.,0.,0.));
#2192 = PCURVE('',#2114,#2193);
#2193 = DEFINITIONAL_REPRESENTATION('',(#2194),#2198);
#2194 = LINE('',#2195,#2196);
#2195 = CARTESIAN_POINT('',(0.,-2.));
#2196 = VECTOR('',#2197,1.);
#2197 = DIRECTION('',(1.,0.));
#2198 = ( GEOMETRIC_REPRESENTATION_CONTEXT(2) 
PARAMETRIC_REPRESENTATION_CONTEXT() REPRESENTATION_CONTEXT('2D SPACE',''
  ) );
#2199 = PCURVE('',#2200,#2205);
#2200 = PLANE('',#2201);
#2201 = AXIS2_PLACEMENT_3D('',#2202,#2203,#2204);
#2202 = CARTESIAN_POINT('',(41.65,70.,8.));
#2203 = DIRECTION('',(0.,0.,-1.));
#2204 = DIRECTION('',(-1.,0.,-0.));
#2205 = DEFINITIONAL_REPRESENTATION('',(#2206),#2214);
#2206 = ( BOUNDED_CURVE() B_SPLINE_CURVE(2,(#2207,#2208,#2209,#2210,
#2211,#2212,#2213),.UNSPECIFIED.,.T.,.F.) B_SPLINE_CURVE_WITH_KNOTS((1,2
    ,2,2,2,1),(-2.094395102393,0.,2.094395102393,4.188790204786,
6.28318530718,8.377580409573),.UNSPECIFIED.) CURVE() 
GEOMETRIC_REPRESENTATION_ITEM() RATIONAL_B_SPLINE_CURVE((1.,0.5,1.,0.5,
1.,0.5,1.)) REPRESENTATION_ITEM('') );
#2207 = CARTESIAN_POINT('',(-1.6,0.));
#2208 = CARTESIAN_POINT('',(-1.6,5.629165124599));
#2209 = CARTESIAN_POINT('',(3.275,2.814582562299));
#2210 = CARTESIAN_POINT('',(8.15,7.960204194458E-16));
#2211 = CARTESIAN_POINT('',(3.275,-2.814582562299));
#2212 = CARTESIAN_POINT('',(-1.6,-5.629165124599));
#2213 = CARTESIAN_POINT('',(-1.6,0.));
#2214 = ( GEOMETRIC_REPRESENTATION_CONTEXT(2) 
PARAMETRIC_REPRESENTATION_CONTEXT() REPRESENTATION_CONTEXT('2D SPACE',''
  ) );
#2215 = ADVANCED_FACE('',(#2216),#2230,.F.);
#2216 = FACE_BOUND('',#2217,.F.);
#2217 = EDGE_LOOP('',(#2218,#2253,#2277,#2300));
#2218 = ORIENTED_EDGE('',*,*,#2219,.T.);
#2219 = EDGE_CURVE('',#2220,#2222,#2224,.T.);
#2220 = VERTEX_POINT('',#2221);
#2221 = CARTESIAN_POINT('',(-58.21712140014,60.446734828313,8.));
#2222 = VERTEX_POINT('',#2223);
#2223 = CARTESIAN_POINT('',(-58.21712140014,60.446734828313,10.));
#2224 = SURFACE_CURVE('',#2225,(#2229,#2241),.PCURVE_S1.);
#2225 = LINE('',#2226,#2227);
#2226 = CARTESIAN_POINT('',(-58.21712140014,60.446734828313,10.));
#2227 = VECTOR('',#2228,1.);
#2228 = DIRECTION('',(-0.,-0.,1.));
#2229 = PCURVE('',#2230,#2235);
#2230 = CYLINDRICAL_SURFACE('',#2231,3.25);
#2231 = AXIS2_PLACEMENT_3D('',#2232,#2233,#2234);
#2232 = CARTESIAN_POINT('',(-61.46712140014,60.446734828313,10.));
#2233 = DIRECTION('',(-0.,-0.,1.));
#2234 = DIRECTION('',(1.,0.,0.));
#2235 = DEFINITIONAL_REPRESENTATION('',(#2236),#2240);
#2236 = LINE('',#2237,#2238);
#2237 = CARTESIAN_POINT('',(6.28318530718,0.));
#2238 = VECTOR('',#2239,1.);
#2239 = DIRECTION('',(0.,1.));
#2240 = ( GEOMETRIC_REPRESENTATION_CONTEXT(2) 
PARAMETRIC_REPRESENTATION_CONTEXT() REPRESENTATION_CONTEXT('2D SPACE',''
  ) );
#2241 = PCURVE('',#2242,#2247);
#2242 = CYLINDRICAL_SURFACE('',#2243,3.25);
#2243 = AXIS2_PLACEMENT_3D('',#2244,#2245,#2246);
#2244 = CARTESIAN_POINT('',(-61.46712140014,60.446734828313,10.));
#2245 = DIRECTION('',(-0.,-0.,1.));
#2246 = DIRECTION('',(1.,0.,0.));
#2247 = DEFINITIONAL_REPRESENTATION('',(#2248),#2252);
#2248 = LINE('',#2249,#2250);
#2249 = CARTESIAN_POINT('',(0.,0.));
#2250 = VECTOR('',#2251,1.);
#2251 = DIRECTION('',(0.,1.));
#2252 = ( GEOMETRIC_REPRESENTATION_CONTEXT(2) 
PARAMETRIC_REPRESENTATION_CONTEXT() REPRESENTATION_CONTEXT('2D SPACE',''
  ) );
#2253 = ORIENTED_EDGE('',*,*,#2254,.F.);
#2254 = EDGE_CURVE('',#2255,#2222,#2257,.T.);
#2255 = VERTEX_POINT('',#2256);
#2256 = CARTESIAN_POINT('',(-64.71712140014,60.446734828313,10.));
#2257 = SURFACE_CURVE('',#2258,(#2263,#2270),.PCURVE_S1.);
#2258 = CIRCLE('',#2259,3.25);
#2259 = AXIS2_PLACEMENT_3D('',#2260,#2261,#2262);
#2260 = CARTESIAN_POINT('',(-61.46712140014,60.446734828313,10.));
#2261 = DIRECTION('',(0.,-0.,1.));
#2262 = DIRECTION('',(1.,0.,0.));
#2263 = PCURVE('',#2230,#2264);
#2264 = DEFINITIONAL_REPRESENTATION('',(#2265),#2269);
#2265 = LINE('',#2266,#2267);
#2266 = CARTESIAN_POINT('',(0.,0.));
#2267 = VECTOR('',#2268,1.);
#2268 = DIRECTION('',(1.,0.));
#2269 = ( GEOMETRIC_REPRESENTATION_CONTEXT(2) 
PARAMETRIC_REPRESENTATION_CONTEXT() REPRESENTATION_CONTEXT('2D SPACE',''
  ) );
#2270 = PCURVE('',#73,#2271);
#2271 = DEFINITIONAL_REPRESENTATION('',(#2272),#2276);
#2272 = CIRCLE('',#2273,3.25);
#2273 = AXIS2_PLACEMENT_2D('',#2274,#2275);
#2274 = CARTESIAN_POINT('',(-61.46712140014,60.446734828313));
#2275 = DIRECTION('',(1.,0.));
#2276 = ( GEOMETRIC_REPRESENTATION_CONTEXT(2) 
PARAMETRIC_REPRESENTATION_CONTEXT() REPRESENTATION_CONTEXT('2D SPACE',''
  ) );
#2277 = ORIENTED_EDGE('',*,*,#2278,.F.);
#2278 = EDGE_CURVE('',#2279,#2255,#2281,.T.);
#2279 = VERTEX_POINT('',#2280);
#2280 = CARTESIAN_POINT('',(-64.71712140014,60.446734828313,8.));
#2281 = SURFACE_CURVE('',#2282,(#2286,#2293),.PCURVE_S1.);
#2282 = LINE('',#2283,#2284);
#2283 = CARTESIAN_POINT('',(-64.71712140014,60.446734828313,10.));
#2284 = VECTOR('',#2285,1.);
#2285 = DIRECTION('',(-0.,-0.,1.));
#2286 = PCURVE('',#2230,#2287);
#2287 = DEFINITIONAL_REPRESENTATION('',(#2288),#2292);
#2288 = LINE('',#2289,#2290);
#2289 = CARTESIAN_POINT('',(3.14159265359,0.));
#2290 = VECTOR('',#2291,1.);
#2291 = DIRECTION('',(0.,1.));
#2292 = ( GEOMETRIC_REPRESENTATION_CONTEXT(2) 
PARAMETRIC_REPRESENTATION_CONTEXT() REPRESENTATION_CONTEXT('2D SPACE',''
  ) );
#2293 = PCURVE('',#2242,#2294);
#2294 = DEFINITIONAL_REPRESENTATION('',(#2295),#2299);
#2295 = LINE('',#2296,#2297);
#2296 = CARTESIAN_POINT('',(3.14159265359,0.));
#2297 = VECTOR('',#2298,1.);
#2298 = DIRECTION('',(0.,1.));
#2299 = ( GEOMETRIC_REPRESENTATION_CONTEXT(2) 
PARAMETRIC_REPRESENTATION_CONTEXT() REPRESENTATION_CONTEXT('2D SPACE',''
  ) );
#2300 = ORIENTED_EDGE('',*,*,#2301,.T.);
#2301 = EDGE_CURVE('',#2279,#2220,#2302,.T.);
#2302 = SURFACE_CURVE('',#2303,(#2308,#2315),.PCURVE_S1.);
#2303 = CIRCLE('',#2304,3.25);
#2304 = AXIS2_PLACEMENT_3D('',#2305,#2306,#2307);
#2305 = CARTESIAN_POINT('',(-61.46712140014,60.446734828313,8.));
#2306 = DIRECTION('',(0.,-0.,1.));
#2307 = DIRECTION('',(1.,0.,0.));
#2308 = PCURVE('',#2230,#2309);
#2309 = DEFINITIONAL_REPRESENTATION('',(#2310),#2314);
#2310 = LINE('',#2311,#2312);
#2311 = CARTESIAN_POINT('',(0.,-2.));
#2312 = VECTOR('',#2313,1.);
#2313 = DIRECTION('',(1.,0.));
#2314 = ( GEOMETRIC_REPRESENTATION_CONTEXT(2) 
PARAMETRIC_REPRESENTATION_CONTEXT() REPRESENTATION_CONTEXT('2D SPACE',''
  ) );
#2315 = PCURVE('',#2316,#2321);
#2316 = PLANE('',#2317);
#2317 = AXIS2_PLACEMENT_3D('',#2318,#2319,#2320);
#2318 = CARTESIAN_POINT('',(-59.81712140014,60.446734828313,8.));
#2319 = DIRECTION('',(0.,0.,-1.));
#2320 = DIRECTION('',(-1.,0.,-0.));
#2321 = DEFINITIONAL_REPRESENTATION('',(#2322),#2330);
#2322 = ( BOUNDED_CURVE() B_SPLINE_CURVE(2,(#2323,#2324,#2325,#2326,
#2327,#2328,#2329),.UNSPECIFIED.,.T.,.F.) B_SPLINE_CURVE_WITH_KNOTS((1,2
    ,2,2,2,1),(-2.094395102393,0.,2.094395102393,4.188790204786,
6.28318530718,8.377580409573),.UNSPECIFIED.) CURVE() 
GEOMETRIC_REPRESENTATION_ITEM() RATIONAL_B_SPLINE_CURVE((1.,0.5,1.,0.5,
1.,0.5,1.)) REPRESENTATION_ITEM('') );
#2323 = CARTESIAN_POINT('',(-1.6,0.));
#2324 = CARTESIAN_POINT('',(-1.6,5.629165124599));
#2325 = CARTESIAN_POINT('',(3.275,2.814582562299));
#2326 = CARTESIAN_POINT('',(8.15,7.960204194458E-16));
#2327 = CARTESIAN_POINT('',(3.275,-2.814582562299));
#2328 = CARTESIAN_POINT('',(-1.6,-5.629165124599));
#2329 = CARTESIAN_POINT('',(-1.6,0.));
#2330 = ( GEOMETRIC_REPRESENTATION_CONTEXT(2) 
PARAMETRIC_REPRESENTATION_CONTEXT() REPRESENTATION_CONTEXT('2D SPACE',''
  ) );
#2331 = ADVANCED_FACE('',(#2332),#2346,.F.);
#2332 = FACE_BOUND('',#2333,.F.);
#2333 = EDGE_LOOP('',(#2334,#2369,#2397,#2420));
#2334 = ORIENTED_EDGE('',*,*,#2335,.T.);
#2335 = EDGE_CURVE('',#2336,#2338,#2340,.T.);
#2336 = VERTEX_POINT('',#2337);
#2337 = CARTESIAN_POINT('',(-59.81712140014,60.446734828313,
    -1.734723475977E-15));
#2338 = VERTEX_POINT('',#2339);
#2339 = CARTESIAN_POINT('',(-59.81712140014,60.446734828313,8.));
#2340 = SURFACE_CURVE('',#2341,(#2345,#2357),.PCURVE_S1.);
#2341 = LINE('',#2342,#2343);
#2342 = CARTESIAN_POINT('',(-59.81712140014,60.446734828313,10.));
#2343 = VECTOR('',#2344,1.);
#2344 = DIRECTION('',(-0.,-0.,1.));
#2345 = PCURVE('',#2346,#2351);
#2346 = CYLINDRICAL_SURFACE('',#2347,1.65);
#2347 = AXIS2_PLACEMENT_3D('',#2348,#2349,#2350);
#2348 = CARTESIAN_POINT('',(-61.46712140014,60.446734828313,10.));
#2349 = DIRECTION('',(-0.,-0.,1.));
#2350 = DIRECTION('',(1.,0.,0.));
#2351 = DEFINITIONAL_REPRESENTATION('',(#2352),#2356);
#2352 = LINE('',#2353,#2354);
#2353 = CARTESIAN_POINT('',(6.28318530718,0.));
#2354 = VECTOR('',#2355,1.);
#2355 = DIRECTION('',(0.,1.));
#2356 = ( GEOMETRIC_REPRESENTATION_CONTEXT(2) 
PARAMETRIC_REPRESENTATION_CONTEXT() REPRESENTATION_CONTEXT('2D SPACE',''
  ) );
#2357 = PCURVE('',#2358,#2363);
#2358 = CYLINDRICAL_SURFACE('',#2359,1.65);
#2359 = AXIS2_PLACEMENT_3D('',#2360,#2361,#2362);
#2360 = CARTESIAN_POINT('',(-61.46712140014,60.446734828313,10.));
#2361 = DIRECTION('',(-0.,-0.,1.));
#2362 = DIRECTION('',(1.,0.,0.));
#2363 = DEFINITIONAL_REPRESENTATION('',(#2364),#2368);
#2364 = LINE('',#2365,#2366);
#2365 = CARTESIAN_POINT('',(0.,0.));
#2366 = VECTOR('',#2367,1.);
#2367 = DIRECTION('',(0.,1.));
#2368 = ( GEOMETRIC_REPRESENTATION_CONTEXT(2) 
PARAMETRIC_REPRESENTATION_CONTEXT() REPRESENTATION_CONTEXT('2D SPACE',''
  ) );
#2369 = ORIENTED_EDGE('',*,*,#2370,.F.);
#2370 = EDGE_CURVE('',#2371,#2338,#2373,.T.);
#2371 = VERTEX_POINT('',#2372);
#2372 = CARTESIAN_POINT('',(-63.11712140014,60.446734828313,8.));
#2373 = SURFACE_CURVE('',#2374,(#2379,#2386),.PCURVE_S1.);
#2374 = CIRCLE('',#2375,1.65);
#2375 = AXIS2_PLACEMENT_3D('',#2376,#2377,#2378);
#2376 = CARTESIAN_POINT('',(-61.46712140014,60.446734828313,8.));
#2377 = DIRECTION('',(0.,-0.,1.));
#2378 = DIRECTION('',(1.,0.,0.));
#2379 = PCURVE('',#2346,#2380);
#2380 = DEFINITIONAL_REPRESENTATION('',(#2381),#2385);
#2381 = LINE('',#2382,#2383);
#2382 = CARTESIAN_POINT('',(0.,-2.));
#2383 = VECTOR('',#2384,1.);
#2384 = DIRECTION('',(1.,0.));
#2385 = ( GEOMETRIC_REPRESENTATION_CONTEXT(2) 
PARAMETRIC_REPRESENTATION_CONTEXT() REPRESENTATION_CONTEXT('2D SPACE',''
  ) );
#2386 = PCURVE('',#2316,#2387);
#2387 = DEFINITIONAL_REPRESENTATION('',(#2388),#2396);
#2388 = ( BOUNDED_CURVE() B_SPLINE_CURVE(2,(#2389,#2390,#2391,#2392,
#2393,#2394,#2395),.UNSPECIFIED.,.T.,.F.) B_SPLINE_CURVE_WITH_KNOTS((1,2
    ,2,2,2,1),(-2.094395102393,0.,2.094395102393,4.188790204786,
6.28318530718,8.377580409573),.UNSPECIFIED.) CURVE() 
GEOMETRIC_REPRESENTATION_ITEM() RATIONAL_B_SPLINE_CURVE((1.,0.5,1.,0.5,
1.,0.5,1.)) REPRESENTATION_ITEM('') );
#2389 = CARTESIAN_POINT('',(0.,0.));
#2390 = CARTESIAN_POINT('',(0.,2.857883832489));
#2391 = CARTESIAN_POINT('',(2.475,1.428941916244));
#2392 = CARTESIAN_POINT('',(4.95,4.041334437186E-16));
#2393 = CARTESIAN_POINT('',(2.475,-1.428941916244));
#2394 = CARTESIAN_POINT('',(2.6645352591E-15,-2.857883832489));
#2395 = CARTESIAN_POINT('',(0.,0.));
#2396 = ( GEOMETRIC_REPRESENTATION_CONTEXT(2) 
PARAMETRIC_REPRESENTATION_CONTEXT() REPRESENTATION_CONTEXT('2D SPACE',''
  ) );
#2397 = ORIENTED_EDGE('',*,*,#2398,.F.);
#2398 = EDGE_CURVE('',#2399,#2371,#2401,.T.);
#2399 = VERTEX_POINT('',#2400);
#2400 = CARTESIAN_POINT('',(-63.11712140014,60.446734828313,
    -1.734723475977E-15));
#2401 = SURFACE_CURVE('',#2402,(#2406,#2413),.PCURVE_S1.);
#2402 = LINE('',#2403,#2404);
#2403 = CARTESIAN_POINT('',(-63.11712140014,60.446734828313,10.));
#2404 = VECTOR('',#2405,1.);
#2405 = DIRECTION('',(-0.,-0.,1.));
#2406 = PCURVE('',#2346,#2407);
#2407 = DEFINITIONAL_REPRESENTATION('',(#2408),#2412);
#2408 = LINE('',#2409,#2410);
#2409 = CARTESIAN_POINT('',(3.14159265359,0.));
#2410 = VECTOR('',#2411,1.);
#2411 = DIRECTION('',(0.,1.));
#2412 = ( GEOMETRIC_REPRESENTATION_CONTEXT(2) 
PARAMETRIC_REPRESENTATION_CONTEXT() REPRESENTATION_CONTEXT('2D SPACE',''
  ) );
#2413 = PCURVE('',#2358,#2414);
#2414 = DEFINITIONAL_REPRESENTATION('',(#2415),#2419);
#2415 = LINE('',#2416,#2417);
#2416 = CARTESIAN_POINT('',(3.14159265359,0.));
#2417 = VECTOR('',#2418,1.);
#2418 = DIRECTION('',(0.,1.));
#2419 = ( GEOMETRIC_REPRESENTATION_CONTEXT(2) 
PARAMETRIC_REPRESENTATION_CONTEXT() REPRESENTATION_CONTEXT('2D SPACE',''
  ) );
#2420 = ORIENTED_EDGE('',*,*,#2421,.T.);
#2421 = EDGE_CURVE('',#2399,#2336,#2422,.T.);
#2422 = SURFACE_CURVE('',#2423,(#2428,#2435),.PCURVE_S1.);
#2423 = CIRCLE('',#2424,1.65);
#2424 = AXIS2_PLACEMENT_3D('',#2425,#2426,#2427);
#2425 = CARTESIAN_POINT('',(-61.46712140014,60.446734828313,
    -1.734723475977E-15));
#2426 = DIRECTION('',(0.,-0.,1.));
#2427 = DIRECTION('',(1.,0.,0.));
#2428 = PCURVE('',#2346,#2429);
#2429 = DEFINITIONAL_REPRESENTATION('',(#2430),#2434);
#2430 = LINE('',#2431,#2432);
#2431 = CARTESIAN_POINT('',(0.,-10.));
#2432 = VECTOR('',#2433,1.);
#2433 = DIRECTION('',(1.,0.));
#2434 = ( GEOMETRIC_REPRESENTATION_CONTEXT(2) 
PARAMETRIC_REPRESENTATION_CONTEXT() REPRESENTATION_CONTEXT('2D SPACE',''
  ) );
#2435 = PCURVE('',#128,#2436);
#2436 = DEFINITIONAL_REPRESENTATION('',(#2437),#2441);
#2437 = CIRCLE('',#2438,1.65);
#2438 = AXIS2_PLACEMENT_2D('',#2439,#2440);
#2439 = CARTESIAN_POINT('',(-61.46712140014,60.446734828313));
#2440 = DIRECTION('',(1.,0.));
#2441 = ( GEOMETRIC_REPRESENTATION_CONTEXT(2) 
PARAMETRIC_REPRESENTATION_CONTEXT() REPRESENTATION_CONTEXT('2D SPACE',''
  ) );
#2442 = ADVANCED_FACE('',(#2443),#2457,.F.);
#2443 = FACE_BOUND('',#2444,.F.);
#2444 = EDGE_LOOP('',(#2445,#2480,#2508,#2531));
#2445 = ORIENTED_EDGE('',*,*,#2446,.T.);
#2446 = EDGE_CURVE('',#2447,#2449,#2451,.T.);
#2447 = VERTEX_POINT('',#2448);
#2448 = CARTESIAN_POINT('',(41.7,70.,0.));
#2449 = VERTEX_POINT('',#2450);
#2450 = CARTESIAN_POINT('',(41.7,70.,8.));
#2451 = SURFACE_CURVE('',#2452,(#2456,#2468),.PCURVE_S1.);
#2452 = LINE('',#2453,#2454);
#2453 = CARTESIAN_POINT('',(41.7,70.,0.));
#2454 = VECTOR('',#2455,1.);
#2455 = DIRECTION('',(-0.,-0.,1.));
#2456 = PCURVE('',#2457,#2462);
#2457 = CYLINDRICAL_SURFACE('',#2458,1.7);
#2458 = AXIS2_PLACEMENT_3D('',#2459,#2460,#2461);
#2459 = CARTESIAN_POINT('',(40.,70.,0.));
#2460 = DIRECTION('',(-0.,-0.,1.));
#2461 = DIRECTION('',(1.,0.,0.));
#2462 = DEFINITIONAL_REPRESENTATION('',(#2463),#2467);
#2463 = LINE('',#2464,#2465);
#2464 = CARTESIAN_POINT('',(6.28318530718,0.));
#2465 = VECTOR('',#2466,1.);
#2466 = DIRECTION('',(0.,1.));
#2467 = ( GEOMETRIC_REPRESENTATION_CONTEXT(2) 
PARAMETRIC_REPRESENTATION_CONTEXT() REPRESENTATION_CONTEXT('2D SPACE',''
  ) );
#2468 = PCURVE('',#2469,#2474);
#2469 = CYLINDRICAL_SURFACE('',#2470,1.7);
#2470 = AXIS2_PLACEMENT_3D('',#2471,#2472,#2473);
#2471 = CARTESIAN_POINT('',(40.,70.,0.));
#2472 = DIRECTION('',(-0.,-0.,1.));
#2473 = DIRECTION('',(1.,0.,0.));
#2474 = DEFINITIONAL_REPRESENTATION('',(#2475),#2479);
#2475 = LINE('',#2476,#2477);
#2476 = CARTESIAN_POINT('',(0.,0.));
#2477 = VECTOR('',#2478,1.);
#2478 = DIRECTION('',(0.,1.));
#2479 = ( GEOMETRIC_REPRESENTATION_CONTEXT(2) 
PARAMETRIC_REPRESENTATION_CONTEXT() REPRESENTATION_CONTEXT('2D SPACE',''
  ) );
#2480 = ORIENTED_EDGE('',*,*,#2481,.F.);
#2481 = EDGE_CURVE('',#2482,#2449,#2484,.T.);
#2482 = VERTEX_POINT('',#2483);
#2483 = CARTESIAN_POINT('',(38.3,70.,8.));
#2484 = SURFACE_CURVE('',#2485,(#2490,#2497),.PCURVE_S1.);
#2485 = CIRCLE('',#2486,1.7);
#2486 = AXIS2_PLACEMENT_3D('',#2487,#2488,#2489);
#2487 = CARTESIAN_POINT('',(40.,70.,8.));
#2488 = DIRECTION('',(0.,-0.,1.));
#2489 = DIRECTION('',(-1.,0.,0.));
#2490 = PCURVE('',#2457,#2491);
#2491 = DEFINITIONAL_REPRESENTATION('',(#2492),#2496);
#2492 = LINE('',#2493,#2494);
#2493 = CARTESIAN_POINT('',(3.14159265359,8.));
#2494 = VECTOR('',#2495,1.);
#2495 = DIRECTION('',(1.,0.));
#2496 = ( GEOMETRIC_REPRESENTATION_CONTEXT(2) 
PARAMETRIC_REPRESENTATION_CONTEXT() REPRESENTATION_CONTEXT('2D SPACE',''
  ) );
#2497 = PCURVE('',#2200,#2498);
#2498 = DEFINITIONAL_REPRESENTATION('',(#2499),#2507);
#2499 = ( BOUNDED_CURVE() B_SPLINE_CURVE(2,(#2500,#2501,#2502,#2503,
#2504,#2505,#2506),.UNSPECIFIED.,.T.,.F.) B_SPLINE_CURVE_WITH_KNOTS((1,2
    ,2,2,2,1),(-2.094395102393,0.,2.094395102393,4.188790204786,
6.28318530718,8.377580409573),.UNSPECIFIED.) CURVE() 
GEOMETRIC_REPRESENTATION_ITEM() RATIONAL_B_SPLINE_CURVE((1.,0.5,1.,0.5,
1.,0.5,1.)) REPRESENTATION_ITEM('') );
#2500 = CARTESIAN_POINT('',(3.35,0.));
#2501 = CARTESIAN_POINT('',(3.35,-2.944486372867));
#2502 = CARTESIAN_POINT('',(0.8,-1.472243186434));
#2503 = CARTESIAN_POINT('',(-1.75,-4.163799117101E-16));
#2504 = CARTESIAN_POINT('',(0.8,1.472243186434));
#2505 = CARTESIAN_POINT('',(3.35,2.944486372867));
#2506 = CARTESIAN_POINT('',(3.35,0.));
#2507 = ( GEOMETRIC_REPRESENTATION_CONTEXT(2) 
PARAMETRIC_REPRESENTATION_CONTEXT() REPRESENTATION_CONTEXT('2D SPACE',''
  ) );
#2508 = ORIENTED_EDGE('',*,*,#2509,.F.);
#2509 = EDGE_CURVE('',#2510,#2482,#2512,.T.);
#2510 = VERTEX_POINT('',#2511);
#2511 = CARTESIAN_POINT('',(38.3,70.,0.));
#2512 = SURFACE_CURVE('',#2513,(#2517,#2524),.PCURVE_S1.);
#2513 = LINE('',#2514,#2515);
#2514 = CARTESIAN_POINT('',(38.3,70.,0.));
#2515 = VECTOR('',#2516,1.);
#2516 = DIRECTION('',(-0.,-0.,1.));
#2517 = PCURVE('',#2457,#2518);
#2518 = DEFINITIONAL_REPRESENTATION('',(#2519),#2523);
#2519 = LINE('',#2520,#2521);
#2520 = CARTESIAN_POINT('',(3.14159265359,0.));
#2521 = VECTOR('',#2522,1.);
#2522 = DIRECTION('',(0.,1.));
#2523 = ( GEOMETRIC_REPRESENTATION_CONTEXT(2) 
PARAMETRIC_REPRESENTATION_CONTEXT() REPRESENTATION_CONTEXT('2D SPACE',''
  ) );
#2524 = PCURVE('',#2469,#2525);
#2525 = DEFINITIONAL_REPRESENTATION('',(#2526),#2530);
#2526 = LINE('',#2527,#2528);
#2527 = CARTESIAN_POINT('',(3.14159265359,0.));
#2528 = VECTOR('',#2529,1.);
#2529 = DIRECTION('',(0.,1.));
#2530 = ( GEOMETRIC_REPRESENTATION_CONTEXT(2) 
PARAMETRIC_REPRESENTATION_CONTEXT() REPRESENTATION_CONTEXT('2D SPACE',''
  ) );
#2531 = ORIENTED_EDGE('',*,*,#2532,.T.);
#2532 = EDGE_CURVE('',#2510,#2447,#2533,.T.);
#2533 = SURFACE_CURVE('',#2534,(#2539,#2546),.PCURVE_S1.);
#2534 = CIRCLE('',#2535,1.7);
#2535 = AXIS2_PLACEMENT_3D('',#2536,#2537,#2538);
#2536 = CARTESIAN_POINT('',(40.,70.,0.));
#2537 = DIRECTION('',(0.,0.,1.));
#2538 = DIRECTION('',(1.,0.,-0.));
#2539 = PCURVE('',#2457,#2540);
#2540 = DEFINITIONAL_REPRESENTATION('',(#2541),#2545);
#2541 = LINE('',#2542,#2543);
#2542 = CARTESIAN_POINT('',(0.,0.));
#2543 = VECTOR('',#2544,1.);
#2544 = DIRECTION('',(1.,0.));
#2545 = ( GEOMETRIC_REPRESENTATION_CONTEXT(2) 
PARAMETRIC_REPRESENTATION_CONTEXT() REPRESENTATION_CONTEXT('2D SPACE',''
  ) );
#2546 = PCURVE('',#128,#2547);
#2547 = DEFINITIONAL_REPRESENTATION('',(#2548),#2552);
#2548 = CIRCLE('',#2549,1.7);
#2549 = AXIS2_PLACEMENT_2D('',#2550,#2551);
#2550 = CARTESIAN_POINT('',(40.,70.));
#2551 = DIRECTION('',(1.,0.));
#2552 = ( GEOMETRIC_REPRESENTATION_CONTEXT(2) 
PARAMETRIC_REPRESENTATION_CONTEXT() REPRESENTATION_CONTEXT('2D SPACE',''
  ) );
#2553 = ADVANCED_FACE('',(#2554),#2568,.F.);
#2554 = FACE_BOUND('',#2555,.F.);
#2555 = EDGE_LOOP('',(#2556,#2591,#2619,#2642));
#2556 = ORIENTED_EDGE('',*,*,#2557,.T.);
#2557 = EDGE_CURVE('',#2558,#2560,#2562,.T.);
#2558 = VERTEX_POINT('',#2559);
#2559 = CARTESIAN_POINT('',(41.7,47.5,0.));
#2560 = VERTEX_POINT('',#2561);
#2561 = CARTESIAN_POINT('',(41.7,47.5,8.));
#2562 = SURFACE_CURVE('',#2563,(#2567,#2579),.PCURVE_S1.);
#2563 = LINE('',#2564,#2565);
#2564 = CARTESIAN_POINT('',(41.7,47.5,0.));
#2565 = VECTOR('',#2566,1.);
#2566 = DIRECTION('',(-0.,-0.,1.));
#2567 = PCURVE('',#2568,#2573);
#2568 = CYLINDRICAL_SURFACE('',#2569,1.7);
#2569 = AXIS2_PLACEMENT_3D('',#2570,#2571,#2572);
#2570 = CARTESIAN_POINT('',(40.,47.5,0.));
#2571 = DIRECTION('',(-0.,-0.,1.));
#2572 = DIRECTION('',(1.,0.,0.));
#2573 = DEFINITIONAL_REPRESENTATION('',(#2574),#2578);
#2574 = LINE('',#2575,#2576);
#2575 = CARTESIAN_POINT('',(6.28318530718,0.));
#2576 = VECTOR('',#2577,1.);
#2577 = DIRECTION('',(0.,1.));
#2578 = ( GEOMETRIC_REPRESENTATION_CONTEXT(2) 
PARAMETRIC_REPRESENTATION_CONTEXT() REPRESENTATION_CONTEXT('2D SPACE',''
  ) );
#2579 = PCURVE('',#2580,#2585);
#2580 = CYLINDRICAL_SURFACE('',#2581,1.7);
#2581 = AXIS2_PLACEMENT_3D('',#2582,#2583,#2584);
#2582 = CARTESIAN_POINT('',(40.,47.5,0.));
#2583 = DIRECTION('',(-0.,-0.,1.));
#2584 = DIRECTION('',(1.,0.,0.));
#2585 = DEFINITIONAL_REPRESENTATION('',(#2586),#2590);
#2586 = LINE('',#2587,#2588);
#2587 = CARTESIAN_POINT('',(0.,0.));
#2588 = VECTOR('',#2589,1.);
#2589 = DIRECTION('',(0.,1.));
#2590 = ( GEOMETRIC_REPRESENTATION_CONTEXT(2) 
PARAMETRIC_REPRESENTATION_CONTEXT() REPRESENTATION_CONTEXT('2D SPACE',''
  ) );
#2591 = ORIENTED_EDGE('',*,*,#2592,.F.);
#2592 = EDGE_CURVE('',#2593,#2560,#2595,.T.);
#2593 = VERTEX_POINT('',#2594);
#2594 = CARTESIAN_POINT('',(38.3,47.5,8.));
#2595 = SURFACE_CURVE('',#2596,(#2601,#2608),.PCURVE_S1.);
#2596 = CIRCLE('',#2597,1.7);
#2597 = AXIS2_PLACEMENT_3D('',#2598,#2599,#2600);
#2598 = CARTESIAN_POINT('',(40.,47.5,8.));
#2599 = DIRECTION('',(0.,-0.,1.));
#2600 = DIRECTION('',(-1.,0.,0.));
#2601 = PCURVE('',#2568,#2602);
#2602 = DEFINITIONAL_REPRESENTATION('',(#2603),#2607);
#2603 = LINE('',#2604,#2605);
#2604 = CARTESIAN_POINT('',(3.14159265359,8.));
#2605 = VECTOR('',#2606,1.);
#2606 = DIRECTION('',(1.,0.));
#2607 = ( GEOMETRIC_REPRESENTATION_CONTEXT(2) 
PARAMETRIC_REPRESENTATION_CONTEXT() REPRESENTATION_CONTEXT('2D SPACE',''
  ) );
#2608 = PCURVE('',#2084,#2609);
#2609 = DEFINITIONAL_REPRESENTATION('',(#2610),#2618);
#2610 = ( BOUNDED_CURVE() B_SPLINE_CURVE(2,(#2611,#2612,#2613,#2614,
#2615,#2616,#2617),.UNSPECIFIED.,.T.,.F.) B_SPLINE_CURVE_WITH_KNOTS((1,2
    ,2,2,2,1),(-2.094395102393,0.,2.094395102393,4.188790204786,
6.28318530718,8.377580409573),.UNSPECIFIED.) CURVE() 
GEOMETRIC_REPRESENTATION_ITEM() RATIONAL_B_SPLINE_CURVE((1.,0.5,1.,0.5,
1.,0.5,1.)) REPRESENTATION_ITEM('') );
#2611 = CARTESIAN_POINT('',(3.35,0.));
#2612 = CARTESIAN_POINT('',(3.35,-2.944486372867));
#2613 = CARTESIAN_POINT('',(0.8,-1.472243186434));
#2614 = CARTESIAN_POINT('',(-1.75,-4.163799117101E-16));
#2615 = CARTESIAN_POINT('',(0.8,1.472243186434));
#2616 = CARTESIAN_POINT('',(3.35,2.944486372867));
#2617 = CARTESIAN_POINT('',(3.35,0.));
#2618 = ( GEOMETRIC_REPRESENTATION_CONTEXT(2) 
PARAMETRIC_REPRESENTATION_CONTEXT() REPRESENTATION_CONTEXT('2D SPACE',''
  ) );
#2619 = ORIENTED_EDGE('',*,*,#2620,.F.);
#2620 = EDGE_CURVE('',#2621,#2593,#2623,.T.);
#2621 = VERTEX_POINT('',#2622);
#2622 = CARTESIAN_POINT('',(38.3,47.5,0.));
#2623 = SURFACE_CURVE('',#2624,(#2628,#2635),.PCURVE_S1.);
#2624 = LINE('',#2625,#2626);
#2625 = CARTESIAN_POINT('',(38.3,47.5,0.));
#2626 = VECTOR('',#2627,1.);
#2627 = DIRECTION('',(-0.,-0.,1.));
#2628 = PCURVE('',#2568,#2629);
#2629 = DEFINITIONAL_REPRESENTATION('',(#2630),#2634);
#2630 = LINE('',#2631,#2632);
#2631 = CARTESIAN_POINT('',(3.14159265359,0.));
#2632 = VECTOR('',#2633,1.);
#2633 = DIRECTION('',(0.,1.));
#2634 = ( GEOMETRIC_REPRESENTATION_CONTEXT(2) 
PARAMETRIC_REPRESENTATION_CONTEXT() REPRESENTATION_CONTEXT('2D SPACE',''
  ) );
#2635 = PCURVE('',#2580,#2636);
#2636 = DEFINITIONAL_REPRESENTATION('',(#2637),#2641);
#2637 = LINE('',#2638,#2639);
#2638 = CARTESIAN_POINT('',(3.14159265359,0.));
#2639 = VECTOR('',#2640,1.);
#2640 = DIRECTION('',(0.,1.));
#2641 = ( GEOMETRIC_REPRESENTATION_CONTEXT(2) 
PARAMETRIC_REPRESENTATION_CONTEXT() REPRESENTATION_CONTEXT('2D SPACE',''
  ) );
#2642 = ORIENTED_EDGE('',*,*,#2643,.T.);
#2643 = EDGE_CURVE('',#2621,#2558,#2644,.T.);
#2644 = SURFACE_CURVE('',#2645,(#2650,#2657),.PCURVE_S1.);
#2645 = CIRCLE('',#2646,1.7);
#2646 = AXIS2_PLACEMENT_3D('',#2647,#2648,#2649);
#2647 = CARTESIAN_POINT('',(40.,47.5,0.));
#2648 = DIRECTION('',(0.,0.,1.));
#2649 = DIRECTION('',(1.,0.,-0.));
#2650 = PCURVE('',#2568,#2651);
#2651 = DEFINITIONAL_REPRESENTATION('',(#2652),#2656);
#2652 = LINE('',#2653,#2654);
#2653 = CARTESIAN_POINT('',(0.,0.));
#2654 = VECTOR('',#2655,1.);
#2655 = DIRECTION('',(1.,0.));
#2656 = ( GEOMETRIC_REPRESENTATION_CONTEXT(2) 
PARAMETRIC_REPRESENTATION_CONTEXT() REPRESENTATION_CONTEXT('2D SPACE',''
  ) );
#2657 = PCURVE('',#128,#2658);
#2658 = DEFINITIONAL_REPRESENTATION('',(#2659),#2663);
#2659 = CIRCLE('',#2660,1.7);
#2660 = AXIS2_PLACEMENT_2D('',#2661,#2662);
#2661 = CARTESIAN_POINT('',(40.,47.5));
#2662 = DIRECTION('',(1.,0.));
#2663 = ( GEOMETRIC_REPRESENTATION_CONTEXT(2) 
PARAMETRIC_REPRESENTATION_CONTEXT() REPRESENTATION_CONTEXT('2D SPACE',''
  ) );
#2664 = ADVANCED_FACE('',(#2665),#2679,.F.);
#2665 = FACE_BOUND('',#2666,.F.);
#2666 = EDGE_LOOP('',(#2667,#2702,#2730,#2753));
#2667 = ORIENTED_EDGE('',*,*,#2668,.T.);
#2668 = EDGE_CURVE('',#2669,#2671,#2673,.T.);
#2669 = VERTEX_POINT('',#2670);
#2670 = CARTESIAN_POINT('',(41.7,25.,0.));
#2671 = VERTEX_POINT('',#2672);
#2672 = CARTESIAN_POINT('',(41.7,25.,8.));
#2673 = SURFACE_CURVE('',#2674,(#2678,#2690),.PCURVE_S1.);
#2674 = LINE('',#2675,#2676);
#2675 = CARTESIAN_POINT('',(41.7,25.,0.));
#2676 = VECTOR('',#2677,1.);
#2677 = DIRECTION('',(-0.,-0.,1.));
#2678 = PCURVE('',#2679,#2684);
#2679 = CYLINDRICAL_SURFACE('',#2680,1.7);
#2680 = AXIS2_PLACEMENT_3D('',#2681,#2682,#2683);
#2681 = CARTESIAN_POINT('',(40.,25.,0.));
#2682 = DIRECTION('',(-0.,-0.,1.));
#2683 = DIRECTION('',(1.,0.,0.));
#2684 = DEFINITIONAL_REPRESENTATION('',(#2685),#2689);
#2685 = LINE('',#2686,#2687);
#2686 = CARTESIAN_POINT('',(6.28318530718,0.));
#2687 = VECTOR('',#2688,1.);
#2688 = DIRECTION('',(0.,1.));
#2689 = ( GEOMETRIC_REPRESENTATION_CONTEXT(2) 
PARAMETRIC_REPRESENTATION_CONTEXT() REPRESENTATION_CONTEXT('2D SPACE',''
  ) );
#2690 = PCURVE('',#2691,#2696);
#2691 = CYLINDRICAL_SURFACE('',#2692,1.7);
#2692 = AXIS2_PLACEMENT_3D('',#2693,#2694,#2695);
#2693 = CARTESIAN_POINT('',(40.,25.,0.));
#2694 = DIRECTION('',(-0.,-0.,1.));
#2695 = DIRECTION('',(1.,0.,0.));
#2696 = DEFINITIONAL_REPRESENTATION('',(#2697),#2701);
#2697 = LINE('',#2698,#2699);
#2698 = CARTESIAN_POINT('',(0.,0.));
#2699 = VECTOR('',#2700,1.);
#2700 = DIRECTION('',(0.,1.));
#2701 = ( GEOMETRIC_REPRESENTATION_CONTEXT(2) 
PARAMETRIC_REPRESENTATION_CONTEXT() REPRESENTATION_CONTEXT('2D SPACE',''
  ) );
#2702 = ORIENTED_EDGE('',*,*,#2703,.F.);
#2703 = EDGE_CURVE('',#2704,#2671,#2706,.T.);
#2704 = VERTEX_POINT('',#2705);
#2705 = CARTESIAN_POINT('',(38.3,25.,8.));
#2706 = SURFACE_CURVE('',#2707,(#2712,#2719),.PCURVE_S1.);
#2707 = CIRCLE('',#2708,1.7);
#2708 = AXIS2_PLACEMENT_3D('',#2709,#2710,#2711);
#2709 = CARTESIAN_POINT('',(40.,25.,8.));
#2710 = DIRECTION('',(0.,-0.,1.));
#2711 = DIRECTION('',(-1.,0.,0.));
#2712 = PCURVE('',#2679,#2713);
#2713 = DEFINITIONAL_REPRESENTATION('',(#2714),#2718);
#2714 = LINE('',#2715,#2716);
#2715 = CARTESIAN_POINT('',(3.14159265359,8.));
#2716 = VECTOR('',#2717,1.);
#2717 = DIRECTION('',(1.,0.));
#2718 = ( GEOMETRIC_REPRESENTATION_CONTEXT(2) 
PARAMETRIC_REPRESENTATION_CONTEXT() REPRESENTATION_CONTEXT('2D SPACE',''
  ) );
#2719 = PCURVE('',#1968,#2720);
#2720 = DEFINITIONAL_REPRESENTATION('',(#2721),#2729);
#2721 = ( BOUNDED_CURVE() B_SPLINE_CURVE(2,(#2722,#2723,#2724,#2725,
#2726,#2727,#2728),.UNSPECIFIED.,.T.,.F.) B_SPLINE_CURVE_WITH_KNOTS((1,2
    ,2,2,2,1),(-2.094395102393,0.,2.094395102393,4.188790204786,
6.28318530718,8.377580409573),.UNSPECIFIED.) CURVE() 
GEOMETRIC_REPRESENTATION_ITEM() RATIONAL_B_SPLINE_CURVE((1.,0.5,1.,0.5,
1.,0.5,1.)) REPRESENTATION_ITEM('') );
#2722 = CARTESIAN_POINT('',(3.35,0.));
#2723 = CARTESIAN_POINT('',(3.35,-2.944486372867));
#2724 = CARTESIAN_POINT('',(0.8,-1.472243186434));
#2725 = CARTESIAN_POINT('',(-1.75,-4.163799117101E-16));
#2726 = CARTESIAN_POINT('',(0.8,1.472243186434));
#2727 = CARTESIAN_POINT('',(3.35,2.944486372867));
#2728 = CARTESIAN_POINT('',(3.35,0.));
#2729 = ( GEOMETRIC_REPRESENTATION_CONTEXT(2) 
PARAMETRIC_REPRESENTATION_CONTEXT() REPRESENTATION_CONTEXT('2D SPACE',''
  ) );
#2730 = ORIENTED_EDGE('',*,*,#2731,.F.);
#2731 = EDGE_CURVE('',#2732,#2704,#2734,.T.);
#2732 = VERTEX_POINT('',#2733);
#2733 = CARTESIAN_POINT('',(38.3,25.,0.));
#2734 = SURFACE_CURVE('',#2735,(#2739,#2746),.PCURVE_S1.);
#2735 = LINE('',#2736,#2737);
#2736 = CARTESIAN_POINT('',(38.3,25.,0.));
#2737 = VECTOR('',#2738,1.);
#2738 = DIRECTION('',(-0.,-0.,1.));
#2739 = PCURVE('',#2679,#2740);
#2740 = DEFINITIONAL_REPRESENTATION('',(#2741),#2745);
#2741 = LINE('',#2742,#2743);
#2742 = CARTESIAN_POINT('',(3.14159265359,0.));
#2743 = VECTOR('',#2744,1.);
#2744 = DIRECTION('',(0.,1.));
#2745 = ( GEOMETRIC_REPRESENTATION_CONTEXT(2) 
PARAMETRIC_REPRESENTATION_CONTEXT() REPRESENTATION_CONTEXT('2D SPACE',''
  ) );
#2746 = PCURVE('',#2691,#2747);
#2747 = DEFINITIONAL_REPRESENTATION('',(#2748),#2752);
#2748 = LINE('',#2749,#2750);
#2749 = CARTESIAN_POINT('',(3.14159265359,0.));
#2750 = VECTOR('',#2751,1.);
#2751 = DIRECTION('',(0.,1.));
#2752 = ( GEOMETRIC_REPRESENTATION_CONTEXT(2) 
PARAMETRIC_REPRESENTATION_CONTEXT() REPRESENTATION_CONTEXT('2D SPACE',''
  ) );
#2753 = ORIENTED_EDGE('',*,*,#2754,.T.);
#2754 = EDGE_CURVE('',#2732,#2669,#2755,.T.);
#2755 = SURFACE_CURVE('',#2756,(#2761,#2768),.PCURVE_S1.);
#2756 = CIRCLE('',#2757,1.7);
#2757 = AXIS2_PLACEMENT_3D('',#2758,#2759,#2760);
#2758 = CARTESIAN_POINT('',(40.,25.,0.));
#2759 = DIRECTION('',(0.,0.,1.));
#2760 = DIRECTION('',(1.,0.,-0.));
#2761 = PCURVE('',#2679,#2762);
#2762 = DEFINITIONAL_REPRESENTATION('',(#2763),#2767);
#2763 = LINE('',#2764,#2765);
#2764 = CARTESIAN_POINT('',(0.,0.));
#2765 = VECTOR('',#2766,1.);
#2766 = DIRECTION('',(1.,0.));
#2767 = ( GEOMETRIC_REPRESENTATION_CONTEXT(2) 
PARAMETRIC_REPRESENTATION_CONTEXT() REPRESENTATION_CONTEXT('2D SPACE',''
  ) );
#2768 = PCURVE('',#128,#2769);
#2769 = DEFINITIONAL_REPRESENTATION('',(#2770),#2774);
#2770 = CIRCLE('',#2771,1.7);
#2771 = AXIS2_PLACEMENT_2D('',#2772,#2773);
#2772 = CARTESIAN_POINT('',(40.,25.));
#2773 = DIRECTION('',(1.,0.));
#2774 = ( GEOMETRIC_REPRESENTATION_CONTEXT(2) 
PARAMETRIC_REPRESENTATION_CONTEXT() REPRESENTATION_CONTEXT('2D SPACE',''
  ) );
#2775 = ADVANCED_FACE('',(#2776),#2790,.F.);
#2776 = FACE_BOUND('',#2777,.F.);
#2777 = EDGE_LOOP('',(#2778,#2813,#2841,#2864));
#2778 = ORIENTED_EDGE('',*,*,#2779,.T.);
#2779 = EDGE_CURVE('',#2780,#2782,#2784,.T.);
#2780 = VERTEX_POINT('',#2781);
#2781 = CARTESIAN_POINT('',(-7.3,30.,0.));
#2782 = VERTEX_POINT('',#2783);
#2783 = CARTESIAN_POINT('',(-7.3,30.,8.));
#2784 = SURFACE_CURVE('',#2785,(#2789,#2801),.PCURVE_S1.);
#2785 = LINE('',#2786,#2787);
#2786 = CARTESIAN_POINT('',(-7.3,30.,0.));
#2787 = VECTOR('',#2788,1.);
#2788 = DIRECTION('',(-0.,-0.,1.));
#2789 = PCURVE('',#2790,#2795);
#2790 = CYLINDRICAL_SURFACE('',#2791,1.7);
#2791 = AXIS2_PLACEMENT_3D('',#2792,#2793,#2794);
#2792 = CARTESIAN_POINT('',(-9.,30.,0.));
#2793 = DIRECTION('',(-0.,-0.,1.));
#2794 = DIRECTION('',(1.,0.,0.));
#2795 = DEFINITIONAL_REPRESENTATION('',(#2796),#2800);
#2796 = LINE('',#2797,#2798);
#2797 = CARTESIAN_POINT('',(6.28318530718,0.));
#2798 = VECTOR('',#2799,1.);
#2799 = DIRECTION('',(0.,1.));
#2800 = ( GEOMETRIC_REPRESENTATION_CONTEXT(2) 
PARAMETRIC_REPRESENTATION_CONTEXT() REPRESENTATION_CONTEXT('2D SPACE',''
  ) );
#2801 = PCURVE('',#2802,#2807);
#2802 = CYLINDRICAL_SURFACE('',#2803,1.7);
#2803 = AXIS2_PLACEMENT_3D('',#2804,#2805,#2806);
#2804 = CARTESIAN_POINT('',(-9.,30.,0.));
#2805 = DIRECTION('',(-0.,-0.,1.));
#2806 = DIRECTION('',(1.,0.,0.));
#2807 = DEFINITIONAL_REPRESENTATION('',(#2808),#2812);
#2808 = LINE('',#2809,#2810);
#2809 = CARTESIAN_POINT('',(0.,0.));
#2810 = VECTOR('',#2811,1.);
#2811 = DIRECTION('',(0.,1.));
#2812 = ( GEOMETRIC_REPRESENTATION_CONTEXT(2) 
PARAMETRIC_REPRESENTATION_CONTEXT() REPRESENTATION_CONTEXT('2D SPACE',''
  ) );
#2813 = ORIENTED_EDGE('',*,*,#2814,.F.);
#2814 = EDGE_CURVE('',#2815,#2782,#2817,.T.);
#2815 = VERTEX_POINT('',#2816);
#2816 = CARTESIAN_POINT('',(-10.7,30.,8.));
#2817 = SURFACE_CURVE('',#2818,(#2823,#2830),.PCURVE_S1.);
#2818 = CIRCLE('',#2819,1.7);
#2819 = AXIS2_PLACEMENT_3D('',#2820,#2821,#2822);
#2820 = CARTESIAN_POINT('',(-9.,30.,8.));
#2821 = DIRECTION('',(0.,-0.,1.));
#2822 = DIRECTION('',(-1.,0.,0.));
#2823 = PCURVE('',#2790,#2824);
#2824 = DEFINITIONAL_REPRESENTATION('',(#2825),#2829);
#2825 = LINE('',#2826,#2827);
#2826 = CARTESIAN_POINT('',(3.14159265359,8.));
#2827 = VECTOR('',#2828,1.);
#2828 = DIRECTION('',(1.,0.));
#2829 = ( GEOMETRIC_REPRESENTATION_CONTEXT(2) 
PARAMETRIC_REPRESENTATION_CONTEXT() REPRESENTATION_CONTEXT('2D SPACE',''
  ) );
#2830 = PCURVE('',#1770,#2831);
#2831 = DEFINITIONAL_REPRESENTATION('',(#2832),#2840);
#2832 = ( BOUNDED_CURVE() B_SPLINE_CURVE(2,(#2833,#2834,#2835,#2836,
#2837,#2838,#2839),.UNSPECIFIED.,.T.,.F.) B_SPLINE_CURVE_WITH_KNOTS((1,2
    ,2,2,2,1),(-2.094395102393,0.,2.094395102393,4.188790204786,
6.28318530718,8.377580409573),.UNSPECIFIED.) CURVE() 
GEOMETRIC_REPRESENTATION_ITEM() RATIONAL_B_SPLINE_CURVE((1.,0.5,1.,0.5,
1.,0.5,1.)) REPRESENTATION_ITEM('') );
#2833 = CARTESIAN_POINT('',(3.35,0.));
#2834 = CARTESIAN_POINT('',(3.35,-2.944486372867));
#2835 = CARTESIAN_POINT('',(0.8,-1.472243186434));
#2836 = CARTESIAN_POINT('',(-1.75,-4.163799117101E-16));
#2837 = CARTESIAN_POINT('',(0.8,1.472243186434));
#2838 = CARTESIAN_POINT('',(3.35,2.944486372867));
#2839 = CARTESIAN_POINT('',(3.35,0.));
#2840 = ( GEOMETRIC_REPRESENTATION_CONTEXT(2) 
PARAMETRIC_REPRESENTATION_CONTEXT() REPRESENTATION_CONTEXT('2D SPACE',''
  ) );
#2841 = ORIENTED_EDGE('',*,*,#2842,.F.);
#2842 = EDGE_CURVE('',#2843,#2815,#2845,.T.);
#2843 = VERTEX_POINT('',#2844);
#2844 = CARTESIAN_POINT('',(-10.7,30.,0.));
#2845 = SURFACE_CURVE('',#2846,(#2850,#2857),.PCURVE_S1.);
#2846 = LINE('',#2847,#2848);
#2847 = CARTESIAN_POINT('',(-10.7,30.,0.));
#2848 = VECTOR('',#2849,1.);
#2849 = DIRECTION('',(-0.,-0.,1.));
#2850 = PCURVE('',#2790,#2851);
#2851 = DEFINITIONAL_REPRESENTATION('',(#2852),#2856);
#2852 = LINE('',#2853,#2854);
#2853 = CARTESIAN_POINT('',(3.14159265359,0.));
#2854 = VECTOR('',#2855,1.);
#2855 = DIRECTION('',(0.,1.));
#2856 = ( GEOMETRIC_REPRESENTATION_CONTEXT(2) 
PARAMETRIC_REPRESENTATION_CONTEXT() REPRESENTATION_CONTEXT('2D SPACE',''
  ) );
#2857 = PCURVE('',#2802,#2858);
#2858 = DEFINITIONAL_REPRESENTATION('',(#2859),#2863);
#2859 = LINE('',#2860,#2861);
#2860 = CARTESIAN_POINT('',(3.14159265359,0.));
#2861 = VECTOR('',#2862,1.);
#2862 = DIRECTION('',(0.,1.));
#2863 = ( GEOMETRIC_REPRESENTATION_CONTEXT(2) 
PARAMETRIC_REPRESENTATION_CONTEXT() REPRESENTATION_CONTEXT('2D SPACE',''
  ) );
#2864 = ORIENTED_EDGE('',*,*,#2865,.T.);
#2865 = EDGE_CURVE('',#2843,#2780,#2866,.T.);
#2866 = SURFACE_CURVE('',#2867,(#2872,#2879),.PCURVE_S1.);
#2867 = CIRCLE('',#2868,1.7);
#2868 = AXIS2_PLACEMENT_3D('',#2869,#2870,#2871);
#2869 = CARTESIAN_POINT('',(-9.,30.,0.));
#2870 = DIRECTION('',(0.,0.,1.));
#2871 = DIRECTION('',(1.,0.,-0.));
#2872 = PCURVE('',#2790,#2873);
#2873 = DEFINITIONAL_REPRESENTATION('',(#2874),#2878);
#2874 = LINE('',#2875,#2876);
#2875 = CARTESIAN_POINT('',(0.,0.));
#2876 = VECTOR('',#2877,1.);
#2877 = DIRECTION('',(1.,0.));
#2878 = ( GEOMETRIC_REPRESENTATION_CONTEXT(2) 
PARAMETRIC_REPRESENTATION_CONTEXT() REPRESENTATION_CONTEXT('2D SPACE',''
  ) );
#2879 = PCURVE('',#128,#2880);
#2880 = DEFINITIONAL_REPRESENTATION('',(#2881),#2885);
#2881 = CIRCLE('',#2882,1.7);
#2882 = AXIS2_PLACEMENT_2D('',#2883,#2884);
#2883 = CARTESIAN_POINT('',(-9.,30.));
#2884 = DIRECTION('',(1.,0.));
#2885 = ( GEOMETRIC_REPRESENTATION_CONTEXT(2) 
PARAMETRIC_REPRESENTATION_CONTEXT() REPRESENTATION_CONTEXT('2D SPACE',''
  ) );
#2886 = ADVANCED_FACE('',(#2887),#2901,.F.);
#2887 = FACE_BOUND('',#2888,.F.);
#2888 = EDGE_LOOP('',(#2889,#2924,#2952,#2975));
#2889 = ORIENTED_EDGE('',*,*,#2890,.T.);
#2890 = EDGE_CURVE('',#2891,#2893,#2895,.T.);
#2891 = VERTEX_POINT('',#2892);
#2892 = CARTESIAN_POINT('',(-7.3,65.,0.));
#2893 = VERTEX_POINT('',#2894);
#2894 = CARTESIAN_POINT('',(-7.3,65.,8.));
#2895 = SURFACE_CURVE('',#2896,(#2900,#2912),.PCURVE_S1.);
#2896 = LINE('',#2897,#2898);
#2897 = CARTESIAN_POINT('',(-7.3,65.,0.));
#2898 = VECTOR('',#2899,1.);
#2899 = DIRECTION('',(-0.,-0.,1.));
#2900 = PCURVE('',#2901,#2906);
#2901 = CYLINDRICAL_SURFACE('',#2902,1.7);
#2902 = AXIS2_PLACEMENT_3D('',#2903,#2904,#2905);
#2903 = CARTESIAN_POINT('',(-9.,65.,0.));
#2904 = DIRECTION('',(-0.,-0.,1.));
#2905 = DIRECTION('',(1.,0.,0.));
#2906 = DEFINITIONAL_REPRESENTATION('',(#2907),#2911);
#2907 = LINE('',#2908,#2909);
#2908 = CARTESIAN_POINT('',(6.28318530718,0.));
#2909 = VECTOR('',#2910,1.);
#2910 = DIRECTION('',(0.,1.));
#2911 = ( GEOMETRIC_REPRESENTATION_CONTEXT(2) 
PARAMETRIC_REPRESENTATION_CONTEXT() REPRESENTATION_CONTEXT('2D SPACE',''
  ) );
#2912 = PCURVE('',#2913,#2918);
#2913 = CYLINDRICAL_SURFACE('',#2914,1.7);
#2914 = AXIS2_PLACEMENT_3D('',#2915,#2916,#2917);
#2915 = CARTESIAN_POINT('',(-9.,65.,0.));
#2916 = DIRECTION('',(-0.,-0.,1.));
#2917 = DIRECTION('',(1.,0.,0.));
#2918 = DEFINITIONAL_REPRESENTATION('',(#2919),#2923);
#2919 = LINE('',#2920,#2921);
#2920 = CARTESIAN_POINT('',(0.,0.));
#2921 = VECTOR('',#2922,1.);
#2922 = DIRECTION('',(0.,1.));
#2923 = ( GEOMETRIC_REPRESENTATION_CONTEXT(2) 
PARAMETRIC_REPRESENTATION_CONTEXT() REPRESENTATION_CONTEXT('2D SPACE',''
  ) );
#2924 = ORIENTED_EDGE('',*,*,#2925,.F.);
#2925 = EDGE_CURVE('',#2926,#2893,#2928,.T.);
#2926 = VERTEX_POINT('',#2927);
#2927 = CARTESIAN_POINT('',(-10.7,65.,8.));
#2928 = SURFACE_CURVE('',#2929,(#2934,#2941),.PCURVE_S1.);
#2929 = CIRCLE('',#2930,1.7);
#2930 = AXIS2_PLACEMENT_3D('',#2931,#2932,#2933);
#2931 = CARTESIAN_POINT('',(-9.,65.,8.));
#2932 = DIRECTION('',(0.,-0.,1.));
#2933 = DIRECTION('',(-1.,0.,0.));
#2934 = PCURVE('',#2901,#2935);
#2935 = DEFINITIONAL_REPRESENTATION('',(#2936),#2940);
#2936 = LINE('',#2937,#2938);
#2937 = CARTESIAN_POINT('',(3.14159265359,8.));
#2938 = VECTOR('',#2939,1.);
#2939 = DIRECTION('',(1.,0.));
#2940 = ( GEOMETRIC_REPRESENTATION_CONTEXT(2) 
PARAMETRIC_REPRESENTATION_CONTEXT() REPRESENTATION_CONTEXT('2D SPACE',''
  ) );
#2941 = PCURVE('',#1654,#2942);
#2942 = DEFINITIONAL_REPRESENTATION('',(#2943),#2951);
#2943 = ( BOUNDED_CURVE() B_SPLINE_CURVE(2,(#2944,#2945,#2946,#2947,
#2948,#2949,#2950),.UNSPECIFIED.,.T.,.F.) B_SPLINE_CURVE_WITH_KNOTS((1,2
    ,2,2,2,1),(-2.094395102393,0.,2.094395102393,4.188790204786,
6.28318530718,8.377580409573),.UNSPECIFIED.) CURVE() 
GEOMETRIC_REPRESENTATION_ITEM() RATIONAL_B_SPLINE_CURVE((1.,0.5,1.,0.5,
1.,0.5,1.)) REPRESENTATION_ITEM('') );
#2944 = CARTESIAN_POINT('',(3.35,0.));
#2945 = CARTESIAN_POINT('',(3.35,-2.944486372867));
#2946 = CARTESIAN_POINT('',(0.8,-1.472243186434));
#2947 = CARTESIAN_POINT('',(-1.75,-4.163799117101E-16));
#2948 = CARTESIAN_POINT('',(0.8,1.472243186434));
#2949 = CARTESIAN_POINT('',(3.35,2.944486372867));
#2950 = CARTESIAN_POINT('',(3.35,0.));
#2951 = ( GEOMETRIC_REPRESENTATION_CONTEXT(2) 
PARAMETRIC_REPRESENTATION_CONTEXT() REPRESENTATION_CONTEXT('2D SPACE',''
  ) );
#2952 = ORIENTED_EDGE('',*,*,#2953,.F.);
#2953 = EDGE_CURVE('',#2954,#2926,#2956,.T.);
#2954 = VERTEX_POINT('',#2955);
#2955 = CARTESIAN_POINT('',(-10.7,65.,0.));
#2956 = SURFACE_CURVE('',#2957,(#2961,#2968),.PCURVE_S1.);
#2957 = LINE('',#2958,#2959);
#2958 = CARTESIAN_POINT('',(-10.7,65.,0.));
#2959 = VECTOR('',#2960,1.);
#2960 = DIRECTION('',(-0.,-0.,1.));
#2961 = PCURVE('',#2901,#2962);
#2962 = DEFINITIONAL_REPRESENTATION('',(#2963),#2967);
#2963 = LINE('',#2964,#2965);
#2964 = CARTESIAN_POINT('',(3.14159265359,0.));
#2965 = VECTOR('',#2966,1.);
#2966 = DIRECTION('',(0.,1.));
#2967 = ( GEOMETRIC_REPRESENTATION_CONTEXT(2) 
PARAMETRIC_REPRESENTATION_CONTEXT() REPRESENTATION_CONTEXT('2D SPACE',''
  ) );
#2968 = PCURVE('',#2913,#2969);
#2969 = DEFINITIONAL_REPRESENTATION('',(#2970),#2974);
#2970 = LINE('',#2971,#2972);
#2971 = CARTESIAN_POINT('',(3.14159265359,0.));
#2972 = VECTOR('',#2973,1.);
#2973 = DIRECTION('',(0.,1.));
#2974 = ( GEOMETRIC_REPRESENTATION_CONTEXT(2) 
PARAMETRIC_REPRESENTATION_CONTEXT() REPRESENTATION_CONTEXT('2D SPACE',''
  ) );
#2975 = ORIENTED_EDGE('',*,*,#2976,.T.);
#2976 = EDGE_CURVE('',#2954,#2891,#2977,.T.);
#2977 = SURFACE_CURVE('',#2978,(#2983,#2990),.PCURVE_S1.);
#2978 = CIRCLE('',#2979,1.7);
#2979 = AXIS2_PLACEMENT_3D('',#2980,#2981,#2982);
#2980 = CARTESIAN_POINT('',(-9.,65.,0.));
#2981 = DIRECTION('',(0.,0.,1.));
#2982 = DIRECTION('',(1.,0.,-0.));
#2983 = PCURVE('',#2901,#2984);
#2984 = DEFINITIONAL_REPRESENTATION('',(#2985),#2989);
#2985 = LINE('',#2986,#2987);
#2986 = CARTESIAN_POINT('',(0.,0.));
#2987 = VECTOR('',#2988,1.);
#2988 = DIRECTION('',(1.,0.));
#2989 = ( GEOMETRIC_REPRESENTATION_CONTEXT(2) 
PARAMETRIC_REPRESENTATION_CONTEXT() REPRESENTATION_CONTEXT('2D SPACE',''
  ) );
#2990 = PCURVE('',#128,#2991);
#2991 = DEFINITIONAL_REPRESENTATION('',(#2992),#2996);
#2992 = CIRCLE('',#2993,1.7);
#2993 = AXIS2_PLACEMENT_2D('',#2994,#2995);
#2994 = CARTESIAN_POINT('',(-9.,65.));
#2995 = DIRECTION('',(1.,0.));
#2996 = ( GEOMETRIC_REPRESENTATION_CONTEXT(2) 
PARAMETRIC_REPRESENTATION_CONTEXT() REPRESENTATION_CONTEXT('2D SPACE',''
  ) );
#2997 = ADVANCED_FACE('',(#2998),#3012,.F.);
#2998 = FACE_BOUND('',#2999,.F.);
#2999 = EDGE_LOOP('',(#3000,#3035,#3059,#3082));
#3000 = ORIENTED_EDGE('',*,*,#3001,.T.);
#3001 = EDGE_CURVE('',#3002,#3004,#3006,.T.);
#3002 = VERTEX_POINT('',#3003);
#3003 = CARTESIAN_POINT('',(-3.549747468306,4.949747468306,0.));
#3004 = VERTEX_POINT('',#3005);
#3005 = CARTESIAN_POINT('',(-3.549747468306,4.949747468306,10.));
#3006 = SURFACE_CURVE('',#3007,(#3011,#3023),.PCURVE_S1.);
#3007 = LINE('',#3008,#3009);
#3008 = CARTESIAN_POINT('',(-3.549747468306,4.949747468306,0.));
#3009 = VECTOR('',#3010,1.);
#3010 = DIRECTION('',(-0.,-0.,1.));
#3011 = PCURVE('',#3012,#3017);
#3012 = CYLINDRICAL_SURFACE('',#3013,1.4);
#3013 = AXIS2_PLACEMENT_3D('',#3014,#3015,#3016);
#3014 = CARTESIAN_POINT('',(-4.949747468306,4.949747468306,0.));
#3015 = DIRECTION('',(-0.,-0.,1.));
#3016 = DIRECTION('',(1.,0.,0.));
#3017 = DEFINITIONAL_REPRESENTATION('',(#3018),#3022);
#3018 = LINE('',#3019,#3020);
#3019 = CARTESIAN_POINT('',(6.28318530718,0.));
#3020 = VECTOR('',#3021,1.);
#3021 = DIRECTION('',(0.,1.));
#3022 = ( GEOMETRIC_REPRESENTATION_CONTEXT(2) 
PARAMETRIC_REPRESENTATION_CONTEXT() REPRESENTATION_CONTEXT('2D SPACE',''
  ) );
#3023 = PCURVE('',#3024,#3029);
#3024 = CYLINDRICAL_SURFACE('',#3025,1.4);
#3025 = AXIS2_PLACEMENT_3D('',#3026,#3027,#3028);
#3026 = CARTESIAN_POINT('',(-4.949747468306,4.949747468306,0.));
#3027 = DIRECTION('',(-0.,-0.,1.));
#3028 = DIRECTION('',(1.,0.,0.));
#3029 = DEFINITIONAL_REPRESENTATION('',(#3030),#3034);
#3030 = LINE('',#3031,#3032);
#3031 = CARTESIAN_POINT('',(0.,0.));
#3032 = VECTOR('',#3033,1.);
#3033 = DIRECTION('',(0.,1.));
#3034 = ( GEOMETRIC_REPRESENTATION_CONTEXT(2) 
PARAMETRIC_REPRESENTATION_CONTEXT() REPRESENTATION_CONTEXT('2D SPACE',''
  ) );
#3035 = ORIENTED_EDGE('',*,*,#3036,.F.);
#3036 = EDGE_CURVE('',#3037,#3004,#3039,.T.);
#3037 = VERTEX_POINT('',#3038);
#3038 = CARTESIAN_POINT('',(-6.349747468306,4.949747468306,10.));
#3039 = SURFACE_CURVE('',#3040,(#3045,#3052),.PCURVE_S1.);
#3040 = CIRCLE('',#3041,1.4);
#3041 = AXIS2_PLACEMENT_3D('',#3042,#3043,#3044);
#3042 = CARTESIAN_POINT('',(-4.949747468306,4.949747468306,10.));
#3043 = DIRECTION('',(0.,0.,1.));
#3044 = DIRECTION('',(1.,0.,-0.));
#3045 = PCURVE('',#3012,#3046);
#3046 = DEFINITIONAL_REPRESENTATION('',(#3047),#3051);
#3047 = LINE('',#3048,#3049);
#3048 = CARTESIAN_POINT('',(0.,10.));
#3049 = VECTOR('',#3050,1.);
#3050 = DIRECTION('',(1.,0.));
#3051 = ( GEOMETRIC_REPRESENTATION_CONTEXT(2) 
PARAMETRIC_REPRESENTATION_CONTEXT() REPRESENTATION_CONTEXT('2D SPACE',''
  ) );
#3052 = PCURVE('',#356,#3053);
#3053 = DEFINITIONAL_REPRESENTATION('',(#3054),#3058);
#3054 = CIRCLE('',#3055,1.4);
#3055 = AXIS2_PLACEMENT_2D('',#3056,#3057);
#3056 = CARTESIAN_POINT('',(-4.949747468306,4.949747468306));
#3057 = DIRECTION('',(1.,0.));
#3058 = ( GEOMETRIC_REPRESENTATION_CONTEXT(2) 
PARAMETRIC_REPRESENTATION_CONTEXT() REPRESENTATION_CONTEXT('2D SPACE',''
  ) );
#3059 = ORIENTED_EDGE('',*,*,#3060,.F.);
#3060 = EDGE_CURVE('',#3061,#3037,#3063,.T.);
#3061 = VERTEX_POINT('',#3062);
#3062 = CARTESIAN_POINT('',(-6.349747468306,4.949747468306,0.));
#3063 = SURFACE_CURVE('',#3064,(#3068,#3075),.PCURVE_S1.);
#3064 = LINE('',#3065,#3066);
#3065 = CARTESIAN_POINT('',(-6.349747468306,4.949747468306,0.));
#3066 = VECTOR('',#3067,1.);
#3067 = DIRECTION('',(-0.,-0.,1.));
#3068 = PCURVE('',#3012,#3069);
#3069 = DEFINITIONAL_REPRESENTATION('',(#3070),#3074);
#3070 = LINE('',#3071,#3072);
#3071 = CARTESIAN_POINT('',(3.14159265359,0.));
#3072 = VECTOR('',#3073,1.);
#3073 = DIRECTION('',(0.,1.));
#3074 = ( GEOMETRIC_REPRESENTATION_CONTEXT(2) 
PARAMETRIC_REPRESENTATION_CONTEXT() REPRESENTATION_CONTEXT('2D SPACE',''
  ) );
#3075 = PCURVE('',#3024,#3076);
#3076 = DEFINITIONAL_REPRESENTATION('',(#3077),#3081);
#3077 = LINE('',#3078,#3079);
#3078 = CARTESIAN_POINT('',(3.14159265359,0.));
#3079 = VECTOR('',#3080,1.);
#3080 = DIRECTION('',(0.,1.));
#3081 = ( GEOMETRIC_REPRESENTATION_CONTEXT(2) 
PARAMETRIC_REPRESENTATION_CONTEXT() REPRESENTATION_CONTEXT('2D SPACE',''
  ) );
#3082 = ORIENTED_EDGE('',*,*,#3083,.T.);
#3083 = EDGE_CURVE('',#3061,#3002,#3084,.T.);
#3084 = SURFACE_CURVE('',#3085,(#3090,#3097),.PCURVE_S1.);
#3085 = CIRCLE('',#3086,1.4);
#3086 = AXIS2_PLACEMENT_3D('',#3087,#3088,#3089);
#3087 = CARTESIAN_POINT('',(-4.949747468306,4.949747468306,0.));
#3088 = DIRECTION('',(0.,0.,1.));
#3089 = DIRECTION('',(1.,0.,-0.));
#3090 = PCURVE('',#3012,#3091);
#3091 = DEFINITIONAL_REPRESENTATION('',(#3092),#3096);
#3092 = LINE('',#3093,#3094);
#3093 = CARTESIAN_POINT('',(0.,0.));
#3094 = VECTOR('',#3095,1.);
#3095 = DIRECTION('',(1.,0.));
#3096 = ( GEOMETRIC_REPRESENTATION_CONTEXT(2) 
PARAMETRIC_REPRESENTATION_CONTEXT() REPRESENTATION_CONTEXT('2D SPACE',''
  ) );
#3097 = PCURVE('',#128,#3098);
#3098 = DEFINITIONAL_REPRESENTATION('',(#3099),#3103);
#3099 = CIRCLE('',#3100,1.4);
#3100 = AXIS2_PLACEMENT_2D('',#3101,#3102);
#3101 = CARTESIAN_POINT('',(-4.949747468306,4.949747468306));
#3102 = DIRECTION('',(1.,0.));
#3103 = ( GEOMETRIC_REPRESENTATION_CONTEXT(2) 
PARAMETRIC_REPRESENTATION_CONTEXT() REPRESENTATION_CONTEXT('2D SPACE',''
  ) );
#3104 = ADVANCED_FACE('',(#3105),#3119,.F.);
#3105 = FACE_BOUND('',#3106,.F.);
#3106 = EDGE_LOOP('',(#3107,#3142,#3166,#3189));
#3107 = ORIENTED_EDGE('',*,*,#3108,.T.);
#3108 = EDGE_CURVE('',#3109,#3111,#3113,.T.);
#3109 = VERTEX_POINT('',#3110);
#3110 = CARTESIAN_POINT('',(-5.6,7.285750671753E-14,0.));
#3111 = VERTEX_POINT('',#3112);
#3112 = CARTESIAN_POINT('',(-5.6,7.285750671753E-14,10.));
#3113 = SURFACE_CURVE('',#3114,(#3118,#3130),.PCURVE_S1.);
#3114 = LINE('',#3115,#3116);
#3115 = CARTESIAN_POINT('',(-5.6,7.285750671753E-14,0.));
#3116 = VECTOR('',#3117,1.);
#3117 = DIRECTION('',(-0.,-0.,1.));
#3118 = PCURVE('',#3119,#3124);
#3119 = CYLINDRICAL_SURFACE('',#3120,1.4);
#3120 = AXIS2_PLACEMENT_3D('',#3121,#3122,#3123);
#3121 = CARTESIAN_POINT('',(-7.,7.285750671753E-14,0.));
#3122 = DIRECTION('',(-0.,-0.,1.));
#3123 = DIRECTION('',(1.,0.,0.));
#3124 = DEFINITIONAL_REPRESENTATION('',(#3125),#3129);
#3125 = LINE('',#3126,#3127);
#3126 = CARTESIAN_POINT('',(6.28318530718,0.));
#3127 = VECTOR('',#3128,1.);
#3128 = DIRECTION('',(0.,1.));
#3129 = ( GEOMETRIC_REPRESENTATION_CONTEXT(2) 
PARAMETRIC_REPRESENTATION_CONTEXT() REPRESENTATION_CONTEXT('2D SPACE',''
  ) );
#3130 = PCURVE('',#3131,#3136);
#3131 = CYLINDRICAL_SURFACE('',#3132,1.4);
#3132 = AXIS2_PLACEMENT_3D('',#3133,#3134,#3135);
#3133 = CARTESIAN_POINT('',(-7.,7.285750671753E-14,0.));
#3134 = DIRECTION('',(-0.,-0.,1.));
#3135 = DIRECTION('',(1.,0.,0.));
#3136 = DEFINITIONAL_REPRESENTATION('',(#3137),#3141);
#3137 = LINE('',#3138,#3139);
#3138 = CARTESIAN_POINT('',(0.,0.));
#3139 = VECTOR('',#3140,1.);
#3140 = DIRECTION('',(0.,1.));
#3141 = ( GEOMETRIC_REPRESENTATION_CONTEXT(2) 
PARAMETRIC_REPRESENTATION_CONTEXT() REPRESENTATION_CONTEXT('2D SPACE',''
  ) );
#3142 = ORIENTED_EDGE('',*,*,#3143,.F.);
#3143 = EDGE_CURVE('',#3144,#3111,#3146,.T.);
#3144 = VERTEX_POINT('',#3145);
#3145 = CARTESIAN_POINT('',(-8.4,7.302895726941E-14,10.));
#3146 = SURFACE_CURVE('',#3147,(#3152,#3159),.PCURVE_S1.);
#3147 = CIRCLE('',#3148,1.4);
#3148 = AXIS2_PLACEMENT_3D('',#3149,#3150,#3151);
#3149 = CARTESIAN_POINT('',(-7.,7.285750671753E-14,10.));
#3150 = DIRECTION('',(0.,0.,1.));
#3151 = DIRECTION('',(1.,0.,-0.));
#3152 = PCURVE('',#3119,#3153);
#3153 = DEFINITIONAL_REPRESENTATION('',(#3154),#3158);
#3154 = LINE('',#3155,#3156);
#3155 = CARTESIAN_POINT('',(0.,10.));
#3156 = VECTOR('',#3157,1.);
#3157 = DIRECTION('',(1.,0.));
#3158 = ( GEOMETRIC_REPRESENTATION_CONTEXT(2) 
PARAMETRIC_REPRESENTATION_CONTEXT() REPRESENTATION_CONTEXT('2D SPACE',''
  ) );
#3159 = PCURVE('',#356,#3160);
#3160 = DEFINITIONAL_REPRESENTATION('',(#3161),#3165);
#3161 = CIRCLE('',#3162,1.4);
#3162 = AXIS2_PLACEMENT_2D('',#3163,#3164);
#3163 = CARTESIAN_POINT('',(-7.,7.285750671753E-14));
#3164 = DIRECTION('',(1.,0.));
#3165 = ( GEOMETRIC_REPRESENTATION_CONTEXT(2) 
PARAMETRIC_REPRESENTATION_CONTEXT() REPRESENTATION_CONTEXT('2D SPACE',''
  ) );
#3166 = ORIENTED_EDGE('',*,*,#3167,.F.);
#3167 = EDGE_CURVE('',#3168,#3144,#3170,.T.);
#3168 = VERTEX_POINT('',#3169);
#3169 = CARTESIAN_POINT('',(-8.4,7.302895726941E-14,0.));
#3170 = SURFACE_CURVE('',#3171,(#3175,#3182),.PCURVE_S1.);
#3171 = LINE('',#3172,#3173);
#3172 = CARTESIAN_POINT('',(-8.4,7.302895726941E-14,0.));
#3173 = VECTOR('',#3174,1.);
#3174 = DIRECTION('',(-0.,-0.,1.));
#3175 = PCURVE('',#3119,#3176);
#3176 = DEFINITIONAL_REPRESENTATION('',(#3177),#3181);
#3177 = LINE('',#3178,#3179);
#3178 = CARTESIAN_POINT('',(3.14159265359,0.));
#3179 = VECTOR('',#3180,1.);
#3180 = DIRECTION('',(0.,1.));
#3181 = ( GEOMETRIC_REPRESENTATION_CONTEXT(2) 
PARAMETRIC_REPRESENTATION_CONTEXT() REPRESENTATION_CONTEXT('2D SPACE',''
  ) );
#3182 = PCURVE('',#3131,#3183);
#3183 = DEFINITIONAL_REPRESENTATION('',(#3184),#3188);
#3184 = LINE('',#3185,#3186);
#3185 = CARTESIAN_POINT('',(3.14159265359,0.));
#3186 = VECTOR('',#3187,1.);
#3187 = DIRECTION('',(0.,1.));
#3188 = ( GEOMETRIC_REPRESENTATION_CONTEXT(2) 
PARAMETRIC_REPRESENTATION_CONTEXT() REPRESENTATION_CONTEXT('2D SPACE',''
  ) );
#3189 = ORIENTED_EDGE('',*,*,#3190,.T.);
#3190 = EDGE_CURVE('',#3168,#3109,#3191,.T.);
#3191 = SURFACE_CURVE('',#3192,(#3197,#3204),.PCURVE_S1.);
#3192 = CIRCLE('',#3193,1.4);
#3193 = AXIS2_PLACEMENT_3D('',#3194,#3195,#3196);
#3194 = CARTESIAN_POINT('',(-7.,7.285750671753E-14,0.));
#3195 = DIRECTION('',(0.,0.,1.));
#3196 = DIRECTION('',(1.,0.,-0.));
#3197 = PCURVE('',#3119,#3198);
#3198 = DEFINITIONAL_REPRESENTATION('',(#3199),#3203);
#3199 = LINE('',#3200,#3201);
#3200 = CARTESIAN_POINT('',(0.,0.));
#3201 = VECTOR('',#3202,1.);
#3202 = DIRECTION('',(1.,0.));
#3203 = ( GEOMETRIC_REPRESENTATION_CONTEXT(2) 
PARAMETRIC_REPRESENTATION_CONTEXT() REPRESENTATION_CONTEXT('2D SPACE',''
  ) );
#3204 = PCURVE('',#128,#3205);
#3205 = DEFINITIONAL_REPRESENTATION('',(#3206),#3210);
#3206 = CIRCLE('',#3207,1.4);
#3207 = AXIS2_PLACEMENT_2D('',#3208,#3209);
#3208 = CARTESIAN_POINT('',(-7.,7.285750671753E-14));
#3209 = DIRECTION('',(1.,0.));
#3210 = ( GEOMETRIC_REPRESENTATION_CONTEXT(2) 
PARAMETRIC_REPRESENTATION_CONTEXT() REPRESENTATION_CONTEXT('2D SPACE',''
  ) );
#3211 = ADVANCED_FACE('',(#3212),#3226,.F.);
#3212 = FACE_BOUND('',#3213,.F.);
#3213 = EDGE_LOOP('',(#3214,#3249,#3273,#3296));
#3214 = ORIENTED_EDGE('',*,*,#3215,.T.);
#3215 = EDGE_CURVE('',#3216,#3218,#3220,.T.);
#3216 = VERTEX_POINT('',#3217);
#3217 = CARTESIAN_POINT('',(-3.549747468306,-4.949747468306,0.));
#3218 = VERTEX_POINT('',#3219);
#3219 = CARTESIAN_POINT('',(-3.549747468306,-4.949747468306,10.));
#3220 = SURFACE_CURVE('',#3221,(#3225,#3237),.PCURVE_S1.);
#3221 = LINE('',#3222,#3223);
#3222 = CARTESIAN_POINT('',(-3.549747468306,-4.949747468306,0.));
#3223 = VECTOR('',#3224,1.);
#3224 = DIRECTION('',(-0.,-0.,1.));
#3225 = PCURVE('',#3226,#3231);
#3226 = CYLINDRICAL_SURFACE('',#3227,1.4);
#3227 = AXIS2_PLACEMENT_3D('',#3228,#3229,#3230);
#3228 = CARTESIAN_POINT('',(-4.949747468306,-4.949747468306,0.));
#3229 = DIRECTION('',(-0.,-0.,1.));
#3230 = DIRECTION('',(1.,0.,0.));
#3231 = DEFINITIONAL_REPRESENTATION('',(#3232),#3236);
#3232 = LINE('',#3233,#3234);
#3233 = CARTESIAN_POINT('',(6.28318530718,0.));
#3234 = VECTOR('',#3235,1.);
#3235 = DIRECTION('',(0.,1.));
#3236 = ( GEOMETRIC_REPRESENTATION_CONTEXT(2) 
PARAMETRIC_REPRESENTATION_CONTEXT() REPRESENTATION_CONTEXT('2D SPACE',''
  ) );
#3237 = PCURVE('',#3238,#3243);
#3238 = CYLINDRICAL_SURFACE('',#3239,1.4);
#3239 = AXIS2_PLACEMENT_3D('',#3240,#3241,#3242);
#3240 = CARTESIAN_POINT('',(-4.949747468306,-4.949747468306,0.));
#3241 = DIRECTION('',(-0.,-0.,1.));
#3242 = DIRECTION('',(1.,0.,0.));
#3243 = DEFINITIONAL_REPRESENTATION('',(#3244),#3248);
#3244 = LINE('',#3245,#3246);
#3245 = CARTESIAN_POINT('',(0.,0.));
#3246 = VECTOR('',#3247,1.);
#3247 = DIRECTION('',(0.,1.));
#3248 = ( GEOMETRIC_REPRESENTATION_CONTEXT(2) 
PARAMETRIC_REPRESENTATION_CONTEXT() REPRESENTATION_CONTEXT('2D SPACE',''
  ) );
#3249 = ORIENTED_EDGE('',*,*,#3250,.F.);
#3250 = EDGE_CURVE('',#3251,#3218,#3253,.T.);
#3251 = VERTEX_POINT('',#3252);
#3252 = CARTESIAN_POINT('',(-6.349747468306,-4.949747468306,10.));
#3253 = SURFACE_CURVE('',#3254,(#3259,#3266),.PCURVE_S1.);
#3254 = CIRCLE('',#3255,1.4);
#3255 = AXIS2_PLACEMENT_3D('',#3256,#3257,#3258);
#3256 = CARTESIAN_POINT('',(-4.949747468306,-4.949747468306,10.));
#3257 = DIRECTION('',(0.,0.,1.));
#3258 = DIRECTION('',(1.,0.,-0.));
#3259 = PCURVE('',#3226,#3260);
#3260 = DEFINITIONAL_REPRESENTATION('',(#3261),#3265);
#3261 = LINE('',#3262,#3263);
#3262 = CARTESIAN_POINT('',(0.,10.));
#3263 = VECTOR('',#3264,1.);
#3264 = DIRECTION('',(1.,0.));
#3265 = ( GEOMETRIC_REPRESENTATION_CONTEXT(2) 
PARAMETRIC_REPRESENTATION_CONTEXT() REPRESENTATION_CONTEXT('2D SPACE',''
  ) );
#3266 = PCURVE('',#356,#3267);
#3267 = DEFINITIONAL_REPRESENTATION('',(#3268),#3272);
#3268 = CIRCLE('',#3269,1.4);
#3269 = AXIS2_PLACEMENT_2D('',#3270,#3271);
#3270 = CARTESIAN_POINT('',(-4.949747468306,-4.949747468306));
#3271 = DIRECTION('',(1.,0.));
#3272 = ( GEOMETRIC_REPRESENTATION_CONTEXT(2) 
PARAMETRIC_REPRESENTATION_CONTEXT() REPRESENTATION_CONTEXT('2D SPACE',''
  ) );
#3273 = ORIENTED_EDGE('',*,*,#3274,.F.);
#3274 = EDGE_CURVE('',#3275,#3251,#3277,.T.);
#3275 = VERTEX_POINT('',#3276);
#3276 = CARTESIAN_POINT('',(-6.349747468306,-4.949747468306,0.));
#3277 = SURFACE_CURVE('',#3278,(#3282,#3289),.PCURVE_S1.);
#3278 = LINE('',#3279,#3280);
#3279 = CARTESIAN_POINT('',(-6.349747468306,-4.949747468306,0.));
#3280 = VECTOR('',#3281,1.);
#3281 = DIRECTION('',(-0.,-0.,1.));
#3282 = PCURVE('',#3226,#3283);
#3283 = DEFINITIONAL_REPRESENTATION('',(#3284),#3288);
#3284 = LINE('',#3285,#3286);
#3285 = CARTESIAN_POINT('',(3.14159265359,0.));
#3286 = VECTOR('',#3287,1.);
#3287 = DIRECTION('',(0.,1.));
#3288 = ( GEOMETRIC_REPRESENTATION_CONTEXT(2) 
PARAMETRIC_REPRESENTATION_CONTEXT() REPRESENTATION_CONTEXT('2D SPACE',''
  ) );
#3289 = PCURVE('',#3238,#3290);
#3290 = DEFINITIONAL_REPRESENTATION('',(#3291),#3295);
#3291 = LINE('',#3292,#3293);
#3292 = CARTESIAN_POINT('',(3.14159265359,0.));
#3293 = VECTOR('',#3294,1.);
#3294 = DIRECTION('',(0.,1.));
#3295 = ( GEOMETRIC_REPRESENTATION_CONTEXT(2) 
PARAMETRIC_REPRESENTATION_CONTEXT() REPRESENTATION_CONTEXT('2D SPACE',''
  ) );
#3296 = ORIENTED_EDGE('',*,*,#3297,.T.);
#3297 = EDGE_CURVE('',#3275,#3216,#3298,.T.);
#3298 = SURFACE_CURVE('',#3299,(#3304,#3311),.PCURVE_S1.);
#3299 = CIRCLE('',#3300,1.4);
#3300 = AXIS2_PLACEMENT_3D('',#3301,#3302,#3303);
#3301 = CARTESIAN_POINT('',(-4.949747468306,-4.949747468306,0.));
#3302 = DIRECTION('',(0.,0.,1.));
#3303 = DIRECTION('',(1.,0.,-0.));
#3304 = PCURVE('',#3226,#3305);
#3305 = DEFINITIONAL_REPRESENTATION('',(#3306),#3310);
#3306 = LINE('',#3307,#3308);
#3307 = CARTESIAN_POINT('',(0.,0.));
#3308 = VECTOR('',#3309,1.);
#3309 = DIRECTION('',(1.,0.));
#3310 = ( GEOMETRIC_REPRESENTATION_CONTEXT(2) 
PARAMETRIC_REPRESENTATION_CONTEXT() REPRESENTATION_CONTEXT('2D SPACE',''
  ) );
#3311 = PCURVE('',#128,#3312);
#3312 = DEFINITIONAL_REPRESENTATION('',(#3313),#3317);
#3313 = CIRCLE('',#3314,1.4);
#3314 = AXIS2_PLACEMENT_2D('',#3315,#3316);
#3315 = CARTESIAN_POINT('',(-4.949747468306,-4.949747468306));
#3316 = DIRECTION('',(1.,0.));
#3317 = ( GEOMETRIC_REPRESENTATION_CONTEXT(2) 
PARAMETRIC_REPRESENTATION_CONTEXT() REPRESENTATION_CONTEXT('2D SPACE',''
  ) );
#3318 = ADVANCED_FACE('',(#3319),#3333,.F.);
#3319 = FACE_BOUND('',#3320,.F.);
#3320 = EDGE_LOOP('',(#3321,#3356,#3380,#3403));
#3321 = ORIENTED_EDGE('',*,*,#3322,.T.);
#3322 = EDGE_CURVE('',#3323,#3325,#3327,.T.);
#3323 = VERTEX_POINT('',#3324);
#3324 = CARTESIAN_POINT('',(1.4,-7.,0.));
#3325 = VERTEX_POINT('',#3326);
#3326 = CARTESIAN_POINT('',(1.4,-7.,10.));
#3327 = SURFACE_CURVE('',#3328,(#3332,#3344),.PCURVE_S1.);
#3328 = LINE('',#3329,#3330);
#3329 = CARTESIAN_POINT('',(1.4,-7.,0.));
#3330 = VECTOR('',#3331,1.);
#3331 = DIRECTION('',(-0.,-0.,1.));
#3332 = PCURVE('',#3333,#3338);
#3333 = CYLINDRICAL_SURFACE('',#3334,1.4);
#3334 = AXIS2_PLACEMENT_3D('',#3335,#3336,#3337);
#3335 = CARTESIAN_POINT('',(-4.876566708316E-14,-7.,0.));
#3336 = DIRECTION('',(-0.,-0.,1.));
#3337 = DIRECTION('',(1.,0.,0.));
#3338 = DEFINITIONAL_REPRESENTATION('',(#3339),#3343);
#3339 = LINE('',#3340,#3341);
#3340 = CARTESIAN_POINT('',(6.28318530718,0.));
#3341 = VECTOR('',#3342,1.);
#3342 = DIRECTION('',(0.,1.));
#3343 = ( GEOMETRIC_REPRESENTATION_CONTEXT(2) 
PARAMETRIC_REPRESENTATION_CONTEXT() REPRESENTATION_CONTEXT('2D SPACE',''
  ) );
#3344 = PCURVE('',#3345,#3350);
#3345 = CYLINDRICAL_SURFACE('',#3346,1.4);
#3346 = AXIS2_PLACEMENT_3D('',#3347,#3348,#3349);
#3347 = CARTESIAN_POINT('',(-4.876566708316E-14,-7.,0.));
#3348 = DIRECTION('',(-0.,-0.,1.));
#3349 = DIRECTION('',(1.,0.,0.));
#3350 = DEFINITIONAL_REPRESENTATION('',(#3351),#3355);
#3351 = LINE('',#3352,#3353);
#3352 = CARTESIAN_POINT('',(0.,0.));
#3353 = VECTOR('',#3354,1.);
#3354 = DIRECTION('',(0.,1.));
#3355 = ( GEOMETRIC_REPRESENTATION_CONTEXT(2) 
PARAMETRIC_REPRESENTATION_CONTEXT() REPRESENTATION_CONTEXT('2D SPACE',''
  ) );
#3356 = ORIENTED_EDGE('',*,*,#3357,.F.);
#3357 = EDGE_CURVE('',#3358,#3325,#3360,.T.);
#3358 = VERTEX_POINT('',#3359);
#3359 = CARTESIAN_POINT('',(-1.4,-7.,10.));
#3360 = SURFACE_CURVE('',#3361,(#3366,#3373),.PCURVE_S1.);
#3361 = CIRCLE('',#3362,1.4);
#3362 = AXIS2_PLACEMENT_3D('',#3363,#3364,#3365);
#3363 = CARTESIAN_POINT('',(-4.876566708316E-14,-7.,10.));
#3364 = DIRECTION('',(0.,0.,1.));
#3365 = DIRECTION('',(1.,0.,-0.));
#3366 = PCURVE('',#3333,#3367);
#3367 = DEFINITIONAL_REPRESENTATION('',(#3368),#3372);
#3368 = LINE('',#3369,#3370);
#3369 = CARTESIAN_POINT('',(0.,10.));
#3370 = VECTOR('',#3371,1.);
#3371 = DIRECTION('',(1.,0.));
#3372 = ( GEOMETRIC_REPRESENTATION_CONTEXT(2) 
PARAMETRIC_REPRESENTATION_CONTEXT() REPRESENTATION_CONTEXT('2D SPACE',''
  ) );
#3373 = PCURVE('',#356,#3374);
#3374 = DEFINITIONAL_REPRESENTATION('',(#3375),#3379);
#3375 = CIRCLE('',#3376,1.4);
#3376 = AXIS2_PLACEMENT_2D('',#3377,#3378);
#3377 = CARTESIAN_POINT('',(-4.876566708316E-14,-7.));
#3378 = DIRECTION('',(1.,0.));
#3379 = ( GEOMETRIC_REPRESENTATION_CONTEXT(2) 
PARAMETRIC_REPRESENTATION_CONTEXT() REPRESENTATION_CONTEXT('2D SPACE',''
  ) );
#3380 = ORIENTED_EDGE('',*,*,#3381,.F.);
#3381 = EDGE_CURVE('',#3382,#3358,#3384,.T.);
#3382 = VERTEX_POINT('',#3383);
#3383 = CARTESIAN_POINT('',(-1.4,-7.,0.));
#3384 = SURFACE_CURVE('',#3385,(#3389,#3396),.PCURVE_S1.);
#3385 = LINE('',#3386,#3387);
#3386 = CARTESIAN_POINT('',(-1.4,-7.,0.));
#3387 = VECTOR('',#3388,1.);
#3388 = DIRECTION('',(-0.,-0.,1.));
#3389 = PCURVE('',#3333,#3390);
#3390 = DEFINITIONAL_REPRESENTATION('',(#3391),#3395);
#3391 = LINE('',#3392,#3393);
#3392 = CARTESIAN_POINT('',(3.14159265359,0.));
#3393 = VECTOR('',#3394,1.);
#3394 = DIRECTION('',(0.,1.));
#3395 = ( GEOMETRIC_REPRESENTATION_CONTEXT(2) 
PARAMETRIC_REPRESENTATION_CONTEXT() REPRESENTATION_CONTEXT('2D SPACE',''
  ) );
#3396 = PCURVE('',#3345,#3397);
#3397 = DEFINITIONAL_REPRESENTATION('',(#3398),#3402);
#3398 = LINE('',#3399,#3400);
#3399 = CARTESIAN_POINT('',(3.14159265359,0.));
#3400 = VECTOR('',#3401,1.);
#3401 = DIRECTION('',(0.,1.));
#3402 = ( GEOMETRIC_REPRESENTATION_CONTEXT(2) 
PARAMETRIC_REPRESENTATION_CONTEXT() REPRESENTATION_CONTEXT('2D SPACE',''
  ) );
#3403 = ORIENTED_EDGE('',*,*,#3404,.T.);
#3404 = EDGE_CURVE('',#3382,#3323,#3405,.T.);
#3405 = SURFACE_CURVE('',#3406,(#3411,#3418),.PCURVE_S1.);
#3406 = CIRCLE('',#3407,1.4);
#3407 = AXIS2_PLACEMENT_3D('',#3408,#3409,#3410);
#3408 = CARTESIAN_POINT('',(-4.876566708316E-14,-7.,0.));
#3409 = DIRECTION('',(0.,0.,1.));
#3410 = DIRECTION('',(1.,0.,-0.));
#3411 = PCURVE('',#3333,#3412);
#3412 = DEFINITIONAL_REPRESENTATION('',(#3413),#3417);
#3413 = LINE('',#3414,#3415);
#3414 = CARTESIAN_POINT('',(0.,0.));
#3415 = VECTOR('',#3416,1.);
#3416 = DIRECTION('',(1.,0.));
#3417 = ( GEOMETRIC_REPRESENTATION_CONTEXT(2) 
PARAMETRIC_REPRESENTATION_CONTEXT() REPRESENTATION_CONTEXT('2D SPACE',''
  ) );
#3418 = PCURVE('',#128,#3419);
#3419 = DEFINITIONAL_REPRESENTATION('',(#3420),#3424);
#3420 = CIRCLE('',#3421,1.4);
#3421 = AXIS2_PLACEMENT_2D('',#3422,#3423);
#3422 = CARTESIAN_POINT('',(-4.876566708316E-14,-7.));
#3423 = DIRECTION('',(1.,0.));
#3424 = ( GEOMETRIC_REPRESENTATION_CONTEXT(2) 
PARAMETRIC_REPRESENTATION_CONTEXT() REPRESENTATION_CONTEXT('2D SPACE',''
  ) );
#3425 = ADVANCED_FACE('',(#3426),#3440,.F.);
#3426 = FACE_BOUND('',#3427,.F.);
#3427 = EDGE_LOOP('',(#3428,#3463,#3487,#3510));
#3428 = ORIENTED_EDGE('',*,*,#3429,.T.);
#3429 = EDGE_CURVE('',#3430,#3432,#3434,.T.);
#3430 = VERTEX_POINT('',#3431);
#3431 = CARTESIAN_POINT('',(6.349747468306,-4.949747468306,0.));
#3432 = VERTEX_POINT('',#3433);
#3433 = CARTESIAN_POINT('',(6.349747468306,-4.949747468306,10.));
#3434 = SURFACE_CURVE('',#3435,(#3439,#3451),.PCURVE_S1.);
#3435 = LINE('',#3436,#3437);
#3436 = CARTESIAN_POINT('',(6.349747468306,-4.949747468306,0.));
#3437 = VECTOR('',#3438,1.);
#3438 = DIRECTION('',(-0.,-0.,1.));
#3439 = PCURVE('',#3440,#3445);
#3440 = CYLINDRICAL_SURFACE('',#3441,1.4);
#3441 = AXIS2_PLACEMENT_3D('',#3442,#3443,#3444);
#3442 = CARTESIAN_POINT('',(4.949747468306,-4.949747468306,0.));
#3443 = DIRECTION('',(-0.,-0.,1.));
#3444 = DIRECTION('',(1.,0.,0.));
#3445 = DEFINITIONAL_REPRESENTATION('',(#3446),#3450);
#3446 = LINE('',#3447,#3448);
#3447 = CARTESIAN_POINT('',(6.28318530718,0.));
#3448 = VECTOR('',#3449,1.);
#3449 = DIRECTION('',(0.,1.));
#3450 = ( GEOMETRIC_REPRESENTATION_CONTEXT(2) 
PARAMETRIC_REPRESENTATION_CONTEXT() REPRESENTATION_CONTEXT('2D SPACE',''
  ) );
#3451 = PCURVE('',#3452,#3457);
#3452 = CYLINDRICAL_SURFACE('',#3453,1.4);
#3453 = AXIS2_PLACEMENT_3D('',#3454,#3455,#3456);
#3454 = CARTESIAN_POINT('',(4.949747468306,-4.949747468306,0.));
#3455 = DIRECTION('',(-0.,-0.,1.));
#3456 = DIRECTION('',(1.,0.,0.));
#3457 = DEFINITIONAL_REPRESENTATION('',(#3458),#3462);
#3458 = LINE('',#3459,#3460);
#3459 = CARTESIAN_POINT('',(0.,0.));
#3460 = VECTOR('',#3461,1.);
#3461 = DIRECTION('',(0.,1.));
#3462 = ( GEOMETRIC_REPRESENTATION_CONTEXT(2) 
PARAMETRIC_REPRESENTATION_CONTEXT() REPRESENTATION_CONTEXT('2D SPACE',''
  ) );
#3463 = ORIENTED_EDGE('',*,*,#3464,.F.);
#3464 = EDGE_CURVE('',#3465,#3432,#3467,.T.);
#3465 = VERTEX_POINT('',#3466);
#3466 = CARTESIAN_POINT('',(3.549747468306,-4.949747468306,10.));
#3467 = SURFACE_CURVE('',#3468,(#3473,#3480),.PCURVE_S1.);
#3468 = CIRCLE('',#3469,1.4);
#3469 = AXIS2_PLACEMENT_3D('',#3470,#3471,#3472);
#3470 = CARTESIAN_POINT('',(4.949747468306,-4.949747468306,10.));
#3471 = DIRECTION('',(0.,0.,1.));
#3472 = DIRECTION('',(1.,0.,-0.));
#3473 = PCURVE('',#3440,#3474);
#3474 = DEFINITIONAL_REPRESENTATION('',(#3475),#3479);
#3475 = LINE('',#3476,#3477);
#3476 = CARTESIAN_POINT('',(0.,10.));
#3477 = VECTOR('',#3478,1.);
#3478 = DIRECTION('',(1.,0.));
#3479 = ( GEOMETRIC_REPRESENTATION_CONTEXT(2) 
PARAMETRIC_REPRESENTATION_CONTEXT() REPRESENTATION_CONTEXT('2D SPACE',''
  ) );
#3480 = PCURVE('',#356,#3481);
#3481 = DEFINITIONAL_REPRESENTATION('',(#3482),#3486);
#3482 = CIRCLE('',#3483,1.4);
#3483 = AXIS2_PLACEMENT_2D('',#3484,#3485);
#3484 = CARTESIAN_POINT('',(4.949747468306,-4.949747468306));
#3485 = DIRECTION('',(1.,0.));
#3486 = ( GEOMETRIC_REPRESENTATION_CONTEXT(2) 
PARAMETRIC_REPRESENTATION_CONTEXT() REPRESENTATION_CONTEXT('2D SPACE',''
  ) );
#3487 = ORIENTED_EDGE('',*,*,#3488,.F.);
#3488 = EDGE_CURVE('',#3489,#3465,#3491,.T.);
#3489 = VERTEX_POINT('',#3490);
#3490 = CARTESIAN_POINT('',(3.549747468306,-4.949747468306,0.));
#3491 = SURFACE_CURVE('',#3492,(#3496,#3503),.PCURVE_S1.);
#3492 = LINE('',#3493,#3494);
#3493 = CARTESIAN_POINT('',(3.549747468306,-4.949747468306,0.));
#3494 = VECTOR('',#3495,1.);
#3495 = DIRECTION('',(-0.,-0.,1.));
#3496 = PCURVE('',#3440,#3497);
#3497 = DEFINITIONAL_REPRESENTATION('',(#3498),#3502);
#3498 = LINE('',#3499,#3500);
#3499 = CARTESIAN_POINT('',(3.14159265359,0.));
#3500 = VECTOR('',#3501,1.);
#3501 = DIRECTION('',(0.,1.));
#3502 = ( GEOMETRIC_REPRESENTATION_CONTEXT(2) 
PARAMETRIC_REPRESENTATION_CONTEXT() REPRESENTATION_CONTEXT('2D SPACE',''
  ) );
#3503 = PCURVE('',#3452,#3504);
#3504 = DEFINITIONAL_REPRESENTATION('',(#3505),#3509);
#3505 = LINE('',#3506,#3507);
#3506 = CARTESIAN_POINT('',(3.14159265359,0.));
#3507 = VECTOR('',#3508,1.);
#3508 = DIRECTION('',(0.,1.));
#3509 = ( GEOMETRIC_REPRESENTATION_CONTEXT(2) 
PARAMETRIC_REPRESENTATION_CONTEXT() REPRESENTATION_CONTEXT('2D SPACE',''
  ) );
#3510 = ORIENTED_EDGE('',*,*,#3511,.T.);
#3511 = EDGE_CURVE('',#3489,#3430,#3512,.T.);
#3512 = SURFACE_CURVE('',#3513,(#3518,#3525),.PCURVE_S1.);
#3513 = CIRCLE('',#3514,1.4);
#3514 = AXIS2_PLACEMENT_3D('',#3515,#3516,#3517);
#3515 = CARTESIAN_POINT('',(4.949747468306,-4.949747468306,0.));
#3516 = DIRECTION('',(0.,0.,1.));
#3517 = DIRECTION('',(1.,0.,-0.));
#3518 = PCURVE('',#3440,#3519);
#3519 = DEFINITIONAL_REPRESENTATION('',(#3520),#3524);
#3520 = LINE('',#3521,#3522);
#3521 = CARTESIAN_POINT('',(0.,0.));
#3522 = VECTOR('',#3523,1.);
#3523 = DIRECTION('',(1.,0.));
#3524 = ( GEOMETRIC_REPRESENTATION_CONTEXT(2) 
PARAMETRIC_REPRESENTATION_CONTEXT() REPRESENTATION_CONTEXT('2D SPACE',''
  ) );
#3525 = PCURVE('',#128,#3526);
#3526 = DEFINITIONAL_REPRESENTATION('',(#3527),#3531);
#3527 = CIRCLE('',#3528,1.4);
#3528 = AXIS2_PLACEMENT_2D('',#3529,#3530);
#3529 = CARTESIAN_POINT('',(4.949747468306,-4.949747468306));
#3530 = DIRECTION('',(1.,0.));
#3531 = ( GEOMETRIC_REPRESENTATION_CONTEXT(2) 
PARAMETRIC_REPRESENTATION_CONTEXT() REPRESENTATION_CONTEXT('2D SPACE',''
  ) );
#3532 = ADVANCED_FACE('',(#3533),#3547,.F.);
#3533 = FACE_BOUND('',#3534,.F.);
#3534 = EDGE_LOOP('',(#3535,#3570,#3594,#3617));
#3535 = ORIENTED_EDGE('',*,*,#3536,.T.);
#3536 = EDGE_CURVE('',#3537,#3539,#3541,.T.);
#3537 = VERTEX_POINT('',#3538);
#3538 = CARTESIAN_POINT('',(8.4,-1.222768890124E-13,0.));
#3539 = VERTEX_POINT('',#3540);
#3540 = CARTESIAN_POINT('',(8.4,-1.222768890124E-13,10.));
#3541 = SURFACE_CURVE('',#3542,(#3546,#3558),.PCURVE_S1.);
#3542 = LINE('',#3543,#3544);
#3543 = CARTESIAN_POINT('',(8.4,-1.222768890124E-13,0.));
#3544 = VECTOR('',#3545,1.);
#3545 = DIRECTION('',(-0.,-0.,1.));
#3546 = PCURVE('',#3547,#3552);
#3547 = CYLINDRICAL_SURFACE('',#3548,1.4);
#3548 = AXIS2_PLACEMENT_3D('',#3549,#3550,#3551);
#3549 = CARTESIAN_POINT('',(7.,-1.222768890124E-13,0.));
#3550 = DIRECTION('',(-0.,-0.,1.));
#3551 = DIRECTION('',(1.,0.,0.));
#3552 = DEFINITIONAL_REPRESENTATION('',(#3553),#3557);
#3553 = LINE('',#3554,#3555);
#3554 = CARTESIAN_POINT('',(6.28318530718,0.));
#3555 = VECTOR('',#3556,1.);
#3556 = DIRECTION('',(0.,1.));
#3557 = ( GEOMETRIC_REPRESENTATION_CONTEXT(2) 
PARAMETRIC_REPRESENTATION_CONTEXT() REPRESENTATION_CONTEXT('2D SPACE',''
  ) );
#3558 = PCURVE('',#3559,#3564);
#3559 = CYLINDRICAL_SURFACE('',#3560,1.4);
#3560 = AXIS2_PLACEMENT_3D('',#3561,#3562,#3563);
#3561 = CARTESIAN_POINT('',(7.,-1.222768890124E-13,0.));
#3562 = DIRECTION('',(-0.,-0.,1.));
#3563 = DIRECTION('',(1.,0.,0.));
#3564 = DEFINITIONAL_REPRESENTATION('',(#3565),#3569);
#3565 = LINE('',#3566,#3567);
#3566 = CARTESIAN_POINT('',(0.,0.));
#3567 = VECTOR('',#3568,1.);
#3568 = DIRECTION('',(0.,1.));
#3569 = ( GEOMETRIC_REPRESENTATION_CONTEXT(2) 
PARAMETRIC_REPRESENTATION_CONTEXT() REPRESENTATION_CONTEXT('2D SPACE',''
  ) );
#3570 = ORIENTED_EDGE('',*,*,#3571,.F.);
#3571 = EDGE_CURVE('',#3572,#3539,#3574,.T.);
#3572 = VERTEX_POINT('',#3573);
#3573 = CARTESIAN_POINT('',(5.6,-1.221054384605E-13,10.));
#3574 = SURFACE_CURVE('',#3575,(#3580,#3587),.PCURVE_S1.);
#3575 = CIRCLE('',#3576,1.4);
#3576 = AXIS2_PLACEMENT_3D('',#3577,#3578,#3579);
#3577 = CARTESIAN_POINT('',(7.,-1.222768890124E-13,10.));
#3578 = DIRECTION('',(0.,0.,1.));
#3579 = DIRECTION('',(1.,0.,-0.));
#3580 = PCURVE('',#3547,#3581);
#3581 = DEFINITIONAL_REPRESENTATION('',(#3582),#3586);
#3582 = LINE('',#3583,#3584);
#3583 = CARTESIAN_POINT('',(0.,10.));
#3584 = VECTOR('',#3585,1.);
#3585 = DIRECTION('',(1.,0.));
#3586 = ( GEOMETRIC_REPRESENTATION_CONTEXT(2) 
PARAMETRIC_REPRESENTATION_CONTEXT() REPRESENTATION_CONTEXT('2D SPACE',''
  ) );
#3587 = PCURVE('',#356,#3588);
#3588 = DEFINITIONAL_REPRESENTATION('',(#3589),#3593);
#3589 = CIRCLE('',#3590,1.4);
#3590 = AXIS2_PLACEMENT_2D('',#3591,#3592);
#3591 = CARTESIAN_POINT('',(7.,-1.222768890124E-13));
#3592 = DIRECTION('',(1.,0.));
#3593 = ( GEOMETRIC_REPRESENTATION_CONTEXT(2) 
PARAMETRIC_REPRESENTATION_CONTEXT() REPRESENTATION_CONTEXT('2D SPACE',''
  ) );
#3594 = ORIENTED_EDGE('',*,*,#3595,.F.);
#3595 = EDGE_CURVE('',#3596,#3572,#3598,.T.);
#3596 = VERTEX_POINT('',#3597);
#3597 = CARTESIAN_POINT('',(5.6,-1.221054384605E-13,0.));
#3598 = SURFACE_CURVE('',#3599,(#3603,#3610),.PCURVE_S1.);
#3599 = LINE('',#3600,#3601);
#3600 = CARTESIAN_POINT('',(5.6,-1.221054384605E-13,0.));
#3601 = VECTOR('',#3602,1.);
#3602 = DIRECTION('',(-0.,-0.,1.));
#3603 = PCURVE('',#3547,#3604);
#3604 = DEFINITIONAL_REPRESENTATION('',(#3605),#3609);
#3605 = LINE('',#3606,#3607);
#3606 = CARTESIAN_POINT('',(3.14159265359,0.));
#3607 = VECTOR('',#3608,1.);
#3608 = DIRECTION('',(0.,1.));
#3609 = ( GEOMETRIC_REPRESENTATION_CONTEXT(2) 
PARAMETRIC_REPRESENTATION_CONTEXT() REPRESENTATION_CONTEXT('2D SPACE',''
  ) );
#3610 = PCURVE('',#3559,#3611);
#3611 = DEFINITIONAL_REPRESENTATION('',(#3612),#3616);
#3612 = LINE('',#3613,#3614);
#3613 = CARTESIAN_POINT('',(3.14159265359,0.));
#3614 = VECTOR('',#3615,1.);
#3615 = DIRECTION('',(0.,1.));
#3616 = ( GEOMETRIC_REPRESENTATION_CONTEXT(2) 
PARAMETRIC_REPRESENTATION_CONTEXT() REPRESENTATION_CONTEXT('2D SPACE',''
  ) );
#3617 = ORIENTED_EDGE('',*,*,#3618,.T.);
#3618 = EDGE_CURVE('',#3596,#3537,#3619,.T.);
#3619 = SURFACE_CURVE('',#3620,(#3625,#3632),.PCURVE_S1.);
#3620 = CIRCLE('',#3621,1.4);
#3621 = AXIS2_PLACEMENT_3D('',#3622,#3623,#3624);
#3622 = CARTESIAN_POINT('',(7.,-1.222768890124E-13,0.));
#3623 = DIRECTION('',(0.,0.,1.));
#3624 = DIRECTION('',(1.,0.,-0.));
#3625 = PCURVE('',#3547,#3626);
#3626 = DEFINITIONAL_REPRESENTATION('',(#3627),#3631);
#3627 = LINE('',#3628,#3629);
#3628 = CARTESIAN_POINT('',(0.,0.));
#3629 = VECTOR('',#3630,1.);
#3630 = DIRECTION('',(1.,0.));
#3631 = ( GEOMETRIC_REPRESENTATION_CONTEXT(2) 
PARAMETRIC_REPRESENTATION_CONTEXT() REPRESENTATION_CONTEXT('2D SPACE',''
  ) );
#3632 = PCURVE('',#128,#3633);
#3633 = DEFINITIONAL_REPRESENTATION('',(#3634),#3638);
#3634 = CIRCLE('',#3635,1.4);
#3635 = AXIS2_PLACEMENT_2D('',#3636,#3637);
#3636 = CARTESIAN_POINT('',(7.,-1.222768890124E-13));
#3637 = DIRECTION('',(1.,0.));
#3638 = ( GEOMETRIC_REPRESENTATION_CONTEXT(2) 
PARAMETRIC_REPRESENTATION_CONTEXT() REPRESENTATION_CONTEXT('2D SPACE',''
  ) );
#3639 = ADVANCED_FACE('',(#3640),#3654,.F.);
#3640 = FACE_BOUND('',#3641,.F.);
#3641 = EDGE_LOOP('',(#3642,#3677,#3701,#3724));
#3642 = ORIENTED_EDGE('',*,*,#3643,.T.);
#3643 = EDGE_CURVE('',#3644,#3646,#3648,.T.);
#3644 = VERTEX_POINT('',#3645);
#3645 = CARTESIAN_POINT('',(6.349747468306,4.949747468306,0.));
#3646 = VERTEX_POINT('',#3647);
#3647 = CARTESIAN_POINT('',(6.349747468306,4.949747468306,10.));
#3648 = SURFACE_CURVE('',#3649,(#3653,#3665),.PCURVE_S1.);
#3649 = LINE('',#3650,#3651);
#3650 = CARTESIAN_POINT('',(6.349747468306,4.949747468306,0.));
#3651 = VECTOR('',#3652,1.);
#3652 = DIRECTION('',(-0.,-0.,1.));
#3653 = PCURVE('',#3654,#3659);
#3654 = CYLINDRICAL_SURFACE('',#3655,1.4);
#3655 = AXIS2_PLACEMENT_3D('',#3656,#3657,#3658);
#3656 = CARTESIAN_POINT('',(4.949747468306,4.949747468306,0.));
#3657 = DIRECTION('',(-0.,-0.,1.));
#3658 = DIRECTION('',(1.,0.,0.));
#3659 = DEFINITIONAL_REPRESENTATION('',(#3660),#3664);
#3660 = LINE('',#3661,#3662);
#3661 = CARTESIAN_POINT('',(6.28318530718,0.));
#3662 = VECTOR('',#3663,1.);
#3663 = DIRECTION('',(0.,1.));
#3664 = ( GEOMETRIC_REPRESENTATION_CONTEXT(2) 
PARAMETRIC_REPRESENTATION_CONTEXT() REPRESENTATION_CONTEXT('2D SPACE',''
  ) );
#3665 = PCURVE('',#3666,#3671);
#3666 = CYLINDRICAL_SURFACE('',#3667,1.4);
#3667 = AXIS2_PLACEMENT_3D('',#3668,#3669,#3670);
#3668 = CARTESIAN_POINT('',(4.949747468306,4.949747468306,0.));
#3669 = DIRECTION('',(-0.,-0.,1.));
#3670 = DIRECTION('',(1.,0.,0.));
#3671 = DEFINITIONAL_REPRESENTATION('',(#3672),#3676);
#3672 = LINE('',#3673,#3674);
#3673 = CARTESIAN_POINT('',(0.,0.));
#3674 = VECTOR('',#3675,1.);
#3675 = DIRECTION('',(0.,1.));
#3676 = ( GEOMETRIC_REPRESENTATION_CONTEXT(2) 
PARAMETRIC_REPRESENTATION_CONTEXT() REPRESENTATION_CONTEXT('2D SPACE',''
  ) );
#3677 = ORIENTED_EDGE('',*,*,#3678,.F.);
#3678 = EDGE_CURVE('',#3679,#3646,#3681,.T.);
#3679 = VERTEX_POINT('',#3680);
#3680 = CARTESIAN_POINT('',(3.549747468306,4.949747468306,10.));
#3681 = SURFACE_CURVE('',#3682,(#3687,#3694),.PCURVE_S1.);
#3682 = CIRCLE('',#3683,1.4);
#3683 = AXIS2_PLACEMENT_3D('',#3684,#3685,#3686);
#3684 = CARTESIAN_POINT('',(4.949747468306,4.949747468306,10.));
#3685 = DIRECTION('',(0.,0.,1.));
#3686 = DIRECTION('',(1.,0.,-0.));
#3687 = PCURVE('',#3654,#3688);
#3688 = DEFINITIONAL_REPRESENTATION('',(#3689),#3693);
#3689 = LINE('',#3690,#3691);
#3690 = CARTESIAN_POINT('',(0.,10.));
#3691 = VECTOR('',#3692,1.);
#3692 = DIRECTION('',(1.,0.));
#3693 = ( GEOMETRIC_REPRESENTATION_CONTEXT(2) 
PARAMETRIC_REPRESENTATION_CONTEXT() REPRESENTATION_CONTEXT('2D SPACE',''
  ) );
#3694 = PCURVE('',#356,#3695);
#3695 = DEFINITIONAL_REPRESENTATION('',(#3696),#3700);
#3696 = CIRCLE('',#3697,1.4);
#3697 = AXIS2_PLACEMENT_2D('',#3698,#3699);
#3698 = CARTESIAN_POINT('',(4.949747468306,4.949747468306));
#3699 = DIRECTION('',(1.,0.));
#3700 = ( GEOMETRIC_REPRESENTATION_CONTEXT(2) 
PARAMETRIC_REPRESENTATION_CONTEXT() REPRESENTATION_CONTEXT('2D SPACE',''
  ) );
#3701 = ORIENTED_EDGE('',*,*,#3702,.F.);
#3702 = EDGE_CURVE('',#3703,#3679,#3705,.T.);
#3703 = VERTEX_POINT('',#3704);
#3704 = CARTESIAN_POINT('',(3.549747468306,4.949747468306,0.));
#3705 = SURFACE_CURVE('',#3706,(#3710,#3717),.PCURVE_S1.);
#3706 = LINE('',#3707,#3708);
#3707 = CARTESIAN_POINT('',(3.549747468306,4.949747468306,0.));
#3708 = VECTOR('',#3709,1.);
#3709 = DIRECTION('',(-0.,-0.,1.));
#3710 = PCURVE('',#3654,#3711);
#3711 = DEFINITIONAL_REPRESENTATION('',(#3712),#3716);
#3712 = LINE('',#3713,#3714);
#3713 = CARTESIAN_POINT('',(3.14159265359,0.));
#3714 = VECTOR('',#3715,1.);
#3715 = DIRECTION('',(0.,1.));
#3716 = ( GEOMETRIC_REPRESENTATION_CONTEXT(2) 
PARAMETRIC_REPRESENTATION_CONTEXT() REPRESENTATION_CONTEXT('2D SPACE',''
  ) );
#3717 = PCURVE('',#3666,#3718);
#3718 = DEFINITIONAL_REPRESENTATION('',(#3719),#3723);
#3719 = LINE('',#3720,#3721);
#3720 = CARTESIAN_POINT('',(3.14159265359,0.));
#3721 = VECTOR('',#3722,1.);
#3722 = DIRECTION('',(0.,1.));
#3723 = ( GEOMETRIC_REPRESENTATION_CONTEXT(2) 
PARAMETRIC_REPRESENTATION_CONTEXT() REPRESENTATION_CONTEXT('2D SPACE',''
  ) );
#3724 = ORIENTED_EDGE('',*,*,#3725,.T.);
#3725 = EDGE_CURVE('',#3703,#3644,#3726,.T.);
#3726 = SURFACE_CURVE('',#3727,(#3732,#3739),.PCURVE_S1.);
#3727 = CIRCLE('',#3728,1.4);
#3728 = AXIS2_PLACEMENT_3D('',#3729,#3730,#3731);
#3729 = CARTESIAN_POINT('',(4.949747468306,4.949747468306,0.));
#3730 = DIRECTION('',(0.,0.,1.));
#3731 = DIRECTION('',(1.,0.,-0.));
#3732 = PCURVE('',#3654,#3733);
#3733 = DEFINITIONAL_REPRESENTATION('',(#3734),#3738);
#3734 = LINE('',#3735,#3736);
#3735 = CARTESIAN_POINT('',(0.,0.));
#3736 = VECTOR('',#3737,1.);
#3737 = DIRECTION('',(1.,0.));
#3738 = ( GEOMETRIC_REPRESENTATION_CONTEXT(2) 
PARAMETRIC_REPRESENTATION_CONTEXT() REPRESENTATION_CONTEXT('2D SPACE',''
  ) );
#3739 = PCURVE('',#128,#3740);
#3740 = DEFINITIONAL_REPRESENTATION('',(#3741),#3745);
#3741 = CIRCLE('',#3742,1.4);
#3742 = AXIS2_PLACEMENT_2D('',#3743,#3744);
#3743 = CARTESIAN_POINT('',(4.949747468306,4.949747468306));
#3744 = DIRECTION('',(1.,0.));
#3745 = ( GEOMETRIC_REPRESENTATION_CONTEXT(2) 
PARAMETRIC_REPRESENTATION_CONTEXT() REPRESENTATION_CONTEXT('2D SPACE',''
  ) );
#3746 = ADVANCED_FACE('',(#3747),#3761,.F.);
#3747 = FACE_BOUND('',#3748,.F.);
#3748 = EDGE_LOOP('',(#3749,#3784,#3808,#3831));
#3749 = ORIENTED_EDGE('',*,*,#3750,.T.);
#3750 = EDGE_CURVE('',#3751,#3753,#3755,.T.);
#3751 = VERTEX_POINT('',#3752);
#3752 = CARTESIAN_POINT('',(1.4,7.,0.));
#3753 = VERTEX_POINT('',#3754);
#3754 = CARTESIAN_POINT('',(1.4,7.,10.));
#3755 = SURFACE_CURVE('',#3756,(#3760,#3772),.PCURVE_S1.);
#3756 = LINE('',#3757,#3758);
#3757 = CARTESIAN_POINT('',(1.4,7.,0.));
#3758 = VECTOR('',#3759,1.);
#3759 = DIRECTION('',(-0.,-0.,1.));
#3760 = PCURVE('',#3761,#3766);
#3761 = CYLINDRICAL_SURFACE('',#3762,1.4);
#3762 = AXIS2_PLACEMENT_3D('',#3763,#3764,#3765);
#3763 = CARTESIAN_POINT('',(5.819878144328E-16,7.,0.));
#3764 = DIRECTION('',(-0.,-0.,1.));
#3765 = DIRECTION('',(1.,0.,0.));
#3766 = DEFINITIONAL_REPRESENTATION('',(#3767),#3771);
#3767 = LINE('',#3768,#3769);
#3768 = CARTESIAN_POINT('',(6.28318530718,0.));
#3769 = VECTOR('',#3770,1.);
#3770 = DIRECTION('',(0.,1.));
#3771 = ( GEOMETRIC_REPRESENTATION_CONTEXT(2) 
PARAMETRIC_REPRESENTATION_CONTEXT() REPRESENTATION_CONTEXT('2D SPACE',''
  ) );
#3772 = PCURVE('',#3773,#3778);
#3773 = CYLINDRICAL_SURFACE('',#3774,1.4);
#3774 = AXIS2_PLACEMENT_3D('',#3775,#3776,#3777);
#3775 = CARTESIAN_POINT('',(5.819878144328E-16,7.,0.));
#3776 = DIRECTION('',(-0.,-0.,1.));
#3777 = DIRECTION('',(1.,0.,0.));
#3778 = DEFINITIONAL_REPRESENTATION('',(#3779),#3783);
#3779 = LINE('',#3780,#3781);
#3780 = CARTESIAN_POINT('',(0.,0.));
#3781 = VECTOR('',#3782,1.);
#3782 = DIRECTION('',(0.,1.));
#3783 = ( GEOMETRIC_REPRESENTATION_CONTEXT(2) 
PARAMETRIC_REPRESENTATION_CONTEXT() REPRESENTATION_CONTEXT('2D SPACE',''
  ) );
#3784 = ORIENTED_EDGE('',*,*,#3785,.F.);
#3785 = EDGE_CURVE('',#3786,#3753,#3788,.T.);
#3786 = VERTEX_POINT('',#3787);
#3787 = CARTESIAN_POINT('',(-1.4,7.,10.));
#3788 = SURFACE_CURVE('',#3789,(#3794,#3801),.PCURVE_S1.);
#3789 = CIRCLE('',#3790,1.4);
#3790 = AXIS2_PLACEMENT_3D('',#3791,#3792,#3793);
#3791 = CARTESIAN_POINT('',(5.819878144328E-16,7.,10.));
#3792 = DIRECTION('',(0.,0.,1.));
#3793 = DIRECTION('',(1.,0.,-0.));
#3794 = PCURVE('',#3761,#3795);
#3795 = DEFINITIONAL_REPRESENTATION('',(#3796),#3800);
#3796 = LINE('',#3797,#3798);
#3797 = CARTESIAN_POINT('',(0.,10.));
#3798 = VECTOR('',#3799,1.);
#3799 = DIRECTION('',(1.,0.));
#3800 = ( GEOMETRIC_REPRESENTATION_CONTEXT(2) 
PARAMETRIC_REPRESENTATION_CONTEXT() REPRESENTATION_CONTEXT('2D SPACE',''
  ) );
#3801 = PCURVE('',#356,#3802);
#3802 = DEFINITIONAL_REPRESENTATION('',(#3803),#3807);
#3803 = CIRCLE('',#3804,1.4);
#3804 = AXIS2_PLACEMENT_2D('',#3805,#3806);
#3805 = CARTESIAN_POINT('',(5.819878144328E-16,7.));
#3806 = DIRECTION('',(1.,0.));
#3807 = ( GEOMETRIC_REPRESENTATION_CONTEXT(2) 
PARAMETRIC_REPRESENTATION_CONTEXT() REPRESENTATION_CONTEXT('2D SPACE',''
  ) );
#3808 = ORIENTED_EDGE('',*,*,#3809,.F.);
#3809 = EDGE_CURVE('',#3810,#3786,#3812,.T.);
#3810 = VERTEX_POINT('',#3811);
#3811 = CARTESIAN_POINT('',(-1.4,7.,0.));
#3812 = SURFACE_CURVE('',#3813,(#3817,#3824),.PCURVE_S1.);
#3813 = LINE('',#3814,#3815);
#3814 = CARTESIAN_POINT('',(-1.4,7.,0.));
#3815 = VECTOR('',#3816,1.);
#3816 = DIRECTION('',(-0.,-0.,1.));
#3817 = PCURVE('',#3761,#3818);
#3818 = DEFINITIONAL_REPRESENTATION('',(#3819),#3823);
#3819 = LINE('',#3820,#3821);
#3820 = CARTESIAN_POINT('',(3.14159265359,0.));
#3821 = VECTOR('',#3822,1.);
#3822 = DIRECTION('',(0.,1.));
#3823 = ( GEOMETRIC_REPRESENTATION_CONTEXT(2) 
PARAMETRIC_REPRESENTATION_CONTEXT() REPRESENTATION_CONTEXT('2D SPACE',''
  ) );
#3824 = PCURVE('',#3773,#3825);
#3825 = DEFINITIONAL_REPRESENTATION('',(#3826),#3830);
#3826 = LINE('',#3827,#3828);
#3827 = CARTESIAN_POINT('',(3.14159265359,0.));
#3828 = VECTOR('',#3829,1.);
#3829 = DIRECTION('',(0.,1.));
#3830 = ( GEOMETRIC_REPRESENTATION_CONTEXT(2) 
PARAMETRIC_REPRESENTATION_CONTEXT() REPRESENTATION_CONTEXT('2D SPACE',''
  ) );
#3831 = ORIENTED_EDGE('',*,*,#3832,.T.);
#3832 = EDGE_CURVE('',#3810,#3751,#3833,.T.);
#3833 = SURFACE_CURVE('',#3834,(#3839,#3846),.PCURVE_S1.);
#3834 = CIRCLE('',#3835,1.4);
#3835 = AXIS2_PLACEMENT_3D('',#3836,#3837,#3838);
#3836 = CARTESIAN_POINT('',(5.819878144328E-16,7.,0.));
#3837 = DIRECTION('',(0.,0.,1.));
#3838 = DIRECTION('',(1.,0.,-0.));
#3839 = PCURVE('',#3761,#3840);
#3840 = DEFINITIONAL_REPRESENTATION('',(#3841),#3845);
#3841 = LINE('',#3842,#3843);
#3842 = CARTESIAN_POINT('',(0.,0.));
#3843 = VECTOR('',#3844,1.);
#3844 = DIRECTION('',(1.,0.));
#3845 = ( GEOMETRIC_REPRESENTATION_CONTEXT(2) 
PARAMETRIC_REPRESENTATION_CONTEXT() REPRESENTATION_CONTEXT('2D SPACE',''
  ) );
#3846 = PCURVE('',#128,#3847);
#3847 = DEFINITIONAL_REPRESENTATION('',(#3848),#3852);
#3848 = CIRCLE('',#3849,1.4);
#3849 = AXIS2_PLACEMENT_2D('',#3850,#3851);
#3850 = CARTESIAN_POINT('',(5.819878144328E-16,7.));
#3851 = DIRECTION('',(1.,0.));
#3852 = ( GEOMETRIC_REPRESENTATION_CONTEXT(2) 
PARAMETRIC_REPRESENTATION_CONTEXT() REPRESENTATION_CONTEXT('2D SPACE',''
  ) );
#3853 = ADVANCED_FACE('',(#3854),#3868,.F.);
#3854 = FACE_BOUND('',#3855,.F.);
#3855 = EDGE_LOOP('',(#3856,#3891,#3915,#3943));
#3856 = ORIENTED_EDGE('',*,*,#3857,.T.);
#3857 = EDGE_CURVE('',#3858,#3860,#3862,.T.);
#3858 = VERTEX_POINT('',#3859);
#3859 = CARTESIAN_POINT('',(-26.65,0.,11.));
#3860 = VERTEX_POINT('',#3861);
#3861 = CARTESIAN_POINT('',(-26.65,0.,10.));
#3862 = SURFACE_CURVE('',#3863,(#3867,#3879),.PCURVE_S1.);
#3863 = LINE('',#3864,#3865);
#3864 = CARTESIAN_POINT('',(-26.65,0.,11.));
#3865 = VECTOR('',#3866,1.);
#3866 = DIRECTION('',(-0.,-0.,-1.));
#3867 = PCURVE('',#3868,#3873);
#3868 = CYLINDRICAL_SURFACE('',#3869,26.65);
#3869 = AXIS2_PLACEMENT_3D('',#3870,#3871,#3872);
#3870 = CARTESIAN_POINT('',(0.,0.,11.));
#3871 = DIRECTION('',(-0.,-0.,-1.));
#3872 = DIRECTION('',(-1.,0.,0.));
#3873 = DEFINITIONAL_REPRESENTATION('',(#3874),#3878);
#3874 = LINE('',#3875,#3876);
#3875 = CARTESIAN_POINT('',(6.28318530718,0.));
#3876 = VECTOR('',#3877,1.);
#3877 = DIRECTION('',(0.,1.));
#3878 = ( GEOMETRIC_REPRESENTATION_CONTEXT(2) 
PARAMETRIC_REPRESENTATION_CONTEXT() REPRESENTATION_CONTEXT('2D SPACE',''
  ) );
#3879 = PCURVE('',#3880,#3885);
#3880 = CYLINDRICAL_SURFACE('',#3881,26.65);
#3881 = AXIS2_PLACEMENT_3D('',#3882,#3883,#3884);
#3882 = CARTESIAN_POINT('',(0.,0.,11.));
#3883 = DIRECTION('',(-0.,-0.,-1.));
#3884 = DIRECTION('',(-1.,0.,0.));
#3885 = DEFINITIONAL_REPRESENTATION('',(#3886),#3890);
#3886 = LINE('',#3887,#3888);
#3887 = CARTESIAN_POINT('',(0.,0.));
#3888 = VECTOR('',#3889,1.);
#3889 = DIRECTION('',(0.,1.));
#3890 = ( GEOMETRIC_REPRESENTATION_CONTEXT(2) 
PARAMETRIC_REPRESENTATION_CONTEXT() REPRESENTATION_CONTEXT('2D SPACE',''
  ) );
#3891 = ORIENTED_EDGE('',*,*,#3892,.T.);
#3892 = EDGE_CURVE('',#3860,#3893,#3895,.T.);
#3893 = VERTEX_POINT('',#3894);
#3894 = CARTESIAN_POINT('',(26.65,3.263683719728E-15,10.));
#3895 = SURFACE_CURVE('',#3896,(#3901,#3908),.PCURVE_S1.);
#3896 = CIRCLE('',#3897,26.65);
#3897 = AXIS2_PLACEMENT_3D('',#3898,#3899,#3900);
#3898 = CARTESIAN_POINT('',(0.,0.,10.));
#3899 = DIRECTION('',(0.,0.,1.));
#3900 = DIRECTION('',(1.,0.,-0.));
#3901 = PCURVE('',#3868,#3902);
#3902 = DEFINITIONAL_REPRESENTATION('',(#3903),#3907);
#3903 = LINE('',#3904,#3905);
#3904 = CARTESIAN_POINT('',(9.424777960769,1.));
#3905 = VECTOR('',#3906,1.);
#3906 = DIRECTION('',(-1.,0.));
#3907 = ( GEOMETRIC_REPRESENTATION_CONTEXT(2) 
PARAMETRIC_REPRESENTATION_CONTEXT() REPRESENTATION_CONTEXT('2D SPACE',''
  ) );
#3908 = PCURVE('',#356,#3909);
#3909 = DEFINITIONAL_REPRESENTATION('',(#3910),#3914);
#3910 = CIRCLE('',#3911,26.65);
#3911 = AXIS2_PLACEMENT_2D('',#3912,#3913);
#3912 = CARTESIAN_POINT('',(0.,0.));
#3913 = DIRECTION('',(1.,0.));
#3914 = ( GEOMETRIC_REPRESENTATION_CONTEXT(2) 
PARAMETRIC_REPRESENTATION_CONTEXT() REPRESENTATION_CONTEXT('2D SPACE',''
  ) );
#3915 = ORIENTED_EDGE('',*,*,#3916,.F.);
#3916 = EDGE_CURVE('',#3917,#3893,#3919,.T.);
#3917 = VERTEX_POINT('',#3918);
#3918 = CARTESIAN_POINT('',(26.65,3.263683719728E-15,11.));
#3919 = SURFACE_CURVE('',#3920,(#3924,#3931),.PCURVE_S1.);
#3920 = LINE('',#3921,#3922);
#3921 = CARTESIAN_POINT('',(26.65,3.263683719728E-15,11.));
#3922 = VECTOR('',#3923,1.);
#3923 = DIRECTION('',(-0.,-0.,-1.));
#3924 = PCURVE('',#3868,#3925);
#3925 = DEFINITIONAL_REPRESENTATION('',(#3926),#3930);
#3926 = LINE('',#3927,#3928);
#3927 = CARTESIAN_POINT('',(3.14159265359,0.));
#3928 = VECTOR('',#3929,1.);
#3929 = DIRECTION('',(0.,1.));
#3930 = ( GEOMETRIC_REPRESENTATION_CONTEXT(2) 
PARAMETRIC_REPRESENTATION_CONTEXT() REPRESENTATION_CONTEXT('2D SPACE',''
  ) );
#3931 = PCURVE('',#3932,#3937);
#3932 = CYLINDRICAL_SURFACE('',#3933,26.65);
#3933 = AXIS2_PLACEMENT_3D('',#3934,#3935,#3936);
#3934 = CARTESIAN_POINT('',(0.,0.,11.));
#3935 = DIRECTION('',(-0.,-0.,-1.));
#3936 = DIRECTION('',(-1.,0.,0.));
#3937 = DEFINITIONAL_REPRESENTATION('',(#3938),#3942);
#3938 = LINE('',#3939,#3940);
#3939 = CARTESIAN_POINT('',(3.14159265359,0.));
#3940 = VECTOR('',#3941,1.);
#3941 = DIRECTION('',(0.,1.));
#3942 = ( GEOMETRIC_REPRESENTATION_CONTEXT(2) 
PARAMETRIC_REPRESENTATION_CONTEXT() REPRESENTATION_CONTEXT('2D SPACE',''
  ) );
#3943 = ORIENTED_EDGE('',*,*,#3944,.F.);
#3944 = EDGE_CURVE('',#3858,#3917,#3945,.T.);
#3945 = SURFACE_CURVE('',#3946,(#3951,#3958),.PCURVE_S1.);
#3946 = CIRCLE('',#3947,26.65);
#3947 = AXIS2_PLACEMENT_3D('',#3948,#3949,#3950);
#3948 = CARTESIAN_POINT('',(0.,0.,11.));
#3949 = DIRECTION('',(0.,0.,1.));
#3950 = DIRECTION('',(1.,0.,-0.));
#3951 = PCURVE('',#3868,#3952);
#3952 = DEFINITIONAL_REPRESENTATION('',(#3953),#3957);
#3953 = LINE('',#3954,#3955);
#3954 = CARTESIAN_POINT('',(9.424777960769,0.));
#3955 = VECTOR('',#3956,1.);
#3956 = DIRECTION('',(-1.,0.));
#3957 = ( GEOMETRIC_REPRESENTATION_CONTEXT(2) 
PARAMETRIC_REPRESENTATION_CONTEXT() REPRESENTATION_CONTEXT('2D SPACE',''
  ) );
#3958 = PCURVE('',#3959,#3964);
#3959 = PLANE('',#3960);
#3960 = AXIS2_PLACEMENT_3D('',#3961,#3962,#3963);
#3961 = CARTESIAN_POINT('',(0.,0.,11.));
#3962 = DIRECTION('',(0.,0.,1.));
#3963 = DIRECTION('',(1.,0.,-0.));
#3964 = DEFINITIONAL_REPRESENTATION('',(#3965),#3969);
#3965 = CIRCLE('',#3966,26.65);
#3966 = AXIS2_PLACEMENT_2D('',#3967,#3968);
#3967 = CARTESIAN_POINT('',(0.,0.));
#3968 = DIRECTION('',(1.,0.));
#3969 = ( GEOMETRIC_REPRESENTATION_CONTEXT(2) 
PARAMETRIC_REPRESENTATION_CONTEXT() REPRESENTATION_CONTEXT('2D SPACE',''
  ) );
#3970 = ADVANCED_FACE('',(#3971),#3880,.F.);
#3971 = FACE_BOUND('',#3972,.F.);
#3972 = EDGE_LOOP('',(#3973,#4003,#4025,#4026));
#3973 = ORIENTED_EDGE('',*,*,#3974,.T.);
#3974 = EDGE_CURVE('',#3975,#3977,#3979,.T.);
#3975 = VERTEX_POINT('',#3976);
#3976 = CARTESIAN_POINT('',(-13.20556345137,23.148122902988,11.));
#3977 = VERTEX_POINT('',#3978);
#3978 = CARTESIAN_POINT('',(-13.20556345137,23.148122902988,10.));
#3979 = SURFACE_CURVE('',#3980,(#3984,#3991),.PCURVE_S1.);
#3980 = LINE('',#3981,#3982);
#3981 = CARTESIAN_POINT('',(-13.20556345137,23.148122902988,11.));
#3982 = VECTOR('',#3983,1.);
#3983 = DIRECTION('',(-0.,-0.,-1.));
#3984 = PCURVE('',#3880,#3985);
#3985 = DEFINITIONAL_REPRESENTATION('',(#3986),#3990);
#3986 = LINE('',#3987,#3988);
#3987 = CARTESIAN_POINT('',(1.052364854917,0.));
#3988 = VECTOR('',#3989,1.);
#3989 = DIRECTION('',(0.,1.));
#3990 = ( GEOMETRIC_REPRESENTATION_CONTEXT(2) 
PARAMETRIC_REPRESENTATION_CONTEXT() REPRESENTATION_CONTEXT('2D SPACE',''
  ) );
#3991 = PCURVE('',#3992,#3997);
#3992 = PLANE('',#3993);
#3993 = AXIS2_PLACEMENT_3D('',#3994,#3995,#3996);
#3994 = CARTESIAN_POINT('',(13.198981345114,23.151876629149,11.));
#3995 = DIRECTION('',(1.421621221833E-04,-0.999999989895,0.));
#3996 = DIRECTION('',(0.999999989895,1.421621221833E-04,0.));
#3997 = DEFINITIONAL_REPRESENTATION('',(#3998),#4002);
#3998 = LINE('',#3999,#4000);
#3999 = CARTESIAN_POINT('',(-26.4045450633,0.));
#4000 = VECTOR('',#4001,1.);
#4001 = DIRECTION('',(0.,-1.));
#4002 = ( GEOMETRIC_REPRESENTATION_CONTEXT(2) 
PARAMETRIC_REPRESENTATION_CONTEXT() REPRESENTATION_CONTEXT('2D SPACE',''
  ) );
#4003 = ORIENTED_EDGE('',*,*,#4004,.T.);
#4004 = EDGE_CURVE('',#3977,#3860,#4005,.T.);
#4005 = SURFACE_CURVE('',#4006,(#4011,#4018),.PCURVE_S1.);
#4006 = CIRCLE('',#4007,26.65);
#4007 = AXIS2_PLACEMENT_3D('',#4008,#4009,#4010);
#4008 = CARTESIAN_POINT('',(0.,0.,10.));
#4009 = DIRECTION('',(0.,0.,1.));
#4010 = DIRECTION('',(1.,0.,-0.));
#4011 = PCURVE('',#3880,#4012);
#4012 = DEFINITIONAL_REPRESENTATION('',(#4013),#4017);
#4013 = LINE('',#4014,#4015);
#4014 = CARTESIAN_POINT('',(3.14159265359,1.));
#4015 = VECTOR('',#4016,1.);
#4016 = DIRECTION('',(-1.,0.));
#4017 = ( GEOMETRIC_REPRESENTATION_CONTEXT(2) 
PARAMETRIC_REPRESENTATION_CONTEXT() REPRESENTATION_CONTEXT('2D SPACE',''
  ) );
#4018 = PCURVE('',#356,#4019);
#4019 = DEFINITIONAL_REPRESENTATION('',(#4020),#4024);
#4020 = CIRCLE('',#4021,26.65);
#4021 = AXIS2_PLACEMENT_2D('',#4022,#4023);
#4022 = CARTESIAN_POINT('',(0.,0.));
#4023 = DIRECTION('',(1.,0.));
#4024 = ( GEOMETRIC_REPRESENTATION_CONTEXT(2) 
PARAMETRIC_REPRESENTATION_CONTEXT() REPRESENTATION_CONTEXT('2D SPACE',''
  ) );
#4025 = ORIENTED_EDGE('',*,*,#3857,.F.);
#4026 = ORIENTED_EDGE('',*,*,#4027,.F.);
#4027 = EDGE_CURVE('',#3975,#3858,#4028,.T.);
#4028 = SURFACE_CURVE('',#4029,(#4034,#4041),.PCURVE_S1.);
#4029 = CIRCLE('',#4030,26.65);
#4030 = AXIS2_PLACEMENT_3D('',#4031,#4032,#4033);
#4031 = CARTESIAN_POINT('',(0.,0.,11.));
#4032 = DIRECTION('',(0.,0.,1.));
#4033 = DIRECTION('',(1.,0.,-0.));
#4034 = PCURVE('',#3880,#4035);
#4035 = DEFINITIONAL_REPRESENTATION('',(#4036),#4040);
#4036 = LINE('',#4037,#4038);
#4037 = CARTESIAN_POINT('',(3.14159265359,0.));
#4038 = VECTOR('',#4039,1.);
#4039 = DIRECTION('',(-1.,0.));
#4040 = ( GEOMETRIC_REPRESENTATION_CONTEXT(2) 
PARAMETRIC_REPRESENTATION_CONTEXT() REPRESENTATION_CONTEXT('2D SPACE',''
  ) );
#4041 = PCURVE('',#3959,#4042);
#4042 = DEFINITIONAL_REPRESENTATION('',(#4043),#4047);
#4043 = CIRCLE('',#4044,26.65);
#4044 = AXIS2_PLACEMENT_2D('',#4045,#4046);
#4045 = CARTESIAN_POINT('',(0.,0.));
#4046 = DIRECTION('',(1.,0.));
#4047 = ( GEOMETRIC_REPRESENTATION_CONTEXT(2) 
PARAMETRIC_REPRESENTATION_CONTEXT() REPRESENTATION_CONTEXT('2D SPACE',''
  ) );
#4048 = ADVANCED_FACE('',(#4049),#4064,.T.);
#4049 = FACE_BOUND('',#4050,.T.);
#4050 = EDGE_LOOP('',(#4051,#4082,#4110,#4134));
#4051 = ORIENTED_EDGE('',*,*,#4052,.F.);
#4052 = EDGE_CURVE('',#4053,#4055,#4057,.T.);
#4053 = VERTEX_POINT('',#4054);
#4054 = CARTESIAN_POINT('',(27.65,3.386148399642E-15,11.));
#4055 = VERTEX_POINT('',#4056);
#4056 = CARTESIAN_POINT('',(14.43947499192,23.580162466737,11.));
#4057 = SURFACE_CURVE('',#4058,(#4063,#4075),.PCURVE_S1.);
#4058 = CIRCLE('',#4059,27.65);
#4059 = AXIS2_PLACEMENT_3D('',#4060,#4061,#4062);
#4060 = CARTESIAN_POINT('',(0.,0.,11.));
#4061 = DIRECTION('',(0.,0.,1.));
#4062 = DIRECTION('',(1.,0.,-0.));
#4063 = PCURVE('',#4064,#4069);
#4064 = CYLINDRICAL_SURFACE('',#4065,27.65);
#4065 = AXIS2_PLACEMENT_3D('',#4066,#4067,#4068);
#4066 = CARTESIAN_POINT('',(0.,0.,11.));
#4067 = DIRECTION('',(-0.,-0.,-1.));
#4068 = DIRECTION('',(-1.,0.,0.));
#4069 = DEFINITIONAL_REPRESENTATION('',(#4070),#4074);
#4070 = LINE('',#4071,#4072);
#4071 = CARTESIAN_POINT('',(3.14159265359,0.));
#4072 = VECTOR('',#4073,1.);
#4073 = DIRECTION('',(-1.,0.));
#4074 = ( GEOMETRIC_REPRESENTATION_CONTEXT(2) 
PARAMETRIC_REPRESENTATION_CONTEXT() REPRESENTATION_CONTEXT('2D SPACE',''
  ) );
#4075 = PCURVE('',#3959,#4076);
#4076 = DEFINITIONAL_REPRESENTATION('',(#4077),#4081);
#4077 = CIRCLE('',#4078,27.65);
#4078 = AXIS2_PLACEMENT_2D('',#4079,#4080);
#4079 = CARTESIAN_POINT('',(0.,0.));
#4080 = DIRECTION('',(1.,0.));
#4081 = ( GEOMETRIC_REPRESENTATION_CONTEXT(2) 
PARAMETRIC_REPRESENTATION_CONTEXT() REPRESENTATION_CONTEXT('2D SPACE',''
  ) );
#4082 = ORIENTED_EDGE('',*,*,#4083,.T.);
#4083 = EDGE_CURVE('',#4053,#4084,#4086,.T.);
#4084 = VERTEX_POINT('',#4085);
#4085 = CARTESIAN_POINT('',(27.65,3.386148399642E-15,10.));
#4086 = SURFACE_CURVE('',#4087,(#4091,#4098),.PCURVE_S1.);
#4087 = LINE('',#4088,#4089);
#4088 = CARTESIAN_POINT('',(27.65,3.386148399642E-15,11.));
#4089 = VECTOR('',#4090,1.);
#4090 = DIRECTION('',(-0.,-0.,-1.));
#4091 = PCURVE('',#4064,#4092);
#4092 = DEFINITIONAL_REPRESENTATION('',(#4093),#4097);
#4093 = LINE('',#4094,#4095);
#4094 = CARTESIAN_POINT('',(3.14159265359,0.));
#4095 = VECTOR('',#4096,1.);
#4096 = DIRECTION('',(0.,1.));
#4097 = ( GEOMETRIC_REPRESENTATION_CONTEXT(2) 
PARAMETRIC_REPRESENTATION_CONTEXT() REPRESENTATION_CONTEXT('2D SPACE',''
  ) );
#4098 = PCURVE('',#4099,#4104);
#4099 = CYLINDRICAL_SURFACE('',#4100,27.65);
#4100 = AXIS2_PLACEMENT_3D('',#4101,#4102,#4103);
#4101 = CARTESIAN_POINT('',(0.,0.,11.));
#4102 = DIRECTION('',(-0.,-0.,-1.));
#4103 = DIRECTION('',(-1.,0.,0.));
#4104 = DEFINITIONAL_REPRESENTATION('',(#4105),#4109);
#4105 = LINE('',#4106,#4107);
#4106 = CARTESIAN_POINT('',(3.14159265359,0.));
#4107 = VECTOR('',#4108,1.);
#4108 = DIRECTION('',(0.,1.));
#4109 = ( GEOMETRIC_REPRESENTATION_CONTEXT(2) 
PARAMETRIC_REPRESENTATION_CONTEXT() REPRESENTATION_CONTEXT('2D SPACE',''
  ) );
#4110 = ORIENTED_EDGE('',*,*,#4111,.T.);
#4111 = EDGE_CURVE('',#4084,#4112,#4114,.T.);
#4112 = VERTEX_POINT('',#4113);
#4113 = CARTESIAN_POINT('',(14.43947499192,23.580162466737,10.));
#4114 = SURFACE_CURVE('',#4115,(#4120,#4127),.PCURVE_S1.);
#4115 = CIRCLE('',#4116,27.65);
#4116 = AXIS2_PLACEMENT_3D('',#4117,#4118,#4119);
#4117 = CARTESIAN_POINT('',(0.,0.,10.));
#4118 = DIRECTION('',(0.,0.,1.));
#4119 = DIRECTION('',(1.,0.,-0.));
#4120 = PCURVE('',#4064,#4121);
#4121 = DEFINITIONAL_REPRESENTATION('',(#4122),#4126);
#4122 = LINE('',#4123,#4124);
#4123 = CARTESIAN_POINT('',(3.14159265359,1.));
#4124 = VECTOR('',#4125,1.);
#4125 = DIRECTION('',(-1.,0.));
#4126 = ( GEOMETRIC_REPRESENTATION_CONTEXT(2) 
PARAMETRIC_REPRESENTATION_CONTEXT() REPRESENTATION_CONTEXT('2D SPACE',''
  ) );
#4127 = PCURVE('',#73,#4128);
#4128 = DEFINITIONAL_REPRESENTATION('',(#4129),#4133);
#4129 = CIRCLE('',#4130,27.65);
#4130 = AXIS2_PLACEMENT_2D('',#4131,#4132);
#4131 = CARTESIAN_POINT('',(0.,0.));
#4132 = DIRECTION('',(1.,0.));
#4133 = ( GEOMETRIC_REPRESENTATION_CONTEXT(2) 
PARAMETRIC_REPRESENTATION_CONTEXT() REPRESENTATION_CONTEXT('2D SPACE',''
  ) );
#4134 = ORIENTED_EDGE('',*,*,#4135,.T.);
#4135 = EDGE_CURVE('',#4112,#4055,#4136,.T.);
#4136 = SURFACE_CURVE('',#4137,(#4141,#4148),.PCURVE_S1.);
#4137 = LINE('',#4138,#4139);
#4138 = CARTESIAN_POINT('',(14.43947499192,23.580162466737,10.25));
#4139 = VECTOR('',#4140,1.);
#4140 = DIRECTION('',(-0.,-0.,1.));
#4141 = PCURVE('',#4064,#4142);
#4142 = DEFINITIONAL_REPRESENTATION('',(#4143),#4147);
#4143 = LINE('',#4144,#4145);
#4144 = CARTESIAN_POINT('',(2.120252266689,0.75));
#4145 = VECTOR('',#4146,1.);
#4146 = DIRECTION('',(0.,-1.));
#4147 = ( GEOMETRIC_REPRESENTATION_CONTEXT(2) 
PARAMETRIC_REPRESENTATION_CONTEXT() REPRESENTATION_CONTEXT('2D SPACE',''
  ) );
#4148 = PCURVE('',#101,#4149);
#4149 = DEFINITIONAL_REPRESENTATION('',(#4150),#4154);
#4150 = LINE('',#4151,#4152);
#4151 = CARTESIAN_POINT('',(5.381446306993,10.25));
#4152 = VECTOR('',#4153,1.);
#4153 = DIRECTION('',(0.,1.));
#4154 = ( GEOMETRIC_REPRESENTATION_CONTEXT(2) 
PARAMETRIC_REPRESENTATION_CONTEXT() REPRESENTATION_CONTEXT('2D SPACE',''
  ) );
#4155 = ADVANCED_FACE('',(#4156),#4099,.T.);
#4156 = FACE_BOUND('',#4157,.T.);
#4157 = EDGE_LOOP('',(#4158,#4159,#4183,#4211,#4235,#4300,#4329,#4394));
#4158 = ORIENTED_EDGE('',*,*,#4083,.F.);
#4159 = ORIENTED_EDGE('',*,*,#4160,.F.);
#4160 = EDGE_CURVE('',#4161,#4053,#4163,.T.);
#4161 = VERTEX_POINT('',#4162);
#4162 = CARTESIAN_POINT('',(-27.65,0.,11.));
#4163 = SURFACE_CURVE('',#4164,(#4169,#4176),.PCURVE_S1.);
#4164 = CIRCLE('',#4165,27.65);
#4165 = AXIS2_PLACEMENT_3D('',#4166,#4167,#4168);
#4166 = CARTESIAN_POINT('',(0.,0.,11.));
#4167 = DIRECTION('',(0.,0.,1.));
#4168 = DIRECTION('',(1.,0.,-0.));
#4169 = PCURVE('',#4099,#4170);
#4170 = DEFINITIONAL_REPRESENTATION('',(#4171),#4175);
#4171 = LINE('',#4172,#4173);
#4172 = CARTESIAN_POINT('',(9.424777960769,0.));
#4173 = VECTOR('',#4174,1.);
#4174 = DIRECTION('',(-1.,0.));
#4175 = ( GEOMETRIC_REPRESENTATION_CONTEXT(2) 
PARAMETRIC_REPRESENTATION_CONTEXT() REPRESENTATION_CONTEXT('2D SPACE',''
  ) );
#4176 = PCURVE('',#3959,#4177);
#4177 = DEFINITIONAL_REPRESENTATION('',(#4178),#4182);
#4178 = CIRCLE('',#4179,27.65);
#4179 = AXIS2_PLACEMENT_2D('',#4180,#4181);
#4180 = CARTESIAN_POINT('',(0.,0.));
#4181 = DIRECTION('',(1.,0.));
#4182 = ( GEOMETRIC_REPRESENTATION_CONTEXT(2) 
PARAMETRIC_REPRESENTATION_CONTEXT() REPRESENTATION_CONTEXT('2D SPACE',''
  ) );
#4183 = ORIENTED_EDGE('',*,*,#4184,.T.);
#4184 = EDGE_CURVE('',#4161,#4185,#4187,.T.);
#4185 = VERTEX_POINT('',#4186);
#4186 = CARTESIAN_POINT('',(-27.65,0.,10.));
#4187 = SURFACE_CURVE('',#4188,(#4192,#4199),.PCURVE_S1.);
#4188 = LINE('',#4189,#4190);
#4189 = CARTESIAN_POINT('',(-27.65,0.,11.));
#4190 = VECTOR('',#4191,1.);
#4191 = DIRECTION('',(-0.,-0.,-1.));
#4192 = PCURVE('',#4099,#4193);
#4193 = DEFINITIONAL_REPRESENTATION('',(#4194),#4198);
#4194 = LINE('',#4195,#4196);
#4195 = CARTESIAN_POINT('',(6.28318530718,0.));
#4196 = VECTOR('',#4197,1.);
#4197 = DIRECTION('',(0.,1.));
#4198 = ( GEOMETRIC_REPRESENTATION_CONTEXT(2) 
PARAMETRIC_REPRESENTATION_CONTEXT() REPRESENTATION_CONTEXT('2D SPACE',''
  ) );
#4199 = PCURVE('',#4200,#4205);
#4200 = CYLINDRICAL_SURFACE('',#4201,27.65);
#4201 = AXIS2_PLACEMENT_3D('',#4202,#4203,#4204);
#4202 = CARTESIAN_POINT('',(0.,0.,11.));
#4203 = DIRECTION('',(-0.,-0.,-1.));
#4204 = DIRECTION('',(-1.,0.,0.));
#4205 = DEFINITIONAL_REPRESENTATION('',(#4206),#4210);
#4206 = LINE('',#4207,#4208);
#4207 = CARTESIAN_POINT('',(0.,0.));
#4208 = VECTOR('',#4209,1.);
#4209 = DIRECTION('',(0.,1.));
#4210 = ( GEOMETRIC_REPRESENTATION_CONTEXT(2) 
PARAMETRIC_REPRESENTATION_CONTEXT() REPRESENTATION_CONTEXT('2D SPACE',''
  ) );
#4211 = ORIENTED_EDGE('',*,*,#4212,.T.);
#4212 = EDGE_CURVE('',#4185,#4213,#4215,.T.);
#4213 = VERTEX_POINT('',#4214);
#4214 = CARTESIAN_POINT('',(-24.05556915722,-13.6327580673,10.));
#4215 = SURFACE_CURVE('',#4216,(#4221,#4228),.PCURVE_S1.);
#4216 = CIRCLE('',#4217,27.65);
#4217 = AXIS2_PLACEMENT_3D('',#4218,#4219,#4220);
#4218 = CARTESIAN_POINT('',(0.,0.,10.));
#4219 = DIRECTION('',(0.,0.,1.));
#4220 = DIRECTION('',(1.,0.,-0.));
#4221 = PCURVE('',#4099,#4222);
#4222 = DEFINITIONAL_REPRESENTATION('',(#4223),#4227);
#4223 = LINE('',#4224,#4225);
#4224 = CARTESIAN_POINT('',(9.424777960769,1.));
#4225 = VECTOR('',#4226,1.);
#4226 = DIRECTION('',(-1.,0.));
#4227 = ( GEOMETRIC_REPRESENTATION_CONTEXT(2) 
PARAMETRIC_REPRESENTATION_CONTEXT() REPRESENTATION_CONTEXT('2D SPACE',''
  ) );
#4228 = PCURVE('',#73,#4229);
#4229 = DEFINITIONAL_REPRESENTATION('',(#4230),#4234);
#4230 = CIRCLE('',#4231,27.65);
#4231 = AXIS2_PLACEMENT_2D('',#4232,#4233);
#4232 = CARTESIAN_POINT('',(0.,0.));
#4233 = DIRECTION('',(1.,0.));
#4234 = ( GEOMETRIC_REPRESENTATION_CONTEXT(2) 
PARAMETRIC_REPRESENTATION_CONTEXT() REPRESENTATION_CONTEXT('2D SPACE',''
  ) );
#4235 = ORIENTED_EDGE('',*,*,#4236,.T.);
#4236 = EDGE_CURVE('',#4213,#4237,#4239,.T.);
#4237 = VERTEX_POINT('',#4238);
#4238 = CARTESIAN_POINT('',(-21.39707461006,-17.51250119575,10.));
#4239 = SURFACE_CURVE('',#4240,(#4245,#4252),.PCURVE_S1.);
#4240 = CIRCLE('',#4241,27.65);
#4241 = AXIS2_PLACEMENT_3D('',#4242,#4243,#4244);
#4242 = CARTESIAN_POINT('',(0.,0.,10.));
#4243 = DIRECTION('',(0.,0.,1.));
#4244 = DIRECTION('',(1.,0.,-0.));
#4245 = PCURVE('',#4099,#4246);
#4246 = DEFINITIONAL_REPRESENTATION('',(#4247),#4251);
#4247 = LINE('',#4248,#4249);
#4248 = CARTESIAN_POINT('',(9.424777960769,1.));
#4249 = VECTOR('',#4250,1.);
#4250 = DIRECTION('',(-1.,0.));
#4251 = ( GEOMETRIC_REPRESENTATION_CONTEXT(2) 
PARAMETRIC_REPRESENTATION_CONTEXT() REPRESENTATION_CONTEXT('2D SPACE',''
  ) );
#4252 = PCURVE('',#4253,#4272);
#4253 = ( BOUNDED_SURFACE() B_SPLINE_SURFACE(3,2,(
    (#4254,#4255,#4256)
    ,(#4257,#4258,#4259)
    ,(#4260,#4261,#4262)
    ,(#4263,#4264,#4265)
    ,(#4266,#4267,#4268)
    ,(#4269,#4270,#4271
)),.UNSPECIFIED.,.F.,.F.,.F.) B_SPLINE_SURFACE_WITH_KNOTS((4,2,4),(3,3),
  (7.313094886856E-03,9.65507932938E-03,1.19970637719E-02),(0.,1.),
.UNSPECIFIED.) GEOMETRIC_REPRESENTATION_ITEM() RATIONAL_B_SPLINE_SURFACE
((
    (1.,0.774596669241,1.)
    ,(1.,0.774585029,1.)
    ,(1.,0.769129141109,1.)
    ,(1.,0.746903049478,1.)
    ,(1.,0.730146042473,1.)
,(1.,0.707106781187,1.))) REPRESENTATION_ITEM('') SURFACE() );
#4254 = CARTESIAN_POINT('',(-21.39707461006,-17.51250119575,10.));
#4255 = CARTESIAN_POINT('',(-22.63524167611,-18.5258828201,
    9.673401367629));
#4256 = CARTESIAN_POINT('',(-22.63524167611,-18.5258828201,
    8.040408205773));
#4257 = CARTESIAN_POINT('',(-21.89899307098,-16.89924860341,
    10.000000000001));
#4258 = CARTESIAN_POINT('',(-23.13590021114,-17.91416962684,
    9.673401367631));
#4259 = CARTESIAN_POINT('',(-23.12988990264,-17.92151312496,
    8.040408205772));
#4260 = CARTESIAN_POINT('',(-22.37439984607,-16.26430345836,
    10.000000000013));
#4261 = CARTESIAN_POINT('',(-23.64395384111,-17.29342097964,
    9.694873141176));
#4262 = CARTESIAN_POINT('',(-23.62457367733,-17.31709999646,
    8.032677335673));
#4263 = CARTESIAN_POINT('',(-23.26291973366,-14.96589125086,
    9.999999999987));
#4264 = CARTESIAN_POINT('',(-24.63736464838,-16.07965460076,
    9.793173793156));
#4265 = CARTESIAN_POINT('',(-24.6139032237,-16.10832017221,
    8.012413294225));
#4266 = CARTESIAN_POINT('',(-23.67603547582,-14.30246104924,10.));
#4267 = CARTESIAN_POINT('',(-25.13775784827,-15.46826559853,
    9.873603491288));
#4268 = CARTESIAN_POINT('',(-25.10855642247,-15.50394440191,
    8.000000002326));
#4269 = CARTESIAN_POINT('',(-24.05556915722,-13.6327580673,10.));
#4270 = CARTESIAN_POINT('',(-25.60327798978,-14.89948509774,10.));
#4271 = CARTESIAN_POINT('',(-25.60327798978,-14.89948509774,8.));
#4272 = DEFINITIONAL_REPRESENTATION('',(#4273),#4299);
#4273 = B_SPLINE_CURVE_WITH_KNOTS('',3,(#4274,#4275,#4276,#4277,#4278,
    #4279,#4280,#4281,#4282,#4283,#4284,#4285,#4286,#4287,#4288,#4289,
    #4290,#4291,#4292,#4293,#4294,#4295,#4296,#4297,#4298),
  .UNSPECIFIED.,.F.,.F.,(4,1,1,1,1,1,1,1,1,1,1,1,1,1,1,1,1,1,1,1,1,1,4),
  (3.657181586987,3.664922633924,3.672663680861,3.680404727799,
    3.688145774736,3.695886821673,3.70362786861,3.711368915547,
    3.719109962484,3.726851009421,3.734592056358,3.742333103296,
    3.750074150233,3.75781519717,3.765556244107,3.773297291044,
    3.781038337981,3.788779384918,3.796520431855,3.804261478793,
    3.81200252573,3.819743572667,3.827484619604),.QUASI_UNIFORM_KNOTS.);
#4274 = CARTESIAN_POINT('',(1.19970637719E-02,0.));
#4275 = CARTESIAN_POINT('',(1.192470785134E-02,2.412999274538E-08));
#4276 = CARTESIAN_POINT('',(1.17801895779E-02,9.905700990053E-07));
#4277 = CARTESIAN_POINT('',(1.156396276602E-02,4.016359683026E-06));
#4278 = CARTESIAN_POINT('',(1.134825605126E-02,7.324304064221E-06));
#4279 = CARTESIAN_POINT('',(1.113304031955E-02,1.002490152936E-05));
#4280 = CARTESIAN_POINT('',(1.091828727256E-02,1.150205792761E-05));
#4281 = CARTESIAN_POINT('',(1.07039694919E-02,1.145433390352E-05));
#4282 = CARTESIAN_POINT('',(1.049006034182E-02,9.887788406909E-06));
#4283 = CARTESIAN_POINT('',(1.027653390808E-02,7.12142732697E-06));
#4284 = CARTESIAN_POINT('',(1.006336497864E-02,3.783080218121E-06));
#4285 = CARTESIAN_POINT('',(9.850528843639E-03,8.241803118681E-07));
#4286 = CARTESIAN_POINT('',(9.638001796128E-03,-5.37831661468E-07));
#4287 = CARTESIAN_POINT('',(9.425758998912E-03,1.393785047444E-06));
#4288 = CARTESIAN_POINT('',(9.213772221913E-03,4.969164391914E-06));
#4289 = CARTESIAN_POINT('',(9.002014751605E-03,8.818265690205E-06));
#4290 = CARTESIAN_POINT('',(8.790460028284E-03,1.192463091862E-05));
#4291 = CARTESIAN_POINT('',(8.579081943754E-03,1.361006897675E-05));
#4292 = CARTESIAN_POINT('',(8.367854696332E-03,1.354155845689E-05));
#4293 = CARTESIAN_POINT('',(8.156752766746E-03,1.173196896852E-05));
#4294 = CARTESIAN_POINT('',(7.945750862886E-03,8.537723702188E-06));
#4295 = CARTESIAN_POINT('',(7.734823876634E-03,4.669844737781E-06));
#4296 = CARTESIAN_POINT('',(7.523946830363E-03,1.149701533038E-06));
#4297 = CARTESIAN_POINT('',(7.383378848543E-03,2.830347178274E-08));
#4298 = CARTESIAN_POINT('',(7.313094886856E-03,0.));
#4299 = ( GEOMETRIC_REPRESENTATION_CONTEXT(2) 
PARAMETRIC_REPRESENTATION_CONTEXT() REPRESENTATION_CONTEXT('2D SPACE',''
  ) );
#4300 = ORIENTED_EDGE('',*,*,#4301,.T.);
#4301 = EDGE_CURVE('',#4237,#4302,#4304,.T.);
#4302 = VERTEX_POINT('',#4303);
#4303 = CARTESIAN_POINT('',(21.420428455529,-17.48392818509,10.));
#4304 = SURFACE_CURVE('',#4305,(#4310,#4317),.PCURVE_S1.);
#4305 = CIRCLE('',#4306,27.65);
#4306 = AXIS2_PLACEMENT_3D('',#4307,#4308,#4309);
#4307 = CARTESIAN_POINT('',(0.,0.,10.));
#4308 = DIRECTION('',(0.,0.,1.));
#4309 = DIRECTION('',(1.,0.,-0.));
#4310 = PCURVE('',#4099,#4311);
#4311 = DEFINITIONAL_REPRESENTATION('',(#4312),#4316);
#4312 = LINE('',#4313,#4314);
#4313 = CARTESIAN_POINT('',(9.424777960769,1.));
#4314 = VECTOR('',#4315,1.);
#4315 = DIRECTION('',(-1.,0.));
#4316 = ( GEOMETRIC_REPRESENTATION_CONTEXT(2) 
PARAMETRIC_REPRESENTATION_CONTEXT() REPRESENTATION_CONTEXT('2D SPACE',''
  ) );
#4317 = PCURVE('',#4318,#4323);
#4318 = TOROIDAL_SURFACE('',#4319,27.25,2.);
#4319 = AXIS2_PLACEMENT_3D('',#4320,#4321,#4322);
#4320 = CARTESIAN_POINT('',(0.,0.,8.040408205773));
#4321 = DIRECTION('',(-0.,0.,1.));
#4322 = DIRECTION('',(1.,0.,0.));
#4323 = DEFINITIONAL_REPRESENTATION('',(#4324),#4328);
#4324 = LINE('',#4325,#4326);
#4325 = CARTESIAN_POINT('',(-4.440892098501E-16,1.369438406005));
#4326 = VECTOR('',#4327,1.);
#4327 = DIRECTION('',(1.,-3.761038370468E-16));
#4328 = ( GEOMETRIC_REPRESENTATION_CONTEXT(2) 
PARAMETRIC_REPRESENTATION_CONTEXT() REPRESENTATION_CONTEXT('2D SPACE',''
  ) );
#4329 = ORIENTED_EDGE('',*,*,#4330,.T.);
#4330 = EDGE_CURVE('',#4302,#4331,#4333,.T.);
#4331 = VERTEX_POINT('',#4332);
#4332 = CARTESIAN_POINT('',(24.073742570629,-13.60064037621,10.));
#4333 = SURFACE_CURVE('',#4334,(#4339,#4346),.PCURVE_S1.);
#4334 = CIRCLE('',#4335,27.65);
#4335 = AXIS2_PLACEMENT_3D('',#4336,#4337,#4338);
#4336 = CARTESIAN_POINT('',(0.,0.,10.));
#4337 = DIRECTION('',(0.,0.,1.));
#4338 = DIRECTION('',(1.,0.,-0.));
#4339 = PCURVE('',#4099,#4340);
#4340 = DEFINITIONAL_REPRESENTATION('',(#4341),#4345);
#4341 = LINE('',#4342,#4343);
#4342 = CARTESIAN_POINT('',(9.424777960769,1.));
#4343 = VECTOR('',#4344,1.);
#4344 = DIRECTION('',(-1.,0.));
#4345 = ( GEOMETRIC_REPRESENTATION_CONTEXT(2) 
PARAMETRIC_REPRESENTATION_CONTEXT() REPRESENTATION_CONTEXT('2D SPACE',''
  ) );
#4346 = PCURVE('',#4347,#4366);
#4347 = ( BOUNDED_SURFACE() B_SPLINE_SURFACE(3,2,(
    (#4348,#4349,#4350)
    ,(#4351,#4352,#4353)
    ,(#4354,#4355,#4356)
    ,(#4357,#4358,#4359)
    ,(#4360,#4361,#4362)
    ,(#4363,#4364,#4365
)),.UNSPECIFIED.,.F.,.F.,.F.) B_SPLINE_SURFACE_WITH_KNOTS((4,2,4),(3,3),
  (7.313094886856E-03,9.65507932938E-03,1.19970637719E-02),(0.,1.),
.UNSPECIFIED.) GEOMETRIC_REPRESENTATION_ITEM() RATIONAL_B_SPLINE_SURFACE
((
    (1.,0.774596669241,1.)
    ,(1.,0.774585029,1.)
    ,(1.,0.769129141109,1.)
    ,(1.,0.746903049479,1.)
    ,(1.,0.730146042473,1.)
,(1.,0.707106781187,1.))) REPRESENTATION_ITEM('') SURFACE() );
#4348 = CARTESIAN_POINT('',(22.659946919501,-18.49565639833,
    8.040408205773));
#4349 = CARTESIAN_POINT('',(22.659946919501,-18.49565639833,
    9.673401367629));
#4350 = CARTESIAN_POINT('',(21.420428455529,-17.48392818509,10.));
#4351 = CARTESIAN_POINT('',(23.153788088896,-17.89062706365,
    8.040408205772));
#4352 = CARTESIAN_POINT('',(23.15978859112,-17.88327555048,
    9.673401367625));
#4353 = CARTESIAN_POINT('',(21.921527997364,-16.87000625798,10.));
#4354 = CARTESIAN_POINT('',(23.647664748459,-17.28555424821,
    8.032677335673));
#4355 = CARTESIAN_POINT('',(23.66701329199,-17.26184938692,
    9.694873141177));
#4356 = CARTESIAN_POINT('',(22.396086925201,-16.23442718104,
    10.000000000013));
#4357 = CARTESIAN_POINT('',(24.635380126558,-16.07545510075,
    8.012413294226));
#4358 = CARTESIAN_POINT('',(24.658803272099,-16.04675824224,
    9.793173793155));
#4359 = CARTESIAN_POINT('',(23.282873107254,-14.93483027486,
    9.999999999987));
#4360 = CARTESIAN_POINT('',(25.129226260078,-15.47041968427,
    8.000000002327));
#4361 = CARTESIAN_POINT('',(25.158380041475,-15.43470193925,
    9.87360349129));
#4362 = CARTESIAN_POINT('',(23.695103040319,-14.27084930291,10.));
#4363 = CARTESIAN_POINT('',(25.623140650595,-14.86530064276,8.));
#4364 = CARTESIAN_POINT('',(25.623140650595,-14.86530064276,10.));
#4365 = CARTESIAN_POINT('',(24.073742570629,-13.60064037621,10.));
#4366 = DEFINITIONAL_REPRESENTATION('',(#4367),#4393);
#4367 = B_SPLINE_CURVE_WITH_KNOTS('',3,(#4368,#4369,#4370,#4371,#4372,
    #4373,#4374,#4375,#4376,#4377,#4378,#4379,#4380,#4381,#4382,#4383,
    #4384,#4385,#4386,#4387,#4388,#4389,#4390,#4391,#4392),
  .UNSPECIFIED.,.F.,.F.,(4,1,1,1,1,1,1,1,1,1,1,1,1,1,1,1,1,1,1,1,1,1,4),
  (5.598627982579,5.606369029517,5.614110076454,5.621851123391,
    5.629592170328,5.637333217265,5.645074264202,5.652815311139,
    5.660556358076,5.668297405014,5.676038451951,5.683779498888,
    5.691520545825,5.699261592762,5.707002639699,5.714743686636,
    5.722484733573,5.730225780511,5.737966827448,5.745707874385,
    5.753448921322,5.761189968259,5.768931015196),
  .QUASI_UNIFORM_KNOTS.);
#4368 = CARTESIAN_POINT('',(7.313094886856E-03,1.));
#4369 = CARTESIAN_POINT('',(7.383378848543E-03,0.999999971697));
#4370 = CARTESIAN_POINT('',(7.523946830362E-03,0.999998850299));
#4371 = CARTESIAN_POINT('',(7.734823876633E-03,0.999995330156));
#4372 = CARTESIAN_POINT('',(7.945750862885E-03,0.999991462278));
#4373 = CARTESIAN_POINT('',(8.156752766746E-03,0.999988268032));
#4374 = CARTESIAN_POINT('',(8.367854696333E-03,0.999986458443));
#4375 = CARTESIAN_POINT('',(8.579081943754E-03,0.999986389932));
#4376 = CARTESIAN_POINT('',(8.790460028286E-03,0.99998807537));
#4377 = CARTESIAN_POINT('',(9.002014751606E-03,0.999991181735));
#4378 = CARTESIAN_POINT('',(9.213772221915E-03,0.999995030836));
#4379 = CARTESIAN_POINT('',(9.425758998913E-03,0.999998606215));
#4380 = CARTESIAN_POINT('',(9.638001796128E-03,1.000000537832));
#4381 = CARTESIAN_POINT('',(9.850528843637E-03,0.99999917582));
#4382 = CARTESIAN_POINT('',(1.006336497863E-02,0.99999621692));
#4383 = CARTESIAN_POINT('',(1.027653390808E-02,0.999992878573));
#4384 = CARTESIAN_POINT('',(1.049006034182E-02,0.999990112212));
#4385 = CARTESIAN_POINT('',(1.07039694919E-02,0.999988545666));
#4386 = CARTESIAN_POINT('',(1.091828727256E-02,0.999988497942));
#4387 = CARTESIAN_POINT('',(1.113304031955E-02,0.999989975099));
#4388 = CARTESIAN_POINT('',(1.134825605126E-02,0.999992675696));
#4389 = CARTESIAN_POINT('',(1.156396276602E-02,0.99999598364));
#4390 = CARTESIAN_POINT('',(1.17801895779E-02,0.99999900943));
#4391 = CARTESIAN_POINT('',(1.192470785134E-02,0.99999997587));
#4392 = CARTESIAN_POINT('',(1.19970637719E-02,1.));
#4393 = ( GEOMETRIC_REPRESENTATION_CONTEXT(2) 
PARAMETRIC_REPRESENTATION_CONTEXT() REPRESENTATION_CONTEXT('2D SPACE',''
  ) );
#4394 = ORIENTED_EDGE('',*,*,#4395,.T.);
#4395 = EDGE_CURVE('',#4331,#4084,#4396,.T.);
#4396 = SURFACE_CURVE('',#4397,(#4402,#4409),.PCURVE_S1.);
#4397 = CIRCLE('',#4398,27.65);
#4398 = AXIS2_PLACEMENT_3D('',#4399,#4400,#4401);
#4399 = CARTESIAN_POINT('',(0.,0.,10.));
#4400 = DIRECTION('',(0.,0.,1.));
#4401 = DIRECTION('',(1.,0.,-0.));
#4402 = PCURVE('',#4099,#4403);
#4403 = DEFINITIONAL_REPRESENTATION('',(#4404),#4408);
#4404 = LINE('',#4405,#4406);
#4405 = CARTESIAN_POINT('',(9.424777960769,1.));
#4406 = VECTOR('',#4407,1.);
#4407 = DIRECTION('',(-1.,0.));
#4408 = ( GEOMETRIC_REPRESENTATION_CONTEXT(2) 
PARAMETRIC_REPRESENTATION_CONTEXT() REPRESENTATION_CONTEXT('2D SPACE',''
  ) );
#4409 = PCURVE('',#73,#4410);
#4410 = DEFINITIONAL_REPRESENTATION('',(#4411),#4415);
#4411 = CIRCLE('',#4412,27.65);
#4412 = AXIS2_PLACEMENT_2D('',#4413,#4414);
#4413 = CARTESIAN_POINT('',(0.,0.));
#4414 = DIRECTION('',(1.,0.));
#4415 = ( GEOMETRIC_REPRESENTATION_CONTEXT(2) 
PARAMETRIC_REPRESENTATION_CONTEXT() REPRESENTATION_CONTEXT('2D SPACE',''
  ) );
#4416 = ADVANCED_FACE('',(#4417),#4431,.F.);
#4417 = FACE_BOUND('',#4418,.F.);
#4418 = EDGE_LOOP('',(#4419,#4454,#4482,#4505));
#4419 = ORIENTED_EDGE('',*,*,#4420,.T.);
#4420 = EDGE_CURVE('',#4421,#4423,#4425,.T.);
#4421 = VERTEX_POINT('',#4422);
#4422 = CARTESIAN_POINT('',(16.733972064373,11.252769996527,2.5));
#4423 = VERTEX_POINT('',#4424);
#4424 = CARTESIAN_POINT('',(16.733972064373,11.252769996527,0.));
#4425 = SURFACE_CURVE('',#4426,(#4430,#4442),.PCURVE_S1.);
#4426 = LINE('',#4427,#4428);
#4427 = CARTESIAN_POINT('',(16.733972064373,11.252769996527,0.));
#4428 = VECTOR('',#4429,1.);
#4429 = DIRECTION('',(-0.,-0.,-1.));
#4430 = PCURVE('',#4431,#4436);
#4431 = CYLINDRICAL_SURFACE('',#4432,2.75);
#4432 = AXIS2_PLACEMENT_3D('',#4433,#4434,#4435);
#4433 = CARTESIAN_POINT('',(19.483972064373,11.252769996527,0.));
#4434 = DIRECTION('',(-0.,-0.,-1.));
#4435 = DIRECTION('',(-1.,0.,0.));
#4436 = DEFINITIONAL_REPRESENTATION('',(#4437),#4441);
#4437 = LINE('',#4438,#4439);
#4438 = CARTESIAN_POINT('',(6.28318530718,0.));
#4439 = VECTOR('',#4440,1.);
#4440 = DIRECTION('',(0.,1.));
#4441 = ( GEOMETRIC_REPRESENTATION_CONTEXT(2) 
PARAMETRIC_REPRESENTATION_CONTEXT() REPRESENTATION_CONTEXT('2D SPACE',''
  ) );
#4442 = PCURVE('',#4443,#4448);
#4443 = CYLINDRICAL_SURFACE('',#4444,2.75);
#4444 = AXIS2_PLACEMENT_3D('',#4445,#4446,#4447);
#4445 = CARTESIAN_POINT('',(19.483972064373,11.252769996527,0.));
#4446 = DIRECTION('',(-0.,-0.,-1.));
#4447 = DIRECTION('',(-1.,0.,0.));
#4448 = DEFINITIONAL_REPRESENTATION('',(#4449),#4453);
#4449 = LINE('',#4450,#4451);
#4450 = CARTESIAN_POINT('',(0.,0.));
#4451 = VECTOR('',#4452,1.);
#4452 = DIRECTION('',(0.,1.));
#4453 = ( GEOMETRIC_REPRESENTATION_CONTEXT(2) 
PARAMETRIC_REPRESENTATION_CONTEXT() REPRESENTATION_CONTEXT('2D SPACE',''
  ) );
#4454 = ORIENTED_EDGE('',*,*,#4455,.F.);
#4455 = EDGE_CURVE('',#4456,#4423,#4458,.T.);
#4456 = VERTEX_POINT('',#4457);
#4457 = CARTESIAN_POINT('',(22.233972064373,11.252769996527,0.));
#4458 = SURFACE_CURVE('',#4459,(#4464,#4471),.PCURVE_S1.);
#4459 = CIRCLE('',#4460,2.75);
#4460 = AXIS2_PLACEMENT_3D('',#4461,#4462,#4463);
#4461 = CARTESIAN_POINT('',(19.483972064373,11.252769996527,0.));
#4462 = DIRECTION('',(-0.,0.,-1.));
#4463 = DIRECTION('',(-1.,0.,0.));
#4464 = PCURVE('',#4431,#4465);
#4465 = DEFINITIONAL_REPRESENTATION('',(#4466),#4470);
#4466 = LINE('',#4467,#4468);
#4467 = CARTESIAN_POINT('',(0.,0.));
#4468 = VECTOR('',#4469,1.);
#4469 = DIRECTION('',(1.,0.));
#4470 = ( GEOMETRIC_REPRESENTATION_CONTEXT(2) 
PARAMETRIC_REPRESENTATION_CONTEXT() REPRESENTATION_CONTEXT('2D SPACE',''
  ) );
#4471 = PCURVE('',#128,#4472);
#4472 = DEFINITIONAL_REPRESENTATION('',(#4473),#4481);
#4473 = ( BOUNDED_CURVE() B_SPLINE_CURVE(2,(#4474,#4475,#4476,#4477,
#4478,#4479,#4480),.UNSPECIFIED.,.T.,.F.) B_SPLINE_CURVE_WITH_KNOTS((1,2
    ,2,2,2,1),(-2.094395102393,0.,2.094395102393,4.188790204786,
6.28318530718,8.377580409573),.UNSPECIFIED.) CURVE() 
GEOMETRIC_REPRESENTATION_ITEM() RATIONAL_B_SPLINE_CURVE((1.,0.5,1.,0.5,
1.,0.5,1.)) REPRESENTATION_ITEM('') );
#4474 = CARTESIAN_POINT('',(16.733972064373,11.252769996527));
#4475 = CARTESIAN_POINT('',(16.733972064373,16.015909717341));
#4476 = CARTESIAN_POINT('',(20.858972064373,13.634339856934));
#4477 = CARTESIAN_POINT('',(24.983972064373,11.252769996527));
#4478 = CARTESIAN_POINT('',(20.858972064373,8.87120013612));
#4479 = CARTESIAN_POINT('',(16.733972064373,6.489630275712));
#4480 = CARTESIAN_POINT('',(16.733972064373,11.252769996527));
#4481 = ( GEOMETRIC_REPRESENTATION_CONTEXT(2) 
PARAMETRIC_REPRESENTATION_CONTEXT() REPRESENTATION_CONTEXT('2D SPACE',''
  ) );
#4482 = ORIENTED_EDGE('',*,*,#4483,.F.);
#4483 = EDGE_CURVE('',#4484,#4456,#4486,.T.);
#4484 = VERTEX_POINT('',#4485);
#4485 = CARTESIAN_POINT('',(22.233972064373,11.252769996527,2.5));
#4486 = SURFACE_CURVE('',#4487,(#4491,#4498),.PCURVE_S1.);
#4487 = LINE('',#4488,#4489);
#4488 = CARTESIAN_POINT('',(22.233972064373,11.252769996527,0.));
#4489 = VECTOR('',#4490,1.);
#4490 = DIRECTION('',(-0.,-0.,-1.));
#4491 = PCURVE('',#4431,#4492);
#4492 = DEFINITIONAL_REPRESENTATION('',(#4493),#4497);
#4493 = LINE('',#4494,#4495);
#4494 = CARTESIAN_POINT('',(3.14159265359,0.));
#4495 = VECTOR('',#4496,1.);
#4496 = DIRECTION('',(0.,1.));
#4497 = ( GEOMETRIC_REPRESENTATION_CONTEXT(2) 
PARAMETRIC_REPRESENTATION_CONTEXT() REPRESENTATION_CONTEXT('2D SPACE',''
  ) );
#4498 = PCURVE('',#4443,#4499);
#4499 = DEFINITIONAL_REPRESENTATION('',(#4500),#4504);
#4500 = LINE('',#4501,#4502);
#4501 = CARTESIAN_POINT('',(3.14159265359,0.));
#4502 = VECTOR('',#4503,1.);
#4503 = DIRECTION('',(0.,1.));
#4504 = ( GEOMETRIC_REPRESENTATION_CONTEXT(2) 
PARAMETRIC_REPRESENTATION_CONTEXT() REPRESENTATION_CONTEXT('2D SPACE',''
  ) );
#4505 = ORIENTED_EDGE('',*,*,#4506,.T.);
#4506 = EDGE_CURVE('',#4484,#4421,#4507,.T.);
#4507 = SURFACE_CURVE('',#4508,(#4513,#4520),.PCURVE_S1.);
#4508 = CIRCLE('',#4509,2.75);
#4509 = AXIS2_PLACEMENT_3D('',#4510,#4511,#4512);
#4510 = CARTESIAN_POINT('',(19.483972064373,11.252769996527,2.5));
#4511 = DIRECTION('',(-0.,0.,-1.));
#4512 = DIRECTION('',(-1.,0.,0.));
#4513 = PCURVE('',#4431,#4514);
#4514 = DEFINITIONAL_REPRESENTATION('',(#4515),#4519);
#4515 = LINE('',#4516,#4517);
#4516 = CARTESIAN_POINT('',(0.,-2.5));
#4517 = VECTOR('',#4518,1.);
#4518 = DIRECTION('',(1.,0.));
#4519 = ( GEOMETRIC_REPRESENTATION_CONTEXT(2) 
PARAMETRIC_REPRESENTATION_CONTEXT() REPRESENTATION_CONTEXT('2D SPACE',''
  ) );
#4520 = PCURVE('',#4521,#4526);
#4521 = PLANE('',#4522);
#4522 = AXIS2_PLACEMENT_3D('',#4523,#4524,#4525);
#4523 = CARTESIAN_POINT('',(20.833972064373,11.252769996527,2.5));
#4524 = DIRECTION('',(0.,0.,1.));
#4525 = DIRECTION('',(1.,0.,-0.));
#4526 = DEFINITIONAL_REPRESENTATION('',(#4527),#4535);
#4527 = ( BOUNDED_CURVE() B_SPLINE_CURVE(2,(#4528,#4529,#4530,#4531,
#4532,#4533,#4534),.UNSPECIFIED.,.T.,.F.) B_SPLINE_CURVE_WITH_KNOTS((1,2
    ,2,2,2,1),(-2.094395102393,0.,2.094395102393,4.188790204786,
6.28318530718,8.377580409573),.UNSPECIFIED.) CURVE() 
GEOMETRIC_REPRESENTATION_ITEM() RATIONAL_B_SPLINE_CURVE((1.,0.5,1.,0.5,
1.,0.5,1.)) REPRESENTATION_ITEM('') );
#4528 = CARTESIAN_POINT('',(-4.1,0.));
#4529 = CARTESIAN_POINT('',(-4.1,4.763139720814));
#4530 = CARTESIAN_POINT('',(2.5E-02,2.381569860407));
#4531 = CARTESIAN_POINT('',(4.15,6.73555739531E-16));
#4532 = CARTESIAN_POINT('',(2.5E-02,-2.381569860407));
#4533 = CARTESIAN_POINT('',(-4.1,-4.763139720814));
#4534 = CARTESIAN_POINT('',(-4.1,0.));
#4535 = ( GEOMETRIC_REPRESENTATION_CONTEXT(2) 
PARAMETRIC_REPRESENTATION_CONTEXT() REPRESENTATION_CONTEXT('2D SPACE',''
  ) );
#4536 = ADVANCED_FACE('',(#4537),#4551,.F.);
#4537 = FACE_BOUND('',#4538,.F.);
#4538 = EDGE_LOOP('',(#4539,#4574,#4602,#4625));
#4539 = ORIENTED_EDGE('',*,*,#4540,.T.);
#4540 = EDGE_CURVE('',#4541,#4543,#4545,.T.);
#4541 = VERTEX_POINT('',#4542);
#4542 = CARTESIAN_POINT('',(16.737170712122,-11.24722977611,2.5));
#4543 = VERTEX_POINT('',#4544);
#4544 = CARTESIAN_POINT('',(16.737170712122,-11.24722977611,0.));
#4545 = SURFACE_CURVE('',#4546,(#4550,#4562),.PCURVE_S1.);
#4546 = LINE('',#4547,#4548);
#4547 = CARTESIAN_POINT('',(16.737170712122,-11.24722977611,0.));
#4548 = VECTOR('',#4549,1.);
#4549 = DIRECTION('',(-0.,-0.,-1.));
#4550 = PCURVE('',#4551,#4556);
#4551 = CYLINDRICAL_SURFACE('',#4552,2.75);
#4552 = AXIS2_PLACEMENT_3D('',#4553,#4554,#4555);
#4553 = CARTESIAN_POINT('',(19.487170712122,-11.24722977611,0.));
#4554 = DIRECTION('',(-0.,-0.,-1.));
#4555 = DIRECTION('',(-1.,0.,0.));
#4556 = DEFINITIONAL_REPRESENTATION('',(#4557),#4561);
#4557 = LINE('',#4558,#4559);
#4558 = CARTESIAN_POINT('',(6.28318530718,0.));
#4559 = VECTOR('',#4560,1.);
#4560 = DIRECTION('',(0.,1.));
#4561 = ( GEOMETRIC_REPRESENTATION_CONTEXT(2) 
PARAMETRIC_REPRESENTATION_CONTEXT() REPRESENTATION_CONTEXT('2D SPACE',''
  ) );
#4562 = PCURVE('',#4563,#4568);
#4563 = CYLINDRICAL_SURFACE('',#4564,2.75);
#4564 = AXIS2_PLACEMENT_3D('',#4565,#4566,#4567);
#4565 = CARTESIAN_POINT('',(19.487170712122,-11.24722977611,0.));
#4566 = DIRECTION('',(-0.,-0.,-1.));
#4567 = DIRECTION('',(-1.,0.,0.));
#4568 = DEFINITIONAL_REPRESENTATION('',(#4569),#4573);
#4569 = LINE('',#4570,#4571);
#4570 = CARTESIAN_POINT('',(0.,0.));
#4571 = VECTOR('',#4572,1.);
#4572 = DIRECTION('',(0.,1.));
#4573 = ( GEOMETRIC_REPRESENTATION_CONTEXT(2) 
PARAMETRIC_REPRESENTATION_CONTEXT() REPRESENTATION_CONTEXT('2D SPACE',''
  ) );
#4574 = ORIENTED_EDGE('',*,*,#4575,.F.);
#4575 = EDGE_CURVE('',#4576,#4543,#4578,.T.);
#4576 = VERTEX_POINT('',#4577);
#4577 = CARTESIAN_POINT('',(22.237170712122,-11.24722977611,0.));
#4578 = SURFACE_CURVE('',#4579,(#4584,#4591),.PCURVE_S1.);
#4579 = CIRCLE('',#4580,2.75);
#4580 = AXIS2_PLACEMENT_3D('',#4581,#4582,#4583);
#4581 = CARTESIAN_POINT('',(19.487170712122,-11.24722977611,0.));
#4582 = DIRECTION('',(-0.,0.,-1.));
#4583 = DIRECTION('',(-1.,0.,0.));
#4584 = PCURVE('',#4551,#4585);
#4585 = DEFINITIONAL_REPRESENTATION('',(#4586),#4590);
#4586 = LINE('',#4587,#4588);
#4587 = CARTESIAN_POINT('',(0.,0.));
#4588 = VECTOR('',#4589,1.);
#4589 = DIRECTION('',(1.,0.));
#4590 = ( GEOMETRIC_REPRESENTATION_CONTEXT(2) 
PARAMETRIC_REPRESENTATION_CONTEXT() REPRESENTATION_CONTEXT('2D SPACE',''
  ) );
#4591 = PCURVE('',#128,#4592);
#4592 = DEFINITIONAL_REPRESENTATION('',(#4593),#4601);
#4593 = ( BOUNDED_CURVE() B_SPLINE_CURVE(2,(#4594,#4595,#4596,#4597,
#4598,#4599,#4600),.UNSPECIFIED.,.T.,.F.) B_SPLINE_CURVE_WITH_KNOTS((1,2
    ,2,2,2,1),(-2.094395102393,0.,2.094395102393,4.188790204786,
6.28318530718,8.377580409573),.UNSPECIFIED.) CURVE() 
GEOMETRIC_REPRESENTATION_ITEM() RATIONAL_B_SPLINE_CURVE((1.,0.5,1.,0.5,
1.,0.5,1.)) REPRESENTATION_ITEM('') );
#4594 = CARTESIAN_POINT('',(16.737170712122,-11.24722977611));
#4595 = CARTESIAN_POINT('',(16.737170712122,-6.484090055295));
#4596 = CARTESIAN_POINT('',(20.862170712122,-8.865659915703));
#4597 = CARTESIAN_POINT('',(24.987170712122,-11.24722977611));
#4598 = CARTESIAN_POINT('',(20.862170712122,-13.62879963651));
#4599 = CARTESIAN_POINT('',(16.737170712122,-16.01036949692));
#4600 = CARTESIAN_POINT('',(16.737170712122,-11.24722977611));
#4601 = ( GEOMETRIC_REPRESENTATION_CONTEXT(2) 
PARAMETRIC_REPRESENTATION_CONTEXT() REPRESENTATION_CONTEXT('2D SPACE',''
  ) );
#4602 = ORIENTED_EDGE('',*,*,#4603,.F.);
#4603 = EDGE_CURVE('',#4604,#4576,#4606,.T.);
#4604 = VERTEX_POINT('',#4605);
#4605 = CARTESIAN_POINT('',(22.237170712122,-11.24722977611,2.5));
#4606 = SURFACE_CURVE('',#4607,(#4611,#4618),.PCURVE_S1.);
#4607 = LINE('',#4608,#4609);
#4608 = CARTESIAN_POINT('',(22.237170712122,-11.24722977611,0.));
#4609 = VECTOR('',#4610,1.);
#4610 = DIRECTION('',(-0.,-0.,-1.));
#4611 = PCURVE('',#4551,#4612);
#4612 = DEFINITIONAL_REPRESENTATION('',(#4613),#4617);
#4613 = LINE('',#4614,#4615);
#4614 = CARTESIAN_POINT('',(3.14159265359,0.));
#4615 = VECTOR('',#4616,1.);
#4616 = DIRECTION('',(0.,1.));
#4617 = ( GEOMETRIC_REPRESENTATION_CONTEXT(2) 
PARAMETRIC_REPRESENTATION_CONTEXT() REPRESENTATION_CONTEXT('2D SPACE',''
  ) );
#4618 = PCURVE('',#4563,#4619);
#4619 = DEFINITIONAL_REPRESENTATION('',(#4620),#4624);
#4620 = LINE('',#4621,#4622);
#4621 = CARTESIAN_POINT('',(3.14159265359,0.));
#4622 = VECTOR('',#4623,1.);
#4623 = DIRECTION('',(0.,1.));
#4624 = ( GEOMETRIC_REPRESENTATION_CONTEXT(2) 
PARAMETRIC_REPRESENTATION_CONTEXT() REPRESENTATION_CONTEXT('2D SPACE',''
  ) );
#4625 = ORIENTED_EDGE('',*,*,#4626,.T.);
#4626 = EDGE_CURVE('',#4604,#4541,#4627,.T.);
#4627 = SURFACE_CURVE('',#4628,(#4633,#4640),.PCURVE_S1.);
#4628 = CIRCLE('',#4629,2.75);
#4629 = AXIS2_PLACEMENT_3D('',#4630,#4631,#4632);
#4630 = CARTESIAN_POINT('',(19.487170712122,-11.24722977611,2.5));
#4631 = DIRECTION('',(-0.,0.,-1.));
#4632 = DIRECTION('',(-1.,0.,0.));
#4633 = PCURVE('',#4551,#4634);
#4634 = DEFINITIONAL_REPRESENTATION('',(#4635),#4639);
#4635 = LINE('',#4636,#4637);
#4636 = CARTESIAN_POINT('',(0.,-2.5));
#4637 = VECTOR('',#4638,1.);
#4638 = DIRECTION('',(1.,0.));
#4639 = ( GEOMETRIC_REPRESENTATION_CONTEXT(2) 
PARAMETRIC_REPRESENTATION_CONTEXT() REPRESENTATION_CONTEXT('2D SPACE',''
  ) );
#4640 = PCURVE('',#4641,#4646);
#4641 = PLANE('',#4642);
#4642 = AXIS2_PLACEMENT_3D('',#4643,#4644,#4645);
#4643 = CARTESIAN_POINT('',(20.837170712122,-11.24722977611,2.5));
#4644 = DIRECTION('',(0.,0.,1.));
#4645 = DIRECTION('',(1.,0.,-0.));
#4646 = DEFINITIONAL_REPRESENTATION('',(#4647),#4655);
#4647 = ( BOUNDED_CURVE() B_SPLINE_CURVE(2,(#4648,#4649,#4650,#4651,
#4652,#4653,#4654),.UNSPECIFIED.,.T.,.F.) B_SPLINE_CURVE_WITH_KNOTS((1,2
    ,2,2,2,1),(-2.094395102393,0.,2.094395102393,4.188790204786,
6.28318530718,8.377580409573),.UNSPECIFIED.) CURVE() 
GEOMETRIC_REPRESENTATION_ITEM() RATIONAL_B_SPLINE_CURVE((1.,0.5,1.,0.5,
1.,0.5,1.)) REPRESENTATION_ITEM('') );
#4648 = CARTESIAN_POINT('',(-4.1,0.));
#4649 = CARTESIAN_POINT('',(-4.1,4.763139720814));
#4650 = CARTESIAN_POINT('',(2.5E-02,2.381569860407));
#4651 = CARTESIAN_POINT('',(4.15,6.73555739531E-16));
#4652 = CARTESIAN_POINT('',(2.5E-02,-2.381569860407));
#4653 = CARTESIAN_POINT('',(-4.1,-4.763139720814));
#4654 = CARTESIAN_POINT('',(-4.1,0.));
#4655 = ( GEOMETRIC_REPRESENTATION_CONTEXT(2) 
PARAMETRIC_REPRESENTATION_CONTEXT() REPRESENTATION_CONTEXT('2D SPACE',''
  ) );
#4656 = ADVANCED_FACE('',(#4657),#4671,.F.);
#4657 = FACE_BOUND('',#4658,.F.);
#4658 = EDGE_LOOP('',(#4659,#4694,#4722,#4745));
#4659 = ORIENTED_EDGE('',*,*,#4660,.T.);
#4660 = EDGE_CURVE('',#4661,#4663,#4665,.T.);
#4661 = VERTEX_POINT('',#4662);
#4662 = CARTESIAN_POINT('',(-2.746801352251,-22.49999977263,2.5));
#4663 = VERTEX_POINT('',#4664);
#4664 = CARTESIAN_POINT('',(-2.746801352251,-22.49999977263,0.));
#4665 = SURFACE_CURVE('',#4666,(#4670,#4682),.PCURVE_S1.);
#4666 = LINE('',#4667,#4668);
#4667 = CARTESIAN_POINT('',(-2.746801352251,-22.49999977263,0.));
#4668 = VECTOR('',#4669,1.);
#4669 = DIRECTION('',(-0.,-0.,-1.));
#4670 = PCURVE('',#4671,#4676);
#4671 = CYLINDRICAL_SURFACE('',#4672,2.75);
#4672 = AXIS2_PLACEMENT_3D('',#4673,#4674,#4675);
#4673 = CARTESIAN_POINT('',(3.198647749112E-03,-22.49999977263,0.));
#4674 = DIRECTION('',(-0.,-0.,-1.));
#4675 = DIRECTION('',(-1.,0.,0.));
#4676 = DEFINITIONAL_REPRESENTATION('',(#4677),#4681);
#4677 = LINE('',#4678,#4679);
#4678 = CARTESIAN_POINT('',(6.28318530718,0.));
#4679 = VECTOR('',#4680,1.);
#4680 = DIRECTION('',(0.,1.));
#4681 = ( GEOMETRIC_REPRESENTATION_CONTEXT(2) 
PARAMETRIC_REPRESENTATION_CONTEXT() REPRESENTATION_CONTEXT('2D SPACE',''
  ) );
#4682 = PCURVE('',#4683,#4688);
#4683 = CYLINDRICAL_SURFACE('',#4684,2.75);
#4684 = AXIS2_PLACEMENT_3D('',#4685,#4686,#4687);
#4685 = CARTESIAN_POINT('',(3.198647749112E-03,-22.49999977263,0.));
#4686 = DIRECTION('',(-0.,-0.,-1.));
#4687 = DIRECTION('',(-1.,0.,0.));
#4688 = DEFINITIONAL_REPRESENTATION('',(#4689),#4693);
#4689 = LINE('',#4690,#4691);
#4690 = CARTESIAN_POINT('',(0.,0.));
#4691 = VECTOR('',#4692,1.);
#4692 = DIRECTION('',(0.,1.));
#4693 = ( GEOMETRIC_REPRESENTATION_CONTEXT(2) 
PARAMETRIC_REPRESENTATION_CONTEXT() REPRESENTATION_CONTEXT('2D SPACE',''
  ) );
#4694 = ORIENTED_EDGE('',*,*,#4695,.F.);
#4695 = EDGE_CURVE('',#4696,#4663,#4698,.T.);
#4696 = VERTEX_POINT('',#4697);
#4697 = CARTESIAN_POINT('',(2.753198647749,-22.49999977263,0.));
#4698 = SURFACE_CURVE('',#4699,(#4704,#4711),.PCURVE_S1.);
#4699 = CIRCLE('',#4700,2.75);
#4700 = AXIS2_PLACEMENT_3D('',#4701,#4702,#4703);
#4701 = CARTESIAN_POINT('',(3.198647749112E-03,-22.49999977263,0.));
#4702 = DIRECTION('',(-0.,0.,-1.));
#4703 = DIRECTION('',(-1.,0.,0.));
#4704 = PCURVE('',#4671,#4705);
#4705 = DEFINITIONAL_REPRESENTATION('',(#4706),#4710);
#4706 = LINE('',#4707,#4708);
#4707 = CARTESIAN_POINT('',(0.,0.));
#4708 = VECTOR('',#4709,1.);
#4709 = DIRECTION('',(1.,0.));
#4710 = ( GEOMETRIC_REPRESENTATION_CONTEXT(2) 
PARAMETRIC_REPRESENTATION_CONTEXT() REPRESENTATION_CONTEXT('2D SPACE',''
  ) );
#4711 = PCURVE('',#128,#4712);
#4712 = DEFINITIONAL_REPRESENTATION('',(#4713),#4721);
#4713 = ( BOUNDED_CURVE() B_SPLINE_CURVE(2,(#4714,#4715,#4716,#4717,
#4718,#4719,#4720),.UNSPECIFIED.,.T.,.F.) B_SPLINE_CURVE_WITH_KNOTS((1,2
    ,2,2,2,1),(-2.094395102393,0.,2.094395102393,4.188790204786,
6.28318530718,8.377580409573),.UNSPECIFIED.) CURVE() 
GEOMETRIC_REPRESENTATION_ITEM() RATIONAL_B_SPLINE_CURVE((1.,0.5,1.,0.5,
1.,0.5,1.)) REPRESENTATION_ITEM('') );
#4714 = CARTESIAN_POINT('',(-2.746801352251,-22.49999977263));
#4715 = CARTESIAN_POINT('',(-2.746801352251,-17.73686005182));
#4716 = CARTESIAN_POINT('',(1.378198647749,-20.11842991223));
#4717 = CARTESIAN_POINT('',(5.503198647749,-22.49999977263));
#4718 = CARTESIAN_POINT('',(1.378198647749,-24.88156963304));
#4719 = CARTESIAN_POINT('',(-2.746801352251,-27.26313949345));
#4720 = CARTESIAN_POINT('',(-2.746801352251,-22.49999977263));
#4721 = ( GEOMETRIC_REPRESENTATION_CONTEXT(2) 
PARAMETRIC_REPRESENTATION_CONTEXT() REPRESENTATION_CONTEXT('2D SPACE',''
  ) );
#4722 = ORIENTED_EDGE('',*,*,#4723,.F.);
#4723 = EDGE_CURVE('',#4724,#4696,#4726,.T.);
#4724 = VERTEX_POINT('',#4725);
#4725 = CARTESIAN_POINT('',(2.753198647749,-22.49999977263,2.5));
#4726 = SURFACE_CURVE('',#4727,(#4731,#4738),.PCURVE_S1.);
#4727 = LINE('',#4728,#4729);
#4728 = CARTESIAN_POINT('',(2.753198647749,-22.49999977263,0.));
#4729 = VECTOR('',#4730,1.);
#4730 = DIRECTION('',(-0.,-0.,-1.));
#4731 = PCURVE('',#4671,#4732);
#4732 = DEFINITIONAL_REPRESENTATION('',(#4733),#4737);
#4733 = LINE('',#4734,#4735);
#4734 = CARTESIAN_POINT('',(3.14159265359,0.));
#4735 = VECTOR('',#4736,1.);
#4736 = DIRECTION('',(0.,1.));
#4737 = ( GEOMETRIC_REPRESENTATION_CONTEXT(2) 
PARAMETRIC_REPRESENTATION_CONTEXT() REPRESENTATION_CONTEXT('2D SPACE',''
  ) );
#4738 = PCURVE('',#4683,#4739);
#4739 = DEFINITIONAL_REPRESENTATION('',(#4740),#4744);
#4740 = LINE('',#4741,#4742);
#4741 = CARTESIAN_POINT('',(3.14159265359,0.));
#4742 = VECTOR('',#4743,1.);
#4743 = DIRECTION('',(0.,1.));
#4744 = ( GEOMETRIC_REPRESENTATION_CONTEXT(2) 
PARAMETRIC_REPRESENTATION_CONTEXT() REPRESENTATION_CONTEXT('2D SPACE',''
  ) );
#4745 = ORIENTED_EDGE('',*,*,#4746,.T.);
#4746 = EDGE_CURVE('',#4724,#4661,#4747,.T.);
#4747 = SURFACE_CURVE('',#4748,(#4753,#4760),.PCURVE_S1.);
#4748 = CIRCLE('',#4749,2.75);
#4749 = AXIS2_PLACEMENT_3D('',#4750,#4751,#4752);
#4750 = CARTESIAN_POINT('',(3.198647749112E-03,-22.49999977263,2.5));
#4751 = DIRECTION('',(-0.,0.,-1.));
#4752 = DIRECTION('',(-1.,0.,0.));
#4753 = PCURVE('',#4671,#4754);
#4754 = DEFINITIONAL_REPRESENTATION('',(#4755),#4759);
#4755 = LINE('',#4756,#4757);
#4756 = CARTESIAN_POINT('',(0.,-2.5));
#4757 = VECTOR('',#4758,1.);
#4758 = DIRECTION('',(1.,0.));
#4759 = ( GEOMETRIC_REPRESENTATION_CONTEXT(2) 
PARAMETRIC_REPRESENTATION_CONTEXT() REPRESENTATION_CONTEXT('2D SPACE',''
  ) );
#4760 = PCURVE('',#4761,#4766);
#4761 = PLANE('',#4762);
#4762 = AXIS2_PLACEMENT_3D('',#4763,#4764,#4765);
#4763 = CARTESIAN_POINT('',(1.353198647749,-22.49999977263,2.5));
#4764 = DIRECTION('',(0.,0.,1.));
#4765 = DIRECTION('',(1.,0.,-0.));
#4766 = DEFINITIONAL_REPRESENTATION('',(#4767),#4775);
#4767 = ( BOUNDED_CURVE() B_SPLINE_CURVE(2,(#4768,#4769,#4770,#4771,
#4772,#4773,#4774),.UNSPECIFIED.,.T.,.F.) B_SPLINE_CURVE_WITH_KNOTS((1,2
    ,2,2,2,1),(-2.094395102393,0.,2.094395102393,4.188790204786,
6.28318530718,8.377580409573),.UNSPECIFIED.) CURVE() 
GEOMETRIC_REPRESENTATION_ITEM() RATIONAL_B_SPLINE_CURVE((1.,0.5,1.,0.5,
1.,0.5,1.)) REPRESENTATION_ITEM('') );
#4768 = CARTESIAN_POINT('',(-4.1,0.));
#4769 = CARTESIAN_POINT('',(-4.1,4.763139720814));
#4770 = CARTESIAN_POINT('',(2.5E-02,2.381569860407));
#4771 = CARTESIAN_POINT('',(4.15,6.73555739531E-16));
#4772 = CARTESIAN_POINT('',(2.5E-02,-2.381569860407));
#4773 = CARTESIAN_POINT('',(-4.1,-4.763139720814));
#4774 = CARTESIAN_POINT('',(-4.1,0.));
#4775 = ( GEOMETRIC_REPRESENTATION_CONTEXT(2) 
PARAMETRIC_REPRESENTATION_CONTEXT() REPRESENTATION_CONTEXT('2D SPACE',''
  ) );
#4776 = ADVANCED_FACE('',(#4777),#4791,.F.);
#4777 = FACE_BOUND('',#4778,.F.);
#4778 = EDGE_LOOP('',(#4779,#4814,#4842,#4865));
#4779 = ORIENTED_EDGE('',*,*,#4780,.T.);
#4780 = EDGE_CURVE('',#4781,#4783,#4785,.T.);
#4781 = VERTEX_POINT('',#4782);
#4782 = CARTESIAN_POINT('',(-22.23397206437,-11.25276999652,2.5));
#4783 = VERTEX_POINT('',#4784);
#4784 = CARTESIAN_POINT('',(-22.23397206437,-11.25276999652,0.));
#4785 = SURFACE_CURVE('',#4786,(#4790,#4802),.PCURVE_S1.);
#4786 = LINE('',#4787,#4788);
#4787 = CARTESIAN_POINT('',(-22.23397206437,-11.25276999652,0.));
#4788 = VECTOR('',#4789,1.);
#4789 = DIRECTION('',(-0.,-0.,-1.));
#4790 = PCURVE('',#4791,#4796);
#4791 = CYLINDRICAL_SURFACE('',#4792,2.75);
#4792 = AXIS2_PLACEMENT_3D('',#4793,#4794,#4795);
#4793 = CARTESIAN_POINT('',(-19.48397206437,-11.25276999652,0.));
#4794 = DIRECTION('',(-0.,-0.,-1.));
#4795 = DIRECTION('',(-1.,0.,0.));
#4796 = DEFINITIONAL_REPRESENTATION('',(#4797),#4801);
#4797 = LINE('',#4798,#4799);
#4798 = CARTESIAN_POINT('',(6.28318530718,0.));
#4799 = VECTOR('',#4800,1.);
#4800 = DIRECTION('',(0.,1.));
#4801 = ( GEOMETRIC_REPRESENTATION_CONTEXT(2) 
PARAMETRIC_REPRESENTATION_CONTEXT() REPRESENTATION_CONTEXT('2D SPACE',''
  ) );
#4802 = PCURVE('',#4803,#4808);
#4803 = CYLINDRICAL_SURFACE('',#4804,2.75);
#4804 = AXIS2_PLACEMENT_3D('',#4805,#4806,#4807);
#4805 = CARTESIAN_POINT('',(-19.48397206437,-11.25276999652,0.));
#4806 = DIRECTION('',(-0.,-0.,-1.));
#4807 = DIRECTION('',(-1.,0.,0.));
#4808 = DEFINITIONAL_REPRESENTATION('',(#4809),#4813);
#4809 = LINE('',#4810,#4811);
#4810 = CARTESIAN_POINT('',(0.,0.));
#4811 = VECTOR('',#4812,1.);
#4812 = DIRECTION('',(0.,1.));
#4813 = ( GEOMETRIC_REPRESENTATION_CONTEXT(2) 
PARAMETRIC_REPRESENTATION_CONTEXT() REPRESENTATION_CONTEXT('2D SPACE',''
  ) );
#4814 = ORIENTED_EDGE('',*,*,#4815,.F.);
#4815 = EDGE_CURVE('',#4816,#4783,#4818,.T.);
#4816 = VERTEX_POINT('',#4817);
#4817 = CARTESIAN_POINT('',(-16.73397206437,-11.25276999652,0.));
#4818 = SURFACE_CURVE('',#4819,(#4824,#4831),.PCURVE_S1.);
#4819 = CIRCLE('',#4820,2.75);
#4820 = AXIS2_PLACEMENT_3D('',#4821,#4822,#4823);
#4821 = CARTESIAN_POINT('',(-19.48397206437,-11.25276999652,0.));
#4822 = DIRECTION('',(-0.,0.,-1.));
#4823 = DIRECTION('',(-1.,0.,0.));
#4824 = PCURVE('',#4791,#4825);
#4825 = DEFINITIONAL_REPRESENTATION('',(#4826),#4830);
#4826 = LINE('',#4827,#4828);
#4827 = CARTESIAN_POINT('',(0.,0.));
#4828 = VECTOR('',#4829,1.);
#4829 = DIRECTION('',(1.,0.));
#4830 = ( GEOMETRIC_REPRESENTATION_CONTEXT(2) 
PARAMETRIC_REPRESENTATION_CONTEXT() REPRESENTATION_CONTEXT('2D SPACE',''
  ) );
#4831 = PCURVE('',#128,#4832);
#4832 = DEFINITIONAL_REPRESENTATION('',(#4833),#4841);
#4833 = ( BOUNDED_CURVE() B_SPLINE_CURVE(2,(#4834,#4835,#4836,#4837,
#4838,#4839,#4840),.UNSPECIFIED.,.T.,.F.) B_SPLINE_CURVE_WITH_KNOTS((1,2
    ,2,2,2,1),(-2.094395102393,0.,2.094395102393,4.188790204786,
6.28318530718,8.377580409573),.UNSPECIFIED.) CURVE() 
GEOMETRIC_REPRESENTATION_ITEM() RATIONAL_B_SPLINE_CURVE((1.,0.5,1.,0.5,
1.,0.5,1.)) REPRESENTATION_ITEM('') );
#4834 = CARTESIAN_POINT('',(-22.23397206437,-11.25276999652));
#4835 = CARTESIAN_POINT('',(-22.23397206437,-6.489630275713));
#4836 = CARTESIAN_POINT('',(-18.10897206437,-8.87120013612));
#4837 = CARTESIAN_POINT('',(-13.98397206437,-11.25276999652));
#4838 = CARTESIAN_POINT('',(-18.10897206437,-13.63433985693));
#4839 = CARTESIAN_POINT('',(-22.23397206437,-16.01590971734));
#4840 = CARTESIAN_POINT('',(-22.23397206437,-11.25276999652));
#4841 = ( GEOMETRIC_REPRESENTATION_CONTEXT(2) 
PARAMETRIC_REPRESENTATION_CONTEXT() REPRESENTATION_CONTEXT('2D SPACE',''
  ) );
#4842 = ORIENTED_EDGE('',*,*,#4843,.F.);
#4843 = EDGE_CURVE('',#4844,#4816,#4846,.T.);
#4844 = VERTEX_POINT('',#4845);
#4845 = CARTESIAN_POINT('',(-16.73397206437,-11.25276999652,2.5));
#4846 = SURFACE_CURVE('',#4847,(#4851,#4858),.PCURVE_S1.);
#4847 = LINE('',#4848,#4849);
#4848 = CARTESIAN_POINT('',(-16.73397206437,-11.25276999652,0.));
#4849 = VECTOR('',#4850,1.);
#4850 = DIRECTION('',(-0.,-0.,-1.));
#4851 = PCURVE('',#4791,#4852);
#4852 = DEFINITIONAL_REPRESENTATION('',(#4853),#4857);
#4853 = LINE('',#4854,#4855);
#4854 = CARTESIAN_POINT('',(3.14159265359,0.));
#4855 = VECTOR('',#4856,1.);
#4856 = DIRECTION('',(0.,1.));
#4857 = ( GEOMETRIC_REPRESENTATION_CONTEXT(2) 
PARAMETRIC_REPRESENTATION_CONTEXT() REPRESENTATION_CONTEXT('2D SPACE',''
  ) );
#4858 = PCURVE('',#4803,#4859);
#4859 = DEFINITIONAL_REPRESENTATION('',(#4860),#4864);
#4860 = LINE('',#4861,#4862);
#4861 = CARTESIAN_POINT('',(3.14159265359,0.));
#4862 = VECTOR('',#4863,1.);
#4863 = DIRECTION('',(0.,1.));
#4864 = ( GEOMETRIC_REPRESENTATION_CONTEXT(2) 
PARAMETRIC_REPRESENTATION_CONTEXT() REPRESENTATION_CONTEXT('2D SPACE',''
  ) );
#4865 = ORIENTED_EDGE('',*,*,#4866,.T.);
#4866 = EDGE_CURVE('',#4844,#4781,#4867,.T.);
#4867 = SURFACE_CURVE('',#4868,(#4873,#4880),.PCURVE_S1.);
#4868 = CIRCLE('',#4869,2.75);
#4869 = AXIS2_PLACEMENT_3D('',#4870,#4871,#4872);
#4870 = CARTESIAN_POINT('',(-19.48397206437,-11.25276999652,2.5));
#4871 = DIRECTION('',(-0.,0.,-1.));
#4872 = DIRECTION('',(-1.,0.,0.));
#4873 = PCURVE('',#4791,#4874);
#4874 = DEFINITIONAL_REPRESENTATION('',(#4875),#4879);
#4875 = LINE('',#4876,#4877);
#4876 = CARTESIAN_POINT('',(0.,-2.5));
#4877 = VECTOR('',#4878,1.);
#4878 = DIRECTION('',(1.,0.));
#4879 = ( GEOMETRIC_REPRESENTATION_CONTEXT(2) 
PARAMETRIC_REPRESENTATION_CONTEXT() REPRESENTATION_CONTEXT('2D SPACE',''
  ) );
#4880 = PCURVE('',#4881,#4886);
#4881 = PLANE('',#4882);
#4882 = AXIS2_PLACEMENT_3D('',#4883,#4884,#4885);
#4883 = CARTESIAN_POINT('',(-18.13397206437,-11.25276999652,2.5));
#4884 = DIRECTION('',(0.,0.,1.));
#4885 = DIRECTION('',(1.,0.,-0.));
#4886 = DEFINITIONAL_REPRESENTATION('',(#4887),#4895);
#4887 = ( BOUNDED_CURVE() B_SPLINE_CURVE(2,(#4888,#4889,#4890,#4891,
#4892,#4893,#4894),.UNSPECIFIED.,.T.,.F.) B_SPLINE_CURVE_WITH_KNOTS((1,2
    ,2,2,2,1),(-2.094395102393,0.,2.094395102393,4.188790204786,
6.28318530718,8.377580409573),.UNSPECIFIED.) CURVE() 
GEOMETRIC_REPRESENTATION_ITEM() RATIONAL_B_SPLINE_CURVE((1.,0.5,1.,0.5,
1.,0.5,1.)) REPRESENTATION_ITEM('') );
#4888 = CARTESIAN_POINT('',(-4.1,0.));
#4889 = CARTESIAN_POINT('',(-4.1,4.763139720814));
#4890 = CARTESIAN_POINT('',(2.5E-02,2.381569860407));
#4891 = CARTESIAN_POINT('',(4.15,6.73555739531E-16));
#4892 = CARTESIAN_POINT('',(2.5E-02,-2.381569860407));
#4893 = CARTESIAN_POINT('',(-4.1,-4.763139720814));
#4894 = CARTESIAN_POINT('',(-4.1,0.));
#4895 = ( GEOMETRIC_REPRESENTATION_CONTEXT(2) 
PARAMETRIC_REPRESENTATION_CONTEXT() REPRESENTATION_CONTEXT('2D SPACE',''
  ) );
#4896 = ADVANCED_FACE('',(#4897),#4911,.F.);
#4897 = FACE_BOUND('',#4898,.F.);
#4898 = EDGE_LOOP('',(#4899,#4934,#4962,#4985));
#4899 = ORIENTED_EDGE('',*,*,#4900,.T.);
#4900 = EDGE_CURVE('',#4901,#4903,#4905,.T.);
#4901 = VERTEX_POINT('',#4902);
#4902 = CARTESIAN_POINT('',(-22.23717071212,11.24722977611,2.5));
#4903 = VERTEX_POINT('',#4904);
#4904 = CARTESIAN_POINT('',(-22.23717071212,11.24722977611,0.));
#4905 = SURFACE_CURVE('',#4906,(#4910,#4922),.PCURVE_S1.);
#4906 = LINE('',#4907,#4908);
#4907 = CARTESIAN_POINT('',(-22.23717071212,11.24722977611,0.));
#4908 = VECTOR('',#4909,1.);
#4909 = DIRECTION('',(-0.,-0.,-1.));
#4910 = PCURVE('',#4911,#4916);
#4911 = CYLINDRICAL_SURFACE('',#4912,2.75);
#4912 = AXIS2_PLACEMENT_3D('',#4913,#4914,#4915);
#4913 = CARTESIAN_POINT('',(-19.48717071212,11.24722977611,0.));
#4914 = DIRECTION('',(-0.,-0.,-1.));
#4915 = DIRECTION('',(-1.,0.,0.));
#4916 = DEFINITIONAL_REPRESENTATION('',(#4917),#4921);
#4917 = LINE('',#4918,#4919);
#4918 = CARTESIAN_POINT('',(6.28318530718,0.));
#4919 = VECTOR('',#4920,1.);
#4920 = DIRECTION('',(0.,1.));
#4921 = ( GEOMETRIC_REPRESENTATION_CONTEXT(2) 
PARAMETRIC_REPRESENTATION_CONTEXT() REPRESENTATION_CONTEXT('2D SPACE',''
  ) );
#4922 = PCURVE('',#4923,#4928);
#4923 = CYLINDRICAL_SURFACE('',#4924,2.75);
#4924 = AXIS2_PLACEMENT_3D('',#4925,#4926,#4927);
#4925 = CARTESIAN_POINT('',(-19.48717071212,11.24722977611,0.));
#4926 = DIRECTION('',(-0.,-0.,-1.));
#4927 = DIRECTION('',(-1.,0.,0.));
#4928 = DEFINITIONAL_REPRESENTATION('',(#4929),#4933);
#4929 = LINE('',#4930,#4931);
#4930 = CARTESIAN_POINT('',(0.,0.));
#4931 = VECTOR('',#4932,1.);
#4932 = DIRECTION('',(0.,1.));
#4933 = ( GEOMETRIC_REPRESENTATION_CONTEXT(2) 
PARAMETRIC_REPRESENTATION_CONTEXT() REPRESENTATION_CONTEXT('2D SPACE',''
  ) );
#4934 = ORIENTED_EDGE('',*,*,#4935,.F.);
#4935 = EDGE_CURVE('',#4936,#4903,#4938,.T.);
#4936 = VERTEX_POINT('',#4937);
#4937 = CARTESIAN_POINT('',(-16.73717071212,11.24722977611,0.));
#4938 = SURFACE_CURVE('',#4939,(#4944,#4951),.PCURVE_S1.);
#4939 = CIRCLE('',#4940,2.75);
#4940 = AXIS2_PLACEMENT_3D('',#4941,#4942,#4943);
#4941 = CARTESIAN_POINT('',(-19.48717071212,11.24722977611,0.));
#4942 = DIRECTION('',(-0.,0.,-1.));
#4943 = DIRECTION('',(-1.,0.,0.));
#4944 = PCURVE('',#4911,#4945);
#4945 = DEFINITIONAL_REPRESENTATION('',(#4946),#4950);
#4946 = LINE('',#4947,#4948);
#4947 = CARTESIAN_POINT('',(0.,0.));
#4948 = VECTOR('',#4949,1.);
#4949 = DIRECTION('',(1.,0.));
#4950 = ( GEOMETRIC_REPRESENTATION_CONTEXT(2) 
PARAMETRIC_REPRESENTATION_CONTEXT() REPRESENTATION_CONTEXT('2D SPACE',''
  ) );
#4951 = PCURVE('',#128,#4952);
#4952 = DEFINITIONAL_REPRESENTATION('',(#4953),#4961);
#4953 = ( BOUNDED_CURVE() B_SPLINE_CURVE(2,(#4954,#4955,#4956,#4957,
#4958,#4959,#4960),.UNSPECIFIED.,.T.,.F.) B_SPLINE_CURVE_WITH_KNOTS((1,2
    ,2,2,2,1),(-2.094395102393,0.,2.094395102393,4.188790204786,
6.28318530718,8.377580409573),.UNSPECIFIED.) CURVE() 
GEOMETRIC_REPRESENTATION_ITEM() RATIONAL_B_SPLINE_CURVE((1.,0.5,1.,0.5,
1.,0.5,1.)) REPRESENTATION_ITEM('') );
#4954 = CARTESIAN_POINT('',(-22.23717071212,11.24722977611));
#4955 = CARTESIAN_POINT('',(-22.23717071212,16.010369496924));
#4956 = CARTESIAN_POINT('',(-18.11217071212,13.628799636517));
#4957 = CARTESIAN_POINT('',(-13.98717071212,11.24722977611));
#4958 = CARTESIAN_POINT('',(-18.11217071212,8.865659915703));
#4959 = CARTESIAN_POINT('',(-22.23717071212,6.484090055296));
#4960 = CARTESIAN_POINT('',(-22.23717071212,11.24722977611));
#4961 = ( GEOMETRIC_REPRESENTATION_CONTEXT(2) 
PARAMETRIC_REPRESENTATION_CONTEXT() REPRESENTATION_CONTEXT('2D SPACE',''
  ) );
#4962 = ORIENTED_EDGE('',*,*,#4963,.F.);
#4963 = EDGE_CURVE('',#4964,#4936,#4966,.T.);
#4964 = VERTEX_POINT('',#4965);
#4965 = CARTESIAN_POINT('',(-16.73717071212,11.24722977611,2.5));
#4966 = SURFACE_CURVE('',#4967,(#4971,#4978),.PCURVE_S1.);
#4967 = LINE('',#4968,#4969);
#4968 = CARTESIAN_POINT('',(-16.73717071212,11.24722977611,0.));
#4969 = VECTOR('',#4970,1.);
#4970 = DIRECTION('',(-0.,-0.,-1.));
#4971 = PCURVE('',#4911,#4972);
#4972 = DEFINITIONAL_REPRESENTATION('',(#4973),#4977);
#4973 = LINE('',#4974,#4975);
#4974 = CARTESIAN_POINT('',(3.14159265359,0.));
#4975 = VECTOR('',#4976,1.);
#4976 = DIRECTION('',(0.,1.));
#4977 = ( GEOMETRIC_REPRESENTATION_CONTEXT(2) 
PARAMETRIC_REPRESENTATION_CONTEXT() REPRESENTATION_CONTEXT('2D SPACE',''
  ) );
#4978 = PCURVE('',#4923,#4979);
#4979 = DEFINITIONAL_REPRESENTATION('',(#4980),#4984);
#4980 = LINE('',#4981,#4982);
#4981 = CARTESIAN_POINT('',(3.14159265359,0.));
#4982 = VECTOR('',#4983,1.);
#4983 = DIRECTION('',(0.,1.));
#4984 = ( GEOMETRIC_REPRESENTATION_CONTEXT(2) 
PARAMETRIC_REPRESENTATION_CONTEXT() REPRESENTATION_CONTEXT('2D SPACE',''
  ) );
#4985 = ORIENTED_EDGE('',*,*,#4986,.T.);
#4986 = EDGE_CURVE('',#4964,#4901,#4987,.T.);
#4987 = SURFACE_CURVE('',#4988,(#4993,#5000),.PCURVE_S1.);
#4988 = CIRCLE('',#4989,2.75);
#4989 = AXIS2_PLACEMENT_3D('',#4990,#4991,#4992);
#4990 = CARTESIAN_POINT('',(-19.48717071212,11.24722977611,2.5));
#4991 = DIRECTION('',(-0.,0.,-1.));
#4992 = DIRECTION('',(-1.,0.,0.));
#4993 = PCURVE('',#4911,#4994);
#4994 = DEFINITIONAL_REPRESENTATION('',(#4995),#4999);
#4995 = LINE('',#4996,#4997);
#4996 = CARTESIAN_POINT('',(0.,-2.5));
#4997 = VECTOR('',#4998,1.);
#4998 = DIRECTION('',(1.,0.));
#4999 = ( GEOMETRIC_REPRESENTATION_CONTEXT(2) 
PARAMETRIC_REPRESENTATION_CONTEXT() REPRESENTATION_CONTEXT('2D SPACE',''
  ) );
#5000 = PCURVE('',#5001,#5006);
#5001 = PLANE('',#5002);
#5002 = AXIS2_PLACEMENT_3D('',#5003,#5004,#5005);
#5003 = CARTESIAN_POINT('',(-18.13717071212,11.24722977611,2.5));
#5004 = DIRECTION('',(0.,0.,1.));
#5005 = DIRECTION('',(1.,0.,-0.));
#5006 = DEFINITIONAL_REPRESENTATION('',(#5007),#5015);
#5007 = ( BOUNDED_CURVE() B_SPLINE_CURVE(2,(#5008,#5009,#5010,#5011,
#5012,#5013,#5014),.UNSPECIFIED.,.T.,.F.) B_SPLINE_CURVE_WITH_KNOTS((1,2
    ,2,2,2,1),(-2.094395102393,0.,2.094395102393,4.188790204786,
6.28318530718,8.377580409573),.UNSPECIFIED.) CURVE() 
GEOMETRIC_REPRESENTATION_ITEM() RATIONAL_B_SPLINE_CURVE((1.,0.5,1.,0.5,
1.,0.5,1.)) REPRESENTATION_ITEM('') );
#5008 = CARTESIAN_POINT('',(-4.1,0.));
#5009 = CARTESIAN_POINT('',(-4.1,4.763139720814));
#5010 = CARTESIAN_POINT('',(2.5E-02,2.381569860407));
#5011 = CARTESIAN_POINT('',(4.15,6.73555739531E-16));
#5012 = CARTESIAN_POINT('',(2.5E-02,-2.381569860407));
#5013 = CARTESIAN_POINT('',(-4.1,-4.763139720814));
#5014 = CARTESIAN_POINT('',(-4.1,0.));
#5015 = ( GEOMETRIC_REPRESENTATION_CONTEXT(2) 
PARAMETRIC_REPRESENTATION_CONTEXT() REPRESENTATION_CONTEXT('2D SPACE',''
  ) );
#5016 = ADVANCED_FACE('',(#5017),#5032,.T.);
#5017 = FACE_BOUND('',#5018,.T.);
#5018 = EDGE_LOOP('',(#5019,#5054,#5083,#5112));
#5019 = ORIENTED_EDGE('',*,*,#5020,.F.);
#5020 = EDGE_CURVE('',#5021,#5023,#5025,.T.);
#5021 = VERTEX_POINT('',#5022);
#5022 = CARTESIAN_POINT('',(-1.,1.224646799147E-16,10.));
#5023 = VERTEX_POINT('',#5024);
#5024 = CARTESIAN_POINT('',(1.,0.,10.));
#5025 = SURFACE_CURVE('',#5026,(#5031,#5043),.PCURVE_S1.);
#5026 = CIRCLE('',#5027,1.);
#5027 = AXIS2_PLACEMENT_3D('',#5028,#5029,#5030);
#5028 = CARTESIAN_POINT('',(0.,0.,10.));
#5029 = DIRECTION('',(0.,0.,-1.));
#5030 = DIRECTION('',(1.,0.,0.));
#5031 = PCURVE('',#5032,#5037);
#5032 = TOROIDAL_SURFACE('',#5033,1.,0.5);
#5033 = AXIS2_PLACEMENT_3D('',#5034,#5035,#5036);
#5034 = CARTESIAN_POINT('',(0.,0.,9.5));
#5035 = DIRECTION('',(-0.,0.,1.));
#5036 = DIRECTION('',(1.,0.,0.));
#5037 = DEFINITIONAL_REPRESENTATION('',(#5038),#5042);
#5038 = LINE('',#5039,#5040);
#5039 = CARTESIAN_POINT('',(6.28318530718,1.570796326795));
#5040 = VECTOR('',#5041,1.);
#5041 = DIRECTION('',(-1.,0.));
#5042 = ( GEOMETRIC_REPRESENTATION_CONTEXT(2) 
PARAMETRIC_REPRESENTATION_CONTEXT() REPRESENTATION_CONTEXT('2D SPACE',''
  ) );
#5043 = PCURVE('',#356,#5044);
#5044 = DEFINITIONAL_REPRESENTATION('',(#5045),#5053);
#5045 = ( BOUNDED_CURVE() B_SPLINE_CURVE(2,(#5046,#5047,#5048,#5049,
#5050,#5051,#5052),.UNSPECIFIED.,.T.,.F.) B_SPLINE_CURVE_WITH_KNOTS((1,2
    ,2,2,2,1),(-2.094395102393,0.,2.094395102393,4.188790204786,
6.28318530718,8.377580409573),.UNSPECIFIED.) CURVE() 
GEOMETRIC_REPRESENTATION_ITEM() RATIONAL_B_SPLINE_CURVE((1.,0.5,1.,0.5,
1.,0.5,1.)) REPRESENTATION_ITEM('') );
#5046 = CARTESIAN_POINT('',(1.,0.));
#5047 = CARTESIAN_POINT('',(1.,-1.732050807569));
#5048 = CARTESIAN_POINT('',(-0.5,-0.866025403784));
#5049 = CARTESIAN_POINT('',(-2.,-2.449293598295E-16));
#5050 = CARTESIAN_POINT('',(-0.5,0.866025403784));
#5051 = CARTESIAN_POINT('',(1.,1.732050807569));
#5052 = CARTESIAN_POINT('',(1.,0.));
#5053 = ( GEOMETRIC_REPRESENTATION_CONTEXT(2) 
PARAMETRIC_REPRESENTATION_CONTEXT() REPRESENTATION_CONTEXT('2D SPACE',''
  ) );
#5054 = ORIENTED_EDGE('',*,*,#5055,.T.);
#5055 = EDGE_CURVE('',#5021,#5056,#5058,.T.);
#5056 = VERTEX_POINT('',#5057);
#5057 = CARTESIAN_POINT('',(-0.5,0.,9.5));
#5058 = SURFACE_CURVE('',#5059,(#5064,#5071),.PCURVE_S1.);
#5059 = CIRCLE('',#5060,0.5);
#5060 = AXIS2_PLACEMENT_3D('',#5061,#5062,#5063);
#5061 = CARTESIAN_POINT('',(-1.,1.224646799147E-16,9.5));
#5062 = DIRECTION('',(1.224646799147E-16,1.,0.));
#5063 = DIRECTION('',(-1.,1.224646799147E-16,0.));
#5064 = PCURVE('',#5032,#5065);
#5065 = DEFINITIONAL_REPRESENTATION('',(#5066),#5070);
#5066 = LINE('',#5067,#5068);
#5067 = CARTESIAN_POINT('',(3.14159265359,0.));
#5068 = VECTOR('',#5069,1.);
#5069 = DIRECTION('',(0.,1.));
#5070 = ( GEOMETRIC_REPRESENTATION_CONTEXT(2) 
PARAMETRIC_REPRESENTATION_CONTEXT() REPRESENTATION_CONTEXT('2D SPACE',''
  ) );
#5071 = PCURVE('',#5072,#5077);
#5072 = TOROIDAL_SURFACE('',#5073,1.,0.5);
#5073 = AXIS2_PLACEMENT_3D('',#5074,#5075,#5076);
#5074 = CARTESIAN_POINT('',(0.,0.,9.5));
#5075 = DIRECTION('',(-0.,0.,1.));
#5076 = DIRECTION('',(1.,0.,0.));
#5077 = DEFINITIONAL_REPRESENTATION('',(#5078),#5082);
#5078 = LINE('',#5079,#5080);
#5079 = CARTESIAN_POINT('',(3.14159265359,0.));
#5080 = VECTOR('',#5081,1.);
#5081 = DIRECTION('',(0.,1.));
#5082 = ( GEOMETRIC_REPRESENTATION_CONTEXT(2) 
PARAMETRIC_REPRESENTATION_CONTEXT() REPRESENTATION_CONTEXT('2D SPACE',''
  ) );
#5083 = ORIENTED_EDGE('',*,*,#5084,.F.);
#5084 = EDGE_CURVE('',#5085,#5056,#5087,.T.);
#5085 = VERTEX_POINT('',#5086);
#5086 = CARTESIAN_POINT('',(0.5,6.123233995737E-17,9.5));
#5087 = SURFACE_CURVE('',#5088,(#5093,#5100),.PCURVE_S1.);
#5088 = CIRCLE('',#5089,0.5);
#5089 = AXIS2_PLACEMENT_3D('',#5090,#5091,#5092);
#5090 = CARTESIAN_POINT('',(0.,0.,9.5));
#5091 = DIRECTION('',(-0.,0.,1.));
#5092 = DIRECTION('',(1.,0.,0.));
#5093 = PCURVE('',#5032,#5094);
#5094 = DEFINITIONAL_REPRESENTATION('',(#5095),#5099);
#5095 = LINE('',#5096,#5097);
#5096 = CARTESIAN_POINT('',(0.,3.14159265359));
#5097 = VECTOR('',#5098,1.);
#5098 = DIRECTION('',(1.,0.));
#5099 = ( GEOMETRIC_REPRESENTATION_CONTEXT(2) 
PARAMETRIC_REPRESENTATION_CONTEXT() REPRESENTATION_CONTEXT('2D SPACE',''
  ) );
#5100 = PCURVE('',#5101,#5106);
#5101 = CYLINDRICAL_SURFACE('',#5102,0.5);
#5102 = AXIS2_PLACEMENT_3D('',#5103,#5104,#5105);
#5103 = CARTESIAN_POINT('',(0.,0.,10.));
#5104 = DIRECTION('',(-0.,-0.,-1.));
#5105 = DIRECTION('',(-1.,0.,0.));
#5106 = DEFINITIONAL_REPRESENTATION('',(#5107),#5111);
#5107 = LINE('',#5108,#5109);
#5108 = CARTESIAN_POINT('',(3.14159265359,0.5));
#5109 = VECTOR('',#5110,1.);
#5110 = DIRECTION('',(-1.,0.));
#5111 = ( GEOMETRIC_REPRESENTATION_CONTEXT(2) 
PARAMETRIC_REPRESENTATION_CONTEXT() REPRESENTATION_CONTEXT('2D SPACE',''
  ) );
#5112 = ORIENTED_EDGE('',*,*,#5113,.F.);
#5113 = EDGE_CURVE('',#5023,#5085,#5114,.T.);
#5114 = SURFACE_CURVE('',#5115,(#5120,#5127),.PCURVE_S1.);
#5115 = CIRCLE('',#5116,0.5);
#5116 = AXIS2_PLACEMENT_3D('',#5117,#5118,#5119);
#5117 = CARTESIAN_POINT('',(1.,0.,9.5));
#5118 = DIRECTION('',(0.,-1.,0.));
#5119 = DIRECTION('',(0.,0.,-1.));
#5120 = PCURVE('',#5032,#5121);
#5121 = DEFINITIONAL_REPRESENTATION('',(#5122),#5126);
#5122 = LINE('',#5123,#5124);
#5123 = CARTESIAN_POINT('',(0.,-1.570796326795));
#5124 = VECTOR('',#5125,1.);
#5125 = DIRECTION('',(0.,1.));
#5126 = ( GEOMETRIC_REPRESENTATION_CONTEXT(2) 
PARAMETRIC_REPRESENTATION_CONTEXT() REPRESENTATION_CONTEXT('2D SPACE',''
  ) );
#5127 = PCURVE('',#5072,#5128);
#5128 = DEFINITIONAL_REPRESENTATION('',(#5129),#5133);
#5129 = LINE('',#5130,#5131);
#5130 = CARTESIAN_POINT('',(6.28318530718,-1.570796326795));
#5131 = VECTOR('',#5132,1.);
#5132 = DIRECTION('',(0.,1.));
#5133 = ( GEOMETRIC_REPRESENTATION_CONTEXT(2) 
PARAMETRIC_REPRESENTATION_CONTEXT() REPRESENTATION_CONTEXT('2D SPACE',''
  ) );
#5134 = ADVANCED_FACE('',(#5135),#5150,.T.);
#5135 = FACE_BOUND('',#5136,.T.);
#5136 = EDGE_LOOP('',(#5137,#5173,#5202,#5231));
#5137 = ORIENTED_EDGE('',*,*,#5138,.F.);
#5138 = EDGE_CURVE('',#5139,#5141,#5143,.T.);
#5139 = VERTEX_POINT('',#5140);
#5140 = CARTESIAN_POINT('',(-35.02,44.54,20.));
#5141 = VERTEX_POINT('',#5142);
#5142 = CARTESIAN_POINT('',(-37.82,44.54,20.));
#5143 = SURFACE_CURVE('',#5144,(#5149,#5161),.PCURVE_S1.);
#5144 = CIRCLE('',#5145,1.4);
#5145 = AXIS2_PLACEMENT_3D('',#5146,#5147,#5148);
#5146 = CARTESIAN_POINT('',(-36.42,44.54,20.));
#5147 = DIRECTION('',(0.,0.,1.));
#5148 = DIRECTION('',(-1.,0.,0.));
#5149 = PCURVE('',#5150,#5155);
#5150 = TOROIDAL_SURFACE('',#5151,1.9,0.5);
#5151 = AXIS2_PLACEMENT_3D('',#5152,#5153,#5154);
#5152 = CARTESIAN_POINT('',(-36.42,44.54,20.));
#5153 = DIRECTION('',(-0.,-0.,-1.));
#5154 = DIRECTION('',(-1.,0.,0.));
#5155 = DEFINITIONAL_REPRESENTATION('',(#5156),#5160);
#5156 = LINE('',#5157,#5158);
#5157 = CARTESIAN_POINT('',(6.28318530718,3.14159265359));
#5158 = VECTOR('',#5159,1.);
#5159 = DIRECTION('',(-1.,1.413579858428E-16));
#5160 = ( GEOMETRIC_REPRESENTATION_CONTEXT(2) 
PARAMETRIC_REPRESENTATION_CONTEXT() REPRESENTATION_CONTEXT('2D SPACE',''
  ) );
#5161 = PCURVE('',#5162,#5167);
#5162 = CYLINDRICAL_SURFACE('',#5163,1.4);
#5163 = AXIS2_PLACEMENT_3D('',#5164,#5165,#5166);
#5164 = CARTESIAN_POINT('',(-36.42,44.54,0.));
#5165 = DIRECTION('',(-0.,-0.,1.));
#5166 = DIRECTION('',(1.,0.,0.));
#5167 = DEFINITIONAL_REPRESENTATION('',(#5168),#5172);
#5168 = LINE('',#5169,#5170);
#5169 = CARTESIAN_POINT('',(-3.14159265359,20.));
#5170 = VECTOR('',#5171,1.);
#5171 = DIRECTION('',(1.,0.));
#5172 = ( GEOMETRIC_REPRESENTATION_CONTEXT(2) 
PARAMETRIC_REPRESENTATION_CONTEXT() REPRESENTATION_CONTEXT('2D SPACE',''
  ) );
#5173 = ORIENTED_EDGE('',*,*,#5174,.T.);
#5174 = EDGE_CURVE('',#5139,#5175,#5177,.T.);
#5175 = VERTEX_POINT('',#5176);
#5176 = CARTESIAN_POINT('',(-34.52,44.54,20.5));
#5177 = SURFACE_CURVE('',#5178,(#5183,#5190),.PCURVE_S1.);
#5178 = CIRCLE('',#5179,0.5);
#5179 = AXIS2_PLACEMENT_3D('',#5180,#5181,#5182);
#5180 = CARTESIAN_POINT('',(-34.52,44.54,20.));
#5181 = DIRECTION('',(-1.224646799147E-16,1.,0.));
#5182 = DIRECTION('',(-1.,-1.224646799147E-16,-0.));
#5183 = PCURVE('',#5150,#5184);
#5184 = DEFINITIONAL_REPRESENTATION('',(#5185),#5189);
#5185 = LINE('',#5186,#5187);
#5186 = CARTESIAN_POINT('',(3.14159265359,3.14159265359));
#5187 = VECTOR('',#5188,1.);
#5188 = DIRECTION('',(0.,1.));
#5189 = ( GEOMETRIC_REPRESENTATION_CONTEXT(2) 
PARAMETRIC_REPRESENTATION_CONTEXT() REPRESENTATION_CONTEXT('2D SPACE',''
  ) );
#5190 = PCURVE('',#5191,#5196);
#5191 = TOROIDAL_SURFACE('',#5192,1.9,0.5);
#5192 = AXIS2_PLACEMENT_3D('',#5193,#5194,#5195);
#5193 = CARTESIAN_POINT('',(-36.42,44.54,20.));
#5194 = DIRECTION('',(-0.,-0.,-1.));
#5195 = DIRECTION('',(-1.,0.,0.));
#5196 = DEFINITIONAL_REPRESENTATION('',(#5197),#5201);
#5197 = LINE('',#5198,#5199);
#5198 = CARTESIAN_POINT('',(3.14159265359,3.14159265359));
#5199 = VECTOR('',#5200,1.);
#5200 = DIRECTION('',(0.,1.));
#5201 = ( GEOMETRIC_REPRESENTATION_CONTEXT(2) 
PARAMETRIC_REPRESENTATION_CONTEXT() REPRESENTATION_CONTEXT('2D SPACE',''
  ) );
#5202 = ORIENTED_EDGE('',*,*,#5203,.F.);
#5203 = EDGE_CURVE('',#5204,#5175,#5206,.T.);
#5204 = VERTEX_POINT('',#5205);
#5205 = CARTESIAN_POINT('',(-38.32,44.54,20.5));
#5206 = SURFACE_CURVE('',#5207,(#5212,#5219),.PCURVE_S1.);
#5207 = CIRCLE('',#5208,1.9);
#5208 = AXIS2_PLACEMENT_3D('',#5209,#5210,#5211);
#5209 = CARTESIAN_POINT('',(-36.42,44.54,20.5));
#5210 = DIRECTION('',(-0.,0.,-1.));
#5211 = DIRECTION('',(-1.,0.,0.));
#5212 = PCURVE('',#5150,#5213);
#5213 = DEFINITIONAL_REPRESENTATION('',(#5214),#5218);
#5214 = LINE('',#5215,#5216);
#5215 = CARTESIAN_POINT('',(0.,4.712388980385));
#5216 = VECTOR('',#5217,1.);
#5217 = DIRECTION('',(1.,0.));
#5218 = ( GEOMETRIC_REPRESENTATION_CONTEXT(2) 
PARAMETRIC_REPRESENTATION_CONTEXT() REPRESENTATION_CONTEXT('2D SPACE',''
  ) );
#5219 = PCURVE('',#5220,#5225);
#5220 = PLANE('',#5221);
#5221 = AXIS2_PLACEMENT_3D('',#5222,#5223,#5224);
#5222 = CARTESIAN_POINT('',(-36.42,37.54,20.5));
#5223 = DIRECTION('',(-0.,0.,-1.));
#5224 = DIRECTION('',(-1.,0.,0.));
#5225 = DEFINITIONAL_REPRESENTATION('',(#5226),#5230);
#5226 = CIRCLE('',#5227,1.9);
#5227 = AXIS2_PLACEMENT_2D('',#5228,#5229);
#5228 = CARTESIAN_POINT('',(0.,7.));
#5229 = DIRECTION('',(1.,0.));
#5230 = ( GEOMETRIC_REPRESENTATION_CONTEXT(2) 
PARAMETRIC_REPRESENTATION_CONTEXT() REPRESENTATION_CONTEXT('2D SPACE',''
  ) );
#5231 = ORIENTED_EDGE('',*,*,#5232,.F.);
#5232 = EDGE_CURVE('',#5141,#5204,#5233,.T.);
#5233 = SURFACE_CURVE('',#5234,(#5239,#5246),.PCURVE_S1.);
#5234 = CIRCLE('',#5235,0.5);
#5235 = AXIS2_PLACEMENT_3D('',#5236,#5237,#5238);
#5236 = CARTESIAN_POINT('',(-38.32,44.54,20.));
#5237 = DIRECTION('',(0.,-1.,0.));
#5238 = DIRECTION('',(0.,0.,-1.));
#5239 = PCURVE('',#5150,#5240);
#5240 = DEFINITIONAL_REPRESENTATION('',(#5241),#5245);
#5241 = LINE('',#5242,#5243);
#5242 = CARTESIAN_POINT('',(0.,1.570796326795));
#5243 = VECTOR('',#5244,1.);
#5244 = DIRECTION('',(0.,1.));
#5245 = ( GEOMETRIC_REPRESENTATION_CONTEXT(2) 
PARAMETRIC_REPRESENTATION_CONTEXT() REPRESENTATION_CONTEXT('2D SPACE',''
  ) );
#5246 = PCURVE('',#5191,#5247);
#5247 = DEFINITIONAL_REPRESENTATION('',(#5248),#5252);
#5248 = LINE('',#5249,#5250);
#5249 = CARTESIAN_POINT('',(6.28318530718,1.570796326795));
#5250 = VECTOR('',#5251,1.);
#5251 = DIRECTION('',(0.,1.));
#5252 = ( GEOMETRIC_REPRESENTATION_CONTEXT(2) 
PARAMETRIC_REPRESENTATION_CONTEXT() REPRESENTATION_CONTEXT('2D SPACE',''
  ) );
#5253 = ADVANCED_FACE('',(#5254),#5269,.T.);
#5254 = FACE_BOUND('',#5255,.T.);
#5255 = EDGE_LOOP('',(#5256,#5292,#5321,#5345));
#5256 = ORIENTED_EDGE('',*,*,#5257,.F.);
#5257 = EDGE_CURVE('',#5258,#5260,#5262,.T.);
#5258 = VERTEX_POINT('',#5259);
#5259 = CARTESIAN_POINT('',(-28.02,37.54,20.));
#5260 = VERTEX_POINT('',#5261);
#5261 = CARTESIAN_POINT('',(-30.82,37.54,20.));
#5262 = SURFACE_CURVE('',#5263,(#5268,#5280),.PCURVE_S1.);
#5263 = CIRCLE('',#5264,1.4);
#5264 = AXIS2_PLACEMENT_3D('',#5265,#5266,#5267);
#5265 = CARTESIAN_POINT('',(-29.42,37.54,20.));
#5266 = DIRECTION('',(0.,0.,1.));
#5267 = DIRECTION('',(-1.,0.,0.));
#5268 = PCURVE('',#5269,#5274);
#5269 = TOROIDAL_SURFACE('',#5270,1.9,0.5);
#5270 = AXIS2_PLACEMENT_3D('',#5271,#5272,#5273);
#5271 = CARTESIAN_POINT('',(-29.42,37.54,20.));
#5272 = DIRECTION('',(-0.,-0.,-1.));
#5273 = DIRECTION('',(-1.,0.,0.));
#5274 = DEFINITIONAL_REPRESENTATION('',(#5275),#5279);
#5275 = LINE('',#5276,#5277);
#5276 = CARTESIAN_POINT('',(6.28318530718,3.14159265359));
#5277 = VECTOR('',#5278,1.);
#5278 = DIRECTION('',(-1.,1.413579858428E-16));
#5279 = ( GEOMETRIC_REPRESENTATION_CONTEXT(2) 
PARAMETRIC_REPRESENTATION_CONTEXT() REPRESENTATION_CONTEXT('2D SPACE',''
  ) );
#5280 = PCURVE('',#5281,#5286);
#5281 = CYLINDRICAL_SURFACE('',#5282,1.4);
#5282 = AXIS2_PLACEMENT_3D('',#5283,#5284,#5285);
#5283 = CARTESIAN_POINT('',(-29.42,37.54,0.));
#5284 = DIRECTION('',(-0.,-0.,1.));
#5285 = DIRECTION('',(1.,0.,0.));
#5286 = DEFINITIONAL_REPRESENTATION('',(#5287),#5291);
#5287 = LINE('',#5288,#5289);
#5288 = CARTESIAN_POINT('',(-3.14159265359,20.));
#5289 = VECTOR('',#5290,1.);
#5290 = DIRECTION('',(1.,0.));
#5291 = ( GEOMETRIC_REPRESENTATION_CONTEXT(2) 
PARAMETRIC_REPRESENTATION_CONTEXT() REPRESENTATION_CONTEXT('2D SPACE',''
  ) );
#5292 = ORIENTED_EDGE('',*,*,#5293,.T.);
#5293 = EDGE_CURVE('',#5258,#5294,#5296,.T.);
#5294 = VERTEX_POINT('',#5295);
#5295 = CARTESIAN_POINT('',(-27.52,37.54,20.5));
#5296 = SURFACE_CURVE('',#5297,(#5302,#5309),.PCURVE_S1.);
#5297 = CIRCLE('',#5298,0.5);
#5298 = AXIS2_PLACEMENT_3D('',#5299,#5300,#5301);
#5299 = CARTESIAN_POINT('',(-27.52,37.54,20.));
#5300 = DIRECTION('',(-1.224646799147E-16,1.,0.));
#5301 = DIRECTION('',(-1.,-1.224646799147E-16,-0.));
#5302 = PCURVE('',#5269,#5303);
#5303 = DEFINITIONAL_REPRESENTATION('',(#5304),#5308);
#5304 = LINE('',#5305,#5306);
#5305 = CARTESIAN_POINT('',(3.14159265359,3.14159265359));
#5306 = VECTOR('',#5307,1.);
#5307 = DIRECTION('',(0.,1.));
#5308 = ( GEOMETRIC_REPRESENTATION_CONTEXT(2) 
PARAMETRIC_REPRESENTATION_CONTEXT() REPRESENTATION_CONTEXT('2D SPACE',''
  ) );
#5309 = PCURVE('',#5310,#5315);
#5310 = TOROIDAL_SURFACE('',#5311,1.9,0.5);
#5311 = AXIS2_PLACEMENT_3D('',#5312,#5313,#5314);
#5312 = CARTESIAN_POINT('',(-29.42,37.54,20.));
#5313 = DIRECTION('',(-0.,-0.,-1.));
#5314 = DIRECTION('',(-1.,0.,0.));
#5315 = DEFINITIONAL_REPRESENTATION('',(#5316),#5320);
#5316 = LINE('',#5317,#5318);
#5317 = CARTESIAN_POINT('',(3.14159265359,3.14159265359));
#5318 = VECTOR('',#5319,1.);
#5319 = DIRECTION('',(0.,1.));
#5320 = ( GEOMETRIC_REPRESENTATION_CONTEXT(2) 
PARAMETRIC_REPRESENTATION_CONTEXT() REPRESENTATION_CONTEXT('2D SPACE',''
  ) );
#5321 = ORIENTED_EDGE('',*,*,#5322,.F.);
#5322 = EDGE_CURVE('',#5323,#5294,#5325,.T.);
#5323 = VERTEX_POINT('',#5324);
#5324 = CARTESIAN_POINT('',(-31.32,37.54,20.5));
#5325 = SURFACE_CURVE('',#5326,(#5331,#5338),.PCURVE_S1.);
#5326 = CIRCLE('',#5327,1.9);
#5327 = AXIS2_PLACEMENT_3D('',#5328,#5329,#5330);
#5328 = CARTESIAN_POINT('',(-29.42,37.54,20.5));
#5329 = DIRECTION('',(-0.,0.,-1.));
#5330 = DIRECTION('',(-1.,0.,0.));
#5331 = PCURVE('',#5269,#5332);
#5332 = DEFINITIONAL_REPRESENTATION('',(#5333),#5337);
#5333 = LINE('',#5334,#5335);
#5334 = CARTESIAN_POINT('',(0.,4.712388980385));
#5335 = VECTOR('',#5336,1.);
#5336 = DIRECTION('',(1.,0.));
#5337 = ( GEOMETRIC_REPRESENTATION_CONTEXT(2) 
PARAMETRIC_REPRESENTATION_CONTEXT() REPRESENTATION_CONTEXT('2D SPACE',''
  ) );
#5338 = PCURVE('',#5220,#5339);
#5339 = DEFINITIONAL_REPRESENTATION('',(#5340),#5344);
#5340 = CIRCLE('',#5341,1.9);
#5341 = AXIS2_PLACEMENT_2D('',#5342,#5343);
#5342 = CARTESIAN_POINT('',(-7.,1.42108547152E-14));
#5343 = DIRECTION('',(1.,0.));
#5344 = ( GEOMETRIC_REPRESENTATION_CONTEXT(2) 
PARAMETRIC_REPRESENTATION_CONTEXT() REPRESENTATION_CONTEXT('2D SPACE',''
  ) );
#5345 = ORIENTED_EDGE('',*,*,#5346,.F.);
#5346 = EDGE_CURVE('',#5260,#5323,#5347,.T.);
#5347 = SURFACE_CURVE('',#5348,(#5353,#5360),.PCURVE_S1.);
#5348 = CIRCLE('',#5349,0.5);
#5349 = AXIS2_PLACEMENT_3D('',#5350,#5351,#5352);
#5350 = CARTESIAN_POINT('',(-31.32,37.54,20.));
#5351 = DIRECTION('',(0.,-1.,0.));
#5352 = DIRECTION('',(0.,0.,-1.));
#5353 = PCURVE('',#5269,#5354);
#5354 = DEFINITIONAL_REPRESENTATION('',(#5355),#5359);
#5355 = LINE('',#5356,#5357);
#5356 = CARTESIAN_POINT('',(0.,1.570796326795));
#5357 = VECTOR('',#5358,1.);
#5358 = DIRECTION('',(0.,1.));
#5359 = ( GEOMETRIC_REPRESENTATION_CONTEXT(2) 
PARAMETRIC_REPRESENTATION_CONTEXT() REPRESENTATION_CONTEXT('2D SPACE',''
  ) );
#5360 = PCURVE('',#5310,#5361);
#5361 = DEFINITIONAL_REPRESENTATION('',(#5362),#5366);
#5362 = LINE('',#5363,#5364);
#5363 = CARTESIAN_POINT('',(6.28318530718,1.570796326795));
#5364 = VECTOR('',#5365,1.);
#5365 = DIRECTION('',(0.,1.));
#5366 = ( GEOMETRIC_REPRESENTATION_CONTEXT(2) 
PARAMETRIC_REPRESENTATION_CONTEXT() REPRESENTATION_CONTEXT('2D SPACE',''
  ) );
#5367 = ADVANCED_FACE('',(#5368),#5383,.T.);
#5368 = FACE_BOUND('',#5369,.T.);
#5369 = EDGE_LOOP('',(#5370,#5406,#5435,#5459));
#5370 = ORIENTED_EDGE('',*,*,#5371,.F.);
#5371 = EDGE_CURVE('',#5372,#5374,#5376,.T.);
#5372 = VERTEX_POINT('',#5373);
#5373 = CARTESIAN_POINT('',(-35.02,30.54,20.));
#5374 = VERTEX_POINT('',#5375);
#5375 = CARTESIAN_POINT('',(-37.82,30.54,20.));
#5376 = SURFACE_CURVE('',#5377,(#5382,#5394),.PCURVE_S1.);
#5377 = CIRCLE('',#5378,1.4);
#5378 = AXIS2_PLACEMENT_3D('',#5379,#5380,#5381);
#5379 = CARTESIAN_POINT('',(-36.42,30.54,20.));
#5380 = DIRECTION('',(0.,0.,1.));
#5381 = DIRECTION('',(-1.,0.,0.));
#5382 = PCURVE('',#5383,#5388);
#5383 = TOROIDAL_SURFACE('',#5384,1.9,0.5);
#5384 = AXIS2_PLACEMENT_3D('',#5385,#5386,#5387);
#5385 = CARTESIAN_POINT('',(-36.42,30.54,20.));
#5386 = DIRECTION('',(-0.,-0.,-1.));
#5387 = DIRECTION('',(-1.,0.,0.));
#5388 = DEFINITIONAL_REPRESENTATION('',(#5389),#5393);
#5389 = LINE('',#5390,#5391);
#5390 = CARTESIAN_POINT('',(6.28318530718,3.14159265359));
#5391 = VECTOR('',#5392,1.);
#5392 = DIRECTION('',(-1.,1.413579858428E-16));
#5393 = ( GEOMETRIC_REPRESENTATION_CONTEXT(2) 
PARAMETRIC_REPRESENTATION_CONTEXT() REPRESENTATION_CONTEXT('2D SPACE',''
  ) );
#5394 = PCURVE('',#5395,#5400);
#5395 = CYLINDRICAL_SURFACE('',#5396,1.4);
#5396 = AXIS2_PLACEMENT_3D('',#5397,#5398,#5399);
#5397 = CARTESIAN_POINT('',(-36.42,30.54,0.));
#5398 = DIRECTION('',(-0.,-0.,1.));
#5399 = DIRECTION('',(1.,0.,0.));
#5400 = DEFINITIONAL_REPRESENTATION('',(#5401),#5405);
#5401 = LINE('',#5402,#5403);
#5402 = CARTESIAN_POINT('',(-3.14159265359,20.));
#5403 = VECTOR('',#5404,1.);
#5404 = DIRECTION('',(1.,0.));
#5405 = ( GEOMETRIC_REPRESENTATION_CONTEXT(2) 
PARAMETRIC_REPRESENTATION_CONTEXT() REPRESENTATION_CONTEXT('2D SPACE',''
  ) );
#5406 = ORIENTED_EDGE('',*,*,#5407,.T.);
#5407 = EDGE_CURVE('',#5372,#5408,#5410,.T.);
#5408 = VERTEX_POINT('',#5409);
#5409 = CARTESIAN_POINT('',(-34.52,30.54,20.5));
#5410 = SURFACE_CURVE('',#5411,(#5416,#5423),.PCURVE_S1.);
#5411 = CIRCLE('',#5412,0.5);
#5412 = AXIS2_PLACEMENT_3D('',#5413,#5414,#5415);
#5413 = CARTESIAN_POINT('',(-34.52,30.54,20.));
#5414 = DIRECTION('',(-1.224646799147E-16,1.,0.));
#5415 = DIRECTION('',(-1.,-1.224646799147E-16,-0.));
#5416 = PCURVE('',#5383,#5417);
#5417 = DEFINITIONAL_REPRESENTATION('',(#5418),#5422);
#5418 = LINE('',#5419,#5420);
#5419 = CARTESIAN_POINT('',(3.14159265359,3.14159265359));
#5420 = VECTOR('',#5421,1.);
#5421 = DIRECTION('',(0.,1.));
#5422 = ( GEOMETRIC_REPRESENTATION_CONTEXT(2) 
PARAMETRIC_REPRESENTATION_CONTEXT() REPRESENTATION_CONTEXT('2D SPACE',''
  ) );
#5423 = PCURVE('',#5424,#5429);
#5424 = TOROIDAL_SURFACE('',#5425,1.9,0.5);
#5425 = AXIS2_PLACEMENT_3D('',#5426,#5427,#5428);
#5426 = CARTESIAN_POINT('',(-36.42,30.54,20.));
#5427 = DIRECTION('',(-0.,-0.,-1.));
#5428 = DIRECTION('',(-1.,0.,0.));
#5429 = DEFINITIONAL_REPRESENTATION('',(#5430),#5434);
#5430 = LINE('',#5431,#5432);
#5431 = CARTESIAN_POINT('',(3.14159265359,3.14159265359));
#5432 = VECTOR('',#5433,1.);
#5433 = DIRECTION('',(0.,1.));
#5434 = ( GEOMETRIC_REPRESENTATION_CONTEXT(2) 
PARAMETRIC_REPRESENTATION_CONTEXT() REPRESENTATION_CONTEXT('2D SPACE',''
  ) );
#5435 = ORIENTED_EDGE('',*,*,#5436,.F.);
#5436 = EDGE_CURVE('',#5437,#5408,#5439,.T.);
#5437 = VERTEX_POINT('',#5438);
#5438 = CARTESIAN_POINT('',(-38.32,30.54,20.5));
#5439 = SURFACE_CURVE('',#5440,(#5445,#5452),.PCURVE_S1.);
#5440 = CIRCLE('',#5441,1.9);
#5441 = AXIS2_PLACEMENT_3D('',#5442,#5443,#5444);
#5442 = CARTESIAN_POINT('',(-36.42,30.54,20.5));
#5443 = DIRECTION('',(-0.,0.,-1.));
#5444 = DIRECTION('',(-1.,0.,0.));
#5445 = PCURVE('',#5383,#5446);
#5446 = DEFINITIONAL_REPRESENTATION('',(#5447),#5451);
#5447 = LINE('',#5448,#5449);
#5448 = CARTESIAN_POINT('',(0.,4.712388980385));
#5449 = VECTOR('',#5450,1.);
#5450 = DIRECTION('',(1.,0.));
#5451 = ( GEOMETRIC_REPRESENTATION_CONTEXT(2) 
PARAMETRIC_REPRESENTATION_CONTEXT() REPRESENTATION_CONTEXT('2D SPACE',''
  ) );
#5452 = PCURVE('',#5220,#5453);
#5453 = DEFINITIONAL_REPRESENTATION('',(#5454),#5458);
#5454 = CIRCLE('',#5455,1.9);
#5455 = AXIS2_PLACEMENT_2D('',#5456,#5457);
#5456 = CARTESIAN_POINT('',(-7.105427357601E-15,-7.));
#5457 = DIRECTION('',(1.,0.));
#5458 = ( GEOMETRIC_REPRESENTATION_CONTEXT(2) 
PARAMETRIC_REPRESENTATION_CONTEXT() REPRESENTATION_CONTEXT('2D SPACE',''
  ) );
#5459 = ORIENTED_EDGE('',*,*,#5460,.F.);
#5460 = EDGE_CURVE('',#5374,#5437,#5461,.T.);
#5461 = SURFACE_CURVE('',#5462,(#5467,#5474),.PCURVE_S1.);
#5462 = CIRCLE('',#5463,0.5);
#5463 = AXIS2_PLACEMENT_3D('',#5464,#5465,#5466);
#5464 = CARTESIAN_POINT('',(-38.32,30.54,20.));
#5465 = DIRECTION('',(0.,-1.,0.));
#5466 = DIRECTION('',(0.,0.,-1.));
#5467 = PCURVE('',#5383,#5468);
#5468 = DEFINITIONAL_REPRESENTATION('',(#5469),#5473);
#5469 = LINE('',#5470,#5471);
#5470 = CARTESIAN_POINT('',(0.,1.570796326795));
#5471 = VECTOR('',#5472,1.);
#5472 = DIRECTION('',(0.,1.));
#5473 = ( GEOMETRIC_REPRESENTATION_CONTEXT(2) 
PARAMETRIC_REPRESENTATION_CONTEXT() REPRESENTATION_CONTEXT('2D SPACE',''
  ) );
#5474 = PCURVE('',#5424,#5475);
#5475 = DEFINITIONAL_REPRESENTATION('',(#5476),#5480);
#5476 = LINE('',#5477,#5478);
#5477 = CARTESIAN_POINT('',(6.28318530718,1.570796326795));
#5478 = VECTOR('',#5479,1.);
#5479 = DIRECTION('',(0.,1.));
#5480 = ( GEOMETRIC_REPRESENTATION_CONTEXT(2) 
PARAMETRIC_REPRESENTATION_CONTEXT() REPRESENTATION_CONTEXT('2D SPACE',''
  ) );
#5481 = ADVANCED_FACE('',(#5482),#5497,.T.);
#5482 = FACE_BOUND('',#5483,.T.);
#5483 = EDGE_LOOP('',(#5484,#5520,#5549,#5573));
#5484 = ORIENTED_EDGE('',*,*,#5485,.F.);
#5485 = EDGE_CURVE('',#5486,#5488,#5490,.T.);
#5486 = VERTEX_POINT('',#5487);
#5487 = CARTESIAN_POINT('',(-42.02,37.54,20.));
#5488 = VERTEX_POINT('',#5489);
#5489 = CARTESIAN_POINT('',(-44.82,37.54,20.));
#5490 = SURFACE_CURVE('',#5491,(#5496,#5508),.PCURVE_S1.);
#5491 = CIRCLE('',#5492,1.4);
#5492 = AXIS2_PLACEMENT_3D('',#5493,#5494,#5495);
#5493 = CARTESIAN_POINT('',(-43.42,37.54,20.));
#5494 = DIRECTION('',(0.,0.,1.));
#5495 = DIRECTION('',(-1.,0.,0.));
#5496 = PCURVE('',#5497,#5502);
#5497 = TOROIDAL_SURFACE('',#5498,1.9,0.5);
#5498 = AXIS2_PLACEMENT_3D('',#5499,#5500,#5501);
#5499 = CARTESIAN_POINT('',(-43.42,37.54,20.));
#5500 = DIRECTION('',(-0.,-0.,-1.));
#5501 = DIRECTION('',(-1.,0.,0.));
#5502 = DEFINITIONAL_REPRESENTATION('',(#5503),#5507);
#5503 = LINE('',#5504,#5505);
#5504 = CARTESIAN_POINT('',(6.28318530718,3.14159265359));
#5505 = VECTOR('',#5506,1.);
#5506 = DIRECTION('',(-1.,1.413579858428E-16));
#5507 = ( GEOMETRIC_REPRESENTATION_CONTEXT(2) 
PARAMETRIC_REPRESENTATION_CONTEXT() REPRESENTATION_CONTEXT('2D SPACE',''
  ) );
#5508 = PCURVE('',#5509,#5514);
#5509 = CYLINDRICAL_SURFACE('',#5510,1.4);
#5510 = AXIS2_PLACEMENT_3D('',#5511,#5512,#5513);
#5511 = CARTESIAN_POINT('',(-43.42,37.54,0.));
#5512 = DIRECTION('',(-0.,-0.,1.));
#5513 = DIRECTION('',(1.,0.,0.));
#5514 = DEFINITIONAL_REPRESENTATION('',(#5515),#5519);
#5515 = LINE('',#5516,#5517);
#5516 = CARTESIAN_POINT('',(-3.14159265359,20.));
#5517 = VECTOR('',#5518,1.);
#5518 = DIRECTION('',(1.,0.));
#5519 = ( GEOMETRIC_REPRESENTATION_CONTEXT(2) 
PARAMETRIC_REPRESENTATION_CONTEXT() REPRESENTATION_CONTEXT('2D SPACE',''
  ) );
#5520 = ORIENTED_EDGE('',*,*,#5521,.T.);
#5521 = EDGE_CURVE('',#5486,#5522,#5524,.T.);
#5522 = VERTEX_POINT('',#5523);
#5523 = CARTESIAN_POINT('',(-41.52,37.54,20.5));
#5524 = SURFACE_CURVE('',#5525,(#5530,#5537),.PCURVE_S1.);
#5525 = CIRCLE('',#5526,0.5);
#5526 = AXIS2_PLACEMENT_3D('',#5527,#5528,#5529);
#5527 = CARTESIAN_POINT('',(-41.52,37.54,20.));
#5528 = DIRECTION('',(-1.224646799147E-16,1.,0.));
#5529 = DIRECTION('',(-1.,-1.224646799147E-16,-0.));
#5530 = PCURVE('',#5497,#5531);
#5531 = DEFINITIONAL_REPRESENTATION('',(#5532),#5536);
#5532 = LINE('',#5533,#5534);
#5533 = CARTESIAN_POINT('',(3.14159265359,3.14159265359));
#5534 = VECTOR('',#5535,1.);
#5535 = DIRECTION('',(0.,1.));
#5536 = ( GEOMETRIC_REPRESENTATION_CONTEXT(2) 
PARAMETRIC_REPRESENTATION_CONTEXT() REPRESENTATION_CONTEXT('2D SPACE',''
  ) );
#5537 = PCURVE('',#5538,#5543);
#5538 = TOROIDAL_SURFACE('',#5539,1.9,0.5);
#5539 = AXIS2_PLACEMENT_3D('',#5540,#5541,#5542);
#5540 = CARTESIAN_POINT('',(-43.42,37.54,20.));
#5541 = DIRECTION('',(-0.,-0.,-1.));
#5542 = DIRECTION('',(-1.,0.,0.));
#5543 = DEFINITIONAL_REPRESENTATION('',(#5544),#5548);
#5544 = LINE('',#5545,#5546);
#5545 = CARTESIAN_POINT('',(3.14159265359,3.14159265359));
#5546 = VECTOR('',#5547,1.);
#5547 = DIRECTION('',(0.,1.));
#5548 = ( GEOMETRIC_REPRESENTATION_CONTEXT(2) 
PARAMETRIC_REPRESENTATION_CONTEXT() REPRESENTATION_CONTEXT('2D SPACE',''
  ) );
#5549 = ORIENTED_EDGE('',*,*,#5550,.F.);
#5550 = EDGE_CURVE('',#5551,#5522,#5553,.T.);
#5551 = VERTEX_POINT('',#5552);
#5552 = CARTESIAN_POINT('',(-45.32,37.54,20.5));
#5553 = SURFACE_CURVE('',#5554,(#5559,#5566),.PCURVE_S1.);
#5554 = CIRCLE('',#5555,1.9);
#5555 = AXIS2_PLACEMENT_3D('',#5556,#5557,#5558);
#5556 = CARTESIAN_POINT('',(-43.42,37.54,20.5));
#5557 = DIRECTION('',(-0.,0.,-1.));
#5558 = DIRECTION('',(-1.,0.,0.));
#5559 = PCURVE('',#5497,#5560);
#5560 = DEFINITIONAL_REPRESENTATION('',(#5561),#5565);
#5561 = LINE('',#5562,#5563);
#5562 = CARTESIAN_POINT('',(0.,4.712388980385));
#5563 = VECTOR('',#5564,1.);
#5564 = DIRECTION('',(1.,0.));
#5565 = ( GEOMETRIC_REPRESENTATION_CONTEXT(2) 
PARAMETRIC_REPRESENTATION_CONTEXT() REPRESENTATION_CONTEXT('2D SPACE',''
  ) );
#5566 = PCURVE('',#5220,#5567);
#5567 = DEFINITIONAL_REPRESENTATION('',(#5568),#5572);
#5568 = CIRCLE('',#5569,1.9);
#5569 = AXIS2_PLACEMENT_2D('',#5570,#5571);
#5570 = CARTESIAN_POINT('',(7.,-1.42108547152E-14));
#5571 = DIRECTION('',(1.,0.));
#5572 = ( GEOMETRIC_REPRESENTATION_CONTEXT(2) 
PARAMETRIC_REPRESENTATION_CONTEXT() REPRESENTATION_CONTEXT('2D SPACE',''
  ) );
#5573 = ORIENTED_EDGE('',*,*,#5574,.F.);
#5574 = EDGE_CURVE('',#5488,#5551,#5575,.T.);
#5575 = SURFACE_CURVE('',#5576,(#5581,#5588),.PCURVE_S1.);
#5576 = CIRCLE('',#5577,0.5);
#5577 = AXIS2_PLACEMENT_3D('',#5578,#5579,#5580);
#5578 = CARTESIAN_POINT('',(-45.32,37.54,20.));
#5579 = DIRECTION('',(0.,-1.,0.));
#5580 = DIRECTION('',(0.,0.,-1.));
#5581 = PCURVE('',#5497,#5582);
#5582 = DEFINITIONAL_REPRESENTATION('',(#5583),#5587);
#5583 = LINE('',#5584,#5585);
#5584 = CARTESIAN_POINT('',(0.,1.570796326795));
#5585 = VECTOR('',#5586,1.);
#5586 = DIRECTION('',(0.,1.));
#5587 = ( GEOMETRIC_REPRESENTATION_CONTEXT(2) 
PARAMETRIC_REPRESENTATION_CONTEXT() REPRESENTATION_CONTEXT('2D SPACE',''
  ) );
#5588 = PCURVE('',#5538,#5589);
#5589 = DEFINITIONAL_REPRESENTATION('',(#5590),#5594);
#5590 = LINE('',#5591,#5592);
#5591 = CARTESIAN_POINT('',(6.28318530718,1.570796326795));
#5592 = VECTOR('',#5593,1.);
#5593 = DIRECTION('',(0.,1.));
#5594 = ( GEOMETRIC_REPRESENTATION_CONTEXT(2) 
PARAMETRIC_REPRESENTATION_CONTEXT() REPRESENTATION_CONTEXT('2D SPACE',''
  ) );
#5595 = ADVANCED_FACE('',(#5596),#5611,.T.);
#5596 = FACE_BOUND('',#5597,.T.);
#5597 = EDGE_LOOP('',(#5598,#5633,#5662,#5691));
#5598 = ORIENTED_EDGE('',*,*,#5599,.F.);
#5599 = EDGE_CURVE('',#5600,#5602,#5604,.T.);
#5600 = VERTEX_POINT('',#5601);
#5601 = CARTESIAN_POINT('',(-26.895,37.54,20.5));
#5602 = VERTEX_POINT('',#5603);
#5603 = CARTESIAN_POINT('',(-45.945,37.54,20.5));
#5604 = SURFACE_CURVE('',#5605,(#5610,#5622),.PCURVE_S1.);
#5605 = CIRCLE('',#5606,9.525);
#5606 = AXIS2_PLACEMENT_3D('',#5607,#5608,#5609);
#5607 = CARTESIAN_POINT('',(-36.42,37.54,20.5));
#5608 = DIRECTION('',(0.,0.,1.));
#5609 = DIRECTION('',(-1.,0.,0.));
#5610 = PCURVE('',#5611,#5616);
#5611 = TOROIDAL_SURFACE('',#5612,9.525,0.5);
#5612 = AXIS2_PLACEMENT_3D('',#5613,#5614,#5615);
#5613 = CARTESIAN_POINT('',(-36.42,37.54,20.));
#5614 = DIRECTION('',(-0.,-0.,-1.));
#5615 = DIRECTION('',(-1.,0.,0.));
#5616 = DEFINITIONAL_REPRESENTATION('',(#5617),#5621);
#5617 = LINE('',#5618,#5619);
#5618 = CARTESIAN_POINT('',(6.28318530718,4.712388980385));
#5619 = VECTOR('',#5620,1.);
#5620 = DIRECTION('',(-1.,0.));
#5621 = ( GEOMETRIC_REPRESENTATION_CONTEXT(2) 
PARAMETRIC_REPRESENTATION_CONTEXT() REPRESENTATION_CONTEXT('2D SPACE',''
  ) );
#5622 = PCURVE('',#5220,#5623);
#5623 = DEFINITIONAL_REPRESENTATION('',(#5624),#5632);
#5624 = ( BOUNDED_CURVE() B_SPLINE_CURVE(2,(#5625,#5626,#5627,#5628,
#5629,#5630,#5631),.UNSPECIFIED.,.T.,.F.) B_SPLINE_CURVE_WITH_KNOTS((1,2
    ,2,2,2,1),(-2.094395102393,0.,2.094395102393,4.188790204786,
6.28318530718,8.377580409573),.UNSPECIFIED.) CURVE() 
GEOMETRIC_REPRESENTATION_ITEM() RATIONAL_B_SPLINE_CURVE((1.,0.5,1.,0.5,
1.,0.5,1.)) REPRESENTATION_ITEM('') );
#5625 = CARTESIAN_POINT('',(9.525,0.));
#5626 = CARTESIAN_POINT('',(9.525,-16.49778394209));
#5627 = CARTESIAN_POINT('',(-4.7625,-8.248891971047));
#5628 = CARTESIAN_POINT('',(-19.05,-2.332952152376E-15));
#5629 = CARTESIAN_POINT('',(-4.7625,8.248891971047));
#5630 = CARTESIAN_POINT('',(9.525,16.497783942094));
#5631 = CARTESIAN_POINT('',(9.525,0.));
#5632 = ( GEOMETRIC_REPRESENTATION_CONTEXT(2) 
PARAMETRIC_REPRESENTATION_CONTEXT() REPRESENTATION_CONTEXT('2D SPACE',''
  ) );
#5633 = ORIENTED_EDGE('',*,*,#5634,.T.);
#5634 = EDGE_CURVE('',#5600,#5635,#5637,.T.);
#5635 = VERTEX_POINT('',#5636);
#5636 = CARTESIAN_POINT('',(-26.395,37.54,20.));
#5637 = SURFACE_CURVE('',#5638,(#5643,#5650),.PCURVE_S1.);
#5638 = CIRCLE('',#5639,0.5);
#5639 = AXIS2_PLACEMENT_3D('',#5640,#5641,#5642);
#5640 = CARTESIAN_POINT('',(-26.895,37.54,20.));
#5641 = DIRECTION('',(-1.224646799147E-16,1.,0.));
#5642 = DIRECTION('',(-1.,-1.224646799147E-16,-0.));
#5643 = PCURVE('',#5611,#5644);
#5644 = DEFINITIONAL_REPRESENTATION('',(#5645),#5649);
#5645 = LINE('',#5646,#5647);
#5646 = CARTESIAN_POINT('',(3.14159265359,3.14159265359));
#5647 = VECTOR('',#5648,1.);
#5648 = DIRECTION('',(0.,1.));
#5649 = ( GEOMETRIC_REPRESENTATION_CONTEXT(2) 
PARAMETRIC_REPRESENTATION_CONTEXT() REPRESENTATION_CONTEXT('2D SPACE',''
  ) );
#5650 = PCURVE('',#5651,#5656);
#5651 = TOROIDAL_SURFACE('',#5652,9.525,0.5);
#5652 = AXIS2_PLACEMENT_3D('',#5653,#5654,#5655);
#5653 = CARTESIAN_POINT('',(-36.42,37.54,20.));
#5654 = DIRECTION('',(-0.,-0.,-1.));
#5655 = DIRECTION('',(-1.,0.,0.));
#5656 = DEFINITIONAL_REPRESENTATION('',(#5657),#5661);
#5657 = LINE('',#5658,#5659);
#5658 = CARTESIAN_POINT('',(3.14159265359,3.14159265359));
#5659 = VECTOR('',#5660,1.);
#5660 = DIRECTION('',(0.,1.));
#5661 = ( GEOMETRIC_REPRESENTATION_CONTEXT(2) 
PARAMETRIC_REPRESENTATION_CONTEXT() REPRESENTATION_CONTEXT('2D SPACE',''
  ) );
#5662 = ORIENTED_EDGE('',*,*,#5663,.F.);
#5663 = EDGE_CURVE('',#5664,#5635,#5666,.T.);
#5664 = VERTEX_POINT('',#5665);
#5665 = CARTESIAN_POINT('',(-46.445,37.54,20.));
#5666 = SURFACE_CURVE('',#5667,(#5672,#5679),.PCURVE_S1.);
#5667 = CIRCLE('',#5668,10.025);
#5668 = AXIS2_PLACEMENT_3D('',#5669,#5670,#5671);
#5669 = CARTESIAN_POINT('',(-36.42,37.54,20.));
#5670 = DIRECTION('',(-0.,0.,-1.));
#5671 = DIRECTION('',(-1.,0.,0.));
#5672 = PCURVE('',#5611,#5673);
#5673 = DEFINITIONAL_REPRESENTATION('',(#5674),#5678);
#5674 = LINE('',#5675,#5676);
#5675 = CARTESIAN_POINT('',(0.,6.28318530718));
#5676 = VECTOR('',#5677,1.);
#5677 = DIRECTION('',(1.,0.));
#5678 = ( GEOMETRIC_REPRESENTATION_CONTEXT(2) 
PARAMETRIC_REPRESENTATION_CONTEXT() REPRESENTATION_CONTEXT('2D SPACE',''
  ) );
#5679 = PCURVE('',#5680,#5685);
#5680 = CYLINDRICAL_SURFACE('',#5681,10.025);
#5681 = AXIS2_PLACEMENT_3D('',#5682,#5683,#5684);
#5682 = CARTESIAN_POINT('',(-36.42,37.54,10.));
#5683 = DIRECTION('',(-0.,-0.,-1.));
#5684 = DIRECTION('',(-1.,0.,0.));
#5685 = DEFINITIONAL_REPRESENTATION('',(#5686),#5690);
#5686 = LINE('',#5687,#5688);
#5687 = CARTESIAN_POINT('',(0.,-10.));
#5688 = VECTOR('',#5689,1.);
#5689 = DIRECTION('',(1.,0.));
#5690 = ( GEOMETRIC_REPRESENTATION_CONTEXT(2) 
PARAMETRIC_REPRESENTATION_CONTEXT() REPRESENTATION_CONTEXT('2D SPACE',''
  ) );
#5691 = ORIENTED_EDGE('',*,*,#5692,.F.);
#5692 = EDGE_CURVE('',#5602,#5664,#5693,.T.);
#5693 = SURFACE_CURVE('',#5694,(#5699,#5706),.PCURVE_S1.);
#5694 = CIRCLE('',#5695,0.5);
#5695 = AXIS2_PLACEMENT_3D('',#5696,#5697,#5698);
#5696 = CARTESIAN_POINT('',(-45.945,37.54,20.));
#5697 = DIRECTION('',(0.,-1.,0.));
#5698 = DIRECTION('',(0.,0.,-1.));
#5699 = PCURVE('',#5611,#5700);
#5700 = DEFINITIONAL_REPRESENTATION('',(#5701),#5705);
#5701 = LINE('',#5702,#5703);
#5702 = CARTESIAN_POINT('',(0.,1.570796326795));
#5703 = VECTOR('',#5704,1.);
#5704 = DIRECTION('',(0.,1.));
#5705 = ( GEOMETRIC_REPRESENTATION_CONTEXT(2) 
PARAMETRIC_REPRESENTATION_CONTEXT() REPRESENTATION_CONTEXT('2D SPACE',''
  ) );
#5706 = PCURVE('',#5651,#5707);
#5707 = DEFINITIONAL_REPRESENTATION('',(#5708),#5712);
#5708 = LINE('',#5709,#5710);
#5709 = CARTESIAN_POINT('',(6.28318530718,1.570796326795));
#5710 = VECTOR('',#5711,1.);
#5711 = DIRECTION('',(0.,1.));
#5712 = ( GEOMETRIC_REPRESENTATION_CONTEXT(2) 
PARAMETRIC_REPRESENTATION_CONTEXT() REPRESENTATION_CONTEXT('2D SPACE',''
  ) );
#5713 = ADVANCED_FACE('',(#5714),#5728,.F.);
#5714 = FACE_BOUND('',#5715,.F.);
#5715 = EDGE_LOOP('',(#5716,#5751,#5779,#5802));
#5716 = ORIENTED_EDGE('',*,*,#5717,.T.);
#5717 = EDGE_CURVE('',#5718,#5720,#5722,.T.);
#5718 = VERTEX_POINT('',#5719);
#5719 = CARTESIAN_POINT('',(-1.346801352251,-22.49999977263,10.));
#5720 = VERTEX_POINT('',#5721);
#5721 = CARTESIAN_POINT('',(-1.346801352251,-22.49999977263,2.5));
#5722 = SURFACE_CURVE('',#5723,(#5727,#5739),.PCURVE_S1.);
#5723 = LINE('',#5724,#5725);
#5724 = CARTESIAN_POINT('',(-1.346801352251,-22.49999977263,20.5));
#5725 = VECTOR('',#5726,1.);
#5726 = DIRECTION('',(-0.,-0.,-1.));
#5727 = PCURVE('',#5728,#5733);
#5728 = CYLINDRICAL_SURFACE('',#5729,1.35);
#5729 = AXIS2_PLACEMENT_3D('',#5730,#5731,#5732);
#5730 = CARTESIAN_POINT('',(3.198647749112E-03,-22.49999977263,20.5));
#5731 = DIRECTION('',(-0.,-0.,-1.));
#5732 = DIRECTION('',(-1.,0.,0.));
#5733 = DEFINITIONAL_REPRESENTATION('',(#5734),#5738);
#5734 = LINE('',#5735,#5736);
#5735 = CARTESIAN_POINT('',(6.28318530718,0.));
#5736 = VECTOR('',#5737,1.);
#5737 = DIRECTION('',(0.,1.));
#5738 = ( GEOMETRIC_REPRESENTATION_CONTEXT(2) 
PARAMETRIC_REPRESENTATION_CONTEXT() REPRESENTATION_CONTEXT('2D SPACE',''
  ) );
#5739 = PCURVE('',#5740,#5745);
#5740 = CYLINDRICAL_SURFACE('',#5741,1.35);
#5741 = AXIS2_PLACEMENT_3D('',#5742,#5743,#5744);
#5742 = CARTESIAN_POINT('',(3.198647749112E-03,-22.49999977263,20.5));
#5743 = DIRECTION('',(-0.,-0.,-1.));
#5744 = DIRECTION('',(-1.,0.,0.));
#5745 = DEFINITIONAL_REPRESENTATION('',(#5746),#5750);
#5746 = LINE('',#5747,#5748);
#5747 = CARTESIAN_POINT('',(0.,0.));
#5748 = VECTOR('',#5749,1.);
#5749 = DIRECTION('',(0.,1.));
#5750 = ( GEOMETRIC_REPRESENTATION_CONTEXT(2) 
PARAMETRIC_REPRESENTATION_CONTEXT() REPRESENTATION_CONTEXT('2D SPACE',''
  ) );
#5751 = ORIENTED_EDGE('',*,*,#5752,.F.);
#5752 = EDGE_CURVE('',#5753,#5720,#5755,.T.);
#5753 = VERTEX_POINT('',#5754);
#5754 = CARTESIAN_POINT('',(1.353198647749,-22.49999977263,2.5));
#5755 = SURFACE_CURVE('',#5756,(#5761,#5768),.PCURVE_S1.);
#5756 = CIRCLE('',#5757,1.35);
#5757 = AXIS2_PLACEMENT_3D('',#5758,#5759,#5760);
#5758 = CARTESIAN_POINT('',(3.198647749112E-03,-22.49999977263,2.5));
#5759 = DIRECTION('',(-0.,0.,-1.));
#5760 = DIRECTION('',(-1.,0.,0.));
#5761 = PCURVE('',#5728,#5762);
#5762 = DEFINITIONAL_REPRESENTATION('',(#5763),#5767);
#5763 = LINE('',#5764,#5765);
#5764 = CARTESIAN_POINT('',(0.,18.));
#5765 = VECTOR('',#5766,1.);
#5766 = DIRECTION('',(1.,0.));
#5767 = ( GEOMETRIC_REPRESENTATION_CONTEXT(2) 
PARAMETRIC_REPRESENTATION_CONTEXT() REPRESENTATION_CONTEXT('2D SPACE',''
  ) );
#5768 = PCURVE('',#4761,#5769);
#5769 = DEFINITIONAL_REPRESENTATION('',(#5770),#5778);
#5770 = ( BOUNDED_CURVE() B_SPLINE_CURVE(2,(#5771,#5772,#5773,#5774,
#5775,#5776,#5777),.UNSPECIFIED.,.T.,.F.) B_SPLINE_CURVE_WITH_KNOTS((1,2
    ,2,2,2,1),(-2.094395102393,0.,2.094395102393,4.188790204786,
6.28318530718,8.377580409573),.UNSPECIFIED.) CURVE() 
GEOMETRIC_REPRESENTATION_ITEM() RATIONAL_B_SPLINE_CURVE((1.,0.5,1.,0.5,
1.,0.5,1.)) REPRESENTATION_ITEM('') );
#5771 = CARTESIAN_POINT('',(-2.7,0.));
#5772 = CARTESIAN_POINT('',(-2.7,2.338268590218));
#5773 = CARTESIAN_POINT('',(-0.675,1.169134295109));
#5774 = CARTESIAN_POINT('',(1.35,3.306546357698E-16));
#5775 = CARTESIAN_POINT('',(-0.675,-1.169134295109));
#5776 = CARTESIAN_POINT('',(-2.7,-2.338268590218));
#5777 = CARTESIAN_POINT('',(-2.7,0.));
#5778 = ( GEOMETRIC_REPRESENTATION_CONTEXT(2) 
PARAMETRIC_REPRESENTATION_CONTEXT() REPRESENTATION_CONTEXT('2D SPACE',''
  ) );
#5779 = ORIENTED_EDGE('',*,*,#5780,.F.);
#5780 = EDGE_CURVE('',#5781,#5753,#5783,.T.);
#5781 = VERTEX_POINT('',#5782);
#5782 = CARTESIAN_POINT('',(1.353198647749,-22.49999977263,10.));
#5783 = SURFACE_CURVE('',#5784,(#5788,#5795),.PCURVE_S1.);
#5784 = LINE('',#5785,#5786);
#5785 = CARTESIAN_POINT('',(1.353198647749,-22.49999977263,20.5));
#5786 = VECTOR('',#5787,1.);
#5787 = DIRECTION('',(-0.,-0.,-1.));
#5788 = PCURVE('',#5728,#5789);
#5789 = DEFINITIONAL_REPRESENTATION('',(#5790),#5794);
#5790 = LINE('',#5791,#5792);
#5791 = CARTESIAN_POINT('',(3.14159265359,0.));
#5792 = VECTOR('',#5793,1.);
#5793 = DIRECTION('',(0.,1.));
#5794 = ( GEOMETRIC_REPRESENTATION_CONTEXT(2) 
PARAMETRIC_REPRESENTATION_CONTEXT() REPRESENTATION_CONTEXT('2D SPACE',''
  ) );
#5795 = PCURVE('',#5740,#5796);
#5796 = DEFINITIONAL_REPRESENTATION('',(#5797),#5801);
#5797 = LINE('',#5798,#5799);
#5798 = CARTESIAN_POINT('',(3.14159265359,0.));
#5799 = VECTOR('',#5800,1.);
#5800 = DIRECTION('',(0.,1.));
#5801 = ( GEOMETRIC_REPRESENTATION_CONTEXT(2) 
PARAMETRIC_REPRESENTATION_CONTEXT() REPRESENTATION_CONTEXT('2D SPACE',''
  ) );
#5802 = ORIENTED_EDGE('',*,*,#5803,.F.);
#5803 = EDGE_CURVE('',#5718,#5781,#5804,.T.);
#5804 = SURFACE_CURVE('',#5805,(#5810,#5817),.PCURVE_S1.);
#5805 = CIRCLE('',#5806,1.35);
#5806 = AXIS2_PLACEMENT_3D('',#5807,#5808,#5809);
#5807 = CARTESIAN_POINT('',(3.198647749112E-03,-22.49999977263,10.));
#5808 = DIRECTION('',(-0.,0.,1.));
#5809 = DIRECTION('',(1.,0.,0.));
#5810 = PCURVE('',#5728,#5811);
#5811 = DEFINITIONAL_REPRESENTATION('',(#5812),#5816);
#5812 = LINE('',#5813,#5814);
#5813 = CARTESIAN_POINT('',(9.424777960769,10.5));
#5814 = VECTOR('',#5815,1.);
#5815 = DIRECTION('',(-1.,0.));
#5816 = ( GEOMETRIC_REPRESENTATION_CONTEXT(2) 
PARAMETRIC_REPRESENTATION_CONTEXT() REPRESENTATION_CONTEXT('2D SPACE',''
  ) );
#5817 = PCURVE('',#356,#5818);
#5818 = DEFINITIONAL_REPRESENTATION('',(#5819),#5823);
#5819 = CIRCLE('',#5820,1.35);
#5820 = AXIS2_PLACEMENT_2D('',#5821,#5822);
#5821 = CARTESIAN_POINT('',(3.198647749112E-03,-22.49999977263));
#5822 = DIRECTION('',(1.,0.));
#5823 = ( GEOMETRIC_REPRESENTATION_CONTEXT(2) 
PARAMETRIC_REPRESENTATION_CONTEXT() REPRESENTATION_CONTEXT('2D SPACE',''
  ) );
#5824 = ADVANCED_FACE('',(#5825),#5839,.F.);
#5825 = FACE_BOUND('',#5826,.F.);
#5826 = EDGE_LOOP('',(#5827,#5862,#5890,#5913));
#5827 = ORIENTED_EDGE('',*,*,#5828,.T.);
#5828 = EDGE_CURVE('',#5829,#5831,#5833,.T.);
#5829 = VERTEX_POINT('',#5830);
#5830 = CARTESIAN_POINT('',(18.137170712122,-11.24722977611,10.));
#5831 = VERTEX_POINT('',#5832);
#5832 = CARTESIAN_POINT('',(18.137170712122,-11.24722977611,2.5));
#5833 = SURFACE_CURVE('',#5834,(#5838,#5850),.PCURVE_S1.);
#5834 = LINE('',#5835,#5836);
#5835 = CARTESIAN_POINT('',(18.137170712122,-11.24722977611,20.5));
#5836 = VECTOR('',#5837,1.);
#5837 = DIRECTION('',(-0.,-0.,-1.));
#5838 = PCURVE('',#5839,#5844);
#5839 = CYLINDRICAL_SURFACE('',#5840,1.35);
#5840 = AXIS2_PLACEMENT_3D('',#5841,#5842,#5843);
#5841 = CARTESIAN_POINT('',(19.487170712122,-11.24722977611,20.5));
#5842 = DIRECTION('',(-0.,-0.,-1.));
#5843 = DIRECTION('',(-1.,0.,0.));
#5844 = DEFINITIONAL_REPRESENTATION('',(#5845),#5849);
#5845 = LINE('',#5846,#5847);
#5846 = CARTESIAN_POINT('',(6.28318530718,0.));
#5847 = VECTOR('',#5848,1.);
#5848 = DIRECTION('',(0.,1.));
#5849 = ( GEOMETRIC_REPRESENTATION_CONTEXT(2) 
PARAMETRIC_REPRESENTATION_CONTEXT() REPRESENTATION_CONTEXT('2D SPACE',''
  ) );
#5850 = PCURVE('',#5851,#5856);
#5851 = CYLINDRICAL_SURFACE('',#5852,1.35);
#5852 = AXIS2_PLACEMENT_3D('',#5853,#5854,#5855);
#5853 = CARTESIAN_POINT('',(19.487170712122,-11.24722977611,20.5));
#5854 = DIRECTION('',(-0.,-0.,-1.));
#5855 = DIRECTION('',(-1.,0.,0.));
#5856 = DEFINITIONAL_REPRESENTATION('',(#5857),#5861);
#5857 = LINE('',#5858,#5859);
#5858 = CARTESIAN_POINT('',(0.,0.));
#5859 = VECTOR('',#5860,1.);
#5860 = DIRECTION('',(0.,1.));
#5861 = ( GEOMETRIC_REPRESENTATION_CONTEXT(2) 
PARAMETRIC_REPRESENTATION_CONTEXT() REPRESENTATION_CONTEXT('2D SPACE',''
  ) );
#5862 = ORIENTED_EDGE('',*,*,#5863,.F.);
#5863 = EDGE_CURVE('',#5864,#5831,#5866,.T.);
#5864 = VERTEX_POINT('',#5865);
#5865 = CARTESIAN_POINT('',(20.837170712122,-11.24722977611,2.5));
#5866 = SURFACE_CURVE('',#5867,(#5872,#5879),.PCURVE_S1.);
#5867 = CIRCLE('',#5868,1.35);
#5868 = AXIS2_PLACEMENT_3D('',#5869,#5870,#5871);
#5869 = CARTESIAN_POINT('',(19.487170712122,-11.24722977611,2.5));
#5870 = DIRECTION('',(-0.,0.,-1.));
#5871 = DIRECTION('',(-1.,0.,0.));
#5872 = PCURVE('',#5839,#5873);
#5873 = DEFINITIONAL_REPRESENTATION('',(#5874),#5878);
#5874 = LINE('',#5875,#5876);
#5875 = CARTESIAN_POINT('',(0.,18.));
#5876 = VECTOR('',#5877,1.);
#5877 = DIRECTION('',(1.,0.));
#5878 = ( GEOMETRIC_REPRESENTATION_CONTEXT(2) 
PARAMETRIC_REPRESENTATION_CONTEXT() REPRESENTATION_CONTEXT('2D SPACE',''
  ) );
#5879 = PCURVE('',#4641,#5880);
#5880 = DEFINITIONAL_REPRESENTATION('',(#5881),#5889);
#5881 = ( BOUNDED_CURVE() B_SPLINE_CURVE(2,(#5882,#5883,#5884,#5885,
#5886,#5887,#5888),.UNSPECIFIED.,.T.,.F.) B_SPLINE_CURVE_WITH_KNOTS((1,2
    ,2,2,2,1),(-2.094395102393,0.,2.094395102393,4.188790204786,
6.28318530718,8.377580409573),.UNSPECIFIED.) CURVE() 
GEOMETRIC_REPRESENTATION_ITEM() RATIONAL_B_SPLINE_CURVE((1.,0.5,1.,0.5,
1.,0.5,1.)) REPRESENTATION_ITEM('') );
#5882 = CARTESIAN_POINT('',(-2.7,0.));
#5883 = CARTESIAN_POINT('',(-2.7,2.338268590218));
#5884 = CARTESIAN_POINT('',(-0.675,1.169134295109));
#5885 = CARTESIAN_POINT('',(1.35,3.306546357698E-16));
#5886 = CARTESIAN_POINT('',(-0.675,-1.169134295109));
#5887 = CARTESIAN_POINT('',(-2.7,-2.338268590218));
#5888 = CARTESIAN_POINT('',(-2.7,0.));
#5889 = ( GEOMETRIC_REPRESENTATION_CONTEXT(2) 
PARAMETRIC_REPRESENTATION_CONTEXT() REPRESENTATION_CONTEXT('2D SPACE',''
  ) );
#5890 = ORIENTED_EDGE('',*,*,#5891,.F.);
#5891 = EDGE_CURVE('',#5892,#5864,#5894,.T.);
#5892 = VERTEX_POINT('',#5893);
#5893 = CARTESIAN_POINT('',(20.837170712122,-11.24722977611,10.));
#5894 = SURFACE_CURVE('',#5895,(#5899,#5906),.PCURVE_S1.);
#5895 = LINE('',#5896,#5897);
#5896 = CARTESIAN_POINT('',(20.837170712122,-11.24722977611,20.5));
#5897 = VECTOR('',#5898,1.);
#5898 = DIRECTION('',(-0.,-0.,-1.));
#5899 = PCURVE('',#5839,#5900);
#5900 = DEFINITIONAL_REPRESENTATION('',(#5901),#5905);
#5901 = LINE('',#5902,#5903);
#5902 = CARTESIAN_POINT('',(3.14159265359,0.));
#5903 = VECTOR('',#5904,1.);
#5904 = DIRECTION('',(0.,1.));
#5905 = ( GEOMETRIC_REPRESENTATION_CONTEXT(2) 
PARAMETRIC_REPRESENTATION_CONTEXT() REPRESENTATION_CONTEXT('2D SPACE',''
  ) );
#5906 = PCURVE('',#5851,#5907);
#5907 = DEFINITIONAL_REPRESENTATION('',(#5908),#5912);
#5908 = LINE('',#5909,#5910);
#5909 = CARTESIAN_POINT('',(3.14159265359,0.));
#5910 = VECTOR('',#5911,1.);
#5911 = DIRECTION('',(0.,1.));
#5912 = ( GEOMETRIC_REPRESENTATION_CONTEXT(2) 
PARAMETRIC_REPRESENTATION_CONTEXT() REPRESENTATION_CONTEXT('2D SPACE',''
  ) );
#5913 = ORIENTED_EDGE('',*,*,#5914,.F.);
#5914 = EDGE_CURVE('',#5829,#5892,#5915,.T.);
#5915 = SURFACE_CURVE('',#5916,(#5921,#5928),.PCURVE_S1.);
#5916 = CIRCLE('',#5917,1.35);
#5917 = AXIS2_PLACEMENT_3D('',#5918,#5919,#5920);
#5918 = CARTESIAN_POINT('',(19.487170712122,-11.24722977611,10.));
#5919 = DIRECTION('',(-0.,0.,1.));
#5920 = DIRECTION('',(1.,0.,0.));
#5921 = PCURVE('',#5839,#5922);
#5922 = DEFINITIONAL_REPRESENTATION('',(#5923),#5927);
#5923 = LINE('',#5924,#5925);
#5924 = CARTESIAN_POINT('',(9.424777960769,10.5));
#5925 = VECTOR('',#5926,1.);
#5926 = DIRECTION('',(-1.,0.));
#5927 = ( GEOMETRIC_REPRESENTATION_CONTEXT(2) 
PARAMETRIC_REPRESENTATION_CONTEXT() REPRESENTATION_CONTEXT('2D SPACE',''
  ) );
#5928 = PCURVE('',#356,#5929);
#5929 = DEFINITIONAL_REPRESENTATION('',(#5930),#5934);
#5930 = CIRCLE('',#5931,1.35);
#5931 = AXIS2_PLACEMENT_2D('',#5932,#5933);
#5932 = CARTESIAN_POINT('',(19.487170712122,-11.24722977611));
#5933 = DIRECTION('',(1.,0.));
#5934 = ( GEOMETRIC_REPRESENTATION_CONTEXT(2) 
PARAMETRIC_REPRESENTATION_CONTEXT() REPRESENTATION_CONTEXT('2D SPACE',''
  ) );
#5935 = ADVANCED_FACE('',(#5936),#5950,.F.);
#5936 = FACE_BOUND('',#5937,.F.);
#5937 = EDGE_LOOP('',(#5938,#5973,#6001,#6024));
#5938 = ORIENTED_EDGE('',*,*,#5939,.T.);
#5939 = EDGE_CURVE('',#5940,#5942,#5944,.T.);
#5940 = VERTEX_POINT('',#5941);
#5941 = CARTESIAN_POINT('',(-20.83717071212,11.24722977611,10.));
#5942 = VERTEX_POINT('',#5943);
#5943 = CARTESIAN_POINT('',(-20.83717071212,11.24722977611,2.5));
#5944 = SURFACE_CURVE('',#5945,(#5949,#5961),.PCURVE_S1.);
#5945 = LINE('',#5946,#5947);
#5946 = CARTESIAN_POINT('',(-20.83717071212,11.24722977611,20.5));
#5947 = VECTOR('',#5948,1.);
#5948 = DIRECTION('',(-0.,-0.,-1.));
#5949 = PCURVE('',#5950,#5955);
#5950 = CYLINDRICAL_SURFACE('',#5951,1.35);
#5951 = AXIS2_PLACEMENT_3D('',#5952,#5953,#5954);
#5952 = CARTESIAN_POINT('',(-19.48717071212,11.24722977611,20.5));
#5953 = DIRECTION('',(-0.,-0.,-1.));
#5954 = DIRECTION('',(-1.,0.,0.));
#5955 = DEFINITIONAL_REPRESENTATION('',(#5956),#5960);
#5956 = LINE('',#5957,#5958);
#5957 = CARTESIAN_POINT('',(6.28318530718,0.));
#5958 = VECTOR('',#5959,1.);
#5959 = DIRECTION('',(0.,1.));
#5960 = ( GEOMETRIC_REPRESENTATION_CONTEXT(2) 
PARAMETRIC_REPRESENTATION_CONTEXT() REPRESENTATION_CONTEXT('2D SPACE',''
  ) );
#5961 = PCURVE('',#5962,#5967);
#5962 = CYLINDRICAL_SURFACE('',#5963,1.35);
#5963 = AXIS2_PLACEMENT_3D('',#5964,#5965,#5966);
#5964 = CARTESIAN_POINT('',(-19.48717071212,11.24722977611,20.5));
#5965 = DIRECTION('',(-0.,-0.,-1.));
#5966 = DIRECTION('',(-1.,0.,0.));
#5967 = DEFINITIONAL_REPRESENTATION('',(#5968),#5972);
#5968 = LINE('',#5969,#5970);
#5969 = CARTESIAN_POINT('',(0.,0.));
#5970 = VECTOR('',#5971,1.);
#5971 = DIRECTION('',(0.,1.));
#5972 = ( GEOMETRIC_REPRESENTATION_CONTEXT(2) 
PARAMETRIC_REPRESENTATION_CONTEXT() REPRESENTATION_CONTEXT('2D SPACE',''
  ) );
#5973 = ORIENTED_EDGE('',*,*,#5974,.F.);
#5974 = EDGE_CURVE('',#5975,#5942,#5977,.T.);
#5975 = VERTEX_POINT('',#5976);
#5976 = CARTESIAN_POINT('',(-18.13717071212,11.24722977611,2.5));
#5977 = SURFACE_CURVE('',#5978,(#5983,#5990),.PCURVE_S1.);
#5978 = CIRCLE('',#5979,1.35);
#5979 = AXIS2_PLACEMENT_3D('',#5980,#5981,#5982);
#5980 = CARTESIAN_POINT('',(-19.48717071212,11.24722977611,2.5));
#5981 = DIRECTION('',(-0.,0.,-1.));
#5982 = DIRECTION('',(-1.,0.,0.));
#5983 = PCURVE('',#5950,#5984);
#5984 = DEFINITIONAL_REPRESENTATION('',(#5985),#5989);
#5985 = LINE('',#5986,#5987);
#5986 = CARTESIAN_POINT('',(0.,18.));
#5987 = VECTOR('',#5988,1.);
#5988 = DIRECTION('',(1.,0.));
#5989 = ( GEOMETRIC_REPRESENTATION_CONTEXT(2) 
PARAMETRIC_REPRESENTATION_CONTEXT() REPRESENTATION_CONTEXT('2D SPACE',''
  ) );
#5990 = PCURVE('',#5001,#5991);
#5991 = DEFINITIONAL_REPRESENTATION('',(#5992),#6000);
#5992 = ( BOUNDED_CURVE() B_SPLINE_CURVE(2,(#5993,#5994,#5995,#5996,
#5997,#5998,#5999),.UNSPECIFIED.,.T.,.F.) B_SPLINE_CURVE_WITH_KNOTS((1,2
    ,2,2,2,1),(-2.094395102393,0.,2.094395102393,4.188790204786,
6.28318530718,8.377580409573),.UNSPECIFIED.) CURVE() 
GEOMETRIC_REPRESENTATION_ITEM() RATIONAL_B_SPLINE_CURVE((1.,0.5,1.,0.5,
1.,0.5,1.)) REPRESENTATION_ITEM('') );
#5993 = CARTESIAN_POINT('',(-2.7,0.));
#5994 = CARTESIAN_POINT('',(-2.7,2.338268590218));
#5995 = CARTESIAN_POINT('',(-0.675,1.169134295109));
#5996 = CARTESIAN_POINT('',(1.35,3.306546357698E-16));
#5997 = CARTESIAN_POINT('',(-0.675,-1.169134295109));
#5998 = CARTESIAN_POINT('',(-2.7,-2.338268590218));
#5999 = CARTESIAN_POINT('',(-2.7,0.));
#6000 = ( GEOMETRIC_REPRESENTATION_CONTEXT(2) 
PARAMETRIC_REPRESENTATION_CONTEXT() REPRESENTATION_CONTEXT('2D SPACE',''
  ) );
#6001 = ORIENTED_EDGE('',*,*,#6002,.F.);
#6002 = EDGE_CURVE('',#6003,#5975,#6005,.T.);
#6003 = VERTEX_POINT('',#6004);
#6004 = CARTESIAN_POINT('',(-18.13717071212,11.24722977611,10.));
#6005 = SURFACE_CURVE('',#6006,(#6010,#6017),.PCURVE_S1.);
#6006 = LINE('',#6007,#6008);
#6007 = CARTESIAN_POINT('',(-18.13717071212,11.24722977611,20.5));
#6008 = VECTOR('',#6009,1.);
#6009 = DIRECTION('',(-0.,-0.,-1.));
#6010 = PCURVE('',#5950,#6011);
#6011 = DEFINITIONAL_REPRESENTATION('',(#6012),#6016);
#6012 = LINE('',#6013,#6014);
#6013 = CARTESIAN_POINT('',(3.14159265359,0.));
#6014 = VECTOR('',#6015,1.);
#6015 = DIRECTION('',(0.,1.));
#6016 = ( GEOMETRIC_REPRESENTATION_CONTEXT(2) 
PARAMETRIC_REPRESENTATION_CONTEXT() REPRESENTATION_CONTEXT('2D SPACE',''
  ) );
#6017 = PCURVE('',#5962,#6018);
#6018 = DEFINITIONAL_REPRESENTATION('',(#6019),#6023);
#6019 = LINE('',#6020,#6021);
#6020 = CARTESIAN_POINT('',(3.14159265359,0.));
#6021 = VECTOR('',#6022,1.);
#6022 = DIRECTION('',(0.,1.));
#6023 = ( GEOMETRIC_REPRESENTATION_CONTEXT(2) 
PARAMETRIC_REPRESENTATION_CONTEXT() REPRESENTATION_CONTEXT('2D SPACE',''
  ) );
#6024 = ORIENTED_EDGE('',*,*,#6025,.F.);
#6025 = EDGE_CURVE('',#5940,#6003,#6026,.T.);
#6026 = SURFACE_CURVE('',#6027,(#6032,#6039),.PCURVE_S1.);
#6027 = CIRCLE('',#6028,1.35);
#6028 = AXIS2_PLACEMENT_3D('',#6029,#6030,#6031);
#6029 = CARTESIAN_POINT('',(-19.48717071212,11.24722977611,10.));
#6030 = DIRECTION('',(-0.,0.,1.));
#6031 = DIRECTION('',(1.,0.,0.));
#6032 = PCURVE('',#5950,#6033);
#6033 = DEFINITIONAL_REPRESENTATION('',(#6034),#6038);
#6034 = LINE('',#6035,#6036);
#6035 = CARTESIAN_POINT('',(9.424777960769,10.5));
#6036 = VECTOR('',#6037,1.);
#6037 = DIRECTION('',(-1.,0.));
#6038 = ( GEOMETRIC_REPRESENTATION_CONTEXT(2) 
PARAMETRIC_REPRESENTATION_CONTEXT() REPRESENTATION_CONTEXT('2D SPACE',''
  ) );
#6039 = PCURVE('',#356,#6040);
#6040 = DEFINITIONAL_REPRESENTATION('',(#6041),#6045);
#6041 = CIRCLE('',#6042,1.35);
#6042 = AXIS2_PLACEMENT_2D('',#6043,#6044);
#6043 = CARTESIAN_POINT('',(-19.48717071212,11.24722977611));
#6044 = DIRECTION('',(1.,0.));
#6045 = ( GEOMETRIC_REPRESENTATION_CONTEXT(2) 
PARAMETRIC_REPRESENTATION_CONTEXT() REPRESENTATION_CONTEXT('2D SPACE',''
  ) );
#6046 = ADVANCED_FACE('',(#6047),#6061,.F.);
#6047 = FACE_BOUND('',#6048,.F.);
#6048 = EDGE_LOOP('',(#6049,#6084,#6112,#6135));
#6049 = ORIENTED_EDGE('',*,*,#6050,.T.);
#6050 = EDGE_CURVE('',#6051,#6053,#6055,.T.);
#6051 = VERTEX_POINT('',#6052);
#6052 = CARTESIAN_POINT('',(-20.83397206437,-11.25276999652,10.));
#6053 = VERTEX_POINT('',#6054);
#6054 = CARTESIAN_POINT('',(-20.83397206437,-11.25276999652,2.5));
#6055 = SURFACE_CURVE('',#6056,(#6060,#6072),.PCURVE_S1.);
#6056 = LINE('',#6057,#6058);
#6057 = CARTESIAN_POINT('',(-20.83397206437,-11.25276999652,20.5));
#6058 = VECTOR('',#6059,1.);
#6059 = DIRECTION('',(-0.,-0.,-1.));
#6060 = PCURVE('',#6061,#6066);
#6061 = CYLINDRICAL_SURFACE('',#6062,1.35);
#6062 = AXIS2_PLACEMENT_3D('',#6063,#6064,#6065);
#6063 = CARTESIAN_POINT('',(-19.48397206437,-11.25276999652,20.5));
#6064 = DIRECTION('',(-0.,-0.,-1.));
#6065 = DIRECTION('',(-1.,0.,0.));
#6066 = DEFINITIONAL_REPRESENTATION('',(#6067),#6071);
#6067 = LINE('',#6068,#6069);
#6068 = CARTESIAN_POINT('',(6.28318530718,0.));
#6069 = VECTOR('',#6070,1.);
#6070 = DIRECTION('',(0.,1.));
#6071 = ( GEOMETRIC_REPRESENTATION_CONTEXT(2) 
PARAMETRIC_REPRESENTATION_CONTEXT() REPRESENTATION_CONTEXT('2D SPACE',''
  ) );
#6072 = PCURVE('',#6073,#6078);
#6073 = CYLINDRICAL_SURFACE('',#6074,1.35);
#6074 = AXIS2_PLACEMENT_3D('',#6075,#6076,#6077);
#6075 = CARTESIAN_POINT('',(-19.48397206437,-11.25276999652,20.5));
#6076 = DIRECTION('',(-0.,-0.,-1.));
#6077 = DIRECTION('',(-1.,0.,0.));
#6078 = DEFINITIONAL_REPRESENTATION('',(#6079),#6083);
#6079 = LINE('',#6080,#6081);
#6080 = CARTESIAN_POINT('',(0.,0.));
#6081 = VECTOR('',#6082,1.);
#6082 = DIRECTION('',(0.,1.));
#6083 = ( GEOMETRIC_REPRESENTATION_CONTEXT(2) 
PARAMETRIC_REPRESENTATION_CONTEXT() REPRESENTATION_CONTEXT('2D SPACE',''
  ) );
#6084 = ORIENTED_EDGE('',*,*,#6085,.F.);
#6085 = EDGE_CURVE('',#6086,#6053,#6088,.T.);
#6086 = VERTEX_POINT('',#6087);
#6087 = CARTESIAN_POINT('',(-18.13397206437,-11.25276999652,2.5));
#6088 = SURFACE_CURVE('',#6089,(#6094,#6101),.PCURVE_S1.);
#6089 = CIRCLE('',#6090,1.35);
#6090 = AXIS2_PLACEMENT_3D('',#6091,#6092,#6093);
#6091 = CARTESIAN_POINT('',(-19.48397206437,-11.25276999652,2.5));
#6092 = DIRECTION('',(-0.,0.,-1.));
#6093 = DIRECTION('',(-1.,0.,0.));
#6094 = PCURVE('',#6061,#6095);
#6095 = DEFINITIONAL_REPRESENTATION('',(#6096),#6100);
#6096 = LINE('',#6097,#6098);
#6097 = CARTESIAN_POINT('',(0.,18.));
#6098 = VECTOR('',#6099,1.);
#6099 = DIRECTION('',(1.,0.));
#6100 = ( GEOMETRIC_REPRESENTATION_CONTEXT(2) 
PARAMETRIC_REPRESENTATION_CONTEXT() REPRESENTATION_CONTEXT('2D SPACE',''
  ) );
#6101 = PCURVE('',#4881,#6102);
#6102 = DEFINITIONAL_REPRESENTATION('',(#6103),#6111);
#6103 = ( BOUNDED_CURVE() B_SPLINE_CURVE(2,(#6104,#6105,#6106,#6107,
#6108,#6109,#6110),.UNSPECIFIED.,.T.,.F.) B_SPLINE_CURVE_WITH_KNOTS((1,2
    ,2,2,2,1),(-2.094395102393,0.,2.094395102393,4.188790204786,
6.28318530718,8.377580409573),.UNSPECIFIED.) CURVE() 
GEOMETRIC_REPRESENTATION_ITEM() RATIONAL_B_SPLINE_CURVE((1.,0.5,1.,0.5,
1.,0.5,1.)) REPRESENTATION_ITEM('') );
#6104 = CARTESIAN_POINT('',(-2.7,0.));
#6105 = CARTESIAN_POINT('',(-2.7,2.338268590218));
#6106 = CARTESIAN_POINT('',(-0.675,1.169134295109));
#6107 = CARTESIAN_POINT('',(1.35,3.306546357698E-16));
#6108 = CARTESIAN_POINT('',(-0.675,-1.169134295109));
#6109 = CARTESIAN_POINT('',(-2.7,-2.338268590218));
#6110 = CARTESIAN_POINT('',(-2.7,0.));
#6111 = ( GEOMETRIC_REPRESENTATION_CONTEXT(2) 
PARAMETRIC_REPRESENTATION_CONTEXT() REPRESENTATION_CONTEXT('2D SPACE',''
  ) );
#6112 = ORIENTED_EDGE('',*,*,#6113,.F.);
#6113 = EDGE_CURVE('',#6114,#6086,#6116,.T.);
#6114 = VERTEX_POINT('',#6115);
#6115 = CARTESIAN_POINT('',(-18.13397206437,-11.25276999652,10.));
#6116 = SURFACE_CURVE('',#6117,(#6121,#6128),.PCURVE_S1.);
#6117 = LINE('',#6118,#6119);
#6118 = CARTESIAN_POINT('',(-18.13397206437,-11.25276999652,20.5));
#6119 = VECTOR('',#6120,1.);
#6120 = DIRECTION('',(-0.,-0.,-1.));
#6121 = PCURVE('',#6061,#6122);
#6122 = DEFINITIONAL_REPRESENTATION('',(#6123),#6127);
#6123 = LINE('',#6124,#6125);
#6124 = CARTESIAN_POINT('',(3.14159265359,0.));
#6125 = VECTOR('',#6126,1.);
#6126 = DIRECTION('',(0.,1.));
#6127 = ( GEOMETRIC_REPRESENTATION_CONTEXT(2) 
PARAMETRIC_REPRESENTATION_CONTEXT() REPRESENTATION_CONTEXT('2D SPACE',''
  ) );
#6128 = PCURVE('',#6073,#6129);
#6129 = DEFINITIONAL_REPRESENTATION('',(#6130),#6134);
#6130 = LINE('',#6131,#6132);
#6131 = CARTESIAN_POINT('',(3.14159265359,0.));
#6132 = VECTOR('',#6133,1.);
#6133 = DIRECTION('',(0.,1.));
#6134 = ( GEOMETRIC_REPRESENTATION_CONTEXT(2) 
PARAMETRIC_REPRESENTATION_CONTEXT() REPRESENTATION_CONTEXT('2D SPACE',''
  ) );
#6135 = ORIENTED_EDGE('',*,*,#6136,.F.);
#6136 = EDGE_CURVE('',#6051,#6114,#6137,.T.);
#6137 = SURFACE_CURVE('',#6138,(#6143,#6150),.PCURVE_S1.);
#6138 = CIRCLE('',#6139,1.35);
#6139 = AXIS2_PLACEMENT_3D('',#6140,#6141,#6142);
#6140 = CARTESIAN_POINT('',(-19.48397206437,-11.25276999652,10.));
#6141 = DIRECTION('',(-0.,0.,1.));
#6142 = DIRECTION('',(1.,0.,0.));
#6143 = PCURVE('',#6061,#6144);
#6144 = DEFINITIONAL_REPRESENTATION('',(#6145),#6149);
#6145 = LINE('',#6146,#6147);
#6146 = CARTESIAN_POINT('',(9.424777960769,10.5));
#6147 = VECTOR('',#6148,1.);
#6148 = DIRECTION('',(-1.,0.));
#6149 = ( GEOMETRIC_REPRESENTATION_CONTEXT(2) 
PARAMETRIC_REPRESENTATION_CONTEXT() REPRESENTATION_CONTEXT('2D SPACE',''
  ) );
#6150 = PCURVE('',#356,#6151);
#6151 = DEFINITIONAL_REPRESENTATION('',(#6152),#6156);
#6152 = CIRCLE('',#6153,1.35);
#6153 = AXIS2_PLACEMENT_2D('',#6154,#6155);
#6154 = CARTESIAN_POINT('',(-19.48397206437,-11.25276999652));
#6155 = DIRECTION('',(1.,0.));
#6156 = ( GEOMETRIC_REPRESENTATION_CONTEXT(2) 
PARAMETRIC_REPRESENTATION_CONTEXT() REPRESENTATION_CONTEXT('2D SPACE',''
  ) );
#6157 = ADVANCED_FACE('',(#6158),#6172,.F.);
#6158 = FACE_BOUND('',#6159,.F.);
#6159 = EDGE_LOOP('',(#6160,#6195,#6223,#6246));
#6160 = ORIENTED_EDGE('',*,*,#6161,.T.);
#6161 = EDGE_CURVE('',#6162,#6164,#6166,.T.);
#6162 = VERTEX_POINT('',#6163);
#6163 = CARTESIAN_POINT('',(18.133972064373,11.252769996527,10.));
#6164 = VERTEX_POINT('',#6165);
#6165 = CARTESIAN_POINT('',(18.133972064373,11.252769996527,2.5));
#6166 = SURFACE_CURVE('',#6167,(#6171,#6183),.PCURVE_S1.);
#6167 = LINE('',#6168,#6169);
#6168 = CARTESIAN_POINT('',(18.133972064373,11.252769996527,20.5));
#6169 = VECTOR('',#6170,1.);
#6170 = DIRECTION('',(-0.,-0.,-1.));
#6171 = PCURVE('',#6172,#6177);
#6172 = CYLINDRICAL_SURFACE('',#6173,1.35);
#6173 = AXIS2_PLACEMENT_3D('',#6174,#6175,#6176);
#6174 = CARTESIAN_POINT('',(19.483972064373,11.252769996527,20.5));
#6175 = DIRECTION('',(-0.,-0.,-1.));
#6176 = DIRECTION('',(-1.,0.,0.));
#6177 = DEFINITIONAL_REPRESENTATION('',(#6178),#6182);
#6178 = LINE('',#6179,#6180);
#6179 = CARTESIAN_POINT('',(6.28318530718,0.));
#6180 = VECTOR('',#6181,1.);
#6181 = DIRECTION('',(0.,1.));
#6182 = ( GEOMETRIC_REPRESENTATION_CONTEXT(2) 
PARAMETRIC_REPRESENTATION_CONTEXT() REPRESENTATION_CONTEXT('2D SPACE',''
  ) );
#6183 = PCURVE('',#6184,#6189);
#6184 = CYLINDRICAL_SURFACE('',#6185,1.35);
#6185 = AXIS2_PLACEMENT_3D('',#6186,#6187,#6188);
#6186 = CARTESIAN_POINT('',(19.483972064373,11.252769996527,20.5));
#6187 = DIRECTION('',(-0.,-0.,-1.));
#6188 = DIRECTION('',(-1.,0.,0.));
#6189 = DEFINITIONAL_REPRESENTATION('',(#6190),#6194);
#6190 = LINE('',#6191,#6192);
#6191 = CARTESIAN_POINT('',(0.,0.));
#6192 = VECTOR('',#6193,1.);
#6193 = DIRECTION('',(0.,1.));
#6194 = ( GEOMETRIC_REPRESENTATION_CONTEXT(2) 
PARAMETRIC_REPRESENTATION_CONTEXT() REPRESENTATION_CONTEXT('2D SPACE',''
  ) );
#6195 = ORIENTED_EDGE('',*,*,#6196,.F.);
#6196 = EDGE_CURVE('',#6197,#6164,#6199,.T.);
#6197 = VERTEX_POINT('',#6198);
#6198 = CARTESIAN_POINT('',(20.833972064373,11.252769996527,2.5));
#6199 = SURFACE_CURVE('',#6200,(#6205,#6212),.PCURVE_S1.);
#6200 = CIRCLE('',#6201,1.35);
#6201 = AXIS2_PLACEMENT_3D('',#6202,#6203,#6204);
#6202 = CARTESIAN_POINT('',(19.483972064373,11.252769996527,2.5));
#6203 = DIRECTION('',(-0.,0.,-1.));
#6204 = DIRECTION('',(-1.,0.,0.));
#6205 = PCURVE('',#6172,#6206);
#6206 = DEFINITIONAL_REPRESENTATION('',(#6207),#6211);
#6207 = LINE('',#6208,#6209);
#6208 = CARTESIAN_POINT('',(0.,18.));
#6209 = VECTOR('',#6210,1.);
#6210 = DIRECTION('',(1.,0.));
#6211 = ( GEOMETRIC_REPRESENTATION_CONTEXT(2) 
PARAMETRIC_REPRESENTATION_CONTEXT() REPRESENTATION_CONTEXT('2D SPACE',''
  ) );
#6212 = PCURVE('',#4521,#6213);
#6213 = DEFINITIONAL_REPRESENTATION('',(#6214),#6222);
#6214 = ( BOUNDED_CURVE() B_SPLINE_CURVE(2,(#6215,#6216,#6217,#6218,
#6219,#6220,#6221),.UNSPECIFIED.,.T.,.F.) B_SPLINE_CURVE_WITH_KNOTS((1,2
    ,2,2,2,1),(-2.094395102393,0.,2.094395102393,4.188790204786,
6.28318530718,8.377580409573),.UNSPECIFIED.) CURVE() 
GEOMETRIC_REPRESENTATION_ITEM() RATIONAL_B_SPLINE_CURVE((1.,0.5,1.,0.5,
1.,0.5,1.)) REPRESENTATION_ITEM('') );
#6215 = CARTESIAN_POINT('',(-2.7,0.));
#6216 = CARTESIAN_POINT('',(-2.7,2.338268590218));
#6217 = CARTESIAN_POINT('',(-0.675,1.169134295109));
#6218 = CARTESIAN_POINT('',(1.35,3.306546357698E-16));
#6219 = CARTESIAN_POINT('',(-0.675,-1.169134295109));
#6220 = CARTESIAN_POINT('',(-2.7,-2.338268590218));
#6221 = CARTESIAN_POINT('',(-2.7,0.));
#6222 = ( GEOMETRIC_REPRESENTATION_CONTEXT(2) 
PARAMETRIC_REPRESENTATION_CONTEXT() REPRESENTATION_CONTEXT('2D SPACE',''
  ) );
#6223 = ORIENTED_EDGE('',*,*,#6224,.F.);
#6224 = EDGE_CURVE('',#6225,#6197,#6227,.T.);
#6225 = VERTEX_POINT('',#6226);
#6226 = CARTESIAN_POINT('',(20.833972064373,11.252769996527,10.));
#6227 = SURFACE_CURVE('',#6228,(#6232,#6239),.PCURVE_S1.);
#6228 = LINE('',#6229,#6230);
#6229 = CARTESIAN_POINT('',(20.833972064373,11.252769996527,20.5));
#6230 = VECTOR('',#6231,1.);
#6231 = DIRECTION('',(-0.,-0.,-1.));
#6232 = PCURVE('',#6172,#6233);
#6233 = DEFINITIONAL_REPRESENTATION('',(#6234),#6238);
#6234 = LINE('',#6235,#6236);
#6235 = CARTESIAN_POINT('',(3.14159265359,0.));
#6236 = VECTOR('',#6237,1.);
#6237 = DIRECTION('',(0.,1.));
#6238 = ( GEOMETRIC_REPRESENTATION_CONTEXT(2) 
PARAMETRIC_REPRESENTATION_CONTEXT() REPRESENTATION_CONTEXT('2D SPACE',''
  ) );
#6239 = PCURVE('',#6184,#6240);
#6240 = DEFINITIONAL_REPRESENTATION('',(#6241),#6245);
#6241 = LINE('',#6242,#6243);
#6242 = CARTESIAN_POINT('',(3.14159265359,0.));
#6243 = VECTOR('',#6244,1.);
#6244 = DIRECTION('',(0.,1.));
#6245 = ( GEOMETRIC_REPRESENTATION_CONTEXT(2) 
PARAMETRIC_REPRESENTATION_CONTEXT() REPRESENTATION_CONTEXT('2D SPACE',''
  ) );
#6246 = ORIENTED_EDGE('',*,*,#6247,.F.);
#6247 = EDGE_CURVE('',#6162,#6225,#6248,.T.);
#6248 = SURFACE_CURVE('',#6249,(#6254,#6261),.PCURVE_S1.);
#6249 = CIRCLE('',#6250,1.35);
#6250 = AXIS2_PLACEMENT_3D('',#6251,#6252,#6253);
#6251 = CARTESIAN_POINT('',(19.483972064373,11.252769996527,10.));
#6252 = DIRECTION('',(-0.,0.,1.));
#6253 = DIRECTION('',(1.,0.,0.));
#6254 = PCURVE('',#6172,#6255);
#6255 = DEFINITIONAL_REPRESENTATION('',(#6256),#6260);
#6256 = LINE('',#6257,#6258);
#6257 = CARTESIAN_POINT('',(9.424777960769,10.5));
#6258 = VECTOR('',#6259,1.);
#6259 = DIRECTION('',(-1.,0.));
#6260 = ( GEOMETRIC_REPRESENTATION_CONTEXT(2) 
PARAMETRIC_REPRESENTATION_CONTEXT() REPRESENTATION_CONTEXT('2D SPACE',''
  ) );
#6261 = PCURVE('',#356,#6262);
#6262 = DEFINITIONAL_REPRESENTATION('',(#6263),#6267);
#6263 = CIRCLE('',#6264,1.35);
#6264 = AXIS2_PLACEMENT_2D('',#6265,#6266);
#6265 = CARTESIAN_POINT('',(19.483972064373,11.252769996527));
#6266 = DIRECTION('',(1.,0.));
#6267 = ( GEOMETRIC_REPRESENTATION_CONTEXT(2) 
PARAMETRIC_REPRESENTATION_CONTEXT() REPRESENTATION_CONTEXT('2D SPACE',''
  ) );
#6268 = ADVANCED_FACE('',(#6269),#6281,.F.);
#6269 = FACE_BOUND('',#6270,.F.);
#6270 = EDGE_LOOP('',(#6271,#6299,#6321,#6344));
#6271 = ORIENTED_EDGE('',*,*,#6272,.T.);
#6272 = EDGE_CURVE('',#6273,#5139,#6275,.T.);
#6273 = VERTEX_POINT('',#6274);
#6274 = CARTESIAN_POINT('',(-35.02,44.54,0.));
#6275 = SURFACE_CURVE('',#6276,(#6280,#6292),.PCURVE_S1.);
#6276 = LINE('',#6277,#6278);
#6277 = CARTESIAN_POINT('',(-35.02,44.54,0.));
#6278 = VECTOR('',#6279,1.);
#6279 = DIRECTION('',(-0.,-0.,1.));
#6280 = PCURVE('',#6281,#6286);
#6281 = CYLINDRICAL_SURFACE('',#6282,1.4);
#6282 = AXIS2_PLACEMENT_3D('',#6283,#6284,#6285);
#6283 = CARTESIAN_POINT('',(-36.42,44.54,0.));
#6284 = DIRECTION('',(-0.,-0.,1.));
#6285 = DIRECTION('',(1.,0.,0.));
#6286 = DEFINITIONAL_REPRESENTATION('',(#6287),#6291);
#6287 = LINE('',#6288,#6289);
#6288 = CARTESIAN_POINT('',(6.28318530718,0.));
#6289 = VECTOR('',#6290,1.);
#6290 = DIRECTION('',(0.,1.));
#6291 = ( GEOMETRIC_REPRESENTATION_CONTEXT(2) 
PARAMETRIC_REPRESENTATION_CONTEXT() REPRESENTATION_CONTEXT('2D SPACE',''
  ) );
#6292 = PCURVE('',#5162,#6293);
#6293 = DEFINITIONAL_REPRESENTATION('',(#6294),#6298);
#6294 = LINE('',#6295,#6296);
#6295 = CARTESIAN_POINT('',(0.,0.));
#6296 = VECTOR('',#6297,1.);
#6297 = DIRECTION('',(0.,1.));
#6298 = ( GEOMETRIC_REPRESENTATION_CONTEXT(2) 
PARAMETRIC_REPRESENTATION_CONTEXT() REPRESENTATION_CONTEXT('2D SPACE',''
  ) );
#6299 = ORIENTED_EDGE('',*,*,#6300,.F.);
#6300 = EDGE_CURVE('',#5141,#5139,#6301,.T.);
#6301 = SURFACE_CURVE('',#6302,(#6307,#6314),.PCURVE_S1.);
#6302 = CIRCLE('',#6303,1.4);
#6303 = AXIS2_PLACEMENT_3D('',#6304,#6305,#6306);
#6304 = CARTESIAN_POINT('',(-36.42,44.54,20.));
#6305 = DIRECTION('',(0.,0.,1.));
#6306 = DIRECTION('',(-1.,0.,0.));
#6307 = PCURVE('',#6281,#6308);
#6308 = DEFINITIONAL_REPRESENTATION('',(#6309),#6313);
#6309 = LINE('',#6310,#6311);
#6310 = CARTESIAN_POINT('',(3.14159265359,20.));
#6311 = VECTOR('',#6312,1.);
#6312 = DIRECTION('',(1.,0.));
#6313 = ( GEOMETRIC_REPRESENTATION_CONTEXT(2) 
PARAMETRIC_REPRESENTATION_CONTEXT() REPRESENTATION_CONTEXT('2D SPACE',''
  ) );
#6314 = PCURVE('',#5191,#6315);
#6315 = DEFINITIONAL_REPRESENTATION('',(#6316),#6320);
#6316 = LINE('',#6317,#6318);
#6317 = CARTESIAN_POINT('',(6.28318530718,3.14159265359));
#6318 = VECTOR('',#6319,1.);
#6319 = DIRECTION('',(-1.,-1.413579858428E-16));
#6320 = ( GEOMETRIC_REPRESENTATION_CONTEXT(2) 
PARAMETRIC_REPRESENTATION_CONTEXT() REPRESENTATION_CONTEXT('2D SPACE',''
  ) );
#6321 = ORIENTED_EDGE('',*,*,#6322,.F.);
#6322 = EDGE_CURVE('',#6323,#5141,#6325,.T.);
#6323 = VERTEX_POINT('',#6324);
#6324 = CARTESIAN_POINT('',(-37.82,44.54,0.));
#6325 = SURFACE_CURVE('',#6326,(#6330,#6337),.PCURVE_S1.);
#6326 = LINE('',#6327,#6328);
#6327 = CARTESIAN_POINT('',(-37.82,44.54,0.));
#6328 = VECTOR('',#6329,1.);
#6329 = DIRECTION('',(-0.,-0.,1.));
#6330 = PCURVE('',#6281,#6331);
#6331 = DEFINITIONAL_REPRESENTATION('',(#6332),#6336);
#6332 = LINE('',#6333,#6334);
#6333 = CARTESIAN_POINT('',(3.14159265359,0.));
#6334 = VECTOR('',#6335,1.);
#6335 = DIRECTION('',(0.,1.));
#6336 = ( GEOMETRIC_REPRESENTATION_CONTEXT(2) 
PARAMETRIC_REPRESENTATION_CONTEXT() REPRESENTATION_CONTEXT('2D SPACE',''
  ) );
#6337 = PCURVE('',#5162,#6338);
#6338 = DEFINITIONAL_REPRESENTATION('',(#6339),#6343);
#6339 = LINE('',#6340,#6341);
#6340 = CARTESIAN_POINT('',(3.14159265359,0.));
#6341 = VECTOR('',#6342,1.);
#6342 = DIRECTION('',(0.,1.));
#6343 = ( GEOMETRIC_REPRESENTATION_CONTEXT(2) 
PARAMETRIC_REPRESENTATION_CONTEXT() REPRESENTATION_CONTEXT('2D SPACE',''
  ) );
#6344 = ORIENTED_EDGE('',*,*,#6345,.T.);
#6345 = EDGE_CURVE('',#6323,#6273,#6346,.T.);
#6346 = SURFACE_CURVE('',#6347,(#6352,#6359),.PCURVE_S1.);
#6347 = CIRCLE('',#6348,1.4);
#6348 = AXIS2_PLACEMENT_3D('',#6349,#6350,#6351);
#6349 = CARTESIAN_POINT('',(-36.42,44.54,0.));
#6350 = DIRECTION('',(0.,0.,1.));
#6351 = DIRECTION('',(1.,0.,-0.));
#6352 = PCURVE('',#6281,#6353);
#6353 = DEFINITIONAL_REPRESENTATION('',(#6354),#6358);
#6354 = LINE('',#6355,#6356);
#6355 = CARTESIAN_POINT('',(0.,0.));
#6356 = VECTOR('',#6357,1.);
#6357 = DIRECTION('',(1.,0.));
#6358 = ( GEOMETRIC_REPRESENTATION_CONTEXT(2) 
PARAMETRIC_REPRESENTATION_CONTEXT() REPRESENTATION_CONTEXT('2D SPACE',''
  ) );
#6359 = PCURVE('',#128,#6360);
#6360 = DEFINITIONAL_REPRESENTATION('',(#6361),#6365);
#6361 = CIRCLE('',#6362,1.4);
#6362 = AXIS2_PLACEMENT_2D('',#6363,#6364);
#6363 = CARTESIAN_POINT('',(-36.42,44.54));
#6364 = DIRECTION('',(1.,0.));
#6365 = ( GEOMETRIC_REPRESENTATION_CONTEXT(2) 
PARAMETRIC_REPRESENTATION_CONTEXT() REPRESENTATION_CONTEXT('2D SPACE',''
  ) );
#6366 = ADVANCED_FACE('',(#6367),#6379,.F.);
#6367 = FACE_BOUND('',#6368,.F.);
#6368 = EDGE_LOOP('',(#6369,#6397,#6419,#6442));
#6369 = ORIENTED_EDGE('',*,*,#6370,.T.);
#6370 = EDGE_CURVE('',#6371,#5258,#6373,.T.);
#6371 = VERTEX_POINT('',#6372);
#6372 = CARTESIAN_POINT('',(-28.02,37.54,0.));
#6373 = SURFACE_CURVE('',#6374,(#6378,#6390),.PCURVE_S1.);
#6374 = LINE('',#6375,#6376);
#6375 = CARTESIAN_POINT('',(-28.02,37.54,0.));
#6376 = VECTOR('',#6377,1.);
#6377 = DIRECTION('',(-0.,-0.,1.));
#6378 = PCURVE('',#6379,#6384);
#6379 = CYLINDRICAL_SURFACE('',#6380,1.4);
#6380 = AXIS2_PLACEMENT_3D('',#6381,#6382,#6383);
#6381 = CARTESIAN_POINT('',(-29.42,37.54,0.));
#6382 = DIRECTION('',(-0.,-0.,1.));
#6383 = DIRECTION('',(1.,0.,0.));
#6384 = DEFINITIONAL_REPRESENTATION('',(#6385),#6389);
#6385 = LINE('',#6386,#6387);
#6386 = CARTESIAN_POINT('',(6.28318530718,0.));
#6387 = VECTOR('',#6388,1.);
#6388 = DIRECTION('',(0.,1.));
#6389 = ( GEOMETRIC_REPRESENTATION_CONTEXT(2) 
PARAMETRIC_REPRESENTATION_CONTEXT() REPRESENTATION_CONTEXT('2D SPACE',''
  ) );
#6390 = PCURVE('',#5281,#6391);
#6391 = DEFINITIONAL_REPRESENTATION('',(#6392),#6396);
#6392 = LINE('',#6393,#6394);
#6393 = CARTESIAN_POINT('',(0.,0.));
#6394 = VECTOR('',#6395,1.);
#6395 = DIRECTION('',(0.,1.));
#6396 = ( GEOMETRIC_REPRESENTATION_CONTEXT(2) 
PARAMETRIC_REPRESENTATION_CONTEXT() REPRESENTATION_CONTEXT('2D SPACE',''
  ) );
#6397 = ORIENTED_EDGE('',*,*,#6398,.F.);
#6398 = EDGE_CURVE('',#5260,#5258,#6399,.T.);
#6399 = SURFACE_CURVE('',#6400,(#6405,#6412),.PCURVE_S1.);
#6400 = CIRCLE('',#6401,1.4);
#6401 = AXIS2_PLACEMENT_3D('',#6402,#6403,#6404);
#6402 = CARTESIAN_POINT('',(-29.42,37.54,20.));
#6403 = DIRECTION('',(0.,0.,1.));
#6404 = DIRECTION('',(-1.,0.,0.));
#6405 = PCURVE('',#6379,#6406);
#6406 = DEFINITIONAL_REPRESENTATION('',(#6407),#6411);
#6407 = LINE('',#6408,#6409);
#6408 = CARTESIAN_POINT('',(3.14159265359,20.));
#6409 = VECTOR('',#6410,1.);
#6410 = DIRECTION('',(1.,0.));
#6411 = ( GEOMETRIC_REPRESENTATION_CONTEXT(2) 
PARAMETRIC_REPRESENTATION_CONTEXT() REPRESENTATION_CONTEXT('2D SPACE',''
  ) );
#6412 = PCURVE('',#5310,#6413);
#6413 = DEFINITIONAL_REPRESENTATION('',(#6414),#6418);
#6414 = LINE('',#6415,#6416);
#6415 = CARTESIAN_POINT('',(6.28318530718,3.14159265359));
#6416 = VECTOR('',#6417,1.);
#6417 = DIRECTION('',(-1.,-1.413579858428E-16));
#6418 = ( GEOMETRIC_REPRESENTATION_CONTEXT(2) 
PARAMETRIC_REPRESENTATION_CONTEXT() REPRESENTATION_CONTEXT('2D SPACE',''
  ) );
#6419 = ORIENTED_EDGE('',*,*,#6420,.F.);
#6420 = EDGE_CURVE('',#6421,#5260,#6423,.T.);
#6421 = VERTEX_POINT('',#6422);
#6422 = CARTESIAN_POINT('',(-30.82,37.54,0.));
#6423 = SURFACE_CURVE('',#6424,(#6428,#6435),.PCURVE_S1.);
#6424 = LINE('',#6425,#6426);
#6425 = CARTESIAN_POINT('',(-30.82,37.54,0.));
#6426 = VECTOR('',#6427,1.);
#6427 = DIRECTION('',(-0.,-0.,1.));
#6428 = PCURVE('',#6379,#6429);
#6429 = DEFINITIONAL_REPRESENTATION('',(#6430),#6434);
#6430 = LINE('',#6431,#6432);
#6431 = CARTESIAN_POINT('',(3.14159265359,0.));
#6432 = VECTOR('',#6433,1.);
#6433 = DIRECTION('',(0.,1.));
#6434 = ( GEOMETRIC_REPRESENTATION_CONTEXT(2) 
PARAMETRIC_REPRESENTATION_CONTEXT() REPRESENTATION_CONTEXT('2D SPACE',''
  ) );
#6435 = PCURVE('',#5281,#6436);
#6436 = DEFINITIONAL_REPRESENTATION('',(#6437),#6441);
#6437 = LINE('',#6438,#6439);
#6438 = CARTESIAN_POINT('',(3.14159265359,0.));
#6439 = VECTOR('',#6440,1.);
#6440 = DIRECTION('',(0.,1.));
#6441 = ( GEOMETRIC_REPRESENTATION_CONTEXT(2) 
PARAMETRIC_REPRESENTATION_CONTEXT() REPRESENTATION_CONTEXT('2D SPACE',''
  ) );
#6442 = ORIENTED_EDGE('',*,*,#6443,.T.);
#6443 = EDGE_CURVE('',#6421,#6371,#6444,.T.);
#6444 = SURFACE_CURVE('',#6445,(#6450,#6457),.PCURVE_S1.);
#6445 = CIRCLE('',#6446,1.4);
#6446 = AXIS2_PLACEMENT_3D('',#6447,#6448,#6449);
#6447 = CARTESIAN_POINT('',(-29.42,37.54,0.));
#6448 = DIRECTION('',(0.,0.,1.));
#6449 = DIRECTION('',(1.,0.,-0.));
#6450 = PCURVE('',#6379,#6451);
#6451 = DEFINITIONAL_REPRESENTATION('',(#6452),#6456);
#6452 = LINE('',#6453,#6454);
#6453 = CARTESIAN_POINT('',(0.,0.));
#6454 = VECTOR('',#6455,1.);
#6455 = DIRECTION('',(1.,0.));
#6456 = ( GEOMETRIC_REPRESENTATION_CONTEXT(2) 
PARAMETRIC_REPRESENTATION_CONTEXT() REPRESENTATION_CONTEXT('2D SPACE',''
  ) );
#6457 = PCURVE('',#128,#6458);
#6458 = DEFINITIONAL_REPRESENTATION('',(#6459),#6463);
#6459 = CIRCLE('',#6460,1.4);
#6460 = AXIS2_PLACEMENT_2D('',#6461,#6462);
#6461 = CARTESIAN_POINT('',(-29.42,37.54));
#6462 = DIRECTION('',(1.,0.));
#6463 = ( GEOMETRIC_REPRESENTATION_CONTEXT(2) 
PARAMETRIC_REPRESENTATION_CONTEXT() REPRESENTATION_CONTEXT('2D SPACE',''
  ) );
#6464 = ADVANCED_FACE('',(#6465),#6477,.F.);
#6465 = FACE_BOUND('',#6466,.F.);
#6466 = EDGE_LOOP('',(#6467,#6495,#6517,#6540));
#6467 = ORIENTED_EDGE('',*,*,#6468,.T.);
#6468 = EDGE_CURVE('',#6469,#5372,#6471,.T.);
#6469 = VERTEX_POINT('',#6470);
#6470 = CARTESIAN_POINT('',(-35.02,30.54,0.));
#6471 = SURFACE_CURVE('',#6472,(#6476,#6488),.PCURVE_S1.);
#6472 = LINE('',#6473,#6474);
#6473 = CARTESIAN_POINT('',(-35.02,30.54,0.));
#6474 = VECTOR('',#6475,1.);
#6475 = DIRECTION('',(-0.,-0.,1.));
#6476 = PCURVE('',#6477,#6482);
#6477 = CYLINDRICAL_SURFACE('',#6478,1.4);
#6478 = AXIS2_PLACEMENT_3D('',#6479,#6480,#6481);
#6479 = CARTESIAN_POINT('',(-36.42,30.54,0.));
#6480 = DIRECTION('',(-0.,-0.,1.));
#6481 = DIRECTION('',(1.,0.,0.));
#6482 = DEFINITIONAL_REPRESENTATION('',(#6483),#6487);
#6483 = LINE('',#6484,#6485);
#6484 = CARTESIAN_POINT('',(6.28318530718,0.));
#6485 = VECTOR('',#6486,1.);
#6486 = DIRECTION('',(0.,1.));
#6487 = ( GEOMETRIC_REPRESENTATION_CONTEXT(2) 
PARAMETRIC_REPRESENTATION_CONTEXT() REPRESENTATION_CONTEXT('2D SPACE',''
  ) );
#6488 = PCURVE('',#5395,#6489);
#6489 = DEFINITIONAL_REPRESENTATION('',(#6490),#6494);
#6490 = LINE('',#6491,#6492);
#6491 = CARTESIAN_POINT('',(0.,0.));
#6492 = VECTOR('',#6493,1.);
#6493 = DIRECTION('',(0.,1.));
#6494 = ( GEOMETRIC_REPRESENTATION_CONTEXT(2) 
PARAMETRIC_REPRESENTATION_CONTEXT() REPRESENTATION_CONTEXT('2D SPACE',''
  ) );
#6495 = ORIENTED_EDGE('',*,*,#6496,.F.);
#6496 = EDGE_CURVE('',#5374,#5372,#6497,.T.);
#6497 = SURFACE_CURVE('',#6498,(#6503,#6510),.PCURVE_S1.);
#6498 = CIRCLE('',#6499,1.4);
#6499 = AXIS2_PLACEMENT_3D('',#6500,#6501,#6502);
#6500 = CARTESIAN_POINT('',(-36.42,30.54,20.));
#6501 = DIRECTION('',(0.,0.,1.));
#6502 = DIRECTION('',(-1.,0.,0.));
#6503 = PCURVE('',#6477,#6504);
#6504 = DEFINITIONAL_REPRESENTATION('',(#6505),#6509);
#6505 = LINE('',#6506,#6507);
#6506 = CARTESIAN_POINT('',(3.14159265359,20.));
#6507 = VECTOR('',#6508,1.);
#6508 = DIRECTION('',(1.,0.));
#6509 = ( GEOMETRIC_REPRESENTATION_CONTEXT(2) 
PARAMETRIC_REPRESENTATION_CONTEXT() REPRESENTATION_CONTEXT('2D SPACE',''
  ) );
#6510 = PCURVE('',#5424,#6511);
#6511 = DEFINITIONAL_REPRESENTATION('',(#6512),#6516);
#6512 = LINE('',#6513,#6514);
#6513 = CARTESIAN_POINT('',(6.28318530718,3.14159265359));
#6514 = VECTOR('',#6515,1.);
#6515 = DIRECTION('',(-1.,-1.413579858428E-16));
#6516 = ( GEOMETRIC_REPRESENTATION_CONTEXT(2) 
PARAMETRIC_REPRESENTATION_CONTEXT() REPRESENTATION_CONTEXT('2D SPACE',''
  ) );
#6517 = ORIENTED_EDGE('',*,*,#6518,.F.);
#6518 = EDGE_CURVE('',#6519,#5374,#6521,.T.);
#6519 = VERTEX_POINT('',#6520);
#6520 = CARTESIAN_POINT('',(-37.82,30.54,0.));
#6521 = SURFACE_CURVE('',#6522,(#6526,#6533),.PCURVE_S1.);
#6522 = LINE('',#6523,#6524);
#6523 = CARTESIAN_POINT('',(-37.82,30.54,0.));
#6524 = VECTOR('',#6525,1.);
#6525 = DIRECTION('',(-0.,-0.,1.));
#6526 = PCURVE('',#6477,#6527);
#6527 = DEFINITIONAL_REPRESENTATION('',(#6528),#6532);
#6528 = LINE('',#6529,#6530);
#6529 = CARTESIAN_POINT('',(3.14159265359,0.));
#6530 = VECTOR('',#6531,1.);
#6531 = DIRECTION('',(0.,1.));
#6532 = ( GEOMETRIC_REPRESENTATION_CONTEXT(2) 
PARAMETRIC_REPRESENTATION_CONTEXT() REPRESENTATION_CONTEXT('2D SPACE',''
  ) );
#6533 = PCURVE('',#5395,#6534);
#6534 = DEFINITIONAL_REPRESENTATION('',(#6535),#6539);
#6535 = LINE('',#6536,#6537);
#6536 = CARTESIAN_POINT('',(3.14159265359,0.));
#6537 = VECTOR('',#6538,1.);
#6538 = DIRECTION('',(0.,1.));
#6539 = ( GEOMETRIC_REPRESENTATION_CONTEXT(2) 
PARAMETRIC_REPRESENTATION_CONTEXT() REPRESENTATION_CONTEXT('2D SPACE',''
  ) );
#6540 = ORIENTED_EDGE('',*,*,#6541,.T.);
#6541 = EDGE_CURVE('',#6519,#6469,#6542,.T.);
#6542 = SURFACE_CURVE('',#6543,(#6548,#6555),.PCURVE_S1.);
#6543 = CIRCLE('',#6544,1.4);
#6544 = AXIS2_PLACEMENT_3D('',#6545,#6546,#6547);
#6545 = CARTESIAN_POINT('',(-36.42,30.54,0.));
#6546 = DIRECTION('',(0.,0.,1.));
#6547 = DIRECTION('',(1.,0.,-0.));
#6548 = PCURVE('',#6477,#6549);
#6549 = DEFINITIONAL_REPRESENTATION('',(#6550),#6554);
#6550 = LINE('',#6551,#6552);
#6551 = CARTESIAN_POINT('',(0.,0.));
#6552 = VECTOR('',#6553,1.);
#6553 = DIRECTION('',(1.,0.));
#6554 = ( GEOMETRIC_REPRESENTATION_CONTEXT(2) 
PARAMETRIC_REPRESENTATION_CONTEXT() REPRESENTATION_CONTEXT('2D SPACE',''
  ) );
#6555 = PCURVE('',#128,#6556);
#6556 = DEFINITIONAL_REPRESENTATION('',(#6557),#6561);
#6557 = CIRCLE('',#6558,1.4);
#6558 = AXIS2_PLACEMENT_2D('',#6559,#6560);
#6559 = CARTESIAN_POINT('',(-36.42,30.54));
#6560 = DIRECTION('',(1.,0.));
#6561 = ( GEOMETRIC_REPRESENTATION_CONTEXT(2) 
PARAMETRIC_REPRESENTATION_CONTEXT() REPRESENTATION_CONTEXT('2D SPACE',''
  ) );
#6562 = ADVANCED_FACE('',(#6563),#6575,.F.);
#6563 = FACE_BOUND('',#6564,.F.);
#6564 = EDGE_LOOP('',(#6565,#6593,#6615,#6638));
#6565 = ORIENTED_EDGE('',*,*,#6566,.T.);
#6566 = EDGE_CURVE('',#6567,#5486,#6569,.T.);
#6567 = VERTEX_POINT('',#6568);
#6568 = CARTESIAN_POINT('',(-42.02,37.54,0.));
#6569 = SURFACE_CURVE('',#6570,(#6574,#6586),.PCURVE_S1.);
#6570 = LINE('',#6571,#6572);
#6571 = CARTESIAN_POINT('',(-42.02,37.54,0.));
#6572 = VECTOR('',#6573,1.);
#6573 = DIRECTION('',(-0.,-0.,1.));
#6574 = PCURVE('',#6575,#6580);
#6575 = CYLINDRICAL_SURFACE('',#6576,1.4);
#6576 = AXIS2_PLACEMENT_3D('',#6577,#6578,#6579);
#6577 = CARTESIAN_POINT('',(-43.42,37.54,0.));
#6578 = DIRECTION('',(-0.,-0.,1.));
#6579 = DIRECTION('',(1.,0.,0.));
#6580 = DEFINITIONAL_REPRESENTATION('',(#6581),#6585);
#6581 = LINE('',#6582,#6583);
#6582 = CARTESIAN_POINT('',(6.28318530718,0.));
#6583 = VECTOR('',#6584,1.);
#6584 = DIRECTION('',(0.,1.));
#6585 = ( GEOMETRIC_REPRESENTATION_CONTEXT(2) 
PARAMETRIC_REPRESENTATION_CONTEXT() REPRESENTATION_CONTEXT('2D SPACE',''
  ) );
#6586 = PCURVE('',#5509,#6587);
#6587 = DEFINITIONAL_REPRESENTATION('',(#6588),#6592);
#6588 = LINE('',#6589,#6590);
#6589 = CARTESIAN_POINT('',(0.,0.));
#6590 = VECTOR('',#6591,1.);
#6591 = DIRECTION('',(0.,1.));
#6592 = ( GEOMETRIC_REPRESENTATION_CONTEXT(2) 
PARAMETRIC_REPRESENTATION_CONTEXT() REPRESENTATION_CONTEXT('2D SPACE',''
  ) );
#6593 = ORIENTED_EDGE('',*,*,#6594,.F.);
#6594 = EDGE_CURVE('',#5488,#5486,#6595,.T.);
#6595 = SURFACE_CURVE('',#6596,(#6601,#6608),.PCURVE_S1.);
#6596 = CIRCLE('',#6597,1.4);
#6597 = AXIS2_PLACEMENT_3D('',#6598,#6599,#6600);
#6598 = CARTESIAN_POINT('',(-43.42,37.54,20.));
#6599 = DIRECTION('',(0.,0.,1.));
#6600 = DIRECTION('',(-1.,0.,0.));
#6601 = PCURVE('',#6575,#6602);
#6602 = DEFINITIONAL_REPRESENTATION('',(#6603),#6607);
#6603 = LINE('',#6604,#6605);
#6604 = CARTESIAN_POINT('',(3.14159265359,20.));
#6605 = VECTOR('',#6606,1.);
#6606 = DIRECTION('',(1.,0.));
#6607 = ( GEOMETRIC_REPRESENTATION_CONTEXT(2) 
PARAMETRIC_REPRESENTATION_CONTEXT() REPRESENTATION_CONTEXT('2D SPACE',''
  ) );
#6608 = PCURVE('',#5538,#6609);
#6609 = DEFINITIONAL_REPRESENTATION('',(#6610),#6614);
#6610 = LINE('',#6611,#6612);
#6611 = CARTESIAN_POINT('',(6.28318530718,3.14159265359));
#6612 = VECTOR('',#6613,1.);
#6613 = DIRECTION('',(-1.,-1.413579858428E-16));
#6614 = ( GEOMETRIC_REPRESENTATION_CONTEXT(2) 
PARAMETRIC_REPRESENTATION_CONTEXT() REPRESENTATION_CONTEXT('2D SPACE',''
  ) );
#6615 = ORIENTED_EDGE('',*,*,#6616,.F.);
#6616 = EDGE_CURVE('',#6617,#5488,#6619,.T.);
#6617 = VERTEX_POINT('',#6618);
#6618 = CARTESIAN_POINT('',(-44.82,37.54,0.));
#6619 = SURFACE_CURVE('',#6620,(#6624,#6631),.PCURVE_S1.);
#6620 = LINE('',#6621,#6622);
#6621 = CARTESIAN_POINT('',(-44.82,37.54,0.));
#6622 = VECTOR('',#6623,1.);
#6623 = DIRECTION('',(-0.,-0.,1.));
#6624 = PCURVE('',#6575,#6625);
#6625 = DEFINITIONAL_REPRESENTATION('',(#6626),#6630);
#6626 = LINE('',#6627,#6628);
#6627 = CARTESIAN_POINT('',(3.14159265359,0.));
#6628 = VECTOR('',#6629,1.);
#6629 = DIRECTION('',(0.,1.));
#6630 = ( GEOMETRIC_REPRESENTATION_CONTEXT(2) 
PARAMETRIC_REPRESENTATION_CONTEXT() REPRESENTATION_CONTEXT('2D SPACE',''
  ) );
#6631 = PCURVE('',#5509,#6632);
#6632 = DEFINITIONAL_REPRESENTATION('',(#6633),#6637);
#6633 = LINE('',#6634,#6635);
#6634 = CARTESIAN_POINT('',(3.14159265359,0.));
#6635 = VECTOR('',#6636,1.);
#6636 = DIRECTION('',(0.,1.));
#6637 = ( GEOMETRIC_REPRESENTATION_CONTEXT(2) 
PARAMETRIC_REPRESENTATION_CONTEXT() REPRESENTATION_CONTEXT('2D SPACE',''
  ) );
#6638 = ORIENTED_EDGE('',*,*,#6639,.T.);
#6639 = EDGE_CURVE('',#6617,#6567,#6640,.T.);
#6640 = SURFACE_CURVE('',#6641,(#6646,#6653),.PCURVE_S1.);
#6641 = CIRCLE('',#6642,1.4);
#6642 = AXIS2_PLACEMENT_3D('',#6643,#6644,#6645);
#6643 = CARTESIAN_POINT('',(-43.42,37.54,0.));
#6644 = DIRECTION('',(0.,0.,1.));
#6645 = DIRECTION('',(1.,0.,-0.));
#6646 = PCURVE('',#6575,#6647);
#6647 = DEFINITIONAL_REPRESENTATION('',(#6648),#6652);
#6648 = LINE('',#6649,#6650);
#6649 = CARTESIAN_POINT('',(0.,0.));
#6650 = VECTOR('',#6651,1.);
#6651 = DIRECTION('',(1.,0.));
#6652 = ( GEOMETRIC_REPRESENTATION_CONTEXT(2) 
PARAMETRIC_REPRESENTATION_CONTEXT() REPRESENTATION_CONTEXT('2D SPACE',''
  ) );
#6653 = PCURVE('',#128,#6654);
#6654 = DEFINITIONAL_REPRESENTATION('',(#6655),#6659);
#6655 = CIRCLE('',#6656,1.4);
#6656 = AXIS2_PLACEMENT_2D('',#6657,#6658);
#6657 = CARTESIAN_POINT('',(-43.42,37.54));
#6658 = DIRECTION('',(1.,0.));
#6659 = ( GEOMETRIC_REPRESENTATION_CONTEXT(2) 
PARAMETRIC_REPRESENTATION_CONTEXT() REPRESENTATION_CONTEXT('2D SPACE',''
  ) );
#6660 = ADVANCED_FACE('',(#6661),#6676,.T.);
#6661 = FACE_BOUND('',#6662,.T.);
#6662 = EDGE_LOOP('',(#6663,#6699,#6727,#6755));
#6663 = ORIENTED_EDGE('',*,*,#6664,.T.);
#6664 = EDGE_CURVE('',#6665,#6667,#6669,.T.);
#6665 = VERTEX_POINT('',#6666);
#6666 = CARTESIAN_POINT('',(-47.92,37.54,13.5));
#6667 = VERTEX_POINT('',#6668);
#6668 = CARTESIAN_POINT('',(-24.92,37.54,13.5));
#6669 = SURFACE_CURVE('',#6670,(#6675,#6687),.PCURVE_S1.);
#6670 = CIRCLE('',#6671,11.5);
#6671 = AXIS2_PLACEMENT_3D('',#6672,#6673,#6674);
#6672 = CARTESIAN_POINT('',(-36.42,37.54,13.5));
#6673 = DIRECTION('',(-0.,0.,-1.));
#6674 = DIRECTION('',(-1.,0.,0.));
#6675 = PCURVE('',#6676,#6681);
#6676 = CONICAL_SURFACE('',#6677,11.5,0.278299659005);
#6677 = AXIS2_PLACEMENT_3D('',#6678,#6679,#6680);
#6678 = CARTESIAN_POINT('',(-36.42,37.54,13.5));
#6679 = DIRECTION('',(-0.,-0.,-1.));
#6680 = DIRECTION('',(-1.,0.,0.));
#6681 = DEFINITIONAL_REPRESENTATION('',(#6682),#6686);
#6682 = LINE('',#6683,#6684);
#6683 = CARTESIAN_POINT('',(0.,-9.384526698718E-16));
#6684 = VECTOR('',#6685,1.);
#6685 = DIRECTION('',(1.,2.987187625358E-16));
#6686 = ( GEOMETRIC_REPRESENTATION_CONTEXT(2) 
PARAMETRIC_REPRESENTATION_CONTEXT() REPRESENTATION_CONTEXT('2D SPACE',''
  ) );
#6687 = PCURVE('',#6688,#6693);
#6688 = PLANE('',#6689);
#6689 = AXIS2_PLACEMENT_3D('',#6690,#6691,#6692);
#6690 = CARTESIAN_POINT('',(-26.395,37.54,13.5));
#6691 = DIRECTION('',(-0.,0.,-1.));
#6692 = DIRECTION('',(-1.,0.,0.));
#6693 = DEFINITIONAL_REPRESENTATION('',(#6694),#6698);
#6694 = CIRCLE('',#6695,11.5);
#6695 = AXIS2_PLACEMENT_2D('',#6696,#6697);
#6696 = CARTESIAN_POINT('',(10.025,0.));
#6697 = DIRECTION('',(1.,0.));
#6698 = ( GEOMETRIC_REPRESENTATION_CONTEXT(2) 
PARAMETRIC_REPRESENTATION_CONTEXT() REPRESENTATION_CONTEXT('2D SPACE',''
  ) );
#6699 = ORIENTED_EDGE('',*,*,#6700,.T.);
#6700 = EDGE_CURVE('',#6667,#6701,#6703,.T.);
#6701 = VERTEX_POINT('',#6702);
#6702 = CARTESIAN_POINT('',(-23.92,37.54,10.));
#6703 = SURFACE_CURVE('',#6704,(#6708,#6715),.PCURVE_S1.);
#6704 = LINE('',#6705,#6706);
#6705 = CARTESIAN_POINT('',(-24.92,37.54,13.5));
#6706 = VECTOR('',#6707,1.);
#6707 = DIRECTION('',(0.274721127897,3.364363499377E-17,-0.961523947641)
  );
#6708 = PCURVE('',#6676,#6709);
#6709 = DEFINITIONAL_REPRESENTATION('',(#6710),#6714);
#6710 = LINE('',#6711,#6712);
#6711 = CARTESIAN_POINT('',(3.14159265359,-9.384526698718E-16));
#6712 = VECTOR('',#6713,1.);
#6713 = DIRECTION('',(0.,1.));
#6714 = ( GEOMETRIC_REPRESENTATION_CONTEXT(2) 
PARAMETRIC_REPRESENTATION_CONTEXT() REPRESENTATION_CONTEXT('2D SPACE',''
  ) );
#6715 = PCURVE('',#6716,#6721);
#6716 = CONICAL_SURFACE('',#6717,11.5,0.278299659005);
#6717 = AXIS2_PLACEMENT_3D('',#6718,#6719,#6720);
#6718 = CARTESIAN_POINT('',(-36.42,37.54,13.5));
#6719 = DIRECTION('',(-0.,-0.,-1.));
#6720 = DIRECTION('',(-1.,0.,0.));
#6721 = DEFINITIONAL_REPRESENTATION('',(#6722),#6726);
#6722 = LINE('',#6723,#6724);
#6723 = CARTESIAN_POINT('',(3.14159265359,-9.384526698718E-16));
#6724 = VECTOR('',#6725,1.);
#6725 = DIRECTION('',(0.,1.));
#6726 = ( GEOMETRIC_REPRESENTATION_CONTEXT(2) 
PARAMETRIC_REPRESENTATION_CONTEXT() REPRESENTATION_CONTEXT('2D SPACE',''
  ) );
#6727 = ORIENTED_EDGE('',*,*,#6728,.F.);
#6728 = EDGE_CURVE('',#6729,#6701,#6731,.T.);
#6729 = VERTEX_POINT('',#6730);
#6730 = CARTESIAN_POINT('',(-48.92,37.54,10.));
#6731 = SURFACE_CURVE('',#6732,(#6737,#6744),.PCURVE_S1.);
#6732 = CIRCLE('',#6733,12.5);
#6733 = AXIS2_PLACEMENT_3D('',#6734,#6735,#6736);
#6734 = CARTESIAN_POINT('',(-36.42,37.54,10.));
#6735 = DIRECTION('',(-0.,0.,-1.));
#6736 = DIRECTION('',(-1.,0.,0.));
#6737 = PCURVE('',#6676,#6738);
#6738 = DEFINITIONAL_REPRESENTATION('',(#6739),#6743);
#6739 = LINE('',#6740,#6741);
#6740 = CARTESIAN_POINT('',(0.,3.5));
#6741 = VECTOR('',#6742,1.);
#6742 = DIRECTION('',(1.,4.077572657344E-16));
#6743 = ( GEOMETRIC_REPRESENTATION_CONTEXT(2) 
PARAMETRIC_REPRESENTATION_CONTEXT() REPRESENTATION_CONTEXT('2D SPACE',''
  ) );
#6744 = PCURVE('',#73,#6745);
#6745 = DEFINITIONAL_REPRESENTATION('',(#6746),#6754);
#6746 = ( BOUNDED_CURVE() B_SPLINE_CURVE(2,(#6747,#6748,#6749,#6750,
#6751,#6752,#6753),.UNSPECIFIED.,.T.,.F.) B_SPLINE_CURVE_WITH_KNOTS((1,2
    ,2,2,2,1),(-2.094395102393,0.,2.094395102393,4.188790204786,
6.28318530718,8.377580409573),.UNSPECIFIED.) CURVE() 
GEOMETRIC_REPRESENTATION_ITEM() RATIONAL_B_SPLINE_CURVE((1.,0.5,1.,0.5,
1.,0.5,1.)) REPRESENTATION_ITEM('') );
#6747 = CARTESIAN_POINT('',(-48.92,37.54));
#6748 = CARTESIAN_POINT('',(-48.92,59.190635094611));
#6749 = CARTESIAN_POINT('',(-30.17,48.365317547305));
#6750 = CARTESIAN_POINT('',(-11.42,37.54));
#6751 = CARTESIAN_POINT('',(-30.17,26.714682452695));
#6752 = CARTESIAN_POINT('',(-48.92,15.889364905389));
#6753 = CARTESIAN_POINT('',(-48.92,37.54));
#6754 = ( GEOMETRIC_REPRESENTATION_CONTEXT(2) 
PARAMETRIC_REPRESENTATION_CONTEXT() REPRESENTATION_CONTEXT('2D SPACE',''
  ) );
#6755 = ORIENTED_EDGE('',*,*,#6756,.F.);
#6756 = EDGE_CURVE('',#6665,#6729,#6757,.T.);
#6757 = SURFACE_CURVE('',#6758,(#6762,#6769),.PCURVE_S1.);
#6758 = LINE('',#6759,#6760);
#6759 = CARTESIAN_POINT('',(-47.92,37.54,13.5));
#6760 = VECTOR('',#6761,1.);
#6761 = DIRECTION('',(-0.274721127897,0.,-0.961523947641));
#6762 = PCURVE('',#6676,#6763);
#6763 = DEFINITIONAL_REPRESENTATION('',(#6764),#6768);
#6764 = LINE('',#6765,#6766);
#6765 = CARTESIAN_POINT('',(0.,-9.384526698718E-16));
#6766 = VECTOR('',#6767,1.);
#6767 = DIRECTION('',(0.,1.));
#6768 = ( GEOMETRIC_REPRESENTATION_CONTEXT(2) 
PARAMETRIC_REPRESENTATION_CONTEXT() REPRESENTATION_CONTEXT('2D SPACE',''
  ) );
#6769 = PCURVE('',#6716,#6770);
#6770 = DEFINITIONAL_REPRESENTATION('',(#6771),#6775);
#6771 = LINE('',#6772,#6773);
#6772 = CARTESIAN_POINT('',(6.28318530718,-9.384526698718E-16));
#6773 = VECTOR('',#6774,1.);
#6774 = DIRECTION('',(0.,1.));
#6775 = ( GEOMETRIC_REPRESENTATION_CONTEXT(2) 
PARAMETRIC_REPRESENTATION_CONTEXT() REPRESENTATION_CONTEXT('2D SPACE',''
  ) );
#6776 = ADVANCED_FACE('',(#6777),#5680,.T.);
#6777 = FACE_BOUND('',#6778,.T.);
#6778 = EDGE_LOOP('',(#6779,#6780,#6808,#6832));
#6779 = ORIENTED_EDGE('',*,*,#5663,.T.);
#6780 = ORIENTED_EDGE('',*,*,#6781,.T.);
#6781 = EDGE_CURVE('',#5635,#6782,#6784,.T.);
#6782 = VERTEX_POINT('',#6783);
#6783 = CARTESIAN_POINT('',(-26.395,37.54,13.5));
#6784 = SURFACE_CURVE('',#6785,(#6789,#6796),.PCURVE_S1.);
#6785 = LINE('',#6786,#6787);
#6786 = CARTESIAN_POINT('',(-26.395,37.54,10.));
#6787 = VECTOR('',#6788,1.);
#6788 = DIRECTION('',(-0.,-0.,-1.));
#6789 = PCURVE('',#5680,#6790);
#6790 = DEFINITIONAL_REPRESENTATION('',(#6791),#6795);
#6791 = LINE('',#6792,#6793);
#6792 = CARTESIAN_POINT('',(3.14159265359,0.));
#6793 = VECTOR('',#6794,1.);
#6794 = DIRECTION('',(0.,1.));
#6795 = ( GEOMETRIC_REPRESENTATION_CONTEXT(2) 
PARAMETRIC_REPRESENTATION_CONTEXT() REPRESENTATION_CONTEXT('2D SPACE',''
  ) );
#6796 = PCURVE('',#6797,#6802);
#6797 = CYLINDRICAL_SURFACE('',#6798,10.025);
#6798 = AXIS2_PLACEMENT_3D('',#6799,#6800,#6801);
#6799 = CARTESIAN_POINT('',(-36.42,37.54,10.));
#6800 = DIRECTION('',(-0.,-0.,-1.));
#6801 = DIRECTION('',(-1.,0.,0.));
#6802 = DEFINITIONAL_REPRESENTATION('',(#6803),#6807);
#6803 = LINE('',#6804,#6805);
#6804 = CARTESIAN_POINT('',(3.14159265359,0.));
#6805 = VECTOR('',#6806,1.);
#6806 = DIRECTION('',(0.,1.));
#6807 = ( GEOMETRIC_REPRESENTATION_CONTEXT(2) 
PARAMETRIC_REPRESENTATION_CONTEXT() REPRESENTATION_CONTEXT('2D SPACE',''
  ) );
#6808 = ORIENTED_EDGE('',*,*,#6809,.F.);
#6809 = EDGE_CURVE('',#6810,#6782,#6812,.T.);
#6810 = VERTEX_POINT('',#6811);
#6811 = CARTESIAN_POINT('',(-46.445,37.54,13.5));
#6812 = SURFACE_CURVE('',#6813,(#6818,#6825),.PCURVE_S1.);
#6813 = CIRCLE('',#6814,10.025);
#6814 = AXIS2_PLACEMENT_3D('',#6815,#6816,#6817);
#6815 = CARTESIAN_POINT('',(-36.42,37.54,13.5));
#6816 = DIRECTION('',(-0.,0.,-1.));
#6817 = DIRECTION('',(-1.,0.,0.));
#6818 = PCURVE('',#5680,#6819);
#6819 = DEFINITIONAL_REPRESENTATION('',(#6820),#6824);
#6820 = LINE('',#6821,#6822);
#6821 = CARTESIAN_POINT('',(0.,-3.5));
#6822 = VECTOR('',#6823,1.);
#6823 = DIRECTION('',(1.,0.));
#6824 = ( GEOMETRIC_REPRESENTATION_CONTEXT(2) 
PARAMETRIC_REPRESENTATION_CONTEXT() REPRESENTATION_CONTEXT('2D SPACE',''
  ) );
#6825 = PCURVE('',#6688,#6826);
#6826 = DEFINITIONAL_REPRESENTATION('',(#6827),#6831);
#6827 = CIRCLE('',#6828,10.025);
#6828 = AXIS2_PLACEMENT_2D('',#6829,#6830);
#6829 = CARTESIAN_POINT('',(10.025,0.));
#6830 = DIRECTION('',(1.,0.));
#6831 = ( GEOMETRIC_REPRESENTATION_CONTEXT(2) 
PARAMETRIC_REPRESENTATION_CONTEXT() REPRESENTATION_CONTEXT('2D SPACE',''
  ) );
#6832 = ORIENTED_EDGE('',*,*,#6833,.F.);
#6833 = EDGE_CURVE('',#5664,#6810,#6834,.T.);
#6834 = SURFACE_CURVE('',#6835,(#6839,#6846),.PCURVE_S1.);
#6835 = LINE('',#6836,#6837);
#6836 = CARTESIAN_POINT('',(-46.445,37.54,10.));
#6837 = VECTOR('',#6838,1.);
#6838 = DIRECTION('',(-0.,-0.,-1.));
#6839 = PCURVE('',#5680,#6840);
#6840 = DEFINITIONAL_REPRESENTATION('',(#6841),#6845);
#6841 = LINE('',#6842,#6843);
#6842 = CARTESIAN_POINT('',(0.,0.));
#6843 = VECTOR('',#6844,1.);
#6844 = DIRECTION('',(0.,1.));
#6845 = ( GEOMETRIC_REPRESENTATION_CONTEXT(2) 
PARAMETRIC_REPRESENTATION_CONTEXT() REPRESENTATION_CONTEXT('2D SPACE',''
  ) );
#6846 = PCURVE('',#6797,#6847);
#6847 = DEFINITIONAL_REPRESENTATION('',(#6848),#6852);
#6848 = LINE('',#6849,#6850);
#6849 = CARTESIAN_POINT('',(6.28318530718,0.));
#6850 = VECTOR('',#6851,1.);
#6851 = DIRECTION('',(0.,1.));
#6852 = ( GEOMETRIC_REPRESENTATION_CONTEXT(2) 
PARAMETRIC_REPRESENTATION_CONTEXT() REPRESENTATION_CONTEXT('2D SPACE',''
  ) );
#6853 = ADVANCED_FACE('',(#6854),#6868,.F.);
#6854 = FACE_BOUND('',#6855,.F.);
#6855 = EDGE_LOOP('',(#6856,#6891,#6915,#6938));
#6856 = ORIENTED_EDGE('',*,*,#6857,.T.);
#6857 = EDGE_CURVE('',#6858,#6860,#6862,.T.);
#6858 = VERTEX_POINT('',#6859);
#6859 = CARTESIAN_POINT('',(-36.92,37.54,10.));
#6860 = VERTEX_POINT('',#6861);
#6861 = CARTESIAN_POINT('',(-36.92,37.54,0.));
#6862 = SURFACE_CURVE('',#6863,(#6867,#6879),.PCURVE_S1.);
#6863 = LINE('',#6864,#6865);
#6864 = CARTESIAN_POINT('',(-36.92,37.54,10.));
#6865 = VECTOR('',#6866,1.);
#6866 = DIRECTION('',(-0.,-0.,-1.));
#6867 = PCURVE('',#6868,#6873);
#6868 = CYLINDRICAL_SURFACE('',#6869,0.5);
#6869 = AXIS2_PLACEMENT_3D('',#6870,#6871,#6872);
#6870 = CARTESIAN_POINT('',(-36.42,37.54,10.));
#6871 = DIRECTION('',(-0.,-0.,-1.));
#6872 = DIRECTION('',(-1.,0.,0.));
#6873 = DEFINITIONAL_REPRESENTATION('',(#6874),#6878);
#6874 = LINE('',#6875,#6876);
#6875 = CARTESIAN_POINT('',(6.28318530718,0.));
#6876 = VECTOR('',#6877,1.);
#6877 = DIRECTION('',(0.,1.));
#6878 = ( GEOMETRIC_REPRESENTATION_CONTEXT(2) 
PARAMETRIC_REPRESENTATION_CONTEXT() REPRESENTATION_CONTEXT('2D SPACE',''
  ) );
#6879 = PCURVE('',#6880,#6885);
#6880 = CYLINDRICAL_SURFACE('',#6881,0.5);
#6881 = AXIS2_PLACEMENT_3D('',#6882,#6883,#6884);
#6882 = CARTESIAN_POINT('',(-36.42,37.54,10.));
#6883 = DIRECTION('',(-0.,-0.,-1.));
#6884 = DIRECTION('',(-1.,0.,0.));
#6885 = DEFINITIONAL_REPRESENTATION('',(#6886),#6890);
#6886 = LINE('',#6887,#6888);
#6887 = CARTESIAN_POINT('',(0.,0.));
#6888 = VECTOR('',#6889,1.);
#6889 = DIRECTION('',(0.,1.));
#6890 = ( GEOMETRIC_REPRESENTATION_CONTEXT(2) 
PARAMETRIC_REPRESENTATION_CONTEXT() REPRESENTATION_CONTEXT('2D SPACE',''
  ) );
#6891 = ORIENTED_EDGE('',*,*,#6892,.T.);
#6892 = EDGE_CURVE('',#6860,#6893,#6895,.T.);
#6893 = VERTEX_POINT('',#6894);
#6894 = CARTESIAN_POINT('',(-35.92,37.54,0.));
#6895 = SURFACE_CURVE('',#6896,(#6901,#6908),.PCURVE_S1.);
#6896 = CIRCLE('',#6897,0.5);
#6897 = AXIS2_PLACEMENT_3D('',#6898,#6899,#6900);
#6898 = CARTESIAN_POINT('',(-36.42,37.54,0.));
#6899 = DIRECTION('',(0.,0.,1.));
#6900 = DIRECTION('',(1.,0.,-0.));
#6901 = PCURVE('',#6868,#6902);
#6902 = DEFINITIONAL_REPRESENTATION('',(#6903),#6907);
#6903 = LINE('',#6904,#6905);
#6904 = CARTESIAN_POINT('',(9.424777960769,10.));
#6905 = VECTOR('',#6906,1.);
#6906 = DIRECTION('',(-1.,0.));
#6907 = ( GEOMETRIC_REPRESENTATION_CONTEXT(2) 
PARAMETRIC_REPRESENTATION_CONTEXT() REPRESENTATION_CONTEXT('2D SPACE',''
  ) );
#6908 = PCURVE('',#128,#6909);
#6909 = DEFINITIONAL_REPRESENTATION('',(#6910),#6914);
#6910 = CIRCLE('',#6911,0.5);
#6911 = AXIS2_PLACEMENT_2D('',#6912,#6913);
#6912 = CARTESIAN_POINT('',(-36.42,37.54));
#6913 = DIRECTION('',(1.,0.));
#6914 = ( GEOMETRIC_REPRESENTATION_CONTEXT(2) 
PARAMETRIC_REPRESENTATION_CONTEXT() REPRESENTATION_CONTEXT('2D SPACE',''
  ) );
#6915 = ORIENTED_EDGE('',*,*,#6916,.F.);
#6916 = EDGE_CURVE('',#6917,#6893,#6919,.T.);
#6917 = VERTEX_POINT('',#6918);
#6918 = CARTESIAN_POINT('',(-35.92,37.54,10.));
#6919 = SURFACE_CURVE('',#6920,(#6924,#6931),.PCURVE_S1.);
#6920 = LINE('',#6921,#6922);
#6921 = CARTESIAN_POINT('',(-35.92,37.54,10.));
#6922 = VECTOR('',#6923,1.);
#6923 = DIRECTION('',(-0.,-0.,-1.));
#6924 = PCURVE('',#6868,#6925);
#6925 = DEFINITIONAL_REPRESENTATION('',(#6926),#6930);
#6926 = LINE('',#6927,#6928);
#6927 = CARTESIAN_POINT('',(3.14159265359,0.));
#6928 = VECTOR('',#6929,1.);
#6929 = DIRECTION('',(0.,1.));
#6930 = ( GEOMETRIC_REPRESENTATION_CONTEXT(2) 
PARAMETRIC_REPRESENTATION_CONTEXT() REPRESENTATION_CONTEXT('2D SPACE',''
  ) );
#6931 = PCURVE('',#6880,#6932);
#6932 = DEFINITIONAL_REPRESENTATION('',(#6933),#6937);
#6933 = LINE('',#6934,#6935);
#6934 = CARTESIAN_POINT('',(3.14159265359,0.));
#6935 = VECTOR('',#6936,1.);
#6936 = DIRECTION('',(0.,1.));
#6937 = ( GEOMETRIC_REPRESENTATION_CONTEXT(2) 
PARAMETRIC_REPRESENTATION_CONTEXT() REPRESENTATION_CONTEXT('2D SPACE',''
  ) );
#6938 = ORIENTED_EDGE('',*,*,#6939,.F.);
#6939 = EDGE_CURVE('',#6858,#6917,#6940,.T.);
#6940 = SURFACE_CURVE('',#6941,(#6946,#6953),.PCURVE_S1.);
#6941 = CIRCLE('',#6942,0.5);
#6942 = AXIS2_PLACEMENT_3D('',#6943,#6944,#6945);
#6943 = CARTESIAN_POINT('',(-36.42,37.54,10.));
#6944 = DIRECTION('',(0.,0.,1.));
#6945 = DIRECTION('',(1.,0.,-0.));
#6946 = PCURVE('',#6868,#6947);
#6947 = DEFINITIONAL_REPRESENTATION('',(#6948),#6952);
#6948 = LINE('',#6949,#6950);
#6949 = CARTESIAN_POINT('',(9.424777960769,0.));
#6950 = VECTOR('',#6951,1.);
#6951 = DIRECTION('',(-1.,0.));
#6952 = ( GEOMETRIC_REPRESENTATION_CONTEXT(2) 
PARAMETRIC_REPRESENTATION_CONTEXT() REPRESENTATION_CONTEXT('2D SPACE',''
  ) );
#6953 = PCURVE('',#6954,#6959);
#6954 = PLANE('',#6955);
#6955 = AXIS2_PLACEMENT_3D('',#6956,#6957,#6958);
#6956 = CARTESIAN_POINT('',(-36.42,37.54,10.));
#6957 = DIRECTION('',(0.,0.,1.));
#6958 = DIRECTION('',(1.,0.,-0.));
#6959 = DEFINITIONAL_REPRESENTATION('',(#6960),#6964);
#6960 = CIRCLE('',#6961,0.5);
#6961 = AXIS2_PLACEMENT_2D('',#6962,#6963);
#6962 = CARTESIAN_POINT('',(-1.42108547152E-14,0.));
#6963 = DIRECTION('',(1.,0.));
#6964 = ( GEOMETRIC_REPRESENTATION_CONTEXT(2) 
PARAMETRIC_REPRESENTATION_CONTEXT() REPRESENTATION_CONTEXT('2D SPACE',''
  ) );
#6965 = ADVANCED_FACE('',(#6966),#6978,.F.);
#6966 = FACE_BOUND('',#6967,.F.);
#6967 = EDGE_LOOP('',(#6968,#6996,#7020,#7041));
#6968 = ORIENTED_EDGE('',*,*,#6969,.T.);
#6969 = EDGE_CURVE('',#5056,#6970,#6972,.T.);
#6970 = VERTEX_POINT('',#6971);
#6971 = CARTESIAN_POINT('',(-0.5,0.,0.));
#6972 = SURFACE_CURVE('',#6973,(#6977,#6989),.PCURVE_S1.);
#6973 = LINE('',#6974,#6975);
#6974 = CARTESIAN_POINT('',(-0.5,0.,10.));
#6975 = VECTOR('',#6976,1.);
#6976 = DIRECTION('',(-0.,-0.,-1.));
#6977 = PCURVE('',#6978,#6983);
#6978 = CYLINDRICAL_SURFACE('',#6979,0.5);
#6979 = AXIS2_PLACEMENT_3D('',#6980,#6981,#6982);
#6980 = CARTESIAN_POINT('',(0.,0.,10.));
#6981 = DIRECTION('',(-0.,-0.,-1.));
#6982 = DIRECTION('',(-1.,0.,0.));
#6983 = DEFINITIONAL_REPRESENTATION('',(#6984),#6988);
#6984 = LINE('',#6985,#6986);
#6985 = CARTESIAN_POINT('',(6.28318530718,0.));
#6986 = VECTOR('',#6987,1.);
#6987 = DIRECTION('',(0.,1.));
#6988 = ( GEOMETRIC_REPRESENTATION_CONTEXT(2) 
PARAMETRIC_REPRESENTATION_CONTEXT() REPRESENTATION_CONTEXT('2D SPACE',''
  ) );
#6989 = PCURVE('',#5101,#6990);
#6990 = DEFINITIONAL_REPRESENTATION('',(#6991),#6995);
#6991 = LINE('',#6992,#6993);
#6992 = CARTESIAN_POINT('',(0.,0.));
#6993 = VECTOR('',#6994,1.);
#6994 = DIRECTION('',(0.,1.));
#6995 = ( GEOMETRIC_REPRESENTATION_CONTEXT(2) 
PARAMETRIC_REPRESENTATION_CONTEXT() REPRESENTATION_CONTEXT('2D SPACE',''
  ) );
#6996 = ORIENTED_EDGE('',*,*,#6997,.T.);
#6997 = EDGE_CURVE('',#6970,#6998,#7000,.T.);
#6998 = VERTEX_POINT('',#6999);
#6999 = CARTESIAN_POINT('',(0.5,6.123233995737E-17,0.));
#7000 = SURFACE_CURVE('',#7001,(#7006,#7013),.PCURVE_S1.);
#7001 = CIRCLE('',#7002,0.5);
#7002 = AXIS2_PLACEMENT_3D('',#7003,#7004,#7005);
#7003 = CARTESIAN_POINT('',(0.,0.,0.));
#7004 = DIRECTION('',(0.,0.,1.));
#7005 = DIRECTION('',(1.,0.,-0.));
#7006 = PCURVE('',#6978,#7007);
#7007 = DEFINITIONAL_REPRESENTATION('',(#7008),#7012);
#7008 = LINE('',#7009,#7010);
#7009 = CARTESIAN_POINT('',(9.424777960769,10.));
#7010 = VECTOR('',#7011,1.);
#7011 = DIRECTION('',(-1.,0.));
#7012 = ( GEOMETRIC_REPRESENTATION_CONTEXT(2) 
PARAMETRIC_REPRESENTATION_CONTEXT() REPRESENTATION_CONTEXT('2D SPACE',''
  ) );
#7013 = PCURVE('',#128,#7014);
#7014 = DEFINITIONAL_REPRESENTATION('',(#7015),#7019);
#7015 = CIRCLE('',#7016,0.5);
#7016 = AXIS2_PLACEMENT_2D('',#7017,#7018);
#7017 = CARTESIAN_POINT('',(0.,0.));
#7018 = DIRECTION('',(1.,0.));
#7019 = ( GEOMETRIC_REPRESENTATION_CONTEXT(2) 
PARAMETRIC_REPRESENTATION_CONTEXT() REPRESENTATION_CONTEXT('2D SPACE',''
  ) );
#7020 = ORIENTED_EDGE('',*,*,#7021,.F.);
#7021 = EDGE_CURVE('',#5085,#6998,#7022,.T.);
#7022 = SURFACE_CURVE('',#7023,(#7027,#7034),.PCURVE_S1.);
#7023 = LINE('',#7024,#7025);
#7024 = CARTESIAN_POINT('',(0.5,6.123233995737E-17,10.));
#7025 = VECTOR('',#7026,1.);
#7026 = DIRECTION('',(-0.,-0.,-1.));
#7027 = PCURVE('',#6978,#7028);
#7028 = DEFINITIONAL_REPRESENTATION('',(#7029),#7033);
#7029 = LINE('',#7030,#7031);
#7030 = CARTESIAN_POINT('',(3.14159265359,0.));
#7031 = VECTOR('',#7032,1.);
#7032 = DIRECTION('',(0.,1.));
#7033 = ( GEOMETRIC_REPRESENTATION_CONTEXT(2) 
PARAMETRIC_REPRESENTATION_CONTEXT() REPRESENTATION_CONTEXT('2D SPACE',''
  ) );
#7034 = PCURVE('',#5101,#7035);
#7035 = DEFINITIONAL_REPRESENTATION('',(#7036),#7040);
#7036 = LINE('',#7037,#7038);
#7037 = CARTESIAN_POINT('',(3.14159265359,0.));
#7038 = VECTOR('',#7039,1.);
#7039 = DIRECTION('',(0.,1.));
#7040 = ( GEOMETRIC_REPRESENTATION_CONTEXT(2) 
PARAMETRIC_REPRESENTATION_CONTEXT() REPRESENTATION_CONTEXT('2D SPACE',''
  ) );
#7041 = ORIENTED_EDGE('',*,*,#7042,.F.);
#7042 = EDGE_CURVE('',#5056,#5085,#7043,.T.);
#7043 = SURFACE_CURVE('',#7044,(#7049,#7056),.PCURVE_S1.);
#7044 = CIRCLE('',#7045,0.5);
#7045 = AXIS2_PLACEMENT_3D('',#7046,#7047,#7048);
#7046 = CARTESIAN_POINT('',(0.,0.,9.5));
#7047 = DIRECTION('',(-0.,0.,1.));
#7048 = DIRECTION('',(1.,0.,0.));
#7049 = PCURVE('',#6978,#7050);
#7050 = DEFINITIONAL_REPRESENTATION('',(#7051),#7055);
#7051 = LINE('',#7052,#7053);
#7052 = CARTESIAN_POINT('',(9.424777960769,0.5));
#7053 = VECTOR('',#7054,1.);
#7054 = DIRECTION('',(-1.,0.));
#7055 = ( GEOMETRIC_REPRESENTATION_CONTEXT(2) 
PARAMETRIC_REPRESENTATION_CONTEXT() REPRESENTATION_CONTEXT('2D SPACE',''
  ) );
#7056 = PCURVE('',#5072,#7057);
#7057 = DEFINITIONAL_REPRESENTATION('',(#7058),#7062);
#7058 = LINE('',#7059,#7060);
#7059 = CARTESIAN_POINT('',(0.,3.14159265359));
#7060 = VECTOR('',#7061,1.);
#7061 = DIRECTION('',(1.,0.));
#7062 = ( GEOMETRIC_REPRESENTATION_CONTEXT(2) 
PARAMETRIC_REPRESENTATION_CONTEXT() REPRESENTATION_CONTEXT('2D SPACE',''
  ) );
#7063 = ADVANCED_FACE('',(#7064),#3959,.T.);
#7064 = FACE_BOUND('',#7065,.T.);
#7065 = EDGE_LOOP('',(#7066,#7090,#7112,#7113,#7114,#7137,#7165,#7194,
    #7216,#7217));
#7066 = ORIENTED_EDGE('',*,*,#7067,.F.);
#7067 = EDGE_CURVE('',#7068,#4055,#7070,.T.);
#7068 = VERTEX_POINT('',#7069);
#7069 = CARTESIAN_POINT('',(13.204056866545,23.148982315969,11.));
#7070 = SURFACE_CURVE('',#7071,(#7076,#7083),.PCURVE_S1.);
#7071 = CIRCLE('',#7072,2.);
#7072 = AXIS2_PLACEMENT_3D('',#7073,#7074,#7075);
#7073 = CARTESIAN_POINT('',(13.198981345114,25.148975875729,11.));
#7074 = DIRECTION('',(0.,0.,1.));
#7075 = DIRECTION('',(1.,0.,-0.));
#7076 = PCURVE('',#3959,#7077);
#7077 = DEFINITIONAL_REPRESENTATION('',(#7078),#7082);
#7078 = CIRCLE('',#7079,2.);
#7079 = AXIS2_PLACEMENT_2D('',#7080,#7081);
#7080 = CARTESIAN_POINT('',(13.198981345114,25.148975875729));
#7081 = DIRECTION('',(1.,0.));
#7082 = ( GEOMETRIC_REPRESENTATION_CONTEXT(2) 
PARAMETRIC_REPRESENTATION_CONTEXT() REPRESENTATION_CONTEXT('2D SPACE',''
  ) );
#7083 = PCURVE('',#101,#7084);
#7084 = DEFINITIONAL_REPRESENTATION('',(#7085),#7089);
#7085 = LINE('',#7086,#7087);
#7086 = CARTESIAN_POINT('',(-8.881784197001E-16,11.));
#7087 = VECTOR('',#7088,1.);
#7088 = DIRECTION('',(1.,0.));
#7089 = ( GEOMETRIC_REPRESENTATION_CONTEXT(2) 
PARAMETRIC_REPRESENTATION_CONTEXT() REPRESENTATION_CONTEXT('2D SPACE',''
  ) );
#7090 = ORIENTED_EDGE('',*,*,#7091,.F.);
#7091 = EDGE_CURVE('',#3917,#7068,#7092,.T.);
#7092 = SURFACE_CURVE('',#7093,(#7098,#7105),.PCURVE_S1.);
#7093 = CIRCLE('',#7094,26.65);
#7094 = AXIS2_PLACEMENT_3D('',#7095,#7096,#7097);
#7095 = CARTESIAN_POINT('',(0.,0.,11.));
#7096 = DIRECTION('',(0.,0.,1.));
#7097 = DIRECTION('',(1.,0.,-0.));
#7098 = PCURVE('',#3959,#7099);
#7099 = DEFINITIONAL_REPRESENTATION('',(#7100),#7104);
#7100 = CIRCLE('',#7101,26.65);
#7101 = AXIS2_PLACEMENT_2D('',#7102,#7103);
#7102 = CARTESIAN_POINT('',(0.,0.));
#7103 = DIRECTION('',(1.,0.));
#7104 = ( GEOMETRIC_REPRESENTATION_CONTEXT(2) 
PARAMETRIC_REPRESENTATION_CONTEXT() REPRESENTATION_CONTEXT('2D SPACE',''
  ) );
#7105 = PCURVE('',#3932,#7106);
#7106 = DEFINITIONAL_REPRESENTATION('',(#7107),#7111);
#7107 = LINE('',#7108,#7109);
#7108 = CARTESIAN_POINT('',(3.14159265359,0.));
#7109 = VECTOR('',#7110,1.);
#7110 = DIRECTION('',(-1.,0.));
#7111 = ( GEOMETRIC_REPRESENTATION_CONTEXT(2) 
PARAMETRIC_REPRESENTATION_CONTEXT() REPRESENTATION_CONTEXT('2D SPACE',''
  ) );
#7112 = ORIENTED_EDGE('',*,*,#3944,.F.);
#7113 = ORIENTED_EDGE('',*,*,#4027,.F.);
#7114 = ORIENTED_EDGE('',*,*,#7115,.F.);
#7115 = EDGE_CURVE('',#7116,#3975,#7118,.T.);
#7116 = VERTEX_POINT('',#7117);
#7117 = CARTESIAN_POINT('',(-7.205563451371,23.148975875729,11.));
#7118 = SURFACE_CURVE('',#7119,(#7123,#7130),.PCURVE_S1.);
#7119 = LINE('',#7120,#7121);
#7120 = CARTESIAN_POINT('',(13.198981345114,23.151876629149,11.));
#7121 = VECTOR('',#7122,1.);
#7122 = DIRECTION('',(-0.999999989895,-1.421621221833E-04,0.));
#7123 = PCURVE('',#3959,#7124);
#7124 = DEFINITIONAL_REPRESENTATION('',(#7125),#7129);
#7125 = LINE('',#7126,#7127);
#7126 = CARTESIAN_POINT('',(13.198981345114,23.151876629149));
#7127 = VECTOR('',#7128,1.);
#7128 = DIRECTION('',(-0.999999989895,-1.421621221833E-04));
#7129 = ( GEOMETRIC_REPRESENTATION_CONTEXT(2) 
PARAMETRIC_REPRESENTATION_CONTEXT() REPRESENTATION_CONTEXT('2D SPACE',''
  ) );
#7130 = PCURVE('',#3992,#7131);
#7131 = DEFINITIONAL_REPRESENTATION('',(#7132),#7136);
#7132 = LINE('',#7133,#7134);
#7133 = CARTESIAN_POINT('',(0.,0.));
#7134 = VECTOR('',#7135,1.);
#7135 = DIRECTION('',(-1.,0.));
#7136 = ( GEOMETRIC_REPRESENTATION_CONTEXT(2) 
PARAMETRIC_REPRESENTATION_CONTEXT() REPRESENTATION_CONTEXT('2D SPACE',''
  ) );
#7137 = ORIENTED_EDGE('',*,*,#7138,.F.);
#7138 = EDGE_CURVE('',#7139,#7116,#7141,.T.);
#7139 = VERTEX_POINT('',#7140);
#7140 = CARTESIAN_POINT('',(-13.20556345137,23.148975875729,11.));
#7141 = SURFACE_CURVE('',#7142,(#7146,#7153),.PCURVE_S1.);
#7142 = LINE('',#7143,#7144);
#7143 = CARTESIAN_POINT('',(1.338569063215E-14,23.148975875729,11.));
#7144 = VECTOR('',#7145,1.);
#7145 = DIRECTION('',(1.,-5.782411586589E-16,0.));
#7146 = PCURVE('',#3959,#7147);
#7147 = DEFINITIONAL_REPRESENTATION('',(#7148),#7152);
#7148 = LINE('',#7149,#7150);
#7149 = CARTESIAN_POINT('',(1.338569063215E-14,23.148975875729));
#7150 = VECTOR('',#7151,1.);
#7151 = DIRECTION('',(1.,-5.782411586589E-16));
#7152 = ( GEOMETRIC_REPRESENTATION_CONTEXT(2) 
PARAMETRIC_REPRESENTATION_CONTEXT() REPRESENTATION_CONTEXT('2D SPACE',''
  ) );
#7153 = PCURVE('',#7154,#7159);
#7154 = PLANE('',#7155);
#7155 = AXIS2_PLACEMENT_3D('',#7156,#7157,#7158);
#7156 = CARTESIAN_POINT('',(-13.20556345137,23.148975875729,
    -1.734723475977E-15));
#7157 = DIRECTION('',(-5.782411586589E-16,-1.,0.));
#7158 = DIRECTION('',(1.,-5.782411586589E-16,0.));
#7159 = DEFINITIONAL_REPRESENTATION('',(#7160),#7164);
#7160 = LINE('',#7161,#7162);
#7161 = CARTESIAN_POINT('',(13.205563451371,11.));
#7162 = VECTOR('',#7163,1.);
#7163 = DIRECTION('',(1.,0.));
#7164 = ( GEOMETRIC_REPRESENTATION_CONTEXT(2) 
PARAMETRIC_REPRESENTATION_CONTEXT() REPRESENTATION_CONTEXT('2D SPACE',''
  ) );
#7165 = ORIENTED_EDGE('',*,*,#7166,.F.);
#7166 = EDGE_CURVE('',#7167,#7139,#7169,.T.);
#7167 = VERTEX_POINT('',#7168);
#7168 = CARTESIAN_POINT('',(-14.44318108035,23.577892617453,11.));
#7169 = SURFACE_CURVE('',#7170,(#7175,#7182),.PCURVE_S1.);
#7170 = CIRCLE('',#7171,2.);
#7171 = AXIS2_PLACEMENT_3D('',#7172,#7173,#7174);
#7172 = CARTESIAN_POINT('',(-13.20556345137,25.148975875729,11.));
#7173 = DIRECTION('',(0.,0.,1.));
#7174 = DIRECTION('',(1.,0.,-0.));
#7175 = PCURVE('',#3959,#7176);
#7176 = DEFINITIONAL_REPRESENTATION('',(#7177),#7181);
#7177 = CIRCLE('',#7178,2.);
#7178 = AXIS2_PLACEMENT_2D('',#7179,#7180);
#7179 = CARTESIAN_POINT('',(-13.20556345137,25.148975875729));
#7180 = DIRECTION('',(1.,0.));
#7181 = ( GEOMETRIC_REPRESENTATION_CONTEXT(2) 
PARAMETRIC_REPRESENTATION_CONTEXT() REPRESENTATION_CONTEXT('2D SPACE',''
  ) );
#7182 = PCURVE('',#7183,#7188);
#7183 = CYLINDRICAL_SURFACE('',#7184,2.);
#7184 = AXIS2_PLACEMENT_3D('',#7185,#7186,#7187);
#7185 = CARTESIAN_POINT('',(-13.20556345137,25.148975875729,
    -1.734723475977E-15));
#7186 = DIRECTION('',(-0.,-0.,1.));
#7187 = DIRECTION('',(1.,0.,0.));
#7188 = DEFINITIONAL_REPRESENTATION('',(#7189),#7193);
#7189 = LINE('',#7190,#7191);
#7190 = CARTESIAN_POINT('',(0.,11.));
#7191 = VECTOR('',#7192,1.);
#7192 = DIRECTION('',(1.,0.));
#7193 = ( GEOMETRIC_REPRESENTATION_CONTEXT(2) 
PARAMETRIC_REPRESENTATION_CONTEXT() REPRESENTATION_CONTEXT('2D SPACE',''
  ) );
#7194 = ORIENTED_EDGE('',*,*,#7195,.T.);
#7195 = EDGE_CURVE('',#7167,#4161,#7196,.T.);
#7196 = SURFACE_CURVE('',#7197,(#7202,#7209),.PCURVE_S1.);
#7197 = CIRCLE('',#7198,27.65);
#7198 = AXIS2_PLACEMENT_3D('',#7199,#7200,#7201);
#7199 = CARTESIAN_POINT('',(0.,0.,11.));
#7200 = DIRECTION('',(0.,0.,1.));
#7201 = DIRECTION('',(1.,0.,-0.));
#7202 = PCURVE('',#3959,#7203);
#7203 = DEFINITIONAL_REPRESENTATION('',(#7204),#7208);
#7204 = CIRCLE('',#7205,27.65);
#7205 = AXIS2_PLACEMENT_2D('',#7206,#7207);
#7206 = CARTESIAN_POINT('',(0.,0.));
#7207 = DIRECTION('',(1.,0.));
#7208 = ( GEOMETRIC_REPRESENTATION_CONTEXT(2) 
PARAMETRIC_REPRESENTATION_CONTEXT() REPRESENTATION_CONTEXT('2D SPACE',''
  ) );
#7209 = PCURVE('',#4200,#7210);
#7210 = DEFINITIONAL_REPRESENTATION('',(#7211),#7215);
#7211 = LINE('',#7212,#7213);
#7212 = CARTESIAN_POINT('',(3.14159265359,0.));
#7213 = VECTOR('',#7214,1.);
#7214 = DIRECTION('',(-1.,0.));
#7215 = ( GEOMETRIC_REPRESENTATION_CONTEXT(2) 
PARAMETRIC_REPRESENTATION_CONTEXT() REPRESENTATION_CONTEXT('2D SPACE',''
  ) );
#7216 = ORIENTED_EDGE('',*,*,#4160,.T.);
#7217 = ORIENTED_EDGE('',*,*,#4052,.T.);
#7218 = ADVANCED_FACE('',(#7219),#7233,.T.);
#7219 = FACE_BOUND('',#7220,.T.);
#7220 = EDGE_LOOP('',(#7221,#7256,#7284,#7307));
#7221 = ORIENTED_EDGE('',*,*,#7222,.F.);
#7222 = EDGE_CURVE('',#7223,#7225,#7227,.T.);
#7223 = VERTEX_POINT('',#7224);
#7224 = CARTESIAN_POINT('',(7.108783281579,23.151010833659,11.));
#7225 = VERTEX_POINT('',#7226);
#7226 = CARTESIAN_POINT('',(7.108783281579,23.151010833659,10.));
#7227 = SURFACE_CURVE('',#7228,(#7232,#7244),.PCURVE_S1.);
#7228 = LINE('',#7229,#7230);
#7229 = CARTESIAN_POINT('',(7.108783281579,23.151010833659,
    -1.734723475977E-15));
#7230 = VECTOR('',#7231,1.);
#7231 = DIRECTION('',(0.,0.,-1.));
#7232 = PCURVE('',#7233,#7238);
#7233 = PLANE('',#7234);
#7234 = AXIS2_PLACEMENT_3D('',#7235,#7236,#7237);
#7235 = CARTESIAN_POINT('',(13.198981345114,23.151876629149,11.));
#7236 = DIRECTION('',(1.421621221833E-04,-0.999999989895,0.));
#7237 = DIRECTION('',(0.999999989895,1.421621221833E-04,0.));
#7238 = DEFINITIONAL_REPRESENTATION('',(#7239),#7243);
#7239 = LINE('',#7240,#7241);
#7240 = CARTESIAN_POINT('',(-6.090198125076,-11.));
#7241 = VECTOR('',#7242,1.);
#7242 = DIRECTION('',(0.,-1.));
#7243 = ( GEOMETRIC_REPRESENTATION_CONTEXT(2) 
PARAMETRIC_REPRESENTATION_CONTEXT() REPRESENTATION_CONTEXT('2D SPACE',''
  ) );
#7244 = PCURVE('',#7245,#7250);
#7245 = CYLINDRICAL_SURFACE('',#7246,2.);
#7246 = AXIS2_PLACEMENT_3D('',#7247,#7248,#7249);
#7247 = CARTESIAN_POINT('',(7.198981345114,25.148975875729,
    -1.734723475977E-15));
#7248 = DIRECTION('',(-0.,-0.,1.));
#7249 = DIRECTION('',(1.,0.,0.));
#7250 = DEFINITIONAL_REPRESENTATION('',(#7251),#7255);
#7251 = LINE('',#7252,#7253);
#7252 = CARTESIAN_POINT('',(4.667274646617,0.));
#7253 = VECTOR('',#7254,1.);
#7254 = DIRECTION('',(0.,-1.));
#7255 = ( GEOMETRIC_REPRESENTATION_CONTEXT(2) 
PARAMETRIC_REPRESENTATION_CONTEXT() REPRESENTATION_CONTEXT('2D SPACE',''
  ) );
#7256 = ORIENTED_EDGE('',*,*,#7257,.T.);
#7257 = EDGE_CURVE('',#7223,#7258,#7260,.T.);
#7258 = VERTEX_POINT('',#7259);
#7259 = CARTESIAN_POINT('',(-7.205279127128,23.148975906045,11.));
#7260 = SURFACE_CURVE('',#7261,(#7265,#7272),.PCURVE_S1.);
#7261 = LINE('',#7262,#7263);
#7262 = CARTESIAN_POINT('',(13.198981345114,23.151876629149,11.));
#7263 = VECTOR('',#7264,1.);
#7264 = DIRECTION('',(-0.999999989895,-1.421621221833E-04,0.));
#7265 = PCURVE('',#7233,#7266);
#7266 = DEFINITIONAL_REPRESENTATION('',(#7267),#7271);
#7267 = LINE('',#7268,#7269);
#7268 = CARTESIAN_POINT('',(0.,0.));
#7269 = VECTOR('',#7270,1.);
#7270 = DIRECTION('',(-1.,0.));
#7271 = ( GEOMETRIC_REPRESENTATION_CONTEXT(2) 
PARAMETRIC_REPRESENTATION_CONTEXT() REPRESENTATION_CONTEXT('2D SPACE',''
  ) );
#7272 = PCURVE('',#7273,#7278);
#7273 = PLANE('',#7274);
#7274 = AXIS2_PLACEMENT_3D('',#7275,#7276,#7277);
#7275 = CARTESIAN_POINT('',(0.,0.,11.));
#7276 = DIRECTION('',(0.,0.,1.));
#7277 = DIRECTION('',(1.,0.,-0.));
#7278 = DEFINITIONAL_REPRESENTATION('',(#7279),#7283);
#7279 = LINE('',#7280,#7281);
#7280 = CARTESIAN_POINT('',(13.198981345114,23.151876629149));
#7281 = VECTOR('',#7282,1.);
#7282 = DIRECTION('',(-0.999999989895,-1.421621221833E-04));
#7283 = ( GEOMETRIC_REPRESENTATION_CONTEXT(2) 
PARAMETRIC_REPRESENTATION_CONTEXT() REPRESENTATION_CONTEXT('2D SPACE',''
  ) );
#7284 = ORIENTED_EDGE('',*,*,#7285,.F.);
#7285 = EDGE_CURVE('',#7286,#7258,#7288,.T.);
#7286 = VERTEX_POINT('',#7287);
#7287 = CARTESIAN_POINT('',(-7.205279127128,23.148975906045,10.));
#7288 = SURFACE_CURVE('',#7289,(#7293,#7300),.PCURVE_S1.);
#7289 = LINE('',#7290,#7291);
#7290 = CARTESIAN_POINT('',(-7.205279127128,23.148975906045,
    -1.734723475977E-15));
#7291 = VECTOR('',#7292,1.);
#7292 = DIRECTION('',(-0.,-0.,1.));
#7293 = PCURVE('',#7233,#7294);
#7294 = DEFINITIONAL_REPRESENTATION('',(#7295),#7299);
#7295 = LINE('',#7296,#7297);
#7296 = CARTESIAN_POINT('',(-20.40426067842,-11.));
#7297 = VECTOR('',#7298,1.);
#7298 = DIRECTION('',(0.,1.));
#7299 = ( GEOMETRIC_REPRESENTATION_CONTEXT(2) 
PARAMETRIC_REPRESENTATION_CONTEXT() REPRESENTATION_CONTEXT('2D SPACE',''
  ) );
#7300 = PCURVE('',#218,#7301);
#7301 = DEFINITIONAL_REPRESENTATION('',(#7302),#7306);
#7302 = LINE('',#7303,#7304);
#7303 = CARTESIAN_POINT('',(4.712531142507,0.));
#7304 = VECTOR('',#7305,1.);
#7305 = DIRECTION('',(0.,1.));
#7306 = ( GEOMETRIC_REPRESENTATION_CONTEXT(2) 
PARAMETRIC_REPRESENTATION_CONTEXT() REPRESENTATION_CONTEXT('2D SPACE',''
  ) );
#7307 = ORIENTED_EDGE('',*,*,#7308,.F.);
#7308 = EDGE_CURVE('',#7225,#7286,#7309,.T.);
#7309 = SURFACE_CURVE('',#7310,(#7314,#7321),.PCURVE_S1.);
#7310 = LINE('',#7311,#7312);
#7311 = CARTESIAN_POINT('',(13.198981345114,23.151876629149,10.));
#7312 = VECTOR('',#7313,1.);
#7313 = DIRECTION('',(-0.999999989895,-1.421621221833E-04,0.));
#7314 = PCURVE('',#7233,#7315);
#7315 = DEFINITIONAL_REPRESENTATION('',(#7316),#7320);
#7316 = LINE('',#7317,#7318);
#7317 = CARTESIAN_POINT('',(0.,-1.));
#7318 = VECTOR('',#7319,1.);
#7319 = DIRECTION('',(-1.,0.));
#7320 = ( GEOMETRIC_REPRESENTATION_CONTEXT(2) 
PARAMETRIC_REPRESENTATION_CONTEXT() REPRESENTATION_CONTEXT('2D SPACE',''
  ) );
#7321 = PCURVE('',#356,#7322);
#7322 = DEFINITIONAL_REPRESENTATION('',(#7323),#7327);
#7323 = LINE('',#7324,#7325);
#7324 = CARTESIAN_POINT('',(13.198981345114,23.151876629149));
#7325 = VECTOR('',#7326,1.);
#7326 = DIRECTION('',(-0.999999989895,-1.421621221833E-04));
#7327 = ( GEOMETRIC_REPRESENTATION_CONTEXT(2) 
PARAMETRIC_REPRESENTATION_CONTEXT() REPRESENTATION_CONTEXT('2D SPACE',''
  ) );
#7328 = ADVANCED_FACE('',(#7329,#7779,#7887,#7995,#8103,#8128,#8153,
    #8178,#8203,#8228,#8253),#73,.T.);
#7329 = FACE_BOUND('',#7330,.T.);
#7330 = EDGE_LOOP('',(#7331,#7353,#7354,#7355,#7383,#7411,#7439,#7461,
    #7462,#7486,#7509,#7537,#7563,#7564,#7588,#7612,#7633,#7634,#7635,
    #7659,#7680,#7681,#7705,#7733,#7757,#7778));
#7331 = ORIENTED_EDGE('',*,*,#7332,.F.);
#7332 = EDGE_CURVE('',#4112,#57,#7333,.T.);
#7333 = SURFACE_CURVE('',#7334,(#7339,#7346),.PCURVE_S1.);
#7334 = CIRCLE('',#7335,2.);
#7335 = AXIS2_PLACEMENT_3D('',#7336,#7337,#7338);
#7336 = CARTESIAN_POINT('',(13.198981345114,25.148975875729,10.));
#7337 = DIRECTION('',(-0.,0.,1.));
#7338 = DIRECTION('',(1.,0.,0.));
#7339 = PCURVE('',#73,#7340);
#7340 = DEFINITIONAL_REPRESENTATION('',(#7341),#7345);
#7341 = CIRCLE('',#7342,2.);
#7342 = AXIS2_PLACEMENT_2D('',#7343,#7344);
#7343 = CARTESIAN_POINT('',(13.198981345114,25.148975875729));
#7344 = DIRECTION('',(1.,0.));
#7345 = ( GEOMETRIC_REPRESENTATION_CONTEXT(2) 
PARAMETRIC_REPRESENTATION_CONTEXT() REPRESENTATION_CONTEXT('2D SPACE',''
  ) );
#7346 = PCURVE('',#101,#7347);
#7347 = DEFINITIONAL_REPRESENTATION('',(#7348),#7352);
#7348 = LINE('',#7349,#7350);
#7349 = CARTESIAN_POINT('',(0.,10.));
#7350 = VECTOR('',#7351,1.);
#7351 = DIRECTION('',(1.,0.));
#7352 = ( GEOMETRIC_REPRESENTATION_CONTEXT(2) 
PARAMETRIC_REPRESENTATION_CONTEXT() REPRESENTATION_CONTEXT('2D SPACE',''
  ) );
#7353 = ORIENTED_EDGE('',*,*,#4111,.F.);
#7354 = ORIENTED_EDGE('',*,*,#4395,.F.);
#7355 = ORIENTED_EDGE('',*,*,#7356,.T.);
#7356 = EDGE_CURVE('',#4331,#7357,#7359,.T.);
#7357 = VERTEX_POINT('',#7358);
#7358 = CARTESIAN_POINT('',(48.,15.712605482992,10.));
#7359 = SURFACE_CURVE('',#7360,(#7364,#7371),.PCURVE_S1.);
#7360 = LINE('',#7361,#7362);
#7361 = CARTESIAN_POINT('',(48.450601920034,16.264660266553,10.));
#7362 = VECTOR('',#7363,1.);
#7363 = DIRECTION('',(0.632330133277,0.774699039983,-0.));
#7364 = PCURVE('',#73,#7365);
#7365 = DEFINITIONAL_REPRESENTATION('',(#7366),#7370);
#7366 = LINE('',#7367,#7368);
#7367 = CARTESIAN_POINT('',(48.450601920034,16.264660266553));
#7368 = VECTOR('',#7369,1.);
#7369 = DIRECTION('',(0.632330133277,0.774699039983));
#7370 = ( GEOMETRIC_REPRESENTATION_CONTEXT(2) 
PARAMETRIC_REPRESENTATION_CONTEXT() REPRESENTATION_CONTEXT('2D SPACE',''
  ) );
#7371 = PCURVE('',#7372,#7377);
#7372 = CYLINDRICAL_SURFACE('',#7373,2.);
#7373 = AXIS2_PLACEMENT_3D('',#7374,#7375,#7376);
#7374 = CARTESIAN_POINT('',(48.450601920034,16.264660266553,8.));
#7375 = DIRECTION('',(0.632330133277,0.774699039983,0.));
#7376 = DIRECTION('',(-0.774699039983,0.632330133277,0.));
#7377 = DEFINITIONAL_REPRESENTATION('',(#7378),#7382);
#7378 = LINE('',#7379,#7380);
#7379 = CARTESIAN_POINT('',(1.570796326795,0.));
#7380 = VECTOR('',#7381,1.);
#7381 = DIRECTION('',(0.,1.));
#7382 = ( GEOMETRIC_REPRESENTATION_CONTEXT(2) 
PARAMETRIC_REPRESENTATION_CONTEXT() REPRESENTATION_CONTEXT('2D SPACE',''
  ) );
#7383 = ORIENTED_EDGE('',*,*,#7384,.T.);
#7384 = EDGE_CURVE('',#7357,#7385,#7387,.T.);
#7385 = VERTEX_POINT('',#7386);
#7386 = CARTESIAN_POINT('',(48.,73.,10.));
#7387 = SURFACE_CURVE('',#7388,(#7392,#7399),.PCURVE_S1.);
#7388 = LINE('',#7389,#7390);
#7389 = CARTESIAN_POINT('',(48.,75.,10.));
#7390 = VECTOR('',#7391,1.);
#7391 = DIRECTION('',(-1.321694076935E-16,1.,-0.));
#7392 = PCURVE('',#73,#7393);
#7393 = DEFINITIONAL_REPRESENTATION('',(#7394),#7398);
#7394 = LINE('',#7395,#7396);
#7395 = CARTESIAN_POINT('',(48.,75.));
#7396 = VECTOR('',#7397,1.);
#7397 = DIRECTION('',(-1.321694076935E-16,1.));
#7398 = ( GEOMETRIC_REPRESENTATION_CONTEXT(2) 
PARAMETRIC_REPRESENTATION_CONTEXT() REPRESENTATION_CONTEXT('2D SPACE',''
  ) );
#7399 = PCURVE('',#7400,#7405);
#7400 = CYLINDRICAL_SURFACE('',#7401,2.);
#7401 = AXIS2_PLACEMENT_3D('',#7402,#7403,#7404);
#7402 = CARTESIAN_POINT('',(48.,6.344131569287E-15,8.));
#7403 = DIRECTION('',(1.321694076935E-16,-1.,0.));
#7404 = DIRECTION('',(1.,1.321694076935E-16,0.));
#7405 = DEFINITIONAL_REPRESENTATION('',(#7406),#7410);
#7406 = LINE('',#7407,#7408);
#7407 = CARTESIAN_POINT('',(1.570796326795,-75.));
#7408 = VECTOR('',#7409,1.);
#7409 = DIRECTION('',(0.,-1.));
#7410 = ( GEOMETRIC_REPRESENTATION_CONTEXT(2) 
PARAMETRIC_REPRESENTATION_CONTEXT() REPRESENTATION_CONTEXT('2D SPACE',''
  ) );
#7411 = ORIENTED_EDGE('',*,*,#7412,.T.);
#7412 = EDGE_CURVE('',#7385,#7413,#7415,.T.);
#7413 = VERTEX_POINT('',#7414);
#7414 = CARTESIAN_POINT('',(41.25,73.,10.));
#7415 = SURFACE_CURVE('',#7416,(#7420,#7427),.PCURVE_S1.);
#7416 = LINE('',#7417,#7418);
#7417 = CARTESIAN_POINT('',(-66.92,73.,10.));
#7418 = VECTOR('',#7419,1.);
#7419 = DIRECTION('',(-1.,0.,0.));
#7420 = PCURVE('',#73,#7421);
#7421 = DEFINITIONAL_REPRESENTATION('',(#7422),#7426);
#7422 = LINE('',#7423,#7424);
#7423 = CARTESIAN_POINT('',(-66.92,73.));
#7424 = VECTOR('',#7425,1.);
#7425 = DIRECTION('',(-1.,0.));
#7426 = ( GEOMETRIC_REPRESENTATION_CONTEXT(2) 
PARAMETRIC_REPRESENTATION_CONTEXT() REPRESENTATION_CONTEXT('2D SPACE',''
  ) );
#7427 = PCURVE('',#7428,#7433);
#7428 = CYLINDRICAL_SURFACE('',#7429,2.);
#7429 = AXIS2_PLACEMENT_3D('',#7430,#7431,#7432);
#7430 = CARTESIAN_POINT('',(0.,73.,8.));
#7431 = DIRECTION('',(1.,0.,0.));
#7432 = DIRECTION('',(0.,0.,-1.));
#7433 = DEFINITIONAL_REPRESENTATION('',(#7434),#7438);
#7434 = LINE('',#7435,#7436);
#7435 = CARTESIAN_POINT('',(3.14159265359,-66.92));
#7436 = VECTOR('',#7437,1.);
#7437 = DIRECTION('',(0.,-1.));
#7438 = ( GEOMETRIC_REPRESENTATION_CONTEXT(2) 
PARAMETRIC_REPRESENTATION_CONTEXT() REPRESENTATION_CONTEXT('2D SPACE',''
  ) );
#7439 = ORIENTED_EDGE('',*,*,#7440,.F.);
#7440 = EDGE_CURVE('',#2106,#7413,#7441,.T.);
#7441 = SURFACE_CURVE('',#7442,(#7447,#7454),.PCURVE_S1.);
#7442 = CIRCLE('',#7443,3.25);
#7443 = AXIS2_PLACEMENT_3D('',#7444,#7445,#7446);
#7444 = CARTESIAN_POINT('',(40.,70.,10.));
#7445 = DIRECTION('',(0.,-0.,1.));
#7446 = DIRECTION('',(1.,0.,0.));
#7447 = PCURVE('',#73,#7448);
#7448 = DEFINITIONAL_REPRESENTATION('',(#7449),#7453);
#7449 = CIRCLE('',#7450,3.25);
#7450 = AXIS2_PLACEMENT_2D('',#7451,#7452);
#7451 = CARTESIAN_POINT('',(40.,70.));
#7452 = DIRECTION('',(1.,0.));
#7453 = ( GEOMETRIC_REPRESENTATION_CONTEXT(2) 
PARAMETRIC_REPRESENTATION_CONTEXT() REPRESENTATION_CONTEXT('2D SPACE',''
  ) );
#7454 = PCURVE('',#2126,#7455);
#7455 = DEFINITIONAL_REPRESENTATION('',(#7456),#7460);
#7456 = LINE('',#7457,#7458);
#7457 = CARTESIAN_POINT('',(0.,0.));
#7458 = VECTOR('',#7459,1.);
#7459 = DIRECTION('',(1.,0.));
#7460 = ( GEOMETRIC_REPRESENTATION_CONTEXT(2) 
PARAMETRIC_REPRESENTATION_CONTEXT() REPRESENTATION_CONTEXT('2D SPACE',''
  ) );
#7461 = ORIENTED_EDGE('',*,*,#2138,.F.);
#7462 = ORIENTED_EDGE('',*,*,#7463,.F.);
#7463 = EDGE_CURVE('',#7464,#2139,#7466,.T.);
#7464 = VERTEX_POINT('',#7465);
#7465 = CARTESIAN_POINT('',(38.75,73.,10.));
#7466 = SURFACE_CURVE('',#7467,(#7472,#7479),.PCURVE_S1.);
#7467 = CIRCLE('',#7468,3.25);
#7468 = AXIS2_PLACEMENT_3D('',#7469,#7470,#7471);
#7469 = CARTESIAN_POINT('',(40.,70.,10.));
#7470 = DIRECTION('',(0.,-0.,1.));
#7471 = DIRECTION('',(1.,0.,0.));
#7472 = PCURVE('',#73,#7473);
#7473 = DEFINITIONAL_REPRESENTATION('',(#7474),#7478);
#7474 = CIRCLE('',#7475,3.25);
#7475 = AXIS2_PLACEMENT_2D('',#7476,#7477);
#7476 = CARTESIAN_POINT('',(40.,70.));
#7477 = DIRECTION('',(1.,0.));
#7478 = ( GEOMETRIC_REPRESENTATION_CONTEXT(2) 
PARAMETRIC_REPRESENTATION_CONTEXT() REPRESENTATION_CONTEXT('2D SPACE',''
  ) );
#7479 = PCURVE('',#2126,#7480);
#7480 = DEFINITIONAL_REPRESENTATION('',(#7481),#7485);
#7481 = LINE('',#7482,#7483);
#7482 = CARTESIAN_POINT('',(-4.440892098501E-16,0.));
#7483 = VECTOR('',#7484,1.);
#7484 = DIRECTION('',(1.,0.));
#7485 = ( GEOMETRIC_REPRESENTATION_CONTEXT(2) 
PARAMETRIC_REPRESENTATION_CONTEXT() REPRESENTATION_CONTEXT('2D SPACE',''
  ) );
#7486 = ORIENTED_EDGE('',*,*,#7487,.T.);
#7487 = EDGE_CURVE('',#7464,#7488,#7490,.T.);
#7488 = VERTEX_POINT('',#7489);
#7489 = CARTESIAN_POINT('',(-64.92,73.,10.));
#7490 = SURFACE_CURVE('',#7491,(#7495,#7502),.PCURVE_S1.);
#7491 = LINE('',#7492,#7493);
#7492 = CARTESIAN_POINT('',(-66.92,73.,10.));
#7493 = VECTOR('',#7494,1.);
#7494 = DIRECTION('',(-1.,0.,0.));
#7495 = PCURVE('',#73,#7496);
#7496 = DEFINITIONAL_REPRESENTATION('',(#7497),#7501);
#7497 = LINE('',#7498,#7499);
#7498 = CARTESIAN_POINT('',(-66.92,73.));
#7499 = VECTOR('',#7500,1.);
#7500 = DIRECTION('',(-1.,0.));
#7501 = ( GEOMETRIC_REPRESENTATION_CONTEXT(2) 
PARAMETRIC_REPRESENTATION_CONTEXT() REPRESENTATION_CONTEXT('2D SPACE',''
  ) );
#7502 = PCURVE('',#7428,#7503);
#7503 = DEFINITIONAL_REPRESENTATION('',(#7504),#7508);
#7504 = LINE('',#7505,#7506);
#7505 = CARTESIAN_POINT('',(3.14159265359,-66.92));
#7506 = VECTOR('',#7507,1.);
#7507 = DIRECTION('',(0.,-1.));
#7508 = ( GEOMETRIC_REPRESENTATION_CONTEXT(2) 
PARAMETRIC_REPRESENTATION_CONTEXT() REPRESENTATION_CONTEXT('2D SPACE',''
  ) );
#7509 = ORIENTED_EDGE('',*,*,#7510,.T.);
#7510 = EDGE_CURVE('',#7488,#7511,#7513,.T.);
#7511 = VERTEX_POINT('',#7512);
#7512 = CARTESIAN_POINT('',(-64.92,36.296105084044,10.));
#7513 = SURFACE_CURVE('',#7514,(#7518,#7525),.PCURVE_S1.);
#7514 = LINE('',#7515,#7516);
#7515 = CARTESIAN_POINT('',(-64.92,35.581995166786,10.));
#7516 = VECTOR('',#7517,1.);
#7517 = DIRECTION('',(1.321694076935E-16,-1.,0.));
#7518 = PCURVE('',#73,#7519);
#7519 = DEFINITIONAL_REPRESENTATION('',(#7520),#7524);
#7520 = LINE('',#7521,#7522);
#7521 = CARTESIAN_POINT('',(-64.92,35.581995166786));
#7522 = VECTOR('',#7523,1.);
#7523 = DIRECTION('',(1.321694076935E-16,-1.));
#7524 = ( GEOMETRIC_REPRESENTATION_CONTEXT(2) 
PARAMETRIC_REPRESENTATION_CONTEXT() REPRESENTATION_CONTEXT('2D SPACE',''
  ) );
#7525 = PCURVE('',#7526,#7531);
#7526 = CYLINDRICAL_SURFACE('',#7527,2.);
#7527 = AXIS2_PLACEMENT_3D('',#7528,#7529,#7530);
#7528 = CARTESIAN_POINT('',(-64.92,-8.58043794746E-15,8.));
#7529 = DIRECTION('',(-1.321694076935E-16,1.,0.));
#7530 = DIRECTION('',(-1.,-1.321694076935E-16,0.));
#7531 = DEFINITIONAL_REPRESENTATION('',(#7532),#7536);
#7532 = LINE('',#7533,#7534);
#7533 = CARTESIAN_POINT('',(1.570796326795,35.581995166786));
#7534 = VECTOR('',#7535,1.);
#7535 = DIRECTION('',(-1.935878296805E-16,-1.));
#7536 = ( GEOMETRIC_REPRESENTATION_CONTEXT(2) 
PARAMETRIC_REPRESENTATION_CONTEXT() REPRESENTATION_CONTEXT('2D SPACE',''
  ) );
#7537 = ORIENTED_EDGE('',*,*,#7538,.T.);
#7538 = EDGE_CURVE('',#7511,#4213,#7539,.T.);
#7539 = SURFACE_CURVE('',#7540,(#7544,#7551),.PCURVE_S1.);
#7540 = LINE('',#7541,#7542);
#7541 = CARTESIAN_POINT('',(-21.08753284355,-17.25915578966,10.));
#7542 = VECTOR('',#7543,1.);
#7543 = DIRECTION('',(0.633363515217,-0.773854416277,0.));
#7544 = PCURVE('',#73,#7545);
#7545 = DEFINITIONAL_REPRESENTATION('',(#7546),#7550);
#7546 = LINE('',#7547,#7548);
#7547 = CARTESIAN_POINT('',(-21.08753284355,-17.25915578966));
#7548 = VECTOR('',#7549,1.);
#7549 = DIRECTION('',(0.633363515217,-0.773854416277));
#7550 = ( GEOMETRIC_REPRESENTATION_CONTEXT(2) 
PARAMETRIC_REPRESENTATION_CONTEXT() REPRESENTATION_CONTEXT('2D SPACE',''
  ) );
#7551 = PCURVE('',#7552,#7557);
#7552 = CYLINDRICAL_SURFACE('',#7553,2.);
#7553 = AXIS2_PLACEMENT_3D('',#7554,#7555,#7556);
#7554 = CARTESIAN_POINT('',(-21.08753284355,-17.25915578966,8.));
#7555 = DIRECTION('',(0.633363515217,-0.773854416277,0.));
#7556 = DIRECTION('',(0.773854416277,0.633363515217,0.));
#7557 = DEFINITIONAL_REPRESENTATION('',(#7558),#7562);
#7558 = LINE('',#7559,#7560);
#7559 = CARTESIAN_POINT('',(1.570796326795,1.42108547152E-14));
#7560 = VECTOR('',#7561,1.);
#7561 = DIRECTION('',(-2.753200249898E-17,1.));
#7562 = ( GEOMETRIC_REPRESENTATION_CONTEXT(2) 
PARAMETRIC_REPRESENTATION_CONTEXT() REPRESENTATION_CONTEXT('2D SPACE',''
  ) );
#7563 = ORIENTED_EDGE('',*,*,#4212,.F.);
#7564 = ORIENTED_EDGE('',*,*,#7565,.F.);
#7565 = EDGE_CURVE('',#7566,#4185,#7568,.T.);
#7566 = VERTEX_POINT('',#7567);
#7567 = CARTESIAN_POINT('',(-14.44318108035,23.577892617453,10.));
#7568 = SURFACE_CURVE('',#7569,(#7574,#7581),.PCURVE_S1.);
#7569 = CIRCLE('',#7570,27.65);
#7570 = AXIS2_PLACEMENT_3D('',#7571,#7572,#7573);
#7571 = CARTESIAN_POINT('',(0.,0.,10.));
#7572 = DIRECTION('',(0.,0.,1.));
#7573 = DIRECTION('',(1.,0.,-0.));
#7574 = PCURVE('',#73,#7575);
#7575 = DEFINITIONAL_REPRESENTATION('',(#7576),#7580);
#7576 = CIRCLE('',#7577,27.65);
#7577 = AXIS2_PLACEMENT_2D('',#7578,#7579);
#7578 = CARTESIAN_POINT('',(0.,0.));
#7579 = DIRECTION('',(1.,0.));
#7580 = ( GEOMETRIC_REPRESENTATION_CONTEXT(2) 
PARAMETRIC_REPRESENTATION_CONTEXT() REPRESENTATION_CONTEXT('2D SPACE',''
  ) );
#7581 = PCURVE('',#4200,#7582);
#7582 = DEFINITIONAL_REPRESENTATION('',(#7583),#7587);
#7583 = LINE('',#7584,#7585);
#7584 = CARTESIAN_POINT('',(3.14159265359,1.));
#7585 = VECTOR('',#7586,1.);
#7586 = DIRECTION('',(-1.,0.));
#7587 = ( GEOMETRIC_REPRESENTATION_CONTEXT(2) 
PARAMETRIC_REPRESENTATION_CONTEXT() REPRESENTATION_CONTEXT('2D SPACE',''
  ) );
#7588 = ORIENTED_EDGE('',*,*,#7589,.F.);
#7589 = EDGE_CURVE('',#7590,#7566,#7592,.T.);
#7590 = VERTEX_POINT('',#7591);
#7591 = CARTESIAN_POINT('',(-13.20556345137,27.148975875729,10.));
#7592 = SURFACE_CURVE('',#7593,(#7598,#7605),.PCURVE_S1.);
#7593 = CIRCLE('',#7594,2.);
#7594 = AXIS2_PLACEMENT_3D('',#7595,#7596,#7597);
#7595 = CARTESIAN_POINT('',(-13.20556345137,25.148975875729,10.));
#7596 = DIRECTION('',(-0.,0.,1.));
#7597 = DIRECTION('',(1.,0.,0.));
#7598 = PCURVE('',#73,#7599);
#7599 = DEFINITIONAL_REPRESENTATION('',(#7600),#7604);
#7600 = CIRCLE('',#7601,2.);
#7601 = AXIS2_PLACEMENT_2D('',#7602,#7603);
#7602 = CARTESIAN_POINT('',(-13.20556345137,25.148975875729));
#7603 = DIRECTION('',(1.,0.));
#7604 = ( GEOMETRIC_REPRESENTATION_CONTEXT(2) 
PARAMETRIC_REPRESENTATION_CONTEXT() REPRESENTATION_CONTEXT('2D SPACE',''
  ) );
#7605 = PCURVE('',#7183,#7606);
#7606 = DEFINITIONAL_REPRESENTATION('',(#7607),#7611);
#7607 = LINE('',#7608,#7609);
#7608 = CARTESIAN_POINT('',(0.,10.));
#7609 = VECTOR('',#7610,1.);
#7610 = DIRECTION('',(1.,0.));
#7611 = ( GEOMETRIC_REPRESENTATION_CONTEXT(2) 
PARAMETRIC_REPRESENTATION_CONTEXT() REPRESENTATION_CONTEXT('2D SPACE',''
  ) );
#7612 = ORIENTED_EDGE('',*,*,#7613,.F.);
#7613 = EDGE_CURVE('',#1674,#7590,#7614,.T.);
#7614 = SURFACE_CURVE('',#7615,(#7619,#7626),.PCURVE_S1.);
#7615 = LINE('',#7616,#7617);
#7616 = CARTESIAN_POINT('',(-1.569865526679E-14,27.148975875729,10.));
#7617 = VECTOR('',#7618,1.);
#7618 = DIRECTION('',(-1.,-5.782411586589E-16,0.));
#7619 = PCURVE('',#73,#7620);
#7620 = DEFINITIONAL_REPRESENTATION('',(#7621),#7625);
#7621 = LINE('',#7622,#7623);
#7622 = CARTESIAN_POINT('',(-1.569865526679E-14,27.148975875729));
#7623 = VECTOR('',#7624,1.);
#7624 = DIRECTION('',(-1.,-5.782411586589E-16));
#7625 = ( GEOMETRIC_REPRESENTATION_CONTEXT(2) 
PARAMETRIC_REPRESENTATION_CONTEXT() REPRESENTATION_CONTEXT('2D SPACE',''
  ) );
#7626 = PCURVE('',#166,#7627);
#7627 = DEFINITIONAL_REPRESENTATION('',(#7628),#7632);
#7628 = LINE('',#7629,#7630);
#7629 = CARTESIAN_POINT('',(-13.20556345137,10.));
#7630 = VECTOR('',#7631,1.);
#7631 = DIRECTION('',(1.,0.));
#7632 = ( GEOMETRIC_REPRESENTATION_CONTEXT(2) 
PARAMETRIC_REPRESENTATION_CONTEXT() REPRESENTATION_CONTEXT('2D SPACE',''
  ) );
#7633 = ORIENTED_EDGE('',*,*,#1703,.F.);
#7634 = ORIENTED_EDGE('',*,*,#1789,.F.);
#7635 = ORIENTED_EDGE('',*,*,#7636,.F.);
#7636 = EDGE_CURVE('',#7637,#1790,#7639,.T.);
#7637 = VERTEX_POINT('',#7638);
#7638 = CARTESIAN_POINT('',(-7.439820060754,27.148975875729,10.));
#7639 = SURFACE_CURVE('',#7640,(#7645,#7652),.PCURVE_S1.);
#7640 = CIRCLE('',#7641,3.25);
#7641 = AXIS2_PLACEMENT_3D('',#7642,#7643,#7644);
#7642 = CARTESIAN_POINT('',(-9.,30.,10.));
#7643 = DIRECTION('',(0.,-0.,1.));
#7644 = DIRECTION('',(1.,0.,0.));
#7645 = PCURVE('',#73,#7646);
#7646 = DEFINITIONAL_REPRESENTATION('',(#7647),#7651);
#7647 = CIRCLE('',#7648,3.25);
#7648 = AXIS2_PLACEMENT_2D('',#7649,#7650);
#7649 = CARTESIAN_POINT('',(-9.,30.));
#7650 = DIRECTION('',(1.,0.));
#7651 = ( GEOMETRIC_REPRESENTATION_CONTEXT(2) 
PARAMETRIC_REPRESENTATION_CONTEXT() REPRESENTATION_CONTEXT('2D SPACE',''
  ) );
#7652 = PCURVE('',#1829,#7653);
#7653 = DEFINITIONAL_REPRESENTATION('',(#7654),#7658);
#7654 = LINE('',#7655,#7656);
#7655 = CARTESIAN_POINT('',(0.,0.));
#7656 = VECTOR('',#7657,1.);
#7657 = DIRECTION('',(1.,0.));
#7658 = ( GEOMETRIC_REPRESENTATION_CONTEXT(2) 
PARAMETRIC_REPRESENTATION_CONTEXT() REPRESENTATION_CONTEXT('2D SPACE',''
  ) );
#7659 = ORIENTED_EDGE('',*,*,#7660,.F.);
#7660 = EDGE_CURVE('',#146,#7637,#7661,.T.);
#7661 = SURFACE_CURVE('',#7662,(#7666,#7673),.PCURVE_S1.);
#7662 = LINE('',#7663,#7664);
#7663 = CARTESIAN_POINT('',(-1.569865526679E-14,27.148975875729,10.));
#7664 = VECTOR('',#7665,1.);
#7665 = DIRECTION('',(-1.,-5.782411586589E-16,0.));
#7666 = PCURVE('',#73,#7667);
#7667 = DEFINITIONAL_REPRESENTATION('',(#7668),#7672);
#7668 = LINE('',#7669,#7670);
#7669 = CARTESIAN_POINT('',(-1.569865526679E-14,27.148975875729));
#7670 = VECTOR('',#7671,1.);
#7671 = DIRECTION('',(-1.,-5.782411586589E-16));
#7672 = ( GEOMETRIC_REPRESENTATION_CONTEXT(2) 
PARAMETRIC_REPRESENTATION_CONTEXT() REPRESENTATION_CONTEXT('2D SPACE',''
  ) );
#7673 = PCURVE('',#166,#7674);
#7674 = DEFINITIONAL_REPRESENTATION('',(#7675),#7679);
#7675 = LINE('',#7676,#7677);
#7676 = CARTESIAN_POINT('',(-13.20556345137,10.));
#7677 = VECTOR('',#7678,1.);
#7678 = DIRECTION('',(1.,0.));
#7679 = ( GEOMETRIC_REPRESENTATION_CONTEXT(2) 
PARAMETRIC_REPRESENTATION_CONTEXT() REPRESENTATION_CONTEXT('2D SPACE',''
  ) );
#7680 = ORIENTED_EDGE('',*,*,#178,.F.);
#7681 = ORIENTED_EDGE('',*,*,#7682,.F.);
#7682 = EDGE_CURVE('',#7683,#179,#7685,.T.);
#7683 = VERTEX_POINT('',#7684);
#7684 = CARTESIAN_POINT('',(-5.473370487517,24.149222138065,10.));
#7685 = SURFACE_CURVE('',#7686,(#7691,#7698),.PCURVE_S1.);
#7686 = CIRCLE('',#7687,2.);
#7687 = AXIS2_PLACEMENT_3D('',#7688,#7689,#7690);
#7688 = CARTESIAN_POINT('',(-7.205563451371,25.148975875729,10.));
#7689 = DIRECTION('',(-0.,0.,1.));
#7690 = DIRECTION('',(1.,0.,0.));
#7691 = PCURVE('',#73,#7692);
#7692 = DEFINITIONAL_REPRESENTATION('',(#7693),#7697);
#7693 = CIRCLE('',#7694,2.);
#7694 = AXIS2_PLACEMENT_2D('',#7695,#7696);
#7695 = CARTESIAN_POINT('',(-7.205563451371,25.148975875729));
#7696 = DIRECTION('',(1.,0.));
#7697 = ( GEOMETRIC_REPRESENTATION_CONTEXT(2) 
PARAMETRIC_REPRESENTATION_CONTEXT() REPRESENTATION_CONTEXT('2D SPACE',''
  ) );
#7698 = PCURVE('',#218,#7699);
#7699 = DEFINITIONAL_REPRESENTATION('',(#7700),#7704);
#7700 = LINE('',#7701,#7702);
#7701 = CARTESIAN_POINT('',(0.,10.));
#7702 = VECTOR('',#7703,1.);
#7703 = DIRECTION('',(1.,0.));
#7704 = ( GEOMETRIC_REPRESENTATION_CONTEXT(2) 
PARAMETRIC_REPRESENTATION_CONTEXT() REPRESENTATION_CONTEXT('2D SPACE',''
  ) );
#7705 = ORIENTED_EDGE('',*,*,#7706,.F.);
#7706 = EDGE_CURVE('',#7707,#7683,#7709,.T.);
#7707 = VERTEX_POINT('',#7708);
#7708 = CARTESIAN_POINT('',(5.465891740654,24.150777286814,10.));
#7709 = SURFACE_CURVE('',#7710,(#7714,#7721),.PCURVE_S1.);
#7710 = LINE('',#7711,#7712);
#7711 = CARTESIAN_POINT('',(13.461335491857,24.151913936077,10.));
#7712 = VECTOR('',#7713,1.);
#7713 = DIRECTION('',(-0.999999989895,-1.421621221832E-04,0.));
#7714 = PCURVE('',#73,#7715);
#7715 = DEFINITIONAL_REPRESENTATION('',(#7716),#7720);
#7716 = LINE('',#7717,#7718);
#7717 = CARTESIAN_POINT('',(13.461335491857,24.151913936077));
#7718 = VECTOR('',#7719,1.);
#7719 = DIRECTION('',(-0.999999989895,-1.421621221832E-04));
#7720 = ( GEOMETRIC_REPRESENTATION_CONTEXT(2) 
PARAMETRIC_REPRESENTATION_CONTEXT() REPRESENTATION_CONTEXT('2D SPACE',''
  ) );
#7721 = PCURVE('',#7722,#7727);
#7722 = PLANE('',#7723);
#7723 = AXIS2_PLACEMENT_3D('',#7724,#7725,#7726);
#7724 = CARTESIAN_POINT('',(13.461335491857,24.151913936077,11.));
#7725 = DIRECTION('',(1.421621221832E-04,-0.999999989895,0.));
#7726 = DIRECTION('',(0.999999989895,1.421621221832E-04,0.));
#7727 = DEFINITIONAL_REPRESENTATION('',(#7728),#7732);
#7728 = LINE('',#7729,#7730);
#7729 = CARTESIAN_POINT('',(0.,-1.));
#7730 = VECTOR('',#7731,1.);
#7731 = DIRECTION('',(-1.,0.));
#7732 = ( GEOMETRIC_REPRESENTATION_CONTEXT(2) 
PARAMETRIC_REPRESENTATION_CONTEXT() REPRESENTATION_CONTEXT('2D SPACE',''
  ) );
#7733 = ORIENTED_EDGE('',*,*,#7734,.F.);
#7734 = EDGE_CURVE('',#7735,#7707,#7737,.T.);
#7735 = VERTEX_POINT('',#7736);
#7736 = CARTESIAN_POINT('',(7.198981345114,27.148975875729,10.));
#7737 = SURFACE_CURVE('',#7738,(#7743,#7750),.PCURVE_S1.);
#7738 = CIRCLE('',#7739,2.);
#7739 = AXIS2_PLACEMENT_3D('',#7740,#7741,#7742);
#7740 = CARTESIAN_POINT('',(7.198981345114,25.148975875729,10.));
#7741 = DIRECTION('',(-0.,0.,1.));
#7742 = DIRECTION('',(1.,0.,0.));
#7743 = PCURVE('',#73,#7744);
#7744 = DEFINITIONAL_REPRESENTATION('',(#7745),#7749);
#7745 = CIRCLE('',#7746,2.);
#7746 = AXIS2_PLACEMENT_2D('',#7747,#7748);
#7747 = CARTESIAN_POINT('',(7.198981345114,25.148975875729));
#7748 = DIRECTION('',(1.,0.));
#7749 = ( GEOMETRIC_REPRESENTATION_CONTEXT(2) 
PARAMETRIC_REPRESENTATION_CONTEXT() REPRESENTATION_CONTEXT('2D SPACE',''
  ) );
#7750 = PCURVE('',#7245,#7751);
#7751 = DEFINITIONAL_REPRESENTATION('',(#7752),#7756);
#7752 = LINE('',#7753,#7754);
#7753 = CARTESIAN_POINT('',(0.,10.));
#7754 = VECTOR('',#7755,1.);
#7755 = DIRECTION('',(1.,0.));
#7756 = ( GEOMETRIC_REPRESENTATION_CONTEXT(2) 
PARAMETRIC_REPRESENTATION_CONTEXT() REPRESENTATION_CONTEXT('2D SPACE',''
  ) );
#7757 = ORIENTED_EDGE('',*,*,#7758,.F.);
#7758 = EDGE_CURVE('',#24,#7735,#7759,.T.);
#7759 = SURFACE_CURVE('',#7760,(#7764,#7771),.PCURVE_S1.);
#7760 = LINE('',#7761,#7762);
#7761 = CARTESIAN_POINT('',(0.,27.148975875729,10.));
#7762 = VECTOR('',#7763,1.);
#7763 = DIRECTION('',(-1.,0.,-0.));
#7764 = PCURVE('',#73,#7765);
#7765 = DEFINITIONAL_REPRESENTATION('',(#7766),#7770);
#7766 = LINE('',#7767,#7768);
#7767 = CARTESIAN_POINT('',(0.,27.148975875729));
#7768 = VECTOR('',#7769,1.);
#7769 = DIRECTION('',(-1.,0.));
#7770 = ( GEOMETRIC_REPRESENTATION_CONTEXT(2) 
PARAMETRIC_REPRESENTATION_CONTEXT() REPRESENTATION_CONTEXT('2D SPACE',''
  ) );
#7771 = PCURVE('',#44,#7772);
#7772 = DEFINITIONAL_REPRESENTATION('',(#7773),#7777);
#7773 = LINE('',#7774,#7775);
#7774 = CARTESIAN_POINT('',(10.,-13.19898134511));
#7775 = VECTOR('',#7776,1.);
#7776 = DIRECTION('',(-0.,-1.));
#7777 = ( GEOMETRIC_REPRESENTATION_CONTEXT(2) 
PARAMETRIC_REPRESENTATION_CONTEXT() REPRESENTATION_CONTEXT('2D SPACE',''
  ) );
#7778 = ORIENTED_EDGE('',*,*,#56,.F.);
#7779 = FACE_BOUND('',#7780,.T.);
#7780 = EDGE_LOOP('',(#7781,#7811,#7837,#7838,#7861));
#7781 = ORIENTED_EDGE('',*,*,#7782,.T.);
#7782 = EDGE_CURVE('',#7783,#7785,#7787,.T.);
#7783 = VERTEX_POINT('',#7784);
#7784 = CARTESIAN_POINT('',(-6.5,57.5,10.));
#7785 = VERTEX_POINT('',#7786);
#7786 = CARTESIAN_POINT('',(8.5,57.5,10.));
#7787 = SURFACE_CURVE('',#7788,(#7792,#7799),.PCURVE_S1.);
#7788 = LINE('',#7789,#7790);
#7789 = CARTESIAN_POINT('',(8.5,57.5,10.));
#7790 = VECTOR('',#7791,1.);
#7791 = DIRECTION('',(1.,4.625929269271E-16,-0.));
#7792 = PCURVE('',#73,#7793);
#7793 = DEFINITIONAL_REPRESENTATION('',(#7794),#7798);
#7794 = LINE('',#7795,#7796);
#7795 = CARTESIAN_POINT('',(8.5,57.5));
#7796 = VECTOR('',#7797,1.);
#7797 = DIRECTION('',(1.,4.625929269271E-16));
#7798 = ( GEOMETRIC_REPRESENTATION_CONTEXT(2) 
PARAMETRIC_REPRESENTATION_CONTEXT() REPRESENTATION_CONTEXT('2D SPACE',''
  ) );
#7799 = PCURVE('',#7800,#7805);
#7800 = CYLINDRICAL_SURFACE('',#7801,2.);
#7801 = AXIS2_PLACEMENT_3D('',#7802,#7803,#7804);
#7802 = CARTESIAN_POINT('',(-6.5,57.5,8.));
#7803 = DIRECTION('',(1.,4.625929269271E-16,0.));
#7804 = DIRECTION('',(-4.625929269271E-16,1.,0.));
#7805 = DEFINITIONAL_REPRESENTATION('',(#7806),#7810);
#7806 = LINE('',#7807,#7808);
#7807 = CARTESIAN_POINT('',(1.570796326795,15.));
#7808 = VECTOR('',#7809,1.);
#7809 = DIRECTION('',(0.,1.));
#7810 = ( GEOMETRIC_REPRESENTATION_CONTEXT(2) 
PARAMETRIC_REPRESENTATION_CONTEXT() REPRESENTATION_CONTEXT('2D SPACE',''
  ) );
#7811 = ORIENTED_EDGE('',*,*,#7812,.T.);
#7812 = EDGE_CURVE('',#7785,#618,#7813,.T.);
#7813 = SURFACE_CURVE('',#7814,(#7819,#7830),.PCURVE_S1.);
#7814 = CIRCLE('',#7815,9.5);
#7815 = AXIS2_PLACEMENT_3D('',#7816,#7817,#7818);
#7816 = CARTESIAN_POINT('',(8.5,48.,10.));
#7817 = DIRECTION('',(0.,0.,-1.));
#7818 = DIRECTION('',(1.,0.,0.));
#7819 = PCURVE('',#73,#7820);
#7820 = DEFINITIONAL_REPRESENTATION('',(#7821),#7829);
#7821 = ( BOUNDED_CURVE() B_SPLINE_CURVE(2,(#7822,#7823,#7824,#7825,
#7826,#7827,#7828),.UNSPECIFIED.,.T.,.F.) B_SPLINE_CURVE_WITH_KNOTS((1,2
    ,2,2,2,1),(-2.094395102393,0.,2.094395102393,4.188790204786,
6.28318530718,8.377580409573),.UNSPECIFIED.) CURVE() 
GEOMETRIC_REPRESENTATION_ITEM() RATIONAL_B_SPLINE_CURVE((1.,0.5,1.,0.5,
1.,0.5,1.)) REPRESENTATION_ITEM('') );
#7822 = CARTESIAN_POINT('',(18.,48.));
#7823 = CARTESIAN_POINT('',(18.,31.545517328096));
#7824 = CARTESIAN_POINT('',(3.75,39.772758664048));
#7825 = CARTESIAN_POINT('',(-10.5,48.));
#7826 = CARTESIAN_POINT('',(3.75,56.227241335952));
#7827 = CARTESIAN_POINT('',(18.,64.454482671904));
#7828 = CARTESIAN_POINT('',(18.,48.));
#7829 = ( GEOMETRIC_REPRESENTATION_CONTEXT(2) 
PARAMETRIC_REPRESENTATION_CONTEXT() REPRESENTATION_CONTEXT('2D SPACE',''
  ) );
#7830 = PCURVE('',#669,#7831);
#7831 = DEFINITIONAL_REPRESENTATION('',(#7832),#7836);
#7832 = LINE('',#7833,#7834);
#7833 = CARTESIAN_POINT('',(6.28318530718,1.570796326795));
#7834 = VECTOR('',#7835,1.);
#7835 = DIRECTION('',(-1.,0.));
#7836 = ( GEOMETRIC_REPRESENTATION_CONTEXT(2) 
PARAMETRIC_REPRESENTATION_CONTEXT() REPRESENTATION_CONTEXT('2D SPACE',''
  ) );
#7837 = ORIENTED_EDGE('',*,*,#617,.T.);
#7838 = ORIENTED_EDGE('',*,*,#7839,.T.);
#7839 = EDGE_CURVE('',#620,#7840,#7842,.T.);
#7840 = VERTEX_POINT('',#7841);
#7841 = CARTESIAN_POINT('',(-6.5,38.5,10.));
#7842 = SURFACE_CURVE('',#7843,(#7847,#7854),.PCURVE_S1.);
#7843 = LINE('',#7844,#7845);
#7844 = CARTESIAN_POINT('',(-6.5,38.5,10.));
#7845 = VECTOR('',#7846,1.);
#7846 = DIRECTION('',(-1.,-4.625929269271E-16,-0.));
#7847 = PCURVE('',#73,#7848);
#7848 = DEFINITIONAL_REPRESENTATION('',(#7849),#7853);
#7849 = LINE('',#7850,#7851);
#7850 = CARTESIAN_POINT('',(-6.5,38.5));
#7851 = VECTOR('',#7852,1.);
#7852 = DIRECTION('',(-1.,-4.625929269271E-16));
#7853 = ( GEOMETRIC_REPRESENTATION_CONTEXT(2) 
PARAMETRIC_REPRESENTATION_CONTEXT() REPRESENTATION_CONTEXT('2D SPACE',''
  ) );
#7854 = PCURVE('',#725,#7855);
#7855 = DEFINITIONAL_REPRESENTATION('',(#7856),#7860);
#7856 = LINE('',#7857,#7858);
#7857 = CARTESIAN_POINT('',(1.570796326795,15.));
#7858 = VECTOR('',#7859,1.);
#7859 = DIRECTION('',(0.,1.));
#7860 = ( GEOMETRIC_REPRESENTATION_CONTEXT(2) 
PARAMETRIC_REPRESENTATION_CONTEXT() REPRESENTATION_CONTEXT('2D SPACE',''
  ) );
#7861 = ORIENTED_EDGE('',*,*,#7862,.T.);
#7862 = EDGE_CURVE('',#7840,#7783,#7863,.T.);
#7863 = SURFACE_CURVE('',#7864,(#7869,#7880),.PCURVE_S1.);
#7864 = CIRCLE('',#7865,9.5);
#7865 = AXIS2_PLACEMENT_3D('',#7866,#7867,#7868);
#7866 = CARTESIAN_POINT('',(-6.5,48.,10.));
#7867 = DIRECTION('',(0.,0.,-1.));
#7868 = DIRECTION('',(1.,0.,0.));
#7869 = PCURVE('',#73,#7870);
#7870 = DEFINITIONAL_REPRESENTATION('',(#7871),#7879);
#7871 = ( BOUNDED_CURVE() B_SPLINE_CURVE(2,(#7872,#7873,#7874,#7875,
#7876,#7877,#7878),.UNSPECIFIED.,.T.,.F.) B_SPLINE_CURVE_WITH_KNOTS((1,2
    ,2,2,2,1),(-2.094395102393,0.,2.094395102393,4.188790204786,
6.28318530718,8.377580409573),.UNSPECIFIED.) CURVE() 
GEOMETRIC_REPRESENTATION_ITEM() RATIONAL_B_SPLINE_CURVE((1.,0.5,1.,0.5,
1.,0.5,1.)) REPRESENTATION_ITEM('') );
#7872 = CARTESIAN_POINT('',(3.,48.));
#7873 = CARTESIAN_POINT('',(3.,31.545517328096));
#7874 = CARTESIAN_POINT('',(-11.25,39.772758664048));
#7875 = CARTESIAN_POINT('',(-25.5,48.));
#7876 = CARTESIAN_POINT('',(-11.25,56.227241335952));
#7877 = CARTESIAN_POINT('',(3.,64.454482671904));
#7878 = CARTESIAN_POINT('',(3.,48.));
#7879 = ( GEOMETRIC_REPRESENTATION_CONTEXT(2) 
PARAMETRIC_REPRESENTATION_CONTEXT() REPRESENTATION_CONTEXT('2D SPACE',''
  ) );
#7880 = PCURVE('',#846,#7881);
#7881 = DEFINITIONAL_REPRESENTATION('',(#7882),#7886);
#7882 = LINE('',#7883,#7884);
#7883 = CARTESIAN_POINT('',(6.28318530718,1.570796326795));
#7884 = VECTOR('',#7885,1.);
#7885 = DIRECTION('',(-1.,0.));
#7886 = ( GEOMETRIC_REPRESENTATION_CONTEXT(2) 
PARAMETRIC_REPRESENTATION_CONTEXT() REPRESENTATION_CONTEXT('2D SPACE',''
  ) );
#7887 = FACE_BOUND('',#7888,.T.);
#7888 = EDGE_LOOP('',(#7889,#7919,#7945,#7946,#7969));
#7889 = ORIENTED_EDGE('',*,*,#7890,.T.);
#7890 = EDGE_CURVE('',#7891,#7893,#7895,.T.);
#7891 = VERTEX_POINT('',#7892);
#7892 = CARTESIAN_POINT('',(22.5,58.5,10.));
#7893 = VERTEX_POINT('',#7894);
#7894 = CARTESIAN_POINT('',(27.5,58.5,10.));
#7895 = SURFACE_CURVE('',#7896,(#7900,#7907),.PCURVE_S1.);
#7896 = LINE('',#7897,#7898);
#7897 = CARTESIAN_POINT('',(27.5,58.5,10.));
#7898 = VECTOR('',#7899,1.);
#7899 = DIRECTION('',(1.,-0.,-0.));
#7900 = PCURVE('',#73,#7901);
#7901 = DEFINITIONAL_REPRESENTATION('',(#7902),#7906);
#7902 = LINE('',#7903,#7904);
#7903 = CARTESIAN_POINT('',(27.5,58.5));
#7904 = VECTOR('',#7905,1.);
#7905 = DIRECTION('',(1.,0.));
#7906 = ( GEOMETRIC_REPRESENTATION_CONTEXT(2) 
PARAMETRIC_REPRESENTATION_CONTEXT() REPRESENTATION_CONTEXT('2D SPACE',''
  ) );
#7907 = PCURVE('',#7908,#7913);
#7908 = CYLINDRICAL_SURFACE('',#7909,2.);
#7909 = AXIS2_PLACEMENT_3D('',#7910,#7911,#7912);
#7910 = CARTESIAN_POINT('',(27.5,58.5,8.));
#7911 = DIRECTION('',(1.,0.,0.));
#7912 = DIRECTION('',(0.,0.,-1.));
#7913 = DEFINITIONAL_REPRESENTATION('',(#7914),#7918);
#7914 = LINE('',#7915,#7916);
#7915 = CARTESIAN_POINT('',(3.14159265359,0.));
#7916 = VECTOR('',#7917,1.);
#7917 = DIRECTION('',(0.,1.));
#7918 = ( GEOMETRIC_REPRESENTATION_CONTEXT(2) 
PARAMETRIC_REPRESENTATION_CONTEXT() REPRESENTATION_CONTEXT('2D SPACE',''
  ) );
#7919 = ORIENTED_EDGE('',*,*,#7920,.T.);
#7920 = EDGE_CURVE('',#7893,#495,#7921,.T.);
#7921 = SURFACE_CURVE('',#7922,(#7927,#7938),.PCURVE_S1.);
#7922 = CIRCLE('',#7923,3.);
#7923 = AXIS2_PLACEMENT_3D('',#7924,#7925,#7926);
#7924 = CARTESIAN_POINT('',(27.5,55.5,10.));
#7925 = DIRECTION('',(0.,0.,-1.));
#7926 = DIRECTION('',(1.,0.,0.));
#7927 = PCURVE('',#73,#7928);
#7928 = DEFINITIONAL_REPRESENTATION('',(#7929),#7937);
#7929 = ( BOUNDED_CURVE() B_SPLINE_CURVE(2,(#7930,#7931,#7932,#7933,
#7934,#7935,#7936),.UNSPECIFIED.,.T.,.F.) B_SPLINE_CURVE_WITH_KNOTS((1,2
    ,2,2,2,1),(-2.094395102393,0.,2.094395102393,4.188790204786,
6.28318530718,8.377580409573),.UNSPECIFIED.) CURVE() 
GEOMETRIC_REPRESENTATION_ITEM() RATIONAL_B_SPLINE_CURVE((1.,0.5,1.,0.5,
1.,0.5,1.)) REPRESENTATION_ITEM('') );
#7930 = CARTESIAN_POINT('',(30.5,55.5));
#7931 = CARTESIAN_POINT('',(30.5,50.303847577293));
#7932 = CARTESIAN_POINT('',(26.,52.901923788647));
#7933 = CARTESIAN_POINT('',(21.5,55.5));
#7934 = CARTESIAN_POINT('',(26.,58.098076211353));
#7935 = CARTESIAN_POINT('',(30.5,60.696152422707));
#7936 = CARTESIAN_POINT('',(30.5,55.5));
#7937 = ( GEOMETRIC_REPRESENTATION_CONTEXT(2) 
PARAMETRIC_REPRESENTATION_CONTEXT() REPRESENTATION_CONTEXT('2D SPACE',''
  ) );
#7938 = PCURVE('',#546,#7939);
#7939 = DEFINITIONAL_REPRESENTATION('',(#7940),#7944);
#7940 = LINE('',#7941,#7942);
#7941 = CARTESIAN_POINT('',(6.28318530718,1.570796326795));
#7942 = VECTOR('',#7943,1.);
#7943 = DIRECTION('',(-1.,-1.130863886743E-15));
#7944 = ( GEOMETRIC_REPRESENTATION_CONTEXT(2) 
PARAMETRIC_REPRESENTATION_CONTEXT() REPRESENTATION_CONTEXT('2D SPACE',''
  ) );
#7945 = ORIENTED_EDGE('',*,*,#494,.T.);
#7946 = ORIENTED_EDGE('',*,*,#7947,.T.);
#7947 = EDGE_CURVE('',#497,#7948,#7950,.T.);
#7948 = VERTEX_POINT('',#7949);
#7949 = CARTESIAN_POINT('',(22.5,52.5,10.));
#7950 = SURFACE_CURVE('',#7951,(#7955,#7962),.PCURVE_S1.);
#7951 = LINE('',#7952,#7953);
#7952 = CARTESIAN_POINT('',(22.5,52.5,10.));
#7953 = VECTOR('',#7954,1.);
#7954 = DIRECTION('',(-1.,0.,-0.));
#7955 = PCURVE('',#73,#7956);
#7956 = DEFINITIONAL_REPRESENTATION('',(#7957),#7961);
#7957 = LINE('',#7958,#7959);
#7958 = CARTESIAN_POINT('',(22.5,52.5));
#7959 = VECTOR('',#7960,1.);
#7960 = DIRECTION('',(-1.,0.));
#7961 = ( GEOMETRIC_REPRESENTATION_CONTEXT(2) 
PARAMETRIC_REPRESENTATION_CONTEXT() REPRESENTATION_CONTEXT('2D SPACE',''
  ) );
#7962 = PCURVE('',#602,#7963);
#7963 = DEFINITIONAL_REPRESENTATION('',(#7964),#7968);
#7964 = LINE('',#7965,#7966);
#7965 = CARTESIAN_POINT('',(0.,0.));
#7966 = VECTOR('',#7967,1.);
#7967 = DIRECTION('',(0.,1.));
#7968 = ( GEOMETRIC_REPRESENTATION_CONTEXT(2) 
PARAMETRIC_REPRESENTATION_CONTEXT() REPRESENTATION_CONTEXT('2D SPACE',''
  ) );
#7969 = ORIENTED_EDGE('',*,*,#7970,.T.);
#7970 = EDGE_CURVE('',#7948,#7891,#7971,.T.);
#7971 = SURFACE_CURVE('',#7972,(#7977,#7988),.PCURVE_S1.);
#7972 = CIRCLE('',#7973,3.);
#7973 = AXIS2_PLACEMENT_3D('',#7974,#7975,#7976);
#7974 = CARTESIAN_POINT('',(22.5,55.5,10.));
#7975 = DIRECTION('',(0.,0.,-1.));
#7976 = DIRECTION('',(1.,0.,0.));
#7977 = PCURVE('',#73,#7978);
#7978 = DEFINITIONAL_REPRESENTATION('',(#7979),#7987);
#7979 = ( BOUNDED_CURVE() B_SPLINE_CURVE(2,(#7980,#7981,#7982,#7983,
#7984,#7985,#7986),.UNSPECIFIED.,.T.,.F.) B_SPLINE_CURVE_WITH_KNOTS((1,2
    ,2,2,2,1),(-2.094395102393,0.,2.094395102393,4.188790204786,
6.28318530718,8.377580409573),.UNSPECIFIED.) CURVE() 
GEOMETRIC_REPRESENTATION_ITEM() RATIONAL_B_SPLINE_CURVE((1.,0.5,1.,0.5,
1.,0.5,1.)) REPRESENTATION_ITEM('') );
#7980 = CARTESIAN_POINT('',(25.5,55.5));
#7981 = CARTESIAN_POINT('',(25.5,50.303847577293));
#7982 = CARTESIAN_POINT('',(21.,52.901923788647));
#7983 = CARTESIAN_POINT('',(16.5,55.5));
#7984 = CARTESIAN_POINT('',(21.,58.098076211353));
#7985 = CARTESIAN_POINT('',(25.5,60.696152422707));
#7986 = CARTESIAN_POINT('',(25.5,55.5));
#7987 = ( GEOMETRIC_REPRESENTATION_CONTEXT(2) 
PARAMETRIC_REPRESENTATION_CONTEXT() REPRESENTATION_CONTEXT('2D SPACE',''
  ) );
#7988 = PCURVE('',#1088,#7989);
#7989 = DEFINITIONAL_REPRESENTATION('',(#7990),#7994);
#7990 = LINE('',#7991,#7992);
#7991 = CARTESIAN_POINT('',(6.28318530718,1.570796326795));
#7992 = VECTOR('',#7993,1.);
#7993 = DIRECTION('',(-1.,0.));
#7994 = ( GEOMETRIC_REPRESENTATION_CONTEXT(2) 
PARAMETRIC_REPRESENTATION_CONTEXT() REPRESENTATION_CONTEXT('2D SPACE',''
  ) );
#7995 = FACE_BOUND('',#7996,.T.);
#7996 = EDGE_LOOP('',(#7997,#8027,#8053,#8054,#8077));
#7997 = ORIENTED_EDGE('',*,*,#7998,.T.);
#7998 = EDGE_CURVE('',#7999,#8001,#8003,.T.);
#7999 = VERTEX_POINT('',#8000);
#8000 = CARTESIAN_POINT('',(22.5,43.5,10.));
#8001 = VERTEX_POINT('',#8002);
#8002 = CARTESIAN_POINT('',(27.5,43.5,10.));
#8003 = SURFACE_CURVE('',#8004,(#8008,#8015),.PCURVE_S1.);
#8004 = LINE('',#8005,#8006);
#8005 = CARTESIAN_POINT('',(27.5,43.5,10.));
#8006 = VECTOR('',#8007,1.);
#8007 = DIRECTION('',(1.,-0.,-0.));
#8008 = PCURVE('',#73,#8009);
#8009 = DEFINITIONAL_REPRESENTATION('',(#8010),#8014);
#8010 = LINE('',#8011,#8012);
#8011 = CARTESIAN_POINT('',(27.5,43.5));
#8012 = VECTOR('',#8013,1.);
#8013 = DIRECTION('',(1.,0.));
#8014 = ( GEOMETRIC_REPRESENTATION_CONTEXT(2) 
PARAMETRIC_REPRESENTATION_CONTEXT() REPRESENTATION_CONTEXT('2D SPACE',''
  ) );
#8015 = PCURVE('',#8016,#8021);
#8016 = CYLINDRICAL_SURFACE('',#8017,2.);
#8017 = AXIS2_PLACEMENT_3D('',#8018,#8019,#8020);
#8018 = CARTESIAN_POINT('',(27.5,43.5,8.));
#8019 = DIRECTION('',(1.,0.,0.));
#8020 = DIRECTION('',(0.,0.,-1.));
#8021 = DEFINITIONAL_REPRESENTATION('',(#8022),#8026);
#8022 = LINE('',#8023,#8024);
#8023 = CARTESIAN_POINT('',(3.14159265359,0.));
#8024 = VECTOR('',#8025,1.);
#8025 = DIRECTION('',(0.,1.));
#8026 = ( GEOMETRIC_REPRESENTATION_CONTEXT(2) 
PARAMETRIC_REPRESENTATION_CONTEXT() REPRESENTATION_CONTEXT('2D SPACE',''
  ) );
#8027 = ORIENTED_EDGE('',*,*,#8028,.T.);
#8028 = EDGE_CURVE('',#8001,#372,#8029,.T.);
#8029 = SURFACE_CURVE('',#8030,(#8035,#8046),.PCURVE_S1.);
#8030 = CIRCLE('',#8031,3.);
#8031 = AXIS2_PLACEMENT_3D('',#8032,#8033,#8034);
#8032 = CARTESIAN_POINT('',(27.5,40.5,10.));
#8033 = DIRECTION('',(0.,0.,-1.));
#8034 = DIRECTION('',(1.,0.,0.));
#8035 = PCURVE('',#73,#8036);
#8036 = DEFINITIONAL_REPRESENTATION('',(#8037),#8045);
#8037 = ( BOUNDED_CURVE() B_SPLINE_CURVE(2,(#8038,#8039,#8040,#8041,
#8042,#8043,#8044),.UNSPECIFIED.,.T.,.F.) B_SPLINE_CURVE_WITH_KNOTS((1,2
    ,2,2,2,1),(-2.094395102393,0.,2.094395102393,4.188790204786,
6.28318530718,8.377580409573),.UNSPECIFIED.) CURVE() 
GEOMETRIC_REPRESENTATION_ITEM() RATIONAL_B_SPLINE_CURVE((1.,0.5,1.,0.5,
1.,0.5,1.)) REPRESENTATION_ITEM('') );
#8038 = CARTESIAN_POINT('',(30.5,40.5));
#8039 = CARTESIAN_POINT('',(30.5,35.303847577293));
#8040 = CARTESIAN_POINT('',(26.,37.901923788647));
#8041 = CARTESIAN_POINT('',(21.5,40.5));
#8042 = CARTESIAN_POINT('',(26.,43.098076211353));
#8043 = CARTESIAN_POINT('',(30.5,45.696152422707));
#8044 = CARTESIAN_POINT('',(30.5,40.5));
#8045 = ( GEOMETRIC_REPRESENTATION_CONTEXT(2) 
PARAMETRIC_REPRESENTATION_CONTEXT() REPRESENTATION_CONTEXT('2D SPACE',''
  ) );
#8046 = PCURVE('',#423,#8047);
#8047 = DEFINITIONAL_REPRESENTATION('',(#8048),#8052);
#8048 = LINE('',#8049,#8050);
#8049 = CARTESIAN_POINT('',(6.28318530718,1.570796326795));
#8050 = VECTOR('',#8051,1.);
#8051 = DIRECTION('',(-1.,-1.130863886743E-15));
#8052 = ( GEOMETRIC_REPRESENTATION_CONTEXT(2) 
PARAMETRIC_REPRESENTATION_CONTEXT() REPRESENTATION_CONTEXT('2D SPACE',''
  ) );
#8053 = ORIENTED_EDGE('',*,*,#371,.T.);
#8054 = ORIENTED_EDGE('',*,*,#8055,.T.);
#8055 = EDGE_CURVE('',#374,#8056,#8058,.T.);
#8056 = VERTEX_POINT('',#8057);
#8057 = CARTESIAN_POINT('',(22.5,37.5,10.));
#8058 = SURFACE_CURVE('',#8059,(#8063,#8070),.PCURVE_S1.);
#8059 = LINE('',#8060,#8061);
#8060 = CARTESIAN_POINT('',(22.5,37.5,10.));
#8061 = VECTOR('',#8062,1.);
#8062 = DIRECTION('',(-1.,0.,-0.));
#8063 = PCURVE('',#73,#8064);
#8064 = DEFINITIONAL_REPRESENTATION('',(#8065),#8069);
#8065 = LINE('',#8066,#8067);
#8066 = CARTESIAN_POINT('',(22.5,37.5));
#8067 = VECTOR('',#8068,1.);
#8068 = DIRECTION('',(-1.,0.));
#8069 = ( GEOMETRIC_REPRESENTATION_CONTEXT(2) 
PARAMETRIC_REPRESENTATION_CONTEXT() REPRESENTATION_CONTEXT('2D SPACE',''
  ) );
#8070 = PCURVE('',#479,#8071);
#8071 = DEFINITIONAL_REPRESENTATION('',(#8072),#8076);
#8072 = LINE('',#8073,#8074);
#8073 = CARTESIAN_POINT('',(0.,0.));
#8074 = VECTOR('',#8075,1.);
#8075 = DIRECTION('',(0.,1.));
#8076 = ( GEOMETRIC_REPRESENTATION_CONTEXT(2) 
PARAMETRIC_REPRESENTATION_CONTEXT() REPRESENTATION_CONTEXT('2D SPACE',''
  ) );
#8077 = ORIENTED_EDGE('',*,*,#8078,.T.);
#8078 = EDGE_CURVE('',#8056,#7999,#8079,.T.);
#8079 = SURFACE_CURVE('',#8080,(#8085,#8096),.PCURVE_S1.);
#8080 = CIRCLE('',#8081,3.);
#8081 = AXIS2_PLACEMENT_3D('',#8082,#8083,#8084);
#8082 = CARTESIAN_POINT('',(22.5,40.5,10.));
#8083 = DIRECTION('',(0.,0.,-1.));
#8084 = DIRECTION('',(1.,0.,0.));
#8085 = PCURVE('',#73,#8086);
#8086 = DEFINITIONAL_REPRESENTATION('',(#8087),#8095);
#8087 = ( BOUNDED_CURVE() B_SPLINE_CURVE(2,(#8088,#8089,#8090,#8091,
#8092,#8093,#8094),.UNSPECIFIED.,.T.,.F.) B_SPLINE_CURVE_WITH_KNOTS((1,2
    ,2,2,2,1),(-2.094395102393,0.,2.094395102393,4.188790204786,
6.28318530718,8.377580409573),.UNSPECIFIED.) CURVE() 
GEOMETRIC_REPRESENTATION_ITEM() RATIONAL_B_SPLINE_CURVE((1.,0.5,1.,0.5,
1.,0.5,1.)) REPRESENTATION_ITEM('') );
#8088 = CARTESIAN_POINT('',(25.5,40.5));
#8089 = CARTESIAN_POINT('',(25.5,35.303847577293));
#8090 = CARTESIAN_POINT('',(21.,37.901923788647));
#8091 = CARTESIAN_POINT('',(16.5,40.5));
#8092 = CARTESIAN_POINT('',(21.,43.098076211353));
#8093 = CARTESIAN_POINT('',(25.5,45.696152422707));
#8094 = CARTESIAN_POINT('',(25.5,40.5));
#8095 = ( GEOMETRIC_REPRESENTATION_CONTEXT(2) 
PARAMETRIC_REPRESENTATION_CONTEXT() REPRESENTATION_CONTEXT('2D SPACE',''
  ) );
#8096 = PCURVE('',#967,#8097);
#8097 = DEFINITIONAL_REPRESENTATION('',(#8098),#8102);
#8098 = LINE('',#8099,#8100);
#8099 = CARTESIAN_POINT('',(6.28318530718,1.570796326795));
#8100 = VECTOR('',#8101,1.);
#8101 = DIRECTION('',(-1.,0.));
#8102 = ( GEOMETRIC_REPRESENTATION_CONTEXT(2) 
PARAMETRIC_REPRESENTATION_CONTEXT() REPRESENTATION_CONTEXT('2D SPACE',''
  ) );
#8103 = FACE_BOUND('',#8104,.T.);
#8104 = EDGE_LOOP('',(#8105,#8127));
#8105 = ORIENTED_EDGE('',*,*,#8106,.F.);
#8106 = EDGE_CURVE('',#1106,#1139,#8107,.T.);
#8107 = SURFACE_CURVE('',#8108,(#8113,#8120),.PCURVE_S1.);
#8108 = CIRCLE('',#8109,3.25);
#8109 = AXIS2_PLACEMENT_3D('',#8110,#8111,#8112);
#8110 = CARTESIAN_POINT('',(-57.45134108215,68.501144082732,10.));
#8111 = DIRECTION('',(0.,-0.,1.));
#8112 = DIRECTION('',(1.,0.,0.));
#8113 = PCURVE('',#73,#8114);
#8114 = DEFINITIONAL_REPRESENTATION('',(#8115),#8119);
#8115 = CIRCLE('',#8116,3.25);
#8116 = AXIS2_PLACEMENT_2D('',#8117,#8118);
#8117 = CARTESIAN_POINT('',(-57.45134108215,68.501144082732));
#8118 = DIRECTION('',(1.,0.));
#8119 = ( GEOMETRIC_REPRESENTATION_CONTEXT(2) 
PARAMETRIC_REPRESENTATION_CONTEXT() REPRESENTATION_CONTEXT('2D SPACE',''
  ) );
#8120 = PCURVE('',#1126,#8121);
#8121 = DEFINITIONAL_REPRESENTATION('',(#8122),#8126);
#8122 = LINE('',#8123,#8124);
#8123 = CARTESIAN_POINT('',(0.,0.));
#8124 = VECTOR('',#8125,1.);
#8125 = DIRECTION('',(1.,0.));
#8126 = ( GEOMETRIC_REPRESENTATION_CONTEXT(2) 
PARAMETRIC_REPRESENTATION_CONTEXT() REPRESENTATION_CONTEXT('2D SPACE',''
  ) );
#8127 = ORIENTED_EDGE('',*,*,#1138,.F.);
#8128 = FACE_BOUND('',#8129,.T.);
#8129 = EDGE_LOOP('',(#8130,#8152));
#8130 = ORIENTED_EDGE('',*,*,#8131,.F.);
#8131 = EDGE_CURVE('',#1333,#1366,#8132,.T.);
#8132 = SURFACE_CURVE('',#8133,(#8138,#8145),.PCURVE_S1.);
#8133 = CIRCLE('',#8134,3.25);
#8134 = AXIS2_PLACEMENT_3D('',#8135,#8136,#8137);
#8135 = CARTESIAN_POINT('',(-34.41884026396,67.632866442645,10.));
#8136 = DIRECTION('',(0.,-0.,1.));
#8137 = DIRECTION('',(1.,0.,0.));
#8138 = PCURVE('',#73,#8139);
#8139 = DEFINITIONAL_REPRESENTATION('',(#8140),#8144);
#8140 = CIRCLE('',#8141,3.25);
#8141 = AXIS2_PLACEMENT_2D('',#8142,#8143);
#8142 = CARTESIAN_POINT('',(-34.41884026396,67.632866442645));
#8143 = DIRECTION('',(1.,0.));
#8144 = ( GEOMETRIC_REPRESENTATION_CONTEXT(2) 
PARAMETRIC_REPRESENTATION_CONTEXT() REPRESENTATION_CONTEXT('2D SPACE',''
  ) );
#8145 = PCURVE('',#1353,#8146);
#8146 = DEFINITIONAL_REPRESENTATION('',(#8147),#8151);
#8147 = LINE('',#8148,#8149);
#8148 = CARTESIAN_POINT('',(0.,0.));
#8149 = VECTOR('',#8150,1.);
#8150 = DIRECTION('',(1.,0.));
#8151 = ( GEOMETRIC_REPRESENTATION_CONTEXT(2) 
PARAMETRIC_REPRESENTATION_CONTEXT() REPRESENTATION_CONTEXT('2D SPACE',''
  ) );
#8152 = ORIENTED_EDGE('',*,*,#1365,.F.);
#8153 = FACE_BOUND('',#8154,.T.);
#8154 = EDGE_LOOP('',(#8155,#8177));
#8155 = ORIENTED_EDGE('',*,*,#8156,.F.);
#8156 = EDGE_CURVE('',#1560,#1593,#8157,.T.);
#8157 = SURFACE_CURVE('',#8158,(#8163,#8170),.PCURVE_S1.);
#8158 = CIRCLE('',#8159,3.25);
#8159 = AXIS2_PLACEMENT_3D('',#8160,#8161,#8162);
#8160 = CARTESIAN_POINT('',(-9.,65.,10.));
#8161 = DIRECTION('',(0.,-0.,1.));
#8162 = DIRECTION('',(1.,0.,0.));
#8163 = PCURVE('',#73,#8164);
#8164 = DEFINITIONAL_REPRESENTATION('',(#8165),#8169);
#8165 = CIRCLE('',#8166,3.25);
#8166 = AXIS2_PLACEMENT_2D('',#8167,#8168);
#8167 = CARTESIAN_POINT('',(-9.,65.));
#8168 = DIRECTION('',(1.,0.));
#8169 = ( GEOMETRIC_REPRESENTATION_CONTEXT(2) 
PARAMETRIC_REPRESENTATION_CONTEXT() REPRESENTATION_CONTEXT('2D SPACE',''
  ) );
#8170 = PCURVE('',#1580,#8171);
#8171 = DEFINITIONAL_REPRESENTATION('',(#8172),#8176);
#8172 = LINE('',#8173,#8174);
#8173 = CARTESIAN_POINT('',(0.,0.));
#8174 = VECTOR('',#8175,1.);
#8175 = DIRECTION('',(1.,0.));
#8176 = ( GEOMETRIC_REPRESENTATION_CONTEXT(2) 
PARAMETRIC_REPRESENTATION_CONTEXT() REPRESENTATION_CONTEXT('2D SPACE',''
  ) );
#8177 = ORIENTED_EDGE('',*,*,#1592,.F.);
#8178 = FACE_BOUND('',#8179,.T.);
#8179 = EDGE_LOOP('',(#8180,#8202));
#8180 = ORIENTED_EDGE('',*,*,#8181,.F.);
#8181 = EDGE_CURVE('',#1874,#1907,#8182,.T.);
#8182 = SURFACE_CURVE('',#8183,(#8188,#8195),.PCURVE_S1.);
#8183 = CIRCLE('',#8184,3.25);
#8184 = AXIS2_PLACEMENT_3D('',#8185,#8186,#8187);
#8185 = CARTESIAN_POINT('',(40.,25.,10.));
#8186 = DIRECTION('',(0.,-0.,1.));
#8187 = DIRECTION('',(1.,0.,0.));
#8188 = PCURVE('',#73,#8189);
#8189 = DEFINITIONAL_REPRESENTATION('',(#8190),#8194);
#8190 = CIRCLE('',#8191,3.25);
#8191 = AXIS2_PLACEMENT_2D('',#8192,#8193);
#8192 = CARTESIAN_POINT('',(40.,25.));
#8193 = DIRECTION('',(1.,0.));
#8194 = ( GEOMETRIC_REPRESENTATION_CONTEXT(2) 
PARAMETRIC_REPRESENTATION_CONTEXT() REPRESENTATION_CONTEXT('2D SPACE',''
  ) );
#8195 = PCURVE('',#1894,#8196);
#8196 = DEFINITIONAL_REPRESENTATION('',(#8197),#8201);
#8197 = LINE('',#8198,#8199);
#8198 = CARTESIAN_POINT('',(0.,0.));
#8199 = VECTOR('',#8200,1.);
#8200 = DIRECTION('',(1.,0.));
#8201 = ( GEOMETRIC_REPRESENTATION_CONTEXT(2) 
PARAMETRIC_REPRESENTATION_CONTEXT() REPRESENTATION_CONTEXT('2D SPACE',''
  ) );
#8202 = ORIENTED_EDGE('',*,*,#1906,.F.);
#8203 = FACE_BOUND('',#8204,.T.);
#8204 = EDGE_LOOP('',(#8205,#8227));
#8205 = ORIENTED_EDGE('',*,*,#8206,.F.);
#8206 = EDGE_CURVE('',#1990,#2023,#8207,.T.);
#8207 = SURFACE_CURVE('',#8208,(#8213,#8220),.PCURVE_S1.);
#8208 = CIRCLE('',#8209,3.25);
#8209 = AXIS2_PLACEMENT_3D('',#8210,#8211,#8212);
#8210 = CARTESIAN_POINT('',(40.,47.5,10.));
#8211 = DIRECTION('',(0.,-0.,1.));
#8212 = DIRECTION('',(1.,0.,0.));
#8213 = PCURVE('',#73,#8214);
#8214 = DEFINITIONAL_REPRESENTATION('',(#8215),#8219);
#8215 = CIRCLE('',#8216,3.25);
#8216 = AXIS2_PLACEMENT_2D('',#8217,#8218);
#8217 = CARTESIAN_POINT('',(40.,47.5));
#8218 = DIRECTION('',(1.,0.));
#8219 = ( GEOMETRIC_REPRESENTATION_CONTEXT(2) 
PARAMETRIC_REPRESENTATION_CONTEXT() REPRESENTATION_CONTEXT('2D SPACE',''
  ) );
#8220 = PCURVE('',#2010,#8221);
#8221 = DEFINITIONAL_REPRESENTATION('',(#8222),#8226);
#8222 = LINE('',#8223,#8224);
#8223 = CARTESIAN_POINT('',(0.,0.));
#8224 = VECTOR('',#8225,1.);
#8225 = DIRECTION('',(1.,0.));
#8226 = ( GEOMETRIC_REPRESENTATION_CONTEXT(2) 
PARAMETRIC_REPRESENTATION_CONTEXT() REPRESENTATION_CONTEXT('2D SPACE',''
  ) );
#8227 = ORIENTED_EDGE('',*,*,#2022,.F.);
#8228 = FACE_BOUND('',#8229,.T.);
#8229 = EDGE_LOOP('',(#8230,#8252));
#8230 = ORIENTED_EDGE('',*,*,#8231,.F.);
#8231 = EDGE_CURVE('',#2222,#2255,#8232,.T.);
#8232 = SURFACE_CURVE('',#8233,(#8238,#8245),.PCURVE_S1.);
#8233 = CIRCLE('',#8234,3.25);
#8234 = AXIS2_PLACEMENT_3D('',#8235,#8236,#8237);
#8235 = CARTESIAN_POINT('',(-61.46712140014,60.446734828313,10.));
#8236 = DIRECTION('',(0.,-0.,1.));
#8237 = DIRECTION('',(1.,0.,0.));
#8238 = PCURVE('',#73,#8239);
#8239 = DEFINITIONAL_REPRESENTATION('',(#8240),#8244);
#8240 = CIRCLE('',#8241,3.25);
#8241 = AXIS2_PLACEMENT_2D('',#8242,#8243);
#8242 = CARTESIAN_POINT('',(-61.46712140014,60.446734828313));
#8243 = DIRECTION('',(1.,0.));
#8244 = ( GEOMETRIC_REPRESENTATION_CONTEXT(2) 
PARAMETRIC_REPRESENTATION_CONTEXT() REPRESENTATION_CONTEXT('2D SPACE',''
  ) );
#8245 = PCURVE('',#2242,#8246);
#8246 = DEFINITIONAL_REPRESENTATION('',(#8247),#8251);
#8247 = LINE('',#8248,#8249);
#8248 = CARTESIAN_POINT('',(0.,0.));
#8249 = VECTOR('',#8250,1.);
#8250 = DIRECTION('',(1.,0.));
#8251 = ( GEOMETRIC_REPRESENTATION_CONTEXT(2) 
PARAMETRIC_REPRESENTATION_CONTEXT() REPRESENTATION_CONTEXT('2D SPACE',''
  ) );
#8252 = ORIENTED_EDGE('',*,*,#2254,.F.);
#8253 = FACE_BOUND('',#8254,.T.);
#8254 = EDGE_LOOP('',(#8255,#8256));
#8255 = ORIENTED_EDGE('',*,*,#6728,.T.);
#8256 = ORIENTED_EDGE('',*,*,#8257,.T.);
#8257 = EDGE_CURVE('',#6701,#6729,#8258,.T.);
#8258 = SURFACE_CURVE('',#8259,(#8264,#8275),.PCURVE_S1.);
#8259 = CIRCLE('',#8260,12.5);
#8260 = AXIS2_PLACEMENT_3D('',#8261,#8262,#8263);
#8261 = CARTESIAN_POINT('',(-36.42,37.54,10.));
#8262 = DIRECTION('',(-0.,0.,-1.));
#8263 = DIRECTION('',(-1.,0.,0.));
#8264 = PCURVE('',#73,#8265);
#8265 = DEFINITIONAL_REPRESENTATION('',(#8266),#8274);
#8266 = ( BOUNDED_CURVE() B_SPLINE_CURVE(2,(#8267,#8268,#8269,#8270,
#8271,#8272,#8273),.UNSPECIFIED.,.T.,.F.) B_SPLINE_CURVE_WITH_KNOTS((1,2
    ,2,2,2,1),(-2.094395102393,0.,2.094395102393,4.188790204786,
6.28318530718,8.377580409573),.UNSPECIFIED.) CURVE() 
GEOMETRIC_REPRESENTATION_ITEM() RATIONAL_B_SPLINE_CURVE((1.,0.5,1.,0.5,
1.,0.5,1.)) REPRESENTATION_ITEM('') );
#8267 = CARTESIAN_POINT('',(-48.92,37.54));
#8268 = CARTESIAN_POINT('',(-48.92,59.190635094611));
#8269 = CARTESIAN_POINT('',(-30.17,48.365317547305));
#8270 = CARTESIAN_POINT('',(-11.42,37.54));
#8271 = CARTESIAN_POINT('',(-30.17,26.714682452695));
#8272 = CARTESIAN_POINT('',(-48.92,15.889364905389));
#8273 = CARTESIAN_POINT('',(-48.92,37.54));
#8274 = ( GEOMETRIC_REPRESENTATION_CONTEXT(2) 
PARAMETRIC_REPRESENTATION_CONTEXT() REPRESENTATION_CONTEXT('2D SPACE',''
  ) );
#8275 = PCURVE('',#6716,#8276);
#8276 = DEFINITIONAL_REPRESENTATION('',(#8277),#8281);
#8277 = LINE('',#8278,#8279);
#8278 = CARTESIAN_POINT('',(0.,3.5));
#8279 = VECTOR('',#8280,1.);
#8280 = DIRECTION('',(1.,-4.077572657344E-16));
#8281 = ( GEOMETRIC_REPRESENTATION_CONTEXT(2) 
PARAMETRIC_REPRESENTATION_CONTEXT() REPRESENTATION_CONTEXT('2D SPACE',''
  ) );
#8282 = ADVANCED_FACE('',(#8283,#8383,#8478,#8507,#8615,#8723,#8831,
    #8856,#8881,#8906,#8931,#8956,#8981,#9006,#9031,#9056,#9081,#9106,
    #9131,#9156,#9181,#9206,#9231,#9256,#9281,#9584,#9609,#9634,#9659,
    #9684,#9713,#9742,#9771,#9800),#128,.F.);
#8283 = FACE_BOUND('',#8284,.T.);
#8284 = EDGE_LOOP('',(#8285,#8315,#8337,#8338,#8361));
#8285 = ORIENTED_EDGE('',*,*,#8286,.T.);
#8286 = EDGE_CURVE('',#8287,#8289,#8291,.T.);
#8287 = VERTEX_POINT('',#8288);
#8288 = CARTESIAN_POINT('',(7.198981345114,23.148975875729,
    -1.734723475977E-15));
#8289 = VERTEX_POINT('',#8290);
#8290 = CARTESIAN_POINT('',(13.198981345114,23.148975875729,
    -1.734723475977E-15));
#8291 = SURFACE_CURVE('',#8292,(#8296,#8303),.PCURVE_S1.);
#8292 = LINE('',#8293,#8294);
#8293 = CARTESIAN_POINT('',(13.198981345114,23.148975875729,
    -1.734723475977E-15));
#8294 = VECTOR('',#8295,1.);
#8295 = DIRECTION('',(1.,5.782411586589E-16,-0.));
#8296 = PCURVE('',#128,#8297);
#8297 = DEFINITIONAL_REPRESENTATION('',(#8298),#8302);
#8298 = LINE('',#8299,#8300);
#8299 = CARTESIAN_POINT('',(13.198981345114,23.148975875729));
#8300 = VECTOR('',#8301,1.);
#8301 = DIRECTION('',(1.,5.782411586589E-16));
#8302 = ( GEOMETRIC_REPRESENTATION_CONTEXT(2) 
PARAMETRIC_REPRESENTATION_CONTEXT() REPRESENTATION_CONTEXT('2D SPACE',''
  ) );
#8303 = PCURVE('',#8304,#8309);
#8304 = PLANE('',#8305);
#8305 = AXIS2_PLACEMENT_3D('',#8306,#8307,#8308);
#8306 = CARTESIAN_POINT('',(13.198981345114,23.148975875729,
    -1.734723475977E-15));
#8307 = DIRECTION('',(5.782411586589E-16,-1.,0.));
#8308 = DIRECTION('',(1.,5.782411586589E-16,0.));
#8309 = DEFINITIONAL_REPRESENTATION('',(#8310),#8314);
#8310 = LINE('',#8311,#8312);
#8311 = CARTESIAN_POINT('',(0.,0.));
#8312 = VECTOR('',#8313,1.);
#8313 = DIRECTION('',(1.,0.));
#8314 = ( GEOMETRIC_REPRESENTATION_CONTEXT(2) 
PARAMETRIC_REPRESENTATION_CONTEXT() REPRESENTATION_CONTEXT('2D SPACE',''
  ) );
#8315 = ORIENTED_EDGE('',*,*,#8316,.T.);
#8316 = EDGE_CURVE('',#8289,#86,#8317,.T.);
#8317 = SURFACE_CURVE('',#8318,(#8323,#8330),.PCURVE_S1.);
#8318 = CIRCLE('',#8319,2.);
#8319 = AXIS2_PLACEMENT_3D('',#8320,#8321,#8322);
#8320 = CARTESIAN_POINT('',(13.198981345114,25.148975875729,
    -1.734723475977E-15));
#8321 = DIRECTION('',(0.,0.,1.));
#8322 = DIRECTION('',(1.,0.,-0.));
#8323 = PCURVE('',#128,#8324);
#8324 = DEFINITIONAL_REPRESENTATION('',(#8325),#8329);
#8325 = CIRCLE('',#8326,2.);
#8326 = AXIS2_PLACEMENT_2D('',#8327,#8328);
#8327 = CARTESIAN_POINT('',(13.198981345114,25.148975875729));
#8328 = DIRECTION('',(1.,0.));
#8329 = ( GEOMETRIC_REPRESENTATION_CONTEXT(2) 
PARAMETRIC_REPRESENTATION_CONTEXT() REPRESENTATION_CONTEXT('2D SPACE',''
  ) );
#8330 = PCURVE('',#101,#8331);
#8331 = DEFINITIONAL_REPRESENTATION('',(#8332),#8336);
#8332 = LINE('',#8333,#8334);
#8333 = CARTESIAN_POINT('',(0.,0.));
#8334 = VECTOR('',#8335,1.);
#8335 = DIRECTION('',(1.,0.));
#8336 = ( GEOMETRIC_REPRESENTATION_CONTEXT(2) 
PARAMETRIC_REPRESENTATION_CONTEXT() REPRESENTATION_CONTEXT('2D SPACE',''
  ) );
#8337 = ORIENTED_EDGE('',*,*,#113,.T.);
#8338 = ORIENTED_EDGE('',*,*,#8339,.T.);
#8339 = EDGE_CURVE('',#22,#8340,#8342,.T.);
#8340 = VERTEX_POINT('',#8341);
#8341 = CARTESIAN_POINT('',(7.198981345114,27.148975875729,0.));
#8342 = SURFACE_CURVE('',#8343,(#8347,#8354),.PCURVE_S1.);
#8343 = LINE('',#8344,#8345);
#8344 = CARTESIAN_POINT('',(13.198981345114,27.148975875729,
    -1.734723475977E-15));
#8345 = VECTOR('',#8346,1.);
#8346 = DIRECTION('',(-1.,0.,0.));
#8347 = PCURVE('',#128,#8348);
#8348 = DEFINITIONAL_REPRESENTATION('',(#8349),#8353);
#8349 = LINE('',#8350,#8351);
#8350 = CARTESIAN_POINT('',(13.198981345114,27.148975875729));
#8351 = VECTOR('',#8352,1.);
#8352 = DIRECTION('',(-1.,0.));
#8353 = ( GEOMETRIC_REPRESENTATION_CONTEXT(2) 
PARAMETRIC_REPRESENTATION_CONTEXT() REPRESENTATION_CONTEXT('2D SPACE',''
  ) );
#8354 = PCURVE('',#44,#8355);
#8355 = DEFINITIONAL_REPRESENTATION('',(#8356),#8360);
#8356 = LINE('',#8357,#8358);
#8357 = CARTESIAN_POINT('',(0.,0.));
#8358 = VECTOR('',#8359,1.);
#8359 = DIRECTION('',(0.,-1.));
#8360 = ( GEOMETRIC_REPRESENTATION_CONTEXT(2) 
PARAMETRIC_REPRESENTATION_CONTEXT() REPRESENTATION_CONTEXT('2D SPACE',''
  ) );
#8361 = ORIENTED_EDGE('',*,*,#8362,.T.);
#8362 = EDGE_CURVE('',#8340,#8287,#8363,.T.);
#8363 = SURFACE_CURVE('',#8364,(#8369,#8376),.PCURVE_S1.);
#8364 = CIRCLE('',#8365,2.);
#8365 = AXIS2_PLACEMENT_3D('',#8366,#8367,#8368);
#8366 = CARTESIAN_POINT('',(7.198981345114,25.148975875729,
    -1.734723475977E-15));
#8367 = DIRECTION('',(0.,0.,1.));
#8368 = DIRECTION('',(1.,0.,-0.));
#8369 = PCURVE('',#128,#8370);
#8370 = DEFINITIONAL_REPRESENTATION('',(#8371),#8375);
#8371 = CIRCLE('',#8372,2.);
#8372 = AXIS2_PLACEMENT_2D('',#8373,#8374);
#8373 = CARTESIAN_POINT('',(7.198981345114,25.148975875729));
#8374 = DIRECTION('',(1.,0.));
#8375 = ( GEOMETRIC_REPRESENTATION_CONTEXT(2) 
PARAMETRIC_REPRESENTATION_CONTEXT() REPRESENTATION_CONTEXT('2D SPACE',''
  ) );
#8376 = PCURVE('',#7245,#8377);
#8377 = DEFINITIONAL_REPRESENTATION('',(#8378),#8382);
#8378 = LINE('',#8379,#8380);
#8379 = CARTESIAN_POINT('',(0.,0.));
#8380 = VECTOR('',#8381,1.);
#8381 = DIRECTION('',(1.,0.));
#8382 = ( GEOMETRIC_REPRESENTATION_CONTEXT(2) 
PARAMETRIC_REPRESENTATION_CONTEXT() REPRESENTATION_CONTEXT('2D SPACE',''
  ) );
#8383 = FACE_BOUND('',#8384,.T.);
#8384 = EDGE_LOOP('',(#8385,#8408,#8432,#8455,#8477));
#8385 = ORIENTED_EDGE('',*,*,#8386,.T.);
#8386 = EDGE_CURVE('',#144,#8387,#8389,.T.);
#8387 = VERTEX_POINT('',#8388);
#8388 = CARTESIAN_POINT('',(-13.20556345137,27.148975875729,
    -1.734723475977E-15));
#8389 = SURFACE_CURVE('',#8390,(#8394,#8401),.PCURVE_S1.);
#8390 = LINE('',#8391,#8392);
#8391 = CARTESIAN_POINT('',(-13.20556345137,27.148975875729,
    -1.734723475977E-15));
#8392 = VECTOR('',#8393,1.);
#8393 = DIRECTION('',(-1.,-5.782411586589E-16,-0.));
#8394 = PCURVE('',#128,#8395);
#8395 = DEFINITIONAL_REPRESENTATION('',(#8396),#8400);
#8396 = LINE('',#8397,#8398);
#8397 = CARTESIAN_POINT('',(-13.20556345137,27.148975875729));
#8398 = VECTOR('',#8399,1.);
#8399 = DIRECTION('',(-1.,-5.782411586589E-16));
#8400 = ( GEOMETRIC_REPRESENTATION_CONTEXT(2) 
PARAMETRIC_REPRESENTATION_CONTEXT() REPRESENTATION_CONTEXT('2D SPACE',''
  ) );
#8401 = PCURVE('',#166,#8402);
#8402 = DEFINITIONAL_REPRESENTATION('',(#8403),#8407);
#8403 = LINE('',#8404,#8405);
#8404 = CARTESIAN_POINT('',(0.,0.));
#8405 = VECTOR('',#8406,1.);
#8406 = DIRECTION('',(1.,-0.));
#8407 = ( GEOMETRIC_REPRESENTATION_CONTEXT(2) 
PARAMETRIC_REPRESENTATION_CONTEXT() REPRESENTATION_CONTEXT('2D SPACE',''
  ) );
#8408 = ORIENTED_EDGE('',*,*,#8409,.T.);
#8409 = EDGE_CURVE('',#8387,#8410,#8412,.T.);
#8410 = VERTEX_POINT('',#8411);
#8411 = CARTESIAN_POINT('',(-13.20556345137,23.148975875729,
    -1.734723475977E-15));
#8412 = SURFACE_CURVE('',#8413,(#8418,#8425),.PCURVE_S1.);
#8413 = CIRCLE('',#8414,2.);
#8414 = AXIS2_PLACEMENT_3D('',#8415,#8416,#8417);
#8415 = CARTESIAN_POINT('',(-13.20556345137,25.148975875729,
    -1.734723475977E-15));
#8416 = DIRECTION('',(0.,0.,1.));
#8417 = DIRECTION('',(1.,0.,-0.));
#8418 = PCURVE('',#128,#8419);
#8419 = DEFINITIONAL_REPRESENTATION('',(#8420),#8424);
#8420 = CIRCLE('',#8421,2.);
#8421 = AXIS2_PLACEMENT_2D('',#8422,#8423);
#8422 = CARTESIAN_POINT('',(-13.20556345137,25.148975875729));
#8423 = DIRECTION('',(1.,0.));
#8424 = ( GEOMETRIC_REPRESENTATION_CONTEXT(2) 
PARAMETRIC_REPRESENTATION_CONTEXT() REPRESENTATION_CONTEXT('2D SPACE',''
  ) );
#8425 = PCURVE('',#7183,#8426);
#8426 = DEFINITIONAL_REPRESENTATION('',(#8427),#8431);
#8427 = LINE('',#8428,#8429);
#8428 = CARTESIAN_POINT('',(0.,0.));
#8429 = VECTOR('',#8430,1.);
#8430 = DIRECTION('',(1.,0.));
#8431 = ( GEOMETRIC_REPRESENTATION_CONTEXT(2) 
PARAMETRIC_REPRESENTATION_CONTEXT() REPRESENTATION_CONTEXT('2D SPACE',''
  ) );
#8432 = ORIENTED_EDGE('',*,*,#8433,.T.);
#8433 = EDGE_CURVE('',#8410,#8434,#8436,.T.);
#8434 = VERTEX_POINT('',#8435);
#8435 = CARTESIAN_POINT('',(-7.205563451371,23.148975875729,0.));
#8436 = SURFACE_CURVE('',#8437,(#8441,#8448),.PCURVE_S1.);
#8437 = LINE('',#8438,#8439);
#8438 = CARTESIAN_POINT('',(-13.20556345137,23.148975875729,
    -1.734723475977E-15));
#8439 = VECTOR('',#8440,1.);
#8440 = DIRECTION('',(1.,-5.782411586589E-16,0.));
#8441 = PCURVE('',#128,#8442);
#8442 = DEFINITIONAL_REPRESENTATION('',(#8443),#8447);
#8443 = LINE('',#8444,#8445);
#8444 = CARTESIAN_POINT('',(-13.20556345137,23.148975875729));
#8445 = VECTOR('',#8446,1.);
#8446 = DIRECTION('',(1.,-5.782411586589E-16));
#8447 = ( GEOMETRIC_REPRESENTATION_CONTEXT(2) 
PARAMETRIC_REPRESENTATION_CONTEXT() REPRESENTATION_CONTEXT('2D SPACE',''
  ) );
#8448 = PCURVE('',#7154,#8449);
#8449 = DEFINITIONAL_REPRESENTATION('',(#8450),#8454);
#8450 = LINE('',#8451,#8452);
#8451 = CARTESIAN_POINT('',(0.,0.));
#8452 = VECTOR('',#8453,1.);
#8453 = DIRECTION('',(1.,0.));
#8454 = ( GEOMETRIC_REPRESENTATION_CONTEXT(2) 
PARAMETRIC_REPRESENTATION_CONTEXT() REPRESENTATION_CONTEXT('2D SPACE',''
  ) );
#8455 = ORIENTED_EDGE('',*,*,#8456,.T.);
#8456 = EDGE_CURVE('',#8434,#203,#8457,.T.);
#8457 = SURFACE_CURVE('',#8458,(#8463,#8470),.PCURVE_S1.);
#8458 = CIRCLE('',#8459,2.);
#8459 = AXIS2_PLACEMENT_3D('',#8460,#8461,#8462);
#8460 = CARTESIAN_POINT('',(-7.205563451371,25.148975875729,
    -1.734723475977E-15));
#8461 = DIRECTION('',(0.,0.,1.));
#8462 = DIRECTION('',(1.,0.,-0.));
#8463 = PCURVE('',#128,#8464);
#8464 = DEFINITIONAL_REPRESENTATION('',(#8465),#8469);
#8465 = CIRCLE('',#8466,2.);
#8466 = AXIS2_PLACEMENT_2D('',#8467,#8468);
#8467 = CARTESIAN_POINT('',(-7.205563451371,25.148975875729));
#8468 = DIRECTION('',(1.,0.));
#8469 = ( GEOMETRIC_REPRESENTATION_CONTEXT(2) 
PARAMETRIC_REPRESENTATION_CONTEXT() REPRESENTATION_CONTEXT('2D SPACE',''
  ) );
#8470 = PCURVE('',#218,#8471);
#8471 = DEFINITIONAL_REPRESENTATION('',(#8472),#8476);
#8472 = LINE('',#8473,#8474);
#8473 = CARTESIAN_POINT('',(0.,0.));
#8474 = VECTOR('',#8475,1.);
#8475 = DIRECTION('',(1.,0.));
#8476 = ( GEOMETRIC_REPRESENTATION_CONTEXT(2) 
PARAMETRIC_REPRESENTATION_CONTEXT() REPRESENTATION_CONTEXT('2D SPACE',''
  ) );
#8477 = ORIENTED_EDGE('',*,*,#230,.T.);
#8478 = FACE_BOUND('',#8479,.T.);
#8479 = EDGE_LOOP('',(#8480,#8506));
#8480 = ORIENTED_EDGE('',*,*,#8481,.F.);
#8481 = EDGE_CURVE('',#258,#291,#8482,.T.);
#8482 = SURFACE_CURVE('',#8483,(#8488,#8499),.PCURVE_S1.);
#8483 = CIRCLE('',#8484,0.75);
#8484 = AXIS2_PLACEMENT_3D('',#8485,#8486,#8487);
#8485 = CARTESIAN_POINT('',(4.091726957256E-13,13.,0.));
#8486 = DIRECTION('',(0.,0.,-1.));
#8487 = DIRECTION('',(-1.,0.,0.));
#8488 = PCURVE('',#128,#8489);
#8489 = DEFINITIONAL_REPRESENTATION('',(#8490),#8498);
#8490 = ( BOUNDED_CURVE() B_SPLINE_CURVE(2,(#8491,#8492,#8493,#8494,
#8495,#8496,#8497),.UNSPECIFIED.,.T.,.F.) B_SPLINE_CURVE_WITH_KNOTS((1,2
    ,2,2,2,1),(-2.094395102393,0.,2.094395102393,4.188790204786,
6.28318530718,8.377580409573),.UNSPECIFIED.) CURVE() 
GEOMETRIC_REPRESENTATION_ITEM() RATIONAL_B_SPLINE_CURVE((1.,0.5,1.,0.5,
1.,0.5,1.)) REPRESENTATION_ITEM('') );
#8491 = CARTESIAN_POINT('',(-0.75,13.));
#8492 = CARTESIAN_POINT('',(-0.75,14.299038105677));
#8493 = CARTESIAN_POINT('',(0.375,13.649519052838));
#8494 = CARTESIAN_POINT('',(1.5,13.));
#8495 = CARTESIAN_POINT('',(0.375,12.350480947162));
#8496 = CARTESIAN_POINT('',(-0.75,11.700961894323));
#8497 = CARTESIAN_POINT('',(-0.75,13.));
#8498 = ( GEOMETRIC_REPRESENTATION_CONTEXT(2) 
PARAMETRIC_REPRESENTATION_CONTEXT() REPRESENTATION_CONTEXT('2D SPACE',''
  ) );
#8499 = PCURVE('',#278,#8500);
#8500 = DEFINITIONAL_REPRESENTATION('',(#8501),#8505);
#8501 = LINE('',#8502,#8503);
#8502 = CARTESIAN_POINT('',(0.,20.5));
#8503 = VECTOR('',#8504,1.);
#8504 = DIRECTION('',(1.,0.));
#8505 = ( GEOMETRIC_REPRESENTATION_CONTEXT(2) 
PARAMETRIC_REPRESENTATION_CONTEXT() REPRESENTATION_CONTEXT('2D SPACE',''
  ) );
#8506 = ORIENTED_EDGE('',*,*,#290,.F.);
#8507 = FACE_BOUND('',#8508,.T.);
#8508 = EDGE_LOOP('',(#8509,#8532,#8533,#8561,#8589));
#8509 = ORIENTED_EDGE('',*,*,#8510,.F.);
#8510 = EDGE_CURVE('',#743,#8511,#8513,.T.);
#8511 = VERTEX_POINT('',#8512);
#8512 = CARTESIAN_POINT('',(8.5,55.5,0.));
#8513 = SURFACE_CURVE('',#8514,(#8518,#8525),.PCURVE_S1.);
#8514 = LINE('',#8515,#8516);
#8515 = CARTESIAN_POINT('',(-6.5,55.5,0.));
#8516 = VECTOR('',#8517,1.);
#8517 = DIRECTION('',(1.,4.625929269271E-16,0.));
#8518 = PCURVE('',#128,#8519);
#8519 = DEFINITIONAL_REPRESENTATION('',(#8520),#8524);
#8520 = LINE('',#8521,#8522);
#8521 = CARTESIAN_POINT('',(-6.5,55.5));
#8522 = VECTOR('',#8523,1.);
#8523 = DIRECTION('',(1.,4.625929269271E-16));
#8524 = ( GEOMETRIC_REPRESENTATION_CONTEXT(2) 
PARAMETRIC_REPRESENTATION_CONTEXT() REPRESENTATION_CONTEXT('2D SPACE',''
  ) );
#8525 = PCURVE('',#763,#8526);
#8526 = DEFINITIONAL_REPRESENTATION('',(#8527),#8531);
#8527 = LINE('',#8528,#8529);
#8528 = CARTESIAN_POINT('',(-0.,-20.5));
#8529 = VECTOR('',#8530,1.);
#8530 = DIRECTION('',(-1.,0.));
#8531 = ( GEOMETRIC_REPRESENTATION_CONTEXT(2) 
PARAMETRIC_REPRESENTATION_CONTEXT() REPRESENTATION_CONTEXT('2D SPACE',''
  ) );
#8532 = ORIENTED_EDGE('',*,*,#775,.F.);
#8533 = ORIENTED_EDGE('',*,*,#8534,.F.);
#8534 = EDGE_CURVE('',#8535,#776,#8537,.T.);
#8535 = VERTEX_POINT('',#8536);
#8536 = CARTESIAN_POINT('',(-6.5,40.5,0.));
#8537 = SURFACE_CURVE('',#8538,(#8543,#8554),.PCURVE_S1.);
#8538 = CIRCLE('',#8539,7.5);
#8539 = AXIS2_PLACEMENT_3D('',#8540,#8541,#8542);
#8540 = CARTESIAN_POINT('',(-6.5,48.,0.));
#8541 = DIRECTION('',(0.,0.,-1.));
#8542 = DIRECTION('',(-1.,0.,0.));
#8543 = PCURVE('',#128,#8544);
#8544 = DEFINITIONAL_REPRESENTATION('',(#8545),#8553);
#8545 = ( BOUNDED_CURVE() B_SPLINE_CURVE(2,(#8546,#8547,#8548,#8549,
#8550,#8551,#8552),.UNSPECIFIED.,.T.,.F.) B_SPLINE_CURVE_WITH_KNOTS((1,2
    ,2,2,2,1),(-2.094395102393,0.,2.094395102393,4.188790204786,
6.28318530718,8.377580409573),.UNSPECIFIED.) CURVE() 
GEOMETRIC_REPRESENTATION_ITEM() RATIONAL_B_SPLINE_CURVE((1.,0.5,1.,0.5,
1.,0.5,1.)) REPRESENTATION_ITEM('') );
#8546 = CARTESIAN_POINT('',(-14.,48.));
#8547 = CARTESIAN_POINT('',(-14.,60.990381056767));
#8548 = CARTESIAN_POINT('',(-2.75,54.495190528383));
#8549 = CARTESIAN_POINT('',(8.5,48.));
#8550 = CARTESIAN_POINT('',(-2.75,41.504809471617));
#8551 = CARTESIAN_POINT('',(-14.,35.009618943233));
#8552 = CARTESIAN_POINT('',(-14.,48.));
#8553 = ( GEOMETRIC_REPRESENTATION_CONTEXT(2) 
PARAMETRIC_REPRESENTATION_CONTEXT() REPRESENTATION_CONTEXT('2D SPACE',''
  ) );
#8554 = PCURVE('',#819,#8555);
#8555 = DEFINITIONAL_REPRESENTATION('',(#8556),#8560);
#8556 = LINE('',#8557,#8558);
#8557 = CARTESIAN_POINT('',(0.,20.5));
#8558 = VECTOR('',#8559,1.);
#8559 = DIRECTION('',(1.,0.));
#8560 = ( GEOMETRIC_REPRESENTATION_CONTEXT(2) 
PARAMETRIC_REPRESENTATION_CONTEXT() REPRESENTATION_CONTEXT('2D SPACE',''
  ) );
#8561 = ORIENTED_EDGE('',*,*,#8562,.F.);
#8562 = EDGE_CURVE('',#8563,#8535,#8565,.T.);
#8563 = VERTEX_POINT('',#8564);
#8564 = CARTESIAN_POINT('',(8.5,40.5,0.));
#8565 = SURFACE_CURVE('',#8566,(#8570,#8577),.PCURVE_S1.);
#8566 = LINE('',#8567,#8568);
#8567 = CARTESIAN_POINT('',(8.5,40.5,0.));
#8568 = VECTOR('',#8569,1.);
#8569 = DIRECTION('',(-1.,-4.625929269271E-16,0.));
#8570 = PCURVE('',#128,#8571);
#8571 = DEFINITIONAL_REPRESENTATION('',(#8572),#8576);
#8572 = LINE('',#8573,#8574);
#8573 = CARTESIAN_POINT('',(8.5,40.5));
#8574 = VECTOR('',#8575,1.);
#8575 = DIRECTION('',(-1.,-4.625929269271E-16));
#8576 = ( GEOMETRIC_REPRESENTATION_CONTEXT(2) 
PARAMETRIC_REPRESENTATION_CONTEXT() REPRESENTATION_CONTEXT('2D SPACE',''
  ) );
#8577 = PCURVE('',#8578,#8583);
#8578 = PLANE('',#8579);
#8579 = AXIS2_PLACEMENT_3D('',#8580,#8581,#8582);
#8580 = CARTESIAN_POINT('',(8.5,40.5,20.5));
#8581 = DIRECTION('',(4.625929269271E-16,-1.,0.));
#8582 = DIRECTION('',(1.,4.625929269271E-16,0.));
#8583 = DEFINITIONAL_REPRESENTATION('',(#8584),#8588);
#8584 = LINE('',#8585,#8586);
#8585 = CARTESIAN_POINT('',(0.,-20.5));
#8586 = VECTOR('',#8587,1.);
#8587 = DIRECTION('',(-1.,0.));
#8588 = ( GEOMETRIC_REPRESENTATION_CONTEXT(2) 
PARAMETRIC_REPRESENTATION_CONTEXT() REPRESENTATION_CONTEXT('2D SPACE',''
  ) );
#8589 = ORIENTED_EDGE('',*,*,#8590,.F.);
#8590 = EDGE_CURVE('',#8511,#8563,#8591,.T.);
#8591 = SURFACE_CURVE('',#8592,(#8597,#8608),.PCURVE_S1.);
#8592 = CIRCLE('',#8593,7.5);
#8593 = AXIS2_PLACEMENT_3D('',#8594,#8595,#8596);
#8594 = CARTESIAN_POINT('',(8.5,48.,0.));
#8595 = DIRECTION('',(0.,0.,-1.));
#8596 = DIRECTION('',(-1.,0.,0.));
#8597 = PCURVE('',#128,#8598);
#8598 = DEFINITIONAL_REPRESENTATION('',(#8599),#8607);
#8599 = ( BOUNDED_CURVE() B_SPLINE_CURVE(2,(#8600,#8601,#8602,#8603,
#8604,#8605,#8606),.UNSPECIFIED.,.T.,.F.) B_SPLINE_CURVE_WITH_KNOTS((1,2
    ,2,2,2,1),(-2.094395102393,0.,2.094395102393,4.188790204786,
6.28318530718,8.377580409573),.UNSPECIFIED.) CURVE() 
GEOMETRIC_REPRESENTATION_ITEM() RATIONAL_B_SPLINE_CURVE((1.,0.5,1.,0.5,
1.,0.5,1.)) REPRESENTATION_ITEM('') );
#8600 = CARTESIAN_POINT('',(1.,48.));
#8601 = CARTESIAN_POINT('',(1.,60.990381056767));
#8602 = CARTESIAN_POINT('',(12.25,54.495190528383));
#8603 = CARTESIAN_POINT('',(23.5,48.));
#8604 = CARTESIAN_POINT('',(12.25,41.504809471617));
#8605 = CARTESIAN_POINT('',(1.,35.009618943233));
#8606 = CARTESIAN_POINT('',(1.,48.));
#8607 = ( GEOMETRIC_REPRESENTATION_CONTEXT(2) 
PARAMETRIC_REPRESENTATION_CONTEXT() REPRESENTATION_CONTEXT('2D SPACE',''
  ) );
#8608 = PCURVE('',#698,#8609);
#8609 = DEFINITIONAL_REPRESENTATION('',(#8610),#8614);
#8610 = LINE('',#8611,#8612);
#8611 = CARTESIAN_POINT('',(0.,20.5));
#8612 = VECTOR('',#8613,1.);
#8613 = DIRECTION('',(1.,0.));
#8614 = ( GEOMETRIC_REPRESENTATION_CONTEXT(2) 
PARAMETRIC_REPRESENTATION_CONTEXT() REPRESENTATION_CONTEXT('2D SPACE',''
  ) );
#8615 = FACE_BOUND('',#8616,.T.);
#8616 = EDGE_LOOP('',(#8617,#8640,#8641,#8669,#8697));
#8617 = ORIENTED_EDGE('',*,*,#8618,.F.);
#8618 = EDGE_CURVE('',#864,#8619,#8621,.T.);
#8619 = VERTEX_POINT('',#8620);
#8620 = CARTESIAN_POINT('',(27.5,41.5,0.));
#8621 = SURFACE_CURVE('',#8622,(#8626,#8633),.PCURVE_S1.);
#8622 = LINE('',#8623,#8624);
#8623 = CARTESIAN_POINT('',(27.5,41.5,0.));
#8624 = VECTOR('',#8625,1.);
#8625 = DIRECTION('',(1.,-0.,-0.));
#8626 = PCURVE('',#128,#8627);
#8627 = DEFINITIONAL_REPRESENTATION('',(#8628),#8632);
#8628 = LINE('',#8629,#8630);
#8629 = CARTESIAN_POINT('',(27.5,41.5));
#8630 = VECTOR('',#8631,1.);
#8631 = DIRECTION('',(1.,0.));
#8632 = ( GEOMETRIC_REPRESENTATION_CONTEXT(2) 
PARAMETRIC_REPRESENTATION_CONTEXT() REPRESENTATION_CONTEXT('2D SPACE',''
  ) );
#8633 = PCURVE('',#884,#8634);
#8634 = DEFINITIONAL_REPRESENTATION('',(#8635),#8639);
#8635 = LINE('',#8636,#8637);
#8636 = CARTESIAN_POINT('',(-20.5,0.));
#8637 = VECTOR('',#8638,1.);
#8638 = DIRECTION('',(0.,1.));
#8639 = ( GEOMETRIC_REPRESENTATION_CONTEXT(2) 
PARAMETRIC_REPRESENTATION_CONTEXT() REPRESENTATION_CONTEXT('2D SPACE',''
  ) );
#8640 = ORIENTED_EDGE('',*,*,#896,.F.);
#8641 = ORIENTED_EDGE('',*,*,#8642,.F.);
#8642 = EDGE_CURVE('',#8643,#897,#8645,.T.);
#8643 = VERTEX_POINT('',#8644);
#8644 = CARTESIAN_POINT('',(22.5,39.5,0.));
#8645 = SURFACE_CURVE('',#8646,(#8651,#8662),.PCURVE_S1.);
#8646 = CIRCLE('',#8647,1.);
#8647 = AXIS2_PLACEMENT_3D('',#8648,#8649,#8650);
#8648 = CARTESIAN_POINT('',(22.5,40.5,0.));
#8649 = DIRECTION('',(0.,0.,-1.));
#8650 = DIRECTION('',(-1.,0.,0.));
#8651 = PCURVE('',#128,#8652);
#8652 = DEFINITIONAL_REPRESENTATION('',(#8653),#8661);
#8653 = ( BOUNDED_CURVE() B_SPLINE_CURVE(2,(#8654,#8655,#8656,#8657,
#8658,#8659,#8660),.UNSPECIFIED.,.T.,.F.) B_SPLINE_CURVE_WITH_KNOTS((1,2
    ,2,2,2,1),(-2.094395102393,0.,2.094395102393,4.188790204786,
6.28318530718,8.377580409573),.UNSPECIFIED.) CURVE() 
GEOMETRIC_REPRESENTATION_ITEM() RATIONAL_B_SPLINE_CURVE((1.,0.5,1.,0.5,
1.,0.5,1.)) REPRESENTATION_ITEM('') );
#8654 = CARTESIAN_POINT('',(21.5,40.5));
#8655 = CARTESIAN_POINT('',(21.5,42.232050807569));
#8656 = CARTESIAN_POINT('',(23.,41.366025403784));
#8657 = CARTESIAN_POINT('',(24.5,40.5));
#8658 = CARTESIAN_POINT('',(23.,39.633974596216));
#8659 = CARTESIAN_POINT('',(21.5,38.767949192431));
#8660 = CARTESIAN_POINT('',(21.5,40.5));
#8661 = ( GEOMETRIC_REPRESENTATION_CONTEXT(2) 
PARAMETRIC_REPRESENTATION_CONTEXT() REPRESENTATION_CONTEXT('2D SPACE',''
  ) );
#8662 = PCURVE('',#940,#8663);
#8663 = DEFINITIONAL_REPRESENTATION('',(#8664),#8668);
#8664 = LINE('',#8665,#8666);
#8665 = CARTESIAN_POINT('',(0.,20.5));
#8666 = VECTOR('',#8667,1.);
#8667 = DIRECTION('',(1.,0.));
#8668 = ( GEOMETRIC_REPRESENTATION_CONTEXT(2) 
PARAMETRIC_REPRESENTATION_CONTEXT() REPRESENTATION_CONTEXT('2D SPACE',''
  ) );
#8669 = ORIENTED_EDGE('',*,*,#8670,.F.);
#8670 = EDGE_CURVE('',#8671,#8643,#8673,.T.);
#8671 = VERTEX_POINT('',#8672);
#8672 = CARTESIAN_POINT('',(27.5,39.5,0.));
#8673 = SURFACE_CURVE('',#8674,(#8678,#8685),.PCURVE_S1.);
#8674 = LINE('',#8675,#8676);
#8675 = CARTESIAN_POINT('',(22.5,39.5,0.));
#8676 = VECTOR('',#8677,1.);
#8677 = DIRECTION('',(-1.,-0.,-0.));
#8678 = PCURVE('',#128,#8679);
#8679 = DEFINITIONAL_REPRESENTATION('',(#8680),#8684);
#8680 = LINE('',#8681,#8682);
#8681 = CARTESIAN_POINT('',(22.5,39.5));
#8682 = VECTOR('',#8683,1.);
#8683 = DIRECTION('',(-1.,0.));
#8684 = ( GEOMETRIC_REPRESENTATION_CONTEXT(2) 
PARAMETRIC_REPRESENTATION_CONTEXT() REPRESENTATION_CONTEXT('2D SPACE',''
  ) );
#8685 = PCURVE('',#8686,#8691);
#8686 = PLANE('',#8687);
#8687 = AXIS2_PLACEMENT_3D('',#8688,#8689,#8690);
#8688 = CARTESIAN_POINT('',(22.5,39.5,20.5));
#8689 = DIRECTION('',(0.,-1.,0.));
#8690 = DIRECTION('',(0.,-0.,-1.));
#8691 = DEFINITIONAL_REPRESENTATION('',(#8692),#8696);
#8692 = LINE('',#8693,#8694);
#8693 = CARTESIAN_POINT('',(20.5,0.));
#8694 = VECTOR('',#8695,1.);
#8695 = DIRECTION('',(0.,-1.));
#8696 = ( GEOMETRIC_REPRESENTATION_CONTEXT(2) 
PARAMETRIC_REPRESENTATION_CONTEXT() REPRESENTATION_CONTEXT('2D SPACE',''
  ) );
#8697 = ORIENTED_EDGE('',*,*,#8698,.F.);
#8698 = EDGE_CURVE('',#8619,#8671,#8699,.T.);
#8699 = SURFACE_CURVE('',#8700,(#8705,#8716),.PCURVE_S1.);
#8700 = CIRCLE('',#8701,1.);
#8701 = AXIS2_PLACEMENT_3D('',#8702,#8703,#8704);
#8702 = CARTESIAN_POINT('',(27.5,40.5,0.));
#8703 = DIRECTION('',(0.,0.,-1.));
#8704 = DIRECTION('',(-1.,0.,0.));
#8705 = PCURVE('',#128,#8706);
#8706 = DEFINITIONAL_REPRESENTATION('',(#8707),#8715);
#8707 = ( BOUNDED_CURVE() B_SPLINE_CURVE(2,(#8708,#8709,#8710,#8711,
#8712,#8713,#8714),.UNSPECIFIED.,.T.,.F.) B_SPLINE_CURVE_WITH_KNOTS((1,2
    ,2,2,2,1),(-2.094395102393,0.,2.094395102393,4.188790204786,
6.28318530718,8.377580409573),.UNSPECIFIED.) CURVE() 
GEOMETRIC_REPRESENTATION_ITEM() RATIONAL_B_SPLINE_CURVE((1.,0.5,1.,0.5,
1.,0.5,1.)) REPRESENTATION_ITEM('') );
#8708 = CARTESIAN_POINT('',(26.5,40.5));
#8709 = CARTESIAN_POINT('',(26.5,42.232050807569));
#8710 = CARTESIAN_POINT('',(28.,41.366025403784));
#8711 = CARTESIAN_POINT('',(29.5,40.5));
#8712 = CARTESIAN_POINT('',(28.,39.633974596216));
#8713 = CARTESIAN_POINT('',(26.5,38.767949192431));
#8714 = CARTESIAN_POINT('',(26.5,40.5));
#8715 = ( GEOMETRIC_REPRESENTATION_CONTEXT(2) 
PARAMETRIC_REPRESENTATION_CONTEXT() REPRESENTATION_CONTEXT('2D SPACE',''
  ) );
#8716 = PCURVE('',#452,#8717);
#8717 = DEFINITIONAL_REPRESENTATION('',(#8718),#8722);
#8718 = LINE('',#8719,#8720);
#8719 = CARTESIAN_POINT('',(0.,20.5));
#8720 = VECTOR('',#8721,1.);
#8721 = DIRECTION('',(1.,0.));
#8722 = ( GEOMETRIC_REPRESENTATION_CONTEXT(2) 
PARAMETRIC_REPRESENTATION_CONTEXT() REPRESENTATION_CONTEXT('2D SPACE',''
  ) );
#8723 = FACE_BOUND('',#8724,.T.);
#8724 = EDGE_LOOP('',(#8725,#8748,#8749,#8777,#8805));
#8725 = ORIENTED_EDGE('',*,*,#8726,.F.);
#8726 = EDGE_CURVE('',#985,#8727,#8729,.T.);
#8727 = VERTEX_POINT('',#8728);
#8728 = CARTESIAN_POINT('',(27.5,56.5,0.));
#8729 = SURFACE_CURVE('',#8730,(#8734,#8741),.PCURVE_S1.);
#8730 = LINE('',#8731,#8732);
#8731 = CARTESIAN_POINT('',(27.5,56.5,0.));
#8732 = VECTOR('',#8733,1.);
#8733 = DIRECTION('',(1.,-0.,-0.));
#8734 = PCURVE('',#128,#8735);
#8735 = DEFINITIONAL_REPRESENTATION('',(#8736),#8740);
#8736 = LINE('',#8737,#8738);
#8737 = CARTESIAN_POINT('',(27.5,56.5));
#8738 = VECTOR('',#8739,1.);
#8739 = DIRECTION('',(1.,0.));
#8740 = ( GEOMETRIC_REPRESENTATION_CONTEXT(2) 
PARAMETRIC_REPRESENTATION_CONTEXT() REPRESENTATION_CONTEXT('2D SPACE',''
  ) );
#8741 = PCURVE('',#1005,#8742);
#8742 = DEFINITIONAL_REPRESENTATION('',(#8743),#8747);
#8743 = LINE('',#8744,#8745);
#8744 = CARTESIAN_POINT('',(-20.5,0.));
#8745 = VECTOR('',#8746,1.);
#8746 = DIRECTION('',(0.,1.));
#8747 = ( GEOMETRIC_REPRESENTATION_CONTEXT(2) 
PARAMETRIC_REPRESENTATION_CONTEXT() REPRESENTATION_CONTEXT('2D SPACE',''
  ) );
#8748 = ORIENTED_EDGE('',*,*,#1017,.F.);
#8749 = ORIENTED_EDGE('',*,*,#8750,.F.);
#8750 = EDGE_CURVE('',#8751,#1018,#8753,.T.);
#8751 = VERTEX_POINT('',#8752);
#8752 = CARTESIAN_POINT('',(22.5,54.5,0.));
#8753 = SURFACE_CURVE('',#8754,(#8759,#8770),.PCURVE_S1.);
#8754 = CIRCLE('',#8755,1.);
#8755 = AXIS2_PLACEMENT_3D('',#8756,#8757,#8758);
#8756 = CARTESIAN_POINT('',(22.5,55.5,0.));
#8757 = DIRECTION('',(0.,0.,-1.));
#8758 = DIRECTION('',(-1.,0.,0.));
#8759 = PCURVE('',#128,#8760);
#8760 = DEFINITIONAL_REPRESENTATION('',(#8761),#8769);
#8761 = ( BOUNDED_CURVE() B_SPLINE_CURVE(2,(#8762,#8763,#8764,#8765,
#8766,#8767,#8768),.UNSPECIFIED.,.T.,.F.) B_SPLINE_CURVE_WITH_KNOTS((1,2
    ,2,2,2,1),(-2.094395102393,0.,2.094395102393,4.188790204786,
6.28318530718,8.377580409573),.UNSPECIFIED.) CURVE() 
GEOMETRIC_REPRESENTATION_ITEM() RATIONAL_B_SPLINE_CURVE((1.,0.5,1.,0.5,
1.,0.5,1.)) REPRESENTATION_ITEM('') );
#8762 = CARTESIAN_POINT('',(21.5,55.5));
#8763 = CARTESIAN_POINT('',(21.5,57.232050807569));
#8764 = CARTESIAN_POINT('',(23.,56.366025403784));
#8765 = CARTESIAN_POINT('',(24.5,55.5));
#8766 = CARTESIAN_POINT('',(23.,54.633974596216));
#8767 = CARTESIAN_POINT('',(21.5,53.767949192431));
#8768 = CARTESIAN_POINT('',(21.5,55.5));
#8769 = ( GEOMETRIC_REPRESENTATION_CONTEXT(2) 
PARAMETRIC_REPRESENTATION_CONTEXT() REPRESENTATION_CONTEXT('2D SPACE',''
  ) );
#8770 = PCURVE('',#1061,#8771);
#8771 = DEFINITIONAL_REPRESENTATION('',(#8772),#8776);
#8772 = LINE('',#8773,#8774);
#8773 = CARTESIAN_POINT('',(0.,20.5));
#8774 = VECTOR('',#8775,1.);
#8775 = DIRECTION('',(1.,0.));
#8776 = ( GEOMETRIC_REPRESENTATION_CONTEXT(2) 
PARAMETRIC_REPRESENTATION_CONTEXT() REPRESENTATION_CONTEXT('2D SPACE',''
  ) );
#8777 = ORIENTED_EDGE('',*,*,#8778,.F.);
#8778 = EDGE_CURVE('',#8779,#8751,#8781,.T.);
#8779 = VERTEX_POINT('',#8780);
#8780 = CARTESIAN_POINT('',(27.5,54.5,0.));
#8781 = SURFACE_CURVE('',#8782,(#8786,#8793),.PCURVE_S1.);
#8782 = LINE('',#8783,#8784);
#8783 = CARTESIAN_POINT('',(22.5,54.5,0.));
#8784 = VECTOR('',#8785,1.);
#8785 = DIRECTION('',(-1.,-0.,-0.));
#8786 = PCURVE('',#128,#8787);
#8787 = DEFINITIONAL_REPRESENTATION('',(#8788),#8792);
#8788 = LINE('',#8789,#8790);
#8789 = CARTESIAN_POINT('',(22.5,54.5));
#8790 = VECTOR('',#8791,1.);
#8791 = DIRECTION('',(-1.,0.));
#8792 = ( GEOMETRIC_REPRESENTATION_CONTEXT(2) 
PARAMETRIC_REPRESENTATION_CONTEXT() REPRESENTATION_CONTEXT('2D SPACE',''
  ) );
#8793 = PCURVE('',#8794,#8799);
#8794 = PLANE('',#8795);
#8795 = AXIS2_PLACEMENT_3D('',#8796,#8797,#8798);
#8796 = CARTESIAN_POINT('',(22.5,54.5,20.5));
#8797 = DIRECTION('',(0.,-1.,0.));
#8798 = DIRECTION('',(0.,-0.,-1.));
#8799 = DEFINITIONAL_REPRESENTATION('',(#8800),#8804);
#8800 = LINE('',#8801,#8802);
#8801 = CARTESIAN_POINT('',(20.5,0.));
#8802 = VECTOR('',#8803,1.);
#8803 = DIRECTION('',(0.,-1.));
#8804 = ( GEOMETRIC_REPRESENTATION_CONTEXT(2) 
PARAMETRIC_REPRESENTATION_CONTEXT() REPRESENTATION_CONTEXT('2D SPACE',''
  ) );
#8805 = ORIENTED_EDGE('',*,*,#8806,.F.);
#8806 = EDGE_CURVE('',#8727,#8779,#8807,.T.);
#8807 = SURFACE_CURVE('',#8808,(#8813,#8824),.PCURVE_S1.);
#8808 = CIRCLE('',#8809,1.);
#8809 = AXIS2_PLACEMENT_3D('',#8810,#8811,#8812);
#8810 = CARTESIAN_POINT('',(27.5,55.5,0.));
#8811 = DIRECTION('',(0.,0.,-1.));
#8812 = DIRECTION('',(-1.,0.,0.));
#8813 = PCURVE('',#128,#8814);
#8814 = DEFINITIONAL_REPRESENTATION('',(#8815),#8823);
#8815 = ( BOUNDED_CURVE() B_SPLINE_CURVE(2,(#8816,#8817,#8818,#8819,
#8820,#8821,#8822),.UNSPECIFIED.,.T.,.F.) B_SPLINE_CURVE_WITH_KNOTS((1,2
    ,2,2,2,1),(-2.094395102393,0.,2.094395102393,4.188790204786,
6.28318530718,8.377580409573),.UNSPECIFIED.) CURVE() 
GEOMETRIC_REPRESENTATION_ITEM() RATIONAL_B_SPLINE_CURVE((1.,0.5,1.,0.5,
1.,0.5,1.)) REPRESENTATION_ITEM('') );
#8816 = CARTESIAN_POINT('',(26.5,55.5));
#8817 = CARTESIAN_POINT('',(26.5,57.232050807569));
#8818 = CARTESIAN_POINT('',(28.,56.366025403784));
#8819 = CARTESIAN_POINT('',(29.5,55.5));
#8820 = CARTESIAN_POINT('',(28.,54.633974596216));
#8821 = CARTESIAN_POINT('',(26.5,53.767949192431));
#8822 = CARTESIAN_POINT('',(26.5,55.5));
#8823 = ( GEOMETRIC_REPRESENTATION_CONTEXT(2) 
PARAMETRIC_REPRESENTATION_CONTEXT() REPRESENTATION_CONTEXT('2D SPACE',''
  ) );
#8824 = PCURVE('',#575,#8825);
#8825 = DEFINITIONAL_REPRESENTATION('',(#8826),#8830);
#8826 = LINE('',#8827,#8828);
#8827 = CARTESIAN_POINT('',(0.,20.5));
#8828 = VECTOR('',#8829,1.);
#8829 = DIRECTION('',(1.,0.));
#8830 = ( GEOMETRIC_REPRESENTATION_CONTEXT(2) 
PARAMETRIC_REPRESENTATION_CONTEXT() REPRESENTATION_CONTEXT('2D SPACE',''
  ) );
#8831 = FACE_BOUND('',#8832,.T.);
#8832 = EDGE_LOOP('',(#8833,#8855));
#8833 = ORIENTED_EDGE('',*,*,#8834,.T.);
#8834 = EDGE_CURVE('',#1220,#1283,#8835,.T.);
#8835 = SURFACE_CURVE('',#8836,(#8841,#8848),.PCURVE_S1.);
#8836 = CIRCLE('',#8837,1.65);
#8837 = AXIS2_PLACEMENT_3D('',#8838,#8839,#8840);
#8838 = CARTESIAN_POINT('',(-57.45134108215,68.501144082732,
    -1.734723475977E-15));
#8839 = DIRECTION('',(0.,-0.,1.));
#8840 = DIRECTION('',(1.,0.,0.));
#8841 = PCURVE('',#128,#8842);
#8842 = DEFINITIONAL_REPRESENTATION('',(#8843),#8847);
#8843 = CIRCLE('',#8844,1.65);
#8844 = AXIS2_PLACEMENT_2D('',#8845,#8846);
#8845 = CARTESIAN_POINT('',(-57.45134108215,68.501144082732));
#8846 = DIRECTION('',(1.,0.));
#8847 = ( GEOMETRIC_REPRESENTATION_CONTEXT(2) 
PARAMETRIC_REPRESENTATION_CONTEXT() REPRESENTATION_CONTEXT('2D SPACE',''
  ) );
#8848 = PCURVE('',#1242,#8849);
#8849 = DEFINITIONAL_REPRESENTATION('',(#8850),#8854);
#8850 = LINE('',#8851,#8852);
#8851 = CARTESIAN_POINT('',(0.,-10.));
#8852 = VECTOR('',#8853,1.);
#8853 = DIRECTION('',(1.,0.));
#8854 = ( GEOMETRIC_REPRESENTATION_CONTEXT(2) 
PARAMETRIC_REPRESENTATION_CONTEXT() REPRESENTATION_CONTEXT('2D SPACE',''
  ) );
#8855 = ORIENTED_EDGE('',*,*,#1305,.T.);
#8856 = FACE_BOUND('',#8857,.T.);
#8857 = EDGE_LOOP('',(#8858,#8880));
#8858 = ORIENTED_EDGE('',*,*,#8859,.T.);
#8859 = EDGE_CURVE('',#1447,#1510,#8860,.T.);
#8860 = SURFACE_CURVE('',#8861,(#8866,#8873),.PCURVE_S1.);
#8861 = CIRCLE('',#8862,1.65);
#8862 = AXIS2_PLACEMENT_3D('',#8863,#8864,#8865);
#8863 = CARTESIAN_POINT('',(-34.41884026396,67.632866442645,
    -1.734723475977E-15));
#8864 = DIRECTION('',(0.,-0.,1.));
#8865 = DIRECTION('',(1.,0.,0.));
#8866 = PCURVE('',#128,#8867);
#8867 = DEFINITIONAL_REPRESENTATION('',(#8868),#8872);
#8868 = CIRCLE('',#8869,1.65);
#8869 = AXIS2_PLACEMENT_2D('',#8870,#8871);
#8870 = CARTESIAN_POINT('',(-34.41884026396,67.632866442645));
#8871 = DIRECTION('',(1.,0.));
#8872 = ( GEOMETRIC_REPRESENTATION_CONTEXT(2) 
PARAMETRIC_REPRESENTATION_CONTEXT() REPRESENTATION_CONTEXT('2D SPACE',''
  ) );
#8873 = PCURVE('',#1469,#8874);
#8874 = DEFINITIONAL_REPRESENTATION('',(#8875),#8879);
#8875 = LINE('',#8876,#8877);
#8876 = CARTESIAN_POINT('',(0.,-10.));
#8877 = VECTOR('',#8878,1.);
#8878 = DIRECTION('',(1.,0.));
#8879 = ( GEOMETRIC_REPRESENTATION_CONTEXT(2) 
PARAMETRIC_REPRESENTATION_CONTEXT() REPRESENTATION_CONTEXT('2D SPACE',''
  ) );
#8880 = ORIENTED_EDGE('',*,*,#1532,.T.);
#8881 = FACE_BOUND('',#8882,.T.);
#8882 = EDGE_LOOP('',(#8883,#8905));
#8883 = ORIENTED_EDGE('',*,*,#8884,.T.);
#8884 = EDGE_CURVE('',#2336,#2399,#8885,.T.);
#8885 = SURFACE_CURVE('',#8886,(#8891,#8898),.PCURVE_S1.);
#8886 = CIRCLE('',#8887,1.65);
#8887 = AXIS2_PLACEMENT_3D('',#8888,#8889,#8890);
#8888 = CARTESIAN_POINT('',(-61.46712140014,60.446734828313,
    -1.734723475977E-15));
#8889 = DIRECTION('',(0.,-0.,1.));
#8890 = DIRECTION('',(1.,0.,0.));
#8891 = PCURVE('',#128,#8892);
#8892 = DEFINITIONAL_REPRESENTATION('',(#8893),#8897);
#8893 = CIRCLE('',#8894,1.65);
#8894 = AXIS2_PLACEMENT_2D('',#8895,#8896);
#8895 = CARTESIAN_POINT('',(-61.46712140014,60.446734828313));
#8896 = DIRECTION('',(1.,0.));
#8897 = ( GEOMETRIC_REPRESENTATION_CONTEXT(2) 
PARAMETRIC_REPRESENTATION_CONTEXT() REPRESENTATION_CONTEXT('2D SPACE',''
  ) );
#8898 = PCURVE('',#2358,#8899);
#8899 = DEFINITIONAL_REPRESENTATION('',(#8900),#8904);
#8900 = LINE('',#8901,#8902);
#8901 = CARTESIAN_POINT('',(0.,-10.));
#8902 = VECTOR('',#8903,1.);
#8903 = DIRECTION('',(1.,0.));
#8904 = ( GEOMETRIC_REPRESENTATION_CONTEXT(2) 
PARAMETRIC_REPRESENTATION_CONTEXT() REPRESENTATION_CONTEXT('2D SPACE',''
  ) );
#8905 = ORIENTED_EDGE('',*,*,#2421,.T.);
#8906 = FACE_BOUND('',#8907,.T.);
#8907 = EDGE_LOOP('',(#8908,#8930));
#8908 = ORIENTED_EDGE('',*,*,#8909,.T.);
#8909 = EDGE_CURVE('',#2447,#2510,#8910,.T.);
#8910 = SURFACE_CURVE('',#8911,(#8916,#8923),.PCURVE_S1.);
#8911 = CIRCLE('',#8912,1.7);
#8912 = AXIS2_PLACEMENT_3D('',#8913,#8914,#8915);
#8913 = CARTESIAN_POINT('',(40.,70.,0.));
#8914 = DIRECTION('',(0.,0.,1.));
#8915 = DIRECTION('',(1.,0.,-0.));
#8916 = PCURVE('',#128,#8917);
#8917 = DEFINITIONAL_REPRESENTATION('',(#8918),#8922);
#8918 = CIRCLE('',#8919,1.7);
#8919 = AXIS2_PLACEMENT_2D('',#8920,#8921);
#8920 = CARTESIAN_POINT('',(40.,70.));
#8921 = DIRECTION('',(1.,0.));
#8922 = ( GEOMETRIC_REPRESENTATION_CONTEXT(2) 
PARAMETRIC_REPRESENTATION_CONTEXT() REPRESENTATION_CONTEXT('2D SPACE',''
  ) );
#8923 = PCURVE('',#2469,#8924);
#8924 = DEFINITIONAL_REPRESENTATION('',(#8925),#8929);
#8925 = LINE('',#8926,#8927);
#8926 = CARTESIAN_POINT('',(0.,0.));
#8927 = VECTOR('',#8928,1.);
#8928 = DIRECTION('',(1.,0.));
#8929 = ( GEOMETRIC_REPRESENTATION_CONTEXT(2) 
PARAMETRIC_REPRESENTATION_CONTEXT() REPRESENTATION_CONTEXT('2D SPACE',''
  ) );
#8930 = ORIENTED_EDGE('',*,*,#2532,.T.);
#8931 = FACE_BOUND('',#8932,.T.);
#8932 = EDGE_LOOP('',(#8933,#8955));
#8933 = ORIENTED_EDGE('',*,*,#8934,.T.);
#8934 = EDGE_CURVE('',#2558,#2621,#8935,.T.);
#8935 = SURFACE_CURVE('',#8936,(#8941,#8948),.PCURVE_S1.);
#8936 = CIRCLE('',#8937,1.7);
#8937 = AXIS2_PLACEMENT_3D('',#8938,#8939,#8940);
#8938 = CARTESIAN_POINT('',(40.,47.5,0.));
#8939 = DIRECTION('',(0.,0.,1.));
#8940 = DIRECTION('',(1.,0.,-0.));
#8941 = PCURVE('',#128,#8942);
#8942 = DEFINITIONAL_REPRESENTATION('',(#8943),#8947);
#8943 = CIRCLE('',#8944,1.7);
#8944 = AXIS2_PLACEMENT_2D('',#8945,#8946);
#8945 = CARTESIAN_POINT('',(40.,47.5));
#8946 = DIRECTION('',(1.,0.));
#8947 = ( GEOMETRIC_REPRESENTATION_CONTEXT(2) 
PARAMETRIC_REPRESENTATION_CONTEXT() REPRESENTATION_CONTEXT('2D SPACE',''
  ) );
#8948 = PCURVE('',#2580,#8949);
#8949 = DEFINITIONAL_REPRESENTATION('',(#8950),#8954);
#8950 = LINE('',#8951,#8952);
#8951 = CARTESIAN_POINT('',(0.,0.));
#8952 = VECTOR('',#8953,1.);
#8953 = DIRECTION('',(1.,0.));
#8954 = ( GEOMETRIC_REPRESENTATION_CONTEXT(2) 
PARAMETRIC_REPRESENTATION_CONTEXT() REPRESENTATION_CONTEXT('2D SPACE',''
  ) );
#8955 = ORIENTED_EDGE('',*,*,#2643,.T.);
#8956 = FACE_BOUND('',#8957,.T.);
#8957 = EDGE_LOOP('',(#8958,#8980));
#8958 = ORIENTED_EDGE('',*,*,#8959,.T.);
#8959 = EDGE_CURVE('',#2669,#2732,#8960,.T.);
#8960 = SURFACE_CURVE('',#8961,(#8966,#8973),.PCURVE_S1.);
#8961 = CIRCLE('',#8962,1.7);
#8962 = AXIS2_PLACEMENT_3D('',#8963,#8964,#8965);
#8963 = CARTESIAN_POINT('',(40.,25.,0.));
#8964 = DIRECTION('',(0.,0.,1.));
#8965 = DIRECTION('',(1.,0.,-0.));
#8966 = PCURVE('',#128,#8967);
#8967 = DEFINITIONAL_REPRESENTATION('',(#8968),#8972);
#8968 = CIRCLE('',#8969,1.7);
#8969 = AXIS2_PLACEMENT_2D('',#8970,#8971);
#8970 = CARTESIAN_POINT('',(40.,25.));
#8971 = DIRECTION('',(1.,0.));
#8972 = ( GEOMETRIC_REPRESENTATION_CONTEXT(2) 
PARAMETRIC_REPRESENTATION_CONTEXT() REPRESENTATION_CONTEXT('2D SPACE',''
  ) );
#8973 = PCURVE('',#2691,#8974);
#8974 = DEFINITIONAL_REPRESENTATION('',(#8975),#8979);
#8975 = LINE('',#8976,#8977);
#8976 = CARTESIAN_POINT('',(0.,0.));
#8977 = VECTOR('',#8978,1.);
#8978 = DIRECTION('',(1.,0.));
#8979 = ( GEOMETRIC_REPRESENTATION_CONTEXT(2) 
PARAMETRIC_REPRESENTATION_CONTEXT() REPRESENTATION_CONTEXT('2D SPACE',''
  ) );
#8980 = ORIENTED_EDGE('',*,*,#2754,.T.);
#8981 = FACE_BOUND('',#8982,.T.);
#8982 = EDGE_LOOP('',(#8983,#9005));
#8983 = ORIENTED_EDGE('',*,*,#8984,.T.);
#8984 = EDGE_CURVE('',#2780,#2843,#8985,.T.);
#8985 = SURFACE_CURVE('',#8986,(#8991,#8998),.PCURVE_S1.);
#8986 = CIRCLE('',#8987,1.7);
#8987 = AXIS2_PLACEMENT_3D('',#8988,#8989,#8990);
#8988 = CARTESIAN_POINT('',(-9.,30.,0.));
#8989 = DIRECTION('',(0.,0.,1.));
#8990 = DIRECTION('',(1.,0.,-0.));
#8991 = PCURVE('',#128,#8992);
#8992 = DEFINITIONAL_REPRESENTATION('',(#8993),#8997);
#8993 = CIRCLE('',#8994,1.7);
#8994 = AXIS2_PLACEMENT_2D('',#8995,#8996);
#8995 = CARTESIAN_POINT('',(-9.,30.));
#8996 = DIRECTION('',(1.,0.));
#8997 = ( GEOMETRIC_REPRESENTATION_CONTEXT(2) 
PARAMETRIC_REPRESENTATION_CONTEXT() REPRESENTATION_CONTEXT('2D SPACE',''
  ) );
#8998 = PCURVE('',#2802,#8999);
#8999 = DEFINITIONAL_REPRESENTATION('',(#9000),#9004);
#9000 = LINE('',#9001,#9002);
#9001 = CARTESIAN_POINT('',(0.,0.));
#9002 = VECTOR('',#9003,1.);
#9003 = DIRECTION('',(1.,0.));
#9004 = ( GEOMETRIC_REPRESENTATION_CONTEXT(2) 
PARAMETRIC_REPRESENTATION_CONTEXT() REPRESENTATION_CONTEXT('2D SPACE',''
  ) );
#9005 = ORIENTED_EDGE('',*,*,#2865,.T.);
#9006 = FACE_BOUND('',#9007,.T.);
#9007 = EDGE_LOOP('',(#9008,#9030));
#9008 = ORIENTED_EDGE('',*,*,#9009,.T.);
#9009 = EDGE_CURVE('',#2891,#2954,#9010,.T.);
#9010 = SURFACE_CURVE('',#9011,(#9016,#9023),.PCURVE_S1.);
#9011 = CIRCLE('',#9012,1.7);
#9012 = AXIS2_PLACEMENT_3D('',#9013,#9014,#9015);
#9013 = CARTESIAN_POINT('',(-9.,65.,0.));
#9014 = DIRECTION('',(0.,0.,1.));
#9015 = DIRECTION('',(1.,0.,-0.));
#9016 = PCURVE('',#128,#9017);
#9017 = DEFINITIONAL_REPRESENTATION('',(#9018),#9022);
#9018 = CIRCLE('',#9019,1.7);
#9019 = AXIS2_PLACEMENT_2D('',#9020,#9021);
#9020 = CARTESIAN_POINT('',(-9.,65.));
#9021 = DIRECTION('',(1.,0.));
#9022 = ( GEOMETRIC_REPRESENTATION_CONTEXT(2) 
PARAMETRIC_REPRESENTATION_CONTEXT() REPRESENTATION_CONTEXT('2D SPACE',''
  ) );
#9023 = PCURVE('',#2913,#9024);
#9024 = DEFINITIONAL_REPRESENTATION('',(#9025),#9029);
#9025 = LINE('',#9026,#9027);
#9026 = CARTESIAN_POINT('',(0.,0.));
#9027 = VECTOR('',#9028,1.);
#9028 = DIRECTION('',(1.,0.));
#9029 = ( GEOMETRIC_REPRESENTATION_CONTEXT(2) 
PARAMETRIC_REPRESENTATION_CONTEXT() REPRESENTATION_CONTEXT('2D SPACE',''
  ) );
#9030 = ORIENTED_EDGE('',*,*,#2976,.T.);
#9031 = FACE_BOUND('',#9032,.T.);
#9032 = EDGE_LOOP('',(#9033,#9055));
#9033 = ORIENTED_EDGE('',*,*,#9034,.T.);
#9034 = EDGE_CURVE('',#3002,#3061,#9035,.T.);
#9035 = SURFACE_CURVE('',#9036,(#9041,#9048),.PCURVE_S1.);
#9036 = CIRCLE('',#9037,1.4);
#9037 = AXIS2_PLACEMENT_3D('',#9038,#9039,#9040);
#9038 = CARTESIAN_POINT('',(-4.949747468306,4.949747468306,0.));
#9039 = DIRECTION('',(0.,0.,1.));
#9040 = DIRECTION('',(1.,0.,-0.));
#9041 = PCURVE('',#128,#9042);
#9042 = DEFINITIONAL_REPRESENTATION('',(#9043),#9047);
#9043 = CIRCLE('',#9044,1.4);
#9044 = AXIS2_PLACEMENT_2D('',#9045,#9046);
#9045 = CARTESIAN_POINT('',(-4.949747468306,4.949747468306));
#9046 = DIRECTION('',(1.,0.));
#9047 = ( GEOMETRIC_REPRESENTATION_CONTEXT(2) 
PARAMETRIC_REPRESENTATION_CONTEXT() REPRESENTATION_CONTEXT('2D SPACE',''
  ) );
#9048 = PCURVE('',#3024,#9049);
#9049 = DEFINITIONAL_REPRESENTATION('',(#9050),#9054);
#9050 = LINE('',#9051,#9052);
#9051 = CARTESIAN_POINT('',(0.,0.));
#9052 = VECTOR('',#9053,1.);
#9053 = DIRECTION('',(1.,0.));
#9054 = ( GEOMETRIC_REPRESENTATION_CONTEXT(2) 
PARAMETRIC_REPRESENTATION_CONTEXT() REPRESENTATION_CONTEXT('2D SPACE',''
  ) );
#9055 = ORIENTED_EDGE('',*,*,#3083,.T.);
#9056 = FACE_BOUND('',#9057,.T.);
#9057 = EDGE_LOOP('',(#9058,#9080));
#9058 = ORIENTED_EDGE('',*,*,#9059,.T.);
#9059 = EDGE_CURVE('',#3109,#3168,#9060,.T.);
#9060 = SURFACE_CURVE('',#9061,(#9066,#9073),.PCURVE_S1.);
#9061 = CIRCLE('',#9062,1.4);
#9062 = AXIS2_PLACEMENT_3D('',#9063,#9064,#9065);
#9063 = CARTESIAN_POINT('',(-7.,7.285750671753E-14,0.));
#9064 = DIRECTION('',(0.,0.,1.));
#9065 = DIRECTION('',(1.,0.,-0.));
#9066 = PCURVE('',#128,#9067);
#9067 = DEFINITIONAL_REPRESENTATION('',(#9068),#9072);
#9068 = CIRCLE('',#9069,1.4);
#9069 = AXIS2_PLACEMENT_2D('',#9070,#9071);
#9070 = CARTESIAN_POINT('',(-7.,7.285750671753E-14));
#9071 = DIRECTION('',(1.,0.));
#9072 = ( GEOMETRIC_REPRESENTATION_CONTEXT(2) 
PARAMETRIC_REPRESENTATION_CONTEXT() REPRESENTATION_CONTEXT('2D SPACE',''
  ) );
#9073 = PCURVE('',#3131,#9074);
#9074 = DEFINITIONAL_REPRESENTATION('',(#9075),#9079);
#9075 = LINE('',#9076,#9077);
#9076 = CARTESIAN_POINT('',(0.,0.));
#9077 = VECTOR('',#9078,1.);
#9078 = DIRECTION('',(1.,0.));
#9079 = ( GEOMETRIC_REPRESENTATION_CONTEXT(2) 
PARAMETRIC_REPRESENTATION_CONTEXT() REPRESENTATION_CONTEXT('2D SPACE',''
  ) );
#9080 = ORIENTED_EDGE('',*,*,#3190,.T.);
#9081 = FACE_BOUND('',#9082,.T.);
#9082 = EDGE_LOOP('',(#9083,#9105));
#9083 = ORIENTED_EDGE('',*,*,#9084,.T.);
#9084 = EDGE_CURVE('',#3216,#3275,#9085,.T.);
#9085 = SURFACE_CURVE('',#9086,(#9091,#9098),.PCURVE_S1.);
#9086 = CIRCLE('',#9087,1.4);
#9087 = AXIS2_PLACEMENT_3D('',#9088,#9089,#9090);
#9088 = CARTESIAN_POINT('',(-4.949747468306,-4.949747468306,0.));
#9089 = DIRECTION('',(0.,0.,1.));
#9090 = DIRECTION('',(1.,0.,-0.));
#9091 = PCURVE('',#128,#9092);
#9092 = DEFINITIONAL_REPRESENTATION('',(#9093),#9097);
#9093 = CIRCLE('',#9094,1.4);
#9094 = AXIS2_PLACEMENT_2D('',#9095,#9096);
#9095 = CARTESIAN_POINT('',(-4.949747468306,-4.949747468306));
#9096 = DIRECTION('',(1.,0.));
#9097 = ( GEOMETRIC_REPRESENTATION_CONTEXT(2) 
PARAMETRIC_REPRESENTATION_CONTEXT() REPRESENTATION_CONTEXT('2D SPACE',''
  ) );
#9098 = PCURVE('',#3238,#9099);
#9099 = DEFINITIONAL_REPRESENTATION('',(#9100),#9104);
#9100 = LINE('',#9101,#9102);
#9101 = CARTESIAN_POINT('',(0.,0.));
#9102 = VECTOR('',#9103,1.);
#9103 = DIRECTION('',(1.,0.));
#9104 = ( GEOMETRIC_REPRESENTATION_CONTEXT(2) 
PARAMETRIC_REPRESENTATION_CONTEXT() REPRESENTATION_CONTEXT('2D SPACE',''
  ) );
#9105 = ORIENTED_EDGE('',*,*,#3297,.T.);
#9106 = FACE_BOUND('',#9107,.T.);
#9107 = EDGE_LOOP('',(#9108,#9130));
#9108 = ORIENTED_EDGE('',*,*,#9109,.T.);
#9109 = EDGE_CURVE('',#3323,#3382,#9110,.T.);
#9110 = SURFACE_CURVE('',#9111,(#9116,#9123),.PCURVE_S1.);
#9111 = CIRCLE('',#9112,1.4);
#9112 = AXIS2_PLACEMENT_3D('',#9113,#9114,#9115);
#9113 = CARTESIAN_POINT('',(-4.876566708316E-14,-7.,0.));
#9114 = DIRECTION('',(0.,0.,1.));
#9115 = DIRECTION('',(1.,0.,-0.));
#9116 = PCURVE('',#128,#9117);
#9117 = DEFINITIONAL_REPRESENTATION('',(#9118),#9122);
#9118 = CIRCLE('',#9119,1.4);
#9119 = AXIS2_PLACEMENT_2D('',#9120,#9121);
#9120 = CARTESIAN_POINT('',(-4.876566708316E-14,-7.));
#9121 = DIRECTION('',(1.,0.));
#9122 = ( GEOMETRIC_REPRESENTATION_CONTEXT(2) 
PARAMETRIC_REPRESENTATION_CONTEXT() REPRESENTATION_CONTEXT('2D SPACE',''
  ) );
#9123 = PCURVE('',#3345,#9124);
#9124 = DEFINITIONAL_REPRESENTATION('',(#9125),#9129);
#9125 = LINE('',#9126,#9127);
#9126 = CARTESIAN_POINT('',(0.,0.));
#9127 = VECTOR('',#9128,1.);
#9128 = DIRECTION('',(1.,0.));
#9129 = ( GEOMETRIC_REPRESENTATION_CONTEXT(2) 
PARAMETRIC_REPRESENTATION_CONTEXT() REPRESENTATION_CONTEXT('2D SPACE',''
  ) );
#9130 = ORIENTED_EDGE('',*,*,#3404,.T.);
#9131 = FACE_BOUND('',#9132,.T.);
#9132 = EDGE_LOOP('',(#9133,#9155));
#9133 = ORIENTED_EDGE('',*,*,#9134,.T.);
#9134 = EDGE_CURVE('',#3430,#3489,#9135,.T.);
#9135 = SURFACE_CURVE('',#9136,(#9141,#9148),.PCURVE_S1.);
#9136 = CIRCLE('',#9137,1.4);
#9137 = AXIS2_PLACEMENT_3D('',#9138,#9139,#9140);
#9138 = CARTESIAN_POINT('',(4.949747468306,-4.949747468306,0.));
#9139 = DIRECTION('',(0.,0.,1.));
#9140 = DIRECTION('',(1.,0.,-0.));
#9141 = PCURVE('',#128,#9142);
#9142 = DEFINITIONAL_REPRESENTATION('',(#9143),#9147);
#9143 = CIRCLE('',#9144,1.4);
#9144 = AXIS2_PLACEMENT_2D('',#9145,#9146);
#9145 = CARTESIAN_POINT('',(4.949747468306,-4.949747468306));
#9146 = DIRECTION('',(1.,0.));
#9147 = ( GEOMETRIC_REPRESENTATION_CONTEXT(2) 
PARAMETRIC_REPRESENTATION_CONTEXT() REPRESENTATION_CONTEXT('2D SPACE',''
  ) );
#9148 = PCURVE('',#3452,#9149);
#9149 = DEFINITIONAL_REPRESENTATION('',(#9150),#9154);
#9150 = LINE('',#9151,#9152);
#9151 = CARTESIAN_POINT('',(0.,0.));
#9152 = VECTOR('',#9153,1.);
#9153 = DIRECTION('',(1.,0.));
#9154 = ( GEOMETRIC_REPRESENTATION_CONTEXT(2) 
PARAMETRIC_REPRESENTATION_CONTEXT() REPRESENTATION_CONTEXT('2D SPACE',''
  ) );
#9155 = ORIENTED_EDGE('',*,*,#3511,.T.);
#9156 = FACE_BOUND('',#9157,.T.);
#9157 = EDGE_LOOP('',(#9158,#9180));
#9158 = ORIENTED_EDGE('',*,*,#9159,.T.);
#9159 = EDGE_CURVE('',#3537,#3596,#9160,.T.);
#9160 = SURFACE_CURVE('',#9161,(#9166,#9173),.PCURVE_S1.);
#9161 = CIRCLE('',#9162,1.4);
#9162 = AXIS2_PLACEMENT_3D('',#9163,#9164,#9165);
#9163 = CARTESIAN_POINT('',(7.,-1.222768890124E-13,0.));
#9164 = DIRECTION('',(0.,0.,1.));
#9165 = DIRECTION('',(1.,0.,-0.));
#9166 = PCURVE('',#128,#9167);
#9167 = DEFINITIONAL_REPRESENTATION('',(#9168),#9172);
#9168 = CIRCLE('',#9169,1.4);
#9169 = AXIS2_PLACEMENT_2D('',#9170,#9171);
#9170 = CARTESIAN_POINT('',(7.,-1.222768890124E-13));
#9171 = DIRECTION('',(1.,0.));
#9172 = ( GEOMETRIC_REPRESENTATION_CONTEXT(2) 
PARAMETRIC_REPRESENTATION_CONTEXT() REPRESENTATION_CONTEXT('2D SPACE',''
  ) );
#9173 = PCURVE('',#3559,#9174);
#9174 = DEFINITIONAL_REPRESENTATION('',(#9175),#9179);
#9175 = LINE('',#9176,#9177);
#9176 = CARTESIAN_POINT('',(0.,0.));
#9177 = VECTOR('',#9178,1.);
#9178 = DIRECTION('',(1.,0.));
#9179 = ( GEOMETRIC_REPRESENTATION_CONTEXT(2) 
PARAMETRIC_REPRESENTATION_CONTEXT() REPRESENTATION_CONTEXT('2D SPACE',''
  ) );
#9180 = ORIENTED_EDGE('',*,*,#3618,.T.);
#9181 = FACE_BOUND('',#9182,.T.);
#9182 = EDGE_LOOP('',(#9183,#9205));
#9183 = ORIENTED_EDGE('',*,*,#9184,.T.);
#9184 = EDGE_CURVE('',#3644,#3703,#9185,.T.);
#9185 = SURFACE_CURVE('',#9186,(#9191,#9198),.PCURVE_S1.);
#9186 = CIRCLE('',#9187,1.4);
#9187 = AXIS2_PLACEMENT_3D('',#9188,#9189,#9190);
#9188 = CARTESIAN_POINT('',(4.949747468306,4.949747468306,0.));
#9189 = DIRECTION('',(0.,0.,1.));
#9190 = DIRECTION('',(1.,0.,-0.));
#9191 = PCURVE('',#128,#9192);
#9192 = DEFINITIONAL_REPRESENTATION('',(#9193),#9197);
#9193 = CIRCLE('',#9194,1.4);
#9194 = AXIS2_PLACEMENT_2D('',#9195,#9196);
#9195 = CARTESIAN_POINT('',(4.949747468306,4.949747468306));
#9196 = DIRECTION('',(1.,0.));
#9197 = ( GEOMETRIC_REPRESENTATION_CONTEXT(2) 
PARAMETRIC_REPRESENTATION_CONTEXT() REPRESENTATION_CONTEXT('2D SPACE',''
  ) );
#9198 = PCURVE('',#3666,#9199);
#9199 = DEFINITIONAL_REPRESENTATION('',(#9200),#9204);
#9200 = LINE('',#9201,#9202);
#9201 = CARTESIAN_POINT('',(0.,0.));
#9202 = VECTOR('',#9203,1.);
#9203 = DIRECTION('',(1.,0.));
#9204 = ( GEOMETRIC_REPRESENTATION_CONTEXT(2) 
PARAMETRIC_REPRESENTATION_CONTEXT() REPRESENTATION_CONTEXT('2D SPACE',''
  ) );
#9205 = ORIENTED_EDGE('',*,*,#3725,.T.);
#9206 = FACE_BOUND('',#9207,.T.);
#9207 = EDGE_LOOP('',(#9208,#9230));
#9208 = ORIENTED_EDGE('',*,*,#9209,.T.);
#9209 = EDGE_CURVE('',#3751,#3810,#9210,.T.);
#9210 = SURFACE_CURVE('',#9211,(#9216,#9223),.PCURVE_S1.);
#9211 = CIRCLE('',#9212,1.4);
#9212 = AXIS2_PLACEMENT_3D('',#9213,#9214,#9215);
#9213 = CARTESIAN_POINT('',(5.819878144328E-16,7.,0.));
#9214 = DIRECTION('',(0.,0.,1.));
#9215 = DIRECTION('',(1.,0.,-0.));
#9216 = PCURVE('',#128,#9217);
#9217 = DEFINITIONAL_REPRESENTATION('',(#9218),#9222);
#9218 = CIRCLE('',#9219,1.4);
#9219 = AXIS2_PLACEMENT_2D('',#9220,#9221);
#9220 = CARTESIAN_POINT('',(5.819878144328E-16,7.));
#9221 = DIRECTION('',(1.,0.));
#9222 = ( GEOMETRIC_REPRESENTATION_CONTEXT(2) 
PARAMETRIC_REPRESENTATION_CONTEXT() REPRESENTATION_CONTEXT('2D SPACE',''
  ) );
#9223 = PCURVE('',#3773,#9224);
#9224 = DEFINITIONAL_REPRESENTATION('',(#9225),#9229);
#9225 = LINE('',#9226,#9227);
#9226 = CARTESIAN_POINT('',(0.,0.));
#9227 = VECTOR('',#9228,1.);
#9228 = DIRECTION('',(1.,0.));
#9229 = ( GEOMETRIC_REPRESENTATION_CONTEXT(2) 
PARAMETRIC_REPRESENTATION_CONTEXT() REPRESENTATION_CONTEXT('2D SPACE',''
  ) );
#9230 = ORIENTED_EDGE('',*,*,#3832,.T.);
#9231 = FACE_BOUND('',#9232,.T.);
#9232 = EDGE_LOOP('',(#9233,#9234));
#9233 = ORIENTED_EDGE('',*,*,#6892,.T.);
#9234 = ORIENTED_EDGE('',*,*,#9235,.T.);
#9235 = EDGE_CURVE('',#6893,#6860,#9236,.T.);
#9236 = SURFACE_CURVE('',#9237,(#9242,#9249),.PCURVE_S1.);
#9237 = CIRCLE('',#9238,0.5);
#9238 = AXIS2_PLACEMENT_3D('',#9239,#9240,#9241);
#9239 = CARTESIAN_POINT('',(-36.42,37.54,0.));
#9240 = DIRECTION('',(0.,0.,1.));
#9241 = DIRECTION('',(1.,0.,-0.));
#9242 = PCURVE('',#128,#9243);
#9243 = DEFINITIONAL_REPRESENTATION('',(#9244),#9248);
#9244 = CIRCLE('',#9245,0.5);
#9245 = AXIS2_PLACEMENT_2D('',#9246,#9247);
#9246 = CARTESIAN_POINT('',(-36.42,37.54));
#9247 = DIRECTION('',(1.,0.));
#9248 = ( GEOMETRIC_REPRESENTATION_CONTEXT(2) 
PARAMETRIC_REPRESENTATION_CONTEXT() REPRESENTATION_CONTEXT('2D SPACE',''
  ) );
#9249 = PCURVE('',#6880,#9250);
#9250 = DEFINITIONAL_REPRESENTATION('',(#9251),#9255);
#9251 = LINE('',#9252,#9253);
#9252 = CARTESIAN_POINT('',(3.14159265359,10.));
#9253 = VECTOR('',#9254,1.);
#9254 = DIRECTION('',(-1.,0.));
#9255 = ( GEOMETRIC_REPRESENTATION_CONTEXT(2) 
PARAMETRIC_REPRESENTATION_CONTEXT() REPRESENTATION_CONTEXT('2D SPACE',''
  ) );
#9256 = FACE_BOUND('',#9257,.T.);
#9257 = EDGE_LOOP('',(#9258,#9259));
#9258 = ORIENTED_EDGE('',*,*,#6997,.T.);
#9259 = ORIENTED_EDGE('',*,*,#9260,.T.);
#9260 = EDGE_CURVE('',#6998,#6970,#9261,.T.);
#9261 = SURFACE_CURVE('',#9262,(#9267,#9274),.PCURVE_S1.);
#9262 = CIRCLE('',#9263,0.5);
#9263 = AXIS2_PLACEMENT_3D('',#9264,#9265,#9266);
#9264 = CARTESIAN_POINT('',(0.,0.,0.));
#9265 = DIRECTION('',(0.,0.,1.));
#9266 = DIRECTION('',(1.,0.,-0.));
#9267 = PCURVE('',#128,#9268);
#9268 = DEFINITIONAL_REPRESENTATION('',(#9269),#9273);
#9269 = CIRCLE('',#9270,0.5);
#9270 = AXIS2_PLACEMENT_2D('',#9271,#9272);
#9271 = CARTESIAN_POINT('',(0.,0.));
#9272 = DIRECTION('',(1.,0.));
#9273 = ( GEOMETRIC_REPRESENTATION_CONTEXT(2) 
PARAMETRIC_REPRESENTATION_CONTEXT() REPRESENTATION_CONTEXT('2D SPACE',''
  ) );
#9274 = PCURVE('',#5101,#9275);
#9275 = DEFINITIONAL_REPRESENTATION('',(#9276),#9280);
#9276 = LINE('',#9277,#9278);
#9277 = CARTESIAN_POINT('',(3.14159265359,10.));
#9278 = VECTOR('',#9279,1.);
#9279 = DIRECTION('',(-1.,0.));
#9280 = ( GEOMETRIC_REPRESENTATION_CONTEXT(2) 
PARAMETRIC_REPRESENTATION_CONTEXT() REPRESENTATION_CONTEXT('2D SPACE',''
  ) );
#9281 = FACE_BOUND('',#9282,.T.);
#9282 = EDGE_LOOP('',(#9283,#9313,#9346,#9374,#9403,#9431,#9464,#9492,
    #9525,#9553));
#9283 = ORIENTED_EDGE('',*,*,#9284,.F.);
#9284 = EDGE_CURVE('',#9285,#9287,#9289,.T.);
#9285 = VERTEX_POINT('',#9286);
#9286 = CARTESIAN_POINT('',(50.,15.712605482992,0.));
#9287 = VERTEX_POINT('',#9288);
#9288 = CARTESIAN_POINT('',(50.,73.,0.));
#9289 = SURFACE_CURVE('',#9290,(#9294,#9301),.PCURVE_S1.);
#9290 = LINE('',#9291,#9292);
#9291 = CARTESIAN_POINT('',(50.,75.,0.));
#9292 = VECTOR('',#9293,1.);
#9293 = DIRECTION('',(-1.321694076935E-16,1.,-0.));
#9294 = PCURVE('',#128,#9295);
#9295 = DEFINITIONAL_REPRESENTATION('',(#9296),#9300);
#9296 = LINE('',#9297,#9298);
#9297 = CARTESIAN_POINT('',(50.,75.));
#9298 = VECTOR('',#9299,1.);
#9299 = DIRECTION('',(-1.321694076935E-16,1.));
#9300 = ( GEOMETRIC_REPRESENTATION_CONTEXT(2) 
PARAMETRIC_REPRESENTATION_CONTEXT() REPRESENTATION_CONTEXT('2D SPACE',''
  ) );
#9301 = PCURVE('',#9302,#9307);
#9302 = PLANE('',#9303);
#9303 = AXIS2_PLACEMENT_3D('',#9304,#9305,#9306);
#9304 = CARTESIAN_POINT('',(50.,75.,10.));
#9305 = DIRECTION('',(-1.,-1.321694076935E-16,0.));
#9306 = DIRECTION('',(1.321694076935E-16,-1.,0.));
#9307 = DEFINITIONAL_REPRESENTATION('',(#9308),#9312);
#9308 = LINE('',#9309,#9310);
#9309 = CARTESIAN_POINT('',(0.,-10.));
#9310 = VECTOR('',#9311,1.);
#9311 = DIRECTION('',(-1.,0.));
#9312 = ( GEOMETRIC_REPRESENTATION_CONTEXT(2) 
PARAMETRIC_REPRESENTATION_CONTEXT() REPRESENTATION_CONTEXT('2D SPACE',''
  ) );
#9313 = ORIENTED_EDGE('',*,*,#9314,.T.);
#9314 = EDGE_CURVE('',#9285,#9315,#9317,.T.);
#9315 = VERTEX_POINT('',#9316);
#9316 = CARTESIAN_POINT('',(49.549398079966,14.447945216439,0.));
#9317 = SURFACE_CURVE('',#9318,(#9323,#9334),.PCURVE_S1.);
#9318 = CIRCLE('',#9319,2.);
#9319 = AXIS2_PLACEMENT_3D('',#9320,#9321,#9322);
#9320 = CARTESIAN_POINT('',(48.,15.712605482992,0.));
#9321 = DIRECTION('',(0.,0.,-1.));
#9322 = DIRECTION('',(1.,0.,0.));
#9323 = PCURVE('',#128,#9324);
#9324 = DEFINITIONAL_REPRESENTATION('',(#9325),#9333);
#9325 = ( BOUNDED_CURVE() B_SPLINE_CURVE(2,(#9326,#9327,#9328,#9329,
#9330,#9331,#9332),.UNSPECIFIED.,.T.,.F.) B_SPLINE_CURVE_WITH_KNOTS((1,2
    ,2,2,2,1),(-2.094395102393,0.,2.094395102393,4.188790204786,
6.28318530718,8.377580409573),.UNSPECIFIED.) CURVE() 
GEOMETRIC_REPRESENTATION_ITEM() RATIONAL_B_SPLINE_CURVE((1.,0.5,1.,0.5,
1.,0.5,1.)) REPRESENTATION_ITEM('') );
#9326 = CARTESIAN_POINT('',(50.,15.712605482992));
#9327 = CARTESIAN_POINT('',(50.,12.248503867855));
#9328 = CARTESIAN_POINT('',(47.,13.980554675423));
#9329 = CARTESIAN_POINT('',(44.,15.712605482992));
#9330 = CARTESIAN_POINT('',(47.,17.444656290561));
#9331 = CARTESIAN_POINT('',(50.,19.17670709813));
#9332 = CARTESIAN_POINT('',(50.,15.712605482992));
#9333 = ( GEOMETRIC_REPRESENTATION_CONTEXT(2) 
PARAMETRIC_REPRESENTATION_CONTEXT() REPRESENTATION_CONTEXT('2D SPACE',''
  ) );
#9334 = PCURVE('',#9335,#9340);
#9335 = CYLINDRICAL_SURFACE('',#9336,2.);
#9336 = AXIS2_PLACEMENT_3D('',#9337,#9338,#9339);
#9337 = CARTESIAN_POINT('',(48.,15.712605482992,10.));
#9338 = DIRECTION('',(0.,0.,-1.));
#9339 = DIRECTION('',(-1.,0.,0.));
#9340 = DEFINITIONAL_REPRESENTATION('',(#9341),#9345);
#9341 = LINE('',#9342,#9343);
#9342 = CARTESIAN_POINT('',(3.14159265359,10.));
#9343 = VECTOR('',#9344,1.);
#9344 = DIRECTION('',(1.,0.));
#9345 = ( GEOMETRIC_REPRESENTATION_CONTEXT(2) 
PARAMETRIC_REPRESENTATION_CONTEXT() REPRESENTATION_CONTEXT('2D SPACE',''
  ) );
#9346 = ORIENTED_EDGE('',*,*,#9347,.F.);
#9347 = EDGE_CURVE('',#9348,#9315,#9350,.T.);
#9348 = VERTEX_POINT('',#9349);
#9349 = CARTESIAN_POINT('',(22.659946919501,-18.49565639833,0.));
#9350 = SURFACE_CURVE('',#9351,(#9355,#9362),.PCURVE_S1.);
#9351 = LINE('',#9352,#9353);
#9352 = CARTESIAN_POINT('',(50.,15.,0.));
#9353 = VECTOR('',#9354,1.);
#9354 = DIRECTION('',(0.632330133277,0.774699039983,-0.));
#9355 = PCURVE('',#128,#9356);
#9356 = DEFINITIONAL_REPRESENTATION('',(#9357),#9361);
#9357 = LINE('',#9358,#9359);
#9358 = CARTESIAN_POINT('',(50.,15.));
#9359 = VECTOR('',#9360,1.);
#9360 = DIRECTION('',(0.632330133277,0.774699039983));
#9361 = ( GEOMETRIC_REPRESENTATION_CONTEXT(2) 
PARAMETRIC_REPRESENTATION_CONTEXT() REPRESENTATION_CONTEXT('2D SPACE',''
  ) );
#9362 = PCURVE('',#9363,#9368);
#9363 = PLANE('',#9364);
#9364 = AXIS2_PLACEMENT_3D('',#9365,#9366,#9367);
#9365 = CARTESIAN_POINT('',(50.,15.,20.5));
#9366 = DIRECTION('',(-0.774699039983,0.632330133277,0.));
#9367 = DIRECTION('',(-0.632330133277,-0.774699039983,0.));
#9368 = DEFINITIONAL_REPRESENTATION('',(#9369),#9373);
#9369 = LINE('',#9370,#9371);
#9370 = CARTESIAN_POINT('',(-0.,-20.5));
#9371 = VECTOR('',#9372,1.);
#9372 = DIRECTION('',(-1.,0.));
#9373 = ( GEOMETRIC_REPRESENTATION_CONTEXT(2) 
PARAMETRIC_REPRESENTATION_CONTEXT() REPRESENTATION_CONTEXT('2D SPACE',''
  ) );
#9374 = ORIENTED_EDGE('',*,*,#9375,.F.);
#9375 = EDGE_CURVE('',#9376,#9348,#9378,.T.);
#9376 = VERTEX_POINT('',#9377);
#9377 = CARTESIAN_POINT('',(-22.63524167611,-18.5258828201,0.));
#9378 = SURFACE_CURVE('',#9379,(#9384,#9391),.PCURVE_S1.);
#9379 = CIRCLE('',#9380,29.25);
#9380 = AXIS2_PLACEMENT_3D('',#9381,#9382,#9383);
#9381 = CARTESIAN_POINT('',(0.,0.,0.));
#9382 = DIRECTION('',(0.,-0.,1.));
#9383 = DIRECTION('',(-1.,0.,0.));
#9384 = PCURVE('',#128,#9385);
#9385 = DEFINITIONAL_REPRESENTATION('',(#9386),#9390);
#9386 = CIRCLE('',#9387,29.25);
#9387 = AXIS2_PLACEMENT_2D('',#9388,#9389);
#9388 = CARTESIAN_POINT('',(0.,0.));
#9389 = DIRECTION('',(-1.,0.));
#9390 = ( GEOMETRIC_REPRESENTATION_CONTEXT(2) 
PARAMETRIC_REPRESENTATION_CONTEXT() REPRESENTATION_CONTEXT('2D SPACE',''
  ) );
#9391 = PCURVE('',#9392,#9397);
#9392 = CYLINDRICAL_SURFACE('',#9393,29.25);
#9393 = AXIS2_PLACEMENT_3D('',#9394,#9395,#9396);
#9394 = CARTESIAN_POINT('',(0.,0.,20.5));
#9395 = DIRECTION('',(-0.,-0.,-1.));
#9396 = DIRECTION('',(-1.,0.,0.));
#9397 = DEFINITIONAL_REPRESENTATION('',(#9398),#9402);
#9398 = LINE('',#9399,#9400);
#9399 = CARTESIAN_POINT('',(6.28318530718,20.5));
#9400 = VECTOR('',#9401,1.);
#9401 = DIRECTION('',(-1.,0.));
#9402 = ( GEOMETRIC_REPRESENTATION_CONTEXT(2) 
PARAMETRIC_REPRESENTATION_CONTEXT() REPRESENTATION_CONTEXT('2D SPACE',''
  ) );
#9403 = ORIENTED_EDGE('',*,*,#9404,.F.);
#9404 = EDGE_CURVE('',#9405,#9376,#9407,.T.);
#9405 = VERTEX_POINT('',#9406);
#9406 = CARTESIAN_POINT('',(-66.46770883255,35.029378053609,0.));
#9407 = SURFACE_CURVE('',#9408,(#9412,#9419),.PCURVE_S1.);
#9408 = LINE('',#9409,#9410);
#9409 = CARTESIAN_POINT('',(-22.63524167611,-18.5258828201,0.));
#9410 = VECTOR('',#9411,1.);
#9411 = DIRECTION('',(0.633363515217,-0.773854416277,-0.));
#9412 = PCURVE('',#128,#9413);
#9413 = DEFINITIONAL_REPRESENTATION('',(#9414),#9418);
#9414 = LINE('',#9415,#9416);
#9415 = CARTESIAN_POINT('',(-22.63524167611,-18.5258828201));
#9416 = VECTOR('',#9417,1.);
#9417 = DIRECTION('',(0.633363515217,-0.773854416277));
#9418 = ( GEOMETRIC_REPRESENTATION_CONTEXT(2) 
PARAMETRIC_REPRESENTATION_CONTEXT() REPRESENTATION_CONTEXT('2D SPACE',''
  ) );
#9419 = PCURVE('',#9420,#9425);
#9420 = PLANE('',#9421);
#9421 = AXIS2_PLACEMENT_3D('',#9422,#9423,#9424);
#9422 = CARTESIAN_POINT('',(-22.63524167611,-18.5258828201,20.5));
#9423 = DIRECTION('',(0.773854416277,0.633363515217,-0.));
#9424 = DIRECTION('',(-0.633363515217,0.773854416277,0.));
#9425 = DEFINITIONAL_REPRESENTATION('',(#9426),#9430);
#9426 = LINE('',#9427,#9428);
#9427 = CARTESIAN_POINT('',(0.,-20.5));
#9428 = VECTOR('',#9429,1.);
#9429 = DIRECTION('',(-1.,0.));
#9430 = ( GEOMETRIC_REPRESENTATION_CONTEXT(2) 
PARAMETRIC_REPRESENTATION_CONTEXT() REPRESENTATION_CONTEXT('2D SPACE',''
  ) );
#9431 = ORIENTED_EDGE('',*,*,#9432,.T.);
#9432 = EDGE_CURVE('',#9405,#9433,#9435,.T.);
#9433 = VERTEX_POINT('',#9434);
#9434 = CARTESIAN_POINT('',(-66.92,36.296105084044,0.));
#9435 = SURFACE_CURVE('',#9436,(#9441,#9452),.PCURVE_S1.);
#9436 = CIRCLE('',#9437,2.);
#9437 = AXIS2_PLACEMENT_3D('',#9438,#9439,#9440);
#9438 = CARTESIAN_POINT('',(-64.92,36.296105084044,0.));
#9439 = DIRECTION('',(0.,0.,-1.));
#9440 = DIRECTION('',(1.,0.,0.));
#9441 = PCURVE('',#128,#9442);
#9442 = DEFINITIONAL_REPRESENTATION('',(#9443),#9451);
#9443 = ( BOUNDED_CURVE() B_SPLINE_CURVE(2,(#9444,#9445,#9446,#9447,
#9448,#9449,#9450),.UNSPECIFIED.,.T.,.F.) B_SPLINE_CURVE_WITH_KNOTS((1,2
    ,2,2,2,1),(-2.094395102393,0.,2.094395102393,4.188790204786,
6.28318530718,8.377580409573),.UNSPECIFIED.) CURVE() 
GEOMETRIC_REPRESENTATION_ITEM() RATIONAL_B_SPLINE_CURVE((1.,0.5,1.,0.5,
1.,0.5,1.)) REPRESENTATION_ITEM('') );
#9444 = CARTESIAN_POINT('',(-62.92,36.296105084044));
#9445 = CARTESIAN_POINT('',(-62.92,32.832003468906));
#9446 = CARTESIAN_POINT('',(-65.92,34.564054276475));
#9447 = CARTESIAN_POINT('',(-68.92,36.296105084044));
#9448 = CARTESIAN_POINT('',(-65.92,38.028155891612));
#9449 = CARTESIAN_POINT('',(-62.92,39.760206699181));
#9450 = CARTESIAN_POINT('',(-62.92,36.296105084044));
#9451 = ( GEOMETRIC_REPRESENTATION_CONTEXT(2) 
PARAMETRIC_REPRESENTATION_CONTEXT() REPRESENTATION_CONTEXT('2D SPACE',''
  ) );
#9452 = PCURVE('',#9453,#9458);
#9453 = CYLINDRICAL_SURFACE('',#9454,2.);
#9454 = AXIS2_PLACEMENT_3D('',#9455,#9456,#9457);
#9455 = CARTESIAN_POINT('',(-64.92,36.296105084044,20.5));
#9456 = DIRECTION('',(0.,0.,-1.));
#9457 = DIRECTION('',(-1.,0.,0.));
#9458 = DEFINITIONAL_REPRESENTATION('',(#9459),#9463);
#9459 = LINE('',#9460,#9461);
#9460 = CARTESIAN_POINT('',(3.14159265359,20.5));
#9461 = VECTOR('',#9462,1.);
#9462 = DIRECTION('',(1.,0.));
#9463 = ( GEOMETRIC_REPRESENTATION_CONTEXT(2) 
PARAMETRIC_REPRESENTATION_CONTEXT() REPRESENTATION_CONTEXT('2D SPACE',''
  ) );
#9464 = ORIENTED_EDGE('',*,*,#9465,.F.);
#9465 = EDGE_CURVE('',#9466,#9433,#9468,.T.);
#9466 = VERTEX_POINT('',#9467);
#9467 = CARTESIAN_POINT('',(-66.92,73.,0.));
#9468 = SURFACE_CURVE('',#9469,(#9473,#9480),.PCURVE_S1.);
#9469 = LINE('',#9470,#9471);
#9470 = CARTESIAN_POINT('',(-66.92,75.,0.));
#9471 = VECTOR('',#9472,1.);
#9472 = DIRECTION('',(1.321694076935E-16,-1.,0.));
#9473 = PCURVE('',#128,#9474);
#9474 = DEFINITIONAL_REPRESENTATION('',(#9475),#9479);
#9475 = LINE('',#9476,#9477);
#9476 = CARTESIAN_POINT('',(-66.92,75.));
#9477 = VECTOR('',#9478,1.);
#9478 = DIRECTION('',(1.321694076935E-16,-1.));
#9479 = ( GEOMETRIC_REPRESENTATION_CONTEXT(2) 
PARAMETRIC_REPRESENTATION_CONTEXT() REPRESENTATION_CONTEXT('2D SPACE',''
  ) );
#9480 = PCURVE('',#9481,#9486);
#9481 = PLANE('',#9482);
#9482 = AXIS2_PLACEMENT_3D('',#9483,#9484,#9485);
#9483 = CARTESIAN_POINT('',(-66.92,75.,10.));
#9484 = DIRECTION('',(1.,1.321694076935E-16,-0.));
#9485 = DIRECTION('',(-1.321694076935E-16,1.,0.));
#9486 = DEFINITIONAL_REPRESENTATION('',(#9487),#9491);
#9487 = LINE('',#9488,#9489);
#9488 = CARTESIAN_POINT('',(0.,-10.));
#9489 = VECTOR('',#9490,1.);
#9490 = DIRECTION('',(-1.,0.));
#9491 = ( GEOMETRIC_REPRESENTATION_CONTEXT(2) 
PARAMETRIC_REPRESENTATION_CONTEXT() REPRESENTATION_CONTEXT('2D SPACE',''
  ) );
#9492 = ORIENTED_EDGE('',*,*,#9493,.T.);
#9493 = EDGE_CURVE('',#9466,#9494,#9496,.T.);
#9494 = VERTEX_POINT('',#9495);
#9495 = CARTESIAN_POINT('',(-64.92,75.,0.));
#9496 = SURFACE_CURVE('',#9497,(#9502,#9513),.PCURVE_S1.);
#9497 = CIRCLE('',#9498,2.);
#9498 = AXIS2_PLACEMENT_3D('',#9499,#9500,#9501);
#9499 = CARTESIAN_POINT('',(-64.92,73.,0.));
#9500 = DIRECTION('',(0.,0.,-1.));
#9501 = DIRECTION('',(1.,0.,0.));
#9502 = PCURVE('',#128,#9503);
#9503 = DEFINITIONAL_REPRESENTATION('',(#9504),#9512);
#9504 = ( BOUNDED_CURVE() B_SPLINE_CURVE(2,(#9505,#9506,#9507,#9508,
#9509,#9510,#9511),.UNSPECIFIED.,.T.,.F.) B_SPLINE_CURVE_WITH_KNOTS((1,2
    ,2,2,2,1),(-2.094395102393,0.,2.094395102393,4.188790204786,
6.28318530718,8.377580409573),.UNSPECIFIED.) CURVE() 
GEOMETRIC_REPRESENTATION_ITEM() RATIONAL_B_SPLINE_CURVE((1.,0.5,1.,0.5,
1.,0.5,1.)) REPRESENTATION_ITEM('') );
#9505 = CARTESIAN_POINT('',(-62.92,73.));
#9506 = CARTESIAN_POINT('',(-62.92,69.535898384862));
#9507 = CARTESIAN_POINT('',(-65.92,71.267949192431));
#9508 = CARTESIAN_POINT('',(-68.92,73.));
#9509 = CARTESIAN_POINT('',(-65.92,74.732050807569));
#9510 = CARTESIAN_POINT('',(-62.92,76.464101615138));
#9511 = CARTESIAN_POINT('',(-62.92,73.));
#9512 = ( GEOMETRIC_REPRESENTATION_CONTEXT(2) 
PARAMETRIC_REPRESENTATION_CONTEXT() REPRESENTATION_CONTEXT('2D SPACE',''
  ) );
#9513 = PCURVE('',#9514,#9519);
#9514 = CYLINDRICAL_SURFACE('',#9515,2.);
#9515 = AXIS2_PLACEMENT_3D('',#9516,#9517,#9518);
#9516 = CARTESIAN_POINT('',(-64.92,73.,10.));
#9517 = DIRECTION('',(0.,0.,-1.));
#9518 = DIRECTION('',(-1.,0.,0.));
#9519 = DEFINITIONAL_REPRESENTATION('',(#9520),#9524);
#9520 = LINE('',#9521,#9522);
#9521 = CARTESIAN_POINT('',(-3.14159265359,10.));
#9522 = VECTOR('',#9523,1.);
#9523 = DIRECTION('',(1.,0.));
#9524 = ( GEOMETRIC_REPRESENTATION_CONTEXT(2) 
PARAMETRIC_REPRESENTATION_CONTEXT() REPRESENTATION_CONTEXT('2D SPACE',''
  ) );
#9525 = ORIENTED_EDGE('',*,*,#9526,.F.);
#9526 = EDGE_CURVE('',#9527,#9494,#9529,.T.);
#9527 = VERTEX_POINT('',#9528);
#9528 = CARTESIAN_POINT('',(48.,75.,0.));
#9529 = SURFACE_CURVE('',#9530,(#9534,#9541),.PCURVE_S1.);
#9530 = LINE('',#9531,#9532);
#9531 = CARTESIAN_POINT('',(-66.92,75.,0.));
#9532 = VECTOR('',#9533,1.);
#9533 = DIRECTION('',(-1.,-0.,-0.));
#9534 = PCURVE('',#128,#9535);
#9535 = DEFINITIONAL_REPRESENTATION('',(#9536),#9540);
#9536 = LINE('',#9537,#9538);
#9537 = CARTESIAN_POINT('',(-66.92,75.));
#9538 = VECTOR('',#9539,1.);
#9539 = DIRECTION('',(-1.,0.));
#9540 = ( GEOMETRIC_REPRESENTATION_CONTEXT(2) 
PARAMETRIC_REPRESENTATION_CONTEXT() REPRESENTATION_CONTEXT('2D SPACE',''
  ) );
#9541 = PCURVE('',#9542,#9547);
#9542 = PLANE('',#9543);
#9543 = AXIS2_PLACEMENT_3D('',#9544,#9545,#9546);
#9544 = CARTESIAN_POINT('',(-66.92,75.,10.));
#9545 = DIRECTION('',(0.,-1.,0.));
#9546 = DIRECTION('',(0.,-0.,-1.));
#9547 = DEFINITIONAL_REPRESENTATION('',(#9548),#9552);
#9548 = LINE('',#9549,#9550);
#9549 = CARTESIAN_POINT('',(10.,0.));
#9550 = VECTOR('',#9551,1.);
#9551 = DIRECTION('',(0.,-1.));
#9552 = ( GEOMETRIC_REPRESENTATION_CONTEXT(2) 
PARAMETRIC_REPRESENTATION_CONTEXT() REPRESENTATION_CONTEXT('2D SPACE',''
  ) );
#9553 = ORIENTED_EDGE('',*,*,#9554,.T.);
#9554 = EDGE_CURVE('',#9527,#9287,#9555,.T.);
#9555 = SURFACE_CURVE('',#9556,(#9561,#9572),.PCURVE_S1.);
#9556 = CIRCLE('',#9557,2.);
#9557 = AXIS2_PLACEMENT_3D('',#9558,#9559,#9560);
#9558 = CARTESIAN_POINT('',(48.,73.,0.));
#9559 = DIRECTION('',(0.,0.,-1.));
#9560 = DIRECTION('',(1.,0.,0.));
#9561 = PCURVE('',#128,#9562);
#9562 = DEFINITIONAL_REPRESENTATION('',(#9563),#9571);
#9563 = ( BOUNDED_CURVE() B_SPLINE_CURVE(2,(#9564,#9565,#9566,#9567,
#9568,#9569,#9570),.UNSPECIFIED.,.T.,.F.) B_SPLINE_CURVE_WITH_KNOTS((1,2
    ,2,2,2,1),(-2.094395102393,0.,2.094395102393,4.188790204786,
6.28318530718,8.377580409573),.UNSPECIFIED.) CURVE() 
GEOMETRIC_REPRESENTATION_ITEM() RATIONAL_B_SPLINE_CURVE((1.,0.5,1.,0.5,
1.,0.5,1.)) REPRESENTATION_ITEM('') );
#9564 = CARTESIAN_POINT('',(50.,73.));
#9565 = CARTESIAN_POINT('',(50.,69.535898384862));
#9566 = CARTESIAN_POINT('',(47.,71.267949192431));
#9567 = CARTESIAN_POINT('',(44.,73.));
#9568 = CARTESIAN_POINT('',(47.,74.732050807569));
#9569 = CARTESIAN_POINT('',(50.,76.464101615138));
#9570 = CARTESIAN_POINT('',(50.,73.));
#9571 = ( GEOMETRIC_REPRESENTATION_CONTEXT(2) 
PARAMETRIC_REPRESENTATION_CONTEXT() REPRESENTATION_CONTEXT('2D SPACE',''
  ) );
#9572 = PCURVE('',#9573,#9578);
#9573 = CYLINDRICAL_SURFACE('',#9574,2.);
#9574 = AXIS2_PLACEMENT_3D('',#9575,#9576,#9577);
#9575 = CARTESIAN_POINT('',(48.,73.,10.));
#9576 = DIRECTION('',(0.,0.,-1.));
#9577 = DIRECTION('',(-1.,0.,0.));
#9578 = DEFINITIONAL_REPRESENTATION('',(#9579),#9583);
#9579 = LINE('',#9580,#9581);
#9580 = CARTESIAN_POINT('',(-3.14159265359,10.));
#9581 = VECTOR('',#9582,1.);
#9582 = DIRECTION('',(1.,0.));
#9583 = ( GEOMETRIC_REPRESENTATION_CONTEXT(2) 
PARAMETRIC_REPRESENTATION_CONTEXT() REPRESENTATION_CONTEXT('2D SPACE',''
  ) );
#9584 = FACE_BOUND('',#9585,.T.);
#9585 = EDGE_LOOP('',(#9586,#9608));
#9586 = ORIENTED_EDGE('',*,*,#9587,.T.);
#9587 = EDGE_CURVE('',#6567,#6617,#9588,.T.);
#9588 = SURFACE_CURVE('',#9589,(#9594,#9601),.PCURVE_S1.);
#9589 = CIRCLE('',#9590,1.4);
#9590 = AXIS2_PLACEMENT_3D('',#9591,#9592,#9593);
#9591 = CARTESIAN_POINT('',(-43.42,37.54,0.));
#9592 = DIRECTION('',(0.,0.,1.));
#9593 = DIRECTION('',(1.,0.,-0.));
#9594 = PCURVE('',#128,#9595);
#9595 = DEFINITIONAL_REPRESENTATION('',(#9596),#9600);
#9596 = CIRCLE('',#9597,1.4);
#9597 = AXIS2_PLACEMENT_2D('',#9598,#9599);
#9598 = CARTESIAN_POINT('',(-43.42,37.54));
#9599 = DIRECTION('',(1.,0.));
#9600 = ( GEOMETRIC_REPRESENTATION_CONTEXT(2) 
PARAMETRIC_REPRESENTATION_CONTEXT() REPRESENTATION_CONTEXT('2D SPACE',''
  ) );
#9601 = PCURVE('',#5509,#9602);
#9602 = DEFINITIONAL_REPRESENTATION('',(#9603),#9607);
#9603 = LINE('',#9604,#9605);
#9604 = CARTESIAN_POINT('',(0.,0.));
#9605 = VECTOR('',#9606,1.);
#9606 = DIRECTION('',(1.,0.));
#9607 = ( GEOMETRIC_REPRESENTATION_CONTEXT(2) 
PARAMETRIC_REPRESENTATION_CONTEXT() REPRESENTATION_CONTEXT('2D SPACE',''
  ) );
#9608 = ORIENTED_EDGE('',*,*,#6639,.T.);
#9609 = FACE_BOUND('',#9610,.T.);
#9610 = EDGE_LOOP('',(#9611,#9633));
#9611 = ORIENTED_EDGE('',*,*,#9612,.T.);
#9612 = EDGE_CURVE('',#6469,#6519,#9613,.T.);
#9613 = SURFACE_CURVE('',#9614,(#9619,#9626),.PCURVE_S1.);
#9614 = CIRCLE('',#9615,1.4);
#9615 = AXIS2_PLACEMENT_3D('',#9616,#9617,#9618);
#9616 = CARTESIAN_POINT('',(-36.42,30.54,0.));
#9617 = DIRECTION('',(0.,0.,1.));
#9618 = DIRECTION('',(1.,0.,-0.));
#9619 = PCURVE('',#128,#9620);
#9620 = DEFINITIONAL_REPRESENTATION('',(#9621),#9625);
#9621 = CIRCLE('',#9622,1.4);
#9622 = AXIS2_PLACEMENT_2D('',#9623,#9624);
#9623 = CARTESIAN_POINT('',(-36.42,30.54));
#9624 = DIRECTION('',(1.,0.));
#9625 = ( GEOMETRIC_REPRESENTATION_CONTEXT(2) 
PARAMETRIC_REPRESENTATION_CONTEXT() REPRESENTATION_CONTEXT('2D SPACE',''
  ) );
#9626 = PCURVE('',#5395,#9627);
#9627 = DEFINITIONAL_REPRESENTATION('',(#9628),#9632);
#9628 = LINE('',#9629,#9630);
#9629 = CARTESIAN_POINT('',(0.,0.));
#9630 = VECTOR('',#9631,1.);
#9631 = DIRECTION('',(1.,0.));
#9632 = ( GEOMETRIC_REPRESENTATION_CONTEXT(2) 
PARAMETRIC_REPRESENTATION_CONTEXT() REPRESENTATION_CONTEXT('2D SPACE',''
  ) );
#9633 = ORIENTED_EDGE('',*,*,#6541,.T.);
#9634 = FACE_BOUND('',#9635,.T.);
#9635 = EDGE_LOOP('',(#9636,#9658));
#9636 = ORIENTED_EDGE('',*,*,#9637,.T.);
#9637 = EDGE_CURVE('',#6371,#6421,#9638,.T.);
#9638 = SURFACE_CURVE('',#9639,(#9644,#9651),.PCURVE_S1.);
#9639 = CIRCLE('',#9640,1.4);
#9640 = AXIS2_PLACEMENT_3D('',#9641,#9642,#9643);
#9641 = CARTESIAN_POINT('',(-29.42,37.54,0.));
#9642 = DIRECTION('',(0.,0.,1.));
#9643 = DIRECTION('',(1.,0.,-0.));
#9644 = PCURVE('',#128,#9645);
#9645 = DEFINITIONAL_REPRESENTATION('',(#9646),#9650);
#9646 = CIRCLE('',#9647,1.4);
#9647 = AXIS2_PLACEMENT_2D('',#9648,#9649);
#9648 = CARTESIAN_POINT('',(-29.42,37.54));
#9649 = DIRECTION('',(1.,0.));
#9650 = ( GEOMETRIC_REPRESENTATION_CONTEXT(2) 
PARAMETRIC_REPRESENTATION_CONTEXT() REPRESENTATION_CONTEXT('2D SPACE',''
  ) );
#9651 = PCURVE('',#5281,#9652);
#9652 = DEFINITIONAL_REPRESENTATION('',(#9653),#9657);
#9653 = LINE('',#9654,#9655);
#9654 = CARTESIAN_POINT('',(0.,0.));
#9655 = VECTOR('',#9656,1.);
#9656 = DIRECTION('',(1.,0.));
#9657 = ( GEOMETRIC_REPRESENTATION_CONTEXT(2) 
PARAMETRIC_REPRESENTATION_CONTEXT() REPRESENTATION_CONTEXT('2D SPACE',''
  ) );
#9658 = ORIENTED_EDGE('',*,*,#6443,.T.);
#9659 = FACE_BOUND('',#9660,.T.);
#9660 = EDGE_LOOP('',(#9661,#9683));
#9661 = ORIENTED_EDGE('',*,*,#9662,.T.);
#9662 = EDGE_CURVE('',#6273,#6323,#9663,.T.);
#9663 = SURFACE_CURVE('',#9664,(#9669,#9676),.PCURVE_S1.);
#9664 = CIRCLE('',#9665,1.4);
#9665 = AXIS2_PLACEMENT_3D('',#9666,#9667,#9668);
#9666 = CARTESIAN_POINT('',(-36.42,44.54,0.));
#9667 = DIRECTION('',(0.,0.,1.));
#9668 = DIRECTION('',(1.,0.,-0.));
#9669 = PCURVE('',#128,#9670);
#9670 = DEFINITIONAL_REPRESENTATION('',(#9671),#9675);
#9671 = CIRCLE('',#9672,1.4);
#9672 = AXIS2_PLACEMENT_2D('',#9673,#9674);
#9673 = CARTESIAN_POINT('',(-36.42,44.54));
#9674 = DIRECTION('',(1.,0.));
#9675 = ( GEOMETRIC_REPRESENTATION_CONTEXT(2) 
PARAMETRIC_REPRESENTATION_CONTEXT() REPRESENTATION_CONTEXT('2D SPACE',''
  ) );
#9676 = PCURVE('',#5162,#9677);
#9677 = DEFINITIONAL_REPRESENTATION('',(#9678),#9682);
#9678 = LINE('',#9679,#9680);
#9679 = CARTESIAN_POINT('',(0.,0.));
#9680 = VECTOR('',#9681,1.);
#9681 = DIRECTION('',(1.,0.));
#9682 = ( GEOMETRIC_REPRESENTATION_CONTEXT(2) 
PARAMETRIC_REPRESENTATION_CONTEXT() REPRESENTATION_CONTEXT('2D SPACE',''
  ) );
#9683 = ORIENTED_EDGE('',*,*,#6345,.T.);
#9684 = FACE_BOUND('',#9685,.T.);
#9685 = EDGE_LOOP('',(#9686,#9712));
#9686 = ORIENTED_EDGE('',*,*,#9687,.F.);
#9687 = EDGE_CURVE('',#4903,#4936,#9688,.T.);
#9688 = SURFACE_CURVE('',#9689,(#9694,#9705),.PCURVE_S1.);
#9689 = CIRCLE('',#9690,2.75);
#9690 = AXIS2_PLACEMENT_3D('',#9691,#9692,#9693);
#9691 = CARTESIAN_POINT('',(-19.48717071212,11.24722977611,0.));
#9692 = DIRECTION('',(-0.,0.,-1.));
#9693 = DIRECTION('',(-1.,0.,0.));
#9694 = PCURVE('',#128,#9695);
#9695 = DEFINITIONAL_REPRESENTATION('',(#9696),#9704);
#9696 = ( BOUNDED_CURVE() B_SPLINE_CURVE(2,(#9697,#9698,#9699,#9700,
#9701,#9702,#9703),.UNSPECIFIED.,.T.,.F.) B_SPLINE_CURVE_WITH_KNOTS((1,2
    ,2,2,2,1),(-2.094395102393,0.,2.094395102393,4.188790204786,
6.28318530718,8.377580409573),.UNSPECIFIED.) CURVE() 
GEOMETRIC_REPRESENTATION_ITEM() RATIONAL_B_SPLINE_CURVE((1.,0.5,1.,0.5,
1.,0.5,1.)) REPRESENTATION_ITEM('') );
#9697 = CARTESIAN_POINT('',(-22.23717071212,11.24722977611));
#9698 = CARTESIAN_POINT('',(-22.23717071212,16.010369496924));
#9699 = CARTESIAN_POINT('',(-18.11217071212,13.628799636517));
#9700 = CARTESIAN_POINT('',(-13.98717071212,11.24722977611));
#9701 = CARTESIAN_POINT('',(-18.11217071212,8.865659915703));
#9702 = CARTESIAN_POINT('',(-22.23717071212,6.484090055296));
#9703 = CARTESIAN_POINT('',(-22.23717071212,11.24722977611));
#9704 = ( GEOMETRIC_REPRESENTATION_CONTEXT(2) 
PARAMETRIC_REPRESENTATION_CONTEXT() REPRESENTATION_CONTEXT('2D SPACE',''
  ) );
#9705 = PCURVE('',#4923,#9706);
#9706 = DEFINITIONAL_REPRESENTATION('',(#9707),#9711);
#9707 = LINE('',#9708,#9709);
#9708 = CARTESIAN_POINT('',(0.,0.));
#9709 = VECTOR('',#9710,1.);
#9710 = DIRECTION('',(1.,0.));
#9711 = ( GEOMETRIC_REPRESENTATION_CONTEXT(2) 
PARAMETRIC_REPRESENTATION_CONTEXT() REPRESENTATION_CONTEXT('2D SPACE',''
  ) );
#9712 = ORIENTED_EDGE('',*,*,#4935,.F.);
#9713 = FACE_BOUND('',#9714,.T.);
#9714 = EDGE_LOOP('',(#9715,#9741));
#9715 = ORIENTED_EDGE('',*,*,#9716,.F.);
#9716 = EDGE_CURVE('',#4783,#4816,#9717,.T.);
#9717 = SURFACE_CURVE('',#9718,(#9723,#9734),.PCURVE_S1.);
#9718 = CIRCLE('',#9719,2.75);
#9719 = AXIS2_PLACEMENT_3D('',#9720,#9721,#9722);
#9720 = CARTESIAN_POINT('',(-19.48397206437,-11.25276999652,0.));
#9721 = DIRECTION('',(-0.,0.,-1.));
#9722 = DIRECTION('',(-1.,0.,0.));
#9723 = PCURVE('',#128,#9724);
#9724 = DEFINITIONAL_REPRESENTATION('',(#9725),#9733);
#9725 = ( BOUNDED_CURVE() B_SPLINE_CURVE(2,(#9726,#9727,#9728,#9729,
#9730,#9731,#9732),.UNSPECIFIED.,.T.,.F.) B_SPLINE_CURVE_WITH_KNOTS((1,2
    ,2,2,2,1),(-2.094395102393,0.,2.094395102393,4.188790204786,
6.28318530718,8.377580409573),.UNSPECIFIED.) CURVE() 
GEOMETRIC_REPRESENTATION_ITEM() RATIONAL_B_SPLINE_CURVE((1.,0.5,1.,0.5,
1.,0.5,1.)) REPRESENTATION_ITEM('') );
#9726 = CARTESIAN_POINT('',(-22.23397206437,-11.25276999652));
#9727 = CARTESIAN_POINT('',(-22.23397206437,-6.489630275713));
#9728 = CARTESIAN_POINT('',(-18.10897206437,-8.87120013612));
#9729 = CARTESIAN_POINT('',(-13.98397206437,-11.25276999652));
#9730 = CARTESIAN_POINT('',(-18.10897206437,-13.63433985693));
#9731 = CARTESIAN_POINT('',(-22.23397206437,-16.01590971734));
#9732 = CARTESIAN_POINT('',(-22.23397206437,-11.25276999652));
#9733 = ( GEOMETRIC_REPRESENTATION_CONTEXT(2) 
PARAMETRIC_REPRESENTATION_CONTEXT() REPRESENTATION_CONTEXT('2D SPACE',''
  ) );
#9734 = PCURVE('',#4803,#9735);
#9735 = DEFINITIONAL_REPRESENTATION('',(#9736),#9740);
#9736 = LINE('',#9737,#9738);
#9737 = CARTESIAN_POINT('',(0.,0.));
#9738 = VECTOR('',#9739,1.);
#9739 = DIRECTION('',(1.,0.));
#9740 = ( GEOMETRIC_REPRESENTATION_CONTEXT(2) 
PARAMETRIC_REPRESENTATION_CONTEXT() REPRESENTATION_CONTEXT('2D SPACE',''
  ) );
#9741 = ORIENTED_EDGE('',*,*,#4815,.F.);
#9742 = FACE_BOUND('',#9743,.T.);
#9743 = EDGE_LOOP('',(#9744,#9770));
#9744 = ORIENTED_EDGE('',*,*,#9745,.F.);
#9745 = EDGE_CURVE('',#4663,#4696,#9746,.T.);
#9746 = SURFACE_CURVE('',#9747,(#9752,#9763),.PCURVE_S1.);
#9747 = CIRCLE('',#9748,2.75);
#9748 = AXIS2_PLACEMENT_3D('',#9749,#9750,#9751);
#9749 = CARTESIAN_POINT('',(3.198647749112E-03,-22.49999977263,0.));
#9750 = DIRECTION('',(-0.,0.,-1.));
#9751 = DIRECTION('',(-1.,0.,0.));
#9752 = PCURVE('',#128,#9753);
#9753 = DEFINITIONAL_REPRESENTATION('',(#9754),#9762);
#9754 = ( BOUNDED_CURVE() B_SPLINE_CURVE(2,(#9755,#9756,#9757,#9758,
#9759,#9760,#9761),.UNSPECIFIED.,.T.,.F.) B_SPLINE_CURVE_WITH_KNOTS((1,2
    ,2,2,2,1),(-2.094395102393,0.,2.094395102393,4.188790204786,
6.28318530718,8.377580409573),.UNSPECIFIED.) CURVE() 
GEOMETRIC_REPRESENTATION_ITEM() RATIONAL_B_SPLINE_CURVE((1.,0.5,1.,0.5,
1.,0.5,1.)) REPRESENTATION_ITEM('') );
#9755 = CARTESIAN_POINT('',(-2.746801352251,-22.49999977263));
#9756 = CARTESIAN_POINT('',(-2.746801352251,-17.73686005182));
#9757 = CARTESIAN_POINT('',(1.378198647749,-20.11842991223));
#9758 = CARTESIAN_POINT('',(5.503198647749,-22.49999977263));
#9759 = CARTESIAN_POINT('',(1.378198647749,-24.88156963304));
#9760 = CARTESIAN_POINT('',(-2.746801352251,-27.26313949345));
#9761 = CARTESIAN_POINT('',(-2.746801352251,-22.49999977263));
#9762 = ( GEOMETRIC_REPRESENTATION_CONTEXT(2) 
PARAMETRIC_REPRESENTATION_CONTEXT() REPRESENTATION_CONTEXT('2D SPACE',''
  ) );
#9763 = PCURVE('',#4683,#9764);
#9764 = DEFINITIONAL_REPRESENTATION('',(#9765),#9769);
#9765 = LINE('',#9766,#9767);
#9766 = CARTESIAN_POINT('',(0.,0.));
#9767 = VECTOR('',#9768,1.);
#9768 = DIRECTION('',(1.,0.));
#9769 = ( GEOMETRIC_REPRESENTATION_CONTEXT(2) 
PARAMETRIC_REPRESENTATION_CONTEXT() REPRESENTATION_CONTEXT('2D SPACE',''
  ) );
#9770 = ORIENTED_EDGE('',*,*,#4695,.F.);
#9771 = FACE_BOUND('',#9772,.T.);
#9772 = EDGE_LOOP('',(#9773,#9799));
#9773 = ORIENTED_EDGE('',*,*,#9774,.F.);
#9774 = EDGE_CURVE('',#4543,#4576,#9775,.T.);
#9775 = SURFACE_CURVE('',#9776,(#9781,#9792),.PCURVE_S1.);
#9776 = CIRCLE('',#9777,2.75);
#9777 = AXIS2_PLACEMENT_3D('',#9778,#9779,#9780);
#9778 = CARTESIAN_POINT('',(19.487170712122,-11.24722977611,0.));
#9779 = DIRECTION('',(-0.,0.,-1.));
#9780 = DIRECTION('',(-1.,0.,0.));
#9781 = PCURVE('',#128,#9782);
#9782 = DEFINITIONAL_REPRESENTATION('',(#9783),#9791);
#9783 = ( BOUNDED_CURVE() B_SPLINE_CURVE(2,(#9784,#9785,#9786,#9787,
#9788,#9789,#9790),.UNSPECIFIED.,.T.,.F.) B_SPLINE_CURVE_WITH_KNOTS((1,2
    ,2,2,2,1),(-2.094395102393,0.,2.094395102393,4.188790204786,
6.28318530718,8.377580409573),.UNSPECIFIED.) CURVE() 
GEOMETRIC_REPRESENTATION_ITEM() RATIONAL_B_SPLINE_CURVE((1.,0.5,1.,0.5,
1.,0.5,1.)) REPRESENTATION_ITEM('') );
#9784 = CARTESIAN_POINT('',(16.737170712122,-11.24722977611));
#9785 = CARTESIAN_POINT('',(16.737170712122,-6.484090055295));
#9786 = CARTESIAN_POINT('',(20.862170712122,-8.865659915703));
#9787 = CARTESIAN_POINT('',(24.987170712122,-11.24722977611));
#9788 = CARTESIAN_POINT('',(20.862170712122,-13.62879963651));
#9789 = CARTESIAN_POINT('',(16.737170712122,-16.01036949692));
#9790 = CARTESIAN_POINT('',(16.737170712122,-11.24722977611));
#9791 = ( GEOMETRIC_REPRESENTATION_CONTEXT(2) 
PARAMETRIC_REPRESENTATION_CONTEXT() REPRESENTATION_CONTEXT('2D SPACE',''
  ) );
#9792 = PCURVE('',#4563,#9793);
#9793 = DEFINITIONAL_REPRESENTATION('',(#9794),#9798);
#9794 = LINE('',#9795,#9796);
#9795 = CARTESIAN_POINT('',(0.,0.));
#9796 = VECTOR('',#9797,1.);
#9797 = DIRECTION('',(1.,0.));
#9798 = ( GEOMETRIC_REPRESENTATION_CONTEXT(2) 
PARAMETRIC_REPRESENTATION_CONTEXT() REPRESENTATION_CONTEXT('2D SPACE',''
  ) );
#9799 = ORIENTED_EDGE('',*,*,#4575,.F.);
#9800 = FACE_BOUND('',#9801,.T.);
#9801 = EDGE_LOOP('',(#9802,#9828));
#9802 = ORIENTED_EDGE('',*,*,#9803,.F.);
#9803 = EDGE_CURVE('',#4423,#4456,#9804,.T.);
#9804 = SURFACE_CURVE('',#9805,(#9810,#9821),.PCURVE_S1.);
#9805 = CIRCLE('',#9806,2.75);
#9806 = AXIS2_PLACEMENT_3D('',#9807,#9808,#9809);
#9807 = CARTESIAN_POINT('',(19.483972064373,11.252769996527,0.));
#9808 = DIRECTION('',(-0.,0.,-1.));
#9809 = DIRECTION('',(-1.,0.,0.));
#9810 = PCURVE('',#128,#9811);
#9811 = DEFINITIONAL_REPRESENTATION('',(#9812),#9820);
#9812 = ( BOUNDED_CURVE() B_SPLINE_CURVE(2,(#9813,#9814,#9815,#9816,
#9817,#9818,#9819),.UNSPECIFIED.,.T.,.F.) B_SPLINE_CURVE_WITH_KNOTS((1,2
    ,2,2,2,1),(-2.094395102393,0.,2.094395102393,4.188790204786,
6.28318530718,8.377580409573),.UNSPECIFIED.) CURVE() 
GEOMETRIC_REPRESENTATION_ITEM() RATIONAL_B_SPLINE_CURVE((1.,0.5,1.,0.5,
1.,0.5,1.)) REPRESENTATION_ITEM('') );
#9813 = CARTESIAN_POINT('',(16.733972064373,11.252769996527));
#9814 = CARTESIAN_POINT('',(16.733972064373,16.015909717341));
#9815 = CARTESIAN_POINT('',(20.858972064373,13.634339856934));
#9816 = CARTESIAN_POINT('',(24.983972064373,11.252769996527));
#9817 = CARTESIAN_POINT('',(20.858972064373,8.87120013612));
#9818 = CARTESIAN_POINT('',(16.733972064373,6.489630275712));
#9819 = CARTESIAN_POINT('',(16.733972064373,11.252769996527));
#9820 = ( GEOMETRIC_REPRESENTATION_CONTEXT(2) 
PARAMETRIC_REPRESENTATION_CONTEXT() REPRESENTATION_CONTEXT('2D SPACE',''
  ) );
#9821 = PCURVE('',#4443,#9822);
#9822 = DEFINITIONAL_REPRESENTATION('',(#9823),#9827);
#9823 = LINE('',#9824,#9825);
#9824 = CARTESIAN_POINT('',(0.,0.));
#9825 = VECTOR('',#9826,1.);
#9826 = DIRECTION('',(1.,0.));
#9827 = ( GEOMETRIC_REPRESENTATION_CONTEXT(2) 
PARAMETRIC_REPRESENTATION_CONTEXT() REPRESENTATION_CONTEXT('2D SPACE',''
  ) );
#9828 = ORIENTED_EDGE('',*,*,#4455,.F.);
#9829 = ADVANCED_FACE('',(#9830,#9971,#9996,#10021,#10046,#10071,#10096,
    #10121,#10146,#10171,#10196,#10225,#10250,#10275,#10300,#10325),#356
  ,.T.);
#9830 = FACE_BOUND('',#9831,.T.);
#9831 = EDGE_LOOP('',(#9832,#9858,#9881,#9903,#9904,#9926,#9947,#9948,
    #9949));
#9832 = ORIENTED_EDGE('',*,*,#9833,.F.);
#9833 = EDGE_CURVE('',#9834,#9836,#9838,.T.);
#9834 = VERTEX_POINT('',#9835);
#9835 = CARTESIAN_POINT('',(13.198981345114,23.148975875729,10.));
#9836 = VERTEX_POINT('',#9837);
#9837 = CARTESIAN_POINT('',(13.204056866545,23.148982315969,10.));
#9838 = SURFACE_CURVE('',#9839,(#9844,#9851),.PCURVE_S1.);
#9839 = CIRCLE('',#9840,2.);
#9840 = AXIS2_PLACEMENT_3D('',#9841,#9842,#9843);
#9841 = CARTESIAN_POINT('',(13.198981345114,25.148975875729,10.));
#9842 = DIRECTION('',(-0.,0.,1.));
#9843 = DIRECTION('',(1.,0.,0.));
#9844 = PCURVE('',#356,#9845);
#9845 = DEFINITIONAL_REPRESENTATION('',(#9846),#9850);
#9846 = CIRCLE('',#9847,2.);
#9847 = AXIS2_PLACEMENT_2D('',#9848,#9849);
#9848 = CARTESIAN_POINT('',(13.198981345114,25.148975875729));
#9849 = DIRECTION('',(1.,0.));
#9850 = ( GEOMETRIC_REPRESENTATION_CONTEXT(2) 
PARAMETRIC_REPRESENTATION_CONTEXT() REPRESENTATION_CONTEXT('2D SPACE',''
  ) );
#9851 = PCURVE('',#101,#9852);
#9852 = DEFINITIONAL_REPRESENTATION('',(#9853),#9857);
#9853 = LINE('',#9854,#9855);
#9854 = CARTESIAN_POINT('',(0.,10.));
#9855 = VECTOR('',#9856,1.);
#9856 = DIRECTION('',(1.,0.));
#9857 = ( GEOMETRIC_REPRESENTATION_CONTEXT(2) 
PARAMETRIC_REPRESENTATION_CONTEXT() REPRESENTATION_CONTEXT('2D SPACE',''
  ) );
#9858 = ORIENTED_EDGE('',*,*,#9859,.F.);
#9859 = EDGE_CURVE('',#9860,#9834,#9862,.T.);
#9860 = VERTEX_POINT('',#9861);
#9861 = CARTESIAN_POINT('',(7.198981345114,23.148975875729,10.));
#9862 = SURFACE_CURVE('',#9863,(#9867,#9874),.PCURVE_S1.);
#9863 = LINE('',#9864,#9865);
#9864 = CARTESIAN_POINT('',(-1.338569063215E-14,23.148975875729,10.));
#9865 = VECTOR('',#9866,1.);
#9866 = DIRECTION('',(1.,5.782411586589E-16,0.));
#9867 = PCURVE('',#356,#9868);
#9868 = DEFINITIONAL_REPRESENTATION('',(#9869),#9873);
#9869 = LINE('',#9870,#9871);
#9870 = CARTESIAN_POINT('',(-1.338569063215E-14,23.148975875729));
#9871 = VECTOR('',#9872,1.);
#9872 = DIRECTION('',(1.,5.782411586589E-16));
#9873 = ( GEOMETRIC_REPRESENTATION_CONTEXT(2) 
PARAMETRIC_REPRESENTATION_CONTEXT() REPRESENTATION_CONTEXT('2D SPACE',''
  ) );
#9874 = PCURVE('',#8304,#9875);
#9875 = DEFINITIONAL_REPRESENTATION('',(#9876),#9880);
#9876 = LINE('',#9877,#9878);
#9877 = CARTESIAN_POINT('',(-13.19898134511,10.));
#9878 = VECTOR('',#9879,1.);
#9879 = DIRECTION('',(1.,0.));
#9880 = ( GEOMETRIC_REPRESENTATION_CONTEXT(2) 
PARAMETRIC_REPRESENTATION_CONTEXT() REPRESENTATION_CONTEXT('2D SPACE',''
  ) );
#9881 = ORIENTED_EDGE('',*,*,#9882,.F.);
#9882 = EDGE_CURVE('',#7225,#9860,#9883,.T.);
#9883 = SURFACE_CURVE('',#9884,(#9889,#9896),.PCURVE_S1.);
#9884 = CIRCLE('',#9885,2.);
#9885 = AXIS2_PLACEMENT_3D('',#9886,#9887,#9888);
#9886 = CARTESIAN_POINT('',(7.198981345114,25.148975875729,10.));
#9887 = DIRECTION('',(-0.,0.,1.));
#9888 = DIRECTION('',(1.,0.,0.));
#9889 = PCURVE('',#356,#9890);
#9890 = DEFINITIONAL_REPRESENTATION('',(#9891),#9895);
#9891 = CIRCLE('',#9892,2.);
#9892 = AXIS2_PLACEMENT_2D('',#9893,#9894);
#9893 = CARTESIAN_POINT('',(7.198981345114,25.148975875729));
#9894 = DIRECTION('',(1.,0.));
#9895 = ( GEOMETRIC_REPRESENTATION_CONTEXT(2) 
PARAMETRIC_REPRESENTATION_CONTEXT() REPRESENTATION_CONTEXT('2D SPACE',''
  ) );
#9896 = PCURVE('',#7245,#9897);
#9897 = DEFINITIONAL_REPRESENTATION('',(#9898),#9902);
#9898 = LINE('',#9899,#9900);
#9899 = CARTESIAN_POINT('',(0.,10.));
#9900 = VECTOR('',#9901,1.);
#9901 = DIRECTION('',(1.,0.));
#9902 = ( GEOMETRIC_REPRESENTATION_CONTEXT(2) 
PARAMETRIC_REPRESENTATION_CONTEXT() REPRESENTATION_CONTEXT('2D SPACE',''
  ) );
#9903 = ORIENTED_EDGE('',*,*,#7308,.T.);
#9904 = ORIENTED_EDGE('',*,*,#9905,.T.);
#9905 = EDGE_CURVE('',#7286,#9906,#9908,.T.);
#9906 = VERTEX_POINT('',#9907);
#9907 = CARTESIAN_POINT('',(-7.205563451371,23.148975875729,10.));
#9908 = SURFACE_CURVE('',#9909,(#9913,#9920),.PCURVE_S1.);
#9909 = LINE('',#9910,#9911);
#9910 = CARTESIAN_POINT('',(13.198981345114,23.151876629149,10.));
#9911 = VECTOR('',#9912,1.);
#9912 = DIRECTION('',(-0.999999989895,-1.421621221833E-04,0.));
#9913 = PCURVE('',#356,#9914);
#9914 = DEFINITIONAL_REPRESENTATION('',(#9915),#9919);
#9915 = LINE('',#9916,#9917);
#9916 = CARTESIAN_POINT('',(13.198981345114,23.151876629149));
#9917 = VECTOR('',#9918,1.);
#9918 = DIRECTION('',(-0.999999989895,-1.421621221833E-04));
#9919 = ( GEOMETRIC_REPRESENTATION_CONTEXT(2) 
PARAMETRIC_REPRESENTATION_CONTEXT() REPRESENTATION_CONTEXT('2D SPACE',''
  ) );
#9920 = PCURVE('',#218,#9921);
#9921 = DEFINITIONAL_REPRESENTATION('',(#9922),#9925);
#9922 = B_SPLINE_CURVE_WITH_KNOTS('',1,(#9923,#9924),.UNSPECIFIED.,.F.,
  .F.,(2,2),(20.404260678429,20.404545002673),.PIECEWISE_BEZIER_KNOTS.);
#9923 = CARTESIAN_POINT('',(4.712531142507,10.));
#9924 = CARTESIAN_POINT('',(4.712388980385,10.));
#9925 = ( GEOMETRIC_REPRESENTATION_CONTEXT(2) 
PARAMETRIC_REPRESENTATION_CONTEXT() REPRESENTATION_CONTEXT('2D SPACE',''
  ) );
#9926 = ORIENTED_EDGE('',*,*,#9927,.T.);
#9927 = EDGE_CURVE('',#9906,#3977,#9928,.T.);
#9928 = SURFACE_CURVE('',#9929,(#9933,#9940),.PCURVE_S1.);
#9929 = LINE('',#9930,#9931);
#9930 = CARTESIAN_POINT('',(13.198981345114,23.151876629149,10.));
#9931 = VECTOR('',#9932,1.);
#9932 = DIRECTION('',(-0.999999989895,-1.421621221833E-04,0.));
#9933 = PCURVE('',#356,#9934);
#9934 = DEFINITIONAL_REPRESENTATION('',(#9935),#9939);
#9935 = LINE('',#9936,#9937);
#9936 = CARTESIAN_POINT('',(13.198981345114,23.151876629149));
#9937 = VECTOR('',#9938,1.);
#9938 = DIRECTION('',(-0.999999989895,-1.421621221833E-04));
#9939 = ( GEOMETRIC_REPRESENTATION_CONTEXT(2) 
PARAMETRIC_REPRESENTATION_CONTEXT() REPRESENTATION_CONTEXT('2D SPACE',''
  ) );
#9940 = PCURVE('',#3992,#9941);
#9941 = DEFINITIONAL_REPRESENTATION('',(#9942),#9946);
#9942 = LINE('',#9943,#9944);
#9943 = CARTESIAN_POINT('',(0.,-1.));
#9944 = VECTOR('',#9945,1.);
#9945 = DIRECTION('',(-1.,0.));
#9946 = ( GEOMETRIC_REPRESENTATION_CONTEXT(2) 
PARAMETRIC_REPRESENTATION_CONTEXT() REPRESENTATION_CONTEXT('2D SPACE',''
  ) );
#9947 = ORIENTED_EDGE('',*,*,#4004,.T.);
#9948 = ORIENTED_EDGE('',*,*,#3892,.T.);
#9949 = ORIENTED_EDGE('',*,*,#9950,.T.);
#9950 = EDGE_CURVE('',#3893,#9836,#9951,.T.);
#9951 = SURFACE_CURVE('',#9952,(#9957,#9964),.PCURVE_S1.);
#9952 = CIRCLE('',#9953,26.65);
#9953 = AXIS2_PLACEMENT_3D('',#9954,#9955,#9956);
#9954 = CARTESIAN_POINT('',(0.,0.,10.));
#9955 = DIRECTION('',(0.,0.,1.));
#9956 = DIRECTION('',(1.,0.,-0.));
#9957 = PCURVE('',#356,#9958);
#9958 = DEFINITIONAL_REPRESENTATION('',(#9959),#9963);
#9959 = CIRCLE('',#9960,26.65);
#9960 = AXIS2_PLACEMENT_2D('',#9961,#9962);
#9961 = CARTESIAN_POINT('',(0.,0.));
#9962 = DIRECTION('',(1.,0.));
#9963 = ( GEOMETRIC_REPRESENTATION_CONTEXT(2) 
PARAMETRIC_REPRESENTATION_CONTEXT() REPRESENTATION_CONTEXT('2D SPACE',''
  ) );
#9964 = PCURVE('',#3932,#9965);
#9965 = DEFINITIONAL_REPRESENTATION('',(#9966),#9970);
#9966 = LINE('',#9967,#9968);
#9967 = CARTESIAN_POINT('',(3.14159265359,1.));
#9968 = VECTOR('',#9969,1.);
#9969 = DIRECTION('',(-1.,0.));
#9970 = ( GEOMETRIC_REPRESENTATION_CONTEXT(2) 
PARAMETRIC_REPRESENTATION_CONTEXT() REPRESENTATION_CONTEXT('2D SPACE',''
  ) );
#9971 = FACE_BOUND('',#9972,.T.);
#9972 = EDGE_LOOP('',(#9973,#9974));
#9973 = ORIENTED_EDGE('',*,*,#341,.F.);
#9974 = ORIENTED_EDGE('',*,*,#9975,.F.);
#9975 = EDGE_CURVE('',#319,#256,#9976,.T.);
#9976 = SURFACE_CURVE('',#9977,(#9982,#9989),.PCURVE_S1.);
#9977 = CIRCLE('',#9978,0.75);
#9978 = AXIS2_PLACEMENT_3D('',#9979,#9980,#9981);
#9979 = CARTESIAN_POINT('',(4.091726957256E-13,13.,10.));
#9980 = DIRECTION('',(-0.,0.,1.));
#9981 = DIRECTION('',(1.,0.,0.));
#9982 = PCURVE('',#356,#9983);
#9983 = DEFINITIONAL_REPRESENTATION('',(#9984),#9988);
#9984 = CIRCLE('',#9985,0.75);
#9985 = AXIS2_PLACEMENT_2D('',#9986,#9987);
#9986 = CARTESIAN_POINT('',(4.091726957256E-13,13.));
#9987 = DIRECTION('',(1.,0.));
#9988 = ( GEOMETRIC_REPRESENTATION_CONTEXT(2) 
PARAMETRIC_REPRESENTATION_CONTEXT() REPRESENTATION_CONTEXT('2D SPACE',''
  ) );
#9989 = PCURVE('',#278,#9990);
#9990 = DEFINITIONAL_REPRESENTATION('',(#9991),#9995);
#9991 = LINE('',#9992,#9993);
#9992 = CARTESIAN_POINT('',(3.14159265359,10.5));
#9993 = VECTOR('',#9994,1.);
#9994 = DIRECTION('',(-1.,0.));
#9995 = ( GEOMETRIC_REPRESENTATION_CONTEXT(2) 
PARAMETRIC_REPRESENTATION_CONTEXT() REPRESENTATION_CONTEXT('2D SPACE',''
  ) );
#9996 = FACE_BOUND('',#9997,.T.);
#9997 = EDGE_LOOP('',(#9998,#10020));
#9998 = ORIENTED_EDGE('',*,*,#9999,.F.);
#9999 = EDGE_CURVE('',#3004,#3037,#10000,.T.);
#10000 = SURFACE_CURVE('',#10001,(#10006,#10013),.PCURVE_S1.);
#10001 = CIRCLE('',#10002,1.4);
#10002 = AXIS2_PLACEMENT_3D('',#10003,#10004,#10005);
#10003 = CARTESIAN_POINT('',(-4.949747468306,4.949747468306,10.));
#10004 = DIRECTION('',(0.,0.,1.));
#10005 = DIRECTION('',(1.,0.,-0.));
#10006 = PCURVE('',#356,#10007);
#10007 = DEFINITIONAL_REPRESENTATION('',(#10008),#10012);
#10008 = CIRCLE('',#10009,1.4);
#10009 = AXIS2_PLACEMENT_2D('',#10010,#10011);
#10010 = CARTESIAN_POINT('',(-4.949747468306,4.949747468306));
#10011 = DIRECTION('',(1.,0.));
#10012 = ( GEOMETRIC_REPRESENTATION_CONTEXT(2) 
PARAMETRIC_REPRESENTATION_CONTEXT() REPRESENTATION_CONTEXT('2D SPACE',''
  ) );
#10013 = PCURVE('',#3024,#10014);
#10014 = DEFINITIONAL_REPRESENTATION('',(#10015),#10019);
#10015 = LINE('',#10016,#10017);
#10016 = CARTESIAN_POINT('',(0.,10.));
#10017 = VECTOR('',#10018,1.);
#10018 = DIRECTION('',(1.,0.));
#10019 = ( GEOMETRIC_REPRESENTATION_CONTEXT(2) 
PARAMETRIC_REPRESENTATION_CONTEXT() REPRESENTATION_CONTEXT('2D SPACE',''
  ) );
#10020 = ORIENTED_EDGE('',*,*,#3036,.F.);
#10021 = FACE_BOUND('',#10022,.T.);
#10022 = EDGE_LOOP('',(#10023,#10045));
#10023 = ORIENTED_EDGE('',*,*,#10024,.F.);
#10024 = EDGE_CURVE('',#3111,#3144,#10025,.T.);
#10025 = SURFACE_CURVE('',#10026,(#10031,#10038),.PCURVE_S1.);
#10026 = CIRCLE('',#10027,1.4);
#10027 = AXIS2_PLACEMENT_3D('',#10028,#10029,#10030);
#10028 = CARTESIAN_POINT('',(-7.,7.285750671753E-14,10.));
#10029 = DIRECTION('',(0.,0.,1.));
#10030 = DIRECTION('',(1.,0.,-0.));
#10031 = PCURVE('',#356,#10032);
#10032 = DEFINITIONAL_REPRESENTATION('',(#10033),#10037);
#10033 = CIRCLE('',#10034,1.4);
#10034 = AXIS2_PLACEMENT_2D('',#10035,#10036);
#10035 = CARTESIAN_POINT('',(-7.,7.285750671753E-14));
#10036 = DIRECTION('',(1.,0.));
#10037 = ( GEOMETRIC_REPRESENTATION_CONTEXT(2) 
PARAMETRIC_REPRESENTATION_CONTEXT() REPRESENTATION_CONTEXT('2D SPACE',''
  ) );
#10038 = PCURVE('',#3131,#10039);
#10039 = DEFINITIONAL_REPRESENTATION('',(#10040),#10044);
#10040 = LINE('',#10041,#10042);
#10041 = CARTESIAN_POINT('',(0.,10.));
#10042 = VECTOR('',#10043,1.);
#10043 = DIRECTION('',(1.,0.));
#10044 = ( GEOMETRIC_REPRESENTATION_CONTEXT(2) 
PARAMETRIC_REPRESENTATION_CONTEXT() REPRESENTATION_CONTEXT('2D SPACE',''
  ) );
#10045 = ORIENTED_EDGE('',*,*,#3143,.F.);
#10046 = FACE_BOUND('',#10047,.T.);
#10047 = EDGE_LOOP('',(#10048,#10070));
#10048 = ORIENTED_EDGE('',*,*,#10049,.F.);
#10049 = EDGE_CURVE('',#3218,#3251,#10050,.T.);
#10050 = SURFACE_CURVE('',#10051,(#10056,#10063),.PCURVE_S1.);
#10051 = CIRCLE('',#10052,1.4);
#10052 = AXIS2_PLACEMENT_3D('',#10053,#10054,#10055);
#10053 = CARTESIAN_POINT('',(-4.949747468306,-4.949747468306,10.));
#10054 = DIRECTION('',(0.,0.,1.));
#10055 = DIRECTION('',(1.,0.,-0.));
#10056 = PCURVE('',#356,#10057);
#10057 = DEFINITIONAL_REPRESENTATION('',(#10058),#10062);
#10058 = CIRCLE('',#10059,1.4);
#10059 = AXIS2_PLACEMENT_2D('',#10060,#10061);
#10060 = CARTESIAN_POINT('',(-4.949747468306,-4.949747468306));
#10061 = DIRECTION('',(1.,0.));
#10062 = ( GEOMETRIC_REPRESENTATION_CONTEXT(2) 
PARAMETRIC_REPRESENTATION_CONTEXT() REPRESENTATION_CONTEXT('2D SPACE',''
  ) );
#10063 = PCURVE('',#3238,#10064);
#10064 = DEFINITIONAL_REPRESENTATION('',(#10065),#10069);
#10065 = LINE('',#10066,#10067);
#10066 = CARTESIAN_POINT('',(0.,10.));
#10067 = VECTOR('',#10068,1.);
#10068 = DIRECTION('',(1.,0.));
#10069 = ( GEOMETRIC_REPRESENTATION_CONTEXT(2) 
PARAMETRIC_REPRESENTATION_CONTEXT() REPRESENTATION_CONTEXT('2D SPACE',''
  ) );
#10070 = ORIENTED_EDGE('',*,*,#3250,.F.);
#10071 = FACE_BOUND('',#10072,.T.);
#10072 = EDGE_LOOP('',(#10073,#10095));
#10073 = ORIENTED_EDGE('',*,*,#10074,.F.);
#10074 = EDGE_CURVE('',#3325,#3358,#10075,.T.);
#10075 = SURFACE_CURVE('',#10076,(#10081,#10088),.PCURVE_S1.);
#10076 = CIRCLE('',#10077,1.4);
#10077 = AXIS2_PLACEMENT_3D('',#10078,#10079,#10080);
#10078 = CARTESIAN_POINT('',(-4.876566708316E-14,-7.,10.));
#10079 = DIRECTION('',(0.,0.,1.));
#10080 = DIRECTION('',(1.,0.,-0.));
#10081 = PCURVE('',#356,#10082);
#10082 = DEFINITIONAL_REPRESENTATION('',(#10083),#10087);
#10083 = CIRCLE('',#10084,1.4);
#10084 = AXIS2_PLACEMENT_2D('',#10085,#10086);
#10085 = CARTESIAN_POINT('',(-4.876566708316E-14,-7.));
#10086 = DIRECTION('',(1.,0.));
#10087 = ( GEOMETRIC_REPRESENTATION_CONTEXT(2) 
PARAMETRIC_REPRESENTATION_CONTEXT() REPRESENTATION_CONTEXT('2D SPACE',''
  ) );
#10088 = PCURVE('',#3345,#10089);
#10089 = DEFINITIONAL_REPRESENTATION('',(#10090),#10094);
#10090 = LINE('',#10091,#10092);
#10091 = CARTESIAN_POINT('',(0.,10.));
#10092 = VECTOR('',#10093,1.);
#10093 = DIRECTION('',(1.,0.));
#10094 = ( GEOMETRIC_REPRESENTATION_CONTEXT(2) 
PARAMETRIC_REPRESENTATION_CONTEXT() REPRESENTATION_CONTEXT('2D SPACE',''
  ) );
#10095 = ORIENTED_EDGE('',*,*,#3357,.F.);
#10096 = FACE_BOUND('',#10097,.T.);
#10097 = EDGE_LOOP('',(#10098,#10120));
#10098 = ORIENTED_EDGE('',*,*,#10099,.F.);
#10099 = EDGE_CURVE('',#3432,#3465,#10100,.T.);
#10100 = SURFACE_CURVE('',#10101,(#10106,#10113),.PCURVE_S1.);
#10101 = CIRCLE('',#10102,1.4);
#10102 = AXIS2_PLACEMENT_3D('',#10103,#10104,#10105);
#10103 = CARTESIAN_POINT('',(4.949747468306,-4.949747468306,10.));
#10104 = DIRECTION('',(0.,0.,1.));
#10105 = DIRECTION('',(1.,0.,-0.));
#10106 = PCURVE('',#356,#10107);
#10107 = DEFINITIONAL_REPRESENTATION('',(#10108),#10112);
#10108 = CIRCLE('',#10109,1.4);
#10109 = AXIS2_PLACEMENT_2D('',#10110,#10111);
#10110 = CARTESIAN_POINT('',(4.949747468306,-4.949747468306));
#10111 = DIRECTION('',(1.,0.));
#10112 = ( GEOMETRIC_REPRESENTATION_CONTEXT(2) 
PARAMETRIC_REPRESENTATION_CONTEXT() REPRESENTATION_CONTEXT('2D SPACE',''
  ) );
#10113 = PCURVE('',#3452,#10114);
#10114 = DEFINITIONAL_REPRESENTATION('',(#10115),#10119);
#10115 = LINE('',#10116,#10117);
#10116 = CARTESIAN_POINT('',(0.,10.));
#10117 = VECTOR('',#10118,1.);
#10118 = DIRECTION('',(1.,0.));
#10119 = ( GEOMETRIC_REPRESENTATION_CONTEXT(2) 
PARAMETRIC_REPRESENTATION_CONTEXT() REPRESENTATION_CONTEXT('2D SPACE',''
  ) );
#10120 = ORIENTED_EDGE('',*,*,#3464,.F.);
#10121 = FACE_BOUND('',#10122,.T.);
#10122 = EDGE_LOOP('',(#10123,#10145));
#10123 = ORIENTED_EDGE('',*,*,#10124,.F.);
#10124 = EDGE_CURVE('',#3539,#3572,#10125,.T.);
#10125 = SURFACE_CURVE('',#10126,(#10131,#10138),.PCURVE_S1.);
#10126 = CIRCLE('',#10127,1.4);
#10127 = AXIS2_PLACEMENT_3D('',#10128,#10129,#10130);
#10128 = CARTESIAN_POINT('',(7.,-1.222768890124E-13,10.));
#10129 = DIRECTION('',(0.,0.,1.));
#10130 = DIRECTION('',(1.,0.,-0.));
#10131 = PCURVE('',#356,#10132);
#10132 = DEFINITIONAL_REPRESENTATION('',(#10133),#10137);
#10133 = CIRCLE('',#10134,1.4);
#10134 = AXIS2_PLACEMENT_2D('',#10135,#10136);
#10135 = CARTESIAN_POINT('',(7.,-1.222768890124E-13));
#10136 = DIRECTION('',(1.,0.));
#10137 = ( GEOMETRIC_REPRESENTATION_CONTEXT(2) 
PARAMETRIC_REPRESENTATION_CONTEXT() REPRESENTATION_CONTEXT('2D SPACE',''
  ) );
#10138 = PCURVE('',#3559,#10139);
#10139 = DEFINITIONAL_REPRESENTATION('',(#10140),#10144);
#10140 = LINE('',#10141,#10142);
#10141 = CARTESIAN_POINT('',(0.,10.));
#10142 = VECTOR('',#10143,1.);
#10143 = DIRECTION('',(1.,0.));
#10144 = ( GEOMETRIC_REPRESENTATION_CONTEXT(2) 
PARAMETRIC_REPRESENTATION_CONTEXT() REPRESENTATION_CONTEXT('2D SPACE',''
  ) );
#10145 = ORIENTED_EDGE('',*,*,#3571,.F.);
#10146 = FACE_BOUND('',#10147,.T.);
#10147 = EDGE_LOOP('',(#10148,#10170));
#10148 = ORIENTED_EDGE('',*,*,#10149,.F.);
#10149 = EDGE_CURVE('',#3646,#3679,#10150,.T.);
#10150 = SURFACE_CURVE('',#10151,(#10156,#10163),.PCURVE_S1.);
#10151 = CIRCLE('',#10152,1.4);
#10152 = AXIS2_PLACEMENT_3D('',#10153,#10154,#10155);
#10153 = CARTESIAN_POINT('',(4.949747468306,4.949747468306,10.));
#10154 = DIRECTION('',(0.,0.,1.));
#10155 = DIRECTION('',(1.,0.,-0.));
#10156 = PCURVE('',#356,#10157);
#10157 = DEFINITIONAL_REPRESENTATION('',(#10158),#10162);
#10158 = CIRCLE('',#10159,1.4);
#10159 = AXIS2_PLACEMENT_2D('',#10160,#10161);
#10160 = CARTESIAN_POINT('',(4.949747468306,4.949747468306));
#10161 = DIRECTION('',(1.,0.));
#10162 = ( GEOMETRIC_REPRESENTATION_CONTEXT(2) 
PARAMETRIC_REPRESENTATION_CONTEXT() REPRESENTATION_CONTEXT('2D SPACE',''
  ) );
#10163 = PCURVE('',#3666,#10164);
#10164 = DEFINITIONAL_REPRESENTATION('',(#10165),#10169);
#10165 = LINE('',#10166,#10167);
#10166 = CARTESIAN_POINT('',(0.,10.));
#10167 = VECTOR('',#10168,1.);
#10168 = DIRECTION('',(1.,0.));
#10169 = ( GEOMETRIC_REPRESENTATION_CONTEXT(2) 
PARAMETRIC_REPRESENTATION_CONTEXT() REPRESENTATION_CONTEXT('2D SPACE',''
  ) );
#10170 = ORIENTED_EDGE('',*,*,#3678,.F.);
#10171 = FACE_BOUND('',#10172,.T.);
#10172 = EDGE_LOOP('',(#10173,#10195));
#10173 = ORIENTED_EDGE('',*,*,#10174,.F.);
#10174 = EDGE_CURVE('',#3753,#3786,#10175,.T.);
#10175 = SURFACE_CURVE('',#10176,(#10181,#10188),.PCURVE_S1.);
#10176 = CIRCLE('',#10177,1.4);
#10177 = AXIS2_PLACEMENT_3D('',#10178,#10179,#10180);
#10178 = CARTESIAN_POINT('',(5.819878144328E-16,7.,10.));
#10179 = DIRECTION('',(0.,0.,1.));
#10180 = DIRECTION('',(1.,0.,-0.));
#10181 = PCURVE('',#356,#10182);
#10182 = DEFINITIONAL_REPRESENTATION('',(#10183),#10187);
#10183 = CIRCLE('',#10184,1.4);
#10184 = AXIS2_PLACEMENT_2D('',#10185,#10186);
#10185 = CARTESIAN_POINT('',(5.819878144328E-16,7.));
#10186 = DIRECTION('',(1.,0.));
#10187 = ( GEOMETRIC_REPRESENTATION_CONTEXT(2) 
PARAMETRIC_REPRESENTATION_CONTEXT() REPRESENTATION_CONTEXT('2D SPACE',''
  ) );
#10188 = PCURVE('',#3773,#10189);
#10189 = DEFINITIONAL_REPRESENTATION('',(#10190),#10194);
#10190 = LINE('',#10191,#10192);
#10191 = CARTESIAN_POINT('',(0.,10.));
#10192 = VECTOR('',#10193,1.);
#10193 = DIRECTION('',(1.,0.));
#10194 = ( GEOMETRIC_REPRESENTATION_CONTEXT(2) 
PARAMETRIC_REPRESENTATION_CONTEXT() REPRESENTATION_CONTEXT('2D SPACE',''
  ) );
#10195 = ORIENTED_EDGE('',*,*,#3785,.F.);
#10196 = FACE_BOUND('',#10197,.T.);
#10197 = EDGE_LOOP('',(#10198,#10224));
#10198 = ORIENTED_EDGE('',*,*,#10199,.T.);
#10199 = EDGE_CURVE('',#5023,#5021,#10200,.T.);
#10200 = SURFACE_CURVE('',#10201,(#10206,#10217),.PCURVE_S1.);
#10201 = CIRCLE('',#10202,1.);
#10202 = AXIS2_PLACEMENT_3D('',#10203,#10204,#10205);
#10203 = CARTESIAN_POINT('',(0.,0.,10.));
#10204 = DIRECTION('',(0.,0.,-1.));
#10205 = DIRECTION('',(1.,0.,0.));
#10206 = PCURVE('',#356,#10207);
#10207 = DEFINITIONAL_REPRESENTATION('',(#10208),#10216);
#10208 = ( BOUNDED_CURVE() B_SPLINE_CURVE(2,(#10209,#10210,#10211,#10212
    ,#10213,#10214,#10215),.UNSPECIFIED.,.T.,.F.) 
B_SPLINE_CURVE_WITH_KNOTS((1,2,2,2,2,1),(-2.094395102393,0.,
    2.094395102393,4.188790204786,6.28318530718,8.377580409573),
.UNSPECIFIED.) CURVE() GEOMETRIC_REPRESENTATION_ITEM() 
RATIONAL_B_SPLINE_CURVE((1.,0.5,1.,0.5,1.,0.5,1.)) REPRESENTATION_ITEM(
  '') );
#10209 = CARTESIAN_POINT('',(1.,0.));
#10210 = CARTESIAN_POINT('',(1.,-1.732050807569));
#10211 = CARTESIAN_POINT('',(-0.5,-0.866025403784));
#10212 = CARTESIAN_POINT('',(-2.,-2.449293598295E-16));
#10213 = CARTESIAN_POINT('',(-0.5,0.866025403784));
#10214 = CARTESIAN_POINT('',(1.,1.732050807569));
#10215 = CARTESIAN_POINT('',(1.,0.));
#10216 = ( GEOMETRIC_REPRESENTATION_CONTEXT(2) 
PARAMETRIC_REPRESENTATION_CONTEXT() REPRESENTATION_CONTEXT('2D SPACE',''
  ) );
#10217 = PCURVE('',#5072,#10218);
#10218 = DEFINITIONAL_REPRESENTATION('',(#10219),#10223);
#10219 = LINE('',#10220,#10221);
#10220 = CARTESIAN_POINT('',(6.28318530718,1.570796326795));
#10221 = VECTOR('',#10222,1.);
#10222 = DIRECTION('',(-1.,0.));
#10223 = ( GEOMETRIC_REPRESENTATION_CONTEXT(2) 
PARAMETRIC_REPRESENTATION_CONTEXT() REPRESENTATION_CONTEXT('2D SPACE',''
  ) );
#10224 = ORIENTED_EDGE('',*,*,#5020,.T.);
#10225 = FACE_BOUND('',#10226,.T.);
#10226 = EDGE_LOOP('',(#10227,#10228));
#10227 = ORIENTED_EDGE('',*,*,#5803,.F.);
#10228 = ORIENTED_EDGE('',*,*,#10229,.F.);
#10229 = EDGE_CURVE('',#5781,#5718,#10230,.T.);
#10230 = SURFACE_CURVE('',#10231,(#10236,#10243),.PCURVE_S1.);
#10231 = CIRCLE('',#10232,1.35);
#10232 = AXIS2_PLACEMENT_3D('',#10233,#10234,#10235);
#10233 = CARTESIAN_POINT('',(3.198647749112E-03,-22.49999977263,10.));
#10234 = DIRECTION('',(-0.,0.,1.));
#10235 = DIRECTION('',(1.,0.,0.));
#10236 = PCURVE('',#356,#10237);
#10237 = DEFINITIONAL_REPRESENTATION('',(#10238),#10242);
#10238 = CIRCLE('',#10239,1.35);
#10239 = AXIS2_PLACEMENT_2D('',#10240,#10241);
#10240 = CARTESIAN_POINT('',(3.198647749112E-03,-22.49999977263));
#10241 = DIRECTION('',(1.,0.));
#10242 = ( GEOMETRIC_REPRESENTATION_CONTEXT(2) 
PARAMETRIC_REPRESENTATION_CONTEXT() REPRESENTATION_CONTEXT('2D SPACE',''
  ) );
#10243 = PCURVE('',#5740,#10244);
#10244 = DEFINITIONAL_REPRESENTATION('',(#10245),#10249);
#10245 = LINE('',#10246,#10247);
#10246 = CARTESIAN_POINT('',(3.14159265359,10.5));
#10247 = VECTOR('',#10248,1.);
#10248 = DIRECTION('',(-1.,0.));
#10249 = ( GEOMETRIC_REPRESENTATION_CONTEXT(2) 
PARAMETRIC_REPRESENTATION_CONTEXT() REPRESENTATION_CONTEXT('2D SPACE',''
  ) );
#10250 = FACE_BOUND('',#10251,.T.);
#10251 = EDGE_LOOP('',(#10252,#10253));
#10252 = ORIENTED_EDGE('',*,*,#5914,.F.);
#10253 = ORIENTED_EDGE('',*,*,#10254,.F.);
#10254 = EDGE_CURVE('',#5892,#5829,#10255,.T.);
#10255 = SURFACE_CURVE('',#10256,(#10261,#10268),.PCURVE_S1.);
#10256 = CIRCLE('',#10257,1.35);
#10257 = AXIS2_PLACEMENT_3D('',#10258,#10259,#10260);
#10258 = CARTESIAN_POINT('',(19.487170712122,-11.24722977611,10.));
#10259 = DIRECTION('',(-0.,0.,1.));
#10260 = DIRECTION('',(1.,0.,0.));
#10261 = PCURVE('',#356,#10262);
#10262 = DEFINITIONAL_REPRESENTATION('',(#10263),#10267);
#10263 = CIRCLE('',#10264,1.35);
#10264 = AXIS2_PLACEMENT_2D('',#10265,#10266);
#10265 = CARTESIAN_POINT('',(19.487170712122,-11.24722977611));
#10266 = DIRECTION('',(1.,0.));
#10267 = ( GEOMETRIC_REPRESENTATION_CONTEXT(2) 
PARAMETRIC_REPRESENTATION_CONTEXT() REPRESENTATION_CONTEXT('2D SPACE',''
  ) );
#10268 = PCURVE('',#5851,#10269);
#10269 = DEFINITIONAL_REPRESENTATION('',(#10270),#10274);
#10270 = LINE('',#10271,#10272);
#10271 = CARTESIAN_POINT('',(3.14159265359,10.5));
#10272 = VECTOR('',#10273,1.);
#10273 = DIRECTION('',(-1.,0.));
#10274 = ( GEOMETRIC_REPRESENTATION_CONTEXT(2) 
PARAMETRIC_REPRESENTATION_CONTEXT() REPRESENTATION_CONTEXT('2D SPACE',''
  ) );
#10275 = FACE_BOUND('',#10276,.T.);
#10276 = EDGE_LOOP('',(#10277,#10278));
#10277 = ORIENTED_EDGE('',*,*,#6025,.F.);
#10278 = ORIENTED_EDGE('',*,*,#10279,.F.);
#10279 = EDGE_CURVE('',#6003,#5940,#10280,.T.);
#10280 = SURFACE_CURVE('',#10281,(#10286,#10293),.PCURVE_S1.);
#10281 = CIRCLE('',#10282,1.35);
#10282 = AXIS2_PLACEMENT_3D('',#10283,#10284,#10285);
#10283 = CARTESIAN_POINT('',(-19.48717071212,11.24722977611,10.));
#10284 = DIRECTION('',(-0.,0.,1.));
#10285 = DIRECTION('',(1.,0.,0.));
#10286 = PCURVE('',#356,#10287);
#10287 = DEFINITIONAL_REPRESENTATION('',(#10288),#10292);
#10288 = CIRCLE('',#10289,1.35);
#10289 = AXIS2_PLACEMENT_2D('',#10290,#10291);
#10290 = CARTESIAN_POINT('',(-19.48717071212,11.24722977611));
#10291 = DIRECTION('',(1.,0.));
#10292 = ( GEOMETRIC_REPRESENTATION_CONTEXT(2) 
PARAMETRIC_REPRESENTATION_CONTEXT() REPRESENTATION_CONTEXT('2D SPACE',''
  ) );
#10293 = PCURVE('',#5962,#10294);
#10294 = DEFINITIONAL_REPRESENTATION('',(#10295),#10299);
#10295 = LINE('',#10296,#10297);
#10296 = CARTESIAN_POINT('',(3.14159265359,10.5));
#10297 = VECTOR('',#10298,1.);
#10298 = DIRECTION('',(-1.,0.));
#10299 = ( GEOMETRIC_REPRESENTATION_CONTEXT(2) 
PARAMETRIC_REPRESENTATION_CONTEXT() REPRESENTATION_CONTEXT('2D SPACE',''
  ) );
#10300 = FACE_BOUND('',#10301,.T.);
#10301 = EDGE_LOOP('',(#10302,#10303));
#10302 = ORIENTED_EDGE('',*,*,#6136,.F.);
#10303 = ORIENTED_EDGE('',*,*,#10304,.F.);
#10304 = EDGE_CURVE('',#6114,#6051,#10305,.T.);
#10305 = SURFACE_CURVE('',#10306,(#10311,#10318),.PCURVE_S1.);
#10306 = CIRCLE('',#10307,1.35);
#10307 = AXIS2_PLACEMENT_3D('',#10308,#10309,#10310);
#10308 = CARTESIAN_POINT('',(-19.48397206437,-11.25276999652,10.));
#10309 = DIRECTION('',(-0.,0.,1.));
#10310 = DIRECTION('',(1.,0.,0.));
#10311 = PCURVE('',#356,#10312);
#10312 = DEFINITIONAL_REPRESENTATION('',(#10313),#10317);
#10313 = CIRCLE('',#10314,1.35);
#10314 = AXIS2_PLACEMENT_2D('',#10315,#10316);
#10315 = CARTESIAN_POINT('',(-19.48397206437,-11.25276999652));
#10316 = DIRECTION('',(1.,0.));
#10317 = ( GEOMETRIC_REPRESENTATION_CONTEXT(2) 
PARAMETRIC_REPRESENTATION_CONTEXT() REPRESENTATION_CONTEXT('2D SPACE',''
  ) );
#10318 = PCURVE('',#6073,#10319);
#10319 = DEFINITIONAL_REPRESENTATION('',(#10320),#10324);
#10320 = LINE('',#10321,#10322);
#10321 = CARTESIAN_POINT('',(3.14159265359,10.5));
#10322 = VECTOR('',#10323,1.);
#10323 = DIRECTION('',(-1.,0.));
#10324 = ( GEOMETRIC_REPRESENTATION_CONTEXT(2) 
PARAMETRIC_REPRESENTATION_CONTEXT() REPRESENTATION_CONTEXT('2D SPACE',''
  ) );
#10325 = FACE_BOUND('',#10326,.T.);
#10326 = EDGE_LOOP('',(#10327,#10328));
#10327 = ORIENTED_EDGE('',*,*,#6247,.F.);
#10328 = ORIENTED_EDGE('',*,*,#10329,.F.);
#10329 = EDGE_CURVE('',#6225,#6162,#10330,.T.);
#10330 = SURFACE_CURVE('',#10331,(#10336,#10343),.PCURVE_S1.);
#10331 = CIRCLE('',#10332,1.35);
#10332 = AXIS2_PLACEMENT_3D('',#10333,#10334,#10335);
#10333 = CARTESIAN_POINT('',(19.483972064373,11.252769996527,10.));
#10334 = DIRECTION('',(-0.,0.,1.));
#10335 = DIRECTION('',(1.,0.,0.));
#10336 = PCURVE('',#356,#10337);
#10337 = DEFINITIONAL_REPRESENTATION('',(#10338),#10342);
#10338 = CIRCLE('',#10339,1.35);
#10339 = AXIS2_PLACEMENT_2D('',#10340,#10341);
#10340 = CARTESIAN_POINT('',(19.483972064373,11.252769996527));
#10341 = DIRECTION('',(1.,0.));
#10342 = ( GEOMETRIC_REPRESENTATION_CONTEXT(2) 
PARAMETRIC_REPRESENTATION_CONTEXT() REPRESENTATION_CONTEXT('2D SPACE',''
  ) );
#10343 = PCURVE('',#6184,#10344);
#10344 = DEFINITIONAL_REPRESENTATION('',(#10345),#10349);
#10345 = LINE('',#10346,#10347);
#10346 = CARTESIAN_POINT('',(3.14159265359,10.5));
#10347 = VECTOR('',#10348,1.);
#10348 = DIRECTION('',(-1.,0.));
#10349 = ( GEOMETRIC_REPRESENTATION_CONTEXT(2) 
PARAMETRIC_REPRESENTATION_CONTEXT() REPRESENTATION_CONTEXT('2D SPACE',''
  ) );
#10350 = ADVANCED_FACE('',(#10351),#9481,.F.);
#10351 = FACE_BOUND('',#10352,.T.);
#10352 = EDGE_LOOP('',(#10353,#10354,#10377,#10400));
#10353 = ORIENTED_EDGE('',*,*,#9465,.T.);
#10354 = ORIENTED_EDGE('',*,*,#10355,.T.);
#10355 = EDGE_CURVE('',#9433,#10356,#10358,.T.);
#10356 = VERTEX_POINT('',#10357);
#10357 = CARTESIAN_POINT('',(-66.92,36.296105084044,8.));
#10358 = SURFACE_CURVE('',#10359,(#10363,#10370),.PCURVE_S1.);
#10359 = LINE('',#10360,#10361);
#10360 = CARTESIAN_POINT('',(-66.92,36.296105084044,10.));
#10361 = VECTOR('',#10362,1.);
#10362 = DIRECTION('',(-0.,-0.,1.));
#10363 = PCURVE('',#9481,#10364);
#10364 = DEFINITIONAL_REPRESENTATION('',(#10365),#10369);
#10365 = LINE('',#10366,#10367);
#10366 = CARTESIAN_POINT('',(-38.70389491595,0.));
#10367 = VECTOR('',#10368,1.);
#10368 = DIRECTION('',(0.,1.));
#10369 = ( GEOMETRIC_REPRESENTATION_CONTEXT(2) 
PARAMETRIC_REPRESENTATION_CONTEXT() REPRESENTATION_CONTEXT('2D SPACE',''
  ) );
#10370 = PCURVE('',#9453,#10371);
#10371 = DEFINITIONAL_REPRESENTATION('',(#10372),#10376);
#10372 = LINE('',#10373,#10374);
#10373 = CARTESIAN_POINT('',(6.28318530718,10.5));
#10374 = VECTOR('',#10375,1.);
#10375 = DIRECTION('',(0.,-1.));
#10376 = ( GEOMETRIC_REPRESENTATION_CONTEXT(2) 
PARAMETRIC_REPRESENTATION_CONTEXT() REPRESENTATION_CONTEXT('2D SPACE',''
  ) );
#10377 = ORIENTED_EDGE('',*,*,#10378,.T.);
#10378 = EDGE_CURVE('',#10356,#10379,#10381,.T.);
#10379 = VERTEX_POINT('',#10380);
#10380 = CARTESIAN_POINT('',(-66.92,73.,8.));
#10381 = SURFACE_CURVE('',#10382,(#10386,#10393),.PCURVE_S1.);
#10382 = LINE('',#10383,#10384);
#10383 = CARTESIAN_POINT('',(-66.92,75.,8.));
#10384 = VECTOR('',#10385,1.);
#10385 = DIRECTION('',(-1.321694076935E-16,1.,-0.));
#10386 = PCURVE('',#9481,#10387);
#10387 = DEFINITIONAL_REPRESENTATION('',(#10388),#10392);
#10388 = LINE('',#10389,#10390);
#10389 = CARTESIAN_POINT('',(0.,-2.));
#10390 = VECTOR('',#10391,1.);
#10391 = DIRECTION('',(1.,0.));
#10392 = ( GEOMETRIC_REPRESENTATION_CONTEXT(2) 
PARAMETRIC_REPRESENTATION_CONTEXT() REPRESENTATION_CONTEXT('2D SPACE',''
  ) );
#10393 = PCURVE('',#7526,#10394);
#10394 = DEFINITIONAL_REPRESENTATION('',(#10395),#10399);
#10395 = LINE('',#10396,#10397);
#10396 = CARTESIAN_POINT('',(0.,75.));
#10397 = VECTOR('',#10398,1.);
#10398 = DIRECTION('',(0.,1.));
#10399 = ( GEOMETRIC_REPRESENTATION_CONTEXT(2) 
PARAMETRIC_REPRESENTATION_CONTEXT() REPRESENTATION_CONTEXT('2D SPACE',''
  ) );
#10400 = ORIENTED_EDGE('',*,*,#10401,.T.);
#10401 = EDGE_CURVE('',#10379,#9466,#10402,.T.);
#10402 = SURFACE_CURVE('',#10403,(#10407,#10414),.PCURVE_S1.);
#10403 = LINE('',#10404,#10405);
#10404 = CARTESIAN_POINT('',(-66.92,73.,10.));
#10405 = VECTOR('',#10406,1.);
#10406 = DIRECTION('',(0.,0.,-1.));
#10407 = PCURVE('',#9481,#10408);
#10408 = DEFINITIONAL_REPRESENTATION('',(#10409),#10413);
#10409 = LINE('',#10410,#10411);
#10410 = CARTESIAN_POINT('',(-2.,0.));
#10411 = VECTOR('',#10412,1.);
#10412 = DIRECTION('',(0.,-1.));
#10413 = ( GEOMETRIC_REPRESENTATION_CONTEXT(2) 
PARAMETRIC_REPRESENTATION_CONTEXT() REPRESENTATION_CONTEXT('2D SPACE',''
  ) );
#10414 = PCURVE('',#9514,#10415);
#10415 = DEFINITIONAL_REPRESENTATION('',(#10416),#10420);
#10416 = LINE('',#10417,#10418);
#10417 = CARTESIAN_POINT('',(0.,0.));
#10418 = VECTOR('',#10419,1.);
#10419 = DIRECTION('',(0.,1.));
#10420 = ( GEOMETRIC_REPRESENTATION_CONTEXT(2) 
PARAMETRIC_REPRESENTATION_CONTEXT() REPRESENTATION_CONTEXT('2D SPACE',''
  ) );
#10421 = ADVANCED_FACE('',(#10422),#9302,.F.);
#10422 = FACE_BOUND('',#10423,.T.);
#10423 = EDGE_LOOP('',(#10424,#10449,#10470,#10471));
#10424 = ORIENTED_EDGE('',*,*,#10425,.T.);
#10425 = EDGE_CURVE('',#10426,#10428,#10430,.T.);
#10426 = VERTEX_POINT('',#10427);
#10427 = CARTESIAN_POINT('',(50.,73.,8.));
#10428 = VERTEX_POINT('',#10429);
#10429 = CARTESIAN_POINT('',(50.,15.712605482992,8.));
#10430 = SURFACE_CURVE('',#10431,(#10435,#10442),.PCURVE_S1.);
#10431 = LINE('',#10432,#10433);
#10432 = CARTESIAN_POINT('',(50.,15.,8.));
#10433 = VECTOR('',#10434,1.);
#10434 = DIRECTION('',(1.321694076935E-16,-1.,-0.));
#10435 = PCURVE('',#9302,#10436);
#10436 = DEFINITIONAL_REPRESENTATION('',(#10437),#10441);
#10437 = LINE('',#10438,#10439);
#10438 = CARTESIAN_POINT('',(60.,-2.));
#10439 = VECTOR('',#10440,1.);
#10440 = DIRECTION('',(1.,0.));
#10441 = ( GEOMETRIC_REPRESENTATION_CONTEXT(2) 
PARAMETRIC_REPRESENTATION_CONTEXT() REPRESENTATION_CONTEXT('2D SPACE',''
  ) );
#10442 = PCURVE('',#7400,#10443);
#10443 = DEFINITIONAL_REPRESENTATION('',(#10444),#10448);
#10444 = LINE('',#10445,#10446);
#10445 = CARTESIAN_POINT('',(0.,-15.));
#10446 = VECTOR('',#10447,1.);
#10447 = DIRECTION('',(0.,1.));
#10448 = ( GEOMETRIC_REPRESENTATION_CONTEXT(2) 
PARAMETRIC_REPRESENTATION_CONTEXT() REPRESENTATION_CONTEXT('2D SPACE',''
  ) );
#10449 = ORIENTED_EDGE('',*,*,#10450,.T.);
#10450 = EDGE_CURVE('',#10428,#9285,#10451,.T.);
#10451 = SURFACE_CURVE('',#10452,(#10456,#10463),.PCURVE_S1.);
#10452 = LINE('',#10453,#10454);
#10453 = CARTESIAN_POINT('',(50.,15.712605482992,10.));
#10454 = VECTOR('',#10455,1.);
#10455 = DIRECTION('',(0.,0.,-1.));
#10456 = PCURVE('',#9302,#10457);
#10457 = DEFINITIONAL_REPRESENTATION('',(#10458),#10462);
#10458 = LINE('',#10459,#10460);
#10459 = CARTESIAN_POINT('',(59.287394517008,0.));
#10460 = VECTOR('',#10461,1.);
#10461 = DIRECTION('',(0.,-1.));
#10462 = ( GEOMETRIC_REPRESENTATION_CONTEXT(2) 
PARAMETRIC_REPRESENTATION_CONTEXT() REPRESENTATION_CONTEXT('2D SPACE',''
  ) );
#10463 = PCURVE('',#9335,#10464);
#10464 = DEFINITIONAL_REPRESENTATION('',(#10465),#10469);
#10465 = LINE('',#10466,#10467);
#10466 = CARTESIAN_POINT('',(3.14159265359,0.));
#10467 = VECTOR('',#10468,1.);
#10468 = DIRECTION('',(0.,1.));
#10469 = ( GEOMETRIC_REPRESENTATION_CONTEXT(2) 
PARAMETRIC_REPRESENTATION_CONTEXT() REPRESENTATION_CONTEXT('2D SPACE',''
  ) );
#10470 = ORIENTED_EDGE('',*,*,#9284,.T.);
#10471 = ORIENTED_EDGE('',*,*,#10472,.T.);
#10472 = EDGE_CURVE('',#9287,#10426,#10473,.T.);
#10473 = SURFACE_CURVE('',#10474,(#10478,#10485),.PCURVE_S1.);
#10474 = LINE('',#10475,#10476);
#10475 = CARTESIAN_POINT('',(50.,73.,10.));
#10476 = VECTOR('',#10477,1.);
#10477 = DIRECTION('',(-0.,-0.,1.));
#10478 = PCURVE('',#9302,#10479);
#10479 = DEFINITIONAL_REPRESENTATION('',(#10480),#10484);
#10480 = LINE('',#10481,#10482);
#10481 = CARTESIAN_POINT('',(2.,0.));
#10482 = VECTOR('',#10483,1.);
#10483 = DIRECTION('',(0.,1.));
#10484 = ( GEOMETRIC_REPRESENTATION_CONTEXT(2) 
PARAMETRIC_REPRESENTATION_CONTEXT() REPRESENTATION_CONTEXT('2D SPACE',''
  ) );
#10485 = PCURVE('',#9573,#10486);
#10486 = DEFINITIONAL_REPRESENTATION('',(#10487),#10491);
#10487 = LINE('',#10488,#10489);
#10488 = CARTESIAN_POINT('',(3.14159265359,0.));
#10489 = VECTOR('',#10490,1.);
#10490 = DIRECTION('',(0.,-1.));
#10491 = ( GEOMETRIC_REPRESENTATION_CONTEXT(2) 
PARAMETRIC_REPRESENTATION_CONTEXT() REPRESENTATION_CONTEXT('2D SPACE',''
  ) );
#10492 = ADVANCED_FACE('',(#10493),#9542,.F.);
#10493 = FACE_BOUND('',#10494,.T.);
#10494 = EDGE_LOOP('',(#10495,#10520,#10541,#10542));
#10495 = ORIENTED_EDGE('',*,*,#10496,.T.);
#10496 = EDGE_CURVE('',#10497,#10499,#10501,.T.);
#10497 = VERTEX_POINT('',#10498);
#10498 = CARTESIAN_POINT('',(-64.92,75.,8.));
#10499 = VERTEX_POINT('',#10500);
#10500 = CARTESIAN_POINT('',(48.,75.,8.));
#10501 = SURFACE_CURVE('',#10502,(#10506,#10513),.PCURVE_S1.);
#10502 = LINE('',#10503,#10504);
#10503 = CARTESIAN_POINT('',(50.,75.,8.));
#10504 = VECTOR('',#10505,1.);
#10505 = DIRECTION('',(1.,-0.,-0.));
#10506 = PCURVE('',#9542,#10507);
#10507 = DEFINITIONAL_REPRESENTATION('',(#10508),#10512);
#10508 = LINE('',#10509,#10510);
#10509 = CARTESIAN_POINT('',(2.,116.92));
#10510 = VECTOR('',#10511,1.);
#10511 = DIRECTION('',(0.,1.));
#10512 = ( GEOMETRIC_REPRESENTATION_CONTEXT(2) 
PARAMETRIC_REPRESENTATION_CONTEXT() REPRESENTATION_CONTEXT('2D SPACE',''
  ) );
#10513 = PCURVE('',#7428,#10514);
#10514 = DEFINITIONAL_REPRESENTATION('',(#10515),#10519);
#10515 = LINE('',#10516,#10517);
#10516 = CARTESIAN_POINT('',(1.570796326795,50.));
#10517 = VECTOR('',#10518,1.);
#10518 = DIRECTION('',(0.,1.));
#10519 = ( GEOMETRIC_REPRESENTATION_CONTEXT(2) 
PARAMETRIC_REPRESENTATION_CONTEXT() REPRESENTATION_CONTEXT('2D SPACE',''
  ) );
#10520 = ORIENTED_EDGE('',*,*,#10521,.T.);
#10521 = EDGE_CURVE('',#10499,#9527,#10522,.T.);
#10522 = SURFACE_CURVE('',#10523,(#10527,#10534),.PCURVE_S1.);
#10523 = LINE('',#10524,#10525);
#10524 = CARTESIAN_POINT('',(48.,75.,10.));
#10525 = VECTOR('',#10526,1.);
#10526 = DIRECTION('',(0.,0.,-1.));
#10527 = PCURVE('',#9542,#10528);
#10528 = DEFINITIONAL_REPRESENTATION('',(#10529),#10533);
#10529 = LINE('',#10530,#10531);
#10530 = CARTESIAN_POINT('',(0.,114.92));
#10531 = VECTOR('',#10532,1.);
#10532 = DIRECTION('',(1.,0.));
#10533 = ( GEOMETRIC_REPRESENTATION_CONTEXT(2) 
PARAMETRIC_REPRESENTATION_CONTEXT() REPRESENTATION_CONTEXT('2D SPACE',''
  ) );
#10534 = PCURVE('',#9573,#10535);
#10535 = DEFINITIONAL_REPRESENTATION('',(#10536),#10540);
#10536 = LINE('',#10537,#10538);
#10537 = CARTESIAN_POINT('',(1.570796326795,0.));
#10538 = VECTOR('',#10539,1.);
#10539 = DIRECTION('',(0.,1.));
#10540 = ( GEOMETRIC_REPRESENTATION_CONTEXT(2) 
PARAMETRIC_REPRESENTATION_CONTEXT() REPRESENTATION_CONTEXT('2D SPACE',''
  ) );
#10541 = ORIENTED_EDGE('',*,*,#9526,.T.);
#10542 = ORIENTED_EDGE('',*,*,#10543,.T.);
#10543 = EDGE_CURVE('',#9494,#10497,#10544,.T.);
#10544 = SURFACE_CURVE('',#10545,(#10549,#10556),.PCURVE_S1.);
#10545 = LINE('',#10546,#10547);
#10546 = CARTESIAN_POINT('',(-64.92,75.,10.));
#10547 = VECTOR('',#10548,1.);
#10548 = DIRECTION('',(-0.,-0.,1.));
#10549 = PCURVE('',#9542,#10550);
#10550 = DEFINITIONAL_REPRESENTATION('',(#10551),#10555);
#10551 = LINE('',#10552,#10553);
#10552 = CARTESIAN_POINT('',(0.,2.));
#10553 = VECTOR('',#10554,1.);
#10554 = DIRECTION('',(-1.,0.));
#10555 = ( GEOMETRIC_REPRESENTATION_CONTEXT(2) 
PARAMETRIC_REPRESENTATION_CONTEXT() REPRESENTATION_CONTEXT('2D SPACE',''
  ) );
#10556 = PCURVE('',#9514,#10557);
#10557 = DEFINITIONAL_REPRESENTATION('',(#10558),#10562);
#10558 = LINE('',#10559,#10560);
#10559 = CARTESIAN_POINT('',(1.570796326795,0.));
#10560 = VECTOR('',#10561,1.);
#10561 = DIRECTION('',(0.,-1.));
#10562 = ( GEOMETRIC_REPRESENTATION_CONTEXT(2) 
PARAMETRIC_REPRESENTATION_CONTEXT() REPRESENTATION_CONTEXT('2D SPACE',''
  ) );
#10563 = ADVANCED_FACE('',(#10564),#5101,.F.);
#10564 = FACE_BOUND('',#10565,.F.);
#10565 = EDGE_LOOP('',(#10566,#10567,#10568,#10569));
#10566 = ORIENTED_EDGE('',*,*,#9260,.T.);
#10567 = ORIENTED_EDGE('',*,*,#6969,.F.);
#10568 = ORIENTED_EDGE('',*,*,#5084,.F.);
#10569 = ORIENTED_EDGE('',*,*,#7021,.T.);
#10570 = ADVANCED_FACE('',(#10571),#6880,.F.);
#10571 = FACE_BOUND('',#10572,.F.);
#10572 = EDGE_LOOP('',(#10573,#10574,#10575,#10597));
#10573 = ORIENTED_EDGE('',*,*,#9235,.T.);
#10574 = ORIENTED_EDGE('',*,*,#6857,.F.);
#10575 = ORIENTED_EDGE('',*,*,#10576,.F.);
#10576 = EDGE_CURVE('',#6917,#6858,#10577,.T.);
#10577 = SURFACE_CURVE('',#10578,(#10583,#10590),.PCURVE_S1.);
#10578 = CIRCLE('',#10579,0.5);
#10579 = AXIS2_PLACEMENT_3D('',#10580,#10581,#10582);
#10580 = CARTESIAN_POINT('',(-36.42,37.54,10.));
#10581 = DIRECTION('',(0.,0.,1.));
#10582 = DIRECTION('',(1.,0.,-0.));
#10583 = PCURVE('',#6880,#10584);
#10584 = DEFINITIONAL_REPRESENTATION('',(#10585),#10589);
#10585 = LINE('',#10586,#10587);
#10586 = CARTESIAN_POINT('',(3.14159265359,0.));
#10587 = VECTOR('',#10588,1.);
#10588 = DIRECTION('',(-1.,0.));
#10589 = ( GEOMETRIC_REPRESENTATION_CONTEXT(2) 
PARAMETRIC_REPRESENTATION_CONTEXT() REPRESENTATION_CONTEXT('2D SPACE',''
  ) );
#10590 = PCURVE('',#6954,#10591);
#10591 = DEFINITIONAL_REPRESENTATION('',(#10592),#10596);
#10592 = CIRCLE('',#10593,0.5);
#10593 = AXIS2_PLACEMENT_2D('',#10594,#10595);
#10594 = CARTESIAN_POINT('',(-1.42108547152E-14,0.));
#10595 = DIRECTION('',(1.,0.));
#10596 = ( GEOMETRIC_REPRESENTATION_CONTEXT(2) 
PARAMETRIC_REPRESENTATION_CONTEXT() REPRESENTATION_CONTEXT('2D SPACE',''
  ) );
#10597 = ORIENTED_EDGE('',*,*,#6916,.T.);
#10598 = ADVANCED_FACE('',(#10599),#6954,.F.);
#10599 = FACE_BOUND('',#10600,.T.);
#10600 = EDGE_LOOP('',(#10601,#10602));
#10601 = ORIENTED_EDGE('',*,*,#6939,.F.);
#10602 = ORIENTED_EDGE('',*,*,#10576,.F.);
#10603 = ADVANCED_FACE('',(#10604,#10633,#10658,#10683,#10708),#5220,.F.
  );
#10604 = FACE_BOUND('',#10605,.T.);
#10605 = EDGE_LOOP('',(#10606,#10632));
#10606 = ORIENTED_EDGE('',*,*,#10607,.T.);
#10607 = EDGE_CURVE('',#5602,#5600,#10608,.T.);
#10608 = SURFACE_CURVE('',#10609,(#10614,#10625),.PCURVE_S1.);
#10609 = CIRCLE('',#10610,9.525);
#10610 = AXIS2_PLACEMENT_3D('',#10611,#10612,#10613);
#10611 = CARTESIAN_POINT('',(-36.42,37.54,20.5));
#10612 = DIRECTION('',(0.,0.,1.));
#10613 = DIRECTION('',(-1.,0.,0.));
#10614 = PCURVE('',#5220,#10615);
#10615 = DEFINITIONAL_REPRESENTATION('',(#10616),#10624);
#10616 = ( BOUNDED_CURVE() B_SPLINE_CURVE(2,(#10617,#10618,#10619,#10620
    ,#10621,#10622,#10623),.UNSPECIFIED.,.T.,.F.) 
B_SPLINE_CURVE_WITH_KNOTS((1,2,2,2,2,1),(-2.094395102393,0.,
    2.094395102393,4.188790204786,6.28318530718,8.377580409573),
.UNSPECIFIED.) CURVE() GEOMETRIC_REPRESENTATION_ITEM() 
RATIONAL_B_SPLINE_CURVE((1.,0.5,1.,0.5,1.,0.5,1.)) REPRESENTATION_ITEM(
  '') );
#10617 = CARTESIAN_POINT('',(9.525,0.));
#10618 = CARTESIAN_POINT('',(9.525,-16.49778394209));
#10619 = CARTESIAN_POINT('',(-4.7625,-8.248891971047));
#10620 = CARTESIAN_POINT('',(-19.05,-2.332952152376E-15));
#10621 = CARTESIAN_POINT('',(-4.7625,8.248891971047));
#10622 = CARTESIAN_POINT('',(9.525,16.497783942094));
#10623 = CARTESIAN_POINT('',(9.525,0.));
#10624 = ( GEOMETRIC_REPRESENTATION_CONTEXT(2) 
PARAMETRIC_REPRESENTATION_CONTEXT() REPRESENTATION_CONTEXT('2D SPACE',''
  ) );
#10625 = PCURVE('',#5651,#10626);
#10626 = DEFINITIONAL_REPRESENTATION('',(#10627),#10631);
#10627 = LINE('',#10628,#10629);
#10628 = CARTESIAN_POINT('',(6.28318530718,4.712388980385));
#10629 = VECTOR('',#10630,1.);
#10630 = DIRECTION('',(-1.,0.));
#10631 = ( GEOMETRIC_REPRESENTATION_CONTEXT(2) 
PARAMETRIC_REPRESENTATION_CONTEXT() REPRESENTATION_CONTEXT('2D SPACE',''
  ) );
#10632 = ORIENTED_EDGE('',*,*,#5599,.T.);
#10633 = FACE_BOUND('',#10634,.T.);
#10634 = EDGE_LOOP('',(#10635,#10636));
#10635 = ORIENTED_EDGE('',*,*,#5550,.T.);
#10636 = ORIENTED_EDGE('',*,*,#10637,.T.);
#10637 = EDGE_CURVE('',#5522,#5551,#10638,.T.);
#10638 = SURFACE_CURVE('',#10639,(#10644,#10651),.PCURVE_S1.);
#10639 = CIRCLE('',#10640,1.9);
#10640 = AXIS2_PLACEMENT_3D('',#10641,#10642,#10643);
#10641 = CARTESIAN_POINT('',(-43.42,37.54,20.5));
#10642 = DIRECTION('',(-0.,0.,-1.));
#10643 = DIRECTION('',(-1.,0.,0.));
#10644 = PCURVE('',#5220,#10645);
#10645 = DEFINITIONAL_REPRESENTATION('',(#10646),#10650);
#10646 = CIRCLE('',#10647,1.9);
#10647 = AXIS2_PLACEMENT_2D('',#10648,#10649);
#10648 = CARTESIAN_POINT('',(7.,-1.42108547152E-14));
#10649 = DIRECTION('',(1.,0.));
#10650 = ( GEOMETRIC_REPRESENTATION_CONTEXT(2) 
PARAMETRIC_REPRESENTATION_CONTEXT() REPRESENTATION_CONTEXT('2D SPACE',''
  ) );
#10651 = PCURVE('',#5538,#10652);
#10652 = DEFINITIONAL_REPRESENTATION('',(#10653),#10657);
#10653 = LINE('',#10654,#10655);
#10654 = CARTESIAN_POINT('',(0.,4.712388980385));
#10655 = VECTOR('',#10656,1.);
#10656 = DIRECTION('',(1.,0.));
#10657 = ( GEOMETRIC_REPRESENTATION_CONTEXT(2) 
PARAMETRIC_REPRESENTATION_CONTEXT() REPRESENTATION_CONTEXT('2D SPACE',''
  ) );
#10658 = FACE_BOUND('',#10659,.T.);
#10659 = EDGE_LOOP('',(#10660,#10661));
#10660 = ORIENTED_EDGE('',*,*,#5436,.T.);
#10661 = ORIENTED_EDGE('',*,*,#10662,.T.);
#10662 = EDGE_CURVE('',#5408,#5437,#10663,.T.);
#10663 = SURFACE_CURVE('',#10664,(#10669,#10676),.PCURVE_S1.);
#10664 = CIRCLE('',#10665,1.9);
#10665 = AXIS2_PLACEMENT_3D('',#10666,#10667,#10668);
#10666 = CARTESIAN_POINT('',(-36.42,30.54,20.5));
#10667 = DIRECTION('',(-0.,0.,-1.));
#10668 = DIRECTION('',(-1.,0.,0.));
#10669 = PCURVE('',#5220,#10670);
#10670 = DEFINITIONAL_REPRESENTATION('',(#10671),#10675);
#10671 = CIRCLE('',#10672,1.9);
#10672 = AXIS2_PLACEMENT_2D('',#10673,#10674);
#10673 = CARTESIAN_POINT('',(-7.105427357601E-15,-7.));
#10674 = DIRECTION('',(1.,0.));
#10675 = ( GEOMETRIC_REPRESENTATION_CONTEXT(2) 
PARAMETRIC_REPRESENTATION_CONTEXT() REPRESENTATION_CONTEXT('2D SPACE',''
  ) );
#10676 = PCURVE('',#5424,#10677);
#10677 = DEFINITIONAL_REPRESENTATION('',(#10678),#10682);
#10678 = LINE('',#10679,#10680);
#10679 = CARTESIAN_POINT('',(0.,4.712388980385));
#10680 = VECTOR('',#10681,1.);
#10681 = DIRECTION('',(1.,0.));
#10682 = ( GEOMETRIC_REPRESENTATION_CONTEXT(2) 
PARAMETRIC_REPRESENTATION_CONTEXT() REPRESENTATION_CONTEXT('2D SPACE',''
  ) );
#10683 = FACE_BOUND('',#10684,.T.);
#10684 = EDGE_LOOP('',(#10685,#10686));
#10685 = ORIENTED_EDGE('',*,*,#5322,.T.);
#10686 = ORIENTED_EDGE('',*,*,#10687,.T.);
#10687 = EDGE_CURVE('',#5294,#5323,#10688,.T.);
#10688 = SURFACE_CURVE('',#10689,(#10694,#10701),.PCURVE_S1.);
#10689 = CIRCLE('',#10690,1.9);
#10690 = AXIS2_PLACEMENT_3D('',#10691,#10692,#10693);
#10691 = CARTESIAN_POINT('',(-29.42,37.54,20.5));
#10692 = DIRECTION('',(-0.,0.,-1.));
#10693 = DIRECTION('',(-1.,0.,0.));
#10694 = PCURVE('',#5220,#10695);
#10695 = DEFINITIONAL_REPRESENTATION('',(#10696),#10700);
#10696 = CIRCLE('',#10697,1.9);
#10697 = AXIS2_PLACEMENT_2D('',#10698,#10699);
#10698 = CARTESIAN_POINT('',(-7.,1.42108547152E-14));
#10699 = DIRECTION('',(1.,0.));
#10700 = ( GEOMETRIC_REPRESENTATION_CONTEXT(2) 
PARAMETRIC_REPRESENTATION_CONTEXT() REPRESENTATION_CONTEXT('2D SPACE',''
  ) );
#10701 = PCURVE('',#5310,#10702);
#10702 = DEFINITIONAL_REPRESENTATION('',(#10703),#10707);
#10703 = LINE('',#10704,#10705);
#10704 = CARTESIAN_POINT('',(0.,4.712388980385));
#10705 = VECTOR('',#10706,1.);
#10706 = DIRECTION('',(1.,0.));
#10707 = ( GEOMETRIC_REPRESENTATION_CONTEXT(2) 
PARAMETRIC_REPRESENTATION_CONTEXT() REPRESENTATION_CONTEXT('2D SPACE',''
  ) );
#10708 = FACE_BOUND('',#10709,.T.);
#10709 = EDGE_LOOP('',(#10710,#10711));
#10710 = ORIENTED_EDGE('',*,*,#5203,.T.);
#10711 = ORIENTED_EDGE('',*,*,#10712,.T.);
#10712 = EDGE_CURVE('',#5175,#5204,#10713,.T.);
#10713 = SURFACE_CURVE('',#10714,(#10719,#10726),.PCURVE_S1.);
#10714 = CIRCLE('',#10715,1.9);
#10715 = AXIS2_PLACEMENT_3D('',#10716,#10717,#10718);
#10716 = CARTESIAN_POINT('',(-36.42,44.54,20.5));
#10717 = DIRECTION('',(-0.,0.,-1.));
#10718 = DIRECTION('',(-1.,0.,0.));
#10719 = PCURVE('',#5220,#10720);
#10720 = DEFINITIONAL_REPRESENTATION('',(#10721),#10725);
#10721 = CIRCLE('',#10722,1.9);
#10722 = AXIS2_PLACEMENT_2D('',#10723,#10724);
#10723 = CARTESIAN_POINT('',(0.,7.));
#10724 = DIRECTION('',(1.,0.));
#10725 = ( GEOMETRIC_REPRESENTATION_CONTEXT(2) 
PARAMETRIC_REPRESENTATION_CONTEXT() REPRESENTATION_CONTEXT('2D SPACE',''
  ) );
#10726 = PCURVE('',#5191,#10727);
#10727 = DEFINITIONAL_REPRESENTATION('',(#10728),#10732);
#10728 = LINE('',#10729,#10730);
#10729 = CARTESIAN_POINT('',(0.,4.712388980385));
#10730 = VECTOR('',#10731,1.);
#10731 = DIRECTION('',(1.,0.));
#10732 = ( GEOMETRIC_REPRESENTATION_CONTEXT(2) 
PARAMETRIC_REPRESENTATION_CONTEXT() REPRESENTATION_CONTEXT('2D SPACE',''
  ) );
#10733 = ADVANCED_FACE('',(#10734),#6797,.T.);
#10734 = FACE_BOUND('',#10735,.T.);
#10735 = EDGE_LOOP('',(#10736,#10737,#10759,#10760));
#10736 = ORIENTED_EDGE('',*,*,#6781,.F.);
#10737 = ORIENTED_EDGE('',*,*,#10738,.T.);
#10738 = EDGE_CURVE('',#5635,#5664,#10739,.T.);
#10739 = SURFACE_CURVE('',#10740,(#10745,#10752),.PCURVE_S1.);
#10740 = CIRCLE('',#10741,10.025);
#10741 = AXIS2_PLACEMENT_3D('',#10742,#10743,#10744);
#10742 = CARTESIAN_POINT('',(-36.42,37.54,20.));
#10743 = DIRECTION('',(-0.,0.,-1.));
#10744 = DIRECTION('',(-1.,0.,0.));
#10745 = PCURVE('',#6797,#10746);
#10746 = DEFINITIONAL_REPRESENTATION('',(#10747),#10751);
#10747 = LINE('',#10748,#10749);
#10748 = CARTESIAN_POINT('',(0.,-10.));
#10749 = VECTOR('',#10750,1.);
#10750 = DIRECTION('',(1.,0.));
#10751 = ( GEOMETRIC_REPRESENTATION_CONTEXT(2) 
PARAMETRIC_REPRESENTATION_CONTEXT() REPRESENTATION_CONTEXT('2D SPACE',''
  ) );
#10752 = PCURVE('',#5651,#10753);
#10753 = DEFINITIONAL_REPRESENTATION('',(#10754),#10758);
#10754 = LINE('',#10755,#10756);
#10755 = CARTESIAN_POINT('',(0.,6.28318530718));
#10756 = VECTOR('',#10757,1.);
#10757 = DIRECTION('',(1.,0.));
#10758 = ( GEOMETRIC_REPRESENTATION_CONTEXT(2) 
PARAMETRIC_REPRESENTATION_CONTEXT() REPRESENTATION_CONTEXT('2D SPACE',''
  ) );
#10759 = ORIENTED_EDGE('',*,*,#6833,.T.);
#10760 = ORIENTED_EDGE('',*,*,#10761,.F.);
#10761 = EDGE_CURVE('',#6782,#6810,#10762,.T.);
#10762 = SURFACE_CURVE('',#10763,(#10768,#10775),.PCURVE_S1.);
#10763 = CIRCLE('',#10764,10.025);
#10764 = AXIS2_PLACEMENT_3D('',#10765,#10766,#10767);
#10765 = CARTESIAN_POINT('',(-36.42,37.54,13.5));
#10766 = DIRECTION('',(-0.,0.,-1.));
#10767 = DIRECTION('',(-1.,0.,0.));
#10768 = PCURVE('',#6797,#10769);
#10769 = DEFINITIONAL_REPRESENTATION('',(#10770),#10774);
#10770 = LINE('',#10771,#10772);
#10771 = CARTESIAN_POINT('',(0.,-3.5));
#10772 = VECTOR('',#10773,1.);
#10773 = DIRECTION('',(1.,0.));
#10774 = ( GEOMETRIC_REPRESENTATION_CONTEXT(2) 
PARAMETRIC_REPRESENTATION_CONTEXT() REPRESENTATION_CONTEXT('2D SPACE',''
  ) );
#10775 = PCURVE('',#6688,#10776);
#10776 = DEFINITIONAL_REPRESENTATION('',(#10777),#10781);
#10777 = CIRCLE('',#10778,10.025);
#10778 = AXIS2_PLACEMENT_2D('',#10779,#10780);
#10779 = CARTESIAN_POINT('',(10.025,0.));
#10780 = DIRECTION('',(1.,0.));
#10781 = ( GEOMETRIC_REPRESENTATION_CONTEXT(2) 
PARAMETRIC_REPRESENTATION_CONTEXT() REPRESENTATION_CONTEXT('2D SPACE',''
  ) );
#10782 = ADVANCED_FACE('',(#10783,#10808),#6688,.F.);
#10783 = FACE_BOUND('',#10784,.T.);
#10784 = EDGE_LOOP('',(#10785,#10786));
#10785 = ORIENTED_EDGE('',*,*,#6664,.F.);
#10786 = ORIENTED_EDGE('',*,*,#10787,.F.);
#10787 = EDGE_CURVE('',#6667,#6665,#10788,.T.);
#10788 = SURFACE_CURVE('',#10789,(#10794,#10801),.PCURVE_S1.);
#10789 = CIRCLE('',#10790,11.5);
#10790 = AXIS2_PLACEMENT_3D('',#10791,#10792,#10793);
#10791 = CARTESIAN_POINT('',(-36.42,37.54,13.5));
#10792 = DIRECTION('',(-0.,0.,-1.));
#10793 = DIRECTION('',(-1.,0.,0.));
#10794 = PCURVE('',#6688,#10795);
#10795 = DEFINITIONAL_REPRESENTATION('',(#10796),#10800);
#10796 = CIRCLE('',#10797,11.5);
#10797 = AXIS2_PLACEMENT_2D('',#10798,#10799);
#10798 = CARTESIAN_POINT('',(10.025,0.));
#10799 = DIRECTION('',(1.,0.));
#10800 = ( GEOMETRIC_REPRESENTATION_CONTEXT(2) 
PARAMETRIC_REPRESENTATION_CONTEXT() REPRESENTATION_CONTEXT('2D SPACE',''
  ) );
#10801 = PCURVE('',#6716,#10802);
#10802 = DEFINITIONAL_REPRESENTATION('',(#10803),#10807);
#10803 = LINE('',#10804,#10805);
#10804 = CARTESIAN_POINT('',(0.,9.384526698718E-16));
#10805 = VECTOR('',#10806,1.);
#10806 = DIRECTION('',(1.,-2.987187625358E-16));
#10807 = ( GEOMETRIC_REPRESENTATION_CONTEXT(2) 
PARAMETRIC_REPRESENTATION_CONTEXT() REPRESENTATION_CONTEXT('2D SPACE',''
  ) );
#10808 = FACE_BOUND('',#10809,.T.);
#10809 = EDGE_LOOP('',(#10810,#10811));
#10810 = ORIENTED_EDGE('',*,*,#6809,.T.);
#10811 = ORIENTED_EDGE('',*,*,#10761,.T.);
#10812 = ADVANCED_FACE('',(#10813),#6716,.T.);
#10813 = FACE_BOUND('',#10814,.T.);
#10814 = EDGE_LOOP('',(#10815,#10816,#10817,#10818));
#10815 = ORIENTED_EDGE('',*,*,#6700,.F.);
#10816 = ORIENTED_EDGE('',*,*,#10787,.T.);
#10817 = ORIENTED_EDGE('',*,*,#6756,.T.);
#10818 = ORIENTED_EDGE('',*,*,#8257,.F.);
#10819 = ADVANCED_FACE('',(#10820),#5509,.F.);
#10820 = FACE_BOUND('',#10821,.F.);
#10821 = EDGE_LOOP('',(#10822,#10823,#10824,#10825));
#10822 = ORIENTED_EDGE('',*,*,#5485,.F.);
#10823 = ORIENTED_EDGE('',*,*,#6566,.F.);
#10824 = ORIENTED_EDGE('',*,*,#9587,.T.);
#10825 = ORIENTED_EDGE('',*,*,#6616,.T.);
#10826 = ADVANCED_FACE('',(#10827),#5395,.F.);
#10827 = FACE_BOUND('',#10828,.F.);
#10828 = EDGE_LOOP('',(#10829,#10830,#10831,#10832));
#10829 = ORIENTED_EDGE('',*,*,#5371,.F.);
#10830 = ORIENTED_EDGE('',*,*,#6468,.F.);
#10831 = ORIENTED_EDGE('',*,*,#9612,.T.);
#10832 = ORIENTED_EDGE('',*,*,#6518,.T.);
#10833 = ADVANCED_FACE('',(#10834),#5281,.F.);
#10834 = FACE_BOUND('',#10835,.F.);
#10835 = EDGE_LOOP('',(#10836,#10837,#10838,#10839));
#10836 = ORIENTED_EDGE('',*,*,#5257,.F.);
#10837 = ORIENTED_EDGE('',*,*,#6370,.F.);
#10838 = ORIENTED_EDGE('',*,*,#9637,.T.);
#10839 = ORIENTED_EDGE('',*,*,#6420,.T.);
#10840 = ADVANCED_FACE('',(#10841),#5162,.F.);
#10841 = FACE_BOUND('',#10842,.F.);
#10842 = EDGE_LOOP('',(#10843,#10844,#10845,#10846));
#10843 = ORIENTED_EDGE('',*,*,#5138,.F.);
#10844 = ORIENTED_EDGE('',*,*,#6272,.F.);
#10845 = ORIENTED_EDGE('',*,*,#9662,.T.);
#10846 = ORIENTED_EDGE('',*,*,#6322,.T.);
#10847 = ADVANCED_FACE('',(#10848),#6184,.F.);
#10848 = FACE_BOUND('',#10849,.F.);
#10849 = EDGE_LOOP('',(#10850,#10876,#10877,#10878));
#10850 = ORIENTED_EDGE('',*,*,#10851,.F.);
#10851 = EDGE_CURVE('',#6164,#6197,#10852,.T.);
#10852 = SURFACE_CURVE('',#10853,(#10858,#10865),.PCURVE_S1.);
#10853 = CIRCLE('',#10854,1.35);
#10854 = AXIS2_PLACEMENT_3D('',#10855,#10856,#10857);
#10855 = CARTESIAN_POINT('',(19.483972064373,11.252769996527,2.5));
#10856 = DIRECTION('',(-0.,0.,-1.));
#10857 = DIRECTION('',(-1.,0.,0.));
#10858 = PCURVE('',#6184,#10859);
#10859 = DEFINITIONAL_REPRESENTATION('',(#10860),#10864);
#10860 = LINE('',#10861,#10862);
#10861 = CARTESIAN_POINT('',(0.,18.));
#10862 = VECTOR('',#10863,1.);
#10863 = DIRECTION('',(1.,0.));
#10864 = ( GEOMETRIC_REPRESENTATION_CONTEXT(2) 
PARAMETRIC_REPRESENTATION_CONTEXT() REPRESENTATION_CONTEXT('2D SPACE',''
  ) );
#10865 = PCURVE('',#4521,#10866);
#10866 = DEFINITIONAL_REPRESENTATION('',(#10867),#10875);
#10867 = ( BOUNDED_CURVE() B_SPLINE_CURVE(2,(#10868,#10869,#10870,#10871
    ,#10872,#10873,#10874),.UNSPECIFIED.,.T.,.F.) 
B_SPLINE_CURVE_WITH_KNOTS((1,2,2,2,2,1),(-2.094395102393,0.,
    2.094395102393,4.188790204786,6.28318530718,8.377580409573),
.UNSPECIFIED.) CURVE() GEOMETRIC_REPRESENTATION_ITEM() 
RATIONAL_B_SPLINE_CURVE((1.,0.5,1.,0.5,1.,0.5,1.)) REPRESENTATION_ITEM(
  '') );
#10868 = CARTESIAN_POINT('',(-2.7,0.));
#10869 = CARTESIAN_POINT('',(-2.7,2.338268590218));
#10870 = CARTESIAN_POINT('',(-0.675,1.169134295109));
#10871 = CARTESIAN_POINT('',(1.35,3.306546357698E-16));
#10872 = CARTESIAN_POINT('',(-0.675,-1.169134295109));
#10873 = CARTESIAN_POINT('',(-2.7,-2.338268590218));
#10874 = CARTESIAN_POINT('',(-2.7,0.));
#10875 = ( GEOMETRIC_REPRESENTATION_CONTEXT(2) 
PARAMETRIC_REPRESENTATION_CONTEXT() REPRESENTATION_CONTEXT('2D SPACE',''
  ) );
#10876 = ORIENTED_EDGE('',*,*,#6161,.F.);
#10877 = ORIENTED_EDGE('',*,*,#10329,.F.);
#10878 = ORIENTED_EDGE('',*,*,#6224,.T.);
#10879 = ADVANCED_FACE('',(#10880),#6073,.F.);
#10880 = FACE_BOUND('',#10881,.F.);
#10881 = EDGE_LOOP('',(#10882,#10908,#10909,#10910));
#10882 = ORIENTED_EDGE('',*,*,#10883,.F.);
#10883 = EDGE_CURVE('',#6053,#6086,#10884,.T.);
#10884 = SURFACE_CURVE('',#10885,(#10890,#10897),.PCURVE_S1.);
#10885 = CIRCLE('',#10886,1.35);
#10886 = AXIS2_PLACEMENT_3D('',#10887,#10888,#10889);
#10887 = CARTESIAN_POINT('',(-19.48397206437,-11.25276999652,2.5));
#10888 = DIRECTION('',(-0.,0.,-1.));
#10889 = DIRECTION('',(-1.,0.,0.));
#10890 = PCURVE('',#6073,#10891);
#10891 = DEFINITIONAL_REPRESENTATION('',(#10892),#10896);
#10892 = LINE('',#10893,#10894);
#10893 = CARTESIAN_POINT('',(0.,18.));
#10894 = VECTOR('',#10895,1.);
#10895 = DIRECTION('',(1.,0.));
#10896 = ( GEOMETRIC_REPRESENTATION_CONTEXT(2) 
PARAMETRIC_REPRESENTATION_CONTEXT() REPRESENTATION_CONTEXT('2D SPACE',''
  ) );
#10897 = PCURVE('',#4881,#10898);
#10898 = DEFINITIONAL_REPRESENTATION('',(#10899),#10907);
#10899 = ( BOUNDED_CURVE() B_SPLINE_CURVE(2,(#10900,#10901,#10902,#10903
    ,#10904,#10905,#10906),.UNSPECIFIED.,.T.,.F.) 
B_SPLINE_CURVE_WITH_KNOTS((1,2,2,2,2,1),(-2.094395102393,0.,
    2.094395102393,4.188790204786,6.28318530718,8.377580409573),
.UNSPECIFIED.) CURVE() GEOMETRIC_REPRESENTATION_ITEM() 
RATIONAL_B_SPLINE_CURVE((1.,0.5,1.,0.5,1.,0.5,1.)) REPRESENTATION_ITEM(
  '') );
#10900 = CARTESIAN_POINT('',(-2.7,0.));
#10901 = CARTESIAN_POINT('',(-2.7,2.338268590218));
#10902 = CARTESIAN_POINT('',(-0.675,1.169134295109));
#10903 = CARTESIAN_POINT('',(1.35,3.306546357698E-16));
#10904 = CARTESIAN_POINT('',(-0.675,-1.169134295109));
#10905 = CARTESIAN_POINT('',(-2.7,-2.338268590218));
#10906 = CARTESIAN_POINT('',(-2.7,0.));
#10907 = ( GEOMETRIC_REPRESENTATION_CONTEXT(2) 
PARAMETRIC_REPRESENTATION_CONTEXT() REPRESENTATION_CONTEXT('2D SPACE',''
  ) );
#10908 = ORIENTED_EDGE('',*,*,#6050,.F.);
#10909 = ORIENTED_EDGE('',*,*,#10304,.F.);
#10910 = ORIENTED_EDGE('',*,*,#6113,.T.);
#10911 = ADVANCED_FACE('',(#10912),#5962,.F.);
#10912 = FACE_BOUND('',#10913,.F.);
#10913 = EDGE_LOOP('',(#10914,#10940,#10941,#10942));
#10914 = ORIENTED_EDGE('',*,*,#10915,.F.);
#10915 = EDGE_CURVE('',#5942,#5975,#10916,.T.);
#10916 = SURFACE_CURVE('',#10917,(#10922,#10929),.PCURVE_S1.);
#10917 = CIRCLE('',#10918,1.35);
#10918 = AXIS2_PLACEMENT_3D('',#10919,#10920,#10921);
#10919 = CARTESIAN_POINT('',(-19.48717071212,11.24722977611,2.5));
#10920 = DIRECTION('',(-0.,0.,-1.));
#10921 = DIRECTION('',(-1.,0.,0.));
#10922 = PCURVE('',#5962,#10923);
#10923 = DEFINITIONAL_REPRESENTATION('',(#10924),#10928);
#10924 = LINE('',#10925,#10926);
#10925 = CARTESIAN_POINT('',(0.,18.));
#10926 = VECTOR('',#10927,1.);
#10927 = DIRECTION('',(1.,0.));
#10928 = ( GEOMETRIC_REPRESENTATION_CONTEXT(2) 
PARAMETRIC_REPRESENTATION_CONTEXT() REPRESENTATION_CONTEXT('2D SPACE',''
  ) );
#10929 = PCURVE('',#5001,#10930);
#10930 = DEFINITIONAL_REPRESENTATION('',(#10931),#10939);
#10931 = ( BOUNDED_CURVE() B_SPLINE_CURVE(2,(#10932,#10933,#10934,#10935
    ,#10936,#10937,#10938),.UNSPECIFIED.,.T.,.F.) 
B_SPLINE_CURVE_WITH_KNOTS((1,2,2,2,2,1),(-2.094395102393,0.,
    2.094395102393,4.188790204786,6.28318530718,8.377580409573),
.UNSPECIFIED.) CURVE() GEOMETRIC_REPRESENTATION_ITEM() 
RATIONAL_B_SPLINE_CURVE((1.,0.5,1.,0.5,1.,0.5,1.)) REPRESENTATION_ITEM(
  '') );
#10932 = CARTESIAN_POINT('',(-2.7,0.));
#10933 = CARTESIAN_POINT('',(-2.7,2.338268590218));
#10934 = CARTESIAN_POINT('',(-0.675,1.169134295109));
#10935 = CARTESIAN_POINT('',(1.35,3.306546357698E-16));
#10936 = CARTESIAN_POINT('',(-0.675,-1.169134295109));
#10937 = CARTESIAN_POINT('',(-2.7,-2.338268590218));
#10938 = CARTESIAN_POINT('',(-2.7,0.));
#10939 = ( GEOMETRIC_REPRESENTATION_CONTEXT(2) 
PARAMETRIC_REPRESENTATION_CONTEXT() REPRESENTATION_CONTEXT('2D SPACE',''
  ) );
#10940 = ORIENTED_EDGE('',*,*,#5939,.F.);
#10941 = ORIENTED_EDGE('',*,*,#10279,.F.);
#10942 = ORIENTED_EDGE('',*,*,#6002,.T.);
#10943 = ADVANCED_FACE('',(#10944),#5851,.F.);
#10944 = FACE_BOUND('',#10945,.F.);
#10945 = EDGE_LOOP('',(#10946,#10972,#10973,#10974));
#10946 = ORIENTED_EDGE('',*,*,#10947,.F.);
#10947 = EDGE_CURVE('',#5831,#5864,#10948,.T.);
#10948 = SURFACE_CURVE('',#10949,(#10954,#10961),.PCURVE_S1.);
#10949 = CIRCLE('',#10950,1.35);
#10950 = AXIS2_PLACEMENT_3D('',#10951,#10952,#10953);
#10951 = CARTESIAN_POINT('',(19.487170712122,-11.24722977611,2.5));
#10952 = DIRECTION('',(-0.,0.,-1.));
#10953 = DIRECTION('',(-1.,0.,0.));
#10954 = PCURVE('',#5851,#10955);
#10955 = DEFINITIONAL_REPRESENTATION('',(#10956),#10960);
#10956 = LINE('',#10957,#10958);
#10957 = CARTESIAN_POINT('',(0.,18.));
#10958 = VECTOR('',#10959,1.);
#10959 = DIRECTION('',(1.,0.));
#10960 = ( GEOMETRIC_REPRESENTATION_CONTEXT(2) 
PARAMETRIC_REPRESENTATION_CONTEXT() REPRESENTATION_CONTEXT('2D SPACE',''
  ) );
#10961 = PCURVE('',#4641,#10962);
#10962 = DEFINITIONAL_REPRESENTATION('',(#10963),#10971);
#10963 = ( BOUNDED_CURVE() B_SPLINE_CURVE(2,(#10964,#10965,#10966,#10967
    ,#10968,#10969,#10970),.UNSPECIFIED.,.T.,.F.) 
B_SPLINE_CURVE_WITH_KNOTS((1,2,2,2,2,1),(-2.094395102393,0.,
    2.094395102393,4.188790204786,6.28318530718,8.377580409573),
.UNSPECIFIED.) CURVE() GEOMETRIC_REPRESENTATION_ITEM() 
RATIONAL_B_SPLINE_CURVE((1.,0.5,1.,0.5,1.,0.5,1.)) REPRESENTATION_ITEM(
  '') );
#10964 = CARTESIAN_POINT('',(-2.7,0.));
#10965 = CARTESIAN_POINT('',(-2.7,2.338268590218));
#10966 = CARTESIAN_POINT('',(-0.675,1.169134295109));
#10967 = CARTESIAN_POINT('',(1.35,3.306546357698E-16));
#10968 = CARTESIAN_POINT('',(-0.675,-1.169134295109));
#10969 = CARTESIAN_POINT('',(-2.7,-2.338268590218));
#10970 = CARTESIAN_POINT('',(-2.7,0.));
#10971 = ( GEOMETRIC_REPRESENTATION_CONTEXT(2) 
PARAMETRIC_REPRESENTATION_CONTEXT() REPRESENTATION_CONTEXT('2D SPACE',''
  ) );
#10972 = ORIENTED_EDGE('',*,*,#5828,.F.);
#10973 = ORIENTED_EDGE('',*,*,#10254,.F.);
#10974 = ORIENTED_EDGE('',*,*,#5891,.T.);
#10975 = ADVANCED_FACE('',(#10976),#5740,.F.);
#10976 = FACE_BOUND('',#10977,.F.);
#10977 = EDGE_LOOP('',(#10978,#11004,#11005,#11006));
#10978 = ORIENTED_EDGE('',*,*,#10979,.F.);
#10979 = EDGE_CURVE('',#5720,#5753,#10980,.T.);
#10980 = SURFACE_CURVE('',#10981,(#10986,#10993),.PCURVE_S1.);
#10981 = CIRCLE('',#10982,1.35);
#10982 = AXIS2_PLACEMENT_3D('',#10983,#10984,#10985);
#10983 = CARTESIAN_POINT('',(3.198647749112E-03,-22.49999977263,2.5));
#10984 = DIRECTION('',(-0.,0.,-1.));
#10985 = DIRECTION('',(-1.,0.,0.));
#10986 = PCURVE('',#5740,#10987);
#10987 = DEFINITIONAL_REPRESENTATION('',(#10988),#10992);
#10988 = LINE('',#10989,#10990);
#10989 = CARTESIAN_POINT('',(0.,18.));
#10990 = VECTOR('',#10991,1.);
#10991 = DIRECTION('',(1.,0.));
#10992 = ( GEOMETRIC_REPRESENTATION_CONTEXT(2) 
PARAMETRIC_REPRESENTATION_CONTEXT() REPRESENTATION_CONTEXT('2D SPACE',''
  ) );
#10993 = PCURVE('',#4761,#10994);
#10994 = DEFINITIONAL_REPRESENTATION('',(#10995),#11003);
#10995 = ( BOUNDED_CURVE() B_SPLINE_CURVE(2,(#10996,#10997,#10998,#10999
    ,#11000,#11001,#11002),.UNSPECIFIED.,.T.,.F.) 
B_SPLINE_CURVE_WITH_KNOTS((1,2,2,2,2,1),(-2.094395102393,0.,
    2.094395102393,4.188790204786,6.28318530718,8.377580409573),
.UNSPECIFIED.) CURVE() GEOMETRIC_REPRESENTATION_ITEM() 
RATIONAL_B_SPLINE_CURVE((1.,0.5,1.,0.5,1.,0.5,1.)) REPRESENTATION_ITEM(
  '') );
#10996 = CARTESIAN_POINT('',(-2.7,0.));
#10997 = CARTESIAN_POINT('',(-2.7,2.338268590218));
#10998 = CARTESIAN_POINT('',(-0.675,1.169134295109));
#10999 = CARTESIAN_POINT('',(1.35,3.306546357698E-16));
#11000 = CARTESIAN_POINT('',(-0.675,-1.169134295109));
#11001 = CARTESIAN_POINT('',(-2.7,-2.338268590218));
#11002 = CARTESIAN_POINT('',(-2.7,0.));
#11003 = ( GEOMETRIC_REPRESENTATION_CONTEXT(2) 
PARAMETRIC_REPRESENTATION_CONTEXT() REPRESENTATION_CONTEXT('2D SPACE',''
  ) );
#11004 = ORIENTED_EDGE('',*,*,#5717,.F.);
#11005 = ORIENTED_EDGE('',*,*,#10229,.F.);
#11006 = ORIENTED_EDGE('',*,*,#5780,.T.);
#11007 = ADVANCED_FACE('',(#11008),#5651,.T.);
#11008 = FACE_BOUND('',#11009,.T.);
#11009 = EDGE_LOOP('',(#11010,#11011,#11012,#11013));
#11010 = ORIENTED_EDGE('',*,*,#5634,.F.);
#11011 = ORIENTED_EDGE('',*,*,#10607,.F.);
#11012 = ORIENTED_EDGE('',*,*,#5692,.T.);
#11013 = ORIENTED_EDGE('',*,*,#10738,.F.);
#11014 = ADVANCED_FACE('',(#11015),#5538,.T.);
#11015 = FACE_BOUND('',#11016,.T.);
#11016 = EDGE_LOOP('',(#11017,#11018,#11019,#11020));
#11017 = ORIENTED_EDGE('',*,*,#5521,.F.);
#11018 = ORIENTED_EDGE('',*,*,#6594,.F.);
#11019 = ORIENTED_EDGE('',*,*,#5574,.T.);
#11020 = ORIENTED_EDGE('',*,*,#10637,.F.);
#11021 = ADVANCED_FACE('',(#11022),#5424,.T.);
#11022 = FACE_BOUND('',#11023,.T.);
#11023 = EDGE_LOOP('',(#11024,#11025,#11026,#11027));
#11024 = ORIENTED_EDGE('',*,*,#5407,.F.);
#11025 = ORIENTED_EDGE('',*,*,#6496,.F.);
#11026 = ORIENTED_EDGE('',*,*,#5460,.T.);
#11027 = ORIENTED_EDGE('',*,*,#10662,.F.);
#11028 = ADVANCED_FACE('',(#11029),#5310,.T.);
#11029 = FACE_BOUND('',#11030,.T.);
#11030 = EDGE_LOOP('',(#11031,#11032,#11033,#11034));
#11031 = ORIENTED_EDGE('',*,*,#5293,.F.);
#11032 = ORIENTED_EDGE('',*,*,#6398,.F.);
#11033 = ORIENTED_EDGE('',*,*,#5346,.T.);
#11034 = ORIENTED_EDGE('',*,*,#10687,.F.);
#11035 = ADVANCED_FACE('',(#11036),#5191,.T.);
#11036 = FACE_BOUND('',#11037,.T.);
#11037 = EDGE_LOOP('',(#11038,#11039,#11040,#11041));
#11038 = ORIENTED_EDGE('',*,*,#5174,.F.);
#11039 = ORIENTED_EDGE('',*,*,#6300,.F.);
#11040 = ORIENTED_EDGE('',*,*,#5232,.T.);
#11041 = ORIENTED_EDGE('',*,*,#10712,.F.);
#11042 = ADVANCED_FACE('',(#11043),#5072,.T.);
#11043 = FACE_BOUND('',#11044,.T.);
#11044 = EDGE_LOOP('',(#11045,#11046,#11047,#11048));
#11045 = ORIENTED_EDGE('',*,*,#5055,.F.);
#11046 = ORIENTED_EDGE('',*,*,#10199,.F.);
#11047 = ORIENTED_EDGE('',*,*,#5113,.T.);
#11048 = ORIENTED_EDGE('',*,*,#7042,.F.);
#11049 = ADVANCED_FACE('',(#11050,#11054),#5001,.F.);
#11050 = FACE_BOUND('',#11051,.T.);
#11051 = EDGE_LOOP('',(#11052,#11053));
#11052 = ORIENTED_EDGE('',*,*,#10915,.F.);
#11053 = ORIENTED_EDGE('',*,*,#5974,.F.);
#11054 = FACE_BOUND('',#11055,.T.);
#11055 = EDGE_LOOP('',(#11056,#11082));
#11056 = ORIENTED_EDGE('',*,*,#11057,.T.);
#11057 = EDGE_CURVE('',#4901,#4964,#11058,.T.);
#11058 = SURFACE_CURVE('',#11059,(#11064,#11075),.PCURVE_S1.);
#11059 = CIRCLE('',#11060,2.75);
#11060 = AXIS2_PLACEMENT_3D('',#11061,#11062,#11063);
#11061 = CARTESIAN_POINT('',(-19.48717071212,11.24722977611,2.5));
#11062 = DIRECTION('',(-0.,0.,-1.));
#11063 = DIRECTION('',(-1.,0.,0.));
#11064 = PCURVE('',#5001,#11065);
#11065 = DEFINITIONAL_REPRESENTATION('',(#11066),#11074);
#11066 = ( BOUNDED_CURVE() B_SPLINE_CURVE(2,(#11067,#11068,#11069,#11070
    ,#11071,#11072,#11073),.UNSPECIFIED.,.T.,.F.) 
B_SPLINE_CURVE_WITH_KNOTS((1,2,2,2,2,1),(-2.094395102393,0.,
    2.094395102393,4.188790204786,6.28318530718,8.377580409573),
.UNSPECIFIED.) CURVE() GEOMETRIC_REPRESENTATION_ITEM() 
RATIONAL_B_SPLINE_CURVE((1.,0.5,1.,0.5,1.,0.5,1.)) REPRESENTATION_ITEM(
  '') );
#11067 = CARTESIAN_POINT('',(-4.1,0.));
#11068 = CARTESIAN_POINT('',(-4.1,4.763139720814));
#11069 = CARTESIAN_POINT('',(2.5E-02,2.381569860407));
#11070 = CARTESIAN_POINT('',(4.15,6.73555739531E-16));
#11071 = CARTESIAN_POINT('',(2.5E-02,-2.381569860407));
#11072 = CARTESIAN_POINT('',(-4.1,-4.763139720814));
#11073 = CARTESIAN_POINT('',(-4.1,0.));
#11074 = ( GEOMETRIC_REPRESENTATION_CONTEXT(2) 
PARAMETRIC_REPRESENTATION_CONTEXT() REPRESENTATION_CONTEXT('2D SPACE',''
  ) );
#11075 = PCURVE('',#4923,#11076);
#11076 = DEFINITIONAL_REPRESENTATION('',(#11077),#11081);
#11077 = LINE('',#11078,#11079);
#11078 = CARTESIAN_POINT('',(0.,-2.5));
#11079 = VECTOR('',#11080,1.);
#11080 = DIRECTION('',(1.,0.));
#11081 = ( GEOMETRIC_REPRESENTATION_CONTEXT(2) 
PARAMETRIC_REPRESENTATION_CONTEXT() REPRESENTATION_CONTEXT('2D SPACE',''
  ) );
#11082 = ORIENTED_EDGE('',*,*,#4986,.T.);
#11083 = ADVANCED_FACE('',(#11084),#4923,.F.);
#11084 = FACE_BOUND('',#11085,.F.);
#11085 = EDGE_LOOP('',(#11086,#11087,#11088,#11089));
#11086 = ORIENTED_EDGE('',*,*,#9687,.F.);
#11087 = ORIENTED_EDGE('',*,*,#4900,.F.);
#11088 = ORIENTED_EDGE('',*,*,#11057,.T.);
#11089 = ORIENTED_EDGE('',*,*,#4963,.T.);
#11090 = ADVANCED_FACE('',(#11091,#11095),#4881,.F.);
#11091 = FACE_BOUND('',#11092,.T.);
#11092 = EDGE_LOOP('',(#11093,#11094));
#11093 = ORIENTED_EDGE('',*,*,#10883,.F.);
#11094 = ORIENTED_EDGE('',*,*,#6085,.F.);
#11095 = FACE_BOUND('',#11096,.T.);
#11096 = EDGE_LOOP('',(#11097,#11123));
#11097 = ORIENTED_EDGE('',*,*,#11098,.T.);
#11098 = EDGE_CURVE('',#4781,#4844,#11099,.T.);
#11099 = SURFACE_CURVE('',#11100,(#11105,#11116),.PCURVE_S1.);
#11100 = CIRCLE('',#11101,2.75);
#11101 = AXIS2_PLACEMENT_3D('',#11102,#11103,#11104);
#11102 = CARTESIAN_POINT('',(-19.48397206437,-11.25276999652,2.5));
#11103 = DIRECTION('',(-0.,0.,-1.));
#11104 = DIRECTION('',(-1.,0.,0.));
#11105 = PCURVE('',#4881,#11106);
#11106 = DEFINITIONAL_REPRESENTATION('',(#11107),#11115);
#11107 = ( BOUNDED_CURVE() B_SPLINE_CURVE(2,(#11108,#11109,#11110,#11111
    ,#11112,#11113,#11114),.UNSPECIFIED.,.T.,.F.) 
B_SPLINE_CURVE_WITH_KNOTS((1,2,2,2,2,1),(-2.094395102393,0.,
    2.094395102393,4.188790204786,6.28318530718,8.377580409573),
.UNSPECIFIED.) CURVE() GEOMETRIC_REPRESENTATION_ITEM() 
RATIONAL_B_SPLINE_CURVE((1.,0.5,1.,0.5,1.,0.5,1.)) REPRESENTATION_ITEM(
  '') );
#11108 = CARTESIAN_POINT('',(-4.1,0.));
#11109 = CARTESIAN_POINT('',(-4.1,4.763139720814));
#11110 = CARTESIAN_POINT('',(2.5E-02,2.381569860407));
#11111 = CARTESIAN_POINT('',(4.15,6.73555739531E-16));
#11112 = CARTESIAN_POINT('',(2.5E-02,-2.381569860407));
#11113 = CARTESIAN_POINT('',(-4.1,-4.763139720814));
#11114 = CARTESIAN_POINT('',(-4.1,0.));
#11115 = ( GEOMETRIC_REPRESENTATION_CONTEXT(2) 
PARAMETRIC_REPRESENTATION_CONTEXT() REPRESENTATION_CONTEXT('2D SPACE',''
  ) );
#11116 = PCURVE('',#4803,#11117);
#11117 = DEFINITIONAL_REPRESENTATION('',(#11118),#11122);
#11118 = LINE('',#11119,#11120);
#11119 = CARTESIAN_POINT('',(0.,-2.5));
#11120 = VECTOR('',#11121,1.);
#11121 = DIRECTION('',(1.,0.));
#11122 = ( GEOMETRIC_REPRESENTATION_CONTEXT(2) 
PARAMETRIC_REPRESENTATION_CONTEXT() REPRESENTATION_CONTEXT('2D SPACE',''
  ) );
#11123 = ORIENTED_EDGE('',*,*,#4866,.T.);
#11124 = ADVANCED_FACE('',(#11125),#4803,.F.);
#11125 = FACE_BOUND('',#11126,.F.);
#11126 = EDGE_LOOP('',(#11127,#11128,#11129,#11130));
#11127 = ORIENTED_EDGE('',*,*,#9716,.F.);
#11128 = ORIENTED_EDGE('',*,*,#4780,.F.);
#11129 = ORIENTED_EDGE('',*,*,#11098,.T.);
#11130 = ORIENTED_EDGE('',*,*,#4843,.T.);
#11131 = ADVANCED_FACE('',(#11132,#11136),#4761,.F.);
#11132 = FACE_BOUND('',#11133,.T.);
#11133 = EDGE_LOOP('',(#11134,#11135));
#11134 = ORIENTED_EDGE('',*,*,#10979,.F.);
#11135 = ORIENTED_EDGE('',*,*,#5752,.F.);
#11136 = FACE_BOUND('',#11137,.T.);
#11137 = EDGE_LOOP('',(#11138,#11164));
#11138 = ORIENTED_EDGE('',*,*,#11139,.T.);
#11139 = EDGE_CURVE('',#4661,#4724,#11140,.T.);
#11140 = SURFACE_CURVE('',#11141,(#11146,#11157),.PCURVE_S1.);
#11141 = CIRCLE('',#11142,2.75);
#11142 = AXIS2_PLACEMENT_3D('',#11143,#11144,#11145);
#11143 = CARTESIAN_POINT('',(3.198647749112E-03,-22.49999977263,2.5));
#11144 = DIRECTION('',(-0.,0.,-1.));
#11145 = DIRECTION('',(-1.,0.,0.));
#11146 = PCURVE('',#4761,#11147);
#11147 = DEFINITIONAL_REPRESENTATION('',(#11148),#11156);
#11148 = ( BOUNDED_CURVE() B_SPLINE_CURVE(2,(#11149,#11150,#11151,#11152
    ,#11153,#11154,#11155),.UNSPECIFIED.,.T.,.F.) 
B_SPLINE_CURVE_WITH_KNOTS((1,2,2,2,2,1),(-2.094395102393,0.,
    2.094395102393,4.188790204786,6.28318530718,8.377580409573),
.UNSPECIFIED.) CURVE() GEOMETRIC_REPRESENTATION_ITEM() 
RATIONAL_B_SPLINE_CURVE((1.,0.5,1.,0.5,1.,0.5,1.)) REPRESENTATION_ITEM(
  '') );
#11149 = CARTESIAN_POINT('',(-4.1,0.));
#11150 = CARTESIAN_POINT('',(-4.1,4.763139720814));
#11151 = CARTESIAN_POINT('',(2.5E-02,2.381569860407));
#11152 = CARTESIAN_POINT('',(4.15,6.73555739531E-16));
#11153 = CARTESIAN_POINT('',(2.5E-02,-2.381569860407));
#11154 = CARTESIAN_POINT('',(-4.1,-4.763139720814));
#11155 = CARTESIAN_POINT('',(-4.1,0.));
#11156 = ( GEOMETRIC_REPRESENTATION_CONTEXT(2) 
PARAMETRIC_REPRESENTATION_CONTEXT() REPRESENTATION_CONTEXT('2D SPACE',''
  ) );
#11157 = PCURVE('',#4683,#11158);
#11158 = DEFINITIONAL_REPRESENTATION('',(#11159),#11163);
#11159 = LINE('',#11160,#11161);
#11160 = CARTESIAN_POINT('',(0.,-2.5));
#11161 = VECTOR('',#11162,1.);
#11162 = DIRECTION('',(1.,0.));
#11163 = ( GEOMETRIC_REPRESENTATION_CONTEXT(2) 
PARAMETRIC_REPRESENTATION_CONTEXT() REPRESENTATION_CONTEXT('2D SPACE',''
  ) );
#11164 = ORIENTED_EDGE('',*,*,#4746,.T.);
#11165 = ADVANCED_FACE('',(#11166),#4683,.F.);
#11166 = FACE_BOUND('',#11167,.F.);
#11167 = EDGE_LOOP('',(#11168,#11169,#11170,#11171));
#11168 = ORIENTED_EDGE('',*,*,#9745,.F.);
#11169 = ORIENTED_EDGE('',*,*,#4660,.F.);
#11170 = ORIENTED_EDGE('',*,*,#11139,.T.);
#11171 = ORIENTED_EDGE('',*,*,#4723,.T.);
#11172 = ADVANCED_FACE('',(#11173,#11177),#4641,.F.);
#11173 = FACE_BOUND('',#11174,.T.);
#11174 = EDGE_LOOP('',(#11175,#11176));
#11175 = ORIENTED_EDGE('',*,*,#10947,.F.);
#11176 = ORIENTED_EDGE('',*,*,#5863,.F.);
#11177 = FACE_BOUND('',#11178,.T.);
#11178 = EDGE_LOOP('',(#11179,#11205));
#11179 = ORIENTED_EDGE('',*,*,#11180,.T.);
#11180 = EDGE_CURVE('',#4541,#4604,#11181,.T.);
#11181 = SURFACE_CURVE('',#11182,(#11187,#11198),.PCURVE_S1.);
#11182 = CIRCLE('',#11183,2.75);
#11183 = AXIS2_PLACEMENT_3D('',#11184,#11185,#11186);
#11184 = CARTESIAN_POINT('',(19.487170712122,-11.24722977611,2.5));
#11185 = DIRECTION('',(-0.,0.,-1.));
#11186 = DIRECTION('',(-1.,0.,0.));
#11187 = PCURVE('',#4641,#11188);
#11188 = DEFINITIONAL_REPRESENTATION('',(#11189),#11197);
#11189 = ( BOUNDED_CURVE() B_SPLINE_CURVE(2,(#11190,#11191,#11192,#11193
    ,#11194,#11195,#11196),.UNSPECIFIED.,.T.,.F.) 
B_SPLINE_CURVE_WITH_KNOTS((1,2,2,2,2,1),(-2.094395102393,0.,
    2.094395102393,4.188790204786,6.28318530718,8.377580409573),
.UNSPECIFIED.) CURVE() GEOMETRIC_REPRESENTATION_ITEM() 
RATIONAL_B_SPLINE_CURVE((1.,0.5,1.,0.5,1.,0.5,1.)) REPRESENTATION_ITEM(
  '') );
#11190 = CARTESIAN_POINT('',(-4.1,0.));
#11191 = CARTESIAN_POINT('',(-4.1,4.763139720814));
#11192 = CARTESIAN_POINT('',(2.5E-02,2.381569860407));
#11193 = CARTESIAN_POINT('',(4.15,6.73555739531E-16));
#11194 = CARTESIAN_POINT('',(2.5E-02,-2.381569860407));
#11195 = CARTESIAN_POINT('',(-4.1,-4.763139720814));
#11196 = CARTESIAN_POINT('',(-4.1,0.));
#11197 = ( GEOMETRIC_REPRESENTATION_CONTEXT(2) 
PARAMETRIC_REPRESENTATION_CONTEXT() REPRESENTATION_CONTEXT('2D SPACE',''
  ) );
#11198 = PCURVE('',#4563,#11199);
#11199 = DEFINITIONAL_REPRESENTATION('',(#11200),#11204);
#11200 = LINE('',#11201,#11202);
#11201 = CARTESIAN_POINT('',(0.,-2.5));
#11202 = VECTOR('',#11203,1.);
#11203 = DIRECTION('',(1.,0.));
#11204 = ( GEOMETRIC_REPRESENTATION_CONTEXT(2) 
PARAMETRIC_REPRESENTATION_CONTEXT() REPRESENTATION_CONTEXT('2D SPACE',''
  ) );
#11205 = ORIENTED_EDGE('',*,*,#4626,.T.);
#11206 = ADVANCED_FACE('',(#11207),#4563,.F.);
#11207 = FACE_BOUND('',#11208,.F.);
#11208 = EDGE_LOOP('',(#11209,#11210,#11211,#11212));
#11209 = ORIENTED_EDGE('',*,*,#9774,.F.);
#11210 = ORIENTED_EDGE('',*,*,#4540,.F.);
#11211 = ORIENTED_EDGE('',*,*,#11180,.T.);
#11212 = ORIENTED_EDGE('',*,*,#4603,.T.);
#11213 = ADVANCED_FACE('',(#11214,#11218),#4521,.F.);
#11214 = FACE_BOUND('',#11215,.T.);
#11215 = EDGE_LOOP('',(#11216,#11217));
#11216 = ORIENTED_EDGE('',*,*,#10851,.F.);
#11217 = ORIENTED_EDGE('',*,*,#6196,.F.);
#11218 = FACE_BOUND('',#11219,.T.);
#11219 = EDGE_LOOP('',(#11220,#11246));
#11220 = ORIENTED_EDGE('',*,*,#11221,.T.);
#11221 = EDGE_CURVE('',#4421,#4484,#11222,.T.);
#11222 = SURFACE_CURVE('',#11223,(#11228,#11239),.PCURVE_S1.);
#11223 = CIRCLE('',#11224,2.75);
#11224 = AXIS2_PLACEMENT_3D('',#11225,#11226,#11227);
#11225 = CARTESIAN_POINT('',(19.483972064373,11.252769996527,2.5));
#11226 = DIRECTION('',(-0.,0.,-1.));
#11227 = DIRECTION('',(-1.,0.,0.));
#11228 = PCURVE('',#4521,#11229);
#11229 = DEFINITIONAL_REPRESENTATION('',(#11230),#11238);
#11230 = ( BOUNDED_CURVE() B_SPLINE_CURVE(2,(#11231,#11232,#11233,#11234
    ,#11235,#11236,#11237),.UNSPECIFIED.,.T.,.F.) 
B_SPLINE_CURVE_WITH_KNOTS((1,2,2,2,2,1),(-2.094395102393,0.,
    2.094395102393,4.188790204786,6.28318530718,8.377580409573),
.UNSPECIFIED.) CURVE() GEOMETRIC_REPRESENTATION_ITEM() 
RATIONAL_B_SPLINE_CURVE((1.,0.5,1.,0.5,1.,0.5,1.)) REPRESENTATION_ITEM(
  '') );
#11231 = CARTESIAN_POINT('',(-4.1,0.));
#11232 = CARTESIAN_POINT('',(-4.1,4.763139720814));
#11233 = CARTESIAN_POINT('',(2.5E-02,2.381569860407));
#11234 = CARTESIAN_POINT('',(4.15,6.73555739531E-16));
#11235 = CARTESIAN_POINT('',(2.5E-02,-2.381569860407));
#11236 = CARTESIAN_POINT('',(-4.1,-4.763139720814));
#11237 = CARTESIAN_POINT('',(-4.1,0.));
#11238 = ( GEOMETRIC_REPRESENTATION_CONTEXT(2) 
PARAMETRIC_REPRESENTATION_CONTEXT() REPRESENTATION_CONTEXT('2D SPACE',''
  ) );
#11239 = PCURVE('',#4443,#11240);
#11240 = DEFINITIONAL_REPRESENTATION('',(#11241),#11245);
#11241 = LINE('',#11242,#11243);
#11242 = CARTESIAN_POINT('',(0.,-2.5));
#11243 = VECTOR('',#11244,1.);
#11244 = DIRECTION('',(1.,0.));
#11245 = ( GEOMETRIC_REPRESENTATION_CONTEXT(2) 
PARAMETRIC_REPRESENTATION_CONTEXT() REPRESENTATION_CONTEXT('2D SPACE',''
  ) );
#11246 = ORIENTED_EDGE('',*,*,#4506,.T.);
#11247 = ADVANCED_FACE('',(#11248),#4443,.F.);
#11248 = FACE_BOUND('',#11249,.F.);
#11249 = EDGE_LOOP('',(#11250,#11251,#11252,#11253));
#11250 = ORIENTED_EDGE('',*,*,#9803,.F.);
#11251 = ORIENTED_EDGE('',*,*,#4420,.F.);
#11252 = ORIENTED_EDGE('',*,*,#11221,.T.);
#11253 = ORIENTED_EDGE('',*,*,#4483,.T.);
#11254 = ADVANCED_FACE('',(#11255),#7273,.T.);
#11255 = FACE_BOUND('',#11256,.T.);
#11256 = EDGE_LOOP('',(#11257,#11281,#11304,#11326));
#11257 = ORIENTED_EDGE('',*,*,#11258,.F.);
#11258 = EDGE_CURVE('',#11259,#7223,#11261,.T.);
#11259 = VERTEX_POINT('',#11260);
#11260 = CARTESIAN_POINT('',(5.465891740654,24.150777286814,11.));
#11261 = SURFACE_CURVE('',#11262,(#11267,#11274),.PCURVE_S1.);
#11262 = CIRCLE('',#11263,2.);
#11263 = AXIS2_PLACEMENT_3D('',#11264,#11265,#11266);
#11264 = CARTESIAN_POINT('',(7.198981345114,25.148975875729,11.));
#11265 = DIRECTION('',(0.,0.,1.));
#11266 = DIRECTION('',(1.,0.,-0.));
#11267 = PCURVE('',#7273,#11268);
#11268 = DEFINITIONAL_REPRESENTATION('',(#11269),#11273);
#11269 = CIRCLE('',#11270,2.);
#11270 = AXIS2_PLACEMENT_2D('',#11271,#11272);
#11271 = CARTESIAN_POINT('',(7.198981345114,25.148975875729));
#11272 = DIRECTION('',(1.,0.));
#11273 = ( GEOMETRIC_REPRESENTATION_CONTEXT(2) 
PARAMETRIC_REPRESENTATION_CONTEXT() REPRESENTATION_CONTEXT('2D SPACE',''
  ) );
#11274 = PCURVE('',#7245,#11275);
#11275 = DEFINITIONAL_REPRESENTATION('',(#11276),#11280);
#11276 = LINE('',#11277,#11278);
#11277 = CARTESIAN_POINT('',(-4.440892098501E-16,11.));
#11278 = VECTOR('',#11279,1.);
#11279 = DIRECTION('',(1.,0.));
#11280 = ( GEOMETRIC_REPRESENTATION_CONTEXT(2) 
PARAMETRIC_REPRESENTATION_CONTEXT() REPRESENTATION_CONTEXT('2D SPACE',''
  ) );
#11281 = ORIENTED_EDGE('',*,*,#11282,.T.);
#11282 = EDGE_CURVE('',#11259,#11283,#11285,.T.);
#11283 = VERTEX_POINT('',#11284);
#11284 = CARTESIAN_POINT('',(-5.473370487517,24.149222138065,11.));
#11285 = SURFACE_CURVE('',#11286,(#11290,#11297),.PCURVE_S1.);
#11286 = LINE('',#11287,#11288);
#11287 = CARTESIAN_POINT('',(13.461335491857,24.151913936077,11.));
#11288 = VECTOR('',#11289,1.);
#11289 = DIRECTION('',(-0.999999989895,-1.421621221832E-04,0.));
#11290 = PCURVE('',#7273,#11291);
#11291 = DEFINITIONAL_REPRESENTATION('',(#11292),#11296);
#11292 = LINE('',#11293,#11294);
#11293 = CARTESIAN_POINT('',(13.461335491857,24.151913936077));
#11294 = VECTOR('',#11295,1.);
#11295 = DIRECTION('',(-0.999999989895,-1.421621221832E-04));
#11296 = ( GEOMETRIC_REPRESENTATION_CONTEXT(2) 
PARAMETRIC_REPRESENTATION_CONTEXT() REPRESENTATION_CONTEXT('2D SPACE',''
  ) );
#11297 = PCURVE('',#7722,#11298);
#11298 = DEFINITIONAL_REPRESENTATION('',(#11299),#11303);
#11299 = LINE('',#11300,#11301);
#11300 = CARTESIAN_POINT('',(0.,0.));
#11301 = VECTOR('',#11302,1.);
#11302 = DIRECTION('',(-1.,0.));
#11303 = ( GEOMETRIC_REPRESENTATION_CONTEXT(2) 
PARAMETRIC_REPRESENTATION_CONTEXT() REPRESENTATION_CONTEXT('2D SPACE',''
  ) );
#11304 = ORIENTED_EDGE('',*,*,#11305,.F.);
#11305 = EDGE_CURVE('',#7258,#11283,#11306,.T.);
#11306 = SURFACE_CURVE('',#11307,(#11312,#11319),.PCURVE_S1.);
#11307 = CIRCLE('',#11308,2.);
#11308 = AXIS2_PLACEMENT_3D('',#11309,#11310,#11311);
#11309 = CARTESIAN_POINT('',(-7.205563451371,25.148975875729,11.));
#11310 = DIRECTION('',(0.,0.,1.));
#11311 = DIRECTION('',(1.,0.,-0.));
#11312 = PCURVE('',#7273,#11313);
#11313 = DEFINITIONAL_REPRESENTATION('',(#11314),#11318);
#11314 = CIRCLE('',#11315,2.);
#11315 = AXIS2_PLACEMENT_2D('',#11316,#11317);
#11316 = CARTESIAN_POINT('',(-7.205563451371,25.148975875729));
#11317 = DIRECTION('',(1.,0.));
#11318 = ( GEOMETRIC_REPRESENTATION_CONTEXT(2) 
PARAMETRIC_REPRESENTATION_CONTEXT() REPRESENTATION_CONTEXT('2D SPACE',''
  ) );
#11319 = PCURVE('',#218,#11320);
#11320 = DEFINITIONAL_REPRESENTATION('',(#11321),#11325);
#11321 = LINE('',#11322,#11323);
#11322 = CARTESIAN_POINT('',(0.,11.));
#11323 = VECTOR('',#11324,1.);
#11324 = DIRECTION('',(1.,0.));
#11325 = ( GEOMETRIC_REPRESENTATION_CONTEXT(2) 
PARAMETRIC_REPRESENTATION_CONTEXT() REPRESENTATION_CONTEXT('2D SPACE',''
  ) );
#11326 = ORIENTED_EDGE('',*,*,#7257,.F.);
#11327 = ADVANCED_FACE('',(#11328),#4200,.T.);
#11328 = FACE_BOUND('',#11329,.T.);
#11329 = EDGE_LOOP('',(#11330,#11331,#11332,#11353));
#11330 = ORIENTED_EDGE('',*,*,#4184,.F.);
#11331 = ORIENTED_EDGE('',*,*,#7195,.F.);
#11332 = ORIENTED_EDGE('',*,*,#11333,.T.);
#11333 = EDGE_CURVE('',#7167,#7566,#11334,.T.);
#11334 = SURFACE_CURVE('',#11335,(#11339,#11346),.PCURVE_S1.);
#11335 = LINE('',#11336,#11337);
#11336 = CARTESIAN_POINT('',(-14.44318108035,23.577892617453,10.25));
#11337 = VECTOR('',#11338,1.);
#11338 = DIRECTION('',(0.,0.,-1.));
#11339 = PCURVE('',#4200,#11340);
#11340 = DEFINITIONAL_REPRESENTATION('',(#11341),#11345);
#11341 = LINE('',#11342,#11343);
#11342 = CARTESIAN_POINT('',(1.021183209578,0.75));
#11343 = VECTOR('',#11344,1.);
#11344 = DIRECTION('',(0.,1.));
#11345 = ( GEOMETRIC_REPRESENTATION_CONTEXT(2) 
PARAMETRIC_REPRESENTATION_CONTEXT() REPRESENTATION_CONTEXT('2D SPACE',''
  ) );
#11346 = PCURVE('',#7183,#11347);
#11347 = DEFINITIONAL_REPRESENTATION('',(#11348),#11352);
#11348 = LINE('',#11349,#11350);
#11349 = CARTESIAN_POINT('',(4.045163572037,10.25));
#11350 = VECTOR('',#11351,1.);
#11351 = DIRECTION('',(0.,-1.));
#11352 = ( GEOMETRIC_REPRESENTATION_CONTEXT(2) 
PARAMETRIC_REPRESENTATION_CONTEXT() REPRESENTATION_CONTEXT('2D SPACE',''
  ) );
#11353 = ORIENTED_EDGE('',*,*,#7565,.T.);
#11354 = ADVANCED_FACE('',(#11355),#7722,.F.);
#11355 = FACE_BOUND('',#11356,.T.);
#11356 = EDGE_LOOP('',(#11357,#11358,#11379,#11380));
#11357 = ORIENTED_EDGE('',*,*,#11282,.F.);
#11358 = ORIENTED_EDGE('',*,*,#11359,.T.);
#11359 = EDGE_CURVE('',#11259,#7707,#11360,.T.);
#11360 = SURFACE_CURVE('',#11361,(#11365,#11372),.PCURVE_S1.);
#11361 = LINE('',#11362,#11363);
#11362 = CARTESIAN_POINT('',(5.465891740654,24.150777286814,
    -1.734723475977E-15));
#11363 = VECTOR('',#11364,1.);
#11364 = DIRECTION('',(0.,0.,-1.));
#11365 = PCURVE('',#7722,#11366);
#11366 = DEFINITIONAL_REPRESENTATION('',(#11367),#11371);
#11367 = LINE('',#11368,#11369);
#11368 = CARTESIAN_POINT('',(-7.995443831998,-11.));
#11369 = VECTOR('',#11370,1.);
#11370 = DIRECTION('',(0.,-1.));
#11371 = ( GEOMETRIC_REPRESENTATION_CONTEXT(2) 
PARAMETRIC_REPRESENTATION_CONTEXT() REPRESENTATION_CONTEXT('2D SPACE',''
  ) );
#11372 = PCURVE('',#7245,#11373);
#11373 = DEFINITIONAL_REPRESENTATION('',(#11374),#11378);
#11374 = LINE('',#11375,#11376);
#11375 = CARTESIAN_POINT('',(3.664151695897,0.));
#11376 = VECTOR('',#11377,1.);
#11377 = DIRECTION('',(0.,-1.));
#11378 = ( GEOMETRIC_REPRESENTATION_CONTEXT(2) 
PARAMETRIC_REPRESENTATION_CONTEXT() REPRESENTATION_CONTEXT('2D SPACE',''
  ) );
#11379 = ORIENTED_EDGE('',*,*,#7706,.T.);
#11380 = ORIENTED_EDGE('',*,*,#11381,.T.);
#11381 = EDGE_CURVE('',#7683,#11283,#11382,.T.);
#11382 = SURFACE_CURVE('',#11383,(#11387,#11394),.PCURVE_S1.);
#11383 = LINE('',#11384,#11385);
#11384 = CARTESIAN_POINT('',(-5.473370487517,24.149222138065,
    -1.734723475977E-15));
#11385 = VECTOR('',#11386,1.);
#11386 = DIRECTION('',(-0.,-0.,1.));
#11387 = PCURVE('',#7722,#11388);
#11388 = DEFINITIONAL_REPRESENTATION('',(#11389),#11393);
#11389 = LINE('',#11390,#11391);
#11390 = CARTESIAN_POINT('',(-18.93470617071,-11.));
#11391 = VECTOR('',#11392,1.);
#11392 = DIRECTION('',(0.,1.));
#11393 = ( GEOMETRIC_REPRESENTATION_CONTEXT(2) 
PARAMETRIC_REPRESENTATION_CONTEXT() REPRESENTATION_CONTEXT('2D SPACE',''
  ) );
#11394 = PCURVE('',#218,#11395);
#11395 = DEFINITIONAL_REPRESENTATION('',(#11396),#11400);
#11396 = LINE('',#11397,#11398);
#11397 = CARTESIAN_POINT('',(5.759728705372,0.));
#11398 = VECTOR('',#11399,1.);
#11399 = DIRECTION('',(0.,1.));
#11400 = ( GEOMETRIC_REPRESENTATION_CONTEXT(2) 
PARAMETRIC_REPRESENTATION_CONTEXT() REPRESENTATION_CONTEXT('2D SPACE',''
  ) );
#11401 = ADVANCED_FACE('',(#11402),#3932,.F.);
#11402 = FACE_BOUND('',#11403,.F.);
#11403 = EDGE_LOOP('',(#11404,#11405,#11426,#11427));
#11404 = ORIENTED_EDGE('',*,*,#9950,.T.);
#11405 = ORIENTED_EDGE('',*,*,#11406,.T.);
#11406 = EDGE_CURVE('',#9836,#7068,#11407,.T.);
#11407 = SURFACE_CURVE('',#11408,(#11412,#11419),.PCURVE_S1.);
#11408 = LINE('',#11409,#11410);
#11409 = CARTESIAN_POINT('',(13.204056866545,23.148982315969,10.25));
#11410 = VECTOR('',#11411,1.);
#11411 = DIRECTION('',(-0.,-0.,1.));
#11412 = PCURVE('',#3932,#11413);
#11413 = DEFINITIONAL_REPRESENTATION('',(#11414),#11418);
#11414 = LINE('',#11415,#11416);
#11415 = CARTESIAN_POINT('',(2.089162715346,0.75));
#11416 = VECTOR('',#11417,1.);
#11417 = DIRECTION('',(0.,-1.));
#11418 = ( GEOMETRIC_REPRESENTATION_CONTEXT(2) 
PARAMETRIC_REPRESENTATION_CONTEXT() REPRESENTATION_CONTEXT('2D SPACE',''
  ) );
#11419 = PCURVE('',#101,#11420);
#11420 = DEFINITIONAL_REPRESENTATION('',(#11421),#11425);
#11421 = LINE('',#11422,#11423);
#11422 = CARTESIAN_POINT('',(4.714926743824,10.25));
#11423 = VECTOR('',#11424,1.);
#11424 = DIRECTION('',(0.,1.));
#11425 = ( GEOMETRIC_REPRESENTATION_CONTEXT(2) 
PARAMETRIC_REPRESENTATION_CONTEXT() REPRESENTATION_CONTEXT('2D SPACE',''
  ) );
#11426 = ORIENTED_EDGE('',*,*,#7091,.F.);
#11427 = ORIENTED_EDGE('',*,*,#3916,.T.);
#11428 = ADVANCED_FACE('',(#11429),#3992,.T.);
#11429 = FACE_BOUND('',#11430,.T.);
#11430 = EDGE_LOOP('',(#11431,#11452,#11453,#11454));
#11431 = ORIENTED_EDGE('',*,*,#11432,.F.);
#11432 = EDGE_CURVE('',#7116,#9906,#11433,.T.);
#11433 = SURFACE_CURVE('',#11434,(#11438,#11445),.PCURVE_S1.);
#11434 = LINE('',#11435,#11436);
#11435 = CARTESIAN_POINT('',(-7.205563451367,23.148975875729,11.));
#11436 = VECTOR('',#11437,1.);
#11437 = DIRECTION('',(0.,0.,-1.));
#11438 = PCURVE('',#3992,#11439);
#11439 = DEFINITIONAL_REPRESENTATION('',(#11440),#11444);
#11440 = LINE('',#11441,#11442);
#11441 = CARTESIAN_POINT('',(-20.40454500267,0.));
#11442 = VECTOR('',#11443,1.);
#11443 = DIRECTION('',(0.,-1.));
#11444 = ( GEOMETRIC_REPRESENTATION_CONTEXT(2) 
PARAMETRIC_REPRESENTATION_CONTEXT() REPRESENTATION_CONTEXT('2D SPACE',''
  ) );
#11445 = PCURVE('',#7154,#11446);
#11446 = DEFINITIONAL_REPRESENTATION('',(#11447),#11451);
#11447 = LINE('',#11448,#11449);
#11448 = CARTESIAN_POINT('',(6.000000000003,11.));
#11449 = VECTOR('',#11450,1.);
#11450 = DIRECTION('',(0.,-1.));
#11451 = ( GEOMETRIC_REPRESENTATION_CONTEXT(2) 
PARAMETRIC_REPRESENTATION_CONTEXT() REPRESENTATION_CONTEXT('2D SPACE',''
  ) );
#11452 = ORIENTED_EDGE('',*,*,#7115,.T.);
#11453 = ORIENTED_EDGE('',*,*,#3974,.T.);
#11454 = ORIENTED_EDGE('',*,*,#9927,.F.);
#11455 = ADVANCED_FACE('',(#11456),#3773,.F.);
#11456 = FACE_BOUND('',#11457,.F.);
#11457 = EDGE_LOOP('',(#11458,#11459,#11460,#11461));
#11458 = ORIENTED_EDGE('',*,*,#10174,.F.);
#11459 = ORIENTED_EDGE('',*,*,#3750,.F.);
#11460 = ORIENTED_EDGE('',*,*,#9209,.T.);
#11461 = ORIENTED_EDGE('',*,*,#3809,.T.);
#11462 = ADVANCED_FACE('',(#11463),#3666,.F.);
#11463 = FACE_BOUND('',#11464,.F.);
#11464 = EDGE_LOOP('',(#11465,#11466,#11467,#11468));
#11465 = ORIENTED_EDGE('',*,*,#10149,.F.);
#11466 = ORIENTED_EDGE('',*,*,#3643,.F.);
#11467 = ORIENTED_EDGE('',*,*,#9184,.T.);
#11468 = ORIENTED_EDGE('',*,*,#3702,.T.);
#11469 = ADVANCED_FACE('',(#11470),#3559,.F.);
#11470 = FACE_BOUND('',#11471,.F.);
#11471 = EDGE_LOOP('',(#11472,#11473,#11474,#11475));
#11472 = ORIENTED_EDGE('',*,*,#10124,.F.);
#11473 = ORIENTED_EDGE('',*,*,#3536,.F.);
#11474 = ORIENTED_EDGE('',*,*,#9159,.T.);
#11475 = ORIENTED_EDGE('',*,*,#3595,.T.);
#11476 = ADVANCED_FACE('',(#11477),#3452,.F.);
#11477 = FACE_BOUND('',#11478,.F.);
#11478 = EDGE_LOOP('',(#11479,#11480,#11481,#11482));
#11479 = ORIENTED_EDGE('',*,*,#10099,.F.);
#11480 = ORIENTED_EDGE('',*,*,#3429,.F.);
#11481 = ORIENTED_EDGE('',*,*,#9134,.T.);
#11482 = ORIENTED_EDGE('',*,*,#3488,.T.);
#11483 = ADVANCED_FACE('',(#11484),#3345,.F.);
#11484 = FACE_BOUND('',#11485,.F.);
#11485 = EDGE_LOOP('',(#11486,#11487,#11488,#11489));
#11486 = ORIENTED_EDGE('',*,*,#10074,.F.);
#11487 = ORIENTED_EDGE('',*,*,#3322,.F.);
#11488 = ORIENTED_EDGE('',*,*,#9109,.T.);
#11489 = ORIENTED_EDGE('',*,*,#3381,.T.);
#11490 = ADVANCED_FACE('',(#11491),#3238,.F.);
#11491 = FACE_BOUND('',#11492,.F.);
#11492 = EDGE_LOOP('',(#11493,#11494,#11495,#11496));
#11493 = ORIENTED_EDGE('',*,*,#10049,.F.);
#11494 = ORIENTED_EDGE('',*,*,#3215,.F.);
#11495 = ORIENTED_EDGE('',*,*,#9084,.T.);
#11496 = ORIENTED_EDGE('',*,*,#3274,.T.);
#11497 = ADVANCED_FACE('',(#11498),#3131,.F.);
#11498 = FACE_BOUND('',#11499,.F.);
#11499 = EDGE_LOOP('',(#11500,#11501,#11502,#11503));
#11500 = ORIENTED_EDGE('',*,*,#10024,.F.);
#11501 = ORIENTED_EDGE('',*,*,#3108,.F.);
#11502 = ORIENTED_EDGE('',*,*,#9059,.T.);
#11503 = ORIENTED_EDGE('',*,*,#3167,.T.);
#11504 = ADVANCED_FACE('',(#11505),#3024,.F.);
#11505 = FACE_BOUND('',#11506,.F.);
#11506 = EDGE_LOOP('',(#11507,#11508,#11509,#11510));
#11507 = ORIENTED_EDGE('',*,*,#9999,.F.);
#11508 = ORIENTED_EDGE('',*,*,#3001,.F.);
#11509 = ORIENTED_EDGE('',*,*,#9034,.T.);
#11510 = ORIENTED_EDGE('',*,*,#3060,.T.);
#11511 = ADVANCED_FACE('',(#11512),#2913,.F.);
#11512 = FACE_BOUND('',#11513,.F.);
#11513 = EDGE_LOOP('',(#11514,#11540,#11541,#11542));
#11514 = ORIENTED_EDGE('',*,*,#11515,.F.);
#11515 = EDGE_CURVE('',#2893,#2926,#11516,.T.);
#11516 = SURFACE_CURVE('',#11517,(#11522,#11529),.PCURVE_S1.);
#11517 = CIRCLE('',#11518,1.7);
#11518 = AXIS2_PLACEMENT_3D('',#11519,#11520,#11521);
#11519 = CARTESIAN_POINT('',(-9.,65.,8.));
#11520 = DIRECTION('',(0.,-0.,1.));
#11521 = DIRECTION('',(-1.,0.,0.));
#11522 = PCURVE('',#2913,#11523);
#11523 = DEFINITIONAL_REPRESENTATION('',(#11524),#11528);
#11524 = LINE('',#11525,#11526);
#11525 = CARTESIAN_POINT('',(-3.14159265359,8.));
#11526 = VECTOR('',#11527,1.);
#11527 = DIRECTION('',(1.,0.));
#11528 = ( GEOMETRIC_REPRESENTATION_CONTEXT(2) 
PARAMETRIC_REPRESENTATION_CONTEXT() REPRESENTATION_CONTEXT('2D SPACE',''
  ) );
#11529 = PCURVE('',#1654,#11530);
#11530 = DEFINITIONAL_REPRESENTATION('',(#11531),#11539);
#11531 = ( BOUNDED_CURVE() B_SPLINE_CURVE(2,(#11532,#11533,#11534,#11535
    ,#11536,#11537,#11538),.UNSPECIFIED.,.T.,.F.) 
B_SPLINE_CURVE_WITH_KNOTS((1,2,2,2,2,1),(-2.094395102393,0.,
    2.094395102393,4.188790204786,6.28318530718,8.377580409573),
.UNSPECIFIED.) CURVE() GEOMETRIC_REPRESENTATION_ITEM() 
RATIONAL_B_SPLINE_CURVE((1.,0.5,1.,0.5,1.,0.5,1.)) REPRESENTATION_ITEM(
  '') );
#11532 = CARTESIAN_POINT('',(3.35,0.));
#11533 = CARTESIAN_POINT('',(3.35,-2.944486372867));
#11534 = CARTESIAN_POINT('',(0.8,-1.472243186434));
#11535 = CARTESIAN_POINT('',(-1.75,-4.163799117101E-16));
#11536 = CARTESIAN_POINT('',(0.8,1.472243186434));
#11537 = CARTESIAN_POINT('',(3.35,2.944486372867));
#11538 = CARTESIAN_POINT('',(3.35,0.));
#11539 = ( GEOMETRIC_REPRESENTATION_CONTEXT(2) 
PARAMETRIC_REPRESENTATION_CONTEXT() REPRESENTATION_CONTEXT('2D SPACE',''
  ) );
#11540 = ORIENTED_EDGE('',*,*,#2890,.F.);
#11541 = ORIENTED_EDGE('',*,*,#9009,.T.);
#11542 = ORIENTED_EDGE('',*,*,#2953,.T.);
#11543 = ADVANCED_FACE('',(#11544),#2802,.F.);
#11544 = FACE_BOUND('',#11545,.F.);
#11545 = EDGE_LOOP('',(#11546,#11572,#11573,#11574));
#11546 = ORIENTED_EDGE('',*,*,#11547,.F.);
#11547 = EDGE_CURVE('',#2782,#2815,#11548,.T.);
#11548 = SURFACE_CURVE('',#11549,(#11554,#11561),.PCURVE_S1.);
#11549 = CIRCLE('',#11550,1.7);
#11550 = AXIS2_PLACEMENT_3D('',#11551,#11552,#11553);
#11551 = CARTESIAN_POINT('',(-9.,30.,8.));
#11552 = DIRECTION('',(0.,-0.,1.));
#11553 = DIRECTION('',(-1.,0.,0.));
#11554 = PCURVE('',#2802,#11555);
#11555 = DEFINITIONAL_REPRESENTATION('',(#11556),#11560);
#11556 = LINE('',#11557,#11558);
#11557 = CARTESIAN_POINT('',(-3.14159265359,8.));
#11558 = VECTOR('',#11559,1.);
#11559 = DIRECTION('',(1.,0.));
#11560 = ( GEOMETRIC_REPRESENTATION_CONTEXT(2) 
PARAMETRIC_REPRESENTATION_CONTEXT() REPRESENTATION_CONTEXT('2D SPACE',''
  ) );
#11561 = PCURVE('',#1770,#11562);
#11562 = DEFINITIONAL_REPRESENTATION('',(#11563),#11571);
#11563 = ( BOUNDED_CURVE() B_SPLINE_CURVE(2,(#11564,#11565,#11566,#11567
    ,#11568,#11569,#11570),.UNSPECIFIED.,.T.,.F.) 
B_SPLINE_CURVE_WITH_KNOTS((1,2,2,2,2,1),(-2.094395102393,0.,
    2.094395102393,4.188790204786,6.28318530718,8.377580409573),
.UNSPECIFIED.) CURVE() GEOMETRIC_REPRESENTATION_ITEM() 
RATIONAL_B_SPLINE_CURVE((1.,0.5,1.,0.5,1.,0.5,1.)) REPRESENTATION_ITEM(
  '') );
#11564 = CARTESIAN_POINT('',(3.35,0.));
#11565 = CARTESIAN_POINT('',(3.35,-2.944486372867));
#11566 = CARTESIAN_POINT('',(0.8,-1.472243186434));
#11567 = CARTESIAN_POINT('',(-1.75,-4.163799117101E-16));
#11568 = CARTESIAN_POINT('',(0.8,1.472243186434));
#11569 = CARTESIAN_POINT('',(3.35,2.944486372867));
#11570 = CARTESIAN_POINT('',(3.35,0.));
#11571 = ( GEOMETRIC_REPRESENTATION_CONTEXT(2) 
PARAMETRIC_REPRESENTATION_CONTEXT() REPRESENTATION_CONTEXT('2D SPACE',''
  ) );
#11572 = ORIENTED_EDGE('',*,*,#2779,.F.);
#11573 = ORIENTED_EDGE('',*,*,#8984,.T.);
#11574 = ORIENTED_EDGE('',*,*,#2842,.T.);
#11575 = ADVANCED_FACE('',(#11576),#2691,.F.);
#11576 = FACE_BOUND('',#11577,.F.);
#11577 = EDGE_LOOP('',(#11578,#11604,#11605,#11606));
#11578 = ORIENTED_EDGE('',*,*,#11579,.F.);
#11579 = EDGE_CURVE('',#2671,#2704,#11580,.T.);
#11580 = SURFACE_CURVE('',#11581,(#11586,#11593),.PCURVE_S1.);
#11581 = CIRCLE('',#11582,1.7);
#11582 = AXIS2_PLACEMENT_3D('',#11583,#11584,#11585);
#11583 = CARTESIAN_POINT('',(40.,25.,8.));
#11584 = DIRECTION('',(0.,-0.,1.));
#11585 = DIRECTION('',(-1.,0.,0.));
#11586 = PCURVE('',#2691,#11587);
#11587 = DEFINITIONAL_REPRESENTATION('',(#11588),#11592);
#11588 = LINE('',#11589,#11590);
#11589 = CARTESIAN_POINT('',(-3.14159265359,8.));
#11590 = VECTOR('',#11591,1.);
#11591 = DIRECTION('',(1.,0.));
#11592 = ( GEOMETRIC_REPRESENTATION_CONTEXT(2) 
PARAMETRIC_REPRESENTATION_CONTEXT() REPRESENTATION_CONTEXT('2D SPACE',''
  ) );
#11593 = PCURVE('',#1968,#11594);
#11594 = DEFINITIONAL_REPRESENTATION('',(#11595),#11603);
#11595 = ( BOUNDED_CURVE() B_SPLINE_CURVE(2,(#11596,#11597,#11598,#11599
    ,#11600,#11601,#11602),.UNSPECIFIED.,.T.,.F.) 
B_SPLINE_CURVE_WITH_KNOTS((1,2,2,2,2,1),(-2.094395102393,0.,
    2.094395102393,4.188790204786,6.28318530718,8.377580409573),
.UNSPECIFIED.) CURVE() GEOMETRIC_REPRESENTATION_ITEM() 
RATIONAL_B_SPLINE_CURVE((1.,0.5,1.,0.5,1.,0.5,1.)) REPRESENTATION_ITEM(
  '') );
#11596 = CARTESIAN_POINT('',(3.35,0.));
#11597 = CARTESIAN_POINT('',(3.35,-2.944486372867));
#11598 = CARTESIAN_POINT('',(0.8,-1.472243186434));
#11599 = CARTESIAN_POINT('',(-1.75,-4.163799117101E-16));
#11600 = CARTESIAN_POINT('',(0.8,1.472243186434));
#11601 = CARTESIAN_POINT('',(3.35,2.944486372867));
#11602 = CARTESIAN_POINT('',(3.35,0.));
#11603 = ( GEOMETRIC_REPRESENTATION_CONTEXT(2) 
PARAMETRIC_REPRESENTATION_CONTEXT() REPRESENTATION_CONTEXT('2D SPACE',''
  ) );
#11604 = ORIENTED_EDGE('',*,*,#2668,.F.);
#11605 = ORIENTED_EDGE('',*,*,#8959,.T.);
#11606 = ORIENTED_EDGE('',*,*,#2731,.T.);
#11607 = ADVANCED_FACE('',(#11608),#2580,.F.);
#11608 = FACE_BOUND('',#11609,.F.);
#11609 = EDGE_LOOP('',(#11610,#11636,#11637,#11638));
#11610 = ORIENTED_EDGE('',*,*,#11611,.F.);
#11611 = EDGE_CURVE('',#2560,#2593,#11612,.T.);
#11612 = SURFACE_CURVE('',#11613,(#11618,#11625),.PCURVE_S1.);
#11613 = CIRCLE('',#11614,1.7);
#11614 = AXIS2_PLACEMENT_3D('',#11615,#11616,#11617);
#11615 = CARTESIAN_POINT('',(40.,47.5,8.));
#11616 = DIRECTION('',(0.,-0.,1.));
#11617 = DIRECTION('',(-1.,0.,0.));
#11618 = PCURVE('',#2580,#11619);
#11619 = DEFINITIONAL_REPRESENTATION('',(#11620),#11624);
#11620 = LINE('',#11621,#11622);
#11621 = CARTESIAN_POINT('',(-3.14159265359,8.));
#11622 = VECTOR('',#11623,1.);
#11623 = DIRECTION('',(1.,0.));
#11624 = ( GEOMETRIC_REPRESENTATION_CONTEXT(2) 
PARAMETRIC_REPRESENTATION_CONTEXT() REPRESENTATION_CONTEXT('2D SPACE',''
  ) );
#11625 = PCURVE('',#2084,#11626);
#11626 = DEFINITIONAL_REPRESENTATION('',(#11627),#11635);
#11627 = ( BOUNDED_CURVE() B_SPLINE_CURVE(2,(#11628,#11629,#11630,#11631
    ,#11632,#11633,#11634),.UNSPECIFIED.,.T.,.F.) 
B_SPLINE_CURVE_WITH_KNOTS((1,2,2,2,2,1),(-2.094395102393,0.,
    2.094395102393,4.188790204786,6.28318530718,8.377580409573),
.UNSPECIFIED.) CURVE() GEOMETRIC_REPRESENTATION_ITEM() 
RATIONAL_B_SPLINE_CURVE((1.,0.5,1.,0.5,1.,0.5,1.)) REPRESENTATION_ITEM(
  '') );
#11628 = CARTESIAN_POINT('',(3.35,0.));
#11629 = CARTESIAN_POINT('',(3.35,-2.944486372867));
#11630 = CARTESIAN_POINT('',(0.8,-1.472243186434));
#11631 = CARTESIAN_POINT('',(-1.75,-4.163799117101E-16));
#11632 = CARTESIAN_POINT('',(0.8,1.472243186434));
#11633 = CARTESIAN_POINT('',(3.35,2.944486372867));
#11634 = CARTESIAN_POINT('',(3.35,0.));
#11635 = ( GEOMETRIC_REPRESENTATION_CONTEXT(2) 
PARAMETRIC_REPRESENTATION_CONTEXT() REPRESENTATION_CONTEXT('2D SPACE',''
  ) );
#11636 = ORIENTED_EDGE('',*,*,#2557,.F.);
#11637 = ORIENTED_EDGE('',*,*,#8934,.T.);
#11638 = ORIENTED_EDGE('',*,*,#2620,.T.);
#11639 = ADVANCED_FACE('',(#11640),#2469,.F.);
#11640 = FACE_BOUND('',#11641,.F.);
#11641 = EDGE_LOOP('',(#11642,#11668,#11669,#11670));
#11642 = ORIENTED_EDGE('',*,*,#11643,.F.);
#11643 = EDGE_CURVE('',#2449,#2482,#11644,.T.);
#11644 = SURFACE_CURVE('',#11645,(#11650,#11657),.PCURVE_S1.);
#11645 = CIRCLE('',#11646,1.7);
#11646 = AXIS2_PLACEMENT_3D('',#11647,#11648,#11649);
#11647 = CARTESIAN_POINT('',(40.,70.,8.));
#11648 = DIRECTION('',(0.,-0.,1.));
#11649 = DIRECTION('',(-1.,0.,0.));
#11650 = PCURVE('',#2469,#11651);
#11651 = DEFINITIONAL_REPRESENTATION('',(#11652),#11656);
#11652 = LINE('',#11653,#11654);
#11653 = CARTESIAN_POINT('',(-3.14159265359,8.));
#11654 = VECTOR('',#11655,1.);
#11655 = DIRECTION('',(1.,0.));
#11656 = ( GEOMETRIC_REPRESENTATION_CONTEXT(2) 
PARAMETRIC_REPRESENTATION_CONTEXT() REPRESENTATION_CONTEXT('2D SPACE',''
  ) );
#11657 = PCURVE('',#2200,#11658);
#11658 = DEFINITIONAL_REPRESENTATION('',(#11659),#11667);
#11659 = ( BOUNDED_CURVE() B_SPLINE_CURVE(2,(#11660,#11661,#11662,#11663
    ,#11664,#11665,#11666),.UNSPECIFIED.,.T.,.F.) 
B_SPLINE_CURVE_WITH_KNOTS((1,2,2,2,2,1),(-2.094395102393,0.,
    2.094395102393,4.188790204786,6.28318530718,8.377580409573),
.UNSPECIFIED.) CURVE() GEOMETRIC_REPRESENTATION_ITEM() 
RATIONAL_B_SPLINE_CURVE((1.,0.5,1.,0.5,1.,0.5,1.)) REPRESENTATION_ITEM(
  '') );
#11660 = CARTESIAN_POINT('',(3.35,0.));
#11661 = CARTESIAN_POINT('',(3.35,-2.944486372867));
#11662 = CARTESIAN_POINT('',(0.8,-1.472243186434));
#11663 = CARTESIAN_POINT('',(-1.75,-4.163799117101E-16));
#11664 = CARTESIAN_POINT('',(0.8,1.472243186434));
#11665 = CARTESIAN_POINT('',(3.35,2.944486372867));
#11666 = CARTESIAN_POINT('',(3.35,0.));
#11667 = ( GEOMETRIC_REPRESENTATION_CONTEXT(2) 
PARAMETRIC_REPRESENTATION_CONTEXT() REPRESENTATION_CONTEXT('2D SPACE',''
  ) );
#11668 = ORIENTED_EDGE('',*,*,#2446,.F.);
#11669 = ORIENTED_EDGE('',*,*,#8909,.T.);
#11670 = ORIENTED_EDGE('',*,*,#2509,.T.);
#11671 = ADVANCED_FACE('',(#11672),#2358,.F.);
#11672 = FACE_BOUND('',#11673,.F.);
#11673 = EDGE_LOOP('',(#11674,#11700,#11701,#11702));
#11674 = ORIENTED_EDGE('',*,*,#11675,.F.);
#11675 = EDGE_CURVE('',#2338,#2371,#11676,.T.);
#11676 = SURFACE_CURVE('',#11677,(#11682,#11689),.PCURVE_S1.);
#11677 = CIRCLE('',#11678,1.65);
#11678 = AXIS2_PLACEMENT_3D('',#11679,#11680,#11681);
#11679 = CARTESIAN_POINT('',(-61.46712140014,60.446734828313,8.));
#11680 = DIRECTION('',(0.,-0.,1.));
#11681 = DIRECTION('',(1.,0.,0.));
#11682 = PCURVE('',#2358,#11683);
#11683 = DEFINITIONAL_REPRESENTATION('',(#11684),#11688);
#11684 = LINE('',#11685,#11686);
#11685 = CARTESIAN_POINT('',(0.,-2.));
#11686 = VECTOR('',#11687,1.);
#11687 = DIRECTION('',(1.,0.));
#11688 = ( GEOMETRIC_REPRESENTATION_CONTEXT(2) 
PARAMETRIC_REPRESENTATION_CONTEXT() REPRESENTATION_CONTEXT('2D SPACE',''
  ) );
#11689 = PCURVE('',#2316,#11690);
#11690 = DEFINITIONAL_REPRESENTATION('',(#11691),#11699);
#11691 = ( BOUNDED_CURVE() B_SPLINE_CURVE(2,(#11692,#11693,#11694,#11695
    ,#11696,#11697,#11698),.UNSPECIFIED.,.T.,.F.) 
B_SPLINE_CURVE_WITH_KNOTS((1,2,2,2,2,1),(-2.094395102393,0.,
    2.094395102393,4.188790204786,6.28318530718,8.377580409573),
.UNSPECIFIED.) CURVE() GEOMETRIC_REPRESENTATION_ITEM() 
RATIONAL_B_SPLINE_CURVE((1.,0.5,1.,0.5,1.,0.5,1.)) REPRESENTATION_ITEM(
  '') );
#11692 = CARTESIAN_POINT('',(0.,0.));
#11693 = CARTESIAN_POINT('',(0.,2.857883832489));
#11694 = CARTESIAN_POINT('',(2.475,1.428941916244));
#11695 = CARTESIAN_POINT('',(4.95,4.041334437186E-16));
#11696 = CARTESIAN_POINT('',(2.475,-1.428941916244));
#11697 = CARTESIAN_POINT('',(2.6645352591E-15,-2.857883832489));
#11698 = CARTESIAN_POINT('',(0.,0.));
#11699 = ( GEOMETRIC_REPRESENTATION_CONTEXT(2) 
PARAMETRIC_REPRESENTATION_CONTEXT() REPRESENTATION_CONTEXT('2D SPACE',''
  ) );
#11700 = ORIENTED_EDGE('',*,*,#2335,.F.);
#11701 = ORIENTED_EDGE('',*,*,#8884,.T.);
#11702 = ORIENTED_EDGE('',*,*,#2398,.T.);
#11703 = ADVANCED_FACE('',(#11704,#11708),#2316,.F.);
#11704 = FACE_BOUND('',#11705,.T.);
#11705 = EDGE_LOOP('',(#11706,#11707));
#11706 = ORIENTED_EDGE('',*,*,#11675,.F.);
#11707 = ORIENTED_EDGE('',*,*,#2370,.F.);
#11708 = FACE_BOUND('',#11709,.T.);
#11709 = EDGE_LOOP('',(#11710,#11736));
#11710 = ORIENTED_EDGE('',*,*,#11711,.T.);
#11711 = EDGE_CURVE('',#2220,#2279,#11712,.T.);
#11712 = SURFACE_CURVE('',#11713,(#11718,#11729),.PCURVE_S1.);
#11713 = CIRCLE('',#11714,3.25);
#11714 = AXIS2_PLACEMENT_3D('',#11715,#11716,#11717);
#11715 = CARTESIAN_POINT('',(-61.46712140014,60.446734828313,8.));
#11716 = DIRECTION('',(0.,-0.,1.));
#11717 = DIRECTION('',(1.,0.,0.));
#11718 = PCURVE('',#2316,#11719);
#11719 = DEFINITIONAL_REPRESENTATION('',(#11720),#11728);
#11720 = ( BOUNDED_CURVE() B_SPLINE_CURVE(2,(#11721,#11722,#11723,#11724
    ,#11725,#11726,#11727),.UNSPECIFIED.,.T.,.F.) 
B_SPLINE_CURVE_WITH_KNOTS((1,2,2,2,2,1),(-2.094395102393,0.,
    2.094395102393,4.188790204786,6.28318530718,8.377580409573),
.UNSPECIFIED.) CURVE() GEOMETRIC_REPRESENTATION_ITEM() 
RATIONAL_B_SPLINE_CURVE((1.,0.5,1.,0.5,1.,0.5,1.)) REPRESENTATION_ITEM(
  '') );
#11721 = CARTESIAN_POINT('',(-1.6,0.));
#11722 = CARTESIAN_POINT('',(-1.6,5.629165124599));
#11723 = CARTESIAN_POINT('',(3.275,2.814582562299));
#11724 = CARTESIAN_POINT('',(8.15,7.960204194458E-16));
#11725 = CARTESIAN_POINT('',(3.275,-2.814582562299));
#11726 = CARTESIAN_POINT('',(-1.6,-5.629165124599));
#11727 = CARTESIAN_POINT('',(-1.6,0.));
#11728 = ( GEOMETRIC_REPRESENTATION_CONTEXT(2) 
PARAMETRIC_REPRESENTATION_CONTEXT() REPRESENTATION_CONTEXT('2D SPACE',''
  ) );
#11729 = PCURVE('',#2242,#11730);
#11730 = DEFINITIONAL_REPRESENTATION('',(#11731),#11735);
#11731 = LINE('',#11732,#11733);
#11732 = CARTESIAN_POINT('',(0.,-2.));
#11733 = VECTOR('',#11734,1.);
#11734 = DIRECTION('',(1.,0.));
#11735 = ( GEOMETRIC_REPRESENTATION_CONTEXT(2) 
PARAMETRIC_REPRESENTATION_CONTEXT() REPRESENTATION_CONTEXT('2D SPACE',''
  ) );
#11736 = ORIENTED_EDGE('',*,*,#2301,.T.);
#11737 = ADVANCED_FACE('',(#11738),#2242,.F.);
#11738 = FACE_BOUND('',#11739,.F.);
#11739 = EDGE_LOOP('',(#11740,#11741,#11742,#11743));
#11740 = ORIENTED_EDGE('',*,*,#8231,.F.);
#11741 = ORIENTED_EDGE('',*,*,#2219,.F.);
#11742 = ORIENTED_EDGE('',*,*,#11711,.T.);
#11743 = ORIENTED_EDGE('',*,*,#2278,.T.);
#11744 = ADVANCED_FACE('',(#11745,#11774),#2200,.F.);
#11745 = FACE_BOUND('',#11746,.T.);
#11746 = EDGE_LOOP('',(#11747,#11773));
#11747 = ORIENTED_EDGE('',*,*,#11748,.T.);
#11748 = EDGE_CURVE('',#2104,#2163,#11749,.T.);
#11749 = SURFACE_CURVE('',#11750,(#11755,#11766),.PCURVE_S1.);
#11750 = CIRCLE('',#11751,3.25);
#11751 = AXIS2_PLACEMENT_3D('',#11752,#11753,#11754);
#11752 = CARTESIAN_POINT('',(40.,70.,8.));
#11753 = DIRECTION('',(0.,-0.,1.));
#11754 = DIRECTION('',(1.,0.,0.));
#11755 = PCURVE('',#2200,#11756);
#11756 = DEFINITIONAL_REPRESENTATION('',(#11757),#11765);
#11757 = ( BOUNDED_CURVE() B_SPLINE_CURVE(2,(#11758,#11759,#11760,#11761
    ,#11762,#11763,#11764),.UNSPECIFIED.,.T.,.F.) 
B_SPLINE_CURVE_WITH_KNOTS((1,2,2,2,2,1),(-2.094395102393,0.,
    2.094395102393,4.188790204786,6.28318530718,8.377580409573),
.UNSPECIFIED.) CURVE() GEOMETRIC_REPRESENTATION_ITEM() 
RATIONAL_B_SPLINE_CURVE((1.,0.5,1.,0.5,1.,0.5,1.)) REPRESENTATION_ITEM(
  '') );
#11758 = CARTESIAN_POINT('',(-1.6,0.));
#11759 = CARTESIAN_POINT('',(-1.6,5.629165124599));
#11760 = CARTESIAN_POINT('',(3.275,2.814582562299));
#11761 = CARTESIAN_POINT('',(8.15,7.960204194458E-16));
#11762 = CARTESIAN_POINT('',(3.275,-2.814582562299));
#11763 = CARTESIAN_POINT('',(-1.6,-5.629165124599));
#11764 = CARTESIAN_POINT('',(-1.6,0.));
#11765 = ( GEOMETRIC_REPRESENTATION_CONTEXT(2) 
PARAMETRIC_REPRESENTATION_CONTEXT() REPRESENTATION_CONTEXT('2D SPACE',''
  ) );
#11766 = PCURVE('',#2126,#11767);
#11767 = DEFINITIONAL_REPRESENTATION('',(#11768),#11772);
#11768 = LINE('',#11769,#11770);
#11769 = CARTESIAN_POINT('',(0.,-2.));
#11770 = VECTOR('',#11771,1.);
#11771 = DIRECTION('',(1.,0.));
#11772 = ( GEOMETRIC_REPRESENTATION_CONTEXT(2) 
PARAMETRIC_REPRESENTATION_CONTEXT() REPRESENTATION_CONTEXT('2D SPACE',''
  ) );
#11773 = ORIENTED_EDGE('',*,*,#2185,.T.);
#11774 = FACE_BOUND('',#11775,.T.);
#11775 = EDGE_LOOP('',(#11776,#11777));
#11776 = ORIENTED_EDGE('',*,*,#11643,.F.);
#11777 = ORIENTED_EDGE('',*,*,#2481,.F.);
#11778 = ADVANCED_FACE('',(#11779),#2126,.F.);
#11779 = FACE_BOUND('',#11780,.F.);
#11780 = EDGE_LOOP('',(#11781,#11782,#11854,#11855,#11856,#11857));
#11781 = ORIENTED_EDGE('',*,*,#7463,.F.);
#11782 = ORIENTED_EDGE('',*,*,#11783,.F.);
#11783 = EDGE_CURVE('',#7413,#7464,#11784,.T.);
#11784 = SURFACE_CURVE('',#11785,(#11796,#11825),.PCURVE_S1.);
#11785 = B_SPLINE_CURVE_WITH_KNOTS('',3,(#11786,#11787,#11788,#11789,
    #11790,#11791,#11792,#11793,#11794,#11795),.UNSPECIFIED.,.F.,.F.,(4,
    2,2,2,4),(0.,6.386403715364E-04,1.277280743073E-03,
    1.915921114609E-03,2.554561486145E-03),.UNSPECIFIED.);
#11786 = CARTESIAN_POINT('',(41.25,73.,10.));
#11787 = CARTESIAN_POINT('',(41.051047746127,73.082896772447,10.));
#11788 = CARTESIAN_POINT('',(40.84708516898,73.144888776481,
    9.99518734122));
#11789 = CARTESIAN_POINT('',(40.429334993443,73.228552332446,
    9.987342224039));
#11790 = CARTESIAN_POINT('',(40.213293139865,73.249995947413,
    9.984313993876));
#11791 = CARTESIAN_POINT('',(39.786830378544,73.250004051413,
    9.984312972868));
#11792 = CARTESIAN_POINT('',(39.575421891271,73.229225945591,
    9.987261849838));
#11793 = CARTESIAN_POINT('',(39.15624170874,73.14582878174,
    9.995116076917));
#11794 = CARTESIAN_POINT('',(38.948919154269,73.082882980945,10.));
#11795 = CARTESIAN_POINT('',(38.75,73.,10.));
#11796 = PCURVE('',#2126,#11797);
#11797 = DEFINITIONAL_REPRESENTATION('',(#11798),#11824);
#11798 = B_SPLINE_CURVE_WITH_KNOTS('',3,(#11799,#11800,#11801,#11802,
    #11803,#11804,#11805,#11806,#11807,#11808,#11809,#11810,#11811,
    #11812,#11813,#11814,#11815,#11816,#11817,#11818,#11819,#11820,
    #11821,#11822,#11823),.UNSPECIFIED.,.F.,.F.,(4,1,1,1,1,1,1,1,1,1,1,1
    ,1,1,1,1,1,1,1,1,1,1,4),(0.,1.161164311884E-04,2.322328623769E-04,
    3.483492935653E-04,4.644657247537E-04,5.805821559421E-04,
    6.966985871306E-04,8.12815018319E-04,9.289314495074E-04,
    1.045047880696E-03,1.161164311884E-03,1.277280743073E-03,
    1.393397174261E-03,1.50951360545E-03,1.625630036638E-03,
    1.741746467826E-03,1.857862899015E-03,1.973979330203E-03,
    2.090095761392E-03,2.20621219258E-03,2.322328623769E-03,
    2.438445054957E-03,2.554561486145E-03),.QUASI_UNIFORM_KNOTS.);
#11799 = CARTESIAN_POINT('',(1.176005207095,0.));
#11800 = CARTESIAN_POINT('',(1.188062919178,2.960750944001E-16));
#11801 = CARTESIAN_POINT('',(1.212108856675,-3.182016357712E-04));
#11802 = CARTESIAN_POINT('',(1.248017542147,-1.544365892482E-03));
#11803 = CARTESIAN_POINT('',(1.283814456504,-3.313984358877E-03));
#11804 = CARTESIAN_POINT('',(1.319547312916,-5.420475153461E-03));
#11805 = CARTESIAN_POINT('',(1.355264680298,-7.661618036378E-03));
#11806 = CARTESIAN_POINT('',(1.391008317095,-9.818920489325E-03));
#11807 = CARTESIAN_POINT('',(1.426925784332,-1.175007878485E-02));
#11808 = CARTESIAN_POINT('',(1.462926625545,-1.339123853569E-02));
#11809 = CARTESIAN_POINT('',(1.498951210874,-1.466178136992E-02));
#11810 = CARTESIAN_POINT('',(1.534934311513,-1.548641482102E-02));
#11811 = CARTESIAN_POINT('',(1.57080092489,-1.578530678561E-02));
#11812 = CARTESIAN_POINT('',(1.606525932705,-1.549145780229E-02));
#11813 = CARTESIAN_POINT('',(1.642192777891,-1.468571092165E-02));
#11814 = CARTESIAN_POINT('',(1.67783679486,-1.343679672971E-02));
#11815 = CARTESIAN_POINT('',(1.713507570579,-1.181546482849E-02));
#11816 = CARTESIAN_POINT('',(1.749248020106,-9.896501220669E-03));
#11817 = CARTESIAN_POINT('',(1.785113627963,-7.736527290221E-03));
#11818 = CARTESIAN_POINT('',(1.82108863294,-5.481417630743E-03));
#11819 = CARTESIAN_POINT('',(1.857146010808,-3.355339887633E-03));
#11820 = CARTESIAN_POINT('',(1.893263700152,-1.565302647728E-03));
#11821 = CARTESIAN_POINT('',(1.929418419413,-3.229138331437E-04));
#11822 = CARTESIAN_POINT('',(1.953531845108,4.933152516274E-16));
#11823 = CARTESIAN_POINT('',(1.965587446495,0.));
#11824 = ( GEOMETRIC_REPRESENTATION_CONTEXT(2) 
PARAMETRIC_REPRESENTATION_CONTEXT() REPRESENTATION_CONTEXT('2D SPACE',''
  ) );
#11825 = PCURVE('',#7428,#11826);
#11826 = DEFINITIONAL_REPRESENTATION('',(#11827),#11853);
#11827 = B_SPLINE_CURVE_WITH_KNOTS('',3,(#11828,#11829,#11830,#11831,
    #11832,#11833,#11834,#11835,#11836,#11837,#11838,#11839,#11840,
    #11841,#11842,#11843,#11844,#11845,#11846,#11847,#11848,#11849,
    #11850,#11851,#11852),.UNSPECIFIED.,.F.,.F.,(4,1,1,1,1,1,1,1,1,1,1,1
    ,1,1,1,1,1,1,1,1,1,1,4),(0.,1.161164311884E-04,2.322328623769E-04,
    3.483492935653E-04,4.644657247537E-04,5.805821559421E-04,
    6.966985871306E-04,8.12815018319E-04,9.289314495074E-04,
    1.045047880696E-03,1.161164311884E-03,1.277280743073E-03,
    1.393397174261E-03,1.50951360545E-03,1.625630036638E-03,
    1.741746467826E-03,1.857862899015E-03,1.973979330203E-03,
    2.090095761392E-03,2.20621219258E-03,2.322328623769E-03,
    2.438445054957E-03,2.554561486145E-03),.QUASI_UNIFORM_KNOTS.);
#11828 = CARTESIAN_POINT('',(3.14159265359,41.25));
#11829 = CARTESIAN_POINT('',(3.134056858728,41.213826862932));
#11830 = CARTESIAN_POINT('',(3.119675309613,41.141149316111));
#11831 = CARTESIAN_POINT('',(3.1001553723,41.031142810036));
#11832 = CARTESIAN_POINT('',(3.082668831338,40.920149331187));
#11833 = CARTESIAN_POINT('',(3.067201087623,40.808173559648));
#11834 = CARTESIAN_POINT('',(3.053742704479,40.695214726585));
#11835 = CARTESIAN_POINT('',(3.042281260843,40.581292391818));
#11836 = CARTESIAN_POINT('',(3.032852229979,40.466059441078));
#11837 = CARTESIAN_POINT('',(3.025477435789,40.349962722215));
#11838 = CARTESIAN_POINT('',(3.020180075997,40.233340940569));
#11839 = CARTESIAN_POINT('',(3.016980175031,40.116551288501));
#11840 = CARTESIAN_POINT('',(3.01591244177,39.999985152803));
#11841 = CARTESIAN_POINT('',(3.016958994195,39.883878655515));
#11842 = CARTESIAN_POINT('',(3.020076113103,39.768107160178));
#11843 = CARTESIAN_POINT('',(3.02527304521,39.652704439273));
#11844 = CARTESIAN_POINT('',(3.032545390228,39.537659066198));
#11845 = CARTESIAN_POINT('',(3.041893305724,39.422982001747));
#11846 = CARTESIAN_POINT('',(3.053315703363,39.308639856202));
#11847 = CARTESIAN_POINT('',(3.066834107665,39.194848748903));
#11848 = CARTESIAN_POINT('',(3.082411604616,39.081841826589));
#11849 = CARTESIAN_POINT('',(3.100023753251,38.969837187153));
#11850 = CARTESIAN_POINT('',(3.119647051465,38.859056962201));
#11851 = CARTESIAN_POINT('',(3.134058133192,38.786167118958));
#11852 = CARTESIAN_POINT('',(3.14159265359,38.75));
#11853 = ( GEOMETRIC_REPRESENTATION_CONTEXT(2) 
PARAMETRIC_REPRESENTATION_CONTEXT() REPRESENTATION_CONTEXT('2D SPACE',''
  ) );
#11854 = ORIENTED_EDGE('',*,*,#7440,.F.);
#11855 = ORIENTED_EDGE('',*,*,#2103,.F.);
#11856 = ORIENTED_EDGE('',*,*,#11748,.T.);
#11857 = ORIENTED_EDGE('',*,*,#2162,.T.);
#11858 = ADVANCED_FACE('',(#11859,#11888),#2084,.F.);
#11859 = FACE_BOUND('',#11860,.T.);
#11860 = EDGE_LOOP('',(#11861,#11887));
#11861 = ORIENTED_EDGE('',*,*,#11862,.T.);
#11862 = EDGE_CURVE('',#1988,#2047,#11863,.T.);
#11863 = SURFACE_CURVE('',#11864,(#11869,#11880),.PCURVE_S1.);
#11864 = CIRCLE('',#11865,3.25);
#11865 = AXIS2_PLACEMENT_3D('',#11866,#11867,#11868);
#11866 = CARTESIAN_POINT('',(40.,47.5,8.));
#11867 = DIRECTION('',(0.,-0.,1.));
#11868 = DIRECTION('',(1.,0.,0.));
#11869 = PCURVE('',#2084,#11870);
#11870 = DEFINITIONAL_REPRESENTATION('',(#11871),#11879);
#11871 = ( BOUNDED_CURVE() B_SPLINE_CURVE(2,(#11872,#11873,#11874,#11875
    ,#11876,#11877,#11878),.UNSPECIFIED.,.T.,.F.) 
B_SPLINE_CURVE_WITH_KNOTS((1,2,2,2,2,1),(-2.094395102393,0.,
    2.094395102393,4.188790204786,6.28318530718,8.377580409573),
.UNSPECIFIED.) CURVE() GEOMETRIC_REPRESENTATION_ITEM() 
RATIONAL_B_SPLINE_CURVE((1.,0.5,1.,0.5,1.,0.5,1.)) REPRESENTATION_ITEM(
  '') );
#11872 = CARTESIAN_POINT('',(-1.6,0.));
#11873 = CARTESIAN_POINT('',(-1.6,5.629165124599));
#11874 = CARTESIAN_POINT('',(3.275,2.814582562299));
#11875 = CARTESIAN_POINT('',(8.15,7.960204194458E-16));
#11876 = CARTESIAN_POINT('',(3.275,-2.814582562299));
#11877 = CARTESIAN_POINT('',(-1.6,-5.629165124599));
#11878 = CARTESIAN_POINT('',(-1.6,0.));
#11879 = ( GEOMETRIC_REPRESENTATION_CONTEXT(2) 
PARAMETRIC_REPRESENTATION_CONTEXT() REPRESENTATION_CONTEXT('2D SPACE',''
  ) );
#11880 = PCURVE('',#2010,#11881);
#11881 = DEFINITIONAL_REPRESENTATION('',(#11882),#11886);
#11882 = LINE('',#11883,#11884);
#11883 = CARTESIAN_POINT('',(0.,-2.));
#11884 = VECTOR('',#11885,1.);
#11885 = DIRECTION('',(1.,0.));
#11886 = ( GEOMETRIC_REPRESENTATION_CONTEXT(2) 
PARAMETRIC_REPRESENTATION_CONTEXT() REPRESENTATION_CONTEXT('2D SPACE',''
  ) );
#11887 = ORIENTED_EDGE('',*,*,#2069,.T.);
#11888 = FACE_BOUND('',#11889,.T.);
#11889 = EDGE_LOOP('',(#11890,#11891));
#11890 = ORIENTED_EDGE('',*,*,#11611,.F.);
#11891 = ORIENTED_EDGE('',*,*,#2592,.F.);
#11892 = ADVANCED_FACE('',(#11893),#2010,.F.);
#11893 = FACE_BOUND('',#11894,.F.);
#11894 = EDGE_LOOP('',(#11895,#11896,#11897,#11898));
#11895 = ORIENTED_EDGE('',*,*,#8206,.F.);
#11896 = ORIENTED_EDGE('',*,*,#1987,.F.);
#11897 = ORIENTED_EDGE('',*,*,#11862,.T.);
#11898 = ORIENTED_EDGE('',*,*,#2046,.T.);
#11899 = ADVANCED_FACE('',(#11900,#11929),#1968,.F.);
#11900 = FACE_BOUND('',#11901,.T.);
#11901 = EDGE_LOOP('',(#11902,#11928));
#11902 = ORIENTED_EDGE('',*,*,#11903,.T.);
#11903 = EDGE_CURVE('',#1872,#1931,#11904,.T.);
#11904 = SURFACE_CURVE('',#11905,(#11910,#11921),.PCURVE_S1.);
#11905 = CIRCLE('',#11906,3.25);
#11906 = AXIS2_PLACEMENT_3D('',#11907,#11908,#11909);
#11907 = CARTESIAN_POINT('',(40.,25.,8.));
#11908 = DIRECTION('',(0.,-0.,1.));
#11909 = DIRECTION('',(1.,0.,0.));
#11910 = PCURVE('',#1968,#11911);
#11911 = DEFINITIONAL_REPRESENTATION('',(#11912),#11920);
#11912 = ( BOUNDED_CURVE() B_SPLINE_CURVE(2,(#11913,#11914,#11915,#11916
    ,#11917,#11918,#11919),.UNSPECIFIED.,.T.,.F.) 
B_SPLINE_CURVE_WITH_KNOTS((1,2,2,2,2,1),(-2.094395102393,0.,
    2.094395102393,4.188790204786,6.28318530718,8.377580409573),
.UNSPECIFIED.) CURVE() GEOMETRIC_REPRESENTATION_ITEM() 
RATIONAL_B_SPLINE_CURVE((1.,0.5,1.,0.5,1.,0.5,1.)) REPRESENTATION_ITEM(
  '') );
#11913 = CARTESIAN_POINT('',(-1.6,0.));
#11914 = CARTESIAN_POINT('',(-1.6,5.629165124599));
#11915 = CARTESIAN_POINT('',(3.275,2.814582562299));
#11916 = CARTESIAN_POINT('',(8.15,7.960204194458E-16));
#11917 = CARTESIAN_POINT('',(3.275,-2.814582562299));
#11918 = CARTESIAN_POINT('',(-1.6,-5.629165124599));
#11919 = CARTESIAN_POINT('',(-1.6,0.));
#11920 = ( GEOMETRIC_REPRESENTATION_CONTEXT(2) 
PARAMETRIC_REPRESENTATION_CONTEXT() REPRESENTATION_CONTEXT('2D SPACE',''
  ) );
#11921 = PCURVE('',#1894,#11922);
#11922 = DEFINITIONAL_REPRESENTATION('',(#11923),#11927);
#11923 = LINE('',#11924,#11925);
#11924 = CARTESIAN_POINT('',(0.,-2.));
#11925 = VECTOR('',#11926,1.);
#11926 = DIRECTION('',(1.,0.));
#11927 = ( GEOMETRIC_REPRESENTATION_CONTEXT(2) 
PARAMETRIC_REPRESENTATION_CONTEXT() REPRESENTATION_CONTEXT('2D SPACE',''
  ) );
#11928 = ORIENTED_EDGE('',*,*,#1953,.T.);
#11929 = FACE_BOUND('',#11930,.T.);
#11930 = EDGE_LOOP('',(#11931,#11932));
#11931 = ORIENTED_EDGE('',*,*,#11579,.F.);
#11932 = ORIENTED_EDGE('',*,*,#2703,.F.);
#11933 = ADVANCED_FACE('',(#11934),#1894,.F.);
#11934 = FACE_BOUND('',#11935,.F.);
#11935 = EDGE_LOOP('',(#11936,#11937,#11938,#11939));
#11936 = ORIENTED_EDGE('',*,*,#8181,.F.);
#11937 = ORIENTED_EDGE('',*,*,#1871,.F.);
#11938 = ORIENTED_EDGE('',*,*,#11903,.T.);
#11939 = ORIENTED_EDGE('',*,*,#1930,.T.);
#11940 = ADVANCED_FACE('',(#11941,#11994),#1770,.F.);
#11941 = FACE_BOUND('',#11942,.T.);
#11942 = EDGE_LOOP('',(#11943,#11971,#11972,#11973));
#11943 = ORIENTED_EDGE('',*,*,#11944,.T.);
#11944 = EDGE_CURVE('',#11945,#1814,#11947,.T.);
#11945 = VERTEX_POINT('',#11946);
#11946 = CARTESIAN_POINT('',(-7.439820060754,27.148975875729,8.));
#11947 = SURFACE_CURVE('',#11948,(#11953,#11964),.PCURVE_S1.);
#11948 = CIRCLE('',#11949,3.25);
#11949 = AXIS2_PLACEMENT_3D('',#11950,#11951,#11952);
#11950 = CARTESIAN_POINT('',(-9.,30.,8.));
#11951 = DIRECTION('',(0.,-0.,1.));
#11952 = DIRECTION('',(1.,0.,0.));
#11953 = PCURVE('',#1770,#11954);
#11954 = DEFINITIONAL_REPRESENTATION('',(#11955),#11963);
#11955 = ( BOUNDED_CURVE() B_SPLINE_CURVE(2,(#11956,#11957,#11958,#11959
    ,#11960,#11961,#11962),.UNSPECIFIED.,.T.,.F.) 
B_SPLINE_CURVE_WITH_KNOTS((1,2,2,2,2,1),(-2.094395102393,0.,
    2.094395102393,4.188790204786,6.28318530718,8.377580409573),
.UNSPECIFIED.) CURVE() GEOMETRIC_REPRESENTATION_ITEM() 
RATIONAL_B_SPLINE_CURVE((1.,0.5,1.,0.5,1.,0.5,1.)) REPRESENTATION_ITEM(
  '') );
#11956 = CARTESIAN_POINT('',(-1.6,0.));
#11957 = CARTESIAN_POINT('',(-1.6,5.629165124599));
#11958 = CARTESIAN_POINT('',(3.275,2.814582562299));
#11959 = CARTESIAN_POINT('',(8.15,7.960204194458E-16));
#11960 = CARTESIAN_POINT('',(3.275,-2.814582562299));
#11961 = CARTESIAN_POINT('',(-1.6,-5.629165124599));
#11962 = CARTESIAN_POINT('',(-1.6,0.));
#11963 = ( GEOMETRIC_REPRESENTATION_CONTEXT(2) 
PARAMETRIC_REPRESENTATION_CONTEXT() REPRESENTATION_CONTEXT('2D SPACE',''
  ) );
#11964 = PCURVE('',#1829,#11965);
#11965 = DEFINITIONAL_REPRESENTATION('',(#11966),#11970);
#11966 = LINE('',#11967,#11968);
#11967 = CARTESIAN_POINT('',(0.,-2.));
#11968 = VECTOR('',#11969,1.);
#11969 = DIRECTION('',(1.,0.));
#11970 = ( GEOMETRIC_REPRESENTATION_CONTEXT(2) 
PARAMETRIC_REPRESENTATION_CONTEXT() REPRESENTATION_CONTEXT('2D SPACE',''
  ) );
#11971 = ORIENTED_EDGE('',*,*,#1841,.T.);
#11972 = ORIENTED_EDGE('',*,*,#1755,.T.);
#11973 = ORIENTED_EDGE('',*,*,#11974,.T.);
#11974 = EDGE_CURVE('',#1676,#11945,#11975,.T.);
#11975 = SURFACE_CURVE('',#11976,(#11980,#11987),.PCURVE_S1.);
#11976 = LINE('',#11977,#11978);
#11977 = CARTESIAN_POINT('',(-7.35,27.148975875729,8.));
#11978 = VECTOR('',#11979,1.);
#11979 = DIRECTION('',(1.,5.782411586589E-16,0.));
#11980 = PCURVE('',#1770,#11981);
#11981 = DEFINITIONAL_REPRESENTATION('',(#11982),#11986);
#11982 = LINE('',#11983,#11984);
#11983 = CARTESIAN_POINT('',(-1.7763568394E-15,-2.851024124271));
#11984 = VECTOR('',#11985,1.);
#11985 = DIRECTION('',(-1.,5.782411586589E-16));
#11986 = ( GEOMETRIC_REPRESENTATION_CONTEXT(2) 
PARAMETRIC_REPRESENTATION_CONTEXT() REPRESENTATION_CONTEXT('2D SPACE',''
  ) );
#11987 = PCURVE('',#166,#11988);
#11988 = DEFINITIONAL_REPRESENTATION('',(#11989),#11993);
#11989 = LINE('',#11990,#11991);
#11990 = CARTESIAN_POINT('',(-5.855563451371,8.));
#11991 = VECTOR('',#11992,1.);
#11992 = DIRECTION('',(-1.,0.));
#11993 = ( GEOMETRIC_REPRESENTATION_CONTEXT(2) 
PARAMETRIC_REPRESENTATION_CONTEXT() REPRESENTATION_CONTEXT('2D SPACE',''
  ) );
#11994 = FACE_BOUND('',#11995,.T.);
#11995 = EDGE_LOOP('',(#11996,#11997));
#11996 = ORIENTED_EDGE('',*,*,#11547,.F.);
#11997 = ORIENTED_EDGE('',*,*,#2814,.F.);
#11998 = ADVANCED_FACE('',(#11999),#1829,.F.);
#11999 = FACE_BOUND('',#12000,.F.);
#12000 = EDGE_LOOP('',(#12001,#12002,#12023,#12024));
#12001 = ORIENTED_EDGE('',*,*,#7636,.F.);
#12002 = ORIENTED_EDGE('',*,*,#12003,.F.);
#12003 = EDGE_CURVE('',#11945,#7637,#12004,.T.);
#12004 = SURFACE_CURVE('',#12005,(#12009,#12016),.PCURVE_S1.);
#12005 = LINE('',#12006,#12007);
#12006 = CARTESIAN_POINT('',(-7.439820060754,27.148975875729,10.));
#12007 = VECTOR('',#12008,1.);
#12008 = DIRECTION('',(-0.,-0.,1.));
#12009 = PCURVE('',#1829,#12010);
#12010 = DEFINITIONAL_REPRESENTATION('',(#12011),#12015);
#12011 = LINE('',#12012,#12013);
#12012 = CARTESIAN_POINT('',(5.213106805598,0.));
#12013 = VECTOR('',#12014,1.);
#12014 = DIRECTION('',(0.,1.));
#12015 = ( GEOMETRIC_REPRESENTATION_CONTEXT(2) 
PARAMETRIC_REPRESENTATION_CONTEXT() REPRESENTATION_CONTEXT('2D SPACE',''
  ) );
#12016 = PCURVE('',#166,#12017);
#12017 = DEFINITIONAL_REPRESENTATION('',(#12018),#12022);
#12018 = LINE('',#12019,#12020);
#12019 = CARTESIAN_POINT('',(-5.765743390617,10.));
#12020 = VECTOR('',#12021,1.);
#12021 = DIRECTION('',(0.,1.));
#12022 = ( GEOMETRIC_REPRESENTATION_CONTEXT(2) 
PARAMETRIC_REPRESENTATION_CONTEXT() REPRESENTATION_CONTEXT('2D SPACE',''
  ) );
#12023 = ORIENTED_EDGE('',*,*,#11944,.T.);
#12024 = ORIENTED_EDGE('',*,*,#1813,.T.);
#12025 = ADVANCED_FACE('',(#12026,#12055),#1654,.F.);
#12026 = FACE_BOUND('',#12027,.T.);
#12027 = EDGE_LOOP('',(#12028,#12054));
#12028 = ORIENTED_EDGE('',*,*,#12029,.T.);
#12029 = EDGE_CURVE('',#1558,#1617,#12030,.T.);
#12030 = SURFACE_CURVE('',#12031,(#12036,#12047),.PCURVE_S1.);
#12031 = CIRCLE('',#12032,3.25);
#12032 = AXIS2_PLACEMENT_3D('',#12033,#12034,#12035);
#12033 = CARTESIAN_POINT('',(-9.,65.,8.));
#12034 = DIRECTION('',(0.,-0.,1.));
#12035 = DIRECTION('',(1.,0.,0.));
#12036 = PCURVE('',#1654,#12037);
#12037 = DEFINITIONAL_REPRESENTATION('',(#12038),#12046);
#12038 = ( BOUNDED_CURVE() B_SPLINE_CURVE(2,(#12039,#12040,#12041,#12042
    ,#12043,#12044,#12045),.UNSPECIFIED.,.T.,.F.) 
B_SPLINE_CURVE_WITH_KNOTS((1,2,2,2,2,1),(-2.094395102393,0.,
    2.094395102393,4.188790204786,6.28318530718,8.377580409573),
.UNSPECIFIED.) CURVE() GEOMETRIC_REPRESENTATION_ITEM() 
RATIONAL_B_SPLINE_CURVE((1.,0.5,1.,0.5,1.,0.5,1.)) REPRESENTATION_ITEM(
  '') );
#12039 = CARTESIAN_POINT('',(-1.6,0.));
#12040 = CARTESIAN_POINT('',(-1.6,5.629165124599));
#12041 = CARTESIAN_POINT('',(3.275,2.814582562299));
#12042 = CARTESIAN_POINT('',(8.15,7.960204194458E-16));
#12043 = CARTESIAN_POINT('',(3.275,-2.814582562299));
#12044 = CARTESIAN_POINT('',(-1.6,-5.629165124599));
#12045 = CARTESIAN_POINT('',(-1.6,0.));
#12046 = ( GEOMETRIC_REPRESENTATION_CONTEXT(2) 
PARAMETRIC_REPRESENTATION_CONTEXT() REPRESENTATION_CONTEXT('2D SPACE',''
  ) );
#12047 = PCURVE('',#1580,#12048);
#12048 = DEFINITIONAL_REPRESENTATION('',(#12049),#12053);
#12049 = LINE('',#12050,#12051);
#12050 = CARTESIAN_POINT('',(0.,-2.));
#12051 = VECTOR('',#12052,1.);
#12052 = DIRECTION('',(1.,0.));
#12053 = ( GEOMETRIC_REPRESENTATION_CONTEXT(2) 
PARAMETRIC_REPRESENTATION_CONTEXT() REPRESENTATION_CONTEXT('2D SPACE',''
  ) );
#12054 = ORIENTED_EDGE('',*,*,#1639,.T.);
#12055 = FACE_BOUND('',#12056,.T.);
#12056 = EDGE_LOOP('',(#12057,#12058));
#12057 = ORIENTED_EDGE('',*,*,#11515,.F.);
#12058 = ORIENTED_EDGE('',*,*,#2925,.F.);
#12059 = ADVANCED_FACE('',(#12060),#1580,.F.);
#12060 = FACE_BOUND('',#12061,.F.);
#12061 = EDGE_LOOP('',(#12062,#12063,#12064,#12065));
#12062 = ORIENTED_EDGE('',*,*,#8156,.F.);
#12063 = ORIENTED_EDGE('',*,*,#1557,.F.);
#12064 = ORIENTED_EDGE('',*,*,#12029,.T.);
#12065 = ORIENTED_EDGE('',*,*,#1616,.T.);
#12066 = ADVANCED_FACE('',(#12067),#1469,.F.);
#12067 = FACE_BOUND('',#12068,.F.);
#12068 = EDGE_LOOP('',(#12069,#12095,#12096,#12097));
#12069 = ORIENTED_EDGE('',*,*,#12070,.F.);
#12070 = EDGE_CURVE('',#1449,#1482,#12071,.T.);
#12071 = SURFACE_CURVE('',#12072,(#12077,#12084),.PCURVE_S1.);
#12072 = CIRCLE('',#12073,1.65);
#12073 = AXIS2_PLACEMENT_3D('',#12074,#12075,#12076);
#12074 = CARTESIAN_POINT('',(-34.41884026396,67.632866442645,8.));
#12075 = DIRECTION('',(0.,-0.,1.));
#12076 = DIRECTION('',(1.,0.,0.));
#12077 = PCURVE('',#1469,#12078);
#12078 = DEFINITIONAL_REPRESENTATION('',(#12079),#12083);
#12079 = LINE('',#12080,#12081);
#12080 = CARTESIAN_POINT('',(0.,-2.));
#12081 = VECTOR('',#12082,1.);
#12082 = DIRECTION('',(1.,0.));
#12083 = ( GEOMETRIC_REPRESENTATION_CONTEXT(2) 
PARAMETRIC_REPRESENTATION_CONTEXT() REPRESENTATION_CONTEXT('2D SPACE',''
  ) );
#12084 = PCURVE('',#1427,#12085);
#12085 = DEFINITIONAL_REPRESENTATION('',(#12086),#12094);
#12086 = ( BOUNDED_CURVE() B_SPLINE_CURVE(2,(#12087,#12088,#12089,#12090
    ,#12091,#12092,#12093),.UNSPECIFIED.,.T.,.F.) 
B_SPLINE_CURVE_WITH_KNOTS((1,2,2,2,2,1),(-2.094395102393,0.,
    2.094395102393,4.188790204786,6.28318530718,8.377580409573),
.UNSPECIFIED.) CURVE() GEOMETRIC_REPRESENTATION_ITEM() 
RATIONAL_B_SPLINE_CURVE((1.,0.5,1.,0.5,1.,0.5,1.)) REPRESENTATION_ITEM(
  '') );
#12087 = CARTESIAN_POINT('',(0.,0.));
#12088 = CARTESIAN_POINT('',(0.,2.857883832489));
#12089 = CARTESIAN_POINT('',(2.475,1.428941916244));
#12090 = CARTESIAN_POINT('',(4.95,4.041334437186E-16));
#12091 = CARTESIAN_POINT('',(2.475,-1.428941916244));
#12092 = CARTESIAN_POINT('',(2.6645352591E-15,-2.857883832489));
#12093 = CARTESIAN_POINT('',(0.,0.));
#12094 = ( GEOMETRIC_REPRESENTATION_CONTEXT(2) 
PARAMETRIC_REPRESENTATION_CONTEXT() REPRESENTATION_CONTEXT('2D SPACE',''
  ) );
#12095 = ORIENTED_EDGE('',*,*,#1446,.F.);
#12096 = ORIENTED_EDGE('',*,*,#8859,.T.);
#12097 = ORIENTED_EDGE('',*,*,#1509,.T.);
#12098 = ADVANCED_FACE('',(#12099,#12103),#1427,.F.);
#12099 = FACE_BOUND('',#12100,.T.);
#12100 = EDGE_LOOP('',(#12101,#12102));
#12101 = ORIENTED_EDGE('',*,*,#12070,.F.);
#12102 = ORIENTED_EDGE('',*,*,#1481,.F.);
#12103 = FACE_BOUND('',#12104,.T.);
#12104 = EDGE_LOOP('',(#12105,#12131));
#12105 = ORIENTED_EDGE('',*,*,#12106,.T.);
#12106 = EDGE_CURVE('',#1331,#1390,#12107,.T.);
#12107 = SURFACE_CURVE('',#12108,(#12113,#12124),.PCURVE_S1.);
#12108 = CIRCLE('',#12109,3.25);
#12109 = AXIS2_PLACEMENT_3D('',#12110,#12111,#12112);
#12110 = CARTESIAN_POINT('',(-34.41884026396,67.632866442645,8.));
#12111 = DIRECTION('',(0.,-0.,1.));
#12112 = DIRECTION('',(1.,0.,0.));
#12113 = PCURVE('',#1427,#12114);
#12114 = DEFINITIONAL_REPRESENTATION('',(#12115),#12123);
#12115 = ( BOUNDED_CURVE() B_SPLINE_CURVE(2,(#12116,#12117,#12118,#12119
    ,#12120,#12121,#12122),.UNSPECIFIED.,.T.,.F.) 
B_SPLINE_CURVE_WITH_KNOTS((1,2,2,2,2,1),(-2.094395102393,0.,
    2.094395102393,4.188790204786,6.28318530718,8.377580409573),
.UNSPECIFIED.) CURVE() GEOMETRIC_REPRESENTATION_ITEM() 
RATIONAL_B_SPLINE_CURVE((1.,0.5,1.,0.5,1.,0.5,1.)) REPRESENTATION_ITEM(
  '') );
#12116 = CARTESIAN_POINT('',(-1.6,0.));
#12117 = CARTESIAN_POINT('',(-1.6,5.629165124599));
#12118 = CARTESIAN_POINT('',(3.275,2.814582562299));
#12119 = CARTESIAN_POINT('',(8.15,7.960204194458E-16));
#12120 = CARTESIAN_POINT('',(3.275,-2.814582562299));
#12121 = CARTESIAN_POINT('',(-1.6,-5.629165124599));
#12122 = CARTESIAN_POINT('',(-1.6,0.));
#12123 = ( GEOMETRIC_REPRESENTATION_CONTEXT(2) 
PARAMETRIC_REPRESENTATION_CONTEXT() REPRESENTATION_CONTEXT('2D SPACE',''
  ) );
#12124 = PCURVE('',#1353,#12125);
#12125 = DEFINITIONAL_REPRESENTATION('',(#12126),#12130);
#12126 = LINE('',#12127,#12128);
#12127 = CARTESIAN_POINT('',(0.,-2.));
#12128 = VECTOR('',#12129,1.);
#12129 = DIRECTION('',(1.,0.));
#12130 = ( GEOMETRIC_REPRESENTATION_CONTEXT(2) 
PARAMETRIC_REPRESENTATION_CONTEXT() REPRESENTATION_CONTEXT('2D SPACE',''
  ) );
#12131 = ORIENTED_EDGE('',*,*,#1412,.T.);
#12132 = ADVANCED_FACE('',(#12133),#1353,.F.);
#12133 = FACE_BOUND('',#12134,.F.);
#12134 = EDGE_LOOP('',(#12135,#12136,#12137,#12138));
#12135 = ORIENTED_EDGE('',*,*,#8131,.F.);
#12136 = ORIENTED_EDGE('',*,*,#1330,.F.);
#12137 = ORIENTED_EDGE('',*,*,#12106,.T.);
#12138 = ORIENTED_EDGE('',*,*,#1389,.T.);
#12139 = ADVANCED_FACE('',(#12140),#1242,.F.);
#12140 = FACE_BOUND('',#12141,.F.);
#12141 = EDGE_LOOP('',(#12142,#12168,#12169,#12170));
#12142 = ORIENTED_EDGE('',*,*,#12143,.F.);
#12143 = EDGE_CURVE('',#1222,#1255,#12144,.T.);
#12144 = SURFACE_CURVE('',#12145,(#12150,#12157),.PCURVE_S1.);
#12145 = CIRCLE('',#12146,1.65);
#12146 = AXIS2_PLACEMENT_3D('',#12147,#12148,#12149);
#12147 = CARTESIAN_POINT('',(-57.45134108215,68.501144082732,8.));
#12148 = DIRECTION('',(0.,-0.,1.));
#12149 = DIRECTION('',(1.,0.,0.));
#12150 = PCURVE('',#1242,#12151);
#12151 = DEFINITIONAL_REPRESENTATION('',(#12152),#12156);
#12152 = LINE('',#12153,#12154);
#12153 = CARTESIAN_POINT('',(0.,-2.));
#12154 = VECTOR('',#12155,1.);
#12155 = DIRECTION('',(1.,0.));
#12156 = ( GEOMETRIC_REPRESENTATION_CONTEXT(2) 
PARAMETRIC_REPRESENTATION_CONTEXT() REPRESENTATION_CONTEXT('2D SPACE',''
  ) );
#12157 = PCURVE('',#1200,#12158);
#12158 = DEFINITIONAL_REPRESENTATION('',(#12159),#12167);
#12159 = ( BOUNDED_CURVE() B_SPLINE_CURVE(2,(#12160,#12161,#12162,#12163
    ,#12164,#12165,#12166),.UNSPECIFIED.,.T.,.F.) 
B_SPLINE_CURVE_WITH_KNOTS((1,2,2,2,2,1),(-2.094395102393,0.,
    2.094395102393,4.188790204786,6.28318530718,8.377580409573),
.UNSPECIFIED.) CURVE() GEOMETRIC_REPRESENTATION_ITEM() 
RATIONAL_B_SPLINE_CURVE((1.,0.5,1.,0.5,1.,0.5,1.)) REPRESENTATION_ITEM(
  '') );
#12160 = CARTESIAN_POINT('',(0.,0.));
#12161 = CARTESIAN_POINT('',(0.,2.857883832489));
#12162 = CARTESIAN_POINT('',(2.475,1.428941916244));
#12163 = CARTESIAN_POINT('',(4.95,4.041334437186E-16));
#12164 = CARTESIAN_POINT('',(2.475,-1.428941916244));
#12165 = CARTESIAN_POINT('',(2.6645352591E-15,-2.857883832489));
#12166 = CARTESIAN_POINT('',(0.,0.));
#12167 = ( GEOMETRIC_REPRESENTATION_CONTEXT(2) 
PARAMETRIC_REPRESENTATION_CONTEXT() REPRESENTATION_CONTEXT('2D SPACE',''
  ) );
#12168 = ORIENTED_EDGE('',*,*,#1219,.F.);
#12169 = ORIENTED_EDGE('',*,*,#8834,.T.);
#12170 = ORIENTED_EDGE('',*,*,#1282,.T.);
#12171 = ADVANCED_FACE('',(#12172,#12176),#1200,.F.);
#12172 = FACE_BOUND('',#12173,.T.);
#12173 = EDGE_LOOP('',(#12174,#12175));
#12174 = ORIENTED_EDGE('',*,*,#12143,.F.);
#12175 = ORIENTED_EDGE('',*,*,#1254,.F.);
#12176 = FACE_BOUND('',#12177,.T.);
#12177 = EDGE_LOOP('',(#12178,#12204));
#12178 = ORIENTED_EDGE('',*,*,#12179,.T.);
#12179 = EDGE_CURVE('',#1104,#1163,#12180,.T.);
#12180 = SURFACE_CURVE('',#12181,(#12186,#12197),.PCURVE_S1.);
#12181 = CIRCLE('',#12182,3.25);
#12182 = AXIS2_PLACEMENT_3D('',#12183,#12184,#12185);
#12183 = CARTESIAN_POINT('',(-57.45134108215,68.501144082732,8.));
#12184 = DIRECTION('',(0.,-0.,1.));
#12185 = DIRECTION('',(1.,0.,0.));
#12186 = PCURVE('',#1200,#12187);
#12187 = DEFINITIONAL_REPRESENTATION('',(#12188),#12196);
#12188 = ( BOUNDED_CURVE() B_SPLINE_CURVE(2,(#12189,#12190,#12191,#12192
    ,#12193,#12194,#12195),.UNSPECIFIED.,.T.,.F.) 
B_SPLINE_CURVE_WITH_KNOTS((1,2,2,2,2,1),(-2.094395102393,0.,
    2.094395102393,4.188790204786,6.28318530718,8.377580409573),
.UNSPECIFIED.) CURVE() GEOMETRIC_REPRESENTATION_ITEM() 
RATIONAL_B_SPLINE_CURVE((1.,0.5,1.,0.5,1.,0.5,1.)) REPRESENTATION_ITEM(
  '') );
#12189 = CARTESIAN_POINT('',(-1.6,0.));
#12190 = CARTESIAN_POINT('',(-1.6,5.629165124599));
#12191 = CARTESIAN_POINT('',(3.275,2.814582562299));
#12192 = CARTESIAN_POINT('',(8.15,7.960204194458E-16));
#12193 = CARTESIAN_POINT('',(3.275,-2.814582562299));
#12194 = CARTESIAN_POINT('',(-1.6,-5.629165124599));
#12195 = CARTESIAN_POINT('',(-1.6,0.));
#12196 = ( GEOMETRIC_REPRESENTATION_CONTEXT(2) 
PARAMETRIC_REPRESENTATION_CONTEXT() REPRESENTATION_CONTEXT('2D SPACE',''
  ) );
#12197 = PCURVE('',#1126,#12198);
#12198 = DEFINITIONAL_REPRESENTATION('',(#12199),#12203);
#12199 = LINE('',#12200,#12201);
#12200 = CARTESIAN_POINT('',(0.,-2.));
#12201 = VECTOR('',#12202,1.);
#12202 = DIRECTION('',(1.,0.));
#12203 = ( GEOMETRIC_REPRESENTATION_CONTEXT(2) 
PARAMETRIC_REPRESENTATION_CONTEXT() REPRESENTATION_CONTEXT('2D SPACE',''
  ) );
#12204 = ORIENTED_EDGE('',*,*,#1185,.T.);
#12205 = ADVANCED_FACE('',(#12206),#1126,.F.);
#12206 = FACE_BOUND('',#12207,.F.);
#12207 = EDGE_LOOP('',(#12208,#12209,#12210,#12211));
#12208 = ORIENTED_EDGE('',*,*,#8106,.F.);
#12209 = ORIENTED_EDGE('',*,*,#1103,.F.);
#12210 = ORIENTED_EDGE('',*,*,#12179,.T.);
#12211 = ORIENTED_EDGE('',*,*,#1162,.T.);
#12212 = ADVANCED_FACE('',(#12213),#9363,.F.);
#12213 = FACE_BOUND('',#12214,.T.);
#12214 = EDGE_LOOP('',(#12215,#12240,#12291,#12312,#12313));
#12215 = ORIENTED_EDGE('',*,*,#12216,.T.);
#12216 = EDGE_CURVE('',#12217,#12219,#12221,.T.);
#12217 = VERTEX_POINT('',#12218);
#12218 = CARTESIAN_POINT('',(49.549398079966,14.447945216439,8.));
#12219 = VERTEX_POINT('',#12220);
#12220 = CARTESIAN_POINT('',(25.623140650595,-14.86530064276,8.));
#12221 = SURFACE_CURVE('',#12222,(#12226,#12233),.PCURVE_S1.);
#12222 = LINE('',#12223,#12224);
#12223 = CARTESIAN_POINT('',(22.659946919501,-18.49565639833,8.));
#12224 = VECTOR('',#12225,1.);
#12225 = DIRECTION('',(-0.632330133277,-0.774699039983,0.));
#12226 = PCURVE('',#9363,#12227);
#12227 = DEFINITIONAL_REPRESENTATION('',(#12228),#12232);
#12228 = LINE('',#12229,#12230);
#12229 = CARTESIAN_POINT('',(43.23699226357,-12.5));
#12230 = VECTOR('',#12231,1.);
#12231 = DIRECTION('',(1.,0.));
#12232 = ( GEOMETRIC_REPRESENTATION_CONTEXT(2) 
PARAMETRIC_REPRESENTATION_CONTEXT() REPRESENTATION_CONTEXT('2D SPACE',''
  ) );
#12233 = PCURVE('',#7372,#12234);
#12234 = DEFINITIONAL_REPRESENTATION('',(#12235),#12239);
#12235 = LINE('',#12236,#12237);
#12236 = CARTESIAN_POINT('',(3.14159265359,-43.23699226357));
#12237 = VECTOR('',#12238,1.);
#12238 = DIRECTION('',(0.,-1.));
#12239 = ( GEOMETRIC_REPRESENTATION_CONTEXT(2) 
PARAMETRIC_REPRESENTATION_CONTEXT() REPRESENTATION_CONTEXT('2D SPACE',''
  ) );
#12240 = ORIENTED_EDGE('',*,*,#12241,.T.);
#12241 = EDGE_CURVE('',#12219,#12242,#12244,.T.);
#12242 = VERTEX_POINT('',#12243);
#12243 = CARTESIAN_POINT('',(22.659946919501,-18.49565639833,
    8.040408205773));
#12244 = SURFACE_CURVE('',#12245,(#12252,#12262),.PCURVE_S1.);
#12245 = B_SPLINE_CURVE_WITH_KNOTS('',3,(#12246,#12247,#12248,#12249,
    #12250,#12251),.UNSPECIFIED.,.F.,.F.,(4,2,4),(0.,2.343177280931E-03,
    4.686354561862E-03),.UNSPECIFIED.);
#12246 = CARTESIAN_POINT('',(25.623140650595,-14.86530064276,8.));
#12247 = CARTESIAN_POINT('',(25.129227919976,-15.47041765065,8.));
#12248 = CARTESIAN_POINT('',(24.635394997858,-16.07543688118,
    8.012412936074));
#12249 = CARTESIAN_POINT('',(23.647699821523,-17.28551127846,
    8.03267666916));
#12250 = CARTESIAN_POINT('',(23.153836420972,-17.89056784963,
    8.040408205773));
#12251 = CARTESIAN_POINT('',(22.659946919501,-18.49565639833,
    8.040408205773));
#12252 = PCURVE('',#9363,#12253);
#12253 = DEFINITIONAL_REPRESENTATION('',(#12254),#12261);
#12254 = B_SPLINE_CURVE_WITH_KNOTS('',3,(#12255,#12256,#12257,#12258,
    #12259,#12260),.UNSPECIFIED.,.F.,.F.,(4,2,4),(0.,2.343177280931E-03,
    4.686354561862E-03),.UNSPECIFIED.);
#12255 = CARTESIAN_POINT('',(38.550842458026,-12.5));
#12256 = CARTESIAN_POINT('',(39.331941925893,-12.5));
#12257 = CARTESIAN_POINT('',(40.112915180416,-12.48758706392));
#12258 = CARTESIAN_POINT('',(41.674908076781,-12.46732333084));
#12259 = CARTESIAN_POINT('',(42.455929531495,-12.45959179422));
#12260 = CARTESIAN_POINT('',(43.23699226357,-12.45959179422));
#12261 = ( GEOMETRIC_REPRESENTATION_CONTEXT(2) 
PARAMETRIC_REPRESENTATION_CONTEXT() REPRESENTATION_CONTEXT('2D SPACE',''
  ) );
#12262 = PCURVE('',#4347,#12263);
#12263 = DEFINITIONAL_REPRESENTATION('',(#12264),#12290);
#12264 = B_SPLINE_CURVE_WITH_KNOTS('',3,(#12265,#12266,#12267,#12268,
    #12269,#12270,#12271,#12272,#12273,#12274,#12275,#12276,#12277,
    #12278,#12279,#12280,#12281,#12282,#12283,#12284,#12285,#12286,
    #12287,#12288,#12289),.UNSPECIFIED.,.F.,.F.,(4,1,1,1,1,1,1,1,1,1,1,1
    ,1,1,1,1,1,1,1,1,1,1,4),(0.,2.130161164483E-04,4.260322328965E-04,
    6.390483493448E-04,8.52064465793E-04,1.065080582241E-03,
    1.27809669869E-03,1.491112815138E-03,1.704128931586E-03,
    1.917145048034E-03,2.130161164483E-03,2.343177280931E-03,
    2.556193397379E-03,2.769209513827E-03,2.982225630276E-03,
    3.195241746724E-03,3.408257863172E-03,3.62127397962E-03,
    3.834290096069E-03,4.047306212517E-03,4.260322328965E-03,
    4.473338445413E-03,4.686354561862E-03),.QUASI_UNIFORM_KNOTS.);
#12265 = CARTESIAN_POINT('',(1.19970637719E-02,0.));
#12266 = CARTESIAN_POINT('',(1.192609478487E-02,-1.426301443501E-10));
#12267 = CARTESIAN_POINT('',(1.178415711263E-02,-1.747863227865E-09));
#12268 = CARTESIAN_POINT('',(1.157125140529E-02,-6.153118431247E-09));
#12269 = CARTESIAN_POINT('',(1.135834639454E-02,-1.029135881468E-08));
#12270 = CARTESIAN_POINT('',(1.114544197585E-02,-1.295484055114E-08));
#12271 = CARTESIAN_POINT('',(1.093253804469E-02,-1.35260130412E-08));
#12272 = CARTESIAN_POINT('',(1.071963449665E-02,-1.198348777097E-08));
#12273 = CARTESIAN_POINT('',(1.05067312268E-02,-8.797947079176E-09));
#12274 = CARTESIAN_POINT('',(1.029382813228E-02,-4.751550852865E-09));
#12275 = CARTESIAN_POINT('',(1.008092510262E-02,-1.130146558627E-09));
#12276 = CARTESIAN_POINT('',(9.868022055701E-03,1.540798397252E-09));
#12277 = CARTESIAN_POINT('',(9.655118803705E-03,-6.523982895956E-10));
#12278 = CARTESIAN_POINT('',(9.442215553184E-03,1.070153526876E-09));
#12279 = CARTESIAN_POINT('',(9.22931215444E-03,1.322944100823E-08));
#12280 = CARTESIAN_POINT('',(9.016408062863E-03,2.78169864366E-08));
#12281 = CARTESIAN_POINT('',(8.803502839604E-03,4.147317429434E-08));
#12282 = CARTESIAN_POINT('',(8.590596017382E-03,5.065037936678E-08));
#12283 = CARTESIAN_POINT('',(8.377687136424E-03,5.32097164717E-08));
#12284 = CARTESIAN_POINT('',(8.164775734831E-03,4.829785862407E-08));
#12285 = CARTESIAN_POINT('',(7.951861351174E-03,3.665316845221E-08));
#12286 = CARTESIAN_POINT('',(7.738943523824E-03,2.088086941086E-08));
#12287 = CARTESIAN_POINT('',(7.526021791166E-03,5.371626891354E-09));
#12288 = CARTESIAN_POINT('',(7.384071058127E-03,1.964998809295E-10));
#12289 = CARTESIAN_POINT('',(7.313094886856E-03,0.));
#12290 = ( GEOMETRIC_REPRESENTATION_CONTEXT(2) 
PARAMETRIC_REPRESENTATION_CONTEXT() REPRESENTATION_CONTEXT('2D SPACE',''
  ) );
#12291 = ORIENTED_EDGE('',*,*,#12292,.T.);
#12292 = EDGE_CURVE('',#12242,#9348,#12293,.T.);
#12293 = SURFACE_CURVE('',#12294,(#12298,#12305),.PCURVE_S1.);
#12294 = LINE('',#12295,#12296);
#12295 = CARTESIAN_POINT('',(22.659946919501,-18.49565639833,20.5));
#12296 = VECTOR('',#12297,1.);
#12297 = DIRECTION('',(-0.,-0.,-1.));
#12298 = PCURVE('',#9363,#12299);
#12299 = DEFINITIONAL_REPRESENTATION('',(#12300),#12304);
#12300 = LINE('',#12301,#12302);
#12301 = CARTESIAN_POINT('',(43.23699226357,0.));
#12302 = VECTOR('',#12303,1.);
#12303 = DIRECTION('',(0.,-1.));
#12304 = ( GEOMETRIC_REPRESENTATION_CONTEXT(2) 
PARAMETRIC_REPRESENTATION_CONTEXT() REPRESENTATION_CONTEXT('2D SPACE',''
  ) );
#12305 = PCURVE('',#9392,#12306);
#12306 = DEFINITIONAL_REPRESENTATION('',(#12307),#12311);
#12307 = LINE('',#12308,#12309);
#12308 = CARTESIAN_POINT('',(3.82614997819,0.));
#12309 = VECTOR('',#12310,1.);
#12310 = DIRECTION('',(0.,1.));
#12311 = ( GEOMETRIC_REPRESENTATION_CONTEXT(2) 
PARAMETRIC_REPRESENTATION_CONTEXT() REPRESENTATION_CONTEXT('2D SPACE',''
  ) );
#12312 = ORIENTED_EDGE('',*,*,#9347,.T.);
#12313 = ORIENTED_EDGE('',*,*,#12314,.T.);
#12314 = EDGE_CURVE('',#9315,#12217,#12315,.T.);
#12315 = SURFACE_CURVE('',#12316,(#12320,#12327),.PCURVE_S1.);
#12316 = LINE('',#12317,#12318);
#12317 = CARTESIAN_POINT('',(49.549398079966,14.447945216439,20.5));
#12318 = VECTOR('',#12319,1.);
#12319 = DIRECTION('',(-0.,-0.,1.));
#12320 = PCURVE('',#9363,#12321);
#12321 = DEFINITIONAL_REPRESENTATION('',(#12322),#12326);
#12322 = LINE('',#12323,#12324);
#12323 = CARTESIAN_POINT('',(0.712605482992,0.));
#12324 = VECTOR('',#12325,1.);
#12325 = DIRECTION('',(0.,1.));
#12326 = ( GEOMETRIC_REPRESENTATION_CONTEXT(2) 
PARAMETRIC_REPRESENTATION_CONTEXT() REPRESENTATION_CONTEXT('2D SPACE',''
  ) );
#12327 = PCURVE('',#9335,#12328);
#12328 = DEFINITIONAL_REPRESENTATION('',(#12329),#12333);
#12329 = LINE('',#12330,#12331);
#12330 = CARTESIAN_POINT('',(3.82614997819,-10.5));
#12331 = VECTOR('',#12332,1.);
#12332 = DIRECTION('',(0.,-1.));
#12333 = ( GEOMETRIC_REPRESENTATION_CONTEXT(2) 
PARAMETRIC_REPRESENTATION_CONTEXT() REPRESENTATION_CONTEXT('2D SPACE',''
  ) );
#12334 = ADVANCED_FACE('',(#12335),#9392,.T.);
#12335 = FACE_BOUND('',#12336,.T.);
#12336 = EDGE_LOOP('',(#12337,#12338,#12362,#12383));
#12337 = ORIENTED_EDGE('',*,*,#12292,.F.);
#12338 = ORIENTED_EDGE('',*,*,#12339,.T.);
#12339 = EDGE_CURVE('',#12242,#12340,#12342,.T.);
#12340 = VERTEX_POINT('',#12341);
#12341 = CARTESIAN_POINT('',(-22.63524167611,-18.5258828201,
    8.040408205773));
#12342 = SURFACE_CURVE('',#12343,(#12348,#12355),.PCURVE_S1.);
#12343 = CIRCLE('',#12344,29.25);
#12344 = AXIS2_PLACEMENT_3D('',#12345,#12346,#12347);
#12345 = CARTESIAN_POINT('',(0.,0.,8.040408205773));
#12346 = DIRECTION('',(0.,0.,-1.));
#12347 = DIRECTION('',(1.,0.,0.));
#12348 = PCURVE('',#9392,#12349);
#12349 = DEFINITIONAL_REPRESENTATION('',(#12350),#12354);
#12350 = LINE('',#12351,#12352);
#12351 = CARTESIAN_POINT('',(3.14159265359,12.459591794227));
#12352 = VECTOR('',#12353,1.);
#12353 = DIRECTION('',(1.,0.));
#12354 = ( GEOMETRIC_REPRESENTATION_CONTEXT(2) 
PARAMETRIC_REPRESENTATION_CONTEXT() REPRESENTATION_CONTEXT('2D SPACE',''
  ) );
#12355 = PCURVE('',#4318,#12356);
#12356 = DEFINITIONAL_REPRESENTATION('',(#12357),#12361);
#12357 = LINE('',#12358,#12359);
#12358 = CARTESIAN_POINT('',(6.28318530718,0.));
#12359 = VECTOR('',#12360,1.);
#12360 = DIRECTION('',(-1.,0.));
#12361 = ( GEOMETRIC_REPRESENTATION_CONTEXT(2) 
PARAMETRIC_REPRESENTATION_CONTEXT() REPRESENTATION_CONTEXT('2D SPACE',''
  ) );
#12362 = ORIENTED_EDGE('',*,*,#12363,.T.);
#12363 = EDGE_CURVE('',#12340,#9376,#12364,.T.);
#12364 = SURFACE_CURVE('',#12365,(#12369,#12376),.PCURVE_S1.);
#12365 = LINE('',#12366,#12367);
#12366 = CARTESIAN_POINT('',(-22.63524167611,-18.5258828201,20.5));
#12367 = VECTOR('',#12368,1.);
#12368 = DIRECTION('',(-0.,-0.,-1.));
#12369 = PCURVE('',#9392,#12370);
#12370 = DEFINITIONAL_REPRESENTATION('',(#12371),#12375);
#12371 = LINE('',#12372,#12373);
#12372 = CARTESIAN_POINT('',(5.597293341165,0.));
#12373 = VECTOR('',#12374,1.);
#12374 = DIRECTION('',(0.,1.));
#12375 = ( GEOMETRIC_REPRESENTATION_CONTEXT(2) 
PARAMETRIC_REPRESENTATION_CONTEXT() REPRESENTATION_CONTEXT('2D SPACE',''
  ) );
#12376 = PCURVE('',#9420,#12377);
#12377 = DEFINITIONAL_REPRESENTATION('',(#12378),#12382);
#12378 = LINE('',#12379,#12380);
#12379 = CARTESIAN_POINT('',(-1.774761035293E-14,0.));
#12380 = VECTOR('',#12381,1.);
#12381 = DIRECTION('',(0.,-1.));
#12382 = ( GEOMETRIC_REPRESENTATION_CONTEXT(2) 
PARAMETRIC_REPRESENTATION_CONTEXT() REPRESENTATION_CONTEXT('2D SPACE',''
  ) );
#12383 = ORIENTED_EDGE('',*,*,#9375,.T.);
#12384 = ADVANCED_FACE('',(#12385),#9420,.F.);
#12385 = FACE_BOUND('',#12386,.T.);
#12386 = EDGE_LOOP('',(#12387,#12412,#12433,#12434,#12435));
#12387 = ORIENTED_EDGE('',*,*,#12388,.T.);
#12388 = EDGE_CURVE('',#12389,#12391,#12393,.T.);
#12389 = VERTEX_POINT('',#12390);
#12390 = CARTESIAN_POINT('',(-25.60327798978,-14.89948509774,8.));
#12391 = VERTEX_POINT('',#12392);
#12392 = CARTESIAN_POINT('',(-66.46770883255,35.029378053609,8.));
#12393 = SURFACE_CURVE('',#12394,(#12398,#12405),.PCURVE_S1.);
#12394 = LINE('',#12395,#12396);
#12395 = CARTESIAN_POINT('',(-66.92,35.581995166786,8.));
#12396 = VECTOR('',#12397,1.);
#12397 = DIRECTION('',(-0.633363515217,0.773854416277,0.));
#12398 = PCURVE('',#9420,#12399);
#12399 = DEFINITIONAL_REPRESENTATION('',(#12400),#12404);
#12400 = LINE('',#12401,#12402);
#12401 = CARTESIAN_POINT('',(69.919970538103,-12.5));
#12402 = VECTOR('',#12403,1.);
#12403 = DIRECTION('',(1.,0.));
#12404 = ( GEOMETRIC_REPRESENTATION_CONTEXT(2) 
PARAMETRIC_REPRESENTATION_CONTEXT() REPRESENTATION_CONTEXT('2D SPACE',''
  ) );
#12405 = PCURVE('',#7552,#12406);
#12406 = DEFINITIONAL_REPRESENTATION('',(#12407),#12411);
#12407 = LINE('',#12408,#12409);
#12408 = CARTESIAN_POINT('',(3.14159265359,-69.9199705381));
#12409 = VECTOR('',#12410,1.);
#12410 = DIRECTION('',(0.,-1.));
#12411 = ( GEOMETRIC_REPRESENTATION_CONTEXT(2) 
PARAMETRIC_REPRESENTATION_CONTEXT() REPRESENTATION_CONTEXT('2D SPACE',''
  ) );
#12412 = ORIENTED_EDGE('',*,*,#12413,.T.);
#12413 = EDGE_CURVE('',#12391,#9405,#12414,.T.);
#12414 = SURFACE_CURVE('',#12415,(#12419,#12426),.PCURVE_S1.);
#12415 = LINE('',#12416,#12417);
#12416 = CARTESIAN_POINT('',(-66.46770883255,35.029378053609,20.5));
#12417 = VECTOR('',#12418,1.);
#12418 = DIRECTION('',(0.,0.,-1.));
#12419 = PCURVE('',#9420,#12420);
#12420 = DEFINITIONAL_REPRESENTATION('',(#12421),#12425);
#12421 = LINE('',#12422,#12423);
#12422 = CARTESIAN_POINT('',(69.205860620846,0.));
#12423 = VECTOR('',#12424,1.);
#12424 = DIRECTION('',(0.,-1.));
#12425 = ( GEOMETRIC_REPRESENTATION_CONTEXT(2) 
PARAMETRIC_REPRESENTATION_CONTEXT() REPRESENTATION_CONTEXT('2D SPACE',''
  ) );
#12426 = PCURVE('',#9453,#12427);
#12427 = DEFINITIONAL_REPRESENTATION('',(#12428),#12432);
#12428 = LINE('',#12429,#12430);
#12429 = CARTESIAN_POINT('',(5.597293341165,0.));
#12430 = VECTOR('',#12431,1.);
#12431 = DIRECTION('',(0.,1.));
#12432 = ( GEOMETRIC_REPRESENTATION_CONTEXT(2) 
PARAMETRIC_REPRESENTATION_CONTEXT() REPRESENTATION_CONTEXT('2D SPACE',''
  ) );
#12433 = ORIENTED_EDGE('',*,*,#9404,.T.);
#12434 = ORIENTED_EDGE('',*,*,#12363,.F.);
#12435 = ORIENTED_EDGE('',*,*,#12436,.T.);
#12436 = EDGE_CURVE('',#12340,#12389,#12437,.T.);
#12437 = SURFACE_CURVE('',#12438,(#12445,#12455),.PCURVE_S1.);
#12438 = B_SPLINE_CURVE_WITH_KNOTS('',3,(#12439,#12440,#12441,#12442,
    #12443,#12444),.UNSPECIFIED.,.F.,.F.,(4,2,4),(0.,2.343148574493E-03,
    4.686297148986E-03),.UNSPECIFIED.);
#12439 = CARTESIAN_POINT('',(-22.63524167611,-18.5258828201,
    8.040408205773));
#12440 = CARTESIAN_POINT('',(-23.1299383137,-17.92145397549,
    8.040408205773));
#12441 = CARTESIAN_POINT('',(-23.62460880771,-17.31705707355,
    8.03267666916));
#12442 = CARTESIAN_POINT('',(-24.6139181193,-16.10830197251,
    8.012412936074));
#12443 = CARTESIAN_POINT('',(-25.10855808508,-15.5039423705,8.));
#12444 = CARTESIAN_POINT('',(-25.60327798978,-14.89948509774,8.));
#12445 = PCURVE('',#9420,#12446);
#12446 = DEFINITIONAL_REPRESENTATION('',(#12447),#12454);
#12447 = B_SPLINE_CURVE_WITH_KNOTS('',3,(#12448,#12449,#12450,#12451,
    #12452,#12453),.UNSPECIFIED.,.F.,.F.,(4,2,4),(0.,2.343148574493E-03,
    4.686297148986E-03),.UNSPECIFIED.);
#12448 = CARTESIAN_POINT('',(-1.95399252334E-14,-12.45959179422));
#12449 = CARTESIAN_POINT('',(0.781062732075,-12.45959179422));
#12450 = CARTESIAN_POINT('',(1.562084186789,-12.46732333084));
#12451 = CARTESIAN_POINT('',(3.124077083154,-12.48758706392));
#12452 = CARTESIAN_POINT('',(3.905050337677,-12.5));
#12453 = CARTESIAN_POINT('',(4.686149805544,-12.5));
#12454 = ( GEOMETRIC_REPRESENTATION_CONTEXT(2) 
PARAMETRIC_REPRESENTATION_CONTEXT() REPRESENTATION_CONTEXT('2D SPACE',''
  ) );
#12455 = PCURVE('',#4253,#12456);
#12456 = DEFINITIONAL_REPRESENTATION('',(#12457),#12483);
#12457 = B_SPLINE_CURVE_WITH_KNOTS('',3,(#12458,#12459,#12460,#12461,
    #12462,#12463,#12464,#12465,#12466,#12467,#12468,#12469,#12470,
    #12471,#12472,#12473,#12474,#12475,#12476,#12477,#12478,#12479,
    #12480,#12481,#12482),.UNSPECIFIED.,.F.,.F.,(4,1,1,1,1,1,1,1,1,1,1,1
    ,1,1,1,1,1,1,1,1,1,1,4),(0.,2.130135067721E-04,4.260270135442E-04,
    6.390405203163E-04,8.520540270884E-04,1.06506753386E-03,
    1.278081040633E-03,1.491094547405E-03,1.704108054177E-03,
    1.917121560949E-03,2.130135067721E-03,2.343148574493E-03,
    2.556162081265E-03,2.769175588037E-03,2.982189094809E-03,
    3.195202601581E-03,3.408216108354E-03,3.621229615126E-03,
    3.834243121898E-03,4.04725662867E-03,4.260270135442E-03,
    4.473283642214E-03,4.686297148986E-03),.QUASI_UNIFORM_KNOTS.);
#12458 = CARTESIAN_POINT('',(7.313094886856E-03,1.));
#12459 = CARTESIAN_POINT('',(7.384071058126E-03,0.999999999804));
#12460 = CARTESIAN_POINT('',(7.526021791166E-03,0.999999994628));
#12461 = CARTESIAN_POINT('',(7.738943523824E-03,0.999999979119));
#12462 = CARTESIAN_POINT('',(7.951861351174E-03,0.999999963347));
#12463 = CARTESIAN_POINT('',(8.164775734831E-03,0.999999951702));
#12464 = CARTESIAN_POINT('',(8.377687136424E-03,0.99999994679));
#12465 = CARTESIAN_POINT('',(8.590596017382E-03,0.99999994935));
#12466 = CARTESIAN_POINT('',(8.803502839604E-03,0.999999958527));
#12467 = CARTESIAN_POINT('',(9.016408062863E-03,0.999999972183));
#12468 = CARTESIAN_POINT('',(9.22931215444E-03,0.999999986771));
#12469 = CARTESIAN_POINT('',(9.442215553184E-03,0.99999999893));
#12470 = CARTESIAN_POINT('',(9.655118803705E-03,1.000000000652));
#12471 = CARTESIAN_POINT('',(9.868022055701E-03,0.999999998459));
#12472 = CARTESIAN_POINT('',(1.008092510262E-02,1.00000000113));
#12473 = CARTESIAN_POINT('',(1.029382813228E-02,1.000000004751));
#12474 = CARTESIAN_POINT('',(1.05067312268E-02,1.000000008798));
#12475 = CARTESIAN_POINT('',(1.071963449665E-02,1.000000011983));
#12476 = CARTESIAN_POINT('',(1.093253804469E-02,1.000000013526));
#12477 = CARTESIAN_POINT('',(1.114544197585E-02,1.000000012955));
#12478 = CARTESIAN_POINT('',(1.135834639454E-02,1.000000010291));
#12479 = CARTESIAN_POINT('',(1.157125140529E-02,1.000000006153));
#12480 = CARTESIAN_POINT('',(1.178415711263E-02,1.000000001748));
#12481 = CARTESIAN_POINT('',(1.192609478487E-02,1.000000000143));
#12482 = CARTESIAN_POINT('',(1.19970637719E-02,1.));
#12483 = ( GEOMETRIC_REPRESENTATION_CONTEXT(2) 
PARAMETRIC_REPRESENTATION_CONTEXT() REPRESENTATION_CONTEXT('2D SPACE',''
  ) );
#12484 = ADVANCED_FACE('',(#12485),#1061,.F.);
#12485 = FACE_BOUND('',#12486,.F.);
#12486 = EDGE_LOOP('',(#12487,#12488,#12511,#12533));
#12487 = ORIENTED_EDGE('',*,*,#8750,.F.);
#12488 = ORIENTED_EDGE('',*,*,#12489,.F.);
#12489 = EDGE_CURVE('',#12490,#8751,#12492,.T.);
#12490 = VERTEX_POINT('',#12491);
#12491 = CARTESIAN_POINT('',(22.5,54.5,8.));
#12492 = SURFACE_CURVE('',#12493,(#12497,#12504),.PCURVE_S1.);
#12493 = LINE('',#12494,#12495);
#12494 = CARTESIAN_POINT('',(22.5,54.5,20.5));
#12495 = VECTOR('',#12496,1.);
#12496 = DIRECTION('',(-0.,-0.,-1.));
#12497 = PCURVE('',#1061,#12498);
#12498 = DEFINITIONAL_REPRESENTATION('',(#12499),#12503);
#12499 = LINE('',#12500,#12501);
#12500 = CARTESIAN_POINT('',(4.712388980385,0.));
#12501 = VECTOR('',#12502,1.);
#12502 = DIRECTION('',(0.,1.));
#12503 = ( GEOMETRIC_REPRESENTATION_CONTEXT(2) 
PARAMETRIC_REPRESENTATION_CONTEXT() REPRESENTATION_CONTEXT('2D SPACE',''
  ) );
#12504 = PCURVE('',#8794,#12505);
#12505 = DEFINITIONAL_REPRESENTATION('',(#12506),#12510);
#12506 = LINE('',#12507,#12508);
#12507 = CARTESIAN_POINT('',(0.,0.));
#12508 = VECTOR('',#12509,1.);
#12509 = DIRECTION('',(1.,0.));
#12510 = ( GEOMETRIC_REPRESENTATION_CONTEXT(2) 
PARAMETRIC_REPRESENTATION_CONTEXT() REPRESENTATION_CONTEXT('2D SPACE',''
  ) );
#12511 = ORIENTED_EDGE('',*,*,#12512,.F.);
#12512 = EDGE_CURVE('',#1046,#12490,#12513,.T.);
#12513 = SURFACE_CURVE('',#12514,(#12519,#12526),.PCURVE_S1.);
#12514 = CIRCLE('',#12515,1.);
#12515 = AXIS2_PLACEMENT_3D('',#12516,#12517,#12518);
#12516 = CARTESIAN_POINT('',(22.5,55.5,8.));
#12517 = DIRECTION('',(-0.,0.,1.));
#12518 = DIRECTION('',(1.,0.,0.));
#12519 = PCURVE('',#1061,#12520);
#12520 = DEFINITIONAL_REPRESENTATION('',(#12521),#12525);
#12521 = LINE('',#12522,#12523);
#12522 = CARTESIAN_POINT('',(9.424777960769,12.5));
#12523 = VECTOR('',#12524,1.);
#12524 = DIRECTION('',(-1.,0.));
#12525 = ( GEOMETRIC_REPRESENTATION_CONTEXT(2) 
PARAMETRIC_REPRESENTATION_CONTEXT() REPRESENTATION_CONTEXT('2D SPACE',''
  ) );
#12526 = PCURVE('',#1088,#12527);
#12527 = DEFINITIONAL_REPRESENTATION('',(#12528),#12532);
#12528 = LINE('',#12529,#12530);
#12529 = CARTESIAN_POINT('',(0.,3.14159265359));
#12530 = VECTOR('',#12531,1.);
#12531 = DIRECTION('',(1.,0.));
#12532 = ( GEOMETRIC_REPRESENTATION_CONTEXT(2) 
PARAMETRIC_REPRESENTATION_CONTEXT() REPRESENTATION_CONTEXT('2D SPACE',''
  ) );
#12533 = ORIENTED_EDGE('',*,*,#1045,.T.);
#12534 = ADVANCED_FACE('',(#12535),#8794,.F.);
#12535 = FACE_BOUND('',#12536,.T.);
#12536 = EDGE_LOOP('',(#12537,#12538,#12559,#12580));
#12537 = ORIENTED_EDGE('',*,*,#12489,.F.);
#12538 = ORIENTED_EDGE('',*,*,#12539,.T.);
#12539 = EDGE_CURVE('',#12490,#559,#12540,.T.);
#12540 = SURFACE_CURVE('',#12541,(#12545,#12552),.PCURVE_S1.);
#12541 = LINE('',#12542,#12543);
#12542 = CARTESIAN_POINT('',(27.5,54.5,8.));
#12543 = VECTOR('',#12544,1.);
#12544 = DIRECTION('',(1.,0.,-0.));
#12545 = PCURVE('',#8794,#12546);
#12546 = DEFINITIONAL_REPRESENTATION('',(#12547),#12551);
#12547 = LINE('',#12548,#12549);
#12548 = CARTESIAN_POINT('',(12.5,5.));
#12549 = VECTOR('',#12550,1.);
#12550 = DIRECTION('',(0.,1.));
#12551 = ( GEOMETRIC_REPRESENTATION_CONTEXT(2) 
PARAMETRIC_REPRESENTATION_CONTEXT() REPRESENTATION_CONTEXT('2D SPACE',''
  ) );
#12552 = PCURVE('',#602,#12553);
#12553 = DEFINITIONAL_REPRESENTATION('',(#12554),#12558);
#12554 = LINE('',#12555,#12556);
#12555 = CARTESIAN_POINT('',(1.570796326795,-5.));
#12556 = VECTOR('',#12557,1.);
#12557 = DIRECTION('',(0.,-1.));
#12558 = ( GEOMETRIC_REPRESENTATION_CONTEXT(2) 
PARAMETRIC_REPRESENTATION_CONTEXT() REPRESENTATION_CONTEXT('2D SPACE',''
  ) );
#12559 = ORIENTED_EDGE('',*,*,#12560,.T.);
#12560 = EDGE_CURVE('',#559,#8779,#12561,.T.);
#12561 = SURFACE_CURVE('',#12562,(#12566,#12573),.PCURVE_S1.);
#12562 = LINE('',#12563,#12564);
#12563 = CARTESIAN_POINT('',(27.5,54.5,20.5));
#12564 = VECTOR('',#12565,1.);
#12565 = DIRECTION('',(-0.,-0.,-1.));
#12566 = PCURVE('',#8794,#12567);
#12567 = DEFINITIONAL_REPRESENTATION('',(#12568),#12572);
#12568 = LINE('',#12569,#12570);
#12569 = CARTESIAN_POINT('',(0.,5.));
#12570 = VECTOR('',#12571,1.);
#12571 = DIRECTION('',(1.,0.));
#12572 = ( GEOMETRIC_REPRESENTATION_CONTEXT(2) 
PARAMETRIC_REPRESENTATION_CONTEXT() REPRESENTATION_CONTEXT('2D SPACE',''
  ) );
#12573 = PCURVE('',#575,#12574);
#12574 = DEFINITIONAL_REPRESENTATION('',(#12575),#12579);
#12575 = LINE('',#12576,#12577);
#12576 = CARTESIAN_POINT('',(4.712388980385,0.));
#12577 = VECTOR('',#12578,1.);
#12578 = DIRECTION('',(0.,1.));
#12579 = ( GEOMETRIC_REPRESENTATION_CONTEXT(2) 
PARAMETRIC_REPRESENTATION_CONTEXT() REPRESENTATION_CONTEXT('2D SPACE',''
  ) );
#12580 = ORIENTED_EDGE('',*,*,#8778,.T.);
#12581 = ADVANCED_FACE('',(#12582),#575,.F.);
#12582 = FACE_BOUND('',#12583,.F.);
#12583 = EDGE_LOOP('',(#12584,#12585,#12608,#12630,#12631));
#12584 = ORIENTED_EDGE('',*,*,#8806,.F.);
#12585 = ORIENTED_EDGE('',*,*,#12586,.F.);
#12586 = EDGE_CURVE('',#12587,#8727,#12589,.T.);
#12587 = VERTEX_POINT('',#12588);
#12588 = CARTESIAN_POINT('',(27.5,56.5,8.));
#12589 = SURFACE_CURVE('',#12590,(#12594,#12601),.PCURVE_S1.);
#12590 = LINE('',#12591,#12592);
#12591 = CARTESIAN_POINT('',(27.5,56.5,20.5));
#12592 = VECTOR('',#12593,1.);
#12593 = DIRECTION('',(-0.,-0.,-1.));
#12594 = PCURVE('',#575,#12595);
#12595 = DEFINITIONAL_REPRESENTATION('',(#12596),#12600);
#12596 = LINE('',#12597,#12598);
#12597 = CARTESIAN_POINT('',(1.570796326795,0.));
#12598 = VECTOR('',#12599,1.);
#12599 = DIRECTION('',(0.,1.));
#12600 = ( GEOMETRIC_REPRESENTATION_CONTEXT(2) 
PARAMETRIC_REPRESENTATION_CONTEXT() REPRESENTATION_CONTEXT('2D SPACE',''
  ) );
#12601 = PCURVE('',#1005,#12602);
#12602 = DEFINITIONAL_REPRESENTATION('',(#12603),#12607);
#12603 = LINE('',#12604,#12605);
#12604 = CARTESIAN_POINT('',(0.,0.));
#12605 = VECTOR('',#12606,1.);
#12606 = DIRECTION('',(-1.,0.));
#12607 = ( GEOMETRIC_REPRESENTATION_CONTEXT(2) 
PARAMETRIC_REPRESENTATION_CONTEXT() REPRESENTATION_CONTEXT('2D SPACE',''
  ) );
#12608 = ORIENTED_EDGE('',*,*,#12609,.F.);
#12609 = EDGE_CURVE('',#530,#12587,#12610,.T.);
#12610 = SURFACE_CURVE('',#12611,(#12616,#12623),.PCURVE_S1.);
#12611 = CIRCLE('',#12612,1.);
#12612 = AXIS2_PLACEMENT_3D('',#12613,#12614,#12615);
#12613 = CARTESIAN_POINT('',(27.5,55.5,8.));
#12614 = DIRECTION('',(-0.,0.,1.));
#12615 = DIRECTION('',(1.,0.,0.));
#12616 = PCURVE('',#575,#12617);
#12617 = DEFINITIONAL_REPRESENTATION('',(#12618),#12622);
#12618 = LINE('',#12619,#12620);
#12619 = CARTESIAN_POINT('',(3.14159265359,12.5));
#12620 = VECTOR('',#12621,1.);
#12621 = DIRECTION('',(-1.,0.));
#12622 = ( GEOMETRIC_REPRESENTATION_CONTEXT(2) 
PARAMETRIC_REPRESENTATION_CONTEXT() REPRESENTATION_CONTEXT('2D SPACE',''
  ) );
#12623 = PCURVE('',#546,#12624);
#12624 = DEFINITIONAL_REPRESENTATION('',(#12625),#12629);
#12625 = LINE('',#12626,#12627);
#12626 = CARTESIAN_POINT('',(0.,3.14159265359));
#12627 = VECTOR('',#12628,1.);
#12628 = DIRECTION('',(1.,0.));
#12629 = ( GEOMETRIC_REPRESENTATION_CONTEXT(2) 
PARAMETRIC_REPRESENTATION_CONTEXT() REPRESENTATION_CONTEXT('2D SPACE',''
  ) );
#12630 = ORIENTED_EDGE('',*,*,#558,.F.);
#12631 = ORIENTED_EDGE('',*,*,#12560,.T.);
#12632 = ADVANCED_FACE('',(#12633),#1005,.F.);
#12633 = FACE_BOUND('',#12634,.T.);
#12634 = EDGE_LOOP('',(#12635,#12636,#12657,#12658));
#12635 = ORIENTED_EDGE('',*,*,#12586,.F.);
#12636 = ORIENTED_EDGE('',*,*,#12637,.T.);
#12637 = EDGE_CURVE('',#12587,#983,#12638,.T.);
#12638 = SURFACE_CURVE('',#12639,(#12643,#12650),.PCURVE_S1.);
#12639 = LINE('',#12640,#12641);
#12640 = CARTESIAN_POINT('',(22.5,56.5,8.));
#12641 = VECTOR('',#12642,1.);
#12642 = DIRECTION('',(-1.,0.,0.));
#12643 = PCURVE('',#1005,#12644);
#12644 = DEFINITIONAL_REPRESENTATION('',(#12645),#12649);
#12645 = LINE('',#12646,#12647);
#12646 = CARTESIAN_POINT('',(-12.5,-5.));
#12647 = VECTOR('',#12648,1.);
#12648 = DIRECTION('',(0.,-1.));
#12649 = ( GEOMETRIC_REPRESENTATION_CONTEXT(2) 
PARAMETRIC_REPRESENTATION_CONTEXT() REPRESENTATION_CONTEXT('2D SPACE',''
  ) );
#12650 = PCURVE('',#7908,#12651);
#12651 = DEFINITIONAL_REPRESENTATION('',(#12652),#12656);
#12652 = LINE('',#12653,#12654);
#12653 = CARTESIAN_POINT('',(4.712388980385,-5.));
#12654 = VECTOR('',#12655,1.);
#12655 = DIRECTION('',(0.,-1.));
#12656 = ( GEOMETRIC_REPRESENTATION_CONTEXT(2) 
PARAMETRIC_REPRESENTATION_CONTEXT() REPRESENTATION_CONTEXT('2D SPACE',''
  ) );
#12657 = ORIENTED_EDGE('',*,*,#982,.T.);
#12658 = ORIENTED_EDGE('',*,*,#8726,.T.);
#12659 = ADVANCED_FACE('',(#12660),#940,.F.);
#12660 = FACE_BOUND('',#12661,.F.);
#12661 = EDGE_LOOP('',(#12662,#12663,#12686,#12708));
#12662 = ORIENTED_EDGE('',*,*,#8642,.F.);
#12663 = ORIENTED_EDGE('',*,*,#12664,.F.);
#12664 = EDGE_CURVE('',#12665,#8643,#12667,.T.);
#12665 = VERTEX_POINT('',#12666);
#12666 = CARTESIAN_POINT('',(22.5,39.5,8.));
#12667 = SURFACE_CURVE('',#12668,(#12672,#12679),.PCURVE_S1.);
#12668 = LINE('',#12669,#12670);
#12669 = CARTESIAN_POINT('',(22.5,39.5,20.5));
#12670 = VECTOR('',#12671,1.);
#12671 = DIRECTION('',(-0.,-0.,-1.));
#12672 = PCURVE('',#940,#12673);
#12673 = DEFINITIONAL_REPRESENTATION('',(#12674),#12678);
#12674 = LINE('',#12675,#12676);
#12675 = CARTESIAN_POINT('',(4.712388980385,0.));
#12676 = VECTOR('',#12677,1.);
#12677 = DIRECTION('',(0.,1.));
#12678 = ( GEOMETRIC_REPRESENTATION_CONTEXT(2) 
PARAMETRIC_REPRESENTATION_CONTEXT() REPRESENTATION_CONTEXT('2D SPACE',''
  ) );
#12679 = PCURVE('',#8686,#12680);
#12680 = DEFINITIONAL_REPRESENTATION('',(#12681),#12685);
#12681 = LINE('',#12682,#12683);
#12682 = CARTESIAN_POINT('',(0.,0.));
#12683 = VECTOR('',#12684,1.);
#12684 = DIRECTION('',(1.,0.));
#12685 = ( GEOMETRIC_REPRESENTATION_CONTEXT(2) 
PARAMETRIC_REPRESENTATION_CONTEXT() REPRESENTATION_CONTEXT('2D SPACE',''
  ) );
#12686 = ORIENTED_EDGE('',*,*,#12687,.F.);
#12687 = EDGE_CURVE('',#925,#12665,#12688,.T.);
#12688 = SURFACE_CURVE('',#12689,(#12694,#12701),.PCURVE_S1.);
#12689 = CIRCLE('',#12690,1.);
#12690 = AXIS2_PLACEMENT_3D('',#12691,#12692,#12693);
#12691 = CARTESIAN_POINT('',(22.5,40.5,8.));
#12692 = DIRECTION('',(-0.,0.,1.));
#12693 = DIRECTION('',(1.,0.,0.));
#12694 = PCURVE('',#940,#12695);
#12695 = DEFINITIONAL_REPRESENTATION('',(#12696),#12700);
#12696 = LINE('',#12697,#12698);
#12697 = CARTESIAN_POINT('',(9.424777960769,12.5));
#12698 = VECTOR('',#12699,1.);
#12699 = DIRECTION('',(-1.,0.));
#12700 = ( GEOMETRIC_REPRESENTATION_CONTEXT(2) 
PARAMETRIC_REPRESENTATION_CONTEXT() REPRESENTATION_CONTEXT('2D SPACE',''
  ) );
#12701 = PCURVE('',#967,#12702);
#12702 = DEFINITIONAL_REPRESENTATION('',(#12703),#12707);
#12703 = LINE('',#12704,#12705);
#12704 = CARTESIAN_POINT('',(0.,3.14159265359));
#12705 = VECTOR('',#12706,1.);
#12706 = DIRECTION('',(1.,0.));
#12707 = ( GEOMETRIC_REPRESENTATION_CONTEXT(2) 
PARAMETRIC_REPRESENTATION_CONTEXT() REPRESENTATION_CONTEXT('2D SPACE',''
  ) );
#12708 = ORIENTED_EDGE('',*,*,#924,.T.);
#12709 = ADVANCED_FACE('',(#12710),#8686,.F.);
#12710 = FACE_BOUND('',#12711,.T.);
#12711 = EDGE_LOOP('',(#12712,#12713,#12734,#12755));
#12712 = ORIENTED_EDGE('',*,*,#12664,.F.);
#12713 = ORIENTED_EDGE('',*,*,#12714,.T.);
#12714 = EDGE_CURVE('',#12665,#436,#12715,.T.);
#12715 = SURFACE_CURVE('',#12716,(#12720,#12727),.PCURVE_S1.);
#12716 = LINE('',#12717,#12718);
#12717 = CARTESIAN_POINT('',(27.5,39.5,8.));
#12718 = VECTOR('',#12719,1.);
#12719 = DIRECTION('',(1.,0.,-0.));
#12720 = PCURVE('',#8686,#12721);
#12721 = DEFINITIONAL_REPRESENTATION('',(#12722),#12726);
#12722 = LINE('',#12723,#12724);
#12723 = CARTESIAN_POINT('',(12.5,5.));
#12724 = VECTOR('',#12725,1.);
#12725 = DIRECTION('',(0.,1.));
#12726 = ( GEOMETRIC_REPRESENTATION_CONTEXT(2) 
PARAMETRIC_REPRESENTATION_CONTEXT() REPRESENTATION_CONTEXT('2D SPACE',''
  ) );
#12727 = PCURVE('',#479,#12728);
#12728 = DEFINITIONAL_REPRESENTATION('',(#12729),#12733);
#12729 = LINE('',#12730,#12731);
#12730 = CARTESIAN_POINT('',(1.570796326795,-5.));
#12731 = VECTOR('',#12732,1.);
#12732 = DIRECTION('',(0.,-1.));
#12733 = ( GEOMETRIC_REPRESENTATION_CONTEXT(2) 
PARAMETRIC_REPRESENTATION_CONTEXT() REPRESENTATION_CONTEXT('2D SPACE',''
  ) );
#12734 = ORIENTED_EDGE('',*,*,#12735,.T.);
#12735 = EDGE_CURVE('',#436,#8671,#12736,.T.);
#12736 = SURFACE_CURVE('',#12737,(#12741,#12748),.PCURVE_S1.);
#12737 = LINE('',#12738,#12739);
#12738 = CARTESIAN_POINT('',(27.5,39.5,20.5));
#12739 = VECTOR('',#12740,1.);
#12740 = DIRECTION('',(-0.,-0.,-1.));
#12741 = PCURVE('',#8686,#12742);
#12742 = DEFINITIONAL_REPRESENTATION('',(#12743),#12747);
#12743 = LINE('',#12744,#12745);
#12744 = CARTESIAN_POINT('',(0.,5.));
#12745 = VECTOR('',#12746,1.);
#12746 = DIRECTION('',(1.,0.));
#12747 = ( GEOMETRIC_REPRESENTATION_CONTEXT(2) 
PARAMETRIC_REPRESENTATION_CONTEXT() REPRESENTATION_CONTEXT('2D SPACE',''
  ) );
#12748 = PCURVE('',#452,#12749);
#12749 = DEFINITIONAL_REPRESENTATION('',(#12750),#12754);
#12750 = LINE('',#12751,#12752);
#12751 = CARTESIAN_POINT('',(4.712388980385,0.));
#12752 = VECTOR('',#12753,1.);
#12753 = DIRECTION('',(0.,1.));
#12754 = ( GEOMETRIC_REPRESENTATION_CONTEXT(2) 
PARAMETRIC_REPRESENTATION_CONTEXT() REPRESENTATION_CONTEXT('2D SPACE',''
  ) );
#12755 = ORIENTED_EDGE('',*,*,#8670,.T.);
#12756 = ADVANCED_FACE('',(#12757),#452,.F.);
#12757 = FACE_BOUND('',#12758,.F.);
#12758 = EDGE_LOOP('',(#12759,#12760,#12783,#12805,#12806));
#12759 = ORIENTED_EDGE('',*,*,#8698,.F.);
#12760 = ORIENTED_EDGE('',*,*,#12761,.F.);
#12761 = EDGE_CURVE('',#12762,#8619,#12764,.T.);
#12762 = VERTEX_POINT('',#12763);
#12763 = CARTESIAN_POINT('',(27.5,41.5,8.));
#12764 = SURFACE_CURVE('',#12765,(#12769,#12776),.PCURVE_S1.);
#12765 = LINE('',#12766,#12767);
#12766 = CARTESIAN_POINT('',(27.5,41.5,20.5));
#12767 = VECTOR('',#12768,1.);
#12768 = DIRECTION('',(-0.,-0.,-1.));
#12769 = PCURVE('',#452,#12770);
#12770 = DEFINITIONAL_REPRESENTATION('',(#12771),#12775);
#12771 = LINE('',#12772,#12773);
#12772 = CARTESIAN_POINT('',(1.570796326795,0.));
#12773 = VECTOR('',#12774,1.);
#12774 = DIRECTION('',(0.,1.));
#12775 = ( GEOMETRIC_REPRESENTATION_CONTEXT(2) 
PARAMETRIC_REPRESENTATION_CONTEXT() REPRESENTATION_CONTEXT('2D SPACE',''
  ) );
#12776 = PCURVE('',#884,#12777);
#12777 = DEFINITIONAL_REPRESENTATION('',(#12778),#12782);
#12778 = LINE('',#12779,#12780);
#12779 = CARTESIAN_POINT('',(0.,0.));
#12780 = VECTOR('',#12781,1.);
#12781 = DIRECTION('',(-1.,0.));
#12782 = ( GEOMETRIC_REPRESENTATION_CONTEXT(2) 
PARAMETRIC_REPRESENTATION_CONTEXT() REPRESENTATION_CONTEXT('2D SPACE',''
  ) );
#12783 = ORIENTED_EDGE('',*,*,#12784,.F.);
#12784 = EDGE_CURVE('',#407,#12762,#12785,.T.);
#12785 = SURFACE_CURVE('',#12786,(#12791,#12798),.PCURVE_S1.);
#12786 = CIRCLE('',#12787,1.);
#12787 = AXIS2_PLACEMENT_3D('',#12788,#12789,#12790);
#12788 = CARTESIAN_POINT('',(27.5,40.5,8.));
#12789 = DIRECTION('',(-0.,0.,1.));
#12790 = DIRECTION('',(1.,0.,0.));
#12791 = PCURVE('',#452,#12792);
#12792 = DEFINITIONAL_REPRESENTATION('',(#12793),#12797);
#12793 = LINE('',#12794,#12795);
#12794 = CARTESIAN_POINT('',(3.14159265359,12.5));
#12795 = VECTOR('',#12796,1.);
#12796 = DIRECTION('',(-1.,0.));
#12797 = ( GEOMETRIC_REPRESENTATION_CONTEXT(2) 
PARAMETRIC_REPRESENTATION_CONTEXT() REPRESENTATION_CONTEXT('2D SPACE',''
  ) );
#12798 = PCURVE('',#423,#12799);
#12799 = DEFINITIONAL_REPRESENTATION('',(#12800),#12804);
#12800 = LINE('',#12801,#12802);
#12801 = CARTESIAN_POINT('',(0.,3.14159265359));
#12802 = VECTOR('',#12803,1.);
#12803 = DIRECTION('',(1.,0.));
#12804 = ( GEOMETRIC_REPRESENTATION_CONTEXT(2) 
PARAMETRIC_REPRESENTATION_CONTEXT() REPRESENTATION_CONTEXT('2D SPACE',''
  ) );
#12805 = ORIENTED_EDGE('',*,*,#435,.F.);
#12806 = ORIENTED_EDGE('',*,*,#12735,.T.);
#12807 = ADVANCED_FACE('',(#12808),#884,.F.);
#12808 = FACE_BOUND('',#12809,.T.);
#12809 = EDGE_LOOP('',(#12810,#12811,#12832,#12833));
#12810 = ORIENTED_EDGE('',*,*,#12761,.F.);
#12811 = ORIENTED_EDGE('',*,*,#12812,.T.);
#12812 = EDGE_CURVE('',#12762,#862,#12813,.T.);
#12813 = SURFACE_CURVE('',#12814,(#12818,#12825),.PCURVE_S1.);
#12814 = LINE('',#12815,#12816);
#12815 = CARTESIAN_POINT('',(22.5,41.5,8.));
#12816 = VECTOR('',#12817,1.);
#12817 = DIRECTION('',(-1.,0.,0.));
#12818 = PCURVE('',#884,#12819);
#12819 = DEFINITIONAL_REPRESENTATION('',(#12820),#12824);
#12820 = LINE('',#12821,#12822);
#12821 = CARTESIAN_POINT('',(-12.5,-5.));
#12822 = VECTOR('',#12823,1.);
#12823 = DIRECTION('',(0.,-1.));
#12824 = ( GEOMETRIC_REPRESENTATION_CONTEXT(2) 
PARAMETRIC_REPRESENTATION_CONTEXT() REPRESENTATION_CONTEXT('2D SPACE',''
  ) );
#12825 = PCURVE('',#8016,#12826);
#12826 = DEFINITIONAL_REPRESENTATION('',(#12827),#12831);
#12827 = LINE('',#12828,#12829);
#12828 = CARTESIAN_POINT('',(4.712388980385,-5.));
#12829 = VECTOR('',#12830,1.);
#12830 = DIRECTION('',(0.,-1.));
#12831 = ( GEOMETRIC_REPRESENTATION_CONTEXT(2) 
PARAMETRIC_REPRESENTATION_CONTEXT() REPRESENTATION_CONTEXT('2D SPACE',''
  ) );
#12832 = ORIENTED_EDGE('',*,*,#861,.T.);
#12833 = ORIENTED_EDGE('',*,*,#8618,.T.);
#12834 = ADVANCED_FACE('',(#12835),#819,.F.);
#12835 = FACE_BOUND('',#12836,.F.);
#12836 = EDGE_LOOP('',(#12837,#12838,#12861,#12883));
#12837 = ORIENTED_EDGE('',*,*,#8534,.F.);
#12838 = ORIENTED_EDGE('',*,*,#12839,.F.);
#12839 = EDGE_CURVE('',#12840,#8535,#12842,.T.);
#12840 = VERTEX_POINT('',#12841);
#12841 = CARTESIAN_POINT('',(-6.5,40.5,8.));
#12842 = SURFACE_CURVE('',#12843,(#12847,#12854),.PCURVE_S1.);
#12843 = LINE('',#12844,#12845);
#12844 = CARTESIAN_POINT('',(-6.5,40.5,20.5));
#12845 = VECTOR('',#12846,1.);
#12846 = DIRECTION('',(-0.,-0.,-1.));
#12847 = PCURVE('',#819,#12848);
#12848 = DEFINITIONAL_REPRESENTATION('',(#12849),#12853);
#12849 = LINE('',#12850,#12851);
#12850 = CARTESIAN_POINT('',(4.712388980385,0.));
#12851 = VECTOR('',#12852,1.);
#12852 = DIRECTION('',(0.,1.));
#12853 = ( GEOMETRIC_REPRESENTATION_CONTEXT(2) 
PARAMETRIC_REPRESENTATION_CONTEXT() REPRESENTATION_CONTEXT('2D SPACE',''
  ) );
#12854 = PCURVE('',#8578,#12855);
#12855 = DEFINITIONAL_REPRESENTATION('',(#12856),#12860);
#12856 = LINE('',#12857,#12858);
#12857 = CARTESIAN_POINT('',(-15.,0.));
#12858 = VECTOR('',#12859,1.);
#12859 = DIRECTION('',(0.,-1.));
#12860 = ( GEOMETRIC_REPRESENTATION_CONTEXT(2) 
PARAMETRIC_REPRESENTATION_CONTEXT() REPRESENTATION_CONTEXT('2D SPACE',''
  ) );
#12861 = ORIENTED_EDGE('',*,*,#12862,.F.);
#12862 = EDGE_CURVE('',#804,#12840,#12863,.T.);
#12863 = SURFACE_CURVE('',#12864,(#12869,#12876),.PCURVE_S1.);
#12864 = CIRCLE('',#12865,7.5);
#12865 = AXIS2_PLACEMENT_3D('',#12866,#12867,#12868);
#12866 = CARTESIAN_POINT('',(-6.5,48.,8.));
#12867 = DIRECTION('',(-0.,0.,1.));
#12868 = DIRECTION('',(1.,0.,0.));
#12869 = PCURVE('',#819,#12870);
#12870 = DEFINITIONAL_REPRESENTATION('',(#12871),#12875);
#12871 = LINE('',#12872,#12873);
#12872 = CARTESIAN_POINT('',(9.424777960769,12.5));
#12873 = VECTOR('',#12874,1.);
#12874 = DIRECTION('',(-1.,0.));
#12875 = ( GEOMETRIC_REPRESENTATION_CONTEXT(2) 
PARAMETRIC_REPRESENTATION_CONTEXT() REPRESENTATION_CONTEXT('2D SPACE',''
  ) );
#12876 = PCURVE('',#846,#12877);
#12877 = DEFINITIONAL_REPRESENTATION('',(#12878),#12882);
#12878 = LINE('',#12879,#12880);
#12879 = CARTESIAN_POINT('',(0.,3.14159265359));
#12880 = VECTOR('',#12881,1.);
#12881 = DIRECTION('',(1.,2.827159716856E-16));
#12882 = ( GEOMETRIC_REPRESENTATION_CONTEXT(2) 
PARAMETRIC_REPRESENTATION_CONTEXT() REPRESENTATION_CONTEXT('2D SPACE',''
  ) );
#12883 = ORIENTED_EDGE('',*,*,#803,.T.);
#12884 = ADVANCED_FACE('',(#12885),#8578,.F.);
#12885 = FACE_BOUND('',#12886,.T.);
#12886 = EDGE_LOOP('',(#12887,#12888,#12909,#12930));
#12887 = ORIENTED_EDGE('',*,*,#12839,.F.);
#12888 = ORIENTED_EDGE('',*,*,#12889,.T.);
#12889 = EDGE_CURVE('',#12840,#682,#12890,.T.);
#12890 = SURFACE_CURVE('',#12891,(#12895,#12902),.PCURVE_S1.);
#12891 = LINE('',#12892,#12893);
#12892 = CARTESIAN_POINT('',(8.5,40.5,8.));
#12893 = VECTOR('',#12894,1.);
#12894 = DIRECTION('',(1.,4.625929269271E-16,-0.));
#12895 = PCURVE('',#8578,#12896);
#12896 = DEFINITIONAL_REPRESENTATION('',(#12897),#12901);
#12897 = LINE('',#12898,#12899);
#12898 = CARTESIAN_POINT('',(1.7763568394E-15,-12.5));
#12899 = VECTOR('',#12900,1.);
#12900 = DIRECTION('',(1.,0.));
#12901 = ( GEOMETRIC_REPRESENTATION_CONTEXT(2) 
PARAMETRIC_REPRESENTATION_CONTEXT() REPRESENTATION_CONTEXT('2D SPACE',''
  ) );
#12902 = PCURVE('',#725,#12903);
#12903 = DEFINITIONAL_REPRESENTATION('',(#12904),#12908);
#12904 = LINE('',#12905,#12906);
#12905 = CARTESIAN_POINT('',(3.14159265359,0.));
#12906 = VECTOR('',#12907,1.);
#12907 = DIRECTION('',(0.,-1.));
#12908 = ( GEOMETRIC_REPRESENTATION_CONTEXT(2) 
PARAMETRIC_REPRESENTATION_CONTEXT() REPRESENTATION_CONTEXT('2D SPACE',''
  ) );
#12909 = ORIENTED_EDGE('',*,*,#12910,.T.);
#12910 = EDGE_CURVE('',#682,#8563,#12911,.T.);
#12911 = SURFACE_CURVE('',#12912,(#12916,#12923),.PCURVE_S1.);
#12912 = LINE('',#12913,#12914);
#12913 = CARTESIAN_POINT('',(8.5,40.5,20.5));
#12914 = VECTOR('',#12915,1.);
#12915 = DIRECTION('',(-0.,-0.,-1.));
#12916 = PCURVE('',#8578,#12917);
#12917 = DEFINITIONAL_REPRESENTATION('',(#12918),#12922);
#12918 = LINE('',#12919,#12920);
#12919 = CARTESIAN_POINT('',(1.7763568394E-15,0.));
#12920 = VECTOR('',#12921,1.);
#12921 = DIRECTION('',(0.,-1.));
#12922 = ( GEOMETRIC_REPRESENTATION_CONTEXT(2) 
PARAMETRIC_REPRESENTATION_CONTEXT() REPRESENTATION_CONTEXT('2D SPACE',''
  ) );
#12923 = PCURVE('',#698,#12924);
#12924 = DEFINITIONAL_REPRESENTATION('',(#12925),#12929);
#12925 = LINE('',#12926,#12927);
#12926 = CARTESIAN_POINT('',(4.712388980385,0.));
#12927 = VECTOR('',#12928,1.);
#12928 = DIRECTION('',(0.,1.));
#12929 = ( GEOMETRIC_REPRESENTATION_CONTEXT(2) 
PARAMETRIC_REPRESENTATION_CONTEXT() REPRESENTATION_CONTEXT('2D SPACE',''
  ) );
#12930 = ORIENTED_EDGE('',*,*,#8562,.T.);
#12931 = ADVANCED_FACE('',(#12932),#698,.F.);
#12932 = FACE_BOUND('',#12933,.F.);
#12933 = EDGE_LOOP('',(#12934,#12935,#12958,#12980,#12981));
#12934 = ORIENTED_EDGE('',*,*,#8590,.F.);
#12935 = ORIENTED_EDGE('',*,*,#12936,.F.);
#12936 = EDGE_CURVE('',#12937,#8511,#12939,.T.);
#12937 = VERTEX_POINT('',#12938);
#12938 = CARTESIAN_POINT('',(8.5,55.5,8.));
#12939 = SURFACE_CURVE('',#12940,(#12944,#12951),.PCURVE_S1.);
#12940 = LINE('',#12941,#12942);
#12941 = CARTESIAN_POINT('',(8.5,55.5,20.5));
#12942 = VECTOR('',#12943,1.);
#12943 = DIRECTION('',(-0.,-0.,-1.));
#12944 = PCURVE('',#698,#12945);
#12945 = DEFINITIONAL_REPRESENTATION('',(#12946),#12950);
#12946 = LINE('',#12947,#12948);
#12947 = CARTESIAN_POINT('',(1.570796326795,0.));
#12948 = VECTOR('',#12949,1.);
#12949 = DIRECTION('',(0.,1.));
#12950 = ( GEOMETRIC_REPRESENTATION_CONTEXT(2) 
PARAMETRIC_REPRESENTATION_CONTEXT() REPRESENTATION_CONTEXT('2D SPACE',''
  ) );
#12951 = PCURVE('',#763,#12952);
#12952 = DEFINITIONAL_REPRESENTATION('',(#12953),#12957);
#12953 = LINE('',#12954,#12955);
#12954 = CARTESIAN_POINT('',(-15.,0.));
#12955 = VECTOR('',#12956,1.);
#12956 = DIRECTION('',(0.,-1.));
#12957 = ( GEOMETRIC_REPRESENTATION_CONTEXT(2) 
PARAMETRIC_REPRESENTATION_CONTEXT() REPRESENTATION_CONTEXT('2D SPACE',''
  ) );
#12958 = ORIENTED_EDGE('',*,*,#12959,.F.);
#12959 = EDGE_CURVE('',#653,#12937,#12960,.T.);
#12960 = SURFACE_CURVE('',#12961,(#12966,#12973),.PCURVE_S1.);
#12961 = CIRCLE('',#12962,7.5);
#12962 = AXIS2_PLACEMENT_3D('',#12963,#12964,#12965);
#12963 = CARTESIAN_POINT('',(8.5,48.,8.));
#12964 = DIRECTION('',(-0.,0.,1.));
#12965 = DIRECTION('',(1.,0.,0.));
#12966 = PCURVE('',#698,#12967);
#12967 = DEFINITIONAL_REPRESENTATION('',(#12968),#12972);
#12968 = LINE('',#12969,#12970);
#12969 = CARTESIAN_POINT('',(3.14159265359,12.5));
#12970 = VECTOR('',#12971,1.);
#12971 = DIRECTION('',(-1.,0.));
#12972 = ( GEOMETRIC_REPRESENTATION_CONTEXT(2) 
PARAMETRIC_REPRESENTATION_CONTEXT() REPRESENTATION_CONTEXT('2D SPACE',''
  ) );
#12973 = PCURVE('',#669,#12974);
#12974 = DEFINITIONAL_REPRESENTATION('',(#12975),#12979);
#12975 = LINE('',#12976,#12977);
#12976 = CARTESIAN_POINT('',(0.,3.14159265359));
#12977 = VECTOR('',#12978,1.);
#12978 = DIRECTION('',(1.,-2.827159716856E-16));
#12979 = ( GEOMETRIC_REPRESENTATION_CONTEXT(2) 
PARAMETRIC_REPRESENTATION_CONTEXT() REPRESENTATION_CONTEXT('2D SPACE',''
  ) );
#12980 = ORIENTED_EDGE('',*,*,#681,.F.);
#12981 = ORIENTED_EDGE('',*,*,#12910,.T.);
#12982 = ADVANCED_FACE('',(#12983),#763,.F.);
#12983 = FACE_BOUND('',#12984,.T.);
#12984 = EDGE_LOOP('',(#12985,#12986,#13007,#13008));
#12985 = ORIENTED_EDGE('',*,*,#12936,.F.);
#12986 = ORIENTED_EDGE('',*,*,#12987,.T.);
#12987 = EDGE_CURVE('',#12937,#741,#12988,.T.);
#12988 = SURFACE_CURVE('',#12989,(#12993,#13000),.PCURVE_S1.);
#12989 = LINE('',#12990,#12991);
#12990 = CARTESIAN_POINT('',(-6.5,55.5,8.));
#12991 = VECTOR('',#12992,1.);
#12992 = DIRECTION('',(-1.,-4.625929269271E-16,0.));
#12993 = PCURVE('',#763,#12994);
#12994 = DEFINITIONAL_REPRESENTATION('',(#12995),#12999);
#12995 = LINE('',#12996,#12997);
#12996 = CARTESIAN_POINT('',(-0.,-12.5));
#12997 = VECTOR('',#12998,1.);
#12998 = DIRECTION('',(1.,0.));
#12999 = ( GEOMETRIC_REPRESENTATION_CONTEXT(2) 
PARAMETRIC_REPRESENTATION_CONTEXT() REPRESENTATION_CONTEXT('2D SPACE',''
  ) );
#13000 = PCURVE('',#7800,#13001);
#13001 = DEFINITIONAL_REPRESENTATION('',(#13002),#13006);
#13002 = LINE('',#13003,#13004);
#13003 = CARTESIAN_POINT('',(3.14159265359,-1.7763568394E-15));
#13004 = VECTOR('',#13005,1.);
#13005 = DIRECTION('',(0.,-1.));
#13006 = ( GEOMETRIC_REPRESENTATION_CONTEXT(2) 
PARAMETRIC_REPRESENTATION_CONTEXT() REPRESENTATION_CONTEXT('2D SPACE',''
  ) );
#13007 = ORIENTED_EDGE('',*,*,#740,.T.);
#13008 = ORIENTED_EDGE('',*,*,#8510,.T.);
#13009 = ADVANCED_FACE('',(#13010),#846,.T.);
#13010 = FACE_BOUND('',#13011,.T.);
#13011 = EDGE_LOOP('',(#13012,#13034,#13035,#13057,#13058));
#13012 = ORIENTED_EDGE('',*,*,#13013,.F.);
#13013 = EDGE_CURVE('',#7783,#741,#13014,.T.);
#13014 = SURFACE_CURVE('',#13015,(#13020,#13027),.PCURVE_S1.);
#13015 = CIRCLE('',#13016,2.);
#13016 = AXIS2_PLACEMENT_3D('',#13017,#13018,#13019);
#13017 = CARTESIAN_POINT('',(-6.5,57.5,8.));
#13018 = DIRECTION('',(1.,0.,0.));
#13019 = DIRECTION('',(0.,-0.,-1.));
#13020 = PCURVE('',#846,#13021);
#13021 = DEFINITIONAL_REPRESENTATION('',(#13022),#13026);
#13022 = LINE('',#13023,#13024);
#13023 = CARTESIAN_POINT('',(1.570796326795,-1.570796326795));
#13024 = VECTOR('',#13025,1.);
#13025 = DIRECTION('',(0.,1.));
#13026 = ( GEOMETRIC_REPRESENTATION_CONTEXT(2) 
PARAMETRIC_REPRESENTATION_CONTEXT() REPRESENTATION_CONTEXT('2D SPACE',''
  ) );
#13027 = PCURVE('',#7800,#13028);
#13028 = DEFINITIONAL_REPRESENTATION('',(#13029),#13033);
#13029 = LINE('',#13030,#13031);
#13030 = CARTESIAN_POINT('',(-1.570796326795,2.6645352591E-15));
#13031 = VECTOR('',#13032,1.);
#13032 = DIRECTION('',(1.,-5.654319433713E-16));
#13033 = ( GEOMETRIC_REPRESENTATION_CONTEXT(2) 
PARAMETRIC_REPRESENTATION_CONTEXT() REPRESENTATION_CONTEXT('2D SPACE',''
  ) );
#13034 = ORIENTED_EDGE('',*,*,#7862,.F.);
#13035 = ORIENTED_EDGE('',*,*,#13036,.F.);
#13036 = EDGE_CURVE('',#12840,#7840,#13037,.T.);
#13037 = SURFACE_CURVE('',#13038,(#13043,#13050),.PCURVE_S1.);
#13038 = CIRCLE('',#13039,2.);
#13039 = AXIS2_PLACEMENT_3D('',#13040,#13041,#13042);
#13040 = CARTESIAN_POINT('',(-6.5,38.5,8.));
#13041 = DIRECTION('',(1.,0.,-4.336808689942E-16));
#13042 = DIRECTION('',(-4.336808689942E-16,0.,-1.));
#13043 = PCURVE('',#846,#13044);
#13044 = DEFINITIONAL_REPRESENTATION('',(#13045),#13049);
#13045 = LINE('',#13046,#13047);
#13046 = CARTESIAN_POINT('',(4.712388980385,4.712388980385));
#13047 = VECTOR('',#13048,1.);
#13048 = DIRECTION('',(0.,-1.));
#13049 = ( GEOMETRIC_REPRESENTATION_CONTEXT(2) 
PARAMETRIC_REPRESENTATION_CONTEXT() REPRESENTATION_CONTEXT('2D SPACE',''
  ) );
#13050 = PCURVE('',#725,#13051);
#13051 = DEFINITIONAL_REPRESENTATION('',(#13052),#13056);
#13052 = LINE('',#13053,#13054);
#13053 = CARTESIAN_POINT('',(4.712388980385,15.));
#13054 = VECTOR('',#13055,1.);
#13055 = DIRECTION('',(-1.,0.));
#13056 = ( GEOMETRIC_REPRESENTATION_CONTEXT(2) 
PARAMETRIC_REPRESENTATION_CONTEXT() REPRESENTATION_CONTEXT('2D SPACE',''
  ) );
#13057 = ORIENTED_EDGE('',*,*,#12862,.F.);
#13058 = ORIENTED_EDGE('',*,*,#831,.F.);
#13059 = ADVANCED_FACE('',(#13060),#725,.T.);
#13060 = FACE_BOUND('',#13061,.T.);
#13061 = EDGE_LOOP('',(#13062,#13063,#13064,#13065));
#13062 = ORIENTED_EDGE('',*,*,#13036,.T.);
#13063 = ORIENTED_EDGE('',*,*,#7839,.F.);
#13064 = ORIENTED_EDGE('',*,*,#710,.F.);
#13065 = ORIENTED_EDGE('',*,*,#12889,.F.);
#13066 = ADVANCED_FACE('',(#13067),#7800,.T.);
#13067 = FACE_BOUND('',#13068,.T.);
#13068 = EDGE_LOOP('',(#13069,#13070,#13071,#13093));
#13069 = ORIENTED_EDGE('',*,*,#13013,.T.);
#13070 = ORIENTED_EDGE('',*,*,#12987,.F.);
#13071 = ORIENTED_EDGE('',*,*,#13072,.F.);
#13072 = EDGE_CURVE('',#7785,#12937,#13073,.T.);
#13073 = SURFACE_CURVE('',#13074,(#13079,#13086),.PCURVE_S1.);
#13074 = CIRCLE('',#13075,2.);
#13075 = AXIS2_PLACEMENT_3D('',#13076,#13077,#13078);
#13076 = CARTESIAN_POINT('',(8.5,57.5,8.));
#13077 = DIRECTION('',(1.,0.,0.));
#13078 = DIRECTION('',(0.,-0.,-1.));
#13079 = PCURVE('',#7800,#13080);
#13080 = DEFINITIONAL_REPRESENTATION('',(#13081),#13085);
#13081 = LINE('',#13082,#13083);
#13082 = CARTESIAN_POINT('',(-1.570796326795,15.));
#13083 = VECTOR('',#13084,1.);
#13084 = DIRECTION('',(1.,-1.130863886743E-15));
#13085 = ( GEOMETRIC_REPRESENTATION_CONTEXT(2) 
PARAMETRIC_REPRESENTATION_CONTEXT() REPRESENTATION_CONTEXT('2D SPACE',''
  ) );
#13086 = PCURVE('',#669,#13087);
#13087 = DEFINITIONAL_REPRESENTATION('',(#13088),#13092);
#13088 = LINE('',#13089,#13090);
#13089 = CARTESIAN_POINT('',(1.570796326795,-1.570796326795));
#13090 = VECTOR('',#13091,1.);
#13091 = DIRECTION('',(0.,1.));
#13092 = ( GEOMETRIC_REPRESENTATION_CONTEXT(2) 
PARAMETRIC_REPRESENTATION_CONTEXT() REPRESENTATION_CONTEXT('2D SPACE',''
  ) );
#13093 = ORIENTED_EDGE('',*,*,#7782,.F.);
#13094 = ADVANCED_FACE('',(#13095),#669,.T.);
#13095 = FACE_BOUND('',#13096,.T.);
#13096 = EDGE_LOOP('',(#13097,#13098,#13099,#13100));
#13097 = ORIENTED_EDGE('',*,*,#652,.F.);
#13098 = ORIENTED_EDGE('',*,*,#7812,.F.);
#13099 = ORIENTED_EDGE('',*,*,#13072,.T.);
#13100 = ORIENTED_EDGE('',*,*,#12959,.F.);
#13101 = ADVANCED_FACE('',(#13102),#1088,.T.);
#13102 = FACE_BOUND('',#13103,.T.);
#13103 = EDGE_LOOP('',(#13104,#13126,#13127,#13149,#13150));
#13104 = ORIENTED_EDGE('',*,*,#13105,.F.);
#13105 = EDGE_CURVE('',#7891,#983,#13106,.T.);
#13106 = SURFACE_CURVE('',#13107,(#13112,#13119),.PCURVE_S1.);
#13107 = CIRCLE('',#13108,2.);
#13108 = AXIS2_PLACEMENT_3D('',#13109,#13110,#13111);
#13109 = CARTESIAN_POINT('',(22.5,58.5,8.));
#13110 = DIRECTION('',(1.,0.,0.));
#13111 = DIRECTION('',(0.,-0.,-1.));
#13112 = PCURVE('',#1088,#13113);
#13113 = DEFINITIONAL_REPRESENTATION('',(#13114),#13118);
#13114 = LINE('',#13115,#13116);
#13115 = CARTESIAN_POINT('',(1.570796326795,-1.570796326795));
#13116 = VECTOR('',#13117,1.);
#13117 = DIRECTION('',(0.,1.));
#13118 = ( GEOMETRIC_REPRESENTATION_CONTEXT(2) 
PARAMETRIC_REPRESENTATION_CONTEXT() REPRESENTATION_CONTEXT('2D SPACE',''
  ) );
#13119 = PCURVE('',#7908,#13120);
#13120 = DEFINITIONAL_REPRESENTATION('',(#13121),#13125);
#13121 = LINE('',#13122,#13123);
#13122 = CARTESIAN_POINT('',(0.,-5.));
#13123 = VECTOR('',#13124,1.);
#13124 = DIRECTION('',(1.,0.));
#13125 = ( GEOMETRIC_REPRESENTATION_CONTEXT(2) 
PARAMETRIC_REPRESENTATION_CONTEXT() REPRESENTATION_CONTEXT('2D SPACE',''
  ) );
#13126 = ORIENTED_EDGE('',*,*,#7970,.F.);
#13127 = ORIENTED_EDGE('',*,*,#13128,.F.);
#13128 = EDGE_CURVE('',#12490,#7948,#13129,.T.);
#13129 = SURFACE_CURVE('',#13130,(#13135,#13142),.PCURVE_S1.);
#13130 = CIRCLE('',#13131,2.);
#13131 = AXIS2_PLACEMENT_3D('',#13132,#13133,#13134);
#13132 = CARTESIAN_POINT('',(22.5,52.5,8.));
#13133 = DIRECTION('',(1.,0.,0.));
#13134 = DIRECTION('',(0.,0.,-1.));
#13135 = PCURVE('',#1088,#13136);
#13136 = DEFINITIONAL_REPRESENTATION('',(#13137),#13141);
#13137 = LINE('',#13138,#13139);
#13138 = CARTESIAN_POINT('',(4.712388980385,4.712388980385));
#13139 = VECTOR('',#13140,1.);
#13140 = DIRECTION('',(0.,-1.));
#13141 = ( GEOMETRIC_REPRESENTATION_CONTEXT(2) 
PARAMETRIC_REPRESENTATION_CONTEXT() REPRESENTATION_CONTEXT('2D SPACE',''
  ) );
#13142 = PCURVE('',#602,#13143);
#13143 = DEFINITIONAL_REPRESENTATION('',(#13144),#13148);
#13144 = LINE('',#13145,#13146);
#13145 = CARTESIAN_POINT('',(3.14159265359,0.));
#13146 = VECTOR('',#13147,1.);
#13147 = DIRECTION('',(-1.,0.));
#13148 = ( GEOMETRIC_REPRESENTATION_CONTEXT(2) 
PARAMETRIC_REPRESENTATION_CONTEXT() REPRESENTATION_CONTEXT('2D SPACE',''
  ) );
#13149 = ORIENTED_EDGE('',*,*,#12512,.F.);
#13150 = ORIENTED_EDGE('',*,*,#1073,.F.);
#13151 = ADVANCED_FACE('',(#13152),#602,.T.);
#13152 = FACE_BOUND('',#13153,.T.);
#13153 = EDGE_LOOP('',(#13154,#13155,#13156,#13157));
#13154 = ORIENTED_EDGE('',*,*,#13128,.T.);
#13155 = ORIENTED_EDGE('',*,*,#7947,.F.);
#13156 = ORIENTED_EDGE('',*,*,#587,.F.);
#13157 = ORIENTED_EDGE('',*,*,#12539,.F.);
#13158 = ADVANCED_FACE('',(#13159),#7908,.T.);
#13159 = FACE_BOUND('',#13160,.T.);
#13160 = EDGE_LOOP('',(#13161,#13162,#13163,#13185));
#13161 = ORIENTED_EDGE('',*,*,#13105,.T.);
#13162 = ORIENTED_EDGE('',*,*,#12637,.F.);
#13163 = ORIENTED_EDGE('',*,*,#13164,.F.);
#13164 = EDGE_CURVE('',#7893,#12587,#13165,.T.);
#13165 = SURFACE_CURVE('',#13166,(#13171,#13178),.PCURVE_S1.);
#13166 = CIRCLE('',#13167,2.);
#13167 = AXIS2_PLACEMENT_3D('',#13168,#13169,#13170);
#13168 = CARTESIAN_POINT('',(27.5,58.5,8.));
#13169 = DIRECTION('',(1.,0.,0.));
#13170 = DIRECTION('',(0.,-0.,-1.));
#13171 = PCURVE('',#7908,#13172);
#13172 = DEFINITIONAL_REPRESENTATION('',(#13173),#13177);
#13173 = LINE('',#13174,#13175);
#13174 = CARTESIAN_POINT('',(0.,0.));
#13175 = VECTOR('',#13176,1.);
#13176 = DIRECTION('',(1.,0.));
#13177 = ( GEOMETRIC_REPRESENTATION_CONTEXT(2) 
PARAMETRIC_REPRESENTATION_CONTEXT() REPRESENTATION_CONTEXT('2D SPACE',''
  ) );
#13178 = PCURVE('',#546,#13179);
#13179 = DEFINITIONAL_REPRESENTATION('',(#13180),#13184);
#13180 = LINE('',#13181,#13182);
#13181 = CARTESIAN_POINT('',(1.570796326795,-1.570796326795));
#13182 = VECTOR('',#13183,1.);
#13183 = DIRECTION('',(0.,1.));
#13184 = ( GEOMETRIC_REPRESENTATION_CONTEXT(2) 
PARAMETRIC_REPRESENTATION_CONTEXT() REPRESENTATION_CONTEXT('2D SPACE',''
  ) );
#13185 = ORIENTED_EDGE('',*,*,#7890,.F.);
#13186 = ADVANCED_FACE('',(#13187),#546,.T.);
#13187 = FACE_BOUND('',#13188,.T.);
#13188 = EDGE_LOOP('',(#13189,#13190,#13191,#13192));
#13189 = ORIENTED_EDGE('',*,*,#529,.F.);
#13190 = ORIENTED_EDGE('',*,*,#7920,.F.);
#13191 = ORIENTED_EDGE('',*,*,#13164,.T.);
#13192 = ORIENTED_EDGE('',*,*,#12609,.F.);
#13193 = ADVANCED_FACE('',(#13194),#967,.T.);
#13194 = FACE_BOUND('',#13195,.T.);
#13195 = EDGE_LOOP('',(#13196,#13218,#13219,#13241,#13242));
#13196 = ORIENTED_EDGE('',*,*,#13197,.F.);
#13197 = EDGE_CURVE('',#7999,#862,#13198,.T.);
#13198 = SURFACE_CURVE('',#13199,(#13204,#13211),.PCURVE_S1.);
#13199 = CIRCLE('',#13200,2.);
#13200 = AXIS2_PLACEMENT_3D('',#13201,#13202,#13203);
#13201 = CARTESIAN_POINT('',(22.5,43.5,8.));
#13202 = DIRECTION('',(1.,0.,0.));
#13203 = DIRECTION('',(0.,-0.,-1.));
#13204 = PCURVE('',#967,#13205);
#13205 = DEFINITIONAL_REPRESENTATION('',(#13206),#13210);
#13206 = LINE('',#13207,#13208);
#13207 = CARTESIAN_POINT('',(1.570796326795,-1.570796326795));
#13208 = VECTOR('',#13209,1.);
#13209 = DIRECTION('',(0.,1.));
#13210 = ( GEOMETRIC_REPRESENTATION_CONTEXT(2) 
PARAMETRIC_REPRESENTATION_CONTEXT() REPRESENTATION_CONTEXT('2D SPACE',''
  ) );
#13211 = PCURVE('',#8016,#13212);
#13212 = DEFINITIONAL_REPRESENTATION('',(#13213),#13217);
#13213 = LINE('',#13214,#13215);
#13214 = CARTESIAN_POINT('',(0.,-5.));
#13215 = VECTOR('',#13216,1.);
#13216 = DIRECTION('',(1.,0.));
#13217 = ( GEOMETRIC_REPRESENTATION_CONTEXT(2) 
PARAMETRIC_REPRESENTATION_CONTEXT() REPRESENTATION_CONTEXT('2D SPACE',''
  ) );
#13218 = ORIENTED_EDGE('',*,*,#8078,.F.);
#13219 = ORIENTED_EDGE('',*,*,#13220,.F.);
#13220 = EDGE_CURVE('',#12665,#8056,#13221,.T.);
#13221 = SURFACE_CURVE('',#13222,(#13227,#13234),.PCURVE_S1.);
#13222 = CIRCLE('',#13223,2.);
#13223 = AXIS2_PLACEMENT_3D('',#13224,#13225,#13226);
#13224 = CARTESIAN_POINT('',(22.5,37.5,8.));
#13225 = DIRECTION('',(1.,0.,0.));
#13226 = DIRECTION('',(0.,0.,-1.));
#13227 = PCURVE('',#967,#13228);
#13228 = DEFINITIONAL_REPRESENTATION('',(#13229),#13233);
#13229 = LINE('',#13230,#13231);
#13230 = CARTESIAN_POINT('',(4.712388980385,4.712388980385));
#13231 = VECTOR('',#13232,1.);
#13232 = DIRECTION('',(0.,-1.));
#13233 = ( GEOMETRIC_REPRESENTATION_CONTEXT(2) 
PARAMETRIC_REPRESENTATION_CONTEXT() REPRESENTATION_CONTEXT('2D SPACE',''
  ) );
#13234 = PCURVE('',#479,#13235);
#13235 = DEFINITIONAL_REPRESENTATION('',(#13236),#13240);
#13236 = LINE('',#13237,#13238);
#13237 = CARTESIAN_POINT('',(3.14159265359,0.));
#13238 = VECTOR('',#13239,1.);
#13239 = DIRECTION('',(-1.,0.));
#13240 = ( GEOMETRIC_REPRESENTATION_CONTEXT(2) 
PARAMETRIC_REPRESENTATION_CONTEXT() REPRESENTATION_CONTEXT('2D SPACE',''
  ) );
#13241 = ORIENTED_EDGE('',*,*,#12687,.F.);
#13242 = ORIENTED_EDGE('',*,*,#952,.F.);
#13243 = ADVANCED_FACE('',(#13244),#479,.T.);
#13244 = FACE_BOUND('',#13245,.T.);
#13245 = EDGE_LOOP('',(#13246,#13247,#13248,#13249));
#13246 = ORIENTED_EDGE('',*,*,#13220,.T.);
#13247 = ORIENTED_EDGE('',*,*,#8055,.F.);
#13248 = ORIENTED_EDGE('',*,*,#464,.F.);
#13249 = ORIENTED_EDGE('',*,*,#12714,.F.);
#13250 = ADVANCED_FACE('',(#13251),#8016,.T.);
#13251 = FACE_BOUND('',#13252,.T.);
#13252 = EDGE_LOOP('',(#13253,#13254,#13255,#13277));
#13253 = ORIENTED_EDGE('',*,*,#13197,.T.);
#13254 = ORIENTED_EDGE('',*,*,#12812,.F.);
#13255 = ORIENTED_EDGE('',*,*,#13256,.F.);
#13256 = EDGE_CURVE('',#8001,#12762,#13257,.T.);
#13257 = SURFACE_CURVE('',#13258,(#13263,#13270),.PCURVE_S1.);
#13258 = CIRCLE('',#13259,2.);
#13259 = AXIS2_PLACEMENT_3D('',#13260,#13261,#13262);
#13260 = CARTESIAN_POINT('',(27.5,43.5,8.));
#13261 = DIRECTION('',(1.,0.,0.));
#13262 = DIRECTION('',(0.,-0.,-1.));
#13263 = PCURVE('',#8016,#13264);
#13264 = DEFINITIONAL_REPRESENTATION('',(#13265),#13269);
#13265 = LINE('',#13266,#13267);
#13266 = CARTESIAN_POINT('',(0.,0.));
#13267 = VECTOR('',#13268,1.);
#13268 = DIRECTION('',(1.,0.));
#13269 = ( GEOMETRIC_REPRESENTATION_CONTEXT(2) 
PARAMETRIC_REPRESENTATION_CONTEXT() REPRESENTATION_CONTEXT('2D SPACE',''
  ) );
#13270 = PCURVE('',#423,#13271);
#13271 = DEFINITIONAL_REPRESENTATION('',(#13272),#13276);
#13272 = LINE('',#13273,#13274);
#13273 = CARTESIAN_POINT('',(1.570796326795,-1.570796326795));
#13274 = VECTOR('',#13275,1.);
#13275 = DIRECTION('',(0.,1.));
#13276 = ( GEOMETRIC_REPRESENTATION_CONTEXT(2) 
PARAMETRIC_REPRESENTATION_CONTEXT() REPRESENTATION_CONTEXT('2D SPACE',''
  ) );
#13277 = ORIENTED_EDGE('',*,*,#7998,.F.);
#13278 = ADVANCED_FACE('',(#13279),#423,.T.);
#13279 = FACE_BOUND('',#13280,.T.);
#13280 = EDGE_LOOP('',(#13281,#13282,#13283,#13284));
#13281 = ORIENTED_EDGE('',*,*,#406,.F.);
#13282 = ORIENTED_EDGE('',*,*,#8028,.F.);
#13283 = ORIENTED_EDGE('',*,*,#13256,.T.);
#13284 = ORIENTED_EDGE('',*,*,#12784,.F.);
#13285 = ADVANCED_FACE('',(#13286),#9514,.T.);
#13286 = FACE_BOUND('',#13287,.T.);
#13287 = EDGE_LOOP('',(#13288,#13289,#13290,#13339));
#13288 = ORIENTED_EDGE('',*,*,#9493,.F.);
#13289 = ORIENTED_EDGE('',*,*,#10401,.F.);
#13290 = ORIENTED_EDGE('',*,*,#13291,.F.);
#13291 = EDGE_CURVE('',#10497,#10379,#13292,.T.);
#13292 = SURFACE_CURVE('',#13293,(#13298,#13305),.PCURVE_S1.);
#13293 = CIRCLE('',#13294,2.);
#13294 = AXIS2_PLACEMENT_3D('',#13295,#13296,#13297);
#13295 = CARTESIAN_POINT('',(-64.92,73.,8.));
#13296 = DIRECTION('',(0.,-0.,1.));
#13297 = DIRECTION('',(1.,0.,0.));
#13298 = PCURVE('',#9514,#13299);
#13299 = DEFINITIONAL_REPRESENTATION('',(#13300),#13304);
#13300 = LINE('',#13301,#13302);
#13301 = CARTESIAN_POINT('',(3.14159265359,2.));
#13302 = VECTOR('',#13303,1.);
#13303 = DIRECTION('',(-1.,0.));
#13304 = ( GEOMETRIC_REPRESENTATION_CONTEXT(2) 
PARAMETRIC_REPRESENTATION_CONTEXT() REPRESENTATION_CONTEXT('2D SPACE',''
  ) );
#13305 = PCURVE('',#13306,#13311);
#13306 = SPHERICAL_SURFACE('',#13307,2.);
#13307 = AXIS2_PLACEMENT_3D('',#13308,#13309,#13310);
#13308 = CARTESIAN_POINT('',(-64.92,73.,8.));
#13309 = DIRECTION('',(0.,1.,-0.));
#13310 = DIRECTION('',(0.,0.,1.));
#13311 = DEFINITIONAL_REPRESENTATION('',(#13312),#13338);
#13312 = B_SPLINE_CURVE_WITH_KNOTS('',3,(#13313,#13314,#13315,#13316,
    #13317,#13318,#13319,#13320,#13321,#13322,#13323,#13324,#13325,
    #13326,#13327,#13328,#13329,#13330,#13331,#13332,#13333,#13334,
    #13335,#13336,#13337),.UNSPECIFIED.,.F.,.F.,(4,1,1,1,1,1,1,1,1,1,1,1
    ,1,1,1,1,1,1,1,1,1,1,4),(1.570796326795,1.642196159831,
    1.713595992867,1.784995825903,1.856395658939,1.927795491976,
    1.999195325012,2.070595158048,2.141994991084,2.21339482412,
    2.284794657156,2.356194490192,2.427594323228,2.498994156265,
    2.570393989301,2.641793822337,2.713193655373,2.784593488409,
    2.855993321445,2.927393154481,2.998792987518,3.070192820554,
    3.14159265359),.QUASI_UNIFORM_KNOTS.);
#13313 = CARTESIAN_POINT('',(4.712388980385,1.570796326795));
#13314 = CARTESIAN_POINT('',(4.712388980385,1.54699638245));
#13315 = CARTESIAN_POINT('',(4.712388980385,1.499396493759));
#13316 = CARTESIAN_POINT('',(4.712388980385,1.427996660723));
#13317 = CARTESIAN_POINT('',(4.712388980385,1.356596827687));
#13318 = CARTESIAN_POINT('',(4.712388980385,1.28519699465));
#13319 = CARTESIAN_POINT('',(4.712388980385,1.213797161614));
#13320 = CARTESIAN_POINT('',(4.712388980385,1.142397328578));
#13321 = CARTESIAN_POINT('',(4.712388980385,1.070997495542));
#13322 = CARTESIAN_POINT('',(4.712388980385,0.999597662506));
#13323 = CARTESIAN_POINT('',(4.712388980385,0.92819782947));
#13324 = CARTESIAN_POINT('',(4.712388980385,0.856797996434));
#13325 = CARTESIAN_POINT('',(4.712388980385,0.785398163397));
#13326 = CARTESIAN_POINT('',(4.712388980385,0.713998330361));
#13327 = CARTESIAN_POINT('',(4.712388980385,0.642598497325));
#13328 = CARTESIAN_POINT('',(4.712388980385,0.571198664289));
#13329 = CARTESIAN_POINT('',(4.712388980385,0.499798831253));
#13330 = CARTESIAN_POINT('',(4.712388980385,0.428398998217));
#13331 = CARTESIAN_POINT('',(4.712388980385,0.356999165181));
#13332 = CARTESIAN_POINT('',(4.712388980385,0.285599332145));
#13333 = CARTESIAN_POINT('',(4.712388980385,0.214199499108));
#13334 = CARTESIAN_POINT('',(4.712388980385,0.142799666072));
#13335 = CARTESIAN_POINT('',(4.712388980385,7.139983303614E-02));
#13336 = CARTESIAN_POINT('',(4.712388980385,2.379994434538E-02));
#13337 = CARTESIAN_POINT('',(4.712388980385,0.));
#13338 = ( GEOMETRIC_REPRESENTATION_CONTEXT(2) 
PARAMETRIC_REPRESENTATION_CONTEXT() REPRESENTATION_CONTEXT('2D SPACE',''
  ) );
#13339 = ORIENTED_EDGE('',*,*,#10543,.F.);
#13340 = ADVANCED_FACE('',(#13341),#9453,.T.);
#13341 = FACE_BOUND('',#13342,.T.);
#13342 = EDGE_LOOP('',(#13343,#13344,#13345,#13372));
#13343 = ORIENTED_EDGE('',*,*,#9432,.F.);
#13344 = ORIENTED_EDGE('',*,*,#12413,.F.);
#13345 = ORIENTED_EDGE('',*,*,#13346,.F.);
#13346 = EDGE_CURVE('',#10356,#12391,#13347,.T.);
#13347 = SURFACE_CURVE('',#13348,(#13353,#13360),.PCURVE_S1.);
#13348 = CIRCLE('',#13349,2.);
#13349 = AXIS2_PLACEMENT_3D('',#13350,#13351,#13352);
#13350 = CARTESIAN_POINT('',(-64.92,36.296105084044,8.));
#13351 = DIRECTION('',(0.,0.,1.));
#13352 = DIRECTION('',(1.,0.,-0.));
#13353 = PCURVE('',#9453,#13354);
#13354 = DEFINITIONAL_REPRESENTATION('',(#13355),#13359);
#13355 = LINE('',#13356,#13357);
#13356 = CARTESIAN_POINT('',(9.424777960769,12.5));
#13357 = VECTOR('',#13358,1.);
#13358 = DIRECTION('',(-1.,0.));
#13359 = ( GEOMETRIC_REPRESENTATION_CONTEXT(2) 
PARAMETRIC_REPRESENTATION_CONTEXT() REPRESENTATION_CONTEXT('2D SPACE',''
  ) );
#13360 = PCURVE('',#13361,#13366);
#13361 = SPHERICAL_SURFACE('',#13362,2.);
#13362 = AXIS2_PLACEMENT_3D('',#13363,#13364,#13365);
#13363 = CARTESIAN_POINT('',(-64.92,36.296105084044,8.));
#13364 = DIRECTION('',(2.407412430484E-29,1.,3.469446951954E-15));
#13365 = DIRECTION('',(1.,0.,-6.938893903907E-15));
#13366 = DEFINITIONAL_REPRESENTATION('',(#13367),#13371);
#13367 = LINE('',#13368,#13369);
#13368 = CARTESIAN_POINT('',(3.14159265359,3.14159265359));
#13369 = VECTOR('',#13370,1.);
#13370 = DIRECTION('',(4.532236303941E-15,-1.));
#13371 = ( GEOMETRIC_REPRESENTATION_CONTEXT(2) 
PARAMETRIC_REPRESENTATION_CONTEXT() REPRESENTATION_CONTEXT('2D SPACE',''
  ) );
#13372 = ORIENTED_EDGE('',*,*,#10355,.F.);
#13373 = ADVANCED_FACE('',(#13374),#7526,.T.);
#13374 = FACE_BOUND('',#13375,.T.);
#13375 = EDGE_LOOP('',(#13376,#13420,#13421,#13443));
#13376 = ORIENTED_EDGE('',*,*,#13377,.F.);
#13377 = EDGE_CURVE('',#10379,#7488,#13378,.T.);
#13378 = SURFACE_CURVE('',#13379,(#13384,#13391),.PCURVE_S1.);
#13379 = CIRCLE('',#13380,2.);
#13380 = AXIS2_PLACEMENT_3D('',#13381,#13382,#13383);
#13381 = CARTESIAN_POINT('',(-64.92,73.,8.));
#13382 = DIRECTION('',(0.,1.,-0.));
#13383 = DIRECTION('',(0.,0.,1.));
#13384 = PCURVE('',#7526,#13385);
#13385 = DEFINITIONAL_REPRESENTATION('',(#13386),#13390);
#13386 = LINE('',#13387,#13388);
#13387 = CARTESIAN_POINT('',(-4.712388980385,73.));
#13388 = VECTOR('',#13389,1.);
#13389 = DIRECTION('',(1.,0.));
#13390 = ( GEOMETRIC_REPRESENTATION_CONTEXT(2) 
PARAMETRIC_REPRESENTATION_CONTEXT() REPRESENTATION_CONTEXT('2D SPACE',''
  ) );
#13391 = PCURVE('',#13306,#13392);
#13392 = DEFINITIONAL_REPRESENTATION('',(#13393),#13419);
#13393 = B_SPLINE_CURVE_WITH_KNOTS('',3,(#13394,#13395,#13396,#13397,
    #13398,#13399,#13400,#13401,#13402,#13403,#13404,#13405,#13406,
    #13407,#13408,#13409,#13410,#13411,#13412,#13413,#13414,#13415,
    #13416,#13417,#13418),.UNSPECIFIED.,.F.,.F.,(4,1,1,1,1,1,1,1,1,1,1,1
    ,1,1,1,1,1,1,1,1,1,1,4),(4.712388980385,4.783788813421,
    4.855188646457,4.926588479493,4.997988312529,5.069388145565,
    5.140787978601,5.212187811638,5.283587644674,5.35498747771,
    5.426387310746,5.497787143782,5.569186976818,5.640586809854,
    5.711986642891,5.783386475927,5.854786308963,5.926186141999,
    5.997585975035,6.068985808071,6.140385641107,6.211785474143,
    6.28318530718),.QUASI_UNIFORM_KNOTS.);
#13394 = CARTESIAN_POINT('',(4.712388980385,0.));
#13395 = CARTESIAN_POINT('',(4.73618892473,0.));
#13396 = CARTESIAN_POINT('',(4.783788813421,-6.253171281508E-28));
#13397 = CARTESIAN_POINT('',(4.855188646457,2.188609948528E-27));
#13398 = CARTESIAN_POINT('',(4.926588479493,-8.12912266596E-27));
#13399 = CARTESIAN_POINT('',(4.997988312529,3.032788071531E-26));
#13400 = CARTESIAN_POINT('',(5.069388145565,-1.131824001953E-25));
#13401 = CARTESIAN_POINT('',(5.140787978601,4.224017200658E-25));
#13402 = CARTESIAN_POINT('',(5.212187811638,-1.576424480068E-24));
#13403 = CARTESIAN_POINT('',(5.283587644674,5.883296200206E-24));
#13404 = CARTESIAN_POINT('',(5.35498747771,-2.195676032076E-23));
#13405 = CARTESIAN_POINT('',(5.426387310746,8.194374508283E-23));
#13406 = CARTESIAN_POINT('',(5.497787143782,-3.058182200105E-22));
#13407 = CARTESIAN_POINT('',(5.569186976818,1.141329134959E-21));
#13408 = CARTESIAN_POINT('',(5.640586809854,-4.259498319827E-21));
#13409 = CARTESIAN_POINT('',(5.711986642891,1.589666414435E-20));
#13410 = CARTESIAN_POINT('',(5.783386475927,-5.932715825756E-20));
#13411 = CARTESIAN_POINT('',(5.854786308963,2.214119688859E-19));
#13412 = CARTESIAN_POINT('',(5.926186141999,-8.263207172861E-19));
#13413 = CARTESIAN_POINT('',(5.997585975035,3.083870900258E-18));
#13414 = CARTESIAN_POINT('',(6.068985808071,-1.150916288375E-17));
#13415 = CARTESIAN_POINT('',(6.140385641107,4.295278063473E-17));
#13416 = CARTESIAN_POINT('',(6.211785474143,-1.603019596552E-16));
#13417 = CARTESIAN_POINT('',(6.259385362834,3.454027187723E-16));
#13418 = CARTESIAN_POINT('',(6.28318530718,8.881784197001E-16));
#13419 = ( GEOMETRIC_REPRESENTATION_CONTEXT(2) 
PARAMETRIC_REPRESENTATION_CONTEXT() REPRESENTATION_CONTEXT('2D SPACE',''
  ) );
#13420 = ORIENTED_EDGE('',*,*,#10378,.F.);
#13421 = ORIENTED_EDGE('',*,*,#13422,.F.);
#13422 = EDGE_CURVE('',#7511,#10356,#13423,.T.);
#13423 = SURFACE_CURVE('',#13424,(#13429,#13436),.PCURVE_S1.);
#13424 = CIRCLE('',#13425,2.);
#13425 = AXIS2_PLACEMENT_3D('',#13426,#13427,#13428);
#13426 = CARTESIAN_POINT('',(-64.92,36.296105084044,8.));
#13427 = DIRECTION('',(-3.469446951954E-15,-1.,0.));
#13428 = DIRECTION('',(1.,-3.469446951954E-15,0.));
#13429 = PCURVE('',#7526,#13430);
#13430 = DEFINITIONAL_REPRESENTATION('',(#13431),#13435);
#13431 = LINE('',#13432,#13433);
#13432 = CARTESIAN_POINT('',(3.14159265359,36.296105084044));
#13433 = VECTOR('',#13434,1.);
#13434 = DIRECTION('',(-1.,4.52345554697E-15));
#13435 = ( GEOMETRIC_REPRESENTATION_CONTEXT(2) 
PARAMETRIC_REPRESENTATION_CONTEXT() REPRESENTATION_CONTEXT('2D SPACE',''
  ) );
#13436 = PCURVE('',#13361,#13437);
#13437 = DEFINITIONAL_REPRESENTATION('',(#13438),#13442);
#13438 = LINE('',#13439,#13440);
#13439 = CARTESIAN_POINT('',(6.28318530718,0.));
#13440 = VECTOR('',#13441,1.);
#13441 = DIRECTION('',(-1.,0.));
#13442 = ( GEOMETRIC_REPRESENTATION_CONTEXT(2) 
PARAMETRIC_REPRESENTATION_CONTEXT() REPRESENTATION_CONTEXT('2D SPACE',''
  ) );
#13443 = ORIENTED_EDGE('',*,*,#7510,.F.);
#13444 = ADVANCED_FACE('',(#13445),#13306,.T.);
#13445 = FACE_BOUND('',#13446,.T.);
#13446 = EDGE_LOOP('',(#13447,#13448,#13449));
#13447 = ORIENTED_EDGE('',*,*,#13291,.T.);
#13448 = ORIENTED_EDGE('',*,*,#13377,.T.);
#13449 = ORIENTED_EDGE('',*,*,#13450,.F.);
#13450 = EDGE_CURVE('',#10497,#7488,#13451,.T.);
#13451 = SURFACE_CURVE('',#13452,(#13457,#13464),.PCURVE_S1.);
#13452 = CIRCLE('',#13453,2.);
#13453 = AXIS2_PLACEMENT_3D('',#13454,#13455,#13456);
#13454 = CARTESIAN_POINT('',(-64.92,73.,8.));
#13455 = DIRECTION('',(1.,6.938893903907E-15,0.));
#13456 = DIRECTION('',(6.938893903907E-15,-1.,0.));
#13457 = PCURVE('',#13306,#13458);
#13458 = DEFINITIONAL_REPRESENTATION('',(#13459),#13463);
#13459 = LINE('',#13460,#13461);
#13460 = CARTESIAN_POINT('',(6.28318530718,4.712388980385));
#13461 = VECTOR('',#13462,1.);
#13462 = DIRECTION('',(0.,-1.));
#13463 = ( GEOMETRIC_REPRESENTATION_CONTEXT(2) 
PARAMETRIC_REPRESENTATION_CONTEXT() REPRESENTATION_CONTEXT('2D SPACE',''
  ) );
#13464 = PCURVE('',#7428,#13465);
#13465 = DEFINITIONAL_REPRESENTATION('',(#13466),#13470);
#13466 = LINE('',#13467,#13468);
#13467 = CARTESIAN_POINT('',(-1.570796326795,-64.92));
#13468 = VECTOR('',#13469,1.);
#13469 = DIRECTION('',(1.,9.046911093941E-15));
#13470 = ( GEOMETRIC_REPRESENTATION_CONTEXT(2) 
PARAMETRIC_REPRESENTATION_CONTEXT() REPRESENTATION_CONTEXT('2D SPACE',''
  ) );
#13471 = ADVANCED_FACE('',(#13472),#13361,.T.);
#13472 = FACE_BOUND('',#13473,.T.);
#13473 = EDGE_LOOP('',(#13474,#13475,#13476));
#13474 = ORIENTED_EDGE('',*,*,#13422,.T.);
#13475 = ORIENTED_EDGE('',*,*,#13346,.T.);
#13476 = ORIENTED_EDGE('',*,*,#13477,.F.);
#13477 = EDGE_CURVE('',#7511,#12391,#13478,.T.);
#13478 = SURFACE_CURVE('',#13479,(#13484,#13513),.PCURVE_S1.);
#13479 = CIRCLE('',#13480,2.);
#13480 = AXIS2_PLACEMENT_3D('',#13481,#13482,#13483);
#13481 = CARTESIAN_POINT('',(-64.92,36.296105084044,8.));
#13482 = DIRECTION('',(0.633363515217,-0.773854416277,
    -9.764535926315E-15));
#13483 = DIRECTION('',(-0.773854416277,-0.633363515217,
    8.673617379884E-16));
#13484 = PCURVE('',#13361,#13485);
#13485 = DEFINITIONAL_REPRESENTATION('',(#13486),#13512);
#13486 = B_SPLINE_CURVE_WITH_KNOTS('',3,(#13487,#13488,#13489,#13490,
    #13491,#13492,#13493,#13494,#13495,#13496,#13497,#13498,#13499,
    #13500,#13501,#13502,#13503,#13504,#13505,#13506,#13507,#13508,
    #13509,#13510,#13511),.UNSPECIFIED.,.F.,.F.,(4,1,1,1,1,1,1,1,1,1,1,1
    ,1,1,1,1,1,1,1,1,1,1,4),(4.712388980385,4.783788813421,
    4.855188646457,4.926588479493,4.997988312529,5.069388145565,
    5.140787978601,5.212187811638,5.283587644674,5.35498747771,
    5.426387310746,5.497787143782,5.569186976818,5.640586809854,
    5.711986642891,5.783386475927,5.854786308963,5.926186141999,
    5.997585975035,6.068985808071,6.140385641107,6.211785474143,
    6.28318530718),.QUASI_UNIFORM_KNOTS.);
#13487 = CARTESIAN_POINT('',(4.712388980385,0.));
#13488 = CARTESIAN_POINT('',(4.69397119934,-1.507383257401E-02));
#13489 = CARTESIAN_POINT('',(4.65713595169,-4.522214633985E-02));
#13490 = CARTESIAN_POINT('',(4.601656760153,-9.030588400761E-02));
#13491 = CARTESIAN_POINT('',(4.545724586146,-0.135111500373));
#13492 = CARTESIAN_POINT('',(4.489110663841,-0.179495090319));
#13493 = CARTESIAN_POINT('',(4.431584137662,-0.223307452538));
#13494 = CARTESIAN_POINT('',(4.372911871087,-0.266391971467));
#13495 = CARTESIAN_POINT('',(4.312859080721,-0.308582894319));
#13496 = CARTESIAN_POINT('',(4.251190816552,-0.349703591665));
#13497 = CARTESIAN_POINT('',(4.187674634915,-0.389564999632));
#13498 = CARTESIAN_POINT('',(4.122084773238,-0.427964324103));
#13499 = CARTESIAN_POINT('',(4.054208172056,-0.464684175433));
#13500 = CARTESIAN_POINT('',(3.983852654871,-0.49949234413));
#13501 = CARTESIAN_POINT('',(3.910857469315,-0.532142484089));
#13502 = CARTESIAN_POINT('',(3.835106167365,-0.562376013713));
#13503 = CARTESIAN_POINT('',(3.756541417261,-0.589925553837));
#13504 = CARTESIAN_POINT('',(3.675180806445,-0.614520203469));
#13505 = CARTESIAN_POINT('',(3.59113195492,-0.635892752991));
#13506 = CARTESIAN_POINT('',(3.504604793798,-0.653789011003));
#13507 = CARTESIAN_POINT('',(3.415917554951,-0.667977973689));
#13508 = CARTESIAN_POINT('',(3.325496164123,-0.678265357723));
#13509 = CARTESIAN_POINT('',(3.233855895353,-0.684497039964));
#13510 = CARTESIAN_POINT('',(3.172351397611,-0.685897000684));
#13511 = CARTESIAN_POINT('',(3.14159265359,-0.685891966014));
#13512 = ( GEOMETRIC_REPRESENTATION_CONTEXT(2) 
PARAMETRIC_REPRESENTATION_CONTEXT() REPRESENTATION_CONTEXT('2D SPACE',''
  ) );
#13513 = PCURVE('',#7552,#13514);
#13514 = DEFINITIONAL_REPRESENTATION('',(#13515),#13519);
#13515 = LINE('',#13516,#13517);
#13516 = CARTESIAN_POINT('',(-3.14159265359,-69.20586062084));
#13517 = VECTOR('',#13518,1.);
#13518 = DIRECTION('',(1.,-9.046911093941E-15));
#13519 = ( GEOMETRIC_REPRESENTATION_CONTEXT(2) 
PARAMETRIC_REPRESENTATION_CONTEXT() REPRESENTATION_CONTEXT('2D SPACE',''
  ) );
#13520 = ADVANCED_FACE('',(#13521),#7428,.T.);
#13521 = FACE_BOUND('',#13522,.T.);
#13522 = EDGE_LOOP('',(#13523,#13524,#13525,#13574,#13575,#13576));
#13523 = ORIENTED_EDGE('',*,*,#11783,.F.);
#13524 = ORIENTED_EDGE('',*,*,#7412,.F.);
#13525 = ORIENTED_EDGE('',*,*,#13526,.F.);
#13526 = EDGE_CURVE('',#10499,#7385,#13527,.T.);
#13527 = SURFACE_CURVE('',#13528,(#13533,#13540),.PCURVE_S1.);
#13528 = CIRCLE('',#13529,2.);
#13529 = AXIS2_PLACEMENT_3D('',#13530,#13531,#13532);
#13530 = CARTESIAN_POINT('',(48.,73.,8.));
#13531 = DIRECTION('',(1.,0.,0.));
#13532 = DIRECTION('',(0.,0.,-1.));
#13533 = PCURVE('',#7428,#13534);
#13534 = DEFINITIONAL_REPRESENTATION('',(#13535),#13539);
#13535 = LINE('',#13536,#13537);
#13536 = CARTESIAN_POINT('',(0.,48.));
#13537 = VECTOR('',#13538,1.);
#13538 = DIRECTION('',(1.,0.));
#13539 = ( GEOMETRIC_REPRESENTATION_CONTEXT(2) 
PARAMETRIC_REPRESENTATION_CONTEXT() REPRESENTATION_CONTEXT('2D SPACE',''
  ) );
#13540 = PCURVE('',#13541,#13546);
#13541 = SPHERICAL_SURFACE('',#13542,2.);
#13542 = AXIS2_PLACEMENT_3D('',#13543,#13544,#13545);
#13543 = CARTESIAN_POINT('',(48.,73.,8.));
#13544 = DIRECTION('',(1.,0.,0.));
#13545 = DIRECTION('',(0.,0.,1.));
#13546 = DEFINITIONAL_REPRESENTATION('',(#13547),#13573);
#13547 = B_SPLINE_CURVE_WITH_KNOTS('',3,(#13548,#13549,#13550,#13551,
    #13552,#13553,#13554,#13555,#13556,#13557,#13558,#13559,#13560,
    #13561,#13562,#13563,#13564,#13565,#13566,#13567,#13568,#13569,
    #13570,#13571,#13572),.UNSPECIFIED.,.F.,.F.,(4,1,1,1,1,1,1,1,1,1,1,1
    ,1,1,1,1,1,1,1,1,1,1,4),(1.570796326795,1.642196159831,
    1.713595992867,1.784995825903,1.856395658939,1.927795491976,
    1.999195325012,2.070595158048,2.141994991084,2.21339482412,
    2.284794657156,2.356194490192,2.427594323228,2.498994156265,
    2.570393989301,2.641793822337,2.713193655373,2.784593488409,
    2.855993321445,2.927393154481,2.998792987518,3.070192820554,
    3.14159265359),.QUASI_UNIFORM_KNOTS.);
#13548 = CARTESIAN_POINT('',(4.712388980385,0.));
#13549 = CARTESIAN_POINT('',(4.73618892473,0.));
#13550 = CARTESIAN_POINT('',(4.783788813421,-6.253171281508E-28));
#13551 = CARTESIAN_POINT('',(4.855188646457,2.188609948528E-27));
#13552 = CARTESIAN_POINT('',(4.926588479493,-8.12912266596E-27));
#13553 = CARTESIAN_POINT('',(4.997988312529,3.032788071531E-26));
#13554 = CARTESIAN_POINT('',(5.069388145565,-1.131824001953E-25));
#13555 = CARTESIAN_POINT('',(5.140787978601,4.224017200658E-25));
#13556 = CARTESIAN_POINT('',(5.212187811638,-1.576424480068E-24));
#13557 = CARTESIAN_POINT('',(5.283587644674,5.883296200207E-24));
#13558 = CARTESIAN_POINT('',(5.35498747771,-2.195676032076E-23));
#13559 = CARTESIAN_POINT('',(5.426387310746,8.194374508283E-23));
#13560 = CARTESIAN_POINT('',(5.497787143782,-3.058182200105E-22));
#13561 = CARTESIAN_POINT('',(5.569186976818,1.141329134959E-21));
#13562 = CARTESIAN_POINT('',(5.640586809854,-4.259498319827E-21));
#13563 = CARTESIAN_POINT('',(5.711986642891,1.589666414435E-20));
#13564 = CARTESIAN_POINT('',(5.783386475927,-5.932715825757E-20));
#13565 = CARTESIAN_POINT('',(5.854786308963,2.214119688859E-19));
#13566 = CARTESIAN_POINT('',(5.926186141999,-8.263207172861E-19));
#13567 = CARTESIAN_POINT('',(5.997585975035,3.083870900258E-18));
#13568 = CARTESIAN_POINT('',(6.068985808071,-1.150916288375E-17));
#13569 = CARTESIAN_POINT('',(6.140385641107,4.295278063473E-17));
#13570 = CARTESIAN_POINT('',(6.211785474143,-1.603019596552E-16));
#13571 = CARTESIAN_POINT('',(6.259385362834,3.454027187723E-16));
#13572 = CARTESIAN_POINT('',(6.28318530718,8.881784197001E-16));
#13573 = ( GEOMETRIC_REPRESENTATION_CONTEXT(2) 
PARAMETRIC_REPRESENTATION_CONTEXT() REPRESENTATION_CONTEXT('2D SPACE',''
  ) );
#13574 = ORIENTED_EDGE('',*,*,#10496,.F.);
#13575 = ORIENTED_EDGE('',*,*,#13450,.T.);
#13576 = ORIENTED_EDGE('',*,*,#7487,.F.);
#13577 = ADVANCED_FACE('',(#13578),#9573,.T.);
#13578 = FACE_BOUND('',#13579,.T.);
#13579 = EDGE_LOOP('',(#13580,#13581,#13582,#13626));
#13580 = ORIENTED_EDGE('',*,*,#9554,.F.);
#13581 = ORIENTED_EDGE('',*,*,#10521,.F.);
#13582 = ORIENTED_EDGE('',*,*,#13583,.F.);
#13583 = EDGE_CURVE('',#10426,#10499,#13584,.T.);
#13584 = SURFACE_CURVE('',#13585,(#13590,#13597),.PCURVE_S1.);
#13585 = CIRCLE('',#13586,2.);
#13586 = AXIS2_PLACEMENT_3D('',#13587,#13588,#13589);
#13587 = CARTESIAN_POINT('',(48.,73.,8.));
#13588 = DIRECTION('',(0.,0.,1.));
#13589 = DIRECTION('',(1.,0.,-0.));
#13590 = PCURVE('',#9573,#13591);
#13591 = DEFINITIONAL_REPRESENTATION('',(#13592),#13596);
#13592 = LINE('',#13593,#13594);
#13593 = CARTESIAN_POINT('',(3.14159265359,2.));
#13594 = VECTOR('',#13595,1.);
#13595 = DIRECTION('',(-1.,0.));
#13596 = ( GEOMETRIC_REPRESENTATION_CONTEXT(2) 
PARAMETRIC_REPRESENTATION_CONTEXT() REPRESENTATION_CONTEXT('2D SPACE',''
  ) );
#13597 = PCURVE('',#13541,#13598);
#13598 = DEFINITIONAL_REPRESENTATION('',(#13599),#13625);
#13599 = B_SPLINE_CURVE_WITH_KNOTS('',3,(#13600,#13601,#13602,#13603,
    #13604,#13605,#13606,#13607,#13608,#13609,#13610,#13611,#13612,
    #13613,#13614,#13615,#13616,#13617,#13618,#13619,#13620,#13621,
    #13622,#13623,#13624),.UNSPECIFIED.,.F.,.F.,(4,1,1,1,1,1,1,1,1,1,1,1
    ,1,1,1,1,1,1,1,1,1,1,4),(0.,7.139983303613E-02,0.142799666072,
    0.214199499108,0.285599332145,0.356999165181,0.428398998217,
    0.499798831253,0.571198664289,0.642598497325,0.713998330361,
    0.785398163397,0.856797996434,0.92819782947,0.999597662506,
    1.070997495542,1.142397328578,1.213797161614,1.28519699465,
    1.356596827687,1.427996660723,1.499396493759,1.570796326795),
  .QUASI_UNIFORM_KNOTS.);
#13600 = CARTESIAN_POINT('',(4.712388980385,1.570796326795));
#13601 = CARTESIAN_POINT('',(4.712388980385,1.54699638245));
#13602 = CARTESIAN_POINT('',(4.712388980385,1.499396493759));
#13603 = CARTESIAN_POINT('',(4.712388980385,1.427996660723));
#13604 = CARTESIAN_POINT('',(4.712388980385,1.356596827687));
#13605 = CARTESIAN_POINT('',(4.712388980385,1.28519699465));
#13606 = CARTESIAN_POINT('',(4.712388980385,1.213797161614));
#13607 = CARTESIAN_POINT('',(4.712388980385,1.142397328578));
#13608 = CARTESIAN_POINT('',(4.712388980385,1.070997495542));
#13609 = CARTESIAN_POINT('',(4.712388980385,0.999597662506));
#13610 = CARTESIAN_POINT('',(4.712388980385,0.92819782947));
#13611 = CARTESIAN_POINT('',(4.712388980385,0.856797996434));
#13612 = CARTESIAN_POINT('',(4.712388980385,0.785398163397));
#13613 = CARTESIAN_POINT('',(4.712388980385,0.713998330361));
#13614 = CARTESIAN_POINT('',(4.712388980385,0.642598497325));
#13615 = CARTESIAN_POINT('',(4.712388980385,0.571198664289));
#13616 = CARTESIAN_POINT('',(4.712388980385,0.499798831253));
#13617 = CARTESIAN_POINT('',(4.712388980385,0.428398998217));
#13618 = CARTESIAN_POINT('',(4.712388980385,0.356999165181));
#13619 = CARTESIAN_POINT('',(4.712388980385,0.285599332145));
#13620 = CARTESIAN_POINT('',(4.712388980385,0.214199499108));
#13621 = CARTESIAN_POINT('',(4.712388980385,0.142799666072));
#13622 = CARTESIAN_POINT('',(4.712388980385,7.139983303613E-02));
#13623 = CARTESIAN_POINT('',(4.712388980385,2.379994434538E-02));
#13624 = CARTESIAN_POINT('',(4.712388980385,0.));
#13625 = ( GEOMETRIC_REPRESENTATION_CONTEXT(2) 
PARAMETRIC_REPRESENTATION_CONTEXT() REPRESENTATION_CONTEXT('2D SPACE',''
  ) );
#13626 = ORIENTED_EDGE('',*,*,#10472,.F.);
#13627 = ADVANCED_FACE('',(#13628),#7552,.T.);
#13628 = FACE_BOUND('',#13629,.T.);
#13629 = EDGE_LOOP('',(#13630,#13631,#13632,#13676));
#13630 = ORIENTED_EDGE('',*,*,#13477,.T.);
#13631 = ORIENTED_EDGE('',*,*,#12388,.F.);
#13632 = ORIENTED_EDGE('',*,*,#13633,.F.);
#13633 = EDGE_CURVE('',#4213,#12389,#13634,.T.);
#13634 = SURFACE_CURVE('',#13635,(#13640,#13647),.PCURVE_S1.);
#13635 = CIRCLE('',#13636,2.);
#13636 = AXIS2_PLACEMENT_3D('',#13637,#13638,#13639);
#13637 = CARTESIAN_POINT('',(-24.05556915722,-13.6327580673,8.));
#13638 = DIRECTION('',(0.633363515217,-0.773854416277,0.));
#13639 = DIRECTION('',(0.773854416277,0.633363515217,0.));
#13640 = PCURVE('',#7552,#13641);
#13641 = DEFINITIONAL_REPRESENTATION('',(#13642),#13646);
#13642 = LINE('',#13643,#13644);
#13643 = CARTESIAN_POINT('',(1.7763568394E-15,-4.686149805544));
#13644 = VECTOR('',#13645,1.);
#13645 = DIRECTION('',(1.,-4.52345554697E-15));
#13646 = ( GEOMETRIC_REPRESENTATION_CONTEXT(2) 
PARAMETRIC_REPRESENTATION_CONTEXT() REPRESENTATION_CONTEXT('2D SPACE',''
  ) );
#13647 = PCURVE('',#4253,#13648);
#13648 = DEFINITIONAL_REPRESENTATION('',(#13649),#13675);
#13649 = B_SPLINE_CURVE_WITH_KNOTS('',3,(#13650,#13651,#13652,#13653,
    #13654,#13655,#13656,#13657,#13658,#13659,#13660,#13661,#13662,
    #13663,#13664,#13665,#13666,#13667,#13668,#13669,#13670,#13671,
    #13672,#13673,#13674),.UNSPECIFIED.,.F.,.F.,(4,1,1,1,1,1,1,1,1,1,1,1
    ,1,1,1,1,1,1,1,1,1,1,4),(1.570796326795,1.642196159831,
    1.713595992867,1.784995825903,1.856395658939,1.927795491976,
    1.999195325012,2.070595158048,2.141994991084,2.21339482412,
    2.284794657156,2.356194490192,2.427594323228,2.498994156265,
    2.570393989301,2.641793822337,2.713193655373,2.784593488409,
    2.855993321445,2.927393154481,2.998792987518,3.070192820554,
    3.14159265359),.QUASI_UNIFORM_KNOTS.);
#13650 = CARTESIAN_POINT('',(1.19970637719E-02,0.));
#13651 = CARTESIAN_POINT('',(1.19970637719E-02,1.682780133705E-02));
#13652 = CARTESIAN_POINT('',(1.19970637719E-02,4.999070298881E-02));
#13653 = CARTESIAN_POINT('',(1.19970637719E-02,9.842552590405E-02));
#13654 = CARTESIAN_POINT('',(1.19970637719E-02,0.145724913075));
#13655 = CARTESIAN_POINT('',(1.19970637719E-02,0.192043637223));
#13656 = CARTESIAN_POINT('',(1.19970637719E-02,0.237526724423));
#13657 = CARTESIAN_POINT('',(1.19970637719E-02,0.282309422539));
#13658 = CARTESIAN_POINT('',(1.19970637719E-02,0.326519436214));
#13659 = CARTESIAN_POINT('',(1.19970637719E-02,0.370278310591));
#13660 = CARTESIAN_POINT('',(1.19970637719E-02,0.413702852292));
#13661 = CARTESIAN_POINT('',(1.19970637719E-02,0.456906394885));
#13662 = CARTESIAN_POINT('',(1.19970637719E-02,0.5));
#13663 = CARTESIAN_POINT('',(1.19970637719E-02,0.543093605115));
#13664 = CARTESIAN_POINT('',(1.19970637719E-02,0.586297147708));
#13665 = CARTESIAN_POINT('',(1.19970637719E-02,0.629721689409));
#13666 = CARTESIAN_POINT('',(1.19970637719E-02,0.673480563786));
#13667 = CARTESIAN_POINT('',(1.19970637719E-02,0.717690577461));
#13668 = CARTESIAN_POINT('',(1.19970637719E-02,0.762473275577));
#13669 = CARTESIAN_POINT('',(1.19970637719E-02,0.807956362777));
#13670 = CARTESIAN_POINT('',(1.19970637719E-02,0.854275086925));
#13671 = CARTESIAN_POINT('',(1.19970637719E-02,0.901574474096));
#13672 = CARTESIAN_POINT('',(1.19970637719E-02,0.950009297011));
#13673 = CARTESIAN_POINT('',(1.19970637719E-02,0.983172198663));
#13674 = CARTESIAN_POINT('',(1.19970637719E-02,1.));
#13675 = ( GEOMETRIC_REPRESENTATION_CONTEXT(2) 
PARAMETRIC_REPRESENTATION_CONTEXT() REPRESENTATION_CONTEXT('2D SPACE',''
  ) );
#13676 = ORIENTED_EDGE('',*,*,#7538,.F.);
#13677 = ADVANCED_FACE('',(#13678),#13541,.T.);
#13678 = FACE_BOUND('',#13679,.T.);
#13679 = EDGE_LOOP('',(#13680,#13681,#13682));
#13680 = ORIENTED_EDGE('',*,*,#13583,.T.);
#13681 = ORIENTED_EDGE('',*,*,#13526,.T.);
#13682 = ORIENTED_EDGE('',*,*,#13683,.F.);
#13683 = EDGE_CURVE('',#10426,#7385,#13684,.T.);
#13684 = SURFACE_CURVE('',#13685,(#13690,#13697),.PCURVE_S1.);
#13685 = CIRCLE('',#13686,2.);
#13686 = AXIS2_PLACEMENT_3D('',#13687,#13688,#13689);
#13687 = CARTESIAN_POINT('',(48.,73.,8.));
#13688 = DIRECTION('',(0.,-1.,0.));
#13689 = DIRECTION('',(0.,0.,1.));
#13690 = PCURVE('',#13541,#13691);
#13691 = DEFINITIONAL_REPRESENTATION('',(#13692),#13696);
#13692 = LINE('',#13693,#13694);
#13693 = CARTESIAN_POINT('',(6.28318530718,6.28318530718));
#13694 = VECTOR('',#13695,1.);
#13695 = DIRECTION('',(0.,-1.));
#13696 = ( GEOMETRIC_REPRESENTATION_CONTEXT(2) 
PARAMETRIC_REPRESENTATION_CONTEXT() REPRESENTATION_CONTEXT('2D SPACE',''
  ) );
#13697 = PCURVE('',#7400,#13698);
#13698 = DEFINITIONAL_REPRESENTATION('',(#13699),#13703);
#13699 = LINE('',#13700,#13701);
#13700 = CARTESIAN_POINT('',(-4.712388980385,-73.));
#13701 = VECTOR('',#13702,1.);
#13702 = DIRECTION('',(1.,0.));
#13703 = ( GEOMETRIC_REPRESENTATION_CONTEXT(2) 
PARAMETRIC_REPRESENTATION_CONTEXT() REPRESENTATION_CONTEXT('2D SPACE',''
  ) );
#13704 = ADVANCED_FACE('',(#13705),#4253,.T.);
#13705 = FACE_BOUND('',#13706,.T.);
#13706 = EDGE_LOOP('',(#13707,#13708,#13709,#13753));
#13707 = ORIENTED_EDGE('',*,*,#13633,.T.);
#13708 = ORIENTED_EDGE('',*,*,#12436,.F.);
#13709 = ORIENTED_EDGE('',*,*,#13710,.F.);
#13710 = EDGE_CURVE('',#4237,#12340,#13711,.T.);
#13711 = SURFACE_CURVE('',#13712,(#13717,#13746),.PCURVE_S1.);
#13712 = CIRCLE('',#13713,2.);
#13713 = AXIS2_PLACEMENT_3D('',#13714,#13715,#13716);
#13714 = CARTESIAN_POINT('',(-21.08753284355,-17.25915578966,
    8.040408205774));
#13715 = DIRECTION('',(0.633363515217,-0.773854416277,
    -3.682629046174E-16));
#13716 = DIRECTION('',(0.773854416277,0.633363515217,-1.972152263053E-31
    ));
#13717 = PCURVE('',#4253,#13718);
#13718 = DEFINITIONAL_REPRESENTATION('',(#13719),#13745);
#13719 = B_SPLINE_CURVE_WITH_KNOTS('',3,(#13720,#13721,#13722,#13723,
    #13724,#13725,#13726,#13727,#13728,#13729,#13730,#13731,#13732,
    #13733,#13734,#13735,#13736,#13737,#13738,#13739,#13740,#13741,
    #13742,#13743,#13744),.UNSPECIFIED.,.F.,.F.,(4,1,1,1,1,1,1,1,1,1,1,1
    ,1,1,1,1,1,1,1,1,1,1,4),(1.772154247585,1.834401447858,
    1.896648648131,1.958895848404,2.021143048677,2.08339024895,
    2.145637449223,2.207884649496,2.270131849769,2.332379050042,
    2.394626250315,2.456873450588,2.51912065086,2.581367851133,
    2.643615051406,2.705862251679,2.768109451952,2.830356652225,
    2.892603852498,2.954851052771,3.017098253044,3.079345453317,
    3.14159265359),.QUASI_UNIFORM_KNOTS.);
#13720 = CARTESIAN_POINT('',(7.313094886856E-03,0.));
#13721 = CARTESIAN_POINT('',(7.313094886856E-03,1.640287832147E-02));
#13722 = CARTESIAN_POINT('',(7.313094886856E-03,4.884742142322E-02));
#13723 = CARTESIAN_POINT('',(7.313094886856E-03,9.654817791563E-02));
#13724 = CARTESIAN_POINT('',(7.313094886856E-03,0.143403456685));
#13725 = CARTESIAN_POINT('',(7.313094886856E-03,0.18952334526));
#13726 = CARTESIAN_POINT('',(7.313094886856E-03,0.235012511818));
#13727 = CARTESIAN_POINT('',(7.313094886856E-03,0.279970149703));
#13728 = CARTESIAN_POINT('',(7.313094886856E-03,0.324491169753));
#13729 = CARTESIAN_POINT('',(7.313094886856E-03,0.368666955909));
#13730 = CARTESIAN_POINT('',(7.313094886856E-03,0.412586156405));
#13731 = CARTESIAN_POINT('',(7.313094886856E-03,0.456335402456));
#13732 = CARTESIAN_POINT('',(7.313094886856E-03,0.5));
#13733 = CARTESIAN_POINT('',(7.313094886856E-03,0.543664597544));
#13734 = CARTESIAN_POINT('',(7.313094886856E-03,0.587413843595));
#13735 = CARTESIAN_POINT('',(7.313094886856E-03,0.631333044091));
#13736 = CARTESIAN_POINT('',(7.313094886856E-03,0.675508830247));
#13737 = CARTESIAN_POINT('',(7.313094886856E-03,0.720029850297));
#13738 = CARTESIAN_POINT('',(7.313094886856E-03,0.764987488182));
#13739 = CARTESIAN_POINT('',(7.313094886856E-03,0.81047665474));
#13740 = CARTESIAN_POINT('',(7.313094886856E-03,0.856596543315));
#13741 = CARTESIAN_POINT('',(7.313094886856E-03,0.903451822084));
#13742 = CARTESIAN_POINT('',(7.313094886856E-03,0.951152578577));
#13743 = CARTESIAN_POINT('',(7.313094886856E-03,0.983597121679));
#13744 = CARTESIAN_POINT('',(7.313094886856E-03,1.));
#13745 = ( GEOMETRIC_REPRESENTATION_CONTEXT(2) 
PARAMETRIC_REPRESENTATION_CONTEXT() REPRESENTATION_CONTEXT('2D SPACE',''
  ) );
#13746 = PCURVE('',#4318,#13747);
#13747 = DEFINITIONAL_REPRESENTATION('',(#13748),#13752);
#13748 = LINE('',#13749,#13750);
#13749 = CARTESIAN_POINT('',(3.827484619604,3.14159265359));
#13750 = VECTOR('',#13751,1.);
#13751 = DIRECTION('',(0.,-1.));
#13752 = ( GEOMETRIC_REPRESENTATION_CONTEXT(2) 
PARAMETRIC_REPRESENTATION_CONTEXT() REPRESENTATION_CONTEXT('2D SPACE',''
  ) );
#13753 = ORIENTED_EDGE('',*,*,#4236,.F.);
#13754 = ADVANCED_FACE('',(#13755),#7400,.T.);
#13755 = FACE_BOUND('',#13756,.T.);
#13756 = EDGE_LOOP('',(#13757,#13758,#13759,#13808));
#13757 = ORIENTED_EDGE('',*,*,#13683,.T.);
#13758 = ORIENTED_EDGE('',*,*,#7384,.F.);
#13759 = ORIENTED_EDGE('',*,*,#13760,.F.);
#13760 = EDGE_CURVE('',#10428,#7357,#13761,.T.);
#13761 = SURFACE_CURVE('',#13762,(#13767,#13774),.PCURVE_S1.);
#13762 = CIRCLE('',#13763,2.);
#13763 = AXIS2_PLACEMENT_3D('',#13764,#13765,#13766);
#13764 = CARTESIAN_POINT('',(48.,15.712605482992,8.));
#13765 = DIRECTION('',(0.,-1.,-1.734723475977E-15));
#13766 = DIRECTION('',(0.,1.734723475977E-15,-1.));
#13767 = PCURVE('',#7400,#13768);
#13768 = DEFINITIONAL_REPRESENTATION('',(#13769),#13773);
#13769 = LINE('',#13770,#13771);
#13770 = CARTESIAN_POINT('',(-1.570796326795,-15.71260548299));
#13771 = VECTOR('',#13772,1.);
#13772 = DIRECTION('',(1.,2.261727773485E-15));
#13773 = ( GEOMETRIC_REPRESENTATION_CONTEXT(2) 
PARAMETRIC_REPRESENTATION_CONTEXT() REPRESENTATION_CONTEXT('2D SPACE',''
  ) );
#13774 = PCURVE('',#13775,#13780);
#13775 = SPHERICAL_SURFACE('',#13776,2.);
#13776 = AXIS2_PLACEMENT_3D('',#13777,#13778,#13779);
#13777 = CARTESIAN_POINT('',(48.,15.712605482992,8.));
#13778 = DIRECTION('',(0.,1.,0.));
#13779 = DIRECTION('',(1.,0.,0.));
#13780 = DEFINITIONAL_REPRESENTATION('',(#13781),#13807);
#13781 = B_SPLINE_CURVE_WITH_KNOTS('',3,(#13782,#13783,#13784,#13785,
    #13786,#13787,#13788,#13789,#13790,#13791,#13792,#13793,#13794,
    #13795,#13796,#13797,#13798,#13799,#13800,#13801,#13802,#13803,
    #13804,#13805,#13806),.UNSPECIFIED.,.F.,.F.,(4,1,1,1,1,1,1,1,1,1,1,1
    ,1,1,1,1,1,1,1,1,1,1,4),(1.570796326795,1.642196159831,
    1.713595992867,1.784995825903,1.856395658939,1.927795491976,
    1.999195325012,2.070595158048,2.141994991084,2.21339482412,
    2.284794657156,2.356194490192,2.427594323228,2.498994156265,
    2.570393989301,2.641793822337,2.713193655373,2.784593488409,
    2.855993321445,2.927393154481,2.998792987518,3.070192820554,
    3.14159265359),.QUASI_UNIFORM_KNOTS.);
#13782 = CARTESIAN_POINT('',(6.28318530718,2.6645352591E-15));
#13783 = CARTESIAN_POINT('',(6.259385362834,2.121759558173E-15));
#13784 = CARTESIAN_POINT('',(6.211785474143,1.641071330974E-15));
#13785 = CARTESIAN_POINT('',(6.140385641107,1.731752040734E-15));
#13786 = CARTESIAN_POINT('',(6.068985808071,2.090061542492E-15));
#13787 = CARTESIAN_POINT('',(5.997585975035,5.661428257009E-16));
#13788 = CARTESIAN_POINT('',(5.926186141999,9.744376729056E-16));
#13789 = CARTESIAN_POINT('',(5.854786308963,8.651770008774E-16));
#13790 = CARTESIAN_POINT('',(5.783386475927,8.939248417854E-16));
#13791 = CARTESIAN_POINT('',(5.711986642891,8.881941501818E-16));
#13792 = CARTESIAN_POINT('',(5.640586809854,8.823690756883E-16));
#13793 = CARTESIAN_POINT('',(5.569186976818,9.114000652659E-16));
#13794 = CARTESIAN_POINT('',(5.497787143782,8.011011814488E-16));
#13795 = CARTESIAN_POINT('',(5.426387310746,1.21326572714E-15));
#13796 = CARTESIAN_POINT('',(5.35498747771,-3.250935718067E-16));
#13797 = CARTESIAN_POINT('',(5.283587644674,8.710856008725E-17));
#13798 = CARTESIAN_POINT('',(5.212187811638,-2.334066854227E-17));
#13799 = CARTESIAN_POINT('',(5.140787978601,6.254114081834E-18));
#13800 = CARTESIAN_POINT('',(5.069388145565,-1.675787785066E-18));
#13801 = CARTESIAN_POINT('',(4.997988312529,4.490370584293E-19));
#13802 = CARTESIAN_POINT('',(4.926588479493,-1.203604486511E-19));
#13803 = CARTESIAN_POINT('',(4.855188646457,3.240473617531E-20));
#13804 = CARTESIAN_POINT('',(4.783788813421,-9.258496050088E-21));
#13805 = CARTESIAN_POINT('',(4.73618892473,0.));
#13806 = CARTESIAN_POINT('',(4.712388980385,0.));
#13807 = ( GEOMETRIC_REPRESENTATION_CONTEXT(2) 
PARAMETRIC_REPRESENTATION_CONTEXT() REPRESENTATION_CONTEXT('2D SPACE',''
  ) );
#13808 = ORIENTED_EDGE('',*,*,#10425,.F.);
#13809 = ADVANCED_FACE('',(#13810),#9335,.T.);
#13810 = FACE_BOUND('',#13811,.T.);
#13811 = EDGE_LOOP('',(#13812,#13813,#13814,#13836));
#13812 = ORIENTED_EDGE('',*,*,#9314,.F.);
#13813 = ORIENTED_EDGE('',*,*,#10450,.F.);
#13814 = ORIENTED_EDGE('',*,*,#13815,.F.);
#13815 = EDGE_CURVE('',#12217,#10428,#13816,.T.);
#13816 = SURFACE_CURVE('',#13817,(#13822,#13829),.PCURVE_S1.);
#13817 = CIRCLE('',#13818,2.);
#13818 = AXIS2_PLACEMENT_3D('',#13819,#13820,#13821);
#13819 = CARTESIAN_POINT('',(48.,15.712605482992,8.));
#13820 = DIRECTION('',(-0.,0.,1.));
#13821 = DIRECTION('',(1.,0.,0.));
#13822 = PCURVE('',#9335,#13823);
#13823 = DEFINITIONAL_REPRESENTATION('',(#13824),#13828);
#13824 = LINE('',#13825,#13826);
#13825 = CARTESIAN_POINT('',(9.424777960769,2.));
#13826 = VECTOR('',#13827,1.);
#13827 = DIRECTION('',(-1.,0.));
#13828 = ( GEOMETRIC_REPRESENTATION_CONTEXT(2) 
PARAMETRIC_REPRESENTATION_CONTEXT() REPRESENTATION_CONTEXT('2D SPACE',''
  ) );
#13829 = PCURVE('',#13775,#13830);
#13830 = DEFINITIONAL_REPRESENTATION('',(#13831),#13835);
#13831 = LINE('',#13832,#13833);
#13832 = CARTESIAN_POINT('',(6.28318530718,-6.28318530718));
#13833 = VECTOR('',#13834,1.);
#13834 = DIRECTION('',(0.,1.));
#13835 = ( GEOMETRIC_REPRESENTATION_CONTEXT(2) 
PARAMETRIC_REPRESENTATION_CONTEXT() REPRESENTATION_CONTEXT('2D SPACE',''
  ) );
#13836 = ORIENTED_EDGE('',*,*,#12314,.F.);
#13837 = ADVANCED_FACE('',(#13838),#4318,.T.);
#13838 = FACE_BOUND('',#13839,.T.);
#13839 = EDGE_LOOP('',(#13840,#13841,#13842,#13886));
#13840 = ORIENTED_EDGE('',*,*,#13710,.T.);
#13841 = ORIENTED_EDGE('',*,*,#12339,.F.);
#13842 = ORIENTED_EDGE('',*,*,#13843,.F.);
#13843 = EDGE_CURVE('',#4302,#12242,#13844,.T.);
#13844 = SURFACE_CURVE('',#13845,(#13850,#13857),.PCURVE_S1.);
#13845 = CIRCLE('',#13846,2.);
#13846 = AXIS2_PLACEMENT_3D('',#13847,#13848,#13849);
#13847 = CARTESIAN_POINT('',(21.110548839535,-17.23099613178,
    8.040408205773));
#13848 = DIRECTION('',(0.632330133277,0.774699039983,-2.431404511053E-16
    ));
#13849 = DIRECTION('',(-0.774699039983,0.632330133277,0.));
#13850 = PCURVE('',#4318,#13851);
#13851 = DEFINITIONAL_REPRESENTATION('',(#13852),#13856);
#13852 = LINE('',#13853,#13854);
#13853 = CARTESIAN_POINT('',(5.598627982579,3.14159265359));
#13854 = VECTOR('',#13855,1.);
#13855 = DIRECTION('',(0.,-1.));
#13856 = ( GEOMETRIC_REPRESENTATION_CONTEXT(2) 
PARAMETRIC_REPRESENTATION_CONTEXT() REPRESENTATION_CONTEXT('2D SPACE',''
  ) );
#13857 = PCURVE('',#4347,#13858);
#13858 = DEFINITIONAL_REPRESENTATION('',(#13859),#13885);
#13859 = B_SPLINE_CURVE_WITH_KNOTS('',3,(#13860,#13861,#13862,#13863,
    #13864,#13865,#13866,#13867,#13868,#13869,#13870,#13871,#13872,
    #13873,#13874,#13875,#13876,#13877,#13878,#13879,#13880,#13881,
    #13882,#13883,#13884),.UNSPECIFIED.,.F.,.F.,(4,1,1,1,1,1,1,1,1,1,1,1
    ,1,1,1,1,1,1,1,1,1,1,4),(1.772154247585,1.834401447858,
    1.896648648131,1.958895848404,2.021143048677,2.08339024895,
    2.145637449223,2.207884649496,2.270131849769,2.332379050042,
    2.394626250315,2.456873450588,2.51912065086,2.581367851133,
    2.643615051406,2.705862251679,2.768109451952,2.830356652225,
    2.892603852498,2.954851052771,3.017098253044,3.079345453317,
    3.14159265359),.QUASI_UNIFORM_KNOTS.);
#13860 = CARTESIAN_POINT('',(7.313094886856E-03,1.));
#13861 = CARTESIAN_POINT('',(7.313094886856E-03,0.983597121679));
#13862 = CARTESIAN_POINT('',(7.313094886856E-03,0.951152578577));
#13863 = CARTESIAN_POINT('',(7.313094886856E-03,0.903451822084));
#13864 = CARTESIAN_POINT('',(7.313094886856E-03,0.856596543315));
#13865 = CARTESIAN_POINT('',(7.313094886856E-03,0.81047665474));
#13866 = CARTESIAN_POINT('',(7.313094886856E-03,0.764987488182));
#13867 = CARTESIAN_POINT('',(7.313094886856E-03,0.720029850297));
#13868 = CARTESIAN_POINT('',(7.313094886856E-03,0.675508830247));
#13869 = CARTESIAN_POINT('',(7.313094886856E-03,0.631333044091));
#13870 = CARTESIAN_POINT('',(7.313094886856E-03,0.587413843595));
#13871 = CARTESIAN_POINT('',(7.313094886856E-03,0.543664597544));
#13872 = CARTESIAN_POINT('',(7.313094886856E-03,0.5));
#13873 = CARTESIAN_POINT('',(7.313094886856E-03,0.456335402456));
#13874 = CARTESIAN_POINT('',(7.313094886856E-03,0.412586156405));
#13875 = CARTESIAN_POINT('',(7.313094886856E-03,0.368666955909));
#13876 = CARTESIAN_POINT('',(7.313094886856E-03,0.324491169753));
#13877 = CARTESIAN_POINT('',(7.313094886856E-03,0.279970149703));
#13878 = CARTESIAN_POINT('',(7.313094886856E-03,0.235012511818));
#13879 = CARTESIAN_POINT('',(7.313094886856E-03,0.18952334526));
#13880 = CARTESIAN_POINT('',(7.313094886856E-03,0.143403456685));
#13881 = CARTESIAN_POINT('',(7.313094886856E-03,9.654817791563E-02));
#13882 = CARTESIAN_POINT('',(7.313094886856E-03,4.884742142322E-02));
#13883 = CARTESIAN_POINT('',(7.313094886856E-03,1.640287832147E-02));
#13884 = CARTESIAN_POINT('',(7.313094886856E-03,0.));
#13885 = ( GEOMETRIC_REPRESENTATION_CONTEXT(2) 
PARAMETRIC_REPRESENTATION_CONTEXT() REPRESENTATION_CONTEXT('2D SPACE',''
  ) );
#13886 = ORIENTED_EDGE('',*,*,#4301,.F.);
#13887 = ADVANCED_FACE('',(#13888),#13775,.T.);
#13888 = FACE_BOUND('',#13889,.T.);
#13889 = EDGE_LOOP('',(#13890,#13891,#13892));
#13890 = ORIENTED_EDGE('',*,*,#13815,.T.);
#13891 = ORIENTED_EDGE('',*,*,#13760,.T.);
#13892 = ORIENTED_EDGE('',*,*,#13893,.F.);
#13893 = EDGE_CURVE('',#12217,#7357,#13894,.T.);
#13894 = SURFACE_CURVE('',#13895,(#13900,#13929),.PCURVE_S1.);
#13895 = CIRCLE('',#13896,2.);
#13896 = AXIS2_PLACEMENT_3D('',#13897,#13898,#13899);
#13897 = CARTESIAN_POINT('',(48.,15.712605482992,8.));
#13898 = DIRECTION('',(-0.632330133277,-0.774699039983,0.));
#13899 = DIRECTION('',(-0.774699039983,0.632330133277,0.));
#13900 = PCURVE('',#13775,#13901);
#13901 = DEFINITIONAL_REPRESENTATION('',(#13902),#13928);
#13902 = B_SPLINE_CURVE_WITH_KNOTS('',3,(#13903,#13904,#13905,#13906,
    #13907,#13908,#13909,#13910,#13911,#13912,#13913,#13914,#13915,
    #13916,#13917,#13918,#13919,#13920,#13921,#13922,#13923,#13924,
    #13925,#13926,#13927),.UNSPECIFIED.,.F.,.F.,(4,1,1,1,1,1,1,1,1,1,1,1
    ,1,1,1,1,1,1,1,1,1,1,4),(3.14159265359,3.212992486626,3.284392319662
    ,3.355792152698,3.427191985734,3.49859181877,3.569991651807,
    3.641391484843,3.712791317879,3.784191150915,3.855590983951,
    3.926990816987,3.998390650023,4.06979048306,4.141190316096,
    4.212590149132,4.283989982168,4.355389815204,4.42678964824,
    4.498189481276,4.569589314312,4.640989147349,4.712388980385),
  .QUASI_UNIFORM_KNOTS.);
#13903 = CARTESIAN_POINT('',(6.28318530718,-0.6845573246));
#13904 = CARTESIAN_POINT('',(6.252460130656,-0.68456232861));
#13905 = CARTESIAN_POINT('',(6.191022639017,-0.68316620717));
#13906 = CARTESIAN_POINT('',(6.099478909076,-0.676951378796));
#13907 = CARTESIAN_POINT('',(6.009146259906,-0.666691466634));
#13908 = CARTESIAN_POINT('',(5.92053698989,-0.652539662204));
#13909 = CARTESIAN_POINT('',(5.834074873501,-0.634689129314));
#13910 = CARTESIAN_POINT('',(5.750076920748,-0.61336962072));
#13911 = CARTESIAN_POINT('',(5.668752686222,-0.588834054528));
#13912 = CARTESIAN_POINT('',(5.590210115226,-0.561348420606));
#13913 = CARTESIAN_POINT('',(5.514467638126,-0.531182510715));
#13914 = CARTESIAN_POINT('',(5.441469101305,-0.498602738037));
#13915 = CARTESIAN_POINT('',(5.371099411212,-0.463866874803));
#13916 = CARTESIAN_POINT('',(5.303199222369,-0.427220612962));
#13917 = CARTESIAN_POINT('',(5.237577730139,-0.388895652062));
#13918 = CARTESIAN_POINT('',(5.174023156874,-0.349108999669));
#13919 = CARTESIAN_POINT('',(5.112310902678,-0.308063177222));
#13920 = CARTESIAN_POINT('',(5.052209557365,-0.265947066847));
#13921 = CARTESIAN_POINT('',(4.993485078215,-0.222937189948));
#13922 = CARTESIAN_POINT('',(4.935903474139,-0.179199249683));
#13923 = CARTESIAN_POINT('',(4.879232302281,-0.134889856957));
#13924 = CARTESIAN_POINT('',(4.823241319911,-9.015824224358E-02));
#13925 = CARTESIAN_POINT('',(4.767702316132,-4.514836265055E-02));
#13926 = CARTESIAN_POINT('',(4.730826861417,-1.504923888447E-02));
#13927 = CARTESIAN_POINT('',(4.712388980385,0.));
#13928 = ( GEOMETRIC_REPRESENTATION_CONTEXT(2) 
PARAMETRIC_REPRESENTATION_CONTEXT() REPRESENTATION_CONTEXT('2D SPACE',''
  ) );
#13929 = PCURVE('',#7372,#13930);
#13930 = DEFINITIONAL_REPRESENTATION('',(#13931),#13935);
#13931 = LINE('',#13932,#13933);
#13932 = CARTESIAN_POINT('',(6.28318530718,-0.712605482992));
#13933 = VECTOR('',#13934,1.);
#13934 = DIRECTION('',(-1.,-4.52345554697E-15));
#13935 = ( GEOMETRIC_REPRESENTATION_CONTEXT(2) 
PARAMETRIC_REPRESENTATION_CONTEXT() REPRESENTATION_CONTEXT('2D SPACE',''
  ) );
#13936 = ADVANCED_FACE('',(#13937),#4347,.T.);
#13937 = FACE_BOUND('',#13938,.T.);
#13938 = EDGE_LOOP('',(#13939,#13940,#13941,#13985));
#13939 = ORIENTED_EDGE('',*,*,#13843,.T.);
#13940 = ORIENTED_EDGE('',*,*,#12241,.F.);
#13941 = ORIENTED_EDGE('',*,*,#13942,.F.);
#13942 = EDGE_CURVE('',#4331,#12219,#13943,.T.);
#13943 = SURFACE_CURVE('',#13944,(#13949,#13978),.PCURVE_S1.);
#13944 = CIRCLE('',#13945,2.);
#13945 = AXIS2_PLACEMENT_3D('',#13946,#13947,#13948);
#13946 = CARTESIAN_POINT('',(24.073742570629,-13.60064037621,8.));
#13947 = DIRECTION('',(0.632330133277,0.774699039983,0.));
#13948 = DIRECTION('',(0.774699039983,-0.632330133277,0.));
#13949 = PCURVE('',#4347,#13950);
#13950 = DEFINITIONAL_REPRESENTATION('',(#13951),#13977);
#13951 = B_SPLINE_CURVE_WITH_KNOTS('',3,(#13952,#13953,#13954,#13955,
    #13956,#13957,#13958,#13959,#13960,#13961,#13962,#13963,#13964,
    #13965,#13966,#13967,#13968,#13969,#13970,#13971,#13972,#13973,
    #13974,#13975,#13976),.UNSPECIFIED.,.F.,.F.,(4,1,1,1,1,1,1,1,1,1,1,1
    ,1,1,1,1,1,1,1,1,1,1,4),(4.712388980385,4.783788813421,
    4.855188646457,4.926588479493,4.997988312529,5.069388145565,
    5.140787978601,5.212187811638,5.283587644674,5.35498747771,
    5.426387310746,5.497787143782,5.569186976818,5.640586809854,
    5.711986642891,5.783386475927,5.854786308963,5.926186141999,
    5.997585975035,6.068985808071,6.140385641107,6.211785474143,
    6.28318530718),.QUASI_UNIFORM_KNOTS.);
#13952 = CARTESIAN_POINT('',(1.19970637719E-02,1.));
#13953 = CARTESIAN_POINT('',(1.19970637719E-02,0.983172198663));
#13954 = CARTESIAN_POINT('',(1.19970637719E-02,0.950009297011));
#13955 = CARTESIAN_POINT('',(1.19970637719E-02,0.901574474096));
#13956 = CARTESIAN_POINT('',(1.19970637719E-02,0.854275086925));
#13957 = CARTESIAN_POINT('',(1.19970637719E-02,0.807956362777));
#13958 = CARTESIAN_POINT('',(1.19970637719E-02,0.762473275577));
#13959 = CARTESIAN_POINT('',(1.19970637719E-02,0.717690577461));
#13960 = CARTESIAN_POINT('',(1.19970637719E-02,0.673480563786));
#13961 = CARTESIAN_POINT('',(1.19970637719E-02,0.629721689409));
#13962 = CARTESIAN_POINT('',(1.19970637719E-02,0.586297147708));
#13963 = CARTESIAN_POINT('',(1.19970637719E-02,0.543093605115));
#13964 = CARTESIAN_POINT('',(1.19970637719E-02,0.5));
#13965 = CARTESIAN_POINT('',(1.19970637719E-02,0.456906394885));
#13966 = CARTESIAN_POINT('',(1.19970637719E-02,0.413702852292));
#13967 = CARTESIAN_POINT('',(1.19970637719E-02,0.370278310591));
#13968 = CARTESIAN_POINT('',(1.19970637719E-02,0.326519436214));
#13969 = CARTESIAN_POINT('',(1.19970637719E-02,0.282309422539));
#13970 = CARTESIAN_POINT('',(1.19970637719E-02,0.237526724423));
#13971 = CARTESIAN_POINT('',(1.19970637719E-02,0.192043637223));
#13972 = CARTESIAN_POINT('',(1.19970637719E-02,0.145724913075));
#13973 = CARTESIAN_POINT('',(1.19970637719E-02,9.842552590405E-02));
#13974 = CARTESIAN_POINT('',(1.19970637719E-02,4.999070298881E-02));
#13975 = CARTESIAN_POINT('',(1.19970637719E-02,1.682780133706E-02));
#13976 = CARTESIAN_POINT('',(1.19970637719E-02,0.));
#13977 = ( GEOMETRIC_REPRESENTATION_CONTEXT(2) 
PARAMETRIC_REPRESENTATION_CONTEXT() REPRESENTATION_CONTEXT('2D SPACE',''
  ) );
#13978 = PCURVE('',#7372,#13979);
#13979 = DEFINITIONAL_REPRESENTATION('',(#13980),#13984);
#13980 = LINE('',#13981,#13982);
#13981 = CARTESIAN_POINT('',(-3.14159265359,-38.55084245802));
#13982 = VECTOR('',#13983,1.);
#13983 = DIRECTION('',(1.,0.));
#13984 = ( GEOMETRIC_REPRESENTATION_CONTEXT(2) 
PARAMETRIC_REPRESENTATION_CONTEXT() REPRESENTATION_CONTEXT('2D SPACE',''
  ) );
#13985 = ORIENTED_EDGE('',*,*,#4330,.F.);
#13986 = ADVANCED_FACE('',(#13987),#7372,.T.);
#13987 = FACE_BOUND('',#13988,.T.);
#13988 = EDGE_LOOP('',(#13989,#13990,#13991,#13992));
#13989 = ORIENTED_EDGE('',*,*,#13893,.T.);
#13990 = ORIENTED_EDGE('',*,*,#7356,.F.);
#13991 = ORIENTED_EDGE('',*,*,#13942,.T.);
#13992 = ORIENTED_EDGE('',*,*,#12216,.F.);
#13993 = ADVANCED_FACE('',(#13994),#278,.F.);
#13994 = FACE_BOUND('',#13995,.F.);
#13995 = EDGE_LOOP('',(#13996,#13997,#13998,#13999));
#13996 = ORIENTED_EDGE('',*,*,#8481,.F.);
#13997 = ORIENTED_EDGE('',*,*,#255,.F.);
#13998 = ORIENTED_EDGE('',*,*,#9975,.F.);
#13999 = ORIENTED_EDGE('',*,*,#318,.T.);
#14000 = ADVANCED_FACE('',(#14001),#7183,.F.);
#14001 = FACE_BOUND('',#14002,.F.);
#14002 = EDGE_LOOP('',(#14003,#14024,#14025,#14046,#14047,#14048));
#14003 = ORIENTED_EDGE('',*,*,#14004,.F.);
#14004 = EDGE_CURVE('',#8387,#7590,#14005,.T.);
#14005 = SURFACE_CURVE('',#14006,(#14010,#14017),.PCURVE_S1.);
#14006 = LINE('',#14007,#14008);
#14007 = CARTESIAN_POINT('',(-13.20556345137,27.148975875729,
    -1.734723475977E-15));
#14008 = VECTOR('',#14009,1.);
#14009 = DIRECTION('',(-0.,-0.,1.));
#14010 = PCURVE('',#7183,#14011);
#14011 = DEFINITIONAL_REPRESENTATION('',(#14012),#14016);
#14012 = LINE('',#14013,#14014);
#14013 = CARTESIAN_POINT('',(1.570796326795,0.));
#14014 = VECTOR('',#14015,1.);
#14015 = DIRECTION('',(0.,1.));
#14016 = ( GEOMETRIC_REPRESENTATION_CONTEXT(2) 
PARAMETRIC_REPRESENTATION_CONTEXT() REPRESENTATION_CONTEXT('2D SPACE',''
  ) );
#14017 = PCURVE('',#166,#14018);
#14018 = DEFINITIONAL_REPRESENTATION('',(#14019),#14023);
#14019 = LINE('',#14020,#14021);
#14020 = CARTESIAN_POINT('',(0.,0.));
#14021 = VECTOR('',#14022,1.);
#14022 = DIRECTION('',(0.,1.));
#14023 = ( GEOMETRIC_REPRESENTATION_CONTEXT(2) 
PARAMETRIC_REPRESENTATION_CONTEXT() REPRESENTATION_CONTEXT('2D SPACE',''
  ) );
#14024 = ORIENTED_EDGE('',*,*,#8409,.T.);
#14025 = ORIENTED_EDGE('',*,*,#14026,.T.);
#14026 = EDGE_CURVE('',#8410,#7139,#14027,.T.);
#14027 = SURFACE_CURVE('',#14028,(#14032,#14039),.PCURVE_S1.);
#14028 = LINE('',#14029,#14030);
#14029 = CARTESIAN_POINT('',(-13.20556345137,23.148975875729,
    -1.734723475977E-15));
#14030 = VECTOR('',#14031,1.);
#14031 = DIRECTION('',(-0.,-0.,1.));
#14032 = PCURVE('',#7183,#14033);
#14033 = DEFINITIONAL_REPRESENTATION('',(#14034),#14038);
#14034 = LINE('',#14035,#14036);
#14035 = CARTESIAN_POINT('',(4.712388980385,0.));
#14036 = VECTOR('',#14037,1.);
#14037 = DIRECTION('',(0.,1.));
#14038 = ( GEOMETRIC_REPRESENTATION_CONTEXT(2) 
PARAMETRIC_REPRESENTATION_CONTEXT() REPRESENTATION_CONTEXT('2D SPACE',''
  ) );
#14039 = PCURVE('',#7154,#14040);
#14040 = DEFINITIONAL_REPRESENTATION('',(#14041),#14045);
#14041 = LINE('',#14042,#14043);
#14042 = CARTESIAN_POINT('',(0.,0.));
#14043 = VECTOR('',#14044,1.);
#14044 = DIRECTION('',(0.,1.));
#14045 = ( GEOMETRIC_REPRESENTATION_CONTEXT(2) 
PARAMETRIC_REPRESENTATION_CONTEXT() REPRESENTATION_CONTEXT('2D SPACE',''
  ) );
#14046 = ORIENTED_EDGE('',*,*,#7166,.F.);
#14047 = ORIENTED_EDGE('',*,*,#11333,.T.);
#14048 = ORIENTED_EDGE('',*,*,#7589,.F.);
#14049 = ADVANCED_FACE('',(#14050),#166,.F.);
#14050 = FACE_BOUND('',#14051,.T.);
#14051 = EDGE_LOOP('',(#14052,#14053,#14054,#14055,#14056,#14057,#14058,
    #14059));
#14052 = ORIENTED_EDGE('',*,*,#7613,.T.);
#14053 = ORIENTED_EDGE('',*,*,#14004,.F.);
#14054 = ORIENTED_EDGE('',*,*,#8386,.F.);
#14055 = ORIENTED_EDGE('',*,*,#143,.T.);
#14056 = ORIENTED_EDGE('',*,*,#7660,.T.);
#14057 = ORIENTED_EDGE('',*,*,#12003,.F.);
#14058 = ORIENTED_EDGE('',*,*,#11974,.F.);
#14059 = ORIENTED_EDGE('',*,*,#1673,.F.);
#14060 = ADVANCED_FACE('',(#14061),#218,.F.);
#14061 = FACE_BOUND('',#14062,.F.);
#14062 = EDGE_LOOP('',(#14063,#14064,#14065,#14066,#14067,#14068,#14089,
    #14090));
#14063 = ORIENTED_EDGE('',*,*,#7682,.F.);
#14064 = ORIENTED_EDGE('',*,*,#11381,.T.);
#14065 = ORIENTED_EDGE('',*,*,#11305,.F.);
#14066 = ORIENTED_EDGE('',*,*,#7285,.F.);
#14067 = ORIENTED_EDGE('',*,*,#9905,.T.);
#14068 = ORIENTED_EDGE('',*,*,#14069,.F.);
#14069 = EDGE_CURVE('',#8434,#9906,#14070,.T.);
#14070 = SURFACE_CURVE('',#14071,(#14075,#14082),.PCURVE_S1.);
#14071 = LINE('',#14072,#14073);
#14072 = CARTESIAN_POINT('',(-7.205563451371,23.148975875729,
    -1.734723475977E-15));
#14073 = VECTOR('',#14074,1.);
#14074 = DIRECTION('',(-0.,-0.,1.));
#14075 = PCURVE('',#218,#14076);
#14076 = DEFINITIONAL_REPRESENTATION('',(#14077),#14081);
#14077 = LINE('',#14078,#14079);
#14078 = CARTESIAN_POINT('',(4.712388980385,0.));
#14079 = VECTOR('',#14080,1.);
#14080 = DIRECTION('',(0.,1.));
#14081 = ( GEOMETRIC_REPRESENTATION_CONTEXT(2) 
PARAMETRIC_REPRESENTATION_CONTEXT() REPRESENTATION_CONTEXT('2D SPACE',''
  ) );
#14082 = PCURVE('',#7154,#14083);
#14083 = DEFINITIONAL_REPRESENTATION('',(#14084),#14088);
#14084 = LINE('',#14085,#14086);
#14085 = CARTESIAN_POINT('',(6.,0.));
#14086 = VECTOR('',#14087,1.);
#14087 = DIRECTION('',(0.,1.));
#14088 = ( GEOMETRIC_REPRESENTATION_CONTEXT(2) 
PARAMETRIC_REPRESENTATION_CONTEXT() REPRESENTATION_CONTEXT('2D SPACE',''
  ) );
#14089 = ORIENTED_EDGE('',*,*,#8456,.T.);
#14090 = ORIENTED_EDGE('',*,*,#202,.T.);
#14091 = ADVANCED_FACE('',(#14092),#7154,.F.);
#14092 = FACE_BOUND('',#14093,.T.);
#14093 = EDGE_LOOP('',(#14094,#14095,#14096,#14097,#14098));
#14094 = ORIENTED_EDGE('',*,*,#7138,.T.);
#14095 = ORIENTED_EDGE('',*,*,#11432,.T.);
#14096 = ORIENTED_EDGE('',*,*,#14069,.F.);
#14097 = ORIENTED_EDGE('',*,*,#8433,.F.);
#14098 = ORIENTED_EDGE('',*,*,#14026,.T.);
#14099 = ADVANCED_FACE('',(#14100),#101,.F.);
#14100 = FACE_BOUND('',#14101,.F.);
#14101 = EDGE_LOOP('',(#14102,#14103,#14104,#14105,#14106,#14107,#14128,
    #14129));
#14102 = ORIENTED_EDGE('',*,*,#7332,.F.);
#14103 = ORIENTED_EDGE('',*,*,#4135,.T.);
#14104 = ORIENTED_EDGE('',*,*,#7067,.F.);
#14105 = ORIENTED_EDGE('',*,*,#11406,.F.);
#14106 = ORIENTED_EDGE('',*,*,#9833,.F.);
#14107 = ORIENTED_EDGE('',*,*,#14108,.F.);
#14108 = EDGE_CURVE('',#8289,#9834,#14109,.T.);
#14109 = SURFACE_CURVE('',#14110,(#14114,#14121),.PCURVE_S1.);
#14110 = LINE('',#14111,#14112);
#14111 = CARTESIAN_POINT('',(13.198981345114,23.148975875729,
    -1.734723475977E-15));
#14112 = VECTOR('',#14113,1.);
#14113 = DIRECTION('',(-0.,-0.,1.));
#14114 = PCURVE('',#101,#14115);
#14115 = DEFINITIONAL_REPRESENTATION('',(#14116),#14120);
#14116 = LINE('',#14117,#14118);
#14117 = CARTESIAN_POINT('',(4.712388980385,0.));
#14118 = VECTOR('',#14119,1.);
#14119 = DIRECTION('',(0.,1.));
#14120 = ( GEOMETRIC_REPRESENTATION_CONTEXT(2) 
PARAMETRIC_REPRESENTATION_CONTEXT() REPRESENTATION_CONTEXT('2D SPACE',''
  ) );
#14121 = PCURVE('',#8304,#14122);
#14122 = DEFINITIONAL_REPRESENTATION('',(#14123),#14127);
#14123 = LINE('',#14124,#14125);
#14124 = CARTESIAN_POINT('',(0.,0.));
#14125 = VECTOR('',#14126,1.);
#14126 = DIRECTION('',(0.,1.));
#14127 = ( GEOMETRIC_REPRESENTATION_CONTEXT(2) 
PARAMETRIC_REPRESENTATION_CONTEXT() REPRESENTATION_CONTEXT('2D SPACE',''
  ) );
#14128 = ORIENTED_EDGE('',*,*,#8316,.T.);
#14129 = ORIENTED_EDGE('',*,*,#85,.T.);
#14130 = ADVANCED_FACE('',(#14131),#8304,.F.);
#14131 = FACE_BOUND('',#14132,.T.);
#14132 = EDGE_LOOP('',(#14133,#14134,#14135,#14136));
#14133 = ORIENTED_EDGE('',*,*,#9859,.T.);
#14134 = ORIENTED_EDGE('',*,*,#14108,.F.);
#14135 = ORIENTED_EDGE('',*,*,#8286,.F.);
#14136 = ORIENTED_EDGE('',*,*,#14137,.T.);
#14137 = EDGE_CURVE('',#8287,#9860,#14138,.T.);
#14138 = SURFACE_CURVE('',#14139,(#14143,#14150),.PCURVE_S1.);
#14139 = LINE('',#14140,#14141);
#14140 = CARTESIAN_POINT('',(7.198981345114,23.148975875729,
    -1.734723475977E-15));
#14141 = VECTOR('',#14142,1.);
#14142 = DIRECTION('',(-0.,-0.,1.));
#14143 = PCURVE('',#8304,#14144);
#14144 = DEFINITIONAL_REPRESENTATION('',(#14145),#14149);
#14145 = LINE('',#14146,#14147);
#14146 = CARTESIAN_POINT('',(-6.,0.));
#14147 = VECTOR('',#14148,1.);
#14148 = DIRECTION('',(0.,1.));
#14149 = ( GEOMETRIC_REPRESENTATION_CONTEXT(2) 
PARAMETRIC_REPRESENTATION_CONTEXT() REPRESENTATION_CONTEXT('2D SPACE',''
  ) );
#14150 = PCURVE('',#7245,#14151);
#14151 = DEFINITIONAL_REPRESENTATION('',(#14152),#14156);
#14152 = LINE('',#14153,#14154);
#14153 = CARTESIAN_POINT('',(4.712388980385,0.));
#14154 = VECTOR('',#14155,1.);
#14155 = DIRECTION('',(0.,1.));
#14156 = ( GEOMETRIC_REPRESENTATION_CONTEXT(2) 
PARAMETRIC_REPRESENTATION_CONTEXT() REPRESENTATION_CONTEXT('2D SPACE',''
  ) );
#14157 = ADVANCED_FACE('',(#14158),#7245,.F.);
#14158 = FACE_BOUND('',#14159,.F.);
#14159 = EDGE_LOOP('',(#14160,#14181,#14182,#14183,#14184,#14185,#14186,
    #14187));
#14160 = ORIENTED_EDGE('',*,*,#14161,.F.);
#14161 = EDGE_CURVE('',#8340,#7735,#14162,.T.);
#14162 = SURFACE_CURVE('',#14163,(#14167,#14174),.PCURVE_S1.);
#14163 = LINE('',#14164,#14165);
#14164 = CARTESIAN_POINT('',(7.198981345114,27.148975875729,
    -1.734723475977E-15));
#14165 = VECTOR('',#14166,1.);
#14166 = DIRECTION('',(-0.,-0.,1.));
#14167 = PCURVE('',#7245,#14168);
#14168 = DEFINITIONAL_REPRESENTATION('',(#14169),#14173);
#14169 = LINE('',#14170,#14171);
#14170 = CARTESIAN_POINT('',(1.570796326795,0.));
#14171 = VECTOR('',#14172,1.);
#14172 = DIRECTION('',(0.,1.));
#14173 = ( GEOMETRIC_REPRESENTATION_CONTEXT(2) 
PARAMETRIC_REPRESENTATION_CONTEXT() REPRESENTATION_CONTEXT('2D SPACE',''
  ) );
#14174 = PCURVE('',#44,#14175);
#14175 = DEFINITIONAL_REPRESENTATION('',(#14176),#14180);
#14176 = LINE('',#14177,#14178);
#14177 = CARTESIAN_POINT('',(0.,-6.));
#14178 = VECTOR('',#14179,1.);
#14179 = DIRECTION('',(1.,-0.));
#14180 = ( GEOMETRIC_REPRESENTATION_CONTEXT(2) 
PARAMETRIC_REPRESENTATION_CONTEXT() REPRESENTATION_CONTEXT('2D SPACE',''
  ) );
#14181 = ORIENTED_EDGE('',*,*,#8362,.T.);
#14182 = ORIENTED_EDGE('',*,*,#14137,.T.);
#14183 = ORIENTED_EDGE('',*,*,#9882,.F.);
#14184 = ORIENTED_EDGE('',*,*,#7222,.F.);
#14185 = ORIENTED_EDGE('',*,*,#11258,.F.);
#14186 = ORIENTED_EDGE('',*,*,#11359,.T.);
#14187 = ORIENTED_EDGE('',*,*,#7734,.F.);
#14188 = ADVANCED_FACE('',(#14189),#44,.F.);
#14189 = FACE_BOUND('',#14190,.T.);
#14190 = EDGE_LOOP('',(#14191,#14192,#14193,#14194));
#14191 = ORIENTED_EDGE('',*,*,#7758,.T.);
#14192 = ORIENTED_EDGE('',*,*,#14161,.F.);
#14193 = ORIENTED_EDGE('',*,*,#8339,.F.);
#14194 = ORIENTED_EDGE('',*,*,#21,.T.);
#14195 = ( GEOMETRIC_REPRESENTATION_CONTEXT(3) 
GLOBAL_UNCERTAINTY_ASSIGNED_CONTEXT((#14199)) 
GLOBAL_UNIT_ASSIGNED_CONTEXT((#14196,#14197,#14198)) 
REPRESENTATION_CONTEXT('Context #1',
  '3D Context with UNIT and UNCERTAINTY') );
#14196 = ( LENGTH_UNIT() NAMED_UNIT(*) SI_UNIT(.MILLI.,.METRE.) );
#14197 = ( NAMED_UNIT(*) PLANE_ANGLE_UNIT() SI_UNIT($,.RADIAN.) );
#14198 = ( NAMED_UNIT(*) SI_UNIT($,.STERADIAN.) SOLID_ANGLE_UNIT() );
#14199 = UNCERTAINTY_MEASURE_WITH_UNIT(LENGTH_MEASURE(5.E-07),#14196,
  'distance_accuracy_value','confusion accuracy');
#14200 = PRODUCT_RELATED_PRODUCT_CATEGORY('part',$,(#7));
ENDSEC;
END-ISO-10303-21;
