{
  "optimization": {
    "method": "Differential Evolution (scipy)",
    "population_size": 15,
    "generations": 5,
    "total_evaluations": 243,
    "elapsed_time_s": 276.7342,
    "seed": 42
  },
  "best_solution": {
    "Q_pitch": 16.963488144144137,
    "R": 1.514036516468619,
    "K": [
      -34.10894131036754,
      -6.093745782829901,
      -0.8127029291880632,
      -0.6248333965482497
    ],
    "fitness_score": 0.2745085446969366
  },
  "best_metrics": {
    "rms_pitch_wobble_deg": 0.0999088270318073,
    "max_pitch_deviation_deg": 0.2601857130387937,
    "pitch_settle_time_s": 0.05000000000000004,
    "pitch_oscillations_count": 88,
    "max_wheel_pos_drift_m": 0.00234573679702492,
    "rms_wheel_tracking_error_m": 0.0014891168889597324,
    "control_effort_integral": 0.6859124487563092,
    "peak_torque_nm": 0.2452026695567464,
    "avg_torque_nm": 0.06859124487563091,
    "max_bearing_load_n": 90.44280793643635,
    "max_femur_lateral_n": 3.3882124200272736,
    "pass_fail": true,
    "notes": "Self-balance 10.0s, Q=16.963488144144137, R=1.514036516468619, blend=1.0"
  }
}