MULTIPOLYGON (((-86.191 -6.521, -86.129 -6.364, -86.1232631578946 -6.353842105262894, -86.037 -6.197, -86.02720424263671 -6.183756136044834, -86.02 -6.171, -85.96361830357169 -6.097787946428916, -85.912 -6.028, -85.90274999999995 -6.018749999999946, -85.886 -5.997, -85.77314285714294 -5.889142857142939, -85.743 -5.859, -85.73720148084867 -5.854793820304738, -85.728 -5.846, -85.551 -5.719, -85.346 -5.615, -85.34312468377303 -5.614063245392116, -85.343 -5.614, -85.125 -5.543, -84.91 -5.507, -84.90111375402267 -5.50679711767175, -84.89 -5.505, -84.8224 -5.505, -84.691 -5.502, -84.66764285714287 -5.505, -84.651 -5.505, -84.54722269807269 -5.520466809421857, -84.54722269807266 -5.520466809421861, -84.473 -5.53, -84.4610518609984 -5.533309578408891, -84.443 -5.536, -84.267 -5.587, -84.26663202587947 -5.5871629599676575, -84.26 -5.589, -84.22215450166729 -5.605359021859947, -84.209 -5.609, -84.1665594614809 -5.629390426327613, -84.105 -5.656, -84.08174631751228 -5.669040916530273, -84.057 -5.68, -84.04445543834119 -5.68805492906513, -84.03 -5.695, -84.01110005238348 -5.707485419940613, -83.996 -5.715, -83.98177018020243 -5.725108615156744, -83.957 -5.739, -83.91390191897658 -5.771695095948796, -83.903689655172 -5.778441379310609, -83.867 -5.802, -83.8366042177538 -5.828231976459051, -83.813 -5.845, -83.79812104283056 -5.859528864059575, -83.783 -5.871, -83.76127586206898 -5.893241379310329, -83.721 -5.928, -83.71798429319374 -5.931413612565429, -83.715 -5.934, -83.67105149210062 -5.983608543007631, -83.643 -6.011, -83.63167647058827 -6.025926470588187, -83.615 -6.043, -83.6017285129604 -6.061859481582565, -83.583 -6.083, -83.57959184753838 -6.088066172578073, -83.577 -6.091, -83.53748441247002 -6.15008872901678, -83.511 -6.185, -83.48991666666667 -6.220749999999982, -83.482 -6.232, -83.47977227921945 -6.236387246026999, -83.47305714285824 -6.246428571426935, -83.472 -6.248, -83.4719818892776 -6.248036427248437, -83.47 -6.251, -83.45924999999997 -6.272750000000061, -83.442 -6.302, -83.384 -6.425, -83.322 -6.609, -83.32003343949044 -6.618781050955427, -83.316 -6.631, -83.30701160092806 -6.683547563805166, -83.284 -6.798, -83.2819203187251 -6.830235059760925, -83.277 -6.859, -83.27593258426965 -6.923044943820251, -83.27 -7.015, -83.27357792836399 -7.064324298160733, -83.273 -7.099, -83.27928421052633 -7.142989473684338, -83.284 -7.208, -83.29724137931034 -7.268689655172353, -83.304 -7.316, -83.32099421965312 -7.377556840076824, -83.332 -7.428, -83.3422511676181 -7.454554229372211, -83.349 -7.479, -83.411 -7.636, -83.41673684210541 -7.646157894737106, -83.503 -7.803, -83.51279575736324 -7.8162438639550995, -83.52 -7.829, -83.57638169642865 -7.90221205357155, -83.628 -7.972, -83.63724999999998 -7.981249999999986, -83.654 -8.003, -83.76685714285718 -8.110857142857185, -83.797 -8.141, -83.80279851915135 -8.145206179695286, -83.812 -8.154, -83.989 -8.281, -84.194 -8.385, -84.19687531622698 -8.385936754607883, -84.197 -8.386, -84.415 -8.457, -84.63 -8.493, -84.63888624597735 -8.49320288232825, -84.65 -8.495, -84.71759999999996 -8.495, -84.849 -8.498, -84.87235714285714 -8.495, -84.889 -8.495, -84.99277730192718 -8.479533190578161, -85.067 -8.47, -85.0789481390016 -8.466690421591109, -85.097 -8.464, -85.273 -8.413, -85.27336797412049 -8.412837040032352, -85.28 -8.411, -85.435 -8.344, -85.45825368248771 -8.330959083469732, -85.483 -8.32, -85.51890551181107 -8.29694488188974, -85.583 -8.261, -85.6277196261682 -8.227074766355159, -85.673 -8.198, -85.7235384615385 -8.154384615384597, -85.757 -8.129, -85.77872413793102 -8.106758620689677, -85.819 -8.072, -85.87888990825688 -8.004207951070343, -85.925 -7.957, -85.94224652338814 -7.932491782553705, -85.963 -7.909, -86.0437814569534 -7.788205298013605, -86.058 -7.768, -86.06022772078059 -7.763612753972948, -86.07 -7.749, -86.156 -7.575, -86.218 -7.391, -86.21996656050956 -7.381218949044573, -86.224 -7.369, -86.23298839907194 -7.316452436194834, -86.256 -7.202, -86.25807968127489 -7.169764940239129, -86.263 -7.141, -86.26406741573034 -7.0769550561797505, -86.27 -6.985, -86.266422071636 -6.935675701839266, -86.267 -6.901, -86.26071578947369 -6.857010526315847, -86.256 -6.792, -86.24275862068964 -6.731310344827536, -86.236 -6.684, -86.2190057803468 -6.62244315992287, -86.208 -6.572, -86.19774883238195 -6.545445770627949, -86.191 -6.521), (-84.68573019801981 -5.828044554455446, -84.71190807799442 -5.828718662952646, -84.66938661710039 -5.830743494423791, -84.68573019801981 -5.828044554455446), (-84.92695609756103 -5.835712195121961, -84.93122739726029 -5.836528767123289, -84.89253134796238 -5.833369905956112, -84.917 -5.834, -84.92695609756103 -5.835712195121961), (-84.97385714285703 -5.844678571428549, -85.054 -5.86, -85.0672564102564 -5.864136752136751, -84.97385714285703 -5.844678571428549), (-85.19846344258535 -5.906717854687132, -85.140876923077 -5.887246153846179, -85.193 -5.904, -85.19846344258535 -5.906717854687132)), ((-93.09 0.713, -93.06694488188978 0.7489055118109986, -93.031 0.813, -92.99707476635514 0.8577196261682336, -92.968 0.903, -92.92438461538464 0.9535384615384468, -92.899 0.987, -92.87675862068969 1.0087241379310026, -92.842 1.049, -92.77420795107037 1.1088899082568582, -92.727 1.155, -92.70249178255371 1.1722465233881356, -92.679 1.193, -92.55820529801312 1.2737814569537291, -92.538 1.288, -92.53361275397307 1.2902277207805093, -92.519 1.3, -92.345 1.386, -92.161 1.448, -92.15121894904458 1.4499665605095555, -92.139 1.454, -92.0864524361949 1.4629883990719244, -91.972 1.486, -91.93976494023907 1.4880796812748986, -91.911 1.493, -91.84695505617977 1.4940674157303375, -91.755 1.5, -91.7056757018393 1.496422071636012, -91.671 1.497, -91.6270105263158 1.4907157894736849, -91.562 1.486, -91.50131034482759 1.472758620689656, -91.454 1.466, -91.3924431599229 1.4490057803468155, -91.342 1.438, -91.31544577062792 1.427748832381943, -91.291 1.421, -91.134 1.359, -91.12384210526336 1.3532631578948513, -90.967 1.267, -90.95375613604487 1.257204242636738, -90.941 1.25, -90.8677879464285 1.193618303571385, -90.798 1.142, -90.78875000000004 1.132750000000035, -90.767 1.116, -90.65914285714273 1.0031428571427263, -90.629 0.973, -90.62479382030473 0.9672014808486573, -90.616 0.958, -90.489 0.781, -90.385 0.576, -90.38406324539213 0.5731246837730504, -90.384 0.573, -90.313 0.355, -90.277 0.14, -90.27679711767175 0.1311137540226457, -90.275 0.12, -90.275 0.0524000000001245, -90.272 -0.079, -90.275 -0.1023571428571508, -90.275 -0.119, -90.29046680942183 -0.2227773019271211, -90.3 -0.297, -90.30330957840889 -0.3089481390015897, -90.306 -0.327, -90.357 -0.503, -90.35716295996762 -0.5033679741204549, -90.359 -0.51, -90.37535902185996 -0.5478454983327636, -90.379 -0.561, -90.39939042632754 -0.6034405385189587, -90.426 -0.665, -90.43904091653026 -0.6882536824876792, -90.45 -0.713, -90.45805492906511 -0.7255445616587785, -90.465 -0.74, -90.47748541994063 -0.7588999476165507, -90.485 -0.774, -90.49510861515675 -0.7882298197975854, -90.509 -0.813, -90.54169509594878 -0.8560980810234025, -90.54844137931046 -0.8663103448277718, -90.572 -0.903, -90.59823197645902 -0.9333957822461644, -90.615 -0.957, -90.62952886405962 -0.9718789571694965, -90.641 -0.987, -90.66324137931029 -1.008724137930985, -90.698 -1.049, -90.70141361256545 -1.0520157068062832, -90.704 -1.055, -90.75360854300766 -1.0989485078994083, -90.781 -1.127, -90.79592647058823 -1.1383235294117597, -90.813 -1.155, -90.8318594815825 -1.1682714870395319, -90.853 -1.187, -90.85806617257812 -1.1904081524616459, -90.861 -1.193, -90.92008872901674 -1.2325155875299432, -90.955 -1.259, -90.99074999999996 -1.280083333333309, -91.002 -1.288, -91.00638724602697 -1.2902277207805384, -91.01642857142818 -1.296942857142588, -91.018 -1.298, -91.0180364272484 -1.2980181107223716, -91.021 -1.3, -91.04275000000003 -1.3107500000000158, -91.072 -1.328, -91.195 -1.386, -91.379 -1.448, -91.3887810509554 -1.4499665605095498, -91.401 -1.454, -91.4535475638051 -1.4629883990719261, -91.568 -1.486, -91.60023505976096 -1.4880796812749004, -91.629 -1.493, -91.69304494382023 -1.494067415730337, -91.785 -1.5, -91.8343242981607 -1.4964220716360117, -91.869 -1.497, -91.91298947368422 -1.4907157894736833, -91.978 -1.486, -92.0386896551724 -1.4727586206896572, -92.086 -1.466, -92.14755684007709 -1.4490057803468166, -92.198 -1.438, -92.22455422937207 -1.4277488323819432, -92.249 -1.421, -92.406 -1.359, -92.4161578947372 -1.3532631578945438, -92.573 -1.267, -92.58624386395508 -1.2572042426367769, -92.599 -1.25, -92.67221205357146 -1.1936183035714119, -92.742 -1.142, -92.75125000000006 -1.1327499999999517, -92.773 -1.116, -92.88085714285712 -1.0031428571428826, -92.911 -0.973, -92.91520617969529 -0.9672014808486424, -92.924 -0.958, -93.051 -0.781, -93.155 -0.576, -93.15593675460788 -0.5731246837730546, -93.156 -0.573, -93.227 -0.355, -93.263 -0.14, -93.26320288232826 -0.1311137540226132, -93.265 -0.12, -93.265 -0.0524000000001245, -93.268 0.079, -93.265 0.1023571428571389, -93.265 0.119, -93.24953319057818 0.222777301927095, -93.24 0.297, -93.2366904215911 0.3089481390015892, -93.234 0.327, -93.183 0.503, -93.18283704003231 0.5033679741205944, -93.181 0.51, -93.114 0.665, -93.10095908346976 0.6882536824876542, -93.09 0.713), (-90.59804455445544 -0.084269801980199, -90.59871866295265 -0.0580919220055367, -90.6007434944238 -0.1006133828996623, -90.59804455445544 -0.084269801980199), (-90.604 0.147, -90.60571219512187 0.1569560975605145, -90.60579361983329 0.1573820114357066, -90.6065287671233 0.161227397260302, -90.60336990595611 0.1225313479623486, -90.604 0.147), (-90.6146785714286 0.2038571428572753, -90.63 0.284, -90.63413675213674 0.29725641025638, -90.6146785714286 0.2038571428572753), (-90.65724615384613 0.3708769230768477, -90.674 0.423, -90.67671785468713 0.4284634425853284, -90.65724615384613 0.3708769230768477)), ((-79.1406095736724 0.6034405385190758, -79.114 0.665, -79.10095908346975 0.6882536824876783, -79.09 0.713, -79.08194507093488 0.7255445616587988, -79.075 0.74, -79.0625145800594 0.7588999476165083, -79.055 0.774, -79.04489138484325 0.7882298197975903, -79.031 0.813, -78.99830490405114 0.8560980810234972, -78.9915586206899 0.866310344827206, -78.968 0.903, -78.94176802354093 0.933395782246229, -78.925 0.957, -78.91047113594041 0.9718789571694576, -78.899 0.987, -78.87675862068967 1.0087241379310243, -78.842 1.049, -78.83858638743455 1.0520157068062965, -78.836 1.055, -78.78639145699246 1.098948507899289, -78.759 1.127, -78.74407352941178 1.138323529411755, -78.727 1.155, -78.70814051841741 1.168271487039606, -78.687 1.187, -78.68193382742193 1.190408152461607, -78.679 1.193, -78.61991127098317 1.232515587530009, -78.585 1.259, -78.54925000000001 1.2800833333333266, -78.538 1.288, -78.53361275397312 1.2902277207804915, -78.52357142857058 1.2969428571434332, -78.522 1.298, -78.5219635727516 1.2980181107223705, -78.519 1.3, -78.49724999999998 1.3107500000000092, -78.468 1.328, -78.345 1.386, -78.161 1.448, -78.15121894904458 1.4499665605095566, -78.139 1.454, -78.0864524361949 1.4629883990719241, -77.972 1.486, -77.93976494023906 1.4880796812748995, -77.911 1.493, -77.84695505617977 1.4940674157303373, -77.755 1.5, -77.7056757018393 1.4964220716360117, -77.671 1.497, -77.6270105263158 1.4907157894736849, -77.562 1.486, -77.50131034482759 1.472758620689656, -77.454 1.466, -77.3924431599229 1.4490057803468155, -77.342 1.438, -77.31544577062792 1.427748832381943, -77.291 1.421, -77.134 1.359, -77.12384210526336 1.3532631578948513, -76.967 1.267, -76.95375613604484 1.257204242636721, -76.941 1.25, -76.86778794642862 1.1936183035714678, -76.798 1.142, -76.78875000000002 1.1327500000000268, -76.767 1.116, -76.65914285714273 1.0031428571427263, -76.629 0.973, -76.62479382030472 0.9672014808486424, -76.616 0.958, -76.489 0.781, -76.385 0.576, -76.38406324539213 0.5731246837730503, -76.384 0.573, -76.313 0.355, -76.277 0.14, -76.27679711767175 0.1311137540226122, -76.275 0.12, -76.275 0.0524000000001245, -76.272 -0.079, -76.275 -0.1023571428571508, -76.275 -0.119, -76.29046680942183 -0.2227773019271211, -76.3 -0.297, -76.30330957840889 -0.3089481390015897, -76.306 -0.327, -76.357 -0.503, -76.35716295996762 -0.5033679741204549, -76.359 -0.51, -76.426 -0.665, -76.43904091653026 -0.6882536824876866, -76.45 -0.713, -76.47305511811022 -0.7489055118109986, -76.509 -0.813, -76.54292523364487 -0.8577196261682246, -76.572 -0.903, -76.61561538461542 -0.9535384615385087, -76.641 -0.987, -76.66324137931029 -1.0087241379309806, -76.698 -1.049, -76.76579204892965 -1.1088899082568762, -76.813 -1.155, -76.83750821744628 -1.172246523388128, -76.861 -1.193, -76.9817947019866 -1.2737814569535375, -77.002 -1.288, -77.00638724602697 -1.2902277207805393, -77.021 -1.3, -77.195 -1.386, -77.379 -1.448, -77.3887810509554 -1.4499665605095504, -77.401 -1.454, -77.45354756380513 -1.4629883990719308, -77.568 -1.486, -77.60023505976095 -1.4880796812749002, -77.629 -1.493, -77.69304494382023 -1.494067415730337, -77.785 -1.5, -77.8343242981607 -1.4964220716360117, -77.869 -1.497, -77.91298947368422 -1.4907157894736833, -77.978 -1.486, -78.0386896551724 -1.4727586206896572, -78.086 -1.466, -78.14755684007709 -1.4490057803468166, -78.198 -1.438, -78.22455422937207 -1.4277488323819432, -78.249 -1.421, -78.406 -1.359, -78.4161578947372 -1.3532631578945438, -78.573 -1.267, -78.58624386395508 -1.2572042426367769, -78.599 -1.25, -78.67221205357153 -1.1936183035713543, -78.742 -1.142, -78.75125000000006 -1.1327499999999504, -78.773 -1.116, -78.88085714285712 -1.0031428571428826, -78.911 -0.973, -78.91520617969529 -0.9672014808486401, -78.924 -0.958, -79.051 -0.781, -79.155 -0.576, -79.15593675460788 -0.5731246837730505, -79.156 -0.573, -79.227 -0.355, -79.263 -0.14, -79.26320288232826 -0.1311137540226132, -79.265 -0.12, -79.265 -0.0524000000001245, -79.268 0.079, -79.265 0.1023571428571389, -79.265 0.119, -79.24953319057813 0.2227773019273656, -79.24 0.297, -79.2366904215911 0.3089481390015896, -79.234 0.327, -79.183 0.503, -79.18283704003233 0.5033679741205582, -79.181 0.51, -79.16464097814007 0.5478454983326754, -79.161 0.561, -79.1406095736724 0.6034405385190758), (-78.88275384615383 -0.3708769230769628, -78.866 -0.423, -78.86328214531285 -0.4284634425854004, -78.88275384615383 -0.3708769230769628), (-78.92532142857135 -0.2038571428575669, -78.91 -0.284, -78.90586324786327 -0.2972564102563223, -78.92532142857135 -0.2038571428575669), (-78.93347123287673 -0.1612273972602396, -78.93663009404389 -0.1225313479623997, -78.936 -0.147, -78.93428780487808 -0.1569560975608257, -78.9338598197372 -0.159194789067041, -78.93347123287673 -0.1612273972602396), (-78.93925650557621 0.1006133828995888, -78.94195544554455 0.0842698019801998, -78.94128133704734 0.0580919220056164, -78.93925650557621 0.1006133828995888)), ((-86.191 7.479, -86.129 7.636, -86.1232631578946 7.646157894737106, -86.037 7.803, -86.02720424263671 7.816243863955166, -86.02 7.829, -85.96361830357169 7.902212053571084, -85.912 7.972, -85.90274999999995 7.981250000000054, -85.886 8.003, -85.77314285714294 8.110857142857055, -85.743 8.141, -85.73720148084863 8.145206179695299, -85.728 8.154, -85.551 8.281, -85.346 8.385, -85.34312468377303 8.385936754607883, -85.343 8.386, -85.125 8.457, -84.91 8.493, -84.90111375402266 8.49320288232825, -84.89 8.495, -84.82240000000003 8.495, -84.691 8.498, -84.66764285714285 8.495, -84.651 8.495, -84.5472226980728 8.47953319057816, -84.473 8.47, -84.4610518609984 8.466690421591109, -84.443 8.464, -84.267 8.413, -84.26663202587947 8.412837040032342, -84.26 8.411, -84.105 8.344, -84.08174631751228 8.330959083469727, -84.057 8.32, -84.021094488189 8.296944881889775, -83.957 8.261, -83.91228037383173 8.22707476635511, -83.867 8.198, -83.81646153846157 8.15438461538464, -83.783 8.129, -83.76127586206896 8.106758620689645, -83.721 8.072, -83.66111009174317 8.004207951070393, -83.615 7.957, -83.59775347661183 7.932491782553666, -83.577 7.909, -83.49621854304631 7.788205298013179, -83.482 7.768, -83.47977227921947 7.763612753973038, -83.47 7.749, -83.384 7.575, -83.322 7.391, -83.32003343949044 7.381218949044573, -83.316 7.369, -83.30701160092806 7.316452436194834, -83.284 7.202, -83.2819203187251 7.169764940239042, -83.277 7.141, -83.27593258426965 7.076955056179749, -83.27 6.985, -83.27357792836399 6.935675701839255, -83.273 6.901, -83.27928421052633 6.857010526315662, -83.284 6.792, -83.29724137931032 6.731310344827698, -83.304 6.684, -83.32099421965312 6.622443159923176, -83.332 6.572, -83.3422511676181 6.545445770627789, -83.349 6.521, -83.411 6.364, -83.41673684210538 6.353842105262951, -83.503 6.197, -83.51279575736324 6.183756136044897, -83.52 6.171, -83.57638169642865 6.09778794642845, -83.628 6.028, -83.63725 6.018750000000008, -83.654 5.997, -83.76685714285708 5.889142857142916, -83.797 5.859, -83.80279851915135 5.854793820304712, -83.812 5.846, -83.989 5.719, -84.194 5.615, -84.19687531622698 5.614063245392116, -84.197 5.614, -84.415 5.543, -84.63 5.507, -84.63888624597735 5.50679711767175, -84.65 5.505, -84.71759999999999 5.505, -84.849 5.502, -84.87235714285714 5.505, -84.889 5.505, -84.99277730192729 5.520466809421854, -85.067 5.53, -85.07894813900157 5.533309578408888, -85.097 5.536, -85.273 5.587, -85.27336797412049 5.587162959967646, -85.28 5.589, -85.31784549833272 5.605359021859946, -85.331 5.609, -85.37344053851906 5.629390426327595, -85.435 5.656, -85.45825368248772 5.669040916530275, -85.483 5.68, -85.49554456165879 5.688054929065111, -85.51 5.695, -85.52889994761657 5.707485419940636, -85.544 5.715, -85.55822981979757 5.725108615156745, -85.583 5.739, -85.6260980810235 5.771695095948859, -85.63631034482752 5.778441379310307, -85.673 5.802, -85.70339578224623 5.828231976459067, -85.727 5.845, -85.74187895716943 5.859528864059571, -85.757 5.871, -85.77872413793101 5.893241379310309, -85.819 5.928, -85.82201570680627 5.931413612565434, -85.825 5.934, -85.86894850789933 5.983608543007577, -85.897 6.011, -85.90832352941182 6.025926470588286, -85.925 6.043, -85.93827148703959 6.061859481582563, -85.957 6.083, -85.9604081524616 6.088066172578068, -85.963 6.091, -86.00251558752996 6.15008872901676, -86.029 6.185, -86.0500833333333 6.220749999999943, -86.058 6.232, -86.0602277207806 6.236387246027088, -86.06694285714168 6.246428571426823, -86.068 6.248, -86.06801811072239 6.248036427248441, -86.07 6.251, -86.08075000000001 6.272750000000015, -86.098 6.302, -86.156 6.425, -86.218 6.609, -86.21996656050956 6.618781050955427, -86.224 6.631, -86.23298839907194 6.683547563805166, -86.256 6.798, -86.25807968127489 6.830235059760869, -86.263 6.859, -86.26406741573034 6.9230449438202495, -86.27 7.015, -86.266422071636 7.064324298160734, -86.267 7.099, -86.26071578947369 7.142989473684153, -86.256 7.208, -86.24275862068964 7.268689655172489, -86.236 7.316, -86.21900578034682 7.37755684007706, -86.208 7.428, -86.19774883238195 7.454554229372051, -86.191 7.479), (-84.34153655741464 5.906717854687132, -84.39912307692305 5.8872461538461645, -84.347 5.904, -84.34153655741464 5.906717854687132), (-84.4727435897436 5.8641367521367505, -84.5661428571426 5.844678571428623, -84.486 5.86, -84.4727435897436 5.8641367521367505), (-84.61304390243905 5.835712195121948, -84.60877260273973 5.836528767123287, -84.64746865203762 5.833369905956113, -84.623 5.834, -84.61304390243905 5.835712195121948), (-84.8542698019802 5.828044554455445, -84.82809192200557 5.828718662952646, -84.87061338289962 5.830743494423791, -84.8542698019802 5.828044554455445)), ((-294.22 113.481, -294.339 113.86, -294.29259084167444 113.78589813403161, -294.645 114.893, -294.831 115.656, -295.215 117.979, -295.268 118.527, -295.319 121.116, -295.304 121.431, -294.955 124.234, -294.939 124.312, -294.722 125.289, -294.13 127.262, -293.903 127.87, -292.862 130.133, -292.759 130.323, -291.309 132.61, -291.181 132.784, -289.577 134.69, -289.124 135.154, -287.591 136.531, -286.8 137.144, -286.736 137.191, -284.349 138.702, -284.071 138.85, -281.707 139.906, -281.189 140.093, -278.923 140.735, -278.154 140.892, -276.052 141.172, -275.034 141.23, -273.149 141.208, -271.898 141.099, -270.268 140.844, -268.816 140.503, -268.147 140.308, -267.495 140.096, -266.851 139.862, -266.215 139.607, -265.858 139.454, -265.143 139.122, -264.1 138.577, -263.089 137.975, -239.034 122.717, -237.756 121.906, -237.487 121.726, -185.43496618981874 86.81060338098867, -168.85578209086447 75.68977874890385, -157.276 67.923, -104.61092239516601 32.59631238939606, -104.60710412808312 32.99567326272524, -104.666 38.353, -104.654 39.951, -104.521 41.543, -104.267 43.121, -97.564 76.57, -97.541 76.552, -97.5033419203744 76.52108665105361, -97.42213486005119 76.45560305343535, -97.365 76.41, -97.282 76.343, -97.23076943005032 76.3012901554392, -96.686 75.862, -92.101 72.162, -83.042 120.836, -87.03 124.054, -87.133 124.137, -87.235 124.219, -87.334 124.299, -87.428 124.376, -87.577 124.496, -87.664 124.566, -87.754 124.638, -87.836 124.704, -87.889 124.748, -87.907 124.762, -84.145 143.541, -84.08774507081284 143.49479755623372, -84.054 143.468, -83.99882675814847 143.423044025158, -83.81282497253741 143.2729480043939, -83.749 143.222, -83.596 143.098, -83.58345527369192 143.08785580773855, -75.898 136.886, -72.839 153.318, -72.969 153.566, -73.159 154.037, -73.235 154.291, -73.335 154.788, -73.362 155.028, -73.372 155.535, -73.353 155.8, -73.3 156.171, -72.154 162.06, -72.066 162.417, -71.901 162.886, -71.792 163.124, -71.545 163.556, -71.248 163.955, -71.09 164.133, -70.77 164.438, -68.071 178.94, -68.337 179.144, -68.483 179.284, -68.795 179.625, -69.053 180.007, -69.156 180.182, -69.34 180.605, -69.409 180.797, -69.46 180.993, -69.545 181.447, -69.558 181.65, -69.559 182.111, -69.493 182.568, -69.45 182.767, -69.39 182.961, -69.223 183.391, -68.997 183.793, -68.886 183.963, -68.589 184.317, -68.448 184.463, -68.295 184.596, -67.927 184.875, -67.523 185.097, -67.338 185.183, -66.881 185.333, -66.839 185.56, -73.07 190.588, -74.018 188.986, -74.31992938208845 188.47698360656557, -75.333 186.766, -76.168 182.752, -76.913 179.172, -77.565 176.038, -78.122 173.362, -78.197 173.221, -74.94862841454425 189.4342282116104, -74.949 189.434, -74.29472727274852 192.69797072408502, -73.772 195.307, -72.2987986287341 204.21846825806833, -71.731 207.654, -71.07960305812088 211.5934428133534, -68.879 224.905, -68.436 226.948, -68.138 227.955, -67.793 228.936, -66.955 230.85, -66.9289972141861 230.89780456444893, -66.725 231.296, -66.71557602600288 231.29016663743204, -66.237 232.17, -65.899 232.72, -65.545 233.261, -65.38208344976513 233.49392663533578, -65.342 233.556, -65.29187960131365 233.6228937592029, -65.175 233.79, -64.788 234.307, -64.66990787370126 234.45301538768956, -64.589 234.561, -64.50027998756977 234.66275233064033, -64.179 235.06, -63.536 235.784, -63.40859819318976 235.91479416261288, -63.35 235.982, -63.09841954359279 236.2332320070216, -62.86 236.478, -62.75273655727918 236.5784362080356, -62.628 236.703, -62.528496457974306 236.78840359946395, -62.153 237.14, -61.851 237.398, -61.90004561731793 237.32780112025105, -61.019 238.084, -60.389 238.553, -58.401 239.815, -57.917 240.077, -55.554 241.136, -55.259 241.245, -52.542 242.019, -52.464 242.035, -51.48 242.217, -49.432 242.442, -48.784 242.471, -46.294 242.398, -46.079 242.377, -43.407 241.936, -43.197 241.886, -40.815 241.154, -40.211 240.918, -38.345 240.046, -37.472 239.557, -37.403 239.516, -35.08 237.909, -34.835 237.711, -32.939 235.948, -32.565 235.544, -31.088 233.71, -30.643 233.063, -29.565 231.237, -29.113 230.322, -28.396 228.579, -28.008 227.385, -27.606 225.784, -27.353 224.315, -27.27 223.623, -27.211 222.94, -27.175 222.256, -27.161 221.571, -27.163 221.182, -27.189 220.395, -27.282 219.222, -27.442 218.056, -32.087 189.951, -32.334 188.458, -32.395 188.139, -39.25776919587461 152.3385633979883, -46.476 114.683, -60.630536160272584 40.84437471290789, -56.59 42.632, -49.51994296232441 45.75881929292359, -29.568 54.584, -29.57 54.554, -29.575 54.468, -29.584 54.329, -29.591 54.223, -29.601 54.077, -29.613 53.88, -29.627 53.673, -29.641 53.458, -30.022 47.578, 14.977 68.226, 15.309 73.34, 15.317 73.472, 15.326 73.603, 15.334 73.73, 15.342 73.851, 15.354 74.042, 15.361 74.154, 15.369 74.268, 15.376 74.374, 15.38 74.442, 15.382 74.466, 32.897 82.213, 32.895 82.183, 32.889 82.097, 32.88 81.957, 32.873 81.851, 32.864 81.706, 32.851 81.509, 32.837 81.302, 32.824 81.087, 32.211 71.638, 47.402 78.608, 47.53 78.858, 47.805 79.283, 47.969 79.492, 48.318 79.861, 48.499 80.021, 48.907 80.321, 49.134 80.459, 49.468 80.629, 54.941 83.086, 55.284 83.22, 55.763 83.355, 56.019 83.403, 56.515 83.45, 57.013 83.438, 57.248 83.412, 57.683 83.326, 67.87249403222698 88.00118855678265, 67.865 88.081, 67.886 88.509, 67.968 88.929, 68.109 89.333, 68.306 89.713, 68.554 90.061, 68.85 90.371, 69.187 90.635, 69.558 90.848, 72.41598608521277 92.22987480321034, 72.447 92.255, 72.824 92.521, 73.235 92.73, 73.422 92.81, 73.615 92.872, 73.88216146551365 92.93879036637841, 77.36120042765805 94.6209526085422, 77.673 99.436, 77.728 100.276, 75.872 100.128, 75.66416695652362 100.11147130434797, 75.10512175102488 100.06690424076598, 74.549 100.022, 74.19147787610889 99.99406858407102, 73.75257142857146 99.95907897793265, 73.604 99.947, 73.3 99.923, 69.539 98.292, 66.183 96.837, 60.739 94.477, 60.67 94.468, 60.62 94.462, 60.6187804878052 94.46187804878052, 60.58 94.457, 75.70209666999718 101.14595848820457, 75.702 101.146, 76.37540316505984 101.44378221553521, 81.18 103.569, 83.938 104.903, 92.446 109.017, 95.80905677068208 110.64249127548642, 108.188 116.628, 110.112 117.443, 111.108 117.78, 112.108 118.063, 114.155 118.481, 114.167 118.483, 114.17183073684234 118.48337052631581, 114.17183073684237 118.48337052631581, 114.652 118.551, 114.65271891572581 118.53900608930763, 115.648 118.655, 116.292 118.697, 116.937 118.719, 117.22031659775543 118.71987714116952, 117.296 118.723, 117.38688838003567 118.72039284328184, 117.583 118.721, 118.229 118.703, 118.41413418681852 118.69092603129445, 118.551 118.687, 118.68172143073647 118.6734746892998, 119.195 118.64, 120.158 118.531, 120.3435197801536 118.50153395341344, 120.426 118.493, 120.72787598709 118.44048678156983, 121.115 118.379, 121.28799634471234 118.34305033764944, 121.432 118.318, 121.54243304816812 118.2901768876697, 122.063 118.182, 122.448 118.084, 122.36225830723082 118.08362558212765, 123.488 117.8, 124.234 117.555, 126.411 116.657, 126.904 116.413, 129.132 115.092, 129.391 114.914, 131.589 113.139, 131.647 113.085, 132.363 112.386, 133.727 110.842, 134.124 110.33, 135.499 108.252, 135.607 108.064, 136.785 105.627, 136.866 105.426, 137.641 103.058, 137.796 102.428, 138.158 100.4, 138.262 99.405, 138.268 99.325, 138.294 96.501, 138.273 96.187, 137.925 93.62, 137.811 93.082, 137.162 90.818, 136.89 90.082, 136.02 88.148, 135.533 87.252, 134.521 85.661, 133.769 84.656, 132.692 83.405, 131.638 82.351, 131.12 81.885, 130.596 81.444, 130.058 81.019, 129.506 80.613, 129.187 80.39, 128.528 79.958, 127.516 79.359, 126.471 78.817, 123.55020727260226 77.40460964661885, 151.378 65.492, 151.59 65.36, 151.64 65.338, 151.679 65.322, 151.694 65.317, 151.887 65.172, 152.008 65.057, 151.968 65.074, 152.06 65.005, 152.212 64.818, 152.223 64.764, 152.262 64.747, 152.341 64.614, 152.382 64.539, 152.422 64.408, 152.498 64.25, 152.52 64.167, 152.549 64.024, 152.568 63.931, 152.58 63.846, 152.585 63.776, 152.587 63.69, 152.588 63.605, 152.585 63.535, 152.577 63.45, 152.568 63.365, 152.539 63.244, 152.519 63.128, 152.499 63.061, 152.47 62.98, 152.423 62.869, 152.429 62.867, 150.139 57.517, 150.07378553917997 57.36460974042465, 154.907 54.816, 154.904 54.809, 155.081 54.71, 155.148 54.657, 155.232 54.593, 155.406 54.434, 155.424 54.391, 155.477 54.356, 155.535 54.293, 155.65 54.127, 155.711 54.025, 155.76 53.932, 155.809 53.825, 155.816 53.827, 178.176 1.084, 178.264 0.822, 178.258 0.791, 178.275 0.752, 178.283 0.738, 178.321 0.5, 178.329 0.333, 178.312 0.373, 178.33 0.26, 178.311 0.019, 178.281 -0.027, 178.297 -0.066, 178.262 -0.217, 178.24 -0.299, 178.178 -0.422, 178.123 -0.588, 178.081 -0.663, 178.003 -0.787, 177.952 -0.867, 177.902 -0.936, 177.857 -0.99, 177.799 -1.053, 177.741 -1.116, 177.69 -1.164, 177.625 -1.22, 177.56 -1.275, 177.456 -1.342, 177.361 -1.411, 177.3 -1.446, 177.223 -1.484, 177.112 -1.532, 177.115 -1.538, 171.758 -3.809, 167.82493349513572 -5.476479326352771, 168.838 -11.933, 170.644 -23.445, 170.637 -23.446, 170.663 -23.648, 170.661 -23.733, 170.66 -23.839, 170.636 -24.073, 170.612 -24.114, 170.616 -24.177, 170.6 -24.261, 170.536 -24.452, 170.491 -24.562, 170.445 -24.658, 170.389 -24.761, 170.395 -24.764, 141.486 -74.223, 141.329 -74.451, 141.301 -74.464, 141.28 -74.501, 141.274 -74.515, 141.106 -74.688, 140.976 -74.794, 140.998 -74.757, 140.918 -74.84, 140.714 -74.968, 140.659 -74.971, 140.637 -75.008, 140.495 -75.07, 140.416 -75.101, 140.281 -75.125, 140.114 -75.18, 140.03 -75.192, 139.884 -75.203, 139.789 -75.21, 139.704 -75.211, 139.633 -75.208, 139.549 -75.199, 139.464 -75.19, 139.394 -75.178, 139.311 -75.159, 139.228 -75.14, 139.112 -75.096, 138.999 -75.062, 138.935 -75.034, 138.858 -74.995, 138.754 -74.934, 138.751 -74.941, 130.52 -70.13, 121.369 -64.781, 118.163 -62.907, 118.175 -62.887, 118.13166666666685 -62.879666666666694, 118.121 -62.878, 118.11 -62.876, 94.121 -48.855, 94.15301472205853 -48.80023369881357, 85.923 -43.99, 85.84 -43.976, 85.761 -43.954, 85.644 -43.9, 82.09035748772419 -41.82308762453217, 81.666 -42.003, 73.152 -45.613, 72.89 -45.701, 72.859 -45.695, 72.82 -45.712, 72.806 -45.72, 72.568 -45.758, 72.401 -45.766, 72.441 -45.749, 72.327 -45.767, 72.087 -45.747, 72.041 -45.717, 72.002 -45.734, 71.851 -45.699, 71.769 -45.677, 71.646 -45.615, 71.48 -45.56, 71.405 -45.518, 71.281 -45.44, 71.201 -45.389, 71.132 -45.339, 71.078 -45.294, 71.015 -45.236, 70.952 -45.178, 70.904 -45.127, 70.848 -45.062, 70.793 -44.997, 70.726 -44.893, 70.657 -44.798, 70.622 -44.737, 70.584 -44.66, 70.536 -44.549, 70.53 -44.552, 65.1426069649173 -31.843904730242258, 61.882 -29.938, 61.799 -29.925, 61.72 -29.902, 61.603 -29.849, 49.245 -22.626, 41.262 -17.959, 41.034 -17.802, 41.021 -17.774, 40.984 -17.752, 40.969 -17.746, 40.796 -17.578, 40.691 -17.449, 40.728 -17.471, 40.645 -17.391, 40.517 -17.186, 40.514 -17.132, 40.477 -17.11, 40.415 -16.968, 40.384 -16.889, 40.36 -16.754, 40.305 -16.587, 40.293 -16.503, 40.282 -16.357, 40.275 -16.262, 40.274 -16.177, 40.277 -16.106, 40.286 -16.021, 40.295 -15.936, 40.307 -15.867, 40.326 -15.784, 40.345 -15.7, 40.389 -15.584, 40.423 -15.472, 40.451 -15.407, 40.49 -15.331, 40.55 -15.227, 40.544 -15.223, 53.3081860191681 6.614357011953285, 52.315 8.52, 52.264 8.63, 52.227 8.732, 52.199 8.881, 49.749 13.582, 49.735 13.549, 49.725 13.525, 49.719 13.511, 49.717 13.507, 42.741 26.892, 38.653 34.736, 37.37649494824844 37.672429203296616, 31.022 34.798, 11.168 25.817, -55.421 -4.304, -59.06 -6.184, -62.485 -8.431, -65.658 -11.02, -70.667 -15.56, -71.15678833049405 -15.94279968355059, -71.61 -16.365, -71.64430903462076 -16.388695742797722, -71.676 -16.418, -72.39308128100609 -16.909038609158415, -73.075 -17.442, -73.61374006064756 -17.748895222801117, -74.125 -18.102, -74.17463885889637 -18.129002898221273, -74.198 -18.145, -74.25769238281255 -18.17418294270836, -75.364 -18.776, -75.62031558270188 -18.891948221621966, -75.731 -18.955, -75.93994999661022 -19.03653967201755, -76.865 -19.455, -76.93400000000001 -19.482600000000005, -76.943 -19.487, -76.9529216354344 -19.490168654173758, -77.13 -19.561, -78.28127959389299 -19.950209212790696, -78.578 -20.066, -78.72216330734346 -20.09925728413195, -78.961 -20.18, -79.773 -20.397, -79.8204247746987 -20.405957774886605, -79.855 -20.417, -80.04223065156978 -20.447853326866774, -81.09627644477669 -20.646945573392074, -81.556 -20.753, -81.73376239177861 -20.767356384890853, -81.986 -20.815, -82.787 -20.906, -82.83865841773748 -20.908670501861913, -82.871 -20.914, -82.97851461472231 -20.915900421995094, -84.586 -20.999, -84.5987356326577 -20.998736364292117, -84.602 -20.999, -84.60949049519448 -20.998513731787373, -85.842 -20.973, -85.90584788959524 -20.967643792483845, -85.926 -20.968, -85.97175032017253 -20.962115229265407, -87.189 -20.86, -87.50271508066658 -20.810691283287873, -87.652 -20.801, -87.89675222069023 -20.748757806356515, -88.875 -20.595, -88.94302580228995 -20.57992610062893, -88.958 -20.578, -88.98152601344735 -20.57139480383837, -89.755 -20.4, -90.31073331604276 -20.233495197177895, -90.641 -20.163, -91.03300141546774 -20.017094445220454, -91.821 -19.781, -91.89846930280954 -19.75242976066598, -91.9 -19.752, -91.901755393779 -19.751217868960936, -92.244 -19.625, -92.96397039599599 -19.2983748456244, -93.505 -19.097, -93.9696763448345 -18.84212155712437, -94.618 -18.548, -105.05247408402909 -13.266482913517828, -105.94825018104326 -12.83493521756221, -108.22933323158453 -11.790107788889811, -115.72911834820566 -8.489274005443201, -122.87809216814459 -5.373599346400891, -127.849 -3.328, -129.315 -2.693, -130.728 -1.948, -132.081 -1.098, -151.4795662649242 12.151363299258321, -159.075 17.339, -157.46787167608508 16.241419897041396, -160.252 18.143, -160.226 18.156, -160.15 18.197, -160.026 18.263, -159.933 18.313, -159.804 18.382, -159.63 18.475, -159.447 18.572, -159.257 18.674, -154.059 21.449, -195.324 48.807, -200.839 45.862, -216.655 56.664, -216.629 56.677, -216.552 56.718, -216.429 56.784, -216.335 56.834, -216.206 56.903, -216.032 56.996, -215.849 57.093, -215.66 57.195, -207.306 61.654, -221.237 70.89, -221.517 70.868, -222.023 70.877, -222.288 70.907, -222.784 71.008, -223.015 71.078, -223.486 71.266, -223.723 71.387, -224.043 71.581, -229.016 74.937, -229.311 75.158, -229.678 75.494, -229.854 75.686, -230.155 76.083, -230.407 76.512, -230.509 76.726, -230.664 77.141, -242.959 85.292, -243.25 85.126, -243.437 85.046, -243.872 84.893, -244.325 84.804, -244.527 84.778, -244.988 84.774, -245.191 84.785, -245.392 84.816, -245.842 84.915, -246.034 84.981, -246.459 85.161, -246.854 85.4, -247.02 85.517, -247.175 85.649, -247.506 85.97, -247.788 86.336, -247.901 86.504, -248.111 86.915, -248.191 87.102, -248.253 87.296, -248.365 87.743, -248.412 88.202, -248.42 88.405, -248.378 88.885, -248.571 89.013, -254.89208489376836 85.63811522944917, -254.892 85.638, -255.634 85.242, -253.60845752143075 82.49024707715829, -253.401 82.209, -253.181 81.91, -253.001 81.665, -249.632 79.328, -247.31349427310326 77.71878414095217, -245.76543164559746 76.64467721520919, -243.997 75.418, -241.752 73.86, -241.708 73.806, -241.677 73.767, -241.658 73.744, -241.652 73.736, -255.30601432639097 83.06109526176417, -255.306 83.061, -259.025 85.601, -259.02499478801406 85.60100821463132, -260.252 86.439, -262.84 88.08, -270.82 93.142, -271.5327365275722 93.59421257052013, -285.586 102.508, -287.293 103.714, -288.103 104.383, -288.871 105.083, -290.306 106.603, -290.3248444607479 106.62672707263334, -290.627 106.988, -290.61724459406844 106.99488826833459, -291.24 107.779, -291.615 108.305, -291.974 108.842, -292.1294437382062 109.0910735922134, -292.166 109.145, -292.206627476349 109.2147481199979, -292.316 109.39, -292.642 109.948, -292.72936467816214 110.11216879083214, -292.798 110.23, -292.8593483790341 110.3564238770861, -293.097 110.803, -293.512 111.678, -293.58492372067656 111.85165568683776, -293.621 111.926, -293.73195870265886 112.20179499059823, -293.887 112.571, -293.95238094326993 112.7496686437706, -294.002 112.873, -294.03200127956126 112.9672497429451, -294.22 113.481), (-84.122 143.522, -84.09012499999925 143.49668749999938, -84.145 143.541, -84.122 143.522), (-77.57071825646581 176.01147310517473, -77.57071825646592 176.01147310517416, -77.565 176.038, -77.57071825646581 176.01147310517473), (-66.949 230.86, -66.94447884491542 230.86758496210828, -66.94423998144799 230.86805121525217, -66.955 230.85, -66.949 230.86), (151.375 65.486, 151.367 65.466, 151.353 65.434, 151.467 65.412, 151.378 65.492, 151.375 65.486), (178.169 1.081, 178.15 1.073, 178.117 1.059, 178.185 0.965, 178.176 1.084, 178.169 1.081), (141.48 -74.22, 141.462 -74.209, 141.432 -74.191, 141.396 -74.301, 141.486 -74.223, 141.48 -74.22), (73.149 -45.606, 73.141 -45.587, 73.127 -45.554, 73.033 -45.622, 73.152 -45.613, 73.149 -45.606), (41.265 -17.953, 41.276 -17.935, 41.294 -17.904, 41.183 -17.869, 41.262 -17.959, 41.265 -17.953), (-200.66925658807284 45.95275728155301, -200.758 45.906, -200.819 45.873, -200.839 45.862, -200.66925658807284 45.95275728155301), (167.80224820146788 -5.331900400042504, 167.80224820146788 -5.331900400042506, 177.054 -1.393, 167.80224820146788 -5.331900400042504), (167.80295531047017 -5.3364069787023505, 167.80295531047017 -5.336406978702351, 177.054 -1.393, 167.80295531047017 -5.3364069787023505), (171.03365013774112 0.1739256198327604, 171.04362747154448 -0.1990731669698207, 171.045 -0.187, 171.03365013774112 0.1739256198327604), (171.03043460674155 0.2761795056181023, 171.03 0.29, 170.96309573612254 0.654861625099062, 171.03043460674155 0.2761795056181023), (170.98737750490855 -0.6755769937981099, 170.991 -0.662, 171.0165533299947 -0.4372253380093564, 170.98737750490855 -0.6755769937981099), (170.79 1.211, 170.94483942387808 0.7544222116415671, 170.944 0.759, 170.79 1.211), (170.92508383445337 -0.9090516448536659, 170.8600200810968 -1.1414931453947441, 170.868 -1.123, 170.92508383445337 -0.9090516448536659), (170.77127161572028 -1.3471641921402884, 170.66515326162045 -1.5833975130760878, 170.679 -1.561, 170.77127161572028 -1.3471641921402884), (170.428 -1.967, 170.55248688193743 -1.7656387487386447, 170.40801293900185 -1.990621072088711, 170.428 -1.967), (170.286 2.033, 170.28558575275105 2.033425310231852, 170.3405229357881 1.9574770642087107, 170.286 2.033), (169.98697183099264 2.340014084500141, 169.949 2.379, 169.94855500332295 2.3793375039732547, 169.98697183099264 2.340014084500141), (169.55906219927243 2.6736954582795076, 169.738041095891 2.538999999999553, 169.564 2.671, 169.55906219927243 2.6736954582795076), (168.343 -1.668, 168.577 -1.568, 168.793 -1.435, 168.988 -1.272, 169.155 -1.081, 169.293 -0.867, 169.397 -0.635, 169.465 -0.391, 169.496 -0.138, 169.489 0.116, 169.445 0.366, 169.363 0.606, 169.247 0.832, 169.098 1.038, 168.92 1.22, 168.718 1.373, 168.494 1.494, 168.255 1.58, 168.006 1.63, 167.752 1.642, 167.499 1.616, 167.253 1.553, 167.019 1.454, 166.803 1.321, 166.76359527622057 1.28768879020707, 167.22496965756238 -1.6527630134222855, 167.341 -1.695, 167.59 -1.744, 167.844 -1.757, 168.097 -1.731, 168.343 -1.668), (169.1365616907623 2.9038915403820655, 169.30845043103525 2.8104999999995828, 169.139 2.903, 169.1365616907623 2.9038915403820655), (168.685 3.069, 168.68055282358523 3.0699120002372786, 168.8361743697487 3.013724789915673, 168.685 3.069), (168.42918997574768 3.121459983831873, 168.212 3.166, 168.20381282640486 3.1664407174192, 168.42918997574768 3.121459983831873), (167.93996551724135 3.180643678160921, 167.729 3.192, 167.72252991150444 3.191381238938053, 167.93996551724135 3.180643678160921), (167.47957314410488 3.1681462882096127, 167.248 3.146, 167.23548803726445 3.1428786788058414, 167.47957314410488 3.1681462882096127), (167.07175838544666 3.1020335417851985, 166.779 3.029, 166.7642756727567 3.0228730987309813, 167.07175838544666 3.1020335417851985), (166.50806261502595 2.916260953903418, 166.50813859405315 2.9157767209754892, 166.58500000000055 2.9482751677854684, 166.50806261502595 2.916260953903418), (158.771 -27.618, 158.734 -27.367, 158.66 -27.124, 158.551 -26.894, 158.409 -26.684, 158.238 -26.496, 158.04 -26.337, 157.82 -26.209, 157.584 -26.115, 157.337 -26.057, 157.084 -26.036, 156.83 -26.054, 156.582 -26.109, 156.345 -26.201, 156.124 -26.327, 155.925 -26.484, 155.751 -26.669, 155.607 -26.879, 155.495 -27.107, 155.419 -27.349, 155.38 -27.6, 155.379 -27.854, 155.415 -28.106, 155.489 -28.349, 155.598 -28.579, 155.74 -28.789, 155.912 -28.976, 156.109 -29.136, 156.329 -29.264, 156.565 -29.358, 156.812 -29.416, 157.066 -29.436, 157.319 -29.419, 157.567 -29.364, 157.804 -29.272, 158.025 -29.146, 158.224 -28.989, 158.398 -28.803, 158.542 -28.594, 158.654 -28.366, 158.73 -28.124, 158.769 -27.873, 158.771 -27.618), (148.536 41.455, 148.543 41.201, 148.587 40.951, 148.669 40.71, 148.785 40.484, 148.934 40.278, 149.112 40.096, 149.314 39.943, 149.538 39.822, 149.777 39.736, 150.026 39.686, 150.28 39.674, 150.532 39.7, 150.779 39.763, 151.012 39.862, 151.229 39.995, 151.423 40.159, 151.591 40.35, 151.728 40.563, 151.832 40.795, 151.901 41.04, 151.932 41.292, 151.925 41.546, 151.88 41.796, 151.799 42.037, 151.683 42.263, 151.534 42.469, 151.356 42.65, 151.153 42.803, 150.93 42.924, 150.691 43.011, 150.442 43.061, 150.188 43.073, 149.935 43.047, 149.689 42.984, 149.455 42.885, 149.239 42.752, 149.044 42.588, 148.877 42.397, 148.739 42.183, 148.635 41.952, 148.567 41.707, 148.536 41.455), (147.7245578174576 58.60338461842611, 147.72467601114073 58.60332229353354, 147.72224709398876 58.60982364662891, 147.7245578174576 58.60338461842611), (147.51303225806447 59.06232258064524, 147.64480264249698 58.81711508265778, 147.637 58.838, 147.51303225806447 59.06232258064524), (145.965 -48.844, 146.213 -48.789, 146.45 -48.697, 146.671 -48.571, 146.87 -48.414, 147.044 -48.229, 147.188 -48.02, 147.3 -47.791, 147.376 -47.549, 147.415 -47.298, 147.417 -47.044, 147.38 -46.792, 147.307 -46.549, 147.198 -46.32, 147.056 -46.109, 146.884 -45.922, 146.686 -45.762, 146.467 -45.634, 146.231 -45.54, 145.983 -45.482, 145.73 -45.462, 145.476 -45.479, 145.228 -45.535, 144.991 -45.626, 144.771 -45.752, 144.571 -45.909, 144.397 -46.095, 144.253 -46.304, 144.142 -46.532, 144.065 -46.775, 144.026 -47.026, 144.025 -47.28, 144.061 -47.531, 144.135 -47.774, 144.244 -48.004, 144.386 -48.214, 144.558 -48.402, 144.756 -48.561, 144.975 -48.689, 145.211 -48.783, 145.458 -48.841, 145.712 -48.862, 145.965 -48.844), (147.2569686098653 59.45128251121099, 147.41433021806853 59.24092627206647, 147.406 59.256, 147.2569686098653 59.45128251121099), (146.92673076923052 59.82028846153871, 147.12291408407492 59.62694016569496, 147.116 59.636, 146.92673076923052 59.82028846153871), (146.7802591886741 59.96290552681732, 146.774 59.969, 146.54778260869622 60.13208695652133, 146.7802591886741 59.96290552681732), (146.38879887369265 60.24670313757041, 146.387 60.248, 145.963 60.468, 146.38879887369265 60.24670313757041), (144.6454883720926 60.723744186046524, 144.547 60.727, 144.54553556485357 60.72682914923291, 144.6454883720926 60.723744186046524), (144.06097496051015 60.66935798279997, 144.31718867924553 60.70018867924531, 144.067 60.671, 144.06097496051015 60.66935798279997), (143.89338308206308 60.623624823902006, 143.91235398230043 60.62885398230076, 143.89330934816056 60.623663706472946, 143.89338308206308 60.623624823902006), (133.157 -32.133, 133.145 -32.282, 133.155 -32.431, 133.187 -32.577, 133.241 -32.717, 133.315 -32.846, 133.408 -32.964, 133.517 -33.066, 133.64 -33.151, 137.957 -35.674, 138.091 -35.739, 138.234 -35.784, 138.381 -35.807, 138.531 -35.808, 138.679 -35.787, 138.822 -35.743, 138.957 -35.679, 139.081 -35.596, 139.191 -35.495, 139.284 -35.378, 139.36 -35.249, 139.415 -35.11, 139.449 -34.965, 139.461 -34.816, 139.451 -34.667, 139.418 -34.521, 139.365 -34.381, 139.291 -34.252, 139.198 -34.134, 139.089 -34.032, 138.966 -33.947, 134.649 -31.424, 134.515 -31.359, 134.372 -31.314, 134.225 -31.291, 134.075 -31.29, 133.927 -31.311, 133.784 -31.355, 133.649 -31.419, 133.525 -31.502, 133.415 -31.603, 133.321 -31.72, 133.246 -31.849, 133.191 -31.988, 133.157 -32.133), (137.8654236822405 101.90419313850045, 138.258 99.325, 137.86542368224056 101.90419313850015, 137.8654236822405 101.90419313850045), (137.606 -66.854, 137.61 -66.371, 137.60898251413658 -66.36383270987382, 137.606 -66.847, 137.57046931407956 -67.07746931407847, 137.606 -66.854), (137.59319101123626 -66.25259550562, 137.542 -65.892, 137.53926692284952 -65.88283032811104, 137.59319101123626 -66.25259550562), (137.5112153846165 -65.78871538461907, 137.404 -65.429, 137.40098201334496 -65.42258311575286, 137.5112153846165 -65.78871538461907), (136.9013383233533 -68.6207125748503, 136.902 -68.62, 137.173 -68.227, 136.9013383233533 -68.6207125748503), (137.385 -67.793, 137.38584099000803 -67.79032623176758, 137.173 -68.227, 137.385 -67.793), (137.3069494584839 -65.22264981949486, 137.198 -64.991, 137.19333067729082 -64.9839960159362, 137.3069494584839 -65.22264981949486), (137.03514285714317 -64.74671428571476, 136.93 -64.589, 136.92647789851873 -64.58512026975293, 137.03514285714317 -64.74671428571476), (136.57028496345072 -68.97536482812785, 136.577 -68.97, 136.74543478260912 -68.7886086956517, 136.57028496345072 -68.97536482812785), (136.70372555865828 -64.33974999999897, 136.605 -64.231, 136.60010235414538 -64.22699283520987, 136.70372555865828 -64.33974999999897), (136.204 -69.268, 136.4362002559192 -69.082488803582, 136.19160126190764 -69.27522256587905, 136.204 -69.268), (136.34872340425542 -64.02131914893627, 136.231 -63.925, 136.2247142039808 -63.92125881538135, 136.34872340425542 -64.02131914893627), (132.708 -66.956, 132.781 -67.2, 132.89 -67.429, 133.032 -67.64, 133.204 -67.827, 133.402 -67.986, 133.621 -68.115, 133.857 -68.209, 134.105 -68.267, 134.358 -68.287, 134.611 -68.269, 134.859 -68.214, 135.096 -68.122, 135.317 -67.997, 135.517 -67.839, 135.69 -67.654, 135.835 -67.445, 135.946 -67.216, 136.022 -66.974, 136.061 -66.723, 136.063 -66.469, 136.026 -66.217, 135.953 -65.974, 135.844 -65.745, 135.702 -65.534, 135.53 -65.347, 135.332 -65.187, 135.113 -65.059, 134.877 -64.965, 134.629 -64.907, 134.376 -64.887, 134.123 -64.905, 133.875 -64.96, 133.637 -65.051, 133.417 -65.177, 133.217 -65.335, 133.043 -65.52, 132.899 -65.729, 132.788 -65.957, 132.712 -66.2, 132.672 -66.451, 132.671 -66.705, 132.708 -66.956), (135.792 -69.508, 136.02846478873315 -69.37025352112632, 135.77623826748572 -69.51429757709938, 135.792 -69.508), (135.80778018922106 -63.67464235407914, 135.954561606161 -63.76046919691993, 135.816 -63.678, 135.80778018922106 -63.67464235407914), (135.349 -69.685, 135.563494728916 -69.59929894578299, 135.33004327151681 -69.68948438738312, 135.349 -69.685), (135.368 -63.495, 135.3567445573295 -63.49226995645864, 135.53891329479728 -63.56481502890156, 135.368 -63.495), (135.0957722772274 -63.42897029702963, 134.898 -63.381, 134.8839886908842 -63.379718300205624, 135.0957722772274 -63.42897029702963), (134.884 -69.795, 135.08851583710435 -69.74661990950219, 134.86088957853636 -69.79704344779257, 134.884 -69.795), (134.66100748916034 -63.35932085139928, 134.417 -63.337, 134.39809022602134 -63.33813536945214, 134.66100748916034 -63.35932085139928), (134.18987259010905 -63.35063704945515, 133.934 -63.366, 133.91550034036757 -63.36991113311468, 134.18987259010905 -63.35063704945515), (133.6834039735098 -63.41898013245036, 133.461 -63.466, 133.44595509402197 -63.47157956777994, 133.6834039735098 -63.41898013245036), (130.424 90.927, 130.713 90.788, 131.021 90.694, 131.338 90.647, 131.66 90.647, 131.978 90.696, 132.284 90.791, 132.574 90.931, 132.839 91.112, 133.074 91.331, 133.274 91.583, 133.434 91.861, 133.551 92.161, 133.622 92.474, 133.646 92.794, 133.621 93.115, 133.549 93.428, 133.431 93.727, 133.27 94.005, 133.069 94.256, 132.834 94.474, 132.568 94.655, 132.278 94.794, 131.971 94.888, 131.653 94.935, 131.332 94.935, 131.014 94.886, 130.707 94.791, 130.418 94.651, 130.153 94.47, 129.917 94.251, 129.717 93.999, 129.557 93.721, 129.44 93.421, 129.369 93.108, 129.346 92.788, 129.37 92.467, 129.442 92.154, 129.56 91.855, 129.721 91.577, 129.922 91.326, 130.158 91.108, 130.424 90.927), (132.98963741007194 -63.64420143884893, 133.22190409590377 -63.55467132867146, 133.008 -63.634, 132.98963741007194 -63.64420143884893), (132.56967517708168 -63.88076370218796, 132.77888135593244 -63.761288135593084, 132.585 -63.869, 132.56967517708168 -63.88076370218796), (132.18600763067525 -64.17956352537206, 132.37739033343573 -64.02836616702324, 132.202 -64.163, 132.18600763067525 -64.17956352537206), (129.809 103.299, 129.963 103.156, 130.136 103.039, 130.324 102.948, 130.524 102.887, 130.731 102.856, 130.941 102.856, 131.147 102.888, 131.347 102.95, 131.536 103.041, 131.708 103.159, 131.862 103.302, 131.992 103.466, 132.096 103.647, 132.172 103.842, 132.218 104.046, 132.234 104.255, 132.218 104.463, 132.171 104.667, 132.094 104.862, 131.989 105.043, 131.859 105.206, 131.705 105.348, 131.532 105.466, 131.343 105.556, 131.143 105.618, 130.936 105.649, 130.727 105.648, 130.52 105.617, 130.32 105.555, 130.132 105.464, 129.959 105.346, 129.806 105.203, 129.676 105.039, 129.571 104.858, 129.495 104.663, 129.449 104.459, 129.434 104.25, 129.45 104.042, 129.497 103.838, 129.573 103.643, 129.678 103.462, 129.809 103.299), (132.0322253521126 -64.3388380281691, 131.866 -64.511, 131.85110224690743 -64.5319632668517, 132.0322253521126 -64.3388380281691), (125.621 -44.938, 125.587 -45.083, 125.575 -45.232, 125.586 -45.381, 125.618 -45.527, 125.672 -45.667, 125.746 -45.797, 125.839 -45.914, 125.948 -46.016, 126.071 -46.101, 130.387 -48.624, 130.522 -48.69, 130.664 -48.734, 130.812 -48.758, 130.961 -48.758, 131.109 -48.737, 131.252 -48.694, 131.387 -48.629, 131.511 -48.546, 131.621 -48.445, 131.715 -48.328, 131.791 -48.199, 131.846 -48.061, 131.88 -47.915, 131.892 -47.766, 131.882 -47.617, 131.849 -47.471, 131.795 -47.332, 131.721 -47.202, 131.629 -47.084, 131.52 -46.982, 131.397 -46.897, 127.08 -44.374, 126.946 -44.309, 126.803 -44.264, 126.655 -44.241, 126.506 -44.24, 126.358 -44.262, 126.215 -44.305, 126.08 -44.369, 125.956 -44.452, 125.846 -44.554, 125.752 -44.67, 125.677 -44.799, 125.621 -44.938), (131.79509063095998 -68.57039307851242, 131.6625319819818 -68.37326711711682, 131.774 -68.546, 131.79509063095998 -68.57039307851242), (131.57488097971682 -64.92688263809157, 131.72290417690363 -64.71235626535704, 131.586 -64.905, 131.57488097971682 -64.92688263809157), (131.367 -65.336, 131.358665216701 -65.36116885219889, 131.46974735126346 -65.13378945938558, 131.367 -65.336), (131.3257303133626 -67.72721139795433, 131.25133452807626 -67.48011111111043, 131.313 -67.699, 131.3257303133626 -67.72721139795433), (131.215 -65.795, 131.21082106893883 -65.81896591789307, 131.28247865680152 -65.5912322140007, 131.215 -65.795), (131.16808695652173 -66.06404347826097, 131.132 -66.271, 131.13136015511392 -66.29909500727099, 131.16808695652173 -66.06404347826097), (128.7526566816926 115.29875136073292, 126.55904107278604 116.56054423029151, 126.55904107278602 116.56054423029153, 128.75265668169305 115.29875136073264, 128.7526566816926 115.29875136073292), (116.565 -39.001, 117.673 -39.174, 118.794 -39.18, 119.903 -39.019, 120.976 -38.694, 121.988 -38.213, 122.918 -37.587, 123.744 -36.829, 124.447 -35.956, 125.013 -34.988, 125.428 -33.947, 125.683 -32.855, 125.773 -31.738, 125.695 -30.62, 125.452 -29.526, 125.048 -28.48, 124.492 -27.506, 123.798 -26.626, 122.981 -25.859, 122.058 -25.223, 121.64823973822648 -24.983503828466112, 120.72 -25.377, 120.66 -25.436, 120.595 -25.486, 120.482 -25.547, 117.062 -26.997, 117.06198473401199 -26.996963977164597, 113.27396191007168 -28.602949977874456, 111.631 -32.441, 110.24025600218867 -35.6898911034334, 114.489 -38.173, 115.496 -38.665, 116.565 -39.001), (122.599 83.609, 122.704 83.428, 122.835 83.265, 122.988 83.123, 123.161 83.005, 123.35 82.914, 123.55 82.853, 123.757 82.822, 123.966 82.823, 124.173 82.854, 124.373 82.916, 124.561 83.007, 124.734 83.125, 124.887 83.268, 125.017 83.432, 125.122 83.613, 125.198 83.808, 125.244 84.012, 125.259 84.221, 125.243 84.429, 125.197 84.633, 125.12 84.828, 125.015 85.009, 124.884 85.172, 124.731 85.314, 124.557 85.432, 124.369 85.523, 124.169 85.584, 123.962 85.615, 123.753 85.614, 123.546 85.583, 123.346 85.521, 123.157 85.43, 122.985 85.312, 122.832 85.169, 122.701 85.005, 122.597 84.824, 122.521 84.629, 122.475 84.425, 122.459 84.216, 122.475 84.008, 122.522 83.804, 122.599 83.609), (120.323 112.819, 120.206 112.519, 120.135 112.206, 120.111 111.885, 120.136 111.565, 120.208 111.252, 120.326 110.953, 120.487 110.675, 120.688 110.424, 120.923 110.206, 121.189 110.025, 121.479 109.886, 121.786 109.792, 122.104 109.745, 122.425 109.745, 122.743 109.793, 123.05 109.889, 123.339 110.029, 123.604 110.21, 123.84 110.429, 124.04 110.68, 124.2 110.959, 124.317 111.258, 124.388 111.572, 124.411 111.892, 124.387 112.213, 124.315 112.526, 124.197 112.825, 124.036 113.103, 123.835 113.354, 123.599 113.572, 123.333 113.752, 123.044 113.891, 122.736 113.986, 122.419 114.033, 122.097 114.033, 121.78 113.984, 121.473 113.889, 121.183 113.749, 120.918 113.568, 120.683 113.349, 120.483 113.097, 120.323 112.819), (120.641 92.809, 120.598 92.916, 120.534 93.026, 120.455 93.125, 120.362 93.211, 120.257 93.283, 120.142 93.338, 120.021 93.375, 119.895 93.394, 119.768 93.394, 119.642 93.374, 119.521 93.337, 119.407 93.282, 119.302 93.21, 119.209 93.123, 119.13 93.024, 119.066 92.914, 119.02 92.795, 118.992 92.671, 118.983 92.545, 118.992 92.418, 119.021 92.294, 119.067 92.176, 119.125 92.076, 119.16255612328654 92.02664052368054, 119.531 92.141, 120.338 92.531, 120.65602711277762 92.74889154888953, 120.641 92.809), (120.02169719002163 117.66539527588115, 120.02169719002161 117.66539527588115, 120.3 117.645, 120.02169719002163 117.66539527588115), (119.47038073224228 117.94043414881054, 119.47038073224228 117.94043414881052, 119.47038073224229 117.94043414881052, 119.47038073224228 117.94043414881054), (116.36706097818694 118.22644294293717, 116.36706097818696 118.22644294293718, 116.36706097818694 118.22644294293718, 116.36706097818693 118.22644294293717, 116.36706097818694 118.22644294293717), (114.125 102.419, 114.204 102.32, 114.298 102.234, 114.403 102.162, 114.517 102.108, 114.639 102.07, 114.764 102.052, 114.891 102.052, 115.017 102.071, 115.138 102.109, 115.253 102.164, 115.358 102.236, 115.451 102.322, 115.53 102.422, 115.593 102.532, 115.639 102.65, 115.667 102.774, 115.677 102.901, 115.667 103.027, 115.638 103.151, 115.592 103.269, 115.534 103.37, 115.49716826192335 103.41840742718647, 115.129 103.304, 114.321 102.914, 114.00309463358337 102.69662146566647, 114.018 102.637, 114.061 102.529, 114.125 102.419), (114.337 82.627, 114.453 82.926, 114.524 83.239, 114.548 83.56, 114.523 83.88, 114.451 84.194, 114.334 84.492, 114.172 84.771, 113.972 85.021, 113.736 85.24, 113.47 85.42, 113.18 85.559, 112.873 85.653, 112.555 85.701, 112.234 85.7, 111.916 85.652, 111.609 85.557, 111.32 85.417, 111.055 85.235, 110.82 85.016, 110.62 84.765, 110.459 84.486, 110.343 84.187, 110.271 83.874, 110.248 83.553, 110.273 83.233, 110.30990642528164 83.07255956787289, 113.4950229317158 81.70906480593311, 113.741 81.878, 113.976 82.097, 114.176 82.348, 114.337 82.627), (109.644 110.436, 109.775 110.273, 109.929 110.131, 110.102 110.013, 110.29 109.923, 110.491 109.861, 110.697 109.831, 110.907 109.831, 111.114 109.862, 111.313 109.924, 111.502 110.015, 111.674 110.134, 111.828 110.276, 111.958 110.44, 112.062 110.621, 112.138 110.816, 112.185 111.02, 112.2 111.229, 112.184 111.438, 112.137 111.642, 112.06 111.836, 111.955 112.017, 111.825 112.181, 111.671 112.323, 111.498 112.44, 111.309 112.531, 111.109 112.592, 110.902 112.623, 110.693 112.623, 110.486 112.591, 110.286 112.529, 110.098 112.438, 109.925 112.32, 109.772 112.177, 109.642 112.014, 109.538 111.832, 109.461 111.637, 109.415 111.433, 109.4 111.225, 109.416 111.016, 109.463 110.812, 109.539 110.617, 109.644 110.436), (101.826 100.971, 102.091 100.791, 102.381 100.652, 102.688 100.557, 103.006 100.51, 103.328 100.511, 103.645 100.559, 103.952 100.654, 104.241 100.794, 104.507 100.975, 104.742 101.194, 104.942 101.446, 105.102 101.725, 105.219 102.024, 105.29 102.337, 105.314 102.658, 105.289 102.978, 105.217 103.291, 105.099 103.59, 104.938 103.868, 104.737 104.119, 104.501 104.337, 104.236 104.518, 103.946 104.657, 103.639 104.751, 103.321 104.799, 102.999 104.798, 102.682 104.75, 102.375 104.654, 102.086 104.515, 101.82 104.333, 101.585 104.114, 101.385 103.863, 101.225 103.584, 101.108 103.285, 101.037 102.971, 101.014 102.651, 101.038 102.33, 101.11 102.017, 101.228 101.718, 101.389 101.44, 101.59 101.189, 101.826 100.971), (103.12033309743352 108.8479377129258, 100.665 105.778, 103.12033309743353 108.8479377129258, 103.12033309743352 108.8479377129258), (100.20873861466019 22.13559786733496, 100.766 21.746, 102.51665972447171 22.351989869047014, 100.94109677961876 22.48691266493257, 100.526 22.311, 100.288 22.19, 100.20873861466019 22.13559786733496), (95.58969514796524 -37.808749463942796, 95.47354123711352 -38.00738659793793, 95.541 -37.893, 95.59001888190164 -37.808888054918775, 95.58969514796524 -37.808749463942796), (95.498 -38.252, 95.50699792065664 -38.267721641586874, 95.50699792065664 -38.26772164158687, 95.498 -38.252), (94.937 -38.546, 95.158 -38.547, 94.82299999999682 -38.54525974025972, 94.937 -38.546), (95.23 -38.424, 95.299 -38.306, 95.376 -38.175, 95.42667946824187 -38.08752584933595, 95.158 -38.547, 95.23 -38.424), (95.4034 -38.381476923076924, 95.398 -38.365, 95.40339999999999 -38.38147692307693, 95.4034 -38.381476923076924), (95.28630558289973 -38.483623072235495, 95.28630558289974 -38.48362307223549, 95.284 -38.464, 95.28630558289973 -38.483623072235495), (85.55939366737582 28.248412403665476, 85.33373086851483 28.10262337897178, 85.33373086851483 28.102623378971778, 85.55939366737582 28.248412403665473, 85.55939366737582 28.248412403665476), (81.053 86.628, 80.846 86.596, 80.647 86.534, 80.458 86.443, 80.286 86.325, 80.132 86.182, 80.002 86.019, 79.898 85.837, 79.84773362748837 85.70802707052937, 81.60261120149497 86.55655358354403, 81.47 86.597, 81.263 86.628, 81.053 86.628), (74.174 88.134, 74.374 88.073, 74.581 88.042, 74.79 88.042, 74.997 88.074, 75.197 88.136, 75.385 88.227, 75.558 88.345, 75.711 88.488, 75.841 88.652, 75.945 88.833, 76.022 89.028, 76.068 89.232, 76.083 89.441, 76.067 89.649, 76.02 89.853, 75.943 90.048, 75.839 90.229, 75.708 90.392, 75.554 90.534, 75.381 90.652, 75.192 90.742, 74.992 90.804, 74.785 90.835, 74.576 90.834, 74.369 90.803, 74.17 90.741, 73.981 90.65, 73.808 90.532, 73.655 90.389, 73.525 90.225, 73.421 90.044, 73.345 89.849, 73.298 89.645, 73.283 89.436, 73.299 89.227, 73.346 89.024, 73.423 88.829, 73.528 88.648, 73.658 88.484, 73.812 88.342, 73.985 88.225, 74.174 88.134), (70.97672953607052 90.26311062629735, 70.97672953607056 90.26311062629735, 70.97672953607052 90.26311062629736, 70.97672953607048 90.26311062629736, 70.97672953607052 90.26311062629735), (70.67955512016972 90.63755229649378, 70.6795551201697 90.63755229649377, 70.67955512016971 90.63755229649377, 70.67955512016972 90.63755229649378), (69.46270857142869 81.13023999999993, 69.27493051359507 81.2340120845922, 69.02097403115908 81.35560989186027, 69.01768554627051 81.35718446301455, 68.80952146536916 81.4376433886663, 68.67972881172194 81.47761952598964, 68.54712534469795 81.51846139383304, 68.326687150838 81.57119553072626, 68.04329234737743 81.61340326741187, 67.83204634037185 81.63386077545873, 67.52866870647809 81.63328181050855, 67.33157421525475 81.6254475106482, 66.864 81.554, 66.365 81.399, 65.894 81.171, 65.462 80.876, 65.079 80.52, 64.754 80.11, 64.493 79.657, 64.302 79.169, 64.187 78.659, 64.18068755838208 78.57245310308063, 66.4835944949581 79.23483304031971, 66.963 79.561, 67.609 79.764, 68.284 79.803, 68.38562159308518 79.78196954946726, 70.35380096705767 80.34813885160065, 70.23603591394206 80.49543520243944, 70.09634760705292 80.6330692695214, 69.87428344224858 80.83836296354623, 69.70782528263103 80.96342446043165, 69.46270857142869 81.13023999999993), (70.30764280514185 90.53895017785102, 70.30764280514182 90.538950177851, 70.30764280514184 90.538950177851, 70.30764280514185 90.53895017785102), (70.28586814526237 89.38892311865892, 70.2858681452623 89.38892311865894, 70.28586814526234 89.38892311865892, 70.28586814526241 89.38892311865891, 70.28586814526237 89.38892311865892), (59.235 16.699, 59.303 16.78, 59.38763304981774 16.86463304981774, 57.132 21.444, 53.873 15.268, 55.99101429351839 11.204221084818634, 59.066 16.465, 59.072 16.461, 59.18 16.634, 59.235 16.699), (50.336 77.32, 50.267 77.187, 50.219 77.046, 50.193 76.899, 50.189 76.749, 50.207 76.601, 50.248 76.457, 50.309 76.321, 50.39 76.195, 50.488 76.083, 50.603 75.986, 50.73 75.908, 50.868 75.85, 51.013 75.813, 51.161 75.798, 51.31 75.805, 51.457 75.834, 51.598 75.885, 57.071 78.342, 57.203 78.414, 57.322 78.504, 57.427 78.61, 57.514 78.732, 57.582 78.864, 57.63 79.006, 57.657 79.153, 57.661 79.303, 57.642 79.451, 57.602 79.595, 57.541 79.731, 57.46 79.857, 57.361 79.969, 57.247 80.065, 57.12 80.144, 56.982 80.202, 56.837 80.239, 56.688 80.254, 56.539 80.247, 56.393 80.218, 56.252 80.167, 50.778 77.709, 50.647 77.638, 50.528 77.548, 50.423 77.441, 50.336 77.32), (54.06364697489211 16.70309208055679, 54.819 22.389, 54.06364697489211 16.703092080556793, 54.06364697489211 16.70309208055679), (51.967901639344134 -16.350419203748114, 51.956461538461745 -16.43952747252592, 51.962 -16.397, 51.967901639344134 -16.350419203748114), (51.89746575030534 -16.821440909185007, 51.8974775573679 -16.82140244785546, 51.59205882352975 -16.94918552036185, 51.704 -16.903, 51.89746575030534 -16.821440909185007), (51.81592526582397 18.409195984623967, 45.139 28.605, 51.81592526582397 18.409195984623963, 51.81592526582397 18.409195984623967), (51.651 -8.138, 51.773999999999965 -8.138, 51.48168518518536 -8.136481481481482, 51.651 -8.138), (42.592 31.505, 51.7681338808756 18.297581701641942, 51.7681338808756 18.297581701641946, 42.592 31.505), (51.455232876712316 -14.695252054794517, 51.45523287671236 -14.69525205479453, 51.444890109890125 -14.691459706959712, 51.44489010989011 -14.691459706959709, 51.455232876712316 -14.695252054794517), (50.63429571106095 -7.65904683972912, 50.63429571106095 -7.659046839729121, 50.752 -7.693, 50.63429571106095 -7.65904683972912), (50.818 -7.808, 50.894 -7.942, 50.99857743273577 -8.124535155320624, 50.998605103237395 -8.124540067390047, 50.66510344827643 -7.5397460815057, 50.752 -7.693, 50.818 -7.808), (45.82393157332816 34.45359100678028, 45.82393157332815 34.45359100678028, 45.82393157332816 34.45359100678027, 45.82393157332816 34.45359100678028), (41.81406392110003 32.589009290270454, 41.814063921100036 32.58900929027045, 44.652 30.573, 41.81406392110003 32.589009290270454), (30.053 48.966, 30.197 48.929, 30.346 48.914, 30.495 48.921, 30.642 48.95, 30.782 49.001, 35.485259824896474 51.11291316214752, 35.5 51.3, 35.79635130110949 53.36688463361662, 35.724 53.363, 35.578 53.334, 35.437 53.283, 29.963 50.826, 29.832 50.755, 29.713 50.665, 29.608 50.558, 29.521 50.437, 29.452 50.304, 29.404 50.162, 29.378 50.015, 29.374 49.866, 29.392 49.717, 29.433 49.573, 29.494 49.437, 29.575 49.311, 29.673 49.199, 29.788 49.103, 29.915 49.025, 30.053 48.966), (30.058 66.323, 30.146 66.444, 30.214 66.577, 30.262 66.719, 30.288 66.866, 30.292 67.015, 30.274 67.164, 30.234 67.308, 30.172 67.444, 30.092 67.57, 29.993 67.682, 29.879 67.778, 29.751 67.856, 29.614 67.915, 29.469 67.952, 29.32 67.967, 29.171 67.96, 29.024 67.931, 28.884 67.88, 23.41 65.422, 23.279 65.351, 23.159 65.261, 23.055 65.154, 22.967 65.033, 22.899 64.9, 22.851 64.759, 22.825 64.611, 22.821 64.462, 22.839 64.314, 22.879 64.17, 22.941 64.033, 23.021 63.908, 23.12 63.795, 23.234 63.699, 23.362 63.621, 23.499 63.563, 23.644 63.526, 23.793 63.51, 23.942 63.518, 24.089 63.547, 24.229 63.598, 29.703 66.055, 29.834 66.126, 29.954 66.216, 30.058 66.323), (8.888 39.172, 9.019 39.243, 9.138 39.333, 9.243 39.44, 9.331 39.561, 9.399 39.694, 9.447 39.835, 9.473 39.982, 9.477 40.132, 9.459 40.28, 9.419 40.424, 9.357 40.56, 9.276 40.686, 9.178 40.798, 9.063 40.895, 8.936 40.973, 8.798 41.031, 8.654 41.068, 8.505 41.083, 8.356 41.076, 8.209 41.047, 8.069 40.996, 2.595 38.539, 2.464 38.467, 2.344 38.377, 2.24 38.271, 2.152 38.149, 2.084 38.017, 2.036 37.875, 2.01 37.728, 2.006 37.578, 2.024 37.43, 2.064 37.286, 2.125 37.15, 2.206 37.024, 2.305 36.912, 2.419 36.816, 2.547 36.737, 2.684 36.679, 2.829 36.642, 2.978 36.627, 3.127 36.634, 3.274 36.663, 3.414 36.714, 8.888 39.172), (2.924 54.728, 2.906 54.877, 2.865 55.02, 2.804 55.157, 2.723 55.283, 2.625 55.395, 2.51 55.491, 2.383 55.569, 2.245 55.628, 2.101 55.665, 1.952 55.68, 1.803 55.673, 1.656 55.643, 1.515 55.593, -3.958 53.135, -4.09 53.064, -4.209 52.974, -4.313 52.867, -4.401 52.746, -4.469 52.613, -4.517 52.471, -4.543 52.324, -4.547 52.175, -4.529 52.027, -4.489 51.883, -4.428 51.746, -4.347 51.621, -4.248 51.508, -4.134 51.412, -4.007 51.334, -3.869 51.275, -3.724 51.238, -3.575 51.223, -3.426 51.23, -3.28 51.26, -3.139 51.311, 2.335 53.768, 2.466 53.839, 2.585 53.929, 2.69 54.036, 2.777 54.157, 2.846 54.29, 2.894 54.432, 2.92 54.579, 2.924 54.728), (-18.23 27.046, -18.125 27.152, -18.038 27.274, -17.969 27.406, -17.921 27.548, -17.895 27.695, -17.891 27.845, -17.91 27.993, -17.95 28.137, -18.011 28.273, -18.092 28.399, -18.191 28.511, -18.305 28.607, -18.432 28.686, -18.57 28.744, -18.715 28.781, -18.863 28.796, -19.013 28.789, -19.159 28.76, -19.3 28.709, -24.773 26.251, -24.905 26.18, -25.024 26.09, -25.129 25.983, -25.216 25.862, -25.285 25.729, -25.332 25.588, -25.359 25.441, -25.363 25.291, -25.344 25.143, -25.304 24.999, -25.243 24.863, -25.162 24.737, -25.063 24.625, -24.949 24.528, -24.822 24.45, -24.684 24.392, -24.539 24.355, -24.391 24.34, -24.241 24.347, -24.095 24.376, -23.954 24.427, -18.481 26.884, -18.349 26.956, -18.23 27.046), (-31.375 39.047, -31.237 38.988, -31.092 38.951, -30.944 38.936, -30.794 38.943, -30.648 38.972, -30.507 39.023, -25.034 41.481, -24.902 41.552, -24.783 41.642, -24.678 41.749, -24.591 41.87, -24.523 42.003, -24.475 42.144, -24.448 42.292, -24.444 42.441, -24.463 42.589, -24.503 42.733, -24.564 42.87, -24.645 42.995, -24.744 43.108, -24.858 43.204, -24.985 43.282, -25.123 43.34, -25.268 43.378, -25.416 43.393, -25.566 43.386, -25.712 43.356, -25.853 43.305, -31.327 40.848, -31.458 40.777, -31.577 40.687, -31.682 40.58, -31.769 40.459, -31.838 40.326, -31.886 40.184, -31.912 40.037, -31.916 39.888, -31.897 39.739, -31.857 39.595, -31.796 39.459, -31.715 39.333, -31.617 39.221, -31.502 39.125, -31.375 39.047), (-34.731 218.742, -34.672 218.542, -34.584 218.352, -34.468 218.177, -34.328 218.022, -34.166 217.889, -33.987 217.782, -33.793 217.703, -33.59 217.653, -33.381 217.635, -33.172 217.647, -32.968 217.691, -32.772 217.765, -32.589 217.867, -32.424 217.995, -32.279 218.146, -32.159 218.317, -32.066 218.505, -32.001 218.704, -31.967 218.91, -31.964 219.119, -31.992 219.327, -32.051 219.527, -32.139 219.717, -32.254 219.892, -32.395 220.047, -32.556 220.18, -32.736 220.287, -32.93 220.366, -33.133 220.416, -33.341 220.434, -33.55 220.422, -33.755 220.378, -33.951 220.304, -34.133 220.202, -34.299 220.074, -34.443 219.923, -34.564 219.752, -34.657 219.564, -34.722 219.365, -34.756 219.159, -34.759 218.95, -34.731 218.742), (-35.997 228.066, -35.676 228.085, -35.362 228.152, -35.061 228.265, -34.78 228.422, -34.526 228.619, -34.304 228.851, -34.12 229.114, -33.976 229.402, -33.877 229.707, -33.825 230.024, -33.82 230.346, -33.864 230.664, -33.954 230.973, -34.089 231.264, -34.266 231.532, -34.482 231.771, -34.73 231.975, -35.006 232.139, -35.303 232.261, -35.616 232.337, -35.936 232.365, -36.256 232.346, -36.571 232.279, -36.871 232.166, -37.152 232.009, -37.406 231.812, -37.628 231.58, -37.813 231.317, -37.956 231.029, -38.055 230.724, -38.108 230.407, -38.112 230.085, -38.069 229.767, -37.979 229.459, -37.843 229.167, -37.666 228.899, -37.451 228.661, -37.202 228.457, -36.926 228.292, -36.629 228.17, -36.317 228.094, -35.997 228.066), (-36.294868138358744 20.950805060567568, -36.247 21.604, -36.34620198156393 22.89904663364058, -36.294868138358744 20.950805060567568), (-36.567160898311975 18.57498703505335, -36.422 19.216, -36.32680522808816 20.51500065900268, -36.567160898311975 18.57498703505335), (-36.38015536613716 23.342296009298728, -36.43 23.993, -36.71971859141934 25.25457312009838, -36.38015536613716 23.342296009298728), (-37.188963839482575 16.27117279141556, -36.951 16.88, -36.662652222847484 18.15330889873019, -37.188963839482575 16.27117279141556), (-36.819952688051515 25.691040249836252, -36.966 26.327, -37.441801561619236 27.533013514547953, -36.819952688051515 25.691040249836252), (-41.438 208.529, -41.303 208.238, -41.125 207.97, -40.91 207.731, -40.662 207.527, -40.386 207.363, -40.089 207.241, -39.776 207.165, -39.456 207.137, -39.135 207.156, -38.821 207.223, -38.52 207.336, -38.24 207.493, -37.986 207.69, -37.764 207.922, -37.579 208.185, -37.436 208.473, -37.337 208.778, -37.284 209.095, -37.28 209.417, -37.323 209.735, -37.413 210.043, -37.549 210.335, -37.726 210.603, -37.941 210.842, -38.189 211.045, -38.465 211.21, -38.763 211.332, -39.075 211.408, -39.395 211.436, -39.716 211.417, -40.03 211.35, -40.331 211.237, -40.611 211.08, -40.865 210.883, -41.087 210.651, -41.272 210.388, -41.416 210.1, -41.515 209.795, -41.567 209.478, -41.572 209.156, -41.528 208.838, -41.438 208.529), (-38.14559971139364 14.088097989235179, -37.823 14.649, -37.351353627507486 15.85570075347568, -38.14559971139364 14.088097989235179), (-37.60590786352213 27.94897351527566, -37.845 28.555, -38.48959232899753 29.667069363599406, -37.60590786352213 27.94897351527566), (-39.42194941620545 12.063416003097172, -39.017 12.573, -38.3751178755665 13.689036256552711, -39.42194941620545 12.063416003097172), (-38.72229264775285 30.068530696206416, -39.046 30.627, -39.853516425755586 31.636395532194477, -38.72229264775285 30.068530696206416), (-40.98732956035737 10.250824961492738, -40.507 10.698, -39.701561729466945 11.711554870637233, -40.98732956035737 10.250824961492738), (-40.135600000000004 31.989000000000004, -40.542 32.497, -41.49181547460781 33.37603855357617, -40.135600000000004 31.989000000000004), (-42.796405936282284 8.699171054196436, -42.26 9.066, -41.30681377669041 9.953392992835848, -42.796405936282284 8.699171054196436), (-41.82205900833219 33.68167349633474, -42.3 34.124, -43.373622290567795 34.85347784104203, -41.82205900833219 33.68167349633474), (-54.137 222.014, -54.15 221.117, -54.028 220.229, -53.776 219.368, -53.399 218.555, -52.904 217.807, -52.304 217.141, -51.611 216.572, -50.84 216.112, -50.01 215.773, -49.139 215.561, -48.246 215.481, -47.351 215.536, -46.474 215.723, -45.634 216.038, -44.851 216.476, -44.142 217.025, -43.523 217.674, -43.008 218.407, -42.607 219.21, -42.331 220.063, -42.184 220.947, -42.172 221.844, -42.293 222.733, -42.545 223.593, -42.922 224.407, -43.417 225.155, -44.017 225.821, -44.71 226.39, -45.481 226.849, -46.311 227.188, -47.182 227.4, -48.075 227.48, -48.97 227.426, -49.847 227.239, -50.687 226.923, -51.47 226.486, -52.179 225.937, -52.798 225.288, -53.314 224.554, -53.714 223.752, -53.991 222.899, -54.137 222.014), (-45.412 178.563, -45.446 178.356, -45.449 178.147, -45.421 177.94, -45.362 177.739, -45.274 177.549, -45.159 177.375, -45.019 177.219, -44.857 177.086, -44.677 176.979, -44.484 176.9, -44.28 176.85, -44.072 176.832, -43.863 176.845, -43.658 176.888, -43.463 176.962, -43.28 177.064, -43.114 177.192, -42.97 177.343, -42.85 177.515, -42.756 177.702, -42.692 177.901, -42.658 178.107, -42.655 178.317, -42.683 178.524, -42.742 178.725, -42.83 178.914, -42.945 179.089, -43.085 179.244, -43.247 179.377, -43.427 179.484, -43.62 179.564, -43.824 179.613, -44.032 179.632, -44.241 179.619, -44.446 179.575, -44.641 179.502, -44.824 179.4, -44.99 179.271, -45.134 179.12, -45.254 178.949, -45.348 178.762, -45.412 178.563), (-44.81866398512568 7.432741058652718, -44.237 7.714, -43.1733335843743 8.44140363880928, -44.81866398512568 7.432741058652718), (-43.740651571410524 35.10285765528449, -44.281 35.47, -45.45378443677448 36.03195920928777, -43.740651571410524 35.10285765528449), (-47.084 235.988, -47.025 235.787, -46.937 235.597, -46.821 235.423, -46.681 235.267, -46.519 235.135, -46.34 235.027, -46.146 234.948, -45.943 234.899, -45.734 234.88, -45.525 234.893, -45.321 234.936, -45.125 235.01, -44.942 235.112, -44.777 235.24, -44.632 235.392, -44.512 235.563, -44.418 235.75, -44.354 235.949, -44.32 236.155, -44.317 236.365, -44.345 236.572, -44.404 236.773, -44.492 236.963, -44.607 237.137, -44.748 237.293, -44.909 237.425, -45.089 237.533, -45.283 237.612, -45.486 237.661, -45.694 237.68, -45.903 237.667, -46.108 237.623, -46.304 237.55, -46.486 237.448, -46.652 237.32, -46.796 237.168, -46.917 236.997, -47.01 236.81, -47.075 236.611, -47.109 236.404, -47.112 236.195, -47.084 235.988), (-47.01164588497072 6.479251605452903, -46.394 6.671, -45.2384056404132 7.229778357463623, -47.01164588497072 6.479251605452903), (-45.85168168477826 36.222618307289586, -46.441 36.505, -47.68336611602398 36.886390122080726, -45.85168168477826 36.222618307289586), (-49.393 180.23, -49.384 180.081, -49.353 179.935, -49.3 179.795, -49.227 179.665, -49.136 179.547, -49.028 179.443, -48.905 179.357, -48.772 179.291, -48.629 179.245, -48.482 179.22, -48.333 179.218, -48.184 179.238, -48.041 179.28, -47.905 179.343, -47.781 179.426, -47.67 179.526, -47.575 179.641, -47.498 179.77, -47.442 179.908, -47.407 180.053, -46.428 185.973, -46.415 186.122, -46.424 186.271, -46.455 186.417, -46.508 186.557, -46.58 186.687, -46.672 186.806, -46.78 186.909, -46.902 186.995, -47.036 187.062, -47.178 187.108, -47.326 187.132, -47.475 187.134, -47.623 187.114, -47.767 187.072, -47.902 187.009, -48.027 186.927, -48.138 186.826, -48.233 186.711, -48.309 186.583, -48.366 186.444, -48.401 186.299, -49.38 180.379, -49.393 180.23), (-49.32761605601784 5.8626968833756665, -48.681 5.961, -47.44855068731198 6.343614347183426, -49.32761605601784 5.8626968833756665), (-48.10602738729752 37.01614159531448, -48.731 37.208, -50.00726817909123 37.3981741946894, -48.10602738729752 37.01614159531448), (-51.573 205.669, -51.412 205.536, -51.232 205.429, -51.038 205.35, -50.835 205.3, -50.627 205.282, -50.418 205.294, -50.213 205.338, -50.017 205.412, -49.835 205.514, -49.669 205.642, -49.525 205.793, -49.404 205.964, -49.311 206.152, -49.246 206.351, -49.212 206.557, -49.209 206.766, -49.238 206.974, -49.296 207.174, -49.384 207.364, -49.5 207.539, -49.64 207.694, -49.802 207.827, -49.981 207.934, -50.175 208.013, -50.378 208.063, -50.587 208.081, -50.796 208.069, -51 208.025, -51.196 207.951, -51.379 207.849, -51.544 207.721, -51.689 207.57, -51.809 207.399, -51.903 207.212, -51.967 207.012, -52.001 206.806, -52.004 206.597, -51.976 206.389, -51.917 206.189, -51.829 205.999, -51.714 205.824, -51.573 205.669), (-63.197318712349336 172.12974661144585, -63.342400808355706 171.9778323945749, -63.401101341054606 171.9163675708625, -63.53900712333304 171.75584701399822, -63.65003556591046 171.5979726836888, -63.708690478717756 171.51456968474685, -63.8202268907563 171.3425462184874, -64.031 170.921, -64.192 170.423, -64.277 169.907, -64.285 169.384, -64.214 168.866, -64.067 168.364, -63.847 167.889, -63.558 167.453, -63.208 167.064, -62.804 166.732, -62.354 166.464, -61.87 166.266, -61.362 166.143, -57.4155 165.4905, -53.962 164.92, -53.469 164.838, -52.948 164.792, -52.426 164.823, -51.914 164.932, -51.425 165.117, -50.968 165.372, -50.554 165.692, -50.193 166.07, -49.892 166.498, -49.659 166.966, -49.497 167.464, -49.412 167.98, -49.405 168.503, -49.46735122688351 168.96528981075056, -49.52042059212532 169.17710977718986, -49.600398957027934 169.45023317297975, -49.68352523550582 169.65595910239708, -49.80330397236623 169.9128601036271, -49.910815849056505 170.1006656603772, -50.06881448882875 170.33985804558796, -50.19986278340441 170.51053606498377, -50.39379147235175 170.72607395069952, -50.54744878262774 170.87747159464791, -50.77468400141276 171.0637483665902, -50.94023892122621 171.18737423360494, -51.20862971257923 171.34757185516978, -51.37244469525961 171.43831828442438, -51.819 171.621, -52.327 171.744, -60.22 173.049, -60.741 173.096, -61.21969327964452 173.0666548181061, -61.411829968377425 173.0323154950134, -61.71283552681629 172.96823423354888, -61.91698257080619 172.90168409586053, -62.1785294117647 172.80347058823529, -62.39214209115272 172.69990080428957, -62.62161352810424 172.57157796125747, -62.813343841403864 172.44440006499843, -63.03952961146759 172.26902414183309, -63.197318712349336 172.12974661144585), (-51.693461254152965 5.599923655525423, -51.049 5.601, -49.76717451938008 5.795872116986137, -51.693461254152965 5.599923655525423), (-50.45827912248065 37.46537844248023, -51.1 37.561, -52.39962204497846 37.558829441261, -50.45827912248065 37.46537844248023), (-53.165 28.54, -53.143 28.345, -53.087 28.152, -53 27.972, -52.885 27.812, -52.746 27.673, -52.6 27.569, -52.459 27.495, -52.32 27.445, -52.185 27.414, -51.953 27.399, -51.734 27.426, -51.56 27.48, -51.425 27.543, -51.245 27.665, -51.149 27.752, -51.063 27.851, -50.987 27.961, -50.924 28.08, -50.853 28.277, -50.826 28.412, -50.815 28.606, -50.837 28.802, -50.893 28.995, -50.98 29.174, -51.095 29.335, -51.235 29.473, -51.38 29.578, -51.522 29.651, -51.661 29.701, -51.796 29.732, -52.027 29.748, -52.247 29.72, -52.421 29.667, -52.556 29.604, -52.736 29.482, -52.831 29.394, -52.918 29.295, -52.994 29.185, -53.057 29.067, -53.127 28.87, -53.154 28.735, -53.165 28.54), (-53.877 151.397, -53.736 151.347, -53.589 151.318, -53.44 151.312, -53.291 151.328, -53.147 151.366, -53.01 151.425, -52.883 151.504, -52.769 151.601, -52.671 151.714, -52.591 151.84, -52.53 151.976, -52.491 152.121, -51.344 158.01, -51.327 158.158, -51.332 158.308, -51.359 158.455, -51.407 158.596, -51.476 158.729, -51.565 158.849, -51.67 158.956, -51.79 159.045, -51.921 159.116, -52.062 159.166, -52.209 159.194, -52.358 159.201, -52.507 159.185, -52.651 159.147, -52.789 159.088, -52.916 159.009, -53.029 158.912, -53.127 158.799, -53.208 158.673, -53.268 158.536, -53.308 158.392, -54.454 152.503, -54.471 152.354, -54.466 152.205, -54.439 152.058, -54.391 151.916, -54.322 151.784, -54.234 151.663, -54.128 151.557, -54.009 151.468, -53.877 151.397), (-53.728 14.552, -53.706 14.356, -53.651 14.163, -53.564 13.984, -53.448 13.823, -53.309 13.684, -53.164 13.58, -53.022 13.507, -52.883 13.457, -52.748 13.426, -52.516 13.41, -52.297 13.438, -52.123 13.491, -51.988 13.554, -51.808 13.676, -51.713 13.764, -51.626 13.863, -51.55 13.973, -51.487 14.091, -51.416 14.288, -51.389 14.423, -51.379 14.618, -51.401 14.813, -51.456 15.006, -51.543 15.185, -51.659 15.346, -51.798 15.485, -51.943 15.589, -52.085 15.662, -52.224 15.713, -52.359 15.744, -52.591 15.759, -52.81 15.732, -52.984 15.678, -53.119 15.615, -53.299 15.493, -53.394 15.406, -53.481 15.306, -53.557 15.197, -53.62 15.078, -53.691 14.881, -53.718 14.746, -53.728 14.552), (-54.085082161709586 5.692526383741445, -53.444 5.597, -52.16183459648684 5.599141403596682, -54.085082161709586 5.692526383741445), (-52.84116232941503 37.55809200446027, -53.495 37.557, -54.76867598765837 37.36282895627336, -52.84116232941503 37.55809200446027), (-56.44055673860202 6.14237765523957, -55.813 5.95, -54.536731820908756 5.759825805310592, -56.44055673860202 6.14237765523957), (-59.041 233.545, -58.998 233.227, -58.908 232.918, -58.772 232.627, -58.595 232.359, -58.38 232.12, -58.132 231.916, -57.856 231.751, -57.558 231.63, -57.246 231.554, -56.926 231.525, -56.605 231.545, -56.291 231.612, -55.99 231.725, -55.71 231.882, -55.456 232.078, -55.234 232.311, -55.049 232.574, -54.905 232.861, -54.806 233.167, -54.754 233.484, -54.749 233.805, -54.793 234.124, -54.883 234.432, -55.018 234.724, -55.196 234.992, -55.411 235.23, -55.659 235.434, -55.935 235.599, -56.233 235.72, -56.545 235.796, -56.865 235.825, -57.186 235.805, -57.5 235.738, -57.801 235.625, -58.081 235.469, -58.335 235.272, -58.557 235.039, -58.742 234.776, -58.885 234.489, -58.984 234.183, -59.037 233.866, -59.041 233.545), (-55.22262442420548 37.29362482384367, -55.863 37.196, -57.10732233765683 36.81024375277713, -55.22262442420548 37.29362482384367), (-58.692301048815224 6.93477715913505, -58.103 6.652, -56.85381590689735 6.269062343511764, -58.692301048815224 6.93477715913505), (-60.198 122.757, -60.171 122.61, -60.122 122.469, -60.053 122.336, -59.965 122.216, -59.859 122.11, -59.74 122.02, -59.608 121.95, -59.467 121.9, -59.32 121.871, -59.171 121.865, -59.022 121.881, -58.878 121.918, -58.741 121.978, -58.614 122.056, -58.5 122.153, -58.402 122.266, -58.322 122.392, -58.261 122.529, -58.222 122.673, -57.075 128.563, -57.058 128.711, -57.063 128.86, -57.09 129.007, -57.138 129.149, -57.208 129.281, -57.296 129.402, -57.401 129.508, -57.521 129.598, -57.652 129.668, -57.793 129.718, -57.94 129.747, -58.089 129.753, -58.238 129.737, -58.382 129.699, -58.52 129.64, -58.647 129.561, -58.76 129.464, -58.859 129.352, -58.939 129.225, -58.999 129.089, -59.039 128.945, -60.185 123.055, -60.202 122.907, -60.198 122.757), (-63.582 -3.485, -63.437 -3.52, -63.288 -3.533, -63.139 -3.524, -62.993 -3.492, -62.853 -3.439, -62.723 -3.366, -57.724 -0.047, -57.606 0.045, -57.503 0.153, -57.418 0.275, -57.351 0.409, -57.305 0.552, -57.281 0.699, -57.279 0.848, -57.3 0.997, -57.342 1.14, -57.405 1.275, -57.488 1.4, -57.588 1.511, -57.704 1.605, -57.833 1.682, -57.971 1.738, -58.116 1.773, -58.265 1.786, -58.414 1.777, -58.56 1.745, -58.7 1.692, -58.831 1.619, -63.829 -1.7, -63.897692301205325 -1.7535567094143207, -63.91771837002964 -1.960833333334015, -64.03112684072204 -3.1845992067985254, -63.965 -3.258, -63.849 -3.352, -63.721 -3.429, -63.582 -3.485), (-57.52239676977019 36.68156523403277, -58.15 36.487, -59.31870413439835 35.92162040251508, -57.52239676977019 36.68156523403277), (-62.367 211.989, -62.232 211.697, -62.055 211.429, -61.84 211.191, -61.591 210.987, -61.315 210.822, -61.018 210.701, -60.706 210.625, -60.385 210.596, -60.065 210.616, -59.75 210.683, -59.45 210.796, -59.169 210.952, -58.915 211.149, -58.693 211.382, -58.508 211.645, -58.365 211.932, -58.266 212.238, -58.213 212.555, -58.209 212.876, -58.252 213.194, -58.343 213.503, -58.478 213.794, -58.655 214.062, -58.87 214.301, -59.119 214.505, -59.395 214.67, -59.692 214.791, -60.004 214.867, -60.324 214.896, -60.645 214.876, -60.959 214.809, -61.26 214.696, -61.541 214.539, -61.795 214.343, -62.017 214.11, -62.201 213.847, -62.345 213.56, -62.444 213.254, -62.496 212.937, -62.501 212.616, -62.458 212.297, -62.367 211.989), (-60.80189353587441 8.054833265667318, -60.262 7.688, -59.09038547736285 7.12579868205091, -60.80189353587441 8.054833265667318), (-62.219 182.351, -62.21 182.201, -62.179 182.055, -62.126 181.915, -62.053 181.785, -61.962 181.667, -61.854 181.563, -61.731 181.477, -61.598 181.411, -61.455 181.365, -61.308 181.34, -61.159 181.338, -61.01 181.358, -60.867 181.4, -60.731 181.463, -60.607 181.546, -60.496 181.646, -60.401 181.761, -60.324 181.89, -60.268 182.028, -60.232 182.173, -59.254 188.093, -59.241 188.242, -59.25 188.391, -59.281 188.537, -59.334 188.677, -59.406 188.808, -59.498 188.926, -59.606 189.029, -59.728 189.115, -59.862 189.182, -60.004 189.228, -60.152 189.252, -60.301 189.254, -60.449 189.234, -60.593 189.192, -60.728 189.129, -60.853 189.047, -60.964 188.947, -61.059 188.831, -61.135 188.703, -61.192 188.564, -61.227 188.419, -62.206 182.499, -62.219 182.351), (-59.72003585040199 35.727469669773065, -60.306 35.444, -61.38273668724441 34.707658067195524, -59.72003585040199 35.727469669773065), (-62.719854714876654 9.47479918498547, -62.243 9.034, -61.170618129333896 8.30536496823999, -62.719854714876654 9.47479918498547), (-64.354 224.051, -64.357 223.842, -64.329 223.635, -64.27 223.434, -64.182 223.244, -64.067 223.07, -63.926 222.914, -63.765 222.782, -63.585 222.674, -63.391 222.595, -63.188 222.546, -62.98 222.527, -62.771 222.54, -62.566 222.583, -62.37 222.657, -62.188 222.759, -62.022 222.887, -61.878 223.039, -61.757 223.21, -61.664 223.397, -61.599 223.596, -61.565 223.803, -61.562 224.012, -61.591 224.219, -61.649 224.42, -61.737 224.61, -61.853 224.784, -61.993 224.94, -62.155 225.072, -62.334 225.18, -62.528 225.259, -62.731 225.308, -62.94 225.327, -63.149 225.314, -63.353 225.271, -63.549 225.197, -63.732 225.095, -63.897 224.967, -64.042 224.815, -64.162 224.644, -64.256 224.457, -64.32 224.258, -64.354 224.051), (-61.870914530973224 34.37381059895003, -61.875580329920396 34.349470968443995, -61.74097640396663 34.46267066354938, -61.870914530973224 34.37381059895003), (-65.339 92.502, -65.198 92.452, -65.051 92.423, -64.902 92.417, -64.754 92.433, -64.609 92.471, -64.472 92.53, -64.345 92.609, -64.231 92.706, -64.133 92.819, -64.053 92.945, -63.992 93.081, -63.953 93.226, -62.807 99.115, -62.789 99.263, -62.794 99.413, -62.821 99.56, -62.869 99.701, -62.939 99.834, -63.027 99.954, -63.132 100.061, -63.252 100.15, -63.383 100.221, -63.524 100.271, -63.671 100.299, -63.82 100.306, -63.969 100.29, -64.113 100.252, -64.251 100.193, -64.378 100.114, -64.492 100.017, -64.59 99.904, -64.67 99.778, -64.73 99.641, -64.77 99.497, -65.916 93.608, -65.933 93.459, -65.929 93.31, -65.902 93.163, -65.853 93.021, -65.784 92.889, -65.696 92.768, -65.591 92.662, -65.471 92.573, -65.339 92.502), (-64.41159530791789 11.172267928552392, -64.002 10.66, -63.05258835895414 9.782374458021284, -64.41159530791789 11.172267928552392), (-65.196 180.686, -65.03 180.815, -64.886 180.966, -64.765 181.137, -64.672 181.324, -64.608 181.523, -64.573 181.73, -64.57 181.939, -64.599 182.146, -64.658 182.347, -64.746 182.537, -64.861 182.712, -65.001 182.867, -65.163 183, -65.343 183.107, -65.536 183.186, -65.74 183.236, -65.948 183.254, -66.157 183.241, -66.361 183.198, -66.557 183.124, -66.74 183.022, -66.905 182.894, -67.05 182.743, -67.17 182.571, -67.264 182.384, -67.328 182.185, -67.362 181.979, -67.365 181.77, -67.337 181.562, -67.278 181.361, -67.19 181.172, -67.075 180.997, -66.935 180.842, -66.773 180.709, -66.593 180.602, -66.399 180.523, -66.196 180.473, -65.988 180.454, -65.779 180.467, -65.574 180.511, -65.378 180.584, -65.196 180.686), (-64.93186536541945 11.856571490377917, -64.92927591900015 11.819714735594442, -64.6852401170173 11.514506857579796, -64.93186536541945 11.856571490377917), (-66.18673866612872 232.138815529631, -66.18675369808557 232.1388248561565, -66.69881030241002 231.27978879211312, -66.69878614337664 231.2797738378697, -66.18673866612872 232.138815529631), (-67.032 161.215, -67.037 161.364, -67.064 161.511, -67.113 161.653, -67.182 161.785, -67.27 161.906, -67.375 162.012, -67.495 162.102, -67.627 162.172, -67.767 162.222, -67.914 162.251, -68.063 162.257, -68.212 162.241, -68.357 162.203, -68.494 162.144, -68.621 162.065, -68.735 161.968, -68.833 161.856, -68.913 161.73, -68.973 161.593, -69.013 161.449, -70.159 155.559, -70.177 155.411, -70.172 155.261, -70.145 155.114, -70.096 154.973, -70.027 154.841, -69.939 154.72, -69.834 154.614, -69.714 154.524, -69.582 154.454, -69.441 154.404, -69.295 154.375, -69.145 154.369, -68.997 154.385, -68.852 154.423, -68.715 154.482, -68.588 154.56, -68.474 154.657, -68.376 154.77, -68.296 154.896, -68.235 155.033, -68.196 155.177, -67.05 161.067, -67.032 161.215), (-67.68 39.965, -67.85598823676635 41.253950882242435, -67.68956207710465 39.310680723839496, -67.68 39.965), (-67.715 37.57, -67.69604860546502 38.866816854607805, -67.81991672681865 36.934312242378326, -67.715 37.57), (-67.94805136594259 36.157947749429944, -67.89596683438651 36.473526590627365, -67.96763809215132 36.14381058787864, -67.94805136594259 36.157947749429944), (-68.004 42.338, -68.3703125379579 43.58934104719938, -67.91557959435842 41.69040239942131, -68.004 42.338), (-68.677 44.637, -69.22347044885309 45.813346694657, -68.49245917476087 44.00659976638222, -68.677 44.637), (-71.633 63.715, -71.584 63.574, -71.515 63.442, -71.427 63.321, -71.322 63.215, -71.202 63.125, -71.07 63.055, -70.929 63.005, -70.783 62.976, -70.633 62.97, -70.485 62.986, -70.34 63.024, -70.203 63.083, -70.076 63.161, -69.962 63.258, -69.864 63.371, -69.784 63.497, -69.723 63.634, -69.684 63.778, -68.538 69.668, -68.52 69.816, -68.525 69.965, -68.552 70.112, -68.601 70.254, -68.67 70.386, -68.758 70.507, -68.863 70.613, -68.983 70.703, -69.115 70.773, -69.255 70.823, -69.402 70.852, -69.551 70.858, -69.7 70.842, -69.845 70.804, -69.982 70.745, -70.109 70.666, -70.223 70.569, -70.321 70.457, -70.401 70.33, -70.461 70.194, -70.501 70.05, -71.647 64.16, -71.665 64.012, -71.66 63.862, -71.633 63.715), (-68.78469637545126 0.2165347292419943, -68.78089579738132 0.4842519197578834, -68.78943224288655 0.2782562802427507, -68.78469637545126 0.2165347292419943), (-68.8226163488643 -0.6917850039572265, -68.82864734177741 -1.1159057114641058, -68.81508464211258 -0.930755485754102, -68.79372859148339 -0.4197051941972892, -68.79159100656967 -0.2691311980691144, -68.8226163488643 -0.6917850039572265), (-68.80185878032559 0.767960477691275, -68.80219116574793 0.744585961667692, -68.7948913869006 0.6770417044733767, -68.80185878032559 0.767960477691275), (-68.89833438134596 1.6975546421318137, -68.84070638282755 1.2748898480447697, -68.85544158198479 1.4671721190147002, -68.9075846240814 1.9483836819294875, -68.93040458400914 2.1155187588076845, -68.89833438134596 1.6975546421318137), (-68.86545651712905 -1.6184035395501777, -68.8688909278439 -1.6391861274657373, -68.87138160648585 -1.699289473683857, -68.86545651712905 -1.6184035395501777), (-68.93100894876584 -2.1684019077587036, -68.89040774807928 -1.9230294340443246, -68.92677228339912 -2.1106864207057767, -68.93100894876584 -2.1684019077587036), (-68.99644682153371 2.599216998455173, -69.02610153725462 2.8164103330407766, -69.00812544919961 2.650079059130991, -68.99644682153371 2.599216998455173), (-69.10378790041939 -3.0606139615121912, -69.1734778601067 -3.4823275637226003, -69.13297341799455 -3.3034648477037187, -69.03541463148717 -2.799375381596396, -69.01026083210868 -2.6473589418741845, -69.10378790041939 -3.0606139615121912), (-69.09541129904518 3.142988753678068, -69.09264334382527 3.1226875588918386, -69.07802701237884 3.0672892665899343, -69.09541129904518 3.142988753678068), (-69.32624377469041 4.035528962670407, -69.2063515641626 3.626075654394591, -69.24906389418965 3.8120655392511535, -69.37246590051059 4.280588566528758, -69.41905956377077 4.439754735674571, -69.32624377469041 4.035528962670407), (-69.28374651148046 -3.969260587558313, -69.29165409008756 -3.9936369308254682, -69.30581353927194 -4.06670591255054, -69.28374651148046 -3.969260587558313), (-69.42927215445978 -4.498785864308118, -69.35324656922195 -4.264116103912755, -69.41662792768062 -4.442916581967635, -69.42927215445978 -4.498785864308118), (-69.686 46.809, -70.39873163645554 47.88781652245314, -69.4120649433136 46.21932017529941, -69.686 46.809), (-69.56141308432022 4.92604113053817, -69.63261928821633 5.1692849087805675, -69.58262288199843 4.9797903330826, -69.56141308432022 4.92604113053817), (-69.73947514029379 -5.374115100499176, -69.86932156811591 -5.774386947782794, -69.79311085049082 -5.579402875510355, -69.63244419087667 -5.125921228749395, -69.58351978222701 -4.974905235654662, -69.73947514029379 -5.374115100499176), (-69.73886020661844 5.444687759210336, -69.73051661446333 5.416192902073439, -69.69608247841093 5.3362591147890095, -69.73886020661844 5.444687759210336), (-70.1031272810558 6.298836219076514, -69.92150144639446 5.907628239552739, -69.99353707441807 6.090216839366839, -70.18217529518616 6.527984862246367, -70.25815617182475 6.691705560717607, -70.1031272810558 6.298836219076514), (-70.04748013913044 -6.230203200000006, -70.05681256095939 -6.248894258325964, -70.07656503151674 -6.304616496919532, -70.04748013913044 -6.230203200000006), (-70.27143072056784 -6.735799097361554, -70.16587447880852 -6.524390661763237, -70.25127350855335 -6.684201268446325, -70.27143072056784 -6.735799097361554), (-70.46134190130256 7.129522430187645, -70.56234370750863 7.347157274512641, -70.48958538173531 7.178259511935243, -70.46134190130256 7.129522430187645), (-70.70852381882591 -7.554147423659759, -70.89646320346324 -7.930554112554182, -70.79388504080404 -7.752202131247228, -70.56704548672674 -7.327857456126557, -70.49332640942535 -7.180212612521995, -70.70852381882591 -7.554147423659759), (-71.006 48.807, -71.8791240432971 49.77538383605083, -70.64686269324011 48.263396712949806, -71.006 48.807), (-70.71738519475761 7.621900186126367, -70.70911745525564 7.604092115639979, -70.67938724043813 7.556345014311226, -70.71738519475761 7.621900186126367), (-71.2062741256832 8.41498095582863, -70.96950890130664 8.056871310164327, -71.07570534214061 8.240084487023603, -71.31864489351476 8.630207795035957, -71.41868198206473 8.781512944863989, -71.2062741256832 8.41498095582863), (-71.13997883138099 -8.353953144009163, -71.15489221932899 -8.375178962346785, -71.1903548690713 -8.441541631651615, -71.13997883138099 -8.353953144009163), (-71.43944113452147 -8.824215818829025, -71.29031506849317 -8.612060435132992, -71.40938121029059 -8.771982605978545, -71.43944113452147 -8.824215818829025), (-71.68364325194469 9.182264358353903, -71.82341208263436 9.39366339220552, -71.72032509674082 9.22810438796192, -71.68364325194469 9.182264358353903), (-71.98634521442771 -9.558563334280022, -72.2287589489113 -9.903584191286852, -72.1010144427819 -9.74293969162715, -71.81516099395259 -9.358736664599212, -71.72078223740394 -9.22446797608883, -71.98634521442771 -9.558563334280022), (-72.009527797834 9.629909747292494, -71.99786865314454 9.612275180457418, -71.9586115702479 9.56626446280987, -72.009527797834 9.629909747292494), (-72.61 50.586, -73.6075556799568 51.40418956687602, -72.17105552336909 50.09916569580649, -72.61 50.586), (-72.61227368701678 10.342741615569167, -72.32511258278146 10.024390728476819, -72.45502074688807 10.186775933610077, -72.75457240916403 10.537987728118956, -72.87850490140777 10.675441533419221, -72.61227368701678 10.342741615569167), (-72.54209838782582 -10.297622721108933, -72.55644638664232 -10.312648578137235, -72.59169970039181 -10.359998617192923, -72.54209838782582 -10.297622721108933), (-72.90307038857463 -10.71186274691647, -72.7321330468283 -10.532760925123002, -72.86712027393352 -10.666635183335718, -72.90307038857463 -10.71186274691647), (-74.466 132.521, -74.564 132.408, -74.644 132.282, -74.705 132.145, -74.744 132.001, -75.89 126.112, -75.908 125.963, -75.903 125.814, -75.876 125.667, -75.827 125.526, -75.758 125.393, -75.67 125.272, -75.565 125.166, -75.445 125.077, -75.313 125.006, -75.172 124.956, -75.026 124.928, -74.876 124.921, -74.728 124.937, -74.583 124.975, -74.446 125.034, -74.319 125.113, -74.205 125.21, -74.107 125.323, -74.027 125.449, -73.966 125.585, -73.927 125.73, -72.781 131.619, -72.763 131.768, -72.768 131.917, -72.795 132.064, -72.844 132.205, -72.913 132.338, -73.001 132.458, -73.106 132.565, -73.226 132.654, -73.358 132.725, -73.499 132.775, -73.645 132.803, -73.795 132.81, -73.943 132.794, -74.088 132.756, -74.225 132.697, -74.352 132.618, -74.466 132.521), (-73.19707610067871 11.02876956552834, -73.37154482089538 11.222273214696317, -73.24158715993673 11.069958146858829, -73.19707610067871 11.02876956552834), (-73.55420257470912 -11.35754285382924, -73.84508325284915 -11.662165926212102, -73.68667090003672 -11.514687911500234, -73.3649666622694 -11.195820571773195, -73.24153983639893 -11.066498510567918, -73.55420257470912 -11.35754285382924), (-73.59034644948119 11.427047000173895, -73.57482753623187 11.409842512077272, -73.52459596116499 11.366230601941698, -73.59034644948119 11.427047000173895), (-74.28187008916314 12.0325903275219, -73.95433495224559 11.76372084553926, -74.1130003634102 11.910479585712547, -74.45661828310969 12.208699670802776, -74.59430501576244 12.321703900625774, -74.28187008916314 12.0325903275219), (-74.462 52.105, -75.56289207701873 52.761681856345156, -73.96235080714852 51.695190537828616, -74.462 52.105), (-74.21119997992145 -12.003011618500741, -74.22676749311927 -12.01507211920662, -74.26678873068178 -12.054763381901132, -74.21119997992145 -12.003011618500741), (-74.63169084270511 -12.360530504438072, -74.44190968191293 -12.213635477130078, -74.59128977517571 -12.322922882149271, -74.63169084270511 -12.360530504438072), (-93.18730925554915 5.36582199035964, -93.49881006154367 4.8246624131895635, -93.62336302171371 4.591479456507567, -93.89454669932424 4.0483001741080376, -94.12040118333125 3.4693140935596665, -94.21585177221561 3.1997952964893983, -94.39371050435612 2.6515582935139834, -94.52846444441353 2.0583966903005875, -94.58807513737803 1.7504780755860587, -94.68297058123034 1.174466636564885, -94.72673521888264 0.5758145747338143, -94.738833964358 0.2890935113257706, -94.74763176034978 -0.3083568164809224, -94.70094364788264 -0.9185786373234681, -94.66794788381743 -1.2212434854771492, -94.58989335103878 -1.7935145896611975, -94.45503870036103 -2.3800316823103684, -94.37675846501129 -2.6779085778780805, -94.21353973738768 -3.2355725639254156, -93.98811376436136 -3.807364721784137, -93.87536655948556 -4.068663987138194, -93.62265412079738 -4.612196295745312, -93.31493201376938 -5.142709208261582, -93.17120867065385 -5.373576198658545, -92.83967081345406 -5.875308853911151, -92.4550117185854 -6.356441933988033, -92.27152346305962 -6.5715204355682495, -91.87214908884664 -7.0143831282519695, -91.41776856713653 -7.434416124186179, -91.21216010907683 -7.612889365017452, -90.74826277241864 -7.993646659521313, -90.23656262626255 -8.341404040404088, -90.00392146493037 -8.488878627619423, -89.48744952102423 -8.796991952410783, -88.94912302959315 -9.055564513625264, -88.6778166206785 -9.175439474111329, -88.12144066778288 -9.403139249482926, -87.5456266946671 -9.57963086615522, -87.27050313260843 -9.654612530433349, -86.68579397178343 -9.796762898044387, -86.0807359281691 -9.886764770657742, -85.79218801171538 -9.920380117153696, -85.2074817433558 -9.972607070606903, -84.6008341498149 -9.971794958701224, -84.30882830053382 -9.962211377579475, -83.70891269470482 -9.925621350682398, -83.11981839867539 -9.835941907782114, -82.8266841312858 -9.781702097761727, -82.24546734930635 -9.657979702692861, -81.66783580229027 -9.478658907088008, -81.39754903849193 -9.385502747166006, -80.83245515796371 -9.172633215330142, -80.27609467355411 -8.903546532305887, -80.04161409582059 -8.780816139277695, -79.51507021727612 -8.487081316610738, -79.00110419671294 -8.13526678185379, -78.771228895422 -7.967097858042771, -78.30915087586743 -7.609006939335514, -77.85187218533684 -7.183495324198265, -77.6575019827993 -6.990773879269437, -77.2458068873386 -6.559531245361472, -76.8580546541418 -6.071713919726782, -76.69500396378754 -5.852791436261215, -76.3526907444508 -5.365821990359573, -76.04118993845631 -4.824662413189528, -75.91663697828632 -4.591479456507641, -75.6454533006758 -4.048300174108133, -75.4195988166688 -3.469314093559777, -75.32414822778429 -3.199795296489114, -75.14628949564388 -2.651558293514026, -75.01153555558649 -2.0583966903006714, -74.95192486262198 -1.750478075586066, -74.85702941876967 -1.1744666365648444, -74.81326478111737 -0.5758145747339567, -74.80116603564201 -0.2890935113257776, -74.79236823965022 0.3083568164809126, -74.83905635211737 0.918578637323501, -74.87205211618259 1.2212434854773573, -74.9501066489612 1.7935145896610756, -75.084961299639 2.3800316823105416, -75.1632415349887 2.6779085778780805, -75.32646026261229 3.2355725639253268, -75.55188623563862 3.807364721784095, -75.66463344051448 4.068663987138272, -75.91734587920267 4.6121962957454175, -76.22506798623048 5.142709208261358, -76.36879132934601 5.373576198658328, -76.70032918654603 5.875308853911281, -77.08498828141462 6.356441933988062, -77.26847653694023 6.571520435568075, -77.6678509111533 7.014383128251907, -78.12223143286357 7.4344161241862645, -78.32783989092331 7.612889365017576, -78.79173722758125 7.993646659521232, -79.30343737373744 8.341404040404077, -79.53607853506978 8.488878627619508, -80.0525504789758 8.796991952410796, -80.59087697040682 9.055564513625251, -80.86218337932158 9.17543947411136, -81.41855933221707 9.403139249482908, -81.99437330533293 9.57963086615523, -82.2694968673917 9.654612530433381, -82.85420602821655 9.796762898044381, -83.4592640718309 9.886764770657742, -83.74781198828465 9.9203801171537, -84.33251825664419 9.972607070606903, -84.9391658501851 9.971794958701224, -85.23117169946619 9.962211377579475, -85.83108730529517 9.925621350682398, -86.42018160132461 9.83594190778211, -86.7133158687143 9.781702097761707, -87.29453265069361 9.657979702692874, -87.8721641977098 9.478658907087992, -88.14245096150815 9.385502747165983, -88.7075448420363 9.172633215330146, -89.26390532644595 8.903546532305862, -89.49838590417933 8.780816139277743, -90.02492978272389 8.487081316610734, -90.53889580328713 8.135266781853733, -90.7687711045779 7.967097858042847, -91.2308491241326 7.609006939335475, -91.68812781466298 7.183495324198432, -91.88249801720053 6.990773879269591, -92.29419311266143 6.559531245361422, -92.68194534585832 6.071713919726628, -92.84499603621231 5.852791436261417, -93.18730925554915 5.36582199035964), (-74.97671315935936 12.63555939645045, -75.1573236953456 12.783792665726411, -75.02215000000002 12.666432558139558, -74.97671315935936 12.63555939645045), (-75.37155874353807 -12.901967508875348, -75.70468234932349 -13.160045817958181, -75.53525446171565 -13.04412147380545, -75.16392144518245 -12.772489355141229, -75.0230224357635 -12.663430248589911, -75.37155874353807 -12.901967508875348), (-75.42052718104014 12.967299639414449, -75.40270087167096 12.952666245846782, -75.34704034558293 12.917368654797881, -75.42052718104014 12.967299639414449), (-76.18771041045729 13.458400804678758, -75.82452633603488 13.241798812873775, -75.99943126809501 13.360638812143307, -76.39373163596969 13.610706717226453, -76.54220867174963 13.699273232978516, -76.18771041045729 13.458400804678758), (-76.519 53.332, -77.70670957858422 53.81812481397829, -75.96526326943376 53.00169617481537, -76.519 53.332), (-76.1200214988949 -13.444225236085991, -76.13663550449125 -13.45350742608376, -76.18063291139244 -13.485696202531669, -76.1200214988949 -13.444225236085991), (-76.57953439281819 -13.728702616361383, -76.4007841038415 -13.628855491768, -76.54002752017907 -13.701664224803404, -76.57953439281819 -13.728702616361383), (-76.96928739338905 13.95402558662536, -77.17894206816325 14.079084549166895, -77.02036773645334 13.978523302176601, -76.96928739338905 13.95402558662536), (-77.3987288289115 -14.158634793728226, -77.76205845631813 -14.361625855326757, -77.58207624403401 -14.274596904277924, -77.184534041121 -14.066645987579783, -77.03032671544763 -13.980508179647458, -77.3987288289115 -14.158634793728226), (-77.46092981264668 14.21774538485501, -77.4382384593135 14.20421232359252, -77.36891951170773 14.173594077873652, -77.46092981264668 14.21774538485501), (-78.29329330618138 14.589008014189032, -77.89375650448282 14.425438044763414, -78.07667081587708 14.51320980326478, -78.51841963934977 14.708176079986867, -78.67672038531636 14.77289651132519, -78.29329330618138 14.589008014189032), (-78.735 54.239, -79.99789849299789 54.54604490852096, -78.13651819170464 53.99404377250727, -78.735 54.239), (-78.22245208762371 -14.584245492532004, -78.2419402064845 -14.591574208959331, -78.29517550698132 -14.619410317005805, -78.22245208762371 -14.584245492532004), (-80.295 102.961, -80.375 102.835, -80.436 102.698, -80.475 102.554, -81.621 96.664, -81.639 96.516, -81.634 96.366, -81.607 96.219, -81.558 96.078, -81.489 95.946, -81.401 95.825, -81.296 95.719, -81.176 95.629, -81.044 95.559, -80.904 95.509, -80.757 95.48, -80.607 95.474, -80.459 95.49, -80.314 95.528, -80.177 95.587, -80.05 95.665, -79.936 95.762, -79.838 95.875, -79.758 96.001, -79.698 96.138, -79.658 96.282, -78.512 102.172, -78.494 102.32, -78.499 102.469, -78.526 102.616, -78.575 102.758, -78.644 102.89, -78.732 103.011, -78.837 103.117, -78.957 103.207, -79.089 103.277, -79.23 103.327, -79.376 103.356, -79.526 103.362, -79.674 103.346, -79.819 103.308, -79.956 103.249, -80.083 103.17, -80.197 103.073, -80.295 102.961), (-78.71907464540722 -14.797037020840188, -78.50642615531203 -14.716985582106759, -78.6707682858291 -14.77368034628337, -78.71907464540722 -14.797037020840188), (-79.13579907282208 14.960588429592425, -79.33551644749258 15.042241832774495, -79.18438749150242 14.975488027796676, -79.13579907282208 14.960588429592425), (-79.59077724641632 -15.098818866227125, -79.98883611636965 -15.248513179983584, -79.80630345761504 -15.191845848232045, -79.34646376412566 -15.033217402730626, -79.19403593841811 -14.975836008931706, -79.59077724641632 -15.098818866227125), (-79.655005594631 15.146491671367235, -79.63447101031821 15.138084832963534, -79.57317164572527 15.121405456462508, -79.655005594631 15.146491671367235), (-80.55140481847751 15.394682754922457, -80.13207264853463 15.2927366809045, -80.31737035552439 15.349539733440228, -80.76497594159406 15.471561161057663, -80.94423659082034 15.515144291410786, -80.55140481847751 15.394682754922457), (-81.063 54.805, -82.347253746921 54.91969435978791, -80.42795662963175 54.65060371665445, -81.063 54.805), (-80.46349113571218 -15.395870007151569, -80.49189070191154 -15.401931334582487, -80.57168654158494 -15.429459311117316, -80.46349113571218 -15.395870007151569), (-80.99948502758382 -15.53549360749971, -80.74428025184778 -15.481118209082855, -80.94222066626129 -15.51774265836821, -80.99948502758382 -15.53549360749971), (-81.42995784077993 15.633236313522957, -81.657946291823 15.68866649534872, -81.48369908392488 15.641254343459629, -81.42995784077993 15.633236313522957), (-81.89049405248024 -15.70043564250968, -82.30953833482374 -15.789872381983338, -82.12158447647155 -15.761298315679795, -81.6475395905056 -15.673571842725146, -81.4808055842813 -15.638046535677354, -81.89049405248024 -15.70043564250968), (-81.96840574353472 15.739177386014248, -81.94338395637847 15.733094206262406, -81.86969582797997 15.724468816917234, -81.96840574353472 15.739177386014248), (-84.438 31.67, -84.364 31.483, -84.261 31.313, -84.132 31.163, -83.98 31.038, -83.826 30.948, -83.678 30.888, -83.535 30.851, -83.398 30.832, -83.166 30.838, -82.95 30.886, -82.781 30.955, -82.653 31.031, -82.485 31.168, -82.398 31.264, -82.321 31.371, -82.255 31.487, -82.203 31.611, -82.151 31.814, -82.137 31.951, -82.144 32.146, -82.184 32.338, -82.257 32.525, -82.361 32.696, -82.49 32.845, -82.642 32.97, -82.796 33.061, -82.944 33.121, -83.087 33.158, -83.224 33.176, -83.456 33.17, -83.672 33.123, -83.841 33.053, -83.969 32.978, -84.137 32.84, -84.224 32.744, -84.301 32.637, -84.367 32.521, -84.419 32.397, -84.471 32.195, -84.485 32.057, -84.478 31.863, -84.438 31.67), (-82.88686776279717 15.850602840349705, -82.46303927139135 15.812881748755233, -82.66455869871142 15.842909759664469, -83.11539148960675 15.895592195927144, -83.29730053529103 15.911838161013412, -82.88686776279717 15.850602840349705), (-83.448 55.018, -84.74774789915963 54.93917798185774, -82.802292893489 54.96033307602229, -83.448 55.018), (-82.81119163155375 -15.866137241283509, -82.83190745511939 -15.8673869600072, -82.88947141301986 -15.878037883736127, -82.81119163155375 -15.866137241283509), (-85.168 45.651, -85.095 45.464, -84.991 45.294, -84.862 45.144, -84.71 45.019, -84.556 44.929, -84.408 44.869, -84.265 44.831, -84.128 44.813, -83.896 44.819, -83.68 44.867, -83.511 44.936, -83.383 45.011, -83.215 45.149, -83.128 45.245, -83.051 45.352, -82.986 45.468, -82.934 45.592, -82.881 45.795, -82.867 45.932, -82.874 46.126, -82.914 46.319, -82.988 46.506, -83.091 46.677, -83.22 46.826, -83.372 46.951, -83.526 47.042, -83.674 47.102, -83.817 47.139, -83.954 47.157, -84.187 47.151, -84.402 47.104, -84.571 47.034, -84.699 46.959, -84.867 46.821, -84.954 46.725, -85.031 46.618, -85.097 46.502, -85.149 46.378, -85.201 46.176, -85.215 46.038, -85.208 45.844, -85.168 45.651), (-83.35396246959344 -15.923298853237577, -83.13216436531545 -15.90984811082005, -83.3026385806153 -15.915483032581006, -83.35396246959344 -15.923298853237577), (-83.7992534563811 15.956666660884348, -84.02769714612958 15.977068550157485, -83.85263745516896 15.956577352647146, -83.7992534563811 15.956666660884348), (-83.946 143.38, -83.863 143.313, -83.83278017241335 143.28887715517206, -83.98767052023204 143.4139537572261, -83.946 143.38), (-84.27108691405084 -15.954208008220913, -84.6973187885439 -15.97992120048191, -84.48483823128268 -15.979566326899846, -84.03920137764395 -15.964854537749215, -83.85208510638297 -15.953507043256181, -84.27108691405084 -15.954208008220913), (-86.167 73.25, -86.206 73.106, -87.352 67.217, -87.37 67.068, -87.365 66.919, -87.338 66.772, -87.289 66.631, -87.22 66.498, -87.132 66.377, -87.027 66.271, -86.907 66.182, -86.775 66.111, -86.635 66.061, -86.488 66.033, -86.339 66.026, -86.19 66.042, -86.045 66.08, -85.908 66.139, -85.781 66.218, -85.667 66.315, -85.569 66.428, -85.489 66.554, -85.429 66.69, -85.389 66.835, -84.243 72.724, -84.225 72.873, -84.23 73.022, -84.257 73.169, -84.306 73.31, -84.375 73.443, -84.463 73.564, -84.568 73.67, -84.688 73.759, -84.82 73.83, -84.961 73.88, -85.107 73.908, -85.257 73.915, -85.405 73.899, -85.55 73.861, -85.687 73.802, -85.814 73.723, -85.928 73.626, -86.026 73.513, -86.106 73.387, -86.167 73.25), (-84.34913105778824 15.980745501364863, -84.32579605041607 15.978668666115954, -84.25837980461469 15.98089706921985, -84.34913105778824 15.980745501364863), (-85.26891308594917 15.954208008220913, -84.84268121145612 15.97992120048191, -85.05516176871735 15.979566326899846, -85.50079862235602 15.964854537749217, -85.68791489361702 15.953507043256183, -85.26891308594917 15.954208008220913), (-85.839 54.873, -87.10407884162967 54.602914850207156, -85.1844022221988 54.912697481297016, -85.839 54.873), (-85.19086894221176 -15.980745501364863, -85.21420394958393 -15.978668666115954, -85.28162019538532 -15.98089706921985, -85.19086894221176 -15.980745501364863), (-85.74074654361891 -15.956666660884348, -85.51230285387042 -15.977068550157485, -85.68736254483105 -15.956577352647146, -85.74074654361891 -15.956666660884348), (-86.18603753040657 15.923298853237577, -86.40783563468453 15.90984811082005, -86.23736141938471 15.915483032581006, -86.18603753040657 15.923298853237577), (-86.65313223720281 -15.850602840349708, -87.07696072860863 -15.812881748755235, -86.87544130128856 -15.842909759664472, -86.42460851039328 -15.89559219592714, -86.24269946470899 -15.911838161013412, -86.65313223720281 -15.850602840349708), (-86.72880836844622 15.866137241283512, -86.70809254488061 15.867386960007202, -86.65052858698023 15.878037883736113, -86.72880836844622 15.866137241283512), (-86.84683463468512 23.319624743656263, -86.8360972016009 23.32616519160891, -86.92464386716283 23.338542280418455, -86.84683463468512 23.319624743656263), (-87.6495059475198 15.700435642509676, -87.23046166517629 15.789872381983335, -87.4184155235284 15.761298315679804, -87.89246040949452 15.673571842725122, -88.05919441571874 15.63804653567735, -87.6495059475198 15.700435642509676), (-88.617 23.75, -87.35180936250127 23.442397808924277, -89.22480855091635 23.9986614143803, -88.617 23.75), (-88.181 54.373, -89.38868916121088 53.918904566056746, -87.54627752420302 54.50850864128885, -88.181 54.373), (-87.57159425646529 -15.739177386014246, -87.59661604362154 -15.733094206262406, -87.67030417202001 -15.724468816917238, -87.57159425646529 -15.739177386014246), (-88.11004215922006 -15.633236313522957, -87.88205370817712 -15.688666495348688, -88.05630091607514 -15.641254343459625, -88.11004215922006 -15.633236313522957), (-88.54051497241616 15.535493607499717, -88.79571974815238 15.481118209082823, -88.59777933373873 15.517742658368205, -88.54051497241616 15.535493607499717), (-88.98859518152243 -15.394682754922474, -89.40792735146533 -15.292736680904515, -89.22262964447563 -15.34953973344022, -88.77502405840596 -15.471561161057656, -88.59576340917963 -15.515144291410794, -88.98859518152243 -15.394682754922474), (-89.07650886428782 15.395870007151576, -89.04810929808843 15.401931334582496, -88.96831345841497 15.429459311117348, -89.07650886428782 15.395870007151576), (-89.94922275358374 15.098818866227107, -89.5511638836304 15.248513179983567, -89.73369654238505 15.191845848232013, -90.1935362358742 15.033217402730672, -90.34596406158187 14.975836008931713, -89.94922275358374 15.098818866227107), (-90.834 24.657, -89.6274012405805 24.163366678036315, -91.39190461695907 24.989789968404846, -90.834 24.657), (-90.423 53.53, -91.54898369648666 52.901043061933805, -89.81600858464729 53.75823093806527, -90.423 53.53), (-89.88499440536899 -15.146491671367237, -89.90552898968178 -15.138084832963534, -89.96682835427471 -15.121405456462512, -89.88499440536899 -15.146491671367237), (-90.40420092717791 -14.960588429592425, -90.20448355250761 -15.042241832774419, -90.35561250849761 -14.975488027796663, -90.40420092717791 -14.960588429592425), (-90.82092535459276 14.797037020840191, -91.033573844688 14.716985582106751, -90.8692317141709 14.773680346283369, -90.82092535459276 14.797037020840191), (-91.24670669381861 -14.589008014189035, -91.64624349551721 -14.425438044763396, -91.46332918412297 -14.513209803264754, -91.02158036065022 -14.708176079986869, -90.86327961468368 -14.772896511325175, -91.24670669381861 -14.589008014189035), (-91.31754791237623 14.584245492532036, -91.29805979351546 14.59157420895935, -91.24482449301873 14.61941031700578, -91.31754791237623 14.584245492532036), (-92.14127117108849 14.158634793728229, -91.77794154368188 14.361625855326757, -91.95792375596596 14.274596904277933, -92.35546595887898 14.0666459875798, -92.50967328455236 13.980508179647462, -92.14127117108849 14.158634793728229), (-92.891 25.884, -91.7787686421751 25.220554265410225, -93.39784418044653 26.300209159523888, -92.891 25.884), (-92.514 52.362, -93.5364015141955 51.57063747634076, -91.94791355524617 52.67820706239716, -92.514 52.362), (-92.07907018735328 -14.217745384855025, -92.1017615406865 -14.204212323592524, -92.17108048829235 -14.173594077873615, -92.07907018735328 -14.217745384855025), (-92.57071260661095 -13.954025586625358, -92.36105793183651 -14.079084549167042, -92.51963226354661 -13.978523302176626, -92.57071260661095 -13.954025586625358), (-92.96046560718186 13.72870261636135, -93.13921589615849 13.628855491767997, -92.99997247982098 13.701664224803372, -92.96046560718186 13.72870261636135), (-93.35228958954279 -13.45840080467871, -93.71547366396524 -13.241798812873697, -93.54056873190525 -13.36063881214313, -93.14626836403016 -13.610706717226538, -92.99779132825041 -13.699273232978486, -93.35228958954279 -13.45840080467871), (-93.4199785011051 13.444225236085984, -93.40336449550874 13.45350742608376, -93.35936708860753 13.485696202531697, -93.4199785011051 13.444225236085984), (-94.742 27.404, -93.7332073298649 26.575601913233196, -95.18231272850231 27.89207732623261, -94.742 27.404), (-94.16844125646182 12.901967508875428, -93.83531765067642 13.160045817958245, -94.00474553828433 13.044121473805465, -94.37607855481744 12.772489355141309, -94.51697756423641 12.66343024858998, -94.16844125646182 12.901967508875428), (-94.408 50.896, -95.30758394683913 49.953449226195765, -93.8931850311124 51.29447874571765, -94.408 50.896), (-94.11947281895979 -12.967299639414499, -94.13729912832903 -12.952666245846782, -94.19295965441727 -12.917368654797762, -94.11947281895979 -12.967299639414499), (-94.56328684064061 -12.63555939645047, -94.38267630465445 -12.783792665726358, -94.51784999999998 -12.666432558139551, -94.56328684064061 -12.63555939645047), (-94.90830915729501 12.360530504437966, -95.09809031808663 12.2136354771304, -94.94871022482431 12.322922882149262, -94.90830915729501 12.360530504437966), (-95.25812991083681 -12.032590327521941, -95.58566504775447 -11.763720845539206, -95.4269996365899 -11.910479585712471, -95.08338171689036 -12.208699670802726, -94.94569498423753 -12.321703900625785, -95.25812991083681 -12.032590327521941), (-95.3288000200785 12.003011618500784, -95.31323250688074 12.01507211920662, -95.27321126931838 12.054763381900978, -95.3288000200785 12.003011618500784), (-96.346 29.182, -95.47004240094657 28.21101956912904, -96.70679479309834 29.727698710530266, -96.346 29.182), (-96.062 49.163, -96.81136270294077 48.09691319167685, -95.6091440179968 49.63748574172403, -96.062 49.163), (-95.98579742529085 11.35754285382926, -95.69491674715084 11.662165926212113, -95.85332909996325 11.514687911500282, -96.17503333773061 11.19582057177319, -96.2984601636011 11.066498510567884, -95.98579742529085 11.35754285382926), (-95.94965355051886 -11.427047000173854, -95.9651724637681 -11.409842512077319, -96.01540403883472 -11.366230601941957, -95.94965355051886 -11.427047000173854), (-96.34292389932119 -11.028769565528423, -96.16845517910512 -11.222273214695743, -96.29841284006332 -11.069958146858783, -96.34292389932119 -11.028769565528423), (-96.63692961142539 10.711862746916456, -96.80786695317191 10.532760925122789, -96.67287972606653 10.66663518333566, -96.63692961142539 10.711862746916456), (-96.92772631298318 -10.342741615569203, -97.21488741721856 -10.024390728476794, -97.08497925311208 -10.186775933609908, -96.78542759083606 -10.53798772811885, -96.66149509859223 -10.675441533419225, -96.92772631298318 -10.342741615569203), (-96.8197808489648 75.96950246791813, -97.20766451469134 76.28247907390801, -97.169 76.251, -97.015 76.127, -96.854 75.997, -96.8197808489648 75.96950246791813), (-96.99790161217425 10.297622721108848, -96.98355361335767 10.312648578137235, -96.94830029960796 10.359998617193206, -96.99790161217425 10.297622721108848), (-97.667 31.18, -96.94868709622602 30.09355853009809, -97.94475446562721 31.77877029147611, -97.667 31.18), (-97.439 47.204, -98.02330570415589 46.03375035139619, -97.06157089304706 47.740952520349154, -97.439 47.204), (-99.133 22.917, -99.18940981200294 20.903035402418944, -97.214186189762 19.998162105997295, -97.15335717498596 22.169902764489443, -98.985 23.009, -99.11864465116278 23.058639441860464, -99.133 22.917), (-97.55365478557216 9.558563334280185, -97.31124105108857 9.903584191287015, -97.43898555721803 9.74293969162723, -97.72483900604753 9.35873666459905, -97.81921776259611 9.22446797608877, -97.55365478557216 9.558563334280185), (-97.474 76.497, -97.43034540550964 76.46215642458108, -97.50115792552128 76.51929381945777, -97.474 76.497), (-97.53047220216605 -9.629909747292444, -97.54213134685551 -9.612275180457353, -97.58138842975218 -9.566264462809771, -97.53047220216605 -9.629909747292444), (-97.85635674805528 -9.182264358353946, -97.71658791736567 -9.39366339220544, -97.81967490325918 -9.228104387961919, -97.85635674805528 -9.182264358353946), (-98.10055886547849 8.824215818829096, -98.24968493150689 8.612060435132905, -98.13061878970942 8.771982605978534, -98.10055886547849 8.824215818829096), (-98.33372587431673 -8.414980955828767, -98.57049109869335 -8.056871310164333, -98.46429465785964 -8.240084487023179, -98.22135510648502 -8.630207795036295, -98.12131801793521 -8.781512944864078, -98.33372587431673 -8.414980955828767), (-98.675 33.353, -98.12443282313525 32.166112623683446, -98.8563904333177 33.97236881985746, -98.675 33.353), (-98.509 45.061, -98.91048564576674 43.821181860836866, -98.21512081066855 45.64958233900683, -98.509 45.061), (-98.40002116861906 8.353953144009068, -98.38510778067106 8.3751789623467, -98.34964513092872 8.441541631651592, -98.40002116861906 8.353953144009068), (-98.83147618117394 7.554147423660053, -98.64353679653678 7.930554112554136, -98.74611495919618 7.752202131246837, -98.97295451327314 7.32785745612679, -99.04667359057453 7.180212612522237, -98.83147618117394 7.554147423660053), (-98.82261480524241 -7.621900186126329, -98.83088254474441 -7.604092115639897, -98.86061275956202 -7.556345014310997, -98.82261480524241 -7.621900186126329), (-99.0786580986974 -7.129522430187745, -98.97765629249132 -7.34715727451274, -99.05041461826467 -7.178259511935302, -99.0786580986974 -7.129522430187745), (-99.348 35.651, -98.98717506516984 34.41894101004501, -99.43633770971641 36.297991929497044, -99.348 35.651), (-99.247 42.782, -99.45827780084217 41.50514720360601, -99.04539440609268 43.40457337197123, -99.247 42.782), (-99.26856927943217 6.735799097361553, -99.37412552119147 6.524390661763243, -99.28872649144665 6.684201268446316, -99.26856927943217 6.735799097361553), (-99.43687271894422 -6.298836219076476, -99.61849855360563 -5.907628239552518, -99.54646292558206 -6.090216839366532, -99.35782470481374 -6.527984862246609, -99.28184382817528 -6.691705560717545, -99.43687271894422 -6.298836219076476), (-102.35681806414468 43.530669929562855, -99.434 45.439, -102.35681806414468 43.53066992956286, -102.35681806414468 43.530669929562855), (-99.49251986086959 6.23020319999992, -99.48318743904065 6.248894258325875, -99.4634349684833 6.304616496919434, -99.49251986086959 6.23020319999992), (-99.672 38.024, -99.49598362500001 36.7348430312501, -99.66266083686504 38.68186163847741, -99.672 38.024), (-99.638 40.419, -99.65652434010606 39.1141236895878, -99.53162765166167 41.061858974740396, -99.638 40.419), (-99.80052485970614 5.37411510049933, -99.67067843188401 5.774386947782977, -99.74688914950907 5.5794028755106275, -99.90755580912342 5.125921228749128, -99.956480217773 4.974905235654585, -99.80052485970614 5.37411510049933), (-99.80113979338151 -5.444687759210474, -99.80948338553664 -5.416192902073523, -99.84391752158906 -5.336259114789024, -99.80113979338151 -5.444687759210474), (-99.9785869156798 -4.9260411305381115, -99.90738071178363 -5.16928490878075, -99.95737711800156 -4.979790333082621, -99.9785869156798 -4.9260411305381115), (-100.1107278455402 4.4987858643081635, -100.1867534307781 4.264116103912583, -100.12337207231937 4.442916581967631, -100.1107278455402 4.4987858643081635), (-100.21375622530964 -4.035528962670213, -100.33364843583738 -3.6260756543946786, -100.29093610581026 -3.812065539251551, -100.16753409948949 -4.280588566528464, -100.12094043622926 -4.439754735674477, -100.21375622530964 -4.035528962670213), (-100.25625348851953 3.969260587558329, -100.24834590991244 3.993636930825458, -100.23418646072807 4.0667059125505265, -100.25625348851953 3.969260587558329), (-102.84976891853337 37.664611610118726, -102.84976891853337 37.66461161011872, -100.326 35.443, -102.84976891853337 37.664611610118726), (-100.43621209958059 3.0606139615122885, -100.36652213989328 3.482327563722674, -100.40702658200544 3.3034648477037423, -100.50458536851282 2.7993753815964078, -100.52973916789134 2.6473589418740446, -100.43621209958059 3.0606139615122885), (-100.44458870095484 -3.1429887536779786, -100.44735665617473 -3.1226875588918386, -100.46197298762111 -3.067289266590166, -100.44458870095484 -3.1429887536779786), (-100.5435531784663 -2.5992169984552387, -100.5138984627454 -2.816410333040618, -100.5318745508004 -2.650079059131005, -100.5435531784663 -2.5992169984552387), (-100.60899105123416 2.168401907758831, -100.64959225192078 1.9230294340440464, -100.61322771660087 2.1106864207058647, -100.60899105123416 2.168401907758831), (-100.64166561865403 -1.6975546421318781, -100.69929361717244 -1.2748898480447943, -100.6845584180152 -1.4671721190147597, -100.63241537591858 -1.9483836819296405, -100.60959541599085 -2.115518758807803, -100.64166561865403 -1.6975546421318781), (-100.67454348287099 1.618403539549888, -100.6711090721561 1.6391861274656332, -100.66861839351414 1.6992894736842707, -100.67454348287099 1.618403539549888), (-100.7173836511357 0.69178500395705, -100.7113526582226 1.115905711464278, -100.72491535788743 0.930755485753965, -100.74627140851662 0.4197051941976057, -100.74840899343035 0.2691311980690095, -100.7173836511357 0.69178500395705), (-100.7381412196744 -0.7679604776913629, -100.73780883425206 -0.7445859616675972, -100.74510861309945 -0.677041704472799, -100.7381412196744 -0.7679604776913629), (-100.75530362454873 -0.2165347292417932, -100.7591042026187 -0.4842519197584158, -100.75056775711344 -0.2782562802427325, -100.75530362454873 -0.2165347292417932), (-103.98331370213428 43.29160854277239, -103.98331370213427 43.2916085427724, -103.98331370213428 43.291608542772394, -103.98331370213428 43.29160854277239), (-104.74895868633283 20.125315703290266, -104.74825918670034 20.178302092455723, -104.80695698924734 20.401161290322676, -104.74895868633283 20.125315703290266), (-112.059 -3.302, -112.056 -3.451, -112.031 -3.599, -111.984 -3.741, -111.917 -3.874, -111.83 -3.996, -111.727 -4.103, -111.608 -4.194, -111.477 -4.266, -106.022 -6.765, -105.882 -6.817, -105.736 -6.847, -105.586 -6.856, -105.438 -6.841, -105.293 -6.805, -105.154 -6.748, -105.027 -6.671, -104.911 -6.576, -104.812 -6.464, -104.76347284763187 -6.3900256823656605, -104.917 -5.924, -104.97849582102236 -5.678757629416813, -105.022 -5.556, -105.06914103097465 -5.317268900570957, -105.15767002808613 -4.964219526548082, -105.189 -4.947, -110.644 -2.448, -110.785 -2.396, -110.931 -2.366, -111.08 -2.357, -111.229 -2.372, -111.374 -2.408, -111.512 -2.465, -111.64 -2.542, -111.755 -2.638, -111.854 -2.749, -111.936 -2.874, -111.999 -3.01, -112.04 -3.154, -112.059 -3.302), (-104.92419048924214 20.8462642181718, -105.089 21.472, -105.60003031535258 22.657935330987016, -104.92419048924214 20.8462642181718), (-105.88475817876694 9.196499085341708, -105.577 9.773, -105.14220167326857 10.998686169487573, -105.88475817876694 9.196499085341708), (-105.77940341159439 23.074202010029172, -106.037 23.672, -106.72278806035702 24.773269452374258, -105.77940341159439 23.074202010029172), (-107.09388174004563 7.137593131029601, -106.705 7.66, -106.09237692582546 8.807582052952835, -107.09388174004563 7.137593131029601), (-106.95848159474119 25.15175677891694, -107.303 25.705, -108.14136177807518 26.687311999776828, -106.95848159474119 25.15175677891694), (-108.60324101633776 5.274888093153749, -108.135 5.739, -107.35952177044838 6.780743831446609, -108.60324101633776 5.274888093153749), (-108.43599049310859 27.03252969674846, -108.858 27.527, -109.84147546336048 28.38101353842697, -108.43599049310859 27.03252969674846), (-110.36355264251924 3.6670923763465053, -109.836 4.053, -108.90603655875438 4.974762705432166, -110.36355264251924 3.6670923763465053), (-110.17080606741568 28.66699199438198, -110.666 29.097, -111.76442611128908 29.79362911556298, -110.17080606741568 28.66699199438198), (-112.35066601689633 2.3347354954029607, -111.769 2.639, -110.7201326029191 3.406252198381998, -112.35066601689633 2.3347354954029607), (-112.13642536142362 30.029553504056604, -112.689 30.38, -113.87707224363793 30.904356850569545, -112.13642536142362 30.029553504056604), (-114.50442088375313 1.3173914707547756, -113.891 1.529, -112.73536289676693 2.1335038570163594, -114.50442088375313 1.3173914707547756), (-114.28270252004356 31.083382171100922, -114.88 31.347, -116.12489430537873 31.686369715442925, -114.28270252004356 31.083382171100922), (-116.790220801352 0.6304464051827344, -116.155 0.748, -114.93986691524853 1.1671779766744248, -116.790220801352 0.6304464051827344), (-116.56511632163593 31.80637831355718, -117.191 31.977, -118.47344836683423 32.126861557788956, -116.56511632163593 31.80637831355718), (-119.1654879965687 0.2903934175808911, -118.511 0.312, -117.2437398050197 0.5465184401576437, -119.1654879965687 0.2903934175808911), (-120.184 9.067, -120.122 8.881, -120.027 8.704, -119.904 8.547, -119.757 8.414, -119.592 8.308, -119.428 8.236, -119.274 8.194, -119.128 8.175, -118.989 8.173, -118.759 8.206, -118.551 8.279, -118.392 8.368, -118.273 8.458, -118.123 8.615, -118.048 8.721, -117.984 8.836, -117.933 8.959, -117.896 9.088, -117.868 9.296, -117.87 9.433, -117.901 9.626, -117.964 9.812, -118.059 9.989, -118.181 10.146, -118.328 10.279, -118.493 10.386, -118.657 10.457, -118.811 10.499, -118.957 10.519, -119.096 10.521, -119.326 10.487, -119.534 10.414, -119.693 10.325, -119.812 10.235, -119.962 10.078, -120.037 9.973, -120.101 9.857, -120.152 9.734, -120.189 9.605, -120.217 9.398, -120.215 9.26, -120.184 9.067), (-118.92431689896019 32.1795481706225, -119.57 32.255, -120.87005632199663 32.21209922746962, -118.92431689896019 32.1795481706225), (-121.54968310103979 0.3084518293774954, -120.904 0.233, -119.60430408736195 0.2759068019633953, -121.54968310103979 0.3084518293774954), (-122.573 22.862, -122.511 22.676, -122.416 22.499, -122.293 22.342, -122.147 22.209, -121.981 22.102, -121.817 22.031, -121.663 21.989, -121.517 21.969, -121.378 21.967, -121.148 22.001, -120.94 22.074, -120.781 22.163, -120.662 22.253, -120.512 22.41, -120.437 22.515, -120.373 22.631, -120.322 22.754, -120.285 22.883, -120.257 23.09, -120.26 23.228, -120.29 23.421, -120.353 23.607, -120.448 23.784, -120.57 23.941, -120.717 24.074, -120.882 24.18, -121.046 24.252, -121.2 24.294, -121.346 24.313, -121.485 24.315, -121.715 24.282, -121.923 24.209, -122.082 24.12, -122.201 24.03, -122.352 23.873, -122.426 23.767, -122.49 23.652, -122.541 23.529, -122.578 23.4, -122.606 23.192, -122.604 23.054, -122.573 22.862), (-121.30827292931241 32.19763844552394, -121.964 32.176, -123.2319098923944 31.94126169295798, -121.30827292931241 32.19763844552394), (-123.90888367836405 0.6816216864428162, -123.283 0.511, -122.00055163316583 0.3611384422110553, -123.90888367836405 0.6816216864428162), (-123.6826863403478 31.857805841022657, -124.319 31.74, -125.55012917538005 31.315303937291596, -123.6826863403478 31.857805841022657), (-126.19129747995639 1.4046178288990543, -125.594 1.141, -124.34910569462134 0.8016302845570953, -126.19129747995639 1.4046178288990543), (-125.96150551995679 31.17339363467922, -126.583 30.959, -127.74058570840799 30.353476844329474, -125.96150551995679 31.17339363467922), (-128.3375746385763 2.4584464959433654, -127.785 2.108, -126.5969277563622 1.5836431494305119, -128.3375746385763 2.4584464959433654), (-128.12333398310363 30.153264504597065, -128.705 29.849, -129.75386739708094 29.081747801617983, -128.12333398310363 30.153264504597065), (-130.3005531827515 3.8184784394250135, -129.808 3.391, -128.7107717495045 2.695130575686731, -130.3005531827515 3.8184784394250135), (-130.11078419004443 28.820661228803516, -130.638 28.435, -131.5539062697448 27.52663205346298, -130.11078419004443 28.820661228803516), (-132.0417424279137 5.458992730797157, -131.617 4.961, -130.63737830052818 4.110803168507051, -132.0417424279137 5.458992730797157), (-131.87924005412722 27.203975913396455, -132.339 26.748, -133.10575263734046 25.717977750817454, -131.87924005412722 27.203975913396455), (-133.51551840525877 7.3362432210830315, -133.171 6.783, -132.3276090856137 5.794159429850794, -133.51551840525877 7.3362432210830315), (-133.3832035081564 25.34526228030176, -133.769 24.827, -134.38437443697495 23.675830105499475, -133.3832035081564 25.34526228030176), (-134.69459658840563 9.413797989970876, -134.437 8.816, -133.75121193964299 7.714730547625749, -134.69459658840563 9.413797989970876), (-134.58728708971014 23.296245054501508, -134.898 22.715, -135.33506103983524 21.481395215065074, -134.58728708971014 23.296245054501508), (-135.5498095107578 11.641735781827986, -135.385 11.016, -134.87396968464742 9.830064669013007, -135.5498095107578 11.641735781827986), (-135.4788319081876 21.07560193914054, -135.698 20.457, -135.94529316639859 19.18203018815115, -135.4788319081876 21.07560193914054), (-136.06534727653187 13.981212656675991, -135.995 13.332, -135.66704301075276 12.0868387096777, -136.06534727653187 13.981212656675991), (-136.02955968027578 18.747577174718526, -136.154 18.106, -136.2074871509426 16.813123715094658, -136.02955968027578 18.747577174718526), (-136.2261497258059 16.36201723380297, -136.253 15.713, -136.11325796192878 14.423365144776877, -136.2261497258059 16.36201723380297), (-144.092 41.553, -144.113 41.405, -144.112 41.256, -144.089 41.108, -144.045 40.966, -143.979 40.831, -143.894 40.708, -143.792 40.599, -143.675 40.506, -138.702 37.15, -138.572 37.076, -138.432 37.022, -138.287 36.989, -138.137 36.979, -137.988 36.991, -137.843 37.025, -137.704 37.08, -137.575 37.155, -137.459 37.249, -137.357 37.359, -137.274 37.483, -137.21 37.618, -137.166 37.761, -137.145 37.909, -137.145 38.058, -137.168 38.206, -137.213 38.349, -137.279 38.483, -137.363 38.606, -137.465 38.715, -137.583 38.808, -142.556 42.164, -142.686 42.238, -142.825 42.292, -142.971 42.325, -143.12 42.335, -143.269 42.323, -143.415 42.289, -143.554 42.234, -143.683 42.159, -143.799 42.065, -143.9 41.955, -143.984 41.831, -144.048 41.696, -144.092 41.553), (-146.793 23.762, -146.654 23.818, -146.525 23.893, -146.409 23.987, -146.308 24.097, -146.224 24.221, -146.16 24.356, -146.117 24.499, -146.095 24.647, -146.096 24.796, -146.119 24.944, -146.163 25.086, -146.229 25.221, -146.314 25.344, -146.416 25.453, -146.533 25.545, -151.507 28.902, -151.636 28.976, -151.776 29.03, -151.922 29.062, -152.071 29.073, -152.22 29.061, -152.365 29.027, -152.504 28.972, -152.633 28.896, -152.75 28.803, -152.851 28.693, -152.934 28.569, -152.999 28.434, -153.042 28.291, -153.063 28.143, -153.063 27.993, -153.04 27.846, -152.995 27.703, -152.93 27.569, -152.845 27.446, -152.743 27.337, -152.625 27.244, -147.652 23.888, -147.522 23.814, -147.383 23.76, -147.237 23.727, -147.088 23.717, -146.939 23.728, -146.793 23.762), (-168.979 58.038, -168.956 57.89, -168.912 57.748, -168.846 57.613, -168.761 57.49, -168.659 57.381, -168.542 57.288, -163.569 53.932, -163.439 53.858, -163.299 53.804, -163.153 53.771, -163.004 53.761, -162.855 53.773, -162.71 53.807, -162.571 53.862, -162.442 53.937, -162.325 54.031, -162.224 54.141, -162.141 54.265, -162.077 54.4, -162.033 54.543, -162.012 54.691, -162.012 54.84, -162.035 54.988, -162.08 55.131, -162.145 55.265, -162.23 55.388, -162.332 55.497, -162.45 55.59, -167.423 58.946, -167.553 59.02, -167.692 59.074, -167.838 59.107, -167.987 59.117, -168.136 59.105, -168.282 59.071, -168.421 59.016, -168.55 58.941, -168.666 58.847, -168.767 58.737, -168.851 58.613, -168.915 58.478, -168.958 58.335, -168.98 58.187, -168.979 58.038), (-177.712 44.228, -177.61 44.119, -177.492 44.026, -172.519 40.67, -172.389 40.595, -172.25 40.542, -172.104 40.509, -171.955 40.499, -171.806 40.51, -171.66 40.544, -171.521 40.6, -171.392 40.675, -171.276 40.769, -171.175 40.879, -171.091 41.003, -171.027 41.138, -170.984 41.281, -170.962 41.428, -170.963 41.578, -170.986 41.726, -171.03 41.868, -171.096 42.003, -171.181 42.126, -171.283 42.235, -171.4 42.327, -176.373 45.684, -176.503 45.758, -176.643 45.812, -176.789 45.844, -176.938 45.855, -177.087 45.843, -177.232 45.809, -177.371 45.754, -177.5 45.678, -177.617 45.585, -177.718 45.475, -177.801 45.351, -177.865 45.216, -177.909 45.073, -177.93 44.925, -177.93 44.775, -177.907 44.628, -177.862 44.485, -177.797 44.351, -177.712 44.228), (-187.577 70.589, -187.438 70.644, -187.309 70.719, -187.192 70.813, -187.091 70.923, -187.008 71.047, -186.944 71.182, -186.9 71.325, -186.879 71.473, -186.879 71.622, -186.902 71.77, -186.947 71.913, -187.012 72.047, -187.097 72.17, -187.199 72.279, -187.317 72.372, -192.29 75.728, -192.42 75.802, -192.559 75.856, -192.705 75.889, -192.854 75.899, -193.003 75.887, -193.149 75.853, -193.288 75.798, -193.417 75.723, -193.533 75.629, -193.634 75.519, -193.718 75.395, -193.782 75.26, -193.825 75.117, -193.847 74.969, -193.846 74.82, -193.823 74.672, -193.779 74.529, -193.713 74.395, -193.628 74.272, -193.526 74.163, -193.409 74.07, -188.435 70.714, -188.306 70.64, -188.166 70.586, -188.02 70.553, -187.871 70.543, -187.722 70.555, -187.577 70.589), (-202.477 60.901, -202.359 60.808, -197.386 57.452, -197.256 57.377, -197.117 57.323, -196.971 57.291, -196.822 57.28, -196.673 57.292, -196.527 57.326, -196.388 57.382, -196.259 57.457, -196.143 57.551, -196.042 57.661, -195.958 57.785, -195.894 57.92, -195.85 58.063, -195.829 58.21, -195.83 58.36, -195.853 58.508, -195.897 58.65, -195.963 58.785, -196.048 58.908, -196.15 59.017, -196.267 59.109, -201.24 62.466, -201.37 62.54, -201.51 62.594, -201.656 62.626, -201.805 62.637, -201.954 62.625, -202.099 62.591, -202.238 62.536, -202.367 62.46, -202.484 62.367, -202.585 62.257, -202.668 62.133, -202.732 61.998, -202.776 61.855, -202.797 61.707, -202.797 61.557, -202.774 61.41, -202.729 61.267, -202.664 61.133, -202.579 61.01, -202.477 60.901), (-200.077 46.27, -200.189 46.21, -200.25162086513984 46.17605597964381, -200.0113008849542 46.304548672567186, -200.077 46.27), (-200.6616435045311 45.956827794562265, -200.4498938547484 46.070044692737525, -200.465 46.062, -200.564 46.01, -200.6616435045311 45.956827794562265), (-218.649 92.042, -218.692 91.899, -218.714 91.751, -218.713 91.602, -218.69 91.454, -218.646 91.311, -218.58 91.177, -218.495 91.054, -218.393 90.945, -218.276 90.852, -213.302 87.496, -213.173 87.422, -213.033 87.368, -212.887 87.335, -212.738 87.325, -212.589 87.337, -212.444 87.371, -212.305 87.426, -212.176 87.501, -212.059 87.595, -211.958 87.705, -211.875 87.829, -211.81 87.964, -211.767 88.107, -211.746 88.255, -211.746 88.404, -211.769 88.552, -211.814 88.695, -211.879 88.829, -211.964 88.952, -212.066 89.061, -212.184 89.154, -217.157 92.51, -217.287 92.584, -217.426 92.638, -217.572 92.671, -217.721 92.681, -217.87 92.669, -218.016 92.635, -218.155 92.58, -218.284 92.505, -218.4 92.411, -218.501 92.301, -218.585 92.177, -218.649 92.042), (-227.664 78.489, -227.664 78.339, -227.641 78.192, -227.596 78.049, -227.53 77.915, -227.446 77.792, -227.344 77.683, -227.226 77.59, -222.253 74.233, -222.123 74.159, -221.984 74.105, -221.838 74.073, -221.689 74.062, -221.54 74.074, -221.394 74.108, -221.255 74.163, -221.126 74.239, -221.01 74.333, -220.909 74.443, -220.825 74.567, -220.761 74.701, -220.717 74.844, -220.696 74.992, -220.697 75.142, -220.72 75.29, -220.764 75.432, -220.83 75.566, -220.915 75.69, -221.017 75.799, -221.134 75.891, -226.107 79.248, -226.237 79.322, -226.377 79.376, -226.522 79.408, -226.672 79.419, -226.821 79.407, -226.966 79.373, -227.105 79.318, -227.234 79.242, -227.35 79.149, -227.452 79.039, -227.535 78.915, -227.599 78.78, -227.643 78.637, -227.664 78.489), (-228.00839104477626 98.50258805970147, -228.22258695652178 98.44648913043477, -228.2416983836293 98.439873636436, -228.48638532110076 98.35517431192667, -228.6920138277813 98.27031175361407, -228.94080007008927 98.14055685999655, -229.13207791320195 98.02940266545166, -229.15932134964396 98.0094542724171, -229.3688680471947 97.85601842041905, -229.53268203692966 97.72749414655783, -229.871 97.391, -230.184 96.972, -234.469 90.216, -234.715 89.755, -234.87612761163462 89.301080499795, -234.91753029940105 89.11906491018036, -234.9776545412508 88.806904705021, -234.99497406866325 88.60625164353537, -235.00735093333333 88.31258239999994, -234.99683297180044 88.0944490238613, -234.96810371986444 87.82767739874112, -234.9663229380386 87.81114156750107, -234.9256265897249 87.59424852932938, -234.8543177570093 87.3229532710279, -234.78418181818182 87.11254545454544, -234.66996787148597 86.84842570281126, -234.57393400000004 86.65454600000004, -234.4206031128404 86.4078832684824, -234.30444895989703 86.23560969333046, -234.10202690040802 85.99795783587727, -233.97344546417224 85.85486564194716, -233.603 85.534, -233.162 85.254, -232.683 85.043, -232.178 84.905, -231.659 84.845, -231.136 84.862, -230.622 84.957, -230.127 85.128, -229.664 85.37, -229.241 85.679, -228.87 86.047, -228.558 86.467, -224.273 93.222, -224.026 93.684, -223.851 94.177, -223.752 94.69, -223.73 95.213, -223.786 95.733, -223.92 96.239, -224.127 96.719, -224.403 97.164, -224.743 97.561, -225.138 97.904, -225.579 98.185, -226.0264939545381 98.38212155408672, -226.2179937878553 98.43940425531916, -226.33212572486832 98.47036678080586, -226.51154604705974 98.51904120484592, -226.71143131782935 98.55044568475451, -226.81908333846712 98.56309842706453, -227.01063670519065 98.5856124065831, -227.21921974596725 98.58953970232993, -227.51316090438067 98.57998520960903, -227.7235867819641 98.55512476837555, -227.8756553137264 98.5270732916427, -228.00839104477626 98.50258805970147), (-232.013 106.059, -231.864 106.206, -231.739 106.374, -231.641 106.559, -231.571 106.756, -231.531 106.962, -231.522 107.171, -231.545 107.379, -231.598 107.581, -231.681 107.773, -231.792 107.951, -231.928 108.11, -232.086 108.247, -232.262 108.359, -232.454 108.444, -232.656 108.499, -232.863 108.523, -233.072 108.516, -233.278 108.478, -233.476 108.41, -233.661 108.313, -233.83 108.189, -233.979 108.042, -234.104 107.874, -234.202 107.69, -234.272 107.492, -234.312 107.287, -234.321 107.078, -234.298 106.87, -234.245 106.667, -234.162 106.475, -234.052 106.298, -233.916 106.138, -233.758 106.001, -233.581 105.889, -233.39 105.805, -233.188 105.75, -232.98 105.725, -232.771 105.732, -232.565 105.77, -232.367 105.839, -232.182 105.936, -232.013 106.059), (-236.98 103.059, -236.848 102.989, -236.708 102.939, -236.561 102.91, -236.412 102.904, -236.263 102.92, -236.118 102.958, -235.981 103.018, -235.854 103.097, -235.741 103.194, -235.643 103.306, -235.563 103.433, -235.502 103.569, -235.463 103.714, -235.446 103.862, -235.45 104.011, -235.478 104.158, -235.526 104.3, -235.596 104.432, -235.684 104.553, -235.789 104.659, -235.909 104.748, -240.976 107.962, -241.108 108.032, -241.248 108.082, -241.395 108.111, -241.545 108.117, -241.693 108.101, -241.838 108.063, -241.975 108.004, -242.102 107.925, -242.215 107.828, -242.313 107.715, -242.393 107.589, -242.454 107.452, -242.493 107.308, -242.511 107.159, -242.506 107.01, -242.478 106.863, -242.43 106.721, -242.36 106.589, -242.272 106.468, -242.167 106.362, -242.047 106.273, -236.98 103.059), (-243.524 91.933, -243.375 91.926, -243.226 91.942, -243.082 91.981, -242.944 92.04, -242.817 92.119, -242.704 92.216, -242.606 92.329, -242.526 92.455, -242.465 92.592, -242.426 92.736, -242.409 92.884, -242.414 93.034, -242.441 93.181, -242.49 93.322, -242.559 93.454, -242.647 93.575, -242.752 93.681, -242.872 93.77, -247.939 96.984, -248.071 97.054, -248.212 97.104, -248.358 97.133, -248.508 97.139, -248.656 97.123, -248.801 97.085, -248.938 97.026, -249.065 96.947, -249.179 96.85, -249.277 96.737, -249.357 96.611, -249.417 96.474, -249.456 96.33, -249.474 96.181, -249.469 96.032, -249.442 95.885, -249.393 95.744, -249.324 95.611, -249.235 95.491, -249.13 95.384, -249.01 95.295, -243.943 92.081, -243.812 92.011, -243.671 91.961, -243.524 91.933), (-246.002 89.116, -246.101 88.932, -246.17 88.734, -246.21 88.529, -246.219 88.32, -246.196 88.112, -246.143 87.909, -246.06 87.717, -245.95 87.54, -245.814 87.38, -245.656 87.243, -245.479 87.131, -245.288 87.047, -245.086 86.992, -244.878 86.967, -244.669 86.974, -244.463 87.012, -244.265 87.081, -244.08 87.178, -243.911 87.301, -243.762 87.449, -243.638 87.616, -243.539 87.801, -243.469 87.998, -243.429 88.204, -243.421 88.413, -243.443 88.621, -243.496 88.823, -243.579 89.015, -243.69 89.193, -243.826 89.352, -243.984 89.489, -244.16 89.601, -244.352 89.686, -244.554 89.741, -244.761 89.765, -244.971 89.758, -245.176 89.72, -245.374 89.652, -245.56 89.555, -245.728 89.431, -245.877 89.284, -246.002 89.116), (-261.835 123.767, -261.849 123.446, -261.814 123.127, -261.732 122.816, -261.605 122.521, -261.435 122.248, -261.226 122.003, -260.984 121.793, -260.712 121.621, -260.418 121.491, -260.108 121.406, -259.789 121.369, -259.468 121.38, -259.152 121.438, -258.848 121.543, -258.564 121.692, -258.304 121.882, -258.076 122.108, -257.884 122.366, -257.733 122.649, -257.625 122.952, -257.564 123.267, -257.551 123.589, -257.585 123.908, -257.667 124.219, -257.795 124.514, -257.964 124.787, -258.173 125.031, -258.416 125.242, -258.687 125.414, -258.981 125.544, -259.291 125.628, -259.61 125.665, -259.931 125.655, -260.247 125.596, -260.551 125.492, -260.836 125.343, -261.095 125.153, -261.323 124.927, -261.515 124.669, -261.667 124.385, -261.774 124.083, -261.835 123.767), (-262.225 113.493, -262.411 113.396, -262.58 113.272, -262.728 113.125, -262.853 112.957, -262.952 112.773, -263.022 112.575, -263.061 112.37, -263.07 112.161, -263.048 111.953, -262.994 111.75, -262.911 111.558, -262.801 111.381, -262.665 111.222, -262.507 111.084, -262.33 110.972, -262.139 110.888, -261.937 110.833, -261.729 110.808, -261.52 110.815, -261.314 110.853, -261.117 110.922, -260.931 111.019, -260.762 111.142, -260.614 111.29, -260.489 111.457, -260.39 111.642, -260.32 111.839, -260.28 112.045, -260.272 112.254, -260.294 112.462, -260.348 112.664, -260.43 112.856, -260.541 113.034, -260.677 113.193, -260.835 113.33, -261.011 113.442, -261.203 113.527, -261.405 113.582, -261.613 113.606, -261.822 113.599, -262.027 113.561, -262.225 113.493), (-267.139 131.786, -266.963 131.674, -266.771 131.589, -266.569 131.534, -266.362 131.51, -266.152 131.517, -265.947 131.555, -265.749 131.623, -265.563 131.72, -265.395 131.843, -265.246 131.991, -265.121 132.159, -265.022 132.343, -264.952 132.54, -264.913 132.746, -264.904 132.955, -264.927 133.163, -264.98 133.365, -265.063 133.557, -265.173 133.735, -265.309 133.894, -265.467 134.031, -265.644 134.143, -265.835 134.228, -266.037 134.283, -266.245 134.307, -266.454 134.3, -266.66 134.262, -266.858 134.194, -267.043 134.097, -267.212 133.974, -267.36 133.826, -267.485 133.658, -267.584 133.474, -267.654 133.277, -267.694 133.071, -267.702 132.862, -267.68 132.654, -267.627 132.452, -267.544 132.26, -267.433 132.082, -267.297 131.923, -267.139 131.786), (-276.343 114.587, -275.478 114.351, -274.588 114.247, -273.691 114.277, -272.809 114.44, -271.962 114.732, -271.167 115.148, -270.443 115.677, -269.807 116.309, -269.271 117.028, -268.849 117.819, -268.549 118.664, -268.378 119.545, -268.341 120.441, -268.438 121.332, -268.666 122.199, -269.021 123.023, -269.495 123.784, -270.077 124.466, -270.754 125.054, -271.512 125.534, -272.332 125.897, -273.197 126.132, -274.088 126.237, -274.984 126.207, -275.866 126.044, -276.714 125.751, -277.508 125.336, -278.232 124.806, -278.869 124.175, -279.404 123.456, -279.827 122.664, -280.127 121.819, -280.297 120.939, -280.334 120.043, -280.238 119.151, -280.009 118.284, -279.654 117.461, -279.18 116.699, -278.598 116.017, -277.921 115.429, -277.164 114.949, -276.343 114.587), (-269.926 103.778, -269.667 103.968, -269.438 104.194, -269.247 104.452, -269.095 104.736, -268.988 105.038, -268.927 105.354, -268.913 105.675, -268.948 105.994, -269.03 106.305, -269.157 106.6, -269.327 106.873, -269.535 107.118, -269.778 107.328, -270.049 107.5, -270.343 107.63, -270.653 107.715, -270.973 107.752, -271.294 107.741, -271.61 107.683, -271.914 107.578, -272.198 107.429, -272.458 107.239, -272.686 107.013, -272.878 106.755, -273.029 106.472, -273.136 106.169, -273.198 105.854, -273.211 105.532, -273.176 105.213, -273.094 104.902, -272.967 104.607, -272.797 104.334, -272.589 104.09, -272.346 103.879, -272.075 103.707, -271.781 103.577, -271.471 103.493, -271.152 103.456, -270.831 103.466, -270.515 103.525, -270.211 103.629, -269.926 103.778), (-276.762 132.905, -276.477 133.054, -276.218 133.244, -275.99 133.47, -275.798 133.728, -275.646 134.012, -275.539 134.314, -275.478 134.63, -275.464 134.951, -275.499 135.27, -275.581 135.581, -275.708 135.876, -275.878 136.149, -276.086 136.394, -276.329 136.604, -276.601 136.776, -276.894 136.906, -277.205 136.991, -277.524 137.028, -277.845 137.017, -278.161 136.959, -278.465 136.854, -278.749 136.705, -279.009 136.515, -279.237 136.289, -279.429 136.031, -279.58 135.748, -279.688 135.445, -279.749 135.13, -279.762 134.808, -279.727 134.489, -279.646 134.178, -279.518 133.883, -279.349 133.61, -279.14 133.366, -278.897 133.155, -278.626 132.983, -278.332 132.853, -278.022 132.769, -277.703 132.732, -277.382 132.742, -277.066 132.801, -276.762 132.905), (-283.696 107.118, -283.613 106.926, -283.502 106.748, -283.366 106.589, -283.208 106.452, -283.032 106.34, -282.84 106.255, -282.638 106.2, -282.43 106.176, -282.221 106.183, -282.016 106.221, -281.818 106.289, -281.632 106.386, -281.463 106.51, -281.315 106.657, -281.19 106.825, -281.091 107.01, -281.021 107.207, -280.982 107.412, -280.973 107.621, -280.995 107.829, -281.049 108.032, -281.132 108.224, -281.242 108.401, -281.378 108.561, -281.536 108.698, -281.713 108.81, -281.904 108.894, -282.106 108.949, -282.314 108.974, -282.523 108.967, -282.729 108.929, -282.927 108.86, -283.112 108.764, -283.281 108.64, -283.429 108.493, -283.554 108.325, -283.653 108.14, -283.723 107.943, -283.763 107.738, -283.771 107.529, -283.749 107.321, -283.696 107.118), (-288.245 127.627, -288.134 127.45, -287.999 127.29, -287.841 127.153, -287.664 127.041, -287.472 126.957, -287.271 126.902, -287.063 126.877, -286.854 126.884, -286.648 126.922, -286.45 126.991, -286.265 127.088, -286.096 127.211, -285.947 127.358, -285.822 127.526, -285.724 127.711, -285.654 127.908, -285.614 128.114, -285.605 128.323, -285.628 128.531, -285.681 128.733, -285.764 128.925, -285.874 129.103, -286.01 129.262, -286.168 129.399, -286.345 129.511, -286.536 129.596, -286.738 129.651, -286.946 129.675, -287.155 129.668, -287.361 129.63, -287.559 129.562, -287.744 129.465, -287.913 129.341, -288.062 129.194, -288.187 129.026, -288.285 128.841, -288.355 128.644, -288.395 128.439, -288.404 128.23, -288.381 128.022, -288.328 127.819, -288.245 127.627), (-288.124 114.992, -287.84 115.141, -287.58 115.331, -287.352 115.557, -287.16 115.815, -287.009 116.098, -286.901 116.401, -286.84 116.716, -286.827 117.037, -286.861 117.357, -286.943 117.668, -287.071 117.963, -287.24 118.236, -287.449 118.48, -287.692 118.691, -287.963 118.863, -288.257 118.992, -288.567 119.077, -288.886 119.114, -289.207 119.104, -289.523 119.045, -289.827 118.94, -290.112 118.791, -290.371 118.602, -290.599 118.376, -290.791 118.118, -290.943 117.834, -291.05 117.531, -291.111 117.216, -291.124 116.895, -291.09 116.575, -291.008 116.265, -290.881 115.97, -290.711 115.697, -290.502 115.452, -290.26 115.242, -289.988 115.07, -289.694 114.94, -289.384 114.855, -289.065 114.818, -288.744 114.829, -288.428 114.887, -288.124 114.992)))