MULTIPOLYGON (((-86.263 -7.141, -86.26406741573034 -7.076955056179758, -86.26406741573034 -7.076955056179706, -86.27 -6.985, -86.26642207163601 -6.935675701839354, -86.267 -6.901, -86.26071578947369 -6.857010526315847, -86.256 -6.792, -86.24275862068967 -6.7313103448276195, -86.236 -6.684, -86.2190057803468 -6.622443159922847, -86.208 -6.572, -86.19774883238195 -6.5454457706279365, -86.191 -6.521, -86.129 -6.364, -86.12326315789456 -6.3538421052628165, -86.037 -6.197, -86.02720424263671 -6.183756136044834, -86.02 -6.171, -85.96361830357169 -6.097787946428916, -85.912 -6.028, -85.90274999999995 -6.0187499999999465, -85.886 -5.997, -85.77314285714303 -5.889142857143024, -85.743 -5.859, -85.73720148084864 -5.85479382030472, -85.728 -5.846, -85.551 -5.719, -85.346 -5.615, -85.34312468377304 -5.614063245392118, -85.343 -5.614, -85.125 -5.543, -84.91 -5.507, -84.90111375402267 -5.50679711767175, -84.89 -5.505, -84.8224 -5.505, -84.691 -5.502, -84.66764285714287 -5.505, -84.651 -5.505, -84.54722269807264 -5.520466809421862, -84.473 -5.53, -84.4610518609984 -5.533309578408892, -84.443 -5.536, -84.267 -5.587, -84.26663202587947 -5.58716295996766, -84.26 -5.589, -84.105 -5.656, -84.08174631751227 -5.669040916530279, -84.057 -5.68, -84.02109448818901 -5.703055118110217, -83.957 -5.739, -83.91228037383173 -5.772925233644884, -83.867 -5.802, -83.81646153846154 -5.845615384615383, -83.783 -5.871, -83.76127586206897 -5.893241379310347, -83.721 -5.928, -83.66111009174321 -5.995792048929564, -83.6611100917432 -5.995792048929581, -83.615 -6.043, -83.59775347661184 -6.06750821744632, -83.577 -6.091, -83.49621854304633 -6.211794701986801, -83.49621854304631 -6.211794701986821, -83.482 -6.232, -83.47977227921946 -6.236387246026978, -83.47 -6.251, -83.384 -6.425, -83.322 -6.609, -83.32003343949044 -6.618781050955407, -83.316 -6.631, -83.30701160092806 -6.683547563805166, -83.284 -6.798, -83.28192031872511 -6.830235059760921, -83.277 -6.859, -83.27593258426965 -6.923044943820251, -83.27 -7.015, -83.27357792836399 -7.064324298160682, -83.273 -7.099, -83.27928421052633 -7.142989473684338, -83.284 -7.208, -83.29724137931034 -7.26868965517237, -83.304 -7.316, -83.32099421965312 -7.377556840076821, -83.332 -7.428, -83.34225116761809 -7.454554229372169, -83.349 -7.479, -83.411 -7.636, -83.41673684210541 -7.646157894737106, -83.503 -7.803, -83.51279575736324 -7.816243863955099, -83.52 -7.829, -83.57638169642865 -7.90221205357155, -83.628 -7.972, -83.63724999999998 -7.981249999999986, -83.654 -8.003, -83.76685714285709 -8.1108571428571, -83.797 -8.141, -83.80279851915135 -8.14520617969528, -83.812 -8.154, -83.989 -8.281, -84.194 -8.385, -84.19687531622696 -8.385936754607878, -84.197 -8.386, -84.415 -8.457, -84.63 -8.493, -84.63888624597735 -8.49320288232825, -84.65 -8.495, -84.71759999999996 -8.495, -84.849 -8.498, -84.87235714285715 -8.495, -84.889 -8.495, -84.99277730192719 -8.47953319057816, -85.067 -8.47, -85.07894813900161 -8.466690421591107, -85.097 -8.464, -85.273 -8.413, -85.27336797412049 -8.412837040032352, -85.28 -8.411, -85.435 -8.344, -85.45825368248771 -8.330959083469732, -85.483 -8.32, -85.51890551181107 -8.296944881889742, -85.583 -8.261, -85.62771962616826 -8.227074766355125, -85.673 -8.198, -85.7235384615385 -8.154384615384595, -85.757 -8.129, -85.77872413793102 -8.106758620689666, -85.819 -8.072, -85.87888990825688 -8.004207951070343, -85.925 -7.957, -85.94224652338814 -7.932491782553699, -85.963 -7.909, -86.0437814569534 -7.788205298013605, -86.058 -7.768, -86.0602277207806 -7.763612753972911, -86.07 -7.749, -86.156 -7.575, -86.218 -7.391, -86.21996656050955 -7.381218949044594, -86.224 -7.369, -86.23298839907194 -7.316452436194834, -86.256 -7.202, -86.25807968127489 -7.169764940239079, -86.263 -7.141), (-86.20499423063393 -6.571690213185113, -86.20499423063393 -6.5716902131851125, -86.208 -6.572, -86.20499423063393 -6.571690213185113), (-85.72753149486357 -5.84777932269897, -85.72753149486357 -5.847779322698969, -85.728 -5.846, -85.72753149486357 -5.84777932269897), (-85.34578450804726 -5.615412431618171, -85.34578450804726 -5.61541243161817, -85.346 -5.615, -85.34578450804726 -5.615412431618171), (-84.44317241620992 -5.538262100674236, -84.44317241620992 -5.538262100674237, -84.443 -5.536, -84.44317241620992 -5.538262100674236), (-83.78390425531914 -5.8737127659574435, -83.78390425531914 -5.873712765957446, -83.783 -5.871, -83.78390425531914 -5.8737127659574435), (-83.61699141451449 -6.045731940514854, -83.61699141451449 -6.045731940514855, -83.615 -6.043, -83.61699141451449 -6.045731940514854), (-83.28727806041336 -6.798912877583463, -83.28727806041336 -6.798912877583465, -83.284 -6.798, -83.28727806041336 -6.798912877583463), (-83.30703252289233 -7.313565729923167, -83.30703252289233 -7.313565729923168, -83.304 -7.316, -83.30703252289233 -7.313565729923167), (-83.81246850513642 -8.15222067730103, -83.81246850513642 -8.152220677301031, -83.812 -8.154, -83.81246850513642 -8.15222067730103), (-85.09682758379007 -8.461737899325762, -85.09682758379007 -8.46173789932576, -85.097 -8.464, -85.09682758379007 -8.461737899325762), (-85.75609574468085 -8.126287234042563, -85.75609574468086 -8.126287234042556, -85.757 -8.129, -85.75609574468085 -8.126287234042563), (-85.9230085854855 -7.954268059485153, -85.9230085854855 -7.954268059485148, -85.925 -7.957, -85.9230085854855 -7.954268059485153), (-86.25272193958665 -7.201087122416537, -86.25272193958665 -7.201087122416535, -86.256 -7.202, -86.25272193958665 -7.201087122416537), (-85.913 -6.725, -85.942 -6.92, -85.94 -7.114, -85.918 -7.251, -85.856 -7.45, -85.797 -7.571, -85.726 -7.684, -85.643 -7.787, -85.552 -7.878, -85.376 -8.007, -85.244 -8.075, -85.072 -8.136, -84.854 -8.172, -84.622 -8.166, -84.486 -8.14, -84.345 -8.096, -84.201 -8.028, -84.051 -7.93, -83.906 -7.797, -83.785 -7.641, -83.691 -7.465, -83.627 -7.275, -83.598 -7.08, -83.6 -6.886, -83.622 -6.749, -83.684 -6.55, -83.743 -6.429, -83.814 -6.316, -83.897 -6.213, -83.988 -6.122, -84.164 -5.993, -84.296 -5.925, -84.468 -5.864, -84.686 -5.828, -84.918 -5.834, -85.054 -5.86, -85.195 -5.904, -85.339 -5.972, -85.489 -6.07, -85.634 -6.203, -85.755 -6.359, -85.849 -6.535, -85.913 -6.725)), ((-93.18283704003235 0.5033679741205231, -93.181 0.51, -93.114 0.665, -93.10095908346972 0.6882536824877467, -93.09 0.713, -93.06694488188981 0.7489055118109618, -93.031 0.813, -92.99707476635514 0.8577196261682336, -92.968 0.903, -92.92438461538465 0.9535384615384208, -92.899 0.987, -92.87675862068966 1.0087241379310392, -92.842 1.049, -92.77420795107041 1.1088899082568189, -92.727 1.155, -92.70249178255376 1.1722465233880963, -92.679 1.193, -92.5582052980131 1.2737814569537391, -92.538 1.288, -92.53361275397307 1.2902277207805124, -92.519 1.3, -92.345 1.386, -92.161 1.448, -92.15121894904458 1.4499665605095569, -92.139 1.454, -92.0864524361949 1.4629883990719241, -91.972 1.486, -91.93976494023906 1.4880796812748995, -91.911 1.493, -91.84695505617977 1.4940674157303373, -91.755 1.5, -91.7056757018393 1.4964220716360117, -91.671 1.497, -91.6270105263158 1.4907157894736853, -91.6270105263158 1.490715789473685, -91.562 1.486, -91.50131034482759 1.4727586206896561, -91.454 1.466, -91.39244315992289 1.4490057803468146, -91.342 1.438, -91.31544577062792 1.4277488323819434, -91.291 1.421, -91.134 1.359, -91.1238421052634 1.3532631578948786, -90.967 1.267, -90.95375613604484 1.2572042426367278, -90.941 1.25, -90.86778794642845 1.1936183035713448, -90.798 1.142, -90.78875000000002 1.1327500000000237, -90.767 1.116, -90.65914285714273 1.0031428571427263, -90.629 0.973, -90.62479382030472 0.9672014808486341, -90.616 0.958, -90.489 0.781, -90.385 0.576, -90.38406324539213 0.5731246837730518, -90.384 0.573, -90.313 0.355, -90.277 0.14, -90.27679711767175 0.1311137540226223, -90.275 0.12, -90.275 0.0524000000001245, -90.272 -0.079, -90.275 -0.1023571428571508, -90.275 -0.119, -90.29046680942183 -0.2227773019271211, -90.3 -0.297, -90.3033095784089 -0.3089481390016596, -90.306 -0.327, -90.357 -0.503, -90.35716295996762 -0.503367974120435, -90.359 -0.51, -90.426 -0.665, -90.43904091653026 -0.6882536824876905, -90.45 -0.713, -90.4730551181102 -0.7489055118109628, -90.509 -0.813, -90.54292523364487 -0.8577196261682336, -90.572 -0.903, -90.61561538461542 -0.9535384615385087, -90.641 -0.987, -90.6632413793103 -1.0087241379309972, -90.698 -1.049, -90.76579204892971 -1.1088899082569301, -90.813 -1.155, -90.83750821744626 -1.1722465233881014, -90.861 -1.193, -90.98179470198664 -1.2737814569535681, -91.002 -1.288, -91.00638724602697 -1.2902277207805408, -91.021 -1.3, -91.195 -1.386, -91.379 -1.448, -91.3887810509554 -1.4499665605095502, -91.3887810509554 -1.4499665605095504, -91.401 -1.454, -91.45354756380512 -1.4629883990719288, -91.568 -1.486, -91.60023505976096 -1.4880796812749009, -91.629 -1.493, -91.69304494382021 -1.4940674157303369, -91.785 -1.5, -91.8343242981607 -1.4964220716360117, -91.869 -1.497, -91.91298947368422 -1.4907157894736836, -91.978 -1.486, -92.0386896551724 -1.4727586206896572, -92.086 -1.466, -92.14755684007709 -1.4490057803468166, -92.198 -1.438, -92.22455422937207 -1.42774883238194, -92.249 -1.421, -92.406 -1.359, -92.4161578947372 -1.3532631578945438, -92.573 -1.267, -92.58624386395509 -1.2572042426367664, -92.599 -1.25, -92.67221205357146 -1.1936183035714119, -92.742 -1.142, -92.75125000000004 -1.1327499999999657, -92.773 -1.116, -92.88085714285712 -1.0031428571428826, -92.911 -0.973, -92.91520617969529 -0.9672014808486424, -92.924 -0.958, -93.051 -0.781, -93.155 -0.576, -93.15593675460788 -0.5731246837730518, -93.156 -0.573, -93.227 -0.355, -93.263 -0.14, -93.26320288232826 -0.1311137540226223, -93.265 -0.12, -93.265 -0.0524000000001245, -93.268 0.079, -93.265 0.1023571428571389, -93.265 0.119, -93.24953319057818 0.2227773019270495, -93.24 0.297, -93.2366904215911 0.3089481390015896, -93.234 0.327, -93.183 0.503, -93.18283704003235 0.5033679741205231), (-92.89695105320443 0.9853265573980415, -92.89695105320443 0.9853265573980416, -92.899 0.987, -92.89695105320443 0.9853265573980415), (-92.72526732532721 1.1521257984839488, -92.72526732532721 1.1521257984839501, -92.727 1.155, -92.72526732532721 1.1521257984839488), (-92.16048962422883 1.446906337633201, -92.16048962422883 1.4469063376332014, -92.161 1.448, -92.16048962422883 1.446906337633201), (-90.35705961603689 -0.5029948850145856, -90.35705961603689 -0.5029948850145861, -90.357 -0.503, -90.35705961603689 -0.5029948850145856), (-90.8147326746728 -1.1521257984839481, -90.8147326746728 -1.1521257984839497, -90.813 -1.155, -90.8147326746728 -1.1521257984839481), (-92.19667513189012 -1.4354455157358577, -92.19667513189012 -1.4354455157358574, -92.198 -1.438, -92.19667513189012 -1.4354455157358577), (-93.1829403839631 0.5029948850145843, -93.1829403839631 0.5029948850145849, -93.183 0.503, -93.1829403839631 0.5029948850145843), (-92.906 0.302, -92.942 0.084, -92.936 -0.148, -92.91 -0.284, -92.866 -0.425, -92.798 -0.569, -92.7 -0.719, -92.567 -0.864, -92.411 -0.985, -92.235 -1.079, -92.045 -1.143, -91.85 -1.172, -91.656 -1.17, -91.519 -1.148, -91.32 -1.086, -91.199 -1.027, -91.086 -0.956, -90.983 -0.873, -90.892 -0.782, -90.763 -0.606, -90.695 -0.474, -90.634 -0.302, -90.598 -0.084, -90.604 0.148, -90.63 0.284, -90.674 0.425, -90.742 0.569, -90.84 0.719, -90.973 0.864, -91.129 0.985, -91.305 1.079, -91.495 1.143, -91.69 1.172, -91.884 1.17, -92.021 1.148, -92.22 1.086, -92.341 1.027, -92.454 0.956, -92.557 0.873, -92.648 0.782, -92.777 0.606, -92.845 0.474, -92.906 0.302)), ((-79.181 0.51, -79.114 0.665, -79.10095908346972 0.6882536824877472, -79.09 0.713, -79.06694488188981 0.7489055118109628, -79.031 0.813, -78.99707476635514 0.8577196261682336, -78.968 0.903, -78.92438461538462 0.953538461538453, -78.899 0.987, -78.87675862068966 1.0087241379310392, -78.842 1.049, -78.7742079510704 1.108889908256832, -78.727 1.155, -78.70249178255376 1.1722465233880919, -78.679 1.193, -78.5582052980131 1.2737814569537391, -78.538 1.288, -78.53361275397309 1.2902277207805013, -78.519 1.3, -78.345 1.386, -78.161 1.448, -78.15121894904458 1.4499665605095562, -78.139 1.454, -78.0864524361949 1.4629883990719241, -77.972 1.486, -77.93976494023906 1.4880796812748995, -77.911 1.493, -77.84695505617977 1.4940674157303373, -77.755 1.5, -77.7056757018393 1.4964220716360117, -77.671 1.497, -77.6270105263158 1.4907157894736853, -77.6270105263158 1.490715789473685, -77.562 1.486, -77.50131034482759 1.4727586206896561, -77.454 1.466, -77.39244315992289 1.4490057803468146, -77.342 1.438, -77.31544577062792 1.4277488323819434, -77.291 1.421, -77.134 1.359, -77.1238421052634 1.3532631578948786, -76.967 1.267, -76.95375613604484 1.2572042426367278, -76.941 1.25, -76.86778794642848 1.1936183035713643, -76.798 1.142, -76.78875000000002 1.1327500000000237, -76.767 1.116, -76.65914285714273 1.0031428571427263, -76.629 0.973, -76.62479382030472 0.9672014808486341, -76.616 0.958, -76.489 0.781, -76.385 0.576, -76.38406324539213 0.5731246837730518, -76.384 0.573, -76.313 0.355, -76.277 0.14, -76.27679711767175 0.1311137540226223, -76.275 0.12, -76.275 0.0524000000001245, -76.272 -0.079, -76.275 -0.1023571428571508, -76.275 -0.119, -76.29046680942183 -0.2227773019271211, -76.3 -0.297, -76.3033095784089 -0.3089481390016117, -76.30330957840891 -0.3089481390016609, -76.306 -0.327, -76.357 -0.503, -76.35716295996762 -0.503367974120435, -76.359 -0.51, -76.426 -0.665, -76.43904091653026 -0.6882536824876913, -76.45 -0.713, -76.47305511811022 -0.7489055118109919, -76.47305511811022 -0.7489055118110015, -76.509 -0.813, -76.54292523364487 -0.8577196261682336, -76.572 -0.903, -76.61561538461542 -0.9535384615385087, -76.641 -0.987, -76.6632413793103 -1.0087241379309995, -76.698 -1.049, -76.76579204892971 -1.1088899082569301, -76.813 -1.155, -76.83750821744624 -1.1722465233880948, -76.861 -1.193, -76.98179470198664 -1.2737814569535681, -77.002 -1.288, -77.00638724602697 -1.2902277207805404, -77.021 -1.3, -77.195 -1.386, -77.379 -1.448, -77.38878105095539 -1.4499665605095489, -77.401 -1.454, -77.45354756380512 -1.4629883990719288, -77.568 -1.486, -77.60023505976096 -1.4880796812749009, -77.629 -1.493, -77.69304494382021 -1.4940674157303369, -77.785 -1.5, -77.8343242981607 -1.4964220716360117, -77.869 -1.497, -77.91298947368422 -1.4907157894736836, -77.978 -1.486, -78.0386896551724 -1.4727586206896572, -78.086 -1.466, -78.14755684007709 -1.4490057803468166, -78.198 -1.438, -78.22455422937207 -1.42774883238194, -78.249 -1.421, -78.406 -1.359, -78.4161578947372 -1.3532631578945438, -78.573 -1.267, -78.58624386395509 -1.2572042426367664, -78.599 -1.25, -78.67221205357146 -1.1936183035714119, -78.742 -1.142, -78.75125000000004 -1.1327499999999686, -78.773 -1.116, -78.88085714285712 -1.0031428571428826, -78.911 -0.973, -78.91520617969529 -0.9672014808486424, -78.924 -0.958, -79.051 -0.781, -79.155 -0.576, -79.15593675460788 -0.5731246837730518, -79.156 -0.573, -79.227 -0.355, -79.263 -0.14, -79.26320288232826 -0.1311137540226223, -79.265 -0.12, -79.265 -0.0524000000001245, -79.268 0.079, -79.265 0.1023571428571389, -79.265 0.119, -79.24953319057815 0.222777301927267, -79.24 0.297, -79.2366904215911 0.3089481390015896, -79.234 0.327, -79.183 0.503, -79.18283704003235 0.5033679741205231, -79.181 0.51), (-78.89695105320443 0.9853265573980415, -78.89695105320443 0.9853265573980416, -78.899 0.987, -78.89695105320443 0.9853265573980415), (-78.72526732532721 1.152125798483951, -78.72526732532721 1.1521257984839515, -78.727 1.155, -78.72526732532721 1.152125798483951), (-78.16048962422883 1.4469063376332016, -78.16048962422883 1.446906337633202, -78.161 1.448, -78.16048962422883 1.4469063376332016), (-76.27810891395762 0.1392261784220986, -76.27810891395762 0.139226178422097, -76.277 0.14, -76.27810891395762 0.1392261784220986), (-76.35705961603689 -0.5029948850145856, -76.35705961603689 -0.5029948850145861, -76.357 -0.503, -76.35705961603689 -0.5029948850145856), (-76.8147326746728 -1.1521257984839512, -76.8147326746728 -1.1521257984839517, -76.813 -1.155, -76.8147326746728 -1.1521257984839512), (-78.19667513189012 -1.4354455157358577, -78.19667513189012 -1.4354455157358574, -78.198 -1.438, -78.19667513189012 -1.4354455157358577), (-79.1829403839631 0.5029948850145843, -79.1829403839631 0.5029948850145849, -79.183 0.503, -79.1829403839631 0.5029948850145843), (-78.942 0.084, -78.936 -0.148, -78.91 -0.284, -78.866 -0.425, -78.798 -0.569, -78.7 -0.719, -78.567 -0.864, -78.411 -0.985, -78.235 -1.079, -78.045 -1.143, -77.85 -1.172, -77.656 -1.17, -77.519 -1.148, -77.32 -1.086, -77.199 -1.027, -77.086 -0.956, -76.983 -0.873, -76.892 -0.782, -76.763 -0.606, -76.695 -0.474, -76.634 -0.302, -76.598 -0.084, -76.604 0.148, -76.63 0.284, -76.674 0.425, -76.742 0.569, -76.84 0.719, -76.973 0.864, -77.129 0.985, -77.305 1.079, -77.495 1.143, -77.69 1.172, -77.884 1.17, -78.021 1.148, -78.22 1.086, -78.341 1.027, -78.454 0.956, -78.557 0.873, -78.648 0.782, -78.777 0.606, -78.845 0.474, -78.906 0.302, -78.942 0.084)), ((72.363 18.198, 75.214 19.844, 78.278 21.046, 81.487 21.779, 84.77 22.025, 88.053 21.779, 91.262 21.046, 94.326 19.844, 97.177 18.198, 99.751 16.145, 101.99 13.732, 103.844 11.012, 105.272 8.047, 106.243 4.901, 106.733 1.646, 106.733 -1.646, 106.243 -4.901, 105.272 -8.047, 103.844 -11.013, 101.99 -13.732, 99.751 -16.145, 97.177 -18.198, 94.326 -19.844, 91.262 -21.046, 88.053 -21.779, 84.77 -22.025, 81.487 -21.779, 78.278 -21.046, 75.214 -19.844, 72.363 -18.198, 69.789 -16.145, 67.55 -13.732, 65.696 -11.012, 64.268 -8.047, 63.297 -4.901, 62.807 -1.646, 62.807 1.646, 63.297 4.901, 64.268 8.047, 65.696 11.013, 67.55 13.732, 69.789 16.145, 72.363 18.198)), ((-86.26406741573034 6.923044943820242, -86.26406741573034 6.923044943820294, -86.27 7.015, -86.26642207163601 7.064324298160646, -86.267 7.099, -86.26071578947368 7.142989473684273, -86.256 7.208, -86.24275862068967 7.2686896551723805, -86.236 7.316, -86.2190057803468 7.37755684007715, -86.208 7.428, -86.19774883238195 7.454554229372063, -86.191 7.479, -86.129 7.636, -86.12326315789456 7.6461578947371835, -86.037 7.803, -86.02720424263671 7.816243863955166, -86.02 7.829, -85.96361830357169 7.902212053571084, -85.912 7.972, -85.90274999999995 7.9812500000000535, -85.886 8.003, -85.77314285714301 8.110857142856988, -85.743 8.141, -85.73720148084864 8.14520617969528, -85.728 8.154, -85.551 8.281, -85.346 8.385, -85.34312468377304 8.385936754607878, -85.343 8.386, -85.125 8.457, -84.91 8.493, -84.90111375402267 8.49320288232825, -84.89 8.495, -84.82240000000003 8.495, -84.691 8.498, -84.66764285714285 8.495, -84.651 8.495, -84.5472226980728 8.47953319057816, -84.473 8.47, -84.4610518609984 8.466690421591109, -84.443 8.464, -84.267 8.413, -84.26663202587947 8.412837040032342, -84.26 8.411, -84.105 8.344, -84.08174631751228 8.330959083469727, -84.057 8.32, -84.021094488189 8.296944881889775, -83.957 8.261, -83.91228037383173 8.227074766355114, -83.867 8.198, -83.81646153846155 8.154384615384632, -83.783 8.129, -83.76127586206897 8.106758620689652, -83.721 8.072, -83.66111009174317 8.004207951070393, -83.615 7.957, -83.59775347661184 7.932491782553679, -83.577 7.909, -83.49621854304633 7.788205298013199, -83.49621854304631 7.788205298013179, -83.482 7.768, -83.47977227921947 7.763612753973061, -83.47 7.749, -83.384 7.575, -83.322 7.391, -83.32003343949046 7.381218949044593, -83.316 7.369, -83.30701160092806 7.316452436194834, -83.284 7.202, -83.28192031872511 7.169764940239079, -83.277 7.141, -83.27593258426965 7.076955056179749, -83.27 6.985, -83.27357792836399 6.935675701839318, -83.273 6.901, -83.27928421052633 6.857010526315662, -83.284 6.792, -83.29724137931034 6.73131034482763, -83.304 6.684, -83.32099421965312 6.622443159923179, -83.332 6.572, -83.34225116761809 6.545445770627831, -83.349 6.521, -83.411 6.364, -83.41673684210541 6.353842105262894, -83.503 6.197, -83.51279575736324 6.183756136044901, -83.52 6.171, -83.57638169642865 6.09778794642845, -83.628 6.028, -83.63724999999998 6.018750000000014, -83.654 5.997, -83.76685714285716 5.889142857142831, -83.797 5.859, -83.80279851915135 5.854793820304722, -83.812 5.846, -83.989 5.719, -84.194 5.615, -84.19687531622696 5.614063245392118, -84.197 5.614, -84.415 5.543, -84.63 5.507, -84.63888624597735 5.50679711767175, -84.65 5.505, -84.71759999999999 5.505, -84.849 5.502, -84.87235714285714 5.505, -84.889 5.505, -84.99277730192728 5.520466809421852, -85.067 5.53, -85.07894813900158 5.533309578408891, -85.097 5.536, -85.273 5.587, -85.27336797412049 5.587162959967646, -85.28 5.589, -85.435 5.656, -85.45825368248772 5.669040916530275, -85.483 5.68, -85.51890551181107 5.7030551181102584, -85.583 5.739, -85.62771962616821 5.772925233644848, -85.673 5.802, -85.7235384615385 5.845615384615406, -85.757 5.871, -85.77872413793102 5.893241379310332, -85.819 5.928, -85.87888990825691 5.995792048929685, -85.925 6.043, -85.94224652338814 6.067508217446301, -85.963 6.091, -86.0437814569534 6.211794701986395, -86.058 6.232, -86.0602277207806 6.236387246027089, -86.07 6.251, -86.156 6.425, -86.218 6.609, -86.21996656050955 6.6187810509554055, -86.224 6.631, -86.23298839907194 6.683547563805166, -86.256 6.798, -86.25807968127489 6.830235059760921, -86.263 6.859, -86.26406741573034 6.923044943820242), (-85.34578450804726 8.384587568381829, -85.34578450804726 8.38458756838183, -85.346 8.385, -85.34578450804726 8.384587568381829), (-84.44317241620992 8.461737899325758, -84.44317241620992 8.461737899325756, -84.443 8.464, -84.44317241620992 8.461737899325758), (-83.78390425531914 8.126287234042557, -83.78390425531914 8.126287234042554, -83.783 8.129, -83.78390425531914 8.126287234042557), (-83.61699141451449 7.954268059485145, -83.61699141451449 7.954268059485144, -83.615 7.957, -83.61699141451449 7.954268059485145), (-83.57953119730185 7.906596964586852, -83.57953119730185 7.906596964586851, -83.577 7.909, -83.57953119730185 7.906596964586852), (-83.28727806041336 7.201087122416537, -83.28727806041336 7.201087122416535, -83.284 7.202, -83.28727806041336 7.201087122416537), (-83.30703252289233 6.686434270076833, -83.30703252289233 6.686434270076832, -83.304 6.684, -83.30703252289233 6.686434270076833), (-83.81246850513642 5.847779322698969, -83.81246850513642 5.847779322698968, -83.812 5.846, -83.81246850513642 5.847779322698969), (-85.09682758379007 5.53826210067424, -85.09682758379007 5.538262100674242, -85.097 5.536, -85.09682758379007 5.53826210067424), (-85.27988748173405 5.590050170482218, -85.27988748173405 5.590050170482219, -85.28 5.589, -85.27988748173405 5.590050170482218), (-85.75609574468085 5.873712765957436, -85.75609574468086 5.873712765957445, -85.757 5.871, -85.75609574468085 5.873712765957436), (-85.9230085854855 6.045731940514847, -85.9230085854855 6.045731940514852, -85.925 6.043, -85.9230085854855 6.045731940514847), (-86.25272193958665 6.798912877583463, -86.25272193958665 6.798912877583465, -86.256 6.798, -86.25272193958665 6.798912877583463), (-85.94 6.886, -85.918 6.749, -85.856 6.55, -85.797 6.429, -85.726 6.316, -85.643 6.213, -85.552 6.122, -85.376 5.993, -85.244 5.925, -85.072 5.864, -84.854 5.828, -84.622 5.834, -84.486 5.86, -84.345 5.904, -84.201 5.972, -84.051 6.07, -83.906 6.203, -83.785 6.359, -83.691 6.535, -83.627 6.725, -83.598 6.92, -83.6 7.114, -83.622 7.251, -83.684 7.45, -83.743 7.571, -83.814 7.684, -83.897 7.787, -83.988 7.878, -84.164 8.007, -84.296 8.075, -84.468 8.136, -84.686 8.172, -84.918 8.166, -85.054 8.14, -85.195 8.096, -85.339 8.028, -85.489 7.93, -85.634 7.797, -85.755 7.641, -85.849 7.465, -85.913 7.275, -85.942 7.08, -85.94 6.886)), ((-293.512 111.678, -293.5849237206765 111.85165568683759, -293.621 111.926, -293.73195870265886 112.20179499059823, -293.887 112.571, -293.95238094326993 112.7496686437706, -294.002 112.873, -294.03200127956126 112.96724974294514, -294.22 113.481, -294.339 113.86, -294.29259084167444 113.78589813403161, -294.645 114.893, -294.831 115.656, -295.215 117.979, -295.268 118.527, -295.319 121.116, -295.304 121.431, -294.955 124.234, -294.939 124.312, -294.722 125.289, -294.13 127.262, -293.903 127.87, -292.862 130.133, -292.759 130.323, -291.309 132.61, -291.181 132.784, -289.577 134.69, -289.124 135.154, -287.591 136.531, -286.8 137.144, -286.736 137.191, -284.349 138.702, -284.071 138.85, -281.707 139.906, -281.189 140.093, -278.923 140.735, -278.154 140.892, -276.052 141.172, -275.034 141.23, -273.149 141.208, -271.898 141.099, -270.268 140.844, -268.816 140.503, -268.147 140.308, -267.495 140.096, -266.851 139.862, -266.215 139.607, -265.858 139.454, -265.143 139.122, -264.1 138.577, -263.089 137.975, -241.13837452052368 124.05179719119312, -239.966 128.207, -236.726 127.637, -232.67 126.924, -221.971 119.747, -219.218 117.9, -221.843 113.761, -201.353 100.784, -198.742 96.17, -194.76 99.96, -193.292 99.031, -192.639 98.618, -190.466 96.572, -182.986 85.213, -183.01298782385285 85.18601217614714, -182.90127459955193 85.11107826087601, -182.52325173793974 84.85758057720666, -182.523 84.858, -180.123 83.248, -177.26567845856792 81.33088763104337, -168.85578209087805 75.68977874891297, -157.276 67.923, -104.61092239516601 32.59631238939606, -104.60710412808312 32.99567326272524, -104.666 38.353, -104.654 39.951, -104.521 41.543, -104.267 43.121, -100.73322349597638 60.75606330418547, -103.365 73.277, -102.764 80.077, -103.219 83.98, -86.539 167.22, -82.394 174.919, -79.587 188.415, -73.633 198.468, -73.27223709458146 198.33009063449376, -72.94213937804751 200.32686811537903, -72.564 202.616, -71.988 206.1, -72.62374421438652 202.25285627275446, -72.29879862874607 204.21846825799585, -71.731 207.654, -69.949 218.436, -68.879 224.905, -68.616 226.234, -68.436 226.948, -68.138 227.955, -67.85783940154832 228.7516305712496, -67.834 228.826, -67.793 228.936, -66.955 230.85, -66.725 231.296, -66.72321252648689 231.29489356856396, -66.62 231.493, -66.237 232.17, -65.899 232.72, -65.545 233.261, -65.401 233.467, -65.38117084178704 233.49533990310968, -65.342 233.556, -65.29253011374217 233.6220255454039, -65.175 233.79, -64.788 234.307, -64.66990787370122 234.45301538768962, -64.589 234.561, -64.50027998756973 234.6627523306404, -64.179 235.06, -63.536 235.784, -63.40859819318975 235.91479416261288, -63.35 235.982, -63.098419543592826 236.23323200702157, -62.86 236.478, -62.752736557279015 236.57843620803578, -62.628 236.703, -62.528496457974285 236.78840359946398, -62.153 237.14, -61.851 237.398, -61.90004561731793 237.32780112025105, -61.019 238.084, -60.389 238.553, -58.401 239.815, -57.917 240.077, -55.554 241.136, -55.259 241.245, -52.542 242.019, -52.464 242.035, -51.48 242.217, -49.432 242.442, -48.784 242.471, -46.294 242.398, -46.079 242.377, -43.407 241.936, -43.197 241.886, -40.815 241.154, -40.211 240.918, -38.345 240.046, -37.472 239.557, -37.403 239.516, -35.08 237.909, -34.835 237.711, -32.939 235.948, -32.565 235.544, -31.088 233.71, -30.643 233.063, -29.565 231.237, -29.113 230.322, -28.396 228.579, -28.008 227.385, -27.606 225.784, -27.353 224.315, -27.27 223.623, -27.211 222.94, -27.175 222.256, -27.161 221.571, -27.163 221.182, -27.189 220.395, -27.282 219.222, -27.442 218.056, -31.680637494663102 192.4097337378888, -27.398 192.954, -25.728 185.736, -28.778 169.828, -33.614 170.627, -37.553 146.695, -40.78 142.489, -35.735 140.305, -36.017 138.59, -36.142 137.828, -37.176 135.028, -44.709 123.704, -44.74388962353114 123.71895269579905, -44.85505970538527 123.13900836057145, -44.855 123.139, -45.04804189550426 122.13227232068823, -46.476 114.683, -60.630536160272584 40.84437471290789, -56.59 42.632, -44.318461811204365 48.059578381626416, -35.602 57.427, -29.698 60.854, -26.771 63.475, 50.869 97.816, 59.549 98.866, 72.196 104.349, 83.843 105.278, 83.938 104.903, 92.446 109.017, 102.284 113.774, 104.6581273100565 114.92165571526105, 105.258 115.212, 108.188 116.628, 109.426 117.178, 110.112 117.443, 111.108 117.78, 111.88886789738656 118.0009856149604, 111.994 118.034, 112.108 118.063, 114.155 118.481, 114.167 118.483, 114.17183073684225 118.48337052631581, 114.652 118.551, 114.874 118.578, 115.648 118.655, 116.292 118.697, 116.937 118.719, 117.189 118.72, 117.22554183900732 118.72009274578429, 117.296 118.723, 117.38338422177583 118.72049336096897, 117.583 118.721, 118.229 118.703, 118.41413418681852 118.69092603129445, 118.551 118.687, 118.68172143073654 118.6734746892998, 119.195 118.64, 120.158 118.531, 120.3435197801536 118.50153395341344, 120.426 118.493, 120.72787598709014 118.4404867815698, 121.115 118.379, 121.28799634471234 118.34305033764944, 121.432 118.318, 121.54243304816806 118.29017688766972, 122.063 118.182, 122.448 118.084, 122.36225830723079 118.08362558212765, 123.488 117.8, 124.234 117.555, 126.411 116.657, 126.904 116.413, 129.132 115.092, 129.391 114.914, 131.589 113.139, 131.647 113.085, 132.363 112.386, 133.727 110.842, 134.124 110.33, 135.499 108.252, 135.607 108.064, 136.785 105.627, 136.866 105.426, 137.641 103.058, 137.796 102.428, 138.158 100.4, 138.262 99.405, 138.268 99.325, 138.294 96.501, 138.273 96.187, 137.925 93.62, 137.811 93.082, 137.162 90.818, 136.89 90.082, 136.02 88.148, 135.533 87.252, 134.521 85.661, 133.769 84.656, 132.692 83.405, 131.638 82.351, 131.12 81.885, 130.596 81.444, 130.058 81.019, 129.506 80.613, 129.187 80.39, 128.528 79.958, 127.516 79.359, 126.471 78.817, 114.34912035750018 72.95529481588457, 115.398 72.531, 115.55459532292738 72.43834738446918, 115.723 72.367, 115.755 72.351, 117.61514763419079 71.2191822299317, 118.807 70.514, 118.90387485141396 70.43504857386394, 119.019 70.365, 119.053 70.341, 120.9572454935224 68.76158494306415, 121.877 68.012, 121.92595513389702 67.95811995023045, 121.99 67.905, 122.023 67.873, 124.10368697372189 65.56130697937215, 124.541 65.08, 124.55270490526327 65.06243731200252, 124.572 65.041, 124.604 64.999, 126.71 61.832, 126.73216896496223 61.792248752481534, 126.737 61.785, 126.78282532923501 61.68721567164427, 128.361 58.346, 128.384 58.286, 128.3974062526302 58.24194394516094, 128.418 58.198, 128.70430686886755 57.23339735484468, 129.488 54.658, 129.504 54.589, 129.5192533883868 54.4877434643259, 129.545 54.401, 129.71147585466798 53.21171347539556, 130.068 50.845, 130.074 50.769, 130.07455970562964 50.61787948000089, 130.094 50.479, 130.07997346578657 49.15616423763263, 130.088 46.989, 130.083 46.907, 130.05397062536386 46.70384873967174, 130.052 46.518, 129.83736043493883 45.187983043757264, 129.549 43.17, 129.53 43.085, 129.45953295380116 42.846769967294115, 129.421 42.608, 128.961 40.933, 128.931 40.838, 128.887 40.697, 128.831 40.525, 128.757 40.302, 128.681 40.082, 128.61 39.879, 128.53930613061308 39.68459185918592, 129.14763493563908 39.796233310826985, 129.884 40.002, 129.912 40.008, 131.18880607291598 40.17083222334059, 132.334 40.381, 133.00403575405494 40.40233009222105, 133.715 40.493, 133.738 40.494, 135.081137541714 40.468453090009085, 136.292 40.507, 136.9128703001293 40.43361294113876, 137.576 40.421, 137.594 40.419, 138.9698557861965 40.19047662923707, 140.226 40.042, 140.78448066280643 39.889075713796984, 141.387 39.789, 141.398 39.786, 141.39458281383625 39.78656863271337, 142.77332110978986 39.344487465748635, 144.046 38.996, 144.53420058434338 38.77987585288527, 145.064 38.61, 145.07 38.608, 146.4290964343153 37.94101419933514, 147.667 37.393, 148.0762144750124 37.13267984025245, 148.532 36.909, 149.8348526502018 36.013929163875204, 151.009 35.267, 151.54310908721493 34.84034248302064, 151.711 34.725, 151.715 34.721, 151.85489194358118 34.591283812201915, 152.366 34.183, 152.442 34.118, 152.554 34.021, 152.69 33.902, 152.866 33.745, 153.038 33.589, 153.196 33.443, 153.376 33.275, 153.594 33.066, 153.997 32.667, 154.375 32.277, 154.54038609318982 32.10127727598584, 154.539 32.103, 154.547 32.095, 154.55113976800806 32.08985149649144, 154.567 32.073, 154.762 31.86, 154.941 31.661, 155.101 31.481, 155.231 31.331, 155.326 31.22, 155.411 31.12, 155.487 31.029, 156.564 29.651, 156.7396276809185 29.36809566955923, 156.956 29.099, 156.966 29.084, 157.86506011076034 27.555228208373094, 158.653 26.286, 158.76571244946797 26.023748974671356, 158.912 25.775, 158.923 25.754, 159.63137945195652 24.00957875596565, 160.217 22.647, 160.27578154130114 22.422705094895772, 160.365 22.203, 160.374 22.175, 160.84467197217208 20.25196879941115, 161.221 18.816, 161.24036699189512 18.63527200454279, 161.284 18.457, 161.29 18.423, 161.49270892942613 16.280479232037646, 161.643 14.878, 161.6375050513339 14.750064665762443, 161.65 14.618, 161.651 14.577, 161.52740087558513 12.186580385681847, 161.473 10.92, 161.45790994095393 10.842618654997183, 161.454 10.767, 161.449 10.72, 160.84149014658112 7.681637466702848, 160.715 7.033, 160.70769229301067 7.012469085258092, 160.702 6.984, 160.688 6.933, 159.409 3.351, 159.3876931106472 3.3039472860126238, 159.387 3.302, 159.38577793752444 3.299717945366512, 159.385 3.298, 157.602 -0.056, 157.567 -0.11, 157.54072648239674 -0.1456936489147862, 157.517 -0.19, 156.89147193371585 -1.027732524213437, 155.319 -3.164, 155.273 -3.218, 155.20381076516412 -3.287916722096632, 155.147 -3.364, 154.2649158213098 -4.236683636821372, 152.61 -5.909, 152.552 -5.959, 152.43544520407076 -6.046657231496608, 152.332 -6.149, 151.25043599865077 -6.937865743484083, 149.531 -8.231, 149.462 -8.275, 149.28487358082955 -8.37149783198245, 149.132 -8.483, 147.91344574022952 -9.118646755096677, 146.147 -10.081, 146.067 -10.118, 145.83079763341982 -10.205039503295808, 145.62 -10.315, 144.003 -10.948, 143.908 -10.981, 143.769 -11.03, 143.598 -11.088, 143.375 -11.162, 143.153 -11.233, 142.948 -11.297, 142.713 -11.368, 142.53126547875274 -11.420902172280877, 142.531 -11.421, 142.52168965517092 -11.42368965517285, 142.421 -11.453, 141.875 -11.602, 141.307 -11.744, 141.019 -11.811, 140.731 -11.875, 140.476 -11.929, 140.228 -11.978, 140.043 -12.014, 139.909 -12.039, 139.793 -12.059, 139.695 -12.077, 138.86700129007983 -12.192804015373452, 138.66 -12.236, 138.6564132947473 -12.222256881853527, 137.979 -12.317, 134.02 -12.444, 130.087 -11.979, 126.267 -10.933, 122.645 -9.329, 119.303 -7.203, 116.316 -4.604, 113.749 -1.587, 111.66 1.778, 110.61101278781196 4.2187061797648795, 110.547 4.202, 110.34617136690531 4.834919690429389, 110.096 5.417, 109.7853310890967 6.6024308741738595, 109.379 7.883, 109.358 7.974, 109.2499101182071 8.645456511104209, 109.092 9.248, 108.97070844534618 10.379862896271915, 108.759 11.695, 108.752 11.783, 108.74191549531217 12.514902320996809, 108.67 13.186, 108.71745066938576 14.29048411034942, 108.7 15.557, 108.705 15.639, 108.80901812324043 16.421851256837716, 108.84 17.143, 109.1 18.861, 109.118 18.959, 109.146 19.104, 109.181 19.282, 109.20594117647076 19.401509803922366, 109.218 19.461, 109.21932703031055 19.465650353571426, 109.229 19.512, 109.278 19.739, 109.326 19.949, 109.381 20.189, 109.453 20.483, 109.597 21.031, 109.746 21.553, 109.827 21.822, 109.913 22.097, 109.996 22.352, 110.073 22.58, 110.137 22.768, 110.186 22.906, 110.23 23.029, 110.2581566265061 23.105228915662853, 110.281 23.169, 110.28454045199257 23.176848493961703, 107.321 22.533, 103.369 22.279, 99.422 22.617, 96.83884673147328 23.235454249177263, 96.814 23.174, 96.18714705278929 23.391483099799608, 95.571 23.539, 94.42357771998624 24.00334354795764, 93.165 24.44, 93.079 24.477, 92.48061185267238 24.789630933259488, 91.899 25.025, 90.90514727264613 25.6127404219259, 89.739 26.222, 89.664 26.268, 89.07398210266047 26.695647134360957, 88.49 27.041, 87.62595630107478 27.745181542251103, 86.608 28.483, 86.545 28.536, 85.98380007913735 29.08351211791478, 85.42 29.543, 84.31395058904036 30.662637241561104, 82.747 28.951, 79.668 26.461, 77.376474264558 25.117067435228044, 77.401 25.056, 76.80131426639086 24.779747963080855, 76.251 24.457, 75.10341632059371 23.997592010855026, 73.893 23.44, 73.805 23.408, 73.16138356261227 23.220145119435756, 72.574 22.985, 71.44840528584135 22.720171360378234, 70.187 22.352, 70.101 22.334, 69.38216075960229 22.234027706604223, 68.719 22.078, 67.60482404293103 21.986845280108085, 66.362 21.814, 66.28 21.808, 65.49264718832559 21.814040537444065, 64.771 21.755, 63.035 21.8, 62.935 21.806, 62.787 21.816, 62.607 21.829, 62.509357874342655 21.836928206784144, 62.5 21.837, 62.424 21.843, 62.4123185997391 21.844807464123747, 62.373 21.848, 62.141 21.868, 61.927 21.889, 61.682 21.915, 61.381 21.95, 60.82 22.024, 60.284 22.107, 60.007 22.154, 59.723 22.206, 59.46 22.256, 59.223 22.304, 59.029 22.345, 58.886 22.376, 58.758 22.404, 58.643 22.431, 58.63704577464795 22.432577464788714, 58.614 22.438, 58.598222393938755 22.44286302041126, 56.952 22.879, 56.02062167478457 23.23733873875983, 54.99 23.555, 54.93 23.579, 54.08205971933154 23.98318156902342, 53.256 24.301, 52.42677680140595 24.772193321616886, 51.502 25.213, 51.451 25.242, 50.62368319751177 25.7967735140736, 49.812 26.258, 49.09674408281562 26.820692496365094, 48.291 27.361, 48.25 27.393, 47.466683472982226 28.103062696648415, 46.699 28.707, 46.11299021208398 29.33016190126713, 45.427 29.952, 45.395 29.986, 44.68404734973755 30.849697528937405, 43.986 31.592, 43.526642640632566 32.25576527039029, 42.97 32.932, 42.947 32.966, 42.34792062763677 33.959002890766214, 41.732 34.849, 41.39137728702711 35.5445195120807, 40.973 36.238, 40.957 36.269, 40.482688721610394 37.3999760144844, 39.99 38.406, 39.93930437862737 38.566323841124834, 39.413 38.552, 39.40409356359978 38.589604953689836, 39.18858399110168 38.49212010023987, 38.867 38.346, 37.19227903268123 37.58909990462995, 31.022 34.798, 11.168 25.817, -55.421 -4.304, -59.06 -6.184, -62.485 -8.431, -65.658 -11.02, -70.667 -15.56, -71.15678833049402 -15.942799683550566, -71.61 -16.365, -71.64430903462076 -16.388695742797722, -71.676 -16.418, -72.39308128100613 -16.909038609158443, -73.075 -17.442, -73.61374006064752 -17.74889522280109, -74.125 -18.102, -74.17463885889637 -18.129002898221273, -74.198 -18.145, -74.25769238281255 -18.17418294270836, -75.364 -18.776, -75.62031558270188 -18.891948221621966, -75.731 -18.955, -75.93994999661021 -19.036539672017547, -76.865 -19.455, -76.93400000000001 -19.482600000000005, -76.943 -19.487, -76.9529216354344 -19.490168654173758, -77.13 -19.561, -77.33022262454575 -19.628688587981337, -77.998 -19.878, -78.38982455828105 -19.992567293379082, -78.578 -20.066, -78.72216330734345 -20.099257284131948, -78.961 -20.18, -79.773 -20.397, -79.8349711457809 -20.410603422244588, -79.855 -20.417, -79.89154677109505 -20.423022461947692, -80.757 -20.613, -81.2702510496958 -20.68708007761619, -81.556 -20.753, -81.7337623917786 -20.767356384890853, -81.986 -20.815, -82.787 -20.906, -82.85277347000437 -20.910996490249396, -82.871 -20.914, -82.89877408684346 -20.914490933122604, -83.59 -20.967, -83.98747445152586 -20.968058990545806, -84.586 -20.999, -84.5987356326577 -20.998736364292117, -84.602 -20.999, -84.60949049519446 -20.998513731787373, -85.842 -20.973, -85.91918970419094 -20.96787962161254, -85.926 -20.968, -85.93518465185707 -20.966818596891734, -86.445 -20.933, -86.63675504715101 -20.90632789879134, -87.189 -20.86, -87.50271508066658 -20.810691283287873, -87.652 -20.801, -87.89675222069025 -20.748757806356515, -88.875 -20.595, -88.95209045267154 -20.578760133066655, -88.958 -20.578, -88.96491528218759 -20.576058455782817, -89.269 -20.512, -89.33541087613297 -20.492977135402352, -89.755 -20.4, -90.31073331604276 -20.233495197177895, -90.641 -20.163, -91.03300141546777 -20.01709444522045, -91.821 -19.781, -92.01 -19.712, -92.0190568261541 -19.70795776624104, -92.244 -19.625, -92.96397039599597 -19.298374845624405, -93.505 -19.097, -93.96967634483447 -18.84212155712438, -94.618 -18.548, -104.36593346479243 -13.613982555748223, -112.74438430221583 -9.81598130337992, -113.52625967512562 -9.465001652900568, -114.93304769974297 -8.839643629318468, -115.72911834820573 -8.48927400544317, -122.87809216814456 -5.3735993464009, -127.849 -3.328, -129.315 -2.693, -130.728 -1.948, -132.081 -1.098, -151.47956626559488 12.151363299716406, -151.84547882050845 12.401279428977835, -151.92611614097956 12.456344435354836, -146.933 9.046, -159.488 11.516, -165.512 14.727, -169.282 15.833, -239.387 63.712, -244.854 70.536, -256.18 78.394, -263.108 87.802, -262.84 88.08, -270.82 93.142, -285.586 102.508, -286.706 103.27, -287.293 103.714, -288.103 104.383, -288.7136943272048 104.93962243365019, -288.786 105.002, -288.871 105.083, -290.306 106.603, -290.627 106.988, -290.6247908696965 106.98955986151918, -290.767 107.162, -291.24 107.779, -291.615 108.305, -291.974 108.842, -292.107 109.055, -292.1302203430977 109.09221921022828, -292.166 109.145, -292.2061169823863 109.21387171817895, -292.316 109.39, -292.642 109.948, -292.72936467816226 110.11216879083236, -292.798 110.23, -292.85934837903415 110.35642387708617, -293.097 110.803, -293.512 111.678), (-224.05888830348127 116.45498150353045, -224.05888830348127 116.45498150353046, -232.67 126.924, -224.05888830348127 116.45498150353045), (-221.84071183157508 113.75925760050376, -221.8407118315751 113.75925760050377, -198.742 96.17, -221.84071183157508 113.75925760050376), (-33.61494070615272 170.62330622526858, -33.61494070615272 170.6233062252686, -40.78 142.489, -33.61494070615272 170.62330622526858), (119.20305638194351 118.61953389968158, 119.20305638194353 118.61953389968158, 119.195 118.64, 119.20305638194351 118.61953389968158), (49.85049057106561 26.31525299997214, 49.850490571065606 26.315252999972145, 49.812 26.258, 49.85049057106561 26.31525299997214), (151.12364437500003 7.769655000000026, 151.07470283600486 7.730854500616455, 151.01563223363982 7.679619794483515, 150.9800357142857 7.641821428571389, 150.92715642458103 7.58286405959035, 150.88020588235275 7.516205882352682, 150.851449843959 7.474056620597425, 150.789 7.353, 150.177 6.072, 149.92226218250022 5.63581485439282, 149.832 5.451, 149.71704262360188 5.284419352703799, 149.461 4.846, 148.644 3.684, 148.566 3.566, 148.506 3.439, 148.464 3.304, 148.44380442036936 3.17548267507772, 149.523 4.575, 150.772 6.822, 151.12702448500545 7.771887733214623, 151.12364437500003 7.769655000000026), (131.16 13.853, 131.232 13.259, 131.391 12.683, 131.634 12.137, 131.956 11.633, 132.349 11.183, 132.805 10.796, 133.313 10.482, 133.863 10.247, 134.442 10.096, 135.036 10.034, 135.633 10.06, 136.22 10.176, 136.783 10.377, 137.309 10.661, 137.788 11.019, 138.207 11.445, 138.559 11.929, 138.834 12.459, 139.028 13.025, 139.134 13.613, 139.152 14.211, 139.081 14.804, 138.922 15.381, 138.679 15.927, 138.357 16.431, 137.964 16.881, 137.508 17.268, 136.999 17.582, 136.449 17.817, 135.871 17.967, 135.276 18.03, 134.679 18.003, 134.092 17.888, 133.53 17.686, 133.003 17.403, 132.525 17.044, 132.105 16.618, 131.754 16.135, 131.478 15.604, 131.285 15.039, 131.178 14.45, 131.16 13.853), (129.346 92.788, 129.37 92.467, 129.442 92.154, 129.56 91.855, 129.721 91.577, 129.922 91.326, 130.158 91.108, 130.424 90.927, 130.713 90.788, 131.021 90.694, 131.338 90.647, 131.66 90.647, 131.978 90.696, 132.284 90.791, 132.574 90.931, 132.839 91.112, 133.074 91.331, 133.274 91.583, 133.434 91.861, 133.551 92.161, 133.622 92.474, 133.646 92.794, 133.621 93.115, 133.549 93.428, 133.431 93.727, 133.27 94.005, 133.069 94.256, 132.834 94.474, 132.568 94.655, 132.278 94.794, 131.971 94.888, 131.653 94.935, 131.332 94.935, 131.014 94.886, 130.707 94.791, 130.418 94.651, 130.153 94.47, 129.917 94.251, 129.717 93.999, 129.557 93.721, 129.44 93.421, 129.369 93.108, 129.346 92.788), (131.536 103.041, 131.708 103.159, 131.862 103.302, 131.992 103.466, 132.096 103.647, 132.172 103.842, 132.218 104.046, 132.234 104.255, 132.218 104.463, 132.171 104.667, 132.094 104.862, 131.989 105.043, 131.859 105.206, 131.705 105.348, 131.532 105.466, 131.343 105.556, 131.143 105.618, 130.936 105.649, 130.727 105.648, 130.52 105.617, 130.32 105.555, 130.132 105.464, 129.959 105.346, 129.806 105.203, 129.676 105.039, 129.571 104.858, 129.495 104.663, 129.449 104.459, 129.434 104.25, 129.45 104.042, 129.497 103.838, 129.573 103.643, 129.678 103.462, 129.809 103.299, 129.963 103.156, 130.136 103.039, 130.324 102.948, 130.524 102.887, 130.731 102.856, 130.941 102.856, 131.147 102.888, 131.347 102.95, 131.536 103.041), (128.6405308514993 83.6285315025174, 128.64053085149934 83.62853150251739, 128.64053085149934 83.6285315025174, 128.6405308514993 83.6285315025174), (125.23465835123231 93.46548828246928, 125.62552749613305 93.34786701403836, 125.62552749613306 93.34786701403836, 125.23465835123233 93.4654882824693, 125.23465835123231 93.46548828246928), (123.35 82.914, 123.55 82.853, 123.757 82.822, 123.966 82.823, 124.173 82.854, 124.373 82.916, 124.561 83.007, 124.734 83.125, 124.887 83.268, 125.017 83.432, 125.122 83.613, 125.198 83.808, 125.244 84.012, 125.259 84.221, 125.243 84.429, 125.197 84.633, 125.12 84.828, 125.015 85.009, 124.884 85.172, 124.731 85.314, 124.557 85.432, 124.369 85.523, 124.169 85.584, 123.962 85.615, 123.753 85.614, 123.546 85.583, 123.346 85.521, 123.157 85.43, 122.985 85.312, 122.832 85.169, 122.701 85.005, 122.597 84.824, 122.521 84.629, 122.475 84.425, 122.459 84.216, 122.475 84.008, 122.522 83.804, 122.599 83.609, 122.704 83.428, 122.835 83.265, 122.988 83.123, 123.161 83.005, 123.35 82.914), (121.786 109.792, 122.104 109.745, 122.425 109.745, 122.743 109.793, 123.05 109.889, 123.339 110.029, 123.604 110.21, 123.84 110.429, 124.04 110.68, 124.2 110.959, 124.317 111.258, 124.388 111.572, 124.411 111.892, 124.387 112.213, 124.315 112.526, 124.197 112.825, 124.036 113.103, 123.835 113.354, 123.599 113.572, 123.333 113.752, 123.044 113.891, 122.736 113.986, 122.419 114.033, 122.097 114.033, 121.78 113.984, 121.473 113.889, 121.183 113.749, 120.918 113.568, 120.683 113.349, 120.483 113.097, 120.323 112.819, 120.206 112.519, 120.135 112.206, 120.111 111.885, 120.136 111.565, 120.208 111.252, 120.326 110.953, 120.487 110.675, 120.688 110.424, 120.923 110.206, 121.189 110.025, 121.479 109.886, 121.786 109.792), (111.395 98.607, 111.33 97.713, 111.398 96.819, 111.599 95.945, 111.928 95.111, 112.378 94.335, 112.938 93.635, 113.596 93.026, 114.338 92.522, 115.146 92.134, 116.004 91.871, 116.891 91.739, 117.788 91.74, 118.674 91.875, 119.531 92.141, 120.338 92.531, 121.078 93.038, 121.734 93.649, 122.292 94.351, 122.74 95.128, 123.066 95.963, 123.264 96.838, 123.33 97.732, 123.261 98.626, 123.06 99.5, 122.731 100.335, 122.282 101.11, 121.721 101.811, 121.063 102.42, 120.321 102.924, 119.513 103.311, 118.655 103.574, 117.768 103.707, 116.872 103.705, 115.985 103.57, 115.129 103.304, 114.321 102.914, 113.581 102.408, 112.925 101.797, 112.367 101.095, 111.92 100.317, 111.593 99.482, 111.395 98.607), (120.3 117.645, 119.98761458910016 117.65311660961032, 119.98761458910015 117.65311660961032, 120.3 117.645), (119.565 54.751, 120.008 53.402, 120.055 53.269, 120.122 53.145, 120.205 53.03, 120.2956907630522 52.93653298909925, 119.819 54.639, 118.765 56.984, 118.21556848657983 57.836960848061054, 118.21785714285714 57.75628571428576, 118.22174799357946 57.7000845371856, 118.2349434628975 57.62366077738525, 118.24702309913378 57.56465640038498, 118.27472093023276 57.479674418604034, 118.28894764397903 57.43801047120425, 118.349 57.315, 119.01 56.059, 119.20973724944758 55.58826788778841, 119.301 55.411, 119.36400122799837 55.22470521401464, 119.565 54.751), (120.279 117.504, 119.72744620458715 117.54452005407428, 119.72744620458712 117.54452005407427, 120.279 117.504), (118.10510956154911 116.48147675732109, 119.325 114.605, 118.10510956154913 116.48147675732109, 118.10510956154911 116.48147675732109), (110.462 82.621, 110.624 82.343, 110.824 82.092, 111.06 81.873, 111.326 81.693, 111.616 81.554, 111.923 81.46, 112.241 81.412, 112.562 81.413, 112.88 81.461, 113.187 81.556, 113.476 81.696, 113.741 81.878, 113.976 82.097, 114.176 82.348, 114.337 82.627, 114.453 82.926, 114.524 83.239, 114.548 83.56, 114.523 83.88, 114.451 84.194, 114.334 84.492, 114.172 84.771, 113.972 85.021, 113.736 85.24, 113.47 85.42, 113.18 85.559, 112.873 85.653, 112.555 85.701, 112.234 85.7, 111.916 85.652, 111.609 85.557, 111.32 85.417, 111.055 85.235, 110.82 85.016, 110.62 84.765, 110.459 84.486, 110.343 84.187, 110.271 83.874, 110.248 83.553, 110.273 83.233, 110.345 82.92, 110.462 82.621), (109.415 111.433, 109.4 111.225, 109.416 111.016, 109.463 110.812, 109.539 110.617, 109.644 110.436, 109.775 110.273, 109.929 110.131, 110.102 110.013, 110.29 109.923, 110.491 109.861, 110.697 109.831, 110.907 109.831, 111.114 109.862, 111.313 109.924, 111.502 110.015, 111.674 110.134, 111.828 110.276, 111.958 110.44, 112.062 110.621, 112.138 110.816, 112.185 111.02, 112.2 111.229, 112.184 111.438, 112.137 111.642, 112.06 111.836, 111.955 112.017, 111.825 112.181, 111.671 112.323, 111.498 112.44, 111.309 112.531, 111.109 112.592, 110.902 112.623, 110.693 112.623, 110.486 112.591, 110.286 112.529, 110.098 112.438, 109.925 112.32, 109.772 112.177, 109.642 112.014, 109.538 111.832, 109.461 111.637, 109.415 111.433), (110.65053963829564 102.36884641434276, 110.65053963829564 102.36884641434274, 110.65053963829565 102.36884641434276, 110.65053963829564 102.36884641434276), (110.39815391366353 102.4323014096868, 110.39815391366352 102.4323014096868, 110.39815391366355 102.43230140968679, 110.39815391366356 102.43230140968679, 110.39815391366353 102.4323014096868), (100.18 50.77, 99.922 50.23, 99.747 49.659, 99.659 49.067, 99.661 48.47, 99.751 47.879, 99.929 47.308, 100.189 46.77, 100.527 46.277, 100.935 45.839, 101.403 45.468, 101.921 45.17, 102.478 44.953, 103.062 44.821, 103.658 44.778, 104.254 44.824, 104.836 44.958, 105.392 45.178, 105.91 45.478, 106.376 45.852, 106.782 46.291, 107.117 46.786, 107.376 47.325, 107.55 47.897, 107.638 48.488, 107.637 49.086, 107.546 49.677, 107.369 50.248, 107.108 50.786, 106.77 51.279, 106.363 51.716, 105.894 52.088, 105.376 52.386, 104.819 52.603, 104.236 52.734, 103.639 52.778, 103.043 52.732, 102.461 52.597, 101.905 52.378, 101.388 52.077, 100.921 51.704, 100.516 51.264, 100.18 50.77), (101.037 102.971, 101.014 102.651, 101.038 102.33, 101.11 102.017, 101.228 101.718, 101.389 101.44, 101.59 101.189, 101.826 100.971, 102.091 100.791, 102.381 100.652, 102.688 100.557, 103.006 100.51, 103.328 100.511, 103.645 100.559, 103.952 100.654, 104.241 100.794, 104.507 100.975, 104.742 101.194, 104.942 101.446, 105.102 101.725, 105.219 102.024, 105.29 102.337, 105.314 102.658, 105.289 102.978, 105.217 103.291, 105.099 103.59, 104.938 103.868, 104.737 104.119, 104.501 104.337, 104.236 104.518, 103.946 104.657, 103.639 104.751, 103.321 104.799, 102.999 104.798, 102.682 104.75, 102.375 104.654, 102.086 104.515, 101.82 104.333, 101.585 104.114, 101.385 103.863, 101.225 103.584, 101.108 103.285, 101.037 102.971), (103.12033309743352 108.8479377129258, 100.665 105.778, 103.12033309743353 108.8479377129258, 103.12033309743352 108.8479377129258), (85.185 75.733, 85.392 75.765, 85.592 75.827, 85.78 75.918, 85.953 76.036, 86.106 76.179, 86.236 76.343, 86.34 76.524, 86.39037707781716 76.65325697597824, 84.63568247519255 75.80466184506628, 84.769 75.764, 84.976 75.733, 85.185 75.733), (85.737 69.651, 85.69 69.855, 85.613 70.05, 85.508 70.231, 85.378 70.394, 85.224 70.536, 85.051 70.654, 84.862 70.744, 84.662 70.806, 84.455 70.837, 84.246 70.836, 84.039 70.805, 83.839 70.743, 83.651 70.652, 83.478 70.533, 83.325 70.391, 83.195 70.227, 83.091 70.046, 83.014 69.851, 82.968 69.647, 82.953 69.438, 82.969 69.229, 83.016 69.026, 83.093 68.831, 83.197 68.65, 83.328 68.486, 83.482 68.344, 83.655 68.227, 83.843 68.136, 84.044 68.075, 84.25 68.044, 84.46 68.044, 84.667 68.076, 84.866 68.138, 85.055 68.229, 85.228 68.347, 85.381 68.49, 85.511 68.654, 85.615 68.835, 85.691 69.03, 85.738 69.234, 85.753 69.443, 85.737 69.651), (81.053 86.628, 80.846 86.596, 80.647 86.534, 80.458 86.443, 80.286 86.325, 80.132 86.182, 80.002 86.019, 79.898 85.837, 79.84773362748837 85.70802707052937, 81.60261120149497 86.55655358354403, 81.47 86.597, 81.263 86.628, 81.053 86.628), (48.318 79.861, 48.499 80.021, 48.907 80.321, 49.134 80.459, 49.468 80.629, 54.941 83.086, 55.284 83.22, 55.763 83.355, 56.019 83.403, 56.515 83.45, 57.013 83.438, 57.248 83.412, 57.683 83.326, 67.87249403222698 88.00118855678265, 67.865 88.081, 67.886 88.509, 67.968 88.929, 68.109 89.333, 68.306 89.713, 68.554 90.061, 68.85 90.371, 69.187 90.635, 69.558 90.848, 72.41598608521277 92.22987480321034, 72.447 92.255, 72.824 92.521, 73.235 92.73, 73.422 92.81, 73.615 92.872, 73.88216146551365 92.93879036637841, 77.36120042765805 94.6209526085422, 77.673 99.436, 77.728 100.276, 75.872 100.128, 75.66416695652362 100.11147130434797, 75.10512175102667 100.06690424076612, 74.549 100.022, 74.19147787610832 99.99406858407097, 73.75257142857032 99.95907897793255, 73.604 99.947, 73.3 99.923, 69.539 98.292, 66.183 96.837, 60.739 94.477, 60.67 94.468, 60.62 94.462, 60.6187804878052 94.46187804878052, 60.58 94.457, 54.696 93.746, 32.999 83.79, 32.897 82.213, 32.895 82.183, 32.889 82.097, 32.88 81.957, 32.873 81.851, 32.864 81.706, 32.851 81.509, 32.837 81.302, 32.824 81.087, 32.211 71.638, 47.402 78.608, 47.53 78.858, 47.805 79.283, 47.969 79.492, 48.318 79.861), (73.655 90.389, 73.525 90.225, 73.421 90.044, 73.345 89.849, 73.298 89.645, 73.283 89.436, 73.299 89.227, 73.346 89.024, 73.423 88.829, 73.528 88.648, 73.658 88.484, 73.812 88.342, 73.985 88.225, 74.174 88.134, 74.374 88.073, 74.581 88.042, 74.79 88.042, 74.997 88.074, 75.197 88.136, 75.385 88.227, 75.558 88.345, 75.711 88.488, 75.841 88.652, 75.945 88.833, 76.022 89.028, 76.068 89.232, 76.083 89.441, 76.067 89.649, 76.02 89.853, 75.943 90.048, 75.839 90.229, 75.708 90.392, 75.554 90.534, 75.381 90.652, 75.192 90.742, 74.992 90.804, 74.785 90.835, 74.576 90.834, 74.369 90.803, 74.17 90.741, 73.981 90.65, 73.808 90.532, 73.655 90.389), (70.45688034188032 80.21921082621085, 70.23603591394206 80.49543520243944, 70.09634760705298 80.63306926952133, 70.01966308453241 80.70396251299738, 69.87428344224857 80.83836296354625, 69.70782528263095 80.96342446043172, 69.46775821373295 81.12680343787619, 69.4627085714287 81.13023999999992, 69.27493051359507 81.2340120845922, 69.16630095316052 81.28602539107145, 69.01768554627053 81.35718446301453, 68.80952146536916 81.4376433886663, 68.54712534469795 81.51846139383304, 68.326687150838 81.57119553072626, 68.04329234737745 81.61340326741187, 67.83204634037183 81.63386077545873, 67.52866870647826 81.63328181050855, 67.33157421525472 81.6254475106482, 67.23466721608818 81.61063967131714, 67.00141791044763 81.5749980946332, 66.83699650869595 81.5456121419797, 66.42940328528374 81.41900502849495, 66.35970940919032 81.39643894967175, 65.894 81.171, 65.462 80.876, 65.079 80.52, 64.754 80.11, 64.493 79.657, 64.302 79.169, 64.187 78.659, 64.149 78.138, 64.189 77.616, 64.306 77.106, 64.498 76.62, 65.42891851505937 74.69458109274245, 66.47231601308044 74.6185028861218, 65.843 75.92, 65.797 76.004, 65.80637788365097 75.98954087261782, 65.754 76.089, 65.617 76.433, 65.53 76.794, 65.495 77.163, 65.514 77.534, 65.585 77.898, 65.707 78.248, 65.877 78.578, 66.093 78.879, 66.349 79.147, 66.641 79.376, 66.963 79.561, 67.308 79.698, 67.668 79.785, 68.038 79.82, 68.408 79.801, 68.772 79.731, 69.123 79.609, 69.452 79.438, 69.754 79.222, 70.022 78.966, 70.251 78.674, 70.436 78.352, 70.47995978552275 78.25135522788213, 70.475 78.266, 70.512 78.178, 71.848 75.415, 71.894 75.331, 71.87738872086814 75.35661181284475, 71.89957394366196 75.31253521126762, 71.937 75.246, 71.959 75.201, 71.97315690328512 75.16634390075804, 71.999 75.115, 72.036 75.027, 72.82036800516711 73.40483772584078, 74.0552145371579 72.93407205726271, 70.8 79.667, 70.54694041751688 80.10191608852612, 70.45688034188032 80.21921082621085), (71.45854017480029 39.03782215479478, 71.4585401748003 39.037822154794746, 71.45846241396457 39.038320370843124, 71.45846241396455 39.03832037084316, 71.45854017480029 39.03782215479478), (66.397 44.685, 66.909 44.994, 67.369 45.376, 67.767 45.822, 68.094 46.323, 68.343 46.867, 68.508 47.441, 68.585 48.034, 68.574 48.632, 68.51879524550176 48.953936637618455, 62.326 45.954, 61.303728686433644 45.99510700203693, 61.514 45.7, 61.929 45.269, 62.404 44.906, 62.927 44.617, 63.488 44.41, 64.073 44.288, 64.67 44.255, 65.265 44.312, 65.845 44.456, 66.397 44.685), (68.32280976863751 76.97927506426737, 68.32105369127517 76.98122250903458, 68.32133437299721 76.98064315317241, 68.32308829568787 76.97870431211501, 68.32280976863751 76.97927506426737), (68.0838951674277 77.24363451293759, 68.0838951674277 77.2436345129376, 68.0838942357789 77.24363183820397, 68.0838942357789 77.24363183820394, 68.0838951674277 77.24363451293759), (68.0253446704638 77.59340846216438, 68.02548940775853 77.59254379780623, 68.02585958715282 77.5917767937142, 68.02570977607866 77.5926602949208, 68.0253446704638 77.59340846216438), (68.02129885864794 77.6186733977173, 68.02108462549278 77.61885808147176, 68.02108462549278 77.61885808147173, 68.02129885864794 77.61867339771729, 68.02129885864794 77.6186733977173), (67.8826402354405 76.48926075513224, 67.8826402354405 76.48926075513228, 67.88264023544049 76.48926075513234, 67.88264023544049 76.48926075513229, 67.8826402354405 76.48926075513224), (67.86236597307222 76.58080212158303, 67.86230259365993 76.58108828923238, 67.8623659730722 76.58080212158303, 67.86236597307222 76.58080212158303), (67.64882182158745 76.9208880824163, 67.64882182158746 76.9208880824163, 67.64950015926273 76.92174852416547, 67.64950015926271 76.92174852416547, 67.64882182158745 76.9208880824163), (67.41872930366368 77.03227416040394, 67.41862123849788 77.03263765232529, 67.41770505412225 77.03219402620657, 67.4178398009281 77.03184432616278, 67.41872930366368 77.03227416040394), (67.03865992283505 40.85249579010204, 67.03865992283504 40.85249579010206, 67.03865992283504 40.85249579010205, 67.03865992283505 40.852495790102026, 67.03865992283505 40.85249579010204), (57.661 79.303, 57.642 79.451, 57.602 79.595, 57.541 79.731, 57.46 79.857, 57.361 79.969, 57.247 80.065, 57.12 80.144, 56.982 80.202, 56.837 80.239, 56.688 80.254, 56.539 80.247, 56.393 80.218, 56.252 80.167, 50.778 77.709, 50.647 77.638, 50.528 77.548, 50.423 77.441, 50.336 77.32, 50.267 77.187, 50.219 77.046, 50.193 76.899, 50.189 76.749, 50.207 76.601, 50.248 76.457, 50.309 76.321, 50.39 76.195, 50.488 76.083, 50.603 75.986, 50.73 75.908, 50.868 75.85, 51.013 75.813, 51.161 75.798, 51.31 75.805, 51.457 75.834, 51.598 75.885, 57.071 78.342, 57.203 78.414, 57.322 78.504, 57.427 78.61, 57.514 78.732, 57.582 78.864, 57.63 79.006, 57.657 79.153, 57.661 79.303), (48.323284969786876 27.429173501121724, 48.323284969786876 27.429173501121728, 48.292598265013744 27.364374924072305, 48.323284969786876 27.429173501121724), (45.43920581605624 29.945850899813028, 45.43920581605624 29.945850899813024, 45.61935192153185 29.85509609523796, 45.619351921531845 29.855096095237972, 45.43920581605624 29.945850899813028), (45.42911585677494 29.955014915370437, 45.42911585677494 29.955014915370434, 45.470259358968036 30.01364089545787, 45.470259358968036 30.013640895457872, 45.42911585677494 29.955014915370437), (43.15024621151015 34.552351648121395, 43.150246211510115 34.55235164812145, 43.15024621151013 34.55235164812142, 43.15024621151016 34.55235164812138, 43.15024621151015 34.552351648121395), (43.02224634926282 32.98461119807053, 42.97269820821774 32.9347170504539, 43.02224634926283 32.984611198070525, 43.02224634926282 32.98461119807053), (36.256 51.459, 36.387 51.53, 36.507 51.62, 36.611 51.727, 36.699 51.848, 36.767 51.981, 36.815 52.122, 36.841 52.27, 36.845 52.419, 36.827 52.567, 36.787 52.711, 36.726 52.848, 36.645 52.973, 36.546 53.086, 36.432 53.182, 36.304 53.26, 36.167 53.318, 36.022 53.355, 35.873 53.371, 35.724 53.363, 35.578 53.334, 35.437 53.283, 29.963 50.826, 29.832 50.755, 29.713 50.665, 29.608 50.558, 29.521 50.437, 29.452 50.304, 29.404 50.162, 29.378 50.015, 29.374 49.866, 29.392 49.717, 29.433 49.573, 29.494 49.437, 29.575 49.311, 29.673 49.199, 29.788 49.103, 29.915 49.025, 30.053 48.966, 30.197 48.929, 30.346 48.914, 30.495 48.921, 30.642 48.95, 30.782 49.001, 36.256 51.459), (30.214 66.577, 30.262 66.719, 30.288 66.866, 30.292 67.015, 30.274 67.164, 30.234 67.308, 30.172 67.444, 30.092 67.57, 29.993 67.682, 29.879 67.778, 29.751 67.856, 29.614 67.915, 29.469 67.952, 29.32 67.967, 29.171 67.96, 29.024 67.931, 28.884 67.88, 23.41 65.422, 23.279 65.351, 23.159 65.261, 23.055 65.154, 22.967 65.033, 22.899 64.9, 22.851 64.759, 22.825 64.611, 22.821 64.462, 22.839 64.314, 22.879 64.17, 22.941 64.033, 23.021 63.908, 23.12 63.795, 23.234 63.699, 23.362 63.621, 23.499 63.563, 23.644 63.526, 23.793 63.51, 23.942 63.518, 24.089 63.547, 24.229 63.598, 29.703 66.055, 29.834 66.126, 29.954 66.216, 30.058 66.323, 30.146 66.444, 30.214 66.577), (15.326 73.603, 15.334 73.73, 15.342 73.851, 15.354 74.042, 15.361 74.154, 15.369 74.268, 15.376 74.374, 15.38 74.442, 15.382 74.466, 15.765 80.379, -18.921 64.463, -27.04 57.194, -29.491 55.771, -29.568 54.584, -29.57 54.554, -29.575 54.468, -29.584 54.329, -29.591 54.223, -29.601 54.077, -29.613 53.88, -29.627 53.673, -29.641 53.458, -30.022 47.578, 14.977 68.226, 15.309 73.34, 15.317 73.472, 15.326 73.603), (8.798 41.031, 8.654 41.068, 8.505 41.083, 8.356 41.076, 8.209 41.047, 8.069 40.996, 2.595 38.539, 2.464 38.467, 2.344 38.377, 2.24 38.271, 2.152 38.149, 2.084 38.017, 2.036 37.875, 2.01 37.728, 2.006 37.578, 2.024 37.43, 2.064 37.286, 2.125 37.15, 2.206 37.024, 2.305 36.912, 2.419 36.816, 2.547 36.737, 2.684 36.679, 2.829 36.642, 2.978 36.627, 3.127 36.634, 3.274 36.663, 3.414 36.714, 8.888 39.172, 9.019 39.243, 9.138 39.333, 9.243 39.44, 9.331 39.561, 9.399 39.694, 9.447 39.835, 9.473 39.982, 9.477 40.132, 9.459 40.28, 9.419 40.424, 9.357 40.56, 9.276 40.686, 9.178 40.798, 9.063 40.895, 8.936 40.973, 8.798 41.031), (-4.248 51.508, -4.134 51.412, -4.007 51.334, -3.869 51.275, -3.724 51.238, -3.575 51.223, -3.426 51.23, -3.28 51.26, -3.139 51.311, 2.335 53.768, 2.466 53.839, 2.585 53.929, 2.69 54.036, 2.777 54.157, 2.846 54.29, 2.894 54.432, 2.92 54.579, 2.924 54.728, 2.906 54.877, 2.865 55.02, 2.804 55.157, 2.723 55.283, 2.625 55.395, 2.51 55.491, 2.383 55.569, 2.245 55.628, 2.101 55.665, 1.952 55.68, 1.803 55.673, 1.656 55.643, 1.515 55.593, -3.958 53.135, -4.09 53.064, -4.209 52.974, -4.313 52.867, -4.401 52.746, -4.469 52.613, -4.517 52.471, -4.543 52.324, -4.547 52.175, -4.529 52.027, -4.489 51.883, -4.428 51.746, -4.347 51.621, -4.248 51.508), (-24.822 24.45, -24.684 24.392, -24.539 24.355, -24.391 24.34, -24.241 24.347, -24.095 24.376, -23.954 24.427, -18.481 26.884, -18.349 26.956, -18.23 27.046, -18.125 27.152, -18.038 27.274, -17.969 27.406, -17.921 27.548, -17.895 27.695, -17.891 27.845, -17.91 27.993, -17.95 28.137, -18.011 28.273, -18.092 28.399, -18.191 28.511, -18.305 28.607, -18.432 28.686, -18.57 28.744, -18.715 28.781, -18.863 28.796, -19.013 28.789, -19.159 28.76, -19.3 28.709, -24.773 26.251, -24.905 26.18, -25.024 26.09, -25.129 25.983, -25.216 25.862, -25.285 25.729, -25.332 25.588, -25.359 25.441, -25.363 25.291, -25.344 25.143, -25.304 24.999, -25.243 24.863, -25.162 24.737, -25.063 24.625, -24.949 24.528, -24.822 24.45), (-30.648 38.972, -30.507 39.023, -25.034 41.481, -24.902 41.552, -24.783 41.642, -24.678 41.749, -24.591 41.87, -24.523 42.003, -24.475 42.144, -24.448 42.292, -24.444 42.441, -24.463 42.589, -24.503 42.733, -24.564 42.87, -24.645 42.995, -24.744 43.108, -24.858 43.204, -24.985 43.282, -25.123 43.34, -25.268 43.378, -25.416 43.393, -25.566 43.386, -25.712 43.356, -25.853 43.305, -31.327 40.848, -31.458 40.777, -31.577 40.687, -31.682 40.58, -31.769 40.459, -31.838 40.326, -31.886 40.184, -31.912 40.037, -31.916 39.888, -31.897 39.739, -31.857 39.595, -31.796 39.459, -31.715 39.333, -31.617 39.221, -31.502 39.125, -31.375 39.047, -31.237 38.988, -31.092 38.951, -30.944 38.936, -30.794 38.943, -30.648 38.972), (-34.672 218.542, -34.584 218.352, -34.468 218.177, -34.328 218.022, -34.166 217.889, -33.987 217.782, -33.793 217.703, -33.59 217.653, -33.381 217.635, -33.172 217.647, -32.968 217.691, -32.772 217.765, -32.589 217.867, -32.424 217.995, -32.279 218.146, -32.159 218.317, -32.066 218.505, -32.001 218.704, -31.967 218.91, -31.964 219.119, -31.992 219.327, -32.051 219.527, -32.139 219.717, -32.254 219.892, -32.395 220.047, -32.556 220.18, -32.736 220.287, -32.93 220.366, -33.133 220.416, -33.341 220.434, -33.55 220.422, -33.755 220.378, -33.951 220.304, -34.133 220.202, -34.299 220.074, -34.443 219.923, -34.564 219.752, -34.657 219.564, -34.722 219.365, -34.756 219.159, -34.759 218.95, -34.731 218.742, -34.672 218.542), (-37.956 231.029, -38.055 230.724, -38.108 230.407, -38.112 230.085, -38.069 229.767, -37.979 229.459, -37.843 229.167, -37.666 228.899, -37.451 228.661, -37.202 228.457, -36.926 228.292, -36.629 228.17, -36.317 228.094, -35.997 228.066, -35.676 228.085, -35.362 228.152, -35.061 228.265, -34.78 228.422, -34.526 228.619, -34.304 228.851, -34.12 229.114, -33.976 229.402, -33.877 229.707, -33.825 230.024, -33.82 230.346, -33.864 230.664, -33.954 230.973, -34.089 231.264, -34.266 231.532, -34.482 231.771, -34.73 231.975, -35.006 232.139, -35.303 232.261, -35.616 232.337, -35.936 232.365, -36.256 232.346, -36.571 232.279, -36.871 232.166, -37.152 232.009, -37.406 231.812, -37.628 231.58, -37.813 231.317, -37.956 231.029), (-41.438 208.529, -41.303 208.238, -41.125 207.97, -40.91 207.731, -40.662 207.527, -40.386 207.363, -40.089 207.241, -39.776 207.165, -39.456 207.137, -39.135 207.156, -38.821 207.223, -38.52 207.336, -38.24 207.493, -37.986 207.69, -37.764 207.922, -37.579 208.185, -37.436 208.473, -37.337 208.778, -37.284 209.095, -37.28 209.417, -37.323 209.735, -37.413 210.043, -37.549 210.335, -37.726 210.603, -37.941 210.842, -38.189 211.045, -38.465 211.21, -38.763 211.332, -39.075 211.408, -39.395 211.436, -39.716 211.417, -40.03 211.35, -40.331 211.237, -40.611 211.08, -40.865 210.883, -41.087 210.651, -41.272 210.388, -41.416 210.1, -41.515 209.795, -41.567 209.478, -41.572 209.156, -41.528 208.838, -41.438 208.529), (-54.137 222.014, -54.15 221.117, -54.028 220.229, -53.776 219.368, -53.399 218.555, -52.904 217.807, -52.304 217.141, -51.611 216.572, -50.84 216.112, -50.01 215.773, -49.139 215.561, -48.246 215.481, -47.351 215.536, -46.474 215.723, -45.634 216.038, -44.851 216.476, -44.142 217.025, -43.523 217.674, -43.008 218.407, -42.607 219.21, -42.331 220.063, -42.184 220.947, -42.172 221.844, -42.293 222.733, -42.545 223.593, -42.922 224.407, -43.417 225.155, -44.017 225.821, -44.71 226.39, -45.481 226.849, -46.311 227.188, -47.182 227.4, -48.075 227.48, -48.97 227.426, -49.847 227.239, -50.687 226.923, -51.47 226.486, -52.179 225.937, -52.798 225.288, -53.314 224.554, -53.714 223.752, -53.991 222.899, -54.137 222.014), (-44.484 176.9, -44.28 176.85, -44.072 176.832, -43.863 176.845, -43.658 176.888, -43.463 176.962, -43.28 177.064, -43.114 177.192, -42.97 177.343, -42.85 177.515, -42.756 177.702, -42.692 177.901, -42.658 178.107, -42.655 178.317, -42.683 178.524, -42.742 178.725, -42.83 178.914, -42.945 179.089, -43.085 179.244, -43.247 179.377, -43.427 179.484, -43.62 179.564, -43.824 179.613, -44.032 179.632, -44.241 179.619, -44.446 179.575, -44.641 179.502, -44.824 179.4, -44.99 179.271, -45.134 179.12, -45.254 178.949, -45.348 178.762, -45.412 178.563, -45.446 178.356, -45.449 178.147, -45.421 177.94, -45.362 177.739, -45.274 177.549, -45.159 177.375, -45.019 177.219, -44.857 177.086, -44.677 176.979, -44.484 176.9), (-46.432 21.078, -46.4 20.95, -46.355 20.829, -46.251 20.638, -46.159 20.521, -46.029 20.393, -45.846 20.269, -45.633 20.177, -45.499 20.143, -45.352 20.124, -45.193 20.125, -45.016 20.152, -44.828 20.211, -44.653 20.302, -44.493 20.422, -44.356 20.568, -44.247 20.732, -44.168 20.91, -44.13 21.043, -44.103 21.25, -44.105 21.384, -44.123 21.517, -44.155 21.644, -44.2 21.766, -44.304 21.956, -44.396 22.074, -44.526 22.201, -44.709 22.326, -44.922 22.418, -45.056 22.452, -45.203 22.47, -45.362 22.469, -45.539 22.443, -45.727 22.383, -45.902 22.293, -46.062 22.173, -46.199 22.026, -46.308 21.863, -46.387 21.685, -46.425 21.552, -46.452 21.345, -46.45 21.21, -46.432 21.078), (-46.821 235.423, -46.681 235.267, -46.519 235.135, -46.34 235.027, -46.146 234.948, -45.943 234.899, -45.734 234.88, -45.525 234.893, -45.321 234.936, -45.125 235.01, -44.942 235.112, -44.777 235.24, -44.632 235.392, -44.512 235.563, -44.418 235.75, -44.354 235.949, -44.32 236.155, -44.317 236.365, -44.345 236.572, -44.404 236.773, -44.492 236.963, -44.607 237.137, -44.748 237.293, -44.909 237.425, -45.089 237.533, -45.283 237.612, -45.486 237.661, -45.694 237.68, -45.903 237.667, -46.108 237.623, -46.304 237.55, -46.486 237.448, -46.652 237.32, -46.796 237.168, -46.917 236.997, -47.01 236.81, -47.075 236.611, -47.109 236.404, -47.112 236.195, -47.084 235.988, -47.025 235.787, -46.937 235.597, -46.821 235.423), (-46.08417054468479 230.21186857934947, -46.08417054468478 230.21186857934947, -45.734 234.88, -46.08417054468479 230.21186857934947), (-49.38 180.379, -49.393 180.23, -49.384 180.081, -49.353 179.935, -49.3 179.795, -49.227 179.665, -49.136 179.547, -49.028 179.443, -48.905 179.357, -48.772 179.291, -48.629 179.245, -48.482 179.22, -48.333 179.218, -48.184 179.238, -48.041 179.28, -47.905 179.343, -47.781 179.426, -47.67 179.526, -47.575 179.641, -47.498 179.77, -47.442 179.908, -47.407 180.053, -46.428 185.973, -46.415 186.122, -46.424 186.271, -46.455 186.417, -46.508 186.557, -46.58 186.687, -46.672 186.806, -46.78 186.909, -46.902 186.995, -47.036 187.062, -47.178 187.108, -47.326 187.132, -47.475 187.134, -47.623 187.114, -47.767 187.072, -47.902 187.009, -48.027 186.927, -48.138 186.826, -48.233 186.711, -48.309 186.583, -48.366 186.444, -48.401 186.299, -49.38 180.379), (-51.196 207.951, -51.379 207.849, -51.544 207.721, -51.689 207.57, -51.809 207.399, -51.903 207.212, -51.967 207.012, -52.001 206.806, -52.004 206.597, -51.976 206.389, -51.917 206.189, -51.829 205.999, -51.714 205.824, -51.573 205.669, -51.412 205.536, -51.232 205.429, -51.038 205.35, -50.835 205.3, -50.627 205.282, -50.418 205.294, -50.213 205.338, -50.017 205.412, -49.835 205.514, -49.669 205.642, -49.525 205.793, -49.404 205.964, -49.311 206.152, -49.246 206.351, -49.212 206.557, -49.209 206.766, -49.238 206.974, -49.296 207.174, -49.384 207.364, -49.5 207.539, -49.64 207.694, -49.802 207.827, -49.981 207.934, -50.175 208.013, -50.378 208.063, -50.587 208.081, -50.796 208.069, -51 208.025, -51.196 207.951), (-62.392142091152756 172.69990080428957, -62.62161352810423 172.5715779612575, -62.8133438414038 172.4444000649985, -62.86120611173376 172.40728946409047, -63.03952961146757 172.2690241418331, -63.197318712349336 172.12974661144585, -63.401101341054556 171.91636757086255, -63.539007123333036 171.75584701399822, -63.56906252386298 171.71311043118487, -63.70869047871779 171.5145696847468, -63.8202268907563 171.3425462184874, -63.96121428571436 171.06057142857128, -64.041133810076 170.8896544259761, -64.16707481481504 170.50009777777706, -64.19302949698654 170.4167503477052, -64.277 169.907, -64.285 169.384, -64.214 168.866, -64.067 168.364, -63.847 167.889, -63.558 167.453, -63.208 167.064, -62.804 166.732, -62.354 166.464, -61.87 166.266, -61.362 166.143, -57.4155 165.4905, -53.962 164.92, -53.469 164.838, -52.948 164.792, -52.426 164.823, -51.914 164.932, -51.425 165.117, -50.968 165.372, -50.554 165.692, -50.193 166.07, -49.892 166.498, -49.659 166.966, -49.497 167.464, -49.413744000943346 167.969412888391, -49.410589052997395 168.08541789748048, -49.4053493572188 168.47689802493795, -49.42411334390974 168.64471179270217, -49.465399202392724 168.9508169434546, -49.46735122688351 168.96528981075056, -49.52042059212532 169.17710977718986, -49.600398957027934 169.45023317297975, -49.6835252355058 169.65595910239705, -49.803303972366216 169.91286010362708, -49.910815849056526 170.10066566037725, -50.06881448882873 170.33985804558793, -50.19986278340447 170.51053606498382, -50.212128303283606 170.52416831422093, -50.39379147235168 170.72607395069943, -50.54744878262785 170.87747159464803, -50.774684001412524 171.06374836659003, -50.94023892122621 171.18737423360494, -51.20862971257923 171.34757185516978, -51.37244469525961 171.43831828442438, -51.59122546188764 171.52781950713586, -51.69235652173851 171.56919130434758, -51.83968368288345 171.62600805707612, -52.327 171.744, -60.22 173.049, -60.719153506501364 173.0940292030817, -60.89000373134358 173.08686567164176, -61.0555190645049 173.0767191378081, -61.21969327964466 173.06665481810606, -61.41182996837716 173.03231549501345, -61.492997358798334 173.01503571853706, -61.71283552681635 172.96823423354886, -61.916982570806205 172.90168409586053, -61.927894951377105 172.89758638560534, -62.17852941176473 172.80347058823529, -62.392142091152756 172.69990080428957), (-53.736 151.347, -53.589 151.318, -53.44 151.312, -53.291 151.328, -53.147 151.366, -53.01 151.425, -52.883 151.504, -52.769 151.601, -52.671 151.714, -52.591 151.84, -52.53 151.976, -52.491 152.121, -51.344 158.01, -51.327 158.158, -51.332 158.308, -51.359 158.455, -51.407 158.596, -51.476 158.729, -51.565 158.849, -51.67 158.956, -51.79 159.045, -51.921 159.116, -52.062 159.166, -52.209 159.194, -52.358 159.201, -52.507 159.185, -52.651 159.147, -52.789 159.088, -52.916 159.009, -53.029 158.912, -53.127 158.799, -53.208 158.673, -53.268 158.536, -53.308 158.392, -54.454 152.503, -54.471 152.354, -54.466 152.205, -54.439 152.058, -54.391 151.916, -54.322 151.784, -54.234 151.663, -54.128 151.557, -54.009 151.468, -53.877 151.397, -53.736 151.347), (-51.934 15.524, -51.86637823103073 15.4716312616253, -51.86637823103073 15.471631261625303, -51.934 15.524), (-53.31381197494201 14.380113948287095, -53.31381197494201 14.380113948287091, -53.20947002514833 14.872093388273225, -53.31381197494201 14.380113948287095), (-58.132 231.916, -57.856 231.751, -57.558 231.63, -57.246 231.554, -56.926 231.525, -56.605 231.545, -56.291 231.612, -55.99 231.725, -55.71 231.882, -55.456 232.078, -55.234 232.311, -55.049 232.574, -54.905 232.861, -54.806 233.167, -54.754 233.484, -54.749 233.805, -54.793 234.124, -54.883 234.432, -55.018 234.724, -55.196 234.992, -55.411 235.23, -55.659 235.434, -55.935 235.599, -56.233 235.72, -56.545 235.796, -56.865 235.825, -57.186 235.805, -57.5 235.738, -57.801 235.625, -58.081 235.469, -58.335 235.272, -58.557 235.039, -58.742 234.776, -58.885 234.489, -58.984 234.183, -59.037 233.866, -59.041 233.545, -58.998 233.227, -58.908 232.918, -58.772 232.627, -58.595 232.359, -58.38 232.12, -58.132 231.916), (-59.32966666666667 39.459722962962964, -59.329666666666675 39.459722962962964, -56.087 38.171, -59.32966666666667 39.459722962962964), (-60.171 122.61, -60.122 122.469, -60.053 122.336, -59.965 122.216, -59.859 122.11, -59.74 122.02, -59.608 121.95, -59.467 121.9, -59.32 121.871, -59.171 121.865, -59.022 121.881, -58.878 121.918, -58.741 121.978, -58.614 122.056, -58.5 122.153, -58.402 122.266, -58.322 122.392, -58.261 122.529, -58.222 122.673, -57.075 128.563, -57.058 128.711, -57.063 128.86, -57.09 129.007, -57.138 129.149, -57.208 129.281, -57.296 129.402, -57.401 129.508, -57.521 129.598, -57.652 129.668, -57.793 129.718, -57.94 129.747, -58.089 129.753, -58.238 129.737, -58.382 129.699, -58.52 129.64, -58.647 129.561, -58.76 129.464, -58.859 129.352, -58.939 129.225, -58.999 129.089, -59.039 128.945, -60.185 123.055, -60.202 122.907, -60.198 122.757, -60.171 122.61), (-63.582 -3.485, -63.437 -3.52, -63.288 -3.533, -63.139 -3.524, -62.993 -3.492, -62.853 -3.439, -62.723 -3.366, -57.724 -0.047, -57.606 0.045, -57.503 0.153, -57.418 0.275, -57.351 0.409, -57.305 0.552, -57.281 0.699, -57.279 0.848, -57.3 0.997, -57.342 1.14, -57.405 1.275, -57.488 1.4, -57.588 1.511, -57.704 1.605, -57.833 1.682, -57.971 1.738, -58.116 1.773, -58.265 1.786, -58.414 1.777, -58.56 1.745, -58.7 1.692, -58.831 1.619, -63.829 -1.7, -63.897692301205325 -1.7535567094143194, -63.91771837002961 -1.960833333333681, -64.03112684072204 -3.184599206798531, -63.965 -3.258, -63.849 -3.352, -63.721 -3.429, -63.582 -3.485), (-60.421 21.641, -60.389 21.513, -60.344 21.392, -60.239 21.202, -60.148 21.084, -60.017 20.957, -59.835 20.832, -59.622 20.74, -59.487 20.706, -59.341 20.688, -59.181 20.688, -59.004 20.715, -58.817 20.775, -58.641 20.865, -58.482 20.985, -58.345 21.131, -58.236 21.295, -58.157 21.473, -58.119 21.606, -58.092 21.813, -58.094 21.948, -58.112 22.08, -58.143 22.208, -58.188 22.329, -58.293 22.52, -58.384 22.637, -58.515 22.764, -58.697 22.889, -58.911 22.981, -59.045 23.015, -59.191 23.033, -59.351 23.033, -59.528 23.006, -59.715 22.947, -59.891 22.856, -60.05 22.736, -60.188 22.59, -60.297 22.426, -60.376 22.248, -60.413 22.115, -60.44 21.908, -60.438 21.774, -60.421 21.641), (-62.444 213.254, -62.496 212.937, -62.501 212.616, -62.458 212.297, -62.367 211.989, -62.232 211.697, -62.055 211.429, -61.84 211.191, -61.591 210.987, -61.315 210.822, -61.018 210.701, -60.706 210.625, -60.385 210.596, -60.065 210.616, -59.75 210.683, -59.45 210.796, -59.169 210.952, -58.915 211.149, -58.693 211.382, -58.508 211.645, -58.365 211.932, -58.266 212.238, -58.213 212.555, -58.209 212.876, -58.252 213.194, -58.343 213.503, -58.478 213.794, -58.655 214.062, -58.87 214.301, -59.119 214.505, -59.395 214.67, -59.692 214.791, -60.004 214.867, -60.324 214.896, -60.645 214.876, -60.959 214.809, -61.26 214.696, -61.541 214.539, -61.795 214.343, -62.017 214.11, -62.201 213.847, -62.345 213.56, -62.444 213.254), (-58.94149431747242 239.44539428000488, -60.779419813425925 238.23041105188122, -60.77941981342595 238.2304110518812, -58.941494317472184 239.44539428000502, -58.94149431747242 239.44539428000488), (-59.13957231233495 239.32327823462845, -59.13957231233517 239.3232782346283, -60.77256316516784 238.2360764378917, -60.77256316516794 238.23607643789163, -59.13957231233495 239.32327823462845), (-59.21529576763489 239.27659435684646, -60.70673917698696 238.29046427984554, -60.70673917698698 238.2904642798455, -59.21529576763466 239.2765943568466, -59.21529576763489 239.27659435684646), (-62.206 182.499, -62.219 182.351, -62.21 182.201, -62.179 182.055, -62.126 181.915, -62.053 181.785, -61.962 181.667, -61.854 181.563, -61.731 181.477, -61.598 181.411, -61.455 181.365, -61.308 181.34, -61.159 181.338, -61.01 181.358, -60.867 181.4, -60.731 181.463, -60.607 181.546, -60.496 181.646, -60.401 181.761, -60.324 181.89, -60.268 182.028, -60.232 182.173, -59.254 188.093, -59.241 188.242, -59.25 188.391, -59.281 188.537, -59.334 188.677, -59.406 188.808, -59.498 188.926, -59.606 189.029, -59.728 189.115, -59.862 189.182, -60.004 189.228, -60.152 189.252, -60.301 189.254, -60.449 189.234, -60.593 189.192, -60.728 189.129, -60.853 189.047, -60.964 188.947, -61.059 188.831, -61.135 188.703, -61.192 188.564, -61.227 188.419, -62.206 182.499), (-63.549 225.197, -63.732 225.095, -63.897 224.967, -64.042 224.815, -64.162 224.644, -64.256 224.457, -64.32 224.258, -64.354 224.051, -64.357 223.842, -64.329 223.635, -64.27 223.434, -64.182 223.244, -64.067 223.07, -63.926 222.914, -63.765 222.782, -63.585 222.674, -63.391 222.595, -63.188 222.546, -62.98 222.527, -62.771 222.54, -62.566 222.583, -62.37 222.657, -62.188 222.759, -62.022 222.887, -61.878 223.039, -61.757 223.21, -61.664 223.397, -61.599 223.596, -61.565 223.803, -61.562 224.012, -61.591 224.219, -61.649 224.42, -61.737 224.61, -61.853 224.784, -61.993 224.94, -62.155 225.072, -62.334 225.18, -62.528 225.259, -62.731 225.308, -62.94 225.327, -63.149 225.314, -63.353 225.271, -63.549 225.197), (-63.82 100.306, -63.969 100.29, -64.113 100.252, -64.251 100.193, -64.378 100.114, -64.492 100.017, -64.59 99.904, -64.67 99.778, -64.73 99.641, -64.77 99.497, -65.916 93.608, -65.933 93.459, -65.929 93.31, -65.902 93.163, -65.853 93.021, -65.784 92.889, -65.696 92.768, -65.591 92.662, -65.471 92.573, -65.339 92.502, -65.198 92.452, -65.051 92.423, -64.902 92.417, -64.754 92.433, -64.609 92.471, -64.472 92.53, -64.345 92.609, -64.231 92.706, -64.133 92.819, -64.053 92.945, -63.992 93.081, -63.953 93.226, -62.807 99.115, -62.789 99.263, -62.794 99.413, -62.821 99.56, -62.869 99.701, -62.939 99.834, -63.027 99.954, -63.132 100.061, -63.252 100.15, -63.383 100.221, -63.524 100.271, -63.671 100.299, -63.82 100.306), (-65.988 180.454, -65.779 180.467, -65.574 180.511, -65.378 180.584, -65.196 180.686, -65.03 180.815, -64.886 180.966, -64.765 181.137, -64.672 181.324, -64.608 181.523, -64.573 181.73, -64.57 181.939, -64.599 182.146, -64.658 182.347, -64.746 182.537, -64.861 182.712, -65.001 182.867, -65.163 183, -65.343 183.107, -65.536 183.186, -65.74 183.236, -65.948 183.254, -66.157 183.241, -66.361 183.198, -66.557 183.124, -66.74 183.022, -66.905 182.894, -67.05 182.743, -67.17 182.571, -67.264 182.384, -67.328 182.185, -67.362 181.979, -67.365 181.77, -67.337 181.562, -67.278 181.361, -67.19 181.172, -67.075 180.997, -66.935 180.842, -66.773 180.709, -66.593 180.602, -66.399 180.523, -66.196 180.473, -65.988 180.454), (-66.18673866612872 232.13881552963096, -66.18675369808558 232.13882485615648, -66.69881030241002 231.27978879211312, -66.69878614337662 231.27977383786973, -66.18673866612872 232.13881552963096), (-97.365 76.41, -97.282 76.343, -97.23076943005032 76.3012901554392, -96.686 75.862, -92.101 72.162, -83.042 120.836, -87.03 124.054, -87.133 124.137, -87.235 124.219, -87.334 124.299, -87.428 124.376, -87.577 124.496, -87.664 124.566, -87.754 124.638, -87.836 124.704, -87.889 124.748, -87.907 124.762, -84.145 143.541, -87.908 124.762, -92.519 128.484, -99.502 90.965, -98.241 80.14, -98.49 77.318, -97.564 76.57, -97.541 76.552, -97.50334192037442 76.52108665105364, -97.42213486005106 76.45560305343525, -97.365 76.41), (-84.122 143.522, -84.09012499999925 143.49668749999938, -84.145 143.541, -84.122 143.522), (-84.08774507081284 143.49479755623372, -84.054 143.468, -83.99882675814847 143.423044025158, -83.81282497253741 143.2729480043939, -83.749 143.222, -83.596 143.098, -83.58345527369192 143.08785580773855, -75.898 136.886, -72.839 153.318, -72.969 153.566, -73.159 154.037, -73.235 154.291, -73.335 154.788, -73.362 155.028, -73.372 155.535, -73.353 155.8, -73.3 156.171, -72.154 162.06, -72.066 162.417, -71.901 162.886, -71.792 163.124, -71.545 163.556, -71.248 163.955, -71.09 164.133, -70.77 164.438, -68.071 178.94, -68.337 179.144, -68.483 179.284, -68.795 179.625, -69.053 180.007, -69.156 180.182, -69.34 180.605, -69.409 180.797, -69.46 180.993, -69.545 181.447, -69.558 181.65, -69.559 182.111, -69.493 182.568, -69.45 182.767, -69.39 182.961, -69.223 183.391, -68.997 183.793, -68.886 183.963, -68.589 184.317, -68.448 184.463, -68.295 184.596, -67.927 184.875, -67.523 185.097, -67.338 185.183, -66.881 185.333, -66.839 185.56, -73.07 190.588, -74.018 188.986, -74.31992938208845 188.47698360656557, -75.333 186.766, -76.168 182.752, -76.913 179.172, -77.565 176.038, -78.122 173.362, -78.197 173.221, -81.007 168.003, -85.375 144.534, -84.145 143.541, -84.08774507081284 143.49479755623372), (-77.57071825646581 176.01147310517473, -77.57071825646592 176.01147310517416, -77.565 176.038, -77.57071825646581 176.01147310517473), (-67.064 161.511, -67.113 161.653, -67.182 161.785, -67.27 161.906, -67.375 162.012, -67.495 162.102, -67.627 162.172, -67.767 162.222, -67.914 162.251, -68.063 162.257, -68.212 162.241, -68.357 162.203, -68.494 162.144, -68.621 162.065, -68.735 161.968, -68.833 161.856, -68.913 161.73, -68.973 161.593, -69.013 161.449, -70.159 155.559, -70.177 155.411, -70.172 155.261, -70.145 155.114, -70.096 154.973, -70.027 154.841, -69.939 154.72, -69.834 154.614, -69.714 154.524, -69.582 154.454, -69.441 154.404, -69.295 154.375, -69.145 154.369, -68.997 154.385, -68.852 154.423, -68.715 154.482, -68.588 154.56, -68.474 154.657, -68.376 154.77, -68.296 154.896, -68.235 155.033, -68.196 155.177, -67.05 161.067, -67.032 161.215, -67.037 161.364, -67.064 161.511), (-71.66 63.862, -71.633 63.715, -71.584 63.574, -71.515 63.442, -71.427 63.321, -71.322 63.215, -71.202 63.125, -71.07 63.055, -70.929 63.005, -70.783 62.976, -70.633 62.97, -70.485 62.986, -70.34 63.024, -70.203 63.083, -70.076 63.161, -69.962 63.258, -69.864 63.371, -69.784 63.497, -69.723 63.634, -69.684 63.778, -68.538 69.668, -68.52 69.816, -68.525 69.965, -68.552 70.112, -68.601 70.254, -68.67 70.386, -68.758 70.507, -68.863 70.613, -68.983 70.703, -69.115 70.773, -69.255 70.823, -69.402 70.852, -69.551 70.858, -69.7 70.842, -69.845 70.804, -69.982 70.745, -70.109 70.666, -70.223 70.569, -70.321 70.457, -70.401 70.33, -70.461 70.194, -70.501 70.05, -71.647 64.16, -71.665 64.012, -71.66 63.862), (-74.352 132.618, -74.466 132.521, -74.564 132.408, -74.644 132.282, -74.705 132.145, -74.744 132.001, -75.89 126.112, -75.908 125.963, -75.903 125.814, -75.876 125.667, -75.827 125.526, -75.758 125.393, -75.67 125.272, -75.565 125.166, -75.445 125.077, -75.313 125.006, -75.172 124.956, -75.026 124.928, -74.876 124.921, -74.728 124.937, -74.583 124.975, -74.446 125.034, -74.319 125.113, -74.205 125.21, -74.107 125.323, -74.027 125.449, -73.966 125.585, -73.927 125.73, -72.781 131.619, -72.763 131.768, -72.768 131.917, -72.795 132.064, -72.844 132.205, -72.913 132.338, -73.001 132.458, -73.106 132.565, -73.226 132.654, -73.358 132.725, -73.499 132.775, -73.645 132.803, -73.795 132.81, -73.943 132.794, -74.088 132.756, -74.225 132.697, -74.352 132.618), (-90.53215808480735 8.139878812994798, -90.72349999999588 8.000216652861338, -90.76877110457804 7.967097858042743, -90.95938226882691 7.819382268827872, -91.00095217617088 7.786979601441018, -91.34101628674263 7.506493071385744, -91.6859874195522 7.185487026413023, -91.75559772834426 7.11659772835235, -91.88249801720065 6.990773879269484, -92.08737606837543 6.776168091168764, -92.0922692044678 6.771008661955729, -92.3881330337079 6.441348764044902, -92.68076144366184 6.073203345070599, -92.718983747616 6.021983747601832, -92.84499603621225 5.8527914362615014, -92.99955592766146 5.632916945748192, -93.01704762293083 5.607855744923661, -93.26457901780346 5.231583904727505, -93.49431931903139 4.832464024846265, -93.62533388477071 4.58753182960595, -93.70889558933514 4.420158235732889, -93.76572200618206 4.3053054475355115, -93.94989999999994 3.906400000000157, -94.1180947998571 3.4752265904215727, -94.16330991860116 3.3481549593005178, -94.21585177221559 3.199795296489442, -94.22103625264818 3.1838145010562324, -94.31284603651045 2.8973116009772375, -94.4275669085259 2.5025287440415847, -94.52846444441352 2.058396690300652, -94.58807513737798 1.7504780755863276, -94.59725610169488 1.694750000000212, -94.6379080424494 1.4438645915779682, -94.69388518488067 1.0251668747057352, -94.72609589529512 0.5845598175685807, -94.7388718496097 0.2865207583238774, -94.74157261078484 0.10311452215726, -94.74294983277592 -0.0179999999999551, -94.73542679080943 -0.4678779095961045, -94.70111687634066 -0.9163145109861588, -94.69522880215388 -0.9709999999958842, -94.6679478838174 -1.221243485477384, -94.6492075719731 -1.3586415143953214, -94.62927682737174 -1.5011415241054218, -94.55445755763154 -1.9476338463607783, -94.45503870036104 -2.3800316823103183, -94.37675846501125 -2.6779085778782195, -94.36297816593857 -2.724991266376518, -94.29170383638376 -2.9653115352048944, -94.15426318318319 -3.3859273273273143, -93.99145120574356 -3.7988993138986267, -93.87490815611129 -4.069649918205091, -93.76206389776355 -4.312354632587921, -93.7483004943733 -4.34179483510039, -93.54911098828211 -4.738984656201634, -93.31945595992718 -5.134909925085521, -93.17076594724985 -5.374246193907096, -92.99723967626372 -5.636852091867905, -92.7450328002907 -5.993682445938632, -92.45845050601575 -6.352140685401516, -92.33781537731399 -6.493815377313388, -92.2715234630597 -6.571520435568168, -92.06955031702164 -6.795486661444542, -91.76381202673925 -7.114530776739222, -91.4183412410375 -7.4338867398423885, -91.39884352773923 -7.450843527737416, -91.21216010907659 -7.612889365017653, -90.99603245363735 -7.790282453637909, -90.96448352227779 -7.815978908515763, -90.62561215629523 -8.077001447177999, -90.23656262626258 -8.341404040404074, -90.00392146493036 -8.488878627619433, -89.77671265746942 -8.624425314936468, -89.7339306422256 -8.649775156006285, -89.35248767865194 -8.861817722280772, -88.95100502057154 -9.054660543199867, -88.85199999999365 -9.0984776883715, -88.67781662067856 -9.175439474111307, -88.4615749968936 -9.263937492232989, -88.38979441395688 -9.293012515357539, -87.9741554927814 -9.448283340910947, -87.55826880560008 -9.57575595741579, -87.26287028638488 -9.65646817417778, -87.1393018520948 -9.686509260475574, -86.95034977638122 -9.731764127886674, -86.53975042729984 -9.818486751855332, -86.08770315571647 -9.885728401448532, -85.9301536748342 -9.90430734966578, -85.79218801171528 -9.920380117153707, -85.73120000000031 -9.92582766957687, -85.45988906613707 -9.949150570540267, -85.06098676313535 -9.97241095952227, -84.60083414981489 -9.971794958701224, -84.30882830053376 -9.962211377579473, -84.15200000000024 -9.952646112600553, -83.98838303407142 -9.942228142249856, -83.55725744819144 -9.902534455915475, -83.12246185590648 -9.83634432853786, -82.99499999999978 -9.812846258503363, -82.82668413128582 -9.78170209776173, -82.70333333333348 -9.755444672598705, -82.52134316085038 -9.715957414092792, -82.09743021948762 -9.612022836182913, -81.67854069535103 -9.481982149993351, -81.39243709161696 -9.383577088836406, -81.16238792610903 -9.296918110835923, -81.09604534460948 -9.27174877068219, -80.70163420722223 -9.109360972438092, -80.29070938321445 -8.910615013724078, -80.0333347416315 -8.776197465063403, -79.80118498105429 -8.646691698243318, -79.76607056490938 -8.626922983163276, -79.38846132062075 -8.400416345988578, -79.00784191519276 -8.139878812994887, -78.81650000000045 -8.00021665285865, -78.77122889542201 -7.967097858042779, -78.58061773117412 -7.819382268828673, -78.53904782382912 -7.786979601441025, -78.1989837132573 -7.506493071385681, -77.85401258044803 -7.185487026413249, -77.78440227164715 -7.116597728343829, -77.65750198279939 -6.990773879269516, -77.45262393162544 -6.776168091169675, -77.4477307955321 -6.771008661955612, -77.1518669662923 -6.441348764045148, -76.85923855633794 -6.073203345070305, -76.82101625239518 -6.021983747616804, -76.69500396378753 -5.852791436261179, -76.54044407233694 -5.632916945745913, -76.52295237706922 -5.607855744923735, -76.27542098219656 -5.231583904727558, -76.04568068096863 -4.832464024846319, -75.91466611522918 -4.587531829605749, -75.83110441066556 -4.420158235734304, -75.77427799381788 -4.305305447535369, -75.59010000000004 -3.906400000000077, -75.42190520014303 -3.475226590421919, -75.37669008139767 -3.3481549592972337, -75.32414822778436 -3.1997952964893326, -75.3189637473528 -3.1838145010592864, -75.22715396348967 -2.897311600977633, -75.11243309147406 -2.5025287440414026, -75.01153555558649 -2.0583966903006568, -74.951924862622 -1.7504780755861442, -74.94274389830505 -1.6947499999997566, -74.90209195755062 -1.443864591578119, -74.84611481511932 -1.025166874705629, -74.81390410470489 -0.5845598175687815, -74.80112815039031 -0.2865207583240565, -74.79842738921518 -0.1031145221578077, -74.79705016722409 0.0179999999999144, -74.80457320919056 0.4678779095960319, -74.83888312365934 0.9163145109861474, -74.84477119784627 0.9709999999972331, -74.87205211618262 1.2212434854776077, -74.8907924280263 1.3586415143909356, -74.91072317262834 1.501141524105931, -74.98554244236843 1.9476338463605907, -75.08496129963899 2.380031682310491, -75.16324153498871 2.6779085778781258, -75.17702183406074 2.724991266374207, -75.2482961636163 2.9653115352050756, -75.3857368168168 3.3859273273272974, -75.5485487942564 3.798899313898554, -75.66509184388876 4.069649918205197, -75.7779361022359 4.312354632586726, -75.79169950562687 4.341794835100749, -75.99088901171788 4.738984656201637, -76.22054404007268 5.1349099250852985, -76.36923405275006 5.374246193906938, -76.5427603237365 5.636852091868214, -76.79496719970929 5.993682445938633, -77.08154949398434 6.3521406854016265, -77.20218462268754 6.493815377315185, -77.26847653694007 6.571520435567893, -77.47044968297837 6.79548666144454, -77.77618797326079 7.114530776739259, -78.12165875896274 7.433886739842599, -78.14115647225786 7.450843527734907, -78.32783989092334 7.612889365017604, -78.54396754636225 7.790282453637593, -78.575516477722 7.815978908515597, -78.91438784370476 8.077001447177986, -79.30343737373742 8.341404040404074, -79.53607853506963 8.48887862761942, -79.76328734253251 8.624425314937612, -79.80606935777422 8.649775156006188, -80.18751232134797 8.861817722280726, -80.58899497942859 9.054660543199926, -80.68799999999999 9.098477688368686, -80.86218337932155 9.175439474111352, -81.07842500310609 9.263937492232865, -81.15020558604317 9.293012515357555, -81.5658445072186 9.44828334091095, -81.98173119439997 9.575755957415803, -82.2771297136152 9.6564681741778, -82.40069814790428 9.68650926047535, -82.58965022361888 9.731764127886695, -83.00024957270013 9.818486751855325, -83.45229684428354 9.88572840144853, -83.60984632516589 9.904307349665789, -83.74781198828471 9.920380117153705, -83.80879999999996 9.925827669576895, -84.08011093386291 9.949150570540265, -84.47901323686465 9.97241095952227, -84.93916585018512 9.971794958701224, -85.23117169946622 9.962211377579473, -85.3879999999999 9.952646112600542, -85.5516169659286 9.942228142249855, -85.98274255180856 9.902534455915477, -86.41753814409351 9.836344328537862, -86.54499999999973 9.812846258503448, -86.71331586871428 9.78170209776171, -86.83666666666673 9.755444672598664, -87.01865683914964 9.71595741409279, -87.4425697805123 9.612022836182938, -87.86145930464902 9.481982149993332, -88.14756290838321 9.383577088836349, -88.37761207389082 9.296918110835986, -88.44395465539053 9.27174877068219, -88.8383657927777 9.109360972438129, -89.24929061678543 8.910615013724136, -89.50666525836863 8.776197465063328, -89.73881501894593 8.646691698243195, -89.77392943509072 8.626922983163215, -90.15153867937923 8.400416345988596, -90.53215808480735 8.139878812994798), (-77.845 39.165, -77.815 39.035, -77.772 38.91, -77.716 38.794, -77.594 38.614, -77.492 38.505, -77.35 38.39, -77.157 38.283, -76.936 38.211, -76.799 38.19, -76.652 38.185, -76.493 38.2, -76.319 38.243, -76.138 38.32, -75.971 38.426, -75.824 38.56, -75.701 38.719, -75.607 38.892, -75.545 39.077, -75.52 39.212, -75.512 39.421, -75.527 39.555, -75.556 39.685, -75.6 39.809, -75.656 39.926, -75.777 40.106, -75.879 40.215, -76.021 40.329, -76.214 40.436, -76.435 40.508, -76.572 40.529, -76.719 40.534, -76.878 40.519, -77.052 40.476, -77.233 40.4, -77.4 40.293, -77.547 40.159, -77.671 40.001, -77.764 39.827, -77.826 39.643, -77.852 39.507, -77.859 39.298, -77.845 39.165), (-80.197 103.073, -80.295 102.961, -80.375 102.835, -80.436 102.698, -80.475 102.554, -81.621 96.664, -81.639 96.516, -81.634 96.366, -81.607 96.219, -81.558 96.078, -81.489 95.946, -81.401 95.825, -81.296 95.719, -81.176 95.629, -81.044 95.559, -80.904 95.509, -80.757 95.48, -80.607 95.474, -80.459 95.49, -80.314 95.528, -80.177 95.587, -80.05 95.665, -79.936 95.762, -79.838 95.875, -79.758 96.001, -79.698 96.138, -79.658 96.282, -78.512 102.172, -78.494 102.32, -78.499 102.469, -78.526 102.616, -78.575 102.758, -78.644 102.89, -78.732 103.011, -78.837 103.117, -78.957 103.207, -79.089 103.277, -79.23 103.327, -79.376 103.356, -79.526 103.362, -79.674 103.346, -79.819 103.308, -79.956 103.249, -80.083 103.17, -80.197 103.073), (-82.82984252941105 31.587025135812535, -83.87924402564185 32.49753525754219, -82.82984252941105 31.58702513581253, -82.82984252941105 31.587025135812535), (-83.40314893022679 46.72156408775898, -83.40314893022679 46.721564087758985, -83.80101883589936 47.06741566654149, -83.40314893022679 46.72156408775898), (-83.68089641434261 47.04941567065073, -83.68089641434266 47.04941567065074, -83.665 47.045, -83.68089641434261 47.04941567065073), (-83.42456060328917 46.916657349053, -83.42456060328918 46.91665734905301, -83.665 47.045, -83.42456060328917 46.916657349053), (-83.49906816999132 46.992909106678226, -83.49906816999133 46.99290910667823, -83.511 46.977, -83.49906816999132 46.992909106678226), (-83.946 143.38, -83.863 143.313, -83.83278017241335 143.28887715517206, -83.98767052023204 143.4139537572261, -83.946 143.38), (-86.106 73.387, -86.167 73.25, -86.206 73.106, -87.352 67.217, -87.37 67.068, -87.365 66.919, -87.338 66.772, -87.289 66.631, -87.22 66.498, -87.132 66.377, -87.027 66.271, -86.907 66.182, -86.775 66.111, -86.635 66.061, -86.488 66.033, -86.339 66.026, -86.19 66.042, -86.045 66.08, -85.908 66.139, -85.781 66.218, -85.667 66.315, -85.569 66.428, -85.489 66.554, -85.429 66.69, -85.389 66.835, -84.243 72.724, -84.225 72.873, -84.23 73.022, -84.257 73.169, -84.306 73.31, -84.375 73.443, -84.463 73.564, -84.568 73.67, -84.688 73.759, -84.82 73.83, -84.961 73.88, -85.107 73.908, -85.257 73.915, -85.405 73.899, -85.55 73.861, -85.687 73.802, -85.814 73.723, -85.928 73.626, -86.026 73.513, -86.106 73.387), (-91.826 38.435, -91.796 38.305, -91.752 38.18, -91.697 38.064, -91.575 37.884, -91.473 37.775, -91.331 37.66, -91.138 37.553, -90.917 37.481, -90.78 37.46, -90.633 37.455, -90.474 37.47, -90.3 37.513, -90.119 37.59, -89.952 37.696, -89.805 37.83, -89.682 37.989, -89.588 38.162, -89.526 38.346, -89.501 38.482, -89.493 38.691, -89.508 38.824, -89.537 38.955, -89.581 39.079, -89.636 39.195, -89.758 39.376, -89.86 39.484, -90.002 39.599, -90.195 39.706, -90.416 39.778, -90.553 39.799, -90.7 39.804, -90.859 39.789, -91.033 39.746, -91.214 39.67, -91.381 39.563, -91.528 39.429, -91.652 39.271, -91.745 39.097, -91.807 38.913, -91.832 38.777, -91.84 38.568, -91.826 38.435), (-100.00391812307205 61.30502707676755, -100.00391812307205 61.305027076767544, -97.015 76.127, -100.00391812307205 61.30502707676755), (-96.854 75.997, -96.8197808489648 75.96950246791813, -97.20766451469134 76.28247907390801, -97.169 76.251, -97.015 76.127, -96.854 75.997), (-99.11864465116278 23.058639441860464, -99.133 22.917, -99.18940981200294 20.903035402418944, -97.214186189762 19.99816210599729, -97.15335717498596 22.169902764489443, -98.985 23.009, -99.11864465116278 23.058639441860464), (-97.5011579255213 76.51929381945779, -97.474 76.497, -97.43034540550958 76.46215642458104, -97.5011579255213 76.51929381945779), (-102.14719878709484 50.67654992852699, -100.4177105213076 59.25304054855082, -100.4177105213076 59.253040548550835, -102.14719878709485 50.67654992852695, -102.14719878709484 50.67654992852699), (-111.477 -4.266, -106.63737166533357 -10.20506400184368, -106.63737166533357 -10.205064001843676, -111.477 -4.266), (-106.022 -6.765, -105.882 -6.817, -105.736 -6.847, -105.586 -6.856, -105.438 -6.841, -105.293 -6.805, -105.154 -6.748, -105.027 -6.671, -104.911 -6.576, -104.812 -6.464, -104.76347284763187 -6.390025682365657, -104.917 -5.924, -104.97849582102236 -5.678757629416819, -105.022 -5.556, -105.06914103097466 -5.3172689005709035, -105.15767002808613 -4.964219526548083, -105.189 -4.947, -110.644 -2.448, -110.785 -2.396, -110.931 -2.366, -111.08 -2.357, -111.229 -2.372, -111.374 -2.408, -111.512 -2.465, -111.64 -2.542, -111.755 -2.638, -111.854 -2.749, -111.936 -2.874, -111.999 -3.01, -112.04 -3.154, -112.059 -3.302, -112.056 -3.451, -112.031 -3.599, -111.984 -3.741, -111.917 -3.874, -111.83 -3.996, -111.727 -4.103, -111.608 -4.194, -111.477 -4.266, -106.022 -6.765), (-105.04109187582726 -9.080270395342193, -105.04109187582726 -9.080270395342195, -105.027 -6.671, -105.04109187582726 -9.080270395342193), (-114.498 17.238, -114.467 17.107, -114.422 16.981, -114.365 16.863, -114.295 16.754, -114.153 16.59, -114.039 16.494, -113.884 16.397, -113.68 16.314, -113.452 16.269, -113.313 16.264, -113.166 16.276, -113.011 16.31, -112.843 16.373, -112.672 16.471, -112.52 16.597, -112.389 16.747, -112.285 16.919, -112.214 17.102, -112.174 17.293, -112.165 17.431, -112.182 17.639, -112.212 17.77, -112.257 17.896, -112.315 18.014, -112.384 18.123, -112.527 18.287, -112.641 18.383, -112.795 18.48, -113 18.564, -113.228 18.608, -113.366 18.613, -113.513 18.601, -113.669 18.567, -113.837 18.504, -114.007 18.406, -114.16 18.28, -114.29 18.13, -114.394 17.958, -114.466 17.775, -114.506 17.584, -114.515 17.446, -114.498 17.238), (-116.178 -7.05, -120.17223484447965 -5.406104619189222, -120.17223484447965 -5.406104619189225, -116.178 -7.05), (-119.60663197278569 9.874847164419794, -119.60663197278569 9.874847164419785, -119.60485550839871 9.298088393449568, -119.60663197278569 9.874847164419794), (-119.8207520406976 9.48993833552779, -119.78527833100259 9.034045738275541, -119.8207520406976 9.489938335527798, -119.8207520406976 9.48993833552779), (-121.90844847911794 22.531934514429167, -121.90844847911794 22.531934514429164, -121.53084529833967 24.21034865271905, -121.90844847911794 22.531934514429167), (-121.99563285793374 23.66990668547693, -121.99563285793374 23.669906685476928, -121.9940748170698 23.163803078175448, -121.99563285793374 23.66990668547693), (-123.473 -0.471, -126.50476233654189 -1.9253091198213594, -126.50476233654189 -1.9253091198213605, -123.473 -0.471), (-128.292 14.849, -128.262 14.718, -128.217 14.592, -128.159 14.474, -128.09 14.365, -127.947 14.201, -127.833 14.105, -127.679 14.008, -127.474 13.924, -127.246 13.88, -127.108 13.874, -126.961 13.887, -126.805 13.921, -126.638 13.984, -126.467 14.082, -126.314 14.208, -126.184 14.358, -126.08 14.53, -126.008 14.713, -125.968 14.904, -125.959 15.042, -125.976 15.25, -126.007 15.381, -126.052 15.507, -126.11 15.625, -126.179 15.734, -126.321 15.898, -126.435 15.994, -126.59 16.091, -126.794 16.174, -127.022 16.219, -127.161 16.224, -127.308 16.212, -127.464 16.178, -127.631 16.115, -127.802 16.017, -127.955 15.891, -128.085 15.741, -128.189 15.569, -128.261 15.385, -128.301 15.195, -128.31 15.057, -128.292 14.849), (-132.327 4.257, -131.71252198053912 0.821233394890923, -131.7125219805391 0.8212333948909102, -132.327 4.257), (-144.113 41.405, -144.112 41.256, -144.089 41.108, -144.045 40.966, -143.979 40.831, -143.894 40.708, -143.792 40.599, -143.675 40.506, -138.702 37.15, -138.572 37.076, -138.432 37.022, -138.287 36.989, -138.137 36.979, -137.988 36.991, -137.843 37.025, -137.704 37.08, -137.575 37.155, -137.459 37.249, -137.357 37.359, -137.274 37.483, -137.21 37.618, -137.166 37.761, -137.145 37.909, -137.145 38.058, -137.168 38.206, -137.213 38.349, -137.279 38.483, -137.363 38.606, -137.465 38.715, -137.583 38.808, -142.556 42.164, -142.686 42.238, -142.825 42.292, -142.971 42.325, -143.12 42.335, -143.269 42.323, -143.415 42.289, -143.554 42.234, -143.683 42.159, -143.799 42.065, -143.9 41.955, -143.984 41.831, -144.048 41.696, -144.092 41.553, -144.113 41.405), (-146.224 24.221, -146.16 24.356, -146.117 24.499, -146.095 24.647, -146.096 24.796, -146.119 24.944, -146.163 25.086, -146.229 25.221, -146.314 25.344, -146.416 25.453, -146.533 25.545, -151.507 28.902, -151.636 28.976, -151.776 29.03, -151.922 29.062, -152.071 29.073, -152.22 29.061, -152.365 29.027, -152.504 28.972, -152.633 28.896, -152.75 28.803, -152.851 28.693, -152.934 28.569, -152.999 28.434, -153.042 28.291, -153.063 28.143, -153.063 27.993, -153.04 27.846, -152.995 27.703, -152.93 27.569, -152.845 27.446, -152.743 27.337, -152.625 27.244, -147.652 23.888, -147.522 23.814, -147.383 23.76, -147.237 23.727, -147.088 23.717, -146.939 23.728, -146.793 23.762, -146.654 23.818, -146.525 23.893, -146.409 23.987, -146.308 24.097, -146.224 24.221), (-253.401 82.209, -253.181 81.91, -253.001 81.665, -249.632 79.328, -247.31349427310326 77.71878414095217, -245.76543164562062 76.64467721522526, -243.997 75.418, -241.752 73.86, -241.708 73.806, -241.67700000000002 73.76700000000002, -241.677 73.767, -241.677 73.76699999999998, -241.658 73.744, -241.652 73.736, -237.946 69.11, -227.699 62.317, -218.049 55.919, -216.655 56.664, -216.629 56.677, -216.552 56.718, -216.429 56.784, -216.335 56.834, -216.206 56.903, -216.032 56.996, -215.849 57.093, -215.66 57.195, -207.306 61.654, -221.237 70.89, -221.517 70.868, -222.023 70.877, -222.288 70.907, -222.784 71.008, -223.015 71.078, -223.486 71.266, -223.723 71.387, -224.043 71.581, -229.016 74.937, -229.311 75.158, -229.678 75.494, -229.854 75.686, -230.155 76.083, -230.407 76.512, -230.509 76.726, -230.664 77.141, -242.959 85.292, -243.25 85.126, -243.437 85.046, -243.872 84.893, -244.325 84.804, -244.527 84.778, -244.988 84.774, -245.191 84.785, -245.392 84.816, -245.842 84.915, -246.034 84.981, -246.459 85.161, -246.854 85.4, -247.02 85.517, -247.175 85.649, -247.506 85.97, -247.788 86.336, -247.901 86.504, -248.111 86.915, -248.191 87.102, -248.253 87.296, -248.365 87.743, -248.412 88.202, -248.42 88.405, -248.378 88.885, -248.571 89.013, -254.89208489376836 85.63811522944917, -254.892 85.638, -255.634 85.242, -253.60845752143075 82.49024707715829, -253.401 82.209), (-200.84 45.862, -205.337 43.461, -206.067 43.072, -174.26 21.983, -163.803 18.915, -161.302 17.582, -160.252 18.143, -160.226 18.156, -160.15 18.197, -160.026 18.263, -159.933 18.313, -159.804 18.382, -159.63 18.475, -159.447 18.572, -159.257 18.674, -154.059 21.449, -195.324 48.807, -200.839 45.862, -216.655 56.664, -200.84 45.862), (-200.66925658807284 45.95275728155301, -200.758 45.906, -200.819 45.873, -200.839 45.862, -200.66925658807284 45.95275728155301), (-168.98 58.187, -168.979 58.038, -168.956 57.89, -168.912 57.748, -168.846 57.613, -168.761 57.49, -168.659 57.381, -168.542 57.288, -163.569 53.932, -163.439 53.858, -163.299 53.804, -163.153 53.771, -163.004 53.761, -162.855 53.773, -162.71 53.807, -162.571 53.862, -162.442 53.937, -162.325 54.031, -162.224 54.141, -162.141 54.265, -162.077 54.4, -162.033 54.543, -162.012 54.691, -162.012 54.84, -162.035 54.988, -162.08 55.131, -162.145 55.265, -162.23 55.388, -162.332 55.497, -162.45 55.59, -167.423 58.946, -167.553 59.02, -167.692 59.074, -167.838 59.107, -167.987 59.117, -168.136 59.105, -168.282 59.071, -168.421 59.016, -168.55 58.941, -168.666 58.847, -168.767 58.737, -168.851 58.613, -168.915 58.478, -168.958 58.335, -168.98 58.187), (-171.392 40.675, -171.276 40.769, -171.175 40.879, -171.091 41.003, -171.027 41.138, -170.984 41.281, -170.962 41.428, -170.963 41.578, -170.986 41.726, -171.03 41.868, -171.096 42.003, -171.181 42.126, -171.283 42.235, -171.4 42.327, -176.373 45.684, -176.503 45.758, -176.643 45.812, -176.789 45.844, -176.938 45.855, -177.087 45.843, -177.232 45.809, -177.371 45.754, -177.5 45.678, -177.617 45.585, -177.718 45.475, -177.801 45.351, -177.865 45.216, -177.909 45.073, -177.93 44.925, -177.93 44.775, -177.907 44.628, -177.862 44.485, -177.797 44.351, -177.712 44.228, -177.61 44.119, -177.492 44.026, -172.519 40.67, -172.389 40.595, -172.25 40.542, -172.104 40.509, -171.955 40.499, -171.806 40.51, -171.66 40.544, -171.521 40.6, -171.392 40.675), (-179.04008547313094 81.38945114646012, -174.29473312668145 78.21214170984327, -174.29473312668148 78.2121417098433, -179.04008547313094 81.38945114646013, -179.04008547313094 81.38945114646012), (-238.302 121.069, -183.0095925942119 84.0472838032838, -183.00959259421188 84.0472838032838, -238.302 121.069), (-193.825 75.117, -193.847 74.969, -193.846 74.82, -193.823 74.672, -193.779 74.529, -193.713 74.395, -193.628 74.272, -193.526 74.163, -193.409 74.07, -188.435 70.714, -188.306 70.64, -188.166 70.586, -188.02 70.553, -187.871 70.543, -187.722 70.555, -187.577 70.589, -187.438 70.644, -187.309 70.719, -187.192 70.813, -187.091 70.923, -187.008 71.047, -186.944 71.182, -186.9 71.325, -186.879 71.473, -186.879 71.622, -186.902 71.77, -186.947 71.913, -187.012 72.047, -187.097 72.17, -187.199 72.279, -187.317 72.372, -192.29 75.728, -192.42 75.802, -192.559 75.856, -192.705 75.889, -192.854 75.899, -193.003 75.887, -193.149 75.853, -193.288 75.798, -193.417 75.723, -193.533 75.629, -193.634 75.519, -193.718 75.395, -193.782 75.26, -193.825 75.117), (-197.256 57.377, -197.117 57.323, -196.971 57.291, -196.822 57.28, -196.673 57.292, -196.527 57.326, -196.388 57.382, -196.259 57.457, -196.143 57.551, -196.042 57.661, -195.958 57.785, -195.894 57.92, -195.85 58.063, -195.829 58.21, -195.83 58.36, -195.853 58.508, -195.897 58.65, -195.963 58.785, -196.048 58.908, -196.15 59.017, -196.267 59.109, -201.24 62.466, -201.37 62.54, -201.51 62.594, -201.656 62.626, -201.805 62.637, -201.954 62.625, -202.099 62.591, -202.238 62.536, -202.367 62.46, -202.484 62.367, -202.585 62.257, -202.668 62.133, -202.732 61.998, -202.776 61.855, -202.797 61.707, -202.797 61.557, -202.774 61.41, -202.729 61.267, -202.664 61.133, -202.579 61.01, -202.477 60.901, -202.359 60.808, -197.386 57.452, -197.256 57.377), (-200.189 46.21, -200.25162086513993 46.17605597964377, -200.01130088495455 46.30454867256701, -200.077 46.27, -200.189 46.21), (-200.465 46.062, -200.564 46.01, -200.6616435045311 45.956827794562265, -200.449893854748 46.070044692737746, -200.465 46.062), (-211.769 88.552, -211.814 88.695, -211.879 88.829, -211.964 88.952, -212.066 89.061, -212.184 89.154, -217.157 92.51, -217.287 92.584, -217.426 92.638, -217.572 92.671, -217.721 92.681, -217.87 92.669, -218.016 92.635, -218.155 92.58, -218.284 92.505, -218.4 92.411, -218.501 92.301, -218.585 92.177, -218.649 92.042, -218.692 91.899, -218.714 91.751, -218.713 91.602, -218.69 91.454, -218.646 91.311, -218.58 91.177, -218.495 91.054, -218.393 90.945, -218.276 90.852, -213.302 87.496, -213.173 87.422, -213.033 87.368, -212.887 87.335, -212.738 87.325, -212.589 87.337, -212.444 87.371, -212.305 87.426, -212.176 87.501, -212.059 87.595, -211.958 87.705, -211.875 87.829, -211.81 87.964, -211.767 88.107, -211.746 88.255, -211.746 88.404, -211.769 88.552), (-227.226 77.59, -222.253 74.233, -222.123 74.159, -221.984 74.105, -221.838 74.073, -221.689 74.062, -221.54 74.074, -221.394 74.108, -221.255 74.163, -221.126 74.239, -221.01 74.333, -220.909 74.443, -220.825 74.567, -220.761 74.701, -220.717 74.844, -220.696 74.992, -220.697 75.142, -220.72 75.29, -220.764 75.432, -220.83 75.566, -220.915 75.69, -221.017 75.799, -221.134 75.891, -226.107 79.248, -226.237 79.322, -226.377 79.376, -226.522 79.408, -226.672 79.419, -226.821 79.407, -226.966 79.373, -227.105 79.318, -227.234 79.242, -227.35 79.149, -227.452 79.039, -227.535 78.915, -227.599 78.78, -227.643 78.637, -227.664 78.489, -227.664 78.339, -227.641 78.192, -227.596 78.049, -227.53 77.915, -227.446 77.792, -227.344 77.683, -227.226 77.59), (-229.13207791320195 98.02940266545166, -229.15932134964396 98.0094542724171, -229.3688680471947 97.85601842041905, -229.53268203692966 97.72749414655783, -229.7838056698671 97.4777242798357, -229.88103568086834 97.37756565404526, -230.184 96.972, -234.469 90.216, -234.70429366985928 89.77506348859703, -234.76294285153176 89.61993813825623, -234.87612761163462 89.30108049979502, -234.9175302994011 89.11906491018004, -234.9776545412508 88.806904705021, -234.99497406866325 88.60625164353546, -235.00735093333333 88.31258239999995, -234.99683297180044 88.09444902386122, -234.9663229380386 87.81114156750108, -234.9256265897249 87.59424852932935, -234.89270459689862 87.46899643632106, -234.8543177570093 87.32295327102793, -234.78418181818182 87.11254545454548, -234.6699678714859 86.84842570281117, -234.57393400000004 86.65454600000005, -234.4206031128404 86.4078832684824, -234.30444895989697 86.23560969333037, -234.1020269004082 85.99795783587746, -233.97344546417224 85.85486564194716, -233.68189226421828 85.60233345107795, -233.59569940415034 85.52936470104783, -233.162 85.254, -232.683 85.043, -232.178 84.905, -231.659 84.845, -231.136 84.862, -230.622 84.957, -230.127 85.128, -229.664 85.37, -229.241 85.679, -228.87 86.047, -228.558 86.467, -224.273 93.222, -224.026 93.684, -223.851 94.177, -223.752 94.69, -223.73 95.213, -223.786 95.733, -223.92 96.239, -224.127 96.719, -224.403 97.164, -224.743 97.561, -225.138 97.904, -225.56659862570731 98.17709799053006, -225.72176193390487 98.2478867809059, -226.02649395453813 98.38212155408672, -226.2179937878553 98.43940425531916, -226.33212572486832 98.47036678080586, -226.51154604705974 98.51904120484592, -226.71143131782935 98.55044568475451, -226.81908333846712 98.56309842706453, -227.01063670519065 98.5856124065831, -227.21921974596725 98.58953970232993, -227.51316090438067 98.57998520960903, -227.7235867819641 98.55512476837555, -227.8756553137264 98.5270732916427, -228.00839104477626 98.50258805970147, -228.2225869565217 98.4464891304348, -228.48638532110073 98.35517431192667, -228.69201382778138 98.27031175361402, -228.94080007008927 98.14055685999655, -229.13207791320195 98.02940266545166), (-234.202 107.69, -234.272 107.492, -234.312 107.287, -234.321 107.078, -234.298 106.87, -234.245 106.667, -234.162 106.475, -234.052 106.298, -233.916 106.138, -233.758 106.001, -233.581 105.889, -233.39 105.805, -233.188 105.75, -232.98 105.725, -232.771 105.732, -232.565 105.77, -232.367 105.839, -232.182 105.936, -232.013 106.059, -231.864 106.206, -231.739 106.374, -231.641 106.559, -231.571 106.756, -231.531 106.962, -231.522 107.171, -231.545 107.379, -231.598 107.581, -231.681 107.773, -231.792 107.951, -231.928 108.11, -232.086 108.247, -232.262 108.359, -232.454 108.444, -232.656 108.499, -232.863 108.523, -233.072 108.516, -233.278 108.478, -233.476 108.41, -233.661 108.313, -233.83 108.189, -233.979 108.042, -234.104 107.874, -234.202 107.69), (-242.43 106.721, -242.36 106.589, -242.272 106.468, -242.167 106.362, -242.047 106.273, -236.98 103.059, -236.848 102.989, -236.708 102.939, -236.561 102.91, -236.412 102.904, -236.263 102.92, -236.118 102.958, -235.981 103.018, -235.854 103.097, -235.741 103.194, -235.643 103.306, -235.563 103.433, -235.502 103.569, -235.463 103.714, -235.446 103.862, -235.45 104.011, -235.478 104.158, -235.526 104.3, -235.596 104.432, -235.684 104.553, -235.789 104.659, -235.909 104.748, -240.976 107.962, -241.108 108.032, -241.248 108.082, -241.395 108.111, -241.545 108.117, -241.693 108.101, -241.838 108.063, -241.975 108.004, -242.102 107.925, -242.215 107.828, -242.313 107.715, -242.393 107.589, -242.454 107.452, -242.493 107.308, -242.511 107.159, -242.506 107.01, -242.478 106.863, -242.43 106.721), (-249.456 96.33, -249.474 96.181, -249.469 96.032, -249.442 95.885, -249.393 95.744, -249.324 95.611, -249.235 95.491, -249.13 95.384, -249.01 95.295, -243.943 92.081, -243.812 92.011, -243.671 91.961, -243.524 91.933, -243.375 91.926, -243.226 91.942, -243.082 91.981, -242.944 92.04, -242.817 92.119, -242.704 92.216, -242.606 92.329, -242.526 92.455, -242.465 92.592, -242.426 92.736, -242.409 92.884, -242.414 93.034, -242.441 93.181, -242.49 93.322, -242.559 93.454, -242.647 93.575, -242.752 93.681, -242.872 93.77, -247.939 96.984, -248.071 97.054, -248.212 97.104, -248.358 97.133, -248.508 97.139, -248.656 97.123, -248.801 97.085, -248.938 97.026, -249.065 96.947, -249.179 96.85, -249.277 96.737, -249.357 96.611, -249.417 96.474, -249.456 96.33), (-245.877 89.284, -246.002 89.116, -246.101 88.932, -246.17 88.734, -246.21 88.529, -246.219 88.32, -246.196 88.112, -246.143 87.909, -246.06 87.717, -245.95 87.54, -245.814 87.38, -245.656 87.243, -245.479 87.131, -245.288 87.047, -245.086 86.992, -244.878 86.967, -244.669 86.974, -244.463 87.012, -244.265 87.081, -244.08 87.178, -243.911 87.301, -243.762 87.449, -243.638 87.616, -243.539 87.801, -243.469 87.998, -243.429 88.204, -243.421 88.413, -243.443 88.621, -243.496 88.823, -243.579 89.015, -243.69 89.193, -243.826 89.352, -243.984 89.489, -244.16 89.601, -244.352 89.686, -244.554 89.741, -244.761 89.765, -244.971 89.758, -245.176 89.72, -245.374 89.652, -245.56 89.555, -245.728 89.431, -245.877 89.284), (-261.605 122.521, -261.435 122.248, -261.226 122.003, -260.984 121.793, -260.712 121.621, -260.418 121.491, -260.108 121.406, -259.789 121.369, -259.468 121.38, -259.152 121.438, -258.848 121.543, -258.564 121.692, -258.304 121.882, -258.076 122.108, -257.884 122.366, -257.733 122.649, -257.625 122.952, -257.564 123.267, -257.551 123.589, -257.585 123.908, -257.667 124.219, -257.795 124.514, -257.964 124.787, -258.173 125.031, -258.416 125.242, -258.687 125.414, -258.981 125.544, -259.291 125.628, -259.61 125.665, -259.931 125.655, -260.247 125.596, -260.551 125.492, -260.836 125.343, -261.095 125.153, -261.323 124.927, -261.515 124.669, -261.667 124.385, -261.774 124.083, -261.835 123.767, -261.849 123.446, -261.814 123.127, -261.732 122.816, -261.605 122.521), (-258.57465783516517 86.31078604057598, -258.57465783516517 86.31078604057599, -259.817 87.1, -258.57465783516517 86.31078604057598), (-263.061 112.37, -263.07 112.161, -263.048 111.953, -262.994 111.75, -262.911 111.558, -262.801 111.381, -262.665 111.222, -262.507 111.084, -262.33 110.972, -262.139 110.888, -261.937 110.833, -261.729 110.808, -261.52 110.815, -261.314 110.853, -261.117 110.922, -260.931 111.019, -260.762 111.142, -260.614 111.29, -260.489 111.457, -260.39 111.642, -260.32 111.839, -260.28 112.045, -260.272 112.254, -260.294 112.462, -260.348 112.664, -260.43 112.856, -260.541 113.034, -260.677 113.193, -260.835 113.33, -261.011 113.442, -261.203 113.527, -261.405 113.582, -261.613 113.606, -261.822 113.599, -262.027 113.561, -262.225 113.493, -262.411 113.396, -262.58 113.272, -262.728 113.125, -262.853 112.957, -262.952 112.773, -263.022 112.575, -263.061 112.37), (-266.569 131.534, -266.362 131.51, -266.152 131.517, -265.947 131.555, -265.749 131.623, -265.563 131.72, -265.395 131.843, -265.246 131.991, -265.121 132.159, -265.022 132.343, -264.952 132.54, -264.913 132.746, -264.904 132.955, -264.927 133.163, -264.98 133.365, -265.063 133.557, -265.173 133.735, -265.309 133.894, -265.467 134.031, -265.644 134.143, -265.835 134.228, -266.037 134.283, -266.245 134.307, -266.454 134.3, -266.66 134.262, -266.858 134.194, -267.043 134.097, -267.212 133.974, -267.36 133.826, -267.485 133.658, -267.584 133.474, -267.654 133.277, -267.694 133.071, -267.702 132.862, -267.68 132.654, -267.627 132.452, -267.544 132.26, -267.433 132.082, -267.297 131.923, -267.139 131.786, -266.963 131.674, -266.771 131.589, -266.569 131.534), (-277.921 115.429, -277.164 114.949, -276.343 114.587, -275.478 114.351, -274.588 114.247, -273.691 114.277, -272.809 114.44, -271.962 114.732, -271.167 115.148, -270.443 115.677, -269.807 116.309, -269.271 117.028, -268.849 117.819, -268.549 118.664, -268.378 119.545, -268.341 120.441, -268.438 121.332, -268.666 122.199, -269.021 123.023, -269.495 123.784, -270.077 124.466, -270.754 125.054, -271.512 125.534, -272.332 125.897, -273.197 126.132, -274.088 126.237, -274.984 126.207, -275.866 126.044, -276.714 125.751, -277.508 125.336, -278.232 124.806, -278.869 124.175, -279.404 123.456, -279.827 122.664, -280.127 121.819, -280.297 120.939, -280.334 120.043, -280.238 119.151, -280.009 118.284, -279.654 117.461, -279.18 116.699, -278.598 116.017, -277.921 115.429), (-273.176 105.213, -273.094 104.902, -272.967 104.607, -272.797 104.334, -272.589 104.09, -272.346 103.879, -272.075 103.707, -271.781 103.577, -271.471 103.493, -271.152 103.456, -270.831 103.466, -270.515 103.525, -270.211 103.629, -269.926 103.778, -269.667 103.968, -269.438 104.194, -269.247 104.452, -269.095 104.736, -268.988 105.038, -268.927 105.354, -268.913 105.675, -268.948 105.994, -269.03 106.305, -269.157 106.6, -269.327 106.873, -269.535 107.118, -269.778 107.328, -270.049 107.5, -270.343 107.63, -270.653 107.715, -270.973 107.752, -271.294 107.741, -271.61 107.683, -271.914 107.578, -272.198 107.429, -272.458 107.239, -272.686 107.013, -272.878 106.755, -273.029 106.472, -273.136 106.169, -273.198 105.854, -273.211 105.532, -273.176 105.213), (-279.518 133.883, -279.349 133.61, -279.14 133.366, -278.897 133.155, -278.626 132.983, -278.332 132.853, -278.022 132.769, -277.703 132.732, -277.382 132.742, -277.066 132.801, -276.762 132.905, -276.477 133.054, -276.218 133.244, -275.99 133.47, -275.798 133.728, -275.646 134.012, -275.539 134.314, -275.478 134.63, -275.464 134.951, -275.499 135.27, -275.581 135.581, -275.708 135.876, -275.878 136.149, -276.086 136.394, -276.329 136.604, -276.601 136.776, -276.894 136.906, -277.205 136.991, -277.524 137.028, -277.845 137.017, -278.161 136.959, -278.465 136.854, -278.749 136.705, -279.009 136.515, -279.237 136.289, -279.429 136.031, -279.58 135.748, -279.688 135.445, -279.749 135.13, -279.762 134.808, -279.727 134.489, -279.646 134.178, -279.518 133.883), (-283.554 108.325, -283.653 108.14, -283.723 107.943, -283.763 107.738, -283.771 107.529, -283.749 107.321, -283.696 107.118, -283.613 106.926, -283.502 106.748, -283.366 106.589, -283.208 106.452, -283.032 106.34, -282.84 106.255, -282.638 106.2, -282.43 106.176, -282.221 106.183, -282.016 106.221, -281.818 106.289, -281.632 106.386, -281.463 106.51, -281.315 106.657, -281.19 106.825, -281.091 107.01, -281.021 107.207, -280.982 107.412, -280.973 107.621, -280.995 107.829, -281.049 108.032, -281.132 108.224, -281.242 108.401, -281.378 108.561, -281.536 108.698, -281.713 108.81, -281.904 108.894, -282.106 108.949, -282.314 108.974, -282.523 108.967, -282.729 108.929, -282.927 108.86, -283.112 108.764, -283.281 108.64, -283.429 108.493, -283.554 108.325), (-288.381 128.022, -288.328 127.819, -288.245 127.627, -288.134 127.45, -287.999 127.29, -287.841 127.153, -287.664 127.041, -287.472 126.957, -287.271 126.902, -287.063 126.877, -286.854 126.884, -286.648 126.922, -286.45 126.991, -286.265 127.088, -286.096 127.211, -285.947 127.358, -285.822 127.526, -285.724 127.711, -285.654 127.908, -285.614 128.114, -285.605 128.323, -285.628 128.531, -285.681 128.733, -285.764 128.925, -285.874 129.103, -286.01 129.262, -286.168 129.399, -286.345 129.511, -286.536 129.596, -286.738 129.651, -286.946 129.675, -287.155 129.668, -287.361 129.63, -287.559 129.562, -287.744 129.465, -287.913 129.341, -288.062 129.194, -288.187 129.026, -288.285 128.841, -288.355 128.644, -288.395 128.439, -288.404 128.23, -288.381 128.022), (-289.694 114.94, -289.384 114.855, -289.065 114.818, -288.744 114.829, -288.428 114.887, -288.124 114.992, -287.84 115.141, -287.58 115.331, -287.352 115.557, -287.16 115.815, -287.009 116.098, -286.901 116.401, -286.84 116.716, -286.827 117.037, -286.861 117.357, -286.943 117.668, -287.071 117.963, -287.24 118.236, -287.449 118.48, -287.692 118.691, -287.963 118.863, -288.257 118.992, -288.567 119.077, -288.886 119.114, -289.207 119.104, -289.523 119.045, -289.827 118.94, -290.112 118.791, -290.371 118.602, -290.599 118.376, -290.791 118.118, -290.943 117.834, -291.05 117.531, -291.111 117.216, -291.124 116.895, -291.09 116.575, -291.008 116.265, -290.881 115.97, -290.711 115.697, -290.502 115.452, -290.26 115.242, -289.988 115.07, -289.694 114.94)))