MULTIPOLYGON (((84.116 -6.478, 70.713 -4.01, 70.952 -1.987, 114.739 -4.311, 115.363 -5.063, 118.5 -7.862, 108.454 -7.458, 84.116 -6.478)), ((-120.54185767790263 9.296554307116104, -120.542 9.298, -120.54136842105264 9.31221052631573, -120.539685520362 9.366063348416363, -120.541 9.407, -120.538 9.43868750000004, -120.538 9.462, -120.53634074074074 9.473096296296308, -120.536 9.484, -120.53283229813664 9.504273291925497, -120.532 9.523, -120.52815745568302 9.542649374348207, -120.525 9.576, -120.51218644067797 9.63640677966104, -120.506 9.676, -120.4980652173913 9.702978260869589, -120.49 9.741, -120.48859028709418 9.744981486450222, -120.488 9.748, -120.46709677419352 9.808270967741997, -120.451 9.863, -120.44582126168225 9.874685358255432, -120.443 9.884, -120.43501097482246 9.900785022595242, -120.428 9.921, -120.42198798586573 9.933087985865733, -120.416 9.95, -120.39447863818428 9.990535380507277, -120.373 10.039, -120.35641856586989 10.065908467667294, -120.35641856586989 10.065908467667303, -120.344 10.092, -120.34015204344101 10.09763046584734, -120.334 10.11, -120.32219560340964 10.126680125616804, -120.313 10.144, -120.28379028925619 10.183770144628127, -120.259 10.224, -120.2287244244007 10.260675290766637, -120.208 10.291, -120.19962561576355 10.29987684729064, -120.196 10.305, -120.1908705257271 10.310283976510027, -120.183 10.321, -120.15811495176845 10.346210342979678, -120.136 10.373, -120.0966477462438 10.40903338898158, -120.058 10.45, -120.04545781539274 10.460340121660957, -120.03 10.476, -119.99471796844942 10.5023666794921, -119.97 10.525, -119.95411632124356 10.535644559585469, -119.927 10.558, -119.873990349819 10.592587856855696, -119.844 10.615, -119.82131875174147 10.626955140707697, -119.786 10.65, -119.7536190476189 10.665380952381028, -119.68383486238534 10.699422018348614, -119.641 10.722, -119.62867857142855 10.726327526132414, -119.615 10.733, -119.60232142857143 10.737247321428573, -119.586 10.745, -119.51043307086624 10.768029921259814, -119.49981203007508 10.771587969924855, -119.436 10.794, -119.42858867610325 10.795447793505414, -119.415 10.8, -119.39355271084337 10.803650602409641, -119.376 10.809, -119.3002273402675 10.820523031203562, -119.221 10.836, -119.19712403100776 10.83708527131783, -119.18 10.84, -119.17069461077847 10.840221556886227, -119.159 10.842, -119.08114285714286 10.842357142857143, -119.001 10.846, -118.98696153846154 10.844596153846155, -118.97 10.845, -118.95136723910171 10.842952443857332, -118.941 10.843, -118.90631276297337 10.838001402524547, -118.788 10.825, -118.78601483679525 10.824501483679525, -118.781 10.824, -118.73985208452314 10.814274129069103, -118.727 10.813, -118.72050997270628 10.811226327944572, -118.712 10.81, -118.68129022082019 10.800507886435332, -118.67924159021409 10.799948012232422, -118.616 10.785, -118.58858872077029 10.775173314993124, -118.57732663316588 10.77209547738695, -118.565 10.769, -118.55216786226686 10.76357101865136, -118.536 10.759, -118.50879456434852 10.74719104716227, -118.492 10.742, -118.48000317965027 10.736246422893494, -118.457 10.728, -118.44021573033704 10.71934831460673, -118.414 10.709, -118.39001114723642 10.695631212261961, -118.354 10.68, -118.32178707577872 10.660367271036726, -118.296 10.648, -118.28429062673325 10.640086522462578, -118.278 10.637, -118.27140346534654 10.632331683168314, -118.263 10.628, -118.24399323344616 10.614256645722605, -118.24399323344616 10.614256645722604, -118.222 10.602, -118.20753398058257 10.591320388349542, -118.192 10.582, -118.18814906832294 10.57891925465836, -118.185 10.577, -118.15265486725663 10.551123893805297, -118.114 10.525, -118.09842013232513 10.510766540642717, -118.073 10.492, -118.04929012345674 10.468432098765392, -118.03 10.453, -118.02746012269941 10.450368098159524, -118.022 10.446, -117.98765648854967 10.409575063613282, -117.952 10.377, -117.94119575633128 10.3637262149213, -117.931 10.354, -117.91890316723821 10.33882590276372, -117.906 10.326, -117.90125979272794 10.319595292464472, -117.892 10.31, -117.8515582255084 10.254349353050012, -117.82253398058245 10.217941747572734, -117.812 10.205, -117.79246268656713 10.173029850746218, -117.775 10.149, -117.75127551020411 10.105632653061278, -117.724 10.061, -117.71165777293767 10.035132044650188, -117.699 10.014, -117.69277882494484 9.998703228393785, -117.682 9.979, -117.67743478260871 9.967260869565235, -117.673 9.959, -117.66600351758795 9.939445728643248, -117.651 9.908, -117.63597761194029 9.860656716417894, -117.62161194029832 9.823716417909997, -117.614 9.805, -117.61340000000003 9.802600000000066, -117.612 9.799, -117.60464123785533 9.767946023749527, -117.595 9.741, -117.5907559322034 9.718139907550121, -117.585 9.7, -117.58013953488371 9.669558139534878, -117.567 9.617, -117.56545938612852 9.602598609462412, -117.562 9.588, -117.55675513307985 9.534999239543758, -117.551 9.504, -117.55031882744032 9.482786340284106, -117.547 9.462, -117.547 9.436421052631541, -117.543 9.396, -117.54562626262626 9.336646464646542, -117.544 9.286, -117.547 9.254312499999997, -117.547 9.231, -117.54872972972974 9.219432432432344, -117.54872972972974 9.21943243243231, -117.549 9.209, -117.55217283950617 9.188693827160586, -117.553 9.17, -117.55684254431699 9.150350625651713, -117.56 9.117, -117.57281355932201 9.056593220339073, -117.579 9.017, -117.58869741697418 8.981712177121679, -117.595 8.952, -117.59640971290581 8.9480185135498, -117.597 8.945, -117.60560294117646 8.920194852941181, -117.615 8.886, -117.62757436953166 8.8527303139475, -117.62757436953167 8.852730313947449, -117.634 8.831, -117.63919999999997 8.81920000000005, -117.642 8.81, -117.64879856115108 8.795647482014358, -117.657 8.772, -117.66145161290322 8.76309677419354, -117.663 8.759, -117.66408191653788 8.756890262751133, -117.669 8.743, -117.6912352371733 8.701120038722133, -117.712 8.654, -117.71558042686101 8.648189658164155, -117.717 8.645, -117.73071428571426 8.622714285714332, -117.741 8.601, -117.74658904109592 8.59282191780818, -117.751 8.584, -117.75741860465118 8.57488372093021, -117.763 8.564, -117.76688581363004 8.558632545201682, -117.772 8.549, -117.79643262411345 8.51592198581564, -117.821 8.476, -117.82379341896883 8.472580855182143, -117.826 8.469, -117.85627557559931 8.43232470923334, -117.877 8.402, -117.88544730490749 8.393045856798059, -117.889 8.388, -117.89457225718873 8.38225990373931, -117.902 8.372, -117.92367857142854 8.350321428571467, -117.946 8.323, -117.94831904859541 8.32082489235191, -117.94831904859542 8.32082489235189, -117.949 8.32, -117.95736194029831 8.312343283582262, -117.9940056497176 8.277974011299355, -117.9940056497176 8.27797401129935, -118.027 8.243, -118.04032873464111 8.232113170941997, -118.055 8.217, -118.07421225879675 8.202745743473384, -118.091 8.187, -118.10546114925911 8.176734369353099, -118.115 8.168, -118.13629163259746 8.153731261924205, -118.158 8.136, -118.20670909090907 8.104218181818192, -118.239 8.08, -118.24987882372822 8.074215649822557, -118.253 8.072, -118.26301673640167 8.067230125523016, -118.26507275852194 8.066136923517606, -118.299 8.044, -118.30254124748485 8.042317907444696, -118.306 8.04, -118.40566666666673 7.991382113821105, -118.444 7.971, -118.45632142857141 7.966672473867601, -118.47 7.96, -118.48913793103448 7.95368448275862, -118.499 7.949, -118.56115854311736 7.929851633636831, -118.649 7.899, -118.66155805770583 7.896546798029558, -118.669 7.894, -118.68858140230228 7.890598146210197, -118.71 7.884, -118.78243702579667 7.872933232169953, -118.864 7.857, -118.88834534534534 7.855893393393393, -118.905 7.853, -118.91436923076922 7.852776923076923, -118.926 7.851, -119.00385714285716 7.850642857142857, -119.084 7.847, -119.0975413153457 7.848415682967959, -119.115 7.848, -119.13363276089828 7.850047556142668, -119.144 7.85, -119.17744611186907 7.854862210095503, -119.297 7.868, -119.31232975295379 7.871918367346932, -119.34238415592581 7.878839987425339, -119.371 7.883, -119.40297629310345 7.892794540229885, -119.469 7.908, -119.50530999741666 7.9212451562903565, -119.50530999741666 7.921245156290357, -119.52 7.925, -119.54998304126626 7.937540983606559, -119.55481686046511 7.939304263565889, -119.593 7.951, -119.61161921327269 7.96002461867809, -119.628 7.966, -119.67333979536892 7.989137318255269, -119.728 8.012, -119.7664513274336 8.035070796460163, -119.789 8.046, -119.79550185767361 8.050358388110881, -119.807 8.056, -119.81381599035757 8.060823623945357, -119.822 8.065, -119.84852000000004 8.084312000000018, -119.893 8.111, -119.92935593220338 8.140084745762705, -119.971 8.168, -119.99015270935963 8.185615763546817, -120.002 8.194, -120.01120041847257 8.202776714990282, -120.017 8.207, -120.03350314465408 8.22340251572325, -120.063 8.247, -120.10288047808767 8.28929747675965, -120.133 8.317, -120.1403541813071 8.325982607167958, -120.154 8.339, -120.16998809034907 8.359055236139616, -120.181 8.37, -120.18846454767728 8.380068459657727, -120.195 8.387, -120.22594631796281 8.429248451479664, -120.26474904943002 8.4779220532324, -120.273 8.488, -120.29323615160348 8.521113702623888, -120.31 8.544, -120.33246376811596 8.585304347826105, -120.361 8.632, -120.37547833333336 8.662345000000041, -120.386 8.68, -120.3920342717258 8.694837209302284, -120.403 8.715, -120.40759697217676 8.726755114566272, -120.412 8.735, -120.41756582914576 8.750555778894515, -120.434 8.785, -120.4495986890022 8.834159504734192, -120.473 8.894, -120.4810604534005 8.928015113350115, -120.4810604534005 8.928015113350124, -120.49 8.953, -120.49383561643835 8.973572851805706, -120.5 8.993, -120.50498284313726 9.024208333333313, -120.518 9.076, -120.51965271966527 9.090874476987484, -120.523 9.105, -120.52821457085828 9.157969061876175, -120.534 9.189, -120.5346811725597 9.210213659716008, -120.538 9.231, -120.538 9.255999999999924, -120.542 9.292, -120.54185767790263 9.296554307116104)), ((-128.55375 15.526250000000024, -128.538 15.578, -128.51853658536587 15.620000000000026, -128.496 15.68, -128.45751447661476 15.751679287305038, -128.443 15.783, -128.4314219409283 15.800276635021097, -128.416 15.829, -128.32 15.968, -128.31612814773362 15.972316592053723, -128.315 15.974, -128.194 16.111, -128.18376664945794 16.119881775942165, -128.172 16.133, -128.10654999999983 16.186900000000147, -128.035 16.249, -128.01826993865038 16.259601226993823, -128.002 16.273, -127.8968756756756 16.336524324324373, -127.833 16.377, -127.82227758404241 16.38160231552517, -127.815 16.386, -127.614 16.471, -127.389 16.528, -127.18694117647055 16.54652941176471, -127.161 16.549, -127.1604073283529 16.54896264674493, -127.16 16.549, -126.943 16.537, -126.93080005508125 16.53449160011016, -126.923 16.534, -126.8560625 16.519125, -126.729 16.493, -126.71339285714288 16.48742063492064, -126.689 16.482, -126.57998697068388 16.439729641693752, -126.522 16.419, -126.5103541666667 16.41272916666668, -126.51035416666669 16.412729166666676, -126.493 16.406, -126.333 16.318, -126.32936363636361 16.315272727272713, -126.327 16.314, -126.19 16.215, -126.16253846153845 16.19015384615383, -126.149 16.18, -126.12836283185842 16.159233038348106, -126.064 16.101, -126.02731104432756 16.057545704983706, -125.99 16.02, -125.94933773584899 15.965194339622556, -125.923 15.934, -125.90758096415327 15.908913473423976, -125.875 15.865, -125.83159723233796 15.785289147851442, -125.797 15.729, -125.78482085168868 15.699382525697477, -125.771 15.674, -125.72448603351951 15.552659217876995, -125.709 15.515, -125.70697636363639 15.506981818181904, -125.702 15.494, -125.656 15.305, -125.636 15.112, -125.63620196238757 15.102305805396535, -125.635 15.09, -125.63743478260868 15.043130434783027, -125.64 14.92, -125.64570534698521 14.883922070534718, -125.647 14.859, -125.65795520628686 14.80645972495077, -125.674 14.705, -125.68980993071592 14.653687066974639, -125.696 14.624, -125.71245273437498 14.58019726562506, -125.731 14.52, -125.75200743297053 14.474889301831682, -125.773 14.419, -125.81094919168589 14.348319630485012, -125.81094919168589 14.34831963048501, -125.826 14.316, -125.83795745264891 14.298016744441409, -125.853 14.27, -125.949 14.13, -125.95156612903227 14.127156451612889, -125.953 14.125, -126.075 13.988, -126.08490233545646 13.979405520169868, -126.097 13.966, -126.16245000000005 13.91209999999996, -126.16245000000006 13.912099999999944, -126.234 13.85, -126.2507300613497 13.839398773006126, -126.267 13.826, -126.37212432432433 13.762475675675672, -126.436 13.722, -126.44672241595754 13.717397684474848, -126.454 13.713, -126.654 13.628, -126.76851351351348 13.599243243243249, -126.88 13.571, -127.108 13.55, -127.326 13.562, -127.33179497098646 13.563164410058027, -127.346 13.564, -127.42208163265308 13.581306122448982, -127.54 13.605, -127.56320156826573 13.613406365313665, -127.579 13.617, -127.66275581395342 13.649476744186021, -127.747 13.68, -127.76121875000001 13.687656250000003, -127.775 13.693, -127.936 13.781, -127.93963636363644 13.783727272727317, -127.942 13.785, -128.079 13.884, -128.10523456790128 13.90792592592595, -128.12 13.919, -128.14376358148888 13.943064386317854, -128.204 13.998, -128.24110747408616 14.041640480087247, -128.278 14.079, -128.31564063684604 14.129295678544281, -128.346 14.165, -128.36272094117652 14.1922047058824, -128.394 14.234, -128.437402767662 14.313710852148482, -128.472 14.37, -128.48441616766473 14.400052769461215, -128.498 14.425, -128.5401364829396 14.534921259842413, -128.56 14.583, -128.5626152046784 14.593561403508907, -128.567 14.605, -128.612 14.793, -128.633 14.987, -128.63278930817611 14.997113207547327, -128.634 15.009, -128.6315652173913 15.055869565217135, -128.629 15.179, -128.62337329700276 15.213564032697343, -128.622 15.24, -128.60863636363632 15.304090909091194, -128.594 15.394, -128.58094594594598 15.436891891891783, -128.573 15.475, -128.55375 15.526250000000024), (-128.4138347664966 15.826519996868356, -128.4138347664966 15.826519996868365, -128.416 15.829, -128.4138347664966 15.826519996868356), (-126.19134075857917 16.211755568934375, -126.19134075857917 16.21175556893437, -126.19 16.215, -126.19134075857917 16.211755568934375), (-125.79967811625089 15.726668463499225, -125.79967811625089 15.726668463499223, -125.797 15.729, -125.79967811625089 15.726668463499225), (-127.93579120210825 13.78165680113521, -127.93579120210826 13.781656801135215, -127.936 13.781, -127.93579120210825 13.78165680113521), (-127.9418643434972 13.785398257622882, -127.9418643434972 13.785398257622884, -127.942 13.785, -127.9418643434972 13.785398257622882), (-128.07765144230768 13.887238581730767, -128.07765144230768 13.887238581730777, -128.079 13.884, -128.07765144230768 13.887238581730767), (-128.2025672605148 14.002612415711182, -128.2025672605148 14.002612415711184, -128.204 13.998, -128.2025672605148 14.002612415711182), (-128.39056558056495 14.237507492188989, -128.39056558056495 14.23750749218899, -128.394 14.234, -128.39056558056495 14.237507492188989), (-128.4693218837491 14.372331536500786, -128.4693218837491 14.372331536500788, -128.472 14.37, -128.4693218837491 14.372331536500786), (-128.59039928249751 15.391554461491491, -128.59039928249751 15.391554461491499, -128.594 15.394, -128.59039928249751 15.391554461491491), (-128.31 15.057, -128.292 14.849, -128.262 14.718, -128.217 14.592, -128.159 14.474, -128.09 14.365, -127.947 14.201, -127.833 14.105, -127.679 14.008, -127.474 13.924, -127.246 13.88, -127.108 13.874, -126.961 13.887, -126.805 13.921, -126.638 13.984, -126.467 14.082, -126.314 14.208, -126.184 14.358, -126.08 14.53, -126.008 14.713, -125.968 14.904, -125.959 15.042, -125.976 15.25, -126.007 15.381, -126.052 15.507, -126.11 15.625, -126.179 15.734, -126.321 15.898, -126.435 15.994, -126.59 16.091, -126.794 16.174, -127.022 16.219, -127.161 16.224, -127.308 16.212, -127.464 16.178, -127.631 16.115, -127.802 16.017, -127.955 15.891, -128.085 15.741, -128.189 15.569, -128.261 15.385, -128.301 15.195, -128.31 15.057)), ((-119.738 16.272, -119.745 16.156, -119.779 16.045, -119.837 15.944, -119.917 15.86, -120.014 15.796, -120.123 15.757, -120.239 15.744, -120.354 15.758, -120.463 15.798, -120.56 15.862, -120.639 15.947, -120.697 16.047, -120.73 16.159, -120.736 16.275, -120.716 16.389, -120.669 16.495, -120.6 16.588, -120.511 16.663, -120.407 16.714, -120.294 16.741, -120.178 16.74, -120.065 16.713, -119.961 16.661, -119.872 16.586, -119.803 16.493, -119.758 16.386, -119.738 16.272)), ((-114.66305080831407 18.139680369515045, -114.648 18.172, -114.63604254735105 18.189983255558648, -114.621 18.218, -114.525 18.358, -114.52243387096773 18.36084354838711, -114.521 18.363, -114.399 18.5, -114.38886588921281 18.508851311953364, -114.377 18.522, -114.31513643926797 18.57324792013304, -114.241 18.638, -114.22413317619328 18.648635238656457, -114.208 18.662, -114.09971200000005 18.727087999999966, -114.038 18.766, -114.02741371024734 18.7705438869258, -114.02 18.775, -113.82 18.86, -113.70548648648729 18.888756756756557, -113.594 18.917, -113.366 18.938, -113.148 18.926, -113.14220502901354 18.92483558994197, -113.128 18.924, -113.05191836734694 18.90669387755102, -112.934 18.883, -112.9107984317343 18.87459363468634, -112.895 18.871, -112.81124418604645 18.838523255813932, -112.727 18.808, -112.71278124999999 18.80034375, -112.699 18.795, -112.538 18.707, -112.53436363636362 18.704272727272723, -112.532 18.703, -112.395 18.604, -112.36876543209873 18.58007407407404, -112.354 18.569, -112.33023641851106 18.54493561368209, -112.33023641851106 18.544935613682085, -112.33023641851105 18.544935613682078, -112.27 18.49, -112.23289252591383 18.446359519912736, -112.196 18.409, -112.1609055258467 18.36169875222817, -112.128 18.323, -112.10865476190475 18.291273809523794, -112.081 18.254, -112.03587234042557 18.17191063829794, -112.03587234042557 18.171910638297938, -112.003 18.118, -111.99274990682073 18.093468878121513, -111.976 18.063, -111.93135600907026 17.946537414965896, -111.914 17.905, -111.91138479532164 17.89443859649125, -111.907 17.883, -111.862 17.695, -111.841 17.501, -111.84121069182389 17.490886792452734, -111.84 17.479, -111.84243478260869 17.43213043478278, -111.84243478260869 17.432130434782746, -111.84243478260869 17.43213043478269, -111.845 17.309, -111.85062670299727 17.274435967302427, -111.852 17.248, -111.86536363636363 17.183909090909115, -111.88 17.094, -111.89305405405405 17.051108108108114, -111.901 17.013, -111.91925069637885 16.965033426183762, -111.936 16.91, -111.95941606886652 16.859470588235414, -111.979 16.808, -112.0128848039216 16.74409068627446, -112.031 16.705, -112.04350112980167 16.686345970374074, -112.058 16.659, -112.154 16.52, -112.15787185226641 16.51568340794622, -112.159 16.514, -112.28 16.377, -112.29023335054211 16.368118224057785, -112.302 16.355, -112.36744999999996 16.301100000000027, -112.439 16.239, -112.45573006134968 16.228398773006134, -112.472 16.215, -112.5771243243242 16.151475675675755, -112.641 16.111, -112.65172241595758 16.106397684474832, -112.659 16.102, -112.86 16.017, -113.085 15.96, -113.2870588235296 15.941470588235275, -113.313 15.939, -113.3135926716471 15.939037353255069, -113.314 15.939, -113.531 15.951, -113.54369938650308 15.953539877300614, -113.551 15.954, -113.59599999999999 15.963999999999997, -113.746 15.994, -113.76949809885933 16.002555133079852, -113.785 16.006, -113.87787447698737 16.042012552301227, -113.952 16.069, -113.96364583333339 16.075270833333356, -113.981 16.082, -114.141 16.17, -114.14463636363638 16.172727272727283, -114.1446363636364 16.17272727272729, -114.147 16.174, -114.284 16.273, -114.31146153846154 16.29784615384615, -114.325 16.308, -114.34563716814165 16.328766961651976, -114.34563716814166 16.328766961651983, -114.41 16.387, -114.44668895567241 16.430454295016265, -114.484 16.468, -114.52466226415092 16.522805660377323, -114.551 16.554, -114.56641903584678 16.579086526576088, -114.599 16.623, -114.64240276766202 16.70271085214851, -114.677 16.759, -114.69002270522027 16.790166699010303, -114.703 16.814, -114.73653514739229 16.901482993197245, -114.766 16.972, -114.77038084246972 16.98977611079054, -114.772 16.994, -114.818 17.183, -114.838 17.376, -114.83779803761243 17.385694194603403, -114.839 17.398, -114.8364074074074 17.45244444444452, -114.834 17.568, -114.82957114228456 17.596006012024112, -114.828 17.629, -114.81379710144925 17.69575362318857, -114.8 17.783, -114.78459831121836 17.83298793727373, -114.778 17.864, -114.76154726562498 17.90780273437505, -114.743 17.968, -114.72199256702947 18.01311069816829, -114.701 18.069, -114.66305080831407 18.139680369515045), (-114.28265924142083 16.27624443106562, -114.28265924142083 16.276244431065624, -114.284 16.273, -114.28265924142083 16.27624443106562), (-114.498 17.238, -114.467 17.107, -114.422 16.981, -114.365 16.863, -114.295 16.754, -114.153 16.59, -114.039 16.494, -113.884 16.397, -113.68 16.314, -113.452 16.269, -113.313 16.264, -113.166 16.276, -113.011 16.31, -112.843 16.373, -112.672 16.471, -112.52 16.597, -112.389 16.747, -112.285 16.919, -112.214 17.102, -112.174 17.293, -112.165 17.431, -112.182 17.639, -112.212 17.77, -112.257 17.896, -112.315 18.014, -112.384 18.123, -112.527 18.287, -112.641 18.383, -112.795 18.48, -113 18.564, -113.228 18.608, -113.366 18.613, -113.513 18.601, -113.669 18.567, -113.837 18.504, -114.007 18.406, -114.16 18.28, -114.29 18.13, -114.394 17.958, -114.466 17.775, -114.506 17.584, -114.515 17.446, -114.498 17.238)), ((-122.92994369208839 23.11997790449032, -122.932 23.15, -122.93014930710774 23.172516763522573, -122.931 23.191, -122.927 23.228999999999928, -122.927 23.257, -122.9253385118561 23.268111201962427, -122.925 23.279, -122.91739884393064 23.327647398843848, -122.914 23.369, -122.91075951903808 23.383284569138272, -122.909 23.4, -122.9003964757709 23.436462555066193, -122.895 23.471, -122.88137512639032 23.517076845298167, -122.867 23.578, -122.86602376599633 23.5804870723427, -122.865 23.585, -122.84717600700529 23.63273204903669, -122.84 23.657, -122.83479999999997 23.668800000000086, -122.832 23.678, -122.82383720930233 23.695232558139534, -122.806 23.743, -122.7896420664207 23.7750785450711, -122.783 23.792, -122.77259862241702 23.809949279899847, -122.762 23.834, -122.74806197372848 23.856618726844133, -122.73862500000013 23.875124999999745, -122.733 23.887, -122.73130423940148 23.88948129675814, -122.729 23.894, -122.69431483578715 23.945040770101826, -122.67 23.987, -122.65928568380625 24.00068551312143, -122.648 24.019, -122.62480213049265 24.047331824234377, -122.606 24.075, -122.60061261759823 24.08071389042612, -122.597 24.086, -122.56961470351496 24.11522323584645, -122.551 24.139, -122.54479734645835 24.145042585063152, -122.526 24.168, -122.48627067861715 24.20416081946224, -122.448 24.245, -122.41205287859829 24.274361389236507, -122.396 24.29, -122.3747477257599 24.305666740625718, -122.359 24.32, -122.34327855001361 24.330535840828578, -122.317 24.352, -122.2773064327486 24.377716959064283, -122.259 24.392, -122.25311600237951 24.395331152092023, -122.24 24.405, -122.20721640488655 24.423127399650962, -122.175 24.444, -122.17145875251514 24.44568209255531, -122.168 24.448, -122.11905286343602 24.471876651982434, -122.07 24.499, -122.03577648766333 24.51249927431057, -122.004 24.528, -121.9848620689655 24.53431551724139, -121.975 24.539, -121.9452336448598 24.548213395638633, -121.89 24.57, -121.87162405708457 24.574618552497462, -121.868 24.576, -121.85183673469392 24.579591836734686, -121.83431951053706 24.583994561522776, -121.804 24.594, -121.78866241560391 24.596675918979745, -121.765 24.604, -121.73897939424033 24.607957050645478, -121.703 24.617, -121.66556000000001 24.620986666666667, -121.643 24.626, -121.60815434235369 24.628168816865955, -121.569 24.635, -121.56044541182973 24.63510737976783, -121.548 24.637, -121.5136890052356 24.637158115183247, -121.487 24.64, -121.4383263414634 24.638739024390244, -121.402 24.641, -121.36761904761906 24.637831248628483, -121.331 24.638, -121.33092019600983 24.637988449422476, -121.33 24.638, -121.3131325456895 24.63549566180543, -121.294 24.635, -121.24346275752768 24.626388272583196, -121.185 24.621, -121.13303410230695 24.609347041123375, -121.103 24.605, -121.08425802615933 24.599259215219977, -121.071 24.597, -121.05625327739904 24.592129522810694, -121.02 24.584, -120.91876288659793 24.548567010309277, -120.881 24.537, -120.86875 24.5310625, -120.86 24.528, -120.85594594594595 24.525972972972976, -120.853 24.525, -120.689 24.445, -120.67660318174993 24.43671184151281, -120.667 24.432, -120.66459259259258 24.430296296296287, -120.662 24.429, -120.6065321888414 24.389864377682542, -120.514 24.328, -120.50865270968593 24.32313608056179, -120.504 24.32, -120.49211930053931 24.309139728713852, -120.482 24.302, -120.47808374384239 24.298305418719234, -120.472 24.294, -120.39037892603838 24.216137791286624, -120.341 24.171, -120.33987221095332 24.169612576064885, -120.337 24.167, -120.33112167774088 24.159661960132908, -120.323 24.152, -120.32257116732703 24.151452758305396, -120.32 24.149, -120.206 24.006, -120.20358986928106 24.001955882352963, -120.202 24, -120.19787862097103 23.99333170134638, -120.188 23.981, -120.16428040973112 23.938970550576204, -120.113 23.856, -120.09946445497631 23.827236966824675, -120.088 23.808, -120.08204775857014 23.793364488719554, -120.075 23.781, -120.07473917298752 23.780309762662114, -120.074 23.779, -120.06217791411045 23.74800306748472, -120.041 23.703, -120.02463720424264 23.652202066902504, -120.003 23.599, -119.99846089118377 23.58094014151842, -119.992 23.564, -119.9834025090368 23.5241898788008, -119.974 23.495, -119.96901715686275 23.463791666666683, -119.956 23.412, -119.95291324200915 23.38301131625972, -119.946 23.351, -119.94503018867924 23.335898652291075, -119.944 23.331, -119.94224991969162 23.29614423385794, -119.936 23.257, -119.936 23.224173913043508, -119.933 23.196, -119.93387877183696 23.16225516146115, -119.932 23.133, -119.93325003736362 23.11689657749215, -119.932 23.092, -119.936 23.05399999999993, -119.936 23.026, -119.93772802522665 23.01444383129688, -119.93772802522665 23.014443831296873, -119.938 23.004, -119.94597640653357 22.952950998185184, -119.949 22.914, -119.95218532818531 22.900239382239434, -119.954 22.883, -119.9626035242291 22.846537444933798, -119.968 22.812, -119.9884166666666 22.73713888888916, -119.996 22.705, -119.99987234042557 22.695134751772944, -120.004 22.68, -120.01469151910531 22.651712022367196, -120.016 22.646, -120.01881761006285 22.63922012578628, -120.023 22.625, -120.02817873831778 22.61331464174448, -120.031 22.604, -120.03937427578218 22.586405561993, -120.052 22.553, -120.05615709692238 22.54493523197061, -120.058 22.54, -120.07015384615381 22.515692307692373, -120.07292631578936 22.50902105263187, -120.08 22.491, -120.08584237074405 22.480918032786818, -120.093 22.464, -120.09826137841351 22.45517945383618, -120.101 22.449, -120.10455177907592 22.44323614799083, -120.106 22.44, -120.11666666666672 22.422666666666558, -120.12999999999988 22.396000000000235, -120.13000000000001 22.39599999999997, -120.134 22.388, -120.14525490196075 22.371529411764744, -120.151180327869 22.360590163934155, -120.152 22.359, -120.15216547619045 22.358771428571462, -120.158 22.348, -120.1803204022988 22.317609913793174, -120.18582539682544 22.308380952380876, -120.193 22.296, -120.19390322580642 22.294838709677446, -120.195 22.293, -120.20165811965812 22.284555555555556, -120.21 22.271, -120.21285060154429 22.267488058897428, -120.215 22.264, -120.23667741935485 22.237740361919734, -120.257 22.208, -120.2624697156984 22.202165636588372, -120.266 22.197, -120.27911224489793 22.183101020408195, -120.288 22.171, -120.28843025210085 22.17054957983192, -120.291 22.167, -120.30173633440515 22.156196141479082, -120.312 22.143, -120.31735970848516 22.137812077043208, -120.318 22.137, -120.32162841056731 22.13347379818106, -120.335 22.117, -120.37640930232558 22.0784465116279, -120.416 22.037, -120.42094904458598 22.033121019108275, -120.422 22.032, -120.43604922042192 22.021038520330144, -120.45 22.007, -120.45723632993509 22.001685820203928, -120.46 21.999, -120.46338732782371 21.996464830119354, -120.468 21.992, -120.47399544937429 21.987590443686013, -120.48 21.982, -120.49490834575259 21.971324888226544, -120.504 21.963, -120.51988367875643 21.95235544041454, -120.547 21.93, -120.57882072829135 21.909383753501377, -120.601 21.892, -120.60256466876973 21.891119873817026, -120.604 21.89, -120.61053805215543 21.886333155933986, -120.619 21.88, -120.63402590673574 21.871709844559593, -120.642 21.866, -120.65588825541619 21.85945267958951, -120.689 21.838, -120.69429616486966 21.83547168008735, -120.695 21.835, -120.74301315789481 21.811578947368385, -120.793 21.784, -120.82644287729191 21.770881523272237, -120.859 21.755, -120.8719521792836 21.75066101993999, -120.888 21.743, -120.92998881365915 21.730264056520447, -120.974 21.713, -120.98222623723488 21.710932443047916, -120.995 21.706, -121.02523881758069 21.69930999611047, -121.059 21.688, -121.08240876350541 21.68403241296518, -121.099 21.679, -121.12520648078373 21.674996232102483, -121.161 21.666, -121.1908723244461 21.66266541494555, -121.221 21.656, -121.26186404066074 21.65361626429479, -121.295 21.648, -121.30253039134055 21.64790507910075, -121.315 21.646, -121.34124516643412 21.645879609328283, -121.376 21.642, -121.43144905842588 21.643723804925155, -121.461 21.642, -121.49542036268296 21.645172383657417, -121.533 21.645, -121.54973481659651 21.647401082381236, -121.569 21.648, -121.62260997478286 21.656894928551413, -121.678 21.662, -121.72590567282323 21.67267777044855, -121.763 21.678, -121.77813553321059 21.682699617617896, -121.792 21.685, -121.81443952650544 21.69241121976326, -121.844 21.699, -121.94353925619835 21.73405785123967, -121.982 21.746, -121.99373542319748 21.75162821316614, -122.01 21.757, -122.174 21.838, -122.17443196544279 21.838288799753176, -122.178 21.84, -122.18970937326677 21.84791347753743, -122.196 21.851, -122.19840740740742 21.852703703703714, -122.201 21.854, -122.26486363636346 21.89870454545443, -122.27096969696929 21.902831168830893, -122.349 21.955, -122.3514207940513 21.957201965210487, -122.36 21.963, -122.37076878612716 21.97283815028901, -122.381 21.98, -122.38894682127147 21.987546981207508, -122.391 21.989, -122.4484969818915 22.043849094567534, -122.522 22.111, -122.53241881443302 22.12380025773198, -122.54 22.131, -122.54044179523142 22.131559607293124, -122.543 22.134, -122.65146601941694 22.270058252426512, -122.662 22.283, -122.66885245901642 22.29421311475414, -122.675 22.302, -122.69322580645152 22.3340967741934, -122.75 22.427, -122.76234222706233 22.45286795534981, -122.76234222706233 22.452867955349816, -122.76234222706235 22.452867955349838, -122.775 22.474, -122.78088481050436 22.48846971053424, -122.788 22.501, -122.79888351368552 22.529454487587476, -122.823 22.58, -122.84035769428715 22.634703036541353, -122.86 22.683, -122.8645043478261 22.701017391304394, -122.871 22.718, -122.87699468085107 22.74662765957449, -122.87942224231466 22.7578155515371, -122.889 22.788, -122.89386046511628 22.818441860465086, -122.907 22.871, -122.91019866722199 22.899654727196978, -122.917 22.931, -122.91767926879933 22.940917324470277, -122.92 22.952, -122.92195018564357 22.994372215346512, -122.927 23.026, -122.927 23.05016666666675, -122.931 23.086, -122.92994369208839 23.11997790449032), (-120.00517808917196 22.681455286624193, -120.00517808917198 22.681455286624193, -120.004 22.68, -120.00517808917196 22.681455286624193), (-120.09360515800945 22.465685797312016, -120.09360515800945 22.465685797312013, -120.093 22.464, -120.09360515800945 22.465685797312016), (-120.19540330920373 22.292910031023784, -120.19540330920373 22.29291003102378, -120.195 22.293, -120.19540330920373 22.292910031023784), (-120.29542028985503 22.163231884058007, -120.29542028985504 22.163231884057993, -120.291 22.167, -120.29542028985503 22.163231884058007)), ((-84.782 32.297, -84.78032452830192 32.30314339622631, -84.778 32.319, -84.7713424415176 32.342489876154886, -84.769 32.357, -84.76076952589749 32.38227103315984, -84.755 32.408, -84.74111619283067 32.44913720642763, -84.725 32.506, -84.71101033973412 32.53833973412114, -84.701 32.568, -84.69887339322737 32.57231831375256, -84.69887339322736 32.57231831375259, -84.698 32.575, -84.67157654723127 32.62949837133551, -84.648 32.684, -84.64325997581625 32.69202902055615, -84.638 32.704, -84.62710460251041 32.72122175732225, -84.618 32.74, -84.61120226678291 32.75034437663471, -84.603 32.767, -84.57746153846152 32.80348351648354, -84.55 32.85, -84.52852044609664 32.87704832713757, -84.514 32.9, -84.50937673738113 32.905296269202616, -84.503 32.915, -84.48672881355932 32.933101694915266, -84.477 32.947, -84.44963672922255 32.97638337801607, -84.415 33.02, -84.38131067961157 33.05200485436902, -84.356 33.081, -84.34717910447765 33.08835074626863, -84.343 33.093, -84.33511821862348 33.099356275303656, -84.33511821862346 33.09935627530366, -84.328 33.107, -84.29987712665411 33.12936672967861, -84.275 33.153, -84.23482926829266 33.18197560975612, -84.188 33.221, -84.17129765886287 33.23162876254181, -84.157 33.243, -84.12409100998892 33.26185238623751, -84.092 33.285, -84.06945704467354 33.29643642611684, -84.045 33.312, -83.98655426045013 33.340642282958214, -83.958 33.357, -83.95721266968327 33.35730618401206, -83.956 33.358, -83.93308024874152 33.36684809002072, -83.894 33.386, -83.89074262182567 33.38710130404942, -83.887 33.389, -83.7826717557253 33.42518320610683, -83.742 33.441, -83.72906041275793 33.44377673545968, -83.714 33.449, -83.69803375818121 33.45225525318636, -83.684 33.457, -83.60326011560683 33.4715780346821, -83.60093830334186 33.47205141388176, -83.529 33.488, -83.51985080870051 33.48867150027886, -83.509 33.491, -83.4899548595118 33.49203592814371, -83.468 33.496, -83.38296865520722 33.49871789686553, -83.311 33.504, -83.2934566128067 33.50272411729503, -83.27 33.504, -83.26964878490176 33.50396471044467, -83.269 33.504, -83.25810940919061 33.50280525164116, -83.25738139227978 33.50273210161663, -83.249 33.503, -83.17626850507955 33.494582002902725, -83.16255172413805 33.493203761755495, -83.091 33.488, -83.07468995633184 33.48437554585152, -83.061 33.483, -83.04576219632635 33.47950977681218, -83.032 33.478, -82.9940426512967 33.467663400576335, -82.882 33.442, -82.87931661442006 33.440959247648905, -82.875 33.44, -82.83878627343896 33.426477152739864, -82.823 33.423, -82.80899703264093 33.41727151335311, -82.808 33.417, -82.80396153846168 33.4152115384616, -82.75522580645163 33.395274193548396, -82.717 33.381, -82.700829787234 33.37302127659573, -82.669 33.36, -82.65412994350278 33.35194538606401, -82.64 33.346, -82.61604590935842 33.331991759858724, -82.598 33.324, -82.58623281596455 33.316476718403564, -82.565 33.306, -82.547372173913 33.29411826086954, -82.525 33.282, -82.50176262033357 33.265159427095654, -82.48529886914342 33.25553150242306, -82.472 33.248, -82.47072727272729 33.24701010101012, -82.469 33.246, -82.43763917525769 33.22147422680409, -82.415 33.207, -82.41003970528044 33.202726975030735, -82.398 33.195, -82.39119970133041 33.18885283736083, -82.384 33.184, -82.36326324893852 33.16478628715208, -82.347 33.153, -82.3339268292683 33.14060975609756, -82.319 33.129, -82.31770546486871 33.12767991483322, -82.313 33.124, -82.28260433017591 33.09294830852504, -82.249 33.064, -82.23501901482254 33.047672555771776, -82.221 33.035, -82.21572222222228 33.02858001658382, -82.213 33.026, -82.21167245571378 33.024329281000355, -82.207 33.02, -82.18992708333326 32.99827083333325, -82.174 32.982, -82.17117672413795 32.978259159482775, -82.167 32.974, -82.1333613773518 32.928953496627635, -82.106 32.897, -82.10068168168165 32.8886426426426, -82.087 32.872, -82.0741617910448 32.85127164179108, -82.066 32.841, -82.0650521739131 32.839339130434865, -82.064 32.838, -82.05994916170896 32.83088263926436, -82.054 32.823, -82.05327597337099 32.821708694775054, -82.052 32.82, -82.02621003134799 32.77384952978059, -81.991 32.717, -81.98995973154364 32.71465100671144, -81.987 32.71, -81.96971805273833 32.67275862068964, -81.957 32.65, -81.9435306122449 32.61632653061226, -81.916 32.557, -81.90400156128024 32.520551912568294, -81.898 32.507, -81.89402941176468 32.4925735294117, -81.885 32.47, -81.88263980487805 32.46080507317075, -81.878 32.449, -81.87266578178921 32.42536209185026, -81.863 32.396, -81.85342822384428 32.34700162206, -81.84601587301599 32.318124338624756, -81.838 32.289, -81.83748730964466 32.28489847715729, -81.837 32.283, -81.83366666666683 32.254333333334735, -81.83316483516482 32.25031868131865, -81.827 32.223, -81.82585783132531 32.20586746987954, -81.821 32.181, -81.81949999999999 32.14099999999999, -81.814 32.097, -81.81410076857387 32.08606660973523, -81.812 32.068, -81.81330111524163 32.017516728624344, -81.811 31.983, -81.81280036798528 31.962343146274208, -81.812 31.941, -81.81571937321938 31.910448005698, -81.816 31.88, -81.82573376102646 31.81394947874909, -81.83 31.765, -81.83775081967215 31.72947540983599, -81.84 31.711, -81.84195844986014 31.703853375948928, -81.844 31.69, -81.85063289630511 31.666597139451746, -81.853 31.652, -81.85805951448707 31.636393891934226, -81.866 31.6, -81.8859889196676 31.541850415512453, -81.897 31.503, -81.91102877697844 31.469007194244572, -81.921 31.44, -81.92311777417612 31.435721231766617, -81.924 31.433, -81.93626804123707 31.407850515464006, -81.949 31.377, -81.96271588994954 31.350231892195264, -81.974 31.324, -81.97501659751036 31.32227800829879, -81.976 31.32, -81.97970370370368 31.313827160493894, -81.984 31.304, -81.99638297872342 31.284526767330103, -81.9972786885247 31.282778688524377, -82.004 31.269, -82.00557009657007 31.266597069597108, -82.011 31.256, -82.01494135429265 31.250200120918947, -82.019 31.242, -82.04144052863434 31.20976400251735, -82.072 31.158, -82.0769090909091 31.15181818181817, -82.078 31.15, -82.09777292759706 31.12508289611753, -82.108 31.109, -82.110169026169 31.106515229515256, -82.119 31.093, -82.1303444664591 31.08037928106424, -82.134 31.075, -82.1390640155189 31.069527088818088, -82.145 31.061, -82.16952064421668 31.034669106881413, -82.201 30.995, -82.20288820422535 30.99317781690142, -82.207 30.988, -82.24580258899682 30.951137540453004, -82.266 30.928, -82.27123880597011 30.923634328358244, -82.279 30.915, -82.28688178137651 30.908643724696358, -82.294 30.901, -82.3182180293501 30.88188050314465, -82.344 30.857, -82.40277551020401 30.814020408163323, -82.434 30.788, -82.44626279391426 30.780110650069147, -82.465 30.765, -82.46846025316455 30.76302025316456, -82.471 30.761, -82.48985924713587 30.750340425531892, -82.504 30.74, -82.5143433333333 30.734293333333355, -82.53 30.723, -82.55380015045135 30.710925777331994, -82.577 30.696, -82.63695142513046 30.666619831393017, -82.6389086956527 30.665499999999692, -82.664 30.651, -82.66478733031673 30.650693815987943, -82.66478733031674 30.65069381598794, -82.666 30.65, -82.66978761061947 30.648530973451326, -82.678 30.644, -82.69412702702702 30.638599999999997, -82.728 30.622, -82.73125737817433 30.62089869595058, -82.735 30.619, -82.8382988808426 30.5831737985517, -82.88 30.567, -82.89356162615618 30.56400752850075, -82.908 30.559, -82.92396624181877 30.555744746813648, -82.938 30.551, -83.01784390243911 30.53658373983738, -83.093 30.52, -83.10214919129949 30.519328499721137, -83.113 30.517, -83.13143379402585 30.51607445385644, -83.154 30.512, -83.23903134479274 30.509282103134478, -83.311 30.504, -83.33587933168315 30.505809405940596, -83.352 30.505, -83.3523441273326 30.505032930845225, -83.353 30.505, -83.35765096719932 30.505490608354357, -83.373 30.505, -83.4545812133072 30.5144422700587, -83.531 30.52, -83.54723374429994 30.52368265495693, -83.561 30.525, -83.57579660648253 30.528471829453995, -83.57871428571413 30.528809523809507, -83.59 30.53, -83.63788352084707 30.543039708802105, -83.74 30.567, -83.74263575975642 30.568009964018817, -83.747 30.569, -83.78524381625441 30.583038869257948, -83.811 30.59, -83.81206991629743 30.590474396848855, -83.814 30.591, -83.8482482100238 30.606167064439116, -83.905 30.627, -83.93260000000005 30.64080000000002, -83.954 30.649, -83.98511111111112 30.666777777777785, -84.024 30.684, -84.04194117647057 30.69547058823528, -84.057 30.703, -84.10433846153846 30.734907692307686, -84.15 30.761, -84.1769707554834 30.78180097481725, -84.207 30.801, -84.21608446496468 30.8088804997284, -84.224 30.814, -84.23080029866958 30.82014716263916, -84.238 30.825, -84.2638534418949 30.848808536886253, -84.303 30.879, -84.33765694950544 30.91434096824569, -84.373 30.945, -84.38736158105202 30.961671485696737, -84.401 30.974, -84.40472666190132 30.9785392423159, -84.415 30.988, -84.4355957446809 31.014212765957488, -84.455 31.034, -84.48809756097559 31.07860975609754, -84.516 31.111, -84.52438609904432 31.124289834926156, -84.534 31.136, -84.54429608938547 31.152558659217867, -84.558 31.17, -84.56490665342606 31.18213505461775, -84.57 31.189, -84.598687221869 31.24003305785116, -84.631 31.292, -84.63285018270402 31.2961778319123, -84.634 31.298, -84.64644051691371 31.32498365640438, -84.665 31.358, -84.68599149177541 31.410770277935402, -84.705 31.452, -84.71481007431873 31.481248554913243, -84.724 31.502, -84.72791687657434 31.516166036943826, -84.737 31.539, -84.73935294117645 31.548117647058763, -84.744 31.56, -84.74978750952019 31.585533130236097, -84.759 31.613, -84.7673673469388 31.65667346938785, -84.77577419354823 31.689249999999397, -84.784 31.719, -84.78451515151517 31.72312121212129, -84.785 31.725, -84.7881249999998 31.75199999999833, -84.78886885245903 31.75795081967222, -84.795 31.785, -84.7966259351621 31.80938902743145, -84.8 31.827, -84.80125 31.856999999999896, -84.808 31.911, -84.80789141198566 31.922781799556127, -84.81 31.941, -84.80871268656718 31.990690298507452, -84.811 32.025, -84.80913946587538 32.04634718100894, -84.81 32.067, -84.80628062678063 32.097551994302, -84.806 32.128, -84.79619151515152 32.19490787878787, -84.792 32.243, -84.78450488431876 32.27642416452443, -84.782 32.297), (-82.67474246575338 33.36161506849314, -82.67285022748564 33.36088116299677, -82.6701745367603 33.35984339509862, -82.669 33.36, -82.67474246575338 33.36161506849314)), ((-83.558 39.48, -83.449 39.44, -83.352 39.376, -83.273 39.291, -83.216 39.19, -83.183 39.079, -83.177 38.963, -83.198 38.848, -83.245 38.742, -83.314 38.649, -83.404 38.575, -83.508 38.524, -83.621 38.498, -83.737 38.498, -83.85 38.526, -83.953 38.579, -84.042 38.654, -84.111 38.747, -84.156 38.854, -84.175 38.969, -84.168 39.084, -84.134 39.195, -84.075 39.296, -83.995 39.38, -83.898 39.443, -83.788 39.482, -83.673 39.495, -83.558 39.48)), ((-85.51032452830188 46.284143396226455, -85.508 46.3, -85.4929415908424 46.35313061344281, -85.486 46.388, -85.48013112442723 46.404276348255145, -85.477 46.418, -85.4664072847682 46.4467516556292, -85.455 46.487, -85.43193548387099 46.540317972350195, -85.414 46.589, -85.41252300041442 46.591776212184, -85.411 46.596, -85.39096428571428 46.63503061224491, -85.378 46.665, -85.37325997581618 46.67302902055627, -85.368 46.685, -85.35356943231444 46.707877729257596, -85.334 46.746, -85.31653658536582 46.772195121951285, -85.306 46.792, -85.29238897893032 46.81001458670987, -85.28 46.831, -85.2633846153846 46.851923076923114, -85.25085714285731 46.87071428571404, -85.245 46.88, -85.24361739130431 46.88157391304353, -85.24 46.887, -85.19696551724144 46.93631034482751, -85.17 46.972, -85.16014918918916 46.98192324324327, -85.145 47.001, -85.11872340425529 47.02596276595747, -85.096 47.052, -85.08794641413557 47.058784270701025, -85.086 47.061, -85.05912125303814 47.083694031865996, -85.034 47.109, -85.02003184713371 47.11971974522297, -85.005 47.134, -84.96751396648045 47.161039106145246, -84.919 47.202, -84.91464748201443 47.20476978417263, -84.912 47.207, -84.89657142857116 47.216272727272894, -84.88280645161296 47.22503225806448, -84.862 47.241, -84.83727864746402 47.25497933625546, -84.822 47.266, -84.80438831615122 47.274934707903775, -84.776 47.293, -84.73866356228179 47.31117694994176, -84.714 47.326, -84.70529746835443 47.32961155063291, -84.694 47.336, -84.65612230215822 47.351361510791385, -84.624 47.367, -84.62074262182568 47.36810130404941, -84.617 47.37, -84.56980098414432 47.3863696008748, -84.514 47.409, -84.47597074562971 47.41891188012843, -84.444 47.43, -84.42803375818121 47.43325525318636, -84.414 47.438, -84.37733579335786 47.44461992619928, -84.326 47.458, -84.31375014755069 47.4595392484753, -84.31375014755068 47.4595392484753, -84.304 47.462, -84.2707289719626 47.46532710280375, -84.238 47.472, -84.22038599723626 47.47295808383234, -84.198 47.477, -84.1668739474356 47.47799489665731, -84.135 47.482, -84.10661603375527 47.48173839662447, -84.074 47.485, -84.03781070213425 47.482888957624496, -83.999 47.485, -83.98742880456959 47.48373058615532, -83.979 47.484, -83.94672761866607 47.48026477067894, -83.918 47.48, -83.87114285714286 47.473166666666664, -83.834 47.471, -83.79587570867865 47.46280505887485, -83.78117475728176 47.46110355987058, -83.762 47.459, -83.74816470588232 47.45523235294117, -83.726 47.452, -83.67418297872338 47.43664680851063, -83.62 47.425, -83.56593320235758 47.40573870333989, -83.541 47.399, -83.53993008370263 47.39852560315117, -83.538 47.398, -83.5263754512635 47.39285198555955, -83.51 47.388, -83.49096234309627 47.37903033472805, -83.46 47.368, -83.356717948718 47.31771794871797, -83.328 47.305, -83.31971711456858 47.29970438472417, -83.308 47.294, -83.30064000000013 47.28912000000008, -83.149 47.191, -83.14695937647616 47.18925271610772, -83.145 47.188, -83.13723824102418 47.1813136654606, -83.129 47.176, -83.12616388467376 47.17343474962065, -83.124 47.172, -83.06409684210544 47.11830631578963, -83.06320289854958 47.11753623188308, -82.989 47.054, -82.98767702435815 47.05247478604347, -82.979 47.045, -82.96806219569655 47.032226480288976, -82.96 47.025, -82.9537072243346 47.01744866920153, -82.951 47.015, -82.90666666666662 46.960999999999956, -82.89195652173879 46.94334782608656, -82.836 46.878, -82.8351003624547 46.87657430321211, -82.832 46.873, -82.82822641509433 46.866871698113215, -82.82 46.857, -82.79925603864716 46.822855072463476, -82.721 46.697, -82.71914981729599 46.69282216808771, -82.718 46.691, -82.71427871662996 46.68298089639977, -82.707 46.671, -82.69068850174206 46.63214564459907, -82.647 46.538, -82.63580759702725 46.50463005780349, -82.628 46.487, -82.62482666666665 46.47552311111107, -82.617 46.457, -82.60913053027927 46.42509287731412, -82.593 46.377, -82.58280889333001 46.3235588308769, -82.568 46.27, -82.56504147465438 46.246331797235015, -82.562 46.234, -82.55815654952076 46.19428434504786, -82.552 46.162, -82.55075000000001 46.132000000000176, -82.544 46.078, -82.54425245441796 46.050608695652194, -82.541 46.017, -82.54170985915492 46.004045070422514, -82.541 45.996, -82.54357894736842 45.95989473684207, -82.542 45.922, -82.54571937321938 45.89144800569793, -82.54571937321938 45.89144800569789, -82.546 45.861, -82.55164797507787 45.82267445482874, -82.553 45.798, -82.55633333333334 45.78133333333327, -82.558 45.758, -82.56645443786981 45.72112426035513, -82.57 45.692, -82.57195844986016 45.68485337594885, -82.574 45.671, -82.58894871794871 45.61825641025641, -82.596 45.583, -82.60187626080692 45.566624819884716, -82.605 45.553, -82.61580337711067 45.52350506566613, -82.627 45.484, -82.65610139165017 45.413485089463066, -82.668 45.381, -82.66947141344627 45.378259661196395, -82.671 45.374, -82.67812513144057 45.36011987381709, -82.679 45.358, -82.68964782608695 45.33721956521741, -82.694 45.325, -82.69996623981369 45.31437718277074, -82.704 45.305, -82.70501659751041 45.303278008298676, -82.706 45.301, -82.70970370370365 45.29482716049393, -82.714 45.285, -82.72638297872344 45.26552676733007, -82.741 45.237, -82.7423354752936 45.23503478838909, -82.748 45.224, -82.7643821490468 45.199685441941064, -82.776 45.179, -82.78647904191621 45.1643293413173, -82.793 45.153, -82.79620773576707 45.14881138635374, -82.802 45.139, -82.8069090909091 45.13281818181817, -82.808 45.131, -82.82485393258428 45.10993258426965, -82.83323535062424 45.09749279538931, -82.838 45.09, -82.83924336022037 45.08857564430451, -82.843 45.083, -82.85169060773478 45.073033149171295, -82.871 45.046, -82.89253225806453 45.0230322580645, -82.914 44.995, -82.92512426035503 44.98395463510848, -82.937 44.969, -82.96847424511547 44.939099467140295, -82.986 44.919, -82.99080145223506 44.91495529838894, -82.996 44.909, -83.0121256544503 44.89546596858635, -83.021 44.886, -83.02226376614549 44.88495717199184, -83.025 44.882, -83.03523659305989 44.87385725552054, -83.048 44.861, -83.05213373751788 44.85784593437942, -83.055 44.855, -83.06523327615776 44.847178387650125, -83.077 44.836, -83.10176237623782 44.81813861386124, -83.116434322034 44.807249999999925, -83.164 44.768, -83.16911750599522 44.76474340527577, -83.17 44.764, -83.17545205479436 44.76071232876722, -83.18557142857138 44.754272727272756, -83.201 44.742, -83.20797435897441 44.73807692307689, -83.212 44.735, -83.21654545454544 44.732398843930646, -83.221 44.729, -83.22461365546212 44.726965966386594, -83.234 44.72, -83.24943307086616 44.711622047244084, -83.26 44.704, -83.28254295532646 44.692563573883156, -83.307 44.677, -83.34296251409243 44.65937598647126, -83.365 44.646, -83.36717765567764 44.645098901098905, -83.369 44.644, -83.37621668177704 44.64102629193107, -83.385 44.636, -83.39964825253664 44.630076662908685, -83.409 44.625, -83.422098315707 44.62059420289855, -83.458 44.603, -83.46125737817434 44.60189869595058, -83.465 44.6, -83.52842700329302 44.57800219538971, -83.568 44.562, -83.59568252788108 44.55467657992563, -83.638 44.54, -83.65396624181881 44.53674474681364, -83.668 44.532, -83.70979074446684 44.52448922104052, -83.757 44.512, -83.76764732650742 44.510662116040955, -83.778 44.508, -83.81127102803732 44.504672897196265, -83.844 44.498, -83.86228881941346 44.49708173291648, -83.86228881941348 44.49708173291648, -83.8622888194135 44.49708173291648, -83.885 44.493, -83.91617483953785 44.491998973042364, -83.948 44.488, -83.97546835443036 44.48825316455696, -84.008 44.485, -84.05038057742779 44.48763779527559, -84.083 44.486, -84.08766732311153 44.48649233366155, -84.103 44.486, -84.13534782608698 44.489726708074535, -84.165 44.49, -84.21826139670223 44.498086808923375, -84.249 44.5, -84.27835945945947 44.50620270270271, -84.32 44.511, -84.34117679667389 44.51674935656305, -84.356 44.519, -84.40084671532848 44.53208029197081, -84.462 44.545, -84.51570704037374 44.56413313313314, -84.541 44.571, -84.54206991629744 44.571474396848856, -84.544 44.572, -84.55612598425193 44.577370078740145, -84.572 44.582, -84.59103765690375 44.590969665271956, -84.622 44.602, -84.72528205128201 44.65228205128203, -84.754 44.665, -84.76228288543143 44.67029561527583, -84.774 44.676, -84.78158762886578 44.68103092783492, -84.934 44.78, -84.93437947494031 44.780324582338885, -84.937 44.782, -84.94608446496471 44.789880499728426, -84.954 44.795, -84.95544379301553 44.796305123629864, -84.958 44.798, -85.01967259120664 44.85327970065473, -85.093 44.916, -85.09764372143053 44.92135358967469, -85.103 44.926, -85.1104462356924 44.93464388199257, -85.122 44.945, -85.12814934114202 44.95242313323572, -85.131 44.955, -85.20381344902404 45.04302819956637, -85.246 45.092, -85.24692826086955 45.09345869565216, -85.25 45.097, -85.25449510932108 45.104300057537436, -85.265 45.117, -85.35566666666693 45.26433333333376, -85.365 45.279, -85.3718221232716 45.293797281462346, -85.375 45.299, -85.3829346210996 45.31790044576531, -85.436 45.433, -85.44562404092073 45.46205370843993, -85.455 45.483, -85.46006333578252 45.50162277736961, -85.464 45.511, -85.4643793854343 45.51252431647711, -85.465 45.514, -85.47132162967868 45.539631334879004, -85.489 45.593, -85.49944413329602 45.646464015681985, -85.514 45.7, -85.5169865470852 45.723892376681604, -85.52 45.736, -85.52095454545461 45.7468181818189, -85.52284331797235 45.76624555628692, -85.531 45.808, -85.53250000000001 45.84800000000011, -85.538 45.892, -85.53774624173181 45.91953277209861, -85.541 45.953, -85.54029014084507 45.96595492957747, -85.541 45.974, -85.53852459016393 46.00865573770486, -85.54 46.048, -85.53628062678064 46.078551994301996, -85.536 46.109, -85.530334375 46.147647656250044, -85.529 46.172, -85.52565803108808 46.18878756476681, -85.52565803108808 46.18878756476683, -85.524 46.212, -85.51549861166205 46.24926140420465, -85.512 46.278, -85.51032452830188 46.284143396226455), (-82.77428551385478 45.18305541915118, -82.776 45.1798623853211, -82.776 45.179, -82.77428551385478 45.18305541915118), (-83.0196637298091 44.88776714915042, -83.01966372980911 44.88776714915041, -83.021 44.886, -83.0196637298091 44.88776714915042)), ((-292.7293646781618 110.11216879083157, -292.798 110.23, -292.8593483790341 110.35642387708606, -293.097 110.803, -293.512 111.678, -293.58492372067656 111.85165568683772, -293.621 111.926, -293.73195870265886 112.20179499059823, -293.887 112.571, -293.95238094326993 112.7496686437706, -294.002 112.873, -294.03200127956126 112.96724974294514, -294.22 113.481, -294.339 113.86, -294.29259084167444 113.78589813403161, -294.645 114.893, -294.831 115.656, -295.215 117.979, -295.268 118.527, -295.319 121.116, -295.304 121.431, -294.955 124.234, -294.939 124.312, -294.935 124.337, -294.92 124.41, -294.896 124.527, -294.877 124.615, -294.851 124.738, -294.814 124.903, -294.77 125.092, -294.722 125.289, -294.13 127.262, -293.903 127.87, -292.862 130.133, -292.759 130.323, -291.309 132.61, -291.181 132.784, -289.577 134.69, -289.124 135.154, -287.591 136.531, -287.417 136.671, -287.251 136.802, -287.101 136.918, -287.022 136.978, -286.941 137.039, -286.866 137.095, -286.817 137.132, -286.8 137.144, -286.736 137.191, -284.349 138.702, -284.071 138.85, -281.707 139.906, -281.189 140.093, -278.923 140.735, -278.154 140.892, -276.052 141.172, -275.034 141.23, -273.149 141.208, -271.898 141.099, -270.268 140.844, -270.242 140.839, -270.169 140.824, -270.053 140.8, -269.964 140.781, -269.842 140.755, -269.676 140.718, -269.487 140.674, -269.29 140.626, -268.9537275179841 140.53794514388449, -268.8255421686753 140.50524096385556, -268.816 140.503, -268.8106751085382 140.50144790159186, -268.805 140.5, -268.147 140.308, -267.495 140.096, -266.851 139.862, -266.215 139.607, -265.858 139.454, -265.143 139.122, -264.1 138.577, -263.089 137.975, -245.58161234910162 126.87012696830566, -245.5809225462114 126.86975299771825, -247.191 127.891, -239.966 128.207, -232.67 126.924, -196.159 102.433, -195.64 101.517, -194.76 99.96, -192.639 98.618, -190.466 96.572, -182.986 85.213, -183.01298782385288 85.18601217614714, -182.901274599526 85.11107826085862, -182.77173766940552 85.02421231948372, -182.52326175430946 84.85758729406635, -182.523 84.858, -180.123 83.248, -172.964 78.446, -171.497 82.497, -162.474 76.76, -157.276 67.923, -108.64198164078978 35.30026683485418, -104.64063190359956 36.0454497983205, -104.666 38.353, -104.654 39.951, -104.521 41.543, -104.267 43.121, -100.73329152092269 60.75638693958735, -103.365 73.277, -102.764 80.077, -103.219 83.98, -86.539 167.22, -82.394 174.919, -79.587 188.415, -73.633 198.468, -73.27223393545187 198.33008942684864, -72.9493739358341 200.28307247318506, -72.564 202.616, -71.988 206.1, -69.949 218.436, -69.705 219.912, -69.54352631579499 220.8874105262824, -68.879 224.905, -68.616 226.234, -68.436 226.948, -67.834 228.826, -67.793 228.936, -66.955 230.85, -66.725 231.296, -66.62 231.493, -66.518 231.679, -66.425 231.844, -66.376 231.93, -66.325 232.018, -66.278 232.099, -66.26098780487773 232.1280853658542, -66.237 232.17, -65.899 232.72, -65.545 233.261, -65.401 233.467, -65.3811708417871 233.4953399031096, -65.342 233.556, -65.29253011374219 233.62202554540386, -65.29253011374215 233.62202554540391, -65.175 233.79, -64.788 234.307, -64.66990787370122 234.45301538768962, -64.589 234.561, -64.5002799875698 234.6627523306403, -64.179 235.06, -63.536 235.784, -63.408598193189725 235.9147941626129, -63.35 235.982, -63.09841954359279 236.2332320070216, -62.86 236.478, -62.752736557279015 236.57843620803578, -62.628 236.703, -62.528496457974285 236.78840359946398, -62.153 237.14, -61.851 237.398, -61.90004561731793 237.32780112025105, -61.019 238.084, -60.389 238.553, -58.401 239.815, -57.917 240.077, -55.554 241.136, -55.259 241.245, -52.542 242.019, -52.464 242.035, -52.439 242.04, -52.366 242.056, -52.249 242.079, -52.16 242.096, -52.037 242.12, -51.871 242.15, -51.679 242.184, -51.48 242.217, -49.432 242.442, -48.784 242.471, -46.294 242.398, -46.079 242.377, -43.407 241.936, -43.197 241.886, -40.815 241.154, -40.211 240.918, -38.345 240.046, -38.148 239.94, -37.963 239.838, -37.797 239.746, -37.711 239.696, -37.623 239.646, -37.542 239.598, -37.489 239.567, -37.472 239.557, -37.403 239.516, -35.08 237.909, -34.835 237.711, -32.939 235.948, -32.565 235.544, -31.088 233.71, -30.643 233.063, -29.565 231.237, -29.113 230.322, -28.396 228.579, -28.008 227.385, -27.606 225.784, -27.601 225.759, -27.586 225.686, -27.562 225.569, -27.545 225.481, -27.522 225.358, -27.491 225.191, -27.457 225, -27.425 224.8, -27.380251526929516 224.49534258745163, -27.351 224.303, -27.27 223.623, -27.211 222.94, -27.175 222.256, -27.161 221.571, -27.163 221.182, -27.189 220.395, -27.282 219.222, -27.442 218.056, -30.51183827704885 199.48166097385192, -27.398 192.954, -25.728 185.736, -34.005 142.558, -34.646 141.723, -35.735 140.305, -36.142 137.828, -37.176 135.028, -44.709 123.704, -44.74388962353114 123.71895269579905, -44.85505942557368 123.1390098202731, -44.855 123.139, -45.04804189550426 122.13227232068823, -45.84574182215926 117.97088693750531, -47.02198946706222 111.8340549534528, -42.72 112.068, -44.475 101.52, -50.5782938560941 93.28295301662791, -57.468007474617714 57.342037930948116, -33.014021874971824 58.92920207223434, -29.698 60.854, -26.771 63.475, 50.869 97.816, 59.549 98.866, 72.196 104.349, 83.843 105.278, 83.938 104.903, 92.446 109.017, 102.284 113.774, 104.6581273100565 114.92165571526105, 105.258 115.212, 108.188 116.628, 109.426 117.178, 110.112 117.443, 111.994 118.034, 112.108 118.063, 114.155 118.481, 114.652 118.551, 114.874 118.578, 115.084 118.602, 115.273 118.622, 115.371 118.631, 115.473 118.64, 115.566 118.648, 115.627 118.654, 115.648 118.655, 116.292 118.697, 116.937 118.719, 117.189 118.72, 117.22554183900733 118.72009274578429, 117.296 118.723, 117.38338422177596 118.72049336096897, 117.583 118.721, 118.229 118.703, 118.41413418681846 118.69092603129445, 118.551 118.687, 118.68172143073639 118.67347468929981, 119.195 118.64, 120.158 118.531, 120.3435197801536 118.50153395341344, 120.426 118.493, 120.72787598709 118.44048678156983, 121.115 118.379, 121.28799634471225 118.34305033764946, 121.432 118.318, 121.54243304816804 118.29017688766973, 122.063 118.182, 122.448 118.084, 122.3622583072308 118.08362558212765, 123.488 117.8, 124.234 117.555, 126.411 116.657, 126.904 116.413, 129.132 115.092, 129.391 114.914, 131.589 113.139, 131.647 113.085, 131.666 113.068, 131.721 113.017, 131.807 112.935, 131.872 112.872, 131.962 112.785, 132.083 112.667, 132.221 112.53, 132.363 112.386, 133.727 110.842, 134.124 110.33, 135.499 108.252, 135.607 108.064, 136.785 105.627, 136.866 105.426, 137.641 103.058, 137.796 102.428, 138.158 100.4, 138.185 100.178, 138.209 99.968, 138.229 99.78, 138.238 99.681, 138.247 99.58, 138.255 99.486, 138.25921052631568 99.43463157894841, 138.262 99.405, 138.268 99.325, 138.294 96.501, 138.273 96.187, 137.925 93.62, 137.811 93.082, 137.162 90.818, 136.89 90.082, 136.02 88.148, 135.533 87.252, 134.521 85.661, 133.769 84.656, 132.692 83.405, 132.675 83.386, 132.624 83.332, 132.542 83.246, 132.479 83.18, 132.392 83.09, 132.274 82.969, 132.137 82.831, 131.993 82.689, 131.70695615514276 82.41788701517652, 131.65440000000078 82.36740000000076, 131.638 82.351, 131.12 81.885, 130.596 81.444, 130.058 81.019, 129.506 80.613, 129.187 80.39, 128.528 79.958, 127.516 79.359, 126.471 78.817, 114.36057789819617 72.96083527063874, 114.473478569227 72.90498919223589, 115.398 72.531, 116.25681600925274 72.02286509514146, 117.14 71.586, 117.95244747344523 71.01961233384012, 118.807 70.514, 119.57179681789411 69.89070304939052, 120.389 69.321, 121.11395117270787 68.63387236673775, 121.877 68.012, 122.54049559866677 67.2817563456115, 123.264 66.596, 123.8746507437071 65.81338439168573, 124.541 65.08, 125.09214027409054 64.25303861424028, 125.7 63.474, 126.1841768515393 62.614486463651176, 126.737 61.785, 127.16050838014085 60.88129710912239, 127.644 60.023, 127.9940133007438 59.102723551595474, 128.418 58.198, 128.70190268325473 57.2414973484311, 129.052 56.321, 129.26195080900337 55.35462713239943, 129.545 54.401, 129.6824265310175 53.41923888041764, 129.893 52.45, 129.95658484993098 51.46067981524703, 130.094 50.479, 130.08347497009584 49.4863894416583, 130.147 48.498, 130.06253630554352 47.51167395852168, 130.052 46.518, 129.89315382509662 45.533707537445096, 129.809 44.551, 129.5806285723282 43.59714059873751, 129.421 42.608, 128.98292994063715 41.00602822535482, 128.983 41.006, 128.98165363929724 41.00115310147006, 128.982 41.001, 128.978 40.988, 128.961 40.933, 128.931 40.838, 128.89889189189037 40.735108108103226, 128.897 40.729, 128.89621904761998 40.72654285714581, 128.887 40.697, 128.8798372093022 40.6749999999996, 128.856 40.6, 128.83572972972965 40.53952702702681, 128.831 40.525, 128.757 40.302, 128.681 40.082, 128.63789285714077 39.95874999999399, 128.63 39.936, 128.62768683274118 39.92956939502051, 128.61 39.879, 128.56333333333225 39.75066666666368, 128.5395837435794 39.68464280715074, 129.41632411109003 39.845543567615344, 130.372 40.096, 131.3547397969585 40.20128463932888, 132.334 40.381, 133.32741261301473 40.412624555138926, 134.311 40.518, 135.30456462957954 40.475565725954276, 136.292 40.507, 137.26703802293991 40.391750208269684, 138.268 40.349, 139.25179224481204 40.15715165382878, 140.226 40.042, 141.17543276689784 39.78202443084421, 142.155 39.591, 143.09212079846426 39.25719310073465, 144.046 38.996, 144.95457510586368 38.59377799096949, 145.886 38.262, 146.75396400799593 37.79719682275131, 147.667 37.393, 148.509070449878 36.85732023445822, 149.378 36.392, 150.1712977693851 35.799900940241564, 151.009 35.267, 152.30852491809966 34.231533798135196, 152.309 34.232, 152.323 34.22, 152.341105263158 34.20442105263148, 152.376 34.175, 152.4317910447763 34.12673134328344, 152.442 34.118, 152.5497621621622 34.024670270270235, 152.552 34.023, 152.55384653126168 34.02113291488943, 152.554 34.021, 152.67399999999688 33.916000000002725, 152.69 33.902, 152.7184223602487 33.87664596273269, 152.823 33.784, 152.8585371024737 33.7516572438161, 152.866 33.745, 153.038 33.589, 153.196 33.443, 153.376 33.275, 153.3835628794448 33.26774934952309, 153.409 33.244, 153.50515753424452 33.15117465753622, 153.594 33.066, 153.794 32.87, 153.81099999999998 32.85300000000003, 153.989 32.675, 153.99699999999822 32.66700000000177, 154.005 32.659, 154.0289999999993 32.634375000000716, 154.181 32.48, 154.375 32.277, 154.567 32.073, 154.6691428571377 31.961428571434205, 154.764 31.858, 154.908 31.698, 154.93683720930127 31.665627906977917, 154.941 31.661, 154.95966666667383 31.63999999999195, 155.063 31.524, 155.07326666666626 31.512200000000476, 155.101 31.481, 155.231 31.331, 155.2653373493947 31.290879518075652, 155.335 31.21, 155.38023809523898 31.156190476189437, 155.411 31.12, 155.4496031746024 31.073777777778712, 155.495 31.02, 155.532 30.976, 155.53750000000022 30.96899999999974, 155.54 30.966, 155.53992232277525 30.96591704374059, 155.543 30.962, 155.54294611794654 30.961946117946543, 156.564 29.651, 157.090571446656 28.802788933462168, 157.671 28.007, 158.12632082691127 27.134384594276483, 158.653 26.286, 159.04542236975988 25.372940534810606, 159.503 24.496, 159.82572770100492 23.55738356524493, 160.217 22.647, 160.46782544249606 21.689916065535503, 160.791 20.75, 160.97069745137287 19.77108870895474, 161.221 18.816, 161.32615612894418 17.83470891994748, 161.506 16.855, 161.5376244970243 15.861338224451035, 161.643 14.878, 161.60044972852293 13.88732956172788, 161.632 12.896, 161.51557659618044 11.911283339306822, 161.473 10.92, 161.28346561176528 9.948073658221093, 161.167 8.963, 160.9040573141659 8.002479921059116, 160.715 7.033, 160.38439128861398 6.104158808598496, 160.121 5.142, 159.718533553999 4.233439525580044, 159.387 3.302, 158.91786908662667 2.4259544655081835, 158.517 1.521, 157.98631257259 0.6863847612215532, 157.517 -0.19, 156.92464613578954 -0.9833042890312063, 156.392 -1.821, 155.73753653787023 -2.5731295480168197, 155.147 -3.364, 154.445210507426 -4.058310386081206, 153.792 -4.809, 153.03790389716383 -5.45061905733526, 152.332 -6.149, 151.5271442882457 -6.736041634760792, 150.775 -7.376, 149.93350678721427 -7.8984009870756005, 149.132 -8.483, 148.25443154977268 -8.940774886337266, 147.41 -9.465, 146.49835901455015 -9.856812723617363, 145.62 -10.315, 144.07383986005647 -10.922384725480054, 144.074 -10.923, 144.057 -10.929, 144.003 -10.948, 143.94900000000064 -10.966757894736615, 143.912 -10.98, 143.801 -11.019, 143.76900000000046 -11.02999999999984, 143.673 -11.063, 143.598 -11.088, 143.493 -11.123, 143.47004918032815 -11.130459016393345, 143.375 -11.162, 143.153 -11.233, 142.948 -11.297, 142.7305000000004 -11.362712765957331, 142.723 -11.365, 142.72084522002982 -11.365629742033548, 142.713 -11.368, 142.64608333333692 -11.387479166665624, 142.439 -11.448, 142.42175713050986 -11.452779602420076, 142.421 -11.453, 142.39708823529216 -11.459617647059366, 142.154 -11.527, 142.13850000000053 -11.531166666666518, 142.012 -11.566, 141.875 -11.602, 141.737 -11.638, 141.598 -11.673, 141.5956948130271 -11.673565741857821, 141.594 -11.674, 141.58194117647383 -11.676941176469793, 141.325 -11.74, 141.029 -11.809, 140.86900000000162 -11.844333333332974, 140.731 -11.875, 140.476 -11.929, 140.3863305785124 -11.94671694214876, 140.351 -11.954, 140.121 -11.999, 140.10161386138594 -12.002594059405977, 140.043 -12.014, 139.909 -12.039, 139.86050000000012 -12.047362068965496, 139.798 -12.059, 139.72118965517217 -12.072189655172455, 139.695 -12.077, 139.642 -12.086, 139.624 -12.089, 139.62387364402812 -12.08851785221257, 137.979 -12.317, 136.99531411822596 -12.348555470317077, 136.002 -12.455, 135.0081360149851 -12.412301774715054, 134.02 -12.444, 133.0348555107372 -12.327526013855275, 132.045 -12.285, 131.0739792123713 -12.095690906115601, 130.087 -11.979, 129.12673615370431 -11.716058643134739, 128.157 -11.527, 127.22566386860508 -11.19550324779082, 126.267 -10.933, 125.36125637628689 -10.531892111420255, 124.426 -10.199, 123.5502098884095 -9.72987152429841, 122.645 -9.329, 121.8088771126802 -8.797103752710386, 120.935 -8.329, 120.14067172885241 -7.7358815366667395, 119.303 -7.203, 118.55265805154714 -6.550124632062608, 117.761 -5.959, 117.06822597698385 -5.258514668289594, 116.316 -4.604, 115.68806423345048 -3.8659858949435577, -36.771970392232625 4.131738948107964, -55.421 -4.304, -59.06 -6.184, -62.485 -8.431, -65.658 -11.02, -70.667 -15.56, -71.15678833049405 -15.94279968355059, -71.61 -16.365, -71.64430903462076 -16.388695742797722, -71.676 -16.418, -72.39308128100609 -16.909038609158415, -73.075 -17.442, -73.61374006064756 -17.748895222801117, -74.125 -18.102, -74.17463885889637 -18.129002898221273, -74.198 -18.145, -74.25769238281255 -18.17418294270836, -75.364 -18.776, -75.62031558270188 -18.891948221621966, -75.731 -18.955, -75.93994999661022 -19.03653967201755, -76.865 -19.455, -76.93400000000001 -19.482600000000005, -76.943 -19.487, -76.9529216354344 -19.490168654173758, -77.13 -19.561, -77.33022262454571 -19.628688587981323, -77.998 -19.878, -78.38982455828099 -19.992567293379057, -78.578 -20.066, -78.72216330734346 -20.099257284131955, -78.961 -20.18, -79.773 -20.397, -79.8349711457809 -20.410603422244588, -79.855 -20.417, -79.89154677109505 -20.423022461947692, -80.757 -20.613, -81.2702510496958 -20.68708007761619, -81.556 -20.753, -81.73376239177861 -20.767356384890853, -81.986 -20.815, -81.9688110723026 -20.78790672127323, -82.787 -20.906, -82.85277347000437 -20.910996490249396, -82.871 -20.914, -82.89877408684346 -20.914490933122604, -83.59 -20.967, -84.22677948763898 -20.968696570570973, -84.602 -20.999, -85.03560046187387 -20.970851510999662, -85.842 -20.973, -85.91918970419094 -20.96787962161254, -85.926 -20.968, -85.93518465185707 -20.966818596891734, -86.445 -20.933, -87.16819197467987 -20.83240786525029, -87.652 -20.801, -88.1346495191257 -20.697978791166875, -88.875 -20.595, -88.95209045267154 -20.578760133066655, -88.958 -20.578, -88.96491528218759 -20.576058455782817, -89.269 -20.512, -90.0382214022339 -20.291662678278612, -90.641 -20.163, -91.15401332380418 -19.972053001684618, -91.821 -19.781, -92.01 -19.712, -92.80003034857508 -19.359394430313884, -93.505 -19.097, -94.01628024193553 -18.81655897177417, -94.618 -18.548, -104.36593346479235 -13.61398255574826, -112.74438430221561 -9.815981303380024, -113.526259675125 -9.465001652900844, -114.93304769974266 -8.839643629318614, -115.729118348207 -8.489274005442619, -122.87809216814455 -5.373599346400907, -127.849 -3.328, -129.315 -2.693, -130.728 -1.948, -132.081 -1.098, -151.47956626498555 12.15136329930023, -151.84547882050768 12.401279428977302, -151.92611614100565 12.456344435372653, -146.933 9.046, -159.488 11.516, -165.512 14.727, -169.282 15.833, -239.387 63.712, -244.854 70.536, -256.18 78.394, -263.108 87.802, -262.84 88.08, -270.82 93.142, -285.586 102.508, -286.706 103.27, -287.293 103.714, -288.786 105.002, -288.871 105.083, -290.306 106.603, -290.627 106.988, -290.767 107.162, -290.898 107.328, -291.014 107.478, -291.074 107.557, -291.135 107.638, -291.191 107.713, -291.228 107.763, -291.24 107.779, -291.615 108.305, -291.974 108.842, -292.107 109.055, -292.1302203430978 109.09221921022848, -292.166 109.145, -292.2061169823863 109.21387171817895, -292.316 109.39, -292.642 109.948, -292.7293646781618 110.11216879083157), (131.99119976470323 82.69093993144719, 131.99119976470323 82.69093993144718, 131.993 82.689, 131.99119976470323 82.69093993144719), (126.29183788912736 -10.863120267156566, 126.29183788912736 -10.863120267156564, 126.267 -10.933, 126.29183788912736 -10.863120267156566), (122.6799958570272 -9.263729949195314, 122.6799958570272 -9.263729949195312, 122.645 -9.329, 122.6799958570272 -9.263729949195314), (119.34741521955577 -7.1435633491957145, 119.34741521955577 -7.143563349195713, 119.303 -7.203, 119.34741521955577 -7.1435633491957145), (147.071 19.431, 147.261 19.473, 147.442 19.543, 147.611 19.64, 147.763 19.76, 147.896 19.902, 148.007 20.061, 148.092 20.236, 148.13162376237622 20.36238613861381, 148.117 20.494, 148.078 20.642, 148.017 20.782, 147.936 20.912, 147.837 21.029, 147.721 21.129, 147.591 21.211, 147.451 21.272, 147.303 21.313, 147.151 21.33, 146.998 21.325, 146.847 21.297, 146.703 21.247, 146.567 21.175, 146.443 21.085, 146.335 20.977, 146.243 20.854, 146.171 20.719, 146.12 20.574, 146.092 20.424, 146.085 20.271, 146.102 20.118, 146.141 19.97, 146.14470663983903 19.96149295774648, 146.158 19.965, 146.26757072994022 19.724763026021865, 146.283 19.7, 146.383 19.583, 146.499 19.483, 146.5145063938619 19.473143222506398, 146.684 19.433, 146.877 19.418, 147.071 19.431), (132.54063041083597 17.05573915792911, 132.3480126182961 16.864484227128912, 132.11802798982194 16.631214103962254, 131.96854441913374 16.43022779043192, 131.763025874461 16.14742022041215, 131.63357723577204 15.903317073170108, 131.48918463846385 15.625518271827156, 131.385724667179 15.332295036627968, 134.19 13.776, 131.44685202959351 12.560164234381357, 131.4946679104488 12.450067164176719, 131.6254148373365 12.156290118577202, 131.77466315789567 11.91683157894588, 131.94649844588858 11.647871997739584, 132.10860717131575 11.458258964142267, 132.12533434064534 11.439105716818304, 134.396 13.382, 134.502 13.276, 134.622 13.187, 134.754 13.116, 134.895 13.067, 135.041 13.038, 135.191 13.032, 135.339 13.049, 135.484 13.087, 135.621 13.146, 135.748 13.226, 135.861 13.323, 139.09074017389057 13.373030398562848, 139.13092153752288 13.5959232458817, 139.1411281198003 13.84981198003234, 139.15146358096928 14.193178967757625, 139.12310305869394 14.452350509781365, 139.083137529935 14.78614710913452, 139.0153098591552 15.042384976524868, 138.92707172978913 15.362595043469637, 138.8098785776239 15.632927146573454, 138.68766656642808 15.907526974198623, 138.5146746987953 16.184204819276935, 138.36944583096994 16.411519568916617, 138.16080847723694 16.655646781789756, 137.97797786356236 16.86499481271487, 137.72477580071123 17.084025800712183, 137.52709823253582 17.251791631597893, 137.24178128128094 17.432229229229446, 137.01680343865226 17.571017132147727, 136.76320724094853 17.682747815231085, 136.4646511697962 17.81031268199617, 136.22262465450498 17.87574792703158, 135.8874176520785 17.962739363647447, 135.64204046242776 17.991242774566473, 135.29331349538978 18.028166806370496, 135.0329999999999 18.019010050251254, 134.69782335221112 18.003851307386434, 134.37683934426224 17.943803278688513, 134.11750111133563 17.89299595877955, 133.8258546255506 17.792339207048435, 133.54471639191544 17.691289521649324, 133.31712558575384 17.571686035613553, 133.02176738714314 17.41307812250762, 132.77986670151532 17.235416623104605, 132.54063041083597 17.05573915792911), (138.26886523237403 98.78198016205674, 138.26886523237403 98.78198016205754, 138.262481790038 99.361277554051, 138.26886523237403 98.78198016205674), (129.963 103.156, 130.148 103.032, 130.358 102.936, 130.493 102.895, 130.624 102.868, 130.762 102.854, 130.902 102.854, 131.105 102.879, 131.302 102.933, 131.489 103.015, 131.662 103.124, 131.818 103.257, 131.952 103.41, 132.063 103.582, 132.147 103.768, 132.204 103.965, 132.231 104.167, 132.229 104.371, 132.197 104.573, 132.135 104.768, 132.046 104.952, 131.932 105.121, 131.793 105.272, 131.635 105.401, 131.459 105.505, 131.27 105.583, 131.072 105.632, 130.868 105.652, 130.664 105.642, 130.464 105.603, 130.271 105.534, 130.091 105.439, 129.926 105.318, 129.78 105.174, 129.66 105.016, 129.56 104.834, 129.484 104.625, 129.442 104.406, 129.436 104.175, 129.451 104.037, 129.478 103.904, 129.52 103.769, 129.573 103.643, 129.673 103.469, 129.8 103.308, 129.963 103.156), (137.59836332131172 103.06511264807251, 137.59836332131172 103.06511264807253, 132.204 103.965, 137.59836332131172 103.06511264807251), (130.158 91.108, 130.424 90.927, 130.713 90.788, 131.021 90.694, 131.338 90.647, 131.66 90.647, 131.978 90.696, 132.284 90.791, 132.574 90.931, 132.839 91.112, 133.074 91.331, 133.274 91.583, 133.434 91.861, 133.551 92.161, 133.622 92.474, 133.646 92.794, 133.621 93.115, 133.549 93.428, 133.431 93.727, 133.27 94.005, 133.069 94.256, 132.834 94.474, 132.568 94.655, 132.278 94.794, 131.971 94.888, 131.653 94.935, 131.332 94.935, 131.014 94.886, 130.707 94.791, 130.418 94.651, 130.153 94.47, 129.917 94.251, 129.717 93.999, 129.557 93.721, 129.44 93.421, 129.369 93.108, 129.346 92.788, 129.37 92.467, 129.442 92.154, 129.56 91.855, 129.721 91.577, 129.922 91.326, 130.158 91.108), (135.98221330286046 88.18882656381369, 135.98221330286046 88.1888265638137, 133.074 91.331, 135.98221330286046 88.18882656381369), (133.953 -0.112, 134.061 -0.273, 134.15086617100374 -0.370355018587366, 134.272 -0.424, 134.42 -0.464, 134.572 -0.481, 134.725 -0.476, 134.876 -0.448, 135.02 -0.398, 135.156 -0.327, 135.279 -0.236, 135.388 -0.128, 135.479 -0.005, 135.551 0.13, 135.602 0.275, 135.631 0.425, 135.637 0.578, 135.621 0.73, 135.582 0.879, 135.521 1.019, 135.44 1.149, 135.34 1.265, 135.224 1.366, 135.095 1.448, 134.954 1.509, 134.807 1.549, 134.654 1.567, 134.501 1.562, 134.351 1.534, 134.206 1.483, 134.18729982774346 1.4732374100719552, 134.07 1.348, 133.96 1.188, 133.875 1.014, 133.816 0.828, 133.786 0.636, 133.785 0.442, 133.813 0.25, 133.87 0.064, 133.953 -0.112), (135.475 99.322, 135.477 99.352, 135.419 99.317, 135.475 99.322), (132.32717385987718 112.34592920667076, 132.32717385987718 112.34592920667077, 131.232 111.121, 132.32717385987718 112.34592920667076), (134.0665431029782 110.3457152163016, 134.0665431029782 110.34571521630161, 131.232 111.121, 134.0665431029782 110.3457152163016), (132.34901332741683 83.12006885016224, 132.34901332741683 83.12006885016226, 131.407 83.779, 132.34901332741683 83.12006885016224), (132.05806063890657 112.63505599271824, 131.022 111.308, 132.05806063890657 112.63505599271822, 132.05806063890657 112.63505599271824), (131.375 83.491, 131.438 83.555, 131.5 83.619, 131.36777777777772 83.48366666666661, 131.375 83.491), (131.1246939288565 81.94031325764486, 131.12469392885652 81.94031325764487, 131.245 83.358, 131.1246939288565 81.94031325764486), (131.10312996542558 81.92306032729479, 131.10312996542558 81.9230603272948, 129.36125528800468 85.85288750320979, 131.10312996542558 81.92306032729479), (128.33818545846142 115.54856734932301, 129.24593834513846 115.00143362309507, 128.33818545846177 115.54856734932281, 128.33818545846142 115.54856734932301), (127.352 85.068, 127.333 85.163, 127.422 84.711, 127.352 85.068), (127.271 85.357, 127.20659740259703 85.51857142857239, 127.246 85.419, 127.271 85.357), (125.721 86.445, 126.424 86.455, 126.8194307535479 86.46298850007167, 126.81943292458936 86.46299071214068, 125.721 86.445), (122.599 83.609, 122.702 83.43, 122.831 83.269, 122.982 83.128, 123.152 83.01, 123.337 82.92, 123.534 82.857, 123.738 82.824, 123.944 82.821, 124.149 82.849, 124.347 82.906, 124.535 82.992, 124.708 83.105, 124.862 83.242, 124.995 83.4, 125.103 83.576, 125.184 83.766, 125.236 83.966, 125.259 84.171, 125.25 84.377, 125.212 84.58, 125.144 84.775, 125.048 84.958, 124.926 85.125, 124.781 85.272, 124.623 85.392, 124.441 85.492, 124.234 85.568, 124.029 85.608, 123.811 85.618, 123.589 85.592, 123.371 85.531, 123.234 85.471, 123.11 85.411, 122.934 85.269, 122.787 85.122, 122.666 84.95, 122.565 84.753, 122.502 84.561, 122.466 84.358, 122.461 84.15, 122.483 83.964, 122.529 83.783, 122.599 83.609), (123.315 22.132, 123.18555319148936 22.103234042553193, 123.08 22.026, 122.971 21.918, 122.88 21.795, 122.808 21.659, 122.757 21.515, 122.728 21.364, 122.722 21.211, 122.738 21.059, 122.778 20.911, 122.838 20.77, 122.92 20.64, 123.019 20.524, 123.135 20.424, 123.264 20.342, 123.405 20.28, 123.553 20.24, 123.705 20.223, 123.858 20.228, 124.008 20.256, 124.153 20.306, 124.289 20.377, 124.412 20.468, 124.521 20.576, 124.612 20.699, 124.684 20.834, 124.735 20.979, 124.764 21.129, 124.76477199504336 21.148685873605963, 124.715 21.314, 124.631 21.49, 124.523 21.651, 124.392 21.794, 124.24 21.916, 124.073 22.014, 123.892 22.086, 123.703 22.13, 123.509 22.146, 123.315 22.132), (120.135 112.206, 120.111 111.885, 120.136 111.565, 120.208 111.252, 120.326 110.953, 120.487 110.675, 120.688 110.424, 120.923 110.206, 121.189 110.025, 121.479 109.886, 121.786 109.792, 122.104 109.745, 122.425 109.745, 122.743 109.793, 123.05 109.889, 123.339 110.029, 123.604 110.21, 123.84 110.429, 124.04 110.68, 124.2 110.959, 124.317 111.258, 124.388 111.572, 124.411 111.892, 124.387 112.213, 124.315 112.526, 124.197 112.825, 124.036 113.103, 123.835 113.354, 123.599 113.572, 123.333 113.752, 123.044 113.891, 122.736 113.986, 122.419 114.033, 122.097 114.033, 121.78 113.984, 121.473 113.889, 121.183 113.749, 120.918 113.568, 120.683 113.349, 120.483 113.097, 120.323 112.819, 120.206 112.519, 120.135 112.206), (123.59 85.931, 122.604 85.447, 122.994 85.638, 123.59 85.931), (114.338 92.522, 115.146 92.134, 116.004 91.871, 116.891 91.739, 117.788 91.74, 118.674 91.875, 119.531 92.141, 120.338 92.531, 121.078 93.038, 121.734 93.649, 122.292 94.351, 122.74 95.128, 123.066 95.963, 123.264 96.838, 123.33 97.732, 123.261 98.626, 123.06 99.5, 122.731 100.335, 122.282 101.11, 121.721 101.811, 121.063 102.42, 120.321 102.924, 119.513 103.311, 118.655 103.574, 117.768 103.707, 116.872 103.705, 115.985 103.57, 115.129 103.304, 114.321 102.914, 113.581 102.408, 112.925 101.797, 112.367 101.095, 111.92 100.317, 111.593 99.482, 111.395 98.607, 111.33 97.713, 111.398 96.819, 111.599 95.945, 111.928 95.111, 112.378 94.335, 112.938 93.635, 113.596 93.026, 114.338 92.522), (120.966 82.078, 120.587 81.895, 120.316 81.764, 120.054 81.637, 119.835 81.537, 119.655 81.444, 119.51 81.374, 119.41912280702415 81.329859649126, 120.966 82.078), (120.209 83.216, 120.641 83.756, 120.895 84.075, 120.209 83.216), (119.427 81.697, 119.655 82.267, 119.247 81.247, 119.427 81.697), (117.817 80.555, 119.31305739338336 81.27856157831785, 119.271 81.259, 119.247 81.247, 117.817 80.555), (111.055 85.235, 110.82 85.016, 110.62 84.765, 110.459 84.486, 110.343 84.187, 110.271 83.874, 110.248 83.553, 110.273 83.233, 110.345 82.92, 110.462 82.621, 110.624 82.343, 110.824 82.092, 111.06 81.873, 111.326 81.693, 111.616 81.554, 111.923 81.46, 112.241 81.412, 112.562 81.413, 112.88 81.461, 113.187 81.556, 113.476 81.696, 113.741 81.878, 113.976 82.097, 114.176 82.348, 114.337 82.627, 114.453 82.926, 114.524 83.239, 114.548 83.56, 114.523 83.88, 114.451 84.194, 114.334 84.492, 114.172 84.771, 113.972 85.021, 113.736 85.24, 113.47 85.42, 113.18 85.559, 112.873 85.653, 112.555 85.701, 112.234 85.7, 111.916 85.652, 111.609 85.557, 111.32 85.417, 111.055 85.235), (111.07 109.853, 111.288 109.915, 111.426 109.974, 111.545 110.042, 111.725 110.176, 111.871 110.325, 111.993 110.495, 112.097 110.688, 112.157 110.885, 112.193 111.087, 112.198 111.295, 112.173 111.5, 112.118 111.699, 112.034 111.888, 111.923 112.062, 111.788 112.218, 111.632 112.353, 111.457 112.463, 111.268 112.546, 111.069 112.601, 110.864 112.625, 110.657 112.62, 110.454 112.583, 110.258 112.518, 110.074 112.424, 109.906 112.304, 109.757 112.161, 109.631 111.998, 109.53 111.817, 109.457 111.624, 109.414 111.422, 109.4 111.216, 109.417 111.01, 109.464 110.809, 109.539 110.617, 109.632 110.455, 109.746 110.306, 109.878 110.173, 110.038 110.047, 110.218 109.953, 110.426 109.878, 110.631 109.836, 110.848 109.828, 111.07 109.853), (112.05577761791572 118.04677861879146, 112.05577761791562 118.04677861879144, 112.05577761791565 118.04677861879144, 112.05577761791578 118.04677861879148, 112.05577761791572 118.04677861879146), (111.53 109.718, 111.67057259410336 109.79931448173552, 111.67 109.799, 111.53 109.718), (111.379 77.442, 108.951 76.268, 106.50403950345388 75.08481050468558, 106.50406016299542 75.08480717062658, 111.379 77.442), (109.34184414275104 8.294660447331431, 109.092 9.248, 108.98714252689224 10.226504097389483, 71.85947169406586 22.816886595724444, 71.59849058022154 22.75548325713643, 70.663 22.46, 69.69106792807074 22.306707032622608, 69.03758437467245 22.152956168048743, 110.92234460333806 3.3525143381085383, 110.81 3.568, 110.4868409466153 4.5076200737000685, 110.096 5.417, 109.84599942776758 6.37093644643666, 109.522 7.313, 109.34184414275104 8.294660447331431), (107.63733448406063 48.885978531743795, 107.6210663278272 49.18948132147398, 107.57675792507207 49.47724248661991, 107.51756461577166 49.76873222821686, 107.4275203775438 50.0592139232909, 107.32456261062568 50.339598909898044, 107.19524526782122 50.606161095448996, 107.05338835896438 50.86565544091882, 106.8789689662871 51.1200600580487, 106.70308382909678 51.350848566792884, 106.49875836431234 51.57023487664745, 106.28581734055852 51.777219508128425, 106.04414402730384 51.96890921501699, 105.81173044361663 52.13532881815106, 105.54858246640667 52.286715106198486, 105.27893620699425 52.42381479907047, 105.01454255319157 52.52681914893614, 104.71774210526311 52.62575263157896, 104.42916347165408 52.690596201052, 104.14086597329583 52.74101155305692, 103.83772109320252 52.76335388927821, 103.53461209439527 52.76994321533923, 103.25013924922509 52.74798725749053, 102.94619983518751 52.709546353522875, 102.65052634236656 52.64096229590977, 102.3681119426614 52.560412797559074, 102.09838997581886 52.454173389755994, 101.81422200027747 52.32514859203775, 101.55853087514025 52.17628393310873, 101.31450914831838 52.01830173944915, 101.07624973216193 51.82800032140556, 100.85097826995407 51.627927009332815, 100.65159050359708 51.41130820143879, 100.46012167648237 51.181845560066336, 100.29516864134644 50.93932532388433, 100.13575652318436 50.67739737410677, 100.00685945573541 50.40761281432991, 99.89373934490924 50.13778951967527, 99.80486368148229 49.84780092643652, 99.73209132007234 49.55870524412299, 99.68920727918331 49.27021260541494, 99.65934548805004 48.963871817065005, 99.66033333333334 48.669000000000004, 99.6756683046683 48.37367813267816, 99.72119801980199 48.07469966996692, 99.78094187995976 47.78295048619651, 99.87230953073211 47.48985538175262, 99.96903429856621 47.22515979758223, 100.10476133447388 46.944309238665575, 100.24730904122069 46.684951605556805, 100.4112823984526 46.44578336557062, 100.59586974082804 46.2030663076405, 100.7957896995708 45.988446351931344, 101.01668166849612 45.77424807903406, 101.24265325077413 45.5951124871, 101.49035658652211 45.41774466644095, 101.74833333333345 45.26933333333327, 102.01182529118132 45.13461564059902, 102.29819768670413 45.023048657065, 102.57376610169493 44.93135423728813, 102.86733333333329 44.86500000000001, 103.16384012406598 44.813652474270405, 103.4594938535234 44.79232175217868, 103.7540597665196 44.785414008825335, 104.06019580419574 44.80904195804195, 104.23676051703222 44.83167082511712, 104.062 47.867, 104.193 47.939, 104.312 48.029, 104.416 48.137, 107.62796099136479 48.48491169257714, 107.63783858739583 48.58452473729695, 107.63733448406063 48.885978531743795), (105.68165314454146 109.49352391042599, 105.68165314454144 109.49352391042599, 106.152 109.316, 105.68165314454146 109.49352391042599), (105.39866392973077 110.29642581630706, 105.39866392973076 110.29642581630705, 105.39866392973074 110.29642581630702, 105.39866392973076 110.29642581630704, 105.39866392973077 110.29642581630706), (102.091 100.791, 102.381 100.652, 102.688 100.557, 103.006 100.51, 103.328 100.511, 103.645 100.559, 103.952 100.654, 104.241 100.794, 104.507 100.975, 104.742 101.194, 104.942 101.446, 105.102 101.725, 105.219 102.024, 105.29 102.337, 105.314 102.658, 105.289 102.978, 105.217 103.291, 105.099 103.59, 104.938 103.868, 104.737 104.119, 104.501 104.337, 104.236 104.518, 103.946 104.657, 103.639 104.751, 103.321 104.799, 102.999 104.798, 102.682 104.75, 102.375 104.654, 102.086 104.515, 101.82 104.333, 101.585 104.114, 101.385 103.863, 101.225 103.584, 101.108 103.285, 101.037 102.971, 101.014 102.651, 101.038 102.33, 101.11 102.017, 101.228 101.718, 101.389 101.44, 101.59 101.189, 101.826 100.971, 102.091 100.791), (103.316 89.889, 103.516 89.828, 103.723 89.797, 103.932 89.797, 104.139 89.828, 104.339 89.89, 104.527 89.982, 104.7 90.1, 104.853 90.242, 104.983 90.406, 105.088 90.587, 105.164 90.782, 105.21 90.986, 105.225 91.195, 105.21 91.404, 105.163 91.608, 105.086 91.802, 104.981 91.983, 104.85 92.147, 104.697 92.289, 104.524 92.406, 104.335 92.497, 104.135 92.558, 103.928 92.589, 103.719 92.589, 103.512 92.557, 103.312 92.495, 103.124 92.404, 102.951 92.286, 102.798 92.144, 102.667 91.98, 102.563 91.798, 102.487 91.603, 102.441 91.399, 102.425 91.191, 102.441 90.982, 102.488 90.778, 102.565 90.583, 102.67 90.402, 102.801 90.239, 102.954 90.097, 103.127 89.979, 103.316 89.889), (104.72140524771065 110.2446048616681, 104.72140524771063 110.2446048616681, 104.72140524771062 110.2446048616681, 104.72140524771063 110.24460486166808, 104.72140524771065 110.2446048616681), (97.478 79.793, 98.516 80.295, 99.888 80.958, 100.989 81.491, 96.54158405101144 79.34021609042834, 97.478 79.793), (98.569 78.655, 98.758 78.47, 98.953 78.284, 98.386 78.836, 98.569 78.655), (90.762 94.602, 90.682 95.39, 90.706 95.121, 90.734 94.858, 90.762 94.602), (83.04 73.23, 83.18 73.176, 83.325 73.143, 83.474 73.132, 83.624 73.143, 83.769 73.177, 83.90256377702646 73.22888808603905, 89.31549981778169 75.84619756847772, 89.439 75.918, 89.556 76.012, 89.657 76.121, 89.741 76.245, 89.806 76.38, 89.85 76.523, 89.872 76.67, 89.872 76.82, 89.849 76.968, 89.805 77.11, 89.74 77.245, 89.655 77.368, 89.554 77.478, 89.437 77.571, 89.307 77.645, 89.168 77.7, 89.022 77.733, 88.873 77.744, 88.724 77.732, 88.578 77.699, 88.439 77.644, 83.038 75.032, 82.908 74.957, 82.792 74.864, 82.69 74.754, 82.606 74.63, 82.541 74.496, 82.498 74.353, 82.476 74.205, 82.476 74.055, 82.498 73.908, 82.543 73.765, 82.608 73.63, 82.692 73.507, 82.794 73.398, 82.911 73.305, 83.04 73.23), (85.011 28.629, 85.59387562889572 28.04612437110428, 87.23405609222064 28.007593688835957, 86.908 28.235, 86.29575464304968 28.815089166028752, 82.39298360559543 28.664705481628005, 82.21242841440048 28.51868975376979, 85.011 28.629), (85.511 68.654, 85.615 68.835, 85.691 69.03, 85.738 69.234, 85.753 69.443, 85.73757252506265 69.64355717418546, 85.125 69.124, 84.217 68.238, 84.05723027003835 68.07300903703306, 84.25 68.044, 84.46 68.044, 84.667 68.076, 84.866 68.138, 85.055 68.229, 85.228 68.347, 85.381 68.49, 85.511 68.654), (77.252 85.008, 77.381 84.934, 77.521 84.879, 77.666 84.846, 77.815 84.835, 77.964 84.847, 78.11 84.88, 78.249 84.935, 83.651 87.547, 83.78 87.622, 83.897 87.715, 83.998 87.825, 84.082 87.949, 84.147 88.083, 84.191 88.226, 84.213 88.374, 84.213 88.523, 84.19 88.671, 84.146 88.814, 84.081 88.949, 83.996 89.072, 83.894 89.181, 83.777 89.274, 83.648 89.349, 83.509 89.403, 83.363 89.436, 83.214 89.447, 83.065 89.436, 82.919 89.402, 82.78 89.347, 79.8301098633967 87.92120156485169, 77.37330592765912 86.7332708881739, 77.249 86.661, 77.132 86.567, 77.031 86.458, 76.947 86.334, 76.882 86.199, 76.838 86.056, 76.816 85.908, 76.817 85.759, 76.839 85.611, 76.883 85.468, 76.949 85.334, 77.033 85.211, 77.135 85.101, 77.252 85.008), (83.94 104.896, 83.9381168555531 104.90259100556416, 83.93803974797181 104.90255372288824, 83.964 104.8, 83.953 104.845, 83.945 104.877, 83.94 104.896), (83.655 68.227, 83.7358384143378 68.18787076752798, 83.60853164195802 70.62278766123124, 83.478 70.533, 83.325 70.391, 83.195 70.227, 83.091 70.046, 83.014 69.851, 82.968 69.647, 82.953 69.438, 82.969 69.229, 83.016 69.026, 83.093 68.831, 83.197 68.65, 83.328 68.486, 83.482 68.344, 83.655 68.227), (81.493 71.625, 81.40835135135136 71.49750450450452, 81.437 71.54, 81.493 71.625), (81.20700000000095 71.878812499999, 81.273 71.808, 81.22 71.865, 81.20700000000095 71.878812499999), (81.129 71.037, 81.149 71.082, 81.10169902912612 70.97782524271825, 81.108 70.991, 81.129 71.037), (81.175 71.127, 81.18687499999997 71.14837499999994, 81.149 71.082, 81.175 71.127), (81.02201990049755 70.78335323383097, 80.96330746268642 70.62810746268619, 80.986 70.687, 81.02201990049755 70.78335323383097), (80.902 70.466, 80.86917647058834 70.31647058823576, 80.878 70.356, 80.902 70.466), (80.77 69.733, 80.772 69.814, 80.76744578313253 69.66403614457836, 80.77 69.733), (80.78 69.865, 80.788 69.915, 80.79216083916083 69.94472027972017, 80.772 69.814, 80.78 69.865), (80.76667256637168 69.6385752212393, 80.76272289156618 69.50851807228702, 80.765 69.57, 80.76667256637168 69.6385752212393), (19.086 68.325, 19.12 68.37, 19.156 68.413, 19.192 68.456, 19.353 68.636, 19.378 68.664, 19.404 68.692, 19.431 68.719, 19.619 68.907, 19.66 68.947, 19.703 68.986, 19.747 69.024, 20.137 69.347, 20.196 69.394, 20.258 69.439, 20.321 69.482, 20.747 69.756, 20.8 69.789, 20.855 69.82, 20.91 69.85, 21.244 70.02, 21.271 70.034, 21.3 70.047, 21.328 70.06, 26.802 72.518, 26.83 72.53, 26.858 72.542, 26.886 72.553, 27.229 72.687, 27.286 72.709, 27.345 72.728, 27.404 72.746, 27.883 72.881, 27.955 72.9, 28.028 72.916, 28.101 72.929, 28.593 73.007, 28.667 73.017, 28.741 73.024, 28.815 73.028, 29.313 73.047, 29.369 73.048, 29.426 73.048, 29.483 73.046, 29.743 73.032, 29.754 73.031, 29.765 73.031, 29.775 73.03, 32.383 74.291, 32.328 73.441, 32.75889947014724 80.09195553303555, 15.923889853802278 72.64539360544461, 15.524003528973685 66.83958312523167, 17.680716863708476 66.95216702542483, 18.819 67.384, 18.688 67.774, 18.719 67.823, 18.751 67.871, 18.785 67.918, 19.086 68.325), (32.211 71.638, 47.402 78.608, 47.53 78.858, 47.805 79.283, 47.969 79.492, 48.318 79.861, 48.499 80.021, 48.907 80.321, 49.134 80.459, 49.468 80.629, 54.941 83.086, 55.284 83.22, 55.763 83.355, 56.019 83.403, 56.515 83.45, 57.013 83.438, 57.248 83.412, 57.683 83.326, 71.089 89.477, 71.103 89.812, 71.133 90.013, 71.232 90.464, 71.395 90.895, 71.479 91.08, 71.719 91.475, 71.836 91.641, 71.967 91.796, 72.289 92.127, 72.447 92.255, 72.824 92.521, 73.235 92.73, 73.422 92.81, 73.615 92.872, 74.063 92.984, 74.522 93.031, 74.725 93.038, 75.185 93, 75.386 92.969, 75.583 92.92, 76.022 92.78, 76.437 92.578, 76.614 92.477, 77 92.189, 77.21 92.286, 77.401 95.235, 77.456 96.086, 79.473 97.061, 78.371 99.34, 77.664 99.284, 77.67377102000103 99.43606149876592, 77.673 99.436, 77.728 100.276, 75.872 100.128, 75.15271428570676 100.07085714285655, 73.77852075471763 99.96118867924534, 73.604 99.947, 73.3 99.923, 69.539 98.292, 66.183 96.837, 60.739 94.477, 60.67 94.468, 60.62 94.462, 60.6187804878052 94.46187804878052, 60.58 94.457, 54.696 93.746, 32.999 83.79, 32.897 82.213, 32.87814759036147 81.92236144578357, 32.878 81.92, 32.87278723404189 81.839723404245, 32.84900918580368 81.47314864300509, 32.849 81.473, 32.84899122510975 81.47287175160412, 32.82464792332264 81.09758274760314, 32.824 81.087, 32.823318048422635 81.07708070432929, 32.328 73.441, 32.211 71.638), (60.671070325229735 94.46845538682135, 60.67107032522973 94.46845538682135, 60.67 94.468, 60.671070325229735 94.46845538682135), (32.896 82.206, 32.895 82.187, 32.893 82.156, 32.89 82.112, 32.88106896551726 81.96910344827614, 32.897 82.213, 32.896 82.206), (73.528 88.648, 73.658 88.484, 73.812 88.342, 73.985 88.225, 74.174 88.134, 74.374 88.073, 74.581 88.042, 74.79 88.042, 74.997 88.074, 75.197 88.136, 75.385 88.227, 75.558 88.345, 75.711 88.488, 75.841 88.652, 75.945 88.833, 76.022 89.028, 76.068 89.232, 76.083 89.441, 76.067 89.649, 76.02 89.853, 75.943 90.048, 75.839 90.229, 75.708 90.392, 75.554 90.534, 75.381 90.652, 75.192 90.742, 74.992 90.804, 74.785 90.835, 74.576 90.834, 74.369 90.803, 74.17 90.741, 73.981 90.65, 73.808 90.532, 73.655 90.389, 73.525 90.225, 73.421 90.044, 73.345 89.849, 73.298 89.645, 73.283 89.436, 73.299 89.227, 73.346 89.024, 73.423 88.829, 73.528 88.648), (65.512 77.626, 65.598 78.005, 65.74 78.367, 65.933 78.704, 66.175 79.008, 66.46 79.273, 66.78 79.492, 67.13 79.662, 67.501 79.777, 67.885 79.835, 68.274 79.836, 68.658 79.779, 69.03 79.665, 69.38 79.497, 69.702 79.278, 69.987 79.014, 70.23 78.711, 70.425 78.375, 72.83095455602388 73.39885112830243, 73.15929581403584 73.27255919730621, 74.01622727895615 73.01471141210735, 70.8 79.667, 70.563 80.081, 70.45688034188032 80.21921082621085, 70.23603591394206 80.49543520243944, 70.09634760705293 80.63306926952137, 69.87428344224858 80.83836296354623, 69.70782528263103 80.96342446043165, 69.46270857142866 81.13023999999994, 69.2749305135951 81.23401208459218, 69.01768554627053 81.35718446301453, 68.80952146536916 81.4376433886663, 68.54712534469795 81.51846139383304, 68.326687150838 81.57119553072626, 68.04329234737747 81.61340326741187, 67.83204634037183 81.63386077545873, 67.5286687064783 81.63328181050855, 67.33157421525473 81.6254475106482, 67.00141791044757 81.57499809463319, 66.83699650869595 81.5456121419797, 66.42940328528374 81.41900502849495, 66.39302357615892 81.40722569536423, 66.20672720187069 81.29996414653161, 65.99244268978072 81.15835818887041, 65.75404512832286 80.97146299592349, 65.56160144660126 80.802430954314, 65.35166862996158 80.58290729833546, 65.18434607870496 80.38941138710574, 65.00861752756822 80.14381485780619, 64.86806392008357 79.92779622616871, 64.73242826987095 79.66632369895274, 64.61788107202678 79.42248073701839, 64.52100676437432 79.14325479143189, 64.44408161247163 78.89690553196438, 64.38206658227845 78.57829620253149, 64.34390648991992 78.35185169842592, 64.32773075345274 78.03391480924368, 64.32083799542983 77.78255890000787, 64.33940680926285 77.5868986209154, 64.34991489868888 77.4761744934449, 64.37649220995311 77.2311226743306, 64.46784311377252 76.85060838323328, 64.50742537366801 76.6913797468355, 64.7101395775049 76.1812316793597, 65.43284482483904 74.6864603056239, 66.392 74.693, 66.43133477751081 74.68734205189591, 65.743 76.111, 65.601 76.473, 65.514 76.851, 65.484 77.239, 65.512 77.626), (69.945 83.141, 69.29553533189318 82.82705995716736, 69.49 82.921, 69.945 83.141), (67.664 82.038, 68.196 82.295, 68.45282184655453 82.41970676202888, 66.575 81.512, 67.111 81.771, 67.664 82.038), (68.32126361597128 76.98078920293106, 68.32301588904856 76.97885268637586, 68.3228097686375 76.9792750642674, 68.32105369127517 76.98122250903458, 68.32126361597128 76.98078920293106), (58.001 78.712, 58.04171727748763 78.62169633507693, 57.941962025316435 78.84400000000005, 58.001 78.712), (50.647 77.65, 50.531 77.565, 50.429 77.464, 50.342 77.349, 50.272 77.223, 50.221 77.088, 50.189 76.947, 50.178 76.804, 50.187 76.66, 50.217 76.519, 50.266 76.383, 50.276 76.388, 50.42 76.141, 50.548 76.015, 50.636 75.951, 50.762 75.881, 50.826 75.854, 50.936 75.819, 51.014 75.802, 51.086 75.792, 51.218 75.787, 51.349 75.8, 51.478 75.83, 51.602 75.876, 51.598 75.885, 57.071 78.342, 57.075 78.333, 57.202 78.401, 57.318 78.487, 57.421 78.588, 57.481 78.663, 57.505 78.646, 57.541 78.698, 57.515 78.714, 57.553 78.78, 57.598 78.875, 57.642 79.012, 57.666 79.146, 57.672 79.248, 57.67 79.318, 57.662 79.392, 57.574 79.664, 57.583 79.668, 57.515 79.795, 57.429 79.911, 57.328 80.014, 57.213 80.101, 57.087 80.171, 56.952 80.222, 56.812 80.254, 56.668 80.265, 56.524 80.255, 56.383 80.226, 56.248 80.176, 56.252 80.167, 50.778 77.709, 50.774 77.719, 50.647 77.65), (50.907161691542946 74.98214241293387, 50.91550918173487 74.96354910700843, 50.95115909090855 74.88414204545577, 50.933 74.925, 50.907161691542946 74.98214241293387), (36.28669760322188 24.227411780530364, 37.071 24.209, 36.9705223180951 24.336243104292667, 36.28669760322188 24.227411780530364), (32.864764331210154 81.719487261146, 32.86 81.651, 32.854895781637694 81.56840446650094, 32.864764331210154 81.719487261146), (32.841591029023796 81.36471503957864, 32.836 81.283, 32.832209302325545 81.22108527131722, 32.841591029023796 81.36471503957864), (30.673717277486674 66.33469633507906, 30.573962025317662 66.5569999999973, 30.633 66.425, 30.673717277486674 66.33469633507906), (23.314 63.195, 23.224 63.395, 23.112 63.645, 22.907 64.1, 23.544803370786337 62.68066292134873, 23.513 62.753, 23.42 62.959, 23.314 63.195), (23.052 63.853, 23.18 63.728, 23.268 63.664, 23.394 63.594, 23.457 63.567, 23.568 63.532, 23.646 63.515, 23.717 63.505, 23.849 63.5, 23.981 63.513, 24.11 63.542, 24.233 63.588, 24.229 63.598, 29.703 66.055, 29.707 66.046, 29.834 66.114, 29.95 66.2, 30.053 66.301, 30.112 66.376, 30.137 66.358, 30.173 66.411, 30.147 66.427, 30.185 66.493, 30.23 66.588, 30.274 66.725, 30.298 66.859, 30.304 66.961, 30.302 67.031, 30.294 67.105, 30.206 67.377, 30.215 67.381, 30.147 67.508, 30.061 67.624, 29.96 67.727, 29.845 67.814, 29.719 67.884, 29.584 67.935, 29.444 67.966, 29.3 67.978, 29.156 67.968, 29.015 67.939, 28.88 67.889, 28.884 67.88, 23.41 65.422, 23.406 65.432, 23.279 65.363, 23.163 65.278, 23.061 65.176, 22.973 65.062, 22.904 64.936, 22.852 64.801, 22.821 64.66, 22.81 64.516, 22.819 64.373, 22.849 64.232, 22.898 64.096, 22.907 64.1, 23.052 63.853), (30.359 67.035, 30.445 66.843, 30.510679935011535 66.6980235580843, 30.206 67.377, 30.359 67.035), (30.332 67.033, 30.334 66.961, 30.359 67.035, 30.332 67.033), (30.482 81.013, 30.479666666666652 80.99666666666657, 30.489 81.05, 30.485 81.032, 30.482 81.013), (29.704 72.292, 29.803 72.282, 29.77 72.286, 29.737 72.29, 29.704 72.292), (29.444 72.306, 29.409 72.307, 29.375 72.307, 29.341 72.306, 29.444 72.306), (28.798 72.285, 28.753 72.281, 28.708 72.274, 28.843 72.287, 28.798 72.285), (28.172 72.189, 28.128 72.179, 28.084 72.168, 28.217 72.197, 28.172 72.189), (27.569 72.022, 27.534 72.01, 27.499 71.997, 27.605 72.033, 27.569 72.022), (27.139 71.856, 27.122 71.849, 27.105 71.841, 27.157 71.863, 27.139 71.856), (21.614 69.376, 21.597 69.368, 21.58 69.359, 21.632 69.384, 21.614 69.376), (21.18 69.152, 21.148 69.132, 21.247 69.189, 21.213 69.171, 21.18 69.152), (20.646 68.805, 20.61 68.777, 20.722 68.858, 20.683 68.832, 20.646 68.805), (20.168 68.407, 20.142 68.382, 20.22 68.453, 20.193 68.43, 20.168 68.407), (19.922 68.161, 19.907 68.144, 19.954 68.195, 19.938 68.178, 19.922 68.161), (19.724 67.938, 19.703 67.912, 19.682 67.885, 19.747 67.964, 19.724 67.938), (19.322 67.39, 19.381 67.477, 19.361 67.448, 19.341 67.419, 19.322 67.39), (19.129 67.059, 19.185 67.162, 19.085 67.103, 19.129 67.059), (15.352140689655174 74.00894896551726, 15.358 74.104, 15.365 74.21, 15.374 74.35, 15.38 74.436, 15.382 74.466, 15.765 80.379, -18.921 64.463, -24.48348209352991 59.482869154099156, -0.7152834589535063 61.02552290360959, 14.977 68.226, 15.294 73.119, 15.335815602836878 73.75906382978718, 15.336 73.762, 15.336494296577955 73.769452471483, 15.352140689655174 74.00894896551726), (15.309 73.34, 15.323 73.555, 15.326806629834275 73.61561325966883, 15.30736681222708 73.31609606986909, 15.309 73.34), (-4.395 52.774, -4.465 52.648, -4.516 52.514, -4.548 52.373, -4.559 52.229, -4.549 52.085, -4.52 51.944, -4.47 51.809, -4.461 51.813, -4.316 51.566, -4.188 51.441, -4.1 51.377, -3.974 51.307, -3.911 51.28, -3.801 51.245, -3.723 51.228, -3.651 51.218, -3.519 51.213, -3.387 51.226, -3.259 51.255, -3.135 51.301, -3.139 51.311, 1.6247218480150813 53.449192287280425, 0.1620862014999458 54.98538770021686, -3.958 53.135, -3.962 53.144, -4.089 53.076, -4.205 52.99, -4.308 52.889, -4.395 52.774), (-21.581 51.926, -29.839676930240262 50.38656309003346, -29.866665508526456 49.970822367112504, -24.088 51.047, -23.992 50.968, -23.507221315163076 50.56733643602109, -0.9655990756824008 60.91066442110513, -21.222 59.593, -21.054583221161295 56.39142125914408, -19.492 56.662, -21.581 51.926), (-4.144 51.108, -4.177682692307379 51.182519230768534, -3.9234285714286465 50.61671428571445, -3.948 50.672, -4.054 50.908, -4.144 51.108), (-29.601809523809557 54.05995238095191, -29.606348489871834 53.989598406986616, -28.287708627999262 54.62409575125904, -29.57047838850306 54.540598238657786, -29.573411764705888 54.50011764705877, -29.574461538461538 54.483846153846194, -29.58 54.386, -29.588 54.272, -29.595 54.16, -29.601809523809557 54.05995238095191), (-28.468 224.933, -28.451753846153903 224.8446307692311, -28.452 224.846, -28.468 224.933), (-29.574264126149803 54.487333771353484, -29.573638228941686 54.496992440604735, -29.574 54.492, -29.574264126149803 54.487333771353484), (-29.606523634635263 53.98951413159766, -29.60493171402383 54.01408020164986, -29.606606462843516 53.98947427668375, -29.606523634635263 53.98951413159766), (-30.233653746044133 225.10528211898213, -30.26854024767808 225.0891671826625, -30.027 225.177, -30.233653746044133 225.10528211898213), (-34.278 217.976, -34.111 217.852, -33.947 217.763, -33.772 217.696, -33.59 217.653, -33.384 217.635, -33.178 217.647, -32.976 217.689, -32.782 217.76, -32.601 217.859, -32.436 217.984, -32.292 218.131, -32.17 218.298, -32.075 218.482, -32.008 218.677, -31.97 218.88, -31.962 219.086, -31.985 219.291, -32.038 219.491, -32.119 219.681, -32.228 219.856, -32.361 220.014, -32.516 220.151, -32.69 220.263, -32.878 220.348, -33.076 220.405, -33.281 220.432, -33.487 220.429, -33.691 220.395, -33.88 220.335, -34.067 220.244, -34.248 220.118, -34.399 219.974, -34.533 219.801, -34.64 219.606, -34.715 219.392, -34.745 219.245, -34.768 219.109, -34.759 219.108, -34.753 218.884, -34.718 218.679, -34.647 218.481, -34.544 218.285, -34.423 218.122, -34.278 217.976), (-32.236 189.188, -32.262666930379694 189.09574683544324, -32.184 189.366, -32.236 189.188), (-32.774 222.586, -32.586 222.541, -32.391 222.494, -32.326 222.479, -32.774 222.586), (-32.382014935506376 188.68573749716924, -32.443 188.477, -32.564484889105145 188.05887838167328, -32.382014935506376 188.68573749716924), (-33.155992031875 222.61937051792842, -33.114 222.617, -32.976 222.61, -33.155992031875 222.61937051792842), (-33.29618006430838 222.62666881028937, -33.437 222.634, -33.347 222.629, -33.29618006430838 222.62666881028937), (-33.489 214.2, -33.51597973750864 214.00728758922403, -33.44503939357766 214.4367878118658, -33.489 214.2), (-33.49011344810574 222.74783162453085, -33.49011366481097 222.7478328134091, -34.108 221.839, -33.711 222.42, -33.49011344810574 222.74783162453085), (-33.5588831478537 213.74753378378404, -33.569 213.688, -33.579 213.626, -33.587 213.579, -33.5894388398487 213.56253783102133, -33.5588831478537 213.74753378378404), (-36.629 228.17, -36.317 228.094, -35.997 228.066, -35.676 228.085, -35.362 228.152, -35.061 228.265, -34.78 228.422, -34.526 228.619, -34.304 228.851, -34.12 229.114, -33.976 229.402, -33.877 229.707, -33.825 230.024, -33.82 230.346, -33.864 230.664, -33.954 230.973, -34.089 231.264, -34.266 231.532, -34.482 231.771, -34.73 231.975, -35.006 232.139, -35.303 232.261, -35.616 232.337, -35.936 232.365, -36.256 232.346, -36.571 232.279, -36.871 232.166, -37.152 232.009, -37.406 231.812, -37.628 231.58, -37.813 231.317, -37.956 231.029, -38.055 230.724, -38.108 230.407, -38.112 230.085, -38.069 229.767, -37.979 229.459, -37.843 229.167, -37.666 228.899, -37.451 228.661, -37.202 228.457, -36.926 228.292, -36.629 228.17), (-35.44697025700192 49.3415928154052, -35.26507922598801 48.9654601278147, -33.862503359610464 49.22666589817745, -33.83387179901522 49.642112734491285, -35.44697025700192 49.3415928154052), (-34.274 189.388, -34.283 189.386, -34.345 189.342, -34.403 189.293, -34.457 189.24, -34.454 189.237, -34.399 189.293, -34.338 189.343, -34.274 189.388), (-34.646 215.474, -34.838 216.138, -34.952 216.529, -34.646 215.474), (-34.766 176.171, -34.72970731707295 176.18914634146353, -34.813489361702665 176.1482051063827, -34.766 176.171), (-35.049 176.033, -34.942 176.085, -34.9061300813007 176.10293495934965, -35.69484121100076 175.71752054371188, -35.593 175.767, -35.394 175.864, -35.196 175.961, -35.049 176.033), (-35.095 218.126, -35.089 218.717, -35.101 217.618, -35.095 218.126), (-35.02 219.145, -34.916 219.802, -35.089 218.717, -35.02 219.145), (-40.749 176.809, -35.03213419193998 179.60251391774003, -35.038 179.6, -35.045 179.597, -35.052 179.593, -40.749 176.809), (-35.456 202.269, -35.709 200.74, -36.014 198.894, -35.456 202.269), (-38.26508291382544 48.40676074252117, -36.399 49.608, -38.265082913825445 48.40676074252117, -38.26508291382544 48.40676074252117), (-40.91 207.731, -40.662 207.527, -40.386 207.363, -40.089 207.241, -39.776 207.165, -39.456 207.137, -39.135 207.156, -38.821 207.223, -38.52 207.336, -38.24 207.493, -37.986 207.69, -37.764 207.922, -37.579 208.185, -37.436 208.473, -37.337 208.778, -37.284 209.095, -37.28 209.417, -37.323 209.735, -37.413 210.043, -37.549 210.335, -37.726 210.603, -37.941 210.842, -38.189 211.045, -38.465 211.21, -38.763 211.332, -39.075 211.408, -39.395 211.436, -39.716 211.417, -40.03 211.35, -40.331 211.237, -40.611 211.08, -40.865 210.883, -41.087 210.651, -41.272 210.388, -41.416 210.1, -41.515 209.795, -41.567 209.478, -41.572 209.156, -41.528 208.838, -41.438 208.529, -41.303 208.238, -41.125 207.97, -40.91 207.731), (-38.84985586184599 53.93658888221025, -40.81 53.809, -42.511 53.692, -42.7459868715358 58.19274854801118, -57.48883420252751 57.23339311626295, -58.81524224129822 50.31404619852605, -54.469 45.749, -51.39648191916923 45.96126223127828, -47.36526661356438 46.712007146145645, -44.318461811204365 48.059578381626416, -38.84985586184599 53.93658888221025), (-39.01 237.232, -39.034 237.251, -39.038 237.182, -39.01 237.232), (-39.782257110162675 47.4301218206535, -40.94211906746445 46.6834927689406, -40.942119067464446 46.6834927689406, -39.78225711016267 47.4301218206535, -39.782257110162675 47.4301218206535), (-40.637 148.546, -40.8 148.633, -40.92299902439922 148.69850243902917, -40.496473598434996 148.47013298565815, -40.637 148.546), (-40.591 146.803, -40.971232876712065 147.006315068493, -40.88 146.957, -40.775 146.901, -40.678 146.849, -40.591 146.803), (-41.03528124999975 147.04056249999985, -41.268 147.165, -41.1 147.075, -41.03528124999975 147.04056249999985), (-41.78030769230805 139.60815384615168, -41.772 139.658, -41.7 140.094, -41.78030769230805 139.60815384615168), (-41.83132583574001 140.16430076351585, -41.849 140.174, -41.87721742919582 140.18886724764081, -41.83132583574001 140.16430076351585), (-42.044 138.559, -41.961 138.515, -42.1067642163649 138.59304160887586, -42.044 138.559), (-53.399 218.555, -52.904 217.807, -52.304 217.141, -51.611 216.572, -50.84 216.112, -50.01 215.773, -49.139 215.561, -48.246 215.481, -47.351 215.536, -46.474 215.723, -45.634 216.038, -44.851 216.476, -44.142 217.025, -43.523 217.674, -43.008 218.407, -42.607 219.21, -42.331 220.063, -42.184 220.947, -42.172 221.844, -42.293 222.733, -42.545 223.593, -42.922 224.407, -43.417 225.155, -44.017 225.821, -44.71 226.39, -45.481 226.849, -46.311 227.188, -47.182 227.4, -48.075 227.48, -48.97 227.426, -49.847 227.239, -50.687 226.923, -51.47 226.486, -52.179 225.937, -52.798 225.288, -53.314 224.554, -53.714 223.752, -53.991 222.899, -54.137 222.014, -54.15 221.117, -54.028 220.229, -53.776 219.368, -53.399 218.555), (-42.63457068063123 138.87562718902487, -42.73330113977011 138.92848710257843, -42.688 138.904, -42.63457068063123 138.87562718902487), (-44.857 177.086, -44.677 176.979, -44.484 176.9, -44.28 176.85, -44.072 176.832, -43.863 176.845, -43.658 176.888, -43.463 176.962, -43.28 177.064, -43.114 177.192, -42.97 177.343, -42.85 177.515, -42.756 177.702, -42.692 177.901, -42.658 178.107, -42.655 178.317, -42.683 178.524, -42.742 178.725, -42.83 178.914, -42.945 179.089, -43.085 179.244, -43.247 179.377, -43.427 179.484, -43.62 179.564, -43.824 179.613, -44.032 179.632, -44.241 179.619, -44.446 179.575, -44.641 179.502, -44.824 179.4, -44.99 179.271, -45.134 179.12, -45.254 178.949, -45.348 178.762, -45.412 178.563, -45.446 178.356, -45.449 178.147, -45.421 177.94, -45.362 177.739, -45.274 177.549, -45.159 177.375, -45.019 177.219, -44.857 177.086), (-42.866 195.26, -43.643 195.115, -43.39 195.16, -43.13 195.208, -42.866 195.26), (-43.009 137.612, -43.041 137.564, -43.073 137.516, -43.104 137.469, -43.136 137.421, -43.017 137.594, -43.009 137.612), (-49.136 179.547, -49.028 179.443, -48.905 179.357, -48.772 179.291, -48.629 179.245, -48.482 179.22, -48.333 179.218, -48.184 179.238, -48.041 179.28, -47.905 179.343, -47.781 179.426, -47.67 179.526, -47.575 179.641, -47.498 179.77, -47.442 179.908, -47.407 180.053, -46.428 185.973, -46.415 186.122, -46.424 186.271, -46.455 186.417, -46.508 186.557, -46.58 186.687, -46.672 186.806, -46.78 186.909, -46.902 186.995, -47.036 187.062, -47.178 187.108, -47.326 187.132, -47.475 187.134, -47.623 187.114, -47.767 187.072, -47.902 187.009, -48.027 186.927, -48.138 186.826, -48.233 186.711, -48.309 186.583, -48.366 186.444, -48.401 186.299, -49.38 180.379, -49.393 180.23, -49.384 180.081, -49.353 179.935, -49.3 179.795, -49.227 179.665, -49.136 179.547), (-44.948 194.924, -44.76 196.062, -44.74782675649784 196.13582483156154, -46.428 185.973, -44.948 194.924), (-44.929 194.927, -44.296378812623175 195.0445497992913, -44.287245395469235 195.04667174092555, -44.948 194.924, -44.929 194.927), (-46.457 235.093, -46.335 235.025, -46.211 234.971, -46.076 234.928, -45.943 234.899, -45.743 234.88, -45.539 234.891, -45.321 234.936, -45.112 235.016, -44.913 235.132, -44.801 235.219, -44.704 235.311, -44.613 235.416, -44.532 235.53, -44.436 235.71, -44.366 235.902, -44.326 236.103, -44.315 236.307, -44.333 236.51, -44.382 236.709, -44.458 236.898, -44.562 237.074, -44.69 237.234, -44.839 237.373, -45.008 237.489, -45.191 237.579, -45.386 237.641, -45.587 237.674, -45.792 237.678, -45.994 237.652, -46.191 237.596, -46.378 237.513, -46.55 237.403, -46.705 237.27, -46.838 237.115, -46.948 236.942, -47.031 236.756, -47.086 236.559, -47.112 236.356, -47.108 236.152, -47.075 235.95, -47.014 235.761, -46.924 235.575, -46.796 235.392, -46.641 235.231, -46.457 235.093), (-44.454 130.43, -44.422 130.477, -44.391 130.523, -44.359 130.57, -44.363 130.572, -44.485 130.382, -44.454 130.43), (-45.726937162230065 46.54641885949608, -46.24088469971764 46.3174321676573, -46.24088469971763 46.3174321676573, -45.72693716223007 46.54641885949607, -45.726937162230065 46.54641885949608), (-48.272 159.289, -46.11 173.497, -45.863 175.121, -48.272 159.289), (-46.291 175.423, -46.356 175.472, -46.421 175.521, -46.053 175.243, -46.161 175.325, -46.226 175.374, -46.291 175.423), (-46.879 176.002, -46.946 176.102, -47.0040344827589 176.18641379310387, -46.879 176.002), (-46.568 175.662, -46.647 175.749, -46.726 175.835, -46.803 175.919, -46.879 176.002, -46.568 175.662), (-46.49351999999871 175.59055999999876, -46.495 175.592, -46.531 175.627, -46.568 175.662, -46.49351999999871 175.59055999999876), (-47.62400891021604 124.8697395476231, -47.213 126.281, -47.21 126.292, -46.611 128.351, -47.62400891021604 124.8697395476231), (-47.138 176.384, -47.164 176.429, -47.16813636363667 176.43600000000052, -47.138 176.384), (-47.0169090909089 176.20540259740233, -47.075 176.293, -47.138 176.384, -47.0169090909089 176.20540259740233), (-47.22 167.856, -47.224 167.76, -47.2 168.256, -47.22 167.856), (-47.211022727272784 176.5100000000001, -47.215 176.517, -47.24 176.56, -47.211022727272784 176.5100000000001), (-47.315 169.435, -47.436 169.917, -47.406 169.797, -47.376 169.677, -47.346 169.556, -47.315 169.435), (-47.313 169.423, -47.311 169.411, -47.306 169.386, -47.28 169.247, -47.315 169.435, -47.313 169.423), (-47.288 169.252, -47.269 169.117, -47.25 168.983, -47.2479319727894 168.968306122451, -47.306 169.386, -47.288 169.252), (-47.559 170.271, -47.536748743718164 170.20750251256158, -47.599 170.387, -47.559 170.271), (-47.9774007857237 123.65498708352902, -47.638 124.821, -47.635138770541666 124.83149117468054, -47.977484627227646 123.65500093861556, -47.9774007857237 123.65498708352902), (-50.53321896675904 46.020899999271144, -48.63065920856441 46.15233668045268, -47.75869993315835 46.537995531041894, -50.53321896675904 46.020899999271144), (-48.0378861788618 130.0518292682927, -48.038 130.052, -52.001591252227456 134.77651278172922, -52.00159125269312 134.77651277866926, -48.0378861788618 130.0518292682927), (-48.25164102564088 171.5889999999998, -48.28323076923096 171.63300000000027, -48.268 171.611, -48.25164102564088 171.5889999999998), (-48.67 164.478, -48.893 164.237, -48.555 164.602, -48.433 164.75, -48.67 164.478), (-48.85 160.545, -48.715 160.33, -48.644 160.218, -48.914 160.647, -49.01295117540587 160.76852441229533, -48.998 160.75, -48.85 160.545), (-48.815 171.533, -48.876 171.165, -48.9343545454537 170.80891818182332, -48.77414285714354 171.77880184331386, -48.815 171.533), (-51.038 205.35, -50.835 205.3, -50.627 205.282, -50.418 205.294, -50.213 205.338, -50.017 205.412, -49.835 205.514, -49.669 205.642, -49.525 205.793, -49.404 205.964, -49.311 206.152, -49.246 206.351, -49.212 206.557, -49.209 206.766, -49.238 206.974, -49.296 207.174, -49.384 207.364, -49.5 207.539, -49.64 207.694, -49.802 207.827, -49.981 207.934, -50.175 208.013, -50.378 208.063, -50.587 208.081, -50.796 208.069, -51 208.025, -51.196 207.951, -51.379 207.849, -51.544 207.721, -51.689 207.57, -51.809 207.399, -51.903 207.212, -51.967 207.012, -52.001 206.806, -52.004 206.597, -51.976 206.389, -51.917 206.189, -51.829 205.999, -51.714 205.824, -51.573 205.669, -51.412 205.536, -51.232 205.429, -51.038 205.35), (-63.03952961146759 172.26902414183309, -63.197318712349336 172.12974661144585, -63.401101341054584 171.91636757086252, -63.53900712333304 171.75584701399822, -63.708690478717784 171.51456968474682, -63.8202268907563 171.3425462184874, -63.96121428571436 171.06057142857128, -64.041133810076 170.8896544259761, -64.16707481481504 170.50009777777706, -64.18203793200337 170.45204720427085, -64.20195970241785 170.23444017358963, -64.20943804223278 169.97877443116704, -64.19530199685889 169.69100493605575, -64.16574780701755 169.41380701754395, -64.1102446091644 169.13124528301876, -64.04832723501207 168.87979457272075, -63.944320347876115 168.5816046143895, -63.853908190203 168.35535153016318, -63.76412876453837 168.1822786449466, -63.71059341469409 168.07907551806048, -63.585620787908816 167.8595664023786, -63.41442325402915 167.6203023791251, -63.25037392650581 167.40649634865923, -63.05409764433069 167.20177273282087, -62.85956631527329 167.00924172591317, -62.615422287390444 166.81880938416455, -62.41940534134001 166.67202043826376, -62.123794625300256 166.5024175223945, -61.932983127904684 166.39663290563752, -61.60373273169134 166.26555397431486, -61.41106716435702 166.19090077992698, -60.87558339324218 166.06257764198418, -57.4155 165.4905, -53.962 164.92, -53.40842139305888 164.86834565815514, -53.211959927139986 164.87626168791743, -52.84343970767349 164.89501096224117, -52.62551898734154 164.93463291139244, -52.30312328767127 164.99738493150684, -52.06516455696146 165.07472151898753, -51.763943739011644 165.1803444032037, -51.56062936010046 165.27910890840647, -51.26949914578586 165.42985222095672, -51.05628664332171 165.57277488744367, -50.81099648924835 165.7488128643972, -50.74079495113811 165.8109669091143, -50.62701871873484 165.9117005002421, -50.395770686944495 166.13340674431294, -50.23460040114183 166.32227107922535, -50.049860766473586 166.55791907912888, -49.90422619647356 166.78424307304783, -49.758695948421156 167.03789614623776, -49.64626553901404 167.28084359613052, -49.53982365218763 167.5487139369117, -49.45954441037367 167.81112670859108, -49.412736652531095 168.00645231462588, -49.410589052997395 168.0854178974805, -49.4053493572188 168.47689802493795, -49.42411334390975 168.64471179270228, -49.4673512268835 168.96528981075053, -49.520420592125326 169.17710977718988, -49.600398957027934 169.45023317297975, -49.68352523550585 169.65595910239716, -49.8033039723662 169.91286010362705, -49.91081584905651 170.10066566037722, -50.06881448882873 170.33985804558793, -50.19986278340447 170.51053606498382, -50.39379147235168 170.72607395069943, -50.5474487826279 170.87747159464809, -50.77468400141259 171.0637483665901, -50.94023892122623 171.18737423360497, -51.20862971257919 171.34757185516978, -51.37244469525964 171.4383182844244, -51.69235652173851 171.56919130434758, -51.863 171.635, -52.327 171.744, -60.22 173.049, -60.696 173.095, -60.89000373134358 173.08686567164176, -61.21969327964454 173.0666548181061, -61.411829968377205 173.03231549501345, -61.712835526816264 172.96823423354888, -61.91698257080619 172.90168409586053, -62.1785294117647 172.80347058823529, -62.39214209115272 172.69990080428957, -62.62161352810424 172.57157796125747, -62.813343841403864 172.44440006499843, -63.03952961146759 172.26902414183309), (-50.815 149.061, -50.443 149.405, -50.727 149.143, -50.91883400809722 148.98640080971657, -50.815 149.061), (-53.663 151.33, -53.665 151.32, -53.522 151.303, -53.378 151.306, -53.236 151.329, -53.098 151.373, -52.969 151.436, -52.849 151.516, -52.742 151.613, -52.65 151.724, -52.575 151.847, -52.518 151.979, -52.481 152.119, -52.491 152.121, -51.344 158.01, -51.334 158.008, -51.317 158.151, -51.32 158.295, -51.344 158.437, -51.387 158.575, -51.45 158.705, -51.531 158.824, -51.628 158.931, -51.738 159.023, -51.861 159.098, -51.994 159.155, -52.133 159.193, -52.135 159.183, -52.42 159.207, -52.596 159.174, -52.7 159.14, -52.829 159.077, -52.888 159.041, -52.98 158.971, -53.039 158.917, -53.088 158.864, -53.168 158.759, -53.234 158.644, -53.284 158.522, -53.318 158.394, -53.308 158.392, -54.454 152.503, -54.464 152.505, -54.481 152.361, -54.478 152.217, -54.454 152.075, -54.427 151.983, -54.456 151.973, -54.434 151.914, -54.406 151.925, -54.374 151.856, -54.322 151.765, -54.236 151.65, -54.139 151.553, -54.06 151.49, -54.001 151.451, -53.937 151.415, -54.017 151.425, -54.077 151.465, -54.031 151.402, -54.237 151.442, -54.432 151.48, -54.531796276344096 151.499101631019, -53.663 151.33), (-53.342082217081895 159.4178660508067, -53.11 159.372, -52.893 159.33, -52.625 159.278, -52.135 159.183, -53.342082217081895 159.4178660508067), (-52.269 148.296, -52.513173693085974 148.23022259696458, -52.395 148.254, -51.914 148.413, -52.269 148.296), (-52.75056735900349 118.70687613960379, -56.471102682535644 105.92402131817792, -56.471102682536056 105.9240213181765, -52.75056735899162 118.70687613964458, -52.75056735900349 118.70687613960379), (-53.301 148.122, -53.492018404908194 148.11517791411043, -53.397 148.114, -52.892 148.154, -53.301 148.122), (-53.43564716639275 159.436071297995, -53.776323985229325 159.50235793357726, -53.709 159.489, -53.585 159.465, -53.43564716639275 159.436071297995), (-57.91355677430005 240.0411722870213, -57.5 235.738, -57.91355677430004 240.0411722870213, -57.91355677430005 240.0411722870213), (-57.801 235.625, -58.081 235.469, -58.335 235.272, -58.557 235.039, -58.742 234.776, -58.885 234.489, -58.984 234.183, -59.037 233.866, -59.041 233.545, -58.998 233.227, -58.908 232.918, -58.772 232.627, -58.595 232.359, -58.38 232.12, -58.132 231.916, -57.856 231.751, -57.558 231.63, -57.246 231.554, -56.926 231.525, -56.605 231.545, -56.291 231.612, -55.99 231.725, -55.71 231.882, -55.456 232.078, -55.234 232.311, -55.049 232.574, -54.905 232.861, -54.806 233.167, -54.754 233.484, -54.749 233.805, -54.793 234.124, -54.883 234.432, -55.018 234.724, -55.196 234.992, -55.411 235.23, -55.659 235.434, -55.935 235.599, -56.233 235.72, -56.545 235.796, -56.865 235.825, -57.186 235.805, -57.5 235.738, -57.801 235.625), (-67.668 154.056, -67.6874399126023 154.05970284049567, -55.05582144681627 151.60109736170364, -55.147 151.619, -55.363 151.661, -67.668 154.056), (-57.371 104.976, -56.906 105.002, -56.74147525995442 104.99601728218016, -56.56131860230054 105.61503566525882, -56.336528708134 106.387413875598, -56.338 106.383, -56.741 104.999, -56.795 105.004, -56.851 105.006, -56.906 105.005, -57.367 104.98, -57.363 105.007, -57.366 105.008, -57.371 104.976), (-58.356 129.83, -57.866 129.735, -58.51567852871053 129.86146082535933, -58.356 129.83), (-58.151 129.759, -58.327 129.727, -58.431 129.692, -58.561 129.629, -58.619 129.593, -58.711 129.523, -58.77 129.469, -58.819 129.417, -58.899 129.311, -58.965 129.197, -59.015 129.074, -59.049 128.947, -59.039 128.945, -60.185 123.055, -60.195 123.057, -60.212 122.914, -60.209 122.77, -60.185 122.628, -60.158 122.535, -60.187 122.526, -60.165 122.466, -60.137 122.478, -60.105 122.409, -60.053 122.317, -59.967 122.203, -59.871 122.106, -59.791 122.042, -59.732 122.003, -59.668 121.967, -59.394 121.883, -59.396 121.873, -59.253 121.855, -59.109 121.858, -58.967 121.882, -58.83 121.926, -58.7 121.988, -58.58 122.069, -58.473 122.166, -58.381 122.277, -58.306 122.4, -58.249 122.532, -58.212 122.671, -58.222 122.673, -57.075 128.563, -57.065 128.561, -57.048 128.704, -57.051 128.848, -57.075 128.99, -57.119 129.127, -57.181 129.257, -57.262 129.377, -57.359 129.483, -57.47 129.575, -57.593 129.651, -57.725 129.708, -57.864 129.745, -57.866 129.735, -58.151 129.759), (-63.582 -3.485, -63.437 -3.52, -63.288 -3.533, -63.139 -3.524, -62.993 -3.492, -62.853 -3.439, -62.723 -3.366, -57.724 -0.047, -57.606 0.045, -57.503 0.153, -57.418 0.275, -57.351 0.409, -57.305 0.552, -57.281 0.699, -57.279 0.848, -57.3 0.997, -57.342 1.14, -57.405 1.275, -57.488 1.4, -57.588 1.511, -57.704 1.605, -57.833 1.682, -57.971 1.738, -58.116 1.773, -58.265 1.786, -58.414 1.777, -58.56 1.745, -58.7 1.692, -58.831 1.619, -63.829 -1.7, -63.897692301205325 -1.7535567094143207, -63.91771837002964 -1.960833333334015, -64.03112684072204 -3.1845992067985254, -63.965 -3.258, -63.849 -3.352, -63.721 -3.429, -63.582 -3.485), (-58.92293059186797 -3.483499968212849, -58.92293059186796 -3.4834999682128465, -57.724 -0.047, -58.92293059186797 -3.483499968212849), (-58.787 89.152, -57.731 90.147, -58.79059623036657 89.14930282722507, -58.787 89.152), (-57.42864591749138 91.1857683190689, -57.4286384596593 91.18580724241562, -57.731 90.147, -57.42864591749138 91.1857683190689), (-66.13612095825422 208.8052380579155, -62.367 211.989, -66.13612095825422 208.80523805791552, -66.13612095825422 208.8052380579155), (-62.232 211.697, -62.055 211.429, -61.84 211.191, -61.591 210.987, -61.315 210.822, -61.018 210.701, -60.706 210.625, -60.385 210.596, -60.065 210.616, -59.75 210.683, -59.45 210.796, -59.169 210.952, -58.915 211.149, -58.693 211.382, -58.508 211.645, -58.365 211.932, -58.266 212.238, -58.213 212.555, -58.209 212.876, -58.252 213.194, -58.343 213.503, -58.478 213.794, -58.655 214.062, -58.87 214.301, -59.119 214.505, -59.395 214.67, -59.692 214.791, -60.004 214.867, -60.324 214.896, -60.645 214.876, -60.959 214.809, -61.26 214.696, -61.541 214.539, -61.795 214.343, -62.017 214.11, -62.201 213.847, -62.345 213.56, -62.444 213.254, -62.496 212.937, -62.501 212.616, -62.458 212.297, -62.367 211.989, -62.232 211.697), (-59.35112281478529 130.02408121265833, -59.316 130.017, -59.094 129.974, -59.061297987588816 129.96766640866343, -59.35112281478529 130.02408121265833), (-62.126 181.915, -62.053 181.785, -61.962 181.667, -61.854 181.563, -61.731 181.477, -61.598 181.411, -61.455 181.365, -61.308 181.34, -61.159 181.338, -61.01 181.358, -60.867 181.4, -60.731 181.463, -60.607 181.546, -60.496 181.646, -60.401 181.761, -60.324 181.89, -60.268 182.028, -60.232 182.173, -59.254 188.093, -59.241 188.242, -59.25 188.391, -59.281 188.537, -59.334 188.677, -59.406 188.808, -59.498 188.926, -59.606 189.029, -59.728 189.115, -59.862 189.182, -60.004 189.228, -60.152 189.252, -60.301 189.254, -60.449 189.234, -60.593 189.192, -60.728 189.129, -60.853 189.047, -60.964 188.947, -61.059 188.831, -61.135 188.703, -61.192 188.564, -61.227 188.419, -62.206 182.499, -62.219 182.351, -62.21 182.201, -62.179 182.055, -62.126 181.915), (-59.56 198.508, -59.748 197.371, -61.227 188.419, -59.56 198.508), (-59.56323242064528 -5.3223189391728996, -59.493 -5.443, -59.56323242064528 -5.322318939172899, -59.56323242064528 -5.3223189391728996), (-59.59178936956987 -5.339222926571583, -63.03946289194047 -7.600040728968931, -63.03946289194047 -7.600040728968933, -59.59178936956986 -5.339222926571581, -59.59178936956987 -5.339222926571583), (-60.116 82.221, -60.11750287466458 82.22150095822153, -59.659 81.976, -60.116 82.221), (-59.92 80.397, -60.41527408637872 80.66218272425249, -60.415 80.662, -59.92 80.397), (-61.147 198.094, -61.611 198.359, -61.378 198.224, -61.147 198.094), (-61.292 223.815, -61.306 223.654, -61.28970384254919 223.8350684161201, -61.292 223.815), (-61.29 72.11, -61.98342757982418 72.48128505321611, -61.983 72.481, -61.29 72.11), (-63.58 222.672, -63.389 222.594, -63.188 222.546, -63.002 222.528, -62.815 222.535, -62.63 222.566, -62.434 222.625, -62.254 222.718, -62.073 222.844, -61.921 222.987, -61.788 223.16, -61.681 223.356, -61.606 223.57, -61.576 223.717, -61.562 223.853, -61.568 224.078, -61.606 224.283, -61.674 224.481, -61.771 224.677, -61.898 224.839, -62.043 224.985, -62.21 225.109, -62.392 225.207, -62.586 225.276, -62.789 225.317, -62.995 225.327, -63.201 225.306, -63.401 225.256, -63.591 225.176, -63.768 225.07, -63.928 224.938, -64.066 224.785, -64.18 224.613, -64.268 224.426, -64.327 224.228, -64.356 224.024, -64.355 223.817, -64.324 223.613, -64.263 223.416, -64.174 223.23, -64.058 223.059, -63.918 222.907, -63.758 222.777, -63.58 222.672), (-62.6679638605721 199.14894250208076, -62.478 200.204, -62.66796386057211 199.14894250208076, -62.6679638605721 199.14894250208076), (-65.125 92.435, -65.127 92.425, -64.984 92.408, -64.84 92.411, -64.698 92.434, -64.561 92.478, -64.431 92.541, -64.311 92.621, -64.205 92.718, -64.113 92.829, -64.037 92.952, -63.98 93.084, -63.943 93.224, -63.953 93.226, -62.807 99.115, -62.797 99.113, -62.779 99.256, -62.782 99.4, -62.806 99.542, -62.85 99.68, -62.912 99.81, -62.993 99.929, -63.09 100.036, -63.201 100.128, -63.324 100.203, -63.456 100.26, -63.595 100.298, -63.597 100.288, -63.882 100.312, -64.058 100.28, -64.162 100.245, -64.292 100.182, -64.35 100.146, -64.442 100.076, -64.501 100.022, -64.55 99.969, -64.63 99.864, -64.696 99.749, -64.746 99.627, -64.78 99.499, -64.77 99.497, -65.916 93.608, -65.926 93.61, -65.943 93.467, -65.94 93.322, -65.916 93.18, -65.89 93.088, -65.918 93.078, -65.896 93.019, -65.868 93.03, -65.836 92.961, -65.784 92.87, -65.698 92.755, -65.602 92.658, -65.522 92.595, -65.463 92.556, -65.399 92.52, -65.479 92.53, -65.539 92.57, -65.494 92.507, -65.7 92.547, -65.895 92.585, -65.9465591992735 92.59490745397804, -65.125 92.435), (-64.80408221708761 100.52286605080782, -64.572 100.477, -64.356 100.435, -64.087 100.383, -63.597 100.288, -64.80408221708761 100.52286605080782), (-63.897 167.75, -63.79598414296502 167.8121636043292, -63.795984142965025 167.8121636043292, -63.897 167.75), (-64.04518903591566 171.3720718336555, -63.965 171.854, -63.869 172.436, -63.84881793960942 172.5589760213133, -64.04518903591566 171.3720718336555), (-67.264 182.384, -67.328 182.185, -67.362 181.979, -67.365 181.77, -67.337 181.562, -67.278 181.361, -67.19 181.172, -67.075 180.997, -66.935 180.842, -66.773 180.709, -66.593 180.602, -66.399 180.523, -66.196 180.473, -65.988 180.454, -65.779 180.467, -65.574 180.511, -65.378 180.584, -65.196 180.686, -65.03 180.815, -64.886 180.966, -64.765 181.137, -64.672 181.324, -64.608 181.523, -64.573 181.73, -64.57 181.939, -64.599 182.146, -64.658 182.347, -64.746 182.537, -64.861 182.712, -65.001 182.867, -65.163 183, -65.343 183.107, -65.536 183.186, -65.74 183.236, -65.948 183.254, -66.157 183.241, -66.361 183.198, -66.557 183.124, -66.74 183.022, -66.905 182.894, -67.05 182.743, -67.17 182.571, -67.264 182.384), (-65.047 100.57, -64.89764716636806 100.54107129799021, -65.2383239852386 100.60735793357908, -65.171 100.594, -65.047 100.57), (-65.71849999999999 131.26350000000002, -72.16799845680062 132.51890380658642, -72.087 132.503, -71.871 132.461, -65.71849999999999 131.26350000000002), (-66.356 161.95, -66.14 161.908, -66.39040916530215 161.9567561374794, -66.356 161.95), (-66.609 92.724, -66.75179849341438 92.7516384180802, -66.5178214468076 92.70609736170195, -66.609 92.724), (-84.145 143.541, -84.14 143.537, -84.125 143.525, -84.1 143.505, -84.0720893909616 143.4821640471504, -84.05686591621782 143.46987931034673, -83.916 143.357, -83.81878350386886 143.27775630147292, -83.75964773363177 143.2300360940123, -83.706 143.187, -83.65086803185399 143.1422552142583, -83.43585565266005 142.96874880180098, -83.42 142.956, -83.40682528892242 142.94532245638158, -75.898 136.886, -72.839 153.318, -72.969 153.566, -73.159 154.037, -73.235 154.291, -73.335 154.788, -73.362 155.028, -73.372 155.535, -73.353 155.8, -73.3 156.171, -72.154 162.06, -72.066 162.417, -71.901 162.886, -71.792 163.124, -71.545 163.556, -71.248 163.955, -71.09 164.133, -70.77 164.438, -68.071 178.94, -68.337 179.144, -68.483 179.284, -68.795 179.625, -69.053 180.007, -69.156 180.182, -69.34 180.605, -69.409 180.797, -69.46 180.993, -69.545 181.447, -69.558 181.65, -69.559 182.111, -69.493 182.568, -69.45 182.767, -69.39 182.961, -69.223 183.391, -68.997 183.793, -68.886 183.963, -68.589 184.317, -68.448 184.463, -68.295 184.596, -67.927 184.875, -67.523 185.097, -67.338 185.183, -66.881 185.333, -66.839 185.56, -69.139 187.416, -69.802 187.951, -69.437 190.161, -71.935 190.574, -72.296 189.964, -72.879 190.434, -73.07 190.588, -74.018 188.986, -74.533 188.117, -74.989 187.347, -75.02132173911262 187.29244637684167, -75.333 186.766, -76.168 182.752, -76.913 179.172, -77.565 176.038, -78.122 173.362, -78.197 173.221, -81.007 168.003, -85.375 144.534, -84.145 143.541), (-77.57071825646581 176.01147310517473, -77.57071825646592 176.01147310517416, -77.565 176.038, -77.57071825646581 176.01147310517473), (-69.765 154.546, -69.642 154.471, -69.51 154.414, -69.37 154.377, -69.369 154.387, -69.083 154.362, -68.907 154.395, -68.804 154.43, -68.674 154.492, -68.616 154.529, -68.523 154.598, -68.465 154.653, -68.415 154.705, -68.335 154.81, -68.27 154.925, -68.22 155.047, -68.186 155.175, -68.196 155.177, -67.05 161.067, -67.04 161.065, -67.022 161.208, -67.026 161.352, -67.049 161.494, -67.076 161.586, -67.047 161.596, -67.07 161.655, -67.098 161.644, -67.13 161.713, -67.182 161.804, -67.268 161.919, -67.364 162.016, -67.444 162.079, -67.502 162.118, -67.567 162.155, -67.84 162.239, -67.838 162.249, -67.981 162.267, -68.125 162.263, -68.268 162.24, -68.405 162.196, -68.535 162.133, -68.654 162.053, -68.761 161.956, -68.853 161.845, -68.928 161.722, -68.985 161.59, -69.023 161.451, -69.013 161.449, -70.159 155.559, -70.169 155.561, -70.186 155.418, -70.183 155.274, -70.16 155.132, -70.116 154.994, -70.053 154.865, -69.973 154.745, -69.876 154.638, -69.765 154.546), (-67.266 162.127, -67.21787234042752 162.11786808510678, -67.321241743723 162.13799471598372, -67.266 162.127), (-68.14 154.148, -68.26246165020184 154.17162449157436, -68.0806270749399 154.13623239323132, -68.14 154.148), (-70.427 70.302, -70.477 70.179, -70.511 70.052, -70.501 70.05, -71.647 64.16, -71.657 64.162, -71.674 64.019, -71.671 63.875, -71.648 63.733, -71.621 63.64, -71.649 63.631, -71.627 63.571, -71.599 63.583, -71.567 63.514, -71.515 63.422, -71.429 63.308, -71.333 63.211, -71.253 63.147, -71.194 63.108, -71.13 63.072, -70.856 62.988, -70.858 62.978, -70.715 62.96, -70.571 62.963, -70.429 62.987, -70.292 63.031, -70.162 63.093, -70.042 63.174, -69.936 63.271, -69.844 63.382, -69.768 63.505, -69.711 63.637, -69.674 63.776, -69.684 63.778, -68.538 69.668, -68.528 69.666, -68.51 69.809, -68.513 69.953, -68.537 70.095, -68.581 70.232, -68.643 70.362, -68.724 70.482, -68.821 70.588, -68.932 70.68, -69.055 70.756, -69.187 70.813, -69.326 70.85, -69.328 70.84, -69.613 70.864, -69.789 70.832, -69.893 70.797, -70.023 70.734, -70.081 70.698, -70.173 70.628, -70.232 70.574, -70.281 70.522, -70.361 70.416, -70.427 70.302), (-70.8131228147829 71.12908121265784, -70.778 71.122, -70.556 71.079, -70.5232979876049 71.07266640866656, -70.8131228147829 71.12908121265784), (-74.47048580258735 124.81651207262873, -74.61 124.844, -75.1 124.939, -74.47048580258735 124.81651207262873), (-74.814 124.915, -74.639 124.947, -74.535 124.982, -74.405 125.045, -74.347 125.081, -74.255 125.151, -74.196 125.205, -74.146 125.258, -74.066 125.363, -74.001 125.478, -73.951 125.6, -73.917 125.728, -73.927 125.73, -72.781 131.619, -72.771 131.617, -72.753 131.76, -72.757 131.904, -72.78 132.047, -72.807 132.139, -72.778 132.149, -72.801 132.208, -72.829 132.196, -72.861 132.266, -72.913 132.357, -72.999 132.472, -73.095 132.569, -73.175 132.632, -73.233 132.671, -73.298 132.707, -73.218 132.697, -73.203 132.72, -72.997 132.68, -72.802 132.642, -72.547 132.592, -72.36790501153092 132.55781589431712, -73.571 132.792, -73.569 132.802, -73.712 132.819, -73.857 132.816, -73.999 132.792, -74.136 132.749, -74.266 132.686, -74.385 132.605, -74.492 132.509, -74.584 132.398, -74.659 132.275, -74.716 132.142, -74.754 132.003, -74.744 132.001, -75.89 126.112, -75.9 126.114, -75.918 125.971, -75.914 125.826, -75.891 125.684, -75.847 125.547, -75.784 125.417, -75.704 125.298, -75.607 125.191, -75.496 125.099, -75.373 125.024, -75.241 124.967, -75.102 124.929, -75.1 124.939, -74.814 124.915), (-73.174 198.292, -73.216 198.309, -73.247 198.32, -73.266 198.328, -73.272 198.33, -73.27206573788746 198.32960254873245, -73.174 198.292), (-73.83685840130995 124.69322381729296, -73.40613457992882 124.60941559125573, -73.525 124.633, -73.649 124.657, -73.83685840130995 124.69322381729296), (-89.17951522248244 38.45307806401249, -89.198 38.323, -89.20762150301702 38.289485097824, -89.212 38.264, -89.23209264768374 38.20424394390159, -89.258 38.114, -89.27672147413183 38.07151665485466, -89.289 38.035, -89.31314984059509 37.98885228480344, -89.336 37.937, -89.3627717627856 37.89403019586512, -89.39 37.842, -89.4384023162135 37.772639979859, -89.455 37.746, -89.46604737687363 37.73302489293365, -89.487 37.703, -89.599 37.576, -89.6019577850877 37.573398574561416, -89.604 37.571, -89.741 37.449, -89.75147111416783 37.44189889958733, -89.765 37.43, -89.82726271186449 37.39049999999994, -89.915 37.331, -89.93866850828722 37.319823204419926, -89.951 37.312, -90.08490654205653 37.25076635513997, -90.131 37.229, -90.13529355412616 37.22772505816341, -90.15 37.221, -90.359 37.161, -90.587 37.132, -90.58956207159176 37.13205521706017, -90.59 37.132, -90.819 37.137, -91.034 37.175, -91.04408571428574 37.17836190476191, -91.053 37.18, -91.11757142857125 37.202857142857084, -91.241 37.244, -91.25815633504689 37.25262171152102, -91.279 37.26, -91.3739915824916 37.31083333333334, -91.438 37.343, -91.45012740843605 37.35157628883875, -91.464 37.359, -91.613 37.466, -91.61616795901412 37.46899723068402, -91.619 37.471, -91.743 37.585, -91.76229051589368 37.60724491922876, -91.78 37.624, -91.80682234957024 37.65859694364856, -91.854 37.713, -91.88243450479231 37.756125665601665, -91.918 37.802, -91.95257142857145 37.86250000000002, -91.974 37.895, -91.9859526627219 37.92091715976331, -92.014 37.97, -92.05146487119434 38.062968384074836, -92.075 38.114, -92.08196500000001 38.13865388888892, -92.095 38.171, -92.11962333256966 38.26896942958567, -93.59854382216861 37.9932827016081, -93.54602609128914 37.391752691765504, -93.35139108280264 36.57853630573286, -93.19650609122245 35.93737421808035, -92.91307633587792 35.2376412213742, -92.63364392282408 34.551941824802356, -92.23601928710897 33.87948071288995, -91.87247901276535 33.26722743303207, -91.3598469895871 32.638384336802815, -90.92727779522853 32.109891667454505, -90.39594594594591 31.627081081081045, -89.81762182731828 31.104083999073033, -89.18743563461152 30.684128730782113, -88.57739511409247 30.278905027593957, -87.86698873662426 29.946016895062662, -87.22002657855064 29.644737838424685, -86.6241358730144 29.467592380951942, -85.78575365884778 29.220287167149657, -85.18466666666576 29.13621621621609, -84.30617318809713 29.01512657457555, -83.69300000000017 29.0216889632107, -82.81125525878241 29.03289508366765, -82.19966666666821 29.131578531073195, -81.33695524200401 29.272536804526805, -80.77938888888961 29.4510833333331, -79.91129483065954 29.73129090909091, -79.41661478599185 29.976229571984618, -78.5772605719501 30.393397398843934, -77.72528001209777 30.987560024189563, -77.35574620206094 31.24608286108879, -76.75787679444737 31.81254346111346, -76.26605760500388 32.281180784880775, -75.79560809018517 32.88421618037201, -75.35177510664933 33.45472045114793, -74.95650050488103 34.1558751262192, -74.61660194805391 34.762570769432536, -74.39102852697131 35.356028526970015, -74.08789620081 36.157696058727446, -73.91020031941582 36.976666666667114, -73.88580598301891 37.09017025098521, -79.439 36.055, -81.114 35.736, -81.884 40.177, -89.18138929879983 38.8166879394712, -89.169 38.708, -89.171 38.513, -89.17283212394587 38.500107275936486, -89.173 38.491, -89.17951522248244 38.45307806401249), (-78.8670670389132 40.739450913796546, -78.8670670389132 40.73945091379654, -74.05521960810255 41.63653017257266, -74.05521960810255 41.63653017257267, -78.8670670389132 40.739450913796546), (-91.89936629860782 39.479526644263025, -91.8993662986078 39.47952664426304, -91.878 39.514, -91.86346151839292 39.530977824158605, -91.846 39.556, -91.734 39.683, -91.73108976157084 39.685559607293115, -91.729 39.688, -91.592 39.81, -91.58152888583217 39.81710110041267, -91.568 39.829, -91.48998398576518 39.87918327402132, -91.418 39.928, -91.4028939690179 39.93520333884795, -91.383 39.948, -91.25972413793086 40.003474137931114, -91.202 40.031, -91.19215395284328 40.03388072122052, -91.19215395284327 40.03388072122053, -91.183 40.038, -90.974 40.098, -90.9337647058822 40.103117647058845, -90.743 40.128, -90.514 40.122, -90.299 40.084, -90.28891428571427 40.08063809523809, -90.28 40.079, -90.21542857142859 40.056142857142866, -90.092 40.015, -90.07484366495312 40.006378288478984, -90.054 39.999, -89.9590084175084 39.94816666666666, -89.895 39.916, -89.88247022955522 39.907208393113336, -89.869 39.9, -89.73275225225238 39.80215765765775, -89.714 39.789, -89.59 39.674, -89.57070948410627 39.65175508077121, -89.553 39.635, -89.52617765042979 39.60040305635147, -89.479 39.546, -89.45056549520764 39.50287433439826, -89.415 39.457, -89.38042857142861 39.39650000000007, -89.359 39.364, -89.34704733727806 39.338082840236574, -89.319 39.289, -89.28153512880566 39.196031615925165, -89.258 39.145, -89.25092893401013 39.120082910321436, -89.238 39.088, -89.20837639198224 38.97013585746126, -89.20837639198224 38.970135857461244, -89.20837639198221 38.970135857461145, -89.195 38.923, -89.19487400008795 38.921958077650395, -74.07947611886112 41.736942452151645, -74.15549390877756 42.05162578191965, -74.43892366412204 42.75135877862572, -74.71835607717591 43.43705817519764, -75.11598071289106 44.1095192871101, -75.47952098723465 44.721772566967935, -75.99215301041293 45.35061566319721, -76.42472220477147 45.87910833254549, -77.09333585978142 46.486664140217286, -77.53021244228435 46.88213996354801, -78.33378645033933 47.41764064898015, -78.77456203845873 47.71007489459189, -79.72333920482914 48.15466079516754, -80.1260962591269 48.34251500794701, -80.92476453393849 48.57994186424131, -81.56621132545268 48.76870793538426, -82.16733333333394 48.85278378378387, -83.04582681190284 48.97387342542445, -83.96150000000249 48.96407357859529, -84.53408450768387 48.95717958452287, -85.37025000000145 48.822259322033666, -86.01500587819213 48.716475645747465, -86.78038297872284 48.47138297872358, -87.43497859202324 48.26054979244258, -88.08174999999994 47.94078678118001, -88.77723505690935 47.594862174830745, -89.34494617972314 47.19894617972, -90.00026797735872 46.74011384264998, -90.60944226218659 46.16294226218635, -91.08309936007437 45.71246505920905, -91.55348447089398 45.10965631393045, -92.00380128007897 44.52969540700844, -92.4166688642491 43.796334432125064, -92.7333074056979 43.23192948067801, -93.07712833545115 42.327376111816825, -93.26360210348251 41.833644430551985, -93.40659240012977 41.17714810003317, -93.58096759712824 40.365803632470175, -93.61578418230548 39.819000000002355, -93.67427973143148 38.88055527638957, -93.60771657783032 38.10014160936498, -92.14368616192142 38.37279223867436, -92.164 38.551, -92.162 38.746, -92.16016787605413 38.758892724063564, -92.16 38.768, -92.1533444976077 38.80690909090879, -92.135 38.936, -92.12575420510036 38.96820618556709, -92.121 38.996, -92.09949233319522 39.05968503936999, -92.075 39.145, -92.05650902527074 39.18696028880871, -92.044 39.224, -92.01985015940492 39.27014771519653, -91.997 39.322, -91.96947188811188 39.366415104895125, -91.943 39.417, -91.89936629860782 39.479526644263025), (-89.59146843139824 39.67139528240074, -89.59146843139824 39.67139528240073, -89.59 39.674, -89.59146843139824 39.67139528240074), (-76.798 -0.282, -76.769 -0.061, -76.752 0.07, -76.74539901477758 0.1204975369515066, -76.81951486486507 -0.4415067567583017, -76.798 -0.282), (-83.67787175160578 73.6332224097204, -83.55 73.608, -83.333 73.566, -77.1805 72.36850000000001, -83.67787175160578 73.6332224097204), (-77.322 0.917, -77.42714639175286 0.9971525773198006, -77.22699999999925 0.8437142857137082, -77.322 0.917), (-80.576 123.715, -80.595 123.77, -80.754 124.251, -80.771 124.305, -80.786 124.359, -80.8 124.413, -80.855 124.648, -80.864 124.685, -80.871 124.722, -80.878 124.76, -80.923 125.021, -80.932 125.078, -80.939 125.136, -80.944 125.193, -80.984 125.699, -80.988 125.775, -80.99 125.85, -80.988 125.926, -80.966 126.433, -80.963 126.495, -80.957 126.558, -80.949 126.62, -80.896 126.991, -80.891 127.021, -80.886 127.052, -80.88 127.083, -79.734 132.972, -79.728 133.002, -79.721 133.032, -79.714 133.062, -79.627 133.419, -79.611 133.479, -79.593 133.538, -79.574 133.596, -79.408 134.066, -79.382 134.135, -79.353 134.204, -79.322 134.271, -79.102 134.718, -79.067 134.784, -79.03 134.849, -78.991 134.912, -78.72 135.33, -78.688 135.377, -78.655 135.423, -78.621 135.468, -78.459 135.673, -78.453 135.681, -78.446 135.69, -78.439 135.698, -77.967 138.555, -77.304 138.02, -82.49105646410861 142.20571822583344, -86.108 124.156, -86.719 124.653, -81.03 120.025, -80.139 123.49, -80.533 123.608, -80.555 123.661, -80.576 123.715), (-80.50040000000624 119.59380000000509, -80.50039999999974 119.5937999999998, -81.03 120.025, -80.50040000000624 119.59380000000509), (-77.819 103.055, -77.602 103.013, -77.9178174097664 103.07449150743099, -77.819 103.055), (-77.877 135.214, -77.812 135.29, -77.834 135.265, -77.856 135.24, -77.877 135.214), (-78.48099999999673 0.788000000001358, -78.153 0.924, -78.32 0.855, -78.48099999999673 0.788000000001358), (-77.94800000000593 1.0089999999975443, -78.018 0.98, -78.153 0.924, -77.94800000000593 1.0089999999975443), (-78.098 134.926, -78.038 135.009, -78.059 134.982, -78.079 134.954, -78.098 134.926), (-78.218 -0.917, -78.11285360824725 -0.997152577319727, -78.31299999999796 -0.8437142857158566, -78.218 -0.917), (-78.416 134.431, -78.437 134.39, -78.37 134.508, -78.393 134.47, -78.416 134.431), (-81.621 96.664, -81.631 96.666, -81.649 96.523, -81.645 96.379, -81.622 96.237, -81.578 96.099, -81.515 95.97, -81.435 95.85, -81.338 95.743, -81.227 95.651, -81.104 95.576, -80.972 95.519, -80.833 95.482, -80.831 95.492, -80.545 95.467, -80.37 95.5, -80.266 95.535, -80.136 95.597, -80.078 95.634, -79.986 95.703, -79.927 95.758, -79.877 95.81, -79.797 95.915, -79.732 96.03, -79.682 96.152, -79.648 96.28, -79.658 96.282, -78.512 102.172, -78.502 102.17, -78.485 102.313, -78.488 102.457, -78.511 102.599, -78.538 102.691, -78.51 102.701, -78.532 102.76, -78.56 102.749, -78.592 102.818, -78.644 102.909, -78.73 103.024, -78.826 103.121, -78.906 103.184, -78.965 103.223, -79.029 103.26, -79.302 103.344, -79.3 103.354, -79.444 103.372, -79.588 103.368, -79.73 103.345, -79.867 103.301, -79.997 103.238, -80.116 103.158, -80.223 103.061, -80.315 102.95, -80.39 102.827, -80.447 102.695, -80.485 102.556, -80.475 102.554, -81.621 96.664), (-78.693 133.861, -78.709 133.819, -78.657 133.944, -78.676 133.903, -78.693 133.861), (-78.771 0.061, -78.788 -0.07, -78.7946009852212 -0.1204975369421287, -78.72048513513556 0.4415067567535636, -78.742 0.282, -78.771 0.061), (-78.897 133.278, -78.907 133.242, -78.875 133.35, -78.887 133.314, -78.897 133.278), (-79.003 132.849, -79.006 132.831, -78.994 132.885, -78.999 132.867, -79.003 132.849), (-79.603 95.253, -79.62032061666609 95.25635458583652, -79.59675323425832 95.25176745429312, -79.603 95.253), (-79.695 123.556, -79.747 123.662, -79.756 123.546, -79.695 123.556), (-79.867 123.937, -79.854 123.905, -79.891 124.003, -79.88 123.97, -79.867 123.937), (-80.061 124.517, -80.051 124.484, -80.078 124.582, -80.07 124.549, -80.061 124.517), (-80.139 124.84, -80.134 124.818, -80.147 124.885, -80.143 124.863, -80.139 124.84), (-80.159 126.904, -80.162 126.885, -80.153 126.941, -80.156 126.923, -80.159 126.904), (-80.198 125.182, -80.192 125.147, -80.205 125.251, -80.202 125.216, -80.198 125.182), (-80.226 126.401, -80.215 126.515, -80.22 126.477, -80.224 126.439, -80.226 126.401), (-80.247 125.895, -80.248 125.849, -80.248 125.803, -80.245 125.757, -80.247 125.895), (-89.18363002196794 38.836345192718746, -82.1109190054469 40.13532390756787, -82.11091900544636 40.13532390756797, -89.18363002196794 38.836345192718746), (-98.241 80.14, -98.49 77.318, -97.564 76.57, -97.546 76.556, -97.492 76.512, -97.41 76.446, -97.321 76.374, -97.234 76.304, -97.085 76.184, -96.99 76.107, -96.891 76.027, -96.789 75.945, -96.686 75.862, -96.561 75.761, -96.31154969520406 75.55941956003286, -92.101 72.162, -83.042 120.836, -86.858 123.915, -87.48392265193131 124.42039226519145, -87.512 124.443, -87.626 124.535, -87.63747406513963 124.54437515078482, -87.78131792452803 124.66051981132053, -87.817 124.689, -87.885 124.744, -87.907 124.762, -87.908 124.762, -91.875 127.964, -92.519 128.484, -99.502 90.965, -98.241 80.14), (-85.6607155902231 135.97491199659757, -85.66071559022717 135.9749119965773, -85.66071559023216 135.97491199655244, -87.907 124.762, -85.6607155902231 135.97491199659757), (-83.57494964028963 143.08064028777127, -83.568 143.075, -83.56007648183314 143.06862906309556, -83.57494964028963 143.08064028777127), (-83.98199999999865 -6.289000000003228, -83.846 -6.616999999999991, -83.915 -6.45, -83.98199999999865 -6.289000000003228), (-83.7610000000033 -6.821999999992008, -83.79 -6.752, -83.846 -6.616999999999991, -83.7610000000033 -6.821999999992008), (-83.92628571428632 -7.543000000000799, -83.853 -7.448, -83.77284742268102 -7.342853608248222, -83.92628571428632 -7.543000000000799), (-85.93248580258762 65.92151207262879, -86.072 65.949, -86.562 66.044, -85.93248580258762 65.92151207262879), (-86.277 66.02, -86.101 66.052, -85.997 66.087, -85.867 66.15, -85.809 66.186, -85.717 66.256, -85.658 66.31, -85.609 66.363, -85.529 66.468, -85.463 66.583, -85.413 66.705, -85.379 66.833, -85.389 66.835, -84.243 72.724, -84.233 72.722, -84.216 72.865, -84.219 73.009, -84.242 73.152, -84.269 73.244, -84.241 73.254, -84.263 73.313, -84.291 73.301, -84.323 73.371, -84.375 73.462, -84.461 73.577, -84.557 73.674, -84.637 73.737, -84.696 73.776, -84.76 73.812, -84.68 73.802, -84.665 73.825, -84.459 73.785, -84.264 73.747, -84.009 73.697, -83.82990501153053 73.66281589431703, -85.033 73.897, -85.032 73.907, -85.175 73.924, -85.319 73.921, -85.461 73.897, -85.598 73.854, -85.728 73.791, -85.848 73.71, -85.954 73.614, -86.046 73.503, -86.122 73.38, -86.179 73.247, -86.216 73.108, -86.206 73.106, -87.352 67.217, -87.362 67.219, -87.38 67.076, -87.377 66.931, -87.353 66.789, -87.309 66.652, -87.247 66.522, -87.166 66.403, -87.069 66.296, -86.958 66.204, -86.835 66.129, -86.703 66.072, -86.564 66.034, -86.562 66.044, -86.277 66.02), (-84.06784615384483 143.47869230769123, -84.067 143.478, -84.06556494192414 143.47685005280016, -84.06784615384483 143.47869230769123), (-84.84 -5.982, -84.8904975369454 -5.975399014778379, -84.32849324324347 -6.049514864864833, -84.488 -6.028, -84.709 -5.999, -84.84 -5.982), (-84.57 140.89, -84.556 140.876, -84.541 140.861, -84.525 140.846, -84.582 140.903, -84.57 140.89), (-85.052 -7.972, -84.831 -8.001, -84.7 -8.018, -84.6495024630547 -8.024600985221607, -85.21150675675659 -7.950485135135157, -85.052 -7.972), (-84.91983987358466 65.72447616539378, -84.988 65.738, -85.112 65.762, -85.26423682499146 65.7914873129488, -84.91983987358466 65.72447616539378), (-85.76715257731864 -6.657146391751325, -85.61371428571594 -6.457000000002163, -85.687 -6.552, -85.76715257731864 -6.657146391751325), (-87.37851041666325 124.33551488094962, -87.27882692310257 124.25507142859213, -87.358 124.319, -87.37851041666325 124.33551488094962), (-92.35 67.279, -87.437 63.282, -92.58180000002031 67.46760000001653, -92.35 67.279), (-87.708 124.602, -87.77495148535981 124.65543834152572, -87.64941983594412 124.55413571961287, -87.708 124.602), (-91.473 37.775, -91.331 37.66, -91.138 37.553, -90.917 37.481, -90.78 37.46, -90.633 37.455, -90.474 37.47, -90.3 37.513, -90.119 37.59, -89.952 37.696, -89.805 37.83, -89.682 37.989, -89.588 38.162, -89.526 38.346, -89.501 38.482, -89.493 38.691, -89.50046711211937 38.75720839412515, -91.80137559386286 38.32829424007235, -91.796 38.305, -91.752 38.18, -91.697 38.064, -91.575 37.884, -91.473 37.775), (-91.826 38.435, -91.82532645167622 38.43208129059697, -89.51642860243902 38.862074031707316, -89.537 38.955, -89.581 39.079, -89.636 39.195, -89.758 39.376, -89.86 39.484, -90.002 39.599, -90.195 39.706, -90.416 39.778, -90.553 39.799, -90.7 39.804, -90.859 39.789, -91.033 39.746, -91.214 39.67, -91.381 39.563, -91.528 39.429, -91.652 39.271, -91.745 39.097, -91.807 38.913, -91.832 38.777, -91.84 38.568, -91.826 38.435), (-90.798 -0.282, -90.769 -0.061, -90.752 0.07, -90.74539901477773 0.1204975369503448, -90.8195148648649 -0.4415067567570708, -90.798 -0.282), (-91.522 -0.98, -91.387 -0.924, -91.59199999999407 -1.0089999999975443, -91.522 -0.98), (-91.22 -0.855, -91.059 -0.788, -91.387 -0.924, -91.22 -0.855), (-91.42714639175277 0.997152577319738, -91.22699999999831 0.84371428571299, -91.322 0.917, -91.42714639175277 0.997152577319738), (-92.31299999999811 -0.8437142857157408, -92.218 -0.917, -92.11285360824785 -0.9971525773192728, -92.31299999999811 -0.8437142857157408), (-92.771 0.061, -92.788 -0.07, -92.79460098522135 -0.1204975369433748, -92.72048513513539 0.4415067567548836, -92.742 0.282, -92.771 0.061), (-97.015 69.725, -96.814 68.769, -93.50910461592028 68.22201731464702, -96.818 70.914, -97.015 69.725), (-106.022 -6.765, -105.882 -6.817, -105.736 -6.847, -105.586 -6.856, -105.438 -6.841, -105.293 -6.805, -105.154 -6.748, -105.027 -6.671, -104.911 -6.576, -104.812 -6.464, -104.76076103353026 -6.38589181940587, -104.86566778901081 -5.997129382820609, -105.022 -5.556, -105.12374110760396 -5.040763782775911, -105.14208494322483 -4.972785374716126, -105.189 -4.947, -110.644 -2.448, -110.785 -2.396, -110.931 -2.366, -111.08 -2.357, -111.229 -2.372, -111.374 -2.408, -111.512 -2.465, -111.64 -2.542, -111.755 -2.638, -111.854 -2.749, -111.936 -2.874, -111.999 -3.01, -112.04 -3.154, -112.059 -3.302, -112.056 -3.451, -112.031 -3.599, -111.984 -3.741, -111.917 -3.874, -111.83 -3.996, -111.727 -4.103, -111.608 -4.194, -111.477 -4.266, -106.022 -6.765), (-130.23529213319406 16.400860491098538, -130.2010134048259 15.813000000002855, -130.14648614372942 14.909059182714794, -129.97623809523867 14.10038095238367, -129.83874811340246 13.451960457401201, -129.5852865076761 12.772178373077686, -129.3120915500683 12.045562886968682, -129.02555688622462 11.529721556880995, -128.5874856587263 10.743841030627145, -128.0412748091585 10.034725190837335, -127.67556083069783 9.561777791996525, -127.11013742634285 9.018908382434931, -126.5937761251478 8.525475242625047, -126.12143297437704 8.191350538432285, -125.36976174323247 7.662351144991761, -124.99867514426123 7.475974567215035, -124.03259814814817 6.993297354497364, -123.4624999999991 6.807142857142564, -122.61848950377608 6.532735503690743, -121.76909085065424 6.389727448039546, -121.14414141306821 6.285851863094786, -120.30299999999991 6.271785953177256, -119.64927874385256 6.2621659748259235, -118.81166666666641 6.374149223497672, -118.1686504489098 6.461418811457886, -117.37449364944867 6.691480948349132, -116.7324232440777 6.878956558001008, -115.74965868263394 7.332317365269826, -115.38058228540851 7.503246552185438, -114.54754778251926 8.050821673780375, -114.12894875898766 8.327426000476478, -113.43166414021567 8.952664140219916, -113.01750629424217 9.325443479529993, -112.49016288539755 9.964244328098859, -112.06567778748747 10.480872661171722, -111.6754190682557 11.131473022751877, -111.29809727407716 11.76346239864101, -111.03114122137404 12.41071374045802, -110.72931424741478 13.146916042020024, -110.5814687898089 13.747822929936401, -110.37386163475969 14.599364142172114, -110.32024910394264 15.181666666666716, -110.23870786680591 16.087139508901462, -110.27298659517426 16.674999999999986, -110.32751385627056 17.578940817285112, -110.44526229508192 18.13824590163914, -110.63755964047301 19.042228920808878, -110.80777382465048 19.498742058449594, -111.16192070689138 20.442459178935295, -111.44844311377312 20.95827844311498, -111.88651434127368 21.744158969372844, -112.43272519084185 22.453274809163094, -112.79843916930217 22.926222208003473, -113.36386257365575 23.469091617563734, -113.88020239654071 23.96250423277202, -114.44454087494506 24.361377375165926, -115.10176418458086 24.82390769127622, -115.59484084533533 25.071738732, -116.44140185185182 25.494702645502635, -117.011500000001 25.680857142857473, -117.85550502769495 25.955262718363873, -118.7065182012843 26.098445396145525, -119.33085084534642 26.20214810651517, -120.1713333333328 26.216212405176254, -120.82472200466513 26.22583392510216, -121.66233333333244 26.11385077650248, -122.30534955109022 26.02658118854211, -123.09950635054977 25.79651905165132, -123.74157675592232 25.609043441998985, -124.72434131736637 25.15568263473003, -125.09341771459148 24.98475344781457, -125.926452217481 24.437178326219453, -126.34505124101234 24.16057399952352, -127.04233585978201 23.535335859782162, -127.45649370575786 23.16255652046996, -127.98383711460127 22.523755671902546, -128.4083222125125 22.00712733882828, -128.79858093174587 21.35652697724548, -129.1759027259228 20.724537601359067, -129.4428587786272 20.077286259538937, -129.7446857525852 19.341083957979972, -129.89253121019172 18.74017707006112, -130.1001383652403 17.88863585782798, -130.15375089605774 17.306333333328958, -130.23529213319406 16.400860491098538), (-144.125 41.358, -144.118 41.214, -144.108 41.146, -144.08 41.034, -144.053 40.959, -144.024 40.893, -143.958 40.778, -143.878 40.673, -143.785 40.579, -143.681 40.498, -143.675 40.506, -138.702 37.15, -138.707 37.142, -138.582 37.07, -138.448 37.016, -138.308 36.983, -138.213 36.971, -138.215 36.941, -138.152 36.938, -138.151 36.969, -138.075 36.971, -137.971 36.983, -137.832 37.018, -137.705 37.068, -137.615 37.117, -137.557 37.156, -137.498 37.201, -137.313 37.42, -137.305 37.414, -137.233 37.539, -137.18 37.673, -137.146 37.813, -137.132 37.956, -137.139 38.1, -137.167 38.242, -137.214 38.378, -137.28 38.506, -137.364 38.623, -137.464 38.727, -137.577 38.816, -137.583 38.808, -142.556 42.164, -142.55 42.173, -142.675 42.245, -142.809 42.298, -142.949 42.332, -143.093 42.345, -143.237 42.338, -143.378 42.311, -143.514 42.263, -143.642 42.197, -143.76 42.113, -143.864 42.014, -143.953 41.9, -143.944 41.895, -144.078 41.642, -144.117 41.467, -144.125 41.358), (-137.523 37.109, -137.641 36.935, -137.752 36.77, -137.81274457737862 36.67951152611187, -137.313 37.42, -137.523 37.109), (-137.539 37.131, -137.599 37.091, -137.523 37.109, -137.539 37.131), (-138.24907854578413 36.03298070017483, -138.10281829033082 36.24969947663303, -138.159 36.167, -138.24907854578413 36.03298070017483), (-145.34066040410588 25.525143566120438, -141.7885 30.7885, -145.295 25.593, -145.34066040410588 25.525143566120438), (-143.323 50.647, -143.903 50.181, -143.905 50.179, -143.323 50.647), (-148.4195 35.2635, -144.913 40.459, -144.8951927660198 40.48558544791415, -148.4195 35.2635), (-146.04590216216212 51.61573189189191, -146.044 51.617, -145.519 52.04, -146.04590216216212 51.61573189189191), (-153.076 28.096, -153.069 27.952, -153.041 27.81, -152.994 27.674, -152.928 27.546, -152.844 27.429, -152.744 27.325, -152.631 27.236, -152.625 27.244, -147.652 23.888, -147.658 23.879, -147.533 23.807, -147.399 23.754, -147.259 23.72, -147.115 23.707, -146.971 23.714, -146.83 23.741, -146.694 23.788, -146.566 23.855, -146.448 23.938, -146.344 24.038, -146.255 24.151, -146.264 24.157, -146.13 24.41, -146.091 24.585, -146.083 24.694, -146.09 24.838, -146.1 24.905, -146.128 25.018, -146.155 25.093, -146.184 25.159, -146.25 25.274, -146.33 25.379, -146.423 25.473, -146.527 25.554, -146.533 25.545, -151.507 28.902, -151.501 28.91, -151.626 28.982, -151.76 29.036, -151.9 29.069, -151.995 29.081, -151.993 29.111, -152.056 29.113, -152.057 29.083, -152.133 29.081, -152.237 29.068, -152.376 29.034, -152.503 28.984, -152.593 28.935, -152.651 28.896, -152.71 28.851, -152.895 28.632, -152.903 28.638, -152.975 28.513, -153.029 28.379, -153.062 28.239, -153.076 28.096), (-152.685 28.943, -152.6548627038389 28.987819568649865, -152.895 28.632, -152.685 28.943), (-152.669 28.921, -152.609 28.961, -152.685 28.943, -152.669 28.921), (-147.362 52.501, -147.36201430274133 52.50098569725868, -146.87 52.897, -147.362 52.501), (-150.9830349109471 18.61294496758169, -154.754 16.619, -153.736 15.973, -152.777 15.785, -150.9830349109471 18.61294496758169), (-152.10518170966856 29.802300523367904, -152.049 29.885, -151.95892145421587 30.019019299825167, -152.10518170966856 29.802300523367904), (-152.26554708570131 29.564681711802436, -152.5124786324801 29.198794871792696, -152.456 29.282, -152.311 29.497, -152.26554708570131 29.564681711802436), (-174.26 21.983, -163.803 18.915, -161.302 17.582, -160.252 18.143, -160.232 18.154, -160.19699054441352 18.17236561604536, -160.10791104014442 18.219918795621282, -160.078 18.236, -160.05222580645273 18.249645161289727, -159.92782032539338 18.316056354634192, -159.878 18.343, -159.709 18.433, -159.68733061527163 18.44443661971775, -159.14174177631548 18.73568750000017, -159.115 18.75, -159.08468633093528 18.766145323740997, -154.059 21.449, -195.324 48.807, -200.839 45.862, -200.84 45.862, -201.847 45.324, -205.337 43.461, -206.067 43.072, -174.26 21.983), (-200.0874864300619 46.26364926931146, -200.217 46.195, -200.391 46.102, -200.52 46.033, -200.614 45.983, -200.737 45.917, -200.814 45.876, -200.839 45.862, -200.0874864300619 46.26364926931146), (-158.0277748192735 60.802093348186396, -158.02777582459404 60.80209402250522, -157.185 60.114, -158.0277748192735 60.802093348186396), (-159.374 18.611, -159.3082222222208 18.64641880341958, -159.48578981937752 18.551702791460624, -159.374 18.611), (-159.601 18.49, -159.49313913043287 18.54778260869669, -159.6451772853199 18.466684210525607, -159.601 18.49), (-159.976 18.29, -159.94621345707526 18.306109048724597, -160.03121487603445 18.260768595040577, -159.976 18.29), (-160.171 18.186, -160.1222414285698 18.21221428571516, -160.19436847599263 18.17374112734813, -160.171 18.186), (-168.745 57.455, -168.652 57.361, -168.548 57.28, -168.542 57.288, -163.569 53.932, -163.574 53.924, -163.449 53.852, -163.315 53.798, -163.175 53.764, -163.08 53.753, -163.082 53.723, -163.019 53.72, -163.018 53.751, -162.942 53.753, -162.838 53.765, -162.699 53.8, -162.572 53.85, -162.482 53.899, -162.424 53.938, -162.365 53.983, -162.18 54.201, -162.172 54.196, -162.1 54.321, -162.047 54.455, -162.013 54.595, -161.999 54.738, -162.006 54.882, -162.034 55.024, -162.081 55.16, -162.147 55.288, -162.231 55.405, -162.331 55.509, -162.444 55.598, -162.45 55.59, -167.423 58.946, -167.417 58.955, -167.542 59.027, -167.676 59.08, -167.816 59.114, -167.96 59.127, -168.104 59.12, -168.245 59.093, -168.381 59.045, -168.509 58.979, -168.627 58.895, -168.731 58.796, -168.82 58.682, -168.811 58.677, -168.945 58.424, -168.984 58.249, -168.992 58.14, -168.985 57.996, -168.975 57.928, -168.947 57.816, -168.92 57.741, -168.891 57.675, -168.825 57.56, -168.745 57.455), (-162.39 53.891, -162.507 53.717, -162.619 53.552, -162.74689259560705 53.36148413344054, -162.18 54.201, -162.39 53.891), (-162.406 53.913, -162.466 53.873, -162.39 53.891, -162.406 53.913), (-170.162 42.375, -170.17084718255938 42.36166692205842, -163.149 52.766, -170.162 42.375), (-169.78 57.241, -169.76219276601697 57.26758544791832, -173.2865 52.0455, -169.78 57.241), (-170.536 66.678, -170.4663602412988 66.82623320066402, -170.4692297629064 66.8285758223266, -170.495 66.781, -170.519 66.731, -170.539 66.679, -170.696 66.245, -170.719 66.26, -170.722 66.257, -170.695 66.24, -170.536 66.678), (-177.943 44.878, -177.936 44.734, -177.908 44.592, -177.861 44.456, -177.795 44.328, -177.711 44.211, -177.611 44.106, -177.498 44.018, -177.492 44.026, -172.519 40.67, -172.525 40.661, -172.4 40.589, -172.266 40.536, -172.126 40.502, -171.982 40.489, -171.838 40.496, -171.697 40.523, -171.561 40.57, -171.433 40.637, -171.315 40.72, -171.211 40.82, -171.122 40.933, -171.131 40.939, -170.997 41.192, -170.958 41.367, -170.95 41.476, -170.957 41.62, -170.967 41.687, -170.995 41.8, -171.022 41.875, -171.051 41.941, -171.117 42.056, -171.197 42.161, -171.29 42.255, -171.394 42.336, -171.4 42.327, -176.373 45.684, -176.368 45.692, -176.493 45.764, -176.627 45.818, -176.767 45.851, -176.862 45.863, -176.86 45.893, -176.923 45.895, -176.924 45.865, -177 45.863, -177.104 45.85, -177.243 45.816, -177.37 45.765, -177.46 45.717, -177.518 45.678, -177.577 45.633, -177.762 45.414, -177.77 45.42, -177.842 45.295, -177.896 45.161, -177.929 45.021, -177.943 44.878), (-177.552 45.725, -177.52186270383743 45.76981956865204, -177.762 45.414, -177.552 45.725), (-177.536 45.703, -177.476 45.743, -177.552 45.725, -177.536 45.703), (-176.916 46.667, -176.82592145422208 46.80101929981593, -176.97218170966767 46.58430052336921, -176.916 46.667), (-177.178 46.279, -177.13254708570258 46.34668171180054, -177.37947863247797 45.980794871795844, -177.323 46.064, -177.178 46.279), (-185.16645152290187 82.95962357591277, -185.168 82.961, -186.336 83.915, -186.345 83.922, -188.006 85.278, -185.16645152290187 82.95962357591277), (-193.409 74.07, -188.435 70.714, -188.441 70.705, -188.316 70.634, -188.182 70.58, -188.042 70.546, -187.947 70.535, -187.949 70.505, -187.886 70.502, -187.885 70.533, -187.809 70.535, -187.705 70.547, -187.566 70.582, -187.439 70.632, -187.349 70.681, -187.291 70.72, -187.232 70.765, -187.047 70.983, -187.039 70.978, -186.967 71.103, -186.913 71.237, -186.88 71.377, -186.866 71.52, -186.873 71.664, -186.901 71.806, -186.948 71.942, -187.014 72.07, -187.098 72.187, -187.198 72.291, -187.311 72.38, -187.317 72.372, -192.29 75.728, -192.284 75.737, -192.409 75.808, -192.543 75.862, -192.683 75.896, -192.827 75.909, -192.971 75.902, -193.112 75.875, -193.248 75.827, -193.376 75.761, -193.494 75.677, -193.598 75.578, -193.687 75.464, -193.678 75.459, -193.812 75.206, -193.851 75.031, -193.859 74.922, -193.852 74.778, -193.842 74.71, -193.814 74.598, -193.787 74.523, -193.758 74.457, -193.692 74.342, -193.612 74.237, -193.519 74.143, -193.415 74.062, -193.409 74.07), (-187.257 70.673, -187.374 70.499, -187.486 70.334, -187.61389259560633 70.1434841334416, -187.047 70.983, -187.257 70.673), (-187.273 70.695, -187.333 70.655, -187.257 70.673, -187.273 70.695), (-188.016 69.548, -195.029 59.157, -195.03784718255932 59.143666922058465, -188.016 69.548), (-189.077 88.076, -189.108 88.123, -189.139 88.171, -189.169 88.218, -189.172 88.215, -189.046 88.029, -189.077 88.076), (-197.741 52.268, -197.979 52.309, -198.016 52.316, -198.053 52.324, -198.09 52.332, -198.349 52.393, -198.405 52.407, -198.46 52.423, -198.515 52.44, -198.996 52.601, -199.068 52.627, -199.138 52.655, -199.207 52.686, -199.665 52.904, -199.721 52.932, -199.776 52.962, -199.831 52.993, -200.151 53.187, -200.177 53.204, -200.204 53.22, -200.23 53.238, -205.203 56.594, -205.228 56.611, -205.253 56.629, -205.278 56.647, -205.572 56.868, -205.621 56.905, -205.668 56.944, -205.715 56.985, -206.082 57.321, -206.136 57.373, -206.188 57.426, -206.238 57.481, -206.563 57.858, -206.61 57.916, -206.656 57.975, -206.698 58.036, -206.977 58.449, -207.008 58.496, -207.037 58.545, -207.065 58.594, -207.191 58.823, -207.196 58.832, -207.201 58.841, -207.206 58.851, -209.65170938547243 60.401815722349866, -211.09384877314136 59.632151727601205, -214.78 57.664, -199.5784518200062 47.28230856435366, -193.7913834828786 50.34229334686067, -196.633 52.516, -196.896 52.2, -196.953 52.2, -197.011 52.202, -197.069 52.206, -197.574 52.247, -197.63 52.252, -197.685 52.26, -197.741 52.268), (-198.15350000006234 68.82749999990764, -194.647 74.023, -194.62919276601573 74.04958544792017, -198.15350000006234 68.82749999990764), (-195.061 92.116, -195.029 92.069, -194.998 92.021, -195.11 92.198, -195.124 92.212, -195.092 92.164, -195.061 92.116), (-196.1727525773111 93.92757731958224, -195.546 93.53, -195.848 93.722, -196.1727525773111 93.92757731958224), (-195.84171140939034 93.29167114094412, -195.723 93.387, -195.619 93.471, -195.546 93.53, -195.84171140939034 93.29167114094412), (-202.419 62.507, -202.38886270384435 62.55181956864176, -202.629 62.196, -202.419 62.507), (-202.403 62.485, -202.343 62.525, -202.419 62.507, -202.403 62.485), (-202.637 62.202, -202.709 62.077, -202.762 61.943, -202.796 61.803, -202.81 61.66, -202.803 61.516, -202.775 61.374, -202.728 61.238, -202.662 61.11, -202.578 60.993, -202.478 60.888, -202.365 60.799, -202.359 60.808, -197.386 57.452, -197.392 57.443, -197.267 57.371, -197.133 57.318, -196.993 57.284, -196.849 57.271, -196.705 57.278, -196.564 57.305, -196.428 57.352, -196.3 57.419, -196.182 57.502, -196.078 57.602, -195.989 57.715, -195.998 57.721, -195.864 57.974, -195.825 58.149, -195.817 58.258, -195.824 58.402, -195.834 58.469, -195.862 58.582, -195.889 58.657, -195.918 58.723, -195.984 58.838, -196.064 58.943, -196.157 59.037, -196.261 59.118, -196.267 59.109, -201.24 62.466, -201.235 62.474, -201.36 62.546, -201.494 62.599, -201.634 62.633, -201.729 62.645, -201.727 62.675, -201.79 62.677, -201.791 62.647, -201.867 62.645, -201.971 62.632, -202.11 62.598, -202.237 62.547, -202.327 62.499, -202.385 62.46, -202.444 62.415, -202.629 62.196, -202.637 62.202), (-195.944 93.209, -195.86777511962234 93.27066507176619, -195.9987862796783 93.16507651715446, -195.944 93.209), (-196.535 52.891, -196.52 52.951, -196.638 52.944, -196.535 52.891), (-196.938 52.941, -196.903 52.941, -197.008 52.945, -196.973 52.942, -196.938 52.941), (-197.547 52.989, -197.514 52.986, -197.615 52.999, -197.581 52.993, -197.547 52.989), (-197.875 53.044, -197.853 53.04, -197.92 53.054, -197.898 53.048, -197.875 53.044), (-198.213 53.123, -198.179 53.114, -198.28 53.143, -198.247 53.133, -198.213 53.123), (-198.804 53.32, -198.761 53.304, -198.889 53.356, -198.847 53.337, -198.804 53.32), (-199.381 53.591, -199.346 53.574, -199.447 53.628, -199.414 53.609, -199.381 53.591), (-199.844 46.394, -199.93548148148153 46.34488888888886, -199.75794366196993 46.43977464788833, -199.844 46.394), (-199.767 53.821, -199.7909999999999 53.836499999999944, -199.783 53.831, -199.767 53.821), (-200.71188235293735 96.41982352941486, -200.443 96.636, -200.557 96.545, -200.646 96.473, -200.71188235293735 96.41982352941486), (-199.96182191770123 96.3307671232198, -200.093 96.414, -200.443 96.636, -199.96182191770123 96.3307671232198), (-201.69292145421895 63.583019299820585, -201.83918170966942 63.3663005233666, -201.783 63.449, -201.69292145421895 63.583019299820585), (-201.99954708570064 63.1286817118034, -202.24647863247796 62.76279487179586, -202.19 62.846, -202.045 63.061, -201.99954708570064 63.1286817118034), (-202.716 97.967, -202.639 98.029, -202.71705128205116 97.96615897435909, -202.716 97.967), (-204.117 98.784, -204.14158536585103 98.76419512195332, -203.99 98.886, -204.117 98.784), (-204.819 57.23, -204.804 57.219, -204.788 57.208, -204.834 57.241, -204.819 57.23), (-205.128 57.461, -205.214 57.532, -205.187 57.508, -205.158 57.484, -205.128 57.461), (-205.676 57.965, -205.646 57.932, -205.615 57.899, -205.582 57.868, -205.676 57.965), (-206.058 58.413, -206.03 58.377, -206.001 58.342, -206.084 58.45, -206.058 58.413), (-206.399 58.921, -206.381 58.892, -206.362 58.863, -206.416 58.951, -206.399 58.921), (-206.572 59.239, -206.557 59.209, -206.541 59.18, -206.585 59.269, -206.572 59.239), (-206.81208287295215 89.47519685956698, -206.875 89.514, -206.9450799999649 89.55718526313626, -206.81208287295215 89.47519685956698), (-253.931 82.929, -253.401 82.209, -253.181 81.91, -253.001 81.665, -249.632 79.328, -247.31349427304772 77.71878414091363, -245.76543164564643 76.64467721524316, -243.997 75.418, -241.752 73.86, -241.708 73.806, -241.67700000000002 73.76700000000002, -241.658 73.744, -241.652 73.736, -237.946 69.11, -227.699 62.317, -218.049 55.919, -216.655 56.664, -216.649 56.667, -216.632 56.676, -216.605 56.69, -216.566 56.711, -216.396 56.802, -216.26 56.874, -216.158 56.929, -216 57.013, -215.833 57.102, -215.66 57.195, -215.518 57.271, -209.652 60.402, -208.9 60.803, -207.306 61.654, -221.237 70.89, -221.517 70.868, -222.023 70.877, -222.288 70.907, -222.784 71.008, -223.015 71.078, -223.486 71.266, -223.723 71.387, -224.043 71.581, -229.016 74.937, -229.311 75.158, -229.678 75.494, -229.854 75.686, -230.155 76.083, -230.407 76.512, -230.509 76.726, -230.664 77.141, -242.959 85.292, -243.25 85.126, -243.437 85.046, -243.872 84.893, -244.325 84.804, -244.527 84.778, -244.988 84.774, -245.191 84.785, -245.392 84.816, -245.842 84.915, -246.034 84.981, -246.459 85.161, -246.854 85.4, -247.02 85.517, -247.175 85.649, -247.506 85.97, -247.788 86.336, -247.901 86.504, -248.111 86.915, -248.191 87.102, -248.253 87.296, -248.365 87.743, -248.412 88.202, -248.42 88.405, -248.378 88.885, -248.571 89.013, -251.179 87.62, -251.93 87.219, -255.418 85.357, -255.634 85.242, -254.715 83.993, -254.19429113923974 83.28575949366984, -253.931 82.929), (-215.08104123710496 55.82434020617929, -215.301 55.988, -215.835 56.385, -216.396 56.802, -215.08104123710496 55.82434020617929), (-251.93009937817652 87.21906303055593, -252.48937035341933 86.92052409359626, -251.93 87.219, -251.93009937817652 87.21906303055593), (-209.893 91.408, -209.543 91.042, -209.803 91.319, -209.893 91.408), (-208.39333021807047 90.44998442367722, -208.707 90.644, -209.803 91.319, -208.39333021807047 90.44998442367722), (-208.587 87.731, -208.57665255418937 87.85845024717968, -208.612 87.612, -208.689 87.234, -208.587 87.731), (-208.713 89.5, -208.884 89.977, -208.754 89.614, -208.68636116060065 89.38250369050651, -208.713 89.5), (-208.85 86.753, -208.82049936006828 86.84113545221832, -208.89 86.662, -208.947 86.532, -208.85 86.753), (-218.824 91.827, -218.545 92.241, -218.90135510587857 91.71297656471147, -218.824 91.827), (-218.679 91.987, -218.718 91.813, -218.726 91.704, -218.719 91.56, -218.709 91.492, -218.681 91.38, -218.654 91.304, -218.625 91.239, -218.559 91.124, -218.479 91.019, -218.386 90.925, -218.282 90.844, -218.276 90.852, -213.302 87.496, -213.308 87.487, -213.183 87.416, -213.049 87.362, -212.909 87.328, -212.814 87.317, -212.816 87.287, -212.753 87.284, -212.752 87.315, -212.676 87.317, -212.572 87.329, -212.433 87.364, -212.306 87.414, -212.216 87.463, -212.157 87.502, -212.099 87.547, -211.914 87.765, -211.906 87.76, -211.834 87.885, -211.78 88.018, -211.747 88.159, -211.733 88.302, -211.74 88.446, -211.768 88.588, -211.815 88.724, -211.881 88.852, -211.965 88.969, -212.065 89.073, -212.178 89.162, -212.184 89.154, -217.157 92.51, -217.151 92.519, -217.276 92.59, -217.41 92.644, -217.55 92.678, -217.694 92.691, -217.838 92.684, -217.979 92.657, -218.115 92.609, -218.243 92.543, -218.361 92.459, -218.465 92.36, -218.554 92.246, -218.545 92.241, -218.679 91.987), (-212.124 87.455, -212.19085714285836 87.35499999999818, -211.914 87.765, -212.124 87.455), (-212.14 87.477, -212.2 87.437, -212.124 87.455, -212.14 87.477), (-212.4808925956055 86.92548413344282, -212.28570066518702 87.2145454545476, -212.353 87.116, -212.4808925956055 86.92548413344282), (-219.896 75.939, -219.90484718255763 75.92566692206103, -212.883 86.33, -219.896 75.939), (-214.3699999999999 55.24105263157899, -214.362 55.244, -214.354 55.24736842105263, -214.3699999999999 55.24105263157899), (-217.259 95.848, -217.134 95.838, -217.628 95.878, -217.506 95.868, -217.259 95.848), (-218.762 95.741, -218.635 95.778, -218.84903184713434 95.71603184713359, -218.762 95.741), (-218.515 95.797, -218.265 95.837, -218.134 95.858, -218.635 95.778, -218.515 95.797), (-219.245 91.203, -219.17555081203528 91.30669149591955, -219.3296105641763 91.07841594093728, -219.245 91.203), (-219.514 90.805, -219.442 90.911, -219.39356574923755 90.98365137614371, -223.02049999987534 85.60950000018471, -219.514 90.805), (-227.677 78.441, -227.67 78.298, -227.642 78.156, -227.595 78.02, -227.529 77.892, -227.445 77.775, -227.345 77.67, -227.232 77.581, -227.226 77.59, -222.253 74.233, -222.259 74.225, -222.134 74.153, -222 74.1, -221.86 74.066, -221.716 74.052, -221.572 74.06, -221.431 74.087, -221.295 74.134, -221.167 74.201, -221.049 74.284, -220.945 74.384, -220.856 74.497, -220.865 74.503, -220.731 74.756, -220.692 74.931, -220.684 75.04, -220.691 75.184, -220.701 75.251, -220.729 75.364, -220.756 75.439, -220.785 75.505, -220.851 75.62, -220.931 75.725, -221.024 75.819, -221.128 75.9, -221.134 75.891, -226.107 79.248, -226.102 79.256, -226.227 79.328, -226.361 79.381, -226.501 79.415, -226.596 79.426, -226.594 79.457, -226.657 79.459, -226.658 79.429, -226.734 79.427, -226.838 79.414, -226.977 79.38, -227.104 79.329, -227.194 79.281, -227.252 79.242, -227.311 79.197, -227.496 78.978, -227.504 78.984, -227.576 78.859, -227.629 78.725, -227.663 78.585, -227.677 78.441), (-227.286 79.289, -227.168 79.463, -227.057 79.628, -226.912 79.843, -226.86654708570182 79.91068171180169, -227.496 78.978, -227.286 79.289), (-227.27 79.267, -227.21 79.307, -227.286 79.289, -227.27 79.267), (-222.224 97.823, -222.06908424657527 97.50630513698614, -222.135 97.653, -222.224 97.823), (-234.78418181818182 87.11254545454543, -234.66996787148597 86.84842570281127, -234.57393400000004 86.65454600000005, -234.4206031128404 86.4078832684824, -234.30444895989703 86.23560969333046, -234.1020269004082 85.99795783587746, -233.97344546417224 85.85486564194716, -233.68189226421828 85.60233345107795, -233.62486835222316 85.55405841325195, -233.44010928075434 85.45431795833552, -233.19814242854875 85.34282820148425, -232.92321129368207 85.24229368201807, -232.67166930467113 85.16582106968013, -232.3804092235473 85.10433861963969, -232.12010485181725 85.06295936646264, -231.8208393110134 85.04349921706063, -231.6587380552475 85.03994306519739, -231.56723951320552 85.03793578456758, -231.2526250941032 85.06226449184439, -231.0105254489624 85.09035340094913, -230.7145201624329 85.15625044857867, -230.5254509208385 85.20512306385874, -230.46005901486987 85.22202625464685, -230.18755023923438 85.32562041467308, -229.94110035971227 85.42672805755394, -229.66923745548684 85.5770971188089, -229.45805322601592 85.69943216928465, -229.1835624999999 85.90756250000007, -229.01424136113826 86.03995513061811, -228.76183900928814 86.29550464396263, -228.62116227312012 86.44061214347451, -228.29217166465511 86.88605960449352, -224.53618422044914 92.80710865597807, -224.27253040492198 93.29828594934905, -224.2374162436554 93.39210659898322, -224.0813428254064 93.81891962031723, -224.03612975778552 94.0180813148787, -223.96270279042983 94.36530375373012, -223.94235220125782 94.6017169811327, -223.92128985507247 94.917652173913, -223.93528027681663 95.19046539792416, -223.9570527847291 95.47202351161019, -224.00783412412233 95.73987018409613, -224.0721300243795 96.02585834844014, -224.150132701422 96.25807321457806, -224.26356640498273 96.55646532148168, -224.37216137644634 96.77454538712584, -224.52201100580857 97.04546917354519, -224.67148973607047 97.26412414467264, -224.84676834478913 97.49528868660595, -225.0261432452318 97.69372522497031, -225.23688991118016 97.90187648862866, -225.43600177935946 98.06914946619217, -225.60599880023995 98.19507318536292, -225.72176193390487 98.2478867809059, -226.02649395453813 98.38212155408672, -226.2179937878553 98.43940425531916, -226.5115460470597 98.5190412048459, -226.7114313178294 98.55044568475452, -227.01063670519056 98.5856124065831, -227.21921974596725 98.58953970232993, -227.5131609043807 98.57998520960903, -227.7235867819641 98.55512476837556, -228.00839104477615 98.5025880597015, -228.22258695652175 98.44648913043478, -228.48638532110073 98.35517431192667, -228.69201382778138 98.27031175361402, -228.94080007008927 98.14055685999655, -229.13207791320195 98.02940266545166, -229.3688680471947 97.85601842041905, -229.53268203692966 97.72749414655783, -229.7838056698671 97.4777242798357, -229.901 97.357, -230.184 96.972, -234.469 90.216, -234.696 89.797, -234.76294285153176 89.61993813825623, -234.87612761163462 89.30108049979502, -234.9175302994011 89.11906491018004, -234.9776545412508 88.806904705021, -234.99497406866325 88.60625164353546, -235.00735093333333 88.31258239999995, -234.99683297180044 88.09444902386117, -234.9663229380386 87.81114156750107, -234.9256265897249 87.59424852932938, -234.8543177570093 87.32295327102787, -234.78418181818182 87.11254545454543), (-224.257 99.96, -224.522 100.112, -224.60427409724204 100.15194066913092, -224.257 99.96), (-228.29184608674103 86.88650043122674, -228.29 86.889, -224.54 92.8, -228.29184608674103 86.88650043122674), (-225.70410300429083 100.57866952789672, -225.658 100.566, -225.527 100.531, -225.434 100.506, -225.70410300429083 100.57866952789672), (-226.0608333333335 100.67445833333338, -226.051 100.672, -225.912 100.642, -226.0608333333335 100.67445833333338), (-226.1 100.683, -226.27304584527417 100.71013753581694, -226.223 100.702, -226.1 100.683), (-226.087 100.68, -226.08379310344827 100.67946551724138, -226.1 100.683, -226.087 100.68), (-226.70618170966898 80.14830052336727, -226.65 80.231, -226.55992145421558 80.36501929982558, -226.70618170966898 80.14830052336727), (-226.8108581560284 100.77507092198582, -226.87065957446808 100.77917021276596, -226.841 100.777, -226.8108581560284 100.77507092198582), (-227.79 99.598, -227.252 99.257, -227.23493160814402 99.24618669131932, -228.61097546012886 100.11880981595482, -228.301 99.922, -227.79 99.598), (-228.566 100.637, -228.521 100.647, -228.475 100.657, -228.427 100.668, -228.379 100.679, -228.566 100.637), (-228.264 100.697, -228.144 100.716, -228.018 100.737, -227.888 100.758, -228.379 100.679, -228.264 100.697), (-227.768 100.766, -227.645 100.775, -227.52 100.784, -227.392 100.794, -227.888 100.758, -227.768 100.766), (-228.83507692307802 100.55530769230735, -228.90146927374212 100.5351508379891, -228.892 100.538, -228.83507692307802 100.55530769230735), (-231.47666666666598 103.83066666666696, -231.352 103.884, -231.399 103.864, -231.446 103.844, -231.47666666666598 103.83066666666696), (-230.952 104.115, -231.07 104.047, -231.141 104.006, -231.211 103.966, -231.282 103.925, -231.352 103.884, -230.952 104.115), (-242.393 107.589, -242.454 107.452, -242.493 107.308, -242.511 107.159, -242.506 107.01, -242.478 106.863, -242.43 106.721, -242.36 106.589, -242.272 106.468, -242.167 106.362, -242.047 106.273, -236.98 103.059, -236.848 102.989, -236.708 102.939, -236.561 102.91, -236.412 102.904, -236.263 102.92, -236.118 102.958, -235.981 103.018, -235.854 103.097, -235.741 103.194, -235.643 103.306, -235.563 103.433, -235.502 103.569, -235.463 103.714, -235.446 103.862, -235.45 104.011, -235.478 104.158, -235.526 104.3, -235.596 104.432, -235.684 104.553, -235.789 104.659, -235.909 104.748, -231.47116505608022 101.93306468421669, -233.347 103.123, -240.976 107.962, -241.108 108.032, -241.248 108.082, -241.395 108.111, -241.545 108.117, -241.693 108.101, -241.838 108.063, -241.975 108.004, -242.102 107.925, -242.215 107.828, -242.313 107.715, -242.393 107.589), (-233.31 103.259, -233.331 103.184, -233.343 103.138, -233.347 103.123, -233.31 103.259), (-234.298 106.87, -234.245 106.667, -234.162 106.475, -234.052 106.298, -233.916 106.138, -233.758 106.001, -233.581 105.889, -233.39 105.805, -233.188 105.75, -232.98 105.725, -232.771 105.732, -232.565 105.77, -232.367 105.839, -232.182 105.936, -232.013 106.059, -231.864 106.206, -231.739 106.374, -231.641 106.559, -231.571 106.756, -231.531 106.962, -231.522 107.171, -231.545 107.379, -231.598 107.581, -231.681 107.773, -231.792 107.951, -231.928 108.11, -232.086 108.247, -232.262 108.359, -232.454 108.444, -232.656 108.499, -232.863 108.523, -233.072 108.516, -233.278 108.478, -233.476 108.41, -233.661 108.313, -233.83 108.189, -233.979 108.042, -234.104 107.874, -234.202 107.69, -234.272 107.492, -234.312 107.287, -234.321 107.078, -234.298 106.87), (-231.539 103.804, -231.65 103.765, -231.66466666666864 103.7597999999993, -231.539 103.804), (-231.974 103.651, -232.092 103.628, -232.12665934066078 103.62100732600705, -231.974 103.651), (-232.529 103.549, -232.54722429906602 103.54644859813077, -232.51242499999924 103.5509500000001, -232.529 103.549), (-233.291 103.399, -233.29973684210498 103.33347368421266, -233.271 103.542, -233.291 103.399), (-232.832 103.529, -232.949 103.533, -233.062 103.536, -233.169 103.539, -233.271 103.542, -232.832 103.529), (-232.69429999999963 103.53372500000002, -232.732 103.533, -232.782 103.531, -232.832 103.529, -232.69429999999963 103.53372500000002), (-238.23527964801488 122.1562532487507, -238.22281274900806 122.14599203187586, -237.8957669543383 121.8790394574281, -238.23527964801488 122.1562532487507), (-238.2119454653259 122.13704742146054, -238.156 122.091, -237.9486585468194 121.92207769843814, -238.2119454653259 122.13704742146054), (-238.32382449446473 122.22855055322151, -238.5303448245824 122.39717542281666, -238.53121859005998 122.39772966185109, -238.3363492063468 122.23866666666471, -238.32382449446473 122.22855055322151), (-238.34152444444337 122.24284666666578, -238.53122210497602 122.39773189140094, -238.53126651642532 122.39776006207076, -238.39 122.282, -238.34152444444337 122.24284666666578), (-239.37 120.484, -239.372 120.475, -239.356 120.401, -239.333 120.328, -239.305 120.258, -239.302 120.259, -239.331 120.332, -239.354 120.408, -239.37 120.484), (-249.474 96.181, -249.469 96.032, -249.442 95.885, -249.393 95.744, -249.324 95.611, -249.235 95.491, -249.13 95.384, -249.01108269574112 95.29580299934135, -243.94100452068392 92.07993371334254, -243.812 92.011, -243.671 91.961, -243.524 91.933, -243.375 91.926, -243.226 91.942, -243.082 91.981, -242.944 92.04, -242.817 92.119, -242.704 92.216, -242.606 92.329, -242.526 92.455, -242.465 92.592, -242.426 92.736, -242.409 92.884, -242.414 93.034, -242.441 93.181, -242.49 93.322, -242.559 93.454, -242.647 93.575, -242.752 93.681, -242.872 93.77, -247.939 96.984, -248.071 97.054, -248.212 97.104, -248.358 97.133, -248.508 97.139, -248.656 97.123, -248.801 97.085, -248.938 97.026, -249.065 96.947, -249.179 96.85, -249.277 96.737, -249.357 96.611, -249.417 96.474, -249.456 96.33, -249.474 96.181), (-246.219 88.32, -246.196 88.112, -246.143 87.909, -246.06 87.717, -245.95 87.54, -245.814 87.38, -245.656 87.243, -245.479 87.131, -245.288 87.047, -245.086 86.992, -244.878 86.967, -244.669 86.974, -244.463 87.012, -244.265 87.081, -244.08 87.178, -243.911 87.301, -243.762 87.449, -243.638 87.616, -243.539 87.801, -243.469 87.998, -243.429 88.204, -243.421 88.413, -243.443 88.621, -243.496 88.823, -243.579 89.015, -243.69 89.193, -243.826 89.352, -243.984 89.489, -244.16 89.601, -244.352 89.686, -244.554 89.741, -244.761 89.765, -244.971 89.758, -245.176 89.72, -245.374 89.652, -245.56 89.555, -245.728 89.431, -245.877 89.284, -246.002 89.116, -246.101 88.932, -246.17 88.734, -246.21 88.529, -246.219 88.32), (-248.133 114.87, -248.245 114.348, -248.188 114.606, -248.133 114.87), (-251.931 114.911, -250.3751094295463 113.9240640279249, -250.898 114.256, -251.931 114.911), (-253.967 125.874, -251.689 124.429, -251.57369948194963 124.35589119176333, -253.967 125.874), (-251.93044 87.21927906976744, -253.822 88.419, -255.178 86.281, -254.758 85.71, -253.43354639176002 86.41671870397246, -251.93044 87.21927906976744), (-260.984 121.793, -260.712 121.621, -260.418 121.491, -260.108 121.406, -259.789 121.369, -259.468 121.38, -259.152 121.438, -258.848 121.543, -258.564 121.692, -258.304 121.882, -258.076 122.108, -257.884 122.366, -257.733 122.649, -257.625 122.952, -257.564 123.267, -257.551 123.589, -257.585 123.908, -257.667 124.219, -257.795 124.514, -257.964 124.787, -258.173 125.031, -258.416 125.242, -258.687 125.414, -258.981 125.544, -259.291 125.628, -259.61 125.665, -259.931 125.655, -260.247 125.596, -260.551 125.492, -260.836 125.343, -261.095 125.153, -261.323 124.927, -261.515 124.669, -261.667 124.385, -261.774 124.083, -261.835 123.767, -261.849 123.446, -261.814 123.127, -261.732 122.816, -261.605 122.521, -261.435 122.248, -261.226 122.003, -260.984 121.793), (-259.965 102.244, -258.933 101.589, -257.645 100.772, -259.965 102.244), (-258.31 98.825, -258.095 98.988, -257.885 99.15, -257.683 99.309, -258.31 98.825), (-261.3670678807962 130.56808774834533, -261.347 130.555, -260.005 129.704, -261.3670678807962 130.56808774834533), (-263.07 112.161, -263.048 111.953, -262.994 111.75, -262.911 111.558, -262.801 111.381, -262.665 111.222, -262.507 111.084, -262.33 110.972, -262.139 110.888, -261.937 110.833, -261.729 110.808, -261.52 110.815, -261.314 110.853, -261.117 110.922, -260.931 111.019, -260.762 111.142, -260.614 111.29, -260.489 111.457, -260.39 111.642, -260.32 111.839, -260.28 112.045, -260.272 112.254, -260.294 112.462, -260.348 112.664, -260.43 112.856, -260.541 113.034, -260.677 113.193, -260.835 113.33, -261.011 113.442, -261.203 113.527, -261.405 113.582, -261.613 113.606, -261.822 113.599, -262.027 113.561, -262.225 113.493, -262.411 113.396, -262.58 113.272, -262.728 113.125, -262.853 112.957, -262.952 112.773, -263.022 112.575, -263.061 112.37, -263.07 112.161), (-262.8392614740969 88.08016794786464, -262.766 88.156, -262.798 88.123, -262.821 88.1, -262.835 88.085, -262.8396105953496 88.08038940465035, -262.8392614740969 88.08016794786464), (-260.81061700140475 86.82064175619114, -260.893 86.877, -261.68 87.415, -262.766 88.156, -260.81061700140475 86.82064175619114), (-261.41 130.595, -261.3755495495462 130.57346846846636, -261.45548294435093 130.62417773788547, -261.41 130.595), (-261.904 130.902, -261.73 130.798, -261.593 130.711, -261.4777557471148 130.638307471257, -262.10178342353225 131.03418691120498, -261.904 130.902), (-262.959 131.578, -262.604 131.352, -262.349 131.191, -262.26973333325526 131.14073333328383, -262.959 131.578), (-264.618 130.465, -263.527 130.334, -264.214 130.418, -264.618 130.465), (-267.647 132.515, -267.574 132.32, -267.467 132.13, -267.328 131.955, -267.161 131.802, -267.038 131.717, -266.922 131.643, -266.708 131.568, -266.506 131.521, -266.296 131.509, -266.075 131.527, -265.878 131.575, -265.687 131.651, -265.508 131.756, -265.361 131.873, -265.232 132.008, -265.121 132.159, -265.024 132.341, -264.954 132.535, -264.914 132.738, -264.904 132.944, -264.924 133.149, -264.975 133.35, -265.054 133.54, -265.16 133.717, -265.292 133.876, -265.445 134.015, -265.617 134.129, -265.804 134.217, -266.002 134.276, -266.206 134.305, -266.413 134.304, -266.617 134.273, -266.814 134.212, -267 134.123, -267.171 134.007, -267.323 133.867, -267.453 133.707, -267.558 133.529, -267.636 133.337, -267.684 133.137, -267.703 132.939, -267.692 132.732, -267.647 132.515), (-266.686 131.194, -267.053 131.425, -267.617 131.777, -266.686 131.194), (-280.127 121.819, -280.297 120.939, -280.334 120.043, -280.238 119.151, -280.009 118.284, -279.654 117.461, -279.18 116.699, -278.598 116.017, -277.921 115.429, -277.164 114.949, -276.343 114.587, -275.478 114.351, -274.588 114.247, -273.691 114.277, -272.809 114.44, -271.962 114.732, -271.167 115.148, -270.443 115.677, -269.807 116.309, -269.271 117.028, -268.849 117.819, -268.549 118.664, -268.378 119.545, -268.341 120.441, -268.438 121.332, -268.666 122.199, -269.021 123.023, -269.495 123.784, -270.077 124.466, -270.754 125.054, -271.512 125.534, -272.332 125.897, -273.197 126.132, -274.088 126.237, -274.984 126.207, -275.866 126.044, -276.714 125.751, -277.508 125.336, -278.232 124.806, -278.869 124.175, -279.404 123.456, -279.827 122.664, -280.127 121.819), (-268.866 135.429, -268.937 135.363, -268.599 135.677, -268.866 135.429), (-273.211 105.532, -273.176 105.213, -273.094 104.902, -272.967 104.607, -272.797 104.334, -272.589 104.09, -272.346 103.879, -272.075 103.707, -271.781 103.577, -271.471 103.493, -271.152 103.456, -270.831 103.466, -270.515 103.525, -270.211 103.629, -269.926 103.778, -269.667 103.968, -269.438 104.194, -269.247 104.452, -269.095 104.736, -268.988 105.038, -268.927 105.354, -268.913 105.675, -268.948 105.994, -269.03 106.305, -269.157 106.6, -269.327 106.873, -269.535 107.118, -269.778 107.328, -270.049 107.5, -270.343 107.63, -270.653 107.715, -270.973 107.752, -271.294 107.741, -271.61 107.683, -271.914 107.578, -272.198 107.429, -272.458 107.239, -272.686 107.013, -272.878 106.755, -273.029 106.472, -273.136 106.169, -273.198 105.854, -273.211 105.532), (-269.343 134.837, -269.228 134.992, -269.13090794978484 135.12417573222567, -269.343 134.837), (-269.7709040136486 134.24085177921546, -269.7709048338369 134.24085196374622, -269.177 133.317, -269.556 133.909, -269.7709040136486 134.24085177921546), (-269.5241985111658 134.49523573201085, -269.504 134.536, -269.444 134.66, -269.5241985111658 134.49523573201085), (-269.821 139.718, -269.60817391304397 139.67017391304358, -269.646 139.679, -269.734 139.699, -269.821 139.718), (-270.66905126877265 138.15760642154308, -270.66786174391206 138.12033464257627, -270.654 138.378, -270.66905126877265 138.15760642154308), (-279.58 135.748, -279.688 135.445, -279.749 135.13, -279.762 134.808, -279.727 134.489, -279.646 134.178, -279.518 133.883, -279.349 133.61, -279.14 133.366, -278.897 133.155, -278.626 132.983, -278.332 132.853, -278.022 132.769, -277.703 132.732, -277.382 132.742, -277.066 132.801, -276.762 132.905, -276.477 133.054, -276.218 133.244, -275.99 133.47, -275.798 133.728, -275.646 134.012, -275.539 134.314, -275.478 134.63, -275.464 134.951, -275.499 135.27, -275.581 135.581, -275.708 135.876, -275.878 136.149, -276.086 136.394, -276.329 136.604, -276.601 136.776, -276.894 136.906, -277.205 136.991, -277.524 137.028, -277.845 137.017, -278.161 136.959, -278.465 136.854, -278.749 136.705, -279.009 136.515, -279.237 136.289, -279.429 136.031, -279.58 135.748), (-283.674 108.089, -283.736 107.892, -283.768 107.688, -283.769 107.482, -283.74 107.277, -283.681 107.079, -283.594 106.892, -283.481 106.72, -283.343 106.566, -283.184 106.434, -283.007 106.327, -282.817 106.247, -282.617 106.196, -282.411 106.175, -282.205 106.185, -282.002 106.225, -281.808 106.294, -281.625 106.391, -281.459 106.513, -281.313 106.659, -281.19 106.825, -281.1 106.989, -281.034 107.164, -280.991 107.347, -280.968 107.55, -280.983 107.752, -281.028 107.968, -281.101 108.164, -281.208 108.353, -281.347 108.528, -281.514 108.681, -281.638 108.767, -281.758 108.833, -281.967 108.915, -282.171 108.96, -282.379 108.975, -282.598 108.962, -282.797 108.909, -282.988 108.832, -283.167 108.727, -283.328 108.598, -283.468 108.446, -283.584 108.275, -283.674 108.089), (-285.226 134.774, -285.261 134.819, -285.288 134.805, -285.226 134.774), (-287.957 127.25, -287.797 127.122, -287.621 127.019, -287.431 126.943, -287.233 126.895, -287.035 126.877, -286.828 126.887, -286.61 126.933, -286.401 127.013, -286.202 127.129, -286.092 127.214, -285.994 127.307, -285.901 127.415, -285.822 127.526, -285.727 127.703, -285.657 127.895, -285.614 128.114, -285.606 128.337, -285.635 128.566, -285.671 128.702, -285.718 128.827, -285.778 128.952, -285.852 129.071, -285.98 129.231, -286.13 129.37, -286.299 129.485, -286.482 129.575, -286.677 129.637, -286.878 129.671, -287.083 129.674, -287.285 129.648, -287.482 129.592, -287.669 129.509, -287.841 129.399, -287.995 129.265, -288.129 129.11, -288.238 128.938, -288.321 128.751, -288.377 128.554, -288.402 128.352, -288.399 128.147, -288.365 127.946, -288.302 127.751, -288.212 127.568, -288.096 127.4, -287.957 127.25), (-290.881 115.97, -290.711 115.697, -290.502 115.452, -290.26 115.242, -289.988 115.07, -289.694 114.94, -289.384 114.855, -289.065 114.818, -288.744 114.829, -288.428 114.887, -288.124 114.992, -287.84 115.141, -287.58 115.331, -287.352 115.557, -287.16 115.815, -287.009 116.098, -286.901 116.401, -286.84 116.716, -286.827 117.037, -286.861 117.357, -286.943 117.668, -287.071 117.963, -287.24 118.236, -287.449 118.48, -287.692 118.691, -287.963 118.863, -288.257 118.992, -288.567 119.077, -288.886 119.114, -289.207 119.104, -289.523 119.045, -289.827 118.94, -290.112 118.791, -290.371 118.602, -290.599 118.376, -290.791 118.118, -290.943 117.834, -291.05 117.531, -291.111 117.216, -291.124 116.895, -291.09 116.575, -291.008 116.265, -290.881 115.97)))