MULTIPOLYGON (((85.315 0.27, 85.32547619047621 0.3103809523810269, 85.342 0.393, 85.35124170616109 0.4195876777249722, 85.356 0.441, 85.36549260355034 0.4646260355030861, 85.37 0.482, 85.38585128841972 0.5191567836075025, 85.407 0.58, 85.40784615384615 0.581692307692317, 85.41 0.588, 85.43518070444102 0.6380719754976847, 85.446 0.665, 85.45363700738915 0.6780523399014593, 85.463 0.7, 85.47931205673757 0.7258274231678142, 85.497 0.761, 85.52913429010762 0.807084059456667, 85.556 0.853, 85.57472093023256 0.8768914728682313, 85.583 0.89, 85.59368950749463 0.9023340471091902, 85.607 0.922, 85.61738063063063 0.9336388888889008, 85.626 0.946, 85.64272532306845 0.9636780313445049, 85.661 0.987, 85.70750402144773 1.034686327077763, 85.739 1.07, 85.75164764123468 1.0799522422830306, 85.779 1.108, 85.78005639503507 1.1088317593092334, 85.784 1.113, 85.927 1.227, 85.940593256059 1.2352314717246116, 85.94059325605902 1.2352314717246178, 85.94059325605903 1.2352314717246302, 85.94059325605903 1.235231471724633, 85.953 1.245, 86.01767556296909 1.2819090909090618, 86.107 1.336, 86.1266027131783 1.3440717054263622, 86.144 1.354, 86.25679999999997 1.3976823529411633, 86.328 1.427, 86.33961958356781 1.4297546426561623, 86.348 1.433, 86.56 1.482, 86.789 1.5, 86.78999999999999 1.4999220779220783, 86.791 1.5, 87.02 1.482, 87.232 1.433, 87.2403804164322 1.4297546426561603, 87.252 1.427, 87.3231999999999 1.3976823529412175, 87.436 1.354, 87.45339728682177 1.3440717054263325, 87.473 1.336, 87.56232443703094 1.2819090909090494, 87.627 1.245, 87.63940674394098 1.2352314717246364, 87.653 1.227, 87.796 1.113, 87.79994360496495 1.1088317593092085, 87.801 1.108, 87.919 0.987, 87.93727467693157 0.9636780313444847, 87.954 0.946, 87.97721879382887 0.9127017297803086, 88.024 0.853, 88.05086570989242 0.8070840594566092, 88.083 0.761, 88.11462453253552 0.6981144353029538, 88.134 0.665, 88.14481929555895 0.6380719754977411, 88.17 0.588, 88.19865703971116 0.5040758122744596, 88.224 0.441, 88.23109090909092 0.4090909090908726, 88.24 0.383, 88.2630222222222 0.2654000000001069, 88.274 0.216, 88.27479549114332 0.205260869565226, 88.277 0.194, 88.29 0, 88.277 -0.194, 88.27479549114332 -0.2052608695652311, 88.274 -0.216, 88.2630222222222 -0.2654000000001069, 88.24 -0.383, 88.23109090909092 -0.4090909090908587, 88.224 -0.441, 88.19865703971115 -0.5040758122745036, 88.17 -0.588, 88.14481929555897 -0.6380719754976789, 88.134 -0.665, 88.11462453253553 -0.6981144353029305, 88.083 -0.761, 88.05086570989239 -0.8070840594566481, 88.024 -0.853, 87.97721879382885 -0.9127017297803263, 87.954 -0.946, 87.93727467693154 -0.9636780313445146, 87.919 -0.987, 87.801 -1.108, 87.79994360496492 -1.1088317593092305, 87.796 -1.113, 87.653 -1.227, 87.63940674394095 -1.2352314717246506, 87.627 -1.245, 87.56232443703094 -1.2819090909090494, 87.473 -1.336, 87.45339728682175 -1.3440717054263367, 87.436 -1.354, 87.32319999999994 -1.3976823529412021, 87.252 -1.427, 87.2403804164322 -1.4297546426561596, 87.232 -1.433, 87.02 -1.482, 86.791 -1.5, 86.78999999999999 -1.4999220779220785, 86.789 -1.5, 86.56 -1.482, 86.348 -1.433, 86.33961958356781 -1.4297546426561616, 86.328 -1.427, 86.2568 -1.3976823529411762, 86.144 -1.354, 86.1266027131783 -1.3440717054263618, 86.107 -1.336, 86.0176755629691 -1.281909090909071, 85.953 -1.245, 85.940593256059 -1.2352314717246156, 85.927 -1.227, 85.784 -1.113, 85.78005639503509 -1.1088317593092436, 85.779 -1.108, 85.75164764123468 -1.079952242283031, 85.739 -1.07, 85.70750402144773 -1.0346863270777675, 85.661 -0.987, 85.6427253230684 -0.9636780313444548, 85.626 -0.946, 85.61738063063062 -0.9336388888888832, 85.607 -0.922, 85.59368950749464 -0.9023340471092135, 85.583 -0.89, 85.57472093023256 -0.8768914728682314, 85.556 -0.853, 85.52913429010759 -0.8070840594566244, 85.52913429010758 -0.8070840594566083, 85.497 -0.761, 85.47931205673761 -0.7258274231679045, 85.463 -0.7, 85.45363700738915 -0.6780523399014604, 85.446 -0.665, 85.43518070444102 -0.6380719754976779, 85.41 -0.588, 85.40784615384614 -0.5816923076922818, 85.407 -0.58, 85.38585128841969 -0.5191567836074376, 85.37 -0.482, 85.36549260355031 -0.4646260355030105, 85.356 -0.441, 85.35124170616113 -0.4195876777251205, 85.342 -0.393, 85.32547619047617 -0.3103809523808502, 85.315 -0.27, 85.30971134020619 -0.2327010309279134, 85.306 -0.216, 85.30564705882352 -0.2112352941176414, 85.303 -0.198, 85.30145544554455 -0.1744752475247338, 85.296 -0.136, 85.29 0, 85.296 0.136, 85.30145544554455 0.1744752475246472, 85.303 0.198, 85.30564705882352 0.2112352941176487, 85.306 0.216, 85.30971134020619 0.2327010309278911, 85.315 0.27)), ((99.315 0.27, 99.32547619047621 0.3103809523810269, 99.342 0.393, 99.35124170616109 0.4195876777249722, 99.356 0.441, 99.36549260355034 0.4646260355030861, 99.37 0.482, 99.38585128841972 0.5191567836075025, 99.407 0.58, 99.40784615384615 0.581692307692317, 99.41 0.588, 99.43518070444102 0.6380719754976847, 99.446 0.665, 99.45363700738915 0.6780523399014593, 99.463 0.7, 99.47931205673757 0.7258274231678142, 99.497 0.761, 99.52913429010762 0.807084059456667, 99.556 0.853, 99.57472093023256 0.8768914728682313, 99.583 0.89, 99.59368950749463 0.9023340471091902, 99.607 0.922, 99.61738063063063 0.9336388888889008, 99.626 0.946, 99.64272532306845 0.9636780313445049, 99.661 0.987, 99.70750402144773 1.034686327077763, 99.739 1.07, 99.75164764123468 1.0799522422830306, 99.779 1.108, 99.78005639503507 1.1088317593092334, 99.784 1.113, 99.927 1.227, 99.940593256059 1.2352314717246116, 99.94059325605902 1.2352314717246178, 99.94059325605903 1.2352314717246302, 99.953 1.245, 100.01767556296909 1.2819090909090618, 100.107 1.336, 100.12660271317829 1.3440717054263551, 100.1266027131783 1.3440717054263596, 100.1266027131783 1.3440717054263622, 100.144 1.354, 100.25679999999997 1.3976823529411633, 100.328 1.427, 100.33961958356781 1.4297546426561623, 100.348 1.433, 100.56 1.482, 100.789 1.5, 100.79 1.499922077922079, 100.791 1.5, 101.02 1.482, 101.232 1.433, 101.2403804164322 1.4297546426561603, 101.252 1.427, 101.3231999999999 1.3976823529412175, 101.436 1.354, 101.45339728682177 1.3440717054263334, 101.473 1.336, 101.56232443703094 1.2819090909090494, 101.627 1.245, 101.63940674394098 1.2352314717246364, 101.653 1.227, 101.796 1.113, 101.79994360496495 1.1088317593092085, 101.801 1.108, 101.919 0.987, 101.93727467693157 0.9636780313444847, 101.954 0.946, 101.97721879382887 0.912701729780309, 102.024 0.853, 102.0508657098924 0.8070840594566319, 102.0508657098924 0.8070840594566233, 102.05086570989242 0.8070840594566092, 102.083 0.761, 102.11462453253552 0.6981144353029538, 102.134 0.665, 102.14481929555895 0.6380719754977411, 102.17 0.588, 102.19865703971116 0.5040758122744596, 102.224 0.441, 102.23109090909092 0.4090909090908726, 102.24 0.383, 102.2630222222222 0.2654000000001069, 102.274 0.216, 102.27479549114332 0.205260869565226, 102.277 0.194, 102.29 0, 102.277 -0.194, 102.27479549114332 -0.2052608695652646, 102.274 -0.216, 102.2630222222222 -0.2654000000001069, 102.24 -0.383, 102.23109090909092 -0.4090909090908587, 102.224 -0.441, 102.19865703971115 -0.5040758122745036, 102.17 -0.588, 102.14481929555897 -0.6380719754976789, 102.134 -0.665, 102.11462453253553 -0.6981144353029305, 102.083 -0.761, 102.05086570989239 -0.8070840594566481, 102.024 -0.853, 101.97721879382885 -0.9127017297803263, 101.954 -0.946, 101.93727467693154 -0.9636780313445146, 101.919 -0.987, 101.801 -1.108, 101.79994360496492 -1.1088317593092305, 101.796 -1.113, 101.653 -1.227, 101.63940674394095 -1.2352314717246506, 101.627 -1.245, 101.56232443703094 -1.2819090909090494, 101.473 -1.336, 101.45339728682175 -1.3440717054263367, 101.436 -1.354, 101.32319999999994 -1.3976823529412021, 101.252 -1.427, 101.2403804164322 -1.4297546426561596, 101.232 -1.433, 101.02 -1.482, 100.791 -1.5, 100.78999999999999 -1.4999220779220785, 100.789 -1.5, 100.56 -1.482, 100.348 -1.433, 100.33961958356781 -1.4297546426561616, 100.328 -1.427, 100.2568 -1.3976823529411762, 100.144 -1.354, 100.1266027131783 -1.3440717054263618, 100.1266027131783 -1.3440717054263616, 100.107 -1.336, 100.0176755629691 -1.281909090909071, 99.953 -1.245, 99.94059325605899 -1.2352314717246082, 99.927 -1.227, 99.784 -1.113, 99.78005639503509 -1.1088317593092436, 99.779 -1.108, 99.75164764123468 -1.079952242283031, 99.739 -1.07, 99.70750402144776 -1.0346863270777926, 99.661 -0.987, 99.6427253230684 -0.9636780313444548, 99.626 -0.946, 99.61738063063062 -0.9336388888888832, 99.607 -0.922, 99.59368950749464 -0.9023340471092095, 99.583 -0.89, 99.57472093023256 -0.8768914728682276, 99.556 -0.853, 99.52913429010758 -0.8070840594566083, 99.497 -0.761, 99.47931205673761 -0.7258274231679045, 99.47931205673761 -0.7258274231679035, 99.463 -0.7, 99.45363700738915 -0.6780523399014664, 99.446 -0.665, 99.43518070444102 -0.6380719754976779, 99.41 -0.588, 99.40784615384614 -0.5816923076922818, 99.407 -0.58, 99.3858512884197 -0.5191567836074377, 99.37 -0.482, 99.36549260355032 -0.4646260355030489, 99.356 -0.441, 99.35124170616113 -0.4195876777251205, 99.35124170616113 -0.4195876777251084, 99.342 -0.393, 99.32547619047617 -0.3103809523808502, 99.315 -0.27, 99.30971134020619 -0.2327010309279134, 99.306 -0.216, 99.30564705882352 -0.2112352941176385, 99.30564705882352 -0.2112352941176374, 99.303 -0.198, 99.30145544554455 -0.174475247524732, 99.296 -0.136, 99.29 0, 99.296 0.136, 99.30145544554455 0.1744752475246472, 99.303 0.198, 99.30564705882352 0.2112352941176487, 99.306 0.216, 99.30971134020619 0.2327010309278911, 99.315 0.27)), ((-182.245 2.175, -134.2 33.376, -134.196 33.37, -134.095 33.431, -134.002 33.481, -133.895 33.531, -133.706 33.605, -133.623 33.625, -133.56 33.624, -133.52 33.649, -133.288 33.684, -133.182 33.691, -133.097 33.696, -132.894 33.68, -132.894 33.687, -121.31 32.424, -95.278 29.586, -90.62 29.078, -90.57988827735767 29.07313615339217, -90.578 29.073, -90.475 29.062, -90.4532442387341 29.05815170767097, -90.431 29.057, -90.425 29.056, -90.23218043808279 29.030973975276506, -89.952 28.997, -89.785456943367 28.972993793638487, -89.616 28.951, -89.345 28.91, -89.31089244851253 28.90458810068649, -89.286 28.901, -89.24466793893143 28.894080152671776, -89.074 28.867, -88.804 28.822, -88.6401650485436 28.79287378640775, -88.623 28.79, -88.62283419689119 28.78979274611399, -88.534 28.774, -88.265 28.723, -87.996 28.67, -87.727 28.615, -87.459 28.557, -87.192 28.496, -86.94284783660304 28.437211287288356, -86.936 28.436, -86.539 28.337, -86.52840449179826 28.33366579794573, -86.39 28.299, -86.01244552981203 28.17130346494414, -83.501 27.381, -82.644 27.043, -82.55864662124732 27.003159029562816, -82.502 26.984, -74.342 23.57, -78.179 25.175, -60.417 17.745, -60.42659999999993 17.73980000000004, -60.435 17.735, -60.457 17.723, -60.489 17.706, -55.599 15.661, -55.448 15.645, -55.343 15.617, -55.229 15.575, -49.819 13.312, -30.370898512686303 5.175663604549593, -30.086909125453765 5.056877150731964, -24.333090909082404 4.653999999999405, -20.704 4.4, -19.717683333331713 4.33083333333322, -3.196213108803534 3.174014921685798, -0.156 8.475, 7.514998104421556 7.937952998471241, 7.515 7.938, 9.097619727231459 7.827153187441404, 29.054 6.43, 41.695 0.087, 41.68 0.033, 44.41372965531221 -0.1583352778568629, 6.976 18.626, -26.04806943029443 35.19672553990432, -55.755 50.102, -56.044 50.248, -57.38 50.961, -82.505 64.383, -83.527 64.966, -84.515 65.606, -85.156 66.065, -85.465 66.3, -86.097 66.809, -86.708 67.341, -87.526 68.123, -88.537 69.218, -89.562 70.511, -90.273 71.546, -91.22 73.176, -91.671 74.091, -92.463 76.058, -92.705 76.805, -93.262 79.093, -93.354 79.636, -93.599 82.214, -93.607 82.529, -93.468 85.35, -93.458 85.429, -93.315 86.419, -92.871 88.431, -92.69 89.054, -91.821 91.389, -91.733 91.586, -90.457 93.974, -90.342 94.157, -88.885 96.178, -88.467 96.674, -87.042 98.162, -86.298 98.832, -86.238 98.884, -83.97 100.568, -83.704 100.736, -81.425 101.966, -80.923 102.191, -78.711 103, -77.956 103.214, -75.881 103.65, -74.869 103.784, -72.988 103.902, -71.732 103.887, -70.088 103.754, -69.097 103.61, -68.615 103.522, -66.463 102.986, -65.587 102.696, -63.93 102.028, -62.716 101.429, -44.33782154145504 91.61100632289062, -38.957 88.737, -36.255 87.293, -34.06648836384762 86.21774224257301, -30.879 84.652, -30.879379790909734 84.65185465020065, -16.038 77.36, -16.059351351351307 77.36351351351351, -16.078 77.366, -16.127 77.374, -16.196 77.386, -18.658 78.573, -21.541 79.963, -28.528 83.333, -28.831 83.369, -29.199 83.413, -29.651123732248813 83.46823326571975, -30.223135135146197 83.53710810810944, -30.414 83.56, -31.09 83.641, -32.938 83.864, -32.799282615772526 78.19852724111766, -29.3943437429857 76.37963051264285, -29.127 76.301, -28.936 76.231, -28.752 76.143, -28.35 75.918, -27.984 75.637, -27.95307691065335 75.60971492116472, -25.155 74.115, -24.792 73.887, -24.466 73.609, -24.183 73.288, -23.948 72.93, -23.767 72.543, -23.643 72.133, -23.578 71.71, -23.574 71.282, -23.584627851186415 71.20294370345546, -13.591 66.121, -13.154 66.189, -12.917 66.206, -12.419 66.198, -11.926 66.131, -11.672 66.073, -11.198 65.919, -10.862 65.771, -5.491 63.095, -5.165 62.912, -4.943 62.766, -4.548 62.449, -4.373 62.282, -4.04 61.9, -3.884 61.684, -3.627 61.248, -3.508 60.993, 11.39 53.417, 11.14897167487685 63.23797721674867, 11.147 63.306, 11.145551786521935 63.37732451379473, 11.138071680969219 63.682110045431195, 11.136 63.756, 11.134116567232663 63.843265718219875, 11.13 64.011, 28.319 55.566, 28.32 55.543, 28.320601990049756 55.501462686567, 28.323307692307676 55.392461538462136, 28.324 55.368, 28.327 55.253, 28.33 55.141, 28.332430622009564 55.024937799043336, 28.34244036697248 54.62168807339444, 28.344 54.571, 28.347 54.438, 28.472 49.315, 63.01621518111529 31.749362075604814, 59.249 47.039, 51.591 78.12, 47.69198638506276 93.94489151682674, 47.69198638498536 93.94489151714089, 34.8 146.267, 34.723 146.582, 34.398 148.061, 28.293 175.885, 28.073 177.041, 27.919 178.207, 27.852 178.992, 27.829 179.381, 27.806 180.191, 27.814 181.002, 27.878 182.131, 28.055 183.611, 28.372 185.23, 28.698 186.443, 29.322 188.222, 29.726 189.159, 30.708 191.038, 31.119 191.707, 32.498 193.616, 32.85 194.039, 34.652 195.899, 34.886 196.11, 37.122 197.835, 37.188 197.88, 38.035 198.413, 39.853 199.382, 40.444 199.649, 42.785 200.504, 42.992 200.565, 45.636 201.145, 45.85 201.176, 48.334 201.38, 48.982 201.385, 51.039 201.266, 52.031 201.136, 52.11 201.124, 54.863 200.493, 55.164 200.4, 57.579 199.465, 58.076 199.229, 60.127 198.072, 60.781 197.636, 62.459 196.341, 63.218 195.659, 64.53 194.305, 65.333 193.34, 66.3 192.003, 66.833 191.156, 67.08 190.732, 68.069 188.747, 68.418 187.893, 68.985 186.199, 69.317 184.886, 70.723 178.481, 73.403 166.268, 75.747 155.583, 76.115 154.142, 81.318 133.758, 81.28742105263166 133.80847368421038, 81.271 133.835, 81.235 133.895, 79.725 139.634, 77.752 147.135, 77.583 147.389, 77.55066666667267 147.43773658535682, 75.292 150.834, 74.666 150.272, 69.332 145.488, 69.386 145.263, 69.85 145.137, 70.039 145.061, 70.454 144.86, 70.836 144.601, 70.996 144.476, 71.144 144.337, 71.459 144, 71.579 143.836, 71.826 143.446, 72.015 143.025, 72.085 142.834, 72.138 142.638, 72.228 142.185, 72.252 141.725, 72.248 141.521, 72.187 141.064, 72.147 140.865, 72.088 140.67, 71.926 140.238, 71.833 140.058, 71.594 139.663, 71.301 139.306, 71.162 139.158, 70.907 138.941, 74.359 124.6, 74.695 124.311, 74.862 124.142, 75.179 123.759, 75.448 123.34, 75.569 123.109, 75.759 122.649, 75.865 122.297, 77.317 116.475, 77.389 116.108, 77.422 115.844, 77.438 115.338, 77.424 115.096, 77.35 114.595, 77.287 114.337, 77.122 113.857, 77.006 113.602, 80.917 97.352, 87.966 103.675, 88.126 103.819, 88.28 103.957, 88.427 104.089, 88.536 104.187, 88.615 104.257, 88.719 104.351, 88.784 104.409, 88.806 104.428, 93.543 85.872, 93.4888064516124 85.82335483870924, 93.474 85.81, 93.4684308093999 85.80506527415181, 93.08100000000076 85.45730000000067, 92.994 85.379, 92.9221304347845 85.31469565217562, 92.703 85.118, 88.888 81.697, 99.76261124028257 36.51658513186248, 140.559 75.473, 148.634 83.184, 191.319 123.943, 191.554 124.167, 192.675 125.184, 213.774 144.323, 214.667 145.089, 215.602 145.804, 216.249 146.253, 216.575 146.465, 217.267 146.888, 217.974 147.285, 218.985 147.791, 220.357 148.375, 221.919 148.905, 223.134 149.225, 224.987 149.569, 226.001 149.685, 228.119 149.768, 228.904 149.745, 231.246 149.498, 231.788 149.403, 234.298 148.766, 234.597 148.667, 237.207 147.586, 237.278 147.551, 238.163 147.082, 239.907 145.986, 240.433 145.607, 242.339 144.002, 242.495 143.852, 244.314 141.847, 244.448 141.677, 245.86 139.624, 246.187 139.064, 247.107 137.221, 247.488 136.296, 247.516 136.221, 248.339 133.519, 248.408 133.212, 248.799 130.652, 248.841 130.103, 248.858 127.748, 248.805 126.965, 248.517 124.864, 248.303 123.866, 247.781 122.055, 247.344 120.878, 246.664 119.374, 246.195 118.49, 245.95 118.066, 244.72 116.219, 244.153 115.492, 242.966 114.158, 241.993 113.216, 219.773 93.059, 203.613 77.368, 203.62033333333306 77.38133333333282, 203.632 77.403, 203.656 77.447, 203.69 77.508, 208.13598659098759 81.88879216086953, 210.522 84.24, 213.442 87.117, 213.578 87.39, 213.6683004907522 87.57005700264443, 214.44675308641948 89.12853086419702, 214.595 89.426, 215.427 91.091, 207.824 93.601, 207.656 93.443, 207.778 92.977, 207.806 92.776, 207.838 92.315, 207.803 91.855, 207.775 91.654, 207.728 91.456, 207.591 91.016, 207.509 90.83, 207.294 90.422, 207.022 90.049, 206.892 89.893, 206.748 89.749, 206.4 89.446, 206.012 89.196, 205.834 89.098, 205.407 88.923, 205.214 88.859, 205.016 88.813, 204.561 88.739, 204.358 88.73, 203.897 88.741, 203.442 88.817, 203.244 88.864, 202.928 88.977, 192.206 78.848, 192.123 78.413, 192.059 78.184, 191.884 77.718, 191.655 77.276, 191.515 77.057, 191.21 76.663, 190.958 76.396, 186.63 72.24, 186.347 71.994, 186.135 71.835, 185.703 71.569, 185.487 71.461, 185.015 71.276, 184.76 71.202, 184.262 71.106, 183.983 71.08, 171.833 59.603, 180.824 56.634, 181.029 56.567, 181.226 56.502, 181.413 56.44, 181.552 56.394, 181.653 56.361, 181.785 56.317, 181.868 56.29, 181.896 56.28, 168.156 42.939, 168.134 42.946, 168.068 42.968, 168.05637209303256 42.97183720929926, 167.4791279999997 43.162096000000105, 167.455 43.17, 167.44200000000058 43.174333333333145, 167.085 43.292, 162.219 44.899, 126.228 10.9, 131.823 9.053, 132.32947058823618 8.885595155709055, 132.411 8.859, 132.55 8.813, 132.59866363636394 8.796618181818083, 132.6952040816327 8.764708454810478, 132.784 8.736, 132.8426812500001 8.715962499999966, 132.894 8.699, 131.872 7.706, 127.836 3.787, 125.98967625798336 1.9943058913199971, 126.14885258647705 1.8742214450368226, 126.94173505151208 1.323559350254845, 136.687 -5.164, 138.794 -6.7, 139.137 -6.991, 140.694 -8.485, 141.297 -9.154, 142.358 -10.491, 143.119 -11.608, 143.761 -12.688, 144.566 -14.3, 144.88 -15.042, 145.607 -17.174, 145.818 -17.987, 146.181 -19.886, 146.219 -20.168, 146.367 -21.81, 146.391 -23.219, 146.117 -26.263, 145.405 -29.236, 144.269 -32.073, 142.733 -34.715, 140.83 -37.107, 138.6 -39.197, 136.09 -40.941, 133.354 -42.302, 130.449 -43.251, 127.858 -43.724, 127.437 -43.769, 124.734 -43.859, 124.381 -43.845, 121.625 -43.528, 121.347 -43.475, 118.599 -42.739, 118.399 -42.67, 117.62165051353462 -42.332906390915944, 117.345 -43.75, 116.989 -45.054, 116.585 -46.243, 115.881 -47.902, 115.521 -48.623, 114.372 -50.56, 113.89 -51.249, 112.682 -52.757, 112.492 -52.97, 111.339 -54.148, 110.283 -55.081, 107.79 -56.85, 105.067 -58.238, 102.171 -59.216, 99.165 -59.764, 96.11 -59.869, 93.073 -59.53, 90.117 -58.753, 87.305 -57.556, 86.11267016850205 -56.827988723044754, 84.42162914886318 -56.96667290310168, 84.89 -57.253, 85.633 -57.774, 86.213 -58.065, 89.274 -59.931, 83.838 -62.533, 83.83 -62.534, 80.975 -62.768, 80.68788482649236 -57.27272744211839, 76.1564503724661 -57.6443158693377, 76.896 -58.163, 62.021 -58.949, 62.299 -64.274, 59.44 -64.425, 40.966 -65.4, 40.711946342976546 -60.550808561032184, 22.038005376745666 -62.08210289896371, 22.263 -66.388, 19.403 -66.539, 15.933 -66.722, 6.016 -64.761, 3.694 -65.555, 0.877 -66.517, 0.7368812339218348 -63.828851933391725, -17.93798862535234 -65.36021686828227, -17.756 -68.83, -35.928 -69.791, -30.787622432809382 -66.41413294684868, -34.69528207293823 -66.73433790809023, -39.33456464162669 -67.11476543996993, -47.225354834749815 -67.76203821070037, -55.849 -91.475, -55.855 -91.473, -55.897 -91.586, -55.931 -91.665, -55.963 -91.728, -56.027 -91.826, -56.088 -91.934, -56.14 -92.001, -56.192 -92.069, -56.238 -92.123, -56.298 -92.184, -56.357 -92.245, -56.409 -92.293, -56.476 -92.346, -56.553 -92.402, -56.672 -92.486, -56.745 -92.531, -56.908 -92.595, -57.027 -92.663, -57.108 -92.69, -57.258 -92.733, -57.297 -92.718, -57.342 -92.75, -57.581 -92.783, -57.695 -92.77, -57.654 -92.785, -57.822 -92.786, -58.061 -92.76, -58.075 -92.753, -58.115 -92.738, -58.166 -92.72, -58.412 -92.671, -67.102 -89.511, -70.772 -88.177, -78.46 -85.381, -80.554 -84.619, -80.67 -84.563, -80.738 -84.517, -80.801 -84.462, -87.97675274269112 -81.85191726783385, -95.823 -86.024, -100.961 -88.756, -100.964 -88.749, -101.071 -88.806, -101.149 -88.841, -101.215 -88.867, -101.328 -88.897, -101.446 -88.936, -101.53 -88.951, -101.614 -88.967, -101.684 -88.976, -101.769 -88.982, -101.854 -88.987, -101.925 -88.988, -102.01 -88.983, -102.104 -88.973, -102.249 -88.955, -102.333 -88.94, -102.498 -88.878, -102.632 -88.849, -102.71 -88.815, -102.849 -88.747, -102.869 -88.709, -102.924 -88.704, -103.123 -88.568, -103.2 -88.482, -103.179 -88.52, -103.304 -88.409, -103.465 -88.229, -103.47 -88.215, -103.49 -88.177, -103.516 -88.129, -103.666 -87.929, -104.34693105782945 -86.64835843959364, -118.566 -95.882, -118.57 -95.877, -118.671 -95.942, -118.745 -95.984, -118.808 -96.015, -118.919 -96.055, -119.033 -96.104, -119.115 -96.127, -119.197 -96.15, -119.266 -96.165, -119.351 -96.178, -119.435 -96.191, -119.505 -96.198, -119.591 -96.2, -119.686 -96.198, -119.832 -96.194, -119.917 -96.186, -120.086 -96.139, -120.222 -96.121, -120.302 -96.094, -120.447 -96.038, -120.471 -96.003, -120.525 -96.002, -120.736 -95.884, -120.82 -95.805, -120.796 -95.841, -120.93 -95.741, -121.106 -95.576, -121.113 -95.562, -121.136 -95.526, -121.165 -95.514, -121.332 -95.294, -126.369 -87.539, -129.60373463873307 -82.55785719112485, -132.951 -77.404, -134.165 -75.534, -134.224 -75.42, -134.25 -75.342, -134.267 -75.26, -139.7084063410141 -66.88122344722427, -139.775 -66.896, -143.0167226867672 -61.903669601860294, -145.612 -60.96, -159.064 -56.068, -164.532 -54.079, -164.53 -54.072, -164.643 -54.031, -164.721 -53.997, -164.784 -53.965, -164.883 -53.901, -164.99 -53.839, -165.058 -53.788, -165.126 -53.736, -165.18 -53.69, -165.241 -53.63, -165.302 -53.571, -165.35 -53.518, -165.403 -53.452, -165.459 -53.375, -165.543 -53.255, -165.588 -53.183, -165.652 -53.019, -165.72 -52.9, -165.746 -52.819, -165.79 -52.67, -165.775 -52.63, -165.807 -52.586, -165.84 -52.347, -165.827 -52.232, -165.842 -52.273, -165.843 -52.106, -165.817 -51.866, -165.81 -51.852, -165.795 -51.812, -165.777 -51.762, -165.728 -51.516, -159.99690072521116 -35.75672104008981, -169.812 -20.642, -169.814 -20.632, -169.821 -20.599, -169.82531587697423 -20.578205320033256, -169.845 -20.591, -171.868 -17.476, -179.664 -5.472, -182.833 -0.592, -182.827 -0.588, -182.893 -0.487, -182.935 -0.412, -182.966 -0.349, -183.005 -0.238, -183.054 -0.125, -183.078 -0.042, -183.101 0.04, -183.116 0.109, -183.129 0.193, -183.142 0.278, -183.148 0.348, -183.151 0.433, -183.149 0.528, -183.144 0.674, -183.137 0.759, -183.089 0.928, -183.072 1.064, -183.044 1.145, -182.989 1.29, -182.953 1.313, -182.952 1.368, -182.834 1.578, -182.755 1.662, -182.792 1.638, -182.692 1.773, -182.527 1.948, -182.513 1.955, -182.477 1.978, -182.432 2.008, -182.245 2.175), (-182.319 2.081, -182.21 2.122, -182.229 2.151, -182.241 2.169, -182.245 2.175, -182.319 2.081), (-60.421 17.743, -60.42419574216432 17.741173861620386, -60.417 17.745, -60.421 17.743), (-29.201149351939595 83.41405267707027, -29.201149351939602 83.41405267707027, -29.199 83.413, -29.201149351939595 83.41405267707027), (11.1337808219178 63.85882191780863, 11.133 63.895, 11.131 63.982, 11.13 64.011, 11.1337808219178 63.85882191780863), (81.27071749247195 133.83604462085958, 81.27071749247193 133.8360446208596, 81.271 133.835, 81.27071749247195 133.83604462085958), (93.525 85.856, 93.49664315352712 85.83042323651465, 93.543 85.872, 93.525 85.856), (132.84426986701277 8.715420045410278, 132.866 8.708, 132.894 8.699, 132.84426986701277 8.715420045410278), (-58.292 -92.674, -58.39 -92.612, -58.402 -92.645, -58.409 -92.665, -58.412 -92.671, -58.292 -92.674), (-95.99099620275496 -86.11304681044686, -95.99099620275291 -86.11304681044577, -100.964 -88.749, -95.99099620275496 -86.11304681044686), (-103.579 -88.011, -103.61 -87.899, -103.641 -87.915, -103.66 -87.925, -103.666 -87.929, -103.579 -88.011), (-121.238 -95.368, -121.279 -95.26, -121.309 -95.279, -121.326 -95.291, -121.332 -95.294, -121.238 -95.368), (-165.731 -51.635, -165.669 -51.537, -165.702 -51.525, -165.722 -51.518, -165.728 -51.516, -165.731 -51.635), (242.057 126.048, 242.363 125.949, 242.68 125.898, 243.002 125.894, 243.32 125.939, 243.628 126.03, 243.919 126.166, 244.187 126.344, 244.425 126.56, 244.628 126.809, 244.792 127.085, 244.913 127.383, 244.988 127.696, 245.015 128.016, 244.995 128.336, 244.927 128.651, 244.813 128.951, 244.655 129.231, 244.458 129.485, 244.225 129.706, 243.961 129.89, 243.673 130.032, 243.367 130.131, 243.05 130.182, 242.729 130.186, 242.41 130.141, 242.102 130.05, 241.811 129.914, 241.544 129.736, 241.306 129.52, 241.103 129.271, 240.939 128.995, 240.818 128.697, 240.743 128.384, 240.715 128.064, 240.736 127.743, 240.804 127.429, 240.918 127.129, 241.075 126.849, 241.273 126.595, 241.506 126.374, 241.769 126.19, 242.057 126.048), (237.593 138.863, 237.606 138.655, 237.651 138.45, 237.725 138.255, 237.827 138.072, 237.956 137.907, 238.108 137.763, 238.279 137.643, 238.467 137.55, 238.666 137.486, 238.873 137.453, 239.082 137.451, 239.289 137.479, 239.49 137.539, 239.679 137.627, 239.853 137.743, 240.008 137.884, 240.141 138.046, 240.247 138.226, 240.326 138.42, 240.375 138.623, 240.393 138.832, 240.38 139.041, 240.335 139.245, 240.261 139.441, 240.158 139.623, 240.03 139.788, 239.878 139.932, 239.707 140.052, 239.519 140.145, 239.32 140.209, 239.113 140.243, 238.904 140.245, 238.697 140.216, 238.496 140.157, 238.307 140.068, 238.132 139.952, 237.977 139.811, 237.845 139.649, 237.738 139.469, 237.66 139.275, 237.611 139.072, 237.593 138.863), (239.343 117.435, 239.361 117.644, 239.348 117.853, 239.304 118.057, 239.229 118.253, 239.127 118.435, 238.998 118.6, 238.846 118.744, 238.675 118.864, 238.487 118.957, 238.288 119.021, 238.082 119.054, 237.872 119.057, 237.665 119.028, 237.464 118.969, 237.275 118.88, 237.101 118.764, 236.946 118.623, 236.813 118.461, 236.707 118.281, 236.628 118.087, 236.579 117.884, 236.561 117.675, 236.575 117.467, 236.619 117.262, 236.693 117.066, 236.796 116.884, 236.924 116.719, 237.076 116.575, 237.248 116.455, 237.435 116.362, 237.634 116.298, 237.841 116.265, 238.05 116.262, 238.257 116.291, 238.458 116.351, 238.648 116.439, 238.822 116.555, 238.977 116.696, 239.109 116.858, 239.216 117.038, 239.294 117.232, 239.343 117.435), (221.96 129.73, 221.883 128.837, 221.94 127.942, 222.13 127.066, 222.448 126.227, 222.888 125.446, 223.439 124.738, 224.09 124.121, 224.825 123.607, 225.628 123.209, 226.482 122.935, 227.367 122.792, 228.264 122.782, 229.152 122.905, 230.012 123.16, 230.824 123.54, 231.571 124.037, 232.235 124.639, 232.802 125.334, 233.259 126.106, 233.596 126.937, 233.806 127.809, 233.883 128.702, 233.826 129.597, 233.636 130.473, 233.318 131.312, 232.878 132.093, 232.327 132.801, 231.677 133.418, 230.941 133.932, 230.138 134.33, 229.284 134.604, 228.399 134.747, 227.502 134.757, 226.614 134.634, 225.754 134.379, 224.942 133.999, 224.195 133.502, 223.531 132.9, 222.964 132.205, 222.507 131.433, 222.17 130.602, 221.96 129.73), (230.539 142.797, 230.66 143.095, 230.735 143.407, 230.762 143.728, 230.742 144.048, 230.674 144.362, 230.56 144.663, 230.402 144.943, 230.205 145.196, 229.972 145.418, 229.708 145.601, 229.421 145.744, 229.115 145.842, 228.797 145.894, 228.476 145.897, 228.158 145.853, 227.85 145.762, 227.559 145.626, 227.291 145.448, 227.053 145.232, 226.85 144.983, 226.686 144.706, 226.565 144.409, 226.49 144.096, 226.463 143.776, 226.483 143.455, 226.551 143.141, 226.665 142.841, 226.823 142.561, 227.02 142.307, 227.253 142.086, 227.517 141.902, 227.805 141.759, 228.111 141.661, 228.428 141.61, 228.749 141.606, 229.067 141.65, 229.375 141.742, 229.667 141.878, 229.934 142.056, 230.172 142.272, 230.375 142.521, 230.539 142.797), (225.561 112.343, 225.794 112.122, 226.058 111.938, 226.346 111.795, 226.652 111.697, 226.969 111.645, 227.29 111.642, 227.608 111.686, 227.916 111.777, 228.207 111.913, 228.475 112.091, 228.713 112.307, 228.916 112.556, 229.08 112.833, 229.201 113.13, 229.276 113.443, 229.303 113.763, 229.283 114.084, 229.215 114.398, 229.101 114.698, 228.943 114.978, 228.746 115.232, 228.513 115.453, 228.249 115.637, 227.961 115.78, 227.655 115.878, 227.338 115.929, 227.017 115.933, 226.699 115.889, 226.391 115.797, 226.1 115.661, 225.832 115.483, 225.594 115.267, 225.391 115.018, 225.227 114.742, 225.106 114.444, 225.031 114.132, 225.004 113.811, 225.024 113.491, 225.092 113.177, 225.206 112.876, 225.364 112.596, 225.561 112.343), (222.01770819187772 148.88331903604467, 222.01770819187763 148.88331903604464, 225 149.479, 222.01770819187772 148.88331903604467), (216.418 139.686, 216.462 139.482, 216.537 139.286, 216.639 139.104, 216.768 138.939, 216.92 138.795, 217.091 138.675, 217.279 138.582, 217.478 138.518, 217.685 138.485, 217.894 138.482, 218.101 138.511, 218.302 138.571, 218.491 138.659, 218.665 138.775, 218.82 138.916, 218.953 139.078, 219.059 139.258, 219.138 139.452, 219.187 139.655, 219.205 139.864, 219.191 140.072, 219.147 140.277, 219.073 140.473, 218.97 140.655, 218.842 140.82, 218.69 140.964, 218.518 141.084, 218.331 141.177, 218.132 141.241, 217.925 141.274, 217.716 141.277, 217.509 141.248, 217.308 141.188, 217.119 141.1, 216.944 140.984, 216.789 140.843, 216.657 140.681, 216.55 140.501, 216.472 140.307, 216.423 140.104, 216.405 139.895, 216.418 139.686), (219.0019155532346 147.7551753894359, 219.00191555323457 147.7551753894359, 219.002 147.755, 219.0019155532346 147.7551753894359), (217.27 117.382, 217.459 117.471, 217.634 117.587, 217.789 117.728, 217.921 117.89, 218.028 118.07, 218.106 118.264, 218.155 118.467, 218.173 118.676, 218.16 118.884, 218.115 119.089, 218.041 119.285, 217.939 119.467, 217.81 119.632, 217.658 119.776, 217.487 119.896, 217.299 119.989, 217.1 120.053, 216.893 120.086, 216.684 120.088, 216.477 120.06, 216.276 120, 216.087 119.912, 215.913 119.796, 215.758 119.655, 215.625 119.493, 215.519 119.313, 215.44 119.119, 215.391 118.916, 215.373 118.707, 215.387 118.498, 215.431 118.294, 215.505 118.098, 215.608 117.916, 215.736 117.751, 215.888 117.607, 216.06 117.487, 216.247 117.394, 216.446 117.33, 216.653 117.296, 216.862 117.294, 217.069 117.323, 217.27 117.382), (211.308 128.054, 211.541 127.833, 211.805 127.649, 212.093 127.507, 212.399 127.408, 212.716 127.357, 213.037 127.353, 213.356 127.398, 213.664 127.489, 213.955 127.625, 214.222 127.803, 214.46 128.019, 214.663 128.268, 214.827 128.544, 214.948 128.842, 215.023 129.155, 215.051 129.475, 215.03 129.796, 214.962 130.11, 214.848 130.41, 214.691 130.69, 214.493 130.944, 214.26 131.165, 213.997 131.349, 213.709 131.491, 213.403 131.59, 213.086 131.641, 212.764 131.645, 212.446 131.6, 212.138 131.509, 211.847 131.373, 211.579 131.195, 211.341 130.979, 211.138 130.73, 210.974 130.454, 210.854 130.156, 210.779 129.843, 210.751 129.523, 210.771 129.203, 210.839 128.888, 210.953 128.588, 211.111 128.308, 211.308 128.054), (201.142 96.952, 201.096 96.81, 201.072 96.662, 201.07 96.513, 201.091 96.365, 201.133 96.221, 201.197 96.086, 201.28 95.961, 201.38 95.851, 201.496 95.756, 201.624 95.68, 201.763 95.624, 201.908 95.589, 202.057 95.576, 202.206 95.586, 202.352 95.617, 202.492 95.67, 202.622 95.744, 202.74 95.835, 207.184 99.867, 207.287 99.975, 207.373 100.098, 207.439 100.232, 207.485 100.374, 207.509 100.521, 207.51 100.671, 207.49 100.819, 207.447 100.962, 207.384 101.098, 207.301 101.222, 207.201 101.333, 207.085 101.427, 206.956 101.503, 206.818 101.56, 206.672 101.594, 206.524 101.607, 206.374 101.598, 206.228 101.566, 206.089 101.513, 205.958 101.44, 205.84 101.348, 201.396 97.317, 201.294 97.208, 201.208 97.086, 201.142 96.952), (203.201 91.384, 203.352 91.24, 203.524 91.12, 203.712 91.027, 203.911 90.963, 204.117 90.93, 204.327 90.927, 204.534 90.956, 204.734 91.015, 204.924 91.104, 205.098 91.22, 205.253 91.361, 205.385 91.523, 205.492 91.703, 205.571 91.897, 205.62 92.1, 205.638 92.309, 205.624 92.517, 205.58 92.722, 205.506 92.918, 205.403 93.1, 205.275 93.265, 205.123 93.409, 204.951 93.529, 204.764 93.622, 204.564 93.686, 204.358 93.719, 204.149 93.722, 203.941 93.693, 203.741 93.633, 203.551 93.545, 203.377 93.429, 203.222 93.288, 203.09 93.126, 202.983 92.946, 202.905 92.752, 202.856 92.549, 202.838 92.34, 202.851 92.131, 202.895 91.927, 202.97 91.731, 203.072 91.549, 203.201 91.384), (198.638 109.726, 198.705 109.86, 198.75 110.002, 198.774 110.15, 198.776 110.299, 198.755 110.448, 198.713 110.591, 198.649 110.726, 198.567 110.851, 198.466 110.961, 198.35 111.056, 198.222 111.132, 198.083 111.188, 197.938 111.223, 197.789 111.236, 197.64 111.226, 197.494 111.195, 197.354 111.142, 197.224 111.068, 197.106 110.977, 192.662 106.945, 192.559 106.837, 192.474 106.714, 192.407 106.58, 192.362 106.438, 192.338 106.291, 192.336 106.141, 192.357 105.993, 192.399 105.85, 192.462 105.714, 192.545 105.59, 192.646 105.479, 192.761 105.385, 192.89 105.309, 193.028 105.252, 193.174 105.218, 193.323 105.205, 193.472 105.214, 193.618 105.246, 193.758 105.299, 193.888 105.372, 194.006 105.464, 198.45 109.495, 198.553 109.604, 198.638 109.726), (189.346 87.018, 189.815 86.786, 190.313 86.626, 190.83 86.542, 191.353 86.536, 191.871 86.608, 192.372 86.757, 192.846 86.979, 193.282 87.268, 193.669 87.62, 194 88.025, 194.23673126022922 88.42398527004923, 194.32640029168678 88.6219854156535, 194.38704764185326 88.77205666478996, 194.43683493187336 88.89525480591116, 194.4938159513981 89.08856819066912, 194.5229392412071 89.21007437520008, 194.56439472678642 89.38303209782195, 194.59477876106195 89.58221632251724, 194.6141654879228 89.80667153795078, 194.6207865535248 89.8833287641427, 194.62343002221516 90.09392510314183, 194.60539319393195 90.37923493234926, 194.57901854108636 90.5947795090529, 194.51500447587497 90.88947489034125, 194.46492788855505 91.07869871619766, 194.35320831843617 91.37400071505243, 194.28032334454528 91.54868698399747, 194.044 91.968, 193.723 92.381, 188.348 98.306, 187.968 98.666, 187.57341239010415 98.94193539153554, 187.40292391304402 99.03345652173886, 187.18603320621472 99.14097499179098, 187.1294108503504 99.16904419384338, 186.92252457226078 99.24570294867122, 186.6618910751933 99.3294406184118, 186.4293260393873 99.38134354485777, 186.16951404786678 99.42355671175858, 185.93698894580746 99.44313777298463, 185.6526201811126 99.44585640362224, 185.44738496774792 99.43509984107693, 185.34216208662556 99.42047426686688, 185.1405098039215 99.39244537815125, 184.95048910531528 99.35598085176626, 184.65346881937435 99.26841311806255, 184.46611424486153 99.20499442359251, 184.04 99.005, 183.604 98.715, 183.217 98.364, 182.886 97.959, 182.619 97.509, 182.423 97.024, 182.301 96.515, 182.256 95.994, 182.289 95.472, 182.399 94.961, 182.585 94.472, 182.842 94.016, 183.163 93.603, 183.499 93.233, 188.538 87.678, 188.918 87.318, 189.346 87.018), (189.402 107.38, 189.609 107.408, 189.81 107.468, 189.999 107.557, 190.174 107.672, 190.329 107.813, 190.461 107.975, 190.567 108.155, 190.646 108.349, 190.695 108.553, 190.713 108.761, 190.7 108.97, 190.655 109.174, 190.581 109.37, 190.479 109.552, 190.35 109.717, 190.198 109.861, 190.027 109.981, 189.839 110.074, 189.64 110.138, 189.433 110.172, 189.224 110.174, 189.017 110.145, 188.816 110.086, 188.627 109.997, 188.452 109.881, 188.298 109.74, 188.165 109.578, 188.059 109.398, 187.98 109.204, 187.931 109.001, 187.913 108.793, 187.926 108.584, 187.971 108.379, 188.045 108.184, 188.147 108.001, 188.276 107.836, 188.428 107.692, 188.599 107.572, 188.787 107.479, 188.986 107.415, 189.193 107.382, 189.402 107.38), (184.17 74.376, 184.298 74.453, 184.413 74.548, 188.741 78.704, 188.841 78.815, 188.923 78.94, 188.986 79.076, 189.027 79.219, 189.047 79.367, 189.044 79.517, 189.019 79.664, 188.973 79.806, 188.906 79.94, 188.82 80.062, 188.716 80.17, 188.598 80.261, 188.467 80.333, 188.327 80.386, 188.181 80.416, 188.031 80.425, 187.883 80.411, 187.737 80.375, 187.599 80.318, 187.471 80.241, 187.356 80.146, 183.028 75.99, 182.928 75.879, 182.846 75.754, 182.784 75.618, 182.742 75.475, 182.722 75.327, 182.725 75.177, 182.75 75.03, 182.796 74.888, 182.864 74.754, 182.95 74.632, 183.053 74.525, 183.172 74.433, 183.302 74.361, 183.443 74.309, 183.589 74.278, 183.738 74.269, 183.887 74.283, 184.032 74.319, 184.17 74.376), (172.506 85.818, 172.656 85.81, 172.805 85.823, 172.95 85.859, 173.088 85.916, 173.216 85.993, 173.331 86.088, 177.659 90.244, 177.759 90.355, 177.841 90.48, 177.903 90.616, 177.945 90.76, 177.965 90.908, 177.962 91.057, 177.937 91.205, 177.891 91.347, 177.824 91.48, 177.737 91.602, 177.634 91.71, 177.515 91.801, 177.385 91.874, 177.245 91.926, 177.098 91.957, 176.949 91.965, 176.8 91.952, 176.655 91.916, 176.517 91.859, 176.389 91.782, 176.274 91.687, 171.946 87.531, 171.846 87.42, 171.764 87.295, 171.702 87.159, 171.66 87.015, 171.64 86.867, 171.643 86.718, 171.668 86.57, 171.714 86.428, 171.781 86.295, 171.868 86.173, 171.971 86.065, 172.089 85.974, 172.22 85.901, 172.36 85.849, 172.506 85.818), (162.66 53.673, 162.775 53.769, 167.103 57.924, 167.203 58.036, 167.285 58.161, 167.347 58.296, 167.389 58.44, 167.408 58.588, 167.406 58.738, 167.381 58.885, 167.335 59.027, 167.267 59.16, 167.181 59.282, 167.078 59.39, 166.959 59.481, 166.828 59.554, 166.688 59.606, 166.542 59.637, 166.393 59.646, 166.244 59.632, 166.099 59.596, 165.961 59.539, 165.833 59.462, 165.717 59.367, 161.39 55.211, 161.29 55.1, 161.208 54.975, 161.145 54.839, 161.104 54.696, 161.084 54.547, 161.087 54.398, 161.111 54.251, 161.158 54.109, 161.225 53.975, 161.311 53.853, 161.415 53.745, 161.533 53.654, 161.664 53.582, 161.804 53.529, 161.95 53.499, 162.1 53.49, 162.248 53.504, 162.394 53.539, 162.532 53.596, 162.66 53.673), (151.166 65.044, 151.311 65.08, 151.449 65.137, 151.578 65.214, 151.693 65.309, 156.02 69.465, 156.12 69.576, 156.202 69.701, 156.265 69.837, 156.306 69.98, 156.326 70.129, 156.324 70.278, 156.299 70.425, 156.252 70.567, 156.185 70.701, 156.099 70.823, 155.995 70.931, 155.877 71.022, 155.746 71.094, 155.606 71.147, 155.46 71.177, 155.311 71.186, 155.162 71.172, 155.017 71.137, 154.879 71.08, 154.75 71.003, 154.635 70.907, 150.308 66.752, 150.208 66.64, 150.126 66.515, 150.063 66.38, 150.022 66.236, 150.002 66.088, 150.004 65.938, 150.029 65.791, 150.076 65.649, 150.143 65.516, 150.229 65.393, 150.333 65.286, 150.451 65.195, 150.582 65.122, 150.722 65.07, 150.868 65.039, 151.017 65.03, 151.166 65.044), (139.448 33.619, 139.473 33.471, 139.52 33.329, 139.587 33.196, 139.673 33.074, 139.777 32.966, 139.895 32.875, 140.026 32.802, 140.166 32.75, 140.312 32.719, 140.461 32.711, 140.61 32.724, 140.755 32.76, 140.893 32.817, 141.021 32.894, 141.137 32.989, 145.464 37.145, 145.564 37.256, 145.646 37.381, 145.709 37.517, 145.75 37.661, 145.77 37.809, 145.768 37.958, 145.743 38.106, 145.696 38.248, 145.629 38.381, 145.543 38.503, 145.439 38.611, 145.321 38.702, 145.19 38.775, 145.05 38.827, 144.904 38.858, 144.755 38.866, 144.606 38.852, 144.461 38.817, 144.322 38.76, 144.194 38.683, 144.079 38.588, 139.751 34.432, 139.652 34.32, 139.57 34.196, 139.507 34.06, 139.465 33.916, 139.446 33.768, 139.448 33.619), (142.96608063277483 -15.080114034359688, 142.96608063277483 -15.080114034359687, 141.028 -16.13, 142.96608063277483 -15.080114034359688), (128.943 44.343, 129.083 44.29, 129.23 44.26, 129.379 44.251, 129.528 44.265, 129.673 44.301, 129.811 44.358, 129.939 44.435, 130.054 44.53, 134.382 48.686, 134.482 48.797, 134.564 48.922, 134.626 49.058, 134.668 49.201, 134.688 49.349, 134.685 49.499, 134.66 49.646, 134.614 49.788, 134.547 49.922, 134.46 50.044, 134.357 50.151, 134.239 50.243, 134.108 50.315, 133.968 50.367, 133.822 50.398, 133.672 50.407, 133.523 50.393, 133.378 50.357, 133.24 50.3, 133.112 50.223, 132.997 50.128, 128.669 45.972, 128.569 45.861, 128.487 45.736, 128.425 45.6, 128.383 45.457, 128.363 45.309, 128.366 45.159, 128.391 45.012, 128.437 44.87, 128.504 44.736, 128.591 44.614, 128.694 44.506, 128.813 44.415, 128.943 44.343), (133.48975141242937 -22.748198995605776, 133.48975141242937 -22.748198995605772, 133.458 -22.802, 133.48975141242937 -22.748198995605776), (133.42744768722469 -22.60524504405287, 133.42744768722469 -22.605245044052857, 133.394 -22.647, 133.42744768722469 -22.60524504405287), (133.0807431168137 -22.202786153434907, 133.0807431168137 -22.202786153434904, 133.076 -22.26, 133.0807431168137 -22.202786153434907), (132.651 8.779, 132.68510648072194 8.767973092698927, 132.61465116279092 8.791236242228798, 132.651 8.779), (132.287 -22.03, 132.20747613210762 -21.992558801498127, 132.2074761321076 -21.992558801498127, 132.287 -22.03), (131.9417142857126 9.013428571429134, 132.027 8.985, 132.224 8.92, 132.27993791574414 8.901752872404314, 131.9417142857126 9.013428571429134), (131.41758083832335 -22.49291616766468, 131.41758083832335 -22.492916167664685, 131.449 -22.531, 131.41758083832335 -22.49291616766468), (131.2923984526112 -22.73093230174085, 131.3141446952596 -22.674720316027038, 131.30979896611143 -22.682558874210205, 131.2923984526112 -22.73093230174085), (131.26326826875922 -22.812795487984175, 131.26 -22.822, 131.26043914680048 -22.81977917189461, 131.26 -22.821, 131.24751288056203 -22.875379391100847, 131.26326826875922 -22.812795487984175), (131.229 -22.957, 131.2280248756219 -22.971139303482335, 131.23049307479224 -22.949941828254975, 131.229 -22.957), (131.215 -23.20364285714292, 131.215 -23.159999999999854, 131.2130448 -23.188350399999997, 131.215 -23.20364285714292), (126.84726535947692 -43.76767771333886, 126.84726535947703 -43.767677713338855, 124.383 -43.804, 126.84726535947692 -43.76767771333886), (126.78296636085628 -15.869487836049112, 126.796 -15.773, 126.78296636085626 -15.869487836049174, 126.78296636085628 -15.869487836049112), (126.095 -30.411, 126.12468478557771 -30.45714367659109, 126.12468478557771 -30.457143676591087, 126.095 -30.411), (125.75127917429664 -17.044179374063592, 125.75127917429666 -17.044179374063592, 125.693 -17, 125.75127917429664 -17.044179374063592), (125.6697662828809 -28.834850911841325, 125.731 -28.924, 125.66976628288091 -28.83485091184133, 125.6697662828809 -28.834850911841325), (125.7254361503558 -17.047351017910877, 125.72672926113631 -17.047192317951453, 125.68991464915881 -17.047442757488714, 125.71269008782936 -17.04891530740276, 125.7254361503558 -17.047351017910877), (125.579 -28.785, 125.52814634146353 -28.766707317073212, 125.59029756097559 -28.79120487804877, 125.579 -28.785), (125.47219645773146 -28.74658145961563, 125.47219645773144 -28.746581459615626, 125.584 -28.842, 125.47219645773146 -28.74658145961563), (125.482 -17.034, 125.50816717019133 -17.0356918429003, 125.46541316793895 -17.03042080152672, 125.46930708661407 -17.031314960629896, 125.482 -17.034), (125.44437346437344 -28.735859950859943, 125.442 -28.735, 125.33381506849334 -28.71015753424662, 125.44997636761485 -28.738588621444194, 125.44 -28.735, 125.44437346437344 -28.735859950859943), (125.43800342465741 -17.024126712328737, 125.33702363238511 -16.9994113785558, 125.347 -17.003, 125.34477917189461 -17.0025608531995, 125.346 -17.003, 125.43800342465741 -17.024126712328737), (125.32251924037979 -28.707694152923533, 125.305 -28.704, 125.2787073170732 -28.70229268292683, 125.32251924037979 -28.707694152923533), (125.19670243902438 -16.94679512195121, 125.208 -16.953, 125.25885365853664 -16.971292682926848, 125.19670243902438 -16.94679512195121), (125.06034160000003 -28.6908072, 125.09789655172413 -28.69055172413793, 125.0746550094518 -28.689042533081285, 125.0711828917431 -28.689470602387836, 125.06034160000003 -28.6908072), (124.15913025026927 -29.29123151080227, 124.15913025026927 -29.291231510802273, 124.764 -28.794, 124.15913025026927 -29.29123151080227), (124.692 -15.327, 124.60726401720292 -15.385816741000315, 124.60726401720292 -15.385816741000319, 124.692 -15.327), (118.972 11.945, 119.117 11.981, 119.255 12.038, 119.383 12.115, 119.498 12.21, 123.826 16.366, 123.926 16.477, 124.008 16.602, 124.07 16.738, 124.112 16.881, 124.132 17.029, 124.129 17.179, 124.104 17.326, 124.058 17.468, 123.991 17.602, 123.904 17.724, 123.801 17.832, 123.682 17.923, 123.552 17.995, 123.412 18.048, 123.265 18.078, 123.116 18.087, 122.967 18.073, 122.822 18.037, 122.684 17.98, 122.556 17.903, 122.441 17.808, 118.113 13.652, 118.013 13.541, 117.931 13.416, 117.869 13.28, 117.827 13.137, 117.807 12.989, 117.81 12.839, 117.835 12.692, 117.881 12.55, 117.948 12.416, 118.035 12.294, 118.138 12.187, 118.257 12.095, 118.387 12.023, 118.527 11.971, 118.674 11.94, 118.823 11.931, 118.972 11.945), (121.48739862942102 -43.492121784075735, 122.85820516717322 -43.65929331306991, 122.85820516717345 -43.65929331306993, 121.48739862942102 -43.492121784075735), (120.09259445892025 -43.12180133675969, 118.43578205842043 -42.669227878190846, 118.43578205842046 -42.66922787819086, 120.09259445892025 -43.12180133675969), (119.57219515923568 -22.535883566879054, 119.57244307692308 -22.57257538461532, 119.57253295447177 -22.571272160159385, 119.57296551724143 -22.564999999999348, 119.57395705960536 -22.549664144770475, 119.57219515923568 -22.535883566879054), (119.558 -22.782, 119.5588347826087 -22.76989565217389, 119.55658015267176 -22.788183206106904, 119.558 -22.782), (119.527 -22.917, 119.539487119438 -22.86262060889908, 119.52299254426839 -22.92814072693386, 119.527 -22.917), (119.47274074074073 -23.063575821104116, 119.47718686073961 -23.05548052714392, 119.48717798962427 -23.027705188844525, 119.49460154738888 -23.007067698258904, 119.47274074074073 -23.063575821104116), (119.469 -22.239, 118.97176848919776 -21.634130250269294, 118.97176848919774 -21.634130250269287, 119.469 -22.239), (119.32006597953111 -21.918746388909057, 119.32006597953111 -21.918746388909053, 119.319 -21.939, 119.32006597953111 -21.918746388909057), (118.005 -23.641, 118.94219724680616 -21.614385571396884, 118.94219724680616 -21.61438557139688, 118.005 -23.641), (118.8052026110109 -23.68858369835953, 118.80520261101091 -23.688583698359526, 118.826 -23.628, 118.8052026110109 -23.68858369835953), (117.852 -23.57, 117.91143161230687 -23.655957586161353, 117.91143161230688 -23.65595758616136, 117.852 -23.57), (117.462240955553 -23.29056862294706, 117.48 -23.235, 117.462240955553 -23.29056862294705, 117.462240955553 -23.29056862294706), (117.378 -22.115, 117.33374975173783 -22.094534260178747, 117.33374975173783 -22.094534260178754, 117.378 -22.115), (117.29 -22.772, 117.24637290836652 -22.79835803452855, 117.24637290836652 -22.798358034528558, 117.29 -22.772), (117.284 -22.437, 117.24251274178691 -22.382057414798886, 117.24251274178691 -22.38205741479889, 117.284 -22.437), (115.4546589020305 -43.9564626940527, 115.05994429885006 -43.40899953293866, 115.4546589020305 -43.95646269405271, 115.4546589020305 -43.9564626940527), (112.193 -46.4, 113.20189387213789 -49.09937157771709, 113.20189387213789 -49.099371577717086, 112.193 -46.4), (112.908 29.142, 112.822 29.264, 112.719 29.372, 112.6 29.463, 112.469 29.536, 112.329 29.588, 112.183 29.619, 112.034 29.627, 111.885 29.614, 111.74 29.578, 111.602 29.521, 111.474 29.444, 111.358 29.349, 108.63785163529671 26.736349987587957, 109.2064269622123 24.509014430442313, 112.744 27.906, 112.843 28.018, 112.926 28.142, 112.988 28.278, 113.03 28.422, 113.049 28.57, 113.047 28.719, 113.022 28.867, 112.976 29.009, 112.908 29.142), (109.79203838467079 -0.3984290240743882, 109.779347526092 -0.0138478160030944, 109.72811597464441 -0.7826432987321909, 109.70716464079544 -1.4164874493530775, 109.79203838467079 -0.3984290240743882), (109.7386359832636 1.004999999999857, 109.67388257235307 1.9844977979506404, 109.60320152021251 2.367150390573653, 109.66760366031296 1.5920478660313753, 109.74139247248038 0.9616578340254487, 109.7386359832636 1.004999999999857), (109.3341818077404 -3.7073376593565897, 109.55322382671481 -2.782758122743626, 109.59806080364633 -2.4004385237468844, 109.43225026783465 -3.155474413914728, 109.31678107372686 -3.779804401366519, 109.3341818077404 -3.7073376593565897), (109.38920314904719 3.4696004498629547, 109.19985097703676 4.331631738782042, 109.07472155712263 4.694362861298807, 109.2537786949458 3.938163297388612, 109.41985396956395 3.3280746691337524, 109.38920314904719 3.4696004498629547), (108.69788038038104 5.755106856855148, 108.38209961003321 6.579973448558097, 108.20414185403617 6.920337697190277, 108.49230647666502 6.203479740224573, 108.74462596593574 5.631973485023397, 108.69788038038104 5.755106856855148), (107.7419256558331 7.791447385537057, 107.66387165109116 7.930269158877073, 107.23954641329594 8.680030278201667, 107.01334150337993 8.989481156381176, 107.4121554073646 8.311300086981516, 107.42141420118261 8.296609467456928, 107.7419256558331 7.791447385537057), (106.35841795378094 9.86944530251889, 105.79252418859332 10.591170436063333, 105.51886313535802 10.867266196177937, 106.0171219639149 10.253287002660935, 106.43113495960297 9.776128438389936, 106.35841795378094 9.86944530251889), (104.07685558508349 12.263990972277726, 103.77412541409487 12.489502099130785, 104.35247257718088 11.961260890717577, 104.82801953458016 11.555516592815602, 104.07685558508349 12.263990972277726), (102.13712897441809 13.658518465147377, 101.7963821222805 13.840422132545003, 102.44762262387704 13.404513794787887, 102.98217018263502 13.071672359186866, 102.13712897441809 13.658518465147377), (101.375 -1.489, 101.59 -1.386, 101.788 -1.251, 101.963 -1.088, 102.112 -0.901, 102.232 -0.694, 102.319 -0.472, 102.372 -0.238, 102.39 0, 102.372 0.238, 102.319 0.472, 102.232 0.694, 102.112 0.901, 101.963 1.088, 101.788 1.251, 101.59 1.386, 101.375 1.489, 101.146 1.56, 100.91 1.596, 100.67 1.596, 100.434 1.56, 100.205 1.489, 99.99 1.386, 99.792 1.251, 99.617 1.088, 99.468 0.901, 99.348 0.694, 99.261 0.472, 99.208 0.238, 99.19 0, 99.208 -0.238, 99.261 -0.472, 99.348 -0.694, 99.468 -0.901, 99.617 -1.088, 99.792 -1.251, 99.99 -1.386, 100.205 -1.489, 100.434 -1.56, 100.67 -1.596, 100.91 -1.596, 101.146 -1.56, 101.375 -1.489), (100.86209063180836 14.329847930283185, 100.01121012644887 14.74835918861961, 99.64866385580879 14.877025366192804, 100.34322326280687 14.54949388439066, 100.92620283627843 14.298090580165903, 100.86209063180836 14.329847930283185), (98.55948257425813 15.251947722772055, 97.74767454466803 15.510104809711347, 97.36626547016424 15.584082920291412, 98.11162842775944 15.360799519020537, 98.71682555832984 15.201454489830146, 98.55948257425813 15.251947722772055), (97.65342892872029 -44.76116423509796, 97.648 -44.759, 97.6132375690609 -44.74976243093926, 97.65342892872029 -44.76116423509796), (97.504 -44.721, 97.50565898617509 -44.721175115207366, 97.505 -44.721, 97.41272020725407 -44.70887564766842, 97.51908599290779 -44.72490336879432, 97.504 -44.721), (97.4252715591469 -47.041044509206515, 97.402 -46.993, 97.42527155914689 -47.041044509206515, 97.4252715591469 -47.041044509206515), (97.38190260071387 -44.7048266190719, 97.37595761381448 -44.704045525902636, 97.36718138470341 -44.70302117108526, 97.34539079333992 -44.703584720861905, 97.38190260071387 -44.7048266190719), (97.328 -44.751, 97.25042330097088 -44.706040776699034, 97.25042330097087 -44.706040776699034, 97.328 -44.751), (97.15791705069124 -44.70843317972351, 97.136 -44.709, 97.12189808917196 -44.71213375796179, 97.15791705069124 -44.70843317972351), (96.38126723343233 -45.20530881901058, 96.432 -45.138, 96.38126723343234 -45.205308819010554, 96.38126723343233 -45.20530881901058), (96.21482778171529 15.795794472005639, 95.39174019808881 15.927001245378653, 95.00922960173696 15.942985808535855, 95.78961705510127 15.831596045344497, 96.40687919011016 15.764598304144542, 96.21482778171529 15.795794472005639), (96.16728751063279 -46.08538033211287, 96.16728751063279 -46.08538033211288, 96.175 -46.079, 96.16728751063279 -46.08538033211287), (93.697 34.947, 93.547 34.955, 93.398 34.941, 93.253 34.905, 93.115 34.847, 92.988 34.77, 92.873 34.674, 92.773 34.563, 92.691 34.438, 92.629 34.302, 92.588 34.158, 92.569 34.01, 92.572 33.86, 92.597 33.713, 93.41053895428253 30.451000143365807, 95.07539190417202 32.040765908966556, 94.538 34.197, 94.491 34.339, 94.423 34.472, 94.336 34.594, 94.233 34.702, 94.114 34.792, 93.983 34.865, 93.843 34.916, 93.697 34.947), (92.618 7.08, 92.62 6.886, 92.642 6.749, 92.704 6.55, 92.763 6.429, 92.834 6.316, 92.917 6.213, 93.008 6.122, 93.184 5.993, 93.316 5.925, 93.488 5.864, 93.706 5.828, 93.938 5.834, 94.074 5.86, 94.215 5.904, 94.359 5.972, 94.509 6.07, 94.654 6.203, 94.775 6.359, 94.869 6.535, 94.933 6.725, 94.962 6.92, 94.96 7.114, 94.938 7.251, 94.876 7.45, 94.817 7.571, 94.746 7.684, 94.663 7.787, 94.572 7.878, 94.396 8.007, 94.264 8.075, 94.092 8.136, 93.874 8.172, 93.642 8.166, 93.506 8.14, 93.365 8.096, 93.221 8.028, 93.071 7.93, 92.926 7.797, 92.805 7.641, 92.711 7.465, 92.647 7.275, 92.618 7.08), (92.62 -7.114, 92.642 -7.251, 92.704 -7.45, 92.763 -7.571, 92.834 -7.684, 92.917 -7.787, 93.008 -7.878, 93.184 -8.007, 93.316 -8.075, 93.488 -8.136, 93.706 -8.172, 93.938 -8.166, 94.074 -8.14, 94.215 -8.096, 94.359 -8.028, 94.509 -7.93, 94.654 -7.797, 94.775 -7.641, 94.869 -7.465, 94.933 -7.275, 94.962 -7.08, 94.96 -6.886, 94.938 -6.749, 94.876 -6.55, 94.817 -6.429, 94.746 -6.316, 94.663 -6.213, 94.572 -6.122, 94.396 -5.993, 94.264 -5.925, 94.092 -5.864, 93.874 -5.828, 93.642 -5.834, 93.506 -5.86, 93.365 -5.904, 93.221 -5.972, 93.071 -6.07, 92.926 -6.203, 92.805 -6.359, 92.711 -6.535, 92.647 -6.725, 92.618 -6.92, 92.62 -7.114), (93.92699999999981 15.97997912317328, 92.99999969840229 15.987720253040482, 92.61599276902696 15.946271374061288, 93.39986510805647 15.952828231769606, 94.02766614612345 15.978844264740989, 93.92699999999981 15.97997912317328), (93.31286516853994 85.66559550561853, 93.46336729559772 85.80057861635241, 93.395 85.74, 93.31286516853994 85.66559550561853), (93.226 85.588, 93.15689966555193 85.52571237458203, 93.30359999999854 85.6572857142844, 93.226 85.588), (91.46050209434843 15.80998743390781, 90.62195861940462 15.690801794491506, 90.24696394137928 15.592076393716601, 91.01603744357928 15.714502996945727, 91.63298895627533 15.834057059244152, 91.46050209434843 15.80998743390781), (89.08794126074498 15.273411174785098, 88.31787756317416 15.042895375120107, 87.96746467232722 14.89183060907968, 88.71569640159144 15.129202939162186, 89.29808981258117 15.335650292924736, 89.08794126074498 15.273411174785098), (89.05746768060835 -40.03639543726235, 89.07 -39.98, 89.05746768060835 -40.03639543726234, 89.05746768060835 -40.03639543726235), (86.991 56.603, 87.095 56.495, 87.213 56.405, 87.344 56.332, 87.484 56.281, 87.631 56.25, 87.78 56.242, 87.929 56.256, 88.074 56.292, 88.212 56.35, 88.34 56.427, 88.455 56.523, 88.554 56.634, 88.636 56.759, 88.698 56.895, 88.739 57.039, 88.759 57.187, 88.756 57.337, 88.73 57.484, 87.278 63.306, 87.232 63.448, 87.164 63.581, 87.077 63.703, 86.974 63.81, 86.855 63.901, 86.724 63.973, 86.584 64.025, 86.437 64.055, 86.288 64.063, 86.139 64.049, 85.994 64.013, 85.856 63.956, 85.728 63.878, 85.613 63.783, 85.514 63.671, 85.432 63.546, 85.37 63.41, 85.329 63.267, 85.31 63.118, 85.313 62.969, 85.338 62.822, 86.79 57, 86.837 56.858, 86.904 56.725, 86.991 56.603), (85.792 1.251, 85.617 1.088, 85.468 0.901, 85.348 0.694, 85.261 0.472, 85.208 0.238, 85.19 0, 85.208 -0.238, 85.261 -0.472, 85.348 -0.694, 85.468 -0.901, 85.617 -1.088, 85.792 -1.251, 85.99 -1.386, 86.205 -1.489, 86.434 -1.56, 86.67 -1.596, 86.91 -1.596, 87.146 -1.56, 87.375 -1.489, 87.59 -1.386, 87.788 -1.251, 87.963 -1.088, 88.112 -0.901, 88.232 -0.694, 88.319 -0.472, 88.372 -0.238, 88.39 0, 88.372 0.238, 88.319 0.472, 88.232 0.694, 88.112 0.901, 87.963 1.088, 87.788 1.251, 87.59 1.386, 87.375 1.489, 87.146 1.56, 86.91 1.596, 86.67 1.596, 86.434 1.56, 86.205 1.489, 85.99 1.386, 85.792 1.251), (86.85711111111225 14.398777777778312, 86.1389292624533 14.060400450837479, 85.80704293684032 13.853991305360374, 86.502853792025 14.196384717790488, 87.05744630678538 14.492482949948, 86.85711111111225 14.398777777778312), (84.83263594256654 13.234046086151357, 84.12355738292753 12.759070347458497, 83.83098397822609 12.509531889222473, 84.47032894983055 12.953006289373548, 84.97468294196693 13.328577865591836, 84.83263594256654 13.234046086151357), (83.04099154596584 11.824608454035541, 82.33068009475468 11.176534580516696, 82.07653120824048 10.883696787074536, 82.6447789801015 11.419921395253917, 83.08949086607203 11.868596845270527, 83.04099154596584 11.824608454035541), (78.735 93.122, 78.597 93.064, 78.469 92.987, 78.354 92.891, 78.255 92.78, 78.173 92.655, 78.111 92.519, 78.07 92.375, 78.051 92.227, 78.054 92.077, 78.079 91.93, 79.531 86.108, 79.578 85.967, 79.645 85.833, 79.732 85.711, 79.836 85.604, 79.954 85.513, 80.085 85.441, 80.225 85.389, 80.372 85.359, 80.521 85.351, 80.67 85.365, 80.815 85.401, 80.953 85.458, 81.081 85.536, 81.196 85.631, 81.295 85.743, 81.377 85.868, 81.439 86.004, 81.48 86.147, 81.499 86.296, 81.496 86.445, 81.471 86.592, 80.019 92.414, 79.972 92.556, 79.905 92.689, 79.818 92.811, 79.714 92.919, 79.596 93.009, 79.465 93.082, 79.325 93.133, 79.178 93.164, 79.029 93.172, 78.88 93.158, 78.735 93.122), (80.79522356167354 9.346585702261613, 80.59037203566683 9.023992411307113, 81.07680571642067 9.643898748365356, 81.44750160461457 10.15058647089669, 80.79522356167354 9.346585702261613), (79.54476951620966 7.3012430300055255, 79.39102479758682 6.952892793704987, 79.78231574194628 7.64354288294335, 80.07121002489414 8.195541968215245, 79.54476951620966 7.3012430300055255), (78.9675476190472 5.971817460316418, 78.61783860072595 5.102630168694714, 78.51634031786197 4.730308689807955, 78.79502141057937 5.458138958858186, 78.99957142857141 6.050809523809482, 78.9675476190472 5.971817460316418), (78.459 30.993, 78.318 31.045, 78.172 31.075, 78.1646241192545 31.07539602044271, 78.74814803433163 30.788693849293413, 78.708 30.83, 78.589 30.921, 78.459 30.993), (78.24581819225908 3.7073376593544216, 78.02677617328521 2.7827581227437284, 77.98193919635368 2.4004385237469856, 78.14774973216535 3.155474413914728, 78.26321892627311 3.7798044013663414, 78.24581819225908 3.7073376593544216), (77.8413640167364 -1.0049999999999635, 77.90611742764696 -1.9844977979507368, 77.97679847978749 -2.3671503905736193, 77.91239633968704 -1.5920478660313753, 77.83860752751963 -0.9616578340255826, 77.8413640167364 -1.0049999999999635), (77.78796161532921 0.3984290240743888, 77.800652473908 0.0138478160030944, 77.85188402535559 0.7826432987321909, 77.87283535920456 1.4164874493530775, 77.78796161532921 0.3984290240743888), (77.17548470447339 -45.92373452728635, 76.73957740169512 -44.48563402387679, 77.17548470447338 -45.92373452728635, 77.17548470447339 -45.92373452728635), (73.7139096126255 -44.72243328550942, 73.70665720524019 -44.74324454148465, 73.68437239615056 -44.831179193568026, 73.669 -45.105, 73.687 -45.247, 73.724 -45.385, 73.781 -45.516, 73.856 -45.637, 73.947 -45.747, 74.053 -45.842, 74.172 -45.922, 74.3 -45.983, 74.436 -46.026, 74.577 -46.049, 74.72 -46.052, 77.16265377694614 -45.924404767659524, 76.72103987753937 -44.48489840783886, 73.92287452420702 -44.373860100166944, 73.85964258064513 -44.44882580645166, 73.82420000000003 -44.50133333333329, 73.77527500000002 -44.58287499999997, 73.75592616033752 -44.623445147679384, 73.7139096126255 -44.72243328550942), (72.318 115.075, 72.386 114.942, 72.473 114.82, 72.576 114.712, 72.695 114.622, 72.826 114.55, 72.966 114.498, 73.113 114.467, 73.262 114.459, 73.411 114.473, 73.556 114.509, 73.694 114.567, 73.822 114.644, 73.937 114.74, 74.036 114.851, 74.118 114.976, 74.18 115.112, 74.221 115.256, 74.24 115.404, 74.237 115.554, 74.212 115.701, 72.76 121.523, 72.713 121.665, 72.646 121.798, 72.559 121.92, 72.455 122.027, 72.337 122.118, 72.206 122.19, 72.066 122.242, 71.919 122.272, 71.77 122.28, 71.621 122.266, 71.476 122.23, 71.338 122.173, 71.21 122.095, 71.095 122, 70.996 121.888, 70.914 121.763, 70.852 121.627, 70.811 121.484, 70.792 121.335, 70.795 121.186, 70.82 121.039, 72.272 115.217, 72.318 115.075), (72.404 52.385, 72.549 52.421, 72.687 52.478, 72.815 52.556, 72.93 52.651, 73.03 52.763, 73.111 52.888, 73.173 53.024, 73.215 53.167, 73.234 53.316, 73.231 53.465, 73.206 53.612, 71.754 59.434, 71.707 59.576, 71.64 59.709, 71.553 59.831, 71.449 59.939, 71.33 60.029, 71.199 60.102, 71.059 60.153, 70.913 60.184, 70.764 60.192, 70.615 60.178, 70.47 60.142, 70.332 60.084, 70.204 60.007, 70.089 59.911, 69.99 59.8, 69.908 59.675, 69.846 59.539, 69.804 59.395, 69.785 59.247, 69.788 59.097, 69.813 58.95, 71.265 53.128, 71.312 52.987, 71.38 52.853, 71.466 52.731, 71.57 52.624, 71.689 52.533, 71.82 52.461, 71.96 52.409, 72.106 52.379, 72.255 52.371, 72.404 52.385), (68.133 140.443, 68.332 140.379, 68.539 140.347, 68.748 140.345, 68.955 140.374, 69.156 140.434, 69.345 140.523, 69.519 140.64, 69.673 140.781, 69.805 140.943, 69.911 141.124, 69.989 141.318, 70.038 141.521, 70.055 141.73, 70.041 141.939, 69.996 142.143, 69.922 142.338, 69.819 142.521, 69.689 142.685, 69.537 142.829, 69.365 142.948, 69.178 143.041, 68.978 143.104, 68.772 143.137, 68.562 143.139, 68.355 143.109, 68.155 143.049, 67.965 142.96, 67.792 142.844, 67.637 142.703, 67.505 142.54, 67.399 142.36, 67.321 142.166, 67.273 141.962, 67.255 141.753, 67.269 141.545, 67.314 141.34, 67.389 141.145, 67.492 140.963, 67.621 140.798, 67.773 140.654, 67.945 140.535, 68.133 140.443), (53.381247875028684 129.4183742246726, 53.23408342388025 129.1694118073162, 53.1336673669468 128.97044789915972, 53.02853747072595 128.70843185011697, 52.95741717968849 128.50103590464, 52.88971004197609 128.21621827575063, 52.849837975219735 128.01557174626709, 52.811 127.545, 52.845 127.023, 52.958 126.512, 53.145 126.023, 53.402 125.568, 53.725 125.157, 54.106 124.798, 54.535 124.499, 55.005 124.268, 55.503 124.11, 56.02 124.028, 56.543 124.023, 57.061 124.097, 64.386 125.704, 64.875 125.811, 65.376 125.961, 65.849 126.184, 66.284 126.475, 66.67 126.828, 67 127.234, 67.265 127.685, 67.46 128.17, 67.581 128.679, 67.625 129.201, 67.59 129.723, 67.478 130.233, 67.30349435046699 130.68932760760237, 67.21511328349624 130.8558312248419, 67.08367193810021 131.08763669831163, 67.05613576873291 131.13619854738963, 66.94654775702936 131.28727344923809, 66.75385497066358 131.5330611519709, 66.61402152190625 131.67967440430434, 66.3944398766701 131.88712127440903, 66.23399188092003 132.0145358592694, 65.98684623082069 132.1858135423615, 65.81044481236194 132.29010927152322, 65.54639764705897 132.4201623529411, 65.3493028405278 132.50303176023263, 65.27574602826198 132.52646970241753, 65.07384128512656 132.59080407948872, 64.86800748605908 132.6461693529906, 64.65251036331328 132.68041501978354, 64.57427920227926 132.69284710351374, 64.3693361417078 132.71835689375365, 63.893 132.722, 63.375 132.649, 55.561 130.934, 55.059 130.784, 54.62432346525406 130.57906793393585, 54.46633934252356 130.48076670201465, 54.34552018062629 130.39975661880703, 54.20027784827165 130.302370630984, 54.047968128600594 130.17537669578144, 53.84201816137895 129.98805269458757, 53.83045847902105 129.97753846153853, 53.68148760330572 129.81468831168823, 53.49805978947371 129.5877730526316, 53.381247875028684 129.4183742246726), (66.63 5.699, 66.502 5.775, 61.131 8.451, 60.993 8.507, 60.848 8.542, 60.699 8.556, 60.55 8.546, 60.404 8.515, 60.264 8.462, 60.133 8.389, 60.015 8.298, 59.912 8.19, 59.826 8.067, 59.76 7.934, 59.714 7.791, 59.689 7.644, 59.687 7.494, 59.708 7.346, 59.75 7.203, 59.813 7.067, 59.895 6.943, 59.995 6.832, 60.111 6.737, 60.24 6.661, 65.4365869442424 4.0714158914724985, 66.93773058162265 5.347474554389726, 66.928 5.368, 66.846 5.493, 66.746 5.604, 66.63 5.699), (62.526 88.355, 62.529 88.206, 62.554 88.059, 64.006 82.237, 64.053 82.095, 64.121 81.962, 64.207 81.84, 64.311 81.732, 64.43 81.642, 64.561 81.569, 64.701 81.518, 64.847 81.487, 64.996 81.479, 65.145 81.493, 65.29 81.529, 65.428 81.587, 65.556 81.664, 65.671 81.76, 65.771 81.871, 65.852 81.996, 65.914 82.132, 65.956 82.276, 65.975 82.424, 65.972 82.574, 65.947 82.721, 64.495 88.543, 64.448 88.685, 64.38 88.818, 64.294 88.94, 64.19 89.047, 64.071 89.138, 63.94 89.21, 63.8 89.262, 63.654 89.292, 63.505 89.3, 63.356 89.286, 63.211 89.25, 63.073 89.193, 62.945 89.115, 62.83 89.02, 62.73 88.908, 62.649 88.783, 62.587 88.647, 62.545 88.504, 62.526 88.355), (62.911 141.761, 62.954 141.618, 63.018 141.483, 63.101 141.358, 63.201 141.248, 63.317 141.154, 63.446 141.078, 63.585 141.022, 63.73 140.988, 63.879 140.975, 64.028 140.985, 64.174 141.017, 64.314 141.071, 64.444 141.144, 64.562 141.237, 64.664 141.345, 64.75 141.468, 64.816 141.602, 64.861 141.745, 64.884 141.892, 64.886 142.042, 64.865 142.19, 63.579 148.05, 63.536 148.193, 63.472 148.329, 63.389 148.453, 63.288 148.563, 63.172 148.657, 63.043 148.733, 62.905 148.789, 62.759 148.823, 62.61 148.836, 62.461 148.826, 62.315 148.794, 62.176 148.741, 62.046 148.667, 61.928 148.575, 61.825 148.466, 61.74 148.343, 61.674 148.209, 61.629 148.067, 61.605 147.919, 61.604 147.77, 61.625 147.622, 62.911 141.761), (62.19 183.003, 62.294 182.821, 62.423 182.657, 62.575 182.513, 62.747 182.394, 62.934 182.301, 63.134 182.238, 63.341 182.205, 63.55 182.203, 63.757 182.233, 63.957 182.293, 64.147 182.382, 64.321 182.498, 64.475 182.639, 64.607 182.802, 64.713 182.982, 64.791 183.176, 64.839 183.38, 64.857 183.588, 64.843 183.797, 64.798 184.002, 64.723 184.197, 64.62 184.379, 64.491 184.544, 64.339 184.687, 64.167 184.807, 63.979 184.899, 63.78 184.962, 63.573 184.995, 63.364 184.997, 63.157 184.968, 62.956 184.908, 62.767 184.818, 62.593 184.702, 62.439 184.561, 62.307 184.399, 62.201 184.218, 62.123 184.024, 62.074 183.82, 62.057 183.612, 62.071 183.403, 62.116 183.199, 62.19 183.003), (59.31 171.996, 59.379 171.682, 59.494 171.382, 59.652 171.102, 59.85 170.849, 60.084 170.629, 60.348 170.446, 60.636 170.304, 60.943 170.206, 61.26 170.156, 61.581 170.153, 61.9 170.198, 62.207 170.291, 62.498 170.428, 62.765 170.606, 63.002 170.823, 63.205 171.072, 63.368 171.349, 63.488 171.647, 63.562 171.96, 63.589 172.28, 63.567 172.601, 63.498 172.915, 63.384 173.215, 63.225 173.495, 63.027 173.748, 62.793 173.968, 62.529 174.151, 62.241 174.293, 61.935 174.39, 61.617 174.441, 61.296 174.444, 60.978 174.399, 60.67 174.306, 60.379 174.169, 60.112 173.991, 59.875 173.774, 59.673 173.525, 59.51 173.248, 59.39 172.949, 59.316 172.637, 59.289 172.317, 59.31 171.996), (54.764 192.716, 54.833 192.402, 54.948 192.102, 55.106 191.823, 55.304 191.57, 55.538 191.349, 55.802 191.166, 56.09 191.024, 56.396 190.927, 56.714 190.876, 57.035 190.874, 57.353 190.919, 57.661 191.011, 57.952 191.148, 58.219 191.327, 58.456 191.543, 58.659 191.793, 58.822 192.07, 58.942 192.368, 59.016 192.68, 59.042 193.001, 59.021 193.321, 58.952 193.635, 58.837 193.935, 58.679 194.215, 58.481 194.468, 58.247 194.688, 57.983 194.872, 57.695 195.013, 57.388 195.111, 57.071 195.161, 56.75 195.164, 56.432 195.119, 56.124 195.027, 55.833 194.89, 55.566 194.711, 55.329 194.494, 55.126 194.245, 54.963 193.968, 54.843 193.67, 54.769 193.357, 54.743 193.037, 54.764 192.716), (55.814 118.301, 55.686 118.224, 55.571 118.128, 55.471 118.017, 55.39 117.892, 55.327 117.756, 55.286 117.612, 55.267 117.464, 55.27 117.315, 55.295 117.167, 56.747 111.345, 56.794 111.204, 56.861 111.07, 56.948 110.948, 57.052 110.841, 57.171 110.75, 57.302 110.678, 57.442 110.626, 57.588 110.596, 57.737 110.588, 57.886 110.602, 58.031 110.638, 58.169 110.695, 58.297 110.773, 58.412 110.868, 58.511 110.98, 58.593 111.105, 58.655 111.241, 58.696 111.384, 58.716 111.533, 58.713 111.682, 58.688 111.829, 57.236 117.651, 57.189 117.793, 57.121 117.926, 57.035 118.048, 56.931 118.156, 56.812 118.246, 56.681 118.319, 56.541 118.37, 56.395 118.401, 56.245 118.409, 56.097 118.395, 55.952 118.359, 55.814 118.301), (58.06224188481675 199.20081006846556, 58.058 199.192, 58.06224188481676 199.20081006846556, 58.06224188481675 199.20081006846556), (45.025 175.726, 45.762 175.215, 46.567 174.819, 47.421 174.547, 48.307 174.406, 49.203 174.399, 50.091 174.525, 50.95 174.782, 51.762 175.164, 52.507 175.663, 53.169 176.268, 53.734 176.964, 54.189 177.737, 54.524 178.569, 54.731 179.441, 54.805 180.335, 54.746 181.23, 54.554 182.106, 54.233 182.943, 53.791 183.724, 53.238 184.429, 52.586 185.045, 51.849 185.556, 51.044 185.952, 50.19 186.224, 49.304 186.365, 48.407 186.372, 47.52 186.246, 46.66 185.989, 45.849 185.607, 45.104 185.108, 44.442 184.503, 43.877 183.807, 43.422 183.034, 43.087 182.202, 42.88 181.33, 42.806 180.436, 42.865 179.541, 43.057 178.665, 43.378 177.828, 43.82 177.047, 44.373 176.342, 45.025 175.726), (50.679 165.333, 50.754 165.137, 50.857 164.955, 50.986 164.79, 51.138 164.647, 51.31 164.527, 51.498 164.435, 51.697 164.372, 51.904 164.339, 52.113 164.337, 52.32 164.367, 52.521 164.427, 52.71 164.516, 52.884 164.632, 53.038 164.773, 53.17 164.936, 53.276 165.116, 53.354 165.31, 53.403 165.514, 53.42 165.722, 53.406 165.931, 53.361 166.135, 53.287 166.331, 53.183 166.513, 53.054 166.678, 52.902 166.821, 52.73 166.941, 52.543 167.033, 52.343 167.096, 52.137 167.129, 51.927 167.131, 51.72 167.101, 51.52 167.041, 51.33 166.952, 51.157 166.836, 51.002 166.695, 50.87 166.532, 50.764 166.352, 50.686 166.158, 50.638 165.954, 50.62 165.746, 50.634 165.537, 50.679 165.333), (50.403 138.572, 50.503 138.462, 50.62 138.368, 50.748 138.292, 50.887 138.236, 51.032 138.202, 51.181 138.189, 51.331 138.199, 51.477 138.231, 51.616 138.285, 51.746 138.358, 51.864 138.451, 51.966 138.559, 52.052 138.682, 52.118 138.816, 52.163 138.959, 52.186 139.106, 52.188 139.256, 52.167 139.404, 50.881 145.264, 50.838 145.407, 50.774 145.543, 50.691 145.667, 50.59 145.777, 50.474 145.871, 50.345 145.947, 50.207 146.003, 50.061 146.037, 49.912 146.05, 49.763 146.04, 49.617 146.008, 49.478 145.954, 49.348 145.881, 49.23 145.789, 49.127 145.68, 49.042 145.557, 48.976 145.423, 48.931 145.281, 48.907 145.133, 48.906 144.984, 48.927 144.836, 50.213 138.975, 50.256 138.832, 50.32 138.697, 50.403 138.572), (51.032 -47.248, 51.163 -47.192, 51.25713413486373 -47.133652395745614, 50.30711977030609 -47.32724278282327, 50.752 -47.304, 50.894 -47.286, 51.032 -47.248), (44.10165269461074 -45.81097205588825, 44.09093178519598 -45.81937010159648, 43.998634178905235 -45.90104939919891, 43.97818838789377 -45.920949969116734, 43.901135026737954 -46.013096256684506, 43.86034055727556 -46.0735325077399, 43.82142165492959 -46.13708362676055, 43.78723191094618 -46.20877179962896, 43.75353658536583 -46.289524390243955, 43.74897790055249 -46.30206077348065, 43.72532733900364 -46.39602381530985, 43.71 -46.67, 43.727 -46.812, 43.765 -46.949, 43.822 -47.08, 43.897 -47.202, 43.988 -47.311, 44.094 -47.407, 44.212 -47.486, 44.341 -47.548, 44.477 -47.591, 44.618 -47.614, 44.761 -47.617, 48.586392577293566 -47.41714223390204, 48.242618092373014 -45.43164828723085, 44.656 -45.619, 44.656 -45.609, 44.52011238825031 -45.626212430821624, 44.45662403698004 -45.64196147919875, 44.378306229196404 -45.66410651450308, 44.32351298701291 -45.68611363636367, 44.24782671480149 -45.72066606498193, 44.194502269288925 -45.7505461422088, 44.10165269461074 -45.81097205588825), (46.248 135.775, 46.436 135.682, 46.635 135.619, 46.842 135.586, 47.051 135.584, 47.258 135.614, 47.459 135.674, 47.648 135.763, 47.822 135.879, 47.976 136.02, 48.108 136.183, 48.214 136.363, 48.292 136.557, 48.341 136.761, 48.358 136.969, 48.344 137.178, 48.299 137.382, 48.225 137.578, 48.121 137.76, 47.992 137.925, 47.84 138.068, 47.668 138.188, 47.481 138.28, 47.281 138.343, 47.074 138.376, 46.865 138.378, 46.658 138.349, 46.458 138.289, 46.268 138.199, 46.094 138.083, 45.94 137.942, 45.808 137.779, 45.702 137.599, 45.624 137.405, 45.576 137.201, 45.558 136.993, 45.572 136.784, 45.617 136.58, 45.692 136.384, 45.795 136.202, 45.924 136.037, 46.076 135.894, 46.248 135.775), (46.177 31.593, 46.326 31.579, 46.475 31.589, 46.621 31.62, 46.761 31.673, 46.891 31.746, 47.009 31.837, 47.113 31.945, 47.198 32.068, 47.265 32.202, 47.311 32.344, 47.335 32.491, 47.337 32.641, 47.317 32.789, 47.275 32.932, 47.212 33.068, 47.129 33.192, 47.029 33.303, 46.914 33.398, 46.785 33.474, 41.415 36.15, 41.276 36.207, 41.131 36.242, 40.982 36.255, 40.833 36.246, 40.687 36.215, 40.547 36.162, 40.417 36.089, 40.299 35.997, 40.195 35.889, 40.11 35.767, 40.043 35.633, 39.997 35.491, 39.973 35.343, 39.971 35.194, 39.991 35.046, 40.033 34.902, 40.096 34.767, 40.179 34.642, 40.279 34.531, 40.394 34.436, 40.523 34.36, 45.893 31.684, 46.032 31.628, 46.177 31.593), (44.324 194.44, 44.427 194.258, 44.556 194.093, 44.709 193.95, 44.881 193.83, 45.068 193.738, 45.268 193.675, 45.474 193.642, 45.684 193.64, 45.891 193.669, 46.091 193.729, 46.28 193.819, 46.454 193.935, 46.609 194.076, 46.741 194.239, 46.847 194.419, 46.925 194.613, 46.973 194.817, 46.991 195.025, 46.977 195.234, 46.932 195.438, 46.857 195.634, 46.754 195.816, 46.625 195.981, 46.473 196.124, 46.301 196.243, 46.113 196.336, 45.914 196.399, 45.707 196.432, 45.498 196.434, 45.291 196.404, 45.09 196.344, 44.901 196.255, 44.727 196.139, 44.572 195.998, 44.441 195.835, 44.335 195.655, 44.256 195.461, 44.208 195.257, 44.191 195.049, 44.205 194.84, 44.249 194.636, 44.324 194.44), (46.132 -54.685, 46.548 -53.543, 46.409 -53.547, 46.132 -54.685), (39.916 165.757, 40.222 165.66, 40.54 165.61, 40.861 165.607, 41.179 165.652, 41.487 165.744, 41.778 165.881, 42.045 166.06, 42.282 166.277, 42.485 166.526, 42.648 166.803, 42.768 167.101, 42.842 167.414, 42.868 167.734, 42.847 168.055, 42.778 168.369, 42.663 168.669, 42.505 168.948, 42.307 169.201, 42.073 169.422, 41.809 169.605, 41.521 169.747, 41.214 169.844, 40.897 169.895, 40.576 169.897, 40.258 169.852, 39.95 169.76, 39.659 169.623, 39.392 169.444, 39.155 169.228, 38.952 168.978, 38.789 168.701, 38.669 168.403, 38.595 168.09, 38.569 167.77, 38.59 167.45, 38.659 167.136, 38.774 166.836, 38.932 166.556, 39.13 166.303, 39.364 166.083, 39.628 165.899, 39.916 165.757), (33.698 21.925, 33.552 21.894, 33.412 21.841, 33.281 21.768, 33.163 21.676, 33.06 21.568, 32.974 21.446, 32.908 21.312, 32.862 21.17, 32.838 21.022, 32.836 20.873, 32.856 20.725, 32.898 20.581, 32.961 20.446, 33.044 20.321, 33.144 20.21, 33.259 20.116, 33.388 20.039, 38.758 17.363, 38.896 17.307, 39.042 17.272, 39.191 17.259, 39.34 17.268, 39.486 17.299, 39.626 17.352, 39.756 17.425, 39.874 17.516, 39.977 17.625, 40.063 17.747, 40.13 17.881, 40.176 18.023, 40.2 18.17, 40.202 18.32, 40.182 18.468, 40.14 18.611, 40.077 18.747, 39.994 18.871, 39.894 18.982, 39.778 19.077, 39.65 19.154, 34.28 21.829, 34.141 21.886, 33.996 21.921, 33.847 21.934, 33.698 21.925), (39.86724755747126 199.35308218390804, 39.871 199.345, 39.867247557471266 199.35308218390804, 39.86724755747126 199.35308218390804), (36.941 186.465, 37.231 186.602, 37.498 186.78, 37.736 186.997, 37.938 187.246, 38.101 187.523, 38.221 187.821, 38.295 188.134, 38.322 188.454, 38.301 188.775, 38.232 189.089, 38.117 189.389, 37.959 189.669, 37.76 189.922, 37.527 190.142, 37.263 190.325, 36.974 190.467, 36.668 190.564, 36.351 190.615, 36.029 190.618, 35.711 190.573, 35.404 190.48, 35.113 190.343, 34.846 190.165, 34.608 189.948, 34.406 189.698, 34.243 189.422, 34.123 189.123, 34.049 188.811, 34.022 188.491, 34.044 188.17, 34.112 187.856, 34.227 187.556, 34.386 187.276, 34.584 187.023, 34.818 186.803, 35.082 186.62, 35.37 186.478, 35.676 186.38, 35.993 186.33, 36.315 186.327, 36.633 186.372, 36.941 186.465), (35.172 176.21, 35.304 176.372, 35.41 176.553, 35.488 176.747, 35.537 176.95, 35.554 177.159, 35.54 177.368, 35.495 177.572, 35.42 177.768, 35.317 177.95, 35.188 178.114, 35.036 178.258, 34.864 178.377, 34.676 178.47, 34.477 178.533, 34.27 178.566, 34.061 178.568, 33.854 178.538, 33.653 178.478, 33.464 178.389, 33.29 178.273, 33.136 178.132, 33.004 177.969, 32.898 177.789, 32.82 177.595, 32.771 177.391, 32.754 177.183, 32.768 176.974, 32.813 176.769, 32.888 176.574, 32.991 176.392, 33.12 176.227, 33.272 176.084, 33.444 175.964, 33.632 175.872, 33.831 175.809, 34.038 175.776, 34.247 175.774, 34.454 175.803, 34.654 175.863, 34.844 175.952, 35.018 176.069, 35.172 176.21), (32.529 193.591, 32.52184521236639 193.59691047674082, 32.52184521236638 193.59691047674082, 32.529 193.591), (34.45449801539467 195.6710802504334, 34.4544980153945 195.67108025043322, 32.529 193.591, 34.45449801539467 195.6710802504334), (22.643 -55.647, 29.179 -54.718, 30.016 -54.103, 21.841 -54.38, 20.386 -56.268, 20.19 -56.522, 20.087 -56.655, 21.017 -56.708, 22.643 -55.647), (28.46 185.21, 28.42008429042588 185.21896066949623, 28.420084290425876 185.21896066949623, 28.46 185.21), (28.388531606395784 185.0799914608287, 28.388531606395777 185.07999146082867, 27.918 182.127, 28.388531606395784 185.0799914608287), (28.337 54.828, 28.34 54.701, 28.34084004693 54.67369847477501, 28.33354207158094 54.97186608201017, 28.334 54.95, 28.337 54.828), (28.322862721893475 55.40818382643064, 28.32063446353925 55.49922201579172, 28.321 55.474, 28.322862721893475 55.40818382643064), (20.459 45.722, 20.483 45.87, 20.485 46.019, 20.465 46.167, 20.423 46.311, 20.36 46.446, 20.277 46.571, 20.177 46.682, 20.062 46.776, 19.933 46.853, 14.563 49.529, 14.425 49.585, 14.279 49.62, 14.13 49.633, 13.981 49.624, 13.835 49.593, 13.695 49.54, 13.565 49.467, 13.447 49.376, 13.344 49.267, 13.258 49.145, 13.191 49.011, 13.145 48.869, 13.121 48.722, 13.119 48.572, 13.139 48.424, 13.181 48.281, 13.244 48.145, 13.327 48.021, 13.427 47.91, 13.543 47.815, 13.671 47.738, 19.041 45.063, 19.18 45.006, 19.325 44.971, 19.474 44.958, 19.623 44.967, 19.769 44.998, 19.909 45.051, 20.04 45.124, 20.158 45.216, 20.261 45.324, 20.347 45.446, 20.413 45.58, 20.459 45.722), (17.324093344090358 -14.514271657926583, 19.101 -14.586, 19.1 -14.596, 19.243932169773903 -14.591234034113446, 19.285407045009787 -14.584534246575341, 19.382793050587626 -14.566233520694944, 19.43311867905058 -14.551571723426209, 19.520197814836113 -14.521523289246694, 19.568404428044282 -14.50000959409594, 19.676 -14.443, 19.780201591511965 -14.366984084880615, 19.805220858895694 -14.346846625766878, 19.886419161676642 -14.266407185628745, 19.94075342465754 -14.199534246575334, 19.97908912830558 -14.1475680705191, 20.01811181244364 -14.082706041478817, 20.06138628158845 -14.001642599277972, 20.067698113207545 -13.988177358490569, 20.100021500122157 -13.896378939653069, 20.14 -13.627, 20.136 -13.484, 20.111 -13.344, 20.067 -13.208, 20.003 -13.08, 19.923 -12.963, 19.826 -12.858, 19.715 -12.768, 19.593 -12.694, 19.461 -12.639, 19.323 -12.603, 19.181 -12.587, 14.221791757737021 -12.387639001436968, 14.832 -12.613, 15.658 -13.059, 16.412 -13.617, 17.081 -14.276, 17.324093344090358 -14.514271657926583), (6.292 33.589, 6.408 33.494, 6.536 33.417, 11.906 30.742, 12.045 30.685, 12.19 30.65, 12.339 30.637, 12.488 30.646, 12.634 30.677, 12.774 30.73, 12.904 30.803, 13.022 30.895, 13.126 31.003, 13.211 31.125, 13.278 31.259, 13.324 31.401, 13.348 31.549, 13.35 31.698, 13.33 31.846, 13.288 31.99, 13.225 32.125, 13.142 32.25, 13.042 32.361, 12.927 32.455, 12.798 32.532, 7.428 35.208, 7.289 35.264, 7.144 35.299, 6.995 35.312, 6.846 35.303, 6.7 35.272, 6.56 35.219, 6.43 35.146, 6.312 35.055, 6.208 34.946, 6.123 34.824, 6.056 34.69, 6.01 34.548, 5.986 34.401, 5.984 34.251, 6.004 34.103, 6.046 33.96, 6.109 33.824, 6.192 33.7, 6.292 33.589), (11.158 62.884, 11.153 63.099, 11.15060869565217 63.18150000000012, 11.158 62.884), (11.139 63.649, 11.138945454545462 63.650945454545145, 11.144694444444447 63.41954861111102, 11.143 63.503, 11.139 63.649), (-9.289389417817826 -57.931796413186476, -6.156 -57.57, -4.696 -58.101, -2.473 -57.67, 2.67 -58.3, 3.665 -57.836, 3.984 -57.869, 4.935 -56.635, -9.429563245694633 -57.12145818917484, -9.289389417817826 -57.931796413186476), (-6.918 60.231, -12.289 62.907, -12.427 62.963, -12.572 62.999, -12.721 63.012, -12.871 63.003, -13.017 62.971, -13.157 62.919, -13.287 62.846, -13.405 62.754, -13.508 62.646, -13.594 62.523, -13.661 62.39, -13.707 62.247, -13.731 62.1, -13.733 61.951, -13.713 61.802, -13.67 61.659, -13.607 61.524, -13.525 61.399, -13.425 61.288, -13.309 61.193, -13.181 61.117, -7.81 58.441, -7.672 58.385, -7.527 58.349, -7.378 58.336, -7.229 58.345, -7.083 58.377, -6.943 58.429, -6.812 58.502, -6.694 58.594, -6.591 58.702, -6.505 58.825, -6.439 58.958, -6.393 59.101, -6.368 59.248, -6.366 59.397, -6.387 59.546, -6.429 59.689, -6.492 59.824, -6.574 59.949, -6.674 60.06, -6.79 60.155, -6.918 60.231), (-10.685330827067652 -13.376684210526312, -10.593420833333328 -13.359295833333332, -10.54132403433476 -13.344118025751072, -10.458601226993876 -13.31577244841049, -10.402699787083021 -13.29082469836763, -10.3 -13.236, -10.19579840848807 -13.15998408488064, -10.170779141104292 -13.139846625766868, -10.084455089820365 -13.05432934131737, -10.045109589041083 -13.005904109589025, -9.991489715964741 -12.933219392752207, -9.96576284941389 -12.890457168620385, -9.912273653566226 -12.790259097525466, -9.908801742919392 -12.782596949891076, -9.875893833913477 -12.689138488314276, -9.835 -12.42, -9.84 -12.277, -9.865 -12.137, -9.909 -12.001, -9.972 -11.873, -10.053 -11.756, -10.15 -11.651, -10.261 -11.561, -10.383 -11.487, -10.515 -11.432, -10.653 -11.396, -10.794 -11.38, -11.972885074835073 -11.332616527178912, -10.885025657400366 -13.378595294563654, -10.875 -13.379, -10.875 -13.389, -10.73232566441889 -13.384275684252282, -10.685330827067652 -13.376684210526312), (-9.840239423304185 -12.542471519735296, -9.839880976346251 -12.540629843985913, -9.835 -12.42, -9.840239423304185 -12.542471519735296), (-12.404730030807894 -48.59974674560128, -12.552 -48.847, -11.623 -48.79, -11.329171929440273 -48.5435635537241, -12.404730030807894 -48.59974674560128), (-20.152 48.65, -20.292 48.598, -20.422 48.525, -20.54 48.433, -20.643 48.325, -20.729 48.202, -20.796 48.069, -20.842 47.926, -20.866 47.779, -20.868 47.63, -20.848 47.481, -20.806 47.338, -20.743 47.203, -20.66 47.078, -20.56 46.967, -20.444 46.872, -20.316 46.796, -14.946 44.12, -14.807 44.064, -14.662 44.028, -14.513 44.015, -14.364 44.024, -14.218 44.056, -14.078 44.108, -13.947 44.181, -13.829 44.273, -13.726 44.381, -13.64 44.504, -13.574 44.637, -13.528 44.78, -13.503 44.927, -13.501 45.077, -13.522 45.225, -13.564 45.368, -13.627 45.504, -13.709 45.628, -13.81 45.739, -13.925 45.834, -14.054 45.91, -19.424 48.586, -19.562 48.642, -19.708 48.678, -19.856 48.691, -20.006 48.682, -20.152 48.65), (-30.456203303684894 52.37955273189329, -30.2762972972973 52.13385585585586, -30.153021069692034 51.97861912479738, -30.017771211236763 51.84189915918498, -29.93767647058822 51.76093382352939, -29.79444052187261 51.62352724481965, -29.794440521872605 51.62352724481965, -29.402 51.332, -28.941 51.085, -28.448 50.91, -27.934 50.811, -27.412 50.789, -26.892 50.845, -26.386 50.978, -25.905 51.185, -25.461 51.462, -25.063 51.801, -24.72 52.196, -24.44 52.638, -22.554999999992187 56.16600000001463, -20.906 59.253, -20.67 59.694, -20.459 60.173, -20.321 60.677, -20.261 61.197, -20.278 61.72, -20.373 62.234, -20.543 62.729, -20.786 63.192, -21.095 63.614, -21.463 63.986, -21.882 64.299, -22.344 64.545, -22.837 64.72, -23.295973101828967 64.80946844090232, -23.50671998380201 64.82629277181614, -23.661050445829805 64.83248959725128, -23.801718290003002 64.83813782808807, -24.008481927710687 64.82640963855422, -24.300340425531967 64.79497872340424, -24.50925203600518 64.75444363480496, -24.791412143715128 64.68027902151361, -24.99653287413907 64.60993894802752, -25.257695831613628 64.49731242261662, -25.451307446808507 64.40005212765956, -25.697008290155484 64.24731917098443, -25.873104513064156 64.12619714964369, -26.114016283277298 63.92039312483849, -26.24532292376925 63.800989635892556, -26.564 63.434, -26.845 62.992, -27.716579890693044 61.36030254477842, -26.916432506883105 60.93283151614889, -26.617 61.493, -26.534 61.664, -26.131 62.209, -25.608 62.638, -24.993 62.917, -24.326 63.027, -23.653 62.961, -23.015 62.732, -22.471 62.33, -22.042 61.807, -21.763 61.191, -21.652 60.525, -21.718 59.852, -21.947 59.214, -22.043 59.049, -23.489 56.342, -23.692 55.962, -25.138 53.255, -25.222 53.084, -25.667 52.495, -26.253 52.048, -26.942 51.784, -27.676 51.725, -28.398 51.875, -29.048 52.222, -29.574 52.738, -29.933 53.382, -30.096 54.101, -30.051 54.836, -29.809 55.534, -29.713 55.699, -28.94279141138839 57.14087735087941, -29.742283596338257 57.567953023145996, -30.614 55.936, -30.825 55.458, -30.951034654492627 54.996786228124805, -30.980809130080363 54.80118446488872, -31.016969396004157 54.492933017669486, -31.01947211102215 54.293967173738956, -31.009712225153915 53.994281266490795, -30.9834656879481 53.78341925571865, -30.931038874680304 53.49921074168796, -30.874921135646694 53.28888328075712, -30.781235294117646 53.018235294117645, -30.696445736434114 52.81657364341086, -30.566076923076913 52.56661029879211, -30.456203303684894 52.37955273189329), (-21.734816085156712 60.004112359550554, -21.746 59.92, -21.749 59.859, -21.734816085156712 60.004112359550554), (-21.993 59.239, -22.20839339656594 58.81482374589317, -22.208393396565935 58.81482374589317, -21.993 59.239), (-22.986792556191084 61.65218152628005, -22.98679255619108 61.652181526280046, -22.613 61.681, -22.986792556191084 61.65218152628005), (-22.97947201735358 60.49102559652928, -22.979 60.502, -22.99087772925765 60.61246288209616, -22.97947201735358 60.49102559652928), (-22.98216831683168 60.42833663366342, -22.98886417657046 60.30647198641764, -22.987 60.316, -22.98216831683168 60.42833663366342), (-22.997331090174963 60.67247913862719, -22.999 60.688, -23.024043478260875 60.78243478260872, -22.997331090174963 60.67247913862719), (-23.023 60.132, -23.001799999999953 60.24035555555579, -23.02438009239815 60.128082318353634, -23.023 60.132), (-23.378744461527706 61.95730872178349, -23.028 62.09, -23.37874446152771 61.95730872178349, -23.378744461527706 61.95730872178349), (-23.043019065776928 60.853988560533836, -23.047 60.869, -23.07633029612757 60.93677676537587, -23.043019065776928 60.853988560533836), (-23.046 62.674, -23.322531645569526 62.797645569620215, -23.322531645569548 62.79764556962022, -23.046 62.674), (-23.085 59.956, -23.062328358209125 60.02035820895474, -23.085854877081672 59.95440681998416, -23.085 59.956), (-23.1519442622951 61.08969836065577, -23.11585561497326 61.028112299465235, -23.121 61.04, -23.1519442622951 61.08969836065577), (-23.12900000000112 59.87399999999791, -23.172 59.794, -23.20227272727264 59.75279545454557, -23.173 59.792, -23.12900000000112 59.87399999999791), (-23.22 61.199, -23.259440643863183 61.245285714285714, -23.21211504424779 61.186336283185845, -23.22 61.199), (-23.341 61.341, -23.389253333333354 61.38309333333335, -23.32899974240082 61.32691705306542, -23.341 61.341), (-23.465 61.664, -23.340032601183857 61.86238574562062, -23.34003260118386 61.86238574562062, -23.465 61.664), (-23.418 59.51, -23.412872496230875 59.515088951109206, -23.485125000000018 59.460774999999984, -23.418 59.51), (-23.482 61.464, -23.543017268445816 61.502618524332796, -23.4643346065699 61.448589763178, -23.482 61.464), (-24.559 59.844, -24.544 59.836, -24.529 59.829, -24.514 59.822, -24.404 59.783, -24.289 59.764, -24.172 59.764, -24.057 59.783, -23.947 59.82, -23.845 59.876, -23.753 59.948, -23.675 60.034, -23.611 60.131, -23.565 60.238, -23.537 60.351, -23.529 60.468, -23.54 60.584, -23.569 60.696, -23.617 60.802, -23.682 60.899, -23.763 60.983, -23.856 61.054, -23.87 61.062, -23.884 61.071, -23.899 61.079, -24.005 61.125, -24.117 61.152, -24.233 61.161, -24.348 61.151, -24.46 61.122, -24.565 61.075, -24.662 61.011, -24.746 60.933, -24.817 60.841, -24.871 60.739, -24.908 60.629, -24.927 60.515, -24.926 60.4, -24.906 60.286, -24.868 60.177, -24.813 60.075, -24.741 59.984, -24.656 59.907, -24.559 59.844), (-23.638597701149383 59.36300000000002, -23.568 59.4, -23.560681318681326 59.40536703296703, -23.638597701149383 59.36300000000002), (-23.734 59.313, -23.723519348268844 59.31849287169043, -23.802587500000005 59.2893625, -23.734 59.313), (-23.911 59.252, -23.89921350114418 59.256062013729974, -23.988741605839316 59.23755620437959, -23.911 59.252), (-24.094 59.218, -24.07658826370444 59.22123496739918, -24.169878475798065 59.21556539649846, -24.094 59.218), (-24.352287937743014 59.22043190661477, -24.281 59.212, -24.262959353574967 59.212578844270325, -24.352287937743014 59.22043190661477), (-24.446064318529903 59.231523736600316, -24.50916717744653 59.24649729634324, -24.509642110749958 59.245608130148604, -24.467 59.234, -24.446064318529903 59.231523736600316), (-24.509212657019415 59.2465080881063, -24.509438269837947 59.246561623351376, -24.50990863755338 59.24568068466731, -24.509686986148196 59.24562034622923, -24.509212657019415 59.2465080881063), (-24.50950105474106 59.24657652146398, -24.50958250370684 59.246595848337215, -24.510051495697308 59.245719573828715, -24.509970638671355 59.24569756274943, -24.50950105474106 59.24657652146398), (-24.632973799126628 57.451956331877625, -24.62914382479115 57.411178369835184, -24.629 57.415, -24.632973799126628 57.451956331877625), (-24.63308532423208 57.30644709897616, -24.63786417657046 57.21947198641764, -24.636 57.229, -24.63308532423208 57.30644709897616), (-24.666098880596987 57.6668488805969, -24.64812516823688 57.59286406460297, -24.649 57.601, -24.666098880596987 57.6668488805969), (-24.650799999999975 57.15335555555568, -24.673380092398148 57.041082318353645, -24.672 57.045, -24.650799999999975 57.15335555555568), (-24.72533029612754 57.8497767653758, -24.692252920962208 57.76756975945019, -24.696 57.782, -24.72533029612754 57.8497767653758), (-24.97334151760915 61.960304943895125, -24.973341517609153 61.960304943895125, -24.693 61.808, -24.97334151760915 61.960304943895125), (-24.773808346213293 62.04217928902628, -24.773808346213297 62.04217928902628, -24.693 61.808, -24.773808346213293 62.04217928902628), (-24.711328358209133 56.93335820895472, -24.73486534216335 56.867377483443725, -24.734 56.869, -24.711328358209133 56.93335820895472), (-24.800944262295104 58.00269836065578, -24.76485561497326 57.94111229946524, -24.77 57.953, -24.800944262295104 58.00269836065578), (-24.822 56.704, -24.778 56.7865, -24.821 56.706, -24.85215384615402 56.66388461538438, -24.822 56.704), (-24.908440643863187 58.158285714285725, -24.861115044247782 58.099336283185835, -24.869 58.112, -24.908440643863187 58.158285714285725), (-25.192990334894546 61.83438755177735, -25.19299033489455 61.83438755177735, -24.889 61.724, -25.192990334894546 61.83438755177735), (-25.02393832867992 58.28274701320534, -24.97799974240083 58.23991705306543, -24.99 58.254, -25.023625429127655 58.28333282115391, -25.02393832867992 58.28274701320534), (-25.067 56.423, -25.061872496230905 56.42808895110918, -25.120102161100064 56.3843163064834, -25.067 56.423), (-25.214 57.151, -25.187 57.264, -25.178 57.381, -25.189 57.497, -25.218 57.609, -25.267 57.715, -25.300493531427424 57.76498265459169, -25.349638704647052 57.6729734685839, -25.356003557137132 57.661052912404344, -25.431 57.52, -25.526742857142533 57.34128000000061, -25.881687206933194 56.676514544887354, -25.822 56.676, -25.707 56.695, -25.596 56.733, -25.494 56.789, -25.402 56.861, -25.324 56.946, -25.26 57.044, -25.214 57.151), (-25.21343244454403 56.31632735827919, -25.269206896551715 56.28600000000001, -25.218 56.313, -25.21343244454403 56.31632735827919), (-25.238 62.227, -25.26432463967056 61.83915030885381, -25.264324639670555 61.83915030885381, -25.238 62.227), (-25.37272891566265 56.231415662650605, -25.451587500000002 56.2023625, -25.383 56.226, -25.37272891566265 56.231415662650605), (-25.511252855819695 61.62866193269527, -25.891 61.651, -25.5112528558197 61.62866193269527, -25.511252855819695 61.62866193269527), (-25.56 56.165, -25.54821350114418 56.16906201372997, -25.637741605839317 56.15055620437958, -25.56 56.165), (-25.731656875266037 62.50589740315031, -25.731656875266033 62.50589740315031, -25.73165687526603 62.50589740315031, -25.597 62.62, -25.731656875266037 62.50589740315031), (-25.972366942300834 53.48451846442249, -25.709 53.344, -25.97236694230083 53.48451846442249, -25.972366942300834 53.48451846442249), (-25.743 56.131, -25.72558826370443 56.13423496739917, -25.81887847579815 56.12856539649846, -25.743 56.131), (-25.911959353574908 56.12557884427032, -26.001287937743253 56.133431906614796, -25.93 56.125, -25.911959353574908 56.12557884427032), (-26.058 62.224, -25.994489144882596 62.28027248560034, -26.108 62.187, -26.058 62.224), (-26.095064318529847 56.144523736600306, -26.157790693799427 56.15940796124055, -26.158271607659458 56.15850727097396, -26.116 56.147, -26.095064318529847 56.144523736600306), (-26.335 52.051, -26.361727272727286 52.039545454545454, -26.269 52.075, -26.335 52.051), (-26.2781579175705 54.32432841648588, -26.278 54.328, -26.281973799126657 54.36495633187793, -26.2781579175705 54.32432841648588), (-26.28647902869757 54.13948167770421, -26.286 54.142, -26.284772277227727 54.17054455445535, -26.28647902869757 54.13948167770421), (-26.315098880597038 54.57984888059711, -26.297125168236875 54.505864064602946, -26.298 54.514, -26.315098880597038 54.57984888059711), (-26.32235154826958 53.95422424610403, -26.321 53.958, -26.310665738161582 54.012328690807685, -26.32235154826958 53.95422424610403), (-26.341252920962198 54.680569759450165, -26.345 54.695, -26.374330296127578 54.76277676537589, -26.341252920962198 54.680569759450165), (-26.384858447488593 53.78039041095889, -26.384 53.782, -26.36269784172645 53.84151079136737, -26.384858447488593 53.78039041095889), (-26.413855614973258 54.854112299465235, -26.419 54.866, -26.449944262295073 54.91569836065572, -26.413855614973258 54.854112299465235), (-26.557440643863174 55.07128571428571, -26.5101150442478 55.01233628318586, -26.518 55.025, -26.557440643863174 55.07128571428571), (-26.583 53.467, -26.529041666666657 53.53991666666668, -26.579 53.473, -26.669159383033527 53.38213624678652, -26.583 53.467), (-26.639 55.167, -26.690385563380328 55.21146126760568, -26.626551192842925 55.1523906560636, -26.639 55.167), (-26.710627133290114 53.34129207172177, -26.786769423558987 53.284446115288155, -26.716 53.336, -26.710627133290114 53.34129207172177), (-26.83391346938774 55.32346367346938, -26.76387469220246 55.27504760601915, -26.78 55.289, -26.83391346938774 55.32346367346938), (-27.857 53.67, -27.842 53.662, -27.827 53.655, -27.812 53.648, -27.702 53.609, -27.587 53.59, -27.471 53.589, -27.356 53.608, -27.246 53.646, -27.143 53.702, -27.051 53.773, -26.973 53.859, -26.91 53.957, -26.863 54.064, -26.836 54.177, -26.827 54.293, -26.838 54.409, -26.868 54.522, -26.916 54.628, -26.981 54.725, -27.061 54.809, -27.154 54.879, -27.168 54.888, -27.183 54.896, -27.197 54.904, -27.303 54.95, -27.416 54.978, -27.531 54.987, -27.646 54.977, -27.758 54.948, -27.864 54.901, -27.96 54.837, -28.045 54.758, -28.115 54.667, -28.17 54.565, -28.207 54.455, -28.225 54.341, -28.224 54.225, -28.205 54.112, -28.167 54.002, -28.111 53.901, -28.039 53.81, -27.954 53.732, -27.857 53.67), (-26.85948890880573 53.231471655836884, -26.95120689655181 53.18159999999996, -26.867 53.226, -26.85948890880573 53.231471655836884), (-27.366156494192197 51.76999556494192, -26.946 51.804, -27.366156494192047 51.76999556494194, -27.366156494192197 51.76999556494192), (-27.116074999999974 53.110025000000014, -27.032 53.139, -27.019409638554208 53.14563855421687, -27.116074999999974 53.110025000000014), (-27.287126984127024 53.06356349206349, -27.209 53.078, -27.19581434207474 53.082544209793454, -27.287126984127024 53.06356349206349), (-27.468452830188795 53.04156603773584, -27.393 53.044, -27.375899135446655 53.047159942363116, -27.468452830188795 53.04156603773584), (-27.675 51.745, -27.512733400402393 51.7606455399061, -27.51273340040243 51.7606455399061, -27.675 51.745), (-27.561645494830127 53.038559822747416, -27.649073558648126 53.04628827037774, -27.579 53.038, -27.561645494830127 53.038559822747416), (-27.83632075471687 53.079415094339595, -27.765 53.06, -27.744064318529897 53.05752373660031, -27.83632075471687 53.079415094339595), (-27.920469700979123 53.10232230748876, -28.017302955664988 53.14071182266008, -27.945 53.109, -27.920469700979123 53.10232230748876), (-28.784 54.958, -29.0931189702907 54.88770719305719, -29.093118970290703 54.88770719305718, -28.784 54.958), (-31.618 72.358, -31.521 72.173, -31.397 72.004, -31.25 71.855, -31.082 71.73, -30.897 71.632, -30.7 71.562, -30.495 71.522, -30.286 71.513, -30.078 71.536, -29.875 71.589, -29.683 71.672, -29.506 71.782, -29.346 71.918, -29.209 72.076, -29.097 72.253, -29.013 72.444, -28.957 72.646, -28.933 72.854, -28.94 73.063, -28.978 73.269, -29.046 73.467, -29.143 73.652, -29.267 73.821, -29.414 73.969, -29.582 74.094, -29.766 74.193, -29.964 74.263, -30.169 74.303, -30.378 74.312, -30.586 74.289, -30.788 74.236, -30.981 74.153, -31.158 74.043, -31.317 73.907, -31.455 73.749, -31.567 73.572, -31.651 73.381, -31.706 73.179, -31.731 72.971, -31.724 72.762, -31.686 72.556, -31.618 72.358), (-29.198427748044463 54.39096566488267, -29.198427748044463 54.390965664882664, -28.949 54.376, -29.198427748044463 54.39096566488267), (-29.948396881210826 53.55164485552669, -29.94839688121083 53.551644855526696, -29.914 53.389, -29.948396881210826 53.55164485552669), (-30.048 54.035, -30.065 54.103, -30.041102459016383 53.997613328581565, -30.048 54.035), (-36.605 70.321, -36.81 70.36, -37.019 70.369, -37.227 70.347, -37.36140269974395 70.311070565415, -35.641827822062226 69.39246924659295, -35.687 69.524, -35.784 69.709, -35.908 69.878, -36.055 70.027, -36.223 70.152, -36.407 70.251, -36.605 70.321), (-36.892053366818395 -12.370028096060272, -36.9295263157897 -12.311736842104914, -36.89214865571237 -12.370516226903936, -36.892053366818395 -12.370028096060272), (-36.947950123625205 -12.282763918492627, -36.93380871008556 -12.215827894404963, -36.947950123625205 -12.282763918492625, -36.947950123625205 -12.282763918492627), (-37.13168292683008 -11.993829268291412, -36.99137383177543 -12.214476635514458, -37.067 -12.095, -37.13168292683008 -11.993829268291412), (-38.241 -11.778, -38.448 -11.787, -38.227212765957226 -11.777425531914885, -38.241 -11.778), (-38.551 -11.984, -38.60024147379613 -12.078929439173976, -38.600240295237626 -12.078936446298375, -38.448 -11.787, -38.551 -11.984), (-38.62534707379629 -11.929663991761553, -38.587 -11.891, -38.62534707379629 -11.929663991761549, -38.62534707379629 -11.929663991761553), (-39.733 54.228, -39.881 54.377, -40.048 54.502, -40.233 54.6, -40.43 54.67, -40.636 54.71, -40.845 54.719, -41.053 54.696, -41.255 54.643, -41.447 54.56, -41.625 54.45, -41.784 54.314, -41.921 54.156, -42.033 53.979, -42.118 53.788, -42.173 53.586, -42.197 53.378, -42.19 53.169, -42.152 52.963, -42.084 52.765, -41.987 52.58, -41.864 52.411, -41.716 52.263, -41.549 52.138, -41.364 52.039, -41.167 51.969, -40.961 51.929, -40.752 51.92, -40.544 51.943, -40.342 51.996, -40.15 52.079, -39.972 52.189, -39.813 52.325, -39.676 52.483, -39.564 52.66, -39.479 52.851, -39.424 53.053, -39.4 53.261, -39.407 53.47, -39.445 53.676, -39.513 53.874, -39.61 54.059, -39.733 54.228), (-41.582 59.681, -41.377 59.641, -41.167 59.632, -40.959 59.655, -40.82449432668256 59.69029109250408, -42.545166845499224 60.60947877404125, -42.499 60.477, -42.402 60.292, -42.279 60.123, -42.132 59.974, -41.964 59.849, -41.779 59.751, -41.582 59.681), (-46.293 -9.893, -46.29327272727269 -9.886945454546373, -46.29293181818183 -9.894813636363347, -46.293 -9.893), (-47.774 -8.986, -47.81982500000061 -9.01525000000039, -47.74345454545479 -8.96663636363652, -47.774 -8.986), (-47.979409202559125 -10.638547098137781, -47.97939681500703 -10.63854502029907, -48.27 -10.487, -48.073 -10.59, -47.979409202559125 -10.638547098137781), (-48.287529288703006 -10.074167364014935, -48.28874861367824 -10.045451016639186, -48.288 -10.064, -48.287529288703006 -10.074167364014935), (-48.311681401443785 -9.505360463956668, -48.311961491063784 -9.50583449721157, -48.31 -9.554, -48.304171052631666 -9.68223684210333, -48.311681401443785 -9.505360463956668), (-66.186 9.674, -65.95028060281 9.001515371371488, -59.118 6.324, -53.453 9.954, -61.823 13.455, -62.675 12.909, -62.67507226497106 12.909030239471685, -66.49337757351208 10.462431141449228, -66.326 10.063, -66.25344758816136 9.830340688671678, -66.186 9.674), (-55.828787413660784 -76.5853123561013, -55.8291687203681 -76.58506694061414, -55.82878741366077 -76.58531235610131, -55.828787413660784 -76.5853123561013), (-56.358 -78.773, -56.28388200663426 -78.75977707160611, -56.283836529465894 -78.75960698542009, -56.44446863468621 -78.78800369003687, -56.358 -78.773), (-57.05248598130805 87.62271028037189, -57.021835294117906 87.45658823529553, -57.036 87.534, -57.05248598130805 87.62271028037189), (-57.159 88.2, -57.101802816901525 87.89000000000064, -57.117 87.973, -57.159 88.2), (-57.54873801369877 -78.33854023972587, -57.59725600962675 -78.28067174053953, -57.597342275122216 -78.28113749025837, -57.579 -78.303, -57.54873801369877 -78.33854023972587), (-57.5748546824547 86.2026824542515, -57.754461538460326 86.04971428571532, -57.592 86.188, -57.5748546824547 86.2026824542515), (-57.853333381232936 88.74245560733274, -57.85333338123294 88.74245560733274, -57.877 88.656, -57.853333381232936 88.74245560733274), (-58.53693528613542 88.78013466847597, -58.519 88.683, -58.53693528613541 88.78013466847597, -58.53693528613542 88.78013466847597), (-58.923 88.339, -58.940145317545976 88.32431754574792, -58.76053846154502 88.47728571428013, -58.923 88.339), (-58.96867242361345 88.57105857991021, -58.968672423613455 88.57105857991021, -58.926 88.543, -58.96867242361345 88.57105857991021), (-59.413197183098475 86.63699999999936, -59.398 86.554, -59.356 86.327, -59.413197183098475 86.63699999999936), (-59.52898717948709 87.26456410256361, -59.528 87.259, -59.487000000001366 87.03700000000738, -59.52898717948709 87.26456410256361), (-59.487 87.037, -59.48699999999965 87.03699999999809, -59.487000000001366 87.03700000000738, -59.487 87.037), (-59.462 86.901, -59.453581632653055 86.85587755102037, -59.48699999999965 87.03699999999809, -59.462 86.901), (-59.677 87.002, -59.77028105004977 86.95726132162662, -59.77028105004977 86.9572613216266, -59.677 87.002), (-59.696 87.378, -59.7926654913023 87.42716130700518, -59.79266549130231 87.42716130700516, -59.696 87.378), (-64.73 -84.653, -64.617 -84.872, -64.473 -85.072, -64.301 -85.249, -64.105 -85.398, -63.888 -85.516, -63.656 -85.6, -63.414 -85.649, -63.168 -85.661, -62.923 -85.636, -62.684 -85.575, -62.457 -85.479, -62.246 -85.351, -62.057 -85.192, -61.894 -85.007, -61.76 -84.8, -61.659 -84.575, -61.592 -84.338, -61.562 -84.093, -61.568 -83.847, -61.611 -83.604, -61.689 -83.37, -61.802 -83.151, -61.946 -82.95, -62.118 -82.774, -62.315 -82.625, -62.532 -82.507, -62.763 -82.423, -63.005 -82.374, -63.251 -82.362, -63.497 -82.387, -63.736 -82.447, -63.963 -82.543, -64.173 -82.672, -64.362 -82.83, -64.525 -83.015, -64.659 -83.223, -64.76 -83.447, -64.827 -83.685, -64.858 -83.93, -64.851 -84.176, -64.809 -84.419, -64.73 -84.653), (-66.666 96.973, -66.778 96.796, -66.862 96.605, -66.917 96.403, -66.942 96.195, -66.935 95.986, -66.897 95.78, -66.828 95.582, -66.731 95.397, -66.608 95.228, -66.461 95.079, -66.293 94.954, -66.108 94.856, -65.911 94.786, -65.706 94.746, -65.497 94.737, -65.289 94.76, -65.086 94.813, -64.894 94.896, -64.716 95.006, -64.557 95.142, -64.42 95.3, -64.308 95.477, -64.223 95.668, -64.168 95.87, -64.144 96.078, -64.151 96.287, -64.189 96.493, -64.257 96.69, -64.354 96.876, -64.478 97.045, -64.625 97.193, -64.793 97.318, -64.977 97.417, -65.174 97.487, -65.38 97.527, -65.589 97.536, -65.797 97.513, -65.999 97.46, -66.191 97.377, -66.369 97.266, -66.528 97.131, -66.666 96.973), (-66.78330143229897 68.09590163163375, -66.78330143229897 68.09590163163377, -66.861 68.172, -66.78330143229897 68.09590163163375), (-66.982 68.395, -66.94816867469982 68.4903855421658, -67.05024999999611 68.20354545455638, -66.982 68.395), (-67.177 69.218, -67.332 69.4, -67.481 69.575, -67.49660371517159 69.59316718266406, -67.03871428571952 69.05553846154461, -67.177 69.218), (-67.213 67.746, -67.139 67.954, -67.07500000000665 68.1339999999813, -67.22624999999941 67.70900000000162, -67.213 67.746), (-67.757 67.373, -67.543 67.412, -67.317 67.454, -67.79779670329327 67.36556593406657, -67.757 67.373), (-67.43852486453943 67.2425757174393, -67.491 67.327, -67.43852486453945 67.2425757174393, -67.43852486453943 67.2425757174393), (-68.008 69.869, -68.134 69.846, -68.258 69.823, -68.479 69.782, -67.769 69.913, -68.008 69.869), (-68.615 69.757, -68.66012244898468 69.74858163265212, -68.479 69.782, -68.615 69.757), (-69.26639999999976 67.81519999999972, -69.174 67.706, -69.025 67.531, -68.885 67.367, -68.736 67.193, -69.26639999999976 67.81519999999972), (-68.588 67.22, -68.434 67.248, -68.218 67.288, -68.10758571428562 67.30858571428573, -68.736 67.193, -68.588 67.22), (-69.367 69.152, -69.447 68.927, -69.524 68.71, -69.596 68.508, -69.672 68.291, -69.189 69.651, -69.24 69.508, -69.293 69.359, -69.367 69.152), (-68.87899999999446 69.7081971830996, -68.962 69.693, -69.189 69.651, -68.87899999999446 69.7081971830996), (-69.038 69.764, -69.0867477476042 69.85160204089762, -69.08674774760422 69.8516020408976, -69.038 69.764), (-70.751 88.013, -70.746 87.886, -70.723 87.761, -70.682 87.641, -70.623 87.528, -70.548 87.426, -70.459 87.336, -70.357 87.26, -70.245 87.2, -70.125 87.157, -70 87.133, -69.873 87.128, -69.747 87.142, -69.624 87.174, -69.507 87.224, -69.4 87.291, -69.303 87.374, -69.22 87.47, -69.152 87.577, -69.104 87.683, -69.08664349672297 87.74138096556817, -69.396 87.972, -70.187 88.395, -70.55042527046882 88.52359663416588, -70.59 88.476, -70.651 88.378, -70.702 88.262, -70.736 88.139, -70.751 88.013), (-69.24884613040824 70.28255240706889, -69.24884613040835 70.28255240706882, -69.2488461304083 70.28255240706885, -69.24884613040818 70.28255240706892, -69.24884613040824 70.28255240706889), (-69.43066666666742 68.00789743589831, -69.5333333333319 68.12833333333164, -69.471 68.055, -69.43066666666742 68.00789743589831), (-74.471 77.799, -74.475 77.926, -74.498 78.05, -74.539 78.171, -74.598 78.283, -74.673 78.386, -74.763 78.476, -74.864 78.552, -74.977 78.612, -75.096 78.654, -75.221 78.678, -75.348 78.684, -75.474 78.67, -75.597 78.638, -75.714 78.587, -75.822 78.52, -75.918 78.438, -76.002 78.342, -76.07 78.235, -76.117 78.129, -76.13446124722975 78.07026671386359, -75.825 77.84, -75.034 77.417, -74.67162291463477 77.2883454134798, -74.632 77.336, -74.57 77.434, -74.519 77.55, -74.485 77.672, -74.471 77.799), (-77.837 95.292, -77.534 95.185, -77.218 95.124, -76.897 95.11, -76.578 95.145, -76.267 95.226, -75.972 95.354, -75.699 95.523, -75.455 95.732, -75.244 95.975, -75.072 96.246, -74.942 96.54, -74.858 96.85, -74.82 97.169, -74.831 97.49, -74.889 97.806, -74.994 98.11, -75.143 98.395, -75.332 98.654, -75.559 98.882, -75.816 99.074, -76.1 99.226, -76.403 99.333, -76.718 99.394, -77.039 99.408, -77.359 99.373, -77.669 99.291, -77.964 99.164, -78.237 98.994, -78.482 98.786, -78.692 98.543, -78.865 98.272, -78.994 97.978, -79.079 97.668, -79.116 97.349, -79.106 97.028, -79.047 96.712, -78.943 96.408, -78.794 96.123, -78.604 95.864, -78.378 95.636, -78.12 95.444, -77.837 95.292), (-81.07 69.525, -81.032 69.319, -80.964 69.121, -80.867 68.936, -80.744 68.767, -80.596 68.618, -80.428 68.493, -80.244 68.395, -80.047 68.325, -79.841 68.285, -79.632 68.276, -79.424 68.299, -79.222 68.352, -79.03 68.435, -78.852 68.545, -78.693 68.681, -78.556 68.839, -78.444 69.016, -78.359 69.207, -78.304 69.409, -78.28 69.617, -78.286 69.826, -78.324 70.032, -78.393 70.229, -78.49 70.415, -78.613 70.584, -78.76 70.732, -78.928 70.857, -79.113 70.956, -79.31 71.026, -79.515 71.066, -79.725 71.075, -79.933 71.052, -80.135 70.999, -80.327 70.916, -80.505 70.805, -80.664 70.67, -80.801 70.512, -80.913 70.335, -80.998 70.144, -81.053 69.942, -81.077 69.734, -81.07 69.525), (-87.195 89.617, -87.127 89.419, -87.03 89.234, -86.906 89.065, -86.759 88.917, -86.591 88.792, -86.407 88.693, -86.209 88.623, -86.004 88.583, -85.795 88.574, -85.587 88.597, -85.385 88.65, -85.192 88.733, -85.015 88.844, -84.856 88.979, -84.718 89.137, -84.606 89.314, -84.522 89.505, -84.467 89.707, -84.442 89.915, -84.449 90.124, -84.487 90.33, -84.555 90.528, -84.652 90.713, -84.776 90.882, -84.923 91.031, -85.091 91.156, -85.276 91.254, -85.473 91.324, -85.678 91.364, -85.887 91.373, -86.095 91.35, -86.298 91.297, -86.49 91.214, -86.667 91.104, -86.827 90.968, -86.964 90.81, -87.076 90.633, -87.16 90.442, -87.216 90.24, -87.24 90.032, -87.233 89.823, -87.195 89.617), (-87.214 76.413, -86.893 76.399, -86.573 76.434, -86.263 76.516, -85.967 76.643, -85.695 76.813, -85.45 77.021, -85.239 77.264, -85.067 77.535, -84.937 77.829, -84.853 78.139, -84.816 78.458, -84.826 78.779, -84.884 79.095, -84.989 79.399, -85.138 79.684, -85.328 79.943, -85.554 80.172, -85.812 80.364, -86.095 80.515, -86.398 80.622, -86.713 80.684, -87.034 80.697, -87.354 80.662, -87.665 80.581, -87.96 80.453, -88.233 80.284, -88.477 80.075, -88.688 79.833, -88.86 79.561, -88.99 79.267, -89.074 78.957, -89.112 78.638, -89.101 78.317, -89.043 78.001, -88.938 77.697, -88.789 77.412, -88.599 77.153, -88.373 76.925, -88.116 76.733, -87.832 76.581, -87.529 76.474, -87.214 76.413), (-93.02677777777778 -80.19916666666661, -93.00048361204013 -80.42595384615385, -93 -80.4, -93.02677777777778 -80.19916666666661), (-93.0127509367567 -80.90536496041182, -93.009 -80.883, -93.00563260530421 -80.70228315132607, -93.0127509367567 -80.90536496041182), (-93.05727292110876 -81.17082729211099, -93.09826517785504 -81.38854172238567, -93.089 -81.36, -93.05727292110876 -81.17082729211099), (-93.4938344283687 84.7315513941662, -93.59268113453618 82.36526688621801, -93.49383442836869 84.73155139416644, -93.4938344283687 84.7315513941662), (-93.75560278551531 -82.67114038997214, -93.733 -82.647, -93.61062679425838 -82.47312440191388, -93.75560278551531 -82.67114038997214), (-94.2154317937704 -83.11470569280365, -94.21543179377021 -83.11470569280348, -94.43814999484563 -83.28031666283393, -94.2154317937704 -83.11470569280365), (-94.94092893166268 -83.55432880573139, -95.10198493051672 -83.18749339261119, -95.10198493051674 -83.18749339261119, -94.9409289316627 -83.55432880573139, -94.94092893166268 -83.55432880573139), (-95.28054522129571 -83.68141436818473, -95.28054522129551 -83.68141436818468, -95.02111052968203 -83.59021571021574, -95.28054522129571 -83.68141436818473), (-95.29971238767156 -81.27948443494604, -95.314 -81.269, -95.29971238767156 -81.27948443494606, -95.29971238767156 -81.27948443494604), (-95.4531366906472 -81.20489208633047, -95.54540999999995 -81.35264999999993, -95.504 -81.287, -95.4531366906472 -81.20489208633047), (-96.02406909671085 -81.73428578792341, -96.027 -81.719, -96.02406909671086 -81.73428578792341, -96.02406909671085 -81.73428578792341), (-96.126 -81.59, -96.11683804627151 -81.59029691516713, -96.20868539326088 -81.58703370786507, -96.126 -81.59), (-96.53504078615032 -81.5754387588976, -96.53575949065294 -81.57590547439015, -96.482 -81.578, -96.35789844683454 -81.5817323775388, -96.53504078615032 -81.5754387588976), (-96.86697449313279 -83.77309189012426, -97.10957142857136 -83.70857142857145, -96.891 -83.77, -96.86697449313279 -83.77309189012426), (-97.33090812006928 -83.64636569174525, -97.56526151503594 -83.54472478111924, -97.35 -83.641, -97.33090812006928 -83.64636569174525), (-97.77062891019175 -83.45287468466195, -98.02300894266114 -83.29544345081575, -97.786 -83.446, -97.77062891019175 -83.45287468466195), (-98.1755070246929 -83.19857122004619, -98.41718652849708 -82.99160449050115, -98.189 -83.19, -98.1755070246929 -83.19857122004619), (-98.54449673621224 -82.88034810632111, -98.5448702024938 -82.88059062949846, -98.5425039587553 -82.88264794697109, -98.54449673621224 -82.88034810632111), (-99.18313547439033 -48.135677136383016, -99.25671052631665 -48.1453157894738, -99.18318245183553 -48.13574004023905, -99.18313547439033 -48.135677136383016), (-99.506 -48.178, -99.38545454543052 -48.16218181817867, -99.51782089552363 -48.17952238805986, -99.506 -48.178), (-110.00849916997466 -22.375745057179095, -110.00849916997466 -22.3757450571791, -109.293 -21.677, -110.00849916997466 -22.375745057179095), (-109.805629101172 -83.58088249993665, -109.78847248182754 -83.60333748701984, -109.78847248182755 -83.60333748701981, -109.805629101172 -83.58088249993665), (-111.62269577573481 -85.37513971250253, -111.642 -85.272, -111.62269577573483 -85.37513971250253, -111.62269577573481 -85.37513971250253), (-111.523 -85.332, -111.325 -85.433, -111.25713512729764 -85.46745988354836, -111.25683261222953 -85.46722323730974, -111.9659091607651 -85.10613858091261, -111.96590020422408 -85.10617806788511, -111.779 -85.202, -111.642 -85.272, -111.523 -85.332), (-111.96328391895358 -85.117712563661, -111.96328391895358 -85.11771256366102, -111.93360674157306 -85.15671685393255, -111.93360674157304 -85.15671685393256, -111.96328391895358 -85.117712563661), (-111.9786573051774 -85.04993545217425, -111.99744404332155 -84.68891696750421, -111.987 -84.894, -111.97873079137771 -85.04961147134674, -111.9786573051774 -85.04993545217425), (-112.01 -84.455, -111.99836842105239 -84.67115350877661, -112.0180410011084 -84.29311209536678, -112.01852936794111 -84.29355966713354, -112.017 -84.323, -112.01 -84.455), (-120.699 -86.961, -120.471 -87.057, -120.232 -87.117, -119.987 -87.141, -119.74 -87.128, -119.499 -87.078, -119.267 -86.993, -119.051 -86.875, -118.855 -86.726, -118.683 -86.549, -118.54 -86.348, -118.428 -86.128, -118.35 -85.894, -118.307 -85.651, -118.302 -85.405, -118.333 -85.16, -118.401 -84.923, -118.503 -84.698, -118.637 -84.492, -118.801 -84.307, -118.99 -84.149, -119.201 -84.021, -119.428 -83.926, -119.667 -83.866, -119.913 -83.842, -120.159 -83.854, -120.4 -83.904, -120.632 -83.989, -120.848 -84.107, -121.045 -84.257, -121.216 -84.434, -121.36 -84.634, -121.472 -84.854, -121.55 -85.088, -121.592 -85.331, -121.597 -85.578, -121.566 -85.822, -121.499 -86.059, -121.397 -86.284, -121.262 -86.491, -121.099 -86.675, -120.909 -86.833, -120.699 -86.961), (-134.475 -28.688, -134.46 -28.837, -134.424 -28.981, -134.365 -29.119, -134.287 -29.247, -134.191 -29.361, -134.079 -29.46, -133.954 -29.541, -133.817 -29.602, -129.77551941901498 -31.072176737527325, -129.3817792578335 -29.08766168298841, -133.134 -27.723, -133.278 -27.682, -133.426 -27.664, -133.576 -27.668, -133.723 -27.694, -133.864 -27.741, -133.997 -27.809, -134.119 -27.897, -134.226 -28.001, -134.316 -28.12, -134.387 -28.252, -134.438 -28.392, -134.468 -28.539, -134.475 -28.688), (-133.079 -66.701, -132.915 -66.886, -132.726 -67.044, -132.515 -67.172, -132.287 -67.267, -132.048 -67.327, -131.803 -67.351, -131.557 -67.338, -131.315 -67.289, -131.083 -67.204, -130.867 -67.085, -130.671 -66.936, -130.499 -66.759, -130.356 -66.558, -130.33438664779098 -66.51573817737705, -133.38473742529115 -65.40640938918442, -133.408 -65.541, -133.414 -65.788, -133.382 -66.033, -133.315 -66.27, -133.213 -66.494, -133.079 -66.701), (-136.23575996553274 18.93779866626705, -136.119 19.013, -136.015 19.081, -135.841 19.194, -135.673 19.303, -135.53178676470588 19.394788602941176, -135.53177603830923 19.394812045308043, -136.235870079192 18.937768545085888, -136.23575996553274 18.93779866626705), (-135.56188808664209 20.33106498193935, -135.563 20.353, -135.574 20.56, -135.56188808664209 20.33106498193935), (-136.1422537313416 20.849373134327504, -136.225 20.892, -136.418 20.99, -136.603 21.084, -136.1422537313416 20.849373134327504), (-136.60026278290024 18.838090278879047, -136.60009294451393 18.83813673753673, -137.0991803628595 19.092288153681604, -137.058 19.071, -136.86 18.97, -136.667 18.872, -136.60026278290024 18.838090278879047), (-136.936 20.868, -137.087 20.77, -137.17111396011384 20.714843304843388, -136.82816103379943 20.937691848905125, -136.936 20.868), (-136.89216493873698 21.38611545711594, -136.89216493873695 21.38611545711595, -136.88983264633134 21.38677411376753, -136.88983264633137 21.386774113767526, -136.89216493873698 21.38611545711594), (-136.90805272485602 21.04653965440851, -136.899 21.029, -136.90805272485602 21.046539654408512, -136.90805272485602 21.04653965440851), (-137.451 20.533, -137.571 20.455, -137.41402702703152 20.556999999997085, -137.451 20.533), (-137.56 20.234, -137.552 20.08, -137.545 19.948, -137.5333684210529 19.73184649123348, -137.571 20.455, -137.56 20.234), (-137.511 19.302, -137.53244404332085 19.71408303248257, -137.522 19.509, -137.511 19.302), (-155.514 -6.184, -155.658 -6.225, -155.794 -6.287, -155.92 -6.368, -156.031 -6.468, -156.127 -6.582, -156.205 -6.71, -156.263 -6.848, -156.299 -6.993, -156.314 -7.142, -156.306 -7.291, -156.276 -7.437, -156.224 -7.578, -156.152 -7.709, -153.429 -11.902, -153.339 -12.021, -153.231 -12.125, -153.11 -12.212, -152.977 -12.28, -152.835 -12.327, -152.688 -12.353, -152.538 -12.356, -152.39 -12.337, -152.246 -12.296, -152.11 -12.234, -151.985 -12.153, -151.873 -12.054, -151.777 -11.939, -151.7 -11.811, -151.642 -11.674, -151.605 -11.529, -151.591 -11.38, -151.599 -11.231, -151.629 -11.084, -151.68 -10.944, -151.752 -10.813, -154.475 -6.619, -154.566 -6.5, -154.673 -6.396, -154.794 -6.309, -154.928 -6.242, -155.069 -6.194, -155.217 -6.169, -155.366 -6.165, -155.514 -6.184), (-152.057 -52.231, -152.06532465633228 -52.01937847323728, -152.05953183098592 -52.25350516431932, -152.057 -52.231), (-152.076 -51.748, -152.11466544789772 -51.543932358317505, -152.0753013394254 -51.76576068723794, -152.076 -51.748), (-152.111 -52.711, -152.08964935064924 -52.52121645021565, -152.11528881595558 -52.72718682150978, -152.111 -52.711), (-152.166 -51.273, -152.24937804878087 -51.03387804877935, -152.1623972071373 -51.29201474010867, -152.166 -51.273), (-152.235 -53.179, -152.1881025641026 -53.00200000000012, -152.24374922360246 -53.19929270186331, -152.235 -53.179), (-152.325 -50.817, -152.43384231274698 -50.61087385019595, -152.31773578908 -50.83783320867625, -152.325 -50.817), (-152.426 -53.622, -152.3361768246802 -53.41366666666666, -152.44138067162268 -53.64669318764423, -152.426 -53.622), (-152.551 -50.389, -152.66739534883794 -50.23068604651062, -152.5438941825165 -50.40245703488022, -152.551 -50.389), (-152.682 -54.033, -152.55930260630976 -53.8360131687239, -152.69951015066397 -54.0535214504597, -152.682 -54.033), (-152.837 -50, -152.97822390243965 -49.857947804877405, -152.82955833767502 -50.01012170155389, -152.837 -50), (-152.996 -54.401, -152.85858402922753 -54.239951983298525, -153.0158584208985 -54.41829428413413, -152.996 -54.401), (-153.178 -49.657, -153.4332500000003 -49.46687822164926, -153.1675040547466 -49.667557505049615, -153.178 -49.657), (-153.566 -49.368, -153.78906884187896 -49.249413051272775, -153.5487173341486 -49.38087291348212, -153.566 -49.368), (-156.607 -53.207, -156.43 -53.389, -156.227 -53.542, -156.004 -53.664, -155.765 -53.751, -155.516 -53.801, -155.262 -53.814, -155.01 -53.788, -154.763 -53.725, -154.529 -53.627, -154.312 -53.494, -154.118 -53.331, -153.95 -53.14, -153.812 -52.927, -153.708 -52.695, -153.639 -52.451, -153.607 -52.198, -153.614 -51.944, -153.658 -51.694, -153.739 -51.453, -153.855 -51.227, -154.003 -51.021, -154.181 -50.839, -154.383 -50.686, -154.606 -50.564, -154.845 -50.478, -155.094 -50.427, -155.348 -50.415, -155.601 -50.44, -155.847 -50.503, -156.081 -50.602, -156.298 -50.734, -156.493 -50.897, -156.661 -51.088, -156.798 -51.301, -156.903 -51.533, -156.972 -51.778, -157.003 -52.03, -156.997 -52.284, -156.953 -52.534, -156.872 -52.775, -156.756 -53.001, -156.607 -53.207), (-153.993 -49.141, -154.17122860962564 -49.077542780748665, -153.98538451471526 -49.145048513254416, -153.993 -49.141), (-154.018618556701 -55.089134020618545, -154.23703048239125 -55.18148268718556, -154.21 -55.174, -154.018618556701 -55.089134020618545), (-154.4216744186044 7.875976744181342, -154.38529245377813 7.1768366534364985, -154.3852417311173 7.176947506993607, -154.395 7.373, -154.403 7.527, -154.41 7.66, -154.4216744186044 7.875976744181342), (-154.87660000000062 8.5257142857146, -154.444 8.305, -154.641 8.406, -154.778 8.476, -154.87660000000062 8.5257142857146), (-154.42255595667913 7.892916967517334, -154.433 8.098, -154.444 8.305, -154.42255595667913 7.892916967517334), (-154.448 -48.979, -154.64346460176964 -48.94114159292041, -154.43787437185932 -48.98260516870064, -154.448 -48.979), (-154.91633684527392 -48.88829054786274, -154.923 -48.887, -155.08297014925404 -48.88004477611939, -154.91633684527392 -48.88829054786274), (-155.406 -48.866, -155.59920754717007 -48.88652830188682, -155.3996 -48.866278260869564, -155.406 -48.866), (-155.47044614074312 6.583431704460771, -155.67803846153475 6.6893461538442605, -155.537 6.617, -155.47076350774415 6.583344701232168, -155.47044614074312 6.583431704460771), (-155.886 -48.917, -156.17153068592089 -48.99082310469322, -155.8787526132404 -48.916229965156795, -155.886 -48.917), (-156.40244404332086 7.460083032482679, -156.392 7.255, -156.381 7.048, -156.40244404332086 7.460083032482679), (-156.184 6.947, -156.047 6.877, -155.94840000000042 6.827285714285926, -156.381 7.048, -156.184 6.947), (-156.321 8.279, -156.441 8.201, -156.28402702703607 8.30299999999413, -156.321 8.279), (-156.43 7.98, -156.422 7.826, -156.415 7.693, -156.4033255813956 7.47702325581865, -156.441 8.201, -156.43 7.98), (-156.354 -49.038, -156.55272602739814 -49.122849315068855, -156.34496589294173 -49.035664258645184, -156.354 -49.038), (-156.799 -49.228, -157.04444680852245 -49.378723404262566, -156.79827494908344 -49.22769042769855, -156.799 -49.228), (-157.2033889857093 -49.47632624607876, -157.211 -49.481, -157.46173076923256 -49.6930000000015, -157.2033889857093 -49.47632624607876), (-157.7485135135165 -49.98475675676018, -157.5776778187565 -49.79103652968029, -157.58 -49.793, -157.7485135135165 -49.98475675676018), (-157.95675384615373 -53.97820769230785, -157.832 -54.158, -157.81120695860835 -54.18012837432506, -157.95675384615373 -53.97820769230785), (-158.05348965517626 -50.3959896551784, -157.89742521435372 -50.15420800254042, -157.899 -50.156, -158.05348965517626 -50.3959896551784), (-158.202099378882 -53.567950310559006, -158.104 -53.766, -158.09082101977106 -53.784993236212316, -158.202099378882 -53.567950310559006), (-158.489 -51.463, -158.48921600566572 -51.464674929178386, -158.359 -51.003, -158.489 -51.463), (-158.16066884030909 -50.562485564907625, -158.161 -50.563, -158.359 -51.003, -158.16066884030909 -50.562485564907625), (-158.316 -53.338, -158.30691850164519 -53.356334345735206, -158.40268902438993 -53.07026655052358, -158.316 -53.338), (-158.45605281601215 -52.905455928778814, -158.50544492911666 -52.627697928026194, -158.463 -52.884, -158.45605281601215 -52.905455928778814), (-158.5178884540116 -51.68700391389313, -158.55 -51.936, -158.5498530857455 -51.94378645548896, -158.5178884540116 -51.68700391389313), (-158.541 -52.413, -158.53940401785712 -52.42263727678576, -158.54540000000006 -52.17979999999719, -158.541 -52.413), (-169.84166242038228 -20.497687898088596, -169.847 -20.471, -169.84729297702836 -20.47054887333694, -169.84166242038228 -20.497687898088596), (-171.039 -4.375, -171.07278051087997 -4.1298353831590076, -171.03919732522795 -4.390917568389187, -171.039 -4.375), (-171.045 -4.859, -171.04231317315654 -4.642262634629698, -171.0475932145305 -4.875064458844886, -171.045 -4.859), (-171.122 -5.336, -171.08438146233385 -5.102960487444713, -171.1280335991065 -5.354880650265165, -171.122 -5.336), (-171.105 -3.896, -171.1707295492485 -3.672229549249568, -171.1026415478615 -3.913116645065729, -171.105 -3.896), (-171.28017661637594 -5.818561169800744, -171.269 -5.796, -171.18873120728955 -5.544818743899245, -171.28017661637594 -5.818561169800744), (-171.23770102087465 -3.4442310833459095, -171.241 -3.433, -171.3171293952174 -3.26917252695865, -171.23770102087465 -3.4442310833459095), (-171.37825786163566 -6.01654842767382, -171.49406428749063 -6.244476529470217, -171.484 -6.23, -171.37825786163566 -6.01654842767382), (-171.54273278800227 -2.845931152011619, -171.44169871198247 -3.0011042423514303, -171.445 -2.994, -171.54273278800227 -2.845931152011619), (-171.64085019513644 -6.455614229960766, -171.77515274417428 -6.643068317840398, -171.76 -6.627, -171.64085019513644 -6.455614229960766), (-171.88453047404087 -2.397591422121621, -171.70528077571674 -2.5996648397975965, -171.711 -2.591, -171.88453047404087 -2.397591422121621), (-171.92770666666638 -6.804839999999696, -172.11156911755376 -6.994142168368953, -172.091 -6.978, -171.92770666666638 -6.804839999999696), (-172.21699999999996 -2.0803806970509693, -172.02517881446985 -2.240831661891161, -172.034 -2.231, -172.21699999999996 -2.0803806970509693), (-172.49006818181817 -7.287238636363621, -172.472 -7.277, -172.29809539582666 -7.140523683339027, -172.49006818181817 -7.287238636363621), (-172.53033333333207 -1.8500000000007615, -172.40286907719482 -1.9273999820407333, -172.407 -1.924, -172.53033333333207 -1.8500000000007615), (-172.978 -5.667, -172.83 -5.461, -172.714 -5.234, -172.634 -4.993, -172.591 -4.743, -172.585 -4.489, -172.617 -4.237, -172.686 -3.992, -172.792 -3.761, -172.93 -3.548, -173.099 -3.358, -173.294 -3.195, -173.511 -3.063, -173.745 -2.965, -173.991 -2.903, -174.244 -2.878, -174.498 -2.892, -174.747 -2.943, -174.986 -3.03, -175.208 -3.152, -175.411 -3.306, -175.587 -3.488, -175.735 -3.695, -175.851 -3.921, -175.931 -4.163, -175.974 -4.413, -175.98 -4.667, -175.948 -4.919, -175.879 -5.163, -175.773 -5.395, -175.635 -5.608, -175.466 -5.798, -175.271 -5.961, -175.054 -6.093, -174.82 -6.191, -174.574 -6.253, -174.321 -6.277, -174.067 -6.264, -173.818 -6.213, -173.579 -6.126, -173.357 -6.004, -173.154 -5.85, -172.978 -5.667), (-172.892 -7.515, -172.7317619047621 -7.424198412698522, -172.9116080622759 -7.522564973028835, -172.892 -7.515), (-173.10480842911744 -1.5576915708817827, -172.8179535452323 -1.6774278728606153, -172.822 -1.675, -173.10480842911744 -1.5576915708817827), (-173.343 -7.689, -173.1551859945368 -7.616539607648341, -173.36857988624615 -7.694690440796286, -173.343 -7.689), (-173.5614775888716 -1.4175672333848803, -173.2574199230792 -1.494388596929036, -173.268 -1.49, -173.5614775888716 -1.4175672333848803), (-173.815 -7.794, -173.61448872180435 -7.749394736842073, -173.83955635707846 -7.795732191163211, -173.815 -7.794), (-173.97297460701344 -1.352016928657785, -173.7324241498796 -1.3753761672637572, -173.738 -1.374, -173.97297460701344 -1.352016928657785), (-174.297 -7.828, -174.08693918918917 -7.8131824324324315, -174.32759940944882 -7.825587598425197, -174.297 -7.828), (-174.219 -1.329, -174.42213084112137 -1.3399345794392465, -174.21580280649925 -1.3292991137370749, -174.219 -1.329), (-175.0398571428595 -1.4250000000004848, -174.69909851822186 -1.3548438125750897, -174.702 -1.355, -175.0398571428595 -1.4250000000004848), (-175.46316766466944 -1.5589999999995483, -175.1720767571349 -1.4523943386875695, -175.175 -1.453, -175.46316766466944 -1.5589999999995483), (-176.433 -2.141, -176.4346391294034 -2.1426785078875565, -176.053 -1.852, -176.433 -2.141), (-175.62847575057742 -1.6198071593533703, -175.629 -1.62, -176.053 -1.852, -175.62847575057742 -1.6198071593533703), (-176.766 -2.482, -176.77076387573695 -2.488560924947325, -176.5732836287798 -2.2846538060477886, -176.766 -2.482), (-177.047 -2.869, -177.05241802554175 -2.8794173854734733, -176.89296472184526 -2.656858887381215, -177.047 -2.869), (-177.267 -3.292, -177.27286625410457 -3.3089594910330584, -177.14790000000022 -3.0630031818186216, -177.267 -3.292), (-177.423 -3.743, -177.42654607814853 -3.7616866365355923, -177.34423964256703 -3.5153017871649714, -177.423 -3.743), (-177.512 -4.212, -177.51309607001212 -4.239517126093975, -177.46866943291835 -3.9836625172888085, -177.512 -4.212)))