MULTIPOLYGON (((-122.44331672726638 64.96958489428076, -122.353 65.096, -122.24495598572861 65.20748670874622, -121.891 65.632, -121.67159464833958 65.8633197816174, -121.6 65.953, -120.915 66.661, -120.33589764913698 67.1773749268617, -120.062 67.46, -119.76585108299912 67.68567497685895, -119.244 68.151, -118.488 68.733, -117.77572493650487 69.20221495480243, -117.444 69.455, -117.13324283625586 69.62545342696015, -116.592 69.982, -115.787 70.432, -114.94978641764243 70.82310121305338, -114.558 71.038, -114.23765409452508 71.155771180783, -113.702 71.406, -112.868 71.724, -111.91907667855192 72.00816727934144, -111.468 72.174, -111.1415161364952 72.24101777291169, -110.634 72.393, -109.794 72.58, -108.72892528890516 72.73625347557977, -108.243 72.836, -108.02212463280824 72.84769221596939, -108.011 72.864, -107.50090645638245 72.91641192705767, -107.456 72.923, -107.39082271468143 72.92772299168975, -107.32 72.935, -106.628 72.983, -105.47514875322446 72.98251844141738, -104.956 73.01, -104.66933302111433 72.98218184336721, -104.234 72.982, -103.808 72.955, -102.45180005191938 72.76699249817221, -101.679 72.692, -101.39442548133258 72.6204106082425, -101.038 72.571, -88.371 69.989, -80.18854875726855 68.32050054031802, -80.1 68.359, -79.288 68.645, -78.2455272721145 68.92744109856784, -77.779 69.083, -77.5603477969407 69.12101474800414, -77.551 69.139, -77.04709905963134 69.25213580935899, -77.007 69.263, -76.94581159766102 69.27487686433608, -76.874 69.291, -76.193 69.421, -75.04028765492544 69.55915097491432, -74.535 69.647, -74.25382104306956 69.6534079069492, -73.815 69.706, -73.389 69.729, -72.02698116760826 69.70415630885122, -71.244 69.722, -70.95055682763052 69.68452195930227, -70.593 69.678, -57.709 68.622, -36.809730355293105 66.90765608283931, -35.142606084277766 66.77094617784994, -20.385 65.561, -19.391890661136348 65.47933352098369, -2.3749603995144173 64.08388690688078, 3.796 63.578, 19.591 62.283, 21.028665515714984 62.164776279733736, 34.427 61.066, 34.296 61.07, 34.132911111110374 61.075966666666694, 24.416342256128186 61.405260994266776, 21.642076669990537 61.4992002303378, 19.159 61.583, 19.15916898269293 61.583273814548726, 16.214 61.683, 16.24 61.649, 16.266 61.615, 16.292 61.582, 16.318 61.548, 3.7436752524014296 62.578872714275725, 3.606 59.95, 1.944 60.518, 1.024 61.712, -3.174 63.146, -4.017414634145168 63.43453658536546, -4.24 63.51, -4.58 63.627, -17.787 64.325, -20.851 64.487, -27.873 64.859, -36.269 65.143, -55.266 65.787, -52.93749724354255 62.7640024647769, -51.677 62.507, -51.651473315341185 62.50179087217549, 2.211 51.52, 2.081 51.54, 1.919 51.565, 1.749931297705625 51.59118320610754, 1.0094369450147402 51.7055062166844, -15.8 54.3, -15.778 54.264, -15.756 54.227, -15.734 54.19, -15.712 54.154, -28.074667749276742 56.67453138320849, -28.524 54.08, -30.107 54.842, -27.599 50.63, -30.879 56.137, -35.15899440559549 58.19678741258793, -35.218 58.225, -35.2912811950779 58.26045166959521, -36.215 58.705, -49.244 60.971, -51.91395163065335 61.43517609496837, -49.64 58.483, -51.914283668107345 61.43523382030205, -55.78890719920172 62.108844382938294, -54.48 60.542, -52.77 57.729, -51.499 54.693, -50.694 51.501, -50.374 48.225, -50.545 44.938, -51.205 41.712, -52.338 38.622, -53.919 35.734, -53.9649951938678 35.67358805780352, -53.588 35.881, -52.805 36.24, -52.11868122916762 36.49605207981371, -52.118 36.53, -52.067 36.824, -51.973 37.108, -51.837 37.374, -51.663 37.617, -51.455 37.832, -51.217 38.013, -50.955 38.157, -50.675 38.26, -50.382 38.32, -50.084 38.336, -49.786 38.307, -47.13824606847366 37.84839038804415, -47.032 37.864, -45.6778547351015 37.96450486548368, -44.895 38.055, -44.59747673617783 38.04469068325966, -44.243 38.071, -31.316 38.209, -17.156050930378367 38.3591216822659, -17.166 38.368, -17.358 38.597, -17.482736366062696 38.802211440941846, -19.202 39.1, -19.492 39.172, -19.768 39.288, -20.023 39.443, -20.253 39.634, -20.451 39.858, -20.614 40.108, -20.738 40.381, -20.82 40.668, -20.858 40.964, -20.851 41.263, -20.8 41.558, -20.706 41.842, -20.571 42.108, -20.397 42.351, -20.189 42.566, -19.951 42.747, -19.689 42.891, -19.408 42.994, -19.116 43.054, -18.817 43.07, -18.52 43.041, -12.608 42.017, -12.318 41.944, -12.042 41.829, -11.786 41.674, -11.63763962394801 41.54961051440183, -9.635 41.445, -9.339 41.407, -9.051 41.326, -8.779 41.202, -8.528 41.039, -8.305 40.841, -8.113 40.612, -7.958 40.356, -7.842 40.08, -7.769 39.791, -7.74 39.493, -7.756 39.195, -7.816 38.902, -7.918 38.621, -8.008631812898251 38.45610045153235, 6.131 38.606, 8.791 38.634, 12.289481631728174 38.67110196827259, 12.304 38.742, 12.407 39.023, 12.55 39.285, 12.731 39.523, 12.946 39.731, 13.189 39.905, 13.455 40.041, 13.739 40.135, 14.033 40.187, 14.332 40.193, 20.324 39.88, 20.62 39.843, 20.908 39.761, 21.18 39.637, 21.431 39.475, 21.655 39.276, 21.846 39.047, 22.001 38.792, 22.008492229544935 38.774173660737915, 27.732043762288 38.83487285819788, 27.732 38.835, 35.32182329929706 38.915380686586815, 35.756 39.148, -11.082 46.379, 37.125 38.937, 41.09 41.061, 40.663 41.777, 41.85586061955324 42.41609873007168, 40.066 42.781, 39.976 42.932, 39.887 43.081, 39.772 43.274, 39.66 43.462, 39.565 43.621, 39.495 43.739, 39.43 43.848, 39.388 43.919, 39.374 43.943, 50.699 41.634, 53.02283525262911 41.16004282403407, 54.215 41.711, 55.551 42.163, 57.147 42.577, 57.425 42.636, 57.63765428508131 42.66917852196557, 58.334 42.8, 58.85814937993995 42.85960131687021, 59.335 42.934, 60.172 43.009, 61.178 43.054, 61.86527694534568 43.034564571999, 62.424 43.043, 63.229 42.996, 64.031 42.919, 64.4145129601307 42.85352639104075, 65.018 42.781, 66.251 42.54, 66.838 42.398, 67.0140213488281 42.341661117277106, 67.559 42.2, 69.175 41.65, 69.549 41.502, 69.62470924542527 41.465365471866214, 70.008 41.308, 71.938 40.346, 72.113 40.246, 72.12833563045359 40.235702942352546, 72.328 40.12, 74.484 38.654, 75.96834489486368 37.548749837924966, 75.976 40.473, 76.34908461434173 42.96270152131359, 74.563 43.056, 74.267 43.094, 73.979 43.175, 73.707 43.299, 73.456 43.462, 73.233 43.66, 73.041 43.89, 72.886 44.145, 72.77 44.421, 72.697 44.711, 72.668 45.008, 72.684 45.307, 72.744 45.599, 72.847 45.88, 72.99 46.142, 73.171 46.38, 73.386 46.588, 73.629 46.762, 73.895 46.898, 74.179 46.993, 74.473 47.044, 74.772 47.051, 77.54348698299175 46.90622773269753, 78.617 49.186, 79.81359762620187 50.9904607187307, 68.038 51.956, 69.20686365486583 52.774904476762295, 21.841 54.38, 69.207 52.775, 70.591 52.728, 74.275 55.31, 73.766 55.97, 74.87350920484886 56.74571983636693, 73.053 56.895, 72.946 57.034, 72.84 57.171, 72.703 57.35, 72.57 57.523, 72.457 57.669, 72.373 57.778, 72.295 57.879, 72.245 57.944, 72.228 57.966, 83.747 57.022, 86.11267016850205 56.827988723044754, 87.305 57.556, 90.117 58.753, 93.073 59.53, 96.11 59.869, 99.165 59.764, 102.171 59.216, 105.067 58.238, 107.79 56.85, 110.283 55.081, 111.339 54.148, 112.492 52.97, 112.682 52.757, 112.81501083032478 52.59095667870051, 113.276 52.05, 113.58655518103724 51.62780363161908, 113.89 51.249, 114.372 50.56, 114.911 49.709, 115.23659261830336 49.102457874975094, 115.521 48.623, 115.881 47.902, 116.213 47.168, 116.34454820980521 46.80963284081414, 116.585 46.243, 116.989 45.054, 117.159 44.474, 117.20112823892984 44.276990945043536, 117.345 43.75, 117.62218952181237 42.33014541579291, 118.399 42.67, 121.347 43.475, 124.381 43.845, 127.437 43.769, 130.449 43.251, 133.354 42.302, 136.09 40.941, 138.6 39.197, 140.83 37.107, 142.733 34.715, 144.269 32.073, 145.405 29.236, 146.117 26.263, 146.391 23.219, 146.367 21.81, 146.219 20.168, 146.181 19.886, 146.13996678235 19.67133862171527, 146.029 18.974, 145.908061914609 18.45815034667341, 145.818 17.987, 145.607 17.174, 145.31 16.211, 145.05723927053336 15.561771836007068, 144.88 15.042, 144.566 14.3, 144.223 13.571, 144.03517944873707 13.237040088651115, 143.761 12.688, 143.119 11.608, 142.788 11.102, 142.66303784306552 10.938736229571841, 142.358 10.491, 141.297 9.154, 141.031 8.852, 140.9767299848863 8.798675555371375, 140.694 8.485, 139.137 6.991, 138.984 6.86, 138.97313747563413 6.851979607607947, 138.794 6.7, 136.687 5.164, 128.57050117212614 -0.2392669342946734, 133.272 -2.04, 138.66 -6.231, 142.186 -7.965, 203.092 -67.105, 207.314 -74.762, 217.134 -84.437, 222.354 -94.889, 222.0424044050977 -95.11770317702765, 237.61279691879884 -109.24247373952421, 238.244 -109.815, 238.6781695252856 -110.20893258871206, 241.993 -113.216, 242.966 -114.158, 243.468 -114.695, 244.153 -115.492, 244.66720481927686 -116.15473493975874, 244.72 -116.219, 244.79 -116.313, 245.944 -118.055, 246.195 -118.49, 246.303 -118.686, 246.404 -118.872, 246.664 -119.374, 246.944 -119.956, 247.206 -120.547, 247.3138265429609 -120.81126341266646, 247.344 -120.878, 247.37373938597173 -120.95809898693074, 247.45 -121.145, 247.675 -121.75, 247.73187130304564 -121.92267854390096, 247.781 -122.055, 247.81990631159385 -122.18997955995488, 247.978 -122.67, 248.238 -123.603, 248.27961091424524 -123.78485510670136, 248.303 -123.866, 248.37488075560805 -124.20121959858332, 248.454 -124.547, 248.4812608723257 -124.69732874103296, 248.517 -124.864, 248.53407789587578 -124.98858562234388, 248.627 -125.501, 248.68 -125.894, 248.64715550979653 -125.8135025211198, 248.805 -126.965, 248.858 -127.748, 248.841 -130.103, 248.799 -130.652, 248.408 -133.212, 248.339 -133.519, 247.516 -136.221, 247.488 -136.296, 247.188 -137.036, 247.107 -137.221, 246.187 -139.064, 245.86 -139.624, 244.448 -141.677, 244.314 -141.847, 242.495 -143.852, 242.339 -144.002, 240.433 -145.607, 239.907 -145.986, 238.163 -147.082, 237.967 -147.19, 237.781 -147.291, 237.278 -147.551, 237.207 -147.586, 234.597 -148.667, 234.298 -148.766, 231.788 -149.403, 231.246 -149.498, 228.904 -149.745, 228.119 -149.768, 226.001 -149.685, 224.987 -149.569, 223.134 -149.225, 221.919 -148.905, 220.357 -148.375, 219.796 -148.15, 219.617 -148.074, 218.9882859763554 -147.79239869547487, 218.985 -147.791, 218.98321360048618 -147.79012677595648, 218.974 -147.786, 218.359 -147.485, 217.753 -147.165, 217.158 -146.824, 216.575 -146.465, 216.249 -146.253, 215.602 -145.804, 214.667 -145.089, 213.774 -144.323, 195.63765508011602 -127.8714380576492, 192.986 -130.794, 192.656 -130.752, 189.561 -129.638, 185.686 -128.243, 176.36903833903924 -119.3459577378431, 176.369 -119.346, 173.971 -117.056, 177.26492453407548 -113.42608316372372, 159.289 -97.142, 157.504 -92.151, 152.933 -95.206, 151.646 -94.04, 151.073 -93.521, 149.281 -91.134, 143.849 -78.666, 143.88 -78.644, 137.226 -72.29, 121.467 -57.242, 110.70018620937314 -46.96079992329665, 89.962 -128.201, 85.421 -135.673, 81.913 -149.004, 75.444 -158.733, 75.09034026081132 -158.576150906631, 74.00526030405481 -163.52210367715665, 73.8976278619614 -164.01270805322645, 73.403 -166.268, 72.73468765745174 -169.31355919385888, 72.101 -172.202, 71.46653658537817 -175.0926371950658, 71.46653658531947 -175.09263719533325, 70.723 -178.481, 70.28635403727786 -180.47013043473345, 70.015 -181.707, 69.317 -184.886, 68.985 -186.199, 68.769 -186.902, 68.418 -187.893, 68.10277935082871 -188.65796728245866, 68.069 -188.747, 68.022 -188.854, 67.08 -190.732, 67.07394496048802 -190.7410392347151, 66.833 -191.156, 66.717 -191.347, 66.606 -191.527, 66.3 -192.003, 65.934 -192.535, 65.552 -193.056, 65.3650027730263 -193.2957521121653, 65.333 -193.34, 65.29297849504337 -193.38809558192173, 65.155 -193.565, 64.742 -194.061, 64.62111417908837 -194.19550413098347, 64.53 -194.305, 64.42934189031497 -194.40888039673288, 64.094 -194.782, 63.414 -195.472, 63.27252010723859 -195.60273458445042, 63.218 -195.659, 62.98717266187051 -195.86641007194245, 62.703 -196.129, 62.57462162162195 -196.23710810810783, 62.459 -196.341, 62.3662349531873 -196.41259161836857, 61.962 -196.753, 61.647 -196.995, 61.70029476604523 -196.92653234682444, 60.781 -197.636, 60.127 -198.072, 58.076 -199.229, 57.579 -199.465, 55.164 -200.4, 54.863 -200.493, 52.11 -201.124, 52.031 -201.136, 51.432 -201.221, 51.24 -201.244, 51.039 -201.266, 48.982 -201.385, 48.334 -201.38, 45.85 -201.176, 45.636 -201.145, 42.992 -200.565, 42.785 -200.504, 40.444 -199.649, 39.853 -199.382, 38.035 -198.413, 37.844 -198.297, 37.664 -198.186, 37.188 -197.88, 37.122 -197.835, 34.886 -196.11, 34.652 -195.899, 32.85 -194.039, 32.498 -193.616, 31.119 -191.707, 30.708 -191.038, 29.726 -189.159, 29.322 -188.222, 28.698 -186.443, 28.372 -185.23, 28.055 -183.611, 27.97 -183.012, 27.947 -182.82, 27.879201494359517 -182.1410463935146, 27.878 -182.131, 27.877611873254825 -182.12512747359477, 27.877 -182.119, 27.832 -181.435, 27.809 -180.751, 27.808 -180.065, 27.829 -179.381, 27.852 -178.992, 27.919 -178.207, 28.073 -177.041, 28.293 -175.885, 33.54079676060721 -151.967768703172, 29.687 -151.122, 29.559 -150.814, 28.268 -143.52, 32.143 -127.792, 36.93081707496806 -128.84295984665653, 42.112 -105.148, 45.554 -101.117, 40.63 -98.672, 41.001 -96.974, 41.166 -96.219, 42.345 -93.477, 50.458 -82.562, 50.492 -82.578, 52.693 -73.646, 57.906 -52.488, 58.9321041896524 -48.323548663980354, -6.2 -80.325, -14.831 -81.723, -27.247 -87.711, -38.847 -89.107, -38.957 -88.737, -50.366842761105566 -94.83183108238495, -51.23879740423654 -95.29764684276059, -51.596 -95.981, -54.488 -99.052, -55.97366715692351 -97.82710978157556, -62.716 -101.429, -63.93 -102.028, -64.605 -102.32, -65.587 -102.696, -66.38223490514875 -102.95704975609746, -66.463 -102.986, -66.574 -103.02, -68.603 -103.52, -69.097 -103.61, -69.318 -103.646, -69.527 -103.678, -69.59195660096398 -103.68679982472952, -69.467 -104.933, -69.265 -106.946, -73.426 -107.642, -77.104 -107.245, -80.681 -106.303, -84.078 -104.839, -87.219 -102.885, -88.757 -101.028, -87.47 -99.467, -86.6730668952687 -98.49998714127429, -86.751 -98.431, -86.894 -98.3, -87.042 -98.162, -88.467 -96.674, -88.885 -96.178, -90.342 -94.157, -90.457 -93.974, -91.733 -91.586, -91.821 -91.389, -92.69 -89.054, -92.871 -88.431, -93.315 -86.419, -93.351 -86.199, -93.383 -85.99, -93.39175434631896 -85.92451748953408, -94.637 -86.049, -96.651 -86.251, -97.339 -83.941, -97.217 -80.244, -96.545 -76.606, -95.339 -73.109, -93.625 -69.831, -90.733 -66.76, -89.172 -68.047, -88.20390062657611 -68.84482852150256, -88.005 -68.622, -87.53476083188924 -68.13248873483555, -87.526 -68.123, -87.52032811315988 -68.11746451124021, -87.517 -68.114, -87.027 -67.636, -86.521 -67.174, -86 -66.728, -85.465 -66.3, -85.156 -66.065, -84.515 -65.606, -83.527 -64.966, -82.505 -64.383, -75.76375244879326 -60.781765188764304, -75.956 -58.865, -71.795 -58.169, -71.02817746025974 -58.25197862175547, -60.90766565561873 -52.845510584267245, -62.767 -49.365, -62.616 -49.068, -60.525 -46.529, -57.907 -43.35, -43.429 -36.086, -41.119 -40.409, -19.734 -28.966, -14.433 -28.966, -15.771 -23.634, -14.239 -22.814, -13.558 -22.449, -10.707 -21.565, 2.863 -20.648, 2.873 -20.685, 5.982 -19.125, 10.05135323937457 -17.08395755592574, 16.711202924957977 -13.742307548489713, 30.572 -6.787, 44.414426913255326 0.1584768536175107, -42.471 -5.924, -42.919071897139865 -5.935489023003586, -43.123 -5.959, -43.42776419384175 -5.948532415226712, -44.148 -5.967, -45.33335285773391 -5.924939092144926, -45.519 -5.925, -45.698 -5.912, -46.160491065290145 -5.854672799277268, -46.413 -5.846, -46.775672994432774 -5.778419092817378, -47.489 -5.69, -48.223 -5.56, -48.37662792801851 -5.530012566602994, -48.538 -5.507, -48.889 -5.43, -49.50108100879678 -5.270563396692071, -49.649 -5.243, -49.81425579662378 -5.185718408758703, -50.394 -5.021, -51.103 -4.793, -51.277226007713296 -4.731661256458738, -51.471 -4.675, -51.975 -4.486, -52.583119238699695 -4.2259644568108445, -52.759 -4.165, -52.90543723083731 -4.088139292219183, -53.011 -4.043, -53.686 -3.726, -54.02441841651302 -3.5532231277139856, -54.26 -3.446, -54.891 -3.102, -55.324 -2.837, -55.51152299744473 -2.720279524497278, -55.674 -2.635, -55.81609764791257 -2.53070225390592, -55.957 -2.443, -56.576 -2.028, -56.65642981916854 -1.9700373534587077, -56.853 -1.844, -57.572 -1.306, -58.202231330266414 -0.7793124976040064, -58.328 -0.687, -58.4406468200271 -0.5749806044203547, -58.903 -0.164, -58.9811914517838 -0.0897181208053901, -59.201 0.1, -59.962 0.862, -60.47 1.43, -60.520879756693 1.4936657734723469, -60.662 1.634, -60.825772105528536 1.8545041644991958, -61.257 2.35, -62.01 3.357, -62.38830044264798 3.958305690228534, -62.625 4.277, -62.77784460199283 4.564300396760138, -62.983 4.863, -63.672 6.124, -64.065 6.944, -64.15878298544875 7.1600358057658955, -64.171 7.183, -64.18079778051792 7.210748458693074, -64.345 7.589, -64.423 7.78, -64.747 8.63, -64.909 9.129, -65.131 9.841, -65.20711661054476 10.11740324738226, -65.267 10.287, -65.28018146945536 10.355603074524536, -65.318 10.478, -65.608 11.736, -65.776 12.751, -65.81618965517244 13.051001567398293, -65.883 13.473, -65.88599718339735 13.508576323253187, -65.888 13.519, -65.88903751247092 13.544664782175131, -65.93575199713842 14.09916191725283, -65.949 14.232, -66.006 14.933, -66.029 16.518, -66.01730085407291 16.717494811277405, -66.021 16.809, -66.00152585983163 16.986491327662687, -65.933 18.155, -65.753 19.553, -65.6798521409064 19.918291907950582, -65.662 20.081, -65.60167159369838 20.308716475506248, -65.426 21.186, -65.391 21.331, -64.977 22.789, -64.91667038130026 22.954932958286648, -108.552 29.186, -108.98188612414485 29.2671253547385, -109.197 29.288, -109.51075307895181 29.366929737593455, -110.2 29.497, -111.34849784743382 29.7856517196343, -111.532 29.825, -111.704 29.875, -112.15511235204477 30.032161722647853, -112.389 30.091, -112.71501981833192 30.227226259289832, -113.409 30.469, -114.099 30.751, -114.24113375563404 30.811816847362643, -114.396 30.869, -114.723 31.018, -115.29130593287786 31.30371854752124, -115.426 31.36, -115.57193943444733 31.44858015424166, -116.107 31.734, -116.754 32.106, -116.91059182222898 32.201982043320555, -117.088 32.298, -117.542 32.589, -118.08767004750975 32.97554102386164, -118.24 33.068, -118.36343604597195 33.17088777576468, -118.461 33.24, -119.055 33.692, -119.34756253654571 33.93040303583568, -119.557 34.086, -120.101 34.555, -120.469 34.905, -120.62658282167713 35.05729086124768, -120.769 35.176, -120.8870213203268 35.308983290912835, -121.005 35.423, -121.523 35.96, -121.57420734490265 36.016635323462324, -121.756 36.197, -122.345 36.875, -122.84408438474462 37.514150002398736, -122.954 37.638, -123.04558891338118 37.77882752141063, -123.406 38.27, -123.46699319971376 38.35945669291351, -123.642 38.591, -124.226 39.497, -124.604 40.158, -124.64029658385095 40.23085714285718, -124.749 40.398, -124.86843367154077 40.66052625087025, -125.179 41.223, -125.704 42.366, -125.94607999700371 43.02929249524807, -126.112 43.394, -126.20289013745325 43.713376443037724, -126.338 44.042, -126.747 45.42, -126.959 46.305, -127.00312178528505 46.52528920334342, -127.013 46.56, -127.0182181197067 46.60066148172408, -127.097 46.994, -127.134 47.197, -127.272 48.097, -127.325 48.618, -127.392 49.361, -127.40799377032661 49.63772942146508, -127.40805182103958 49.6383871018955, -127.432 49.825, -127.43051491530376 49.89288074632389, -127.442 50.023, -127.461 51.313, -127.411 52.341, -127.390442605795 52.6043473085226, -127.365 53.07, -127.3601884569529 53.10738594677767, -127.36 53.116, -127.35642121757684 53.136657598186396, -127.27763142597645 53.748858492279204, -127.269 53.825, -127.178 54.523, -126.867 56.077, -126.81369292758524 56.26941662440126, -126.798 56.36, -126.74170364902844 56.529268335356285, -126.429 57.658, -125.96 58.987, -125.80708721103348 59.33941439146432, -125.759 59.484, -125.65937071930831 59.67985300286107, -125.297 60.515, -125.232 60.649, -124.521 61.988, -124.33318342432482 62.28689545338828, -124.267 62.417, -124.13776588363386 62.5978872506504, -123.635 63.398, -123.611 63.434, -123.5842563201855 63.46749941792776, -122.799 64.543, -122.44331672726638 64.96958489428076), (-20.85071741114503 64.4876512884769, -20.805363366330415 64.59217970935865, -36.23190344668713 65.85700444747131, -36.268977514657934 65.14343277967373, -27.873 64.859, -20.85071741114503 64.4876512884769), (-123.63526291587775 63.39544596004482, -123.62951365961464 63.40458159142553, -123.635 63.398, -123.63526291587775 63.39544596004482), (243.05 -130.182, 243.367 -130.131, 243.673 -130.032, 243.961 -129.89, 244.225 -129.706, 244.458 -129.485, 244.655 -129.231, 244.813 -128.951, 244.927 -128.651, 244.995 -128.336, 245.015 -128.016, 244.988 -127.696, 244.913 -127.383, 244.792 -127.085, 244.628 -126.809, 244.425 -126.56, 244.187 -126.344, 243.919 -126.166, 243.628 -126.03, 243.32 -125.939, 243.002 -125.894, 242.68 -125.898, 242.363 -125.949, 242.057 -126.048, 241.769 -126.19, 241.506 -126.374, 241.273 -126.595, 241.075 -126.849, 240.918 -127.129, 240.804 -127.429, 240.736 -127.743, 240.715 -128.064, 240.743 -128.384, 240.818 -128.697, 240.939 -128.995, 241.103 -129.271, 241.306 -129.52, 241.544 -129.736, 241.811 -129.914, 242.102 -130.05, 242.41 -130.141, 242.729 -130.186, 243.05 -130.182), (239.32 -140.209, 239.519 -140.145, 239.707 -140.052, 239.878 -139.932, 240.03 -139.788, 240.158 -139.623, 240.261 -139.441, 240.335 -139.245, 240.38 -139.041, 240.393 -138.832, 240.375 -138.623, 240.326 -138.42, 240.247 -138.226, 240.141 -138.046, 240.008 -137.884, 239.853 -137.743, 239.679 -137.627, 239.49 -137.539, 239.289 -137.479, 239.082 -137.451, 238.873 -137.453, 238.666 -137.486, 238.467 -137.55, 238.279 -137.643, 238.108 -137.763, 237.956 -137.907, 237.827 -138.072, 237.725 -138.255, 237.651 -138.45, 237.606 -138.655, 237.593 -138.863, 237.611 -139.072, 237.66 -139.275, 237.738 -139.469, 237.845 -139.649, 237.977 -139.811, 238.132 -139.952, 238.307 -140.068, 238.496 -140.157, 238.697 -140.216, 238.904 -140.245, 239.113 -140.243, 239.32 -140.209), (237.101 -118.764, 237.275 -118.88, 237.464 -118.969, 237.665 -119.028, 237.872 -119.057, 238.082 -119.054, 238.288 -119.021, 238.487 -118.957, 238.675 -118.864, 238.846 -118.744, 238.998 -118.6, 239.127 -118.435, 239.229 -118.253, 239.304 -118.057, 239.348 -117.853, 239.361 -117.644, 239.343 -117.435, 239.294 -117.232, 239.216 -117.038, 239.109 -116.858, 238.977 -116.696, 238.822 -116.555, 238.648 -116.439, 238.458 -116.351, 238.257 -116.291, 238.05 -116.262, 237.841 -116.265, 237.634 -116.298, 237.435 -116.362, 237.248 -116.455, 237.076 -116.575, 236.924 -116.719, 236.796 -116.884, 236.693 -117.066, 236.619 -117.262, 236.575 -117.467, 236.561 -117.675, 236.579 -117.884, 236.628 -118.087, 236.707 -118.281, 236.813 -118.461, 236.946 -118.623, 237.101 -118.764), (224.195 -133.502, 224.942 -133.999, 225.754 -134.379, 226.614 -134.634, 227.502 -134.757, 228.399 -134.747, 229.284 -134.604, 230.138 -134.33, 230.941 -133.932, 231.677 -133.418, 232.327 -132.801, 232.878 -132.093, 233.318 -131.312, 233.636 -130.473, 233.826 -129.597, 233.883 -128.702, 233.806 -127.809, 233.596 -126.937, 233.259 -126.106, 232.802 -125.334, 232.235 -124.639, 231.571 -124.037, 230.824 -123.54, 230.012 -123.16, 229.152 -122.905, 228.264 -122.782, 227.367 -122.792, 226.482 -122.935, 225.628 -123.209, 224.825 -123.607, 224.09 -124.121, 223.439 -124.738, 222.888 -125.446, 222.448 -126.227, 222.13 -127.066, 221.94 -127.942, 221.883 -128.837, 221.96 -129.73, 222.17 -130.602, 222.507 -131.433, 222.964 -132.205, 223.531 -132.9, 224.195 -133.502), (229.972 -145.418, 230.205 -145.196, 230.402 -144.943, 230.56 -144.663, 230.674 -144.362, 230.742 -144.048, 230.762 -143.728, 230.735 -143.407, 230.66 -143.095, 230.539 -142.797, 230.375 -142.521, 230.172 -142.272, 229.934 -142.056, 229.667 -141.878, 229.375 -141.742, 229.067 -141.65, 228.749 -141.606, 228.428 -141.61, 228.111 -141.661, 227.805 -141.759, 227.517 -141.902, 227.253 -142.086, 227.02 -142.307, 226.823 -142.561, 226.665 -142.841, 226.551 -143.141, 226.483 -143.455, 226.463 -143.776, 226.49 -144.096, 226.565 -144.409, 226.686 -144.706, 226.85 -144.983, 227.053 -145.232, 227.291 -145.448, 227.559 -145.626, 227.85 -145.762, 228.158 -145.853, 228.476 -145.897, 228.797 -145.894, 229.115 -145.842, 229.421 -145.744, 229.708 -145.601, 229.972 -145.418), (227.338 -115.929, 227.655 -115.878, 227.961 -115.78, 228.249 -115.637, 228.513 -115.453, 228.746 -115.232, 228.943 -114.978, 229.101 -114.698, 229.215 -114.398, 229.283 -114.084, 229.303 -113.763, 229.276 -113.443, 229.201 -113.13, 229.08 -112.833, 228.916 -112.556, 228.713 -112.307, 228.475 -112.091, 228.207 -111.913, 227.916 -111.777, 227.608 -111.686, 227.29 -111.642, 226.969 -111.645, 226.652 -111.697, 226.346 -111.795, 226.058 -111.938, 225.794 -112.122, 225.561 -112.343, 225.364 -112.596, 225.206 -112.876, 225.092 -113.177, 225.024 -113.491, 225.004 -113.811, 225.031 -114.132, 225.106 -114.444, 225.227 -114.742, 225.391 -115.018, 225.594 -115.267, 225.832 -115.483, 226.1 -115.661, 226.391 -115.797, 226.699 -115.889, 227.017 -115.933, 227.338 -115.929), (216.55 -140.501, 216.657 -140.681, 216.789 -140.843, 216.944 -140.984, 217.119 -141.1, 217.308 -141.188, 217.509 -141.248, 217.716 -141.277, 217.925 -141.274, 218.132 -141.241, 218.331 -141.177, 218.518 -141.084, 218.69 -140.964, 218.842 -140.82, 218.97 -140.655, 219.073 -140.473, 219.147 -140.277, 219.191 -140.072, 219.205 -139.864, 219.187 -139.655, 219.138 -139.452, 219.059 -139.258, 218.953 -139.078, 218.82 -138.916, 218.665 -138.775, 218.491 -138.659, 218.302 -138.571, 218.101 -138.511, 217.894 -138.482, 217.685 -138.485, 217.478 -138.518, 217.279 -138.582, 217.091 -138.675, 216.92 -138.795, 216.768 -138.939, 216.639 -139.104, 216.537 -139.286, 216.462 -139.482, 216.418 -139.686, 216.405 -139.895, 216.423 -140.104, 216.472 -140.307, 216.55 -140.501), (215.391 -118.916, 215.44 -119.119, 215.519 -119.313, 215.625 -119.493, 215.758 -119.655, 215.913 -119.796, 216.087 -119.912, 216.276 -120, 216.477 -120.06, 216.684 -120.088, 216.893 -120.086, 217.1 -120.053, 217.299 -119.989, 217.487 -119.896, 217.658 -119.776, 217.81 -119.632, 217.939 -119.467, 218.041 -119.285, 218.115 -119.089, 218.16 -118.884, 218.173 -118.676, 218.155 -118.467, 218.106 -118.264, 218.028 -118.07, 217.921 -117.89, 217.789 -117.728, 217.634 -117.587, 217.459 -117.471, 217.27 -117.382, 217.069 -117.323, 216.862 -117.294, 216.653 -117.296, 216.446 -117.33, 216.247 -117.394, 216.06 -117.487, 215.888 -117.607, 215.736 -117.751, 215.608 -117.916, 215.505 -118.098, 215.431 -118.294, 215.387 -118.498, 215.373 -118.707, 215.391 -118.916), (185.015 -71.276, 185.487 -71.461, 185.703 -71.569, 186.135 -71.835, 186.347 -71.994, 186.63 -72.24, 190.958 -76.396, 191.21 -76.663, 191.515 -77.057, 191.655 -77.276, 191.884 -77.718, 192.059 -78.184, 192.123 -78.413, 192.206 -78.848, 202.928 -88.977, 203.244 -88.864, 203.442 -88.817, 203.897 -88.741, 204.358 -88.73, 204.561 -88.739, 205.016 -88.813, 205.214 -88.859, 205.407 -88.923, 205.834 -89.098, 206.012 -89.196, 206.4 -89.446, 206.748 -89.749, 206.892 -89.893, 207.022 -90.049, 207.294 -90.422, 207.509 -90.83, 207.591 -91.016, 207.728 -91.456, 207.775 -91.654, 207.803 -91.855, 207.838 -92.315, 207.806 -92.776, 207.778 -92.977, 207.656 -93.443, 207.824 -93.601, 215.427 -91.091, 214.595 -89.426, 214.51918181817612 -89.27386483252445, 213.65997988826777 -87.55346592178694, 213.578 -87.39, 213.442 -87.117, 210.522 -84.24, 208.13598659098759 -81.88879216086953, 203.69 -77.508, 203.656 -77.447, 203.632 -77.403, 203.62033333333306 -77.38133333333282, 203.613 -77.368, 200.751 -72.178, 183.397 -55.785, 181.896 -56.28, 181.868 -56.29, 181.785 -56.317, 181.653 -56.361, 181.552 -56.394, 181.413 -56.44, 181.226 -56.502, 181.029 -56.567, 180.824 -56.634, 171.833 -59.603, 183.983 -71.08, 184.262 -71.106, 184.76 -71.202, 185.015 -71.276), (211.847 -131.373, 212.138 -131.509, 212.446 -131.6, 212.764 -131.645, 213.086 -131.641, 213.403 -131.59, 213.709 -131.491, 213.997 -131.349, 214.26 -131.165, 214.493 -130.944, 214.691 -130.69, 214.848 -130.41, 214.962 -130.11, 215.03 -129.796, 215.051 -129.475, 215.023 -129.155, 214.948 -128.842, 214.827 -128.544, 214.663 -128.268, 214.46 -128.019, 214.222 -127.803, 213.955 -127.625, 213.664 -127.489, 213.356 -127.398, 213.037 -127.353, 212.716 -127.357, 212.399 -127.408, 212.093 -127.507, 211.805 -127.649, 211.541 -127.833, 211.308 -128.054, 211.111 -128.308, 210.953 -128.588, 210.839 -128.888, 210.771 -129.203, 210.751 -129.523, 210.779 -129.843, 210.854 -130.156, 210.974 -130.454, 211.138 -130.73, 211.341 -130.979, 211.579 -131.195, 211.847 -131.373), (201.133 -96.221, 201.091 -96.365, 201.07 -96.513, 201.072 -96.662, 201.096 -96.81, 201.142 -96.952, 201.208 -97.086, 201.294 -97.208, 201.396 -97.317, 205.84 -101.348, 205.958 -101.44, 206.089 -101.513, 206.228 -101.566, 206.374 -101.598, 206.524 -101.607, 206.672 -101.594, 206.818 -101.56, 206.956 -101.503, 207.085 -101.427, 207.201 -101.333, 207.301 -101.222, 207.384 -101.098, 207.447 -100.962, 207.49 -100.819, 207.51 -100.671, 207.509 -100.521, 207.485 -100.374, 207.439 -100.232, 207.373 -100.098, 207.287 -99.975, 207.18406771535973 -99.86707100251313, 202.735049464077 -95.83118221382209, 202.622 -95.744, 202.492 -95.67, 202.352 -95.617, 202.206 -95.586, 202.057 -95.576, 201.908 -95.589, 201.763 -95.624, 201.624 -95.68, 201.496 -95.756, 201.38 -95.851, 201.28 -95.961, 201.197 -96.086, 201.133 -96.221), (203.551 -93.545, 203.741 -93.633, 203.941 -93.693, 204.149 -93.722, 204.358 -93.719, 204.564 -93.686, 204.764 -93.622, 204.951 -93.529, 205.123 -93.409, 205.275 -93.265, 205.403 -93.1, 205.506 -92.918, 205.58 -92.722, 205.624 -92.517, 205.638 -92.309, 205.62 -92.1, 205.571 -91.897, 205.492 -91.703, 205.385 -91.523, 205.253 -91.361, 205.098 -91.22, 204.924 -91.104, 204.734 -91.015, 204.534 -90.956, 204.327 -90.927, 204.117 -90.93, 203.911 -90.963, 203.712 -91.027, 203.524 -91.12, 203.352 -91.24, 203.201 -91.384, 203.072 -91.549, 202.97 -91.731, 202.895 -91.927, 202.851 -92.131, 202.838 -92.34, 202.856 -92.549, 202.905 -92.752, 202.983 -92.946, 203.09 -93.126, 203.222 -93.288, 203.377 -93.429, 203.551 -93.545), (192.338 -106.291, 192.362 -106.438, 192.407 -106.58, 192.474 -106.714, 192.559 -106.837, 192.662 -106.945, 195.874472610119 -109.85964661656162, 197.1071318155837 -110.97787284083151, 197.224 -111.068, 197.354 -111.142, 197.494 -111.195, 197.64 -111.226, 197.789 -111.236, 197.938 -111.223, 198.083 -111.188, 198.222 -111.132, 198.35 -111.056, 198.466 -110.961, 198.567 -110.851, 198.649 -110.726, 198.713 -110.591, 198.755 -110.448, 198.776 -110.299, 198.774 -110.15, 198.75 -110.002, 198.705 -109.86, 198.638 -109.726, 198.553 -109.604, 198.45 -109.495, 194.006 -105.464, 193.888 -105.372, 193.758 -105.299, 193.618 -105.246, 193.472 -105.214, 193.323 -105.205, 193.174 -105.218, 193.028 -105.252, 192.89 -105.309, 192.761 -105.385, 192.646 -105.479, 192.545 -105.59, 192.462 -105.714, 192.399 -105.85, 192.357 -105.993, 192.336 -106.141, 192.338 -106.291), (182.78453333333326 -94.36966666666686, 182.66280991735536 -94.67397520661164, 182.60022367790395 -94.91216312509934, 182.52749120388242 -95.21340583466609, 182.51154193450787 -95.34486647920792, 182.49695771719036 -95.46507578558261, 182.4680368882503 -95.77501976365701, 182.47207843137255 -96.02065577342067, 182.48660319177714 -96.32728960418366, 182.52824914074944 -96.59550934696966, 182.58325763787852 -96.87812180928424, 182.65841344195528 -97.13056822810611, 182.7551126841855 -97.40980668160513, 182.86883811009307 -97.6593012283099, 182.9978987957214 -97.90904843294182, 183.14112683783202 -98.13615317094596, 183.31769027822185 -98.3829165334185, 183.4778590699889 -98.5725781621965, 183.62876554270417 -98.73076185060108, 183.673530358448 -98.76124725676587, 183.95107569382648 -98.94585309910478, 184.0129624582323 -98.98701631396185, 184.17929511512114 -99.07037741132535, 184.46611424486156 -99.20499442359252, 184.65346881937435 -99.26841311806255, 184.77844993392372 -99.3052601398819, 184.95048910531528 -99.35598085176626, 185.1276971156801 -99.3899866533288, 185.1405098039215 -99.39244537815125, 185.44738496774792 -99.43509984107693, 185.6526201811126 -99.44585640362224, 185.93131834461693 -99.4431919852331, 185.93698894580749 -99.44313777298463, 186.16951404786678 -99.42355671175858, 186.4293260393873 -99.38134354485777, 186.6618910751933 -99.3294406184118, 186.92252457226087 -99.2457029486712, 187.1294108503503 -99.16904419384343, 187.40292391304385 -99.03345652173894, 187.57341239010415 -98.94193539153554, 187.87061907770087 -98.73409854706232, 187.98072964574266 -98.65394033561219, 188.348 -98.306, 193.723 -92.381, 194.03317120525244 -91.98193237455061, 194.10268846560854 -91.86386793650783, 194.150341606327 -91.77931606036924, 194.28032334454522 -91.54868698399754, 194.35320831843634 -91.37400071505198, 194.41459792678359 -91.21173304758283, 194.46492788855505 -91.07869871619772, 194.515004475875 -90.88947489034113, 194.57901854108636 -90.59477950905291, 194.60539319393195 -90.37923493234926, 194.62343002221516 -90.09392510314187, 194.6207865535248 -89.88332876414275, 194.59477876106195 -89.5822163225172, 194.5643947267864 -89.38303209782183, 194.5012136199172 -89.1194322339168, 194.4938159513981 -89.0885681906691, 194.4368349318734 -88.8952548059112, 194.326400291687 -88.62198541565405, 194.23673126022913 -88.42398527004912, 194.08672367101292 -88.17116349047122, 193.9794256694072 -87.9998259701206, 193.730729531141 -87.69553009097314, 193.68795220296545 -87.64439237292613, 193.5123867777199 -87.5067553357626, 193.3101145038169 -87.36741221374052, 193.04564536741208 -87.21483386581467, 192.81108333333333 -87.09683333333334, 192.54215068493139 -86.98926027397256, 192.2890000000001 -86.90227027027031, 191.9954525323393 -86.83139574654679, 191.74699509285088 -86.78281468295968, 191.43187090267296 -86.75341048915786, 191.19005313736565 -86.74012379875636, 190.8838293673827 -86.75462913522924, 190.6282087855297 -86.7752285960379, 190.3166328828827 -86.83576651651656, 190.31393969999817 -86.83636163932624, 190.08441444174758 -86.88708070388348, 189.7897570532911 -86.98930877742963, 189.6463564040429 -87.04269966243237, 189.55019731693693 -87.07850158375253, 189.28786971830888 -87.2140633802822, 189.039 -87.347, 188.597 -87.669, 188.2048467817919 -88.04526853088828, 183.499 -93.233, 183.16 -93.662, 182.883 -94.134, 182.78453333333326 -94.36966666666686), (193.282 -87.268, 193.27151732498226 -87.26105162137586, 193.47590736842207 -87.4443705263167, 193.282 -87.268), (192.675 -125.184, 191.554 -124.167, 193.183 -125.645, 192.675 -125.184), (192.8396304046776 -86.97601677181102, 193.07020412169027 -87.12761236506533, 192.846 -86.979, 192.8396304046776 -86.97601677181102), (192.56238999999997 -86.84616999999999, 192.372 -86.757, 192.3658463381072 -86.7551698690179, 192.56238999999997 -86.84616999999999), (192.16966666666534 -86.696825016633, 191.871 -86.608, 191.85926655880277 -86.60636909697645, 192.16966666666534 -86.696825016633), (191.80015246636538 -86.5981524663674, 191.353 -86.536, 191.34285770412532 -86.5361163552108, 191.80015246636538 -86.5981524663674), (190.8241017312243 -86.542958326068, 191.27772710280405 -86.53686355140186, 190.83 -86.542, 190.8241017312243 -86.542958326068), (190.479 -109.552, 190.581 -109.37, 190.655 -109.174, 190.7 -108.97, 190.713 -108.761, 190.695 -108.553, 190.646 -108.349, 190.567 -108.155, 190.461 -107.975, 190.329 -107.813, 190.174 -107.672, 189.999 -107.557, 189.81 -107.468, 189.609 -107.408, 189.402 -107.38, 189.193 -107.382, 188.986 -107.415, 188.787 -107.479, 188.599 -107.572, 188.428 -107.692, 188.276 -107.836, 188.147 -108.001, 188.045 -108.184, 187.971 -108.379, 187.926 -108.584, 187.913 -108.793, 187.931 -109.001, 187.98 -109.204, 188.059 -109.398, 188.165 -109.578, 188.298 -109.74, 188.452 -109.881, 188.627 -109.997, 188.816 -110.086, 189.017 -110.145, 189.224 -110.174, 189.433 -110.172, 189.64 -110.138, 189.839 -110.074, 190.027 -109.981, 190.198 -109.861, 190.35 -109.717, 190.479 -109.552), (190.30759371100575 -86.62773696031944, 190.64131386861365 -86.5726569343065, 190.313 -86.626, 190.30759371100575 -86.62773696031944), (189.8127505995204 -86.78711270983213, 190.11380000000122 -86.68999999999961, 189.815 -86.786, 189.8127505995204 -86.78711270983213), (189.34350357808063 -87.01974982844816, 189.58656465516916 -86.89900000000162, 189.346 -87.018, 189.34350357808063 -87.01974982844816), (183.172 -74.433, 183.053 -74.525, 182.95 -74.632, 182.864 -74.754, 182.796 -74.888, 182.75 -75.03, 182.725 -75.177, 182.722 -75.327, 182.742 -75.475, 182.784 -75.618, 182.846 -75.754, 182.928 -75.879, 183.028 -75.99, 187.356 -80.146, 187.471 -80.241, 187.599 -80.318, 187.737 -80.375, 187.883 -80.411, 188.031 -80.425, 188.181 -80.416, 188.327 -80.386, 188.467 -80.333, 188.598 -80.261, 188.716 -80.17, 188.82 -80.062, 188.906 -79.94, 188.973 -79.806, 189.019 -79.664, 189.044 -79.517, 189.047 -79.367, 189.027 -79.219, 188.986 -79.076, 188.923 -78.94, 188.841 -78.815, 188.741 -78.704, 184.413 -74.548, 184.298 -74.453, 184.17 -74.376, 184.032 -74.319, 183.887 -74.283, 183.738 -74.269, 183.589 -74.278, 183.443 -74.309, 183.302 -74.361, 183.172 -74.433), (183.217 -98.364, 183.32879999999972 -98.46539999999973, 183.21347005742413 -98.35968088597211, 183.217 -98.364), (182.87963301331678 -97.94826912356758, 182.886 -97.959, 183.0427626858029 -98.15080932855038, 182.87963301331678 -97.94826912356758), (182.619 -97.509, 182.80094459833958 -97.81564819944873, 182.6153870516535 -97.50005979618342, 182.619 -97.509), (182.585 -94.472, 182.46999999999994 -94.77433870967755, 182.58646518602976 -94.46940029249195, 182.585 -94.472), (182.423 -97.024, 182.52226614987146 -97.26963307493703, 182.42179530454933 -97.01897385258697, 182.423 -97.024), (182.399 -94.961, 182.33629468598963 -95.25229468599358, 182.4006225327124 -94.9567343091594, 182.399 -94.961), (182.301 -96.515, 182.3423928571439 -96.68769642857579, 182.30065506807864 -96.51100645486625, 182.301 -96.515), (182.289 -95.472, 182.27317346938767 -95.72234693877685, 182.2897788881635 -95.46838171044038, 182.289 -95.472), (182.256 -95.994, 182.27429306722706 -96.20579306722907, 182.2563227200364 -95.98889515578803, 182.256 -95.994), (171.668 -86.57, 171.643 -86.718, 171.64 -86.867, 171.66 -87.015, 171.702 -87.159, 171.764 -87.295, 171.846 -87.42, 171.946 -87.531, 176.274 -91.687, 176.389 -91.782, 176.517 -91.859, 176.655 -91.916, 176.8 -91.952, 176.949 -91.965, 177.098 -91.957, 177.245 -91.926, 177.385 -91.874, 177.515 -91.801, 177.634 -91.71, 177.737 -91.602, 177.824 -91.48, 177.891 -91.347, 177.937 -91.205, 177.962 -91.057, 177.965 -90.908, 177.945 -90.76, 177.903 -90.616, 177.841 -90.48, 177.759 -90.355, 177.659 -90.244, 173.331 -86.088, 173.216 -85.993, 173.088 -85.916, 172.95 -85.859, 172.805 -85.823, 172.656 -85.81, 172.506 -85.818, 172.36 -85.849, 172.22 -85.901, 172.089 -85.974, 171.971 -86.065, 171.868 -86.173, 171.781 -86.295, 171.714 -86.428, 171.668 -86.57), (132.84426986701277 -8.715420045410276, 132.894 -8.699, 132.866 -8.708, 132.84426986701277 -8.715420045410276), (132.8426812500001 -8.715962499999966, 132.784 -8.736, 132.6952040816327 -8.764708454810478, 132.59866363636394 -8.796618181818083, 132.55 -8.813, 132.411 -8.859, 132.32947058823618 -8.885595155709055, 131.823 -9.053, 126.228 -10.9, 162.219 -44.899, 167.085 -43.292, 167.44200000000058 -43.174333333333145, 167.455 -43.17, 167.4791279999997 -43.162096000000105, 168.05637209303256 -42.97183720929926, 168.068 -42.968, 168.134 -42.946, 168.156 -42.939, 172.997 -41.34, 173.783 -41.081, 146.041 -14.874, 136.261 -10.066, 134.024 -8.326, 132.894 -8.699, 132.8426812500001 -8.715962499999966), (166.688 -59.606, 166.828 -59.554, 166.959 -59.481, 167.078 -59.39, 167.181 -59.282, 167.267 -59.16, 167.335 -59.027, 167.381 -58.885, 167.406 -58.738, 167.408 -58.588, 167.389 -58.44, 167.347 -58.296, 167.285 -58.161, 167.203 -58.036, 167.103 -57.924, 162.775 -53.769, 162.66 -53.673, 162.532 -53.596, 162.394 -53.539, 162.248 -53.504, 162.1 -53.49, 161.95 -53.499, 161.804 -53.529, 161.664 -53.582, 161.533 -53.654, 161.415 -53.745, 161.311 -53.853, 161.225 -53.975, 161.158 -54.109, 161.111 -54.251, 161.087 -54.398, 161.084 -54.547, 161.104 -54.696, 161.145 -54.839, 161.208 -54.975, 161.29 -55.1, 161.39 -55.211, 165.717 -59.367, 165.833 -59.462, 165.961 -59.539, 166.099 -59.596, 166.244 -59.632, 166.393 -59.646, 166.542 -59.637, 166.688 -59.606), (156.306 -69.98, 156.265 -69.837, 156.202 -69.701, 156.12 -69.576, 156.02 -69.465, 151.693 -65.309, 151.578 -65.214, 151.449 -65.137, 151.311 -65.08, 151.166 -65.044, 151.017 -65.03, 150.868 -65.039, 150.722 -65.07, 150.582 -65.122, 150.451 -65.195, 150.333 -65.286, 150.229 -65.393, 150.143 -65.516, 150.076 -65.649, 150.029 -65.791, 150.004 -65.938, 150.002 -66.088, 150.022 -66.236, 150.063 -66.38, 150.126 -66.515, 150.208 -66.64, 150.308 -66.752, 154.635 -70.907, 154.75 -71.003, 154.879 -71.08, 155.017 -71.137, 155.162 -71.172, 155.311 -71.186, 155.46 -71.177, 155.606 -71.147, 155.746 -71.094, 155.877 -71.022, 155.995 -70.931, 156.099 -70.823, 156.185 -70.701, 156.252 -70.567, 156.299 -70.425, 156.324 -70.278, 156.326 -70.129, 156.306 -69.98), (144.904 -38.858, 145.05 -38.827, 145.19 -38.775, 145.321 -38.702, 145.439 -38.611, 145.543 -38.503, 145.629 -38.381, 145.696 -38.248, 145.743 -38.106, 145.768 -37.958, 145.77 -37.809, 145.75 -37.661, 145.709 -37.517, 145.646 -37.381, 145.564 -37.256, 145.464 -37.145, 141.137 -32.989, 141.021 -32.894, 140.893 -32.817, 140.755 -32.76, 140.61 -32.724, 140.461 -32.711, 140.312 -32.719, 140.166 -32.75, 140.026 -32.802, 139.895 -32.875, 139.777 -32.966, 139.673 -33.074, 139.587 -33.196, 139.52 -33.329, 139.473 -33.471, 139.448 -33.619, 139.446 -33.768, 139.465 -33.916, 139.507 -34.06, 139.57 -34.196, 139.652 -34.32, 139.751 -34.432, 144.079 -38.588, 144.194 -38.683, 144.322 -38.76, 144.461 -38.817, 144.606 -38.852, 144.755 -38.866, 144.904 -38.858), (134.9755508263198 25.635912744139635, 134.7555309572999 26.35538275061432, 134.45707295688774 27.03086633763981, 134.13004060552902 27.71328059403545, 133.73634096291622 28.333566422970943, 133.31184769885803 28.959428362947083, 132.81885547290125 29.52687247608917, 132.31847830814888 30.0687010036021, 131.7345965991903 30.566823481781366, 131.1707043316062 31.019001243523313, 130.51963846815835 31.42431411359724, 129.88678336863805 31.791399438144982, 129.19502074360562 32.0893817350795, 128.5079836527109 32.360736672418504, 127.78315350630238 32.551718889418254, 127.05462314756399 32.719725890472546, 126.32289173913047 32.799004999999994, 125.56639986443999 32.85739195677141, 124.82317576513192 32.826030189687415, 124.08166189691906 32.77228287574984, 123.35027756360837 32.63069245266856, 122.61337479831835 32.46390376093625, 121.93331969615247 32.222578316590656, 121.21374384712335 31.94208320817515, 120.5734954257565 31.600099225897257, 119.9102747670316 31.21936144033295, 119.32378070111922 30.78254809516219, 118.7257917898293 30.307734677565325, 118.20348735659796 29.78046537329566, 117.69718913616991 29.237932084150707, 117.2469498578444 28.62229878521581, 116.8316645845257 28.015608332606856, 116.73863634734167 27.837740490949066, 116.41289307695392 25.11879511060227, 115.98596834203784 19.533995979972456, 116.03237061165812 19.38260592680488, 116.32791606046085 18.71260488449421, 116.65736845551216 18.02407491778234, 117.05065903708382 17.40443357702899, 117.47515230114196 16.778571637052917, 117.96814452709869 16.211127523910893, 118.46852169185114 15.669298996397886, 119.04608552144562 15.176566441686676, 119.62030049322526 14.716505603114303, 120.2591748730596 14.318782387929797, 120.90032373825035 13.94659844915808, 121.59933605068443 13.645712595808813, 122.27721233149425 13.377975848927813, 123.00701353506614 13.185550756498133, 123.73237685243598 13.018274109527463, 124.46410826086958 12.938994999999998, 125.22060013556002 12.88060804322859, 125.96477733208538 12.912010028078619, 126.70496375990942 12.965625141562855, 127.4400781036834 13.107840723055917, 128.1743323649569 13.274029959146626, 128.86762726406093 13.52022843183982, 129.56676897128142 13.792451711519064, 130.22856577395504 14.145945603083726, 130.8761291915493 14.518194635574238, 131.46957683957302 14.960186920549381, 132.05790452657584 15.426930235003372, 132.59375098288456 15.967870288805504, 133.08942484370755 16.49954009241642, 133.54649026828002 17.124507101525754, 133.95244379912197 17.716862963689188, 134.30913172205445 18.39884203711711, 134.62640462453936 19.054344423971532, 134.87338998589564 19.770956981664344, 135.09146599954514 20.47233659313161, 135.22758996415772 21.207506093189966, 135.27821894037007 21.538386614719382, 135.36466797758723 22.66708078602643, 135.36517072106787 22.68240933215067, 135.36669739781166 23.44320324281423, 135.31727816161006 23.864970862120867, 135.12272279196506 25.09590772006715, 134.9755508263198 25.635912744139635), (134.547 -49.922, 134.614 -49.788, 134.66 -49.646, 134.685 -49.499, 134.688 -49.349, 134.668 -49.201, 134.626 -49.058, 134.564 -48.922, 134.482 -48.797, 134.382 -48.686, 130.054 -44.53, 129.939 -44.435, 129.811 -44.358, 129.673 -44.301, 129.528 -44.265, 129.379 -44.251, 129.23 -44.26, 129.083 -44.29, 128.943 -44.343, 128.813 -44.415, 128.694 -44.506, 128.591 -44.614, 128.504 -44.736, 128.437 -44.87, 128.391 -45.012, 128.366 -45.159, 128.363 -45.309, 128.383 -45.457, 128.425 -45.6, 128.487 -45.736, 128.569 -45.861, 128.669 -45.972, 132.997 -50.128, 133.112 -50.223, 133.24 -50.3, 133.378 -50.357, 133.523 -50.393, 133.672 -50.407, 133.822 -50.398, 133.968 -50.367, 134.108 -50.315, 134.239 -50.243, 134.357 -50.151, 134.46 -50.044, 134.547 -49.922), (132.68510648072188 -8.767973092698943, 132.651 -8.779, 132.614651162791 -8.791236242228775, 132.68510648072188 -8.767973092698943), (131.9417142857131 -9.013428571428967, 132.2799379157439 -8.901752872404398, 132.224 -8.92, 132.027 -8.985, 131.9417142857131 -9.013428571428967), (118.138 -12.187, 118.035 -12.294, 117.948 -12.416, 117.881 -12.55, 117.835 -12.692, 117.81 -12.839, 117.807 -12.989, 117.827 -13.137, 117.869 -13.28, 117.931 -13.416, 118.013 -13.541, 118.113 -13.652, 122.441 -17.808, 122.556 -17.903, 122.684 -17.98, 122.822 -18.037, 122.967 -18.073, 123.116 -18.087, 123.265 -18.078, 123.412 -18.048, 123.552 -17.995, 123.682 -17.923, 123.801 -17.832, 123.904 -17.724, 123.991 -17.602, 124.058 -17.468, 124.104 -17.326, 124.129 -17.179, 124.132 -17.029, 124.112 -16.881, 124.07 -16.738, 124.008 -16.602, 123.926 -16.477, 123.826 -16.366, 119.498 -12.21, 119.383 -12.115, 119.255 -12.038, 119.117 -11.981, 118.972 -11.945, 118.823 -11.931, 118.674 -11.94, 118.527 -11.971, 118.387 -12.023, 118.257 -12.095, 118.138 -12.187), (111.885 -29.614, 112.034 -29.627, 112.183 -29.619, 112.329 -29.588, 112.469 -29.536, 112.6 -29.463, 112.719 -29.372, 112.822 -29.264, 112.908 -29.142, 112.976 -29.009, 113.022 -28.867, 113.047 -28.719, 113.049 -28.57, 113.03 -28.422, 112.988 -28.278, 112.926 -28.142, 112.843 -28.018, 112.744 -27.906, 110.12118448759695 -25.387418375797807, 110.63099569990291 -28.65072639907476, 111.358 -29.349, 111.474 -29.444, 111.602 -29.521, 111.74 -29.578, 111.885 -29.614), (109.20668359615377 -24.509260865437867, 109.20668216877623 -24.509259494786043, 108.87517832130175 -25.807774189567652, 108.85538293896647 -25.885325578008118, 109.20668359615377 -24.509260865437867), (93.525 -85.856, 93.543 -85.872, 93.49664315352688 -85.83042323651443, 93.525 -85.856), (97.954 -89.829, 106.884 -52.725, 106.24372163182466 -42.705334485935374, 99.76261997923349 -36.516548824410236, 88.888 -81.697, 92.703 -85.118, 92.9221304347845 -85.31469565217562, 92.994 -85.379, 93.08100000000341 -85.45730000000307, 93.46843080939982 -85.80506527415173, 93.474 -85.81, 93.48880645161259 -85.82335483870939, 93.543 -85.872, 97.954 -89.829), (99.36081081081007 39.25620270270351, 99.305 39.316, 99.211 39.417, 99.125 39.51, 99.069 39.57, 99.05 39.591, 102.90206080636113 39.63178358152207, 102.95520038535636 39.67398265895946, 103.011 39.723, 103.03925225225227 39.74072972972974, 103.061 39.758, 103.15840495867764 39.815504132231375, 103.207 39.846, 103.21897097944377 39.8512599758162, 103.227 39.856, 103.405 39.933, 103.592 39.986, 103.60044259471871 39.98723765786452, 103.614 39.991, 103.67585737051783 39.99829322709162, 103.783 40.014, 103.8125375096675 40.01440835266822, 103.843 40.018, 103.90496113602384 40.01568609865471, 104 40.017, 104.05198606595454 40.01019554110543, 104.084 40.009, 104.12981137724552 40.00000898203593, 104.191 39.992, 104.24477752161383 39.977445533141214, 104.298 39.967, 104.36561216545014 39.94474257907542, 104.409 39.933, 104.43134972677595 39.92310226385637, 104.459 39.914, 104.613 39.843, 104.6148221680877 39.84185018270402, 104.619 39.84, 104.774 39.743, 104.78261699485543 39.73596895511796, 104.8 39.725, 104.86239885222375 39.670870875179396, 104.88457842903063 39.65277342907317, 106.84342265894658 39.67351263526844, 106.81767828806395 40.07272201308843, 106.75639335080805 40.60806396500026, 106.58616619718309 41.3254850704226, 106.38803778040143 42.058560212514735, 106.11661837828336 42.73321740021679, 105.80928040558395 43.434460207925945, 105.43900119840995 44.063641763124, 105.03230637484877 44.70863832144434, 104.56755776786895 45.281433579091455, 104.07561421871534 45.85142344361742, 103.51665282083069 46.36127319694157, 102.96084593437945 46.83816922914356, 102.32854920708289 47.26173676304914, 101.70493182598457 47.65205135121881, 101.02885997357988 47.97058520475563, 100.34305027671803 48.2682196100312, 99.62882437191821 48.48168936370042, 98.90665713460866 48.67373383677997, 98.18352800276213 48.77689830386558, 97.42057597380382 48.86161370412003, 96.68698956924861 48.85523469190651, 95.934198671427 48.82599030337761, 95.20364337307963 48.709675604792494, 94.45786330891791 48.56692070150268, 93.76286912125964 48.345830556131055, 93.04647687822077 48.09382307205497, 92.36440991921012 47.75813016157993, 91.72420289440824 47.41888344139725, 91.0841058161566 46.97477699948324, 90.50698226936966 46.54710009969942, 89.9500793997351 46.021449369023195, 89.43615179997121 45.50557322859669, 88.96956006231257 44.910441033925785, 88.53090424826823 44.31367086431068, 88.16570815774938 43.669003138713606, 87.81435333544678 43.00163090439749, 87.55358047000563 42.320398418834934, 87.30202218700475 41.596976228209186, 87.19293762917933 41.09927793313069, 86.99069653806166 39.910658937252386, 86.95541397622617 39.378925783125574, 86.93815804025022 38.89282932252001, 87.01532171193608 37.69627798691128, 87.07660664919194 37.16093603499973, 87.24971250239776 36.43138267105407, 87.44244039544603 35.716456322291464, 87.7202543672039 35.024664618829746, 88.02271959441606 34.334539792074025, 88.39299880159004 33.70535823687601, 88.79969362515119 33.06036167855568, 89.26444223213107 32.48756642090852, 89.75638578128465 31.917576556382567, 90.30903220223118 31.41348693147935, 90.87469685729474 30.928560315288305, 91.50306117314737 30.50813298318401, 92.12530193714697 30.11868000303272, 92.80676386095945 29.79710255673659, 93.48927732610662 29.50068247515808, 94.199986991775 29.28826366446948, 94.92631943972515 29.095245214633593, 95.66821951219514 28.989975609756094, 96.40407865168538 28.908213483146067, 97.15847826086959 28.914272917757987, 97.89751217031665 28.942963658553126, 98.63430073377663 29.06027078078422, 99.37289001394669 29.201649246538842, 100.07393873953285 29.424508946672546, 100.78652312177923 29.67517692794503, 101.46293066666668 30.008084444444446, 102.1116888016903 30.35212284938122, 102.73320663719359 30.783338806912813, 103.32967122237496 31.225348366289516, 103.86616539306875 31.73173568839793, 104.4005427308708 32.26813910141438, 104.84742782137089 32.838135702746385, 105.20350609602175 33.32256309560473, 97.21234113162643 33.23786023855029, 97.286 33.202, 97.3134355544122 33.184418060200635, 97.332 33.175, 97.36280631276897 33.15277905308467, 97.428 33.111, 97.47246650124069 33.07367990074442, 97.515 33.043, 97.56032258064519 32.99994354838707, 97.596 32.97, 97.61696994991655 32.94612854757928, 97.655 32.91, 97.71425433526016 32.8353834296724, 97.755 32.789, 97.77010526315786 32.765052631579, 97.79 32.74, 97.84978899082573 32.63872477064214, 97.878 32.594, 97.88325997581619 32.582029020556256, 97.888 32.574, 97.965 32.396, 98.018 32.209, 98.02032452830188 32.193143396226446, 98.022 32.187, 98.02579487179489 32.155827838827776, 98.046 32.018, 98.04628062678063 31.98755199430199, 98.05 31.957, 98.04724044389643 31.883411837238164, 98.048 31.801, 98.0425 31.757, 98.041 31.717, 98.03128099173556 31.667247933884415, 98.024 31.609, 98.01003803486529 31.55850422609616, 97.999 31.502, 97.97035524171648 31.414984790874566, 97.964 31.392, 97.95928103044496 31.381344262295062, 97.946 31.341, 97.875 31.188, 97.86566666666653 31.17333333333311, 97.775 31.026, 97.7616 31.009799999999995, 97.756 31.001, 97.7066395939088 30.94335532994944, 97.641 30.864, 97.63077062434499 30.85475310675254, 97.613 30.834, 97.5026877502001 30.738971977582008, 97.464 30.704, 97.45633938294013 30.699045372050826, 97.447 30.691, 97.264 30.574, 97.054 30.481, 97.0520699162974 30.480474396848845, 97.051 30.48, 96.83 30.42, 96.613 30.395, 96.59766732311155 30.395492333661554, 96.593 30.395, 96.5575174973489 30.396781548250264, 96.395 30.402, 96.37228881941343 30.40608173291648, 96.354 30.407, 96.25595925925927 30.426988888888886, 96.178 30.441, 96.1639662418188 30.44574474681364, 96.148 30.449, 95.975 30.509, 95.97125737817431 30.51089869595059, 95.968 30.512, 95.817 30.586, 95.79254295532645 30.601563573883162, 95.77 30.613, 95.73575438596491 30.637701754385965, 95.674 30.677, 95.6295334987593 30.714320099255588, 95.587 30.745, 95.54167741935481 30.788056451612928, 95.506 30.818, 95.48580258899675 30.841137540453087, 95.447 30.878, 95.38025154639175 30.962053608247423, 95.348 30.999, 95.33629742612014 31.017403241182038, 95.312 31.048, 95.24923744911804 31.15431207598372, 95.224 31.194, 95.21884189723322 31.205798418972293, 95.214 31.214, 95.137 31.393, 95.084 31.58, 95.08195844986018 31.593853375948818, 95.08 31.601, 95.0757 31.636321428571456, 95.056 31.77, 95.05571937321938 31.80044800569801, 95.052 31.831, 95.05481509433963 31.89856226415086, 95.054 31.987, 95.06075 32.04099999999999, 95.062 32.071, 95.06925663716815 32.10905309734523, 95.078 32.179, 95.09280889332997 32.23255883087675, 95.103 32.286, 95.12910787172017 32.36384013605459, 95.138 32.396, 95.14580759702721 32.413630057803395, 95.157 32.447, 95.228 32.6, 95.22914981729596 32.60182216808768, 95.231 32.606, 95.328 32.762, 95.33761390095569 32.773710165073844, 95.346 32.787, 95.4072429319372 32.85852146596862, 95.461 32.924, 95.47125033567059 32.9332713710279, 95.489 32.954, 95.59757861635212 33.0475345911949, 95.639 33.085, 95.64723824102423 33.090313665460634, 95.655 33.097, 95.838 33.214, 95.85949834607537 33.223520696119095, 95.433 33.219, 96.521 34.143, 97.903 34.224, 101.333 37.134, 100.766 37.745, 99.97 38.6, 99.36081081081007 39.25620270270351), (101.79654004480318 38.61938357218688, 99.97119943536335 38.60001272862427, 100.766 37.745, 101.79654004480318 38.61938357218688), (103.55962691928536 39.638745543578416, 104.24110085446384 39.6459606290061, 104.241 39.646, 104.048 39.686, 103.853 39.693, 103.716 39.679, 103.55962691928536 39.638745543578416), (99.682 -0.392, 99.732 -0.511, 99.844 -0.698, 99.94 -0.812, 100.076 -0.933, 100.263 -1.05, 100.48 -1.134, 100.615 -1.162, 100.762 -1.175, 100.922 -1.168, 101.098 -1.134, 101.282 -1.067, 101.454 -0.969, 101.609 -0.843, 101.74 -0.692, 101.842 -0.523, 101.914 -0.342, 101.947 -0.208, 101.965 0, 101.958 0.134, 101.935 0.266, 101.898 0.392, 101.848 0.511, 101.736 0.698, 101.64 0.812, 101.504 0.933, 101.317 1.05, 101.1 1.134, 100.965 1.162, 100.818 1.175, 100.658 1.168, 100.482 1.134, 100.298 1.067, 100.126 0.969, 99.971 0.843, 99.84 0.692, 99.738 0.523, 99.666 0.342, 99.633 0.208, 99.615 0, 99.622 -0.134, 99.645 -0.266, 99.682 -0.392), (99.63666666666734 38.959888888888166, 99.58 39.021, 99.50157894736984 39.10521052631427, 99.63666666666734 38.959888888888166), (95.391 31.704, 95.443 31.501, 95.496 31.377, 95.561 31.261, 95.638 31.154, 95.725 31.058, 95.893 30.92, 96.021 30.845, 96.19 30.776, 96.406 30.728, 96.638 30.722, 96.775 30.74, 96.918 30.778, 97.066 30.838, 97.22 30.928, 97.372 31.053, 97.501 31.203, 97.605 31.373, 97.678 31.56, 97.718 31.753, 97.725 31.947, 97.711 32.084, 97.659 32.287, 97.607 32.411, 97.541 32.527, 97.464 32.634, 97.377 32.73, 97.209 32.868, 97.081 32.943, 96.912 33.012, 96.697 33.06, 96.464 33.066, 96.327 33.048, 96.184 33.011, 96.036 32.951, 95.882 32.86, 95.73 32.735, 95.601 32.585, 95.498 32.415, 95.424 32.228, 95.384 32.035, 95.377 31.841, 95.391 31.704), (92.208 6.762, 92.261 6.528, 92.348 6.306, 92.468 6.099, 92.617 5.912, 92.792 5.749, 92.99 5.614, 93.205 5.511, 93.434 5.44, 93.67 5.404, 93.91 5.404, 94.146 5.44, 94.375 5.511, 94.59 5.614, 94.788 5.749, 94.963 5.912, 95.112 6.099, 95.232 6.306, 95.319 6.528, 95.372 6.762, 95.39 7, 95.372 7.238, 95.319 7.472, 95.232 7.694, 95.112 7.901, 94.963 8.088, 94.788 8.251, 94.59 8.386, 94.375 8.489, 94.146 8.56, 93.91 8.596, 93.67 8.596, 93.434 8.56, 93.205 8.489, 92.99 8.386, 92.792 8.251, 92.617 8.088, 92.468 7.901, 92.348 7.694, 92.261 7.472, 92.208 7.238, 92.19 7, 92.208 6.762), (92.208 -7.238, 92.261 -7.472, 92.348 -7.694, 92.468 -7.901, 92.617 -8.088, 92.792 -8.251, 92.99 -8.386, 93.205 -8.489, 93.434 -8.56, 93.67 -8.596, 93.91 -8.596, 94.146 -8.56, 94.375 -8.489, 94.59 -8.386, 94.788 -8.251, 94.963 -8.088, 95.112 -7.901, 95.232 -7.694, 95.319 -7.472, 95.372 -7.238, 95.39 -7, 95.372 -6.762, 95.319 -6.528, 95.232 -6.306, 95.112 -6.099, 94.963 -5.912, 94.788 -5.749, 94.59 -5.614, 94.375 -5.511, 94.146 -5.44, 93.91 -5.404, 93.67 -5.404, 93.434 -5.44, 93.205 -5.511, 92.99 -5.614, 92.792 -5.749, 92.617 -5.912, 92.468 -6.099, 92.348 -6.306, 92.261 -6.528, 92.208 -6.762, 92.19 -7, 92.208 -7.238), (93.398 -34.941, 93.547 -34.955, 93.697 -34.947, 93.843 -34.916, 93.983 -34.865, 94.114 -34.792, 94.233 -34.702, 94.336 -34.594, 94.423 -34.472, 94.491 -34.339, 94.538 -34.197, 95.07539954088799 -32.04073526736742, 93.41054611458053 -30.450971433135116, 92.597 -33.713, 92.572 -33.86, 92.569 -34.01, 92.588 -34.158, 92.629 -34.302, 92.691 -34.438, 92.773 -34.563, 92.873 -34.674, 92.988 -34.77, 93.115 -34.847, 93.253 -34.905, 93.398 -34.941), (93.31286516853929 -85.66559550561794, 93.395 -85.74, 93.4633672955979 -85.80057861635258, 93.31286516853929 -85.66559550561794), (93.15689966555223 -85.52571237458228, 93.226 -85.588, 93.30360000000006 -85.65728571428576, 93.15689966555223 -85.52571237458228), (75.569 -123.109, 75.448 -123.34, 75.179 -123.759, 74.862 -124.142, 74.695 -124.311, 74.359 -124.6, 70.907 -138.941, 71.162 -139.158, 71.301 -139.306, 71.594 -139.663, 71.833 -140.058, 71.926 -140.238, 72.088 -140.67, 72.147 -140.865, 72.187 -141.064, 72.248 -141.521, 72.252 -141.725, 72.228 -142.185, 72.138 -142.638, 72.085 -142.834, 72.015 -143.025, 71.826 -143.446, 71.579 -143.836, 71.459 -144, 71.144 -144.337, 70.996 -144.476, 70.836 -144.601, 70.454 -144.86, 70.039 -145.061, 69.85 -145.137, 69.386 -145.263, 69.332 -145.488, 74.666 -150.272, 75.292 -150.834, 76.15 -149.543, 77.57645428157308 -147.39886647314108, 77.583 -147.389, 77.752 -147.135, 79.725 -139.634, 81.235 -133.895, 81.271 -133.835, 81.28742105263139 -133.80847368421084, 81.318 -133.758, 84.396 -128.693, 89.982 -105.484, 88.806 -104.428, 88.784 -104.409, 88.719 -104.351, 88.615 -104.257, 88.536 -104.187, 88.427 -104.089, 88.28 -103.957, 88.126 -103.819, 87.966 -103.675, 80.917 -97.352, 77.006 -113.602, 77.122 -113.857, 77.287 -114.337, 77.35 -114.595, 77.424 -115.096, 77.438 -115.338, 77.422 -115.844, 77.389 -116.108, 77.317 -116.475, 75.865 -122.297, 75.759 -122.649, 75.569 -123.109), (85.37 -63.41, 85.432 -63.546, 85.514 -63.671, 85.613 -63.783, 85.728 -63.878, 85.856 -63.956, 85.994 -64.013, 86.139 -64.049, 86.288 -64.063, 86.437 -64.055, 86.584 -64.025, 86.724 -63.973, 86.855 -63.901, 86.974 -63.81, 87.077 -63.703, 87.164 -63.581, 87.232 -63.448, 87.278 -63.306, 88.73 -57.484, 88.756 -57.337, 88.759 -57.187, 88.739 -57.039, 88.698 -56.895, 88.636 -56.759, 88.554 -56.634, 88.455 -56.523, 88.34 -56.427, 88.212 -56.35, 88.074 -56.292, 87.929 -56.256, 87.78 -56.242, 87.631 -56.25, 87.484 -56.281, 87.344 -56.332, 87.213 -56.405, 87.095 -56.495, 86.991 -56.603, 86.904 -56.725, 86.837 -56.858, 86.79 -57, 85.338 -62.822, 85.313 -62.969, 85.31 -63.118, 85.329 -63.267, 85.37 -63.41), (85.645 -0.266, 85.682 -0.392, 85.732 -0.511, 85.844 -0.698, 85.94 -0.812, 86.076 -0.933, 86.263 -1.05, 86.48 -1.134, 86.615 -1.162, 86.762 -1.175, 86.922 -1.168, 87.098 -1.134, 87.282 -1.067, 87.454 -0.969, 87.609 -0.843, 87.74 -0.692, 87.842 -0.523, 87.914 -0.342, 87.947 -0.208, 87.965 0, 87.958 0.134, 87.935 0.266, 87.898 0.392, 87.848 0.511, 87.736 0.698, 87.64 0.812, 87.504 0.933, 87.317 1.05, 87.1 1.134, 86.965 1.162, 86.818 1.175, 86.658 1.168, 86.482 1.134, 86.298 1.067, 86.126 0.969, 85.971 0.843, 85.84 0.692, 85.738 0.523, 85.666 0.342, 85.633 0.208, 85.615 0, 85.622 -0.134, 85.645 -0.266), (83.695 56.022, 83.64633002089538 55.089392162984446, 84.67115409116724 55.94232151904298, 83.45144628751655 56.04233649289126, 83.695 56.022), (82.206 24.378, 82.15649774414204 24.406780381312764, 82.148 24.35, 82.147 24.2, 82.169 24.052, 82.213 23.909, 82.277 23.775, 82.361 23.651, 82.462 23.541, 82.579 23.448, 82.63009124213546 23.41297219952199, 82.635 23.474, 82.636 23.624, 82.615 23.772, 82.571 23.915, 82.507 24.05, 82.424 24.174, 82.323 24.284, 82.206 24.378), (78.111 -92.519, 78.173 -92.655, 78.255 -92.78, 78.354 -92.891, 78.469 -92.987, 78.597 -93.064, 78.735 -93.122, 78.88 -93.158, 79.029 -93.172, 79.178 -93.164, 79.325 -93.133, 79.465 -93.082, 79.596 -93.009, 79.714 -92.919, 79.818 -92.811, 79.905 -92.689, 79.972 -92.556, 80.019 -92.414, 81.471 -86.592, 81.496 -86.445, 81.499 -86.296, 81.48 -86.147, 81.439 -86.004, 81.377 -85.868, 81.295 -85.743, 81.196 -85.631, 81.081 -85.536, 80.953 -85.458, 80.815 -85.401, 80.67 -85.365, 80.521 -85.351, 80.372 -85.359, 80.225 -85.389, 80.085 -85.441, 79.954 -85.513, 79.836 -85.604, 79.732 -85.711, 79.645 -85.833, 79.578 -85.967, 79.531 -86.108, 78.079 -91.93, 78.054 -92.077, 78.051 -92.227, 78.07 -92.375, 78.111 -92.519), (74.143 45.916, 74.02 45.829, 73.912 45.723, 73.82 45.603, 73.748 45.471, 73.696 45.329, 73.666 45.181, 73.658 45.03, 73.672 44.88, 73.709 44.734, 73.768 44.595, 73.846 44.465, 73.943 44.35, 74.056 44.249, 74.182 44.167, 74.32 44.105, 74.465 44.064, 74.615 44.044, 74.615 44.055, 76.56743171800724 43.953012161592746, 77.16454835570462 45.924305801846536, 74.72 46.052, 74.72 46.062, 74.569 46.059, 74.421 46.033, 74.277 45.985, 74.143 45.916), (75.747 -155.583, 76.125 -154.103, 76.23790551182884 -153.66048818890658, 76.115 -154.142, 75.747 -155.583), (72.206 -122.19, 72.337 -122.118, 72.455 -122.027, 72.559 -121.92, 72.646 -121.798, 72.713 -121.665, 72.76 -121.523, 74.212 -115.701, 74.237 -115.554, 74.24 -115.404, 74.221 -115.256, 74.18 -115.112, 74.118 -114.976, 74.036 -114.851, 73.937 -114.74, 73.822 -114.644, 73.694 -114.567, 73.556 -114.509, 73.411 -114.473, 73.262 -114.459, 73.113 -114.467, 72.966 -114.498, 72.826 -114.55, 72.695 -114.622, 72.576 -114.712, 72.473 -114.82, 72.386 -114.942, 72.318 -115.075, 72.272 -115.217, 70.82 -121.039, 70.795 -121.186, 70.792 -121.335, 70.811 -121.484, 70.852 -121.627, 70.914 -121.763, 70.996 -121.888, 71.095 -122, 71.21 -122.095, 71.338 -122.173, 71.476 -122.23, 71.621 -122.266, 71.77 -122.28, 71.919 -122.272, 72.066 -122.242, 72.206 -122.19), (70.913 -60.184, 71.059 -60.153, 71.199 -60.102, 71.33 -60.029, 71.449 -59.939, 71.553 -59.831, 71.64 -59.709, 71.707 -59.576, 71.754 -59.434, 73.206 -53.612, 73.231 -53.465, 73.234 -53.316, 73.215 -53.167, 73.173 -53.024, 73.111 -52.888, 73.03 -52.763, 72.93 -52.651, 72.815 -52.556, 72.687 -52.478, 72.549 -52.421, 72.404 -52.385, 72.255 -52.371, 72.106 -52.379, 71.96 -52.409, 71.82 -52.461, 71.689 -52.533, 71.57 -52.624, 71.466 -52.731, 71.38 -52.853, 71.312 -52.987, 71.265 -53.128, 69.813 -58.95, 69.788 -59.097, 69.785 -59.247, 69.804 -59.395, 69.846 -59.539, 69.908 -59.675, 69.99 -59.8, 70.089 -59.911, 70.204 -60.007, 70.332 -60.084, 70.47 -60.142, 70.615 -60.178, 70.764 -60.192, 70.913 -60.184), (71.60116762957917 22.330662012066835, 71.5386068292683 23.052778536585276, 71.44968000784627 23.811211887104218, 71.33435130569077 24.29136261556249, 71.183 24.442, 71.005 24.682, 70.864 24.946, 70.765 25.228, 70.708 25.521, 70.696 25.82, 70.72798838747612 26.107895487285017, 70.49851393131291 26.627252410422585, 70.11653745839543 27.272747475037427, 69.71519345965773 27.90507722086385, 69.25177439024385 28.47294947735198, 68.75235309846813 29.04779357645709, 68.20809691844512 29.541409840904336, 67.95478925685934 29.757512243488513, 66.562 30.308, 64.98 30.687, 63.36 30.839, 61.735 30.76, 60.138 30.453, 58.599 29.924, 57.151 29.183, 55.822 28.245, 54.639 27.129, 53.624 25.857, 53.288 25.425, 53.039 25.123, 52.691 24.786, 52.357 24.479, 51.926 24.167, 51.859017881547885 24.121348496650196, 51.83394160209748 24.005410381849433, 51.71434328998949 23.357108092230874, 51.63014903702937 21.826482884119876, 51.62907892336285 21.793855336818137, 51.693049300060856 21.0496999391358, 51.78013815410018 20.30644161586916, 51.955000513467525 19.57793195821841, 52.14992462579717 18.86271422290201, 52.437001347274695 18.15523867264154, 52.73119137065419 17.489414563436632, 53.12252967476115 16.82896697934011, 53.51130674409126 16.21643681517707, 53.994701219512265 15.624086759581798, 54.47393085476025 15.072483669214739, 55.032394898345046 14.56598150141064, 55.59659167372624 14.085075638388004, 56.2141490984744 13.674032593619932, 56.85480193110941 13.275707073565544, 57.53202146230651 12.959104441920223, 58.20982672035469 12.66664036556124, 58.934659905727784 12.451668904442215, 59.654532670003476 12.262490722958976, 60.37541116048241 12.162152230365285, 61.140069953339236 12.079820193449342, 61.867018377928666 12.088086496605209, 62.62629154644583 12.119616929591185, 63.370172413793135 12.240655172413799, 64.09504068383467 12.381478251460722, 64.80417948866602 12.608721607049688, 65.51179350260827 12.859826651032032, 66.18769850675518 13.195002844275908, 66.8342374313477 13.540346852555977, 67.4662494377428 13.981621140870994, 68.04595748412459 14.413380344723313, 68.59577875903193 14.934797568528424, 69.11686747151387 15.460839595767816, 69.58287710843366 16.059342168674615, 70.01227531216068 16.646478488056452, 70.39044050956883 17.318714848524134, 70.72672664231644 17.962615319464263, 70.99523220667827 18.67035545798026, 71.003417867341 18.69410563973887, 71.32462039839652 19.778528082199752, 71.39210772349021 20.08956588018678, 71.51570923908133 20.76002428579167, 71.5998375324002 22.29010762052868, 71.60116762957917 22.330662012066835), (67.314 -141.34, 67.269 -141.545, 67.255 -141.753, 67.273 -141.962, 67.321 -142.166, 67.399 -142.36, 67.505 -142.54, 67.637 -142.703, 67.792 -142.844, 67.965 -142.96, 68.155 -143.049, 68.355 -143.109, 68.562 -143.139, 68.772 -143.137, 68.978 -143.104, 69.178 -143.041, 69.365 -142.948, 69.537 -142.829, 69.689 -142.685, 69.819 -142.521, 69.922 -142.338, 69.996 -142.143, 70.041 -141.939, 70.055 -141.73, 70.038 -141.521, 69.989 -141.318, 69.911 -141.124, 69.805 -140.943, 69.673 -140.781, 69.519 -140.64, 69.345 -140.523, 69.156 -140.434, 68.955 -140.374, 68.748 -140.345, 68.539 -140.347, 68.332 -140.379, 68.133 -140.443, 67.945 -140.535, 67.773 -140.654, 67.621 -140.798, 67.492 -140.963, 67.389 -141.145, 67.314 -141.34), (67.62381750277581 -129.1869712829312, 67.6006531678641 -129.56411561071275, 67.625 -129.201, 67.62381750277581 -129.1869712829312), (67.5797625206798 -128.67379440517365, 67.60844954128463 -129.00465137614944, 67.581 -128.679, 67.5797625206798 -128.67379440517365), (67.59084048650192 -129.71046474417156, 67.53620746887957 -129.96794813278052, 67.59 -129.723, 67.59084048650192 -129.71046474417156), (53.028537470725944 -128.70843185011697, 53.10090297126562 -128.8887889437697, 53.13366736694678 -128.97044789915967, 53.234083423880264 -129.16941180731624, 53.262906912199846 -129.2181733477065, 53.381247875028684 -129.4183742246726, 53.498059789473714 -129.5877730526316, 53.68148760330569 -129.8146883116882, 53.830458479021026 -129.9775384615385, 54.047968128600544 -130.17537669578138, 54.20027784827169 -130.30237063098403, 54.42976465461674 -130.4562431209527, 54.46633934252351 -130.48076670201462, 54.62432346525407 -130.57906793393585, 54.924124433024645 -130.72041173058034, 54.92552173042288 -130.7210704986983, 55.080770329331976 -130.79050507848564, 55.561 -130.934, 63.375 -132.649, 63.873698147745856 -132.71927985479817, 64.0318730930799 -132.72093787309308, 64.36933614170782 -132.71835689375365, 64.57427920227894 -132.6928471035138, 64.86800748605908 -132.6461693529906, 65.07384128512655 -132.59080407948872, 65.34930284052778 -132.50303176023263, 65.54639764705902 -132.42016235294108, 65.81044481236202 -132.2901092715232, 65.98684623082065 -132.18581354236153, 66.23399188092007 -132.01453585926936, 66.39443987667023 -131.88712127440894, 66.61402152190611 -131.6796744043045, 66.75385497066357 -131.5330611519709, 66.94654775702939 -131.28727344923803, 67.05613576873293 -131.1361985473896, 67.21511328349624 -130.8558312248419, 67.30349435046699 -130.68932760760237, 67.44450960799382 -130.32057647963114, 67.4663823529412 -130.26154642097796, 67.49757592545957 -130.049580458323, 67.51920377733599 -129.787643141153, 67.51970773930753 -129.4998808553972, 67.50465882094149 -129.22599054113508, 67.46375563166907 -128.9406781715189, 67.41315901926444 -128.67893800350262, 67.33271404231158 -128.4016811018034, 67.2626732689601 -128.19553837114395, 67.24477658965053 -128.14286518999418, 67.11888545551426 -127.86717954182234, 67.00870289361171 -127.64726414275971, 66.84095578710229 -127.38444212897784, 66.69639804098767 -127.17413392414659, 66.49723473644283 -126.9434675767917, 66.32943258104228 -126.7587940090275, 66.09697637010677 -126.5565409252669, 65.89770828785174 -126.39087862410477, 65.66450649350651 -126.24044155844156, 65.411 -126.082, 64.912 -125.858, 64.386 -125.704, 57.54815810887584 -124.20387550593358, 57.008 -124.124, 56.461 -124.118, 56.209306397306285 -124.14998316498317, 55.88464969665003 -124.19595225534158, 55.750680079882514 -124.23191385379334, 55.6569109026963 -124.25708440797187, 55.340728633189165 -124.34940039906886, 55.13478299120254 -124.43643695014654, 54.83003114186856 -124.57474740484426, 54.629494208494094 -124.69421621621629, 54.352420089064836 -124.87200544285007, 54.17524806722691 -125.01357747899159, 53.92310666062233 -125.23128290645342, 53.75940423120509 -125.40366981488484, 53.55295414251623 -125.64039924991472, 53.40452505651848 -125.84699020346643, 53.23778579319486 -126.1060026513478, 53.119661971831015 -126.33020629660311, 52.99422222222222 -126.60322222222224, 52.90640979955455 -126.84330512249447, 52.8440041874868 -127.05440558800757, 52.837526517571895 -127.13773993610208, 52.812998812351545 -127.51431235154394, 52.822891061452516 -127.68907541899446, 52.849837975219735 -128.01557174626706, 52.889710041976095 -128.21621827575066, 52.92152168750534 -128.3500375119026, 52.95741717968849 -128.50103590464002, 53.028537470725944 -128.70843185011697), (67.45971998992316 -128.1693035646807, 67.46918375499338 -128.2086324900135, 67.46 -128.17, 67.45971998992316 -128.1693035646807), (67.265 -127.685, 67.26198771329317 -127.67987342903857, 67.32880514705862 -127.84369485294067, 67.265 -127.685), (66.99684347826087 -127.23011652173912, 67.12833333333285 -127.45240880503061, 67 -127.234, 66.99684347826087 -127.23011652173912), (60.55 -8.546, 60.699 -8.556, 60.848 -8.542, 60.993 -8.507, 61.131 -8.451, 66.502 -5.775, 66.63 -5.699, 66.746 -5.604, 66.846 -5.493, 66.928 -5.368, 66.94348160821794 -5.335343482665274, 65.504 -4.097, 65.45435159845336 -4.062563337530502, 60.24 -6.661, 60.111 -6.737, 59.995 -6.832, 59.895 -6.943, 59.813 -7.067, 59.75 -7.203, 59.708 -7.346, 59.687 -7.494, 59.689 -7.644, 59.714 -7.791, 59.76 -7.934, 59.826 -8.067, 59.912 -8.19, 60.015 -8.298, 60.133 -8.389, 60.264 -8.462, 60.404 -8.515, 60.55 -8.546), (66.85499999999973 -127.05560606060573, 66.67 -126.828, 66.66638008820404 -126.82468956252856, 66.85499999999973 -127.05560606060573), (66.51338902147741 -126.68477804295732, 66.284 -126.475, 66.28133542435422 -126.47321749077489, 66.51338902147741 -126.68477804295732), (66.17431088083053 -126.40162176165904, 65.849 -126.184, 65.376 -125.961, 64.875 -125.811, 65.374 -125.961, 65.846 -126.183, 66.17431088083053 -126.40162176165904), (63.356 -89.286, 63.505 -89.3, 63.654 -89.292, 63.8 -89.262, 63.94 -89.21, 64.071 -89.138, 64.19 -89.047, 64.294 -88.94, 64.38 -88.818, 64.448 -88.685, 64.495 -88.543, 65.947 -82.721, 65.972 -82.574, 65.975 -82.424, 65.956 -82.276, 65.914 -82.132, 65.852 -81.996, 65.771 -81.871, 65.671 -81.76, 65.556 -81.664, 65.428 -81.587, 65.29 -81.529, 65.145 -81.493, 64.996 -81.479, 64.847 -81.487, 64.701 -81.518, 64.561 -81.569, 64.43 -81.642, 64.311 -81.732, 64.207 -81.84, 64.121 -81.962, 64.053 -82.095, 64.006 -82.237, 62.554 -88.059, 62.529 -88.206, 62.526 -88.355, 62.545 -88.504, 62.587 -88.647, 62.649 -88.783, 62.73 -88.908, 62.83 -89.02, 62.945 -89.115, 63.073 -89.193, 63.211 -89.25, 63.356 -89.286), (61.625 -147.622, 61.604 -147.77, 61.605 -147.919, 61.629 -148.067, 61.674 -148.209, 61.74 -148.343, 61.825 -148.466, 61.928 -148.575, 62.046 -148.667, 62.176 -148.741, 62.315 -148.794, 62.461 -148.826, 62.61 -148.836, 62.759 -148.823, 62.905 -148.789, 63.043 -148.733, 63.172 -148.657, 63.288 -148.563, 63.389 -148.453, 63.472 -148.329, 63.536 -148.193, 63.576726108143625 -148.0575620124526, 64.86662810015424 -142.17852577034142, 64.886 -142.042, 64.884 -141.892, 64.861 -141.745, 64.816 -141.602, 64.75 -141.468, 64.664 -141.345, 64.562 -141.237, 64.444 -141.144, 64.314 -141.071, 64.174 -141.017, 64.028 -140.985, 63.879 -140.975, 63.73 -140.988, 63.585 -141.022, 63.446 -141.078, 63.317 -141.154, 63.201 -141.248, 63.101 -141.358, 63.018 -141.483, 62.954 -141.618, 62.911 -141.761, 61.625 -147.622), (63.579 -148.05, 64.865 -142.19, 63.57870631472459 -148.050976674288, 63.579 -148.05), (62.116 -183.199, 62.071 -183.403, 62.057 -183.612, 62.074 -183.82, 62.123 -184.024, 62.201 -184.218, 62.307 -184.399, 62.439 -184.561, 62.593 -184.702, 62.767 -184.818, 62.956 -184.908, 63.157 -184.968, 63.364 -184.997, 63.573 -184.995, 63.78 -184.962, 63.979 -184.899, 64.167 -184.807, 64.339 -184.687, 64.491 -184.544, 64.62 -184.379, 64.723 -184.197, 64.798 -184.002, 64.843 -183.797, 64.857 -183.588, 64.839 -183.38, 64.791 -183.176, 64.713 -182.982, 64.607 -182.802, 64.475 -182.639, 64.321 -182.498, 64.147 -182.382, 63.957 -182.293, 63.757 -182.233, 63.55 -182.203, 63.341 -182.205, 63.134 -182.238, 62.934 -182.301, 62.747 -182.394, 62.575 -182.513, 62.423 -182.657, 62.294 -182.821, 62.19 -183.003, 62.116 -183.199), (60.379 -174.169, 60.67 -174.306, 60.978 -174.399, 61.296 -174.444, 61.617 -174.441, 61.935 -174.39, 62.241 -174.293, 62.529 -174.151, 62.793 -173.968, 63.027 -173.748, 63.225 -173.495, 63.384 -173.215, 63.498 -172.915, 63.567 -172.601, 63.589 -172.28, 63.562 -171.96, 63.488 -171.647, 63.368 -171.349, 63.205 -171.072, 63.002 -170.823, 62.765 -170.606, 62.498 -170.428, 62.207 -170.291, 61.9 -170.198, 61.581 -170.153, 61.26 -170.156, 60.943 -170.206, 60.636 -170.304, 60.348 -170.446, 60.084 -170.629, 59.85 -170.849, 59.652 -171.102, 59.494 -171.382, 59.379 -171.682, 59.31 -171.996, 59.289 -172.317, 59.316 -172.637, 59.39 -172.949, 59.51 -173.248, 59.673 -173.525, 59.875 -173.774, 60.112 -173.991, 60.379 -174.169), (28.323307692307676 -55.392461538462186, 28.320601990049756 -55.501462686566995, 28.32 -55.543, 28.319 -55.566, 28.174 -61.49, 59.62936981918817 -45.4936910220732, 63.01587499851019 -31.749535057519097, 28.472 -49.315, 28.347 -54.438, 28.344 -54.571, 28.34244036697248 -54.62168807339444, 28.332430622009564 -55.02493779904326, 28.33 -55.141, 28.327 -55.253, 28.324 -55.368, 28.323307692307676 -55.392461538462186), (55.329 -194.494, 55.566 -194.711, 55.833 -194.89, 56.124 -195.027, 56.432 -195.119, 56.75 -195.164, 57.071 -195.161, 57.388 -195.111, 57.695 -195.013, 57.983 -194.872, 58.247 -194.688, 58.481 -194.468, 58.679 -194.215, 58.837 -193.935, 58.952 -193.635, 59.021 -193.321, 59.042 -193.001, 59.016 -192.68, 58.942 -192.368, 58.822 -192.07, 58.659 -191.793, 58.456 -191.543, 58.219 -191.327, 57.952 -191.148, 57.661 -191.011, 57.353 -190.919, 57.035 -190.874, 56.714 -190.876, 56.396 -190.927, 56.09 -191.024, 55.802 -191.166, 55.538 -191.349, 55.304 -191.57, 55.106 -191.823, 54.948 -192.102, 54.833 -192.402, 54.764 -192.716, 54.743 -193.037, 54.769 -193.357, 54.843 -193.67, 54.963 -193.968, 55.126 -194.245, 55.329 -194.494), (56.097 -118.395, 56.245 -118.409, 56.395 -118.401, 56.541 -118.37, 56.681 -118.319, 56.812 -118.246, 56.931 -118.156, 57.035 -118.048, 57.121 -117.926, 57.189 -117.793, 57.236 -117.651, 58.688 -111.829, 58.713 -111.682, 58.716 -111.533, 58.696 -111.384, 58.655 -111.241, 58.593 -111.105, 58.511 -110.98, 58.412 -110.868, 58.297 -110.773, 58.169 -110.695, 58.031 -110.638, 57.886 -110.602, 57.737 -110.588, 57.588 -110.596, 57.442 -110.626, 57.302 -110.678, 57.171 -110.75, 57.052 -110.841, 56.948 -110.948, 56.861 -111.07, 56.794 -111.204, 56.747 -111.345, 55.295 -117.167, 55.27 -117.315, 55.267 -117.464, 55.286 -117.612, 55.327 -117.756, 55.39 -117.892, 55.471 -118.017, 55.571 -118.128, 55.686 -118.224, 55.814 -118.301, 55.952 -118.359, 56.097 -118.395), (56.543 -124.023, 56.5349227799228 -124.02307722007721, 56.54310181818182 -124.02301454545454, 56.543 -124.023), (55.503 -124.11, 55.081164705879786 -124.24383529411847, 55.50668417666705 -124.10941566250155, 55.503 -124.11), (55.01043977255726 -124.26627412838545, 55.005 -124.268, 54.574330543928404 -124.47966945606923, 55.01043977255726 -124.26627412838545), (44.373 -176.342, 43.82 -177.047, 43.378 -177.828, 43.057 -178.665, 42.865 -179.541, 42.806 -180.436, 42.88 -181.33, 43.087 -182.202, 43.422 -183.034, 43.877 -183.807, 44.442 -184.503, 45.104 -185.108, 45.849 -185.607, 46.66 -185.989, 47.52 -186.246, 48.407 -186.372, 49.304 -186.365, 50.19 -186.224, 51.044 -185.952, 51.849 -185.556, 52.586 -185.045, 53.238 -184.429, 53.791 -183.724, 54.233 -182.943, 54.554 -182.106, 54.746 -181.23, 54.805 -180.335, 54.731 -179.441, 54.524 -178.569, 54.189 -177.737, 53.734 -176.964, 53.169 -176.268, 52.507 -175.663, 51.762 -175.164, 50.95 -174.782, 50.091 -174.525, 49.203 -174.399, 48.307 -174.406, 47.421 -174.547, 46.567 -174.819, 45.762 -175.215, 45.025 -175.726, 44.373 -176.342), (54.31766666666648 -124.65047474747487, 54.54265698008551 -124.4952366757452, 54.535 -124.499, 54.31766666666648 -124.65047474747487), (54.106 -124.798, 54.01463775510286 -124.88408673469311, 54.10806249999997 -124.79656250000002, 54.106 -124.798), (53.725 -125.157, 53.59023841059577 -125.32847682119238, 53.7292522967125 -125.1529932427302, 53.725 -125.157), (50.638 -165.954, 50.686 -166.158, 50.764 -166.352, 50.87 -166.532, 51.002 -166.695, 51.157 -166.836, 51.33 -166.952, 51.52 -167.041, 51.72 -167.101, 51.927 -167.131, 52.137 -167.129, 52.343 -167.096, 52.543 -167.033, 52.73 -166.941, 52.902 -166.821, 53.054 -166.678, 53.183 -166.513, 53.287 -166.331, 53.361 -166.135, 53.406 -165.931, 53.42 -165.722, 53.403 -165.514, 53.354 -165.31, 53.276 -165.116, 53.17 -164.936, 53.038 -164.773, 52.884 -164.632, 52.71 -164.516, 52.521 -164.427, 52.32 -164.367, 52.113 -164.337, 51.904 -164.339, 51.697 -164.372, 51.498 -164.435, 51.31 -164.527, 51.138 -164.647, 50.986 -164.79, 50.857 -164.955, 50.754 -165.137, 50.679 -165.333, 50.634 -165.537, 50.62 -165.746, 50.638 -165.954), (53.40623385715348 -125.56261264616074, 53.402 -125.568, 53.26196284829743 -125.81592569659404, 53.40623385715348 -125.56261264616074), (53.05314035087709 -126.26321052631607, 53.14999375433727 -126.01415891741846, 53.145 -126.023, 53.05314035087709 -126.26321052631607), (52.818 26.449, 52.836 26.475, 52.854 26.5, 53.028 26.744, 52.637 26.197, 52.692 26.272, 52.747 26.347, 52.8 26.423, 52.818 26.449), (52.4187974380408 25.930718907439616, 52.41834401385581 25.92952374972937, 52.521 26.051, 52.637 26.197, 52.4187974380408 25.930718907439616), (52.958 -126.512, 52.90942909625266 -126.73164364437957, 52.96082229560641 -126.50461977245168, 52.958 -126.512), (50.748 -138.292, 50.62 -138.368, 50.503 -138.462, 50.403 -138.572, 50.32 -138.697, 50.256 -138.832, 50.213 -138.975, 48.927 -144.836, 48.906 -144.984, 48.907 -145.133, 48.931 -145.281, 48.976 -145.423, 49.042 -145.557, 49.127 -145.68, 49.23 -145.789, 49.348 -145.881, 49.478 -145.954, 49.617 -146.008, 49.763 -146.04, 49.912 -146.05, 50.061 -146.037, 50.207 -146.003, 50.345 -145.947, 50.474 -145.871, 50.59 -145.777, 50.691 -145.667, 50.774 -145.543, 50.838 -145.407, 50.881 -145.264, 52.167 -139.404, 52.188 -139.256, 52.186 -139.106, 52.163 -138.959, 52.118 -138.816, 52.052 -138.682, 51.966 -138.559, 51.864 -138.451, 51.746 -138.358, 51.616 -138.285, 51.477 -138.231, 51.331 -138.199, 51.181 -138.189, 51.032 -138.202, 50.887 -138.236, 50.748 -138.292), (51.49049340449992 40.45187330373789, 50.35944575605043 40.68246149522046, 50.528 40.648, 50.36871037423613 39.728806188100265, 51.441 40.429, 51.49049340449992 40.45187330373789), (46.865 -138.378, 47.074 -138.376, 47.281 -138.343, 47.481 -138.28, 47.668 -138.188, 47.84 -138.068, 47.992 -137.925, 48.121 -137.76, 48.225 -137.578, 48.299 -137.382, 48.344 -137.178, 48.358 -136.969, 48.341 -136.761, 48.292 -136.557, 48.214 -136.363, 48.108 -136.183, 47.976 -136.02, 47.822 -135.879, 47.648 -135.763, 47.459 -135.674, 47.258 -135.614, 47.051 -135.584, 46.842 -135.586, 46.635 -135.619, 46.436 -135.682, 46.248 -135.775, 46.076 -135.894, 45.924 -136.037, 45.795 -136.202, 45.692 -136.384, 45.617 -136.58, 45.572 -136.784, 45.558 -136.993, 45.576 -137.201, 45.624 -137.405, 45.702 -137.599, 45.808 -137.779, 45.94 -137.942, 46.094 -138.083, 46.268 -138.199, 46.458 -138.289, 46.658 -138.349, 46.865 -138.378), (39.997 -35.491, 40.043 -35.633, 40.11 -35.767, 40.195 -35.889, 40.299 -35.997, 40.417 -36.089, 40.547 -36.162, 40.687 -36.215, 40.833 -36.246, 40.982 -36.255, 41.131 -36.242, 41.276 -36.207, 41.415 -36.15, 46.785 -33.474, 46.914 -33.398, 47.029 -33.303, 47.129 -33.192, 47.212 -33.068, 47.275 -32.932, 47.317 -32.789, 47.337 -32.641, 47.335 -32.491, 47.311 -32.344, 47.265 -32.202, 47.198 -32.068, 47.113 -31.945, 47.009 -31.837, 46.891 -31.746, 46.761 -31.673, 46.621 -31.62, 46.475 -31.589, 46.326 -31.579, 46.177 -31.593, 46.032 -31.628, 45.893 -31.684, 40.523 -34.36, 40.394 -34.436, 40.279 -34.531, 40.179 -34.642, 40.096 -34.767, 40.033 -34.902, 39.991 -35.046, 39.971 -35.194, 39.973 -35.343, 39.997 -35.491), (37.822 9.33, 37.154 9.989, 36.586 10.736, 36.129 11.556, 35.337 12.976, 34.352 14.271, 33.194 15.414, 31.887 16.382, 30.456 17.156, 28.93 17.72, 27.34 18.064, 25.717 18.179, 24.095 18.064, 22.504 17.722, 20.978 17.159, 19.547 16.385, 18.430467898035538 15.559551572936059, 19.061 15.585, 19.359 15.575, 19.653 15.52, 19.936 15.422, 20.2 15.283, 20.441 15.106, 20.653 14.895, 20.831 14.655, 20.972 14.391, 21.071 14.11, 21.128 13.816, 21.14 13.517, 21.107 13.22, 21.031 12.931, 20.912 12.657, 20.754 12.403, 20.559 12.176, 20.333 11.981, 20.081 11.821, 19.807 11.701, 19.518 11.622, 19.222 11.588, 13.226 11.347, 12.928 11.357, 12.634 11.412, 12.351 11.51, 12.087 11.649, 11.846 11.825, 11.634 12.036, 11.621337486766024 12.05307305155143, 11.162 12.091, -22.059597749239394 16.834999979311085, -21.997 15.287, -22.356 12.015, -23.199 8.832, -24.507 5.812, -26.251 3.019, -28.391 0.518, -30.88 -1.636, -33.662 -3.396, -36.11978162062803 -4.476477985179875, 46.73731543020509 1.3239927367145146, 46.749057080333415 1.329884142874762, 25.502 -0.159, 25.288 5.172, 47.297104770951364 6.713522418608859, 47.0609560444835 6.964092441349569, 41.2 7.801, 40.282 7.999, 39.402 8.325, 38.576 8.771, 37.822 9.33), (44.572 -195.998, 44.727 -196.139, 44.901 -196.255, 45.09 -196.344, 45.291 -196.404, 45.498 -196.434, 45.707 -196.432, 45.914 -196.399, 46.113 -196.336, 46.301 -196.243, 46.473 -196.124, 46.625 -195.981, 46.754 -195.816, 46.857 -195.634, 46.932 -195.438, 46.977 -195.234, 46.991 -195.025, 46.973 -194.817, 46.925 -194.613, 46.847 -194.419, 46.741 -194.239, 46.609 -194.076, 46.454 -193.935, 46.28 -193.819, 46.091 -193.729, 45.891 -193.669, 45.684 -193.64, 45.474 -193.642, 45.268 -193.675, 45.068 -193.738, 44.881 -193.83, 44.709 -193.95, 44.556 -194.093, 44.427 -194.258, 44.324 -194.44, 44.249 -194.636, 44.205 -194.84, 44.191 -195.049, 44.208 -195.257, 44.256 -195.461, 44.335 -195.655, 44.441 -195.835, 44.572 -195.998), (43.287 36.173, 43.365 36.044, 43.462 35.928, 43.575 35.828, 43.702 35.745, 43.839 35.683, 43.984 35.642, 44.134 35.623, 44.135 35.633, 45.60029309922826 35.556458487974226, 46.07082103133945 36.11412122232822, 43.18202357848197 36.70319209653681, 43.177 36.609, 43.192 36.458, 43.229 36.312, 43.287 36.173), (34.809 22.021, 35.418 21.633, 35.4 21.524, 35.375 21.334, 35.353 20.968, 35.377 20.603, 35.403 20.413, 35.491 20.057, 35.549 19.874, 35.623 19.697, 35.786 19.37, 35.847 19.275, 35.096 14.939, 34.565 15.505, 34.502957244139004 15.563571832456182, 35.467 14.498, 36.326 13.286, 37.035 11.98, 37.423 11.284, 37.905 10.649, 38.473 10.089, 39.113 9.615, 39.814 9.236, 40.562 8.959, 41.341 8.791, 45.96090502857134 8.131322145256364, 45.326 8.805, 43.574 11.31, 42.946349486664225 12.562550184392501, 42.903 12.564, 42.609 12.619, 42.327 12.717, 42.062 12.856, 41.821 13.032, 41.609 13.243, 41.431 13.483, 41.291 13.747, 41.191 14.029, 41.135 14.323, 41.123 14.621, 41.155 14.918, 41.232 15.207, 41.351 15.482, 41.509 15.735, 41.607906805526014 15.850731159043324, 41.247 16.944, 40.97009347618246 18.529105595465015, 38.211 19.007, 37.921 19.08, 37.646 19.195, 37.39 19.351, 37.16 19.542, 36.962 19.765, 36.799 20.016, 36.675 20.288, 36.593 20.576, 36.555 20.872, 36.562 21.171, 36.613 21.466, 36.707 21.749, 36.843 22.016, 37.017 22.259, 37.225 22.473, 37.462 22.655, 37.724 22.798, 38.005 22.902, 38.298 22.962, 38.596 22.977, 38.894 22.949, 40.647026010139335 22.645363559813486, 40.637 23.01, 40.65345319017278 23.14870953381779, 32.05212441006122 23.34251103093537, 32.811 23.041, 33.826 22.563, 34.33795207561279 22.28072327061838, 34.338 22.281, 34.809 22.021), (-22.413 31.988, -22.277 32.255, -22.103 32.498, -21.895 32.712, -21.658 32.894, -21.395 33.037, -21.115 33.141, -20.822 33.201, -20.524 33.216, -20.226 33.188, -14.314 32.164, -14.024 32.091, -13.748 31.976, -13.493 31.82, -13.263 31.629, -13.065 31.405, -12.902 31.155, -12.778 30.883, -12.696 30.595, -12.658 30.299, -12.665 30, -12.716 29.705, -12.81 29.422, -12.946 29.155, -13.119 28.912, -13.327 28.698, -13.565 28.516, -13.827 28.373, -14.108 28.269, -14.401 28.209, -14.699 28.194, -14.997 28.222, -20.909 29.246, -21.199 29.319, -21.474 29.434, -21.73 29.59, -21.959 29.781, -22.158 30.004, -22.321 30.255, -22.421472199129543 30.475390630348674, -22.49737850384312 29.02088384902049, -22.346 28.858, -22.49737912800061 29.020871888995547, -22.677 25.579, -24.219762191617708 25.61367718553755, -24.21805068180631 25.610460078479385, 7.393597819395304 24.89793832718883, 7.390455019233771 24.902777853817938, -2.674 25.129, -4.674 25.174, -4.396 30.502, -2.395 30.457, 22.51999772482399 29.896956395187868, 22.52 29.897, 24.52 29.852, 24.242 24.524, 20.449160364639706 24.60925293429161, 20.452179610119472 24.603599878925237, 25.059450824519423 24.499752686197212, 25.158 24.506, 26.28 24.505, 27.08185786361378 24.454167939003057, 40.76515729280517 24.145748450144385, 40.733 24.314, 40.72 24.613, 40.753 24.91, 40.83 25.199, 40.92211449851426 25.413673619418823, 40.997 26.045, 41.675332518108206 28.55661764233038, 39.918 28.861, 39.628 28.933, 39.352 29.049, 39.097 29.204, 38.867 29.395, 38.668 29.619, 38.506 29.869, 38.382 30.142, 38.3 30.429, 38.262 30.725, 38.268 31.024, 38.319 31.319, 38.414 31.603, 38.549 31.869, 38.723 32.112, 38.931 32.327, 39.169 32.508, 39.431 32.652, 39.712 32.755, 40.004 32.815, 40.303 32.831, 40.6 32.802, 43.33879420778598 32.32762157158781, 44.622 34.397, 44.790769053221624 34.597022581596, 44.083 34.634, 43.786 34.672, 43.499 34.754, 43.226 34.877, 42.976 35.04, 42.752 35.238, 42.56 35.468, 42.405 35.723, 42.29 35.999, 42.217 36.289, 42.187 36.586, 42.203 36.885, 42.206504896262004 36.90211557674609, 37.14368800213922 37.93450293600137, 30.43219073899796 37.863461826701396, 30.538 35.232, 28.83 35.645, 27.804 36.749, 22.20220795437249 38.10055274472409, 22.219 37.928, 22.203 37.63, 22.144 37.337, 22.041 37.056, 21.897 36.794, 21.716 36.556, 21.502 36.348, 21.259 36.174, 20.992 36.038, 20.709 35.944, 20.414 35.893, 20.115 35.886, 18.305321841129913 35.98053091851241, 18.365 35.889, 18.488 35.617, 18.57 35.329, 18.608 35.033, 18.602 34.734, 18.551 34.439, 18.456 34.156, 18.321 33.889, 18.147 33.646, 17.939 33.431, 17.701 33.25, 17.439 33.106, 17.159 33.003, 16.866 32.943, 16.567 32.927, 16.27 32.956, 10.358 33.98, 10.068 34.053, 9.792 34.168, 9.537 34.323, 9.307 34.515, 9.109 34.738, 8.946 34.989, 8.822 35.261, 8.74 35.549, 8.702 35.845, 8.708 36.144, 8.759 36.438, 8.854 36.722, 8.989 36.988, 9.163 37.232, 9.371 37.446, 9.609 37.628, 9.644064897453617 37.64713847456438, 8.832 37.615, -1.26 37.216, -12.71 36.544, -12.709939135952906 36.544339854634224, -28.622 35.611, -24.288837038795624 30.948500083331236, -22.538402922066375 30.909134998247367, -22.565 31.111, -22.558 31.41, -22.507 31.705, -22.413 31.988), (5.766 37.494, 5.801437149301713 37.60196194526988, -9.675744306344598 37.4380252329658, -9.647 36.724, -1.26 37.216, 5.766 37.494), (38.59 -167.45, 38.569 -167.77, 38.595 -168.09, 38.669 -168.403, 38.789 -168.701, 38.952 -168.978, 39.155 -169.228, 39.392 -169.444, 39.659 -169.623, 39.95 -169.76, 40.258 -169.852, 40.576 -169.897, 40.897 -169.895, 41.214 -169.844, 41.521 -169.747, 41.809 -169.605, 42.073 -169.422, 42.307 -169.201, 42.505 -168.948, 42.663 -168.669, 42.778 -168.369, 42.847 -168.055, 42.868 -167.734, 42.842 -167.414, 42.768 -167.101, 42.648 -166.803, 42.485 -166.526, 42.282 -166.277, 42.045 -166.06, 41.778 -165.881, 41.487 -165.744, 41.179 -165.652, 40.861 -165.607, 40.54 -165.61, 40.222 -165.66, 39.916 -165.757, 39.628 -165.899, 39.364 -166.083, 39.13 -166.303, 38.932 -166.556, 38.774 -166.836, 38.659 -167.136, 38.59 -167.45), (39.25 30.778, 39.27 30.628, 39.311 30.483, 39.373 30.345, 39.456 30.219, 39.556 30.106, 39.672 30.009, 39.801 29.931, 39.94 29.873, 40.087 29.836, 40.088 29.846, 42.017916245246816 29.511724926398387, 42.83774634753252 31.399961390413853, 40.43 31.817, 40.431 31.827, 40.281 31.841, 40.13 31.833, 39.983 31.803, 39.841 31.751, 39.708 31.678, 39.588 31.587, 39.483 31.478, 39.396 31.355, 39.327 31.221, 39.279 31.078, 39.254 30.929, 39.25 30.778), (38.575 21.988, 38.424 21.98, 38.276 21.95, 38.134 21.897, 38.002 21.825, 37.882 21.733, 37.777 21.625, 37.689 21.502, 37.621 21.368, 37.573 21.224, 37.547 21.075, 37.544 20.925, 37.563 20.775, 37.604 20.63, 37.667 20.492, 37.749 20.366, 37.849 20.253, 37.965 20.156, 38.094 20.078, 38.234 20.019, 38.38 19.983, 38.382 19.993, 40.78713633972734 19.57641346213112, 40.721 19.955, 40.6750849911411 21.62488514361832, 38.723 21.963, 38.725 21.973, 38.575 21.988), (33.412 -21.841, 33.552 -21.894, 33.698 -21.925, 33.847 -21.934, 33.996 -21.921, 34.141 -21.886, 34.28 -21.829, 39.65 -19.154, 39.778 -19.077, 39.894 -18.982, 39.994 -18.871, 40.077 -18.747, 40.14 -18.611, 40.182 -18.468, 40.202 -18.32, 40.2 -18.17, 40.176 -18.023, 40.13 -17.881, 40.063 -17.747, 39.977 -17.625, 39.874 -17.516, 39.756 -17.425, 39.626 -17.352, 39.486 -17.299, 39.34 -17.268, 39.191 -17.259, 39.042 -17.272, 38.896 -17.307, 38.758 -17.363, 33.388 -20.039, 33.259 -20.116, 33.144 -20.21, 33.044 -20.321, 32.961 -20.446, 32.898 -20.581, 32.856 -20.725, 32.836 -20.873, 32.838 -21.022, 32.862 -21.17, 32.908 -21.312, 32.974 -21.446, 33.06 -21.568, 33.163 -21.676, 33.281 -21.768, 33.412 -21.841), (36.351 -190.615, 36.668 -190.564, 36.974 -190.467, 37.263 -190.325, 37.527 -190.142, 37.76 -189.922, 37.959 -189.669, 38.117 -189.389, 38.232 -189.089, 38.301 -188.775, 38.322 -188.454, 38.295 -188.134, 38.221 -187.821, 38.101 -187.523, 37.938 -187.246, 37.736 -186.997, 37.498 -186.78, 37.231 -186.602, 36.941 -186.465, 36.633 -186.372, 36.315 -186.327, 35.993 -186.33, 35.676 -186.38, 35.37 -186.478, 35.082 -186.62, 34.818 -186.803, 34.584 -187.023, 34.386 -187.276, 34.227 -187.556, 34.112 -187.856, 34.044 -188.17, 34.022 -188.491, 34.049 -188.811, 34.123 -189.123, 34.243 -189.422, 34.406 -189.698, 34.608 -189.948, 34.846 -190.165, 35.113 -190.343, 35.404 -190.48, 35.711 -190.573, 36.029 -190.618, 36.351 -190.615), (33.653 -178.478, 33.854 -178.538, 34.061 -178.568, 34.27 -178.566, 34.477 -178.533, 34.676 -178.47, 34.864 -178.377, 35.036 -178.258, 35.188 -178.114, 35.317 -177.95, 35.42 -177.768, 35.495 -177.572, 35.54 -177.368, 35.554 -177.159, 35.537 -176.95, 35.488 -176.747, 35.41 -176.553, 35.304 -176.372, 35.172 -176.21, 35.018 -176.069, 34.844 -175.952, 34.654 -175.863, 34.454 -175.803, 34.247 -175.774, 34.038 -175.776, 33.831 -175.809, 33.632 -175.872, 33.444 -175.964, 33.272 -176.084, 33.12 -176.227, 32.991 -176.392, 32.888 -176.574, 32.813 -176.769, 32.768 -176.974, 32.754 -177.183, 32.771 -177.391, 32.82 -177.595, 32.898 -177.789, 33.004 -177.969, 33.136 -178.132, 33.29 -178.273, 33.464 -178.389, 33.653 -178.478), (33.993 16.045, 33.388 16.547, 33.359317256498606 16.56788067647979, 34.39682255845944 15.663768913342487, 33.993 16.045), (33.752 16.066, 33.35247189548158 16.572864013195012, 32.752 17.01, 33.349 16.574, 33.752 16.066), (28.34 -54.701, 28.337 -54.828, 28.334 -54.95, 28.33354207158094 -54.97186608201017, 28.340840046929994 -54.67369847477524, 28.34 -54.701), (28.32063446353925 -55.499222015791744, 28.322862721893475 -55.40818382643054, 28.321 -55.474, 28.32063446353925 -55.499222015791744), (20.167 36.874, 20.318 36.878, 20.467 36.904, 20.61 36.951, 20.744 37.02, 20.867 37.108, 20.975 37.213, 21.067 37.333, 21.139 37.466, 21.191 37.607, 21.222 37.755, 21.229 37.906, 21.215 38.056, 21.202770226243608 38.10458856059973, 13.304814195114508 37.79201716413507, 13.328 37.737, 13.406 37.608, 13.500255011840197 37.495282666252955, 15.675285069565293 37.11892005646731, 20.167 36.885, 20.167 36.874), (14.28 39.195, 14.28 39.205, 14.129 39.202, 13.981 39.176, 13.838 39.128, 13.703 39.059, 13.58 38.971, 13.472 38.866, 13.38 38.746, 13.34525378407326 38.68229860413431, 20.71807847362536 38.76048861240254, 20.705 38.769, 20.567 38.832, 20.422 38.873, 20.272 38.892, 20.272 38.882, 14.28 39.195), (19.909 -45.051, 19.769 -44.998, 19.623 -44.967, 19.474 -44.958, 19.325 -44.971, 19.18 -45.006, 19.041 -45.063, 13.671 -47.738, 13.543 -47.815, 13.427 -47.91, 13.327 -48.021, 13.244 -48.145, 13.181 -48.281, 13.139 -48.424, 13.119 -48.572, 13.121 -48.722, 13.145 -48.869, 13.191 -49.011, 13.258 -49.145, 13.344 -49.267, 13.447 -49.376, 13.565 -49.467, 13.695 -49.54, 13.835 -49.593, 13.981 -49.624, 14.13 -49.633, 14.279 -49.62, 14.425 -49.585, 14.563 -49.529, 19.933 -46.853, 20.062 -46.776, 20.177 -46.682, 20.277 -46.571, 20.36 -46.446, 20.423 -46.311, 20.465 -46.167, 20.485 -46.019, 20.483 -45.87, 20.459 -45.722, 20.413 -45.58, 20.347 -45.446, 20.261 -45.324, 20.158 -45.216, 20.04 -45.124, 19.909 -45.051), (15.658 13.059, 15.193 12.801, 14.832 12.613, 14.394 12.444, 14.235919681234899 12.388206946318201, 19.181 12.587, 19.182 12.577, 19.332 12.594, 19.477 12.634, 19.616 12.695, 19.743 12.775, 19.857 12.874, 19.956 12.989, 20.036 13.117, 20.096 13.256, 20.134 13.402, 20.151 13.552, 20.145 13.702, 20.116 13.851, 20.066 13.993, 19.995 14.126, 19.905 14.248, 19.798 14.354, 19.676 14.443, 19.542 14.514, 19.4 14.563, 19.251 14.591, 19.1 14.596, 19.101 14.586, 17.32254665496202 14.514209222769109, 17.081 14.276, 16.695 13.887, 16.412 13.617, 16.026 13.323, 15.658 13.059), (19.748 23.543, 19.744947902536655 23.619811119494198, 16.347507206418868 23.696360814327196, 16.233 23.578, 15.995 23.397, 15.733 23.253, 15.452 23.15, 15.159 23.09, 14.861 23.074, 14.563 23.103, 11.767420202682352 23.587214092092907, 11.75 23.522, 11.734 23.372, 11.74 23.221, 11.769 23.073, 11.819 22.93, 11.89 22.797, 11.98 22.676, 12.087 22.569, 12.209 22.48, 12.342 22.41, 12.485 22.36, 12.633 22.333, 12.784 22.328, 12.784 22.338, 17.55748850832413 22.529895034279587, 18.114 22.814, 19.106 23.243, 19.709 23.471, 19.741445536831062 23.481551907791214, 19.748 23.543), (17.029 34.007, 17.162 34.08, 17.282 34.171, 17.387 34.28, 17.475 34.403, 17.543 34.537, 17.591 34.681, 17.617 34.829, 17.62 34.98, 17.601 35.13, 17.559 35.275, 17.497 35.413, 17.414 35.539, 17.314 35.652, 17.198 35.749, 17.069 35.827, 16.93 35.885, 16.784 35.922, 16.782 35.912, 15.557706746143607 36.12405620635131, 14.123 36.199, 13.827 36.237, 13.539 36.318, 13.267 36.442, 13.101473955326107 36.54949300909101, 10.87 36.936, 10.872 36.946, 10.721 36.961, 10.57 36.953, 10.423 36.922, 10.281 36.87, 10.148 36.798, 10.028 36.706, 9.923 36.598, 9.836 36.475, 9.767 36.34, 9.719 36.197, 9.694 36.048, 9.69 35.897, 9.71 35.748, 9.751 35.602, 9.813 35.465, 9.896 35.338, 9.996 35.225, 10.112 35.129, 10.241 35.05, 10.38 34.992, 10.527 34.955, 10.528 34.965, 16.44 33.942, 16.439 33.932, 16.589 33.917, 16.74 33.925, 16.888 33.955, 17.029 34.007), (11.160581565574883 13.107842451245343, 7.557 13.622, 5.576 13.905, 6.486 19.162, 8.467 18.879, 12.072 18.364, 12.167 18.37, 12.236 18.396, 12.29 18.433, 12.739 18.913, 13.494 19.67, 14.336 20.413, 15.222 21.101, 15.74322220667167 21.45635321965102, 12.824 21.339, 12.525 21.349, 12.231 21.404, 11.949 21.502, 11.684 21.641, 11.443 21.817, 11.231 22.028, 11.053 22.268, 10.913 22.532, 10.813 22.814, 10.757 23.107, 10.745 23.406, 10.777 23.703, 10.791201578144092 23.756302027060293, 10.358144248383198 23.83131060379831, -10.733359592582012 24.306535435372208, -10.725 24.305, -10.442 24.207, -10.178 24.068, -9.937 23.891, -9.725 23.68, -9.547 23.44, -9.406 23.176, -9.307 22.895, -9.25 22.601, -9.238 22.302, -9.271 22.005, -9.347 21.716, -9.466 21.442, -9.624 21.188, -9.819 20.961, -10.045 20.766, -10.297 20.606, -10.571 20.485, -10.86 20.407, -11.157 20.373, -11.574826324141702 20.356203312073703, -12.251 16.45, -22.100876898808266 17.85580541489013, -22.100684257913265 17.85104153591529, 11.16187867330337 13.101152106119459, 11.160581565574883 13.107842451245343), (15.732 14.351, 15.44 14.121, 15.588 14.233, 15.732 14.351), (15.133 13.91, 15.288 14.013, 14.974 13.812, 15.133 13.91), (14.731 13.676, 14.813 13.72, 14.565 13.592, 14.648 13.633, 14.731 13.676), (14.225 13.44, 14.396 13.513, 14.051 13.373, 14.225 13.44), (13.698 13.255, 13.876 13.311, 14.051 13.373, 13.698 13.255), (13.247 13.142, 12.88 13.078, 13.064 13.107, 13.247 13.142), (13.338 13.162, 13.428 13.183, 13.519 13.206, 13.247 13.142, 13.338 13.162), (6.312 -35.055, 6.43 -35.146, 6.56 -35.219, 6.7 -35.272, 6.846 -35.303, 6.995 -35.312, 7.144 -35.299, 7.289 -35.264, 7.428 -35.208, 12.798 -32.532, 12.927 -32.455, 13.042 -32.361, 13.142 -32.25, 13.225 -32.125, 13.288 -31.99, 13.33 -31.846, 13.35 -31.698, 13.348 -31.549, 13.324 -31.401, 13.278 -31.259, 13.211 -31.125, 13.126 -31.003, 13.022 -30.895, 12.904 -30.803, 12.774 -30.73, 12.634 -30.677, 12.488 -30.646, 12.339 -30.637, 12.19 -30.65, 12.045 -30.685, 11.906 -30.742, 6.536 -33.417, 6.408 -33.494, 6.292 -33.589, 6.192 -33.7, 6.109 -33.824, 6.046 -33.96, 6.004 -34.103, 5.984 -34.251, 5.986 -34.401, 6.01 -34.548, 6.056 -34.69, 6.123 -34.824, 6.208 -34.946, 6.312 -35.055), (12.231 13.026, 12.324 13.029, 12.417 13.033, 12.190339727860808 13.02568837831809, 12.190535039928353 13.02512978580491, 12.231 13.026), (12.51 13.039, 12.603 13.047, 12.695 13.056, 12.417 13.033, 12.51 13.039), (12.06822736150511 37.74307770791277, 12.294663008319414 37.70389576158478, 12.282622579598135 37.75156266433067, 12.06822736150511 37.74307770791277), (11.400685275261786 24.81263855730668, 10.423538818065639 24.834602207425707, 10.456447706533242 24.828902156378543, 11.39504424131925 24.807746333179526, 11.400685275261786 24.81263855730668), (-23.948 -72.93, -24.183 -73.288, -24.466 -73.609, -24.792 -73.887, -25.155 -74.115, -27.95307691065335 -75.60971492116472, -27.984 -75.637, -28.35 -75.918, -28.752 -76.143, -28.936 -76.231, -29.127 -76.301, -29.394343742985697 -76.37963051264285, -32.79900003134153 -78.1983762863087, -32.814 -78.814, -32.932 -83.619, -32.93197050147493 -83.61774420564677, -32.938 -83.864, -31.399 -83.678, -29.51558904109453 -83.45167579908659, -29.199 -83.413, -28.831 -83.369, -28.528 -83.333, -21.541 -79.963, -18.658 -78.573, -16.196 -77.386, -16.127 -77.374, -16.078 -77.366, -16.059351351351307 -77.36351351351351, -16.038 -77.36, -10.188 -76.412, 11.091 -65.592, 11.13 -64.011, 11.134116567232663 -63.84326571821986, 11.136 -63.756, 11.138071680969217 -63.682110045431216, 11.145551786521935 -63.37732451379473, 11.147 -63.306, 11.14897167487685 -63.23797721674867, 11.39 -53.417, -3.508 -60.993, -3.627 -61.248, -3.884 -61.684, -4.04 -61.9, -4.373 -62.282, -4.548 -62.449, -4.943 -62.766, -5.165 -62.912, -5.491 -63.095, -10.862 -65.771, -11.198 -65.919, -11.672 -66.073, -11.926 -66.131, -12.419 -66.198, -12.917 -66.206, -13.154 -66.189, -13.591 -66.121, -23.584627851186415 -71.20294370345546, -23.574 -71.282, -23.578 -71.71, -23.643 -72.133, -23.767 -72.543, -23.948 -72.93), (11.131 -63.982, 11.133 -63.895, 11.1337808219178 -63.85882191780862, 11.13 -64.011, 11.131 -63.982), (11.158 -62.884, 11.15060869565217 -63.18150000000012, 11.153 -63.099, 11.158 -62.884), (11.138945454545462 -63.650945454545166, 11.139 -63.649, 11.143 -63.503, 11.144694444444447 -63.41954861111102, 11.138945454545462 -63.650945454545166), (-13.707 -62.247, -13.661 -62.39, -13.594 -62.523, -13.508 -62.646, -13.405 -62.754, -13.287 -62.846, -13.157 -62.919, -13.017 -62.971, -12.871 -63.003, -12.721 -63.012, -12.572 -62.999, -12.427 -62.963, -12.289 -62.907, -6.918 -60.231, -6.79 -60.155, -6.674 -60.06, -6.574 -59.949, -6.492 -59.824, -6.429 -59.689, -6.387 -59.546, -6.366 -59.397, -6.368 -59.248, -6.393 -59.101, -6.439 -58.958, -6.505 -58.825, -6.591 -58.702, -6.694 -58.594, -6.812 -58.502, -6.943 -58.429, -7.083 -58.377, -7.229 -58.345, -7.378 -58.336, -7.527 -58.349, -7.672 -58.385, -7.81 -58.441, -13.181 -61.117, -13.309 -61.193, -13.425 -61.288, -13.525 -61.399, -13.607 -61.524, -13.67 -61.659, -13.713 -61.802, -13.733 -61.951, -13.731 -62.1, -13.707 -62.247), (-8.892 38.898, -8.82 39.03, -8.768 39.172, -8.738 39.32, -8.73 39.471, -8.744 39.621, -8.781 39.767, -8.84 39.907, -8.918 40.036, -9.015 40.151, -9.128 40.252, -9.254 40.334, -9.392 40.396, -9.537 40.438, -9.687 40.457, -9.687 40.446, -11.00887133936783 40.5150496877874, -10.99 40.449, -10.952 40.152, -10.958 39.853, -11.009 39.559, -11.104 39.275, -11.239 39.009, -11.413 38.765, -11.621 38.551, -11.628948145285007 38.544955402115185, -9.792 38.449, -9.792 38.439, -9.641 38.442, -9.493 38.468, -9.349 38.516, -9.215 38.585, -9.092 38.672, -8.984 38.778, -8.892 38.898), (-11.046 21.379, -10.901 21.419, -10.762 21.48, -10.635 21.56, -10.521 21.659, -10.422 21.774, -10.343 21.902, -10.283 22.04, -10.244 22.186, -10.227 22.336, -10.233 22.487, -10.262 22.636, -10.312 22.778, -10.383 22.911, -10.473 23.032, -10.58 23.139, -10.702 23.228, -10.836 23.298, -10.978 23.348, -11.127 23.376, -11.278 23.381, -11.277 23.371, -17.272 23.129, -17.273 23.139, -17.423 23.122, -17.568 23.083, -17.707 23.022, -17.834 22.941, -17.948 22.842, -18.047 22.728, -18.08338425107978 22.669330395133855, -11.341 21.707, -11.40040479074194 21.363823093483102, -11.197 21.372, -11.196 21.362, -11.046 21.379), (-16.579 40.311, -16.651 40.178, -16.703 40.037, -16.733 39.889, -16.741 39.738, -16.736290414274972 39.68754015294614, -13.119 39.061, -13.121 39.051, -12.971 39.036, -12.82 39.044, -12.672 39.075, -12.531 39.127, -12.398 39.199, -12.278 39.291, -12.173 39.399, -12.085 39.522, -12.017 39.657, -11.969 39.8, -11.943 39.949, -11.94 40.1, -11.959 40.25, -12.001 40.395, -12.063 40.532, -12.088467664330263 40.57144382158467, -15.679 40.759, -15.679 40.77, -15.83 40.766, -15.978 40.74, -16.122 40.693, -16.256 40.624, -16.379 40.536, -16.487 40.431, -16.579 40.311), (-18.65 23.54, -18.424 23.736, -18.172 23.896, -17.898 24.016, -17.61 24.094, -17.313 24.128, -12.11701228869954 24.33771131189705, -23.736309791449198 24.599512402060494, -23.31861316308188 23.41654676843627, -19.10868010620833 22.815669335285026, -19.003 23.059, -18.845 23.313, -18.65 23.54), (-20.643 -48.325, -20.54 -48.433, -20.422 -48.525, -20.292 -48.598, -20.152 -48.65, -20.006 -48.682, -19.856 -48.691, -19.708 -48.678, -19.562 -48.642, -19.424 -48.586, -14.054 -45.91, -13.925 -45.834, -13.81 -45.739, -13.709 -45.628, -13.627 -45.504, -13.564 -45.368, -13.522 -45.225, -13.501 -45.077, -13.503 -44.927, -13.528 -44.78, -13.574 -44.637, -13.64 -44.504, -13.726 -44.381, -13.829 -44.273, -13.947 -44.181, -14.078 -44.108, -14.218 -44.056, -14.364 -44.024, -14.513 -44.015, -14.662 -44.028, -14.807 -44.064, -14.946 -44.12, -20.316 -46.796, -20.444 -46.872, -20.56 -46.967, -20.66 -47.078, -20.743 -47.203, -20.806 -47.338, -20.848 -47.481, -20.868 -47.63, -20.866 -47.779, -20.842 -47.926, -20.796 -48.069, -20.729 -48.202, -20.643 -48.325), (-21.557 31.014, -21.516 30.869, -21.453 30.731, -21.371 30.605, -21.27 30.492, -21.155 30.395, -21.025 30.317, -20.886 30.258, -20.74 30.222, -20.738 30.232, -14.826 29.208, -14.828 29.198, -14.677 29.183, -14.527 29.191, -14.379 29.221, -14.237 29.274, -14.105 29.346, -13.985 29.438, -13.88 29.546, -13.792 29.669, -13.723 29.803, -13.676 29.947, -13.65 30.096, -13.647 30.246, -13.666 30.396, -13.707 30.541, -13.77 30.679, -13.852 30.805, -13.952 30.918, -14.068 31.015, -14.197 31.093, -14.337 31.152, -14.483 31.188, -14.485 31.178, -20.397 32.202, -20.395 32.212, -20.545 32.227, -20.696 32.219, -20.844 32.189, -20.986 32.136, -21.118 32.064, -21.238 31.972, -21.343 31.864, -21.431 31.741, -21.499 31.606, -21.547 31.463, -21.573 31.314, -21.576 31.164, -21.557 31.014), (-16.36146028885949 41.65268053717728, -18.69 42.056, -18.688 42.066, -18.839 42.08, -18.989 42.072, -19.137 42.042, -19.279 41.99, -19.411 41.917, -19.532 41.826, -19.637 41.717, -19.724 41.594, -19.793 41.46, -19.841 41.317, -19.866 41.168, -19.87 41.017, -19.85 40.867, -19.809 40.722, -19.747 40.584, -19.664 40.458, -19.564 40.345, -19.448 40.248, -19.319 40.17, -19.18 40.112, -19.033 40.075, -19.031 40.085, -17.723348693031 39.858505592297654, -17.715 40.014, -17.655 40.307, -17.553 40.588, -17.409 40.85, -17.228 41.088, -17.013 41.296, -16.77 41.47, -16.504 41.605, -16.36146028885949 41.65268053717728), (-20.26114530776993 -61.195740665993945, -20.264225296442696 -61.296225296442934, -20.261 -61.197, -20.26114530776993 -61.195740665993945), (-20.27793865242968 -61.7181126600425, -20.3208086419753 -61.95161728395058, -20.278 -61.72, -20.27793865242968 -61.7181126600425), (-20.67 -59.694, -20.46 -60.171, -20.322 -60.674, -20.292371428571485 -60.92511428571381, -20.321 -60.677, -20.459 -60.173, -20.67 -59.694), (-20.371737253310336 -62.2271678758054, -20.481634146341484 -62.55031707317079, -20.373 -62.234, -20.371737253310336 -62.2271678758054), (-31.01947211102215 -54.293967173738956, -31.016969396004157 -54.4929330176695, -30.980809130080367 -54.801184464888706, -30.95103465449263 -54.996786228124805, -30.894088881722475 -55.20517474442138, -30.859237348858056 -55.33271115091798, -30.81782550788682 -55.474253114834596, -30.614 -55.936, -26.845 -62.992, -26.576203894833185 -63.4148038380204, -26.476695523492484 -63.534540140584454, -26.245322923769255 -63.80098963589255, -26.11401628327732 -63.92039312483847, -25.944181845146932 -64.06547782072874, -25.873104513064153 -64.12619714964369, -25.697008290155416 -64.24731917098447, -25.451307446808503 -64.40005212765958, -25.257695831613674 -64.4973124226166, -25.134934067788137 -64.55025343326636, -24.99653287413911 -64.6099389480275, -24.791412143715114 -64.68027902151361, -24.509252036005137 -64.75444363480497, -24.30034042553198 -64.79497872340424, -24.008481927710683 -64.82640963855422, -23.801718290002988 -64.83813782808807, -23.67581349586588 -64.83308237746306, -23.506719983802096 -64.82629277181614, -23.295973101828906 -64.80946844090232, -22.988585274474467 -64.74954878644726, -22.80810120855684 -64.70974180831125, -22.55131078980464 -64.61858902275013, -22.419163667232315 -64.57168081494048, -22.370904596704285 -64.55390682691119, -22.193754289215597 -64.44240849673197, -21.977491338582713 -64.28654330708665, -21.75315346824189 -64.09528751900807, -21.565133422281555 -63.916288636869055, -21.367428643596824 -63.69243243243238, -21.20216240894993 -63.485001498623376, -21.04286937269374 -63.242245018450205, -20.90659574468084 -63.01349999999998, -20.78085441310283 -62.74487079162877, -20.6785382585752 -62.50229023746702, -20.58786420525658 -62.202241551939956, -20.52602652846099 -61.97230990864368, -20.477673641579482 -61.65884981437735, -20.44656608423559 -61.41044681970482, -20.443878753449116 -61.103553643888944, -20.446608654652138 -60.85467765088014, -20.490336914482178 -60.5290171895143, -20.528 -60.277, -20.682 -59.752, -20.906 -59.253, -22.554999999992187 -56.16600000001463, -24.2065327153834 -53.07496158096943, -24.495 -52.615, -24.845 -52.195, -25.02241336376839 -52.03379477069934, -25.282446612236246 -51.804746792492836, -25.40667132324453 -51.71954842874822, -25.460872067563397 -51.68237535189236, -25.748086952917735 -51.4939093998674, -25.94746895640707 -51.394014531043496, -26.252584988962475 -51.25119426048565, -26.482666178623703 -51.17346412884334, -26.778110933464518 -51.08364026564998, -27.028905859750335 -51.0351594620557, -27.33744336135549 -50.98819623172288, -27.58216342236313 -50.9751982797646, -27.887739218877115 -50.97198169243287, -28.157682794307973 -50.99472419146184, -28.439291044776056 -51.03253731343282, -28.71090599173558 -51.0935743801653, -28.98137507503903 -51.170428983071204, -29.17547597248374 -51.24283771629764, -29.23702926373678 -51.26579997924556, -29.4230731935638 -51.34864487698043, -29.482176211453634 -51.391559471365554, -29.7944405218726 -51.62352724481964, -29.93767647058827 -51.76093382352945, -30.15302106969204 -51.97861912479739, -30.276297297297308 -52.13385585585587, -30.304968584108842 -52.17301211163085, -30.456203303684894 -52.379552731893284, -30.566076923076903 -52.566610298792085, -30.696445736434114 -52.81657364341087, -30.781235294117646 -53.018235294117645, -30.874921135646694 -53.28888328075712, -30.931038874680304 -53.49921074168796, -30.9834656879481 -53.78341925571865, -31.009712225153915 -53.994281266490795, -31.01947211102215 -54.293967173738956), (-20.543 -62.729, -20.540669150521605 -62.72221311475409, -20.66004712041891 -62.9520157068064, -20.543 -62.729), (-20.88655924170615 -63.32933333333332, -20.786 -63.192, -20.783441582336707 -63.187125319431665, -20.88655924170615 -63.32933333333332), (-21.192275985662683 -63.71233333333293, -21.095 -63.614, -21.092667596335914 -63.61081464612866, -21.192275985662683 -63.71233333333293), (-21.463 -63.986, -21.458303750126376 -63.98125270393209, -21.66548325358842 -64.13725837320567, -21.463 -63.986), (-22.09023899371069 -64.40988050314466, -21.882 -64.299, -21.87286405354696 -64.29217529537041, -22.09023899371069 -64.40988050314466), (-24.28899093329683 30.948503544227066, -28.023 34.966, -31.161 34.349, -31.68451726540207 34.246197104648765, -29.69 32.783, -27.927447650756964 31.030264780379994, -24.40000119101589 30.950977177907735, -24.4 30.951, -24.28899093329683 30.948503544227066), (-25.061 -51.804, -24.719 -52.198, -24.44 -52.638, -24.72 -52.196, -25.063 -51.801, -25.362380530973866 -51.545999999999644, -25.061 -51.804), (-25.905 -51.185, -26.194822141560902 -51.06027404718689, -25.899 -51.189, -25.4587905476369 -51.46388192048013, -25.461 -51.462, -25.905 -51.185), (-26.386 -50.978, -26.58656476683973 -50.9252823834196, -26.3823087224758 -50.97958855394493, -26.386 -50.978), (-26.88690750012642 -50.84633854245689, -26.892 -50.845, -27.071652777778183 -50.825652777777734, -26.88690750012642 -50.84633854245689), (-27.408583788154438 -50.789367899737215, -27.412 -50.789, -27.54479843444206 -50.79459686888453, -27.408583788154438 -50.789367899737215), (-27.929571551943123 -50.81081336042672, -27.934 -50.811, -28.140838554216725 -50.850838554216836, -27.929571551943123 -50.81081336042672), (-28.437849471032727 -50.908044937027704, -28.448 -50.91, -28.74440490797611 -51.01521472392661, -28.437849471032727 -50.908044937027704), (-29.16699999999991 -51.20608893709323, -28.929608731213566 -51.08095644617114, -28.941 -51.085, -29.16699999999991 -51.20608893709323), (-30.981 -74.153, -30.788 -74.236, -30.586 -74.289, -30.378 -74.312, -30.169 -74.303, -29.964 -74.263, -29.766 -74.193, -29.582 -74.094, -29.414 -73.969, -29.267 -73.821, -29.143 -73.652, -29.046 -73.467, -28.978 -73.269, -28.94 -73.063, -28.933 -72.854, -28.957 -72.646, -29.013 -72.444, -29.097 -72.253, -29.209 -72.076, -29.346 -71.918, -29.506 -71.782, -29.683 -71.672, -29.875 -71.589, -30.078 -71.536, -30.286 -71.513, -30.495 -71.522, -30.7 -71.562, -30.897 -71.632, -31.082 -71.73, -31.25 -71.855, -31.397 -72.004, -31.521 -72.173, -31.618 -72.358, -31.686 -72.556, -31.724 -72.762, -31.731 -72.971, -31.706 -73.179, -31.651 -73.381, -31.567 -73.572, -31.455 -73.749, -31.317 -73.907, -31.158 -74.043, -30.981 -74.153), (-35.259 36.26, -34.161852768538445 35.684138845922405, -34.05107572605059 37.17983793279617, -37.798201880196 37.14014778998434, -35.259 36.26), (-36.407 -70.251, -36.223 -70.152, -36.055 -70.027, -35.908 -69.878, -35.784 -69.709, -35.687 -69.524, -35.641827822062226 -69.39246924659295, -37.36140269974395 -70.311070565415, -37.227 -70.347, -37.019 -70.369, -36.81 -70.36, -36.605 -70.321, -36.407 -70.251), (-36.892053366818395 12.37002809606027, -36.89214865571237 12.370516226903929, -36.929526315789246 12.311736842105619, -36.892053366818395 12.37002809606027), (-37.067 12.095, -36.991373831776386 12.214476635512941, -37.131682926828894 11.993829268293265, -37.067 12.095), (-38.600240295237626 12.078936446298375, -38.60024147379613 12.078929439173978, -38.551 11.984, -38.448 11.787, -38.600240295237626 12.078936446298375), (-38.241 11.778, -38.227212765957226 11.777425531914885, -38.448 11.787, -38.241 11.778), (-41.921 -54.156, -41.784 -54.314, -41.625 -54.45, -41.447 -54.56, -41.255 -54.643, -41.053 -54.696, -40.845 -54.719, -40.636 -54.71, -40.43 -54.67, -40.233 -54.6, -40.048 -54.502, -39.881 -54.377, -39.733 -54.228, -39.61 -54.059, -39.513 -53.874, -39.445 -53.676, -39.407 -53.47, -39.4 -53.261, -39.424 -53.053, -39.479 -52.851, -39.564 -52.66, -39.676 -52.483, -39.813 -52.325, -39.972 -52.189, -40.15 -52.079, -40.342 -51.996, -40.544 -51.943, -40.752 -51.92, -40.961 -51.929, -41.167 -51.969, -41.364 -52.039, -41.549 -52.138, -41.716 -52.263, -41.864 -52.411, -41.987 -52.58, -42.084 -52.765, -42.152 -52.963, -42.19 -53.169, -42.197 -53.378, -42.173 -53.586, -42.118 -53.788, -42.033 -53.979, -41.921 -54.156), (-40.959 -59.655, -41.167 -59.632, -41.377 -59.641, -41.582 -59.681, -41.779 -59.751, -41.964 -59.849, -42.132 -59.974, -42.279 -60.123, -42.402 -60.292, -42.499 -60.477, -42.545166845499224 -60.60947877404125, -40.82449432668256 -59.69029109250408, -40.959 -59.655), (-41.72589059451318 22.182258488291165, -41.725870530869244 22.182245558155195, -41.72535820895515 22.19405970149418, -41.72589059451318 22.182258488291165), (-46.29327272727269 9.886945454546414, -46.293 9.893, -46.29293181818183 9.894813636363335, -46.29327272727269 9.886945454546414), (-47.81982499999984 9.015249999999899, -47.774 8.986, -47.743454545453986 8.966636363636008, -47.81982499999984 9.015249999999899), (-47.979409202559125 10.638547098137781, -48.073 10.59, -48.27 10.487, -47.97939681500703 10.63854502029907, -47.979409202559125 10.638547098137781), (-48.288 10.064, -48.28874861367824 10.045451016639175, -48.287529288703006 10.07416736401494, -48.288 10.064), (-48.31 9.554, -48.311961491063784 9.505834497211568, -48.311681401443785 9.505360463956666, -48.304171052631666 9.68223684210335, -48.31 9.554), (-49.790787234042696 20.317574468085112, -49.57 20.308, -49.777 20.317, -49.790787234042696 20.317574468085112), (-49.41788688095232 20.01630742714452, -49.4178211427714 20.016698273767844, -49.467 20.111, -49.57 20.308, -49.41788688095232 20.01630742714452), (-50.546 37.256, -50.678 37.183, -50.798 37.092, -50.903 36.983, -50.921470085470084 36.95739374514375, -50.62981676588114 37.05151822555654, -50.591 37.066, -50.525878234398704 37.08506202435315, -50.461 37.106, -49.80592780691168 37.2958332331322, -49.957 37.322, -49.955 37.332, -50.105 37.346, -50.256 37.338, -50.404 37.308, -50.546 37.256), (-50.14344700625448 18.331119887619344, -50.17005454545416 18.33227272727271, -50.164 18.332, -50.14347647338493 18.33107412661887, -50.14344700625448 18.331119887619344), (-50.40167213114718 20.344065573770475, -50.22394029850788 20.33635820895524, -50.349 20.342, -50.40167213114718 20.344065573770475), (-51.071 19.812, -51.125999127416954 19.72524081308875, -51.12594841601804 19.724981036771666, -50.835144056177036 20.181825305296073, -50.836104799482975 20.181257083574273, -50.951 20, -51.071 19.812), (-52.267 61.497, -52.20957113113186 61.59531043653699, -56.00659472300661 62.3694300639686, -55.78912138015311 62.10910077103123, -52.267 61.497), (-58.44118234863599 64.70960018246893, -57.2352479048484 63.64026976215546, -52.9379919547517 62.76410333132044, -54.729 65.089, -57.911 64.764, -58.44118234863599 64.70960018246893), (-57.05248598130819 -87.62271028037262, -57.036 -87.534, -57.02183529411781 -87.456588235295, -57.05248598130819 -87.62271028037262), (-57.101802816901525 -87.89000000000064, -57.159 -88.2, -57.117 -87.973, -57.101802816901525 -87.89000000000064), (-57.592 -86.188, -57.75446153845613 -86.04971428571889, -57.574854682455054 -86.2026824542512, -57.592 -86.188), (-58.760538461543874 -88.47728571428111, -58.940145317544946 -88.3243175457488, -58.923 -88.339, -58.760538461543874 -88.47728571428111), (-59.413197183098475 -86.63699999999936, -59.356 -86.327, -59.398 -86.554, -59.413197183098475 -86.63699999999936), (-59.528987179487046 -87.26456410256336, -59.48699999999894 -87.03699999999425, -59.528 -87.259, -59.528987179487046 -87.26456410256336), (-59.45358163265335 -86.85587755102198, -59.462 -86.901, -59.48699999999894 -87.03699999999425, -59.45358163265335 -86.85587755102198), (-61.815 67.045, -60.775472807842355 66.37030506035984, -60.52721567626224 67.84898137606767, -64.2592145092958 68.1549686176682, -61.815 67.045), (-63.66425608872887 6.230478779978058, -63.664507889155615 6.227016524110281, -63.66249590184864 6.222989595036257, -63.662016798576744 6.226269609743852, -63.66425608872887 6.230478779978058), (-66.935 -95.986, -66.942 -96.195, -66.917 -96.403, -66.862 -96.605, -66.778 -96.796, -66.666 -96.973, -66.528 -97.131, -66.369 -97.266, -66.191 -97.377, -65.999 -97.46, -65.797 -97.513, -65.589 -97.536, -65.38 -97.527, -65.174 -97.487, -64.977 -97.417, -64.793 -97.318, -64.625 -97.193, -64.478 -97.045, -64.354 -96.876, -64.257 -96.69, -64.189 -96.493, -64.151 -96.287, -64.144 -96.078, -64.168 -95.87, -64.223 -95.668, -64.308 -95.477, -64.42 -95.3, -64.557 -95.142, -64.716 -95.006, -64.894 -94.896, -65.086 -94.813, -65.289 -94.76, -65.32359295057672 -94.75617481796507, -66.097 -95.099, -66.81210213776723 -95.55167933491687, -66.828 -95.582, -66.897 -95.78, -66.935 -95.986), (-89.68 34.079, -90.133 34.691, -90.17303489684635 34.75181997603501, -90.306 34.911, -90.3560531495817 34.99333889460429, -90.814 34.521, -93.432 32.525, -96.318 30.942, -99.408 29.807, -102.04103719824846 29.266512984421553, -64.56750273559847 23.915297396816182, -64.56658008021574 23.91783510450326, -65.50399999997147 24.05166681674514, -87.345 27.169, -86.685285865767 30.980117806223003, -86.834 31.096, -87.5 31.699, -88.07251989389914 32.27555172413788, -88.196 32.385, -88.30532999260306 32.515885100149454, -88.719 32.958, -88.78887117514904 33.03797474630094, -88.992 33.249, -89.68 34.079), (-64.67611828109489 8.613553963976743, -64.69638427288646 8.632318771191168, -64.68787819435902 8.607062799078319, -64.67159581144158 8.600745801746928, -64.67611828109489 8.613553963976743), (-64.7524790543343 50.030481128162606, -64.75233333049528 50.031201139198494, -64.81 50.239, -64.82403225806405 50.28904838709511, -64.7524790543343 50.030481128162606), (-64.8655832305794 49.658290998767086, -64.852 49.672, -64.81802263655864 49.706634989830555, -64.81799753873075 49.706758996397845, -64.8655832305794 49.658290998767086), (-66.94816867470028 -68.49038554216446, -66.982 -68.395, -67.0502499999943 -68.20354545456142, -66.94816867470028 -68.49038554216446), (-67.481 -69.575, -67.332 -69.4, -67.177 -69.218, -67.03871428572145 -69.05553846154687, -67.49660371517201 -69.59316718266457, -67.481 -69.575), (-67.139 -67.954, -67.213 -67.746, -67.22624999999941 -67.70900000000162, -67.07500000000665 -68.1339999999813, -67.139 -67.954), (-67.317 -67.454, -67.543 -67.412, -67.757 -67.373, -67.79779670329327 -67.36556593406657, -67.317 -67.454), (-68.479 -69.782, -68.66012244898259 -69.7485816326525, -68.615 -69.757, -68.479 -69.782), (-68.258 -69.823, -68.134 -69.846, -68.008 -69.869, -67.769 -69.913, -68.479 -69.782, -68.258 -69.823), (-69.025 -67.531, -69.174 -67.706, -69.26639999999976 -67.81519999999972, -68.736 -67.193, -68.885 -67.367, -69.025 -67.531), (-68.10758571428552 -67.30858571428574, -68.218 -67.288, -68.434 -67.248, -68.588 -67.22, -68.736 -67.193, -68.10758571428552 -67.30858571428574), (-75.782 -85.343, -75.384 -85.788, -74.923 -86.17, -74.411 -86.478, -73.858 -86.706, -73.278 -86.85, -72.683 -86.905, -72.086 -86.871, -71.501 -86.749, -70.94 -86.54, -70.417 -86.251, -69.943 -85.887, -69.529 -85.456, -69.183 -84.968, -68.914 -84.434, -68.728 -83.866, -68.628 -83.277, -68.617 -82.679, -68.695 -82.086, -68.861 -81.512, -69.111 -80.969, -69.439 -80.469, -69.837 -80.023, -70.298 -79.642, -70.81 -79.334, -71.363 -79.105, -71.943 -78.962, -72.538 -78.906, -73.135 -78.94, -73.72 -79.063, -74.281 -79.271, -74.804 -79.561, -75.278 -79.925, -75.692 -80.356, -76.038 -80.844, -76.307 -81.377, -76.494 -81.945, -76.593 -82.535, -76.604 -83.133, -76.526 -83.725, -76.36 -84.3, -76.11 -84.843, -75.782 -85.343), (-69.293 -69.359, -69.24 -69.508, -69.189 -69.651, -69.672 -68.291, -69.596 -68.508, -69.524 -68.71, -69.447 -68.927, -69.367 -69.152, -69.293 -69.359), (-68.962 -69.693, -68.87899999999446 -69.7081971830996, -69.189 -69.651, -68.962 -69.693), (-69.19 41.754, -69.349 41.91, -69.36342855343945 41.92412479441966, -69.36362111929498 41.92407250659216, -69.36370851757725 41.924048775145614, -69.11725176118871 41.68207848883697, -69.11725126994993 41.682196058651876, -69.19 41.754), (-69.53333333333286 -68.12833333333279, -69.4306666666663 -68.00789743589701, -69.471 -68.055, -69.53333333333286 -68.12833333333279), (-70.73706172839547 40.46945679012385, -70.84512156862797 40.57567843137306, -70.811 40.542, -70.73706172839547 40.46945679012385), (-71.058 41.054, -71.113 40.839, -71.03069908791483 41.15738207512536, -71.0312557433866 41.15694015753086, -71.058 41.054), (-73.7550019600809 54.296774424323715, -73.75444329529245 54.2972182596291, -73.728 54.399, -73.673 54.614, -73.7550019600809 54.296774424323715), (-74.229 55.16, -74.339 55.268, -74.37389492499601 55.302232363128994, -74.37401867027634 55.302257408074716, -73.87962235649411 54.816861027189, -73.975 54.911, -74.134 55.067, -74.229 55.16), (-74.905 55.31, -75.12 55.25, -75.21881599495849 55.22298000137854, -75.21921641516964 55.22231216520915, -74.69658044270471 55.36754104604698, -74.69720113919848 55.36766666950473, -74.905 55.31), (-77.331 -99.226, -77.034 -99.258, -76.736 -99.245, -76.442 -99.188, -76.16 -99.088, -75.897 -98.948, -75.657 -98.769, -75.447 -98.557, -75.27 -98.315, -75.132 -98.051, -75.034 -97.768, -74.98 -97.474, -74.97 -97.175, -75.005 -96.878, -75.083 -96.59, -75.204 -96.317, -75.364 -96.064, -75.56 -95.838, -75.788 -95.644, -76.042 -95.487, -76.316 -95.368, -76.605 -95.292, -76.902 -95.26, -77.201 -95.272, -77.494 -95.329, -77.776 -95.429, -78.04 -95.57, -78.28 -95.749, -78.49 -95.961, -78.666 -96.202, -78.805 -96.467, -78.902 -96.75, -78.957 -97.044, -78.967 -97.343, -78.932 -97.639, -78.853 -97.928, -78.732 -98.201, -78.572 -98.454, -78.376 -98.679, -78.149 -98.873, -77.895 -99.031, -77.62 -99.15, -77.331 -99.226), (-75.596 53.699, -75.437 53.543, -75.42261382982784 53.52891669656831, -75.42233379686935 53.52899276901372, -75.66949464101234 53.771654325945356, -75.66949516858924 53.771540685880275, -75.596 53.699), (-78.286 -69.826, -78.28 -69.617, -78.304 -69.409, -78.359 -69.207, -78.444 -69.016, -78.556 -68.839, -78.693 -68.681, -78.852 -68.545, -79.03 -68.435, -79.222 -68.352, -79.424 -68.299, -79.632 -68.276, -79.841 -68.285, -80.047 -68.325, -80.244 -68.395, -80.428 -68.493, -80.596 -68.618, -80.744 -68.767, -80.867 -68.936, -80.964 -69.121, -81.032 -69.319, -81.07 -69.525, -81.077 -69.734, -81.053 -69.942, -80.998 -70.144, -80.913 -70.335, -80.801 -70.512, -80.664 -70.67, -80.505 -70.805, -80.327 -70.916, -80.135 -70.999, -79.933 -71.052, -79.89909077242335 -71.05574957804934, -79.124 -70.713, -78.40914430860578 -70.25995712784201, -78.393 -70.229, -78.324 -70.032, -78.286 -69.826), (-78.29345679012332 44.597938271605074, -78.39967843137045 44.489878431374684, -78.366 44.524, -78.29345679012332 44.597938271605074), (-79.28 46.447, -79.426 46.299, -79.577 46.145, -79.64548780487738 46.075195121951914, -79.28 46.447), (-79.827 45.891, -79.935 45.781, -79.96789507260044 45.74746824857504, -79.96795944999681 45.74714989284274, -79.75863636363671 45.96009090909056, -79.827 45.891), (-79.9071750000003 44.9650666666677, -79.92634582829469 45.034056831921305, -79.917 45, -79.9071750000003 44.9650666666677), (-83.88239452699337 66.51238082958824, -86.283 66.883, -85.43956864867137 65.46667188173116, -84.983 65.799, -84.19530536161373 66.28853912308917, -83.88239452699337 66.51238082958824), (-85.795 -88.574, -86.004 -88.583, -86.209 -88.623, -86.407 -88.693, -86.591 -88.792, -86.759 -88.917, -86.906 -89.065, -87.03 -89.234, -87.127 -89.419, -87.195 -89.617, -87.233 -89.823, -87.24 -90.032, -87.216 -90.24, -87.16 -90.442, -87.076 -90.633, -86.964 -90.81, -86.827 -90.968, -86.667 -91.104, -86.49 -91.214, -86.298 -91.297, -86.095 -91.35, -85.887 -91.373, -85.678 -91.364, -85.473 -91.324, -85.276 -91.254, -85.091 -91.156, -84.923 -91.031, -84.776 -90.882, -84.652 -90.713, -84.555 -90.528, -84.487 -90.33, -84.46159501557632 -90.19227824233481, -84.804 -89.419, -85.25627283358001 -88.70535935136196, -85.385 -88.65, -85.587 -88.597, -85.795 -88.574), (-88.848 -79.217, -88.728 -79.491, -88.568 -79.743, -88.372 -79.969, -88.144 -80.163, -87.89 -80.321, -87.616 -80.439, -87.327 -80.515, -87.03 -80.547, -86.731 -80.535, -86.437 -80.478, -86.156 -80.378, -85.892 -80.237, -85.652 -80.058, -85.442 -79.846, -85.265 -79.605, -85.127 -79.34, -85.03 -79.057, -84.975 -78.763, -84.965 -78.464, -85 -78.168, -85.079 -77.879, -85.2 -77.606, -85.36 -77.353, -85.556 -77.128, -85.783 -76.934, -86.037 -76.776, -86.311 -76.657, -86.601 -76.581, -86.898 -76.549, -87.196 -76.562, -87.49 -76.619, -87.772 -76.719, -88.035 -76.859, -88.275 -77.038, -88.485 -77.25, -88.662 -77.492, -88.8 -77.757, -88.898 -78.039, -88.952 -78.333, -88.962 -78.632, -88.927 -78.929, -88.848 -79.217), (-86.22367369553983 64.8375397359138, -85.729 65.256, -85.44007392468012 65.4663041004004, -85.833 66.126, -89.5634254988706 66.1915146811073, -87.922 64.342, -87.52360960925088 63.729655104135496, -87.462 63.79, -86.81048175737602 64.34114007137147, -86.511 64.632, -86.22367369553983 64.8375397359138), (-91.68394437561192 68.11895203472703, -91.26114676381587 69.55696525587523, -94.93115140772285 70.30518884703042, -92.635 68.912, -91.68394437561192 68.11895203472703), (-98.867 46.447, -98.731 46.624, -98.71387560581579 46.64668982229408, -98.8896609442047 46.41764377682573, -98.867 46.447), (-99.18313547439033 48.13567713638301, -99.18318245183553 48.13574004023905, -99.25671052631665 48.1453157894738, -99.18313547439033 48.13567713638301), (-99.38545454545869 48.16218181818236, -99.506 48.178, -99.51782089552118 48.179522388059546, -99.38545454545869 48.16218181818236), (-99.66119512195066 46.18124390243895, -99.629 46.177, -99.61717910447656 46.17547761194016, -99.66119512195066 46.18124390243895), (-100.27 46.261, -100.36319277108502 46.48596987951975, -100.355 46.466, -100.27 46.261), (-100.064 46.234, -100.04702631579069 46.23178947368437, -100.27 46.261, -100.064 46.234), (-100.62924390243914 56.766804878047886, -100.625 56.799, -100.62347761194032 56.81082089552227, -100.62924390243914 56.766804878047886), (-100.709 56.158, -100.95649999999947 56.05547422680434, -100.914 56.073, -100.709 56.158), (-100.682 56.364, -100.67978947368408 56.38097368421152, -100.709 56.158, -100.682 56.364), (-100.895 57.561, -101.072 57.697, -101.09468982229393 57.7141243941841, -100.72407603081426 57.42969044722972, -100.72417874577545 57.42990461885093, -100.895 57.561), (-102.59331578947224 57.17128947369522, -102.58367713638302 57.24486452560967, -102.58374004023905 57.24481754816447, -102.59331578947224 57.17128947369522), (-102.626 56.922, -102.62752238805979 56.910179104477024, -102.61018181818449 57.04254545452515, -102.626 56.922), (-108.25 45.058, -108.24847761194039 45.069820895521744, -108.26581818181889 44.937454545449114, -108.25 45.058), (-108.2826842105259 44.80871052631895, -108.29232286361699 44.735135474390326, -108.29225995976095 44.735182451835534, -108.2826842105259 44.80871052631895), (-109.84512121212045 44.31536363636305, -110.15095794329649 44.54974942815954, -110.150718061674 44.54924874500563, -109.981 44.419, -109.84512121212045 44.31536363636305), (-110.167 45.822, -110.194 45.616, -110.20450000000146 45.53574999998882, -110.167 45.822), (-109.86314234267697 45.94787168185266, -109.86342720326898 45.947945623257496, -109.962 45.907, -110.167 45.822, -109.86314234267697 45.94787168185266), (-110.2525223880604 45.16917910447223, -110.23518181817893 45.30154545456744, -110.251 45.181, -110.2525223880604 45.16917910447223), (-110.606 55.719, -110.812 55.746, -110.89225000002193 55.75650000000287, -110.606 55.719), (-110.48014127414467 55.41517361880625, -110.47998641591269 55.41576993440817, -110.521 55.514, -110.606 55.719, -110.48014127414467 55.41517361880625), (-111.247 55.803, -111.25882089552105 55.804522388059524, -111.12645454545869 55.78718181818236, -111.247 55.803), (-111.35817910447743 53.80047761194027, -111.49054545452618 53.81781818181565, -111.37 53.802, -111.35817910447743 53.80047761194027), (-111.61928947368732 53.834684210526724, -111.69286452560969 53.84432286361699, -111.69281754816448 53.84425995976096, -111.61928947368732 53.834684210526724), (-112.03001167315284 55.50545136186627, -111.87698633263966 55.704841421482314, -111.877200300075 55.704739002932556, -112.009 55.533, -112.03001167315284 55.50545136186627), (-126.71792947530864 45.519670370370385, -126.71704448720635 45.51622836130853, -126.71641880802976 45.51785121667282, -126.71742689444115 45.52139350477321, -126.71792947530864 45.519670370370385)), ((-28.413 -51.843, -28.056 -51.741, -27.689 -51.692, -27.318 -51.695, -26.951 -51.752, -26.596 -51.859, -26.26 -52.017, -25.95 -52.22, -25.672 -52.465, -25.431 -52.748, -25.234 -53.062, -25.223602542799853 -53.08145859374165, -25.222 -53.084, -25.219213103948352 -53.08967332410514, -23.597798691268363 -56.1241118157348, -23.596 -56.127, -23.584500000000087 -56.14899999999984, -21.935 -59.236, -21.778 -59.592, -21.676 -59.967, -21.631 -60.353, -21.644 -60.741, -21.714 -61.123, -21.841 -61.49, -22.021 -61.835, -22.25 -62.148, -22.524 -62.424, -22.836 -62.657, -23.178 -62.84, -23.545 -62.97, -23.926 -63.044, -24.314 -63.06, -24.701 -63.018, -25.077 -62.919, -25.433 -62.765, -25.763 -62.56, -26.059 -62.308, -26.314 -62.014, -26.522 -61.686, -26.532376840753415 -61.666574101027415, -26.534 -61.664, -26.5364682816989 -61.65891474493359, -28.171000000000028 -58.59899999999995, -28.183 -58.577, -28.18442914340187 -58.573860057197344, -29.799818148102364 -55.54978130794906, -29.809 -55.534, -29.812773618020113 -55.52552810259061, -29.82 -55.512, -29.971 -55.173, -30.073 -54.816, -30.122 -54.449, -30.119 -54.078, -30.062 -53.711, -29.955 -53.356, -29.797 -53.02, -29.594 -52.71, -29.349 -52.432, -29.066 -52.191, -28.752 -51.994, -28.413 -51.843), (-25.629993289962197 -57.626552845805364, -25.629988081898745 -57.62656259549761, -25.628351306095112 -57.628229403884795, -25.628356550951857 -57.62821970884657, -25.629993289962197 -57.626552845805364), (-27.77635257115899 -54.03331797452429, -27.775032913274426 -54.034665951247575, -27.775326489440488 -54.03411706121198, -27.776648693904892 -54.0327705961152, -27.77635257115899 -54.03331797452429)), ((-120.283 -0.611, -120.27572130741127 -0.4608123321584186, -120.288 -0.32, -120.2140057233893 0.8594329654921784, -120.211 2.05, -120.19884319241976 2.129191184154188, -120.198 2.204, -120.194 2.251, -120.18397915903907 2.314375503421835, -120.183 2.379, -120.1195935679169 2.7607086751135586, -120.1 3.165, -120.09 3.247, -120.05213243783939 3.439614811374645, -120.04 3.633, -119.79815764704479 4.754453401967221, -119.71838227579485 5.258982346527709, -119.61 5.965, -119.60338884531163 5.986243319482935, -119.599 6.014, -119.587 6.065, -119.55223761192651 6.176209014180471, -119.534 6.286, -119.42915720546169 6.608402291449655, -119.362 6.95, -119.339 7.035, -119.25528905175229 7.271803343251708, -119.205 7.505, -118.659 9.154, -118.624 9.248, -118.572 9.386, -118.508 9.555, -118.434517269481 9.742124627716974, -118.433 9.747, -118.43091240592102 9.75130445468947, -118.422 9.774, -118.335 9.989, -118.3103920668315 10.048719252445501, -118.309 10.053, -118.30689129036406 10.05721503923841, -118.253 10.188, -118.158 10.415, -118.08429107684684 10.58434777385605, -118.083 10.588, -118.06303797468385 10.633177215189185, -118.037 10.693, -117.922 10.95, -117.862 11.081, -117.803 11.209, -117.679 11.471, -117.549 11.736, -117.417 12.001, -117.282 12.263, -117.16 12.493, -117.04 12.716, -116.949 12.881, -116.883 13, -116.824 13.102, -116.775 13.189, -116.77310602910599 13.192064449064523, -116.752 13.229, -116.73191642760818 13.25870931471519, -116.72243526310741 13.274049859692301, -116.705 13.31, -116.65648041766639 13.380764944412466, -116.59191512831107 13.485231724335337, -116.537 13.595, -116.43127376844107 13.745149797275355, -116.33238695776882 13.905148874038149, -116.236 14.087, -116.223570921641 14.08121345938658, -115.864 14.663, -115.24315681028625 15.461008145988968, -114.628 16.371, -114.585 16.426, -114.51888974163118 16.498402774147745, -114.465 16.577, -114.3519141271347 16.69820528786747, -114.257 16.833, -113.8213721328278 17.28851591808401, -113.432 17.789, -112.73887617751336 18.447841836142832, -112.032 19.222, -111.976 19.275, -111.85716679943063 19.372072149833063, -111.763 19.473, -111.63557754022176 19.574100256517575, -111.519 19.696, -111.01968882701337 20.08199797669123, -110.561 20.518, -109.81855198944824 21.03737041107936, -109.049 21.666, -108.981 21.713, -108.81344056825668 21.813256307106688, -108.66 21.935, -108.51537268696951 22.017987025904826, -108.386 22.118, -107.83323581849942 22.42617401910827, -107.316 22.788, -106.54152374613528 23.17261870330035, -105.742 23.651, -105.664 23.691, -105.43148276974252 23.787520367056036, -105.225 23.906, -105.00869071914299 24.0008987291252, -104.926 24.047, -104.77150288320802 24.104957251741546, -103.85069743420291 24.508930981097652, -103.768 24.55, -103.72706385186514 24.56317123280838, -103.634 24.604, -103.541 24.641, -103.404 24.695, -103.235 24.76, -103.015 24.842, -102.797 24.922, -102.595 24.994, -102.45287443011061 25.043408459918627, -102.453 25.044, -102.44521897357892 25.04606979888458, -102.362 25.075, -102.19209016215945 25.132226577328243, -102.183 25.136, -102.11807117437733 25.157156583629856, -102.074 25.172, -101.807 25.258, -101.67 25.301, -101.534 25.343, -101.257 25.426, -101.2265580516112 25.434789576647468, -101.218 25.438, -101.20831457544811 25.4400570592016, -100.973 25.508, -100.688 25.586, -100.402 25.662, -100.15 25.725, -100.00809086426712 25.7597532577305, -99.998 25.763, -99.98853571201018 25.764542274609752, -99.905 25.785, -99.72 25.828, -99.588 25.858, -99.473 25.883, -99.375 25.905, -98.87618194123378 25.995454683191763, -98.72 26.037, -98.628 26.055, -98.48144302207595 26.07151456466861, -98.348 26.105, -98.34400561069218 26.0919584896104, -97.671 26.214, -97.50912207436423 26.225717814915672, -97.343 26.261, -96.71012091853713 26.298783825758978, -96.089 26.4, -95.50334748039595 26.407097026241097, -94.883 26.477, -94.795 26.481, -94.23903708951691 26.46242859843031, -93.72 26.5, -93.55452451925726 26.487177640641356, -93.39 26.497, -92.76188590200789 26.440318474300334, -92.128 26.448, -91.59387651313021 26.37406957599534, -91.023 26.355, -90.941 26.346, -90.34792795702393 26.238704977171263, -89.771 26.194, -89.6036451511699 26.15531626712712, -89.445 26.141, -88.39383748603616 25.9311378421916, -88.205 25.905, -88.08426273476618 25.86933196113946, -87.742 25.801, -87.644 25.778, -87.501 25.743, -87.325 25.699, -87.22720835740412 25.674123178637895, -87.221 25.673, -87.147 25.654, -87.1436004618938 25.652854503464212, -87.097 25.641, -86.873 25.581, -86.665 25.524, -86.428 25.457, -86.138 25.371, -85.91399477914759 25.30246108914217, -85.912 25.302, -85.91033480275803 25.30134124561999, -85.87 25.289, -85.68817977528116 25.230483146067495, -85.597 25.202, -85.4621359325602 25.1566080084298, -85.348 25.119, -85.083 25.029, -84.818 24.935, -84.547 24.836, -84.40936458722453 24.78369854314532, -84.407 24.783, -84.40469329648433 24.781923452664042, -84.297 24.741, -84.072 24.654, -83.888 24.581, -83.752 24.526, -83.631 24.476, -83.522 24.43, -83.51373113616658 24.426196010407658, -83.494 24.418, -83.47584963426932 24.408769089144663, -82.38153538583931 23.905343214001597, -82.229 23.845, -82.1475628747073 23.79770702417309, -82.13868370373035 23.79362227024977, -82.051 23.758, -81.967 23.717, -81.9489806891155 23.706351720417512, -81.933 23.699, -81.62124451410698 23.512680250783934, -81.38134932899526 23.370917282270007, -80.818 23.108, -80.4910495846037 22.890759833116494, -80.114 22.699, -80.059 22.665, -79.43041728288193 22.21977926296414, -78.804 21.856, -78.76545063925995 21.825085658280315, -78.723 21.8, -78.65 21.749, -78.5924751098572 21.702545124479368, -78.533 21.667, -78.04419667313702 21.2649636579316, -77.519 20.916, -77.26533171634128 20.68626431667283, -76.96 20.47, -76.915 20.432, -76.34141196883573 19.8846736301463, -75.714 19.378, -75.654 19.322, -75.56577885644607 19.22648728434728, -75.474 19.151, -75.04912350263253 18.67914659179151, -74.583 18.257, -74.28530506755372 17.9227053442573, -74.163 17.806, -74.128 17.767, -73.99563941844097 17.59742712183372, -73.428 16.96, -73.364 16.883, -73.27 16.769, -73.156 16.628, -73.09473538379754 16.551209419417464, -73.089 16.545, -73.04672955974827 16.491037735848856, -73.0305781217193 16.47079312516871, -73.028 16.468, -73.02602193952035 16.46508229405632, -73.01 16.445, -72.866 16.261, -72.83203561808303 16.21692408453523, -72.824 16.208, -72.81710518967841 16.19754871943, -72.735 16.091, -72.586 15.895, -72.406 15.652, -72.242 15.425, -72.1259684542591 15.260804416404381, -72.076 15.191, -72.02558959537507 15.117196531790968, -71.927 14.975, -71.7855877904806 14.766034187207007, -71.784 14.764, -71.757 14.725, -71.75047252475593 14.713519811567036, -71.615 14.509, -71.458 14.266, -71.315 14.04, -71.188 13.835, -71.085 13.666, -71.01 13.54, -70.944 13.427, -70.90819544740974 13.366132260596554, -70.904 13.36, -70.869 13.299, -70.85920624961926 13.278941645854843, -70.83310871202288 13.23046129857085, -70.805 13.189, -70.75884788449137 13.092509942239708, -70.71524408558308 13.011508916523459, -70.643 12.902, -70.56092581008653 12.724838054925518, -70.055 11.785, -69.97876814747539 11.597537086519553, -69.871 11.408, -69.854 11.371, -69.6320216001915 10.801090063649571, -69.596 10.812, -69.42744690297245 10.346588368587817, -69.205 9.891, -69.181 9.831, -69.14541961125352 9.719321399068926, -69.096 9.616, -69.04818739721588 9.45950360696331, -68.978 9.308, -68.80051796569232 8.700084059065071, -68.563 8.116, -68.5254863710551 7.960158592160938, -68.467 7.81, -68.457 7.776, -68.38869918310964 7.478380786213771, -68.281 7.181, -68.256 7.09, -68.16604975183901 6.6453062028667516, -68.028 6.212, -68.015 6.155, -67.98760320220322 5.988084119916701, -67.939 5.829, -67.91503295052756 5.667098448563764, -67.868 5.506, -67.7823735951566 4.873074126157542, -67.636 4.265, -67.62664933804565 4.1577663912503295, -67.601 4.046, -67.596 4.017, -67.57096186459806 3.7033255233743483, -67.509 3.397, -67.497 3.309, -67.4721537146319 2.8476913815154443, -67.399 2.402, -67.394 2.349, -67.39017954441942 2.1216231983367653, -67.359 1.911, -67.35941483453524 1.7466840405854027, -67.337 1.581, -67.3466160831551 0.9463385117640779, -67.292 0.32, -67.29591578401809 0.2575842974857592, -67.291 0.196, -67.291 0.173, -67.31143085516246 -0.1363699846931114, -67.294 -0.46, -67.296 -0.542, -67.33778653460011 -0.9965795266902022, -67.33 -1.46, -67.333 -1.507, -67.36831626508709 -1.7791726009970297, -67.369 -2.05, -67.39566871955144 -2.291135490394386, -67.397 -2.379, -67.42209294794786 -2.530060319926465, -67.53465937005514 -3.547872942854527, -67.54 -3.633, -67.54338587390713 -3.6487007230758866, -67.544 -3.658, -67.546 -3.675, -67.55160098133138 -3.7010570406244985, -67.56 -3.777, -67.575 -3.876, -67.597 -4.022, -67.625 -4.2, -67.64153690248565 -4.300962141491359, -67.642 -4.306, -67.65053124999996 -4.355874999999774, -67.663 -4.432, -67.703 -4.661, -67.742 -4.873, -67.788 -5.115, -67.848 -5.412, -67.907 -5.685, -67.967 -5.954, -68.03 -6.22, -68.0450099160946 -6.280039664378406, -68.046 -6.286, -68.04816240070608 -6.292649602824279, -68.098 -6.492, -68.168 -6.764, -68.243 -7.043, -68.316 -7.301, -68.3523519055287 -7.426332689210937, -68.354 -7.434, -68.357 -7.445, -68.36042225218377 -7.454157317230603, -68.3745105877756 -7.502730533972606, -68.375 -7.505, -68.37572235580097 -7.506908420746648, -68.383 -7.532, -68.44 -7.722, -68.483 -7.862, -68.522 -7.987, -68.55439999999977 -8.087799999999296, -68.567 -8.128, -68.57895259532819 -8.157624579118572, -68.81132643448778 -8.80779790158888, -68.868 -9.009, -68.88 -9.042, -68.95476387928743 -9.209130514542725, -69.147 -9.747, -69.22133289022571 -9.900268569371649, -69.271 -10.053, -69.51075984484731 -10.53224908038892, -69.705 -11.052, -69.707 -11.058, -69.74809391107621 -11.132631844954542, -69.777 -11.209, -69.89462857822053 -11.418535383792541, -69.986 -11.645, -70.014 -11.703, -70.2540294731903 -12.113566845378715, -70.443 -12.536, -70.457 -12.562, -70.69013878606565 -12.92883072612956, -70.875 -13.31, -70.9690255371206 -13.447134566862951, -71.043 -13.595, -71.32245601372111 -13.991876566854803, -71.567 -14.436, -71.64997459869346 -14.545386933412717, -71.716 -14.663, -71.83068273943408 -14.810408817216684, -71.931 -14.982, -71.965 -15.03, -72.25947819548874 -15.398097744360923, -72.513 -15.797, -72.527 -15.815, -72.84627287515245 -16.185066287108526, -73.115 -16.577, -73.2280858728653 -16.69820528786748, -73.323 -16.833, -73.77730633047209 -17.349887324556303, -73.898 -17.509, -73.902 -17.513, -74.03426805780383 -17.642813301272525, -74.148 -17.789, -74.24070679424875 -17.877121505226352, -74.26287184466018 -17.90233980582522, -74.341 -18, -74.377 -18.039, -74.41007433963871 -18.069819540739775, -74.47 -18.138, -74.539 -18.211, -74.641 -18.318, -74.766 -18.448, -74.931 -18.616, -75.02607246376809 -18.711652173913013, -75.035 -18.722, -75.047 -18.734, -75.05613303221033 -18.741896038504287, -75.095 -18.781, -75.248 -18.932, -75.424 -19.104, -75.644 -19.312, -75.849 -19.503, -76.052 -19.688, -76.257 -19.871, -76.468 -20.055, -76.681 -20.237, -76.903 -20.422, -77.0133202530163 -20.512601173974737, -77.019 -20.518, -77.02503277886497 -20.52222015655577, -77.11 -20.592, -77.15912061009807 -20.631453255983025, -77.164 -20.636, -77.19634074074101 -20.661348148148367, -77.298 -20.743, -77.454 -20.866, -77.569 -20.956, -77.673 -21.035, -77.767 -21.107, -77.90411979669894 -21.204146541319293, -77.956 -21.249, -77.965 -21.256, -78.0870212216805 -21.333728419845116, -78.7890546390848 -21.831104583121746, -78.92 -21.935, -79.00259072690588 -21.982390486966953, -79.194 -22.118, -79.48797777905179 -22.281896860055173, -79.765 -22.484, -79.78 -22.493, -80.03203660504172 -22.62573284851917, -80.264 -22.788, -80.30612151613609 -22.808918295217527, -80.341 -22.833, -80.376 -22.854, -80.80993850005669 -23.068246846249167, -81.213 -23.325, -81.218 -23.328, -81.81149031123992 -23.594134615270416, -82.355 -23.906, -82.5077853243069 -23.96548320537226, -82.654 -24.047, -82.92087550782472 -24.147114301883544, -83.177 -24.282, -83.198 -24.291, -83.50728949629324 -24.39999994973101, -83.803 -24.546, -83.80819610136452 -24.548110916179333, -83.812 -24.55, -83.81606807926231 -24.551308907200315, -83.835 -24.559, -84.29491421957 -24.707758635544614, -84.737 -24.906, -85.4201841700327 -25.099354010386612, -86.046 -25.343, -86.20330476428151 -25.378467887571627, -86.362 -25.438, -86.59010013993641 -25.48644552649488, -86.813 -25.565, -86.841 -25.573, -87.1666819273754 -25.636628036916036, -87.477 -25.737, -87.505 -25.744, -87.54268661644493 -25.750350892771273, -87.582 -25.763, -88.25777343750005 -25.902445312500014, -88.447 -25.956, -88.453 -25.957, -88.64162350936967 -25.981652470187395, -89.283 -26.114, -89.382 -26.131, -89.528 -26.155, -89.706 -26.184, -89.939 -26.219, -90.169 -26.251, -90.22727000826394 -26.258933475303543, -90.237 -26.261, -90.24670302474792 -26.261579285059575, -90.382 -26.28, -90.627 -26.311, -90.927 -26.345, -91.206 -26.374, -91.29030769230766 -26.381692307692305, -91.308 -26.384, -91.31788692445362 -26.384208660990293, -91.48 -26.399, -91.48547870778286 -26.399461576113573, -91.491 -26.4, -91.50207471852593 -26.400859774820866, -91.753 -26.422, -92.032 -26.442, -92.313 -26.459, -92.601 -26.473, -92.868 -26.484, -93.109 -26.491, -93.308 -26.496, -93.454 -26.498, -93.585 -26.499, -93.703 -26.5, -93.81429004089753 -26.496691205187723, -93.86 -26.5, -93.95774147935703 -26.492426211019687, -94.06164513358777 -26.489337022900763, -94.19 -26.497, -94.3158827742044 -26.48564023634556, -94.45 -26.492, -94.491 -26.491, -94.70001137793909 -26.470357580530113, -94.99055450482791 -26.46171936292107, -95.146 -26.465, -95.164 -26.464, -95.24204067665471 -26.454242358384196, -95.452 -26.448, -95.78149681842335 -26.40239286963959, -96.127 -26.397, -96.145 -26.395, -96.98927032281756 -26.25751918997666, -97.809 -26.194, -97.9763548488301 -26.15531626712712, -98.135 -26.141, -98.20308026637983 -26.124386858074153, -98.288 -26.116, -98.334 -26.108, -98.65849589814144 -26.027073514177335, -98.979 -25.987, -98.99 -25.985, -99.18271618781317 -25.931614863629225, -99.375 -25.905, -99.64632950921752 -25.82484420501789, -99.934 -25.778, -99.957 -25.773, -100.83091760429697 -25.495489892968934, -101.668 -25.302, -101.82061260479126 -25.24162623807199, -101.983 -25.202, -102.00805479706739 -25.191722336246652, -102.031 -25.186, -102.081 -25.17, -102.38815907199687 -25.04366140500868, -102.701 -24.957, -102.707 -24.955, -102.9412080244914 -24.851475670489904, -103.173 -24.783, -103.38238976290377 -24.68527699836617, -103.61 -24.613, -103.637 -24.602, -104.50413700585166 -24.180020196164577, -105.351 -23.845, -105.46901857321242 -23.776463082592848, -105.599 -23.723, -105.64699999999993 -23.699000000000034, -105.651 -23.697, -105.93650130812362 -23.52749998883903, -106.234 -23.396, -106.4898153747408 -23.235029603596868, -106.762 -23.108, -106.9123671167323 -23.00808950594811, -107.079 -22.927, -107.109 -22.91, -107.95500575226036 -22.33277592956325, -108.776 -21.856, -108.87674782618087 -21.781897417340872, -108.917 -21.758, -108.97 -21.721, -109.0073723414205 -21.6906833535981, -109.047 -21.667, -109.16575238665894 -21.569327229541067, -109.33620673664458 -21.443953729801798, -109.503 -21.339, -109.65119829567958 -21.21226944513632, -109.98854655355824 -20.9641412411641, -110.061 -20.916, -110.09127185291298 -20.888584176806674, -110.175 -20.827, -110.254 -20.765, -110.26133218334155 -20.75918482010843, -110.266 -20.756, -110.2926666666666 -20.73433333333339, -110.37 -20.673, -110.51 -20.559, -110.692 -20.41, -110.87 -20.261, -111.034 -20.122, -111.22 -19.961, -111.447 -19.76, -111.655 -19.573, -111.84238940285942 -19.399525651808354, -111.866 -19.378, -111.90547161572033 -19.340436681222887, -111.91096256261528 -19.335275191141637, -111.915 -19.332, -111.966 -19.284, -111.96912081105401 -19.280606437609233, -112.057 -19.198, -112.10556922571413 -19.151354307977517, -112.106 -19.151, -112.10639559127206 -19.150560669768424, -112.259 -19.004, -112.42665019271496 -18.838864560175768, -112.43 -18.836, -112.438 -18.828, -112.4399617658652 -18.82575266062278, -112.459 -18.807, -112.663 -18.603, -112.85 -18.411, -112.9964083201382 -18.25753585720454, -112.997 -18.257, -112.99748252632736 -18.256409882042412, -113.016 -18.237, -113.10017764778947 -18.148521304513267, -113.104 -18.145, -113.136 -18.111, -113.13671167485892 -18.110120575330782, -113.153 -18.093, -113.252 -17.985, -113.341 -17.889, -113.42 -17.802, -114.50817837809203 -16.519641381294385, -114.529 -16.497, -114.54831482190717 -16.472342780544025, -114.552 -16.468, -114.55382274634648 -16.465311387642778, -114.576 -16.437, -114.65729122645703 -16.31762261152338, -114.756 -16.208, -114.85169343271652 -16.06294613087538, -114.966 -15.932, -114.977 -15.918, -115.22571622232734 -15.53133428892877, -115.504 -15.191, -115.51771100561072 -15.167892783221129, -115.533 -15.149, -115.563 -15.106, -116.10046317902409 -14.198302897344782, -116.704 -13.312, -116.745 -13.241, -116.75823152472412 -13.213734066769963, -116.775 -13.189, -116.84708037628126 -13.038301823023458, -116.937 -12.902, -116.98850813544762 -12.790816673394145, -117.054 -12.689, -117.066 -12.669, -117.26277001832871 -12.235335773999052, -117.501 -11.833, -117.525 -11.785, -117.527 -11.781, -117.92776626299818 -10.803697676491623, -118.393 -9.845, -118.426 -9.764, -118.45091958498824 -9.68516110171854, -118.484 -9.616, -118.5318126027841 -9.45950360696336, -118.602 -9.308, -118.63400470681466 -9.213252252847226, -118.65 -9.178, -118.66 -9.151, -118.68868401280086 -9.051377904549991, -118.88652409220715 -8.465685870911928, -118.968 -8.267, -118.988 -8.205, -118.99925361891998 -8.159640396905207, -119.017 -8.116, -119.04764017070957 -7.988712732036061, -119.158 -7.662, -119.187 -7.567, -119.229 -7.425, -119.279 -7.251, -119.342 -7.025, -119.402 -6.801, -119.457 -6.593, -119.517 -6.354, -119.55900177619893 -6.179485577765002, -119.562 -6.17, -119.57865789473693 -6.097815789473278, -119.588 -6.059, -119.64052797786755 -5.83054498514744, -119.641 -5.829, -119.64121111540827 -5.827573879018017, -119.651 -5.785, -119.682 -5.645, -119.712 -5.506, -119.71817852801225 -5.475853044354035, -119.719 -5.473, -119.726 -5.439, -119.7265205618729 -5.435149672240836, -119.77 -5.223, -119.827 -4.933, -119.88 -4.642, -119.89808270998863 -4.536758627866222, -119.901 -4.525, -119.913 -4.455, -119.91414502164501 -4.4432759740260535, -119.93 -4.351, -119.972 -4.094, -120.01 -3.844, -120.037 -3.657, -120.055 -3.522, -120.07 -3.406, -120.083 -3.306, -120.16099642542025 -2.4651010384380165, -120.193 -2.265, -120.17981610457211 -2.262201372581806, -120.19794716556926 -2.066725871206285, -120.221 -1.911, -120.22077189290488 -1.8206467796192323, -120.23294979803806 -1.6893537399020278, -120.238 -1.652, -120.241 -1.611, -120.24091520286309 -1.6034767191322623, -120.243 -1.581, -120.23637724550898 -1.1438982035928704, -120.281 -0.687, -120.283 -0.611), (-97.0323899205828 2.325401683883676, -97.07827154250133 2.258479673215516, -97.208701757744 2.062243276868553, -97.34233532934128 1.8169368954399738, -97.36728542914172 1.7653093812375387, -97.47767687747036 1.5301842885375412, -97.57371984435795 1.2655953307393895, -97.60310957960034 1.1713170227427412, -97.66243305537337 0.9725313407664116, -97.71988811188814 0.6896013986012319, -97.74005819730291 0.5571511710442639, -97.76487052939511 0.3801764650372329, -97.77832710603703 0.1123905898631749, -97.7786430960344 -0.0765714285707106, -97.77723769730733 -0.2166428350356448, -97.74991996320146 -0.4875436982520495, -97.73023751387343 -0.621248612652826, -97.699029859372 -0.813045655942905, -97.6319208282582 -1.0773730642074506, -97.61124265842331 -1.1449611393249397, -97.53193784277883 -1.392897623400254, -97.43085423728807 -1.6329711864407985, -97.40317813943246 -1.6907906311856755, -97.2813214886853 -1.9372629511875012, -97.14592765957441 -2.1585797872341215, -97.09209976433633 -2.2378798114688148, -96.96119216605288 -2.426371397266952, -96.78273542786272 -2.6386653871139636, -96.67555621301794 -2.7545562130175516, -96.5679852254072 -2.8681469882561457, -96.35983749411218 -3.052134715025846, -96.25811111111108 -3.133777777777808, -96.10210010060362 -3.255413480885313, -95.87285699077357 -3.4033711852377793, -95.79312923213118 -3.4496348749722388, -95.59075728002519 -3.563663686447345, -95.34156127044326 -3.676144821047633, -95.27090158172211 -3.7041036906854923, -95.03839524391393 -3.792697339975555, -94.77976793515754 -3.8655627730512685, -94.6903036773426 -3.8861257413998125, -94.45876916392528 -3.936476568803921, -94.19289988081049 -3.9695983313468415, -94.07453342816503 -3.9787339971550484, -93.87094444444445 -3.992033780011167, -93.59114272906581 -3.985003586157432, -93.48024999999998 -3.9770029362416097, -93.27608066990138 -3.959532070746594, -92.99491709511572 -3.909886889460163, -92.89412405063285 -3.887065822784797, -92.69100775881178 -3.8384717357570346, -92.43055720843743 -3.75119553721889, -92.32105626373631 -3.7085353846154034, -92.12705892623309 -3.630096027935401, -91.88640631491485 -3.506603240548414, -91.77975568973532 -3.445366465397162, -91.60847174485211 -3.344259049388429, -91.38282373595507 -3.1818855337078804, -91.27100000000031 -3.0930000000002575, -91.13530078223565 -2.982451930355758, -90.93831810650893 -2.79053189349119, -90.84093178893171 -2.686223509223429, -90.72032958499005 -2.553621085984085, -90.5476100794172 -2.3254016838836558, -90.50172845749852 -2.2584796732152834, -90.37129824225609 -2.0622432768686716, -90.23766467065859 -1.8169368954397074, -90.21271457085847 -1.7653093812379204, -90.10232312252964 -1.5301842885375403, -90.00628015564199 -1.2655953307391958, -89.97689042039991 -1.1713170227435359, -89.91756694462661 -0.9725313407663797, -89.86011188811187 -0.6896013986013437, -89.839941802697 -0.5571511710435836, -89.81512947060489 -0.3801764650372329, -89.80167289396299 -0.1123905898633717, -89.8013569039656 0.0765714285711439, -89.80276230269267 0.2166428350356448, -89.8300800367985 0.487543698251913, -89.84976248612655 0.621248612652764, -89.88097014062802 0.81304565594303, -89.94807917174177 1.0773730642073833, -89.96875734157655 1.1449611393244719, -90.04806215722118 1.3928976234002801, -90.14914576271192 1.6329711864408014, -90.17682186056754 1.6907906311856755, -90.2986785113147 1.9372629511875012, -90.43407234042559 2.1585797872341215, -90.48790023566369 2.2378798114688254, -90.6188078339471 2.4263713972669323, -90.79726457213734 2.63866538711402, -90.90444378698214 2.754556213017639, -91.01201477459274 2.8681469882560835, -91.22016250588794 3.052134715025948, -91.32188888888876 3.133777777777676, -91.47789989939638 3.255413480885313, -91.70714300922639 3.4033711852377513, -91.78687076786906 3.449634874972377, -91.98924271997481 3.563663686447345, -92.23843872955673 3.6761448210476284, -92.30909841827777 3.704103690685445, -92.54160475608612 3.7926973399755672, -92.80023206484249 3.865562773051274, -92.88969632265716 3.8861257413997583, -93.12123083607473 3.936476568803922, -93.3871001191895 3.9695983313468406, -93.50546657183502 3.9787339971550515, -93.70905555555555 3.992033780011167, -93.98885727093419 3.985003586157432, -94.09975000000004 3.977002936241607, -94.30391933009861 3.959532070746596, -94.5850829048843 3.909886889460156, -94.68587594936713 3.8870658227847987, -94.8889922411882 3.8384717357570373, -95.14944279156256 3.751195537218889, -95.25894373626369 3.7085353846154034, -95.45294107376691 3.630096027935401, -95.69359368508515 3.506603240548414, -95.80024431026467 3.445366465397162, -95.97152825514789 3.344259049388429, -96.19717626404493 3.1818855337078804, -96.30899999999968 3.0930000000002575, -96.44469921776435 2.982451930355758, -96.64168189349111 2.7905318934911385, -96.73906821106794 2.6862235092238054, -96.85967041500996 2.5536210859840667, -97.0323899205828 2.325401683883676)), ((-21.529 1.892, -19.533 2.032, 7.324 3.913, 7.539 -1.417, 5.543 -1.557, -21.314 -3.439, -21.529 1.892)), ((-9.144 13.448, -9.004 13.184, -8.904 12.903, -8.848 12.609, -8.836 12.31, -8.868 12.013, -8.945 11.724, -9.064 11.45, -9.222 11.196, -9.416 10.969, -9.642 10.774, -9.895 10.614, -10.169 10.494, -10.457 10.415, -10.754 10.381, -16.749 10.14, -17.048 10.15, -17.342 10.205, -17.624 10.303, -17.889 10.442, -18.13 10.618, -18.342 10.829, -18.52 11.069, -18.661 11.333, -18.76 11.615, -18.817 11.908, -18.829 12.207, -18.796 12.504, -18.719 12.793, -18.601 13.068, -18.442 13.321, -18.248 13.548, -18.022 13.744, -17.769 13.904, -17.496 14.024, -17.207 14.102, -16.91 14.136, -10.915 14.378, -10.616 14.368, -10.322 14.313, -10.04 14.215, -9.775 14.076, -9.534 13.899, -9.322 13.688, -9.144 13.448), (-17.487 11.371, -17.365 11.281, -17.231 11.211, -17.088 11.162, -16.94 11.134, -16.789 11.129, -16.79 11.139, -10.794 11.38, -10.794 11.37, -10.644 11.387, -10.498 11.427, -10.36 11.488, -10.232 11.568, -10.118 11.667, -10.02 11.782, -9.94 11.91, -9.88 12.049, -9.842 12.194, -9.825 12.345, -9.831 12.495, -9.86 12.644, -9.91 12.786, -9.981 12.919, -10.071 13.041, -10.178 13.147, -10.3 13.236, -10.433 13.307, -10.576 13.356, -10.724 13.384, -10.875 13.389, -10.875 13.379, -16.87 13.137, -16.87 13.147, -17.02 13.13, -17.166 13.091, -17.304 13.03, -17.432 12.949, -17.546 12.85, -17.644 12.736, -17.724 12.608, -17.784 12.469, -17.823 12.323, -17.839 12.173, -17.833 12.022, -17.805 11.874, -17.755 11.731, -17.684 11.598, -17.594 11.477, -17.487 11.371)), ((59.191 16.019, 59.1925690701284 16.020941583180463, 59.195 16.025, 59.309 16.168, 59.319782905982905 16.178357264957263, 59.33 16.191, 59.38383256528413 16.239878648233447, 59.461 16.314, 59.48074192066168 16.327869964772567, 59.493 16.339, 59.60244704433487 16.413375615763478, 59.656 16.451, 59.6624442204301 16.454147177419355, 59.674 16.462, 59.87 16.556, 60.09 16.624, 60.319 16.657, 60.31994534340165 16.656992089176555, 60.32 16.657, 60.537 16.656, 60.542735811082764 16.655127733798473, 60.558 16.655, 60.655950963222494 16.637910683012247, 60.754 16.623, 60.77085225505442 16.61786407465008, 60.793 16.614, 60.888433070866164 16.58202992125984, 60.964 16.559, 60.98032142857142 16.551247321428576, 60.993 16.547, 61.13161904761891 16.479380952381018, 61.164 16.464, 61.306 16.372, 61.331536958155844 16.350946629917317, 61.348 16.34, 61.37662381664178 16.31377578475334, 61.437 16.264, 61.47369462193822 16.2248426517572, 61.515 16.187, 61.55543453442743 16.137616839100932, 61.586 16.105, 61.60609249743061 16.075747687564256, 61.637 16.038, 61.68043276661514 15.967517001545607, 61.722 15.907, 61.736209580838334 15.877001996007964, 61.751 15.853, 61.80070588235298 15.740843137254823, 61.821 15.698, 61.82386476868327 15.688587188612109, 61.829 15.677, 61.884 15.491, 61.914 15.299, 61.91437576749898 15.286912812116205, 61.916 15.276, 61.916 15.234666666666904, 61.92 15.106, 61.916 15.069999999999943, 61.916 15.045, 61.9069523809524 14.988571428571525, 61.896 14.89, 61.88259806595586 14.836677411356293, 61.878 14.808, 61.86544816835541 14.768442712392776, 61.849 14.703, 61.82935769428718 14.654703036541429, 61.812 14.6, 61.77757175819108 14.5273705583757, 61.764 14.494, 61.752641414141394 14.474777777777744, 61.739 14.446, 61.651 14.302, 61.64936639439905 14.300004667444554, 61.647 14.296, 61.532 14.154, 61.52184293948129 14.144243876080711, 61.511 14.131, 61.44161752988049 14.06718525896415, 61.38 14.008, 61.36815270935961 13.9996157635468, 61.349 13.982, 61.24029411764712 13.909131221719495, 61.185 13.87, 61.173501857673635 13.864358388110892, 61.167 13.86, 61.061396551724116 13.80935344827585, 60.971 13.765, 60.749 13.697, 60.522 13.664, 60.304 13.665, 60.29153039134055 13.666905079100749, 60.284 13.667, 60.23361797752809 13.675752808988763, 60.088 13.698, 60.06528808491554 13.70499656151891, 60.048 13.708, 59.94960443995963 13.740633703329971, 59.877 13.763, 59.86524137931037 13.768613411887012, 59.849 13.774, 59.684 13.854, 59.67810863927937 13.857948137027435, 59.678 13.858, 59.536 13.95, 59.514291632597434 13.96773126192423, 59.493 13.982, 59.46323498465585 14.009434020166596, 59.405 14.057, 59.360836236933814 14.103813588850157, 59.327 14.135, 59.29608485499458 14.172450053705745, 59.255 14.216, 59.230305008307624 14.252134583432227, 59.204 14.284, 59.16006757912747 14.354908468776712, 59.119 14.415, 59.10654117647058 14.441301960784331, 59.09 14.468, 59.03799999999996 14.586000000000087, 59.02 14.624, 59.0172 14.633199999999986, 59.012 14.645, 58.957 14.831, 58.927 15.023, 58.92672972972973 15.03343243243242, 58.925 15.045, 58.925 15.100200000000054, 58.922 15.216, 58.925 15.244043478260856, 58.925 15.276, 58.93535979228486 15.34088501483679, 58.945 15.431, 58.95813953488372 15.483558139534894, 58.963 15.514, 58.97528333333332 15.552133333333293, 58.992 15.619, 59.015186021212955 15.676010334511858, 59.03 15.722, 59.058651982378855 15.78288546255507, 59.077 15.828, 59.0904465116279 15.850448837209296, 59.102 15.875, 59.191 16.019), (59.362 14.65, 59.426 14.535, 59.501 14.429, 59.651 14.272, 59.77 14.182, 59.929 14.093, 60.137 14.02, 60.367 13.987, 60.506 13.989, 60.652 14.009, 60.806 14.051, 60.97 14.122, 61.136 14.228, 61.282 14.361, 61.405 14.518, 61.5 14.695, 61.562 14.882, 61.593 15.074, 61.595 15.212, 61.567 15.419, 61.53 15.548, 61.479 15.672, 61.415 15.787, 61.341 15.892, 61.19 16.049, 61.071 16.139, 60.912 16.228, 60.704 16.301, 60.474 16.335, 60.335 16.333, 60.189 16.313, 60.035 16.271, 59.871 16.2, 59.706 16.094, 59.559 15.96, 59.437 15.803, 59.342 15.627, 59.279 15.44, 59.249 15.248, 59.247 15.11, 59.274 14.903, 59.311 14.773, 59.362 14.65)), ((53.415 23.996, 53.507 24.138, 53.52846415917145 24.16427855001364, 53.539 24.18, 53.560253909843574 24.20319871205148, 53.614 24.269, 53.6585373438695 24.31047540147847, 53.692 24.347, 53.73968444610223 24.3860436404327, 53.774 24.418, 53.803252312435745 24.438092497430613, 53.841 24.469, 53.91499021207182 24.514841761827107, 53.972 24.554, 53.99830196078431 24.56645882352941, 54.025 24.583, 54.14300000000003 24.635000000000016, 54.181 24.653, 54.190199999999976 24.655799999999992, 54.202 24.661, 54.388 24.716, 54.58 24.746, 54.59088879803758 24.746338511856088, 54.602 24.748, 54.64433333333341 24.748, 54.773 24.752, 54.808999999999976 24.748, 54.833 24.748, 54.89312631578948 24.738652631578947, 54.989 24.728, 55.03335059760959 24.71685305835481, 55.071 24.711, 55.12199891027967 24.6945724664003, 55.176 24.681, 55.221187652978 24.66262224639651, 55.279 24.644, 55.35938202247191 24.60641879468846, 55.385 24.596, 55.3973317683881 24.58867605633803, 55.433 24.572, 55.576 24.483, 55.5779839055794 24.481385193133043, 55.582 24.479, 55.725 24.364, 55.735033660589075 24.35355399719494, 55.748 24.343, 55.80305190311413 24.28274048442913, 55.871 24.212, 55.882415129151305 24.195869926199254, 55.896 24.181, 55.96092572944297 24.084931034482764, 56.009 24.017, 56.01454179064107 24.005596700027034, 56.019 23.999, 56.113 23.803, 56.181 23.584, 56.214 23.354, 56.213 23.136, 56.212119644300735 23.130237671786595, 56.212 23.116, 56.194955056179765 23.017887640449377, 56.18 22.92, 56.17519975205331 22.904174182550758, 56.171 22.88, 56.13938900785149 22.7861106352604, 56.116 22.709, 56.10727063890883 22.690714285714286, 56.104 22.681, 56.024 22.516, 56.023518939393945 22.515276515151516, 56.021 22.51, 55.929 22.368, 55.91138336256575 22.3466316712603, 55.897 22.325, 55.86430212765957 22.289523877068554, 55.821 22.237, 55.78185017421604 22.200066202090603, 55.744 22.159, 55.69854779806658 22.121479054779794, 55.662 22.087, 55.63092029339851 22.06565232273837, 55.595 22.036, 55.52451700154558 21.992567233384847, 55.464 21.951, 55.43400199600797 21.93679041916167, 55.41 21.922, 55.29784313725501 21.872294117647108, 55.255 21.852, 55.245587188612085 21.849135231316723, 55.234 21.844, 55.048 21.789, 54.856 21.759, 54.84556756756758 21.75872972972973, 54.834 21.757, 54.778800000000025 21.757, 54.663 21.754, 54.634826086956515 21.757, 54.602 21.757, 54.53709793253536 21.767406238665217, 54.447 21.777, 54.39367741135631 21.790401934044137, 54.365 21.795, 54.32812967671631 21.80687649836542, 54.26 21.824, 54.2029896654882 21.847186021212934, 54.157 21.862, 54.09305617977525 21.891895812053125, 54.051 21.909, 54.0310786516854 21.92087231869254, 54.003 21.934, 53.859 22.023, 53.85704411764706 22.024589869281048, 53.853 22.027, 53.711 22.141, 53.70090452790451 22.151510354510368, 53.688 22.162, 53.632286956521824 22.222947826086862, 53.565 22.293, 53.553852309099206 22.30875217192503, 53.539 22.325, 53.47183838383844 22.42464141414133, 53.427 22.488, 53.42139031141867 22.499486505190337, 53.417 22.506, 53.35094594594607 22.643729729729465, 53.322 22.703, 53.254 22.924, 53.22675384615373 23.112246153846936, 53.221 23.151, 53.22101155057752 23.151920196009804, 53.221 23.152, 53.222 23.369, 53.22389262023217 23.3814454118297, 53.224 23.39, 53.23329859894924 23.44329684763592, 53.255 23.586, 53.26232408102025 23.60966241560389, 53.265 23.625, 53.29838372093024 23.726162790697693, 53.32 23.796, 53.32468448275863 23.80586206896553, 53.331 23.825, 53.411 23.989, 53.413317907444664 23.992458752515088, 53.415 23.996), (53.608 22.867, 53.679 22.703, 53.785 22.538, 53.918 22.391, 54.075 22.269, 54.252 22.174, 54.439 22.111, 54.631 22.081, 54.769 22.079, 54.976 22.106, 55.105 22.143, 55.229 22.194, 55.344 22.258, 55.449 22.333, 55.606 22.483, 55.696 22.602, 55.785 22.761, 55.858 22.969, 55.892 23.199, 55.89 23.338, 55.87 23.484, 55.828 23.638, 55.757 23.802, 55.651 23.968, 55.518 24.114, 55.36 24.237, 55.184 24.332, 54.997 24.394, 54.805 24.425, 54.667 24.427, 54.46 24.399, 54.33 24.362, 54.207 24.311, 54.092 24.247, 53.986 24.173, 53.829 24.022, 53.739 23.903, 53.65 23.744, 53.577 23.536, 53.544 23.306, 53.546 23.168, 53.566 23.021, 53.608 22.867)), ((-38.264 42.406, -38.072 42.176, -37.917 41.921, -37.801 41.645, -37.728 41.355, -37.699 41.058, -37.715 40.759, -37.775 40.466, -37.878 40.186, -38.021 39.923, -38.202 39.686, -38.417 39.477, -38.66 39.303, -38.926 39.168, -39.21 39.073, -39.504 39.022, -39.803 39.015, -45.795 39.328, -46.091 39.366, -46.379 39.448, -46.651 39.571, -46.902 39.734, -47.126 39.932, -47.317 40.162, -47.472 40.417, -47.588 40.693, -47.661 40.983, -47.69 41.28, -47.674 41.579, -47.615 41.871, -47.512 42.152, -47.368 42.414, -47.187 42.652, -46.973 42.86, -46.73 43.034, -46.463 43.17, -46.18 43.265, -45.885 43.316, -45.586 43.323, -39.594 43.01, -39.298 42.972, -39.01 42.89, -38.738 42.767, -38.487 42.604, -38.264 42.406), (-46.649 41.006, -46.591 40.867, -46.512 40.738, -46.415 40.622, -46.302 40.522, -46.176 40.439, -46.038 40.377, -45.893 40.336, -45.743 40.317, -45.743 40.327, -39.751 40.014, -39.751 40.004, -39.601 40.007, -39.452 40.033, -39.309 40.081, -39.174 40.149, -39.051 40.237, -38.943 40.342, -38.851 40.462, -38.779 40.595, -38.727 40.737, -38.697 40.885, -38.689 41.035, -38.704 41.186, -38.74 41.332, -38.799 41.471, -38.877 41.6, -38.974 41.716, -39.087 41.816, -39.214 41.898, -39.351 41.961, -39.496 42.002, -39.646 42.021, -39.647 42.011, -45.638 42.324, -45.638 42.334, -45.789 42.331, -45.938 42.305, -46.081 42.257, -46.215 42.189, -46.338 42.101, -46.446 41.996, -46.538 41.875, -46.61 41.743, -46.662 41.601, -46.693 41.453, -46.701 41.303, -46.686 41.152, -46.649 41.006)), ((-48.968 48.113, -48.676 48.173, -48.377 48.189, -48.079 48.16, -42.167 47.137, -41.878 47.064, -41.602 46.948, -41.346 46.793, -41.117 46.602, -40.918 46.378, -40.755 46.128, -40.631 45.856, -40.55 45.568, -40.512 45.272, -40.518 44.973, -40.569 44.678, -40.663 44.395, -40.799 44.128, -40.973 43.885, -41.181 43.67, -41.419 43.489, -41.681 43.345, -41.961 43.242, -42.254 43.182, -42.553 43.166, -42.85 43.195, -48.762 44.219, -49.052 44.292, -49.328 44.407, -49.583 44.562, -49.813 44.754, -50.011 44.977, -50.174 45.228, -50.298 45.5, -50.38 45.787, -50.418 46.084, -50.411 46.383, -50.36 46.677, -50.266 46.961, -50.131 47.227, -49.957 47.471, -49.749 47.685, -49.511 47.866, -49.249 48.01, -48.968 48.113), (-49.41 45.987, -49.369 45.841, -49.306 45.704, -49.224 45.577, -49.124 45.464, -49.008 45.368, -48.879 45.289, -48.74 45.231, -48.593 45.194, -48.591 45.204, -42.679 44.181, -42.681 44.17, -42.531 44.156, -42.38 44.164, -42.232 44.194, -42.091 44.246, -41.958 44.319, -41.838 44.41, -41.733 44.519, -41.645 44.642, -41.577 44.776, -41.529 44.92, -41.503 45.068, -41.5 45.219, -41.519 45.369, -41.561 45.514, -41.623 45.652, -41.705 45.778, -41.806 45.891, -41.922 45.988, -42.051 46.066, -42.19 46.124, -42.336 46.161, -42.338 46.151, -48.25 47.175, -48.248 47.185, -48.399 47.2, -48.549 47.192, -48.697 47.161, -48.839 47.109, -48.971 47.037, -49.092 46.945, -49.197 46.837, -49.284 46.714, -49.353 46.579, -49.4 46.436, -49.426 46.287, -49.43 46.136, -49.41 45.987)), ((52.135 47.698, 52.327 47.469, 52.482 47.213, 52.598 46.938, 52.671 46.648, 52.7 46.35, 52.684 46.052, 52.624 45.759, 52.521 45.478, 52.378 45.216, 52.197 44.978, 51.982 44.77, 51.739 44.596, 51.473 44.46, 51.189 44.366, 50.895 44.314, 50.596 44.308, 44.604 44.621, 44.308 44.658, 44.02 44.74, 43.748 44.864, 43.497 45.026, 43.273 45.225, 43.082 45.454, 42.927 45.71, 42.811 45.985, 42.738 46.275, 42.709 46.573, 42.725 46.871, 42.784 47.164, 42.887 47.445, 43.031 47.707, 43.212 47.945, 43.426 48.153, 43.67 48.327, 43.936 48.463, 44.219 48.557, 44.514 48.608, 44.813 48.615, 50.805 48.302, 51.101 48.264, 51.389 48.183, 51.661 48.059, 51.912 47.896, 52.135 47.698), (44.223 45.732, 44.361 45.669, 44.506 45.628, 44.656 45.609, 44.656 45.619, 50.648 45.306, 50.648 45.296, 50.799 45.3, 50.947 45.325, 51.091 45.373, 51.225 45.442, 51.348 45.53, 51.456 45.635, 51.548 45.755, 51.62 45.887, 51.672 46.029, 51.702 46.177, 51.71 46.328, 51.696 46.478, 51.659 46.624, 51.6 46.764, 51.522 46.893, 51.425 47.009, 51.312 47.109, 51.185 47.191, 51.048 47.253, 50.903 47.295, 50.753 47.314, 50.752 47.304, 44.761 47.617, 44.761 47.627, 44.61 47.623, 44.461 47.597, 44.318 47.55, 44.184 47.481, 44.061 47.393, 43.953 47.288, 43.861 47.168, 43.789 47.036, 43.737 46.894, 43.706 46.746, 43.699 46.595, 43.713 46.445, 43.75 46.298, 43.808 46.159, 43.887 46.03, 43.984 45.914, 44.097 45.814, 44.223 45.732)), ((22.176 49.263, 22.368 49.033, 22.523 48.778, 22.638 48.502, 22.712 48.212, 22.741 47.915, 22.725 47.616, 22.665 47.323, 22.562 47.043, 22.419 46.781, 22.238 46.543, 22.023 46.335, 21.78 46.161, 21.514 46.025, 21.23 45.93, 20.936 45.879, 20.637 45.872, 14.645 46.185, 14.348 46.223, 14.061 46.305, 13.789 46.428, 13.538 46.591, 13.314 46.789, 13.123 47.019, 12.967 47.274, 12.852 47.55, 12.779 47.84, 12.75 48.137, 12.765 48.436, 12.825 48.729, 12.928 49.009, 13.072 49.271, 13.253 49.509, 13.467 49.718, 13.71 49.892, 13.977 50.027, 14.26 50.122, 14.555 50.173, 14.854 50.18, 20.845 49.867, 21.142 49.829, 21.429 49.747, 21.702 49.624, 21.952 49.461, 22.176 49.263), (14.697 47.184, 20.689 46.871, 20.688 46.861, 20.839 46.864, 20.988 46.89, 21.131 46.938, 21.266 47.006, 21.389 47.094, 21.497 47.199, 21.588 47.32, 21.661 47.452, 21.713 47.594, 21.743 47.742, 21.751 47.892, 21.736 48.043, 21.699 48.189, 21.641 48.328, 21.563 48.457, 21.466 48.573, 21.353 48.673, 21.226 48.756, 21.089 48.818, 20.944 48.859, 20.794 48.878, 20.793 48.868, 14.801 49.181, 14.802 49.191, 14.651 49.188, 14.502 49.162, 14.359 49.114, 14.225 49.046, 14.102 48.958, 13.993 48.853, 13.902 48.733, 13.829 48.6, 13.777 48.458, 13.747 48.31, 13.739 48.16, 13.754 48.009, 13.791 47.863, 13.849 47.724, 13.928 47.595, 14.025 47.479, 14.137 47.379, 14.264 47.296, 14.402 47.234, 14.547 47.193, 14.697 47.174, 14.697 47.184)), ((-15.404 51.738, -15.106 51.744, -9.114 51.431, -8.817 51.394, -8.53 51.312, -8.257 51.188, -8.007 51.026, -7.783 50.827, -7.591 50.598, -7.436 50.343, -7.321 50.067, -7.248 49.777, -7.219 49.479, -7.234 49.181, -7.294 48.888, -7.397 48.607, -7.541 48.345, -7.722 48.107, -7.936 47.899, -8.179 47.725, -8.445 47.589, -8.729 47.495, -9.024 47.444, -9.322 47.437, -15.314 47.75, -15.611 47.788, -15.898 47.869, -16.17 47.993, -16.421 48.156, -16.645 48.354, -16.836 48.583, -16.992 48.839, -17.107 49.115, -17.18 49.404, -17.209 49.702, -17.194 50, -17.134 50.293, -17.031 50.574, -16.887 50.836, -16.706 51.074, -16.492 51.282, -16.249 51.456, -15.982 51.592, -15.699 51.686, -15.404 51.738), (-16.205 49.574, -16.168 49.428, -16.11 49.288, -16.031 49.159, -15.935 49.043, -15.822 48.943, -15.695 48.861, -15.558 48.799, -15.412 48.757, -15.263 48.738, -15.262 48.749, -9.27 48.436, -9.271 48.425, -9.12 48.429, -8.971 48.455, -8.828 48.502, -8.693 48.571, -8.571 48.659, -8.462 48.764, -8.371 48.884, -8.298 49.017, -8.246 49.158, -8.216 49.306, -8.208 49.457, -8.223 49.607, -8.26 49.754, -8.318 49.893, -8.396 50.022, -8.493 50.138, -8.606 50.238, -8.733 50.32, -8.87 50.383, -9.016 50.424, -9.165 50.443, -9.166 50.433, -15.158 50.746, -15.157 50.756, -15.308 50.753, -15.457 50.727, -15.6 50.679, -15.735 50.61, -15.857 50.522, -15.966 50.417, -16.057 50.297, -16.13 50.165, -16.182 50.023, -16.212 49.875, -16.22 49.724, -16.205 49.574)), ((-38.489 52.877, -38.217 52.753, -37.966 52.59, -37.742 52.392, -37.551 52.163, -37.395 51.907, -37.28 51.631, -37.207 51.342, -37.178 51.044, -37.193 50.746, -37.253 50.453, -37.356 50.172, -37.5 49.91, -37.681 49.672, -37.895 49.464, -38.138 49.29, -38.405 49.154, -38.688 49.06, -38.983 49.008, -39.282 49.002, -45.273 49.314, -45.57 49.352, -45.857 49.434, -46.13 49.558, -46.38 49.72, -46.604 49.919, -46.796 50.148, -46.951 50.403, -47.066 50.679, -47.139 50.969, -47.169 51.267, -47.153 51.565, -47.093 51.858, -46.99 52.139, -46.847 52.401, -46.666 52.639, -46.451 52.847, -46.208 53.021, -45.942 53.157, -45.658 53.251, -45.364 53.302, -45.065 53.309, -39.073 52.996, -38.776 52.958, -38.489 52.877), (-45.781 50.508, -45.654 50.426, -45.517 50.363, -45.372 50.322, -45.222 50.303, -45.221 50.313, -39.229 50, -39.23 49.99, -39.079 49.993, -38.93 50.019, -38.787 50.067, -38.652 50.136, -38.53 50.223, -38.421 50.329, -38.33 50.449, -38.257 50.581, -38.205 50.723, -38.175 50.871, -38.167 51.022, -38.182 51.172, -38.219 51.318, -38.277 51.458, -38.356 51.587, -38.452 51.703, -38.565 51.803, -38.692 51.885, -38.83 51.947, -38.975 51.989, -39.125 52.008, -39.125 51.997, -45.117 52.31, -45.116 52.321, -45.267 52.317, -45.416 52.291, -45.559 52.244, -45.694 52.175, -45.817 52.087, -45.925 51.982, -46.016 51.862, -46.089 51.729, -46.141 51.588, -46.171 51.44, -46.179 51.289, -46.164 51.139, -46.127 50.992, -46.069 50.853, -45.991 50.724, -45.894 50.608, -45.781 50.508)), ((92.342 -6.609, 92.404 -6.425, 92.462 -6.302, 92.47924999999996 -6.272750000000052, 92.49 -6.251, 92.49198188927768 -6.248036427248308, 92.492 -6.248, 92.4930571428544 -6.246428571432671, 92.49977227921946 -6.236387246026966, 92.502 -6.232, 92.50991666666671 -6.2207499999999225, 92.531 -6.185, 92.5574844124699 -6.15008872901696, 92.597 -6.091, 92.59959184753839 -6.08806617257806, 92.603 -6.083, 92.62172851296047 -6.061859481582488, 92.635 -6.043, 92.6516764705882 -6.025926470588274, 92.663 -6.011, 92.6910514921007 -5.983608543007548, 92.735 -5.934, 92.73798429319368 -5.931413612565478, 92.741 -5.928, 92.78127586206898 -5.893241379310326, 92.803 -5.871, 92.81812104283054 -5.859528864059587, 92.833 -5.845, 92.85660421775377 -5.82823197645907, 92.887 -5.802, 92.92368965517284 -5.778441379310066, 92.93147727686618 -5.773296829221743, 92.93390191897655 -5.771695095948829, 92.977 -5.739, 93.00177018020246 -5.725108615156727, 93.016 -5.715, 93.03110005238345 -5.707485419940632, 93.05 -5.695, 93.06445543834117 -5.6880549290651405, 93.077 -5.68, 93.10174631751228 -5.669040916530275, 93.125 -5.656, 93.18655946148088 -5.629390426327617, 93.229 -5.609, 93.24215450166729 -5.605359021859947, 93.28 -5.589, 93.2866320258795 -5.587162959967651, 93.287 -5.587, 93.463 -5.536, 93.48105186099838 -5.533309578408893, 93.493 -5.53, 93.56722269807271 -5.520466809421853, 93.671 -5.505, 93.68764285714286 -5.505, 93.711 -5.502, 93.84240000000003 -5.505, 93.91 -5.505, 93.92111375402267 -5.506797117671749, 93.93 -5.507, 94.145 -5.543, 94.363 -5.614, 94.36312468377304 -5.614063245392118, 94.366 -5.615, 94.571 -5.719, 94.748 -5.846, 94.75720148084865 -5.854793820304712, 94.763 -5.859, 94.79314285714285 -5.889142857142846, 94.906 -5.997, 94.92275000000002 -6.018750000000014, 94.932 -6.028, 94.98361830357135 -6.09778794642845, 95.04 -6.171, 95.04720424263677 -6.183756136044894, 95.057 -6.197, 95.14326315789455 -6.353842105262821, 95.149 -6.364, 95.211 -6.521, 95.21774883238194 -6.54544577062795, 95.228 -6.572, 95.2390057803468 -6.622443159922847, 95.256 -6.684, 95.26275862068967 -6.73131034482765, 95.276 -6.792, 95.28071578947367 -6.857010526315662, 95.287 -6.901, 95.28642207163601 -6.935675701839312, 95.29 -6.985, 95.28406741573033 -7.076955056179846, 95.283 -7.141, 95.2780796812749 -7.169764940239075, 95.276 -7.202, 95.25298839907194 -7.316452436194834, 95.244 -7.369, 95.23996656050956 -7.381218949044582, 95.238 -7.391, 95.176 -7.575, 95.09 -7.749, 95.08022772078053 -7.763612753973051, 95.078 -7.768, 95.06378145695368 -7.788205298013202, 94.983 -7.909, 94.96224652338807 -7.932491782553789, 94.945 -7.957, 94.89888990825693 -8.00420795107028, 94.839 -8.072, 94.79872413793103 -8.106758620689655, 94.777 -8.129, 94.74353846153845 -8.15438461538463, 94.693 -8.198, 94.64771962616818 -8.227074766355171, 94.603 -8.261, 94.53890551181107 -8.29694488188974, 94.503 -8.32, 94.4782536824877 -8.330959083469732, 94.455 -8.344, 94.3 -8.411, 94.29336797412053 -8.412837040032342, 94.293 -8.413, 94.117 -8.464, 94.09894813900162 -8.466690421591107, 94.087 -8.47, 94.01277730192722 -8.479533190578156, 93.909 -8.495, 93.89235714285715 -8.495, 93.869 -8.498, 93.73759999999994 -8.495, 93.67 -8.495, 93.65888624597733 -8.49320288232825, 93.65 -8.493, 93.435 -8.457, 93.217 -8.386, 93.21687531622698 -8.385936754607885, 93.214 -8.385, 93.009 -8.281, 92.832 -8.154, 92.82279851915135 -8.145206179695286, 92.817 -8.141, 92.78685714285699 -8.110857142856998, 92.674 -8.003, 92.65725000000003 -7.981250000000051, 92.648 -7.972, 92.59638169642831 -7.902212053571084, 92.54 -7.829, 92.53279575736329 -7.816243863955174, 92.523 -7.803, 92.43673684210545 -7.6461578947371835, 92.431 -7.636, 92.369 -7.479, 92.36225116761804 -7.454554229372045, 92.352 -7.428, 92.3409942196532 -7.377556840077153, 92.324 -7.316, 92.31724137931035 -7.26868965517239, 92.304 -7.208, 92.29928421052631 -7.1429894736841355, 92.293 -7.099, 92.29357792836399 -7.06432429816067, 92.29 -7.015, 92.29593258426966 -6.923044943820273, 92.297 -6.859, 92.3019203187251 -6.830235059760969, 92.304 -6.798, 92.32701160092806 -6.683547563805166, 92.336 -6.631, 92.34003343949044 -6.618781050955418, 92.342 -6.609)), ((92.47924999999996 7.727249999999948, 92.49 7.749, 92.49198188927768 7.751963572751692, 92.492 7.752, 92.4930571428544 7.753571428567329, 92.49977227921946 7.763612753973034, 92.502 7.768, 92.50991666666671 7.7792500000000775, 92.531 7.815, 92.5574844124699 7.84991127098304, 92.597 7.909, 92.59959184753839 7.911933827421938, 92.603 7.917, 92.62172851296047 7.9381405184175176, 92.635 7.957, 92.6516764705882 7.974073529411726, 92.663 7.989, 92.69105149210063 8.016391456992379, 92.735 8.066, 92.73798429319373 8.068586387434571, 92.741 8.072, 92.78127586206897 8.106758620689662, 92.803 8.129, 92.81812104283054 8.140471135940416, 92.833 8.155, 92.85660421775376 8.171768023540919, 92.887 8.198, 92.92368965517265 8.221558620689809, 92.93390191897653 8.228304904051164, 92.977 8.261, 93.00177018020241 8.274891384843244, 93.016 8.285, 93.03110005238345 8.292514580059366, 93.05 8.305, 93.06445543834121 8.31194507093488, 93.077 8.32, 93.10174631751228 8.330959083469727, 93.125 8.344, 93.18655946148088 8.370609573672382, 93.229 8.391, 93.24215450166729 8.394640978140053, 93.28 8.411, 93.28663202587951 8.41283704003235, 93.287 8.413, 93.463 8.464, 93.48105186099838 8.466690421591107, 93.493 8.47, 93.56722269807285 8.479533190578167, 93.671 8.495, 93.68764285714285 8.495, 93.711 8.498, 93.84240000000004 8.495, 93.91 8.495, 93.92111375402266 8.493202882328251, 93.93 8.493, 94.145 8.457, 94.363 8.386, 94.36312468377304 8.385936754607881, 94.366 8.385, 94.571 8.281, 94.748 8.154, 94.75720148084865 8.145206179695288, 94.763 8.141, 94.79314285714285 8.110857142857153, 94.906 8.003, 94.92275000000002 7.981249999999986, 94.932 7.972, 94.98361830357135 7.90221205357155, 95.04 7.829, 95.04720424263677 7.816243863955106, 95.057 7.803, 95.14326315789455 7.646157894737179, 95.149 7.636, 95.211 7.479, 95.21774883238194 7.45455422937205, 95.228 7.428, 95.2390057803468 7.377556840077153, 95.256 7.316, 95.26275862068967 7.26868965517235, 95.276 7.208, 95.28071578947367 7.142989473684338, 95.287 7.099, 95.28642207163601 7.064324298160688, 95.29 7.015, 95.28406741573033 6.923044943820154, 95.283 6.859, 95.2780796812749 6.830235059760925, 95.276 6.798, 95.25298839907194 6.683547563805166, 95.244 6.631, 95.23996656050956 6.618781050955418, 95.238 6.609, 95.176 6.425, 95.09 6.251, 95.08022772078053 6.236387246026948, 95.078 6.232, 95.06378145695368 6.211794701986798, 94.983 6.091, 94.96224652338807 6.067508217446211, 94.945 6.043, 94.89888990825696 5.9957920489297445, 94.839 5.928, 94.79872413793103 5.893241379310343, 94.777 5.871, 94.74353846153849 5.845615384615407, 94.693 5.802, 94.64771962616818 5.772925233644829, 94.603 5.739, 94.53890551181105 5.703055118110252, 94.503 5.68, 94.47825368248775 5.669040916530285, 94.455 5.656, 94.3 5.589, 94.29336797412051 5.587162959967653, 94.293 5.587, 94.117 5.536, 94.09894813900158 5.533309578408887, 94.087 5.53, 94.0127773019273 5.520466809421854, 93.909 5.505, 93.89235714285714 5.505, 93.869 5.502, 93.73759999999999 5.505, 93.67 5.505, 93.65888624597733 5.506797117671749, 93.65 5.507, 93.435 5.543, 93.217 5.614, 93.21687531622696 5.614063245392118, 93.214 5.615, 93.009 5.719, 92.832 5.846, 92.82279851915136 5.854793820304703, 92.817 5.859, 92.78685714285707 5.889142857142916, 92.674 5.997, 92.65725000000002 6.018749999999976, 92.648 6.028, 92.59638169642831 6.097787946428916, 92.54 6.171, 92.53279575736329 6.183756136044826, 92.523 6.197, 92.43673684210545 6.3538421052628165, 92.431 6.364, 92.369 6.521, 92.36225116761804 6.545445770627955, 92.352 6.572, 92.3409942196532 6.622443159922847, 92.324 6.684, 92.31724137931035 6.73131034482761, 92.304 6.792, 92.29928421052631 6.8570105263158645, 92.293 6.901, 92.29357792836399 6.93567570183933, 92.29 6.985, 92.29593258426966 7.076955056179727, 92.297 7.141, 92.3019203187251 7.169764940239032, 92.304 7.202, 92.32701160092806 7.316452436194834, 92.336 7.369, 92.34003343949044 7.381218949044582, 92.342 7.391, 92.404 7.575, 92.462 7.698, 92.47924999999996 7.727249999999948)), ((124.495 16.8, 124.50501835690639 16.810884140836567, 124.52 16.832, 124.62308650519033 16.93915570934259, 124.657 16.976, 124.66328353235212 16.980939461260768, 124.672 16.99, 124.844 17.123, 125.047 17.237, 125.262 17.317, 125.475 17.361, 125.48290030547071 17.361507359066927, 125.495 17.364, 125.55958526011558 17.366432080924856, 125.693 17.375, 125.72157537187547 17.37253212697439, 125.734 17.373, 125.81553164556958 17.364417721518993, 125.913 17.356, 125.92696103896104 17.35268831168831, 125.943 17.351, 126.121 17.307, 126.12312226599647 17.306157043879907, 126.128 17.305, 126.286 17.245, 126.31563624578692 17.22969121078557, 126.335 17.222, 126.3675196926032 17.20289048991358, 126.437 17.167, 126.48398136986305 17.134454246575327, 126.529 17.108, 126.57791489361699 17.06938297872342, 126.616 17.043, 126.639156899811 17.021034026464996, 126.681 16.988, 126.74886407766994 16.916968932038802, 126.791 16.877, 126.80745398080178 16.855644833427476, 126.831 16.831, 126.90255808656042 16.73221184510244, 126.932 16.694, 126.93780168776371 16.683556962025328, 126.944 16.675, 127.037 16.505, 127.107 16.323, 127.11035040378177 16.30907721095132, 127.113 16.302, 127.12161271102285 16.262276067527278, 127.152 16.136, 127.15490382473078 16.108729298180517, 127.162 16.076, 127.1657389380531 16.00697345132741, 127.175 15.92, 127.17317522081642 15.869688231081401, 127.175 15.836, 127.17024411764707 15.788873529411896, 127.168 15.727, 127.15860033167496 15.673494195688185, 127.153 15.618, 127.13550974512746 15.542055472263979, 127.129 15.505, 127.12270453387671 15.486453897096254, 127.115 15.453, 127.058 15.294, 127.05611686513433 15.290290224314607, 127.055 15.287, 126.974 15.123, 126.96285802257951 15.106570304481643, 126.958 15.097, 126.92638956521745 15.052794782608773, 126.856 14.949, 126.83882349304484 14.930339103554893, 126.83 14.918, 126.76127959183671 14.846093877550992, 126.694 14.773, 126.6838073797789 14.765030238444133, 126.679 14.76, 126.507 14.626, 126.306 14.514, 126.30536168648118 14.513761735506797, 126.304 14.513, 126.089 14.433, 125.876 14.388, 125.86702891566266 14.387467469879518, 125.855 14.385, 125.77421126760562 14.381957746478871, 125.657 14.375, 125.63655282555283 14.376773955773956, 125.616 14.376, 125.5062063789868 14.388082551594753, 125.438 14.394, 125.42550787539378 14.396963248162406, 125.407 14.399, 125.23 14.442, 125.21041355932213 14.44977966101691, 125.065 14.505, 125.04249300027449 14.516477079330226, 125.016 14.527, 124.97600682128241 14.550380627557974, 124.914 14.582, 124.86959016393443 14.612593442622947, 124.821 14.641, 124.77311682892906 14.679052851182197, 124.734 14.706, 124.70802054467264 14.730784997611156, 124.67 14.761, 124.60461538461526 14.829435897436015, 124.56 14.872, 124.54354601919819 14.893355166572563, 124.52 14.918, 124.44844191343964 15.016788154897496, 124.419 15.055, 124.41332711198429 15.065265225933187, 124.407 15.074, 124.314 15.245, 124.244 15.426, 124.24217152927355 15.433433130996642, 124.237 15.447, 124.22540563380278 15.501590140845192, 124.198 15.613, 124.19455077835433 15.646865085248326, 124.189 15.673, 124.18574739374498 15.733298315958379, 124.176 15.829, 124.17784342230696 15.879825786463238, 124.176 15.914, 124.18093093922653 15.964953038674095, 124.183 16.022, 124.19068508287293 16.06574585635363, 124.197 16.131, 124.21705263157892 16.215838056680074, 124.222 16.244, 124.22781033022864 16.261351397121175, 124.236 16.296, 124.292 16.455, 124.29390943945002 16.45874325753567, 124.295 16.462, 124.377 16.626, 124.38598756476686 16.639252849740974, 124.393 16.653, 124.44530942622953 16.726727459016423, 124.495 16.8), (124.609 15.381, 124.672 15.263, 124.748 15.153, 124.834 15.054, 124.93 14.966, 125.11 14.844, 125.245 14.781, 125.419 14.728, 125.638 14.7, 125.87 14.716, 126.005 14.747, 126.144 14.797, 126.285 14.87, 126.431 14.974, 126.57 15.113, 126.685 15.274, 126.772 15.453, 126.828 15.646, 126.85 15.842, 126.839 16.036, 126.812 16.171, 126.742 16.368, 126.679 16.487, 126.603 16.596, 126.516 16.696, 126.421 16.783, 126.241 16.905, 126.106 16.968, 125.932 17.022, 125.712 17.049, 125.481 17.034, 125.346 17.003, 125.207 16.953, 125.065 16.879, 124.92 16.775, 124.78 16.636, 124.665 16.475, 124.578 16.296, 124.522 16.103, 124.5 15.908, 124.511 15.713, 124.538 15.578, 124.609 15.381)), ((67.126 21.436, 67.206 21.6, 67.2082555066079 21.603365638766476, 67.21 21.607, 67.301 21.749, 67.32693678756475 21.78046036269428, 67.334 21.791, 67.35125799573558 21.80996108742002, 67.409 21.88, 67.44983918053777 21.918270678617155, 67.486 21.958, 67.53538316089902 21.99843453442738, 67.568 22.029, 67.59650647732937 22.048481813652238, 67.635 22.08, 67.71254446240894 22.127784155214158, 67.767 22.165, 67.79267465069859 22.1771616766467, 67.82 22.194, 67.94768627450983 22.250588235294135, 67.976 22.264, 67.98222064056938 22.26589323843416, 67.996 22.272, 68.183 22.327, 68.375 22.357, 68.38590370370369 22.35734074074074, 68.397 22.359, 68.43900000000008 22.359, 68.567 22.363, 68.603 22.359, 68.628 22.359, 68.6852115384616 22.349865384615377, 68.783 22.339, 68.83555813953488 22.325860465116282, 68.866 22.321, 68.90685714285713 22.30803571428572, 68.971 22.292, 69.01929696345864 22.272357694287162, 69.074 22.255, 69.14343428063938 22.221871225577292, 69.18 22.207, 69.2011320446502 22.19434222706232, 69.227 22.182, 69.371 22.094, 69.38394174757295 22.083466019417372, 69.52 21.975, 69.52972621492124 21.964804243668766, 69.543 21.954, 69.61015090543266 21.880496981891287, 69.665 21.823, 69.6729778597786 21.81172693726938, 69.691 21.792, 69.76386877828061 21.68329411764697, 69.803 21.628, 69.8086416118891 21.61650185767364, 69.813 21.61, 69.908 21.414, 69.976 21.195, 70.009 20.965, 70.008 20.747, 70.00609492089926 20.73453039134063, 70.006 20.727, 69.99724719101117 20.67661797752771, 69.975 20.531, 69.96785913528593 20.507457461645807, 69.965 20.491, 69.93862344582587 20.411071047957137, 69.911 20.32, 69.90312921922944 20.303512785543763, 69.899 20.291, 69.819 20.127, 69.81852831991266 20.126296164869665, 69.816 20.121, 69.724 19.979, 69.70164455958549 19.951883678756463, 69.691 19.936, 69.66640725806452 19.909142137096772, 69.616 19.848, 69.57503338898168 19.80935225375631, 69.539 19.77, 69.49354779806656 19.73247905477978, 69.457 19.698, 69.42667529076672 19.67727557559937, 69.39 19.647, 69.31245553759089 19.599215844785732, 69.258 19.562, 69.23232534930139 19.549838323353292, 69.205 19.533, 69.07731372549031 19.476411764705933, 69.049 19.463, 69.0427793594306 19.461106761565834, 69.029 19.455, 68.842 19.4, 68.65 19.37, 68.63955616870321 19.369728025226646, 68.628 19.368, 68.57319999999994 19.368, 68.458 19.365, 68.42982608695652 19.368, 68.397 19.368, 68.33127578639355 19.37849378200439, 68.242 19.388, 68.19020833333336 19.40101715686274, 68.159 19.406, 68.11857864148199 19.4190203414457, 68.055 19.435, 68.00179793309768 19.456637204242572, 67.951 19.473, 67.88374889867838 19.504647577092527, 67.846 19.52, 67.82676303317535 19.5314644549763, 67.798 19.545, 67.654 19.634, 67.65200055355658 19.635615831718805, 67.648 19.638, 67.505 19.752, 67.49495241275669 19.76253264317918, 67.482 19.773, 67.42339771729591 19.837541703248412, 67.36 19.904, 67.34920452403391 19.919254476908606, 67.334 19.936, 67.26683838383853 20.03564141414119, 67.222 20.099, 67.21629396029842 20.11062945234415, 67.212 20.117, 67.117 20.313, 67.049 20.533, 67.016 20.762, 67.01601155057753 20.762920196009798, 67.016 20.763, 67.017 20.98, 67.01889262023218 20.992445411829774, 67.019 21.001, 67.02829859894915 21.05429684763536, 67.05 21.197, 67.05747496111975 21.22152721617419, 67.06 21.236, 67.08465660377361 21.310716981132156, 67.114 21.407, 67.12177600000003 21.423200000000048, 67.126 21.436), (67.36 20.632, 67.402 20.478, 67.474 20.314, 67.58 20.149, 67.713 20.002, 67.87 19.88, 68.047 19.785, 68.233 19.722, 68.426 19.692, 68.564 19.689, 68.771 19.717, 68.9 19.754, 69.023 19.805, 69.139 19.869, 69.244 19.944, 69.401 20.094, 69.491 20.213, 69.58 20.372, 69.653 20.58, 69.687 20.81, 69.685 20.949, 69.665 21.095, 69.623 21.249, 69.551 21.413, 69.445 21.579, 69.312 21.725, 69.155 21.848, 68.978 21.943, 68.792 22.005, 68.599 22.036, 68.461 22.038, 68.254 22.01, 68.125 21.973, 68.002 21.922, 67.887 21.858, 67.781 21.784, 67.624 21.633, 67.534 21.514, 67.445 21.355, 67.372 21.147, 67.338 20.917, 67.34 20.778, 67.36 20.632)), ((62.095 21.916, 62.049 21.809, 61.98 21.716, 61.891 21.641, 61.788 21.589, 61.675 21.562, 61.559 21.561, 61.446 21.588, 61.342 21.64, 61.253 21.714, 61.183 21.807, 61.137 21.913, 61.116 22.028, 61.123 22.143, 61.155 22.255, 61.213 22.356, 61.293 22.44, 61.389 22.504, 61.498 22.544, 61.614 22.558, 61.729 22.545, 61.838 22.506, 61.935 22.442, 62.015 22.358, 62.074 22.258, 62.107 22.146, 62.114 22.031, 62.095 21.916)), ((117.07110951008637 23.279519692603124, 117.107 23.349, 117.13954575342466 23.395981369863005, 117.166 23.441, 117.20461702127653 23.489914893616938, 117.231 23.528, 117.252965973535 23.551156899810994, 117.286 23.593, 117.35703106796117 23.660864077669917, 117.397 23.703, 117.4183551665725 23.719453980801752, 117.443 23.743, 117.54178815489746 23.814558086560343, 117.58 23.844, 117.5904430379747 23.849801687763716, 117.599 23.856, 117.769 23.949, 117.951 24.019, 117.96492278904866 24.022350403781765, 117.972 24.025, 118.01172393247266 24.033612711022837, 118.138 24.064, 118.1652707018195 24.06690382473078, 118.198 24.074, 118.26702654867265 24.077738938053102, 118.354 24.087, 118.40431176891859 24.085175220816424, 118.438 24.087, 118.48512647058826 24.082244117647058, 118.547 24.08, 118.60050580431174 24.070600331674964, 118.656 24.065, 118.73194452773615 24.047509745127435, 118.769 24.041, 118.78835974474876 24.034517149694228, 118.821 24.027, 118.96543956043963 23.975219780219756, 118.987 23.968, 119.15 23.886, 119.16376609815525 23.876717716672463, 119.177 23.87, 119.2310641627543 23.831339593114254, 119.325 23.768, 119.34366089644516 23.750823493044802, 119.356 23.742, 119.42790612244875 23.673279591836955, 119.501 23.606, 119.50896976155592 23.595807379778837, 119.514 23.591, 119.648 23.419, 119.76 23.218, 119.76023826449322 23.217361686481134, 119.761 23.216, 119.841 23.001, 119.886 22.788, 119.88693049234588 22.772324782788644, 119.888 22.767, 119.88979934569251 22.723995637949283, 119.899 22.569, 119.89716802852473 22.54788411825879, 119.898 22.528, 119.88591744840525 22.418206378986817, 119.88 22.35, 119.8770367518376 22.33750787539381, 119.875 22.319, 119.832 22.142, 119.82422033898304 22.12241355932201, 119.769 21.977, 119.75752292066979 21.954493000274518, 119.747 21.928, 119.72361937244204 21.888006821282442, 119.692 21.826, 119.66271984435798 21.783836575875494, 119.633 21.733, 119.58874311926604 21.6773100917431, 119.567 21.646, 119.5476171003718 21.625559851301173, 119.513 21.582, 119.44183644859811 21.514009345794367, 119.402 21.472, 119.38064483342745 21.45554601919821, 119.356 21.432, 119.25721184510242 21.360441913439566, 119.219 21.331, 119.20873477406683 21.325327111984304, 119.2 21.319, 119.029 21.226, 118.848 21.156, 118.83340487804878 21.15240975609756, 118.827 21.15, 118.79840632603404 21.143800486617998, 118.661 21.11, 118.62612900926585 21.106448325017816, 118.601 21.101, 118.54070168404166 21.097747393744985, 118.445 21.088, 118.3941742135367 21.08984342230696, 118.36 21.088, 118.309046961326 21.092930939226516, 118.252 21.095, 118.20825414364639 21.10268508287293, 118.143 21.109, 118.05816194331983 21.129052631578947, 118.03 21.134, 118.01264860287893 21.139810330228617, 117.978 21.148, 117.819 21.204, 117.81525674246431 21.205909439450025, 117.812 21.207, 117.648 21.289, 117.63474715025907 21.297987564766835, 117.621 21.305, 117.54727254098341 21.357309426229634, 117.474 21.407, 117.46311585916345 21.41701835690637, 117.442 21.432, 117.33484429065743 21.535086505190318, 117.298 21.569, 117.29306053873923 21.57528353235215, 117.284 21.584, 117.151 21.756, 117.037 21.959, 116.957 22.174, 116.913 22.387, 116.91252012516 22.39450661356847, 116.91 22.407, 116.90673875432526 22.48494377162633, 116.899 22.606, 116.90080374387165 22.62679052146787, 116.9 22.646, 116.91167260787994 22.752068480300288, 116.918 22.825, 116.92116853342667 22.838357542877116, 116.923 22.855, 116.967 23.033, 116.96784295612008 23.03512226599641, 116.969 23.04, 117.029 23.198, 117.04430878921444 23.22763624578694, 117.052 23.247, 117.07110951008637 23.279519692603124), (117.271 22.258, 117.321 22.119, 117.395 21.977, 117.499 21.832, 117.638 21.692, 117.799 21.577, 117.978 21.49, 118.171 21.435, 118.366 21.413, 118.561 21.423, 118.696 21.45, 118.893 21.521, 119.011 21.584, 119.121 21.66, 119.22 21.746, 119.308 21.842, 119.43 22.022, 119.493 22.157, 119.546 22.331, 119.574 22.55, 119.558 22.782, 119.527 22.917, 119.477 23.056, 119.404 23.197, 119.299 23.343, 119.161 23.482, 119 23.597, 118.821 23.684, 118.628 23.74, 118.432 23.762, 118.238 23.751, 118.103 23.725, 117.906 23.654, 117.787 23.591, 117.678 23.515, 117.578 23.428, 117.491 23.333, 117.369 23.153, 117.306 23.018, 117.252 22.844, 117.225 22.625, 117.24 22.393, 117.271 22.258)), ((125.888 22.947, 125.892 22.831, 125.87 22.717, 125.822 22.611, 125.751 22.519, 125.661 22.446, 125.556 22.396, 125.443 22.371, 125.327 22.373, 125.214 22.402, 125.111 22.456, 125.024 22.532, 124.956 22.627, 124.912 22.734, 124.894 22.849, 124.903 22.965, 124.938 23.075, 124.998 23.175, 125.079 23.258, 125.177 23.32, 125.287 23.357, 125.403 23.369, 125.518 23.353, 125.626 23.312, 125.722 23.246, 125.8 23.16, 125.856 23.059, 125.888 22.947)), ((131.096 23.912, 131.12959502262441 23.96076696832576, 131.155 24.004, 131.1893604651163 24.047523255813964, 131.22 24.092, 131.24671428571435 24.120171428571496, 131.275 24.156, 131.33951127819535 24.21803007518782, 131.385 24.266, 131.40667023554613 24.282605995717418, 131.431 24.306, 131.54424252491683 24.388028239202587, 131.569 24.407, 131.57515189873416 24.410417721518993, 131.587 24.419, 131.758 24.512, 131.939 24.582, 131.95624282828285 24.586218989899, 131.961 24.588, 131.98314189189153 24.592800675675594, 132.127 24.628, 132.16187099073417 24.631551674982184, 132.187 24.637, 132.24758252427182 24.640281553398054, 132.343 24.65, 132.3933117689186 24.648175220816423, 132.427 24.65, 132.47735359116018 24.645127071823207, 132.536 24.643, 132.5809723756906 24.635099447513813, 132.644 24.629, 132.7259433198381 24.609631578947358, 132.758 24.604, 132.77744639866 24.597458123953093, 132.809 24.59, 132.969 24.534, 132.9745680732484 24.531145302547767, 132.975 24.531, 133.139 24.449, 133.1520377291961 24.440158321579663, 133.166 24.433, 133.23972745901673 24.380690573770256, 133.313 24.331, 133.32388414083655 24.320981643093624, 133.345 24.306, 133.45215570934232 24.20291349480992, 133.489 24.169, 133.49408028368802 24.162580992907696, 133.503 24.154, 133.59348547008508 24.0369811965817, 133.637 23.982, 133.70366666666723 23.862235988199604, 133.749 23.782, 133.83 23.564, 133.875 23.351, 133.87584829295153 23.336709526431836, 133.877 23.331, 133.87894111232282 23.28460741548472, 133.888 23.132, 133.88619625612836 23.1112094785321, 133.887 23.092, 133.87532739212008 22.98593151969977, 133.869 22.913, 133.86583146657335 22.89964245712299, 133.864 22.883, 133.82 22.705, 133.81915704387995 22.702877734003643, 133.818 22.698, 133.758 22.54, 133.7426912107856 22.510363754213177, 133.735 22.491, 133.71589048991353 22.45848030739667, 133.68 22.389, 133.64745424657542 22.342018630137087, 133.621 22.297, 133.58238297872336 22.248085106382916, 133.556 22.21, 133.53335294117645 22.185980392156825, 133.501 22.145, 133.43370588235288 22.080294117646996, 133.391 22.035, 133.369329764454 22.018394004282694, 133.345 21.995, 133.2317574750831 21.912971760797372, 133.207 21.894, 133.20084810126582 21.890582278481006, 133.189 21.882, 133.018 21.789, 132.837 21.719, 132.82043644478946 21.715035319231525, 132.815 21.713, 132.78244467640909 21.705941544885153, 132.649 21.674, 132.6217292981805 21.67109617526922, 132.589 21.664, 132.51997345132742 21.660261061946905, 132.433 21.651, 132.3826882310814 21.652824779183575, 132.349 21.651, 132.30221012101205 21.65574367436744, 132.24 21.658, 132.18547694886846 21.667578373847434, 132.132 21.673, 132.05737614678904 21.69008256880733, 132.018 21.697, 131.99821283255088 21.70362597809076, 131.966 21.711, 131.82156043956005 21.76278021978036, 131.8 21.77, 131.637 21.852, 131.62354669859724 21.861123503250134, 131.61 21.868, 131.54742782608724 21.912744347825885, 131.463 21.97, 131.44782102009265 21.983971561051064, 131.431 21.996, 131.332975510204 22.089681632653143, 131.287 22.132, 131.28184937466017 22.138542686242488, 131.273 22.147, 131.139 22.319, 131.027 22.52, 131.02676173550674 22.520638313518962, 131.026 22.522, 130.946 22.737, 130.901 22.95, 130.90006950765414 22.965675217211302, 130.899 22.971, 130.8972006543075 23.01400436205065, 130.888 23.169, 130.88983197147527 23.190115881741256, 130.889 23.21, 130.90108255159475 23.319793621013176, 130.907 23.388, 130.9099632481624 23.400492124606203, 130.912 23.419, 130.956 23.596, 130.9568429561201 23.59812226599657, 130.958 23.603, 131.018 23.761, 131.03330878921437 23.790636245786782, 131.041 23.81, 131.06010951008642 23.842519692603233, 131.096 23.912), (131.31 22.682, 131.383 22.541, 131.488 22.395, 131.626 22.256, 131.787 22.141, 131.966 22.054, 132.159 21.998, 132.355 21.976, 132.549 21.987, 132.685 22.013, 132.881 22.084, 133 22.147, 133.11 22.223, 133.209 22.31, 133.296 22.405, 133.418 22.585, 133.481 22.72, 133.535 22.894, 133.563 23.113, 133.547 23.345, 133.516 23.48, 133.466 23.619, 133.392 23.761, 133.288 23.906, 133.15 24.046, 132.989 24.161, 132.809 24.248, 132.617 24.303, 132.421 24.325, 132.227 24.315, 132.091 24.288, 131.894 24.217, 131.776 24.154, 131.666 24.078, 131.567 23.992, 131.48 23.896, 131.358 23.716, 131.294 23.581, 131.241 23.407, 131.213 23.188, 131.229 22.956, 131.26 22.821, 131.31 22.682)), ((61.491 29.67, 61.58 29.814, 61.581569070128424 29.815941583180503, 61.584 29.82, 61.698 29.963, 61.708532643179154 29.973047587243276, 61.719 29.986, 61.78354170324848 30.044602282704144, 61.85 30.108, 61.865254476908575 30.11879547596607, 61.882 30.134, 61.98164141414147 30.201161616161656, 62.045 30.246, 62.056486505190314 30.251609688581315, 62.063 30.256, 62.259 30.351, 62.479 30.419, 62.708 30.452, 62.708920196009814 30.451988449422473, 62.709 30.452, 62.926 30.451, 62.93844541182975 30.449107379767828, 62.947 30.449, 63.00029684763581 30.439701401050776, 63.143 30.418, 63.16752721617418 30.41052503888025, 63.182 30.408, 63.256716981132115 30.383343396226405, 63.353 30.354, 63.369200000000006 30.346223999999996, 63.382 30.342, 63.546 30.262, 63.54936563876653 30.259744493392066, 63.553 30.258, 63.695 30.167, 63.7264603626943 30.14106321243524, 63.737 30.134, 63.755961087420026 30.11674200426441, 63.826 30.059, 63.86427067861715 30.01816081946224, 63.904 29.982, 63.947217473524965 29.92964712556732, 63.975 29.9, 63.99091455020176 29.876713268454782, 64.027 29.833, 64.07925140291805 29.747455667789048, 64.111 29.701, 64.12265145228217 29.676402489626536, 64.14 29.648, 64.19658823529421 29.520313725489995, 64.21 29.492, 64.21189323843414 29.485779359430673, 64.218 29.472, 64.273 29.285, 64.303 29.093, 64.30334074074074 29.082096296296374, 64.305 29.071, 64.305 29.028999999999698, 64.309 28.901, 64.305 28.865000000000073, 64.305 28.84, 64.29526315789472 28.777368421052504, 64.285 28.685, 64.27426060464028 28.642270916334706, 64.268 28.602, 64.25042862332002 28.547450054486013, 64.238 28.498, 64.22085872576174 28.455650969529, 64.201 28.394, 64.16457446808515 28.316595744680928, 64.153 28.288, 64.14393462469737 28.272736077481884, 64.129 28.241, 64.04 28.097, 64.03838519313304 28.095016094420586, 64.036 28.091, 63.921 27.948, 63.910564174894205 27.93797884344146, 63.9 27.925, 63.83928546409818 27.869532399299576, 63.77 27.803, 63.75456043295248 27.792129284425723, 63.738 27.777, 63.635209302325684 27.70809634551502, 63.574 27.665, 63.5625018576736 27.659358388110878, 63.556 27.655, 63.36 27.56, 63.141 27.492, 62.911 27.459, 62.693 27.46, 62.68053039134055 27.46190507910075, 62.673 27.462, 62.62261797752805 27.47075280898877, 62.477 27.493, 62.45345746164572 27.50014086471409, 62.437 27.503, 62.36174789915971 27.52795798319326, 62.266 27.557, 62.247379310344826 27.565889273955985, 62.238 27.569, 62.073 27.649, 62.07229616486967 27.64947168008734, 62.067 27.652, 61.925 27.744, 61.89788367875646 27.76635544041452, 61.882 27.777, 61.855142137096806 27.801592741935455, 61.794 27.852, 61.75535225375624 27.892966611018377, 61.716 27.929, 61.67847905477983 27.974452201933378, 61.644 28.011, 61.623275575599315 28.04132470923335, 61.593 28.078, 61.54521584478577 28.15554446240905, 61.508 28.21, 61.495838323353304 28.23567465069858, 61.479 28.263, 61.4224117647059 28.39068627450977, 61.409 28.419, 61.407106761565814 28.425220640569453, 61.401 28.439, 61.346 28.626, 61.316 28.818, 61.31572802522665 28.828443831296784, 61.314 28.84, 61.314 28.89479999999998, 61.311 29.01, 61.314 29.038173913043472, 61.314 29.071, 61.3244937820044 29.136724213606556, 61.334 29.226, 61.347017156862734 29.277791666666623, 61.352 29.309, 61.365020341445714 29.34942135851805, 61.381 29.413, 61.40303878116343 29.4674487534626, 61.419 29.517, 61.448276595744694 29.579212765957486, 61.466 29.623, 61.47944651162789 29.645448837209273, 61.491 29.67), (61.7 28.568, 61.751 28.445, 61.815 28.329, 61.89 28.224, 62.04 28.067, 62.159 27.977, 62.318 27.888, 62.527 27.815, 62.756 27.781, 62.895 27.783, 63.041 27.803, 63.195 27.845, 63.359 27.917, 63.525 28.023, 63.671 28.156, 63.794 28.313, 63.889 28.49, 63.951 28.676, 63.982 28.869, 63.984 29.007, 63.956 29.214, 63.919 29.343, 63.868 29.466, 63.804 29.581, 63.73 29.687, 63.579 29.844, 63.461 29.934, 63.301 30.023, 63.093 30.096, 62.863 30.13, 62.725 30.128, 62.578 30.108, 62.424 30.066, 62.26 29.994, 62.095 29.888, 61.948 29.755, 61.826 29.598, 61.731 29.421, 61.668 29.235, 61.638 29.042, 61.636 28.904, 61.663 28.697, 61.7 28.568)), ((123.81937664444045 30.62204198954769, 123.829 30.641, 123.87591283459166 30.70660466712429, 123.931 30.789, 123.94817650695515 30.80766089644511, 123.957 30.82, 124.01564359861601 30.880958477508756, 124.093 30.965, 124.10709999999995 30.976024999999954, 124.109 30.978, 124.281 31.112, 124.481 31.224, 124.48163831351881 31.224238264493202, 124.483 31.225, 124.57035294117574 31.2573529411762, 124.698 31.305, 124.71828901734128 31.30907514450872, 124.912 31.35, 124.92628317601333 31.35085174902832, 124.932 31.352, 124.97737648327926 31.353898597626745, 125.13 31.363, 125.15111588174122 31.361168028524734, 125.171 31.362, 125.28079362101302 31.349917448405265, 125.349 31.344, 125.36160094886665 31.34102477596204, 125.38 31.339, 125.558 31.296, 125.57569538461549 31.288938461538425, 125.723 31.233, 125.74789728841415 31.220219391947406, 125.771 31.211, 125.808035971223 31.18934820143886, 125.873 31.156, 125.91740983606569 31.125406557376976, 125.966 31.097, 126.01388317107093 31.058947148817804, 126.053 31.032, 126.07989990162321 31.00648352188884, 126.117 30.977, 126.17519417475735 30.916090097087313, 126.228 30.866, 126.24862055335967 30.83923715415021, 126.267 30.82, 126.32285649202731 30.742888382687962, 126.369 30.683, 126.37754441479225 30.667390011437234, 126.38 30.664, 126.473 30.493, 126.543 30.312, 126.54482847072649 30.304566869003235, 126.55 30.291, 126.56159436619716 30.236409859155085, 126.589 30.125, 126.59244922164567 30.091134914751677, 126.598 30.065, 126.60125260625502 30.00470168404164, 126.611 29.909, 126.60932364096081 29.85507711757265, 126.611 29.824, 126.60710687022902 29.783770992366414, 126.605 29.716, 126.59508839779006 29.659580110497284, 126.59 29.607, 126.57250974512743 29.531055472263827, 126.566 29.494, 126.55970453387673 29.475453897096273, 126.552 29.442, 126.495 29.283, 126.49309736989369 29.279232792389504, 126.492 29.276, 126.41 29.112, 126.40452133194587 29.10385223725284, 126.395 29.085, 126.34212415349896 29.011056433408694, 126.293 28.938, 126.27932064972175 28.923229658595254, 126.267 28.906, 126.16952505010032 28.804677354709547, 126.13 28.762, 126.12371646764787 28.757060538739232, 126.115 28.748, 125.943 28.615, 125.741 28.501, 125.5753181818178 28.43963636363622, 125.526 28.421, 125.48987368421056 28.41374385964913, 125.312 28.377, 125.30455609756098 28.376521951219512, 125.292 28.374, 125.21533962264151 28.370792452830187, 125.094 28.363, 125.07288411825878 28.364831971475265, 125.053 28.364, 124.94320637898687 28.376082551594745, 124.875 28.382, 124.86239905113341 28.384975224037948, 124.844 28.387, 124.666 28.431, 124.66386914765906 28.43185034013606, 124.659 28.433, 124.501 28.493, 124.46920652173914 28.509532608695647, 124.453 28.516, 124.42266666666663 28.533733333333352, 124.351 28.571, 124.30659016393447 28.60159344262292, 124.258 28.63, 124.21011682892902 28.668052851182235, 124.171 28.695, 124.1441000983768 28.720516478111158, 124.107 28.75, 124.04880582524265 28.81090990291268, 123.996 28.861, 123.97537944664032 28.88776284584979, 123.957 28.907, 123.8915555555556 28.996555555555506, 123.855 29.044, 123.8492547914318 29.054440811724902, 123.843 29.063, 123.751 29.233, 123.681 29.415, 123.67921853388657 29.42224204702632, 123.674 29.436, 123.66240563380288 29.4905901408448, 123.635 29.602, 123.63155077835434 29.635865085248323, 123.626 29.662, 123.62271844660195 29.722582524271832, 123.613 29.818, 123.61465915421626 29.871369460622976, 123.613 29.902, 123.61685573770492 29.942026229508244, 123.619 30.011, 123.62896328125 30.067714062499995, 123.634 30.12, 123.65149025487257 30.195944527736174, 123.658 30.233, 123.66429546612328 30.251546102903728, 123.672 30.285, 123.729 30.444, 123.73088313486568 30.447709775685393, 123.732 30.451, 123.814 30.614, 123.81937664444045 30.62204198954769), (124.045 29.37, 124.109 29.251, 124.185 29.142, 124.271 29.042, 124.366 28.955, 124.547 28.833, 124.681 28.77, 124.856 28.716, 125.075 28.689, 125.307 28.704, 125.442 28.735, 125.58 28.785, 125.722 28.859, 125.868 28.963, 126.007 29.102, 126.122 29.263, 126.209 29.442, 126.265 29.635, 126.287 29.83, 126.276 30.025, 126.249 30.16, 126.179 30.357, 126.115 30.475, 126.039 30.585, 125.953 30.684, 125.858 30.772, 125.677 30.894, 125.543 30.957, 125.368 31.01, 125.149 31.038, 124.917 31.022, 124.782 30.991, 124.644 30.941, 124.502 30.868, 124.356 30.763, 124.217 30.625, 124.102 30.464, 124.015 30.285, 123.959 30.092, 123.937 29.896, 123.948 29.702, 123.975 29.567, 124.045 29.37)), ((97.143 38.439, 97.034 38.399, 96.919 38.385, 96.804 38.397, 96.694 38.436, 96.597 38.5, 96.517 38.584, 96.458 38.684, 96.424 38.795, 96.417 38.911, 96.436 39.025, 96.482 39.132, 96.55 39.225, 96.639 39.301, 96.742 39.353, 96.855 39.381, 96.971 39.381, 97.084 39.355, 97.188 39.304, 97.278 39.23, 97.348 39.137, 97.394 39.031, 97.415 38.917, 97.409 38.801, 97.376 38.689, 97.319 38.588, 97.24 38.503, 97.143 38.439)), ((88.777 40.214, 88.81683715012723 40.25563431479463, 88.849 40.294, 88.87751246261212 40.31904685942169, 88.91 40.353, 88.9742003853565 40.40398265895958, 89.03 40.453, 89.05825225225225 40.47072972972973, 89.08 40.488, 89.19623274161746 40.55731952662729, 89.226 40.576, 89.23190930232553 40.578596511627886, 89.246 40.587, 89.424 40.663, 89.611 40.716, 89.61944259471873 40.71723765786453, 89.633 40.721, 89.69485737051782 40.72829322709162, 89.802 40.744, 89.83153750966746 40.744408352668216, 89.862 40.748, 89.92396113602388 40.74568609865471, 90.019 40.747, 90.07098606595453 40.74019554110543, 90.103 40.739, 90.15233817009262 40.72954735993552, 90.21 40.722, 90.25427386117134 40.710017624728856, 90.317 40.698, 90.39356885173783 40.67231852177737, 90.428 40.663, 90.4487514450867 40.65381007431874, 90.478 40.644, 90.632 40.573, 90.6338221680877 40.57185018270402, 90.638 40.57, 90.794 40.473, 90.80571016507383 40.46338609904432, 90.819 40.455, 90.87331520000018 40.407883199999844, 90.956 40.34, 90.97168531038724 40.322550092194206, 90.985 40.311, 91.08287500000012 40.198851562499875, 91.116 40.162, 91.11881224489795 40.15767346938777, 91.129 40.146, 91.246 39.962, 91.34 39.75, 91.37740740740747 39.61159259259238, 91.4 39.529, 91.40192307692308 39.51069230769235, 91.424 39.312, 91.42375054324208 39.302894828335475, 91.425 39.291, 91.42155000000002 39.22257500000064, 91.418 39.093, 91.41386098654708 39.07007623318383, 91.413 39.053, 91.39357803468216 38.95773988439346, 91.379 38.877, 91.37425525318635 38.86296624181873, 91.371 38.847, 91.311 38.674, 91.30913675783857 38.670362241494324, 91.308 38.667, 91.234 38.515, 91.21222626788038 38.48115604681407, 91.206 38.469, 91.19025513969419 38.44700527148119, 91.142 38.372, 91.10478386321137 38.327606465402134, 91.075 38.286, 91.03165147453082 38.24036997319033, 91.002 38.205, 90.97812854757926 38.184030050083436, 90.942 38.146, 90.86738342967253 38.08674566473995, 90.821 38.046, 90.79751531531532 38.03126216216217, 90.772 38.011, 90.65772066115711 37.94353388429757, 90.625 37.923, 90.61693954050786 37.91945828295042, 90.606 37.913, 90.427 37.836, 90.24 37.783, 90.23349114703619 37.78204080061586, 90.219 37.778, 90.15544274809153 37.7705389312977, 90.05 37.755, 90.02077995925174 37.75473069086868, 89.989 37.751, 89.91516591375763 37.75375728952772, 89.833 37.753, 89.78935502958583 37.75845562130177, 89.748 37.76, 89.69713114754097 37.769983606557375, 89.641 37.777, 89.58722247838618 37.791554466858784, 89.534 37.802, 89.46638783454992 37.82425742092456, 89.423 37.836, 89.40154895104894 37.8456018981019, 89.373 37.855, 89.22 37.926, 89.21527436823108 37.92898194945847, 89.213 37.93, 89.058 38.026, 89.04597090651059 38.035815149902405, 89.033 38.044, 88.98121808088808 38.088650277557576, 88.895 38.159, 88.87903828896201 38.17675740352977, 88.866 38.188, 88.78709302325584 38.279046511627875, 88.735 38.337, 88.72956842105263 38.34542105263157, 88.723 38.353, 88.606 38.537, 88.512 38.747, 88.452 38.971, 88.427 39.187, 88.42729416564667 39.19620318237452, 88.426 39.208, 88.4300528109029 39.28250936967633, 88.434 39.406, 88.43797199999999 39.42810061538458, 88.439 39.447, 88.45898888888892 39.54504074074096, 88.473 39.623, 88.47771067031462 39.636866621066986, 88.481 39.653, 88.541 39.826, 88.54388251516824 39.83165416436847, 88.544 39.832, 88.618 39.984, 88.6358450704225 40.01204225352109, 88.645 40.03, 88.6651219512195 40.05804878048781, 88.709 40.127, 88.74772981700754 40.17319913885899, 88.777 40.214), (88.869 38.735, 88.96 38.58, 89.085 38.429, 89.234 38.299, 89.405 38.196, 89.592 38.123, 89.784 38.083, 89.979 38.076, 90.116 38.09, 90.319 38.142, 90.442 38.194, 90.559 38.259, 90.666 38.337, 90.761 38.423, 90.899 38.591, 90.975 38.72, 91.044 38.889, 91.092 39.104, 91.098 39.336, 91.079 39.474, 91.042 39.617, 90.982 39.764, 90.892 39.919, 90.767 40.07, 90.617 40.2, 90.447 40.303, 90.26 40.376, 90.067 40.416, 89.872 40.424, 89.735 40.409, 89.533 40.357, 89.409 40.305, 89.293 40.24, 89.186 40.163, 89.09 40.076, 88.952 39.908, 88.877 39.779, 88.807 39.611, 88.76 39.395, 88.754 39.163, 88.772 39.026, 88.809 38.883, 88.869 38.735)), ((96.076 46.768, 96.12872694718014 46.82914861235476, 96.191 46.905, 96.20523020483031 46.917871140324046, 96.22 46.935, 96.31965346534649 47.021366336633626, 96.369 47.066, 96.37742105263159 47.07143157894738, 96.385 47.078, 96.569 47.195, 96.778 47.288, 96.7799300837026 47.28852560315116, 96.781 47.289, 96.87023529411933 47.31311764705928, 97.002 47.349, 97.01328571428574 47.35019047619048, 97.219 47.374, 97.23434903280065 47.37350939164564, 97.239 47.374, 97.27403664921478 47.37224083769633, 97.438 47.367, 97.46095140436915 47.362855996433346, 97.478 47.362, 97.57326011560693 47.342578034682084, 97.654 47.328, 97.6680337581812 47.32325525318636, 97.684 47.32, 97.857 47.26, 97.86074262182565 47.258101304049426, 97.864 47.257, 98.016 47.183, 98.04438831615127 47.16493470790374, 98.062 47.156, 98.08875438596482 47.13670175438603, 98.159 47.092, 98.20751396648046 47.05103910614525, 98.245 47.024, 98.28862606232303 46.98255524079313, 98.326 46.951, 98.34696994991647 46.92712854757936, 98.385 46.891, 98.44425433526011 46.816383429672456, 98.485 46.77, 98.50010526315796 46.74605263157885, 98.52 46.721, 98.57978899082553 46.619724770642456, 98.608 46.575, 98.61325997581625 46.563029020556144, 98.618 46.555, 98.695 46.377, 98.748 46.19, 98.7503245283019 46.17414339622636, 98.752 46.168, 98.75579487179486 46.136827838827884, 98.776 45.999, 98.77628062678063 45.96855199430199, 98.78 45.938, 98.77724044389643 45.864411837238166, 98.778 45.782, 98.77250000000001 45.73799999999998, 98.771 45.698, 98.76128099173556 45.64824793388441, 98.754 45.59, 98.739444133296 45.536464015681894, 98.729 45.483, 98.70549150849149 45.41158741258734, 98.695 45.373, 98.68664235764238 45.35432867132874, 98.676 45.322, 98.605 45.169, 98.59257894736827 45.14931578947343, 98.505 45.007, 98.49561864692024 44.99565836418715, 98.487 44.982, 98.42121473684212 44.90570736842106, 98.371 44.845, 98.36133410032218 44.83626246356808, 98.343 44.815, 98.23268775019997 44.71997197758189, 98.194 44.685, 98.18622222222227 44.67994444444447, 98.177 44.672, 97.994 44.555, 97.782 44.461, 97.56 44.401, 97.343 44.376, 97.32766732311153 44.37649233366155, 97.323 44.376, 97.28751749734889 44.37778154825026, 97.125 44.383, 97.10228881941345 44.38708173291648, 97.084 44.388, 96.98595925925925 44.40798888888889, 96.908 44.422, 96.89413337893295 44.42671067031464, 96.878 44.43, 96.705 44.49, 96.6992619412338 44.492911015178954, 96.699 44.493, 96.547 44.567, 96.52254295532644 44.58256357388317, 96.5 44.594, 96.46575438596496 44.61870175438594, 96.404 44.658, 96.3613503591381 44.69400957701514, 96.317 44.726, 96.26852029096477 44.77238705972435, 96.237 44.799, 96.21746186440676 44.821241525423744, 96.178 44.859, 96.11874566473998 44.93361657032744, 96.078 44.98, 96.06227836034316 45.00472354623456, 96.043 45.029, 95.98502423768582 45.126211884284395, 95.954 45.175, 95.9488328952309 45.186896357491634, 95.944 45.195, 95.868 45.373, 95.815 45.56, 95.81366473988439 45.5687942993821, 95.81 45.582, 95.80434302709847 45.630189028420375, 95.786 45.751, 95.78564548990555 45.78946434524902, 95.783 45.812, 95.78495684340321 45.86418249075226, 95.784 45.968, 95.79081179775281 46.020314606741586, 95.792 46.052, 95.80126071285541 46.1005622747296, 95.809 46.16, 95.82103986272439 46.204282206969395, 95.833 46.267, 95.85989049121223 46.34717350157722, 95.868 46.377, 95.87580759702725 46.39463005780346, 95.887 46.428, 95.958 46.581, 95.95914981729597 46.58282216808768, 95.961 46.587, 96.058 46.743, 96.06761390095565 46.7547101650738, 96.076 46.768), (96.291 45.242, 96.368 45.135, 96.455 45.039, 96.623 44.901, 96.752 44.826, 96.92 44.757, 97.136 44.709, 97.368 44.703, 97.505 44.721, 97.648 44.759, 97.796 44.818, 97.951 44.909, 98.102 45.034, 98.232 45.184, 98.335 45.354, 98.408 45.541, 98.448 45.734, 98.455 45.928, 98.441 46.065, 98.389 46.268, 98.337 46.392, 98.271 46.508, 98.194 46.615, 98.108 46.711, 97.939 46.849, 97.811 46.924, 97.642 46.993, 97.427 47.041, 97.194 47.047, 97.057 47.029, 96.914 46.992, 96.767 46.932, 96.612 46.841, 96.46 46.716, 96.331 46.566, 96.228 46.396, 96.154 46.209, 96.115 46.016, 96.107 45.822, 96.122 45.685, 96.174 45.482, 96.226 45.358, 96.291 45.242)))