MULTIPOLYGON (((38.905 -195.692, 39.661 -194.982, 40.509 -194.385, 41.431 -193.912, 42.411 -193.572, 43.429 -193.372, 44.464 -193.317, 44.888 -193.336, 45.306 -193.379, 45.729 -193.447, 46.208 -193.554, 46.685 -193.696, 47.207 -193.892, 47.966 -194.262, 48.877 -194.865, 49.689 -195.595, 50.385 -196.437, 50.949 -197.371, 51.371 -198.379, 51.639 -199.437, 51.93066635615445 -201.14419385940226, 52.031 -201.136, 51.93167447229113 -201.1500946074378, 51.932 -201.152, 51.814 -201.169, 51.725 -201.182, 51.601 -201.199, 51.432 -201.221, 51.24 -201.244, 51.039 -201.266, 48.982 -201.385, 48.334 -201.38, 45.85 -201.176, 45.636 -201.145, 42.992 -200.565, 42.785 -200.504, 40.444 -199.649, 39.853 -199.382, 38.035 -198.413, 37.844 -198.297, 37.664 -198.186, 37.504 -198.085, 37.42 -198.031, 37.335 -197.976, 37.257 -197.925, 37.25731066652846 -197.924556857054, 37.188 -197.88, 37.26007103345846 -197.92061939671842, 38.256 -196.5, 38.905 -195.692), (44.822 -196.207, 45.001 -196.306, 45.192 -196.379, 45.391 -196.423, 45.595 -196.437, 45.799 -196.421, 45.998 -196.376, 46.189 -196.303, 46.367 -196.202, 46.528 -196.077, 46.669 -195.929, 46.788 -195.763, 46.881 -195.581, 46.946 -195.387, 46.983 -195.186, 46.99 -194.982, 46.967 -194.779, 46.916 -194.586, 46.835 -194.396, 46.718 -194.206, 46.571 -194.038, 46.394 -193.89, 46.276 -193.816, 46.155 -193.756, 46.023 -193.705, 45.891 -193.669, 45.693 -193.641, 45.488 -193.641, 45.268 -193.675, 45.055 -193.743, 44.85 -193.849, 44.734 -193.93, 44.632 -194.016, 44.536 -194.116, 44.449 -194.226, 44.343 -194.401, 44.264 -194.59, 44.213 -194.787, 44.191 -194.991, 44.2 -195.195, 44.237 -195.396, 44.304 -195.589, 44.398 -195.77, 44.518 -195.936, 44.66 -196.083, 44.822 -196.207), (38.06276329410291 -198.37301856200472, 39.003 -197.019, 38.0627632941029 -198.37301856200472, 38.06276329410291 -198.37301856200472), (37.68539544745181 -198.1603331940235, 38.771 -196.858, 37.68539544745181 -198.16033319402348, 37.68539544745181 -198.1603331940235), (37.51705273080241 -198.0654548599119, 38.465 -196.646, 37.517052730802405 -198.0654548599119, 37.51705273080241 -198.0654548599119)), ((62.121 -182.491, 62.312 -181.984, 62.682 -181.225, 63.285 -180.314, 64.015 -179.502, 64.857 -178.806, 65.791 -178.241, 66.799 -177.82, 67.857 -177.552, 69.56526533343221 -177.2599803134798, 69.556 -177.16, 69.56955088949401 -177.2592477184237, 69.571 -177.259, 69.589 -177.377, 69.602 -177.466, 69.619 -177.59, 69.64 -177.759, 69.664 -177.951, 69.686 -178.152, 69.795 -179.739, 69.8 -180.857, 69.715 -182.327, 69.565 -183.554, 69.317 -184.886, 68.985 -186.199, 68.769 -186.902, 68.069 -188.747, 68.022 -188.854, 67.085 -190.722, 66.833 -191.156, 66.717 -191.347, 66.606 -191.527, 66.505 -191.687, 66.451 -191.771, 66.396 -191.856, 66.345 -191.934, 66.344556857054 -191.93368933347153, 66.3 -192.003, 66.34309973789487 -191.9326678162505, 64.92 -190.935, 64.112 -190.286, 63.402 -189.53, 62.805 -188.682, 62.332 -187.76, 61.992 -186.78, 61.792 -185.762, 61.737 -184.727, 61.76 -184.249, 61.804 -183.846, 61.876 -183.417, 61.995 -182.905, 62.121 -182.491), (62.468 -182.608, 62.327 -182.773, 62.21 -182.963, 62.124 -183.173, 62.086 -183.318, 62.065 -183.454, 62.059 -183.678, 62.086 -183.885, 62.144 -184.086, 62.231 -184.287, 62.349 -184.456, 62.486 -184.609, 62.646 -184.742, 62.823 -184.849, 63.014 -184.928, 63.214 -184.979, 63.419 -185, 63.625 -184.99, 63.828 -184.95, 64.023 -184.881, 64.205 -184.784, 64.371 -184.661, 64.517 -184.515, 64.64 -184.349, 64.737 -184.167, 64.807 -183.972, 64.847 -183.77, 64.856 -183.564, 64.836 -183.358, 64.785 -183.158, 64.706 -182.967, 64.599 -182.791, 64.468 -182.631, 64.314 -182.493, 64.142 -182.379, 63.955 -182.292, 63.757 -182.233, 63.572 -182.205, 63.385 -182.202, 63.199 -182.224, 63 -182.272, 62.816 -182.356, 62.628 -182.472, 62.468 -182.608)), ((28.040906804407506 -183.51168442164817, 28.039 -183.512, 28.022 -183.394, 28.009 -183.305, 27.992 -183.181, 27.97 -183.012, 27.947 -182.82, 27.925 -182.619, 27.89404822211399 -182.28972576717013, 27.877 -182.119, 27.881714981987713 -182.15852108497566, 27.878 -182.119, 28.913 -182.444, 30.772 -182.935, 30.484 -183.061, 30.131 -183.152, 29.755 -183.228, 28.043107898502544 -183.5113201380101, 28.055 -183.611, 28.040906804407506 -183.51168442164817), (28.9441176470588 -182.688882352941, 28.92855882352936 -182.56644117647016, 28.936 -182.628, 28.9441176470588 -182.688882352941)), ((30.561 -177.391, 30.558 -177.188, 30.581 -176.727, 30.671 -176.274, 30.724 -176.078, 30.895 -175.65, 30.983 -175.466, 31.087 -175.292, 31.35 -174.913, 31.485 -174.761, 31.813 -174.436, 31.973 -174.311, 32.355 -174.052, 32.77 -173.851, 32.959 -173.775, 33.404 -173.653, 33.603 -173.613, 33.805 -173.591, 34.26 -173.573, 34.35 -173.162, 34.415 -172.868, 34.477 -172.583, 34.534 -172.35, 34.572 -172.151, 34.607 -171.993, 34.64 -171.842, 34.843 -172.168, 35.129 -172.703, 35.479 -173.56, 35.702 -174.372, 35.831 -175.203, 35.866 -175.848, 35.854 -176.349, 35.798 -176.923, 35.727 -177.353, 35.607 -177.864, 35.482 -178.277, 35.291 -178.784, 34.802 -179.746, 34.265 -180.52, 34.042 -180.769, 33.952 -180.76, 33.843 -180.748, 33.72 -180.736, 33.583 -180.721, 33.382 -180.687, 33.197 -180.632, 33.005 -180.575, 32.94 -180.556, 32.749 -180.485, 32.339 -180.275, 32.164 -180.171, 31.799 -179.889, 31.647 -179.754, 31.508 -179.606, 31.215 -179.25, 30.976 -178.855, 30.883 -178.674, 30.721 -178.242, 30.662 -178.047, 30.582 -177.593, 30.561 -177.391), (32.821 -176.743, 32.772 -176.944, 32.754 -177.149, 32.766 -177.356, 32.808 -177.558, 32.88 -177.751, 32.979 -177.932, 33.104 -178.097, 33.252 -178.241, 33.419 -178.362, 33.602 -178.457, 33.798 -178.525, 34.001 -178.562, 34.207 -178.57, 34.412 -178.547, 34.605 -178.496, 34.795 -178.415, 34.983 -178.299, 35.142 -178.163, 35.284 -177.998, 35.401 -177.808, 35.487 -177.598, 35.525 -177.453, 35.555 -177.319, 35.546 -177.317, 35.552 -177.093, 35.527 -176.886, 35.467 -176.685, 35.374 -176.484, 35.262 -176.315, 35.125 -176.162, 34.965 -176.029, 34.805 -175.931, 34.634 -175.856, 34.454 -175.803, 34.25 -175.774, 34.043 -175.775, 33.839 -175.807, 33.642 -175.868, 33.456 -175.957, 33.285 -176.073, 33.133 -176.213, 33.003 -176.374, 32.898 -176.552, 32.821 -176.743)), ((-24.847 -59.375, -24.832 -59.367, -24.818 -59.359, -24.647 -59.283, -24.467 -59.234, -24.281 -59.212, -24.094 -59.218, -23.911 -59.252, -23.734 -59.313, -23.568 -59.4, -23.418 -59.51, -23.285 -59.642, -23.173 -59.792, -23.085 -59.956, -23.023 -60.132, -22.987 -60.316, -22.979 -60.502, -22.999 -60.688, -23.047 -60.869, -23.121 -61.04, -23.22 -61.199, -23.341 -61.341, -23.482 -61.464, -23.64 -61.564, -23.655 -61.572, -23.669 -61.579, -23.684 -61.586, -23.854 -61.654, -24.031 -61.695, -24.212 -61.711, -24.394 -61.7, -24.572 -61.663, -24.743 -61.601, -24.903 -61.514, -25.049 -61.405, -25.177 -61.275, -25.285 -61.129, -25.371 -60.968, -25.433 -60.797, -25.469 -60.619, -25.478 -60.437, -25.462 -60.255, -25.419 -60.078, -25.35 -59.91, -25.258 -59.753, -25.145 -59.611, -25.011 -59.486, -24.861 -59.383, -24.847 -59.375), (-24.695 -59.939, -24.775 -60.024, -24.84 -60.12, -24.888 -60.226, -24.918 -60.339, -24.929 -60.455, -24.92 -60.571, -24.892 -60.684, -24.846 -60.791, -24.783 -60.889, -24.704 -60.975, -24.613 -61.047, -24.51 -61.102, -24.4 -61.14, -24.285 -61.159, -24.169 -61.159, -24.054 -61.139, -23.944 -61.101, -23.929 -61.094, -23.914 -61.086, -23.899 -61.079, -23.802 -61.016, -23.716 -60.938, -23.645 -60.847, -23.589 -60.746, -23.551 -60.637, -23.531 -60.523, -23.531 -60.407, -23.549 -60.293, -23.586 -60.184, -23.641 -60.082, -23.711 -59.99, -23.796 -59.911, -23.892 -59.847, -23.998 -59.8, -24.11 -59.771, -24.225 -59.761, -24.34 -59.77, -24.452 -59.798, -24.559 -59.844, -24.573 -59.852, -24.588 -59.86, -24.602 -59.869, -24.695 -59.939)), ((-26.467 -56.272, -26.296 -56.196, -26.116 -56.147, -25.93 -56.125, -25.743 -56.131, -25.56 -56.165, -25.383 -56.226, -25.218 -56.313, -25.067 -56.423, -24.934 -56.555, -24.822 -56.704, -24.734 -56.869, -24.672 -57.045, -24.636 -57.229, -24.629 -57.415, -24.649 -57.601, -24.696 -57.782, -24.77 -57.953, -24.869 -58.112, -24.99 -58.254, -25.131 -58.377, -25.289 -58.477, -25.304 -58.484, -25.319 -58.492, -25.333 -58.499, -25.503 -58.567, -25.68 -58.608, -25.861 -58.624, -26.043 -58.613, -26.221 -58.576, -26.392 -58.513, -26.552 -58.427, -26.698 -58.317, -26.826 -58.188, -26.935 -58.042, -27.02 -57.881, -27.082 -57.71, -27.118 -57.531, -27.128 -57.35, -27.111 -57.168, -27.068 -56.991, -27 -56.823, -26.908 -56.665, -26.794 -56.523, -26.66 -56.399, -26.51 -56.296, -26.496 -56.288, -26.482 -56.28, -26.467 -56.272), (-26.569 -57.484, -26.541 -57.597, -26.495 -57.704, -26.432 -57.802, -26.353 -57.888, -26.262 -57.96, -26.159 -58.015, -26.049 -58.053, -25.934 -58.072, -25.818 -58.072, -25.703 -58.052, -25.593 -58.014, -25.578 -58.007, -25.563 -57.999, -25.548 -57.992, -25.451 -57.929, -25.365 -57.851, -25.294 -57.76, -25.238 -57.659, -25.2 -57.55, -25.181 -57.436, -25.18 -57.32, -25.198 -57.206, -25.235 -57.096, -25.29 -56.994, -25.36 -56.903, -25.445 -56.824, -25.541 -56.76, -25.647 -56.713, -25.759 -56.684, -25.874 -56.674, -25.989 -56.683, -26.102 -56.711, -26.208 -56.757, -26.222 -56.765, -26.237 -56.773, -26.251 -56.782, -26.344 -56.852, -26.424 -56.936, -26.489 -57.033, -26.537 -57.139, -26.567 -57.252, -26.578 -57.368, -26.569 -57.484)), ((-21.947 -59.214, -21.705 -59.912, -21.659 -60.648, -21.823 -61.366, -22.182 -62.01, -22.708 -62.526, -23.358 -62.874, -24.079 -63.024, -24.814 -62.964, -25.502 -62.7, -26.088 -62.253, -26.534 -61.664, -26.617 -61.493, -28.064 -58.786, -28.267 -58.406, -29.713 -55.699, -29.809 -55.534, -30.037 -54.896, -30.103 -54.224, -29.993 -53.557, -29.714 -52.941, -29.285 -52.419, -28.74 -52.016, -28.103 -51.787, -27.43 -51.721, -26.763 -51.831, -26.147 -52.11, -25.625 -52.539, -25.222 -53.084, -25.138 -53.255, -23.692 -55.962, -23.489 -56.342, -22.043 -59.049, -21.947 -59.214), (-21.68 -60.646, -21.756891079632474 -60.98441567764169, -21.75689107963248 -60.98441567764173, -21.68 -60.646), (-21.69379356193142 -60.427102169349176, -21.69379356193142 -60.42710216934919, -21.69379356193142 -60.42710216934921, -21.68 -60.646, -21.69379356193142 -60.427102169349176), (-21.691 -60.645, -21.708 -60.713, -21.71479999999999 -60.749956521739094, -21.691 -60.645), (-21.721 -60.712, -21.787537974683538 -61.0707264722069, -21.78753797468353 -61.070726472206864, -21.721 -60.712), (-24.24770000000003 -62.1299, -24.05012208657048 -62.12130965593785, -23.762300303336705 -62.061321536905965, -23.57395364238412 -61.99405487228004, -23.315827626009987 -61.85622646072664, -23.160206748539423 -61.740469059258395, -22.946495884360598 -61.53046416382256, -22.832673856077403 -61.3746272928845, -22.706910224438893 -61.1492119700748, -22.686 -61.109, -22.623813266899678 -60.92993217818099, -22.5727873003506 -60.706457343202175, -22.557 -60.621, -22.55133420639078 -60.441819277108436, -22.563963408985643 -60.23848911533115, -22.578 -60.117, -22.613426552743995 -59.987983897469626, -22.747 -59.641, -23.412652208054386 -58.39565067382018, -26.399709879368032 -59.991542778239385, -25.734 -61.237, -25.517088347854397 -61.544097141926564, -25.432 -61.642, -25.34845188284519 -61.7133640167364, -25.17006024096389 -61.849590361445756, -25.025 -61.94, -24.952884105960155 -61.97108443708614, -24.733457597431073 -62.05555393373229, -24.548 -62.104, -24.49359090909081 -62.110045454545464, -24.45006923794701 -62.11355962674962, -24.24770000000003 -62.1299), (-23.57324451665313 -62.88645532087734, -23.573244516653126 -62.88645532087734, -23.574 -62.884, -23.57324451665313 -62.88645532087734), (-25.35719275128361 -54.757937350768366, -25.357192751283623 -54.75793735076837, -28.06 -56.882, -25.35719275128361 -54.757937350768366), (-26.682342345825514 -59.461359033214926, -24.472390386860653 -58.281371629537865, -23.695 -57.866, -25.073 -55.286, -28.06 -56.882, -26.682342345825514 -59.461359033214926), (-24.392999999999873 -62.9777142857143, -24.392999999999923 -62.97771428571429, -24.809 -62.944, -24.392999999999873 -62.9777142857143), (-26.92652036199094 -52.72269079939669, -27.124111111111123 -52.662814814814816, -27.32276470588223 -52.629705882352965, -27.379 -52.621, -27.58298161955957 -52.61931420149124, -27.739324590163925 -52.63484262295082, -27.86 -52.651, -28.0041420118343 -52.69200591715976, -28.313 -52.816, -28.588665503402567 -53.00429610888154, -28.702 -53.101, -28.78720032840713 -53.19798905309239, -28.881118444523736 -53.31255583303605, -28.994 -53.484, -29.025763157894723 -53.55219736842103, -29.0990905511811 -53.71319881889764, -29.16312512413108 -53.92451290963256, -29.188200000000013 -54.077400000000075, -29.203 -54.173, -29.204712101004713 -54.37930817106784, -29.191451882845193 -54.51561087866105, -29.173 -54.654, -29.130279761904763 -54.80416810966811, -29.009 -55.107, -28.343342546237054 -56.35235914022317, -26.13339038687464 -55.17237162954534, -25.356 -54.757, -26.022 -53.511, -26.204227829848598 -53.24421845710165, -26.307 -53.123, -26.411217608804364 -53.03087393696852, -26.518555833036032 -52.942881555476276, -26.69 -52.83, -26.721437956204337 -52.815357664233595, -26.92652036199094 -52.72269079939669), (-25.357150386919496 -54.75790405776772, -25.35715038691948 -54.75790405776771, -25.356 -54.757, -25.357150386919496 -54.75790405776772), (-26.303282309234127 -53.11935578138365, -26.30328230923413 -53.11935578138365, -26.307 -53.123, -26.303282309234127 -53.11935578138365), (-25.393012356575525 -62.709074669020275, -25.421 -62.697, -25.487 -62.673, -25.393012356575525 -62.709074669020275), (-25.46321490644598 -61.67333976607177, -25.463214906445984 -61.67333976607177, -25.682 -61.893, -25.46321490644598 -61.67333976607177), (-25.569188775510202 -52.67465408163266, -25.569188775510217 -52.67465408163264, -25.697 -52.524, -25.569188775510202 -52.67465408163266), (-25.648 -52.561, -25.753841246290797 -52.47402967359051, -25.697 -52.524, -25.648 -52.561), (-25.961231173734284 -62.31097896581942, -25.961231173734273 -62.31097896581943, -26.034 -62.249, -25.961231173734284 -62.31097896581942), (-26.277033009708738 -53.093625242718446, -26.277033009708735 -53.093625242718446, -26.054 -52.875, -26.277033009708738 -53.093625242718446), (-27.323040712742966 -51.76985669546437, -27.58222245540399 -51.767008544446114, -27.582222455403993 -51.767008544446114, -27.323040712742966 -51.76985669546437), (-28.034 -51.815, -27.94845665722382 -51.80335660056657, -28.096 -51.818, -28.034 -51.815), (-28.357231514533435 -51.92080724120348, -28.031 -51.828, -28.357231514533417 -51.92080724120347, -28.357231514533435 -51.92080724120348), (-28.37823062077839 -51.92907140559665, -28.366 -51.962, -28.378230620778385 -51.92907140559665, -28.37823062077839 -51.92907140559665), (-29.321 -55.274, -28.473105374103504 -56.209458385830594, -28.473105374103508 -56.20945838583059, -29.321 -55.274), (-28.95975906183369 -52.23133901918977, -28.709 -52.074, -28.959759061833633 -52.231339019189726, -28.95975906183369 -52.23133901918977), (-29.3 -52.491, -29.263 -52.442, -29.34716922361694 -52.544432357043256, -29.3 -52.491), (-30.032521970705726 -53.98632090545939, -30.032521970705737 -53.98632090545944, -29.987 -53.748, -30.032521970705726 -53.98632090545939), (-30.039092156140672 -54.62408239734859, -30.017 -54.892, -30.03909215614067 -54.62408239734862, -30.039092156140672 -54.62408239734859), (-30.02564308681671 -53.9123794212218, -30.082 -54.224, -30.02564308681672 -53.91237942122188, -30.02564308681671 -53.9123794212218)), ((-27.579 -53.038, -27.393 -53.044, -27.209 -53.078, -27.032 -53.139, -26.867 -53.226, -26.716 -53.336, -26.583 -53.467, -26.472 -53.617, -26.384 -53.782, -26.321 -53.958, -26.286 -54.142, -26.278 -54.328, -26.298 -54.514, -26.345 -54.695, -26.419 -54.866, -26.518 -55.025, -26.639 -55.167, -26.78 -55.289, -26.938 -55.39, -26.953 -55.397, -26.968 -55.405, -26.983 -55.412, -27.152 -55.479, -27.329 -55.521, -27.51 -55.537, -27.692 -55.526, -27.87 -55.489, -28.041 -55.426, -28.201 -55.339, -28.347 -55.23, -28.476 -55.101, -28.584 -54.955, -28.67 -54.794, -28.731 -54.623, -28.767 -54.444, -28.777 -54.262, -28.76 -54.081, -28.717 -53.904, -28.649 -53.735, -28.557 -53.578, -28.443 -53.436, -28.31 -53.312, -28.16 -53.209, -28.145 -53.201, -28.131 -53.192, -28.116 -53.184, -27.945 -53.109, -27.765 -53.06, -27.579 -53.038), (-27.583 -54.985, -27.467 -54.984, -27.352 -54.965, -27.242 -54.926, -27.227 -54.919, -27.212 -54.912, -27.197 -54.904, -27.1 -54.842, -27.015 -54.764, -26.943 -54.673, -26.888 -54.572, -26.849 -54.463, -26.83 -54.349, -26.829 -54.233, -26.848 -54.119, -26.884 -54.009, -26.939 -53.907, -27.009 -53.816, -27.094 -53.737, -27.191 -53.673, -27.296 -53.626, -27.408 -53.597, -27.523 -53.587, -27.639 -53.596, -27.751 -53.624, -27.857 -53.67, -27.871 -53.678, -27.886 -53.686, -27.9 -53.695, -27.993 -53.765, -28.073 -53.849, -28.138 -53.946, -28.186 -54.052, -28.216 -54.165, -28.227 -54.281, -28.218 -54.397, -28.191 -54.51, -28.144 -54.617, -28.081 -54.715, -28.003 -54.801, -27.911 -54.872, -27.808 -54.928, -27.698 -54.966, -27.583 -54.985)), ((-120.21149613254069 1.853481900631406, -120.211 2.05, -120.18546451847502 2.216341780649422, -120.183 2.379, -120.07963266044955 3.0012745695279626, -120.04 3.633, -119.99927810646965 3.8218325410174043, -119.984 4.019, -119.94531626712711 4.186354848830082, -119.931 4.345, -119.78227330070322 4.9544785291735645, -119.695 5.585, -119.63948842955936 5.772908150208117, -119.61 5.965, -119.5613597436779 6.121293499923704, -119.534 6.286, -119.33770696696301 6.88962110649006, -119.205 7.505, -119.11545435138545 7.776531006730439, -119.092 7.878, -119.03184826086172 8.030051376284316, -119.03152112405789 8.031043359558321, -118.992 8.193, -118.9211606992028 8.365691415915478, -118.68465916419245 9.082839606678798, -118.685 9.083, -118.679 9.1, -118.659 9.154, -118.64336170212765 9.196000000000042, -118.626 9.244, -118.58842105263136 9.342421052632176, -118.572 9.386, -118.57190643274853 9.385997563352825, -118.536 9.481, -118.468 9.657, -118.43650506253725 9.73573734365687, -118.433 9.747, -118.42729326287976 9.758766842800613, -118.374 9.892, -118.31087210072897 10.047243099227734, -118.309 10.053, -118.30649504603682 10.058007080664556, -118.276 10.133, -118.162 10.405, -118.044 10.676, -117.924 10.946, -117.803 11.209, -117.742 11.337, -117.68 11.467, -117.63805599137318 11.553275074655168, -117.635 11.561, -117.63070363183716 11.568398220692686, -117.557 11.72, -117.422 11.992, -117.309 12.21, -117.209 12.401, -117.1 12.606, -116.987 12.812, -116.899 12.97, -116.89863344328421 12.970642729583847, -116.898 12.972, -116.89700737125469 12.973493924375353, -116.88241585442685 12.999079049772078, -116.883 13, -116.824 13.102, -116.775 13.189, -116.748 13.235, -116.739 13.251, -116.7382968707483 13.250674285714286, -116.71740315023426 13.284425680390807, -116.705 13.31, -116.66970124753777 13.361482600131282, -116.58694657007021 13.495163232963504, -116.537 13.595, -116.43888040096782 13.734347044590455, -115.864 14.663, -115.74400787126429 14.817233303629882, -115.646 14.986, -115.53986597338698 15.118346304372164, -115.457 15.257, -115.05496365793172 15.745803326862807, -114.706 16.271, -114.57759690861023 16.412779419451056, -114.465 16.577, -114.3519141271347 16.698205287867477, -114.257 16.833, -113.82137213282782 17.288515918083988, -113.432 17.789, -113.28963764623545 17.924321094888008, -113.168 18.076, -113.04507817833907 18.189459798275355, -112.941 18.316, -112.46914659179147 18.740876497367516, -112.047 19.207, -111.89592694832187 19.33052907389337, -111.763 19.473, -111.63557754022176 19.574100256517582, -111.519 19.696, -111.01968882701338 20.08199797669122, -110.561 20.518, -110.40136476542024 20.629670872880144, -110.258 20.762, -110.12264696997434 20.85376266719946, -109.998 20.966, -109.46891686089644 21.31504123605108, -108.981 21.714, -108.81260314111414 21.813920743337732, -108.66 21.935, -108.51537268696951 22.017987025904823, -108.386 22.118, -107.83323581849939 22.426174019108284, -107.316 22.788, -107.14245526036613 22.874185409029, -106.979 22.985, -106.82830182302348 23.05708037628124, -106.692 23.147, -106.11711445892084 23.413328443488258, -105.575 23.735, -105.39653810277228 23.807571586444197, -105.225 23.906, -105.00666900671503 24.00202586301928, -104.926 24.047, -104.77921533958506 24.102064040624917, -103.82408146029331 24.522148947847572, -103.768 24.55, -103.74102021957525 24.55868076224277, -103.70487075159797 24.57457994269341, -103.705 24.575, -103.70091256830601 24.576683060109293, -103.701 24.577, -103.688 24.582, -103.639 24.602, -103.63631428571422 24.60305714285717, -103.634 24.604, -103.541 24.641, -103.404 24.695, -103.4037360317235 24.69469168505305, -103.4007054163215 24.695617595277536, -103.309 24.731, -103.132 24.799, -103.10292561859909 24.809718098228306, -103.098 24.812, -103.09192245763944 24.81377434824309, -102.896 24.886, -102.651 24.975, -102.372 25.072, -102.092 25.166, -101.91523986506273 25.22324260597613, -101.906 25.227, -101.89679568446095 25.229215632434354, -101.811 25.257, -101.534 25.343, -101.399 25.384, -101.261 25.425, -101.22469918699187 25.43548690153568, -101.218 25.438, -101.21044752623688 25.43960404797601, -100.991 25.503, -100.698 25.584, -100.46 25.647, -100.252 25.7, -100.026 25.756, -100.0023390332128 25.76160391318644, -99.998 25.763, -99.99301357630975 25.7638125740319, -99.798 25.81, -99.622 25.851, -99.477 25.883, -99.38 25.904, -99.323 25.916, -99.31 25.919, -99.30996529284165 25.918896601590745, -99.305 25.92, -99.30482762954078 25.919422759392358, -99.296 25.922, -99.27095520418 25.92538822588036, -98.20863624331047 26.117017190976682, -98.055 26.154, -97.95553737556024 26.162673040001845, -97.671 26.214, -97.50912207436424 26.225717814915672, -97.343 26.261, -96.71012091853714 26.298783825758974, -96.089 26.4, -95.89448751253961 26.402357131885406, -95.701 26.431, -95.53668404058544 26.430585165464745, -95.371 26.453, -94.73633851176406 26.44338391684491, -94.11 26.498, -93.91587573481121 26.485821194594784, -93.72 26.5, -93.55452451925726 26.48717764064136, -93.39 26.497, -92.76188590200792 26.440318474300334, -92.128 26.448, -91.93651809936857 26.421496132540693, -91.74 26.421, -91.5736582193505 26.39546451847501, -91.411 26.393, -90.78872543047213 26.289632660449556, -90.157 26.25, -89.96816745898266 26.20927810646966, -89.771 26.194, -89.6036451511699 26.15531626712712, -89.445 26.141, -88.37452206949808 25.92846430888031, -88.205 25.905, -88.09978203528782 25.873916651814884, -87.8391979728473 25.822179561093545, -87.825 25.82, -87.81932542372881 25.81823400944707, -87.81612887776727 25.817599358245232, -87.816 25.818, -87.81103695652175 25.81689710144928, -87.811 25.817, -87.80700000000009 25.81600000000002, -87.798 25.814, -87.742 25.801, -87.644 25.778, -87.62481707317107 25.77330487804886, -87.615 25.771, -87.5052116607226 25.744201271514964, -87.504 25.744, -87.50283488839631 25.743621114490434, -87.488 25.74, -87.346 25.705, -87.153 25.655, -86.92 25.594, -86.662 25.523, -86.385 25.444, -86.2928073775353 25.416683667417864, -86.285 25.415, -86.27734152274384 25.4121011919241, -86.115 25.364, -85.91653570789786 25.303048419654026, -85.912 25.302, -85.90810591520811 25.300459494558297, -85.848 25.282, -85.65714232209764 25.22080898876413, -85.597 25.202, -85.54473443983369 25.184350622406527, -85.326 25.112, -85.061 25.021, -84.775 24.92, -84.544 24.835, -84.343 24.759, -84.126 24.675, -84.05430285810496 24.646517573767724, -84.043 24.643, -84.03191295963539 24.637622956567483, -83.907 24.588, -83.75210939609671 24.525858260709466, -83.752 24.526, -83.631 24.476, -83.522 24.43, -83.46 24.404, -83.44949999999992 24.399499999999964, -83.441 24.396, -83.44121625177937 24.3953277390337, -82.75922999324072 24.080461784698567, -82.581 24.013, -82.43228531732676 23.929514832164617, -82.37032455687209 23.90090819423368, -82.229 23.845, -82.15054019255419 23.799436041748983, -81.933 23.699, -81.39364231391224 23.37665446525578, -80.818 23.108, -80.65598425304725 23.000349646159314, -80.48 22.915, -80.34286543313712 22.820974462879448, -80.195 22.747, -79.68051379836884 22.384730531278866, -79.127 22.074, -78.97276669637012 21.95400787126428, -78.804 21.856, -78.67165369562787 21.749865973387006, -78.533 21.667, -78.0441966731371 21.264963657931645, -77.519 20.916, -77.37722058054898 20.787596908610265, -77.213 20.675, -77.09179471213253 20.561914127134703, -76.957 20.467, -76.50148408191592 20.031372132827737, -76.001 19.642, -75.865678905112 19.499637646235456, -75.714 19.378, -75.60054020172466 19.25507817833908, -75.474 19.151, -75.04912350263253 18.67914659179152, -74.583 18.257, -74.39199013547285 18.042966625016454, -74.317 17.973, -74.21642549604455 17.846240176371353, -74.21545203749257 17.845149381297478, -74.094 17.729, -73.97874407158835 17.579909651645888, -73.47717172946128 17.01787992899456, -73.477 17.018, -73.4733678493845 17.013762490948587, -73.473 17.014, -73.463 17.002, -73.4441875000003 16.979250000000363, -73.428 16.96, -73.364 16.883, -73.34833333333374 16.86400000000049, -73.345 16.86, -73.33462499999905 16.847374999998845, -73.27 16.769, -73.27009278002699 16.768847840755736, -73.262 16.759, -73.169 16.645, -73.045 16.49, -72.896 16.3, -72.83265137469395 16.21760792291483, -72.824 16.208, -72.8163599717669 16.196419104383946, -72.733 16.088, -72.559 15.858, -72.392 15.632, -72.228 15.405, -72.14342857142847 15.285101265822645, -72.076 15.191, -72.0266034732273 15.118531114327197, -71.913 14.955, -71.86053918912711 14.876981358189038, -71.855 14.87, -71.85008428767753 14.86143304321275, -71.757 14.723, -71.67786507982055 14.603586827034597, -71.672 14.596, -71.66756198752613 14.588039645847806, -71.59 14.471, -71.456 14.264, -71.341 14.082, -71.218 13.884, -71.096 13.684, -71.003 13.529, -70.928 13.401, -70.878 13.315, -70.86511111111152 13.292777777778484, -70.85 13.267, -70.842 13.253, -70.84217625637291 13.252868900218497, -70.84 13.249, -70.84025026330907 13.24882501914976, -70.82012858432901 13.211315172296354, -70.805 13.189, -70.77901495141292 13.134673154709377, -70.70294055850268 12.99285900339744, -70.643 12.902, -70.57208048498848 12.748916073903063, -70.055 11.785, -69.98242841355584 11.606538102772337, -69.884 11.435, -69.82451679462774 11.282214675693114, -69.743 11.136, -69.52040908556225 10.542637591132163, -69.24 9.978, -69.18009662090935 9.791820495324234, -69.096 9.616, -69.0481873972159 9.459503606963324, -68.978 9.308, -68.80051796569236 8.700084059065196, -68.563 8.116, -68.51630264873386 7.922007012161904, -68.447 7.744, -68.41153211242838 7.5866952357184605, -68.352 7.428, -68.22084357484204 6.810465191388692, -68.027 6.208, -67.9952323115968 6.013055111510032, -67.939 5.829, -67.91503295052756 5.667098448563774, -67.868 5.506, -67.78237359515661 4.873074126157658, -67.636 4.265, -67.61923703945904 4.072761978680007, -67.576 3.881, -67.56428218508432 3.7191220743642006, -67.529 3.553, -67.49121617424102 2.9201209185370667, -67.39 2.299, -67.3876428681146 2.104487512539681, -67.359 1.911, -67.35941483453524 1.7466840405853978, -67.337 1.581, -67.3466160831551 0.9463385117640956, -67.292 0.32, -67.30417880540521 0.1258757348111918, -67.29 -0.07, -67.30282235935864 -0.2354754807427319, -67.293 -0.4, -67.34968152569967 -1.0281140979920689, -67.342 -1.662, -67.36850386745931 -1.8534819006314234, -67.369 -2.05, -67.39572164447469 -2.2946285353290694, -67.397 -2.379, -67.42018222233084 -2.5185576928298428, -67.53741379117868 -3.5917770827794384, -67.54 -3.633, -67.54388415892483 -3.651011333361564, -67.55 -3.707, -67.55127284768214 -3.7133642384107004, -67.552 -3.72, -67.56 -3.777, -67.56624999999985 -3.8182499999990447, -67.579 -3.906, -67.59548104085457 -4.012302713511975, -67.596 -4.019, -67.59757738597972 -4.025824139569208, -67.599 -4.035, -67.622 -4.18, -67.6489060190074 -4.343958553326348, -67.649 -4.345, -67.64923487135019 -4.345962497290215, -67.654 -4.375, -67.695 -4.613, -67.743 -4.876, -67.797 -5.16, -67.853 -5.435, -67.88446143332327 -5.5811090293317775, -67.885 -5.585, -67.8861038802102 -5.588736664027017, -67.912 -5.709, -67.95605866177816 -5.901846929422414, -67.97 -5.965, -67.98485211267611 -6.026418511066608, -68.036 -6.244, -68.04521415764351 -6.281269204796907, -68.046 -6.286, -68.04760078405748 -6.2909225743220345, -68.103 -6.515, -68.18 -6.808, -68.244 -7.046, -68.302 -7.253, -68.367 -7.477, -68.3741130553886 -7.500887126305006, -68.375 -7.505, -68.37658366279244 -7.5091839422134115, -68.434 -7.702, -68.48301447770311 -7.861990653634702, -68.483 -7.862, -68.48395901639289 -7.865073770490028, -68.487 -7.875, -68.531 -8.016, -68.55246153846198 -8.081769230770592, -68.558 -8.099, -68.56301492537303 -8.114283582089211, -68.579 -8.166, -68.585 -8.183, -68.58509945105581 -8.1829775213367, -68.58651737899459 -8.186924253856404, -68.588 -8.193, -68.5936383319044 -8.206745075247994, -68.9643069784184 -9.23848298042165, -69.007 -9.383, -69.0470819850957 -9.468883131049838, -69.147 -9.747, -69.22133289022571 -9.90026856937164, -69.271 -10.053, -69.55218561545915 -10.615053865663818, -69.777 -11.209, -69.87435184761047 -11.38241582343814, -69.945 -11.561, -70.02870467134066 -11.705137003188444, -70.091 -11.857, -70.41334553474425 -12.396357686087846, -70.682 -12.972, -70.78965035384066 -13.134015746952711, -70.875 -13.31, -70.96902553712059 -13.447134566862934, -71.043 -13.595, -71.40526946872109 -14.109486201631087, -71.716 -14.663, -71.83599212873571 -14.817233303629875, -71.934 -14.986, -72.04013402661302 -15.11834630437216, -72.123 -15.257, -72.52503634206832 -15.745803326862852, -72.874 -16.271, -73.00240309138975 -16.41277941945105, -73.115 -16.577, -73.2280858728653 -16.698205287867477, -73.323 -16.833, -74.04912478784232 -17.66190957516246, -74.148 -17.789, -74.22244103614524 -17.85975917368178, -74.418 -18.083, -74.422 -18.086999999999996, -74.4230785992218 -18.088078599221788, -74.431 -18.096, -74.47 -18.138, -74.539 -18.211, -74.56449999999981 -18.2377499999998, -74.65 -18.328, -74.751 -18.433, -74.89 -18.575, -75.06 -18.746, -75.25 -18.935, -75.457 -19.135, -75.661 -19.329, -75.81622053944893 -19.472164575219892, -75.817 -19.473, -75.81790380834494 -19.473717104784157, -75.867 -19.519, -76.069 -19.704, -76.275 -19.886, -76.486 -20.07, -76.716 -20.267, -76.905 -20.424, -77.0153201743143 -20.514502178928495, -77.019 -20.518, -77.02296487208858 -20.520773577701405, -77.072 -20.561, -77.253 -20.707, -77.32007018049711 -20.760218730177062, -77.322 -20.762, -77.32416398381679 -20.7634670741155, -77.437 -20.853, -77.56916791349911 -20.955591876911896, -77.569 -20.956, -77.58111238196872 -20.965200751687785, -77.582 -20.966, -77.58325117903938 -20.966825414847218, -77.61699999999992 -20.99246153846148, -77.697 -21.054, -77.777 -21.115, -77.78466666666645 -21.120666666666512, -77.82 -21.148, -78.45531565795011 -21.596512509615433, -78.599 -21.714, -78.74154415654901 -21.798580663648135, -78.8006826522348 -21.84033054779312, -78.92 -21.935, -78.99895374449339 -21.98030358963507, -79.194 -22.118, -79.74676418150064 -22.426174019108302, -80.264 -22.788, -80.43754473963386 -22.874185409028993, -80.601 -22.985, -80.75169817697652 -23.05708037628124, -80.888 -23.147, -81.46288554107916 -23.413328443488254, -82.005 -23.735, -82.18346189722772 -23.807571586444197, -82.355 -23.906, -82.5077853243069 -23.965483205372255, -82.654 -24.047, -83.24736240886782 -24.269590914437742, -83.812 -24.55, -83.99817950467573 -24.60990337909063, -84.174 -24.694, -84.33049639303671 -24.74181260278412, -84.482 -24.812, -85.08991594093477 -24.989482034307624, -85.674 -25.227, -85.8679929878381 -25.27369735126614, -86.046 -25.343, -86.20330476428151 -25.378467887571627, -86.362 -25.438, -86.97953480861128 -25.569156425157953, -87.582 -25.763, -87.8659690527092 -25.821966251382243, -87.961 -25.851, -88.11700870297584 -25.874094703350174, -88.12706881031134 -25.87618368738706, -88.284 -25.922, -88.46681980491371 -25.946733074244378, -89.2090131119196 -26.100849717229206, -89.209 -26.101, -89.2127333333333 -26.10162222222222, -89.21400605318152 -26.101886502846437, -89.214 -26.102, -89.229 -26.105, -89.283 -26.114, -89.382 -26.131, -89.40155357142876 -26.134214285714318, -89.412 -26.136, -89.4549999999995 -26.14299999999992, -89.528 -26.155, -89.52805814688409 -26.15489318670206, -89.541 -26.157, -89.686 -26.18, -89.882 -26.21, -89.90862491504033 -26.2139154286824, -89.909 -26.214, -89.90939387897515 -26.214028511613993, -90.12 -26.245, -90.2295098747794 -26.259409194049923, -90.237 -26.261, -90.2454207650273 -26.261502732240437, -90.386 -26.28, -90.672 -26.316, -90.951 -26.347, -91.23 -26.376, -91.48200000000001 -26.399076923076922, -91.491 -26.4, -91.49739354568311 -26.400486588432518, -91.503 -26.401, -91.777 -26.423, -91.86998662832494 -26.42966570812365, -91.879 -26.431, -91.88827340568226 -26.43097658822095, -92.056 -26.443, -92.19736220349564 -26.451425561797755, -92.209 -26.453, -92.22078255033557 -26.452821476510067, -92.358 -26.461, -92.604 -26.473, -92.819 -26.482, -93.052 -26.49, -93.287 -26.495, -93.45394260485651 -26.49778237674761, -93.454 -26.498, -93.585 -26.499, -93.703 -26.5, -93.715 -26.5, -93.77 -26.5, -93.773 -26.5, -93.786 -26.5, -93.791 -26.5, -93.79104877051644 -26.499441014849996, -93.83393068143035 -26.49811292707899, -93.86 -26.5, -93.91792402715728 -26.495511584626456, -94.0806520588235 -26.490471764705884, -94.19 -26.497, -94.35728245420088 -26.481904295641186, -95.452 -26.448, -95.64348190063141 -26.421496132540693, -95.84 -26.421, -96.00634178064948 -26.39546451847501, -96.169 -26.393, -96.79127456952787 -26.289632660449552, -97.423 -26.25, -97.61183254101734 -26.20927810646966, -97.809 -26.194, -97.9763548488301 -26.15531626712712, -98.135 -26.141, -98.74447852917359 -25.99227330070322, -99.375 -25.905, -99.56290815020816 -25.849488429559358, -99.755 -25.82, -99.91129349992374 -25.771359743677884, -100.076 -25.744, -100.67962110648999 -25.547706966963034, -101.295 -25.415, -101.47674192513115 -25.34620891494766, -101.668 -25.302, -101.82061260479126 -25.241626238071987, -101.983 -25.202, -102.57061679894528 -24.96095522685187, -103.173 -24.783, -103.34483556500838 -24.702803685876557, -103.537 -24.643, -103.6902685693717 -24.568667109774267, -103.843 -24.519, -104.40505386566385 -24.237814384540844, -104.999 -24.013, -105.17241582343817 -23.91564815238951, -105.351 -23.845, -105.4951370031884 -23.761295328659344, -105.647 -23.699, -106.18635768608787 -23.37665446525573, -106.762 -23.108, -106.92401574695275 -23.000349646159318, -107.1 -22.915, -107.23713456686286 -22.820974462879448, -107.385 -22.747, -107.8994862016312 -22.38473053127884, -108.453 -22.074, -108.60723330362987 -21.954007871264288, -108.776 -21.856, -108.97519361405215 -21.70991487536648, -109.047 -21.667, -109.15637994781576 -21.5770359762326, -110.0262357934525 -20.93909886048867, -110.061 -20.916, -110.07491178643713 -20.903400735648393, -110.11559327917077 -20.873565637949355, -110.116 -20.874, -110.11992000000001 -20.870919999999995, -110.12 -20.871, -110.12300000000012 -20.8684999999999, -110.13 -20.863, -110.14714285714261 -20.84928571428591, -110.185 -20.82, -110.278 -20.746, -110.31199999999757 -20.719000000001934, -110.37 -20.673, -110.3699837604669 -20.672954072570406, -110.38 -20.665, -110.494 -20.573, -110.62102921485089 -20.468387705416916, -110.623 -20.467, -110.62477165841584 -20.46530569306931, -110.647 -20.447, -110.832 -20.293, -111.037 -20.119, -111.255 -19.931, -111.465 -19.744, -111.57074875354391 -19.64841939583531, -111.579 -19.642, -111.58600775120065 -19.63462760949172, -111.673 -19.556, -111.83658965102279 -19.404618531889355, -111.866 -19.378, -111.90114285714307 -19.344485714285508, -112.074 -19.182, -112.276 -18.987, -112.491 -18.775, -112.665 -18.6, -112.815 -18.447, -112.977 -18.279, -113.138 -18.108, -113.261 -17.976, -113.32337623762433 -17.908009900989477, -113.341 -17.889, -113.35875280898783 -17.869449438203272, -113.361 -17.867, -113.429 -17.793, -113.467 -17.75, -113.46939999999998 -17.747200000000024, -113.476 -17.74, -113.47578336980307 -17.73975273522976, -113.479 -17.736, -113.47892053937493 -17.73591508619478, -113.47956308280301 -17.735155878199574, -113.486 -17.729, -113.4989452703186 -17.71225452852677, -114.19453328831445 -16.890370805881, -114.308 -16.771, -114.36727718873071 -16.686262344743998, -114.552 -16.468, -114.64376266719952 -16.332646969974267, -114.756 -16.208, -115.10504123605104 -15.678916860896507, -115.504 -15.191, -115.60392074333777 -15.022603141114084, -115.725 -14.87, -115.8079870259048 -14.725372686969571, -115.908 -14.596, -116.21617401910828 -14.043235818499396, -116.578 -13.526, -116.66418540902899 -13.352455260366147, -116.775 -13.189, -116.84708037628126 -13.038301823023465, -116.937 -12.902, -117.20332844348829 -12.327114458920795, -117.525 -11.785, -117.5975715864442 -11.606538102772266, -117.696 -11.435, -117.75548320537226 -11.282214675693112, -117.837 -11.136, -118.05959091443769 -10.542637591132278, -118.34 -9.978, -118.39990337909063 -9.791820495324242, -118.484 -9.616, -118.53181260278411 -9.45950360696331, -118.602 -9.308, -118.95136831530651 -8.277395878780432, -119.017 -8.116, -119.04374587999514 -8.004890632296345, -119.1267048151371 -7.760169469261601, -119.133 -7.744, -119.13461641666677 -7.736830978663898, -119.135288006261 -7.734849851660487, -119.136 -7.735, -119.13814285714284 -7.727285714285781, -119.141 -7.718, -119.157 -7.667, -119.186 -7.571, -119.2003000000001 -7.522033333332982, -119.229 -7.425, -119.22870720830292 -7.424791129489985, -119.257 -7.328, -119.308 -7.146, -119.375 -6.902, -119.442 -6.65, -119.514 -6.364, -119.549068561456 -6.220218898030389, -119.553 -6.208, -119.55491497726045 -6.196248593232131, -119.584 -6.077, -119.64033309316234 -5.831182866200735, -119.641 -5.829, -119.64130410276577 -5.826945733385765, -119.65 -5.789, -119.712 -5.506, -119.741 -5.367, -119.769 -5.226, -119.823 -4.951, -119.879 -4.652, -119.92 -4.41, -119.94345266970925 -4.267273752912305, -119.944 -4.265, -119.94419641066001 -4.262747557983385, -119.955 -4.197, -119.991 -3.968, -120.026 -3.735, -120.04937875803155 -3.5606334296813764, -120.051 -3.553, -120.05145502645503 -3.5453783068782463, -120.05329267463053 -3.5319634751971094, -120.05463882027097 -3.522136612021864, -120.055 -3.522, -120.06076923076934 -3.4773846153837638, -120.07 -3.41, -120.07717241379306 -3.350827586207195, -120.083 -3.306, -120.08776000000002 -3.2699599999998608, -120.09 -3.254, -120.092 -3.235, -120.09174256205272 -3.2349457103648573, -120.1611416757908 -2.47609134903253, -120.19 -2.299, -120.19193422847133 -2.139385854689365, -120.1996006481776 -2.055556311103766, -120.221 -1.911, -120.22078026954074 -1.8239647650871325, -120.243 -1.581, -120.2333839168449 -0.9463385117640662, -120.288 -0.32, -120.27582119459478 -0.1258757348112814, -120.29 0.07, -120.27717764064137 0.2354754807427289, -120.287 0.4, -120.23031847430033 1.0281140979922267, -120.238 1.662, -120.21149613254069 1.853481900631406), (-74.40997546843079 18.059747139399164, -74.40997546843077 18.059747139399164, -74.583 18.257, -74.40997546843079 18.059747139399164), (-72.07670542134089 15.190506420128859, -72.07670542134089 15.190506420128857, -72.076 15.191, -72.07670542134089 15.190506420128859), (-73.90202651969001 17.48067096869894, -73.48889164061524 17.00968551956984, -73.48889164061524 17.009685519569842, -73.90202651969003 17.48067096869896, -73.90202651969001 17.48067096869894), (-82.859 -7.185, -82.722 -7.323, -82.566 -7.438, -82.394 -7.53, -82.211 -7.594, -82.02 -7.631, -81.826 -7.639, -81.633 -7.618, -81.50454581673307 -7.583836653386456, -81.401 -7.501, -81.297 -7.389, -81.211 -7.262, -81.145 -7.124, -81.099 -6.978, -81.077 -6.827, -81.077 -6.673, -81.099 -6.522, -81.145 -6.376, -81.211 -6.238, -81.297 -6.111, -81.401 -5.999, -81.521 -5.903, -81.654 -5.827, -81.797 -5.771, -81.946 -5.736, -82.099 -5.725, -82.251 -5.736, -82.401 -5.771, -82.543 -5.827, -82.676 -5.903, -82.796 -5.999, -82.9 -6.111, -82.986 -6.238, -83.053 -6.376, -83.098 -6.522, -83.121 -6.673, -83.121 -6.693015625000012, -83.064 -6.856, -82.974 -7.028, -82.859 -7.185), (-97.513 -1.461, -97.254 -2, -96.917 -2.494, -96.511 -2.932, -96.043 -3.305, -95.526 -3.604, -94.969 -3.822, -94.386 -3.955, -93.79 -4, -93.194 -3.955, -92.611 -3.822, -92.054 -3.604, -91.537 -3.305, -91.069 -2.932, -90.663 -2.494, -90.326 -2, -90.067 -1.461, -89.89 -0.89, -89.801 -0.299, -89.801 0.299, -89.89 0.89, -90.067 1.461, -90.326 2, -90.663 2.494, -91.069 2.932, -91.537 3.305, -92.054 3.604, -92.611 3.822, -93.194 3.955, -93.79 4, -94.386 3.955, -94.969 3.822, -95.526 3.604, -96.043 3.305, -96.511 2.932, -96.917 2.494, -97.254 2, -97.513 1.461, -97.69 0.89, -97.779 0.299, -97.779 -0.299, -97.69 -0.89, -97.513 -1.461), (-94.591 12.861, -94.487 12.749, -94.367 12.653, -94.235 12.577, -94.092 12.521, -93.943 12.486, -93.79 12.475, -93.637 12.486, -93.488 12.521, -93.345 12.577, -93.32699753896637 12.587365053322394, -93.215 12.717, -93.111 12.881, -93.033 13.059, -92.983 13.247, -92.96 13.44, -92.967 13.634, -93.003 13.825, -93.066 14.009, -93.157 14.181, -93.272 14.337, -93.36524904659261 14.430929696567738, -93.488 14.479, -93.637 14.514, -93.79 14.525, -93.943 14.514, -94.092 14.479, -94.235 14.423, -94.367 14.347, -94.487 14.251, -94.591 14.139, -94.678 14.013, -94.744 13.874, -94.789 13.728, -94.812 13.577, -94.812 13.423, -94.789 13.272, -94.744 13.126, -94.678 12.988, -94.591 12.861), (-105.926 -7.673, -105.783 -7.729, -105.634 -7.764, -105.481 -7.775, -105.329 -7.764, -105.179 -7.729, -105.037 -7.673, -104.904 -7.597, -104.784 -7.501, -104.68 -7.389, -104.594 -7.262, -104.527 -7.124, -104.482 -6.978, -104.459 -6.827, -104.459 -6.673, -104.482 -6.522, -104.527 -6.376, -104.594 -6.238, -104.68 -6.111, -104.784 -5.999, -104.904 -5.903, -104.92163671875 -5.8929218750000025, -105.091 -5.861, -105.285 -5.853, -105.478 -5.874, -105.666 -5.924, -105.844 -6.001, -106.009 -6.104, -106.156 -6.231, -106.284 -6.378, -106.387 -6.542, -106.466 -6.72, -106.50004063786008 -6.847311985596702, -106.481 -6.978, -106.435 -7.124, -106.369 -7.262, -106.283 -7.389, -106.179 -7.501, -106.059 -7.597, -105.926 -7.673)), ((219.796 -148.15, 219.617 -148.074, 219.431 -147.994, 218.974 -147.786, 219.772 -147.05, 221.122 -145.681, 221.089 -145.993, 220.992 -146.344, 220.871 -146.709, 220.26397684467253 -148.3353827632047, 220.357 -148.375, 220.26322742081473 -148.33739067679736, 220.263 -148.338, 220.153 -148.295, 220.069 -148.261, 219.952 -148.214, 219.796 -148.15), (220.00388073394606 -147.14564220183533, 219.90063406940064 -147.1030567823344, 219.943 -147.121, 220.00388073394606 -147.14564220183533)), ((240.479 -135.912, 241.516 -135.571, 242.592 -135.386, 243.684 -135.361, 244.767 -135.496, 245.819 -135.79, 247.44542263234078 -136.38658735870922, 247.488 -136.296, 247.4505177218108 -136.38845628620004, 247.452 -136.389, 247.408 -136.5, 247.375 -136.584, 247.328 -136.7, 247.263 -136.857, 247.188 -137.036, 247.107 -137.221, 246.187 -139.064, 245.86 -139.624, 244.448 -141.677, 244.314 -141.847, 242.495 -143.852, 242.339 -144.002, 240.433 -145.607, 239.907 -145.986, 238.163 -147.082, 237.967 -147.19, 237.781 -147.291, 237.613 -147.379, 237.525 -147.425, 237.435 -147.471, 237.351 -147.514, 237.3507232795281 -147.51340943801728, 237.278 -147.551, 237.34863478556434 -147.5089522862654, 236.613 -145.939, 236.235 -144.973, 235.995 -143.964, 235.899 -142.932, 235.947 -141.896, 236.14 -140.877, 236.473 -139.895, 236.94 -138.969, 237.168 -138.611, 237.413 -138.269, 237.683 -137.936, 238.014 -137.575, 238.374 -137.231, 238.804 -136.876, 239.503 -136.402, 240.479 -135.912), (246.02175262112593 -139.3122986779747, 246.53669025455358 -138.32000105718348, 246.53669025455372 -138.32000105718316, 246.02175262112587 -139.31229867797478, 246.02175262112593 -139.3122986779747), (244.38039906313165 -141.75152450366, 244.79861798379522 -141.15016573222718, 244.79861798379545 -141.15016573222684, 244.38039906313165 -141.75152450366), (242.40754676969954 -143.9264327930055, 242.40754676969962 -143.9264327930054, 241.85136994219596 -144.39980346820857, 241.85136994219644 -144.39980346820818, 242.40754676969954 -143.9264327930055), (237.722 -139.435, 237.821 -139.613, 237.945 -139.776, 238.091 -139.919, 238.257 -140.038, 238.438 -140.133, 238.631 -140.2, 238.832 -140.238, 239.036 -140.247, 239.239 -140.226, 239.437 -140.175, 239.626 -140.097, 239.801 -139.991, 239.958 -139.862, 240.096 -139.71, 240.21 -139.54, 240.297 -139.356, 240.358 -139.161, 240.389 -138.959, 240.39 -138.754, 240.361 -138.552, 240.304 -138.356, 240.218 -138.17, 240.106 -137.999, 239.971 -137.846, 239.815 -137.714, 239.641 -137.607, 239.454 -137.526, 239.262 -137.474, 239.056 -137.449, 238.833 -137.457, 238.614 -137.5, 238.398 -137.58, 238.275 -137.646, 238.163 -137.721, 238.053 -137.81, 237.956 -137.907, 237.832 -138.065, 237.731 -138.242, 237.65 -138.45, 237.604 -138.669, 237.594 -138.899, 237.606 -139.04, 237.631 -139.171, 237.67 -139.305, 237.722 -139.435), (240.37300344747848 -145.60583929284647, 240.3730034474785 -145.60583929284647, 237.435 -145.549, 240.37300344747848 -145.60583929284647)), ((214.381 -138.78, 214.445 -138.587, 214.526 -138.401, 214.737 -137.997, 214.425 -137.715, 214.202 -137.512, 213.986 -137.317, 213.812 -137.151, 213.658 -137.019, 213.539 -136.911, 213.424 -136.807, 213.808 -136.792, 214.414 -136.81, 215.332 -136.934, 216.147 -137.144, 216.933 -137.446, 217.509 -137.736, 217.938 -137.996, 218.408 -138.33, 218.745 -138.606, 219.129 -138.964, 219.425 -139.278, 219.77 -139.696, 220.362 -140.599, 220.766 -141.45, 220.87 -141.767, 220.818 -141.84, 220.754 -141.929, 220.681 -142.029, 220.601 -142.142, 220.471 -142.298, 220.331 -142.432, 220.186 -142.57, 220.137 -142.617, 219.981 -142.747, 219.595 -142.999, 219.417 -143.098, 218.991 -143.275, 218.799 -143.34, 218.601 -143.387, 218.146 -143.463, 217.684 -143.474, 217.481 -143.465, 217.026 -143.39, 216.828 -143.344, 216.394 -143.188, 216.208 -143.106, 216.03 -143.007, 215.642 -142.758, 215.294 -142.455, 215.15 -142.311, 214.864 -141.949, 214.749 -141.782, 214.649 -141.605, 214.451 -141.188, 214.386 -140.996, 214.268 -140.55, 214.239 -140.348, 214.205 -139.888, 214.237 -139.428, 214.265 -139.227, 214.381 -138.78), (216.42 -140.087, 216.466 -140.289, 216.541 -140.481, 216.643 -140.661, 216.771 -140.823, 216.921 -140.965, 217.09 -141.083, 217.275 -141.175, 217.471 -141.239, 217.675 -141.273, 217.881 -141.277, 218.086 -141.251, 218.285 -141.195, 218.473 -141.11, 218.647 -140.998, 218.802 -140.862, 218.936 -140.705, 219.045 -140.53, 219.127 -140.34, 219.179 -140.148, 219.203 -139.942, 219.196 -139.721, 219.157 -139.516, 219.084 -139.311, 218.978 -139.115, 218.839 -138.936, 218.732 -138.83, 218.63 -138.738, 218.433 -138.628, 218.241 -138.547, 218.037 -138.499, 217.816 -138.479, 217.614 -138.492, 217.413 -138.535, 217.218 -138.608, 217.054 -138.698, 216.903 -138.809, 216.768 -138.939, 216.641 -139.102, 216.539 -139.281, 216.465 -139.474, 216.42 -139.675, 216.405 -139.881, 216.42 -140.087)), ((237.765 -110.24, 238.738 -110.793, 239.971 -111.597, 240.961 -112.338, 241.993 -113.216, 242.966 -114.158, 243.468 -114.695, 244.72 -116.219, 244.79 -116.313, 245.944 -118.055, 246.195 -118.49, 246.303 -118.686, 246.404 -118.872, 246.493 -119.039, 246.538 -119.127, 246.585 -119.218, 246.627 -119.301, 246.626349352354 -119.3013052880066, 246.664 -119.374, 246.62473241476832 -119.30206396538809, 245.052 -120.04, 244.087 -120.418, 243.078 -120.657, 242.045 -120.754, 241.009 -120.705, 239.991 -120.512, 239.009 -120.179, 238.083 -119.712, 237.68 -119.454, 237.352 -119.216, 237.015 -118.94, 236.631 -118.582, 236.334 -118.267, 235.989 -117.848, 235.515 -117.15, 235.025 -116.174, 234.684 -115.136, 234.499 -114.06, 234.474 -112.969, 234.61 -111.885, 234.904 -110.833, 235.5011358284501 -109.20607901163511, 235.409 -109.164, 235.5027758726568 -109.20161064411369, 235.503 -109.201, 235.613 -109.244, 235.697 -109.278, 235.814 -109.325, 235.97 -109.389, 236.149 -109.465, 236.335 -109.545, 237.765 -110.24), (244.894 -119.706, 246.4833349376149 -119.04303164265845, 246.4833349376149 -119.04303164265843, 244.894 -119.706), (241.44386888891452 -112.77631490165807, 241.96477395166167 -113.2491564049996, 241.4438688889146 -112.77631490165813, 241.44386888891452 -112.77631490165807), (240.47195095011648 -111.99810761040483, 239.30809998238257 -111.18922333458437, 239.30809998238243 -111.18922333458428, 240.47195095011648 -111.99810761040483), (238.893 -118.705, 239.036 -118.556, 239.156 -118.389, 239.251 -118.205, 239.317 -118.009, 239.354 -117.806, 239.36 -117.6, 239.336 -117.395, 239.282 -117.195, 239.199 -117.006, 239.09 -116.831, 238.956 -116.674, 238.8 -116.539, 238.626 -116.427, 238.437 -116.343, 238.238 -116.287, 238.034 -116.261, 237.827 -116.266, 237.624 -116.301, 237.427 -116.365, 237.243 -116.458, 237.074 -116.577, 236.924 -116.719, 236.808 -116.866, 236.712 -117.027, 236.639 -117.199, 236.582 -117.395, 236.563 -117.597, 236.57 -117.818, 236.608 -118.023, 236.682 -118.228, 236.788 -118.424, 236.927 -118.603, 237.034 -118.709, 237.142 -118.795, 237.334 -118.911, 237.526 -118.99, 237.729 -119.04, 237.947 -119.065, 238.152 -119.047, 238.353 -119.004, 238.548 -118.931, 238.729 -118.83, 238.893 -118.705)), ((-97.22303868820852 -80.42699205169606, -97.217 -80.244, -96.92072577593655 -78.64006305484692, -96.637 -76.963, -96.57751299605212 -76.7820152970798, -96.545 -76.606, -96.00493853627624 -75.04000088006471, -95.482 -73.449, -95.4004378014681 -73.28714924687725, -95.339 -73.109, -94.55688819899986 -71.61322258828561, -93.817 -70.145, -93.71079375345953 -69.99507930212388, -93.625 -69.831, -92.6429247108597 -68.48767576116677, -91.679 -67.127, -91.55058906096737 -66.99353272379687, -91.442 -66.845, -90.27423410731924 -65.66691973883552, -89.114 -64.461, -88.96675795229947 -64.34789521531903, -88.838 -64.218, -87.50773033380894 -63.22713516606598, -86.181 -62.208, -86.01940604799589 -62.118541747917405, -85.871 -62.008, -84.41000031675667 -61.227576326113045, -82.944 -60.416, -82.76859977931096 -60.35078774604321, -82.608 -60.265, -81.06884864851668 -59.71883527774387, -79.477 -59.127, -79.29200045319315 -59.08832431457255, -79.122 -59.028, -77.48847501792123 -58.711282405016945, -75.856 -58.37, -75.67523743824026 -58.3597210566018, -75.491 -58.324, -73.79981401752192 -58.253076345431786, -72.163 -58.16, -71.9821064406315 -58.176846725729945, -71.795 -58.169, -70.1191765909536 -58.350342500489525, -68.48 -58.503, -68.30225698942644 -58.546953158838576, -68.117 -58.567, -66.51316934663156 -58.98936747986387, -64.889 -59.391, -64.71545596755816 -59.46279381564446, -64.54 -59.509, -63.16974232743278 -60.09953789597834, -62.085 -59.52, -62.033 -59.492, -62.007 -59.478, -61.981 -59.464, -63.294 -58.912, -64.636 -58.433, -66.003 -58.03, -66.027 -57.87, -66.043 -57.71, -66.049 -57.456, -66.032 -57.197, -65.991 -56.934, -65.922 -56.658, -65.829 -56.389, -65.633 -55.983, -65.354 -55.567, -65.018 -55.195, -64.634 -54.875, -64.21151439258666 -54.61032225540299, -65.9 -55.512, -62.616 -49.068, -57.907 -43.35, -18.611 -23.634, -17.559 -23.634, -15.771 -23.634, -13.558 -22.449, -10.707 -21.565, 2.863 -20.648, 2.873 -20.686, 2.873 -20.685, 5.177273937855355 -19.528921369689954, 5.982 -19.125, 13.688 -15.259, 10.884 -11.988, 20.321 -6.959, 30.572 -6.787, 51.49995119177721 3.713658700024339, 49.819 4.684, 47.422 6.581, 45.326 8.805, 43.574 11.31, 42.205 14.042, 41.247 16.944, 40.721 19.955, 40.637 23.01, 40.997 26.045, 41.794 28.996, 43.011 31.799, 44.622 34.397, 46.593 36.733, 48.882 38.758, 51.441 40.429, 54.215 41.711, 55.551 42.163, 57.147 42.577, 58.334 42.8, 60.172 43.009, 61.178 43.054, 63.229 42.996, 64.031 42.919, 66.251 42.54, 66.838 42.398, 69.175 41.65, 69.549 41.502, 71.938 40.346, 72.113 40.246, 74.484 38.654, 75.96834489486368 37.548749837924966, 75.976 40.473, 76.429 43.496, 77.315 46.421, 78.617 49.186, 80.306 51.733, 82.347 54.008, 84.696 55.963, 87.305 57.556, 90.117 58.753, 93.073 59.53, 96.11 59.869, 99.165 59.764, 102.171 59.216, 105.067 58.238, 107.79 56.85, 110.283 55.081, 111.339 54.148, 112.492 52.97, 113.276 52.05, 114.372 50.56, 114.911 49.709, 115.881 47.902, 116.213 47.168, 116.989 45.054, 117.159 44.474, 117.6178462656343 42.32824524121501, 118.399 42.67, 121.347 43.475, 124.381 43.845, 127.437 43.769, 130.449 43.251, 133.354 42.302, 136.09 40.941, 138.6 39.197, 140.83 37.107, 142.733 34.715, 144.269 32.073, 145.405 29.236, 146.117 26.263, 146.391 23.219, 146.367 21.81, 146.219 20.168, 146.029 18.974, 145.607 17.174, 145.31 16.211, 144.566 14.3, 144.223 13.571, 143.119 11.608, 142.788 11.102, 141.297 9.154, 141.031 8.852, 139.137 6.991, 138.984 6.86, 136.687 5.164, 128.57050117212614 -0.23926693429467, 133.272 -2.04, 138.66 -6.231, 142.186 -7.965, 203.092 -67.105, 207.314 -74.762, 217.134 -84.437, 222.354 -94.889, 221.957 -95.18, 221.994 -95.153, 222.02 -95.134, 222.037 -95.122, 222.042 -95.118, 225.259 -98.036, 227.875 -100.409, 228.033 -100.561, 228.182 -100.722, 228.406 -101.008, 228.569 -101.258, 228.723 -101.546, 228.849 -101.848, 228.947 -102.158, 229.014 -102.479, 229.048 -102.804, 228.489 -103.828, 228.406 -103.977, 227.9 -104.934, 226.839 -105.726, 226.407 -105.784, 223.077 -106.244, 219.849 -107.184, 216.793 -108.583, 215.887 -107.761, 214.758 -106.737, 213.904 -105.963, 193.852 -87.773, 193.51238677771983 -87.50675533576255, 193.31011450381692 -87.36741221374054, 193.0456453674121 -87.21483386581468, 192.81108333333333 -87.09683333333334, 192.54215068493139 -86.98926027397256, 192.28900000000013 -86.90227027027031, 191.99545253233924 -86.83139574654678, 191.74699509285097 -86.7828146829597, 191.43187090267287 -86.75341048915786, 191.19005313736565 -86.74012379875636, 190.88382936738276 -86.75462913522924, 190.6282087855297 -86.7752285960379, 190.3166328828827 -86.83576651651656, 190.08441444174764 -86.88708070388347, 189.7897570532911 -86.98930877742963, 189.55019731693693 -87.07850158375253, 189.079 -87.322, 188.615 -87.654, 188.202 -88.048, 183.499 -93.233, 183.147 -93.682, 182.862 -94.176, 182.66280991735536 -94.67397520661164, 182.60022367790387 -94.91216312509965, 182.52749120388242 -95.21340583466609, 182.49695771719033 -95.46507578558271, 182.4680368882503 -95.775019763657, 182.47207843137255 -96.02065577342049, 182.48660319177714 -96.32728960418363, 182.52824914074944 -96.59550934696955, 182.58325763787857 -96.87812180928442, 182.65841344195522 -97.13056822810603, 182.75511268418546 -97.40980668160512, 182.86883811009298 -97.6593012283097, 182.9978987957214 -97.9090484329418, 183.141126837832 -98.13615317094592, 183.3176902782219 -98.38291653341857, 183.4778590699888 -98.5725781621964, 183.774 -98.883, 186.733 -101.567, 190.415 -104.907, 192.662 -106.945, 195.87447260997436 -109.8596466164304, 198.4405344033423 -112.18749001200972, 204.68 -117.847, 205.809 -118.871, 206.714 -119.693, 205.662 -122.709, 205.037 -125.842, 204.852 -129.031, 202.23098045951852 -126.6533564885276, 202.153 -128.076, 202.154 -129.501, 202.234 -130.923, 202.093 -131, 201.947 -131.069, 201.71 -131.16, 201.46 -131.231, 201.199 -131.281, 200.916 -131.309, 200.631 -131.312, 200.183 -131.264, 199.697 -131.142, 199.234 -130.951, 198.803 -130.697, 198.42007847829157 -130.39515624946964, 199.83 -131.674, 192.656 -130.752, 189.561 -129.638, 189.56108539475383 -129.63791954884323, 185.686 -128.243, 153.89 -97.881, 153.535 -96.889, 152.933 -95.206, 151.073 -93.521, 149.281 -91.134, 143.849 -78.666, 143.88 -78.644, 139.69856586967214 -74.6508283593704, 137.226 -72.29, 135.129 -70.287, 132.992 -74.028, 125.08 -66.836, 121.467 -57.242, 110.70018620937314 -46.96079992329665, 89.962 -128.201, 85.421 -135.673, 81.913 -149.004, 75.444 -158.733, 75.084 -158.573, 75.09 -158.576, 73.403 -166.268, 73.349 -166.481, 73.284 -166.69, 73.148 -167.027, 73.012 -167.292, 72.838 -167.569, 72.639 -167.829, 72.418 -168.068, 72.174 -168.286, 71.908 -168.478, 70.743 -168.502, 70.572 -168.504, 69.49 -168.541, 68.275 -168.015, 68.01 -167.669, 65.954 -165.009, 63.533 -162.677, 60.798 -160.722, 61.06 -159.527, 61.387 -158.038, 61.634 -156.912, 67.436 -130.468, 67.49757592545957 -130.049580458323, 67.51920377733599 -129.787643141153, 67.51970773930753 -129.49988085539718, 67.50465882094149 -129.2259905411351, 67.46375563166907 -128.94067817151887, 67.41315901926444 -128.67893800350262, 67.33271404231154 -128.4016811018033, 67.24477658965053 -128.1428651899942, 67.11888545551425 -127.86717954182232, 67.00870289361171 -127.64726414275971, 66.84095578710225 -127.38444212897777, 66.69639804098767 -127.17413392414657, 66.49723473644283 -126.9434675767917, 66.3294325810423 -126.75879400902753, 66.09697637010672 -126.55654092526686, 65.89770828785174 -126.39087862410477, 65.453 -126.104, 64.934 -125.866, 64.386 -125.704, 57.549 -124.204, 56.984 -124.122, 56.414 -124.121, 55.88464969664998 -124.1959522553416, 55.65691090269659 -124.25708440797179, 55.340728633189165 -124.34940039906886, 55.13478299120249 -124.43643695014656, 54.83003114186856 -124.57474740484426, 54.629494208494094 -124.69421621621629, 54.35242008906477 -124.87200544285011, 54.17524806722697 -125.01357747899154, 53.923106660622345 -125.2312829064534, 53.75940423120512 -125.40366981488481, 53.552954142516214 -125.64039924991474, 53.40452505651849 -125.84699020346643, 53.23778579319484 -126.10600265134784, 53.11966197183101 -126.33020629660311, 52.99422222222222 -126.60322222222224, 52.906409799554574 -126.84330512249443, 52.785 -127.254, 51.929 -131.156, 51.58275229723371 -132.73295365565698, 50.213 -138.975, 49.20337484379282 -143.57640982933924, 47.07817579726964 -153.26414063754945, 46.736 -154.824, 46.147 -157.507, 43.007 -158.095, 39.979 -159.111, 37.12 -160.537, 37.452 -159.023, 37.853 -157.196, 37.878144606450206 -157.08143004860318, 36.606 -157.721, 35.37 -158.431, 34.176 -159.208, 34.039 -159.124, 33.907 -159.031, 33.71 -158.871, 33.524 -158.69, 33.35 -158.488, 33.185 -158.257, 33.041 -158.011, 32.859 -157.598, 32.724 -157.116, 32.66 -156.619, 32.665 -156.119, 32.739 -155.626, 32.328 -157.496, 29.559 -150.814, 28.268 -143.52, 31.35 -131.011, 32.143 -127.792, 32.143142622478365 -127.79203130664678, 38.786 -100.832, 40.63 -98.672, 41.166 -96.219, 42.345 -93.477, 50.458 -82.562, 50.49210123815664 -82.57758913744304, 53.387 -70.829, 49.079 -70.838, 51.382 -60.396, 57.906 -52.488, 58.9321041896524 -48.323548663980354, -6.2 -80.325, -14.831 -81.723, -27.247 -87.711, -38.847 -89.107, -38.987 -88.635, -38.974 -88.679, -38.965 -88.711, -38.959 -88.73, -38.957 -88.737, -45.903 -92.447, -46.1 -92.545, -46.301 -92.631, -46.646 -92.746, -46.936 -92.815, -47.26 -92.863, -47.586 -92.88, -47.911 -92.867, -48.236 -92.823, -48.554 -92.745, -49.329 -91.874, -49.442 -91.746, -49.511423210044775 -91.67001487010168, -49.739 -92.363, -49.821600553970534 -92.5268616394983, -49.882 -92.702, -50.664280515542146 -94.1985564821836, -51.404 -95.666, -51.50831192229204 -95.81324667047585, -51.596 -95.981, -52.60092866726085 -97.35558405883687, -53.542 -98.684, -53.66736648575586 -98.81430294386944, -53.779 -98.967, -54.97950591885646 -100.1781094657588, -56.107 -101.35, -56.25029009057109 -101.46011792163219, -56.383 -101.594, -57.73240743261633 -102.59911979308463, -59.04 -103.604, -59.20133336377021 -103.69326415029732, -59.35 -103.804, -60.83961568173051 -104.59970951065164, -62.277 -105.395, -62.44624182051569 -105.45792261512682, -62.613 -105.547, -64.21117204248588 -106.11410809424987, -65.744 -106.684, -65.92247843982075 -106.72136168389508, -66.099 -106.784, -67.76170818358206 -107.10637580865927, -69.365 -107.442, -69.5457625617597 -107.45227894339818, -69.73 -107.488, -71.39107795100226 -107.55721158129175, -73.058 -107.652, -73.24593655056655 -107.6344973562736, -73.426 -107.642, -75.06506305677556 -107.46508101317566, -76.741 -107.309, -76.91910447790384 -107.26495745575644, -77.104 -107.245, -78.70783065336857 -106.8226325201361, -80.332 -106.421, -80.5056838154128 -106.34916937262543, -80.681 -106.303, -82.19482013085307 -105.65059120648546, -83.751 -105.007, -83.90951006519416 -104.91161385474118, -84.078 -104.839, -85.49369236281686 -103.95830503758545, -86.92 -103.1, -87.06124388189234 -102.98313927245539, -87.219 -102.885, -88.4858323581042 -101.80447975424221, -89.77 -100.742, -89.89405022071212 -100.60336746716527, -90.034 -100.484, -91.11682674994888 -99.23685149995578, -92.237 -97.985, -92.33946619815893 -97.82867336434727, -92.459 -97.691, -93.35212978283361 -96.28371225439487, -94.265 -94.891, -94.34099012388631 -94.72558367462314, -94.441 -94.568, -95.12226200371389 -93.0249005217083, -95.809 -91.53, -95.85969191215433 -91.35457735560225, -95.935 -91.184, -96.36894314131231 -89.5922805022162, -96.836 -87.976, -96.86089253010027 -87.78779194252014, -96.908 -87.615, -97.09831894167706 -85.99265245540245, -97.321 -84.309, -97.31763344865077 -84.12313621730175, -97.339 -83.941, -97.2843232602577 -82.28411551780903, -97.254 -80.61, -97.22303868820852 -80.42699205169606), (5.982371716169498 -19.12499529062083, 7.224937816786758 -18.50158672271059, 5.982 -19.125, 5.982371716169498 -19.12499529062083), (220.329 -93.6, 221.013 -94.264, 221.957 -95.18, 220.329 -93.6), (219.88708258527564 -93.17065529622722, 219.914 -93.197, 220.329 -93.6, 219.88708258527564 -93.17065529622722), (186.716 -101.569, 186.70115789473834 -101.57089473684192, 186.733 -101.567, 186.716 -101.569), (203.704 -127.989, 202.318 -126.732, 204.852 -129.031, 203.704 -127.989), (51.92884578907435 -131.15578410470408, 51.92884404373681 -131.15579205831574, 51.929 -131.156, 51.92884578907435 -131.15578410470408), (37.866 -157.139, 37.872 -157.11, 37.878288562528724 -157.08135767476952, 37.87815933637764 -157.08142264314085, 37.853 -157.196, 37.866 -157.139), (219.95828205799836 -103.27044871202776, 217.765 -105.204, 219.9582820579984 -103.27044871202774, 219.95828205799836 -103.27044871202776), (180.4859139015787 -56.74563809053501, 179.878 -56.947, 175.68633863469572 -58.33055199412761, 171.833 -59.603, 183.983 -71.08, 184.262 -71.106, 184.76 -71.202, 185.015 -71.276, 185.487 -71.461, 185.703 -71.569, 186.135 -71.835, 186.347 -71.994, 186.63 -72.24, 190.958 -76.396, 191.21 -76.663, 191.515 -77.057, 191.655 -77.276, 191.884 -77.718, 192.059 -78.184, 192.123 -78.413, 192.206 -78.848, 202.928 -88.977, 203.244 -88.864, 203.442 -88.817, 203.897 -88.741, 204.358 -88.73, 204.561 -88.739, 205.016 -88.813, 205.214 -88.859, 205.407 -88.923, 205.834 -89.098, 206.012 -89.196, 206.4 -89.446, 206.748 -89.749, 206.892 -89.893, 207.022 -90.049, 207.294 -90.422, 207.509 -90.83, 207.591 -91.016, 207.728 -91.456, 207.775 -91.654, 207.803 -91.855, 207.838 -92.315, 207.806 -92.776, 207.778 -92.977, 207.656 -93.443, 207.824 -93.601, 214.628 -91.355, 210.631 -92.675, 211.44 -92.408, 214.483 -91.403, 215.194 -91.168, 215.427 -91.091, 214.595 -89.426, 214.144 -88.522, 213.744 -87.721, 213.578 -87.39, 213.442 -87.117, 210.522 -84.24, 207.917 -81.673, 205.637 -79.426, 203.69 -77.508, 203.656 -77.447, 203.632 -77.403, 203.618 -77.377, 203.613 -77.368, 200.751 -72.178, 191.814 -63.736, 183.397 -55.785, 181.896 -56.28, 181.89 -56.282, 181.872 -56.288, 181.842 -56.298, 181.8 -56.312, 181.67284268884194 -56.35369092169116, 181.59267587337655 -56.380163576743485, 181.471 -56.421, 181.361 -56.457, 181.192 -56.513, 181.011 -56.573, 180.824 -56.634, 180.82040698868528 -56.63518191161669, 180.4859139015787 -56.74563809053501), (218.56486042132696 -91.88623690714545, 218.56486042131982 -91.88623690713851, 203.632 -77.403, 218.56486042132696 -91.88623690714545), (215.271 -105.179, 215.745 -104.932, 215.505 -105.055, 215.271 -105.179), (214.42831821837825 -105.68114626368533, 214.42831821837822 -105.68114626368535, 213.968 -105.924, 214.42831821837825 -105.68114626368533), (204.951 -93.529, 205.123 -93.409, 205.275 -93.265, 205.403 -93.1, 205.506 -92.918, 205.58 -92.722, 205.624 -92.517, 205.638 -92.309, 205.62 -92.1, 205.571 -91.897, 205.492 -91.703, 205.385 -91.523, 205.253 -91.361, 205.098 -91.22, 204.924 -91.104, 204.734 -91.015, 204.534 -90.956, 204.327 -90.927, 204.117 -90.93, 203.911 -90.963, 203.712 -91.027, 203.524 -91.12, 203.352 -91.24, 203.201 -91.384, 203.072 -91.549, 202.97 -91.731, 202.895 -91.927, 202.851 -92.131, 202.838 -92.34, 202.856 -92.549, 202.905 -92.752, 202.983 -92.946, 203.09 -93.126, 203.222 -93.288, 203.377 -93.429, 203.551 -93.545, 203.741 -93.633, 203.941 -93.693, 204.149 -93.722, 204.358 -93.719, 204.564 -93.686, 204.764 -93.622, 204.951 -93.529), (202.7560769203352 -119.96286482016528, 202.7560769203352 -119.96286482016531, 204.67958387246247 -117.84745764283753, 202.7560769203352 -119.96286482016528), (202.979 -119.005, 202.79738598555628 -119.57015878619212, 202.79738598555633 -119.57015878619198, 202.979 -119.005), (203.278 -118.273, 203.179 -118.51, 203.079 -118.754, 202.979 -119.005, 203.278 -118.273), (202.27243609022213 -126.69066917292919, 202.25757183731974 -126.67718587289548, 202.2724360902261 -126.69066917293281, 202.27243609022213 -126.69066917292919), (202.26638333332573 -126.68516666665977, 202.253 -126.673, 202.231 -126.653, 202.2309967459331 -126.65305936586115, 202.26638333332573 -126.68516666665977), (193.384 -122.963, 193.387 -123.041, 193.39 -123.033, 193.387 -122.957, 193.377 -122.881, 193.362 -122.807, 193.358 -122.808, 193.375 -122.885, 193.384 -122.963), (192.03303383140525 -124.55200479278082, 192.027 -124.545, 192.02091306286394 -124.53803566652002, 192.03303383140525 -124.55200479278082), (190.56198377456818 -122.85662682150097, 191.816 -123.885, 190.56198377456812 -122.85662682150091, 190.56198377456818 -122.85662682150097), (191.25301513305317 -123.65303707089659, 191.71221870551574 -124.18226693460359, 191.629 -124.086, 191.25301513305317 -123.65303707089659), (187.971 -108.379, 187.926 -108.584, 187.913 -108.793, 187.931 -109.001, 187.98 -109.204, 188.059 -109.398, 188.165 -109.578, 188.298 -109.74, 188.452 -109.881, 188.627 -109.997, 188.816 -110.086, 189.017 -110.145, 189.224 -110.174, 189.433 -110.172, 189.64 -110.138, 189.839 -110.074, 190.027 -109.981, 190.198 -109.861, 190.35 -109.717, 190.479 -109.552, 190.581 -109.37, 190.655 -109.174, 190.7 -108.97, 190.713 -108.761, 190.695 -108.553, 190.646 -108.349, 190.567 -108.155, 190.461 -107.975, 190.329 -107.813, 190.174 -107.672, 189.999 -107.557, 189.81 -107.468, 189.609 -107.408, 189.402 -107.38, 189.193 -107.382, 188.986 -107.415, 188.787 -107.479, 188.599 -107.572, 188.428 -107.692, 188.276 -107.836, 188.147 -108.001, 188.045 -108.184, 187.971 -108.379), (190.312 -105.17, 190.336 -105.097, 190.355 -105.035, 190.268 -105.307, 190.312 -105.17), (190.09050309891282 -122.31324765661456, 189.124 -121.198, 190.09050309889884 -122.31324765659843, 190.09050309891282 -122.31324765661456), (189.433 -105.182, 189.11219452054803 -105.18965479452055, 189.209 -105.188, 189.323 -105.185, 189.433 -105.182), (189.485 -105.185, 189.536 -105.187, 189.587 -105.189, 189.636 -105.191, 189.433 -105.182, 189.485 -105.185), (183.021 -75.998, 183.028 -75.99, 187.356 -80.146, 187.349 -80.154, 187.46 -80.246, 187.582 -80.321, 187.715 -80.378, 187.807 -80.406, 187.8 -80.435, 187.861 -80.449, 187.867 -80.419, 187.942 -80.43, 188.047 -80.435, 188.19 -80.425, 188.324 -80.397, 188.421 -80.364, 188.485 -80.336, 188.55 -80.302, 188.77 -80.118, 188.777 -80.125, 188.869 -80.014, 188.945 -79.891, 189.002 -79.759, 189.04 -79.62, 189.057 -79.477, 189.054 -79.333, 189.031 -79.19, 188.988 -79.053, 188.925 -78.923, 188.845 -78.803, 188.748 -78.696, 188.741 -78.704, 184.413 -74.548, 184.421 -74.541, 184.31 -74.448, 184.187 -74.373, 184.055 -74.316, 183.916 -74.278, 183.772 -74.26, 183.628 -74.263, 183.486 -74.287, 183.349 -74.33, 183.219 -74.393, 183.099 -74.473, 182.992 -74.569, 183 -74.577, 182.825 -74.803, 182.756 -74.968, 182.73 -75.074, 182.712 -75.218, 182.711 -75.286, 182.719 -75.401, 182.733 -75.48, 182.751 -75.55, 182.796 -75.675, 182.856 -75.792, 182.932 -75.9, 183.021 -75.998), (188.51 -80.388, 188.4271428571434 -80.4748571428566, 188.77 -80.118, 188.51 -80.388), (188.498 -80.363, 188.432 -80.392, 188.51 -80.388, 188.498 -80.363), (188.748 -105.231, 188.861 -105.212, 188.972 -105.193, 188.72500000000062 -105.2347999999999, 188.748 -105.231), (188.167 -105.373, 188.243 -105.345, 188.319 -105.317, 188.11523529411565 -105.39182352941249, 188.167 -105.373), (187.7765573770517 -81.1520081967187, 188.26448818897418 -80.64415354330937, 188.227 -80.683, 188.047 -80.87, 187.877 -81.047, 187.7765573770517 -81.1520081967187), (188.014 -105.429, 188.01590000000874 -105.42829999999678, 187.886 -105.476, 188.014 -105.429), (186.584 -101.585, 186.53721282798787 -101.59094752186594, 186.63216666666568 -101.57933333333345, 186.584 -101.585), (186.128 -101.641, 186.082 -101.643, 186.07197333333303 -101.64364000000002, 186.128 -101.641), (186.39268750000102 -101.60862499999988, 186.313 -101.618, 186.128 -101.641, 186.39268750000102 -101.60862499999988), (185.577 -117.086, 185.578 -117.078, 185.5760000000002 -117.09299999999851, 185.577 -117.086), (185.2038730853391 -101.62062582056892, 185.198 -101.62, 185.18615384615418 -101.61887179487184, 185.2038730853391 -101.62062582056892), (184.5050235849051 -101.51004716981119, 184.404 -101.485, 184.3249704797058 -101.46605904059065, 184.5050235849051 -101.51004716981119), (183.667 -101.256, 183.644 -101.247, 183.512 -101.193, 183.69 -101.266, 183.679 -101.261, 183.667 -101.256), (184.161 -101.426, 184.044 -101.386, 183.926 -101.346, 183.808 -101.306, 183.69 -101.266, 184.161 -101.426), (183.2569837251369 -101.06750452079626, 183.152 -101.018, 183.064 -100.978, 183.2569837251369 -101.06750452079626), (170.42826341020316 -107.23277466465002, 182.536 -115.556, 170.42826341020307 -107.23277466464995, 170.42826341020316 -107.23277466465002), (173.37978129997785 -109.90647945532041, 173.37978129997788 -109.90647945532044, 182.536 -115.556, 173.37978129997785 -109.90647945532041), (181.5949689150446 -56.37939399426585, 181.66887074829782 -56.3549931972794, 181.617 -56.372, 181.5949689150446 -56.37939399426585), (180.672 -56.684, 180.54082035158467 -56.72745119336679, 180.78449167733208 -56.64699615877234, 180.672 -56.684), (180.301 -97.604, 180.359 -97.787, 180.2624562211982 -97.45295852534576, 180.301 -97.604), (179.899 -54.486, 179.8800909090909 -54.49072727272727, 179.916 -54.483, 179.899 -54.486), (179.859 -54.495, 179.837 -54.5, 179.87649999999994 -54.49150000000001, 179.859 -54.495), (178.798 -90.501, 178.76933052527184 -90.53098761149728, 178.78091215199225 -90.51892786035087, 178.81576527089967 -90.48263589974417, 178.798 -90.501), (172.497 -85.809, 172.363 -85.838, 172.266 -85.87, 172.202 -85.899, 172.137 -85.933, 171.917 -86.117, 171.91 -86.11, 171.818 -86.221, 171.742 -86.344, 171.685 -86.476, 171.647 -86.615, 171.63 -86.758, 171.633 -86.902, 171.656 -87.044, 171.699 -87.182, 171.762 -87.312, 171.842 -87.431, 171.939 -87.538, 171.946 -87.531, 176.274 -91.687, 176.267 -91.694, 176.377 -91.786, 176.5 -91.862, 176.632 -91.919, 176.772 -91.957, 176.915 -91.974, 177.059 -91.971, 177.201 -91.948, 177.338 -91.905, 177.468 -91.842, 177.588 -91.762, 177.695 -91.665, 177.687 -91.658, 177.862 -91.432, 177.931 -91.266, 177.957 -91.16, 177.975 -91.017, 177.976 -90.949, 177.968 -90.833, 177.954 -90.754, 177.936 -90.684, 177.891 -90.56, 177.831 -90.443, 177.755 -90.334, 177.666 -90.237, 177.659 -90.244, 173.331 -86.088, 173.338 -86.081, 173.227 -85.989, 173.105 -85.913, 172.972 -85.856, 172.88 -85.829, 172.887 -85.799, 172.826 -85.786, 172.82 -85.816, 172.745 -85.805, 172.64 -85.799, 172.497 -85.809), (177.172 -95.159, 177.676 -95.103, 177.556 -95.116, 177.304 -95.144, 177.172 -95.159), (177.051 -95.157, 176.798 -95.154, 176.665 -95.153, 177.172 -95.159, 177.051 -95.157), (175.947733826248 -95.0305323475047, 176.162 -95.086, 176.044 -95.055, 175.947733826248 -95.0305323475047), (131.949 -9.011, 131.823 -9.053, 131.67 -9.103, 130.977 -9.332, 126.228 -10.9, 162.219 -44.899, 166.875 -43.362, 166.932 -43.343, 167.085 -43.292, 167.289 -43.225, 167.486 -43.16, 167.673 -43.098, 167.812 -43.052, 167.913 -43.019, 168.045 -42.975, 168.128 -42.948, 168.156 -42.939, 172.997 -41.34, 173.783 -41.081, 146.041 -14.874, 136.261 -10.066, 134.024 -8.326, 132.894 -8.699, 132.872 -8.707, 132.806 -8.728, 132.706 -8.761, 132.597 -8.797, 132.491 -8.832, 132.309 -8.892, 132.194 -8.93, 132.073 -8.97, 131.949 -9.011), (172.46 -85.552, 172.50776923077277 -85.50210769230401, 172.42251181102085 -85.59084645669577, 172.46 -85.552), (172.189 -85.871, 172.255 -85.842, 172.17738738096782 -85.84598013430934, 172.1771226993865 -85.84625562372189, 172.189 -85.871), (171.512 -57.065, 171.501 -57.034, 171.529 -57.129, 171.521 -57.097, 171.512 -57.065), (171.392 -56.723, 171.379 -56.691, 171.416 -56.787, 171.405 -56.755, 171.392 -56.723), (171.135 -56.156, 171.112 -56.117, 171.175 -56.237, 171.156 -56.196, 171.135 -56.156), (170.807 -55.614, 170.78 -55.578, 170.856 -55.69, 170.832 -55.651, 170.807 -55.614), (170.427 -55.127, 170.402 -55.099, 170.475 -55.184, 170.452 -55.155, 170.427 -55.127), (170.15 -54.832, 170.137 -54.818, 170.124 -54.805, 170.111 -54.792, 170.15 -54.832), (169.231 -89.258, 167.9668699228826 -88.14059537275368, 168.266 -88.406, 169.231 -89.258), (169.305 -89.361, 169.021 -88.94, 169.231 -89.258, 169.305 -89.361), (169.02568692408943 -84.68085739359381, 169.126 -84.514, 169.204 -84.395, 169.071 -84.597, 169.02568692408943 -84.68085739359381), (168.689 -85.403, 168.83 -85.043, 168.645 -85.515, 168.518 -86.006, 168.612 -85.644, 168.689 -85.403), (168.554 -87.78, 168.488 -87.399, 168.46030882352943 -87.14977941176475, 168.467 -87.28, 168.554 -87.78), (160.826 -54.355, 161.016 -54.157, 161.361 -53.797, 160.252179680938 -54.95174601175727, 160.338 -54.863, 160.495 -54.7, 160.674 -54.513, 160.826 -54.355), (161.186 -54.024, 161.118 -54.189, 161.091 -54.295, 161.074 -54.438, 161.072 -54.507, 161.081 -54.622, 161.095 -54.701, 161.112 -54.771, 161.157 -54.895, 161.218 -55.013, 161.294 -55.121, 161.383 -55.218, 161.39 -55.211, 165.717 -59.367, 165.71 -59.374, 165.821 -59.466, 165.944 -59.542, 166.076 -59.599, 166.168 -59.627, 166.161 -59.656, 166.223 -59.669, 166.229 -59.639, 166.304 -59.65, 166.409 -59.656, 166.552 -59.646, 166.686 -59.618, 166.782 -59.585, 166.847 -59.557, 166.912 -59.522, 167.131 -59.338, 167.139 -59.345, 167.231 -59.235, 167.306 -59.112, 167.364 -58.979, 167.401 -58.84, 167.419 -58.697, 167.416 -58.553, 167.393 -58.411, 167.349 -58.274, 167.287 -58.144, 167.206 -58.024, 167.11 -57.917, 167.103 -57.924, 162.775 -53.769, 162.782 -53.761, 162.671 -53.669, 162.549 -53.594, 162.416 -53.536, 162.277 -53.499, 162.134 -53.481, 161.99 -53.484, 161.848 -53.507, 161.71 -53.551, 161.58 -53.613, 161.461 -53.694, 161.354 -53.79, 161.361 -53.797, 161.186 -54.024), (166.67095510958683 -44.12205994421608, 166.6709551095868 -44.12205994421609, 163.358 -48.546, 166.67095510958683 -44.12205994421608), (165.76199999999992 -50.61699999999993, 165.783 -50.636, 165.769 -50.623, 165.76199999999992 -50.61699999999993), (165.369 -50.282, 165.458 -50.353, 165.429 -50.328, 165.399 -50.305, 165.369 -50.282), (164.878 -49.939, 164.838 -49.917, 164.955 -49.989, 164.917 -49.964, 164.878 -49.939), (164.329 -49.645, 164.297 -49.63, 164.391 -49.676, 164.36 -49.66, 164.329 -49.645), (164.01 -49.509, 163.988 -49.501, 164.052 -49.526, 164.031 -49.517, 164.01 -49.509), (163.696 -49.399, 163.663 -49.39, 163.76 -49.42, 163.728 -49.409, 163.696 -49.399), (163.138 -49.255, 163.104 -49.248, 163.069 -49.242, 163.172 -49.263, 163.138 -49.255), (162.516 -95.554, 162.678 -95.464, 162.83247868274267 -95.37797294913132, 162.40674418604334 -95.6140232558157, 162.516 -95.554), (162.807 -49.199, 162.715 -49.129, 162.69 -49.186, 162.807 -49.199), (161.027 -94.647, 161.2203704735362 -94.53976810585036, 161.209 -94.546, 161.113 -94.599, 161.027 -94.647), (161.316 -94.91, 161.61 -95.177, 162.212 -95.722, 161.027 -94.647, 161.316 -94.91), (161.67133397460233 -94.28969026548855, 161.531 -94.367, 161.423 -94.427, 161.3788352831078 -94.45189284043015, 161.67133397460233 -94.28969026548855), (160.447 -46.15, 159.78967952128286 -46.363710106380935, 159.78967952127635 -46.36371010638306, 160.447 -46.15), (159.23351450189253 -92.82651702395911, 159.329 -92.774, 159.486 -92.687, 159.60081313526013 -92.6228397185311, 159.23351450189253 -92.82651702395911), (158.793 -92.621, 159.101 -92.9, 157.916 -91.825, 158.201 -92.084, 158.493 -92.349, 158.793 -92.621), (158.484 -91.51, 158.46807407407698 -91.51888888888728, 158.51010389609823 -91.49558441558754, 158.484 -91.51), (158.184 -91.676, 158.12074688796702 -91.71147302904552, 158.26807159904615 -91.6297852028635, 158.184 -91.676), (157.1578203190603 -69.72425398824446, 157.072 -69.813, 156.916 -69.976, 156.8884678983819 -70.0047625866066, 157.1578203190603 -69.72425398824446), (156.644 -89.716, 156.821 -89.618, 156.2510298210755 -89.93350695824944, 156.316 -89.898, 156.473 -89.811, 156.644 -89.716), (156.584 -70.321, 156.4483513513523 -70.46310810810712, 156.68024843085735 -70.22160619558522, 156.584 -70.321), (154.739 -71.007, 154.862 -71.082, 154.994 -71.14, 155.133 -71.177, 155.276 -71.195, 155.42 -71.192, 155.562 -71.169, 155.7 -71.125, 155.83 -71.063, 155.949 -70.982, 156.056 -70.886, 156.049 -70.879, 156.224 -70.652, 156.292 -70.487, 156.319 -70.381, 156.337 -70.238, 156.338 -70.169, 156.329 -70.054, 156.316 -69.975, 156.298 -69.905, 156.253 -69.781, 156.192 -69.663, 156.117 -69.555, 156.028 -69.458, 156.02 -69.465, 151.693 -65.309, 151.7 -65.302, 151.589 -65.21, 151.466 -65.134, 151.334 -65.077, 151.242 -65.049, 151.249 -65.02, 151.187 -65.007, 151.182 -65.037, 151.106 -65.026, 151.001 -65.02, 150.858 -65.03, 150.725 -65.058, 150.628 -65.091, 150.564 -65.119, 150.498 -65.154, 150.279 -65.338, 150.272 -65.331, 150.179 -65.441, 150.104 -65.564, 150.047 -65.697, 150.009 -65.836, 149.991 -65.979, 149.994 -66.123, 150.018 -66.265, 150.061 -66.402, 150.124 -66.532, 150.204 -66.652, 150.3 -66.759, 150.308 -66.752, 154.635 -70.907, 154.628 -70.915, 154.739 -71.007), (155.357 -89.504, 155.663 -89.782, 155.99 -90.078, 155.23159999999498 -89.38999999999545, 155.357 -89.504), (156.056 -90.042, 156.1279525691691 -90.00163636363685, 155.99 -90.078, 156.056 -90.042), (155.39682236841938 -88.67486828399215, 155.382 -88.683, 155.35861622013195 -88.69605141201939, 155.39682236841938 -88.67486828399215), (154.568 -87.528, 154.545 -87.476, 154.523 -87.423, 154.603 -87.617, 154.615 -87.633, 154.591 -87.581, 154.568 -87.528), (150.984 -79.31, 150.9863444551591 -79.30921851494696, 148.784 -79.586, 150.984 -79.31), (150.53907398530112 -65.06715413604401, 150.551 -65.092, 150.617 -65.063, 150.53923348873076 -65.06698802621892, 150.53907398530112 -65.06715413604401), (146.03489736760753 -71.53442619134262, 146.536 -72.112, 146.53 -72.105, 146.03489736760753 -71.53442619134262), (146.4673307469818 -72.03286196584408, 150.081 -76.198, 146.536 -72.112, 146.4673307469818 -72.03286196584408), (149.339 -82.474, 147.37242121008234 -77.95896704866891, 147.3724212100823 -77.95896704866888, 149.339 -82.474), (149.362 -82.526, 149.384 -82.578, 149.407 -82.63, 149.429 -82.681, 149.432 -82.679, 149.339 -82.474, 149.362 -82.526), (145.57927139252314 -75.89248504246814, 146.375 -76.81, 145.57928704187057 -75.89246779420908, 145.57927139252314 -75.89248504246814), (139.942 -32.834, 139.822 -32.914, 139.715 -33.011, 139.723 -33.018, 139.548 -33.244, 139.48 -33.41, 139.453 -33.516, 139.435 -33.659, 139.434 -33.727, 139.443 -33.843, 139.456 -33.922, 139.474 -33.992, 139.519 -34.116, 139.58 -34.233, 139.655 -34.342, 139.744 -34.439, 139.751 -34.432, 144.079 -38.588, 144.072 -38.595, 144.183 -38.687, 144.306 -38.763, 144.438 -38.82, 144.53 -38.847, 144.523 -38.877, 144.585 -38.89, 144.59 -38.86, 144.666 -38.871, 144.771 -38.877, 144.914 -38.867, 145.047 -38.838, 145.144 -38.806, 145.208 -38.777, 145.274 -38.743, 145.493 -38.559, 145.5 -38.566, 145.593 -38.455, 145.668 -38.332, 145.725 -38.2, 145.763 -38.061, 145.781 -37.918, 145.778 -37.774, 145.754 -37.632, 145.711 -37.494, 145.648 -37.364, 145.568 -37.245, 145.471 -37.138, 145.464 -37.145, 141.137 -32.989, 141.144 -32.982, 141.033 -32.89, 140.91 -32.814, 140.778 -32.757, 140.639 -32.719, 140.496 -32.702, 140.352 -32.705, 140.209 -32.728, 140.072 -32.771, 139.942 -32.834), (145.23261261903218 -38.83001986569066, 145.2328773006135 -38.829744376278114, 145.221 -38.805, 145.155 -38.834, 145.23261261903218 -38.83001986569066), (144.98748818897778 -39.08515354330563, 144.95 -39.124, 144.90223076922965 -39.17389230769348, 144.98748818897778 -39.08515354330563), (141.35190891198965 23.99170142787323, 141.34630982380747 21.76046478728003, 141.405 23.539, 141.35190891198965 23.99170142787323), (141.35878624934548 -76.22698559504515, 137.221610987919 -72.27820246752663, 137.221610987919 -72.27820246752665, 141.35878624934548 -76.22698559504516, 141.35878624934548 -76.22698559504515), (141.34120153205308 21.605664148545536, 141.00234396860614 19.392793209350472, 141.326 21.145, 141.34120153205308 21.605664148545536), (141.00668537971413 26.355676329334337, 141.33124280936454 24.16791884057976, 141.126 25.918, 141.00668537971413 26.355676329334337), (137.19071847664065 -72.19516432630853, 137.19071847664065 -72.19516432630854, 141.32730380913296 -76.14236174259425, 141.32730380913296 -76.14236174259423, 137.19071847664065 -72.19516432630853), (140.974682455869 19.243039502463244, 140.31003720177915 17.105877368537772, 140.891 18.79, 140.974682455869 19.243039502463244), (140.3115918696222 28.646394848820037, 140.95745033636726 26.53628297246869, 140.496 28.229, 140.3115918696222 28.646394848820037), (140.26031097798273 16.961728622474908, 139.28916558106863 14.956061737485323, 140.11 16.526, 140.26031097798273 16.961728622474908), (139.28409379922059 30.80439465157907, 140.24036699424522 28.807607350835443, 139.528 30.42, 139.28409379922059 30.80439465157907), (139.21274948329037 14.809907345067975, 137.95489396052267 12.974294219017203, 139 14.403, 139.21274948329037 14.809907345067975), (137.94601569531198 32.786498475911216, 139.18725856045512 30.957006384068386, 138.245 32.442, 137.94601569531198 32.786498475911216), (138.62031309720427 -34.16620913858856, 138.5942347291031 -34.19336410025296, 138.612 -34.175, 138.62031309720427 -34.16620913858856), (137.8564965825789 12.839780688914407, 136.34536643509048 11.21832876992223, 137.586 12.47, 137.8564965825789 12.839780688914407), (136.32425800117198 34.54998687118965, 137.83357557304396 32.916055279212415, 136.675 34.251, 136.32425800117198 34.54998687118965), (136.2215611430996 11.09342200736203, 134.47759590792862 9.70886445012806, 135.9 10.769, 136.2215611430996 11.09342200736203), (134.46367422460213 36.046629171607634, 136.2075699998281 34.64945651139173, 134.852 35.805, 134.46367422460213 36.046629171607634), (135.02143394715404 -58.84024419535201, 135.24050627871947 -59.09274823890411, 134.653 -58.415, 134.687 -58.372, 134.719 -58.327, 134.747 -58.28, 134.976 -57.878, 134.997 -57.897, 135 -57.895, 134.976 -57.873, 134.744 -58.278, 134.651 -58.413, 135.02143394715404 -58.84024419535201), (135.098 -49.383, 135.0173039092054 -49.46741235813385, 135.2332944344789 -49.24241472171466, 135.098 -49.383), (128.371 -45.056, 128.353 -45.199, 128.356 -45.343, 128.379 -45.486, 128.423 -45.623, 128.485 -45.753, 128.565 -45.873, 128.662 -45.98, 128.669 -45.972, 132.997 -50.128, 132.99 -50.135, 133.101 -50.228, 133.223 -50.303, 133.356 -50.36, 133.495 -50.398, 133.638 -50.416, 133.782 -50.413, 133.924 -50.389, 134.062 -50.346, 134.191 -50.283, 134.311 -50.203, 134.418 -50.107, 134.411 -50.099, 134.586 -49.873, 134.654 -49.708, 134.681 -49.602, 134.698 -49.458, 134.699 -49.39, 134.691 -49.275, 134.677 -49.196, 134.66 -49.126, 134.615 -49.001, 134.554 -48.884, 134.478 -48.776, 134.389 -48.678, 134.382 -48.686, 130.054 -44.53, 130.061 -44.522, 129.951 -44.43, 129.828 -44.355, 129.696 -44.298, 129.603 -44.27, 129.611 -44.241, 129.549 -44.227, 129.543 -44.257, 129.468 -44.246, 129.363 -44.241, 129.22 -44.251, 129.086 -44.279, 128.99 -44.312, 128.925 -44.34, 128.86 -44.374, 128.64 -44.558, 128.633 -44.551, 128.541 -44.662, 128.466 -44.785, 128.408 -44.917, 128.371 -45.056), (128.9 -44.288, 129.046 -44.136, 129.183 -43.993, 129.363 -43.806, 129.533 -43.629, 129.688 -43.468, 129.84 -43.309, 128.64 -44.558, 128.9 -44.288), (128.912 -44.313, 128.978 -44.284, 128.9 -44.288, 128.912 -44.313), (134.34841899426573 9.612587281663675, 132.420616952081 8.505541846638607, 133.98 9.338, 134.34841899426573 9.612587281663675), (132.3991571120525 37.250914117170105, 134.3226968551453 36.134349964703, 132.819 37.07, 132.3991571120525 37.250914117170105), (133.089 23.88, 133.00374736841997 23.939957894737617, 133.436 23.635, 133.266 23.755, 133.089 23.88), (133.34407590001686 22.61853158672501, 133.3442731317883 22.618712541061925, 133.351 22.692, 133.3609641693814 22.80527687296746, 133.34407590001686 22.61853158672501), (132.8782947368433 24.02846578947285, 132.799 24.085, 132.71569668246374 24.143180094787233, 132.8782947368433 24.02846578947285), (132.638 22.164, 132.71612987013046 22.200571428571703, 132.48852903225725 22.09545806451576, 132.638 22.164), (132.362 24.241, 132.32926708074584 24.22568944099402, 132.492 24.301, 132.362 24.241), (132.26994466511172 8.425107232487468, 130.2180443960271 7.62479245069459, 131.867 8.21, 132.26994466511172 8.425107232487468), (131.869 22.293, 131.977 22.217, 132.103 22.128, 132.26406709988677 22.01498606803525, 132.26416430429921 22.0149732390265, 131.78922252010818 22.349545576406836, 131.869 22.293), (130.1736201226936 38.13530644436827, 132.239003168281 37.319925907486194, 130.619 38.018, 130.1736201226936 38.13530644436827), (132.18564169565568 24.303510880996686, 132.18564169565568 24.303510880996683, 132.191 24.288, 132.18564169565568 24.303510880996686), (131.9678100316242 24.05841208524594, 131.903 24.199, 131.9678100316242 24.058412085245937, 131.9678100316242 24.05841208524594), (131.795 22.16, 131.78466902834006 22.1426649797571, 131.7846690283401 22.14266497975709, 131.795 22.16), (131.509 22.546, 131.6302404870616 22.46154033485596, 131.34 22.666, 131.509 22.546), (131.425 23.609, 131.41300392156927 23.47325490196807, 131.444 23.816, 131.425 23.609), (130.03603618609915 7.560198486958531, 127.89309195245255 7.07613007241427, 129.61 7.409, 130.03603618609915 7.560198486958531), (127.84830609468636 38.677078678565984, 130.02418494854302 38.17466544964972, 128.303 38.628, 127.84830609468636 38.677078678565984), (127.737 -6.26, 127.693 -6.274, 123.681 -7.581, 122.26 -8.044, 127.737 -6.26), (127.70213927576602 7.039108635097492, 125.50530057724417 6.879757232647061, 127.258 6.953, 127.70213927576602 7.039108635097492), (125.46832878746805 38.86604173787998, 127.67684598817753 38.69558571232187, 125.922 38.885, 125.46832878746805 38.86604173787998), (126.609 15.464, 126.698 15.59, 126.825 15.771, 126.16 14.827, 126.28 14.996, 126.404 15.173, 126.533 15.355, 126.609 15.464), (126.17940856537417 14.815332094129891, 126.17940856537417 14.815332094129893, 126.16 14.827, 126.17940856537417 14.815332094129891), (126.72055693069268 15.996683168317691, 126.708 16.024, 126.66788732394299 16.110492957747944, 126.72055693069268 15.996683168317691), (126.51584317032032 16.43903372681299, 126.63839688041635 16.174216637780766, 126.583 16.295, 126.51584317032032 16.43903372681299), (126.58000005958232 15.130248071022134, 126.58000005958233 15.130248071022143, 126.567 15.141, 126.58000005958232 15.130248071022134), (126.562 16.614, 126.57046020299146 16.63340206552706, 126.57046020299146 16.633402065527065, 126.562 16.614), (126.34 16.819, 124.53815910817211 15.985090165765603, 124.53815910817211 15.985090165765602, 126.34 16.819), (126.4987561374796 16.475955810147163, 126.434 16.617, 126.34 16.819, 126.4987561374796 16.475955810147163), (126.182 29.932, 126.15989473684202 29.979631578947544, 126.25238634124095 29.77977343171028, 126.25238799486623 29.779785961101798, 126.182 29.932), (126.011 30.302, 125.959 30.415, 125.9009705658589 30.53953507776349, 125.90058332016703 30.539958104051447, 126.06561963190128 30.18334355828341, 126.011 30.302), (126.06408073398907 30.361353911642333, 126.06408073398907 30.361353911642336, 126.011 30.302, 126.06408073398907 30.361353911642333), (125.9209147609148 14.848621621621618, 125.4712994350285 14.889282485875684, 125.654 14.872, 125.787 14.86, 125.9209147609148 14.848621621621618), (125.571 30.826, 125.42113680781748 30.83918241042346, 125.64521890415965 30.818917594754257, 125.64498197083317 30.819176420165874, 125.571 30.826), (125.14178109584036 14.919082405245742, 125.14195924175434 14.918887799066027, 125.217 14.912, 125.35274509803908 14.90000392156864, 125.14178109584036 14.919082405245742), (125.31867121253197 6.871958262120016, 123.11015401182239 7.042414287678138, 124.865 6.853, 125.31867121253197 6.871958262120016), (123.08486072423399 38.69889136490251, 125.28169942275579 38.858242767352934, 123.529 38.785, 123.08486072423399 38.69889136490251), (124.72138036809612 15.55465644172221, 124.776 15.436, 124.79801759134038 15.38905683355729, 124.72138036809612 15.55465644172221), (124.78467212542687 30.986768314265063, 124.78467212542685 30.98676831426506, 124.789 30.972, 124.78467212542687 30.986768314265063), (124.53461365875906 15.958226568289723, 124.53461200513378 15.958214038898214, 124.605 15.806, 124.62710526315946 15.758368421049251, 124.53461365875906 15.958226568289723), (124.255 30.383, 124.178 30.274, 124.089 30.148, 123.962 29.967, 124.4872372881362 30.712600000000872, 124.383 30.565, 124.255 30.383), (124.14860311958427 29.563783362217922, 124.204 29.443, 124.27115682967987 29.298966273186586, 124.14860311958427 29.563783362217922), (117.941 -13.454, 118.017 -13.562, 118.106 -13.66, 118.113 -13.652, 122.441 -17.808, 122.434 -17.816, 122.544 -17.908, 122.667 -17.983, 122.8 -18.04, 122.892 -18.068, 122.884 -18.097, 122.946 -18.111, 122.952 -18.081, 123.027 -18.092, 123.132 -18.097, 123.275 -18.087, 123.409 -18.059, 123.505 -18.026, 123.57 -17.998, 123.635 -17.964, 123.855 -17.78, 123.862 -17.787, 123.954 -17.676, 124.03 -17.553, 124.087 -17.421, 124.125 -17.282, 124.142 -17.139, 124.139 -16.995, 124.116 -16.852, 124.073 -16.715, 124.01 -16.585, 123.93 -16.465, 123.833 -16.358, 123.826 -16.366, 119.498 -12.21, 119.505 -12.203, 119.395 -12.11, 119.272 -12.035, 119.139 -11.978, 119 -11.94, 118.857 -11.922, 118.713 -11.925, 118.571 -11.949, 118.434 -11.992, 118.304 -12.055, 118.184 -12.135, 118.077 -12.231, 118.084 -12.239, 117.909 -12.465, 117.841 -12.63, 117.814 -12.736, 117.797 -12.88, 117.796 -12.948, 117.804 -13.063, 117.818 -13.142, 117.835 -13.212, 117.88 -13.337, 117.941 -13.454), (123.595 -18.05, 123.449 -18.202, 123.312 -18.345, 123.132 -18.532, 122.962 -18.709, 122.86155737705018 -18.81400819672027, 123.855 -17.78, 123.595 -18.05), (123.583 -18.025, 123.517 -18.054, 123.595 -18.05, 123.583 -18.025), (124.06644306930626 29.741316831684628, 124.079 29.714, 124.1191126760569 29.627507042252304, 124.06644306930626 29.741316831684628), (122.93869390531364 7.060921321434016, 120.76281505145701 7.56333455035027, 122.484 7.11, 122.93869390531364 7.060921321434016), (120.75096381390088 38.17780151304147, 122.89390804754748 38.661869927585734, 121.177 38.329, 120.75096381390088 38.17780151304147), (116.888 -43.482, 117.342 -43.231, 117.345 -43.229, 121.157 -41.115, 116.888 -43.482), (122.44472204889055 -48.09873484891226, 122.44472204889055 -48.09873484891225, 117.342 -43.231, 122.44472204889055 -48.09873484891226), (120.61337987730641 7.602693555631732, 118.55673700388448 8.414623610876541, 120.168 7.72, 120.61337987730641 7.602693555631732), (118.51776235660672 37.3131685313695, 120.5689556039728 38.11320754930536, 118.92 37.528, 118.51776235660672 37.3131685313695), (116.197 -42.133, 116.19580234833663 -42.13379843444225, 120.254 -39.884, 116.197 -42.133), (118.684 23.61, 118.52367745811252 23.72249150729122, 118.52357632387992 23.72250502608035, 119.447 23.072, 119.278 23.192, 119.101 23.316, 118.919 23.445, 118.81 23.521, 118.684 23.61), (119.37399607843115 22.264745098036713, 119.343 21.922, 119.362 22.129, 119.37399607843115 22.264745098036713), (118.687 21.618, 118.7466485355646 21.646016736401553, 118.6211986754967 21.587960264900662, 118.687 21.618), (114.33090543071161 -40.35336485642946, 114.332 -40.353, 118.605 -37.983, 114.33090543071161 -40.35336485642946), (118.295 21.437, 118.425 21.497, 118.45773291925451 21.512310559006142, 118.295 21.437), (118.38557031894024 8.488414432762458, 116.45490987724182 9.60965388657281, 117.969 8.668, 118.38557031894024 8.488414432762458), (117.77896457838702 36.8949362338924, 118.36372834485559 37.230900366002416, 117.78070783394848 36.91951441131339, 117.77896457838702 36.8949362338924), (117.98892011907715 21.65261771272637, 117.961 21.519, 117.98892011907715 21.652617712726368, 117.98892011907715 21.65261771272637), (117.848 23.434, 117.72295310349912 23.376386770198554, 117.72211349736719 23.375616456319737, 117.8959061488691 23.45604530744419, 117.848 23.434), (117.397 -12.955, 117.47769609079528 -12.87058764186548, 117.26170556552978 -13.09558527827632, 117.397 -12.955), (117.42696901956222 21.93242780926421, 117.42696901956222 21.932427809264208, 117.435 21.952, 117.42696901956222 21.93242780926421), (117.28158985074627 22.939345074626864, 117.301 22.945, 117.28158985074627 22.939345074626868, 117.28158985074627 22.939345074626864), (117.28496792362768 22.950229976133652, 117.28496792362768 22.95022997613365, 117.301 22.945, 117.28496792362768 22.950229976133652), (116.3270753466112 9.689157662997463, 115.29647462625066 10.514411051823926, 115.29383316600794 10.479856893536585, 115.935 9.933, 116.3270753466112 9.689157662997463), (115.941 -34.913, 111.35400556514507 -37.45698155516698, 111.35398141384496 -37.45715248567742, 115.941 -34.913), (113.85433052527102 -28.192987611498125, 113.90076527090048 -28.144635899743314, 113.883 -28.163, 113.85433052527102 -28.192987611498125), (111.585 -29.524, 111.717 -29.581, 111.856 -29.619, 111.999 -29.636, 112.144 -29.633, 112.286 -29.61, 112.423 -29.567, 112.553 -29.504, 112.673 -29.424, 112.78 -29.327, 112.772 -29.32, 112.947 -29.094, 113.015 -28.928, 113.042 -28.822, 113.06 -28.679, 113.061 -28.611, 113.053 -28.495, 113.039 -28.416, 113.021 -28.346, 112.976 -28.222, 112.915 -28.105, 112.84 -27.996, 112.751 -27.899, 112.744 -27.906, 110.12118448759695 -25.387418375797807, 110.63099569990291 -28.65072639907476, 111.358 -29.349, 111.351 -29.356, 111.462 -29.448, 111.585 -29.524), (112.88246072052463 39.721177186470904, 112.742 41.406, 112.63561255250804 41.85444329132688, 112.88005820122545 39.71913865400117, 112.88246072052463 39.721177186470904), (112.01769711445128 44.16276623231458, 112.59991480357711 42.004916081124364, 112.189 43.737, 112.01769711445128 44.16276623231458), (111.06291230626574 46.353262551331284, 111.95700684697016 44.31360938034933, 111.295 45.959, 111.06291230626574 46.353262551331284), (109.79609515609793 48.37294235232462, 110.97670925110128 46.49970132158596, 110.08 48.023, 109.79609515609793 48.37294235232462), (110.26695683751183 17.773669116753158, 109.82420329440713 19.222277633320324, 110.25621256602564 17.64006935010262, 110.26695683751183 17.773669116753158), (109.79203838467079 0.3984290240743847, 109.70359662457358 1.4592857142857838, 109.70332019092947 1.462488855588962, 109.72494486131721 0.847472932299593, 109.78028688544337 0.0423139715372844, 109.79203838467079 0.3984290240743847), (109.78227468090917 19.375838688461016, 109.45603099251512 21.574033341030614, 109.661 19.82, 109.78227468090917 19.375838688461016), (109.67388257235305 -1.9844977979506755, 109.73863598326368 -1.00499999999867, 109.74406397133029 -0.9196520297406984, 109.67244898346651 -1.542938517522283, 109.60704297653238 -2.346353540841872, 109.67388257235305 -1.9844977979506755), (108.23763650163131 50.18715414718319, 109.66909798737845 48.52947961794305, 108.571 49.883, 108.23763650163131 50.18715414718319), (109.55322382671481 2.7827581227436053, 109.33418180774049 3.707337659356277, 109.30920682232724 3.811347974279412, 109.42285578953374 3.2027176282600665, 109.59494980348003 2.4269656541971556, 109.55322382671481 2.7827581227436053), (109.383 22.199, 109.43607485178121 21.744809092131206, 109.4372403431429 22.302380159560887, 109.405 22.3, 109.38619691869647 22.295878776700597, 109.383 22.199), (109.19985097703676 -4.331631738782061, 109.38920314904684 -3.4696004498646484, 109.42825863691355 -3.289267319497797, 109.26485818772855 -3.893901353421104, 109.08221736217061 -4.672633664591222, 109.19985097703676 -4.331631738782061), (108.96216139927405 5.102630168694703, 108.6124523809519 5.971817460318677, 108.56712499999993 6.083625000000158, 108.77343998328146 5.489910927091927, 109.05740463629645 4.753253786537944, 108.96216139927405 5.102630168694703), (108.21307998469194 -6.903242515764867, 108.38209961003322 -6.57997344855808, 108.69788038038095 -5.755106856855345, 108.76038228149092 -5.590469496166878, 108.52042748329991 -6.137047074980715, 108.50818768439323 -6.1651409380209685, 108.21307998469194 -6.903242515764867), (108.03523048379034 7.301243030005537, 107.49885120718662 8.212425603594093, 107.49353562296365 8.221398100796014, 107.79001870592954 7.65746756473239, 108.18153777421473 6.969744298547591, 108.03523048379034 7.301243030005537), (106.41940710347023 51.753087305616916, 108.09321338114984 50.318922895887034, 106.802 51.497, 106.41940710347023 51.753087305616916), (107.23954641329593 -8.680030278201682, 107.6638716510913 -7.930269158876814, 107.76177339392696 -7.7561474901878436, 107.42849376203634 -8.284275558904788, 107.02545960561982 -8.972903455298587, 107.23954641329593 -8.680030278201682), (106.78477643832646 9.346585702261617, 106.12071308993639 10.165113089939238, 106.11303755871769 10.174517390078382, 106.49008716315763 9.661399743358226, 106.9805445040855 9.038296738893404, 106.78477643832646 9.346585702261617), (97.338 -89.276, 97.954 -89.829, 106.884 -52.725, 106.24372163182466 -42.705334485935374, 99.76261997923349 -36.516548824410236, 88.888 -81.697, 92.538 -84.971, 92.583 -85.011, 92.703 -85.118, 92.863 -85.262, 93.017 -85.401, 93.164 -85.532, 93.273 -85.63, 93.352 -85.701, 93.456 -85.794, 93.521 -85.852, 93.543 -85.872, 94.393 -86.634, 97.338 -89.276), (105.79252418859332 -10.591170436063333, 106.35841795378035 -9.869445302519654, 106.44652679987313 -9.756376273804126, 106.03068417369168 -10.237626371878555, 105.53527179096822 -10.85071155608722, 105.79252418859332 -10.591170436063333), (104.3990266654516 53.023575807371444, 106.28931755356315 51.840162320931604, 104.812 52.829, 104.3990266654516 53.023575807371444), (105.2493199052453 11.176534580516714, 104.53900845403383 11.824608454035825, 104.46767302347996 11.889308965738863, 104.90992584791923 11.444958913916368, 105.48556022929792 10.904331557452267, 105.2493199052453 11.176534580516714), (105.05380281690142 38.7529014084507, 105.05380281690142 38.75290140845071, 105.04 38.739, 105.05380281690142 38.7529014084507), (104.927 38.537, 104.955 38.688, 104.995 38.906, 104.86885665529027 38.22362457337979, 104.903 38.406, 104.927 38.537), (105.01239636363636 38.91215563636363, 105.01239636363636 38.912155636363636, 104.995 38.906, 105.01239636363636 38.91215563636363), (104.8091436362603 37.900605575198604, 104.80935893576569 37.90076902358426, 104.823 37.974, 104.8530281690137 38.13799999999793, 104.8091436362603 37.900605575198604), (104.84652150408546 -11.538066112966465, 104.3661021942016 -11.949438374458433, 103.7889987497485 -12.478422586730812, 104.07685558508352 -12.263990972277707, 104.84652150408546 -11.538066112966465), (104.7536098382261 37.85844612099225, 104.7536098382261 37.858446120992255, 104.116 39.655, 104.7536098382261 37.85844612099225), (104.28719101123546 39.50912734082439, 104.285 39.511, 104.116 39.655, 104.28719101123546 39.50912734082439), (104.7170571073485 24.961094187097803, 103.46552391963002 24.29712414287991, 104.73630507569011 24.922166340160285, 104.735 24.926, 104.7170571073485 24.961094187097803), (104.378 37.625, 104.37636588819004 37.57205477735735, 104.37636588819005 37.57205477735736, 104.378 37.625), (104.50707396068925 37.67128409701483, 104.50735454819862 37.67149710993077, 104.29539999999984 37.59629999999995, 104.378 37.625, 104.50707396068925 37.67128409701483), (102.21383300691151 53.97912455285606, 104.23667372428156 53.10006974042849, 102.645 53.85, 102.21383300691151 53.97912455285606), (103.96472774869137 37.47898429319382, 104.065 37.514, 104.19821348314596 37.561820224719064, 103.96472774869137 37.47898429319382), (103.572 39.462, 103.402 39.402, 103.29024701194992 39.36203984063664, 103.572 39.462), (103.90466187050325 39.580021582733686, 103.853 39.562, 103.71 39.511, 103.572 39.462, 103.90466187050325 39.580021582733686), (87.16333032248957 7.453669959776989, 86.62517723761029 6.959996376009439, 86.16666371681356 6.429752212388678, 86.14086316533206 6.399713377296263, 85.66516380369522 5.810535147707709, 85.36591761875968 5.336541190616833, 85.266110952296 5.177403609076494, 84.89120244247214 4.537678770884998, 84.69920302667052 4.10064848666432, 84.58868792350982 3.8470376134144852, 84.31201631912965 3.15386038077972, 84.19508860759431 2.72122784809893, 84.12031114455174 2.441490395680567, 83.9484727084293 1.7104233648088611, 83.89059574468033 1.2048510638251708, 83.86225371096073 0.9511386414919099, 83.80374009496441 0.231082656214861, 83.81974847115133 -0.2288503057708344, 83.831677927666 -0.5413183509707234, 83.88190926027568 -1.2684534667089797, 83.96230243485658 -1.697899188379369, 84.0206314509988 -2.005909964267065, 84.17932585588072 -2.7232283268911797, 84.40397181951512 -3.3692570451228945, 84.43015496178782 -3.4438922244093435, 84.69392037532678 -4.127329002240779, 84.99491125411737 -4.700294372945702, 85.04166813744156 -4.7886575244067515, 85.41146113469223 -5.438672549344006, 85.84799397670997 -6.032554517467583, 86.31610042626477 -6.626670162632248, 86.80406596377418 -7.116950527169687, 86.83991554541073 -7.152732340220919, 87.38435558424047 -7.664675958000214, 87.85961782569078 -8.01726434861822, 87.98977981137755 -8.11323582102401, 88.60434370284388 -8.53743479976785, 89.06378659084136 -8.781426818318028, 89.2644409458246 -8.887218108350798, 89.92992912766579 -9.213019699609855, 90.3920249307479 -9.3759002770083, 90.64284046978227 -9.46353462197212, 91.3514260069696 -9.686644654368413, 91.82073063763593 -9.77653872472781, 92.07846734465932 -9.825138498618537, 92.82083895131086 -9.941825634623388, 93.37618928511061 -9.96375714044279, 93.55860968482877 -9.970477248938769, 94.31382796031637 -9.975023713473478, 94.79140000000035 -9.922281750841712, 95.06598177954605 -9.891033050004523, 95.78935149970593 -9.786856072050464, 96.29208582326858 -9.653257469802673, 96.52763709988422 -9.590128422676461, 97.22496812167935 -9.379613397228871, 97.86329337728492 -9.102586754570002, 97.92190060731743 -9.076943415790256, 98.58268782904922 -8.763681325487779, 99.10107050511243 -8.439641010221745, 99.24170001786408 -8.351150028284742, 99.83240736033763 -7.954171846477378, 100.38136661058266 -7.484049915871058, 100.41666967751043 -7.453669959776989, 100.95482276238971 -6.959996376009439, 101.41333628318644 -6.429752212388678, 101.43913683466793 -6.399713377296263, 101.91483619630478 -5.810535147707709, 102.21408238124032 -5.336541190616833, 102.313889047704 -5.177403609076494, 102.68879755752786 -4.537678770884998, 102.88079697332948 -4.10064848666432, 102.99131207649017 -3.8470376134144852, 103.26798368087034 -3.15386038077972, 103.38491139240568 -2.72122784809893, 103.45968885544826 -2.441490395680567, 103.63152729157069 -1.7104233648088611, 103.6894042553194 -1.204851063827495, 103.71774628903931 -0.9511386414914257, 103.77625990503559 -0.2310826562149695, 103.76025152884871 0.2288503057696248, 103.74832207233398 0.5413183509712888, 103.69809073972434 1.2684534667089669, 103.61769756514383 1.6978991883771857, 103.55936854900119 2.005909964267065, 103.40067414411928 2.7232283268911797, 103.17602818048488 3.3692570451228945, 103.14984503821218 3.4438922244093413, 102.8860796246732 4.12732900224079, 102.58508874588372 4.700294372943647, 102.53833186255841 4.788657524406789, 102.16853886530772 5.438672549344083, 101.73200602329003 6.03255451746758, 101.26389957373529 6.626670162632187, 100.77593403622463 7.116950527170883, 100.74008445458927 7.15273234022093, 100.19564441575955 7.664675958000208, 99.72038217430824 8.017264348618953, 99.59022018862254 8.113235821023947, 98.97565629715612 8.53743479976785, 98.51621340915864 8.781426818318028, 98.3155590541754 8.887218108350798, 97.65007087233421 9.213019699609855, 97.1879750692521 9.3759002770083, 96.93715953021773 9.46353462197212, 96.2285739930304 9.686644654368413, 95.75926936236368 9.776538724727882, 95.50153265534072 9.825138498618529, 94.75916104868914 9.941825634623388, 94.20381071488929 9.963757140442793, 94.02139031517125 9.970477248938769, 93.26617203968362 9.975023713473478, 92.78859999999965 9.922281750841712, 92.51401822045395 9.891033050004523, 91.79064850029407 9.786856072050464, 91.28791417673142 9.653257469802673, 91.05236290011578 9.590128422676461, 90.35503187832064 9.379613397228871, 89.71670662271508 9.102586754570002, 89.65809939268257 9.076943415790256, 88.99731217095078 8.763681325487779, 88.47892949488757 8.439641010221745, 88.33829998213592 8.351150028284742, 87.74759263966237 7.954171846477378, 87.19863338941734 7.484049915871058, 87.16333032248957 7.453669959776989), (103.45644261707247 12.759070347458495, 102.74736405743504 13.234046086150302, 102.57651822149647 13.347743390207714, 103.08489213786122 12.970895677087777, 103.73408640273486 12.522265494045016, 103.45644261707247 12.759070347458495), (103.6777740002305 37.400364987899046, 103.67780220384464 37.40035853165003, 103.33537257281547 37.69214441747578, 103.411 37.627, 103.529 37.527, 103.6777740002305 37.400364987899046), (103.3041017989985 24.217727594947146, 101.21810996673202 23.484161509365183, 102.896 24.017, 103.3041017989985 24.217727594947146), (103.01228757080968 -13.05075708097305, 102.48576647118968 -13.379962581129925, 101.82094614026686 -13.827308922753902, 102.1371289744181 -13.658518465147369, 103.01228757080968 -13.05075708097305), (99.90277536166876 54.60068115645768, 102.01774217826704 54.0378492256018, 100.351 54.537, 99.90277536166876 54.60068115645768), (101.44107073754667 14.0604004508375, 100.72288888888914 14.398777777777662, 100.49496201318154 14.50538873576993, 101.04334090754719 14.21392444421225, 101.75080961058593 13.867765409345523, 101.44107073754667 14.0604004508375), (100.32885426719184 23.246704887412825, 100.613 23.292, 101.04782731673643 23.43008576637491, 100.41517164595767 23.309156691798638, 100.32885426719184 23.246704887412825), (100.01121012644887 -14.74835918861961, 100.86209063180807 -14.329847930283325, 100.96039157763713 -14.281155523285987, 100.38976365479662 -14.528757065010765, 99.67308675696778 -14.868357779206386, 100.01121012644887 -14.74835918861961), (97.52152733512935 54.87017976897812, 99.71096837703786 54.62793198015946, 97.979 54.874, 97.52152733512935 54.87017976897812), (99.26212243682579 15.042895375120123, 98.49205873925523 15.273411174785036, 98.2583016893284 15.342642356819114, 98.83836289205189 15.138232491497675, 99.59296000062031 14.900269631383336, 99.26212243682579 15.042895375120123), (97.74767454466803 -15.510104809711349, 98.55948257425773 -15.25194772277218, 98.74083466498121 -15.193749682259428, 98.1442178109739 -15.352262338408492, 97.39431016586973 -15.578643370635222, 97.74767454466803 -15.510104809711349), (98.22928767123166 46.19409589041442, 98.217 46.229, 98.20882022472007 46.251786516851226, 98.22928767123166 46.19409589041442), (97.168 44.879, 97.298 44.855, 97.45 44.827, 97.667 44.787, 97.01932110091651 44.906834862385494, 97.168 44.879), (97.802 44.944, 97.93356626505874 45.0990602409621, 97.667 44.787, 97.802 44.944), (97.90034888738549 46.77715205426853, 97.90018544194108 46.77736741767764, 97.827 46.791, 97.66300000000136 46.821028169013836, 97.90034888738549 46.77715205426853), (97.65495300075519 31.500961796455066, 97.65495300075519 31.50096179645507, 97.643 31.517, 97.65495300075519 31.500961796455066), (97.65905999595013 31.511482455379095, 97.65905999595013 31.5114824553791, 97.643 31.517, 97.65905999595013 31.511482455379095), (97.574 31.359, 97.58908713043479 31.35111130434782, 97.58908713043479 31.351111304347825, 97.574 31.359), (96.895 46.963, 96.761 46.806, 96.62 46.641, 96.57638307349772 46.589507795101476, 96.895 46.963), (97.5773754266213 46.83685665529008, 97.395 46.871, 97.264 46.895, 97.113 46.923, 96.895 46.963, 97.5773754266213 46.83685665529008), (97.50254179453678 31.211360092370334, 97.483 31.212, 97.50254179453678 31.21136009237033, 97.50254179453678 31.211360092370334), (95.13512084036033 54.78244505573608, 97.3526353919579 54.86876939784516, 95.584 54.854, 95.13512084036033 54.78244505573608), (96.95804138059538 15.690801794491504, 96.11949790565059 15.809987433907951, 95.9018909042847 15.840353335026041, 96.51010693479957 15.724095779597699, 97.3065333666768 15.5990537964295, 96.95804138059538 15.690801794491504), (96.568 30.874, 96.72 30.846, 96.937 30.806, 96.28932110091716 30.925834862385372, 96.438 30.898, 96.568 30.874), (97.072 30.964, 97.12450000001053 31.025500000012322, 96.937 30.806, 97.072 30.964), (96.67293957704074 32.88854984894233, 96.9576153846148 32.83617551462633, 96.884 32.85, 96.67293957704074 32.88854984894233), (96.86883870967583 44.93467741935513, 96.532 44.997, 96.736 44.959, 96.86883870967583 44.93467741935513), (96.6496257032129 44.885519939992506, 96.6496257032129 44.8855199399925, 96.671 44.895, 96.6496257032129 44.885519939992506), (96.239 45.821, 96.29 45.678, 96.339 45.541, 96.399 45.37, 96.44723648648633 45.235918918919346, 96.20015107913689 45.93236690647428, 96.239 45.821), (95.39174019808881 -15.927001245378653, 96.21482778171574 -15.795794472005566, 96.42570511247447 -15.761540286298564, 95.79887735487362 -15.830631103501519, 95.02296971930545 -15.9424116289467, 95.39174019808881 -15.927001245378653), (96.289 46.253, 96.146 46.085, 96.40210312075982 46.385211668928065, 96.389 46.37, 96.289 46.253), (96.03 32.825, 95.89 32.66, 95.745 32.49, 95.659 32.389, 95.559 32.272, 95.4325449886666 32.12343746920273, 95.43253158448852 32.12337881332566, 96.165 32.982, 96.03 32.825), (95.9324807876162 30.991858180264842, 95.93262545602865 30.99166780721035, 96.006 30.978, 96.13883870967733 30.953677419354854, 95.9324807876162 30.991858180264842), (95.657 31.423, 95.70359762796504 31.293051685393266, 95.7038042131797 31.29277983435361, 95.42336141825231 32.08325071746499, 95.42332224532224 32.08307929907929, 95.479 31.924, 95.546 31.736, 95.615 31.541, 95.657 31.423), (95.63507891891892 31.383217297297303, 95.63507891891892 31.3832172972973, 95.657 31.423, 95.63507891891892 31.383217297297303), (94.547 -34.2, 94.538 -34.197, 95.07539954088799 -32.04073526736742, 93.41054611458053 -30.450971433135116, 92.597 -33.713, 92.587 -33.711, 92.562 -33.853, 92.558 -33.997, 92.574 -34.14, 92.596 -34.234, 92.567 -34.242, 92.586 -34.302, 92.615 -34.292, 92.643 -34.363, 92.69 -34.457, 92.77 -34.576, 92.861 -34.678, 92.938 -34.745, 92.994 -34.787, 93.057 -34.827, 93.325 -34.925, 93.323 -34.935, 93.465 -34.96, 93.609 -34.964, 93.752 -34.948, 93.892 -34.912, 94.024 -34.856, 94.148 -34.782, 94.26 -34.691, 94.357 -34.585, 94.439 -34.466, 94.503 -34.337, 94.547 -34.2), (92.78266069137028 54.33843407851224, 94.95708291551338 54.75406438018966, 93.219 54.477, 92.78266069137028 54.33843407851224), (94.58000030159769 15.987720253040482, 93.65300000000012 15.979979123173278, 93.51743200651993 15.978450799238429, 94.1449135462754 15.953498624153971, 94.94019103058918 15.948842043317336, 94.58000030159769 15.987720253040482), (92.9999996984023 -15.987720253040482, 93.92699999999991 -15.979979123173278, 94.06256799348007 -15.978450799238429, 93.4350864537246 -15.953498624153971, 92.63980896941082 -15.948842043317336, 92.9999996984023 -15.987720253040482), (90.5278594413868 53.551253340877544, 92.62363010313514 54.2879315921038, 90.936 53.752, 90.5278594413868 53.551253340877544), (92.18825980191119 15.927001245378653, 91.3651722182846 15.79579447200562, 91.15429488752555 15.761540286298567, 91.78112264512637 15.830631103501519, 92.55703028069455 15.9424116289467, 92.18825980191119 15.927001245378653), (90.62195861940462 -15.690801794491504, 91.46050209434864 -15.809987433907843, 91.67810909571527 -15.840353335026034, 91.06989306520043 -15.724095779597699, 90.2734666333232 -15.5990537964295, 90.62195861940462 -15.690801794491504), (91.645 -34.506, 85.56300000026253 -32.98950000006546, 91.67257665117995 -34.51295859422298, 91.645 -34.506), (90.922 39.136, 90.946 39.267, 90.974 39.418, 91.014 39.636, 90.8878566552901 38.95362457337883, 90.922 39.136), (90.87202816901406 38.867999999999874, 90.804 38.5, 90.842 38.704, 90.87202816901406 38.867999999999874), (90.49662742718495 40.07685558252386, 90.421 40.142, 90.304 40.242, 90.15438288288289 40.3685990990991, 90.15419779615537 40.36864146834998, 90.49662742718495 40.07685558252386), (88.41124264358774 52.434052084972464, 90.36729268872584 53.47227751139284, 88.787 52.695, 88.41124264358774 52.434052084972464), (90.122 38.258, 90.26 38.307, 90.11411528822102 38.25524310776959, 90.122 38.258), (89.83232545533198 15.51010480971135, 89.02051742574218 15.25194772277215, 88.83916533501879 15.193749682259428, 89.43578218902614 15.352262338408504, 90.18568983413027 15.578643370635222, 89.83232545533198 15.51010480971135), (75.759 -122.649, 75.569 -123.109, 75.448 -123.34, 75.179 -123.759, 74.862 -124.142, 74.695 -124.311, 74.359 -124.6, 70.907 -138.941, 71.162 -139.158, 71.301 -139.306, 71.594 -139.663, 71.833 -140.058, 71.926 -140.238, 72.088 -140.67, 72.147 -140.865, 72.187 -141.064, 72.248 -141.521, 72.252 -141.725, 72.228 -142.185, 72.138 -142.638, 72.085 -142.834, 72.015 -143.025, 71.826 -143.446, 71.579 -143.836, 71.459 -144, 71.144 -144.337, 70.996 -144.476, 70.836 -144.601, 70.454 -144.86, 70.039 -145.061, 69.85 -145.137, 69.386 -145.263, 69.332 -145.488, 74.666 -150.272, 75.11 -150.671, 75.292 -150.834, 76.323 -149.284, 76.882 -148.443, 77.378 -147.698, 77.583 -147.389, 77.752 -147.135, 79.725 -139.634, 81.235 -133.895, 81.271 -133.835, 81.297 -133.793, 81.313 -133.767, 81.318 -133.758, 84.396 -128.693, 89.982 -105.484, 88.806 -104.428, 88.801 -104.424, 88.787 -104.411, 88.763 -104.39, 88.731 -104.361, 88.587 -104.232, 88.473 -104.13, 88.386 -104.052, 88.253 -103.933, 88.17181818181658 -103.85987878787735, 87.846 -103.568, 82.262 -98.559, 80.917 -97.352, 77.006 -113.602, 77.122 -113.857, 77.287 -114.337, 77.35 -114.595, 77.424 -115.096, 77.438 -115.338, 77.422 -115.844, 77.389 -116.108, 77.317 -116.475, 75.865 -122.297, 75.759 -122.649), (88.58704417009238 -104.2318520690411, 88.5870441609421 -104.23185206084396, 88.587 -104.232, 88.58704417009238 -104.2318520690411), (89.82291578947445 40.27427894736869, 89.768 40.255, 89.68166666666554 40.224166666666264, 89.82291578947445 40.27427894736869), (89.33028110599315 40.09950230414831, 89.51244404332125 40.1641299638989, 89.455 40.144, 89.33028110599315 40.09950230414831), (88.58710147996592 -104.23166004211419, 88.58710150098736 -104.23166006096926, 89.326 -101.757, 89.157 -102.323, 88.977 -102.925, 88.787 -103.562, 88.58710147996592 -104.23166004211419), (89.38 -101.817, 89.368 -101.803, 89.355 -101.789, 89.341 -101.773, 89.326 -101.757, 89.38 -101.817), (89.16 38.588, 89.329 38.444, 89.34926490066206 38.42691390728493, 88.837 38.864, 88.995 38.729, 89.16 38.588), (88.31787756317416 -15.042895375120109, 89.08794126074524 -15.273411174785176, 89.3216983106716 -15.342642356819113, 88.74163710794811 -15.138232491497675, 87.98703999937969 -14.900269631383336, 88.31787756317416 -15.042895375120109), (89.113 38.43, 89.10928582203297 38.410106252258764, 89.10928582203297 38.41010625225876, 89.113 38.43), (86.35 -64.073, 86.493 -64.057, 86.632 -64.02, 86.765 -63.964, 86.889 -63.89, 87.001 -63.799, 87.098 -63.693, 87.18 -63.574, 87.244 -63.445, 87.288 -63.308, 87.278 -63.306, 88.73 -57.484, 88.74 -57.486, 88.765 -57.344, 88.769 -57.2, 88.753 -57.057, 88.717 -56.918, 88.661 -56.785, 88.587 -56.661, 88.496 -56.55, 88.39 -56.452, 88.271 -56.37, 88.141 -56.307, 88.004 -56.262, 88.002 -56.272, 87.718 -56.233, 87.541 -56.256, 87.436 -56.285, 87.303 -56.341, 87.243 -56.374, 87.147 -56.439, 87.085 -56.49, 87.033 -56.54, 86.948 -56.641, 86.877 -56.752, 86.82 -56.872, 86.78 -56.998, 86.79 -57, 85.338 -62.822, 85.328 -62.819, 85.303 -62.961, 85.299 -63.105, 85.315 -63.248, 85.337 -63.342, 85.308 -63.35, 85.327 -63.411, 85.356 -63.401, 85.384 -63.471, 85.431 -63.565, 85.511 -63.684, 85.602 -63.786, 85.679 -63.854, 85.735 -63.896, 85.798 -63.935, 85.718 -63.921, 85.66 -63.877, 85.702 -63.943, 85.499 -63.892, 85.306 -63.844, 85.054 -63.781, 84.816 -63.722, 84.599 -63.668, 84.42981466394352 -63.625902240323974, 86.066 -64.034, 86.064 -64.044, 86.206 -64.069, 86.35 -64.073), (86.48705628717823 51.014786760115406, 88.27439860785161 52.33901957210234, 86.82 51.329, 86.48705628717823 51.014786760115406), (87.56878987355113 14.74835918861961, 86.71790936819232 14.32984793028352, 86.61960842236286 14.281155523285987, 87.19023634520349 14.52875706501081, 87.90691324303228 14.868357779206407, 87.56878987355113 14.74835918861961), (86.13892926245329 -14.060400450837474, 86.85711111111245 -14.398777777778404, 87.08503798681843 -14.505388735769916, 86.53665909245281 -14.21392444421225, 85.82919038941407 -13.867765409345523, 86.13892926245329 -14.060400450837474), (84.79505746238283 49.32414297468988, 86.3638486888491 50.89851047328814, 85.078 49.685, 84.79505746238283 49.32414297468988), (85.837 -86.557, 85.839 -86.511, 85.839 -86.465, 85.834 -86.603, 85.837 -86.557), (85.824 -85.923, 85.821 -85.888, 85.818 -85.853, 85.825 -85.958, 85.824 -85.923), (85.784 -85.567, 85.78 -85.544, 85.776 -85.521, 85.787 -85.59, 85.784 -85.567), (85.776 -87.183, 85.782 -87.145, 85.786 -87.108, 85.769 -87.22, 85.776 -87.183), (84.56771242919032 13.05075708097305, 85.09423352881032 13.379962581129925, 85.75905385973314 13.827308922753902, 85.4428710255819 13.658518465147369, 84.56771242919032 13.05075708097305), (85.727 -85.25, 85.719 -85.217, 85.711 -85.184, 85.733 -85.284, 85.727 -85.25), (85.689 -87.625, 85.6909999999998 -87.61550000000092, 85.685 -87.643, 85.689 -87.625), (85.567 -84.662, 85.556 -84.628, 85.544 -84.595, 85.577 -84.695, 85.567 -84.662), (85.465 -84.232, 85.404 -84.239, 85.451 -84.347, 85.465 -84.232), (84.12355738292752 -12.759070347458486, 84.83263594256663 -13.234046086151409, 85.00348177850358 -13.34774339020775, 84.49510786213878 -12.970895677087777, 83.84591359726514 -12.522265494045016, 84.12355738292752 -12.759070347458486), (83.3747942523532 47.40226374737634, 84.6930009625078 49.193982959625984, 83.6 47.8, 83.3747942523532 47.40226374737634), (84.1 -93.906, 84.112 -93.871, 84.074 -93.976, 84.088 -93.941, 84.1 -93.906), (83.866 -94.478, 83.884 -94.436, 83.825 -94.558, 83.847 -94.518, 83.866 -94.478), (82.73347849591454 11.538066112966465, 83.2138978057984 11.949438374458433, 83.7910012502515 12.478422586730812, 83.50314441491648 12.263990972277707, 82.73347849591454 11.538066112966465), (83.56 -95.032, 83.582 -94.993, 83.509 -95.107, 83.535 -95.07, 83.56 -95.032), (82.25736651378979 45.290987022602515, 83.29055492173596 47.2534885227947, 82.42 45.716, 82.25736651378979 45.290987022602515), (83.196 -95.537, 83.217 -95.509, 83.152 -95.59, 83.174 -95.564, 83.196 -95.537), (82.3306800947547 -11.176534580516714, 83.04099154596616 -11.824608454035825, 83.11232697652004 -11.889308965738863, 82.67007415208077 -11.444958913916368, 82.09443977070208 -10.904331557452267, 82.3306800947547 -11.176534580516714), (82.935 -95.835, 82.958 -95.811, 82.98 -95.786, 82.912 -95.858, 82.935 -95.835), (82.507 24.05, 82.424 24.174, 82.323 24.284, 82.206 24.378, 82.15649774414204 24.406780381312764, 82.148 24.35, 82.147 24.2, 82.169 24.052, 82.213 23.909, 82.277 23.775, 82.361 23.651, 82.462 23.541, 82.579 23.448, 82.63009124213546 23.41297219952199, 82.635 23.474, 82.636 23.624, 82.615 23.772, 82.571 23.915, 82.507 24.05), (81.46678026212979 43.03573105871656, 82.19245161952315 45.121343776721126, 81.564 43.479, 81.46678026212979 43.03573105871656), (82.07332047108646 33.002956425334006, 81.87499315302986 33.4553906196506, 82.05005594218363 33.02027930253689, 82.07332047108646 33.002956425334006), (81.78747581140668 10.591170436063333, 81.22158204622086 9.869445302521196, 81.13347320012694 9.756376273804204, 81.54931582630832 10.237626371878555, 82.04472820903177 10.85071155608722, 81.78747581140668 10.591170436063333), (81.8143028855487 33.60623376768544, 81.2381596048298 35.74157058177849, 81.643 34.032, 81.8143028855487 33.60623376768544), (79.617 -85.861, 79.561 -85.98, 79.521 -86.106, 79.531 -86.108, 78.079 -91.93, 78.069 -91.928, 78.044 -92.07, 78.04 -92.214, 78.056 -92.357, 78.078 -92.451, 78.049 -92.459, 78.068 -92.519, 78.097 -92.509, 78.125 -92.58, 78.172 -92.674, 78.252 -92.793, 78.343 -92.895, 78.42 -92.962, 78.476 -93.004, 78.538 -93.044, 78.807 -93.142, 78.805 -93.152, 78.947 -93.177, 79.091 -93.181, 79.234 -93.165, 79.373 -93.129, 79.506 -93.073, 79.63 -92.999, 79.742 -92.908, 79.839 -92.802, 79.921 -92.683, 79.984 -92.554, 80.029 -92.417, 80.019 -92.414, 81.471 -86.592, 81.481 -86.595, 81.506 -86.453, 81.51 -86.309, 81.494 -86.166, 81.458 -86.026, 81.402 -85.893, 81.328 -85.77, 81.236 -85.658, 81.13 -85.56, 81.012 -85.479, 80.882 -85.415, 80.745 -85.37, 80.743 -85.38, 80.459 -85.341, 80.282 -85.364, 80.177 -85.394, 80.044 -85.45, 79.984 -85.483, 79.888 -85.548, 79.826 -85.599, 79.774 -85.649, 79.689 -85.75, 79.617 -85.861), (80.79522356167354 -9.346585702261617, 81.45928691006361 -10.165113089939238, 81.4669624412823 -10.174517390078382, 81.08991283684237 -9.661399743358226, 80.5994554959145 -9.038296738893404, 80.79522356167354 -9.346585702261617), (81.02072444870566 40.68491466922344, 81.42643607914279 42.85178360451266, 81.051 41.14, 81.02072444870566 40.68491466922344), (81.19563166843784 35.92115866099887, 80.94615542960778 38.10040698254372, 81.091 36.363, 81.19563166843784 35.92115866099887), (80.92948749287699 38.30033846483729, 81.00889284117612 40.50706849315054, 80.892 38.75, 80.92948749287699 38.30033846483729), (80.34045358670407 8.680030278201679, 79.91612834890998 7.930269158879083, 79.81822660607315 7.756147490188026, 80.15150623796373 8.28427555890491, 80.55454039438018 8.972903455298585, 80.34045358670407 8.680030278201679), (79.54476951620966 -7.301243030005537, 80.08114879281338 -8.212425603594093, 80.08646437703635 -8.221398100796014, 79.78998129407046 -7.65746756473239, 79.39846222578527 -6.969744298547591, 79.54476951620966 -7.301243030005537), (79.78 -85.14, 79.85883766234201 -85.15961688311796, 79.76050817438572 -85.1351076294275, 79.78 -85.14), (79.309 -85.023, 79.42306827880495 -85.05099857752485, 79.2194350453164 -85.00024169184269, 79.309 -85.023), (79.36692001530811 6.903242515764971, 79.19790038996678 6.579973448558074, 78.88211961962031 5.755106856858683, 78.81961771850918 5.590469496167104, 79.05957251669977 6.137047074980022, 79.07181231560689 6.165140938021277, 79.36692001530811 6.903242515764971), (78.61783860072595 -5.102630168694715, 78.96754761904707 -5.9718174603161085, 79.01287500000002 -6.083625000000044, 78.80656001671854 -5.489910927091927, 78.52259536370356 -4.753253786537977, 78.61783860072595 -5.102630168694715), (78.38014902296322 4.331631738781973, 78.1907968509531 3.4696004498643527, 78.15174136308649 3.289267319497939, 78.31514181227145 3.893901353421104, 78.49778263782936 4.672633664591128, 78.38014902296322 4.331631738781973), (78.02677617328521 -2.782758122743711, 78.24581819225902 -3.7073376593542213, 78.27079317767273 -3.8113479742792697, 78.15714421046626 -3.2027176282600665, 77.98505019651998 -2.426965654197256, 78.02677617328521 -2.782758122743711), (77.90611742764696 1.984497797950764, 77.84136401673639 1.004999999999866, 77.83593602866972 0.9196520297409068, 77.9075510165335 1.5429385175224501, 77.9729570234676 2.3463535408418363, 77.90611742764696 1.984497797950764), (77.78796161532921 -0.3984290240743798, 77.8764033754265 -1.4592857142867783, 77.87667980907052 -1.4624888555889861, 77.85505513868277 -0.8474729322993375, 77.79971311455662 -0.0423139715371607, 77.78796161532921 -0.3984290240743798), (71.0449999998986 -91.20649999997471, 77.1467333914169 -92.72800283162682, 77.127 -92.723, 71.0449999998986 -91.20649999997471), (76.4901070060309 27.900509504019368, 75.974 29.173, 75.74272431393638 29.563384266156536, 76.49067127118411 27.86927666526827, 76.4901070060309 27.900509504019368), (75.555 -156.335, 75.319 -157.259, 74.994 -158.533, 75.76266298342516 -155.5216740331502, 75.747 -155.583, 75.698 -155.774, 75.555 -156.335), (75.036 -158.552, 75.066 -158.565, 74.994 -158.533, 75.036 -158.552), (75.64675685157877 29.725373569939514, 74.753 31.234, 74.46395828225194 31.588142923660936, 75.64675685157877 29.725373569939514), (74.35552227213297 31.721002103826503, 73.239 33.089, 72.89943735592317 33.397171283519555, 74.35552227213297 31.721002103826503), (70.31326192169894 -121.94303131672368, 71.548 -122.251, 71.546 -122.261, 71.688 -122.286, 71.832 -122.29, 71.975 -122.274, 72.114 -122.237, 72.247 -122.181, 72.371 -122.107, 72.482 -122.016, 72.58 -121.91, 72.662 -121.791, 72.725 -121.662, 72.77 -121.525, 72.76 -121.523, 74.212 -115.701, 74.222 -115.703, 74.247 -115.561, 74.251 -115.417, 74.235 -115.274, 74.199 -115.135, 74.143 -115.002, 74.068 -114.878, 73.977 -114.767, 73.871 -114.669, 73.753 -114.587, 73.623 -114.524, 73.486 -114.479, 73.484 -114.489, 73.2 -114.45, 73.023 -114.473, 72.918 -114.502, 72.785 -114.558, 72.725 -114.591, 72.629 -114.656, 72.567 -114.707, 72.515 -114.757, 72.43 -114.858, 72.358 -114.969, 72.302 -115.089, 72.262 -115.215, 72.272 -115.217, 70.82 -121.039, 70.81 -121.036, 70.785 -121.178, 70.781 -121.322, 70.797 -121.465, 70.819 -121.559, 70.79 -121.567, 70.809 -121.628, 70.838 -121.618, 70.866 -121.688, 70.913 -121.782, 70.993 -121.901, 71.084 -122.003, 71.16 -122.071, 71.217 -122.113, 71.279 -122.152, 71.2 -122.138, 71.142 -122.094, 71.184 -122.16, 70.98 -122.109, 70.788 -122.061, 70.535 -121.998, 70.31326192169894 -121.94303131672368), (74.01527165830811 -52.78365139201089, 73.7357837837762 -52.713945945944054, 73.944 -52.766, 74.01527165830811 -52.78365139201089), (71.255 -53.126, 71.265 -53.128, 69.813 -58.95, 69.803 -58.948, 69.779 -59.09, 69.774 -59.234, 69.791 -59.377, 69.827 -59.516, 69.883 -59.649, 69.957 -59.773, 70.048 -59.885, 70.154 -59.982, 70.273 -60.064, 70.402 -60.128, 70.539 -60.172, 70.542 -60.162, 70.825 -60.201, 71.003 -60.178, 71.108 -60.149, 71.241 -60.093, 71.301 -60.06, 71.397 -59.995, 71.458 -59.944, 71.51 -59.894, 71.596 -59.793, 71.667 -59.682, 71.724 -59.562, 71.764 -59.437, 71.754 -59.434, 73.206 -53.612, 73.216 -53.615, 73.24 -53.473, 73.245 -53.329, 73.229 -53.186, 73.207 -53.092, 73.236 -53.084, 73.216 -53.023, 73.188 -53.034, 73.16 -52.963, 73.112 -52.869, 73.032 -52.75, 72.941 -52.648, 72.865 -52.58, 72.809 -52.539, 72.746 -52.499, 72.477 -52.4, 72.48 -52.39, 72.338 -52.365, 72.194 -52.361, 72.051 -52.377, 71.911 -52.414, 71.778 -52.47, 71.655 -52.544, 71.543 -52.635, 71.445 -52.741, 71.364 -52.86, 71.3 -52.989, 71.255 -53.126), (72.841 -52.491, 73.045 -52.542, 73.238 -52.59, 73.49 -52.653, 73.7249185398341 -52.711236108614344, 72.477 -52.4, 72.841 -52.491), (72.826 -52.514, 72.884 -52.557, 72.841 -52.491, 72.826 -52.514), (72.7764135803174 33.508821947964485, 71.465 34.699, 71.08539687167251 34.95162454929317, 72.7764135803174 33.508821947964485), (72.08025512528467 -60.54567198177674, 72.10932692307703 -60.55292307692311, 72.098 -60.55, 72.08025512528467 -60.54567198177674), (71.77372150044539 40.41219882817496, 69.27034575326856 41.59409671894924, 71.77372150044559 40.41219882817486, 71.77372150044539 40.41219882817496), (70.940138443256 35.04829352347005, 69.471 36.026, 69.05570823351904 36.220147464827896, 70.940138443256 35.04829352347005), (70.02379643591026 -121.8708327621647, 70.25433333335569 -121.92833333333891, 70.081 -121.885, 70.02379643591026 -121.8708327621647), (67.792 -142.844, 67.965 -142.96, 68.155 -143.049, 68.355 -143.109, 68.562 -143.139, 68.772 -143.137, 68.978 -143.104, 69.178 -143.041, 69.365 -142.948, 69.537 -142.829, 69.689 -142.685, 69.819 -142.521, 69.922 -142.338, 69.996 -142.143, 70.041 -141.939, 70.055 -141.73, 70.038 -141.521, 69.989 -141.318, 69.911 -141.124, 69.805 -140.943, 69.673 -140.781, 69.519 -140.64, 69.345 -140.523, 69.156 -140.434, 68.955 -140.374, 68.748 -140.345, 68.539 -140.347, 68.332 -140.379, 68.133 -140.443, 67.945 -140.535, 67.773 -140.654, 67.621 -140.798, 67.492 -140.963, 67.389 -141.145, 67.314 -141.34, 67.269 -141.545, 67.255 -141.753, 67.273 -141.962, 67.321 -142.166, 67.399 -142.36, 67.505 -142.54, 67.637 -142.703, 67.792 -142.844), (69.2007169811307 21.59222641509583, 69.639 21.117, 69.498 21.27, 69.352 21.429, 69.2007169811307 21.59222641509583), (68.46170523416029 21.87713498622601, 68.856 21.966, 68.716 21.935, 68.583 21.905, 68.46170523416029 21.87713498622601), (69.06026086956558 21.74452173913004, 69.006 21.804, 68.856 21.966, 69.06026086956558 21.74452173913004), (69.0064874024306 19.949728880545404, 69.00654730667338 19.94976398925913, 68.98459210526656 19.944815789474447, 69.0064874024306 19.949728880545404), (68.90629346371603 36.289998353062224, 67.302 37.04, 66.86346905766318 37.17001287406677, 68.90629346371603 36.289998353062224), (67.946 21.761, 67.729 21.712, 67.9755312499995 21.76756249999989, 67.946 21.761), (67.603 21.308, 67.54648623853325 21.125614678902735, 67.62172427983565 21.367341563786827, 67.603 21.308), (67.386 20.61, 67.527 20.457, 67.57023529411468 20.410235294120852, 67.386 20.61), (60.013 -8.448, 59.79 -8.002, 60.25693186003638 -8.93827992633427, 60.233 -8.89, 60.135 -8.693, 60.013 -8.448), (59.945 -8.243, 60.078 -8.363, 60.168 -8.424, 60.297 -8.488, 60.361 -8.512, 60.473 -8.543, 60.552 -8.557, 60.624 -8.564, 60.756 -8.563, 60.887 -8.546, 61.014 -8.511, 61.136 -8.46, 61.131 -8.451, 66.502 -5.775, 66.506 -5.784, 66.63 -5.711, 66.743 -5.621, 66.841 -5.515, 66.898 -5.438, 66.923 -5.455, 66.957 -5.401, 66.93 -5.386, 66.95264486662329 -5.343226363044891, 65.504 -4.097, 65.45435159845336 -4.062563337530502, 60.24 -6.661, 60.235 -6.652, 60.111 -6.725, 59.998 -6.815, 59.9 -6.92, 59.818 -7.039, 59.753 -7.167, 59.707 -7.304, 59.681 -7.446, 59.676 -7.59, 59.691 -7.733, 59.726 -7.873, 59.781 -8.006, 59.79 -8.002, 59.945 -8.243), (66.69956523145001 37.218606041524836, 65.005 37.721, 64.55220313889893 37.78399450428471, 66.69956523145001 37.218606041524836), (66.469 -81.821, 66.4881318458408 -81.82569438809982, 66.44149539306149 -81.81406606547769, 66.469 -81.821), (66.323 -48.788, 66.319 -48.791, 65.212 -49.73, 66.323 -48.788), (63.014 -89.172, 63.143 -89.236, 63.28 -89.281, 63.283 -89.271, 63.566 -89.31, 63.743 -89.287, 63.849 -89.257, 63.982 -89.201, 64.042 -89.168, 64.138 -89.104, 64.199 -89.052, 64.251 -89.002, 64.337 -88.902, 64.408 -88.79, 64.464 -88.671, 64.505 -88.545, 64.495 -88.543, 65.947 -82.721, 65.957 -82.723, 65.981 -82.581, 65.986 -82.437, 65.97 -82.294, 65.947 -82.201, 65.977 -82.192, 65.957 -82.132, 65.929 -82.142, 65.901 -82.071, 65.853 -81.977, 65.773 -81.858, 65.682 -81.756, 65.606 -81.689, 65.549 -81.647, 65.487 -81.607, 65.218 -81.509, 65.221 -81.499, 65.079 -81.474, 64.935 -81.47, 64.792 -81.486, 64.652 -81.522, 64.519 -81.578, 64.396 -81.652, 64.284 -81.743, 64.186 -81.849, 64.105 -81.968, 64.041 -82.098, 63.996 -82.235, 64.006 -82.237, 62.554 -88.059, 62.544 -88.056, 62.52 -88.198, 62.515 -88.342, 62.531 -88.485, 62.568 -88.625, 62.624 -88.758, 62.698 -88.881, 62.789 -88.993, 62.895 -89.091, 63.014 -89.172), (65.625 -81.665, 65.58259093891029 -81.59990702251348, 65.58157385460326 -81.59965342294166, 65.567 -81.622, 65.625 -81.665), (64.59842621390015 -89.59900920342744, 64.83813363333756 -89.65878164742655, 64.716 -89.628, 64.59842621390015 -89.59900920342744), (64.3810144388636 37.80781080740936, 62.633 38.051, 62.17908059656253 38.045882745765006, 64.3810144388636 37.80781080740936), (64.16937566702089 -89.4920229455706, 64.3250585197953 -89.53084337349443, 64.246 -89.511, 64.16937566702089 -89.4920229455706), (64.08 -64.52, 63.613 -64.521, 63.450277266643965 -64.50602551533534, 63.396313613756675 -64.66082237001585, 63.35419247298927 -64.78164851423496, 63.449 -64.51, 63.503 -64.518, 63.558 -64.523, 63.613 -64.524, 64.075 -64.523, 64.07 -64.55, 64.073 -64.552, 64.08 -64.52), (63.9344178652536 28.70856926570782, 63.951 28.78, 63.93441786525359 28.708569265707798, 63.9344178652536 28.70856926570782), (63.89379574989398 28.59519112283843, 63.7122841121495 28.427592523364456, 63.75 28.462, 63.89377059869591 28.595120924718433, 63.89379574989398 28.59519112283843), (63.75906338028172 29.290580985915383, 63.81476897133222 29.043414839797585, 63.781 29.195, 63.75906338028172 29.290580985915383), (63.722611184198676 29.452319666961007, 63.72818421052605 29.42759210526433, 63.72265072621283 29.452252198399357, 63.722611184198676 29.452319666961007), (62.994 -157.708, 63.444 -157.996, 63.218 -157.85, 62.994 -157.708), (63.42142148760343 28.159024793388546, 63.34338461538445 28.086969521044843, 63.375 28.116, 63.42142148760343 28.159024793388546), (63.07161467889971 29.921513761467697, 63.31334156378552 29.846275720164762, 63.254 29.865, 63.07161467889971 29.921513761467697), (28.319 -55.566, 28.291 -56.708, 28.194 -60.662, 28.174 -61.49, 59.62936981918817 -45.4936910220732, 63.01587499851019 -31.749535057519097, 28.472 -49.315, 28.352 -54.217, 28.351 -54.277, 28.347 -54.438, 28.341 -54.653, 28.336 -54.861, 28.332 -55.058, 28.328 -55.204, 28.325 -55.31, 28.322 -55.45, 28.32 -55.536, 28.319 -55.566), (62.893 27.804, 62.89452223726695 27.78299312571607, 62.894522237266955 27.78299312571607, 62.893 27.804), (62.578 27.98, 62.611851102941145 27.969604779411775, 62.347208933717326 28.051900576368954, 62.366 28.046, 62.578 27.98), (61.994270318270374 38.04379928960054, 60.238 38.024, 59.78517121750347 37.95044405563508, 61.994270318270374 38.04379928960054), (61.912 28.389, 61.961 28.172, 61.905437500000026 28.41853124999989, 61.912 28.389), (61.86997694786417 29.449307361811115, 61.86997694786417 29.44930736181112, 61.858 29.609, 61.86997694786417 29.449307361811115), (61.691338194228976 29.303903240104603, 61.707 29.299, 61.691338194228976 29.303903240104606, 61.691338194228976 29.303903240104603), (61.672 29.152, 61.655331259720064 29.153497770865737, 61.655331259720064 29.153497770865734, 61.672 29.152), (61.523 14.817, 61.30152173913077 14.612739130435088, 61.361 14.667, 61.523 14.817), (61.492 14.957, 61.462 15.09, 61.43413498622607 15.21129476583945, 61.523 14.817, 61.492 14.957), (61.269 15.944, 61.071 16.006, 60.865 16.07, 60.6826146788992 16.126513761467855, 61.269 15.944), (61.41175193798419 15.310608527133136, 61.396 15.381, 61.357 15.557, 61.318 15.727, 61.269 15.944, 61.41175193798419 15.310608527133136), (60.827 14.175, 60.87376470588147 14.218235294116832, 60.674 14.034, 60.827 14.175), (60.84 14.085, 60.84640776226838 14.068493604396675, 60.84640776226838 14.068493604396677, 60.84 14.085), (60.167 16.287, 60.015 16.147, 59.855 16, 59.692 15.849, 59.594 15.759, 59.5283378378381 15.69798648648673, 60.167 16.287), (60.64049903660874 16.13962235067441, 60.525 16.176, 60.378 16.222, 60.167 16.287, 60.64049903660874 16.13962235067441), (60.563 -9.552, 60.506 -9.437, 60.47496603396629 -9.375476523477035, 60.563 -9.552), (60.086509933774664 14.217390728476875, 60.189 14.185, 60.26734647887315 14.160940845070453, 60.086509933774664 14.217390728476875), (59.69906763057044 14.338334605339172, 59.699156251416134 14.338183396021211, 59.77 14.316, 59.83453529411758 14.29604705882355, 59.69906763057044 14.338334605339172), (59.620332943362534 37.923668295368536, 57.874 37.64, 57.44051032012298 37.50107805524327, 59.620332943362534 37.923668295368536), (59.49599242424232 14.714946969697447, 59.50685648465837 14.666294873051651, 59.50703652836182 14.665987673482638, 59.49599242424232 14.714946969697447), (59.21778378379033 -110.93094594594758, 59.426 -110.983, 59.49727165830685 -111.00065139201058, 59.21778378379033 -110.93094594594758), (56.747 -111.345, 55.295 -117.167, 55.285 -117.165, 55.261 -117.307, 55.256 -117.451, 55.272 -117.594, 55.309 -117.733, 55.365 -117.866, 55.439 -117.99, 55.53 -118.102, 55.636 -118.199, 55.755 -118.281, 55.884 -118.345, 56.021 -118.389, 56.024 -118.379, 56.307 -118.418, 56.484 -118.395, 56.59 -118.366, 56.723 -118.31, 56.783 -118.277, 56.879 -118.212, 56.94 -118.161, 56.992 -118.111, 57.077 -118.01, 57.149 -117.899, 57.205 -117.779, 57.246 -117.654, 57.236 -117.651, 58.688 -111.829, 58.697 -111.832, 58.722 -111.69, 58.727 -111.546, 58.71 -111.403, 58.688 -111.309, 58.718 -111.301, 58.698 -111.24, 58.67 -111.251, 58.642 -111.18, 58.594 -111.086, 58.514 -110.967, 58.423 -110.865, 58.347 -110.797, 58.29 -110.756, 58.228 -110.716, 57.959 -110.617, 57.962 -110.607, 57.82 -110.582, 57.676 -110.578, 57.532 -110.594, 57.393 -110.631, 57.26 -110.687, 57.137 -110.761, 57.025 -110.852, 56.927 -110.958, 56.846 -111.077, 56.782 -111.206, 56.737 -111.343, 56.747 -111.345), (58.323 -110.708, 58.527 -110.759, 58.72 -110.807, 58.972 -110.87, 59.206918539828365 -110.92823610861292, 57.959 -110.617, 58.323 -110.708), (58.308 -110.731, 58.366 -110.774, 58.323 -110.708, 58.308 -110.731), (57.862 -107.392, 57.77557954545437 -107.39421590909092, 57.957131578947376 -107.39792105263157, 57.862 -107.392), (57.562255125283734 -118.76267198177652, 57.591326923077425 -118.7699230769232, 57.58 -118.767, 57.562255125283734 -118.76267198177652), (56.53573447148566 6.896305121685432, 57.35778161457787 6.652841682093663, 57.39346087633475 6.670743852590171, 56.53573447148566 6.896305121685432), (57.355 -107.405, 56.853 -107.479, 56.973 -107.462, 57.355 -107.405), (57.26982333480123 37.44637740365616, 55.593 36.909, 55.182950547063975 36.70569495902892, 57.26982333480123 37.44637740365616), (54.34625429756961 7.816316538233569, 55.929 7.076, 56.36648393643003 6.946431586771595, 54.34625429756961 7.816316538233569), (55.443 -102.349, 55.41564173702581 -102.48190711704127, 55.87949546839794 -100.23022054322416, 55.443 -102.349), (55.284 22.355, 55.501 22.404, 55.233576271186905 22.343728813559427, 55.284 22.355), (55.563 22.602, 55.627 22.809, 55.693 23.021, 55.733 23.148, 55.779 23.295, 55.844 23.507, 55.501 22.404, 55.563 22.602), (55.704 23.659, 55.557 23.818, 55.406 23.982, 55.316 24.079, 55.211 24.193, 55.077669129963546 24.33699733963937, 55.07759986591185 24.33702211201373, 55.844 23.507, 55.704 23.659), (55.558 -107.994, 55.66 -107.928, 55.49199999999958 -108.03645070422562, 55.558 -107.994), (55.234 -108.203, 55.143605559729565 -108.27809691960928, 55.34093327908866 -108.13397030105779, 55.234 -108.203), (55.0296451886391 36.62968521934389, 53.447 35.845, 53.07407779077334 35.58467599345735, 55.0296451886391 36.62968521934389), (54.86760852713269 22.261248062015706, 54.938 22.277, 54.99744680851 22.29051063829773, 54.86760852713269 22.261248062015706), (54.3902216624682 24.20368765743066, 54.60908520179349 24.253058295964074, 54.478 24.224, 54.3902216624682 24.20368765743066), (46.597 -101.648, 46.471 -101.571, 46.30733054290339 -101.4729943370679, 54.591837637567274 -106.48090185341891, 54.59183763825955 -106.4809018500584, 46.794 -101.767, 46.597 -101.648), (54.22053837859034 24.16552798745221, 54.22021377393565 24.165337742965946, 54.27194696969716 24.177007575757617, 54.22053837859034 24.16552798745221), (46.415 -103.308, 54.26761674235912 -108.05476832751545, 54.267616743920996 -108.05476831993357, 46.34316061026159 -103.26439805825126, 46.415 -103.308), (54.069 -109.51, 53.898 -109.849, 53.845 -109.965, 54.069 -109.51), (54.21989665561966 -108.2864160891811, 54.157 -108.589, 53.898 -109.849, 54.21989665561966 -108.2864160891811), (54.196348387667534 22.20386950944398, 54.19634838766754 22.203869509443976, 54.214 22.214, 54.196348387667534 22.20386950944398), (52.29941492006291 9.062348746778595, 53.759 8.091, 54.168533031487975 7.899444227207237, 52.29941492006291 9.062348746778595), (53.92703794758891 22.388965171391007, 53.92703794758891 22.388965171391003, 53.93 22.408, 53.92703794758891 22.388965171391007), (53.873 23.903, 53.832619047617456 23.773023809518698, 53.89571666273403 23.97515628585144, 53.89556690986541 23.975068518602434, 53.873 23.903), (53.724626640189825 -82.68313222348993, 53.325 -83.83, 53.321 -83.841, 52.824 -85.266, 52.82119790334949 -85.27534032216835, 53.72488930070857 -82.68318985534985, 53.724626640189825 -82.68313222348993), (45.73339699149765 -105.7721589274035, 53.502 -110.469, 45.798 -105.811, 45.73339699149765 -105.7721589274035), (52.6 -3.888, 53.457 -9.102, 52.479 -3.151, 52.599 -3.885, 52.6 -3.888), (52.99623850426209 4.874585296143952, 52.99623850426209 4.874585296143951, 53.269 7.219, 52.99623850426209 4.874585296143952), (52.993 -111.931, 45.34749382066807 -107.30917722850393, 45.418 -107.352, 52.993 -111.931), (52.92669951051019 35.481796348731905, 51.483 34.474, 51.14760110021207 34.15559309974076, 52.92669951051019 35.481796348731905), (52.824999999997594 -119.8030134228155, 52.809 -119.781, 52.672 -119.568, 52.548 -119.347, 52.483 -119.231, 52.731 -119.674, 52.824999999997594 -119.8030134228155), (52.523 -123.258, 52.166 -123.604, 52.287 -123.487, 52.523 -123.258), (52.291 -118.762, 52.259 -118.644, 52.214263598326056 -118.4819999999989, 52.291 -118.762), (50.457524358769355 10.603867140214268, 51.765 9.418, 52.14374814435479 9.165944439539215, 50.457524358769355 10.603867140214268), (51.89000000000078 -131.10400000000104, 51.92882836348933 -131.1557711513191, 51.92883028485756 -131.1557623988006, 51.919 -131.142, 51.89000000000078 -131.10400000000104), (51.539 -130.63, 51.519303030303035 -130.59969696969696, 51.563 -130.668, 51.539 -130.63), (51.7670000000009 -130.9400000000012, 51.675 -130.817, 51.563 -130.668, 51.7670000000009 -130.9400000000012), (51.487 -130.549, 51.46 -130.507, 51.50175675675758 -130.5722702702716, 51.487 -130.549), (51.218 -130.072, 51.169 -129.963, 51.161200000000214 -129.94587058823575, 51.218 -130.072), (48.88617724155004 7.656454098811691, 51.151 8.629, 48.88617724155004 7.656454098811692, 48.88617724155004 7.656454098811691), (50.295 -5.044, 50.295 -5.041, 50.185 -4.376, 51.112 -10.015, 50.295 -5.044), (51.08714285714293 -129.78142016806737, 51.067 -129.736, 51.014 -129.619, 51.08714285714293 -129.78142016806737), (51.043214930529714 34.05649534855699, 49.746 32.825, 49.4643681198798 32.463585175579446, 51.043214930529714 34.05649534855699), (50.771 -128.854, 50.748 -128.733, 50.724 -128.611, 50.7 -128.489, 50.676 -128.367, 50.771 -128.854), (50.909 -129.332, 50.875 -129.214, 50.841 -129.095, 50.806 -128.975, 50.771 -128.854, 50.909 -129.332), (50.95828571428568 -129.46671428571418, 50.936 -129.405, 50.909 -129.332, 50.95828571428568 -129.46671428571418), (50.723 -136.024, 50.8 -136.017, 50.848 -136.013, 50.863 -136.011, 50.723 -136.024), (50.673636363636355 -128.34963636363628, 50.673 -128.342, 50.67029824561407 -128.32511403508795, 50.673636363636355 -128.34963636363628), (50.658 -128.182, 50.646 -128.047, 50.634 -127.912, 50.623 -127.776, 50.614 -127.681, 50.668662576687105 -128.31309815950908, 50.66871114265435 -128.31345493257618, 50.658 -128.182), (50.411 -135.987, 50.443 -136.083, 50.400942857143036 -135.9559142857148, 50.411 -135.987), (50.342 -135.778, 50.345951219512095 -135.78974390243872, 50.305 -135.666, 50.342 -135.778), (48.871705077192416 12.399134330733736, 49.991 11.027, 50.329839179242576 10.719676302479535, 48.871705077192416 12.399134330733736), (50.1731999999999 -135.3693999999998, 50.183 -135.389, 50.206 -135.434, 50.229 -135.478, 50.1731999999999 -135.3693999999998), (49.959 -135.005, 49.998728205127904 -135.0701282051277, 49.897 -134.902, 49.959 -135.005), (49.852 -89.265, 49.818 -89.31, 49.785 -89.355, 49.751 -89.4, 49.755 -89.402, 49.886 -89.219, 49.852 -89.265), (49.360907945620504 32.33081597097631, 48.274 30.936, 48.05028275823548 30.538111072568732, 49.360907945620504 32.33081597097631), (49.278 -134.241, 49.298940845071456 -134.25828450704313, 49.2531999999994 -134.21979999999948, 49.278 -134.241), (48.876720854453296 -5.755162563359886, 48.774 -5.13, 48.876 -5.753, 48.876720854453296 -5.755162563359886), (47.563343462262694 14.424468032546146, 48.477 12.883, 48.76665338986794 12.52791631995053, 47.563343462262694 14.424468032546146), (47.992 -137.925, 48.121 -137.76, 48.225 -137.578, 48.299 -137.382, 48.344 -137.178, 48.358 -136.969, 48.341 -136.761, 48.292 -136.557, 48.214 -136.363, 48.108 -136.183, 47.976 -136.02, 47.822 -135.879, 47.648 -135.763, 47.459 -135.674, 47.258 -135.614, 47.051 -135.584, 46.842 -135.586, 46.635 -135.619, 46.436 -135.682, 46.248 -135.775, 46.076 -135.894, 45.924 -136.037, 45.795 -136.202, 45.692 -136.384, 45.617 -136.58, 45.572 -136.784, 45.558 -136.993, 45.576 -137.201, 45.624 -137.405, 45.702 -137.599, 45.808 -137.779, 45.94 -137.942, 46.094 -138.083, 46.268 -138.199, 46.458 -138.289, 46.658 -138.349, 46.865 -138.378, 47.074 -138.376, 47.281 -138.343, 47.481 -138.28, 47.668 -138.188, 47.84 -138.068, 47.992 -137.925), (48.172 -96.178, 48.044 -96.344, 48.035 -96.362, 48.069 -96.316, 48.103 -96.27, 48.138 -96.224, 48.172 -96.178), (48.16892612774267 7.261892866095808, 48.16892612774267 7.261892866095809, 48.098 7.318, 48.16892612774267 7.261892866095808), (47.96372924535886 30.384172627179986, 47.1 28.848, 46.939716579711686 28.425794614087607, 47.96372924535886 30.384172627179986), (46.50399537455591 10.180350068427824, 46.50399537455591 10.180350068427822, 47.657 12.31, 46.50399537455591 10.180350068427824), (46.59325117686621 16.57778043039669, 47.256 14.943, 47.492530982283824 14.54393871948838, 46.59325117686621 16.57778043039669), (40.138 -35.83, 40.228 -35.942, 40.333 -36.04, 40.452 -36.123, 40.58 -36.188, 40.717 -36.233, 40.859 -36.259, 41.003 -36.265, 41.146 -36.25, 41.286 -36.214, 41.419 -36.159, 41.415 -36.15, 46.785 -33.474, 46.79 -33.484, 46.914 -33.41, 47.026 -33.32, 47.125 -33.215, 47.207 -33.096, 47.272 -32.968, 47.317 -32.831, 47.343 -32.689, 47.349 -32.545, 47.334 -32.402, 47.298 -32.262, 47.243 -32.129, 47.234 -32.133, 47.08 -31.892, 46.947 -31.773, 46.856 -31.712, 46.727 -31.647, 46.663 -31.623, 46.552 -31.592, 46.473 -31.578, 46.401 -31.571, 46.269 -31.572, 46.138 -31.589, 46.011 -31.624, 45.889 -31.675, 45.893 -31.684, 40.523 -34.36, 40.518 -34.351, 40.394 -34.424, 40.282 -34.514, 40.183 -34.62, 40.127 -34.697, 40.101 -34.681, 40.068 -34.734, 40.094 -34.75, 40.059 -34.817, 40.018 -34.914, 39.979 -35.052, 39.961 -35.187, 39.959 -35.289, 39.964 -35.359, 39.974 -35.433, 40.074 -35.701, 40.065 -35.706, 40.138 -35.83), (46.599 -98.772, 46.856660287080814 -97.59788038277753, 46.782 -97.937, 46.693 -98.341, 46.599 -98.772), (46.663 -98.811, 46.743 -98.86, 46.833 -98.914, 46.917 -98.965, 47.071 -99.058, 47.07978947369131 -99.06331578947798, 46.599 -98.772, 46.663 -98.811), (46.870660891883205 28.243893808148812, 46.25 26.609, 46.15288947486535 26.16060603680429, 46.870660891883205 28.243893808148812), (46.85349034424884 -31.369349472899213, 46.52409874326732 -30.708288535521547, 46.575 -30.811, 46.676 -31.014, 46.791 -31.245, 46.85349034424884 -31.369349472899213), (45.94316169123013 18.883036531529562, 46.356 17.163, 46.52739737027885 16.740219819978844, 45.94316169123013 18.883036531529562), (46.041 -101.312, 46.29612537713601 -101.46622091853772, 46.159 -101.383, 46.041 -101.312), (46.118714954383194 26.00281007536699, 45.743 24.268, 45.713757671870496 23.8082028669111, 46.118714954383194 26.00281007536699), (45.809627218934814 -102.36941420118386, 45.928443037974034 -101.82640506329409, 45.874 -102.073, 45.809627218934814 -102.36941420118386), (45.645568214277624 21.245962333658206, 45.797 19.492, 45.90396585742232 19.04634081943364, 45.645568214277624 21.245962333658206), (45.703916650427004 23.653465753424545, 45.591 21.878, 45.630215805908634 21.4237819762233, 45.703916650427004 23.653465753424545), (45.37736392914652 -105.55690391841115, 45.4648715596333 -105.60981039755369, 45.421 -105.583, 45.37736392914652 -105.55690391841115), (44.885 -153.924, 45.414 -153.851, 45.152 -153.886, 44.885 -153.924), (45.141 -105.414, 45.272974930362366 -105.49379108635114, 45.226 -105.465, 45.141 -105.414), (44.798 -106.977, 44.9743853073463 -106.17323838080969, 44.972 -106.184, 44.798 -106.977), (44.4455278941419 11.804506882106526, 44.434 11.821, 44.44552789414193 11.804506882106468, 44.4455278941419 11.804506882106526), (44.268348118869966 12.115043624652118, 44.26834811886967 12.115043624652658, 42.998 14.37, 44.268348118869966 12.115043624652118), (40.265944999999995 -18.1481875, 40.26585939410406 -18.148015622877328, 40.239 -18.151, 40.244 -18.223, 40.265944999999995 -18.1481875), (34.162 -21.889, 34.284 -21.838, 34.28 -21.829, 39.65 -19.154, 39.655 -19.163, 39.779 -19.089, 39.891 -18.999, 39.989 -18.894, 40.046 -18.816, 40.072 -18.833, 40.105 -18.779, 40.079 -18.764, 40.114 -18.697, 40.155 -18.6, 40.194 -18.462, 40.212 -18.326, 40.214 -18.224, 40.209 -18.154, 40.198 -18.081, 40.099 -17.813, 40.108 -17.808, 40.035 -17.684, 39.945 -17.571, 39.839 -17.473, 39.721 -17.391, 39.592 -17.326, 39.456 -17.28, 39.314 -17.254, 39.17 -17.249, 39.027 -17.264, 38.887 -17.299, 38.754 -17.354, 38.758 -17.363, 33.388 -20.039, 33.383 -20.03, 33.259 -20.103, 33.147 -20.193, 33.048 -20.299, 32.966 -20.417, 32.901 -20.546, 32.855 -20.682, 32.829 -20.824, 32.824 -20.968, 32.839 -21.112, 32.875 -21.251, 32.929 -21.385, 32.939 -21.38, 33.093 -21.621, 33.226 -21.741, 33.317 -21.802, 33.445 -21.867, 33.509 -21.891, 33.621 -21.922, 33.7 -21.935, 33.772 -21.942, 33.904 -21.942, 34.035 -21.924, 34.162 -21.889), (39.80568879561402 -35.162459739591924, 39.82236149889811 -35.195924320353164, 39.813 -35.177, 39.80568879561402 -35.162459739591924), (39.4 -34.348, 39.38942884110303 -34.32696446158887, 39.461744487058844 -34.47211265580515, 39.4 -34.348), (38.435 -134.165, 38.35193457943897 -134.2007757009347, 38.519679245282504 -134.12930188679266, 38.435 -134.165), (37.973 -134.362, 37.943009084384514 -134.37490748266995, 38.012745579797915 -134.34522663604858, 37.973 -134.362), (34.6511405061713 -147.11997606283506, 34.686 -147.021, 34.83 -146.607, 35.367 -145.067, 37.871 -137.883, 34.6511405061713 -147.11997606283506), (36.089 -142.997, 36.944 -140.544, 37.871 -137.883, 36.089 -142.997), (37.83627044711533 -134.42033696837294, 37.792 -134.439, 37.728 -134.466, 37.71353761312192 -134.47257381221732, 37.83627044711533 -134.42033696837294), (36.685 -147.57, 36.745 -147.524, 36.802 -147.474, 36.8 -147.471, 36.741 -147.523, 36.678 -147.571, 36.611 -147.612, 36.62 -147.611, 36.685 -147.57), (33.965870581015814 -149.08584504170634, 33.96590204754902 -149.08585458835114, 34.525 -147.482, 34.587 -147.306, 34.61986818146468 -147.20968858454538, 33.965870581015814 -149.08584504170634), (34.16019340954052 -149.1448007268372, 34.16021139592929 -149.14480618373528, 34.525 -147.482, 34.16019340954052 -149.1448007268372), (25.056 -18.855, 25.088 -18.9, 25.123 -18.943, 25.424 -19.294, 25.399 -19.307, 25.4 -19.31, 25.429 -19.295, 25.125 -18.941, 25.03 -18.807, 25.027082995643806 -18.80813451018134, 25.056 -18.855), (23.681143769968042 -19.331952076677318, 23.684 -19.331, 24.69124999999974 -18.938750000000102, 24.667634285716886 -18.947934857141846, 23.681143769968042 -19.331952076677318), (24.277 -48.316, 24.225 -48.422, 24.322 -48.358, 24.277 -48.316), (24.097 -48.654, 24.042 -48.744, 24.061 -48.714, 24.079 -48.685, 24.097 -48.654), (23.757 -49.163, 23.696 -49.245, 23.717 -49.218, 23.738 -49.191, 23.757 -49.163), (23.498 -49.484, 23.513 -49.467, 23.52049999999992 -49.45800000000009, 23.498 -49.484), (23.293 -49.704, 23.318 -49.679, 23.243 -49.753, 23.268 -49.729, 23.293 -49.704), (22.831 -50.122, 22.866 -50.092, 22.758 -50.178, 22.795 -50.151, 22.831 -50.122), (22.311 -50.49, 22.343 -50.469, 22.246 -50.53, 22.279 -50.51, 22.311 -50.49), (21.894999999999957 -50.72650000000002, 21.87 -50.74, 21.887 -50.731, 21.894999999999957 -50.72650000000002), (14.563 -49.529, 19.933 -46.853, 19.938 -46.862, 20.062 -46.789, 20.174 -46.698, 20.273 -46.593, 20.355 -46.475, 20.42 -46.346, 20.466 -46.209, 20.492 -46.068, 20.497 -45.924, 20.482 -45.78, 20.446 -45.641, 20.392 -45.507, 20.382 -45.512, 20.228 -45.271, 20.095 -45.151, 20.004 -45.09, 19.876 -45.025, 19.812 -45.001, 19.7 -44.97, 19.621 -44.957, 19.549 -44.95, 19.417 -44.95, 19.286 -44.968, 19.159 -45.003, 19.037 -45.054, 19.041 -45.063, 13.671 -47.738, 13.667 -47.729, 13.542 -47.803, 13.43 -47.893, 13.332 -47.998, 13.275 -48.076, 13.25 -48.059, 13.216 -48.113, 13.242 -48.128, 13.207 -48.195, 13.166 -48.292, 13.127 -48.43, 13.109 -48.566, 13.107 -48.668, 13.112 -48.738, 13.123 -48.811, 13.222 -49.079, 13.213 -49.084, 13.286 -49.208, 13.376 -49.32, 13.482 -49.419, 13.6 -49.501, 13.729 -49.566, 13.865 -49.612, 14.007 -49.638, 14.151 -49.643, 14.295 -49.628, 14.434 -49.593, 14.567 -49.538, 14.563 -49.529), (16.483 -53.423, 16.499 -53.415, 16.449 -53.439, 16.466 -53.431, 16.483 -53.423), (16.078 -53.601, 16.112 -53.587, 16.008 -53.627, 16.043 -53.614, 16.078 -53.601), (15.381 -22.563, 15.92450411950978 -22.351404292030733, 13.453198416670679 -23.313422086383092, 15.348 -22.576, 15.381 -22.563), (15.491 -53.794, 15.534 -53.781, 15.403 -53.815, 15.447 -53.806, 15.491 -53.794), (14.871 -53.92, 14.915 -53.913, 14.781 -53.931, 14.826 -53.927, 14.871 -53.92), (14.181 -53.973, 14.216 -53.973, 14.25 -53.972, 14.285 -53.97, 14.181 -53.973), (13.931571158896803 -32.56503553841081, 13.907031992191847 -32.51578180240777, 13.921 -32.544, 13.931571158896803 -32.56503553841081), (13.921 -53.97, 13.821 -53.964, 13.854 -53.967, 13.887 -53.969, 13.921 -53.97), (13.489 -62.753, 13.492 -62.735, 13.493551724137932 -62.71948275862069, 13.489 -62.753), (6.049 -33.924, 6.004 -34.061, 5.978 -34.203, 5.972 -34.347, 5.987 -34.49, 6.023 -34.63, 6.078 -34.763, 6.087 -34.758, 6.241 -34.999, 6.374 -35.119, 6.465 -35.18, 6.594 -35.245, 6.658 -35.269, 6.769 -35.3, 6.848 -35.314, 6.92 -35.321, 7.052 -35.32, 7.183 -35.302, 7.31 -35.268, 7.432 -35.217, 7.428 -35.208, 12.798 -32.532, 12.803 -32.541, 12.927 -32.468, 13.039 -32.377, 13.138 -32.272, 13.194 -32.195, 13.22 -32.211, 13.253 -32.158, 13.227 -32.142, 13.262 -32.075, 13.303 -31.978, 13.342 -31.84, 13.36 -31.705, 13.362 -31.603, 13.357 -31.533, 13.347 -31.459, 13.247 -31.191, 13.256 -31.186, 13.183 -31.062, 13.093 -30.95, 12.988 -30.851, 12.869 -30.769, 12.741 -30.704, 12.604 -30.658, 12.462 -30.633, 12.318 -30.627, 12.175 -30.642, 12.035 -30.678, 11.902 -30.733, 11.906 -30.742, 6.536 -33.417, 6.531 -33.408, 6.407 -33.482, 6.295 -33.572, 6.196 -33.677, 6.114 -33.795, 6.049 -33.924), (13.055140605895936 -48.74398437712267, 13.082 -48.741, 13.077 -48.669, 13.055055 -48.743812500000004, 13.055140605895936 -48.74398437712267), (12.778076260762695 -48.18770233702355, 12.757 -48.145, 12.734108938547381 -48.099425977653425, 12.778076260762695 -48.18770233702355), (12.39045032051496 -63.16315064102469, 12.384 -63.166, 12.372278620685856 -63.1711944827603, 12.39045032051496 -63.16315064102469), (-28.35 -75.918, -28.752 -76.143, -28.936 -76.231, -29.127 -76.301, -29.569 -76.431, -30.026 -76.496, -30.229 -76.511, -30.69 -76.491, -30.892 -76.469, -31.091 -76.428, -31.536 -76.305, -31.958 -76.12, -32.139 -76.026, -32.536 -75.754, -32.742 -75.859, -32.814 -78.814, -32.932 -83.619, -32.938 -83.864, -31.09 -83.641, -30.087 -83.52, -29.199 -83.413, -28.831 -83.369, -28.528 -83.333, -21.541 -79.963, -18.658 -78.573, -16.196 -77.386, -16.127 -77.374, -16.078 -77.366, -16.048 -77.362, -16.038 -77.36, -10.188 -76.412, 11.091 -65.592, 11.13 -64.011, 11.13 -64.005, 11.13027591085957 -63.999757693668194, 11.135963608405943 -63.76800589441324, 11.137 -63.718, 11.140462328767134 -63.58470034246535, 11.145983606557369 -63.35972950819705, 11.148 -63.27, 11.150756302521016 -63.16526050420142, 11.17706569343065 -62.09325401459882, 11.182 -61.887, 11.232585034013852 -59.831054421758715, 11.39 -53.417, -3.508 -60.993, -3.627 -61.248, -3.884 -61.684, -4.04 -61.9, -4.373 -62.282, -4.548 -62.449, -4.943 -62.766, -5.165 -62.912, -5.491 -63.095, -10.862 -65.771, -11.198 -65.919, -11.672 -66.073, -11.926 -66.131, -12.419 -66.198, -12.917 -66.206, -13.154 -66.189, -13.591 -66.121, -26.739 -72.807, -26.739 -73.142, -26.761 -73.344, -26.843 -73.798, -26.988 -74.236, -27.065 -74.424, -27.288 -74.828, -27.398 -74.999, -27.523 -75.159, -27.831 -75.502, -27.984 -75.637, -28.35 -75.918), (11.143684210526333 -63.46021052631513, 11.144 -63.448, 11.144117647058817 -63.44276470588263, 11.143684210526333 -63.46021052631513), (11.130282352941178 -63.99963529411764, 11.131 -63.986, 11.132 -63.954, 11.133 -63.911, 11.135593749999996 -63.785851562500156, 11.130282352941178 -63.99963529411764), (6.53 -35.647, 6.522257903494001 -35.63159400998301, 6.611893939396036 -35.81150000000421, 6.53 -35.647), (0.334 -24.986, 2.3415549597854737 -24.204525469168917, 2.332 -24.208, 0.334 -24.986), (-2.796 -24.555, -2.572 -24.536, -2.629 -24.54, -2.685 -24.544, -2.741 -24.547, -2.797 -24.551, -2.796 -24.555), (-13.63 -62.458, -13.797 -62.122, -13.8873333333335 -61.941333333333, -13.63 -62.458), (-13.639 -62.462, -13.566 -62.586, -13.475 -62.699, -13.37 -62.797, -13.252 -62.88, -13.123 -62.944, -12.986 -62.99, -12.845 -63.016, -12.701 -63.021, -12.557 -63.006, -12.418 -62.971, -12.284 -62.916, -12.289 -62.907, -6.918 -60.231, -6.914 -60.24, -6.79 -60.167, -6.677 -60.077, -6.579 -59.971, -6.497 -59.853, -6.432 -59.724, -6.386 -59.588, -6.36 -59.446, -6.355 -59.302, -6.37 -59.159, -6.405 -59.019, -6.46 -58.886, -6.469 -58.89, -6.624 -58.649, -6.757 -58.529, -6.847 -58.468, -6.976 -58.404, -7.04 -58.379, -7.152 -58.349, -7.231 -58.335, -7.302 -58.328, -7.435 -58.328, -7.566 -58.346, -7.693 -58.381, -7.815 -58.432, -7.81 -58.441, -13.181 -61.117, -13.185 -61.108, -13.309 -61.181, -13.422 -61.271, -13.52 -61.377, -13.577 -61.454, -13.602 -61.437, -13.636 -61.491, -13.609 -61.506, -13.645 -61.574, -13.686 -61.671, -13.724 -61.809, -13.743 -61.944, -13.744 -62.046, -13.74 -62.116, -13.729 -62.189, -13.63 -62.458, -13.639 -62.462), (-6.935931860036832 -57.953720073664826, -6.912 -58.002, -6.814 -58.199, -6.692 -58.444, -6.469 -58.89, -6.935931860036832 -57.953720073664826), (-13.77 -62.119, -13.775 -62.047, -13.797 -62.122, -13.77 -62.119), (-7.185 -57.455, -7.1539660339662685 -57.51652347652301, -7.242 -57.34, -7.185 -57.455), (-9.092 -27.758, -9.035 -27.754, -8.978 -27.75, -9.187 -27.761, -9.206 -27.766, -9.149 -27.762, -9.092 -27.758), (-10.35714702330772 -38.06210558305337, -10.357147021382351 -38.06210558199281, -11.859052679382454 -28.925125340598992, -11.851 -28.975, -11.818 -29.175, -10.35714702330772 -38.06210558305337), (-10.404888524590158 -28.43394462659385, -10.427 -28.298, -10.443408759124125 -28.199547445255245, -10.404888524590158 -28.43394462659385), (-10.524 -27.709, -10.525722627737307 -27.698664233576153, -10.481792499999987 -27.96598083333342, -10.496 -27.876, -10.524 -27.709), (-11.215 -42.401, -11.554 -42.024, -11.28 -42.329, -11.155 -42.481, -11.07 -42.594, -11.215 -42.401), (-11.972 -28.238, -11.090124999998265 -27.766749999999075, -11.218 -27.835, -11.583 -28.03, -11.972 -28.238), (-11.96 -28.312, -11.945 -28.405, -11.936030371203582 -28.45682452193486, -11.972 -28.238, -11.96 -28.312), (-11.936 -41.691, -12.043918105234056 -41.61759508355202, -11.848099938309673 -41.76762492288712, -11.936 -41.691), (-11.919790948275882 -28.55561853448263, -11.912 -28.606, -11.895743676222546 -28.70191231028698, -11.919790948275882 -28.55561853448263), (-13.03 -45.723, -13.026934197407954 -45.72910094715817, -13.034503527040387 -45.71391031239555, -13.03 -45.723), (-13.538 -40.929, -13.649157718120787 -40.90988087248323, -13.411 -40.967, -13.168 -41.04, -13.052 -41.074, -13.538 -40.929), (-13.358196500257314 -45.06430169840457, -13.344 -45.093, -13.313734693877505 -45.15353061224499, -13.358196500257314 -45.06430169840457), (-20.542 -48.583, -20.765 -48.137, -20.240106060605623 -49.19050000000088, -20.322 -49.026, -20.42 -48.829, -20.542 -48.583), (-20.611 -48.378, -20.478 -48.498, -20.387 -48.559, -20.258 -48.623, -20.194 -48.648, -20.083 -48.678, -20.004 -48.692, -19.932 -48.699, -19.8 -48.699, -19.669 -48.681, -19.541 -48.646, -19.419 -48.595, -19.424 -48.586, -14.054 -45.91, -14.049 -45.919, -13.925 -45.846, -13.813 -45.756, -13.714 -45.651, -13.657 -45.573, -13.632 -45.59, -13.599 -45.536, -13.625 -45.521, -13.589 -45.453, -13.549 -45.356, -13.51 -45.218, -13.492 -45.083, -13.49 -44.981, -13.495 -44.911, -13.505 -44.838, -13.605 -44.569, -13.595 -44.565, -13.669 -44.441, -13.759 -44.328, -13.864 -44.23, -13.982 -44.147, -14.111 -44.083, -14.248 -44.037, -14.39 -44.011, -14.534 -44.006, -14.677 -44.021, -14.817 -44.056, -14.95 -44.111, -14.946 -44.12, -20.316 -46.796, -20.32 -46.787, -20.445 -46.86, -20.557 -46.95, -20.655 -47.056, -20.738 -47.174, -20.802 -47.303, -20.848 -47.439, -20.874 -47.581, -20.88 -47.725, -20.864 -47.868, -20.829 -48.008, -20.774 -48.141, -20.765 -48.137, -20.611 -48.378), (-14.144666666666362 -61.42466666666728, -13.892905511810866 -61.930145669291655, -13.979 -61.756, -14.095 -61.524, -14.144666666666362 -61.42466666666728), (-14.211858183183155 -29.78641059999832, -14.205785094581103 -29.82337021760797, -14.215 -29.766, -14.225616835994236 -29.702678156748657, -14.211858183183155 -29.78641059999832), (-15.605 -30.652, -15.574 -30.844, -15.541 -31.043, -15.676 -30.217, -15.653 -30.362, -15.634 -30.474, -15.605 -30.652), (-17.896 -31.89, -17.902593856655184 -31.85075085324297, -17.845 -32.2, -17.876 -32.012, -17.896 -31.89), (-17.938749999999924 -31.631500000000447, -17.934125560538185 -31.659542600896444, -17.936 -31.648, -17.938749999999924 -31.631500000000447), (-19.264 -32.911, -19.381 -32.196, -19.355 -32.357, -19.325 -32.54, -19.295 -32.722, -19.264 -32.911), (-20.19940000000011 -49.27219999999978, -20.044597156398375 -49.58290047393311, -20.05 -49.572, -20.106 -49.459, -20.19940000000011 -49.27219999999978), (-48.385 -77.836, -48.36010746989971 -78.0242080574799, -48.313 -78.197, -48.28736408046532 -78.41552985700791, -47.00917771262044 -77.73264633431646, -47.009177712617976 -77.73264633431513, -46.429 -77.422, -33.134 -70.32, -25.851 -66.429, -22.549 -64.666, -22.193754289215594 -64.44240849673196, -21.977491338582706 -64.28654330708663, -21.753153468241855 -64.09528751900802, -21.565133422281548 -63.91628863686905, -21.367428643596824 -63.69243243243238, -21.202162408949928 -63.485001498623376, -21.042869372693733 -63.2422450184502, -20.906595744680846 -63.01349999999999, -20.780854413102805 -62.74487079162872, -20.678538258575202 -62.50229023746703, -20.58786420525658 -62.202241551939956, -20.526026528460992 -61.972309908643695, -20.477673641579482 -61.65884981437735, -20.44656608423559 -61.410446819704816, -20.443878753449116 -61.103553643888986, -20.446608654652138 -60.85467765088015, -20.518 -60.323, -20.674 -59.774, -20.906 -59.253, -24.204 -53.079, -24.508 -52.596, -24.878 -52.161, -25.28244661223626 -51.80474679249283, -25.46087206756343 -51.68237535189234, -25.74808695291774 -51.49390939986739, -25.94746895640696 -51.394014531043545, -26.25258498896248 -51.25119426048565, -26.482666178623703 -51.17346412884334, -26.77811093346453 -51.08364026564998, -27.028905859750267 -51.03515946205571, -27.337443361355483 -50.98819623172288, -27.582163422363138 -50.9751982797646, -27.887739218877126 -50.97198169243287, -28.157682794307906 -50.994724191461835, -28.43929104477609 -51.032537313432826, -28.71090599173558 -51.0935743801653, -28.98137507503903 -51.170428983071204, -29.237029263736794 -51.265799979245564, -29.617 -51.435, -33.141 -53.318, -37.525 -55.66, -53.496 -64.192, -54.513 -64.735, -55.35052915829198 -65.18228135816335, -55.33053607984109 -65.2046246566186, -55.187 -65.327, -54.31595837614639 -66.33058362764824, -51.623 -64.892, -45.969 -75.476, -48.65269224759548 -76.90963364366664, -48.385 -77.836), (-33.137 -53.302, -33.13051955307267 -53.27154189944155, -33.141 -53.318, -33.137 -53.302), (-37.626 -55.561, -37.57 -55.616, -37.537 -55.649, -37.525 -55.66, -37.626 -55.561), (-23.757 -46.122, -23.711 -45.997, -23.809000000000065 -46.26204545454563, -23.757 -46.122), (-23.887 -46.473, -23.91739125085441 -46.599973615857834, -23.845655361596 -46.36118154613464, -23.887 -46.473), (-27.243 -48.595, -27.076 -48.611, -26.748 -48.642, -27.243 -48.595), (-31.317 -73.907, -31.158 -74.043, -30.981 -74.153, -30.788 -74.236, -30.586 -74.289, -30.378 -74.312, -30.169 -74.303, -29.964 -74.263, -29.766 -74.193, -29.582 -74.094, -29.414 -73.969, -29.267 -73.821, -29.143 -73.652, -29.046 -73.467, -28.978 -73.269, -28.94 -73.063, -28.933 -72.854, -28.957 -72.646, -29.013 -72.444, -29.097 -72.253, -29.209 -72.076, -29.346 -71.918, -29.506 -71.782, -29.683 -71.672, -29.875 -71.589, -30.078 -71.536, -30.286 -71.513, -30.495 -71.522, -30.7 -71.562, -30.897 -71.632, -31.082 -71.73, -31.25 -71.855, -31.397 -72.004, -31.521 -72.173, -31.618 -72.358, -31.686 -72.556, -31.724 -72.762, -31.731 -72.971, -31.706 -73.179, -31.651 -73.381, -31.567 -73.572, -31.455 -73.749, -31.317 -73.907), (-30.559 -49.462, -30.968 -49.745, -30.638 -49.517, -30.559 -49.462), (-31.609 -50.324, -31.5371707317077 -50.25065853658575, -31.798720797720783 -50.51570370370369, -31.79875609756096 -50.51574314024389, -31.704 -50.42, -31.609 -50.324), (-32.142 -50.944, -32.065 -50.847, -32.047583333333 -50.82483333333292, -32.142 -50.944), (-32.454 -51.426, -32.416 -51.358, -32.52575609756086 -51.55336585365833, -32.491 -51.493, -32.454 -51.426), (-32.348 -51.256, -32.28 -51.153, -32.23467647058802 -51.084029411764384, -32.416 -51.358, -32.348 -51.256), (-32.68520000000018 -51.877456603773965, -32.674 -51.854, -32.62 -51.74, -32.566 -51.625, -32.68520000000018 -51.877456603773965), (-32.881471518987226 -52.3527151898731, -32.868 -52.317, -32.850984374999946 -52.27059374999985, -32.881471518987226 -52.3527151898731), (-37.26074468085106 -53.93453191489361, -37.228 -53.751, -37.249 -53.867, -37.26074468085106 -53.93453191489361), (-37.21700000000005 -53.650000000000404, -37.223 -53.701, -37.228 -53.751, -37.21700000000005 -53.650000000000404), (-37.347 -54.319, -37.384 -54.43, -37.42 -54.538, -37.455 -54.643, -37.309 -54.205, -37.347 -54.319), (-37.579 -54.923, -37.592731343283454 -54.94986567164155, -37.57057894736837 -54.907210526315694, -37.579 -54.923), (-37.686 -55.112, -37.711610389610215 -55.15483116883088, -37.625 -55.012, -37.686 -55.112), (-37.8 -55.3, -37.853 -55.388, -37.77527272727295 -55.259818181818545, -37.8 -55.3), (-41.053 -54.696, -40.845 -54.719, -40.636 -54.71, -40.43 -54.67, -40.233 -54.6, -40.048 -54.502, -39.881 -54.377, -39.733 -54.228, -39.61 -54.059, -39.513 -53.874, -39.445 -53.676, -39.407 -53.47, -39.4 -53.261, -39.424 -53.053, -39.479 -52.851, -39.564 -52.66, -39.676 -52.483, -39.813 -52.325, -39.972 -52.189, -40.15 -52.079, -40.342 -51.996, -40.544 -51.943, -40.752 -51.92, -40.961 -51.929, -41.167 -51.969, -41.364 -52.039, -41.549 -52.138, -41.716 -52.263, -41.864 -52.411, -41.987 -52.58, -42.084 -52.765, -42.152 -52.963, -42.19 -53.169, -42.197 -53.378, -42.173 -53.586, -42.118 -53.788, -42.033 -53.979, -41.921 -54.156, -41.784 -54.314, -41.625 -54.45, -41.447 -54.56, -41.255 -54.643, -41.053 -54.696), (-44.717 -44.747, -44.786268292682976 -44.71305853658534, -43.781 -45.213, -43.992 -45.108, -44.191 -45.009, -44.388 -44.911, -44.534 -44.838, -44.641 -44.785, -44.717 -44.747), (-46.078 -79.503, -46.114 -79.236, -46.151 -78.973, -46.078 -79.503), (-46.331653030623414 -78.09676395163315, -46.42884804227435 -77.42305330033486, -46.331653030623414 -78.09676395163316, -46.331653030623414 -78.09676395163315), (-47.378 -46.998, -47.371 -47.001, -47.36811764705886 -47.002235294117625, -47.384 -46.994, -47.378 -46.998), (-66.2624431412663 -68.71712238663692, -60.706 -70.404, -66.2624431412663 -68.7171223866369, -66.2624431412663 -68.71712238663692), (-61.031 -71.383, -61.209 -72.399, -61.235 -73.431, -61.11 -74.455, -60.835 -75.449, -60.417 -76.392, -59.866 -77.264, -59.192 -78.045, -58.41 -78.718, -57.538 -79.27, -56.595 -79.687, -55.601 -79.961, -54.577 -80.086, -53.545 -80.059, -50.584 -79.762, -49.83129023189658 -79.68687851867489, -49.868 -79.26, -49.246659380369245 -78.9280035279153, -49.364 -78.04, -50.349 -74.63, -51.831 -71.405, -53.777 -68.436, -56.144 -65.791, -56.279857884524176 -65.67858815624197, -56.936 -66.029, -57.26914229029766 -65.76018124121596, -57.751 -66.345, -59.645 -68.641, -60.24 -69.484, -60.706 -70.404, -61.031 -71.383), (-56.27991746933071 -65.6785388544441, -56.27998996631027 -65.67847886882628, -56.936 -66.029, -56.27991746933071 -65.6785388544441), (-53.99727382124294 -63.74087353990969, -53.997273821242985 -63.74087353990966, -53.68247230023754 -64.02418236192253, -53.99727382124294 -63.74087353990969), (-55.49886705504901 -62.384482516844685, -55.03 -62.744, -55.498867055049026 -62.38448251684467, -55.49886705504901 -62.384482516844685), (-54.442 -63.272, -54.632 -63.099, -54.828 -62.922, -55.03 -62.744, -54.442 -63.272), (-62.716 -101.429, -63.93 -102.028, -64.605 -102.32, -66.463 -102.986, -66.574 -103.02, -68.603 -103.52, -69.097 -103.61, -69.318 -103.646, -69.527 -103.678, -69.59184622133127 -103.68736282340076, -69.3183775384263 -106.41382915096025, -66.022 -105.724, -62.694 -104.487, -59.589 -102.768, -56.774 -100.605, -54.92965527288782 -98.68796066153882, -57.01491989772364 -96.96915778259172, -57.085 -97.046, -57.216 -97.189, -57.355 -97.337, -58.49 -98.45, -59.338 -99.18, -60.511 -100.07, -61.542 -100.752, -62.716 -101.429), (-58.21329519019467 -53.366451524667504, -55.602 -52.353, -58.21329519019468 -53.366451524667504, -58.21329519019467 -53.366451524667504), (-55.595 -52.359, -55.522 -52.381, -55.448 -52.397, -55.373 -52.408, -55.372 -52.404, -55.45 -52.394, -55.527 -52.376, -55.602 -52.353, -55.595 -52.359), (-57.898548981505265 -97.84217436859012, -57.89854898150522 -97.84217436859008, -58.94480124472169 -98.8145611165013, -58.94480124472168 -98.8145611165013, -57.898548981505265 -97.84217436859012), (-60.247440815716274 -58.53824265535322, -60.24744081571628 -58.53824265535322, -60.598 -59.005, -60.247440815716274 -58.53824265535322), (-60.63515790779795 -100.10519611209546, -61.061538443900965 -100.40931144909814, -61.061538443900936 -100.40931144909813, -60.63515790779795 -100.10519611209546), (-62.109976400933924 -101.05549157771846, -63.50895549360348 -101.80301976961393, -63.50895549360342 -101.8030197696139, -62.10997640093393 -101.05549157771847, -62.109976400933924 -101.05549157771846), (-64.15 -96.276, -64.144 -96.07, -64.169 -95.865, -64.224 -95.665, -64.308 -95.477, -64.407 -95.318, -64.526 -95.174, -64.664 -95.047, -64.829 -94.927, -65.013 -94.841, -65.223 -94.773, -65.32490146627565 -94.75675483870967, -66.097 -95.099, -66.81352690416863 -95.55258125126271, -66.861 -95.65, -66.913 -95.849, -66.94 -96.053, -66.937 -96.261, -66.904 -96.465, -66.841 -96.661, -66.749 -96.847, -66.632 -97.016, -66.49 -97.167, -66.328 -97.295, -66.149 -97.398, -65.957 -97.474, -65.756 -97.52, -65.55 -97.536, -65.344 -97.522, -65.143 -97.478, -64.95 -97.404, -64.77 -97.303, -64.606 -97.177, -64.463 -97.028, -64.344 -96.859, -64.251 -96.675, -64.185 -96.479, -64.15 -96.276), (-79.207 -85.247, -78.785 -86.204, -78.224 -87.088, -77.538 -87.877, -76.742 -88.556, -75.854 -89.109, -74.893 -89.523, -73.881 -89.79, -72.841 -89.902, -71.796 -89.858, -70.769 -89.659, -69.783 -89.309, -68.86 -88.816, -68.021 -88.191, -67.285 -87.448, -66.667 -86.604, -66.182 -85.677, -65.841 -84.688, -65.651 -83.659, -65.617 -82.613, -65.738 -81.574, -66.014 -80.565, -66.436 -79.608, -66.997 -78.724, -67.683 -77.934, -68.479 -77.255, -69.367 -76.703, -70.328 -76.288, -71.34 -76.022, -72.38 -75.91, -73.425 -75.953, -74.452 -76.152, -75.438 -76.502, -76.361 -76.995, -77.2 -77.62, -77.937 -78.363, -78.554 -79.208, -79.039 -80.135, -79.38 -81.124, -79.57 -82.153, -79.604 -83.199, -79.483 -84.238, -79.207 -85.247), (-66.2223692514262 -102.89499160792195, -66.22236925142619 -102.89499160792195, -65.87175792377568 -102.76238771850656, -66.2223692514262 -102.89499160792195), (-93.36386048149397 -75.0464542113858, -85.112 -71.001, -93.36386048149397 -75.04645421138578, -93.36386048149397 -75.0464542113858), (-84.133 -71.326, -83.117 -71.504, -82.76987118682439 -71.51275397588998, -82.854 -71.372, -82.932 -71.195, -83.014 -71.011, -83.041 -70.95, -83.111 -70.759, -83.218 -70.31, -83.252 -70.11, -83.275 -69.649, -83.271 -69.446, -83.249 -69.244, -83.168 -68.79, -83.022 -68.352, -82.946 -68.164, -82.722 -67.76, -82.612 -67.589, -82.318 -67.233, -82.179 -67.085, -82.026 -66.951, -81.66 -66.67, -81.258 -66.444, -81.074 -66.357, -80.637 -66.209, -80.441 -66.157, -80.241 -66.123, -79.781 -66.077, -79.578 -66.08, -79.118 -66.119, -78.919 -66.16, -78.475 -66.283, -78.052 -66.468, -77.872 -66.562, -77.49 -66.821, -77.33 -66.947, -77.182 -67.086, -76.873 -67.42, -76.502 -67.222, -76.237 -67.08, -75.98 -66.943, -75.82145264463348 -66.86262017797698, -75.555 -65.896, -75.43 -64.872, -75.457 -63.841, -75.90253579807111 -59.39814202163962, -79.2 -60.088, -82.527 -61.325, -85.633 -63.044, -88.447 -65.207, -90.29134472711219 -67.12403933846119, -88.2062797692275 -68.84267763967252, -88.136 -68.765, -88.005 -68.622, -87.866 -68.475, -87.62265260545773 -68.22398263027158, -87.517 -68.114, -87.53667175066295 -68.13529177718814, -87.517 -68.115, -87.092 -69.113, -86.60050342472161 -70.1342992385581, -86.033 -70.536, -85.112 -71.001, -84.133 -71.326), (-87.155 -69.182, -87.217 -69.25, -87.2763947368423 -69.316210526316, -87.092 -69.113, -87.155 -69.182), (-78.554 -68.841, -78.689 -68.685, -78.845 -68.55, -79.02 -68.44, -79.209 -68.356, -79.408 -68.302, -79.613 -68.277, -79.819 -68.282, -80.023 -68.318, -80.219 -68.384, -80.403 -68.477, -80.571 -68.597, -80.72 -68.74, -80.846 -68.903, -80.947 -69.083, -81.02 -69.276, -81.064 -69.478, -81.078 -69.684, -81.062 -69.89, -81.015 -70.091, -80.939 -70.283, -80.836 -70.462, -80.708 -70.624, -80.557 -70.765, -80.394 -70.879, -80.208 -70.971, -79.998 -71.038, -79.89592859401304 -71.05435124464839, -79.124 -70.713, -78.41160024928492 -70.26151359082121, -78.364 -70.157, -78.308 -69.962, -78.281 -69.759, -78.284 -69.551, -78.313 -69.366, -78.367 -69.186, -78.444 -69.016, -78.554 -68.841), (-83.8074592350303 -94.57254583573076, -83.80745923503031 -94.57254583573076, -78.80314465406624 -96.46346282969462, -78.80314465406623 -96.46346282969459, -83.8074592350303 -94.57254583573076), (-84.545 -90.504, -84.478 -90.292, -84.4623840480743 -90.19049631248292, -84.804 -89.419, -85.25653088386098 -88.70495217419763, -85.418 -88.639, -85.555 -88.603, -85.687 -88.582, -85.826 -88.574, -85.966 -88.579, -86.167 -88.612, -86.362 -88.674, -86.546 -88.764, -86.714 -88.879, -86.864 -89.018, -86.993 -89.177, -87.096 -89.353, -87.173 -89.543, -87.222 -89.741, -87.241 -89.945, -87.23 -90.149, -87.19 -90.349, -87.121 -90.541, -87.024 -90.722, -86.903 -90.886, -86.759 -91.031, -86.595 -91.153, -86.415 -91.25, -86.223 -91.32, -86.023 -91.362, -85.819 -91.373, -85.616 -91.355, -85.417 -91.308, -85.227 -91.232, -85.051 -91.129, -84.891 -91.002, -84.751 -90.853, -84.638 -90.689, -84.545 -90.504), (-91.733 -91.586, -91.821 -91.389, -92.69 -89.054, -92.871 -88.431, -93.315 -86.419, -93.351 -86.199, -93.383 -85.99, -93.39236257227961 -85.92480875597894, -96.06559580930734 -86.1924007463387, -95.857 -87.771, -94.872 -91.182, -93.39 -94.407, -91.444 -97.376, -89.077 -100.021, -88.39327658261762 -100.5867280049493, -86.67389517668519 -98.50076150680864, -86.751 -98.431, -86.894 -98.3, -87.042 -98.162, -88.467 -96.674, -88.885 -96.178, -90.342 -94.157, -90.457 -93.974, -91.733 -91.586), (-89.97701843255051 -94.64695125614419, -89.97701843255047 -94.64695125614425, -90.3883598307041 -94.0702359625497, -90.38835983070409 -94.07023596254973, -89.97701843255051 -94.64695125614419), (-93.34889865953554 -85.98695949586768, -91.667 -85.837, -93.34889865953554 -85.98695949586767, -93.34889865953554 -85.98695949586768)), ((95.29 -4.577, 95.635 -4.828, 95.938 -5.127, 96.193 -5.468, 96.395 -5.843, 96.538 -6.244, 96.62 -6.662, 96.639 -7.088, 96.594 -7.511, 96.486 -7.924, 96.318 -8.315, 96.094 -8.677, 95.818 -9.002, 95.497 -9.282, 95.138 -9.511, 94.749 -9.684, 94.338 -9.797, 93.915 -9.847, 93.49 -9.834, 93.07 -9.758, 92.668 -9.62, 92.29 -9.423, 91.945 -9.172, 91.642 -8.873, 91.387 -8.532, 91.185 -8.157, 91.042 -7.756, 90.96 -7.338, 90.941 -6.912, 90.986 -6.489, 91.094 -6.076, 91.262 -5.685, 91.486 -5.323, 91.762 -4.998, 92.083 -4.718, 92.442 -4.489, 92.831 -4.316, 93.242 -4.203, 93.665 -4.153, 94.09 -4.166, 94.51 -4.242, 94.912 -4.38, 95.29 -4.577), (94.85971557788945 -6.8601467336683495, 94.80355836306454 -7.075705527343336, 94.80417770541148 -7.075154520803864, 94.809 -7.057, 94.848 -6.908, 94.86004485488127 -6.861134564643803, 94.85971557788945 -6.8601467336683495), (94.75550322580645 -6.5475096774193515, 94.602 -6.396, 94.50237457044672 -6.298254295532631, 94.75589588377723 -6.548687651331711, 94.75550322580645 -6.5475096774193515), (94.41040000000056 -6.207400000000561, 94.36970322580646 -6.166703225806452, 94.36919158146011 -6.166693511040382, 94.41040000000056 -6.207400000000561)), ((88.395 2.355, 88.728 2.089, 89.018 1.777, 89.258 1.425, 89.443 1.041, 89.569 0.634, 89.632 0.213, 89.632 -0.213, 89.569 -0.634, 89.443 -1.041, 89.258 -1.425, 89.018 -1.777, 88.728 -2.089, 88.395 -2.355, 88.027 -2.568, 87.63 -2.723, 87.215 -2.818, 86.79 -2.85, 86.365 -2.818, 85.95 -2.723, 85.553 -2.568, 85.185 -2.355, 84.852 -2.089, 84.562 -1.777, 84.322 -1.425, 84.137 -1.041, 84.011 -0.634, 83.948 -0.213, 83.948 0.213, 84.011 0.634, 84.137 1.041, 84.322 1.425, 84.562 1.777, 84.852 2.089, 85.185 2.355, 85.553 2.568, 85.95 2.723, 86.365 2.818, 86.79 2.85, 87.215 2.818, 87.63 2.723, 88.027 2.568, 88.395 2.355), (86.74608487746563 1.1296268180912556, 86.61 1.051, 86.423 0.943, 86.36847533632071 0.9113587443933634, 86.74613155160681 1.1296440368287282, 86.74608487746563 1.1296268180912556), (86.115 0.765, 86.09005465064531 0.7506657320872384, 86.09001133773319 0.7504065532097777, 86.15170212766077 0.7860638297879232, 86.115 0.765)), ((102.728 2.089, 103.018 1.777, 103.258 1.425, 103.443 1.041, 103.569 0.634, 103.632 0.213, 103.632 -0.213, 103.569 -0.634, 103.443 -1.041, 103.258 -1.425, 103.018 -1.777, 102.728 -2.089, 102.395 -2.355, 102.027 -2.568, 101.63 -2.723, 101.215 -2.818, 100.79 -2.85, 100.365 -2.818, 99.95 -2.723, 99.553 -2.568, 99.185 -2.355, 98.852 -2.089, 98.562 -1.777, 98.322 -1.425, 98.137 -1.041, 98.011 -0.634, 97.948 -0.213, 97.948 0.213, 98.011 0.634, 98.137 1.041, 98.322 1.425, 98.562 1.777, 98.852 2.089, 99.185 2.355, 99.553 2.568, 99.95 2.723, 100.365 2.818, 100.79 2.85, 101.215 2.818, 101.63 2.723, 102.027 2.568, 102.395 2.355, 102.728 2.089), (100.61 1.051, 100.423 0.943, 100.36847533632299 0.9113587443946842, 100.46807194513228 0.9689255842864561, 100.74613155160677 1.1296440368287086, 100.74608487746563 1.1296268180912556, 100.61 1.051), (100.09001133773319 0.7504065532097811, 100.15170212766077 0.7860638297879232, 100.115 0.765, 100.09005465064531 0.7506657320872381, 100.09001133773319 0.7504065532097811)), ((95.524 9.262, 95.842 8.978, 96.114 8.65, 96.334 8.285, 96.497 7.892, 96.6 7.479, 96.639 7.054, 96.616 6.629, 96.529 6.212, 96.381 5.813, 96.175 5.44, 95.916 5.102, 95.609 4.806, 95.262 4.559, 94.882 4.367, 94.477 4.234, 94.057 4.163, 93.631 4.154, 93.209 4.21, 92.8 4.328, 92.412 4.505, 92.056 4.738, 91.738 5.022, 91.466 5.35, 91.246 5.715, 91.083 6.108, 90.98 6.521, 90.941 6.946, 90.964 7.371, 91.051 7.788, 91.199 8.187, 91.405 8.56, 91.664 8.898, 91.971 9.194, 92.318 9.441, 92.698 9.633, 93.103 9.766, 93.523 9.837, 93.949 9.846, 94.371 9.79, 94.78 9.672, 95.168 9.495, 95.524 9.262), (93.73917860136433 8.015511173868752, 93.72 8.018, 93.66950246305451 8.024600985221634, 93.73931165841323 8.015394707056423, 93.73917860136433 8.015511173868752), (92.89117845819455 7.47111756211152, 92.94628571428653 7.543000000001061, 92.89113682184886 7.471510694989261, 92.89117845819455 7.47111756211152)))