MULTIPOLYGON (((-97.31763344865077 -84.12313621730175, -97.339 -83.941, -97.2843232602577 -82.28411551780903, -97.254 -80.61, -97.22303868820852 -80.42699205169606, -97.217 -80.244, -96.92072577593655 -78.64006305484692, -96.637 -76.963, -96.57751299605212 -76.7820152970798, -96.545 -76.606, -96.00493853627624 -75.04000088006471, -95.482 -73.449, -95.4004378014681 -73.28714924687725, -95.339 -73.109, -94.55688819899986 -71.61322258828561, -93.817 -70.145, -93.71079375345953 -69.99507930212388, -93.625 -69.831, -92.6429247108597 -68.48767576116677, -91.679 -67.127, -91.55058906096737 -66.99353272379687, -91.442 -66.845, -90.27423410731924 -65.66691973883552, -89.114 -64.461, -88.96675795229947 -64.34789521531903, -88.838 -64.218, -87.50773033380894 -63.22713516606598, -86.181 -62.208, -86.01940604799589 -62.118541747917405, -85.871 -62.008, -84.41000031675667 -61.227576326113045, -82.944 -60.416, -82.76859977931096 -60.35078774604321, -82.608 -60.265, -81.06884864851668 -59.71883527774387, -79.477 -59.127, -79.29200045319315 -59.08832431457255, -79.122 -59.028, -77.48847501792123 -58.711282405016945, -75.856 -58.37, -75.67523743824026 -58.3597210566018, -75.491 -58.324, -73.79981401752192 -58.253076345431786, -72.163 -58.16, -71.9821064406315 -58.176846725729945, -71.795 -58.169, -71.02817746025974 -58.25197862175547, -64.21296570839436 -54.611231472161954, -64.21151439258664 -54.61032225540298, -65.9 -55.512, -62.616 -49.068, -57.907 -43.35, -18.611 -23.634, -17.559 -23.634, -15.771 -23.634, -13.558 -22.449, -10.707 -21.565, 2.863 -20.648, 2.873 -20.685, 5.982 -19.125, 13.688 -15.259, 10.884 -11.988, 20.321 -6.959, 30.572 -6.787, 51.499951191777214 3.7136587000243386, 49.819 4.684, 47.422 6.581, 45.326 8.805, 43.574 11.31, 42.205 14.042, 41.247 16.944, 40.721 19.955, 40.637 23.01, 40.997 26.045, 41.794 28.996, 43.011 31.799, 44.622 34.397, 46.593 36.733, 48.882 38.758, 51.441 40.429, 54.215 41.711, 55.551 42.163, 57.147 42.577, 57.425 42.636, 57.637654285081425 42.669178521965584, 58.334 42.8, 58.85814937993989 42.859601316870204, 59.335 42.934, 60.172 43.009, 61.178 43.054, 61.86527694534578 43.034564571999, 62.424 43.043, 62.39322986781931 43.01963465025182, 63.229 42.996, 64.031 42.919, 66.251 42.54, 66.838 42.398, 69.175 41.65, 69.549 41.502, 71.938 40.346, 72.113 40.246, 74.484 38.654, 75.96834489486368 37.548749837924966, 75.976 40.473, 76.429 43.496, 77.315 46.421, 78.617 49.186, 80.306 51.733, 82.347 54.008, 84.696 55.963, 87.305 57.556, 90.117 58.753, 93.073 59.53, 96.11 59.869, 99.165 59.764, 102.171 59.216, 105.067 58.238, 107.79 56.85, 110.283 55.081, 111.339 54.148, 112.492 52.97, 112.682 52.757, 112.81501083032494 52.59095667870034, 113.276 52.05, 113.58655518103726 51.62780363161907, 113.89 51.249, 114.372 50.56, 114.911 49.709, 115.23659261830329 49.10245787497523, 115.521 48.623, 115.48600140275869 48.637837593005216, 115.881 47.902, 116.213 47.168, 116.989 45.054, 117.159 44.474, 117.6178462656343 42.32824524121501, 118.399 42.67, 121.347 43.475, 124.381 43.845, 127.437 43.769, 130.449 43.251, 133.354 42.302, 136.09 40.941, 138.6 39.197, 140.83 37.107, 142.733 34.715, 144.269 32.073, 145.405 29.236, 146.117 26.263, 146.391 23.219, 146.367 21.81, 146.219 20.168, 146.181 19.886, 146.13996678235 19.671338621715336, 146.029 18.974, 145.908061914609 18.45815034667341, 145.818 17.987, 145.607 17.174, 145.31 16.211, 145.05723927053333 15.561771836006992, 144.88 15.042, 144.86875486520898 15.077640520718239, 144.566 14.3, 144.223 13.571, 143.119 11.608, 142.788 11.102, 141.297 9.154, 141.031 8.852, 139.137 6.991, 138.984 6.86, 136.687 5.164, 128.57050117212614 -0.2392669342946714, 133.272 -2.04, 138.66 -6.231, 142.186 -7.965, 203.092 -67.105, 207.314 -74.762, 217.134 -84.437, 222.354 -94.889, 222.04230226087512 -95.11777814826794, 224.90415015659246 -97.71413122689987, 225.259 -98.036, 227.875 -100.409, 237.136 -108.81, 238.244 -109.815, 239.27620358940754 -110.7515434660245, 241.993 -113.216, 242.966 -114.158, 243.468 -114.695, 244.72 -116.219, 244.79 -116.313, 245.944 -118.055, 246.195 -118.49, 246.303 -118.686, 246.404 -118.872, 246.493 -119.039, 246.538 -119.127, 246.585 -119.218, 246.627 -119.301, 246.655 -119.356, 246.664 -119.374, 246.944 -119.956, 247.206 -120.547, 247.301 -120.78, 247.3131652837702 -120.809800862927, 247.344 -120.878, 247.37410089488296 -120.95907266196166, 247.45 -121.145, 247.675 -121.75, 247.73187130304564 -121.92267854390096, 247.781 -122.055, 247.81990631159385 -122.18997955995488, 247.978 -122.67, 248.238 -123.603, 248.27961091424515 -123.78485510670113, 248.303 -123.866, 248.37488075560807 -124.20121959858344, 248.454 -124.547, 248.48126087232555 -124.6973287410323, 248.517 -124.864, 248.5340778958758 -124.98858562234412, 248.627 -125.501, 248.6034857396625 -125.49492548274614, 248.805 -126.965, 248.858 -127.748, 248.841 -130.103, 248.799 -130.652, 248.408 -133.212, 248.339 -133.519, 247.516 -136.221, 247.488 -136.296, 247.479 -136.32, 247.452 -136.389, 247.408 -136.5, 247.375 -136.584, 247.328 -136.7, 247.263 -136.857, 247.188 -137.036, 247.107 -137.221, 246.187 -139.064, 245.86 -139.624, 244.448 -141.677, 244.314 -141.847, 242.495 -143.852, 242.339 -144.002, 240.433 -145.607, 239.907 -145.986, 238.163 -147.082, 237.967 -147.19, 237.781 -147.291, 237.613 -147.379, 237.525 -147.425, 237.435 -147.471, 237.351 -147.514, 237.3075882352933 -147.53570588235334, 237.278 -147.551, 237.207 -147.586, 234.597 -148.667, 234.298 -148.766, 231.788 -149.403, 231.246 -149.498, 228.904 -149.745, 228.119 -149.768, 226.001 -149.685, 224.987 -149.569, 223.134 -149.225, 221.919 -148.905, 220.357 -148.375, 220.30862189054744 -148.35559701492545, 220.263 -148.338, 220.153 -148.295, 220.069 -148.261, 219.952 -148.214, 219.796 -148.15, 219.617 -148.074, 219.431 -147.994, 218.974 -147.786, 218.359 -147.485, 217.753 -147.165, 217.158 -146.824, 216.575 -146.465, 216.249 -146.253, 215.602 -145.804, 214.667 -145.089, 213.774 -144.323, 199.8295717511294 -131.6739449616032, 192.656 -130.752, 189.561 -129.638, 185.686 -128.243, 153.89 -97.881, 153.535 -96.889, 152.933 -95.206, 151.073 -93.521, 149.281 -91.134, 143.849 -78.666, 143.88 -78.644, 137.226 -72.29, 135.12877434280745 -70.28739503208112, 132.992 -74.028, 125.08 -66.836, 121.467 -57.242, 110.70018620937314 -46.96079992329665, 89.962 -128.201, 85.421 -135.673, 81.913 -149.004, 75.444 -158.733, 75.09034026081132 -158.576150906631, 73.8976278619614 -164.01270805322645, 73.403 -166.268, 72.73468765741383 -169.31355919403174, 72.101 -172.202, 72.10086213192932 -172.2019588741594, 70.723 -178.481, 70.28635403727786 -180.47013043473345, 70.015 -181.707, 69.317 -184.886, 68.985 -186.199, 68.769 -186.902, 68.069 -188.747, 68.022 -188.854, 67.085 -190.722, 66.833 -191.156, 66.717 -191.347, 66.606 -191.527, 66.505 -191.687, 66.451 -191.771, 66.396 -191.856, 66.345 -191.934, 66.32699999999926 -191.96100000000112, 66.3 -192.003, 65.934 -192.535, 65.552 -193.056, 65.397 -193.254, 65.37148165841262 -193.28679423237057, 65.333 -193.34, 65.28800067888659 -193.39407763994328, 65.155 -193.565, 64.742 -194.061, 64.62111417908837 -194.1955041309835, 64.53 -194.305, 64.429341890315 -194.40888039673285, 64.094 -194.782, 63.414 -195.472, 63.272520107238556 -195.60273458445045, 63.218 -195.659, 62.98717266187051 -195.86641007194245, 62.703 -196.129, 62.57462162162191 -196.23710810810786, 62.459 -196.341, 62.36623495318743 -196.41259161836848, 61.962 -196.753, 61.95534249441965 -196.72969873046875, 60.781 -197.636, 60.127 -198.072, 58.076 -199.229, 57.579 -199.465, 55.164 -200.4, 54.863 -200.493, 52.11 -201.124, 52.031 -201.136, 52.006 -201.14, 51.932 -201.152, 51.814 -201.169, 51.725 -201.182, 51.601 -201.199, 51.432 -201.221, 51.24 -201.244, 51.039 -201.266, 48.982 -201.385, 48.334 -201.38, 45.85 -201.176, 45.636 -201.145, 42.992 -200.565, 42.785 -200.504, 40.444 -199.649, 39.853 -199.382, 38.035 -198.413, 37.844 -198.297, 37.664 -198.186, 37.504 -198.085, 37.42 -198.031, 37.335 -197.976, 37.257 -197.925, 37.22999999999979 -197.90699999999987, 37.188 -197.88, 37.122 -197.835, 34.886 -196.11, 34.652 -195.899, 32.85 -194.039, 32.498 -193.616, 31.119 -191.707, 30.708 -191.038, 29.726 -189.159, 29.322 -188.222, 28.698 -186.443, 28.372 -185.23, 28.055 -183.611, 28.051 -183.586, 28.039 -183.512, 28.022 -183.394, 28.009 -183.305, 27.992 -183.181, 27.97 -183.012, 27.947 -182.82, 27.925 -182.619, 27.894048222113987 -182.2897257671701, 27.87920149435953 -182.14104639351473, 27.878 -182.131, 27.877611873254825 -182.12512747359477, 27.877 -182.119, 27.832 -181.435, 27.809 -180.751, 27.808 -180.065, 27.829 -179.381, 27.852 -178.992, 27.919 -178.207, 28.073 -177.041, 28.293 -175.885, 32.327882625945975 -157.49571675932503, 29.559 -150.814, 28.268 -143.52, 32.143 -127.792, 32.143142622478365 -127.79203130664678, 38.786 -100.832, 40.63 -98.672, 41.001 -96.974, 41.166 -96.219, 42.345 -93.477, 50.458 -82.562, 50.49210123815664 -82.57758913744304, 53.387 -70.829, 49.079 -70.838, 51.382 -60.396, 57.906 -52.488, 58.9321041896524 -48.323548663980354, -6.2 -80.325, -14.831 -81.723, -27.247 -87.711, -38.847 -89.107, -38.957 -88.737, -51.210742994548376 -95.28261988648245, -51.404 -95.666, -51.50831192229204 -95.81324667047585, -51.596 -95.981, -52.60092866726085 -97.35558405883687, -53.542 -98.684, -53.66736648575586 -98.81430294386944, -53.779 -98.967, -54.97950591885646 -100.1781094657588, -56.107 -101.35, -56.25029009057109 -101.46011792163219, -56.383 -101.594, -57.73240743261633 -102.59911979308463, -59.04 -103.604, -59.20133336377021 -103.69326415029732, -59.35 -103.804, -60.83961568173051 -104.59970951065164, -62.277 -105.395, -62.44624182051569 -105.45792261512682, -62.613 -105.547, -64.21117204248588 -106.11410809424987, -65.744 -106.684, -65.92247843982075 -106.72136168389508, -66.099 -106.784, -67.76170818358206 -107.10637580865927, -69.365 -107.442, -69.5457625617597 -107.45227894339818, -69.73 -107.488, -71.39107795100226 -107.55721158129175, -73.058 -107.652, -73.24593655056655 -107.6344973562736, -73.426 -107.642, -75.06506305677556 -107.46508101317566, -76.741 -107.309, -76.91910447790384 -107.26495745575644, -77.104 -107.245, -78.70783065336857 -106.8226325201361, -80.332 -106.421, -80.5056838154128 -106.34916937262543, -80.681 -106.303, -82.19482013085307 -105.65059120648546, -83.751 -105.007, -83.90951006519416 -104.91161385474118, -84.078 -104.839, -85.49369236281686 -103.95830503758545, -86.92 -103.1, -87.06124388189234 -102.98313927245539, -87.219 -102.885, -88.4858323581042 -101.80447975424221, -89.77 -100.742, -89.89405022071212 -100.60336746716527, -90.034 -100.484, -91.11682674994888 -99.23685149995578, -92.237 -97.985, -92.33946619815893 -97.82867336434727, -92.459 -97.691, -93.35212978283361 -96.28371225439487, -94.265 -94.891, -94.34099012388631 -94.72558367462314, -94.441 -94.568, -95.12226200371389 -93.0249005217083, -95.809 -91.53, -95.85969191215433 -91.35457735560225, -95.935 -91.184, -96.36894314131231 -89.5922805022162, -96.836 -87.976, -96.86089253010027 -87.78779194252014, -96.908 -87.615, -97.09831894167706 -85.99265245540245, -97.321 -84.309, -97.31763344865077 -84.12313621730175), (244.655 -129.231, 244.813 -128.951, 244.927 -128.651, 244.995 -128.336, 245.015 -128.016, 244.988 -127.696, 244.913 -127.383, 244.792 -127.085, 244.628 -126.809, 244.425 -126.56, 244.187 -126.344, 243.919 -126.166, 243.628 -126.03, 243.32 -125.939, 243.002 -125.894, 242.68 -125.898, 242.363 -125.949, 242.057 -126.048, 241.769 -126.19, 241.506 -126.374, 241.273 -126.595, 241.075 -126.849, 240.918 -127.129, 240.804 -127.429, 240.736 -127.743, 240.715 -128.064, 240.743 -128.384, 240.818 -128.697, 240.939 -128.995, 241.103 -129.271, 241.306 -129.52, 241.544 -129.736, 241.811 -129.914, 242.102 -130.05, 242.41 -130.141, 242.729 -130.186, 243.05 -130.182, 243.367 -130.131, 243.673 -130.032, 243.961 -129.89, 244.225 -129.706, 244.458 -129.485, 244.655 -129.231), (237.832 -138.065, 237.731 -138.242, 237.65 -138.45, 237.604 -138.669, 237.594 -138.899, 237.606 -139.04, 237.631 -139.171, 237.67 -139.305, 237.722 -139.435, 237.821 -139.613, 237.945 -139.776, 238.091 -139.919, 238.257 -140.038, 238.438 -140.133, 238.631 -140.2, 238.832 -140.238, 239.036 -140.247, 239.239 -140.226, 239.437 -140.175, 239.626 -140.097, 239.801 -139.991, 239.958 -139.862, 240.096 -139.71, 240.21 -139.54, 240.297 -139.356, 240.358 -139.161, 240.389 -138.959, 240.39 -138.754, 240.361 -138.552, 240.304 -138.356, 240.218 -138.17, 240.106 -137.999, 239.971 -137.846, 239.815 -137.714, 239.641 -137.607, 239.454 -137.526, 239.262 -137.474, 239.056 -137.449, 238.833 -137.457, 238.614 -137.5, 238.398 -137.58, 238.275 -137.646, 238.163 -137.721, 238.053 -137.81, 237.956 -137.907, 237.832 -138.065), (238.893 -118.705, 239.036 -118.556, 239.156 -118.389, 239.251 -118.205, 239.317 -118.009, 239.354 -117.806, 239.36 -117.6, 239.336 -117.395, 239.282 -117.195, 239.199 -117.006, 239.09 -116.831, 238.956 -116.674, 238.8 -116.539, 238.626 -116.427, 238.437 -116.343, 238.238 -116.287, 238.034 -116.261, 237.827 -116.266, 237.624 -116.301, 237.427 -116.365, 237.243 -116.458, 237.074 -116.577, 236.924 -116.719, 236.808 -116.866, 236.712 -117.027, 236.639 -117.199, 236.582 -117.395, 236.563 -117.597, 236.57 -117.818, 236.608 -118.023, 236.682 -118.228, 236.788 -118.424, 236.927 -118.603, 237.034 -118.709, 237.142 -118.795, 237.334 -118.911, 237.526 -118.99, 237.729 -119.04, 237.947 -119.065, 238.152 -119.047, 238.353 -119.004, 238.548 -118.931, 238.729 -118.83, 238.893 -118.705), (236.158 -144.997, 236.187 -144.988, 236.132 -144.947, 236.158 -144.997), (235.889 -143.869, 235.819 -142.934, 235.806 -142.766, 235.889 -143.869), (223.531 -132.9, 224.195 -133.502, 224.942 -133.999, 225.754 -134.379, 226.614 -134.634, 227.502 -134.757, 228.399 -134.747, 229.284 -134.604, 230.138 -134.33, 230.941 -133.932, 231.677 -133.418, 232.327 -132.801, 232.878 -132.093, 233.318 -131.312, 233.636 -130.473, 233.826 -129.597, 233.883 -128.702, 233.806 -127.809, 233.596 -126.937, 233.259 -126.106, 232.802 -125.334, 232.235 -124.639, 231.571 -124.037, 230.824 -123.54, 230.012 -123.16, 229.152 -122.905, 228.264 -122.782, 227.367 -122.792, 226.482 -122.935, 225.628 -123.209, 224.825 -123.607, 224.09 -124.121, 223.439 -124.738, 222.888 -125.446, 222.448 -126.227, 222.13 -127.066, 221.94 -127.942, 221.883 -128.837, 221.96 -129.73, 222.17 -130.602, 222.507 -131.433, 222.964 -132.205, 223.531 -132.9), (226.49 -144.096, 226.565 -144.409, 226.686 -144.706, 226.85 -144.983, 227.053 -145.232, 227.291 -145.448, 227.559 -145.626, 227.85 -145.762, 228.158 -145.853, 228.476 -145.897, 228.797 -145.894, 229.115 -145.842, 229.421 -145.744, 229.708 -145.601, 229.972 -145.418, 230.205 -145.196, 230.402 -144.943, 230.56 -144.663, 230.674 -144.362, 230.742 -144.048, 230.762 -143.728, 230.735 -143.407, 230.66 -143.095, 230.539 -142.797, 230.375 -142.521, 230.172 -142.272, 229.934 -142.056, 229.667 -141.878, 229.375 -141.742, 229.067 -141.65, 228.749 -141.606, 228.428 -141.61, 228.111 -141.661, 227.805 -141.759, 227.517 -141.902, 227.253 -142.086, 227.02 -142.307, 226.823 -142.561, 226.665 -142.841, 226.551 -143.141, 226.483 -143.455, 226.463 -143.776, 226.49 -144.096), (226.1 -115.661, 226.391 -115.797, 226.699 -115.889, 227.017 -115.933, 227.338 -115.929, 227.655 -115.878, 227.961 -115.78, 228.249 -115.637, 228.513 -115.453, 228.746 -115.232, 228.943 -114.978, 229.101 -114.698, 229.215 -114.398, 229.283 -114.084, 229.303 -113.763, 229.276 -113.443, 229.201 -113.13, 229.08 -112.833, 228.916 -112.556, 228.713 -112.307, 228.475 -112.091, 228.207 -111.913, 227.916 -111.777, 227.608 -111.686, 227.29 -111.642, 226.969 -111.645, 226.652 -111.697, 226.346 -111.795, 226.058 -111.938, 225.794 -112.122, 225.561 -112.343, 225.364 -112.596, 225.206 -112.876, 225.092 -113.177, 225.024 -113.491, 225.004 -113.811, 225.031 -114.132, 225.106 -114.444, 225.227 -114.742, 225.391 -115.018, 225.594 -115.267, 225.832 -115.483, 226.1 -115.661), (220.995 -141.784, 220.98630844793644 -141.7805854616893, 222.56 -142.433, 220.995 -141.784), (219.88708258527564 -93.17065529622722, 219.914 -93.197, 220.329 -93.6, 219.88708258527564 -93.17065529622722), (221.013 -94.264, 221.957 -95.18, 220.329 -93.6, 221.013 -94.264), (221.994 -95.153, 222.02 -95.134, 222.037 -95.122, 222.042 -95.118, 222.0418142054352 -95.11783140105379, 221.957 -95.18, 221.994 -95.153), (221.2105851673199 -145.7988094663851, 221.2160873786408 -145.75981553398051, 221.159 -146.011, 221.2105851673199 -145.7988094663851), (220.601 -142.142, 220.74201263157917 -141.94542105263125, 220.681 -142.029, 220.601 -142.142), (220.186 -142.57, 220.137 -142.617, 220.2456012269953 -142.51327607361827, 220.186 -142.57), (220.00388073394618 -147.14564220183536, 219.90063406940064 -147.1030567823344, 219.943 -147.121, 220.00388073394618 -147.14564220183536), (219.9 -142.8, 219.981 -142.747, 219.595 -142.999, 219.9 -142.8), (218.474 -138.255, 217.557 -137.65, 217.981 -137.93, 218.474 -138.255), (218.797 -138.546, 219.292 -138.989, 218.474 -138.255, 218.797 -138.546), (216.903 -138.809, 216.768 -138.939, 216.641 -139.102, 216.539 -139.281, 216.465 -139.474, 216.42 -139.675, 216.405 -139.881, 216.42 -140.087, 216.466 -140.289, 216.541 -140.481, 216.643 -140.661, 216.771 -140.823, 216.921 -140.965, 217.09 -141.083, 217.275 -141.175, 217.471 -141.239, 217.675 -141.273, 217.881 -141.277, 218.086 -141.251, 218.285 -141.195, 218.473 -141.11, 218.647 -140.998, 218.802 -140.862, 218.936 -140.705, 219.045 -140.53, 219.127 -140.34, 219.179 -140.148, 219.203 -139.942, 219.196 -139.721, 219.157 -139.516, 219.084 -139.311, 218.978 -139.115, 218.839 -138.936, 218.732 -138.83, 218.63 -138.738, 218.433 -138.628, 218.241 -138.547, 218.037 -138.499, 217.816 -138.479, 217.614 -138.492, 217.413 -138.535, 217.218 -138.608, 217.054 -138.698, 216.903 -138.809), (216.276 -120, 216.477 -120.06, 216.684 -120.088, 216.893 -120.086, 217.1 -120.053, 217.299 -119.989, 217.487 -119.896, 217.658 -119.776, 217.81 -119.632, 217.939 -119.467, 218.041 -119.285, 218.115 -119.089, 218.16 -118.884, 218.173 -118.676, 218.155 -118.467, 218.106 -118.264, 218.028 -118.07, 217.921 -117.89, 217.789 -117.728, 217.634 -117.587, 217.459 -117.471, 217.27 -117.382, 217.069 -117.323, 216.862 -117.294, 216.653 -117.296, 216.446 -117.33, 216.247 -117.394, 216.06 -117.487, 215.888 -117.607, 215.736 -117.751, 215.608 -117.916, 215.505 -118.098, 215.431 -118.294, 215.387 -118.498, 215.373 -118.707, 215.391 -118.916, 215.44 -119.119, 215.519 -119.313, 215.625 -119.493, 215.758 -119.655, 215.913 -119.796, 216.087 -119.912, 216.276 -120), (214.5963870121246 -106.59052640208951, 216.793 -108.583, 215.887 -107.761, 214.758 -106.737, 214.5963870121246 -106.59052640208951), (215.505 -105.055, 215.271 -105.179, 215.745 -104.932, 215.505 -105.055), (181.192 -56.513, 181.011 -56.573, 180.824 -56.634, 180.82040698868943 -56.63518191161533, 180.48591390156614 -56.745638090539174, 179.878 -56.947, 175.68633863469572 -58.33055199412761, 171.833 -59.603, 183.983 -71.08, 184.262 -71.106, 184.76 -71.202, 185.015 -71.276, 185.487 -71.461, 185.703 -71.569, 186.135 -71.835, 186.347 -71.994, 186.63 -72.24, 190.958 -76.396, 191.21 -76.663, 191.515 -77.057, 191.655 -77.276, 191.884 -77.718, 192.059 -78.184, 192.123 -78.413, 192.206 -78.848, 202.928 -88.977, 203.244 -88.864, 203.442 -88.817, 203.897 -88.741, 204.358 -88.73, 204.561 -88.739, 205.016 -88.813, 205.214 -88.859, 205.407 -88.923, 205.834 -89.098, 206.012 -89.196, 206.4 -89.446, 206.748 -89.749, 206.892 -89.893, 207.022 -90.049, 207.294 -90.422, 207.509 -90.83, 207.591 -91.016, 207.728 -91.456, 207.775 -91.654, 207.803 -91.855, 207.838 -92.315, 207.806 -92.776, 207.778 -92.977, 207.656 -93.443, 207.824 -93.601, 214.628 -91.355, 215.427 -91.091, 214.595 -89.426, 214.44222420795364 -89.11977091793811, 213.65997988826956 -87.55346592179053, 213.578 -87.39, 213.442 -87.117, 210.522 -84.24, 208.13598659098759 -81.88879216086953, 203.69 -77.508, 203.656 -77.447, 203.632 -77.403, 203.62033333333306 -77.38133333333282, 203.613 -77.368, 200.751 -72.178, 191.814 -63.736, 183.397 -55.785, 181.896 -56.28, 181.89 -56.282, 181.872 -56.288, 181.842 -56.298, 181.8 -56.312, 181.67284268884424 -56.353690921690415, 181.5926758733763 -56.38016357674358, 181.471 -56.421, 181.361 -56.457, 181.192 -56.513), (210.631 -92.675, 211.44 -92.408, 214.483 -91.403, 214.6280319525383 -91.35506398193179, 214.628 -91.355, 210.631 -92.675), (210.854 -130.156, 210.974 -130.454, 211.138 -130.73, 211.341 -130.979, 211.579 -131.195, 211.847 -131.373, 212.138 -131.509, 212.446 -131.6, 212.764 -131.645, 213.086 -131.641, 213.403 -131.59, 213.709 -131.491, 213.997 -131.349, 214.26 -131.165, 214.493 -130.944, 214.691 -130.69, 214.848 -130.41, 214.962 -130.11, 215.03 -129.796, 215.051 -129.475, 215.023 -129.155, 214.948 -128.842, 214.827 -128.544, 214.663 -128.268, 214.46 -128.019, 214.222 -127.803, 213.955 -127.625, 213.664 -127.489, 213.356 -127.398, 213.037 -127.353, 212.716 -127.357, 212.399 -127.408, 212.093 -127.507, 211.805 -127.649, 211.541 -127.833, 211.308 -128.054, 211.111 -128.308, 210.953 -128.588, 210.839 -128.888, 210.771 -129.203, 210.751 -129.523, 210.779 -129.843, 210.854 -130.156), (213.9616304819391 -137.29375091955112, 213.812 -137.151, 213.67079203539836 -137.02996460177005, 213.9616304819391 -137.29375091955112), (207.51 -100.671, 207.509 -100.521, 207.485 -100.374, 207.439 -100.232, 207.373 -100.098, 207.287 -99.975, 207.18406771535982 -99.86707100251323, 202.73504946407687 -95.83118221382198, 202.622 -95.744, 202.492 -95.67, 202.352 -95.617, 202.206 -95.586, 202.057 -95.576, 201.908 -95.589, 201.763 -95.624, 201.624 -95.68, 201.496 -95.756, 201.38 -95.851, 201.28 -95.961, 201.197 -96.086, 201.133 -96.221, 201.091 -96.365, 201.07 -96.513, 201.072 -96.662, 201.096 -96.81, 201.142 -96.952, 201.208 -97.086, 201.294 -97.208, 201.396 -97.317, 205.84 -101.348, 205.958 -101.44, 206.089 -101.513, 206.228 -101.566, 206.374 -101.598, 206.524 -101.607, 206.672 -101.594, 206.818 -101.56, 206.956 -101.503, 207.085 -101.427, 207.201 -101.333, 207.301 -101.222, 207.384 -101.098, 207.447 -100.962, 207.49 -100.819, 207.51 -100.671), (205.62 -92.1, 205.571 -91.897, 205.492 -91.703, 205.385 -91.523, 205.253 -91.361, 205.098 -91.22, 204.924 -91.104, 204.734 -91.015, 204.534 -90.956, 204.327 -90.927, 204.117 -90.93, 203.911 -90.963, 203.712 -91.027, 203.524 -91.12, 203.352 -91.24, 203.201 -91.384, 203.072 -91.549, 202.97 -91.731, 202.895 -91.927, 202.851 -92.131, 202.838 -92.34, 202.856 -92.549, 202.905 -92.752, 202.983 -92.946, 203.09 -93.126, 203.222 -93.288, 203.377 -93.429, 203.551 -93.545, 203.741 -93.633, 203.941 -93.693, 204.149 -93.722, 204.358 -93.719, 204.564 -93.686, 204.764 -93.622, 204.951 -93.529, 205.123 -93.409, 205.275 -93.265, 205.403 -93.1, 205.506 -92.918, 205.58 -92.722, 205.624 -92.517, 205.638 -92.309, 205.62 -92.1), (202.4676088561111 -126.86773431736361, 204.17120930231823 -128.4130697674352, 203.704 -127.989, 202.318 -126.732, 202.4676088561111 -126.86773431736361), (203.079 -118.754, 202.979 -119.005, 203.278 -118.273, 203.179 -118.51, 203.079 -118.754), (202.26638333332454 -126.68516666665869, 202.253 -126.673, 202.231 -126.653, 202.2309967459331 -126.65305936586117, 202.26638333332454 -126.68516666665869), (185.989 -100.892, 185.8107142857309 -100.73042857144362, 186.733 -101.567, 190.415 -104.907, 192.662 -106.945, 186.546 -101.397, 186.266 -101.143, 185.989 -100.892), (186.716 -101.569, 186.70115789473866 -101.57089473684188, 186.733 -101.567, 186.716 -101.569), (195.874472610119 -109.85964661656162, 197.1071318155837 -110.97787284083151, 197.224 -111.068, 197.354 -111.142, 197.494 -111.195, 197.64 -111.226, 197.789 -111.236, 197.938 -111.223, 198.083 -111.188, 198.222 -111.132, 198.35 -111.056, 198.466 -110.961, 198.567 -110.851, 198.649 -110.726, 198.713 -110.591, 198.755 -110.448, 198.776 -110.299, 198.774 -110.15, 198.75 -110.002, 198.705 -109.86, 198.638 -109.726, 198.553 -109.604, 198.45 -109.495, 194.006 -105.464, 193.888 -105.372, 193.758 -105.299, 193.618 -105.246, 193.472 -105.214, 193.323 -105.205, 193.174 -105.218, 193.028 -105.252, 192.89 -105.309, 192.761 -105.385, 192.646 -105.479, 192.545 -105.59, 192.462 -105.714, 192.399 -105.85, 192.357 -105.993, 192.336 -106.141, 192.338 -106.291, 192.362 -106.438, 192.407 -106.58, 192.474 -106.714, 192.559 -106.837, 192.662 -106.945, 195.874472610119 -109.85964661656162), (194.38262395545044 -88.25435097494731, 194.748 -88.586, 194.95702251718146 -88.7754117089333, 194.38262395545044 -88.25435097494731), (189.28786971830854 -87.21406338028238, 189.0589645704164 -87.33633569530551, 188.7602612612607 -87.55006306306348, 188.60663203925952 -87.6619829940236, 188.20474130724082 -88.04538480616736, 183.499 -93.233, 183.15202243183072 -93.67559354576137, 183.07372131147503 -93.8090163934433, 182.87451555768314 -94.15430636668255, 182.78453333333326 -94.36966666666686, 182.66280991735533 -94.67397520661166, 182.6002236779039 -94.91216312509947, 182.52749120388242 -95.21340583466608, 182.49695771719033 -95.46507578558268, 182.4680368882503 -95.775019763657, 182.47207843137255 -96.02065577342049, 182.48660319177714 -96.32728960418363, 182.52824914074944 -96.59550934696955, 182.58325763787857 -96.87812180928442, 182.65841344195522 -97.13056822810603, 182.75511268418543 -97.409806681605, 182.8688381100931 -97.6593012283099, 182.9978987957214 -97.90904843294182, 183.14112683783202 -98.13615317094596, 183.31769027822185 -98.38291653341848, 183.47785906998885 -98.57257816219644, 183.61596849297698 -98.71734768426269, 183.62876554270417 -98.73076185060108, 183.67353035844812 -98.76124725676594, 184.0129624582323 -98.98701631396185, 184.17929511512128 -99.07037741132542, 184.46611424486153 -99.20499442359251, 184.65346881937435 -99.26841311806257, 184.95048910531526 -99.35598085176625, 185.14050980392165 -99.39244537815128, 185.44738496774792 -99.43509984107693, 185.6526201811126 -99.44585640362224, 185.93698894580749 -99.44313777298463, 186.1695140478668 -99.42355671175858, 186.42932603938712 -99.38134354485781, 186.6618910751933 -99.3294406184118, 186.92252457226078 -99.24570294867124, 187.12941085035038 -99.16904419384339, 187.40292391304382 -99.03345652173894, 187.57341239010415 -98.94193539153554, 187.87061907770087 -98.73409854706232, 188.004 -98.637, 188.348 -98.306, 193.723 -92.381, 194.019 -92.006, 194.1026884656086 -91.86386793650772, 194.28032334454525 -91.54868698399754, 194.35320831843634 -91.37400071505198, 194.46492788855505 -91.07869871619768, 194.515004475875 -90.88947489034119, 194.57901854108636 -90.59477950905294, 194.60539319393195 -90.37923493234926, 194.62343002221516 -90.09392510314181, 194.6207865535248 -89.88332876414266, 194.59477876106197 -89.58221632251731, 194.5643947267864 -89.38303209782185, 194.4938159513981 -89.08856819066905, 194.4368349318734 -88.89525480591122, 194.326400291687 -88.62198541565405, 194.23673126022913 -88.4239852700491, 194.08672367101306 -88.17116349047144, 193.9794256694072 -87.9998259701206, 193.730729531141 -87.69553009097314, 193.68795220296545 -87.64439237292613, 193.51238677771988 -87.50675533576259, 193.3101145038169 -87.36741221374052, 193.04564536741208 -87.21483386581467, 192.81108333333333 -87.09683333333334, 192.54215068493139 -86.98926027397256, 192.2890000000001 -86.90227027027031, 191.99545253233927 -86.83139574654678, 191.746995092851 -86.7828146829597, 191.43187090267287 -86.75341048915786, 191.23896618592886 -86.74281132889719, 191.19005313736565 -86.74012379875636, 191.02767627755924 -86.74781533422087, 190.8838293673827 -86.75462913522924, 190.6282087855297 -86.7752285960379, 190.3166328828827 -86.83576651651656, 190.08441444174764 -86.88708070388348, 189.7897570532911 -86.98930877742963, 189.55019731693693 -87.07850158375253, 189.28786971830854 -87.21406338028238), (193.384 -122.963, 193.387 -123.041, 193.39 -123.033, 193.387 -122.957, 193.377 -122.881, 193.362 -122.807, 193.358 -122.808, 193.375 -122.885, 193.384 -122.963), (192.027 -124.545, 192.02091306286374 -124.53803566651979, 192.03303383140548 -124.55200479278108, 192.027 -124.545), (191.71221870551526 -124.18226693460302, 191.629 -124.086, 191.25301513306562 -123.65303707091093, 191.71221870551526 -124.18226693460302), (188.276 -107.836, 188.147 -108.001, 188.045 -108.184, 187.971 -108.379, 187.926 -108.584, 187.913 -108.793, 187.931 -109.001, 187.98 -109.204, 188.059 -109.398, 188.165 -109.578, 188.298 -109.74, 188.452 -109.881, 188.627 -109.997, 188.816 -110.086, 189.017 -110.145, 189.224 -110.174, 189.433 -110.172, 189.64 -110.138, 189.839 -110.074, 190.027 -109.981, 190.198 -109.861, 190.35 -109.717, 190.479 -109.552, 190.581 -109.37, 190.655 -109.174, 190.7 -108.97, 190.713 -108.761, 190.695 -108.553, 190.646 -108.349, 190.567 -108.155, 190.461 -107.975, 190.329 -107.813, 190.174 -107.672, 189.999 -107.557, 189.81 -107.468, 189.609 -107.408, 189.402 -107.38, 189.193 -107.382, 188.986 -107.415, 188.787 -107.479, 188.599 -107.572, 188.428 -107.692, 188.276 -107.836), (190.336 -105.097, 190.355 -105.035, 190.268 -105.307, 190.312 -105.17, 190.336 -105.097), (189.209 -105.188, 189.323 -105.185, 189.433 -105.182, 189.11219452054803 -105.18965479452055, 189.209 -105.188), (189.485 -105.185, 189.536 -105.187, 189.587 -105.189, 189.636 -105.191, 189.433 -105.182, 189.485 -105.185), (188.51 -80.388, 188.4271428571434 -80.4748571428566, 188.77 -80.118, 188.51 -80.388), (188.498 -80.363, 188.432 -80.392, 188.51 -80.388, 188.498 -80.363), (188.777 -80.125, 188.869 -80.014, 188.945 -79.891, 189.002 -79.759, 189.04 -79.62, 189.057 -79.477, 189.054 -79.333, 189.031 -79.19, 188.988 -79.053, 188.925 -78.923, 188.845 -78.803, 188.748 -78.696, 188.741 -78.704, 184.413 -74.548, 184.421 -74.541, 184.31 -74.448, 184.187 -74.373, 184.055 -74.316, 183.916 -74.278, 183.772 -74.26, 183.628 -74.263, 183.486 -74.287, 183.349 -74.33, 183.219 -74.393, 183.099 -74.473, 182.992 -74.569, 183 -74.577, 182.825 -74.803, 182.756 -74.968, 182.73 -75.074, 182.712 -75.218, 182.711 -75.286, 182.719 -75.401, 182.733 -75.48, 182.751 -75.55, 182.796 -75.675, 182.856 -75.792, 182.932 -75.9, 183.021 -75.998, 183.028 -75.99, 187.356 -80.146, 187.349 -80.154, 187.46 -80.246, 187.582 -80.321, 187.715 -80.378, 187.807 -80.406, 187.8 -80.435, 187.861 -80.449, 187.867 -80.419, 187.942 -80.43, 188.047 -80.435, 188.19 -80.425, 188.324 -80.397, 188.421 -80.364, 188.485 -80.336, 188.55 -80.302, 188.77 -80.118, 188.777 -80.125), (188.861 -105.212, 188.972 -105.193, 188.72500000000062 -105.2347999999999, 188.748 -105.231, 188.861 -105.212), (188.243 -105.345, 188.319 -105.317, 188.11523529411565 -105.39182352941249, 188.167 -105.373, 188.243 -105.345), (187.877 -81.047, 187.7765573770517 -81.1520081967187, 188.26448818897418 -80.64415354330937, 188.227 -80.683, 188.047 -80.87, 187.877 -81.047), (188.014 -105.429, 188.01590000000874 -105.42829999999678, 187.886 -105.476, 188.014 -105.429), (186.53721282798787 -101.59094752186594, 186.63216666666568 -101.57933333333345, 186.584 -101.585, 186.53721282798787 -101.59094752186594), (186.082 -101.643, 186.07197333333303 -101.64364000000002, 186.128 -101.641, 186.082 -101.643), (186.39268750000102 -101.60862499999988, 186.313 -101.618, 186.128 -101.641, 186.39268750000102 -101.60862499999988), (185.577 -117.086, 185.578 -117.078, 185.5760000000002 -117.09299999999851, 185.577 -117.086), (185.069 -100.057, 184.82199684542798 -99.83359936908708, 185.42148068668612 -100.37736909870415, 185.069 -100.057), (185.18615384615418 -101.61887179487184, 185.2038730853391 -101.62062582056892, 185.198 -101.62, 185.18615384615418 -101.61887179487184), (184.3249704797058 -101.46605904059065, 184.5050235849051 -101.51004716981119, 184.404 -101.485, 184.3249704797058 -101.46605904059065), (183.69 -101.266, 183.679 -101.261, 183.667 -101.256, 183.644 -101.247, 183.512 -101.193, 183.69 -101.266), (184.161 -101.426, 184.044 -101.386, 183.926 -101.346, 183.808 -101.306, 183.69 -101.266, 184.161 -101.426), (183.152 -101.018, 183.064 -100.978, 183.2569837251369 -101.06750452079626, 183.152 -101.018), (181.5949689150446 -56.379393994265854, 181.66887074829998 -56.35499319727869, 181.617 -56.372, 181.5949689150446 -56.379393994265854), (180.54082035157825 -56.727451193368914, 180.78449167733243 -56.64699615877223, 180.672 -56.684, 180.54082035157825 -56.727451193368914), (180.359 -97.787, 180.2624562211982 -97.45295852534576, 180.301 -97.604, 180.359 -97.787), (179.899 -54.486, 179.8800909090909 -54.49072727272727, 179.916 -54.483, 179.899 -54.486), (179.859 -54.495, 179.837 -54.5, 179.87649999999994 -54.49150000000001, 179.859 -54.495), (178.78091215199225 -90.51892786035087, 178.81576527089967 -90.48263589974417, 178.798 -90.501, 178.76933052527184 -90.53098761149728, 178.78091215199225 -90.51892786035087), (177.659 -90.244, 173.331 -86.088, 173.338 -86.081, 173.227 -85.989, 173.105 -85.913, 172.972 -85.856, 172.88 -85.829, 172.887 -85.799, 172.826 -85.786, 172.82 -85.816, 172.745 -85.805, 172.64 -85.799, 172.497 -85.809, 172.363 -85.838, 172.266 -85.87, 172.202 -85.899, 172.137 -85.933, 171.917 -86.117, 171.91 -86.11, 171.818 -86.221, 171.742 -86.344, 171.685 -86.476, 171.647 -86.615, 171.63 -86.758, 171.633 -86.902, 171.656 -87.044, 171.699 -87.182, 171.762 -87.312, 171.842 -87.431, 171.939 -87.538, 171.946 -87.531, 176.274 -91.687, 176.267 -91.694, 176.377 -91.786, 176.5 -91.862, 176.632 -91.919, 176.772 -91.957, 176.915 -91.974, 177.059 -91.971, 177.201 -91.948, 177.338 -91.905, 177.468 -91.842, 177.588 -91.762, 177.695 -91.665, 177.687 -91.658, 177.862 -91.432, 177.931 -91.266, 177.957 -91.16, 177.975 -91.017, 177.976 -90.949, 177.968 -90.833, 177.954 -90.754, 177.936 -90.684, 177.891 -90.56, 177.831 -90.443, 177.755 -90.334, 177.666 -90.237, 177.659 -90.244), (177.172 -95.159, 177.051 -95.157, 176.798 -95.154, 176.665 -95.153, 177.172 -95.159), (177.676 -95.103, 177.556 -95.116, 177.304 -95.144, 177.172 -95.159, 177.676 -95.103), (176.044 -95.055, 175.947733826248 -95.0305323475047, 176.162 -95.086, 176.044 -95.055), (131.949 -9.011, 131.823 -9.053, 131.67 -9.103, 130.977 -9.332, 126.228 -10.9, 162.219 -44.899, 166.875 -43.362, 166.932 -43.343, 167.085 -43.292, 167.289 -43.225, 167.486 -43.16, 167.673 -43.098, 167.812 -43.052, 167.913 -43.019, 168.045 -42.975, 168.128 -42.948, 168.156 -42.939, 172.997 -41.34, 173.783 -41.081, 146.041 -14.874, 136.261 -10.066, 134.024 -8.326, 132.894 -8.699, 132.872 -8.707, 132.806 -8.728, 132.706 -8.761, 132.597 -8.797, 132.491 -8.832, 132.309 -8.892, 132.194 -8.93, 132.073 -8.97, 131.949 -9.011), (172.50776923077277 -85.50210769230401, 172.42251181102085 -85.59084645669577, 172.46 -85.552, 172.50776923077277 -85.50210769230401), (172.17738738096782 -85.84598013430934, 172.1771226993865 -85.84625562372189, 172.189 -85.871, 172.255 -85.842, 172.17738738096782 -85.84598013430934), (171.512 -57.065, 171.501 -57.034, 171.529 -57.129, 171.521 -57.097, 171.512 -57.065), (171.392 -56.723, 171.379 -56.691, 171.416 -56.787, 171.405 -56.755, 171.392 -56.723), (171.135 -56.156, 171.112 -56.117, 171.175 -56.237, 171.156 -56.196, 171.135 -56.156), (170.78 -55.578, 170.856 -55.69, 170.832 -55.651, 170.807 -55.614, 170.78 -55.578), (170.427 -55.127, 170.402 -55.099, 170.475 -55.184, 170.452 -55.155, 170.427 -55.127), (170.124 -54.805, 170.111 -54.792, 170.15 -54.832, 170.137 -54.818, 170.124 -54.805), (167.9668699228802 -88.14059537275153, 168.266 -88.406, 169.231 -89.258, 167.9668699228802 -88.14059537275153), (169.305 -89.361, 169.021 -88.94, 169.231 -89.258, 169.305 -89.361), (169.02568692408943 -84.68085739359381, 169.126 -84.514, 169.204 -84.395, 169.071 -84.597, 169.02568692408943 -84.68085739359381), (168.689 -85.403, 168.83 -85.043, 168.645 -85.515, 168.518 -86.006, 168.612 -85.644, 168.689 -85.403), (168.554 -87.78, 168.488 -87.399, 168.46030882352943 -87.14977941176475, 168.467 -87.28, 168.554 -87.78), (160.495 -54.7, 160.674 -54.513, 160.826 -54.355, 161.016 -54.157, 161.361 -53.797, 160.2521796809385 -54.95174601175679, 160.338 -54.863, 160.495 -54.7), (161.186 -54.024, 161.118 -54.189, 161.091 -54.295, 161.074 -54.438, 161.072 -54.507, 161.081 -54.622, 161.095 -54.701, 161.112 -54.771, 161.157 -54.895, 161.218 -55.013, 161.294 -55.121, 161.383 -55.218, 161.39 -55.211, 165.717 -59.367, 165.71 -59.374, 165.821 -59.466, 165.944 -59.542, 166.076 -59.599, 166.168 -59.627, 166.161 -59.656, 166.223 -59.669, 166.229 -59.639, 166.304 -59.65, 166.409 -59.656, 166.552 -59.646, 166.686 -59.618, 166.782 -59.585, 166.847 -59.557, 166.912 -59.522, 167.131 -59.338, 167.139 -59.345, 167.231 -59.235, 167.306 -59.112, 167.364 -58.979, 167.401 -58.84, 167.419 -58.697, 167.416 -58.553, 167.393 -58.411, 167.349 -58.274, 167.287 -58.144, 167.206 -58.024, 167.11 -57.917, 167.103 -57.924, 162.775 -53.769, 162.782 -53.761, 162.671 -53.669, 162.549 -53.594, 162.416 -53.536, 162.277 -53.499, 162.134 -53.481, 161.99 -53.484, 161.848 -53.507, 161.71 -53.551, 161.58 -53.613, 161.461 -53.694, 161.354 -53.79, 161.361 -53.797, 161.186 -54.024), (165.769 -50.623, 165.76199999999992 -50.61699999999993, 165.783 -50.636, 165.769 -50.623), (165.458 -50.353, 165.429 -50.328, 165.399 -50.305, 165.369 -50.282, 165.458 -50.353), (164.955 -49.989, 164.917 -49.964, 164.878 -49.939, 164.838 -49.917, 164.955 -49.989), (164.391 -49.676, 164.36 -49.66, 164.329 -49.645, 164.297 -49.63, 164.391 -49.676), (164.052 -49.526, 164.031 -49.517, 164.01 -49.509, 163.988 -49.501, 164.052 -49.526), (163.76 -49.42, 163.728 -49.409, 163.696 -49.399, 163.663 -49.39, 163.76 -49.42), (163.172 -49.263, 163.138 -49.255, 163.104 -49.248, 163.069 -49.242, 163.172 -49.263), (162.83247868274267 -95.37797294913132, 162.40674418604334 -95.6140232558157, 162.516 -95.554, 162.678 -95.464, 162.83247868274267 -95.37797294913132), (162.807 -49.199, 162.715 -49.129, 162.69 -49.186, 162.807 -49.199), (161.209 -94.546, 161.113 -94.599, 161.027 -94.647, 161.2203704735362 -94.53976810585036, 161.209 -94.546), (161.316 -94.91, 161.61 -95.177, 162.212 -95.722, 161.027 -94.647, 161.316 -94.91), (161.3788352831078 -94.45189284043015, 161.67133397460233 -94.28969026548855, 161.531 -94.367, 161.423 -94.427, 161.3788352831078 -94.45189284043015), (159.60081313526013 -92.6228397185311, 159.23351450189253 -92.82651702395911, 159.329 -92.774, 159.486 -92.687, 159.60081313526013 -92.6228397185311), (158.793 -92.621, 159.101 -92.9, 157.916 -91.825, 158.201 -92.084, 158.493 -92.349, 158.793 -92.621), (158.51010389609823 -91.49558441558754, 158.484 -91.51, 158.46807407407698 -91.51888888888728, 158.51010389609823 -91.49558441558754), (158.26807159904615 -91.6297852028635, 158.184 -91.676, 158.12074688796702 -91.71147302904552, 158.26807159904615 -91.6297852028635), (156.916 -69.976, 156.88846789838382 -70.00476258660461, 157.15782031905852 -69.7242539882463, 157.072 -69.813, 156.916 -69.976), (156.2510298210755 -89.93350695824944, 156.316 -89.898, 156.473 -89.811, 156.644 -89.716, 156.821 -89.618, 156.2510298210755 -89.93350695824944), (156.584 -70.321, 156.44835135135278 -70.46310810810662, 156.6802484308568 -70.22160619558578, 156.584 -70.321), (154.635 -70.907, 154.628 -70.915, 154.739 -71.007, 154.862 -71.082, 154.994 -71.14, 155.133 -71.177, 155.276 -71.195, 155.42 -71.192, 155.562 -71.169, 155.7 -71.125, 155.83 -71.063, 155.949 -70.982, 156.056 -70.886, 156.049 -70.879, 156.224 -70.652, 156.292 -70.487, 156.319 -70.381, 156.337 -70.238, 156.338 -70.169, 156.329 -70.054, 156.316 -69.975, 156.298 -69.905, 156.253 -69.781, 156.192 -69.663, 156.117 -69.555, 156.028 -69.458, 156.02 -69.465, 151.693 -65.309, 151.7 -65.302, 151.589 -65.21, 151.466 -65.134, 151.334 -65.077, 151.242 -65.049, 151.249 -65.02, 151.187 -65.007, 151.182 -65.037, 151.106 -65.026, 151.001 -65.02, 150.858 -65.03, 150.725 -65.058, 150.628 -65.091, 150.564 -65.119, 150.498 -65.154, 150.279 -65.338, 150.272 -65.331, 150.179 -65.441, 150.104 -65.564, 150.047 -65.697, 150.009 -65.836, 149.991 -65.979, 149.994 -66.123, 150.018 -66.265, 150.061 -66.402, 150.124 -66.532, 150.204 -66.652, 150.3 -66.759, 150.308 -66.752, 154.635 -70.907), (156.1279525691685 -90.00163636363718, 155.99 -90.078, 156.056 -90.042, 156.1279525691685 -90.00163636363718), (155.23159999999498 -89.38999999999545, 155.357 -89.504, 155.663 -89.782, 155.99 -90.078, 155.23159999999498 -89.38999999999545), (155.35861622013425 -88.69605141201811, 155.39682236841924 -88.67486828399223, 155.382 -88.683, 155.35861622013425 -88.69605141201811), (154.615 -87.633, 154.591 -87.581, 154.568 -87.528, 154.545 -87.476, 154.523 -87.423, 154.603 -87.617, 154.615 -87.633), (150.98634445515907 -79.30921851494698, 148.784 -79.586, 150.984 -79.31, 150.98634445515907 -79.30921851494698), (150.617 -65.063, 150.53923348873076 -65.06698802621892, 150.53907398530112 -65.06715413604401, 150.551 -65.092, 150.617 -65.063), (146.536 -72.112, 146.53 -72.105, 146.03489736759798 -71.5344261913316, 146.536 -72.112), (146.4673307469818 -72.03286196584408, 150.081 -76.198, 146.536 -72.112, 146.4673307469818 -72.03286196584408), (149.429 -82.681, 149.432 -82.679, 149.339 -82.474, 149.362 -82.526, 149.384 -82.578, 149.407 -82.63, 149.429 -82.681), (145.57928704187057 -75.89246779420908, 145.57927139252314 -75.89248504246812, 146.375 -76.81, 145.57928704187057 -75.89246779420908), (139.723 -33.018, 139.548 -33.244, 139.48 -33.41, 139.453 -33.516, 139.435 -33.659, 139.434 -33.727, 139.443 -33.843, 139.456 -33.922, 139.474 -33.992, 139.519 -34.116, 139.58 -34.233, 139.655 -34.342, 139.744 -34.439, 139.751 -34.432, 144.079 -38.588, 144.072 -38.595, 144.183 -38.687, 144.306 -38.763, 144.438 -38.82, 144.53 -38.847, 144.523 -38.877, 144.585 -38.89, 144.59 -38.86, 144.666 -38.871, 144.771 -38.877, 144.914 -38.867, 145.047 -38.838, 145.144 -38.806, 145.208 -38.777, 145.274 -38.743, 145.493 -38.559, 145.5 -38.566, 145.593 -38.455, 145.668 -38.332, 145.725 -38.2, 145.763 -38.061, 145.781 -37.918, 145.778 -37.774, 145.754 -37.632, 145.711 -37.494, 145.648 -37.364, 145.568 -37.245, 145.471 -37.138, 145.464 -37.145, 141.137 -32.989, 141.144 -32.982, 141.033 -32.89, 140.91 -32.814, 140.778 -32.757, 140.639 -32.719, 140.496 -32.702, 140.352 -32.705, 140.209 -32.728, 140.072 -32.771, 139.942 -32.834, 139.822 -32.914, 139.715 -33.011, 139.723 -33.018), (145.221 -38.805, 145.155 -38.834, 145.23261261903218 -38.83001986569066, 145.2328773006135 -38.829744376278114, 145.221 -38.805), (144.98748818897778 -39.08515354330563, 144.95 -39.124, 144.90223076922965 -39.17389230769348, 144.98748818897778 -39.08515354330563), (138.62031309720408 -34.166209138588776, 138.59423472910356 -34.1933641002525, 138.612 -34.175, 138.62031309720408 -34.166209138588776), (134.997 -57.897, 135 -57.895, 134.976 -57.873, 134.744 -58.278, 134.651 -58.413, 135.02143394715964 -58.84024419535849, 135.24050627871947 -59.09274823890411, 134.653 -58.415, 134.687 -58.372, 134.719 -58.327, 134.747 -58.28, 134.976 -57.878, 134.997 -57.897), (135.23329443447594 -49.24241472171774, 135.098 -49.383, 135.0173039092046 -49.467412358134666, 135.23329443447594 -49.24241472171774), (129.046 -44.136, 129.183 -43.993, 129.363 -43.806, 129.533 -43.629, 129.688 -43.468, 129.84 -43.309, 128.64 -44.558, 128.9 -44.288, 129.046 -44.136), (128.633 -44.551, 128.541 -44.662, 128.466 -44.785, 128.408 -44.917, 128.371 -45.056, 128.353 -45.199, 128.356 -45.343, 128.379 -45.486, 128.423 -45.623, 128.485 -45.753, 128.565 -45.873, 128.662 -45.98, 128.669 -45.972, 132.997 -50.128, 132.99 -50.135, 133.101 -50.228, 133.223 -50.303, 133.356 -50.36, 133.495 -50.398, 133.638 -50.416, 133.782 -50.413, 133.924 -50.389, 134.062 -50.346, 134.191 -50.283, 134.311 -50.203, 134.418 -50.107, 134.411 -50.099, 134.586 -49.873, 134.654 -49.708, 134.681 -49.602, 134.698 -49.458, 134.699 -49.39, 134.691 -49.275, 134.677 -49.196, 134.66 -49.126, 134.615 -49.001, 134.554 -48.884, 134.478 -48.776, 134.389 -48.678, 134.382 -48.686, 130.054 -44.53, 130.061 -44.522, 129.951 -44.43, 129.828 -44.355, 129.696 -44.298, 129.603 -44.27, 129.611 -44.241, 129.549 -44.227, 129.543 -44.257, 129.468 -44.246, 129.363 -44.241, 129.22 -44.251, 129.086 -44.279, 128.99 -44.312, 128.925 -44.34, 128.86 -44.374, 128.64 -44.558, 128.633 -44.551), (128.912 -44.313, 128.978 -44.284, 128.9 -44.288, 128.912 -44.313), (133.00374736841997 23.939957894737617, 133.436 23.635, 133.266 23.755, 133.089 23.88, 133.00374736841997 23.939957894737617), (133.3442731317883 22.618712541061925, 133.351 22.692, 133.3609641693814 22.80527687296746, 133.34407590001686 22.61853158672501, 133.3442731317883 22.618712541061925), (132.7156966824637 24.143180094787265, 132.87829473684303 24.028465789473028, 132.799 24.085, 132.7156966824637 24.143180094787265), (132.48852903225728 22.095458064515768, 132.638 22.164, 132.71612987013134 22.20057142857211, 132.48852903225728 22.095458064515768), (132.362 24.241, 132.32926708074507 24.225689440993655, 132.492 24.301, 132.362 24.241), (132.26406709988677 22.01498606803525, 132.26416430429921 22.0149732390265, 131.78922252010818 22.349545576406836, 131.869 22.293, 131.977 22.217, 132.103 22.128, 132.26406709988677 22.01498606803525), (131.6302404870616 22.46154033485596, 131.34 22.666, 131.509 22.546, 131.6302404870616 22.46154033485596), (131.41300392156927 23.47325490196807, 131.444 23.816, 131.425 23.609, 131.41300392156927 23.47325490196807), (123.681 -7.581, 122.26 -8.044, 127.737 -6.26, 127.693 -6.274, 123.681 -7.581), (126.28 14.996, 126.404 15.173, 126.533 15.355, 126.609 15.464, 126.698 15.59, 126.825 15.771, 126.16 14.827, 126.28 14.996), (126.72055693069211 15.996683168318922, 126.708 16.024, 126.6678873239457 16.110492957742075, 126.72055693069211 15.996683168318922), (126.583 16.295, 126.51584317032032 16.43903372681299, 126.6383968804161 16.1742166377813, 126.583 16.295), (126.4987561374796 16.475955810147163, 126.434 16.617, 126.34 16.819, 126.4987561374796 16.475955810147163), (126.25238799486623 29.779785961101798, 126.182 29.932, 126.15989473684202 29.979631578947544, 126.25238634124095 29.77977343171028, 126.25238799486623 29.779785961101798), (125.90058332016703 30.53995810405146, 126.06561963190128 30.18334355828341, 126.011 30.302, 125.959 30.415, 125.9009705658589 30.539535077763496, 125.90058332016703 30.53995810405146), (125.654 14.872, 125.787 14.86, 125.9209147609148 14.848621621621618, 125.47129943502851 14.889282485875682, 125.654 14.872), (125.64498197083317 30.819176420165874, 125.571 30.826, 125.42113680781752 30.839182410423458, 125.64521890415965 30.818917594754257, 125.64498197083317 30.819176420165874), (125.14195924175434 14.918887799066027, 125.217 14.912, 125.35274509803862 14.90000392156868, 125.14178109584036 14.91908240524574, 125.14195924175434 14.918887799066027), (124.72138036809612 15.55465644172221, 124.776 15.436, 124.79801759134038 15.38905683355729, 124.72138036809612 15.55465644172221), (124.53461200513378 15.958214038898218, 124.605 15.806, 124.62710526315946 15.758368421049251, 124.53461365875906 15.958226568289723, 124.53461200513378 15.958214038898218), (124.178 30.274, 124.089 30.148, 123.962 29.967, 124.4872372881362 30.712600000000872, 124.383 30.565, 124.255 30.383, 124.178 30.274), (124.204 29.443, 124.27115682967987 29.298966273186586, 124.14860311958378 29.563783362218977, 124.204 29.443), (118.077 -12.231, 118.084 -12.239, 117.909 -12.465, 117.841 -12.63, 117.814 -12.736, 117.797 -12.88, 117.796 -12.948, 117.804 -13.063, 117.818 -13.142, 117.835 -13.212, 117.88 -13.337, 117.941 -13.454, 118.017 -13.562, 118.106 -13.66, 118.113 -13.652, 122.441 -17.808, 122.434 -17.816, 122.544 -17.908, 122.667 -17.983, 122.8 -18.04, 122.892 -18.068, 122.884 -18.097, 122.946 -18.111, 122.952 -18.081, 123.027 -18.092, 123.132 -18.097, 123.275 -18.087, 123.409 -18.059, 123.505 -18.026, 123.57 -17.998, 123.635 -17.964, 123.855 -17.78, 123.862 -17.787, 123.954 -17.676, 124.03 -17.553, 124.087 -17.421, 124.125 -17.282, 124.142 -17.139, 124.139 -16.995, 124.116 -16.852, 124.073 -16.715, 124.01 -16.585, 123.93 -16.465, 123.833 -16.358, 123.826 -16.366, 119.498 -12.21, 119.505 -12.203, 119.395 -12.11, 119.272 -12.035, 119.139 -11.978, 119 -11.94, 118.857 -11.922, 118.713 -11.925, 118.571 -11.949, 118.434 -11.992, 118.304 -12.055, 118.184 -12.135, 118.077 -12.231), (123.595 -18.05, 123.449 -18.202, 123.312 -18.345, 123.132 -18.532, 122.962 -18.709, 122.86155737705018 -18.81400819672027, 123.855 -17.78, 123.595 -18.05), (123.583 -18.025, 123.517 -18.054, 123.595 -18.05, 123.583 -18.025), (124.1191126760568 29.627507042252525, 124.06644306930627 29.741316831684582, 124.079 29.714, 124.1191126760568 29.627507042252525), (117.345 -43.229, 121.157 -41.115, 116.888 -43.482, 117.342 -43.231, 117.345 -43.229), (116.197 -42.133, 116.19580234833663 -42.13379843444225, 120.254 -39.884, 116.197 -42.133), (118.919 23.445, 118.81 23.521, 118.684 23.61, 118.52367745811252 23.72249150729122, 118.52357632387992 23.72250502608035, 119.447 23.072, 119.278 23.192, 119.101 23.316, 118.919 23.445), (119.343 21.922, 119.362 22.129, 119.37399607843115 22.264745098036713, 119.343 21.922), (118.62119867549633 21.5879602649005, 118.687 21.618, 118.74664853556494 21.646016736401716, 118.62119867549633 21.5879602649005), (114.33090543071161 -40.35336485642946, 114.332 -40.353, 118.605 -37.983, 114.33090543071161 -40.35336485642946), (118.295 21.437, 118.425 21.497, 118.45773291925474 21.512310559006252, 118.295 21.437), (117.72295310349911 23.376386770198547, 117.72211349736718 23.375616456319733, 117.89590614886822 23.456045307443784, 117.848 23.434, 117.72295310349911 23.376386770198547), (117.397 -12.955, 117.47769609079482 -12.87058764186595, 117.26170556552978 -13.09558527827632, 117.397 -12.955), (111.35400556514507 -37.45698155516698, 111.35398141384496 -37.45715248567742, 115.941 -34.913, 111.35400556514507 -37.45698155516698), (113.90076527090048 -28.144635899743314, 113.883 -28.163, 113.85433052527102 -28.192987611498125, 113.90076527090048 -28.144635899743314), (111.351 -29.356, 111.462 -29.448, 111.585 -29.524, 111.717 -29.581, 111.856 -29.619, 111.999 -29.636, 112.144 -29.633, 112.286 -29.61, 112.423 -29.567, 112.553 -29.504, 112.673 -29.424, 112.78 -29.327, 112.772 -29.32, 112.947 -29.094, 113.015 -28.928, 113.042 -28.822, 113.06 -28.679, 113.061 -28.611, 113.053 -28.495, 113.039 -28.416, 113.021 -28.346, 112.976 -28.222, 112.915 -28.105, 112.84 -27.996, 112.751 -27.899, 112.744 -27.906, 110.12118448759695 -25.387418375797807, 110.63099569990291 -28.65072639907476, 111.358 -29.349, 111.351 -29.356), (93.521 -85.852, 93.543 -85.872, 94.393 -86.634, 97.338 -89.276, 97.954 -89.829, 106.884 -52.725, 106.24372163182466 -42.705334485935374, 99.76261997923349 -36.516548824410236, 88.888 -81.697, 92.538 -84.971, 92.583 -85.011, 92.703 -85.118, 92.863 -85.262, 93.017 -85.401, 93.164 -85.532, 93.273 -85.63, 93.352 -85.701, 93.456 -85.794, 93.521 -85.852), (104.86885665529027 38.22362457337979, 104.903 38.406, 104.927 38.537, 104.955 38.688, 104.995 38.906, 104.86885665529027 38.22362457337979), (104.823 37.974, 104.8530281690137 38.13799999999793, 104.8091436362603 37.900605575198604, 104.80935893576569 37.90076902358426, 104.823 37.974), (104.378 37.625, 104.50707396068925 37.67128409701483, 104.50735454819862 37.67149710993077, 104.29539999999984 37.59629999999995, 104.378 37.625), (104.28719101123481 39.509127340824946, 104.285 39.511, 104.116 39.655, 104.28719101123481 39.509127340824946), (104.065 37.514, 104.19821348314545 37.561820224718886, 103.96472774869139 37.47898429319382, 104.065 37.514), (103.402 39.402, 103.29024701195053 39.36203984063686, 103.572 39.462, 103.402 39.402), (103.90466187050325 39.580021582733686, 103.853 39.562, 103.71 39.511, 103.572 39.462, 103.90466187050325 39.580021582733686), (84.31201631912965 3.1538603807797236, 84.19508860759491 2.721227848101158, 84.12031114455168 2.4414903956803546, 83.9484727084293 1.7104233648088603, 83.8905957446805 1.2048510638266359, 83.86225371096072 0.9511386414917571, 83.80374009496441 0.2310826562148386, 83.81974847115133 -0.22885030577072, 83.831677927666 -0.5413183509708608, 83.88190926027568 -1.2684534667090261, 83.96230243485597 -1.6978991883761254, 84.0206314509988 -2.0059099642670315, 84.1793258558807 -2.72322832689116, 84.40397181951415 -3.369257045120132, 84.43015496178788 -3.443892224409475, 84.6939203753268 -4.127329002240802, 84.99491125411731 -4.700294372945618, 85.04166813744163 -4.788657524406882, 85.4114611346922 -5.438672549343967, 85.84799397670999 -6.0325545174675925, 86.31610042626474 -6.626670162632222, 86.80406596377408 -7.116950527169595, 86.83991554541082 -7.152732340221007, 87.38435558424048 -7.664675958000223, 87.85961782569025 -8.017264348617836, 87.9897798113776 -8.113235821024052, 88.60434370284388 -8.537434799767848, 89.0637865908417 -8.781426818318208, 89.26444094582462 -8.887218108350805, 89.92992912766577 -9.213019699609852, 90.39202493074774 -9.375900277008244, 90.64284046978227 -9.463534621972117, 91.35142600696959 -9.68664465436841, 91.82073063763573 -9.776538724727772, 92.07846734465937 -9.825138498618546, 92.82083895131085 -9.941825634623388, 93.37618928511068 -9.963757140442791, 93.55860968482877 -9.970477248938769, 94.31382796031637 -9.975023713473478, 94.79140000000048 -9.922281750841698, 95.06598177954608 -9.891033050004522, 95.78935149970593 -9.786856072050464, 96.29208582326793 -9.653257469802849, 96.52763709988426 -9.590128422676448, 97.22496812167937 -9.379613397228868, 97.86329337728492 -9.102586754570002, 97.9219006073174 -9.07694341579027, 98.5826878290492 -8.763681325487788, 99.10107050511331 -8.439641010221198, 99.24170001786409 -8.351150028284737, 99.83240736033763 -7.954171846477374, 100.38136661058118 -7.484049915872326, 100.41666967751044 -7.453669959776977, 100.95482276238972 -6.959996376009426, 101.41333628318719 -6.429752212387818, 101.4391368346679 -6.399713377296305, 101.91483619630478 -5.810535147707707, 102.21408238124047 -5.336541190616575, 102.31388904770405 -5.177403609076422, 102.68879755752786 -4.537678770884994, 102.88079697332945 -4.100648486664403, 102.99131207649017 -3.8470376134144924, 103.26798368087034 -3.1538603807797236, 103.38491139240509 -2.721227848101158, 103.45968885544832 -2.4414903956803546, 103.63152729157069 -1.7104233648088603, 103.68940425531932 -1.2048510638282584, 103.7177462890393 -0.951138641491569, 103.77625990503559 -0.2310826562149116, 103.76025152884871 0.2288503057695679, 103.74832207233399 0.5413183509711346, 103.69809073972434 1.2684534667089136, 103.61769756514359 1.6978991883784469, 103.55936854900119 2.0059099642670315, 103.4006741441193 2.72322832689116, 103.17602818048584 3.369257045120132, 103.14984503821212 3.443892224409475, 102.88607962467319 4.127329002240813, 102.58508874588375 4.700294372943591, 102.53833186255837 4.788657524406882, 102.16853886530775 5.438672549344043, 101.73200602329007 6.0325545174675295, 101.26389957373526 6.6266701626322195, 100.77593403622528 7.116950527170232, 100.74008445458918 7.152732340221013, 100.19564441575952 7.664675958000227, 99.72038217430925 8.017264348618196, 99.59022018862248 8.11323582102399, 98.97565629715612 8.537434799767848, 98.5162134091583 8.781426818318208, 98.31555905417538 8.887218108350805, 97.65007087233423 9.213019699609852, 97.18797506925226 9.375900277008244, 96.93715953021773 9.463534621972117, 96.22857399303041 9.68664465436841, 95.7592693623635 9.77653872472792, 95.50153265534068 9.82513849861854, 94.75916104868915 9.941825634623388, 94.20381071488917 9.963757140442798, 94.02139031517125 9.970477248938769, 93.26617203968362 9.975023713473478, 92.78859999999952 9.922281750841698, 92.51401822045392 9.891033050004522, 91.79064850029407 9.786856072050464, 91.28791417673207 9.653257469802849, 91.05236290011574 9.590128422676448, 90.35503187832063 9.379613397228868, 89.71670662271508 9.102586754570002, 89.6580993926826 9.07694341579027, 88.99731217095079 8.763681325487788, 88.47892949488669 8.439641010221198, 88.33829998213591 8.351150028284737, 87.74759263966237 7.954171846477374, 87.19863338941882 7.484049915872326, 87.16333032248956 7.453669959776977, 86.62517723761027 6.959996376009426, 86.1666637168128 6.429752212387818, 86.14086316533209 6.399713377296305, 85.66516380369522 5.810535147707707, 85.36591761875952 5.336541190616575, 85.26611095229595 5.177403609076422, 84.89120244247214 4.537678770884994, 84.69920302667055 4.100648486664403, 84.58868792350982 3.8470376134144924, 84.31201631912965 3.1538603807797236), (103.529 37.527, 103.6777740002305 37.400364987899046, 103.67780220384464 37.40035853165002, 103.33537257281564 37.69214441747563, 103.411 37.627, 103.529 37.527), (98.217 46.229, 98.20882022472007 46.251786516851226, 98.22928767123166 46.19409589041442, 98.217 46.229), (97.667 44.787, 97.01932110091654 44.90683486238549, 97.168 44.879, 97.298 44.855, 97.45 44.827, 97.667 44.787), (97.802 44.944, 97.93356626505874 45.0990602409621, 97.667 44.787, 97.802 44.944), (97.827 46.791, 97.66300000000136 46.821028169013836, 97.90034888738549 46.77715205426853, 97.90018544194108 46.77736741767764, 97.827 46.791), (96.62 46.641, 96.57638307349772 46.589507795101476, 96.895 46.963, 96.761 46.806, 96.62 46.641), (97.57737542662205 46.836856655289935, 97.395 46.871, 97.264 46.895, 97.113 46.923, 96.895 46.963, 97.57737542662205 46.836856655289935), (96.937 30.806, 96.28932110091716 30.925834862385372, 96.438 30.898, 96.568 30.874, 96.72 30.846, 96.937 30.806), (97.072 30.964, 97.12450000001053 31.025500000012322, 96.937 30.806, 97.072 30.964), (96.67293957704152 32.88854984894219, 96.95761538461466 32.83617551462636, 96.884 32.85, 96.67293957704152 32.88854984894219), (96.532 44.997, 96.736 44.959, 96.86883870967583 44.93467741935513, 96.532 44.997), (96.239 45.821, 96.29 45.678, 96.339 45.541, 96.20015107913689 45.93236690647428, 96.239 45.821), (96.399 45.37, 96.44723648648633 45.235918918919346, 96.339 45.541, 96.399 45.37), (96.40210312075982 46.385211668928065, 96.389 46.37, 96.289 46.253, 96.146 46.085, 96.40210312075982 46.385211668928065), (95.4325449886666 32.12343746920273, 95.43253158448852 32.12337881332566, 96.165 32.982, 96.03 32.825, 95.89 32.66, 95.745 32.49, 95.659 32.389, 95.559 32.272, 95.4325449886666 32.12343746920273), (95.93262545602865 30.99166780721035, 96.006 30.978, 96.13883870967733 30.953677419354854, 95.9324807876162 30.991858180264842, 95.93262545602865 30.99166780721035), (95.42332224532224 32.08307929907929, 95.479 31.924, 95.546 31.736, 95.615 31.541, 95.657 31.423, 95.70359762796504 31.293051685393266, 95.7038042131797 31.29277983435361, 95.42336141825231 32.08325071746499, 95.42332224532224 32.08307929907929), (92.562 -33.853, 92.558 -33.997, 92.574 -34.14, 92.596 -34.234, 92.567 -34.242, 92.586 -34.302, 92.615 -34.292, 92.643 -34.363, 92.69 -34.457, 92.77 -34.576, 92.861 -34.678, 92.938 -34.745, 92.994 -34.787, 93.057 -34.827, 93.325 -34.925, 93.323 -34.935, 93.465 -34.96, 93.609 -34.964, 93.752 -34.948, 93.892 -34.912, 94.024 -34.856, 94.148 -34.782, 94.26 -34.691, 94.357 -34.585, 94.439 -34.466, 94.503 -34.337, 94.547 -34.2, 94.538 -34.197, 95.07539954088799 -32.04073526736742, 93.41054611458053 -30.450971433135116, 92.597 -33.713, 92.587 -33.711, 92.562 -33.853), (91.645 -34.506, 85.56300000026253 -32.98950000006546, 91.67257665117995 -34.51295859422298, 91.645 -34.506), (91.014 39.636, 90.8878566552901 38.95362457337883, 90.922 39.136, 90.946 39.267, 90.974 39.418, 91.014 39.636), (90.804 38.5, 90.842 38.704, 90.87202816901406 38.867999999999874, 90.804 38.5), (90.15438288288289 40.3685990990991, 90.15419779615537 40.36864146834998, 90.49662742718495 40.07685558252386, 90.421 40.142, 90.304 40.242, 90.15438288288289 40.3685990990991), (90.11411528822102 38.25524310776959, 90.122 38.258, 90.26 38.307, 90.11411528822102 38.25524310776959), (77.317 -116.475, 75.865 -122.297, 75.759 -122.649, 75.569 -123.109, 75.448 -123.34, 75.179 -123.759, 74.862 -124.142, 74.695 -124.311, 74.359 -124.6, 70.907 -138.941, 71.162 -139.158, 71.301 -139.306, 71.594 -139.663, 71.833 -140.058, 71.926 -140.238, 72.088 -140.67, 72.147 -140.865, 72.187 -141.064, 72.248 -141.521, 72.252 -141.725, 72.228 -142.185, 72.138 -142.638, 72.085 -142.834, 72.015 -143.025, 71.826 -143.446, 71.579 -143.836, 71.459 -144, 71.144 -144.337, 70.996 -144.476, 70.836 -144.601, 70.454 -144.86, 70.039 -145.061, 69.85 -145.137, 69.386 -145.263, 69.332 -145.488, 74.666 -150.272, 75.292 -150.834, 76.15 -149.543, 77.57645428157203 -147.39886647314268, 77.583 -147.389, 77.752 -147.135, 79.725 -139.634, 81.235 -133.895, 81.271 -133.835, 81.28742105263166 -133.80847368421038, 81.318 -133.758, 84.396 -128.693, 89.982 -105.484, 88.806 -104.428, 88.801 -104.424, 88.787 -104.411, 88.763 -104.39, 88.731 -104.361, 88.587 -104.232, 88.473 -104.13, 88.386 -104.052, 88.253 -103.933, 88.17181818181658 -103.85987878787735, 87.846 -103.568, 82.262 -98.559, 80.917 -97.352, 77.006 -113.602, 77.122 -113.857, 77.287 -114.337, 77.35 -114.595, 77.424 -115.096, 77.438 -115.338, 77.422 -115.844, 77.389 -116.108, 77.317 -116.475), (88.58704417009238 -104.2318520690411, 88.5870441609421 -104.23185206084396, 88.587 -104.232, 88.58704417009238 -104.2318520690411), (89.6816666666642 40.22416666666579, 89.82291578947493 40.27427894736886, 89.768 40.255, 89.6816666666642 40.22416666666579), (89.51244404332125 40.1641299638989, 89.455 40.144, 89.33028110599315 40.09950230414831, 89.51244404332125 40.1641299638989), (88.58710147996592 -104.23166004211419, 88.58710150098736 -104.23166006096928, 89.326 -101.757, 89.157 -102.323, 88.977 -102.925, 88.787 -103.562, 88.58710147996592 -104.23166004211419), (89.38 -101.817, 89.368 -101.803, 89.355 -101.789, 89.341 -101.773, 89.326 -101.757, 89.38 -101.817), (88.837 38.864, 88.995 38.729, 89.16 38.588, 89.329 38.444, 89.34926490066206 38.42691390728493, 88.837 38.864), (86.064 -64.044, 86.206 -64.069, 86.35 -64.073, 86.493 -64.057, 86.632 -64.02, 86.765 -63.964, 86.889 -63.89, 87.001 -63.799, 87.098 -63.693, 87.18 -63.574, 87.244 -63.445, 87.288 -63.308, 87.278 -63.306, 88.73 -57.484, 88.74 -57.486, 88.765 -57.344, 88.769 -57.2, 88.753 -57.057, 88.717 -56.918, 88.661 -56.785, 88.587 -56.661, 88.496 -56.55, 88.39 -56.452, 88.271 -56.37, 88.141 -56.307, 88.004 -56.262, 88.002 -56.272, 87.718 -56.233, 87.541 -56.256, 87.436 -56.285, 87.303 -56.341, 87.243 -56.374, 87.147 -56.439, 87.085 -56.49, 87.033 -56.54, 86.948 -56.641, 86.877 -56.752, 86.82 -56.872, 86.78 -56.998, 86.79 -57, 85.338 -62.822, 85.328 -62.819, 85.303 -62.961, 85.299 -63.105, 85.315 -63.248, 85.337 -63.342, 85.308 -63.35, 85.327 -63.411, 85.356 -63.401, 85.384 -63.471, 85.431 -63.565, 85.511 -63.684, 85.602 -63.786, 85.679 -63.854, 85.735 -63.896, 85.798 -63.935, 85.718 -63.921, 85.66 -63.877, 85.702 -63.943, 85.499 -63.892, 85.306 -63.844, 85.054 -63.781, 84.816 -63.722, 84.599 -63.668, 84.42981466394352 -63.625902240323974, 86.066 -64.034, 86.064 -64.044), (85.839 -86.511, 85.839 -86.465, 85.834 -86.603, 85.837 -86.557, 85.839 -86.511), (85.821 -85.888, 85.818 -85.853, 85.825 -85.958, 85.824 -85.923, 85.821 -85.888), (85.78 -85.544, 85.776 -85.521, 85.787 -85.59, 85.784 -85.567, 85.78 -85.544), (85.782 -87.145, 85.786 -87.108, 85.769 -87.22, 85.776 -87.183, 85.782 -87.145), (85.719 -85.217, 85.711 -85.184, 85.733 -85.284, 85.727 -85.25, 85.719 -85.217), (85.689 -87.625, 85.6909999999998 -87.61550000000092, 85.685 -87.643, 85.689 -87.625), (85.556 -84.628, 85.544 -84.595, 85.577 -84.695, 85.567 -84.662, 85.556 -84.628), (85.465 -84.232, 85.404 -84.239, 85.451 -84.347, 85.465 -84.232), (84.1 -93.906, 84.112 -93.871, 84.074 -93.976, 84.088 -93.941, 84.1 -93.906), (83.825 -94.558, 83.847 -94.518, 83.866 -94.478, 83.884 -94.436, 83.825 -94.558), (83.509 -95.107, 83.535 -95.07, 83.56 -95.032, 83.582 -94.993, 83.509 -95.107), (83.152 -95.59, 83.174 -95.564, 83.196 -95.537, 83.217 -95.509, 83.152 -95.59), (82.912 -95.858, 82.935 -95.835, 82.958 -95.811, 82.98 -95.786, 82.912 -95.858), (82.615 23.772, 82.571 23.915, 82.507 24.05, 82.424 24.174, 82.323 24.284, 82.206 24.378, 82.15649774414204 24.406780381312764, 82.148 24.35, 82.147 24.2, 82.169 24.052, 82.213 23.909, 82.277 23.775, 82.361 23.651, 82.462 23.541, 82.579 23.448, 82.63009124213546 23.41297219952199, 82.635 23.474, 82.636 23.624, 82.615 23.772), (79.774 -85.649, 79.689 -85.75, 79.617 -85.861, 79.561 -85.98, 79.521 -86.106, 79.531 -86.108, 78.079 -91.93, 78.069 -91.928, 78.044 -92.07, 78.04 -92.214, 78.056 -92.357, 78.078 -92.451, 78.049 -92.459, 78.068 -92.519, 78.097 -92.509, 78.125 -92.58, 78.172 -92.674, 78.252 -92.793, 78.343 -92.895, 78.42 -92.962, 78.476 -93.004, 78.538 -93.044, 78.807 -93.142, 78.805 -93.152, 78.947 -93.177, 79.091 -93.181, 79.234 -93.165, 79.373 -93.129, 79.506 -93.073, 79.63 -92.999, 79.742 -92.908, 79.839 -92.802, 79.921 -92.683, 79.984 -92.554, 80.029 -92.417, 80.019 -92.414, 81.471 -86.592, 81.481 -86.595, 81.506 -86.453, 81.51 -86.309, 81.494 -86.166, 81.458 -86.026, 81.402 -85.893, 81.328 -85.77, 81.236 -85.658, 81.13 -85.56, 81.012 -85.479, 80.882 -85.415, 80.745 -85.37, 80.743 -85.38, 80.459 -85.341, 80.282 -85.364, 80.177 -85.394, 80.044 -85.45, 79.984 -85.483, 79.888 -85.548, 79.826 -85.599, 79.774 -85.649), (79.85883766234201 -85.15961688311796, 79.76050817438572 -85.1351076294275, 79.78 -85.14, 79.85883766234201 -85.15961688311796), (79.42306827880495 -85.05099857752485, 79.2194350453164 -85.00024169184269, 79.309 -85.023, 79.42306827880495 -85.05099857752485), (77.127 -92.723, 71.0450000001311 -91.20650000003269, 77.14673339141711 -92.72800283162687, 77.127 -92.723), (75.747 -155.583, 75.698 -155.774, 75.555 -156.335, 75.319 -157.259, 74.994 -158.533, 75.7469442287036 -155.58325406923913, 75.747 -155.583), (75.036 -158.552, 75.066 -158.565, 74.994 -158.533, 75.036 -158.552), (75.084 -158.573, 75.09 -158.576, 75.09006666666667 -158.5756962962963, 75.084 -158.573), (70.788 -122.061, 70.535 -121.998, 70.31326192169894 -121.94303131672368, 71.548 -122.251, 71.546 -122.261, 71.688 -122.286, 71.832 -122.29, 71.975 -122.274, 72.114 -122.237, 72.247 -122.181, 72.371 -122.107, 72.482 -122.016, 72.58 -121.91, 72.662 -121.791, 72.725 -121.662, 72.77 -121.525, 72.76 -121.523, 74.212 -115.701, 74.222 -115.703, 74.247 -115.561, 74.251 -115.417, 74.235 -115.274, 74.199 -115.135, 74.143 -115.002, 74.068 -114.878, 73.977 -114.767, 73.871 -114.669, 73.753 -114.587, 73.623 -114.524, 73.486 -114.479, 73.484 -114.489, 73.2 -114.45, 73.023 -114.473, 72.918 -114.502, 72.785 -114.558, 72.725 -114.591, 72.629 -114.656, 72.567 -114.707, 72.515 -114.757, 72.43 -114.858, 72.358 -114.969, 72.302 -115.089, 72.262 -115.215, 72.272 -115.217, 70.82 -121.039, 70.81 -121.036, 70.785 -121.178, 70.781 -121.322, 70.797 -121.465, 70.819 -121.559, 70.79 -121.567, 70.809 -121.628, 70.838 -121.618, 70.866 -121.688, 70.913 -121.782, 70.993 -121.901, 71.084 -122.003, 71.16 -122.071, 71.217 -122.113, 71.279 -122.152, 71.2 -122.138, 71.142 -122.094, 71.184 -122.16, 70.98 -122.109, 70.788 -122.061), (73.7357837837762 -52.713945945944054, 73.944 -52.766, 74.01527165830811 -52.78365139201089, 73.7357837837762 -52.713945945944054), (71.364 -52.86, 71.3 -52.989, 71.255 -53.126, 71.265 -53.128, 69.813 -58.95, 69.803 -58.948, 69.779 -59.09, 69.774 -59.234, 69.791 -59.377, 69.827 -59.516, 69.883 -59.649, 69.957 -59.773, 70.048 -59.885, 70.154 -59.982, 70.273 -60.064, 70.402 -60.128, 70.539 -60.172, 70.542 -60.162, 70.825 -60.201, 71.003 -60.178, 71.108 -60.149, 71.241 -60.093, 71.301 -60.06, 71.397 -59.995, 71.458 -59.944, 71.51 -59.894, 71.596 -59.793, 71.667 -59.682, 71.724 -59.562, 71.764 -59.437, 71.754 -59.434, 73.206 -53.612, 73.216 -53.615, 73.24 -53.473, 73.245 -53.329, 73.229 -53.186, 73.207 -53.092, 73.236 -53.084, 73.216 -53.023, 73.188 -53.034, 73.16 -52.963, 73.112 -52.869, 73.032 -52.75, 72.941 -52.648, 72.865 -52.58, 72.809 -52.539, 72.746 -52.499, 72.477 -52.4, 72.48 -52.39, 72.338 -52.365, 72.194 -52.361, 72.051 -52.377, 71.911 -52.414, 71.778 -52.47, 71.655 -52.544, 71.543 -52.635, 71.445 -52.741, 71.364 -52.86), (72.841 -52.491, 73.045 -52.542, 73.238 -52.59, 73.49 -52.653, 73.7249185398341 -52.711236108614344, 72.477 -52.4, 72.841 -52.491), (72.826 -52.514, 72.884 -52.557, 72.841 -52.491, 72.826 -52.514), (72.10932692307729 -60.55292307692317, 72.098 -60.55, 72.08025512528484 -60.54567198177679, 72.10932692307729 -60.55292307692317), (70.081 -121.885, 70.02379643591026 -121.8708327621647, 70.25433333335569 -121.92833333333891, 70.081 -121.885), (67.321 -142.166, 67.399 -142.36, 67.505 -142.54, 67.637 -142.703, 67.792 -142.844, 67.965 -142.96, 68.155 -143.049, 68.355 -143.109, 68.562 -143.139, 68.772 -143.137, 68.978 -143.104, 69.178 -143.041, 69.365 -142.948, 69.537 -142.829, 69.689 -142.685, 69.819 -142.521, 69.922 -142.338, 69.996 -142.143, 70.041 -141.939, 70.055 -141.73, 70.038 -141.521, 69.989 -141.318, 69.911 -141.124, 69.805 -140.943, 69.673 -140.781, 69.519 -140.64, 69.345 -140.523, 69.156 -140.434, 68.955 -140.374, 68.748 -140.345, 68.539 -140.347, 68.332 -140.379, 68.133 -140.443, 67.945 -140.535, 67.773 -140.654, 67.621 -140.798, 67.492 -140.963, 67.389 -141.145, 67.314 -141.34, 67.269 -141.545, 67.255 -141.753, 67.273 -141.962, 67.321 -142.166), (69.498 21.27, 69.352 21.429, 69.2007169811307 21.59222641509583, 69.639 21.117, 69.498 21.27), (68.856 21.966, 68.716 21.935, 68.583 21.905, 68.4617052341604 21.87713498622604, 68.856 21.966), (69.06026086956558 21.74452173913004, 69.006 21.804, 68.856 21.966, 69.06026086956558 21.74452173913004), (69.00654730667338 19.94976398925913, 68.98459210526656 19.944815789474447, 69.0064874024306 19.949728880545404, 69.00654730667338 19.94976398925913), (67.9755312499995 21.76756249999989, 67.946 21.761, 67.729 21.712, 67.9755312499995 21.76756249999989), (67.6217242798354 21.367341563786066, 67.603 21.308, 67.54648623853409 21.12561467890543, 67.6217242798354 21.367341563786066), (67.57023529411478 20.410235294120756, 67.386 20.61, 67.527 20.457, 67.57023529411478 20.410235294120756), (54.62949420849418 -124.69421621621623, 54.352420089064836 -124.87200544285007, 54.17524806722691 -125.01357747899159, 53.92310666062234 -125.2312829064534, 53.75940423120512 -125.40366981488481, 53.55295414251621 -125.64039924991475, 53.40452505651847 -125.84699020346645, 53.23778579319484 -126.10600265134782, 53.11966197183103 -126.33020629660307, 52.99422222222222 -126.60322222222224, 52.906409799554574 -126.84330512249441, 52.8440041874868 -127.05440558800761, 52.83752651757188 -127.13773993610226, 52.812998812351545 -127.51431235154394, 52.82289106145252 -127.6890754189945, 52.849837975219735 -128.01557174626706, 52.889710041976095 -128.21621827575066, 52.95741717968849 -128.50103590464002, 53.028537470725944 -128.70843185011697, 53.13366736694678 -128.97044789915967, 53.234083423880286 -129.16941180731627, 53.3812478750287 -129.41837422467262, 53.49805978947372 -129.58777305263163, 53.68148760330567 -129.81468831168817, 53.830458479021026 -129.9775384615385, 54.047968128600544 -130.17537669578138, 54.20027784827165 -130.302370630984, 54.46633934252356 -130.48076670201465, 54.62432346525406 -130.57906793393585, 54.92552173042288 -130.7210704986983, 55.102 -130.8, 55.561 -130.934, 63.375 -132.649, 63.847 -132.719, 64.03187309308028 -132.72093787309308, 64.3693361417078 -132.71835689375365, 64.5742792022793 -132.69284710351374, 64.86800748605911 -132.6461693529906, 65.07384128512659 -132.59080407948872, 65.34930284052776 -132.50303176023263, 65.54639764705902 -132.42016235294108, 65.81044481236188 -132.29010927152328, 65.98684623082065 -132.18581354236153, 66.23399188092002 -132.0145358592694, 66.39443987667013 -131.887121274409, 66.61402152190625 -131.67967440430434, 66.75385497066358 -131.5330611519709, 66.94654775702935 -131.28727344923809, 67.05613576873293 -131.1361985473896, 67.21511328349624 -130.8558312248419, 67.318 -130.662, 67.4663823529412 -130.26154642097796, 67.49757592545959 -130.04958045832288, 67.51920377733599 -129.78764314115304, 67.51970773930753 -129.4998808553972, 67.50465882094149 -129.2259905411351, 67.46375563166907 -128.94067817151887, 67.41315901926444 -128.67893800350262, 67.33271404231155 -128.40168110180332, 67.24477658965053 -128.14286518999418, 67.11888545551425 -127.86717954182232, 67.00870289361171 -127.6472641427597, 66.84095578710229 -127.38444212897784, 66.69639804098767 -127.17413392414657, 66.49723473644282 -126.94346757679168, 66.32943258104228 -126.7587940090275, 66.09697637010682 -126.55654092526694, 65.89770828785174 -126.39087862410477, 65.66450649350637 -126.24044155844147, 65.42746309696095 -126.09228943560059, 65.12784836392638 -125.9548938547485, 64.9217623705683 -125.86238230662785, 64.386 -125.704, 57.54818919314687 -124.20388232537707, 56.99694496430635 -124.12387873818251, 56.79552105812761 -124.1216693351897, 56.437072756000326 -124.12104047851929, 56.20930639730612 -124.1499831649832, 55.884649696649994 -124.19595225534158, 55.65691090269646 -124.25708440797183, 55.340728633189215 -124.34940039906884, 55.13478299120234 -124.43643695014663, 54.83003114186855 -124.57474740484426, 54.62949420849418 -124.69421621621623), (60.233 -8.89, 60.135 -8.693, 60.013 -8.448, 59.79 -8.002, 60.25693186003619 -8.938279926333882, 60.233 -8.89), (59.945 -8.243, 60.078 -8.363, 60.168 -8.424, 60.297 -8.488, 60.361 -8.512, 60.473 -8.543, 60.552 -8.557, 60.624 -8.564, 60.756 -8.563, 60.887 -8.546, 61.014 -8.511, 61.136 -8.46, 61.131 -8.451, 66.502 -5.775, 66.506 -5.784, 66.63 -5.711, 66.743 -5.621, 66.841 -5.515, 66.898 -5.438, 66.923 -5.455, 66.957 -5.401, 66.93 -5.386, 66.95264486662329 -5.343226363044891, 65.504 -4.097, 65.45435159845336 -4.062563337530502, 60.24 -6.661, 60.235 -6.652, 60.111 -6.725, 59.998 -6.815, 59.9 -6.92, 59.818 -7.039, 59.753 -7.167, 59.707 -7.304, 59.681 -7.446, 59.676 -7.59, 59.691 -7.733, 59.726 -7.873, 59.781 -8.006, 59.79 -8.002, 59.945 -8.243), (66.4881318458408 -81.82569438809982, 66.44149539306149 -81.81406606547769, 66.469 -81.821, 66.4881318458408 -81.82569438809982), (66.323 -48.788, 66.319 -48.791, 65.212 -49.73, 66.323 -48.788), (63.996 -82.235, 64.006 -82.237, 62.554 -88.059, 62.544 -88.056, 62.52 -88.198, 62.515 -88.342, 62.531 -88.485, 62.568 -88.625, 62.624 -88.758, 62.698 -88.881, 62.789 -88.993, 62.895 -89.091, 63.014 -89.172, 63.143 -89.236, 63.28 -89.281, 63.283 -89.271, 63.566 -89.31, 63.743 -89.287, 63.849 -89.257, 63.982 -89.201, 64.042 -89.168, 64.138 -89.104, 64.199 -89.052, 64.251 -89.002, 64.337 -88.902, 64.408 -88.79, 64.464 -88.671, 64.505 -88.545, 64.495 -88.543, 65.947 -82.721, 65.957 -82.723, 65.981 -82.581, 65.986 -82.437, 65.97 -82.294, 65.947 -82.201, 65.977 -82.192, 65.957 -82.132, 65.929 -82.142, 65.901 -82.071, 65.853 -81.977, 65.773 -81.858, 65.682 -81.756, 65.606 -81.689, 65.549 -81.647, 65.487 -81.607, 65.218 -81.509, 65.221 -81.499, 65.079 -81.474, 64.935 -81.47, 64.792 -81.486, 64.652 -81.522, 64.519 -81.578, 64.396 -81.652, 64.284 -81.743, 64.186 -81.849, 64.105 -81.968, 64.041 -82.098, 63.996 -82.235), (65.58157385460326 -81.59965342294166, 65.567 -81.622, 65.625 -81.665, 65.58259093891029 -81.59990702251348, 65.58157385460326 -81.59965342294166), (61.928 -148.575, 62.046 -148.667, 62.176 -148.741, 62.315 -148.794, 62.461 -148.826, 62.61 -148.836, 62.759 -148.823, 62.905 -148.789, 63.043 -148.733, 63.172 -148.657, 63.288 -148.563, 63.389 -148.453, 63.472 -148.329, 63.536 -148.193, 63.576726108143625 -148.0575620124526, 64.86662810015424 -142.17852577034142, 64.886 -142.042, 64.884 -141.892, 64.861 -141.745, 64.816 -141.602, 64.75 -141.468, 64.664 -141.345, 64.562 -141.237, 64.444 -141.144, 64.314 -141.071, 64.174 -141.017, 64.028 -140.985, 63.879 -140.975, 63.73 -140.988, 63.585 -141.022, 63.446 -141.078, 63.317 -141.154, 63.201 -141.248, 63.101 -141.358, 63.018 -141.483, 62.954 -141.618, 62.911 -141.761, 61.625 -147.622, 61.604 -147.77, 61.605 -147.919, 61.629 -148.067, 61.674 -148.209, 61.74 -148.343, 61.825 -148.466, 61.928 -148.575), (62.628 -182.472, 62.468 -182.608, 62.327 -182.773, 62.21 -182.963, 62.124 -183.173, 62.086 -183.318, 62.065 -183.454, 62.059 -183.678, 62.086 -183.885, 62.144 -184.086, 62.231 -184.287, 62.349 -184.456, 62.486 -184.609, 62.646 -184.742, 62.823 -184.849, 63.014 -184.928, 63.214 -184.979, 63.419 -185, 63.625 -184.99, 63.828 -184.95, 64.023 -184.881, 64.205 -184.784, 64.371 -184.661, 64.517 -184.515, 64.64 -184.349, 64.737 -184.167, 64.807 -183.972, 64.847 -183.77, 64.856 -183.564, 64.836 -183.358, 64.785 -183.158, 64.706 -182.967, 64.599 -182.791, 64.468 -182.631, 64.314 -182.493, 64.142 -182.379, 63.955 -182.292, 63.757 -182.233, 63.572 -182.205, 63.385 -182.202, 63.199 -182.224, 63 -182.272, 62.816 -182.356, 62.628 -182.472), (64.59842621390015 -89.59900920342744, 64.83813363333756 -89.65878164742655, 64.716 -89.628, 64.59842621390015 -89.59900920342744), (64.16937566702089 -89.4920229455706, 64.3250585197953 -89.53084337349443, 64.246 -89.511, 64.16937566702089 -89.4920229455706), (63.613 -64.521, 63.450277266643965 -64.50602551533534, 63.35419247298823 -64.78164851423793, 63.449 -64.51, 63.503 -64.518, 63.558 -64.523, 63.613 -64.524, 64.075 -64.523, 64.07 -64.55, 64.073 -64.552, 64.08 -64.52, 63.613 -64.521), (63.7122841121495 28.427592523364456, 63.75 28.462, 63.89377059869591 28.595120924718433, 63.89379574989398 28.59519112283843, 63.7122841121495 28.427592523364456), (63.75906338028172 29.290580985915383, 63.81476897133222 29.043414839797585, 63.781 29.195, 63.75906338028172 29.290580985915383), (63.722611184198676 29.452319666961007, 63.72818421052605 29.42759210526433, 63.72265072621283 29.452252198399357, 63.722611184198676 29.452319666961007), (59.316 -172.637, 59.39 -172.949, 59.51 -173.248, 59.673 -173.525, 59.875 -173.774, 60.112 -173.991, 60.379 -174.169, 60.67 -174.306, 60.978 -174.399, 61.296 -174.444, 61.617 -174.441, 61.935 -174.39, 62.241 -174.293, 62.529 -174.151, 62.793 -173.968, 63.027 -173.748, 63.225 -173.495, 63.384 -173.215, 63.498 -172.915, 63.567 -172.601, 63.589 -172.28, 63.562 -171.96, 63.488 -171.647, 63.368 -171.349, 63.205 -171.072, 63.002 -170.823, 62.765 -170.606, 62.498 -170.428, 62.207 -170.291, 61.9 -170.198, 61.581 -170.153, 61.26 -170.156, 60.943 -170.206, 60.636 -170.304, 60.348 -170.446, 60.084 -170.629, 59.85 -170.849, 59.652 -171.102, 59.494 -171.382, 59.379 -171.682, 59.31 -171.996, 59.289 -172.317, 59.316 -172.637), (62.994 -157.708, 63.444 -157.996, 63.218 -157.85, 62.994 -157.708), (63.42142148760343 28.159024793388546, 63.34338461538445 28.086969521044843, 63.375 28.116, 63.42142148760343 28.159024793388546), (63.071614678899486 29.921513761467764, 63.31334156378556 29.846275720164748, 63.254 29.865, 63.071614678899486 29.921513761467764), (28.336 -54.861, 28.332 -55.058, 28.328 -55.204, 28.325 -55.31, 28.322 -55.45, 28.32 -55.536, 28.319 -55.566, 28.174 -61.49, 59.62936981918817 -45.4936910220732, 63.01587499851019 -31.749535057519097, 28.472 -49.315, 28.352 -54.217, 28.351 -54.277, 28.347 -54.438, 28.341 -54.653, 28.336 -54.861), (62.611851102941145 27.969604779411775, 62.347208933717326 28.051900576368954, 62.366 28.046, 62.578 27.98, 62.611851102941145 27.969604779411775), (61.905437500000026 28.41853124999989, 61.912 28.389, 61.961 28.172, 61.905437500000026 28.41853124999989), (61.30152173913077 14.612739130435088, 61.361 14.667, 61.523 14.817, 61.30152173913077 14.612739130435088), (61.492 14.957, 61.462 15.09, 61.43413498622607 15.21129476583945, 61.523 14.817, 61.492 14.957), (60.865 16.07, 60.6826146788992 16.126513761467855, 61.269 15.944, 61.071 16.006, 60.865 16.07), (61.41175193798419 15.310608527133136, 61.396 15.381, 61.357 15.557, 61.318 15.727, 61.269 15.944, 61.41175193798419 15.310608527133136), (60.87376470588147 14.218235294116832, 60.674 14.034, 60.827 14.175, 60.87376470588147 14.218235294116832), (59.594 15.759, 59.5283378378381 15.69798648648673, 60.167 16.287, 60.015 16.147, 59.855 16, 59.692 15.849, 59.594 15.759), (60.64049903660909 16.1396223506743, 60.525 16.176, 60.378 16.222, 60.167 16.287, 60.64049903660909 16.1396223506743), (60.47496603396629 -9.375476523477035, 60.563 -9.552, 60.506 -9.437, 60.47496603396629 -9.375476523477035), (60.189 14.185, 60.26734647887326 14.160940845070419, 60.08650993377456 14.217390728476909, 60.189 14.185), (59.77 14.316, 59.83453529411765 14.296047058823529, 59.69906763057044 14.338334605339174, 59.699156251416134 14.338183396021211, 59.77 14.316), (59.50685648465837 14.666294873051651, 59.50703652836182 14.665987673482638, 59.49599242424232 14.714946969697447, 59.50685648465837 14.666294873051651), (59.21778378379033 -110.93094594594758, 59.426 -110.983, 59.49727165830685 -111.00065139201058, 59.21778378379033 -110.93094594594758), (56.737 -111.343, 56.747 -111.345, 55.295 -117.167, 55.285 -117.165, 55.261 -117.307, 55.256 -117.451, 55.272 -117.594, 55.309 -117.733, 55.365 -117.866, 55.439 -117.99, 55.53 -118.102, 55.636 -118.199, 55.755 -118.281, 55.884 -118.345, 56.021 -118.389, 56.024 -118.379, 56.307 -118.418, 56.484 -118.395, 56.59 -118.366, 56.723 -118.31, 56.783 -118.277, 56.879 -118.212, 56.94 -118.161, 56.992 -118.111, 57.077 -118.01, 57.149 -117.899, 57.205 -117.779, 57.246 -117.654, 57.236 -117.651, 58.688 -111.829, 58.697 -111.832, 58.722 -111.69, 58.727 -111.546, 58.71 -111.403, 58.688 -111.309, 58.718 -111.301, 58.698 -111.24, 58.67 -111.251, 58.642 -111.18, 58.594 -111.086, 58.514 -110.967, 58.423 -110.865, 58.347 -110.797, 58.29 -110.756, 58.228 -110.716, 57.959 -110.617, 57.962 -110.607, 57.82 -110.582, 57.676 -110.578, 57.532 -110.594, 57.393 -110.631, 57.26 -110.687, 57.137 -110.761, 57.025 -110.852, 56.927 -110.958, 56.846 -111.077, 56.782 -111.206, 56.737 -111.343), (58.323 -110.708, 58.527 -110.759, 58.72 -110.807, 58.972 -110.87, 59.206918539828365 -110.92823610861292, 57.959 -110.617, 58.323 -110.708), (58.308 -110.731, 58.366 -110.774, 58.323 -110.708, 58.308 -110.731), (55.802 -191.166, 55.538 -191.349, 55.304 -191.57, 55.106 -191.823, 54.948 -192.102, 54.833 -192.402, 54.764 -192.716, 54.743 -193.037, 54.769 -193.357, 54.843 -193.67, 54.963 -193.968, 55.126 -194.245, 55.329 -194.494, 55.566 -194.711, 55.833 -194.89, 56.124 -195.027, 56.432 -195.119, 56.75 -195.164, 57.071 -195.161, 57.388 -195.111, 57.695 -195.013, 57.983 -194.872, 58.247 -194.688, 58.481 -194.468, 58.679 -194.215, 58.837 -193.935, 58.952 -193.635, 59.021 -193.321, 59.042 -193.001, 59.016 -192.68, 58.942 -192.368, 58.822 -192.07, 58.659 -191.793, 58.456 -191.543, 58.219 -191.327, 57.952 -191.148, 57.661 -191.011, 57.353 -190.919, 57.035 -190.874, 56.714 -190.876, 56.396 -190.927, 56.09 -191.024, 55.802 -191.166), (57.54842407114644 -124.2039164138655, 58.50767254414433 -124.41432745593337, 57.549 -124.204, 57.54842407114644 -124.2039164138655), (57.862 -107.392, 57.77557954545437 -107.39421590909092, 57.957131578947376 -107.39792105263157, 57.862 -107.392), (57.58 -118.767, 57.562255125283734 -118.76267198177652, 57.591326923077425 -118.7699230769232, 57.58 -118.767), (56.973 -107.462, 57.355 -107.405, 56.853 -107.479, 56.973 -107.462), (55.87949546839794 -100.23022054322416, 55.443 -102.349, 55.41564173702581 -102.48190711704127, 55.87949546839794 -100.23022054322416), (55.501 22.404, 55.233576271186905 22.343728813559427, 55.284 22.355, 55.501 22.404), (55.563 22.602, 55.627 22.809, 55.693 23.021, 55.733 23.148, 55.779 23.295, 55.844 23.507, 55.501 22.404, 55.563 22.602), (55.704 23.659, 55.557 23.818, 55.406 23.982, 55.316 24.079, 55.211 24.193, 55.07766912996354 24.336997339639375, 55.07759986591185 24.337022112013734, 55.844 23.507, 55.704 23.659), (55.558 -107.994, 55.66 -107.928, 55.49199999999958 -108.03645070422562, 55.558 -107.994), (55.34093327908866 -108.13397030105779, 55.234 -108.203, 55.143605559729565 -108.27809691960928, 55.34093327908866 -108.13397030105779), (54.86760852713269 22.261248062015706, 54.938 22.277, 54.99744680851 22.29051063829773, 54.86760852713269 22.261248062015706), (43.057 -178.665, 42.865 -179.541, 42.806 -180.436, 42.88 -181.33, 43.087 -182.202, 43.422 -183.034, 43.877 -183.807, 44.442 -184.503, 45.104 -185.108, 45.849 -185.607, 46.66 -185.989, 47.52 -186.246, 48.407 -186.372, 49.304 -186.365, 50.19 -186.224, 51.044 -185.952, 51.849 -185.556, 52.586 -185.045, 53.238 -184.429, 53.791 -183.724, 54.233 -182.943, 54.554 -182.106, 54.746 -181.23, 54.805 -180.335, 54.731 -179.441, 54.524 -178.569, 54.189 -177.737, 53.734 -176.964, 53.169 -176.268, 52.507 -175.663, 51.762 -175.164, 50.95 -174.782, 50.091 -174.525, 49.203 -174.399, 48.307 -174.406, 47.421 -174.547, 46.567 -174.819, 45.762 -175.215, 45.025 -175.726, 44.373 -176.342, 43.82 -177.047, 43.378 -177.828, 43.057 -178.665), (54.39022166246828 24.203687657430677, 54.60908520179353 24.25305829596408, 54.478 24.224, 54.39022166246828 24.203687657430677), (54.59183763825955 -106.4809018500584, 46.794 -101.767, 46.597 -101.648, 46.471 -101.571, 46.30733054290343 -101.47299433706793, 54.591837637567274 -106.48090185341891, 54.59183763825955 -106.4809018500584), (54.22021377393565 24.165337742965946, 54.27194696969716 24.177007575757617, 54.22053837859034 24.16552798745221, 54.22021377393565 24.165337742965946), (54.267616743920996 -108.05476831993357, 46.343160610261464 -103.26439805825119, 46.415 -103.308, 54.26761674235912 -108.05476832751545, 54.267616743920996 -108.05476831993357), (53.898 -109.849, 53.845 -109.965, 54.069 -109.51, 53.898 -109.849), (54.21989665561966 -108.2864160891811, 54.157 -108.589, 53.898 -109.849, 54.21989665561966 -108.2864160891811), (53.832619047618124 23.773023809520836, 53.89571666273403 23.97515628585144, 53.89556690986541 23.975068518602434, 53.873 23.903, 53.832619047618124 23.773023809520836), (52.8211979033495 -85.27534032216833, 53.72488930070857 -82.68318985534985, 53.724626640189825 -82.68313222348993, 53.325 -83.83, 53.321 -83.841, 52.824 -85.266, 52.8211979033495 -85.27534032216833), (53.502 -110.469, 45.798 -105.811, 45.73339699149765 -105.7721589274035, 53.502 -110.469), (52.6 -3.888, 53.457 -9.102, 52.479 -3.151, 52.599 -3.885, 52.6 -3.888), (50.634 -165.537, 50.62 -165.746, 50.638 -165.954, 50.686 -166.158, 50.764 -166.352, 50.87 -166.532, 51.002 -166.695, 51.157 -166.836, 51.33 -166.952, 51.52 -167.041, 51.72 -167.101, 51.927 -167.131, 52.137 -167.129, 52.343 -167.096, 52.543 -167.033, 52.73 -166.941, 52.902 -166.821, 53.054 -166.678, 53.183 -166.513, 53.287 -166.331, 53.361 -166.135, 53.406 -165.931, 53.42 -165.722, 53.403 -165.514, 53.354 -165.31, 53.276 -165.116, 53.17 -164.936, 53.038 -164.773, 52.884 -164.632, 52.71 -164.516, 52.521 -164.427, 52.32 -164.367, 52.113 -164.337, 51.904 -164.339, 51.697 -164.372, 51.498 -164.435, 51.31 -164.527, 51.138 -164.647, 50.986 -164.79, 50.857 -164.955, 50.754 -165.137, 50.679 -165.333, 50.634 -165.537), (52.993 -111.931, 45.34749382066807 -107.30917722850393, 45.418 -107.352, 52.993 -111.931), (52.483 -119.231, 52.731 -119.674, 52.824999999997594 -119.8030134228155, 52.809 -119.781, 52.672 -119.568, 52.548 -119.347, 52.483 -119.231), (52.287 -123.487, 52.523 -123.258, 52.166 -123.604, 52.287 -123.487), (52.220818181817215 -129.82577272727715, 52.274 -129.584, 52.30300917431198 -129.45111238532084, 52.220818181817215 -129.82577272727715), (52.291 -118.762, 52.259 -118.644, 52.21426359832605 -118.48199999999889, 52.291 -118.762), (49.763 -146.04, 49.912 -146.05, 50.061 -146.037, 50.207 -146.003, 50.345 -145.947, 50.474 -145.871, 50.59 -145.777, 50.691 -145.667, 50.774 -145.543, 50.838 -145.407, 50.881 -145.264, 52.167 -139.404, 52.188 -139.256, 52.186 -139.106, 52.163 -138.959, 52.118 -138.816, 52.052 -138.682, 51.966 -138.559, 51.864 -138.451, 51.746 -138.358, 51.616 -138.285, 51.477 -138.231, 51.331 -138.199, 51.181 -138.189, 51.032 -138.202, 50.887 -138.236, 50.748 -138.292, 50.62 -138.368, 50.503 -138.462, 50.403 -138.572, 50.32 -138.697, 50.256 -138.832, 50.213 -138.975, 49.203374843799885 -143.57640982930707, 48.92689314294449 -144.8367530878198, 48.906 -144.984, 48.907 -145.133, 48.931 -145.281, 48.976 -145.423, 49.042 -145.557, 49.127 -145.68, 49.23 -145.789, 49.348 -145.881, 49.478 -145.954, 49.617 -146.008, 49.763 -146.04), (51.92883028485757 -131.1557623988006, 51.919 -131.142, 51.89000000000041 -131.10400000000055, 51.92882836348933 -131.1557711513191, 51.92883028485757 -131.1557623988006), (51.539 -130.63, 51.519303030303035 -130.59969696969696, 51.563 -130.668, 51.539 -130.63), (51.76700000000202 -130.9400000000027, 51.675 -130.817, 51.563 -130.668, 51.76700000000202 -130.9400000000027), (51.487 -130.549, 51.46 -130.507, 51.50175675675661 -130.57227027027005, 51.487 -130.549), (51.169 -129.963, 51.161200000000214 -129.94587058823575, 51.218 -130.072, 51.169 -129.963), (50.295 -5.044, 50.295 -5.041, 50.185 -4.376, 51.112 -10.015, 50.295 -5.044), (51.067 -129.736, 51.014 -129.619, 51.08714285714293 -129.78142016806737, 51.067 -129.736), (50.7 -128.489, 50.676 -128.367, 50.771 -128.854, 50.748 -128.733, 50.724 -128.611, 50.7 -128.489), (50.909 -129.332, 50.875 -129.214, 50.841 -129.095, 50.806 -128.975, 50.771 -128.854, 50.909 -129.332), (50.95828571428568 -129.46671428571418, 50.936 -129.405, 50.909 -129.332, 50.95828571428568 -129.46671428571418), (50.848 -136.013, 50.863 -136.011, 50.723 -136.024, 50.8 -136.017, 50.848 -136.013), (50.673 -128.342, 50.67029824561408 -128.325114035088, 50.673636363636355 -128.34963636363628, 50.673 -128.342), (50.614 -127.681, 50.668662576687105 -128.31309815950908, 50.66871114265435 -128.31345493257615, 50.658 -128.182, 50.646 -128.047, 50.634 -127.912, 50.623 -127.776, 50.614 -127.681), (50.443 -136.083, 50.400942857143036 -135.9559142857148, 50.411 -135.987, 50.443 -136.083), (50.345951219512095 -135.78974390243872, 50.305 -135.666, 50.342 -135.778, 50.345951219512095 -135.78974390243872), (50.183 -135.389, 50.206 -135.434, 50.229 -135.478, 50.1731999999999 -135.3693999999998, 50.183 -135.389), (49.998728205127904 -135.0701282051277, 49.897 -134.902, 49.959 -135.005, 49.998728205127904 -135.0701282051277), (49.886 -89.219, 49.852 -89.265, 49.818 -89.31, 49.785 -89.355, 49.751 -89.4, 49.755 -89.402, 49.886 -89.219), (49.29894084507127 -134.25828450704296, 49.25319999999969 -134.21979999999974, 49.278 -134.241, 49.29894084507127 -134.25828450704296), (48.876720854453296 -5.755162563359881, 48.774 -5.13, 48.876 -5.753, 48.876720854453296 -5.755162563359881), (45.572 -136.784, 45.558 -136.993, 45.576 -137.201, 45.624 -137.405, 45.702 -137.599, 45.808 -137.779, 45.94 -137.942, 46.094 -138.083, 46.268 -138.199, 46.458 -138.289, 46.658 -138.349, 46.865 -138.378, 47.074 -138.376, 47.281 -138.343, 47.481 -138.28, 47.668 -138.188, 47.84 -138.068, 47.992 -137.925, 48.121 -137.76, 48.225 -137.578, 48.299 -137.382, 48.344 -137.178, 48.358 -136.969, 48.341 -136.761, 48.292 -136.557, 48.214 -136.363, 48.108 -136.183, 47.976 -136.02, 47.822 -135.879, 47.648 -135.763, 47.459 -135.674, 47.258 -135.614, 47.051 -135.584, 46.842 -135.586, 46.635 -135.619, 46.436 -135.682, 46.248 -135.775, 46.076 -135.894, 45.924 -136.037, 45.795 -136.202, 45.692 -136.384, 45.617 -136.58, 45.572 -136.784), (48.069 -96.316, 48.103 -96.27, 48.138 -96.224, 48.172 -96.178, 48.044 -96.344, 48.035 -96.362, 48.069 -96.316), (45.893 -31.684, 40.523 -34.36, 40.518 -34.351, 40.394 -34.424, 40.282 -34.514, 40.183 -34.62, 40.127 -34.697, 40.101 -34.681, 40.068 -34.734, 40.094 -34.75, 40.059 -34.817, 40.018 -34.914, 39.979 -35.052, 39.961 -35.187, 39.959 -35.289, 39.964 -35.359, 39.974 -35.433, 40.074 -35.701, 40.065 -35.706, 40.138 -35.83, 40.228 -35.942, 40.333 -36.04, 40.452 -36.123, 40.58 -36.188, 40.717 -36.233, 40.859 -36.259, 41.003 -36.265, 41.146 -36.25, 41.286 -36.214, 41.419 -36.159, 41.415 -36.15, 46.785 -33.474, 46.79 -33.484, 46.914 -33.41, 47.026 -33.32, 47.125 -33.215, 47.207 -33.096, 47.272 -32.968, 47.317 -32.831, 47.343 -32.689, 47.349 -32.545, 47.334 -32.402, 47.298 -32.262, 47.243 -32.129, 47.234 -32.133, 47.08 -31.892, 46.947 -31.773, 46.856 -31.712, 46.727 -31.647, 46.663 -31.623, 46.552 -31.592, 46.473 -31.578, 46.401 -31.571, 46.269 -31.572, 46.138 -31.589, 46.011 -31.624, 45.889 -31.675, 45.893 -31.684), (46.782 -97.937, 46.693 -98.341, 46.599 -98.772, 46.856660287080814 -97.59788038277753, 46.782 -97.937), (46.663 -98.811, 46.743 -98.86, 46.833 -98.914, 46.917 -98.965, 47.071 -99.058, 47.07978947369131 -99.06331578947798, 46.599 -98.772, 46.663 -98.811), (46.023 -193.705, 45.891 -193.669, 45.693 -193.641, 45.488 -193.641, 45.268 -193.675, 45.055 -193.743, 44.85 -193.849, 44.734 -193.93, 44.632 -194.016, 44.536 -194.116, 44.449 -194.226, 44.343 -194.401, 44.264 -194.59, 44.213 -194.787, 44.191 -194.991, 44.2 -195.195, 44.237 -195.396, 44.304 -195.589, 44.398 -195.77, 44.518 -195.936, 44.66 -196.083, 44.822 -196.207, 45.001 -196.306, 45.192 -196.379, 45.391 -196.423, 45.595 -196.437, 45.799 -196.421, 45.998 -196.376, 46.189 -196.303, 46.367 -196.202, 46.528 -196.077, 46.669 -195.929, 46.788 -195.763, 46.881 -195.581, 46.946 -195.387, 46.983 -195.186, 46.99 -194.982, 46.967 -194.779, 46.916 -194.586, 46.835 -194.396, 46.718 -194.206, 46.571 -194.038, 46.394 -193.89, 46.276 -193.816, 46.155 -193.756, 46.023 -193.705), (46.8534903442488 -31.369349472899124, 46.524098743266656 -30.70828853552022, 46.575 -30.811, 46.676 -31.014, 46.791 -31.245, 46.8534903442488 -31.369349472899124), (46.041 -101.312, 46.29612537713591 -101.46622091853766, 46.159 -101.383, 46.041 -101.312), (45.809627218934814 -102.36941420118386, 45.928443037974034 -101.82640506329409, 45.874 -102.073, 45.809627218934814 -102.36941420118386), (45.37736392914635 -105.55690391841105, 45.46487155963354 -105.60981039755383, 45.421 -105.583, 45.37736392914635 -105.55690391841105), (45.414 -153.851, 45.152 -153.886, 44.885 -153.924, 45.414 -153.851), (45.141 -105.414, 45.272974930361926 -105.49379108635087, 45.226 -105.465, 45.141 -105.414), (44.798 -106.977, 44.9743853073463 -106.17323838080969, 44.972 -106.184, 44.798 -106.977), (38.789 -168.701, 38.952 -168.978, 39.155 -169.228, 39.392 -169.444, 39.659 -169.623, 39.95 -169.76, 40.258 -169.852, 40.576 -169.897, 40.897 -169.895, 41.214 -169.844, 41.521 -169.747, 41.809 -169.605, 42.073 -169.422, 42.307 -169.201, 42.505 -168.948, 42.663 -168.669, 42.778 -168.369, 42.847 -168.055, 42.868 -167.734, 42.842 -167.414, 42.768 -167.101, 42.648 -166.803, 42.485 -166.526, 42.282 -166.277, 42.045 -166.06, 41.778 -165.881, 41.487 -165.744, 41.179 -165.652, 40.861 -165.607, 40.54 -165.61, 40.222 -165.66, 39.916 -165.757, 39.628 -165.899, 39.364 -166.083, 39.13 -166.303, 38.932 -166.556, 38.774 -166.836, 38.659 -167.136, 38.59 -167.45, 38.569 -167.77, 38.595 -168.09, 38.669 -168.403, 38.789 -168.701), (40.244 -18.223, 40.265944999999995 -18.1481875, 40.26585939410406 -18.148015622877328, 40.239 -18.151, 40.244 -18.223), (32.875 -21.251, 32.929 -21.385, 32.939 -21.38, 33.093 -21.621, 33.226 -21.741, 33.317 -21.802, 33.445 -21.867, 33.509 -21.891, 33.621 -21.922, 33.7 -21.935, 33.772 -21.942, 33.904 -21.942, 34.035 -21.924, 34.162 -21.889, 34.284 -21.838, 34.28 -21.829, 39.65 -19.154, 39.655 -19.163, 39.779 -19.089, 39.891 -18.999, 39.989 -18.894, 40.046 -18.816, 40.072 -18.833, 40.105 -18.779, 40.079 -18.764, 40.114 -18.697, 40.155 -18.6, 40.194 -18.462, 40.212 -18.326, 40.214 -18.224, 40.209 -18.154, 40.198 -18.081, 40.099 -17.813, 40.108 -17.808, 40.035 -17.684, 39.945 -17.571, 39.839 -17.473, 39.721 -17.391, 39.592 -17.326, 39.456 -17.28, 39.314 -17.254, 39.17 -17.249, 39.027 -17.264, 38.887 -17.299, 38.754 -17.354, 38.758 -17.363, 33.388 -20.039, 33.383 -20.03, 33.259 -20.103, 33.147 -20.193, 33.048 -20.299, 32.966 -20.417, 32.901 -20.546, 32.855 -20.682, 32.829 -20.824, 32.824 -20.968, 32.839 -21.112, 32.875 -21.251), (39.80568879561357 -35.16245973959103, 39.82236149889865 -35.19592432035426, 39.813 -35.177, 39.80568879561357 -35.16245973959103), (39.4 -34.348, 39.389428841102514 -34.326964461587835, 39.461744487061566 -34.47211265581061, 39.4 -34.348), (38.877 -195.59, 38.846 -195.638, 38.868 -195.658, 38.877 -195.59), (38.51967924528167 -134.12930188679303, 38.435 -134.165, 38.3519345794379 -134.20077570093517, 38.51967924528167 -134.12930188679303), (35.082 -186.62, 34.818 -186.803, 34.584 -187.023, 34.386 -187.276, 34.227 -187.556, 34.112 -187.856, 34.044 -188.17, 34.022 -188.491, 34.049 -188.811, 34.123 -189.123, 34.243 -189.422, 34.406 -189.698, 34.608 -189.948, 34.846 -190.165, 35.113 -190.343, 35.404 -190.48, 35.711 -190.573, 36.029 -190.618, 36.351 -190.615, 36.668 -190.564, 36.974 -190.467, 37.263 -190.325, 37.527 -190.142, 37.76 -189.922, 37.959 -189.669, 38.117 -189.389, 38.232 -189.089, 38.301 -188.775, 38.322 -188.454, 38.295 -188.134, 38.221 -187.821, 38.101 -187.523, 37.938 -187.246, 37.736 -186.997, 37.498 -186.78, 37.231 -186.602, 36.941 -186.465, 36.633 -186.372, 36.315 -186.327, 35.993 -186.33, 35.676 -186.38, 35.37 -186.478, 35.082 -186.62), (37.973 -134.362, 37.94300908439266 -134.37490748266646, 38.012745579790696 -134.34522663605162, 37.973 -134.362), (34.83 -146.607, 35.367 -145.067, 37.871 -137.883, 34.6511405061713 -147.11997606283506, 34.686 -147.021, 34.83 -146.607), (36.089 -142.997, 36.944 -140.544, 37.871 -137.883, 36.089 -142.997), (37.86893913728574 -157.1247941697856, 37.861300043611095 -157.15960750108982, 37.866 -157.139, 37.86893913728574 -157.1247941697856), (37.728 -134.466, 37.7135376131225 -134.47257381221704, 37.83627044711021 -134.4203369683751, 37.792 -134.439, 37.728 -134.466), (36.685 -147.57, 36.745 -147.524, 36.802 -147.474, 36.8 -147.471, 36.741 -147.523, 36.678 -147.571, 36.611 -147.612, 36.62 -147.611, 36.685 -147.57), (35.896 -176.943, 35.805 -177.368, 35.667 -178.018, 35.896 -176.943), (35.965 -175.847, 35.933 -176.354, 35.896 -176.943, 35.965 -175.847), (35.78 -174.355, 35.873 -174.752, 35.623 -173.682, 35.78 -174.355), (32.754 -177.149, 32.766 -177.356, 32.808 -177.558, 32.88 -177.751, 32.979 -177.932, 33.104 -178.097, 33.252 -178.241, 33.419 -178.362, 33.602 -178.457, 33.798 -178.525, 34.001 -178.562, 34.207 -178.57, 34.412 -178.547, 34.605 -178.496, 34.795 -178.415, 34.983 -178.299, 35.142 -178.163, 35.284 -177.998, 35.401 -177.808, 35.487 -177.598, 35.525 -177.453, 35.555 -177.319, 35.546 -177.317, 35.552 -177.093, 35.527 -176.886, 35.467 -176.685, 35.374 -176.484, 35.262 -176.315, 35.125 -176.162, 34.965 -176.029, 34.805 -175.931, 34.634 -175.856, 34.454 -175.803, 34.25 -175.774, 34.043 -175.775, 33.839 -175.807, 33.642 -175.868, 33.456 -175.957, 33.285 -176.073, 33.133 -176.213, 33.003 -176.374, 32.898 -176.552, 32.821 -176.743, 32.772 -176.944, 32.754 -177.149), (34.66934042351919 -171.70859081767793, 34.911 -172.128, 35.218 -172.66, 34.66934050337841 -171.70859045394582, 34.66934042351919 -171.70859081767793), (34.088089903111936 -180.88588170643166, 34.753 -180.011, 34.327 -180.57, 34.08808983979554 -180.88588121600253, 34.088089903111936 -180.88588170643166), (34.59537735849051 -172.04546792452857, 34.607 -171.993, 34.62925287356333 -171.89117624521023, 34.59537735849051 -172.04546792452857), (34.52635691119331 -147.47814812306413, 34.587 -147.306, 34.61986818146468 -147.20968858454538, 34.5264747459585 -147.47761112273372, 34.52635691119331 -147.47814812306413), (34.534 -172.35, 34.57061619174986 -172.15824678530993, 34.48050646227835 -172.56866656647622, 34.534 -172.35), (34.415 -172.868, 34.43811542390179 -172.7617436159353, 34.384188311688135 -173.00736363636443, 34.415 -172.868), (34.073 -180.769, 34.08763862332697 -180.88238623326967, 34.085 -180.856, 34.073 -180.769), (33.81597727272521 -180.74536363636344, 33.87735869565478 -180.75178260869592, 33.843 -180.748, 33.81597727272521 -180.74536363636344), (33.005 -180.575, 32.94 -180.556, 33.382 -180.687, 33.197 -180.632, 33.005 -180.575), (32.749 -180.485, 32.339 -180.275, 32.663 -180.441, 32.749 -180.485), (28.944117647058754 -182.68888235294062, 28.92855882352941 -182.5664411764706, 28.936 -182.628, 28.944117647058754 -182.68888235294062), (25.056 -18.855, 25.088 -18.9, 25.123 -18.943, 25.424 -19.294, 25.399 -19.307, 25.4 -19.31, 25.429 -19.295, 25.125 -18.941, 25.03 -18.807, 25.027082995643802 -18.80813451018134, 25.056 -18.855), (24.691250000003038 -18.93874999999882, 24.667634285718655 -18.947934857141156, 23.681143769968056 -19.331952076677315, 23.684 -19.331, 24.691250000003038 -18.93874999999882), (24.277 -48.316, 24.225 -48.422, 24.322 -48.358, 24.277 -48.316), (24.097 -48.654, 24.042 -48.744, 24.061 -48.714, 24.079 -48.685, 24.097 -48.654), (23.717 -49.218, 23.738 -49.191, 23.757 -49.163, 23.696 -49.245, 23.717 -49.218), (23.513 -49.467, 23.52049999999992 -49.45800000000009, 23.498 -49.484, 23.513 -49.467), (23.243 -49.753, 23.268 -49.729, 23.293 -49.704, 23.318 -49.679, 23.243 -49.753), (22.758 -50.178, 22.795 -50.151, 22.831 -50.122, 22.866 -50.092, 22.758 -50.178), (22.246 -50.53, 22.279 -50.51, 22.311 -50.49, 22.343 -50.469, 22.246 -50.53), (21.887 -50.731, 21.894999999999957 -50.72650000000002, 21.87 -50.74, 21.887 -50.731), (13.112 -48.738, 13.123 -48.811, 13.222 -49.079, 13.213 -49.084, 13.286 -49.208, 13.376 -49.32, 13.482 -49.419, 13.6 -49.501, 13.729 -49.566, 13.865 -49.612, 14.007 -49.638, 14.151 -49.643, 14.295 -49.628, 14.434 -49.593, 14.567 -49.538, 14.563 -49.529, 19.933 -46.853, 19.938 -46.862, 20.062 -46.789, 20.174 -46.698, 20.273 -46.593, 20.355 -46.475, 20.42 -46.346, 20.466 -46.209, 20.492 -46.068, 20.497 -45.924, 20.482 -45.78, 20.446 -45.641, 20.392 -45.507, 20.382 -45.512, 20.228 -45.271, 20.095 -45.151, 20.004 -45.09, 19.876 -45.025, 19.812 -45.001, 19.7 -44.97, 19.621 -44.957, 19.549 -44.95, 19.417 -44.95, 19.286 -44.968, 19.159 -45.003, 19.037 -45.054, 19.041 -45.063, 13.671 -47.738, 13.667 -47.729, 13.542 -47.803, 13.43 -47.893, 13.332 -47.998, 13.275 -48.076, 13.25 -48.059, 13.216 -48.113, 13.242 -48.128, 13.207 -48.195, 13.166 -48.292, 13.127 -48.43, 13.109 -48.566, 13.107 -48.668, 13.112 -48.738), (16.483 -53.423, 16.499 -53.415, 16.449 -53.439, 16.466 -53.431, 16.483 -53.423), (16.078 -53.601, 16.112 -53.587, 16.008 -53.627, 16.043 -53.614, 16.078 -53.601), (15.348 -22.576, 15.381 -22.563, 15.924504119543505 -22.351404292017605, 13.453198416662758 -23.313422086386172, 15.348 -22.576), (15.491 -53.794, 15.534 -53.781, 15.403 -53.815, 15.447 -53.806, 15.491 -53.794), (14.826 -53.927, 14.871 -53.92, 14.915 -53.913, 14.781 -53.931, 14.826 -53.927), (14.216 -53.973, 14.25 -53.972, 14.285 -53.97, 14.181 -53.973, 14.216 -53.973), (13.921 -32.544, 13.93157115889662 -32.56503553841044, 13.907031992191841 -32.51578180240776, 13.921 -32.544), (13.854 -53.967, 13.887 -53.969, 13.921 -53.97, 13.821 -53.964, 13.854 -53.967), (13.489 -62.753, 13.492 -62.735, 13.493551724137932 -62.71948275862069, 13.489 -62.753), (6.536 -33.417, 6.531 -33.408, 6.407 -33.482, 6.295 -33.572, 6.196 -33.677, 6.114 -33.795, 6.049 -33.924, 6.004 -34.061, 5.978 -34.203, 5.972 -34.347, 5.987 -34.49, 6.023 -34.63, 6.078 -34.763, 6.087 -34.758, 6.241 -34.999, 6.374 -35.119, 6.465 -35.18, 6.594 -35.245, 6.658 -35.269, 6.769 -35.3, 6.848 -35.314, 6.92 -35.321, 7.052 -35.32, 7.183 -35.302, 7.31 -35.268, 7.432 -35.217, 7.428 -35.208, 12.798 -32.532, 12.803 -32.541, 12.927 -32.468, 13.039 -32.377, 13.138 -32.272, 13.194 -32.195, 13.22 -32.211, 13.253 -32.158, 13.227 -32.142, 13.262 -32.075, 13.303 -31.978, 13.342 -31.84, 13.36 -31.705, 13.362 -31.603, 13.357 -31.533, 13.347 -31.459, 13.247 -31.191, 13.256 -31.186, 13.183 -31.062, 13.093 -30.95, 12.988 -30.851, 12.869 -30.769, 12.741 -30.704, 12.604 -30.658, 12.462 -30.633, 12.318 -30.627, 12.175 -30.642, 12.035 -30.678, 11.902 -30.733, 11.906 -30.742, 6.536 -33.417), (13.082 -48.741, 13.077 -48.669, 13.055055 -48.7438125, 13.055140605895938 -48.74398437712267, 13.082 -48.741), (12.734108938547498 -48.09942597765366, 12.778076260762596 -48.18770233702335, 12.757 -48.145, 12.734108938547498 -48.09942597765366), (12.390450320516207 -63.163150641024146, 12.384 -63.166, 12.37227862068355 -63.17119448276132, 12.390450320516207 -63.163150641024146), (-28.35 -75.918, -28.752 -76.143, -28.936 -76.231, -29.127 -76.301, -29.569 -76.431, -30.026 -76.496, -30.229 -76.511, -30.69 -76.491, -30.892 -76.469, -31.091 -76.428, -31.536 -76.305, -31.958 -76.12, -32.139 -76.026, -32.536 -75.754, -32.742 -75.859, -32.814 -78.814, -32.932 -83.619, -32.938 -83.864, -31.399 -83.678, -30.810402654855967 -83.60726991150307, -30.087 -83.52, -29.199 -83.413, -28.831 -83.369, -28.528 -83.333, -21.541 -79.963, -18.658 -78.573, -16.196 -77.386, -16.127 -77.374, -16.078 -77.366, -16.059351351351307 -77.36351351351351, -16.038 -77.36, -10.188 -76.412, 11.091 -65.592, 11.13 -64.011, 11.13 -64.005, 11.13027591085957 -63.99975769366819, 11.135963608405941 -63.76800589441334, 11.137 -63.718, 11.140462328767136 -63.58470034246527, 11.145983606557365 -63.3597295081972, 11.148 -63.27, 11.150756302521023 -63.16526050420115, 11.177065693430606 -62.09325401460066, 11.182 -61.887, 11.232585034013852 -59.831054421758715, 11.39 -53.417, -3.508 -60.993, -3.627 -61.248, -3.884 -61.684, -4.04 -61.9, -4.373 -62.282, -4.548 -62.449, -4.943 -62.766, -5.165 -62.912, -5.491 -63.095, -10.862 -65.771, -11.198 -65.919, -11.672 -66.073, -11.926 -66.131, -12.419 -66.198, -12.917 -66.206, -13.154 -66.189, -13.591 -66.121, -26.739 -72.807, -26.739 -73.142, -26.761 -73.344, -26.843 -73.798, -26.988 -74.236, -27.065 -74.424, -27.288 -74.828, -27.398 -74.999, -27.523 -75.159, -27.831 -75.502, -27.984 -75.637, -28.35 -75.918), (11.144 -63.448, 11.144117647058817 -63.44276470588263, 11.143684210526333 -63.46021052631513, 11.144 -63.448), (11.131 -63.986, 11.132 -63.954, 11.133 -63.911, 11.13559375 -63.785851562500035, 11.130282352941178 -63.99963529411764, 11.131 -63.986), (6.53 -35.647, 6.522257903494207 -35.631594009983424, 6.611893939393624 -35.81149999999936, 6.53 -35.647), (2.873 -20.685952100089363, 2.872988865037047 -20.685957687140778, 2.873 -20.686, 2.873 -20.685952100089363), (2.332 -24.208, 0.334 -24.986, 2.3415549597854737 -24.204525469168917, 2.332 -24.208), (-2.796 -24.555, -2.572 -24.536, -2.629 -24.54, -2.685 -24.544, -2.741 -24.547, -2.797 -24.551, -2.796 -24.555), (-13.775 -62.047, -13.797 -62.122, -13.77 -62.119, -13.775 -62.047), (-13.88733333333362 -61.94133333333276, -13.63 -62.458, -13.797 -62.122, -13.88733333333362 -61.94133333333276), (-13.639 -62.462, -13.566 -62.586, -13.475 -62.699, -13.37 -62.797, -13.252 -62.88, -13.123 -62.944, -12.986 -62.99, -12.845 -63.016, -12.701 -63.021, -12.557 -63.006, -12.418 -62.971, -12.284 -62.916, -12.289 -62.907, -6.918 -60.231, -6.914 -60.24, -6.79 -60.167, -6.677 -60.077, -6.579 -59.971, -6.497 -59.853, -6.432 -59.724, -6.386 -59.588, -6.36 -59.446, -6.355 -59.302, -6.37 -59.159, -6.405 -59.019, -6.46 -58.886, -6.469 -58.89, -6.624 -58.649, -6.757 -58.529, -6.847 -58.468, -6.976 -58.404, -7.04 -58.379, -7.152 -58.349, -7.231 -58.335, -7.302 -58.328, -7.435 -58.328, -7.566 -58.346, -7.693 -58.381, -7.815 -58.432, -7.81 -58.441, -13.181 -61.117, -13.185 -61.108, -13.309 -61.181, -13.422 -61.271, -13.52 -61.377, -13.577 -61.454, -13.602 -61.437, -13.636 -61.491, -13.609 -61.506, -13.645 -61.574, -13.686 -61.671, -13.724 -61.809, -13.743 -61.944, -13.744 -62.046, -13.74 -62.116, -13.729 -62.189, -13.63 -62.458, -13.639 -62.462), (-6.935931860037212 -57.95372007366406, -6.912 -58.002, -6.814 -58.199, -6.692 -58.444, -6.469 -58.89, -6.935931860037212 -57.95372007366406), (-7.1539660339662685 -57.51652347652301, -7.242 -57.34, -7.185 -57.455, -7.1539660339662685 -57.51652347652301), (-9.206 -27.766, -9.149 -27.762, -9.092 -27.758, -9.035 -27.754, -8.978 -27.75, -9.187 -27.761, -9.206 -27.766), (-11.859052679382454 -28.925125340598992, -11.851 -28.975, -11.818 -29.175, -10.357147023307721 -38.06210558305337, -10.357147021382351 -38.06210558199281, -11.859052679382454 -28.925125340598992), (-10.44340875912409 -28.199547445255465, -10.40488852459015 -28.433944626593888, -10.427 -28.298, -10.44340875912409 -28.199547445255465), (-10.496 -27.876, -10.524 -27.709, -10.525722627737307 -27.698664233576153, -10.481792499999987 -27.96598083333342, -10.496 -27.876), (-11.155 -42.481, -11.07 -42.594, -11.215 -42.401, -11.554 -42.024, -11.28 -42.329, -11.155 -42.481), (-11.218 -27.835, -11.583 -28.03, -11.972 -28.238, -11.090124999998265 -27.766749999999075, -11.218 -27.835), (-11.96 -28.312, -11.945 -28.405, -11.936030371203588 -28.45682452193483, -11.972 -28.238, -11.96 -28.312), (-12.043918105234056 -41.61759508355202, -11.848099938309673 -41.76762492288712, -11.936 -41.691, -12.043918105234056 -41.61759508355202), (-11.919790948275876 -28.55561853448267, -11.912 -28.606, -11.895743676222564 -28.701912310286875, -11.919790948275876 -28.55561853448267), (-13.026934197407954 -45.72910094715817, -13.034503527040387 -45.71391031239555, -13.03 -45.723, -13.026934197407954 -45.72910094715817), (-13.168 -41.04, -13.052 -41.074, -13.538 -40.929, -13.649157718120787 -40.90988087248323, -13.411 -40.967, -13.168 -41.04), (-13.313734693877505 -45.15353061224499, -13.358196500257314 -45.06430169840457, -13.344 -45.093, -13.313734693877505 -45.15353061224499), (-20.322 -49.026, -20.42 -48.829, -20.542 -48.583, -20.765 -48.137, -20.240106060605623 -49.19050000000088, -20.322 -49.026), (-20.611 -48.378, -20.478 -48.498, -20.387 -48.559, -20.258 -48.623, -20.194 -48.648, -20.083 -48.678, -20.004 -48.692, -19.932 -48.699, -19.8 -48.699, -19.669 -48.681, -19.541 -48.646, -19.419 -48.595, -19.424 -48.586, -14.054 -45.91, -14.049 -45.919, -13.925 -45.846, -13.813 -45.756, -13.714 -45.651, -13.657 -45.573, -13.632 -45.59, -13.599 -45.536, -13.625 -45.521, -13.589 -45.453, -13.549 -45.356, -13.51 -45.218, -13.492 -45.083, -13.49 -44.981, -13.495 -44.911, -13.505 -44.838, -13.605 -44.569, -13.595 -44.565, -13.669 -44.441, -13.759 -44.328, -13.864 -44.23, -13.982 -44.147, -14.111 -44.083, -14.248 -44.037, -14.39 -44.011, -14.534 -44.006, -14.677 -44.021, -14.817 -44.056, -14.95 -44.111, -14.946 -44.12, -20.316 -46.796, -20.32 -46.787, -20.445 -46.86, -20.557 -46.95, -20.655 -47.056, -20.738 -47.174, -20.802 -47.303, -20.848 -47.439, -20.874 -47.581, -20.88 -47.725, -20.864 -47.868, -20.829 -48.008, -20.774 -48.141, -20.765 -48.137, -20.611 -48.378), (-13.979 -61.756, -14.095 -61.524, -14.144666666666362 -61.42466666666728, -13.892905511810866 -61.930145669291655, -13.979 -61.756), (-14.215 -29.766, -14.225616835994195 -29.702678156748913, -14.205785094581106 -29.823370217607955, -14.215 -29.766), (-15.676 -30.217, -15.653 -30.362, -15.634 -30.474, -15.605 -30.652, -15.574 -30.844, -15.541 -31.043, -15.676 -30.217), (-17.845 -32.2, -17.876 -32.012, -17.896 -31.89, -17.902593856655184 -31.85075085324297, -17.845 -32.2), (-17.936 -31.648, -17.938749999999906 -31.631500000000557, -17.934125560538185 -31.659542600896444, -17.936 -31.648), (-19.355 -32.357, -19.325 -32.54, -19.295 -32.722, -19.264 -32.911, -19.381 -32.196, -19.355 -32.357), (-20.05 -49.572, -20.106 -49.459, -20.19940000000011 -49.27219999999978, -20.044597156398375 -49.58290047393311, -20.05 -49.572), (-30.931038874680304 -53.49921074168797, -30.983465687948105 -53.78341925571866, -31.009712225153915 -53.994281266490795, -31.01947211102215 -54.293967173738956, -31.016969396004157 -54.4929330176695, -30.980809130080363 -54.80118446488871, -30.951034654492627 -54.996786228124805, -30.859237348858056 -55.33271115091798, -30.81 -55.501, -30.614 -55.936, -26.845 -62.992, -26.591 -63.397, -26.476695523492477 -63.53454014058446, -26.245322923769255 -63.80098963589255, -26.11401628327732 -63.92039312483847, -25.873104513064153 -64.12619714964369, -25.697008290155416 -64.24731917098447, -25.45130744680851 -64.40005212765956, -25.257695831613646 -64.49731242261662, -24.99653287413908 -64.60993894802752, -24.791412143715117 -64.68027902151361, -24.50925203600518 -64.75444363480496, -24.300340425531967 -64.79497872340424, -24.008481927710687 -64.82640963855422, -23.801718290003002 -64.83813782808807, -23.506719983802096 -64.82629277181614, -23.295973101828906 -64.80946844090232, -22.988585274474467 -64.74954878644726, -22.80810120855684 -64.70974180831125, -22.41916366723207 -64.5716808149404, -22.370904596704314 -64.5539068269112, -22.193754289215594 -64.44240849673196, -21.977491338582706 -64.28654330708663, -21.753153468241855 -64.09528751900802, -21.56513342228155 -63.916288636869055, -21.36742864359682 -63.692432432432376, -21.202162408949928 -63.48500149862337, -21.042869372693733 -63.2422450184502, -20.90659574468084 -63.01349999999998, -20.780854413102826 -62.74487079162877, -20.678538258575202 -62.50229023746703, -20.58786420525658 -62.20224155193995, -20.526026528460996 -61.972309908643695, -20.47767364157948 -61.658849814377305, -20.44656608423559 -61.410446819704816, -20.443878753449116 -61.103553643888986, -20.446608654652138 -60.85467765088015, -20.490336914482196 -60.52901718951418, -20.524592919691635 -60.29979799416213, -20.62612698412701 -59.94247619047611, -20.678532165712358 -59.763822162344226, -20.906 -59.253, -22.554999999992187 -56.16600000001463, -24.206481793443047 -53.075056887391476, -24.499255499153957 -52.609893401015256, -24.647777777777925 -52.431666666666494, -24.862965138073232 -52.178676121454444, -25.02241336376834 -52.03379477069938, -25.282446612236246 -51.804746792492836, -25.460872067563326 -51.68237535189241, -25.74808695291774 -51.4939093998674, -25.94746895640696 -51.394014531043545, -26.25258498896248 -51.25119426048565, -26.482666178623703 -51.17346412884334, -26.77811093346452 -51.08364026564998, -27.028905859750267 -51.03515946205571, -27.337443361355486 -50.98819623172288, -27.582163422363138 -50.9751982797646, -27.887739218877115 -50.97198169243287, -28.157682794307945 -50.99472419146184, -28.439291044776134 -51.03253731343283, -28.71090599173558 -51.0935743801653, -28.981375075039015 -51.1704289830712, -29.237029263736794 -51.265799979245564, -29.423073193563784 -51.348644876980416, -29.482176211453584 -51.39155947136552, -29.794440521872602 -51.62352724481965, -29.937676470588286 -51.76093382352946, -30.153021069692038 -51.97861912479738, -30.276297297297308 -52.13385585585587, -30.456203303684894 -52.379552731893284, -30.566076923076903 -52.566610298792085, -30.696445736434114 -52.81657364341087, -30.781235294117646 -53.018235294117645, -30.87492113564669 -53.288883280757105, -30.931038874680304 -53.49921074168797), (-23.074 -64.946, -23.34446705997875 -65.0907148475901, -22.549 -64.666, -23.074 -64.946), (-23.757 -46.122, -23.711 -45.997, -23.808999999999905 -46.2620454545452, -23.757 -46.122), (-23.845655361596 -46.36118154613464, -23.887 -46.473, -23.917391250854408 -46.59997361585783, -23.845655361596 -46.36118154613464), (-24.971 -65.959, -25.05937870784332 -66.0063384802931, -24.827469002694645 -65.88251752021522, -24.971 -65.959), (-27.243 -48.595, -27.076 -48.611, -26.748 -48.642, -27.243 -48.595), (-31.158 -74.043, -30.981 -74.153, -30.788 -74.236, -30.586 -74.289, -30.378 -74.312, -30.169 -74.303, -29.964 -74.263, -29.766 -74.193, -29.582 -74.094, -29.414 -73.969, -29.267 -73.821, -29.143 -73.652, -29.046 -73.467, -28.978 -73.269, -28.94 -73.063, -28.933 -72.854, -28.957 -72.646, -29.013 -72.444, -29.097 -72.253, -29.209 -72.076, -29.346 -71.918, -29.506 -71.782, -29.683 -71.672, -29.875 -71.589, -30.078 -71.536, -30.286 -71.513, -30.495 -71.522, -30.7 -71.562, -30.897 -71.632, -31.082 -71.73, -31.25 -71.855, -31.397 -72.004, -31.521 -72.173, -31.618 -72.358, -31.686 -72.556, -31.724 -72.762, -31.731 -72.971, -31.706 -73.179, -31.651 -73.381, -31.567 -73.572, -31.455 -73.749, -31.317 -73.907, -31.158 -74.043), (-30.559 -49.462, -30.968 -49.745, -30.638 -49.517, -30.559 -49.462), (-32.584 -53.021, -32.255 -52.845, -31.721 -52.56, -31.159 -52.259, -30.937540305012067 -52.14061220043636, -33.141 -53.318, -37.1373902440077 -55.452932926885495, -32.918 -53.199, -32.584 -53.021), (-33.137 -53.302, -33.13051955307267 -53.27154189944155, -33.141 -53.318, -33.137 -53.302), (-31.609 -50.324, -31.5371707317077 -50.25065853658575, -31.798720797720783 -50.51570370370369, -31.79875609756096 -50.51574314024389, -31.704 -50.42, -31.609 -50.324), (-32.047583333333 -50.82483333333292, -32.142 -50.944, -32.065 -50.847, -32.047583333333 -50.82483333333292), (-32.454 -51.426, -32.416 -51.358, -32.52575609756086 -51.55336585365833, -32.491 -51.493, -32.454 -51.426), (-32.348 -51.256, -32.28 -51.153, -32.23467647058802 -51.084029411764384, -32.416 -51.358, -32.348 -51.256), (-32.62 -51.74, -32.566 -51.625, -32.68520000000018 -51.877456603773965, -32.674 -51.854, -32.62 -51.74), (-39.546 -73.026, -39.425 -73.114, -39.293 -73.184, -39.152 -73.232, -39.005 -73.26, -38.855 -73.264, -38.707 -73.247, -38.563 -73.208, -38.426998876397676 -73.14744475518437, -33.134 -70.32, -33.008 -70.24, -32.895 -70.142, -32.798 -70.028, -32.719 -69.902, -32.66 -69.764, -32.622 -69.62, -32.606 -69.471, -32.612 -69.322, -32.64 -69.175, -32.69 -69.034, -32.761 -68.902, -32.85 -68.783, -32.956 -68.677, -33.077 -68.589, -33.209 -68.52, -33.35 -68.471, -33.497 -68.444, -33.647 -68.439, -33.795 -68.456, -33.939 -68.496, -34.076 -68.556, -39.368 -71.383, -39.495 -71.463, -39.607 -71.561, -39.704 -71.675, -39.783 -71.802, -39.843 -71.939, -39.881 -72.084, -39.897 -72.232, -39.89 -72.382, -39.862 -72.528, -39.812 -72.669, -39.742 -72.801, -39.652 -72.921, -39.546 -73.026), (-32.85098437500001 -52.270593750000025, -32.881471518987226 -52.3527151898731, -32.868 -52.317, -32.85098437500001 -52.270593750000025), (-37.249 -53.867, -37.26074468085106 -53.93453191489361, -37.228 -53.751, -37.249 -53.867), (-37.217 -53.65, -37.223 -53.701, -37.228 -53.751, -37.217 -53.65), (-37.525007887034185 -55.65999226914471, -37.626 -55.561, -37.57 -55.616, -37.537 -55.649, -37.52500823239969 -55.65999245363361, -37.525007887034185 -55.65999226914471), (-37.592731343283454 -54.94986567164155, -37.57057894736837 -54.907210526315694, -37.579 -54.923, -37.592731343283454 -54.94986567164155), (-37.711610389610215 -55.15483116883088, -37.625 -55.012, -37.686 -55.112, -37.711610389610215 -55.15483116883088), (-37.853 -55.388, -37.77527272727295 -55.259818181818545, -37.8 -55.3, -37.853 -55.388), (-45.672 -61.56, -45.551 -61.648, -45.418 -61.717, -45.277 -61.766, -45.13 -61.793, -44.981 -61.798, -44.832 -61.781, -44.688 -61.741, -44.551 -61.681, -39.259 -58.854, -39.133 -58.774, -39.02 -58.676, -38.923 -58.562, -38.844 -58.435, -38.785 -58.298, -38.747 -58.153, -38.731 -58.005, -38.737 -57.855, -38.766 -57.709, -38.816 -57.568, -38.886 -57.436, -38.975 -57.316, -39.082 -57.211, -39.202 -57.123, -39.335 -57.053, -39.476 -57.005, -39.623 -56.978, -39.772 -56.973, -39.921 -56.99, -40.065 -57.029, -40.20084996378178 -57.08948794007802, -45.495841054439154 -59.918168923453436, -45.62 -59.997, -45.733 -60.095, -45.83 -60.209, -45.909 -60.336, -45.968 -60.473, -46.006 -60.617, -46.022 -60.766, -46.016 -60.915, -45.987 -61.062, -45.937 -61.203, -45.867 -61.335, -45.778 -61.455, -45.672 -61.56), (-38.959 -88.73, -38.95713501482454 -88.7365274481141, -38.95691999691921 -88.73641258181524, -38.987 -88.635, -38.974 -88.679, -38.965 -88.711, -38.959 -88.73), (-41.716 -52.263, -41.864 -52.411, -41.987 -52.58, -42.084 -52.765, -42.152 -52.963, -42.19 -53.169, -42.197 -53.378, -42.173 -53.586, -42.118 -53.788, -42.033 -53.979, -41.921 -54.156, -41.784 -54.314, -41.625 -54.45, -41.447 -54.56, -41.255 -54.643, -41.053 -54.696, -40.845 -54.719, -40.636 -54.71, -40.43 -54.67, -40.233 -54.6, -40.048 -54.502, -39.881 -54.377, -39.733 -54.228, -39.61 -54.059, -39.513 -53.874, -39.445 -53.676, -39.407 -53.47, -39.4 -53.261, -39.424 -53.053, -39.479 -52.851, -39.564 -52.66, -39.676 -52.483, -39.813 -52.325, -39.972 -52.189, -40.15 -52.079, -40.342 -51.996, -40.544 -51.943, -40.752 -51.92, -40.961 -51.929, -41.167 -51.969, -41.364 -52.039, -41.549 -52.138, -41.716 -52.263), (-44.191 -45.009, -44.388 -44.911, -44.534 -44.838, -44.641 -44.785, -44.717 -44.747, -44.786268292682976 -44.71305853658534, -43.781 -45.213, -43.992 -45.108, -44.191 -45.009), (-45.42649862290809 -92.1925738295365, -44.57177492086894 -91.73596558543389, -45.903 -92.447, -46.842338613316905 -92.94882093659109, -45.42649862290809 -92.1925738295365), (-46.114 -79.236, -46.151 -78.973, -46.078 -79.503, -46.114 -79.236), (-47.36811764705886 -47.002235294117625, -47.384 -46.994, -47.378 -46.998, -47.371 -47.001, -47.36811764705886 -47.002235294117625), (-55.03 -62.744, -54.442 -63.272, -54.632 -63.099, -54.828 -62.922, -55.03 -62.744), (-63.93 -102.028, -64.605 -102.32, -66.463 -102.986, -66.574 -103.02, -68.603 -103.52, -69.097 -103.61, -69.318 -103.646, -69.527 -103.678, -69.59184622133127 -103.68736282340076, -69.3183775384263 -106.41382915096025, -66.022 -105.724, -62.694 -104.487, -59.589 -102.768, -56.774 -100.605, -54.92965527288782 -98.68796066153882, -55.9739544462974 -97.82718529309858, -56.93199999989267 -98.33899999994266, -62.716 -101.429, -63.93 -102.028), (-55.373 -52.408, -55.372 -52.404, -55.45 -52.394, -55.527 -52.376, -55.602 -52.353, -55.595 -52.359, -55.522 -52.381, -55.448 -52.397, -55.373 -52.408), (-56.27991746933071 -65.67853885444408, -56.27998996631027 -65.67847886882628, -56.936 -66.029, -56.27991746933071 -65.67853885444408), (-59.217 -77.229, -59.012 -77.189, -58.815 -77.119, -58.63 -77.02, -58.462 -76.895, -58.315 -76.747, -58.191 -76.578, -58.094 -76.392, -58.026 -76.194, -57.988 -75.989, -57.981 -75.779, -58.006 -75.572, -58.061 -75.37, -58.145 -75.178, -58.257 -75.002, -58.395 -74.844, -58.554 -74.708, -58.731 -74.597, -58.924 -74.515, -59.126 -74.461, -59.334 -74.439, -59.543 -74.448, -59.748 -74.487, -59.946 -74.557, -60.13 -74.656, -60.298 -74.781, -60.445 -74.93, -60.569 -75.098, -60.666 -75.284, -60.734 -75.482, -60.75946873045653 -75.61939709851552, -60.417 -76.392, -59.96557220336754 -77.10641930791924, -59.837 -77.162, -59.634 -77.215, -59.426 -77.237, -59.217 -77.229), (-66.937 -96.261, -66.904 -96.465, -66.841 -96.661, -66.749 -96.847, -66.632 -97.016, -66.49 -97.167, -66.328 -97.295, -66.149 -97.398, -65.957 -97.474, -65.756 -97.52, -65.55 -97.536, -65.344 -97.522, -65.143 -97.478, -64.95 -97.404, -64.77 -97.303, -64.606 -97.177, -64.463 -97.028, -64.344 -96.859, -64.251 -96.675, -64.185 -96.479, -64.15 -96.276, -64.144 -96.07, -64.169 -95.865, -64.224 -95.665, -64.308 -95.477, -64.407 -95.318, -64.526 -95.174, -64.664 -95.047, -64.829 -94.927, -65.013 -94.841, -65.223 -94.773, -65.32490146627565 -94.75675483870967, -66.097 -95.099, -66.81352690416863 -95.55258125126271, -66.861 -95.65, -66.913 -95.849, -66.94 -96.053, -66.937 -96.261), (-72.683 -86.905, -72.086 -86.871, -71.501 -86.749, -70.94 -86.54, -70.417 -86.251, -69.943 -85.887, -69.529 -85.456, -69.183 -84.968, -68.914 -84.434, -68.728 -83.866, -68.628 -83.277, -68.617 -82.679, -68.695 -82.086, -68.861 -81.512, -69.111 -80.969, -69.439 -80.469, -69.837 -80.023, -70.298 -79.642, -70.81 -79.334, -71.363 -79.105, -71.943 -78.962, -72.538 -78.906, -73.135 -78.94, -73.72 -79.063, -74.281 -79.271, -74.804 -79.561, -75.278 -79.925, -75.692 -80.356, -76.038 -80.844, -76.307 -81.377, -76.494 -81.945, -76.593 -82.535, -76.604 -83.133, -76.526 -83.725, -76.36 -84.3, -76.11 -84.843, -75.782 -85.343, -75.384 -85.788, -74.923 -86.17, -74.411 -86.478, -73.858 -86.706, -73.278 -86.85, -72.683 -86.905), (-87.866 -68.475, -87.62265260545735 -68.2239826302712, -87.53476083188913 -68.1324887348354, -87.526 -68.123, -87.52032811315972 -68.11746451124006, -87.517 -68.114, -87.027 -67.636, -86.521 -67.174, -86 -66.728, -85.465 -66.3, -85.156 -66.065, -84.515 -65.606, -83.527 -64.966, -82.505 -64.383, -75.76378258393753 -60.781781287228235, -75.90253579807111 -59.39814202163962, -79.2 -60.088, -82.527 -61.325, -85.633 -63.044, -88.447 -65.207, -90.29134472711219 -67.12403933846119, -88.2062797692275 -68.84267763967252, -88.136 -68.765, -88.005 -68.622, -87.866 -68.475), (-76.01432435465507 -66.96129741862936, -75.98 -66.943, -75.82145264463348 -66.86262017797698, -75.82004506951981 -66.85751386533829, -76.01432435465507 -66.96129741862936), (-76.38854074074118 -67.1612029629632, -76.873 -67.42, -76.502 -67.222, -76.38854074074118 -67.1612029629632), (-78.284 -69.551, -78.313 -69.366, -78.367 -69.186, -78.444 -69.016, -78.554 -68.841, -78.689 -68.685, -78.845 -68.55, -79.02 -68.44, -79.209 -68.356, -79.408 -68.302, -79.613 -68.277, -79.819 -68.282, -80.023 -68.318, -80.219 -68.384, -80.403 -68.477, -80.571 -68.597, -80.72 -68.74, -80.846 -68.903, -80.947 -69.083, -81.02 -69.276, -81.064 -69.478, -81.078 -69.684, -81.062 -69.89, -81.015 -70.091, -80.939 -70.283, -80.836 -70.462, -80.708 -70.624, -80.557 -70.765, -80.394 -70.879, -80.208 -70.971, -79.998 -71.038, -79.89592859401304 -71.05435124464839, -79.124 -70.713, -78.41160024928492 -70.26151359082121, -78.364 -70.157, -78.308 -69.962, -78.281 -69.759, -78.284 -69.551), (-83.0085612244905 -71.02320408163105, -82.854 -71.372, -82.932 -71.195, -83.0085612244905 -71.02320408163105), (-83.134 -70.665, -83.111 -70.759, -83.218 -70.31, -83.134 -70.665), (-85.826 -88.574, -85.966 -88.579, -86.167 -88.612, -86.362 -88.674, -86.546 -88.764, -86.714 -88.879, -86.864 -89.018, -86.993 -89.177, -87.096 -89.353, -87.173 -89.543, -87.222 -89.741, -87.241 -89.945, -87.23 -90.149, -87.19 -90.349, -87.121 -90.541, -87.024 -90.722, -86.903 -90.886, -86.759 -91.031, -86.595 -91.153, -86.415 -91.25, -86.223 -91.32, -86.023 -91.362, -85.819 -91.373, -85.616 -91.355, -85.417 -91.308, -85.227 -91.232, -85.051 -91.129, -84.891 -91.002, -84.751 -90.853, -84.638 -90.689, -84.545 -90.504, -84.478 -90.292, -84.4623840480743 -90.19049631248292, -84.804 -89.419, -85.25653088386098 -88.70495217419763, -85.418 -88.639, -85.555 -88.603, -85.687 -88.582, -85.826 -88.574), (-86.894 -98.3, -87.042 -98.162, -88.467 -96.674, -88.885 -96.178, -90.342 -94.157, -90.457 -93.974, -91.733 -91.586, -91.821 -91.389, -92.69 -89.054, -92.871 -88.431, -93.315 -86.419, -93.351 -86.199, -93.383 -85.99, -93.39236257227961 -85.92480875597894, -96.06559580930734 -86.1924007463387, -95.857 -87.771, -94.872 -91.182, -93.39 -94.407, -91.444 -97.376, -89.077 -100.021, -88.39327658261762 -100.5867280049493, -86.67389517668519 -98.50076150680864, -86.751 -98.431, -86.894 -98.3), (-87.217 -69.25, -87.2763947368423 -69.316210526316, -87.092 -69.113, -87.155 -69.182, -87.217 -69.25)), ((-29.349 -52.432, -29.066 -52.191, -28.752 -51.994, -28.413 -51.843, -28.056 -51.741, -27.689 -51.692, -27.318 -51.695, -26.951 -51.752, -26.596 -51.859, -26.26 -52.017, -25.95 -52.22, -25.672 -52.465, -25.431 -52.748, -25.234 -53.062, -25.223602542799853 -53.08145859374165, -25.222 -53.084, -25.219213103948352 -53.08967332410514, -23.597798691268373 -56.124111815734786, -23.596 -56.127, -23.584500000000087 -56.14899999999984, -21.935 -59.236, -21.778 -59.592, -21.676 -59.967, -21.631 -60.353, -21.644 -60.741, -21.714 -61.123, -21.841 -61.49, -22.021 -61.835, -22.25 -62.148, -22.524 -62.424, -22.836 -62.657, -23.178 -62.84, -23.545 -62.97, -23.926 -63.044, -24.314 -63.06, -24.701 -63.018, -25.077 -62.919, -25.433 -62.765, -25.763 -62.56, -26.059 -62.308, -26.314 -62.014, -26.522 -61.686, -26.532376840753415 -61.666574101027415, -26.534 -61.664, -26.5364682816989 -61.65891474493359, -28.171000000000028 -58.59899999999995, -28.183 -58.577, -28.18442914340187 -58.573860057197344, -29.799818148102364 -55.54978130794906, -29.809 -55.534, -29.812773618020113 -55.52552810259061, -29.82 -55.512, -29.971 -55.173, -30.073 -54.816, -30.122 -54.449, -30.119 -54.078, -30.062 -53.711, -29.955 -53.356, -29.797 -53.02, -29.594 -52.71, -29.349 -52.432), (-25.62999328996219 -57.62655284580538, -25.629988081898748 -57.6265625954976, -25.628351306095116 -57.62822940388479, -25.628356550951853 -57.62821970884658, -25.62999328996219 -57.62655284580538), (-27.775326489440495 -54.03411706121197, -27.77664869390489 -54.032770596115206, -27.776352571158988 -54.033317974524294, -27.775032913274426 -54.03466595124758, -27.775326489440495 -54.03411706121197)), ((92.368 -6.523, 92.37272041166382 -6.5118027444253235, 92.378 -6.493, 92.39244067796608 -6.4593050847458064, 92.404 -6.425, 92.43848648648651 -6.351864864864811, 92.45 -6.325, 92.4552625350358 -6.316288072251674, 92.462 -6.302, 92.47459226594302 -6.280647896879229, 92.479 -6.27, 92.48613073005089 -6.258828522920275, 92.49 -6.251, 92.49198188927768 -6.248036427248313, 92.492 -6.248, 92.49305714285404 -6.2464285714332, 92.49977227921947 -6.236387246026954, 92.502 -6.232, 92.50991666666671 -6.220749999999926, 92.531 -6.185, 92.53535876840694 -6.179254350736311, 92.539 -6.173, 92.55262818590707 -6.154649175412264, 92.557738170347 -6.146643533123038, 92.569 -6.128, 92.57966097289271 -6.115280356479741, 92.587 -6.104, 92.5930140530894 -6.096960294445731, 92.597 -6.091, 92.59959184753839 -6.08806617257806, 92.603 -6.083, 92.6205514984498 -6.063188081295309, 92.62408009291975 -6.058436706563502, 92.62516783216785 -6.056972027972008, 92.635 -6.043, 92.63727027027029 -6.040675675675663, 92.64 -6.037, 92.65307147007557 -6.023498547356148, 92.66238028168985 -6.011816901408826, 92.663 -6.011, 92.66314084507046 -6.010862468931196, 92.671 -6.001, 92.69409612100506 -5.978639424249888, 92.69888151658762 -5.973037914692015, 92.714 -5.955, 92.71527059773827 -5.953853796445895, 92.716 -5.953, 92.72663256227759 -5.9434450622775685, 92.735 -5.934, 92.73798429319368 -5.931413612565494, 92.741 -5.928, 92.76853474801061 -5.9042371352785095, 92.792 -5.88, 92.80042105263156 -5.873640350877201, 92.803 -5.871, 92.81351781970649 -5.863020964360587, 92.828 -5.849, 92.83162903225805 -5.846338709677433, 92.833 -5.845, 92.84682439704999 -5.8351793900737805, 92.857 -5.826, 92.85837372835985 -5.8250560414063575, 92.864 -5.82, 92.87426901669755 -5.812987012987042, 92.887 -5.802, 92.92368965517264 -5.778441379310198, 92.929 -5.774933333333331, 92.94800000000012 -5.760999999999911, 92.977 -5.739, 92.98361766835623 -5.735288740043463, 92.984 -5.735, 92.98680500000007 -5.733501249999962, 93.00177018020243 -5.725108615156745, 93.016 -5.715, 93.02245055624228 -5.711789864029665, 93.028 -5.708, 93.03069743150684 -5.70664366438357, 93.036 -5.703, 93.04363616884505 -5.6992039854296275, 93.05 -5.695, 93.06445543834118 -5.688054929065131, 93.077 -5.68, 93.10174631751228 -5.669040916530273, 93.125 -5.656, 93.16088007437247 -5.640490548497057, 93.188 -5.626, 93.19798349056605 -5.622476415094335, 93.209 -5.617, 93.22081439139205 -5.612932750504375, 93.229 -5.609, 93.24215450166729 -5.605359021859947, 93.28 -5.589, 93.2866320258795 -5.587162959967651, 93.287 -5.587, 93.34476410256408 -5.570261538461543, 93.392 -5.554, 93.42403369122546 -5.547291373565348, 93.463 -5.536, 93.4810518609984 -5.53330957840889, 93.493 -5.53, 93.52816963226572 -5.525482799525503, 93.583 -5.514, 93.60181463990556 -5.512628099173553, 93.605 -5.512, 93.62064705882358 -5.511254901960782, 93.63706315789472 -5.510057894736844, 93.671 -5.505, 93.68764285714286 -5.505, 93.711 -5.502, 93.73885096870343 -5.502635866865375, 93.775 -5.5, 93.8097294117647 -5.502250980392157, 93.836 -5.501, 93.87276923076922 -5.505, 93.91 -5.505, 93.92111375402266 -5.506797117671749, 93.93 -5.507, 93.95968317247168 -5.5119702056231645, 93.991 -5.514, 94.03333944954129 -5.522467889908256, 94.075 -5.527, 94.11666559347502 -5.5382556342562825, 94.145 -5.543, 94.15932116788319 -5.547664233576638, 94.181 -5.552, 94.22446538358724 -5.56737690457096, 94.286 -5.584, 94.34010084033616 -5.606542016806731, 94.363 -5.614, 94.36312468377304 -5.614063245392119, 94.366 -5.615, 94.38194410310204 -5.623088715720061, 94.393 -5.627, 94.40672597864771 -5.634302491103212, 94.442 -5.649, 94.53948377997182 -5.703011283497897, 94.571 -5.719, 94.58001120971507 -5.7254656702475355, 94.59 -5.731, 94.59385525620708 -5.733858954041198, 94.596 -5.735, 94.744 -5.843, 94.7445809806835 -5.8435468053491695, 94.748 -5.846, 94.75720148084865 -5.854793820304713, 94.763 -5.859, 94.76413043478263 -5.86013043478262, 94.768 -5.863, 94.81738129496394 -5.912064748201346, 94.897 -5.987, 94.90123835616438 -5.992449315068486, 94.906 -5.997, 94.91621713209918 -6.01026702227802, 94.924 -6.018, 94.92995454545456 -6.0259545454545576, 94.932 -6.028, 94.97461363636342 -6.085613636363328, 94.98750304878031 -6.102832317072924, 95.02396175031542 -6.15017421309614, 95.02720773339658 -6.154389146350776, 95.02883333333436 -6.156500000001322, 95.044 -6.176, 95.04863427109971 -6.184496163682811, 95.055 -6.193, 95.06292307692328 -6.207769230769595, 95.14326315789451 -6.3538421052627525, 95.149 -6.364, 95.15532059995313 -6.380005390203885, 95.158 -6.385, 95.16555497382201 -6.405921465968625, 95.211 -6.521, 95.21774883238194 -6.545445770627914, 95.228 -6.572, 95.23177385159009 -6.589296819787925, 95.236 -6.601, 95.23609455587395 -6.601489971346764, 95.237 -6.604, 95.24394127086003 -6.64032060333746, 95.256 -6.684, 95.26275862068965 -6.731310344827611, 95.276 -6.792, 95.2778788114197 -6.817900757428643, 95.28 -6.829, 95.28133548387096 -6.861348387096666, 95.287 -6.901, 95.28642207163601 -6.935675701839295, 95.29 -6.985, 95.28782937062937 -7.018644755244864, 95.289 -7.047, 95.2884491584365 -7.052433300876342, 95.289 -7.067, 95.28351055662189 -7.11036660268712, 95.283 -7.141, 95.2780796812749 -7.169764940239075, 95.276 -7.202, 95.27052495107633 -7.229231164383555, 95.267 -7.264, 95.26123927765238 -7.286309706546247, 95.259 -7.304, 95.24906792675723 -7.339372120496158, 95.244 -7.369, 95.23996656050956 -7.381218949044585, 95.238 -7.391, 95.22176668826961 -7.43917627997408, 95.212 -7.477, 95.20727958833618 -7.488197255574656, 95.202 -7.507, 95.18755932203392 -7.5406949152541936, 95.176 -7.575, 95.15234999999996 -7.6228500000000965, 95.13 -7.675, 95.11600000000031 -7.698176470587716, 95.11017188898833 -7.708187108325938, 95.09 -7.749, 95.0802277207805 -7.763612753973102, 95.078 -7.768, 95.06378145695368 -7.788205298013202, 95.06227101879324 -7.790463897131618, 95.041 -7.827, 95.02590304336115 -7.847328575276073, 95.011 -7.872, 94.99488888888895 -7.8912222222221455, 94.983 -7.909, 94.96482121115022 -7.929577379045238, 94.95671735196738 -7.9404895062617324, 94.95483216783212 -7.943027972028032, 94.945 -7.957, 94.94272972972975 -7.959324324324302, 94.94 -7.963, 94.90074086661004 -8.003550552251477, 94.866 -8.045, 94.8505005282062 -8.058982040988818, 94.839 -8.072, 94.81146525198939 -8.095762864721491, 94.788 -8.12, 94.77957894736844 -8.126359649122799, 94.777 -8.129, 94.7511193277311 -8.148633613445375, 94.723 -8.174, 94.71225065274153 -8.181386422976493, 94.693 -8.198, 94.6477196261682 -8.22707476635516, 94.603 -8.261, 94.59638233164375 -8.264711259956542, 94.596 -8.265, 94.59319499999994 -8.26649875000003, 94.58623594651945 -8.270401462424898, 94.56705019420377 -8.281161039737075, 94.544 -8.297, 94.5210591691146 -8.308404112463265, 94.503 -8.32, 94.4782536824877 -8.33095908346973, 94.455 -8.344, 94.41911992562753 -8.35950945150294, 94.392 -8.374, 94.38201650943395 -8.377523584905667, 94.371 -8.383, 94.34042668269231 -8.39352524038461, 94.3 -8.411, 94.29336797412053 -8.412837040032342, 94.293 -8.413, 94.23523589743586 -8.429738461538475, 94.188 -8.446, 94.15596630877455 -8.45270862643465, 94.117 -8.464, 94.0989481390016 -8.466690421591109, 94.087 -8.47, 94.05183036773425 -8.474517200474502, 93.997 -8.486, 93.97818536009444 -8.48737190082645, 93.975 -8.488, 93.95935294117652 -8.488745098039214, 93.94293684210525 -8.489942105263161, 93.909 -8.495, 93.89235714285715 -8.495, 93.869 -8.498, 93.84114903129658 -8.497364133134624, 93.805 -8.5, 93.7702705882353 -8.497749019607843, 93.744 -8.499, 93.70723076923075 -8.495, 93.67 -8.495, 93.65888624597733 -8.49320288232825, 93.65 -8.493, 93.62031682752833 -8.488029794376837, 93.589 -8.486, 93.54666055045874 -8.477532110091746, 93.505 -8.473, 93.46333440652498 -8.461744365743717, 93.435 -8.457, 93.42067883211679 -8.45233576642336, 93.399 -8.448, 93.35553461641274 -8.432623095429037, 93.294 -8.416, 93.23989915966386 -8.393457983193276, 93.217 -8.386, 93.21687531622696 -8.385936754607883, 93.214 -8.385, 93.19805589689794 -8.376911284279931, 93.187 -8.373, 93.1732740213523 -8.365697508896792, 93.138 -8.351, 93.04051622002825 -8.296988716502138, 93.009 -8.281, 92.9999887902849 -8.274534329752447, 92.99 -8.269, 92.98614474379292 -8.266141045958802, 92.984 -8.265, 92.836 -8.157, 92.8354190193165 -8.156453194650831, 92.832 -8.154, 92.82279851915135 -8.14520617969529, 92.817 -8.141, 92.81586956521735 -8.139869565217362, 92.812 -8.137, 92.76261870503592 -8.087935251798513, 92.683 -8.013, 92.67876164383564 -8.007550684931523, 92.674 -8.003, 92.66378286790082 -7.989732977721956, 92.656 -7.982, 92.65004545454549 -7.974045454545502, 92.648 -7.972, 92.60538636363536 -7.9143863636350185, 92.60219973635125 -7.910129418789844, 92.5924969512196 -7.897167682926951, 92.5511666666671 -7.843500000000564, 92.536 -7.824, 92.53136572890021 -7.8155038363170695, 92.525 -7.807, 92.51707692307727 -7.792230769231411, 92.43673684210545 -7.6461578947371835, 92.431 -7.636, 92.42467940004687 -7.619994609796112, 92.422 -7.615, 92.41444502617799 -7.594078534031375, 92.369 -7.479, 92.36225116761804 -7.454554229372039, 92.352 -7.428, 92.3482261484099 -7.410703180212073, 92.344 -7.399, 92.34390544412605 -7.398510028653221, 92.343 -7.396, 92.33605872913994 -7.359679396662462, 92.324 -7.316, 92.31724137931035 -7.2686896551724285, 92.304 -7.208, 92.3021211885803 -7.182099242571387, 92.3 -7.171, 92.29866451612902 -7.13865161290323, 92.293 -7.099, 92.29357792836399 -7.064324298160698, 92.29 -7.015, 92.29217062937063 -6.981355244755307, 92.291 -6.953, 92.29155084156349 -6.9475666991236835, 92.291 -6.933, 92.29648944337812 -6.889633397312843, 92.297 -6.859, 92.3019203187251 -6.830235059760961, 92.304 -6.798, 92.30947504892367 -6.770768835616445, 92.313 -6.736, 92.31876072234762 -6.713690293453771, 92.321 -6.696, 92.33093207324275 -6.660627879503899, 92.336 -6.631, 92.34003343949044 -6.618781050955417, 92.342 -6.609, 92.35823331173039 -6.5608237200259385, 92.368 -6.523)), ((-120.27582119459478 -0.1258757348112905, -120.29 0.07, -120.27717764064137 0.235475480742733, -120.287 0.4, -120.23031847430033 1.0281140979922305, -120.238 1.662, -120.21149613254069 1.8534819006314085, -120.211 2.05, -120.18546451847502 2.216341780649429, -120.183 2.379, -120.07963266044955 3.001274569527933, -120.04 3.633, -119.99927810646965 3.821832541017407, -119.984 4.019, -119.94531626712713 4.186354848830067, -119.931 4.345, -119.78227330070322 4.954478529173569, -119.695 5.585, -119.63948842955936 5.772908150208121, -119.61 5.965, -119.5613597436779 6.121293499923709, -119.534 6.286, -119.33770696696301 6.889621106490044, -119.205 7.505, -119.11545435138545 7.776531006730435, -119.092 7.878, -119.03184826086172 8.030051376284337, -119.03152112405789 8.03104335955831, -118.992 8.193, -118.9211606992028 8.365691415915483, -118.68465916419245 9.082839606678798, -118.685 9.083, -118.679 9.1, -118.659 9.154, -118.64336170212765 9.196000000000042, -118.626 9.244, -118.58842105263136 9.342421052632176, -118.572 9.386, -118.508 9.555, -118.47134426229519 9.648344262294824, -118.468 9.657, -118.46499999999989 9.664500000000277, -118.43451726948099 9.742124627716992, -118.433 9.747, -118.43091240592102 9.751304454689471, -118.422 9.774, -118.335 9.989, -118.3103920668315 10.048719252445519, -118.309 10.053, -118.30689129036408 10.057215039238388, -118.30125384615376 10.07089615384637, -118.276 10.133, -118.2560052356023 10.180706806282219, -118.253 10.188, -118.158 10.415, -118.037 10.693, -117.95485714285783 10.876571428569886, -117.924 10.946, -117.88650704225171 11.027492957750425, -117.862 11.081, -117.803 11.209, -117.679 11.471, -117.63562879646113 11.559410530290764, -117.635 11.561, -117.63402779984115 11.562674100323827, -117.5736779661017 11.685694915254247, -117.557 11.72, -117.422 11.992, -117.36100568181844 12.109670454544954, -117.282 12.263, -117.22423178808035 12.371907284766557, -117.209 12.401, -117.1 12.606, -117.05753653444705 12.683411273485909, -117.04 12.716, -116.949 12.881, -116.883 13, -116.824 13.102, -116.775 13.189, -116.748 13.235, -116.739 13.251, -116.7382968707483 13.250674285714283, -116.71740315023428 13.284425680390791, -116.705 13.31, -116.66970124753774 13.361482600131326, -116.58694657007022 13.49516323296348, -116.537 13.595, -116.43888040096783 13.734347044590432, -115.864 14.663, -115.74400787126429 14.81723330362988, -115.646 14.986, -115.53986597338697 15.11834630437218, -115.457 15.257, -115.05496365793167 15.745803326862893, -114.706 16.271, -114.57759690861025 16.412779419451045, -114.465 16.577, -114.35191412713472 16.69820528786746, -114.257 16.833, -113.82137213282776 17.28851591808405, -113.432 17.789, -113.28963764623545 17.924321094888004, -113.168 18.076, -113.04507817833908 18.18945979827534, -112.941 18.316, -112.46914659179144 18.740876497367548, -112.047 19.207, -111.89592694832187 19.330529073893366, -111.763 19.473, -111.63557754022176 19.57410025651758, -111.519 19.696, -111.01968882701338 20.081997976691223, -110.561 20.518, -110.40136476542024 20.62967087288015, -110.258 20.762, -110.12264696997434 20.853762667199465, -109.998 20.966, -109.46891686089641 21.315041236051094, -108.981 21.714, -108.81260314111414 21.81392074333773, -108.66 21.935, -108.51537268696951 22.017987025904823, -108.386 22.118, -107.83323581849938 22.4261740191083, -107.316 22.788, -107.14245526036615 22.874185409028993, -106.979 22.985, -106.82830182302348 23.05708037628124, -106.692 23.147, -106.11711445892082 23.413328443488265, -105.575 23.735, -105.39653810277228 23.807571586444194, -105.225 23.906, -105.00666900671503 24.00202586301928, -104.926 24.047, -104.77921533958506 24.102064040624917, -103.8240814602933 24.522148947847576, -103.768 24.55, -103.74102021957525 24.55868076224277, -103.70487075159797 24.57457994269341, -103.705 24.575, -103.70091256830601 24.576683060109293, -103.701 24.577, -103.688 24.582, -103.639 24.602, -103.63631428571422 24.60305714285717, -103.634 24.604, -103.541 24.641, -103.404 24.695, -103.235 24.76, -103.18517937219735 24.778569506726445, -103.132 24.799, -103.10292561859909 24.809718098228306, -103.098 24.812, -103.09192245763944 24.81377434824309, -102.896 24.886, -102.80690909090895 24.91836363636369, -102.797 24.922, -102.79162130177518 24.923917159763302, -102.651 24.975, -102.372 25.072, -102.092 25.166, -102.08717826501429 25.1675614871306, -102.074 25.172, -101.97616793893218 25.203511450381395, -101.91523986506273 25.22324260597613, -101.906 25.227, -101.89679568446095 25.229215632434354, -101.811 25.257, -101.7358449612392 25.280333333333683, -101.67 25.301, -101.534 25.343, -101.399 25.384, -101.261 25.425, -101.22469918699187 25.43548690153568, -101.218 25.438, -101.21044752623688 25.43960404797601, -100.991 25.503, -100.97494520547937 25.507438356164407, -100.973 25.508, -100.96436363636471 25.510363636363344, -100.698 25.584, -100.46 25.647, -100.42224000000007 25.65662153846152, -100.402 25.662, -100.35599999999955 25.67350000000011, -100.252 25.7, -100.026 25.756, -100.0023390332128 25.761603913186438, -99.998 25.763, -99.99301357630975 25.763812574031903, -99.94746666666686 25.774599999999953, -99.905 25.785, -99.82741935483861 25.80303225806454, -99.798 25.81, -99.622 25.851, -99.477 25.883, -99.38 25.904, -99.323 25.916, -99.31 25.919, -99.30996529284165 25.91889660159075, -99.305 25.92, -99.30482762954078 25.919422759392358, -99.296 25.922, -99.27095520418 25.92538822588036, -98.20863624331047 26.117017190976682, -98.055 26.154, -97.95553737556024 26.162673040001845, -97.671 26.214, -97.50912207436424 26.225717814915672, -97.343 26.261, -96.71012091853713 26.298783825758978, -96.089 26.4, -95.89448751253961 26.402357131885406, -95.701 26.431, -95.53668404058544 26.430585165464745, -95.371 26.453, -94.73633851176407 26.44338391684491, -94.11 26.498, -93.91587573481121 26.485821194594784, -93.72 26.5, -93.55452451925726 26.48717764064136, -93.39 26.497, -92.76188590200792 26.440318474300334, -92.128 26.448, -91.93651809936857 26.421496132540693, -91.74 26.421, -91.57365821935052 26.39546451847501, -91.411 26.393, -90.78872543047216 26.289632660449556, -90.157 26.25, -89.96816745898266 26.20927810646966, -89.771 26.194, -89.6036451511699 26.15531626712712, -89.445 26.141, -88.37452206949808 25.92846430888031, -88.205 25.905, -88.09978203528782 25.873916651814888, -87.8391979728473 25.822179561093545, -87.825 25.82, -87.81932542372881 25.81823400944707, -87.81612887776727 25.817599358245232, -87.816 25.818, -87.81103695652175 25.81689710144928, -87.811 25.817, -87.80700000000007 25.816000000000017, -87.798 25.814, -87.742 25.801, -87.644 25.778, -87.62481707317117 25.773304878048886, -87.615 25.771, -87.5052116607226 25.744201271514964, -87.504 25.744, -87.50283488839631 25.743621114490434, -87.488 25.74, -87.346 25.705, -87.20546601941774 25.66859223300978, -87.097 25.641, -86.98783544303821 25.611759493670945, -86.92 25.594, -86.81596774193451 25.565370967741668, -86.665 25.524, -86.428 25.457, -86.29002956782105 25.416084630457277, -86.285 25.415, -86.28003530373937 25.413120814212363, -86.138 25.371, -86.11885714285765 25.36514285714301, -86.115 25.364, -86.08243902438528 25.35399999999848, -85.91399477914759 25.30246108914217, -85.912 25.302, -85.91033480275803 25.30134124561999, -85.87 25.289, -85.85346491228073 25.283678362573106, -85.848 25.282, -85.65714232209781 25.220808988764183, -85.597 25.202, -85.53473711340175 25.181043814432886, -85.326 25.112, -85.2010000000002 25.06907547169818, -85.083 25.029, -84.93602521008339 24.976865546218256, -84.775 24.92, -84.544 24.835, -84.343 24.759, -84.126 24.675, -84.1146724137933 24.670500000000082, -84.072 24.654, -84.04890957357438 24.64483912429853, -84.043 24.643, -84.03727239728278 24.640222201095884, -83.888 24.581, -83.752 24.526, -83.631 24.476, -83.522 24.43, -83.46 24.404, -83.44949999999992 24.399499999999964, -83.441 24.396, -83.44121625177937 24.3953277390337, -82.75922999324072 24.080461784698567, -82.581 24.013, -82.43228531732674 23.92951483216461, -82.37032455687209 23.90090819423368, -82.229 23.845, -82.15054019255417 23.799436041748983, -81.933 23.699, -81.39364231391228 23.376654465255804, -80.818 23.108, -80.65598425304725 23.000349646159318, -80.48 22.915, -80.34286543313712 22.820974462879445, -80.195 22.747, -79.68051379836882 22.38473053127885, -79.127 22.074, -78.97276669637013 21.954007871264288, -78.804 21.856, -78.67165369562788 21.749865973387013, -78.533 21.667, -78.04419667313705 21.26496365793162, -77.519 20.916, -77.37722058054898 20.787596908610265, -77.213 20.675, -77.09179471213251 20.561914127134695, -76.957 20.467, -76.50148408191593 20.03137213282775, -76.001 19.642, -75.865678905112 19.49963764623546, -75.714 19.378, -75.60054020172466 19.25507817833907, -75.474 19.151, -75.04912350263258 18.67914659179157, -74.583 18.257, -74.39199013547284 18.042966625016447, -74.317 17.973, -74.21642549604462 17.84624017637144, -74.2154520374925 17.845149381297404, -74.094 17.729, -73.97874407158837 17.57990965164589, -73.47717172946128 17.01787992899456, -73.477 17.018, -73.4733678493845 17.013762490948587, -73.473 17.014, -73.463 17.002, -73.4441875000003 16.979250000000363, -73.428 16.96, -73.364 16.883, -73.34833333333374 16.86400000000049, -73.345 16.86, -73.33462499999914 16.847374999998944, -73.27 16.769, -73.2524615384614 16.747307692307523, -73.169 16.645, -73.045 16.49, -72.896 16.3, -72.86680597014902 16.26202985074596, -72.866 16.261, -72.83203561808303 16.21692408453523, -72.824 16.208, -72.81710518967841 16.197548719429996, -72.735 16.091, -72.586 15.895, -72.406 15.652, -72.242 15.425, -72.12596845425917 15.260804416404486, -72.076 15.191, -72.02558959537514 15.117196531791073, -71.9812608695697 15.053260869571671, -71.913 14.955, -71.86053918912714 14.876981358189068, -71.855 14.87, -71.85008428767752 14.861433043212704, -71.84037931034486 14.847000000000037, -71.77 14.743, -71.67638827604056 14.601676494151564, -71.672 14.596, -71.66866058600468 14.590010175000607, -71.615 14.509, -71.60789872173024 14.498008849557001, -71.59 14.471, -71.456 14.264, -71.341 14.082, -71.218 13.884, -71.19516410256422 13.846564102564292, -71.188 13.835, -71.085 13.666, -71.05999999999968 13.623999999999453, -71.003 13.529, -70.928 13.401, -70.878 13.315, -70.86511111111182 13.292777777778998, -70.85 13.267, -70.842 13.253, -70.84217625637291 13.252868900218497, -70.84 13.249, -70.84025026330907 13.248825019149756, -70.82012858432901 13.211315172296368, -70.805 13.189, -70.77901495141288 13.13467315470929, -70.7029405585027 12.992859003397491, -70.643 12.902, -70.57208048498848 12.748916073903045, -70.055 11.785, -69.98242841355584 11.606538102772332, -69.884 11.435, -69.82451679462774 11.282214675693108, -69.743 11.136, -69.52040908556228 10.542637591132216, -69.24 9.978, -69.18009662090935 9.791820495324234, -69.096 9.616, -69.04818739721588 9.459503606963315, -68.978 9.308, -68.80051796569234 8.700084059065116, -68.563 8.116, -68.51630264873387 7.922007012161925, -68.447 7.744, -68.41153211242838 7.5866952357184605, -68.352 7.428, -68.22084357484202 6.810465191388646, -68.027 6.208, -67.99523231159681 6.013055111510058, -67.939 5.829, -67.91503295052756 5.6670984485637765, -67.868 5.506, -67.7823735951566 4.873074126157588, -67.636 4.265, -67.61923703945904 4.072761978679997, -67.576 3.881, -67.56428218508432 3.7191220743642184, -67.529 3.553, -67.49121617424102 2.920120918537087, -67.39 2.299, -67.3876428681146 2.1044875125396665, -67.359 1.911, -67.35941483453524 1.7466840405853978, -67.337 1.581, -67.3466160831551 0.9463385117640383, -67.292 0.32, -67.30417880540521 0.1258757348111914, -67.29 -0.07, -67.30282235935864 -0.2354754807427319, -67.293 -0.4, -67.34968152569967 -1.0281140979921064, -67.342 -1.662, -67.36850386745931 -1.853481900631413, -67.369 -2.05, -67.39572164447469 -2.294628535329058, -67.397 -2.379, -67.42018222233084 -2.5185576928298414, -67.53741379117868 -3.591777082779441, -67.54 -3.633, -67.54388415892483 -3.6510113333615632, -67.55 -3.707, -67.55127284768214 -3.7133642384107284, -67.552 -3.72, -67.56 -3.777, -67.56624999999985 -3.8182499999990447, -67.579 -3.906, -67.59548104085457 -4.0123027135119695, -67.596 -4.019, -67.59757738597972 -4.025824139569187, -67.599 -4.035, -67.60441176470502 -4.069117647053408, -67.625 -4.2, -67.663 -4.432, -67.703 -4.661, -67.742 -4.873, -67.788 -5.115, -67.79554491017971 -5.152347305389652, -67.797 -5.16, -67.80845454545502 -5.216250000002386, -67.848 -5.412, -67.86099999999935 -5.472152542369893, -67.88446143332327 -5.581109029331793, -67.885 -5.585, -67.8861038802102 -5.588736664027003, -67.912 -5.709, -67.92689717223621 -5.774205655525672, -67.967 -5.954, -68.03 -6.22, -68.036 -6.244, -68.04521415764351 -6.281269204796907, -68.046 -6.286, -68.04760078405748 -6.290922574322035, -68.103 -6.515, -68.1473548387098 -6.68377880184378, -68.168 -6.764, -68.243 -7.043, -68.25938775510254 -7.100918367348723, -68.302 -7.253, -68.367 -7.477, -68.36883333333293 -7.48315671641656, -68.37451058777562 -7.502730533972678, -68.375 -7.505, -68.37572235580095 -7.506908420746596, -68.383 -7.532, -68.434 -7.702, -68.44 -7.722, -68.483 -7.862, -68.4839590163929 -7.865073770490057, -68.487 -7.875, -68.531 -8.016, -68.55246153846198 -8.081769230770592, -68.558 -8.099, -68.56301492537303 -8.114283582089211, -68.579 -8.166, -68.585 -8.183, -68.58509945105581 -8.1829775213367, -68.58651737899459 -8.186924253856404, -68.588 -8.193, -68.5936383319044 -8.206745075247994, -68.96430697841842 -9.238482980421669, -69.007 -9.383, -69.0470819850957 -9.46888313104983, -69.147 -9.747, -69.22133289022571 -9.900268569371645, -69.271 -10.053, -69.5521856154592 -10.615053865663931, -69.777 -11.209, -69.87435184761046 -11.382415823438121, -69.945 -11.561, -70.02870467134066 -11.70513700318843, -70.091 -11.857, -70.41334553474427 -12.396357686087855, -70.682 -12.972, -70.78965035384067 -13.134015746952713, -70.875 -13.31, -70.9690255371206 -13.447134566862946, -71.043 -13.595, -71.40526946872109 -14.109486201631091, -71.716 -14.663, -71.83599212873571 -14.81723330362988, -71.934 -14.986, -72.040134026613 -15.118346304372155, -72.123 -15.257, -72.5250363420683 -15.74580332686284, -72.874 -16.271, -73.00240309138975 -16.412779419451052, -73.115 -16.577, -73.22808587286531 -16.69820528786748, -73.323 -16.833, -74.04912478784232 -17.66190957516246, -74.148 -17.789, -74.22244103614524 -17.859759173681777, -74.418 -18.083, -74.422 -18.086999999999996, -74.42649999999999 -18.091499999999996, -74.431 -18.096, -74.47 -18.138, -74.539 -18.211, -74.56449999999981 -18.2377499999998, -74.65 -18.328, -74.751 -18.433, -74.89 -18.575, -75.06 -18.746, -75.07878531073412 -18.764686440677625, -75.095 -18.781, -75.11859030837029 -18.80428193832623, -75.25 -18.935, -75.34427722772362 -19.02608910891172, -75.424 -19.104, -75.49319354838488 -19.169419354836613, -75.661 -19.329, -75.78480808080806 -19.4431919191919, -75.849 -19.503, -75.95653513513481 -19.6009999999997, -76.069 -19.704, -76.15872680412403 -19.78327319587657, -76.257 -19.871, -76.468 -20.055, -76.67045544554325 -20.22799009900879, -76.716 -20.267, -76.905 -20.424, -77.0153201743143 -20.514502178928492, -77.019 -20.518, -77.02296487208858 -20.520773577701405, -77.072 -20.561, -77.0862025547447 -20.5724562043797, -77.11 -20.592, -77.21123076923021 -20.673307692307244, -77.253 -20.707, -77.26778571428576 -20.71873214285719, -77.298 -20.743, -77.32142834692074 -20.761472350456735, -77.322 -20.762, -77.32269606750518 -20.76247189937908, -77.35649999999956 -20.78912499999965, -77.437 -20.853, -77.48466666666658 -20.889999999999937, -77.569 -20.956, -77.58111238196872 -20.965200751687785, -77.582 -20.966, -77.58325117903935 -20.966825414847197, -77.61699999999992 -20.99246153846148, -77.697 -21.054, -77.777 -21.115, -77.78466666666645 -21.120666666666512, -77.82 -21.148, -78.45531565795017 -21.59651250961548, -78.599 -21.714, -78.74154415654893 -21.798580663648085, -78.80068265223478 -21.84033054779312, -78.92 -21.935, -78.99895374449339 -21.98030358963507, -79.194 -22.118, -79.74676418150062 -22.42617401910829, -80.264 -22.788, -80.43754473963386 -22.874185409028996, -80.601 -22.985, -80.75169817697652 -23.05708037628124, -80.888 -23.147, -81.46288554107919 -23.413328443488265, -82.005 -23.735, -82.18346189722773 -23.8075715864442, -82.355 -23.906, -82.50778532430688 -23.96548320537225, -82.654 -24.047, -83.2473624088678 -24.269590914437735, -83.812 -24.55, -83.99817950467573 -24.60990337909063, -84.174 -24.694, -84.33049639303671 -24.74181260278412, -84.482 -24.812, -85.0899159409348 -24.98948203430764, -85.674 -25.227, -85.86799298783808 -25.27369735126614, -86.046 -25.343, -86.20330476428153 -25.378467887571627, -86.362 -25.438, -86.97953480861129 -25.569156425157956, -87.582 -25.763, -87.8659690527092 -25.821966251382243, -87.961 -25.851, -88.11700870297584 -25.874094703350174, -88.12706881031134 -25.87618368738706, -88.284 -25.922, -88.46681980491371 -25.946733074244378, -89.2090131119196 -26.100849717229206, -89.209 -26.101, -89.2127333333333 -26.10162222222222, -89.21400605318152 -26.101886502846437, -89.214 -26.102, -89.229 -26.105, -89.283 -26.114, -89.382 -26.131, -89.40155357142882 -26.13421428571433, -89.412 -26.136, -89.4549999999995 -26.14299999999992, -89.528 -26.155, -89.706 -26.184, -89.939 -26.219, -90.01690322580669 -26.229838709677455, -90.12 -26.245, -90.22950987477941 -26.259409194049926, -90.237 -26.261, -90.24542076502729 -26.261502732240434, -90.26686486486487 -26.264324324324328, -90.382 -26.28, -90.627 -26.311, -90.927 -26.345, -91.206 -26.374, -91.48 -26.399, -91.48547870778278 -26.399461576113566, -91.491 -26.4, -91.49809422049529 -26.400550752792608, -91.503 -26.401, -91.51873648648585 -26.402263513513464, -91.753 -26.422, -92.032 -26.442, -92.20509812574257 -26.45247212860364, -92.209 -26.453, -92.21285744832501 -26.452941553813258, -92.313 -26.459, -92.601 -26.473, -92.79071052631895 -26.480815789473816, -92.819 -26.482, -92.82172833723608 -26.482093676814973, -92.868 -26.484, -92.92804713804767 -26.485744107744125, -93.052 -26.49, -93.1642777777778 -26.49238888888889, -93.308 -26.496, -93.454 -26.498, -93.585 -26.499, -93.703 -26.5, -93.715 -26.5, -93.77 -26.5, -93.773 -26.5, -93.786 -26.5, -93.791 -26.5, -93.79104877051644 -26.499441014849996, -93.83393068143035 -26.49811292707899, -93.86 -26.5, -93.91792402715728 -26.495511584626456, -94.0806520588235 -26.490471764705884, -94.19 -26.497, -94.35728245420088 -26.481904295641186, -95.452 -26.448, -95.64348190063141 -26.421496132540693, -95.84 -26.421, -96.00634178064949 -26.39546451847501, -96.169 -26.393, -96.79127456952787 -26.289632660449552, -97.423 -26.25, -97.61183254101734 -26.20927810646966, -97.809 -26.194, -97.9763548488301 -26.15531626712712, -98.135 -26.141, -98.74447852917358 -25.992273300703225, -99.375 -25.905, -99.56290815020816 -25.849488429559358, -99.755 -25.82, -99.91129349992374 -25.77135974367788, -100.076 -25.744, -100.67962110649 -25.54770696696303, -101.295 -25.415, -101.47674192513115 -25.34620891494766, -101.668 -25.302, -101.82061260479126 -25.241626238071987, -101.983 -25.202, -102.57061679894531 -24.960955226851862, -103.173 -24.783, -103.34483556500838 -24.702803685876557, -103.537 -24.643, -103.6902685693717 -24.56866710977427, -103.843 -24.519, -104.40505386566383 -24.237814384540847, -104.999 -24.013, -105.17241582343817 -23.91564815238951, -105.351 -23.845, -105.4951370031884 -23.761295328659344, -105.647 -23.699, -106.18635768608787 -23.376654465255726, -106.762 -23.108, -106.92401574695275 -23.000349646159318, -107.1 -22.915, -107.23713456686286 -22.820974462879448, -107.385 -22.747, -107.89948620163118 -22.384730531278855, -108.453 -22.074, -108.60723330362987 -21.954007871264285, -108.776 -21.856, -108.97519361405215 -21.709914875366483, -109.047 -21.667, -109.15637994781576 -21.5770359762326, -110.0262357934525 -20.93909886048867, -110.061 -20.916, -110.07491178643713 -20.903400735648393, -110.11559327917077 -20.873565637949355, -110.116 -20.874, -110.11992000000001 -20.870919999999995, -110.12 -20.871, -110.12300000000012 -20.8684999999999, -110.13 -20.863, -110.14714285714261 -20.84928571428591, -110.185 -20.82, -110.278 -20.746, -110.31199999999757 -20.719000000001934, -110.37 -20.673, -110.37291666666691 -20.670624999999806, -110.38 -20.665, -110.494 -20.573, -110.62102921485089 -20.468387705416916, -110.623 -20.467, -110.62477165841584 -20.46530569306931, -110.647 -20.447, -110.65858747300267 -20.437354211662644, -110.692 -20.41, -110.79088888888954 -20.32722222222168, -110.832 -20.293, -110.8483231850112 -20.279145199063663, -110.87 -20.261, -111.034 -20.122, -111.16276923076906 -20.010538461538612, -111.255 -19.931, -111.465 -19.744, -111.50299999999989 -19.709653846153945, -111.57343955988111 -19.646325972606885, -111.579 -19.642, -111.58339933214343 -19.637371754274895, -111.655 -19.573, -111.84238940285948 -19.3995256518083, -111.866 -19.378, -111.90547161572096 -19.340436681222293, -112.057 -19.198, -112.05798058252438 -19.197058252427084, -112.074 -19.182, -112.13999999999808 -19.118287128714716, -112.259 -19.004, -112.459 -18.807, -112.663 -18.603, -112.80547619047599 -18.456714285714494, -112.815 -18.447, -112.82123076923129 -18.440538461537912, -112.85 -18.411, -112.87655999999976 -18.38316000000026, -112.977 -18.279, -113.06843209876547 -18.18188888888885, -113.153 -18.093, -113.21487499999999 -18.0255, -113.261 -17.976, -113.32337623762433 -17.908009900989477, -113.341 -17.889, -113.35875280898783 -17.869449438203272, -113.361 -17.867, -113.429 -17.793, -113.467 -17.75, -113.46939999999995 -17.747200000000056, -113.476 -17.74, -113.47578336980307 -17.739752735229757, -113.479 -17.736, -113.47892053937493 -17.73591508619478, -113.47956308280301 -17.735155878199574, -113.486 -17.729, -113.4989452703186 -17.71225452852677, -114.19453328831445 -16.890370805881005, -114.308 -16.771, -114.36727718873071 -16.686262344744, -114.552 -16.468, -114.64376266719952 -16.332646969974267, -114.756 -16.208, -115.10504123605105 -15.67891686089648, -115.504 -15.191, -115.60392074333775 -15.022603141114104, -115.725 -14.87, -115.8079870259048 -14.725372686969564, -115.908 -14.596, -116.21617401910825 -14.043235818499445, -116.578 -13.526, -116.66418540902899 -13.352455260366163, -116.775 -13.189, -116.84708037628126 -13.038301823023446, -116.937 -12.902, -117.20332844348826 -12.32711445892082, -117.525 -11.785, -117.59757158644422 -11.606538102772259, -117.696 -11.435, -117.75548320537226 -11.282214675693107, -117.837 -11.136, -118.05959091443773 -10.542637591132195, -118.34 -9.978, -118.39990337909063 -9.79182049532425, -118.484 -9.616, -118.53181260278411 -9.45950360696332, -118.602 -9.308, -118.95136831530651 -8.277395878780428, -119.017 -8.116, -119.04374587999513 -8.004890632296352, -119.1267048151371 -7.7601694692616014, -119.133 -7.744, -119.13461641666677 -7.736830978663898, -119.135288006261 -7.734849851660487, -119.136 -7.735, -119.13814285714284 -7.727285714285781, -119.141 -7.718, -119.157 -7.667, -119.186 -7.571, -119.20030000000025 -7.522033333332457, -119.229 -7.425, -119.24953571428543 -7.353535714286702, -119.257 -7.328, -119.26196460177025 -7.310283185839532, -119.279 -7.251, -119.342 -7.025, -119.37281521739129 -6.909956521739171, -119.375 -6.902, -119.38217857142826 -6.87500000000116, -119.402 -6.801, -119.42877631579 -6.699736842103245, -119.442 -6.65, -119.44343236074265 -6.644310344827805, -119.457 -6.593, -119.517 -6.354, -119.54958290911108 -6.218620307214527, -119.553 -6.208, -119.5548052976881 -6.196921650450802, -119.55887179487131 -6.1800256410276635, -119.584 -6.077, -119.62580000000284 -5.894599999987647, -119.64052797786756 -5.830544985147414, -119.641 -5.829, -119.64121111540825 -5.827573879018039, -119.651 -5.785, -119.682 -5.645, -119.712 -5.506, -119.741 -5.367, -119.75698425196867 -5.286507874014911, -119.77 -5.223, -119.827 -4.933, -119.8491915367484 -4.811155902004045, -119.879 -4.652, -119.92 -4.41, -119.92301075268811 -4.391677419355226, -119.93 -4.351, -119.972 -4.094, -120.01 -3.844, -120.01924803149626 -3.7799488188962957, -120.026 -3.735, -120.02940869565205 -3.7095768115951127, -120.037 -3.657, -120.05064178454842 -3.554686615886855, -120.051 -3.553, -120.05110810810811 -3.5511891891892535, -120.055 -3.522, -120.06076923076934 -3.4773846153837638, -120.07 -3.41, -120.07717241379306 -3.350827586207195, -120.083 -3.306, -120.08775999999999 -3.2699600000001343, -120.09 -3.254, -120.092 -3.235, -120.09174256205272 -3.2349457103648573, -120.1611416757908 -2.4760913490325365, -120.19 -2.299, -120.19193422847133 -2.1393858546893565, -120.1996006481776 -2.055556311103758, -120.221 -1.911, -120.22078026954074 -1.8239647650871327, -120.243 -1.581, -120.2333839168449 -0.9463385117640647, -120.288 -0.32, -120.27582119459478 -0.1258757348112905), (-97.47767687747037 1.5301842885375254, -97.57270758377427 1.2683840094061427, -97.60281998579667 1.1712417407350277, -97.61119285714273 1.1442309523813856, -97.66243305537337 0.9725313407664082, -97.71988811188814 0.689601398601261, -97.74005819730297 0.5571511710438793, -97.76487052939511 0.3801764650372111, -97.77832710603701 0.1123905898633609, -97.7786430960344 -0.0765714285711397, -97.77723769730733 -0.2166428350356518, -97.74991996320148 -0.4875436982519634, -97.7302375138734 -0.6212486126530455, -97.699029859372 -0.8130456559429143, -97.63193529602064 -1.077316078939053, -97.62684522000241 -1.0937366066588838, -97.60229978186325 -1.1729199127462528, -97.53193784277883 -1.392897623400247, -97.43432183908037 -1.6247356321841098, -97.38191797556733 -1.7337923211166535, -97.28132148868531 -1.9372629511874686, -97.14687115319579 -2.157037538045338, -97.10299338166145 -2.2213568826683776, -97.07077669902961 -2.26858252427115, -96.9611921660529 -2.4263713972669376, -96.78273542786276 -2.6386653871139067, -96.70899999999914 -2.7183940886708764, -96.67195228106993 -2.758361824855582, -96.56798522540721 -2.868146988256125, -96.35983749411213 -3.052134715025888, -96.2982026359138 -3.101601317957591, -96.2452463465557 -3.1438079331938518, -96.1021001006036 -3.255413480885328, -95.87285699077357 -3.403371185237773, -95.85799999999934 -3.4119922630564785, -95.78469392348075 -3.454387846961814, -95.59075728002519 -3.5636636864473448, -95.34156127044321 -3.676144821047657, -95.33196996997151 -3.6799399399393375, -95.27106983339038 -3.7037751819046574, -95.24551133188393 -3.7137783297114924, -95.03839524391393 -3.792697339975553, -94.78710244282458 -3.8634963552389876, -94.69252238031736 -3.8850729389670504, -94.63904544202676 -3.897272652161992, -94.45876916392528 -3.9364765688039207, -94.19327938298608 -3.9695510532980305, -94.05318806959401 -3.98012841756421, -93.87094444444445 -3.992033780011167, -93.59149958158997 -3.985012552301256, -93.44149999999995 -3.973687080536909, -93.27608066990138 -3.959532070746594, -93.00080818977693 -3.910927082744995, -92.85123193411279 -3.876804197662094, -92.69100775881176 -3.8384717357570297, -92.43055720843749 -3.751195537218911, -92.3289999999992 -3.7116301615795773, -92.32853892256661 -3.711449703984775, -92.31995495495504 -3.708090090090119, -92.12705892623308 -3.6300960279353918, -91.88640631491486 -3.5066032405484204, -91.7797556897353 -3.4453664653971465, -91.60847174485211 -3.34425904938843, -91.38282373595504 -3.1818855337078644, -91.2730000000049 -3.0945897435936462, -91.27227933572092 -3.0940153679997975, -91.2707578288097 -3.092802713987217, -91.13530078223567 -2.9824519303557873, -90.93831810650889 -2.790531893491141, -90.8755007800308 -2.7232496099839674, -90.82799763033209 -2.672002369668606, -90.72032958499005 -2.5536210859840924, -90.55140767699739 -2.3304195621267345, -90.49900297778767 -2.253600804234749, -90.4788692022263 -2.224087198515722, -90.37129824225609 -2.0622432768686845, -90.24080169426249 -1.8226954177895198, -90.20898421362148 -1.7564806607798489, -90.19089760348632 -1.7188409586066768, -90.10232312252964 -1.5301842885375305, -90.0072924162257 -1.268384009406092, -89.9756985999371 -1.166462715051351, -89.96880714285739 -1.1442309523817422, -89.91756694462661 -0.9725313407663873, -89.8601118881119 -0.6896013986014713, -89.83994180269694 -0.557151171043199, -89.81512947060489 -0.3801764650371696, -89.80167289396299 -0.1123905898635186, -89.8013569039656 0.076571428571573, -89.80276230269267 0.2166428350356329, -89.8300800367985 0.4875436982518712, -89.84976248612654 0.6212486126526087, -89.88097014062804 0.8130456559430603, -89.9480647039793 1.077316078938868, -89.97770021813623 1.172919912744582, -90.04806215722118 1.3928976234002879, -90.1456781609196 1.6247356321840625, -90.19808202443267 1.7337923211166535, -90.29867851131469 1.9372629511874686, -90.43312884680421 2.157037538045338, -90.5092233009704 2.2685825242711624, -90.61880783394709 2.4263713972669185, -90.79726457213734 2.638665387114018, -90.87100000000036 2.7183940886703426, -90.90804771893006 2.758361824855579, -91.01201477459273 2.8681469882560626, -91.22016250588793 3.0521347150259306, -91.28179736408548 3.1016013179570168, -91.33475365344468 3.1438079331941577, -91.4778998993964 3.2554134808853323, -91.7071430092264 3.403371185237755, -91.72199999999886 3.4119922630554282, -91.7459746743971 3.425857693703544, -91.79530607651967 3.4543878469620504, -91.98924271997481 3.5636636864473488, -92.23843872955666 3.6761448210475938, -92.24803003003126 3.6799399399404176, -92.295310685058 3.6984447564499896, -92.33448866811545 3.713778329711256, -92.5416047560861 3.7926973399755646, -92.79289755717546 3.8634963552389983, -92.88030506590077 3.8834366616891978, -92.94095455797296 3.8972726521619268, -93.12123083607473 3.9364765688039216, -93.38672061701392 3.9695510532980305, -93.47933430587372 3.976543697591136, -93.52681193040598 3.98012841756421, -93.70905555555555 3.992033780011167, -93.98850041841006 3.9850125523012547, -94.13850000000002 3.9736870805369113, -94.30391933009861 3.9595320707465964, -94.57919181022311 3.910927082744986, -94.72876806588752 3.8768041976620236, -94.88899224118822 3.838471735757034, -95.1494427915625 3.751195537218911, -95.2510000000008 3.7116301615795773, -95.25146107743339 3.711449703984775, -95.26004504504496 3.708090090090119, -95.45294107376692 3.6300960279353918, -95.69359368508513 3.5066032405484204, -95.8002443102647 3.4453664653971465, -95.97152825514789 3.34425904938843, -96.19717626404496 3.1818855337078644, -96.3069999999974 3.09458974359181, -96.30860719729426 3.093308793609483, -96.30924217119002 3.0928027139874423, -96.44469921776434 2.98245193035578, -96.64168189349121 2.790531893491039, -96.70449921996736 2.7232496099859516, -96.74005676758269 2.6848894970413393, -96.75200236966838 2.6720023696681063, -96.85967041500993 2.5536210859841044, -97.02859232300257 2.3304195621268047, -97.10113079777331 2.224087198516292, -97.20870175774401 2.0622432768685357, -97.33919830573738 1.8226954177897667, -97.38839016020424 1.7203231801155134, -97.38910239651402 1.7188409586059707, -97.47767687747037 1.5301842885375254)), ((85.497 0.761, 85.52913429010759 0.8070840594566268, 85.556 0.853, 85.60278120617114 0.9127017297803263, 85.626 0.946, 85.64272532306839 0.9636780313444292, 85.661 0.987, 85.779 1.108, 85.78005639503509 1.1088317593092405, 85.784 1.113, 85.927 1.227, 85.94059325605897 1.2352314717246005, 85.953 1.245, 86.01767556296912 1.2819090909090782, 86.107 1.336, 86.1266027131783 1.3440717054263596, 86.144 1.354, 86.25679999999991 1.3976823529411428, 86.328 1.427, 86.33961958356781 1.4297546426561594, 86.348 1.433, 86.56 1.482, 86.789 1.5, 86.78999999999999 1.499922077922078, 86.791 1.5, 87.02 1.482, 87.232 1.433, 87.24038041643219 1.4297546426561618, 87.252 1.427, 87.3231999999999 1.3976823529412175, 87.436 1.354, 87.45339728682174 1.3440717054263434, 87.473 1.336, 87.56232443703094 1.2819090909090494, 87.627 1.245, 87.63940674394094 1.2352314717246575, 87.653 1.227, 87.796 1.113, 87.79994360496494 1.1088317593092178, 87.801 1.108, 87.919 0.987, 87.93727467693155 0.9636780313444977, 87.954 0.946, 87.9772187938289 0.9127017297802541, 88.024 0.853, 88.05086570989239 0.8070840594566423, 88.083 0.761, 88.11462453253552 0.6981144353029395, 88.134 0.665, 88.14481929555895 0.6380719754977273, 88.17 0.588, 88.1986570397112 0.5040758122743769, 88.224 0.441, 88.23109090909092 0.4090909090908726, 88.24 0.383, 88.2630222222222 0.2654000000001069, 88.274 0.216, 88.27479549114332 0.2052608695652123, 88.277 0.194, 88.29 0, 88.277 -0.194, 88.27479549114332 -0.2052608695652234, 88.274 -0.216, 88.2630222222222 -0.2654000000001069, 88.24 -0.383, 88.23109090909092 -0.409090909090855, 88.224 -0.441, 88.19865703971118 -0.5040758122744191, 88.17 -0.588, 88.14481929555896 -0.6380719754977027, 88.134 -0.665, 88.1146245325355 -0.6981144353029706, 88.083 -0.761, 88.05086570989235 -0.8070840594567025, 88.024 -0.853, 87.97721879382885 -0.9127017297803263, 87.954 -0.946, 87.93727467693158 -0.9636780313444747, 87.919 -0.987, 87.801 -1.108, 87.79994360496494 -1.108831759309219, 87.796 -1.113, 87.653 -1.227, 87.63940674394098 -1.2352314717246355, 87.627 -1.245, 87.56232443703094 -1.2819090909090494, 87.473 -1.336, 87.45339728682175 -1.3440717054263367, 87.436 -1.354, 87.32319999999989 -1.397682352941222, 87.252 -1.427, 87.24038041643219 -1.4297546426561598, 87.232 -1.433, 87.02 -1.482, 86.791 -1.5, 86.79 -1.499922077922078, 86.789 -1.5, 86.56 -1.482, 86.348 -1.433, 86.33961958356781 -1.4297546426561614, 86.328 -1.427, 86.2568 -1.3976823529411762, 86.144 -1.354, 86.1266027131783 -1.3440717054263622, 86.107 -1.336, 86.01767556296912 -1.2819090909090782, 85.953 -1.245, 85.94059325605902 -1.2352314717246289, 85.927 -1.227, 85.784 -1.113, 85.7800563950351 -1.1088317593092454, 85.779 -1.108, 85.661 -0.987, 85.64272532306845 -0.9636780313445051, 85.626 -0.946, 85.6027812061711 -0.912701729780261, 85.556 -0.853, 85.52913429010763 -0.8070840594566879, 85.497 -0.761, 85.46537546746448 -0.698114435302942, 85.446 -0.665, 85.43518070444105 -0.6380719754977273, 85.41 -0.588, 85.3813429602888 -0.5040758122743769, 85.356 -0.441, 85.34890909090907 -0.4090909090908726, 85.34 -0.383, 85.3169777777778 -0.2654000000001069, 85.306 -0.216, 85.30520450885668 -0.2052608695652122, 85.303 -0.194, 85.29 0, 85.303 0.194, 85.30520450885668 0.2052608695652226, 85.306 0.216, 85.3169777777778 0.2654000000001069, 85.34 0.383, 85.34890909090907 0.4090909090908446, 85.356 0.441, 85.38134296028882 0.5040758122744188, 85.41 0.588, 85.43518070444104 0.6380719754977019, 85.446 0.665, 85.46537546746453 0.6981144353030133, 85.497 0.761), (85.622 -0.134, 85.645 -0.266, 85.682 -0.392, 85.732 -0.511, 85.844 -0.698, 85.94 -0.812, 86.076 -0.933, 86.263 -1.05, 86.48 -1.134, 86.615 -1.162, 86.762 -1.175, 86.922 -1.168, 87.098 -1.134, 87.282 -1.067, 87.454 -0.969, 87.609 -0.843, 87.74 -0.692, 87.842 -0.523, 87.914 -0.342, 87.947 -0.208, 87.965 0, 87.958 0.134, 87.935 0.266, 87.898 0.392, 87.848 0.511, 87.736 0.698, 87.64 0.812, 87.504 0.933, 87.317 1.05, 87.1 1.134, 86.965 1.162, 86.818 1.175, 86.658 1.168, 86.482 1.134, 86.298 1.067, 86.126 0.969, 85.971 0.843, 85.84 0.692, 85.738 0.523, 85.666 0.342, 85.633 0.208, 85.615 0, 85.622 -0.134)), ((99.46537546746453 0.6981144353030133, 99.497 0.761, 99.52913429010759 0.8070840594566268, 99.556 0.853, 99.60278120617114 0.9127017297803263, 99.626 0.946, 99.64272532306839 0.9636780313444292, 99.661 0.987, 99.779 1.108, 99.78005639503509 1.1088317593092405, 99.784 1.113, 99.927 1.227, 99.94059325605897 1.2352314717246005, 99.953 1.245, 100.01767556296912 1.2819090909090782, 100.107 1.336, 100.1266027131783 1.3440717054263596, 100.144 1.354, 100.25679999999991 1.3976823529411428, 100.328 1.427, 100.33961958356781 1.4297546426561594, 100.348 1.433, 100.56 1.482, 100.789 1.5, 100.78999999999999 1.499922077922078, 100.791 1.5, 101.02 1.482, 101.232 1.433, 101.24038041643219 1.4297546426561618, 101.252 1.427, 101.3231999999999 1.3976823529412175, 101.436 1.354, 101.45339728682174 1.3440717054263434, 101.473 1.336, 101.56232443703094 1.2819090909090494, 101.627 1.245, 101.63940674394094 1.2352314717246575, 101.653 1.227, 101.796 1.113, 101.79994360496494 1.1088317593092178, 101.801 1.108, 101.919 0.987, 101.93727467693155 0.9636780313444977, 101.954 0.946, 101.9772187938289 0.9127017297802541, 102.024 0.853, 102.05086570989239 0.8070840594566423, 102.083 0.761, 102.11462453253552 0.6981144353029395, 102.134 0.665, 102.14481929555895 0.6380719754977273, 102.17 0.588, 102.1986570397112 0.5040758122743769, 102.224 0.441, 102.23109090909092 0.4090909090908726, 102.24 0.383, 102.2630222222222 0.2654000000001069, 102.274 0.216, 102.27479549114332 0.2052608695652123, 102.277 0.194, 102.29 0, 102.277 -0.194, 102.27479549114332 -0.2052608695652234, 102.274 -0.216, 102.2630222222222 -0.2654000000001069, 102.24 -0.383, 102.23109090909092 -0.409090909090855, 102.224 -0.441, 102.19865703971118 -0.5040758122744191, 102.17 -0.588, 102.14481929555896 -0.6380719754977027, 102.134 -0.665, 102.1146245325355 -0.6981144353029706, 102.083 -0.761, 102.05086570989235 -0.8070840594567025, 102.024 -0.853, 101.97721879382885 -0.9127017297803263, 101.954 -0.946, 101.93727467693158 -0.9636780313444747, 101.919 -0.987, 101.801 -1.108, 101.79994360496494 -1.108831759309219, 101.796 -1.113, 101.653 -1.227, 101.63940674394098 -1.2352314717246355, 101.627 -1.245, 101.56232443703094 -1.2819090909090494, 101.473 -1.336, 101.45339728682175 -1.3440717054263367, 101.436 -1.354, 101.32319999999989 -1.397682352941222, 101.252 -1.427, 101.24038041643219 -1.4297546426561598, 101.232 -1.433, 101.02 -1.482, 100.791 -1.5, 100.79 -1.499922077922078, 100.789 -1.5, 100.56 -1.482, 100.348 -1.433, 100.33961958356781 -1.4297546426561614, 100.328 -1.427, 100.2568 -1.3976823529411762, 100.144 -1.354, 100.1266027131783 -1.3440717054263622, 100.107 -1.336, 100.01767556296912 -1.2819090909090782, 99.953 -1.245, 99.94059325605902 -1.2352314717246289, 99.927 -1.227, 99.784 -1.113, 99.7800563950351 -1.1088317593092454, 99.779 -1.108, 99.661 -0.987, 99.64272532306845 -0.9636780313445051, 99.626 -0.946, 99.6027812061711 -0.912701729780261, 99.556 -0.853, 99.52913429010763 -0.8070840594566879, 99.497 -0.761, 99.46537546746448 -0.698114435302942, 99.446 -0.665, 99.43518070444105 -0.6380719754977273, 99.41 -0.588, 99.3813429602888 -0.5040758122743769, 99.356 -0.441, 99.34890909090907 -0.4090909090908726, 99.34 -0.383, 99.3169777777778 -0.2654000000001069, 99.306 -0.216, 99.30520450885668 -0.2052608695652122, 99.303 -0.194, 99.29 0, 99.303 0.194, 99.30520450885668 0.2052608695652226, 99.306 0.216, 99.3169777777778 0.2654000000001069, 99.34 0.383, 99.34890909090907 0.4090909090908507, 99.356 0.441, 99.38134296028882 0.5040758122744188, 99.41 0.588, 99.43518070444104 0.6380719754977019, 99.446 0.665, 99.46537546746453 0.6981144353030133), (99.615 0, 99.622 -0.134, 99.645 -0.266, 99.682 -0.392, 99.732 -0.511, 99.844 -0.698, 99.94 -0.812, 100.076 -0.933, 100.263 -1.05, 100.48 -1.134, 100.615 -1.162, 100.762 -1.175, 100.922 -1.168, 101.098 -1.134, 101.282 -1.067, 101.454 -0.969, 101.609 -0.843, 101.74 -0.692, 101.842 -0.523, 101.914 -0.342, 101.947 -0.208, 101.965 0, 101.958 0.134, 101.935 0.266, 101.898 0.392, 101.848 0.511, 101.736 0.698, 101.64 0.812, 101.504 0.933, 101.317 1.05, 101.1 1.134, 100.965 1.162, 100.818 1.175, 100.658 1.168, 100.482 1.134, 100.298 1.067, 100.126 0.969, 99.971 0.843, 99.84 0.692, 99.738 0.523, 99.666 0.342, 99.633 0.208, 99.615 0)), ((92.2967358490566 7.125150943396164, 92.297 7.141, 92.30071557093426 7.162721799307995, 92.304 7.208, 92.31724137931036 7.268689655172499, 92.324 7.316, 92.3317132974635 7.34393927747887, 92.336 7.369, 92.34003343949044 7.381218949044583, 92.342 7.391, 92.34746755407654 7.4072262895174985, 92.352 7.428, 92.36225116761803 7.454554229372002, 92.369 7.479, 92.38707407407402 7.524768219832609, 92.404 7.575, 92.42190945945947 7.612980405405434, 92.431 7.636, 92.4367368421054 7.646157894737106, 92.44246632124354 7.656575129533728, 92.462 7.698, 92.47924999999996 7.727249999999948, 92.49 7.749, 92.49198188927768 7.751963572751687, 92.492 7.752, 92.49305714285404 7.7535714285668, 92.49977227921947 7.763612753973046, 92.502 7.768, 92.50991666666671 7.779250000000074, 92.51022580645149 7.779774193548172, 92.523 7.803, 92.52755465587049 7.809157894736903, 92.531 7.815, 92.53527834101382 7.820639631336394, 92.54 7.829, 92.56659107016287 7.863528703047291, 92.597 7.909, 92.59959184753839 7.91193382742194, 92.603 7.917, 92.62172851296043 7.938140518417452, 92.635 7.957, 92.64284910040624 7.965035983749241, 92.648 7.972, 92.6567142857143 7.980714285714305, 92.663 7.989, 92.66388058887681 7.98985986913853, 92.674 8.003, 92.70783213296397 8.035333240997204, 92.735 8.066, 92.7379842931937 8.068586387434545, 92.741 8.072, 92.78127586206894 8.106758620689634, 92.803 8.129, 92.81128571428569 8.135285714285699, 92.817 8.141, 92.82279851915135 8.145206179695286, 92.83086738351278 8.152917562724248, 92.833 8.155, 92.85660421775378 8.171768023540938, 92.887 8.198, 92.92368965517267 8.22155862068982, 92.93390191897655 8.228304904051173, 92.977 8.261, 92.9958920828258 8.27159488428744, 93.009 8.281, 93.01378997112104 8.283430034129696, 93.016 8.285, 93.03110005238341 8.292514580059345, 93.05 8.305, 93.06445543834118 8.311945070934868, 93.077 8.32, 93.1017463175123 8.330959083469734, 93.125 8.344, 93.18030607966456 8.36790649895178, 93.214 8.385, 93.21687531622696 8.385936754607881, 93.217 8.386, 93.22194552078156 8.387610697135278, 93.229 8.391, 93.24215450166729 8.394640978140053, 93.28 8.411, 93.28663202587948 8.412837040032345, 93.287 8.413, 93.40399274310597 8.446901306240937, 93.435 8.457, 93.444103478073 8.458524303305248, 93.463 8.464, 93.4810518609984 8.46669042159111, 93.493 8.47, 93.56722269807275 8.479533190578152, 93.58860874848126 8.48272053462942, 93.65 8.493, 93.65888624597733 8.49320288232825, 93.67 8.495, 93.671 8.495, 93.68764285714285 8.495, 93.711 8.498, 93.79 8.496196347031963, 93.869 8.498, 93.89235714285715 8.495, 93.909 8.495, 93.91 8.495, 93.92111375402266 8.493202882328251, 93.93 8.493, 93.99139125151882 8.482720534629408, 94.01277730192719 8.479533190578161, 94.087 8.47, 94.0989481390016 8.466690421591109, 94.117 8.464, 94.135896521927 8.458524303305248, 94.145 8.457, 94.17600725689398 8.446901306240951, 94.293 8.413, 94.29336797412053 8.412837040032342, 94.3 8.411, 94.34205359622327 8.392821993890587, 94.363 8.386, 94.36312468377304 8.38593675460788, 94.366 8.385, 94.3996939203355 8.36790649895175, 94.455 8.344, 94.47825368248768 8.330959083469745, 94.503 8.32, 94.5364038095238 8.298551238095243, 94.571 8.281, 94.58410791717421 8.271594884287435, 94.603 8.261, 94.64771962616824 8.227074766355136, 94.693 8.198, 94.7241803191489 8.171090957446836, 94.748 8.154, 94.75720148084865 8.145206179695288, 94.763 8.141, 94.76871428571431 8.135285714285702, 94.777 8.129, 94.79872413793102 8.106758620689677, 94.839 8.072, 94.86718952618449 8.040091022443944, 94.906 8.003, 94.92275000000002 7.981249999999986, 94.932 7.972, 94.93715089959376 7.965035983749239, 94.945 7.957, 94.96224652338807 7.932491782553787, 94.983 7.909, 95.01340892983697 7.863528703047535, 95.04 7.829, 95.04720424263677 7.816243863955099, 95.057 7.803, 95.06998795180722 7.779385542168684, 95.078 7.768, 95.08022772078053 7.763612753973046, 95.09 7.749, 95.11925773195877 7.689804123711322, 95.14326315789451 7.6461578947372475, 95.149 7.636, 95.16151879145173 7.6042991893883745, 95.176 7.575, 95.1929259259259 7.524768219832792, 95.211 7.479, 95.21774883238194 7.454554229372086, 95.228 7.428, 95.23253244592345 7.407226289517507, 95.238 7.391, 95.23996656050956 7.381218949044588, 95.244 7.369, 95.24828670253652 7.343939277478848, 95.256 7.316, 95.26275862068965 7.268689655172389, 95.276 7.208, 95.27928442906574 7.162721799307995, 95.283 7.141, 95.2832641509434 7.125150943396282, 95.287 7.099, 95.28642207163601 7.064324298160705, 95.29 7.015, 95.28903225806452 6.9999999999999964, 95.29 6.985, 95.28642207163601 6.935675701839293, 95.287 6.901, 95.2832641509434 6.874849056603774, 95.283 6.859, 95.27928442906574 6.8372782006919595, 95.276 6.792, 95.26275862068968 6.731310344827737, 95.256 6.684, 95.24828670253652 6.656060722521195, 95.244 6.631, 95.23996656050956 6.618781050955415, 95.238 6.609, 95.23253244592345 6.592773710482497, 95.228 6.572, 95.21774883238196 6.545445770627995, 95.211 6.521, 95.19292592592598 6.475231780167391, 95.176 6.425, 95.16151879145173 6.3957008106116255, 95.149 6.364, 95.1432631578946 6.353842105262894, 95.11925773195877 6.310195876288662, 95.09 6.251, 95.08022772078051 6.236387246026918, 95.078 6.232, 95.06998795180724 6.220614457831324, 95.057 6.197, 95.04720424263675 6.18375613604488, 95.04 6.171, 95.01340892983697 6.136471296952464, 94.983 6.091, 94.96224652338809 6.067508217446233, 94.945 6.043, 94.93715089959376 6.034964016250757, 94.932 6.028, 94.92275000000002 6.018750000000014, 94.906 5.997, 94.86718952618453 5.959908977556091, 94.839 5.928, 94.79872413793102 5.893241379310322, 94.777 5.871, 94.76871428571431 5.8647142857142995, 94.763 5.859, 94.75720148084865 5.854793820304713, 94.748 5.846, 94.72418031914894 5.8289090425532, 94.693 5.802, 94.64771962616821 5.772925233644857, 94.603 5.739, 94.58410791717418 5.72840511571255, 94.571 5.719, 94.53640380952383 5.701448761904775, 94.503 5.68, 94.47825368248773 5.669040916530279, 94.455 5.656, 94.39969392033544 5.632093501048221, 94.366 5.615, 94.36312468377304 5.614063245392118, 94.363 5.614, 94.34205359622327 5.607178006109411, 94.3 5.589, 94.29336797412053 5.587162959967658, 94.293 5.587, 94.17600725689397 5.553098693759044, 94.145 5.543, 94.13589652192701 5.5414756966947545, 94.117 5.536, 94.09894813900159 5.533309578408889, 94.087 5.53, 94.01277730192734 5.52046680942186, 94.00574217604319 5.519418305083356, 93.9913912515187 5.517279465370574, 93.93 5.507, 93.92111375402266 5.506797117671749, 93.91 5.505, 93.909 5.505, 93.89235714285715 5.505, 93.869 5.502, 93.78999999999999 5.5038036529680365, 93.711 5.502, 93.68764285714286 5.505, 93.671 5.505, 93.67 5.505, 93.65888624597733 5.50679711767175, 93.65 5.507, 93.58860874848126 5.517279465370579, 93.56722269807274 5.520466809421849, 93.493 5.53, 93.48105186099839 5.5333095784088915, 93.463 5.536, 93.44410347807302 5.541475696694752, 93.435 5.543, 93.403992743106 5.553098693759057, 93.287 5.587, 93.28663202587951 5.587162959967646, 93.28 5.589, 93.24215450166727 5.605359021859951, 93.229 5.609, 93.22144523859575 5.612552238805969, 93.217 5.614, 93.21687531622695 5.614063245392122, 93.214 5.615, 93.18563185378588 5.629391644908626, 93.17509572072075 5.634345720720709, 93.125 5.656, 93.10402419753085 5.6677634567901345, 93.0941972318341 5.672384083044895, 93.077 5.68, 93.06445543834121 5.688054929065113, 93.05 5.695, 93.02912439729988 5.708790549662497, 93.009 5.719, 92.9958920828258 5.728405115712561, 92.977 5.739, 92.96167479674797 5.7506260162601555, 92.938 5.765, 92.91221276595745 5.785810750279952, 92.887 5.802, 92.85581968085106 5.828909042553191, 92.832 5.846, 92.82279851915136 5.854793820304703, 92.817 5.859, 92.81128571428567 5.864714285714314, 92.803 5.871, 92.78940462427745 5.884919075144504, 92.767 5.903, 92.75366535654126 5.917069623806851, 92.741 5.928, 92.73798429319369 5.93141361256547, 92.735 5.934, 92.70783213296393 5.964666759002822, 92.674 5.997, 92.65725000000002 6.018749999999961, 92.648 6.028, 92.64611691067259 6.030545936770655, 92.64 6.037, 92.63766728025772 6.040269213069486, 92.635 6.043, 92.62172851296046 6.061859481582512, 92.603 6.083, 92.59959184753838 6.08806617257808, 92.597 6.091, 92.56659107016293 6.136471296952624, 92.54 6.171, 92.53279575736329 6.183756136044826, 92.523 6.197, 92.5134713375796 6.214324840764346, 92.503 6.229, 92.49771434138742 6.239464536243093, 92.4930571428545 6.24642857143252, 92.492 6.248, 92.49198188927768 6.248036427248309, 92.49 6.251, 92.46074226804123 6.310195876288664, 92.43673684210545 6.3538421052628165, 92.431 6.364, 92.41848120854827 6.3957008106116255, 92.404 6.425, 92.38707407407409 6.475231780167208, 92.369 6.521, 92.36225116761804 6.545445770627961, 92.352 6.572, 92.34746755407654 6.592773710482515, 92.342 6.609, 92.34003343949045 6.618781050955361, 92.336 6.631, 92.3317132974635 6.6560607225210795, 92.324 6.684, 92.31724137931035 6.7313103448275715, 92.304 6.792, 92.30071557093426 6.83727820069201, 92.297 6.859, 92.2967358490566 6.8748490566037805, 92.293 6.901, 92.29357792836399 6.935675701839302, 92.29 6.985, 92.29096774193549 7.000000000000009, 92.29 7.015, 92.29357792836399 7.064324298160661, 92.293 7.099, 92.2967358490566 7.125150943396164)))