MULTIPOLYGON (((-181.012 -53.625, -179.396 -53.038, -177.712 -52.698, -175.995 -52.613, -174.285 -52.784, -172.619 -53.209, -171.036 -53.877, -169.569 -54.774, -168.253 -55.879, -167.116 -57.168, -166.184 -58.612, -165.477 -60.179, -165.012 -61.833, -164.799 -63.539, -164.842 -65.257, -165.141 -66.95, -165.689 -68.579, -166.473 -70.108, -167.477 -71.503, -168.678 -72.734, -170.048 -73.771, -171.558 -74.593, -173.173 -75.18, -174.858 -75.52, -176.574 -75.605, -178.285 -75.434, -179.95 -75.009, -181.534 -74.341, -183 -73.445, -184.317 -72.339, -185.454 -71.05, -186.386 -69.606, -187.092 -68.039, -187.557 -66.385, -187.771 -64.679, -187.727 -62.961, -187.428 -61.268, -186.88 -59.639, -186.096 -58.11, -185.092 -56.715, -183.892 -55.485, -182.521 -54.447, -181.012 -53.625), (-169.327 -63.064, -169.131 -62.993, -168.947 -62.893, -168.78 -62.767, -168.634 -62.617, -168.512 -62.447, -168.416 -62.261, -168.35 -62.063, -168.313 -61.856, -168.308 -61.647, -168.334 -61.44, -168.39 -61.238, -168.476 -61.047, -168.59 -60.872, -168.728 -60.715, -168.889 -60.58, -169.067 -60.471, -169.26 -60.39, -169.463 -60.338, -169.671 -60.317, -169.88 -60.327, -170.085 -60.369, -170.282 -60.44, -170.465 -60.54, -170.632 -60.667, -170.778 -60.816, -170.901 -60.986, -170.996 -61.173, -171.063 -61.371, -171.099 -61.577, -171.104 -61.786, -171.078 -61.994, -171.022 -62.195, -170.936 -62.386, -170.822 -62.562, -170.684 -62.719, -170.524 -62.853, -170.345 -62.962, -170.152 -63.044, -169.95 -63.095, -169.741 -63.116, -169.532 -63.106, -169.327 -63.064), (-175.122 -71.357, -175.008 -71.533, -174.87 -71.69, -174.71 -71.824, -174.531 -71.933, -174.339 -72.015, -174.136 -72.066, -173.928 -72.087, -173.719 -72.077, -173.513 -72.035, -173.317 -71.964, -173.133 -71.864, -172.966 -71.737, -172.82 -71.588, -172.698 -71.418, -172.602 -71.232, -172.536 -71.033, -172.499 -70.827, -172.494 -70.618, -172.52 -70.411, -172.577 -70.209, -172.663 -70.018, -172.776 -69.843, -172.914 -69.686, -173.075 -69.551, -173.253 -69.442, -173.446 -69.361, -173.649 -69.309, -173.857 -69.288, -174.066 -69.298, -174.271 -69.34, -174.468 -69.411, -174.652 -69.511, -174.818 -69.638, -174.965 -69.787, -175.087 -69.957, -175.182 -70.143, -175.249 -70.342, -175.285 -70.548, -175.291 -70.757, -175.265 -70.965, -175.208 -71.166, -175.122 -71.357), (-180.049 -57.808, -179.993 -58.009, -179.907 -58.2, -179.793 -58.376, -179.655 -58.533, -179.495 -58.667, -179.316 -58.776, -179.123 -58.858, -178.921 -58.909, -178.712 -58.93, -178.503 -58.92, -178.298 -58.878, -178.102 -58.807, -177.918 -58.707, -177.751 -58.581, -177.605 -58.431, -177.483 -58.261, -177.387 -58.075, -177.32 -57.876, -177.284 -57.67, -177.279 -57.461, -177.305 -57.254, -177.361 -57.052, -177.447 -56.861, -177.561 -56.686, -177.699 -56.529, -177.86 -56.394, -178.038 -56.285, -178.231 -56.204, -178.434 -56.152, -178.642 -56.131, -178.851 -56.141, -179.056 -56.183, -179.253 -56.254, -179.436 -56.354, -179.603 -56.481, -179.749 -56.63, -179.871 -56.8, -179.967 -56.986, -180.034 -57.185, -180.07 -57.391, -180.075 -57.6, -180.049 -57.808), (-183.789 -65.452, -183.935 -65.601, -184.058 -65.771, -184.153 -65.957, -184.22 -66.156, -184.256 -66.362, -184.261 -66.571, -184.235 -66.778, -184.179 -66.98, -184.093 -67.171, -183.979 -67.346, -183.841 -67.503, -183.681 -67.638, -183.502 -67.747, -183.309 -67.828, -183.107 -67.88, -182.898 -67.901, -182.689 -67.891, -182.484 -67.849, -182.288 -67.778, -182.104 -67.678, -181.937 -67.551, -181.791 -67.402, -181.669 -67.232, -181.573 -67.046, -181.507 -66.847, -181.47 -66.641, -181.465 -66.432, -181.491 -66.224, -181.547 -66.023, -181.633 -65.832, -181.747 -65.656, -181.885 -65.499, -182.046 -65.365, -182.224 -65.256, -182.417 -65.174, -182.62 -65.123, -182.828 -65.102, -183.037 -65.112, -183.242 -65.154, -183.439 -65.225, -183.622 -65.325, -183.789 -65.452)), ((-210.609 -17.981, -208.871 -15.467, -206.787 -13.232, -204.4 -11.323, -201.761 -9.781, -198.926 -8.638, -195.956 -7.919, -192.913 -7.638, -189.861 -7.803, -188.49209164660488 -8.079431760281723, -175.832 -2.264, -175.842 -2.295, -175.871 -2.386, -175.917 -2.532, -175.97063999999997 -2.6988799999998974, -175.97184615384623 -2.7026923076924927, -176.026 -2.875, -176.089 -3.073, -176.14270967741967 -3.241290322581678, -176.188 -3.385, -176.241 -3.553, -176.595 -4.666, -176.848 -5.46, -172.503 -6.627, -171.219 -6.11, -133.49791383200238 9.072466925098619, -133.457 9.155, -133.397 9.274, -131.103 13.856, -133.2052740419822 16.853132487202856, -141.00228658054374 13.714798839968104, -141.093 13.678, -141.245 13.617, -141.367 13.568, -133.45163803849357 17.204364307068307, -159.534 54.389, -162.172 49.121, -162.268 48.928, -162.361 48.743, -162.449 48.566, -162.515 48.436, -162.562 48.341, -162.625 48.216, -162.663 48.138, -162.677 48.112, -178.48270305671264 70.00065502175663, -179.975 72.067, -182.648 75.769, -183.534 77.099, -184.316 78.493, -184.989 79.942, -187.15239149226088 84.83057185571293, -193.26056991557945 97.89993154259402, -195.0780435275449 101.60771321695785, -195.5057651327457 102.43947898135728, -201.075 112.762, -202.214 115.107, -202.381 115.526, -203.053 117.575, -203.272 118.449, -203.581 120.128, -203.729 121.471, -203.788 122.726, -203.742 124.527, -203.672 125.33, -203.312 127.553, -203.117 128.371, -202.546 130.217, -202.447 130.485, -201.807 132.004, -201.166 133.259, -199.496 135.819, -197.472 138.109, -195.136 140.081, -192.54 141.693, -189.737 142.911, -186.786 143.709, -183.752 144.071, -180.696 143.988, -177.686 143.462, -174.783 142.506, -172.05 141.138, -169.544 139.387, -167.319 137.292, -165.422 134.896, -163.893 132.25, -163.84187313230998 132.1213450565923, -161.6511047813059 130.92653814853807, -155.14 127.376, -151.681 125.489, -151.707 125.48, -151.75190909090904 125.46445454545457, -151.801 125.447, -151.947 125.397, -152.07672185430437 125.35245695364249, -152.20713114754122 125.30699999999992, -152.287 125.279, -152.482 125.212, -152.53771428571045 125.19271428571561, -152.629 125.161, -152.67345454545577 125.14572727272686, -152.716 125.131, -152.958 125.047, -154.062 124.665, -154.85 124.392, -153.188 120.212, -152.005 119.492, -111.533 94.831, -102.982 97.791, -102.942 97.805, -102.901 97.819, -102.861 97.833, -102.821 97.847, -103.457 98.234, -104.05276649745359 98.59750253806598, -104.11777586207648 98.6371120689701, -104.716 99.001, -105.338 99.38, -107.945 100.969, -118.383 107.329, -106.17332002752183 100.67028527184729, -105.314 100.202, -91.401 92.614, -72.436 82.271, -45.37730064171414 67.51313585748746, -37.223 63.066, -25.874 56.876, -25.704776992936495 56.76924282175951, -25.67428867190374 56.751985904118676, -25.586 56.704, -25.466730434782615 56.634504347826095, -25.45335921946812 56.62693600842189, -25.306 56.555, -25.174281090381267 56.4641576966504, -25.17172489082968 56.462611353711786, -25.127729481356152 56.43697623323115, -24.913 56.32, -24.779622215298353 56.23414207820534, -24.697 56.186, -24.510129403907133 56.06066421773249, -24.085 55.787, -23.99982317020313 55.719861408358454, -23.729 55.541, -23.678272848986044 55.50273057688523, -23.625 55.467, -23.54891419033581 55.40918053783553, -23.509 55.384, -23.466653597896244 55.352641439841534, -23.464 55.351, -23.4609947253174 55.348450904462446, -23.166 55.13, -23.164923812954054 55.12909367535508, -23.157 55.124, -23.11417583069263 55.086355614925196, -23.009448342222413 54.99815802496284, -22.597 54.687, -22.3660483870968 54.488274193548406, -22.102 54.276, -21.635777540106982 53.85990160427811, -21.588124395828018 53.81889773594504, -21.554 53.792, -21.522 53.762, -21.484900976042606 53.72524593738118, -21.423 53.67, -21.36230734125862 53.61332672263222, -21.351 53.604, -21.31774643478273 53.571716869565336, -21.272 53.529, -21.040316763616495 53.302383395028464, -20.981847633136113 53.24562056213019, -20.954 53.222, -20.934563670047783 53.19971648123315, -20.837 53.105, -20.809959808397636 53.07706406706091, -20.769 53.037, -20.747686602209974 53.01452900552489, -20.741 53.008, -20.73401880449337 53.00011886735723, -20.69961934503837 52.96385106665388, -20.685 52.951, -20.66563313380524 52.928018958963996, -20.662679675304208 52.92490508897888, -20.354 52.606, -20.34363554940896 52.594592446244555, -20.339 52.59, -20.327362057972376 52.57668115160129, -20.21345201995282 52.45130693416649, -20.195 52.434, -20.184784148261528 52.42105357484442, -20.143 52.377, -20.09662926781133 52.322726860074994, -19.887 52.092, -19.437 51.564, -19.42876592946071 51.548297818971584, -19.342 51.449, -19.248 51.332, -19.234175938126587 51.31340085935259, -19.21 51.285, -19.185416277109685 51.25188793503958, -19.174 51.239, -18.821566663425084 50.77719080035011, -18.79 50.741, -18.76983987250511 50.70941086742049, -18.652 50.555, -18.60406795387296 50.481731907564615, -18.563 50.433, -18.491663696404224 50.31679887828911, -18.4692918026204 50.28431203252856, -18.255 49.996, -18.186152497239696 49.88836100106077, -18.18372077676526 49.88513020459119, -18.156 49.85, -18.151999805565584 49.84298555727626, -18.149 49.839, -17.560282051282194 48.90861538461561, -17.496 48.808, -17.49211385285312 48.80088528531252, -17.477 48.777, -17.41282638633264 48.66082075655545, -17.375 48.603, -17.043210844561308 48.003936247124585, -17.019 47.966, -17.005994528363637 47.936740120656566, -16.943 47.823, -16.88860015219098 47.70553683327276, -16.841 47.628, -16.809536794194177 47.55378601027436, -16.71 47.369, -16.641704109589053 47.218769863013726, -16.548 47.037, -16.533974927853624 47.005737764353995, -16.525 46.99, -16.51312940350578 46.95927257062626, -16.107 46.054, -16.080549498318362 45.98440080194116, -16.054 45.926, -16.00866273685619 45.80552719188803, -15.976 45.735, -15.693226499143979 44.98325752387815, -15.682 44.958, -15.67728002202189 44.94086442777512, -15.651 44.871, -15.618108762490383 44.75981331667945, -15.56765483096993 44.62449088923725, -15.556 44.597, -15.552886687774938 44.58488127060623, -15.541 44.553, -15.463810844306742 44.29477180480249, -15.373 44.032, -15.346621341220809 43.939728092367524, -15.339 43.92, -15.33204887051528 43.88875394382673, -15.126 43.168, -15.08809907341411 43.004773342836764, -15.048 42.864, -15.021861654877453 42.74423885507487, -15.007 42.694, -14.80816719672876 41.785606996819624, -14.808 41.785, -14.807958633093525 41.784654147270416, -14.803 41.762, -14.794548002272299 41.70272902859308, -14.773 41.604, -14.750929939585827 41.46322301269794, -14.737 41.409, -14.726893898394225 41.30990574024278, -14.710418796372629 41.20481698268755, -14.651 40.886, -14.62983468996641 40.73222754342943, -14.624 40.706, -14.62171553808948 40.67323941958888, -14.553 40.174, -14.531872954764198 39.932734359961515, -14.5 39.689, -14.49128007787546 39.57601472332917, -14.487 39.546, -14.470188784008887 39.302731815658, -14.43 38.782, -14.419 38.576, -14.417276815501591 38.51831434750563, -14.417 38.516, -14.417104742090537 38.51255398522131, -14.408609538002981 38.22816691505216, -14.403519844357977 38.13909727626459, -14.403 38.134, -14.403104051031399 38.13182089304946, -14.403 38.13, -14.403425286706966 38.05461793119034, -14.398 37.873, -14.398632343651295 37.757913455464305, -14.395 37.669, -14.396656710625553 37.445758243206626, -14.395 37.422, -14.397019261140185 37.396904561360046, -14.399 37.13, -14.402427805978569 37.06713931190071, -14.403 36.963, -14.410285618729096 36.83862408026757, -14.411 36.712, -14.445691322901853 36.21145376955897, -14.487 35.529, -14.500133266244967 35.42593430132261, -14.504360940769065 35.36493499747492, -14.505 35.341, -14.509 35.298, -14.516413081988034 35.24530960259368, -14.517 35.226, -14.526410580811877 35.17424979414317, -14.553530549310114 34.981487604257, -14.56 34.846, -14.580709597912646 34.74251612683897, -14.613 34.449, -14.666 34.094, -14.708851857042749 33.86909964961457, -14.723 33.752, -14.73423980142456 33.69704985970216, -14.741 33.649, -14.802697707736408 33.362366762177565, -14.975 32.52, -15.021828407323204 32.34433636472418, -15.06 32.167, -15.097 32.022, -15.103702193049457 31.99963598762785, -15.106 31.987, -15.11798177946048 31.95198757690488, -15.181732184450677 31.73926394519073, -15.206 31.618, -15.24908652829275 31.49889652536218, -15.299 31.296, -15.35 31.124, -15.394517443618117 30.99369238077962, -15.408 30.936, -15.442056840077067 30.850564547206176, -15.51 30.622, -15.550492405265679 30.50877743431222, -15.575 30.427, -15.670846879916102 30.172249082328253, -15.873 29.607, -15.97456996935649 29.36870122574054, -16.073 29.108, -16.144791351195554 28.951507449367586, -16.172 28.872, -16.23844321861134 28.744190910181082, -16.28589487516426 28.632862023653086, -16.326 28.522, -16.359505587139775 28.460159968633604, -16.438 28.276, -48.03240661474559 -39.87283007511065, -40.19 -51.549, -39.561 -52.544, -38.989 -53.572, -38.639 -54.278, -38.476 -54.631, -38.205 -55.26, -37.954 -55.898, -37.725 -56.544, -37.513 -57.208, -37.134 -58.65, -36.836 -60.272, -36.694 -61.52, -36.623 -63.404, -36.655 -64.424, -36.879 -66.532, -37.016 -67.305, -37.599 -69.587, -37.771 -70.109, -38.766 -72.501, -38.906 -72.783, -40.354 -75.208, -40.399 -75.273, -40.991 -76.081, -42.328 -77.648, -42.779 -78.114, -44.643 -79.767, -44.814 -79.9, -47.061 -81.409, -47.249 -81.517, -49.484 -82.617, -50.086 -82.859, -52.042 -83.504, -53.014 -83.746, -53.091 -83.764, -55.884 -84.186, -56.198 -84.21, -58.788 -84.226, -59.337 -84.188, -61.669 -83.865, -62.437 -83.699, -64.473 -83.109, -65.43 -82.753, -67.146 -81.974, -67.4902928728893 -81.7859198643563, -67.561 -81.917, -67.755 -82.256, -68.042 -82.647, -68.32 -83.005, -68.615 -83.308, -68.986 -83.667, -69.358 -83.953, -69.738 -84.229, -70.092 -84.429, -70.562 -84.678, -70.984 -84.843, -71.441 -85.007, -71.821 -85.097, -72.357 -85.209, -73.946 -85.558, -75.47 -86.128, -76.898 -86.907, -78.201 -87.88, -79.355 -89.028, -80.335 -90.326, -81.121 -91.75, -81.7 -93.271, -82.057 -94.857, -82.188 -96.479, -82.088 -98.103, -81.76 -99.696, -81.21 -101.227, -80.45 -102.666, -80.012 -103.495, -79.695 -104.379, -79.506 -105.298, -79.448 -106.235, -79.523 -107.17, -79.73 -108.086, -80.063 -108.963, -87.716 -125.47, -87.967 -125.965, -88.224 -126.456, -88.497 -126.938, -88.928 -127.649, -89.409 -128.327, -89.743 -128.769, -90.091 -129.201, -90.445 -129.627, -90.828 -130.028, -91.216 -130.423, -91.617 -130.806, -92.235 -131.362, -92.892 -131.872, -93.339 -132.199, -93.797 -132.511, -94.26 -132.817, -94.742 -133.09, -95.228 -133.356, -95.723 -133.606, -96.475 -133.959, -97.252 -134.257, -97.775 -134.441, -98.303 -134.607, -98.834 -134.766, -99.375 -134.888, -99.917 -135.002, -100.463 -135.098, -100.74056191626762 -135.13880800956062, -100.762 -135.143, -101.286 -135.219, -101.78406968161227 -135.25504846911548, -70.677 -181.677, -54.62 -207.018, -54.018 -208.029, -53.474 -209.073, -53.143 -209.787, -52.989 -210.145, -52.735 -210.781, -52.501 -211.425, -52.289 -212.077, -52.095 -212.746, -51.755 -214.198, -51.5 -215.828, -51.392 -217.079, -51.371 -218.964, -51.43 -219.983, -51.71 -222.084, -51.868 -222.853, -52.511 -225.119, -52.698 -225.636, -53.755 -228, -53.903 -228.278, -55.415 -230.664, -55.462 -230.728, -56.076 -231.519, -57.453 -233.051, -57.917 -233.504, -59.825 -235.107, -59.999 -235.235, -62.286 -236.684, -62.476 -236.787, -64.74 -237.827, -65.348 -238.053, -67.321 -238.645, -68.298 -238.862, -68.376 -238.877, -71.179 -239.225, -71.494 -239.24, -74.083 -239.187, -74.631 -239.135, -76.954 -238.749, -77.717 -238.563, -79.737 -237.919, -80.683 -237.538, -82.379 -236.713, -83.464 -236.082, -84.829 -235.155, -86.005 -234.22, -87.524 -232.784, -88.224 -232.016, -88.893 -231.205, -90.097 -229.498, -97.048 -218.529, -106.155 -204.157, -106.993 -202.929, -118.85 -185.55, -118.842 -185.557, -118.818 -185.576, -118.779 -185.607, -118.725 -185.65, -115.344 -190.528, -110.926 -196.903, -110.681 -197.084, -110.382 -197.304, -109.917 -197.647, -109.397 -198.03, -108.849 -198.434, -107.35 -199.539, -106.954 -198.797, -103.576 -192.477, -103.703 -192.284, -104.183 -192.325, -104.386 -192.318, -104.845 -192.271, -105.293 -192.158, -105.486 -192.096, -105.673 -192.015, -106.084 -191.806, -106.253 -191.693, -106.618 -191.411, -106.939 -191.08, -107.071 -190.925, -107.187 -190.758, -107.426 -190.363, -107.606 -189.938, -107.673 -189.746, -107.771 -189.296, -107.801 -189.095, -107.813 -188.892, -107.808 -188.43, -107.782 -188.229, -107.693 -187.776, -107.54 -187.341, -107.46 -187.154, -107.294 -186.863, -115.439 -174.565, -115.854 -174.409, -116.068 -174.307, -116.497 -174.055, -116.894 -173.754, -117.086 -173.578, -117.422 -173.21, -117.642 -172.916, -120.996 -167.941, -121.19 -167.62, -121.31 -167.384, -121.499 -166.913, -121.568 -166.682, -121.67 -166.185, -121.699 -165.921, -121.708 -165.414, -121.685 -165.134, -130.915 -151.199, -135.378 -159.551, -135.56686567164195 -159.90388059701525, -135.577 -159.923, -135.67 -160.097, -135.739 -160.226, -135.789 -160.32, -135.855 -160.443, -135.896 -160.52, -135.91 -160.545, -146.704 -144.725, -146.693 -144.705, -146.66 -144.644, -146.611 -144.551, -146.557 -144.45, -146.504 -144.351, -146.414 -144.182, -146.356 -144.075, -146.296 -143.963, -146.235 -143.847, -146.172 -143.73, -143.757 -139.211, -171.096 -97.934, -173.873 -103.13, -173.974 -103.32, -174.072 -103.503, -174.165 -103.677, -174.234 -103.806, -174.284 -103.899, -174.35 -104.022, -174.391 -104.099, -174.405 -104.125, -193.632 -75.945, -194.481 -74.592, -195.226 -73.178, -195.86 -71.711, -197.89194293699157 -66.7675117238578, -203.65180872337203 -53.534158410850154, -205.36117865921898 -49.79754517108218, -205.7802944025785 -48.92614767169969, -211.065 -38.473, -212.141 -36.099, -212.296 -35.676, -212.914 -33.61, -213.109 -32.73, -213.373 -31.044, -213.485 -29.697, -213.511 -28.441, -213.417 -26.641, -213.325 -25.841, -212.907 -23.628, -212.69 -22.816, -212.069 -20.985, -211.964 -20.721, -211.283 -19.219, -210.609 -17.981), (-177.9002926404996 -4.315190109636019, -177.9005245471661 -4.315296635129618, -176.595 -4.666, -177.9002926404996 -4.315190109636019), (-178.37820566935653 -4.534717741453428, -178.37820566935653 -4.534717741453431, -176.848 -5.46, -178.37820566935653 -4.534717741453428), (-37.635192652997205 -56.8640241502333, -37.63519265299721 -56.86402415023327, -38.205 -55.26, -37.635192652997205 -56.8640241502333), (-37.667236993321936 -56.749835688771576, -37.66723699332195 -56.74983568877152, -37.954 -55.898, -37.667236993321936 -56.749835688771576), (-52.19057572746626 -212.46793236337837, -52.19057572746627 -212.46793236337834, -52.989 -210.145, -52.19057572746626 -212.46793236337837), (-52.23639287916151 -212.28595075524052, -52.23639287916153 -212.28595075524044, -52.501 -211.425, -52.23639287916151 -212.28595075524052), (-113.76816521731165 -192.80210434794103, -113.261 -193.534, -110.926 -196.903, -113.76816521731165 -192.80210434794103), (-28.21217066968073 36.65573354054814, -28.212170669680688 36.65573354054819, -28.21217066968067 36.655733540548226, -28.212170669680706 36.65573354054818, -28.21217066968073 36.65573354054814), (-28.290439605587526 38.52234702821146, -28.29043960558748 38.52234702821141, -28.29043960558751 38.52234702821145, -28.290439605587554 38.5223470282115, -28.290439605587526 38.52234702821146), (-28.4096198587071 37.44673419145086, -28.409549138323438 37.44682139972885, -28.410948717948738 37.463743589743835, -28.4096198587071 37.44673419145086), (-28.623064935064924 38.80730909090909, -28.623064935064885 38.80730909090906, -28.623064935064864 38.807309090909044, -28.623064935064903 38.80730909090907, -28.623064935064924 38.80730909090909), (-29.780693129064918 38.50532498605106, -29.51 38.691, -29.693 38.566, -29.780607598991924 38.50558096621246, -29.780693129064918 38.50532498605106), (-28.915693467337515 38.407535175879794, -28.927 38.413, -29.128 38.509, -29.323 38.602, -29.51 38.691, -28.915693467337515 38.407535175879794), (-29.61948147015436 36.52687577807362, -29.619248067347968 36.52696189008824, -29.92430653266396 36.672464824120915, -29.913 36.667, -29.712 36.571, -29.61948147015436 36.52687577807362), (-30.273723354231784 36.31136833855786, -30.27043971631206 36.30913191489362, -30.270439716312346 36.30913191489382, -30.27372335423174 36.311368338557834, -30.273723354231784 36.31136833855786), (-30.738648177496035 36.83242630744849, -30.73864817749604 36.8324263074485, -30.73864817749604 36.83242630744849, -30.738648177496035 36.832426307448486, -30.738648177496035 36.83242630744849), (-35.269 30.63, -35.5524648241209 30.035693467336067, -35.547 30.047, -35.451 30.248, -35.358 30.443, -35.269 30.63), (-35.394 30.813, -35.45441903378754 30.900607598991932, -35.45467501394894 30.900693129064926, -35.269 30.63, -35.394 30.813), (-35.55246482412095 44.03569346733595, -35.547 44.047, -35.451 44.248, -35.40687577807361 44.340518529845646, -35.40696189008823 44.340751932652026, -35.55246482412095 44.03569346733595), (-36.32673419145085 45.5503801412929, -36.326821399728836 45.55045086167656, -36.3437435897435 45.54905128205129, -36.32673419145085 45.5503801412929), (-36.513178600271154 29.52954913832344, -36.49625641025634 29.530948717948725, -36.51326580854914 29.5296198587071, -36.513178600271154 29.52954913832344), (-36.65104209611326 45.52504358624115, -36.65104209611325 45.52504358624115, -36.715594099202164 45.59188061598808, -36.71559409920217 45.59188061598808, -36.65104209611326 45.52504358624115), (-36.96018861301857 44.03725701512203, -37.06567772778719 45.38562428979272, -37.0656777277872 45.38562428979272, -36.96018861301857 44.03725701512203), (-37.433124221926384 30.739481470154356, -37.43303810991176 30.73924806734797, -37.28753517587911 31.044306532663917, -37.293 31.033, -37.389 30.832, -37.433124221926384 30.739481470154356), (-37.389 44.832, -37.482 44.637, -37.571 44.45, -37.28753517587921 45.0443065326637, -37.293 45.033, -37.389 44.832), (-37.446 44.267, -37.38558096621246 44.17939240100807, -37.385324986051046 44.17930687093507, -37.571 44.45, -37.446 44.267), (-37.55293933988078 44.27038183180229, -37.55293933988078 44.27038183180228, -37.545 44.279, -37.55293933988078 44.27038183180229), (-37.60813142814266 -56.96045552001953, -38.608292490729305 -54.357904975278096, -38.60829249072932 -54.35790497527807, -37.60813142814266 -56.96045552001953), (-39.172 59.731, -41.65375847482884 61.748803626996214, -41.65375851332534 61.74880361367356, -38.80738469181524 59.43402206615708, -38.80726451145943 59.4340337358438, -39.172 59.731), (-40.821 62.037, -54.43278530444083 70.33136720343914, -54.433 70.331, -64.228 76.3, -72.951 81.39, -79.041 84.944, -84.373 88.056, -89.70797299902726 89.42904623305392, -89.708 89.429, -90.108 89.532, -96.165 87.436, -49.533 59.022, -41.654 61.749, -40.821 62.037), (-41.081878521126775 -66.9648139671362, -41.08187852112675 -66.96481396713612, -41.08187852112677 -66.96481396713617, -41.08187852112679 -66.96481396713622, -41.081878521126775 -66.9648139671362), (-41.28545144069167 -65.30761779878848, -41.28545144069168 -65.3076177987885, -41.28545144069167 -65.3076177987885, -41.285451440691666 -65.3076177987885, -41.28545144069167 -65.30761779878848), (-41.349270795163065 -65.26726749725174, -41.34927079516308 -65.26726749725174, -41.349270795163065 -65.26726749725175, -41.34927079516305 -65.26726749725175, -41.349270795163065 -65.26726749725174), (-41.389174097421204 -65.28993982808024, -41.3891740974212 -65.28993982808022, -41.648 -65.437, -41.389174097421204 -65.28993982808024), (-45.79594999999997 5.446127777777943, -45.81135486981678 5.3611157184184774, -45.816140529531566 5.297945010183323, -45.8183261829653 5.21543659305995, -45.81537556561086 5.159796380090489, -45.80123645320197 5.041970443349778, -45.799707070707065 5.035313131313115, -45.76382828282829 4.905252525252548, -45.759828210757405 4.892349066959364, -45.708120048999604 4.7753699469171265, -45.66907962529273 4.708519906323173, -45.634385693571765 4.654123247945856, -45.58766028708136 4.594272727272754, -45.52087713310576 4.518139931740572, -45.51766561181437 4.514862869198334, -45.440043122139244 4.448715008431702, -45.204 4.316, -45.069 4.269, -44.929 4.242, -44.786 4.235, -44.644 4.249, -44.505 4.283, -44.373 4.336, -44.249 4.407, -44.137 4.495, -44.039 4.598, -43.956 4.715, -43.891 4.842, -41.529 10.357, -41.483 10.492, -41.456 10.632, -41.449 10.775, -41.463 10.917, -41.496 11.056, -41.549 11.188, -41.621 11.312, -41.709 11.424, -41.812 11.522, -41.928 11.605, -42.055 11.67, -42.11195294727323 11.687460027631209, -43.34682542442126 11.206599900399294, -43.377 11.148, -43.368 11.144, -45.729 5.629, -45.739 5.633, -45.784832926829274 5.499242682926793, -45.79594999999997 5.446127777777943), (-41.48008532912667 -64.75008030976619, -41.478103867403206 -64.75225893186015, -41.47810386740315 -64.75225893186021, -41.48008532912663 -64.75008030976623, -41.48008532912667 -64.75008030976619), (-41.93 -67.214, -42.97906853582317 -67.44555451713343, -42.821 -67.411, -42.588 -67.36, -42.364 -67.31, -42.154 -67.264, -41.93 -67.214), (-41.884 -67.07, -41.837 -66.921, -41.77 -66.712, -41.698 -66.483, -41.629 -66.265, -41.563 -66.058, -41.494 -65.838, -41.93 -67.214, -41.884 -67.07), (-41.50418252634787 -67.57226638154872, -41.504182526347925 -67.57226638154877, -41.50418252634796 -67.57226638154881, -41.504182526347904 -67.57226638154876, -41.50418252634787 -67.57226638154872), (-41.610778283978775 -67.66969779802584, -41.610778283978846 -67.66969779802591, -41.610778283978725 -67.6696977980258, -41.610778283978775 -67.66969779802584), (-42.04448223560927 -64.58219469143411, -42.082 -64.963, -42.044482235609266 -64.58219469143411, -42.04448223560927 -64.58219469143411), (-42.468 -64.773, -42.15940594059335 -65.11042574257503, -42.168 -65.101, -42.313 -64.942, -42.468 -64.773), (-42.566276645767914 38.76863166144194, -42.56956028368802 38.770868085106436, -42.569560283687885 38.77086808510634, -42.566276645768006 38.768631661441994, -42.566276645767914 38.76863166144194), (-42.771091467179424 -64.83989953604883, -42.893 -64.706, -42.77109146717943 -64.83989953604883, -42.771091467179424 -64.83989953604883), (-42.986 -64.887, -43.12261614906937 -64.91748944099402, -42.82793146417703 -64.85244548286661, -42.986 -64.887), (-43.22051852984565 38.55312422192638, -43.22075193265203 38.55303810991177, -42.91569346733783 38.40753517587994, -42.927 38.413, -43.128 38.509, -43.22051852984565 38.55312422192638), (-42.976912635196896 -64.15490017685885, -42.97025212895369 -64.15445316301702, -42.97025212895371 -64.15445316301702, -42.976912635196896 -64.15490017685885), (-43.33 36.389, -43.92430653266336 36.672464824120624, -43.913 36.667, -43.712 36.571, -43.517 36.478, -43.33 36.389), (-43.147 36.514, -43.059392401008076 36.574419033787535, -43.059306870935075 36.57467501394894, -43.33 36.389, -43.147 36.514), (-43.877 -65.084, -43.338730337077 -64.96519101123559, -43.443 -64.988, -43.653 -65.034, -43.877 -65.084), (-43.339 -67.525, -43.64759405940801 -67.18757425742348, -43.639 -67.197, -43.494 -67.356, -43.339 -67.525), (-43.58175335332164 -68.02615243806221, -43.581753353321744 -68.02615243806217, -43.58175335332184 -68.02615243806214, -43.581753353321744 -68.02615243806218, -43.58175335332164 -68.02615243806221), (-46.388 -55.586, -46.271 -55.76, -46.13 -55.914, -45.967 -56.046, -45.787 -56.152, -45.592 -56.23, -45.389 -56.278, -45.18 -56.295, -44.971 -56.28, -44.767 -56.235, -44.572 -56.16, -44.39 -56.057, -44.225 -55.928, -44.082 -55.775, -43.963 -55.603, -43.871 -55.415, -43.808 -55.216, -43.775 -55.009, -43.774 -54.8, -43.803 -54.593, -43.864 -54.392, -43.953 -54.203, -44.07 -54.029, -44.211 -53.875, -44.374 -53.743, -44.554 -53.638, -44.748 -53.56, -44.952 -53.512, -45.161 -53.495, -45.369 -53.509, -45.574 -53.554, -45.769 -53.629, -45.951 -53.732, -46.116 -53.862, -46.259 -54.014, -46.378 -54.186, -46.47 -54.374, -46.533 -54.574, -46.566 -54.78, -46.567 -54.99, -46.537 -55.197, -46.477 -55.397, -46.388 -55.586), (-43.989 -65.437, -44.027 -65.557, -44.09499999999557 -65.77199999998601, -43.97214406779692 -65.38427118644164, -43.989 -65.437), (-44.21 -66.573, -44.104 -66.689, -44.02742363433731 -66.77225752508292, -44.313 -66.46, -44.21 -66.573), (-44.09500000000196 -65.77200000000616, -44.137 -65.904, -44.178 -66.033, -44.21098029556614 -66.13802955664907, -44.09500000000196 -65.77200000000616), (-44.159 -66.862, -44.355261329498894 -67.18518111671426, -44.35526132949889 -67.18518111671426, -44.159 -66.862), (-44.214935247403794 -67.65346426389736, -44.21493524740377 -67.65346426389739, -44.21493524740375 -67.6534642638974, -44.214935247403766 -67.65346426389739, -44.214935247403794 -67.65346426389736), (-44.30583053435101 -64.72918076335866, -44.305830534351124 -64.72918076335876, -44.30839352348289 -64.73190628350864, -44.30839352348274 -64.7319062835085, -44.30583053435101 -64.72918076335866), (-44.4303801412929 37.63326580854913, -44.43045086167656 37.63317860027115, -44.42905128205129 37.61625641025656, -44.4303801412929 37.63326580854913), (-44.66046198384889 -65.2021535882981, -44.66072112676056 -65.20268169014084, -44.66072112676054 -65.2026816901408, -44.66046198384885 -65.20215358829803, -44.66046198384889 -65.2021535882981), (-49.477 -77.093, -49.268 -77.11, -49.059 -77.096, -48.855 -77.051, -48.66 -76.976, -48.478 -76.872, -48.313 -76.743, -48.17 -76.591, -48.051 -76.419, -47.959 -76.231, -47.896 -76.031, -47.863 -75.825, -47.862 -75.615, -47.892 -75.408, -47.952 -75.208, -48.041 -75.019, -48.158 -74.845, -48.299 -74.691, -48.462 -74.559, -48.642 -74.453, -48.837 -74.375, -49.04 -74.327, -49.249 -74.31, -49.458 -74.324, -49.662 -74.37, -49.857 -74.445, -50.039 -74.548, -50.204 -74.677, -50.347 -74.83, -50.466 -75.002, -50.558 -75.19, -50.621 -75.389, -50.654 -75.596, -50.655 -75.805, -50.626 -76.012, -50.565 -76.213, -50.476 -76.402, -50.359 -76.575, -50.218 -76.73, -50.055 -76.861, -49.875 -76.967, -49.68 -77.045, -49.477 -77.093), (-52.05615939643345 -213.00182194787388, -52.05615939643346 -213.00182194787385, -51.62357153760349 -215.24110027593488, -52.05615939643345 -213.00182194787388), (-52.0109295245093 -213.18147093355014, -52.01092952450931 -213.18147093355012, -51.642861995300876 -215.08799887476084, -52.0109295245093 -213.18147093355014), (-53.709 -59.982, -53.71 -60.111, -53.691 -60.238, -53.654 -60.362, -53.599 -60.478, -53.527 -60.585, -53.44 -60.68, -53.34 -60.762, -53.229 -60.827, -53.109 -60.875, -52.984 -60.904, -52.855 -60.915, -52.726 -60.906, -52.601 -60.878, -52.48 -60.832, -52.368 -60.768, -52.267 -60.689, -52.23461295421562 -60.65479345726144, -52.405 -60.294, -52.905 -59.55, -53.17425284928004 -59.255865699301346, -53.218 -59.273, -53.33 -59.336, -53.431 -59.416, -53.52 -59.51, -53.593 -59.616, -53.65 -59.732, -53.689 -59.855, -53.709 -59.982), (-52.6170782128122 -225.36466827259804, -52.6170782128122 -225.364668272598, -53.378175419151525 -227.12730577377454, -53.37817541915148 -227.12730577377445, -52.6170782128122 -225.36466827259804), (-57.12390912857341 -23.21480679464162, -57.009 -23.264, -57.12442513863217 -23.214484288354896, -57.12390912857341 -23.21480679464162), (-56.875 -23.31, -56.734 -23.337, -56.592 -23.344, -56.45 -23.33, -56.311 -23.297, -56.179 -23.244, -56.055 -23.172, -55.943 -23.084, -55.845 -22.981, -55.762 -22.865, -55.697 -22.738, -53.335 -17.222, -53.289 -17.087, -53.262 -16.947, -53.255 -16.804, -53.269 -16.662, -53.302 -16.524, -53.355 -16.391, -53.427 -16.268, -53.515 -16.156, -53.618 -16.057, -53.734 -15.974, -53.861 -15.909, -54.11752482960077 -15.830357351509251, -54.188743589743595 -15.822760683760684, -54.25215254237288 -15.820118644067797, -54.32170588235292 -15.822882352941175, -54.40096491228072 -15.830087719298248, -54.51604954760879 -15.852638087031451, -54.55214877589455 -15.864468926553675, -54.653099660249154 -15.900725934314837, -54.67664733727811 -15.91130532544379, -54.78270731707321 -15.96872125435542, -54.79972782345305 -15.978285157940281, -54.89869348127602 -16.05189597780861, -54.92740498034075 -16.07556356487548, -54.994714285714366 -16.144142857142946, -55.02693478260869 -16.17765217391304, -55.079914893617044 -16.25027659574471, -55.117 -16.303, -55.183 -16.431, -55.174 -16.435, -57.535 -21.951, -57.545 -21.947, -57.592858764186616 -22.089579234972614, -57.593388888888924 -22.092131687242993, -57.617978609625666 -22.226919786096268, -57.62090058479532 -22.26519766081872, -57.624222481071634 -22.365518928363407, -57.621375565610855 -22.419203619909528, -57.60723645320197 -22.53702955665024, -57.60566108786611 -22.54388702928869, -57.57497468354429 -22.655892405063337, -57.562674732695555 -22.694714124929654, -57.51531755247878 -22.80107369361323, -57.47552475247526 -22.870158415841562, -57.440194283162114 -22.925989280929002, -57.38860485268632 -22.991490467937595, -57.33523890784984 -23.052327645051182, -57.318079237713135 -23.06983751253762, -57.247083385189796 -23.129720970752956, -57.009 -23.264, -56.875 -23.31), (-53.97163803424876 -15.8616421554695, -53.97232002863792 -15.861464650080542, -53.861 -15.909, -53.97163803424876 -15.8616421554695), (-53.772282790323125 -227.99139844982048, -53.791 -227.981, -53.77228279032313 -227.99139844982048, -53.772282790323125 -227.99139844982048), (-55.585 -221.773, -55.574 -221.452, -55.611 -221.133, -55.696 -220.823, -55.825 -220.529, -55.997 -220.257, -56.208 -220.014, -56.452 -219.806, -56.725 -219.636, -57.02 -219.508, -57.331 -219.426, -57.65 -219.392, -57.971 -219.405, -58.287 -219.466, -58.589 -219.573, -58.873 -219.724, -59.131 -219.916, -59.357 -220.144, -59.547 -220.403, -59.696 -220.688, -59.801 -220.992, -59.86 -221.308, -59.87 -221.629, -59.833 -221.948, -59.749 -222.258, -59.619 -222.552, -59.447 -222.824, -59.237 -223.066, -58.992 -223.275, -58.72 -223.445, -58.425 -223.572, -58.114 -223.654, -57.794 -223.689, -57.473 -223.676, -57.158 -223.615, -56.855 -223.508, -56.571 -223.357, -56.314 -223.165, -56.087 -222.937, -55.897 -222.677, -55.748 -222.393, -55.643 -222.089, -55.585 -221.773), (-62.307 57.723, -62.704 57.879, -63.073 58.092, -63.38100694143168 58.33803557483731, -63.379579881656824 58.330721893491194, -63.35616393442622 58.22570491803275, -63.351265822784825 58.208911392405106, -63.31017040358738 58.10236771300433, -63.298 58.073, -63.295101351351406 58.067378378378486, -63.23550420168064 57.96248739495793, -63.219020356234104 57.93649363867685, -63.15851973684212 57.8605460526316, -63.1275491716602 57.82276876982728, -63.021 57.723, -62.897 57.637, -62.892 57.646, -57.712 54.618, -57.717 54.609, -57.58671856786012 54.54577518734388, -57.555349206349206 54.53498412698412, -57.45122222222223 54.50244444444444, -57.39589655172407 54.49137931034481, -57.32016021765421 54.47918016928658, -57.2523 54.474, -57.14014285714287 54.474, -57.13107233273052 54.474835443037975, -57.012089820359385 54.491604790419146, -56.97918739448505 54.49767416994936, -56.86358641975306 54.53275308641976, -56.80044217687075 54.55934013605442, -56.72533929434512 54.59523489608505, -56.674768022181134 54.62565988909428, -56.59019672131145 54.68249180327871, -56.57650000000002 54.693008928571416, -56.50737767220903 54.755959619952485, -56.344 54.977, -56.281 55.105, -56.237 55.24, -56.212 55.381, -56.208 55.524, -56.224 55.665, -56.26 55.803, -56.316 55.935, -56.39 56.057, -56.48 56.168, -56.585 56.264, -56.703 56.345, -59.790423041731934 58.149175588286205, -59.862 58.092, -60.231 57.879, -60.627 57.723, -61.042 57.629, -61.467 57.597, -61.892 57.629, -62.307 57.723), (-57.14469726785151 -84.2033649761412, -59.07670404759032 -84.18982431059351, -57.144697267851846 -84.2033649761412, -57.14469726785151 -84.2033649761412), (-60.923 -210.888, -60.811 -211.065, -60.674 -211.223, -60.515 -211.359, -60.338 -211.47, -60.146 -211.553, -59.943 -211.606, -59.735 -211.629, -59.526 -211.62, -59.321 -211.58, -59.123 -211.511, -58.939 -211.412, -58.771 -211.287, -58.624 -211.139, -58.5 -210.97, -58.403 -210.785, -58.335 -210.587, -58.296 -210.381, -58.289 -210.172, -58.314 -209.964, -58.369 -209.762, -58.453 -209.571, -58.565 -209.394, -58.702 -209.236, -58.861 -209.1, -59.039 -208.989, -59.231 -208.906, -59.433 -208.853, -59.641 -208.83, -59.85 -208.839, -60.056 -208.879, -60.253 -208.948, -60.438 -209.047, -60.605 -209.172, -60.753 -209.32, -60.876 -209.489, -60.973 -209.675, -61.042 -209.872, -61.08 -210.078, -61.087 -210.287, -61.063 -210.495, -61.008 -210.697, -60.923 -210.888), (-64.461 19.135, -58.936 21.477, -58.809 21.542, -58.693 21.625, -58.589 21.723, -58.501 21.835, -58.429 21.958, -58.375 22.09, -58.341 22.229, -58.327 22.371, -58.333 22.513, -58.36 22.653, -58.406 22.788, -58.53711432439085 23.023817130199365, -58.57757950530033 23.072208480565344, -58.629235924933 23.126447721179648, -58.674399999999984 23.166415929203527, -58.742317962231 23.220509881422917, -58.84007494553376 23.282858823529406, -58.87253811659201 23.298372197309458, -58.96994594594593 23.34213513513513, -58.99570282485874 23.351567231638413, -59.094053191489394 23.379186170212776, -59.132 23.389, -59.139517647058824 23.390270588235293, -59.26690656934311 23.405659854014605, -59.283344205412895 23.406858431644693, -59.369353430353456 23.40458004158004, -59.438950790861156 23.40119683655536, -59.578 23.376, -59.721 23.328, -59.717 23.319, -64.07798991326759 21.4700792221447, -65.14371849206519 19.1012620771958, -65.02 19.071, -64.878 19.056, -64.736 19.063, -64.596 19.089, -64.461 19.135), (-62.382 -79.039, -62.203 -79.306, -61.986 -79.543, -61.736 -79.745, -61.459 -79.908, -61.161 -80.027, -60.848 -80.101, -60.528 -80.127, -60.207 -80.105, -59.894 -80.036, -59.594 -79.921, -59.314 -79.762, -59.062 -79.563, -58.841 -79.329, -58.659 -79.065, -58.517 -78.777, -58.42 -78.47, -58.37 -78.153, -58.368 -77.831, -58.414 -77.513, -58.506 -77.206, -58.644 -76.915, -58.823 -76.648, -59.04 -76.411, -59.29 -76.209, -59.567 -76.047, -59.865 -75.927, -60.178 -75.853, -60.498 -75.827, -60.819 -75.849, -61.132 -75.918, -61.432 -76.034, -61.712 -76.192, -61.964 -76.391, -62.185 -76.625, -62.367 -76.889, -62.509 -77.178, -62.606 -77.484, -62.656 -77.802, -62.658 -78.123, -62.612 -78.441, -62.52 -78.749, -62.382 -79.039), (-60.321979017683034 -21.845684082310125, -60.3219667008916 -21.84570144282039, -58.59560407150157 -22.58476641011201, -58.59560730593607 -22.584739726027397, -58.602 -22.582, -60.321979017683034 -21.845684082310125), (-59.849 -235.075, -59.83269869092523 -235.09673507876636, -59.83269869092522 -235.09673507876636, -59.849 -235.075), (-60.516 47.839, -60.51940134421507 47.8331915506481, -60.51939744298425 47.833184697134506, -60.516 47.839), (-62.069 45.865, -61.931 45.901, -61.8 45.957, -61.678 46.03, -61.567 46.121, -61.471 46.226, -61.39 46.343, -61.27881429816913 46.59197994768964, -61.265297297297295 46.64875135135136, -61.25279237083535 46.71977933365518, -61.2465871886121 46.79786120996452, -61.244692307692304 46.8660769230769, -61.253480686695276 46.985918454935586, -61.25995488721808 47.02054135338361, -61.28304201680673 47.12731932773113, -61.29149999999998 47.154999999999944, -61.341 47.281, -61.40743835616436 47.39793150684928, -61.420603960396036 47.41884158415841, -61.46672727272734 47.47736363636372, -61.505769262734894 47.524893015503345, -63.807696961036804 46.59840399634332, -62.758 45.985, -62.63 45.922, -62.494 45.877, -62.354 45.853, -62.211 45.849, -62.069 45.865), (-64.32711771782093 -12.400511059828622, -64.32711771782093 -12.40051105982863, -64.302 -12.373, -64.32711771782093 -12.400511059828622), (-64.367 -12.5, -65.33999478081307 -14.772793823034359, -63.98356481816801 -16.684681055568234, -62.529 -13.287, -62.519 -13.291, -62.473167073170735 -13.157242682926846, -62.46204999999998 -13.104127777777668, -62.44664513018322 -13.01911571841854, -62.44185947046843 -12.955945010183267, -62.4396738170347 -12.873436593059964, -62.442624434389145 -12.817796380090478, -62.45696629213483 -12.698280898876398, -62.457125 -12.697546875000011, -62.49575 -12.55753125, -62.4977244655582 -12.551361045130626, -62.55037170056252 -12.432257464301186, -62.58186238532109 -12.377586136595337, -62.62807733204449 -12.30512566457222, -62.6632289473684 -12.260100000000023, -62.73139999999998 -12.18160000000002, -62.744444444444454 -12.168555555555548, -62.81701984807645 -12.107241852487137, -63.054 -11.974, -63.189 -11.927, -63.329 -11.9, -63.472 -11.893, -63.614 -11.907, -63.752 -11.941, -63.885 -11.994, -64.008 -12.065, -64.121 -12.153, -64.219 -12.256, -64.302 -12.373, -64.367 -12.5), (-62.520730158730174 59.38337566137567, -62.52073015873017 59.383375661375666, -62.557407079645984 59.42292920353979, -62.55740707964602 59.42292920353982, -62.520730158730174 59.38337566137567), (-62.712854444100344 58.99039176215547, -62.71285444410035 58.99039176215546, -62.712854444100344 58.99039176215546, -62.71285444410034 58.99039176215547, -62.712854444100344 58.99039176215547), (-64.585 -232.305, -64.377 -232.328, -64.168 -232.319, -63.963 -232.28, -63.765 -232.21, -63.581 -232.111, -63.413 -231.986, -63.266 -231.838, -63.142 -231.669, -63.045 -231.484, -62.976 -231.286, -62.938 -231.08, -62.931 -230.871, -62.956 -230.663, -63.01 -230.461, -63.095 -230.27, -63.207 -230.093, -63.344 -229.935, -63.503 -229.799, -63.681 -229.688, -63.873 -229.605, -64.075 -229.552, -64.283 -229.529, -64.492 -229.538, -64.698 -229.578, -64.895 -229.648, -65.079 -229.746, -65.247 -229.871, -65.395 -230.019, -65.518 -230.188, -65.615 -230.374, -65.684 -230.571, -65.722 -230.777, -65.729 -230.986, -65.705 -231.194, -65.65 -231.396, -65.565 -231.587, -65.453 -231.764, -65.316 -231.922, -65.157 -232.058, -64.98 -232.169, -64.788 -232.252, -64.585 -232.305), (-62.94588864712632 58.94369597719797, -62.94588864712631 58.94369597719797, -62.94588864712631 58.943695977197976, -62.94588864712632 58.94369597719797), (-67.24497761194039 50.86571641791046, -67.32116546762585 50.877906474820136, -67.38840000000002 50.883, -67.49985714285712 50.883, -67.51181374321885 50.88189873417721, -67.62720710973714 50.865635239567254, -67.66176521739135 50.85932173913042, -67.77968354430381 50.823291139240496, -67.83445323740999 50.80023021582737, -67.91616378908074 50.7614624358376, -67.96623197781882 50.73134011090575, -68.05080327868855 50.67450819672129, -68.06420127795525 50.66422044728436, -68.13503296703296 50.59913186813188, -68.297 50.38, -68.36 50.252, -68.404 50.117, -68.428 49.976, -68.433 49.833, -68.416 49.692, -68.38 49.554, -68.325 49.422, -68.251 49.3, -68.161 49.189, -68.056 49.093, -67.938 49.012, -66.29699740931083 48.05305891080769, -64.07797301769419 49.072415115362546, -66.929 50.739, -66.924 50.748, -67.0510490797546 50.810112883435586, -67.09557142857142 50.82542857142857, -67.18727947598254 50.85408733624454, -67.24497761194039 50.86571641791046), (-64.125 57.518, -64.12159865578492 57.52380844935189, -64.12160255701575 57.5238153028655, -64.125 57.518), (-64.6292449820364 2.919212201943834, -73.91989595689431 -0.6985731908890439, -74.19 -1.331, -74.44815160834422 -1.9348521452230876, -69.77603660552278 -8.5201954868031, -64.6292449820364 2.919212201943834), (-69.39992692307686 28.48926923076918, -69.34270180061483 28.443691699604738, -69.23693681917213 28.37623529411766, -69.22276785714274 28.369464285714233, -69.11055833333334 28.31868333333334, -69.08529717514122 28.309432768361575, -68.98694680851065 28.281813829787236, -68.949 28.272, -68.94165517241379 28.270758620689655, -68.81173451327435 28.25516814159292, -68.7973893129771 28.254122137404583, -68.68120000000006 28.257199999999997, -68.64757983193276 28.258600840336136, -68.54925000000014 28.275874999999974, -68.4986134969325 28.285503067484665, -68.36 28.333, -68.364 28.342, -65.32311933721724 29.631236515611377, -67.39445569439714 30.92575104339644, -69.144 30.184, -69.271 30.119, -69.388 30.036, -69.492 29.938, -69.58 29.826, -69.652 29.703, -69.705 29.571, -69.74 29.432, -69.754 29.29, -69.747 29.148, -69.721 29.008, -69.675 28.873, -69.54102996254682 28.633767790262176, -69.50870669745957 28.59511316397227, -69.4518782608696 28.53484057971019, -69.39992692307686 28.48926923076918), (-78.16 -216.727, -78.323 -217.609, -78.354 -218.505, -78.25 -219.396, -78.014 -220.261, -77.653 -221.082, -77.173 -221.839, -76.585 -222.517, -75.903 -223.099, -75.142 -223.573, -74.319 -223.929, -73.452 -224.158, -72.56 -224.255, -71.664 -224.218, -70.784 -224.048, -69.939 -223.748, -69.147 -223.326, -68.428 -222.791, -67.796 -222.155, -67.266 -221.431, -66.85 -220.637, -66.557 -219.789, -66.394 -218.907, -66.364 -218.011, -66.468 -217.12, -66.703 -216.255, -67.065 -215.434, -67.545 -214.677, -68.132 -213.999, -68.814 -213.417, -69.575 -212.943, -70.399 -212.587, -71.266 -212.359, -72.157 -212.261, -73.053 -212.298, -73.934 -212.468, -74.779 -212.768, -75.57 -213.19, -76.29 -213.725, -76.921 -214.362, -77.451 -215.085, -77.867 -215.88, -78.16 -216.727), (-71.187 -204.029, -71.103 -204.339, -70.973 -204.633, -70.801 -204.905, -70.591 -205.148, -70.346 -205.356, -70.074 -205.526, -69.779 -205.654, -69.468 -205.736, -69.149 -205.77, -68.828 -205.757, -68.512 -205.696, -68.209 -205.589, -67.926 -205.438, -67.668 -205.246, -67.441 -205.018, -67.252 -204.759, -67.102 -204.474, -66.998 -204.17, -66.939 -203.854, -66.928 -203.533, -66.965 -203.214, -67.05 -202.904, -67.179 -202.61, -67.351 -202.338, -67.562 -202.096, -67.806 -201.887, -68.079 -201.717, -68.374 -201.59, -68.685 -201.508, -69.004 -201.473, -69.325 -201.486, -69.641 -201.547, -69.944 -201.654, -70.227 -201.806, -70.485 -201.997, -70.711 -202.225, -70.901 -202.485, -71.05 -202.769, -71.155 -203.073, -71.214 -203.389, -71.225 -203.71, -71.187 -204.029), (-73.21648712076717 -22.13690412017032, -72.00885242025105 -20.81419993446778, -73.21648712076717 -22.136904120170318, -73.21648712076717 -22.13690412017032), (-77.366 -234.178, -77.156 -234.421, -76.911 -234.629, -76.638 -234.799, -76.343 -234.927, -76.033 -235.009, -75.713 -235.043, -75.392 -235.03, -75.077 -234.969, -74.774 -234.862, -74.49 -234.711, -74.232 -234.519, -74.006 -234.291, -73.816 -234.032, -73.667 -233.747, -73.562 -233.443, -73.504 -233.127, -73.493 -232.806, -73.53 -232.487, -73.614 -232.177, -73.744 -231.883, -73.916 -231.611, -74.127 -231.369, -74.371 -231.16, -74.644 -230.99, -74.939 -230.863, -75.249 -230.781, -75.569 -230.746, -75.89 -230.759, -76.205 -230.82, -76.508 -230.927, -76.792 -231.078, -77.05 -231.27, -77.276 -231.498, -77.466 -231.758, -77.615 -232.042, -77.72 -232.346, -77.778 -232.662, -77.789 -232.983, -77.752 -233.302, -77.668 -233.612, -77.538 -233.906, -77.366 -234.178), (-93.411 34.476, -98.68986403244278 32.23382722250007, -94.63995878419367 26.525488163105873, -73.78537098427101 34.91985497533784, -81.24335110335797 39.58083800623229, -84.115 38.425, -93.411 34.476), (-81.17465320665083 -77.85283372921616, -81.12892773691041 -77.95627823453053, -81.08730560578661 -78.02853887884268, -81.04770230179031 -78.08987570332476, -81.01177105263153 -78.13590000000005, -80.93871226415078 -78.22002830188697, -80.93566561181443 -78.22313713080162, -80.85814285714287 -78.2892, -80.621 -78.422, -80.486 -78.469, -80.346 -78.496, -80.204 -78.503, -80.062 -78.489, -79.923 -78.455, -79.791 -78.402, -79.667 -78.331, -79.555 -78.243, -79.457 -78.14, -79.374 -78.023, -79.308 -77.896, -76.947 -72.381, -76.901 -72.246, -76.89707088749233 -72.22562682403435, -77.72695170958903 -70.99014619122089, -77.73452726387535 -70.98782375851997, -77.78994736842115 -70.98191228070175, -77.86415254237289 -70.97830508474577, -77.94046540880495 -70.98184276729559, -78.01146457831328 -70.98879373493976, -78.12804954760884 -71.01163808703147, -78.16414877589449 -71.02346892655365, -78.27010121457488 -71.06152226720646, -78.28226732673275 -71.06681188118814, -78.39880357142852 -71.12902295918364, -78.41165273178805 -71.13624296357615, -78.51429947916677 -71.21344010416674, -78.53934769687963 -71.23442644873697, -78.58334567901233 -71.27883950617282, -78.64179500657029 -71.3396268068331, -78.69807843137274 -71.41741176470615, -78.72744834371925 -71.45881272548375, -78.795 -71.59, -78.786 -71.594, -81.147 -77.109, -81.156 -77.105, -81.20201812688823 -77.2392977988779, -81.21052539912917 -77.2784920174165, -81.23007328833172 -77.38636740597879, -81.2328705882353 -77.42329176470592, -81.23622248107164 -77.52451892836346, -81.23337556561086 -77.57820361990946, -81.21923645320196 -77.69602955665027, -81.21770707070708 -77.70268686868683, -81.18650000000001 -77.81581249999995, -81.17465320665083 -77.85283372921616), (-81.373 -206.581, -81.214 -206.717, -81.037 -206.828, -80.845 -206.911, -80.642 -206.964, -80.434 -206.987, -80.225 -206.978, -80.02 -206.938, -79.823 -206.869, -79.638 -206.77, -79.47 -206.645, -79.323 -206.497, -79.199 -206.328, -79.102 -206.143, -79.034 -205.945, -78.995 -205.739, -78.988 -205.53, -79.013 -205.322, -79.068 -205.12, -79.152 -204.929, -79.264 -204.752, -79.401 -204.594, -79.56 -204.458, -79.738 -204.347, -79.93 -204.264, -80.132 -204.211, -80.34 -204.188, -80.549 -204.197, -80.755 -204.237, -80.952 -204.307, -81.137 -204.405, -81.304 -204.53, -81.452 -204.678, -81.576 -204.847, -81.673 -205.033, -81.741 -205.23, -81.779 -205.436, -81.786 -205.645, -81.762 -205.853, -81.707 -206.055, -81.623 -206.246, -81.511 -206.423, -81.373 -206.581), (-80.8425652209904 -18.326415886371684, -80.78002116402118 -18.198608465608487, -80.70492354825232 -18.001587661885516, -80.70492354825232 -18.00158766188551, -80.6768258328858 -17.91284867474692, -80.61853938093779 -17.728766779037706, -80.56791928251121 -17.510819133034378, -80.52403918584744 -17.23128666539854, -80.50429765062523 -17.01816781924971, -80.50429765062523 -17.0181678192497, -80.50393494795948 -16.97074444570138, -80.50204910402607 -16.724170351407917, -80.51124545454546 -16.515281818181855, -80.55313517807494 -16.222053753475457, -80.592 -16.313, -80.76883203732581 -17.692430793163044, -80.781 -17.788, -80.78112348313692 -17.788313864470496, -80.85277961308181 -18.34728877455849, -80.8425652209904 -18.326415886371684), (-92.335 -20.887, -92.33 -20.765, -92.312 -20.402, -92.293 -20.22, -92.241 -20.045, -92.121 -19.702, -92.08 -19.587, -91.954 -19.38, -91.71 -19.031, -91.718 -19.024, -91.726 -19.017, -91.233 -18.555, -91.071 -18.454, -90.827 -18.307, -90.717 -18.239, -90.497 -18.101, -90.388 -18.033, -88.325 -16.651, -86.266 -15.265, -86.161 -15.189, -85.951 -15.038, -85.846 -14.962, -85.618 -14.792, -85.463 -14.68, -84.79 -14.379, -84.787 -14.389, -84.784 -14.399, -84.376 -14.316, -84.066 -14.28, -83.617 -14.321, -83.343 -14.369, -82.892 -14.55, -82.675 -14.658, -82.564 -14.743, -82.268 -14.982, -82.115 -15.124, -82.011 -15.263, -81.799 -15.579, -81.709 -15.728, -81.636 -15.924, -81.526 -16.288, -81.49 -16.423, -81.472 -16.665, -81.4729223989483 -16.81442862962503, -80.86613171199299 -15.27209687601479, -80.95 -15.095, -81.241 -14.661, -81.595 -14.275, -82.001 -13.946, -82.453 -13.681, -82.938 -13.487, -83.447 -13.367, -83.969 -13.324, -84.491 -13.36, -85.001 -13.472, -85.49 -13.66, -85.944 -13.919, -92.585 -18.379, -92.997 -18.703, -93.355 -19.084, -93.653 -19.514, -93.883 -19.983, -94.041 -20.482, -94.122 -20.999, -94.126 -21.522, -94.051 -22.04, -93.901 -22.541, -93.677 -23.014, -93.385 -23.448, -93.032 -23.834, -92.66963089267809 -24.12764393179535, -92.49088640892775 -24.24191590275017, -92.23472534745207 -24.391532097948353, -92.04665319320932 -24.478201293451924, -91.77927923738665 -24.58570216228784, -91.56190081716676 -24.65196444388996, -91.33383987889063 -24.70573126627333, -91.2965631543774 -24.714519492091775, -91.069220478943 -24.751125516102398, -90.79658500914078 -24.773583993499898, -90.56867635506676 -24.778839748625295, -90.28325242718446 -24.759155339805826, -90.0742502310536 -24.735344963031423, -89.76813635793953 -24.667652462714614, -89.58797759674137 -24.621737270875773, -89.137 -24.448, -88.682 -24.19, -87.1463069858871 -23.158419434428897, -87.6661375476248 -22.384430839995108, -87.846 -22.514, -87.951 -22.589, -88.179 -22.759, -88.333 -22.871, -88.948 -23.153, -88.952 -23.143, -88.955 -23.133, -89.369 -23.227, -89.61 -23.265, -89.731 -23.26, -90.094 -23.242, -90.276 -23.223, -90.451 -23.172, -90.794 -23.051, -90.909 -23.01, -91.117 -22.884, -91.465 -22.64, -91.472 -22.648, -91.479 -22.656, -91.941 -22.163, -92.223 -21.548, -92.213 -21.545, -92.203 -21.541, -92.297 -21.127, -92.335 -20.887), (-91.78814655172404 -19.148431034482616, -91.742 -19.084, -91.71 -19.031, -91.78814655172404 -19.148431034482616), (-91.60274249658939 -18.9392164051842, -91.60274249658941 -18.939216405184222, -91.742 -19.084, -91.60274249658939 -18.9392164051842), (-83.996 -14.29, -83.96251351828947 -14.292738999823287, -84.066 -14.28, -83.996 -14.29), (-91.35051066269207 -22.716188947489094, -91.412 -22.672, -91.465 -22.64, -91.35051066269207 -22.716188947489094), (-92.13742773294209 -21.68630814380035, -92.13742773294209 -21.686308143800343, -92.13742773294209 -21.686308143800336, -92.213 -21.545, -92.13742773294209 -21.68630814380035), (-83.617 69.748, -83.4959712525667 69.68793388090347, -83.43096202531649 69.6650506329114, -83.35372052401745 69.64091266375546, -83.30182636655947 69.63045337620578, -83.21282206405695 69.61680604982206, -83.15366503667482 69.61277261613692, -83.04006802120152 69.6120203180212, -83.03135420098836 69.61283360790776, -82.89019521178632 69.6336758747698, -82.88736298736958 69.6341933003844, -82.7550833333333 69.67433333333334, -82.71431250000003 69.69149999999998, -82.62575257731953 69.73317525773199, -82.56984722222232 69.76726388888882, -82.482 69.827, -82.40366300366303 69.89898534798533, -82.244 70.115, -82.181 70.243, -82.137 70.379, -82.113 70.519, -82.108 70.662, -82.125 70.804, -82.161 70.942, -82.216 71.073, -82.29 71.196, -82.38 71.306, -82.485 71.403, -82.603 71.483, -87.783 74.511, -87.911 74.574, -88.047 74.618, -88.187 74.642, -88.33 74.647, -88.472 74.63, -88.61 74.594, -88.741 74.539, -88.863 74.465, -88.974 74.375, -89.07 74.27, -89.151 74.152, -89.261703125 73.905046875, -89.27637837837838 73.8434108108108, -89.28808797653959 73.77690029325517, -89.2944255319149 73.6976808510638, -89.29631078610603 73.62981170018278, -89.28763301886794 73.51068962264155, -89.28106194690264 73.47554867256628, -89.25416000000001 73.35571272727276, -89.25374285714285 73.35432857142855, -89.2 73.214, -89.12797029702969 73.08818811881186, -89.12347540983608 73.08104918032788, -89.06696240601488 73.00873684210507, -89.0242644163151 72.95675668073142, -88.99208064516075 72.92662096774144, -88.916 72.857, -88.797 72.775, -88.792 72.784, -83.612 69.756, -83.617 69.748), (-82.97 -19.244, -83.08 -19.312, -83.299 -19.45, -83.409 -19.518, -84.10088477735185 -19.981492371449466, -83.5772840568681 -20.760977590376235, -82.82741776159881 -20.25726526644967, -82.19110565342918 -18.63989639323724, -82.564 -18.996, -82.726 -19.097, -82.97 -19.244), (-84.624581795035 -15.263747294716739, -84.958 -15.432, -86.13 -16.22, -84.242 -19.031, -83.07 -18.244, -82.78723296117315 -17.99841876353942, -82.697 -17.903, -82.63645060240962 -17.815539759036113, -82.51760949540144 -17.62230599055432, -82.442 -17.467, -82.41508365248941 -17.38164684539408, -82.3561642363776 -17.16452647735995, -82.326 -16.976, -82.32584676958261 -16.9566163522015, -82.32788493094672 -16.857969342178656, -82.33179147681587 -16.668892522112003, -82.3582646228318 -16.485051230334797, -82.45002440775305 -16.194059583632455, -82.53107142857141 -16.02296031746035, -82.69757947019865 -15.775048344370894, -82.82935338345864 -15.630872180451137, -83.05406211180126 -15.44361490683229, -83.1540452386887 -15.384909217650675, -83.22941988877119 -15.340652542372881, -83.48879261862908 -15.228743409490372, -83.503 -15.223, -83.68265658536585 -15.18081343339587, -83.92445045731706 -15.151154725609755, -84.002 -15.145, -84.17444405897659 -15.156633130962707, -84.38396256838467 -15.19082234379499, -84.502 -15.217, -84.624581795035 -15.263747294716739), (-82.72478008887794 40.50668056047995, -121.95271381718287 65.0228002772305, -99.19239729480773 32.94214755948643, -93.809 35.415, -82.72478008887794 40.50668056047995), (-83.118 68.62, -84.76699999995137 65.79850000008322, -83.1146223144685 68.62548703115206, -83.11479408302735 68.62548760562885, -83.118 68.62), (-86.421 -226.135, -86.428 -226.344, -86.404 -226.552, -86.349 -226.754, -86.264 -226.946, -86.153 -227.122, -86.015 -227.28, -85.856 -227.416, -85.679 -227.527, -85.487 -227.61, -85.284 -227.663, -85.076 -227.686, -84.867 -227.677, -84.662 -227.638, -84.465 -227.568, -84.28 -227.469, -84.112 -227.344, -83.965 -227.196, -83.841 -227.027, -83.744 -226.842, -83.676 -226.644, -83.637 -226.438, -83.63 -226.229, -83.655 -226.021, -83.71 -225.819, -83.794 -225.628, -83.906 -225.451, -84.043 -225.293, -84.202 -225.157, -84.38 -225.046, -84.572 -224.963, -84.774 -224.91, -84.982 -224.887, -85.191 -224.896, -85.397 -224.936, -85.594 -225.006, -85.779 -225.104, -85.946 -225.229, -86.094 -225.377, -86.217 -225.546, -86.315 -225.732, -86.383 -225.929, -86.421 -226.135), (-86.742 -176.281, -86.811 -176.479, -86.849 -176.684, -86.856 -176.894, -86.832 -177.101, -86.777 -177.303, -86.692 -177.495, -86.58 -177.672, -86.443 -177.83, -86.284 -177.966, -86.106 -178.076, -85.914 -178.159, -85.712 -178.213, -85.504 -178.235, -85.295 -178.227, -85.089 -178.187, -84.892 -178.117, -84.708 -178.019, -84.54 -177.894, -84.392 -177.745, -84.269 -177.576, -84.172 -177.391, -84.103 -177.193, -84.065 -176.987, -84.058 -176.778, -84.082 -176.57, -84.137 -176.369, -84.222 -176.177, -84.334 -176, -84.471 -175.842, -84.63 -175.706, -84.807 -175.596, -85 -175.513, -85.202 -175.459, -85.41 -175.437, -85.619 -175.445, -85.824 -175.485, -86.022 -175.555, -86.206 -175.653, -86.374 -175.778, -86.522 -175.927, -86.645 -176.096, -86.742 -176.281), (-86.312 -185.961, -86.223 -186.081, -86.117 -186.186, -85.996 -186.274, -85.864 -186.344, -85.723 -186.393, -85.576 -186.42, -85.426 -186.425, -85.278 -186.408, -85.134 -186.368, -84.997 -186.308, -84.871 -186.228, -84.758 -186.13, -84.661 -186.016, -84.582 -185.89, -84.523 -185.752, -84.484 -185.608, -84.468 -185.459, -84.474 -185.31, -84.503 -185.163, -84.553 -185.022, -84.623 -184.89, -87.834 -179.822, -87.924 -179.702, -88.03 -179.597, -88.15 -179.509, -88.283 -179.439, -88.424 -179.391, -88.571 -179.363, -88.72 -179.358, -88.869 -179.376, -89.013 -179.415, -89.15 -179.475, -89.276 -179.555, -89.389 -179.653, -89.486 -179.767, -89.565 -179.894, -89.624 -180.031, -89.662 -180.175, -89.679 -180.324, -89.672 -180.473, -89.644 -180.62, -89.594 -180.761, -89.524 -180.893, -86.312 -185.961), (-88.892 -215.988, -88.72 -216.259, -88.51 -216.502, -88.265 -216.71, -87.993 -216.88, -87.698 -217.008, -87.387 -217.09, -87.067 -217.125, -86.746 -217.111, -86.431 -217.05, -86.128 -216.943, -85.844 -216.792, -85.587 -216.6, -85.36 -216.372, -85.17 -216.113, -85.021 -215.828, -84.916 -215.524, -84.858 -215.208, -84.847 -214.887, -84.884 -214.568, -84.969 -214.258, -85.098 -213.964, -85.27 -213.692, -85.481 -213.45, -85.725 -213.241, -85.998 -213.071, -86.293 -212.944, -86.603 -212.862, -86.923 -212.827, -87.244 -212.84, -87.56 -212.901, -87.862 -213.008, -88.146 -213.16, -88.404 -213.351, -88.63 -213.58, -88.82 -213.839, -88.969 -214.123, -89.074 -214.427, -89.133 -214.743, -89.143 -215.064, -89.106 -215.383, -89.022 -215.694, -88.892 -215.988), (-85.86580649103108 -17.689943080785923, -86.6285643043686 -16.55437891330802, -89.057 -18.185, -88.29379444282146 -19.321121771723686, -88.12157437458379 -19.205407352195444, -87.95199320036227 -19.09146600181298, -87.892 -19.051, -87.7835154394345 -18.978266033257228, -85.887 -17.704, -85.86580649103108 -17.689943080785923), (-89.814 -74.487, -89.55837755102038 -74.5656530612245, -89.48082775119613 -74.5739250398724, -89.43305622071841 -74.57624726704842, -89.34158880000001 -74.5726128, -89.27736501901137 -74.56636882129277, -89.15995045239119 -74.54336191296855, -89.1238512241056 -74.53153107344637, -89.02089903846154 -74.49455528846154, -89.00258778625954 -74.48644601962923, -88.88948467966559 -74.4252172701949, -88.87631112111664 -74.41774380909501, -88.76706934812749 -74.33648959778077, -88.7528322411534 -74.32475360419402, -88.66824096385551 -74.23856626506034, -88.64929695251594 -74.21866548547129, -88.57321259842554 -74.11437007874063, -88.56125233644858 -74.09756875834441, -88.492 -73.965, -88.502 -73.961, -86.14 -68.445, -86.131 -68.449, -86.08467556795537 -68.3138082901555, -86.07438888888885 -68.26427983539072, -86.05874088478366 -68.17850559066599, -86.05384381338743 -68.11435395537536, -86.0516738170347 -68.03243659305988, -86.05480150753769 -67.97345728643218, -86.0668686514886 -67.86698248686518, -86.07236414565827 -67.84156582633052, -86.109 -67.712, -86.16427217654696 -67.5869580268282, -86.18933663366333 -67.5434433443345, -86.23989370254581 -67.46355069227329, -86.27789646017696 -67.41530000000003, -86.34814480408848 -67.3351175468485, -86.3513343881857 -67.33186286919826, -86.42715829974351 -67.2672477097838, -86.666 -67.132, -86.801 -67.086, -86.941 -67.059, -87.084 -67.052, -87.226 -67.066, -87.364 -67.099, -87.497 -67.152, -87.62 -67.224, -87.732 -67.312, -87.831 -67.415, -87.914 -67.531, -87.979 -67.658, -90.34 -73.174, -90.387 -73.309, -90.414 -73.449, -90.421 -73.592, -90.407 -73.734, -90.373 -73.872, -90.32 -74.005, -90.249 -74.128, -90.161 -74.24, -90.057 -74.339, -89.941 -74.422, -89.814 -74.487), (-89.70181058372117 -74.53502190286709, -89.70174669996432 -74.53503853014627, -89.814 -74.487, -89.70181058372117 -74.53502190286709), (-86.55274365303242 -67.18058533145276, -86.55309420547457 -67.18036793458941, -86.666 -67.132, -86.55274365303242 -67.18058533145276), (-86.29404555808419 -17.978214123005245, -86.186 -17.906, -86.0696268829657 -17.82748319814553, -86.29404555808419 -17.978214123005245), (-87.414 -8.375, -87.272 -8.328, -87.139 -8.26, -87.017 -8.173, -86.91 -8.069, -86.819 -7.951, -86.747 -7.82, -86.695 -7.679, -86.665 -7.533, -86.657 -7.384, -86.672 -7.235, -86.708 -7.09, -86.766 -6.952, -86.843 -6.824, -87.45365499286305 -5.968627558763559, -89.37648897575107 -6.717380333457191, -88.471 -7.986, -88.375 -8.101, -88.264 -8.2, -88.138 -8.282, -88.002 -8.344, -87.859 -8.385, -87.71 -8.404, -87.561 -8.401, -87.414 -8.375), (-86.69658314856207 -18.24857871397118, -87.4944999999999 -18.78449999999993, -87.361 -18.695, -87.097 -18.518, -86.843 -18.347, -86.69658314856207 -18.24857871397118), (-94.333 64.972, -94.317 64.83, -94.28 64.692, -94.225 64.561, -94.151 64.438, -94.061 64.328, -93.956 64.231, -93.838 64.151, -88.658 61.123, -88.53 61.06, -88.395 61.016, -88.254 60.991, -88.111 60.987, -87.97 61.003, -87.832 61.04, -87.7 61.095, -87.578 61.169, -87.467 61.259, -87.371 61.364, -87.29 61.482, -87.17959701492538 61.72828358208957, -87.16404702194355 61.795971786834, -87.15408860759494 61.85489240506322, -87.14694478527608 61.94419018404919, -87.14509339407745 61.997510250569476, -87.15342355889723 62.123295739348336, -87.16257627118647 62.170203389830625, -87.18519911504423 62.270977876106095, -87.18903669724774 62.28431804281357, -87.2317804878049 62.395926829268355, -87.243 62.423, -87.24555974842762 62.42796436058692, -87.30704477611938 62.535358208955195, -87.32180084151474 62.55834361851334, -87.379395348837 62.63125581395322, -87.41365795724467 62.673425178147276, -87.49294354838693 62.747665322580495, -87.52259752747257 62.77480151098905, -87.644 62.859, -87.649 62.85, -92.829 65.877, -92.824 65.886, -92.95428143213984 65.9492248126561, -92.99290497737569 65.96251131221723, -93.08328107074567 65.99138145315487, -93.1474162633108 66.00470183930301, -93.22786961722485 66.01712081339713, -93.28767589576549 66.02122964169381, -93.40106796116497 66.02198058252428, -93.40921144674097 66.02123052464228, -93.53380112044815 66.00283473389356, -93.56117401960786 65.99751960784313, -93.67741358024692 65.96224691358024, -93.74687499999995 65.93300000000002, -93.80905839416064 65.90373722627734, -93.87570124481321 65.86364315352702, -93.959 65.807, -94.03588361045131 65.73698099762471, -94.197 65.519, -94.26 65.391, -94.304 65.255, -94.329 65.114, -94.333 64.972), (-87.22790708186837 61.58823229532905, -87.22740966921117 61.589475826972055, -87.29 61.482, -87.22790708186837 61.58823229532905), (-94.13417565765548 65.62636646866285, -94.13442704413897 65.62605357272062, -94.197 65.519, -94.13417565765548 65.62636646866285), (-88.06025693606689 -19.164490952954925, -88.2936903935944 -19.32127666130893, -88.29363105242138 -19.321364997666006, -88.147 -19.223, -88.06025693606689 -19.164490952954925), (-91.47678723780196 -20.74634048514526, -91.47678723780196 -20.746340485145268, -91.476 -20.747, -91.47678723780196 -20.74634048514526), (-91.45742533081284 -20.95047705791379, -91.42642608695657 -21.1037119565215, -91.398 -21.223, -91.34344878005021 -21.360910387513496, -91.189 -21.657, -90.9762072344975 -21.90922638987885, -90.866 -22.015, -90.76092309690824 -22.090207326578362, -90.6354709063945 -22.173391258832755, -90.455 -22.267, -90.38348773006116 -22.292092024539947, -90.21170361289393 -22.350033460734117, -90.0074095170955 -22.390547479732113, -89.81463547486044 -22.402731843575413, -89.749 -22.406, -89.54683884297523 -22.387545454545457, -89.39024839400423 -22.355940042826543, -89.273 -22.328, -89.13313049437994 -22.272426848213456, -88.839 -22.119, -88.15363477599334 -21.658584146191604, -89.279 -19.983, -89.259 -19.97, -89.2 -19.93, -88.89451558441351 -19.724745454544056, -88.803 -19.663, -88.79189051433151 -19.655574782537904, -89.555 -18.52, -90.727 -19.308, -90.98427031361369 -19.52504811119031, -91.085 -19.63, -91.15443527508097 -19.72701240560958, -91.24404924831518 -19.861797649904943, -91.337 -20.041, -91.36209202453975 -20.112512269938268, -91.42003346073413 -20.284296387106114, -91.42003346073413 -20.28429638710613, -91.43174302931189 -20.3433425095089, -91.46052585722316 -20.488481450252976, -91.47289014084505 -20.684543661971606, -91.476 -20.747, -91.45742533081284 -20.95047705791379), (-89.103 -19.865, -88.969 -19.775, -88.91937311703269 -19.741516801853383, -89.2 -19.93, -89.103 -19.865), (-92.541936312772 -105.95278980451751, -92.427 -106.002, -92.54242513863217 -105.9524842883549, -92.541936312772 -105.95278980451751), (-92.292 -106.048, -92.152 -106.075, -92.01 -106.082, -91.868 -106.068, -91.729 -106.035, -91.597 -105.982, -91.473 -105.91, -91.361 -105.822, -91.263 -105.719, -91.18 -105.603, -91.114 -105.476, -88.753 -99.96, -88.707 -99.825, -88.68 -99.685, -88.673 -99.542, -88.686 -99.4, -88.72 -99.262, -88.773 -99.129, -88.844 -99.006, -88.933 -98.894, -89.036 -98.795, -89.152 -98.712, -89.279 -98.647, -89.5355248296008 -98.56835735150925, -89.60674358974352 -98.56076068376069, -89.67015254237288 -98.5581186440678, -89.73970588235305 -98.56088235294118, -89.81896491228062 -98.56808771929823, -89.92649286700414 -98.58915738610216, -89.98594205052 -98.60814115898957, -90.0710996602492 -98.63872593431485, -90.09464733727806 -98.64930532544376, -90.20070731707365 -98.70672125435566, -90.21772782345302 -98.71628515794026, -90.31669348127613 -98.7898959778087, -90.34540498034073 -98.81356356487547, -90.41271428571434 -98.88214285714292, -90.44493478260871 -98.91565217391306, -90.49791489361694 -98.98827659574457, -90.535 -99.041, -90.601 -99.169, -90.592 -99.173, -92.953 -104.689, -92.962 -104.685, -93.00855621301777 -104.82086813186818, -93.01602523659298 -104.85554574132453, -93.03597860962567 -104.96491978609633, -93.03890058479531 -105.00319766081869, -93.04222248107163 -105.10351892836336, -93.03937556561085 -105.1572036199096, -93.02523645320198 -105.27502955665021, -93.0236610878661 -105.28188702928873, -92.99297468354432 -105.39389240506323, -92.98067473269555 -105.43271412492966, -92.93331755247883 -105.53907369361313, -92.89687814313339 -105.60233655706007, -92.85384101599246 -105.66951646284105, -92.81280403458219 -105.72161959654173, -92.75233962264151 -105.79124528301887, -92.73607923771311 -105.80783751253763, -92.66508338518977 -105.86772097075297, -92.427 -106.002, -92.292 -106.048), (-89.39070704156504 -98.59918457428931, -89.3913883905013 -98.59900844327177, -89.279 -98.647, -89.39070704156504 -98.59918457428931), (-109.3659090909092 -87.7752424242422, -109.365 -87.777, -109.323 -87.862, -109.255 -88, -109.22077777777736 -88.07022222222308, -109.214 -88.084, -109.132 -88.25, -109.11296551724168 -88.28886206896492, -109.096 -88.323, -109.02086238532071 -88.47657798165217, -108.936 -88.648, -108.87679999999986 -88.76873684210555, -108.782 -88.96, -108.266 -90.008, -107.898 -90.756, -103.956 -88.588, -103.388 -87.325, -88.69315656567869 -54.66307491738922, -91.782 -50.064, -93.40676968701497 -47.81406299730186, -95.37752139722112 -52.19412253109203, -95.44 -52.334, -95.494 -52.453, -93.57647420340459 -47.57906078498739, -104.969 -31.803, -104.961 -31.809, -104.937 -31.827, -104.897 -31.857, -104.842 -31.899, -103.225 -34.103, -101.332 -36.685, -96.745 -42.94, -96.495 -43.114, -96.191 -43.326, -95.717 -43.656, -95.187 -44.026, -94.628 -44.415, -93.101 -45.479, -91.46392968241155 -42.209425809223625, -90.91514694230501 -40.81453781226612, -90.68540358381735 -40.23050849438575, -92.71565517608614 -37.207709356000535, -92.915 -37.012, -93.051 -36.861, -93.172 -36.697, -93.421 -36.309, -93.612 -35.889, -93.62577354143043 -35.85265315455855, -95.396 -33.217, -95.609 -32.846, -95.767 -32.448, -95.866 -32.031, -95.905 -31.605, -95.883 -31.178, -95.801 -30.758, -95.659 -30.354, -95.462 -29.974, -95.41511519535544 -29.908736351934778, -101.853 -20.73, -102.272 -20.585, -102.488 -20.489, -102.924 -20.248, -103.328 -19.958, -103.526 -19.787, -103.871 -19.428, -104.099 -19.14, -107.584 -14.256, -107.787 -13.941, -107.81152960428858 -13.895996867722545, -141.114 -26.864, -141.635 -27.031, -142.011 -27.141, -142.488 -27.224, -142.937 -27.29, -143.359 -27.304, -143.876 -27.306, -144.342 -27.255, -144.807 -27.19, -145.201 -27.089, -145.712 -26.944, -146.131 -26.77, -146.574 -26.572, -146.911 -26.373, -147.375 -26.082, -148.763 -25.233, -150.256 -24.589, -151.826 -24.162, -153.44 -23.96, -155.067 -23.988, -156.673 -24.246, -158.227 -24.727, -159.697 -25.423, -161.055 -26.32, -162.272 -27.399, -163.325 -28.639, -164.192 -30.015, -164.857 -31.5, -165.305 -33.064, -165.564 -33.966, -165.947 -34.823, -166.447 -35.617, -167.055 -36.332, -167.50553196077547 -36.73183107060272, -167.408 -36.942, -165.307 -40.458, -118.34633353877975 -110.53871813364749, -109.38 -87.748, -109.367 -87.773, -109.3659090909092 -87.7752424242422), (-109.45074813667524 -90.65986142203566, -109.45090193551101 -90.66025235651955, -108.266 -90.008, -109.45074813667524 -90.65986142203566), (-89.857 -35.927, -89.662 -35.852, -89.48 -35.748, -89.315 -35.619, -89.172 -35.466, -89.053 -35.294, -88.961 -35.107, -88.898 -34.907, -88.865 -34.7, -88.864 -34.491, -88.893 -34.284, -88.954 -34.084, -89.043 -33.894, -89.16 -33.721, -89.301 -33.566, -89.464 -33.435, -89.644 -33.329, -89.839 -33.251, -90.042 -33.203, -90.251 -33.186, -90.46 -33.2, -90.664 -33.245, -90.859 -33.321, -91.041 -33.424, -91.206 -33.553, -91.349 -33.706, -91.468 -33.878, -91.56 -34.066, -91.623 -34.265, -91.656 -34.472, -91.657 -34.681, -91.628 -34.888, -91.567 -35.088, -91.478 -35.278, -91.361 -35.451, -91.22 -35.606, -91.057 -35.737, -90.877 -35.843, -90.682 -35.921, -90.479 -35.969, -90.27 -35.986, -90.061 -35.972, -89.857 -35.927), (-90.542 20.847, -90.6257691972319 20.86749030723658, -89.85011838092886 19.77421093901734, -89.84587341772152 19.81787341772149, -89.841 19.923, -89.85132913669064 20.026291366906474, -89.93 20.286, -89.995 20.413, -90.077 20.529, -90.175 20.633, -90.287 20.721, -90.41 20.793, -90.542 20.847), (-91.41317242018614 -21.216369090437166, -91.41317242018614 -21.216369090437162, -91.803 -21.046, -91.41317242018614 -21.216369090437166), (-91.49749861010137 -18.849155925244855, -91.732 -19.093, -91.49749861010133 -18.849155925244823, -91.49749861010137 -18.849155925244855), (-93.323 67.014, -91.67399999995983 69.83550000006872, -93.32637963657145 67.00850963089154, -93.32620786704379 67.00850905641151, -93.323 67.014), (-92.109 -19.707, -92.19123456149454 -19.91757031655421, -92.19123456149458 -19.917570316554333, -92.109 -19.707), (-92.23480823863636 -20.047063920454544, -92.23480823863636 -20.047063920454548, -92.229 -20.049, -92.23480823863636 -20.047063920454544), (-107.623 -174.526, -107.718 -175.04, -107.736 -175.563, -107.675 -176.082, -107.538 -176.587, -107.327 -177.066, -107.047 -177.508, -106.704 -177.903, -106.3502365104092 -178.20597125053115, -106.16614356435656 -178.3305594059405, -106.0113587014419 -178.426777023428, -105.92745399999995 -178.47893400000004, -105.73357429718891 -178.57496787148588, -105.53390434040406 -178.66131163658204, -105.46945454545461 -178.6891818181818, -105.25813207547172 -178.75962264150942, -104.99046100239724 -178.83011819144787, -104.76686177537191 -178.8720728438535, -104.6472913019701 -178.88517960728404, -104.4962535182542 -178.90173567203752, -104.26760934652438 -178.91323978130694, -103.97549022104965 -178.90095178750113, -103.77509529497898 -178.88365454125082, -103.6844608860605 -178.8661977192996, -103.4629350898201 -178.82353029940114, -103.28091950020483 -178.78212761163456, -102.827 -178.621, -102.366 -178.375, -95.608 -174.093, -95.188 -173.781, -94.84856666894237 -173.4387995493957, -94.73087442922403 -173.2882815829532, -94.54987092417518 -173.04108585761142, -94.44190449193196 -172.85606454426514, -94.33181336089525 -172.64584938047489, -94.308063174114 -172.60049922958393, -94.22382568807342 -172.396385321101, -94.13251086956522 -172.13258695652178, -94.0764119402985 -171.9183910447761, -94.02387523162447 -171.63358678196425, -93.99875826086956 -171.42098956521735, -93.98895627644569 -171.13673201692524, -93.9925958214701 -170.91972414484496, -94.02743290668869 -170.62275227085058, -94.05900417674214 -170.42137876456368, -94.07372160451067 -170.36712839213223, -94.13712500000008 -170.1334151459851, -94.19668905335962 -169.93472337674928, -94.393 -169.49, -94.673 -169.048, -95.016 -168.653, -95.414 -168.313, -95.858 -168.036, -96.338 -167.829, -96.844 -167.695, -97.1708303785338 -167.65980288231174, -98.528 -168.228, -100.02503620931175 -168.60517768920872, -105.69 -172.195, -106.112 -172.462, -106.532 -172.774, -106.9 -173.146, -107.21 -173.568, -107.452 -174.031, -107.623 -174.526), (-96.642 -122.473, -96.434 -122.449, -96.233 -122.393, -96.041 -122.308, -95.865 -122.195, -95.707 -122.058, -95.572 -121.898, -95.462 -121.72, -95.379 -121.528, -95.327 -121.325, -95.305 -121.117, -95.314 -120.908, -95.354 -120.703, -95.425 -120.506, -95.524 -120.322, -95.649 -120.154, -95.798 -120.007, -95.967 -119.884, -96.153 -119.788, -96.351 -119.72, -96.557 -119.683, -96.766 -119.676, -96.974 -119.701, -97.176 -119.757, -97.367 -119.842, -97.543 -119.954, -97.701 -120.092, -97.836 -120.251, -97.946 -120.429, -98.029 -120.622, -98.081 -120.824, -98.103 -121.032, -98.094 -121.241, -98.054 -121.446, -97.983 -121.643, -97.884 -121.828, -97.759 -121.995, -97.61 -122.142, -97.441 -122.265, -97.255 -122.362, -97.057 -122.43, -96.851 -122.467, -96.642 -122.473), (-100.653 -187.431, -100.625 -187.578, -100.575 -187.719, -100.505 -187.851, -97.293 -192.919, -97.204 -193.039, -97.098 -193.144, -96.978 -193.232, -96.845 -193.302, -96.704 -193.351, -96.557 -193.378, -96.408 -193.383, -96.259 -193.366, -96.115 -193.326, -95.978 -193.266, -95.852 -193.186, -95.739 -193.088, -95.642 -192.975, -95.563 -192.848, -95.504 -192.71, -95.466 -192.566, -95.449 -192.417, -95.456 -192.268, -95.484 -192.121, -95.534 -191.98, -95.604 -191.849, -98.816 -186.78, -98.905 -186.66, -99.011 -186.555, -99.131 -186.467, -99.264 -186.397, -99.405 -186.349, -99.552 -186.321, -99.701 -186.316, -99.85 -186.334, -99.994 -186.373, -100.131 -186.433, -100.257 -186.513, -100.37 -186.611, -100.467 -186.725, -100.546 -186.852, -100.605 -186.989, -100.643 -187.133, -100.66 -187.282, -100.653 -187.431), (-101.3594030612245 -102.1461836734694, -101.30405263157895 -102.15208771929825, -101.22984745762712 -102.15569491525423, -101.15287341772154 -102.15212658227848, -101.08336501901137 -102.14536882129278, -100.96595045239118 -102.12236191296854, -100.92731910569121 -102.10970121951225, -100.82593055555549 -102.07354166666663, -100.8092142857143 -102.06637755102041, -100.70885313174918 -102.01280129589617, -100.681 -101.997, -100.6745555555557 -101.9925962962964, -100.57047875354097 -101.9136713881019, -100.55953491827643 -101.9045022288262, -100.49462877030147 -101.83898375870055, -100.45233824032866 -101.79455734337557, -100.368 -101.678, -100.298 -101.545, -100.308 -101.541, -97.946 -96.025, -97.937 -96.029, -97.89116707317072 -95.89524268292679, -97.88005000000004 -95.84212777777799, -97.86464513018322 -95.75711571841846, -97.85935294117648 -95.6872588235295, -97.85716191030868 -95.62108969132206, -97.86141628959277 -95.54086425339361, -97.8727191011236 -95.44667415730342, -97.87875000000003 -95.41878124999991, -97.90649999999998 -95.31818750000006, -97.91817040358745 -95.28171748878923, -97.96780329368713 -95.17124428179316, -97.99986238532102 -95.11558613659544, -98.0460773320445 -95.0431256645722, -98.08122894736832 -94.99810000000012, -98.1542877358492 -94.91397169811307, -98.15733438818562 -94.91086286919835, -98.23301758612381 -94.8463676222597, -98.472 -94.712, -98.607 -94.665, -98.747 -94.638, -98.89 -94.631, -99.032 -94.645, -99.17 -94.679, -99.303 -94.732, -99.426 -94.803, -99.538 -94.891, -99.637 -94.995, -99.72 -95.111, -99.785 -95.238, -102.146 -100.753, -102.193 -100.888, -102.22 -101.028, -102.227 -101.171, -102.213 -101.313, -102.179 -101.452, -102.126 -101.584, -102.055 -101.708, -101.967 -101.82, -101.863 -101.918, -101.747 -102.001, -101.62 -102.066, -101.3594030612245 -102.1461836734694), (-101.784 -111.842, -101.775 -112.051, -101.734 -112.257, -101.664 -112.454, -101.565 -112.638, -101.439 -112.805, -101.29 -112.952, -101.121 -113.075, -100.935 -113.172, -100.738 -113.24, -100.532 -113.277, -100.323 -113.283, -100.115 -113.259, -99.913 -113.203, -99.722 -113.118, -99.545 -113.006, -99.388 -112.868, -99.252 -112.708, -99.142 -112.53, -99.06 -112.338, -99.007 -112.136, -98.985 -111.928, -98.994 -111.718, -99.035 -111.513, -99.105 -111.316, -99.204 -111.132, -99.33 -110.964, -99.479 -110.817, -99.648 -110.694, -99.834 -110.598, -100.032 -110.53, -100.237 -110.493, -100.447 -110.486, -100.654 -110.511, -100.856 -110.567, -101.047 -110.652, -101.224 -110.764, -101.381 -110.902, -101.517 -111.061, -101.627 -111.239, -101.709 -111.432, -101.762 -111.634, -101.784 -111.842), (-100.437 -17.67, -100.295 -17.623, -100.162 -17.555, -100.04 -17.468, -99.933 -17.364, -99.842 -17.246, -99.77 -17.115, -99.719 -16.974, -99.688 -16.828, -99.681 -16.679, -99.695 -16.53, -99.731 -16.385, -99.789 -16.247, -99.866 -16.119, -102.83567069199152 -11.958394245643543, -104.75860251351205 -12.70718511876283, -101.494 -17.281, -101.399 -17.396, -101.287 -17.495, -101.162 -17.577, -101.026 -17.639, -100.882 -17.68, -100.734 -17.699, -100.584 -17.695, -100.437 -17.67), (-103.853 -190.076, -103.656 -190.006, -103.471 -189.908, -103.303 -189.783, -103.156 -189.634, -103.032 -189.466, -102.935 -189.28, -102.867 -189.083, -102.829 -188.877, -102.822 -188.668, -102.846 -188.46, -102.901 -188.258, -102.985 -188.066, -103.097 -187.89, -103.234 -187.732, -103.393 -187.596, -103.571 -187.485, -103.763 -187.402, -103.965 -187.349, -104.173 -187.326, -104.382 -187.335, -104.588 -187.374, -104.785 -187.444, -104.97 -187.543, -105.138 -187.668, -105.285 -187.816, -105.409 -187.985, -105.506 -188.17, -105.574 -188.368, -105.612 -188.574, -105.619 -188.783, -105.595 -188.991, -105.54 -189.193, -105.456 -189.384, -105.344 -189.561, -105.207 -189.719, -105.048 -189.855, -104.87 -189.966, -104.678 -190.048, -104.476 -190.102, -104.268 -190.125, -104.058 -190.116, -103.853 -190.076), (-104.615 -124.186, -104.714 -124.002, -104.839 -123.835, -104.988 -123.688, -105.157 -123.565, -105.343 -123.468, -105.541 -123.4, -105.747 -123.363, -105.956 -123.357, -106.164 -123.381, -106.366 -123.437, -106.557 -123.522, -106.733 -123.635, -106.891 -123.772, -107.026 -123.932, -107.136 -124.11, -107.219 -124.302, -107.271 -124.504, -107.293 -124.713, -107.284 -124.922, -107.244 -125.127, -107.173 -125.324, -107.074 -125.508, -106.949 -125.676, -106.8 -125.823, -106.631 -125.946, -106.445 -126.042, -106.247 -126.11, -106.041 -126.147, -105.832 -126.154, -105.624 -126.129, -105.422 -126.073, -105.231 -125.988, -105.055 -125.876, -104.897 -125.738, -104.762 -125.579, -104.652 -125.401, -104.569 -125.208, -104.517 -125.006, -104.495 -124.798, -104.504 -124.589, -104.544 -124.384, -104.615 -124.186), (-108.814 22.867, -108.956 22.82, -109.089 22.752, -109.211 22.665, -109.318 22.561, -109.409 22.443, -109.481 22.312, -109.532 22.171, -109.562 22.025, -109.57 21.876, -109.556 21.727, -109.52 21.582, -109.462 21.444, -109.385 21.316, -108.98264370298634 20.752285669932654, -107.07369852119534 21.520672282707416, -107.757 22.478, -107.852 22.593, -107.964 22.692, -108.089 22.774, -108.225 22.836, -108.369 22.877, -108.517 22.896, -108.667 22.892, -108.814 22.867), (-115.1944128113879 88.83613879003553, -115.19635294117647 88.76629411764713, -115.18848101265823 88.64821518987345, -115.18057988165677 88.60772189349095, -115.15830000000001 88.50780000000006, -115.1495 88.47900000000001, -115.1 88.353, -115.03903915662647 88.24425903614451, -115.01949230769233 88.2128307692308, -114.95951973684221 88.1375460526317, -114.92854917166018 88.09976876982725, -114.822 88, -114.698 87.914, -114.693 87.923, -109.512 84.895, -109.518 84.886, -109.390153205662 84.82395670274772, -109.34542857142839 84.80857142857137, -109.2521971830986 84.77943661971833, -109.20762135922328 84.77010679611651, -109.11248768472906 84.75478325123153, -109.05700000000002 84.751, -108.94114285714281 84.751, -108.93195604395612 84.75184615384615, -108.8157292576418 84.76811790393015, -108.77781737193772 84.77511135857459, -108.6649620253165 84.80959493670885, -108.59866187050358 84.83751079136692, -108.52875649663137 84.87067757459096, -108.47162264150946 84.90477358490566, -108.39019672131141 84.95949180327874, -108.37679872204478 84.96977955271561, -108.3089744065282 85.03210459940652, -108.144 85.254, -108.081 85.382, -108.037 85.517, -108.013 85.658, -108.009 85.801, -108.025 85.942, -108.061 86.08, -108.117 86.212, -108.19 86.334, -108.28 86.445, -108.385 86.541, -108.503 86.622, -113.683 89.649, -113.811 89.712, -113.947 89.757, -114.088 89.781, -114.23 89.785, -114.372 89.769, -114.51 89.733, -114.641 89.677, -114.764 89.604, -114.874 89.513, -114.971 89.408, -115.051 89.291, -115.16359715353998 89.03885936557714, -115.17476496097139 88.99057502168256, -115.18820762916467 88.9142206663447, -115.1944128113879 88.83613879003553), (-108.20715909090912 85.14629712918656, -108.20655788525862 85.14704388988929, -108.144 85.254, -108.20715909090912 85.14629712918656), (-108.20642372843645 85.14721052678419, -108.20642372843642 85.14721052678422, -108.144 85.254, -108.20642372843645 85.14721052678419), (-110.48 -116.633, -110.311 -116.756, -110.125 -116.852, -109.927 -116.92, -109.722 -116.958, -109.512 -116.964, -109.305 -116.939, -109.103 -116.884, -108.912 -116.799, -108.735 -116.686, -108.578 -116.548, -108.442 -116.389, -108.332 -116.211, -108.25 -116.019, -108.197 -115.816, -108.175 -115.608, -108.184 -115.399, -108.225 -115.194, -108.295 -114.997, -108.394 -114.812, -108.52 -114.645, -108.669 -114.498, -108.838 -114.375, -109.024 -114.278, -109.221 -114.211, -109.427 -114.173, -109.636 -114.167, -109.844 -114.192, -110.046 -114.247, -110.237 -114.332, -110.414 -114.445, -110.571 -114.582, -110.707 -114.742, -110.817 -114.92, -110.899 -115.112, -110.952 -115.315, -110.974 -115.523, -110.965 -115.732, -110.924 -115.937, -110.854 -116.134, -110.755 -116.318, -110.629 -116.486, -110.48 -116.633), (-112.11322833121326 -6.10212115702916, -112.11322833121326 -6.102121157029159, -116.41553090751925 -9.007542837740452, -112.11322833121326 -6.10212115702916), (-114.295 76.154, -114.154 76.13, -114.012 76.126, -113.87 76.142, -113.732 76.178, -113.601 76.234, -113.478 76.307, -113.368 76.397, -113.271 76.503, -113.191 76.62, -113.07886270270271 76.8701524324324, -113.06649783174329 76.92361231569814, -113.0539120234604 76.99509970674498, -113.04758947368421 77.07413157894723, -113.04566017526777 77.14406864654337, -113.05352380952381 77.26280952380948, -113.06108474576271 77.30155932203387, -113.08446153846157 77.4056923076924, -113.09123076923075 77.42784615384609, -113.142 77.558, -113.20803911980441 77.67490709046456, -113.2218008415147 77.69634361851331, -113.27939534883716 77.76925581395344, -113.31365795724469 77.8114251781473, -113.42 77.911, -113.544 77.997, -113.549 77.988, -118.729 81.016, -118.724 81.025, -118.85202397260278 81.08712928082193, -118.8922352941175 81.1010735294117, -118.98977777777782 81.13155555555556, -119.0451034482756 81.14262068965512, -119.12067818831953 81.15479380214542, -119.18939999999996 81.16, -119.30085714285721 81.16, -119.31004395604388 81.15915384615386, -119.4262707423582 81.14288209606985, -119.46418262806228 81.13588864142541, -119.5770379746835 81.10140506329115, -119.64055782312933 81.07465986394554, -119.71662674650695 81.03830339321358, -119.76353846153846 81.01030769230769, -119.85223529411772 80.95117647058818, -119.86520127795522 80.94122044728438, -119.93291575091578 80.87899633699631, -120.097 80.657, -120.16 80.529, -120.205 80.394, -120.229 80.253, -120.233 80.11, -120.217 79.969, -120.181 79.831, -120.125 79.699, -120.052 79.577, -119.961 79.466, -119.856 79.37, -119.739 79.289, -114.559 76.262, -114.431 76.199, -114.295 76.154), (-118.417 -166.022, -118.343 -166.152, -114.989 -171.127, -114.896 -171.244, -114.787 -171.346, -114.664 -171.431, -114.53 -171.497, -114.387 -171.542, -114.239 -171.565, -114.09 -171.565, -113.942 -171.544, -113.799 -171.501, -113.664 -171.436, -113.54 -171.353, -113.43 -171.252, -113.336 -171.135, -113.261 -171.006, -113.205 -170.867, -113.171 -170.722, -113.159 -170.573, -113.17 -170.424, -113.202 -170.278, -113.256 -170.139, -113.33 -170.009, -116.684 -165.034, -116.777 -164.916, -116.886 -164.814, -117.009 -164.729, -117.143 -164.664, -117.286 -164.619, -117.434 -164.596, -117.583 -164.595, -117.731 -164.617, -117.874 -164.66, -118.009 -164.724, -118.133 -164.808, -118.243 -164.909, -118.337 -165.025, -118.412 -165.154, -118.468 -165.293, -118.502 -165.439, -118.514 -165.588, -118.503 -165.737, -118.471 -165.883, -118.417 -166.022), (-120.119 -4.363, -119.977 -4.356, -119.836 -4.33, -119.701 -4.284, -114.83530396724424 -2.221099907908403, -116.01013683179826 -0.5460724945821007, -120.22179306051981 -2.331680548105973, -120.97225464587383 -3.830656307292682, -120.947 -3.88, -120.865 -3.997, -120.767 -4.1, -120.655 -4.189, -120.532 -4.261, -120.4 -4.314, -120.261 -4.348, -120.119 -4.363), (-115.95689260455825 -114.10454777847286, -115.95333728082157 -114.09064060851492, -115.9727881668882 -114.08082638550371, -115.95689260455825 -114.10454777847286), (-121.971 -131.474, -122.005 -131.62, -122.017 -131.769, -122.007 -131.918, -121.974 -132.064, -121.921 -132.203, -121.846 -132.333, -118.492 -137.308, -118.4 -137.425, -118.291 -137.527, -118.168 -137.612, -118.033 -137.678, -117.891 -137.723, -117.743 -137.746, -117.594 -137.746, -117.446 -137.725, -117.303 -137.682, -117.168 -137.617, -117.044 -137.534, -116.934 -137.433, -116.84 -137.316, -116.765 -137.187, -116.709 -137.049, -116.675 -136.903, -116.663 -136.754, -116.674 -136.605, -116.706 -136.459, -116.76 -136.32, -116.834 -136.19, -120.188 -131.215, -120.281 -131.097, -120.39 -130.995, -120.513 -130.91, -120.647 -130.845, -120.79 -130.8, -120.937 -130.777, -121.087 -130.776, -121.235 -130.798, -121.378 -130.841, -121.513 -130.905, -121.637 -130.989, -121.747 -131.09, -121.841 -131.206, -121.916 -131.335, -121.971 -131.474), (-118.861 9.106, -119.98646363978479 8.629043015797219, -118.922 7.138, -118.827 7.023, -118.77030969411048 6.97238365545579, -118.08 7.265, -118.076 7.256, -117.94725929018792 7.322291858037565, -117.92166666666648 7.339666666666797, -117.83155303030307 7.404666666666631, -117.79556561085963 7.436981900452583, -117.72883650190116 7.502475285171084, -117.69529402985074 7.541029850746276, -117.6275291479821 7.6303901345290885, -117.61199999999995 7.655625000000074, -117.5629569230769 7.746218461538513, -117.54530264672037 7.782294591484461, -117.50540322580646 7.893387096774199, -117.48835714285717 7.961571428571308, -117.47263931469791 8.039112714156994, -117.4658427672956 8.108534591194873, -117.461 8.213, -117.47132913669064 8.316291366906476, -117.55 8.576, -117.615 8.703, -117.697 8.82, -117.795 8.923, -117.907 9.012, -118.031 9.084, -118.163 9.137, -118.301 9.171, -118.443 9.185, -118.586 9.179, -118.726 9.153, -118.861 9.106), (-117.50178406044357 8.462065074335833, -117.50191601658392 8.4625720637172, -117.55 8.576, -117.50178406044357 8.462065074335833), (-126.837 46.861, -126.909 46.73, -126.96 46.59, -126.99 46.443, -126.998 46.294, -126.984 46.145, -126.948 46, -126.89 45.863, -126.813 45.735, -123.327 40.851, -123.231 40.736, -123.12 40.637, -122.994 40.555, -122.858 40.493, -122.715 40.452, -122.566 40.433, -122.417 40.437, -122.27 40.462, -122.128 40.509, -121.995 40.577, -121.873 40.664, -121.765 40.768, -121.675 40.886, -121.603 41.018, -121.551 41.158, -121.521 41.304, -121.513 41.453, -121.528 41.602, -121.564 41.747, -121.622 41.885, -121.699 42.013, -125.185 46.897, -125.28 47.011, -125.392 47.111, -125.517 47.192, -125.653 47.254, -125.797 47.295, -125.945 47.314, -126.095 47.311, -126.242 47.286, -126.384 47.238, -126.517 47.171, -126.639 47.084, -126.746 46.98, -126.837 46.861), (-131.557 -146.472, -131.434 -146.556, -131.3 -146.622, -131.157 -146.667, -131.01 -146.69, -130.86 -146.691, -130.712 -146.669, -130.569 -146.626, -130.434 -146.562, -130.31 -146.478, -130.2 -146.377, -130.107 -146.261, -130.031 -146.132, -129.976 -145.993, -129.942 -145.847, -129.93 -145.698, -129.94 -145.549, -129.973 -145.403, -130.027 -145.264, -130.101 -145.134, -133.455 -140.159, -133.547 -140.042, -133.656 -139.939, -133.779 -139.855, -133.914 -139.789, -134.056 -139.744, -134.204 -139.721, -134.353 -139.72, -134.501 -139.742, -134.644 -139.785, -134.779 -139.849, -134.903 -139.933, -135.013 -140.034, -135.107 -140.15, -135.183 -140.279, -135.238 -140.418, -135.272 -140.564, -135.284 -140.713, -135.273 -140.862, -135.241 -141.008, -135.187 -141.147, -135.113 -141.277, -131.759 -146.252, -131.666 -146.369, -131.557 -146.472), (-138.611 -106.331, -138.686 -106.46, -138.742 -106.599, -138.776 -106.745, -138.788 -106.894, -138.777 -107.043, -138.745 -107.189, -138.691 -107.328, -138.617 -107.458, -135.263 -112.433, -135.17 -112.55, -135.061 -112.653, -134.938 -112.737, -134.804 -112.803, -134.661 -112.848, -134.514 -112.871, -134.364 -112.872, -134.216 -112.85, -134.073 -112.807, -133.938 -112.743, -133.814 -112.659, -133.704 -112.558, -133.61 -112.442, -133.535 -112.313, -133.48 -112.174, -133.446 -112.028, -133.434 -111.879, -133.444 -111.73, -133.477 -111.584, -133.53 -111.445, -133.604 -111.315, -136.959 -106.34, -137.051 -106.223, -137.16 -106.12, -137.283 -106.036, -137.418 -105.97, -137.56 -105.925, -137.708 -105.902, -137.857 -105.901, -138.005 -105.923, -138.148 -105.966, -138.283 -106.03, -138.407 -106.114, -138.517 -106.215, -138.611 -106.331), (-141.09442553191488 103.97468085106416, -141.09635616438356 103.90517808219174, -141.08857644110276 103.78770426065157, -141.0794237288136 103.74079661016968, -141.05680088495578 103.64002212389383, -141.05296330275226 103.62668195718642, -141.0102195121953 103.51507317073214, -140.999 103.488, -140.99644025157227 103.48303563941286, -140.9349552238806 103.37564179104477, -140.92019915848527 103.35265638148667, -140.8626046511625 103.27974418604616, -140.82834204275542 103.2375748218528, -140.74905645161238 103.16333467741886, -140.71940247252752 103.13619848901102, -140.598 103.052, -140.593 103.061, -135.413 100.033, -135.418 100.025, -135.29383103304053 99.96382852363026, -135.2398734177216 99.944835443038, -135.1522222222222 99.91744444444444, -135.10294117647052 99.9075882352941, -135.01413038277516 99.89387918660287, -134.9543241042345 99.8897703583062, -134.840932038835 99.88901941747572, -134.83278855325898 99.88976947535772, -134.6903185840708 99.91080530973451, -134.68856690561526 99.9111284348865, -134.56344606413992 99.94823323615161, -134.50144217687085 99.97434013605437, -134.42779863945574 100.009537414966, -134.37084722222227 100.04426388888886, -134.28300000000002 100.10399999999998, -134.20611638954873 100.17401900237526, -134.045 100.392, -133.982 100.52, -133.938 100.656, -133.913 100.796, -133.909 100.939, -133.925 101.081, -133.961 101.219, -134.017 101.35, -134.09 101.472, -134.181 101.583, -134.286 101.68, -134.404 101.76, -139.584 104.788, -139.712 104.851, -139.847 104.895, -139.988 104.919, -140.13 104.924, -140.272 104.907, -140.41 104.871, -140.542 104.816, -140.664 104.742, -140.774 104.652, -140.871 104.547, -140.952 104.429, -141.06207135135136 104.18345621621617, -141.07810153846148 104.11414923076953, -141.0879113924051 104.05610759493646, -141.09442553191488 103.97468085106416), (-141.01369256001198 104.32345266139848, -141.01417574411374 104.3222360728565, -140.952 104.429, -141.01369256001198 104.32345266139848), (-139.86 37.566, -139.932 37.435, -139.983 37.295, -140.014 37.149, -140.022 36.999, -140.007 36.851, -139.971 36.706, -139.913 36.568, -139.836 36.44, -136.35 31.556, -136.254 31.441, -136.143 31.342, -136.018 31.26, -135.881 31.199, -135.738 31.158, -135.59 31.138, -135.44 31.142, -135.293 31.167, -135.151 31.214, -135.018 31.282, -134.896 31.369, -134.789 31.473, -134.698 31.592, -134.626 31.723, -134.575 31.863, -134.544 32.009, -134.536 32.159, -134.551 32.307, -134.587 32.452, -134.645 32.59, -134.722 32.718, -138.208 37.602, -138.304 37.717, -138.415 37.816, -138.541 37.897, -138.677 37.959, -138.82 38, -138.969 38.019, -139.118 38.016, -139.265 37.991, -139.407 37.944, -139.54 37.876, -139.662 37.789, -139.769 37.685, -139.86 37.566), (-136.5680000002235 96.0754999996176, -134.91562036342853 98.90249036910846, -134.9157921329562 98.90249094358849, -134.919 98.897, -136.5680000002235 96.0754999996176), (-135.45576161091276 -159.69508769080895, -135.48 -159.74, -135.50830187425237 -159.79339425761015, -135.45576161091276 -159.69508769080895), (-139.422 64.995, -139.301 65.082, -139.193 65.186, -139.103 65.305, -139.031 65.436, -138.979 65.576, -138.949 65.723, -138.941 65.872, -138.956 66.021, -138.992 66.166, -139.049 66.304, -139.127 66.431, -142.613 71.315, -142.708 71.43, -142.82 71.529, -142.945 71.611, -143.081 71.673, -143.225 71.714, -143.373 71.733, -143.523 71.73, -143.67 71.704, -143.812 71.657, -143.945 71.589, -144.067 71.502, -144.174 71.398, -144.265 71.28, -144.337 71.149, -144.388 71.008, -144.418 70.862, -144.426 70.713, -144.412 70.564, -144.376 70.419, -144.318 70.281, -144.24 70.153, -140.755 65.27, -140.659 65.155, -140.547 65.055, -140.422 64.974, -140.286 64.912, -140.142 64.871, -139.994 64.852, -139.845 64.855, -139.698 64.881, -139.556 64.928, -139.422 64.995), (-139.77 91.28, -139.632 91.317, -139.501 91.372, -139.379 91.446, -139.268 91.536, -139.172 91.641, -139.091 91.759, -138.97978906250003 92.00708593749991, -138.9662972972973 92.06375135135134, -138.95379237083532 92.13477933365544, -138.94758718861212 92.21286120996412, -138.94568921389396 92.28118829981723, -138.9543669811321 92.40031037735858, -138.96203423423418 92.4413135135133, -138.9842561247216 92.54339532293986, -138.99163855421685 92.56789156626502, -139.042 92.697, -139.11402970297033 92.82281188118822, -139.11847326732672 92.8298693069307, -139.1871727272729 92.91703636363656, -139.2143168604651 92.95008139534882, -139.27090395480238 93.00358192090405, -139.326 93.054, -139.445 93.135, -139.45 93.127, -143.62117078865415 95.5644776017869, -140.81369130501284 91.60733692501522, -140.459 91.4, -140.331 91.337, -140.195 91.293, -140.055 91.268, -139.912 91.264, -139.77 91.28), (-148.68108398341604 -15.349572063717261, -148.633 -15.463, -148.6814402546523 -15.348203232125366, -148.68108398341604 -15.349572063717261), (-148.568 -15.59, -148.486 -15.706, -148.387 -15.81, -148.276 -15.899, -148.152 -15.97, -148.02 -16.024, -147.881 -16.058, -147.74 -16.072, -147.597 -16.066, -147.457 -16.039, -147.322 -15.993, -141.798 -13.651, -141.671 -13.586, -141.554 -13.504, -141.45 -13.406, -141.362 -13.294, -141.29 -13.171, -141.237 -13.038, -141.202 -12.9, -141.188 -12.758, -141.195 -12.615, -141.221 -12.475, -141.267 -12.34, -141.40042085889573 -12.101748466257654, -141.43623438704702 -12.0592891287587, -141.4891963190184 -12.003652351738252, -141.54207307692317 -11.95726923076915, -141.60030591497224 -11.910889094269901, -141.69953923717662 -11.84681718544501, -141.7355950155765 -11.8292679127725, -141.84293107932376 -11.78147594278285, -141.84498983050852 -11.780722033898288, -141.99 -11.74, -142.13026548672562 -11.723168141592922, -142.1446106870229 -11.722122137404579, -142.26080000000002 -11.725200000000001, -142.2944201680672 -11.726600840336134, -142.39275000000018 -11.743875000000033, -142.44338650306747 -11.753503067484658, -142.582 -11.801, -142.578 -11.81, -148.102 -14.152, -148.106 -14.142, -148.23168558951957 -14.2071703056768, -148.27056441717812 -14.233325153374382, -148.351446969697 -14.291666666666686, -148.38743438914034 -14.323981900452544, -148.4541634980988 -14.389475285171034, -148.4877059701493 -14.428029850746324, -148.5587354260089 -14.52169506726447, -148.56650000000008 -14.534312500000143, -148.62203324099724 -14.636894736842128, -148.63762774155305 -14.669100770598693, -148.67841935483872 -14.782677419354851, -148.69357142857143 -14.843285714285749, -148.71051601423488 -14.92687900355869, -148.71712658227847 -14.994873417721392, -148.72139937597504 -15.087043681747229, -148.72108333333333 -15.109166666666711, -148.71167086330934 -15.203291366906525, -148.633 -15.463, -148.568 -15.59), (-141.31447888815887 -12.228028144651939, -141.31477552674232 -12.227543760129603, -141.267 -12.34, -141.31447888815887 -12.228028144651939), (-141.94071190533688 -10.751399903404973, -141.94060073787261 -10.75141342377225, -142.2810119196629 -9.94860457368436, -141.943 -10.746, -141.94071190533688 -10.751399903404973), (-144.99847206552994 97.50578293942225, -143.47499999991703 100.11250000014194, -144.9985584368926 97.505904679807, -144.99847206552994 97.50578293942225), (-152.536 -6.256, -152.4885606255528 -6.3679073329581355, -152.4882244732577 -6.3684562398703495, -152.536 -6.256), (-152.40537531760435 -6.490936479128867, -152.35912927756655 -6.545764258555124, -152.31882305630032 -6.588085790884665, -152.25711898512677 -6.642691163604624, -152.20392213308168 -6.684963662104732, -152.10752301622094 -6.74720561157389, -152.0523390410961 -6.774065068493062, -151.97205405405404 -6.8101351351351385, -151.947240585774 -6.819221757322186, -151.813 -6.856, -151.69204481434056 -6.871423815621001, -151.64859611380984 -6.874591950034699, -151.6063454545455 -6.873472727272729, -151.50284769539078 -6.869160320641282, -151.43889417989416 -6.8575714285714255, -151.35940270727582 -6.842456852791879, -151.221 -6.796, -151.225 -6.786, -145.701 -4.444, -145.697 -4.454, -145.5743578288101 -4.390848434238031, -145.52131552587628 -4.354838063438941, -145.45613114754102 -4.3076721311475605, -145.40799999999987 -4.2648888888887555, -145.3548203389831 -4.213186440678016, -145.30594027565084 -4.156349157733533, -145.24495652173906 -4.075260869565103, -145.23454545454555 -4.057909090909264, -145.17 -3.937, -145.1247862969005 -3.8135318107667655, -145.1084526748971 -3.746275720164514, -145.0932699386503 -3.668791411042969, -145.08690163934426 -3.607655737704904, -145.0816084507042 -3.508408450704257, -145.08189164086687 -3.4885851393188743, -145.0919009694441 -3.39412210087123, -145.171 -3.133, -145.235 -3.006, -145.318 -2.89, -145.416 -2.786, -145.528 -2.698, -145.651 -2.626, -145.783 -2.572, -145.922 -2.538, -146.064 -2.524, -146.206 -2.53, -146.347 -2.557, -146.482 -2.603, -152.006 -4.945, -152.133 -5.01, -152.249 -5.092, -152.353 -5.19, -152.441 -5.302, -152.513 -5.425, -152.567 -5.558, -152.601 -5.696, -152.615 -5.838, -152.609 -5.981, -152.582 -6.121, -152.536 -6.256, -152.40537531760435 -6.490936479128867), (-151.878 -115.276, -151.953 -115.405, -152.008 -115.544, -152.042 -115.689, -152.054 -115.838, -152.044 -115.987, -152.011 -116.133, -151.957 -116.272, -151.883 -116.402, -148.529 -121.377, -148.437 -121.495, -148.328 -121.597, -148.205 -121.682, -148.07 -121.747, -147.928 -121.792, -147.78 -121.815, -147.631 -121.816, -147.483 -121.794, -147.34 -121.751, -147.205 -121.687, -147.081 -121.603, -146.971 -121.502, -146.877 -121.386, -146.801 -121.257, -146.746 -121.118, -146.712 -120.972, -146.7 -120.823, -146.711 -120.674, -146.743 -120.528, -146.797 -120.389, -146.871 -120.259, -150.225 -115.284, -150.318 -115.167, -150.427 -115.065, -150.55 -114.98, -150.684 -114.914, -150.827 -114.869, -150.974 -114.846, -151.124 -114.846, -151.272 -114.867, -151.415 -114.91, -151.55 -114.975, -151.674 -115.058, -151.784 -115.159, -151.878 -115.276), (-149.30625102462605 -13.87448886047571, -149.309 -13.868, -150.58450000002068 -10.859499999951211, -149.3063439264547 -13.874612213459304, -149.30625102462605 -13.87448886047571), (-150.709 -87.868, -150.585 -87.784, -150.474 -87.683, -150.381 -87.567, -150.305 -87.438, -150.25 -87.299, -150.216 -87.153, -150.204 -87.004, -150.214 -86.855, -150.247 -86.709, -150.301 -86.57, -150.375 -86.44, -153.729 -81.465, -153.821 -81.348, -153.931 -81.246, -154.054 -81.161, -154.188 -81.095, -154.33 -81.051, -154.478 -81.027, -154.628 -81.027, -154.776 -81.048, -154.919 -81.092, -155.054 -81.156, -155.177 -81.239, -155.288 -81.34, -155.381 -81.457, -155.457 -81.586, -155.512 -81.725, -155.546 -81.87, -155.558 -82.019, -155.548 -82.168, -155.515 -82.314, -155.461 -82.453, -155.387 -82.583, -152.033 -87.558, -151.941 -87.676, -151.832 -87.778, -151.708 -87.863, -151.574 -87.928, -151.432 -87.973, -151.284 -87.996, -151.134 -87.997, -150.987 -87.975, -150.843 -87.932, -150.709 -87.868), (-181.271 84.606, -180.581 82.312, -179.557 80.147, -178.221 78.159, -176.604 76.392, -174.742 74.886, -172.676 73.674, -170.453 72.784, -168.121 72.234, -165.734 72.039, -163.345 72.201, -161.006 72.718, -158.771 73.578, -156.688 74.761, -154.805 76.241, -153.164 77.985, -151.801 79.955, -150.747 82.106, -150.50611206951655 82.86769964722126, -150.641 82.952, -151.087 83.27, -151.399 83.505, -151.752 83.838, -152.073 84.159, -152.336 84.489, -152.647 84.901, -152.884 85.306, -153.11 85.717, -153.265 86.093, -153.454 86.59, -153.565 87.03, -153.671 87.503, -153.713 87.892, -153.758 88.438, -153.907 90.058, -154.284 91.641, -154.88 93.154, -155.683 94.569, -156.678 95.855, -157.845 96.989, -159.16 97.947, -160.597 98.709, -162.128 99.261, -163.72 99.592, -165.344 99.694, -166.966 99.567, -168.553 99.211, -169.0864186163037 99.00947851223744, -167.733 99.368, -166.025 99.556, -164.307 99.488, -162.619 99.164, -160.998 98.592, -159.481 97.786, -158.1 96.761, -156.888 95.543, -155.871 94.158, -155.071 92.636, -154.508 91.012, -154.192 89.323, -154.132 87.605, -154.329 85.897, -154.778 84.238, -155.469 82.665, -156.387 81.211, -157.512 79.911, -158.817 78.794, -160.275 77.883, -161.852 77.199, -163.514 76.759, -165.222 76.57, -166.939 76.639, -168.627 76.963, -170.248 77.535, -171.766 78.341, -173.146 79.366, -174.359 80.584, -175.376 81.969, -176.175 83.491, -176.739 85.115, -177.054 86.804, -177.114 88.522, -176.917 90.23, -176.468 91.889, -175.777 93.462, -174.859 94.915, -173.735 96.215, -172.429 97.333, -170.972 98.244, -170.0177619261322 98.65762410806437, -170.075 98.636, -170.952 98.304, -171.868 98.099, -172.804 98.025, -173.741 98.084, -174.66 98.275, -175.542 98.594, -176.371 99.033, -176.92050648885586 99.37641484588704, -178.083 98.141, -179.446 96.172, -180.5 94.021, -181.221 91.738, -181.595 89.372, -181.611 86.977, -181.271 84.606), (-157.411 61.713, -157.442 61.567, -157.45 61.418, -157.435 61.269, -157.399 61.124, -157.341 60.986, -157.264 60.858, -153.778 55.975, -153.682 55.86, -153.571 55.761, -153.445 55.679, -153.309 55.617, -153.166 55.576, -153.017 55.557, -152.868 55.56, -152.721 55.586, -152.579 55.633, -152.446 55.701, -152.324 55.787, -152.217 55.891, -152.126 56.01, -152.054 56.141, -152.002 56.281, -151.972 56.428, -151.964 56.577, -151.979 56.726, -152.015 56.871, -152.073 57.009, -152.15 57.137, -155.636 62.02, -155.731 62.135, -155.843 62.234, -155.968 62.316, -156.104 62.378, -156.248 62.419, -156.396 62.438, -156.546 62.435, -156.693 62.409, -156.835 62.362, -156.968 62.294, -157.09 62.208, -157.197 62.104, -157.288 61.985, -157.36 61.854, -157.411 61.713), (-160.19 83.594, -160.006 83.495, -159.808 83.426, -159.603 83.386, -159.394 83.378, -159.186 83.401, -158.984 83.455, -158.792 83.538, -158.614 83.649, -158.455 83.785, -158.318 83.943, -158.207 84.12, -158.122 84.311, -158.068 84.513, -158.044 84.721, -158.051 84.93, -158.089 85.136, -158.158 85.334, -158.255 85.519, -158.379 85.688, -158.527 85.836, -158.695 85.961, -158.88 86.059, -159.077 86.129, -159.282 86.168, -159.492 86.176, -159.7 86.153, -159.902 86.1, -160.094 86.017, -160.271 85.906, -160.43 85.77, -160.567 85.611, -160.679 85.434, -160.763 85.243, -160.818 85.041, -160.842 84.833, -160.834 84.624, -160.796 84.418, -160.727 84.221, -160.63 84.035, -160.506 83.867, -160.359 83.718, -160.19 83.594), (-191.779 -60.02, -192.216 -62.375, -192.296 -64.769, -192.019 -67.148, -191.39 -69.459, -190.424 -71.651, -189.142 -73.674, -187.573 -75.483, -185.752 -77.039, -183.719 -78.305, -181.52 -79.255, -179.204 -79.866, -176.823 -80.125, -174.43 -80.026, -172.078 -79.572, -169.821 -78.773, -167.707 -77.645, -165.786 -76.216, -164.099 -74.516, -162.684 -72.583, -161.573 -70.462, -160.79 -68.198, -160.354 -65.843, -160.273 -63.449, -160.55 -61.07, -161.179 -58.759, -162.145 -56.567, -163.427 -54.544, -164.996 -52.735, -166.818 -51.179, -168.85 -49.913, -171.049 -48.963, -173.365 -48.352, -175.746 -48.093, -178.139 -48.192, -180.491 -48.646, -182.749 -49.446, -184.862 -50.573, -186.784 -52.002, -188.471 -53.702, -189.886 -55.635, -190.997 -57.757, -191.779 -60.02), (-162.796 95.567, -162.988 95.483, -163.166 95.373, -163.324 95.237, -163.461 95.078, -163.573 94.901, -163.657 94.71, -163.712 94.508, -163.736 94.3, -163.729 94.091, -163.69 93.885, -163.622 93.687, -163.524 93.502, -163.4 93.334, -163.253 93.185, -163.085 93.061, -162.9 92.962, -162.703 92.893, -162.497 92.853, -162.288 92.845, -162.08 92.868, -161.878 92.922, -161.686 93.005, -161.508 93.116, -161.35 93.252, -161.213 93.41, -161.101 93.587, -161.017 93.778, -160.962 93.98, -160.938 94.188, -160.945 94.397, -160.984 94.603, -161.052 94.801, -161.15 94.986, -161.274 95.155, -161.421 95.303, -161.589 95.428, -161.774 95.526, -161.971 95.595, -162.177 95.635, -162.386 95.643, -162.594 95.62, -162.796 95.567), (-168.648 -90.401, -168.723 -90.53, -168.779 -90.669, -168.813 -90.814, -168.825 -90.963, -168.814 -91.112, -168.782 -91.258, -168.728 -91.398, -168.654 -91.527, -165.3 -96.502, -165.207 -96.62, -165.098 -96.722, -164.975 -96.807, -164.841 -96.872, -164.698 -96.917, -164.55 -96.94, -164.401 -96.941, -164.253 -96.919, -164.11 -96.876, -163.975 -96.812, -163.851 -96.728, -163.741 -96.627, -163.647 -96.511, -163.572 -96.382, -163.517 -96.243, -163.482 -96.098, -163.471 -95.949, -163.481 -95.8, -163.513 -95.654, -163.567 -95.514, -163.641 -95.384, -166.995 -90.409, -167.088 -90.292, -167.197 -90.19, -167.32 -90.105, -167.454 -90.04, -167.597 -89.995, -167.745 -89.972, -167.894 -89.971, -168.042 -89.992, -168.185 -90.036, -168.32 -90.1, -168.444 -90.183, -168.554 -90.284, -168.648 -90.401), (-169.275 80.531, -169.07 80.492, -168.861 80.484, -168.653 80.507, -168.451 80.56, -168.259 80.643, -168.081 80.754, -167.922 80.89, -167.785 81.049, -167.673 81.226, -167.589 81.417, -167.535 81.619, -167.511 81.827, -167.518 82.036, -167.556 82.242, -167.625 82.439, -167.722 82.625, -167.846 82.793, -167.994 82.942, -168.162 83.066, -168.347 83.165, -168.544 83.234, -168.749 83.274, -168.958 83.282, -169.166 83.259, -169.369 83.205, -169.561 83.122, -169.738 83.011, -169.897 82.875, -170.034 82.717, -170.146 82.54, -170.23 82.349, -170.285 82.147, -170.308 81.939, -170.301 81.73, -170.263 81.524, -170.194 81.326, -170.097 81.141, -169.973 80.972, -169.825 80.824, -169.657 80.699, -169.473 80.601, -169.275 80.531), (-167.72259865578494 118.07780844935189, -167.72260255701576 118.07781530286549, -167.726 118.072, -167.72259865578494 118.07780844935189), (-169.071 -25.115, -168.982 -25.004, -168.911 -24.88, -168.857 -24.748, -168.823 -24.609, -168.809 -24.467, -168.815 -24.325, -168.842 -24.185, -168.888 -24.05, -169.020461556829 -23.811759789875875, -169.05966834170852 -23.765351758793972, -169.1052311046512 -23.71702761627901, -169.16929999999982 -23.660896460177142, -169.21914040255285 -23.62164162984776, -169.32252278589854 -23.554890799656054, -169.3492755905511 -23.54199212598429, -169.4563538083538 -23.493884520884514, -169.47295161290324 -23.487806451612897, -169.60868181818182 -23.450363636363637, -169.6101976284585 -23.449974967061923, -169.75011627906972 -23.4322519379845, -169.7653442054129 -23.43114156835531, -169.8513534303534 -23.433419958419957, -169.92095079086118 -23.43680316344464, -170.06 -23.462, -170.203 -23.51, -170.199 -23.519, -171.92343729281035 -24.250106469906196, -171.36879485359367 -26.188074863706806, -169.418 -25.361, -169.291 -25.296, -169.175 -25.213, -169.071 -25.115), (-169.41277118827333 -25.369367253663135, -169.41277118827333 -25.369367253663132, -169.418 -25.361, -169.41277118827333 -25.369367253663135), (-170.803 -44.2, -170.661 -44.246, -170.514 -44.272, -170.364 -44.275, -170.216 -44.255, -170.072 -44.214, -169.936 -44.152, -169.811 -44.07, -169.7 -43.971, -169.604 -43.856, -169.527 -43.728, -169.47 -43.59, -169.434 -43.445, -169.419 -43.296, -169.428 -43.147, -169.458 -43, -169.51 -42.86, -171.42780407180902 -38.66787699687898, -173.2948419802668 -39.39487105595526, -171.329 -43.692, -171.256 -43.823, -171.166 -43.942, -171.058 -44.045, -170.936 -44.132, -170.803 -44.2), (-169.825 -22.44, -169.93352602282215 -22.44790036181464, -169.93352602282212 -22.44790036181464, -169.825 -22.44), (-169.841 -6.481, -172.3990366288844 -13.731949929061484, -172.3990366288844 -13.731949929061486, -169.841 -6.481), (-172.928 92.184, -173.04 92.007, -173.124 91.815, -173.179 91.613, -173.203 91.406, -173.196 91.196, -173.157 90.991, -173.089 90.793, -172.991 90.608, -172.867 90.439, -172.72 90.291, -172.552 90.166, -172.367 90.068, -172.17 89.998, -171.964 89.959, -171.755 89.951, -171.547 89.974, -171.345 90.027, -171.153 90.11, -170.975 90.221, -170.816 90.357, -170.68 90.516, -170.568 90.693, -170.484 90.884, -170.429 91.086, -170.405 91.294, -170.412 91.503, -170.451 91.709, -170.519 91.906, -170.617 92.092, -170.741 92.26, -170.888 92.409, -171.056 92.533, -171.241 92.632, -171.438 92.701, -171.644 92.741, -171.853 92.749, -172.061 92.726, -172.263 92.672, -172.455 92.589, -172.632 92.478, -172.791 92.342, -172.928 92.184), (-172.1172959232486 -16.432237364757896, -172.11738897257155 -16.43236091358113, -172.115 -16.438, -170.8395000000167 -19.446499999960604, -172.1172959232486 -16.432237364757896), (-173.07160869565217 -16.013652173913037, -173.04179999999997 -15.987155555555509, -172.96505700712592 -15.911833729216188, -172.9389770491803 -15.881508196721269, -172.86852914798212 -15.788609865470912, -172.8529999999999 -15.763374999999826, -172.7965454545455 -15.65909090909102, -172.788725 -15.643450000000014, -172.74640322580646 -15.525612903225833, -172.72935714285714 -15.457428571428482, -172.71363931469793 -15.37988728584313, -172.7068427672956 -15.310465408805085, -172.702 -15.206, -172.71232913669067 -15.102708633093478, -172.791 -14.843, -172.856 -14.716, -172.938 -14.599, -173.036 -14.496, -173.148 -14.407, -173.271 -14.335, -173.404 -14.282, -173.542 -14.248, -173.684 -14.234, -173.827 -14.24, -173.967 -14.266, -174.102 -14.313, -176.35588047705195 -15.268165495434218, -175.1203616529221 -16.916872011430762, -173.321 -16.154, -173.317 -16.163, -173.18825929018797 -16.09670814196247, -173.1626666666664 -16.07933333333315, -173.07160869565217 -16.013652173913037), (-172.74278406044357 -14.95693492566415, -172.7429160165839 -14.956427936282834, -172.791 -14.843, -172.74278406044357 -14.95693492566415), (-172.78756805120167 -14.833271879372338, -172.78756805120167 -14.83327187937233, -172.791 -14.843, -172.78756805120167 -14.833271879372338), (-177.706 118.539, -177.543 118.408, -177.362 118.302, -177.168 118.225, -176.964 118.177, -176.755 118.16, -176.547 118.175, -176.342 118.22, -176.147 118.296, -175.965 118.399, -175.801 118.529, -175.658 118.682, -175.539 118.854, -175.447 119.042, -175.385 119.241, -175.352 119.448, -175.351 119.657, -175.381 119.865, -175.442 120.065, -175.532 120.254, -175.649 120.427, -175.79 120.581, -175.953 120.713, -176.134 120.818, -176.328 120.896, -176.532 120.944, -176.74 120.96, -176.949 120.946, -177.153 120.9, -177.349 120.825, -177.53 120.721, -177.695 120.592, -177.838 120.439, -177.957 120.267, -178.048 120.079, -178.111 119.879, -178.143 119.672, -178.145 119.463, -178.114 119.256, -178.054 119.056, -177.964 118.867, -177.847 118.693, -177.706 118.539), (-175.89944641449657 137.52923622687982, -177.1735274720776 135.3494036448151, -177.00394060109966 135.28269282865276, -175.59359213808355 137.38111897090192, -175.624 137.397, -175.89944641449657 137.52923622687982), (-176.11040993788822 137.63051552795034, -176.12599543899617 137.63744241733164, -176.20425265127867 137.66879456487828, -175.9375192449127 137.54751421917123, -176.11040993788822 137.63051552795034), (-177.7082703680591 138.2629523393634, -177.55711245758818 138.21021570528433, -177.6634960883579 138.2481808559598, -177.68739356868144 138.25630793428843, -177.7082703680591 138.2629523393634), (-180.565 128.631, -180.475 128.442, -180.358 128.269, -180.217 128.115, -180.054 127.983, -179.873 127.878, -179.679 127.8, -179.475 127.753, -179.266 127.736, -179.058 127.751, -178.854 127.796, -178.658 127.871, -178.477 127.975, -178.312 128.105, -178.169 128.257, -178.05 128.43, -177.959 128.618, -177.896 128.817, -177.864 129.024, -177.862 129.233, -177.892 129.44, -177.953 129.641, -178.043 129.83, -178.16 130.003, -178.301 130.157, -178.464 130.289, -178.645 130.394, -178.839 130.472, -179.043 130.519, -179.252 130.536, -179.46 130.521, -179.665 130.476, -179.86 130.401, -180.041 130.297, -180.206 130.167, -180.349 130.015, -180.468 129.842, -180.559 129.654, -180.622 129.455, -180.655 129.248, -180.656 129.039, -180.626 128.832, -180.565 128.631), (-179.4798493769626 -19.5600086564964, -179.3971141868512 -19.564763552479814, -179.39711418685124 -19.56476355247981, -179.4798493769626 -19.5600086564964), (-180.13019920318757 138.86749402390444, -179.86270711089048 138.82065688712092, -179.87640342724382 138.82388266047056, -179.88279196217405 138.8250555555554, -180.13019920318757 138.86749402390444), (-185.817 95.79, -185.674 95.746, -185.526 95.725, -185.377 95.726, -185.229 95.75, -185.087 95.795, -184.952 95.86, -184.83 95.945, -184.721 96.048, -184.628 96.165, -184.554 96.295, -184.501 96.435, -184.469 96.581, -184.458 96.73, -184.471 96.879, -184.505 97.024, -184.56 97.163, -187.201 102.551, -187.277 102.68, -187.371 102.796, -187.481 102.897, -187.605 102.98, -187.74 103.044, -187.883 103.087, -188.031 103.108, -188.181 103.107, -188.328 103.084, -188.471 103.039, -188.605 102.973, -188.728 102.888, -188.837 102.786, -188.929 102.668, -189.003 102.538, -189.057 102.399, -189.089 102.253, -189.099 102.104, -189.087 101.955, -189.052 101.809, -188.997 101.671, -186.356 96.283, -186.281 96.154, -186.187 96.038, -186.076 95.937, -185.952 95.853, -185.817 95.79), (-185.248 -27.037, -185.088 -26.902, -184.95 -26.745, -184.837 -26.569, -184.751 -26.378, -184.695 -26.177, -184.669 -25.969, -184.675 -25.76, -184.711 -25.554, -184.778 -25.356, -184.874 -25.17, -184.997 -25, -185.143 -24.851, -185.31 -24.725, -185.494 -24.625, -185.691 -24.554, -185.896 -24.513, -186.105 -24.503, -186.313 -24.524, -186.516 -24.576, -186.709 -24.658, -186.887 -24.767, -187.047 -24.902, -187.185 -25.059, -187.298 -25.235, -187.384 -25.426, -187.44 -25.628, -187.466 -25.835, -187.46 -26.044, -187.423 -26.25, -187.356 -26.449, -187.26 -26.635, -187.138 -26.804, -186.992 -26.954, -186.825 -27.08, -186.641 -27.179, -186.444 -27.251, -186.239 -27.292, -186.03 -27.302, -185.821 -27.28, -185.619 -27.228, -185.426 -27.147, -185.248 -27.037), (-185.904 118.385, -186.108 118.432, -186.316 118.449, -186.525 118.435, -186.729 118.389, -186.924 118.314, -187.106 118.21, -187.27 118.081, -187.414 117.928, -187.532 117.756, -187.624 117.568, -187.687 117.368, -187.719 117.161, -187.72 116.952, -187.69 116.745, -187.63 116.545, -187.54 116.356, -187.423 116.182, -187.281 116.028, -187.118 115.897, -186.938 115.791, -186.743 115.714, -186.54 115.666, -186.331 115.649, -186.122 115.664, -185.918 115.709, -185.723 115.785, -185.541 115.888, -185.377 116.018, -185.234 116.17, -185.115 116.343, -185.023 116.531, -184.96 116.73, -184.928 116.937, -184.927 117.146, -184.957 117.353, -185.018 117.554, -185.107 117.743, -185.224 117.916, -185.366 118.07, -185.529 118.202, -185.709 118.307, -185.904 118.385), (-185.3120624321393 138.8921216069489, -185.34665995352543 138.88709837335384, -185.39057931602647 138.87992088998791, -185.49509195246895 138.8610399574919, -185.50019233465795 138.85991259640096, -185.3120624321393 138.8921216069489), (-187.56177455716593 138.364794417606, -187.63919607517 138.33913387660084, -187.40695738354847 138.41080673934576, -187.51971389645766 138.3781389645777, -187.56177455716593 138.364794417606), (-190.198 126.944, -190.23 126.737, -190.231 126.528, -190.201 126.321, -190.141 126.12, -190.051 125.931, -189.934 125.758, -189.792 125.604, -189.63 125.472, -189.449 125.367, -189.255 125.289, -189.051 125.242, -188.842 125.225, -188.633 125.239, -188.429 125.285, -188.234 125.36, -188.052 125.464, -187.888 125.594, -187.745 125.746, -187.626 125.918, -187.534 126.106, -187.472 126.306, -187.439 126.513, -187.438 126.722, -187.468 126.929, -187.529 127.129, -187.619 127.318, -187.736 127.492, -187.877 127.646, -188.04 127.777, -188.221 127.883, -188.415 127.96, -188.619 128.008, -188.827 128.025, -189.036 128.01, -189.24 127.965, -189.435 127.889, -189.617 127.786, -189.781 127.656, -189.925 127.504, -190.043 127.331, -190.135 127.143, -190.198 126.944), (-190.353 -36.356, -190.156 -36.428, -189.951 -36.469, -189.742 -36.479, -189.534 -36.457, -189.331 -36.405, -189.139 -36.324, -188.96 -36.214, -188.8 -36.079, -188.662 -35.922, -188.549 -35.746, -188.463 -35.555, -188.407 -35.354, -188.382 -35.146, -188.387 -34.937, -188.424 -34.731, -188.491 -34.533, -188.587 -34.347, -188.709 -34.177, -188.856 -34.028, -189.023 -33.902, -189.207 -33.802, -189.403 -33.731, -189.609 -33.69, -189.818 -33.68, -190.026 -33.701, -190.229 -33.753, -190.421 -33.835, -190.599 -33.944, -190.759 -34.079, -190.898 -34.236, -191.011 -34.412, -191.096 -34.603, -191.153 -34.805, -191.178 -35.012, -191.173 -35.221, -191.136 -35.427, -191.069 -35.626, -190.973 -35.812, -190.851 -35.981, -190.704 -36.131, -190.537 -36.257, -190.353 -36.356), (-189.23364233278969 137.73590048939636, -189.23839370078795 137.73376377952732, -189.2328325722984 137.73621207508876, -189.23364233278969 137.73590048939636), (-190.02170318226533 137.36349070349502, -189.95310630407783 137.3977156983937, -190.01544313497382 137.36704597759288, -190.02170318226533 137.36349070349502), (-191.59106318956862 136.4550591775327, -191.75279569892234 136.3450107526898, -191.52394614747294 136.49933885666954, -191.5255767441859 136.49831627906985, -191.59106318956862 136.4550591775327), (-193.8615237529687 134.64196437054673, -193.65000616617863 134.84176198550938, -193.70165769644825 134.7951130247574, -193.75217360114758 134.74829985652818, -193.8615237529687 134.64196437054673), (-195.416 -23.579, -195.207 -23.589, -194.998 -23.568, -194.796 -23.516, -194.603 -23.434, -194.425 -23.325, -194.265 -23.19, -194.127 -23.033, -194.013 -22.857, -193.928 -22.666, -193.872 -22.464, -193.846 -22.257, -193.852 -22.047, -193.888 -21.841, -193.955 -21.643, -194.051 -21.457, -194.174 -21.288, -194.32 -21.138, -194.487 -21.012, -194.671 -20.912, -194.868 -20.841, -195.073 -20.8, -195.282 -20.79, -195.49 -20.811, -195.693 -20.863, -195.886 -20.945, -196.064 -21.055, -196.224 -21.189, -196.362 -21.347, -196.475 -21.523, -196.561 -21.714, -196.617 -21.915, -196.643 -22.123, -196.637 -22.332, -196.6 -22.538, -196.533 -22.736, -196.437 -22.922, -196.315 -23.092, -196.169 -23.241, -196.002 -23.367, -195.818 -23.467, -195.621 -23.538, -195.416 -23.579), (-196.265 -55.847, -196.123 -55.894, -195.976 -55.919, -195.827 -55.922, -195.678 -55.903, -195.535 -55.862, -195.399 -55.799, -195.274 -55.718, -195.162 -55.618, -195.067 -55.503, -194.989 -55.375, -194.932 -55.237, -194.896 -55.092, -194.882 -54.943, -194.89 -54.794, -194.92 -54.648, -194.972 -54.508, -197.468 -49.051, -197.54 -48.921, -197.631 -48.802, -197.739 -48.698, -197.861 -48.611, -197.994 -48.544, -198.136 -48.497, -198.283 -48.472, -198.433 -48.469, -198.581 -48.488, -198.724 -48.529, -198.86 -48.592, -198.985 -48.673, -199.097 -48.773, -199.193 -48.888, -199.27 -49.016, -199.327 -49.154, -199.363 -49.299, -199.377 -49.448, -199.369 -49.597, -199.339 -49.743, -199.287 -49.883, -196.791 -55.34, -196.719 -55.47, -196.628 -55.589, -196.521 -55.693, -196.399 -55.78, -196.265 -55.847), (-194.94801016223929 133.49281137457655, -194.94962846803432 133.49087575391974, -194.94712425137394 133.49375231766373, -194.94801016223929 133.49281137457655), (-195.2221346704878 133.16493696274986, -195.27014118507623 133.1055142648142, -195.348355704697 133.0048873974658, -195.21134520547983 133.17784200913195, -195.2221346704878 133.16493696274986), (-196.10322939560965 -71.09429986286175, -196.10322939560945 -71.09429986286223, -196.10322939560962 -71.09429986286177, -196.10322939560984 -71.09429986286126, -196.10322939560965 -71.09429986286175), (-200.35 -31.509, -200.313 -31.715, -200.246 -31.913, -200.15 -32.099, -200.028 -32.269, -199.881 -32.418, -199.714 -32.544, -199.53 -32.644, -199.333 -32.715, -199.128 -32.756, -198.919 -32.766, -198.711 -32.745, -198.508 -32.693, -198.316 -32.611, -198.137 -32.502, -197.977 -32.367, -197.839 -32.21, -197.726 -32.034, -197.64 -31.843, -197.584 -31.641, -197.559 -31.434, -197.564 -31.224, -197.601 -31.018, -197.668 -30.82, -197.764 -30.634, -197.886 -30.465, -198.033 -30.315, -198.2 -30.189, -198.384 -30.089, -198.58 -30.018, -198.786 -29.977, -198.995 -29.967, -199.203 -29.988, -199.405 -30.04, -199.598 -30.122, -199.776 -30.232, -199.936 -30.366, -200.075 -30.524, -200.188 -30.7, -200.273 -30.891, -200.33 -31.092, -200.355 -31.3, -200.35 -31.509), (-198.57265462880665 -16.58618233636842, -198.57265462880665 -16.586182336368417, -199.191 -14.095, -198.57265462880665 -16.58618233636842), (-198.97800840623776 -16.80282967759992, -198.8229332928648 -16.706554256131987, -199.65729440102342 -14.334378509206523, -199.95709479218104 -14.49428151007479, -198.97800840623776 -16.80282967759992), (-199.464 135.794, -200.11961135638512 134.78954204906563, -200.11961135638535 134.78954204906526, -199.464 135.794), (-201.17994708074525 -15.18660484472043, -200.98807256004142 -15.066357690342686, -201.1191111111115 -15.147252525252771, -201.15836423841063 -15.172231788079493, -201.17994708074525 -15.18660484472043), (-203.702 124.525, -203.29143663848444 127.41521294120498, -203.2914366384845 127.41521294120474, -203.702 124.525), (-203.72607743576177 124.11605480410651, -203.688 121.474, -203.72607743576177 124.11605480410657, -203.72607743576177 124.11605480410651), (-204.4922641727725 -18.02933397608909, -204.5328855932207 -18.075355932203788, -204.63819178082227 -18.199039653929752, -204.46529332629893 -17.999852545502286, -204.4922641727725 -18.02933397608909), (-205.556 -49.347, -205.29481497670218 -49.919212941203675, -205.29481497670213 -49.919212941203774, -205.556 -49.347), (-205.90064373716666 -19.875216632444033, -205.93253064516145 -19.92550806451637, -205.847308550641 -19.797232593525383, -205.86956728852394 -19.82762402927791, -205.90064373716666 -19.875216632444033), (-206.22097697368415 -20.3876842105262, -206.14905565260793 -20.267007237334614, -206.15675033288966 -20.27914314247695, -206.17228213166155 -20.30479937304089, -206.22097697368415 -20.3876842105262), (-207.18666666666698 -22.257888888889575, -207.19041193181786 -22.266413825756835, -207.1956637950576 -22.27911199274492, -207.1508684210532 -22.17947368421173, -207.18666666666698 -22.257888888889575), (-207.36256424474914 -22.68265063871276, -207.3637005265185 -22.685936132870875, -207.33873267326814 -22.62502970297226, -207.36256424474914 -22.68265063871276), (-207.43774054054055 -34.39303595769683, -207.55098101265818 -34.092702531645635, -207.53642857142827 -34.1340000000008, -207.49207865168572 -34.25473033707782, -207.43898004042444 -34.39022334512382, -207.43774054054055 -34.39303595769683), (-207.72959464093472 -33.573338829299125, -207.7169561920808 -33.61376663858486, -207.67447349823334 -33.74225088339185, -207.67036438011337 -33.753911894272825, -207.73554028172927 -33.55145924987844, -207.72959464093472 -33.573338829299125), (-208.08820759032278 -24.98463274130763, -208.056020282557 -24.845790879843378, -208.0638718582613 -24.876236918006068, -208.07541942235227 -24.924320217663524, -208.08500734333197 -24.96734700354761, -208.08820759032278 -24.98463274130763), (-208.16714285714284 -31.929610389610524, -208.1417213930348 -32.05556218905483, -208.14023925667826 -32.062192799070985, -208.13203420614497 -32.092386862418756, -208.16714285714284 -31.929610389610524), (-208.3783103448276 -26.570057471264697, -208.39142280945754 -26.685155771905137, -208.3629232749111 -26.468475487191913, -208.3678471199653 -26.49507102641796, -208.3783103448276 -26.570057471264697), (-208.48747022713323 -29.490192756291886, -208.4999652198108 -29.23981232609879, -208.49926809543066 -29.267547917508708, -208.4952385786802 -29.36315736040621, -208.48747022713323 -29.490192756291886), (-208.5087732336765 -28.844152446763506, -208.50942558414633 -28.86342497360704, -208.50629019607842 -28.988168627451635, -208.5087732336765 -28.844152446763506), (-212.39539510291024 -35.27986751469127, -213.0214744526445 -33.00917332138167, -213.0214744526445 -33.00917332138168, -212.39539510291027 -35.27986751469122, -212.39539510291024 -35.27986751469127), (-212.8627738515901 -23.639056537102473, -212.8627738515901 -23.639056537102476, -212.819 -23.65, -212.8627738515901 -23.639056537102473)), ((-26.082144796380078 4.686167420814542, -26.081 4.694, -26.075473684210586 4.724526315789139, -26.074 4.733, -26.073794976344615 4.733799178286878, -26.06 4.81, -26.036 4.939, -26.008 5.083, -25.969 5.278, -25.92 5.513, -25.863 5.775, -25.799 6.056, -25.733 6.33, -25.598 6.855, -25.446 7.401, -25.359 7.691, -25.287 7.926, -25.222 8.131, -25.149 8.352, -25.13454293026035 8.394985687359236, -25.133 8.401, -25.109 8.473, -25.10547694389993 8.481408553470875, -25.074 8.575, -25.015 8.746, -24.966 8.885, -24.932 8.98, -24.29 10.594, -23.953239137732602 11.23147921062726, -23.648 11.96, -23.61 12.033, -22.96185526583825 13.10814208596457, -22.44 14.096, -22.0369581327556 14.64236088086257, -21.661 15.266, -21.611 15.337, -20.774626898355596 16.353568726048795, -20.089 17.283, -19.643015503875986 17.728984496124014, -19.216 18.248, -19.152 18.316, -18.158729241877243 19.213270758122757, -17.288 20.084, -16.816742901893353 20.43189601216159, -16.364 20.844, -16.286 20.905, -15.544 21.463, -15.310457430285075 21.625958087409497, -15.285 21.66, -15.183 21.761, -15.069 21.847, -14.943 21.916, -14.837863113706886 21.955718379266287, -14.783 21.994, -14.123387035871612 22.420211453744496, -14.102 22.436, -14.085233135032004 22.444864743517783, -14.003 22.498, -13.166 22.998, -13.038994016391436 22.998017730836747, -10.601 24.287, -6.862 25.596, -2.971 26.333, 0.987 26.482, 4.923 26.039, 8.749 25.014, 12.379 23.431, 13.061897959183677 23.002, 13.159 23.002, 13.997 22.502, 14.776 21.998, 14.890237606074141 21.918393479231803, 14.894 21.917, 15.02 21.848, 15.135 21.762, 15.180261984808864 21.716289876727682, 15.538 21.467, 15.70538967268621 21.341344949209947, 15.733 21.324, 15.821294778243617 21.25433801687103, 16.28 20.91, 16.358 20.848, 16.499847932708033 20.718979535444323, 17.093 20.251, 17.169 20.186, 17.259 20.109, 17.362 20.021, 17.504 19.896, 17.693 19.728, 17.886 19.554, 18.103 19.353, 18.317 19.15, 18.736 18.741, 19.132 18.336, 19.186625000000042 18.27849999999996, 19.211 18.253, 19.211974765974755 18.25181603581605, 19.341 18.116, 19.508 17.935, 19.653 17.776, 19.808 17.603, 19.964 17.427, 20.082 17.291, 20.178 17.178, 20.243 17.102, 21.32 15.739, 21.446398588344454 15.537854073697696, 21.606 15.344, 21.657 15.272, 22.705661750296528 13.53391037079057, 23.427 12.386, 23.502320281422246 12.213499923304255, 23.607 12.04, 23.644 11.967, 24.465961425614708 10.006548911683666, 25.012 8.756, 25.050440094937347 8.61251531392167, 25.106 8.48, 25.131 8.408, 25.716679816172068 6.125653681293328, 26.037 4.93, 26.047594261206626 4.836107167008813, 26.072 4.741, 26.085 4.672, 26.381351820102843 1.8781432159804412, 26.481 0.995, 26.47945155803151 0.9533079366579207, 26.485 0.901, 26.487 0.836, 26.3358856819468 -2.912227692888211, 26.334 -2.963, 26.333086470831606 -2.967830781961116, 26.328 -3.017, 25.625 -6.755, 25.611 -6.806, 25.602723249345996 -6.830023252099695, 25.598 -6.855, 25.341542717725194 -7.5880992189797425, 24.37 -10.408, 24.352 -10.451, 24.31500585062133 -10.522519208353861, 24.29 -10.594, 23.71563110437531 -11.681264795933878, 22.599 -13.84, 22.577 -13.875, 22.50055369735754 -13.981373487488593, 22.44 -14.096, 21.59379594776319 -15.243108598247009, 20.347 -16.978, 20.324 -17.005, 20.198081074965874 -17.13513041858093, 20.089 -17.283, 19.038348314606743 -18.333651685393257, 17.663 -19.755, 17.641 -19.775, 17.450040000000012 -19.921959999999988, 17.288 -20.084, 16.097254912814783 -20.96304345419323, 14.603 -22.113, 14.584 -22.126, 14.327308194914583 -22.269670786428406, 14.102 -22.436, 12.804263255622095 -23.122121312151815, 11.234 -24.001, 11.218 -24.008, 10.896885957809992 -24.13056329394279, 10.601 -24.287, 8.975 -24.934, 8.864 -24.974, 8.741 -25.017, 8.602 -25.065, 8.414 -25.129, 8.185 -25.204, 7.93 -25.285, 7.654 -25.37, 7.63398330038437 -25.375952921818772, 7.626 -25.379, 7.615 -25.382, 7.609646711324426 -25.38319056912285, 7.385 -25.45, 6.862 -25.596, 6.314 -25.737, 6.019 -25.807, 5.779 -25.862, 5.569 -25.908, 5.341 -25.956, 5.111 -26.003, 4.934 -26.037, 4.788 -26.064, 4.69 -26.082, 4.042207871144203 -26.176587448716, 3.856 -26.218, 3.85 -26.219, 3.6533329435400823 -26.23336906990776, 2.971 -26.333, 1.5655511588741273 -26.385908508673005, 0.004 -26.5, -0.4968316315212647 -26.46354747678036, -0.987 -26.482, -2.3481579746272248 -26.328800563323206, -3.843 -26.22, -3.848 -26.219, -4.387788278872034 -26.099238514344435, -4.923 -26.039, -6.193901099697765 -25.698520745637687, -7.607 -25.385, -7.619 -25.381, -8.186639762107053 -25.164658453695836, -8.749 -25.014, -9.907423561324231 -24.50882520727927, -11.211 -24.012, -11.227 -24.004, -11.800509165299834 -23.68327300036649, -12.379 -23.431, -13.411925611582642 -22.782110833749368, -14.578 -22.13, -14.597 -22.117, -15.159626256582092 -21.684196325993305, -15.733 -21.324, -16.622871944887674 -20.558585669781934, -17.635 -19.78, -17.657 -19.76, -18.18387991961146 -19.215900488725808, -18.736 -18.741, -19.474009244200975 -17.883606907472398, -20.319 -17.011, -20.342 -16.984, -20.817824891169597 -16.322409317611793, -21.32 -15.739, -21.89136847058475 -14.829745855780413, -22.573 -13.882, -22.595 -13.847, -22.996964629313652 -13.070342001856348, -23.427 -12.386, -23.836290816762176 -11.448633649938987, -24.349 -10.458, -24.367 -10.415, -24.665468408214323 -9.549633866360889, -25.012 -8.756, -25.265303359422052 -7.810498874976807, -25.609 -6.814, -25.623 -6.763, -25.805254108313562 -5.795033933260782, -26.037 -4.93, -26.13999409435342 -4.017203240358761, -26.327 -3.024, -26.333 -2.966, -26.374782200020388 -1.936367213783286, -26.481 -0.995, -26.448496471209022 -0.1198369594918927, -26.487 0.829, -26.485 0.893, -26.370790554246494 1.9724080700162112, -26.334 2.963, -26.087613305542263 4.64875244310808, -26.086 4.664, -26.082144796380078 4.686167420814542), (21.775 -0.722, 21.885803689064545 -0.8175204216073695, 21.936567010309325 -0.8503917525773488, 22.01702085435587 -0.9005206861755791, 22.057976945245006 -0.91899711815564, 22.1516331638639 -0.9595150567070774, 22.204414634146353 -0.9754634146341497, 22.298113122171944 -1.0007873303167418, 22.353516129032258 -1.008866935483871, 22.445505404236922 -1.0191552096843925, 22.49953958944281 -1.0195278592375365, 22.599672131147543 -1.0156010928961745, 22.646976744186038 -1.009031007751939, 22.741255605381166 -0.9914322869955158, 22.807832635983267 -0.971934728033472, 22.880296275395033 -0.946447516930023, 22.94315629228688 -0.9185622462787522, 23.016828046744568 -0.8798163606010068, 23.07557199211046 -0.842564102564097, 23.134798298906436 -0.7990996354799539, 23.195676822633303 -0.7470761697497235, 23.248175979983316 -0.6940909090909145, 23.291473161033796 -0.6454373757455288, 23.3459350237718 -0.571824088748002, 23.378928571428567 -0.5215089285714327, 23.415639097744354 -0.4526766917293351, 23.44882352941177 -0.381411764705872, 23.47223776223776 -0.3135104895104954, 23.49299187652315 -0.246421608448419, 23.513025751072973 -0.1421072961372714, 23.518 -0.112, 23.520088709677417 -0.0776854838710106, 23.523524530587522 0.027450635978175, 23.521060572687222 0.0682819383260153, 23.510060000000006 0.1666399999999688, 23.503086956521734 0.2084782608695845, 23.477543478260866 0.3029891304347969, 23.462222446507877 0.3529648768671647, 23.41768085106382 0.4551914893617198, 23.40332967032967 0.4862857142857149, 23.343514285714292 0.5822857142857032, 23.321747967479673 0.6157723577235787, 23.225 0.728, 23.109 0.828, 22.979 0.909, 22.838 0.971, 22.69 1.01, 22.538 1.027, 22.385 1.022, 22.235 0.993, 22.09 0.943, 21.955 0.871, 21.831 0.78, 21.723 0.672, 21.632 0.548, 21.56 0.413, 21.51 0.268, 21.481 0.118, 21.476 -0.035, 21.493 -0.188, 21.533 -0.335, 21.594 -0.476, 21.675 -0.606, 21.775 -0.722), (10.528 -20.209, 10.636962343096222 -20.302933054393296, 10.694044247787696 -20.34018141592926, 10.763961815867619 -20.38374543911752, 10.81225825825829 -20.40694294294296, 10.897975903614448 -20.44490361445783, 10.95835331230284 -20.463687697160886, 11.041348837209318 -20.485558139534888, 11.097999999999963 -20.494999999999994, 11.18825714285716 -20.50502857142857, 11.25124601366742 -20.50681548974943, 11.32723197492161 -20.504332288401255, 11.403220994475156 -20.496190607734803, 11.479801242236 -20.481385093167706, 11.538230918813817 -20.466884297520657, 11.627344262295107 -20.435540983606547, 11.680507204610931 -20.41379250720462, 11.75448477157363 -20.374885786802018, 11.810536918138038 -20.342724719101128, 11.884510805501028 -20.28799607072688, 11.92703999999999 -20.254960000000008, 12.002000000000026 -20.179999999999975, 12.03264041450777 -20.148431088082905, 12.119594479132433 -20.030899769963856, 12.134846473029054 -20.00267219917011, 12.18941626438916 -19.898912736724835, 12.202702355460369 -19.86357173447542, 12.239470982142858 -19.759033482142854, 12.251188679245283 -19.705132075471695, 12.267731617647058 -19.616509191176476, 12.272548780487805 -19.559506097560973, 12.276241887905604 -19.465331858407072, 12.272920634920636 -19.409285714285726, 12.263681318681318 -19.32613186813187, 12.251927710843372 -19.263132530120473, 12.228571428571433 -19.176714285714304, 12.211488372093019 -19.125465116279056, 12.176446764091875 -19.04504175365348, 12.148805807622495 -18.988838475499076, 12.095358208955247 -18.904104477611977, 12.073666666666666 -18.871133333333333, 11.977 -18.759, 11.861 -18.659, 11.732 -18.578, 11.591 -18.516, 11.443 -18.477, 11.291 -18.46, 11.138 -18.465, 10.987 -18.494, 10.843 -18.545, 10.707 -18.616, 10.584 -18.707, 10.476 -18.815, 10.385 -18.939, 10.313 -19.074, 10.263 -19.219, 10.234 -19.369, 10.228 -19.522, 10.246 -19.675, 10.285 -19.823, 10.347 -19.963, 10.428 -20.093, 10.528 -20.209), (-12.018401091405186 -18.813349249658938, -12.058929292929315 -18.86621212121215, -12.108783738753745 -18.933597800733082, -12.150652173913024 -19.00884782608692, -12.180705705705712 -19.06519819819821, -12.207629921259832 -19.136826771653517, -12.234188612099643 -19.213846975088966, -12.245966731898237 -19.268688845401172, -12.26381059602649 -19.361600000000003, -12.268904458598726 -19.447063694267513, -12.271302325581395 -19.508209302325582, -12.266322429906543 -19.57394392523364, -12.256393939393938 -19.65778451178452, -12.245069565217392 -19.71188985507246, -12.223852921423774 -19.792404298186707, -12.202886705202314 -19.853352601156068, -12.164625000000006 -19.93974999999999, -12.145406249999995 -19.978187500000008, -12.091622535211275 -20.06450704225351, -12.064880794701985 -20.104258278145696, -11.972 -20.212, -11.863502752293577 -20.305532110091743, -11.831785997357972 -20.327087186261572, -11.74463542384565 -20.381388697450017, -11.702478190630016 -20.403416801292423, -11.620296160877526 -20.43981170018281, -11.56564905079528 -20.46036275012827, -11.464688524590201 -20.486967213114745, -11.433049999999993 -20.49455, -11.293999999999834 -20.51000000000002, -11.284618453865345 -20.51098753117207, -11.17578456591643 -20.507430868167205, -11.128024419297192 -20.50523138773079, -11.011999999999942 -20.48279999999999, -10.980619047619053 -20.476523809523812, -10.914333333333344 -20.45366666666667, -10.83 -20.423, -10.700708661417316 -20.354044619422567, -10.579 -20.264, -10.503203076922992 -20.188898461538376, -10.467309943266654 -20.152334428187526, -10.379 -20.032, -10.334883495145608 -19.948116504854323, -10.306762289981334 -19.893481020535166, -10.287382978723349 -19.838382978723246, -10.256547866205306 -19.74957785467128, -10.229 -19.602, -10.22361224489796 -19.464612244897967, -10.22307614213198 -19.448314720812185, -10.228400000000002 -19.400399999999983, -10.241 -19.294, -10.265555555555538 -19.201444444444505, -10.28 -19.148, -10.307014285714244 -19.086000000000094, -10.342 -19.007, -10.423 -18.878, -10.523 -18.762, -10.639 -18.662, -10.768 -18.581, -10.909 -18.52, -11.05590402843601 -18.48029620853081, -11.079485207100735 -18.477485207100575, -11.207172527802825 -18.463204388337843, -11.252404255319078 -18.464702127659574, -11.356493190661487 -18.46878404669261, -11.430134146341398 -18.481634146341452, -11.506238805970149 -18.495746268656717, -11.561000000000064 -18.51400000000002, -11.656150442477854 -18.54769911504424, -11.669179104477907 -18.554358208955378, -11.786020468703644 -18.615356274102638, -11.879499999999931 -18.682995934959298, -11.904709946595469 -18.70164719626169, -11.970898336414024 -18.765406654343785, -12.018401091405186 -18.813349249658938), (-22.943156292286883 0.9185622462787512, -23.016828046744568 0.8798163606010068, -23.07557199211046 0.842564102564097, -23.134798298906436 0.7990996354799539, -23.195676822633303 0.7470761697497221, -23.248175979983316 0.6940909090909145, -23.291473161033796 0.6454373757455306, -23.3459350237718 0.571824088748002, -23.378928571428567 0.5215089285714327, -23.415639097744354 0.4526766917293351, -23.44882352941177 0.38141176470587, -23.47223776223776 0.3135104895104954, -23.49299187652315 0.246421608448419, -23.513025751072973 0.1421072961372714, -23.518 0.112, -23.520088709677417 0.0776854838710113, -23.523524530587522 -0.0274506359781774, -23.521060572687222 -0.0682819383260189, -23.510060000000006 -0.1666399999999672, -23.503086956521734 -0.2084782608695845, -23.477543478260866 -0.3029891304347969, -23.462222446507877 -0.3529648768671647, -23.41768085106382 -0.4551914893617198, -23.40332967032967 -0.4862857142857149, -23.343514285714292 -0.5822857142857054, -23.321747967479673 -0.6157723577235787, -23.225 -0.728, -23.109 -0.828, -22.979 -0.909, -22.838 -0.971, -22.69 -1.01, -22.538 -1.027, -22.385 -1.022, -22.235 -0.993, -22.09 -0.943, -21.955 -0.871, -21.831 -0.78, -21.723 -0.672, -21.632 -0.548, -21.56 -0.413, -21.51 -0.268, -21.481 -0.118, -21.476 0.035, -21.493 0.188, -21.533 0.335, -21.594 0.476, -21.675 0.606, -21.775 0.722, -21.88580368906455 0.8175204216073695, -21.93656701030934 0.8503917525773589, -22.01702085435587 0.9005206861755791, -22.057976945244977 0.9189971181556281, -22.1516331638639 0.9595150567070772, -22.204414634146353 0.9754634146341497, -22.298113122171944 1.0007873303167418, -22.353516129032258 1.008866935483871, -22.445505404236922 1.0191552096843925, -22.499539589442815 1.0195278592375365, -22.599672131147543 1.0156010928961745, -22.646976744186038 1.009031007751939, -22.741255605381166 0.9914322869955158, -22.807832635983267 0.971934728033472, -22.880296275395033 0.946447516930023, -22.943156292286883 0.9185622462787512)), ((40.425 27.818, 40.84 27.723, 41.237 27.568, 41.605 27.355, 41.938 27.089, 42.228 26.777, 42.468 26.425, 42.653 26.041, 42.779 25.634, 42.842 25.213, 42.842 24.787, 42.779 24.366, 42.653 23.959, 42.468 23.575, 42.228 23.223, 41.938 22.911, 41.605 22.645, 41.237 22.432, 40.84 22.277, 40.425 22.182, 40 22.15, 39.575 22.182, 39.16 22.277, 38.763 22.432, 38.395 22.645, 38.062 22.911, 37.772 23.223, 37.532 23.575, 37.347 23.959, 37.221 24.366, 37.158 24.787, 37.158 25.213, 37.221 25.634, 37.347 26.041, 37.532 26.425, 37.772 26.777, 38.062 27.089, 38.395 27.355, 38.763 27.568, 39.16 27.723, 39.575 27.818, 40 27.85, 40.425 27.818), (42.17086787369905 24.781567731133695, 42.170867873699045 24.78156773113369, 42.17086787369905 24.78156773113369, 42.17086787369906 24.781567731133695, 42.17086787369905 24.781567731133695), (41.20600409276943 24.11345839017735, 41.20600409276946 24.113458390177385, 41.21155576382381 24.12160965323337, 41.2115557638238 24.121609653233367, 41.20600409276943 24.11345839017735), (40.675 25.765, 40.63829787234117 25.786063829786805, 41 25.577, 40.809 25.688, 40.675 25.765), (41.1487398795214 25.663060197850175, 41.1487398795214 25.66306019785018, 41 25.577, 41.1487398795214 25.663060197850175), (41.042897229973455 25.831399646089974, 40.903 25.72, 41.042897229973455 25.83139964608997, 41.042897229973455 25.831399646089974), (40.65 25.954, 40.760705713111385 26.11580065762433, 40.76070571311138 26.115800657624334, 40.65 25.954), (40.36170212765996 24.054063829787456, 40.44 24.099, 40.57847533632298 24.179358744394683, 40.36170212765996 24.054063829787456), (40.421524663676585 25.91135874439494, 40.367 25.943, 40.18 26.051, 40 26.155, 40.421524663676585 25.91135874439494), (39.578475336323415 24.08864125560506, 39.633 24.057, 39.82 23.949, 40 23.845, 39.578475336323415 24.08864125560506), (39.63829787234031 25.9459361702127, 39.56 25.901, 39.42152466367702 25.820641255605317, 39.63829787234031 25.9459361702127), (39.61250000000001 26.445500000000003, 39.61249999999999 26.4455, 39.61249999999996 26.44549999999999, 39.61249999999999 26.445499999999996, 39.61250000000001 26.445500000000003), (39.39977082771636 26.3709196548935, 39.399770827716374 26.370919654893505, 39.39977082771635 26.3709196548935, 39.39977082771634 26.37091965489349, 39.39977082771636 26.3709196548935), (39.37602302935891 23.47476195995449, 39.376023029358905 23.474761959954492, 39.376023029358905 23.474761959954485, 39.376023029358905 23.47476195995448, 39.37602302935891 23.47476195995449), (39.325 24.235, 39.36170212765909 24.213936170213046, 39 24.423, 39.191 24.312, 39.325 24.235), (39.34927437298324 26.242073925654974, 39.34927437298323 26.242073925654974, 39.35 25.954, 39.34927437298324 26.242073925654974), (38.94150943396227 23.94150943396226, 38.90959292035401 23.9759292035398, 38.90959292035397 23.97592920353983, 38.941509433962246 23.94150943396228, 38.94150943396227 23.94150943396226)), ((-8.575 32.818, -8.16 32.723, -7.763 32.568, -7.395 32.355, -7.062 32.089, -6.772 31.777, -6.532 31.425, -6.347 31.041, -6.221 30.634, -6.158 30.213, -6.158 29.787, -6.221 29.366, -6.347 28.959, -6.532 28.575, -6.772 28.223, -7.062 27.911, -7.395 27.645, -7.763 27.432, -8.16 27.277, -8.575 27.182, -9 27.15, -9.425 27.182, -9.84 27.277, -10.237 27.432, -10.605 27.645, -10.938 27.911, -11.228 28.223, -11.468 28.575, -11.653 28.959, -11.779 29.366, -11.842 29.787, -11.842 30.213, -11.779 30.634, -11.653 31.041, -11.468 31.425, -11.228 31.777, -10.938 32.089, -10.605 32.355, -10.237 32.568, -9.84 32.723, -9.425 32.818, -9 32.85, -8.575 32.818), (-7.957102770026543 30.831399646089974, -8.097 30.72, -7.957102770026542 30.831399646089974, -7.957102770026543 30.831399646089974), (-8.325 30.765, -8.361702127659088 30.786063829786954, -8 30.577, -8.191 30.688, -8.325 30.765), (-8.63829787233978 29.054063829787605, -8.56 29.099, -8.42152466367753 29.179358744394385, -8.63829787233978 29.054063829787605), (-8.578475336322903 30.91135874439464, -8.633 30.943, -8.82 31.051, -9 31.155, -8.578475336322903 30.91135874439464), (-9.421524663677097 29.08864125560536, -9.367 29.057, -9.18 28.949, -9 28.845, -9.421524663677097 29.08864125560536), (-9.172 31.142, -9.190868555930958 31.04467797467191, -9.190868555930956 31.04467797467191, -9.172 31.142), (-9.057182129859168 31.38098138087452, -9.05718212985917 31.38098138087452, -9.172 31.142, -9.057182129859168 31.38098138087452), (-9.361702127660367 30.94593617021231, -9.44 30.901, -9.57847533632247 30.820641255605615, -9.361702127660367 30.94593617021231), (-9.675 29.235, -9.63829787234065 29.213936170212893, -10 29.423, -9.809 29.312, -9.675 29.235), (-10.206004092769456 30.886541609822626, -10.206004092769437 30.88654160982265, -10.206004092769422 30.88654160982267, -10.206004092769442 30.886541609822647, -10.206004092769456 30.886541609822626), (-10.412860415556736 30.493331379861488, -10.412860415556732 30.4933313798615, -10.412860415556741 30.493331379861477, -10.412860415556736 30.493331379861488)), ((40.425 50.318, 40.84 50.223, 41.237 50.068, 41.605 49.855, 41.938 49.589, 42.228 49.277, 42.468 48.925, 42.653 48.541, 42.779 48.134, 42.842 47.713, 42.842 47.287, 42.779 46.866, 42.653 46.459, 42.468 46.075, 42.228 45.723, 41.938 45.411, 41.605 45.145, 41.237 44.932, 40.84 44.777, 40.425 44.682, 40 44.65, 39.575 44.682, 39.16 44.777, 38.763 44.932, 38.395 45.145, 38.062 45.411, 37.772 45.723, 37.532 46.075, 37.347 46.459, 37.221 46.866, 37.158 47.287, 37.158 47.713, 37.221 48.134, 37.347 48.541, 37.532 48.925, 37.772 49.277, 38.062 49.589, 38.395 49.855, 38.763 50.068, 39.16 50.223, 39.575 50.318, 40 50.35, 40.425 50.318), (41.413947368421056 47.010192982456154, 41.412860415556736 47.006668620138505, 41.41286041555676 47.00666862013857, 41.41394736842107 47.01019298245618, 41.413947368421056 47.010192982456154), (41.39555813705417 46.50746493050102, 41.395558137054174 46.50746493050102, 41.39555813705417 46.50746493050103, 41.39555813705416 46.50746493050103, 41.39555813705417 46.50746493050102), (41.329066722972996 46.81261317567572, 41.32906672297298 46.8126131756757, 41.32448607461901 46.803074093536495, 41.32448607461903 46.80307409353653, 41.329066722972996 46.81261317567572), (41.273633543099656 46.99142505906212, 41.27363354309966 46.99142505906211, 41.27363354309967 46.99142505906211, 41.273633543099656 46.99142505906212), (40.809 48.188, 40.675 48.265, 40.638297872340026 48.286063829787466, 41 48.077, 40.809 48.188), (40.361702127659505 46.5540638297872, 40.44 46.599, 40.57847533632431 46.67935874439545, 40.361702127659505 46.5540638297872), (40 48.655, 40.421524663676564 48.411358744394946, 40.367 48.443, 40.18 48.551, 40 48.655), (40 46.345, 39.578475336323436 46.588641255605054, 39.633 46.557, 39.82 46.449, 40 46.345), (39.421524663675974 48.32064125560471, 39.638297872340395 48.44593617021275, 39.56 48.401, 39.421524663675974 48.32064125560471), (39.361702127659925 46.71393617021256, 39 46.923, 39.191 46.812, 39.325 46.735, 39.361702127659925 46.71393617021256)), ((-9 67.85, -8.575 67.818, -8.16 67.723, -7.763 67.568, -7.395 67.355, -7.062 67.089, -6.772 66.777, -6.532 66.425, -6.347 66.041, -6.221 65.634, -6.158 65.213, -6.158 64.787, -6.221 64.366, -6.347 63.959, -6.532 63.575, -6.772 63.223, -7.062 62.911, -7.395 62.645, -7.763 62.432, -8.16 62.277, -8.575 62.182, -9 62.15, -9.425 62.182, -9.84 62.277, -10.237 62.432, -10.605 62.645, -10.938 62.911, -11.228 63.223, -11.468 63.575, -11.653 63.959, -11.779 64.366, -11.842 64.787, -11.842 65.213, -11.779 65.634, -11.653 66.041, -11.468 66.425, -11.228 66.777, -10.938 67.089, -10.605 67.355, -10.237 67.568, -9.84 67.723, -9.425 67.818, -9 67.85), (-7.957102770026542 65.83139964608998, -7.957102770026546 65.83139964608998, -8.097 65.72, -7.957102770026542 65.83139964608998), (-8.191 65.688, -8.325 65.765, -8.36170212766065 65.78606382978785, -8 65.577, -8.191 65.688), (-8.097 64.28, -8.003844167066726 64.20582035525683, -8.003844167066722 64.20582035525683, -8.097 64.28), (-8.421524663677076 64.17935874439465, -8.638297872339818 64.05406382978758, -8.56 64.099, -8.421524663677076 64.17935874439465), (-9 66.155, -8.578475336322924 65.91135874439465, -8.633 65.943, -8.82 66.051, -9 66.155), (-9 63.845, -9.42152466367783 64.0886412556058, -9.367 64.057, -9.18 63.949, -9 63.845), (-9.172 66.142, -9.05718212985916 66.38098138087453, -9.057182129859168 66.38098138087453, -9.172 66.142), (-9.34 63.897, -9.3617810710677 63.82653182889862, -9.361781071067698 63.82653182889862, -9.34 63.897), (-9.361702127660182 65.94593617021242, -9.44 65.901, -9.578475336322924 65.82064125560535, -9.361702127660182 65.94593617021242), (-9.809 64.312, -9.675 64.235, -9.638297872339818 64.21393617021242, -10 64.423, -9.809 64.312), (-9.824598393574297 63.894630522088356, -9.785 64.154, -9.824598393574298 63.894630522088356, -9.824598393574297 63.894630522088356), (-10.075 64.578, -10.26499400838826 64.2997944877172, -10.264994008388259 64.2997944877172, -10.075 64.578), (-10.409413541559642 65.32194893660743, -10.409413541559644 65.32194893660743, -10.126 65.257, -10.409413541559642 65.32194893660743), (-10.20600409276947 65.88654160982261, -10.206004092769524 65.88654160982253, -10.206004092769462 65.88654160982261, -10.206004092769408 65.8865416098227, -10.20600409276947 65.88654160982261), (-10.206729068662453 64.11452283890915, -10.206004092769437 64.11345839017734, -10.206004092769435 64.11345839017734, -10.206729068662453 64.11452283890915), (-10.264307523177008 63.065785094181386, -10.264307523177012 63.06578509418138, -10.26430752317701 63.06578509418138, -10.264307523177004 63.065785094181386, -10.264307523177008 63.065785094181386)), ((-34.518 70.481, -34.093 70.464, -33.674 70.384, -33.273 70.242, -32.897 70.042, -32.554 69.788, -32.254 69.487, -32.002 69.143, -31.804 68.766, -31.664 68.364, -31.586 67.945, -31.571 67.519, -31.62 67.096, -31.731 66.685, -31.902 66.295, -32.13 65.935, -32.409 65.613, -32.732 65.336, -33.093 65.11, -33.484 64.94, -33.896 64.831, -34.319 64.785, -34.745 64.802, -35.163 64.882, -35.565 65.023, -35.941 65.223, -36.283 65.477, -36.584 65.779, -36.836 66.123, -37.034 66.5, -37.174 66.902, -37.252 67.321, -37.267 67.746, -37.218 68.17, -37.107 68.581, -36.935 68.971, -36.708 69.331, -36.429 69.653, -36.106 69.93, -35.744 70.156, -35.353 70.325, -34.942 70.434, -34.518 70.481), (-35.317118721461675 68.14070776255527, -35.233 68.451, -35.291 68.238, -35.317118721461675 68.14070776255527), (-34.117 68.747, -34.332 68.691, -34.535 68.637, -34.656 68.605, -34.856 68.551, -35.049 68.5, -35.233 68.451, -34.117 68.747), (-33.303 67.929, -33.459 68.086, -33.567 68.195, -33.661 68.289, -33.818 68.447, -33.971 68.601, -34.117 68.747, -33.303 67.929), (-33.413 67.52, -33.35819402985092 67.72454371002067, -33.438309345794316 67.42777102803767, -33.413 67.52), (-33.506 67.176, -33.49460500544087 67.21923394994496, -33.5168209083118 67.13693916024032, -33.506 67.176), (-34.95445205479415 66.75360273972566, -34.867 66.665, -34.72 66.518, -34.95445205479415 66.75360273972566), (-35.177 66.977, -35.12750000000121 66.92750000000122, -35.218566591422146 67.01901354401808, -35.177 66.977), (-35.535 67.337, -35.44439999999946 67.67120000000196, -35.481 67.537, -35.535 67.337), (-35.379 67.18, -35.33125000000006 67.13225000000007, -35.535 67.337, -35.379 67.18), (-35.3991949685539 67.83794968553295, -35.346928143711985 68.03074850299618, -35.366 67.961, -35.3991949685539 67.83794968553295)), ((-58.809 71.007, -58.42 71.181, -58.01 71.296, -57.587 71.348, -57.161 71.336, -56.742 71.261, -56.338 71.125, -55.96 70.93, -55.614 70.68, -55.31 70.382, -55.054 70.042, -54.851 69.667, -54.706 69.267, -54.623 68.849, -54.602 68.424, -54.646 68, -54.752 67.587, -54.918 67.195, -55.141 66.832, -55.416 66.507, -55.736 66.225, -56.094 65.995, -56.483 65.821, -56.893 65.706, -57.316 65.654, -57.742 65.666, -58.161 65.741, -58.564 65.877, -58.943 66.073, -59.288 66.322, -59.593 66.62, -59.849 66.96, -60.052 67.335, -60.197 67.736, -60.28 68.153, -60.3 68.579, -60.257 69.002, -60.151 69.415, -59.984 69.807, -59.762 70.17, -59.487 70.496, -59.167 70.777, -58.809 71.007), (-56.305 68.642, -56.438 68.819, -56.531 68.942, -56.611 69.048, -56.745 69.226, -56.79289762340152 69.28925411334706, -56.305 68.642), (-56.39133003300304 68.43852145214582, -56.386 68.451, -56.305 68.642, -56.39133003300304 68.43852145214582), (-56.847 69.485, -56.862247075339255 69.8035836268256, -56.86224707533926 69.8035836268256, -56.847 69.485), (-56.70646796007835 69.71326751235891, -56.706467960078356 69.71326751235891, -56.847 69.485, -56.70646796007835 69.71326751235891), (-57 69.564, -57.221 69.537, -57.36097247706656 69.51958715596301, -57 69.564), (-57.09025000000097 67.53787499999987, -57.24272274143289 67.51911526479752, -57.184 67.526, -57.09025000000097 67.53787499999987), (-57.516823529413784 69.50041176470563, -57.553 69.496, -57.759 69.471, -57.90749238578646 69.45234517766502, -57.516823529413784 69.50041176470563), (-57.902 67.438, -57.682 67.465, -57.66198230088556 67.46753097345125, -57.902 67.438), (-57.96385123966945 67.0951570247934, -57.96385123966951 67.09515702479342, -57.982756929637596 67.10157782515995, -57.98275692963752 67.10157782515991, -57.96385123966945 67.0951570247934), (-58.597 68.36, -58.146 69.423, -58.233 69.22, -58.293 69.078, -58.345 68.955, -58.432 68.75, -58.516 68.551, -58.597 68.36), (-58.292 67.954, -58.20292783505144 67.83721649484522, -58.4214099848711 68.12705900151245, -58.372 68.061, -58.292 67.954), (-58.47719584647739 69.59111251314407, -58.477195846477464 69.591112513144, -58.43801988636348 69.62542045454559, -58.43801988636321 69.62542045454583, -58.47719584647739 69.59111251314407), (-58.4504119489119 66.22204040930528, -58.450411948911906 66.22204040930527, -58.4504119489119 66.22204040930527, -58.45041194891189 66.22204040930528, -58.4504119489119 66.22204040930528), (-58.53637541163549 67.47015587266732, -58.528997150996936 67.46291595441573, -58.528997150996986 67.46291595441579, -58.536375411635504 67.47015587266733, -58.53637541163549 67.47015587266732), (-58.62804018912531 69.4262647754137, -58.628040189125336 69.42626477541366, -58.59509411764695 69.46538823529424, -58.595094117646866 69.46538823529436, -58.62804018912531 69.4262647754137)), ((40.84 72.723, 41.237 72.568, 41.605 72.355, 41.938 72.089, 42.228 71.777, 42.468 71.425, 42.653 71.041, 42.779 70.634, 42.842 70.213, 42.842 69.787, 42.779 69.366, 42.653 68.959, 42.468 68.575, 42.228 68.223, 41.938 67.911, 41.605 67.645, 41.237 67.432, 40.84 67.277, 40.425 67.182, 40 67.15, 39.575 67.182, 39.16 67.277, 38.763 67.432, 38.395 67.645, 38.062 67.911, 37.772 68.223, 37.532 68.575, 37.347 68.959, 37.221 69.366, 37.158 69.787, 37.158 70.213, 37.221 70.634, 37.347 71.041, 37.532 71.425, 37.772 71.777, 38.062 72.089, 38.395 72.355, 38.763 72.568, 39.16 72.723, 39.575 72.818, 40 72.85, 40.425 72.818, 40.84 72.723), (40.675 70.765, 40.638297872340026 70.78606382978747, 41 70.577, 40.809 70.688, 40.675 70.765), (40.44 69.099, 40.578475336323436 69.17935874439495, 40.36170212765996 69.05406382978745, 40.44 69.099), (40.421524663676564 70.91135874439495, 40.367 70.943, 40.18 71.051, 40 71.155, 40.421524663676564 70.91135874439495), (39.578475336323436 69.08864125560505, 39.633 69.057, 39.82 68.949, 40 68.845, 39.578475336323436 69.08864125560505), (39.63829787233846 70.94593617021164, 39.56 70.901, 39.42152466367845 70.82064125560615, 39.63829787233846 70.94593617021164), (39 69.423, 39.191 69.312, 39.325 69.235, 39.361702127659925 69.21393617021256, 39 69.423)))