MULTIPOLYGON (((-127.253 11.586, -124.513 20.21, -124.5 20.251, -124.487 20.291, -124.474 20.332, -124.461 20.373, -125.838 19.818, -130.028 18.132, -141.367 13.568, -130.257 18.672, -113.439 26.398, -93.809 35.415, -82.72478008887794 40.50668056047995, -150.641 82.952, -151.399 83.505, -152.073 84.159, -152.647 84.901, -153.11 85.717, -153.454 86.59, -153.671 87.503, -153.758 88.438, -153.907 90.058, -154.284 91.641, -154.88 93.154, -155.683 94.569, -156.678 95.855, -157.845 96.989, -159.16 97.947, -160.597 98.709, -162.128 99.261, -163.72 99.592, -165.344 99.694, -166.966 99.567, -168.553 99.211, -170.075 98.636, -170.952 98.304, -171.868 98.099, -172.804 98.025, -173.741 98.084, -174.66 98.275, -175.542 98.594, -176.371 99.033, -191.801 108.676, -193.813 110.149, -195.479 111.794, -195.587 111.9, -196.954 113.708, -197.086 113.892, -198.278 116.081, -199.137 118.422, -199.644 120.863, -199.779 122.822, -199.789 123.351, -199.646 125.235, -199.569 125.834, -199.171 127.604, -198.987 128.259, -198.366 129.882, -198.058 130.572, -197.245 132.022, -196.8 132.724, -196.304 133.392, -195.961 133.827, -195.604 134.25, -195.24 134.669, -194.849 135.062, -194.452 135.449, -194.043 135.822, -193.413 136.365, -192.746 136.861, -192.291 137.178, -191.827 137.48, -191.358 137.776, -190.87 138.039, -190.378 138.294, -189.878 138.534, -189.119 138.871, -188.336 139.152, -187.809 139.324, -187.277 139.479, -186.743 139.627, -186.2 139.737, -185.655 139.839, -185.107 139.924, -184.282 140.027, -183.452 140.07, -182.898 140.082, -182.344 140.077, -181.79 140.063, -181.238 140.011, -180.687 139.952, -180.138 139.874, -179.318 139.734, -178.511 139.534, -177.977 139.386, -177.449 139.22, -176.922 139.047, -176.409 138.838, -175.646 138.507, -175.147 138.266, -174.652 138.017, -161.65110478120536 130.92653814848325, -155.14 127.376, -151.681 125.489, -151.711 125.479, -151.801 125.447, -151.947 125.397, -152.113 125.34, -152.287 125.279, -152.482 125.212, -152.716 125.131, -152.958 125.047, -154.062 124.665, -154.85 124.392, -153.188 120.212, -152.005 119.492, -111.533 94.831, -102.982 97.791, -102.942 97.805, -102.901 97.819, -102.861 97.833, -102.821 97.847, -103.457 98.234, -104.05276649745137 98.59750253806463, -104.1177758620736 98.63711206896834, -104.716 99.001, -105.338 99.38, -107.945 100.969, -118.383 107.329, -106.17332002752883 100.67028527185111, -105.314 100.202, -91.401 92.614, -72.436 82.271, -45.37730064171414 67.51313585748746, -37.223 63.066, -25.874 56.876, -25.704776992936473 56.7692428217595, -25.298 56.539, -25.14400448711254 56.44584222059895, -24.913 56.32, -24.769784209744344 56.22780915917118, -24.697 56.186, -24.510129403907133 56.06066421773249, -24.085 55.787, -23.999823170203143 55.71986140835846, -23.729 55.541, -23.678272848986044 55.50273057688523, -23.625 55.467, -23.54891419033581 55.40918053783553, -23.509 55.384, -23.166 55.13, -23.009448342222406 54.99815802496284, -22.597 54.687, -22.29230089529005 54.424817049435624, -22.102 54.276, -21.63577754010701 53.85990160427813, -21.58812439582805 53.81889773594507, -21.554 53.792, -21.522 53.762, -21.484900976042592 53.72524593738117, -21.423 53.67, -21.362307341258628 53.61332672263224, -21.351 53.604, -21.31774643478273 53.571716869565336, -21.272 53.529, -21.040316763616495 53.302383395028464, -20.837 53.105, -20.80995980839764 53.07706406706091, -20.769 53.037, -20.747686602209974 53.01452900552489, -20.741 53.008, -20.734018804493356 53.00011886735721, -20.662679675304563 52.92490508897925, -20.354 52.606, -20.34363554940896 52.594592446244555, -20.339 52.59, -20.327362057972376 52.57668115160129, -20.212838009450653 52.45063112817481, -20.143 52.377, -20.096629267811327 52.322726860074994, -19.887 52.092, -19.437 51.564, -19.42876592946071 51.548297818971584, -19.342 51.449, -19.248 51.332, -19.234175938126594 51.3134008593526, -19.21 51.285, -19.185416277109677 51.251887935039576, -19.174 51.239, -18.652 50.555, -18.533237708937463 50.37346202650425, -18.498 50.326, -18.4692918026204 50.284312032528554, -18.255 49.996, -18.179020848486626 49.87721108999953, -18.149 49.839, -17.560282051282194 48.90861538461561, -17.496 48.808, -17.49211385285312 48.80088528531252, -17.477 48.777, -17.41282638633264 48.66082075655545, -17.375 48.603, -16.943 47.823, -16.872176841623645 47.67007471076543, -16.71 47.369, -16.622532015448986 47.17659710105623, -16.548 47.037, -16.107 46.054, -16.080549498318362 45.98440080194116, -16.054 45.926, -16.01034199971154 45.809153149325425, -15.976 45.735, -15.651 44.871, -15.618108762490383 44.75981331667945, -15.541 44.553, -15.442462387131046 44.223352788527215, -15.373 44.032, -15.126 43.168, -15.084243766122094 42.98816981943249, -15.048 42.864, -15.021861654877453 42.74423885507487, -15.007 42.694, -14.803 41.762, -14.794548002272299 41.70272902859308, -14.773 41.604, -14.689232354048478 41.069676277765545, -14.651 40.886, -14.553 40.174, -14.527297197412999 39.880480340827454, -14.5 39.689, -14.49128007787546 39.57601472332917, -14.487 39.546, -14.470188784008887 39.302731815658, -14.43 38.782, -14.419 38.576, -14.408609538002981 38.22816691505216, -14.403 38.13, -14.403425286706966 38.05461793119034, -14.398 37.873, -14.398790665685679 37.72909884520649, -14.395 37.669, -14.399 37.13, -14.402427805978569 37.06713931190071, -14.403 36.963, -14.410285618729096 36.83862408026757, -14.411 36.712, -14.445691322901853 36.21145376955897, -14.487 35.529, -14.500133266244967 35.42593430132261, -14.504360940769065 35.36493499747492, -14.505 35.341, -14.509 35.298, -14.576513023217109 34.81813372721977, -14.598011916961905 34.63677126460341, -14.613 34.449, -14.666 34.094, -14.713370210184044 33.845385876752204, -14.714478331308225 33.83750961927903, -14.723 33.752, -14.73423980142456 33.69704985970216, -14.741 33.649, -14.802697707736408 33.362366762177565, -14.975 32.52, -15.021828407323204 32.34433636472418, -15.06 32.167, -15.097 32.022, -15.208841523705376 31.648804957510304, -15.2739281194587 31.406823257116198, -15.299 31.296, -15.35 31.124, -15.455754869417078 30.81444347261007, -15.51 30.622, -15.550492405265679 30.50877743431222, -15.575 30.427, -15.670846879916102 30.172249082328253, -15.873 29.607, -15.974569969356494 29.368701225740534, -16.073 29.108, -16.219373225152125 28.788932048681552, -16.438 28.276, -53.855902184784426 -52.43405380325352, -53.458 -52.331, -52.474636655316864 -52.52860476689367, -52.36199085983863 -52.54563712084914, -51.41671107011071 -52.60642398523985, -51.25351450878919 -52.603833563631575, -51.20349286675636 -52.603039569313594, -50.27718351050882 -52.537429586951234, -50.206789064428484 -52.525557269809916, -49.282906660467205 -52.33341078693478, -49.17416112605836 -52.30644615197532, -48.28278343657258 -51.99117069332961, -48.098491692320216 -51.911563658233256, -47.232 -51.467, -46.787 -51.236, -46.716 -51.205, -46.312 -51.061, -46.167 -51.021, -45.813 -50.947, -45.598 -50.918, -45.305 -50.897, -45.019 -50.898, -44.791 -50.913, -44.444 -50.961, -44.279 -50.995, -43.884 -51.107, -43.754 -51.154, -43.35 -51.333, -43.256 -51.383, -42.855 -51.633, -42.793 -51.678, -42.409 -52.001, -42.558063192449744 -51.87800615510873, -42.376 -52.033, -42.011 -52.442, -41.705 -52.897, -41.464 -53.39, -41.392881171548176 -53.60668368200818, -41.447 -53.433, -41.293 -53.911, -41.275 -53.985, -41.195 -54.45, -41.185 -54.557, -41.172 -54.998, -41.178 -55.136, -41.223 -55.544, -41.254 -55.71, -41.34 -56.046, -41.413 -56.266, -41.518 -56.526, -41.65 -56.794, -41.758 -56.982, -41.961 -57.283, -42.05 -57.398, -42.34 -57.721, -42.392 -57.772, -42.777 -58.1, -43.51988710775377 -58.73650058191877, -43.65131376734259 -58.86436776947706, -44.206029702970305 -59.487356435643576, -44.32784931506849 -59.630929549902156, -44.88727911489865 -60.45985211044782, -44.98359995917537 -60.642182690345024, -45.330163409082665 -61.344774558329355, -45.43042168952403 -61.58937632054091, -45.72383765351366 -62.463618622603576, -45.932 -63.536, -46.20931475064035 -63.90871749284316, -46.32225291723201 -64.08426268656713, -46.535736074270574 -64.47850530503982, -46.55722184300339 -64.52542320819107, -46.737604166666685 -65.01737500000006, -46.75034200972669 -65.05881135694223, -46.85877476217124 -65.57181673195299, -46.86764765031808 -65.63156084547508, -46.90164978213508 -66.15905337690637, -46.90181666346708 -66.19476598195426, -46.85805722326454 -66.74080769230768, -46.85213828125 -66.77547578125002, -46.73465079780275 -67.29445592466656, -46.72493807081197 -67.327278243463, -46.4704801536005 -67.94449277621472, -46.241 -68.353, -46.442636376569325 -69.42395547177857, -46.45647232967554 -69.56182953080192, -46.49930851517016 -70.58365103895487, -46.49031031068202 -70.72905384329734, -46.39716988618564 -71.64439939438248, -46.37013521280418 -71.82340567832573, -46.13931074180174 -72.74587325848297, -46.06567634854771 -72.97625726141081, -45.674 -73.936, -45.563 -74.179, -45.469 -74.429, -45.4647329560527 -74.44441285701656, -45.456 -74.468, -45.353 -74.848, -45.317 -75.026, -45.281 -75.286, -45.26 -75.598, -45.259 -75.729, -45.285 -76.173, -45.352 -76.568, -45.393 -76.738, -45.435 -76.886, -45.545 -77.196, -45.58 -77.282, -45.776 -77.677, -45.844 -77.793, -46.029 -78.071, -46.177 -78.261, -46.325 -78.429, -46.575 -78.677, -46.728 -78.808, -47.028 -79.031, -47.185 -79.131, -47.527 -79.316, -47.679 -79.385, -48.062 -79.527, -48.204 -79.569, -48.622 -79.659, -48.755 -79.678, -48.938 -79.697, -49.121 -79.708, -49.15179420289856 -79.70781449275363, -49.195 -79.71, -49.453 -79.706, -49.784 -79.676, -50.113 -79.618, -50.333 -79.563, -50.435 -79.533, -50.746 -79.423, -50.874 -79.369, -51.046 -79.289, -51.334 -79.129, -51.3541592505856 -79.1156604215456, -51.382 -79.1, -51.603 -78.951, -51.853 -78.755, -52.257 -78.358, -52.99728416547797 -77.63129072753203, -53.136378815080754 -77.51002872531421, -53.995285763577364 -76.88072136153477, -54.022623627338085 -76.86542877200012, -54.912578982517566 -76.39184224273546, -55.13639184528445 -76.29439106881665, -56.06314552151567 -75.95996882386864, -57.21 -75.721, -57.499561600482224 -75.3562170898953, -57.980852721451505 -74.88205620775518, -57.993185287780776 -74.8716532266339, -58.43215874177033 -74.56316020482807, -58.49467778836982 -74.52648236415637, -58.93586688158515 -74.30373777323479, -59.01415872583715 -74.27153471276887, -59.48665471028771 -74.11317067402445, -59.56460747663563 -74.0943364485981, -60.05686223378083 -74.0047565192943, -60.12349035369778 -73.99859163987138, -60.64011722488043 -73.98062200956939, -60.679005649717446 -73.98227683615819, -61.12890376795881 -74.03104201680672, -61.339816752343495 -74.07019352887814, -61.787 -74.185, -62.75212396149286 -73.99106039825925, -62.89248860077202 -73.96980034962489, -63.81302091922396 -73.9114627935627, -67.301 -81.435, -67.755 -82.256, -68.32 -83.005, -68.986 -83.667, -69.738 -84.229, -70.562 -84.678, -71.441 -85.007, -72.357 -85.209, -73.946 -85.558, -75.47 -86.128, -76.898 -86.907, -78.201 -87.88, -79.355 -89.028, -80.335 -90.326, -81.121 -91.75, -81.7 -93.271, -82.057 -94.857, -82.188 -96.479, -82.088 -98.103, -81.76 -99.696, -81.21 -101.227, -80.45 -102.666, -80.012 -103.495, -79.695 -104.379, -79.506 -105.298, -79.448 -106.235, -79.523 -107.17, -79.73 -108.086, -80.063 -108.963, -87.716 -125.47, -88.928 -127.649, -90.352 -129.507, -90.445 -129.627, -92.069 -131.208, -92.235 -131.362, -94.26 -132.817, -96.475 -133.959, -98.834 -134.766, -100.762 -135.143, -101.286 -135.219, -103.172 -135.31, -103.777 -135.308, -105.582 -135.133, -106.255 -135.032, -107.942 -134.617, -108.665 -134.397, -110.205 -133.771, -110.957 -133.416, -111.681 -133.007, -112.155 -132.72, -112.62 -132.418, -113.081 -132.11, -113.519 -131.77, -113.952 -131.425, -114.374 -131.065, -114.991 -130.508, -115.565 -129.907, -115.936 -129.495, -116.294 -129.072, -116.646 -128.643, -116.967 -128.192, -117.282 -127.735, -117.581 -127.269, -118.01 -126.557, -118.386 -125.816, -118.623 -125.314, -118.842 -124.806, -119.055 -124.294, -119.232 -123.768, -119.401 -123.241, -119.553 -122.708, -119.758 -121.902, -119.903 -121.083, -119.984 -120.535, -120.047 -119.984, -120.103 -119.433, -120.12 -118.879, -120.129 -118.325, -120.12 -117.771, -120.083 -116.94, -119.985 -116.114, -119.904 -115.566, -119.806 -115.021, -119.699 -114.477, -119.555 -113.941, -119.321 -113.144, -119.144 -112.619, -118.959 -112.096, -109.38 -87.748, -109.365 -87.777, -109.323 -87.862, -109.255 -88, -109.178 -88.158, -109.096 -88.323, -109.005 -88.509, -108.896 -88.73, -108.782 -88.96, -108.266 -90.008, -107.898 -90.756, -103.956 -88.588, -103.388 -87.325, -85.60379351598422 -47.79641145594436, -90.2717597293695 -40.84637417900565, -90.479 -41.307, -95.494 -52.453, -90.91514694230501 -40.81453781226612, -90.68540358381735 -40.23050849438575, -95.396 -33.217, -95.609 -32.846, -95.767 -32.448, -95.866 -32.031, -95.905 -31.605, -95.883 -31.178, -95.801 -30.758, -95.659 -30.354, -95.462 -29.974, -95.212 -29.626, -94.916 -29.317, -94.579 -29.054, -91.16995040008776 -26.76407384428268, -91.17 -26.764, -86.72843296125377 -23.780602416312764, -89.279 -19.983, -89.259 -19.97, -89.2 -19.93, -88.89451558441351 -19.724745454544056, -88.803 -19.663, -88.73042956825348 -19.614496293067383, -88.12157437458379 -19.205407352195444, -87.95199320036227 -19.09146600181298, -87.892 -19.051, -87.7835154394345 -18.978266033257228, -85.887 -17.704, -85.789 -17.639, -85.73 -17.599, -85.71 -17.586, -83.22936408726989 -21.278926598201686, -75.35194351576706 -1.25621342022841, -141.114 -26.864, -142.011 -27.141, -142.937 -27.29, -143.876 -27.306, -144.807 -27.19, -145.712 -26.944, -146.574 -26.572, -147.375 -26.082, -148.763 -25.233, -150.256 -24.589, -151.826 -24.162, -153.44 -23.96, -155.067 -23.988, -156.673 -24.246, -158.227 -24.727, -159.697 -25.423, -161.055 -26.32, -162.272 -27.399, -163.325 -28.639, -164.192 -30.015, -164.857 -31.5, -165.305 -33.064, -165.564 -33.966, -165.947 -34.823, -166.447 -35.617, -167.055 -36.332, -167.757 -36.955, -168.54 -37.472, -169.389 -37.874, -186.344 -44.476, -188.727 -45.208, -191.041 -45.56, -191.191 -45.583, -193.457 -45.598, -193.684 -45.594, -196.152 -45.24, -198.541 -44.529, -200.801 -43.477, -202.452 -42.413, -202.883 -42.105, -204.306 -40.864, -204.741 -40.443, -205.922 -39.067, -206.337 -38.528, -207.266 -37.059, -207.635 -36.4, -208.312 -34.881, -208.608 -34.104, -208.847 -33.308, -208.99 -32.773, -209.116 -32.233, -209.235 -31.692, -209.316 -31.143, -209.389 -30.594, -209.444 -30.042, -209.502 -29.213, -209.5 -28.381, -209.483 -27.828, -209.447 -27.275, -209.404 -26.722, -209.323 -26.174, -209.234 -25.627, -209.127 -25.083, -208.943 -24.272, -208.7 -23.477, -208.523 -22.952, -208.33 -22.432, -208.128 -21.916, -207.892 -21.415, -207.648 -20.917, -207.388 -20.427, -206.978 -19.704, -206.515 -19.013, -206.194 -18.562, -205.858 -18.121, -205.516 -17.685, -205.145 -17.273, -204.767 -16.867, -204.377 -16.474, -203.775 -15.901, -203.132 -15.373, -202.694 -15.034, -202.245 -14.709, -201.791 -14.39, -201.317 -14.104, -200.596 -13.691, -200.104 -13.435, -199.609 -13.186, -175.832 -2.264, -175.842 -2.295, -175.871 -2.386, -175.917 -2.532, -175.971 -2.7, -176.026 -2.875, -176.089 -3.073, -176.164 -3.308, -176.241 -3.553, -176.595 -4.666, -176.848 -5.46, -172.503 -6.627, -171.219 -6.11, -127.253 11.586), (-125.152 20.095, -125.24897061650485 20.05584422628011, -124.461 20.373, -125.152 20.095), (-53.639 -52.387, -53.44946798029557 -52.33313300492611, -53.458 -52.331, -53.639 -52.387), (-53.85790284132457 -52.438369200097505, -53.857929743836365 -52.43842722855575, -53.75 -52.417, -53.85910902268617 -52.44097092165075, -53.86241922359427 -52.44811099305489, -53.758 -52.444, -53.597 -52.477, -53.743 -52.44, -53.686 -52.426, -53.527 -52.458, -53.382 -52.533, -53.272 -52.639, -53.259 -52.635, -53.254 -52.634, -53.319 -52.556, -53.398 -52.492, -53.488 -52.446, -53.586 -52.419, -53.449 -52.436, -53.601 -52.403, -53.554 -52.39, -53.50993109603711 -52.376696179935735, -53.639 -52.387, -53.85790284132457 -52.438369200097505), (-53.468 -52.557, -53.452 -52.553, -53.597 -52.477, -53.468 -52.557), (-45.915 -63.406, -45.93 -63.519, -46.053 -63.682, -45.932 -63.536, -45.915 -63.406), (-45.944 -63.47, -45.996 -63.571, -46.023 -63.603, -46.053 -63.642, -46.025 -63.488, -46.055 -63.344, -46.057 -63.412, -46.0853362924282 -63.33157493472584, -46.135 -63.233, -46.075 -63.372, -46.064 -63.539, -46.096 -63.7, -46.127 -63.74, -46.107 -63.593, -46.14 -63.758, -46.188 -63.867, -46.242 -63.945, -46.272299309286254 -63.99304604758249, -46.187966834170986 -63.86957889447255, -46.145 -63.805, -46.16091742442868 -63.8299771442616, -46.122 -63.773, -46.17298915401303 -63.85225488069417, -46.053 -63.682, -45.944 -63.47), (-45.974 -63.239, -45.96 -63.407, -45.944 -63.47, -45.974 -63.239), (-46.087 -63.387, -46.152 -63.254, -46.096 -63.397, -46.064 -63.539, -46.087 -63.387), (-46.188 -63.825, -46.206 -63.852, -46.242 -63.945, -46.188 -63.825), (-46.37 -68.144, -46.243 -68.359, -46.249 -68.381, -46.265 -68.445, -46.288 -68.538, -46.241 -68.353, -46.37 -68.144), (-46.456604668674714 -67.97814922927, -46.441 -68.016, -46.37 -68.144, -46.456604668674714 -67.97814922927), (-46.464 -67.972, -46.47990737240063 -67.93771077504752, -46.517459459459374 -67.86214864864883, -46.51 -67.878, -46.495 -67.982, -46.473 -68.026, -46.462 -68.047, -46.45 -68.069, -46.431 -68.105, -46.438 -68.302, -46.426 -68.116, -46.423 -68.294, -46.42 -68.108, -46.41004433497537 -68.16972512315269, -46.411 -68.125, -46.392 -68.177, -46.382 -68.193, -46.367 -68.22, -46.441 -68.016, -46.464 -67.972), (-46.55 -67.793, -46.521 -67.928, -46.508 -67.956, -46.495 -67.982, -46.55 -67.793), (-46.524345903771156 -67.8475149544863, -46.5372405345212 -67.81412595892095, -46.599 -67.681, -46.55 -67.793, -46.524345903771156 -67.8475149544863), (-46.58 -67.802, -46.564 -67.837, -46.549 -67.869, -46.599 -67.681, -46.58 -67.802), (-46.523 -68.46, -46.517 -68.472, -46.438 -68.302, -46.523 -68.46), (-46.523 -68.508, -46.63 -68.614, -46.517 -68.52, -46.489 -68.523, -46.487 -68.479, -46.44849152542371 -68.38754237288131, -46.493 -68.468, -46.517 -68.472, -46.523 -68.508), (-46.438946308724844 -68.3648724832215, -46.415 -68.308, -46.406 -68.359, -46.410031949754234 -68.17030475150194, -46.423 -68.294, -46.438946308724844 -68.3648724832215), (-46.386 -68.393, -46.378 -68.407, -46.367 -68.22, -46.386 -68.393), (-45.667 -73.976, -45.616 -74.115, -45.674 -73.936, -45.667 -73.976), (-45.4627908876139 -74.45142774215324, -45.4362224448898 -74.5473947895791, -45.456 -74.468, -45.4627908876139 -74.45142774215324), (-45.383775555732626 -76.68974249063825, -45.407004750593835 -76.77874109263662, -45.393 -76.738, -45.383775555732626 -76.68974249063825), (-49.169262860936 -79.70770925987388, -49.24252120717771 -79.70726794453508, -49.195 -79.71, -49.169262860936 -79.70770925987388), (-50.28328846153838 -79.5730480769231, -50.36549347812895 -79.55134799490385, -50.333 -79.563, -50.28328846153838 -79.5730480769231), (-50.83796865817822 -79.38192066601373, -50.912297117516594 -79.34872062084258, -50.874 -79.369, -50.83796865817822 -79.38192066601373), (-51.36110402480217 -79.11106499474059, -51.42087595850228 -79.07151330626988, -51.382 -79.1, -51.36110402480217 -79.11106499474059), (-57.021 -75.748, -57.157 -75.728, -57.181 -75.725, -57.199 -75.722, -57.21 -75.721, -57.021 -75.748), (-61.606 -74.129, -61.795 -74.183, -61.82 -74.176, -61.843 -74.149, -61.914 -74.152, -62.13 -74.1, -61.787 -74.185, -61.606 -74.129), (-61.40065924121126 -74.08148764357814, -61.495 -74.099, -61.4324546114742 -74.0855468409586, -61.457 -74.09, -61.390308641975246 -74.07648148148147, -61.23544106463871 -74.04317034220531, -61.291 -74.053, -61.383 -74.073, -61.502 -74.077, -61.667 -74.045, -61.524 -74.082, -61.573 -74.095, -61.734 -74.064, -61.884 -73.991, -61.99 -73.883, -61.925 -73.961, -61.846 -74.024, -61.756 -74.07, -61.658 -74.097, -61.796 -74.081, -61.643 -74.113, -61.69 -74.127, -61.73178696925333 -74.1396149341142, -61.606 -74.129, -61.40065924121126 -74.08148764357814), (-61.391 -74.051, -61.422 -74.058, -61.291 -74.053, -61.391 -74.051), (-61.853 -73.981, -61.964 -73.875, -61.866 -73.985, -61.734 -74.064, -61.853 -73.981), (-109.451 -90.66, -109.74 -90.819, -109.9136294896014 -90.91496975425241, -108.266 -90.008, -109.451 -90.66), (-89.103 -19.865, -88.969 -19.775, -88.91937311703269 -19.741516801853383, -89.2 -19.93, -89.103 -19.865), (-177.901 -4.315, -177.97874910394216 -4.294283154121995, -176.595 -4.666, -177.901 -4.315), (-182.98812435110295 -7.122624549343578, -182.98812435110295 -7.1226245493435805, -176.848 -5.46, -182.98812435110295 -7.122624549343578), (-14.51245183887916 35.298383537653244, -14.51633163831361 35.29881462647929, -14.51813712507977 35.28464574026803, -14.513726926457663 35.29109141517727, -14.51245183887916 35.298383537653244), (-15.07554247273078 32.12006572153657, -15.047731424938505 32.24716845962093, -15.047731424938513 32.247168459620895, -15.075542472730781 32.12006572153657, -15.07554247273078 32.12006572153657), (-21.523925291828792 53.76007470817121, -21.52350853948286 53.75970276130577, -21.523891547749724 53.76010845225028, -21.523925291828792 53.76007470817121), (-45.153543124192645 42.35408959193489, -45.45068406186954 41.798583555256656, -45.70076183768548 41.19225463213802, -45.78742459881299 40.96071290393474, -45.9831012907109 40.410787190976144, -46.14015591527171 39.7724503275651, -46.19837500947759 39.498764424899555, -46.3034257228989 38.958029700025634, -46.364934091993184 38.294363311754644, -46.380381677425994 38.03539929528559, -46.40453672164976 37.46296308852238, -46.36556694857532 36.79465387671703, -46.34423298079883 36.55775130916911, -46.282248990021685 35.9820749948264, -46.143384826475184 35.32077399448442, -46.0854683840749 35.083887587821856, -45.938685261113505 34.52533917781614, -45.70925344763325 33.90956528761338, -45.609018063918484 33.66507580670064, -45.3823736658475 33.13853983622439, -45.06598828395161 32.568173361551395, -44.929067446874 32.33913889744373, -44.625906001290595 31.85154463325446, -44.228142857142906 31.335150375939918, -44.054192267502614 31.123846185997916, -43.68738642993705 30.69351108996739, -43.21656067329763 30.24146595256312, -43.01090005099438 30.05635288118306, -42.58542824215796 29.686705387690427, -42.04898805841809 29.307239913454765, -41.83502697915589 29.166029032754853, -41.34555525625831 28.855111625902385, -40.75719539211344 28.559170137350474, -40.52268721125582 28.45056310373795, -39.99820474837208 28.21844028731903, -39.37503063835667 28.014372709039332, -39.10748881673889 27.936254225932817, -38.56893598637626 27.789104562158283, -37.92476945149543 27.680723761174264, -37.65019490615248 27.643644146678255, -37.088897207165175 27.57783161323904, -36.4241976851786 27.56670879660607, -36.20447933741057 27.569942110084927, -35.596672449255756 27.58987687415426, -34.93403434239959 27.677960347197896, -34.71102970297024 27.71517821782179, -34.12395407685102 27.823008434864096, -33.49865075034101 28.004281036834943, -33.2328986257362 28.09068320542567, -32.70106569603075 28.27398301913165, -32.11449572567472 28.543943425223343, -31.86939294463498 28.666586477217052, -31.35820048139516 28.93356397499966, -30.814151330455168 29.291181551398164, -30.616138246531207 29.430536094912572, -30.133572999282247 29.783164552305767, -29.63461841171809 30.2305649821252, -29.47526313298627 30.382985355208504, -29.05063282960623 30.803217416274816, -28.628224320489053 31.31436720881997, -28.48225857045126 31.503292244153347, -28.123709768276075 31.984703233860007, -27.787664863265576 32.544486749228604, -27.686456875807398 32.72591040806503, -27.38931593813046 33.28141644474335, -27.139238162314452 33.88774536786215, -27.052575401187077 34.119287096065065, -26.856898709289112 34.66921280902381, -26.699844084728248 35.30754967243505, -26.64162499052238 35.58123557510058, -26.536574277101106 36.12197029997431, -26.475065908006815 36.78563668824531, -26.459618322574006 37.044600704714405, -26.43546327835024 37.61703691147768, -26.47443305142468 38.285346123283006, -26.495767019201143 38.522248690830615, -26.55775100997832 39.097925005173614, -26.69661517352484 39.75922600551568, -26.75453161592505 39.99611241217795, -26.901314738886494 40.55466082218386, -27.130746552366748 41.170434712386616, -27.230981936081516 41.414924193299356, -27.45762633415251 41.94146016377563, -27.774011716048406 42.51182663844864, -27.910932553125956 42.7408611025562, -28.214093998709384 43.228455366745514, -28.611857142857126 43.74484962406013, -28.785807732497357 43.95615381400205, -29.152613570062936 44.3864889100326, -29.623439326702346 44.83853404743686, -29.829099949005613 45.02364711881693, -30.254571757842026 45.39329461230957, -30.791011941581967 45.772760086545276, -31.00497302084405 45.91397096724511, -31.494444743741692 46.22488837409762, -32.082804607886565 46.52082986264953, -32.31731278874425 46.629436896262085, -32.8417952516279 46.861559712680965, -33.46496936164332 47.06562729096066, -33.73251118326121 47.14374577406721, -34.27106401362371 47.29089543784171, -34.91523054850473 47.39927623882576, -35.18980509384743 47.436355853321736, -35.7511027928348 47.50216838676096, -36.41580231482145 47.51329120339393, -36.63552066258943 47.510057889915075, -37.243327550744304 47.490123125845734, -37.905965657600255 47.40203965280213, -38.128970297029824 47.3648217821782, -38.716045923149 47.2569915651359, -39.341349249658954 47.075718963165066, -39.607101374263934 46.989316794574286, -40.13893430396922 46.80601698086836, -40.72550427432531 46.536056574776644, -40.97060705536511 46.4134135227829, -41.48179951860484 46.14643602500034, -42.02584866954478 45.78881844860187, -42.223861753468775 45.64946390508744, -42.70642700071776 45.29683544769423, -43.20538158828191 44.849435017874804, -43.36473686701384 44.697014644791395, -43.789367170393774 44.27678258372518, -44.21177567951091 43.76563279118008, -44.3577414295488 43.57670775584657, -44.71629023172392 43.09529676614, -45.05233513673443 42.53551325077139, -45.153543124192645 42.35408959193489), (-39.172 59.731, -41.65375847482884 61.748803626996214, -41.65375851332534 61.74880361367356, -38.80738469181524 59.43402206615708, -38.80726451145943 59.4340337358438, -39.172 59.731), (-40.821 62.037, -54.43278530444083 70.33136720343914, -54.433 70.331, -64.228 76.3, -72.951 81.39, -79.041 84.944, -84.373 88.056, -89.70797299902726 89.42904623305392, -89.708 89.429, -90.108 89.532, -96.165 87.436, -49.533 59.022, -41.654 61.749, -40.821 62.037), (-42.055 11.67, -42.11195294727323 11.687460027631209, -43.347066730616284 11.20650593561363, -43.377 11.148, -43.368 11.144, -45.729 5.629, -45.739 5.633, -45.783 5.508, -45.81 5.379, -45.82 5.247, -45.813 5.115, -45.843 5.111, -45.834 5.049, -45.804 5.054, -45.787 4.98, -45.756 4.88, -45.719 4.794, -45.646 4.669, -45.557 4.555, -45.508 4.505, -45.453 4.456, -45.204 4.316, -45.069 4.269, -44.929 4.242, -44.786 4.235, -44.644 4.249, -44.505 4.283, -44.373 4.336, -44.249 4.407, -44.137 4.495, -44.039 4.598, -43.956 4.715, -43.891 4.842, -41.529 10.357, -41.483 10.492, -41.456 10.632, -41.449 10.775, -41.463 10.917, -41.496 11.056, -41.549 11.188, -41.621 11.312, -41.709 11.424, -41.812 11.522, -41.928 11.605, -42.055 11.67), (-41.995 -55.588, -41.99300734383673 -55.574419281841095, -42.03439469026552 -55.723339823008985, -41.995 -55.588), (-42.111154445165475 -55.9870467229072, -42.18252083866022 -56.1560493479929, -42.119 -56.014, -42.111154445165475 -55.9870467229072), (-42.38323793037127 -56.553004231583074, -42.301 -56.421, -42.28444634448574 -56.383981660470845, -42.38323793037127 -56.553004231583074), (-43.747 -57.816, -43.358 -57.593, -43.76123092783507 -57.82178350515465, -43.747 -57.816), (-43.075 -57.379, -43.04624105691062 -57.35188130081305, -43.358 -57.593, -43.075 -57.379), (-45.182 -56.495, -44.943 -56.478, -44.709 -56.427, -44.486 -56.341, -44.278 -56.223, -44.09 -56.075, -43.926 -55.901, -43.79 -55.704, -43.685 -55.49, -43.613 -55.261, -43.576 -55.025, -43.574 -54.786, -43.608 -54.549, -43.677 -54.32, -43.779 -54.104, -43.913 -53.906, -44.074 -53.729, -44.26 -53.579, -44.466 -53.458, -44.688 -53.369, -44.921 -53.314, -45.159 -53.295, -45.398 -53.311, -45.631 -53.363, -45.855 -53.448, -46.063 -53.566, -46.251 -53.714, -46.414 -53.888, -46.55 -54.085, -46.656 -54.3, -46.728 -54.528, -46.765 -54.764, -46.767 -55.003, -46.733 -55.24, -46.664 -55.469, -46.562 -55.685, -46.428 -55.884, -46.267 -56.06, -46.081 -56.21, -45.875 -56.331, -45.653 -56.42, -45.42 -56.475, -45.182 -56.495), (-44.536 -51.707, -44.56092691622101 -51.70354545454546, -44.177 -51.8, -44.536 -51.707), (-44.94415797086479 -51.65545975823949, -44.70254773869342 -51.6839186557789, -44.904 -51.656, -44.94415797086479 -51.65545975823949), (-45.3787315278187 -51.65354224315573, -45.22414478682975 -51.651693119459686, -45.35 -51.65, -45.3787315278187 -51.65354224315573), (-45.723141554302515 -62.460032556999245, -45.527 -61.825, -45.721 -62.449, -45.723141554302515 -62.460032556999245), (-45.64263811188808 -51.686078671328666, -45.788 -51.704, -45.81029741280272 -51.70991457194063, -45.64263811188808 -51.686078671328666), (-45.67087233445594 4.515841470258253, -45.741 4.546, -45.818674532940136 4.579107177974483, -45.67087233445594 4.515841470258253), (-46.096 -58.01, -45.755 -58.092, -46.11670294893309 -58.002261040517865, -46.096 -58.01), (-46.088047746541754 -76.41118250780922, -46.025 -76.04, -46.02380785973881 -76.00630216861695, -46.088047746541754 -76.41118250780922), (-46.214 -51.817, -46.222804377195345 -51.82064090786274, -46.09451516886107 -51.78530566685752, -46.214 -51.817), (-46.23449061356211 -76.89529690267224, -46.222 -76.868, -46.09760465116271 -76.46322148394218, -46.23449061356211 -76.89529690267224), (-46.312 -64.056, -46.29570731707318 -64.03151219512196, -46.279058823529425 -64.00376470588238, -46.312 -64.056), (-46.269 -63.944, -46.292 -63.98, -46.312 -64.056, -46.269 -63.944), (-46.32379026158123 4.795318468326133, -46.388 4.823, -46.593 4.911, -46.69490812720843 4.954172901181893, -46.32379026158123 4.795318468326133), (-46.5255134943182 -64.45618252840913, -46.398 -64.202, -46.492 -64.383, -46.5255134943182 -64.45618252840913), (-46.365 -64.1, -46.392 -64.145, -46.398 -64.202, -46.365 -64.1), (-46.472 -64.293, -46.499 -64.347, -46.492 -64.383, -46.472 -64.293), (-46.666 -73.751, -46.690598901098895 -73.72192857142858, -46.442154230983014 -74.09138688160091, -46.453 -74.07, -46.666 -73.751), (-46.61698091106289 -51.98431323210411, -46.50862025316505 -51.93883544303818, -46.613 -51.982, -46.61698091106289 -51.98431323210411), (-46.711 -64.849, -46.684 -64.843, -46.686 -64.779, -46.711 -64.849), (-46.562347629796804 -64.53661625282159, -46.59 -64.597, -46.684 -64.843, -46.562347629796804 -64.53661625282159), (-46.581 -64.52, -46.609 -64.583, -46.59 -64.597, -46.581 -64.52), (-46.712 -67.371, -46.715 -67.455, -46.697 -67.506, -46.68 -67.553, -46.712 -67.371), (-46.654 -67.54, -46.718472372697754 -67.34912784398692, -46.712 -67.371, -46.654 -67.54), (-46.646 -67.643, -46.629 -67.687, -46.612 -67.727, -46.654 -67.54, -46.646 -67.643), (-46.765 -67.296, -46.749 -67.351, -46.77 -67.175, -46.781 -67.239, -46.765 -67.296), (-46.799 -65.139, -46.767 -65.113, -46.757 -64.991, -46.779 -65.064, -46.799 -65.139), (-46.834 -65.405, -46.752440817571674 -65.06563880414882, -46.767 -65.113, -46.834 -65.405), (-46.828 -67.058, -46.813 -67.12, -46.822 -66.952, -46.842 -66.994, -46.828 -67.058), (-46.929 -66.332, -46.902 -66.234, -46.931 -66.276, -46.929 -66.332), (-46.892 -66.442, -46.901873088685015 -66.2068409785932, -46.902 -66.234, -46.892 -66.442), (-46.864 -66.706, -46.85928971962617 -66.7335887850467, -46.892 -66.442, -46.864 -66.706), (-46.879 -66.796, -46.868 -66.863, -46.864 -66.706, -46.879 -66.796), (-46.879 -65.708, -46.901 -66.02, -46.86883925233645 -65.63958429906545, -46.879 -65.708), (-47.364 -52.497, -47.186 -52.345, -47.376 -52.507, -47.6678904899131 -52.82005475504275, -47.364 -52.497), (-47.446 -78.408, -47.86154088707385 -78.64376787919083, -47.852 -78.64, -47.446 -78.408), (-47.785 -72.813, -47.80930839694658 -72.80273129770991, -47.457 -73.005, -47.785 -72.813), (-49.27 -77.31, -49.031 -77.294, -48.798 -77.242, -48.574 -77.157, -48.366 -77.038, -48.178 -76.891, -48.015 -76.716, -47.878 -76.52, -47.773 -76.305, -47.701 -76.077, -47.664 -75.841, -47.662 -75.602, -47.696 -75.365, -47.765 -75.136, -47.867 -74.92, -48.001 -74.721, -48.162 -74.545, -48.348 -74.395, -48.554 -74.274, -48.776 -74.185, -49.009 -74.13, -49.247 -74.11, -49.486 -74.126, -49.72 -74.178, -49.943 -74.264, -50.151 -74.382, -50.339 -74.53, -50.503 -74.704, -50.639 -74.901, -50.744 -75.115, -50.816 -75.343, -50.853 -75.58, -50.855 -75.819, -50.821 -76.055, -50.752 -76.284, -50.65 -76.501, -50.516 -76.699, -50.355 -76.876, -50.169 -77.026, -49.963 -77.147, -49.741 -77.236, -49.508 -77.291, -49.27 -77.31), (-47.913377868852386 -53.162677868852356, -47.69774722831567 -52.85207633248357, -47.707 -52.862, -47.913377868852386 -53.162677868852356), (-48.285 -78.811, -47.98796322489334 -78.69369448373386, -48.30688801825038 -78.81619539773855, -48.285 -78.811), (-48.182 -53.673, -48.18466667722021 -53.68122380877001, -48.02924189526164 -53.36307730673275, -48.182 -53.673), (-48.22035213114741 -53.791274754097934, -48.325 -54.114, -48.32761574520888 -54.1298483386185, -48.22035213114741 -53.791274754097934), (-49.701582611386044 -72.4913598391089, -49.354 -72.462, -49.671 -72.486, -49.701582611386044 -72.4913598391089), (-49.962 -72.537, -50.182 -72.594, -50.19000542355379 -72.59669240702482, -49.962 -72.537), (-50.886 -52.598, -50.328 -52.546, -50.28517216060597 -52.53877690613286, -50.886 -52.598), (-50.696 -52.634, -50.514 -52.659, -50.886 -52.598, -50.696 -52.634), (-50.405 -72.669, -50.631 -72.764, -50.639859801488925 -72.7685496277916, -50.405 -72.669), (-50.73009448356747 -54.41248650234701, -51.065 -54.637, -51.275109359104015 -54.778581383519324, -50.73009448356747 -54.41248650234701), (-51.071 -73.012, -51.189 -73.096, -51.303 -73.184, -51.071 -73.012), (-51.47684817097151 -73.33749521436995, -51.508 -73.365, -51.711 -73.578, -51.47684817097151 -73.33749521436995), (-51.494 -78.07, -51.48722152918916 -78.07571469619452, -51.735 -77.815, -51.494 -78.07), (-53.638 -59.736, -53.676 -59.857, -53.696 -59.983, -53.697 -60.11, -53.679 -60.236, -53.642 -60.357, -53.588 -60.472, -53.517 -60.578, -53.432 -60.671, -53.333 -60.751, -53.223 -60.816, -53.105 -60.863, -52.982 -60.892, -52.855 -60.902, -52.728 -60.894, -52.604 -60.866, -52.486 -60.821, -52.375 -60.758, -52.284 -60.687, -52.203 -60.604, -52.134 -60.511, -52.078 -60.41, -52.037 -60.302, -52.01 -60.189, -51.999 -60.074, -52.004 -59.959, -52.025 -59.845, -52.073 -59.706, -52.143 -59.578, -52.235 -59.464, -52.345 -59.368, -52.443 -59.306, -52.548 -59.257, -52.659 -59.224, -52.773 -59.206, -52.889 -59.203, -53.004 -59.216, -53.116 -59.245, -53.223 -59.289, -53.323 -59.347, -53.423 -59.425, -53.51 -59.518, -53.582 -59.622, -53.638 -59.736), (-52.118 -77.256, -52.274581469648574 -76.91494036208731, -52.258 -76.961, -52.118 -77.256), (-52.43465141811528 -76.39255535224153, -52.50005954743946 -75.937542278682, -52.5 -75.951, -52.444 -76.356, -52.43465141811528 -76.39255535224153), (-52.4981600254345 -75.47092412038995, -52.502 -75.499, -52.50046907216495 -75.84498969072192, -52.4981600254345 -75.47092412038995), (-53.114 -52.417, -53.44066666666657 -52.33533333333336, -53.424 -52.34, -53.331 -52.365, -53.114 -52.417), (-57.969 -22.853, -58.194 -22.756, -58.38114081690912 -22.676579263067836, -57.009 -23.264, -57.354 -23.116, -57.547 -23.033, -57.73 -22.955, -57.969 -22.853), (-56.875 -23.31, -56.734 -23.337, -56.592 -23.344, -56.45 -23.33, -56.311 -23.297, -56.179 -23.244, -56.055 -23.172, -55.943 -23.084, -55.845 -22.981, -55.762 -22.865, -55.697 -22.738, -53.335 -17.222, -53.289 -17.087, -53.262 -16.947, -53.255 -16.804, -53.269 -16.662, -53.302 -16.524, -53.355 -16.391, -53.427 -16.268, -53.515 -16.156, -53.618 -16.057, -53.734 -15.974, -53.861 -15.909, -54.135 -15.825, -54.279 -15.819, -54.422 -15.832, -54.508 -15.85, -54.627 -15.889, -54.696 -15.92, -54.801 -15.979, -54.86 -16.02, -54.934 -16.081, -55.034 -16.185, -55.117 -16.303, -55.183 -16.431, -55.174 -16.435, -57.535 -21.951, -57.545 -21.947, -57.589 -22.071, -57.616 -22.201, -57.626 -22.332, -57.619 -22.464, -57.649 -22.468, -57.64 -22.531, -57.61 -22.525, -57.593 -22.599, -57.561 -22.7, -57.524 -22.786, -57.452 -22.911, -57.363 -23.024, -57.314 -23.074, -57.259 -23.123, -57.009 -23.264, -56.875 -23.31), (-54.69978419020564 -15.549964234911434, -54.572 -15.605, -54.32 -15.713, -53.861 -15.909, -54.69978419020564 -15.549964234911434), (-53.258 -77.404, -53.993 -76.882, -53.994722122424676 -76.88103665803592, -53.258 -77.404), (-53.8786196890394 -52.48305524063073, -53.75 -52.515, -53.874231315592795 -52.47358956146907, -53.8786196890394 -52.48305524063073), (-55.219 -15.328, -55.011 -15.417, -54.87846026328587 -15.473483178937249, -55.31634923894626 -15.286047834738003, -55.3822848011362 -15.257824573863706, -55.336 -15.278, -55.219 -15.328), (-56.039 -75.965, -56.057189967222385 -75.96120977625768, -55.406 -76.177, -56.039 -75.965), (-62.307 57.723, -62.704 57.879, -63.073 58.092, -63.38100694143167 58.338035574837306, -63.365 58.256, -63.344 58.184, -63.298 58.073, -63.265 58.009, -63.213 57.927, -63.122 57.816, -63.016 57.718, -62.897 57.637, -62.892 57.646, -57.712 54.618, -57.717 54.609, -57.599 54.55, -57.474 54.507, -57.344 54.481, -57.213 54.471, -57.213 54.441, -57.149 54.442, -57.151 54.473, -57.075 54.48, -56.972 54.499, -56.882 54.525, -56.749 54.581, -56.626 54.655, -56.57 54.698, -56.514 54.747, -56.344 54.977, -56.281 55.105, -56.237 55.24, -56.212 55.381, -56.208 55.524, -56.224 55.665, -56.26 55.803, -56.316 55.935, -56.39 56.057, -56.48 56.168, -56.585 56.264, -56.703 56.345, -59.790423041731934 58.149175588286205, -59.862 58.092, -60.231 57.879, -60.627 57.723, -61.042 57.629, -61.467 57.597, -61.892 57.629, -62.307 57.723), (-56.55 54.674, -56.608 54.631, -56.533447396779735 54.65286876361128, -56.532804035143805 54.65396951034121, -56.514 54.747, -56.55 54.674), (-57.965229508196956 -74.89523497267739, -57.738 -75.096, -57.86 -74.984, -57.965229508196956 -74.89523497267739), (-57.617715203761875 -75.22325109717856, -57.57682105263166 -75.26170526315781, -57.642 -75.192, -57.738 -75.096, -57.617715203761875 -75.22325109717856), (-57.46 -75.342, -57.499 -75.299, -57.522 -75.274, -57.545 -75.249, -57.642 -75.192, -57.46 -75.342), (-57.56731369150777 -75.27078273199939, -57.56562117958031 -75.27271303485881, -57.399 -75.414, -57.426 -75.382, -57.443 -75.362, -57.46 -75.342, -57.56731369150777 -75.27078273199939), (-57.519 -75.325, -57.53982824427453 -75.30212977099266, -57.49721406491485 -75.35073106646074, -57.479 -75.37, -57.447 -75.408, -57.286 -75.554, -57.305 -75.53, -57.143 -75.57, -57.187 -75.543, -57.12791452991449 -75.54236467236467, -57.218 -75.53, -57.009 -75.531, -57.100076225045406 -75.54206533575318, -57.001 -75.541, -56.959 -75.556, -56.952 -75.529, -56.821 -75.459, -56.96 -75.519, -56.994 -75.513, -56.836 -75.442, -57.001 -75.504, -57.179 -75.525, -57.361 -75.46, -57.377 -75.44, -57.216 -75.479, -57.399 -75.414, -57.519 -75.325), (-57.47304638903528 -75.38233948339487, -57.355 -75.522, -57.447 -75.408, -57.47304638903528 -75.38233948339487), (-57.098 -75.63, -57.109 -75.615, -57.119 -75.602, -57.286 -75.554, -57.098 -75.63), (-57.597 -75.194, -57.626 -75.165, -57.656 -75.134, -57.738 -75.096, -57.597 -75.194), (-57.722 -75.071, -57.757 -75.037, -57.794 -75.003, -57.86 -74.984, -57.722 -75.071), (-56.871 54.076, -56.923194453004804 53.98603882896733, -56.82371488033327 54.15624141519202, -56.871 54.076), (-57.06979317773773 53.73521867145448, -57.107 53.672, -57.151899426554735 53.59474062637879, -57.06979317773773 53.73521867145448), (-58.41537004103971 -74.57300957592336, -58.181 -74.727, -58.383 -74.592, -58.41537004103971 -74.57300957592336), (-57.9985336739432 -74.86714166279621, -58.007 -74.86, -58.181 -74.727, -57.9985336739432 -74.86714166279621), (-57.873 -74.933, -57.916 -74.898, -57.96 -74.861, -58.007 -74.86, -57.873 -74.933), (-58.053 -74.787, -58.102 -74.75, -58.154 -74.712, -58.181 -74.727, -58.053 -74.787), (-58.262 -74.637, -58.318 -74.6, -58.376 -74.563, -58.383 -74.592, -58.262 -74.637), (-64.461 19.135, -58.936 21.477, -58.809 21.542, -58.693 21.625, -58.589 21.723, -58.501 21.835, -58.429 21.958, -58.375 22.09, -58.341 22.229, -58.327 22.371, -58.333 22.513, -58.36 22.653, -58.406 22.788, -58.545 23.038, -58.645 23.143, -58.758 23.233, -58.832 23.279, -58.945 23.333, -59.016 23.359, -59.132 23.389, -59.203 23.401, -59.299 23.408, -59.443 23.401, -59.585 23.375, -59.721 23.328, -59.717 23.319, -64.07798991326759 21.4700792221447, -65.14371849206519 19.1012620771958, -65.02 19.071, -64.878 19.056, -64.736 19.063, -64.596 19.089, -64.461 19.135), (-58.602 -22.582, -61.60600000004096 -21.295999999982467, -58.54133333333358 -22.607999999999894, -58.602 -22.582), (-58.708 23.5, -58.602007532957565 23.250372881357997, -58.854555149743824 23.846121256390305, -58.794 23.702, -58.708 23.5), (-58.608 -74.46, -58.855 -74.337, -58.92267767079319 -74.30916276937185, -58.608 -74.46), (-58.972019480519855 24.12321428571518, -58.99692149532655 24.181957009344494, -58.983 24.149, -58.972019480519855 24.12321428571518), (-59.417 -74.13, -59.47824371105465 -74.1152028617586, -59.12 -74.228, -59.417 -74.13), (-60.0470748885587 -74.00566210995542, -59.715 -74.058, -60.011 -74.009, -60.0470748885587 -74.00566210995542), (-59.974 -73.989, -60.052 -73.979, -60.128 -73.972, -60.011 -74.009, -59.974 -73.989), (-68.64364228636406 11.322474606776387, -68.64364228636406 11.322474606776385, -60.21825776167019 12.723199776136932, -68.64364228636406 11.322474606776387), (-60.63074914089353 -73.9802233676976, -60.292 -73.983, -60.555 -73.977, -60.63074914089353 -73.9802233676976), (-60.277 -73.961, -60.35 -73.957, -60.292 -73.983, -60.277 -73.961), (-60.562 -73.955, -60.63 -73.956, -60.555 -73.977, -60.562 -73.955), (-60.59498624754465 47.70380157170847, -60.516 47.839, -60.581 47.728, -60.59498624754465 47.70380157170847), (-61.1 -73.998, -60.994 -74.006, -61.049 -73.99, -61.1 -73.998), (-60.697709090908944 -73.98307272727271, -60.79 -73.987, -60.994 -74.006, -60.697709090908944 -73.98307272727271), (-60.822 -73.967, -60.882 -73.972, -60.79 -73.987, -60.822 -73.967), (-61.24 -74.02, -61.281 -74.028, -61.161 -74.03, -61.24 -74.02), (-61.221481283422555 -74.04070053475938, -61.19393108387429 -74.03649796194692, -61.19039726027398 -74.03595890410959, -61.161 -74.03, -61.221481283422555 -74.04070053475938), (-62.069 45.865, -61.931 45.901, -61.8 45.957, -61.678 46.03, -61.567 46.121, -61.471 46.226, -61.39 46.343, -61.273 46.605, -61.248 46.747, -61.244 46.891, -61.252 46.978, -61.275 47.101, -61.297 47.173, -61.342 47.284, -61.376 47.348, -61.427 47.429, -61.50576926273489 47.524893015503345, -63.807696961036804 46.59840399634332, -62.758 45.985, -62.63 45.922, -62.494 45.877, -62.354 45.853, -62.211 45.849, -62.069 45.865), (-61.665 -12.569, -61.56309187279164 -12.612172901181868, -61.799606021780605 -12.510934657271113, -61.665 -12.569), (-61.74859754224274 58.97621044546852, -61.74859754224272 58.97621044546852, -61.852741935483266 59.00009677419341, -61.852741935483564 59.00009677419347, -61.74859754224274 58.97621044546852), (-61.80901511400652 58.864654071661235, -61.80901511400652 58.86465407166123, -61.80901511400651 58.864654071661235, -61.80901511400651 58.86465407166124, -61.80901511400652 58.864654071661235), (-62.26856750857497 -12.310198939819157, -62.095 -12.385, -61.93977912120378 -12.450934532586006, -62.152289707844915 -12.359970847343659, -62.26856750857497 -12.310198939819157), (-66.446 -19.18, -66.329 -19.263, -66.203 -19.328, -65.929 -19.412, -65.785 -19.419, -65.641 -19.405, -65.556 -19.387, -65.437 -19.348, -65.368 -19.318, -65.263 -19.259, -65.204 -19.218, -65.129 -19.156, -65.03 -19.052, -64.946 -18.935, -64.88 -18.806, -64.89 -18.802, -62.529 -13.287, -62.519 -13.291, -62.475 -13.166, -62.448 -13.037, -62.438 -12.905, -62.445 -12.773, -62.415 -12.769, -62.424 -12.707, -62.454 -12.712, -62.47 -12.638, -62.502 -12.538, -62.539 -12.452, -62.611 -12.327, -62.7 -12.213, -62.75 -12.163, -62.805 -12.114, -63.054 -11.974, -63.189 -11.927, -63.329 -11.9, -63.472 -11.893, -63.614 -11.907, -63.752 -11.941, -63.885 -11.994, -64.008 -12.065, -64.121 -12.153, -64.219 -12.256, -64.302 -12.373, -64.367 -12.5, -66.728 -18.015, -66.775 -18.15, -66.802 -18.29, -66.809 -18.433, -66.795 -18.575, -66.761 -18.714, -66.708 -18.846, -66.637 -18.97, -66.549 -19.082, -66.446 -19.18), (-62.439325467060364 -12.237107177974272, -62.58712766554405 -12.173841470258257, -62.517 -12.204, -62.439325467060364 -12.237107177974272), (-63.54596966946181 58.50910912412486, -63.69101379310393 58.260841379309525, -63.641 58.346, -63.54558218682114 58.50869080376539, -63.545945455206066 58.50908298278302, -63.54596966946181 58.50910912412486), (-64.06 57.629, -63.996 57.738, -63.882 57.933, -63.79994753086411 58.074382716049534, -64.125 57.518, -64.06 57.629), (-67.428 50.886, -67.428 50.916, -67.491 50.915, -67.489 50.884, -67.565 50.877, -67.669 50.858, -67.759 50.832, -67.892 50.776, -68.015 50.702, -68.071 50.659, -68.127 50.61, -68.297 50.38, -68.36 50.252, -68.404 50.117, -68.428 49.976, -68.433 49.833, -68.416 49.692, -68.38 49.554, -68.325 49.422, -68.251 49.3, -68.161 49.189, -68.056 49.093, -67.938 49.012, -66.29699740931083 48.05305891080769, -64.07797301769419 49.072415115362546, -66.929 50.739, -66.924 50.748, -67.042 50.807, -67.167 50.85, -67.296 50.876, -67.428 50.886), (-64.61690058479591 -20.007017543859394, -64.728 -19.959, -64.80799604612872 -19.925208566721484, -64.61690058479591 -20.007017543859394), (-78.71772226563233 -18.400413490553273, -78.71769738217282 -18.400450537014343, -75.309 -16.111, -78.71772226563233 -18.400413490553273), (-74.937 -15.898, -74.539 -15.74, -74.123 -15.641, -73.697 -15.602, -73.269 -15.624, -72.99613271540503 -15.677274088897114, -64.62924498203638 2.9192122019438362, -73.91989595689431 -0.6985731908890409, -74.19 -1.331, -75.396 -4.152, -78.166 -10.636, -80.592 -16.313, -81.06130218660664 -19.973931001497192, -78.718 -18.4, -78.71779293808552 -18.40030827349994, -75.309 -16.111, -74.937 -15.898), (-69.249 28.382, -69.136 28.328, -69.065 28.302, -68.949 28.272, -68.878 28.26, -68.782 28.253, -68.638 28.259, -68.496 28.286, -68.36 28.333, -68.364 28.342, -65.32311933721724 29.631236515611377, -67.39445569439714 30.92575104339644, -69.144 30.184, -69.271 30.119, -69.388 30.036, -69.492 29.938, -69.58 29.826, -69.652 29.703, -69.705 29.571, -69.74 29.432, -69.754 29.29, -69.747 29.148, -69.721 29.008, -69.675 28.873, -69.535 28.623, -69.436 28.518, -69.323 28.428, -69.249 28.382), (-65.34405160216569 -19.695720349562308, -65.492 -19.632, -65.60132215923046 -19.585581464136272, -65.34405160216569 -19.695720349562308), (-72.08963992753773 43.26505463813672, -66.46719206639469 37.86556067921297, -72.08963992753772 43.26505463813672, -72.08963992753773 43.26505463813672), (-67.646 51.493, -67.534 51.685, -67.48910057344608 51.76225937361983, -67.96736970781254 50.94397435897269, -67.901 51.057, -67.77 51.281, -67.646 51.493), (-68.09 50.683, -68.032 50.726, -68.10755381802691 50.704129157939576, -68.10777959795647 50.703742864282546, -68.09 50.683), (-69.287 27.959, -69.373 28.161, -69.47899246703915 28.410627118634242, -69.08407850467316 27.47904299065481, -69.098 27.512, -69.186 27.721, -69.287 27.959), (-94.197 65.519, -94.008 65.842, -93.95040256566672 65.94089370800619, -94.197 65.519), (-94.26 65.391, -94.304 65.255, -94.329 65.114, -94.333 64.972, -94.317 64.83, -94.28 64.692, -94.225 64.561, -94.151 64.438, -94.061 64.328, -93.956 64.231, -93.838 64.151, -88.658 61.123, -88.53 61.06, -88.395 61.016, -88.254 60.991, -88.111 60.987, -87.97 61.003, -87.832 61.04, -87.7 61.095, -87.578 61.169, -87.467 61.259, -87.371 61.364, -87.29 61.482, -87.173 61.743, -87.149 61.885, -87.144 62.029, -87.152 62.116, -87.176 62.239, -87.197 62.312, -87.243 62.423, -87.276 62.487, -87.328 62.568, -87.419 62.68, -87.525 62.777, -87.644 62.859, -87.649 62.85, -92.829 65.877, -92.824 65.886, -92.942 65.945, -93.067 65.988, -93.197 66.015, -93.328 66.024, -93.328 66.055, -93.391 66.053, -93.39 66.023, -93.466 66.016, -93.569 65.996, -93.659 65.97, -93.792 65.914, -93.915 65.84, -93.971 65.798, -94.027 65.749, -94.197 65.519, -94.26 65.391), (-73.58784709188191 44.70385153459172, -73.5878470918819 44.70385153459172, -93.838 64.151, -73.58784709188191 44.70385153459172), (-86.91808476618077 62.118294929362165, -87.039 61.913, -87.29 61.482, -86.91808476618077 62.118294929362165), (-93.99 65.821, -93.933 65.865, -94.008 65.842, -93.99 65.821), (-110.65213024665705 24.15489507908182, -112.136 19.483, -73.78537098427101 34.91985497533784, -81.24335110335797 39.58083800623229, -84.115 38.425, -93.411 34.476, -105.583 29.306, -109.87410024330475 25.8502364179759, -109.874 25.85, -110.196 25.591, -110.652 24.155, -110.65213024665705 24.15489507908182), (-76.874 -72.106, -76.867 -71.963, -76.88 -71.821, -76.914 -71.682, -76.967 -71.55, -77.039 -71.426, -77.127 -71.314, -77.23 -71.216, -77.346 -71.133, -77.473 -71.068, -77.747 -70.984, -77.891 -70.977, -78.034 -70.991, -78.12 -71.009, -78.239 -71.048, -78.308 -71.078, -78.413 -71.137, -78.472 -71.178, -78.546 -71.24, -78.646 -71.344, -78.729 -71.461, -78.795 -71.59, -78.786 -71.594, -81.147 -77.109, -81.156 -77.105, -81.2 -77.23, -81.228 -77.359, -81.238 -77.491, -81.231 -77.623, -81.261 -77.627, -81.251 -77.689, -81.222 -77.684, -81.205 -77.758, -81.173 -77.858, -81.136 -77.944, -81.064 -78.069, -80.975 -78.183, -80.926 -78.233, -80.871 -78.282, -80.621 -78.422, -80.486 -78.469, -80.346 -78.496, -80.204 -78.503, -80.062 -78.489, -79.923 -78.455, -79.791 -78.402, -79.667 -78.331, -79.555 -78.243, -79.457 -78.14, -79.374 -78.023, -79.308 -77.896, -76.947 -72.381, -76.901 -72.246, -76.874 -72.106), (-80.332 -23.715, -80.152 -23.821, -79.957 -23.899, -79.754 -23.946, -79.545 -23.964, -79.336 -23.949, -79.132 -23.904, -78.937 -23.829, -78.755 -23.726, -78.59 -23.596, -78.447 -23.444, -78.328 -23.272, -78.236 -23.084, -78.173 -22.885, -78.14 -22.678, -78.139 -22.469, -78.168 -22.262, -78.229 -22.061, -78.318 -21.872, -78.435 -21.698, -78.576 -21.544, -78.739 -21.412, -78.919 -21.306, -79.113 -21.229, -79.317 -21.181, -79.526 -21.164, -79.734 -21.178, -79.939 -21.223, -80.134 -21.298, -80.316 -21.401, -80.481 -21.531, -80.624 -21.683, -80.743 -21.855, -80.835 -22.043, -80.898 -22.243, -80.931 -22.449, -80.932 -22.659, -80.902 -22.866, -80.842 -23.066, -80.753 -23.255, -80.636 -23.429, -80.495 -23.583, -80.332 -23.715), (-78.9522921989682 -70.43471269366628, -78.947 -70.437, -78.9431834496504 -70.43861216350975, -78.9522921989682 -70.43471269366628), (-82.011 -77.827, -82.01557597173095 -77.82506141099083, -81.99457514075584 -77.8340506712853, -82.011 -77.827), (-89.297 73.605, -89.289 73.518, -89.266 73.395, -89.244 73.322, -89.199 73.211, -89.165 73.147, -89.114 73.066, -89.022 72.954, -88.916 72.857, -88.797 72.775, -88.792 72.784, -83.612 69.756, -83.617 69.748, -83.499 69.689, -83.374 69.645, -83.245 69.619, -83.113 69.61, -83.113 69.579, -83.05 69.581, -83.051 69.611, -82.976 69.618, -82.872 69.637, -82.782 69.663, -82.649 69.719, -82.526 69.794, -82.47 69.836, -82.414 69.885, -82.244 70.115, -82.181 70.243, -82.137 70.379, -82.113 70.519, -82.108 70.662, -82.125 70.804, -82.161 70.942, -82.216 71.073, -82.29 71.196, -82.38 71.306, -82.485 71.403, -82.603 71.483, -87.783 74.511, -87.911 74.574, -88.047 74.618, -88.187 74.642, -88.33 74.647, -88.472 74.63, -88.61 74.594, -88.741 74.539, -88.863 74.465, -88.974 74.375, -89.07 74.27, -89.151 74.152, -89.268 73.891, -89.293 73.749, -89.297 73.605), (-84.76699999996256 65.79850000006405, -82.55565324804206 69.58180489687928, -82.64 69.439, -82.771 69.214, -82.895 69.002, -83.007 68.81, -83.118 68.62, -84.76699999996256 65.79850000006405), (-89.814 -74.487, -89.541 -74.571, -89.397 -74.578, -89.253 -74.564, -89.168 -74.546, -89.049 -74.507, -88.979 -74.476, -88.875 -74.417, -88.815 -74.376, -88.741 -74.315, -88.642 -74.211, -88.558 -74.093, -88.492 -73.965, -88.502 -73.961, -86.14 -68.445, -86.131 -68.449, -86.087 -68.325, -86.06 -68.195, -86.05 -68.064, -86.057 -67.932, -86.027 -67.928, -86.036 -67.866, -86.066 -67.871, -86.082 -67.797, -86.114 -67.696, -86.151 -67.61, -86.223 -67.485, -86.312 -67.372, -86.361 -67.322, -86.417 -67.273, -86.666 -67.132, -86.801 -67.086, -86.941 -67.059, -87.084 -67.052, -87.226 -67.066, -87.364 -67.099, -87.497 -67.152, -87.62 -67.224, -87.732 -67.312, -87.831 -67.415, -87.914 -67.531, -87.979 -67.658, -90.34 -73.174, -90.387 -73.309, -90.414 -73.449, -90.421 -73.592, -90.407 -73.734, -90.373 -73.872, -90.32 -74.005, -90.249 -74.128, -90.161 -74.24, -90.057 -74.339, -89.941 -74.422, -89.814 -74.487), (-89.27323529413745 -74.71847058822681, -89.356 -74.683, -89.814 -74.487, -89.27323529413745 -74.71847058822681), (-86.321 -67.28, -86.128 -67.363, -85.946 -67.441, -85.707 -67.543, -85.481 -67.64, -85.39215620214256 -67.67770444104194, -86.666 -67.132, -86.321 -67.28), (-86.34 -67.3, -86.29 -67.352, -86.321 -67.28, -86.34 -67.3), (-87.605 -26.316, -87.787 -26.42, -87.952 -26.549, -88.095 -26.701, -88.214 -26.873, -88.306 -27.061, -88.369 -27.261, -88.402 -27.468, -88.403 -27.677, -88.374 -27.884, -88.313 -28.084, -88.224 -28.273, -88.107 -28.447, -87.966 -28.601, -87.803 -28.733, -87.623 -28.839, -87.428 -28.917, -87.225 -28.965, -87.016 -28.982, -86.807 -28.968, -86.603 -28.922, -86.408 -28.847, -86.226 -28.744, -86.1398945444178 -28.676681189272088, -85.62623875834012 -27.37108886288252, -85.639 -27.28, -85.7 -27.079, -85.789 -26.89, -85.906 -26.717, -86.047 -26.562, -86.21 -26.431, -86.39 -26.325, -86.585 -26.247, -86.788 -26.199, -86.997 -26.182, -87.206 -26.196, -87.41 -26.241, -87.605 -26.316), (-93.895 9.143, -93.982 9.348, -94.068 9.551, -95.34349999999837 12.559499999996145, -93.392 7.956, -93.538 8.302, -93.62 8.495, -93.698 8.678, -93.799 8.917, -93.895 9.143), (-93.327 7.829, -93.245 7.713, -93.147 7.609, -93.035 7.52, -92.911 7.449, -92.779 7.395, -92.641 7.361, -92.499 7.347, -92.356 7.353, -92.216 7.38, -92.081 7.426, -86.557 9.768, -86.43 9.833, -86.313 9.915, -86.21 10.013, -86.121 10.125, -86.049 10.248, -85.996 10.381, -85.962 10.519, -85.948 10.661, -85.954 10.804, -85.98 10.944, -86.027 11.079, -86.166 11.329, -86.265 11.434, -86.378 11.523, -86.452 11.569, -86.565 11.624, -86.636 11.65, -86.752 11.68, -86.824 11.691, -86.919 11.698, -87.063 11.692, -87.205 11.665, -87.341 11.619, -87.338 11.609, -92.862 9.267, -92.866 9.277, -92.984 9.217, -93.093 9.143, -93.191 9.055, -93.278 8.955, -93.302 8.973, -93.339 8.922, -93.313 8.905, -93.353 8.84, -93.399 8.745, -93.432 8.658, -93.467 8.518, -93.481 8.374, -93.481 8.304, -93.475 8.23, -93.392 7.956, -93.327 7.829), (-93.511 8.303, -93.511 8.375, -93.538 8.302, -93.511 8.303), (-86.186 -17.906, -86.0696268829657 -17.82748319814553, -86.29404555808419 -17.978214123005245, -86.186 -17.906), (-86.659 62.562, -86.75785781671185 62.39242082210199, -86.49209367494063 62.847106084866724, -86.545 62.757, -86.659 62.562), (-89.254 18.691, -86.703 12.673, -86.68855481506161 12.639577807397444, -89.44929866450845 19.152047349251653, -89.427 19.099, -89.34 18.894, -89.254 18.691), (-87.4944999999999 -18.78449999999993, -87.361 -18.695, -87.097 -18.518, -86.843 -18.347, -86.69658314856207 -18.24857871397118, -87.4944999999999 -18.78449999999993), (-88.06025693606689 -19.164490952954925, -88.6949544419153 -19.590785876994413, -88.607 -19.532, -88.387 -19.384, -88.147 -19.223, -88.06025693606689 -19.164490952954925), (-88.73193231304973 -74.95017158143688, -88.36156363636563 -75.10870532915274, -88.456 -75.068, -88.664 -74.979, -88.73193231304973 -74.95017158143688), (-90.526 -36.265, -90.272 -36.286, -90.019 -36.269, -89.771 -36.214, -89.534 -36.123, -89.313 -35.997, -89.113 -35.84, -88.939 -35.655, -88.81508925580238 -35.47639761698412, -88.59768063439857 -34.923795980851025, -88.566 -34.725, -88.564 -34.471, -88.601 -34.219, -88.674 -33.976, -88.782 -33.746, -88.924 -33.535, -89.096 -33.348, -89.293 -33.188, -89.512 -33.06, -89.748 -32.965, -89.995 -32.907, -90.249 -32.886, -90.502 -32.903, -90.75 -32.958, -90.987 -33.049, -91.208 -33.175, -91.408 -33.332, -91.582 -33.517, -91.727 -33.726, -91.839 -33.954, -91.915 -34.196, -91.955 -34.447, -91.957 -34.701, -91.92 -34.953, -91.847 -35.196, -91.739 -35.426, -91.597 -35.637, -91.425 -35.824, -91.228 -35.984, -91.009 -36.113, -90.773 -36.207, -90.526 -36.265), (-92.772 -105.854, -92.965 -105.771, -93.148 -105.693, -93.36823161033793 -105.59900994035786, -92.427 -106.002, -92.772 -105.854), (-92.292 -106.048, -92.152 -106.075, -92.01 -106.082, -91.868 -106.068, -91.729 -106.035, -91.597 -105.982, -91.473 -105.91, -91.361 -105.822, -91.263 -105.719, -91.18 -105.603, -91.114 -105.476, -88.753 -99.96, -88.707 -99.825, -88.68 -99.685, -88.673 -99.542, -88.686 -99.4, -88.72 -99.262, -88.773 -99.129, -88.844 -99.006, -88.933 -98.894, -89.036 -98.795, -89.152 -98.712, -89.279 -98.647, -89.553 -98.563, -89.697 -98.557, -89.84 -98.57, -89.926 -98.589, -90.045 -98.627, -90.114 -98.658, -90.219 -98.717, -90.278 -98.758, -90.352 -98.819, -90.452 -98.923, -90.535 -99.041, -90.601 -99.169, -90.592 -99.173, -92.953 -104.689, -92.962 -104.685, -93.006 -104.809, -93.034 -104.939, -93.044 -105.07, -93.037 -105.202, -93.067 -105.206, -93.057 -105.269, -93.028 -105.263, -93.011 -105.337, -92.979 -105.438, -92.942 -105.524, -92.87 -105.649, -92.781 -105.762, -92.732 -105.812, -92.677 -105.861, -92.427 -106.002, -92.292 -106.048), (-89.94900736576771 -98.36020798604417, -89.738 -98.451, -89.279 -98.647, -89.94900736576771 -98.36020798604417), (-89.63304858756919 19.58550508474239, -89.624 19.564, -89.61389232968219 19.540316341118075, -89.63304858756919 19.58550508474239), (-89.782 73.072, -89.68314218328334 73.24157917790627, -89.94890632506427 72.78689391512489, -89.896 72.877, -89.782 73.072), (-97.295 17.163, -97.045872340425 16.575319148934934, -97.1 16.704, -97.295 17.163), (-97.156 16.913, -97.057 16.808, -96.944 16.719, -96.869 16.673, -96.757 16.618, -96.686 16.592, -96.569 16.562, -96.498 16.551, -96.402 16.544, -96.258 16.55, -96.117 16.577, -95.98 16.623, -95.984 16.633, -90.46 18.975, -90.456 18.965, -90.338 19.025, -90.229 19.099, -90.13 19.187, -90.044 19.287, -90.02 19.269, -89.983 19.32, -90.008 19.337, -89.969 19.402, -89.922 19.497, -89.889 19.584, -89.855 19.724, -89.841 19.868, -89.841 19.938, -89.847 20.012, -89.93 20.286, -89.995 20.413, -90.077 20.529, -90.175 20.633, -90.287 20.721, -90.41 20.793, -90.542 20.847, -90.681 20.881, -90.823 20.895, -90.965 20.889, -91.106 20.862, -91.241 20.816, -96.765 18.474, -96.892 18.409, -97.008 18.327, -97.112 18.229, -97.201 18.117, -97.272 17.994, -97.326 17.861, -97.36 17.723, -97.374 17.581, -97.368 17.438, -97.341 17.298, -97.295 17.163, -97.156 16.913), (-90.29646026328975 -98.2114831789356, -90.73143636363652 -98.02529467084634, -90.637 -98.066, -90.429 -98.155, -90.29646026328975 -98.2114831789356), (-93.434 66.824, -93.323 67.014, -91.67399999982968 69.83550000029142, -93.76870185449462 66.251758202566, -93.67 66.42, -93.547 66.631, -93.434 66.824), (-93.612 -105.494, -93.78215375934677 -105.4217884045699, -93.39571181179551 -105.58724424113704, -93.612 -105.494), (-97.836 -120.251, -97.946 -120.429, -98.029 -120.622, -98.081 -120.824, -98.103 -121.032, -98.094 -121.241, -98.054 -121.446, -97.983 -121.643, -97.884 -121.828, -97.759 -121.995, -97.61 -122.142, -97.441 -122.265, -97.255 -122.362, -97.057 -122.43, -96.851 -122.467, -96.642 -122.473, -96.434 -122.449, -96.233 -122.393, -96.041 -122.308, -95.865 -122.195, -95.707 -122.058, -95.572 -121.898, -95.462 -121.72, -95.379 -121.528, -95.327 -121.325, -95.305 -121.117, -95.314 -120.908, -95.354 -120.703, -95.425 -120.506, -95.524 -120.322, -95.649 -120.154, -95.798 -120.007, -95.967 -119.884, -96.153 -119.788, -96.351 -119.72, -96.557 -119.683, -96.766 -119.676, -96.974 -119.701, -97.176 -119.757, -97.367 -119.842, -97.543 -119.954, -97.701 -120.092, -97.836 -120.251), (-96.718 15.803, -96.76905290169745 15.922314646663697, -96.63547187728261 15.607203067932614, -96.669 15.687, -96.718 15.803), (-97.07325234082543 -95.3107242509357, -97.07724981619758 -95.30901315928016, -97.09842485924355 -95.29994932871496, -97.082 -95.307, -97.07325234082543 -95.3107242509357), (-97.35777912120393 -95.18893453258595, -97.68656750857355 -95.04819893981977, -97.513 -95.123, -97.35777912120393 -95.18893453258595), (-102.193 -100.888, -102.22 -101.028, -102.227 -101.171, -102.213 -101.313, -102.179 -101.452, -102.126 -101.584, -102.055 -101.708, -101.967 -101.82, -101.863 -101.918, -101.747 -102.001, -101.62 -102.066, -101.347 -102.15, -101.203 -102.157, -101.059 -102.143, -100.974 -102.125, -100.855 -102.086, -100.785 -102.056, -100.681 -101.997, -100.621 -101.956, -100.547 -101.894, -100.448 -101.79, -100.364 -101.673, -100.298 -101.545, -100.308 -101.541, -97.946 -96.025, -97.937 -96.029, -97.893 -95.904, -97.866 -95.775, -97.856 -95.643, -97.863 -95.511, -97.833 -95.507, -97.842 -95.445, -97.872 -95.45, -97.888 -95.376, -97.92 -95.276, -97.957 -95.19, -98.029 -95.065, -98.118 -94.951, -98.167 -94.901, -98.223 -94.852, -98.472 -94.712, -98.607 -94.665, -98.747 -94.638, -98.89 -94.631, -99.032 -94.645, -99.17 -94.679, -99.303 -94.732, -99.426 -94.803, -99.538 -94.891, -99.637 -94.995, -99.72 -95.111, -99.785 -95.238, -102.146 -100.753, -102.193 -100.888), (-98.12738169494219 -94.85951147943028, -98.12745577960368 -94.85947976800387, -98.146 -94.879, -98.096 -94.931, -98.12664378573504 -94.8598273363573, -98.12738169494219 -94.85951147943028), (-101.775 -112.051, -101.734 -112.257, -101.664 -112.454, -101.565 -112.638, -101.439 -112.805, -101.29 -112.952, -101.121 -113.075, -100.935 -113.172, -100.738 -113.24, -100.532 -113.277, -100.323 -113.283, -100.115 -113.259, -99.913 -113.203, -99.722 -113.118, -99.545 -113.006, -99.388 -112.868, -99.252 -112.708, -99.142 -112.53, -99.06 -112.338, -99.007 -112.136, -98.985 -111.928, -98.994 -111.718, -99.035 -111.513, -99.105 -111.316, -99.204 -111.132, -99.33 -110.964, -99.479 -110.817, -99.648 -110.694, -99.834 -110.598, -100.032 -110.53, -100.237 -110.493, -100.447 -110.486, -100.654 -110.511, -100.856 -110.567, -101.047 -110.652, -101.224 -110.764, -101.381 -110.902, -101.517 -111.061, -101.627 -111.239, -101.709 -111.432, -101.762 -111.634, -101.784 -111.842, -101.775 -112.051), (-100.16270142180215 -102.68994508906633, -100.12234630261531 -102.70722320819169, -100.146 -102.697, -100.16270142180215 -102.68994508906633), (-102.84 -118.72, -102.755 -118.64, -102.692 -118.543, -102.652 -118.434, -102.639 -118.319, -102.653 -118.203, -102.693 -118.094, -102.757 -117.998, -102.842 -117.918, -102.943 -117.86, -103.054 -117.827, -103.17 -117.821, -103.284 -117.841, -103.39 -117.888, -103.483 -117.957, -103.558 -118.046, -103.61 -118.15, -103.636 -118.263, -103.636 -118.379, -103.609 -118.492, -103.556 -118.596, -103.481 -118.685, -103.388 -118.754, -103.281 -118.799, -103.167 -118.819, -103.051 -118.812, -102.94 -118.779, -102.84 -118.72), (-106.247 -126.11, -106.041 -126.147, -105.832 -126.154, -105.624 -126.129, -105.422 -126.073, -105.231 -125.988, -105.055 -125.876, -104.897 -125.738, -104.762 -125.579, -104.652 -125.401, -104.569 -125.208, -104.517 -125.006, -104.495 -124.798, -104.504 -124.589, -104.544 -124.384, -104.615 -124.186, -104.714 -124.002, -104.839 -123.835, -104.988 -123.688, -105.157 -123.565, -105.343 -123.468, -105.541 -123.4, -105.747 -123.363, -105.956 -123.357, -106.164 -123.381, -106.366 -123.437, -106.557 -123.522, -106.733 -123.635, -106.891 -123.772, -107.026 -123.932, -107.136 -124.11, -107.219 -124.302, -107.271 -124.504, -107.293 -124.713, -107.284 -124.922, -107.244 -125.127, -107.173 -125.324, -107.074 -125.508, -106.949 -125.676, -106.8 -125.823, -106.631 -125.946, -106.445 -126.042, -106.247 -126.11), (-105.44093681791762 -134.15101800228018, -105.48943358380666 -134.14316554666343, -105.44 -134.154, -105.44093681791762 -134.15101800228018), (-107.68852536839312 -133.657096532251, -107.662 -133.667, -107.64644089639339 -133.67041011856725, -107.68852536839312 -133.657096532251), (-115.197 88.743, -115.19 88.656, -115.166 88.533, -115.144 88.461, -115.099 88.349, -115.065 88.286, -115.014 88.204, -114.923 88.093, -114.817 87.995, -114.698 87.914, -114.693 87.923, -109.512 84.895, -109.518 84.886, -109.399 84.827, -109.274 84.784, -109.145 84.757, -109.013 84.748, -109.013 84.718, -108.95 84.719, -108.952 84.75, -108.876 84.757, -108.773 84.776, -108.683 84.802, -108.55 84.858, -108.426 84.932, -108.37 84.975, -108.315 85.024, -108.351 84.951, -108.409 84.908, -108.334 84.93, -108.44 84.749, -108.54 84.577, -108.671 84.353, -108.795 84.141, -108.80024999999752 84.13200000000427, -108.144 85.254, -108.081 85.382, -108.037 85.517, -108.013 85.658, -108.009 85.801, -108.025 85.942, -108.061 86.08, -108.117 86.212, -108.19 86.334, -108.28 86.445, -108.385 86.541, -108.503 86.622, -113.683 89.649, -113.811 89.712, -113.947 89.757, -114.088 89.781, -114.23 89.785, -114.372 89.769, -114.51 89.733, -114.641 89.677, -114.764 89.604, -114.874 89.513, -114.971 89.408, -115.051 89.291, -115.168 89.029, -115.193 88.887, -115.197 88.743), (-110.629 -116.486, -110.48 -116.633, -110.311 -116.756, -110.125 -116.852, -109.927 -116.92, -109.722 -116.958, -109.512 -116.964, -109.305 -116.939, -109.103 -116.884, -108.912 -116.799, -108.735 -116.686, -108.578 -116.548, -108.442 -116.389, -108.332 -116.211, -108.25 -116.019, -108.197 -115.816, -108.175 -115.608, -108.184 -115.399, -108.225 -115.194, -108.295 -114.997, -108.394 -114.812, -108.52 -114.645, -108.669 -114.498, -108.838 -114.375, -109.024 -114.278, -109.221 -114.211, -109.427 -114.173, -109.636 -114.167, -109.844 -114.192, -110.046 -114.247, -110.237 -114.332, -110.414 -114.445, -110.571 -114.582, -110.707 -114.742, -110.817 -114.92, -110.899 -115.112, -110.952 -115.315, -110.974 -115.523, -110.965 -115.732, -110.924 -115.937, -110.854 -116.134, -110.755 -116.318, -110.629 -116.486), (-110.03 -132.76, -109.794 -132.871, -110.265 -132.646, -110.03 -132.76), (-110.822 -91.415, -110.38546289752183 -91.17469964664055, -110.417 -91.192, -110.574 -91.278, -110.71 -91.353, -110.794 -91.399, -110.822 -91.415), (-110.728 -132.406, -110.497 -132.528, -110.957 -132.28, -110.728 -132.406), (-111.408 -132.018, -111.183 -132.151, -111.63 -131.881, -111.408 -132.018), (-112.068 -131.597, -111.85 -131.741, -112.283 -131.45, -112.068 -131.597), (-112.496 -131.299, -112.914 -130.987, -112.706 -131.145, -112.496 -131.299), (-120.229 80.253, -120.233 80.11, -120.217 79.969, -120.181 79.831, -120.125 79.699, -120.052 79.577, -119.961 79.466, -119.856 79.37, -119.739 79.289, -114.559 76.262, -114.431 76.199, -114.295 76.154, -114.154 76.13, -114.012 76.126, -113.87 76.142, -113.732 76.178, -113.601 76.234, -113.478 76.307, -113.368 76.397, -113.271 76.503, -113.191 76.62, -113.074 76.881, -113.049 77.023, -113.045 77.168, -113.052 77.255, -113.076 77.378, -113.098 77.45, -113.143 77.561, -113.176 77.625, -113.228 77.706, -113.319 77.818, -113.425 77.916, -113.544 77.997, -113.549 77.988, -118.729 81.016, -118.724 81.025, -118.843 81.084, -118.967 81.127, -119.097 81.153, -119.229 81.163, -119.229 81.193, -119.292 81.191, -119.29 81.161, -119.366 81.154, -119.469 81.135, -119.559 81.109, -119.692 81.053, -119.816 80.979, -119.872 80.936, -119.927 80.887, -120.097 80.657, -120.16 80.529, -120.205 80.394, -120.229 80.253), (-119.891 80.96, -119.833 81.003, -119.90755260322025 80.98113123638872, -119.9081959648562 80.98003048965874, -119.927 80.887, -119.891 80.96), (-113.12 -130.826, -113.522 -130.494, -113.322 -130.661, -113.12 -130.826), (-118.32087267660127 -113.27305450443727, -113.392 -115.383, -118.212 -112.951, -118.32087267660127 -113.27305450443727), (-114.826 -0.044, -114.962 -0.091, -114.958 -0.1, -120.482 -2.442, -120.486 -2.433, -120.604 -2.492, -120.713 -2.567, -120.812 -2.655, -120.898 -2.755, -120.922 -2.736, -120.959 -2.788, -120.934 -2.805, -120.973 -2.87, -121.02 -2.964, -121.053 -3.052, -121.087 -3.192, -121.101 -3.335, -121.101 -3.406, -121.095 -3.479, -121.012 -3.753, -120.947 -3.88, -120.865 -3.997, -120.767 -4.1, -120.655 -4.189, -120.532 -4.261, -120.4 -4.314, -120.261 -4.348, -120.119 -4.363, -119.977 -4.356, -119.836 -4.33, -119.701 -4.284, -114.177 -1.942, -114.05 -1.877, -113.934 -1.794, -113.83 -1.696, -113.741 -1.585, -113.67 -1.461, -113.616 -1.329, -113.582 -1.19, -113.568 -1.048, -113.574 -0.906, -113.601 -0.766, -113.647 -0.631, -113.786 -0.381, -113.885 -0.276, -113.998 -0.187, -114.073 -0.14, -114.185 -0.086, -114.257 -0.06, -114.373 -0.03, -114.444 -0.018, -114.54 -0.011, -114.684 -0.018, -114.826 -0.044), (-113.804 -118.497, -113.802 -118.545, -113.782 -119.018, -113.804 -118.497), (-113.8430075329603 -0.168627118635555, -113.97208208569903 0.1358538977788824, -113.949 0.081, -113.8430075329603 -0.168627118635555), (-114.479 -129.607, -114.294 -129.791, -114.662 -129.421, -114.479 -129.607), (-114.105 -129.971, -113.914 -130.149, -114.294 -129.791, -114.105 -129.971), (-114.21301948051922 0.7042142857136706, -114.23792149532682 0.7629570093451132, -114.224 0.73, -114.21301948051922 0.7042142857136706), (-115.691 -128.242, -115.528 -128.446, -115.361 -128.646, -115.691 -128.242), (-115.191 -128.844, -115.018 -129.039, -115.361 -128.646, -115.191 -128.844), (-115.441 88.623, -115.36260000000034 88.75764347826029, -115.600301675976 88.35077653631569, -115.552 88.433, -115.441 88.623), (-116.874 6.981, -115.59850000006044 3.972500000142575, -117.19539013650406 7.739491413475002, -117.143 7.615, -117.047 7.389, -116.96 7.184, -116.874 6.981), (-116.161 -127.616, -116.008 -127.828, -115.851 -128.036, -116.161 -127.616), (-116.311 -127.403, -116.6 -126.969, -116.458 -127.187, -116.311 -127.403), (-117.007 -126.3, -116.875 -126.525, -116.74 -126.748, -117.007 -126.3), (-117.26 -125.843, -117.498 -125.379, -117.381 -125.612, -117.26 -125.843), (-124.98 6.013, -124.994 5.871, -124.988 5.729, -124.962 5.589, -124.916 5.454, -124.776 5.204, -124.677 5.099, -124.564 5.009, -124.49 4.963, -124.377 4.909, -124.306 4.883, -124.19 4.853, -124.118 4.841, -124.023 4.834, -123.879 4.84, -123.737 4.867, -123.601 4.914, -123.605 4.923, -118.08 7.265, -118.076 7.256, -117.958 7.315, -117.849 7.389, -117.751 7.477, -117.664 7.577, -117.64 7.559, -117.604 7.611, -117.629 7.628, -117.589 7.693, -117.543 7.787, -117.51 7.875, -117.475 8.015, -117.461 8.158, -117.461 8.228, -117.467 8.302, -117.431 8.23, -117.431 8.157, -117.404 8.231, -117.322 8.038, -117.3096304849876 8.008979214778583, -117.55 8.576, -117.615 8.703, -117.697 8.82, -117.795 8.923, -117.907 9.012, -118.031 9.084, -118.163 9.137, -118.301 9.171, -118.443 9.185, -118.586 9.179, -118.726 9.153, -118.861 9.106, -124.385 6.765, -124.512 6.7, -124.629 6.617, -124.732 6.519, -124.821 6.407, -124.893 6.284, -124.946 6.152, -124.98 6.013), (-117.826 -124.668, -117.721 -124.907, -117.611 -125.144, -117.826 -124.668), (-118.119 -123.942, -118.294 -123.451, -118.209 -123.697, -118.119 -123.942), (-118.025 -124.186, -117.928 -124.428, -118.119 -123.942, -118.025 -124.186), (-118.529 -113.945, -118.322581081081 -113.27810810810784, -118.379 -113.445, -118.529 -113.945), (-118.376 -123.203, -118.527 -122.703, -118.454 -122.954, -118.376 -123.203), (-118.835 -115.213, -118.725 -114.703, -118.782 -114.957, -118.835 -115.213), (-118.599 -114.196, -118.664 -114.449, -118.725 -114.703, -118.599 -114.196), (-118.78 -121.691, -118.723 -121.946, -118.662 -122.199, -118.78 -121.691), (-118.926 -120.922, -118.882 -121.179, -118.833 -121.436, -118.926 -120.922), (-119.063 -116.761, -119.004 -116.243, -119.036 -116.502, -119.063 -116.761), (-118.928 -115.726, -118.968 -115.984, -119.004 -116.243, -118.928 -115.726), (-119.035 -120.147, -119.086 -119.628, -119.062 -119.887, -119.035 -120.147), (-119.003 -120.406, -118.967 -120.664, -119.035 -120.147, -119.003 -120.406), (-119.105 -119.367, -119.131 -118.846, -119.12 -119.107, -119.105 -119.367), (-119.131 -117.803, -119.106 -117.281, -119.12 -117.542, -119.131 -117.803), (-119.137 -118.585, -119.137 -118.063, -119.139 -118.324, -119.137 -118.585), (-121.5707656870538 -2.4349571088151496, -121.602 -2.361, -121.62998560115123 -2.295266378691282, -121.5707656870538 -2.4349571088151496), (-124.43497368420897 4.320710526312132, -124.42303883495217 4.29259223301139, -124.427 4.302, -124.43497368420897 4.320710526312132), (-141.203 103.998, -140.952 104.429, -141.32391523381708 103.79270507064155, -141.203 103.998), (-141.069 104.168, -141.093 104.026, -141.097 103.882, -141.09 103.795, -141.066 103.672, -141.045 103.599, -140.999 103.488, -140.966 103.424, -140.914 103.343, -140.823 103.231, -140.717 103.134, -140.598 103.052, -140.593 103.061, -135.413 100.033, -135.418 100.025, -135.3 99.966, -135.175 99.922, -135.045 99.896, -134.914 99.887, -134.914 99.856, -134.85 99.858, -134.852 99.888, -134.776 99.895, -134.673 99.914, -134.583 99.94, -134.45 99.996, -134.327 100.071, -134.271 100.113, -134.215 100.162, -134.045 100.392, -133.982 100.52, -133.938 100.656, -133.913 100.796, -133.909 100.939, -133.925 101.081, -133.961 101.219, -134.017 101.35, -134.09 101.472, -134.181 101.583, -134.286 101.68, -134.404 101.76, -139.584 104.788, -139.712 104.851, -139.847 104.895, -139.988 104.919, -140.13 104.924, -140.272 104.907, -140.41 104.871, -140.542 104.816, -140.664 104.742, -140.774 104.652, -140.871 104.547, -140.952 104.429, -141.069 104.168), (-134.77511408093102 99.14287695983403, -134.808 99.087, -134.919 98.897, -136.56800000012382 96.07549999978819, -134.77511408093102 99.14287695983403), (-138.55885781671049 92.66942082210434, -138.43058866855534 92.88887138810182, -138.46 92.839, -138.55885781671049 92.66942082210434), (-146.133 95.249, -146.117 95.107, -146.081 94.969, -146.026 94.838, -145.952 94.715, -145.862 94.605, -145.757 94.508, -145.639 94.428, -140.459 91.4, -140.331 91.337, -140.195 91.293, -140.055 91.268, -139.912 91.264, -139.77 91.28, -139.632 91.317, -139.501 91.372, -139.379 91.446, -139.268 91.536, -139.172 91.641, -139.091 91.759, -138.974 92.02, -138.949 92.162, -138.945 92.306, -138.953 92.393, -138.976 92.516, -138.998 92.589, -139.043 92.7, -139.077 92.764, -139.128 92.845, -139.22 92.957, -139.326 93.054, -139.445 93.135, -139.45 93.127, -144.63 96.154, -144.625 96.163, -144.743 96.222, -144.868 96.265, -144.997 96.292, -145.129 96.301, -145.129 96.332, -145.192 96.33, -145.19 96.3, -145.266 96.293, -145.37 96.273, -145.46 96.247, -145.592 96.191, -145.716 96.117, -145.772 96.075, -145.828 96.026, -145.998 95.796, -146.061 95.668, -146.105 95.532, -146.129 95.391, -146.133 95.249), (-145.808 96.119, -145.71618342151737 96.27814873603656, -145.998 95.796, -145.808 96.119), (-145.791 96.098, -145.733 96.142, -145.808 96.119, -145.791 96.098), (-149.136 -14.276, -149.223 -14.071, -149.309 -13.868, -150.58449999999837 -10.859500000003854, -148.633 -15.463, -148.779 -15.117, -148.861 -14.924, -148.939 -14.741, -149.04 -14.502, -149.136 -14.276), (-148.568 -15.59, -148.486 -15.706, -148.387 -15.81, -148.276 -15.899, -148.152 -15.97, -148.02 -16.024, -147.881 -16.058, -147.74 -16.072, -147.597 -16.066, -147.457 -16.039, -147.322 -15.993, -141.798 -13.651, -141.671 -13.586, -141.554 -13.504, -141.45 -13.406, -141.362 -13.294, -141.29 -13.171, -141.237 -13.038, -141.202 -12.9, -141.188 -12.758, -141.195 -12.615, -141.221 -12.475, -141.267 -12.34, -141.407 -12.09, -141.506 -11.986, -141.619 -11.896, -141.693 -11.85, -141.806 -11.795, -141.877 -11.769, -141.993 -11.739, -142.064 -11.728, -142.16 -11.721, -142.304 -11.727, -142.446 -11.754, -142.582 -11.801, -142.578 -11.81, -148.102 -14.152, -148.106 -14.142, -148.224 -14.202, -148.334 -14.276, -148.432 -14.364, -148.519 -14.464, -148.543 -14.446, -148.579 -14.498, -148.554 -14.514, -148.594 -14.579, -148.64 -14.674, -148.673 -14.761, -148.708 -14.901, -148.722 -15.045, -148.721 -15.115, -148.716 -15.189, -148.633 -15.463, -148.568 -15.59), (-142.2810119196629 -9.94860457368436, -141.943 -10.746, -141.893 -10.864, -141.844 -10.98, -141.756 -11.188, -141.655 -11.426, -141.569 -11.629, -141.462 -11.881, -141.267 -12.34, -142.2810119196629 -9.94860457368436), (-148.752 -15.116, -148.752 -15.044, -148.779 -15.117, -148.752 -15.116), (-141.477 -25.932, -141.45234710505116 -25.91535146024569, -141.4523471050512 -25.915351460245706, -141.477 -25.932), (-141.7499063250601 103.06389391513203, -141.697 103.154, -141.583 103.349, -141.48414218329046 103.51857917789405, -141.7499063250601 103.06389391513203), (-145.124 97.291, -143.47499999999033 100.11250000001651, -145.6863467519568 96.32919510312266, -145.602 96.472, -145.471 96.697, -145.347 96.908, -145.235 97.101, -145.124 97.291), (-144.865 -3.855, -144.84233707493908 -3.9081023440152842, -144.8838680138384 -3.810157837241233, -144.865 -3.855), (-152.234 -6.967, -152.341 -6.715, -152.536 -6.256, -152.08744485025537 -7.314121256392252, -152.148 -7.17, -152.234 -6.967), (-152.397 -6.506, -152.297 -6.611, -152.185 -6.7, -152.11 -6.746, -151.997 -6.801, -151.926 -6.827, -151.81 -6.857, -151.739 -6.868, -151.643 -6.875, -151.499 -6.869, -151.357 -6.842, -151.221 -6.796, -151.225 -6.786, -145.701 -4.444, -145.697 -4.454, -145.579 -4.394, -145.47 -4.32, -145.371 -4.232, -145.285 -4.132, -145.26 -4.15, -145.224 -4.099, -145.249 -4.082, -145.21 -4.017, -145.163 -3.923, -145.13 -3.835, -145.096 -3.695, -145.081 -3.551, -145.082 -3.481, -145.088 -3.407, -145.171 -3.133, -145.235 -3.006, -145.318 -2.89, -145.416 -2.786, -145.528 -2.698, -145.651 -2.626, -145.783 -2.572, -145.922 -2.538, -146.064 -2.524, -146.206 -2.53, -146.347 -2.557, -146.482 -2.603, -152.006 -4.945, -152.133 -5.01, -152.249 -5.092, -152.353 -5.19, -152.441 -5.302, -152.513 -5.425, -152.567 -5.558, -152.601 -5.696, -152.615 -5.838, -152.609 -5.981, -152.582 -6.121, -152.536 -6.256, -152.397 -6.506), (-150.111 83.8, -150.08053287374273 83.78936170874435, -150.08053287374275 83.78936170874437, -150.111 83.8), (-151.87647187728328 -7.811796932065804, -151.91 -7.732, -151.959 -7.616, -152.0100529016976 -7.4966853533359386, -151.87647187728328 -7.811796932065804), (-155.128 127.346, -155.13973363249045 127.37533408122617, -155.13973563989745 127.37533517603157, -155.12164238410585 127.32983349101204, -155.128 127.346), (-166.866 118.563, -166.815 118.481, -166.723 118.37, -166.617 118.272, -166.498 118.191, -166.493 118.2, -161.313 115.172, -161.318 115.163, -161.2 115.104, -161.075 115.061, -160.946 115.034, -160.814 115.025, -160.814 114.995, -160.751 114.996, -160.752 115.027, -160.677 115.034, -160.573 115.053, -160.483 115.079, -160.35 115.135, -160.227 115.209, -160.171 115.252, -160.115 115.3, -159.945 115.531, -159.882 115.659, -159.838 115.794, -159.814 115.935, -159.809 116.078, -159.826 116.219, -159.862 116.357, -159.917 116.489, -159.991 116.611, -160.081 116.721, -160.186 116.818, -160.304 116.899, -165.484 119.926, -165.612 119.989, -165.748 120.034, -165.888 120.058, -166.031 120.062, -166.173 120.046, -166.311 120.01, -166.442 119.954, -166.564 119.881, -166.675 119.79, -166.771 119.685, -166.852 119.568, -166.969 119.306, -166.994 119.164, -166.998 119.02, -166.99 118.933, -166.967 118.81, -166.945 118.738, -166.9 118.626, -166.866 118.563), (-160.152 115.228, -160.209 115.184, -160.13443434332032 115.20686680138176, -160.13421196887268 115.20724729701811, -160.152 115.228), (-160.596 114.418, -160.708 114.226, -160.76362305986547 114.1302882483396, -160.2694032023274 114.97592721979888, -160.341 114.854, -160.472 114.63, -160.596 114.418), (-164.351600000004 107.99144210525631, -164.117 108.393, -164.182 108.282, -164.246 108.173, -164.351600000004 107.99144210525631), (-171.092 111.468, -171.091 111.438, -171.167 111.431, -171.27 111.412, -171.36 111.386, -171.493 111.33, -171.616 111.256, -171.672 111.213, -171.728 111.164, -171.898 110.934, -171.961 110.806, -172.005 110.67, -172.03 110.53, -172.034 110.387, -172.018 110.246, -171.981 110.108, -171.926 109.976, -171.852 109.854, -171.762 109.743, -171.657 109.647, -171.539 109.566, -166.359 106.538, -166.231 106.475, -166.096 106.431, -165.955 106.407, -165.812 106.403, -165.671 106.419, -165.533 106.455, -165.401 106.511, -165.279 106.584, -165.168 106.674, -165.072 106.779, -164.991 106.897, -164.874 107.158, -164.85 107.3, -164.845 107.445, -164.853 107.532, -164.877 107.655, -164.898 107.727, -164.944 107.838, -164.977 107.902, -165.029 107.983, -165.12 108.095, -165.226 108.193, -165.345 108.274, -165.35 108.265, -170.53 111.293, -170.525 111.302, -170.643 111.361, -170.768 111.404, -170.897 111.43, -171.029 111.44, -171.029 111.47, -171.092 111.468), (-167.353 118.71, -167.242 118.9, -167.1636000000009 119.0346434782593, -167.726 118.072, -167.661 118.183, -167.597 118.292, -167.483 118.487, -167.353 118.71), (-176.261 -26.383, -176.294 -26.471, -176.328 -26.611, -176.342 -26.754, -176.342 -26.825, -176.336 -26.898, -176.253 -27.172, -176.188 -27.299, -176.106 -27.416, -176.008 -27.519, -175.896 -27.608, -175.773 -27.68, -175.64 -27.733, -175.502 -27.768, -175.36 -27.782, -175.217 -27.775, -175.077 -27.749, -174.942 -27.703, -169.418 -25.361, -169.291 -25.296, -169.175 -25.213, -169.071 -25.115, -168.982 -25.004, -168.911 -24.88, -168.857 -24.748, -168.823 -24.609, -168.809 -24.467, -168.815 -24.325, -168.842 -24.185, -168.888 -24.05, -169.027 -23.8, -169.126 -23.695, -169.239 -23.606, -169.314 -23.559, -169.426 -23.505, -169.497 -23.479, -169.614 -23.449, -169.685 -23.437, -169.781 -23.43, -169.925 -23.437, -170.066 -23.463, -170.203 -23.51, -170.199 -23.519, -175.723 -25.861, -175.727 -25.852, -175.845 -25.911, -175.954 -25.986, -176.053 -26.074, -176.139 -26.174, -176.163 -26.155, -176.2 -26.207, -176.174 -26.224, -176.214 -26.289, -176.261 -26.383), (-172.288 -16.03, -172.201 -16.235, -172.115 -16.438, -170.8395000000554 -19.446499999869342, -172.43639013650412 -15.679508586524898, -172.384 -15.804, -172.288 -16.03), (-171.17220682226232 112.17578132854543, -171.135 112.239, -171.0901005734459 112.3162593736201, -171.17220682226232 112.17578132854543), (-171.41828511966554 111.75475858481, -171.371 111.835, -171.31880554699603 111.92496117103121, -171.41828511966554 111.75475858481), (-171.70877959795646 111.25774286428253, -171.691 111.237, -171.634 111.28, -171.70855260322026 111.25813123638872, -171.70877959795646 111.25774286428253), (-180.156 -17.965, -180.017 -18.216, -179.918 -18.32, -179.805 -18.41, -179.731 -18.456, -179.618 -18.51, -179.547 -18.536, -179.43 -18.566, -179.359 -18.578, -179.263 -18.585, -179.119 -18.579, -178.978 -18.552, -178.841 -18.505, -178.845 -18.496, -173.321 -16.154, -173.317 -16.163, -173.199 -16.104, -173.09 -16.03, -172.991 -15.942, -172.905 -15.842, -172.881 -15.86, -172.844 -15.808, -172.87 -15.791, -172.83 -15.726, -172.783 -15.632, -172.751 -15.544, -172.716 -15.404, -172.702 -15.261, -172.702 -15.191, -172.708 -15.117, -172.672 -15.189, -172.671 -15.262, -172.645 -15.188, -172.563 -15.382, -172.5177899999995 -15.487490000001142, -172.791 -14.843, -172.856 -14.716, -172.938 -14.599, -173.036 -14.496, -173.148 -14.407, -173.271 -14.335, -173.404 -14.282, -173.542 -14.248, -173.684 -14.234, -173.827 -14.24, -173.967 -14.266, -174.102 -14.313, -179.626 -16.654, -179.753 -16.719, -179.87 -16.802, -179.973 -16.9, -180.062 -17.012, -180.134 -17.135, -180.187 -17.267, -180.221 -17.406, -180.235 -17.548, -180.229 -17.69, -180.203 -17.83, -180.156 -17.965), (-178.111 119.879, -178.143 119.672, -178.145 119.463, -178.114 119.256, -178.054 119.056, -177.964 118.867, -177.847 118.693, -177.706 118.539, -177.543 118.408, -177.362 118.302, -177.168 118.225, -176.964 118.177, -176.755 118.16, -176.547 118.175, -176.342 118.22, -176.147 118.296, -175.965 118.399, -175.801 118.529, -175.658 118.682, -175.539 118.854, -175.447 119.042, -175.385 119.241, -175.352 119.448, -175.351 119.657, -175.381 119.865, -175.442 120.065, -175.532 120.254, -175.649 120.427, -175.79 120.581, -175.953 120.713, -176.134 120.818, -176.328 120.896, -176.532 120.944, -176.74 120.96, -176.949 120.946, -177.153 120.9, -177.349 120.825, -177.53 120.721, -177.695 120.592, -177.838 120.439, -177.957 120.267, -178.048 120.079, -178.111 119.879), (-176.062 137.609, -176.539 137.821, -175.899 137.53, -178.604 132.902, -175.593 137.382, -176.062 137.609), (-177.513 138.197, -177.76 138.281, -177.267 138.109, -177.513 138.197), (-176.78 137.921, -177.023 138.017, -177.267 138.109, -176.78 137.921), (-178.854 127.796, -178.658 127.871, -178.477 127.975, -178.312 128.105, -178.169 128.257, -178.05 128.43, -177.959 128.618, -177.896 128.817, -177.864 129.024, -177.862 129.233, -177.892 129.44, -177.953 129.641, -178.043 129.83, -178.16 130.003, -178.301 130.157, -178.464 130.289, -178.645 130.394, -178.839 130.472, -179.043 130.519, -179.252 130.536, -179.46 130.521, -179.665 130.476, -179.86 130.401, -180.041 130.297, -180.206 130.167, -180.349 130.015, -180.468 129.842, -180.559 129.654, -180.622 129.455, -180.655 129.248, -180.656 129.039, -180.626 128.832, -180.565 128.631, -180.475 128.442, -180.358 128.269, -180.217 128.115, -180.054 127.983, -179.873 127.878, -179.679 127.8, -179.475 127.753, -179.266 127.736, -179.058 127.751, -178.854 127.796), (-179.523 138.755, -178.831 138.593, -178.761 138.577, -179.523 138.755), (-178.258 138.437, -178.509 138.509, -178.761 138.577, -178.258 138.437), (-179.014 138.64, -179.268 138.7, -178.761 138.577, -179.014 138.64), (-179.22305432595508 -3.96002515090561, -179.289 -3.942, -179.3183542795237 -3.934424702058399, -179.22305432595508 -3.96002515090561), (-183.32029537690048 -6.4117793538848895, -179.4134677827451 -3.909299633604221, -183.32029537690048 -6.411779353884886, -183.32029537690048 -6.4117793538848895), (-180.035 138.853, -180.293 138.896, -179.779 138.806, -180.035 138.853), (-180.809 138.969, -181.068 139, -180.551 138.935, -180.809 138.969), (-181.588 139.047, -181.848 139.065, -181.328 139.026, -181.588 139.047), (-181.691 133.701, -182.163 133.74, -181.643 133.696, -181.691 133.701), (-183.153 139.089, -182.631 139.092, -182.892 139.092, -183.153 139.089), (-182.109 139.078, -182.37 139.087, -182.631 139.092, -182.109 139.078), (-182.736 122.596, -182.623 122.622, -182.519 122.673, -182.429 122.748, -182.36 122.84, -182.313 122.947, -182.292 123.061, -182.298 123.177, -182.331 123.288, -182.389 123.389, -182.468 123.474, -182.565 123.538, -182.673 123.578, -182.789 123.593, -182.904 123.58, -183.013 123.541, -183.111 123.477, -183.191 123.393, -183.249 123.293, -183.283 123.182, -183.291 123.066, -183.271 122.952, -183.226 122.845, -183.157 122.751, -183.068 122.676, -182.965 122.624, -182.852 122.596, -182.736 122.596), (-183.674 139.068, -183.934 139.052, -183.413 139.081, -183.674 139.068), (-184.714 138.977, -184.195 139.031, -184.454 139.006, -184.714 138.977), (-199.191 -14.095, -184.224393571776 -12.067015742284473, -184.224393571776 -12.067015742284472, -199.191 -14.095), (-184.778 -25.356, -184.874 -25.17, -184.997 -25, -185.143 -24.851, -185.31 -24.725, -185.494 -24.625, -185.691 -24.554, -185.896 -24.513, -186.105 -24.503, -186.313 -24.524, -186.516 -24.576, -186.709 -24.658, -186.887 -24.767, -187.047 -24.902, -187.185 -25.059, -187.298 -25.235, -187.384 -25.426, -187.44 -25.628, -187.466 -25.835, -187.46 -26.044, -187.423 -26.25, -187.356 -26.449, -187.26 -26.635, -187.138 -26.804, -186.992 -26.954, -186.825 -27.08, -186.641 -27.179, -186.444 -27.251, -186.239 -27.292, -186.03 -27.302, -185.821 -27.28, -185.619 -27.228, -185.426 -27.147, -185.248 -27.037, -185.088 -26.902, -184.95 -26.745, -184.837 -26.569, -184.751 -26.378, -184.695 -26.177, -184.669 -25.969, -184.675 -25.76, -184.711 -25.554, -184.778 -25.356), (-187.532 117.756, -187.624 117.568, -187.687 117.368, -187.719 117.161, -187.72 116.952, -187.69 116.745, -187.63 116.545, -187.54 116.356, -187.423 116.182, -187.281 116.028, -187.118 115.897, -186.938 115.791, -186.743 115.714, -186.54 115.666, -186.331 115.649, -186.122 115.664, -185.918 115.709, -185.723 115.785, -185.541 115.888, -185.377 116.018, -185.234 116.17, -185.115 116.343, -185.023 116.531, -184.96 116.73, -184.928 116.937, -184.927 117.146, -184.957 117.353, -185.018 117.554, -185.107 117.743, -185.224 117.916, -185.366 118.07, -185.529 118.202, -185.709 118.307, -185.904 118.385, -186.108 118.432, -186.316 118.449, -186.525 118.435, -186.729 118.389, -186.924 118.314, -187.106 118.21, -187.27 118.081, -187.414 117.928, -187.532 117.756), (-185.488 138.864, -185.745 138.818, -185.231 138.906, -185.488 138.864), (-187.016 138.525, -186.51 138.654, -186.764 138.592, -187.016 138.525), (-186.001 138.767, -186.256 138.713, -186.51 138.654, -186.001 138.767), (-199.604 -13.196, -186.32628369942563 -7.109573610364765, -186.32628369942563 -7.109573610364762, -199.604 -13.196), (-186.33227067158418 -7.095442198603098, -186.33227067158418 -7.095442198603094, -199.604 -13.196, -186.33227067158418 -7.095442198603098), (-187.766 138.3, -187.267 138.454, -187.517 138.379, -187.766 138.3), (-189.617 127.786, -189.781 127.656, -189.925 127.504, -190.043 127.331, -190.135 127.143, -190.198 126.944, -190.23 126.737, -190.231 126.528, -190.201 126.321, -190.141 126.12, -190.051 125.931, -189.934 125.758, -189.792 125.604, -189.63 125.472, -189.449 125.367, -189.255 125.289, -189.051 125.242, -188.842 125.225, -188.633 125.239, -188.429 125.285, -188.234 125.36, -188.052 125.464, -187.888 125.594, -187.745 125.746, -187.626 125.918, -187.534 126.106, -187.472 126.306, -187.439 126.513, -187.438 126.722, -187.468 126.929, -187.529 127.129, -187.619 127.318, -187.736 127.492, -187.877 127.646, -188.04 127.777, -188.221 127.883, -188.415 127.96, -188.619 128.008, -188.827 128.025, -189.036 128.01, -189.24 127.965, -189.435 127.889, -189.617 127.786), (-188.259 138.129, -188.503 138.038, -188.013 138.217, -188.259 138.129), (-190.421 -33.835, -190.599 -33.944, -190.759 -34.079, -190.898 -34.236, -191.011 -34.412, -191.096 -34.603, -191.153 -34.805, -191.178 -35.012, -191.173 -35.221, -191.136 -35.427, -191.069 -35.626, -190.973 -35.812, -190.851 -35.981, -190.704 -36.131, -190.537 -36.257, -190.353 -36.356, -190.156 -36.428, -189.951 -36.469, -189.742 -36.479, -189.534 -36.457, -189.331 -36.405, -189.139 -36.324, -188.96 -36.214, -188.8 -36.079, -188.662 -35.922, -188.549 -35.746, -188.463 -35.555, -188.407 -35.354, -188.382 -35.146, -188.387 -34.937, -188.424 -34.731, -188.491 -34.533, -188.587 -34.347, -188.709 -34.177, -188.856 -34.028, -189.023 -33.902, -189.207 -33.802, -189.403 -33.731, -189.609 -33.69, -189.818 -33.68, -190.026 -33.701, -190.229 -33.753, -190.421 -33.835), (-188.988 137.844, -189.227 137.741, -189.465 137.634, -188.988 137.844), (-189.702 137.523, -189.936 137.409, -190.169 137.29, -189.702 137.523), (-190.628 137.042, -190.854 136.913, -190.399 137.168, -190.628 137.042), (-191.52 136.502, -191.078 136.779, -191.301 136.642, -191.52 136.502), (-191.738 136.358, -191.953 136.21, -191.52 136.502, -191.738 136.358), (-192.013 -28.667, -192.019 -28.551, -192.052 -28.439, -192.109 -28.338, -192.188 -28.253, -192.285 -28.189, -192.394 -28.149, -192.509 -28.134, -192.624 -28.147, -192.734 -28.186, -192.831 -28.249, -192.911 -28.333, -192.97 -28.434, -193.004 -28.545, -193.011 -28.66, -192.992 -28.775, -192.947 -28.882, -192.878 -28.975, -192.79 -29.05, -192.686 -29.103, -192.573 -29.131, -192.457 -29.131, -192.344 -29.105, -192.24 -29.054, -192.151 -28.98, -192.081 -28.887, -192.034 -28.781, -192.013 -28.667), (-193.191 135.252, -192.789 135.585, -192.991 135.42, -193.191 135.252), (-192.376 135.904, -192.584 135.746, -192.789 135.585, -192.376 135.904), (-193.961 134.548, -193.582 134.906, -193.773 134.729, -193.961 134.548), (-196.643 -22.123, -196.637 -22.332, -196.6 -22.538, -196.533 -22.736, -196.437 -22.922, -196.315 -23.092, -196.169 -23.241, -196.002 -23.367, -195.818 -23.467, -195.621 -23.538, -195.416 -23.579, -195.207 -23.589, -194.998 -23.568, -194.796 -23.516, -194.603 -23.434, -194.425 -23.325, -194.265 -23.19, -194.127 -23.033, -194.013 -22.857, -193.928 -22.666, -193.872 -22.464, -193.846 -22.257, -193.852 -22.047, -193.888 -21.841, -193.955 -21.643, -194.051 -21.457, -194.174 -21.288, -194.32 -21.138, -194.487 -21.012, -194.671 -20.912, -194.868 -20.841, -195.073 -20.8, -195.282 -20.79, -195.49 -20.811, -195.693 -20.863, -195.886 -20.945, -196.064 -21.055, -196.224 -21.189, -196.362 -21.347, -196.475 -21.523, -196.561 -21.714, -196.617 -21.915, -196.643 -22.123), (-194.508 133.988, -194.147 134.365, -194.329 134.178, -194.508 133.988), (-195.027 133.402, -194.684 133.796, -194.857 133.6, -195.027 133.402), (-195.517 132.792, -195.193 133.201, -195.357 132.998, -195.517 132.792), (-195.976 132.158, -195.673 132.583, -195.826 132.371, -195.976 132.158), (-196.264 131.723, -196.403 131.502, -196.122 131.941, -196.264 131.723), (-197.4506162886666 129.5001095374864, -197.458 129.486, -197.4609840881273 129.4775667074663, -197.4506162886666 129.5001095374864), (-200.82870671511623 -35.30997786598325, -200.82870671511623 -35.30997786598326, -199.333 -32.715, -200.82870671511623 -35.30997786598325), (-199.128 -32.756, -198.919 -32.766, -198.711 -32.745, -198.508 -32.693, -198.316 -32.611, -198.137 -32.502, -197.977 -32.367, -197.839 -32.21, -197.726 -32.034, -197.64 -31.843, -197.584 -31.641, -197.559 -31.434, -197.564 -31.224, -197.601 -31.018, -197.668 -30.82, -197.764 -30.634, -197.886 -30.465, -198.033 -30.315, -198.2 -30.189, -198.384 -30.089, -198.58 -30.018, -198.786 -29.977, -198.995 -29.967, -199.203 -29.988, -199.405 -30.04, -199.598 -30.122, -199.776 -30.232, -199.936 -30.366, -200.075 -30.524, -200.188 -30.7, -200.273 -30.891, -200.33 -31.092, -200.355 -31.3, -200.35 -31.509, -200.313 -31.715, -200.246 -31.913, -200.15 -32.099, -200.028 -32.269, -199.881 -32.418, -199.714 -32.544, -199.53 -32.644, -199.333 -32.715, -199.128 -32.756), (-197.91787341820694 -43.68868594217347, -197.853 -43.717, -197.91787341820688 -43.68868594217349, -197.91787341820694 -43.68868594217347), (-197.78083608577563 -43.73689934735905, -197.7808360857757 -43.73689934735903, -197.853 -43.717, -197.78083608577563 -43.73689934735905), (-199.662 -14.321, -200.125 -14.561, -200.58 -14.817, -199.964 -14.478, -197.871 -19.413, -199.662 -14.321), (-198.20022317314007 127.38841277156072, -198.217 127.341, -198.21388389152742 127.34156711170272, -198.20022317314007 127.38841277156072), (-202.56888927496428 -16.192261194953158, -200.357 -21.41, -202.56888927496428 -16.19226119495315, -202.56888927496428 -16.192261194953158), (-200.671 -21.765, -200.325 -21.374, -200.357 -21.41, -200.671 -21.765), (-201.678 -15.52, -201.246 -15.228, -201.463 -15.372, -201.678 -15.52), (-200.804 -14.951, -201.026 -15.088, -201.246 -15.228, -200.804 -14.951), (-201.3057665666614 -14.122254329175222, -201.301 -14.13, -201.3057665666614 -14.122254329175219, -201.3057665666614 -14.122254329175222), (-202.916 -16.478, -202.514 -16.146, -202.716 -16.31, -202.916 -16.478), (-202.101 -15.826, -202.309 -15.984, -202.514 -16.146, -202.101 -15.826), (-202.646 -15.098, -202.67313136578713 -15.061824845617126, -202.67313136578713 -15.061824845617133, -202.646 -15.098), (-202.9148737017431 -33.975872963361, -202.9148737017431 -33.97587296336099, -206.7138433917662 -35.926998176129445, -202.9148737017431 -33.975872963361), (-203.113 -15.397, -203.11308613167375 -15.396891202096297, -203.11308613167375 -15.396891202096302, -203.113 -15.397), (-203.498 -17.002, -203.686 -17.182, -203.306 -16.824, -203.498 -17.002), (-203.61724003112613 -40.147946540236546, -203.619 -40.151, -203.61724003112613 -40.14794654023655, -203.61724003112613 -40.147946540236546), (-204.233 -17.743, -203.871 -17.366, -204.053 -17.553, -204.233 -17.743), (-203.9069351142519 -35.97375481934868, -203.9069351142519 -35.97375481934867, -205.93131298742787 -37.27759141563152, -203.9069351142519 -35.97375481934868), (-204.409 -17.935, -204.582 -18.131, -204.751 -18.329, -204.409 -17.935), (-204.71 -16.923, -204.74156368794326 -16.89143631205674, -204.74156368794326 -16.891436312056747, -204.71 -16.923), (-205.55 -19.36, -205.241 -18.94, -205.397 -19.149, -205.55 -19.36), (-204.918 -18.53, -205.081 -18.733, -205.241 -18.94, -204.918 -18.53), (-205.16942696629215 -38.41650561797748, -205.141 -38.459, -205.1395713671639 -38.45612292043004, -205.16942696629215 -38.41650561797748), (-205.845 -19.79, -205.988 -20.009, -205.699 -19.574, -205.845 -19.79), (-205.84129375344335 -18.13422577852402, -205.84129375344335 -18.134225778524023, -205.834 -18.14, -205.84129375344335 -18.13422577852402), (-206.262 -20.453, -206.394 -20.678, -206.127 -20.23, -206.262 -20.453), (-206.1660905278126 -18.58276523642522, -206.129 -18.609, -206.1660905278126 -18.582765236425217, -206.1660905278126 -18.58276523642522), (-206.41534005687157 -36.54855182066638, -206.406 -36.568, -206.39930059139422 -36.578014689069974, -206.41534005687157 -36.54855182066638), (-206.646 -21.135, -206.766 -21.366, -206.883 -21.6, -206.646 -21.135), (-206.81520449094694 -19.479181851724952, -206.81520449094694 -19.47918185172496, -206.796 -19.491, -206.81520449094694 -19.479181851724952), (-207.21 -22.311, -206.996 -21.835, -207.105 -22.072, -207.21 -22.311), (-207.311 -22.552, -207.408 -22.794, -207.21 -22.311, -207.311 -22.552), (-207.391 -34.517, -207.575 -34.029, -207.485 -34.274, -207.391 -34.517), (-207.501 -23.037, -207.591 -23.283, -207.676 -23.529, -207.501 -23.037), (-207.577 -20.953, -207.61695766056692 -20.933021169716543, -207.61695766056692 -20.933021169716547, -207.577 -20.953), (-207.661 -33.783, -207.821 -33.286, -207.743 -33.535, -207.661 -33.783), (-207.87199228900388 -21.423574733284045, -207.87199228900388 -21.42357473328405, -207.864 -21.427, -207.87199228900388 -21.423574733284045), (-207.70425136844688 -21.10092871913437, -207.70425136844705 -21.100928719134707, -207.864 -21.427, -207.70425136844688 -21.10092871913437), (-207.757 -23.777, -207.834 -24.026, -207.907 -24.277, -207.757 -23.777), (-207.895 -33.036, -208.03 -32.532, -207.965 -32.784, -207.895 -33.036), (-208.159 -25.29, -208.041 -24.781, -208.102 -25.035, -208.159 -25.29), (-208.092 -32.278, -208.202 -31.768, -208.149 -32.023, -208.092 -32.278), (-208.304 -26.059, -208.211 -25.545, -208.259 -25.802, -208.304 -26.059), (-208.251 -31.512, -208.337 -30.997, -208.296 -31.255, -208.251 -31.512), (-208.411 -26.834, -208.343 -26.317, -208.379 -26.575, -208.411 -26.834), (-208.373 -30.739, -208.433 -30.22, -208.405 -30.48, -208.373 -30.739), (-208.504 -28.135, -208.48 -27.614, -208.494 -27.875, -208.504 -28.135), (-208.438 -27.094, -208.461 -27.354, -208.48 -27.614, -208.438 -27.094), (-208.503 -29.179, -208.512 -28.657, -208.51 -28.918, -208.503 -29.179), (-208.492 -29.44, -208.477 -29.7, -208.503 -29.179, -208.492 -29.44), (-208.85217035646784 -24.009429889372054, -208.831 -24.016, -208.85217035646784 -24.00942988937205, -208.85217035646784 -24.009429889372054), (-209.0677294192548 -32.33547151635963, -209.06772941925476 -32.3354715163597, -209.087 -32.227, -209.0677294192548 -32.33547151635963), (-209.19907234357765 -25.632905079751044, -209.19907234357765 -25.632905079751048, -209.155 -25.641, -209.19907234357765 -25.632905079751044)), ((-37.892 30.827, -37.88838804265042 30.838455064737254, -37.881 30.881, -37.87919496344435 30.886770647170344, -37.879 30.888, -37.826 31.063, -37.81984298382889 31.07651712745612, -37.815 31.092, -37.778502702702674 31.167275675675736, -37.739 31.254, -37.72883240223465 31.269720670391038, -37.719 31.29, -37.65095305951386 31.390134115674726, -37.609 31.455, -37.600431353456656 31.464479065238574, -37.596 31.471, -37.449 31.632, -37.27 31.776, -37.069 31.892, -36.867 31.972, -36.85563198247536 31.9746560788609, -36.847 31.978, -36.78054399999994 31.992200000000015, -36.653 32.022, -36.63362867319679 32.02359216384684, -36.613 32.028, -36.504718749999995 32.0341875, -36.434 32.04, -36.41929828326181 32.03906866952789, -36.403 32.04, -36.221 32.027, -36.217711584875296 32.026298471440064, -36.213 32.026, -36.048 31.993, -36.01935766423358 31.98398296836983, -35.996 31.979, -35.95915416098227 31.96503001364257, -35.886 31.942, -35.83402696272802 31.9175884218874, -35.785 31.899, -35.7299199110122 31.8686896551724, -35.688 31.849, -35.65977459218984 31.830088976767193, -35.616 31.806, -35.5379574468085 31.748471489361695, -35.488 31.715, -35.470516214310884 31.698757666549163, -35.441 31.677, -35.340610260336874 31.578075803981594, -35.319 31.558, -35.31426142290841 31.552111621114125, -35.304 31.542, -35.183 31.389, -35.084 31.222, -35.07936311749656 31.21120094469594, -35.074 31.202, -35.05336660268707 31.15065642994226, -35.008 31.045, -35.001513843941034 31.02162747213235, -34.988 30.988, -34.969855855855855 30.907549549549547, -34.95 30.836, -34.94433740343882 30.794401694492905, -34.935 30.753, -34.93121655369247 30.698013913663942, -34.924 30.645, -34.924215631929044 30.596267184035433, -34.92 30.535, -34.924849354375894 30.453045911047393, -34.925 30.419, -34.927973256423705 30.400251966439388, -34.93 30.366, -34.959 30.199, -34.960805036555634 30.193229352829725, -34.961 30.192, -35.014 30.017, -35.02015701617109 30.003482872543927, -35.025 29.988, -35.061497297297315 29.912724324324284, -35.101 29.826, -35.11116759776536 29.81027932960894, -35.121 29.79, -35.18904694048615 29.689865884325258, -35.231 29.625, -35.239568646543326 29.61552093476145, -35.244 29.609, -35.391 29.448, -35.57 29.304, -35.771 29.188, -35.973 29.108, -35.984368017524645 29.105343921139102, -35.993 29.102, -36.059455999999926 29.087800000000016, -36.187 29.058, -36.20637132680319 29.05640783615316, -36.227 29.052, -36.33528125000001 29.045812499999997, -36.406 29.04, -36.42070171673819 29.0409313304721, -36.437 29.04, -36.619 29.053, -36.622288415124686 29.053701528559934, -36.627 29.054, -36.792 29.087, -36.82064233576641 29.096017031630165, -36.820642335766415 29.09601703163017, -36.82064233576642 29.09601703163017, -36.844 29.101, -36.880845839017766 29.114969986357444, -36.954 29.138, -37.005973037272 29.162411578112607, -37.055 29.181, -37.11008008898776 29.211310344827584, -37.152 29.231, -37.1802254078102 29.24991102323283, -37.224 29.274, -37.302042553191505 29.331528510638307, -37.352 29.365, -37.3694837856891 29.381242333450817, -37.399 29.403, -37.49938973966314 29.501924196018415, -37.521 29.522, -37.525738577091595 29.527888378885873, -37.536 29.538, -37.657 29.691, -37.756 29.858, -37.756965375947544 29.860248309772565, -37.758 29.862, -37.76102898550726 29.86906763285026, -37.768 29.881, -37.78832727272726 29.932763636363596, -37.836 30.044, -37.843339103068445 30.070448465774973, -37.852 30.092, -37.85354016040915 30.098829013134942, -37.85354016040915 30.09882901313495, -37.854 30.1, -37.86922984174829 30.16375282592308, -37.889 30.235, -37.89270119080588 30.262004984768826, -37.897 30.28, -37.8991055764411 30.300864348370915, -37.905 30.327, -37.908418628454456 30.37668406687139, -37.916 30.432, -37.916191826923075 30.470173557692316, -37.919 30.498, -37.918415366146455 30.52196998799513, -37.92 30.545, -37.91683649837888 30.598463177396965, -37.917 30.631, -37.915462002412546 30.64305790108566, -37.915 30.662, -37.91165847116674 30.68597183728208, -37.91 30.714, -37.89860275423731 30.779632415254117, -37.892 30.827), (-37.914798882681566 30.66226815642458, -37.91457737459979 30.66366488794023, -37.915 30.662, -37.914798882681566 30.66226815642458), (-35.77511439804564 29.619320520650444, -35.783 29.613, -35.77511439804565 29.61932052065043, -35.77511439804564 29.619320520650444), (-37.143438711069585 29.707215742672926, -37.09665353625783 29.65700056970782, -37.143438711069585 29.70721574267293, -37.143438711069585 29.707215742672926), (-37.12902136133237 29.67053620564808, -37.12902136133236 29.670536205648077, -37.145997467433666 29.68414300824836, -37.145997467433666 29.684143008248355, -37.12902136133237 29.67053620564808)), ((-44.84503001364257 38.00084583901773, -44.822 38.074, -44.7975884218874 38.12597303727201, -44.779 38.175, -44.74868965517241 38.230080088987776, -44.729 38.272, -44.71008897676719 38.30022540781017, -44.686 38.344, -44.62847148936165 38.42204255319157, -44.595 38.472, -44.578757666549166 38.48948378568912, -44.557 38.519, -44.45807580398165 38.61938973966307, -44.438 38.641, -44.43211162111412 38.6457385770916, -44.422 38.656, -44.269 38.777, -44.102 38.876, -44.09975169022743 38.87696537594754, -44.098 38.878, -44.090932367149755 38.88102898550725, -44.079 38.888, -44.02723636363645 38.908327272727234, -43.916 38.956, -43.889551534225056 38.96333910306844, -43.868 38.972, -43.86117098686501 38.97354016040917, -43.86 38.974, -43.79624717407688 38.9892298417483, -43.725 39.009, -43.69799501523126 39.01270119080587, -43.68 39.017, -43.65913565162906 39.019105576441106, -43.633 39.025, -43.583315933128574 39.02841862845446, -43.528 39.036, -43.48982644230769 39.03619182692308, -43.462 39.039, -43.43803001200479 39.03841536614646, -43.415 39.04, -43.36153682260302 39.03683649837888, -43.329 39.037, -43.316942098914346 39.035462002412544, -43.298 39.035, -43.27402816271802 39.03165847116675, -43.246 39.03, -43.18036758474568 39.01860275423728, -43.133 39.012, -43.121544935262754 39.00838804265042, -43.079 39.001, -43.07322935282969 38.99919496344436, -43.072 38.999, -42.897 38.946, -42.88348287254391 38.9398429838289, -42.868 38.935, -42.79272432432431 38.8985027027027, -42.706 38.859, -42.69027932960892 38.84883240223463, -42.67 38.839, -42.56986588432516 38.770953059513786, -42.505 38.729, -42.49552093476146 38.72043135345669, -42.489 38.716, -42.328 38.569, -42.184 38.39, -42.068 38.189, -41.988 37.987, -41.985343921139105 37.97563198247536, -41.982 37.967, -41.967800000000004 37.900544000000025, -41.938 37.773, -41.936407836153165 37.753628673196815, -41.932 37.733, -41.9258125 37.62471875000001, -41.92 37.554, -41.92093133047211 37.539298283261815, -41.92 37.523, -41.933 37.341, -41.93370152855993 37.33771158487532, -41.934 37.333, -41.967 37.168, -41.97601703163018 37.13935766423354, -41.981 37.116, -41.99496998635743 37.07915416098227, -42.018 37.006, -42.04241157811261 36.95402696272799, -42.061 36.905, -42.09131034482756 36.84991991101227, -42.111 36.808, -42.12991102323286 36.77977459218975, -42.154 36.736, -42.21152851063824 36.65795744680859, -42.245 36.608, -42.261242333450845 36.590516214310874, -42.26124233345086 36.59051621431085, -42.283 36.561, -42.38192419601839 36.46061026033689, -42.402 36.439, -42.40788837888587 36.43426142290841, -42.418 36.424, -42.571 36.303, -42.738 36.204, -42.74879905530409 36.199363117496546, -42.758 36.194, -42.80934357005754 36.17336660268715, -42.915 36.128, -42.938372527867664 36.12151384394103, -42.972 36.108, -43.05245045045051 36.08985585585584, -43.124 36.07, -43.16559830550711 36.06433740343882, -43.207 36.055, -43.26198608633599 36.05121655369248, -43.261986086336 36.05121655369248, -43.315 36.044, -43.36373281596453 36.04421563192904, -43.425 36.04, -43.506954088952725 36.0448493543759, -43.541 36.045, -43.559748033560524 36.047973256423695, -43.594 36.05, -43.761 36.079, -43.76677064717036 36.08080503655565, -43.768 36.081, -43.943 36.134, -43.95651712745612 36.14015701617111, -43.972 36.145, -44.04727567567559 36.181497297297255, -44.134 36.221, -44.14972067039107 36.231167597765364, -44.17 36.241, -44.27013411567485 36.30904694048622, -44.335 36.351, -44.34447906523856 36.35956864654332, -44.351 36.364, -44.512 36.511, -44.656 36.69, -44.772 36.891, -44.852 37.093, -44.854656078860884 37.10436801752462, -44.85465607886089 37.104368017524635, -44.858 37.113, -44.872200000000014 37.17945600000006, -44.902 37.307, -44.90359216384684 37.3263713268032, -44.90359216384684 37.326371326803205, -44.908 37.347, -44.914187500000004 37.455281250000006, -44.92 37.526, -44.919068669527896 37.54070171673821, -44.92 37.557, -44.907 37.739, -44.90629847144007 37.742288415124676, -44.906 37.747, -44.873 37.912, -44.86398296836984 37.9406423357664, -44.859 37.964, -44.84503001364257 38.00084583901773), (-44.09774226804124 38.87782817869416, -44.09774226804123 38.87782817869416, -44.098 38.878, -44.09774226804124 38.87782817869416), (-43.92039497923064 38.95327794834748, -43.920394979230615 38.953277948347484, -43.916 38.956, -43.92039497923064 38.95327794834748), (-43.44997846638656 39.037593224789916, -43.449978466386554 39.037593224789916, -43.462 39.039, -43.44997846638656 39.037593224789916), (-43.32793096926714 39.03573002364066, -43.327930969267136 39.03573002364066, -43.329 39.037, -43.32793096926714 39.03573002364066), (-43.29773184357542 39.034798882681564, -43.296353876738316 39.03458035049594, -43.29633511205977 39.034577374599785, -43.298 39.035, -43.29773184357542 39.034798882681564), (-43.17099069222681 38.008225535087114, -43.16725818299924 36.83835050004795, -43.1709906922268 38.00822553508711, -43.17099069222681 38.008225535087114), (-44.34067947934957 36.89511439804565, -44.347 36.903, -44.340679479349575 36.895114398045656, -44.34067947934957 36.89511439804565)), ((-30.859 37.964, -30.84503001364256 38.00084583901776, -30.822 38.074, -30.797588421887397 38.12597303727199, -30.779 38.175, -30.74868965517241 38.230080088987776, -30.729 38.272, -30.71008897676719 38.30022540781017, -30.686 38.344, -30.628471489361687 38.42204255319151, -30.595 38.472, -30.578757666549166 38.48948378568911, -30.578757666549162 38.48948378568912, -30.557 38.519, -30.458075803981593 38.61938973966313, -30.438 38.641, -30.432111621114135 38.64573857709158, -30.422 38.656, -30.269 38.777, -30.102 38.876, -30.091200944695977 38.880636882503424, -30.082 38.886, -30.03065642994226 38.90663339731293, -29.925 38.952, -29.901627472132347 38.95848615605897, -29.868 38.972, -29.787549549549517 38.99014414414415, -29.716 39.01, -29.6744016944929 39.01566259656118, -29.633 39.025, -29.578013913663924 39.02878344630753, -29.525 39.036, -29.476267184035475 39.035784368070956, -29.415 39.04, -29.33304591104727 39.0351506456241, -29.299 39.035, -29.28025196643947 39.0320267435763, -29.246 39.03, -29.079 39.001, -29.073229352829685 38.99919496344435, -29.072 38.999, -28.897 38.946, -28.88348287254393 38.93984298382891, -28.868 38.935, -28.79272432432433 38.89850270270271, -28.706 38.859, -28.690279329608916 38.84883240223463, -28.67 38.839, -28.569865884325203 38.770953059513815, -28.505 38.729, -28.495520934761444 38.720431353456675, -28.489 38.716, -28.328 38.569, -28.184 38.39, -28.068 38.189, -27.988 37.987, -27.9853439211391 37.975631982475356, -27.982 37.967, -27.967800000000018 37.900544000000096, -27.938 37.773, -27.93640783615316 37.75362867319679, -27.932 37.733, -27.925812499999996 37.62471874999996, -27.92 37.554, -27.920931330472104 37.53929828326181, -27.92 37.523, -27.933 37.341, -27.933701528559936 37.337711584875294, -27.934 37.333, -27.967 37.168, -27.976017031630175 37.13935766423355, -27.981 37.116, -27.994969986357425 37.07915416098229, -28.018 37.006, -28.042411578112606 36.954026962728, -28.061 36.905, -28.091310344827594 36.84991991101222, -28.111 36.808, -28.12991102323281 36.77977459218983, -28.154 36.736, -28.211528510638285 36.657957446808524, -28.245 36.608, -28.26124233345084 36.590516214310874, -28.283 36.561, -28.381924196018407 36.46061026033687, -28.402 36.439, -28.40788837888586 36.43426142290842, -28.418 36.424, -28.571 36.303, -28.738 36.204, -28.74024830977258 36.20303462405245, -28.742 36.202, -28.749067632850263 36.19897101449274, -28.761 36.192, -28.812763636363545 36.171672727272764, -28.924 36.124, -28.950448465774937 36.11666089693156, -28.972 36.108, -28.97882901313499 36.106459839590826, -28.98 36.106, -29.04375282592305 36.09077015825172, -29.115 36.071, -29.142004984768807 36.06729880919412, -29.16 36.063, -29.180864348370896 36.0608944235589, -29.207 36.055, -29.25668406687136 36.051581371545545, -29.312 36.044, -29.350173557692315 36.04380817307692, -29.378 36.041, -29.401969987995216 36.04158463385354, -29.425 36.04, -29.47846317739699 36.043163501621116, -29.511 36.043, -29.523057901085643 36.044537997587454, -29.542 36.045, -29.56597183728201 36.04834152883325, -29.594 36.05, -29.659632415254336 36.06139724576273, -29.707 36.068, -29.71845506473725 36.07161195734958, -29.761 36.079, -29.766770647170343 36.08080503655565, -29.768 36.081, -29.943 36.134, -29.956517127456124 36.14015701617111, -29.972 36.145, -30.047275675675536 36.18149729729723, -30.134 36.221, -30.14972067039108 36.23116759776537, -30.17 36.241, -30.270134115674853 36.30904694048622, -30.335 36.351, -30.344479065238556 36.35956864654332, -30.351 36.364, -30.512 36.511, -30.656 36.69, -30.772 36.891, -30.852 37.093, -30.854656078860895 37.104368017524635, -30.858 37.113, -30.872200000000014 37.17945600000005, -30.902 37.307, -30.90359216384684 37.3263713268032, -30.908 37.347, -30.914187500000004 37.45528125000003, -30.92 37.526, -30.9190686695279 37.5407017167382, -30.92 37.557, -30.907 37.739, -30.906298471440063 37.742288415124705, -30.906 37.747, -30.873 37.912, -30.863982968369836 37.940642335766405, -30.859 37.964), (-28.760187717608705 36.19312082376473, -28.760187717608712 36.19312082376472, -28.761 36.192, -28.760187717608705 36.19312082376473), (-28.919605020769374 36.126722051652514, -28.919605020769385 36.126722051652514, -28.924 36.124, -28.919605020769374 36.126722051652514), (-28.92580001637867 36.12500286626812, -28.925800016378673 36.12500286626812, -28.924 36.124, -28.92580001637867 36.12500286626812), (-29.311571376236415 36.04446672365368, -29.31157137623642 36.04446672365368, -29.312 36.044, -29.311571376236415 36.04446672365368), (-29.390021533613453 36.04240677521008, -29.390021533613456 36.04240677521008, -29.378 36.041, -29.390021533613453 36.04240677521008), (-29.54226815642458 36.045201117318435, -29.54366488794024 36.045422625400214, -29.542 36.045, -29.54226815642458 36.045201117318435)), ((-37.826 45.063, -37.81984298382889 45.076517127456114, -37.815 45.092, -37.778502702702674 45.16727567567574, -37.739 45.254, -37.728832402234644 45.26972067039105, -37.719 45.29, -37.65095305951383 45.39013411567477, -37.609 45.455, -37.60043135345665 45.464479065238585, -37.596 45.471, -37.449 45.632, -37.27 45.776, -37.069 45.892, -36.867 45.972, -36.85563198247536 45.9746560788609, -36.847 45.978, -36.78054400000014 45.99219999999997, -36.653 46.022, -36.63362867319678 46.02359216384684, -36.613 46.028, -36.504718749999995 46.0341875, -36.434 46.04, -36.4192982832618 46.03906866952789, -36.403 46.04, -36.221 46.027, -36.21771158487531 46.02629847144007, -36.213 46.026, -36.048 45.993, -36.01935766423356 45.98398296836983, -35.996 45.979, -35.95915416098222 45.965030013642554, -35.886 45.942, -35.83402696272803 45.91758842188741, -35.785 45.899, -35.72991991101218 45.86868965517239, -35.688 45.849, -35.65977459218985 45.83008897676719, -35.616 45.806, -35.53795744680855 45.748471489361734, -35.488 45.715, -35.47051621431087 45.698757666549156, -35.441 45.677, -35.340610260336895 45.57807580398161, -35.319 45.558, -35.31426142290841 45.55211162111412, -35.304 45.542, -35.183 45.389, -35.084 45.222, -35.08303462405246 45.21975169022744, -35.082 45.218, -35.07897101449275 45.21093236714975, -35.072 45.199, -35.05167272727279 45.1472363636365, -35.004 45.036, -34.996660896931544 45.00955153422501, -34.988 44.988, -34.986459839590836 44.981170986865045, -34.986 44.98, -34.97077015825168 44.916247174076815, -34.951 44.845, -34.94729880919413 44.81799501523126, -34.943 44.8, -34.94089442355889 44.779135651629026, -34.935 44.753, -34.931581371545555 44.7033159331287, -34.924 44.648, -34.92380817307692 44.6098264423077, -34.921 44.582, -34.92158463385354 44.55803001200477, -34.92 44.535, -34.92316350162112 44.48153682260303, -34.923 44.449, -34.92453799758745 44.43694209891439, -34.925 44.418, -34.92834152883326 44.3940281627179, -34.93 44.366, -34.94139724576271 44.30036758474577, -34.948 44.253, -34.951611957349584 44.241544935262745, -34.959 44.199, -34.96080503655564 44.19322935282969, -34.961 44.192, -35.014 44.017, -35.02015701617109 44.003482872543934, -35.025 43.988, -35.06149729729734 43.91272432432422, -35.101 43.826, -35.11116759776536 43.81027932960894, -35.121 43.79, -35.18904694048622 43.68986588432515, -35.231 43.625, -35.23956864654332 43.615520934761456, -35.244 43.609, -35.391 43.448, -35.57 43.304, -35.771 43.188, -35.973 43.108, -35.98436801752464 43.1053439211391, -35.993 43.102, -36.05945600000001 43.087799999999994, -36.187 43.058, -36.20637132680321 43.056407836153156, -36.227 43.052, -36.33528125 43.0458125, -36.406 43.04, -36.42070171673819 43.040931330472105, -36.437 43.04, -36.619 43.053, -36.622288415124714 43.05370152855994, -36.627 43.054, -36.792 43.087, -36.820642335766394 43.09601703163016, -36.844 43.101, -36.88084583901771 43.11496998635742, -36.954 43.138, -37.00597303727197 43.16241157811259, -37.055 43.181, -37.1100800889878 43.2113103448276, -37.152 43.231, -37.180225407810184 43.249911023232826, -37.224 43.274, -37.30204255319153 43.33152851063832, -37.352 43.365, -37.36948378568912 43.38124233345084, -37.399 43.403, -37.49938973966312 43.5019241960184, -37.521 43.522, -37.525738577091595 43.527888378885876, -37.536 43.538, -37.657 43.691, -37.756 43.858, -37.76063688250346 43.8687990553041, -37.766 43.878, -37.78663339731279 43.9293435700574, -37.832 44.035, -37.83848615605898 44.05837252786769, -37.852 44.092, -37.870144144144135 44.172450450450405, -37.89 44.244, -37.89566259656118 44.28559830550712, -37.905 44.327, -37.90878344630753 44.38198608633608, -37.916 44.435, -37.91578436807095 44.483732815964466, -37.92 44.545, -37.9151506456241 44.626954088952736, -37.915 44.661, -37.91202674357629 44.679748033560614, -37.91 44.714, -37.881 44.881, -37.87919496344435 44.88677064717034, -37.879 44.888, -37.826 45.063), (-34.92520111731843 44.41773184357542, -34.92542262540021 44.41633511205977, -34.925 44.418, -34.92520111731843 44.41773184357542), (-35.696561288930404 45.37278425732706, -35.696561288930404 45.37278425732707, -35.74334646374216 45.42299943029217, -35.74334646374217 45.42299943029218, -35.696561288930404 45.37278425732706), (-35.84920234389307 45.467266434718915, -37.149881883236375 45.36499713569979, -35.84920234389306 45.467266434718915, -35.84920234389307 45.467266434718915), (-36.755 45.614, -36.204061201901155 45.61566195715867, -36.20406120190116 45.61566195715867, -36.755 45.614)), ((-32.897 70.042, -32.554 69.788, -32.254 69.487, -32.002 69.143, -31.804 68.766, -31.664 68.364, -31.586 67.945, -31.571 67.519, -31.62 67.096, -31.731 66.685, -31.902 66.295, -32.13 65.935, -32.409 65.613, -32.732 65.336, -33.093 65.11, -33.484 64.94, -33.896 64.831, -34.319 64.785, -34.745 64.802, -35.163 64.882, -35.565 65.023, -35.941 65.223, -36.283 65.477, -36.584 65.779, -36.836 66.123, -37.034 66.5, -37.174 66.902, -37.252 67.321, -37.267 67.746, -37.218 68.17, -37.107 68.581, -36.935 68.971, -36.708 69.331, -36.429 69.653, -36.106 69.93, -35.744 70.156, -35.353 70.325, -34.942 70.434, -34.518 70.481, -34.093 70.464, -33.674 70.384, -33.273 70.242, -32.897 70.042), (-33.459 68.086, -33.567 68.195, -33.661 68.289, -33.818 68.447, -33.87156113537118 68.50091120815138, -33.871968036842375 68.50076394857133, -33.31057308740598 67.93661030159471, -33.310572118516994 67.93662065773826, -33.459 68.086), (-33.438309345794444 67.42777102803718, -33.413 67.52, -33.3581940298508 67.72454371002111, -33.438309345794444 67.42777102803718), (-33.51369566263025 67.14851606700091, -33.513602063436004 67.14855840515784, -33.506 67.176, -33.49460500544074 67.21923394994543, -33.51369566263025 67.14851606700091)), ((-56.338 71.125, -55.96 70.93, -55.614 70.68, -55.31 70.382, -55.054 70.042, -54.851 69.667, -54.706 69.267, -54.623 68.849, -54.602 68.424, -54.646 68, -54.752 67.587, -54.918 67.195, -55.141 66.832, -55.416 66.507, -55.736 66.225, -56.094 65.995, -56.483 65.821, -56.893 65.706, -57.316 65.654, -57.742 65.666, -58.161 65.741, -58.564 65.877, -58.943 66.073, -59.288 66.322, -59.593 66.62, -59.849 66.96, -60.052 67.335, -60.197 67.736, -60.28 68.153, -60.3 68.579, -60.257 69.002, -60.151 69.415, -59.984 69.807, -59.762 70.17, -59.487 70.496, -59.167 70.777, -58.809 71.007, -58.42 71.181, -58.01 71.296, -57.587 71.348, -57.161 71.336, -56.742 71.261, -56.338 71.125), (-56.16328738431563 69.26421334632244, -56.163287384315616 69.26421334632242, -56.16328738431563 69.26421334632245, -56.16328738431565 69.26421334632248, -56.16328738431563 69.26421334632244), (-56.30908606577464 68.66231015046807, -56.31866215958864 68.70990896972002, -56.318662159588655 68.70990896972006, -56.30908606577464 68.66231015046806, -56.30908606577464 68.66231015046807), (-56.31174545981053 68.65097704049973, -56.438 68.819, -56.531 68.942, -56.611 69.048, -56.745 69.226, -56.79043962009996 69.28600804791827, -56.7904492124564 69.28600600558964, -56.31175053972152 68.65095539226365, -56.31174545981053 68.65097704049973), (-56.32481760127719 68.59526960686489, -56.32480677747528 68.59531573291302, -56.39133003300304 68.43852145214582, -56.386 68.451, -56.32481760127719 68.59526960686489), (-56.78699596665771 67.15956278569509, -56.78699596665773 67.15956278569507, -56.78699596665772 67.15956278569507, -56.786995966657635 67.15956278569513, -56.78699596665771 67.15956278569509), (-57.18389486449697 70.14018361588911, -57.18389486449696 70.14018361588911, -57.18389486449696 70.14018361588913, -57.18389486449697 70.14018361588913, -57.18389486449697 70.14018361588911), (-58.94474061206424 68.41453610021715, -58.94841176470589 68.48929411764716, -58.94841176470589 68.48929411764715, -58.94474061206424 68.41453610021715)), ((-25.109 8.473, -23.648 11.96, -23.61 12.033, -21.661 15.266, -21.611 15.337, -19.216 18.248, -19.152 18.316, -17.737425303686994 19.593855508986174, -16.364 20.844, -16.286 20.905, -15.544 21.463, -15.310457430285073 21.625958087409497, -15.285 21.66, -15.183 21.761, -15.069 21.847, -14.943 21.916, -14.837863113706883 21.955718379266287, -14.783 21.994, -14.003 22.498, -13.166 22.998, -6.411338178602345 22.998942993413568, -5.251 22.999134397294736, -5.251 23.801, -5.238 23.801, -5.237 23.801, -5.201 23.801, -5.221 23.828, -5.221 23.866, -5.151 23.887, -5.151 23.901, -4.751 23.901, -4.713 23.901, -3.717 23.901, -3.505 23.901, 3.899 23.901, 4.149 23.901, 4.549 23.901, 4.549 23.887, 4.62 23.866, 4.62 23.828, 4.599572831423895 23.801736497545008, 4.6 23.801, 4.636 23.801, 4.637 23.801, 4.649 23.801, 4.649 23.000775333333333, 5.997 23.001, 6.399140031841144 23.001056149124803, 12.121 23.002, 13.159 23.002, 13.997 22.502, 14.776 21.998, 14.890237606074145 21.9183934792318, 14.894 21.917, 15.02 21.848, 15.135 21.762, 15.180261984808867 21.71628987672768, 15.538 21.467, 16.28 20.91, 16.358 20.848, 17.71849495604938 19.610536133561816, 19.146 18.321, 19.211 18.253, 21.606 15.344, 21.657 15.272, 23.607 12.04, 23.644 11.967, 25.106 8.48, 25.131 8.408, 26.072 4.741, 26.085 4.672, 26.485 0.901, 26.487 0.836, 26.334 -2.959, 26.328 -3.017, 25.625 -6.755, 25.611 -6.806, 24.37 -10.408, 24.352 -10.451, 22.599 -13.84, 22.577 -13.875, 20.347 -16.978, 20.324 -17.005, 17.663 -19.755, 17.641 -19.775, 14.603 -22.113, 14.584 -22.126, 11.234 -24.001, 11.218 -24.008, 7.626 -25.379, 7.615 -25.382, 3.856 -26.218, 3.85 -26.219, 0.004 -26.5, -3.843 -26.22, -3.848 -26.219, -7.607 -25.385, -7.619 -25.381, -11.211 -24.012, -11.227 -24.004, -14.578 -22.13, -14.597 -22.117, -17.635 -19.78, -17.657 -19.76, -20.319 -17.011, -20.342 -16.984, -22.573 -13.882, -22.595 -13.847, -24.349 -10.458, -24.367 -10.415, -25.609 -6.814, -25.623 -6.763, -26.327 -3.024, -26.333 -2.966, -26.487 0.829, -26.485 0.893, -26.086 4.664, -26.074 4.733, -25.133 8.401, -25.109 8.473), (-16.299948941298933 20.89235073821459, -16.284792216817234 20.903792216817234, -16.286 20.905, -16.299948941298933 20.89235073821459), (5.272708520174497 -25.902716591929337, 3.853760831744823 -26.218163926647964, 3.856 -26.218, 5.272708520174497 -25.902716591929337), (-3.847266620837364 -26.21905349936259, -4.132538461543609 -26.155769230768087, -3.848 -26.219, -3.847266620837364 -26.21905349936259), (21.582 -0.987, 21.74 -1.112, 21.914 -1.213, 22.102 -1.287, 22.299 -1.332, 22.5 -1.347, 22.701 -1.332, 22.898 -1.287, 23.086 -1.213, 23.261 -1.112, 23.418 -0.986, 23.556 -0.838, 23.669 -0.672, 23.757 -0.49, 23.816 -0.297, 23.846 -0.097, 23.846 0.104, 23.816 0.304, 23.757 0.497, 23.669 0.678, 23.555 0.845, 23.418 0.993, 23.26 1.119, 23.086 1.22, 22.898 1.293, 22.701 1.338, 22.5 1.353, 22.299 1.338, 22.102 1.293, 21.914 1.219, 21.739 1.119, 21.582 0.993, 21.444 0.845, 21.331 0.678, 21.243 0.496, 21.184 0.303, 21.154 0.104, 21.154 -0.098, 21.184 -0.297, 21.243 -0.49, 21.331 -0.672, 21.445 -0.839, 21.582 -0.987), (10.335 -20.474, 10.492 -20.6, 10.667 -20.7, 10.855 -20.774, 11.052 -20.819, 11.253 -20.834, 11.454 -20.819, 11.651 -20.774, 11.839 -20.7, 12.013 -20.599, 12.171 -20.473, 12.308 -20.326, 12.422 -20.159, 12.51 -19.977, 12.569 -19.784, 12.599 -19.585, 12.599 -19.383, 12.569 -19.183, 12.509 -18.991, 12.422 -18.809, 12.308 -18.642, 12.171 -18.494, 12.013 -18.368, 11.838 -18.268, 11.651 -18.194, 11.454 -18.149, 11.253 -18.134, 11.051 -18.149, 10.855 -18.194, 10.667 -18.268, 10.492 -18.369, 10.334 -18.494, 10.197 -18.642, 10.084 -18.809, 9.996 -18.991, 9.937 -19.184, 9.907 -19.383, 9.907 -19.585, 9.937 -19.785, 9.996 -19.977, 10.084 -20.159, 10.197 -20.326, 10.335 -20.474), (-11.833 -20.704, -11.645 -20.777, -11.448 -20.822, -11.247 -20.837, -11.046 -20.822, -10.849 -20.777, -10.661 -20.703, -10.487 -20.602, -10.329 -20.477, -10.192 -20.329, -10.078 -20.162, -9.99 -19.98, -9.931 -19.787, -9.901 -19.588, -9.901 -19.386, -9.931 -19.187, -9.991 -18.994, -10.078 -18.812, -10.192 -18.645, -10.329 -18.497, -10.487 -18.372, -10.662 -18.271, -10.849 -18.197, -11.046 -18.152, -11.247 -18.137, -11.449 -18.152, -11.645 -18.197, -11.833 -18.271, -12.008 -18.372, -12.166 -18.498, -12.303 -18.646, -12.416 -18.812, -12.504 -18.994, -12.563 -19.187, -12.593 -19.386, -12.593 -19.588, -12.563 -19.788, -12.504 -19.981, -12.416 -20.162, -12.303 -20.329, -12.165 -20.477, -12.008 -20.603, -11.833 -20.704), (-23.556 0.838, -23.669 0.672, -23.757 0.49, -23.816 0.297, -23.846 0.097, -23.846 -0.104, -23.816 -0.304, -23.757 -0.497, -23.669 -0.678, -23.555 -0.845, -23.418 -0.993, -23.26 -1.119, -23.086 -1.22, -22.898 -1.293, -22.701 -1.338, -22.5 -1.353, -22.299 -1.338, -22.102 -1.293, -21.914 -1.219, -21.739 -1.119, -21.582 -0.993, -21.444 -0.845, -21.331 -0.678, -21.243 -0.496, -21.184 -0.303, -21.154 -0.104, -21.154 0.098, -21.184 0.297, -21.243 0.49, -21.331 0.672, -21.445 0.839, -21.582 0.987, -21.74 1.112, -21.914 1.213, -22.102 1.287, -22.299 1.332, -22.5 1.347, -22.701 1.332, -22.898 1.287, -23.086 1.213, -23.261 1.112, -23.418 0.986, -23.556 0.838)), ((40.84 27.723, 41.237 27.568, 41.605 27.355, 41.938 27.089, 42.228 26.777, 42.468 26.425, 42.653 26.041, 42.779 25.634, 42.842 25.213, 42.842 24.787, 42.779 24.366, 42.653 23.959, 42.468 23.575, 42.228 23.223, 41.938 22.911, 41.605 22.645, 41.237 22.432, 40.84 22.277, 40.425 22.182, 40 22.15, 39.575 22.182, 39.16 22.277, 38.763 22.432, 38.395 22.645, 38.062 22.911, 37.772 23.223, 37.532 23.575, 37.347 23.959, 37.221 24.366, 37.158 24.787, 37.158 25.213, 37.221 25.634, 37.347 26.041, 37.532 26.425, 37.772 26.777, 38.062 27.089, 38.395 27.355, 38.763 27.568, 39.16 27.723, 39.575 27.818, 40 27.85, 40.425 27.818, 40.84 27.723), (41.13111598198077 24.686719289988574, 41.115 24.701, 41.13111598198077 24.68671928998857, 41.13111598198077 24.686719289988574), (40.675 25.765, 40.63829787234091 25.786063829786954, 41 25.577, 40.809 25.688, 40.675 25.765), (40.57847533632298 24.179358744394683, 40.36170212765969 24.0540638297873, 40.44 24.099, 40.57847533632298 24.179358744394683), (40.421524663676585 25.91135874439494, 40.367 25.943, 40.18 26.051, 40 26.155, 40.421524663676585 25.91135874439494), (39.578475336323415 24.08864125560506, 39.633 24.057, 39.82 23.949, 40 23.845, 39.578475336323415 24.08864125560506), (39.63829787234004 25.945936170212544, 39.56 25.901, 39.42152466367695 25.820641255605278, 39.63829787234004 25.945936170212544), (39.325 24.235, 39.3617021276588 24.21393617021321, 39.0224236432241 24.41003913421647, 39.02249440473256 24.409927335469554, 39.191 24.312, 39.325 24.235), (38.85958733135386 24.841582653539614, 38.85958733135386 24.84158265353961, 38.874 24.743, 38.85958733135386 24.841582653539614)), ((-8.16 32.723, -7.763 32.568, -7.395 32.355, -7.062 32.089, -6.772 31.777, -6.532 31.425, -6.347 31.041, -6.221 30.634, -6.158 30.213, -6.158 29.787, -6.221 29.366, -6.347 28.959, -6.532 28.575, -6.772 28.223, -7.062 27.911, -7.395 27.645, -7.763 27.432, -8.16 27.277, -8.575 27.182, -9 27.15, -9.425 27.182, -9.84 27.277, -10.237 27.432, -10.605 27.645, -10.938 27.911, -11.228 28.223, -11.468 28.575, -11.653 28.959, -11.779 29.366, -11.842 29.787, -11.842 30.213, -11.779 30.634, -11.653 31.041, -11.468 31.425, -11.228 31.777, -10.938 32.089, -10.605 32.355, -10.237 32.568, -9.84 32.723, -9.425 32.818, -9 32.85, -8.575 32.818, -8.16 32.723), (-7.032720318608108 30.835599904564393, -7.032720318608109 30.83559990456439, -7.032720318608106 30.83559990456439, -7.0327203186081055 30.83559990456439, -7.032720318608108 30.835599904564393), (-7.855 30.151, -7.838686920700309 30.149187435633365, -7.838686920700309 30.14918743563337, -7.855 30.151), (-8.325 30.765, -8.36170212765935 30.786063829787107, -8 30.577, -8.191 30.688, -8.325 30.765), (-8.340773094562133 30.967485477178425, -8.35 30.954, -8.340773094562131 30.967485477178425, -8.340773094562133 30.967485477178425), (-8.42152466367753 29.179358744394385, -8.638297872339633 29.05406382978769, -8.56 29.099, -8.42152466367753 29.179358744394385), (-8.578475336322903 30.91135874439464, -8.633 30.943, -8.82 31.051, -9 31.155, -8.578475336322903 30.91135874439464), (-9.421524663677097 29.08864125560536, -9.367 29.057, -9.18 28.949, -9 28.845, -9.421524663677097 29.08864125560536), (-9.172 31.142, -9.190868555930958 31.04467797467191, -9.190868555930956 31.04467797467191, -9.172 31.142), (-9.163891633294808 31.15887671674685, -9.16389163329481 31.15887671674685, -9.172 31.142, -9.163891633294808 31.15887671674685), (-9.184062812822376 31.15500103159745, -9.184062812822377 31.15500103159745, -9.172 31.142, -9.184062812822376 31.15500103159745), (-9.36170212766022 30.945936170212395, -9.44 30.901, -9.578475336322338 30.82064125560569, -9.36170212766022 30.945936170212395), (-9.675 29.235, -9.638297872340525 29.213936170212822, -9.977576356775899 29.41003913421647, -9.977505595267436 29.409927335469558, -9.809 29.312, -9.675 29.235), (-9.79709347560298 30.85907124597088, -9.785 30.846, -9.797093475602978 30.85907124597088, -9.79709347560298 30.85907124597088), (-10.939168848647986 29.63168732411599, -10.939168848647983 29.63168732411599, -10.939168848647986 29.631687324115994, -10.93916884864799 29.631687324115994, -10.939168848647986 29.63168732411599)), ((40.84 50.223, 41.237 50.068, 41.605 49.855, 41.938 49.589, 42.228 49.277, 42.468 48.925, 42.653 48.541, 42.779 48.134, 42.842 47.713, 42.842 47.287, 42.779 46.866, 42.653 46.459, 42.468 46.075, 42.228 45.723, 41.938 45.411, 41.605 45.145, 41.237 44.932, 40.84 44.777, 40.425 44.682, 40 44.65, 39.575 44.682, 39.16 44.777, 38.763 44.932, 38.395 45.145, 38.062 45.411, 37.772 45.723, 37.532 46.075, 37.347 46.459, 37.221 46.866, 37.158 47.287, 37.158 47.713, 37.221 48.134, 37.347 48.541, 37.532 48.925, 37.772 49.277, 38.062 49.589, 38.395 49.855, 38.763 50.068, 39.16 50.223, 39.575 50.318, 40 50.35, 40.425 50.318, 40.84 50.223), (40.675 48.265, 40.638297872340075 48.28606382978744, 41 48.077, 40.809 48.188, 40.675 48.265), (40.44 46.599, 40.578475336324814 46.67935874439575, 40.361702127659605 46.55406382978725, 40.44 46.599), (40.421524663676564 48.411358744394946, 40.367 48.443, 40.18 48.551, 40 48.655, 40.421524663676564 48.411358744394946), (39.578475336323436 46.588641255605054, 39.633 46.557, 39.82 46.449, 40 46.345, 39.578475336323436 46.588641255605054), (39.828 46.358, 39.82529327981354 46.3402501618542, 39.82529327981355 46.3402501618542, 39.828 46.358), (39.63829787234063 48.44593617021289, 39.56 48.401, 39.42152466367569 48.32064125560455, 39.63829787234063 48.44593617021289), (39.191 46.812, 39.325 46.735, 39.361702127659925 46.71393617021256, 39.0224236432241 46.91003913421647, 39.02249440473256 46.90992733546956, 39.191 46.812), (38.952629121098425 46.12875764349007, 38.95262912109842 46.12875764349006, 38.95262912109843 46.12875764349007, 38.952629121098425 46.12875764349007), (38.8590383330057 47.22687464779503, 38.874 47.243, 38.8590383330057 47.226874647795036, 38.8590383330057 47.22687464779503)), ((-8.16 67.723, -7.763 67.568, -7.395 67.355, -7.062 67.089, -6.772 66.777, -6.532 66.425, -6.347 66.041, -6.221 65.634, -6.158 65.213, -6.158 64.787, -6.221 64.366, -6.347 63.959, -6.532 63.575, -6.772 63.223, -7.062 62.911, -7.395 62.645, -7.763 62.432, -8.16 62.277, -8.575 62.182, -9 62.15, -9.425 62.182, -9.84 62.277, -10.237 62.432, -10.605 62.645, -10.938 62.911, -11.228 63.223, -11.468 63.575, -11.653 63.959, -11.779 64.366, -11.842 64.787, -11.842 65.213, -11.779 65.634, -11.653 66.041, -11.468 66.425, -11.228 66.777, -10.938 67.089, -10.605 67.355, -10.237 67.568, -9.84 67.723, -9.425 67.818, -9 67.85, -8.575 67.818, -8.16 67.723), (-8.325 65.765, -8.361702127660182 65.78606382978758, -8 65.577, -8.191 65.688, -8.325 65.765), (-8.421524663677076 64.17935874439465, -8.638297872339365 64.05406382978785, -8.56 64.099, -8.421524663677076 64.17935874439465), (-8.578475336322924 65.91135874439465, -8.633 65.943, -8.82 66.051, -9 66.155, -8.578475336322924 65.91135874439465), (-9.421524663677076 64.08864125560535, -9.367 64.057, -9.18 63.949, -9 63.845, -9.421524663677076 64.08864125560535), (-9.361702127660182 65.94593617021242, -9.44 65.901, -9.57847533632148 65.82064125560619, -9.361702127660182 65.94593617021242), (-9.675 64.235, -9.638297872340297 64.21393617021269, -9.977576356775899 64.41003913421648, -9.977505595267436 64.40992733546956, -9.809 64.312, -9.675 64.235)), ((40.84 72.723, 41.237 72.568, 41.605 72.355, 41.938 72.089, 42.228 71.777, 42.468 71.425, 42.653 71.041, 42.779 70.634, 42.842 70.213, 42.842 69.787, 42.779 69.366, 42.653 68.959, 42.468 68.575, 42.228 68.223, 41.938 67.911, 41.605 67.645, 41.237 67.432, 40.84 67.277, 40.425 67.182, 40 67.15, 39.575 67.182, 39.16 67.277, 38.763 67.432, 38.395 67.645, 38.062 67.911, 37.772 68.223, 37.532 68.575, 37.347 68.959, 37.221 69.366, 37.158 69.787, 37.158 70.213, 37.221 70.634, 37.347 71.041, 37.532 71.425, 37.772 71.777, 38.062 72.089, 38.395 72.355, 38.763 72.568, 39.16 72.723, 39.575 72.818, 40 72.85, 40.425 72.818, 40.84 72.723), (41.75051649951913 69.96023843934607, 41.750516499519165 69.96023843934606, 41.75051649951919 69.96023843934606, 41.75051649951916 69.96023843934607, 41.75051649951913 69.96023843934607), (41.750516499519186 70.03976156065394, 41.75051649951918 70.03976156065394, 41.75051649951915 70.03976156065393, 41.75051649951916 70.03976156065393, 41.750516499519186 70.03976156065394), (41.115 70.299, 41.13116430610157 70.30063040551457, 41.13116430610157 70.30063040551458, 41.115 70.299), (40.675 70.765, 40.638297872340075 70.78606382978744, 41 70.577, 40.809 70.688, 40.675 70.765), (40.44 69.099, 40.57847533632148 69.17935874439381, 40.36170212766154 69.05406382978836, 40.44 69.099), (40.421524663676564 70.91135874439495, 40.367 70.943, 40.18 71.051, 40 71.155, 40.421524663676564 70.91135874439495), (40.34200885301394 71.58134071084496, 40.34200885301393 71.58134071084496, 40.34200885301393 71.58134071084494, 40.34200885301394 71.58134071084496), (39.578475336323436 69.08864125560505, 39.633 69.057, 39.82 68.949, 40 68.845, 39.578475336323436 69.08864125560505), (39.859808084757894 71.6150725621408, 39.85980808475789 71.61507256214078, 39.85980808475789 71.61507256214077, 39.859808084757894 71.61507256214078, 39.859808084757894 71.6150725621408), (39.638297872340075 70.94593617021256, 39.56 70.901, 39.421524663676564 70.82064125560505, 39.638297872340075 70.94593617021256), (39.191 69.312, 39.325 69.235, 39.361702127659925 69.21393617021256, 39.0224236432241 69.41003913421648, 39.02249440473256 69.40992733546956, 39.191 69.312), (38.2812995667446 71.07138425654038, 38.28129956674459 71.07138425654038, 38.281299566744615 71.07138425654037, 38.281299566744636 71.07138425654037, 38.2812995667446 71.07138425654038)))