MULTIPOLYGON (((36.685 -10.692, 36.739664866949475 -10.677968376397995, 36.789 -10.662, 36.826293103448265 -10.655732251521302, 36.872 -10.644, 36.949406691449816 -10.635040892193308, 37.027 -10.622, 37.06344306529951 -10.621842237812556, 37.088 -10.619, 37.19673118279573 -10.62126523297491, 37.258 -10.621, 37.27043014128728 -10.622800627943484, 37.28 -10.623, 37.472 -10.652, 37.659 -10.706, 37.671708052360174 -10.711528361761205, 37.68 -10.714, 37.71352673583398 -10.729720670391051, 37.836 -10.783, 37.86523182066702 -10.800855112083097, 37.889 -10.812, 37.94154736842109 -10.847469473684233, 38.021 -10.896, 38.05786746987951 -10.925985542168668, 38.089 -10.947, 38.12756716417911 -10.982674626865679, 38.171 -11.018, 38.20261022364216 -11.052089456869, 38.249 -11.095, 38.30190688259111 -11.159174089068845, 38.324 -11.183, 38.3354357912179 -11.199843413421707, 38.357 -11.226, 38.45 -11.367, 38.45263544610417 -11.372463060153425, 38.453 -11.373, 38.534 -11.537, 38.53875088214537 -11.550973182780512, 38.546 -11.566, 38.57215555555559 -11.649222222222326, 38.602 -11.737, 38.60497578475336 -11.753650224215212, 38.612 -11.776, 38.634373382624794 -11.918136783733969, 38.644 -11.972, 38.64413724405091 -11.980166021029307, 38.646 -11.992, 38.648 -12.21, 38.616 -12.44, 38.549 -12.66, 38.456 -12.857, 38.449553653898384 -12.866616680249956, 38.446 -12.874, 38.40733555555573 -12.929597777777522, 38.334 -13.039, 38.32200135787566 -13.052304616777326, 38.309 -13.071, 38.23835321456235 -13.145057319907053, 38.187 -13.202, 38.17309680908601 -13.213464034613288, 38.164 -13.223, 38.0255798319328 -13.335100840336112, 38.016 -13.343, 37.873 -13.432, 37.84152822791428 -13.447015943544166, 37.825 -13.457, 37.792044422507374 -13.47062586377099, 37.72 -13.505, 37.66699999999999 -13.522326923076928, 37.617 -13.543, 37.55539677891658 -13.558812591508042, 37.512 -13.573, 37.47891403379866 -13.578444526083766, 37.43 -13.591, 37.337687875150074 -13.601684273709482, 37.275 -13.612, 37.2464222346996 -13.612247426539398, 37.214 -13.616, 37.09584274809163 -13.61355114503817, 37.044 -13.614, 37.03210948081263 -13.612230248306998, 37.021 -13.612, 36.829 -13.582, 36.643 -13.529, 36.630091598599776 -13.523384480746795, 36.622 -13.521, 36.5861071428571 -13.504249999999983, 36.466 -13.452, 36.43902290076336 -13.435610687022903, 36.412 -13.423, 36.35828593213874 -13.386560808234828, 36.28 -13.339, 36.2404861878453 -13.306646408839775, 36.213 -13.288, 36.1786844461022 -13.25604364043268, 36.131 -13.217, 36.092745222929935 -13.176012738853506, 36.053 -13.139, 36.010880000000014 -13.08830000000002, 35.977 -13.052, 35.96081648522549 -13.028038361845502, 35.945 -13.009, 35.852 -12.868, 35.85018077709611 -12.86422890252215, 35.848 -12.861, 35.767 -12.697, 35.76120672327154 -12.679793103448304, 35.756 -12.669, 35.73392948717943 -12.598775641025469, 35.7 -12.498, 35.69702421524664 -12.481349775784789, 35.69 -12.459, 35.66846263345193 -12.321540925266753, 35.658 -12.263, 35.657845687517224 -12.253779829154068, 35.656 -12.242, 35.654 -12.025, 35.654014902055046 -12.024890397788724, 35.654 -12.024, 35.659035532995084 -11.987964467003906, 35.685 -11.797, 35.752 -11.575, 35.846 -11.378, 35.85074643713843 -11.370860730915735, 35.856 -11.36, 35.89626765188826 -11.302390804597819, 35.967 -11.196, 35.98278193799613 -11.178618541261013, 35.993 -11.164, 36.066475409836045 -11.086442622950841, 36.115 -11.033, 36.12482658959538 -11.024849710982654, 36.137 -11.012, 36.28 -10.896, 36.280646779303034 -10.895610612460423, 36.285 -10.892, 36.429 -10.803, 36.45684169014083 -10.789534084507052, 36.476 -10.778, 36.50742244367418 -10.765070190641246, 36.582 -10.729, 36.64329902605951 -10.709159252434844, 36.685 -10.692), (37.244 -13.289, 37.436 -13.257, 37.623 -13.194, 37.799 -13.098, 37.955 -12.974, 38.088 -12.827, 38.193 -12.661, 38.263 -12.496, 38.304 -12.342, 38.323 -12.196, 38.325 -12.058, 38.29 -11.828, 38.216 -11.62, 38.126 -11.461, 38.035 -11.343, 37.877 -11.193, 37.771 -11.119, 37.656 -11.056, 37.532 -11.006, 37.403 -10.969, 37.195 -10.943, 37.057 -10.946, 36.865 -10.977, 36.679 -11.041, 36.503 -11.137, 36.346 -11.261, 36.214 -11.408, 36.109 -11.574, 36.038 -11.738, 35.997 -11.892, 35.978 -12.039, 35.977 -12.177, 36.012 -12.407, 36.086 -12.615, 36.176 -12.774, 36.267 -12.892, 36.425 -13.041, 36.53 -13.116, 36.646 -13.179, 36.77 -13.229, 36.899 -13.265, 37.106 -13.292, 37.244 -13.289)), ((32.463 -10.677, 32.46239024390244 -10.66736585365852, 32.46 -10.656, 32.45954197447952 -10.646048354600422, 32.458 -10.638, 32.45659963389121 -10.600501307531358, 32.451 -10.554, 32.45100678329168 -10.553264012852525, 32.45 -10.545, 32.45071937086093 -10.497521523178829, 32.448 -10.458, 32.4486275635767 -10.449915504511893, 32.448 -10.44, 32.44937085539147 -10.425057676232962, 32.449 -10.417, 32.44954451166811 -10.411580812445985, 32.449 -10.397, 32.45268308605342 -10.367916320474698, 32.45276470588235 -10.362529411765058, 32.453 -10.337, 32.46198775773196 -10.27780476804121, 32.465 -10.239, 32.46741842187991 -10.228339201508955, 32.468 -10.222, 32.46913501144164 -10.216608695652237, 32.47 -10.208, 32.47633393177738 -10.181156193895847, 32.478 -10.168, 32.478905274488696 -10.164737890204531, 32.481 -10.15, 32.48183064840918 -10.14711538461541, 32.482 -10.146, 32.489381294964055 -10.120438848920779, 32.496 -10.089, 32.49945782263879 -10.077762076423936, 32.41963793103448 -10.073581034482759, 32.325 -10.071, 32.30621857734807 -10.067640020718233, 32.294 -10.067, 32.114 -10.034, 32.10920588235293 -10.032394630329195, 32.107 -10.032, 31.946 -9.981, 31.916472229675342 -9.967855379661927, 31.896 -9.961, 31.862436068702305 -9.943800572519091, 31.791 -9.912, 31.741549685190254 -9.881853818779085, 31.695 -9.858, 31.646304918032797 -9.823790163934435, 31.604 -9.798, 31.575897688145595 -9.77432685686178, 31.537 -9.747, 31.475477386934653 -9.68973366834169, 31.42 -9.643, 31.398495526748224 -9.618077597224763, 31.378 -9.599, 31.303037423846835 -9.507447345517857, 31.269 -9.468, 31.263262184550182 -9.458869389327681, 31.256 -9.45, 31.154 -9.285, 31.073 -9.108, 31.06793103448276 -9.091344827586218, 31.066 -9.087, 31.059570370370373 -9.063874074074091, 31.017 -8.924, 31.012090749208582 -8.893100597959895, 31.004 -8.864, 30.996469945355194 -8.794781420765053, 30.983 -8.71, 30.981681475707976 -8.658841257469453, 30.978 -8.625, 30.979729548660085 -8.58310648801127, 30.978 -8.516, 30.984984118291344 -8.455829134720734, 30.987 -8.407, 30.99886735751296 -8.336219689119135, 31.004 -8.292, 31.009811702925735 -8.270944486121529, 31.015 -8.24, 31.063 -8.078, 31.063183228108702 -8.07758207521273, 31.065 -8.071, 31.138 -7.903, 31.144673200285105 -7.891711689237349, 31.152 -7.875, 31.19439529411765 -7.807602352941171, 31.245 -7.722, 31.25883069262109 -7.705166591217754, 31.269 -7.689, 31.347797687861224 -7.5968843930636405, 31.397 -7.537, 31.40526380873867 -7.529705688375921, 31.411 -7.523, 31.575 -7.379, 31.769 -7.256, 31.77037814301484 -7.255395437262356, 31.771 -7.255, 31.982 -7.162, 32.192 -7.106, 32.20088286544047 -7.1049356935416945, 32.212 -7.102, 32.28119298245612 -7.095313283208022, 32.409 -7.08, 32.432905672009866 -7.080651972872996, 32.45 -7.079, 32.534362068965535 -7.083418965517242, 32.629 -7.086, 32.64778142265193 -7.089359979281768, 32.66 -7.09, 32.84 -7.123, 32.84493939393941 -7.124631359466226, 32.847 -7.125, 33.008 -7.176, 33.03092849344981 -7.186058951965072, 33.058 -7.195, 33.09781497605573 -7.215402699172835, 33.163 -7.244, 33.21083706070286 -7.273319488817881, 33.259 -7.298, 33.312986332574084 -7.335927107061537, 33.349 -7.358, 33.372079193310356 -7.377441711756007, 33.417 -7.409, 33.488049091611884 -7.475133745651312, 33.533 -7.513, 33.55042413730145 -7.533193536607635, 33.576 -7.557, 33.65651435045323 -7.656145770392814, 33.684 -7.688, 33.68961365461846 -7.6969044176706625, 33.697 -7.706, 33.8 -7.872, 33.88 -8.049, 33.88199689922482 -8.055561240310135, 33.888 -8.069, 33.90498734177213 -8.131101265822691, 33.936 -8.233, 33.94066755572491 -8.261538769289409, 33.949 -8.292, 33.95648318515656 -8.358240046385806, 33.971 -8.447, 33.9723359063745 -8.498565986055725, 33.976 -8.531, 33.974268008474574 -8.573145127118675, 33.976 -8.64, 33.96920323325635 -8.696387990762126, 33.967 -8.75, 33.953076497232 -8.830180171112314, 33.949 -8.864, 33.944118698319556 -8.88176473726326, 33.938 -8.917, 33.92398594432314 -8.965303766375545, 33.928 -8.965, 33.952568401371124 -8.96645839825491, 33.976 -8.965, 33.982347778981584 -8.965585048754063, 33.994 -8.965, 34.004953374233125 -8.966247852760736, 34.014 -8.966, 34.04947129506009 -8.970105473965287, 34.084 -8.971, 34.11459607993851 -8.976076479631052, 34.147 -8.978, 34.17631276595745 -8.983462006079026, 34.193 -8.985, 34.208830100853376 -8.988549780191363, 34.23 -8.991, 34.253055135951655 -8.997334969788518, 34.277 -9.001, 34.2882876960193 -9.004326899879374, 34.308 -9.008, 34.3412152588556 -9.018236148955499, 34.358 -9.022, 34.39760220994472 -9.035613259668498, 34.44070229007634 -9.048895674300256, 34.452 -9.052, 34.45479069767442 -9.053237384817903, 34.467 -9.057, 34.482328358208946 -9.064737873134325, 34.518 -9.077, 34.52205405405406 -9.07902702702703, 34.525 -9.08, 34.61148291571754 -9.122714123006835, 34.664 -9.146, 34.6804647993944 -9.156784443603334, 34.689 -9.161, 34.698210526315805 -9.167105263157902, 34.716 -9.176, 34.78599999999997 -9.224999999999982, 34.847 -9.264, 34.85525000000002 -9.271200000000016, 34.864 -9.277, 34.87674792243765 -9.288523545706356, 34.896 -9.302, 34.95789895988112 -9.36078454680534, 35.012 -9.408, 35.022890013805814 -9.420629391010905, 35.041 -9.437, 35.05080287967088 -9.449014055536495, 35.055 -9.453, 35.08317073170734 -9.4886829268293, 35.11134972244248 -9.523218080888157, 35.156 -9.575, 35.16388741379311 -9.58760637931035, 35.174 -9.6, 35.18441860465117 -9.616930232558154, 35.19 -9.624, 35.20658181818178 -9.652945454545389, 35.27 -9.756, 35.271826577517764 -9.760124529878814, 35.273 -9.762, 35.2892634957689 -9.797275751386064, 35.304 -9.823, 35.3146666666669 -9.851227642277037, 35.317271239282924 -9.858024941543237, 35.344 -9.916, 35.35310226385637 -9.943650273224062, 35.363 -9.966, 35.37289311859444 -10.003184480234276, 35.387 -10.04, 35.39115812516096 -10.059253927375753, 35.397 -10.077, 35.40849510650546 -10.136998848589485, 35.421 -10.184, 35.424987096774196 -10.21589677419356, 35.433 -10.253, 35.43360972316003 -10.26186130992573, 35.436 -10.273, 35.43645802552048 -10.282951645399578, 35.438 -10.291, 35.43931073446328 -10.330485875706199, 35.445 -10.376, 35.44440828856485 -10.418800460475842, 35.448 -10.471, 35.44619065247571 -10.494415085608495, 35.447 -10.512, 35.44574929451953 -10.524447497400896, 35.446 -10.532, 35.44244089812582 -10.561108368899559, 35.442 -10.593, 35.43479453924915 -10.641894197952254, 35.431 -10.691, 35.42750379106993 -10.706033698399294, 35.426 -10.721, 35.419704297758585 -10.747061279045878, 35.418 -10.761, 35.4163839009288 -10.766823529411747, 35.414 -10.783, 35.39578230426481 -10.846087205601494, 35.383 -10.899, 35.38206412966878 -10.901424242424268, 35.381 -10.906, 35.368912389380526 -10.939136725663724, 35.36 -10.97, 35.345033350703496 -11.004598228243871, 35.323 -11.065, 35.30619094977622 -11.097963202386895, 35.3 -11.114, 35.29071408250357 -11.130167445641105, 35.283 -11.148, 35.278395348837215 -11.155720930232558, 35.273 -11.168, 35.26026233486114 -11.188031005661927, 35.246 -11.216, 35.21696038415364 -11.258733093237332, 35.214546984572316 -11.262779803646417, 35.188 -11.309, 35.163173054854255 -11.340711728253394, 35.149 -11.363, 35.136213627992625 -11.377555555555565, 35.123 -11.397, 35.09863052208838 -11.42315261044174, 35.069 -11.461, 35.05805544147843 -11.471663928815891, 35.049 -11.483, 35.01627879799667 -11.514085141903166, 34.99 -11.544, 34.97220338983052 -11.558830508474568, 34.959 -11.573, 34.9341698113207 -11.592373004354181, 34.913 -11.613, 34.90927067669173 -11.61574285714285, 34.909 -11.616, 34.90579069767433 -11.61830232558146, 34.863604395604455 -11.649329670329628, 34.822 -11.684, 34.79343055555555 -11.70218055555556, 34.777 -11.715, 34.765695465207195 -11.721340109460519, 34.758 -11.727, 34.741740279937794 -11.73599066874028, 34.725 -11.748, 34.708029801324514 -11.756526490066221, 34.679 -11.775, 34.619592119275815 -11.803531416400432, 34.588 -11.821, 34.560159982371104 -11.832074482150722, 34.527 -11.848, 34.523942307692316 -11.84901923076923, 34.52 -11.851, 34.462116541353346 -11.871075187969938, 34.407 -11.893, 34.39135545954438 -11.896932050274943, 34.386 -11.899, 34.37375257731959 -11.901721649484536, 34.347 -11.911, 34.324662650602406 -11.915445783132531, 34.317 -11.918, 34.28377047487955 -11.923972126634549, 34.22 -11.94, 34.18282710280374 -11.94414953271028, 34.161 -11.949, 34.153831394492705 -11.949446178766014, 34.141 -11.952, 34.12271118058658 -11.95291826708352, 34.1 -11.957, 34.057141045154744 -11.958179604261797, 34.005 -11.964, 33.948313752591574 -11.962237733241189, 33.92 -11.964, 33.91365222101842 -11.963414951245937, 33.902 -11.964, 33.89070155148095 -11.962760507757404, 33.882 -11.963, 33.84843059892138 -11.959132557479421, 33.812 -11.958, 33.75839002521714 -11.949105071448585, 33.703 -11.944, 33.687936323794794 -11.940642433616912, 33.665 -11.938, 33.625125506819025 -11.926993918171767, 33.589 -11.921, 33.5665604734946 -11.913588780236749, 33.537 -11.907, 33.47504438110749 -11.885568811074918, 33.444 -11.877, 33.44298179979777 -11.876548533872597, 33.441 -11.876, 33.418715978128816 -11.866084143377892, 33.378 -11.852, 33.37394594594594 -11.84997297297297, 33.371 -11.849, 33.274141689373295 -11.80175204359673, 33.232 -11.783, 33.22024179620035 -11.775459412780656, 33.207 -11.769, 33.19216949152542 -11.759084745762712, 33.18 -11.753, 33.122962962962916 -11.713074074074042, 33.048 -11.665, 33.04081632653063 -11.658730612244915, 33.032 -11.653, 33.01482479784365 -11.637377358490559, 33 -11.627, 32.94944130757798 -11.578985141158961, 32.883 -11.521, 32.86932573439415 -11.505030752754005, 32.855 -11.492, 32.85470253913957 -11.491635442704895, 32.854 -11.491, 32.846768729641624 -11.481912052117186, 32.845197120329104 -11.479985944463495, 32.841 -11.476, 32.806636363636436 -11.432727272727366, 32.79092258652088 -11.413469034608294, 32.74 -11.354, 32.73181514990243 -11.341029093489446, 32.722 -11.329, 32.71420253164556 -11.316329113924033, 32.706 -11.306, 32.68281355932209 -11.265322033898407, 32.634421052631374 -11.186684210525993, 32.622 -11.167, 32.604216358839054 -11.127875989445917, 32.598 -11.118, 32.59589156626506 -11.112827309236954, 32.592 -11.106, 32.59170901837523 -11.10523924081235, 32.591 -11.104, 32.57867630057803 -11.071687861271663, 32.552 -11.013, 32.54289773614364 -10.985349726775954, 32.533 -10.963, 32.52940243902438 -10.949707317073136, 32.523 -10.934, 32.517600411946454 -10.912842430484048, 32.511 -10.896, 32.510095051060496 -10.891871170463489, 32.509 -10.889, 32.50484187483904 -10.86974607262423, 32.499 -10.852, 32.48974598316755 -10.803698546289189, 32.487425696594514 -10.794606811145849, 32.474 -10.745, 32.46923965141611 -10.705468409585992, 32.463 -10.677), (34.308429082240764 -9.008471990464837, 34.31117111913357 -9.009377617328516, 34.308 -9.008, 34.308429082240764 -9.008471990464837), (32.762532326569136 -9.548318546484191, 32.773 -9.533, 32.79247088353411 -9.512104417670711, 32.827 -9.468, 32.83762731931438 -9.457646934087283, 32.847 -9.446, 32.87972120200333 -9.414914858096834, 32.906 -9.385, 32.92743414057885 -9.3672658003544, 32.937 -9.357, 32.957366748166265 -9.340997555012217, 32.982 -9.317, 32.985524096385554 -9.314402108433725, 32.987 -9.313, 32.999453038673956 -9.30413397790061, 33.038751269035515 -9.27516412859561, 33.074 -9.246, 33.096478260869574 -9.231695652173906, 33.119 -9.214, 33.130378534333516 -9.207618388151571, 33.138 -9.202, 33.159976276638524 -9.189848411741051, 33.171 -9.182, 33.18861168384876 -9.173065292096236, 33.217 -9.155, 33.26719203747074 -9.130564402810295, 33.308 -9.108, 33.3379365079365 -9.09612301587302, 33.369 -9.081, 33.37216822429906 -9.079943925233646, 33.376 -9.078, 33.43025155104344 -9.059498025944722, 33.492 -9.035, 33.50567661870503 -9.031669424460432, 33.51 -9.03, 33.51095681063123 -9.029787375415282, 33.513 -9.029, 33.53141869918699 -9.02499593495935, 33.549 -9.019, 33.564449999999994 -9.01585, 33.56487139689579 -9.015709534368069, 33.609 -8.894, 33.64 -8.748, 33.651 -8.531, 33.639 -8.402, 33.612 -8.273, 33.57 -8.146, 33.513 -8.025, 33.399 -7.85, 33.307 -7.747, 33.158 -7.621, 32.989 -7.521, 32.802 -7.449, 32.606 -7.41, 32.408 -7.405, 32.214 -7.433, 32.043 -7.486, 31.899 -7.555, 31.775 -7.635, 31.669 -7.724, 31.517 -7.9, 31.407 -8.092, 31.345 -8.263, 31.314 -8.409, 31.303 -8.626, 31.315 -8.755, 31.342 -8.883, 31.384 -9.01, 31.44 -9.132, 31.555 -9.307, 31.646 -9.41, 31.795 -9.536, 31.964 -9.636, 32.152 -9.708, 32.347 -9.746, 32.545 -9.752, 32.63683700392099 -9.738813148154936, 32.65 -9.713, 32.67311231101511 -9.679177105831544, 32.70654545454544 -9.622545454545474, 32.708 -9.62, 32.708195965417865 -9.619749691230956, 32.711 -9.615, 32.73407404744788 -9.586327102803732, 32.747 -9.566, 32.762532326569136 -9.548318546484191)), ((27.23376490932132 5.865426318009646, 28.062 6.715, 28.07532434744789 6.725094626293155, 28.086 6.736, 29.106032835820848 7.505967164179068, 29.968 8.159, 29.979332764983315 8.16517365863853, 29.995 8.177, 31.03834883720892 8.742085271317622, 32.068 9.303, 32.08629298194807 9.309659394407442, 32.098 9.316, 33.16881460330415 9.703741586783622, 34.315 10.121, 34.328954373637245 10.123827784760108, 34.346 10.13, 35.37358064516131 10.335516129032264, 36.659 10.596, 36.68164138315672 10.597128276631345, 36.691 10.599, 37.52002326543281 10.638906938269056, 39.047 10.715, 39.06447386267307 10.713252613732694, 39.08 10.714, 40.41456097560979 10.578243902439022, 41.427 10.477, 41.438442798896396 10.474091148662072, 41.459 10.472, 42.61979690842603 10.173781450555488, 43.744 9.888, 43.76244396465536 9.880225751740095, 43.775 9.877, 44.71467678471051 9.478853569421021, 45.948 8.959, 45.96248467101769 8.950150227947544, 45.977 8.944, 47.12327169505308 8.240938361719165, 47.989 7.712, 47.99812110884754 7.704352607429135, 48.015 7.694, 48.93959616502096 6.914993608366703, 49.821 6.176, 49.83348317487981 6.161860813291532, 49.844 6.153, 50.48375924838543 5.425319436288643, 51.404 4.383, 51.414664713650595 4.366480794353095, 51.423 4.357, 52.09078865560791 3.319192437073022, 52.701 2.374, 52.70574678223887 2.363488578761697, 52.717 2.346, 53.233967429767695 1.1937804578619873, 53.685 0.195, 53.68989787810729 0.1776004391929454, 53.696 0.164, 54.03799431818193 -1.059001420454947, 54.333 -2.107, 54.33458819029881 -2.1196468979163914, 54.34 -2.139, 54.51471344289949 -3.554000000001679, 54.631 -4.48, 54.630675018142455 -4.4931700274813355, 54.633 -4.512, 54.597292764533655 -5.84600000000046, 54.572 -6.871, 54.56947265446293 -6.885341924674261, 54.569 -6.903, 54.3548654634945 -8.10317309269989, 54.157 -9.226, 54.15172992443289 -9.241699423535637, 54.149 -9.257, 53.82399961110638 -10.217999844443934, 53.396 -11.493, 53.38662022288356 -11.51129529395398, 53.383 -11.522, 52.97598438376662 -12.312242191883257, 52.305 -13.621, 52.294087917129175 -13.636179989208555, 52.288 -13.648, 51.63446275214708 -14.553796085480208, 50.909 -15.563, 50.89867370702519 -15.573592338869306, 50.889 -15.587, 50.06823509067868 -16.425426318009652, 49.24 -17.275, 49.2266756525521 -17.285094626293162, 49.216 -17.296, 48.19596716417981 -18.06596716417857, 47.334 -18.719, 47.32266723501668 -18.725173658638536, 47.307 -18.737, 46.17085486393551 -19.352637159837037, 45.234 -19.863, 45.21873725349656 -19.86855626463721, 45.205 -19.876, 44.04303077936719 -20.296561558735043, 42.987 -20.681, 42.97306285509461 -20.68382429344286, 42.956 -20.69, 41.928419354838674 -20.895516129032266, 40.643 -21.156, 40.620358616843276 -21.157128276631344, 40.611 -21.159, 39.78197673456682 -21.198906938269072, 38.255 -21.275, 38.237526137326945 -21.273252613732694, 38.222 -21.274, 36.887439024389415 -21.13824390243894, 35.875 -21.037, 35.86355720110361 -21.034091148662075, 35.843 -21.032, 34.68220309157399 -20.733781450555494, 33.558 -20.448, 33.53955603534464 -20.440225751740098, 33.527 -20.437, 32.58732321528883 -20.03885356942075, 31.354 -19.519, 31.339515328982323 -19.510150227947552, 31.325 -19.504, 30.17872830494609 -18.800938361718654, 29.313 -18.272, 29.303878891152458 -18.264352607429135, 29.287 -18.254, 28.362403834978963 -17.474993608366642, 27.481 -16.736, 27.46851682512019 -16.721860813291535, 27.458 -16.713, 26.818240751614447 -15.985319436288503, 25.898 -14.943, 25.88733528634941 -14.926480794353095, 25.879 -14.917, 25.21121134439197 -13.879192437072835, 24.601 -12.934, 24.596253217761134 -12.9234885787617, 24.585 -12.906, 24.06803257023199 -11.75378045786128, 23.617 -10.755, 23.612102121892722 -10.737600439192965, 23.606 -10.724, 23.26400568181813 -9.500998579545273, 22.969 -8.453, 22.967411809701186 -8.440353102083584, 22.962 -8.421, 22.78728655710072 -7.00600000000005, 22.671 -6.08, 22.67132498185755 -6.066829972518641, 22.669 -6.048, 22.699220967517068 -4.9363333333338115, 22.73 -3.689, 22.73370102122285 -3.6679978193257696, 22.734 -3.657, 22.89844738179965 -2.7331118454501855, 23.145 -1.334, 23.150283912106765 -1.3182593577581603, 23.153 -1.303, 23.478000388893182 -0.342000155557364, 23.906 0.933, 23.915379777116453 0.9512952939539991, 23.919 0.962, 24.326015616233217 1.7522421918829438, 24.997 3.061, 25.00791208287081 3.076179989208536, 25.014 3.088, 25.667537247853154 3.993796085480536, 26.393 5.003, 26.403326292974818 5.013592338869317, 26.413 5.027, 27.23376490932132 5.865426318009646), (30.96590167637496 1.110613522018799, 30.896799519822153 1.014897163456512, 30.439721370388074 0.3817786296118264, 30.124900452488685 -0.0560135746606371, 29.779507248791816 -0.7261268121980683, 29.438702191383914 -1.3917225924513834, 29.272430005282516 -1.8839300052829293, 28.96306334201531 -2.8048807654712316, 28.835661231884146 -3.5206666666661657, 28.702727371931257 -4.276182658367531, 28.700918411267367 -4.34374733916384, 28.69745534885697 -4.473092720192176, 28.68293752788935 -5.015333333332759, 28.664245371992216 -5.7700922768549425, 28.68120153785516 -5.907502079995641, 28.699868176846657 -6.0587732582710006, 28.755014160485423 -6.505666666666035, 28.848708356937923 -7.252701577091071, 29.045552731893302 -7.957815756035708, 29.0608683109764 -8.012233332086513, 29.252428184133414 -8.692862115970327, 29.406850112304234 -9.036778926586058, 29.474683182241204 -9.187851597050258, 29.52802807913221 -9.306657306956213, 29.86629243130824 -10.055789091775319, 30.16718099127504 -10.523879339149413, 30.566654631707763 -11.142053714911517, 30.678049623092598 -11.314434373589654, 30.96059170616075 -11.63590829383842, 31.66529200313924 -12.43466363550969, 31.791315450462864 -12.540748058387882, 31.8463886945078 -12.587107790918715, 32.07928213879413 -12.783153583617786, 32.512939665418045 -13.146744173625608, 32.80973663580764 -13.395587048362737, 33.28272760467433 -13.68577239532651, 34.0826486528337 -14.17450847102545, 34.87418399760178 -14.509632004794364, 35.455143633930845 -14.754579427658793, 35.96291939081364 -14.885120258039166, 36.1170937313235 -14.924755955806733, 36.18753376623366 -14.94286493506491, 36.90964950938618 -15.12638606315892, 37.29289992513871 -15.165303892868828, 37.48544354829623 -15.184856069800087, 37.63650000000015 -15.200195359784816, 38.38979517671949 -15.275676853618831, 39.131249999999866 -15.240416778298734, 39.88927452947184 -15.20233785016049, 40.21296352380767 -15.137423413370083, 40.47818748234157 -15.084233888261648, 40.569009919405225 -15.066019838809593, 40.745587011459044 -15.030342829084043, 41.34927875068526 -14.90836825242127, 41.65976715296047 -14.796106253591516, 41.75359264516232 -14.762182161037394, 41.96287793733687 -14.68651174934724, 42.76068900098695 -14.39557210220419, 43.16114007782141 -14.17828015564181, 43.45568237011557 -14.01788583805588, 44.069304053786816 -13.683735416254704, 44.46359817649018 -13.386279665682176, 44.557964644659094 -13.315089538815435, 44.69739966555244 -13.209899665551387, 45.26021876065462 -12.783650443232187, 45.74599131419963 -12.28766087613269, 45.895827746885786 -12.13394564796952, 46.30745303037672 -11.711664676411223, 46.73493310810889 -11.118866216215128, 47.177099547511304 -10.50398642533938, 47.21334618252635 -10.433662661930622, 47.38730169574989 -10.096163571311529, 47.52249275120825 -9.83387318780181, 47.863297808616096 -9.168277407548599, 47.95831222537908 -8.8870108809385, 47.97319680317082 -8.842948793960867, 48.0295699947169 -8.676069994718796, 48.3362218579719 -7.763200897592043, 48.338936657984696 -7.755119234528747, 48.466338768115854 -7.039333333333836, 48.59928070325848 -6.283771447117845, 48.605318642500016 -6.0637548318284455, 48.60906039855107 -5.927408891821736, 48.61938107987508 -5.551333333332164, 48.629975951583276 -5.134787587752407, 48.63874796679246 -4.789908884528317, 48.546655877725414 -4.047666666667306, 48.45330430792386 -3.3073437895779865, 48.256447268107344 -2.60218424396659, 48.081546697356856 -1.9807474012259645, 48.04957181586657 -1.8671378840296307, 48.03903950489107 -1.8436811195531526, 47.948129665673 -1.6412136181573431, 47.663112043140124 -1.0064439784313512, 47.439035430699306 -0.509388040085426, 47.25731126868115 -0.2266810207081727, 47.19472700636153 -0.1293191175698609, 47.038121613485735 0.1143108067431027, 46.82727830549164 0.4401831608472879, 46.623964165613565 0.7544186849199298, 46.450542006557924 0.9517369064188966, 46.445705941780574 0.9572393387846146, 46.341408293838555 1.0759082938392104, 45.98991709143843 1.4743123766405635, 45.63668194505254 1.874693164404556, 45.29908403361334 2.1591260504202556, 44.48956653842061 2.837848142459579, 44.26840884664403 2.97342440405888, 44.23728509608267 2.992504191490919, 44.20473054971333 3.0124610994300514, 43.219351347166324 3.61450847102544, 42.42781600239622 3.9496320047952085, 41.846856366069176 4.1945794276587876, 41.114466233766024 4.382864935064989, 40.483356437686204 4.543257479925053, 40.392350490613815 4.56638606315892, 40.094857310174774 4.5965955253285875, 39.92830747536934 4.613508117834049, 39.66550000000019 4.640195359784782, 39.4406368237195 4.662727043218422, 38.91220482328051 4.715676853618833, 38.17074999999997 4.680416778298726, 37.41273754888823 4.642338456909992, 36.663499999999765 4.491979522184252, 36.01148115578513 4.360240561168872, 35.954978155369396 4.3488242552828265, 35.27917469879534 4.104650602409697, 34.54131099901305 3.83557210220419, 34.394588972522065 3.7559580954400555, 34.36474743356852 3.739765540437101, 34.140859922178514 3.6182801556417643, 33.61916199656579 3.3341872258526606, 33.23269594621318 3.1237354162547035, 32.945501118489354 2.907075445633209, 32.91796759569011 2.8863041375700726, 32.60460033444764 2.6498996655514433, 32.33566239525391 2.4462203866658534, 32.04180419735396 2.2236678304057724, 31.687094334147712 1.861150955856226, 31.61978761679612 1.7923628466394783, 31.432028632276047 1.6004713677232691, 30.998369678466208 1.1555863432011928, 30.96590167637496 1.110613522018799)), ((30.45916393442623 -3.1374437535330704, 30.466 -3.12, 30.49520237388724 -3.0707519287833875, 30.541 -2.986, 30.542026968716293 -2.9846030204962197, 30.545 -2.979, 30.5686591041303 -2.9459255381035616, 30.575 -2.934, 30.58020860108749 -2.927393969352449, 30.584 -2.921, 30.603462861610655 -2.8972713057075583, 30.643 -2.842, 30.664406739188106 -2.818130538604413, 30.677 -2.801, 30.690545454545457 -2.7874545454545436, 30.698 -2.778, 30.71132686084143 -2.7649546925566266, 30.725 -2.748, 30.728540389229533 -2.7447795254598835, 30.73 -2.743, 30.739563093981 -2.734327877507914, 30.756 -2.716, 30.797499999999996 -2.680500000000004, 30.837 -2.641, 30.86935294117647 -2.6166302521008395, 30.891 -2.597, 30.90080310163391 -2.5904286901135305, 30.908 -2.584, 30.9170386619139 -2.578244036194134, 30.922 -2.574, 30.94508013765978 -2.5595889872173077, 30.991 -2.525, 30.996043110735418 -2.522213017751479, 30.999 -2.52, 31.038893780957622 -2.4978624105668685, 31.073 -2.475, 31.086599338660783 -2.468576191788375, 31.089 -2.467, 31.09895000000001 -2.4623999999999957, 31.109 -2.456, 31.116021019291672 -2.452855168442273, 31.127 -2.446, 31.148675311819453 -2.436943179568398, 31.172 -2.424, 31.178161116111614 -2.421568856885687, 31.181 -2.42, 31.22873913043478 -2.401434782608697, 31.272 -2.381, 31.28070803782506 -2.3783711583924334, 31.288 -2.375, 31.294726732673265 -2.3728099009901005, 31.301 -2.37, 31.326473684210534 -2.3624736842105234, 31.328404733727808 -2.361844970414202, 31.34 -2.357, 31.345198215302823 -2.3556569204480744, 31.357 -2.351, 31.361 -2.35, 31.377307692307713 -2.345923076923072, 31.417 -2.333, 31.456999999999997 -2.323909090909092, 31.477 -2.318, 31.48656460674159 -2.316567415730334, 31.49718691588785 -2.31477570093458, 31.549 -2.303, 31.603930337078655 -2.296770786516854, 31.65 -2.289, 31.681889215948623 -2.287311747390955, 31.704 -2.284, 31.716545454545457 -2.284, 31.743 -2.281, 31.761264150943397 -2.2813805031446543, 31.765 -2.281, 31.784866366763694 -2.281860015877216, 31.82 -2.28, 31.865283806343914 -2.2835475792988316, 31.886999999999986 -2.284, 31.929 -2.284, 31.96897889182058 -2.2898302550571676, 31.996 -2.291, 32.01829544034978 -2.295534665833854, 32.037 -2.297, 32.06975607180569 -2.3045269271383293, 32.121 -2.312, 32.13289898642846 -2.315375193265764, 32.15 -2.318, 32.196024390243906 -2.3316829268292687, 32.232 -2.339, 32.251672706019875 -2.346329047340738, 32.272 -2.351, 32.30070731707315 -2.362804878048773, 32.31315238095247 -2.3665047619047863, 32.329 -2.371, 32.33050798722045 -2.371664536741214, 32.335 -2.373, 32.37106481481485 -2.389537037037053, 32.38972682926829 -2.3977609756097538, 32.436 -2.415, 32.46578953049111 -2.4306891527253156, 32.486 -2.439, 32.49360070052538 -2.443535901926437, 32.506 -2.449, 32.52207606351696 -2.458781219368752, 32.54 -2.467, 32.560574961360125 -2.480609479649665, 32.586 -2.494, 32.63839263803681 -2.5295521472392672, 32.672 -2.55, 32.69206399999999 -2.5659719999999933, 32.726 -2.589, 32.73049442839457 -2.5930041271151576, 32.732 -2.594, 32.779122068550826 -2.6352748045700682, 32.824 -2.671, 32.826610389610394 -2.673688311688317, 32.827 -2.674, 32.831593834505114 -2.6787950243374583, 32.843 -2.688, 32.85692542372882 -2.7034237288135645, 32.869 -2.714, 32.87876476849389 -2.7250995210218254, 32.891 -2.736, 32.91470639899623 -2.764414052697615, 32.958 -2.809, 32.963245179063364 -2.8162121212121236, 32.964 -2.817, 32.982141732283424 -2.8418092065414466, 32.996 -2.857, 32.99711295911297 -2.8586947331947408, 33.001 -2.863, 33.004118924508774 -2.867588417786945, 33.008 -2.872, 33.01952716659184 -2.890050291872494, 33.032 -2.905, 33.051304397815414 -2.9363906294911613, 33.081 -2.977, 33.08340845070425 -2.981436619718341, 33.086 -2.985, 33.09367820069204 -2.9993438914027153, 33.105 -3.016, 33.11872936837249 -3.0438833563853787, 33.128 -3.058, 33.13112653631285 -3.064802793296088, 33.137 -3.074, 33.139600958247776 -3.079968514715948, 33.147 -3.092, 33.159878787878775 -3.1223030303029984, 33.176 -3.152, 33.1902609903992 -3.1891589186458007, 33.202 -3.213, 33.21089163154725 -3.2383576158940004, 33.219 -3.256, 33.22510079575598 -3.2757665782493572, 33.232 -3.292, 33.23684101748808 -3.31052941176472, 33.247 -3.337, 33.25022468544038 -3.350529658478102, 33.25047409326423 -3.3512409326424275, 33.256 -3.366, 33.25805804111247 -3.376066505441425, 33.263619666048236 -3.400567717996279, 33.269 -3.418, 33.277017278617706 -3.4595896328293394, 33.28518225806453 -3.4955596774194078, 33.29 -3.514, 33.29049374739475 -3.5189589412255056, 33.293 -3.53, 33.293987466767945 -3.5476224838587056, 33.301 -3.584, 33.301155906777396 -3.586871283150295, 33.302 -3.591, 33.31035908141962 -3.718475991649208, 33.313 -3.745, 33.31260790667531 -3.7527705767984645, 33.314 -3.774, 33.312521197007484 -3.796182044887739, 33.313 -3.805, 33.30839393939393 -3.8580909090910542, 33.303867924528305 -3.92598113207539, 33.302 -3.963, 33.3010891566265 -3.967662650602405, 33.3 -3.984, 33.29586151415027 -4.002543600057454, 33.294 -4.024, 33.27440107430618 -4.104280214861218, 33.26 -4.178, 33.25359520639149 -4.195916111850839, 33.249 -4.217, 33.24328352234823 -4.231742494996689, 33.242 -4.237, 33.219122137404696 -4.294053435114209, 33.21130944625405 -4.3142019543974595, 33.186 -4.385, 33.178149532710286 -4.399719626168213, 33.173 -4.413, 33.16689675711449 -4.424294506949045, 33.161 -4.439, 33.13459999999999 -4.48406206896554, 33.086 -4.574, 33.08308571428572 -4.577964285714275, 33.082 -4.58, 33.06139575971732 -4.609014134275615, 33.045 -4.637, 33.019285714285715 -4.668311953352773, 32.984 -4.718, 32.9625932608119 -4.741869461395584, 32.95 -4.759, 32.92504884792627 -4.783795207373272, 32.898 -4.817, 32.883472151251915 -4.8300929994890165, 32.871 -4.844, 32.824055525313014 -4.8841573217201955, 32.79 -4.918, 32.76522318526542 -4.93666305525462, 32.736 -4.963, 32.72596540540541 -4.969671351351347, 32.72 -4.975, 32.71155323246217 -4.980394222833561, 32.705 -4.986, 32.674593765221644 -5.004929371651233, 32.636 -5.034, 32.593766360194685 -5.057561925365072, 32.554 -5.084, 32.53545409659002 -5.092853571979638, 32.518 -5.104, 32.50919591141396 -5.107897643384444, 32.501 -5.113, 32.47378203723988 -5.124500547645121, 32.446 -5.14, 32.39454113821137 -5.160123577235776, 32.355 -5.179, 32.33463608995928 -5.18517673100761, 32.326 -5.189, 32.309600770218225 -5.1938729139922994, 32.288 -5.203, 32.279258392480344 -5.205206215231151, 32.267 -5.21, 32.20247637795275 -5.225704161979754, 32.151 -5.241, 32.150173736525275 -5.2411273974520505, 32.144 -5.243, 32.10354267782428 -5.249783263598324, 32.078 -5.256, 32.04196589595375 -5.260107514450868, 31.977 -5.271, 31.945574380165286 -5.272673553719009, 31.924 -5.276, 31.903347144240076 -5.275908615682478, 31.885 -5.278, 31.873952989771833 -5.277828284815106, 31.863 -5.279, 31.843019633855135 -5.278135049084638, 31.808 -5.28, 31.75679862961553 -5.276007232584698, 31.692 -5.275, 31.661322633594743 -5.270269378077694, 31.632 -5.269, 31.61098290854573 -5.264636281859071, 31.59 -5.263, 31.555126343443998 -5.2548032003821366, 31.507 -5.248, 31.49550025239778 -5.244698637051994, 31.478 -5.242, 31.425677668031796 -5.226161888701517, 31.396 -5.22, 31.37685112920572 -5.212900906437241, 31.356 -5.208, 31.327963316488866 -5.196601909039866, 31.298 -5.188, 31.294390977443605 -5.186421052631578, 31.293 -5.186, 31.284086956521744 -5.181913043478263, 31.233123287671237 -5.159616438356167, 31.191 -5.144, 31.163858319604614 -5.129886326194401, 31.142 -5.121, 31.1339914346895 -5.116246252676656, 31.122 -5.111, 31.098686039544635 -5.0968999400838815, 31.088 -5.092, 31.076550458715595 -5.084486238532109, 31.041 -5.066, 30.991718816067664 -5.032207188160684, 30.955 -5.01, 30.929297872340413 -4.9894042553191404, 30.901 -4.97, 30.897937046004838 -4.967271186440676, 30.896 -4.966, 30.852573426573446 -4.927923076923094, 30.804 -4.889, 30.798564742589694 -4.883361934477371, 30.787 -4.874, 30.770712833545105 -4.85614675984752, 30.758 -4.845, 30.748235231506115 -4.833900478978176, 30.736 -4.823, 30.707864785034452 -4.789277650147679, 30.67 -4.75, 30.65431929046564 -4.728561529933492, 30.631 -4.703, 30.624887335874632 -4.693692079627279, 30.619 -4.687, 30.60722431192661 -4.668651834862396, 30.595 -4.654, 30.570267496111963 -4.613646967340573, 30.542 -4.575, 30.518860182370833 -4.532241641337407, 30.499 -4.502, 30.49585569105691 -4.495123983739839, 30.49 -4.486, 30.485078124999987 -4.4746537828947135, 30.481 -4.468, 30.469032804232814 -4.440169312169329, 30.45 -4.405, 30.43088275862069 -4.35304031830239, 30.408 -4.303, 30.40278636826043 -4.2861078331637925, 30.395 -4.268, 30.383918791683016 -4.225394664574353, 30.372 -4.193, 30.367978936282253 -4.173331753554494, 30.358 -4.141, 30.346635634028896 -4.082047351524891, 30.337 -4.045, 30.334311688311686 -4.018116883116876, 30.326 -3.975, 30.323789473684208 -3.9344736842104755, 30.319612903225806 -3.8711290322580787, 30.314 -3.815, 30.314036998736068 -3.8143683787199816, 30.314 -3.814, 30.314802431610943 -3.7981702127659567, 30.314 -3.786, 30.31493 -3.772050000000009, 30.314 -3.755, 30.32076041666667 -3.680635416666645, 30.325 -3.597, 30.32742891566265 -3.5845662650602415, 30.328 -3.576, 30.331899082568807 -3.558110091743125, 30.334 -3.535, 30.350554585152832 -3.466184861717646, 30.367 -3.382, 30.37540834442965 -3.3584793608521917, 30.379 -3.342, 30.382701347935974 -3.332555181128892, 30.385 -3.323, 30.413499175371065 -3.2519279824079654, 30.441 -3.175, 30.449197044334976 -3.1595517241379274, 30.454 -3.147, 30.45916393442623 -3.1374437535330704)), ((-8.777900448999953 13.325720695949931, -8 13.856, -7.778816650826899 13.962537501829086, -7.571 14.095, -6.702813388406182 14.480816567440549, -5.845 14.894, -5.609634658194641 14.966618190797714, -5.386 15.066, -4.469894309175688 15.318266744871396, -3.56 15.599, -3.3181519191301514 15.63542043857431, -3.08 15.701, -2.1346722723357905 15.813643261864831, -1.196 15.955, -0.9483745583038866 15.955, -0.705 15.984, 0.2444520547945126 15.955, 1.196 15.955, 1.4381027263559503 15.918541213797496, 1.685 15.911, 2.6168944154169567 15.741024360453284, 3.56 15.599, 3.797808266766984 15.525628083995308, 4.037 15.482, 4.9378876569943735 15.173874924209613, 5.845 14.894, 6.062542905976882 14.789215992387934, 6.3 14.708, 7.159217379479158 14.260980213503775, 8 13.856, 8.201024564513986 13.71896554230752, 8.422 13.604, 9.1939907865436 13.042080167270127, 9.976 12.509, 10.156959402116808 12.34115060590877, 10.355 12.197, 11.025965598430359 11.535101504251132, 11.729 10.883, 11.883768798456165 10.688890239360813, 12.057 10.518, 12.62140878926834 9.763748198570223, 13.22 9.013, 13.344437122362908 8.797524013032122, 13.49 8.603, 13.933581548974944 7.777358371298403, 14.416 6.942, 14.50687695706041 6.710279374093391, 14.622 6.496, 14.943631878886558 5.5966293672377105, 15.289 4.716, 15.34268951118168 4.480755168111848, 15.427 4.245, 15.612482692918393 3.2986350428707243, 15.821 2.385, 15.839275272641867 2.1414998589337806, 15.887 1.898, 15.928617580668828 0.9511009503063994, 16 0, 15.981344619028517 -0.2485647129440563, 15.992 -0.491, 15.892151705757545 -1.4369730825042248, 15.821 -2.385, 15.767209727726595 -2.620686324566369, 15.741 -2.869, 15.49852034193446 -3.7979700807345345, 15.289 -4.716, 15.198988810244844 -4.945513068035484, 15.137 -5.183, 14.765876305371641 -6.0498755375059865, 14.416 -6.942, 14.292070988548478 -7.156596139394737, 14.196 -7.381, 13.69575781370726 -8.189175223923298, 13.22 -9.013, 13.067234723540748 -9.204596959744334, 12.937 -9.415, 12.322135560121593 -10.139094233784455, 11.729 -10.883, 11.547467504873497 -11.051380968097941, 11.389 -11.238, 10.67088125229443 -11.86446097191629, 9.976 -12.509, 9.774883828342006 -12.646096904465244, 9.587 -12.81, 8.777900448999953 -13.325720695949931, 8 -13.856, 7.778816650826899 -13.962537501829086, 7.571 -14.095, 6.702813388406182 -14.480816567440549, 5.845 -14.894, 5.609634658194641 -14.966618190797714, 5.386 -15.066, 4.469894309175688 -15.318266744871396, 3.56 -15.599, 3.3181519191301514 -15.63542043857431, 3.08 -15.701, 2.1346722723357905 -15.813643261864831, 1.196 -15.955, 0.9483745583038866 -15.955, 0.705 -15.984, -0.2444520547945126 -15.955, -1.196 -15.955, -1.4381027263559503 -15.918541213797496, -1.685 -15.911, -2.6168944154169567 -15.741024360453284, -3.56 -15.599, -3.797808266766984 -15.525628083995308, -4.037 -15.482, -4.9378876569943735 -15.173874924209613, -5.845 -14.894, -6.062542905976882 -14.789215992387934, -6.3 -14.708, -7.159217379479158 -14.260980213503775, -8 -13.856, -8.201024564513986 -13.71896554230752, -8.422 -13.604, -9.1939907865436 -13.042080167270127, -9.976 -12.509, -10.156959402116808 -12.34115060590877, -10.355 -12.197, -11.025965598430359 -11.535101504251132, -11.729 -10.883, -11.883768798456165 -10.688890239360813, -12.057 -10.518, -12.62140878926834 -9.763748198570223, -13.22 -9.013, -13.344437122362908 -8.797524013032122, -13.49 -8.603, -13.933581548974944 -7.777358371298403, -14.416 -6.942, -14.50687695706041 -6.710279374093391, -14.622 -6.496, -14.943631878886558 -5.5966293672377105, -15.289 -4.716, -15.34268951118168 -4.480755168111848, -15.427 -4.245, -15.612482692918393 -3.2986350428707243, -15.821 -2.385, -15.839275272641867 -2.1414998589337806, -15.887 -1.898, -15.928617580668828 -0.9511009503063994, -16 0, -15.981344619028517 0.2485647129440563, -15.992 0.491, -15.892151705757545 1.4369730825042248, -15.821 2.385, -15.767209727726595 2.620686324566369, -15.741 2.869, -15.49852034193446 3.7979700807345345, -15.289 4.716, -15.198988810244844 4.945513068035484, -15.137 5.183, -14.765876305371641 6.0498755375059865, -14.416 6.942, -14.292070988548478 7.156596139394737, -14.196 7.381, -13.69575781370726 8.189175223923298, -13.22 9.013, -13.067234723540748 9.204596959744334, -12.937 9.415, -12.322135560121593 10.139094233784455, -11.729 10.883, -11.547467504873497 11.051380968097941, -11.389 11.238, -10.67088125229443 11.86446097191629, -9.976 12.509, -9.774883828342006 12.646096904465244, -9.587 12.81, -8.777900448999953 13.325720695949931)), ((32.108 0.059, 32.12207148120856 0.083933677229207, 32.135 0.114, 32.203 0.2273333333333418, 32.222 0.261, 32.227148387096776 0.2675806451612923, 32.234 0.279, 32.355 0.431, 32.495 0.566, 32.50530257936509 0.5736438492063647, 32.512 0.58, 32.54828124999992 0.6055312499999425, 32.65 0.681, 32.67574193548387 0.6952258064516165, 32.701 0.713, 32.76265354330709 0.7432559055118131, 32.84 0.786, 32.884568965517246 0.8030847701149443, 32.917 0.819, 32.965159867695704 0.8339779492833521, 33.02 0.855, 33.07009063444107 0.8666119198022484, 33.126 0.884, 33.20211511464671 0.8972175947590093, 33.24 0.906, 33.262165176223036 0.9076454497632821, 33.293 0.913, 33.462 0.923, 33.46564878048781 0.9227512195121954, 33.469 0.923, 33.652 0.912, 33.66693760539629 0.9090269814502533, 33.682 0.908, 33.763351351351396 0.8898378378378294, 33.85481367494249 0.8716341714920278, 33.85504025764895 0.885455716586187, 33.853 0.942, 33.854278672985785 0.95492132701421, 33.854 0.965, 33.85669285714285 0.9862642857142901, 33.857 1.005, 33.85864539496378 1.0164080717488988, 33.859 1.036, 33.86686917141898 1.082151626970805, 33.872 1.134, 33.87930632151567 1.1648326767961414, 33.883 1.194, 33.88550556665715 1.2026385954895664, 33.887 1.213, 33.89202107692307 1.2296641538461464, 33.896 1.253, 33.91126038500505 1.2996788247213262, 33.922 1.345, 33.94087104622873 1.3935255474453128, 33.95 1.425, 33.95249689440994 1.4303737510126924, 33.956 1.442, 33.96140997229916 1.4530775623268435, 33.964 1.461, 33.97825721784775 1.4896614173228018, 33.992 1.525, 34.01859737417945 1.572633479212293, 34.042 1.623, 34.052957446808506 1.6405319148936062, 34.061 1.657, 34.08199999999999 1.686999999999982, 34.08628571428569 1.6938571428571023, 34.102 1.722, 34.11170183486238 1.7345229357798153, 34.132 1.767, 34.17339644970414 1.818159763313616, 34.192 1.845, 34.211382708763644 1.865105045736198, 34.238 1.898, 34.2393568305287 1.899297469193072, 34.243 1.904, 34.33295944055943 1.991212587412575, 34.353 2.012, 34.35992513006108 2.017354897082111, 34.374 2.031, 34.388001755309816 2.0414391785150103, 34.398 2.051, 34.45065406737879 2.088150369761703, 34.4737204968944 2.1053478260869483, 34.525 2.145, 34.530035733404695 2.1478210653104837, 34.542 2.157, 34.5671788458641 2.1703650745818908, 34.578 2.178, 34.64782436260618 2.213807365439064, 34.716 2.252, 34.731460130125576 2.2579288848539836, 34.754 2.27, 34.76413052076468 2.2734515491100913, 34.773 2.278, 34.850356846472984 2.3039107883817262, 34.86583661417315 2.3094616141732, 34.922 2.331, 34.93225925925926 2.3332798353909476, 34.951 2.34, 34.970391996462524 2.344116736679194, 34.979 2.347, 35.00891176470589 2.352294117647061, 35.13 2.378, 35.13509493670886 2.378354430379747, 35.138 2.379, 35.175908192911095 2.382384660081348, 35.192 2.386, 35.201524214659685 2.3863848167539268, 35.205 2.387, 35.23018244803694 2.38754272517321, 35.23656826568265 2.38780073800738, 35.306 2.394, 35.343953488372094 2.3928837209302327, 35.36 2.394, 35.37006711409396 2.3931946308724834, 35.39 2.394, 35.41590789473684 2.391644736842105, 35.43 2.392, 35.431025489423206 2.3918712389961896, 35.437 2.392, 35.43713867758923 2.391981275599766, 35.438 2.392, 35.456670284938944 2.389568521031207, 35.476 2.389, 35.52103378378378 2.382087837837838, 35.588 2.376, 35.62416370808678 2.3677554240631165, 35.653 2.364, 35.660798071772895 2.361782538832352, 35.674 2.36, 35.68305819824608 2.3572189742226954, 35.691 2.356, 35.72994179894181 2.3436402116402095, 35.734493975903504 2.342602409638579, 35.773 2.334, 35.77420327754534 2.3335495118549474, 35.781 2.332, 35.83178199470432 2.313161518093557, 35.864 2.304, 35.87081637717121 2.30094789081886, 35.881 2.298, 35.89099801305705 2.293377803008801, 35.902 2.29, 35.9080014164306 2.2871256373937663, 35.921 2.283, 35.94292514619884 2.2719309941520427, 35.967 2.263, 36.02630058939097 2.231328094302549, 36.065 2.214, 36.07100274014309 2.210159537220278, 36.08 2.206, 36.089047933884295 2.2004138842975207, 36.092 2.199, 36.105775862068924 2.190086206896579, 36.10907351837958 2.18805026256565, 36.127 2.179, 36.13545057814251 2.173032077582976, 36.143 2.169, 36.14520187793426 2.1674272300469526, 36.146 2.167, 36.16387169386607 2.1542183455261643, 36.195 2.135, 36.2225561797753 2.1145224719100986, 36.245 2.1, 36.250092682926834 2.0955804878048756, 36.251 2.095, 36.26942190016101 2.079695652173934, 36.304 2.054, 36.332632548618236 2.0271821903786984, 36.381 1.987, 36.40708955223883 1.9593360782295215, 36.419 1.949, 36.43022852576907 1.9357718737515082, 36.446 1.921, 36.45294051741698 1.9126488083112794, 36.461 1.905, 36.47377454744926 1.8886269884805285, 36.497 1.864, 36.52285778275476 1.8285207166853257, 36.569 1.773, 36.587827960883736 1.7424458529518352, 36.603 1.723, 36.61329815668204 1.704428110599055, 36.626 1.687, 36.640824318076746 1.6581599630143284, 36.669 1.614, 36.67479545454544 1.6013143939394143, 36.683 1.588, 36.70290825688075 1.5428235709244609, 36.72 1.512, 36.72999230769232 1.4846876923076648, 36.736 1.473, 36.74297260273972 1.4520821917808429, 36.759 1.417, 36.760335463258784 1.4125079872204642, 36.761 1.411, 36.764753846153894 1.3976461538460045, 36.77740384615384 1.3550961538461743, 36.795 1.307, 36.80240000000001 1.2737999999999605, 36.809 1.254, 36.811141116751266 1.2416162436548401, 36.814 1.232, 36.81790604026845 1.208563758389302, 36.822 1.194, 36.824409994478195 1.1750524572059524, 36.832 1.141, 36.837981481481485 1.0881111111110588, 36.846 1.04, 36.846970126960414 1.008632561613179, 36.851 0.973, 36.850865545105314 0.9670570936547892, 36.851 0.966, 36.85029205921938 0.9012234185733147, 36.852 0.846, 36.8519072039072 0.8450622710622833, 36.852 0.842, 36.85084745762712 0.8305898305085018, 36.851 0.824, 36.8509229747676 0.8233891102257765, 36.851 0.82, 36.84925636942675 0.8064578025477593, 36.849 0.783, 36.846289967303385 0.764816554809828, 36.846 0.752, 36.838416610850636 0.7075244474213179, 36.832 0.644, 36.8241533212924 0.6110780654224418, 36.822 0.594, 36.821820312499995 0.5933710937499698, 36.821 0.587, 36.81834051259961 0.5772847297006266, 36.818 0.575, 36.81488584070794 0.5646646017698189, 36.81269077306734 0.5566458852868283, 36.809 0.535, 36.798004499437575 0.5013667041619915, 36.786 0.451, 36.78311341825162 0.443478625021815, 36.783 0.443, 36.7782075471698 0.430676549865186, 36.772 0.408, 36.76244444444445 0.3855555555555633, 36.756 0.363, 36.750658385093175 0.3515039157439972, 36.749 0.346, 36.74353559322034 0.3347559322033727, 36.741 0.327, 36.72925440613028 0.3031417624521378, 36.715 0.266, 36.69930903928064 0.2372607666824332, 36.686 0.206, 36.67199884459851 0.182214904679397, 36.664 0.165, 36.651834951456316 0.145883495145642, 36.645 0.132, 36.6306343283582 0.1114776119402805, 36.62 0.092, 36.61417613273775 0.0839859604340036, 36.603 0.065, 36.58509876543212 0.0410123456790427, 36.573 0.022, 36.54343824701195 -0.0148127490039884, 36.52396774193549 -0.0409032258064358, 36.512 -0.058, 36.508418614534634 -0.0617390565235888, 36.503 -0.069, 36.48992331288343 -0.0814539877300701, 36.467 -0.11, 36.462668065520525 -0.1141424123459963, 36.462 -0.115, 36.390297704447605 -0.1850602582496701, 36.353 -0.224, 36.34101715738192 -0.2332122431688141, 36.331 -0.243, 36.317380740993684 -0.2530734164247934, 36.307 -0.263, 36.24567592592593 -0.3065092592592586, 36.18 -0.357, 36.17046863674379 -0.3623395595204927, 36.163 -0.368, 36.14671735159819 -0.3767200913241919, 36.128 -0.39, 36.054326687116564 -0.427403374233127, 35.989 -0.464, 35.970254618226605 -0.4712238300492584, 35.952 -0.481, 35.94132157258065 -0.4847752016129003, 35.933 -0.489, 35.8694999999999 -0.5101666666667, 35.86587306501548 -0.5114489164086675, 35.784 -0.543, 35.764829721362226 -0.5471713106295165, 35.754 -0.551, 35.74129933481153 -0.553696230598669, 35.726 -0.559, 35.671348897535665 -0.5685460440985735, 35.575 -0.589, 35.57135072627274 -0.5892709067832468, 35.568 -0.59, 35.531993783554675 -0.5931958180276912, 35.5 -0.599, 35.45854778887304 -0.5997146932952925, 35.399 -0.605, 35.369026920031665 -0.6042905779889153, 35.346 -0.606, 35.30597899159663 -0.6027983193277311, 35.29490274314214 -0.6025361596009976, 35.268 -0.603, 35.25761323681489 -0.6016535677352638, 35.23 -0.601, 35.174708133971286 -0.5922966507177031, 35.121 -0.588, 35.077200000000005 -0.578266666666667, 35.052 -0.575, 35.043056330172895 -0.5724991634132746, 35.032 -0.571, 35.024131442596115 -0.5685947641123514, 35.014 -0.567, 34.985231155778905 -0.5578291457286452, 34.964159045725644 -0.5531464546056989, 34.966 -0.605, 34.96354081632653 -0.6369693877551256, 34.964 -0.658, 34.95888235294118 -0.6975294117646813, 34.953 -0.774, 34.94215068493151 -0.8267671232876768, 34.935 -0.882, 34.91818681318681 -0.9433186813187088, 34.909 -0.988, 34.89745986984816 -1.0189110629067104, 34.884 -1.068, 34.847070588235276 -1.1538823529412199, 34.825 -1.213, 34.81114798694233 -1.2374232861806367, 34.798 -1.268, 34.732651162790674 -1.37582558139539, 34.711 -1.414, 34.70444710578843 -1.4223622754490919, 34.698 -1.433, 34.577 -1.585, 34.438 -1.72, 34.42750630455866 -1.7277856450048663, 34.421 -1.734, 34.38471875000014 -1.7595312499999018, 34.283 -1.835, 34.25725806451612 -1.8492258064516167, 34.232 -1.867, 34.17251984877129 -1.8960548204158716, 34.093 -1.94, 34.04448283418554 -1.958598246895546, 34.015 -1.973, 33.971235294117626 -1.9866764705882416, 33.913 -2.009, 33.86187323943665 -2.02085211267605, 33.807 -2.038, 33.73088488535329 -2.0512175947590094, 33.693 -2.06, 33.67083482377696 -2.0616454497632826, 33.64 -2.067, 33.471 -2.077, 33.467456137986794 -2.076743430804474, 33.464 -2.077, 33.281 -2.065, 33.266582972582974 -2.0622005772005774, 33.25 -2.061, 33.170655971479476 -2.043573975044558, 33.075 -2.025, 33.057656458055924 -2.0187563249001332, 33.036 -2.014, 32.88761904761902 -1.957542857142847, 32.85 -1.944, 32.845459645263304 -1.9415017186855479, 32.831 -1.936, 32.641 -1.829, 32.46 -1.689, 32.45840136468867 -1.687311441452409, 32.458 -1.687, 32.3 -1.52, 32.176 -1.341, 32.17239726027399 -1.3337945205479675, 32.165 -1.323, 32.13099999999996 -1.2509999999999135, 32.078 -1.145, 32.07147692307692 -1.1249511312217164, 32.063 -1.107, 32.03369148936172 -1.0088164893617666, 32.01 -0.936, 32.007423179160014 -0.9208176501860541, 32.003 -0.906, 31.974 -0.725, 31.973972371967655 -0.7237291105121396, 31.973 -0.718, 31.967 -0.549, 31.969429958391125 -0.5147780859916411, 31.969 -0.495, 31.973040449438198 -0.4639303370786951, 31.979 -0.38, 31.991986419430663 -0.3182423609297375, 31.998 -0.272, 32.013917452830185 -0.2139481132075441, 32.024 -0.166, 32.035540130151844 -0.1350889370932801, 32.049 -0.086, 32.0859294117647 -0.0001176470588222, 32.108 0.059), (36.60183056872038 0.0644988151658758, 36.60134644221394 0.0638773478065395, 36.598163588390506 0.0597915567282393, 36.603 0.065, 36.60183056872038 0.0644988151658758), (32.294 -0.651, 32.323 -0.848, 32.385 -1.036, 32.476 -1.21, 32.584 -1.353, 32.697 -1.466, 32.815 -1.555, 32.934 -1.625, 33.151 -1.709, 33.368 -1.748, 33.551 -1.749, 33.698 -1.729, 33.907 -1.667, 34.024 -1.612, 34.136 -1.543, 34.241 -1.461, 34.337 -1.366, 34.463 -1.2, 34.529 -1.079, 34.597 -0.896, 34.635 -0.703, 34.639 -0.502, 34.6265488225158 -0.4174178632969589, 34.613 -0.411, 34.59040789473684 -0.396233918128653, 34.578 -0.39, 34.573147384794886 -0.3865730118607934, 34.559 -0.379, 34.51050304506698 -0.3440085261875682, 34.46 -0.311, 34.45919444444444 -0.3103055555555549, 34.454 -0.307, 34.42354451510333 -0.2812662957074655, 34.401 -0.265, 34.36811096774194 -0.2344270967741986, 34.325 -0.198, 34.30714018691589 -0.1792242990654208, 34.286 -0.161, 34.27432453416149 -0.1472453416149056, 34.259 -0.133, 34.248846979865775 -0.1206000000000061, 34.244 -0.116, 34.2303119122257 -0.0984561128526644, 34.208 -0.075, 34.17802798756102 -0.0341079520212501, 34.17090649350658 -0.025410389610496, 34.14 0.011, 34.11907227272729 0.0441186363636076, 34.102 0.066, 34.09403704248125 0.0804843451418615, 34.079 0.101, 34.06099659533074 0.1360248054474595, 34.037 0.174, 34.029583586626124 0.1903161094225191, 34.023 0.201, 34.0031157150076 0.245867104598231, 33.986 0.277, 33.97974615384614 0.2940938461538682, 33.969 0.315, 33.95863914656772 0.3462244897959196, 33.95563636363633 0.3530000000000685, 33.947 0.372, 33.946526690391465 0.3735551601423311, 33.945 0.377, 33.93766666666664 0.4026666666667742, 33.92600000000001 0.4409999999999739, 33.911 0.482, 33.90522411242603 0.5070795118343181, 33.782 0.555, 33.564 0.594, 33.382 0.595, 33.235 0.575, 33.026 0.513, 32.909 0.458, 32.797 0.389, 32.692 0.307, 32.596 0.213, 32.47 0.046, 32.404 -0.075, 32.335 -0.257, 32.298 -0.451, 32.294 -0.651)), ((38.968 2.479, 38.97999864212432 2.4923046167773037, 38.993 2.511, 39.06364678543765 2.58505731990705, 39.115 2.642, 39.128903190913995 2.6534640346132923, 39.138 2.663, 39.27642016806722 2.775100840336124, 39.286 2.783, 39.429 2.872, 39.46047177208572 2.8870159435441662, 39.477 2.897, 39.50995557749265 2.9106258637709996, 39.582 2.945, 39.635 2.9623269230769234, 39.685 2.983, 39.74660322108345 2.9988125915080506, 39.79 3.013, 39.823085966201326 3.0184445260837625, 39.872 3.031, 39.96431212484993 3.041684273709483, 40.027 3.052, 40.05557776530039 3.0522474265393975, 40.088 3.056, 40.2061572519084 3.053551145038168, 40.258 3.054, 40.26989051918736 3.052230248306998, 40.281 3.052, 40.473 3.022, 40.659 2.969, 40.671908401400245 2.963384480746788, 40.68 2.961, 40.71589285714288 2.9442499999999887, 40.836 2.892, 40.86297709923663 2.8756106870229083, 40.89 2.863, 40.943714067861244 2.8265608082348352, 41.022 2.779, 41.06151381215469 2.746646408839781, 41.089 2.728, 41.123315553897804 2.6960436404326704, 41.171 2.657, 41.20925477707005 2.6160127388535166, 41.249 2.579, 41.291120000000014 2.528299999999989, 41.325 2.492, 41.34118351477451 2.468038361845496, 41.357 2.449, 41.45 2.308, 41.451819222903886 2.3042289025221523, 41.454 2.301, 41.535 2.137, 41.54079327672846 2.1197931034483046, 41.546 2.109, 41.56807051282055 2.0387756410255338, 41.602 1.938, 41.60497578475336 1.9213497757847884, 41.612 1.899, 41.63353736654807 1.7615409252667575, 41.644 1.703, 41.644154312482776 1.693779829154067, 41.646 1.682, 41.648 1.465, 41.64798509794496 1.4648903977887235, 41.648 1.464, 41.642964467005086 1.4279644670051337, 41.617 1.237, 41.55 1.015, 41.456 0.818, 41.45125356286156 0.8108607309157274, 41.446 0.8, 41.40573234811175 0.7423908045978289, 41.335 0.636, 41.31921806200387 0.618618541261015, 41.309 0.604, 41.23552459016395 0.5264426229508343, 41.187 0.473, 41.177173410404635 0.4648497109826665, 41.165 0.452, 41.023 0.336, 41.01876234287936 0.3334617079175864, 41.017 0.332, 40.873 0.243, 40.84566599539704 0.229779631760662, 40.826 0.218, 40.79457755632583 0.2050701906412482, 40.72 0.169, 40.65870097394051 0.1491592524348512, 40.617 0.132, 40.562335133050524 0.1179683763979957, 40.513 0.102, 40.47570689655175 0.0957322515213027, 40.43 0.084, 40.35178867924528 0.074905660377358, 40.275 0.062, 40.23947751798562 0.0618462230215828, 40.215 0.059, 40.10562757385855 0.0612667860340197, 40.044 0.061, 40.03156153696118 0.0628018334308563, 40.022 0.063, 39.83 0.092, 39.643 0.146, 39.630291947639826 0.1515283617612062, 39.622 0.154, 39.58847326416597 0.1697206703910748, 39.466 0.223, 39.43676817933298 0.2408551120830982, 39.413 0.252, 39.36045263157892 0.2874694736842232, 39.281 0.336, 39.244132530120474 0.3659855421686792, 39.213 0.387, 39.174432835820895 0.4226746268656699, 39.131 0.458, 39.09938977635784 0.4920894568689957, 39.053 0.535, 39.00009311740891 0.5991740890688287, 38.978 0.623, 38.96656420878211 0.6398434134217013, 38.945 0.666, 38.852 0.807, 38.84936455389584 0.8124630601534089, 38.849 0.813, 38.768 0.977, 38.763249117854635 0.9909731827804973, 38.756 1.006, 38.73426562499999 1.0762187500000253, 38.7 1.177, 38.69580325329202 1.2004817970565573, 38.691 1.216, 38.67128925619833 1.3376434474617378, 38.658 1.412, 38.65785641575141 1.4205432627913115, 38.656 1.432, 38.654 1.65, 38.686 1.88, 38.753 2.1, 38.846 2.297, 38.852446346101615 2.3066166802499573, 38.856 2.314, 38.89466444444443 2.3695977777777615, 38.968 2.479), (40.623 0.481, 40.799 0.577, 40.956 0.701, 41.088 0.848, 41.193 1.014, 41.264 1.178, 41.305 1.332, 41.324 1.479, 41.325 1.617, 41.29 1.847, 41.216 2.055, 41.126 2.214, 41.035 2.332, 40.877 2.481, 40.772 2.556, 40.656 2.619, 40.532 2.669, 40.403 2.705, 40.196 2.732, 40.058 2.729, 39.866 2.697, 39.679 2.634, 39.503 2.538, 39.347 2.414, 39.214 2.267, 39.109 2.101, 39.039 1.936, 38.998 1.782, 38.979 1.636, 38.978 1.498, 39.012 1.268, 39.087 1.06, 39.176 0.901, 39.267 0.783, 39.425 0.633, 39.531 0.559, 39.646 0.496, 39.77 0.446, 39.899 0.409, 40.107 0.383, 40.245 0.386, 40.437 0.417, 40.623 0.481)), ((40.48 -11.754, 40.477590005521805 -11.73505245720596, 40.47 -11.701, 40.45599779573842 -11.577191036002887, 40.453 -11.557, 40.453011550577536 -11.556079803990205, 40.453 -11.556, 40.453023537636916 -11.55089233278958, 40.451 -11.533, 40.451134454894685 -11.52705709365478, 40.451 -11.526, 40.453 -11.343, 40.455710032696615 -11.324816554809843, 40.456 -11.312, 40.468867905056754 -11.236531475748238, 40.484 -11.135, 40.486065533980586 -11.128144822006464, 40.487 -11.122, 40.49016966328865 -11.111599542334124, 40.493 -11.095, 40.49499738903395 -11.088890339425584, 40.496 -11.083, 40.53373207547175 -10.96866037735833, 40.551 -10.912, 40.551525455688235 -10.910893777498456, 40.553 -10.906, 40.55730628272251 -10.897223385689363, 40.562 -10.883, 40.642 -10.718, 40.64594902749832 -10.712107310529857, 40.646 -10.712, 40.65080501392756 -10.704583565459634, 40.657 -10.692, 40.6823425414365 -10.655906077348014, 40.738 -10.57, 40.75573126192425 -10.548291632597415, 40.77 -10.527, 40.78222569027611 -10.513648259303729, 40.789 -10.504, 40.80942895442357 -10.482549597855247, 40.845 -10.439, 40.88596661101836 -10.400352253756258, 40.922 -10.361, 40.93692227204783 -10.348681614349774, 40.949 -10.336, 40.975343683083516 -10.316034261241962, 41.004 -10.289, 41.034324709233324 -10.268275575599334, 41.071 -10.238, 41.09924794876927 -10.220593155893532, 41.122 -10.203, 41.13153136325621 -10.197660440479504, 41.139 -10.192, 41.171045901111285 -10.174837977129975, 41.203 -10.153, 41.228674650698586 -10.140838323353302, 41.256 -10.124, 41.2895983731571 -10.109109811896287, 41.313 -10.096, 41.3317453817734 -10.088776169950737, 41.35 -10.079, 41.38635840707964 -10.066146017699118, 41.412 -10.054, 41.4182206405694 -10.052106761565833, 41.432 -10.046, 41.477386792452826 -10.032650943396227, 41.518 -10.017, 41.53717027863778 -10.012828689370481, 41.548 -10.009, 41.583224899598385 -10.001522088353417, 41.619 -9.991, 41.673083201685095 -9.982446024223275, 41.727 -9.971, 41.730649273727266 -9.970729093216752, 41.734 -9.97, 41.771878753107664 -9.966637980493402, 41.788 -9.963, 41.79876961530103 -9.962567050641164, 41.815 -9.96, 41.824050829509346 -9.959817154959408, 41.836 -9.958, 41.867687247236454 -9.958134267996765, 41.903 -9.955, 41.93297307996834 -9.955709422011084, 41.956 -9.954, 41.974687290969904 -9.955494983277593, 41.987 -9.955, 41.99107761966365 -9.95537257438551, 42.003 -9.955, 42.01215384615385 -9.956017094017094, 42.013 -9.956, 42.01601750547046 -9.956321663019693, 42.027 -9.956, 42.04518932402095 -9.958365427787477, 42.072 -9.959, 42.13536893203884 -9.968349514563107, 42.181 -9.972, 42.197507317073175 -9.975668292682927, 42.21 -9.977, 42.217267782426774 -9.97880753138075, 42.219 -9.979, 42.23523032819296 -9.983079280347964, 42.25 -9.985, 42.251906952430744 -9.98554364871929, 42.255 -9.986, 42.269222260629114 -9.990044244728658, 42.288 -9.993, 42.293042579485444 -9.994607459835972, 42.302 -9.996, 42.330919786096246 -10.005315508021386, 42.337840954274355 -10.0068535453943, 42.336 -9.955, 42.33845918367347 -9.923030612244874, 42.338 -9.902, 42.34311764705881 -9.862470588235375, 42.349 -9.786, 42.359849315068494 -9.733232876712323, 42.367 -9.678, 42.3838131868132 -9.616681318681277, 42.393 -9.572, 42.404540130151844 -9.541088937093285, 42.418 -9.492, 42.45492941176472 -9.406117647058784, 42.477 -9.347, 42.49085201305767 -9.322576713819362, 42.504 -9.292, 42.569348837209326 -9.18417441860461, 42.591 -9.146, 42.59755289421157 -9.13763772455091, 42.604 -9.127, 42.725 -8.975, 42.864 -8.84, 42.87449369544133 -8.832214354995138, 42.881 -8.826, 42.91728124999984 -8.800468750000114, 43.019 -8.725, 43.04474193548387 -8.710774193548389, 43.07 -8.693, 43.12948015122875 -8.663945179584113, 43.209 -8.62, 43.25751716581444 -8.601401753104463, 43.287 -8.587, 43.33076470588239 -8.573323529411754, 43.389 -8.551, 43.44012676056336 -8.53914788732395, 43.495 -8.522, 43.57111511464671 -8.508782405240991, 43.609 -8.5, 43.631165176223035 -8.498354550236717, 43.662 -8.493, 43.831 -8.483, 43.834543862013206 -8.483256569195527, 43.838 -8.483, 44.021 -8.495, 44.03541702741703 -8.497799422799423, 44.052 -8.499, 44.13134402852048 -8.516426024955432, 44.227 -8.535, 44.24434354194406 -8.541243675099864, 44.266 -8.546, 44.41438095238091 -8.602457142857126, 44.452 -8.616, 44.456540354736696 -8.618498281314452, 44.471 -8.624, 44.661 -8.731, 44.842 -8.871, 44.84359863531132 -8.872688558547578, 44.844 -8.873, 45.002 -9.04, 45.126 -9.219, 45.12960273972602 -9.226205479452034, 45.137 -9.237, 45.171000000000035 -9.309000000000069, 45.224 -9.415, 45.230523076923085 -9.435048868778297, 45.239 -9.453, 45.268308510638306 -9.551183510638333, 45.292 -9.624, 45.294576820839985 -9.639182349813947, 45.299 -9.654, 45.328 -9.835, 45.32802762803235 -9.836270889487906, 45.329 -9.842, 45.335 -10.011, 45.332570041608875 -10.045221914008355, 45.333 -10.065, 45.328959550561805 -10.096069662921288, 45.323 -10.18, 45.31001358056935 -10.241757639070217, 45.304 -10.288, 45.28808254716979 -10.346051886792539, 45.278 -10.394, 45.26645986984816 -10.42491106290671, 45.253 -10.474, 45.2160705882353 -10.55988235294117, 45.194 -10.619, 45.179928518791456 -10.64393367722918, 45.167 -10.674, 45.099 -10.78733333333334, 45.08 -10.821, 45.074851612903224 -10.82758064516129, 45.068 -10.839, 44.947 -10.991, 44.807 -11.126, 44.79669742063493 -11.133643849206342, 44.79 -11.14, 44.75371875000011 -11.165531249999923, 44.652 -11.241, 44.62625806451612 -11.255225806451616, 44.601 -11.273, 44.53934645669296 -11.303255905511788, 44.462 -11.346, 44.417431034482746 -11.363084770114947, 44.385 -11.379, 44.336840132304296 -11.393977949283354, 44.282 -11.415, 44.23190936555894 -11.426611919802244, 44.176 -11.444, 44.09988488535327 -11.457217594759014, 44.062 -11.466, 44.03983482377698 -11.46764544976328, 44.009 -11.473, 43.84 -11.483, 43.836351219512196 -11.482751219512195, 43.833 -11.483, 43.65 -11.472, 43.635062394603715 -11.469026981450254, 43.62 -11.468, 43.538648648648575 -11.449837837837823, 43.44718632505751 -11.431634171492027, 43.445031847133755 -11.56305732484077, 43.445 -11.57, 43.443265048996736 -11.581356042930485, 43.443 -11.596, 43.42696458684655 -11.690045531197255, 43.415 -11.773, 43.41294324213965 -11.779826051449582, 43.412 -11.786, 43.408811050814016 -11.796513566847537, 43.406 -11.813, 43.40434575569358 -11.818060041407868, 43.403 -11.826, 43.37138900785156 -11.919889364739397, 43.348 -11.997, 43.34666213858424 -11.999802467597222, 43.346 -12.002, 43.34059002770084 -12.013077562326844, 43.338 -12.021, 43.3356049382715 -12.025814814815032, 43.256 -12.19, 43.25551893939395 -12.190723484848466, 43.253 -12.196, 43.245915811088295 -12.206934291581106, 43.241 -12.217, 43.219432432432434 -12.24781081081081, 43.161 -12.338, 43.14266921052629 -12.360442368421083, 43.129 -12.381, 43.11928536931819 -12.391603551136349, 43.11 -12.405, 43.08561514587214 -12.430293606455606, 43.054 -12.469, 43.014148541114054 -12.506360742705578, 42.976 -12.548, 42.95766285060102 -12.563014310246148, 42.949 -12.572, 42.921221238938074 -12.593480088495559, 42.894 -12.619, 42.864747687564225 -12.639092497430632, 42.827 -12.67, 42.8031677631579 -12.684765624999995, 42.777 -12.705, 42.77196426659528 -12.707821065310497, 42.76 -12.717, 42.72181288343558 -12.737269938650305, 42.696 -12.755, 42.668806118687804 -12.768011426465167, 42.643 -12.784, 42.61010541945062 -12.798495916852271, 42.586 -12.812, 42.56807996251758 -12.818872247384036, 42.549 -12.829, 42.51842793791575 -12.83996270913122, 42.487 -12.855, 42.47103074245939 -12.859783062645016, 42.466 -12.862, 42.42066111771701 -12.875406658739594, 42.38 -12.891, 42.36974074074074 -12.893279835390949, 42.351 -12.9, 42.30310767014764 -12.9101670867843, 42.28 -12.917, 42.24208357183743 -12.923121923297082, 42.172 -12.938, 42.16690506329114 -12.938354430379748, 42.164 -12.939, 42.118680412371134 -12.943046391752578, 42.088 -12.948, 42.07714625401019 -12.94828118512927, 42.066 -12.95, 42.04080000000002 -12.95, 41.996 -12.954, 41.95811312921641 -12.952879086663208, 41.942 -12.954, 41.92106066536203 -12.952324853228962, 41.895 -12.953, 41.869310099573276 -12.950251778093884, 41.86079999999997 -12.95, 41.835 -12.95, 41.829131880733954 -12.949063073394495, 41.827 -12.949, 41.769290076335885 -12.940183206106871, 41.717 -12.936, 41.69946238844028 -12.932082022949425, 41.68 -12.93, 41.64442857142859 -12.921107142857148, 41.611 -12.916, 41.59981167477414 -12.9124489228631, 41.597 -12.912, 41.56709150326798 -12.902509803921571, 41.529 -12.894, 41.51493069306931 -12.888732673267327, 41.492 -12.883, 41.44370303654142 -12.863357694287183, 41.389 -12.846, 41.3859916527546 -12.844584307178634, 41.381 -12.843, 41.358683333333325 -12.83173333333333, 41.3431204819277 -12.824409638554213, 41.326 -12.818, 41.30646618516088 -12.80754366382141, 41.283 -12.798, 41.26773607748185 -12.78893462469734, 41.236 -12.774, 41.19886360929126 -12.75104764740918, 41.175 -12.739, 41.16429671398015 -12.731441182189375, 41.156 -12.727, 41.13083438914027 -12.709001809954751, 41.092 -12.685, 41.09001609442059 -12.683385193133041, 41.086 -12.681, 41.0403480855296 -12.6442869219294, 40.998 -12.614, 40.96953663071774 -12.587340647080701, 40.943 -12.566, 40.93265437454807 -12.555300072306572, 40.92 -12.545, 40.8930705993097 -12.51572105428303, 40.856 -12.481, 40.84905948258302 -12.472648808311272, 40.841 -12.465, 40.82284171539962 -12.44172670565303, 40.797 -12.415, 40.78579556074764 -12.399086448598101, 40.771 -12.383, 40.755746375089146 -12.360369622058489, 40.733 -12.333, 40.71417203911625 -12.30244585295182, 40.699 -12.283, 40.680237633365664 -12.249163595215007, 40.659 -12.219, 40.655097423623815 -12.211046177671397, 40.649 -12.202, 40.6369282868526 -12.177094149716938, 40.619 -12.148, 40.599091743119246 -12.102823570924455, 40.582 -12.072, 40.5697172774869 -12.038427225130867, 40.554 -12.006, 40.54857781550652 -11.98819581211096, 40.541 -11.971, 40.52757029177718 -11.92322546419098, 40.507 -11.867, 40.49507103825136 -11.813480874316934, 40.486 -11.784, 40.483417518897284 -11.766157403290359, 40.48 -11.754), (42.75131127982648 -10.186996746203913, 42.762 -10.193, 42.77000561797753 -10.199537921348314, 42.792 -10.213, 42.804881347888 -10.222690555291887, 42.807 -10.224, 42.80899944644339 -10.225615831718782, 42.813 -10.228, 42.830772857142854 -10.242168571428568, 42.901 -10.295, 42.92482514880953 -10.317147321428573, 42.956 -10.342, 42.966047587243295 -10.352532643179178, 42.979 -10.363, 43.006312572087666 -10.39289619377163, 43.043 -10.427, 43.05315302013423 -10.439400000000003, 43.058 -10.444, 43.07909612983771 -10.471038701622977, 43.101 -10.494, 43.1089778597786 -10.505273062730623, 43.127 -10.525, 43.14476631416045 -10.551288367294319, 43.165 -10.576, 43.18007062658456 -10.600456718580201, 43.2 -10.626, 43.21944044321332 -10.661361495844917, 43.239 -10.689, 43.24208652246254 -10.695290626733193, 43.25 -10.707, 43.265008881711736 -10.738295115058513, 43.279 -10.761, 43.298884284992425 -10.805867104598292, 43.316 -10.837, 43.32775054704596 -10.869118161925613, 43.344 -10.903, 43.34885614849188 -10.918624129930398, 43.357 -10.937, 43.37273913043477 -10.992086956521717, 43.391 -11.042, 43.396775887573966 -11.067079511834319, 43.52 -11.115, 43.738 -11.154, 43.92 -11.155, 44.067 -11.135, 44.276 -11.073, 44.393 -11.018, 44.505 -10.949, 44.61 -10.867, 44.706 -10.773, 44.832 -10.606, 44.898 -10.485, 44.967 -10.303, 45.004 -10.109, 45.009 -9.909, 44.979 -9.712, 44.917 -9.524, 44.826 -9.35, 44.718 -9.207, 44.605 -9.094, 44.487 -9.005, 44.368 -8.935, 44.151 -8.851, 43.934 -8.812, 43.751 -8.811, 43.604 -8.831, 43.395 -8.893, 43.278 -8.948, 43.166 -9.017, 43.061 -9.099, 42.965 -9.194, 42.839 -9.36, 42.773 -9.481, 42.705 -9.664, 42.667 -9.857, 42.663 -10.058, 42.67531889482085 -10.141683526886453, 42.676 -10.142, 42.71142119255605 -10.163680212685167, 42.724 -10.17, 42.72885261520511 -10.173426988139203, 42.743 -10.181, 42.75131127982648 -10.186996746203913)), ((43.99874733096085 -6.621825622775821, 44 -6.597, 44.0012598250243 -6.590550895708939, 44.002 -6.577, 44.010220657276996 -6.539281690140852, 44.014 -6.503, 44.022855077976416 -6.470088626854315, 44.027 -6.444, 44.03542293464859 -6.415668310727481, 44.042 -6.382, 44.04840479360851 -6.36408388814916, 44.053 -6.343, 44.06622821896684 -6.308885119506553, 44.074 -6.28, 44.07943227665706 -6.267636887608066, 44.082 -6.259, 44.10195023041474 -6.214301382488504, 44.116 -6.175, 44.12385046728971 -6.160280373831799, 44.129 -6.147, 44.146172761194045 -6.1152205223880305, 44.161 -6.082, 44.18892908191313 -6.036096756459609, 44.216 -5.986, 44.218914285714284 -5.982035714285711, 44.22 -5.98, 44.24136652360517 -5.949912446351897, 44.24300663716814 -5.947216814159292, 44.25 -5.934, 44.254721530249114 -5.927962633451953, 44.262 -5.916, 44.26996669248643 -5.906123934934181, 44.275 -5.898, 44.275510872412895 -5.897400576368864, 44.277 -5.895, 44.29576470588235 -5.873310924369747, 44.318 -5.842, 44.33940673918811 -5.818130538604407, 44.352 -5.801, 44.36103272204247 -5.792023732470295, 44.372 -5.778, 44.37810951760106 -5.772062581486294, 44.383 -5.766, 44.388620115647456 -5.760700017522338, 44.39 -5.759, 44.393867550678245 -5.755372504191444, 44.399 -5.749, 44.41171701432518 -5.737501382256877, 44.41315789473691 -5.735894736842019, 44.425 -5.722, 44.427628729281764 -5.719759116022101, 44.431 -5.716, 44.464932352941354 -5.686973529411611, 44.47312121212114 -5.679727272727338, 44.514 -5.64, 44.52665105338512 -5.630531601554532, 44.541 -5.617, 44.556121572684965 -5.606280910501792, 44.57 -5.594, 44.585942711864405 -5.5834586440678, 44.597 -5.574, 44.60298951415587 -5.570271233834335, 44.608 -5.566, 44.63532747025348 -5.549103983445429, 44.666 -5.526, 44.66725434329396 -5.525300208478103, 44.673 -5.521, 44.68877315524412 -5.51220691920299, 44.696 -5.507, 44.696737152485255 -5.506604043807918, 44.699 -5.505, 44.721666666666614 -5.493213333333359, 44.72573194059906 -5.491029700478215, 44.753 -5.473, 44.76043671265747 -5.469357528494299, 44.764 -5.467, 44.7803391650788 -5.459446215139448, 44.794 -5.451, 44.79612997347482 -5.450031830238718, 44.801 -5.447, 44.82059208158368 -5.438721655668867, 44.847 -5.424, 44.853335818246364 -5.421486332978343, 44.856 -5.42, 44.863236669580424 -5.4171700174825155, 44.871 -5.413, 44.88817748917748 -5.4066277056277094, 44.899 -5.401, 44.9154700399467 -5.395383488681771, 44.91987341772154 -5.393784810126573, 44.948 -5.381, 44.954708333333336 -5.378833333333334, 44.963 -5.375, 44.997721205597415 -5.363878363832078, 45.014 -5.357, 45.01915776263893 -5.355698278953032, 45.031 -5.351, 45.03482440651362 -5.350068667843834, 45.035 -5.35, 45.05160602647144 -5.345958321599542, 45.057 -5.344, 45.063543806646514 -5.342794561933537, 45.091 -5.334, 45.09935234899329 -5.332116011505272, 45.109 -5.329, 45.11145732689211 -5.328549114331724, 45.116 -5.327, 45.15310706150341 -5.319990888382689, 45.224 -5.304, 45.25871329746349 -5.300043043812452, 45.296 -5.293, 45.309884297520654 -5.29214049586777, 45.327 -5.289, 45.36898422330098 -5.287473300970873, 45.417 -5.282, 45.42804701022816 -5.2821717151848935, 45.439 -5.281, 45.46892181069959 -5.282295316480502, 45.506 -5.28, 45.52533926453143 -5.281787663107948, 45.547 -5.281, 45.57730929563968 -5.284491854336368, 45.61 -5.285, 45.64067736640525 -5.289730621922305, 45.67 -5.291, 45.70611128284389 -5.298497681607418, 45.744 -5.302, 45.75609561752988 -5.30508935685828, 45.764 -5.306, 45.78980986061993 -5.312727688787186, 45.824 -5.318, 45.876322331968204 -5.3338381112984825, 45.906 -5.34, 45.9333850031506 -5.350152488972904, 45.975 -5.361, 45.996062163777644 -5.370083682008368, 46.009 -5.374, 46.05790647482017 -5.396316546762601, 46.111 -5.416, 46.1521858974359 -5.437416666666666, 46.186 -5.452, 46.18667828162291 -5.452429116945105, 46.188 -5.453, 46.20307856941706 -5.462560123908754, 46.215 -5.468, 46.229890554722644 -5.477823088455772, 46.261 -5.494, 46.363207977208035 -5.564085470085509, 46.382 -5.576, 46.387554455445525 -5.580780198019784, 46.401 -5.59, 46.40403417044052 -5.592703170028823, 46.406 -5.594, 46.544 -5.715, 46.545514687302585 -5.716721730890714, 46.547 -5.718, 46.550582089552236 -5.722104477611938, 46.562 -5.732, 46.61299999999953 -5.79333333333277, 46.61458862324817 -5.795237427864823, 46.683 -5.873, 46.68502115158636 -5.876149236192703, 46.691 -5.883, 46.70112126034373 -5.898953851050289, 46.707 -5.906, 46.70788372093023 -5.907441860465111, 46.715 -5.916, 46.76843750000005 -6.005062500000074, 46.809 -6.069, 46.80947439759036 -6.070064759036143, 46.812 -6.074, 46.816921875 -6.0853462171052595, 46.821 -6.092, 46.82201176470588 -6.094352941176458, 46.823 -6.096, 46.897 -6.264, 46.898902253597605 -6.270780613630173, 46.899 -6.271, 46.90144288480156 -6.279076476282706, 46.907 -6.292, 46.917114957544065 -6.330890267798753, 46.948 -6.433, 46.953829404309246 -6.466569328263595, 46.959 -6.485, 46.96066804979254 -6.498344398340251, 46.965 -6.515, 46.96874796747968 -6.552479674796798, 46.977 -6.6, 46.979453846153845 -6.64863076923074, 46.987 -6.709, 46.98655364806867 -6.730536480686696, 46.988 -6.745, 46.98796471560066 -6.745648690110922, 46.988 -6.746, 46.98617931034482 -6.781917241379315, 46.988 -6.818, 46.98393564228483 -6.8568552597570775, 46.983 -6.902, 46.97865825688073 -6.930287114261903, 46.977 -6.963, 46.97581126604999 -6.969085185696456, 46.975 -6.984, 46.96678615780706 -7.020804331364539, 46.963 -7.057, 46.95417487818084 -7.08980003609457, 46.95 -7.117, 46.94109958506224 -7.146775933609971, 46.935 -7.178, 46.92622692188948 -7.2025409076875455, 46.923 -7.217, 46.91272809667673 -7.243843907351484, 46.903 -7.28, 46.897552834287985 -7.292459608927488, 46.895 -7.301, 46.87458566488524 -7.3469968563345285, 46.861 -7.385, 46.85280295566501 -7.400448275862086, 46.848 -7.413, 46.832844958438756 -7.441045536682297, 46.816 -7.479, 46.786885341074026 -7.526097242380259, 46.761 -7.574, 46.7599730312837 -7.575396979503798, 46.757 -7.581, 46.727144808743176 -7.6227363387978055, 46.714 -7.644, 46.70635867565911 -7.653472716125068, 46.701 -7.662, 46.68891641429435 -7.676178073894632, 46.659 -7.718, 46.637593260811904 -7.741869461395578, 46.625 -7.759, 46.60551724137932 -7.778482758620685, 46.593 -7.794, 46.578499490662125 -7.807761629881174, 46.546 -7.844, 46.50450000000003 -7.879499999999975, 46.465 -7.919, 46.44701056189268 -7.932550485847073, 46.436 -7.943, 46.402542143600435 -7.966716961498426, 46.38 -7.986, 46.37445440018263 -7.989462618422555, 46.368 -7.995, 46.34570133333337 -8.008861333333309, 46.311 -8.035, 46.2892857142857 -8.04700000000001, 46.278 -8.055, 46.238106382978714 -8.075744680851066, 46.183 -8.11, 46.17724043715847 -8.112601092896174, 46.175 -8.114, 46.16353811659192 -8.118789237668162, 46.14079831932776 -8.1290588235294, 46.121 -8.14, 46.09537288135594 -8.149966101694913, 46.078 -8.159, 46.06390765171502 -8.16378364116096, 46.028 -8.18, 45.97974454349833 -8.195585613280041, 45.962 -8.203, 45.95306109979635 -8.205309572301422, 45.941 -8.21, 45.91495744680848 -8.216510638297882, 45.867 -8.232, 45.84367426710107 -8.236192182410406, 45.80951282051281 -8.242871794871798, 45.753 -8.257, 45.71524955626554 -8.26130315938942, 45.681 -8.268, 45.66002255639098 -8.269198711063373, 45.65 -8.271, 45.620898058252415 -8.272058252427186, 45.56 -8.279, 45.54088884540117 -8.278603913894326, 45.537 -8.279, 45.515874751491054 -8.278085487077535, 45.507530418250944 -8.277912547528517, 45.471 -8.28, 45.451660735468565 -8.278212336892052, 45.43 -8.279, 45.40002125398512 -8.275684378320936, 45.367 -8.275, 45.33651580486023 -8.270321030513431, 45.306 -8.269, 45.26797313719219 -8.261232811000959, 45.233 -8.258, 45.22755834136934 -8.256610139137624, 45.213 -8.255, 45.18050009848336 -8.246374433720701, 45.152 -8.242, 45.1041149567367 -8.22776390605686, 45.071 -8.221, 45.03599341527654 -8.208021949078134, 45.002 -8.199, 44.99009847036329 -8.19386711281071, 44.967 -8.187, 44.91511111111111 -8.163207046070461, 44.866 -8.145, 44.817209009605854 -8.119303411725749, 44.791 -8.108, 44.79030402840698 -8.10756324231663, 44.789 -8.107, 44.77930838323354 -8.100936526946112, 44.762 -8.093, 44.74142503863989 -8.079390520350344, 44.716 -8.066, 44.627737024221446 -8.006107266435981, 44.594 -7.985, 44.584190249702736 -7.976557669441143, 44.576 -7.971, 44.57150557160545 -7.966995872884853, 44.57 -7.966, 44.461904624277345 -7.871317919075045, 44.429 -7.843, 44.41933705747747 -7.831782877910906, 44.415 -7.828, 44.413600076248564 -7.8263164315669025, 44.411 -7.824, 44.36241137675193 -7.765762572135292, 44.294 -7.688, 44.28977020877942 -7.681376605995696, 44.286 -7.677, 44.278354875468004 -7.665013999674414, 44.27 -7.655, 44.26674339014898 -7.649704469198772, 44.262 -7.644, 44.20663813953488 -7.552576744186045, 44.168 -7.492, 44.16608073115004 -7.487692307692308, 44.165 -7.486, 44.16239904175222 -7.480031485284041, 44.155 -7.468, 44.15400615384616 -7.4656615384615534, 44.153 -7.464, 44.08 -7.297, 44.0781207081545 -7.290270922746766, 44.078 -7.29, 44.07466750629724 -7.278982367758207, 44.07 -7.268, 44.061468286099846 -7.235344129554589, 44.029 -7.128, 44.02214564158095 -7.089844071467271, 44.018 -7.075, 44.016553719008265 -7.063429752066117, 44.012 -7.046, 44.009178051149235 -7.017657818064033, 43.999 -6.961, 43.99624637681159 -6.900971014492751, 43.99 -6.851, 43.99034898674981 -6.828548519095914, 43.989 -6.815, 43.99073001310616 -6.780714285714259, 43.989 -6.743, 43.992148599269186 -6.712773447015805, 43.993 -6.658, 43.99874733096085 -6.621825622775821)), ((43.28714691943128 -1.593901263823065, 43.283 -1.594, 43.101 -1.574, 43.09901483679525 -1.573501483679525, 43.094 -1.573, 43.08209065679926 -1.5701679000925066, 43.072 -1.569, 43.038683506686496 -1.5598454680534952, 42.93 -1.534, 42.902018128499066 -1.5240314582777927, 42.878 -1.518, 42.86215074024226 -1.5113387169134125, 42.85 -1.508, 42.821312584573754 -1.4952801082543985, 42.77 -1.477, 42.72121825726143 -1.4521062240663982, 42.671 -1.431, 42.655522288261515 -1.4217693164933136, 42.638 -1.414, 42.607861061631624 -1.3942589953687177, 42.576 -1.378, 42.548260370283565 -1.3577998593859821, 42.505 -1.332, 42.47989795918369 -1.3119183673469494, 42.455 -1.296, 42.4464342379958 -1.288524425887252, 42.438 -1.283, 42.40674925816025 -1.2547507418397723, 42.381 -1.236, 42.364496855345905 -1.2195974842767252, 42.335 -1.196, 42.308723404255325 -1.1683404255319194, 42.29 -1.152, 42.279109986194186 -1.1393706089890947, 42.261 -1.123, 42.23394201464478 -1.0898387096774396, 42.217 -1.073, 42.21291322314049 -1.067487603305783, 42.202 -1.056, 42.17415462184875 -1.0176515406162605, 42.146 -0.985, 42.1381125862069 -0.9723936206896657, 42.128 -0.96, 42.10414159292034 -0.9212300884955632, 42.088 -0.899, 42.0682913907285 -0.8629735099338095, 42.032 -0.804, 42.03017342248222 -0.7998754701211557, 42.029 -0.798, 42.01300450185946 -0.7633055392444785, 42.004 -0.749, 41.99861165048543 -0.7356019417475653, 41.995 -0.729, 41.994544715447134 -0.7278292682926373, 41.993 -0.725, 41.99136693620846 -0.7207448337825958, 41.985 -0.709, 41.974715522215796 -0.6802562031159544, 41.958 -0.644, 41.94889773614363 -0.6163497267759506, 41.939 -0.594, 41.933794871794866 -0.5744358974358889, 41.93 -0.565, 41.92752252252253 -0.5554864864865118, 41.925 -0.549, 41.924227551388384 -0.5458041831950958, 41.922 -0.54, 41.92024626865671 -0.5327985074626771, 41.918 -0.527, 41.914898734177214 -0.5130759493670932, 41.907 -0.491, 41.90645727303033 -0.4880766751861052, 41.905 -0.484, 41.891097194388784 -0.4156132264529326, 41.88 -0.373, 41.87866695483035 -0.3620579208990907, 41.875 -0.347, 41.87415617556993 -0.3386461381422541, 41.874 -0.338, 41.87274931431706 -0.3253614920460738, 41.869188946015456 -0.3078483290489744, 41.869 -0.307, 41.86899250249917 -0.3068820393202087, 41.868 -0.302, 41.86683703827512 -0.2838079558750417, 41.864 -0.269, 41.8636113918236 -0.2572931786862332, 41.863 -0.254, 41.86192122538293 -0.2246033916848909, 41.856 -0.176, 41.85622431132488 -0.1611206821163529, 41.855 -0.149, 41.855069597069594 -0.1467032967033135, 41.855 -0.146, 41.855375 -0.136624999999909, 41.856035242290744 -0.1148370044052612, 41.854 -0.083, 41.85439277921047 -0.0771797262447928, 41.854 -0.071, 41.85563171690695 -0.0532142857143176, 41.855 -0.036, 41.858658901251744 0.0003737830320402, 41.859 0.023, 41.859950569675725 0.0294245398772732, 41.86 0.033, 41.86064850136239 0.0374005449591085, 41.861 0.049, 41.86338410596026 0.0636026490065668, 41.864 0.079, 41.869190007972364 0.1050653733723506, 41.872 0.133, 41.87326096997691 0.1389445727482846, 41.874 0.147, 41.882104166666664 0.1854947916666494, 41.884 0.201, 41.8856160990712 0.2068235294117405, 41.888 0.223, 41.89107185628743 0.2336377245509144, 41.893 0.245, 41.89699009900991 0.2562029702970553, 41.902 0.28, 41.90580487804877 0.2923658536584926, 41.907 0.298, 41.90840109274307 0.3019921546651858, 41.909 0.305, 41.916080000000015 0.3257600000000374, 41.942 0.41, 41.95527492018447 0.4406874778290466, 41.968 0.478, 41.975290322580626 0.4925806451612426, 41.98 0.506, 41.99948900271167 0.5428966556191802, 42.019 0.588, 42.0236046511628 0.5957209302325787, 42.029 0.608, 42.04771698113206 0.6374339622641322, 42.062 0.666, 42.072284970124095 0.6807142638271741, 42.083 0.701, 42.1012022556391 0.7258340852130426, 42.118 0.754, 42.13683311603649 0.777576271186423, 42.153 0.803, 42.176299356054656 0.8295231663263758, 42.199 0.862, 42.20703913814265 0.8702316923496602, 42.212 0.877, 42.23430474452553 0.899596309813443, 42.253 0.923, 42.28572120200332 0.9540851419031582, 42.312 0.984, 42.34367272727276 1.010393939393968, 42.365 1.032, 42.36508743169399 1.0320655737704956, 42.366 1.033, 42.379340136054424 1.0430231292517005, 42.393 1.056, 42.43181249999998 1.0838437499999858, 42.48 1.124, 42.526491452991486 1.1535854700854953, 42.551 1.172, 42.56493697242543 1.1793460889138936, 42.577 1.188, 42.593970198675486 1.1965264900662216, 42.623 1.215, 42.73082006920415 1.2667820069204165, 42.754 1.279, 42.76262252663622 1.282055555555556, 42.775 1.288, 42.778057692307684 1.2890192307692294, 42.782 1.291, 42.955 1.351, 42.95996875 1.3519889259708753, 42.96 1.352, 42.96175409836042 1.3523442622950366, 42.97071416045594 1.3541275756247277, 42.979 1.357, 42.992068403908775 1.3592703583061854, 43.03830706836617 1.3675805330243358, 43.161 1.392, 43.164775368139225 1.3921895582329316, 43.174 1.394, 43.18913572542901 1.3946879875195006, 43.202 1.397, 43.2106075511832 1.3972369050784368, 43.215 1.398, 43.3137 1.40035, 43.394 1.404, 43.39600557103064 1.4037994428969358, 43.4 1.404, 43.41129844851904 1.4027605077574048, 43.42 1.403, 43.42085635359116 1.4029013417521705, 43.425 1.403, 43.607 1.383, 43.60898516320475 1.3825014836795249, 43.614 1.382, 43.62514453665283 1.3793658367911485, 43.637 1.378, 43.67322199170125 1.368002074688796, 43.779 1.343, 43.808736800630435 1.3323396375098457, 43.83 1.327, 43.84596819085487 1.320320997094356, 43.858 1.317, 43.85901820020222 1.3165485338725993, 43.861 1.316, 43.88870668058453 1.3036711899791336, 43.938 1.286, 43.9846666666667 1.2623076923076793, 44.038 1.24, 44.05623377117836 1.2291256424900108, 44.07 1.223, 44.100052565707124 1.2037271589486942, 44.133 1.187, 44.16186247256769 1.166130212143365, 44.204 1.141, 44.228076347894536 1.1216249508067628, 44.254 1.105, 44.261183673469375 1.098730612244909, 44.27 1.093, 44.29713560111836 1.0683173345759525, 44.328 1.046, 44.35330535952702 1.0208489414457107, 44.373 1.005, 44.39536003172086 0.9816312450436109, 44.419 0.961, 44.432674265605854 0.945030752754002, 44.447 0.932, 44.465451019196536 0.9093870967741774, 44.492 0.883, 44.499797927461124 0.8724818652849928, 44.506 0.866, 44.53944423906348 0.8203413431916028, 44.562 0.794, 44.57018485009757 0.7810290934894476, 44.58 0.769, 44.59549790794978 0.7438158995816125, 44.621 0.709, 44.651999999999994 0.6520000000000139, 44.66757894736856 0.6266842105260927, 44.68 0.607, 44.697946428571434 0.5675178571428513, 44.714 0.538, 44.71859697217676 0.5262448854337151, 44.723 0.518, 44.73241379310345 0.4916896551724131, 44.75 0.453, 44.75910226385636 0.4253497267759587, 44.769 0.403, 44.77395956586508 0.3846748244307284, 44.784 0.359, 44.791851899138216 0.3258649856367261, 44.79307569721109 0.3221474103587736, 44.801 0.3, 44.80187212616379 0.2954261827854501, 44.803 0.292, 44.81259408893708 0.2419235357918113, 44.828 0.185, 44.83112438698172 0.1601350869371439, 44.834 0.148, 44.83760540681051 0.1113766571354117, 44.844 0.078, 44.844163054695564 0.0736337575965826, 44.846 0.064, 44.84695381474866 0.034159224291918, 44.852 -0.006, 44.85165036154827 -0.0312905146745579, 44.853 -0.045, 44.85104568527919 -0.0938578680203062, 44.853 -0.155, 44.85278539493294 -0.1572533532041748, 44.853 -0.163, 44.84955384615383 -0.1911846153847903, 44.8494204851752 -0.1925849056603888, 44.849 -0.223, 44.84476404494382 -0.2508988764044752, 44.844 -0.27, 44.8401779661017 -0.289631355932167, 44.837 -0.323, 44.82851767151768 -0.3632304722304507, 44.825 -0.392, 44.82140879416283 -0.4047213901689851, 44.82 -0.414, 44.81189665150889 -0.4420615957006941, 44.80341608738828 -0.4822836998155766, 44.88189033942559 -0.4863942558746736, 44.977 -0.489, 44.99578142265193 -0.4923599792817676, 45.008 -0.493, 45.188 -0.526, 45.19279411764707 -0.5276053696708058, 45.195 -0.528, 45.356 -0.579, 45.38552777032467 -0.5921446203380779, 45.406 -0.599, 45.43956393129769 -0.6161994274809052, 45.511 -0.648, 45.560450314809756 -0.67814618122092, 45.607 -0.702, 45.65569508196722 -0.7362098360655764, 45.698 -0.762, 45.726102311854426 -0.7856731431382371, 45.765 -0.813, 45.82652261306535 -0.8702663316583122, 45.882 -0.917, 45.90350447325177 -0.9419224027752345, 45.924 -0.961, 45.99896257615316 -1.0525526544821395, 46.033 -1.092, 46.03873781544983 -1.1011306106723295, 46.046 -1.11, 46.148 -1.275, 46.229 -1.452, 46.234068965517245 -1.468655172413806, 46.236 -1.473, 46.2424296296296 -1.4961259259258193, 46.285 -1.636, 46.29025993044113 -1.6681607175543853, 46.298 -1.696, 46.305117897178214 -1.7590065713182177, 46.32 -1.85, 46.321027557216254 -1.8998365249882931, 46.325 -1.935, 46.32275960170697 -1.9838406827880917, 46.324 -2.044, 46.317386231038505 -2.1009801633605596, 46.315 -2.153, 46.30313264248705 -2.2237803108808114, 46.298 -2.268, 46.29218829707427 -2.28905551387848, 46.287 -2.32, 46.239 -2.482, 46.238816771891315 -2.4824179247872187, 46.237 -2.489, 46.165 -2.657, 46.15472932072226 -2.674212897678437, 46.15 -2.685, 46.11680165289265 -2.737776859503994, 46.057 -2.838, 46.0431693073789 -2.85483340878226, 46.033 -2.871, 45.954202312138854 -2.9631156069362725, 45.905 -3.023, 45.8965905511811 -3.03046456692914, 45.891 -3.037, 45.727 -3.181, 45.533 -3.304, 45.53163225806451 -3.304600000000003, 45.531 -3.305, 45.32 -3.398, 45.11 -3.454, 45.101117134559544 -3.455064306458304, 45.09 -3.458, 45.02080701754386 -3.4646867167919804, 44.893 -3.48, 44.86909432799013 -3.4793480271270036, 44.852 -3.481, 44.767637931034486 -3.476581034482759, 44.673 -3.474, 44.65421857734807 -3.4706400207182324, 44.642 -3.47, 44.462 -3.437, 44.457060606060615 -3.43536864053378, 44.455 -3.435, 44.294 -3.384, 44.2710715065502 -3.373941048034929, 44.244 -3.365, 44.20418502394425 -3.3445973008271555, 44.139 -3.316, 44.09116293929714 -3.286680511182118, 44.043 -3.262, 43.989013667425915 -3.2240728929384637, 43.953 -3.202, 43.92992080668965 -3.182558288243998, 43.885 -3.151, 43.81838876732312 -3.0886046681254546, 43.769 -3.047, 43.748038853262926 -3.022707280271605, 43.727 -3.003, 43.65203742384675 -2.911447345517759, 43.618 -2.872, 43.612182029434564 -2.8627714949651653, 43.605 -2.854, 43.502 -2.688, 43.422 -2.511, 43.42000310077518 -2.5044387596898923, 43.414 -2.491, 43.39701265822786 -2.4288987341772463, 43.366 -2.327, 43.36133244427509 -2.298461230710569, 43.353 -2.268, 43.34551681484344 -2.201759953614195, 43.331 -2.113, 43.32999130434783 -2.0643304347826383, 43.326 -2.029, 43.328166475315726 -1.9762824339839393, 43.327 -1.92, 43.332386623164766 -1.8735921696573872, 43.335 -1.81, 43.34937883008357 -1.7271977715876936, 43.353 -1.696, 43.35788130168044 -1.6782352627367456, 43.364 -1.643, 43.378780210406596 -1.5920554449815183, 43.314 -1.595, 43.311994428969356 -1.5947994428969359, 43.308 -1.595, 43.29704662576687 -1.593752147239264, 43.288 -1.594, 43.28714691943128 -1.593901263823065), (43.903 -2.71, 43.995 -2.813, 44.144 -2.939, 44.313 -3.039, 44.5 -3.111, 44.696 -3.15, 44.894 -3.155, 45.088 -3.127, 45.259 -3.074, 45.403 -3.005, 45.527 -2.925, 45.633 -2.836, 45.785 -2.66, 45.895 -2.468, 45.957 -2.297, 45.988 -2.151, 46 -1.934, 45.987 -1.805, 45.96 -1.677, 45.918 -1.55, 45.862 -1.428, 45.747 -1.253, 45.656 -1.15, 45.507 -1.024, 45.338 -0.924, 45.15 -0.852, 44.955 -0.814, 44.757 -0.808, 44.66486415072497 -0.8212297629728239, 44.664101796407174 -0.8224286266177518, 44.647 -0.857, 44.63293722106516 -0.8769732222552726, 44.625 -0.892, 44.61106577052328 -0.9110110417666824, 44.591 -0.945, 44.56792595255212 -0.9736728971962615, 44.555 -0.994, 44.53253540252181 -1.0195729065632302, 44.509 -1.053, 44.5008124912673 -1.0614341204415192, 44.496 -1.068, 44.47444483985764 -1.0898369269416066, 44.455 -1.114, 44.422278797996675 -1.1450851419031582, 44.396 -1.175, 44.36839617969581 -1.1978388751326379, 44.343 -1.224, 44.325697674418585 -1.23683720930234, 44.315 -1.247, 44.27183632286997 -1.2777306614349646, 44.228 -1.314, 44.18619999999999 -1.3406000000000038, 44.159 -1.361, 44.14247930413917 -1.36982723455309, 44.131 -1.378, 44.11338831615121 -1.3869347079037782, 44.085 -1.405, 43.99103260869563 -1.4507472826087067, 43.955 -1.47, 43.942929334428925 -1.4741659819227593, 43.933 -1.479, 43.92983177570094 -1.4800560747663531, 43.926 -1.482, 43.79122846441952 -1.5279625468164657, 43.749 -1.543, 43.73748720654181 -1.5452490108150896, 43.693 -1.666, 43.662 -1.812, 43.651 -2.029, 43.663 -2.158, 43.69 -2.287, 43.732 -2.414, 43.789 -2.535, 43.903 -2.71)), ((222.636 24.681, 226.336 24.681, 229.993 24.129, 233.528 23.039, 236.861 21.434, 239.917 19.35, 242.629 16.834, 244.935 13.942, 246.785 10.739, 248.136 7.295, 248.96 3.689, 249.236 0, 248.96 -3.689, 248.136 -7.295, 246.785 -10.739, 244.935 -13.942, 242.629 -16.834, 239.917 -19.35, 236.861 -21.434, 233.528 -23.039, 229.993 -24.129, 226.336 -24.681, 222.636 -24.681, 218.979 -24.129, 215.444 -23.039, 212.111 -21.434, 209.055 -19.35, 206.343 -16.834, 204.037 -13.942, 202.187 -10.739, 200.836 -7.295, 200.54008208541322 -6, 197.486 -6, 197.486 6, 200.54008208541322 6, 200.836 7.295, 202.187 10.739, 204.037 13.942, 206.343 16.834, 209.055 19.35, 212.111 21.434, 215.444 23.039, 218.979 24.129, 222.636 24.681), (248.14586524189826 -5.342096262466904, 248.32629207232264 -4.329540890125309, 248.62914151141513 -2.194452344523401, 248.698 -1.0217964071856578, 248.698 1.0217964071856578, 248.62914151141513 2.1944523445234014, 248.3262920723226 4.329540890125718, 248.20908938186764 4.987282388958889, 248.2067952331838 5.00015715137257, 248.14586524189826 5.3420962624669475, 247.267 8.377, 245.396 7.606, 242.644 6.472, 241.721 6.01, 240.877 5.417, 240.129 4.707, 239.493 3.895, 238.984 2.997, 238.612 2.035, 238.386 1.029, 238.31 0, 238.386 -1.029, 238.612 -2.035, 238.984 -2.997, 239.493 -3.895, 240.129 -4.707, 240.877 -5.417, 241.721 -6.01, 242.644 -6.472, 245.396 -7.606, 247.267 -8.377, 248.14586524189826 -5.342096262466904), (226.521 14.126, 227.483 14.498, 228.381 15.007, 229.193 15.643, 229.904 16.391, 230.496 17.235, 230.958 18.158, 232.092 20.91, 232.863 22.781, 229.58 23.732, 226.195 24.212, 222.777 24.212, 219.393 23.732, 216.109 22.781, 216.88 20.91, 218.014 18.158, 218.476 17.235, 219.069 16.391, 219.779 15.643, 220.591 15.007, 221.489 14.498, 222.451 14.126, 223.457 13.9, 224.486 13.824, 225.515 13.9, 226.521 14.126), (222.777 -24.212, 226.195 -24.212, 229.58 -23.732, 232.863 -22.781, 232.092 -20.91, 230.958 -18.158, 230.496 -17.235, 229.904 -16.391, 229.193 -15.643, 228.381 -15.007, 227.483 -14.498, 226.521 -14.126, 225.515 -13.9, 224.486 -13.824, 223.457 -13.9, 222.451 -14.126, 221.489 -14.498, 220.591 -15.007, 219.779 -15.643, 219.069 -16.391, 218.476 -17.235, 218.014 -18.158, 216.88 -20.91, 216.109 -22.781, 219.393 -23.732, 222.777 -24.212), (220.857 -1.682, 221.148 -2.204, 221.514 -2.677, 221.946 -3.09, 222.435 -3.434, 222.969 -3.701, 223.538 -3.886, 224.128 -3.984, 224.726 -3.993, 225.318 -3.913, 225.892 -3.745, 226.434 -3.493, 226.933 -3.164, 227.377 -2.764, 227.757 -2.302, 228.064 -1.789, 228.29 -1.236, 228.432 -0.655, 228.486 -0.06, 228.45 0.537, 228.325 1.122, 228.115 1.682, 227.824 2.204, 227.458 2.677, 227.026 3.09, 226.537 3.434, 226.003 3.701, 225.434 3.886, 224.844 3.984, 224.247 3.993, 223.654 3.913, 223.08 3.745, 222.538 3.493, 222.039 3.164, 221.595 2.764, 221.215 2.302, 220.908 1.789, 220.682 1.236, 220.54 0.655, 220.486 0.06, 220.522 -0.537, 220.647 -1.122, 220.857 -1.682), (200.214 0, 200.36282855347886 -2.534541353855673, 200.42156339836828 -3.001623215595321, 200.45148099617484 -3.2395393505332253, 200.814723196881 -5.278054580896278, 200.9213248049865 -5.783453571842517, 201.705 -8.377, 203.576 -7.606, 206.328 -6.472, 207.251 -6.01, 208.095 -5.417, 208.843 -4.707, 209.479 -3.895, 209.988 -2.997, 210.36 -2.035, 210.586 -1.029, 210.662 0, 210.586 1.029, 210.36 2.035, 209.988 2.997, 209.479 3.895, 208.843 4.707, 208.095 5.417, 207.251 6.01, 206.328 6.472, 203.576 7.606, 201.705 8.377, 200.92132480498654 5.783453571842561, 200.8422074077388 5.408357422301236, 200.81472319688103 5.278054580896312, 200.45148099617487 3.239539350533282, 200.36282855347886 2.5345413538556687, 200.214 0)), ((169.83 6.187, 170.156 6.365, 170.504 6.495, 170.866 6.574, 171.236 6.6, 171.606 6.574, 171.969 6.495, 172.316 6.365, 172.642 6.187, 172.939 5.965, 173.201 5.703, 173.423 5.406, 173.601 5.08, 173.731 4.733, 173.81 4.37, 173.836 4, 173.836 3.975, 173.836 0.525, 173.836 0.475, 173.836 -2.975, 173.836 -3, 173.807 -3.388, 173.721 -3.766, 173.579 -4.128, 173.384 -4.465, 173.142 -4.768, 172.857 -5.033, 172.536 -5.252, 172.186 -5.42, 171.815 -5.535, 171.43 -5.593, 171.042 -5.593, 170.657 -5.535, 170.286 -5.42, 169.936 -5.252, 169.615 -5.033, 169.33 -4.768, 169.088 -4.465, 168.894 -4.128, 168.752 -3.766, 168.665 -3.388, 168.636 -3, 168.636 -2.975, 168.636 0.475, 168.636 0.525, 168.636 3.975, 168.636 4, 168.662 4.37, 168.741 4.733, 168.871 5.08, 169.049 5.406, 169.271 5.703, 169.533 5.965, 169.83 6.187)), ((178.946 87.275, 178.99437774219803 87.47355255168193, 179.015 87.669, 179.4370564430997 89.29040016890802, 179.848 90.977, 179.92501947263332 91.16499147403302, 179.975 91.357, 180.65296188973326 92.94177549141118, 181.293 94.504, 181.39289504487414 94.67141243311471, 181.474 94.861, 182.37708235779513 96.32079547212668, 183.246 97.777, 183.37510989951048 97.93406592733835, 183.479 98.102, 184.56945213383514 99.38701780248375, 185.666 100.721, 185.8166726484075 100.85677563514687, 185.945 101.008, 187.21975192978726 102.12113238870661, 188.498 103.273, 188.66565058976093 103.3837126536157, 188.816 103.515, 190.26097400530486 104.43722811671077, 191.678 105.373, 191.85779837710152 105.4563719405536, 192.028 105.565, 193.59434028446802 106.26160094764312, 195.135 106.976, 195.3269503545368 107.03214731529644, 195.511 107.114, 197.71584221039308 107.79210615245015, 196.784 108.419, 196.76891637741357 108.4954583627656, 195.174 108.056, 196.75508879647455 108.56554989373241, 196.755 108.566, 196.772 108.571, 196.823 108.586, 196.92 108.613, 197.033 108.645, 197.164 108.681, 197.23161445783268 108.69873493975939, 197.24 108.701, 197.468 108.761, 197.4972682926827 108.76841463414628, 197.591 108.793, 197.69252229299485 108.81787898089202, 197.693 108.818, 197.69679999999258 108.81892727272546, 197.844 108.855, 197.88651851851807 108.86522222222212, 197.902 108.869, 197.93096969696904 108.87590909090895, 198.131 108.924, 198.42 108.989, 198.65623963133473 109.0390368663591, 198.712 109.051, 198.853 109.08, 198.992 109.108, 199.131 109.135, 199.2350232558131 109.15404651162775, 199.277 109.162, 199.42591891892073 109.18870270270303, 199.549 109.211, 199.849 109.262, 200.092 109.3, 200.11804571428567 109.30380857142856, 200.151 109.309, 200.408 109.346, 200.42730769230877 109.34861538461554, 200.535 109.364, 200.768 109.395, 200.947 109.417, 200.9743823529406 109.4201666666666, 200.981 109.421, 200.99600000000103 109.42266666666679, 201.094 109.434, 201.193 109.445, 201.25 109.451, 201.264 109.453, 201.26409734513274 109.45256637168141, 201.268 109.453, 201.26812136658438 109.45238479696883, 202.925 109.579, 201.28196019161555 109.38223627008668, 201.297 109.306, 200.671 108.373, 202.24337062223748 108.51463651819111, 202.57 108.559, 202.71260644749958 108.55690449722907, 202.969 108.58, 204.6743846254746 108.52807752846324, 206.381 108.503, 206.57976783640524 108.47006586114881, 206.779 108.464, 208.4398561958608 108.16186505052625, 210.141 107.88, 210.33467785584233 107.81716823214603, 210.528 107.782, 212.10926998634775 107.24146606787724, 213.766 106.704, 213.94865492007068 106.61269933006733, 214.135 106.549, 215.6326224364206 105.77096256038114, 217.175 105, 217.33977313640085 104.88407202819151, 217.517 104.792, 218.90121856156466 103.78549974157481, 220.292 102.807, 220.43558505397925 102.66982313239211, 220.599 102.551, 221.81677798632828 101.35027270028944, 223.048 100.174, 223.17105387808812 100.01495866699932, 223.313 99.875, 224.32990329118803 98.51720046327583, 225.38 97.16, 225.4783127957734 96.98380991689075, 225.598 96.824, 226.40581881723546 95.3215912634574, 227.237 93.832, 227.3070845684035 93.64538676114651, 227.403 93.467, 227.98768099978835 91.83317178563819, 228.577 90.264, 228.61783330237165 90.07227890271854, 228.687 89.879, 229.021350052292 88.17768136656849, 229.371 86.536, 229.3829318554458 86.3377957287519, 229.422 86.139, 229.4981045180341 84.4246218925689, 229.6 82.732, 229.58210994966691 82.53226284981073, 229.591 82.332, 229.41373977371623 80.65245935596141, 229.26 78.936, 229.21166279614872 78.73777999350911, 229.191 78.542, 228.676 76.292, 229.685 76.787, 229.7582125230078 76.76225210489878, 230.175 78.363, 229.82653976705757 76.73915557169886, 229.827 76.739, 229.8248300374132 76.73118813468754, 229.822 76.718, 229.80557303370762 76.65519101123498, 229.784 76.568, 229.76334883720938 76.48818604651188, 229.744 76.412, 229.72049152542425 76.32415254237488, 229.701 76.25, 229.639 76.023, 229.576 75.799, 229.52566101694904 75.62616949152506, 229.515 75.589, 229.4973157894736 75.53089473684184, 229.445 75.357, 229.355 75.068, 229.28250000000014 74.84550000000046, 229.261 74.779, 229.2291846153855 74.68500000000263, 229.181 74.541, 229.091 74.282, 229.08998936170195 74.27919148936115, 229.083 74.259, 229.01000000000226 74.05690526316413, 228.996 74.018, 228.99426108998702 74.0133333333325, 228.988 73.996, 228.882 73.712, 228.794 73.483, 228.72715384615037 73.31292307691425, 228.697 73.236, 228.606 73.013, 228.55636734694008 72.89348979592152, 228.538 72.849, 228.5307835051545 72.83188659793775, 228.53 72.83, 228.52049999999952 72.80749999999883, 228.468 72.683, 228.409 72.547, 228.369 72.455, 228.35436363636413 72.42190909091019, 228.347 72.405, 228.3440645161292 72.39888709677453, 228.338 72.386, 228.33789361769956 72.38603670938535, 227.619 70.889, 228.26966331964863 72.40958096716349, 228.196 72.435, 227.702 73.443, 227.03431615600994 72.00231723147303, 226.913 71.706, 226.84150126763055 71.58627438469145, 226.732 71.35, 225.81267266244475 69.86348666915005, 224.959 68.434, 224.83601466346488 68.28427208925345, 224.727 68.108, 223.61079692038015 66.79263659798247, 222.54 65.489, 222.38951897292765 65.35345017653194, 222.261 65.202, 220.9824992134103 64.08603936914184, 219.708 62.938, 219.54034775121067 62.82723352996655, 219.39 62.696, 217.96255348110026 61.78479775590932, 216.528 60.837, 216.3445776790896 60.75197224395045, 216.177 60.645, 214.6110091383809 59.94835443864216, 213.07 59.234, 212.88071595701396 59.178617466230506, 212.695 59.096, 211.04516507451277 58.6415544516622, 209.413 58.164, 209.21263729263885 58.136786320128074, 209.021 58.084, 207.33209207981145 57.8813667558759, 205.636 57.651, 205.43646830695465 57.65393197974562, 205.237 57.63, 203.53161537452564 57.68192247153675, 201.825 57.707, 201.62623216359478 57.73993413885118, 201.427 57.746, 199.7611627570484 58.0489602665848, 198.065 58.33, 197.87290394025243 58.39237160339942, 197.677 58.428, 196.05409758922255 58.982919210340704, 194.44 59.507, 194.2637891282612 59.595079590919006, 194.071 59.661, 192.52251739197598 60.465460065729815, 191.031 61.211, 190.87138204747586 61.32324977604521, 190.689 61.418, 189.30490278195782 62.42486111708324, 187.914 63.403, 187.766260084692 63.54414629789765, 187.607 63.66, 185.916 65.231, 185.84 64.11, 185.78152246382672 64.05876746830836, 186.96 62.897, 185.72769727767695 64.01161088929219, 185.727 64.011, 185.714 64.024, 185.70917647058897 64.02870588235221, 185.664 64.072, 185.6295405405408 64.1056486486484, 185.601 64.133, 185.495 64.237, 185.44700000000196 64.28462499999806, 185.382 64.349, 185.3741641791057 64.35689179104358, 185.367 64.364, 185.201 64.531, 185.039 64.698, 184.89 64.853, 184.7303999999989 65.0240000000012, 184.691 65.066, 184.6241500000004 65.13844999999954, 184.516 65.255, 184.329 65.463, 184.3186156156167 65.47475375375254, 184.313 65.481, 184.29542718446194 65.50100000000464, 184.147 65.669, 184.14640311226302 65.6696935902195, 184.139 65.678, 184.1039323308302 65.71904511277832, 184.04373076922857 65.78900000000253, 183.952 65.895, 183.80199999999513 66.07234806630409, 183.787 66.09, 183.78343328930157 66.09429986789755, 183.771 66.109, 183.73482608695375 66.152898550728, 183.607 66.307, 183.5134630872459 66.42275838926474, 183.424 66.533, 183.29 66.702, 183.28919209039628 66.70303389830407, 183.259 66.741, 183.111 66.931, 182.991 67.088, 182.903 67.205, 182.824 67.31, 182.754 67.405, 182.715 67.459, 182.705 67.472, 182.70508230452677 67.47207706696594, 182.702 67.476, 182.70285850593808 67.47675214237053, 181.765 68.848, 182.75663709889486 67.5238679008017, 182.815 67.575, 183.936 67.499, 183.02307953319024 68.79619948860693, 182.826 69.051, 182.75801464019438 69.17283913701297, 182.608 69.386, 181.78540924776027 70.91588208048132, 180.969 72.379, 180.89999031675472 72.56261413111045, 180.803 72.743, 180.22198827086493 74.36657483188209, 179.628 75.947, 179.5863248537252 76.14286793211373, 179.519 76.331, 179.18884309526442 78.01098207307632, 178.835 79.674, 178.8230726646274 79.87218127114762, 178.784 80.071, 178.7078015807098 81.78749338602276, 178.606 83.479, 178.62386036910922 83.67840576805469, 178.615 83.878, 178.79193018391004 85.55485581800731, 178.946 87.275), (200.665 108.372, 200.66474744661076 108.37197028783656, 200.6771715665627 108.37309194704605, 200.671 108.373, 200.665 108.372), (228.67632907127506 76.29417223005628, 228.67400000000023 76.28400000000101, 228.676 76.292, 228.67632907127506 76.29417223005628), (185.91925320913325 65.22840111325684, 185.91 65.237, 185.916 65.231, 185.91925320913325 65.22840111325684), (184.14068050669314 65.67634332183141, 184.13729134414314 65.68028156658225, 184.139 65.678, 184.14068050669314 65.67634332183141), (183.941 67.492, 183.93558774364556 67.49969003265964, 183.936 67.499, 183.941 67.492), (217.19 81.719, 217.335 81.669, 217.485 81.641, 217.638 81.636, 217.791 81.654, 217.938 81.694, 218.079 81.756, 218.208 81.838, 218.324 81.939, 218.423 82.055, 218.504 82.185, 218.565 82.326, 218.604 82.474, 218.62 82.626, 218.614 82.78, 218.584 82.93, 218.53981184668987 83.05476655052267, 218.449 83.151, 218.297 83.271, 218.128 83.367, 217.946 83.436, 217.757 83.478, 217.563 83.492, 217.369 83.476, 217.18 83.431, 217 83.359, 216.832 83.26, 216.69684663520724 83.15080324169061, 216.687 83.135, 216.627 82.995, 216.588 82.846, 216.58483954096457 82.81774177803608, 216.591 82.553, 216.57757082760165 82.55038048242106, 216.578 82.541, 216.607 82.391, 216.658 82.246, 216.73 82.111, 216.822 81.988, 216.93 81.88, 217.054 81.79, 217.19 81.719), (211.88 93.018, 211.902 93.166, 211.901 93.315, 211.877 93.463, 211.832 93.606, 211.766 93.74, 211.681 93.863, 211.579 93.971, 211.461 94.064, 211.331 94.138, 211.25961590411873 94.16521839627129, 211.35 94.061, 211.43 93.935, 211.49 93.798, 211.529 93.654, 211.547 93.506, 211.542 93.356, 211.515 93.209, 211.466 93.068, 211.397 92.936, 211.309 92.815, 211.203 92.709, 211.084 92.62, 210.952 92.549, 210.811 92.499, 210.74696765847347 92.48680336351876, 210.822 92.463, 210.971 92.437, 211.123 92.434, 211.274 92.452, 211.424 92.494, 211.567 92.557, 211.698 92.641, 211.7187255919559 92.65891534219915, 211.773 92.74, 211.837 92.875, 211.88 93.018), (209.12067646327515 71.66435264948886, 208.7185393553493 71.49814767249443, 208.799 71.413, 208.916 71.321, 209.046 71.247, 209.186 71.193, 209.332 71.161, 209.481 71.151, 209.63 71.163, 209.775 71.198, 209.914 71.253, 210.043 71.329, 210.10331776061776 71.37787818532819, 209.968 71.351, 209.818 71.345, 209.67 71.361, 209.525 71.399, 209.388 71.458, 209.261 71.537, 209.147 71.634, 209.12067646327515 71.66435264948886), (209.172 73.105, 209.08219583843328 73.06855773153815, 209.0959037433155 72.9989037433155, 209.196 73.099, 209.21841059602647 73.11580794701987, 209.172 73.105), (200.427 81.527, 200.704 80.997, 201.056 80.514, 201.476 80.088, 201.955 79.731, 202.482 79.448, 203.045 79.248, 203.632 79.133, 204.229 79.107, 204.824 79.171, 205.402 79.322, 205.951 79.558, 206.459 79.873, 206.915 80.26, 207.307 80.711, 207.628 81.216, 207.871 81.762, 208.029 82.339, 208.099 82.932, 208.08 83.53, 207.973 84.118, 207.778 84.683, 207.502 85.214, 207.15 85.697, 206.73 86.122, 206.251 86.48, 205.724 86.762, 205.161 86.963, 204.574 87.077, 203.976 87.103, 203.382 87.04, 202.804 86.888, 202.254 86.652, 201.746 86.337, 201.291 85.95, 200.898 85.499, 200.577 84.995, 200.335 84.448, 200.177 83.872, 200.107 83.278, 200.125 82.68, 200.233 82.092, 200.427 81.527), (199.411 108.17, 199.32685106383036 108.15361702127672, 199.33960000000022 108.15600000000005, 199.35 108.158, 199.37825806451406 108.16322580645124, 199.468 108.18, 199.6549999999946 108.21399999999902, 199.666 108.216, 199.67814634146254 108.21812195121936, 199.68772413792914 108.21982758620656, 199.679999999999 108.21849999999982, 199.62837209302444 108.20946511627928, 199.59524999999806 108.20349999999964, 199.411 108.17), (198.79562910798214 108.04642253521146, 198.86797777777733 108.06153333333324, 198.903 108.069, 199.01691643454075 108.09253203342625, 198.959 108.081, 198.8004634146361 108.04746341463456, 198.79562910798214 108.04642253521146), (198.65 94.538, 198.711 94.678, 198.75 94.827, 198.766 94.979, 198.76 95.132, 198.731 95.282, 198.68 95.427, 198.607 95.562, 198.516 95.685, 198.407 95.793, 198.283 95.883, 198.148 95.954, 198.003 96.004, 197.852 96.032, 197.699 96.037, 197.547 96.019, 197.399 95.979, 197.259 95.917, 197.13 95.835, 197.014 95.734, 196.9284745538665 95.63479048248513, 196.89 95.507, 196.863 95.315, 196.864 95.12, 196.894 94.928, 196.953 94.743, 197.038 94.569, 197.149 94.409, 197.282 94.267, 197.435 94.147, 197.604 94.051, 197.7649159759635 93.98965634065479, 197.785 93.989, 197.937 94.006, 198.085 94.047, 198.225 94.109, 198.354 94.191, 198.47 94.291, 198.569 94.408, 198.65 94.538), (198.519 107.986, 198.52166399999987 107.98655999999998, 198.572 107.998, 198.63364670658706 108.01160479041921, 198.59317808219186 108.0029178082192, 198.519 107.986), (196.197 70.971, 196.306 70.863, 196.43 70.772, 196.566 70.701, 196.71 70.651, 196.84112556732222 70.6275537065053, 196.969 70.658, 197.149 70.73, 197.317 70.829, 197.468 70.951, 197.599 71.094, 197.708 71.255, 197.791 71.431, 197.847 71.617, 197.874 71.809, 197.873 72.004, 197.8450971055089 72.1768179271708, 197.837 72.192, 197.745 72.315, 197.636 72.423, 197.513 72.513, 197.377 72.584, 197.232 72.634, 197.081 72.662, 196.928 72.667, 196.776 72.649, 196.628 72.609, 196.488 72.547, 196.359 72.465, 196.243 72.364, 196.144 72.248, 196.063 72.118, 196.002 71.977, 195.963 71.829, 195.947 71.676, 195.953 71.523, 195.982 71.373, 196.034 71.229, 196.106 71.093, 196.197 70.971), (192.091 84.491, 192.236 84.453, 192.373 84.393, 192.5 84.314, 192.613 84.218, 192.711 84.105, 192.792 83.978, 192.82828621724576 83.89575124090962, 192.9283017268268 83.91537048799161, 192.927 84.013, 192.904 84.16, 192.859 84.303, 192.793 84.437, 192.708 84.56, 192.606 84.669, 192.488 84.761, 192.358 84.835, 192.219 84.888, 192.073 84.921, 191.924 84.931, 191.775 84.919, 191.629 84.884, 191.491 84.829, 191.362 84.753, 191.246 84.659, 191.145 84.549, 191.061 84.425, 190.997 84.29, 190.954 84.146, 190.933 83.999, 190.934 83.849, 190.9461647235803 83.77398420458817, 190.991 83.903, 191.06 84.036, 191.149 84.156, 191.254 84.262, 191.374 84.352, 191.506 84.422, 191.646 84.472, 191.793 84.5, 191.942 84.507, 192.091 84.491)), ((53.635269683344845 181.63413554189646, 53.651 181.834, 54.0323758451925 183.4767476951273, 54.396 185.164, 54.46854821473298 185.35552728689504, 54.513 185.547, 55.13583851674646 187.11717368421066, 55.746 188.728, 55.844170465234285 188.9028760055942, 55.918 189.089, 56.772092873249775 190.55583103466358, 57.612 192.052, 57.73632339359618 192.211814003392, 57.836 192.383, 58.89096444928011 193.6960705399293, 59.952 195.06, 60.09915702719597 195.19985778290712, 60.223 195.354, 61.469208369590476 196.5019521977462, 62.714 197.685, 62.878330953450444 197.79997378587552, 63.026 197.936, 64.4447105275892 198.89588776906257, 65.837 199.87, 66.01523178886751 199.95848942065916, 66.183 200.072, 67.73651632476148 200.81308147934115, 69.251 201.565, 69.44059236911754 201.62598519701217, 69.623 201.713, 71.809 202.45, 70.86 203.051, 70.84295907266555 203.1263931936615, 69.261 202.645, 70.82707137192703 203.19668423329247, 70.827 203.197, 70.8320593220339 203.19868644067796, 70.832 203.199, 70.845 203.203, 70.895 203.219, 70.991 203.249, 71.104 203.284, 71.13391304347704 203.2930434782605, 71.137 203.294, 71.1410000000025 203.29518604651238, 71.233 203.323, 71.415 203.376, 71.42614678899125 203.37921100917444, 71.535 203.411, 71.59839622641529 203.42883018867929, 71.658 203.446, 71.72198039215729 203.46358823529422, 71.759 203.474, 71.966 203.531, 72.204 203.594, 72.33028187919425 203.62578523489924, 72.48 203.664, 72.64168421052133 203.70273684210406, 72.771 203.734, 72.912 203.767, 73.05 203.798, 73.188 203.829, 73.30941666666617 203.85483333333323, 73.333 203.86, 73.38043129771042 203.8698473282444, 73.604 203.917, 73.88404819276764 203.9715060240957, 73.912 203.977, 73.95601785713895 203.98504464285642, 74.144 204.02, 74.356 204.057, 74.36330851063622 204.0582446808507, 74.459 204.075, 74.50645009074337 204.08262250453708, 74.585 204.096, 74.817 204.133, 74.87572164948388 204.14190721649476, 74.895 204.145, 74.9120338983056 204.14741525423736, 74.995 204.16, 75.09669811320781 204.17383647798746, 75.146 204.181, 75.245 204.195, 75.298 204.202, 75.311 204.204, 75.31114053254439 204.2034600591716, 75.316 204.204, 75.3160322730625 204.20385721614775, 76.968 204.374, 75.33194020668792 204.13347666132012, 75.349 204.058, 74.747 203.109, 76.3250822622114 203.29352270779785, 76.641 203.345, 76.77963991894453 203.3466734285677, 77.039 203.377, 78.76650574099544 203.37065554030065, 80.452 203.391, 80.64912880237308 203.3637413947447, 80.851 203.363, 82.52190004238882 203.1047780603637, 84.227 202.869, 84.4237374063822 202.81086692232756, 84.617 202.781, 86.24092073170814 202.27391535150622, 87.882 201.789, 88.06023220343862 201.7058180915046, 88.255 201.645, 89.79099330694136 200.89806276468167, 91.336 200.177, 91.50582245998898 200.06415955635893, 91.683 199.978, 93.08098588771449 199.0175244999402, 94.51 198.068, 94.65772045804438 197.93424108613186, 94.824 197.82, 96.0705062440546 196.6549823106932, 97.335 195.51, 97.46256902802693 195.35392363113286, 97.608 195.218, 98.6621717047347 193.88625053869316, 99.747 192.559, 99.84942745513587 192.38637419129287, 99.974 192.229, 100.82725643455717 190.73839301157923, 101.692 189.281, 101.76665910087391 189.097291787327, 101.867 188.922, 102.4950978850627 187.30487551766103, 103.127 185.75, 103.17276227364876 185.56013524762753, 103.247 185.369, 103.62364737318104 183.68944174956798, 104.02 182.045, 104.03745279020411 181.84418713816655, 104.081 181.65, 104.20260673629544 179.9439158251097, 104.35 178.248, 104.33757780859086 178.0503364270757, 104.352 177.848, 104.21732629530061 176.13687824697996, 104.111 174.445, 104.06873031665516 174.2488644581035, 104.053 174.049, 103.598 171.787, 104.594 172.308, 104.66780171414865 172.2847756843588, 105.042 173.896, 104.73640397123178 172.2631875615005, 104.737 172.263, 104.7358969521045 172.25803628447025, 104.736 172.258, 104.73533333333332 172.25549999999993, 104.733 172.245, 104.72632432432434 172.21624324324327, 104.718 172.177, 104.692 172.062, 104.66805504587161 171.95631192660574, 104.666 171.947, 104.66491911764729 171.94247058823632, 104.663 171.934, 104.63239999999827 171.80619999999274, 104.624 171.771, 104.61060869565256 171.71647826087113, 104.582 171.599, 104.57250574712631 171.5613448275857, 104.568 171.543, 104.54266666666666 171.443, 104.523 171.365, 104.52034078212266 171.35487150837895, 104.511 171.318, 104.456 171.109, 104.392 170.872, 104.38960768614908 170.86361248999256, 104.38 170.828, 104.303 170.558, 104.242628252788 170.35499999999962, 104.23 170.312, 104.15 170.049, 104.067 169.788, 104.02498496240636 169.66100000000108, 103.972 169.499, 103.89774999999963 169.2844999999989, 103.888 169.256, 103.88200000000002 169.23900000000003, 103.873 169.213, 103.791 168.981, 103.718 168.779, 103.6573913043484 168.6178695652189, 103.616 168.507, 103.545 168.322, 103.491 168.185, 103.443 168.064, 103.41169565217403 167.98747826086986, 103.394 167.943, 103.378769230769 167.9063076923071, 103.373 167.892, 103.367 167.877, 103.3666830601093 167.877087431694, 103.365 167.873, 103.36455737127253 167.8731361934546, 102.686 166.357, 103.29574503194085 167.89430922094127, 103.222 167.917, 102.70030010935375 168.91242737755493, 102.07416754350473 167.46168231485248, 101.958 167.155, 101.88782283600041 167.02992284550422, 101.786 166.794, 100.93526516403135 165.33217394382854, 100.093 163.831, 99.96862807840742 163.67119190937612, 99.869 163.5, 98.79659262617504 162.16521897459825, 97.752 160.823, 97.60907276032762 160.6871621998045, 97.482 160.529, 96.21749659412404 159.36461062982463, 94.99 158.198, 94.82588837728971 158.08317966838874, 94.678 157.947, 93.24597404189532 156.97779611960976, 91.867 156.013, 91.6923220923122 155.92627502825692, 91.522 155.811, 89.94295768432617 155.0577417325521, 88.453 154.318, 88.26647794507477 154.2580024150778, 88.082 154.17, 86.41767483165113 153.663307477546, 84.825 153.151, 84.63109748045076 153.1193961062261, 84.436 153.06, 82.71952019260596 152.80783086361805, 81.064 152.538, 80.86660099761191 152.53561733033067, 80.665 152.506, 78.93836666666701 152.51234291961865, 77.253 152.492, 77.0558726429026 152.51925840540525, 76.854 152.52, 75.17887416983132 152.77880627373457, 73.478 153.014, 73.28218995675488 153.07184322940503, 73.087 153.102, 71.46347998721461 153.60909890968497, 69.822 154.094, 69.642010242053 154.17802649574588, 69.45 154.238, 67.92474362661045 154.97971597854155, 66.369 155.706, 66.19897783344433 155.8189375588239, 66.022 155.905, 64.64003794421855 156.85446644902146, 63.194 157.815, 63.043355503724385 157.95145489428933, 62.881 158.063, 61.149 159.588, 61.103 158.466, 61.04565275818546 158.41282346668106, 62.254 157.283, 60.989247700606406 158.36721510842133, 60.989 158.367, 60.98180528052758 158.37359515951636, 60.979 158.376, 60.95033333333379 158.4019999999996, 60.927 158.423, 60.889953846153645 158.4578923076925, 60.863 158.483, 60.754 158.584, 60.70487500000029 158.63049999999973, 60.638 158.693, 60.49961290322704 158.82558064516013, 60.453 158.87, 60.287 159.032, 60.237902985075344 159.0807761194023, 60.131 159.186, 60.02949999999957 159.28850000000043, 59.96 159.358, 59.749 159.575, 59.556 159.778, 59.390000000000626 159.95642780748597, 59.353 159.996, 59.25000000000054 160.1095783783778, 59.184 160.182, 58.997 160.391, 58.99186111111077 160.3968611111115, 58.981 160.409, 58.93307329842901 160.46391099476475, 58.812 160.602, 58.791567307692446 160.6260384615383, 58.782 160.637, 58.623 160.824, 58.484 160.989, 58.336 161.168, 58.191566265063564 161.34659036144168, 58.175 161.367, 58.16112804877945 161.38453048780616, 58.075 161.492, 57.984 161.608, 57.923 161.687, 57.887 161.733, 57.88150000000028 161.73999999999967, 57.879 161.743, 57.87908033033034 161.7430795795796, 57.876 161.747, 57.87652563600156 161.74748740792873, 56.903 163.094, 57.92962587275649 161.7967258092833, 57.986 161.849, 59.108782940566975 161.80300889112547, 58.16664553556021 163.0687292804983, 57.958 163.324, 57.88458764052534 163.4476617237194, 57.731 163.654, 56.880156666226036 165.1396066023181, 56.012 166.602, 55.93721138222266 166.78602690548558, 55.837 166.961, 55.219022101471474 168.553222968435, 54.577 170.133, 54.52982686338965 170.3289377479163, 54.458 170.514, 54.08079352000463 172.19403700491347, 53.685 173.838, 53.66806230710295 174.0322973411786, 53.623 174.233, 53.4993904608345 175.96718253840305, 53.354 177.635, 53.36642219140913 177.83266357292433, 53.352 178.035, 53.486673704699406 179.7461217530202, 53.593 181.438, 53.635269683344845 181.63413554189646), (103.59830586557709 171.78945868867734, 103.5966950570343 171.78145399239577, 103.598 171.787, 103.59830586557709 171.78945868867734), (61.154712330900445 159.58368263601346, 61.143 159.594, 61.149 159.588, 61.154712330900445 159.58368263601346), (103.2495454545442 170.52418181817762, 103.245 170.509, 103.2374285714288 170.48428571428641, 103.24330708661405 170.50314960629882, 103.2495454545442 170.52418181817762), (91.147 176.872, 91.238 176.7, 91.352 176.543, 91.489 176.405, 91.645 176.289, 91.817 176.198, 92 176.133, 92.191 176.096, 92.385 176.088, 92.578 176.109, 92.60299452477888 176.11564747999438, 92.492 176.341, 92.322 176.587, 92.117 176.804, 91.881 176.989, 91.621 177.136, 91.342 177.243, 91.05 177.307, 91.04682736856708 177.3072129282841, 91.049 177.247, 91.084 177.056, 91.147 176.872), (75.22 176.266, 75.511 175.743, 75.876 175.27, 76.307 174.856, 76.795 174.511, 77.33 174.243, 77.898 174.057, 78.487 173.958, 79.085 173.948, 79.678 174.028, 80.252 174.194, 80.795 174.445, 81.294 174.773, 81.739 175.173, 82.12 175.634, 82.427 176.147, 82.655 176.7, 82.797 177.28, 82.852 177.875, 82.817 178.472, 82.693 179.057, 82.484 179.617, 82.194 180.14, 81.829 180.613, 81.398 181.027, 80.909 181.372, 80.375 181.64, 79.807 181.826, 79.217 181.925, 78.619 181.935, 78.027 181.855, 77.453 181.689, 76.91 181.438, 76.41 181.11, 75.965 180.71, 75.585 180.249, 75.278 179.736, 75.05 179.183, 74.907 178.603, 74.853 178.008, 74.888 177.411, 75.011 176.826, 75.22 176.266), (73.9048665644177 202.9566656441719, 73.92872684458409 202.96168131868134, 73.92000000000183 202.96000000000035, 73.82 202.94, 73.76100000000069 202.92800000000014, 73.881 202.952, 73.9048665644177 202.9566656441719), (73.314 189.148, 73.76087553681099 189.3470493019533, 73.813 189.466, 73.864 189.654, 73.887 189.847, 73.88 190.041, 73.845 190.232, 73.781 190.416, 73.691 190.588, 73.576 190.744, 73.55725473071324 190.76288209606986, 73.418 190.554, 73.291 190.284, 73.205 189.997, 73.163 189.702, 73.165 189.403, 73.212 189.107, 73.303 188.823, 73.30491007398976 188.819107500733, 73.356 188.851, 73.37657157377605 188.86851363713367, 73.314 189.148), (73.66418181817949 202.9079999999995, 73.7205098039212 202.91976470588227, 73.702 202.916, 73.66418181817949 202.9079999999995), (73.2 202.807, 73.22233333333195 202.81198426323286, 73.269 202.823, 73.05081818181846 202.77257575757582, 73.04270967742056 202.77064516129062, 73.2 202.807), (73.30449221556886 202.83057365269462, 73.31892207792279 202.8338701298703, 73.269 202.823, 73.30449221556886 202.83057365269462), (71.778 167.828, 71.584 167.836, 71.391 167.815, 71.203 167.766, 71.025 167.689, 70.86 167.586, 70.712 167.46, 70.585 167.313, 70.481 167.149, 70.403 166.971, 70.39615517845874 166.94576810882828, 70.646 166.929, 70.944 166.954, 71.235 167.023, 71.513 167.134, 71.77 167.286, 72.002 167.474, 72.204 167.695, 72.20606325093219 167.6980824471758, 72.152 167.727, 71.969 167.791, 71.778 167.828), (60.14118367346971 160.61706122448945, 60.11119157894787 160.64888210526263, 60.11247318611963 160.64747318612015, 60.21850000000023 160.5338235294115, 60.233444444445404 160.51799999999898, 60.211 160.542, 60.172671924289844 160.58340378548937, 60.144 160.614, 60.14118367346971 160.61706122448945)))