MULTIPOLYGON (((-3.357119863013703 -7.354780821917809, -3.357119863013704 -7.354780821917809, -3.3571198630137054 -7.35478082191781, -3.438 -7.378, -3.479666023166023 -7.384108108108109, -3.521 -7.394, -3.5771484623541916 -7.398398727465536, -3.629 -7.406, -3.6768935698447884 -7.406212860310421, -3.738 -7.411, -3.8256751269035454 -7.406874111675127, -3.854 -7.407, -3.8689350237717934 -7.404838351822503, -3.908 -7.403, -4.075 -7.376, -4.08122296500197 -7.3741124655918195, -4.082 -7.374, -4.257 -7.323, -4.27307469102633 -7.315920472864052, -4.286 -7.312, -4.341466992665017 -7.2857995110024545, -4.45 -7.238, -4.471495990129551 -7.22437877853177, -4.485 -7.218, -4.564096267190565 -7.165701375245583, -4.652 -7.11, -4.662431803148563 -7.100681703929093, -4.668 -7.097, -4.83 -6.952, -4.976 -6.775, -4.9771969804199125 -6.7729712196272684, -4.978 -6.772, -5.095 -6.575, -5.177 -6.373, -5.179542531815137 -6.3625853985264555, -5.183 -6.354, -5.1968095238095255 -6.291857142857136, -5.229 -6.16, -5.231015503875969 -6.1379302325581415, -5.235 -6.12, -5.241345679012346 -6.02481481481481, -5.249 -5.941, -5.248069999999999 -5.923949999999999, -5.249 -5.91, -5.238 -5.728, -5.23715 -5.723749999999995, -5.237 -5.721, -5.206 -5.554, -5.1977349397590356 -5.526674698795178, -5.193 -5.503, -5.179363879003561 -5.465937722419936, -5.157 -5.392, -5.131047217537941 -5.334615514333893, -5.115 -5.291, -5.090501287237956 -5.244963957337257, -5.067 -5.193, -5.04510791871058 -5.159664330763838, -5.024 -5.12, -4.972038318912236 -5.048399258343632, -4.935 -4.992, -4.915971520687804 -4.971141859215478, -4.915971520687803 -4.971141859215477, -4.897 -4.945, -4.8061414634146375 -4.8507512195121985, -4.779 -4.821, -4.771638928939236 -4.814961277033984, -4.763 -4.806, -4.612 -4.684, -4.446 -4.583, -4.439195695496215 -4.5799457951375055, -4.426 -4.572, -4.372273624823697 -4.549906911142455, -4.27 -4.504, -4.238981268011526 -4.495095100864552, -4.212 -4.484, -4.147638506876232 -4.468872298624755, -4.061 -4.444, -4.010024791297748 -4.436527194535795, -3.978 -4.429, -3.9337621905476343 -4.425347336834208, -3.87 -4.416, -3.8177426931106497 -4.415767745302714, -3.76 -4.411, -3.6818163172288005 -4.415163628076573, -3.645 -4.415, -3.6217795744680865 -4.41836085106383, -3.591 -4.42, -3.4247767441860213 -4.446874418604655, -3.417 -4.448, -3.242 -4.5, -3.2279710656316163 -4.506178546224418, -3.212 -4.511, -3.1298210831721662 -4.549405222437128, -3.049 -4.585, -3.035918037690695 -4.593289560275203, -3.013 -4.604, -2.890713787085508 -4.685300174520074, -2.847 -4.713, -2.8408841784427836 -4.718428650595731, -2.831 -4.725, -2.669 -4.871, -2.521 -5.05, -2.4539032258064455 -5.1635483870967835, -2.404 -5.247, -2.3900155038759627 -5.282279069767457, -2.322 -5.449, -2.3189088888888887 -5.461661666666667, -2.316 -5.469, -2.3040999999999983 -5.5223211538461605, -2.27 -5.662, -2.2679726516052323 -5.68419946492271, -2.264 -5.702, -2.255573770491803 -5.819967213114757, -2.25 -5.881, -2.2505244215938305 -5.8906580976863765, -2.2498822567457073 -5.899648405560098, -2.2485017064846367 -5.898259385665524, -2.17 -5.815, -2.1475721126221057 -5.796710591840646, -2.125 -5.774, -2.0700814408770567 -5.733518794048552, -2.002 -5.678, -1.95931692076981 -5.651872781804551, -1.931 -5.631, -1.8911442715700129 -5.610142857142857, -1.837 -5.577, -1.785499731903482 -5.554857372654154, -1.738 -5.53, -1.662684210526314 -5.502052631578946, -1.63 -5.488, -1.6126587039390106 -5.4834897077509535, -1.579 -5.471, -1.415 -5.431, -1.4078428725701935 -5.430219222462203, -1.407 -5.43, -1.226 -5.409, -1.214793850454232 -5.409159329140461, -1.195 -5.407, -1.1035552865214049 -5.410740920096852, -1.015 -5.412, -0.9959913258983875 -5.41514126394052, -0.975 -5.416, -0.8494644549763176 -5.439355450236964, -0.779 -5.451, -0.7689520112914563 -5.454334509527171, -0.76 -5.456, -0.5957567567567763 -5.511810810810804, -0.553 -5.526, -0.4810463576159761 -5.5639072847681685, -0.35 -5.632, -0.163 -5.77, -0.008 -5.923, 0.0006580966482695 -5.9346322519854615, 0.005 -5.939, 0.029688251618872 -5.97363459759482, 0.123 -6.099, 0.135231556438064 -6.1216989460821765, 0.144 -6.134, 0.1792515723270425 -6.203389937106915, 0.227 -6.292, 0.2336826503923275 -6.310533217088055, 0.239 -6.321, 0.3 -6.493, 0.3007141064956787 -6.496433788681349, 0.302 -6.5, 0.339 -6.665, 0.3423909677419356 -6.69683741935484, 0.347 -6.719, 0.3489078046554084 -6.7580232770424455, 0.357 -6.834, 0.355423159018143 -6.891291889007471, 0.358 -6.944, 0.3521558339859044 -7.010004698512138, 0.351 -7.052, 0.345878810408922 -7.08089814126394, 0.341 -7.136, 0.3200542635658913 -7.226622369878185, 0.309 -7.289, 0.2989297528340455 -7.318018212228211, 0.292 -7.348, 0.2493036303630375 -7.4610198019801945, 0.233 -7.508, 0.2279422187981502 -7.517564714946072, 0.224 -7.528, 0.132 -7.699, 0.019 -7.857, 0.0072684085510664 -7.869531472684089, 0.004 -7.874, -0.01567796610168 -7.894042372881341, -0.113 -7.998, -0.136804560260591 -8.017412052117269, -0.158 -8.039, -0.2129185591229443 -8.07948120595145, -0.281 -8.135, -0.3217091775923657 -8.159672228843858, -0.352 -8.182, -0.3999753320683108 -8.207106261859582, -0.446 -8.235, -0.4890152671755832 -8.25370229007634, -0.545 -8.283, -0.6158046875000002 -8.308828125, -0.653 -8.325, -0.6778712284482773 -8.33146875, -0.704 -8.341, -0.8588461538461961 -8.378538461538472, -0.876 -8.383, -1.058 -8.404, -1.0773052631578972 -8.403724210526315, -1.089 -8.405, -1.1538651026392852 -8.402630498533725, -1.268 -8.401, -1.2877228318051968 -8.39774071847287, -1.308 -8.397, -1.4389606299212432 -8.372748031496066, -1.504 -8.362, -1.5125791757049893 -8.35911496746204, -1.524 -8.357, -1.6955665236051414 -8.297579399141634, -1.73 -8.286, -1.936 -8.179, -2.121 -8.043, -2.275 -7.889, -2.28082743423771 -7.881215259606113, -2.288 -7.874, -2.323319672131136 -7.824450819672147, -2.406 -7.714, -2.417977265928806 -7.691657792402035, -2.427 -7.679, -2.4775631067961243 -7.580507281553383, -2.477563106796125 -7.580507281553382, -2.51 -7.52, -2.513393328700485 -7.510712995135514, -2.523 -7.492, -2.584 -7.319, -2.584708443972385 -7.315534784917683, -2.586 -7.312, -2.622 -7.147, -2.6251223491027735 -7.117858075040782, -2.63 -7.094, -2.631948228882834 -7.054149863760214, -2.64 -6.979, -2.6384277733439747 -6.921613727055066, -2.6386988856971496 -6.91606824710376, -2.6825961410512353 -6.961603459747177, -2.719 -7.002, -2.7308750500600723 -7.011683820584702, -2.736 -7.017, -2.887 -7.139, -3.053 -7.24, -3.065601431980912 -7.245584725536996, -3.073 -7.25, -3.1085481727574735 -7.264617940199336, -3.229 -7.318, -3.2600187319884704 -7.326904899135446, -3.287 -7.338, -3.357119863013703 -7.354780821917809), (-0.0089049374333104 -5.925012295081967, -0.0089049374333104 -5.925012295081967, -0.008 -5.923, -0.0089049374333104 -5.925012295081967), (0.2995465739793804 -6.4931958318361485, 0.2995465739793804 -6.4931958318361485, 0.3 -6.493, 0.2995465739793804 -6.4931958318361485), (0.2890062310231027 -7.3466136237623765, 0.2890062310231026 -7.3466136237623765, 0.292 -7.348, 0.2890062310231027 -7.3466136237623765), (0.2318188647746242 -7.507303005008347, 0.2318188647746242 -7.507303005008347, 0.233 -7.508, 0.2318188647746242 -7.507303005008347), (0.0174640820980613 -7.855592075256556, 0.0174640820980612 -7.855592075256556, 0.019 -7.857, 0.0174640820980613 -7.855592075256556), (-0.284056115272022 -8.131917651978862, -0.2840561152720221 -8.131917651978862, -0.281 -8.135, -0.284056115272022 -8.131917651978862), (-3.073366090472097 -7.24902588100468, -3.0733660904720974 -7.24902588100468, -3.073 -7.25, -3.073366090472097 -7.24902588100468), (-2.282 -7.189, -2.218 -7.378, -2.124 -7.552, -2.002 -7.706, -1.871 -7.828, -1.739 -7.918, -1.608 -7.985, -1.478 -8.032, -1.249 -8.077, -1.029 -8.076, -0.849 -8.045, -0.707 -7.998, -0.514 -7.9, -0.408 -7.825, -0.31 -7.737, -0.221 -7.637, -0.144 -7.527, -0.05 -7.341, -0.006 -7.21, 0.028 -7.018, 0.031 -6.822, -0.001 -6.623, -0.065 -6.435, -0.16 -6.261, -0.281 -6.106, -0.412 -5.985, -0.544 -5.894, -0.675 -5.827, -0.806 -5.78, -1.034 -5.736, -1.255 -5.736, -1.434 -5.768, -1.576 -5.814, -1.77 -5.913, -1.875 -5.988, -1.973 -6.076, -2.062 -6.175, -2.139 -6.285, -2.234 -6.472, -2.277 -6.603, -2.311 -6.794, -2.314 -6.991, -2.282 -7.189), (-4.854 -6.311, -4.781 -6.475, -4.695 -6.609, -4.6 -6.722, -4.499 -6.817, -4.306 -6.946, -4.102 -7.032, -3.925 -7.073, -3.776 -7.086, -3.56 -7.071, -3.433 -7.043, -3.309 -7.001, -3.188 -6.944, -3.074 -6.873, -2.914 -6.738, -2.823 -6.634, -2.716 -6.471, -2.637 -6.291, -2.589 -6.096, -2.574 -5.898, -2.593 -5.701, -2.644 -5.511, -2.718 -5.348, -2.804 -5.213, -2.899 -5.1, -3 -5.006, -3.193 -4.876, -3.396 -4.79, -3.574 -4.749, -3.722 -4.736, -3.939 -4.751, -4.066 -4.779, -4.19 -4.822, -4.311 -4.879, -4.425 -4.95, -4.585 -5.084, -4.676 -5.188, -4.783 -5.351, -4.862 -5.531, -4.91 -5.726, -4.925 -5.925, -4.906 -6.122, -4.854 -6.311)), ((-7.313 -1.939, -7.282447761194037 -1.9151417910447819, -7.224 -1.864, -7.175063518365094 -1.8312855564761126, -7.135 -1.8, -7.0836396226415115 -1.770167924528303, -7.043 -1.743, -7.011455739299611 -1.7282407587548636, -6.968 -1.703, -6.886099771515614 -1.6695879664889568, -6.825 -1.641, -6.795811310688246 -1.6327538680419709, -6.767 -1.621, -6.619153846153844 -1.5828461538461531, -6.602 -1.578, -6.598703791469196 -1.577568720379147, -6.581 -1.573, -6.388 -1.55, -6.194 -1.551, -6.180246794239494 -1.552872164134938, -6.171 -1.553, -6.13397142857143 -1.5591714285714282, -6.003 -1.577, -5.968406896551725 -1.5867655172413788, -5.943 -1.591, -5.8854375 -1.6101874999999999, -5.885437499999999 -1.6101875, -5.794 -1.636, -5.74698113207547 -1.65633962264151, -5.715 -1.667, -5.676701607267644 -1.6867414395527607, -5.616 -1.713, -5.565243770314193 -1.7441939328277356, -5.521 -1.767, -5.459347280334725 -1.8092761506276165, -5.424 -1.831, -5.408285714285716 -1.844289795918366, -5.381 -1.863, -5.254 -1.974, -5.251279270633396 -1.9770723882643275, -5.249 -1.979, -5.126 -2.115, -5.115736560934893 -2.1301342237061753, -5.107 -2.14, -5.064888667992048 -2.2051133200795223, -5.008 -2.289, -5.0001786323461 -2.305169173515274, -4.988 -2.324, -4.921711790393016 -2.467384279475976, -4.904 -2.504, -4.902532915360501 -2.5088690200354398, -4.896 -2.523, -4.835 -2.732, -4.804 -2.96, -4.80405574202829 -2.9625864301126836, -4.804 -2.963, -4.809 -3.192, -4.846 -3.407, -4.849144671452236 -3.4166189950303685, -4.851 -3.427, -4.880158878504668 -3.5114859813083967, -4.914 -3.615, -4.920155706281335 -3.6273742258920727, -4.929 -3.653, -4.984448652585575 -3.756616168973046, -5.012 -3.812, -5.021021702838063 -3.8249597477276938, -5.028 -3.838, -5.133 -3.988, -5.1452050561797735 -4.0009002808988745, -5.145205056179774 -4.000900280898875, -5.252 -4.118, -5.276113008824371 -4.139265015656139, -5.291 -4.155, -5.31798618148318 -4.176192538000915, -5.379 -4.23, -5.427911620716316 -4.262518165421287, -5.468 -4.294, -5.52322513089005 -4.32588593866866, -5.561 -4.351, -5.591172069825436 -4.365117206982544, -5.636 -4.391, -5.720786053882719 -4.425762282091915, -5.779 -4.453, -5.806688378978539 -4.460982235381201, -5.836 -4.473, -5.948884146341457 -4.501975609756096, -6.001 -4.517, -6.0140251770259665 -4.5186963021243125, -6.023 -4.521, -6.216 -4.545, -6.41 -4.543, -6.415681142177279 -4.542226650803093, -6.432 -4.542, -6.498908742331272 -4.5308972392638065, -6.601 -4.517, -6.627157838031973 -4.509615729933558, -6.661 -4.504, -6.738156249999985 -4.478281250000005, -6.81 -4.458, -6.846055555555553 -4.442314814814816, -6.889 -4.428, -6.94329471397538 -4.40001303403331, -6.987 -4.381, -7.025736315479695 -4.3575173631547965, -7.083 -4.328, -7.142982913284923 -4.286440410081161, -7.18 -4.264, -7.200225225225225 -4.246779665379666, -7.223 -4.231, -7.35 -4.12, -7.352601425438594 -4.117042214912284, -7.355 -4.115, -7.477 -3.979, -7.487446725663718 -3.963724955752212, -7.496 -3.954, -7.535094488188976 -3.894055118110237, -7.596 -3.805, -7.604115246098442 -3.788223289315721, -7.616 -3.77, -7.682288209606987 -3.6266157205240184, -7.7 -3.59, -7.701485714285714 -3.5850906832298155, -7.708 -3.571, -7.769 -3.362, -7.8 -3.132, -7.795 -2.902, -7.758 -2.688, -7.754836989725077 -2.678278394890311, -7.753 -2.668, -7.7312283464566915 -2.605716535433065, -7.69 -2.479, -7.679686560364465 -2.4582678815489754, -7.674 -2.442, -7.630909090909093 -2.360215213358073, -7.592 -2.282, -7.582535626535627 -2.268404352404353, -7.576 -2.256, -7.478233009708765 -2.118572815534019, -7.466 -2.101, -7.352 -1.976, -7.327738775510201 -1.9547714285714255, -7.313 -1.939), (-7.32 -3.634, -7.193 -3.814, -7.064 -3.942, -6.944 -4.031, -6.752 -4.133, -6.63 -4.176, -6.502 -4.205, -6.369 -4.221, -6.235 -4.221, -6.028 -4.19, -5.896 -4.15, -5.719 -4.068, -5.557 -3.956, -5.413 -3.816, -5.296 -3.655, -5.208 -3.478, -5.152 -3.29, -5.128 -3.112, -5.131 -2.952, -5.152 -2.806, -5.188 -2.673, -5.283 -2.461, -5.411 -2.281, -5.54 -2.152, -5.66 -2.063, -5.852 -1.962, -5.974 -1.919, -6.102 -1.889, -6.235 -1.874, -6.369 -1.874, -6.576 -1.904, -6.708 -1.944, -6.885 -2.027, -7.047 -2.138, -7.191 -2.278, -7.308 -2.439, -7.395 -2.617, -7.452 -2.805, -7.475 -2.982, -7.473 -3.142, -7.452 -3.288, -7.416 -3.422, -7.32 -3.634)), ((-7.889 2.275, -7.881215259606113 2.28082743423771, -7.874 2.288, -7.824450819672147 2.323319672131136, -7.714 2.406, -7.691657792402034 2.417977265928807, -7.679 2.427, -7.580507281553383 2.4775631067961243, -7.580507281553382 2.477563106796125, -7.52 2.51, -7.510712995135514 2.513393328700485, -7.492 2.523, -7.319 2.584, -7.315534784917683 2.584708443972385, -7.312 2.586, -7.147 2.622, -7.117858075040784 2.625122349102773, -7.094 2.63, -7.054149863760222 2.6319482288828335, -6.979 2.64, -6.921613727055067 2.6384277733439747, -6.91606824710376 2.6386988856971496, -6.961603459747173 2.6825961410512313, -7.002 2.719, -7.0116838205847 2.7308750500600705, -7.017 2.736, -7.139 2.887, -7.24 3.053, -7.245584725536995 3.0656014319809106, -7.25 3.073, -7.264617940199337 3.1085481727574784, -7.318 3.229, -7.326904899135446 3.2600187319884704, -7.338 3.287, -7.354780821917808 3.3571198630136982, -7.378 3.438, -7.384108108108109 3.479666023166023, -7.394 3.521, -7.398398727465536 3.5771484623541916, -7.406 3.629, -7.406212860310421 3.6768935698447907, -7.411 3.738, -7.406874111675127 3.8256751269035454, -7.407 3.854, -7.404838351822503 3.8689350237717957, -7.403 3.908, -7.376 4.075, -7.3741124655918195 4.081222965001969, -7.374 4.082, -7.323 4.257, -7.315920472864051 4.2730746910263315, -7.312 4.286, -7.285799511002449 4.341466992665029, -7.238 4.45, -7.2243787785317695 4.471495990129553, -7.218 4.485, -7.165701375245577 4.564096267190574, -7.165701375245576 4.564096267190576, -7.11 4.652, -7.100681703929092 4.662431803148565, -7.097 4.668, -6.952 4.83, -6.775 4.976, -6.7729712196272684 4.9771969804199125, -6.772 4.978, -6.575 5.095, -6.373 5.177, -6.362585398526456 5.179542531815137, -6.354 5.183, -6.291857142857136 5.1968095238095255, -6.16 5.229, -6.137930232558143 5.231015503875969, -6.12 5.235, -6.024814814814806 5.241345679012347, -5.941 5.249, -5.9239500000000005 5.248069999999999, -5.91 5.249, -5.728 5.238, -5.723749999999999 5.237150000000001, -5.721 5.237, -5.554 5.206, -5.526674698795176 5.197734939759035, -5.503 5.193, -5.465937722419936 5.179363879003561, -5.392 5.157, -5.334615514333898 5.131047217537944, -5.291 5.115, -5.2449639573372675 5.09050128723796, -5.193 5.067, -5.159664330763839 5.045107918710581, -5.12 5.024, -5.048399258343632 4.972038318912236, -4.992 4.935, -4.971141859215478 4.915971520687804, -4.945 4.897, -4.850751219512201 4.80614146341464, -4.821 4.779, -4.8149612770339845 4.771638928939236, -4.806 4.763, -4.684 4.612, -4.583 4.446, -4.579945795137506 4.439195695496217, -4.572 4.426, -4.549906911142455 4.372273624823697, -4.504 4.27, -4.495095100864552 4.238981268011526, -4.484 4.212, -4.468872298624755 4.147638506876232, -4.444 4.061, -4.436527194535795 4.010024791297747, -4.429 3.978, -4.425347336834209 3.9337621905476396, -4.416 3.87, -4.415767745302714 3.8177426931106515, -4.411 3.76, -4.415163628076573 3.681816317228798, -4.415 3.645, -4.41836085106383 3.6217795744680816, -4.42 3.591, -4.446874418604654 3.424776744186028, -4.448 3.417, -4.5 3.242, -4.506178546224418 3.2279710656316167, -4.511 3.212, -4.549405222437136 3.1298210831721485, -4.585 3.049, -4.593289560275202 3.0359180376906965, -4.604 3.013, -4.685300174520069 2.890713787085516, -4.713 2.847, -4.718428650595731 2.8408841784427836, -4.725 2.831, -4.871 2.669, -5.05 2.521, -5.163548387096779 2.4539032258064486, -5.247 2.404, -5.282279069767457 2.3900155038759627, -5.449 2.322, -5.461661666666666 2.318908888888889, -5.469 2.316, -5.5223211538461605 2.3040999999999983, -5.662 2.27, -5.68419946492271 2.267972651605232, -5.702 2.264, -5.819967213114757 2.255573770491803, -5.881 2.25, -5.890658097686376 2.2505244215938305, -5.899648405560098 2.2498822567457073, -5.898259385665519 2.248501706484632, -5.815 2.17, -5.796710591840646 2.1475721126221057, -5.774 2.125, -5.733518794048548 2.0700814408770514, -5.678 2.002, -5.65187278180455 1.9593169207698087, -5.631 1.931, -5.610142857142858 1.8911442715700155, -5.577 1.837, -5.554857372654155 1.7854997319034847, -5.53 1.738, -5.502052631578946 1.6626842105263127, -5.488 1.63, -5.4834897077509535 1.6126587039390101, -5.471 1.579, -5.431 1.415, -5.430219222462203 1.4078428725701941, -5.43 1.407, -5.409 1.226, -5.409159329140461 1.214793850454223, -5.407 1.195, -5.410740920096852 1.1035552865213993, -5.412 1.015, -5.41514126394052 0.9959913258983893, -5.416 0.975, -5.439355450236965 0.8494644549763141, -5.451 0.779, -5.454334509527172 0.7689520112914553, -5.456 0.76, -5.511810810810804 0.5957567567567763, -5.526 0.553, -5.563907284768207 0.4810463576159044, -5.563907284768209 0.4810463576158998, -5.563907284768224 0.4810463576158717, -5.632 0.35, -5.77 0.163, -5.923 0.008, -5.934632251985459 -0.0006580966482671, -5.939 -0.005, -5.97363459759482 -0.029688251618872, -6.099 -0.123, -6.1216989460821765 -0.135231556438064, -6.134 -0.144, -6.203389937106917 -0.1792515723270437, -6.292 -0.227, -6.3105332170880555 -0.233682650392328, -6.321 -0.239, -6.493 -0.3, -6.496433788681349 -0.3007141064956788, -6.5 -0.302, -6.665 -0.339, -6.69683741935484 -0.3423909677419357, -6.719 -0.347, -6.7580232770424455 -0.3489078046554084, -6.834 -0.357, -6.891291889007471 -0.355423159018143, -6.944 -0.358, -7.010004698512138 -0.3521558339859044, -7.052 -0.351, -7.08089814126394 -0.3458788104089221, -7.136 -0.341, -7.226622369878185 -0.3200542635658912, -7.289 -0.309, -7.3180182122282105 -0.2989297528340458, -7.348 -0.292, -7.4610198019801945 -0.2493036303630376, -7.508 -0.233, -7.517564714946072 -0.2279422187981504, -7.528 -0.224, -7.699 -0.132, -7.857 -0.019, -7.869531472684088 -0.007268408551067, -7.874 -0.004, -7.894042372881342 0.0156779661016814, -7.998 0.113, -8.01741205211727 0.1368045602605932, -8.039 0.158, -8.079481205951446 0.2129185591229401, -8.135 0.281, -8.159672228843862 0.3217091775923718, -8.182 0.352, -8.207106261859588 0.3999753320683195, -8.235 0.446, -8.253702290076337 0.4890152671755741, -8.283 0.545, -8.308828125 0.6158046875000002, -8.325 0.653, -8.331468749999999 0.677871228448273, -8.341 0.704, -8.378538461538472 0.8588461538461961, -8.383 0.876, -8.404 1.058, -8.403724210526315 1.0773052631578972, -8.405 1.089, -8.402630498533725 1.1538651026392852, -8.401 1.268, -8.39774071847287 1.2877228318051992, -8.39774071847287 1.2877228318051999, -8.397 1.308, -8.372748031496066 1.4389606299212439, -8.362 1.504, -8.359114967462038 1.5125791757049938, -8.359114967462038 1.512579175704994, -8.357 1.524, -8.297579399141634 1.6955665236051414, -8.286 1.73, -8.179 1.936, -8.043 2.121, -7.889 2.275), (-4.725704046435283 2.83268784642101, -4.7257040464352835 2.8326878464210097, -4.725 2.831, -4.725704046435283 2.83268784642101), (-7.28634769598221 -0.3062498249852439, -7.28634769598221 -0.3062498249852438, -7.289 -0.309, -7.28634769598221 -0.3062498249852439), (-7.996233934368522 0.1160114991981851, -7.996233934368522 0.1160114991981852, -7.998 0.113, -7.996233934368522 0.1160114991981851), (-8.232584047599234 0.4486606058084378, -8.232584047599234 0.4486606058084379, -8.235 0.446, -8.232584047599234 0.4486606058084378), (-6.944 3.188, -6.873 3.074, -6.738 2.914, -6.634 2.823, -6.471 2.716, -6.291 2.637, -6.096 2.589, -5.898 2.574, -5.701 2.593, -5.511 2.644, -5.348 2.718, -5.213 2.804, -5.1 2.899, -5.006 3, -4.876 3.193, -4.79 3.396, -4.749 3.574, -4.736 3.722, -4.751 3.939, -4.779 4.066, -4.822 4.19, -4.879 4.311, -4.95 4.425, -5.084 4.585, -5.188 4.676, -5.351 4.783, -5.531 4.862, -5.726 4.91, -5.925 4.925, -6.122 4.906, -6.311 4.854, -6.475 4.781, -6.609 4.695, -6.722 4.6, -6.817 4.499, -6.946 4.306, -7.032 4.102, -7.073 3.925, -7.086 3.776, -7.071 3.56, -7.043 3.433, -7.001 3.309, -6.944 3.188), (-7.9 0.514, -7.825 0.408, -7.737 0.31, -7.637 0.221, -7.527 0.144, -7.341 0.05, -7.21 0.006, -7.018 -0.028, -6.822 -0.031, -6.623 0.001, -6.435 0.065, -6.261 0.16, -6.106 0.281, -5.985 0.412, -5.894 0.544, -5.827 0.675, -5.78 0.806, -5.736 1.034, -5.736 1.255, -5.768 1.434, -5.814 1.576, -5.913 1.77, -5.988 1.875, -6.076 1.973, -6.175 2.062, -6.285 2.139, -6.472 2.234, -6.603 2.277, -6.794 2.311, -6.991 2.314, -7.189 2.282, -7.378 2.218, -7.552 2.124, -7.706 2.002, -7.828 1.871, -7.918 1.739, -7.985 1.608, -8.032 1.478, -8.077 1.249, -8.076 1.029, -8.045 0.849, -7.998 0.707, -7.9 0.514)), ((-4.286440410081161 7.142982913284923, -4.264 7.18, -4.246779665379664 7.200225225225227, -4.231 7.223, -4.12 7.35, -4.117042214912283 7.3526014254385945, -4.115 7.355, -3.979 7.477, -3.9637249557522125 7.487446725663717, -3.954 7.496, -3.894055118110237 7.535094488188976, -3.805 7.596, -3.788223289315725 7.6041152460984405, -3.77 7.616, -3.626615720524019 7.682288209606987, -3.59 7.7, -3.585090683229817 7.701485714285713, -3.571 7.708, -3.362 7.769, -3.132 7.8, -2.902 7.795, -2.688 7.758, -2.6782783948903095 7.754836989725077, -2.668 7.753, -2.6057165354330625 7.731228346456691, -2.479 7.69, -2.458267881548973 7.679686560364464, -2.442 7.674, -2.360215213358075 7.6309090909090935, -2.282 7.592, -2.2684043524043536 7.582535626535627, -2.256 7.576, -2.118572815534019 7.478233009708765, -2.101 7.466, -1.976 7.352, -1.9547714285714253 7.327738775510201, -1.939 7.313, -1.9151417910447812 7.282447761194036, -1.864 7.224, -1.8312855564761104 7.175063518365091, -1.8 7.135, -1.770167924528303 7.0836396226415115, -1.743 7.043, -1.7282407587548632 7.01145573929961, -1.703 6.968, -1.6695879664889568 6.886099771515614, -1.641 6.825, -1.6327538680419704 6.7958113106882445, -1.621 6.767, -1.582846153846152 6.61915384615384, -1.578 6.602, -1.5775687203791473 6.598703791469196, -1.573 6.581, -1.55 6.388, -1.551 6.194, -1.552872164134938 6.180246794239494, -1.553 6.171, -1.5591714285714278 6.133971428571434, -1.577 6.003, -1.5867655172413793 5.968406896551723, -1.591 5.943, -1.6101874999999999 5.8854375, -1.6101875 5.885437499999999, -1.636 5.794, -1.6563396226415104 5.74698113207547, -1.667 5.715, -1.6867414395527593 5.676701607267646, -1.713 5.616, -1.7441939328277352 5.5652437703141935, -1.767 5.521, -1.809276150627619 5.459347280334722, -1.831 5.424, -1.8442897959183664 5.408285714285715, -1.863 5.381, -1.974 5.254, -1.977072388264328 5.251279270633396, -1.979 5.249, -2.115 5.126, -2.130134223706176 5.115736560934892, -2.14 5.107, -2.2051133200795223 5.064888667992048, -2.289 5.008, -2.3051691735152753 5.000178632346099, -2.324 4.988, -2.467384279475976 4.921711790393016, -2.504 4.904, -2.5088690200354384 4.902532915360501, -2.523 4.896, -2.732 4.835, -2.96 4.804, -2.9625864301126836 4.80405574202829, -2.963 4.804, -3.192 4.809, -3.407 4.846, -3.416618995030369 4.849144671452236, -3.427 4.851, -3.5114859813083967 4.880158878504668, -3.615 4.914, -3.6273742258920723 4.920155706281335, -3.653 4.929, -3.756616168973046 4.984448652585575, -3.812 5.012, -3.824959747727692 5.021021702838062, -3.838 5.028, -3.988 5.133, -4.0009002808988745 5.1452050561797735, -4.118 5.252, -4.1392650156561395 5.276113008824371, -4.155 5.291, -4.1761925380009135 5.317986181483178, -4.23 5.379, -4.2625181654212865 5.427911620716315, -4.294 5.468, -4.325885938668659 5.523225130890048, -4.351 5.561, -4.365117206982544 5.591172069825436, -4.391 5.636, -4.425762282091915 5.72078605388272, -4.453 5.779, -4.460982235381201 5.8066883789785395, -4.473 5.836, -4.501975609756096 5.948884146341458, -4.517 6.001, -4.518696302124312 6.014025177025965, -4.521 6.023, -4.545 6.216, -4.543 6.41, -4.5422266508030935 6.415681142177278, -4.542 6.432, -4.5308972392638065 6.498908742331272, -4.517 6.601, -4.509615729933559 6.6271578380319704, -4.504 6.661, -4.478281250000004 6.738156249999988, -4.458 6.81, -4.442314814814816 6.846055555555551, -4.428 6.889, -4.40001303403331 6.94329471397538, -4.381 6.987, -4.357517363154798 7.025736315479692, -4.328 7.083, -4.286440410081161 7.142982913284923), (-1.9743270366640353 5.254525463404012, -1.9743270366640355 5.254525463404012, -1.974 5.254, -1.9743270366640353 5.254525463404012), (-4.19 6.028, -4.15 5.896, -4.068 5.719, -3.956 5.557, -3.816 5.413, -3.655 5.296, -3.478 5.208, -3.29 5.152, -3.112 5.128, -2.952 5.131, -2.806 5.152, -2.673 5.188, -2.461 5.283, -2.281 5.411, -2.152 5.54, -2.063 5.66, -1.962 5.852, -1.919 5.974, -1.889 6.102, -1.874 6.235, -1.874 6.369, -1.904 6.576, -1.944 6.708, -2.027 6.885, -2.138 7.047, -2.278 7.191, -2.439 7.308, -2.617 7.395, -2.805 7.452, -2.982 7.475, -3.142 7.473, -3.288 7.452, -3.422 7.416, -3.634 7.32, -3.814 7.193, -3.942 7.064, -4.031 6.944, -4.133 6.752, -4.176 6.63, -4.205 6.502, -4.221 6.369, -4.221 6.235, -4.19 6.028)), ((-40.668 22.216, -40.457 22.004, -40.281 21.763, -40.142 21.498, -40.045 21.215, -39.991 20.921, -39.981 20.623, -40.015 20.326, -40.094 20.037, -40.215 19.764, -40.375 19.512, -40.571 19.286, -40.798 19.092, -41.052 18.934, -41.326 18.815, -41.615 18.739, -41.913 18.707, -42.211 18.72, -42.505 18.776, -42.787 18.876, -43.05 19.017, -48.117 22.231, -48.357 22.409, -48.567 22.622, -48.744 22.863, -48.882 23.128, -48.98 23.41, -49.034 23.704, -49.044 24.003, -49.009 24.3, -48.931 24.588, -48.81 24.862, -48.65 25.114, -48.454 25.34, -48.226 25.534, -47.973 25.692, -47.698 25.81, -47.409 25.887, -47.112 25.919, -46.813 25.906, -46.52 25.849, -46.238 25.75, -45.974 25.609, -40.908 22.395, -40.668 22.216), (-48.037 24.112, -48.055 23.962, -48.05 23.811, -48.023 23.663, -47.973 23.52, -47.903 23.386, -47.814 23.264, -47.708 23.157, -47.587 23.067, -47.581 23.075, -42.515 19.862, -42.52 19.853, -42.387 19.782, -42.245 19.731, -42.096 19.703, -41.945 19.696, -41.795 19.713, -41.649 19.751, -41.511 19.811, -41.383 19.891, -41.268 19.989, -41.169 20.103, -41.088 20.23, -41.027 20.368, -40.987 20.514, -40.97 20.664, -40.975 20.815, -41.002 20.963, -41.051 21.106, -41.121 21.24, -41.21 21.362, -41.317 21.469, -41.438 21.559, -41.443 21.55, -46.51 24.764, -46.505 24.773, -46.638 24.844, -46.78 24.894, -46.928 24.923, -47.079 24.929, -47.229 24.913, -47.375 24.875, -47.514 24.815, -47.642 24.735, -47.757 24.637, -47.856 24.523, -47.937 24.396, -47.998 24.257, -48.037 24.112)), ((-35.312 30.661, -35.101 30.449, -34.925 30.207, -34.786 29.943, -34.689 29.66, -34.634 29.366, -34.624 29.067, -34.659 28.77, -34.738 28.482, -34.858 28.208, -35.019 27.956, -35.214 27.73, -35.442 27.536, -35.696 27.378, -35.97 27.26, -36.259 27.184, -36.556 27.152, -36.855 27.164, -37.148 27.221, -37.43 27.321, -37.694 27.462, -42.761 30.675, -43 30.854, -43.211 31.066, -43.387 31.307, -43.526 31.572, -43.623 31.855, -43.678 32.149, -43.688 32.448, -43.653 32.745, -43.574 33.033, -43.454 33.306, -43.293 33.559, -43.098 33.785, -42.87 33.979, -42.616 34.137, -42.342 34.255, -42.053 34.331, -41.756 34.363, -41.457 34.351, -41.163 34.294, -40.882 34.194, -40.618 34.053, -35.551 30.839, -35.312 30.661), (-37.158 28.306, -37.164 28.297, -37.031 28.226, -36.888 28.176, -36.74 28.147, -36.589 28.141, -36.439 28.157, -36.293 28.196, -36.154 28.255, -36.026 28.335, -35.911 28.433, -35.812 28.547, -35.732 28.675, -35.671 28.813, -35.631 28.959, -35.613 29.108, -35.618 29.259, -35.646 29.408, -35.695 29.551, -35.765 29.684, -35.854 29.806, -35.96 29.913, -36.082 30.004, -36.087 29.995, -41.154 33.209, -41.148 33.217, -41.281 33.288, -41.424 33.339, -41.572 33.368, -41.723 33.374, -41.873 33.358, -42.019 33.319, -42.158 33.259, -42.286 33.18, -42.401 33.082, -42.5 32.968, -42.58 32.84, -42.641 32.702, -42.681 32.556, -42.699 32.406, -42.694 32.255, -42.666 32.107, -42.617 31.964, -42.547 31.831, -42.458 31.709, -42.352 31.601, -42.23 31.511, -42.225 31.52, -37.158 28.306)), ((-65.791 38.073, -65.615 37.832, -65.476 37.567, -65.378 37.284, -65.324 36.99, -65.314 36.692, -65.349 36.395, -65.428 36.106, -65.548 35.833, -65.708 35.58, -65.904 35.355, -66.132 35.161, -66.386 35.003, -66.66 34.884, -66.949 34.808, -67.246 34.776, -67.545 34.788, -67.838 34.845, -68.12 34.945, -68.384 35.086, -73.45 38.3, -73.69 38.478, -73.901 38.691, -74.077 38.932, -74.216 39.197, -74.313 39.479, -74.368 39.773, -74.377 40.072, -74.343 40.369, -74.264 40.657, -74.143 40.931, -73.983 41.183, -73.787 41.409, -73.56 41.603, -73.306 41.761, -73.032 41.879, -72.743 41.955, -72.446 41.988, -72.147 41.975, -71.853 41.918, -71.572 41.818, -71.308 41.678, -66.241 38.464, -66.001 38.285, -65.791 38.073), (-73.189 40.592, -73.27 40.465, -73.331 40.326, -73.371 40.181, -73.389 40.031, -73.384 39.88, -73.356 39.731, -73.307 39.589, -73.237 39.455, -73.148 39.333, -73.041 39.226, -72.92 39.136, -72.915 39.144, -67.848 35.93, -67.854 35.922, -67.72 35.851, -67.578 35.8, -67.43 35.772, -67.279 35.765, -67.129 35.782, -66.983 35.82, -66.844 35.88, -66.716 35.96, -66.601 36.058, -66.502 36.172, -66.421 36.299, -66.36 36.437, -66.321 36.583, -66.303 36.733, -66.308 36.884, -66.336 37.032, -66.385 37.175, -66.455 37.309, -66.544 37.431, -66.65 37.538, -66.771 37.628, -66.777 37.619, -71.844 40.833, -71.838 40.842, -71.971 40.913, -72.114 40.963, -72.262 40.992, -72.413 40.998, -72.563 40.982, -72.709 40.944, -72.847 40.884, -72.976 40.804, -73.09 40.706, -73.189 40.592)), ((-67.675 50.324, -67.386 50.4, -67.089 50.432, -66.791 50.42, -66.497 50.363, -66.215 50.263, -65.952 50.122, -60.885 46.908, -60.645 46.73, -60.435 46.518, -60.258 46.276, -60.12 46.011, -60.022 45.729, -59.968 45.435, -59.958 45.136, -59.993 44.839, -60.071 44.551, -60.192 44.277, -60.352 44.025, -60.548 43.799, -60.775 43.605, -61.029 43.447, -61.304 43.329, -61.593 43.253, -61.89 43.221, -62.189 43.233, -62.482 43.29, -62.764 43.39, -63.027 43.531, -68.094 46.744, -68.334 46.923, -68.544 47.135, -68.721 47.376, -68.859 47.641, -68.957 47.924, -69.011 48.218, -69.021 48.517, -68.986 48.813, -68.908 49.102, -68.787 49.375, -68.627 49.628, -68.431 49.853, -68.204 50.047, -67.95 50.205, -67.675 50.324), (-68.032 48.475, -68.027 48.324, -68 48.176, -67.951 48.033, -67.881 47.899, -67.791 47.778, -67.685 47.67, -67.564 47.58, -67.559 47.589, -62.492 44.375, -62.497 44.366, -62.364 44.295, -62.222 44.245, -62.074 44.216, -61.923 44.21, -61.773 44.226, -61.627 44.265, -61.488 44.324, -61.36 44.404, -61.245 44.502, -61.146 44.616, -61.065 44.744, -61.004 44.882, -60.964 45.027, -60.947 45.177, -60.952 45.328, -60.979 45.477, -61.029 45.619, -61.099 45.753, -61.188 45.875, -61.294 45.982, -61.415 46.073, -61.421 46.064, -66.487 49.278, -66.482 49.286, -66.615 49.357, -66.757 49.408, -66.906 49.437, -67.056 49.443, -67.206 49.427, -67.352 49.388, -67.491 49.328, -67.619 49.249, -67.734 49.151, -67.833 49.037, -67.914 48.909, -67.975 48.771, -68.015 48.625, -68.032 48.475)), ((-98.076 58.024, -97.779 58.057, -97.48 58.044, -97.187 57.987, -96.905 57.887, -96.642 57.747, -91.575 54.533, -91.335 54.354, -91.125 54.142, -90.948 53.901, -90.81 53.636, -90.712 53.353, -90.658 53.059, -90.648 52.761, -90.683 52.464, -90.761 52.175, -90.882 51.902, -91.042 51.649, -91.238 51.424, -91.465 51.23, -91.719 51.072, -91.994 50.953, -92.283 50.877, -92.58 50.845, -92.878 50.857, -93.172 50.914, -93.454 51.014, -93.717 51.155, -98.784 54.369, -99.024 54.547, -99.234 54.76, -99.411 55.001, -99.549 55.266, -99.647 55.548, -99.701 55.842, -99.711 56.141, -99.676 56.438, -99.598 56.726, -99.477 57, -99.317 57.252, -99.121 57.478, -98.894 57.672, -98.64 57.83, -98.365 57.948, -98.076 58.024), (-93.182 51.999, -93.187 51.991, -93.054 51.92, -92.912 51.869, -92.763 51.841, -92.613 51.834, -92.462 51.851, -92.316 51.889, -92.178 51.949, -92.05 52.029, -91.935 52.127, -91.836 52.241, -91.755 52.368, -91.694 52.506, -91.654 52.652, -91.637 52.802, -91.642 52.953, -91.669 53.101, -91.718 53.244, -91.788 53.378, -91.878 53.5, -91.984 53.607, -92.105 53.697, -92.11 53.688, -97.177 56.902, -97.172 56.911, -97.305 56.982, -97.447 57.032, -97.595 57.061, -97.746 57.067, -97.896 57.051, -98.042 57.013, -98.181 56.953, -98.309 56.873, -98.424 56.775, -98.523 56.661, -98.604 56.533, -98.665 56.395, -98.705 56.25, -98.722 56.1, -98.717 55.949, -98.69 55.8, -98.64 55.658, -98.57 55.524, -98.481 55.402, -98.375 55.295, -98.254 55.205, -98.248 55.213, -93.182 51.999)), ((-67.43900000012749 58.5089163079442, -77.753 65.489, -74.896 69.994, -73.239 68.873, -52.599 54.905, -50.942 53.783, -53.8 49.278, -67.43900000012749 58.5089163079442), (-52.59926084749104 54.90458883206888, -65.70299999984113 63.77284123413924, -65.70299999998709 63.772841234238015, -52.59926084749104 54.90458883206888)), ((-85.979 62.799, -85.768 62.587, -85.592 62.345, -85.453 62.08, -85.356 61.798, -85.301 61.504, -85.291 61.205, -85.326 60.908, -85.405 60.62, -85.526 60.346, -85.686 60.094, -85.882 59.868, -86.109 59.674, -86.363 59.516, -86.637 59.398, -86.926 59.322, -87.223 59.29, -87.522 59.302, -87.816 59.359, -88.097 59.459, -88.361 59.6, -93.428 62.813, -93.667 62.992, -93.878 63.204, -94.054 63.445, -94.193 63.71, -94.291 63.993, -94.345 64.287, -94.355 64.585, -94.32 64.882, -94.241 65.171, -94.121 65.444, -93.961 65.697, -93.765 65.922, -93.537 66.116, -93.283 66.274, -93.009 66.393, -92.72 66.469, -92.423 66.501, -92.124 66.489, -91.831 66.432, -91.549 66.332, -91.285 66.191, -86.219 62.977, -85.979 62.799), (-93.284 64.102, -93.214 63.968, -93.125 63.847, -93.019 63.739, -92.898 63.649, -92.892 63.658, -87.825 60.444, -87.831 60.435, -87.698 60.364, -87.555 60.314, -87.407 60.285, -87.256 60.279, -87.106 60.295, -86.96 60.334, -86.822 60.393, -86.693 60.473, -86.579 60.571, -86.48 60.685, -86.399 60.813, -86.338 60.951, -86.298 61.096, -86.28 61.246, -86.285 61.397, -86.313 61.546, -86.362 61.688, -86.432 61.822, -86.521 61.944, -86.628 62.051, -86.749 62.141, -86.754 62.133, -91.821 65.347, -91.815 65.355, -91.949 65.426, -92.091 65.477, -92.239 65.506, -92.39 65.512, -92.54 65.496, -92.686 65.457, -92.825 65.397, -92.953 65.318, -93.068 65.22, -93.167 65.106, -93.248 64.978, -93.309 64.84, -93.348 64.694, -93.366 64.544, -93.361 64.393, -93.333 64.245, -93.284 64.102)), ((-116.908 70.602, -116.669 70.423, -116.458 70.211, -116.282 69.97, -116.143 69.705, -116.046 69.422, -115.991 69.128, -115.981 68.83, -116.016 68.533, -116.095 68.244, -116.215 67.971, -116.376 67.718, -116.571 67.493, -116.799 67.299, -117.053 67.141, -117.327 67.022, -117.616 66.946, -117.913 66.914, -118.212 66.926, -118.505 66.983, -118.787 67.083, -119.051 67.224, -124.118 70.438, -124.357 70.616, -124.568 70.828, -124.744 71.07, -124.883 71.335, -124.98 71.617, -125.035 71.911, -125.045 72.21, -125.01 72.507, -124.931 72.795, -124.811 73.069, -124.65 73.321, -124.455 73.547, -124.227 73.741, -123.973 73.899, -123.699 74.017, -123.41 74.093, -123.113 74.126, -122.814 74.113, -122.52 74.056, -122.239 73.956, -121.975 73.816, -116.908 70.602), (-118.521 68.06, -118.388 67.989, -118.245 67.938, -118.097 67.909, -117.946 67.903, -117.796 67.919, -117.65 67.958, -117.511 68.018, -117.383 68.097, -117.268 68.195, -117.169 68.31, -117.089 68.437, -117.028 68.575, -116.988 68.721, -116.97 68.871, -116.975 69.022, -117.003 69.17, -117.052 69.313, -117.122 69.447, -117.211 69.568, -117.317 69.676, -117.439 69.766, -117.444 69.757, -122.511 72.971, -122.505 72.98, -122.638 73.051, -122.781 73.101, -122.929 73.13, -123.08 73.136, -123.23 73.12, -123.376 73.082, -123.515 73.022, -123.643 72.942, -123.758 72.844, -123.857 72.73, -123.937 72.602, -123.998 72.464, -124.038 72.319, -124.056 72.169, -124.051 72.018, -124.023 71.869, -123.974 71.727, -123.904 71.593, -123.815 71.471, -123.709 71.364, -123.587 71.274, -123.582 71.282, -118.515 68.068, -118.521 68.06)), ((-117.458 82.558, -117.164 82.501, -116.882 82.401, -116.619 82.26, -111.552 79.046, -111.312 78.868, -111.102 78.655, -110.925 78.414, -110.787 78.149, -110.689 77.867, -110.635 77.573, -110.625 77.274, -110.66 76.977, -110.738 76.689, -110.859 76.415, -111.019 76.163, -111.215 75.937, -111.443 75.743, -111.696 75.585, -111.971 75.467, -112.26 75.391, -112.557 75.358, -112.856 75.371, -113.149 75.428, -113.431 75.528, -113.695 75.668, -118.761 78.882, -119.001 79.061, -119.212 79.273, -119.388 79.514, -119.527 79.779, -119.624 80.062, -119.678 80.356, -119.688 80.654, -119.654 80.951, -119.575 81.24, -119.454 81.513, -119.294 81.766, -119.098 81.991, -118.871 82.185, -118.617 82.343, -118.343 82.462, -118.053 82.538, -117.756 82.57, -117.458 82.558), (-118.226 79.727, -113.159 76.513, -113.164 76.504, -113.031 76.433, -112.889 76.383, -112.741 76.354, -112.59 76.348, -112.44 76.364, -112.294 76.402, -112.155 76.462, -112.027 76.542, -111.912 76.64, -111.813 76.754, -111.732 76.882, -111.671 77.02, -111.632 77.165, -111.614 77.315, -111.619 77.466, -111.646 77.615, -111.696 77.757, -111.766 77.891, -111.855 78.013, -111.961 78.12, -112.082 78.21, -112.088 78.202, -117.154 81.416, -117.149 81.424, -117.282 81.495, -117.424 81.546, -117.573 81.574, -117.724 81.581, -117.874 81.564, -118.02 81.526, -118.158 81.466, -118.286 81.386, -118.401 81.288, -118.5 81.174, -118.581 81.047, -118.642 80.909, -118.682 80.763, -118.699 80.613, -118.694 80.462, -118.667 80.314, -118.618 80.171, -118.548 80.037, -118.459 79.915, -118.352 79.808, -118.231 79.718, -118.226 79.727)), ((-113.763 96.298, -99.00200000009336 86.30815876581643, -89.809 80.087, -92.667 75.582, -94.324 76.703, -114.963 90.671, -116.621 91.793, -113.763 96.298)), ((-124.912 91.763, -124.644 91.856, -124.365 91.908, -124.081 91.917, -123.799 91.884, -123.525 91.809, -123.265 91.695, -123.025 91.543, -122.811 91.356, -122.626 91.14, -122.476 90.899, -122.364 90.639, -122.292 90.364, -122.261 90.082, -122.273 89.798, -122.327 89.519, -122.422 89.251, -122.555 89.001, -122.725 88.773, -122.927 88.573, -123.156 88.406, -123.408 88.274, -123.676 88.181, -123.955 88.13, -124.239 88.12, -124.521 88.153, -124.795 88.228, -125.055 88.343, -125.295 88.495, -125.509 88.681, -125.693 88.897, -125.843 89.138, -125.956 89.399, -126.028 89.673, -126.059 89.956, -126.047 90.239, -125.993 90.518, -125.898 90.786, -125.764 91.036, -125.595 91.264, -125.393 91.464, -125.164 91.632, -124.912 91.763), (-124.628 88.699, -124.426 88.644, -124.218 88.62, -124.009 88.627, -123.803 88.665, -123.606 88.733, -123.42 88.83, -123.251 88.954, -123.103 89.101, -122.978 89.269, -122.879 89.453, -122.809 89.651, -122.769 89.856, -122.761 90.065, -122.783 90.273, -122.837 90.475, -122.919 90.668, -123.03 90.845, -123.166 91.004, -123.324 91.142, -123.5 91.254, -123.692 91.338, -123.894 91.393, -124.102 91.417, -124.311 91.41, -124.516 91.372, -124.714 91.304, -124.9 91.207, -125.069 91.084, -125.217 90.936, -125.342 90.769, -125.441 90.584, -125.511 90.387, -125.55 90.181, -125.559 89.972, -125.537 89.764, -125.483 89.562, -125.4 89.37, -125.29 89.192, -125.154 89.033, -124.996 88.896, -124.819 88.784, -124.628 88.699)), ((-161.816 93.469, -161.542 93.394, -161.282 93.279, -161.042 93.127, -160.828 92.941, -160.643 92.725, -160.493 92.484, -160.381 92.223, -160.309 91.948, -160.278 91.666, -160.29 91.382, -160.344 91.104, -160.439 90.836, -160.572 90.585, -160.742 90.358, -160.944 90.158, -161.173 89.99, -161.425 89.859, -161.693 89.766, -161.972 89.714, -162.256 89.705, -162.538 89.738, -162.812 89.813, -163.072 89.927, -163.312 90.079, -163.526 90.265, -163.71 90.481, -163.86 90.723, -163.973 90.983, -164.045 91.258, -164.076 91.54, -164.064 91.824, -164.01 92.103, -163.915 92.37, -163.781 92.621, -163.612 92.849, -163.41 93.049, -163.181 93.216, -162.929 93.348, -162.661 93.441, -162.382 93.492, -162.098 93.502, -161.816 93.469), (-162.645 90.284, -162.443 90.229, -162.235 90.204, -162.026 90.211, -161.82 90.249, -161.623 90.318, -161.437 90.415, -161.268 90.538, -161.12 90.685, -160.995 90.853, -160.896 91.038, -160.826 91.235, -160.786 91.441, -160.778 91.65, -160.8 91.858, -160.853 92.06, -160.936 92.252, -161.047 92.43, -161.183 92.589, -161.341 92.726, -161.517 92.838, -161.709 92.923, -161.911 92.978, -162.119 93.002, -162.328 92.995, -162.533 92.957, -162.731 92.889, -162.917 92.792, -163.086 92.668, -163.234 92.521, -163.359 92.353, -163.458 92.168, -163.528 91.971, -163.567 91.766, -163.576 91.557, -163.554 91.349, -163.5 91.146, -163.417 90.954, -163.307 90.777, -163.171 90.617, -163.013 90.48, -162.836 90.368, -162.645 90.284)), ((-133.982 108.49, -133.73 108.621, -133.462 108.714, -133.183 108.766, -132.899 108.775, -132.617 108.742, -132.343 108.667, -132.083 108.553, -131.843 108.401, -131.629 108.214, -131.444 107.998, -131.294 107.757, -131.182 107.497, -131.11 107.222, -131.079 106.94, -131.091 106.656, -131.145 106.377, -131.24 106.109, -131.374 105.859, -131.543 105.631, -131.745 105.431, -131.974 105.264, -132.226 105.132, -132.494 105.039, -132.773 104.988, -133.057 104.978, -133.339 105.011, -133.613 105.086, -133.873 105.201, -134.113 105.353, -134.327 105.539, -134.512 105.755, -134.662 105.996, -134.774 106.257, -134.846 106.531, -134.877 106.814, -134.865 107.097, -134.811 107.376, -134.716 107.644, -134.582 107.894, -134.413 108.122, -134.211 108.322, -133.982 108.49), (-133.637 105.642, -133.446 105.557, -133.244 105.502, -133.036 105.478, -132.827 105.485, -132.621 105.523, -132.424 105.591, -132.238 105.688, -132.069 105.812, -131.921 105.959, -131.796 106.127, -131.697 106.311, -131.627 106.509, -131.587 106.714, -131.579 106.923, -131.601 107.131, -131.655 107.333, -131.737 107.526, -131.848 107.703, -131.984 107.862, -132.142 108, -132.319 108.112, -132.51 108.196, -132.712 108.251, -132.92 108.275, -133.129 108.268, -133.335 108.23, -133.532 108.162, -133.718 108.065, -133.887 107.942, -134.035 107.794, -134.16 107.626, -134.259 107.442, -134.329 107.245, -134.369 107.039, -134.377 106.83, -134.355 106.622, -134.301 106.42, -134.219 106.228, -134.108 106.05, -133.972 105.891, -133.814 105.754, -133.637 105.642)), ((1.809276150627619 -5.459347280334722, 1.831 -5.424, 1.8442897959183664 -5.408285714285715, 1.863 -5.381, 1.974 -5.254, 1.9770723882643275 -5.251279270633396, 1.979 -5.249, 2.115 -5.126, 2.130134223706176 -5.115736560934892, 2.14 -5.107, 2.2051133200795223 -5.064888667992048, 2.289 -5.008, 2.3051691735152753 -5.000178632346099, 2.324 -4.988, 2.467384279475976 -4.921711790393016, 2.504 -4.904, 2.508869020035436 -4.902532915360502, 2.523 -4.896, 2.732 -4.835, 2.96 -4.804, 2.9625864301126836 -4.80405574202829, 2.963 -4.804, 3.192 -4.809, 3.407 -4.846, 3.416618995030369 -4.849144671452236, 3.427 -4.851, 3.511485981308399 -4.880158878504669, 3.615 -4.914, 3.6273742258920723 -4.920155706281335, 3.653 -4.929, 3.756616168973046 -4.984448652585575, 3.812 -5.012, 3.824959747727692 -5.021021702838062, 3.838 -5.028, 3.988 -5.133, 4.0009002808988745 -5.1452050561797735, 4.118 -5.252, 4.139265015656139 -5.27611300882437, 4.155 -5.291, 4.1761925380009135 -5.317986181483178, 4.23 -5.379, 4.2625181654212865 -5.427911620716315, 4.294 -5.468, 4.325885938668659 -5.523225130890048, 4.351 -5.561, 4.365117206982544 -5.591172069825436, 4.391 -5.636, 4.425762282091915 -5.72078605388272, 4.453 -5.779, 4.460982235381201 -5.80668837897854, 4.473 -5.836, 4.501975609756094 -5.948884146341452, 4.501975609756095 -5.948884146341455, 4.517 -6.001, 4.5186963021243125 -6.014025177025966, 4.521 -6.023, 4.545 -6.216, 4.543 -6.41, 4.5422266508030935 -6.415681142177276, 4.542 -6.432, 4.5308972392638065 -6.498908742331272, 4.517 -6.601, 4.509615729933558 -6.627157838031974, 4.504 -6.661, 4.478281250000005 -6.738156249999985, 4.458 -6.81, 4.442314814814814 -6.846055555555557, 4.428 -6.889, 4.40001303403331 -6.94329471397538, 4.381 -6.987, 4.357517363154798 -7.025736315479692, 4.328 -7.083, 4.2864404100811635 -7.142982913284918, 4.286440410081163 -7.14298291328492, 4.286440410081162 -7.1429829132849205, 4.286440410081162 -7.142982913284921, 4.264 -7.18, 4.246779665379665 -7.200225225225226, 4.231 -7.223, 4.12 -7.35, 4.117042214912282 -7.352601425438595, 4.115 -7.355, 3.979 -7.477, 3.9637249557522125 -7.487446725663717, 3.954 -7.496, 3.894055118110237 -7.535094488188976, 3.805 -7.596, 3.788223289315725 -7.6041152460984405, 3.77 -7.616, 3.626615720524019 -7.682288209606987, 3.59 -7.7, 3.585090683229817 -7.701485714285713, 3.571 -7.708, 3.362 -7.769, 3.132 -7.8, 2.902 -7.795, 2.688 -7.758, 2.6782783948903095 -7.754836989725077, 2.668 -7.753, 2.6057165354330607 -7.73122834645669, 2.479 -7.69, 2.458267881548973 -7.679686560364464, 2.442 -7.674, 2.360215213358069 -7.63090909090909, 2.282 -7.592, 2.2684043524043536 -7.582535626535627, 2.256 -7.576, 2.118572815534019 -7.478233009708765, 2.101 -7.466, 1.976 -7.352, 1.9547714285714255 -7.327738775510201, 1.939 -7.313, 1.9151417910447812 -7.282447761194036, 1.864 -7.224, 1.8312855564761104 -7.175063518365091, 1.8 -7.135, 1.770167924528303 -7.0836396226415115, 1.743 -7.043, 1.728240758754864 -7.0114557392996115, 1.703 -6.968, 1.6695879664889568 -6.886099771515614, 1.641 -6.825, 1.6327538680419706 -6.795811310688245, 1.621 -6.767, 1.5828461538461511 -6.619153846153837, 1.578 -6.602, 1.5775687203791473 -6.598703791469196, 1.573 -6.581, 1.55 -6.388, 1.551 -6.194, 1.552872164134938 -6.180246794239494, 1.552872164134938 -6.180246794239493, 1.553 -6.171, 1.5591714285714278 -6.133971428571434, 1.577 -6.003, 1.5867655172413793 -5.968406896551724, 1.591 -5.943, 1.6101874999999999 -5.8854375, 1.6101875 -5.885437499999999, 1.636 -5.794, 1.6563396226415104 -5.74698113207547, 1.667 -5.715, 1.6867414395527607 -5.676701607267644, 1.713 -5.616, 1.7441939328277352 -5.5652437703141935, 1.767 -5.521, 1.809276150627619 -5.459347280334722), (2.504365841474245 -4.904614786856128, 2.5043658414742453 -4.904614786856128, 2.504 -4.904, 2.504365841474245 -4.904614786856128), (1.944 -6.708, 2.027 -6.885, 2.138 -7.047, 2.278 -7.191, 2.439 -7.308, 2.617 -7.395, 2.805 -7.452, 2.982 -7.475, 3.142 -7.473, 3.288 -7.452, 3.422 -7.416, 3.634 -7.32, 3.814 -7.193, 3.942 -7.064, 4.031 -6.944, 4.133 -6.752, 4.176 -6.63, 4.205 -6.502, 4.221 -6.369, 4.221 -6.235, 4.19 -6.028, 4.15 -5.896, 4.068 -5.719, 3.956 -5.557, 3.816 -5.413, 3.655 -5.296, 3.478 -5.208, 3.29 -5.152, 3.112 -5.128, 2.952 -5.131, 2.806 -5.152, 2.673 -5.188, 2.461 -5.283, 2.281 -5.411, 2.152 -5.54, 2.063 -5.66, 1.962 -5.852, 1.919 -5.974, 1.889 -6.102, 1.874 -6.235, 1.874 -6.369, 1.904 -6.576, 1.944 -6.708)), ((5.247 -2.404, 5.282279069767457 -2.3900155038759627, 5.449 -2.322, 5.461661666666666 -2.318908888888889, 5.469 -2.316, 5.5223211538461605 -2.3040999999999983, 5.662 -2.27, 5.68419946492271 -2.267972651605232, 5.702 -2.264, 5.8199672131147615 -2.2555737704918024, 5.881 -2.25, 5.890658097686376 -2.2505244215938305, 5.899648405560098 -2.2498822567457073, 5.898259385665519 -2.248501706484632, 5.815 -2.17, 5.796710591840646 -2.1475721126221057, 5.774 -2.125, 5.7335187940485515 -2.070081440877055, 5.678 -2.002, 5.65187278180455 -1.9593169207698087, 5.631 -1.931, 5.610142857142858 -1.8911442715700155, 5.577 -1.837, 5.554857372654152 -1.7854997319034787, 5.53 -1.738, 5.502052631578946 -1.6626842105263118, 5.502052631578945 -1.662684210526308, 5.488 -1.63, 5.4834897077509535 -1.6126587039390106, 5.471 -1.579, 5.431 -1.415, 5.430219222462203 -1.4078428725701944, 5.43 -1.407, 5.409 -1.226, 5.409159329140461 -1.2147938504542242, 5.407 -1.195, 5.410740920096852 -1.1035552865213993, 5.412 -1.015, 5.41514126394052 -0.9959913258983867, 5.416 -0.975, 5.439355450236959 -0.8494644549763497, 5.451 -0.779, 5.454334509527171 -0.7689520112914562, 5.456 -0.76, 5.511810810810804 -0.5957567567567763, 5.526 -0.553, 5.5639072847681685 -0.4810463576159761, 5.632 -0.35, 5.77 -0.163, 5.923 -0.008, 5.93463225198546 0.0006580966482679, 5.939 0.005, 5.973634597594824 0.0296882516188743, 6.099 0.123, 6.1216989460821765 0.135231556438064, 6.134 0.144, 6.2033899371069126 0.1792515723270413, 6.292 0.227, 6.3105332170880555 0.233682650392328, 6.321 0.239, 6.493 0.3, 6.496433788681349 0.3007141064956788, 6.5 0.302, 6.665 0.339, 6.69683741935484 0.3423909677419357, 6.719 0.347, 6.7580232770424455 0.3489078046554084, 6.834 0.357, 6.891291889007471 0.355423159018143, 6.944 0.358, 7.010004698512138 0.3521558339859044, 7.052 0.351, 7.08089814126394 0.3458788104089221, 7.136 0.341, 7.226622369878185 0.3200542635658912, 7.289 0.309, 7.3180182122282105 0.2989297528340457, 7.348 0.292, 7.4610198019801945 0.2493036303630375, 7.508 0.233, 7.517564714946072 0.2279422187981502, 7.528 0.224, 7.699 0.132, 7.857 0.019, 7.869531472684088 0.0072684085510671, 7.874 0.004, 7.894042372881342 -0.0156779661016814, 7.998 -0.113, 8.017412052117267 -0.1368045602605898, 8.039 -0.158, 8.079481205951454 -0.2129185591229509, 8.135 -0.281, 8.159672228843862 -0.321709177592372, 8.182 -0.352, 8.207106261859588 -0.3999753320683195, 8.235 -0.446, 8.253702290076337 -0.4890152671755741, 8.283 -0.545, 8.308828125000003 -0.6158046875000093, 8.325 -0.653, 8.331468749999997 -0.677871228448272, 8.341 -0.704, 8.378538461538485 -0.8588461538462464, 8.383 -0.876, 8.404 -1.058, 8.403724210526315 -1.0773052631578972, 8.405 -1.089, 8.402630498533725 -1.1538651026392852, 8.401 -1.268, 8.39774071847287 -1.2877228318051996, 8.397 -1.308, 8.372748031496066 -1.4389606299212432, 8.362 -1.504, 8.359114967462038 -1.5125791757049913, 8.357 -1.524, 8.297579399141634 -1.6955665236051414, 8.286 -1.73, 8.179 -1.936, 8.043 -2.121, 7.889 -2.275, 7.881215259606113 -2.28082743423771, 7.874 -2.288, 7.824450819672147 -2.323319672131136, 7.714 -2.406, 7.691657792402034 -2.417977265928807, 7.679 -2.427, 7.580507281553383 -2.4775631067961243, 7.580507281553382 -2.477563106796125, 7.52 -2.51, 7.510712995135514 -2.513393328700485, 7.492 -2.523, 7.319 -2.584, 7.315534784917683 -2.584708443972385, 7.312 -2.586, 7.147 -2.622, 7.117858075040781 -2.6251223491027735, 7.094 -2.63, 7.054149863760219 -2.6319482288828335, 6.979 -2.64, 6.921613727055067 -2.6384277733439747, 6.91606824710376 -2.6386988856971496, 6.961603459747177 -2.6825961410512353, 7.002 -2.719, 7.0116838205847 -2.7308750500600705, 7.017 -2.736, 7.139 -2.887, 7.24 -3.053, 7.245584725536995 -3.0656014319809106, 7.25 -3.073, 7.264617940199336 -3.1085481727574744, 7.318 -3.229, 7.326904899135446 -3.260018731988471, 7.338 -3.287, 7.3547808219178075 -3.3571198630136965, 7.378 -3.438, 7.384108108108108 -3.4796660231660232, 7.384108108108109 -3.479666023166027, 7.394 -3.521, 7.398398727465536 -3.577148462354196, 7.406 -3.629, 7.406212860310421 -3.67689356984479, 7.411 -3.738, 7.406874111675127 -3.8256751269035454, 7.407 -3.854, 7.404838351822503 -3.868935023771797, 7.403 -3.908, 7.376 -4.075, 7.3741124655918195 -4.081222965001969, 7.3741124655918195 -4.08122296500197, 7.374 -4.082, 7.323 -4.257, 7.315920472864051 -4.2730746910263315, 7.312 -4.286, 7.2857995110024545 -4.341466992665017, 7.238 -4.45, 7.2243787785317695 -4.471495990129553, 7.218 -4.485, 7.165701375245578 -4.564096267190573, 7.11 -4.652, 7.100681703929092 -4.662431803148564, 7.097 -4.668, 6.952 -4.83, 6.775 -4.976, 6.7729712196272684 -4.9771969804199125, 6.772 -4.978, 6.575 -5.095, 6.373 -5.177, 6.362585398526456 -5.179542531815137, 6.354 -5.183, 6.291857142857136 -5.1968095238095255, 6.16 -5.229, 6.1379302325581415 -5.231015503875969, 6.12 -5.235, 6.024814814814803 -5.241345679012347, 5.941 -5.249, 5.9239500000000005 -5.248069999999999, 5.91 -5.249, 5.728 -5.238, 5.723749999999999 -5.237150000000001, 5.721 -5.237, 5.554 -5.206, 5.526674698795176 -5.197734939759035, 5.503 -5.193, 5.465937722419936 -5.179363879003561, 5.392 -5.157, 5.334615514333895 -5.131047217537943, 5.291 -5.115, 5.244963957337257 -5.090501287237956, 5.193 -5.067, 5.159664330763835 -5.0451079187105785, 5.12 -5.024, 5.048399258343632 -4.972038318912236, 4.992 -4.935, 4.971141859215478 -4.915971520687804, 4.945 -4.897, 4.8507512195121985 -4.8061414634146375, 4.821 -4.779, 4.8149612770339845 -4.771638928939236, 4.806 -4.763, 4.684 -4.612, 4.583 -4.446, 4.579945795137506 -4.439195695496217, 4.572 -4.426, 4.549906911142452 -4.372273624823691, 4.504 -4.27, 4.495095100864552 -4.238981268011526, 4.484 -4.212, 4.468872298624755 -4.147638506876232, 4.444 -4.061, 4.436527194535795 -4.010024791297748, 4.429 -3.978, 4.425347336834209 -3.933762190547637, 4.416 -3.87, 4.415767745302714 -3.8177426931106497, 4.411 -3.76, 4.415163628076573 -3.681816317228798, 4.415 -3.645, 4.418360851063829 -3.6217795744680887, 4.42 -3.591, 4.446874418604654 -3.424776744186029, 4.448 -3.417, 4.5 -3.242, 4.506178546224418 -3.2279710656316167, 4.511 -3.212, 4.549405222437136 -3.1298210831721485, 4.585 -3.049, 4.593289560275202 -3.0359180376906965, 4.604 -3.013, 4.685300174520069 -2.890713787085516, 4.713 -2.847, 4.718428650595731 -2.8408841784427836, 4.725 -2.831, 4.871 -2.669, 5.05 -2.521, 5.163548387096762 -2.4539032258064584, 5.247 -2.404), (5.580050345344096 -1.8336407589248562, 5.580050345344096 -1.833640758924856, 5.577 -1.837, 5.580050345344096 -1.8336407589248562), (5.431950967074196 -1.4145011320266514, 5.431950967074196 -1.4145011320266512, 5.431 -1.415, 5.431950967074196 -1.4145011320266514), (7.28634769598221 0.3062498249852439, 7.28634769598221 0.3062498249852438, 7.289 0.309, 7.28634769598221 0.3062498249852439), (7.996233934368522 -0.1160114991981851, 7.996233934368522 -0.1160114991981852, 7.998 -0.113, 7.996233934368522 -0.1160114991981851), (8.232584047599234 -0.4486606058084378, 8.232584047599234 -0.4486606058084379, 8.235 -0.446, 8.232584047599234 -0.4486606058084378), (8.322925851703406 -0.654451903807615, 8.322925851703406 -0.6544519038076152, 8.325 -0.653, 8.322925851703406 -0.654451903807615), (8.178228666420392 -1.9354178056889544, 8.178228666420392 -1.9354178056889546, 8.179 -1.936, 8.178228666420392 -1.9354178056889544), (5.814 -1.576, 5.913 -1.77, 5.988 -1.875, 6.076 -1.973, 6.175 -2.062, 6.285 -2.139, 6.472 -2.234, 6.603 -2.277, 6.794 -2.311, 6.991 -2.314, 7.189 -2.282, 7.378 -2.218, 7.552 -2.124, 7.706 -2.002, 7.828 -1.871, 7.918 -1.739, 7.985 -1.608, 8.032 -1.478, 8.077 -1.249, 8.076 -1.029, 8.045 -0.849, 7.998 -0.707, 7.9 -0.514, 7.825 -0.408, 7.737 -0.31, 7.637 -0.221, 7.527 -0.144, 7.341 -0.05, 7.21 -0.006, 7.018 0.028, 6.822 0.031, 6.623 -0.001, 6.435 -0.065, 6.261 -0.16, 6.106 -0.281, 5.985 -0.412, 5.894 -0.544, 5.827 -0.675, 5.78 -0.806, 5.736 -1.034, 5.736 -1.255, 5.768 -1.434, 5.814 -1.576), (4.822 -4.19, 4.879 -4.311, 4.95 -4.425, 5.084 -4.585, 5.188 -4.676, 5.351 -4.783, 5.531 -4.862, 5.726 -4.91, 5.925 -4.925, 6.122 -4.906, 6.311 -4.854, 6.475 -4.781, 6.609 -4.695, 6.722 -4.6, 6.817 -4.499, 6.946 -4.306, 7.032 -4.102, 7.073 -3.925, 7.086 -3.776, 7.071 -3.56, 7.043 -3.433, 7.001 -3.309, 6.944 -3.188, 6.873 -3.074, 6.738 -2.914, 6.634 -2.823, 6.471 -2.716, 6.291 -2.637, 6.096 -2.589, 5.898 -2.574, 5.701 -2.593, 5.511 -2.644, 5.348 -2.718, 5.213 -2.804, 5.1 -2.899, 5.006 -3, 4.876 -3.193, 4.79 -3.396, 4.749 -3.574, 4.736 -3.722, 4.751 -3.939, 4.779 -4.066, 4.822 -4.19)), ((-0.0939999999999999 0.488, -0.037 0.499, -0.0345516469459546 0.4988944675407739, -0.034 0.499, -0.0294210526315789 0.4987631578947368, -0.022 0.5, 0.02575 0.4962952586206896, 0.079 0.494, 0.0877147069664578 0.4914876520457058, 0.094 0.491, 0.1429999999999997 0.4755495495495496, 0.19 0.462, 0.1905182926829268 0.4617154471544716, 0.193 0.461, 0.1978835959885387 0.4582439111747851, 0.205 0.456, 0.2595454545454545 0.4238181818181819, 0.292 0.406, 0.2961958914159941 0.4021944240645635, 0.305 0.397, 0.3454878048780488 0.3574878048780488, 0.378 0.328, 0.382472807991121 0.3213940066592675, 0.388 0.316, 0.4146985645933015 0.273799043062201, 0.443 0.232, 0.445893262679788 0.2244912944738834, 0.45 0.218, 0.4639121338912134 0.1777280334728032, 0.485 0.123, 0.4863235294117647 0.1128529411764706, 0.488 0.108, 0.492 0.0693333333333333, 0.5 0.008, 0.4998267564966314 0.006339749759384, 0.5 0.005, 0.4993246753246753 -0.0014718614718615, 0.5 -0.008, 0.4932173913043478 -0.06, 0.488 -0.11, 0.4859365079365079 -0.1158201058201058, 0.485 -0.123, 0.4667794117647059 -0.1698529411764705, 0.449 -0.22, 0.4447076923076923 -0.2266087912087912, 0.443 -0.231, 0.4149260700389099 -0.2724630350194562, 0.41435 -0.27335, 0.388 -0.315, 0.3860854816824966 -0.3168683853459973, 0.386 -0.317, 0.3823766185719571 -0.3205360710321864, 0.378 -0.327, 0.3308353658536585 -0.3708353658536586, 0.303 -0.398, 0.2991871750433275 -0.4002495667244368, 0.293 -0.406, 0.2451875 -0.43225, 0.206 -0.456, 0.2031967858314202 -0.4568838963594621, 0.203 -0.457, 0.196999999999999 -0.4588378378378382, 0.1964353741496599 -0.459015873015873, 0.191 -0.462, 0.1480869565217389 -0.4742608695652175, 0.095 -0.491, 0.0874497041420118 -0.491585798816568, 0.079 -0.494, 0.028 -0.4961982758620689, -0.021 -0.5, -0.0290547945205479 -0.4986575342465753, -0.037 -0.499, -0.0955 -0.4877105263157895, -0.138 -0.481, -0.1445525936599424 -0.4782442363112392, -0.151 -0.477, -0.191109489051095 -0.4586642335766423, -0.2309210526315789 -0.4419210526315789, -0.243 -0.437, -0.2435246224556796 -0.4366204858831254, -0.245 -0.436, -0.2521196487376509 -0.4307738748627881, -0.256 -0.429, -0.2910742857142859 -0.402222857142857, -0.337 -0.369, -0.3382951601908658 -0.367517382413088, -0.339 -0.367, -0.3424619799139169 -0.3629913916786225, -0.349 -0.358, -0.3800511247443761 -0.3197177914110431, -0.413 -0.282, -0.4139128738621586 -0.2802587776332901, -0.415 -0.279, -0.4183353946889778 -0.2725180065478356, -0.422 -0.268, -0.4403476394849787 -0.2298369098712442, -0.467 -0.179, -0.4675409726848768 -0.176892071952032, -0.468 -0.176, -0.4698816654492331 -0.1684061358655952, -0.472 -0.164, -0.4791902654867256 -0.1315000000000004, -0.496 -0.066, -0.4961959611069558 -0.0546342557965595, -0.497 -0.051, -0.4967542857142857 -0.0222514285714286, -0.498 0.05, -0.4960618776671408 0.0587603129445235, -0.496 0.066, -0.4854213836477986 0.1068553459119502, -0.473 0.163, -0.4723824091778203 0.1642715105162524, -0.472 0.166, -0.4679896142433235 0.1741780415430265, -0.467 0.178, -0.4481737451737442 0.2145868725868744, -0.424 0.2638823529411764, -0.422 0.268, -0.4219513657561625 0.2680599600266489, -0.421 0.27, -0.4174193548387097 0.2743548387096774, -0.414 0.281, -0.3721634615384611 0.3294423076923082, -0.349 0.358, -0.3480270984798414 0.3587508261731659, -0.347 0.36, -0.343420749279539 0.3627233429394812, -0.338 0.369, -0.2931226993865026 0.4011226993865034, -0.257 0.429, -0.255306258322237 0.4297669773635153, -0.255 0.43, -0.2491647830842144 0.4325873131607728, -0.243 0.437, -0.2031016949152538 0.4534067796610171, -0.151 0.477, -0.1410646130728776 0.4789173553719008, -0.136 0.481, -0.0939999999999999 0.488)), ((5.252 4.118, 5.27611300882437 4.139265015656139, 5.291 4.155, 5.31798618148318 4.176192538000915, 5.379 4.23, 5.427911620716316 4.262518165421287, 5.468 4.294, 5.523225130890048 4.325885938668659, 5.561 4.351, 5.591172069825436 4.365117206982544, 5.636 4.391, 5.720786053882719 4.425762282091915, 5.779 4.453, 5.8066883789785395 4.460982235381201, 5.836 4.473, 5.948884146341444 4.501975609756093, 6.001 4.517, 6.0140251770259665 4.5186963021243125, 6.023 4.521, 6.216 4.545, 6.41 4.543, 6.415681142177279 4.542226650803093, 6.432 4.542, 6.498908742331272 4.5308972392638065, 6.601 4.517, 6.627157838031973 4.509615729933558, 6.661 4.504, 6.738156249999991 4.478281250000003, 6.81 4.458, 6.846055555555553 4.442314814814816, 6.889 4.428, 6.94329471397538 4.40001303403331, 6.987 4.381, 7.025736315479695 4.3575173631547965, 7.083 4.328, 7.142982913284921 4.286440410081162, 7.18 4.264, 7.200225225225225 4.246779665379666, 7.223 4.231, 7.35 4.12, 7.352601425438594 4.117042214912284, 7.355 4.115, 7.477 3.979, 7.487446725663718 3.963724955752212, 7.496 3.954, 7.535094488188976 3.894055118110237, 7.596 3.805, 7.604115246098441 3.788223289315722, 7.616 3.77, 7.682288209606987 3.6266157205240184, 7.7 3.59, 7.701485714285713 3.585090683229817, 7.708 3.571, 7.769 3.362, 7.8 3.132, 7.795 2.902, 7.758 2.688, 7.754836989725076 2.678278394890308, 7.753 2.668, 7.73122834645669 2.6057165354330616, 7.69 2.479, 7.679686560364466 2.4582678815489776, 7.674 2.442, 7.630909090909092 2.360215213358072, 7.592 2.282, 7.582535626535627 2.268404352404353, 7.576 2.256, 7.478233009708762 2.1185728155340153, 7.466 2.101, 7.352 1.976, 7.327738775510201 1.9547714285714255, 7.313 1.939, 7.282447761194033 1.9151417910447783, 7.224 1.864, 7.175063518365094 1.8312855564761126, 7.135 1.8, 7.0836396226415115 1.770167924528303, 7.043 1.743, 7.011455739299611 1.7282407587548636, 6.968 1.703, 6.886099771515614 1.6695879664889568, 6.825 1.641, 6.795811310688246 1.6327538680419709, 6.767 1.621, 6.619153846153844 1.5828461538461531, 6.619153846153842 1.5828461538461527, 6.602 1.578, 6.598703791469196 1.577568720379147, 6.581 1.573, 6.388 1.55, 6.194 1.551, 6.180246794239494 1.552872164134938, 6.171 1.553, 6.13397142857143 1.5591714285714282, 6.003 1.577, 5.968406896551725 1.5867655172413788, 5.943 1.591, 5.8854375 1.6101874999999999, 5.794 1.636, 5.74698113207547 1.65633962264151, 5.715 1.667, 5.676701607267644 1.6867414395527607, 5.616 1.713, 5.565243770314193 1.7441939328277356, 5.521 1.767, 5.459347280334725 1.8092761506276165, 5.424 1.831, 5.408285714285716 1.8442897959183662, 5.381 1.863, 5.254 1.974, 5.251279270633396 1.9770723882643275, 5.249 1.979, 5.126 2.115, 5.115736560934893 2.1301342237061753, 5.107 2.14, 5.064888667992048 2.2051133200795223, 5.008 2.289, 5.0001786323461 2.305169173515274, 4.988 2.324, 4.921711790393016 2.467384279475976, 4.904 2.504, 4.902532915360499 2.5088690200354424, 4.896 2.523, 4.835 2.732, 4.804 2.96, 4.80405574202829 2.9625864301126836, 4.804 2.963, 4.809 3.192, 4.846 3.407, 4.849144671452236 3.416618995030368, 4.851 3.427, 4.88015887850467 3.5114859813084025, 4.914 3.615, 4.920155706281335 3.6273742258920727, 4.929 3.653, 4.984448652585575 3.756616168973046, 5.012 3.812, 5.021021702838063 3.8249597477276938, 5.028 3.838, 5.133 3.988, 5.1452050561797735 4.0009002808988745, 5.252 4.118), (7.593987209693705 3.803752945136318, 7.593987209693705 3.8037529451363175, 7.596 3.805, 7.593987209693705 3.803752945136318), (5.283 2.461, 5.411 2.281, 5.54 2.152, 5.66 2.063, 5.852 1.962, 5.974 1.919, 6.102 1.889, 6.235 1.874, 6.369 1.874, 6.576 1.904, 6.708 1.944, 6.885 2.027, 7.047 2.138, 7.191 2.278, 7.308 2.439, 7.395 2.617, 7.452 2.805, 7.475 2.982, 7.473 3.142, 7.452 3.288, 7.416 3.422, 7.32 3.634, 7.193 3.814, 7.064 3.942, 6.944 4.031, 6.752 4.133, 6.63 4.176, 6.502 4.205, 6.369 4.221, 6.235 4.221, 6.028 4.19, 5.896 4.15, 5.719 4.068, 5.557 3.956, 5.413 3.816, 5.296 3.655, 5.208 3.478, 5.152 3.29, 5.128 3.112, 5.131 2.952, 5.152 2.806, 5.188 2.673, 5.283 2.461)), ((-0.3489078046554084 6.7580232770424455, -0.357 6.834, -0.355423159018143 6.891291889007471, -0.358 6.944, -0.3521558339859044 7.010004698512138, -0.351 7.052, -0.345878810408922 7.08089814126394, -0.341 7.136, -0.3200542635658914 7.226622369878184, -0.309 7.289, -0.2989297528340457 7.3180182122282105, -0.292 7.348, -0.2493036303630376 7.4610198019801945, -0.233 7.508, -0.2279422187981502 7.517564714946072, -0.224 7.528, -0.132 7.699, -0.019 7.857, -0.0072684085510663 7.869531472684089, -0.004 7.874, 0.01567796610168 7.894042372881341, 0.113 7.998, 0.1368045602605893 8.017412052117267, 0.158 8.039, 0.2129185591229401 8.079481205951446, 0.281 8.135, 0.321709177592366 8.159672228843858, 0.352 8.182, 0.3999753320683108 8.207106261859582, 0.446 8.235, 0.4890152671755702 8.253702290076335, 0.545 8.283, 0.6158046875000002 8.308828125, 0.653 8.325, 0.6778712284482691 8.331468749999997, 0.704 8.341, 0.8588461538461961 8.378538461538472, 0.876 8.383, 1.058 8.404, 1.0773052631578939 8.403724210526315, 1.089 8.405, 1.1538651026392852 8.402630498533725, 1.268 8.401, 1.2877228318051968 8.39774071847287, 1.308 8.397, 1.4389606299212432 8.372748031496066, 1.504 8.362, 1.5125791757049893 8.35911496746204, 1.524 8.357, 1.6955665236051414 8.297579399141634, 1.73 8.286, 1.936 8.179, 2.121 8.043, 2.275 7.889, 2.28082743423771 7.881215259606113, 2.288 7.874, 2.323319672131136 7.824450819672147, 2.406 7.714, 2.417977265928806 7.691657792402035, 2.427 7.679, 2.4775631067961243 7.580507281553383, 2.477563106796125 7.580507281553382, 2.51 7.52, 2.513393328700485 7.510712995135514, 2.523 7.492, 2.584 7.319, 2.584708443972385 7.315534784917683, 2.586 7.312, 2.622 7.147, 2.6251223491027735 7.117858075040782, 2.63 7.094, 2.631948228882834 7.054149863760217, 2.64 6.979, 2.6384277733439747 6.921613727055066, 2.6386988856971496 6.91606824710376, 2.6825961410512353 6.961603459747177, 2.719 7.002, 2.7308750500600714 7.011683820584701, 2.736 7.017, 2.887 7.139, 3.053 7.24, 3.065601431980907 7.245584725536993, 3.0656014319809093 7.245584725536994, 3.073 7.25, 3.1085481727574735 7.264617940199336, 3.229 7.318, 3.2600187319884695 7.326904899135446, 3.287 7.338, 3.3571198630136982 7.354780821917808, 3.438 7.378, 3.479666023166023 7.384108108108109, 3.521 7.394, 3.5771484623541916 7.398398727465536, 3.629 7.406, 3.6768935698447907 7.406212860310421, 3.738 7.411, 3.825675126903547 7.406874111675127, 3.854 7.407, 3.8689350237717997 7.4048383518225025, 3.908 7.403, 4.075 7.376, 4.08122296500197 7.3741124655918195, 4.082 7.374, 4.257 7.323, 4.27307469102633 7.315920472864052, 4.286 7.312, 4.341466992665029 7.285799511002449, 4.45 7.238, 4.471495990129551 7.22437877853177, 4.485 7.218, 4.564096267190565 7.165701375245583, 4.652 7.11, 4.662431803148563 7.100681703929093, 4.668 7.097, 4.83 6.952, 4.976 6.775, 4.9771969804199125 6.7729712196272684, 4.978 6.772, 5.095 6.575, 5.177 6.373, 5.179542531815137 6.3625853985264555, 5.183 6.354, 5.1968095238095255 6.291857142857136, 5.229 6.16, 5.231015503875969 6.1379302325581415, 5.235 6.12, 5.241345679012346 6.024814814814813, 5.241345679012346 6.02481481481481, 5.249 5.941, 5.248069999999999 5.923949999999999, 5.249 5.91, 5.238 5.728, 5.23715 5.723749999999995, 5.237 5.721, 5.206 5.554, 5.197734939759035 5.526674698795175, 5.193 5.503, 5.179363879003561 5.465937722419936, 5.157 5.392, 5.131047217537941 5.334615514333893, 5.115 5.291, 5.090501287237956 5.244963957337257, 5.067 5.193, 5.04510791871058 5.159664330763838, 5.024 5.12, 4.972038318912236 5.048399258343632, 4.935 4.992, 4.915971520687804 4.971141859215478, 4.915971520687803 4.971141859215477, 4.897 4.945, 4.8061414634146375 4.8507512195121985, 4.779 4.821, 4.771638928939235 4.814961277033984, 4.763 4.806, 4.612 4.684, 4.446 4.583, 4.439195695496215 4.5799457951375055, 4.426 4.572, 4.372273624823697 4.549906911142455, 4.27 4.504, 4.238981268011527 4.495095100864553, 4.212 4.484, 4.147638506876232 4.468872298624755, 4.061 4.444, 4.010024791297748 4.436527194535795, 3.978 4.429, 3.9337621905476343 4.425347336834208, 3.87 4.416, 3.8177426931106537 4.415767745302714, 3.76 4.411, 3.6818163172287983 4.415163628076573, 3.645 4.415, 3.6217795744680856 4.41836085106383, 3.591 4.42, 3.4247767441860213 4.446874418604655, 3.417 4.448, 3.242 4.5, 3.2279710656316163 4.506178546224418, 3.212 4.511, 3.129821083172154 4.549405222437135, 3.049 4.585, 3.035918037690695 4.593289560275203, 3.013 4.604, 2.890713787085508 4.685300174520074, 2.847 4.713, 2.8408841784427836 4.718428650595731, 2.831 4.725, 2.669 4.871, 2.521 5.05, 2.4539032258064455 5.1635483870967835, 2.404 5.247, 2.3900155038759627 5.282279069767457, 2.322 5.449, 2.3189088888888887 5.461661666666668, 2.316 5.469, 2.3040999999999983 5.5223211538461605, 2.27 5.662, 2.2679726516052323 5.68419946492271, 2.264 5.702, 2.255573770491803 5.819967213114757, 2.25 5.881, 2.2505244215938305 5.890658097686376, 2.2498822567457073 5.899648405560098, 2.2485017064846367 5.898259385665524, 2.17 5.815, 2.147572112622103 5.796710591840644, 2.1475721126221026 5.796710591840643, 2.125 5.774, 2.0700814408770514 5.733518794048548, 2.002 5.678, 1.95931692076981 5.651872781804551, 1.931 5.631, 1.8911442715700129 5.610142857142857, 1.837 5.577, 1.785499731903482 5.554857372654154, 1.738 5.53, 1.6626842105263133 5.502052631578946, 1.63 5.488, 1.6126587039390106 5.4834897077509535, 1.579 5.471, 1.415 5.431, 1.4078428725701986 5.4302192224622035, 1.407 5.43, 1.226 5.409, 1.214793850454224 5.409159329140461, 1.195 5.407, 1.1035552865214049 5.410740920096852, 1.015 5.412, 0.9959913258983875 5.41514126394052, 0.975 5.416, 0.8494644549763334 5.439355450236961, 0.779 5.451, 0.7689520112914563 5.454334509527171, 0.76 5.456, 0.5957567567567763 5.511810810810804, 0.553 5.526, 0.4810463576159815 5.563907284768166, 0.4810463576159616 5.5639072847681765, 0.35 5.632, 0.163 5.77, 0.008 5.923, -0.0006580966482695 5.9346322519854615, -0.005 5.939, -0.029688251618872 5.97363459759482, -0.123 6.099, -0.1352315564380639 6.1216989460821765, -0.144 6.134, -0.1792515723270419 6.203389937106914, -0.227 6.292, -0.2336826503923279 6.3105332170880555, -0.239 6.321, -0.3 6.493, -0.3007141064956787 6.496433788681349, -0.302 6.5, -0.339 6.665, -0.3423909677419356 6.69683741935484, -0.347 6.719, -0.3489078046554084 6.7580232770424455), (-0.2318188647746243 7.507303005008347, -0.2318188647746242 7.507303005008347, -0.233 7.508, -0.2318188647746243 7.507303005008347), (-0.0174640820980614 7.855592075256556, -0.0174640820980613 7.855592075256556, -0.019 7.857, -0.0174640820980614 7.855592075256556), (0.284056115272022 8.131917651978862, 0.2840561152720221 8.131917651978862, 0.281 8.135, 0.284056115272022 8.131917651978862), (3.073366090472097 7.24902588100468, 3.0733660904720974 7.24902588100468, 3.073 7.25, 3.073366090472097 7.24902588100468), (0.0089049374333104 5.925012295081967, 0.0089049374333104 5.925012295081967, 0.008 5.923, 0.0089049374333104 5.925012295081967), (-0.2995465739793804 6.4931958318361485, -0.2995465739793804 6.4931958318361485, -0.3 6.493, -0.2995465739793804 6.4931958318361485), (2.718 5.348, 2.804 5.213, 2.899 5.1, 3 5.006, 3.193 4.876, 3.396 4.79, 3.574 4.749, 3.722 4.736, 3.939 4.751, 4.066 4.779, 4.19 4.822, 4.311 4.879, 4.425 4.95, 4.585 5.084, 4.676 5.188, 4.783 5.351, 4.862 5.531, 4.91 5.726, 4.925 5.925, 4.906 6.122, 4.854 6.311, 4.781 6.475, 4.695 6.609, 4.6 6.722, 4.499 6.817, 4.306 6.946, 4.102 7.032, 3.925 7.073, 3.776 7.086, 3.56 7.071, 3.433 7.043, 3.309 7.001, 3.188 6.944, 3.074 6.873, 2.914 6.738, 2.823 6.634, 2.716 6.471, 2.637 6.291, 2.589 6.096, 2.574 5.898, 2.593 5.701, 2.644 5.511, 2.718 5.348), (0.065 6.435, 0.16 6.261, 0.281 6.106, 0.412 5.985, 0.544 5.894, 0.675 5.827, 0.806 5.78, 1.034 5.736, 1.255 5.736, 1.434 5.768, 1.576 5.814, 1.77 5.913, 1.875 5.988, 1.973 6.076, 2.062 6.175, 2.139 6.285, 2.234 6.472, 2.277 6.603, 2.311 6.794, 2.314 6.991, 2.282 7.189, 2.218 7.378, 2.124 7.552, 2.002 7.706, 1.871 7.828, 1.739 7.918, 1.608 7.985, 1.478 8.032, 1.249 8.077, 1.029 8.076, 0.849 8.045, 0.707 7.998, 0.514 7.9, 0.408 7.825, 0.31 7.737, 0.221 7.637, 0.144 7.527, 0.05 7.341, 0.006 7.21, -0.028 7.018, -0.031 6.822, 0.001 6.623, 0.065 6.435)), ((44.823 29.35, 45.121 29.373, 45.419 29.351, 45.71 29.285, 45.989 29.176, 46.248 29.027, 46.482 28.841, 46.686 28.622, 46.854 28.376, 46.985 28.107, 47.073 27.821, 47.118 27.526, 47.119 27.227, 47.075 26.931, 46.987 26.645, 46.858 26.376, 46.69 26.128, 46.487 25.909, 46.253 25.722, 45.995 25.572, 40.593 22.96, 40.315 22.851, 40.024 22.784, 39.725 22.761, 39.427 22.783, 39.136 22.849, 38.857 22.958, 38.598 23.107, 38.364 23.293, 38.161 23.512, 37.992 23.758, 37.862 24.027, 37.773 24.313, 37.728 24.608, 37.728 24.907, 37.772 25.203, 37.859 25.489, 37.989 25.758, 38.157 26.006, 38.36 26.225, 38.593 26.412, 38.852 26.562, 44.253 29.174, 44.531 29.283, 44.823 29.35), (38.848 24.255, 38.934 24.13, 39.036 24.019, 39.155 23.925, 39.285 23.85, 39.426 23.795, 39.573 23.762, 39.724 23.751, 39.874 23.762, 40.022 23.796, 40.162 23.852, 40.158 23.861, 45.559 26.473, 45.564 26.464, 45.694 26.539, 45.812 26.634, 45.915 26.744, 46 26.869, 46.065 27.005, 46.109 27.15, 46.131 27.299, 46.131 27.45, 46.108 27.599, 46.064 27.744, 45.998 27.879, 45.913 28.004, 45.81 28.115, 45.692 28.209, 45.561 28.284, 45.42 28.339, 45.273 28.372, 45.122 28.383, 44.972 28.372, 44.825 28.338, 44.684 28.282, 44.689 28.273, 39.287 25.661, 39.283 25.67, 39.152 25.595, 39.034 25.5, 38.932 25.39, 38.847 25.265, 38.781 25.129, 38.737 24.984, 38.715 24.835, 38.715 24.684, 38.738 24.535, 38.783 24.39, 38.848 24.255)), ((15.17 52.124, 15.315 51.863, 15.421 51.584, 15.483 51.291, 15.501 50.993, 15.475 50.695, 14.496 44.775, 14.425 44.485, 14.312 44.208, 14.159 43.952, 13.969 43.721, 13.747 43.52, 13.498 43.355, 13.227 43.23, 12.94 43.146, 12.644 43.105, 12.345 43.109, 12.05 43.158, 11.766 43.25, 11.498 43.384, 11.254 43.556, 11.038 43.762, 10.855 43.999, 10.709 44.259, 10.604 44.539, 10.541 44.832, 10.523 45.13, 10.55 45.428, 11.528 51.347, 11.599 51.638, 11.712 51.915, 11.865 52.171, 12.055 52.402, 12.277 52.602, 12.526 52.767, 12.797 52.893, 13.084 52.977, 13.38 53.018, 13.679 53.013, 13.974 52.965, 14.258 52.872, 14.526 52.739, 14.77 52.567, 14.987 52.361, 15.17 52.124), (12.734 44.114, 12.879 44.156, 13.015 44.22, 13.141 44.303, 13.254 44.404, 13.349 44.521, 13.427 44.65, 13.484 44.79, 13.52 44.937, 13.509 44.938, 14.488 50.858, 14.498 50.856, 14.511 51.007, 14.502 51.158, 14.471 51.305, 14.418 51.447, 14.344 51.578, 14.252 51.698, 14.142 51.802, 14.019 51.889, 13.884 51.956, 13.74 52.003, 13.591 52.027, 13.44 52.03, 13.291 52.009, 13.146 51.967, 13.009 51.903, 12.883 51.82, 12.771 51.719, 12.675 51.602, 12.598 51.472, 12.54 51.333, 12.505 51.186, 12.515 51.184, 11.536 45.265, 11.526 45.266, 11.513 45.116, 11.522 44.965, 11.553 44.818, 11.607 44.676, 11.68 44.544, 11.773 44.425, 11.882 44.321, 12.005 44.234, 12.14 44.167, 12.284 44.12, 12.433 44.095, 12.584 44.093, 12.734 44.114)), ((4.904 54.198, 5.121 53.991, 5.304 53.755, 5.449 53.494, 5.555 53.214, 5.617 52.922, 5.635 52.624, 5.608 52.326, 4.63 46.406, 4.559 46.116, 4.446 45.839, 4.293 45.582, 4.103 45.351, 3.881 45.151, 3.632 44.986, 3.361 44.86, 3.074 44.776, 2.778 44.736, 2.479 44.74, 2.184 44.789, 1.9 44.881, 1.632 45.015, 1.388 45.187, 1.171 45.393, 0.988 45.629, 0.843 45.89, 0.737 46.17, 0.675 46.462, 0.657 46.761, 0.684 47.059, 1.662 52.978, 1.733 53.269, 1.846 53.545, 1.999 53.802, 2.189 54.033, 2.411 54.233, 2.66 54.398, 2.931 54.524, 3.218 54.608, 3.514 54.648, 3.813 54.644, 4.108 54.595, 4.392 54.503, 4.66 54.37, 4.904 54.198), (2.649 52.815, 1.67 46.895, 1.66 46.897, 1.647 46.747, 1.656 46.596, 1.687 46.448, 1.74 46.307, 1.814 46.175, 1.907 46.056, 2.016 45.952, 2.139 45.865, 2.274 45.797, 2.418 45.751, 2.567 45.726, 2.718 45.724, 2.868 45.744, 3.012 45.787, 3.149 45.85, 3.275 45.934, 3.387 46.035, 3.483 46.151, 3.561 46.281, 3.618 46.421, 3.653 46.568, 3.643 46.569, 4.622 52.489, 4.632 52.487, 4.645 52.638, 4.636 52.788, 4.605 52.936, 4.552 53.077, 4.478 53.209, 4.385 53.329, 4.276 53.433, 4.153 53.52, 4.018 53.587, 3.874 53.634, 3.725 53.658, 3.574 53.66, 3.424 53.64, 3.28 53.598, 3.143 53.534, 3.017 53.451, 2.905 53.35, 2.809 53.233, 2.731 53.103, 2.674 52.963, 2.639 52.817, 2.649 52.815)), ((18.867 82.563, 19.151 82.471, 19.418 82.337, 19.663 82.165, 19.879 81.959, 20.062 81.723, 20.208 81.462, 20.313 81.182, 20.375 80.89, 20.394 80.591, 20.367 80.293, 19.389 74.374, 19.318 74.083, 19.205 73.807, 19.052 73.55, 18.862 73.319, 18.64 73.119, 18.391 72.954, 18.119 72.828, 17.833 72.744, 17.536 72.704, 17.238 72.708, 16.943 72.757, 16.658 72.849, 16.391 72.982, 16.146 73.154, 15.93 73.361, 15.747 73.597, 15.601 73.858, 15.496 74.138, 15.434 74.43, 15.416 74.728, 15.442 75.026, 16.421 80.946, 16.491 81.236, 16.604 81.513, 16.757 81.77, 16.947 82.001, 17.169 82.201, 17.419 82.366, 17.69 82.492, 17.977 82.576, 18.273 82.616, 18.572 82.612, 18.867 82.563), (16.665 74.023, 16.774 73.919, 16.898 73.832, 17.033 73.765, 17.177 73.718, 17.326 73.694, 17.476 73.692, 17.626 73.712, 17.771 73.754, 17.908 73.818, 18.034 73.901, 18.146 74.002, 18.242 74.119, 18.319 74.249, 18.376 74.388, 18.412 74.535, 18.402 74.537, 19.38 80.457, 19.39 80.455, 19.404 80.605, 19.395 80.756, 19.363 80.904, 19.31 81.045, 19.236 81.177, 19.144 81.296, 19.035 81.4, 18.911 81.487, 18.776 81.555, 18.633 81.601, 18.484 81.626, 18.333 81.628, 18.183 81.608, 18.038 81.565, 17.901 81.502, 17.775 81.418, 17.663 81.317, 17.567 81.2, 17.49 81.071, 17.433 80.931, 17.397 80.784, 17.407 80.783, 16.429 74.863, 16.419 74.865, 16.405 74.714, 16.414 74.564, 16.446 74.416, 16.499 74.275, 16.573 74.143, 16.665 74.023)), ((9.285 84.102, 9.552 83.968, 9.797 83.796, 10.013 83.59, 10.196 83.353, 10.342 83.092, 10.447 82.813, 10.509 82.52, 10.527 82.222, 10.501 81.924, 9.522 76.005, 9.452 75.714, 9.339 75.437, 9.185 75.181, 8.996 74.95, 8.774 74.75, 8.524 74.585, 8.253 74.459, 7.966 74.375, 7.67 74.334, 7.371 74.339, 7.076 74.387, 6.792 74.48, 6.525 74.613, 6.28 74.785, 6.064 74.991, 5.881 75.228, 5.735 75.489, 5.63 75.768, 5.567 76.061, 5.549 76.359, 5.576 76.657, 6.554 82.577, 6.625 82.867, 6.738 83.144, 6.891 83.4, 7.081 83.631, 7.303 83.832, 7.552 83.997, 7.824 84.122, 8.11 84.206, 8.407 84.247, 8.705 84.242, 9 84.194, 9.285 84.102), (7.61 75.322, 7.76 75.343, 7.905 75.385, 8.042 75.449, 8.168 75.532, 8.28 75.633, 8.376 75.75, 8.453 75.88, 8.51 76.019, 8.546 76.166, 8.536 76.168, 9.514 82.087, 9.524 82.086, 9.538 82.236, 9.529 82.387, 9.497 82.534, 9.444 82.676, 9.37 82.808, 9.278 82.927, 9.169 83.031, 9.045 83.118, 8.91 83.185, 8.766 83.232, 8.617 83.257, 8.466 83.259, 8.317 83.238, 8.172 83.196, 8.035 83.132, 7.909 83.049, 7.797 82.948, 7.701 82.831, 7.624 82.702, 7.567 82.562, 7.531 82.415, 7.541 82.413, 6.563 76.494, 6.553 76.495, 6.539 76.345, 6.548 76.194, 6.58 76.047, 6.633 75.905, 6.707 75.774, 6.799 75.654, 6.908 75.55, 7.032 75.463, 7.167 75.396, 7.31 75.349, 7.459 75.325, 7.61 75.322)), ((29.602 67.908, 24.339 68.778, 24.723 70.741, 29.516 95.198, 29.901 97.161, 35.164 96.291, 29.987 69.871, 29.602 67.908)), ((-164.691 95.487, -164.319 96.956, -164.277 97.099, -163.741 98.676, -163.196 99.976, -162.458 101.441, -161.644 102.8, -161.243 103.379, -161.1613233813374 103.49233567497906, -160.806 104.002, -160.53706379321295 104.33325956579904, -160.351 104.574, -159.697 105.368, -158.816 106.311, -158.53415373092423 106.57160855725105, -158.334 106.768, -157.785 107.273, -157.396 107.624, -156.689 108.197, -156.526 108.323, -155.96 108.741, -155.209 109.254, -153.981 109.999, -153.50599259852908 110.22485713349997, -152.384 110.815, -151.228 111.308, -150.33735116011667 111.61299711076391, -150.086 111.711, -149.362 111.947, -148.321 112.225, -148.04847988077515 112.27656482861397, -147.93 112.305, -147.2 112.454, -146.207 112.625, -145.315 112.731, -145.0769564185002 112.74162968333017, -144.983 112.751, -144.239 112.8, -143.494 112.823, -142.986 112.835, -142.268 112.818, -141.99369371447216 112.79098665082472, -141.631 112.772, -140.888 112.707, -140.148 112.618, -139.77 112.572, -139.238 112.482, -139.0441839582576 112.43451061764351, -138.862 112.4, -138.133 112.242, -137.41 112.059, -136.626 111.842, -136.284 111.732, -136.1477684892651 111.6771183090914, -135.985 111.621, -135.284 111.366, -133.623 110.66, -133.462 110.582, -133.29210080342807 110.48342367434394, -132.255 109.93, -130.825 109.052, -30.672 41.281, -30.238 40.948, -29.934 40.702, -29.594 40.356, -29.285 40.024, -29.034 39.684, -28.738 39.261, -28.515 38.848, -28.304 38.428, -28.163 38.047, -27.992 37.543, -27.897 37.1, -27.808 36.623, -27.781 36.233, -27.756 35.686, -27.666 34.062, -27.347 32.466, -26.806 30.932, -26.055 29.49, -25.107 28.167, -23.982 26.992, -22.702 25.988, -21.294 25.173, -19.785 24.566, -18.205 24.178, -16.586 24.017, -14.961 24.085, -13.875769707121542 24.286571855525267, -13.347 28.204, -13.329 28.183, -13.276 28.119, -13.195 28.022, -13.106 27.917, -12.987 27.775, -12.847 27.608, -12.702 27.436, -12.591 27.303, -12.478 27.169, -12.722368562312017 25.35837218883734, -11.727 26.274, -11.191 25.635, -7.88 28.681, 0.955 76.652, -7.629 30.042, -6.579 31.008, -7.371952350849466 25.132093559857765, -7.225 25.096, -6.355 24.746, -5.542 24.276, -3.3294249423561086 22.7787786938221, -3.23 23.38, -3.16 23.67, -3.047 23.947, -2.894 24.204, -2.704 24.435, -2.482 24.635, -2.232 24.8, -1.961 24.926, -1.674 25.01, -1.378 25.05, -1.079 25.046, -0.785 24.997, -0.5 24.905, -0.233 24.771, 0.012 24.599, 0.228 24.393, 0.411 24.157, 0.557 23.896, 0.662 23.616, 0.724 23.324, 0.743 23.025, 0.716 22.727, 0.316865685046712 20.31138035766001, 1.1352450017857905 19.757593517605038, 7.433811704614311 23.036875725045448, 7.634 23.169, 7.905 23.295, 7.96117329085738 23.31144096317777, 9.924294152189605 24.333519098625775, 9.671 24.441, 9.319 24.54, 9.131 24.58, 9.021 24.598, 8.856 25.301, 8.668 26.407, 8.55 27.523, 8.502 28.644, 8.525 29.766, 8.618 30.884, 8.782 31.994, 9.015 33.092, 9.316 34.173, 9.685 35.232, 10.12 36.267, 10.619 37.272, 11.18 38.243, 11.802 39.178, 12.455 40.038, 12.869 40.532, 13.6 41.327, 14.411 42.103, 15.268 42.827, 16.17 43.495, 17.111 44.105, 18.089 44.655, 19.053 45.12, 19.654 45.385, 19.707 45.424, 19.753 45.481, 19.79 45.568, 20.491 49.142, 20.876 51.106, 26.139 50.236, 25.754 48.272, 24.973 44.284, 24.994 44.374, 25.014 44.465, 25.033 44.556, 47.04480744333923 156.91288472260973, 45.669 154.606, 43.58 152.062, 41.135 149.857, 38.389 148.042, 35.403 146.656, 32.244 145.73, 28.982 145.286, 25.691 145.333, 22.443 145.869, 19.312 146.884, 16.366 148.355, 13.673 150.247, 11.292 152.52, 9.276 155.123, 8.069711656134318 157.28304529611836, 7.903 156.776, 6.904 153.738, 6.338 154.412, 3.4506878850025258 138.73598333847, 3.451 138.736, 1.373 127.456, -0.267 117.49, -0.851805527125146 113.93673183213131, -0.895 113.674, -1.412 110.533, -1.92 107.446, -2.415 104.441, -2.374 104.083, -2.332 103.715, -2.295458089668681 103.38960298895444, -2.268473091364006 103.15226408009838, -2.247 102.964, -2.247036805960922 102.96372730384763, -1.746 98.557, 2.375 93.648, -0.777 97.402, -0.578 95.656, -3.1753610512595003 96.08575309804601, -4.863 83.582, -4.891 83.615, -4.918 83.648, -4.946 83.681, -4.973 83.713, -6.01311192931123 78.06570481799108, -6.06 77.811, -6.359611148396522 76.18438482216523, -8.179 66.306, -8.22 66.081, -8.25 65.92, -8.274 65.791, -4.347039705599894 94.88281483631789, -3.807 98.885, -3.8068166266311745 98.88491024993203, -1.273 117.656, 4.224907546516513 158.3854599792043, 4.448 160.042, 5.822 170.217, 5.893093810476895 170.57208056161684, 5.919 170.862, 6.100860401830109 171.60977818181814, 6.371 172.959, 6.485 173.37, 6.630861974411872 173.78905200018457, 6.697 174.061, 6.888662814246572 174.52969710674904, 7.272 175.631, 7.546 176.269, 7.5787048929663525 176.33920948012232, 7.602 176.393, 7.618440552795189 176.4245123129972, 7.839 176.898, 7.859370275114488 176.9034897498185, 7.943 177.108, 8.198801690864402 177.53691540929637, 8.695 178.488, 9.147 179.22, 9.462726931415574 179.656201681561, 9.629 179.935, 9.928679627706613 180.29995211722624, 10.515 181.11, 11.089 181.792, 11.501202637046744 182.2149825316644, 11.718 182.479, 12.05224466842859 182.78043537582212, 12.695 183.44, 13.385 184.053, 13.900545872243162 184.44730824061193, 14.163 184.684, 14.509159311204458 184.91279794240208, 15.188 185.432, 15.987 185.954, 16.600345253558885 186.2949911271702, 16.909 186.499, 17.262714453050467 186.66323726362745, 17.944 187.042, 18.838 187.456, 18.944713450292234 187.49356032625417, 19.236 187.625, 19.751641311154838 187.81889978467692, 19.894 187.885, 20.045596804962834 187.9294376832528, 20.563 188.124, 21.840570570570463 188.5128258258258, 21.878 188.526, 21.92 188.537, 22.829137501144043 188.74537902059492, 23.053 188.811, 23.20672406320774 188.83192381485722, 23.543 188.909, 25.041 189.14, 25.189 189.158, 26.095575694853377 189.22513354031724, 26.315 189.255, 26.46917053602294 189.2527989018247, 26.85 189.281, 28.26 189.287, 29.42904080595037 189.21054072968417, 29.607 189.208, 29.698048670799693 189.19294669451372, 29.896 189.18, 31.466 188.962, 32.155 188.819, 32.28355487804807 188.78982317073186, 32.821355059334785 188.67656260256686, 32.855 188.671, 32.868409414293176 188.666652968538, 32.9 188.66, 33.311776649746086 188.54134010152288, 33.603 188.465, 34.59 188.173, 35.802 187.73, 35.91595747274824 187.6787062169149, 35.986 187.656, 36.147248955361405 187.5755124059826, 36.412 187.466, 37.091 187.158, 37.566 186.936, 38.37 186.51, 38.549 186.409, 38.90185442534694 186.20054804575213, 38.931 186.186, 38.95485741026582 186.1692360513611, 39.155 186.051, 39.921 185.56, 41.087 184.721, 41.35821040008693 184.48046574336877, 41.625 184.293, 41.91198012003844 184.01903703786334, 42.462 183.57, 43.368 182.698, 43.79883273312112 182.21777034759165, 44.006 182.02, 44.13187058126956 181.85746141316955, 44.184 181.804, 44.685 181.23, 45.347 180.38, 45.50053820488042 180.15014238616646, 45.573 180.052, 45.919338141823516 179.54927749626563, 46.021 179.418, 46.09946381019126 179.27749844829304, 46.542 178.591, 46.987 177.811, 47.08839550913398 177.59913781292286, 47.135 177.514, 47.471 176.848, 47.54204393577259 176.69433627949508, 47.626 176.544, 47.6890933003172 176.37627743030433, 47.784 176.171, 47.993 175.709, 48.258 175.041, 48.338675818373794 174.7832676522352, 48.465 174.436, 48.695 173.727, 48.72599476327738 173.61985516336702, 48.785 173.463, 48.823302004339816 173.28347677733012, 49.008 172.645, 49.133 172.121, 49.164065412949626 171.92963417312936, 49.205 171.742, 49.344 171.009, 49.4374030551785 170.40515744152145, 49.472 170.243, 49.4807753051583 170.09882173624914, 49.564 169.466, 49.597 169.108, 49.59995501187889 168.9480948288934, 49.611 168.789, 49.65 168.045, 49.65 167.31846, 49.672 166.957, 49.65 166.710795221843, 49.65 166.24, 49.641 166.061, 49.61649672190202 165.86490895172915, 49.512 164.695, 49.40789879049832 164.0014100138021, 49.379 163.678, 49.32772186893204 163.46721919902913, 49.263 163.036, 26.014 44.364, 25.877 43.834, 25.769 43.458, 25.584 43.01, 25.399 42.596, 25.184 42.232, 24.91 41.794, 24.617 41.428, 24.314 41.07, 24.017 40.791, 23.621 40.437, 23.25 40.176, 22.845 39.908, 22.497 39.73, 22.003 39.494, 20.543 38.776, 19.2 37.859, 17.999 36.762, 16.964 35.506, 16.118 34.117, 15.475 32.622, 15.051 31.052, 14.852 29.438, 14.882 27.811, 15.015825362573239 26.98437102964376, 15.357 27.162, 15.35 27.135, 15.329 27.055, 15.297 26.933, 15.262 26.8, 15.214 26.621, 15.158 26.41, 15.127621432715792 26.293815304070918, 15.142 26.205, 15.626 24.652, 16.14254912506649 23.564878703835706, 18.897 22.969, 63.193 43.395, 20.155 23.548, 21.55 23.247, 17.72925459768998 21.257522117677134, 18.304 20.611, 18.928 19.91, 19.446 19.127, 19.849 18.28, 20.128 17.384, 20.278 16.457, 20.296 15.519, 20.181 14.587, 20.11 14.22459148084619, 20.11 14.167, 20.066 13.872, 19.995553627135568 13.64041767081348, 18.414768444778723 5.5715441914019666, 21.598 7.111, 21.876 7.221, 22.168 7.288, 22.466 7.311, 22.764 7.289, 23.055 7.223, 23.334 7.114, 23.593 6.965, 23.827 6.779, 24.031 6.56, 24.199 6.313, 24.329 6.044, 24.418 5.759, 24.463 5.463, 24.463 5.164, 24.419 4.869, 24.332 4.583, 24.202 4.313, 24.034 4.066, 23.832 3.847, 23.598 3.66, 23.339 3.51, 17.938 0.898, 17.66 0.789, 17.469237793952317 0.7452292198452233, 16.683 -3.268, 16.67393534100975 -3.3068485385296444, 16.667 -3.349, 16.539 -3.889, 16.454223812249552 -4.223741270749931, 16.424 -4.346, 16.41648675246025 -4.372747161241505, 16.403 -4.426, 16.334359589041146 -4.665119863013524, 16.274 -4.88, 16.257893136803304 -4.931502994012014, 16.25 -4.959, 16.20873684210531 -5.088684210526171, 16.026 -5.673, 16.009998510796724 -5.7132903946388724, 15.998 -5.751, 15.754692806000595 -6.356128537334006, 15.719 -6.446, 15.711774300155541 -6.462871014774445, 15.688 -6.522, 15.57380943025532 -6.785000000000192, 15.501 -6.955, 15.487181252161895 -6.984519197509485, 15.467 -7.031, 15.371607287449386 -7.2314048582996096, 15.266 -7.457, 15.024 -7.956, 15.002585902237588 -7.993107461826563, 14.985 -8.029, 14.706 -8.508, 14.65390893807792 -8.59290613617255, 14.464 -8.913, 14.296107739355431 -9.176106327922867, 14.252 -9.248, 14.21830655129791 -9.29802966625462, 14.166 -9.38, 13.698 -10.067, 13.676196355353067 -10.09455034168566, 13.649 -10.134, 13.211 -10.683, 13.201581736526942 -10.694257185628746, 13.182 -10.719, 13.005415609756136 -10.928724878048735, 12.980231396365213 -10.958826325716513, 13.283 -11.585, 22.82606750139484 -7.314816042986408, 22.671 -6.08, 22.73 -3.689, 23.145 -1.334, 23.906 0.933, 24.997 3.061, 25.713359946156007 4.0575408420021235, 25.539 4.418, 25.571 4.526, 25.638 4.886, 25.66 5.077, 25.666 5.268, 25.652 5.634, 25.625 5.824, 25.548 6.182, 25.426 6.527, 25.35 6.704, 25.301 6.804, 25.781 7.344, 26.162 7.724, 26.162299393201472 7.723380905688508, 26.576 8.135, 27.42 8.875, 28.309 9.56, 29.239 10.188, 30.206 10.756, 31.208 11.262, 32.239 11.704, 33.296 12.08, 34.375 12.389, 35.471 12.63, 36.58 12.802, 37.697 12.903, 38.819 12.934, 39.898 12.895, 40.541 12.842, 41.612 12.702, 42.713 12.487, 43.799 12.204, 44.864 11.852, 45.906 11.434, 46.919 10.952, 47.854 10.432, 48.417 10.094, 48.48 10.073, 48.553 10.068, 48.645 10.088, 53.796 12.393, 56.119 7.59, 54.292 6.773, 50.709236415400746 5.16993057939764, 50.710554342401835 5.1684378168499725, 50.71289074086351 5.165791472919607, 50.754 5.183, 50.839 5.22, 155.3466369775327 51.98385614910442, 152.668 51.779, 149.385 52.02, 146.175 52.747, 143.108 53.945, 140.255 55.586, 137.678 57.634, 135.435 60.044, 133.576 62.761, 132.143 65.724, 131.168 68.868, 130.672 72.123, 130.667 75.415, 131.152 78.671, 132.118 81.818, 133.18730506673793 84.04828632331568, 132.677 83.892, 129.618 82.958, 129.843 83.81, 115.36886134840574 77.13517561747928, 115.369 77.135, 112.582 75.85, 104.953 72.332, 98.624 69.266, 95.863 67.929, 95.2786335931261 67.64593313351239, 95.273 67.643, 93.7944143645973 66.92697790053137, 89.517 64.855, 86.702 63.491, 83.961 62.164, 83.692 61.924, 83.47204118496751 61.72865751444767, 79.538 58.226, 79.153 56.768, 77.84 55.6, 76.69454703092403 57.96987771147849, 65.504 52.143, 65.515 52.185, 65.525 52.226, 65.536 52.267, 65.547 52.309, 62.870262133328545 51.074527205185284, 62.871 51.074, 60.098 49.796, 48.998 44.677, 61.99110495452957 51.44212716791727, 62.202 51.552, 76.259 58.871, 95.419 68.847, 111.835 77.394, 130.996 87.37, 142.462 93.339, 142.78958226896611 93.48402273307377, 143.045 93.632, 143.76728884162142 93.91685958886018, 145.019 94.471, 145.421 94.614, 145.8383784119826 94.73366540048154, 146.108 94.84, 146.61761254652893 94.95707744600743, 147.723 95.274, 148.401 95.418, 148.47117641985972 95.43063792041397, 148.535 95.444, 148.57598122625856 95.44951199243017, 149.084 95.541, 149.10031132322916 95.52744808142765, 149.316 95.577, 149.80034071759906 95.6141888667992, 150.877 95.759, 151.736 95.81, 152.2674431573372 95.80361903584672, 152.598 95.829, 153.07599912356827 95.79391081669814, 154.068 95.782, 154.957 95.706, 155.5409048579017 95.61296586330968, 155.881 95.588, 156.31417083878725 95.48976063220027, 157.229 95.344, 158.128 95.132, 158.74629654479034 94.93817573688244, 159.091 94.86, 159.48007893627903 94.70814884684513, 160.294 94.453, 161.181 94.102, 161.80730702545637 93.79986973933117, 162.158 93.663, 162.50485606545428 93.46337235910411, 163.198 93.129, 164.052 92.638, 164.14905396018668 92.56896085391139, 164.419 92.41, 164.88362301488038 92.09430985263457, 165.011 92.021, 165.12583656636093 91.92973679165418, 165.592 91.613, 166.64348070107772 90.79455523624783, 166.678 90.77, 166.711 90.742, 167.41680268871286 90.10905436302524, 167.588 89.973, 167.68632846065432 89.86735060625193, 167.951 89.63, 169.003 88.539, 169.102 88.427, 169.67431339814422 87.73135252361676, 169.831 87.563, 169.9210212859373 87.43147885282103, 170.16 87.141, 170.978 85.993, 171.5881558193914 84.99579440265356, 171.69 84.847, 171.73067393790956 84.76287051502868, 171.834 84.594, 172.56 83.185, 172.84 82.54, 172.88222222222242 82.43777777777731, 173.10872263702495 81.91253112620937, 173.123 81.883, 173.12695029727908 81.87026181062004, 173.14 81.84, 173.28945008571804 81.40851476988003, 173.385 81.152, 173.716 80.177, 174.053 78.932, 174.07756303561672 78.80490134976517, 174.098 78.739, 174.12556960734327 78.55813003569574, 174.188 78.281, 174.327 77.549, 174.42 77.033, 174.535 76.13, 174.556 75.925, 174.58801102301297 75.52429058692698, 174.594 75.485, 174.5940552400648 75.4486299413317, 174.612 75.224, 174.652 74.315, 174.639 72.878, 174.59850909839955 72.51620961372336, 174.599 72.193, 174.53984731625124 71.79588425095676, 174.49 71.092, 174.3 69.849, 174.15703827874677 69.22593326927728, 174.114 68.937, 174.0535728626943 68.74014264896367, 174.04 68.667, 173.859 67.927, 173.547 66.896, 173.44642983476834 66.6350892870993, 173.409 66.522, 173.1959128988356 65.94608891577185, 173.148 65.79, 173.07895796255943 65.64599664994826, 172.773 64.888, 172.393 64.074, 172.27373769027903 63.861128818557745, 172.235 63.782, 171.884 63.124, 171.80025444341504 62.978960778675926, 171.725 62.822, 171.6225916977388 62.67126605023937, 171.511 62.478, 171.254 62.041, 170.86 61.44, 170.7105115912991 61.244537779049416, 170.486 60.922, 170.039 60.325, 169.9699744560864 60.23879213185041, 169.875 60.099, 169.74893676512593 59.96273218305429, 169.573 59.743, 169.335 59.446, 168.979 59.042, 168.83968158501892 58.90550854557264, 168.71 58.764, 168.192 58.229, 167.75561757862562 57.80805755256624, 167.639 57.682, 167.52337499999996 57.58949999999996, 167.057 57.159, 166.784 56.926, 166.64948592007826 56.82741059656558, 166.531 56.731, 165.945 56.27, 165.34657142857142 55.84805714285714, 165.069 55.626, 164.85887216510508 55.5041878316673, 164.47 55.23, 164.318 55.134, 164.15129752496324 55.04510027921059, 163.129 54.452, 162.4990254477247 54.13617275779266, 162.221 53.975, 162.01788381661913 53.89496042006507, 161.629 53.7, 51.4066021195853 4.378969423094167, 52.701 2.374, 53.685 0.195, 54.333 -2.107, 54.631 -4.48, 54.572 -6.871, 54.157 -9.226, 53.396 -11.493, 52.305 -13.621, 50.909 -15.563, 49.24 -17.275, 47.334 -18.719, 45.234 -19.863, 42.987 -20.681, 40.643 -21.156, 38.255 -21.275, 35.875 -21.037, 33.558 -20.448, 31.354 -19.519, 29.313 -18.272, 27.481 -16.736, 25.898 -14.943, 24.601 -12.934, 23.617 -10.755, 22.969 -8.453, 22.956379450516806 -8.352501463343547, 6.944 -15.517, 6.43 -15.726, 6.348339123242352 -15.757809760132341, 5.828 -15.97, 5.784648397976375 -15.98403035413154, 5.75 -15.998, 5.107647527910158 -16.20313556618837, 5.037 -16.226, 5.025394234515099 -16.229403194390308, 5.011 -16.234, 5.006653914067007 -16.235262507357298, 4.599 -16.366, 4.077709677419365 -16.491806451612902, 3.968 -16.52, 3.429 -16.65, 3.3988510207262386 -16.655135265700473, 3.349 -16.667, 2.71 -16.772, 2.708025991792101 -16.772283447332416, 2.704 -16.773, 2.156 -16.863, 1.604 -16.914, 1.5655838207593895 -16.916992564687224, 1.538 -16.92, 1.3912972762643816 -16.932612451361887, 0.957 -16.973, 0.9112892352893366 -16.973880110993225, 0.875 -16.977, 0.358 -16.986, 0.3103588929219288 -16.98616122202057, -0.333 -16.997, -0.7932921243281362 -16.970935265248887, -0.824 -16.97, -0.961470957815111 -16.961852288754965, -0.982 -16.961, -1.535 -16.931, -1.581173297370234 -16.925123398516515, -1.617 -16.923, -1.9359068627449196 -16.879975490196102, -2.085 -16.861, -2.1410281496739207 -16.8526512186749, -2.265 -16.838, -2.815 -16.765, -3.358 -16.655, -3.465507589400595 -16.631395935168506, -3.524 -16.62, -3.995 -16.524, -4.042557636726184 -16.510703560146084, -4.075 -16.504, -4.421645452134673 -16.40471599045347, -4.671 -16.335, -4.738594435527087 -16.31442257891919, -5.237 -16.173, -5.719296486168938 -15.997001922460758, -5.795 -15.971, -6.368 -15.762, -6.402383520425884 -15.746711144543452, -6.445 -15.731, -6.882742049469901 -15.533116607773879, -6.892 -15.529, -6.897480572597175 -15.526453987730044, -7.012777777777745 -15.474333333333348, -7.041 -15.462, -7.546 -15.234, -8.034 -14.97, -8.070972222222254 -14.949374999999982, -8.117185929648246 -14.924419597989948, -8.158 -14.903, -8.233037383177562 -14.861859813084116, -8.605 -14.661, -8.639884462151393 -14.638800796812749, -8.676 -14.619, -21.238 -7.164, -27.788 -3.277, -31.177 -1.265, -31.15 -1.257, -31.071 -1.233, -30.95 -1.196, -30.819 -1.156, -30.642 -1.102, -30.433 -1.038, -30.218 -0.972, -30.052 -0.921, -29.884 -0.87, -28.31321424701331 -1.8022155617573197, -28.767 -0.528, -27.97 -0.284, -29.479 3.953, -30.635 4.716, -70.185 30.83, -30.635127358184516 4.716357613273848, -31.114 6.061, -17.845 -1.814, -20.702 -6.319, -20.89310113821129 -6.205836422764283, -13.081792848532215 -10.841620221717852, -13.319 -10.564, -13.65218248175186 -10.111196221554266, -13.716 -10.027, -14.033 -9.595, -14.38 -9.049, -14.409855280312911 -8.999631464580611, -14.427 -8.973, -14.721 -8.503, -14.965310344827587 -8.042568965517239, -14.974 -8.027, -15.286 -7.439, -15.496 -6.966, -15.542841716441362 -6.8568366865765675, -15.614 -6.699, -15.806 -6.258, -16.042 -5.597, -16.055993929173717 -5.554257672849845, -16.209 -5.124, -16.312 -4.75, -16.347761288285465 -4.619104515314099, -16.392 -4.468, -16.551 -3.879, -16.663 -3.317, -16.684035620052764 -3.200602902374697, -16.785 -2.698, -16.84522159338267 -2.204533739660443, -16.853 -2.151, -16.941 -1.417, -16.962 -0.974, -16.968101803472106 -0.8172101803472095, -16.976 -0.676, -16.999 -0.214, -16.982 0.506, -16.979966202968914 0.548927644477569, -16.966 1.076, -16.915038391224858 1.5750914076782774, -16.906 1.686, -16.847 2.274, -16.79659075830569 2.647460467752421, -16.878 2.651, -17.171 2.707, -17.453 2.807, -17.717 2.948, -22.783 6.162, -23.023 6.34, -23.234 6.553, -23.41 6.794, -23.549 7.059, -23.646 7.341, -23.7 7.635, -23.71 7.934, -23.676 8.231, -23.597 8.519, -23.476 8.793, -23.316 9.045, -23.12 9.271, -22.893 9.465, -22.639 9.623, -22.365 9.741, -22.076 9.818, -21.778 9.85, -21.48 9.837, -21.186 9.78, -20.905 9.681, -20.641 9.54, -16.242804819964846 6.7502231480890105, -15.359407741248315 13.294933505551773, -17.427 14.606, -17.667 14.785, -17.877 14.997, -18.054 15.239, -18.192 15.503, -18.29 15.786, -18.344 16.08, -18.354 16.379, -18.319 16.676, -18.241 16.964, -18.12 17.237, -17.96 17.49, -17.764 17.716, -17.537 17.91, -17.283 18.068, -17.008 18.186, -16.719 18.262, -16.422 18.294, -16.123 18.282, -15.83 18.225, -15.548 18.125, -15.285 17.984, -14.770517975983227 17.657765395072847, -14.018711994735476 23.227573707574027, -14.288 23.168, -15.722802669950083 23.026267124619274, -15.632 23.028, -14.859 23.091, -17.216 19.375, -17.324 19.345, -17.665 19.212, -17.839 19.131, -18.005 19.035, -18.309 18.83, -18.456 18.707, -18.719 18.453, -18.948 18.167, -19.058 18.009, -19.117 17.916, -19.829 18.038, -20.353 18.162, -20.35284449426216 18.162245168510896, -20.921 18.297, -21.994 18.625, -23.045 19.019, -24.069 19.478, -25.061 20.001, -26.019 20.585, -26.939 21.229, -27.816 21.929, -28.647 22.682, -29.429 23.487, -30.159 24.339, -30.834 25.235, -31.452 26.172, -31.988 27.109, -32.281 27.684, -32.727 28.668, -33.125 29.717, -33.456 30.789, -33.719 31.88, -33.913 32.985, -34.037 34.1, -34.088 35.169, -34.097 35.826, -34.113 35.89, -34.146 35.955, -34.213 36.023, -37.229 38.064, -38.886 39.185, -36.028 43.69, -34.371 42.569, -31.005 40.291, -31.08 40.346, -31.156 40.4, -31.232 40.453, -131.385 108.224, -132.745 109.071, -134.166 109.811, -134.69387488955647 110.03677133769217, -134.726 110.019, -135.116 109.773, -135.274 109.645, -135.612 109.331, -135.743 109.176, -136.018 108.805, -136.119 108.628, -136.321 108.213, -136.387 108.021, -136.509 107.576, -136.54 107.376, -136.578 106.916, -136.571 106.713, -136.524 106.254, -136.411 105.806, -136.435 105.902, -134.295 104.751, -132.39278818396528 103.33385707702287, -132.229 103.359, -132.03 103.404, -131.837 103.466, -131.408 103.637, -131.23 103.734, -130.84 103.98, -130.682 104.108, -130.344 104.423, -130.055 104.782, -129.938 104.948, -129.72 105.355, -129.635 105.54, -129.569 105.732, -129.447 106.177, -129.39 106.635, -129.378 106.838, -129.379 106.866, -128.677 106.391, -131.302656310782 102.25078940144454, -130.631 101.576, -129.188 99.621, -128.047 97.475, -127.233 95.185, -126.764 92.8, -126.649 90.372, -126.892 87.954, -127.487 85.597, -128.422 83.354, -129.675 81.271, -131.22 79.395, -133.024 77.766, -135.047 76.419, -137.246 75.384, -139.573 74.682, -141.978 74.329, -144.408 74.332, -146.812 74.693, -149.137 75.401, -151.332 76.443, -153.351 77.796, -155.15 79.431, -156.69 81.311, -157.937 83.397, -158.865 85.644, -159.453 88.002, -159.689 90.421, -159.567 92.849, -159.36874921119377 93.8415034237926, -159.49 93.999, -159.632 94.145, -159.976 94.452, -160.143 94.569, -160.537 94.808, -160.962 94.988, -161.154 95.055, -161.351 95.104, -161.806 95.184, -162.267 95.198, -162.47 95.191, -162.926 95.121, -163.124 95.076, -163.318 95.014, -163.746 94.843, -163.75407265811725 94.83862543107612, -163.966 93.896, -164.193 90.799, -164.0232101701534 88.52337526751053, -163.816 88.398, -163.392 88.218, -163.2 88.152, -163.002 88.103, -162.766 88.061, -162.688 86.106, -159.402 78.995, -157.569 77.304, -158.2565387013806 76.22077129877873, -156.445 74.508, -153.899 72.73, -145.1431030738672 67.53358488450597, -144.017 69.86, -141.688 68.942, -138.817 66.428, -139.66 66.17, -126.35800772952196 57.386978689971194, -126.358 57.387, -123.797 55.696, -116.787 51.067, -110.846 47.305, -108.254 45.663, -105.474900202748 43.90296149956546, -104.987 43.594, -104.76757215067788 43.455001838198925, -97.081 38.587, -91.403 36.904, -89.962 37.345, -88.277 36.845, -89.68721665842259 34.62169850563182, -78.838 28.183, -78.879 28.17, -78.92 28.158, -78.96 28.145, -79.001 28.133, -73.27553347068722 24.352331410941943, -63.793 18.092, -74.307 24.331, -90.223 33.777, -108.8 44.802, -154.409 71.87, -156.719 73.448, -157.053 73.713, -158.827 75.322, -159.307 75.822, -159.36239637058233 75.8836045845269, -159.399 75.922, -159.4214354029653 75.94926006019418, -159.771 76.338, -159.7667225408046 76.36880002461278, -160.901 77.747, -161.398 78.45, -162.602 80.447, -163.006 81.242, -163.896 83.364, -164.19 84.239, -164.755 86.438, -164.924 87.377, -165.16 89.603, -165.192 90.588, -165.1848019121418 90.70203473178329, -165.192 91.021, -165.133 92.437, -164.99107998164857 93.77104817250337, -164.989 93.804, -164.983 93.847, -164.691 95.487), (2.895 135.719, 2.18981517256248 135.83528047686468, 0.1191377849263157 120.49607578537318, 0.2309376862121834 120.51798778693183, 1.373 127.456, 2.895 135.719), (11.756147326870144 -12.268153687813303, 11.755789082709923 -12.268487992029645, 13.283 -11.585, 11.756147326870144 -12.268153687813303), (26.310617017536586 7.416685239024896, 26.310617017536586 7.416685239024894, 26.576 8.135, 26.310617017536586 7.416685239024896), (112.5819580128391 75.8500867847074, 112.27092196962121 76.49297788340677, 98.54166156168486 69.34483052851711, 98.62374415778089 69.26624494243227, 104.953 72.332, 112.5819580128391 75.8500867847074), (166.70381524453788 90.74688187056309, 166.71199120234607 90.73956011730202, 166.711 90.742, 166.70381524453788 90.74688187056309), (-27.788252483177622 -3.27629103549001, -27.788252483177622 -3.276291035490009, -31.177 -1.265, -27.788252483177622 -3.27629103549001), (-21.135831779352902 -6.061782861954159, -21.135831779352902 -6.06178286195416, -17.845 -1.814, -21.135831779352902 -6.061782861954159), (-163.99770668028955 94.69995243581661, -163.99770668028958 94.6999524358166, -163.966 93.896, -163.99770668028955 94.69995243581661), (-163.92198715359035 87.5258671068299, -163.92198715359035 87.52586710682989, -163.392 88.218, -163.92198715359035 87.5258671068299), (-123.79713857417275 55.695781658974816, -124.18002308450386 55.09249899198957, -110.86964829351568 47.193110346795656, -110.84608777318542 47.30458470951529, -116.787 51.067, -123.79713857417275 55.695781658974816), (-165.0054290922755 93.54372433124118, -165.0054290922755 93.54372433124126, -165.192 91.021, -165.0054290922755 93.54372433124118), (174.59564135728178 74.40433036566898, 174.59564671266233 74.4008043831169, 174.5975895107277 74.39821398569643, 174.59750329234433 74.40137913526372, 174.59564135728178 74.40433036566898), (174.3652511415525 76.98570319634706, 174.3673797071977 76.97173877576358, 174.37870065205774 76.98491876592908, 174.3743212392988 77.01109947003668, 174.3652511415525 76.98570319634706), (170.81039638121104 61.44112955145524, 170.887 61.551, 170.81039638121078 61.4411295514549, 170.81039638121104 61.44112955145524), (166.671 90.762, 166.723238529684 90.71187438847015, 166.723238529684 90.71187438847016, 166.671 90.762), (166.69747185764862 90.75119205117927, 166.6974718576486 90.75119205117929, 166.71359076581578 90.73562273029964, 166.69747185764862 90.75119205117927), (161.95824270624595 57.16934942091496, 161.95824270624598 57.16934942091498, 161.95824270624598 57.169349420915005, 161.95824270624595 57.16934942091498, 161.95824270624595 57.16934942091496), (160.80355658056584 55.52675799507995, 160.80355658056584 55.526757995079954, 160.8035565805658 55.526757995079954, 160.80355658056584 55.52675799507995), (160.3343272001002 57.69642374980862, 160.3347623120085 57.69620435535345, 160.3347623120085 57.69620435535346, 160.3343272001002 57.69642374980862), (159.94569736842107 56.1103640350877, 159.94569736842107 56.110364035087684, 159.94606632433207 56.10969444843437, 159.94606632433207 56.10969444843439, 159.94569736842107 56.1103640350877), (159.9438434893362 56.13982011388044, 159.9438434893362 56.139820113880425, 159.9443543864938 56.1391551100392, 159.9443543864938 56.13915511003921, 159.9438434893362 56.13982011388044), (159.9401442607967 56.201625790235354, 159.94072740430428 56.20157168413672, 159.9401442607967 56.20162579023536, 159.9401442607967 56.201625790235354), (159.408 70.235, 159.34 70.35, 159.227 70.542, 159.12717708333264 70.7092708333345, 159.51017846142398 70.06071313346605, 159.51022118891828 70.06169422246968, 159.486 70.103, 159.408 70.235), (159.23056329235357 69.25898987558482, 159.281 69.349, 159.39 69.543, 159.4957678622912 69.72982360722462, 159.49581370110351 69.73087613687657, 159.2293806966576 69.25862716074235, 159.23056329235357 69.25898987558482), (159.45884077528612 69.45051693825198, 159.45884077528612 69.45051693825201, 159.39 69.543, 159.45884077528612 69.45051693825198), (158.68349245198175 70.90288088049506, 159.011 70.906, 158.789 70.904, 158.6836425130083 70.90299659536198, 158.68349245198175 70.90288088049506), (157.661 69.26, 157.71349492103022 69.17075863424863, 157.71393888705649 69.17065092902354, 157.53771855242542 69.4685472089951, 157.5376728423401 69.46846504604247, 157.548 69.451, 157.661 69.26), (157.1735499580181 80.40290176322439, 157.088 80.452, 156.89835126234735 80.55800878155969, 157.1735499580181 80.40290176322439), (156.96813715090553 78.70808937816378, 156.985 78.718, 157.0060196078427 78.7304803921566, 156.9681199077788 78.70809897974462, 156.96813715090553 78.70808937816378), (156.705319177955 80.66680519492994, 156.77550000002753 80.62724999998447, 156.70534770695622 80.66680395246087, 156.705319177955 80.66680519492994), (156.334 80.657, 156.2749538461536 80.62192747252733, 156.37528686653397 80.68117846142398, 156.37503559690268 80.68118940449, 156.334 80.657), (156.087 80.511, 156.06598039215623 80.49851960784277, 156.1108687500012 80.5250281250007, 156.087 80.511), (155.532 79.96, 155.5331382636656 79.87994212218642, 155.53 80.182, 155.532 79.96), (149.3429024390196 67.19346341463132, 149.371 67.21, 149.557 67.32, 149.736 67.426, 149.3429024390196 67.19346341463132), (149.05114583333292 67.02087499999976, 149.065 67.029, 149.07925000000066 67.03750000000038, 149.05114583333292 67.02087499999976), (148.21316616314456 67.13606042295928, 148.372 67.046, 148.5598410262989 66.94065000641437, 148.55987581749486 66.94064852035827, 148.21316616314456 67.13606042295928), (148.01650520833655 68.73273697916859, 148.2980503221289 68.89900154837996, 148.2979038826443 68.89908301771764, 148.281 68.889, 148.089 68.776, 148.01650520833655 68.73273697916859), (147.5528660327814 78.43615379911512, 147.55275177873062 78.43618151690775, 147.62153658536417 78.31990243902725, 147.605 78.348, 147.5528660327814 78.43615379911512), (146.255 76.701, 146.477 76.703, 146.58235748699173 76.70400340463802, 146.58288029084417 76.7044065484763, 146.255 76.701), (146.02246341463302 77.09409756097752, 146.039 77.066, 146.06366666666676 77.02444444444427, 146.02246341463302 77.09409756097752), (146.03543670764645 78.34801012441518, 146.0011847389563 78.28688353413737, 146.03575219992 78.34810688929493, 146.03543670764645 78.34801012441518), (145.86649999999926 77.35775000000125, 145.8498750000004 77.38585416666601, 145.858 77.372, 145.86649999999926 77.35775000000125), (145.7696492256918 77.877140695608, 145.76963370373562 77.87677729922187, 145.793442890442 77.91894638694478, 145.7696492256918 77.877140695608), (142.9116966369252 58.6027330130405, 142.9116966369252 58.602733013040506, 142.91161201491622 58.602959800024585, 142.91161201491622 58.60295980002458, 142.9116966369252 58.6027330130405), (142.81531224827273 58.85080862685888, 142.81626542115012 58.85166166095148, 142.81626542115012 58.851661660951486, 142.81531224827273 58.85080862685888), (142.28508366827242 58.59496819202234, 142.28508366827245 58.59496819202229, 142.28508366827245 58.594968192022314, 142.28508366827242 58.594968192022364, 142.28508366827242 58.59496819202234), (135.391 87.509, 137.21394896486822 89.47957928372331, 133.89212506548068 87.75006975340001, 134.69436120773273 86.48362301008444, 135.391 87.509), (134.68449477425483 74.77217462551756, 134.68472673340747 74.7731159930787, 134.68472673340747 74.77311599307875, 134.68449477425483 74.77217462551761, 134.68449477425483 74.77217462551756), (134.65283124102032 75.33480277103892, 134.65234421824454 75.33383509642482, 134.65234421824454 75.3338350964248, 134.65283124102032 75.33480277103892), (134.6459093805876 75.44624976034113, 134.6459093805876 75.44624976034112, 134.64655217137138 75.44667161413693, 134.6459093805876 75.44624976034113), (134.6333770112409 74.58184042318712, 134.63337701124092 74.58184042318715, 134.6333770112409 74.58184042318713, 134.6333770112409 74.58184042318712), (134.61736634663978 74.04518645780702, 134.61736634663987 74.04518645780709, 134.62764192139755 74.05447161572067, 134.62764192139744 74.05447161572057, 134.61736634663978 74.04518645780702), (134.5514935356942 74.467593029792, 134.55149353569422 74.46759302979203, 134.5514935356942 74.46759302979201, 134.55149353569416 74.46759302979198, 134.5514935356942 74.467593029792), (134.13910070976925 74.31406202071886, 134.13892766443703 74.31371819372886, 134.13892766443706 74.31371819372887, 134.13910070976925 74.31406202071886), (133.65514814814816 76.31692592592593, 133.65471362322975 76.31693368529947, 133.65471362322978 76.31693368529946, 133.65514814814816 76.31692592592593), (133.3689629551115 76.20127791615876, 133.37023632673404 76.2016454208802, 133.37023632673407 76.20164542088021, 133.36896295511153 76.20127791615877, 133.3689629551115 76.20127791615876), (133.23311114137834 74.12302438027787, 133.23311114137834 74.12302438027785, 133.23311114137837 74.12302438027784, 133.23311114137837 74.12302438027785, 133.23311114137834 74.12302438027787), (132.6316602258469 75.64689585947298, 132.63182205388406 75.64728778675048, 132.63182205388406 75.6472877867505, 132.6316602258469 75.64689585947299, 132.6316602258469 75.64689585947298), (111.84177651993015 77.37999337781505, 97.79206903128112 70.06248775585038, 97.79206903128113 70.06248775585038, 111.84177651993015 77.37999337781504, 111.84177651993015 77.37999337781505), (48.362564238329995 174.59338933375065, 48.34366883301808 174.63620217900888, 48.343668833018135 174.63620217900873, 48.36256423833001 174.5933893337506, 48.362564238329995 174.59338933375065), (48.22871803521835 174.9974334385133, 48.182 175.126, 48.228718035218385 174.99743343851318, 48.22871803521835 174.9974334385133), (39.701 180.575, 39.91 180.587, 40.114 180.631, 40.31 180.705, 40.493 180.807, 40.658 180.935, 40.803 181.086, 40.923 181.257, 41.017 181.445, 41.081 181.644, 41.115 181.85, 41.118 182.059, 41.09 182.267, 41.031 182.467, 40.943 182.657, 40.828 182.832, 40.688 182.987, 40.526 183.12, 40.346 183.227, 40.153 183.306, 39.949 183.356, 39.741 183.374, 39.532 183.362, 39.327 183.318, 39.131 183.244, 38.949 183.142, 38.783 183.014, 38.639 182.863, 38.519 182.692, 38.425 182.505, 38.361 182.305, 38.326 182.099, 38.323 181.89, 38.352 181.682, 38.411 181.482, 38.499 181.292, 38.614 181.117, 38.754 180.962, 38.916 180.829, 39.096 180.722, 39.289 180.643, 39.493 180.593, 39.701 180.575), (39.82073342371678 185.56318202551853, 39.81763435853104 185.5652431847122, 39.814172640855546 185.56541877908703, 39.817510458260436 185.5630733862335, 39.82073342371678 185.56318202551853), (38.37724397413087 186.4915954532847, 38.39154093898842 186.45527158563226, 38.39154093898843 186.45527158563226, 38.37724397413088 186.4915954532847, 38.37724397413087 186.4915954532847), (37.58155987677108 186.8742305798272, 37.55816254184274 186.8854820830818, 37.57347181628392 186.86361169102298, 37.58578274749052 186.85746667612528, 37.58155987677108 186.8742305798272), (35.12833068888233 148.7468348671434, 35.12861258485698 148.74678263693934, 35.128612584857 148.74678263693934, 35.12833068888235 148.7468348671434, 35.12833068888233 148.7468348671434), (35.01004516606792 187.97238267532452, 35.01354858072108 187.98267395586817, 35.01354858072107 187.98267395586817, 35.01004516606792 187.97238267532452), (34.374098947368516 164.1105915789472, 34.48957917570447 163.92665075921994, 34.446 163.997, 34.374098947368516 164.1105915789472), (34.327352108172306 164.1850515280252, 34.32735210817231 164.1850515280252, 34.38474313765689 164.19345021526686, 34.327352108172306 164.1850515280252), (34.32713389396409 164.18539910700835, 34.34733325533005 164.2456087418492, 34.34733325533004 164.2456087418492, 34.32713389396409 164.18539910700835), (34.102 164.544, 33.88 164.536, 33.83310679612434 164.5342135922333, 34.102 164.544), (34.241545454545246 164.3217272727276, 34.212 164.369, 34.102 164.544, 34.241545454545246 164.3217272727276), (34.109527887248674 164.5582609044152, 34.10952788724867 164.5582609044152, 34.102 164.544, 34.109527887248674 164.5582609044152), (34.21072421281216 150.6295148751357, 34.21072421281217 150.6295148751357, 34.21056007393715 150.6309223659889, 34.21072421281216 150.6295148751357), (32.851349660520484 162.77481764171165, 32.68535202492194 163.0392242990657, 32.796 162.862, 32.85069896646252 162.7749572968466, 32.851349660520484 162.77481764171165), (30.021 173.449, 29.997 173.241, 30.004 173.032, 30.042 172.826, 30.11 172.628, 30.207 172.443, 30.331 172.274, 30.478 172.126, 30.646 172.001, 30.831 171.902, 31.028 171.832, 31.233 171.793, 31.443 171.784, 31.651 171.807, 31.853 171.86, 32.045 171.943, 32.223 172.054, 32.382 172.19, 32.519 172.348, 32.631 172.524, 32.715 172.716, 32.77 172.918, 32.794 173.126, 32.787 173.335, 32.749 173.54, 32.681 173.738, 32.584 173.924, 32.46 174.092, 32.313 174.241, 32.145 174.366, 31.96 174.464, 31.763 174.534, 31.557 174.574, 31.348 174.582, 31.14 174.56, 30.938 174.506, 30.746 174.423, 30.568 174.313, 30.409 174.177, 30.272 174.019, 30.16 173.842, 30.076 173.651, 30.021 173.449), (32.66745773342524 163.0677269327526, 32.66743000800824 163.06767379018416, 32.67376119402978 163.05768656716427, 32.66745773342524 163.0677269327526), (31.455399890233863 188.90239940238436, 31.45676428138745 188.90982775422054, 31.456764281387446 188.90982775422054, 31.455399890233863 188.90239940238436), (23.74 159.967, 23.949 159.958, 24.157 159.981, 24.36 160.034, 24.552 160.117, 24.729 160.228, 24.888 160.364, 25.025 160.522, 25.137 160.699, 25.222 160.89, 25.277 161.092, 25.301 161.3, 25.294 161.509, 25.256 161.715, 25.187 161.912, 25.09 162.098, 24.967 162.267, 24.819 162.415, 24.651 162.54, 24.467 162.638, 24.27 162.708, 24.064 162.748, 23.855 162.757, 23.647 162.734, 23.445 162.681, 23.253 162.598, 23.075 162.487, 22.916 162.351, 22.779 162.193, 22.667 162.016, 22.582 161.825, 22.528 161.623, 22.503 161.415, 22.51 161.206, 22.548 161, 22.617 160.802, 22.714 160.617, 22.838 160.448, 22.985 160.3, 23.153 160.175, 23.337 160.076, 23.535 160.006, 23.74 159.967), (24.638 43.318, 24.675 43.403, 24.711 43.489, 24.598 43.233, 24.638 43.318), (24.746 43.575, 24.78 43.662, 24.812 43.749, 24.711 43.489, 24.746 43.575), (24.871 43.925, 24.925 44.104, 24.812 43.749, 24.871 43.925), (24.728315378610457 41.57329586260733, 24.728315378610482 41.57329586260736, 24.902 41.8, 24.728315378610457 41.57329586260733), (24.237 42.583, 24.287 42.662, 24.335 42.741, 24.186 42.505, 24.237 42.583), (24.429 42.902, 24.516 43.066, 24.335 42.741, 24.429 42.902), (24.08 42.352, 23.853 42.057, 23.969 42.203, 24.08 42.352), (23.607 41.778, 23.732 41.916, 23.853 42.057, 23.607 41.778), (23.997 40.813, 24.013168565899804 40.79521457751021, 24.013168565899807 40.79521457751021, 23.997 40.813), (23.477 41.644, 23.274 41.453, 23.343 41.515, 23.411 41.579, 23.477 41.644), (23.039 4.477, 23.157 4.571, 23.26 4.682, 23.344 4.807, 23.41 4.943, 23.454 5.087, 23.476 5.237, 23.476 5.388, 23.453 5.537, 23.409 5.681, 23.343 5.817, 23.258 5.942, 23.155 6.052, 23.037 6.146, 22.906 6.222, 22.765 6.276, 22.618 6.31, 22.467 6.321, 22.317 6.309, 22.17 6.275, 22.029 6.22, 22.034 6.211, 18.17443629967928 4.344805926464693, 17.693641532987552 1.8906633995119386, 22.904 4.41, 22.909 4.401, 23.039 4.477), (20.344 170.865, 20.382 170.66, 20.451 170.462, 20.548 170.277, 20.671 170.108, 20.819 169.959, 20.987 169.834, 21.171 169.736, 21.368 169.666, 21.574 169.626, 21.783 169.618, 21.991 169.64, 22.193 169.694, 22.385 169.777, 22.563 169.887, 22.722 170.023, 22.859 170.181, 22.971 170.358, 23.056 170.55, 23.11 170.751, 23.135 170.959, 23.128 171.168, 23.09 171.374, 23.021 171.572, 22.924 171.757, 22.801 171.926, 22.653 172.075, 22.485 172.2, 22.301 172.298, 22.103 172.368, 21.898 172.408, 21.689 172.416, 21.481 172.394, 21.279 172.34, 21.086 172.257, 20.909 172.147, 20.75 172.011, 20.613 171.853, 20.501 171.676, 20.416 171.484, 20.361 171.282, 20.337 171.075, 20.344 170.865), (23.134 41.33, 22.842 41.1, 22.99 41.213, 23.134 41.33), (22.69 40.992, 22.376 40.792, 22.535 40.89, 22.69 40.992), (19.728 184.394, 19.844 184.22, 19.984 184.065, 20.146 183.932, 20.325 183.825, 20.519 183.745, 20.722 183.696, 20.931 183.677, 21.14 183.69, 21.344 183.734, 21.54 183.807, 21.723 183.909, 21.888 184.037, 22.033 184.189, 22.153 184.36, 22.246 184.547, 22.311 184.746, 22.345 184.953, 22.348 185.162, 22.32 185.369, 22.261 185.57, 22.173 185.76, 22.057 185.934, 21.917 186.09, 21.756 186.223, 21.576 186.33, 21.382 186.409, 21.179 186.458, 20.97 186.477, 20.762 186.464, 20.557 186.421, 20.361 186.347, 20.178 186.245, 20.013 186.117, 19.869 185.966, 19.748 185.794, 19.655 185.607, 19.59 185.408, 19.556 185.202, 19.553 184.992, 19.581 184.785, 19.64 184.584, 19.728 184.394), (22.214 40.7, 21.882 40.532, 22.05 40.613, 22.214 40.7), (21.265 40.266, 21.54 40.384, 21.569 40.396, 21.597 40.408, 21.626 40.42, 21.712 40.456, 21.798 40.493, 21.882 40.532, 21.265 40.266), (9.527 14.079, 9.975 13.753, 10.419 13.42, 10.851 13.074, 11.094205951325014 12.866909940340944, 11.148 12.946, 11.351 13.165, 11.585 13.352, 11.843 13.502, 17.245 16.114, 17.523 16.224, 17.814 16.291, 18.112 16.313, 18.411 16.292, 18.702 16.226, 18.981 16.117, 19.24 15.968, 19.290280423280425 15.928033509700175, 19.282 16.368, 19.155 17.154, 18.918 17.915, 18.575 18.635, 18.135 19.3, 17.606 19.895, 16.80490193253571 20.776207874210723, 10.586 17.538, 9.938367593540367 17.200983797299557, 9.604 15.177, 9.533 14.887, 9.42 14.61, 9.267 14.353, 9.215183606542855 14.290002174270523, 9.527 14.079), (18.551 13.413, 18.555 13.404, 18.686 13.48, 18.804 13.574, 18.906 13.685, 18.991 13.81, 19.022785342071074 13.875497068510095, 19.123 14.386992296581617, 19.123 14.391, 19.1 14.54, 19.055 14.684, 18.99 14.82, 18.904 14.945, 18.802 15.055, 18.683 15.149, 18.553 15.224, 18.412 15.279, 18.265 15.313, 18.114 15.324, 17.964 15.312, 17.816 15.278, 17.676 15.223, 17.68 15.214, 12.279 12.602, 12.274 12.611, 12.144 12.535, 12.026 12.441, 11.923 12.33, 11.838 12.205, 11.831758525221149 12.191940914308868, 12.076 11.951, 12.459 11.551, 12.829 11.138, 13.13694002252794 10.785345398858416, 13.154 10.792, 13.149 10.801, 18.551 13.413), (15.731 6.444, 15.923 5.924, 16.108 5.402, 16.276 4.874, 16.360684201378017 4.578159995185962, 17.289182514411248 5.027194913468279, 18.731747251295786 12.390039774187112, 13.747470834907837 9.979573193997272, 13.856 9.832, 14.169 9.375, 14.62 8.676, 15.017 7.945, 15.269 7.452, 15.503 6.95, 15.731 6.444), (13.977 152.589, 13.991 152.35, 14.041 152.116, 14.125 151.892, 14.242 151.684, 14.388 151.495, 14.561 151.329, 14.757 151.192, 14.971 151.085, 15.199 151.011, 15.434 150.972, 15.674 150.969, 15.911 151.001, 16.14 151.069, 16.357 151.169, 16.556 151.301, 16.734 151.461, 16.886 151.646, 17.008 151.851, 17.099 152.073, 17.155 152.305, 17.177 152.543, 17.162 152.782, 17.112 153.016, 17.028 153.24, 16.911 153.448, 16.765 153.638, 16.592 153.803, 16.396 153.94, 16.182 154.047, 15.955 154.121, 15.719 154.16, 15.48 154.163, 15.243 154.131, 15.013 154.064, 14.796 153.963, 14.597 153.831, 14.419 153.671, 14.268 153.486, 14.145 153.281, 14.055 153.059, 13.998 152.827, 13.977 152.589), (15.724236710136022 178.65426880641388, 15.724236710135127 178.65426880641473, 15.724236710133122 178.65426880641664, 15.724236710134017 178.65426880641579, 15.724236710136022 178.65426880641388), (15.688579034941764 -3.138795341098168, 15.687577608142494 -3.143480916030534, 15.686 -3.152, 15.688579034941764 -3.138795341098168), (15.612450926561435 -3.4949910775565916, 15.60243822597678 -3.5418394931361683, 15.611078740157494 -3.503999999999936, 15.621661417322839 -3.4559999999999786, 15.612450926561435 -3.4949910775565916), (15.351302107728323 -4.508348946135879, 15.390928311057127 -4.372642770352303, 15.4185607476635 -4.273560747663736, 15.437708201892727 -4.203630914826558, 15.389268260292148 -4.371333333333394, 15.336466135458167 -4.5580000000000025, 15.351302107728323 -4.508348946135879), (15.29168831693842 4.7042209270987705, 15.328 4.59, 15.251 4.839, 15.17 5.087, 15.283422438027088 4.730221824686945, 15.289 4.716, 15.29168831693842 4.7042209270987705), (15.214531914893634 -4.950531914893565, 15.22072363636365 -4.931574545454507, 15.152222672064816 -5.132999999999886, 15.08949662618083 -5.319666666666689, 15.113621118012324 -5.250378881987863, 15.148479951397357 -5.149493317132352, 15.214531914893634 -4.950531914893565), (14.903 5.823, 15.085 5.334, 14.996 5.579, 14.903 5.823), (15.079360000000005 -5.348779999999991, 15.0733321299639 -5.36497576070139, 15.069100075815014 -5.377420015162995, 15.076758162031446 -5.356252720677127, 15.079360000000005 -5.348779999999991), (14.925998716302965 -5.760833119383792, 14.966 -5.657, 15.031194029850742 -5.48219402985076, 15.040084696823861 -5.457619826756518, 14.972409338993325 -5.636136446331124, 14.925998716302965 -5.760833119383792), (14.646120290080571 24.468459312276334, 14.640419758111408 24.446915048261427, 14.768 24.105, 14.888153268419398 23.83624596035786, 14.90053733049825 23.833566878684298, 14.646120290080571 24.468459312276334), (14.675199054992971 24.57835793084198, 14.827 24.34, 14.67524553574805 24.578533597545448, 14.675199054992971 24.57835793084198), (14.806 6.065, 14.705 6.306, 14.6 6.545, 14.806 6.065), (14.57706003430532 -6.595530017152653, 14.58603658536586 -6.576012195121939, 14.62547093023253 -6.487470930232625, 14.688614886731413 -6.343743257820877, 14.6940066181337 -6.331003970880178, 14.633073756432264 -6.466536878216086, 14.57706003430532 -6.595530017152653), (14.56100683550777 24.75809845108405, 14.479714610276128 24.885876747640683, 14.480043067615503 24.884791974059326, 14.5606849178851 24.75816809455291, 14.56100683550777 24.75809845108405), (14.493 24.842, 14.521083815802207 24.766735373650086, 14.527116732261176 24.765430216057105, 14.482385136927746 24.877056981988627, 14.493 24.842), (13.891 7.94, 14.143 7.483, 14.019 7.712, 13.891 7.94), (14.379 7.017, 14.263 7.251, 14.143 7.483, 14.379 7.017), (14.191575342465786 -7.388287671232816, 14.247941176470583 -7.279313725490205, 14.300824034334711 -7.174000000000103, 14.331480407944152 -7.112422973698382, 14.272541998773743 -7.226847332924617, 14.16675519421863 -7.435283197831937, 14.191575342465786 -7.388287671232816), (13.963505617977528 -7.810505617977528, 13.971680387409203 -7.795944309927358, 13.88883433476391 -7.9394171673820395, 13.78356410256407 -8.12353846153852, 13.847826666666597 -8.01400000000012, 13.849362359550584 -8.011362359550525, 13.963505617977528 -7.810505617977528), (13.76 8.165, 13.625 8.389, 13.486 8.61, 13.76 8.165), (13.489452830188709 -8.601075471698067, 13.388845832712077 -8.758251528254087, 13.41491248860528 -8.719528714676402, 13.4274347826087 -8.70030434782608, 13.489452830188709 -8.601075471698067), (13.344 8.828, 13.222848017929685 9.008068356912728, 13.234168745875632 8.98846532382238, 13.344 8.828), (13.201463092633908 9.036248837541645, 13.21699008450927 9.016775011380057, 13.198 9.045, 13.049 9.259, 13.201463092633908 9.036248837541645), (13.146632330929366 -9.118067083957019, 13.021460487804882 -9.294219512195117, 13.088038740920085 -9.202598062954012, 13.130706482155862 -9.141725418790971, 13.146632330929366 -9.118067083957019), (12.896 9.47, 12.74 9.68, 12.722591976335737 9.70241283046774, 12.719622181484876 9.702193583868011, 12.896 9.47), (12.505942614071362 -9.977921615270972, 12.601880492091519 -9.85477328646732, 12.505645915620343 -9.977307995638691, 12.505942614071362 -9.977921615270972), (10.72271162847803 11.872884781841343, 10.72290203450143 11.87416136768005, 10.615 11.972, 10.418 12.144, 10.72271162847803 11.872884781841343), (7.721 171.478, 7.569 171.293, 7.447 171.088, 7.356 170.866, 7.3 170.634, 7.279 170.396, 7.293 170.157, 7.343 169.923, 7.427 169.699, 7.544 169.49, 7.69 169.301, 7.863 169.136, 8.059 168.999, 8.273 168.892, 8.5 168.818, 8.736 168.779, 8.975 168.776, 9.212 168.808, 9.442 168.875, 9.659 168.976, 9.858 169.108, 10.036 169.268, 10.188 169.453, 10.31 169.658, 10.401 169.88, 10.457 170.112, 10.478 170.35, 10.464 170.589, 10.414 170.823, 10.33 171.047, 10.213 171.255, 10.067 171.444, 9.894 171.61, 9.698 171.747, 9.484 171.854, 9.257 171.928, 9.021 171.967, 8.782 171.97, 8.545 171.938, 8.315 171.87, 8.098 171.77, 7.899 171.638, 7.721 171.478), (9.977763359738471 12.507364390795919, 9.993101455277555 12.493137497842953, 10.218 12.312, 10.016 12.477, 9.977763359738471 12.507364390795919), (-9.992876454656388 -0.0947685943034119, -9.890084524421594 -1.4622683804627226, -9.883730499477279 -1.5087497944642378, -9.631824912236711 -2.61500987337011, -9.213936289120717 -3.819448025335314, -9.024371491522174 -4.302386914455412, -8.996641922227 -4.362108760211578, -8.703358655026785 -4.869473128870778, -8.0406892753182 -5.9108863986606055, -7.360940068231581 -6.7644060797392935, -7.306746726464582 -6.824482961598526, -6.261527981405326 -7.793408367602362, -6.214881999909753 -7.831716077794322, -5.027329659872984 -8.641367146872023, -4.979645906263374 -8.669806835066867, -3.69541393950114 -9.288564479037683, -3.6579668584488885 -9.30481746532158, -3.6318101023782177 -9.31552910010755, -3.6071995661604377 -9.323112178493982, -2.0215343881531087 -9.77969880341127, -1.1237415218586289 -9.915157402317677, 0.0792545454545535 -9.972, 0.712285714285706 -9.972, 0.770475652003404 -9.968458003791095, 2.1974718501052393 -9.75315343533595, 2.2429626250854073 -9.743465297592731, 3.6178201407340467 -9.319839732546932, 3.6759507224280785 -9.297942079542818, 4.969392000883878 -8.674747283909698, 5.0191888985701425 -8.64691736631898, 6.209681239562077 -7.835261859343102, 6.226488443758144 -7.8222557781213355, 6.250289264212697 -7.803826740474362, 7.2211046134805486 -6.9038738254596375, 8.285392862235518 -5.592531599287756, 8.724951166563832 -4.832119238591446, 9.220365820693795 -3.8030680282324734, 9.5127997635002 -3.0580577453685374, 9.570858745240626 -2.8827468356601424, 9.881135819302822 -1.5201445043870032, 9.8895779905466 -1.4690070900496919, 9.9911818929839 -0.1173123165534874, 9.992876454656388 0.094768594303412, 9.890084524421594 1.4622683804627226, 9.883730499477279 1.5087497944642378, 9.63182491223671 2.6150098733701106, 9.213936289120719 3.8194480253353134, 9.024371491522174 4.302386914455412, 8.996641922227 4.362108760211578, 8.703358655026781 4.8694731288707835, 8.040689275318202 5.910886398660602, 7.360940068231581 6.7644060797392935, 7.306746726464582 6.824482961598526, 6.261527981405326 7.793408367602362, 6.214881999909753 7.831716077794322, 5.027329659872984 8.641367146872023, 4.979645906263374 8.669806835066867, 3.6954139395011407 9.288564479037683, 3.657966858448918 9.304817465321568, 3.631810102378212 9.315529100107552, 3.6071995661604563 9.323112178493977, 2.0215343881531083 9.77969880341127, 1.123741521858629 9.915157402317677, -0.079254545454555 9.972, -0.7122857142857072 9.972, -0.7704756520034032 9.968458003791095, -2.1974718501052393 9.75315343533595, -2.2429626250854073 9.743465297592731, -3.6178201407340365 9.319839732546935, -3.6759507224280843 9.297942079542816, -4.969392000883878 8.674747283909698, -5.0191888985701425 8.64691736631898, -6.209681239562077 7.835261859343102, -6.226488443758144 7.8222557781213355, -6.250289264212697 7.803826740474362, -7.221104613480547 6.903873825459639, -8.285392862235518 5.592531599287755, -8.724951166563832 4.832119238591446, -9.220365820693795 3.8030680282324734, -9.512799763500201 3.058057745368533, -9.570858745240624 2.8827468356601442, -9.881135819302822 1.520144504387006, -9.8895779905466 1.46900709004969, -9.9911818929839 0.1173123165534874, -9.992876454656388 -0.0947685943034119), (9.812 12.639, 9.959120298176675 12.52050655787248, 9.973907333862845 12.51042652899127, 9.812 12.639), (8.967 13.251, 9.394 12.952, 9.182 13.103, 8.967 13.251), (8.829312626141856 16.62385163101102, 7.863 16.121, 7.010486285467231 17.884403691171787, 6.698070883028515 15.993300232647039, 8.393900076129958 14.845754258657031, 8.457 14.922, 8.534 15.052, 8.591 15.192, 8.627 15.338, 8.617 15.34, 8.829312626141856 16.62385163101102), (5.450817126338879 159.99219490834588, 6.94843422583348 159.91781548766787, 6.512 161.078, 5.951824554380739 163.703567590821, 5.450817126338879 159.99219490834588), (6.25524773301196 19.44659609747784, 5.541016241682132 20.923966404479206, 2.07690070322753 19.120387121188458, 5.7862120377884185 16.61034347671853, 6.25524773301196 19.44659609747784), (4.208295489891138 -15.435961119751164, 4.2527535112359125 -15.423080758426977, 4.146432819777847 -15.451082049444647, 4.083039002343477 -15.468474389019086, 4.141254752851699 -15.45378544269419, 4.208295489891138 -15.435961119751164), (-0.446 16.241, -0.599 15.984, -0.6228528138528138 15.955, 1.196 15.955, 1.8668234343898493 15.85397921208004, 2.844 17.394, 1.068635224414835 18.595437329688416, -0.0641067116292881 18.00567931888164, -0.262 16.808, -0.333 16.517, -0.446 16.241), (-0.2096701818182291 -15.997962909090909, -0.1332752548658398 -15.997688600556069, -0.2440680237052321 -15.997264107188869, -0.2328133755083103 -15.997608224130142, -0.2096701818182291 -15.997962909090909), (-2.254 23.218, -2.244 23.217, -2.4182554883364626 22.162201951991964, -0.5951998223734981 20.928563447391504, -0.271 22.891, -0.261 22.889, -0.247 23.039, -0.256 23.19, -0.288 23.338, -0.341 23.479, -0.415 23.611, -0.507 23.73, -0.616 23.834, -0.74 23.921, -0.875 23.989, -1.018 24.035, -1.167 24.06, -1.318 24.062, -1.468 24.042, -1.613 23.999, -1.75 23.936, -1.876 23.852, -1.988 23.751, -2.084 23.635, -2.161 23.505, -2.218 23.365, -2.254 23.218), (-2.597618036215744 21.07649000572883, -3.18728894868568 17.507111885256418, -0.9696953303284803 18.66167857306278, -0.7745731489673128 19.842786255739785, -2.597618036215744 21.07649000572883), (-2.325 16.128, -2.175 16.126, -2.025 16.146, -1.88 16.188, -1.743 16.252, -1.617 16.335, -1.505 16.436, -1.409 16.553, -1.332 16.683, -1.275 16.823, -1.239 16.969, -1.249 16.971, -1.1734885436550442 17.428083662128977, -3.001017087481481 16.476587505410627, -2.986 16.457, -2.877 16.353, -2.753 16.266, -2.618 16.199, -2.474 16.152, -2.325 16.128), (-1.309759999999938 -15.945480000000005, -1.2191974508454868 -15.951506644458124, -1.2194347997632722 -15.951470901558492, -1.2210556257900116 -15.951333754740844, -1.36058722680278 -15.941156785761025, -1.3422407407407577 -15.94298148148148, -1.309759999999938 -15.945480000000005), (-2.4290783132529556 -15.812243975903623, -2.4015435939418657 -15.816599467867377, -2.411975609756073 -15.814829268292685, -2.4290783132529556 -15.812243975903623), (-7.506545603301551 24.134735574809014, -8.232 18.759, -8.643 15.717, -12.791294159231892 16.40273359652893, -10.218 14.771, -9.978 14.592, -9.768 14.38, -9.591 14.138, -9.546767541149373 14.053381383068366, -9.373 14.17, -8.875 14.488, -8.365 14.788, -7.851 15.079, -4.2232662499274545 16.967741248798973, -4.235 17.162, -4.209 17.46, -3.5089470367967657 21.693210972587483, -6.102 23.448, -6.793 23.847, -7.506545603301551 24.134735574809014), (-5.845 14.894, -3.56 15.599, -3.522388518024033 15.604663996439697, -3.721 15.795, -3.8904399344290135 16.013512702323755, -7.389 14.192, -7.878 13.926, -7.984172650041111 13.863623568100847, -5.845 14.894), (-3.6656120868995496 96.16686885254784, -6.012838305942401 80.63746707197893, -3.6656120868995488 96.16686885254784, -3.6656120868995496 96.16686885254784), (-3.942657721518992 -15.5046102278481, -3.9465024488620264 -15.503560645347155, -3.98420199999994 -15.494024000000016, -3.967629068643179 -15.498459877537885, -3.942657721518992 -15.5046102278481), (-6.606157503714734 -14.570946508172351, -6.561754098360669 -14.590449180327862, -6.6195955946046325 -14.5640247494122, -6.640353747323373 -14.555033404710906, -6.606157503714734 -14.570946508172351), (-7.614675405742742 -14.069826466916398, -7.593695582329293 -14.081391164658648, -7.567884834663659 -14.09495096921321, -7.614675405742742 -14.069826466916398), (-9.286 13.029, -9.2918916445662 13.024660172529362, -9.291 12.998, -9.293825345035547 12.974024929269797, -8.01778506179473 13.843876276195596, -8.358 13.644, -8.827 13.345, -9.286 13.029), (-9.372585365853649 -12.967170731707325, -9.364205128205121 -12.973014844804323, -9.379245303566549 -12.961824666485175, -9.389773584905635 -12.954566037735868, -9.372585365853649 -12.967170731707325), (-9.492621199671248 -12.877470829909669, -9.477043222003894 -12.889163064833031, -9.481838581252214 -12.885493304379333, -9.492621199671248 -12.877470829909669), (-10.295531398991969 -12.24641465740362, -10.264403931006827 -12.2733277176093, -10.253395480225983 -12.282519774011305, -10.152833333333339 -12.363618279569888, -10.295531398991969 -12.24641465740362), (-10.361 13.482, -10.431 13.615, -10.521 13.737, -10.627 13.844, -10.748 13.935, -10.753 13.926, -13.988351002882906 15.978184354305439, -14.282824699580047 13.796306866255483, -11.825 12.237, -11.83 12.229, -11.813770673437592 12.220214199154183, -11.248 12.733, -10.799 13.116, -10.356187307842974 13.467954796358068, -10.361 13.482), (-10.810325459317566 -11.792960629921277, -10.709553941908682 -11.886551867219946, -10.666991869918713 -11.92453033145715, -10.722375896700175 -11.872728837876586, -10.810325459317566 -11.792960629921277), (-11.452203094777506 -11.172646034816305, -11.361160035366826 -11.263228116710982, -11.496947953282703 -11.127071209887724, -11.49498863636366 -11.129159090909067, -11.452203094777506 -11.172646034816305), (-11.52202241054902 11.095198222453382, -11.524812318716943 11.09573912301655, -11.653250179726806 10.96061179007909, -11.52202241054902 11.095198222453382), (-12.154 10.406, -12.208230552423903 10.340465050732806, -11.75033468765872 10.858470797359054, -11.785 10.822, -12.154 10.406), (-11.85413953488381 -10.746441860465021, -11.778396806357295 -10.827154584301676, -11.797693820224737 -10.805287118780077, -11.963343051118176 -10.622126397763617, -11.877417188898727 -10.720495076096812, -11.861 -10.739, -11.85413953488381 -10.746441860465021), (-12.21493616361949 -10.334100402850913, -12.212214439777519 -10.33721625610169, -12.2319708791589 -10.313162343501398, -12.240312511218836 -10.303709567402592, -12.21493616361949 -10.334100402850913), (-12.684404840484037 9.7488184818482, -12.308075411151222 10.219807460890495, -12.509 9.977, -12.684404840484037 9.7488184818482), (-13.987 9.645, -13.529 10.294, -13.282 10.594, -12.906 11.049, -12.514764160029587 11.491136421191053, -14.4300287070774 12.705611453688512, -15.09133716529373 7.805703401380479, -14.889 8.205, -14.624 8.649, -14.314 9.152, -13.987 9.645), (-12.58 -9.886, -12.573835483870965 -9.893587096774196, -12.620275609756156 -9.832936585365776, -12.58 -9.886), (-13.172 9.083, -13.182977632173523 9.066462268413913, -12.762836651475183 9.646787718877418, -12.848 9.536, -13.172 9.083), (-13.227714548991509 -8.999641445684436, -13.23244262295081 -8.99236065573772, -13.251650655021841 -8.964615720524007, -13.23710420225488 -8.986840792620413, -13.236832898172306 -8.987237597911253, -13.225902311456052 -9.002779525898427, -13.227714548991509 -8.999641445684436), (-13.48 8.619, -13.565693896367334 8.479894154526999, -13.230324299936845 8.995122386982272, -13.230269065650479 8.99521803096811, -13.48 8.619), (-13.772 8.145, -13.986793577981626 7.7669633027523375, -13.669157578036849 8.311942835652514, -13.772 8.145), (-13.822536585365881 -8.057335365853612, -13.76591208791214 -8.15092307692299, -13.84050142993326 -8.026236415633955, -13.834699186991854 -8.036603658536615, -13.822536585365881 -8.057335365853612), (-14.305 7.168, -14.348442913654338 7.077131905606341, -14.0201412005457 7.708271487039568, -14.047 7.661, -14.305 7.168), (-14.066687150837957 -7.62038175046561, -14.160940365111557 -7.444135902636927, -14.103506605554061 -7.556063898624958, -14.09810923276982 -7.565951885565688, -14.054767045454533 -7.643394176136387, -14.066687150837957 -7.62038175046561), (-14.298421221864968 -7.1762106109324435, -14.274747052111078 -7.222347280334712, -14.30071761960327 -7.168572928821465, -14.331152249134954 -7.1098171856978, -14.298421221864968 -7.1762106109324435), (-14.545 6.666, -14.639232424318235 6.450490868151119, -14.4306312849162 6.904692737430168, -14.429477779861243 6.907633977123567, -14.545 6.666), (-14.541815203145486 -6.669359108781112, -14.539226890756327 -6.675126050420116, -14.442451698614548 -6.880518124881359, -14.487534638554203 -6.781751807228945, -14.541815203145486 -6.669359108781112), (-14.644754923413563 -6.440002188183816, -14.604638926174486 -6.52938344519018, -14.629905549139965 -6.46984999696106, -14.6629955118411 -6.397357524828114, -14.644754923413563 -6.440002188183816), (-14.73357784697509 6.23472330960854, -14.768 6.156, -14.950296610109454 5.698488604725303, -14.9491439639939 5.696919182613163, -14.73357784697509 6.23472330960854), (-14.836388349514579 -5.983333333333295, -14.760837606837617 -6.168612535612512, -14.754663747321349 -6.183046398956481, -14.802131618306927 -6.06404935686505, -14.836388349514579 -5.983333333333295), (-14.958839492135676 -5.671724275156361, -14.915054731592052 -5.7842207638798255, -14.93121605756483 -5.74044802120817, -14.961495889420886 -5.664539615141435, -14.958839492135676 -5.671724275156361), (-17.333 16.038, -17.283 15.895, -17.213 15.762, -17.124 15.64, -17.018 15.533, -16.897 15.442, -16.891 15.451, -15.21215104300262 14.38589527284059, -14.917660969847018 16.56764601481909, -15.82 17.14, -15.815 17.148, -15.948 17.22, -16.09 17.27, -16.238 17.299, -16.389 17.305, -16.539 17.289, -16.685 17.25, -16.824 17.191, -16.952 17.111, -17.067 17.013, -17.166 16.899, -17.247 16.771, -17.308 16.633, -17.348 16.487, -17.365 16.337, -17.36 16.187, -17.333 16.038), (-15.097044260700374 -5.291304474708212, -15.058009178905206 -5.403503671562086, -15.039667529976027 -5.453111654676236, -15.070328208695656 -5.363664556521729, -15.097044260700374 -5.291304474708212), (-15.205227973568268 -4.970118392070527, -15.223501840942534 -4.9168076215022944, -15.190459302325586 -5.017264534883705, -15.205227973568268 -4.970118392070527), (-15.311261173184345 -4.631627793296132, -15.340666666666667 -4.537756410256411, -15.321641638225277 -4.602880546075017, -15.295938926588526 -4.685596545342376, -15.297203376723804 -4.680056257249647, -15.311261173184345 -4.631627793296132), (-15.424746140949296 -4.240677285078344, -15.431340161725059 -4.217961185983857, -15.415683951629434 -4.27554601352735, -15.424746140949296 -4.240677285078344), (-15.548500512820505 -3.7645056410256705, -15.534826645890135 -3.822405921308956, -15.504300250208521 -3.9427289407839288, -15.525443615620896 -3.85322202720488, -15.548500512820505 -3.7645056410256705), (-15.604518675123337 -3.527303735024612, -15.598621468926558 -3.5522747175141074, -15.614571428571422 -3.475914285714315, -15.627958020989503 -3.419244377811103, -15.604518675123337 -3.527303735024612), (-15.672233766233775 -3.2108181818181314, -15.690592592592596 -3.1119629629629446, -15.713129533678758 -3.004067357512937, -15.672233766233775 -3.2108181818181314), (-15.738671159931057 2.8561301931932195, -15.741321811799862 2.8549928225731502, -15.765382839185692 2.7144661839048396, -15.738671159931057 2.8561301931932195), (-15.764966010733446 -2.720107334525982, -15.757515458587523 -2.761348774687245, -15.767752153744198 -2.696488402915862, -15.777010752688165 -2.6466344086021887, -15.764966010733446 -2.720107334525982), (-15.80301789830508 2.4946614237288416, -15.817 2.413, -15.820402888503756 2.387616291161174, -15.813521327814849 2.417768392600727, -15.80301789830508 2.4946614237288416), (-15.813605405405406 -2.417399999999997, -15.814883905013195 -2.411798153034288, -15.809967741935498 -2.445596774193457, -15.808693356047705 -2.4533705281089935, -15.813605405405406 -2.417399999999997), (-15.824661527926535 2.3362137200849804, -15.821313380191034 2.3808245153317444, -15.873094406981354 1.9945660452201686, -15.883977500611397 1.9019760332599476, -15.824661527926535 2.3362137200849804), (-15.84074904942967 -2.2339752851710264, -15.823364699512723 -2.3534926908500364, -15.82462433210826 -2.3367093179988982, -15.825198650285522 -2.332503633846654, -15.84074904942967 -2.2339752851710264), (-17.227472402247763 23.050521332210756, -17.204 23.048, -16.418 23.013, -15.855191642267792 23.023740617513972, -17.227472402247763 23.050521332210756), (-15.887328710124837 -1.8777031900137846, -15.873510489510497 -1.98686713286707, -15.877712202609365 -1.9479512663085032, -15.887426948839922 -1.8768109892243259, -15.887328710124837 -1.8777031900137846), (-15.957055311676909 1.1365639449809872, -15.908515696038098 1.6845691708162567, -15.935300040112313 1.4147777777777917, -15.952251342642318 1.2106251342642538, -15.957055311676909 1.1365639449809872), (-15.933831578947357 -1.4281789473685365, -15.916535900521456 -1.6124444444444797, -15.910180863948323 -1.6701606782398175, -15.920563094483192 -1.5510703868104443, -15.933831578947357 -1.4281789473685365), (-15.953361702127662 -1.1748510638297582, -15.961889156626507 -1.0770361445783032, -15.949433962264154 -1.2416226415094065, -15.953361702127662 -1.1748510638297582), (-15.964546417594875 -0.9847109008871547, -15.98524175824176 -0.6328901098901077, -15.980519984012792 -0.7522222222221774, -15.967579530362862 -0.9843155199435064, -15.964546417594875 -0.9847109008871547), (-15.985512789768183 0.6371111111111613, -15.994808678500986 0.3330808678500946, -15.995178733636122 0.3036350520972106, -15.972227769110765 0.9026552262090314, -15.975336197636953 0.8547336197636218, -15.985512789768183 0.6371111111111613), (-15.99496008205264 -0.0671519793545004, -15.997785419458012 -0.0295071206292863, -15.996769244572045 -0.2181769244571796, -15.990805876180485 -0.47322560335775, -15.99496008205264 -0.0671519793545004), (-15.998081987310263 0.0255556439386814, -15.996169221290346 0.0510413811314213, -15.99714924471299 0.146838670694918, -15.998259425493718 0.0584999999999869, -15.998081987310263 0.0255556439386814), (-22.603 8.327, -22.664 8.189, -22.704 8.043, -22.721 7.893, -22.716 7.742, -22.689 7.594, -22.64 7.451, -22.57 7.317, -22.481 7.195, -22.374 7.088, -22.253 6.998, -22.248 7.006, -17.181 3.793, -17.186 3.784, -17.053 3.713, -16.911 3.662, -16.763 3.634, -16.66404801861962 3.629412822055214, -16.390016567643862 5.659594400284195, -21.176 8.695, -21.171 8.704, -21.304 8.775, -21.447 8.826, -21.595 8.854, -21.746 8.86, -21.896 8.844, -22.042 8.806, -22.18 8.746, -22.309 8.666, -22.423 8.568, -22.522 8.454, -22.603 8.327), (-17.250822029681245 23.053029476334046, -17.24418563991323 23.05231661605206, -16.611 23.159, -17.250822029681245 23.053029476334046), (-27.86499999999998 36.90799999999989, -27.86499999999999 36.907999999999944, -27.825 36.668, -27.86499999999998 36.90799999999989), (-27.792867798796212 36.350329374462575, -27.792867798796216 36.35032937446262, -27.825 36.668, -27.792867798796212 36.350329374462575), (-28.031 37.533, -27.915092827004223 37.15846413502111, -27.915092827004223 37.15846413502112, -28.031 37.533), (-28.768 36.166, -28.784 36.352, -28.759 35.98, -28.768 36.166), (-28.756 35.308, -28.757 35.607, -28.757 35.638, -28.757 35.67, -28.756 35.701, -28.755 35.794, -28.756 35.887, -28.759 35.98, -28.756 35.308), (-28.806 36.536, -28.833 36.72, -28.867 36.903, -28.806 36.536), (-28.953 37.266, -29.005 37.444, -28.907 37.085, -28.953 37.266), (-29.126 37.796, -29.16 37.883, -29.063 37.621, -29.094 37.709, -29.126 37.796), (-29.482 38.554, -29.576 38.714, -29.393 38.39, -29.482 38.554), (-29.232 38.055, -29.31 38.224, -29.393 38.39, -29.232 38.055), (-29.946 39.25, -30.063 39.395, -29.834 39.102, -29.946 39.25), (-29.675 38.872, -29.727 38.949, -29.78 39.026, -29.834 39.102, -29.675 38.872), (-30.576 39.934, -30.715 40.058, -30.858 40.177, -30.576 39.934), (-30.375 39.74, -30.441 39.806, -30.508 39.87, -30.576 39.934, -30.375 39.74), (-30.184 39.536, -30.247 39.605, -30.31 39.673, -30.375 39.74, -30.184 39.536), (-110.96986499720953 46.718944537996265, -110.96986499720953 46.71894453799627, -124.47569917868056 54.62662414501692, -110.96986499720953 46.718944537996265), (-158.75813942268377 94.35462351786747, -159.0144060913364 93.0632623484396, -159.17264887913402 90.64189651610782, -159.09963904311687 89.51504733652733, -158.98324640033982 88.34013104549042, -158.73637956039204 87.18658050679127, -158.44802748950735 86.04116812123199, -158.03990242643272 84.95052323180201, -157.58241755580582 83.85114879600032, -157.01849697648368 82.83133460246344, -156.40431920850523 81.81156774242378, -155.6987233603898 80.8867720621098, -154.94320548676762 79.96989607974993, -154.10163633985482 79.15031567539306, -153.2244204704381 78.35952255393141, -152.2786523944901 77.67624729654399, -151.2876573279428 77.01810169086447, -150.25204800669624 76.48119259379268, -149.17609347779316 75.97690175618064, -148.08034631546508 75.59932985948998, -146.932575112515 75.2556068578998, -145.80031989934207 75.04395205387961, -144.60621048844425 74.87197988658365, -143.4576238093811 74.82848022086593, -142.25571318985845 74.83356659674203, -141.11215868628736 74.95834468763233, -139.91686570976773 75.14152742975305, -138.8095139471021 75.43114250614254, -137.6573259680388 75.78680017727058, -136.59506411761186 76.23910862121103, -135.5132838374799 76.75791643270557, -134.52211382276323 77.36497716989862, -133.53984292622047 78.02918895080906, -132.63786423897687 78.78317113504593, -131.76817297800616 79.58142882317412, -130.98733457407744 80.45868553289827, -130.2444628316751 81.37640940027764, -129.6060372245575 82.34814163729243, -128.99908390958745 83.37572066887647, -128.50824372440803 84.43539892291264, -128.06231183673472 85.53516337562046, -127.73366936117206 86.64790929513066, -127.45158536959572 87.81118923884853, -127.29025103552738 88.9527890252045, -127.18179953271289 90.1513563379994, -127.18968753151361 91.31039916178226, -127.25750570248803 92.49545890495735, -127.43673762982448 93.65522427320961, -127.67726118006304 94.81233756895193, -128.02258673332733 95.92831050799023, -128.02258673332736 95.9283105079903, -128.4325097511155 97.04253753428206, -128.9408749308169 98.10225649295168, -129.50304771591996 99.13133535994524, -130.0292004885298 99.91116178870308, -131.36052526799696 101.58122201636719, -131.66741236149616 101.91672870018641, -132.51034886036234 102.74268662028398, -133.41740385020765 103.4810681918311, -136.11173725444274 105.1899495945827, -138.08796577103294 106.00133904989997, -138.1910678251283 106.04300671099321, -140.40215570559323 106.59020980011395, -141.10536319612584 106.6680926150121, -142.6604012611064 106.81761550587561, -143.5559660062036 106.79387567259606, -144.92781554479916 106.72376411185013, -145.8804416209747 106.56719825210833, -147.16351048177512 106.31002783402165, -148.10633180327284 106.01888893646547, -149.19073842055548 105.62932578204175, -151.99004643033047 104.16613027071347, -153.03144835238842 103.39335267918635, -153.74846808510637 102.83253191489364, -154.80586956521717 101.77513043478284, -154.80935410056026 101.77154086102182, -155.3459663291708 101.21875290337056, -156.701 99.394, -157.7768006846428 97.38423064922785, -158.04324320921046 96.6766008274865, -158.55311830396263 95.253172865349, -158.75813942268377 94.35462351786747), (-127.346 88.191, -127.41867189152921 87.88022317258844, -127.41867189152924 87.8802231725883, -127.346 88.191), (-132.6941029642453 102.92273951591338, -133.113 103.288, -132.69410296424513 102.92273951591322, -132.6941029642453 102.92273951591338), (-132.90393374377015 103.28149571647286, -132.904 103.282, -133.059 103.287, -133.092 103.314, -133.113 103.288, -132.90393374377015 103.28149571647286), (-135.4048922153647 76.79596869778702, -135.4048922153647 76.795968697787, -135.186 76.901, -135.4048922153647 76.79596869778702), (-135.3843877104273 76.80714413886663, -135.3843877104274 76.80714413886659, -135.38438771042743 76.80714413886656, -135.186 76.901, -135.3843877104273 76.80714413886663), (-136.194 105.28, -136.269 105.426, -136.167 105.225, -136.152 105.255, -136.194 105.28), (-138.013 111.194, -138.359 111.279, -137.669 111.104, -138.013 111.194), (-138.19121117949797 106.04306464622393, -138.196 106.045, -140.319 106.581, -138.19121117949797 106.04306464622393), (-140.284 111.637, -139.756 111.557, -139.932 111.585, -140.108 111.612, -140.284 111.637), (-143.479 111.834, -143.835 111.825, -144.191 111.811, -143.479 111.834), (-144.7395080403549 112.7206762842364, -144.73950804035493 112.7206762842364, -144.235 112.72, -144.7395080403549 112.7206762842364), (-144.23704705949172 112.75343530503159, -144.23704705949174 112.75343530503159, -144.235 112.72, -144.23704705949172 112.75343530503159), (-147.19203805298167 112.41331828845591, -147.1920380529817 112.41331828845591, -147.185 112.375, -147.19203805298167 112.41331828845591), (-149.436 110.88, -148.753 111.081, -149.095 110.983, -149.436 110.88), (-148.92 105.791, -148.964 105.839, -148.942 105.782, -148.935 105.763, -148.9147058823539 105.80064705882174, -148.92 105.791), (-149.952 110.635, -150.01972542204567 110.67563525322741, -151.81 109.978, -151.351 109.46, -149.952 110.635), (-152.895 108.734, -153.044 108.587, -153.169 108.419, -153.267 108.234, -153.337 108.037, -153.377 107.832, -153.386 107.623, -153.363 107.414, -153.31 107.212, -153.227 107.02, -153.116 106.842, -152.981 106.683, -152.823 106.546, -152.646 106.434, -152.455 106.349, -152.253 106.294, -152.045 106.27, -151.836 106.277, -151.63 106.315, -151.432 106.383, -151.247 106.48, -151.078 106.604, -150.929 106.751, -150.804 106.919, -150.706 107.104, -150.636 107.301, -150.596 107.506, -150.587 107.715, -150.61 107.923, -150.663 108.126, -150.746 108.318, -150.857 108.495, -150.992 108.655, -151.15 108.792, -151.327 108.904, -151.518 108.988, -151.72 109.043, -151.928 109.068, -152.137 109.061, -152.343 109.023, -152.541 108.954, -152.726 108.857, -152.895 108.734), (-155.8744552831612 108.7520722771795, -155.8744552831612 108.75207227717948, -155.396 108.814, -155.8744552831612 108.7520722771795), (-155.44837866666617 108.62294666666844, -155.423 108.713, -155.396 108.814, -155.44837866666617 108.62294666666844), (-155.36 108.917, -155.329 109.006, -155.396 108.814, -155.36 108.917), (-155.274 109.102, -155.2504883663382 109.16298329981029, -155.25423383871268 109.16051673332713, -155.329 109.006, -155.274 109.102), (-155.422 108.557, -155.45389038887768 108.60284243401166, -155.45389038887768 108.60284243401165, -155.422 108.557), (-156.15646857143884 107.43052571428733, -156.064 107.416, -156.147 107.352, -156.23 107.287, -156.312 107.221, -156.057 107.415, -156.15646857143884 107.43052571428733), (-157.0987087033749 107.57759680284194, -157.095 107.577, -157.0899428571427 107.57622857142854, -157.0987087033749 107.57759680284194), (-157.3328078103104 107.61413654395434, -157.35249896585506 107.59683584310027, -157.2982060194651 107.60873566696655, -157.3328078103104 107.61413654395434), (-157.43744117978798 107.52220539138278, -157.732 107.213, -157.43744117978795 107.52220539138281, -157.43744117978798 107.52220539138278), (-158.408 105.296, -157.909 105.804, -158.16 105.552, -158.408 105.296), (-158.1822168815236 85.26709605212875, -158.18221688152374 85.26709605212912, -158.39 85.759, -158.18221688152346 85.26709605212838, -158.1822168815236 85.26709605212875), (-158.302689098521 106.73504276129363, -158.302689098521 106.73504276129361, -158.279 106.71, -158.302689098521 106.73504276129363), (-158.79957727830873 87.38737136298133, -158.967 88.053, -158.79957727830873 87.38737136298131, -158.79957727830873 87.38737136298133), (-159.08440839642864 89.1406454991993, -159.221 90.406, -159.08440839642859 89.14064549919857, -159.08440839642864 89.1406454991993), (-159.321 105.651, -159.50264897348976 105.51428016091063, -159.50264897348978 105.5142801609106, -159.321 105.651), (-159.76453919748676 105.21040853919753, -159.76453919748678 105.21040853919752, -159.814 105.095, -159.76453919748676 105.21040853919753), (-161.21793764489863 103.3619558951722, -161.177 103.333, -161.21793764489863 103.36195589517222, -161.21793764489863 103.3619558951722), (-161.8329454909821 79.22627855711443, -161.83294549098198 79.22627855711426, -161.83294549098213 79.22627855711448, -161.8329454909821 79.22627855711443), (-162.12310389251755 99.89471420736318, -162.165 99.821, -162.19985073061596 99.73088596797872, -162.12310389251755 99.89471420736318), (-163.41965900227694 99.36852366227924, -163.68603746562974 98.64501773710808, -163.41965900227692 99.3685236622793, -163.41965900227694 99.36852366227924)), ((23.759 112.161, 24.043 112.069, 24.311 111.936, 24.555 111.764, 24.772 111.557, 24.955 111.321, 25.1 111.06, 25.206 110.78, 25.268 110.488, 25.286 110.19, 25.259 109.892, 24.281 103.972, 24.21 103.682, 24.097 103.405, 23.944 103.148, 23.754 102.917, 23.532 102.717, 23.283 102.552, 23.012 102.426, 22.725 102.342, 22.429 102.302, 22.13 102.306, 21.835 102.355, 21.551 102.447, 21.283 102.581, 21.039 102.753, 20.822 102.959, 20.639 103.195, 20.494 103.456, 20.388 103.736, 20.326 104.028, 20.308 104.327, 20.335 104.624, 21.313 110.544, 21.384 110.835, 21.497 111.111, 21.65 111.368, 21.84 111.599, 22.062 111.799, 22.311 111.964, 22.582 112.09, 22.869 112.174, 23.165 112.214, 23.464 112.21, 23.759 112.161), (22.663 103.353, 22.8 103.416, 22.926 103.5, 23.038 103.601, 23.134 103.717, 23.212 103.847, 23.269 103.987, 23.304 104.134, 23.294 104.135, 24.273 110.055, 24.283 110.053, 24.296 110.204, 24.287 110.354, 24.256 110.502, 24.203 110.643, 24.129 110.775, 24.036 110.894, 23.927 110.999, 23.804 111.086, 23.669 111.153, 23.525 111.2, 23.376 111.224, 23.225 111.226, 23.075 111.206, 22.931 111.163, 22.794 111.1, 22.668 111.017, 22.556 110.916, 22.46 110.799, 22.382 110.669, 22.325 110.529, 22.29 110.383, 22.3 110.381, 21.321 104.461, 21.311 104.463, 21.298 104.313, 21.307 104.162, 21.338 104.014, 21.391 103.873, 21.465 103.741, 21.558 103.622, 21.667 103.518, 21.79 103.431, 21.925 103.363, 22.069 103.317, 22.218 103.292, 22.369 103.29, 22.519 103.31, 22.663 103.353)), ((14.445 113.566, 14.689 113.395, 14.905 113.188, 15.088 112.952, 15.234 112.691, 15.339 112.411, 15.402 112.119, 15.42 111.82, 15.393 111.523, 14.415 105.603, 14.344 105.313, 14.231 105.036, 14.078 104.779, 13.888 104.548, 13.666 104.348, 13.417 104.183, 13.146 104.057, 12.859 103.973, 12.563 103.933, 12.264 103.937, 11.969 103.986, 11.685 104.078, 11.417 104.211, 11.173 104.383, 10.956 104.59, 10.773 104.826, 10.628 105.087, 10.522 105.367, 10.46 105.659, 10.442 105.958, 10.468 106.255, 11.447 112.175, 11.518 112.465, 11.631 112.742, 11.784 112.999, 11.973 113.23, 12.195 113.43, 12.445 113.595, 12.716 113.721, 13.003 113.805, 13.299 113.845, 13.598 113.841, 13.893 113.792, 14.177 113.7, 14.445 113.566), (12.652 104.941, 12.797 104.984, 12.934 105.047, 13.06 105.13, 13.172 105.232, 13.268 105.348, 13.345 105.478, 13.403 105.618, 13.438 105.764, 13.428 105.766, 14.407 111.686, 14.417 111.684, 14.43 111.834, 14.421 111.985, 14.39 112.133, 14.336 112.274, 14.263 112.406, 14.17 112.525, 14.061 112.63, 13.938 112.716, 13.802 112.784, 13.659 112.83, 13.51 112.855, 13.359 112.857, 13.209 112.837, 13.064 112.794, 12.927 112.731, 12.802 112.647, 12.689 112.546, 12.594 112.43, 12.516 112.3, 12.459 112.16, 12.423 112.014, 12.433 112.012, 11.455 106.092, 11.445 106.094, 11.432 105.943, 11.441 105.793, 11.472 105.645, 11.525 105.504, 11.599 105.372, 11.691 105.253, 11.801 105.148, 11.924 105.062, 12.059 104.994, 12.203 104.948, 12.352 104.923, 12.503 104.921, 12.652 104.941)), ((39.012 115.927, 38.627 113.963, 33.364 114.833, 38.541 141.253, 38.926 143.217, 44.19 142.347, 39.012 115.927), (38.541002439470724 141.2522258935323, 38.541002439470724 141.25222589353228, 38.6206068840901 115.9916992230366, 38.541002439470724 141.2522258935323)), ((28.651 141.76, 28.936 141.668, 29.203 141.534, 29.448 141.362, 29.664 141.156, 29.847 140.919, 29.993 140.658, 30.098 140.379, 30.16 140.086, 30.178 139.788, 30.152 139.49, 29.173 133.571, 29.103 133.28, 28.99 133.003, 28.836 132.747, 28.647 132.516, 28.425 132.315, 28.175 132.151, 27.904 132.025, 27.617 131.941, 27.321 131.9, 27.022 131.905, 26.727 131.953, 26.443 132.046, 26.176 132.179, 25.931 132.351, 25.715 132.557, 25.532 132.794, 25.386 133.055, 25.281 133.334, 25.218 133.627, 25.2 133.925, 25.227 134.223, 26.205 140.143, 26.276 140.433, 26.389 140.71, 26.542 140.966, 26.732 141.197, 26.954 141.398, 27.203 141.562, 27.475 141.688, 27.761 141.772, 28.058 141.813, 28.356 141.808, 28.651 141.76), (26.683 133.029, 26.818 132.962, 26.961 132.915, 27.11 132.891, 27.261 132.888, 27.411 132.909, 27.556 132.951, 27.693 133.015, 27.819 133.098, 27.931 133.199, 28.027 133.316, 28.104 133.445, 28.161 133.585, 28.197 133.732, 28.187 133.734, 29.165 139.653, 29.175 139.652, 29.189 139.802, 29.18 139.953, 29.148 140.1, 29.095 140.242, 29.021 140.373, 28.929 140.493, 28.82 140.597, 28.696 140.684, 28.561 140.751, 28.417 140.798, 28.268 140.823, 28.118 140.825, 27.968 140.804, 27.823 140.762, 27.686 140.698, 27.56 140.615, 27.448 140.514, 27.352 140.397, 27.275 140.268, 27.218 140.128, 27.182 139.981, 27.192 139.979, 26.214 134.06, 26.204 134.061, 26.19 133.911, 26.199 133.76, 26.231 133.613, 26.284 133.471, 26.358 133.34, 26.45 133.22, 26.559 133.116, 26.683 133.029)), ((17.608 143.319, 17.895 143.403, 18.191 143.444, 18.49 143.439, 18.785 143.391, 19.07 143.298, 19.337 143.165, 19.582 142.993, 19.798 142.787, 19.981 142.55, 20.127 142.289, 20.232 142.009, 20.294 141.717, 20.312 141.419, 20.286 141.121, 19.307 135.201, 19.237 134.911, 19.123 134.634, 18.97 134.377, 18.781 134.146, 18.559 133.946, 18.309 133.781, 18.038 133.656, 17.751 133.572, 17.455 133.531, 17.156 133.535, 16.861 133.584, 16.577 133.676, 16.31 133.81, 16.065 133.982, 15.849 134.188, 15.666 134.424, 15.52 134.685, 15.415 134.965, 15.352 135.258, 15.334 135.556, 15.361 135.854, 16.339 141.773, 16.41 142.064, 16.523 142.34, 16.676 142.597, 16.866 142.828, 17.088 143.028, 17.337 143.193, 17.608 143.319), (17.69 134.582, 17.827 134.646, 17.953 134.729, 18.065 134.83, 18.161 134.947, 18.238 135.076, 18.295 135.216, 18.331 135.363, 18.321 135.364, 19.299 141.284, 19.309 141.282, 19.323 141.433, 19.313 141.584, 19.282 141.731, 19.229 141.872, 19.155 142.004, 19.063 142.124, 18.954 142.228, 18.83 142.315, 18.695 142.382, 18.551 142.429, 18.402 142.453, 18.251 142.455, 18.102 142.435, 17.957 142.393, 17.82 142.329, 17.694 142.246, 17.582 142.145, 17.486 142.028, 17.409 141.898, 17.352 141.759, 17.316 141.612, 17.326 141.61, 16.347 135.691, 16.337 135.692, 16.324 135.542, 16.333 135.391, 16.365 135.243, 16.418 135.102, 16.491 134.97, 16.584 134.851, 16.693 134.747, 16.817 134.66, 16.952 134.592, 17.095 134.546, 17.244 134.521, 17.395 134.519, 17.545 134.54, 17.69 134.582)), ((237.679 -7.822, 238.065 -8.239, 238.384 -8.708, 238.631 -9.22, 238.798 -9.763, 238.882 -10.324, 238.882 -10.892, 238.797 -11.454, 238.629 -11.997, 238.383 -12.508, 238.062 -12.977, 237.676 -13.393, 237.232 -13.747, 236.74 -14.031, 236.211 -14.238, 235.657 -14.364, 235.091 -14.407, 234.524 -14.364, 233.971 -14.237, 233.442 -14.029, 232.95 -13.745, 232.507 -13.391, 232.121 -12.974, 231.801 -12.505, 231.555 -11.993, 231.387 -11.45, 231.303 -10.889, 231.303 -10.321, 231.388 -9.759, 231.556 -9.217, 231.803 -8.705, 232.123 -8.236, 232.509 -7.82, 232.954 -7.466, 233.446 -7.182, 233.974 -6.975, 234.528 -6.849, 235.095 -6.807, 235.661 -6.849, 236.214 -6.976, 236.743 -7.184, 237.235 -7.468, 237.679 -7.822), (236.3893008474596 -10.823381355945306, 236.39042592592472 -10.83088888888076, 236.39 -10.828, 236.3893008474596 -10.823381355945306), (236.3261412213737 -10.401923664119783, 236.322 -10.374, 236.288 -10.147, 236.26329824561617 -9.982578947382631, 236.3261412213737 -10.401923664119783), (235.12533333333735 -9.276166666668253, 235.092 -9.263, 234.878 -9.179, 235.12533333333735 -9.276166666668253), (234.5681231079723 -9.426023208879464, 234.62300172413737 -9.382275862069411, 234.588 -9.41, 234.5681231079723 -9.426023208879464), (234.59789599999746 -11.755215999999002, 234.36714732965186 -11.664497237569755, 234.457 -11.7, 234.59789599999746 -11.755215999999002), (234.1006884955754 -9.798646017698951, 234.26524254473065 -9.667469184891408, 234.205 -9.715, 234.1006884955754 -9.798646017698951), (234.106 -11.562, 234.16907635009142 -11.586625698323363, 233.964 -11.506, 234.106 -11.562), (233.78824603174576 -10.339484126982352, 233.795 -10.385, 233.81709954750983 -10.530990950216376, 233.78824603174576 -10.339484126982352)), ((216.666 -8.023, 217.02 -8.468, 217.304 -8.96, 217.511 -9.488, 217.637 -10.042, 217.679 -10.608, 217.637 -11.175, 217.51 -11.728, 217.302 -12.257, 217.018 -12.749, 216.664 -13.193, 216.247 -13.579, 215.778 -13.898, 215.266 -14.145, 214.723 -14.312, 214.162 -14.396, 213.594 -14.396, 213.032 -14.311, 212.489 -14.143, 211.978 -13.897, 211.509 -13.576, 211.093 -13.19, 210.739 -12.746, 210.455 -12.254, 210.248 -11.725, 210.122 -11.171, 210.079 -10.605, 210.122 -10.038, 210.249 -9.485, 210.457 -8.956, 210.741 -8.464, 211.095 -8.021, 211.512 -7.634, 211.981 -7.315, 212.493 -7.069, 213.036 -6.901, 213.597 -6.817, 214.165 -6.817, 214.727 -6.902, 215.269 -7.07, 215.781 -7.317, 216.25 -7.637, 216.666 -8.023), (215.307 -10.392, 215.20983333332882 -10.639333333344794, 215.223 -10.606, 215.307 -10.392), (215.10372413793135 -10.13700172413832, 215.076 -10.102, 215.05997679112008 -10.08212310797173, 215.10372413793135 -10.13700172413832), (214.81853081510818 -9.77924254473014, 214.771 -9.719, 214.68735398230154 -9.614688495576022, 214.81853081510818 -9.77924254473014), (214.112 -11.836, 214.339 -11.802, 214.5034210526287 -11.777298245614464, 214.0840763358775 -11.840141221374097, 214.112 -11.836), (214.101 -9.309, 213.9550090497746 -9.331099547511187, 214.14651587301645 -9.302246031745947, 214.101 -9.309), (213.658 -11.904, 213.66261864406837 -11.903300847457539, 213.65511111111164 -11.904425925925844, 213.658 -11.904), (212.98 -9.478, 212.924 -9.62, 212.89937430167717 -9.683076350090046, 212.98 -9.478), (212.73078400000455 -10.111895999988416, 212.82150276243007 -9.881147329652276, 212.786 -9.971, 212.73078400000455 -10.111895999988416)), ((176.219 13.571, 176.521 13.874, 176.864 14.13, 177.24 14.335, 177.641 14.485, 178.059 14.576, 178.486 14.607, 204.677 14.607, 206.951 14.607, 207.378 14.576, 207.797 14.485, 208.198 14.335, 208.574 14.13, 208.916 13.873, 209.219 13.571, 209.476 13.228, 209.681 12.852, 209.83 12.451, 209.921 12.032, 209.951 11.605, 209.92 11.178, 209.88 10.637, 209.89337346101232 10.410904924760457, 209.9190407430534 10.060729862628815, 209.93945731521129 9.958454392667957, 209.95871831708564 9.861967675731291, 210.01138172247562 9.621771168220944, 210.03414950753432 9.517927855880103, 210.08661070985218 9.365015374124015, 210.1120894955488 9.290750504451504, 210.17559398111257 9.12077332418627, 210.2221488760739 8.99616370483703, 210.33510219822574 8.772108754339103, 210.37800418848622 8.693663874337304, 210.4844583033788 8.500355499640655, 210.62334146520695 8.29813799691367, 210.866 7.976, 211.07705569307217 7.766499999997177, 211.27683386424368 7.569164104756843, 211.734 7.231, 212.239 6.959, 212.60477087794396 6.8243854389722935, 212.7805757330723 6.7602492233051, 213.0819999999992 6.696960854092693, 213.34214837659556 6.642801850424054, 213.63121739130435 6.624608695652174, 213.91570930232558 6.6072616279069765, 213.93878832116783 6.608543795620436, 214.2803802939528 6.636611667510108, 214.43323287671234 6.649171232876714, 214.5583276231263 6.669160599571726, 214.79279015766656 6.722752036038072, 214.84211886650135 6.734027169486027, 215.01556410256407 6.773671794871791, 215.0602082076041 6.78518527459264, 215.53288709677418 6.968612903225807, 215.64331453362254 7.021197396963125, 216.0795491993979 7.26723374846042, 216.1029348837208 7.283488372092931, 216.543 7.622, 216.943 8.034, 217.03460180541518 8.160665997992508, 217.2922946394465 8.523479988115916, 217.44264502053898 8.8106153023827, 217.5197214580468 8.957813912360095, 217.5735974277913 9.08631311970102, 217.737 9.55, 218.4421803235392 10.248719247276396, 218.5289210074831 10.34330582223031, 219.02705011896862 10.991025535793016, 219.10099046029083 11.087170522298898, 219.22108900786364 11.27176643801265, 219.692 12.093, 220.07550318471343 13.036133757961881, 220.1024918032787 13.110352459016335, 220.33983758774724 14.033167038927632, 220.37704092071613 14.233061137498618, 220.491 15.199, 220.547 15.698, 220.562 15.774, 220.667 16.189, 220.714 16.332, 220.85 16.668, 220.946 16.863, 221.092 17.117, 221.252 17.354, 221.392 17.535, 221.626 17.796, 221.746 17.914, 222.059 18.18, 222.17 18.262, 222.544 18.497, 222.638 18.548, 223.069 18.741, 223.141 18.767, 223.624 18.906, 223.64390310786106 18.908917733089577, 223.669 18.916, 224.07053583617773 18.97146075085328, 224.197 18.99, 224.20476 18.99, 224.212 18.991, 224.76 18.991, 224.76724000000002 18.99, 224.775 18.99, 224.90146416382262 18.97146075085323, 225.303 18.916, 225.32809689213894 18.90891773308958, 225.348 18.906, 225.831 18.767, 225.903 18.741, 226.334 18.548, 226.428 18.497, 226.802 18.262, 226.913 18.18, 227.226 17.914, 227.346 17.796, 227.578 17.538, 227.72 17.354, 227.877 17.122, 228.026 16.863, 228.121 16.669, 228.258 16.332, 228.304 16.194, 228.41 15.774, 228.424 15.702, 228.481 15.199, 228.59527004387715 14.230425342374653, 228.6288309935624 14.04611979368655, 228.69119557172564 13.80364259052935, 228.80689514745978 13.353795732637685, 228.83745747693408 13.234967571024931, 228.8854399347678 13.065089252226462, 228.88707128279887 13.059313586005757, 229.26533690045176 12.129060363333481, 229.35312809967337 11.965470061691121, 229.37025650045078 11.935599411363416, 229.43808149367675 11.817317694204863, 229.75456282158558 11.26539792048722, 229.8956494865336 11.055131079248229, 230.4640422668989 10.316047174291532, 231.235 9.55, 231.38738220514338 9.116787762341083, 231.47465398566746 8.914593736176343, 231.694 8.498, 232.031 8.032, 232.432 7.62, 232.888 7.269, 233.39 6.987, 233.927 6.78, 234.5921529842912 6.644638678398961, 235.061 6.607, 235.84294314524777 5.838456125295018, 235.9375291841342 5.760207674943519, 236.76886460348152 5.14864023210839, 236.8934609699771 5.07570577367195, 237.4480404098425 4.780039781498414, 237.71618222731152 4.637083857051535, 237.86270644833013 4.567702404081252, 238.76707571801566 4.24135764906485, 238.9952090088511 4.175245552537022, 240.012 3.965, 240.275 3.921, 240.536 3.86, 240.55372507869887 3.8541059811122693, 240.575 3.849, 240.948 3.723, 241.116 3.653, 241.351 3.538, 241.623 3.382, 241.732 3.31, 242.086 3.04, 242.377 2.765, 242.495 2.636, 242.594 2.518, 242.79 2.255, 242.841 2.177, 243.061 1.794, 243.119 1.674, 243.246 1.365, 243.322 1.135, 243.379 0.919, 243.445 0.574, 243.469 0.373, 243.486 0, 243.482 -0.186, 243.445 -0.574, 243.417 -0.738, 243.322 -1.135, 243.277 -1.276, 243.119 -1.674, 243.061 -1.794, 242.975 -1.957, 242.881 -2.115, 242.8602034358048 -2.145471971066761, 242.841 -2.177, 242.694 -2.389, 242.495 -2.636, 242.48803828828835 -2.6432493857493347, 242.485 -2.647, 242.253 -2.888, 242.085 -3.04, 242.004 -3.108, 241.739 -3.305, 241.623 -3.382, 241.46 -3.479, 241.167 -3.63, 241.1369501048219 -3.6424031446540552, 241.116 -3.653, 240.869 -3.753, 240.575 -3.849, 240.56996872207333 -3.850036639857006, 240.567 -3.851, 240.012 -3.965, 238.99591877058185 -4.175098792535659, 238.8177975077881 -4.223054517133975, 237.812 -4.586, 236.90810375011247 -5.067899187625494, 236.68772840920926 -5.208327638295679, 235.89911608999816 -5.788466061637315, 235.061 -6.607, 234.5921529842912 -6.644638678398961, 233.927 -6.78, 233.39 -6.987, 232.888 -7.269, 232.432 -7.62, 232.031 -8.032, 231.694 -8.498, 231.47465398566746 -8.914593736176343, 231.38738220514338 -9.116787762341083, 231.235 -9.55, 230.52981967646082 -10.248719247276396, 230.44307899251692 -10.343305822230311, 230.38744512429756 -10.415646812460654, 229.87100953970906 -11.087170522299049, 229.7509109921365 -11.271766438012419, 229.28 -12.093, 228.89649681528658 -13.036133757961881, 228.8695081967213 -13.110352459016338, 228.63216241225274 -14.033167038927742, 228.59495907928388 -14.23306113749854, 228.481 -15.199, 228.425 -15.698, 228.41 -15.774, 228.305 -16.189, 228.258 -16.332, 228.122 -16.668, 228.026 -16.863, 227.88 -17.117, 227.72 -17.354, 227.58 -17.535, 227.346 -17.796, 227.226 -17.914, 226.913 -18.18, 226.802 -18.262, 226.428 -18.497, 226.334 -18.548, 225.903 -18.741, 225.831 -18.767, 225.348 -18.906, 225.32809689213894 -18.90891773308958, 225.303 -18.916, 224.90146416382262 -18.97146075085323, 224.775 -18.99, 224.76724000000002 -18.99, 224.76 -18.991, 224.212 -18.991, 224.20476 -18.99, 224.197 -18.99, 224.07053583617773 -18.97146075085328, 223.669 -18.916, 223.64390310786106 -18.908917733089577, 223.624 -18.906, 223.141 -18.767, 223.069 -18.741, 222.638 -18.548, 222.544 -18.497, 222.17 -18.262, 222.059 -18.18, 221.746 -17.914, 221.626 -17.796, 221.394 -17.538, 221.252 -17.354, 221.095 -17.122, 220.946 -16.863, 220.851 -16.669, 220.714 -16.332, 220.668 -16.194, 220.562 -15.774, 220.548 -15.702, 220.491 -15.199, 220.3767299561229 -14.23042534237487, 220.3431690064376 -14.046119793686422, 220.3283968127901 -13.988684622862962, 220.13454252306576 -13.234967571024292, 220.08492871720114 -13.059313586005763, 219.70666309954828 -12.129060363333537, 219.61887190032638 -11.965470061690674, 219.49798333315567 -11.754649438942494, 219.4719715423717 -11.709286820622035, 219.36714388391667 -11.526475221858394, 219.21743717841443 -11.265397920487223, 219.07635051346625 -11.055131079248039, 218.81541015618578 -10.715829059796459, 218.5079577331012 -10.31604717429165, 217.737 -9.55, 217.57910548327135 -9.101943308550121, 217.50897835820894 -8.93729701492536, 217.28 -8.5, 216.943 -8.034, 216.543 -7.622, 216.09877516778516 -7.28028859060399, 216.09293663893558 -7.276498132083828, 216.07282428115016 -7.263440894568703, 215.7727732818962 -7.094212130989458, 215.6049430425377 -6.9995558759912795, 215.5753194630873 -6.985079194630903, 215.06619034852542 -6.787506702412856, 215.053 -6.783, 215.02940157480316 -6.776834645669298, 214.82598265670254 -6.7303388929605825, 214.5621629802095 -6.670037252619321, 214.43738486276683 -6.649512392570004, 213.92595242814664 -6.607489098116947, 213.91685766423356 -6.607191605839416, 213.63121739130435 -6.624608695652174, 213.34214837659556 -6.642801850424054, 213.0819999999992 -6.696960854092693, 212.7805757330723 -6.7602492233051, 212.60477087794396 -6.8243854389722935, 212.239 -6.959, 211.734 -7.231, 211.27683386424368 -7.569164104756843, 211.07705569307217 -7.766499999997177, 210.866 -7.976, 210.62334146520692 -8.298137996913717, 210.49102308845576 -8.49079700149927, 210.33311641791047 -8.776047761193936, 210.2263720561318 -8.987786577181144, 210.16229038149766 -9.157100413591944, 210.15885066500476 -9.166188684129505, 210.14144161358922 -9.212186128800981, 210.12814483192557 -9.247776519522622, 210.1120894955489 -9.29075050445124, 210.03414950753432 -9.517927855880092, 209.95871831708584 -9.861967675730437, 209.9190407430534 -10.06072986262881, 209.89337346101235 -10.410904924760187, 209.88 -10.637, 209.92 -11.178, 209.951 -11.605, 209.921 -12.032, 209.83 -12.451, 209.681 -12.852, 209.476 -13.228, 209.219 -13.571, 208.916 -13.873, 208.574 -14.13, 208.198 -14.335, 207.797 -14.485, 207.378 -14.576, 206.951 -14.607, 204.677 -14.607, 178.486 -14.607, 178.059 -14.576, 177.641 -14.485, 177.24 -14.335, 176.864 -14.13, 176.521 -13.874, 176.219 -13.571, 175.962 -13.229, 175.757 -12.853, 175.608 -12.452, 175.517 -12.034, 175.486 -11.607, 175.486 -7.5, 175.486 -2.5, 175.486 -2.252, 175.486 -2.066, 175.486 -1.921, 175.486 -1.833, 175.486 -1.559, 175.486 -1.25, 175.486 -0.913, 175.486 -0.556, 175.486 -0.187, 175.486 0.187, 175.486 0.556, 175.486 0.913, 175.486 1.25, 175.486 1.559, 175.486 1.833, 175.486 1.921, 175.486 2.066, 175.486 2.252, 175.486 2.5, 175.486 7.5, 175.486 11.607, 175.517 12.034, 175.608 12.452, 175.757 12.853, 175.962 13.229, 176.219 13.571), (240.071 -1.489, 240.286 -1.386, 240.484 -1.251, 240.659 -1.088, 240.808 -0.901, 240.928 -0.694, 241.015 -0.472, 241.068 -0.238, 241.086 0, 241.068 0.238, 241.015 0.472, 240.928 0.694, 240.808 0.901, 240.659 1.088, 240.484 1.251, 240.286 1.386, 240.071 1.489, 239.842 1.56, 239.606 1.596, 239.366 1.596, 239.13 1.56, 238.901 1.489, 238.686 1.386, 238.488 1.251, 238.313 1.088, 238.164 0.901, 238.044 0.694, 237.957 0.472, 237.904 0.238, 237.886 0, 237.904 -0.238, 237.957 -0.472, 238.044 -0.694, 238.164 -0.901, 238.313 -1.088, 238.488 -1.251, 238.686 -1.386, 238.901 -1.489, 239.13 -1.56, 239.366 -1.596, 239.606 -1.596, 239.842 -1.56, 240.071 -1.489), (218.525 -3.669, 219.086 -4.454, 219.749 -5.154, 219.818 -5.231, 219.869 -5.321, 219.9 -5.419, 219.911 -5.522, 219.911 -7.55, 230.561 -7.55, 230.672 -7.537, 230.778 -7.5, 230.873 -7.441, 230.952 -7.362, 231.012 -7.267, 231.048 -7.161, 231.061 -7.05, 231.061 7.05, 231.048 7.161, 231.012 7.267, 230.952 7.362, 230.873 7.441, 230.778 7.5, 230.672 7.537, 230.561 7.55, 219.911 7.55, 219.911 5.522, 219.9 5.419, 219.869 5.321, 219.818 5.231, 219.749 5.154, 219.086 4.454, 218.525 3.669, 218.077 2.815, 217.751 1.907, 217.553 0.962, 217.486 0, 217.553 -0.962, 217.751 -1.907, 218.077 -2.815, 218.525 -3.669), (230.471 10.307, 230.480315298152 10.297770051438402, 230.46815921239605 10.310693889978943, 230.471 10.307), (223.044 14.306, 223.164 14.099, 223.313 13.912, 223.488 13.749, 223.686 13.614, 223.901 13.511, 224.13 13.44, 224.366 13.404, 224.606 13.404, 224.842 13.44, 225.071 13.511, 225.286 13.614, 225.484 13.749, 225.659 13.912, 225.808 14.099, 225.928 14.306, 226.015 14.528, 226.068 14.762, 226.086 15, 226.068 15.238, 226.015 15.472, 225.928 15.694, 225.808 15.901, 225.659 16.088, 225.484 16.251, 225.286 16.386, 225.071 16.489, 224.842 16.56, 224.606 16.596, 224.366 16.596, 224.13 16.56, 223.901 16.489, 223.686 16.386, 223.488 16.251, 223.313 16.088, 223.164 15.901, 223.044 15.694, 222.957 15.472, 222.904 15.238, 222.886 15, 222.904 14.762, 222.957 14.528, 223.044 14.306), (222.904 -14.762, 222.886 -15, 222.904 -15.238, 222.957 -15.472, 223.044 -15.694, 223.164 -15.901, 223.313 -16.088, 223.488 -16.251, 223.686 -16.386, 223.901 -16.489, 224.13 -16.56, 224.366 -16.596, 224.606 -16.596, 224.842 -16.56, 225.071 -16.489, 225.286 -16.386, 225.484 -16.251, 225.659 -16.088, 225.808 -15.901, 225.928 -15.694, 226.015 -15.472, 226.068 -15.238, 226.086 -15, 226.068 -14.762, 226.015 -14.528, 225.928 -14.306, 225.808 -14.099, 225.659 -13.912, 225.484 -13.749, 225.286 -13.614, 225.071 -13.511, 224.842 -13.44, 224.606 -13.404, 224.366 -13.404, 224.13 -13.44, 223.901 -13.511, 223.686 -13.614, 223.488 -13.749, 223.313 -13.912, 223.164 -14.099, 223.044 -14.306, 222.957 -14.528, 222.904 -14.762), (218.503623414517 -10.310411238693586, 218.501 -10.307, 218.49281666896502 -10.298891647128956, 218.503623414517 -10.310411238693586), (204.102 10.209, 204.086 10, 204.102 9.791, 204.148 9.587, 204.225 9.393, 204.329 9.211, 204.46 9.048, 204.613 8.905, 204.786 8.788, 204.975 8.697, 205.175 8.635, 205.381 8.604, 205.591 8.604, 205.798 8.635, 205.998 8.697, 206.186 8.788, 206.359 8.905, 206.512 9.048, 206.643 9.211, 206.747 9.393, 206.824 9.587, 206.87 9.791, 206.886 10, 206.87 10.209, 206.824 10.413, 206.747 10.607, 206.643 10.789, 206.512 10.952, 206.359 11.095, 206.186 11.212, 205.998 11.303, 205.798 11.365, 205.591 11.396, 205.381 11.396, 205.175 11.365, 204.975 11.303, 204.786 11.212, 204.613 11.095, 204.46 10.952, 204.329 10.789, 204.225 10.607, 204.148 10.413, 204.102 10.209), (204.148 -10.413, 204.225 -10.607, 204.329 -10.789, 204.46 -10.952, 204.613 -11.095, 204.786 -11.212, 204.975 -11.303, 205.175 -11.365, 205.381 -11.396, 205.591 -11.396, 205.798 -11.365, 205.998 -11.303, 206.186 -11.212, 206.359 -11.095, 206.512 -10.952, 206.643 -10.789, 206.747 -10.607, 206.824 -10.413, 206.87 -10.209, 206.886 -10, 206.87 -9.791, 206.824 -9.587, 206.747 -9.393, 206.643 -9.211, 206.512 -9.048, 206.359 -8.905, 206.186 -8.788, 205.998 -8.697, 205.798 -8.635, 205.591 -8.604, 205.381 -8.604, 205.175 -8.635, 204.975 -8.697, 204.786 -8.788, 204.613 -8.905, 204.46 -9.048, 204.329 -9.211, 204.225 -9.393, 204.148 -9.587, 204.102 -9.791, 204.086 -10, 204.102 -10.209, 204.148 -10.413), (186.175 -5.865, 186.381 -5.896, 186.591 -5.896, 186.798 -5.865, 186.998 -5.803, 187.186 -5.712, 187.359 -5.595, 187.512 -5.452, 187.643 -5.289, 187.747 -5.107, 187.824 -4.913, 187.87 -4.709, 187.886 -4.5, 187.87 -4.291, 187.824 -4.087, 187.747 -3.893, 187.643 -3.711, 187.512 -3.548, 187.359 -3.405, 187.186 -3.288, 186.998 -3.197, 186.798 -3.135, 186.591 -3.104, 186.381 -3.104, 186.175 -3.135, 185.975 -3.197, 185.786 -3.288, 185.613 -3.405, 185.46 -3.548, 185.329 -3.711, 185.225 -3.893, 185.148 -4.087, 185.102 -4.291, 185.086 -4.5, 185.102 -4.709, 185.148 -4.913, 185.225 -5.107, 185.329 -5.289, 185.46 -5.452, 185.613 -5.595, 185.786 -5.712, 185.975 -5.803, 186.175 -5.865), (185.613 3.405, 185.786 3.288, 185.975 3.197, 186.175 3.135, 186.381 3.104, 186.591 3.104, 186.798 3.135, 186.998 3.197, 187.186 3.288, 187.359 3.405, 187.512 3.548, 187.643 3.711, 187.747 3.893, 187.824 4.087, 187.87 4.291, 187.886 4.5, 187.87 4.709, 187.824 4.913, 187.747 5.107, 187.643 5.289, 187.512 5.452, 187.359 5.595, 187.186 5.712, 186.998 5.803, 186.798 5.865, 186.591 5.896, 186.381 5.896, 186.175 5.865, 185.975 5.803, 185.786 5.712, 185.613 5.595, 185.46 5.452, 185.329 5.289, 185.225 5.107, 185.148 4.913, 185.102 4.709, 185.086 4.5, 185.102 4.291, 185.148 4.087, 185.225 3.893, 185.329 3.711, 185.46 3.548, 185.613 3.405), (181.081 -12.064, 181.24 -12.263, 181.426 -12.436, 181.636 -12.579, 181.865 -12.689, 182.108 -12.764, 182.359 -12.802, 182.613 -12.802, 182.864 -12.764, 183.107 -12.689, 183.336 -12.579, 183.546 -12.436, 183.732 -12.263, 183.891 -12.064, 184.018 -11.844, 184.111 -11.608, 184.167 -11.36, 184.186 -11.107, 184.167 -10.853, 184.111 -10.606, 184.018 -10.369, 183.891 -10.149, 183.732 -9.95, 183.546 -9.777, 183.336 -9.634, 183.107 -9.524, 182.864 -9.449, 182.613 -9.411, 182.359 -9.411, 182.108 -9.449, 181.865 -9.524, 181.636 -9.634, 181.426 -9.777, 181.24 -9.95, 181.081 -10.149, 180.954 -10.369, 180.862 -10.606, 180.805 -10.853, 180.786 -11.107, 180.805 -11.36, 180.862 -11.608, 180.954 -11.844, 181.081 -12.064), (180.862 10.606, 180.954 10.369, 181.081 10.149, 181.24 9.95, 181.426 9.777, 181.636 9.634, 181.865 9.524, 182.108 9.449, 182.359 9.411, 182.613 9.411, 182.864 9.449, 183.107 9.524, 183.336 9.634, 183.546 9.777, 183.732 9.95, 183.891 10.149, 184.018 10.369, 184.111 10.606, 184.167 10.853, 184.186 11.107, 184.167 11.36, 184.111 11.608, 184.018 11.844, 183.891 12.064, 183.732 12.263, 183.546 12.436, 183.336 12.579, 183.107 12.689, 182.864 12.764, 182.613 12.802, 182.359 12.802, 182.108 12.764, 181.865 12.689, 181.636 12.579, 181.426 12.436, 181.24 12.263, 181.081 12.064, 180.954 11.844, 180.862 11.608, 180.805 11.36, 180.786 11.107, 180.805 10.853, 180.862 10.606), (177.613 3.405, 177.786 3.288, 177.975 3.197, 178.175 3.135, 178.381 3.104, 178.591 3.104, 178.798 3.135, 178.998 3.197, 179.186 3.288, 179.359 3.405, 179.512 3.548, 179.643 3.711, 179.747 3.893, 179.824 4.087, 179.87 4.291, 179.886 4.5, 179.87 4.709, 179.824 4.913, 179.747 5.107, 179.643 5.289, 179.512 5.452, 179.359 5.595, 179.186 5.712, 178.998 5.803, 178.798 5.865, 178.591 5.896, 178.381 5.896, 178.175 5.865, 177.975 5.803, 177.786 5.712, 177.613 5.595, 177.46 5.452, 177.329 5.289, 177.225 5.107, 177.148 4.913, 177.102 4.709, 177.086 4.5, 177.102 4.291, 177.148 4.087, 177.225 3.893, 177.329 3.711, 177.46 3.548, 177.613 3.405), (177.975 -5.803, 178.175 -5.865, 178.381 -5.896, 178.591 -5.896, 178.798 -5.865, 178.998 -5.803, 179.186 -5.712, 179.359 -5.595, 179.512 -5.452, 179.643 -5.289, 179.747 -5.107, 179.824 -4.913, 179.87 -4.709, 179.886 -4.5, 179.87 -4.291, 179.824 -4.087, 179.747 -3.893, 179.643 -3.711, 179.512 -3.548, 179.359 -3.405, 179.186 -3.288, 178.998 -3.197, 178.798 -3.135, 178.591 -3.104, 178.381 -3.104, 178.175 -3.135, 177.975 -3.197, 177.786 -3.288, 177.613 -3.405, 177.46 -3.548, 177.329 -3.711, 177.225 -3.893, 177.148 -4.087, 177.102 -4.291, 177.086 -4.5, 177.102 -4.709, 177.148 -4.913, 177.225 -5.107, 177.329 -5.289, 177.46 -5.452, 177.613 -5.595, 177.786 -5.712, 177.975 -5.803)), ((168.6401307712487 3.8628790661071015, 168.636 3.975, 168.665 4.363, 168.752 4.741, 168.894 5.103, 169.088 5.44, 169.33 5.743, 169.615 6.008, 169.936 6.227, 170.286 6.395, 170.657 6.51, 171.042 6.568, 171.43 6.568, 171.815 6.51, 172.186 6.395, 172.536 6.227, 172.857 6.008, 173.142 5.743, 173.384 5.44, 173.579 5.103, 173.721 4.741, 173.807 4.363, 173.836 3.975, 173.83186922875132 3.862879066107101, 173.834 3.88, 173.829 3.785, 173.829 0.715, 173.834 0.62, 173.83323143350606 0.5685060449051165, 173.836 0.525, 173.836 0.475, 173.83323143350606 0.4314939550948833, 173.834 0.38, 173.829 0.285, 173.829 -2.785, 173.834 -2.88, 173.83186922875132 -2.8628790661071117, 173.836 -2.975, 173.81 -3.345, 173.731 -3.708, 173.601 -4.055, 173.423 -4.381, 173.201 -4.678, 172.939 -4.94, 172.642 -5.162, 172.316 -5.34, 171.969 -5.47, 171.606 -5.549, 171.236 -5.575, 170.866 -5.549, 170.504 -5.47, 170.156 -5.34, 169.83 -5.162, 169.533 -4.94, 169.271 -4.678, 169.049 -4.381, 168.871 -4.055, 168.741 -3.708, 168.662 -3.345, 168.636 -2.975, 168.6401307712487 -2.862879066107105, 168.638 -2.88, 168.643 -2.785, 168.643 0.285, 168.638 0.38, 168.63876856649395 0.4314939550948842, 168.636 0.475, 168.636 0.525, 168.63876856649395 0.5685060449051159, 168.638 0.62, 168.643 0.715, 168.643 3.785, 168.638 3.88, 168.6401307712487 3.8628790661071015), (171.136 4.3419847328244074, 171.105 4.448, 171.136 4.341169230769207, 171.136 4.3419847328244074), (171.136 3.6580152671755926, 171.136 3.6588307692307933, 171.105 3.552, 171.136 3.6580152671755926), (171.136 0.8419847328244074, 171.105 0.948, 171.136 0.8411692307692066, 171.136 0.8419847328244074), (171.136 -2.6580152671755926, 171.105 -2.552, 171.136 -2.6588307692307933, 171.136 -2.6580152671755926), (171.136 -3.3419847328244074, 171.136 -3.3411692307692067, 171.105 -3.448, 171.136 -3.3419847328244074), (171.105 0.052, 171.136 0.1580152671755934, 171.136 0.1588307692307933, 171.105 0.052), (171.09774418604653 -0.1841860465116298, 171.04100000000003 -0.170000000000007, 171.071 -0.18, 171.09774418604653 -0.1841860465116298), (171.09774418604653 -3.684186046511631, 171.04100000000003 -3.6700000000000084, 171.071 -3.68, 171.09774418604653 -3.684186046511631), (171.071 4.68, 171.04100000000003 4.670000000000007, 171.09774418604653 4.68418604651163, 171.071 4.68), (171.071 1.18, 171.04100000000003 1.170000000000008, 171.09774418604653 1.1841860465116296, 171.071 1.18), (171.071 -2.32, 171.04100000000003 -2.3299999999999907, 171.09774418604653 -2.315813953488369, 171.071 -2.32), (171.04100000000003 3.329999999999992, 171.071 3.32, 171.09774418604653 3.31581395348837, 171.04100000000003 3.329999999999992), (170.98249999999993 -0.1504999999999734, 170.93627906976755 -0.1304418604651678, 170.96 -0.143, 170.98249999999993 -0.1504999999999734), (170.98249999999993 -3.650499999999973, 170.93627906976755 -3.630441860465164, 170.96 -3.643, 170.98249999999993 -3.650499999999973), (170.96 1.143, 170.93627906976752 1.1304418604651578, 170.98249999999993 1.150499999999971, 170.96 1.143), (170.93627906976752 3.3695581395348415, 170.96 3.357, 170.98249999999993 3.349500000000027, 170.93627906976752 3.3695581395348415), (170.98249999999993 4.650499999999973, 170.96 4.643, 170.93627906976752 4.630441860465161, 170.98249999999993 4.650499999999973), (170.93627906976752 -2.3695581395348415, 170.9824999999999 -2.3495000000000306, 170.96 -2.357, 170.93627906976752 -2.3695581395348415), (170.858 -3.589, 170.8786372093023 -3.599925581395326, 170.83203957219246 -3.5691807486630505, 170.858 -3.589), (170.83203957219246 -0.0691807486630515, 170.858 -0.089, 170.8786372093023 -0.0999255813953267, 170.83203957219246 -0.0691807486630515), (170.8786372093023 3.400074418604674, 170.83203957219246 3.4308192513369495, 170.858 3.411, 170.8786372093023 3.400074418604674), (170.858 4.589, 170.83203957219246 4.569180748663056, 170.8786372093023 4.59992558139533, 170.858 4.589), (170.858 1.089, 170.83203957219246 1.0691807486630613, 170.87863720930227 1.0999255813953115, 170.858 1.089), (170.858 -2.411, 170.83203957219246 -2.430819251336931, 170.87863720930227 -2.4000744186046856, 170.858 -2.411), (170.74211006585128 4.493371589839994, 170.78849794913876 4.5359392945037795, 170.765 4.518, 170.74211006585128 4.493371589839994), (170.78849794913873 3.464060705496223, 170.74211006585128 3.5066284101600163, 170.765 3.482, 170.78849794913873 3.464060705496223), (170.78849794913873 -2.464060705496223, 170.765 -2.482, 170.74211006585128 -2.506628410160005, 170.78849794913873 -2.464060705496223), (170.765 -3.518, 170.78849794913873 -3.535939294503777, 170.74211006585128 -3.493371589839995, 170.765 -3.518), (170.74211006585128 0.0066284101600074, 170.765 -0.018, 170.78849794913873 -0.0359392945037784, 170.74211006585128 0.0066284101600074), (170.78849794913873 1.0359392945037782, 170.765 1.018, 170.74211006585128 0.9933715898399923, 170.78849794913873 1.0359392945037782), (170.686 3.567, 170.7047573656846 3.54681802426342, 170.67053615520283 3.5906790123456833, 170.686 3.567), (170.686 0.067, 170.7047573656846 0.0468180242634184, 170.67053615520283 0.0906790123456798, 170.686 0.067), (170.686 -2.567, 170.67053615520283 -2.5906790123456833, 170.7047573656846 -2.54681802426342, 170.686 -2.567), (170.686 -3.433, 170.7047573656846 -3.45318197573658, 170.67053615520283 -3.4093209876543273, 170.686 -3.433), (170.67053615520283 4.409320987654316, 170.7047573656846 4.453181975736579, 170.686 4.433, 170.67053615520283 4.409320987654316), (170.67053615520283 0.909320987654321, 170.7047573656846 0.953181975736582, 170.686 0.933, 170.67053615520283 0.909320987654321), (170.622 4.335, 170.61220077220082 4.3128996138996945, 170.63414762741647 4.353601054481468, 170.622 4.335), (170.622 3.665, 170.63414762741647 3.6463989455185333, 170.61220077220082 3.687100386100304, 170.622 3.665), (170.622 0.835, 170.61220077220082 0.8128996138996955, 170.63414762741647 0.853601054481467, 170.622 0.835), (170.622 -2.665, 170.61220077220082 -2.687100386100304, 170.63414762741647 -2.6463989455185333, 170.622 -2.665), (170.61220077220082 -3.312899613899696, 170.622 -3.335, 170.63414762741647 -3.3536010544814667, 170.61220077220082 -3.312899613899696), (170.622 0.165, 170.63414762741647 0.1463989455185329, 170.61220077220082 0.1871003861003047, 170.622 0.165), (170.575 3.771, 170.58375616438357 3.751252054794497, 170.56977846425417 3.7913459841129993, 170.575 3.771), (170.575 0.271, 170.58375616438357 0.2512520547944968, 170.56977846425417 0.2913459841129998, 170.575 0.271), (170.575 -2.771, 170.56977846425417 -2.7913459841129993, 170.58375616438357 -2.751252054794497, 170.575 -2.771), (170.575 4.229, 170.56977846425417 4.208654015886999, 170.58375616438357 4.248747945205505, 170.575 4.229), (170.575 0.729, 170.56977846425417 0.7086540158870004, 170.58375616438357 0.748747945205503, 170.575 0.729), (170.575 -3.229, 170.58375616438354 -3.2487479452054564, 170.56977846425417 -3.2086540158870007, 170.575 -3.229), (170.54462068965518 3.9, 170.546 3.884, 170.55075409836067 3.865475409835945, 170.54500000000002 3.9, 170.54462068965518 3.9), (170.54462068965518 0.4, 170.546 0.384, 170.55075409836067 0.3654754098359452, 170.54500000000002 0.4, 170.54462068965518 0.4), (170.54462068965518 -3.1, 170.546 -3.116, 170.55075409836067 -3.134524590164055, 170.54500000000002 -3.1, 170.54462068965518 -3.1), (170.55075409836067 4.134524590164054, 170.546 4.116, 170.54462068965518 4.1, 170.54500000000002 4.1, 170.55075409836067 4.134524590164054), (170.55075409836067 0.6345245901640548, 170.546 0.616, 170.54462068965518 0.6, 170.54500000000002 0.6, 170.55075409836067 0.6345245901640548), (170.55075409836067 -2.865475409835945, 170.546 -2.884, 170.54462068965518 -2.9, 170.54500000000002 -2.9, 170.55075409836067 -2.865475409835945)), ((237.463 13.576, 237.88 13.19, 238.233 12.746, 238.517 12.254, 238.724 11.725, 238.85 11.171, 238.893 10.605, 238.85 10.038, 238.723 9.485, 238.516 8.956, 238.231 8.464, 237.877 8.021, 237.46 7.634, 236.991 7.315, 236.479 7.069, 235.936 6.901, 235.375 6.817, 234.807 6.817, 234.245 6.902, 233.703 7.07, 233.191 7.317, 232.722 7.637, 232.306 8.023, 231.952 8.468, 231.668 8.96, 231.461 9.488, 231.335 10.042, 231.293 10.608, 231.335 11.175, 231.462 11.728, 231.67 12.257, 231.954 12.749, 232.308 13.193, 232.725 13.579, 233.194 13.898, 233.706 14.145, 234.249 14.312, 234.811 14.396, 235.378 14.396, 235.94 14.311, 236.483 14.143, 236.994 13.897, 237.463 13.576), (236.15827218934703 11.275272189351742, 236.24787027027156 11.162751351349739, 236.192 11.233, 236.15827218934703 11.275272189351742), (236.24121600000015 10.111896000000348, 236.15049723756843 9.881147329648508, 236.186 9.971, 236.24121600000015 10.111896000000348), (236.07262569832452 9.683076350094355, 235.992 9.478, 236.048 9.62, 236.07262569832452 9.683076350094355), (235.3093813559318 11.903300847457569, 235.31688888889005 11.9044259259261, 235.314 11.904, 235.3093813559318 11.903300847457569), (234.871 9.309, 235.01699095022732 9.331099547511476, 234.82548412698307 9.302246031745874, 234.871 9.309), (234.86 11.836, 234.633 11.802, 234.4685789473654 11.777298245613581, 234.88792366412073 11.840141221373838, 234.86 11.836), (234.15346918489172 9.779242544730272, 234.201 9.719, 234.28464601769733 9.614688495577436, 234.15346918489172 9.779242544730272), (233.86827586206908 10.137001724137757, 233.896 10.102, 233.91202320888016 10.082123107971427, 233.86827586206908 10.137001724137757), (233.665 10.392, 233.76216666666738 10.63933333333518, 233.749 10.606, 233.665 10.392)), ((216.465 13.391, 216.852 12.974, 217.171 12.505, 217.417 11.993, 217.585 11.45, 217.669 10.889, 217.669 10.321, 217.584 9.759, 217.416 9.217, 217.169 8.705, 216.849 8.236, 216.463 7.82, 216.018 7.466, 215.526 7.182, 214.998 6.975, 214.444 6.849, 213.878 6.807, 213.311 6.849, 212.758 6.976, 212.229 7.184, 211.737 7.468, 211.293 7.822, 210.907 8.239, 210.588 8.708, 210.341 9.22, 210.174 9.763, 210.09 10.324, 210.09 10.892, 210.175 11.454, 210.343 11.997, 210.589 12.508, 210.91 12.977, 211.296 13.393, 211.74 13.747, 212.232 14.031, 212.761 14.238, 213.315 14.364, 213.881 14.407, 214.448 14.364, 215.001 14.237, 215.53 14.029, 216.022 13.745, 216.465 13.391), (215.15490045249217 10.530990950203162, 215.18375396825238 10.339484126994826, 215.177 10.385, 215.15490045249217 10.530990950203162), (215.08168108108165 11.016963243239532, 215.14078616352123 10.624670440256944, 215.109 10.839, 215.08168108108165 11.016963243239532), (214.866 11.562, 214.80292364990768 11.58662569832372, 215.008 11.506, 214.866 11.562), (214.767 9.715, 214.87131150441942 9.79864601769482, 214.706757455271 9.66746918489272, 214.767 9.715), (214.3741040000009 11.755215999999653, 214.60485267034545 11.664497237570817, 214.515 11.7, 214.3741040000009 11.755215999999653), (214.384 9.41, 214.40387689202552 9.426023208877737, 214.37716722667756 9.404731181585301, 214.34899827586736 9.382275862073186, 214.384 9.41), (213.88 9.263, 214.094 9.179, 213.80756539235648 9.291611670019186, 213.88 9.263), (213.9514346076449 11.921388329980267, 213.879 11.95, 213.665 12.034, 213.9514346076449 11.921388329980267), (213.1541473296476 9.548502762431921, 213.244 9.513, 213.3848959999987 9.457784000000517, 213.1541473296476 9.548502762431921), (212.582 10.828, 212.615 10.61, 212.65 10.374, 212.684 10.147, 212.716 9.934, 212.751 9.707, 212.57152442528704 10.899051724140035, 212.582 10.828), (212.893 9.651, 212.95607635009415 9.626374301675567, 212.751 9.707, 212.893 9.651)), ((49.772 20.348, 50.064 20.282, 50.342 20.174, 50.601 20.024, 50.835 19.838, 51.039 19.62, 51.208 19.373, 51.338 19.104, 51.426 18.818, 51.471 18.523, 51.472 18.224, 51.428 17.928, 51.34 17.642, 51.211 17.373, 51.043 17.126, 50.84 16.906, 50.606 16.72, 50.348 16.57, 44.946 13.958, 44.668 13.848, 44.377 13.781, 44.079 13.758, 43.781 13.78, 43.489 13.846, 43.211 13.955, 42.951 14.104, 42.717 14.29, 42.514 14.509, 42.345 14.756, 42.215 15.025, 42.126 15.31, 42.081 15.606, 42.081 15.905, 42.125 16.2, 42.213 16.486, 42.342 16.756, 42.51 17.003, 42.713 17.222, 42.946 17.409, 43.205 17.559, 48.607 20.171, 48.885 20.28, 49.176 20.347, 49.474 20.37, 49.772 20.348), (43.39 15.017, 43.508 14.923, 43.639 14.847, 43.779 14.793, 43.927 14.759, 44.077 14.748, 44.228 14.76, 44.375 14.793, 44.515 14.849, 44.511 14.858, 49.912 17.47, 49.917 17.461, 50.048 17.536, 50.165 17.631, 50.268 17.742, 50.353 17.866, 50.418 18.003, 50.462 18.147, 50.485 18.296, 50.484 18.447, 50.462 18.597, 50.417 18.741, 50.351 18.877, 50.266 19.001, 50.163 19.112, 50.045 19.206, 49.914 19.281, 49.773 19.336, 49.626 19.369, 49.476 19.38, 49.325 19.369, 49.178 19.335, 49.037 19.28, 49.042 19.27, 43.64 16.659, 43.636 16.668, 43.505 16.592, 43.387 16.498, 43.285 16.387, 43.2 16.262, 43.135 16.126, 43.09 15.982, 43.068 15.832, 43.068 15.681, 43.091 15.532, 43.136 15.388, 43.201 15.252, 43.287 15.127, 43.39 15.017)), ((74.383 15.761, 72.556 14.944, 70.234 19.747, 72.06 20.564, 72.06001464261459 20.563969725149438, 94.809 30.742, 96.635 31.559, 98.958 26.756, 74.383 15.761)), ((70.213 30.618, 75.615 33.23, 75.893 33.34, 76.184 33.407, 76.482 33.43, 76.78 33.408, 77.072 33.342, 77.35 33.233, 77.609 33.084, 77.843 32.898, 78.047 32.679, 78.216 32.432, 78.346 32.163, 78.435 31.878, 78.48 31.582, 78.48 31.283, 78.436 30.988, 78.348 30.702, 78.219 30.432, 78.051 30.185, 77.848 29.966, 77.615 29.779, 77.356 29.629, 71.954 27.017, 71.676 26.908, 71.385 26.841, 71.087 26.818, 70.789 26.84, 70.497 26.906, 70.219 27.014, 69.96 27.164, 69.726 27.35, 69.522 27.568, 69.353 27.815, 69.223 28.084, 69.135 28.37, 69.09 28.665, 69.089 28.964, 69.133 29.26, 69.221 29.546, 69.35 29.815, 69.518 30.062, 69.721 30.282, 69.955 30.468, 70.213 30.618), (70.21 28.311, 70.295 28.187, 70.398 28.076, 70.516 27.982, 70.647 27.907, 70.788 27.852, 70.935 27.819, 71.085 27.808, 71.236 27.819, 71.383 27.853, 71.524 27.908, 71.519 27.918, 76.921 30.529, 76.925 30.52, 77.056 30.596, 77.174 30.69, 77.276 30.801, 77.361 30.926, 77.426 31.062, 77.471 31.206, 77.493 31.356, 77.493 31.507, 77.47 31.656, 77.425 31.8, 77.359 31.936, 77.274 32.061, 77.171 32.171, 77.053 32.265, 76.922 32.341, 76.782 32.395, 76.634 32.429, 76.484 32.44, 76.333 32.428, 76.186 32.395, 76.046 32.339, 76.05 32.33, 70.648 29.718, 70.644 29.727, 70.513 29.652, 70.396 29.557, 70.293 29.446, 70.208 29.321, 70.143 29.185, 70.099 29.041, 70.076 28.892, 70.077 28.741, 70.099 28.591, 70.144 28.447, 70.21 28.311)), ((73.49 41.901, 73.694 41.682, 73.863 41.435, 73.993 41.166, 74.081 40.881, 74.126 40.585, 74.127 40.286, 74.083 39.991, 73.995 39.705, 73.866 39.435, 73.698 39.188, 73.495 38.969, 73.262 38.782, 73.003 38.632, 67.601 36.02, 67.323 35.91, 67.032 35.843, 66.734 35.821, 66.436 35.842, 66.144 35.908, 65.866 36.017, 65.607 36.166, 65.373 36.352, 65.169 36.571, 65 36.818, 64.87 37.087, 64.781 37.372, 64.736 37.668, 64.736 37.967, 64.78 38.263, 64.868 38.548, 64.997 38.818, 65.165 39.065, 65.368 39.285, 65.601 39.471, 65.86 39.621, 71.262 42.233, 71.54 42.343, 71.831 42.41, 72.129 42.432, 72.427 42.411, 72.719 42.345, 72.997 42.236, 73.256 42.087, 73.49 41.901), (73.072 40.803, 73.006 40.939, 72.921 41.064, 72.818 41.174, 72.7 41.268, 72.569 41.343, 72.429 41.398, 72.281 41.432, 72.131 41.443, 71.98 41.431, 71.833 41.397, 71.693 41.342, 71.697 41.333, 66.295 38.721, 66.291 38.73, 66.16 38.654, 66.042 38.56, 65.94 38.449, 65.855 38.324, 65.79 38.188, 65.745 38.044, 65.723 37.894, 65.723 37.743, 65.746 37.594, 65.791 37.45, 65.857 37.314, 65.942 37.189, 66.045 37.079, 66.163 36.985, 66.294 36.91, 66.434 36.855, 66.582 36.821, 66.732 36.81, 66.883 36.822, 67.03 36.856, 67.17 36.911, 67.166 36.92, 72.568 39.532, 72.572 39.523, 72.703 39.599, 72.821 39.693, 72.923 39.804, 73.008 39.929, 73.073 40.065, 73.117 40.209, 73.14 40.359, 73.14 40.51, 73.117 40.659, 73.072 40.803)), ((139.475 50.725, 141.797 45.922, 139.971 45.105, 115.396 34.11, 113.073 38.913, 137.648 49.908, 139.475 50.725)), ((103.491 46.489, 103.789 46.467, 104.08 46.401, 104.359 46.293, 104.618 46.143, 104.852 45.957, 105.055 45.739, 105.224 45.492, 105.354 45.223, 105.443 44.937, 105.488 44.642, 105.488 44.343, 105.444 44.047, 105.357 43.762, 105.227 43.492, 105.059 43.245, 104.856 43.025, 104.623 42.839, 104.364 42.689, 98.963 40.077, 98.685 39.967, 98.393 39.9, 98.095 39.877, 97.797 39.899, 97.506 39.965, 97.227 40.074, 96.968 40.223, 96.734 40.409, 96.53 40.628, 96.362 40.875, 96.232 41.144, 96.143 41.429, 96.098 41.725, 96.097 42.024, 96.142 42.319, 96.229 42.605, 96.358 42.875, 96.526 43.122, 96.729 43.341, 96.963 43.528, 97.221 43.678, 102.623 46.29, 102.901 46.399, 103.193 46.466, 103.491 46.489), (97.151 42.245, 97.107 42.101, 97.085 41.951, 97.085 41.8, 97.108 41.651, 97.152 41.507, 97.218 41.371, 97.303 41.246, 97.406 41.136, 97.524 41.042, 97.655 40.966, 97.796 40.912, 97.943 40.878, 98.094 40.867, 98.244 40.879, 98.391 40.912, 98.532 40.968, 98.527 40.977, 103.929 43.589, 103.934 43.58, 104.064 43.655, 104.182 43.75, 104.285 43.861, 104.369 43.986, 104.435 44.122, 104.479 44.266, 104.501 44.415, 104.501 44.566, 104.478 44.716, 104.434 44.86, 104.368 44.996, 104.283 45.12, 104.18 45.231, 104.061 45.325, 103.931 45.4, 103.79 45.455, 103.643 45.488, 103.492 45.499, 103.342 45.488, 103.194 45.454, 103.054 45.399, 103.058 45.39, 97.657 42.778, 97.652 42.787, 97.522 42.711, 97.404 42.617, 97.301 42.506, 97.216 42.381, 97.151 42.245)), ((100.265 55.146, 100.499 54.96, 100.702 54.741, 100.871 54.495, 101.001 54.226, 101.09 53.94, 101.135 53.645, 101.135 53.346, 101.091 53.05, 101.004 52.764, 100.874 52.495, 100.706 52.248, 100.503 52.028, 100.27 51.841, 100.011 51.691, 94.61 49.08, 94.331 48.97, 94.04 48.903, 93.742 48.88, 93.444 48.902, 93.152 48.968, 92.874 49.077, 92.615 49.226, 92.381 49.412, 92.177 49.631, 92.008 49.877, 91.878 50.146, 91.79 50.432, 91.745 50.727, 91.744 51.026, 91.788 51.322, 91.876 51.608, 92.005 51.877, 92.173 52.125, 92.376 52.344, 92.61 52.531, 92.868 52.681, 98.27 55.293, 98.548 55.402, 98.839 55.469, 99.137 55.492, 99.436 55.47, 99.727 55.404, 100.005 55.295, 100.265 55.146), (93.891 49.881, 94.038 49.915, 94.179 49.971, 94.174 49.98, 99.576 52.592, 99.58 52.583, 99.711 52.658, 99.829 52.753, 99.931 52.863, 100.016 52.988, 100.082 53.124, 100.126 53.269, 100.148 53.418, 100.148 53.569, 100.125 53.718, 100.08 53.863, 100.015 53.998, 99.929 54.123, 99.827 54.234, 99.708 54.328, 99.577 54.403, 99.437 54.458, 99.29 54.491, 99.139 54.502, 98.988 54.491, 98.841 54.457, 98.701 54.401, 98.705 54.392, 93.304 51.78, 93.299 51.79, 93.169 51.714, 93.051 51.62, 92.948 51.509, 92.863 51.384, 92.798 51.248, 92.754 51.103, 92.731 50.954, 92.732 50.803, 92.754 50.654, 92.799 50.51, 92.865 50.374, 92.95 50.249, 93.053 50.138, 93.171 50.045, 93.302 49.969, 93.443 49.914, 93.59 49.881, 93.741 49.87, 93.891 49.881)), ((132.064 58.798, 132.233 58.551, 132.363 58.282, 132.451 57.997, 132.496 57.701, 132.497 57.402, 132.453 57.107, 132.365 56.821, 132.236 56.552, 132.068 56.304, 131.865 56.085, 131.631 55.898, 131.373 55.748, 125.971 53.136, 125.693 53.027, 125.402 52.96, 125.104 52.937, 124.805 52.959, 124.514 53.025, 124.236 53.134, 123.976 53.283, 123.742 53.469, 123.539 53.687, 123.37 53.934, 123.24 54.203, 123.151 54.489, 123.106 54.784, 123.106 55.083, 123.15 55.379, 123.238 55.665, 123.367 55.934, 123.535 56.181, 123.738 56.401, 123.971 56.588, 124.23 56.737, 129.631 59.349, 129.91 59.459, 130.201 59.526, 130.499 59.549, 130.797 59.527, 131.089 59.461, 131.367 59.352, 131.626 59.203, 131.86 59.017, 132.064 58.798), (124.951 53.938, 125.102 53.927, 125.253 53.938, 125.4 53.972, 125.54 54.027, 125.536 54.037, 130.937 56.648, 130.942 56.639, 131.072 56.715, 131.19 56.809, 131.293 56.92, 131.378 57.045, 131.443 57.181, 131.487 57.326, 131.51 57.475, 131.509 57.626, 131.487 57.775, 131.442 57.919, 131.376 58.055, 131.291 58.18, 131.188 58.29, 131.07 58.384, 130.939 58.46, 130.798 58.515, 130.651 58.548, 130.5 58.559, 130.35 58.547, 130.203 58.514, 130.062 58.458, 130.067 58.449, 124.665 55.837, 124.661 55.846, 124.53 55.771, 124.412 55.676, 124.31 55.565, 124.225 55.441, 124.159 55.304, 124.115 55.16, 124.093 55.011, 124.093 54.86, 124.116 54.71, 124.161 54.566, 124.226 54.43, 124.312 54.306, 124.415 54.195, 124.533 54.101, 124.664 54.026, 124.804 53.971, 124.951 53.938)), ((127.711 67.801, 127.879 67.554, 128.009 67.285, 128.098 67, 128.143 66.704, 128.144 66.405, 128.099 66.11, 128.012 65.824, 127.883 65.554, 127.715 65.307, 127.512 65.088, 127.278 64.901, 127.02 64.751, 121.618 62.139, 121.34 62.029, 121.048 61.962, 120.75 61.94, 120.452 61.961, 120.161 62.028, 119.882 62.136, 119.623 62.285, 119.389 62.471, 119.186 62.69, 119.017 62.937, 118.887 63.206, 118.798 63.491, 118.753 63.787, 118.753 64.086, 118.797 64.382, 118.884 64.667, 119.014 64.937, 119.182 65.184, 119.385 65.404, 119.618 65.59, 119.877 65.74, 125.278 68.352, 125.556 68.462, 125.848 68.529, 126.146 68.552, 126.444 68.53, 126.735 68.464, 127.014 68.355, 127.273 68.206, 127.507 68.02, 127.711 67.801), (120.18 63.104, 120.31 63.029, 120.451 62.974, 120.598 62.94, 120.749 62.929, 120.899 62.941, 121.047 62.975, 121.187 63.03, 121.183 63.039, 126.584 65.651, 126.589 65.642, 126.719 65.718, 126.837 65.812, 126.94 65.923, 127.025 66.048, 127.09 66.184, 127.134 66.328, 127.156 66.478, 127.156 66.629, 127.133 66.778, 127.089 66.922, 127.023 67.058, 126.938 67.183, 126.835 67.293, 126.717 67.387, 126.586 67.462, 126.445 67.517, 126.298 67.551, 126.147 67.562, 125.997 67.55, 125.85 67.516, 125.709 67.461, 125.714 67.452, 120.312 64.84, 120.307 64.849, 120.177 64.773, 120.059 64.679, 119.956 64.568, 119.872 64.443, 119.806 64.307, 119.762 64.163, 119.74 64.013, 119.74 63.863, 119.763 63.713, 119.807 63.569, 119.873 63.433, 119.958 63.309, 120.061 63.198, 120.18 63.104)), ((178.24 77.328, 178.22 77.42, 178.02955923069777 78.7385953265817, 177.791 79.952, 177.76282611180795 80.58543224759072, 177.668 81.242, 177.7330562635586 81.25474639260564, 177.615 83.909, 178.031 87.848, 179.029 91.68, 180.587 95.322, 182.67 98.69, 185.232 101.711, 188.216 104.315, 191.555 106.446, 195.174 108.056, 195.82547711206635 108.26538924766231, 195.823 108.278, 196.01092930986383 108.32499486611754, 196.823 108.586, 196.92 108.613, 197.033 108.645, 197.164 108.681, 197.347 108.729, 197.591 108.793, 197.844 108.855, 198.131 108.924, 198.42 108.989, 198.992 109.108, 199.549 109.211, 199.56462947901727 109.21365701143293, 199.57 109.215, 199.63181250000127 109.22507812500021, 199.849 109.262, 200.092 109.3, 200.304 109.331, 200.535 109.364, 200.768 109.395, 200.947 109.417, 201.094 109.434, 201.193 109.445, 202.925 109.579, 203.16440401629384 109.57174350039018, 203.413 109.596, 203.501 109.598, 205.50089551520247 109.50092284369177, 206.884 109.459, 207.07295767571003 109.42461319505175, 207.271 109.415, 207.353 109.405, 209.46591159473695 108.98913980475655, 210.78 108.75, 210.91424978379294 108.70407998323839, 211.062 108.675, 211.135 108.655, 213.3875129949548 107.85810254548238, 214.528 107.468, 214.60888815423414 107.4260025941743, 214.705 107.392, 214.769 107.364, 217.16370086045262 106.09953511512774, 218.043 105.643, 218.08190294901712 105.61470032119578, 218.123 105.593, 218.177 105.559, 221.242 103.316, 221.24277116935468 103.31534879032272, 221.246 103.313, 221.2486655546289 103.31037130942448, 221.287 103.278, 223.998 100.61, 224.033 100.57, 224.04927440455893 100.54849428401475, 224.066 100.532, 224.48785863874505 99.96892973270661, 226.332 97.532, 226.357 97.493, 226.39575966868384 97.42238393695673, 226.441 97.362, 227.01536805886755 96.29352224569068, 228.193 94.148, 228.21 94.11, 228.2568643518848 93.98400807500047, 228.316 93.874, 228.7832245738839 92.56892102171304, 229.542 90.529, 229.552 90.495, 229.59084395772052 90.31303137203014, 229.651 90.145, 229.9332590658415 88.70895158517561, 230.351 86.752, 230.355 86.723, 230.37036220110883 86.48510356582446, 230.415 86.258, 230.48138827106064 84.76577272547794, 230.602 82.898, 230.602 82.875, 230.57839113041874 82.5854130003606, 230.591 82.302, 230.43439272414776 80.819124856774, 230.29 79.048, 230.288 79.031, 230.20976725986657 78.69220249186137, 230.175 78.363, 229.805 76.653, 229.776 76.538, 229.744 76.412, 229.706 76.27, 229.654 76.079, 229.589 75.847, 229.515 75.589, 229.431 75.313, 229.4251717927671 75.29440524359019, 229.423 75.285, 229.419 75.274, 229.41786978019027 75.27110834632127, 229.347 75.045, 229.177 74.53, 228.988 73.996, 228.882 73.712, 228.794 73.483, 228.715 73.282, 228.628 73.067, 228.538 72.849, 228.468 72.683, 228.409 72.547, 228.369 72.455, 228.0871909694007 71.86658274410865, 228.017 71.687, 227.91845808752916 71.51426848676091, 227.619 70.889, 226.88255267737895 69.69845727931366, 226.103 68.332, 225.7900131111038 67.93225488066638, 225.535 67.52, 224.65563980333843 66.48343958082826, 223.72566510682847 65.29568105412235, 223.726 65.296, 223.722 65.291, 223.31683634422802 64.90530279452327, 222.973 64.5, 221.9817171790012 63.63433062396852, 220.933 62.636, 220.924 62.629, 220.43391447831775 62.28266249279842, 219.99 61.895, 218.90995895534346 61.205701567486344, 217.784 60.41, 217.769 60.401, 217.18575997973392 60.10529185888378, 216.651 59.764, 215.52678932668536 59.26417823338954, 214.345 58.665, 214.324 58.656, 213.65137287511016 58.430371913802766, 213.032 58.155, 211.90344069954068 57.84404023465605, 210.69 57.437, 210.661 57.43, 209.91268864188177 57.29551452364055, 209.214 57.103, 208.09276530747206 56.96844043354356, 206.894 56.753, 206.859 56.749, 206.0485038352151 56.72310826601106, 205.281 56.631, 204.1953262309328 56.66390751510181, 203.04 56.627, 202.999 56.628, 202.13889524007664 56.72623934609518, 201.322 56.751, 200.30979544550377 56.93515525510337, 199.208 57.061, 199.162 57.07, 198.27506646134665 57.30534330995772, 197.425 57.46, 196.50171455726982 57.77589323127305, 195.48 58.047, 195.43 58.065, 194.53463750824974 58.44890971828765, 193.678 58.742, 192.85986163050327 59.167012990811095, 191.934 59.564, 191.882 59.591, 190.99927136111546 60.13356713928967, 190.163 60.568, 189.45552111757937 61.08242969627152, 188.646 61.58, 188.594 61.617, 187.757850189081 62.316858541876485, 186.96 62.897, 185.7011363684858 64.03833083875708, 185.686 64.051, 185.6665347862533 64.06970187203115, 185.664 64.072, 185.65524999999982 64.08054411764722, 185.635 64.1, 185.6328086956521 64.1024573913044, 185.579 64.155, 185.486 64.246, 185.382 64.349, 185.242 64.49, 185.074 64.663, 184.888 64.856, 184.691 65.066, 184.5 65.273, 184.139 65.678, 183.771 66.109, 183.579 66.342, 183.424 66.533, 183.29 66.702, 183.147 66.885, 183.11954277286134 66.9209056047198, 183.115 66.926, 183.069 66.986, 183.0642402745995 66.99322425629293, 183.004 67.072, 182.895 67.216, 182.806 67.335, 182.747 67.415, 181.765 68.848, 181.42333174483917 69.48377628920323, 180.989 70.143, 180.949 70.215, 180.4121839546193 71.36532009724438, 179.89 72.337, 179.66354639684099 72.96954343534074, 179.353 73.635, 179.321 73.718, 178.93954996251432 74.99185257661729, 178.555 76.066, 178.4347533225297 76.67762118933194, 178.24 77.328), (229.41943295201517 75.27587180750399, 229.41907852392194 75.2749648144176, 229.41787317542642 75.27111917874137, 229.419 75.274, 229.41943295201517 75.27587180750399), (226.8899523809524 80.61509523809525, 226.93699999999998 80.635, 227.02899999999994 80.67639999999997, 227.07065217391317 80.70139130434792, 227.14896226415095 80.75116981132076, 227.20177777777778 80.79342222222222, 227.26452043455768 80.84852664252456, 227.30292086330934 80.88890647482013, 227.3650753768845 80.96236180904532, 227.39626022304827 81.00609665427498, 227.4416567164179 81.07895522388057, 227.47541441441444 81.1438738738739, 227.50278217821787 81.20818811881203, 227.52848669796552 81.27941105894612, 227.54782802547774 81.35280891719755, 227.56199999999998 81.41799999999995, 227.57090265486727 81.50257522123906, 227.57514972585406 81.5695845634753, 227.5718747697974 81.64116574585645, 227.56654044117647 81.71637977941165, 227.5456028708128 81.82176555024223, 227.53819464469623 81.85727394438712, 227.492348837209 81.9867209302334, 227.489 81.996, 227.4632139534886 82.0448372093019, 227.4189842990654 82.12663177570097, 227.38780971659932 82.17035222672048, 227.33028006206362 82.24726687354537, 227.2929919028339 82.28645748987864, 227.2246376367615 82.35355754923411, 227.1840086767896 82.38576789587852, 227.10639513677805 82.4421003039514, 227.055044642857 82.47238392857149, 226.98779179810745 82.50775394321757, 226.92225806451594 82.5360645161291, 226.8419266055047 82.56321100917427, 226.78745248868773 82.57818099547512, 226.70072593431487 82.59426274065684, 226.6432547448334 82.60241164065795, 226.51265217391298 82.60582608695651, 226.50500615384615 82.6058823076923, 226.354 82.588, 226.206 82.548, 226.066 82.485, 225.937 82.403, 225.821 82.302, 225.722 82.185, 225.642 82.055, 225.581 81.914, 225.543 81.766, 225.527 81.614, 225.534 81.461, 225.563 81.31, 225.615 81.166, 225.687 81.031, 225.779 80.908, 225.888 80.801, 226.012 80.711, 226.148 80.64, 226.293 80.591, 226.444 80.563, 226.597 80.558, 226.749 80.577, 226.8899523809524 80.61509523809525), (216.9987777777783 100.82344444444466, 217.12170460704607 100.87788346883468, 217.20046153846081 100.92615384615338, 217.24596572280188 100.95507898658725, 217.31292499999984 101.01008124999987, 217.3615330798479 101.05240380228138, 217.4179534883722 101.11458139534896, 217.46036220472442 101.16470078740157, 217.50050943396226 101.22345283018868, 217.54544444444437 101.29647222222209, 217.57023523717336 101.34721587608924, 217.60558536585364 101.42892682926822, 217.62732807570984 101.49711987381724, 217.64655869074488 101.57201805869065, 217.65765023011176 101.63590532544377, 217.66718969555035 101.7271264637003, 217.6687854251012 101.78497165991898, 217.66558058925474 101.86669497400348, 217.6564 101.94499999999995, 217.64313333333328 102.01133333333352, 217.62305122950826 102.08731967213092, 217.59699270072977 102.1594817518252, 217.57110344827595 102.22143103448259, 217.53239999999983 102.29400000000028, 217.49584615384623 102.35492307692296, 217.44743538268492 102.4196461731495, 217.40722674418606 102.46957558139535, 217.309 102.566, 217.1932470308789 102.65001425178146, 217.168515151515 102.66460606060615, 217.06998212605848 102.71604609595477, 217.033805111821 102.73223961661344, 216.95341447368403 102.75996052631585, 216.8892027998487 102.7796458569807, 216.79900781249992 102.79577343750002, 216.74401355421685 102.8042936746988, 216.6609755501221 102.80700733496333, 216.59179874213842 102.80797484276731, 216.448 102.79, 216.3 102.75, 216.16 102.688, 216.031 102.605, 215.916 102.504, 215.817 102.388, 215.736 102.257, 215.676 102.116, 215.637 101.968, 215.621 101.816, 215.628 101.663, 215.658 101.512, 215.709 101.368, 215.782 101.233, 215.874 101.111, 215.983 101.003, 216.107 100.913, 216.243 100.842, 216.388 100.793, 216.538 100.765, 216.691 100.761, 216.843 100.779, 216.9906691152986 100.81990833599488, 216.9987777777783 100.82344444444466), (211.238 99.49, 211.205 99.352, 211.191 99.212, 211.197 99.071, 211.223 98.932, 211.269 98.798, 211.333 98.672, 211.413 98.557, 211.51 98.453, 211.62 98.365, 211.741 98.293, 212.982 97.602, 214.161 96.811, 215.27 95.923, 215.37731226918348 95.84155765285183, 215.4321904761907 95.81047619047607, 215.4933469387755 95.7769387755102, 215.54999999999993 95.75333333333336, 215.6244794086589 95.72512143611405, 215.6774285714287 95.71114285714283, 215.7537096188747 95.69400725952815, 215.82034275618392 95.68522614840988, 215.88391120507399 95.67981606765328, 215.9525877862595 95.67928778625955, 216.02989581624294 95.68425758818705, 216.08326421136897 95.69129063250598, 216.1565572649573 95.70605470085471, 216.2240533672173 95.72412452350699, 216.29242031029614 95.7487983074753, 216.34209779688342 95.76891563675444, 216.4216452020201 95.81091666666661, 216.4674156142366 95.8376498277842, 216.52220920502052 95.87706276150597, 216.5771771321463 95.91881724461113, 216.6322222222222 95.9717037037037, 216.67360696517414 96.01264344941958, 216.757 96.12, 217.038 96.538, 217.109 96.664, 217.162 96.799, 217.195 96.94, 217.207 97.084, 217.198 97.228, 217.169 97.37, 217.119 97.506, 217.05 97.633, 216.964 97.749, 216.862 97.852, 215.622 98.839, 214.307 99.722, 212.924 100.496, 212.802 100.548, 212.674 100.583, 212.543 100.602, 212.41 100.602, 212.279 100.585, 212.152 100.552, 212.031 100.502, 211.918 100.437, 211.814 100.358, 211.721 100.265, 211.641 100.162, 211.36 99.743, 211.29 99.621, 211.238 99.49), (213.039 63.235, 213.00060804490178 63.088323043342754, 212.99749999999995 63.062249999999445, 212.98437783375314 62.93758942065491, 212.9857979452055 62.89470205479474, 212.9906605191257 62.78842008196713, 213.00015111111097 62.733666666667446, 213.0189316266001 62.63652606930987, 213.03853776435002 62.579308157100925, 213.067975879397 62.49722110552759, 213.1130666666667 62.408999999999956, 213.13640476190477 62.36524107142859, 213.19460000000026 62.28389999999965, 213.22756721782883 62.24018260244434, 213.28737707948247 62.178094269870584, 213.33392072368423 62.13197763157891, 213.41896911196918 62.06731274131269, 213.4533711911357 62.04234349030473, 213.50909503239757 62.01036285097184, 213.5897036247334 61.96887313432838, 213.6354427860697 61.950502487562176, 213.7188299319728 61.92174829931972, 213.77843623361142 61.905915375446966, 213.87142268041237 61.88928865979381, 213.9159383350463 61.88351181911614, 214.02339999999987 61.88, 214.06244444444448 61.88, 214.206 61.897, 214.33971929824557 61.93404385964911, 214.3908617021277 61.954324468085126, 214.46752862849536 61.98827696404795, 214.51951253481894 62.01641504178273, 214.59790536277603 62.0668538380652, 214.6347867036011 62.09324930747921, 214.7220000000001 62.16908695652182, 214.7405882352941 62.186058823529386, 214.80569230769242 62.263000000000126, 214.83891318225344 62.30307053941909, 214.87358064516113 62.35870967741908, 214.92142177493142 62.43804117108881, 214.932042553191 62.46299999999881, 214.97927946537064 62.57588821385185, 214.99714545454532 62.644145454544955, 215.0175476772616 62.725202933985294, 215.0219473684211 62.76700000000063, 215.03278118487643 62.87678267341471, 215.03043790849674 62.927999999999585, 215.0251309854804 63.029494902687716, 215.01611731843593 63.076117318434925, 214.99521003500584 63.17995682613774, 214.945 63.319, 214.872 63.454, 214.80695737704963 63.54191475409778, 214.77816360403077 63.57978482513342, 214.671 63.685, 214.63057746478842 63.71457746478896, 214.545 63.776, 214.409 63.846, 214.265 63.895, 214.115 63.922, 213.96278372225385 63.92697438816164, 213.811 63.909, 213.663 63.868, 213.62912903225575 63.85299999999897, 213.526 63.807, 213.43822857142882 63.751457142857305, 213.3960393676379 63.7243121512709, 213.283 63.627, 213.18850000000026 63.51722727272758, 213.1837718309859 63.511639436619696, 213.14579245283002 63.451622641509175, 213.09907871433262 63.37512889471969, 213.0983076923071 63.37338461538325, 213.039 63.235), (200.233 82.092, 200.427 81.527, 200.704 80.997, 201.056 80.514, 201.476 80.088, 201.955 79.731, 202.482 79.448, 203.045 79.248, 203.632 79.133, 204.229 79.107, 204.824 79.171, 205.402 79.322, 205.951 79.558, 206.459 79.873, 206.915 80.26, 207.307 80.711, 207.628 81.216, 207.871 81.762, 208.029 82.339, 208.099 82.932, 208.08 83.53, 207.973 84.118, 207.778 84.683, 207.502 85.214, 207.15 85.697, 206.73 86.122, 206.251 86.48, 205.724 86.762, 205.161 86.963, 204.574 87.077, 203.976 87.103, 203.382 87.04, 202.804 86.888, 202.254 86.652, 201.746 86.337, 201.291 85.95, 200.898 85.499, 200.577 84.995, 200.335 84.448, 200.177 83.872, 200.107 83.278, 200.125 82.68, 200.233 82.092), (190.54785244704163 64.57191599707816, 190.53908217716113 64.49349946638205, 190.53692778457773 64.41486413708688, 190.54021111111112 64.34309999999998, 190.5477983193277 64.27481512605051, 190.56563301400152 64.1850471628591, 190.579884057971 64.13073913043483, 190.60804148471615 64.05123580786028, 190.63709631049352 63.98293148059416, 190.67045000000002 63.921249999999965, 190.7097021276596 63.855829787234036, 190.76136842105262 63.78731578947369, 190.7985794117647 63.741517647058835, 190.89576136363635 63.64522727272727, 190.896 63.645, 190.9062000000001 63.63732258064507, 191.0061417816812 63.56478419071524, 191.04710653266335 63.54037085427134, 191.1316533066133 63.496232464929825, 191.17227180067948 63.47783918459797, 191.2585755208333 63.44867447916668, 191.3169092480553 63.431216940363, 191.3983855421685 63.41600803212854, 191.46120483546008 63.405760913364674, 191.5945074626865 63.40229850746269, 191.60704972375692 63.40212430939226, 191.758 63.42, 191.905 63.461, 192.045 63.523, 192.174 63.605, 192.29 63.706, 192.389 63.823, 192.47 63.953, 192.53 64.094, 192.568 64.242, 192.584 64.395, 192.578 64.548, 192.548 64.698, 192.497 64.842, 192.424 64.977, 192.332 65.1, 192.223 65.207, 192.099 65.297, 191.963 65.368, 191.818 65.418, 191.668 65.445, 191.514 65.45, 191.362 65.431, 191.2213786021862 65.39273567406427, 191.17530303030276 65.37313636363625, 191.075 65.328, 190.9539022711631 65.25161527873364, 190.90790923824972 65.21342463533236, 190.83945990859988 65.15330826755292, 190.80754639175277 65.11846391752597, 190.73855755395684 65.03693165467627, 190.70977777777773 64.99393964334698, 190.66375338280227 64.92007333042339, 190.62994845360825 64.85087886597938, 190.60092485549134 64.78267341040466, 190.5786719242902 64.71288012618295, 190.55931949250288 64.6375074971165, 190.54785244704163 64.57191599707816), (186.393 95.316, 186.432 95.465, 186.448 95.617, 186.441 95.77, 186.412 95.92, 186.36 96.065, 186.34730283414694 96.08848106013923, 186.218 95.918, 185.474 94.81, 185.3660713145676 94.62736368253047, 185.45545018450161 94.62444280442804, 185.47018287937743 94.62414007782101, 185.621 94.642, 185.769 94.683, 185.909 94.745, 186.038 94.828, 186.153 94.928, 186.252 95.045, 186.333 95.176, 186.393 95.316), (184.89422171945682 96.5228325791854, 184.86003178594552 96.5008344049107, 184.41938812682045 95.84481319373377, 184.40972693032015 95.78157627118637, 184.40162959285004 95.7041454816285, 184.40075397426193 95.64066313398946, 184.40491282034412 95.54976264105008, 185.12819226850465 96.62690461492357, 185.078 96.613, 184.9495215801024 96.55610241404536, 184.89422171945682 96.5228325791854)), ((52.477 175.374, 52.54115587651311 175.38847619777732, 52.352 178.038, 52.663 181.987, 53.558 185.845, 55.019 189.526, 57.012 192.949, 59.492 196.037, 62.405 198.72, 65.686 200.939, 69.261 202.645, 69.90602625870201 202.87158817166156, 69.903 202.885, 70.10165266911903 202.94030883235885, 70.895 203.219, 70.991 203.249, 71.104 203.284, 71.233 203.323, 71.415 203.376, 71.658 203.446, 71.909 203.515, 72.194 203.591, 72.48 203.664, 73.05 203.798, 73.604 203.917, 73.62271841567116 203.92064318157358, 73.624 203.921, 73.716 203.939, 73.71887500640608 203.9393582227233, 73.902 203.975, 74.144 204.02, 74.356 204.057, 74.585 204.096, 74.817 204.133, 74.995 204.16, 75.142 204.18, 75.241 204.194, 76.968 204.374, 77.2006035214673 204.37317787192615, 77.456 204.405, 77.544 204.409, 79.57970308788511 204.36476903730616, 80.929 204.36, 81.11378548168969 204.3314370934026, 81.318 204.327, 81.399 204.319, 83.55402873622091 203.95424057603125, 84.843 203.755, 84.97529470534083 203.71367758608633, 85.127 203.688, 85.201 203.67, 87.45245535791275 202.93993340976067, 88.624 202.574, 88.71031297291208 202.53205509373646, 88.803 202.502, 88.868 202.476, 91.26202911977343 201.29201560743184, 92.186 200.843, 92.22722203677485 200.8146724790178, 92.267 200.795, 92.323 200.763, 95.447 198.603, 95.492 198.566, 98.274 195.971, 98.31 195.932, 98.32647978628046 195.91137601178693, 98.344 195.895, 98.80052524627135 195.31812147480926, 100.688 192.956, 100.715 192.918, 100.75746424443498 192.84527667078314, 100.802 192.789, 101.39240920859721 191.75788391770902, 102.639 189.623, 102.657 189.586, 102.70667802820614 189.46258822004853, 102.77 189.352, 103.27681335709994 188.04623941771598, 104.084 186.041, 104.095 186.008, 104.13950333576791 185.82359363876125, 104.203 185.66, 104.52493620041338 184.2264937619842, 104.993 182.287, 104.998 182.258, 105.01937753608182 182.02486269935912, 105.071 181.795, 105.17671035708868 180.30903590569284, 105.348 178.441, 105.348 178.418, 105.33204859133943 178.12545574451698, 105.352 177.845, 105.23659945052066 176.374945903568, 105.139 174.585, 105.137 174.567, 105.06799164555119 174.22710002671485, 105.042 173.896, 104.718 172.177, 104.692 172.062, 104.663 171.934, 104.629 171.792, 104.582 171.599, 104.523 171.365, 104.455 171.106, 104.38 170.828, 104.37266811427752 170.80229079032378, 104.372 170.799, 104.37070698630318 170.79541410781636, 104.303 170.558, 104.146 170.038, 103.972 169.499, 103.873 169.213, 103.791 168.981, 103.718 168.779, 103.636 168.561, 103.552 168.341, 103.486 168.173, 103.431 168.036, 103.394 167.943, 103.12442384288097 167.33911894747064, 103.062 167.166, 103.06 167.16, 102.96683526641667 166.9861027295718, 102.686 166.357, 101.98213635002327 165.1481062348869, 101.239 163.761, 100.93749343781653 163.3539202396618, 100.693 162.934, 99.84159732064505 161.87429364214103, 98.94284130696214 160.66083619695976, 98.944 160.662, 98.94 160.657, 98.5447058556237 160.2601054744724, 98.212 159.846, 97.24756839073719 158.95771644090212, 96.223 157.929, 96.214 157.921, 95.72589585561194 157.5561896946814, 95.299 157.163, 94.25620268340165 156.45773720038656, 93.134 155.619, 93.119 155.61, 92.53720850699136 155.29515016062595, 92.018 154.944, 90.91881132163647 154.41931732364628, 89.743 153.783, 89.722 153.773, 89.05299296568889 153.5286944598392, 88.444 153.238, 87.32194175048343 152.89655551288135, 86.121 152.458, 86.093 152.45, 85.34419516900398 152.2947234177518, 84.655 152.085, 83.54871977049845 151.9224030588944, 82.346 151.673, 82.311 151.668, 81.48970981688183 151.619777457138, 80.736 151.509, 79.66737476739848 151.51277796799403, 78.496 151.444, 78.455 151.444, 77.58321775401795 151.5201461998595, 76.776 151.523, 75.76908545495444 151.67860237541572, 74.654 151.776, 74.608 151.784, 73.71159911976983 151.99655364815817, 72.861 152.128, 71.92829170595067 152.4194096548339, 70.901 152.663, 70.85 152.678, 69.93325297232492 153.0427273120858, 69.081 153.309, 68.25484151563943 153.71048240775636, 67.316 154.084, 67.263 154.11, 66.36841689926432 154.62721486450687, 65.519 155.04, 64.79931425614542 155.5344119826848, 63.975 156.011, 63.922 156.048, 63.076634739788474 156.71786379131834, 62.254 157.283, 60.95361619042191 158.4001345462841, 60.95 158.403, 60.94461314341179 158.40786888960855, 60.927 158.423, 60.90625882352974 158.44253529411733, 60.898 158.45, 60.895413090049445 158.4527504616976, 60.841 158.504, 60.745 158.593, 60.638 158.693, 60.495 158.83, 60.322 158.998, 60.131 159.186, 59.928 159.391, 59.732 159.593, 59.361 159.988, 58.981 160.409, 58.782 160.637, 58.623 160.824, 58.484 160.989, 58.336 161.168, 58.188 161.351, 58.075 161.492, 57.984 161.608, 57.923 161.687, 56.903 163.094, 56.54256885320883 163.7234724855291, 56.093 164.368, 56.051 164.438, 55.48452393044957 165.57128772918946, 54.935 166.531, 54.691698103892264 167.1574090658506, 54.363 167.815, 54.33 167.896, 53.917501395521086 169.15066865253567, 53.501 170.223, 53.36365868624352 170.8352539534819, 53.153 171.476, 53.13 171.567, 52.90415791607881 172.8836628077917, 52.634 174.088, 52.58866746846809 174.7229769487626, 52.477 175.374), (101.70353959355285 176.06285809390326, 101.7090647773281 176.06540485829967, 101.83099766627768 176.123301050175, 101.8850631578949 176.15737593984974, 101.95385449177559 176.20378279207083, 102.00711242603533 176.24907692307679, 102.0619848178139 176.29957894736856, 102.1079259259258 176.35040740740726, 102.16156164383564 176.41745205479455, 102.19427906976743 176.46590697674415, 102.23886956521739 176.54234782608694, 102.26617509247842 176.59783970406903, 102.29627586206897 176.6728275862069, 102.31766666666667 176.737, 102.33847540983608 176.82880327868858, 102.34721575984992 176.87739962476547, 102.35509090909092 176.97715151515155, 102.35714838709679 177.0258451612903, 102.34966159052453 177.12997969543147, 102.34515158636897 177.175401880141, 102.32784615384605 177.2540629370634, 102.311 177.324, 102.2919393939402 177.3733333333313, 102.25853643516935 177.4586301744783, 102.25126582278479 177.4716962025317, 102.18241244573083 177.59128364688857, 102.1776686930091 177.59751671732528, 102.09430769230764 177.70369230769236, 102.05900000000005 177.73899999999995, 101.98312903225808 177.80945161290322, 101.95177815699644 177.83303412969295, 101.8648350515465 177.89306627393216, 101.81787400881029 177.91911189427327, 101.73921752641405 177.95730018645116, 101.6780548696845 177.98137997256515, 101.60726315789476 178.0036842105263, 101.53684745762705 178.02128813559324, 101.4598392857143 178.03301785714285, 101.39594482758628 178.0401172413793, 101.31691304347827 178.0406304347826, 101.24752485981301 178.0390998130841, 101.109 178.018, 100.962 177.974, 100.824 177.908, 100.697 177.822, 100.584 177.718, 100.489 177.599, 100.411 177.466, 100.355 177.324, 100.32 177.175, 100.308 177.022, 100.319 176.869, 100.353 176.72, 100.408 176.577, 100.484 176.444, 100.579 176.324, 100.691 176.219, 100.818 176.132, 100.955 176.065, 101.102 176.02, 101.253 175.996, 101.406 175.996, 101.558 176.018, 101.70353959355285 176.06285809390326), (91.39004096961423 196.0533216114715, 91.47172549019571 196.10621568627425, 91.51579795021968 196.13606002928262, 91.57523255813943 196.18793023255805, 91.63090163934424 196.23962295081964, 91.66614285714284 196.28042857142856, 91.7293265306123 196.35940816326539, 91.75304878048766 196.39651219512172, 91.80494312796212 196.48547393364936, 91.830571884984 196.54228434504788, 91.85984959543075 196.61522179914326, 91.88081320224715 196.68629353932573, 91.89950859106531 196.76877319587638, 91.90731147540983 196.8222786885245, 91.915 196.91966666666673, 91.915 196.9755999999999, 91.90962267343485 197.05787309644677, 91.89794501718214 197.1379484536082, 91.88370172684458 197.20078649921507, 91.86177608142494 197.27697811704834, 91.834979253112 197.34616265560174, 91.80533126934988 197.4118823529411, 91.76001428571425 197.4901571428572, 91.73069058295962 197.53602242152468, 91.66933333333354 197.61352631578922, 91.63642735042727 197.65197435897443, 91.53648275862035 197.74567241379341, 91.535 197.747, 91.52560000000045 197.75379999999967, 91.42051993067595 197.82635528596185, 91.38330072840793 197.8469916753382, 91.29403128258578 197.89033263816486, 91.25610712250725 197.906282051282, 91.1539939577038 197.9377552870091, 91.11553503709814 197.94834542456718, 91.02070724637665 197.96341739130438, 90.96088888888893 197.971, 90.82 197.971, 90.668 197.949, 90.521 197.904, 90.383 197.839, 90.256 197.753, 90.144 197.649, 90.048 197.529, 89.971 197.397, 89.914 197.255, 89.879 197.105, 89.867 196.953, 89.878 196.8, 89.912 196.65, 89.967 196.508, 90.043 196.375, 90.138 196.255, 90.25 196.15, 90.377 196.063, 90.514 195.996, 90.661 195.951, 90.812 195.927, 90.965 195.927, 91.117 195.949, 91.256 195.991, 91.3602403433476 196.0391716738197, 91.39004096961423 196.0533216114715), (85.596 194.643, 85.548 194.51, 85.518 194.372, 85.508 194.232, 85.518 194.091, 85.548 193.953, 85.597 193.82, 85.664 193.696, 85.748 193.582, 85.847 193.482, 85.959 193.396, 86.083 193.327, 87.342 192.67, 88.541 191.91, 89.673 191.053, 89.78449999999997 190.97349565217394, 89.81981818181814 190.95445454545458, 89.90301182033106 190.91119385342785, 89.96047589098498 190.88934800838587, 90.02774910210371 190.86575218060543, 90.10134599156115 190.8483670886076, 90.15946421663442 190.83699613152805, 90.22795859872598 190.8295626326964, 90.29727956254291 190.82562952836636, 90.3591633780583 190.82705761641674, 90.4449186351704 190.83496412948378, 90.48505701754405 190.84118713450295, 90.58166726943944 190.86358951175407, 90.62103206806285 190.87524149214659, 90.71276063183475 190.91095261239366, 90.7461976149915 190.9257206132879, 90.82869565217399 190.97200000000004, 90.87218010291589 190.99903087478555, 90.92670850202421 191.04053036437242, 90.98141498559082 191.08451008645537, 91.0205294117648 191.12401960784322, 91.07626769731483 191.1822351505288, 91.154 191.289, 91.424 191.715, 91.492 191.842, 91.542 191.978, 91.571 192.12, 91.579 192.265, 91.566 192.409, 91.533 192.55, 91.48 192.684, 91.408 192.81, 91.318 192.924, 91.213 193.023, 89.948 193.977, 88.609 194.825, 87.206 195.561, 87.083 195.61, 86.954 195.642, 86.822 195.657, 86.69 195.654, 86.559 195.634, 86.433 195.597, 86.314 195.544, 86.202 195.476, 86.1 195.393, 86.01 195.299, 85.933 195.193, 85.663 194.767, 85.596 194.643), (88.31271739130436 158.3062826086957, 88.28131291028446 158.17258924663955, 88.27563636363638 158.11136363636382, 88.26850799623706 158.0204769520226, 88.27306825938567 157.94396587030707, 88.27830968622101 157.8715388813097, 88.29075939849626 157.81012030075178, 88.31194300518135 157.7166632124352, 88.33146153846157 157.6639999999999, 88.36371955719555 157.58012915129154, 88.40114285714294 157.51099999999985, 88.43873170731707 157.44521951219514, 88.50099999999998 157.36400000000003, 88.52736332179931 157.3306989619377, 88.60095000000032 157.2584749999997, 88.64025294117634 157.2219794117648, 88.70581000000053 157.17415499999962, 88.76571482889727 157.13279214195188, 88.81780334728043 157.1051896792189, 88.89318660812293 157.06859055982437, 88.95131088082907 157.04655958549222, 89.02963129973473 157.02188328912467, 89.09147524752474 157.0073886138614, 89.18085903083717 156.99386343612332, 89.22761492537302 156.98890447761195, 89.32898387096775 156.98824193548387, 89.37726853377272 156.98970510708403, 89.518 157.011, 89.65193791786069 157.05136485195803, 89.69283333333306 157.06878985507234, 89.78137931034489 157.1111379310345, 89.82509090909089 157.13663636363634, 89.90497297297279 157.1907297297296, 89.9392727272728 157.2164545454546, 90.0217582608698 157.29237043478284, 90.04641625725762 157.31647431889226, 90.10089075630415 157.38400000000203, 90.13902016129029 157.43176209677412, 90.19531578947341 157.5289999999995, 90.21618925671459 157.56601561524056, 90.26547887323972 157.69100000000068, 90.27115193798448 157.7056468217054, 90.29249328859072 157.79650000000055, 90.30642318307267 157.85939558417658, 90.31144680851068 157.92344680851122, 90.3177475409836 158.01051147540986, 90.31196078431375 158.09099999999967, 90.30630174793008 158.16315271389146, 90.29068131868132 158.23368131868133, 90.27249620548746 158.31284004670167, 90.22200000000139 158.4417857142822, 90.21790909090906 158.45215909090916, 90.1740000000004 158.5289999999993, 90.13946666666664 158.58820000000003, 90.11900000000101 158.61405263157766, 90.04459498956155 158.70725469728606, 90.02300000000108 158.727499999999, 89.932 158.812, 89.8087583187391 158.89611733800348, 89.671 158.963, 89.525 159.009, 89.4003125 159.0286875, 89.372 159.033, 89.22 159.033, 89.069 159.011, 88.922 158.966, 88.78412126537796 158.90005799648512, 88.77470731706707 158.89370731706904, 88.65975255869954 158.8158639373871, 88.549 158.715, 88.47699999999966 158.6272499999996, 88.45128888888891 158.59511111111115, 88.39249999999896 158.49585714285539, 88.37538732394371 158.46652112676065, 88.34904405286325 158.40293392070438, 88.31521401273885 158.31654649681528, 88.31271739130436 158.3062826086957), (74.888 177.411, 75.011 176.826, 75.22 176.266, 75.511 175.743, 75.876 175.27, 76.307 174.856, 76.795 174.511, 77.33 174.243, 77.898 174.057, 78.487 173.958, 79.085 173.948, 79.678 174.028, 80.252 174.194, 80.795 174.445, 81.294 174.773, 81.739 175.173, 82.12 175.634, 82.427 176.147, 82.655 176.7, 82.797 177.28, 82.852 177.875, 82.817 178.472, 82.693 179.057, 82.484 179.617, 82.194 180.14, 81.829 180.613, 81.398 181.027, 80.909 181.372, 80.375 181.64, 79.807 181.826, 79.217 181.925, 78.619 181.935, 78.027 181.855, 77.453 181.689, 76.91 181.438, 76.41 181.11, 75.965 180.71, 75.585 180.249, 75.278 179.736, 75.05 179.183, 74.907 178.603, 74.853 178.008, 74.888 177.411), (65.80490196078432 159.11529411764704, 65.7958536585366 159.05014634146343, 65.79 158.976, 65.79 158.8962727272727, 65.79510840108401 158.82521951219516, 65.80495780590718 158.7543037974683, 65.8237626404494 158.67134129213494, 65.8424086670324 158.60812671420726, 65.87002074688793 158.53683734439844, 65.90028571428573 158.46974999999998, 65.93789655172411 158.4039310344828, 65.97850672645743 158.3404125560538, 66.02736734693882 158.27869387755098, 66.06836065573764 158.230286885246, 66.16751724137931 158.13732758620688, 66.169 158.136, 66.18122772277229 158.12724752475245, 66.27940381282494 158.0594592720971, 66.32874089490114 158.03210405827264, 66.40349322210625 157.995811261731, 66.45163646723655 157.97556410256408, 66.54162537764347 157.94782779456196, 66.59073376623374 157.9343051948052, 66.68269047619064 157.9197857142857, 66.74411111111107 157.912, 66.885 157.912, 67.037 157.934, 67.183 157.979, 67.321 158.044, 67.448 158.13, 67.561 158.234, 67.657 158.354, 67.734 158.486, 67.79 158.628, 67.825 158.778, 67.837 158.93, 67.826 159.083, 67.793 159.233, 67.737 159.375, 67.661 159.508, 67.566 159.628, 67.454 159.733, 67.328 159.82, 67.19 159.887, 67.044 159.932, 66.892 159.956, 66.739 159.956, 66.588 159.934, 66.448 159.892, 66.3644897959178 159.85340816326504, 66.3113768421054 159.82800631578957, 66.25513289760313 159.79158605664463, 66.18510361958832 159.7441646557842, 66.12922540983651 159.69495081967253, 66.07762352941165 159.6474588235293, 66.02528571428581 159.58685714285727, 65.97965306122451 159.52981632653066, 65.94053658536578 159.46863414634134, 65.90280402010053 159.40394974874377, 65.87320922570014 159.33942339373965, 65.8417635066259 159.25968603465853, 65.82659143968871 159.20824902723731, 65.80490196078432 159.11529411764704), (60.823 189.676, 60.858 189.825, 60.87 189.978, 60.859 190.131, 60.825 190.28, 60.77 190.423, 60.756499080318825 190.44662660944206, 60.632 190.273, 59.918 189.145, 59.815002907686505 188.95966881228776, 59.84692307692337 188.95946153846154, 59.924544597989986 188.9599968592965, 60.069 188.982, 60.216 189.026, 60.354 189.092, 60.481 189.178, 60.594 189.282, 60.69 189.401, 60.767 189.534, 60.823 189.676), (58.82970028818443 189.85631123919308, 59.524153732290145 190.95245834214424, 59.47500343642618 190.93730927835054, 59.46479999999941 190.93259999999972, 59.34155875831492 190.8736585365854, 59.3104121996301 190.853672828096, 59.25952914661965 190.81921658747473, 58.83486167615152 190.14866350233166, 58.82936094674557 190.10435207100596, 58.82164256480218 190.0059427012278, 58.82290693590869 189.94483143107996, 58.82899215481172 189.86074476987443, 58.82970028818443 189.85631123919308)))