MULTIPOLYGON (((36.45684169014083 -10.789534084507052, 36.476 -10.778, 36.50742244367418 -10.765070190641246, 36.582 -10.729, 36.64329902605951 -10.709159252434844, 36.685 -10.692, 36.739664866949475 -10.677968376397995, 36.789 -10.662, 36.826293103448265 -10.655732251521302, 36.872 -10.644, 36.949406691449816 -10.635040892193308, 37.027 -10.622, 37.06344306529951 -10.621842237812556, 37.088 -10.619, 37.19673118279573 -10.62126523297491, 37.258 -10.621, 37.27043014128728 -10.622800627943484, 37.28 -10.623, 37.472 -10.652, 37.659 -10.706, 37.671708052360174 -10.711528361761205, 37.68 -10.714, 37.71352673583398 -10.729720670391051, 37.836 -10.783, 37.86523182066702 -10.800855112083097, 37.889 -10.812, 37.941547368421105 -10.847469473684244, 38.021 -10.896, 38.05786746987949 -10.925985542168654, 38.089 -10.947, 38.12756716417911 -10.982674626865679, 38.171 -11.018, 38.20261022364216 -11.052089456869, 38.249 -11.095, 38.30190688259111 -11.159174089068845, 38.30190688259111 -11.159174089068847, 38.324 -11.183, 38.3354357912179 -11.199843413421707, 38.357 -11.226, 38.45 -11.367, 38.45263544610417 -11.372463060153425, 38.453 -11.373, 38.534 -11.537, 38.538750882145365 -11.550973182780503, 38.546 -11.566, 38.57215555555559 -11.649222222222326, 38.602 -11.737, 38.60497578475336 -11.753650224215212, 38.612 -11.776, 38.634373382624794 -11.918136783733969, 38.644 -11.972, 38.64413724405091 -11.980166021029307, 38.646 -11.992, 38.648 -12.21, 38.616 -12.44, 38.549 -12.66, 38.456 -12.857, 38.44955365389839 -12.866616680249948, 38.446 -12.874, 38.40733555555573 -12.929597777777522, 38.334 -13.039, 38.32200135787566 -13.052304616777326, 38.309 -13.071, 38.23835321456235 -13.145057319907053, 38.187 -13.202, 38.17309680908601 -13.213464034613288, 38.164 -13.223, 38.0255798319328 -13.335100840336112, 38.016 -13.343, 37.873 -13.432, 37.84152822791428 -13.447015943544166, 37.825 -13.457, 37.792044422507374 -13.47062586377099, 37.72 -13.505, 37.66699999999999 -13.522326923076928, 37.617 -13.543, 37.55539677891658 -13.558812591508042, 37.512 -13.573, 37.47891403379866 -13.578444526083766, 37.43 -13.591, 37.337687875150074 -13.601684273709482, 37.275 -13.612, 37.2464222346996 -13.612247426539398, 37.214 -13.616, 37.09584274809163 -13.61355114503817, 37.044 -13.614, 37.03210948081263 -13.612230248306998, 37.021 -13.612, 36.829 -13.582, 36.643 -13.529, 36.630091598599776 -13.523384480746795, 36.622 -13.521, 36.5861071428571 -13.504249999999983, 36.466 -13.452, 36.43902290076336 -13.435610687022901, 36.412 -13.423, 36.35828593213877 -13.386560808234847, 36.28 -13.339, 36.24048618784531 -13.306646408839786, 36.213 -13.288, 36.1786844461022 -13.25604364043268, 36.131 -13.217, 36.092745222929935 -13.176012738853506, 36.053 -13.139, 36.010880000000014 -13.08830000000002, 35.977 -13.052, 35.96081648522549 -13.0280383618455, 35.945 -13.009, 35.852 -12.868, 35.85018077709611 -12.86422890252215, 35.848 -12.861, 35.767 -12.697, 35.76120672327154 -12.679793103448304, 35.756 -12.669, 35.73392948717943 -12.598775641025469, 35.7 -12.498, 35.69702421524664 -12.481349775784789, 35.69 -12.459, 35.66846263345193 -12.321540925266753, 35.66846263345193 -12.321540925266747, 35.658 -12.263, 35.657845687517224 -12.253779829154068, 35.656 -12.242, 35.654 -12.025, 35.654014902055046 -12.024890397788724, 35.654 -12.024, 35.6590355329951 -11.987964467003826, 35.685 -11.797, 35.752 -11.575, 35.846 -11.378, 35.85074643713843 -11.370860730915735, 35.856 -11.36, 35.89626765188826 -11.302390804597819, 35.967 -11.196, 35.98278193799613 -11.178618541261013, 35.993 -11.164, 36.066475409836045 -11.086442622950841, 36.115 -11.033, 36.12482658959538 -11.024849710982654, 36.137 -11.012, 36.28 -10.896, 36.280646779303034 -10.895610612460423, 36.285 -10.892, 36.429 -10.803, 36.45684169014083 -10.789534084507052), (38.16953682342502 -11.021496561668144, 38.16953682342502 -11.021496561668146, 38.171 -11.018, 38.16953682342502 -11.021496561668144), (37.7187328768999 -13.500937368204845, 37.7187328768999 -13.500937368204847, 37.72 -13.505, 37.7187328768999 -13.500937368204845), (36.28007698893845 -10.896083203292225, 36.28007698893845 -10.896083203292223, 36.28 -10.896, 36.28007698893845 -10.896083203292225), (37.436 -13.257, 37.623 -13.194, 37.799 -13.098, 37.955 -12.974, 38.088 -12.827, 38.193 -12.661, 38.263 -12.496, 38.304 -12.342, 38.323 -12.196, 38.325 -12.058, 38.29 -11.828, 38.216 -11.62, 38.126 -11.461, 38.035 -11.343, 37.877 -11.193, 37.771 -11.119, 37.656 -11.056, 37.532 -11.006, 37.403 -10.969, 37.195 -10.943, 37.057 -10.946, 36.865 -10.977, 36.679 -11.041, 36.503 -11.137, 36.346 -11.261, 36.214 -11.408, 36.109 -11.574, 36.038 -11.738, 35.997 -11.892, 35.978 -12.039, 35.977 -12.177, 36.012 -12.407, 36.086 -12.615, 36.176 -12.774, 36.267 -12.892, 36.425 -13.041, 36.53 -13.116, 36.646 -13.179, 36.77 -13.229, 36.899 -13.265, 37.106 -13.292, 37.244 -13.289, 37.436 -13.257)), ((40.562 -10.883, 40.642 -10.718, 40.64594902749832 -10.712107310529852, 40.646 -10.712, 40.65080501392756 -10.704583565459634, 40.657 -10.692, 40.6823425414365 -10.655906077348014, 40.738 -10.57, 40.75573126192425 -10.548291632597417, 40.77 -10.527, 40.782225690276114 -10.51364825930372, 40.789 -10.504, 40.80942895442357 -10.48254959785525, 40.845 -10.439, 40.88596661101836 -10.400352253756258, 40.922 -10.361, 40.93692227204784 -10.34868161434977, 40.949 -10.336, 40.97534368308349 -10.316034261241986, 41.004 -10.289, 41.03432470923332 -10.268275575599338, 41.071 -10.238, 41.09924794876927 -10.220593155893532, 41.122 -10.203, 41.13153136325621 -10.197660440479504, 41.139 -10.192, 41.1710459011113 -10.174837977129968, 41.203 -10.153, 41.22867465069859 -10.140838323353298, 41.256 -10.124, 41.2895983731571 -10.109109811896287, 41.313 -10.096, 41.3317453817734 -10.088776169950737, 41.35 -10.079, 41.38635840707963 -10.06614601769912, 41.412 -10.054, 41.4182206405694 -10.052106761565833, 41.432 -10.046, 41.477386792452826 -10.032650943396227, 41.518 -10.017, 41.53717027863778 -10.012828689370481, 41.548 -10.009, 41.583224899598385 -10.001522088353417, 41.619 -9.991, 41.673083201685095 -9.982446024223275, 41.727 -9.971, 41.730649273727266 -9.970729093216752, 41.734 -9.97, 41.77187875310765 -9.966637980493404, 41.788 -9.963, 41.79876961530103 -9.962567050641164, 41.815 -9.96, 41.824050829509346 -9.959817154959408, 41.836 -9.958, 41.86768724723645 -9.958134267996765, 41.903 -9.955, 41.932973079968335 -9.955709422011084, 41.956 -9.954, 41.974687290969904 -9.955494983277593, 41.987 -9.955, 41.99107761966365 -9.95537257438551, 42.003 -9.955, 42.01215384615385 -9.956017094017094, 42.013 -9.956, 42.01601750547046 -9.956321663019693, 42.027 -9.956, 42.045189324020946 -9.958365427787477, 42.072 -9.959, 42.13536893203882 -9.968349514563105, 42.181 -9.972, 42.197507317073175 -9.975668292682927, 42.21 -9.977, 42.21726778242677 -9.97880753138075, 42.219 -9.979, 42.23523032819296 -9.983079280347964, 42.25 -9.985, 42.251906952430744 -9.98554364871929, 42.255 -9.986, 42.26922226062911 -9.990044244728656, 42.288 -9.993, 42.293042579485444 -9.994607459835972, 42.302 -9.996, 42.33091978609627 -10.005315508021393, 42.337840954274355 -10.006853545394302, 42.336 -9.955, 42.33845918367347 -9.923030612244874, 42.338 -9.902, 42.34311764705881 -9.862470588235375, 42.349 -9.786, 42.359849315068494 -9.733232876712323, 42.367 -9.678, 42.3838131868132 -9.616681318681277, 42.393 -9.572, 42.404540130151844 -9.541088937093285, 42.418 -9.492, 42.45492941176472 -9.406117647058784, 42.477 -9.347, 42.49085201305767 -9.322576713819362, 42.504 -9.292, 42.569348837209326 -9.18417441860461, 42.591 -9.146, 42.59755289421157 -9.13763772455091, 42.604 -9.127, 42.725 -8.975, 42.864 -8.84, 42.87449369544133 -8.832214354995138, 42.881 -8.826, 42.91728124999984 -8.800468750000114, 43.019 -8.725, 43.04474193548387 -8.710774193548389, 43.07 -8.693, 43.12948015122875 -8.663945179584113, 43.209 -8.62, 43.25751716581444 -8.601401753104463, 43.287 -8.587, 43.33076470588239 -8.573323529411754, 43.389 -8.551, 43.44012676056336 -8.53914788732395, 43.495 -8.522, 43.57111511464673 -8.508782405240988, 43.609 -8.5, 43.631165176223035 -8.498354550236717, 43.662 -8.493, 43.831 -8.483, 43.834543862013206 -8.483256569195527, 43.838 -8.483, 44.021 -8.495, 44.03541702741703 -8.497799422799423, 44.052 -8.499, 44.13134402852048 -8.516426024955432, 44.227 -8.535, 44.24434354194406 -8.541243675099864, 44.266 -8.546, 44.41438095238091 -8.602457142857126, 44.452 -8.616, 44.456540354736696 -8.618498281314452, 44.471 -8.624, 44.661 -8.731, 44.842 -8.871, 44.843598635311324 -8.872688558547583, 44.844 -8.873, 45.002 -9.04, 45.126 -9.219, 45.12960273972602 -9.226205479452034, 45.137 -9.237, 45.171000000000035 -9.309000000000069, 45.224 -9.415, 45.230523076923085 -9.435048868778297, 45.239 -9.453, 45.268308510638306 -9.551183510638333, 45.26830851063831 -9.551183510638346, 45.292 -9.624, 45.294576820839985 -9.639182349813947, 45.299 -9.654, 45.328 -9.835, 45.32802762803235 -9.836270889487906, 45.329 -9.842, 45.335 -10.011, 45.332570041608875 -10.045221914008355, 45.333 -10.065, 45.328959550561805 -10.096069662921288, 45.323 -10.18, 45.31001358056935 -10.241757639070217, 45.304 -10.288, 45.28808254716979 -10.346051886792539, 45.278 -10.394, 45.26645986984816 -10.42491106290671, 45.253 -10.474, 45.2160705882353 -10.55988235294117, 45.194 -10.619, 45.179928518791456 -10.64393367722918, 45.167 -10.674, 45.099 -10.78733333333334, 45.08 -10.821, 45.074851612903224 -10.82758064516129, 45.068 -10.839, 44.947 -10.991, 44.807 -11.126, 44.79669742063491 -11.133643849206365, 44.79 -11.14, 44.753718750000026 -11.165531249999981, 44.652 -11.241, 44.62625806451612 -11.255225806451616, 44.62625806451612 -11.255225806451618, 44.601 -11.273, 44.53934645669297 -11.303255905511786, 44.462 -11.346, 44.41743103448274 -11.363084770114952, 44.385 -11.379, 44.336840132304296 -11.393977949283354, 44.282 -11.415, 44.23190936555894 -11.426611919802244, 44.176 -11.444, 44.09988488535327 -11.457217594759014, 44.062 -11.466, 44.03983482377698 -11.46764544976328, 44.009 -11.473, 43.84 -11.483, 43.836351219512196 -11.482751219512195, 43.833 -11.483, 43.65 -11.472, 43.635062394603715 -11.469026981450254, 43.62 -11.468, 43.538648648648575 -11.449837837837823, 43.44718632505751 -11.431634171492027, 43.445031847133755 -11.56305732484077, 43.445 -11.57, 43.443265048996736 -11.581356042930485, 43.443 -11.596, 43.42696458684655 -11.690045531197255, 43.415 -11.773, 43.41294324213965 -11.77982605144957, 43.412 -11.786, 43.40881105081401 -11.796513566847572, 43.406 -11.813, 43.40434575569358 -11.818060041407866, 43.403 -11.826, 43.37138900785153 -11.919889364739475, 43.348 -11.997, 43.34666213858424 -11.999802467597222, 43.346 -12.002, 43.34059002770085 -12.013077562326833, 43.338 -12.021, 43.3356049382715 -12.025814814815032, 43.256 -12.19, 43.255518939393944 -12.190723484848476, 43.253 -12.196, 43.245915811088295 -12.206934291581106, 43.241 -12.217, 43.219432432432434 -12.247810810810805, 43.161 -12.338, 43.142669210526314 -12.360442368421054, 43.129 -12.381, 43.11928536931818 -12.391603551136363, 43.11 -12.405, 43.08561514587216 -12.430293606455585, 43.054 -12.469, 43.01414854111406 -12.50636074270557, 42.976 -12.548, 42.95766285060102 -12.563014310246144, 42.949 -12.572, 42.92122123893806 -12.593480088495566, 42.894 -12.619, 42.864747687564225 -12.639092497430633, 42.827 -12.67, 42.8031677631579 -12.684765624999994, 42.777 -12.705, 42.77196426659528 -12.707821065310496, 42.76 -12.717, 42.72181288343558 -12.737269938650305, 42.696 -12.755, 42.668806118687804 -12.768011426465167, 42.643 -12.784, 42.61010541945061 -12.798495916852273, 42.586 -12.812, 42.56807996251758 -12.818872247384034, 42.549 -12.829, 42.51842793791575 -12.83996270913122, 42.487 -12.855, 42.47103074245939 -12.859783062645016, 42.466 -12.862, 42.42066111771701 -12.875406658739594, 42.38 -12.891, 42.36974074074074 -12.893279835390949, 42.351 -12.9, 42.30310767014764 -12.9101670867843, 42.28 -12.917, 42.24208357183743 -12.923121923297082, 42.172 -12.938, 42.16690506329114 -12.938354430379748, 42.164 -12.939, 42.118680412371134 -12.943046391752578, 42.088 -12.948, 42.07714625401019 -12.94828118512927, 42.066 -12.95, 42.04080000000002 -12.95, 41.996 -12.954, 41.9581131292164 -12.952879086663208, 41.942 -12.954, 41.92106066536203 -12.952324853228962, 41.895 -12.953, 41.86931009957326 -12.950251778093884, 41.86079999999997 -12.95, 41.835 -12.95, 41.829131880733954 -12.949063073394495, 41.827 -12.949, 41.769290076335885 -12.940183206106871, 41.717 -12.936, 41.69946238844028 -12.932082022949425, 41.68 -12.93, 41.64442857142859 -12.921107142857148, 41.611 -12.916, 41.599811674774145 -12.9124489228631, 41.597 -12.912, 41.56709150326797 -12.902509803921568, 41.529 -12.894, 41.51493069306931 -12.888732673267327, 41.492 -12.883, 41.44370303654142 -12.863357694287181, 41.389 -12.846, 41.3859916527546 -12.844584307178634, 41.381 -12.843, 41.358683333333325 -12.83173333333333, 41.3431204819277 -12.824409638554213, 41.326 -12.818, 41.30646618516088 -12.807543663821411, 41.283 -12.798, 41.26773607748184 -12.788934624697339, 41.236 -12.774, 41.198863609291244 -12.751047647409173, 41.175 -12.739, 41.16429671398015 -12.731441182189377, 41.156 -12.727, 41.13083438914027 -12.709001809954751, 41.092 -12.685, 41.09001609442059 -12.683385193133041, 41.086 -12.681, 41.0403480855296 -12.6442869219294, 40.998 -12.614, 40.96953663071774 -12.587340647080701, 40.943 -12.566, 40.932654374548065 -12.555300072306567, 40.92 -12.545, 40.8930705993097 -12.515721054283032, 40.856 -12.481, 40.84905948258301 -12.472648808311263, 40.841 -12.465, 40.82284171539962 -12.441726705653036, 40.797 -12.415, 40.785795560747644 -12.399086448598107, 40.771 -12.383, 40.75574637508915 -12.3603696220585, 40.733 -12.333, 40.71417203911624 -12.30244585295181, 40.699 -12.283, 40.68023763336566 -12.249163595215, 40.659 -12.219, 40.655097423623815 -12.2110461776714, 40.649 -12.202, 40.6369282868526 -12.177094149716945, 40.619 -12.148, 40.59909174311925 -12.102823570924466, 40.582 -12.072, 40.5697172774869 -12.038427225130874, 40.554 -12.006, 40.54857781550652 -11.98819581211096, 40.541 -11.971, 40.527570291777174 -11.923225464190946, 40.507 -11.867, 40.49507103825136 -11.81348087431694, 40.486 -11.784, 40.483417518897284 -11.766157403290357, 40.48 -11.754, 40.477590005521805 -11.735052457205926, 40.47 -11.701, 40.45599779573842 -11.577191036002887, 40.453 -11.557, 40.453011550577536 -11.556079803990205, 40.453 -11.556, 40.453023537636916 -11.55089233278958, 40.451 -11.533, 40.45113445489469 -11.527057093654804, 40.451 -11.526, 40.453 -11.343, 40.45571003269661 -11.324816554809862, 40.456 -11.312, 40.46886790505675 -11.236531475748265, 40.484 -11.135, 40.486065533980586 -11.128144822006464, 40.487 -11.122, 40.490169663288654 -11.1115995423341, 40.493 -11.095, 40.49499738903394 -11.088890339425589, 40.496 -11.083, 40.53373207547171 -10.968660377358445, 40.551 -10.912, 40.551525455688235 -10.910893777498456, 40.553 -10.906, 40.557306282722514 -10.897223385689344, 40.562 -10.883), (42.762 -10.193, 42.770005617977525 -10.19953792134831, 42.792 -10.213, 42.804881347888 -10.222690555291887, 42.807 -10.224, 42.8089994464434 -10.225615831718791, 42.813 -10.228, 42.830772857142854 -10.242168571428568, 42.901 -10.295, 42.92482514880953 -10.317147321428573, 42.956 -10.342, 42.966047587243274 -10.35253264317916, 42.979 -10.363, 43.00631257208766 -10.392896193771628, 43.043 -10.427, 43.05315302013423 -10.439400000000003, 43.058 -10.444, 43.07909612983771 -10.471038701622978, 43.101 -10.494, 43.10897785977859 -10.505273062730614, 43.127 -10.525, 43.14476631416045 -10.55128836729432, 43.165 -10.576, 43.18007062658456 -10.600456718580205, 43.2 -10.626, 43.219440443213315 -10.661361495844899, 43.239 -10.689, 43.24208652246255 -10.695290626733199, 43.25 -10.707, 43.265008881711736 -10.738295115058511, 43.279 -10.761, 43.298884284992425 -10.805867104598281, 43.316 -10.837, 43.32775054704596 -10.869118161925613, 43.344 -10.903, 43.34885614849188 -10.918624129930405, 43.357 -10.937, 43.372739130434766 -10.992086956521696, 43.391 -11.042, 43.396775887573966 -11.067079511834319, 43.52 -11.115, 43.738 -11.154, 43.92 -11.155, 44.067 -11.135, 44.276 -11.073, 44.393 -11.018, 44.505 -10.949, 44.61 -10.867, 44.706 -10.773, 44.832 -10.606, 44.898 -10.485, 44.967 -10.303, 45.004 -10.109, 45.009 -9.909, 44.979 -9.712, 44.917 -9.524, 44.826 -9.35, 44.718 -9.207, 44.605 -9.094, 44.487 -9.005, 44.368 -8.935, 44.151 -8.851, 43.934 -8.812, 43.751 -8.811, 43.604 -8.831, 43.395 -8.893, 43.278 -8.948, 43.166 -9.017, 43.061 -9.099, 42.965 -9.194, 42.839 -9.36, 42.773 -9.481, 42.705 -9.664, 42.667 -9.857, 42.663 -10.058, 42.67531889482085 -10.141683526886453, 42.676 -10.142, 42.711421192556045 -10.163680212685165, 42.724 -10.17, 42.7288526152051 -10.173426988139196, 42.743 -10.181, 42.751311279826474 -10.18699674620391, 42.762 -10.193)), ((31.769 -7.256, 31.77037814301484 -7.255395437262356, 31.771 -7.255, 31.982 -7.162, 32.192 -7.106, 32.20088286544047 -7.1049356935416945, 32.212 -7.102, 32.28119298245612 -7.095313283208022, 32.409 -7.08, 32.432905672009866 -7.080651972872996, 32.45 -7.079, 32.534362068965535 -7.083418965517242, 32.629 -7.086, 32.64778142265193 -7.089359979281768, 32.66 -7.09, 32.84 -7.123, 32.84493939393941 -7.124631359466225, 32.847 -7.125, 33.008 -7.176, 33.0309284934498 -7.186058951965071, 33.058 -7.195, 33.09781497605573 -7.215402699172835, 33.163 -7.244, 33.21083706070286 -7.273319488817881, 33.259 -7.298, 33.31298633257408 -7.335927107061533, 33.349 -7.358, 33.372079193310356 -7.377441711756009, 33.417 -7.409, 33.488049091611884 -7.475133745651312, 33.533 -7.513, 33.55042413730145 -7.533193536607635, 33.576 -7.557, 33.65651435045323 -7.656145770392814, 33.684 -7.688, 33.68961365461846 -7.6969044176706625, 33.697 -7.706, 33.8 -7.872, 33.88 -8.049, 33.88199689922482 -8.055561240310135, 33.888 -8.069, 33.90498734177213 -8.131101265822693, 33.936 -8.233, 33.94066755572491 -8.261538769289409, 33.949 -8.292, 33.95648318515656 -8.358240046385806, 33.971 -8.447, 33.9723359063745 -8.498565986055725, 33.976 -8.531, 33.974268008474574 -8.573145127118675, 33.976 -8.64, 33.96920323325635 -8.696387990762126, 33.967 -8.75, 33.953076497232 -8.830180171112314, 33.949 -8.864, 33.944118698319556 -8.88176473726326, 33.938 -8.917, 33.92398594432314 -8.965303766375545, 33.928 -8.965, 33.952568401371146 -8.966458398254908, 33.976 -8.965, 33.98234777898158 -8.965585048754063, 33.994 -8.965, 34.004953374233125 -8.966247852760736, 34.014 -8.966, 34.049471295060094 -8.970105473965289, 34.084 -8.971, 34.114596079938515 -8.976076479631054, 34.147 -8.978, 34.17631276595744 -8.983462006079026, 34.193 -8.985, 34.208830100853376 -8.988549780191363, 34.23 -8.991, 34.25305513595165 -8.997334969788517, 34.277 -9.001, 34.288287696019296 -9.004326899879372, 34.308 -9.008, 34.3412152588556 -9.018236148955499, 34.358 -9.022, 34.39760220994473 -9.035613259668501, 34.440702290076324 -9.048895674300251, 34.452 -9.052, 34.45479069767442 -9.053237384817903, 34.467 -9.057, 34.48232835820895 -9.064737873134327, 34.518 -9.077, 34.52205405405406 -9.07902702702703, 34.525 -9.08, 34.61148291571754 -9.122714123006835, 34.664 -9.146, 34.6804647993944 -9.156784443603332, 34.689 -9.161, 34.69821052631579 -9.167105263157895, 34.716 -9.176, 34.78599999999996 -9.22499999999997, 34.847 -9.264, 34.85525000000002 -9.271200000000016, 34.864 -9.277, 34.87674792243765 -9.28852354570635, 34.896 -9.302, 34.957898959881106 -9.360784546805329, 35.012 -9.408, 35.022890013805814 -9.420629391010904, 35.041 -9.437, 35.050802879670876 -9.44901405553649, 35.055 -9.453, 35.08317073170734 -9.4886829268293, 35.11134972244248 -9.523218080888157, 35.156 -9.575, 35.163887413793105 -9.587606379310346, 35.174 -9.6, 35.18441860465117 -9.616930232558154, 35.19 -9.624, 35.20658181818178 -9.652945454545389, 35.27 -9.756, 35.271826577517764 -9.760124529878814, 35.273 -9.762, 35.2892634957689 -9.797275751386064, 35.304 -9.823, 35.3146666666669 -9.851227642277037, 35.317271239282924 -9.858024941543237, 35.344 -9.916, 35.35310226385636 -9.943650273224023, 35.363 -9.966, 35.37289311859443 -10.003184480234259, 35.387 -10.04, 35.39115812516096 -10.059253927375755, 35.397 -10.077, 35.408495106505455 -10.136998848589476, 35.421 -10.184, 35.424987096774196 -10.21589677419355, 35.433 -10.253, 35.433609723160025 -10.261861309925703, 35.436 -10.273, 35.43645802552048 -10.282951645399585, 35.438 -10.291, 35.43931073446328 -10.330485875706195, 35.445 -10.376, 35.44440828856485 -10.41880046047583, 35.448 -10.471, 35.44619065247571 -10.494415085608491, 35.447 -10.512, 35.44574929451953 -10.524447497400898, 35.446 -10.532, 35.44244089812581 -10.561108368899593, 35.442 -10.593, 35.43479453924914 -10.641894197952254, 35.431 -10.691, 35.42750379106993 -10.706033698399294, 35.426 -10.721, 35.41970429775858 -10.74706127904588, 35.418 -10.761, 35.4163839009288 -10.766823529411747, 35.414 -10.783, 35.39578230426481 -10.846087205601494, 35.383 -10.899, 35.382064129668784 -10.901424242424241, 35.381 -10.906, 35.368912389380526 -10.939136725663724, 35.36 -10.97, 35.345033350703496 -11.004598228243871, 35.323 -11.065, 35.30619094977622 -11.097963202386895, 35.3 -11.114, 35.29071408250356 -11.130167445641122, 35.283 -11.148, 35.278395348837215 -11.155720930232555, 35.273 -11.168, 35.260262334861146 -11.18803100566192, 35.246 -11.216, 35.216960384153644 -11.258733093237325, 35.2145469845723 -11.262779803646442, 35.188 -11.309, 35.163173054854255 -11.340711728253394, 35.149 -11.363, 35.136213627992625 -11.377555555555565, 35.123 -11.397, 35.098630522088385 -11.423152610441734, 35.069 -11.461, 35.05805544147843 -11.471663928815891, 35.049 -11.483, 35.01627879799668 -11.514085141903157, 34.99 -11.544, 34.97220338983052 -11.558830508474571, 34.959 -11.573, 34.93416981132072 -11.592373004354162, 34.913 -11.613, 34.90927067669173 -11.61574285714285, 34.909 -11.616, 34.90579069767433 -11.618302325581459, 34.863604395604455 -11.649329670329625, 34.822 -11.684, 34.79343055555555 -11.702180555555557, 34.777 -11.715, 34.7656954652072 -11.72134010946051, 34.7656954652072 -11.721340109460511, 34.758 -11.727, 34.74174027993778 -11.735990668740286, 34.725 -11.748, 34.70802980132452 -11.756526490066218, 34.679 -11.775, 34.619592119275815 -11.803531416400432, 34.588 -11.821, 34.560159982371104 -11.832074482150722, 34.527 -11.848, 34.523942307692316 -11.84901923076923, 34.52 -11.851, 34.462116541353346 -11.871075187969938, 34.407 -11.893, 34.39135545954439 -11.896932050274938, 34.386 -11.899, 34.37375257731959 -11.901721649484536, 34.347 -11.911, 34.324662650602406 -11.915445783132531, 34.317 -11.918, 34.28377047487955 -11.923972126634549, 34.22 -11.94, 34.18282710280374 -11.94414953271028, 34.161 -11.949, 34.153831394492705 -11.949446178766014, 34.141 -11.952, 34.122711180586585 -11.952918267083518, 34.1 -11.957, 34.057141045154744 -11.958179604261797, 34.005 -11.964, 33.94831375259158 -11.962237733241189, 33.92 -11.964, 33.913652221018424 -11.963414951245937, 33.902 -11.964, 33.890701551480944 -11.962760507757405, 33.882 -11.963, 33.84843059892138 -11.959132557479421, 33.812 -11.958, 33.75839002521715 -11.949105071448585, 33.758390025217146 -11.949105071448585, 33.703 -11.944, 33.687936323794794 -11.940642433616913, 33.665 -11.938, 33.625125506819 -11.926993918171762, 33.589 -11.921, 33.566560473494604 -11.913588780236749, 33.537 -11.907, 33.47504438110749 -11.885568811074918, 33.444 -11.877, 33.442981799797764 -11.876548533872594, 33.441 -11.876, 33.418715978128816 -11.866084143377892, 33.378 -11.852, 33.37394594594594 -11.84997297297297, 33.371 -11.849, 33.274141689373295 -11.80175204359673, 33.232 -11.783, 33.22024179620035 -11.775459412780656, 33.207 -11.769, 33.19216949152542 -11.759084745762712, 33.18 -11.753, 33.122962962962916 -11.713074074074042, 33.048 -11.665, 33.04081632653063 -11.658730612244913, 33.032 -11.653, 33.01482479784365 -11.637377358490557, 33 -11.627, 32.949441307578034 -11.578985141159013, 32.883 -11.521, 32.869325734394145 -11.505030752754003, 32.855 -11.492, 32.85470253913957 -11.491635442704895, 32.854 -11.491, 32.846768729641646 -11.481912052117208, 32.845197120329104 -11.479985944463493, 32.841 -11.476, 32.80663636363653 -11.432727272727481, 32.7909225865209 -11.413469034608324, 32.79092258652088 -11.413469034608296, 32.790922586520864 -11.41346903460828, 32.79092258652083 -11.413469034608239, 32.74 -11.354, 32.73181514990244 -11.341029093489455, 32.722 -11.329, 32.71420253164556 -11.316329113924034, 32.706 -11.306, 32.68281355932207 -11.265322033898368, 32.63442105263138 -11.186684210525998, 32.634421052631374 -11.186684210525982, 32.622 -11.167, 32.60421635883905 -11.127875989445911, 32.598 -11.118, 32.59589156626506 -11.11282730923695, 32.592 -11.106, 32.591709018375234 -11.105239240812365, 32.591 -11.104, 32.57867630057805 -11.07168786127172, 32.552 -11.013, 32.54289773614363 -10.985349726775938, 32.533 -10.963, 32.52940243902438 -10.949707317073136, 32.523 -10.934, 32.517600411946454 -10.912842430484059, 32.511 -10.896, 32.51009505106049 -10.891871170463483, 32.509 -10.889, 32.504841874839045 -10.86974607262426, 32.499 -10.852, 32.48974598316756 -10.803698546289201, 32.48974598316756 -10.803698546289192, 32.487425696594485 -10.794606811145728, 32.48742569659448 -10.794606811145705, 32.474 -10.745, 32.46923965141611 -10.705468409586004, 32.463 -10.677, 32.46239024390244 -10.667365853658517, 32.46 -10.656, 32.45954197447952 -10.646048354600422, 32.458 -10.638, 32.45659963389121 -10.600501307531369, 32.451 -10.554, 32.45100678329168 -10.553264012852527, 32.45 -10.545, 32.45071937086093 -10.497521523178827, 32.448 -10.458, 32.4486275635767 -10.449915504511893, 32.448 -10.44, 32.44937085539147 -10.425057676232964, 32.449 -10.417, 32.44954451166811 -10.411580812445983, 32.449 -10.397, 32.45268308605341 -10.367916320474768, 32.45276470588235 -10.36252941176502, 32.453 -10.337, 32.46198775773196 -10.277804768041193, 32.465 -10.239, 32.46741842187991 -10.22833920150898, 32.468 -10.222, 32.469135011441644 -10.216608695652225, 32.47 -10.208, 32.47633393177738 -10.181156193895845, 32.478 -10.168, 32.4789052744887 -10.164737890204503, 32.481 -10.15, 32.48183064840918 -10.147115384615406, 32.48183064840918 -10.147115384615404, 32.482 -10.146, 32.48938129496405 -10.12043884892079, 32.496 -10.089, 32.49945782263879 -10.077762076423936, 32.41963793103448 -10.073581034482759, 32.325 -10.071, 32.30621857734807 -10.067640020718233, 32.294 -10.067, 32.114 -10.034, 32.10920588235293 -10.032394630329195, 32.107 -10.032, 31.946 -9.981, 31.916472229675342 -9.967855379661927, 31.896 -9.961, 31.862436068702305 -9.943800572519091, 31.791 -9.912, 31.741549685190254 -9.881853818779085, 31.695 -9.858, 31.646304918032797 -9.823790163934435, 31.604 -9.798, 31.575897688145595 -9.77432685686178, 31.537 -9.747, 31.475477386934653 -9.68973366834169, 31.42 -9.643, 31.398495526748224 -9.618077597224763, 31.378 -9.599, 31.303037423846835 -9.507447345517857, 31.269 -9.468, 31.263262184550182 -9.458869389327681, 31.256 -9.45, 31.154 -9.285, 31.073 -9.108, 31.06793103448276 -9.091344827586218, 31.066 -9.087, 31.059570370370373 -9.063874074074091, 31.017 -8.924, 31.012090749208582 -8.893100597959895, 31.012090749208582 -8.893100597959892, 31.004 -8.864, 30.996469945355194 -8.794781420765053, 30.983 -8.71, 30.981681475707976 -8.658841257469453, 30.978 -8.625, 30.979729548660085 -8.58310648801127, 30.978 -8.516, 30.984984118291344 -8.455829134720734, 30.987 -8.407, 30.99886735751296 -8.336219689119135, 31.004 -8.292, 31.00981170292573 -8.270944486121547, 31.015 -8.24, 31.063 -8.078, 31.063183228108702 -8.07758207521273, 31.065 -8.071, 31.138 -7.903, 31.144673200285105 -7.891711689237349, 31.152 -7.875, 31.19439529411765 -7.807602352941171, 31.245 -7.722, 31.25883069262109 -7.705166591217754, 31.269 -7.689, 31.347797687861224 -7.5968843930636405, 31.347797687861245 -7.5968843930636165, 31.397 -7.537, 31.40526380873867 -7.529705688375921, 31.411 -7.523, 31.575 -7.379, 31.769 -7.256), (31.771044077134988 -7.2551033057851235, 31.771044077134988 -7.255103305785123, 31.771 -7.255, 31.771044077134988 -7.2551033057851235), (32.846958576998055 -7.125298245614032, 32.846958576998055 -7.125298245614033, 32.847 -7.125, 32.846958576998055 -7.125298245614032), (33.87931990952722 -8.049568433827995, 33.87931990952722 -8.049568433827996, 33.88 -8.049, 33.87931990952722 -8.049568433827995), (34.308429082240764 -9.008471990464837, 34.311171119133554 -9.009377617328512, 34.308 -9.008, 34.308429082240764 -9.008471990464837), (32.45110776983095 -10.542306973342013, 32.45110776983095 -10.542306973342008, 32.45 -10.545, 32.45110776983095 -10.542306973342013), (32.481344695518956 -10.150315970892377, 32.481344695518956 -10.150315970892375, 32.481 -10.15, 32.481344695518956 -10.150315970892377), (31.538382824480692 -9.742724661926669, 31.538382824480692 -9.742724661926667, 31.537 -9.747, 31.538382824480692 -9.742724661926669), (31.39756418436739 -7.53870665771136, 31.39756418436739 -7.5387066577113595, 31.397 -7.537, 31.39756418436739 -7.53870665771136), (32.76253232656914 -9.548318546484186, 32.773 -9.533, 32.79247088353409 -9.512104417670741, 32.827 -9.468, 32.83762731931438 -9.45764693408728, 32.847 -9.446, 32.87972120200334 -9.414914858096827, 32.906 -9.385, 32.927434140578846 -9.367265800354403, 32.937 -9.357, 32.95736674816626 -9.340997555012223, 32.982 -9.317, 32.985524096385554 -9.314402108433725, 32.987 -9.313, 32.999453038673956 -9.304133977900609, 33.038751269035515 -9.275164128595613, 33.074 -9.246, 33.096478260869574 -9.231695652173906, 33.119 -9.214, 33.130378534333516 -9.207618388151573, 33.138 -9.202, 33.15997627663852 -9.189848411741055, 33.171 -9.182, 33.188611683848784 -9.173065292096226, 33.217 -9.155, 33.26719203747074 -9.130564402810295, 33.308 -9.108, 33.3379365079365 -9.09612301587302, 33.369 -9.081, 33.37216822429906 -9.079943925233644, 33.376 -9.078, 33.43025155104344 -9.059498025944722, 33.492 -9.035, 33.50567661870503 -9.031669424460432, 33.51 -9.03, 33.51095681063123 -9.029787375415282, 33.513 -9.029, 33.53141869918699 -9.024995934959348, 33.549 -9.019, 33.564449999999994 -9.01585, 33.56487139689579 -9.015709534368069, 33.609 -8.894, 33.64 -8.748, 33.651 -8.531, 33.639 -8.402, 33.612 -8.273, 33.57 -8.146, 33.513 -8.025, 33.399 -7.85, 33.307 -7.747, 33.158 -7.621, 32.989 -7.521, 32.802 -7.449, 32.606 -7.41, 32.408 -7.405, 32.214 -7.433, 32.043 -7.486, 31.899 -7.555, 31.775 -7.635, 31.669 -7.724, 31.517 -7.9, 31.407 -8.092, 31.345 -8.263, 31.314 -8.409, 31.303 -8.626, 31.315 -8.755, 31.342 -8.883, 31.384 -9.01, 31.44 -9.132, 31.555 -9.307, 31.646 -9.41, 31.795 -9.536, 31.964 -9.636, 32.152 -9.708, 32.347 -9.746, 32.545 -9.752, 32.63683700392099 -9.738813148154936, 32.65 -9.713, 32.67311231101512 -9.679177105831526, 32.70654545454543 -9.622545454545495, 32.708 -9.62, 32.70819596541787 -9.619749691230956, 32.711 -9.615, 32.73407404744789 -9.586327102803718, 32.747 -9.566, 32.76253232656914 -9.548318546484186)), ((38.87912167606768 -4.836668815471393, 38.89 -4.841, 38.90327397260275 -4.850361643835621, 38.919 -4.858, 38.9408424396442 -4.875716645489185, 38.965 -4.891, 38.97406224572825 -4.900286004882027, 38.985 -4.908, 38.996084653689444 -4.920524219103663, 39.009 -4.931, 39.027763309813984 -4.955313021167419, 39.046 -4.974, 39.051617977528096 -4.983269662921354, 39.062 -4.995, 39.069883905013185 -5.009891820580467, 39.08 -5.023, 39.092716417910445 -5.051082089552237, 39.106 -5.073, 39.11027906976745 -5.086193798449624, 39.116 -5.097, 39.11960655737705 -5.110464480874312, 39.128 -5.129, 39.133638989169675 -5.158220216606484, 39.142 -5.184, 39.14311302211303 -5.198221949221961, 39.146 -5.209, 39.14639247311828 -5.224306451612923, 39.15 -5.243, 39.14879864113651 -5.270871525633063, 39.151 -5.299, 39.14868665850673 -5.313779681762559, 39.149 -5.326, 39.14576611086075 -5.341226228030633, 39.145 -5.359, 39.13758026159334 -5.384737217598095, 39.133 -5.414, 39.12743594009983 -5.42753078202996, 39.125 -5.439, 39.116986531986534 -5.4561717171717214, 39.113 -5.47, 39.10093617021277 -5.491973404255313, 39.089 -5.521, 39.08248732394367 -5.530098591549289, 39.076 -5.544, 39.06450638297873 -5.558327659574462, 39.057 -5.572, 39.03562740076824 -5.595564660691428, 39.021 -5.616, 39.01178218657662 -5.624052342760659, 39.003 -5.635, 38.991882352941175 -5.6437963800904996, 38.979 -5.658, 38.95197257769652 -5.676299817184645, 38.934 -5.692, 38.924984412470025 -5.696726618705035, 38.912 -5.707, 38.895788781770385 -5.714340929009635, 38.883 -5.723, 38.85232628205129 -5.73481923076923, 38.831 -5.746, 38.819031277150295 -5.7490990443093, 38.806 -5.755, 38.79318088432336 -5.757609200535952, 38.774 -5.765, 38.74099395770393 -5.769305135951661, 38.719 -5.775, 38.706100042936875 -5.775333619579219, 38.693 -5.778, 38.678236363636366 -5.777490909090909, 38.659 -5.78, 38.632517559009784 -5.777236614853195, 38.603 -5.778, 38.58620785597382 -5.774317512274959, 38.577 -5.774, 38.56136467236467 -5.769811965811966, 38.544 -5.768, 38.51889782016348 -5.7595565395095365, 38.489 -5.753, 38.476657142857135 -5.747122448979588, 38.465 -5.744, 38.45290192791284 -5.737357921207047, 38.434 -5.731, 38.40885714285714 -5.714836734693873, 38.384 -5.703, 38.37075810473815 -5.6922593516209465, 38.363 -5.688, 38.35208813559323 -5.678342372881362, 38.336 -5.668, 38.317583815028904 -5.649129094412334, 38.294 -5.63, 38.28652778872683 -5.620317698068568, 38.276 -5.611, 38.26519350473614 -5.595445196211102, 38.255 -5.585, 38.239373757455276 -5.559216699801207, 38.223 -5.538, 38.218605063291136 -5.528386075949356, 38.21 -5.516, 38.204302325581395 -5.501348837209303, 38.195 -5.486, 38.185598911070784 -5.456185117967341, 38.175 -5.433, 38.1723184079602 -5.41910447761193, 38.168 -5.408, 38.1658769878391 -5.393638447146875, 38.16 -5.375, 38.15744036697248 -5.342009174311944, 38.153 -5.319, 38.15334868421053 -5.308888157894714, 38.151 -5.293, 38.15245086206897 -5.277700000000009, 38.151 -5.259, 38.156130434782604 -5.228217391304378, 38.157 -5.203, 38.160855329949236 -5.189071065989836, 38.162 -5.177, 38.16728571428572 -5.161285714285698, 38.17 -5.145, 38.179524050632914 -5.121622784810125, 38.188 -5.091, 38.19555741827325 -5.077234702430865, 38.199 -5.067, 38.20719892473118 -5.053693548387092, 38.214 -5.037, 38.229129186602876 -5.016086124401902, 38.244 -4.989, 38.25354523424878 -4.978475767366727, 38.26 -4.968, 38.27371636363636 -4.954450909090912, 38.282 -4.943, 38.29991505791507 -4.927350064350048, 38.322 -4.903, 38.33408830744071 -4.894815208503687, 38.342 -4.887, 38.35593234100135 -4.878415426251691, 38.369 -4.867, 38.396334877564534 -4.852669093315683, 38.418 -4.838, 38.42755555555556 -4.834283950617283, 38.441 -4.826, 38.45726640419948 -4.820724409448818, 38.472 -4.813, 38.50224535315986 -4.805237918215613, 38.526 -4.796, 38.53913451776649 -4.794172588832488, 38.552 -4.79, 38.56648701880036 -4.788751119068935, 38.585 -4.784, 38.61610455104551 -4.783463714637146, 38.641 -4.78, 38.65385714285714 -4.78121921182266, 38.668 -4.78, 38.68266839378238 -4.782316062176166, 38.701 -4.782, 38.73018768859385 -4.788457453228728, 38.757 -4.791, 38.77327551020408 -4.796622448979592, 38.782 -4.798, 38.79285502547475 -4.802321908290874, 38.814 -4.807, 38.84031481481482 -4.819781481481484, 38.867 -4.829, 38.87912167606768 -4.836668815471393)), ((30.485078124999987 -4.4746537828947135, 30.481 -4.468, 30.469032804232814 -4.440169312169329, 30.45 -4.405, 30.430882758620683 -4.353040318302373, 30.408 -4.303, 30.40278636826043 -4.2861078331637925, 30.395 -4.268, 30.383918791683016 -4.225394664574353, 30.372 -4.193, 30.36797893628225 -4.173331753554486, 30.358 -4.141, 30.346635634028896 -4.082047351524891, 30.337 -4.045, 30.334311688311686 -4.018116883116876, 30.326 -3.975, 30.32378947368421 -3.9344736842105563, 30.319612903225806 -3.871129032258049, 30.314 -3.815, 30.314036998736068 -3.814368378719979, 30.314 -3.814, 30.314802431610943 -3.7981702127659576, 30.314 -3.786, 30.31493 -3.7720499999999992, 30.314 -3.755, 30.32076041666667 -3.680635416666645, 30.325 -3.597, 30.32742891566265 -3.5845662650602415, 30.328 -3.576, 30.331899082568807 -3.55811009174312, 30.334 -3.535, 30.350554585152835 -3.4661848617176196, 30.367 -3.382, 30.375408344429655 -3.3584793608521846, 30.379 -3.342, 30.382701347935974 -3.3325551811288956, 30.385 -3.323, 30.413499175371072 -3.2519279824079432, 30.441 -3.175, 30.44919704433498 -3.15955172413792, 30.454 -3.147, 30.45916393442623 -3.13744375353307, 30.466 -3.12, 30.49520237388724 -3.0707519287833875, 30.541 -2.986, 30.54202696871629 -2.9846030204962224, 30.545 -2.979, 30.5686591041303 -2.9459255381035585, 30.575 -2.934, 30.58020860108749 -2.927393969352448, 30.584 -2.921, 30.603462861610648 -2.8972713057075663, 30.643 -2.842, 30.664406739188102 -2.8181305386044193, 30.677 -2.801, 30.690545454545457 -2.7874545454545423, 30.698 -2.778, 30.71132686084144 -2.7649546925566204, 30.725 -2.748, 30.728540389229536 -2.7447795254598817, 30.73 -2.743, 30.739563093980994 -2.7343278775079187, 30.756 -2.716, 30.79749999999998 -2.6805000000000145, 30.837 -2.641, 30.86935294117647 -2.6166302521008395, 30.891 -2.597, 30.900803101633905 -2.5904286901135345, 30.908 -2.584, 30.9170386619139 -2.578244036194134, 30.922 -2.574, 30.945080137659772 -2.559588987217313, 30.991 -2.525, 30.99604311073542 -2.522213017751476, 30.999 -2.52, 31.038893780957633 -2.4978624105668628, 31.073 -2.475, 31.086599338660783 -2.4685761917883733, 31.089 -2.467, 31.098950000000006 -2.4623999999999966, 31.109 -2.456, 31.116021019291672 -2.452855168442273, 31.127 -2.446, 31.148675311819453 -2.436943179568397, 31.172 -2.424, 31.178161116111614 -2.4215688568856875, 31.181 -2.42, 31.228739130434775 -2.4014347826086984, 31.272 -2.381, 31.280708037825065 -2.378371158392433, 31.288 -2.375, 31.29472673267326 -2.372809900990101, 31.301 -2.37, 31.326473684210534 -2.3624736842105234, 31.328404733727808 -2.361844970414202, 31.34 -2.357, 31.345198215302826 -2.3556569204480735, 31.357 -2.351, 31.361 -2.35, 31.377307692307703 -2.345923076923074, 31.417 -2.333, 31.456999999999997 -2.323909090909092, 31.477 -2.318, 31.48656460674159 -2.316567415730334, 31.49718691588785 -2.31477570093458, 31.549 -2.303, 31.603930337078655 -2.296770786516854, 31.65 -2.289, 31.681889215948623 -2.287311747390955, 31.704 -2.284, 31.716545454545457 -2.284, 31.743 -2.281, 31.761264150943397 -2.2813805031446543, 31.765 -2.281, 31.784866366763694 -2.281860015877216, 31.82 -2.28, 31.865283806343907 -2.2835475792988316, 31.886999999999986 -2.284, 31.929 -2.284, 31.968978891820583 -2.289830255057168, 31.996 -2.291, 32.01829544034978 -2.295534665833854, 32.037 -2.297, 32.069756071805685 -2.304526927138328, 32.121 -2.312, 32.13289898642846 -2.3153751932657634, 32.15 -2.318, 32.196024390243906 -2.3316829268292696, 32.232 -2.339, 32.251672706019875 -2.3463290473407366, 32.272 -2.351, 32.30070731707318 -2.362804878048783, 32.31315238095234 -2.3665047619047503, 32.329 -2.371, 32.33050798722045 -2.3716645367412146, 32.335 -2.373, 32.371064814814844 -2.38953703703705, 32.389726829268284 -2.3977609756097507, 32.436 -2.415, 32.4657895304911 -2.4306891527253143, 32.486 -2.439, 32.493600700525384 -2.44353590192644, 32.506 -2.449, 32.52207606351696 -2.458781219368752, 32.54 -2.467, 32.56057496136013 -2.480609479649669, 32.586 -2.494, 32.63839263803681 -2.5295521472392672, 32.672 -2.55, 32.69206399999999 -2.5659719999999933, 32.726 -2.589, 32.73049442839456 -2.5930041271151496, 32.732 -2.594, 32.779122068550826 -2.6352748045700682, 32.824 -2.671, 32.82661038961039 -2.6736883116883114, 32.827 -2.674, 32.83159383450512 -2.678795024337462, 32.843 -2.688, 32.85692542372883 -2.7034237288135747, 32.869 -2.714, 32.87876476849389 -2.7250995210218276, 32.891 -2.736, 32.91470639899623 -2.7644140526976093, 32.958 -2.809, 32.96324517906338 -2.8162121212121467, 32.964 -2.817, 32.98214173228345 -2.841809206541471, 32.996 -2.857, 32.997112959112975 -2.8586947331947496, 33.001 -2.863, 33.004118924508774 -2.867588417786945, 33.008 -2.872, 33.01952716659184 -2.890050291872492, 33.032 -2.905, 33.051304397815436 -2.9363906294911915, 33.081 -2.977, 33.08340845070424 -2.981436619718337, 33.086 -2.985, 33.093678200692054 -2.9993438914027353, 33.105 -3.016, 33.11872936837248 -3.043883356385366, 33.128 -3.058, 33.13112653631285 -3.0648027932960877, 33.137 -3.074, 33.13960095824778 -3.07996851471596, 33.147 -3.092, 33.15987878787877 -3.1223030303029886, 33.176 -3.152, 33.1902609903992 -3.189158918645813, 33.202 -3.213, 33.21089163154725 -3.2383576158940053, 33.219 -3.256, 33.22510079575597 -3.2757665782493492, 33.232 -3.292, 33.236841017488075 -3.3105294117646946, 33.247 -3.337, 33.25022468544039 -3.3505296584781417, 33.25047409326415 -3.351240932642234, 33.256 -3.366, 33.258058041112456 -3.3760665054413423, 33.263619666048236 -3.4005677179962803, 33.269 -3.418, 33.277017278617706 -3.4595896328293394, 33.28518225806453 -3.4955596774194078, 33.29 -3.514, 33.29049374739475 -3.5189589412255056, 33.293 -3.53, 33.293987466767945 -3.5476224838586927, 33.301 -3.584, 33.301155906777396 -3.5868712831502947, 33.302 -3.591, 33.31035908141962 -3.718475991649208, 33.313 -3.745, 33.31260790667531 -3.7527705767984645, 33.314 -3.774, 33.312521197007484 -3.796182044887743, 33.313 -3.805, 33.30839393939393 -3.858090909091038, 33.303867924528305 -3.925981132075359, 33.302 -3.963, 33.3010891566265 -3.9676626506024064, 33.3 -3.984, 33.29586151415026 -4.002543600057457, 33.294 -4.024, 33.27440107430618 -4.104280214861198, 33.26 -4.178, 33.25359520639149 -4.195916111850839, 33.249 -4.217, 33.24328352234822 -4.231742494996698, 33.242 -4.237, 33.2191221374047 -4.294053435114191, 33.21130944625407 -4.314201954397405, 33.186 -4.385, 33.17814953271029 -4.3997196261682054, 33.173 -4.413, 33.16689675711449 -4.424294506949045, 33.161 -4.439, 33.13459999999999 -4.48406206896554, 33.086 -4.574, 33.08308571428572 -4.577964285714274, 33.082 -4.58, 33.06139575971732 -4.609014134275615, 33.045 -4.637, 33.019285714285715 -4.668311953352773, 32.984 -4.718, 32.962593260811886 -4.741869461395598, 32.95 -4.759, 32.92504884792627 -4.783795207373272, 32.898 -4.817, 32.883472151251915 -4.8300929994890165, 32.871 -4.844, 32.824055525313014 -4.8841573217201955, 32.79 -4.918, 32.76522318526542 -4.93666305525462, 32.736 -4.963, 32.72596540540541 -4.969671351351348, 32.72 -4.975, 32.71155323246217 -4.980394222833563, 32.705 -4.986, 32.67459376522165 -5.004929371651226, 32.636 -5.034, 32.5937663601947 -5.057561925365062, 32.554 -5.084, 32.53545409659004 -5.0928535719796315, 32.518 -5.104, 32.50919591141396 -5.107897643384445, 32.501 -5.113, 32.473782037239864 -5.124500547645128, 32.446 -5.14, 32.39454113821137 -5.160123577235776, 32.355 -5.179, 32.33463608995928 -5.185176731007611, 32.326 -5.189, 32.309600770218225 -5.1938729139922994, 32.288 -5.203, 32.27925839248035 -5.20520621523115, 32.267 -5.21, 32.20247637795275 -5.225704161979754, 32.151 -5.241, 32.150173736525275 -5.2411273974520505, 32.144 -5.243, 32.10354267782428 -5.249783263598324, 32.078 -5.256, 32.04196589595375 -5.260107514450868, 31.977 -5.271, 31.945574380165286 -5.272673553719009, 31.924 -5.276, 31.903347144240076 -5.275908615682478, 31.885 -5.278, 31.873952989771837 -5.277828284815106, 31.863 -5.279, 31.843019633855135 -5.278135049084638, 31.808 -5.28, 31.756798629615528 -5.276007232584697, 31.692 -5.275, 31.661322633594743 -5.270269378077694, 31.632 -5.269, 31.61098290854573 -5.264636281859071, 31.59 -5.263, 31.555126343443995 -5.254803200382136, 31.507 -5.248, 31.49550025239778 -5.244698637051994, 31.478 -5.242, 31.425677668031796 -5.226161888701517, 31.396 -5.22, 31.376851129205722 -5.212900906437242, 31.356 -5.208, 31.327963316488855 -5.196601909039864, 31.298 -5.188, 31.294390977443605 -5.186421052631578, 31.293 -5.186, 31.28408695652174 -5.181913043478262, 31.233123287671248 -5.159616438356171, 31.191 -5.144, 31.16385831960461 -5.129886326194399, 31.142 -5.121, 31.1339914346895 -5.116246252676656, 31.122 -5.111, 31.098686039544635 -5.096899940083881, 31.088 -5.092, 31.0765504587156 -5.084486238532113, 31.041 -5.066, 30.991718816067664 -5.032207188160684, 30.955 -5.01, 30.929297872340413 -4.9894042553191404, 30.901 -4.97, 30.897937046004838 -4.967271186440676, 30.896 -4.966, 30.852573426573446 -4.927923076923094, 30.804 -4.889, 30.798564742589694 -4.883361934477371, 30.787 -4.874, 30.770712833545105 -4.85614675984752, 30.758 -4.845, 30.748235231506115 -4.833900478978176, 30.736 -4.823, 30.707864785034452 -4.789277650147679, 30.67 -4.75, 30.65431929046564 -4.728561529933491, 30.631 -4.703, 30.624887335874632 -4.69369207962728, 30.619 -4.687, 30.6072243119266 -4.668651834862381, 30.595 -4.654, 30.57026749611196 -4.613646967340569, 30.542 -4.575, 30.51886018237083 -4.532241641337402, 30.499 -4.502, 30.49585569105691 -4.495123983739839, 30.49 -4.486, 30.485078124999987 -4.4746537828947135)), ((32.0859294117647 -0.0001176470588222, 32.108 0.059, 32.12207148120856 0.083933677229207, 32.135 0.114, 32.203 0.2273333333333418, 32.222 0.261, 32.227148387096776 0.2675806451612924, 32.234 0.279, 32.355 0.431, 32.495 0.566, 32.505302579365086 0.5736438492063569, 32.512 0.58, 32.54828124999992 0.6055312499999425, 32.65 0.681, 32.67574193548387 0.6952258064516162, 32.701 0.713, 32.76265354330709 0.7432559055118131, 32.84 0.786, 32.884568965517246 0.8030847701149443, 32.917 0.819, 32.965159867695704 0.8339779492833526, 33.02 0.855, 33.07009063444107 0.8666119198022484, 33.126 0.884, 33.20211511464671 0.8972175947590093, 33.24 0.906, 33.262165176223036 0.9076454497632821, 33.293 0.913, 33.462 0.923, 33.46564878048781 0.9227512195121954, 33.469 0.923, 33.652 0.912, 33.66693760539629 0.9090269814502533, 33.682 0.908, 33.763351351351396 0.8898378378378294, 33.85481367494249 0.871634171492028, 33.85504025764895 0.8854557165861833, 33.853 0.942, 33.854278672985785 0.954921327014224, 33.854 0.965, 33.85669285714285 0.9862642857142905, 33.857 1.005, 33.85864539496378 1.016408071748907, 33.859 1.036, 33.86686917141898 1.0821516269708042, 33.872 1.134, 33.879306321515664 1.1648326767961097, 33.883 1.194, 33.88550556665715 1.2026385954895653, 33.887 1.213, 33.89202107692308 1.229664153846163, 33.896 1.253, 33.91126038500506 1.2996788247213464, 33.922 1.345, 33.94087104622873 1.3935255474453128, 33.95 1.425, 33.95249689440994 1.430373751012694, 33.956 1.442, 33.96140997229916 1.4530775623268497, 33.964 1.461, 33.97825721784775 1.4896614173228024, 33.992 1.525, 34.018597374179436 1.5726334792122767, 34.042 1.623, 34.0529574468085 1.6405319148936002, 34.061 1.657, 34.082000000000015 1.6870000000000165, 34.086285714285694 1.6938571428571083, 34.102 1.722, 34.11170183486238 1.7345229357798135, 34.132 1.767, 34.17339644970415 1.8181597633136195, 34.192 1.845, 34.211382708763644 1.865105045736198, 34.238 1.898, 34.23935683052869 1.8992974691930633, 34.243 1.904, 34.33295944055943 1.991212587412575, 34.353 2.012, 34.35992513006108 2.017354897082111, 34.374 2.031, 34.388001755309816 2.0414391785150108, 34.398 2.051, 34.45065406737873 2.088150369761657, 34.47372049689444 2.10534782608698, 34.525 2.145, 34.530035733404716 2.147821065310496, 34.542 2.157, 34.56717884586409 2.170365074581887, 34.578 2.178, 34.6478243626062 2.2138073654390773, 34.716 2.252, 34.731460130125576 2.2579288848539836, 34.754 2.27, 34.76413052076468 2.2734515491100926, 34.773 2.278, 34.85035684647299 2.30391078838173, 34.86583661417318 2.3094616141732125, 34.922 2.331, 34.93225925925926 2.333279835390948, 34.951 2.34, 34.970391996462524 2.344116736679194, 34.979 2.347, 35.00891176470589 2.352294117647061, 35.13 2.378, 35.13509493670886 2.3783544303797464, 35.138 2.379, 35.175908192911095 2.382384660081348, 35.192 2.386, 35.201524214659685 2.3863848167539268, 35.205 2.387, 35.23018244803696 2.38754272517321, 35.23656826568265 2.3878007380073796, 35.306 2.394, 35.343953488372094 2.3928837209302327, 35.36 2.394, 35.370067114093956 2.3931946308724834, 35.39 2.394, 35.41590789473684 2.391644736842105, 35.43 2.392, 35.431025489423206 2.3918712389961896, 35.437 2.392, 35.43713867758923 2.3919812755997656, 35.438 2.392, 35.456670284938944 2.3895685210312076, 35.476 2.389, 35.521033783783786 2.3820878378378376, 35.588 2.376, 35.62416370808678 2.3677554240631165, 35.653 2.364, 35.660798071772895 2.361782538832352, 35.674 2.36, 35.68305819824608 2.3572189742226954, 35.691 2.356, 35.72994179894181 2.3436402116402095, 35.73449397590348 2.3426024096385842, 35.773 2.334, 35.77420327754535 2.3335495118549465, 35.781 2.332, 35.831781994704315 2.3131615180935587, 35.864 2.304, 35.87081637717121 2.3009478908188608, 35.881 2.298, 35.89099801305705 2.293377803008801, 35.902 2.29, 35.9080014164306 2.287125637393767, 35.921 2.283, 35.94292514619884 2.2719309941520422, 35.967 2.263, 36.026300589390964 2.2313280943025524, 36.065 2.214, 36.0710027401431 2.210159537220275, 36.08 2.206, 36.08904793388429 2.2004138842975243, 36.092 2.199, 36.10577586206902 2.19008620689652, 36.109073518379574 2.1880502625656515, 36.127 2.179, 36.13545057814249 2.173032077582988, 36.143 2.169, 36.14520187793427 2.167427230046949, 36.146 2.167, 36.16387169386607 2.1542183455261648, 36.195 2.135, 36.2225561797753 2.1145224719100986, 36.245 2.1, 36.25009268292684 2.0955804878048703, 36.251 2.095, 36.26942190016101 2.079695652173934, 36.304 2.054, 36.332632548618236 2.0271821903786984, 36.381 1.987, 36.40708955223882 1.959336078229525, 36.419 1.949, 36.43022852576907 1.9357718737515042, 36.446 1.921, 36.452940517416984 1.9126488083112714, 36.461 1.905, 36.473774547449246 1.8886269884805404, 36.497 1.864, 36.52285778275476 1.8285207166853257, 36.569 1.773, 36.58782796088375 1.7424458529518134, 36.603 1.723, 36.61329815668204 1.704428110599055, 36.626 1.687, 36.64082431807675 1.6581599630143182, 36.669 1.614, 36.67479545454544 1.6013143939394148, 36.683 1.588, 36.70290825688074 1.5428235709244764, 36.72 1.512, 36.72999230769232 1.4846876923076693, 36.736 1.473, 36.74297260273972 1.4520821917808429, 36.759 1.417, 36.760335463258784 1.412507987220464, 36.761 1.411, 36.764753846153894 1.3976461538459979, 36.77740384615384 1.3550961538461832, 36.795 1.307, 36.80240000000001 1.273799999999967, 36.809 1.254, 36.811141116751266 1.2416162436548435, 36.814 1.232, 36.81790604026845 1.208563758389302, 36.822 1.194, 36.824409994478195 1.1750524572059424, 36.832 1.141, 36.837981481481485 1.0881111111110588, 36.846 1.04, 36.846970126960414 1.008632561613179, 36.851 0.973, 36.850865545105314 0.9670570936547886, 36.851 0.966, 36.85029205921938 0.9012234185733147, 36.852 0.846, 36.8519072039072 0.8450622710622873, 36.852 0.842, 36.85084745762712 0.8305898305084966, 36.851 0.824, 36.85092297476759 0.8233891102257288, 36.851 0.82, 36.84925636942675 0.80645780254775, 36.849 0.783, 36.846289967303385 0.7648165548098217, 36.846 0.752, 36.838416610850636 0.7075244474213387, 36.832 0.644, 36.8241533212924 0.6110780654224446, 36.822 0.594, 36.821820312499995 0.5933710937499698, 36.821 0.587, 36.81834051259961 0.5772847297006243, 36.818 0.575, 36.81488584070794 0.5646646017698279, 36.81269077306733 0.556645885286795, 36.809 0.535, 36.798004499437575 0.5013667041620077, 36.786 0.451, 36.78311341825162 0.4434786250218157, 36.783 0.443, 36.77820754716979 0.4306765498651814, 36.772 0.408, 36.76244444444446 0.3855555555555955, 36.756 0.363, 36.750658385093175 0.3515039157439984, 36.749 0.346, 36.74353559322034 0.334755932203369, 36.741 0.327, 36.72925440613029 0.3031417624521405, 36.715 0.266, 36.69930903928062 0.237260766682397, 36.686 0.206, 36.67199884459851 0.182214904679397, 36.664 0.165, 36.65183495145632 0.1458834951456428, 36.645 0.132, 36.6306343283582 0.1114776119402805, 36.62 0.092, 36.61417613273773 0.083985960433979, 36.603 0.065, 36.585098765432114 0.0410123456790332, 36.573 0.022, 36.54343824701196 -0.0148127490039708, 36.523967741935486 -0.0409032258064479, 36.512 -0.058, 36.508418614534634 -0.0617390565235881, 36.503 -0.069, 36.489923312883434 -0.0814539877300662, 36.467 -0.11, 36.46266806552052 -0.1141424123460036, 36.462 -0.115, 36.390297704447605 -0.1850602582496701, 36.353 -0.224, 36.34101715738192 -0.2332122431688141, 36.331 -0.243, 36.317380740993684 -0.2530734164247934, 36.307 -0.263, 36.24567592592588 -0.3065092592592971, 36.18 -0.357, 36.1704686367438 -0.3623395595204891, 36.163 -0.368, 36.14671735159819 -0.3767200913241902, 36.128 -0.39, 36.05432668711657 -0.4274033742331246, 35.989 -0.464, 35.970254618226605 -0.4712238300492563, 35.952 -0.481, 35.941321572580655 -0.4847752016128987, 35.933 -0.489, 35.8695 -0.5101666666666648, 35.86587306501544 -0.5114489164086817, 35.784 -0.543, 35.764829721362226 -0.5471713106295161, 35.754 -0.551, 35.74129933481153 -0.5536962305986693, 35.726 -0.559, 35.67134889753567 -0.5685460440985716, 35.575 -0.589, 35.57135072627274 -0.5892709067832468, 35.568 -0.59, 35.531993783554675 -0.5931958180276914, 35.5 -0.599, 35.45854778887304 -0.5997146932952925, 35.399 -0.605, 35.36902692003167 -0.6042905779889154, 35.346 -0.606, 35.30597899159663 -0.602798319327731, 35.294902743142146 -0.6025361596009975, 35.268 -0.603, 35.25761323681489 -0.6016535677352638, 35.23 -0.601, 35.174708133971286 -0.5922966507177032, 35.121 -0.588, 35.07720000000001 -0.5782666666666678, 35.052 -0.575, 35.043056330172895 -0.5724991634132746, 35.032 -0.571, 35.024131442596115 -0.5685947641123509, 35.014 -0.567, 34.9852311557789 -0.5578291457286438, 34.964159045725644 -0.5531464546056991, 34.966 -0.605, 34.96354081632653 -0.6369693877551256, 34.964 -0.658, 34.95888235294118 -0.6975294117646813, 34.953 -0.774, 34.94215068493151 -0.8267671232876768, 34.935 -0.882, 34.91818681318681 -0.9433186813187088, 34.909 -0.988, 34.89745986984816 -1.0189110629067104, 34.884 -1.068, 34.847070588235276 -1.1538823529412199, 34.825 -1.213, 34.81114798694233 -1.2374232861806367, 34.798 -1.268, 34.732651162790674 -1.37582558139539, 34.711 -1.414, 34.70444710578843 -1.4223622754490919, 34.698 -1.433, 34.577 -1.585, 34.438 -1.72, 34.42750630455867 -1.7277856450048605, 34.421 -1.734, 34.38471875000006 -1.7595312499999558, 34.283 -1.835, 34.25725806451612 -1.8492258064516167, 34.232 -1.867, 34.172519848771316 -1.896054820415857, 34.093 -1.94, 34.04448283418554 -1.9585982468955458, 34.015 -1.973, 33.971235294117626 -1.9866764705882416, 33.913 -2.009, 33.86187323943665 -2.02085211267605, 33.807 -2.038, 33.73088488535329 -2.0512175947590094, 33.693 -2.06, 33.670834823776964 -2.061645449763282, 33.64 -2.067, 33.471 -2.077, 33.467456137986794 -2.076743430804474, 33.464 -2.077, 33.281 -2.065, 33.266582972582974 -2.0622005772005774, 33.25 -2.061, 33.170655971479476 -2.043573975044558, 33.075 -2.025, 33.057656458055924 -2.0187563249001332, 33.036 -2.014, 32.88761904761902 -1.957542857142847, 32.85 -1.944, 32.845459645263304 -1.9415017186855479, 32.831 -1.936, 32.641 -1.829, 32.46 -1.689, 32.45840136468867 -1.6873114414524089, 32.458 -1.687, 32.3 -1.52, 32.176 -1.341, 32.17239726027399 -1.3337945205479675, 32.165 -1.323, 32.13099999999991 -1.2509999999998052, 32.078 -1.145, 32.07147692307693 -1.1249511312217306, 32.063 -1.107, 32.03369148936172 -1.0088164893617666, 32.01 -0.936, 32.007423179160014 -0.9208176501860541, 32.003 -0.906, 31.974 -0.725, 31.973972371967655 -0.7237291105121396, 31.973 -0.718, 31.967 -0.549, 31.969429958391125 -0.5147780859916411, 31.969 -0.495, 31.973040449438198 -0.4639303370786951, 31.979 -0.38, 31.991986419430663 -0.3182423609297375, 31.998 -0.272, 32.013917452830185 -0.2139481132075441, 32.024 -0.166, 32.035540130151844 -0.1350889370932801, 32.049 -0.086, 32.0859294117647 -0.0001176470588222), (36.60183056872038 0.0644988151658763, 36.60151582779861 0.0640947860393463, 36.598163588390506 0.0597915567282366, 36.603 0.065, 36.60183056872038 0.0644988151658763), (32.298 -0.451, 32.294 -0.651, 32.323 -0.848, 32.385 -1.036, 32.476 -1.21, 32.584 -1.353, 32.697 -1.466, 32.815 -1.555, 32.934 -1.625, 33.151 -1.709, 33.368 -1.748, 33.551 -1.749, 33.698 -1.729, 33.907 -1.667, 34.024 -1.612, 34.136 -1.543, 34.241 -1.461, 34.337 -1.366, 34.463 -1.2, 34.529 -1.079, 34.597 -0.896, 34.635 -0.703, 34.639 -0.502, 34.626548822515794 -0.417417863296958, 34.613 -0.411, 34.59040789473684 -0.3962339181286527, 34.578 -0.39, 34.573147384794886 -0.3865730118607934, 34.559 -0.379, 34.51050304506698 -0.3440085261875682, 34.46 -0.311, 34.45919444444444 -0.3103055555555551, 34.454 -0.307, 34.42354451510333 -0.2812662957074655, 34.401 -0.265, 34.36811096774194 -0.2344270967741986, 34.325 -0.198, 34.30714018691589 -0.1792242990654209, 34.286 -0.161, 34.274324534161494 -0.147245341614909, 34.259 -0.133, 34.24884697986577 -0.1205999999999988, 34.244 -0.116, 34.230311912225694 -0.0984561128526547, 34.208 -0.075, 34.17802798756106 -0.034107952021292, 34.170906493506514 -0.0254103896104198, 34.14 0.011, 34.1190722727273 0.044118636363589, 34.102 0.066, 34.09403704248124 0.0804843451418715, 34.079 0.101, 34.06099659533075 0.1360248054474537, 34.037 0.174, 34.029583586626124 0.1903161094225191, 34.023 0.201, 34.003115715007596 0.2458671045982432, 33.986 0.277, 33.97974615384615 0.2940938461538598, 33.969 0.315, 33.95863914656771 0.3462244897959264, 33.95563636363635 0.3530000000000292, 33.947 0.372, 33.946526690391465 0.3735551601423322, 33.945 0.377, 33.937666666666644 0.4026666666667519, 33.926 0.4409999999999892, 33.911 0.482, 33.90522411242604 0.5070795118343168, 33.782 0.555, 33.564 0.594, 33.382 0.595, 33.235 0.575, 33.026 0.513, 32.909 0.458, 32.797 0.389, 32.692 0.307, 32.596 0.213, 32.47 0.046, 32.404 -0.075, 32.335 -0.257, 32.298 -0.451)), ((38.97999864212432 2.4923046167773037, 38.993 2.511, 39.06364678543765 2.58505731990705, 39.115 2.642, 39.128903190913995 2.6534640346132923, 39.138 2.663, 39.27642016806722 2.775100840336124, 39.286 2.783, 39.429 2.872, 39.46047177208572 2.8870159435441662, 39.477 2.897, 39.509955577492626 2.910625863770989, 39.582 2.945, 39.635 2.9623269230769234, 39.685 2.983, 39.74660322108343 2.998812591508047, 39.79 3.013, 39.823085966201326 3.0184445260837625, 39.872 3.031, 39.96431212484993 3.041684273709483, 40.027 3.052, 40.05557776530039 3.0522474265393975, 40.088 3.056, 40.2061572519084 3.053551145038168, 40.258 3.054, 40.26989051918736 3.052230248306998, 40.281 3.052, 40.473 3.022, 40.659 2.969, 40.67190840140024 2.9633844807467886, 40.68 2.961, 40.71589285714288 2.9442499999999887, 40.836 2.892, 40.86297709923663 2.8756106870229083, 40.89 2.863, 40.943714067861244 2.8265608082348352, 41.022 2.779, 41.06151381215469 2.746646408839781, 41.089 2.728, 41.123315553897804 2.6960436404326704, 41.171 2.657, 41.20925477707005 2.6160127388535166, 41.249 2.579, 41.291119999999985 2.5283000000000215, 41.325 2.492, 41.34118351477451 2.468038361845496, 41.357 2.449, 41.45 2.308, 41.451819222903886 2.3042289025221523, 41.454 2.301, 41.535 2.137, 41.54079327672846 2.1197931034483046, 41.546 2.109, 41.56807051282055 2.0387756410255338, 41.602 1.938, 41.60497578475336 1.9213497757847884, 41.612 1.899, 41.633537366548076 1.7615409252666916, 41.644 1.703, 41.644154312482776 1.6937798291540374, 41.646 1.682, 41.648 1.465, 41.64798509794496 1.4648903977887235, 41.648 1.464, 41.642964467005086 1.4279644670051337, 41.617 1.237, 41.55 1.015, 41.456 0.818, 41.45125356286156 0.8108607309157315, 41.446 0.8, 41.40573234811175 0.7423908045978289, 41.335 0.636, 41.31921806200387 0.618618541261015, 41.309 0.604, 41.23552459016395 0.5264426229508343, 41.187 0.473, 41.177173410404635 0.4648497109826665, 41.165 0.452, 41.023 0.336, 41.01876234287936 0.3334617079175864, 41.017 0.332, 40.873 0.243, 40.84566599539704 0.229779631760662, 40.826 0.218, 40.79457755632583 0.2050701906412482, 40.72 0.169, 40.65870097394051 0.1491592524348512, 40.617 0.132, 40.562335133050524 0.1179683763979957, 40.513 0.102, 40.47570689655175 0.0957322515213027, 40.43 0.084, 40.351788679245274 0.0749056603773574, 40.275 0.062, 40.23947751798562 0.0618462230215828, 40.215 0.059, 40.10562757385855 0.0612667860340197, 40.044 0.061, 40.03156153696118 0.0628018334308563, 40.022 0.063, 39.83 0.092, 39.643 0.146, 39.63029194763982 0.1515283617612067, 39.622 0.154, 39.58847326416598 0.1697206703910717, 39.466 0.223, 39.43676817933298 0.2408551120830982, 39.413 0.252, 39.36045263157892 0.2874694736842232, 39.281 0.336, 39.244132530120474 0.3659855421686792, 39.213 0.387, 39.174432835820895 0.4226746268656699, 39.131 0.458, 39.09938977635784 0.4920894568689957, 39.053 0.535, 39.00009311740891 0.5991740890688267, 38.978 0.623, 38.96656420878211 0.6398434134217023, 38.945 0.666, 38.852 0.807, 38.84936455389584 0.8124630601534089, 38.849 0.813, 38.768 0.977, 38.763249117854635 0.9909731827804973, 38.756 1.006, 38.73426562499999 1.0762187500000253, 38.7 1.177, 38.69580325329202 1.2004817970565573, 38.691 1.216, 38.67128925619833 1.3376434474617378, 38.658 1.412, 38.65785641575141 1.4205432627913115, 38.656 1.432, 38.654 1.65, 38.686 1.88, 38.753 2.1, 38.846 2.297, 38.852446346101615 2.3066166802499573, 38.856 2.314, 38.89466444444443 2.3695977777777615, 38.968 2.479, 38.97999864212432 2.4923046167773037), (40.799 0.577, 40.956 0.701, 41.088 0.848, 41.193 1.014, 41.264 1.178, 41.305 1.332, 41.324 1.479, 41.325 1.617, 41.29 1.847, 41.216 2.055, 41.126 2.214, 41.035 2.332, 40.877 2.481, 40.772 2.556, 40.656 2.619, 40.532 2.669, 40.403 2.705, 40.196 2.732, 40.058 2.729, 39.866 2.697, 39.679 2.634, 39.503 2.538, 39.347 2.414, 39.214 2.267, 39.109 2.101, 39.039 1.936, 38.998 1.782, 38.979 1.636, 38.978 1.498, 39.012 1.268, 39.087 1.06, 39.176 0.901, 39.267 0.783, 39.425 0.633, 39.531 0.559, 39.646 0.496, 39.77 0.446, 39.899 0.409, 40.107 0.383, 40.245 0.386, 40.437 0.417, 40.623 0.481, 40.799 0.577)), ((-58.869 108.814, -55.845 112.147, -52.585 109.19, -38.883 96.76, -41.951 93.377, -44.871 96.116, -45.167 96.384, -58.869 108.814)), ((-72.867 122.882, -72.923 123.54, -73.066 124.8, -73.725 128.366, -70.525 125.464, -72.867 122.882)), ((44.022855077976416 -6.470088626854313, 44.027 -6.444, 44.03542293464859 -6.415668310727491, 44.042 -6.382, 44.04840479360851 -6.36408388814916, 44.053 -6.343, 44.06622821896684 -6.308885119506561, 44.074 -6.28, 44.079432276657066 -6.267636887608046, 44.082 -6.259, 44.10195023041475 -6.21430138248847, 44.116 -6.175, 44.12385046728971 -6.160280373831794, 44.129 -6.147, 44.146172761194045 -6.1152205223880305, 44.161 -6.082, 44.18892908191313 -6.036096756459609, 44.216 -5.986, 44.21891428571428 -5.9820357142857254, 44.21891428571428 -5.982035714285723, 44.22 -5.98, 44.24136652360518 -5.949912446351884, 44.24300663716812 -5.947216814159325, 44.25 -5.934, 44.254721530249114 -5.927962633451957, 44.262 -5.916, 44.269966692486435 -5.906123934934169, 44.275 -5.898, 44.27551087241291 -5.89740057636885, 44.277 -5.895, 44.29576470588233 -5.873310924369781, 44.318 -5.842, 44.33940673918811 -5.818130538604406, 44.352 -5.801, 44.36103272204245 -5.792023732470309, 44.372 -5.778, 44.378109517601054 -5.7720625814862965, 44.383 -5.766, 44.38862011564744 -5.760700017522351, 44.39 -5.759, 44.39386755067825 -5.755372504191436, 44.399 -5.749, 44.411717014325184 -5.73750138225687, 44.41315789473683 -5.735894736842115, 44.425 -5.722, 44.427628729281764 -5.7197591160220975, 44.431 -5.716, 44.46493235294131 -5.686973529411644, 44.47312121212119 -5.679727272727293, 44.514 -5.64, 44.52665105338513 -5.630531601554527, 44.541 -5.617, 44.55612157268496 -5.606280910501797, 44.57 -5.594, 44.58594271186441 -5.583458644067793, 44.597 -5.574, 44.602989514155865 -5.570271233834337, 44.608 -5.566, 44.635327470253486 -5.549103983445422, 44.666 -5.526, 44.66725434329396 -5.525300208478103, 44.673 -5.521, 44.68877315524412 -5.51220691920299, 44.696 -5.507, 44.696737152485255 -5.506604043807918, 44.699 -5.505, 44.7216666666666 -5.493213333333368, 44.72573194059906 -5.491029700478216, 44.753 -5.473, 44.76043671265748 -5.469357528494295, 44.764 -5.467, 44.7803391650788 -5.459446215139451, 44.794 -5.451, 44.79612997347482 -5.450031830238718, 44.801 -5.447, 44.82059208158368 -5.438721655668867, 44.847 -5.424, 44.853335818246364 -5.421486332978343, 44.856 -5.42, 44.863236669580424 -5.417170017482516, 44.871 -5.413, 44.88817748917747 -5.406627705627715, 44.899 -5.401, 44.915470039946705 -5.395383488681769, 44.91987341772154 -5.393784810126573, 44.948 -5.381, 44.954708333333336 -5.378833333333333, 44.963 -5.375, 44.99772120559743 -5.363878363832073, 45.014 -5.357, 45.01915776263893 -5.355698278953032, 45.031 -5.351, 45.034824406513614 -5.3500686678438365, 45.035 -5.35, 45.05160602647144 -5.345958321599542, 45.057 -5.344, 45.063543806646514 -5.342794561933538, 45.091 -5.334, 45.09935234899329 -5.3321160115052715, 45.109 -5.329, 45.11145732689211 -5.328549114331723, 45.116 -5.327, 45.15310706150341 -5.319990888382689, 45.224 -5.304, 45.25871329746349 -5.300043043812452, 45.296 -5.293, 45.309884297520654 -5.292140495867769, 45.327 -5.289, 45.36898422330098 -5.287473300970873, 45.417 -5.282, 45.42804701022816 -5.2821717151848935, 45.439 -5.281, 45.46892181069959 -5.282295316480502, 45.506 -5.28, 45.52533926453143 -5.281787663107948, 45.547 -5.281, 45.57730929563968 -5.284491854336368, 45.61 -5.285, 45.64067736640526 -5.289730621922305, 45.67 -5.291, 45.70611128284389 -5.298497681607418, 45.744 -5.302, 45.75609561752988 -5.30508935685828, 45.764 -5.306, 45.78980986061993 -5.312727688787185, 45.824 -5.318, 45.87632233196822 -5.333838111298487, 45.906 -5.34, 45.9333850031506 -5.350152488972903, 45.975 -5.361, 45.996062163777644 -5.370083682008368, 46.009 -5.374, 46.05790647482017 -5.3963165467626, 46.111 -5.416, 46.152185897435906 -5.437416666666671, 46.186 -5.452, 46.18667828162292 -5.452429116945109, 46.188 -5.453, 46.20307856941706 -5.462560123908752, 46.215 -5.468, 46.22989055472264 -5.47782308845577, 46.261 -5.494, 46.363207977208035 -5.564085470085509, 46.382 -5.576, 46.387554455445525 -5.580780198019784, 46.401 -5.59, 46.404034170440525 -5.592703170028826, 46.406 -5.594, 46.544 -5.715, 46.545514687302585 -5.716721730890714, 46.547 -5.718, 46.550582089552236 -5.722104477611936, 46.562 -5.732, 46.612999999999914 -5.7933333333332335, 46.61458862324817 -5.795237427864824, 46.683 -5.873, 46.685021151586355 -5.8761492361927, 46.691 -5.883, 46.70112126034373 -5.898953851050287, 46.707 -5.906, 46.70788372093023 -5.907441860465111, 46.715 -5.916, 46.768437500000054 -6.005062500000081, 46.809 -6.069, 46.80947439759036 -6.070064759036144, 46.812 -6.074, 46.81692187499999 -6.085346217105255, 46.821 -6.092, 46.82201176470587 -6.094352941176454, 46.823 -6.096, 46.897 -6.264, 46.89890225359761 -6.270780613630188, 46.899 -6.271, 46.90144288480156 -6.279076476282706, 46.907 -6.292, 46.917114957544065 -6.330890267798753, 46.948 -6.433, 46.95382940430925 -6.466569328263619, 46.959 -6.485, 46.96066804979253 -6.498344398340247, 46.965 -6.515, 46.96874796747968 -6.552479674796795, 46.977 -6.6, 46.97945384615384 -6.648630769230674, 46.987 -6.709, 46.98655364806867 -6.730536480686697, 46.988 -6.745, 46.98796471560066 -6.745648690110909, 46.988 -6.746, 46.98617931034482 -6.781917241379326, 46.988 -6.818, 46.98393564228483 -6.85685525975706, 46.983 -6.902, 46.97865825688073 -6.930287114261897, 46.977 -6.963, 46.97581126604998 -6.969085185696527, 46.975 -6.984, 46.96678615780706 -7.020804331364532, 46.963 -7.057, 46.95417487818084 -7.089800036094571, 46.95 -7.117, 46.94109958506224 -7.146775933609973, 46.935 -7.178, 46.92622692188947 -7.202540907687564, 46.923 -7.217, 46.91272809667674 -7.243843907351467, 46.903 -7.28, 46.897552834287985 -7.292459608927477, 46.895 -7.301, 46.87458566488524 -7.346996856334538, 46.861 -7.385, 46.85280295566503 -7.400448275862062, 46.848 -7.413, 46.832844958438756 -7.441045536682297, 46.816 -7.479, 46.786885341074026 -7.526097242380259, 46.761 -7.574, 46.7599730312837 -7.575396979503798, 46.757 -7.581, 46.727144808743176 -7.6227363387978055, 46.714 -7.644, 46.70635867565912 -7.653472716125063, 46.701 -7.662, 46.68891641429435 -7.676178073894632, 46.659 -7.718, 46.63759326081192 -7.74186946139556, 46.625 -7.759, 46.60551724137932 -7.778482758620685, 46.593 -7.794, 46.57849949066213 -7.807761629881167, 46.546 -7.844, 46.50450000000002 -7.879499999999984, 46.465 -7.919, 46.44701056189268 -7.9325504858470754, 46.436 -7.943, 46.402542143600435 -7.966716961498428, 46.38 -7.986, 46.37445440018263 -7.989462618422555, 46.368 -7.995, 46.34570133333333 -8.008861333333337, 46.311 -8.035, 46.2892857142857 -8.047000000000011, 46.278 -8.055, 46.23810638297873 -8.075744680851063, 46.183 -8.11, 46.17724043715847 -8.112601092896174, 46.175 -8.114, 46.16353811659194 -8.118789237668157, 46.140798319327736 -8.129058823529409, 46.121 -8.14, 46.09537288135594 -8.149966101694915, 46.078 -8.159, 46.06390765171502 -8.16378364116096, 46.028 -8.18, 45.97974454349833 -8.195585613280041, 45.962 -8.203, 45.95306109979635 -8.205309572301422, 45.941 -8.21, 45.91495744680848 -8.216510638297882, 45.867 -8.232, 45.843674267101036 -8.236192182410413, 45.80951282051281 -8.242871794871798, 45.753 -8.257, 45.71524955626554 -8.26130315938942, 45.681 -8.268, 45.66002255639098 -8.269198711063373, 45.65 -8.271, 45.620898058252415 -8.272058252427186, 45.56 -8.279, 45.54088884540118 -8.278603913894324, 45.537 -8.279, 45.51587475149105 -8.278085487077535, 45.507530418250944 -8.277912547528517, 45.471 -8.28, 45.451660735468565 -8.278212336892052, 45.43 -8.279, 45.40002125398512 -8.275684378320936, 45.367 -8.275, 45.33651580486021 -8.27032103051343, 45.306 -8.269, 45.26797313719219 -8.261232811000959, 45.233 -8.258, 45.22755834136934 -8.256610139137624, 45.213 -8.255, 45.18050009848336 -8.246374433720701, 45.152 -8.242, 45.1041149567367 -8.22776390605686, 45.071 -8.221, 45.03599341527656 -8.20802194907814, 45.002 -8.199, 44.99009847036329 -8.19386711281071, 44.967 -8.187, 44.91511111111112 -8.163207046070466, 44.866 -8.145, 44.81720900960583 -8.11930341172574, 44.791 -8.108, 44.79030402840698 -8.10756324231663, 44.789 -8.107, 44.77930838323354 -8.100936526946114, 44.762 -8.093, 44.741425038639875 -8.079390520350332, 44.716 -8.066, 44.627737024221446 -8.006107266435981, 44.594 -7.985, 44.584190249702736 -7.976557669441143, 44.576 -7.971, 44.571505571605435 -7.966995872884846, 44.57 -7.966, 44.461904624277345 -7.871317919075045, 44.429 -7.843, 44.41933705747747 -7.831782877910906, 44.415 -7.828, 44.413600076248564 -7.8263164315669025, 44.411 -7.824, 44.362411376751936 -7.765762572135293, 44.362411376751936 -7.7657625721352925, 44.36241137675192 -7.76576257213528, 44.294 -7.688, 44.28977020877942 -7.681376605995695, 44.286 -7.677, 44.278354875468004 -7.665013999674415, 44.27 -7.655, 44.26674339014899 -7.649704469198781, 44.262 -7.644, 44.20663813953486 -7.552576744186012, 44.168 -7.492, 44.16608073115003 -7.487692307692303, 44.165 -7.486, 44.16239904175222 -7.480031485284041, 44.155 -7.468, 44.15400615384616 -7.465661538461554, 44.153 -7.464, 44.08 -7.297, 44.07812070815449 -7.290270922746748, 44.078 -7.29, 44.07466750629724 -7.278982367758207, 44.07 -7.268, 44.061468286099846 -7.235344129554589, 44.029 -7.128, 44.02214564158094 -7.089844071467258, 44.018 -7.075, 44.016553719008265 -7.06342975206612, 44.012 -7.046, 44.009178051149235 -7.017657818064046, 43.999 -6.961, 43.99624637681159 -6.900971014492755, 43.99 -6.851, 43.99034898674981 -6.828548519095915, 43.989 -6.815, 43.99073001310616 -6.7807142857142715, 43.989 -6.743, 43.992148599269186 -6.712773447015805, 43.993 -6.658, 43.99874733096085 -6.621825622775826, 44 -6.597, 44.001259825024306 -6.590550895708926, 44.001259825024306 -6.590550895708919, 44.002 -6.577, 44.010220657277 -6.539281690140811, 44.014 -6.503, 44.022855077976416 -6.470088626854313), (44.39663207737255 -5.752779568809192, 44.39663207737256 -5.752779568809189, 44.399 -5.749, 44.39663207737255 -5.752779568809192), (44.84665295169946 -5.425214669051878, 44.84665295169947 -5.425214669051876, 44.847 -5.424, 44.84665295169946 -5.425214669051878)), ((43.288 -1.594, 43.28714691943128 -1.593901263823065, 43.283 -1.594, 43.101 -1.574, 43.09901483679525 -1.5735014836795247, 43.094 -1.573, 43.08209065679926 -1.5701679000925066, 43.072 -1.569, 43.038683506686496 -1.5598454680534952, 42.93 -1.534, 42.902018128499066 -1.5240314582777927, 42.878 -1.518, 42.86215074024226 -1.5113387169134125, 42.85 -1.508, 42.821312584573754 -1.4952801082543985, 42.77 -1.477, 42.72121825726144 -1.4521062240664042, 42.671 -1.431, 42.655522288261515 -1.4217693164933136, 42.638 -1.414, 42.60786106163163 -1.3942589953687203, 42.576 -1.378, 42.548260370283565 -1.3577998593859821, 42.505 -1.332, 42.47989795918368 -1.311918367346946, 42.455 -1.296, 42.44643423799581 -1.2885244258872526, 42.438 -1.283, 42.406749258160254 -1.254750741839774, 42.381 -1.236, 42.364496855345905 -1.2195974842767252, 42.335 -1.196, 42.308723404255325 -1.168340425531922, 42.29 -1.152, 42.279109986194186 -1.1393706089890947, 42.261 -1.123, 42.23394201464478 -1.0898387096774358, 42.217 -1.073, 42.21291322314049 -1.0674876033057807, 42.202 -1.056, 42.17415462184874 -1.0176515406162525, 42.146 -0.985, 42.1381125862069 -0.9723936206896602, 42.128 -0.96, 42.10414159292034 -0.9212300884955632, 42.088 -0.899, 42.0682913907285 -0.8629735099338095, 42.032 -0.804, 42.030173422482214 -0.7998754701211412, 42.029 -0.798, 42.01300450185948 -0.7633055392444964, 42.004 -0.749, 41.99861165048543 -0.735601941747567, 41.995 -0.729, 41.99454471544714 -0.7278292682926534, 41.993 -0.725, 41.99136693620846 -0.7207448337826046, 41.985 -0.709, 41.9747155222158 -0.6802562031159779, 41.958 -0.644, 41.948897736143635 -0.6163497267759537, 41.939 -0.594, 41.93379487179487 -0.5744358974359001, 41.93 -0.565, 41.92752252252254 -0.55548648648653, 41.925 -0.549, 41.924227551388384 -0.5458041831950958, 41.922 -0.54, 41.92024626865671 -0.5327985074626662, 41.918 -0.527, 41.91489873417722 -0.5130759493671104, 41.907 -0.491, 41.90645727303033 -0.4880766751861052, 41.905 -0.484, 41.89109719438878 -0.4156132264529121, 41.88 -0.373, 41.87866695483035 -0.362057920899103, 41.875 -0.347, 41.874156175569915 -0.3386461381421917, 41.874 -0.338, 41.87274931431706 -0.3253614920460778, 41.86918894601545 -0.3078483290489622, 41.869 -0.307, 41.86899250249917 -0.3068820393202098, 41.868 -0.302, 41.866837038275115 -0.2838079558750132, 41.864 -0.269, 41.86361139182361 -0.2572931786862528, 41.863 -0.254, 41.861921225382936 -0.2246033916848994, 41.856 -0.176, 41.85622431132488 -0.1611206821163488, 41.855 -0.149, 41.855069597069594 -0.1467032967033165, 41.855 -0.146, 41.855374999999995 -0.1366249999999683, 41.856035242290744 -0.1148370044052558, 41.854 -0.083, 41.85439277921047 -0.0771797262447979, 41.854 -0.071, 41.85563171690695 -0.0532142857143291, 41.855 -0.036, 41.858658901251744 0.0003737830320686, 41.859 0.023, 41.859950569675725 0.0294245398772847, 41.86 0.033, 41.86064850136239 0.0374005449591064, 41.861 0.049, 41.86338410596026 0.063602649006569, 41.864 0.079, 41.869190007972364 0.1050653733723298, 41.872 0.133, 41.87326096997691 0.1389445727482824, 41.874 0.147, 41.882104166666664 0.1854947916666503, 41.884 0.201, 41.8856160990712 0.2068235294117486, 41.888 0.223, 41.89107185628743 0.2336377245509266, 41.893 0.245, 41.896990099009905 0.2562029702970406, 41.902 0.28, 41.90580487804876 0.2923658536584858, 41.907 0.298, 41.90840109274306 0.3019921546651766, 41.909 0.305, 41.916080000000015 0.3257600000000374, 41.942 0.41, 41.95527492018447 0.4406874778290466, 41.968 0.478, 41.975290322580626 0.4925806451612486, 41.98 0.506, 41.99948900271167 0.5428966556191839, 42.019 0.588, 42.023604651162806 0.5957209302325882, 42.029 0.608, 42.04771698113207 0.6374339622641466, 42.062 0.666, 42.0722849701241 0.6807142638271907, 42.083 0.701, 42.1012022556391 0.7258340852130404, 42.118 0.754, 42.1368331160365 0.7775762711864334, 42.153 0.803, 42.17629935605465 0.8295231663263635, 42.199 0.862, 42.20703913814266 0.8702316923496768, 42.212 0.877, 42.23430474452553 0.899596309813443, 42.253 0.923, 42.28572120200332 0.9540851419031583, 42.312 0.984, 42.34367272727276 1.010393939393968, 42.365 1.032, 42.36508743169399 1.0320655737704947, 42.366 1.033, 42.379340136054424 1.0430231292517005, 42.393 1.056, 42.43181249999998 1.083843749999984, 42.48 1.124, 42.526491452991486 1.1535854700854944, 42.551 1.172, 42.56493697242542 1.1793460889138918, 42.577 1.188, 42.593970198675486 1.1965264900662214, 42.623 1.215, 42.73082006920415 1.2667820069204165, 42.754 1.279, 42.76262252663622 1.282055555555556, 42.775 1.288, 42.778057692307684 1.289019230769229, 42.782 1.291, 42.955 1.351, 42.95996875 1.351988925970875, 42.96 1.352, 42.96175409836049 1.3523442622950492, 42.97071416045594 1.3541275756247264, 42.979 1.357, 42.99206840390878 1.359270358306187, 43.03830706836617 1.3675805330243358, 43.161 1.392, 43.164775368139225 1.3921895582329316, 43.174 1.394, 43.18913572542901 1.3946879875195004, 43.202 1.397, 43.2106075511832 1.3972369050784368, 43.215 1.398, 43.3137 1.40035, 43.394 1.404, 43.39600557103064 1.4037994428969358, 43.4 1.404, 43.41129844851904 1.4027605077574048, 43.42 1.403, 43.42085635359116 1.4029013417521705, 43.425 1.403, 43.607 1.383, 43.60898516320475 1.3825014836795244, 43.614 1.382, 43.62514453665283 1.3793658367911485, 43.637 1.378, 43.67322199170125 1.368002074688796, 43.779 1.343, 43.808736800630435 1.3323396375098462, 43.83 1.327, 43.84596819085487 1.3203209970943568, 43.858 1.317, 43.85901820020222 1.3165485338725986, 43.861 1.316, 43.888706680584534 1.3036711899791296, 43.938 1.286, 43.9846666666667 1.2623076923076793, 44.038 1.24, 44.05623377117837 1.2291256424900092, 44.07 1.223, 44.10005256570711 1.2037271589487002, 44.133 1.187, 44.161862472567684 1.1661302121433694, 44.204 1.141, 44.22807634789454 1.1216249508067608, 44.254 1.105, 44.261183673469375 1.0987306122449088, 44.27 1.093, 44.29713560111836 1.0683173345759533, 44.328 1.046, 44.35330535952702 1.0208489414457091, 44.373 1.005, 44.395360031720855 0.9816312450436129, 44.419 0.961, 44.432674265605854 0.945030752754002, 44.447 0.932, 44.465451019196536 0.9093870967741733, 44.492 0.883, 44.49979792746113 0.8724818652849868, 44.506 0.866, 44.53944423906347 0.8203413431916147, 44.562 0.794, 44.570184850097554 0.7810290934894646, 44.58 0.769, 44.59549790794977 0.7438158995816194, 44.621 0.709, 44.65200000000002 0.651999999999962, 44.66757894736856 0.6266842105260854, 44.68 0.607, 44.697946428571434 0.5675178571428513, 44.714 0.538, 44.71859697217675 0.5262448854337336, 44.723 0.518, 44.732413793103454 0.4916896551723946, 44.75 0.453, 44.75910226385637 0.425349726775941, 44.769 0.403, 44.77395956586508 0.3846748244307253, 44.784 0.359, 44.791851899138216 0.3258649856367276, 44.79307569721109 0.3221474103587693, 44.801 0.3, 44.80187212616379 0.2954261827854502, 44.803 0.292, 44.812594088937075 0.2419235357918358, 44.828 0.185, 44.83112438698173 0.1601350869371369, 44.834 0.148, 44.83760540681051 0.111376657135412, 44.844 0.078, 44.844163054695564 0.0736337575965794, 44.846 0.064, 44.84695381474866 0.03415922429196, 44.852 -0.006, 44.85165036154827 -0.0312905146745555, 44.853 -0.045, 44.85104568527919 -0.0938578680203062, 44.853 -0.155, 44.85278539493294 -0.1572533532041733, 44.853 -0.163, 44.84955384615383 -0.1911846153847555, 44.8494204851752 -0.1925849056604008, 44.849 -0.223, 44.84476404494382 -0.2508988764044678, 44.844 -0.27, 44.8401779661017 -0.2896313559321857, 44.837 -0.323, 44.82851767151768 -0.3632304722304575, 44.825 -0.392, 44.82140879416282 -0.404721390169005, 44.82 -0.414, 44.81189665150889 -0.4420615957006941, 44.80341608738828 -0.4822836998155766, 44.88189033942559 -0.4863942558746736, 44.977 -0.489, 44.99578142265193 -0.4923599792817676, 45.008 -0.493, 45.188 -0.526, 45.19279411764707 -0.527605369670806, 45.195 -0.528, 45.356 -0.579, 45.38552777032467 -0.5921446203380772, 45.406 -0.599, 45.439563931297684 -0.616199427480903, 45.511 -0.648, 45.560450314809756 -0.67814618122092, 45.607 -0.702, 45.65569508196722 -0.7362098360655764, 45.698 -0.762, 45.72610231185439 -0.7856731431382078, 45.765 -0.813, 45.82652261306535 -0.8702663316583122, 45.882 -0.917, 45.90350447325177 -0.9419224027752349, 45.924 -0.961, 45.99896257615314 -1.0525526544821135, 46.033 -1.092, 46.03873781544983 -1.1011306106723295, 46.046 -1.11, 46.148 -1.275, 46.229 -1.452, 46.23406896551724 -1.468655172413797, 46.236 -1.473, 46.242429629629605 -1.4961259259258433, 46.285 -1.636, 46.29025993044113 -1.6681607175543853, 46.298 -1.696, 46.305117897178214 -1.7590065713182177, 46.32 -1.85, 46.321027557216254 -1.8998365249882931, 46.325 -1.935, 46.32275960170697 -1.9838406827880917, 46.324 -2.044, 46.317386231038505 -2.1009801633605596, 46.315 -2.153, 46.30313264248705 -2.2237803108808114, 46.298 -2.268, 46.29218829707427 -2.28905551387848, 46.287 -2.32, 46.239 -2.482, 46.238816771891315 -2.4824179247872187, 46.237 -2.489, 46.165 -2.657, 46.15472932072226 -2.674212897678437, 46.15 -2.685, 46.11680165289265 -2.737776859503994, 46.057 -2.838, 46.0431693073789 -2.85483340878226, 46.033 -2.871, 45.954202312138854 -2.9631156069362725, 45.905 -3.023, 45.8965905511811 -3.03046456692914, 45.891 -3.037, 45.727 -3.181, 45.533 -3.304, 45.53163225806451 -3.3046000000000024, 45.531 -3.305, 45.32 -3.398, 45.11 -3.454, 45.101117134559544 -3.455064306458304, 45.09 -3.458, 45.02080701754386 -3.4646867167919804, 44.893 -3.48, 44.86909432799013 -3.4793480271270036, 44.852 -3.481, 44.767637931034486 -3.476581034482759, 44.673 -3.474, 44.65421857734807 -3.4706400207182324, 44.642 -3.47, 44.462 -3.437, 44.457060606060615 -3.43536864053378, 44.455 -3.435, 44.294 -3.384, 44.2710715065502 -3.373941048034929, 44.244 -3.365, 44.20418502394425 -3.3445973008271555, 44.139 -3.316, 44.09116293929714 -3.286680511182118, 44.043 -3.262, 43.98901366742592 -3.2240728929384677, 43.953 -3.202, 43.92992080668965 -3.182558288243998, 43.885 -3.151, 43.81838876732312 -3.0886046681254546, 43.769 -3.047, 43.74803885326292 -3.0227072802715984, 43.727 -3.003, 43.65203742384675 -2.911447345517756, 43.618 -2.872, 43.61218202943457 -2.8627714949651764, 43.605 -2.854, 43.502 -2.688, 43.422 -2.511, 43.42000310077518 -2.5044387596898923, 43.414 -2.491, 43.39701265822786 -2.4288987341772463, 43.366 -2.327, 43.36133244427509 -2.298461230710569, 43.353 -2.268, 43.34551681484344 -2.201759953614195, 43.331 -2.113, 43.32999130434783 -2.0643304347826383, 43.326 -2.029, 43.328166475315726 -1.9762824339839393, 43.327 -1.92, 43.332386623164766 -1.8735921696573872, 43.335 -1.81, 43.34937883008357 -1.7271977715876936, 43.353 -1.696, 43.35788130168043 -1.6782352627367914, 43.364 -1.643, 43.378780210406596 -1.5920554449815183, 43.314 -1.595, 43.311994428969356 -1.5947994428969359, 43.308 -1.595, 43.29704662576687 -1.5937521472392637, 43.288 -1.594), (43.903 -2.71, 43.995 -2.813, 44.144 -2.939, 44.313 -3.039, 44.5 -3.111, 44.696 -3.15, 44.894 -3.155, 45.088 -3.127, 45.259 -3.074, 45.403 -3.005, 45.527 -2.925, 45.633 -2.836, 45.785 -2.66, 45.895 -2.468, 45.957 -2.297, 45.988 -2.151, 46 -1.934, 45.987 -1.805, 45.96 -1.677, 45.918 -1.55, 45.862 -1.428, 45.747 -1.253, 45.656 -1.15, 45.507 -1.024, 45.338 -0.924, 45.15 -0.852, 44.955 -0.814, 44.757 -0.808, 44.66486415072497 -0.8212297629728237, 44.66410179640717 -0.8224286266177652, 44.647 -0.857, 44.632937221065156 -0.8769732222552891, 44.625 -0.892, 44.61106577052329 -0.9110110417666751, 44.591 -0.945, 44.567925952552116 -0.9736728971962657, 44.555 -0.994, 44.53253540252182 -1.0195729065632095, 44.509 -1.053, 44.500812491267304 -1.0614341204415128, 44.496 -1.068, 44.47444483985764 -1.0898369269416128, 44.455 -1.114, 44.422278797996675 -1.1450851419031582, 44.396 -1.175, 44.36839617969581 -1.1978388751326356, 44.343 -1.224, 44.325697674418585 -1.236837209302341, 44.315 -1.247, 44.27183632286998 -1.277730661434959, 44.228 -1.314, 44.186199999999985 -1.3406000000000133, 44.159 -1.361, 44.14247930413918 -1.3698272345530849, 44.131 -1.378, 44.11338831615121 -1.3869347079037777, 44.085 -1.405, 43.99103260869563 -1.4507472826087067, 43.955 -1.47, 43.942929334428925 -1.4741659819227593, 43.933 -1.479, 43.92983177570094 -1.4800560747663543, 43.926 -1.482, 43.79122846441952 -1.5279625468164657, 43.749 -1.543, 43.73748720654181 -1.545249010815089, 43.693 -1.666, 43.662 -1.812, 43.651 -2.029, 43.663 -2.158, 43.69 -2.287, 43.732 -2.414, 43.789 -2.535, 43.903 -2.71)), ((206.596 17.102, 207.8421642150952 18.22481753878302, 209.055 19.35, 209.20286475228062 19.4508344711233, 209.344 19.578, 210.765662949605 20.516564655424354, 212.111 21.434, 212.27479404021403 21.51287471783484, 212.431 21.616, 213.9527680070179 22.320899985377665, 215.444 23.039, 215.62056967180786 23.093444396681917, 215.788 23.171, 217.41358325423377 23.646311385322438, 218.979 24.129, 219.15552461110693 24.155645224318025, 219.338 24.209, 221.01697154335454 24.436618346166725, 222.636 24.681, 222.8195935613682 24.681, 223.004 24.706, 224.68536363636355 24.681, 226.336 24.681, 226.51636529594785 24.65377504966825, 226.703 24.651, 228.3815898838004 24.372231715652774, 229.993 24.129, 230.16436043482997 24.076161846120318, 230.352 24.045, 231.96451990188717 23.521091458824035, 233.528 23.039, 233.69323724514376 22.95943030949423, 233.87 22.902, 235.3830243761058 22.145716434548508, 236.861 21.434, 237.0095436151655 21.332702587040274, 237.179 21.248, 238.56922029437587 20.269101081976665, 239.917 19.35, 240.05078592845382 19.22588296608045, 240.204 19.118, 241.42129838109057 17.95441934851628, 242.629 16.834, 242.74295883576065 16.691081980477097, 242.878 16.562, 243.9145870388634 15.221719984218153, 244.935 13.942, 245.02544117847384 13.78541454343152, 245.141 13.636, 245.9567978027714 12.172908993363901, 246.785 10.739, 246.85304759385156 10.565531522409483, 246.942 10.406, 247.5246022381874 8.853589113014435, 248.136 7.295, 248.1772192352836 7.114615822290449, 248.242 6.942, 248.58582284518982 5.326479150783429, 248.96 3.689, 248.97392225463935 3.502915951577668, 249.012 3.324, 249.110812839002 1.6732443366725724, 249.236 0, 249.22209603322537 -0.1858396138825515, 249.233 -0.368, 249.08615697135772 -2.0027932342803387, 248.96 -3.689, 248.91830667866253 -3.871458879542417, 248.902 -4.053, 248.50750425605716 -5.669218025070223, 248.136 -7.295, 248.06895963964655 -7.465900814994309, 248.025 -7.646, 247.39334235717956 -9.188199794132936, 246.785 -10.739, 246.69273221118556 -10.898747960850093, 246.623 -11.069, 245.7561692794192 -12.520267458389371, 244.935 -13.942, 244.8233309111448 -14.082046402848746, 244.726 -14.245, 243.66048917569876 -15.540389117033472, 242.629 -16.834, 242.4915652914822 -16.9615021115895, 242.376 -17.102, 241.1298357849048 -18.224817538783014, 239.917 -19.35, 239.76913524771928 -19.450834471123372, 239.628 -19.578, 238.20633705039498 -20.516564655424368, 236.861 -21.434, 236.69720595978606 -21.512874717834794, 236.541 -21.616, 235.01923199298136 -22.32089998537801, 233.528 -23.039, 233.3514303281922 -23.093444396681893, 233.184 -23.171, 231.55841674576624 -23.646311385322434, 229.993 -24.129, 229.81647538889302 -24.155645224318032, 229.634 -24.209, 227.95502845664572 -24.436618346166686, 226.336 -24.681, 226.15240643863177 -24.681, 225.968 -24.706, 224.28663636363646 -24.681, 222.636 -24.681, 222.45563470405216 -24.653775049668255, 222.269 -24.651, 220.59041011619962 -24.372231715652774, 218.979 -24.129, 218.80763956517004 -24.076161846120318, 218.62 -24.045, 217.00748009811312 -23.52109145882413, 215.444 -23.039, 215.27876275485616 -22.959430309494202, 215.102 -22.902, 213.58897562389495 -22.145716434548884, 212.111 -21.434, 211.9624563848344 -21.332702587040224, 211.793 -21.248, 210.40277970562454 -20.269101081976938, 209.055 -19.35, 208.9212140715462 -19.225882966080448, 208.768 -19.118, 207.55070161890953 -17.954419348516367, 206.343 -16.834, 206.22904116423933 -16.691081980477097, 206.094 -16.562, 205.05741296113607 -15.221719984217492, 204.037 -13.942, 203.94655882152625 -13.785414543431665, 203.831 -13.636, 203.01520219722818 -12.172908993363123, 202.187 -10.739, 202.11895240614845 -10.56553152240949, 202.03 -10.406, 201.44739776181228 -8.853589113013685, 200.836 -7.295, 200.79478076471645 -7.1146158222906415, 200.73 -6.942, 200.52951907131012 -6, 197.486 -6, 197.486 6, 200.54008208541322 6, 200.836 7.295, 200.90304036035346 7.465900814994299, 200.947 7.646, 201.57865764282073 9.188199794133675, 202.187 10.739, 202.27926778881437 10.898747960849931, 202.349 11.069, 203.21583072058127 12.520267458390155, 204.037 13.942, 204.1486690888552 14.082046402848746, 204.246 14.245, 205.31151082430074 15.540389117032849, 206.343 16.834, 206.4804347085179 16.961502111589606, 206.596 17.102), (242.644 -6.472, 245.396 -7.606, 246.7373057537158 -8.158724070611912, 247.074 -7.337, 247.915 -3.889, 248.233 -0.354, 248.021 3.19, 247.283 6.662, 246.72308481210706 8.152863917762987, 245.396 7.606, 242.644 6.472, 241.721 6.01, 240.877 5.417, 240.129 4.707, 239.493 3.895, 238.984 2.997, 238.612 2.035, 238.386 1.029, 238.31 0, 238.386 -1.029, 238.612 -2.035, 238.984 -2.997, 239.493 -3.895, 240.129 -4.707, 240.877 -5.417, 241.721 -6.01, 242.644 -6.472), (218.014 -18.158, 216.88 -20.91, 216.32711851128644 -22.25168776314276, 218.857 -23.073, 222.359 -23.655, 225.908 -23.707, 229.426 -23.231, 232.65896970351616 -22.285875895303167, 232.092 -20.91, 230.958 -18.158, 230.496 -17.235, 229.904 -16.391, 229.193 -15.643, 228.381 -15.007, 227.483 -14.498, 226.521 -14.126, 225.515 -13.9, 224.486 -13.824, 223.457 -13.9, 222.451 -14.126, 221.489 -14.498, 220.591 -15.007, 219.779 -15.643, 219.069 -16.391, 218.476 -17.235, 218.014 -18.158), (225.515 13.9, 226.521 14.126, 227.483 14.498, 228.381 15.007, 229.193 15.643, 229.904 16.391, 230.496 17.235, 230.958 18.158, 232.092 20.91, 232.64488148871357 22.25168776314276, 230.115 23.073, 226.613 23.655, 223.064 23.707, 219.546 23.231, 216.31303029648384 22.285875895303167, 216.88 20.91, 218.014 18.158, 218.476 17.235, 219.069 16.391, 219.779 15.643, 220.591 15.007, 221.489 14.498, 222.451 14.126, 223.457 13.9, 224.486 13.824, 225.515 13.9), (225.892 -3.745, 226.434 -3.493, 226.933 -3.164, 227.377 -2.764, 227.757 -2.302, 228.064 -1.789, 228.29 -1.236, 228.432 -0.655, 228.486 -0.06, 228.45 0.537, 228.325 1.122, 228.115 1.682, 227.824 2.204, 227.458 2.677, 227.026 3.09, 226.537 3.434, 226.003 3.701, 225.434 3.886, 224.844 3.984, 224.247 3.993, 223.654 3.913, 223.08 3.745, 222.538 3.493, 222.039 3.164, 221.595 2.764, 221.215 2.302, 220.908 1.789, 220.682 1.236, 220.54 0.655, 220.486 0.06, 220.522 -0.537, 220.647 -1.122, 220.857 -1.682, 221.148 -2.204, 221.514 -2.677, 221.946 -3.09, 222.435 -3.434, 222.969 -3.701, 223.538 -3.886, 224.128 -3.984, 224.726 -3.993, 225.318 -3.913, 225.892 -3.745), (209.479 -3.895, 209.988 -2.997, 210.36 -2.035, 210.586 -1.029, 210.662 0, 210.586 1.029, 210.36 2.035, 209.988 2.997, 209.479 3.895, 208.843 4.707, 208.095 5.417, 207.251 6.01, 206.328 6.472, 203.576 7.606, 202.23469424628422 8.158724070611909, 201.898 7.337, 201.057 3.889, 200.739 0.354, 200.951 -3.19, 201.689 -6.662, 202.24891518789292 -8.152863917762991, 203.576 -7.606, 206.328 -6.472, 207.251 -6.01, 208.095 -5.417, 208.843 -4.707, 209.479 -3.895)), ((170.866 6.574, 171.236 6.6, 171.606 6.574, 171.969 6.495, 172.316 6.365, 172.642 6.187, 172.939 5.965, 173.201 5.703, 173.423 5.406, 173.601 5.08, 173.731 4.733, 173.81 4.37, 173.836 4, 173.836 3.975, 173.836 0.525, 173.836 0.475, 173.836 -2.975, 173.836 -3, 173.807 -3.388, 173.721 -3.766, 173.579 -4.128, 173.384 -4.465, 173.142 -4.768, 172.857 -5.033, 172.536 -5.252, 172.186 -5.42, 171.815 -5.535, 171.43 -5.593, 171.042 -5.593, 170.657 -5.535, 170.286 -5.42, 169.936 -5.252, 169.615 -5.033, 169.33 -4.768, 169.088 -4.465, 168.894 -4.128, 168.752 -3.766, 168.665 -3.388, 168.636 -3, 168.636 -2.975, 168.636 0.475, 168.636 0.525, 168.636 3.975, 168.636 4, 168.662 4.37, 168.741 4.733, 168.871 5.08, 169.049 5.406, 169.271 5.703, 169.533 5.965, 169.83 6.187, 170.156 6.365, 170.504 6.495, 170.866 6.574)), ((181.039 44.16, 177.157 42.086, 164.722 35.443, 160.839 33.369, 158.687 37.398, 162.249 39.224, 175.036 46.055, 178.919 48.129, 181.039 44.16)), ((198.521 53.499, 196.878 56.574, 197.517 56.405, 198.751 56.115, 202.332 55.535, 198.521 53.499)), ((-19.418 77.955, -17.003 74.077, -14.384 67.306, -15.388000199550596 68.24039325275437, 28.10190165208119 27.762400842755348, 35.226 62.34, 47.084 119.893, 47.085 119.893, 45.067 120.175, 46.077 133.765, 51.297 157.557, 53.452 167.378, 55.364 163.634, 55.933 162.84, 56.220203712016875 164.2339422633264, 55.854 164.775, 55.422925513498356 165.67886585879378, 54.935 166.531, 54.57727633932776 167.45200122399018, 54.149 168.35, 53.86025254378619 169.29806248838312, 53.501 170.223, 53.28421809101327 171.18939224709766, 52.995 172.139, 52.8501962531145 173.12421854868796, 52.634 174.088, 52.563590501879425 175.07423233183079, 52.419 176.058, 52.42274639659175 177.04704870022192, 52.352 178.038, 52.430264320900775 179.03178071780437, 52.434 180.018, 52.585028062804085 180.996931897149, 52.663 181.987, 52.88622975002833 182.9492574029154, 53.038 183.933, 53.33415875540332 184.88010667971622, 53.558 185.845, 53.9250886604907 186.76988251832051, 54.22 187.713, 54.65333368101672 188.6047010813296, 55.019 189.526, 55.51521557810054 190.37825585742004, 55.951 191.275, 56.51626751501099 192.0975738604529, 57.012 192.949, 57.631138193122624 193.71992691143657, 58.194 194.539, 58.86841894006373 195.26054100278904, 59.492 196.037, 60.226463096067555 196.7134725323547, 60.899 197.433, 61.6724031246556 198.0452463382942, 62.405 198.72, 63.227236554260976 199.27609354279338, 64.004 199.891, 64.86611536000086 200.38449709961654, 65.686 200.939, 66.58052891901022 201.36587170233045, 67.442 201.859, 68.36583006854946 202.21782240473996, 69.261 202.645, 70.82707137192703 203.19668423329247, 70.827 203.197, 70.8320593220339 203.198686440678, 70.832 203.199, 70.845 203.203, 70.895 203.219, 70.991 203.249, 71.104 203.284, 71.13391304347621 203.29304347826024, 71.137 203.294, 71.14100000000134 203.29518604651204, 71.233 203.323, 71.415 203.376, 71.42614678899143 203.3792110091745, 71.535 203.411, 71.59839622641583 203.42883018867946, 71.658 203.446, 71.72198039215637 203.46358823529397, 71.759 203.474, 71.966 203.531, 72.204 203.594, 72.33028187919531 203.6257852348995, 72.48 203.664, 72.64168421052133 203.70273684210406, 72.771 203.734, 72.912 203.767, 73.05 203.798, 73.188 203.829, 73.30941666666617 203.85483333333323, 73.333 203.86, 73.38043129771022 203.86984732824433, 73.604 203.917, 73.88404819276764 203.9715060240957, 73.912 203.977, 73.95601785714445 203.98504464285745, 74.144 204.02, 74.356 204.057, 74.3633085106355 204.05824468085058, 74.459 204.075, 74.50645009074337 204.08262250453708, 74.585 204.096, 74.817 204.133, 74.87572164948419 204.14190721649481, 74.895 204.145, 74.9120338983056 204.14741525423736, 74.995 204.16, 75.09669811320781 204.17383647798746, 75.146 204.181, 75.245 204.195, 75.298 204.202, 75.311 204.204, 75.31114053254439 204.2034600591716, 75.316 204.204, 75.3160322730625 204.20385721614775, 76.968 204.374, 77.9577592632376 204.37050173448995, 78.949 204.441, 79.935870379435 204.36351017790656, 80.929 204.36, 81.90820606535074 204.20864086113, 82.897 204.131, 83.86918255551696 203.90552620181714, 84.843 203.755, 85.77959885094316 203.46245219704738, 86.756 203.236, 87.68475510630681 202.8673742976598, 88.624 202.574, 89.51570108132972 202.14066631898322, 90.437 201.775, 91.28925585742014 201.27878442189942, 92.186 200.843, 93.00857386045284 200.27773248498906, 93.86 199.782, 94.62877916012296 199.16433772789344, 95.45 198.6, 96.17724385989742 197.92025064235574, 96.948 197.301, 97.61785143944725 196.5737255895975, 98.344 195.895, 98.96046724807455 195.1160141283484, 99.631 194.388, 100.18709559445693 193.56601101855847, 100.802 192.789, 101.29363593285782 191.93038582254454, 101.85 191.108, 102.27758946759513 190.21196697148144, 102.77 189.352, 103.127481740456 188.4309793539682, 103.556 187.533, 103.84630945350331 186.57898220353508, 104.203 185.66, 104.42003029654143 184.69361509662144, 104.709 183.744, 104.85238207940435 182.7684542201638, 105.071 181.795, 105.14186366071786 180.7988738084144, 105.285 179.825, 105.28150341592041 178.83596621748887, 105.352 177.845, 105.2745101807195 176.85787968922992, 105.271 175.865, 105.11972053475345 174.88605932819794, 105.042 173.896, 104.73640397123178 172.2631875615005, 104.737 172.263, 104.7358969521045 172.25803628447025, 104.736 172.258, 104.73533333333332 172.25549999999993, 104.733 172.245, 104.72632432432434 172.21624324324327, 104.718 172.177, 104.692 172.062, 104.66805504587154 171.95631192660548, 104.666 171.947, 104.66491911764714 171.94247058823566, 104.663 171.934, 104.63239999999827 171.80619999999274, 104.624 171.771, 104.61060869565256 171.71647826087113, 104.582 171.599, 104.57250574712626 171.5613448275855, 104.568 171.543, 104.54266666666774 171.44300000000428, 104.523 171.365, 104.52034078212297 171.35487150838017, 104.511 171.318, 104.456 171.109, 104.392 170.872, 104.38960768614902 170.86361248999236, 104.38 170.828, 104.303 170.558, 104.242628252788 170.35499999999962, 104.23 170.312, 104.15 170.049, 104.067 169.788, 104.02498496240636 169.66100000000108, 103.972 169.499, 103.89774999999963 169.2844999999989, 103.888 169.256, 103.88200000000006 169.23900000000015, 103.873 169.213, 103.791 168.981, 103.718 168.779, 103.6573913043484 168.6178695652189, 103.616 168.507, 103.545 168.322, 103.491 168.185, 103.443 168.064, 103.41169565217403 167.98747826086986, 103.394 167.943, 103.37876923076921 167.90630769230762, 103.373 167.892, 103.367 167.877, 103.3666830601093 167.877087431694, 103.365 167.873, 103.36455737127253 167.8731361934546, 102.686 166.357, 102.18524604290731 165.49694942542484, 101.753 164.608, 101.19427994085123 163.79495395761856, 100.693 162.934, 100.06842582622058 162.15661787640835, 99.51 161.344, 98.83584552001894 160.6224751978309, 98.212 159.846, 97.48292595649102 159.17449102000185, 96.806 158.45, 96.02701412834831 157.83353275192533, 95.299 157.163, 94.47848415841936 156.60807020650185, 93.7 155.992, 93.65353944688744 155.96539704145314, 93.326 154.559, 93.325 154.558, 93.321 154.555, 93.313 154.551, 93.303 154.544, 93.191 154.478, 93.106 154.427, 93.005 154.367, 92.899 154.305, 92.731 154.205, 93.06164031835345 155.6264801124584, 92.83650037830381 155.49756669901132, 92.018 154.944, 91.12672208595772 154.518560682329, 90.263 154.024, 89.33782589591597 153.66465556195652, 88.444 153.238, 87.49891252050485 152.950408059156, 86.571 152.59, 86.01551735496284 152.46539367315725, 72.67 96.166, 72.62 95.957, 75.911 91.594, 77.622 89.325, 77.697 89.226, 77.769 89.131, 77.835 89.043, 77.894 88.965, 78.175 90.246, 78.32 90.906, 78.467 91.579, 79.115 94.532, 83.511 93.568, 82.568 89.268, 81.961 86.504, 79.799 82.479, 75.22801153180906 76.83901422870338, 63.85808007002819 28.01136906711938, 82.64 38.356, 87.857 41.229, 127.23055725191192 62.91425190839888, 128.488 63.607, 139.328 69.577, 138.232 71.294, 149.224 79.35, 170.709 90.828, 179.577 95.565, 177.971 91.679, 177.737 90.731, 178.95681763884772 91.4028428778201, 179.029 91.68, 179.41879526207632 92.59119020826826, 179.74 93.53, 180.195500610773 94.40682620310356, 180.587 95.322, 181.11138127817844 96.16987140897986, 181.566 97.045, 182.14562987673847 97.84214662739087, 182.67 98.69, 183.31608026478054 99.45183000776815, 183.895 100.248, 184.58402294720867 100.94693338154464, 185.232 101.711, 185.98533479347682 102.36840073800725, 186.676 103.069, 187.46695651698536 103.66134409190009, 188.216 104.315, 189.05354600022528 104.84953444938007, 189.846 105.443, 190.71985296382095 105.91299660554131, 191.555 106.446, 192.45663230978457 106.84711301982678, 193.334 107.319, 194.27009016500796 107.6538737677985, 195.174 108.056, 196.75508879647455 108.56554989373241, 196.755 108.566, 196.772 108.571, 196.823 108.586, 196.92 108.613, 197.033 108.645, 197.164 108.681, 197.23161445783236 108.6987349397593, 197.24 108.701, 197.468 108.761, 197.4972682926827 108.76841463414628, 197.591 108.793, 197.69252229299443 108.81787898089192, 197.693 108.818, 197.69679999999062 108.81892727272498, 197.844 108.855, 197.8865185185191 108.86522222222237, 197.902 108.869, 197.93096969697146 108.87590909090952, 198.131 108.924, 198.42 108.989, 198.65623963133473 109.0390368663591, 198.712 109.051, 198.853 109.08, 198.992 109.108, 199.131 109.135, 199.2350232558131 109.15404651162775, 199.277 109.162, 199.4259189189244 109.1887027027037, 199.549 109.211, 199.849 109.262, 200.092 109.3, 200.1180457142851 109.30380857142848, 200.151 109.309, 200.408 109.346, 200.42730769230877 109.34861538461554, 200.535 109.364, 200.768 109.395, 200.947 109.417, 200.97438235294095 109.42016666666665, 200.981 109.421, 200.99600000000132 109.42266666666681, 201.094 109.434, 201.193 109.445, 201.25 109.451, 201.264 109.453, 201.26409734513274 109.45256637168141, 201.268 109.453, 201.26812136658438 109.45238479696883, 202.925 109.579, 203.91608824895172 109.54895943675822, 204.906 109.593, 205.88934113453197 109.48914879107254, 206.884 109.459, 207.86470904553263 109.28052907769953, 208.845 109.177, 209.80005504475864 108.92833187198823, 210.78 108.75, 211.72047681186842 108.42831075965441, 212.678 108.179, 213.5889414538136 107.78920412385564, 214.528 107.468, 215.4110675849734 107.00950829514183, 216.319 106.621, 217.15562217468363 106.10372959635916, 218.043 105.643, 218.8484535321131 105.0570784483848, 219.688 104.538, 220.44600454216624 103.89495111356625, 221.246 103.313, 221.94775903491293 102.62094614322947, 222.708 101.976, 223.36567861582824 101.2226360884332, 224.066 100.532, 224.6555703975744 99.74507866934279, 225.313 98.992, 225.84897183482215 98.15220180362684, 226.441 97.362, 226.90940812486193 96.49063597892352, 227.444 95.653, 227.8472519973445 94.7459962844066, 228.316 93.874, 228.65113001499236 92.93789526149325, 229.053 92.034, 229.31451489879242 91.08488984449667, 229.651 90.145, 229.84388560381927 89.1636566203593, 230.105 88.216, 230.22235662839228 87.2381109757059, 230.415 86.258, 230.45919441985865 85.26462997181339, 230.577 84.283, 230.54695943675821 83.29191175104836, 230.591 82.302, 230.48714879107254 81.3186588654679, 230.457 80.324, 230.27852907769955 79.34329095446753, 230.175 78.363, 229.82653976705757 76.73915557169886, 229.827 76.739, 229.8248300374132 76.73118813468754, 229.822 76.718, 229.80557303370762 76.65519101123498, 229.784 76.568, 229.76334883720938 76.48818604651188, 229.744 76.412, 229.72049152542425 76.32415254237488, 229.701 76.25, 229.639 76.023, 229.576 75.799, 229.52566101694904 75.62616949152506, 229.515 75.589, 229.4973157894736 75.53089473684184, 229.445 75.357, 229.355 75.068, 229.28250000000045 74.8455000000014, 229.261 74.779, 229.2291846153855 74.68500000000263, 229.181 74.541, 229.091 74.282, 229.08998936170198 74.27919148936124, 229.083 74.259, 229.01000000000226 74.05690526316413, 228.996 74.018, 228.99426108998688 74.01333333333208, 228.988 73.996, 228.882 73.712, 228.794 73.483, 228.72715384615037 73.31292307691425, 228.697 73.236, 228.606 73.013, 228.55636734694102 72.89348979592376, 228.538 72.849, 228.53078350515443 72.83188659793764, 228.53 72.83, 228.52049999999952 72.80749999999883, 228.468 72.683, 228.409 72.547, 228.369 72.455, 228.35436363636387 72.42190909090964, 228.347 72.405, 228.3440645161292 72.39888709677453, 228.338 72.386, 228.33789361769956 72.38603670938535, 227.619 70.889, 227.0983649547578 70.04733998684213, 226.64 69.165, 226.05431470466965 68.35952554704032, 225.535 67.52, 224.89720183095008 66.76818482805201, 224.311 65.962, 223.61179095230807 65.25298543168242, 222.973 64.5, 222.22527441448145 63.847024756863604, 221.53 63.142, 220.74130232478856 62.55109874491256, 219.99 61.895, 219.15020180362694 61.359028165177904, 218.36 60.767, 217.48863597892355 60.29859187513808, 216.651 59.764, 215.7439962844066 59.3607480026555, 214.872 58.892, 213.93693169145575 58.55733077964971, 213.032 58.155, 212.07963997033417 57.892589640856876, 211.142 57.557, 210.16351852585558 57.36462741990573, 209.214 57.103, 208.23546374058193 56.98556569681024, 207.256 56.793, 206.26277783846135 56.74882332564296, 205.281 56.631, 204.28946585081903 56.66105407878295, 203.299 56.617, 202.3152563324772 56.720893720662474, 201.322 56.751, 200.34207463133714 56.929282547185515, 199.36 57.033, 198.40518865359067 57.281669552118096, 197.425 57.46, 197.03019203282082 57.595079747511, 195.717 56.915, 195.715 56.916, 195.71 56.917, 195.702 56.92, 195.69 56.923, 195.568 56.965, 195.473 56.997, 195.362 57.035, 195.246 57.075, 195.06 57.138, 196.36389603974803 57.81330056167313, 195.528 58.031, 194.61680979173195 58.42079526207623, 193.678 58.742, 192.8011737968963 59.197500610773076, 191.886 59.589, 191.040664359155 60.11206397729246, 190.163 60.568, 189.39642717579022 61.125398722318, 137.703 34.615, 135.906 26.504, 135.88 26.383, 135.854 26.267, 135.83 26.159, 135.809 26.064, 136.966 26.682, 137.562 27, 138.169 27.325, 140.836 28.75, 142.956 24.78, 139.074 22.706, 136.578 21.373, 132.113 20.404, 124.85669382665556 20.219017687464696, 46.469 -20.376, 46.30848755213482 -20.45120071376361, 46.245 -20.489, 46.193572636949526 -20.510082572502682, 46.072 -20.575, 45.5066061246039 -20.822469904963093, 45.452 -20.847, 45.194 -20.957, 45.09265929203518 -20.99808407079655, 45.043 -21.019, 44.95828089887676 -21.05256179775267, 44.935 -21.062, 44.894735537189604 -21.07773553719027, 44.783 -21.122, 44.736816949152626 -21.139450847457596, 44.674 -21.164, 44.151 -21.366, 43.98493758932825 -21.41550929013816, 43.913 -21.445, 43.85423209249071 -21.459409785249516, 43.729 -21.504, 43.10802325581403 -21.67210465116277, 43.076 -21.681, 42.805 -21.752, 42.80366479663392 -21.75232398316971, 42.782 -21.758, 42.668000000000355 -21.785242647058737, 42.533 -21.818, 42.26 -21.88, 41.713 -22.002, 41.54137820878497 -22.026517398745003, 41.466 -22.045, 41.405049989827965 -22.050633626438213, 41.275 -22.076, 40.579 -22.158, 40.43499999999946 -22.17302158273387, 40.324 -22.185, 40.045 -22.21, 40.04074999999991 -22.210319892473127, 40.022 -22.212, 39.95200000000043 -22.21699999999997, 39.766 -22.231, 39.207 -22.271, 39.03173376111935 -22.26999990733877, 38.956 -22.277, 38.89877606410286 -22.273793094212444, 38.763 -22.28, 38.343 -22.265, 38.25799999999996 -22.262571428571427, 38.226 -22.262, 38.130000000000216 -22.258914285714294, 38.063 -22.257, 38.04066666666657 -22.256042857142855, 37.946 -22.253, 37.8074755244756 -22.246048951048955, 37.783 -22.245, 37.75726470588232 -22.243529411764705, 37.667 -22.239, 37.60833333333329 -22.235019047619044, 37.503 -22.229, 37.40036437718268 -22.22090686845168, 37.387 -22.22, 37.34600000000042 -22.21662007168462, 37.224 -22.207, 37.16299999999967 -22.201534050179184, 37.143284908321725 -22.199908791725445, 36.689 -22.166, 36.52723802635575 -22.14088893549927, 36.44 -22.136, 36.37291565365028 -22.122082988115455, 36.248 -22.109, 35.559 -21.984, 35.284 -21.931, 35.068999999999505 -21.885489051094787, 35.033 -21.878, 35.02448353552871 -21.87606585788564, 35.01 -21.873, 34.99958931063346 -21.870412224392947, 34.76 -21.816, 34.214 -21.691, 34.05855915617229 -21.641957166920665, 33.972 -21.624, 33.89706296722255 -21.596358251868892, 33.787 -21.569, 33.61505736636244 -21.503435462842237, 33.545 -21.482, 33.279 -21.396, 33.014 -21.305, 32.75 -21.21, 32.489 -21.11, 32.228 -21.007, 31.837 -20.854, 31.683894161182284 -20.77999480057147, 31.608 -20.752, 31.512729147235657 -20.70178334361682, 31.432 -20.671, 31.27145129657877 -20.580636522118105, 31.206 -20.549, 30.831 -20.36, 30.583 -20.229, 30.338 -20.094, 30.095 -19.955, 29.609 -19.676, 29.46697509262675 -19.57894145603385, 29.398 -19.541, 29.322772866738514 -19.48383937308233, 29.236 -19.435, 29.08946283309959 -19.320952974177054, 29.031 -19.281, 28.801 -19.12, 28.574 -18.956, 28.35 -18.788, 28.129 -18.616, 27.923258117776747 -18.451594386351278, 27.58 -18.181, 27.451321654750924 -18.061834839808252, 27.391 -18.016, 14.515980902702276 -6.633584458937724, 14.196 -7.381, 12.937 -9.415, 11.389 -11.238, 9.587 -12.81, 7.571 -14.095, 5.386 -15.066, 3.08 -15.701, 0.705 -15.984, -1.685 -15.911, -4.037 -15.482, -6.3 -14.708, -8.422 -13.604, -10.355 -12.197, -12.057 -10.518, -13.49 -8.603, -14.622 -6.496, -15.427 -4.245, -15.887 -1.898, -15.992 0.491, -15.741 2.869, -15.137 5.183, -14.196 7.381, -12.937 9.415, -11.389 11.238, -9.587 12.81, -8.361124834095442 13.591373803664364, -23.336929198211234 26.83103015258559, -25.646 28.872, -65.734 64.313, -66.982 62.704, -78.268 70.341, -96.31 86.707, -103.756 93.462, -99.557 93.258, -98.585 93.357, -113.132 106.217, -115.084 108.211, -116.73 110.464, -118.036 112.93, -118.974 115.558, -119.526 118.293, -119.679 121.08, -119.431 123.859, -118.787 126.574, -117.761 129.169, -116.372 131.589, -114.651 133.786, -112.632 135.712, -110.358 137.329, -107.875 138.603, -105.236 139.508, -102.493 140.025, -99.705 140.143, -96.929 139.859, -94.223 139.181, -91.641 138.121, -89.239 136.701, -87.065 134.952, -72.798 121.673, -72.798 121.672, -72.797 121.666, -72.797 121.658, -72.796 121.646, -72.794 121.516, -72.793 121.416, -72.791 121.299, -72.79 121.176, -72.787 120.98, -74.742 122.8, -78.325 118.85, -74.728 115.502, -75.771 115.371, -32.422 74.703, -32.266 74.555, -29.718 74.877, -27.91820325206366 75.10361788617493, -24.024 75.595, -23.901 75.61, -23.783 75.625, -23.673 75.639, -23.576 75.651, -24.548 76.532, -25.048 76.986, -25.559 77.449, -27.798 79.481, -24.774 82.813, -21.514 79.856, -19.418 77.955), (138.234 27.271, 138.296 27.236, 138.169 27.325, 138.234 27.271), (-25.529 77.529, -25.518 77.598, -25.559 77.449, -25.529 77.529), (216.822 81.988, 216.93 81.88, 217.054 81.79, 217.19 81.719, 217.335 81.669, 217.485 81.641, 217.638 81.636, 217.791 81.654, 217.938 81.694, 218.079 81.756, 218.208 81.838, 218.324 81.939, 218.423 82.055, 218.504 82.185, 218.565 82.326, 218.604 82.474, 218.62 82.626, 218.614 82.78, 218.584 82.93, 218.53981184668987 83.05476655052267, 218.449 83.151, 218.297 83.271, 218.128 83.367, 217.946 83.436, 217.757 83.478, 217.563 83.492, 217.369 83.476, 217.18 83.431, 217 83.359, 216.832 83.26, 216.69684663520724 83.15080324169061, 216.687 83.135, 216.627 82.995, 216.588 82.846, 216.58483954096457 82.81774177803608, 216.591 82.553, 216.57757082760165 82.55038048242106, 216.578 82.541, 216.607 82.391, 216.658 82.246, 216.73 82.111, 216.822 81.988), (203.968 83.6, 203.888 83.571, 203.828 83.538, 203.767 83.492, 203.702 83.425, 203.668 83.376, 203.632 83.308, 203.601 83.211, 203.557 83.164, 203.593 83.16, 203.591 83.084, 203.6 83.008, 203.563 83.001, 203.572 82.965, 203.585 82.921, 203.62 82.934, 203.651 82.864, 203.692 82.799, 203.662 82.777, 203.691 82.741, 203.716 82.715, 203.742 82.741, 203.807 82.686, 203.865 82.651, 203.936 82.621, 204.027 82.598, 204.086 82.593, 204.163 82.596, 204.262 82.618, 204.325 82.603, 204.31 82.636, 204.377 82.672, 204.439 82.718, 204.463 82.69, 204.49 82.715, 204.521 82.749, 204.493 82.773, 204.538 82.834, 204.574 82.902, 204.608 82.888, 204.624 82.93, 204.634 82.965, 204.599 82.975, 204.613 83.059, 204.615 83.127, 204.606 83.203, 204.58 83.293, 204.555 83.347, 204.514 83.411, 204.445 83.487, 204.47 83.514, 204.405 83.519, 204.34 83.559, 204.27 83.59, 204.282 83.625, 204.247 83.635, 204.203 83.646, 204.196 83.609, 204.12 83.617, 204.043 83.614, 204.039 83.651, 203.994 83.644, 203.958 83.635, 203.968 83.6), (198.75 94.827, 198.766 94.979, 198.76 95.132, 198.731 95.282, 198.68 95.427, 198.607 95.562, 198.516 95.685, 198.407 95.793, 198.283 95.883, 198.148 95.954, 198.003 96.004, 197.852 96.032, 197.699 96.037, 197.547 96.019, 197.399 95.979, 197.259 95.917, 197.13 95.835, 197.014 95.734, 196.9284745538665 95.63479048248513, 196.89 95.507, 196.863 95.315, 196.864 95.12, 196.894 94.928, 196.953 94.743, 197.038 94.569, 197.149 94.409, 197.282 94.267, 197.435 94.147, 197.604 94.051, 197.7649159759635 93.98965634065479, 197.785 93.989, 197.937 94.006, 198.085 94.047, 198.225 94.109, 198.354 94.191, 198.47 94.291, 198.569 94.408, 198.65 94.538, 198.711 94.678, 198.75 94.827), (196.106 71.093, 196.197 70.971, 196.306 70.863, 196.43 70.772, 196.566 70.701, 196.71 70.651, 196.84112556732222 70.6275537065053, 196.969 70.658, 197.149 70.73, 197.317 70.829, 197.468 70.951, 197.599 71.094, 197.708 71.255, 197.791 71.431, 197.847 71.617, 197.874 71.809, 197.873 72.004, 197.8450971055089 72.1768179271708, 197.837 72.192, 197.745 72.315, 197.636 72.423, 197.513 72.513, 197.377 72.584, 197.232 72.634, 197.081 72.662, 196.928 72.667, 196.776 72.649, 196.628 72.609, 196.488 72.547, 196.359 72.465, 196.243 72.364, 196.144 72.248, 196.063 72.118, 196.002 71.977, 195.963 71.829, 195.947 71.676, 195.953 71.523, 195.982 71.373, 196.034 71.229, 196.106 71.093), (132.5551610943331 24.20577203653018, 137.034 26.525, 138.397 27.231, 132.5551610943331 24.20577203653018), (119.041 23.775, 118.514 23.503, 120.229 31.245, 88.671 15.06, 67.149 4.023, 65.367 -4.021, 59.591 -7.012, 62.316 -5.601, 64.828 -10.305, 83.614 -0.576, 81.49 3.399, 83.008 4.177, 84.218 4.804, 100.647 13.312, 102.76796587034531 9.343063866383536, 105.57439999994847 10.796314285687595, 121.55380571571301 19.07136367420852, 119.041 23.775), (78.529 178.34, 78.474 178.287, 78.426 178.227, 78.396 178.247, 78.372 178.208, 78.355 178.176, 78.389 178.16, 78.359 178.08, 78.345 178.014, 78.34 177.937, 78.349 177.844, 78.364 177.786, 78.392 177.715, 78.446 177.629, 78.417 177.606, 78.479 177.59, 78.536 177.538, 78.6 177.495, 78.582 177.463, 78.614 177.446, 78.656 177.428, 78.669 177.463, 78.742 177.441, 78.818 177.43, 78.816 177.393, 78.861 177.392, 78.898 177.394, 78.895 177.431, 78.979 177.445, 79.044 177.466, 79.112 177.5, 79.188 177.554, 79.231 177.596, 79.278 177.656, 79.326 177.746, 79.36 177.732, 79.343 177.795, 79.36 177.869, 79.365 177.946, 79.402 177.946, 79.4 177.983, 79.395 178.028, 79.358 178.022, 79.341 178.097, 79.312 178.168, 79.345 178.184, 79.323 178.224, 79.304 178.255, 79.273 178.234, 79.219 178.299, 79.168 178.345, 79.105 178.388, 79.019 178.426, 78.962 178.442, 78.886 178.453, 78.784 178.45, 78.779 178.486, 78.725 178.476, 78.734 178.44, 78.661 178.417, 78.592 178.383, 78.574 178.415, 78.543 178.396, 78.506 178.368, 78.529 178.34), (78.46758780587513 91.57914891082169, 78.46757621296692 91.57909603549449, 78.551 91.593, 78.617 91.617, 78.46758780587513 91.57914891082169), (64.763 53.943, 69.159 52.979, 73.95683176445966 73.58303691557354, 68.748 74.726, 68.613 74.148, 65.839 77.826, 63.838 80.48, 55.41305062035242 44.939693917803524, 53.496 36.851, 50.078 22.434, 51.150486752721825 21.012331513833857, 63.26943237586132 27.687156038400722, 64.267 31.971, 59.864 32.937, 60.258 34.596, 60.567 35.924, 64.067 50.955, 64.763 53.943), (68.463 49.99, 73.957 73.583, 69.159 52.979, 68.463 49.99), (29.248 -8.683, 29.86 -10.046, 30.668 -11.303, 31.655 -12.426, 32.799 -13.389, 34.072 -14.17, 35.449 -14.753, 36.896 -15.125, 38.383 -15.276, 39.876 -15.205, 41.342 -14.911, 42.747 -14.403, 44.061 -13.69, 45.254 -12.79, 46.3 -11.722, 47.174 -10.51, 47.859 -9.181, 48.337 -7.766, 48.599 -6.294, 48.64 -4.8, 48.456 -3.317, 48.054 -1.877, 47.442 -0.514, 46.634 0.743, 45.647 1.866, 44.504 2.829, 43.23 3.61, 41.853 4.193, 40.406 4.565, 38.919 4.716, 37.426 4.645, 35.961 4.351, 34.555 3.843, 33.241 3.13, 32.048 2.23, 31.003 1.162, 30.128 -0.05, 29.443 -1.379, 28.965 -2.794, 28.703 -4.266, 28.663 -5.76, 28.846 -7.243, 29.248 -8.683), (27.98379332265079 27.189149004735846, 27.03099999996652 28.076008234197307, 19.082779484438852 35.47375698879395, 16.054 32.136, 14.811 33.303, 13.813 34.231, 0.27 46.836, 3.293 50.169, -12.192391984579514 64.5825678651719, -15.775 60.633, -15.341 60.229, -23.209 59.237, 20.296 18.421, 24.9 19.002, 26.33422456262779 19.182784608734597, 27.98379332265079 27.189149004735846), (-17.035807303406212 69.77395852532366, -25.524 77.655, -17.035807303404546 69.77395852532212, -17.035807303406212 69.77395852532366), (-25.547 77.695, -22.265084111961148 74.64069158860973, -24.423 76.649, -25.547 77.695), (-88.235 117.094, -88.103 116.932, -87.948 116.791, -87.774 116.675, -87.584 116.587, -87.384 116.527, -87.176 116.498, -86.967 116.501, -86.761 116.534, -86.561 116.598, -86.374 116.691, -86.202 116.811, -86.051 116.955, -85.922 117.12, -85.819 117.302, -85.745 117.498, -85.701 117.702, -85.688 117.911, -85.706 118.12, -85.754 118.323, -85.833 118.517, -85.94 118.697, -86.072 118.859, -86.227 119, -86.401 119.116, -86.591 119.204, -86.791 119.264, -86.999 119.293, -87.208 119.29, -87.414 119.257, -87.614 119.193, -87.801 119.1, -87.973 118.98, -88.124 118.836, -88.253 118.671, -88.356 118.489, -88.43 118.293, -88.474 118.089, -88.487 117.88, -88.469 117.671, -88.421 117.468, -88.342 117.274, -88.235 117.094), (-88.816 134.963, -88.87606578947526 135.00714473684326, -88.734 134.902, -88.816 134.963), (-89.796 135.688, -88.91625742574062 135.03689108910746, -88.982 135.086, -89.065 135.147, -89.796 135.688), (-89.305 135.331, -89.549 135.512, -89.796 135.688, -89.305 135.331), (-113.384 133.456, -113.593 133.236, -113.799 133.013, -113.384 133.456), (-109.848 129.429, -109.404 129.895, -108.937 130.339, -108.448 130.758, -107.939 131.153, -107.77 131.27, -107.818 131.337, -107.982 131.605, -108.106 131.846, -108.23 132.134, -108.319 132.39, -108.401 132.694, -108.452 132.96, -108.49 133.271, -108.503 133.542, -108.496 133.856, -108.47 134.126, -108.419 134.435, -108.355 134.699, -108.26 134.998, -108.159 135.25, -108.022 135.532, -107.887 135.767, -107.711 136.027, -107.544 136.241, -107.333 136.473, -107.137 136.66, -106.895 136.86, -106.675 137.018, -106.407 137.182, -106.166 137.306, -105.878 137.43, -105.622 137.519, -105.318 137.6, -105.052 137.652, -104.741 137.69, -104.47 137.703, -104.156 137.696, -103.886 137.67, -103.577 137.618, -103.313 137.555, -103.014 137.46, -102.762 137.359, -102.48 137.222, -102.245 137.087, -101.985 136.911, -101.771 136.744, -101.539 136.533, -101.352 136.337, -101.152 136.095, -100.994 135.874, -100.83 135.607, -100.706 135.366, -100.582 135.077, -100.493 134.821, -100.412 134.518, -100.36 134.252, -100.322 133.94, -100.309 133.67, -100.309 133.664, -100.105 133.666, -99.462 133.641, -98.82 133.584, -98.182 133.495, -97.55 133.375, -96.924 133.223, -96.307 133.04, -95.699 132.827, -95.103 132.583, -94.519 132.31, -93.95 132.009, -90.554 136.192, -91.335 136.658, -92.139 137.084, -92.964 137.47, -93.806 137.814, -94.665 138.115, -95.537 138.374, -96.421 138.588, -97.315 138.759, -98.217 138.884, -99.123 138.964, -100.032 139, -100.942 138.989, -101.851 138.934, -102.755 138.833, -103.653 138.687, -104.543 138.497, -105.422 138.262, -106.289 137.984, -107.14 137.664, -107.975 137.301, -108.79 136.897, -109.584 136.453, -110.355 135.969, -111.101 135.448, -111.821 134.891, -112.511 134.298, -113.171 133.672, -113.799 133.013, -109.848 129.429), (-90.046 135.86, -90.298 136.028, -90.554 136.192, -90.046 135.86), (-90.812 136.352, -91.072 136.507, -91.335 136.658, -90.812 136.352), (-91.601 136.804, -91.869 136.946, -91.335 136.658, -91.601 136.804), (-92.412 137.217, -92.687 137.346, -92.139 137.084, -92.412 137.217), (-93.243 137.589, -93.523 137.704, -92.964 137.47, -93.243 137.589), (-94.091 137.919, -94.377 138.019, -93.806 137.814, -94.091 137.919), (-94.954 138.206, -95.245 138.292, -94.665 138.115, -94.954 138.206), (-95.831 138.45, -96.126 138.522, -95.537 138.374, -95.831 138.45), (-96.718 138.65, -97.016 138.707, -96.421 138.588, -96.718 138.65), (-97.615 138.805, -97.916 138.847, -97.315 138.759, -97.615 138.805), (-98.518 138.916, -98.82 138.943, -99.123 138.964, -98.518 138.916), (-99.426 138.981, -99.729 138.993, -100.032 139, -99.426 138.981), (-100.336 139.001, -100.639 138.998, -100.942 138.989, -100.336 139.001), (-101.245 138.976, -101.548 138.957, -101.851 138.934, -101.245 138.976), (-102.153 138.905, -102.454 138.872, -102.755 138.833, -102.153 138.905), (-103.055 138.789, -103.355 138.741, -103.653 138.687, -103.055 138.789), (-103.951 138.629, -104.247 138.565, -104.543 138.497, -103.951 138.629), (-104.837 138.424, -105.13 138.345, -105.422 138.262, -104.837 138.424), (-105.713 138.175, -106.001 138.082, -106.289 137.984, -105.713 138.175), (-106.574 137.882, -106.858 137.775, -107.14 137.664, -106.574 137.882), (-107.42 137.547, -107.699 137.426, -107.975 137.301, -107.42 137.547), (-108.249 137.171, -108.521 137.036, -108.79 136.897, -108.249 137.171), (-109.057 136.753, -109.322 136.605, -109.584 136.453, -109.057 136.753), (-109.844 136.296, -110.101 136.135, -110.355 135.969, -109.844 136.296), (-110.607 135.8, -110.856 135.626, -111.101 135.448, -110.607 135.8), (-111.344 135.266, -111.584 135.081, -111.821 134.891, -111.344 135.266), (-112.054 134.697, -112.284 134.499, -112.511 134.298, -112.054 134.697), (-112.734 134.093, -112.954 133.884, -113.171 133.672, -112.734 134.093), (-100.709 121.035, -100.756 120.945, -100.791 120.959, -100.773 120.897, -100.79 120.822, -100.794 120.745, -100.831 120.745, -100.83 120.709, -100.824 120.663, -100.788 120.669, -100.77 120.595, -100.741 120.524, -100.774 120.507, -100.752 120.467, -100.733 120.437, -100.702 120.458, -100.648 120.392, -100.597 120.347, -100.533 120.305, -100.448 120.266, -100.39 120.25, -100.315 120.24, -100.213 120.243, -100.208 120.207, -100.154 120.217, -100.162 120.253, -100.089 120.276, -100.021 120.31, -100.002 120.278, -99.971 120.298, -99.935 120.326, -99.958 120.354, -99.902 120.407, -99.855 120.467, -99.824 120.447, -99.801 120.486, -99.784 120.518, -99.818 120.534, -99.788 120.614, -99.774 120.681, -99.769 120.757, -99.779 120.85, -99.794 120.908, -99.823 120.979, -99.877 121.065, -99.848 121.088, -99.91 121.104, -99.967 121.156, -100.031 121.198, -100.013 121.23, -100.045 121.247, -100.087 121.265, -100.1 121.23, -100.174 121.252, -100.249 121.263, -100.247 121.3, -100.293 121.301, -100.329 121.299, -100.326 121.262, -100.41 121.248, -100.475 121.226, -100.543 121.192, -100.619 121.137, -100.662 121.096, -100.709 121.035), (-105.793 133.799, -105.806 133.59, -105.788 133.382, -105.739 133.178, -105.661 132.984, -105.554 132.804, -105.422 132.642, -105.267 132.502, -105.092 132.386, -104.903 132.297, -104.702 132.238, -104.495 132.209, -104.286 132.211, -104.079 132.245, -103.88 132.308, -103.693 132.401, -103.521 132.521, -103.369 132.665, -103.241 132.83, -103.138 133.013, -103.064 133.208, -103.019 133.413, -103.006 133.622, -103.024 133.83, -103.073 134.034, -103.152 134.227, -103.258 134.407, -103.391 134.57, -103.546 134.71, -103.72 134.826, -103.909 134.915, -104.11 134.974, -104.317 135.003, -104.526 135.001, -104.733 134.967, -104.932 134.903, -105.12 134.81, -105.291 134.691, -105.443 134.547, -105.572 134.381, -105.674 134.199, -105.748 134.003, -105.793 133.799), (-110.695 111.15, -110.739 110.945, -110.752 110.737, -110.734 110.528, -110.685 110.325, -110.607 110.131, -110.5 109.951, -110.368 109.789, -110.213 109.648, -110.039 109.532, -109.849 109.443, -109.649 109.384, -109.441 109.355, -109.232 109.358, -109.025 109.391, -108.826 109.455, -108.639 109.548, -108.467 109.668, -108.315 109.812, -108.187 109.977, -108.084 110.159, -108.01 110.355, -107.966 110.559, -107.952 110.768, -107.97 110.977, -108.019 111.18, -108.098 111.374, -108.205 111.554, -108.337 111.716, -108.492 111.857, -108.666 111.973, -108.856 112.061, -109.056 112.121, -109.263 112.15, -109.473 112.147, -109.679 112.114, -109.878 112.05, -110.066 111.957, -110.238 111.837, -110.389 111.693, -110.518 111.528, -110.62 111.346, -110.695 111.15)), ((89.533 117.044, 88.589 112.745, 84.128 113.723, 85.052 117.619, 85.137 118.009, 89.102 136.079, 93.497 135.114, 92.554 130.815, 89.533 117.044)), ((94.34 155.221, 94.883 155.597, 95.906 156.347, 98.671 158.694, 97.745 154.474, 94.34 155.221)))