ISO-10303-21;
HEADER;
FILE_DESCRIPTION (( 'STEP AP214' ),
    '1' );
FILE_NAME ('Femur.STEP',
    '2026-09-19T19:54:36',
    ( '' ),
    ( '' ),
    'SwSTEP 2.0',
    'SolidWorks 2023',
    '' );
FILE_SCHEMA (( 'AUTOMOTIVE_DESIGN' ));
ENDSEC;

DATA;
#1 = CIRCLE ( 'NONE', #2813, 19.40000000000000213 ) ;
#2 = ORIENTED_EDGE ( 'NONE', *, *, #8, .F. ) ;
#3 = CIRCLE ( 'NONE', #2180, 1.899999999999999023 ) ;
#4 = TOROIDAL_SURFACE ( 'NONE', #1935, 1.900000000000002354, 0.5000000000000000000 ) ;
#5 = CONICAL_SURFACE ( 'NONE', #2634, 18.75000000000001776, 0.7853981633974630450 ) ;
#6 = DIRECTION ( 'NONE',  ( -1.000000000000000000, 0.000000000000000000, 0.000000000000000000 ) ) ;
#7 = ORIENTED_EDGE ( 'NONE', *, *, #1258, .T. ) ;
#8 = EDGE_CURVE ( 'NONE', #2773, #2299, #2801, .T. ) ;
#9 = STYLED_ITEM ( 'NONE', ( #1910 ), #2232 ) ;
#10 = DIRECTION ( 'NONE',  ( 1.000000000000000000, 0.000000000000000000, 0.000000000000000000 ) ) ;
#11 = CARTESIAN_POINT ( 'NONE',  ( 94.00110992643139696, -16.49864941742087865, 5.000000000000000000 ) ) ;
#12 = ORIENTED_EDGE ( 'NONE', *, *, #2805, .F. ) ;
#13 = ORIENTED_EDGE ( 'NONE', *, *, #2303, .F. ) ;
#14 = CARTESIAN_POINT ( 'NONE',  ( -88.79764625562511071, 19.09105812881900022, 4.931612421116880363 ) ) ;
#15 = CARTESIAN_POINT ( 'NONE',  ( 95.19000000000001194, 7.000000000000000000, 34.00000000000000000 ) ) ;
#16 = CARTESIAN_POINT ( 'NONE',  ( -88.41928906214572237, -19.06662681757512345, 4.942534277479273541 ) ) ;
#17 = EDGE_LOOP ( 'NONE', ( #2814, #2446, #1350, #2454 ) ) ;
#18 = EDGE_CURVE ( 'NONE', #428, #2386, #946, .T. ) ;
#19 = ADVANCED_FACE ( 'NONE', ( #1823 ), #2532, .F. ) ;
#20 = ORIENTED_EDGE ( 'NONE', *, *, #353, .F. ) ;
#21 = DIRECTION ( 'NONE',  ( 0.9999181465103561539, 0.01279454099584189167, 0.000000000000000000 ) ) ;
#22 = DIRECTION ( 'NONE',  ( -1.000000000000000000, 1.224646799147351975E-16, 0.000000000000000000 ) ) ;
#23 = EDGE_LOOP ( 'NONE', ( #1982, #935, #1970, #2720 ) ) ;
#24 = EDGE_LOOP ( 'NONE', ( #2287, #1735, #724, #2400 ) ) ;
#25 = CARTESIAN_POINT ( 'NONE',  ( -92.71449261610194981, 18.72024803287708750, 5.499999999886351354 ) ) ;
#26 = EDGE_CURVE ( 'NONE', #2676, #2298, #1329, .T. ) ;
#27 = PLANE ( 'NONE',  #1759 ) ;
#28 = EDGE_CURVE ( 'NONE', #2662, #2654, #1831, .T. ) ;
#29 = DIRECTION ( 'NONE',  ( -0.000000000000000000, -0.000000000000000000, 1.000000000000000000 ) ) ;
#30 = EDGE_CURVE ( 'NONE', #401, #1381, #2760, .T. ) ;
#31 = CARTESIAN_POINT ( 'NONE',  ( 93.79000000000000625, 0.000000000000000000, -4.500000000000000888 ) ) ;
#32 = CONICAL_SURFACE ( 'NONE', #1370, 11.49999999999999645, 0.7853981633974452814 ) ;
#33 = FACE_OUTER_BOUND ( 'NONE', #698, .T. ) ;
#34 = VERTEX_POINT ( 'NONE', #825 ) ;
#35 = AXIS2_PLACEMENT_3D ( 'NONE', #1190, #2072, #2314 ) ;
#36 = EDGE_CURVE ( 'NONE', #2851, #2041, #1560, .T. ) ;
#37 = DIRECTION ( 'NONE',  ( 1.000000000000000000, 0.000000000000000000, 0.000000000000000000 ) ) ;
#38 = CARTESIAN_POINT ( 'NONE',  ( -93.79000000000000625, 0.000000000000000000, 5.500000000000000000 ) ) ;
#39 = ORIENTED_EDGE ( 'NONE', *, *, #916, .F. ) ;
#40 = ORIENTED_EDGE ( 'NONE', *, *, #2395, .F. ) ;
#41 = CARTESIAN_POINT ( 'NONE',  ( -91.95959545514104150, 18.66127998839173685, 5.500000000064377836 ) ) ;
#42 = DIRECTION ( 'NONE',  ( -1.000000000000000000, 0.000000000000000000, 0.000000000000000000 ) ) ;
#43 = CARTESIAN_POINT ( 'NONE',  ( -105.4813429510899283, -6.750000000000006217, -5.000000000000000000 ) ) ;
#44 = CARTESIAN_POINT ( 'NONE',  ( -84.32457874791229813, -17.66548754313781444, 5.070443961755738194 ) ) ;
#45 = DIRECTION ( 'NONE',  ( -0.000000000000000000, -0.000000000000000000, 1.000000000000000000 ) ) ;
#46 = DIRECTION ( 'NONE',  ( -1.000000000000000000, 0.000000000000000000, 0.000000000000000000 ) ) ;
#47 = CIRCLE ( 'NONE', #1983, 0.4999999999999993894 ) ;
#48 = DIRECTION ( 'NONE',  ( 0.000000000000000000, 0.000000000000000000, -1.000000000000000000 ) ) ;
#49 = ORIENTED_EDGE ( 'NONE', *, *, #2218, .T. ) ;
#50 = CIRCLE ( 'NONE', #1984, 0.5000000000000004441 ) ;
#51 = AXIS2_PLACEMENT_3D ( 'NONE', #2520, #1604, #1808 ) ;
#52 = CIRCLE ( 'NONE', #418, 1.899999999999999023 ) ;
#53 = CARTESIAN_POINT ( 'NONE',  ( -80.19865704891010694, -6.750000000000006217, -5.000000000000000888 ) ) ;
#54 = VERTEX_POINT ( 'NONE', #1695 ) ;
#55 = CIRCLE ( 'NONE', #470, 4.000000000000003553 ) ;
#56 = ORIENTED_EDGE ( 'NONE', *, *, #954, .F. ) ;
#57 = ORIENTED_EDGE ( 'NONE', *, *, #1277, .F. ) ;
#58 = TOROIDAL_SURFACE ( 'NONE', #791, 1.900000000000002354, 0.5000000000000000000 ) ;
#59 = CARTESIAN_POINT ( 'NONE',  ( -87.29008278992908743, 17.59361259322932725, 5.499999999810976981 ) ) ;
#60 = DIRECTION ( 'NONE',  ( 1.000000000000000000, 0.000000000000000000, 0.000000000000000000 ) ) ;
#61 = CARTESIAN_POINT ( 'NONE',  ( -92.79000000000000625, 0.000000000000000000, 5.000000000000000888 ) ) ;
#62 = DIRECTION ( 'NONE',  ( -0.01279454099585020099, -0.9999181465103559319, 0.000000000000000000 ) ) ;
#63 = DIRECTION ( 'NONE',  ( 1.000000000000000000, 0.000000000000000000, 0.000000000000000000 ) ) ;
#64 = DIRECTION ( 'NONE',  ( 0.000000000000000000, 0.000000000000000000, -1.000000000000000000 ) ) ;
#65 = VERTEX_POINT ( 'NONE', #2583 ) ;
#66 =( GEOMETRIC_REPRESENTATION_CONTEXT ( 3 ) GLOBAL_UNCERTAINTY_ASSIGNED_CONTEXT ( ( #713 ) ) GLOBAL_UNIT_ASSIGNED_CONTEXT ( ( #367, #589, #810 ) ) REPRESENTATION_CONTEXT ( 'NONE', 'WORKASPACE' ) );
#67 = DIRECTION ( 'NONE',  ( 1.000000000000000000, 0.000000000000000000, 0.000000000000000000 ) ) ;
#68 = ORIENTED_EDGE ( 'NONE', *, *, #564, .F. ) ;
#69 = ORIENTED_EDGE ( 'NONE', *, *, #2108, .T. ) ;
#70 = VERTEX_POINT ( 'NONE', #133 ) ;
#71 = CARTESIAN_POINT ( 'NONE',  ( -90.60849493390361431, 19.19201339791145600, 4.874760065673196863 ) ) ;
#72 = CARTESIAN_POINT ( 'NONE',  ( -93.54178590468067966, 19.39841204230091165, -5.000000000000000000 ) ) ;
#73 = EDGE_CURVE ( 'NONE', #1864, #1405, #223, .T. ) ;
#74 = DIRECTION ( 'NONE',  ( 0.000000000000000000, 0.000000000000000000, 1.000000000000000000 ) ) ;
#75 = CARTESIAN_POINT ( 'NONE',  ( -82.09865704891009841, -6.750000000000006217, 4.500000000000001776 ) ) ;
#76 = DIRECTION ( 'NONE',  ( 1.000000000000000000, 0.000000000000000000, 0.000000000000000000 ) ) ;
#77 = DIRECTION ( 'NONE',  ( 1.000000000000000000, 0.000000000000000000, 0.000000000000000000 ) ) ;
#78 = ORIENTED_EDGE ( 'NONE', *, *, #882, .T. ) ;
#79 = CIRCLE ( 'NONE', #532, 1.899999999999999023 ) ;
#80 = LINE ( 'NONE', #1906, #2130 ) ;
#81 = EDGE_LOOP ( 'NONE', ( #1294, #1763, #2043, #1163 ) ) ;
#82 = ORIENTED_EDGE ( 'NONE', *, *, #2333, .T. ) ;
#83 = CIRCLE ( 'NONE', #1461, 19.27967279021484970 ) ;
#84 = AXIS2_PLACEMENT_3D ( 'NONE', #2556, #590, #2375 ) ;
#85 = CARTESIAN_POINT ( 'NONE',  ( -84.32571722152761140, 17.66579298598137981, 5.070504319650390279 ) ) ;
#86 = FACE_BOUND ( 'NONE', #366, .T. ) ;
#87 = FACE_BOUND ( 'NONE', #268, .T. ) ;
#88 = CYLINDRICAL_SURFACE ( 'NONE', #97, 1.399999999999998579 ) ;
#89 = CARTESIAN_POINT ( 'NONE',  ( -105.4813429510899283, -6.750000000000006217, 5.000000000000000000 ) ) ;
#90 = EDGE_CURVE ( 'NONE', #917, #2650, #2063, .T. ) ;
#91 = DIRECTION ( 'NONE',  ( 0.000000000000000000, 0.000000000000000000, 1.000000000000000000 ) ) ;
#92 = ORIENTED_EDGE ( 'NONE', *, *, #1003, .F. ) ;
#93 = CARTESIAN_POINT ( 'NONE',  ( -87.12526344158966651, 18.98353184672206950, 4.974073199802899303 ) ) ;
#94 = VERTEX_POINT ( 'NONE', #165 ) ;
#95 = TOROIDAL_SURFACE ( 'NONE', #1387, 16.50000000000000711, 0.5000000000000000000 ) ;
#96 = DIRECTION ( 'NONE',  ( 0.000000000000000000, 0.000000000000000000, -1.000000000000000000 ) ) ;
#97 = AXIS2_PLACEMENT_3D ( 'NONE', #745, #1371, #2003 ) ;
#98 = AXIS2_PLACEMENT_3D ( 'NONE', #503, #1842, #1383 ) ;
#99 = CARTESIAN_POINT ( 'NONE',  ( -93.79000000000000625, 13.50000000000000000, -5.000000000000000000 ) ) ;
#100 = LINE ( 'NONE', #1858, #1280 ) ;
#101 = DIRECTION ( 'NONE',  ( 0.000000000000000000, 0.000000000000000000, 1.000000000000000000 ) ) ;
#102 = CARTESIAN_POINT ( 'NONE',  ( 93.79000000000000625, 0.000000000000000000, 5.000000000000000000 ) ) ;
#103 = CARTESIAN_POINT ( 'NONE',  ( 93.79000000000000625, 0.000000000000000000, -5.000000000000000000 ) ) ;
#104 = VERTEX_POINT ( 'NONE', #181 ) ;
#105 = EDGE_CURVE ( 'NONE', #1365, #1338, #1417, .T. ) ;
#106 = CARTESIAN_POINT ( 'NONE',  ( -92.62510285254379028, -19.26634548351707821, 4.825343775674079794 ) ) ;
#107 = ORIENTED_EDGE ( 'NONE', *, *, #1517, .T. ) ;
#108 = ORIENTED_EDGE ( 'NONE', *, *, #827, .F. ) ;
#109 = EDGE_CURVE ( 'NONE', #1913, #1839, #538, .T. ) ;
#110 = CARTESIAN_POINT ( 'NONE',  ( -83.83942756348405112, 17.52840230071237215, 5.039810056121033277 ) ) ;
#111 = DIRECTION ( 'NONE',  ( 0.000000000000000000, 0.000000000000000000, 1.000000000000000000 ) ) ;
#112 = DIRECTION ( 'NONE',  ( 1.000000000000000000, 0.000000000000000000, 0.000000000000000000 ) ) ;
#113 = CARTESIAN_POINT ( 'NONE',  ( 102.3900000000000290, 1.959434878635770407E-16, 33.50000000000000000 ) ) ;
#114 = DIRECTION ( 'NONE',  ( 1.000000000000000000, 0.000000000000000000, -0.000000000000000000 ) ) ;
#115 = CARTESIAN_POINT ( 'NONE',  ( 80.08289321881348144, 1.678636444515106772E-15, 5.500000000000000000 ) ) ;
#116 = LINE ( 'NONE', #993, #1753 ) ;
#117 = ORIENTED_EDGE ( 'NONE', *, *, #2290, .F. ) ;
#118 = CARTESIAN_POINT ( 'NONE',  ( -80.19865704891010694, -6.750000000000006217, 5.000000000000000888 ) ) ;
#119 = DIRECTION ( 'NONE',  ( -0.000000000000000000, -0.000000000000000000, -1.000000000000000000 ) ) ;
#120 = ORIENTED_EDGE ( 'NONE', *, *, #1100, .F. ) ;
#121 = CARTESIAN_POINT ( 'NONE',  ( -83.57793908302170394, 18.80051686140349076, 4.999384722895243272 ) ) ;
#122 = CARTESIAN_POINT ( 'NONE',  ( -93.79000000000000625, 0.000000000000000000, 4.500000000000001776 ) ) ;
#123 = CIRCLE ( 'NONE', #1457, 1.899999999999999023 ) ;
#124 = DIRECTION ( 'NONE',  ( -1.000000000000000000, 0.000000000000000000, 0.000000000000000000 ) ) ;
#125 = VECTOR ( 'NONE', #2701, 999.9999999999998863 ) ;
#126 = CARTESIAN_POINT ( 'NONE',  ( -93.44617065451093652, -26.87092893515778869, 11.33221928917629207 ) ) ;
#127 = CARTESIAN_POINT ( 'NONE',  ( 88.39000000000001478, -6.613092715395704508E-16, -1.999999999999997780 ) ) ;
#128 = DIRECTION ( 'NONE',  ( -0.000000000000000000, -0.000000000000000000, -1.000000000000000000 ) ) ;
#129 = FACE_OUTER_BOUND ( 'NONE', #407, .T. ) ;
#130 = ORIENTED_EDGE ( 'NONE', *, *, #1441, .F. ) ;
#131 = DIRECTION ( 'NONE',  ( -0.000000000000000000, -0.000000000000000000, -1.000000000000000000 ) ) ;
#132 = AXIS2_PLACEMENT_3D ( 'NONE', #2123, #1486, #2379 ) ;
#133 = CARTESIAN_POINT ( 'NONE',  ( 80.43644660940675806, 0.000000000000000000, 5.146446609406726935 ) ) ;
#134 = ORIENTED_EDGE ( 'NONE', *, *, #1517, .F. ) ;
#135 = EDGE_CURVE ( 'NONE', #401, #1911, #2443, .T. ) ;
#136 = DIRECTION ( 'NONE',  ( -0.000000000000000000, -0.000000000000000000, -1.000000000000000000 ) ) ;
#137 = CIRCLE ( 'NONE', #1109, 0.5000000000000004441 ) ;
#138 = AXIS2_PLACEMENT_3D ( 'NONE', #2340, #763, #587 ) ;
#139 = TOROIDAL_SURFACE ( 'NONE', #1481, 0.9999999999999991118, 0.5000000000000000000 ) ;
#140 = EDGE_CURVE ( 'NONE', #1939, #486, #2168, .T. ) ;
#141 = DIRECTION ( 'NONE',  ( 1.000000000000000000, 0.000000000000000000, 0.000000000000000000 ) ) ;
#142 = EDGE_CURVE ( 'NONE', #1353, #853, #721, .T. ) ;
#143 = CIRCLE ( 'NONE', #1020, 1.399999999999998579 ) ;
#144 = ORIENTED_EDGE ( 'NONE', *, *, #2442, .T. ) ;
#145 = LINE ( 'NONE', #2094, #2208 ) ;
#146 = AXIS2_PLACEMENT_3D ( 'NONE', #1600, #2001, #2015 ) ;
#147 = TOROIDAL_SURFACE ( 'NONE', #1809, 18.90000000000000568, 0.5000000000000000000 ) ;
#148 = DIRECTION ( 'NONE',  ( -0.000000000000000000, -0.000000000000000000, -1.000000000000000000 ) ) ;
#149 = DIRECTION ( 'NONE',  ( -1.000000000000000000, 0.000000000000000000, 0.000000000000000000 ) ) ;
#150 = ORIENTED_EDGE ( 'NONE', *, *, #1037, .T. ) ;
#151 = CARTESIAN_POINT ( 'NONE',  ( 93.79000000000002046, -7.000000000000000000, 34.00000000000000000 ) ) ;
#152 = ORIENTED_EDGE ( 'NONE', *, *, #2235, .T. ) ;
#153 = EDGE_CURVE ( 'NONE', #1569, #1209, #2306, .T. ) ;
#154 = CARTESIAN_POINT ( 'NONE',  ( 93.79000000000000625, 0.000000000000000000, 5.000000000000000000 ) ) ;
#155 = EDGE_LOOP ( 'NONE', ( #1460, #226, #2433, #1133 ) ) ;
#156 = DIRECTION ( 'NONE',  ( -1.000000000000000000, 0.000000000000000000, 0.000000000000000000 ) ) ;
#157 = ORIENTED_EDGE ( 'NONE', *, *, #2103, .F. ) ;
#158 = EDGE_CURVE ( 'NONE', #1737, #1686, #1920, .T. ) ;
#159 = CARTESIAN_POINT ( 'NONE',  ( -94.79000000000000625, 1.224646799147352221E-16, -5.000000000000000888 ) ) ;
#160 = FACE_OUTER_BOUND ( 'NONE', #2128, .T. ) ;
#161 = ORIENTED_EDGE ( 'NONE', *, *, #2067, .T. ) ;
#162 = EDGE_CURVE ( 'NONE', #456, #1308, #1091, .T. ) ;
#163 = EDGE_CURVE ( 'NONE', #65, #1875, #562, .T. ) ;
#164 = ADVANCED_FACE ( 'NONE', ( #2610 ), #1278, .F. ) ;
#165 = CARTESIAN_POINT ( 'NONE',  ( -93.54332543609919526, -19.27809468171771812, 4.825343775675084323 ) ) ;
#166 = ORIENTED_EDGE ( 'NONE', *, *, #2740, .F. ) ;
#167 = CARTESIAN_POINT ( 'NONE',  ( -95.19000000000001194, 13.50000000000000000, -4.500000000000000888 ) ) ;
#168 = CARTESIAN_POINT ( 'NONE',  ( 95.69000000000002615, -7.000000000000000000, -5.000000000000002665 ) ) ;
#169 = CARTESIAN_POINT ( 'NONE',  ( -93.79000000000000625, 0.000000000000000000, 5.000000000000000888 ) ) ;
#170 = ORIENTED_EDGE ( 'NONE', *, *, #28, .T. ) ;
#171 = AXIS2_PLACEMENT_3D ( 'NONE', #1404, #91, #1171 ) ;
#172 = AXIS2_PLACEMENT_3D ( 'NONE', #1359, #2623, #2495 ) ;
#173 = DIRECTION ( 'NONE',  ( 1.000000000000000000, 0.000000000000000000, 0.000000000000000000 ) ) ;
#174 = ORIENTED_EDGE ( 'NONE', *, *, #2702, .F. ) ;
#175 = AXIS2_PLACEMENT_3D ( 'NONE', #1636, #1222, #2527 ) ;
#176 = AXIS2_PLACEMENT_3D ( 'NONE', #381, #2138, #1479 ) ;
#177 = DIRECTION ( 'NONE',  ( 1.224646799147353207E-16, 1.000000000000000000, -0.000000000000000000 ) ) ;
#178 = DIRECTION ( 'NONE',  ( 0.5143367862554744097, 0.8575882871777052996, 0.000000000000000000 ) ) ;
#179 = ORIENTED_EDGE ( 'NONE', *, *, #2585, .T. ) ;
#180 = EDGE_CURVE ( 'NONE', #1476, #2584, #2753, .T. ) ;
#181 = CARTESIAN_POINT ( 'NONE',  ( -93.54178590468067966, -19.39841204230090810, 4.500000000000001776 ) ) ;
#182 = ORIENTED_EDGE ( 'NONE', *, *, #2718, .F. ) ;
#183 = DIRECTION ( 'NONE',  ( -0.000000000000000000, -0.000000000000000000, -1.000000000000000000 ) ) ;
#184 = CARTESIAN_POINT ( 'NONE',  ( -105.4813429510899283, -6.750000000000006217, -4.500000000000000888 ) ) ;
#185 = DIRECTION ( 'NONE',  ( -0.000000000000000000, -0.000000000000000000, -1.000000000000000000 ) ) ;
#186 = FACE_OUTER_BOUND ( 'NONE', #1465, .T. ) ;
#187 = DIRECTION ( 'NONE',  ( 1.000000000000000000, 0.000000000000000000, 0.000000000000000000 ) ) ;
#188 = CIRCLE ( 'NONE', #637, 17.00000000000001421 ) ;
#189 = ORIENTED_EDGE ( 'NONE', *, *, #759, .F. ) ;
#190 = AXIS2_PLACEMENT_3D ( 'NONE', #2096, #1871, #2757 ) ;
#191 = CARTESIAN_POINT ( 'NONE',  ( 0.000000000000000000, 0.000000000000000000, 0.000000000000000000 ) ) ;
#192 = AXIS2_PLACEMENT_3D ( 'NONE', #557, #1898, #1487 ) ;
#193 = AXIS2_PLACEMENT_3D ( 'NONE', #1586, #2474, #484 ) ;
#194 = CARTESIAN_POINT ( 'NONE',  ( -91.84507451363157315, -18.93446574361802348, 5.156746211289404691 ) ) ;
#195 = AXIS2_PLACEMENT_3D ( 'NONE', #2645, #1534, #1975 ) ;
#196 = DIRECTION ( 'NONE',  ( 0.8575882871777052996, -0.5143367862554746317, 5.368393506779268288E-16 ) ) ;
#197 = ORIENTED_EDGE ( 'NONE', *, *, #1178, .F. ) ;
#198 = EDGE_CURVE ( 'NONE', #1569, #1709, #2112, .T. ) ;
#199 = EDGE_CURVE ( 'NONE', #215, #524, #2850, .T. ) ;
#200 = DIRECTION ( 'NONE',  ( -0.000000000000000000, -0.000000000000000000, -1.000000000000000000 ) ) ;
#201 = ORIENTED_EDGE ( 'NONE', *, *, #1554, .T. ) ;
#202 = EDGE_CURVE ( 'NONE', #1864, #2299, #2281, .T. ) ;
#203 = ADVANCED_FACE ( 'NONE', ( #2470 ), #2261, .T. ) ;
#204 = CARTESIAN_POINT ( 'NONE',  ( 82.29000000000002046, 0.000000000000000000, 7.000000000000000000 ) ) ;
#205 = DIRECTION ( 'NONE',  ( 1.224646799147353207E-16, 1.000000000000000000, -0.000000000000000000 ) ) ;
#206 = CARTESIAN_POINT ( 'NONE',  ( 94.00110992643139696, 16.49864941742087865, -5.000000000000000000 ) ) ;
#207 = DIRECTION ( 'NONE',  ( -0.8575882871777140704, -0.5143367862554598657, 5.914712827705656142E-15 ) ) ;
#208 = VERTEX_POINT ( 'NONE', #1810 ) ;
#209 = CARTESIAN_POINT ( 'NONE',  ( -93.02798797874913816, -18.98903159416949649, 5.151758205183142536 ) ) ;
#210 = ORIENTED_EDGE ( 'NONE', *, *, #18, .F. ) ;
#211 = DIRECTION ( 'NONE',  ( -0.000000000000000000, -0.000000000000000000, -1.000000000000000000 ) ) ;
#212 = ORIENTED_EDGE ( 'NONE', *, *, #269, .F. ) ;
#213 = DIRECTION ( 'NONE',  ( -0.000000000000000000, -0.000000000000000000, -1.000000000000000000 ) ) ;
#214 = DIRECTION ( 'NONE',  ( 1.000000000000000000, 0.000000000000000000, 0.000000000000000000 ) ) ;
#215 = VERTEX_POINT ( 'NONE', #2399 ) ;
#216 = ORIENTED_EDGE ( 'NONE', *, *, #1764, .T. ) ;
#217 = DIRECTION ( 'NONE',  ( -0.000000000000000000, -0.000000000000000000, -1.000000000000000000 ) ) ;
#218 = CARTESIAN_POINT ( 'NONE',  ( 93.79000000000000625, 0.000000000000000000, -5.000000000000000000 ) ) ;
#219 = CIRCLE ( 'NONE', #2487, 1.899999999999999023 ) ;
#220 = AXIS2_PLACEMENT_3D ( 'NONE', #1791, #691, #1240 ) ;
#221 = CARTESIAN_POINT ( 'NONE',  ( -85.74640439475372489, -18.02829296979450646, 5.132548206804445456 ) ) ;
#222 = AXIS2_PLACEMENT_3D ( 'NONE', #1107, #1149, #2655 ) ;
#223 = CIRCLE ( 'NONE', #957, 1.399999999999998579 ) ;
#224 = ORIENTED_EDGE ( 'NONE', *, *, #1127, .F. ) ;
#225 = CARTESIAN_POINT ( 'NONE',  ( 83.29000000000000625, -8.572527594031484037E-16, -4.999999999999997335 ) ) ;
#226 = ORIENTED_EDGE ( 'NONE', *, *, #261, .F. ) ;
#227 = DIRECTION ( 'NONE',  ( -1.000000000000000000, 0.000000000000000000, 0.000000000000000000 ) ) ;
#228 = CARTESIAN_POINT ( 'NONE',  ( 99.19000000000002615, 0.000000000000000000, -4.999999999999997335 ) ) ;
#229 = EDGE_LOOP ( 'NONE', ( #2089, #2538, #1852, #1849 ) ) ;
#230 = ORIENTED_EDGE ( 'NONE', *, *, #2617, .T. ) ;
#231 = CARTESIAN_POINT ( 'NONE',  ( -90.93609330155922521, 18.53459874165955057, 5.499999999907108084 ) ) ;
#232 = DIRECTION ( 'NONE',  ( -1.000000000000000000, 0.000000000000000000, 0.000000000000000000 ) ) ;
#233 = EDGE_CURVE ( 'NONE', #1939, #2523, #1783, .T. ) ;
#234 = CARTESIAN_POINT ( 'NONE',  ( -91.22182626391951032, -18.88923003956735158, 5.160535443870636563 ) ) ;
#235 = AXIS2_PLACEMENT_3D ( 'NONE', #1768, #2266, #890 ) ;
#236 = ORIENTED_EDGE ( 'NONE', *, *, #142, .F. ) ;
#237 = CIRCLE ( 'NONE', #1572, 18.75000000000001776 ) ;
#238 = AXIS2_PLACEMENT_3D ( 'NONE', #2715, #528, #1125 ) ;
#239 = ORIENTED_EDGE ( 'NONE', *, *, #869, .T. ) ;
#240 = AXIS2_PLACEMENT_3D ( 'NONE', #1315, #2831, #400 ) ;
#241 = CARTESIAN_POINT ( 'NONE',  ( -93.79000000000000625, 0.000000000000000000, 4.500000000000001776 ) ) ;
#242 = ORIENTED_EDGE ( 'NONE', *, *, #1980, .T. ) ;
#243 = ORIENTED_EDGE ( 'NONE', *, *, #1885, .F. ) ;
#244 = DIRECTION ( 'NONE',  ( -0.000000000000000000, -0.000000000000000000, -1.000000000000000000 ) ) ;
#245 = CARTESIAN_POINT ( 'NONE',  ( -93.33685828708071597, 18.74573666381967385, 5.499999999887713820 ) ) ;
#246 = FACE_BOUND ( 'NONE', #1445, .T. ) ;
#247 = DIRECTION ( 'NONE',  ( 1.000000000000000000, 0.000000000000000000, 0.000000000000000000 ) ) ;
#248 = CARTESIAN_POINT ( 'NONE',  ( -93.23727611918474167, -19.27417860074335110, 4.825343775555409387 ) ) ;
#249 = EDGE_CURVE ( 'NONE', #591, #2351, #578, .T. ) ;
#250 = EDGE_CURVE ( 'NONE', #284, #2584, #2304, .T. ) ;
#251 = VERTEX_POINT ( 'NONE', #874 ) ;
#252 = DIRECTION ( 'NONE',  ( -0.000000000000000000, -0.000000000000000000, -1.000000000000000000 ) ) ;
#253 = ORIENTED_EDGE ( 'NONE', *, *, #1502, .F. ) ;
#254 = DIRECTION ( 'NONE',  ( -0.000000000000000000, -0.000000000000000000, -1.000000000000000000 ) ) ;
#255 = CARTESIAN_POINT ( 'NONE',  ( -93.79000000000000625, 0.000000000000000000, -5.000000000000000000 ) ) ;
#256 = CARTESIAN_POINT ( 'NONE',  ( 94.00110992643139696, 16.49864941742089286, 4.500000000000000888 ) ) ;
#257 = EDGE_LOOP ( 'NONE', ( #179, #551 ) ) ;
#258 = ORIENTED_EDGE ( 'NONE', *, *, #2119, .T. ) ;
#259 = EDGE_CURVE ( 'NONE', #2412, #1096, #1605, .T. ) ;
#260 = CARTESIAN_POINT ( 'NONE',  ( 93.79000000000002046, -7.000000000000000000, 33.50000000000000000 ) ) ;
#261 = EDGE_CURVE ( 'NONE', #208, #251, #622, .T. ) ;
#262 = CARTESIAN_POINT ( 'NONE',  ( 82.79000000000000625, -3.673940397442067264E-16, -5.000000000000000888 ) ) ;
#263 = CARTESIAN_POINT ( 'NONE',  ( 100.7900000000000205, 0.000000000000000000, -5.000000000000000000 ) ) ;
#264 = EDGE_CURVE ( 'NONE', #2299, #653, #533, .T. ) ;
#265 = AXIS2_PLACEMENT_3D ( 'NONE', #491, #2084, #76 ) ;
#266 = CARTESIAN_POINT ( 'NONE',  ( -104.0813429510899368, -6.750000000000006217, 4.500000000000001776 ) ) ;
#267 = CIRCLE ( 'NONE', #2256, 0.5000000000000004441 ) ;
#268 = EDGE_LOOP ( 'NONE', ( #2383, #2624 ) ) ;
#269 = EDGE_CURVE ( 'NONE', #917, #104, #1307, .T. ) ;
#270 = FACE_OUTER_BOUND ( 'NONE', #1521, .T. ) ;
#271 = ORIENTED_EDGE ( 'NONE', *, *, #685, .T. ) ;
#272 = ORIENTED_EDGE ( 'NONE', *, *, #1000, .F. ) ;
#273 = CARTESIAN_POINT ( 'NONE',  ( -92.35069532643288426, 19.25547192372399152, 4.833771843438158911 ) ) ;
#274 = DIRECTION ( 'NONE',  ( 0.000000000000000000, 0.000000000000000000, 1.000000000000000000 ) ) ;
#275 = FACE_OUTER_BOUND ( 'NONE', #2455, .T. ) ;
#276 = FACE_OUTER_BOUND ( 'NONE', #229, .T. ) ;
#277 = CARTESIAN_POINT ( 'NONE',  ( -93.54332543609919526, 19.27809468171773588, 4.825343775675063895 ) ) ;
#278 = AXIS2_PLACEMENT_3D ( 'NONE', #798, #2297, #1679 ) ;
#279 = ORIENTED_EDGE ( 'NONE', *, *, #1043, .T. ) ;
#280 = CIRCLE ( 'NONE', #2369, 1.600000000000004086 ) ;
#281 = TOROIDAL_SURFACE ( 'NONE', #2549, 21.87249899919929064, 10.00000000000000000 ) ;
#282 = AXIS2_PLACEMENT_3D ( 'NONE', #668, #244, #1121 ) ;
#283 = DIRECTION ( 'NONE',  ( -0.01279454099584188993, 0.9999181465103560429, 0.000000000000000000 ) ) ;
#284 = VERTEX_POINT ( 'NONE', #277 ) ;
#285 = AXIS2_PLACEMENT_3D ( 'NONE', #1177, #1123, #2727 ) ;
#286 = EDGE_LOOP ( 'NONE', ( #2598, #1051, #2347, #2845 ) ) ;
#287 = VERTEX_POINT ( 'NONE', #1736 ) ;
#288 = AXIS2_PLACEMENT_3D ( 'NONE', #1683, #1637, #802 ) ;
#289 = CARTESIAN_POINT ( 'NONE',  ( -93.12345283148360409, 18.73926672554466677, 5.500000000113679732 ) ) ;
#290 = FACE_OUTER_BOUND ( 'NONE', #434, .T. ) ;
#291 = FACE_BOUND ( 'NONE', #1473, .T. ) ;
#292 = CARTESIAN_POINT ( 'NONE',  ( -82.54016915737588533, -18.75759895301940716, 5.000000000000000000 ) ) ;
#293 = DIRECTION ( 'NONE',  ( -0.9999181465103559319, 0.01279454099584984364, -9.995488117138646666E-15 ) ) ;
#294 = EDGE_CURVE ( 'NONE', #384, #638, #1232, .T. ) ;
#295 = CARTESIAN_POINT ( 'NONE',  ( -82.54016915737585691, 18.75759895301941782, 5.000000000000000000 ) ) ;
#296 = CARTESIAN_POINT ( 'NONE',  ( 110.2900000000000205, 0.000000000000000000, -5.000000000000000000 ) ) ;
#297 = ORIENTED_EDGE ( 'NONE', *, *, #1093, .F. ) ;
#298 = DIRECTION ( 'NONE',  ( -0.000000000000000000, -0.000000000000000000, -1.000000000000000000 ) ) ;
#299 = EDGE_LOOP ( 'NONE', ( #888, #1861, #863, #1239 ) ) ;
#300 = DIRECTION ( 'NONE',  ( -1.000000000000000000, 0.000000000000000000, 0.000000000000000000 ) ) ;
#301 = PRODUCT_DEFINITION_SHAPE ( 'NONE', 'NONE',  #2143 ) ;
#302 = CARTESIAN_POINT ( 'NONE',  ( 93.79000000000000625, 0.000000000000000000, 33.50000000000000000 ) ) ;
#303 = DIRECTION ( 'NONE',  ( 1.000000000000000000, 0.000000000000000000, -0.000000000000000000 ) ) ;
#304 = CARTESIAN_POINT ( 'NONE',  ( -113.0696727902148240, 0.000000000000000000, 4.825343775675132285 ) ) ;
#305 = ADVANCED_FACE ( 'NONE', ( #2690 ), #1459, .T. ) ;
#306 = VERTEX_POINT ( 'NONE', #505 ) ;
#307 = CIRCLE ( 'NONE', #905, 16.50000000000001421 ) ;
#308 = CIRCLE ( 'NONE', #1509, 1.399999999999998579 ) ;
#309 = CARTESIAN_POINT ( 'NONE',  ( 86.79000000000000625, -8.572527594031484037E-16, -4.500000000000000888 ) ) ;
#310 = ORIENTED_EDGE ( 'NONE', *, *, #663, .F. ) ;
#311 = ORIENTED_EDGE ( 'NONE', *, *, #648, .T. ) ;
#312 = AXIS2_PLACEMENT_3D ( 'NONE', #2640, #383, #2198 ) ;
#313 = AXIS2_PLACEMENT_3D ( 'NONE', #575, #605, #1506 ) ;
#314 = FACE_BOUND ( 'NONE', #2012, .T. ) ;
#315 = LINE ( 'NONE', #1223, #2280 ) ;
#316 = CARTESIAN_POINT ( 'NONE',  ( -93.79000000000000625, 0.000000000000000000, -5.000000000000000000 ) ) ;
#317 = EDGE_CURVE ( 'NONE', #1686, #1737, #1603, .T. ) ;
#318 = CARTESIAN_POINT ( 'NONE',  ( -93.79000000000000625, 13.50000000000000000, 5.000000000000000000 ) ) ;
#319 = ORIENTED_EDGE ( 'NONE', *, *, #790, .F. ) ;
#320 = EDGE_CURVE ( 'NONE', #1209, #287, #1967, .T. ) ;
#321 = AXIS2_PLACEMENT_3D ( 'NONE', #1585, #1596, #2023 ) ;
#322 = CARTESIAN_POINT ( 'NONE',  ( -83.45761623261977036, 18.79479889123129155, 5.000000000000052403 ) ) ;
#323 = CIRCLE ( 'NONE', #1933, 3.500000000000003109 ) ;
#324 = DIRECTION ( 'NONE',  ( -0.9999181465103560429, -0.01279454099584183616, 0.000000000000000000 ) ) ;
#325 = ORIENTED_EDGE ( 'NONE', *, *, #1921, .F. ) ;
#326 = EDGE_CURVE ( 'NONE', #1405, #1864, #308, .T. ) ;
#327 = AXIS2_PLACEMENT_3D ( 'NONE', #302, #1180, #2730 ) ;
#328 = ADVANCED_FACE ( 'NONE', ( #479 ), #717, .T. ) ;
#329 = DIRECTION ( 'NONE',  ( -1.000000000000000000, 0.000000000000000000, 0.000000000000000000 ) ) ;
#330 = CARTESIAN_POINT ( 'NONE',  ( 90.29000000000000625, -4.286263797015743990E-16, -4.500000000000000888 ) ) ;
#331 = CARTESIAN_POINT ( 'NONE',  ( -80.69865704891010694, -6.750000000000006217, 4.500000000000001776 ) ) ;
#332 = AXIS2_PLACEMENT_3D ( 'NONE', #2048, #74, #2291 ) ;
#333 = AXIS2_PLACEMENT_3D ( 'NONE', #2258, #2478, #2466 ) ;
#334 = CARTESIAN_POINT ( 'NONE',  ( -93.79000000000000625, 0.000000000000000000, 15.00000000000000000 ) ) ;
#335 = CARTESIAN_POINT ( 'NONE',  ( 86.79000000000000625, -8.572527594031484037E-16, 34.00000000000000000 ) ) ;
#336 = CARTESIAN_POINT ( 'NONE',  ( 93.79000000000000625, 0.000000000000000000, -4.500000000000000888 ) ) ;
#337 = VERTEX_POINT ( 'NONE', #1293 ) ;
#338 = CARTESIAN_POINT ( 'NONE',  ( -91.70716306884305880, 19.24088220996283383, 4.842968719314328041 ) ) ;
#339 = DIRECTION ( 'NONE',  ( -0.9999181465103560429, 0.01279454099584170952, 0.000000000000000000 ) ) ;
#340 = ORIENTED_EDGE ( 'NONE', *, *, #659, .T. ) ;
#341 = CARTESIAN_POINT ( 'NONE',  ( 95.19000000000002615, -7.000000000000000000, 34.00000000000000000 ) ) ;
#342 =( NAMED_UNIT ( * ) SI_UNIT ( $, .STERADIAN. ) SOLID_ANGLE_UNIT ( ) );
#343 = DIRECTION ( 'NONE',  ( -0.000000000000000000, -0.000000000000000000, -1.000000000000000000 ) ) ;
#344 = EDGE_CURVE ( 'NONE', #2426, #1686, #2349, .T. ) ;
#345 = FACE_OUTER_BOUND ( 'NONE', #1863, .T. ) ;
#346 = CARTESIAN_POINT ( 'NONE',  ( -93.54178590468067966, 19.39841204230091165, 4.500000000000001776 ) ) ;
#347 = ORIENTED_EDGE ( 'NONE', *, *, #105, .F. ) ;
#348 = CARTESIAN_POINT ( 'NONE',  ( 103.8150000000000119, 0.000000000000000000, 7.000000000000000000 ) ) ;
#349 = CARTESIAN_POINT ( 'NONE',  ( -93.79000000000000625, 13.50000000000000000, -4.500000000000000888 ) ) ;
#350 = ORIENTED_EDGE ( 'NONE', *, *, #180, .F. ) ;
#351 = CIRCLE ( 'NONE', #1738, 17.00000000000001421 ) ;
#352 = AXIS2_PLACEMENT_3D ( 'NONE', #858, #1582, #1520 ) ;
#353 = EDGE_CURVE ( 'NONE', #1714, #486, #2621, .T. ) ;
#354 = TOROIDAL_SURFACE ( 'NONE', #1963, 1.900000000000002354, 0.5000000000000000000 ) ;
#355 = CARTESIAN_POINT ( 'NONE',  ( -86.41535116868625721, 17.24525100998339511, 5.500000000189053218 ) ) ;
#356 = AXIS2_PLACEMENT_3D ( 'NONE', #426, #1084, #1711 ) ;
#357 = CARTESIAN_POINT ( 'NONE',  ( 93.79000000000002046, -7.000000000000000000, 34.00000000000000000 ) ) ;
#358 = AXIS2_PLACEMENT_3D ( 'NONE', #75, #1141, #2836 ) ;
#359 = ORIENTED_EDGE ( 'NONE', *, *, #667, .F. ) ;
#360 = FACE_OUTER_BOUND ( 'NONE', #1895, .T. ) ;
#361 = ORIENTED_EDGE ( 'NONE', *, *, #922, .F. ) ;
#362 = CARTESIAN_POINT ( 'NONE',  ( 93.79000000000000625, 0.000000000000000000, 4.500000000000001776 ) ) ;
#363 = PRODUCT_CONTEXT ( 'NONE', #878, 'mechanical' ) ;
#364 = AXIS2_PLACEMENT_3D ( 'NONE', #43, #29, #920 ) ;
#365 = DIRECTION ( 'NONE',  ( -0.000000000000000000, -0.000000000000000000, 1.000000000000000000 ) ) ;
#366 = EDGE_LOOP ( 'NONE', ( #870, #958 ) ) ;
#367 =( LENGTH_UNIT ( ) NAMED_UNIT ( * ) SI_UNIT ( .MILLI., .METRE. ) );
#368 = DIRECTION ( 'NONE',  ( 0.000000000000000000, 0.000000000000000000, 1.000000000000000000 ) ) ;
#369 = VERTEX_POINT ( 'NONE', #1455 ) ;
#370 = EDGE_CURVE ( 'NONE', #1864, #2540, #267, .T. ) ;
#371 = DIRECTION ( 'NONE',  ( 0.000000000000000000, 0.000000000000000000, 1.000000000000000000 ) ) ;
#372 = EDGE_CURVE ( 'NONE', #65, #2484, #145, .T. ) ;
#373 = TOROIDAL_SURFACE ( 'NONE', #2631, 1.900000000000002354, 0.5000000000000000000 ) ;
#374 = AXIS2_PLACEMENT_3D ( 'NONE', #632, #680, #1568 ) ;
#375 = DIRECTION ( 'NONE',  ( 0.000000000000000000, 0.000000000000000000, 1.000000000000000000 ) ) ;
#376 = VERTEX_POINT ( 'NONE', #127 ) ;
#377 = CONICAL_SURFACE ( 'NONE', #1846, 11.49999999999999645, 0.7853981633974452814 ) ;
#378 = DIRECTION ( 'NONE',  ( 1.000000000000000000, 0.000000000000000000, 0.000000000000000000 ) ) ;
#379 = DIRECTION ( 'NONE',  ( 0.000000000000000000, -1.000000000000000000, 0.000000000000000000 ) ) ;
#380 = EDGE_LOOP ( 'NONE', ( #1407, #661, #1279, #960 ) ) ;
#381 = CARTESIAN_POINT ( 'NONE',  ( -93.79000000000000625, 0.000000000000000000, 4.500000000000001776 ) ) ;
#382 = ORIENTED_EDGE ( 'NONE', *, *, #1557, .T. ) ;
#383 = DIRECTION ( 'NONE',  ( -0.000000000000000000, -0.000000000000000000, -1.000000000000000000 ) ) ;
#384 = VERTEX_POINT ( 'NONE', #2783 ) ;
#385 = CYLINDRICAL_SURFACE ( 'NONE', #240, 3.500000000000003109 ) ;
#386 = ORIENTED_EDGE ( 'NONE', *, *, #686, .F. ) ;
#387 = EDGE_CURVE ( 'NONE', #1306, #54, #1618, .T. ) ;
#388 = DIRECTION ( 'NONE',  ( 0.000000000000000000, 0.000000000000000000, -1.000000000000000000 ) ) ;
#389 = CARTESIAN_POINT ( 'NONE',  ( 105.2900000000000063, 1.521841230361393815E-15, 7.000000000000000000 ) ) ;
#390 = ORIENTED_EDGE ( 'NONE', *, *, #2303, .T. ) ;
#391 = EDGE_CURVE ( 'NONE', #337, #917, #1047, .T. ) ;
#392 = ADVANCED_BREP_SHAPE_REPRESENTATION ( 'Femur', ( #2232, #658 ), #66 ) ;
#393 = DIRECTION ( 'NONE',  ( 1.000000000000000000, 0.000000000000000000, 0.000000000000000000 ) ) ;
#394 = ORIENTED_EDGE ( 'NONE', *, *, #2507, .F. ) ;
#395 = DIRECTION ( 'NONE',  ( -1.000000000000000000, 0.000000000000000000, 0.000000000000000000 ) ) ;
#396 = DIRECTION ( 'NONE',  ( 0.000000000000000000, 0.000000000000000000, 1.000000000000000000 ) ) ;
#397 = ORIENTED_EDGE ( 'NONE', *, *, #162, .T. ) ;
#398 = CARTESIAN_POINT ( 'NONE',  ( -95.69000000000001194, 13.50000000000000000, -4.500000000000000888 ) ) ;
#399 = VECTOR ( 'NONE', #2326, 1000.000000000000000 ) ;
#400 = DIRECTION ( 'NONE',  ( -1.000000000000000000, 0.000000000000000000, 0.000000000000000000 ) ) ;
#401 = VERTEX_POINT ( 'NONE', #113 ) ;
#402 = APPLICATION_PROTOCOL_DEFINITION ( 'draft international standard', 'automotive_design', 1998, #878 ) ;
#403 = CARTESIAN_POINT ( 'NONE',  ( -93.55010235632799720, -18.74846524706921258, 5.500000000000016875 ) ) ;
#404 = EDGE_CURVE ( 'NONE', #2566, #376, #1440, .T. ) ;
#405 = CARTESIAN_POINT ( 'NONE',  ( -105.4813429510899283, -6.750000000000006217, -4.500000000000000888 ) ) ;
#406 = EDGE_CURVE ( 'NONE', #369, #1476, #1006, .T. ) ;
#407 = EDGE_LOOP ( 'NONE', ( #2570, #891 ) ) ;
#408 = DIRECTION ( 'NONE',  ( -0.000000000000000000, -0.000000000000000000, -1.000000000000000000 ) ) ;
#409 = ORIENTED_EDGE ( 'NONE', *, *, #761, .T. ) ;
#410 = DIRECTION ( 'NONE',  ( 0.000000000000000000, 0.000000000000000000, 1.000000000000000000 ) ) ;
#411 = FACE_OUTER_BOUND ( 'NONE', #847, .T. ) ;
#412 = EDGE_CURVE ( 'NONE', #2041, #2851, #2439, .T. ) ;
#413 = CARTESIAN_POINT ( 'NONE',  ( -92.79000000000000625, 0.000000000000000000, -5.000000000000000888 ) ) ;
#414 = TOROIDAL_SURFACE ( 'NONE', #1200, 1.900000000000002354, 0.5000000000000000000 ) ;
#415 = EDGE_LOOP ( 'NONE', ( #2115, #2787, #2253, #120 ) ) ;
#416 = CIRCLE ( 'NONE', #2029, 1.899999999999999023 ) ;
#417 = CIRCLE ( 'NONE', #598, 0.5000000000000004441 ) ;
#418 = AXIS2_PLACEMENT_3D ( 'NONE', #1063, #1947, #1512 ) ;
#419 = CARTESIAN_POINT ( 'NONE',  ( -87.88172014227838247, -18.46503593632189322, 5.168771060411632590 ) ) ;
#420 = AXIS2_PLACEMENT_3D ( 'NONE', #2158, #2393, #187 ) ;
#421 = ORIENTED_EDGE ( 'NONE', *, *, #2563, .F. ) ;
#422 = AXIS2_PLACEMENT_3D ( 'NONE', #438, #1298, #1267 ) ;
#423 = ADVANCED_FACE ( 'NONE', ( #1900, #520 ), #1403, .F. ) ;
#424 = CARTESIAN_POINT ( 'NONE',  ( -82.09865704891009841, -6.750000000000006217, -4.500000000000000888 ) ) ;
#425 = ORIENTED_EDGE ( 'NONE', *, *, #1666, .F. ) ;
#426 = CARTESIAN_POINT ( 'NONE',  ( 93.79000000000000625, 0.000000000000000000, 5.000000000000000000 ) ) ;
#427 = FACE_OUTER_BOUND ( 'NONE', #1247, .T. ) ;
#428 = VERTEX_POINT ( 'NONE', #529 ) ;
#429 = ORIENTED_EDGE ( 'NONE', *, *, #2415, .F. ) ;
#430 = EDGE_CURVE ( 'NONE', #638, #384, #446, .T. ) ;
#431 = CARTESIAN_POINT ( 'NONE',  ( -83.99865704891010409, -6.750000000000006217, -5.000000000000000888 ) ) ;
#432 = B_SPLINE_CURVE_WITH_KNOTS ( 'NONE', 3,
 ( #1623, #2759, #1463, #975, #959, #1892, #2116, #2313, #106, #2567 ),
 .UNSPECIFIED., .F., .F.,
 ( 4, 2, 2, 2, 4 ),
 ( 9.720644932127639479E-17, 0.002754601457738130137, 0.005509202915476163129, 0.008263804373214195254, 0.01101840583095222911 ),
 .UNSPECIFIED. ) ;
#433 = CARTESIAN_POINT ( 'NONE',  ( -90.09549156626137290, -18.78118938265307492, 5.167172249762257863 ) ) ;
#434 = EDGE_LOOP ( 'NONE', ( #2704, #243, #902, #1995 ) ) ;
#435 = DIRECTION ( 'NONE',  ( -0.000000000000000000, -0.000000000000000000, -1.000000000000000000 ) ) ;
#436 = ORIENTED_EDGE ( 'NONE', *, *, #202, .F. ) ;
#437 = FACE_OUTER_BOUND ( 'NONE', #1408, .T. ) ;
#438 = CARTESIAN_POINT ( 'NONE',  ( -93.54818317517860748, -18.89845296904573146, -4.500000000000000888 ) ) ;
#439 = ORIENTED_EDGE ( 'NONE', *, *, #2066, .F. ) ;
#440 = ORIENTED_EDGE ( 'NONE', *, *, #2534, .T. ) ;
#441 = EDGE_CURVE ( 'NONE', #1539, #2024, #2530, .T. ) ;
#442 = DIRECTION ( 'NONE',  ( -1.000000000000000000, 0.000000000000000000, 0.000000000000000000 ) ) ;
#443 = CYLINDRICAL_SURFACE ( 'NONE', #842, 1.399999999999998579 ) ;
#444 = EDGE_CURVE ( 'NONE', #1353, #524, #100, .T. ) ;
#445 = AXIS2_PLACEMENT_3D ( 'NONE', #2482, #1102, #2496 ) ;
#446 = CIRCLE ( 'NONE', #814, 1.899999999999999023 ) ;
#447 = ADVANCED_FACE ( 'NONE', ( #2743 ), #1640, .T. ) ;
#448 = CARTESIAN_POINT ( 'NONE',  ( -84.57965582039209096, -18.84566371963671472, 4.996411754047229259 ) ) ;
#449 = AXIS2_PLACEMENT_3D ( 'NONE', #2074, #2090, #1176 ) ;
#450 = AXIS2_PLACEMENT_3D ( 'NONE', #349, #1044, #2597 ) ;
#451 = ORIENTED_EDGE ( 'NONE', *, *, #452, .F. ) ;
#452 = EDGE_CURVE ( 'NONE', #525, #1338, #2134, .T. ) ;
#453 = ADVANCED_FACE ( 'NONE', ( #1715 ), #1482, .T. ) ;
#454 = VERTEX_POINT ( 'NONE', #634 ) ;
#455 = CYLINDRICAL_SURFACE ( 'NONE', #2501, 3.500000000000003109 ) ;
#456 = VERTEX_POINT ( 'NONE', #1743 ) ;
#457 = ORIENTED_EDGE ( 'NONE', *, *, #1095, .F. ) ;
#458 = CARTESIAN_POINT ( 'NONE',  ( -88.89249051575113469, 18.10289241320000286, 5.500000000195042205 ) ) ;
#459 = ADVANCED_FACE ( 'NONE', ( #1530 ), #5, .F. ) ;
#460 = DIRECTION ( 'NONE',  ( 0.000000000000000000, 0.000000000000000000, -1.000000000000000000 ) ) ;
#461 = ADVANCED_FACE ( 'NONE', ( #1357 ), #1019, .T. ) ;
#462 = DIRECTION ( 'NONE',  ( 1.000000000000000000, 0.000000000000000000, 0.000000000000000000 ) ) ;
#463 = CARTESIAN_POINT ( 'NONE',  ( -88.27098164553146376, -18.53030010076126999, 5.170204082341165019 ) ) ;
#464 = CIRCLE ( 'NONE', #2815, 1.899999999999999023 ) ;
#465 = AXIS2_PLACEMENT_3D ( 'NONE', #752, #1219, #2539 ) ;
#466 = EDGE_LOOP ( 'NONE', ( #2227, #1812, #2590, #1624, #239, #522 ) ) ;
#467 = CIRCLE ( 'NONE', #1705, 16.50000000000001421 ) ;
#468 = CIRCLE ( 'NONE', #838, 1.399999999999998579 ) ;
#469 = ORIENTED_EDGE ( 'NONE', *, *, #1980, .F. ) ;
#470 = AXIS2_PLACEMENT_3D ( 'NONE', #1992, #1545, #2435 ) ;
#471 = FACE_OUTER_BOUND ( 'NONE', #873, .T. ) ;
#472 = DIRECTION ( 'NONE',  ( -0.000000000000000000, -0.000000000000000000, -1.000000000000000000 ) ) ;
#473 = ORIENTED_EDGE ( 'NONE', *, *, #30, .F. ) ;
#474 = ORIENTED_EDGE ( 'NONE', *, *, #882, .F. ) ;
#475 = CARTESIAN_POINT ( 'NONE',  ( -86.40961386697871660, 18.94120517991541774, 4.982128522402152093 ) ) ;
#476 = PLANE ( 'NONE',  #1347 ) ;
#477 = DIRECTION ( 'NONE',  ( 0.000000000000000000, 0.000000000000000000, -1.000000000000000000 ) ) ;
#478 = FACE_OUTER_BOUND ( 'NONE', #1126, .T. ) ;
#479 = FACE_OUTER_BOUND ( 'NONE', #2118, .T. ) ;
#480 = EDGE_CURVE ( 'NONE', #1148, #1430, #1619, .T. ) ;
#481 = DIRECTION ( 'NONE',  ( -1.000000000000000000, -1.224646799147351482E-16, 0.000000000000000000 ) ) ;
#482 = ORIENTED_EDGE ( 'NONE', *, *, #2568, .T. ) ;
#483 = DIRECTION ( 'NONE',  ( 1.000000000000000000, 0.000000000000000000, 0.000000000000000000 ) ) ;
#484 = DIRECTION ( 'NONE',  ( -1.000000000000000000, 0.000000000000000000, 0.000000000000000000 ) ) ;
#485 = ORIENTED_EDGE ( 'NONE', *, *, #1575, .F. ) ;
#486 = VERTEX_POINT ( 'NONE', #1591 ) ;
#487 = CARTESIAN_POINT ( 'NONE',  ( -85.97550935185384446, 18.91663309492764711, 4.986926321737151113 ) ) ;
#488 = CARTESIAN_POINT ( 'NONE',  ( 100.7900000000000205, 0.000000000000000000, -4.500000000000000888 ) ) ;
#489 = DIRECTION ( 'NONE',  ( 0.000000000000000000, -1.000000000000000000, 0.000000000000000000 ) ) ;
#490 = DIRECTION ( 'NONE',  ( 1.000000000000000000, 0.000000000000000000, 0.000000000000000000 ) ) ;
#491 = CARTESIAN_POINT ( 'NONE',  ( -82.09865704891009841, -6.750000000000006217, 4.500000000000001776 ) ) ;
#492 = CIRCLE ( 'NONE', #1413, 1.399999999999998579 ) ;
#493 = AXIS2_PLACEMENT_3D ( 'NONE', #1154, #2019, #715 ) ;
#494 = EDGE_CURVE ( 'NONE', #54, #376, #1113, .T. ) ;
#495 = CARTESIAN_POINT ( 'NONE',  ( -91.89000000000001478, 13.50000000000000000, -4.500000000000000888 ) ) ;
#496 = ORIENTED_EDGE ( 'NONE', *, *, #1055, .T. ) ;
#497 = ADVANCED_FACE ( 'NONE', ( #1504 ), #1562, .F. ) ;
#498 = DIRECTION ( 'NONE',  ( 1.000000000000000000, 0.000000000000000000, 0.000000000000000000 ) ) ;
#499 = ORIENTED_EDGE ( 'NONE', *, *, #852, .F. ) ;
#500 = ORIENTED_EDGE ( 'NONE', *, *, #452, .T. ) ;
#501 = ORIENTED_EDGE ( 'NONE', *, *, #2098, .T. ) ;
#502 = CARTESIAN_POINT ( 'NONE',  ( -92.53316849984268799, 18.97132600604603780, 5.153304337995850304 ) ) ;
#503 = CARTESIAN_POINT ( 'NONE',  ( 84.69000000000001194, -8.572527594031484037E-16, 33.50000000000000000 ) ) ;
#504 = DIRECTION ( 'NONE',  ( -1.000000000000000000, 0.000000000000000000, 0.000000000000000000 ) ) ;
#505 = CARTESIAN_POINT ( 'NONE',  ( 84.69000000000001194, -8.572527594031484037E-16, 34.00000000000000000 ) ) ;
#506 = FACE_OUTER_BOUND ( 'NONE', #2341, .T. ) ;
#507 = AXIS2_PLACEMENT_3D ( 'NONE', #574, #1233, #2359 ) ;
#508 = DIRECTION ( 'NONE',  ( 0.000000000000000000, 0.000000000000000000, 1.000000000000000000 ) ) ;
#509 = ORIENTED_EDGE ( 'NONE', *, *, #249, .F. ) ;
#510 = CIRCLE ( 'NONE', #238, 1.399999999999998579 ) ;
#511 = AXIS2_PLACEMENT_3D ( 'NONE', #1300, #835, #582 ) ;
#512 = CARTESIAN_POINT ( 'NONE',  ( 95.19000000000001194, 7.000000000000000000, 33.50000000000000000 ) ) ;
#513 = EDGE_LOOP ( 'NONE', ( #201, #2200 ) ) ;
#514 = AXIS2_PLACEMENT_3D ( 'NONE', #1005, #1238, #2604 ) ;
#515 = EDGE_LOOP ( 'NONE', ( #279, #1889 ) ) ;
#516 = ADVANCED_FACE ( 'NONE', ( #2034 ), #2016, .F. ) ;
#517 = CARTESIAN_POINT ( 'NONE',  ( -91.60806261927636740, 18.62345029455677903, 5.499999999935661243 ) ) ;
#518 = CARTESIAN_POINT ( 'NONE',  ( -75.03999999999999204, 0.000000000000000000, 5.500000000000000000 ) ) ;
#519 = CARTESIAN_POINT ( 'NONE',  ( -84.58830065237732754, -16.34493817033001761, 5.499999999978940401 ) ) ;
#520 = FACE_OUTER_BOUND ( 'NONE', #875, .T. ) ;
#521 = DIRECTION ( 'NONE',  ( -1.224646799147353207E-16, 1.000000000000000000, 0.000000000000000000 ) ) ;
#522 = ORIENTED_EDGE ( 'NONE', *, *, #1441, .T. ) ;
#523 = CARTESIAN_POINT ( 'NONE',  ( -86.20884783843125376, 18.92777037895004000, 4.985877791646287527 ) ) ;
#524 = VERTEX_POINT ( 'NONE', #1804 ) ;
#525 = VERTEX_POINT ( 'NONE', #2467 ) ;
#526 = DIRECTION ( 'NONE',  ( -1.000000000000000000, 0.000000000000000000, 0.000000000000000000 ) ) ;
#527 = DIRECTION ( 'NONE',  ( 1.000000000000000000, 0.000000000000000000, 0.000000000000000000 ) ) ;
#528 = DIRECTION ( 'NONE',  ( -0.000000000000000000, -0.000000000000000000, -1.000000000000000000 ) ) ;
#529 = CARTESIAN_POINT ( 'NONE',  ( 94.00110992643139696, -16.49864941742087865, -5.000000000000000000 ) ) ;
#530 = DIRECTION ( 'NONE',  ( -1.224646799147353207E-16, 1.000000000000000000, 0.000000000000000000 ) ) ;
#531 = ORIENTED_EDGE ( 'NONE', *, *, #2181, .F. ) ;
#532 = AXIS2_PLACEMENT_3D ( 'NONE', #2826, #371, #2792 ) ;
#533 = CIRCLE ( 'NONE', #358, 1.399999999999998579 ) ;
#534 = DIRECTION ( 'NONE',  ( 0.000000000000000000, 0.000000000000000000, 1.000000000000000000 ) ) ;
#535 = ORIENTED_EDGE ( 'NONE', *, *, #90, .F. ) ;
#536 = ORIENTED_EDGE ( 'NONE', *, *, #406, .F. ) ;
#537 = CIRCLE ( 'NONE', #312, 1.000000000000000888 ) ;
#538 = CIRCLE ( 'NONE', #2578, 3.500000000000003109 ) ;
#539 = DIRECTION ( 'NONE',  ( 0.000000000000000000, 0.000000000000000000, 1.000000000000000000 ) ) ;
#540 = DIRECTION ( 'NONE',  ( 0.9999181465103560429, -0.01279454099584170952, -0.000000000000000000 ) ) ;
#541 = DIRECTION ( 'NONE',  ( 0.000000000000000000, 0.000000000000000000, 1.000000000000000000 ) ) ;
#542 = EDGE_CURVE ( 'NONE', #1635, #1430, #2177, .T. ) ;
#543 = DIRECTION ( 'NONE',  ( -0.000000000000000000, -0.000000000000000000, -1.000000000000000000 ) ) ;
#544 = ADVANCED_FACE ( 'NONE', ( #1072 ), #2358, .F. ) ;
#545 = CARTESIAN_POINT ( 'NONE',  ( 93.79000000000000625, 0.000000000000000000, -5.000000000000000000 ) ) ;
#546 = DIRECTION ( 'NONE',  ( 0.000000000000000000, 0.000000000000000000, 1.000000000000000000 ) ) ;
#547 = ORIENTED_EDGE ( 'NONE', *, *, #1263, .F. ) ;
#548 = CIRCLE ( 'NONE', #2368, 1.399999999999998579 ) ;
#549 = PLANE ( 'NONE',  #1752 ) ;
#550 = AXIS2_PLACEMENT_3D ( 'NONE', #2785, #2772, #808 ) ;
#551 = ORIENTED_EDGE ( 'NONE', *, *, #2066, .T. ) ;
#552 = ORIENTED_EDGE ( 'NONE', *, *, #1885, .T. ) ;
#553 = CIRCLE ( 'NONE', #1389, 10.02500000000000568 ) ;
#554 = CARTESIAN_POINT ( 'NONE',  ( -106.8813429510899340, -6.750000000000006217, -5.000000000000000000 ) ) ;
#555 = AXIS2_PLACEMENT_3D ( 'NONE', #1500, #1948, #232 ) ;
#556 = AXIS2_PLACEMENT_3D ( 'NONE', #1322, #2403, #2641 ) ;
#557 = CARTESIAN_POINT ( 'NONE',  ( -93.79000000000000625, 13.50000000000000000, -4.500000000000000888 ) ) ;
#558 = DIRECTION ( 'NONE',  ( -0.9999181465103561539, -0.01279454099584189167, -0.000000000000000000 ) ) ;
#559 = DIRECTION ( 'NONE',  ( -1.000000000000000000, 0.000000000000000000, 0.000000000000000000 ) ) ;
#560 = ORIENTED_EDGE ( 'NONE', *, *, #1011, .F. ) ;
#561 = EDGE_CURVE ( 'NONE', #1905, #2463, #1470, .T. ) ;
#562 = LINE ( 'NONE', #2343, #676 ) ;
#563 = ORIENTED_EDGE ( 'NONE', *, *, #561, .T. ) ;
#564 = EDGE_CURVE ( 'NONE', #1306, #2566, #2316, .T. ) ;
#565 = CYLINDRICAL_SURFACE ( 'NONE', #1186, 0.4999999999999993894 ) ;
#566 = DIRECTION ( 'NONE',  ( 1.000000000000000000, 0.000000000000000000, 0.000000000000000000 ) ) ;
#567 = CARTESIAN_POINT ( 'NONE',  ( -107.3813429510899340, -6.750000000000006217, -5.000000000000000888 ) ) ;
#568 = DIRECTION ( 'NONE',  ( 0.000000000000000000, 0.000000000000000000, 1.000000000000000000 ) ) ;
#569 = DIRECTION ( 'NONE',  ( 1.000000000000000000, 0.000000000000000000, 0.000000000000000000 ) ) ;
#570 = DIRECTION ( 'NONE',  ( 0.000000000000000000, -1.000000000000000000, 0.000000000000000000 ) ) ;
#571 = CARTESIAN_POINT ( 'NONE',  ( -93.54178590468067966, -19.39841204230090810, -5.000000000000000000 ) ) ;
#572 = EDGE_LOOP ( 'NONE', ( #994, #1106, #841, #1495 ) ) ;
#573 = ADVANCED_FACE ( 'NONE', ( #275 ), #718, .T. ) ;
#574 = CARTESIAN_POINT ( 'NONE',  ( -93.79000000000000625, 0.000000000000000000, 5.000000000000000000 ) ) ;
#575 = CARTESIAN_POINT ( 'NONE',  ( 86.79000000000000625, -8.572527594031484037E-16, -4.500000000000000888 ) ) ;
#576 = ORIENTED_EDGE ( 'NONE', *, *, #1834, .T. ) ;
#577 = AXIS2_PLACEMENT_3D ( 'NONE', #1185, #2050, #1594 ) ;
#578 = CIRCLE ( 'NONE', #172, 1.899999999999999023 ) ;
#579 = CARTESIAN_POINT ( 'NONE',  ( -93.54178590468067966, -19.39841204230090810, -5.000000000000000000 ) ) ;
#580 = PLANE ( 'NONE',  #1394 ) ;
#581 = CIRCLE ( 'NONE', #2577, 0.4999999999999995559 ) ;
#582 = DIRECTION ( 'NONE',  ( -0.01279454099584188993, 0.9999181465103560429, 0.000000000000000000 ) ) ;
#583 = ADVANCED_FACE ( 'NONE', ( #2385 ), #354, .T. ) ;
#584 = DIRECTION ( 'NONE',  ( 0.000000000000000000, 0.000000000000000000, 1.000000000000000000 ) ) ;
#585 = VERTEX_POINT ( 'NONE', #389 ) ;
#586 = LINE ( 'NONE', #1474, #640 ) ;
#587 = DIRECTION ( 'NONE',  ( -1.000000000000000000, 0.000000000000000000, 0.000000000000000000 ) ) ;
#588 = ORIENTED_EDGE ( 'NONE', *, *, #36, .F. ) ;
#589 =( NAMED_UNIT ( * ) PLANE_ANGLE_UNIT ( ) SI_UNIT ( $, .RADIAN. ) );
#590 = DIRECTION ( 'NONE',  ( -0.000000000000000000, -0.000000000000000000, -1.000000000000000000 ) ) ;
#591 = VERTEX_POINT ( 'NONE', #2231 ) ;
#592 = DIRECTION ( 'NONE',  ( 1.000000000000000000, 0.000000000000000000, 0.000000000000000000 ) ) ;
#593 = DIRECTION ( 'NONE',  ( 0.000000000000000000, 0.000000000000000000, -1.000000000000000000 ) ) ;
#594 = CARTESIAN_POINT ( 'NONE',  ( 100.7900000000000205, 0.000000000000000000, -1.999999999999997335 ) ) ;
#595 = AXIS2_PLACEMENT_3D ( 'NONE', #1161, #1336, #912 ) ;
#596 = ORIENTED_EDGE ( 'NONE', *, *, #1653, .T. ) ;
#597 = CIRCLE ( 'NONE', #1798, 0.5000000000000004441 ) ;
#598 = AXIS2_PLACEMENT_3D ( 'NONE', #1024, #2575, #156 ) ;
#599 = CARTESIAN_POINT ( 'NONE',  ( -93.79000000000000625, 0.000000000000000000, -4.500000000000000888 ) ) ;
#600 = VERTEX_POINT ( 'NONE', #1274 ) ;
#601 = CIRCLE ( 'NONE', #1157, 1.399999999999998579 ) ;
#602 = CARTESIAN_POINT ( 'NONE',  ( -94.29000000000000625, 6.123233995736753710E-17, -5.000000000000000000 ) ) ;
#603 = DIRECTION ( 'NONE',  ( -1.000000000000000000, 0.000000000000000000, 0.000000000000000000 ) ) ;
#604 = EDGE_LOOP ( 'NONE', ( #253, #2179, #2361, #987 ) ) ;
#605 = DIRECTION ( 'NONE',  ( -0.000000000000000000, -0.000000000000000000, -1.000000000000000000 ) ) ;
#606 = ORIENTED_EDGE ( 'NONE', *, *, #2568, .F. ) ;
#607 = DIRECTION ( 'NONE',  ( -0.000000000000000000, -0.000000000000000000, -1.000000000000000000 ) ) ;
#608 = CARTESIAN_POINT ( 'NONE',  ( 94.00110992643139696, 16.49864941742089286, -5.000000000000000000 ) ) ;
#609 = ORIENTED_EDGE ( 'NONE', *, *, #8, .T. ) ;
#610 = DIRECTION ( 'NONE',  ( 0.000000000000000000, 0.000000000000000000, 1.000000000000000000 ) ) ;
#611 = FACE_OUTER_BOUND ( 'NONE', #1505, .T. ) ;
#612 = EDGE_CURVE ( 'NONE', #2588, #2576, #2706, .T. ) ;
#613 = VERTEX_POINT ( 'NONE', #1930 ) ;
#614 = CARTESIAN_POINT ( 'NONE',  ( -89.57173583284912866, -19.13797770007985832, 4.907632302803906832 ) ) ;
#615 = CARTESIAN_POINT ( 'NONE',  ( -82.54016915737584270, 18.75759895301935387, 15.00000000000000000 ) ) ;
#616 = ORIENTED_EDGE ( 'NONE', *, *, #1544, .F. ) ;
#617 = DIRECTION ( 'NONE',  ( -0.000000000000000000, -0.000000000000000000, -1.000000000000000000 ) ) ;
#618 = ORIENTED_EDGE ( 'NONE', *, *, #2468, .T. ) ;
#619 = DIRECTION ( 'NONE',  ( 0.000000000000000000, -1.000000000000000000, 0.000000000000000000 ) ) ;
#620 = CARTESIAN_POINT ( 'NONE',  ( -103.5813429510899368, -6.750000000000006217, -5.000000000000000888 ) ) ;
#621 = AXIS2_PLACEMENT_3D ( 'NONE', #1985, #1540, #746 ) ;
#622 = CIRCLE ( 'NONE', #1414, 9.525000000000005684 ) ;
#623 = DIRECTION ( 'NONE',  ( -0.000000000000000000, -0.000000000000000000, 1.000000000000000000 ) ) ;
#624 = ORIENTED_EDGE ( 'NONE', *, *, #2235, .F. ) ;
#625 = EDGE_CURVE ( 'NONE', #681, #1875, #865, .T. ) ;
#626 = CARTESIAN_POINT ( 'NONE',  ( -86.41055796661591160, -18.94126007795802025, 4.982116388490551273 ) ) ;
#627 = ORIENTED_EDGE ( 'NONE', *, *, #2498, .T. ) ;
#628 = CARTESIAN_POINT ( 'NONE',  ( -93.79000000000000625, 13.50000000000000000, 4.500000000000001776 ) ) ;
#629 = ORIENTED_EDGE ( 'NONE', *, *, #1397, .F. ) ;
#630 = ADVANCED_FACE ( 'NONE', ( #1290 ), #915, .T. ) ;
#631 = CARTESIAN_POINT ( 'NONE',  ( 94.00750719692932478, 16.99860849067606949, 4.500000000000001776 ) ) ;
#632 = CARTESIAN_POINT ( 'NONE',  ( 93.79000000000000625, 7.000000000000000000, 33.50000000000000000 ) ) ;
#633 = ORIENTED_EDGE ( 'NONE', *, *, #2410, .T. ) ;
#634 = CARTESIAN_POINT ( 'NONE',  ( 95.69000000000002615, -7.000000000000000888, 34.00000000000000000 ) ) ;
#635 = CARTESIAN_POINT ( 'NONE',  ( 93.79000000000002046, -7.000000000000000000, 34.00000000000000000 ) ) ;
#636 = CARTESIAN_POINT ( 'NONE',  ( 93.79000000000000625, 0.000000000000000000, 5.000000000000000000 ) ) ;
#637 = AXIS2_PLACEMENT_3D ( 'NONE', #2213, #2809, #2827 ) ;
#638 = VERTEX_POINT ( 'NONE', #671 ) ;
#639 = AXIS2_PLACEMENT_3D ( 'NONE', #495, #2283, #48 ) ;
#640 = VECTOR ( 'NONE', #1702, 1000.000000000000000 ) ;
#641 = VECTOR ( 'NONE', #2171, 1000.000000000000000 ) ;
#642 = CARTESIAN_POINT ( 'NONE',  ( -93.33658728488508416, -18.74573319618858847, 5.499999999885694990 ) ) ;
#643 = CIRCLE ( 'NONE', #1891, 13.70710678118652837 ) ;
#644 = ORIENTED_EDGE ( 'NONE', *, *, #1181, .T. ) ;
#645 = ADVANCED_FACE ( 'NONE', ( #2092 ), #2506, .F. ) ;
#646 = AXIS2_PLACEMENT_3D ( 'NONE', #1438, #2739, #2572 ) ;
#647 = DIRECTION ( 'NONE',  ( 1.000000000000000000, 0.000000000000000000, 0.000000000000000000 ) ) ;
#648 = EDGE_CURVE ( 'NONE', #1814, #1748, #1284, .T. ) ;
#649 = ORIENTED_EDGE ( 'NONE', *, *, #775, .T. ) ;
#650 = DIRECTION ( 'NONE',  ( -0.000000000000000000, -0.000000000000000000, -1.000000000000000000 ) ) ;
#651 = CARTESIAN_POINT ( 'NONE',  ( -93.79000000000000625, 0.000000000000000000, 4.500000000000001776 ) ) ;
#652 = DIRECTION ( 'NONE',  ( -1.000000000000000000, 0.000000000000000000, 0.000000000000000000 ) ) ;
#653 = VERTEX_POINT ( 'NONE', #1946 ) ;
#654 = EDGE_LOOP ( 'NONE', ( #627, #2193, #1824, #2722 ) ) ;
#655 = VERTEX_POINT ( 'NONE', #2365 ) ;
#656 = ADVANCED_FACE ( 'NONE', ( #186 ), #1007, .F. ) ;
#657 = CARTESIAN_POINT ( 'NONE',  ( -82.54016915737574323, -18.75759895301937874, 15.00000000000000178 ) ) ;
#658 = AXIS2_PLACEMENT_3D ( 'NONE', #191, #2799, #1069 ) ;
#659 = EDGE_CURVE ( 'NONE', #34, #1704, #1749, .T. ) ;
#660 = CARTESIAN_POINT ( 'NONE',  ( 104.7900000000000205, 0.000000000000000000, -5.000000000000000888 ) ) ;
#661 = ORIENTED_EDGE ( 'NONE', *, *, #1311, .T. ) ;
#662 = ORIENTED_EDGE ( 'NONE', *, *, #2563, .T. ) ;
#663 = EDGE_CURVE ( 'NONE', #1096, #733, #766, .T. ) ;
#664 = EDGE_CURVE ( 'NONE', #2463, #1751, #2270, .T. ) ;
#665 = ORIENTED_EDGE ( 'NONE', *, *, #1555, .T. ) ;
#666 = ORIENTED_EDGE ( 'NONE', *, *, #648, .F. ) ;
#667 = EDGE_CURVE ( 'NONE', #2367, #677, #3, .T. ) ;
#668 = CARTESIAN_POINT ( 'NONE',  ( 93.79000000000000625, 0.000000000000000000, 33.50000000000000000 ) ) ;
#669 = CARTESIAN_POINT ( 'NONE',  ( -91.63263615351023361, 18.92021388992074193, 5.158018875390498970 ) ) ;
#670 = DIRECTION ( 'NONE',  ( -1.000000000000000000, 0.000000000000000000, 0.000000000000000000 ) ) ;
#671 = CARTESIAN_POINT ( 'NONE',  ( -103.5813429510899368, -6.750000000000006217, 5.000000000000000888 ) ) ;
#672 = TOROIDAL_SURFACE ( 'NONE', #765, 1.900000000000002576, 0.5000000000000000000 ) ;
#673 = VECTOR ( 'NONE', #45, 1000.000000000000000 ) ;
#674 = CARTESIAN_POINT ( 'NONE',  ( -89.02002121588196815, -18.64456658949542955, 5.170789515373768630 ) ) ;
#675 = CIRCLE ( 'NONE', #2305, 0.5000000000000004441 ) ;
#676 = VECTOR ( 'NONE', #339, 1000.000000000000000 ) ;
#677 = VERTEX_POINT ( 'NONE', #567 ) ;
#678 = ORIENTED_EDGE ( 'NONE', *, *, #1657, .T. ) ;
#679 = CARTESIAN_POINT ( 'NONE',  ( 93.79000000000000625, 7.000000000000000000, -5.000000000000000000 ) ) ;
#680 = DIRECTION ( 'NONE',  ( -0.000000000000000000, -0.000000000000000000, -1.000000000000000000 ) ) ;
#681 = VERTEX_POINT ( 'NONE', #1451 ) ;
#682 = ORIENTED_EDGE ( 'NONE', *, *, #412, .F. ) ;
#683 = CARTESIAN_POINT ( 'NONE',  ( -89.95178245824756402, 18.35603562690488744, 5.500000000076044948 ) ) ;
#684 = CARTESIAN_POINT ( 'NONE',  ( 93.79000000000000625, 7.000000000000000000, -4.500000000000003553 ) ) ;
#685 = EDGE_CURVE ( 'NONE', #454, #1514, #416, .T. ) ;
#686 = EDGE_CURVE ( 'NONE', #1825, #1539, #781, .T. ) ;
#687 = DIRECTION ( 'NONE',  ( 0.000000000000000000, 0.000000000000000000, 1.000000000000000000 ) ) ;
#688 = CIRCLE ( 'NONE', #278, 18.89999999999999858 ) ;
#689 = DIRECTION ( 'NONE',  ( 0.000000000000000000, -1.000000000000000000, 0.000000000000000000 ) ) ;
#690 = ADVANCED_FACE ( 'NONE', ( #1312 ), #1323, .F. ) ;
#691 = DIRECTION ( 'NONE',  ( 0.000000000000000000, -1.000000000000000000, 0.000000000000000000 ) ) ;
#692 = AXIS2_PLACEMENT_3D ( 'NONE', #2589, #1685, #569 ) ;
#693 = CIRCLE ( 'NONE', #2679, 0.5000000000000004441 ) ;
#694 = AXIS2_PLACEMENT_3D ( 'NONE', #1590, #2699, #1166 ) ;
#695 = DIRECTION ( 'NONE',  ( 1.000000000000000000, 0.000000000000000000, 0.000000000000000000 ) ) ;
#696 = CIRCLE ( 'NONE', #694, 0.5000000000000004441 ) ;
#697 = DIRECTION ( 'NONE',  ( 1.000000000000000000, 0.000000000000000000, 0.000000000000000000 ) ) ;
#698 = EDGE_LOOP ( 'NONE', ( #1542, #2667, #1547, #535 ) ) ;
#699 = ORIENTED_EDGE ( 'NONE', *, *, #1729, .F. ) ;
#700 = CARTESIAN_POINT ( 'NONE',  ( -93.54332543609928052, 19.27809468171773588, 4.825343775675064784 ) ) ;
#701 = CARTESIAN_POINT ( 'NONE',  ( 95.69000000000001194, 7.000000000000000000, -5.000000000000002665 ) ) ;
#702 = CARTESIAN_POINT ( 'NONE',  ( 93.79000000000000625, 0.000000000000000000, 5.500000000000000000 ) ) ;
#703 = ADVANCED_FACE ( 'NONE', ( #2432 ), #2413, .T. ) ;
#704 = DIRECTION ( 'NONE',  ( 1.000000000000000000, 0.000000000000000000, 0.000000000000000000 ) ) ;
#705 = DIRECTION ( 'NONE',  ( 0.000000000000000000, 0.000000000000000000, 1.000000000000000000 ) ) ;
#706 = ORIENTED_EDGE ( 'NONE', *, *, #2328, .T. ) ;
#707 = CARTESIAN_POINT ( 'NONE',  ( 92.79000000000000625, 1.224646799147352221E-16, -5.000000000000000888 ) ) ;
#708 = ORIENTED_EDGE ( 'NONE', *, *, #1331, .F. ) ;
#709 = VERTEX_POINT ( 'NONE', #1527 ) ;
#710 = ORIENTED_EDGE ( 'NONE', *, *, #2668, .T. ) ;
#711 = CARTESIAN_POINT ( 'NONE',  ( -90.09517907667934367, 18.78115434751216384, 5.167173807461795221 ) ) ;
#712 = CARTESIAN_POINT ( 'NONE',  ( 93.79000000000000625, 0.000000000000000000, -5.000000000000000000 ) ) ;
#713 = UNCERTAINTY_MEASURE_WITH_UNIT (LENGTH_MEASURE( 1.000000000000000082E-05 ), #367, 'distance_accuracy_value', 'NONE');
#714 = CARTESIAN_POINT ( 'NONE',  ( 96.79000000000002046, 4.898587196589417759E-16, -5.000000000000000888 ) ) ;
#715 = DIRECTION ( 'NONE',  ( -0.01279454099584188993, -0.9999181465103560429, 0.000000000000000000 ) ) ;
#716 = VECTOR ( 'NONE', #1456, 1000.000000000000000 ) ;
#717 = TOROIDAL_SURFACE ( 'NONE', #2164, 2.099999999999997424, 0.5000000000000000000 ) ;
#718 = TOROIDAL_SURFACE ( 'NONE', #1230, 1.900000000000002354, 0.5000000000000000000 ) ;
#719 = DIRECTION ( 'NONE',  ( 1.000000000000000000, 0.000000000000000000, 0.000000000000000000 ) ) ;
#720 = AXIS2_PLACEMENT_3D ( 'NONE', #1048, #410, #2420 ) ;
#721 = CIRCLE ( 'NONE', #450, 1.399999999999998579 ) ;
#722 = ORIENTED_EDGE ( 'NONE', *, *, #370, .T. ) ;
#723 = CARTESIAN_POINT ( 'NONE',  ( 93.79000000000000625, 0.000000000000000000, -5.000000000000000000 ) ) ;
#724 = ORIENTED_EDGE ( 'NONE', *, *, #372, .F. ) ;
#725 = EDGE_LOOP ( 'NONE', ( #2693, #1775, #1083, #2622 ) ) ;
#726 = ORIENTED_EDGE ( 'NONE', *, *, #1607, .T. ) ;
#727 = CARTESIAN_POINT ( 'NONE',  ( -93.55010235632802562, 18.74846524706920903, 5.500000000000017764 ) ) ;
#728 = DIRECTION ( 'NONE',  ( -0.9999181465103560429, 0.01279454099584170952, 0.000000000000000000 ) ) ;
#729 = CARTESIAN_POINT ( 'NONE',  ( -83.83944546621401628, -17.52840772216592313, 5.039811554474474597 ) ) ;
#730 = CARTESIAN_POINT ( 'NONE',  ( -104.0813429510899368, -6.750000000000006217, -5.000000000000000000 ) ) ;
#731 = VECTOR ( 'NONE', #2390, 1000.000000000000000 ) ;
#732 = CARTESIAN_POINT ( 'NONE',  ( 93.79000000000000625, 0.000000000000000000, -4.500000000000000888 ) ) ;
#733 = VERTEX_POINT ( 'NONE', #1352 ) ;
#734 = AXIS2_PLACEMENT_3D ( 'NONE', #2537, #379, #1261 ) ;
#735 = AXIS2_PLACEMENT_3D ( 'NONE', #2245, #2509, #504 ) ;
#736 = AXIS2_PLACEMENT_3D ( 'NONE', #615, #196, #178 ) ;
#737 = EDGE_CURVE ( 'NONE', #2484, #1635, #2076, .T. ) ;
#738 = DIRECTION ( 'NONE',  ( 0.9999181465103560429, 0.01279454099584183616, -0.000000000000000000 ) ) ;
#739 = ORIENTED_EDGE ( 'NONE', *, *, #1041, .F. ) ;
#740 = CIRCLE ( 'NONE', #333, 18.75000000000001776 ) ;
#741 = ORIENTED_EDGE ( 'NONE', *, *, #2064, .F. ) ;
#742 = DIRECTION ( 'NONE',  ( 0.000000000000000000, 0.000000000000000000, -1.000000000000000000 ) ) ;
#743 = EDGE_CURVE ( 'NONE', #1381, #1087, #280, .T. ) ;
#744 = UNCERTAINTY_MEASURE_WITH_UNIT (LENGTH_MEASURE( 1.000000000000000082E-05 ), #2778, 'distance_accuracy_value', 'NONE');
#745 = CARTESIAN_POINT ( 'NONE',  ( 93.79000000000000625, 7.000000000000000000, 34.00000000000000000 ) ) ;
#746 = DIRECTION ( 'NONE',  ( 1.000000000000000000, 0.000000000000000000, 0.000000000000000000 ) ) ;
#747 = DIRECTION ( 'NONE',  ( 0.000000000000000000, 0.000000000000000000, 1.000000000000000000 ) ) ;
#748 = ORIENTED_EDGE ( 'NONE', *, *, #1744, .F. ) ;
#749 = DIRECTION ( 'NONE',  ( -0.000000000000000000, -0.000000000000000000, -1.000000000000000000 ) ) ;
#750 = EDGE_CURVE ( 'NONE', #1148, #1905, #237, .T. ) ;
#751 = ADVANCED_FACE ( 'NONE', ( #2445 ), #1104, .F. ) ;
#752 = CARTESIAN_POINT ( 'NONE',  ( -93.79000000000000625, 0.000000000000000000, 4.500000000000001776 ) ) ;
#753 = ORIENTED_EDGE ( 'NONE', *, *, #2468, .F. ) ;
#754 = ORIENTED_EDGE ( 'NONE', *, *, #264, .T. ) ;
#755 = ADVANCED_FACE ( 'NONE', ( #1608 ), #1524, .T. ) ;
#756 = EDGE_CURVE ( 'NONE', #2140, #1780, #464, .T. ) ;
#757 = CARTESIAN_POINT ( 'NONE',  ( 84.26500000000000057, 0.000000000000000000, 33.50000000000000000 ) ) ;
#758 = CARTESIAN_POINT ( 'NONE',  ( 93.79000000000002046, -7.000000000000000000, 33.50000000000000000 ) ) ;
#759 = EDGE_CURVE ( 'NONE', #2723, #2351, #1707, .T. ) ;
#760 = DIRECTION ( 'NONE',  ( -0.000000000000000000, -0.000000000000000000, -1.000000000000000000 ) ) ;
#761 = EDGE_CURVE ( 'NONE', #853, #2462, #1617, .T. ) ;
#762 = DIRECTION ( 'NONE',  ( -0.9999181465103561539, 0.01279454099584189167, 0.000000000000000000 ) ) ;
#763 = DIRECTION ( 'NONE',  ( -0.000000000000000000, 0.000000000000000000, -1.000000000000000000 ) ) ;
#764 = VERTEX_POINT ( 'NONE', #296 ) ;
#765 = AXIS2_PLACEMENT_3D ( 'NONE', #1968, #1924, #1496 ) ;
#766 = CIRCLE ( 'NONE', #1478, 1.399999999999998579 ) ;
#767 = DIRECTION ( 'NONE',  ( 1.000000000000000000, -8.881784197001248379E-16, 0.000000000000000000 ) ) ;
#768 = CARTESIAN_POINT ( 'NONE',  ( 93.79000000000000625, 7.000000000000000000, -4.500000000000003553 ) ) ;
#769 = EDGE_LOOP ( 'NONE', ( #2045, #440 ) ) ;
#770 = DIRECTION ( 'NONE',  ( 0.000000000000000000, 0.000000000000000000, -1.000000000000000000 ) ) ;
#771 = DIRECTION ( 'NONE',  ( -1.000000000000000000, 0.000000000000000000, 0.000000000000000000 ) ) ;
#772 = CARTESIAN_POINT ( 'NONE',  ( -95.69000000000001194, 13.50000000000000000, -5.000000000000000888 ) ) ;
#773 = ADVANCED_FACE ( 'NONE', ( #930 ), #2236, .F. ) ;
#774 = CARTESIAN_POINT ( 'NONE',  ( -80.19865704891010694, -6.750000000000006217, -4.500000000000000888 ) ) ;
#775 = EDGE_CURVE ( 'NONE', #1235, #337, #2040, .T. ) ;
#776 = DIRECTION ( 'NONE',  ( -0.01279454099584188993, -0.9999181465103560429, 0.000000000000000000 ) ) ;
#777 = LINE ( 'NONE', #571, #1427 ) ;
#778 = ORIENTED_EDGE ( 'NONE', *, *, #2124, .T. ) ;
#779 = CIRCLE ( 'NONE', #1931, 18.75000000000001776 ) ;
#780 = DIRECTION ( 'NONE',  ( 0.000000000000000000, 0.000000000000000000, -1.000000000000000000 ) ) ;
#781 = CIRCLE ( 'NONE', #2223, 0.5000000000000004441 ) ;
#782 = DIRECTION ( 'NONE',  ( 1.000000000000000000, 0.000000000000000000, 0.000000000000000000 ) ) ;
#783 = EDGE_LOOP ( 'NONE', ( #108, #1588, #2025, #20 ) ) ;
#784 = AXIS2_PLACEMENT_3D ( 'NONE', #1425, #584, #2781 ) ;
#785 = AXIS2_PLACEMENT_3D ( 'NONE', #1533, #2448, #2811 ) ;
#786 = FACE_OUTER_BOUND ( 'NONE', #999, .T. ) ;
#787 = DIRECTION ( 'NONE',  ( 1.000000000000000000, 0.000000000000000000, -0.000000000000000000 ) ) ;
#788 = AXIS2_PLACEMENT_3D ( 'NONE', #2628, #1513, #1067 ) ;
#789 = CARTESIAN_POINT ( 'NONE',  ( -105.4813429510899283, -6.750000000000006217, -5.000000000000000000 ) ) ;
#790 = EDGE_CURVE ( 'NONE', #1748, #1235, #1245, .T. ) ;
#791 = AXIS2_PLACEMENT_3D ( 'NONE', #1955, #396, #832 ) ;
#792 = CARTESIAN_POINT ( 'NONE',  ( 83.29000000000000625, -8.572527594031484037E-16, -1.999999999999997335 ) ) ;
#793 = CARTESIAN_POINT ( 'NONE',  ( 88.39000000000000057, -6.613092715395722258E-16, -4.999999999999997335 ) ) ;
#794 = ADVANCED_FACE ( 'NONE', ( #33 ), #95, .T. ) ;
#795 = DIRECTION ( 'NONE',  ( 1.000000000000000000, 0.000000000000000000, 0.000000000000000000 ) ) ;
#796 = DIRECTION ( 'NONE',  ( 1.000000000000000000, 0.000000000000000000, 0.000000000000000000 ) ) ;
#797 = ORIENTED_EDGE ( 'NONE', *, *, #1657, .F. ) ;
#798 = CARTESIAN_POINT ( 'NONE',  ( -93.79000000000000625, 0.000000000000000000, -5.000000000000000000 ) ) ;
#799 = CARTESIAN_POINT ( 'NONE',  ( 91.89000000000001478, 7.000000000000000000, 33.50000000000000000 ) ) ;
#800 = EDGE_LOOP ( 'NONE', ( #473, #2376, #633, #1448 ) ) ;
#801 = CARTESIAN_POINT ( 'NONE',  ( -83.05969078213227874, 18.77866411607157460, 5.000000000000003553 ) ) ;
#802 = DIRECTION ( 'NONE',  ( -1.000000000000000000, 0.000000000000000000, 0.000000000000000000 ) ) ;
#803 = DIRECTION ( 'NONE',  ( -0.000000000000000000, -0.000000000000000000, -1.000000000000000000 ) ) ;
#804 = CARTESIAN_POINT ( 'NONE',  ( 90.29000000000000625, -4.286263797015743990E-16, -1.999999999999997335 ) ) ;
#805 = EDGE_LOOP ( 'NONE', ( #230, #1632 ) ) ;
#806 = EDGE_CURVE ( 'NONE', #2566, #613, #597, .T. ) ;
#807 = DIRECTION ( 'NONE',  ( -1.000000000000000000, 0.000000000000000000, 0.000000000000000000 ) ) ;
#808 = DIRECTION ( 'NONE',  ( 1.000000000000000000, 0.000000000000000000, 0.000000000000000000 ) ) ;
#809 = ORIENTED_EDGE ( 'NONE', *, *, #2098, .F. ) ;
#810 =( NAMED_UNIT ( * ) SI_UNIT ( $, .STERADIAN. ) SOLID_ANGLE_UNIT ( ) );
#811 = DIRECTION ( 'NONE',  ( 1.000000000000000000, 0.000000000000000000, 0.000000000000000000 ) ) ;
#812 = ORIENTED_EDGE ( 'NONE', *, *, #344, .F. ) ;
#813 = AXIS2_PLACEMENT_3D ( 'NONE', #2838, #205, #2172 ) ;
#814 = AXIS2_PLACEMENT_3D ( 'NONE', #89, #1412, #2309 ) ;
#815 = FACE_OUTER_BOUND ( 'NONE', #2423, .T. ) ;
#816 = DIRECTION ( 'NONE',  ( -1.000000000000000000, 0.000000000000000000, 0.000000000000000000 ) ) ;
#817 = AXIS2_PLACEMENT_3D ( 'NONE', #579, #1449, #1626 ) ;
#818 = AXIS2_PLACEMENT_3D ( 'NONE', #1208, #2088, #2748 ) ;
#819 = EDGE_CURVE ( 'NONE', #1911, #401, #1296, .T. ) ;
#820 = CARTESIAN_POINT ( 'NONE',  ( 100.7900000000000205, 0.000000000000000000, -4.500000000000000888 ) ) ;
#821 = EDGE_LOOP ( 'NONE', ( #1348, #1719, #897, #2683 ) ) ;
#822 = DIRECTION ( 'NONE',  ( 1.000000000000000000, 0.000000000000000000, 0.000000000000000000 ) ) ;
#823 = DIRECTION ( 'NONE',  ( -1.000000000000000000, 0.000000000000000000, 0.000000000000000000 ) ) ;
#824 = EDGE_LOOP ( 'NONE', ( #297, #1337, #1291, #485 ) ) ;
#825 = CARTESIAN_POINT ( 'NONE',  ( 97.29000000000002046, 0.000000000000000000, -1.999999999999997335 ) ) ;
#826 = ORIENTED_EDGE ( 'NONE', *, *, #2534, .F. ) ;
#827 = EDGE_CURVE ( 'NONE', #2523, #1714, #50, .T. ) ;
#828 = EDGE_CURVE ( 'NONE', #1905, #1030, #1060, .T. ) ;
#829 = AXIS2_PLACEMENT_3D ( 'NONE', #336, #546, #2803 ) ;
#830 = DIRECTION ( 'NONE',  ( -1.000000000000000000, 0.000000000000000000, 0.000000000000000000 ) ) ;
#831 = ADVANCED_FACE ( 'NONE', ( #129, #1904, #1444, #2135, #2311 ), #2745, .F. ) ;
#832 = DIRECTION ( 'NONE',  ( 1.000000000000000000, 0.000000000000000000, 0.000000000000000000 ) ) ;
#833 = CIRCLE ( 'NONE', #2178, 1.000000000000000888 ) ;
#834 = ORIENTED_EDGE ( 'NONE', *, *, #199, .F. ) ;
#835 = DIRECTION ( 'NONE',  ( 0.9999181465103560429, 0.01279454099584183616, -0.000000000000000000 ) ) ;
#836 = AXIS2_PLACEMENT_3D ( 'NONE', #2554, #749, #984 ) ;
#837 = ADVANCED_FACE ( 'NONE', ( #1646 ), #2502, .T. ) ;
#838 = AXIS2_PLACEMENT_3D ( 'NONE', #1857, #1912, #1655 ) ;
#839 = FACE_OUTER_BOUND ( 'NONE', #2136, .T. ) ;
#840 =( BOUNDED_SURFACE ( )  B_SPLINE_SURFACE ( 3, 2, ( 
 ( #403, #1316, #2233 ),
 ( #642, #2630, #248 ),
 ( #2453, #209, #1929 ),
 ( #1289, #1959, #2607 ),
 ( #1564, #2219, #2860 ),
 ( #2425, #194, #1333 ),
 ( #1536, #2818, #1762 ),
 ( #2646, #234, #1774 ),
 ( #856, #1094, #2658 ),
 ( #1114, #2176, #872 ),
 ( #1546, #433, #614 ),
 ( #1950, #2436, #843 ),
 ( #1720, #674, #16 ),
 ( #2204, #463, #1503 ),
 ( #2833, #419, #1734 ),
 ( #2848, #2618, #626 ),
 ( #2409, #1993, #1305 ),
 ( #896, #221, #2192 ),
 ( #1080, #1977, #448 ),
 ( #1402, #44, #2065 ),
 ( #519, #729, #2689 ),
 ( #2700, #2279, #1168 ) ),
 .UNSPECIFIED., .F., .F., .F. ) 
 B_SPLINE_SURFACE_WITH_KNOTS ( ( 4, 2, 2, 2, 2, 2, 2, 2, 2, 2, 4 ),
 ( 3, 3 ),
 ( 0.02436335421911758545, 0.02526868863882211769, 0.02617402305852664646, 0.02707935747823117870, 0.02798469189793571094, 0.02979536073734477195, 0.03160602957675383295, 0.03341669841616289049, 0.03522736725557195497, 0.03703803609498101945, 0.03884870493439007699 ),
 ( 0.000000000000000000, 1.000000000000000000 ),
 .UNSPECIFIED. ) 
 GEOMETRIC_REPRESENTATION_ITEM ( )  RATIONAL_B_SPLINE_SURFACE ( (
 ( 1.000000000000000000, 0.9990799338820264275, 1.000000000000000000),
 ( 1.000000000000000000, 0.9990803432936965489, 1.000000000000000000),
 ( 1.000000000000000000, 0.9990467677232981458, 1.000000000000000000),
 ( 1.000000000000000000, 0.9989303716322464055, 1.000000000000000000),
 ( 1.000000000000000000, 0.9988469339427836768, 1.000000000000000000),
 ( 1.000000000000000000, 0.9986586750762682652, 1.000000000000000000),
 ( 1.000000000000000000, 0.9985531804136111855, 1.000000000000000000),
 ( 1.000000000000000000, 0.9983336188817031331, 1.000000000000000000),
 ( 1.000000000000000000, 0.9982201677564364051, 1.000000000000000000),
 ( 1.000000000000000000, 0.9978854840062661991, 1.000000000000000000),
 ( 1.000000000000000000, 0.9976695242939801478, 1.000000000000000000),
 ( 1.000000000000000000, 0.9972583118211069131, 1.000000000000000000),
 ( 1.000000000000000000, 0.9970636637529081137, 1.000000000000000000),
 ( 1.000000000000000000, 0.9966344669140335677, 1.000000000000000000),
 ( 1.000000000000000000, 0.9964009226545047504, 1.000000000000000000),
 ( 1.000000000000000000, 0.9957553480894816289, 1.000000000000000000),
 ( 1.000000000000000000, 0.9953420282200902136, 1.000000000000000000),
 ( 1.000000000000000000, 0.9941024884901390468, 1.000000000000000000),
 ( 1.000000000000000000, 0.9932748134146697216, 1.000000000000000000),
 ( 1.000000000000000000, 0.9909166055107022641, 1.000000000000000000),
 ( 1.000000000000000000, 0.9893923815282960055, 1.000000000000000000),
 ( 1.000000000000000000, 0.9874208829065749260, 1.000000000000000000) ) ) 
 REPRESENTATION_ITEM ( '' )  SURFACE ( )  );
#841 = ORIENTED_EDGE ( 'NONE', *, *, #162, .F. ) ;
#842 = AXIS2_PLACEMENT_3D ( 'NONE', #1772, #623, #2380 ) ;
#843 = CARTESIAN_POINT ( 'NONE',  ( -88.79800254466404397, -19.09108063422231893, 4.931601839286066991 ) ) ;
#844 = DIRECTION ( 'NONE',  ( 0.9999181465103561539, -0.01279454099584189167, 0.000000000000000000 ) ) ;
#845 = ORIENTED_EDGE ( 'NONE', *, *, #2789, .T. ) ;
#846 = CARTESIAN_POINT ( 'NONE',  ( 94.00110992643139696, -16.49864941742087865, 4.500000000000001776 ) ) ;
#847 = EDGE_LOOP ( 'NONE', ( #2500, #500, #347, #1017 ) ) ;
#848 = CARTESIAN_POINT ( 'NONE',  ( 103.8150000000000119, 1.227708416145222385E-15, 33.50000000000000000 ) ) ;
#849 = FACE_OUTER_BOUND ( 'NONE', #17, .T. ) ;
#850 = EDGE_CURVE ( 'NONE', #1875, #1587, #116, .T. ) ;
#851 = CARTESIAN_POINT ( 'NONE',  ( -105.4813429510899283, -6.750000000000006217, 4.500000000000001776 ) ) ;
#852 = EDGE_CURVE ( 'NONE', #1939, #2298, #1689, .T. ) ;
#853 = VERTEX_POINT ( 'NONE', #981 ) ;
#854 = FACE_OUTER_BOUND ( 'NONE', #286, .T. ) ;
#855 = EDGE_LOOP ( 'NONE', ( #2191, #107, #1120, #436 ) ) ;
#856 = CARTESIAN_POINT ( 'NONE',  ( -91.43721661611267848, -18.60256165674718787, 5.500000000046359361 ) ) ;
#857 = ORIENTED_EDGE ( 'NONE', *, *, #1097, .F. ) ;
#858 = CARTESIAN_POINT ( 'NONE',  ( 90.79000000000000625, -8.572527594031484037E-16, -4.500000000000000888 ) ) ;
#859 = EDGE_LOOP ( 'NONE', ( #236, #2807, #809, #2145 ) ) ;
#860 = CARTESIAN_POINT ( 'NONE',  ( 93.79000000000000625, 0.000000000000000000, 33.50000000000000000 ) ) ;
#861 = CARTESIAN_POINT ( 'NONE',  ( 104.2900000000000205, 4.286263797015740046E-16, -4.500000000000000888 ) ) ;
#862 = ORIENTED_EDGE ( 'NONE', *, *, #756, .F. ) ;
#863 = ORIENTED_EDGE ( 'NONE', *, *, #1979, .F. ) ;
#864 = DIRECTION ( 'NONE',  ( -1.000000000000000000, 1.224646799147351975E-16, 0.000000000000000000 ) ) ;
#865 = CIRCLE ( 'NONE', #1101, 0.4999999999999993894 ) ;
#866 = TOROIDAL_SURFACE ( 'NONE', #2254, 2.099999999999997424, 0.5000000000000000000 ) ;
#867 = AXIS2_PLACEMENT_3D ( 'NONE', #1893, #1907, #2569 ) ;
#868 = FACE_OUTER_BOUND ( 'NONE', #2312, .T. ) ;
#869 = EDGE_CURVE ( 'NONE', #2650, #1815, #467, .T. ) ;
#870 = ORIENTED_EDGE ( 'NONE', *, *, #2507, .T. ) ;
#871 = ADVANCED_FACE ( 'NONE', ( #1916 ), #2149, .T. ) ;
#872 = CARTESIAN_POINT ( 'NONE',  ( -89.96609220530356765, -19.16042916331382173, 4.894569240458054971 ) ) ;
#873 = EDGE_LOOP ( 'NONE', ( #1923, #1990, #1691, #616 ) ) ;
#874 = CARTESIAN_POINT ( 'NONE',  ( 103.3150000000000119, 1.197092246166538400E-15, 34.00000000000000000 ) ) ;
#875 = EDGE_LOOP ( 'NONE', ( #340, #2697 ) ) ;
#876 = DIRECTION ( 'NONE',  ( 0.000000000000000000, 0.000000000000000000, 1.000000000000000000 ) ) ;
#877 = EDGE_LOOP ( 'NONE', ( #174, #2159, #82, #212, #1971 ) ) ;
#878 = APPLICATION_CONTEXT ( 'automotive_design' ) ;
#879 = ORIENTED_EDGE ( 'NONE', *, *, #1666, .T. ) ;
#880 = DIRECTION ( 'NONE',  ( -1.000000000000000000, 0.000000000000000000, 0.000000000000000000 ) ) ;
#881 = AXIS2_PLACEMENT_3D ( 'NONE', #31, #2673, #1140 ) ;
#882 = EDGE_CURVE ( 'NONE', #2676, #2140, #2131, .T. ) ;
#883 = AXIS2_PLACEMENT_3D ( 'NONE', #1789, #2244, #462 ) ;
#884 = TOROIDAL_SURFACE ( 'NONE', #1945, 4.000000000000003553, 0.5000000000000000000 ) ;
#885 = ORIENTED_EDGE ( 'NONE', *, *, #2844, .T. ) ;
#886 = CIRCLE ( 'NONE', #2685, 0.4999999999999993894 ) ;
#887 = FACE_OUTER_BOUND ( 'NONE', #415, .T. ) ;
#888 = ORIENTED_EDGE ( 'NONE', *, *, #1961, .F. ) ;
#889 = FACE_OUTER_BOUND ( 'NONE', #654, .T. ) ;
#890 = DIRECTION ( 'NONE',  ( 1.000000000000000000, 0.000000000000000000, 0.000000000000000000 ) ) ;
#891 = ORIENTED_EDGE ( 'NONE', *, *, #2290, .T. ) ;
#892 = ORIENTED_EDGE ( 'NONE', *, *, #430, .F. ) ;
#893 = FACE_OUTER_BOUND ( 'NONE', #2609, .T. ) ;
#894 = CARTESIAN_POINT ( 'NONE',  ( 100.7900000000000205, 0.000000000000000000, -4.999999999999997335 ) ) ;
#895 = ADVANCED_FACE ( 'NONE', ( #160 ), #1110, .T. ) ;
#896 = CARTESIAN_POINT ( 'NONE',  ( -86.41584840502684983, -17.24546954113314712, 5.500000000191104021 ) ) ;
#897 = ORIENTED_EDGE ( 'NONE', *, *, #1544, .T. ) ;
#898 = ORIENTED_EDGE ( 'NONE', *, *, #2333, .F. ) ;
#899 = EDGE_CURVE ( 'NONE', #2654, #2662, #2456, .T. ) ;
#900 = DIRECTION ( 'NONE',  ( -1.000000000000000000, 0.000000000000000000, 0.000000000000000000 ) ) ;
#901 = ORIENTED_EDGE ( 'NONE', *, *, #1041, .T. ) ;
#902 = ORIENTED_EDGE ( 'NONE', *, *, #344, .T. ) ;
#903 = CARTESIAN_POINT ( 'NONE',  ( -91.54863184588997171, 19.23077281480482270, 4.849255920230980621 ) ) ;
#904 = DIRECTION ( 'NONE',  ( -0.000000000000000000, -0.000000000000000000, -1.000000000000000000 ) ) ;
#905 = AXIS2_PLACEMENT_3D ( 'NONE', #102, #2732, #10 ) ;
#906 = VECTOR ( 'NONE', #760, 1000.000000000000000 ) ;
#907 = CARTESIAN_POINT ( 'NONE',  ( 95.69000000000001194, 6.999999999999999112, 34.00000000000000000 ) ) ;
#908 = AXIS2_PLACEMENT_3D ( 'NONE', #1297, #213, #1033 ) ;
#909 = AXIS2_PLACEMENT_3D ( 'NONE', #1708, #2823, #1922 ) ;
#910 = CARTESIAN_POINT ( 'NONE',  ( 93.79000000000000625, 0.000000000000000000, 4.500000000000001776 ) ) ;
#911 = ORIENTED_EDGE ( 'NONE', *, *, #2741, .F. ) ;
#912 = DIRECTION ( 'NONE',  ( -1.000000000000000000, 1.224646799147351482E-16, 0.000000000000000000 ) ) ;
#913 = CYLINDRICAL_SURFACE ( 'NONE', #1803, 0.5000000000000004441 ) ;
#914 = ORIENTED_EDGE ( 'NONE', *, *, #153, .T. ) ;
#915 = TOROIDAL_SURFACE ( 'NONE', #2452, 0.9999999999999991118, 0.5000000000000000000 ) ;
#916 = EDGE_CURVE ( 'NONE', #1704, #34, #323, .T. ) ;
#917 = VERTEX_POINT ( 'NONE', #2565 ) ;
#918 = CARTESIAN_POINT ( 'NONE',  ( -90.61356154662291829, 18.48205065984456752, 5.499999999923987914 ) ) ;
#919 = CARTESIAN_POINT ( 'NONE',  ( 86.79000000000000625, -8.572527594031484037E-16, 33.50000000000000000 ) ) ;
#920 = DIRECTION ( 'NONE',  ( 1.000000000000000000, 0.000000000000000000, 0.000000000000000000 ) ) ;
#921 = ADVANCED_FACE ( 'NONE', ( #2327 ), #1216, .T. ) ;
#922 = EDGE_CURVE ( 'NONE', #1814, #104, #777, .T. ) ;
#923 = CIRCLE ( 'NONE', #1244, 4.000000000000003553 ) ;
#924 = DIRECTION ( 'NONE',  ( -0.000000000000000000, -0.000000000000000000, -1.000000000000000000 ) ) ;
#925 = AXIS2_PLACEMENT_3D ( 'NONE', #1172, #1392, #64 ) ;
#926 = CARTESIAN_POINT ( 'NONE',  ( 93.79000000000000625, 0.000000000000000000, 34.00000000000000000 ) ) ;
#927 = AXIS2_PLACEMENT_3D ( 'NONE', #1226, #762, #776 ) ;
#928 = VECTOR ( 'NONE', #2392, 1000.000000000000000 ) ;
#929 = AXIS2_PLACEMENT_3D ( 'NONE', #1330, #1287, #2424 ) ;
#930 = FACE_OUTER_BOUND ( 'NONE', #2560, .T. ) ;
#931 = VERTEX_POINT ( 'NONE', #2114 ) ;
#932 = CIRCLE ( 'NONE', #288, 9.525000000000005684 ) ;
#933 = DIRECTION ( 'NONE',  ( 0.000000000000000000, 0.000000000000000000, 1.000000000000000000 ) ) ;
#934 = CARTESIAN_POINT ( 'NONE',  ( -93.54818317517860748, -18.89845296904573146, -5.000000000000000000 ) ) ;
#935 = ORIENTED_EDGE ( 'NONE', *, *, #1643, .F. ) ;
#936 = ORIENTED_EDGE ( 'NONE', *, *, #1784, .T. ) ;
#937 = CARTESIAN_POINT ( 'NONE',  ( -85.06040054533448824, 18.86886221708948241, 4.994060080460961615 ) ) ;
#938 = FACE_BOUND ( 'NONE', #2434, .T. ) ;
#939 = DIRECTION ( 'NONE',  ( 0.000000000000000000, 0.000000000000000000, 1.000000000000000000 ) ) ;
#940 = CARTESIAN_POINT ( 'NONE',  ( -106.8813429510899340, -6.750000000000006217, -4.500000000000000888 ) ) ;
#941 = CARTESIAN_POINT ( 'NONE',  ( -93.44617065451102178, 26.87092893515745828, 11.33221928917669175 ) ) ;
#942 = FACE_OUTER_BOUND ( 'NONE', #604, .T. ) ;
#943 = EDGE_LOOP ( 'NONE', ( #845, #144, #1119, #2267, #1595 ) ) ;
#944 = ADVANCED_FACE ( 'NONE', ( #2356 ), #2080, .T. ) ;
#945 = CARTESIAN_POINT ( 'NONE',  ( 88.39000000000001478, -6.613092715395713383E-16, 33.50000000000000000 ) ) ;
#946 = LINE ( 'NONE', #934, #1187 ) ;
#947 = ORIENTED_EDGE ( 'NONE', *, *, #250, .T. ) ;
#948 = ORIENTED_EDGE ( 'NONE', *, *, #2786, .T. ) ;
#949 = CARTESIAN_POINT ( 'NONE',  ( -90.45323547815098664, 18.81992315090276691, 5.165214503829335335 ) ) ;
#950 = LINE ( 'NONE', #1817, #2508 ) ;
#951 = CARTESIAN_POINT ( 'NONE',  ( 91.89000000000001478, 7.000000000000000000, -5.000000000000002665 ) ) ;
#952 = DIRECTION ( 'NONE',  ( 1.000000000000000000, 0.000000000000000000, 0.000000000000000000 ) ) ;
#953 = TOROIDAL_SURFACE ( 'NONE', #2438, 0.9999999999999991118, 0.5000000000000000000 ) ;
#954 = EDGE_CURVE ( 'NONE', #1514, #454, #2768, .T. ) ;
#955 = CARTESIAN_POINT ( 'NONE',  ( 102.8900000000000148, 2.571758278209438506E-16, 33.50000000000000000 ) ) ;
#956 = TOROIDAL_SURFACE ( 'NONE', #1328, 26.87312859451087732, 10.00000000000000000 ) ;
#957 = AXIS2_PLACEMENT_3D ( 'NONE', #1220, #1264, #782 ) ;
#958 = ORIENTED_EDGE ( 'NONE', *, *, #249, .T. ) ;
#959 = CARTESIAN_POINT ( 'NONE',  ( -87.12526930991049312, -18.98353222085860637, 4.974073097777240271 ) ) ;
#960 = ORIENTED_EDGE ( 'NONE', *, *, #663, .T. ) ;
#961 = ORIENTED_EDGE ( 'NONE', *, *, #2729, .F. ) ;
#962 = AXIS2_PLACEMENT_3D ( 'NONE', #2397, #489, #477 ) ;
#963 = CARTESIAN_POINT ( 'NONE',  ( 91.89000000000002899, -7.000000000000000000, -4.500000000000003553 ) ) ;
#964 = DIRECTION ( 'NONE',  ( 1.000000000000000000, 0.000000000000000000, -0.000000000000000000 ) ) ;
#965 = FACE_OUTER_BOUND ( 'NONE', #2782, .T. ) ;
#966 = CARTESIAN_POINT ( 'NONE',  ( 83.76500000000000057, 0.000000000000000000, 7.000000000000000000 ) ) ;
#967 = CARTESIAN_POINT ( 'NONE',  ( 93.79000000000000625, 7.000000000000000000, 34.00000000000000000 ) ) ;
#968 = DIRECTION ( 'NONE',  ( 0.000000000000000000, 0.000000000000000000, -1.000000000000000000 ) ) ;
#969 = ADVANCED_FACE ( 'NONE', ( #2216 ), #1531, .T. ) ;
#970 = EDGE_CURVE ( 'NONE', #2006, #2540, #2033, .T. ) ;
#971 = TOROIDAL_SURFACE ( 'NONE', #1151, 4.000000000000003553, 0.5000000000000000000 ) ;
#972 = ORIENTED_EDGE ( 'NONE', *, *, #737, .F. ) ;
#973 = AXIS2_PLACEMENT_3D ( 'NONE', #732, #2513, #1159 ) ;
#974 = AXIS2_PLACEMENT_3D ( 'NONE', #1700, #1454, #112 ) ;
#975 = CARTESIAN_POINT ( 'NONE',  ( -86.20886063778299047, -18.92777108036264977, 4.985877668204055979 ) ) ;
#976 = AXIS2_PLACEMENT_3D ( 'NONE', #218, #1957, #173 ) ;
#977 = ORIENTED_EDGE ( 'NONE', *, *, #1882, .T. ) ;
#978 = CARTESIAN_POINT ( 'NONE',  ( -91.89000000000001478, 13.50000000000000000, 4.500000000000001776 ) ) ;
#979 = DIRECTION ( 'NONE',  ( -0.000000000000000000, -0.000000000000000000, 1.000000000000000000 ) ) ;
#980 = DIRECTION ( 'NONE',  ( -0.000000000000000000, -0.000000000000000000, -1.000000000000000000 ) ) ;
#981 = CARTESIAN_POINT ( 'NONE',  ( -92.39000000000001478, 13.50000000000000000, -4.500000000000000888 ) ) ;
#982 = PRODUCT_DEFINITION_FORMATION_WITH_SPECIFIED_SOURCE ( 'Symmetric', '', #2319, .NOT_KNOWN. ) ;
#983 = EDGE_LOOP ( 'NONE', ( #386, #457, #2428, #2391 ) ) ;
#984 = DIRECTION ( 'NONE',  ( 1.000000000000000000, 0.000000000000000000, 0.000000000000000000 ) ) ;
#985 = CARTESIAN_POINT ( 'NONE',  ( -89.87320061506311220, 19.15919303635212501, 4.896041095565676571 ) ) ;
#986 = ORIENTED_EDGE ( 'NONE', *, *, #2328, .F. ) ;
#987 = ORIENTED_EDGE ( 'NONE', *, *, #1522, .F. ) ;
#988 = EDGE_CURVE ( 'NONE', #1314, #2627, #1717, .T. ) ;
#989 = DIRECTION ( 'NONE',  ( 0.000000000000000000, 0.000000000000000000, 1.000000000000000000 ) ) ;
#990 = FILL_AREA_STYLE ('',( #2075 ) ) ;
#991 = CARTESIAN_POINT ( 'NONE',  ( 104.2900000000000205, 4.286263797015740046E-16, -4.999999999999997335 ) ) ;
#992 = LINE ( 'NONE', #1870, #2620 ) ;
#993 = CARTESIAN_POINT ( 'NONE',  ( -93.54178590468067966, 19.39841204230091165, -5.000000000000000000 ) ) ;
#994 = ORIENTED_EDGE ( 'NONE', *, *, #1169, .F. ) ;
#995 = VECTOR ( 'NONE', #980, 1000.000000000000000 ) ;
#996 = AXIS2_PLACEMENT_3D ( 'NONE', #316, #1196, #2081 ) ;
#997 = DIRECTION ( 'NONE',  ( 0.000000000000000000, -1.000000000000000000, 0.000000000000000000 ) ) ;
#998 = DIRECTION ( 'NONE',  ( 0.01279454099584188993, -0.9999181465103560429, 0.000000000000000000 ) ) ;
#999 = EDGE_LOOP ( 'NONE', ( #390, #1396, #1926, #2357 ) ) ;
#1000 = EDGE_CURVE ( 'NONE', #1353, #1837, #1663, .T. ) ;
#1001 = CARTESIAN_POINT ( 'NONE',  ( -84.57955777586485624, 18.84566038885177264, 4.996411362911844734 ) ) ;
#1002 = DIRECTION ( 'NONE',  ( 0.000000000000000000, 0.000000000000000000, 1.000000000000000000 ) ) ;
#1003 = EDGE_CURVE ( 'NONE', #2627, #1757, #1301, .T. ) ;
#1004 = CARTESIAN_POINT ( 'NONE',  ( -105.4813429510899283, -6.750000000000006217, 4.500000000000001776 ) ) ;
#1005 = CARTESIAN_POINT ( 'NONE',  ( 93.79000000000000625, 7.000000000000000000, -4.500000000000003553 ) ) ;
#1006 = LINE ( 'NONE', #2337, #2796 ) ;
#1007 = TOROIDAL_SURFACE ( 'NONE', #132, 26.87312859451087732, 10.00000000000000000 ) ;
#1008 = CARTESIAN_POINT ( 'NONE',  ( -93.54818317517860748, -18.89845296904573146, -4.500000000000000888 ) ) ;
#1009 = DIRECTION ( 'NONE',  ( -0.000000000000000000, -0.000000000000000000, -1.000000000000000000 ) ) ;
#1010 = VERTEX_POINT ( 'NONE', #2153 ) ;
#1011 = EDGE_CURVE ( 'NONE', #931, #70, #1725, .T. ) ;
#1012 = VECTOR ( 'NONE', #534, 1000.000000000000000 ) ;
#1013 = CARTESIAN_POINT ( 'NONE',  ( 93.29000000000000625, 6.123233995736753710E-17, -5.000000000000000000 ) ) ;
#1014 = AXIS2_PLACEMENT_3D ( 'NONE', #256, #1086, #2856 ) ;
#1015 = EDGE_CURVE ( 'NONE', #2632, #1010, #2547, .T. ) ;
#1016 = DIRECTION ( 'NONE',  ( -1.000000000000000000, 0.000000000000000000, 0.000000000000000000 ) ) ;
#1017 = ORIENTED_EDGE ( 'NONE', *, *, #1653, .F. ) ;
#1018 = AXIS2_PLACEMENT_3D ( 'NONE', #2161, #1215, #795 ) ;
#1019 = TOROIDAL_SURFACE ( 'NONE', #883, 1.900000000000002354, 0.5000000000000000000 ) ;
#1020 = AXIS2_PLACEMENT_3D ( 'NONE', #1004, #568, #647 ) ;
#1021 = CARTESIAN_POINT ( 'NONE',  ( -93.54818317517860748, 18.89845296904573502, -4.500000000000000888 ) ) ;
#1022 = CIRCLE ( 'NONE', #195, 18.25000000000000355 ) ;
#1023 = AXIS2_PLACEMENT_3D ( 'NONE', #1212, #1877, #2091 ) ;
#1024 = CARTESIAN_POINT ( 'NONE',  ( 95.69000000000002615, -7.000000000000000000, 33.50000000000000000 ) ) ;
#1025 = ORIENTED_EDGE ( 'NONE', *, *, #1610, .F. ) ;
#1026 = DIRECTION ( 'NONE',  ( -1.000000000000000000, 0.000000000000000000, 0.000000000000000000 ) ) ;
#1027 = EDGE_CURVE ( 'NONE', #733, #1096, #143, .T. ) ;
#1028 = CARTESIAN_POINT ( 'NONE',  ( -92.79000000000000625, 0.000000000000000000, -4.500000000000000888 ) ) ;
#1029 = CARTESIAN_POINT ( 'NONE',  ( -93.79000000000000625, 0.000000000000000000, 5.500000000000000000 ) ) ;
#1030 = VERTEX_POINT ( 'NONE', #1082 ) ;
#1031 = DIRECTION ( 'NONE',  ( -0.9999181465103561539, -0.01279454099584189167, 0.000000000000000000 ) ) ;
#1032 = ORIENTED_EDGE ( 'NONE', *, *, #135, .F. ) ;
#1033 = DIRECTION ( 'NONE',  ( 1.000000000000000000, 0.000000000000000000, 0.000000000000000000 ) ) ;
#1034 =( NAMED_UNIT ( * ) PLANE_ANGLE_UNIT ( ) SI_UNIT ( $, .RADIAN. ) );
#1035 = ORIENTED_EDGE ( 'NONE', *, *, #1332, .T. ) ;
#1036 = DIRECTION ( 'NONE',  ( 1.000000000000000000, 0.000000000000000000, 0.000000000000000000 ) ) ;
#1037 = EDGE_CURVE ( 'NONE', #1839, #1569, #1318, .T. ) ;
#1038 = DIRECTION ( 'NONE',  ( 0.000000000000000000, 0.000000000000000000, 1.000000000000000000 ) ) ;
#1039 = ORIENTED_EDGE ( 'NONE', *, *, #1902, .F. ) ;
#1040 = CARTESIAN_POINT ( 'NONE',  ( 94.29000000000000625, 0.000000000000000000, -5.000000000000000000 ) ) ;
#1041 = EDGE_CURVE ( 'NONE', #2412, #2367, #2458, .T. ) ;
#1042 = ORIENTED_EDGE ( 'NONE', *, *, #954, .T. ) ;
#1043 = EDGE_CURVE ( 'NONE', #1757, #2627, #553, .T. ) ;
#1044 = DIRECTION ( 'NONE',  ( -0.000000000000000000, -0.000000000000000000, -1.000000000000000000 ) ) ;
#1045 = ORIENTED_EDGE ( 'NONE', *, *, #1027, .F. ) ;
#1046 = TOROIDAL_SURFACE ( 'NONE', #621, 4.000000000000003553, 0.5000000000000000000 ) ;
#1047 = CIRCLE ( 'NONE', #2661, 17.00000000000001421 ) ;
#1048 = CARTESIAN_POINT ( 'NONE',  ( -105.4813429510899283, -6.750000000000006217, -4.500000000000000888 ) ) ;
#1049 = CIRCLE ( 'NONE', #1416, 3.500000000000003109 ) ;
#1050 = DIRECTION ( 'NONE',  ( -0.000000000000000000, -0.000000000000000000, -1.000000000000000000 ) ) ;
#1051 = ORIENTED_EDGE ( 'NONE', *, *, #2202, .T. ) ;
#1052 = DIRECTION ( 'NONE',  ( 0.000000000000000000, 0.000000000000000000, 1.000000000000000000 ) ) ;
#1053 = CARTESIAN_POINT ( 'NONE',  ( 93.79000000000000625, 7.000000000000000000, -4.500000000000003553 ) ) ;
#1054 = VERTEX_POINT ( 'NONE', #1538 ) ;
#1055 = EDGE_CURVE ( 'NONE', #306, #613, #2817, .T. ) ;
#1056 = CARTESIAN_POINT ( 'NONE',  ( 86.79000000000000625, -8.572527594031484037E-16, -1.999999999999997335 ) ) ;
#1057 = ORIENTED_EDGE ( 'NONE', *, *, #2789, .F. ) ;
#1058 = AXIS2_PLACEMENT_3D ( 'NONE', #594, #343, #124 ) ;
#1059 = CIRCLE ( 'NONE', #1295, 1.899999999999999023 ) ;
#1060 = CIRCLE ( 'NONE', #2677, 18.75000000000001776 ) ;
#1061 = DIRECTION ( 'NONE',  ( -0.000000000000000000, -0.000000000000000000, -1.000000000000000000 ) ) ;
#1062 = DIRECTION ( 'NONE',  ( 1.000000000000000000, 0.000000000000000000, 0.000000000000000000 ) ) ;
#1063 = CARTESIAN_POINT ( 'NONE',  ( -105.4813429510899283, -6.750000000000006217, -5.000000000000000000 ) ) ;
#1064 = AXIS2_PLACEMENT_3D ( 'NONE', #1790, #1358, #1629 ) ;
#1065 = AXIS2_PLACEMENT_3D ( 'NONE', #398, #2830, #329 ) ;
#1066 = AXIS2_PLACEMENT_3D ( 'NONE', #260, #1574, #42 ) ;
#1067 = DIRECTION ( 'NONE',  ( 1.000000000000000000, 0.000000000000000000, 0.000000000000000000 ) ) ;
#1068 = ORIENTED_EDGE ( 'NONE', *, *, #542, .F. ) ;
#1069 = DIRECTION ( 'NONE',  ( 1.000000000000000000, 0.000000000000000000, 0.000000000000000000 ) ) ;
#1070 = CIRCLE ( 'NONE', #556, 0.5000000000000004441 ) ;
#1071 = FACE_OUTER_BOUND ( 'NONE', #299, .T. ) ;
#1072 = FACE_OUTER_BOUND ( 'NONE', #1543, .T. ) ;
#1073 = ORIENTED_EDGE ( 'NONE', *, *, #2251, .T. ) ;
#1074 = ORIENTED_EDGE ( 'NONE', *, *, #1834, .F. ) ;
#1075 = CARTESIAN_POINT ( 'NONE',  ( 91.89000000000002899, -7.000000000000000000, 33.50000000000000000 ) ) ;
#1076 = CARTESIAN_POINT ( 'NONE',  ( -83.99865704891010409, -6.750000000000006217, 4.500000000000001776 ) ) ;
#1077 = ADVANCED_FACE ( 'NONE', ( #887 ), #913, .F. ) ;
#1078 = DIRECTION ( 'NONE',  ( 0.01279454099581133798, -0.9999181465103562649, 0.000000000000000000 ) ) ;
#1079 = EDGE_LOOP ( 'NONE', ( #1733, #1994, #310, #748 ) ) ;
#1080 = CARTESIAN_POINT ( 'NONE',  ( -85.96225286207737781, -17.04551302209845076, 5.499999999887116076 ) ) ;
#1081 = VERTEX_POINT ( 'NONE', #2009 ) ;
#1082 = CARTESIAN_POINT ( 'NONE',  ( -84.14618525770987389, -16.07978038458200487, 5.500000000000000000 ) ) ;
#1083 = ORIENTED_EDGE ( 'NONE', *, *, #1961, .T. ) ;
#1084 = DIRECTION ( 'NONE',  ( -0.000000000000000000, -0.000000000000000000, -1.000000000000000000 ) ) ;
#1085 = CARTESIAN_POINT ( 'NONE',  ( 93.79000000000002046, -7.000000000000000000, -5.000000000000000000 ) ) ;
#1086 = DIRECTION ( 'NONE',  ( 0.9999181465103561539, -0.01279454099584189167, 0.000000000000000000 ) ) ;
#1087 = VERTEX_POINT ( 'NONE', #1794 ) ;
#1088 = CIRCLE ( 'NONE', #1325, 10.02500000000000568 ) ;
#1089 = VERTEX_POINT ( 'NONE', #2681 ) ;
#1090 = CIRCLE ( 'NONE', #2663, 16.50000000000001421 ) ;
#1091 = CIRCLE ( 'NONE', #2711, 13.70710678118652837 ) ;
#1092 = DIRECTION ( 'NONE',  ( -0.000000000000000000, -0.000000000000000000, -1.000000000000000000 ) ) ;
#1093 = EDGE_CURVE ( 'NONE', #2654, #524, #2324, .T. ) ;
#1094 = CARTESIAN_POINT ( 'NONE',  ( -91.02465430696575766, -18.87256534862495982, 5.161773716938118817 ) ) ;
#1095 = EDGE_CURVE ( 'NONE', #1089, #1825, #1937, .T. ) ;
#1096 = VERTEX_POINT ( 'NONE', #266 ) ;
#1097 = EDGE_CURVE ( 'NONE', #2298, #1780, #693, .T. ) ;
#1098 = CARTESIAN_POINT ( 'NONE',  ( -103.5813429510899368, -6.750000000000006217, -4.500000000000000888 ) ) ;
#1099 = EDGE_LOOP ( 'NONE', ( #1334, #152, #1217, #1252 ) ) ;
#1100 = EDGE_CURVE ( 'NONE', #1089, #1365, #2692, .T. ) ;
#1101 = AXIS2_PLACEMENT_3D ( 'NONE', #1124, #844, #1721 ) ;
#1102 = DIRECTION ( 'NONE',  ( -0.000000000000000000, -0.000000000000000000, 1.000000000000000000 ) ) ;
#1103 = FACE_OUTER_BOUND ( 'NONE', #2653, .T. ) ;
#1104 = CYLINDRICAL_SURFACE ( 'NONE', #1884, 1.399999999999998579 ) ;
#1105 = ORIENTED_EDGE ( 'NONE', *, *, #970, .F. ) ;
#1106 = ORIENTED_EDGE ( 'NONE', *, *, #1628, .T. ) ;
#1107 = CARTESIAN_POINT ( 'NONE',  ( -93.79000000000000625, 0.000000000000000000, 4.825343775675132285 ) ) ;
#1108 = DIRECTION ( 'NONE',  ( -1.000000000000000000, 0.000000000000000000, 0.000000000000000000 ) ) ;
#1109 = AXIS2_PLACEMENT_3D ( 'NONE', #1526, #2587, #593 ) ;
#1110 = TOROIDAL_SURFACE ( 'NONE', #829, 0.9999999999999991118, 0.5000000000000000000 ) ;
#1111 = ADVANCED_FACE ( 'NONE', ( #2274, #87, #291, #1384, #965 ), #1642, .T. ) ;
#1112 = CIRCLE ( 'NONE', #1987, 1.399999999999998579 ) ;
#1113 = CIRCLE ( 'NONE', #1648, 1.600000000000004086 ) ;
#1114 = CARTESIAN_POINT ( 'NONE',  ( -90.93632321825546683, -18.53463213052478409, 5.499999999907330128 ) ) ;
#1115 = MECHANICAL_DESIGN_GEOMETRIC_PRESENTATION_REPRESENTATION (  '', ( #9 ), #2642 ) ;
#1116 = EDGE_LOOP ( 'NONE', ( #2525, #166, #13, #40 ) ) ;
#1117 = ORIENTED_EDGE ( 'NONE', *, *, #1169, .T. ) ;
#1118 = DIRECTION ( 'NONE',  ( -1.000000000000000000, 0.000000000000000000, 0.000000000000000000 ) ) ;
#1119 = ORIENTED_EDGE ( 'NONE', *, *, #2740, .T. ) ;
#1120 = ORIENTED_EDGE ( 'NONE', *, *, #1902, .T. ) ;
#1121 = DIRECTION ( 'NONE',  ( -1.000000000000000000, 0.000000000000000000, 0.000000000000000000 ) ) ;
#1122 = CARTESIAN_POINT ( 'NONE',  ( -87.06615795804461300, 18.31344852816775770, 5.160964568407274911 ) ) ;
#1123 = DIRECTION ( 'NONE',  ( 0.000000000000000000, 0.000000000000000000, 1.000000000000000000 ) ) ;
#1124 = CARTESIAN_POINT ( 'NONE',  ( -93.54818317517860748, 18.89845296904573502, -4.500000000000000888 ) ) ;
#1125 = DIRECTION ( 'NONE',  ( 1.000000000000000000, 0.000000000000000000, 0.000000000000000000 ) ) ;
#1126 = EDGE_LOOP ( 'NONE', ( #2315, #1795, #1792, #2 ) ) ;
#1127 = EDGE_CURVE ( 'NONE', #677, #2367, #52, .T. ) ;
#1128 = EDGE_CURVE ( 'NONE', #1839, #1913, #1049, .T. ) ;
#1129 = CARTESIAN_POINT ( 'NONE',  ( 110.7900000000000205, 0.000000000000000000, -5.000000000000000000 ) ) ;
#1130 = VERTEX_POINT ( 'NONE', #2271 ) ;
#1131 = EDGE_CURVE ( 'NONE', #1393, #284, #2353, .T. ) ;
#1132 = DIRECTION ( 'NONE',  ( 0.000000000000000000, 0.000000000000000000, 1.000000000000000000 ) ) ;
#1133 = ORIENTED_EDGE ( 'NONE', *, *, #1784, .F. ) ;
#1134 = EDGE_LOOP ( 'NONE', ( #2708, #1960 ) ) ;
#1135 = CARTESIAN_POINT ( 'NONE',  ( -93.54689916472349864, 18.99880087170518195, 5.151303417573584120 ) ) ;
#1136 = DIRECTION ( 'NONE',  ( -0.000000000000000000, -0.000000000000000000, -1.000000000000000000 ) ) ;
#1137 = CARTESIAN_POINT ( 'NONE',  ( 86.79000000000000625, -8.572527594031484037E-16, -4.999999999999997335 ) ) ;
#1138 = TOROIDAL_SURFACE ( 'NONE', #2011, 1.900000000000002354, 0.5000000000000000000 ) ;
#1139 = AXIS2_PLACEMENT_3D ( 'NONE', #1464, #368, #2790 ) ;
#1140 = DIRECTION ( 'NONE',  ( 1.000000000000000000, 0.000000000000000000, 0.000000000000000000 ) ) ;
#1141 = DIRECTION ( 'NONE',  ( 0.000000000000000000, 0.000000000000000000, 1.000000000000000000 ) ) ;
#1142 = DIRECTION ( 'NONE',  ( 1.224646799147353207E-16, 1.000000000000000000, -0.000000000000000000 ) ) ;
#1143 = ORIENTED_EDGE ( 'NONE', *, *, #664, .F. ) ;
#1144 = EDGE_CURVE ( 'NONE', #764, #428, #1090, .T. ) ;
#1145 = CARTESIAN_POINT ( 'NONE',  ( -93.55010235632799720, 18.74846524706919126, 5.500000000000000000 ) ) ;
#1146 = VERTEX_POINT ( 'NONE', #2490 ) ;
#1147 = ORIENTED_EDGE ( 'NONE', *, *, #250, .F. ) ;
#1148 = VERTEX_POINT ( 'NONE', #2712 ) ;
#1149 = DIRECTION ( 'NONE',  ( 0.000000000000000000, 0.000000000000000000, -1.000000000000000000 ) ) ;
#1150 = DIRECTION ( 'NONE',  ( -1.000000000000000000, 0.000000000000000000, 0.000000000000000000 ) ) ;
#1151 = AXIS2_PLACEMENT_3D ( 'NONE', #309, #2330, #1446 ) ;
#1152 = CARTESIAN_POINT ( 'NONE',  ( -94.29000000000000625, 6.123233995736736454E-17, -4.500000000000000888 ) ) ;
#1153 = AXIS2_PLACEMENT_3D ( 'NONE', #2005, #747, #1362 ) ;
#1154 = CARTESIAN_POINT ( 'NONE',  ( 94.00110992643139696, 16.49864941742089286, 4.500000000000000888 ) ) ;
#1155 = VECTOR ( 'NONE', #541, 1000.000000000000000 ) ;
#1156 = AXIS2_PLACEMENT_3D ( 'NONE', #1974, #2842, #1730 ) ;
#1157 = AXIS2_PLACEMENT_3D ( 'NONE', #684, #1136, #1400 ) ;
#1158 = CARTESIAN_POINT ( 'NONE',  ( -120.6631285945108942, 0.000000000000000000, 11.33221928917632404 ) ) ;
#1159 = DIRECTION ( 'NONE',  ( 1.000000000000000000, 0.000000000000000000, 0.000000000000000000 ) ) ;
#1160 = ORIENTED_EDGE ( 'NONE', *, *, #2483, .T. ) ;
#1161 = CARTESIAN_POINT ( 'NONE',  ( 96.79000000000002046, 4.898587196589417759E-16, -4.500000000000000888 ) ) ;
#1162 = ORIENTED_EDGE ( 'NONE', *, *, #1202, .T. ) ;
#1163 = ORIENTED_EDGE ( 'NONE', *, *, #612, .F. ) ;
#1164 = ORIENTED_EDGE ( 'NONE', *, *, #480, .T. ) ;
#1165 = CARTESIAN_POINT ( 'NONE',  ( -91.30330891160140538, 19.22164879632449086, 4.855327778416477003 ) ) ;
#1166 = DIRECTION ( 'NONE',  ( -1.000000000000000000, 0.000000000000000000, 0.000000000000000000 ) ) ;
#1167 = ADVANCED_FACE ( 'NONE', ( #893 ), #1224, .F. ) ;
#1168 = CARTESIAN_POINT ( 'NONE',  ( -82.54016915737588533, -18.75759895301940716, 5.000000000000000888 ) ) ;
#1169 = EDGE_CURVE ( 'NONE', #70, #709, #1830, .T. ) ;
#1170 = CARTESIAN_POINT ( 'NONE',  ( -93.54178590468067966, -19.39841204230090810, 4.500000000000001776 ) ) ;
#1171 = DIRECTION ( 'NONE',  ( 1.000000000000000000, 0.000000000000000000, 0.000000000000000000 ) ) ;
#1172 = CARTESIAN_POINT ( 'NONE',  ( 95.69000000000002615, -7.000000000000000000, -4.500000000000003553 ) ) ;
#1173 = ORIENTED_EDGE ( 'NONE', *, *, #140, .F. ) ;
#1174 = CARTESIAN_POINT ( 'NONE',  ( 102.8900000000000148, 2.571758278209446394E-16, 34.00000000000000000 ) ) ;
#1175 = ORIENTED_EDGE ( 'NONE', *, *, #326, .F. ) ;
#1176 = DIRECTION ( 'NONE',  ( 1.000000000000000000, 0.000000000000000000, -0.000000000000000000 ) ) ;
#1177 = CARTESIAN_POINT ( 'NONE',  ( -93.79000000000000625, 13.50000000000000000, -4.500000000000000888 ) ) ;
#1178 = EDGE_CURVE ( 'NONE', #208, #1054, #1785, .T. ) ;
#1179 = ADVANCED_FACE ( 'NONE', ( #2726 ), #2317, .T. ) ;
#1180 = DIRECTION ( 'NONE',  ( -0.000000000000000000, -0.000000000000000000, -1.000000000000000000 ) ) ;
#1181 = EDGE_CURVE ( 'NONE', #94, #1393, #83, .T. ) ;
#1182 = CIRCLE ( 'NONE', #2573, 0.5000000000000004441 ) ;
#1183 = VECTOR ( 'NONE', #2521, 1000.000000000000000 ) ;
#1184 = EDGE_CURVE ( 'NONE', #2662, #215, #581, .T. ) ;
#1185 = CARTESIAN_POINT ( 'NONE',  ( 93.79000000000000625, 0.000000000000000000, 5.500000000000000000 ) ) ;
#1186 = AXIS2_PLACEMENT_3D ( 'NONE', #1021, #2345, #2057 ) ;
#1187 = VECTOR ( 'NONE', #324, 999.9999999999998863 ) ;
#1188 = ORIENTED_EDGE ( 'NONE', *, *, #659, .F. ) ;
#1189 = DIRECTION ( 'NONE',  ( 0.7071067811865453523, 8.659560562354906974E-17, -0.7071067811865496822 ) ) ;
#1190 = CARTESIAN_POINT ( 'NONE',  ( -80.19865704891010694, -6.750000000000006217, 4.500000000000001776 ) ) ;
#1191 = ORIENTED_EDGE ( 'NONE', *, *, #1202, .F. ) ;
#1192 = CARTESIAN_POINT ( 'NONE',  ( -93.79000000000000625, 0.000000000000000000, 4.825343775675132285 ) ) ;
#1193 = CARTESIAN_POINT ( 'NONE',  ( 92.39000000000001478, 7.000000000000000000, -4.500000000000003553 ) ) ;
#1194 = FACE_OUTER_BOUND ( 'NONE', #2629, .T. ) ;
#1195 = ADVANCED_FACE ( 'NONE', ( #2750 ), #956, .F. ) ;
#1196 = DIRECTION ( 'NONE',  ( 0.000000000000000000, 0.000000000000000000, 1.000000000000000000 ) ) ;
#1197 = AXIS2_PLACEMENT_3D ( 'NONE', #2721, #1873, #2342 ) ;
#1198 = AXIS2_PLACEMENT_3D ( 'NONE', #318, #1201, #1703 ) ;
#1199 = DIRECTION ( 'NONE',  ( 0.000000000000000000, 0.000000000000000000, 1.000000000000000000 ) ) ;
#1200 = AXIS2_PLACEMENT_3D ( 'NONE', #2707, #298, #900 ) ;
#1201 = DIRECTION ( 'NONE',  ( -0.000000000000000000, -0.000000000000000000, -1.000000000000000000 ) ) ;
#1202 = EDGE_CURVE ( 'NONE', #585, #931, #2441, .T. ) ;
#1203 = ORIENTED_EDGE ( 'NONE', *, *, #1764, .F. ) ;
#1204 = AXIS2_PLACEMENT_3D ( 'NONE', #1098, #2852, #2649 ) ;
#1205 = AXIS2_PLACEMENT_3D ( 'NONE', #545, #2370, #378 ) ;
#1206 = FACE_BOUND ( 'NONE', #515, .T. ) ;
#1207 = ADVANCED_FACE ( 'NONE', ( #1409 ), #2762, .F. ) ;
#1208 = CARTESIAN_POINT ( 'NONE',  ( -93.79000000000000625, 0.000000000000000000, 5.500000000000000000 ) ) ;
#1209 = VERTEX_POINT ( 'NONE', #330 ) ;
#1210 = ADVANCED_FACE ( 'NONE', ( #314, #1651 ), #1211, .F. ) ;
#1211 = PLANE ( 'NONE',  #449 ) ;
#1212 = CARTESIAN_POINT ( 'NONE',  ( 94.00110992643139696, 16.49864941742088220, -4.500000000000000888 ) ) ;
#1213 = DIRECTION ( 'NONE',  ( 0.000000000000000000, -1.000000000000000000, 0.000000000000000000 ) ) ;
#1214 = EDGE_CURVE ( 'NONE', #1722, #733, #2288, .T. ) ;
#1215 = DIRECTION ( 'NONE',  ( 0.000000000000000000, 0.000000000000000000, 1.000000000000000000 ) ) ;
#1216 = CYLINDRICAL_SURFACE ( 'NONE', #190, 10.02500000000000568 ) ;
#1217 = ORIENTED_EDGE ( 'NONE', *, *, #387, .T. ) ;
#1218 = EDGE_CURVE ( 'NONE', #1146, #2723, #2334, .T. ) ;
#1219 = DIRECTION ( 'NONE',  ( -0.000000000000000000, -0.000000000000000000, -1.000000000000000000 ) ) ;
#1220 = CARTESIAN_POINT ( 'NONE',  ( -82.09865704891009841, -6.750000000000006217, -4.500000000000000888 ) ) ;
#1221 = ORIENTED_EDGE ( 'NONE', *, *, #828, .T. ) ;
#1222 = DIRECTION ( 'NONE',  ( -0.000000000000000000, -0.000000000000000000, -1.000000000000000000 ) ) ;
#1223 = CARTESIAN_POINT ( 'NONE',  ( 92.39000000000002899, -7.000000000000000000, 34.00000000000000000 ) ) ;
#1224 =( BOUNDED_SURFACE ( )  B_SPLINE_SURFACE ( 3, 2, ( 
 ( #700, #1135, #727 ),
 ( #1771, #1613, #245 ),
 ( #1816, #2000, #289 ),
 ( #273, #502, #25 ),
 ( #1339, #1382, #2698 ),
 ( #903, #2449, #2503 ),
 ( #1165, #669, #41 ),
 ( #1786, #1991, #517 ),
 ( #71, #1399, #1799 ),
 ( #2229, #949, #231 ),
 ( #1367, #711, #918 ),
 ( #14, #1589, #683 ),
 ( #1599, #2257, #2686 ),
 ( #1573, #1559, #458 ),
 ( #2242, #2477, #2465 ),
 ( #475, #1122, #1355 ),
 ( #487, #2030, #59 ),
 ( #937, #1854, #355 ),
 ( #1001, #2738, #2542 ),
 ( #121, #85, #2518 ),
 ( #801, #110, #2777 ),
 ( #1670, #1876, #1866 ) ),
 .UNSPECIFIED., .F., .F., .F. ) 
 B_SPLINE_SURFACE_WITH_KNOTS ( ( 4, 2, 2, 2, 2, 2, 2, 2, 2, 2, 4 ),
 ( 3, 3 ),
 ( 0.02528636732901897236, 0.02619081130986743167, 0.02709525529071588751, 0.02799969927156434682, 0.02890414325241280613, 0.03071303121410972475, 0.03252191917580664338, 0.03433080713750356200, 0.03613969509920048062, 0.03794858306089739231, 0.03975747102259431093 ),
 ( 0.000000000000000000, 1.000000000000000000 ),
 .UNSPECIFIED. ) 
 GEOMETRIC_REPRESENTATION_ITEM ( )  RATIONAL_B_SPLINE_SURFACE ( (
 ( 1.000000000000000000, 0.9990799338820264275, 1.000000000000000000),
 ( 1.000000000000000000, 0.9990803723406825876, 1.000000000000000000),
 ( 1.000000000000000000, 0.9990467704697147955, 1.000000000000000000),
 ( 1.000000000000000000, 0.9989303797704125465, 1.000000000000000000),
 ( 1.000000000000000000, 0.9988469311120373728, 1.000000000000000000),
 ( 1.000000000000000000, 0.9986586320999046862, 1.000000000000000000),
 ( 1.000000000000000000, 0.9985531449869295972, 1.000000000000000000),
 ( 1.000000000000000000, 0.9983336530890438709, 1.000000000000000000),
 ( 1.000000000000000000, 0.9982201241609950371, 1.000000000000000000),
 ( 1.000000000000000000, 0.9978853294696657938, 1.000000000000000000),
 ( 1.000000000000000000, 0.9976693405491252609, 1.000000000000000000),
 ( 1.000000000000000000, 0.9972581244173559512, 1.000000000000000000),
 ( 1.000000000000000000, 0.9970634965624032287, 1.000000000000000000),
 ( 1.000000000000000000, 0.9966343715281160698, 1.000000000000000000),
 ( 1.000000000000000000, 0.9964005306441117149, 1.000000000000000000),
 ( 1.000000000000000000, 0.9957545132470295712, 1.000000000000000000),
 ( 1.000000000000000000, 0.9953409358493974235, 1.000000000000000000),
 ( 1.000000000000000000, 0.9941015828889709915, 1.000000000000000000),
 ( 1.000000000000000000, 0.9932743587869873325, 1.000000000000000000),
 ( 1.000000000000000000, 0.9909196493985724663, 1.000000000000000000),
 ( 1.000000000000000000, 0.9893929066153754892, 1.000000000000000000),
 ( 1.000000000000000000, 0.9874208829065747040, 1.000000000000000000) ) ) 
 REPRESENTATION_ITEM ( '' )  SURFACE ( )  );
#1225 = LINE ( 'NONE', #1867, #1155 ) ;
#1226 = CARTESIAN_POINT ( 'NONE',  ( -93.54818317517860748, 18.89845296904573502, 4.500000000000000888 ) ) ;
#1227 = AXIS2_PLACEMENT_3D ( 'NONE', #1028, #2784, #2148 ) ;
#1228 = DIRECTION ( 'NONE',  ( -0.000000000000000000, -0.000000000000000000, -1.000000000000000000 ) ) ;
#1229 = ORIENTED_EDGE ( 'NONE', *, *, #1941, .F. ) ;
#1230 = AXIS2_PLACEMENT_3D ( 'NONE', #405, #939, #247 ) ;
#1231 = AXIS2_PLACEMENT_3D ( 'NONE', #1606, #1199, #1391 ) ;
#1232 = CIRCLE ( 'NONE', #1917, 1.899999999999999023 ) ;
#1233 = DIRECTION ( 'NONE',  ( -0.000000000000000000, -0.000000000000000000, -1.000000000000000000 ) ) ;
#1234 = CARTESIAN_POINT ( 'NONE',  ( 93.79000000000000625, 0.000000000000000000, 5.000000000000000000 ) ) ;
#1235 = VERTEX_POINT ( 'NONE', #2120 ) ;
#1236 = DIRECTION ( 'NONE',  ( 1.000000000000000000, 0.000000000000000000, -0.000000000000000000 ) ) ;
#1237 = DIRECTION ( 'NONE',  ( 1.000000000000000000, 0.000000000000000000, 0.000000000000000000 ) ) ;
#1238 = DIRECTION ( 'NONE',  ( 0.000000000000000000, 0.000000000000000000, 1.000000000000000000 ) ) ;
#1239 = ORIENTED_EDGE ( 'NONE', *, *, #2651, .T. ) ;
#1240 = DIRECTION ( 'NONE',  ( 0.000000000000000000, 0.000000000000000000, -1.000000000000000000 ) ) ;
#1241 = DIRECTION ( 'NONE',  ( -0.000000000000000000, -0.000000000000000000, -1.000000000000000000 ) ) ;
#1242 = DIRECTION ( 'NONE',  ( -0.000000000000000000, -0.000000000000000000, -1.000000000000000000 ) ) ;
#1243 = EDGE_LOOP ( 'NONE', ( #2780, #2398, #1068, #972, #1598 ) ) ;
#1244 = AXIS2_PLACEMENT_3D ( 'NONE', #2459, #2444, #1364 ) ;
#1245 = CIRCLE ( 'NONE', #973, 17.00000000000001421 ) ;
#1246 = DIRECTION ( 'NONE',  ( -0.000000000000000000, -0.000000000000000000, -1.000000000000000000 ) ) ;
#1247 = EDGE_LOOP ( 'NONE', ( #425, #210, #1853, #666 ) ) ;
#1248 = CIRCLE ( 'NONE', #927, 0.4999999999999993894 ) ;
#1249 = CARTESIAN_POINT ( 'NONE',  ( -94.29000000000000625, 6.123233995736736454E-17, 4.500000000000001776 ) ) ;
#1250 = LINE ( 'NONE', #1855, #2510 ) ;
#1251 = CIRCLE ( 'NONE', #1066, 1.399999999999998579 ) ;
#1252 = ORIENTED_EDGE ( 'NONE', *, *, #494, .T. ) ;
#1253 = AXIS2_PLACEMENT_3D ( 'NONE', #1925, #2199, #1511 ) ;
#1254 = ADVANCED_FACE ( 'NONE', ( #786 ), #565, .T. ) ;
#1255 = DIRECTION ( 'NONE',  ( 1.000000000000000000, 0.000000000000000000, 0.000000000000000000 ) ) ;
#1256 = EDGE_CURVE ( 'NONE', #1130, #591, #2800, .T. ) ;
#1257 = ORIENTED_EDGE ( 'NONE', *, *, #743, .F. ) ;
#1258 = EDGE_CURVE ( 'NONE', #525, #1696, #537, .T. ) ;
#1259 = EDGE_CURVE ( 'NONE', #1081, #1758, #1919, .T. ) ;
#1260 = CARTESIAN_POINT ( 'NONE',  ( 94.00110992643139696, 16.49864941742087865, 5.000000000000000000 ) ) ;
#1261 = DIRECTION ( 'NONE',  ( 0.000000000000000000, 0.000000000000000000, -1.000000000000000000 ) ) ;
#1262 = ORIENTED_EDGE ( 'NONE', *, *, #828, .F. ) ;
#1263 = EDGE_CURVE ( 'NONE', #1998, #1514, #675, .T. ) ;
#1264 = DIRECTION ( 'NONE',  ( -0.000000000000000000, -0.000000000000000000, -1.000000000000000000 ) ) ;
#1265 = ORIENTED_EDGE ( 'NONE', *, *, #819, .F. ) ;
#1266 = DIRECTION ( 'NONE',  ( -1.000000000000000000, 0.000000000000000000, 0.000000000000000000 ) ) ;
#1267 = DIRECTION ( 'NONE',  ( 0.01279454099584188993, -0.9999181465103560429, 0.000000000000000000 ) ) ;
#1268 = DIRECTION ( 'NONE',  ( 1.224646799147353207E-16, 1.000000000000000000, -0.000000000000000000 ) ) ;
#1269 = CYLINDRICAL_SURFACE ( 'NONE', #2186, 3.500000000000003109 ) ;
#1270 = ORIENTED_EDGE ( 'NONE', *, *, #2585, .F. ) ;
#1271 = EDGE_CURVE ( 'NONE', #1758, #1081, #1602, .T. ) ;
#1272 = ADVANCED_FACE ( 'NONE', ( #1309 ), #1966, .T. ) ;
#1273 = DIRECTION ( 'NONE',  ( 1.224646799147353207E-16, 1.000000000000000000, -0.000000000000000000 ) ) ;
#1274 = CARTESIAN_POINT ( 'NONE',  ( -93.55010235632798299, -18.74846524706919126, 5.500000000000000000 ) ) ;
#1275 = ORIENTED_EDGE ( 'NONE', *, *, #2017, .F. ) ;
#1276 = ADVANCED_FACE ( 'NONE', ( #1954 ), #672, .T. ) ;
#1277 = EDGE_CURVE ( 'NONE', #2540, #2006, #79, .T. ) ;
#1278 = CYLINDRICAL_SURFACE ( 'NONE', #2013, 1.399999999999998579 ) ;
#1279 = ORIENTED_EDGE ( 'NONE', *, *, #259, .T. ) ;
#1280 = VECTOR ( 'NONE', #979, 1000.000000000000000 ) ;
#1281 = CARTESIAN_POINT ( 'NONE',  ( 93.79000000000000625, 0.000000000000000000, 7.000000000000000000 ) ) ;
#1282 = DIRECTION ( 'NONE',  ( 0.000000000000000000, 0.000000000000000000, -1.000000000000000000 ) ) ;
#1283 = CARTESIAN_POINT ( 'NONE',  ( 103.3150000000000119, 1.166476076187854613E-15, 33.50000000000000000 ) ) ;
#1284 = LINE ( 'NONE', #2107, #2294 ) ;
#1285 = CLOSED_SHELL ( 'NONE', ( #656, #1471, #19, #1453, #944, #1942, #755, #2122, #1934, #1272, #895, #1466, #453, #1378, #305, #1807, #1320, #2362, #794, #1345, #2007, #703, #2264, #1349, #2637, #645, #2027, #690, #2190, #773, #2381, #2044, #1373, #1880, #751, #2672, #1077, #1976, #2277, #1111, #871, #1179, #2246, #2197, #2105, #1777, #2307, #516, #2070, #1850, #1516, #2829, #921, #831, #1207, #164, #1732, #2619, #1210, #497, #2205, #423, #2053, #969, #1654, #2582, #1292, #328, #203, #2296, #1376, #447, #1677, #461, #1398, #1276, #544, #2382, #837, #1901, #1254, #630, #1802, #573, #2531, #1856, #2389, #583, #2737, #2165, #459, #1694, #1936, #1195, #1167 ) ) ;
#1286 = ORIENTED_EDGE ( 'NONE', *, *, #2550, .T. ) ;
#1287 = DIRECTION ( 'NONE',  ( -0.000000000000000000, -0.000000000000000000, -1.000000000000000000 ) ) ;
#1288 = ORIENTED_EDGE ( 'NONE', *, *, #827, .T. ) ;
#1289 = CARTESIAN_POINT ( 'NONE',  ( -92.71446979112694464, -18.72024676217049688, 5.499999999888148139 ) ) ;
#1290 = FACE_OUTER_BOUND ( 'NONE', #983, .T. ) ;
#1291 = ORIENTED_EDGE ( 'NONE', *, *, #1184, .T. ) ;
#1292 = ADVANCED_FACE ( 'NONE', ( #1697 ), #2660, .T. ) ;
#1293 = CARTESIAN_POINT ( 'NONE',  ( 110.7900000000000205, 0.000000000000000000, 4.500000000000001776 ) ) ;
#1294 = ORIENTED_EDGE ( 'NONE', *, *, #1557, .F. ) ;
#1295 = AXIS2_PLACEMENT_3D ( 'NONE', #2473, #1567, #67 ) ;
#1296 = CIRCLE ( 'NONE', #2321, 1.599999999999990319 ) ;
#1297 = CARTESIAN_POINT ( 'NONE',  ( 93.79000000000000625, 0.000000000000000000, 5.000000000000000000 ) ) ;
#1298 = DIRECTION ( 'NONE',  ( -0.9999181465103560429, -0.01279454099584183616, 0.000000000000000000 ) ) ;
#1299 = CIRCLE ( 'NONE', #51, 21.87249899919929774 ) ;
#1300 = CARTESIAN_POINT ( 'NONE',  ( 94.00110992643139696, -16.49864941742086089, 4.500000000000000888 ) ) ;
#1301 = CIRCLE ( 'NONE', #1890, 10.02500000000000568 ) ;
#1302 = DIRECTION ( 'NONE',  ( 1.000000000000000000, 0.000000000000000000, 0.000000000000000000 ) ) ;
#1303 = ORIENTED_EDGE ( 'NONE', *, *, #2854, .T. ) ;
#1304 = AXIS2_PLACEMENT_3D ( 'NONE', #2431, #185, #816 ) ;
#1305 = CARTESIAN_POINT ( 'NONE',  ( -85.97645763266483243, -18.91668457975259798, 4.986917425287026084 ) ) ;
#1306 = VERTEX_POINT ( 'NONE', #2363 ) ;
#1307 = LINE ( 'NONE', #1170, #125 ) ;
#1308 = VERTEX_POINT ( 'NONE', #1943 ) ;
#1309 = FACE_OUTER_BOUND ( 'NONE', #1650, .T. ) ;
#1310 = DIRECTION ( 'NONE',  ( -1.224646799147353207E-16, 1.000000000000000000, 0.000000000000000000 ) ) ;
#1311 = EDGE_CURVE ( 'NONE', #1722, #2412, #492, .T. ) ;
#1312 = FACE_OUTER_BOUND ( 'NONE', #2611, .T. ) ;
#1313 = ORIENTED_EDGE ( 'NONE', *, *, #564, .T. ) ;
#1314 = VERTEX_POINT ( 'NONE', #848 ) ;
#1315 = CARTESIAN_POINT ( 'NONE',  ( 86.79000000000000625, -8.572527594031484037E-16, -4.999999999999997335 ) ) ;
#1316 = CARTESIAN_POINT ( 'NONE',  ( -93.54689916472351285, -18.99880087170529563, 5.151303417573648957 ) ) ;
#1317 = EDGE_LOOP ( 'NONE', ( #536, #2696, #2185, #1972, #1275, #350 ) ) ;
#1318 = LINE ( 'NONE', #225, #2636 ) ;
#1319 = ORIENTED_EDGE ( 'NONE', *, *, #2844, .F. ) ;
#1320 = ADVANCED_FACE ( 'NONE', ( #2154 ), #1138, .T. ) ;
#1321 = CARTESIAN_POINT ( 'NONE',  ( 93.79000000000000625, 0.000000000000000000, 7.000000000000000000 ) ) ;
#1322 = CARTESIAN_POINT ( 'NONE',  ( -83.99865704891010409, -6.750000000000006217, -4.500000000000000888 ) ) ;
#1323 = CYLINDRICAL_SURFACE ( 'NONE', #1342, 1.599999999999990319 ) ;
#1324 = ORIENTED_EDGE ( 'NONE', *, *, #26, .F. ) ;
#1325 = AXIS2_PLACEMENT_3D ( 'NONE', #2384, #1241, #2579 ) ;
#1326 = EDGE_LOOP ( 'NONE', ( #1434, #2418, #1270, #2557 ) ) ;
#1327 = AXIS2_PLACEMENT_3D ( 'NONE', #2535, #2292, #303 ) ;
#1328 = AXIS2_PLACEMENT_3D ( 'NONE', #1896, #770, #526 ) ;
#1329 = CIRCLE ( 'NONE', #1645, 1.399999999999998579 ) ;
#1330 = CARTESIAN_POINT ( 'NONE',  ( 86.79000000000000625, -8.572527594031484037E-16, 33.50000000000000000 ) ) ;
#1331 = EDGE_CURVE ( 'NONE', #384, #733, #2705, .T. ) ;
#1332 = EDGE_CURVE ( 'NONE', #931, #585, #2752, .T. ) ;
#1333 = CARTESIAN_POINT ( 'NONE',  ( -91.54874313865401803, -19.23077660881517659, 4.849253457708213588 ) ) ;
#1334 = ORIENTED_EDGE ( 'NONE', *, *, #404, .F. ) ;
#1335 = ORIENTED_EDGE ( 'NONE', *, *, #1805, .T. ) ;
#1336 = DIRECTION ( 'NONE',  ( 1.224646799147353207E-16, 1.000000000000000000, -0.000000000000000000 ) ) ;
#1337 = ORIENTED_EDGE ( 'NONE', *, *, #28, .F. ) ;
#1338 = VERTEX_POINT ( 'NONE', #1249 ) ;
#1339 = CARTESIAN_POINT ( 'NONE',  ( -92.07039831933876428, 19.24764345289836953, 4.838496346510914314 ) ) ;
#1340 = DIRECTION ( 'NONE',  ( 0.000000000000000000, 0.000000000000000000, 1.000000000000000000 ) ) ;
#1341 = AXIS2_PLACEMENT_3D ( 'NONE', #1862, #131, #767 ) ;
#1342 = AXIS2_PLACEMENT_3D ( 'NONE', #1550, #472, #2840 ) ;
#1343 = DIRECTION ( 'NONE',  ( 0.000000000000000000, 0.000000000000000000, 1.000000000000000000 ) ) ;
#1344 = AXIS2_PLACEMENT_3D ( 'NONE', #820, #2093, #2350 ) ;
#1345 = ADVANCED_FACE ( 'NONE', ( #815 ), #866, .T. ) ;
#1346 = DIRECTION ( 'NONE',  ( 0.000000000000000000, 0.000000000000000000, 1.000000000000000000 ) ) ;
#1347 = AXIS2_PLACEMENT_3D ( 'NONE', #712, #274, #964 ) ;
#1348 = ORIENTED_EDGE ( 'NONE', *, *, #2825, .F. ) ;
#1349 = ADVANCED_FACE ( 'NONE', ( #2141 ), #1508, .T. ) ;
#1350 = ORIENTED_EDGE ( 'NONE', *, *, #1043, .F. ) ;
#1351 = CYLINDRICAL_SURFACE ( 'NONE', #1656, 0.5000000000000004441 ) ;
#1352 = CARTESIAN_POINT ( 'NONE',  ( -106.8813429510899340, -6.750000000000006217, 4.500000000000001776 ) ) ;
#1353 = VERTEX_POINT ( 'NONE', #167 ) ;
#1354 = EDGE_LOOP ( 'NONE', ( #1042, #271 ) ) ;
#1355 = CARTESIAN_POINT ( 'NONE',  ( -87.71126096874752420, 17.74225905422645511, 5.500000000208985718 ) ) ;
#1356 = CYLINDRICAL_SURFACE ( 'NONE', #146, 1.399999999999998579 ) ;
#1357 = FACE_OUTER_BOUND ( 'NONE', #2476, .T. ) ;
#1358 = DIRECTION ( 'NONE',  ( 0.000000000000000000, -1.000000000000000000, 0.000000000000000000 ) ) ;
#1359 = CARTESIAN_POINT ( 'NONE',  ( 93.79000000000002046, -7.000000000000000000, -5.000000000000000000 ) ) ;
#1360 = EDGE_CURVE ( 'NONE', #2736, #2773, #219, .T. ) ;
#1361 = DIRECTION ( 'NONE',  ( -0.000000000000000000, -0.000000000000000000, -1.000000000000000000 ) ) ;
#1362 = DIRECTION ( 'NONE',  ( 1.000000000000000000, 0.000000000000000000, 0.000000000000000000 ) ) ;
#1363 = ORIENTED_EDGE ( 'NONE', *, *, #922, .T. ) ;
#1364 = DIRECTION ( 'NONE',  ( 1.000000000000000000, 0.000000000000000000, 0.000000000000000000 ) ) ;
#1365 = VERTEX_POINT ( 'NONE', #2293 ) ;
#1366 = ORIENTED_EDGE ( 'NONE', *, *, #988, .F. ) ;
#1367 = CARTESIAN_POINT ( 'NONE',  ( -89.57139376905971062, 19.13795787651180191, 4.907643354882313069 ) ) ;
#1368 = FACE_BOUND ( 'NONE', #805, .T. ) ;
#1369 = CARTESIAN_POINT ( 'NONE',  ( 86.79000000000000625, -8.572527594031484037E-16, 33.50000000000000000 ) ) ;
#1370 = AXIS2_PLACEMENT_3D ( 'NONE', #1321, #2212, #227 ) ;
#1371 = DIRECTION ( 'NONE',  ( -0.000000000000000000, -0.000000000000000000, -1.000000000000000000 ) ) ;
#1372 = DIRECTION ( 'NONE',  ( -1.000000000000000000, 0.000000000000000000, 0.000000000000000000 ) ) ;
#1373 = ADVANCED_FACE ( 'NONE', ( #889 ), #1767, .F. ) ;
#1374 = CARTESIAN_POINT ( 'NONE',  ( -93.79000000000000625, 0.000000000000000000, -4.500000000000000888 ) ) ;
#1375 = CARTESIAN_POINT ( 'NONE',  ( 100.7900000000000205, 0.000000000000000000, 33.50000000000000000 ) ) ;
#1376 = ADVANCED_FACE ( 'NONE', ( #2717 ), #2162, .T. ) ;
#1377 = ORIENTED_EDGE ( 'NONE', *, *, #142, .T. ) ;
#1378 = ADVANCED_FACE ( 'NONE', ( #2512 ), #1828, .F. ) ;
#1379 = CYLINDRICAL_SURFACE ( 'NONE', #321, 1.599999999999990319 ) ;
#1380 = EDGE_LOOP ( 'NONE', ( #2209, #2255, #2601, #665 ) ) ;
#1381 = VERTEX_POINT ( 'NONE', #1621 ) ;
#1382 = CARTESIAN_POINT ( 'NONE',  ( -92.29361183057342544, 18.95996349226200550, 5.154393952374423549 ) ) ;
#1383 = DIRECTION ( 'NONE',  ( 0.000000000000000000, 0.000000000000000000, -1.000000000000000000 ) ) ;
#1384 = FACE_BOUND ( 'NONE', #2858, .T. ) ;
#1385 = CIRCLE ( 'NONE', #507, 1.000000000000000888 ) ;
#1386 = CYLINDRICAL_SURFACE ( 'NONE', #332, 0.5000000000000004441 ) ;
#1387 = AXIS2_PLACEMENT_3D ( 'NONE', #910, #2675, #695 ) ;
#1388 = CIRCLE ( 'NONE', #1064, 0.4999999999999995559 ) ;
#1389 = AXIS2_PLACEMENT_3D ( 'NONE', #2194, #1750, #2635 ) ;
#1390 = AXIS2_PLACEMENT_3D ( 'NONE', #1561, #2272, #460 ) ;
#1391 = DIRECTION ( 'NONE',  ( 1.000000000000000000, 0.000000000000000000, 0.000000000000000000 ) ) ;
#1392 = DIRECTION ( 'NONE',  ( 0.000000000000000000, -1.000000000000000000, 0.000000000000000000 ) ) ;
#1393 = VERTEX_POINT ( 'NONE', #304 ) ;
#1394 = AXIS2_PLACEMENT_3D ( 'NONE', #154, #2106, #787 ) ;
#1395 = DIRECTION ( 'NONE',  ( -1.000000000000000000, 0.000000000000000000, 0.000000000000000000 ) ) ;
#1396 = ORIENTED_EDGE ( 'NONE', *, *, #2442, .F. ) ;
#1397 = EDGE_CURVE ( 'NONE', #709, #70, #1781, .T. ) ;
#1398 = ADVANCED_FACE ( 'NONE', ( #2068 ), #2060, .T. ) ;
#1399 = CARTESIAN_POINT ( 'NONE',  ( -91.02457795616724923, 18.87255904310669408, 5.161774199345729564 ) ) ;
#1400 = DIRECTION ( 'NONE',  ( 1.000000000000000000, 0.000000000000000000, 0.000000000000000000 ) ) ;
#1401 = EDGE_CURVE ( 'NONE', #1393, #1476, #2849, .T. ) ;
#1402 = CARTESIAN_POINT ( 'NONE',  ( -85.04630154399947628, -16.59430253815171241, 5.500000000112917675 ) ) ;
#1403 = PLANE ( 'NONE',  #1327 ) ;
#1404 = CARTESIAN_POINT ( 'NONE',  ( 93.79000000000000625, 0.000000000000000000, 4.500000000000001776 ) ) ;
#1405 = VERTEX_POINT ( 'NONE', #2282 ) ;
#1406 = CARTESIAN_POINT ( 'NONE',  ( -82.54016915737585691, 18.75759895301941782, 5.000000000000000000 ) ) ;
#1407 = ORIENTED_EDGE ( 'NONE', *, *, #1214, .F. ) ;
#1408 = EDGE_LOOP ( 'NONE', ( #12, #1162, #1501, #1117 ) ) ;
#1409 = FACE_OUTER_BOUND ( 'NONE', #1134, .T. ) ;
#1410 = DIRECTION ( 'NONE',  ( 0.000000000000000000, 0.000000000000000000, 1.000000000000000000 ) ) ;
#1411 = DIRECTION ( 'NONE',  ( -0.000000000000000000, -0.000000000000000000, -1.000000000000000000 ) ) ;
#1412 = DIRECTION ( 'NONE',  ( -0.000000000000000000, -0.000000000000000000, -1.000000000000000000 ) ) ;
#1413 = AXIS2_PLACEMENT_3D ( 'NONE', #184, #2402, #592 ) ;
#1414 = AXIS2_PLACEMENT_3D ( 'NONE', #926, #1819, #2049 ) ;
#1415 = LINE ( 'NONE', #2310, #995 ) ;
#1416 = AXIS2_PLACEMENT_3D ( 'NONE', #2405, #1242, #1826 ) ;
#1417 = CIRCLE ( 'NONE', #176, 0.5000000000000004441 ) ;
#1418 = CARTESIAN_POINT ( 'NONE',  ( 95.69000000000001194, 7.000000000000000000, 33.50000000000000000 ) ) ;
#1419 = ORIENTED_EDGE ( 'NONE', *, *, #625, .F. ) ;
#1420 = FACE_OUTER_BOUND ( 'NONE', #2437, .T. ) ;
#1421 = ORIENTED_EDGE ( 'NONE', *, *, #109, .T. ) ;
#1422 = ORIENTED_EDGE ( 'NONE', *, *, #1131, .F. ) ;
#1423 = DIRECTION ( 'NONE',  ( 0.000000000000000000, -1.000000000000000000, 0.000000000000000000 ) ) ;
#1424 = SURFACE_STYLE_FILL_AREA ( #990 ) ;
#1425 = CARTESIAN_POINT ( 'NONE',  ( -82.09865704891009841, -6.750000000000006217, 4.500000000000001776 ) ) ;
#1426 = AXIS2_PLACEMENT_3D ( 'NONE', #1076, #2600, #2613 ) ;
#1427 = VECTOR ( 'NONE', #1661, 1000.000000000000000 ) ;
#1428 = CIRCLE ( 'NONE', #2505, 0.5000000000000004441 ) ;
#1429 = DIRECTION ( 'NONE',  ( -1.000000000000000000, 0.000000000000000000, 0.000000000000000000 ) ) ;
#1430 = VERTEX_POINT ( 'NONE', #295 ) ;
#1431 = VECTOR ( 'NONE', #2059, 1000.000000000000000 ) ;
#1432 = AXIS2_PLACEMENT_3D ( 'NONE', #2713, #1614, #1788 ) ;
#1433 = DIRECTION ( 'NONE',  ( -1.000000000000000000, 0.000000000000000000, 0.000000000000000000 ) ) ;
#1434 = ORIENTED_EDGE ( 'NONE', *, *, #153, .F. ) ;
#1435 = CIRCLE ( 'NONE', #1253, 1.399999999999998579 ) ;
#1436 = ORIENTED_EDGE ( 'NONE', *, *, #2202, .F. ) ;
#1437 = DIRECTION ( 'NONE',  ( 0.000000000000000000, 0.000000000000000000, -1.000000000000000000 ) ) ;
#1438 = CARTESIAN_POINT ( 'NONE',  ( 98.69000000000002615, 0.000000000000000000, 33.50000000000000000 ) ) ;
#1439 = CARTESIAN_POINT ( 'NONE',  ( 99.19000000000002615, 0.000000000000000000, 33.50000000000000000 ) ) ;
#1440 = LINE ( 'NONE', #793, #1183 ) ;
#1441 = EDGE_CURVE ( 'NONE', #1815, #1635, #307, .T. ) ;
#1442 = DIRECTION ( 'NONE',  ( 1.000000000000000000, -8.881784197001248379E-16, 0.000000000000000000 ) ) ;
#1443 = EDGE_CURVE ( 'NONE', #401, #2851, #2111, .T. ) ;
#1444 = FACE_BOUND ( 'NONE', #513, .T. ) ;
#1445 = EDGE_LOOP ( 'NONE', ( #1958, #2201 ) ) ;
#1446 = DIRECTION ( 'NONE',  ( 1.000000000000000000, 0.000000000000000000, 0.000000000000000000 ) ) ;
#1447 = DIRECTION ( 'NONE',  ( -0.000000000000000000, -0.000000000000000000, -1.000000000000000000 ) ) ;
#1448 = ORIENTED_EDGE ( 'NONE', *, *, #1766, .T. ) ;
#1449 = DIRECTION ( 'NONE',  ( 0.01279454099584183616, -0.9999181465103560429, 0.000000000000000000 ) ) ;
#1450 = CYLINDRICAL_SURFACE ( 'NONE', #1894, 19.40000000000000213 ) ;
#1451 = CARTESIAN_POINT ( 'NONE',  ( -93.54818317517860748, 18.89845296904573502, -5.000000000000000000 ) ) ;
#1452 = ORIENTED_EDGE ( 'NONE', *, *, #1128, .T. ) ;
#1453 = ADVANCED_FACE ( 'NONE', ( #506 ), #1046, .T. ) ;
#1454 = DIRECTION ( 'NONE',  ( -0.000000000000000000, -0.000000000000000000, -1.000000000000000000 ) ) ;
#1455 = CARTESIAN_POINT ( 'NONE',  ( -112.0400000000000205, 2.265596578422604580E-15, 5.000000000000000000 ) ) ;
#1456 = DIRECTION ( 'NONE',  ( 0.000000000000000000, 0.000000000000000000, 1.000000000000000000 ) ) ;
#1457 = AXIS2_PLACEMENT_3D ( 'NONE', #2355, #1903, #807 ) ;
#1458 = DIRECTION ( 'NONE',  ( 0.000000000000000000, 0.000000000000000000, 1.000000000000000000 ) ) ;
#1459 = TOROIDAL_SURFACE ( 'NONE', #2061, 1.900000000000002576, 0.5000000000000000000 ) ;
#1460 = ORIENTED_EDGE ( 'NONE', *, *, #2483, .F. ) ;
#1461 = AXIS2_PLACEMENT_3D ( 'NONE', #1192, #96, #300 ) ;
#1462 = VECTOR ( 'NONE', #2117, 1000.000000000000000 ) ;
#1463 = CARTESIAN_POINT ( 'NONE',  ( -84.37499512647347899, -18.83442164763118143, 4.998412278326840763 ) ) ;
#1464 = CARTESIAN_POINT ( 'NONE',  ( -93.79000000000000625, 13.50000000000000000, 4.500000000000001776 ) ) ;
#1465 = EDGE_LOOP ( 'NONE', ( #1422, #2638, #2596, #1147 ) ) ;
#1466 = ADVANCED_FACE ( 'NONE', ( #942 ), #953, .T. ) ;
#1467 = DIRECTION ( 'NONE',  ( 1.000000000000000000, 0.000000000000000000, 0.000000000000000000 ) ) ;
#1468 = DIRECTION ( 'NONE',  ( 0.000000000000000000, 0.000000000000000000, 1.000000000000000000 ) ) ;
#1469 = CARTESIAN_POINT ( 'NONE',  ( -93.79000000000000625, 0.000000000000000000, 5.500000000000000000 ) ) ;
#1470 = CIRCLE ( 'NONE', #962, 10.00000000000000000 ) ;
#1471 = ADVANCED_FACE ( 'NONE', ( #2522 ), #1915, .F. ) ;
#1472 = FACE_OUTER_BOUND ( 'NONE', #2804, .T. ) ;
#1473 = EDGE_LOOP ( 'NONE', ( #1498, #2837 ) ) ;
#1474 = CARTESIAN_POINT ( 'NONE',  ( -92.39000000000001478, 13.50000000000000000, -5.000000000000000000 ) ) ;
#1475 = CARTESIAN_POINT ( 'NONE',  ( 93.79000000000000625, 0.000000000000000000, 5.000000000000000000 ) ) ;
#1476 = VERTEX_POINT ( 'NONE', #1820 ) ;
#1477 = AXIS2_PLACEMENT_3D ( 'NONE', #1085, #2855, #483 ) ;
#1478 = AXIS2_PLACEMENT_3D ( 'NONE', #851, #2156, #1237 ) ;
#1479 = DIRECTION ( 'NONE',  ( 1.000000000000000000, 0.000000000000000000, 0.000000000000000000 ) ) ;
#1480 = ORIENTED_EDGE ( 'NONE', *, *, #1218, .F. ) ;
#1481 = AXIS2_PLACEMENT_3D ( 'NONE', #1747, #1346, #1515 ) ;
#1482 = TOROIDAL_SURFACE ( 'NONE', #1989, 16.50000000000000711, 0.5000000000000000000 ) ;
#1483 = DIRECTION ( 'NONE',  ( -0.000000000000000000, -0.000000000000000000, -1.000000000000000000 ) ) ;
#1484 = DIRECTION ( 'NONE',  ( 0.000000000000000000, 0.000000000000000000, 1.000000000000000000 ) ) ;
#1485 = CIRCLE ( 'NONE', #555, 18.75000000000001776 ) ;
#1486 = DIRECTION ( 'NONE',  ( 0.000000000000000000, 0.000000000000000000, -1.000000000000000000 ) ) ;
#1487 = DIRECTION ( 'NONE',  ( 1.000000000000000000, 0.000000000000000000, 0.000000000000000000 ) ) ;
#1488 = EDGE_CURVE ( 'NONE', #34, #2295, #1415, .T. ) ;
#1489 = ORIENTED_EDGE ( 'NONE', *, *, #819, .T. ) ;
#1490 = SHAPE_DEFINITION_REPRESENTATION ( #301, #392 ) ;
#1491 = CARTESIAN_POINT ( 'NONE',  ( -92.79000000000000625, 0.000000000000000000, 4.500000000000001776 ) ) ;
#1492 = DIRECTION ( 'NONE',  ( -0.000000000000000000, -0.000000000000000000, -1.000000000000000000 ) ) ;
#1493 = ORIENTED_EDGE ( 'NONE', *, *, #2647, .F. ) ;
#1494 = DIRECTION ( 'NONE',  ( 1.000000000000000000, 0.000000000000000000, 0.000000000000000000 ) ) ;
#1495 = ORIENTED_EDGE ( 'NONE', *, *, #1805, .F. ) ;
#1496 = DIRECTION ( 'NONE',  ( 1.000000000000000000, 0.000000000000000000, 0.000000000000000000 ) ) ;
#1497 = CARTESIAN_POINT ( 'NONE',  ( -91.89000000000001478, 13.50000000000000000, -5.000000000000000888 ) ) ;
#1498 = ORIENTED_EDGE ( 'NONE', *, *, #430, .T. ) ;
#1499 = DIRECTION ( 'NONE',  ( 1.000000000000000000, 0.000000000000000000, 0.000000000000000000 ) ) ;
#1500 = CARTESIAN_POINT ( 'NONE',  ( -93.79000000000000625, 0.000000000000000000, 5.500000000000000000 ) ) ;
#1501 = ORIENTED_EDGE ( 'NONE', *, *, #1011, .T. ) ;
#1502 = EDGE_CURVE ( 'NONE', #1825, #1089, #1182, .T. ) ;
#1503 = CARTESIAN_POINT ( 'NONE',  ( -87.64034704247485763, -19.01661087560061603, 4.961472456723553748 ) ) ;
#1504 = FACE_OUTER_BOUND ( 'NONE', #2684, .T. ) ;
#1505 = EDGE_LOOP ( 'NONE', ( #134, #1840, #1548, #754 ) ) ;
#1506 = DIRECTION ( 'NONE',  ( 1.000000000000000000, 0.000000000000000000, 0.000000000000000000 ) ) ;
#1507 = EDGE_LOOP ( 'NONE', ( #182, #2735, #1625, #130 ) ) ;
#1508 = TOROIDAL_SURFACE ( 'NONE', #2396, 9.525000000000005684, 0.5000000000000000000 ) ;
#1509 = AXIS2_PLACEMENT_3D ( 'NONE', #424, #211, #1593 ) ;
#1510 = CARTESIAN_POINT ( 'NONE',  ( 86.79000000000000625, -8.572527594031484037E-16, 33.50000000000000000 ) ) ;
#1511 = DIRECTION ( 'NONE',  ( 1.000000000000000000, 0.000000000000000000, 0.000000000000000000 ) ) ;
#1512 = DIRECTION ( 'NONE',  ( 1.000000000000000000, 0.000000000000000000, 0.000000000000000000 ) ) ;
#1513 = DIRECTION ( 'NONE',  ( -0.000000000000000000, -0.000000000000000000, -1.000000000000000000 ) ) ;
#1514 = VERTEX_POINT ( 'NONE', #2430 ) ;
#1515 = DIRECTION ( 'NONE',  ( 1.000000000000000000, 0.000000000000000000, 0.000000000000000000 ) ) ;
#1516 = ADVANCED_FACE ( 'NONE', ( #437 ), #32, .T. ) ;
#1517 = EDGE_CURVE ( 'NONE', #1405, #653, #992, .T. ) ;
#1518 = EDGE_LOOP ( 'NONE', ( #2086, #1377, #726, #1908 ) ) ;
#1519 = EDGE_CURVE ( 'NONE', #1825, #1338, #2113, .T. ) ;
#1520 = DIRECTION ( 'NONE',  ( 0.000000000000000000, 0.000000000000000000, -1.000000000000000000 ) ) ;
#1521 = EDGE_LOOP ( 'NONE', ( #986, #1681, #722, #1105 ) ) ;
#1522 = EDGE_CURVE ( 'NONE', #1089, #2024, #1641, .T. ) ;
#1523 = CIRCLE ( 'NONE', #2724, 0.5000000000000004441 ) ;
#1524 = TOROIDAL_SURFACE ( 'NONE', #1153, 1.900000000000002354, 0.5000000000000000000 ) ;
#1525 = CARTESIAN_POINT ( 'NONE',  ( 93.79000000000000625, 0.000000000000000000, 7.000000000000000000 ) ) ;
#1526 = CARTESIAN_POINT ( 'NONE',  ( 94.79000000000000625, 0.000000000000000000, -4.500000000000000888 ) ) ;
#1527 = CARTESIAN_POINT ( 'NONE',  ( 107.1435533905932687, 1.635338641703331849E-15, 5.146446609406726935 ) ) ;
#1528 = AXIS2_PLACEMENT_3D ( 'NONE', #2127, #2109, #141 ) ;
#1529 = ORIENTED_EDGE ( 'NONE', *, *, #667, .T. ) ;
#1530 = FACE_OUTER_BOUND ( 'NONE', #1317, .T. ) ;
#1531 = TOROIDAL_SURFACE ( 'NONE', #282, 9.525000000000005684, 0.5000000000000000000 ) ;
#1532 = CIRCLE ( 'NONE', #1390, 0.5000000000000004441 ) ;
#1533 = CARTESIAN_POINT ( 'NONE',  ( -82.09865704891009841, -6.750000000000006217, -5.000000000000000000 ) ) ;
#1534 = DIRECTION ( 'NONE',  ( -0.000000000000000000, -0.000000000000000000, -1.000000000000000000 ) ) ;
#1535 = TOROIDAL_SURFACE ( 'NONE', #2770, 1.900000000000002354, 0.5000000000000000000 ) ;
#1536 = CARTESIAN_POINT ( 'NONE',  ( -91.95965223569923808, -18.66128608943371603, 5.500000000063610450 ) ) ;
#1537 = ORIENTED_EDGE ( 'NONE', *, *, #2181, .T. ) ;
#1538 = CARTESIAN_POINT ( 'NONE',  ( 83.76500000000000057, 0.000000000000000000, 33.50000000000000000 ) ) ;
#1539 = VERTEX_POINT ( 'NONE', #159 ) ;
#1540 = DIRECTION ( 'NONE',  ( 0.000000000000000000, 0.000000000000000000, 1.000000000000000000 ) ) ;
#1541 = LINE ( 'NONE', #228, #2544 ) ;
#1542 = ORIENTED_EDGE ( 'NONE', *, *, #391, .F. ) ;
#1543 = EDGE_LOOP ( 'NONE', ( #2553, #629, #1335, #469 ) ) ;
#1544 = EDGE_CURVE ( 'NONE', #2632, #1758, #2095, .T. ) ;
#1545 = DIRECTION ( 'NONE',  ( 0.000000000000000000, 0.000000000000000000, 1.000000000000000000 ) ) ;
#1546 = CARTESIAN_POINT ( 'NONE',  ( -90.61384513665028351, -18.48209909890615066, 5.499999999923490535 ) ) ;
#1547 = ORIENTED_EDGE ( 'NONE', *, *, #869, .F. ) ;
#1548 = ORIENTED_EDGE ( 'NONE', *, *, #202, .T. ) ;
#1549 = FACE_OUTER_BOUND ( 'NONE', #1782, .T. ) ;
#1550 = CARTESIAN_POINT ( 'NONE',  ( 86.79000000000000625, -8.572527594031484037E-16, -4.999999999999997335 ) ) ;
#1551 = ORIENTED_EDGE ( 'NONE', *, *, #2429, .F. ) ;
#1552 = ORIENTED_EDGE ( 'NONE', *, *, #1027, .T. ) ;
#1553 = AXIS2_PLACEMENT_3D ( 'NONE', #1674, #2562, #1026 ) ;
#1554 = EDGE_CURVE ( 'NONE', #486, #1714, #123, .T. ) ;
#1555 = EDGE_CURVE ( 'NONE', #2484, #337, #351, .T. ) ;
#1556 = EDGE_CURVE ( 'NONE', #369, #655, #2348, .T. ) ;
#1557 = EDGE_CURVE ( 'NONE', #1010, #2588, #1601, .T. ) ;
#1558 = AXIS2_PLACEMENT_3D ( 'NONE', #963, #1909, #395 ) ;
#1559 = CARTESIAN_POINT ( 'NONE',  ( -88.27082549884836737, 18.53027386607447724, 5.170203475026778683 ) ) ;
#1560 = CIRCLE ( 'NONE', #2211, 2.099999999999990763 ) ;
#1561 = CARTESIAN_POINT ( 'NONE',  ( 110.2900000000000205, 0.000000000000000000, -4.500000000000000888 ) ) ;
#1562 = CYLINDRICAL_SURFACE ( 'NONE', #1836, 3.500000000000003109 ) ;
#1563 = EDGE_CURVE ( 'NONE', #1054, #1314, #1088, .T. ) ;
#1564 = CARTESIAN_POINT ( 'NONE',  ( -92.51542851072315443, -18.70757966155933261, 5.500000000146489043 ) ) ;
#1565 = EDGE_LOOP ( 'NONE', ( #2056, #563, #699, #2794 ) ) ;
#1566 = EDGE_LOOP ( 'NONE', ( #2644, #2240, #1770, #2221, #1262, #157 ) ) ;
#1567 = DIRECTION ( 'NONE',  ( 0.000000000000000000, 0.000000000000000000, 1.000000000000000000 ) ) ;
#1568 = DIRECTION ( 'NONE',  ( -1.000000000000000000, 0.000000000000000000, 0.000000000000000000 ) ) ;
#1569 = VERTEX_POINT ( 'NONE', #2802 ) ;
#1570 = ORIENTED_EDGE ( 'NONE', *, *, #2265, .F. ) ;
#1571 = CIRCLE ( 'NONE', #1883, 1.899999999999999023 ) ;
#1572 = AXIS2_PLACEMENT_3D ( 'NONE', #38, #1728, #652 ) ;
#1573 = CARTESIAN_POINT ( 'NONE',  ( -87.64018701761756347, 19.01660065200643857, 4.961475658912259945 ) ) ;
#1574 = DIRECTION ( 'NONE',  ( 0.000000000000000000, 0.000000000000000000, 1.000000000000000000 ) ) ;
#1575 = EDGE_CURVE ( 'NONE', #524, #215, #2795, .T. ) ;
#1576 = AXIS2_PLACEMENT_3D ( 'NONE', #115, #177, #2756 ) ;
#1577 = AXIS2_PLACEMENT_3D ( 'NONE', #2427, #435, #6 ) ;
#1578 = DIRECTION ( 'NONE',  ( 1.000000000000000000, 0.000000000000000000, 0.000000000000000000 ) ) ;
#1579 = CIRCLE ( 'NONE', #1576, 0.5000000000000004441 ) ;
#1580 = DIRECTION ( 'NONE',  ( 0.000000000000000000, 0.000000000000000000, -1.000000000000000000 ) ) ;
#1581 = TOROIDAL_SURFACE ( 'NONE', #285, 1.900000000000002576, 0.5000000000000000000 ) ;
#1582 = DIRECTION ( 'NONE',  ( 0.000000000000000000, -1.000000000000000000, 0.000000000000000000 ) ) ;
#1583 = DIRECTION ( 'NONE',  ( 1.000000000000000000, 0.000000000000000000, 0.000000000000000000 ) ) ;
#1584 = CARTESIAN_POINT ( 'NONE',  ( 88.89000000000000057, -6.000769315822045531E-16, 33.50000000000000000 ) ) ;
#1585 = CARTESIAN_POINT ( 'NONE',  ( 86.79000000000000625, -8.572527594031484037E-16, -4.999999999999997335 ) ) ;
#1586 = CARTESIAN_POINT ( 'NONE',  ( -95.69000000000001194, 13.50000000000000000, 4.500000000000001776 ) ) ;
#1587 = VERTEX_POINT ( 'NONE', #346 ) ;
#1588 = ORIENTED_EDGE ( 'NONE', *, *, #233, .F. ) ;
#1589 = CARTESIAN_POINT ( 'NONE',  ( -89.37816529066915905, 18.69346896515315137, 5.169941743098820375 ) ) ;
#1590 = CARTESIAN_POINT ( 'NONE',  ( -107.3813429510899340, -6.750000000000006217, -4.500000000000000888 ) ) ;
#1591 = CARTESIAN_POINT ( 'NONE',  ( 91.89000000000001478, 7.000000000000000000, 34.00000000000000000 ) ) ;
#1592 = CARTESIAN_POINT ( 'NONE',  ( -82.09865704891009841, -6.750000000000006217, 4.500000000000001776 ) ) ;
#1593 = DIRECTION ( 'NONE',  ( 1.000000000000000000, 0.000000000000000000, 0.000000000000000000 ) ) ;
#1594 = DIRECTION ( 'NONE',  ( 1.000000000000000000, 0.000000000000000000, 0.000000000000000000 ) ) ;
#1595 = ORIENTED_EDGE ( 'NONE', *, *, #18, .T. ) ;
#1596 = DIRECTION ( 'NONE',  ( -0.000000000000000000, -0.000000000000000000, -1.000000000000000000 ) ) ;
#1597 = ORIENTED_EDGE ( 'NONE', *, *, #970, .T. ) ;
#1598 = ORIENTED_EDGE ( 'NONE', *, *, #2249, .F. ) ;
#1599 = CARTESIAN_POINT ( 'NONE',  ( -88.41897254953060781, 19.06660644268376004, 4.942542660779444041 ) ) ;
#1600 = CARTESIAN_POINT ( 'NONE',  ( 93.79000000000000625, 7.000000000000000000, 34.00000000000000000 ) ) ;
#1601 = CIRCLE ( 'NONE', #1962, 0.5000000000000004441 ) ;
#1602 = CIRCLE ( 'NONE', #356, 0.5000000000000004441 ) ;
#1603 = CIRCLE ( 'NONE', #1869, 4.000000000000003553 ) ;
#1604 = DIRECTION ( 'NONE',  ( -0.000000000000000000, -0.000000000000000000, -1.000000000000000000 ) ) ;
#1605 = LINE ( 'NONE', #730, #1690 ) ;
#1606 = CARTESIAN_POINT ( 'NONE',  ( 93.79000000000000625, 0.000000000000000000, 5.146446609406726935 ) ) ;
#1607 = EDGE_CURVE ( 'NONE', #853, #215, #586, .T. ) ;
#1608 = FACE_OUTER_BOUND ( 'NONE', #1612, .T. ) ;
#1609 = ORIENTED_EDGE ( 'NONE', *, *, #1256, .T. ) ;
#1610 = EDGE_CURVE ( 'NONE', #2576, #2588, #2678, .T. ) ;
#1611 = DIRECTION ( 'NONE',  ( 0.000000000000000000, 0.000000000000000000, 1.000000000000000000 ) ) ;
#1612 = EDGE_LOOP ( 'NONE', ( #1203, #1609, #394, #189 ) ) ;
#1613 = CARTESIAN_POINT ( 'NONE',  ( -93.28753118357734309, 18.99548210611576948, 5.151303417647687510 ) ) ;
#1614 = DIRECTION ( 'NONE',  ( -0.000000000000000000, -0.000000000000000000, -1.000000000000000000 ) ) ;
#1615 = CIRCLE ( 'NONE', #1477, 1.899999999999999023 ) ;
#1616 = CARTESIAN_POINT ( 'NONE',  ( 104.2900000000000205, 4.286263797015740046E-16, -1.999999999999997335 ) ) ;
#1617 = CIRCLE ( 'NONE', #639, 0.5000000000000004441 ) ;
#1618 = LINE ( 'NONE', #2352, #906 ) ;
#1619 = CIRCLE ( 'NONE', #736, 10.00000000000000178 ) ;
#1620 = AXIS2_PLACEMENT_3D ( 'NONE', #126, #1760, #1078 ) ;
#1621 = CARTESIAN_POINT ( 'NONE',  ( 102.3900000000000290, 1.959434878635778789E-16, -1.999999999999997780 ) ) ;
#1622 = ORIENTED_EDGE ( 'NONE', *, *, #391, .T. ) ;
#1623 = CARTESIAN_POINT ( 'NONE',  ( -82.54016915737588533, -18.75759895301940716, 5.000000000000000000 ) ) ;
#1624 = ORIENTED_EDGE ( 'NONE', *, *, #2702, .T. ) ;
#1625 = ORIENTED_EDGE ( 'NONE', *, *, #737, .T. ) ;
#1626 = DIRECTION ( 'NONE',  ( 0.9999181465103560429, 0.01279454099584183616, 0.000000000000000000 ) ) ;
#1627 = FACE_OUTER_BOUND ( 'NONE', #2097, .T. ) ;
#1628 = EDGE_CURVE ( 'NONE', #70, #1308, #1579, .T. ) ;
#1629 = DIRECTION ( 'NONE',  ( 0.000000000000000000, 0.000000000000000000, -1.000000000000000000 ) ) ;
#1630 = DIRECTION ( 'NONE',  ( -0.000000000000000000, -1.000000000000000000, -0.000000000000000000 ) ) ;
#1631 = CARTESIAN_POINT ( 'NONE',  ( 93.79000000000000625, 7.000000000000000000, -5.000000000000000000 ) ) ;
#1632 = ORIENTED_EDGE ( 'NONE', *, *, #441, .T. ) ;
#1633 = CARTESIAN_POINT ( 'NONE',  ( 105.2900000000000063, 1.408343819019455781E-15, 7.000000000000000000 ) ) ;
#1634 = EDGE_LOOP ( 'NONE', ( #2526, #161, #2026, #499 ) ) ;
#1635 = VERTEX_POINT ( 'NONE', #1260 ) ;
#1636 = CARTESIAN_POINT ( 'NONE',  ( 93.79000000000000625, 0.000000000000000000, 7.000000000000000000 ) ) ;
#1637 = DIRECTION ( 'NONE',  ( 0.000000000000000000, 0.000000000000000000, 1.000000000000000000 ) ) ;
#1638 = EDGE_CURVE ( 'NONE', #284, #1587, #1248, .T. ) ;
#1639 = DIRECTION ( 'NONE',  ( 1.000000000000000000, 0.000000000000000000, 0.000000000000000000 ) ) ;
#1640 = CYLINDRICAL_SURFACE ( 'NONE', #511, 0.4999999999999993894 ) ;
#1641 = CIRCLE ( 'NONE', #1227, 0.5000000000000004441 ) ;
#1642 = PLANE ( 'NONE',  #2183 ) ;
#1643 = EDGE_CURVE ( 'NONE', #1998, #1146, #1112, .T. ) ;
#1644 = DIRECTION ( 'NONE',  ( -0.000000000000000000, -0.000000000000000000, -1.000000000000000000 ) ) ;
#1645 = AXIS2_PLACEMENT_3D ( 'NONE', #768, #617, #811 ) ;
#1646 = FACE_OUTER_BOUND ( 'NONE', #1116, .T. ) ;
#1647 = ORIENTED_EDGE ( 'NONE', *, *, #1055, .F. ) ;
#1648 = AXIS2_PLACEMENT_3D ( 'NONE', #2479, #1492, #1150 ) ;
#1649 = FACE_OUTER_BOUND ( 'NONE', #1769, .T. ) ;
#1650 = EDGE_LOOP ( 'NONE', ( #1765, #1537, #359, #739 ) ) ;
#1651 = FACE_OUTER_BOUND ( 'NONE', #1701, .T. ) ;
#1652 = CARTESIAN_POINT ( 'NONE',  ( 93.79000000000000625, 0.000000000000000000, -5.000000000000000000 ) ) ;
#1653 = EDGE_CURVE ( 'NONE', #1696, #1365, #2633, .T. ) ;
#1654 = ADVANCED_FACE ( 'NONE', ( #2744 ), #2545, .T. ) ;
#1655 = DIRECTION ( 'NONE',  ( -1.000000000000000000, 0.000000000000000000, 0.000000000000000000 ) ) ;
#1656 = AXIS2_PLACEMENT_3D ( 'NONE', #723, #1132, #2680 ) ;
#1657 = EDGE_CURVE ( 'NONE', #613, #306, #1710, .T. ) ;
#1658 = AXIS2_PLACEMENT_3D ( 'NONE', #169, #1878, #2763 ) ;
#1659 = DIRECTION ( 'NONE',  ( -1.000000000000000000, 0.000000000000000000, 0.000000000000000000 ) ) ;
#1660 = CIRCLE ( 'NONE', #327, 10.02500000000000568 ) ;
#1661 = DIRECTION ( 'NONE',  ( 0.000000000000000000, 0.000000000000000000, 1.000000000000000000 ) ) ;
#1662 = ORIENTED_EDGE ( 'NONE', *, *, #387, .F. ) ;
#1663 = CIRCLE ( 'NONE', #1065, 0.5000000000000004441 ) ;
#1664 = AXIS2_PLACEMENT_3D ( 'NONE', #2203, #2615, #880 ) ;
#1665 = CARTESIAN_POINT ( 'NONE',  ( -92.62510216959940124, 19.26634547477788217, 4.825343775674642899 ) ) ;
#1666 = EDGE_CURVE ( 'NONE', #2386, #1814, #2819, .T. ) ;
#1667 = DIRECTION ( 'NONE',  ( 0.000000000000000000, 0.000000000000000000, 1.000000000000000000 ) ) ;
#1668 = AXIS2_PLACEMENT_3D ( 'NONE', #651, #876, #1062 ) ;
#1669 = ORIENTED_EDGE ( 'NONE', *, *, #259, .F. ) ;
#1670 = CARTESIAN_POINT ( 'NONE',  ( -82.54016915737585691, 18.75759895301941782, 5.000000000000000888 ) ) ;
#1671 = CARTESIAN_POINT ( 'NONE',  ( 97.29000000000002046, 0.000000000000000000, -4.500000000000000888 ) ) ;
#1672 = DIRECTION ( 'NONE',  ( 0.000000000000000000, 0.000000000000000000, 1.000000000000000000 ) ) ;
#1673 = DIRECTION ( 'NONE',  ( -0.000000000000000000, -0.000000000000000000, 1.000000000000000000 ) ) ;
#1674 = CARTESIAN_POINT ( 'NONE',  ( 100.7900000000000205, 0.000000000000000000, 34.00000000000000000 ) ) ;
#1675 = CARTESIAN_POINT ( 'NONE',  ( 93.79000000000002046, -7.000000000000000000, 33.50000000000000000 ) ) ;
#1676 = CARTESIAN_POINT ( 'NONE',  ( 100.7900000000000205, 0.000000000000000000, -1.999999999999997335 ) ) ;
#1677 = ADVANCED_FACE ( 'NONE', ( #2564 ), #139, .T. ) ;
#1678 = ORIENTED_EDGE ( 'NONE', *, *, #1979, .T. ) ;
#1679 = DIRECTION ( 'NONE',  ( 1.000000000000000000, 8.881784197001256268E-16, 0.000000000000000000 ) ) ;
#1680 = CARTESIAN_POINT ( 'NONE',  ( -93.79000000000000625, 0.000000000000000000, 5.500000000000000000 ) ) ;
#1681 = ORIENTED_EDGE ( 'NONE', *, *, #73, .F. ) ;
#1682 = CARTESIAN_POINT ( 'NONE',  ( 93.79000000000000625, 0.000000000000000000, 5.146446609406726935 ) ) ;
#1683 = CARTESIAN_POINT ( 'NONE',  ( 93.79000000000000625, 0.000000000000000000, 34.00000000000000000 ) ) ;
#1684 = DIRECTION ( 'NONE',  ( -1.000000000000000000, 0.000000000000000000, 0.000000000000000000 ) ) ;
#1685 = DIRECTION ( 'NONE',  ( -0.000000000000000000, -0.000000000000000000, 1.000000000000000000 ) ) ;
#1686 = VERTEX_POINT ( 'NONE', #660 ) ;
#1687 = DIRECTION ( 'NONE',  ( -0.000000000000000000, -0.000000000000000000, -1.000000000000000000 ) ) ;
#1688 = AXIS2_PLACEMENT_3D ( 'NONE', #2262, #2039, #63 ) ;
#1689 = LINE ( 'NONE', #2580, #2592 ) ;
#1690 = VECTOR ( 'NONE', #2481, 1000.000000000000000 ) ;
#1691 = ORIENTED_EDGE ( 'NONE', *, *, #1271, .F. ) ;
#1692 = AXIS2_PLACEMENT_3D ( 'NONE', #2300, #539, #1236 ) ;
#1693 = AXIS2_PLACEMENT_3D ( 'NONE', #799, #1723, #2806 ) ;
#1694 = ADVANCED_FACE ( 'NONE', ( #1071 ), #840, .F. ) ;
#1695 = CARTESIAN_POINT ( 'NONE',  ( 85.18999999999999773, -8.572527594031484037E-16, -1.999999999999997780 ) ) ;
#1696 = VERTEX_POINT ( 'NONE', #61 ) ;
#1697 = FACE_OUTER_BOUND ( 'NONE', #2215, .T. ) ;
#1698 = CARTESIAN_POINT ( 'NONE',  ( -104.0813429510899368, -6.750000000000006217, -4.500000000000000888 ) ) ;
#1699 = DIRECTION ( 'NONE',  ( 0.9999181465103560429, 0.01279454099584183616, -0.000000000000000000 ) ) ;
#1700 = CARTESIAN_POINT ( 'NONE',  ( 100.7900000000000205, 0.000000000000000000, -4.500000000000000888 ) ) ;
#1701 = EDGE_LOOP ( 'NONE', ( #1452, #1421 ) ) ;
#1702 = DIRECTION ( 'NONE',  ( -0.000000000000000000, -0.000000000000000000, 1.000000000000000000 ) ) ;
#1703 = DIRECTION ( 'NONE',  ( 1.000000000000000000, 0.000000000000000000, 0.000000000000000000 ) ) ;
#1704 = VERTEX_POINT ( 'NONE', #1616 ) ;
#1705 = AXIS2_PLACEMENT_3D ( 'NONE', #1475, #2372, #796 ) ;
#1706 = CIRCLE ( 'NONE', #465, 19.40000000000000213 ) ;
#1707 = CIRCLE ( 'NONE', #925, 0.5000000000000004441 ) ;
#1708 = CARTESIAN_POINT ( 'NONE',  ( 100.7900000000000205, 0.000000000000000000, 33.50000000000000000 ) ) ;
#1709 = VERTEX_POINT ( 'NONE', #262 ) ;
#1710 = CIRCLE ( 'NONE', #2728, 2.099999999999990763 ) ;
#1711 = DIRECTION ( 'NONE',  ( 1.000000000000000000, 0.000000000000000000, 0.000000000000000000 ) ) ;
#1712 = DIRECTION ( 'NONE',  ( -0.000000000000000000, -0.000000000000000000, -1.000000000000000000 ) ) ;
#1713 = TOROIDAL_SURFACE ( 'NONE', #929, 2.099999999999997424, 0.5000000000000000000 ) ;
#1714 = VERTEX_POINT ( 'NONE', #907 ) ;
#1715 = FACE_OUTER_BOUND ( 'NONE', #2605, .T. ) ;
#1716 = EDGE_CURVE ( 'NONE', #2773, #2736, #2461, .T. ) ;
#1717 = LINE ( 'NONE', #2603, #928 ) ;
#1718 = CARTESIAN_POINT ( 'NONE',  ( 92.39000000000002899, -7.000000000000000000, 33.50000000000000000 ) ) ;
#1719 = ORIENTED_EDGE ( 'NONE', *, *, #2741, .T. ) ;
#1720 = CARTESIAN_POINT ( 'NONE',  ( -89.61317493551038638, -18.28262826621762827, 5.499999999804930262 ) ) ;
#1721 = DIRECTION ( 'NONE',  ( 0.01279454099584188993, 0.9999181465103560429, 0.000000000000000000 ) ) ;
#1722 = VERTEX_POINT ( 'NONE', #940 ) ;
#1723 = DIRECTION ( 'NONE',  ( 0.000000000000000000, -1.000000000000000000, 0.000000000000000000 ) ) ;
#1724 = EDGE_LOOP ( 'NONE', ( #170, #2758 ) ) ;
#1725 = LINE ( 'NONE', #204, #641 ) ;
#1726 = CARTESIAN_POINT ( 'NONE',  ( -105.4813429510899283, -6.750000000000006217, 4.500000000000001776 ) ) ;
#1727 = DIRECTION ( 'NONE',  ( 0.9999181465103561539, 0.01279454099584189167, -0.000000000000000000 ) ) ;
#1728 = DIRECTION ( 'NONE',  ( -0.000000000000000000, -0.000000000000000000, -1.000000000000000000 ) ) ;
#1729 = EDGE_CURVE ( 'NONE', #1430, #2463, #1299, .T. ) ;
#1730 = DIRECTION ( 'NONE',  ( 1.000000000000000000, 0.000000000000000000, 0.000000000000000000 ) ) ;
#1731 = LINE ( 'NONE', #518, #2822 ) ;
#1732 = ADVANCED_FACE ( 'NONE', ( #1818 ), #88, .F. ) ;
#1733 = ORIENTED_EDGE ( 'NONE', *, *, #294, .F. ) ;
#1734 = CARTESIAN_POINT ( 'NONE',  ( -87.24162251595254247, -18.99117907946625294, 4.969420603174955708 ) ) ;
#1735 = ORIENTED_EDGE ( 'NONE', *, *, #2249, .T. ) ;
#1736 = CARTESIAN_POINT ( 'NONE',  ( 90.79000000000000625, -8.572527594031484037E-16, -5.000000000000000888 ) ) ;
#1737 = VERTEX_POINT ( 'NONE', #714 ) ;
#1738 = AXIS2_PLACEMENT_3D ( 'NONE', #1914, #1644, #1442 ) ;
#1739 = AXIS2_PLACEMENT_3D ( 'NONE', #1680, #119, #1016 ) ;
#1740 = DIRECTION ( 'NONE',  ( -0.000000000000000000, -0.000000000000000000, -1.000000000000000000 ) ) ;
#1741 = DIRECTION ( 'NONE',  ( -0.000000000000000000, -0.000000000000000000, -1.000000000000000000 ) ) ;
#1742 = ORIENTED_EDGE ( 'NONE', *, *, #1127, .T. ) ;
#1743 = CARTESIAN_POINT ( 'NONE',  ( 107.4971067811865453, 0.000000000000000000, 4.999999999999999112 ) ) ;
#1744 = EDGE_CURVE ( 'NONE', #638, #1096, #1388, .T. ) ;
#1745 = DIRECTION ( 'NONE',  ( -0.000000000000000000, -0.000000000000000000, -1.000000000000000000 ) ) ;
#1746 = ORIENTED_EDGE ( 'NONE', *, *, #2067, .F. ) ;
#1747 = CARTESIAN_POINT ( 'NONE',  ( -93.79000000000000625, 0.000000000000000000, 4.500000000000001776 ) ) ;
#1748 = VERTEX_POINT ( 'NONE', #1832 ) ;
#1749 = CIRCLE ( 'NONE', #1058, 3.500000000000003109 ) ;
#1750 = DIRECTION ( 'NONE',  ( -0.000000000000000000, -0.000000000000000000, -1.000000000000000000 ) ) ;
#1751 = VERTEX_POINT ( 'NONE', #292 ) ;
#1752 = AXIS2_PLACEMENT_3D ( 'NONE', #348, #2099, #1433 ) ;
#1753 = VECTOR ( 'NONE', #1888, 1000.000000000000000 ) ;
#1754 = DIRECTION ( 'NONE',  ( -1.000000000000000000, 0.000000000000000000, 0.000000000000000000 ) ) ;
#1755 = CYLINDRICAL_SURFACE ( 'NONE', #1304, 10.02500000000000568 ) ;
#1756 = DIRECTION ( 'NONE',  ( -0.000000000000000000, -0.000000000000000000, -1.000000000000000000 ) ) ;
#1757 = VERTEX_POINT ( 'NONE', #966 ) ;
#1758 = VERTEX_POINT ( 'NONE', #1843 ) ;
#1759 = AXIS2_PLACEMENT_3D ( 'NONE', #72, #2243, #728 ) ;
#1760 = DIRECTION ( 'NONE',  ( 0.9999181465103564870, 0.01279454099581196075, -4.536462042699452659E-14 ) ) ;
#1761 = CIRCLE ( 'NONE', #646, 0.5000000000000004441 ) ;
#1762 = CARTESIAN_POINT ( 'NONE',  ( -91.30338495824166500, -19.22165192681060475, 4.855325718301356730 ) ) ;
#1763 = ORIENTED_EDGE ( 'NONE', *, *, #1015, .F. ) ;
#1764 = EDGE_CURVE ( 'NONE', #1130, #2723, #510, .T. ) ;
#1765 = ORIENTED_EDGE ( 'NONE', *, *, #1311, .F. ) ;
#1766 = EDGE_CURVE ( 'NONE', #1087, #1381, #2133, .T. ) ;
#1767 = CYLINDRICAL_SURFACE ( 'NONE', #445, 1.399999999999998579 ) ;
#1768 = CARTESIAN_POINT ( 'NONE',  ( 93.79000000000002046, -7.000000000000000000, -4.500000000000003553 ) ) ;
#1769 = EDGE_LOOP ( 'NONE', ( #1872, #2010, #2488, #439 ) ) ;
#1770 = ORIENTED_EDGE ( 'NONE', *, *, #2144, .F. ) ;
#1771 = CARTESIAN_POINT ( 'NONE',  ( -93.23766400218589467, 19.27418356392977117, 4.825343775561017345 ) ) ;
#1772 = CARTESIAN_POINT ( 'NONE',  ( -82.09865704891009841, -6.750000000000006217, -5.000000000000000000 ) ) ;
#1773 = DIRECTION ( 'NONE',  ( 1.000000000000000000, 0.000000000000000000, 0.000000000000000000 ) ) ;
#1774 = CARTESIAN_POINT ( 'NONE',  ( -90.83253256473730630, -19.20224619773861363, 4.868094934818826047 ) ) ;
#1775 = ORIENTED_EDGE ( 'NONE', *, *, #1181, .F. ) ;
#1776 = ORIENTED_EDGE ( 'NONE', *, *, #806, .F. ) ;
#1777 = ADVANCED_FACE ( 'NONE', ( #276 ), #1386, .F. ) ;
#1778 = DIRECTION ( 'NONE',  ( 0.000000000000000000, 0.000000000000000000, 1.000000000000000000 ) ) ;
#1779 = DIRECTION ( 'NONE',  ( 0.000000000000000000, 0.000000000000000000, 1.000000000000000000 ) ) ;
#1780 = VERTEX_POINT ( 'NONE', #951 ) ;
#1781 = CIRCLE ( 'NONE', #1231, 13.35355339059325708 ) ;
#1782 = EDGE_LOOP ( 'NONE', ( #39, #2268, #552, #1932 ) ) ;
#1783 = CIRCLE ( 'NONE', #2574, 1.399999999999998579 ) ;
#1784 = EDGE_CURVE ( 'NONE', #1314, #1054, #1660, .T. ) ;
#1785 = CIRCLE ( 'NONE', #2709, 0.5000000000000004441 ) ;
#1786 = CARTESIAN_POINT ( 'NONE',  ( -90.83260599648734512, 19.20224922045452232, 4.868092945617876310 ) ) ;
#1787 = AXIS2_PLACEMENT_3D ( 'NONE', #846, #1031, #998 ) ;
#1788 = DIRECTION ( 'NONE',  ( -1.000000000000000000, 0.000000000000000000, 0.000000000000000000 ) ) ;
#1789 = CARTESIAN_POINT ( 'NONE',  ( -105.4813429510899283, -6.750000000000006217, 4.500000000000001776 ) ) ;
#1790 = CARTESIAN_POINT ( 'NONE',  ( -103.5813429510899368, -6.750000000000006217, 4.500000000000001776 ) ) ;
#1791 = CARTESIAN_POINT ( 'NONE',  ( 104.7900000000000205, 0.000000000000000000, -4.500000000000000888 ) ) ;
#1792 = ORIENTED_EDGE ( 'NONE', *, *, #264, .F. ) ;
#1793 = CARTESIAN_POINT ( 'NONE',  ( -91.89000000000001478, 13.50000000000000000, 5.000000000000000888 ) ) ;
#1794 = CARTESIAN_POINT ( 'NONE',  ( 99.19000000000001194, 0.000000000000000000, -1.999999999999997780 ) ) ;
#1795 = ORIENTED_EDGE ( 'NONE', *, *, #2415, .T. ) ;
#1796 = ORIENTED_EDGE ( 'NONE', *, *, #412, .T. ) ;
#1797 = CIRCLE ( 'NONE', #235, 1.399999999999998579 ) ;
#1798 = AXIS2_PLACEMENT_3D ( 'NONE', #1584, #2021, #481 ) ;
#1799 = CARTESIAN_POINT ( 'NONE',  ( -91.43715068810082869, 18.60255381936475416, 5.500000000046467719 ) ) ;
#1800 = FACE_BOUND ( 'NONE', #2666, .T. ) ;
#1801 = AXIS2_PLACEMENT_3D ( 'NONE', #2494, #924, #2036 ) ;
#1802 = ADVANCED_FACE ( 'NONE', ( #2469 ), #2322, .T. ) ;
#1803 = AXIS2_PLACEMENT_3D ( 'NONE', #255, #1779, #2665 ) ;
#1804 = CARTESIAN_POINT ( 'NONE',  ( -95.19000000000001194, 13.50000000000000000, 4.500000000000001776 ) ) ;
#1805 = EDGE_CURVE ( 'NONE', #709, #456, #1428, .T. ) ;
#1806 = CIRCLE ( 'NONE', #2639, 9.999999999999998224 ) ;
#1807 = ADVANCED_FACE ( 'NONE', ( #478 ), #4, .T. ) ;
#1808 = DIRECTION ( 'NONE',  ( 1.000000000000000000, 8.881784197001249365E-16, 0.000000000000000000 ) ) ;
#1809 = AXIS2_PLACEMENT_3D ( 'NONE', #122, #1002, #527 ) ;
#1810 = CARTESIAN_POINT ( 'NONE',  ( 84.26500000000000057, 0.000000000000000000, 34.00000000000000000 ) ) ;
#1811 = DIRECTION ( 'NONE',  ( -1.000000000000000000, 0.000000000000000000, 0.000000000000000000 ) ) ;
#1812 = ORIENTED_EDGE ( 'NONE', *, *, #1729, .T. ) ;
#1813 = CARTESIAN_POINT ( 'NONE',  ( 94.29000000000000625, 0.000000000000000000, -4.500000000000000888 ) ) ;
#1814 = VERTEX_POINT ( 'NONE', #2018 ) ;
#1815 = VERTEX_POINT ( 'NONE', #2260 ) ;
#1816 = CARTESIAN_POINT ( 'NONE',  ( -92.93186409435411122, 19.26869421161646656, 4.827203640655618244 ) ) ;
#1817 = CARTESIAN_POINT ( 'NONE',  ( 90.29000000000000625, -4.286263797015743990E-16, -4.999999999999997335 ) ) ;
#1818 = FACE_OUTER_BOUND ( 'NONE', #2147, .T. ) ;
#1819 = DIRECTION ( 'NONE',  ( 0.000000000000000000, 0.000000000000000000, 1.000000000000000000 ) ) ;
#1820 = CARTESIAN_POINT ( 'NONE',  ( -112.5400000000000347, 2.296212748401289155E-15, 5.500000000000000000 ) ) ;
#1821 = EDGE_LOOP ( 'NONE', ( #272, #2810, #409, #421 ) ) ;
#1822 = CARTESIAN_POINT ( 'NONE',  ( -82.09865704891009841, -6.750000000000006217, -4.500000000000000888 ) ) ;
#1823 = FACE_OUTER_BOUND ( 'NONE', #1566, .T. ) ;
#1824 = ORIENTED_EDGE ( 'NONE', *, *, #1575, .T. ) ;
#1825 = VERTEX_POINT ( 'NONE', #1152 ) ;
#1826 = DIRECTION ( 'NONE',  ( -1.000000000000000000, 0.000000000000000000, 0.000000000000000000 ) ) ;
#1827 = FACE_OUTER_BOUND ( 'NONE', #800, .T. ) ;
#1828 = TOROIDAL_SURFACE ( 'NONE', #577, 13.70710678118653192, 0.5000000000000000000 ) ;
#1829 = AXIS2_PLACEMENT_3D ( 'NONE', #967, #543, #2731 ) ;
#1830 = CIRCLE ( 'NONE', #2210, 13.35355339059325708 ) ;
#1831 = CIRCLE ( 'NONE', #84, 1.899999999999999023 ) ;
#1832 = CARTESIAN_POINT ( 'NONE',  ( 94.00750719692932478, -16.99860849067604462, -4.500000000000000888 ) ) ;
#1833 = DIRECTION ( 'NONE',  ( 0.000000000000000000, 0.000000000000000000, 1.000000000000000000 ) ) ;
#1834 = EDGE_CURVE ( 'NONE', #2523, #1939, #468, .T. ) ;
#1835 = DIRECTION ( 'NONE',  ( 0.000000000000000000, 0.000000000000000000, 1.000000000000000000 ) ) ;
#1836 = AXIS2_PLACEMENT_3D ( 'NONE', #1137, #2608, #2002 ) ;
#1837 = VERTEX_POINT ( 'NONE', #772 ) ;
#1838 = CARTESIAN_POINT ( 'NONE',  ( 110.2900000000000205, 0.000000000000000000, 4.500000000000001776 ) ) ;
#1839 = VERTEX_POINT ( 'NONE', #792 ) ;
#1840 = ORIENTED_EDGE ( 'NONE', *, *, #326, .T. ) ;
#1841 = DIRECTION ( 'NONE',  ( 0.000000000000000000, -1.000000000000000000, 0.000000000000000000 ) ) ;
#1842 = DIRECTION ( 'NONE',  ( 0.000000000000000000, -1.000000000000000000, 0.000000000000000000 ) ) ;
#1843 = CARTESIAN_POINT ( 'NONE',  ( 94.29000000000000625, 0.000000000000000000, 5.000000000000000000 ) ) ;
#1844 = AXIS2_PLACEMENT_3D ( 'NONE', #2719, #252, #1811 ) ;
#1845 = AXIS2_PLACEMENT_3D ( 'NONE', #99, #1673, #2754 ) ;
#1846 = AXIS2_PLACEMENT_3D ( 'NONE', #2812, #2859, #670 ) ;
#1847 = DIRECTION ( 'NONE',  ( 1.000000000000000000, 0.000000000000000000, 0.000000000000000000 ) ) ;
#1848 = DIRECTION ( 'NONE',  ( 1.000000000000000000, 0.000000000000000000, 0.000000000000000000 ) ) ;
#1849 = ORIENTED_EDGE ( 'NONE', *, *, #105, .T. ) ;
#1850 = ADVANCED_FACE ( 'NONE', ( #1879 ), #2533, .F. ) ;
#1851 = CARTESIAN_POINT ( 'NONE',  ( 95.19000000000002615, -7.000000000000000000, -4.500000000000003553 ) ) ;
#1852 = ORIENTED_EDGE ( 'NONE', *, *, #1100, .T. ) ;
#1853 = ORIENTED_EDGE ( 'NONE', *, *, #2668, .F. ) ;
#1854 = CARTESIAN_POINT ( 'NONE',  ( -85.74589375439001060, 18.02817016024581775, 5.132531027018758962 ) ) ;
#1855 = CARTESIAN_POINT ( 'NONE',  ( -93.54178590468067966, 19.39841204230091165, 4.500000000000001776 ) ) ;
#1856 = ADVANCED_FACE ( 'NONE', ( #2742 ), #2371, .T. ) ;
#1857 = CARTESIAN_POINT ( 'NONE',  ( 93.79000000000000625, 7.000000000000000000, 33.50000000000000000 ) ) ;
#1858 = CARTESIAN_POINT ( 'NONE',  ( -95.19000000000001194, 13.50000000000000000, -5.000000000000000000 ) ) ;
#1859 = CARTESIAN_POINT ( 'NONE',  ( -93.79000000000000625, 0.000000000000000000, -4.500000000000000888 ) ) ;
#1860 = DIRECTION ( 'NONE',  ( 1.000000000000000000, 0.000000000000000000, 0.000000000000000000 ) ) ;
#1861 = ORIENTED_EDGE ( 'NONE', *, *, #2703, .F. ) ;
#1862 = CARTESIAN_POINT ( 'NONE',  ( 93.79000000000000625, 0.000000000000000000, -5.000000000000000000 ) ) ;
#1863 = EDGE_LOOP ( 'NONE', ( #1978, #2497, #862, #474 ) ) ;
#1864 = VERTEX_POINT ( 'NONE', #2767 ) ;
#1865 = EDGE_CURVE ( 'NONE', #2295, #2426, #2082, .T. ) ;
#1866 = CARTESIAN_POINT ( 'NONE',  ( -84.14618525770987389, 16.07978038458202263, 5.500000000000020428 ) ) ;
#1867 = CARTESIAN_POINT ( 'NONE',  ( 94.00750719692932478, -16.99860849067604462, -5.000000000000000000 ) ) ;
#1868 = AXIS2_PLACEMENT_3D ( 'NONE', #1510, #2586, #1754 ) ;
#1869 = AXIS2_PLACEMENT_3D ( 'NONE', #263, #1833, #2716 ) ;
#1870 = CARTESIAN_POINT ( 'NONE',  ( -83.49865704891010409, -6.750000000000006217, -5.000000000000000000 ) ) ;
#1871 = DIRECTION ( 'NONE',  ( -0.000000000000000000, -0.000000000000000000, -1.000000000000000000 ) ) ;
#1872 = ORIENTED_EDGE ( 'NONE', *, *, #198, .F. ) ;
#1873 = DIRECTION ( 'NONE',  ( -0.000000000000000000, -0.000000000000000000, -1.000000000000000000 ) ) ;
#1874 = CARTESIAN_POINT ( 'NONE',  ( 100.7900000000000205, 0.000000000000000000, 34.00000000000000000 ) ) ;
#1875 = VERTEX_POINT ( 'NONE', #2546 ) ;
#1876 = CARTESIAN_POINT ( 'NONE',  ( -83.36376715754715860, 17.38435866151306186, 5.000000000000015987 ) ) ;
#1877 = DIRECTION ( 'NONE',  ( -0.9999181465103561539, 0.01279454099584189167, -8.877996251933849796E-17 ) ) ;
#1878 = DIRECTION ( 'NONE',  ( -0.000000000000000000, -0.000000000000000000, -1.000000000000000000 ) ) ;
#1879 = FACE_OUTER_BOUND ( 'NONE', #1518, .T. ) ;
#1880 = ADVANCED_FACE ( 'NONE', ( #2797 ), #2561, .F. ) ;
#1881 = DIRECTION ( 'NONE',  ( -0.000000000000000000, -0.000000000000000000, -1.000000000000000000 ) ) ;
#1882 = EDGE_CURVE ( 'NONE', #1146, #454, #417, .T. ) ;
#1883 = AXIS2_PLACEMENT_3D ( 'NONE', #679, #933, #2238 ) ;
#1884 = AXIS2_PLACEMENT_3D ( 'NONE', #2614, #2404, #77 ) ;
#1885 = EDGE_CURVE ( 'NONE', #2426, #2295, #2225, .T. ) ;
#1886 = DIRECTION ( 'NONE',  ( 0.01279454099584188993, -0.9999181465103560429, 0.000000000000000000 ) ) ;
#1887 = AXIS2_PLACEMENT_3D ( 'NONE', #599, #1038, #1639 ) ;
#1888 = DIRECTION ( 'NONE',  ( 0.000000000000000000, 0.000000000000000000, 1.000000000000000000 ) ) ;
#1889 = ORIENTED_EDGE ( 'NONE', *, *, #1003, .T. ) ;
#1890 = AXIS2_PLACEMENT_3D ( 'NONE', #1281, #183, #2401 ) ;
#1891 = AXIS2_PLACEMENT_3D ( 'NONE', #636, #1092, #1302 ) ;
#1892 = CARTESIAN_POINT ( 'NONE',  ( -88.95741067645579392, -19.10118519287906125, 4.929372393561642696 ) ) ;
#1893 = CARTESIAN_POINT ( 'NONE',  ( 82.79000000000000625, -3.673940397442066771E-16, -4.500000000000000888 ) ) ;
#1894 = AXIS2_PLACEMENT_3D ( 'NONE', #2335, #1410, #2543 ) ;
#1895 = EDGE_LOOP ( 'NONE', ( #1175, #706, #57, #2475 ) ) ;
#1896 = CARTESIAN_POINT ( 'NONE',  ( -93.79000000000000625, 0.000000000000000000, 11.33221928917632404 ) ) ;
#1897 = DIRECTION ( 'NONE',  ( -0.000000000000000000, -0.000000000000000000, -1.000000000000000000 ) ) ;
#1898 = DIRECTION ( 'NONE',  ( 0.000000000000000000, 0.000000000000000000, 1.000000000000000000 ) ) ;
#1899 = ORIENTED_EDGE ( 'NONE', *, *, #1128, .F. ) ;
#1900 = FACE_BOUND ( 'NONE', #2263, .T. ) ;
#1901 = ADVANCED_FACE ( 'NONE', ( #1194 ), #2594, .T. ) ;
#1902 = EDGE_CURVE ( 'NONE', #653, #2299, #2032, .T. ) ;
#1903 = DIRECTION ( 'NONE',  ( -0.000000000000000000, -0.000000000000000000, -1.000000000000000000 ) ) ;
#1904 = FACE_BOUND ( 'NONE', #1354, .T. ) ;
#1905 = VERTEX_POINT ( 'NONE', #2323 ) ;
#1906 = CARTESIAN_POINT ( 'NONE',  ( 83.76500000000000057, 0.000000000000000000, 5.000000000000000000 ) ) ;
#1907 = DIRECTION ( 'NONE',  ( 1.224646799147353207E-16, 1.000000000000000000, -0.000000000000000000 ) ) ;
#1908 = ORIENTED_EDGE ( 'NONE', *, *, #199, .T. ) ;
#1909 = DIRECTION ( 'NONE',  ( 1.224646799147353207E-16, 1.000000000000000000, -0.000000000000000000 ) ) ;
#1910 = PRESENTATION_STYLE_ASSIGNMENT (( #2751 ) ) ;
#1911 = VERTEX_POINT ( 'NONE', #1439 ) ;
#1912 = DIRECTION ( 'NONE',  ( 0.000000000000000000, 0.000000000000000000, 1.000000000000000000 ) ) ;
#1913 = VERTEX_POINT ( 'NONE', #804 ) ;
#1914 = CARTESIAN_POINT ( 'NONE',  ( 93.79000000000000625, 0.000000000000000000, 4.500000000000001776 ) ) ;
#1915 = TOROIDAL_SURFACE ( 'NONE', #1688, 21.87249899919929064, 10.00000000000000000 ) ;
#1916 = FACE_OUTER_BOUND ( 'NONE', #1380, .T. ) ;
#1917 = AXIS2_PLACEMENT_3D ( 'NONE', #2674, #408, #704 ) ;
#1918 = EDGE_LOOP ( 'NONE', ( #397, #242 ) ) ;
#1919 = CIRCLE ( 'NONE', #908, 0.5000000000000004441 ) ;
#1920 = CIRCLE ( 'NONE', #2354, 4.000000000000003553 ) ;
#1921 = EDGE_CURVE ( 'NONE', #1748, #917, #1225, .T. ) ;
#1922 = DIRECTION ( 'NONE',  ( -1.000000000000000000, 0.000000000000000000, 0.000000000000000000 ) ) ;
#1923 = ORIENTED_EDGE ( 'NONE', *, *, #1015, .T. ) ;
#1924 = DIRECTION ( 'NONE',  ( 0.000000000000000000, 0.000000000000000000, 1.000000000000000000 ) ) ;
#1925 = CARTESIAN_POINT ( 'NONE',  ( -105.4813429510899283, -6.750000000000006217, -4.500000000000000888 ) ) ;
#1926 = ORIENTED_EDGE ( 'NONE', *, *, #625, .T. ) ;
#1927 = CYLINDRICAL_SURFACE ( 'NONE', #976, 17.00000000000001421 ) ;
#1928 = ORIENTED_EDGE ( 'NONE', *, *, #2017, .T. ) ;
#1929 = CARTESIAN_POINT ( 'NONE',  ( -92.93184202897040791, -19.26869379831421725, 4.827203794745514642 ) ) ;
#1930 = CARTESIAN_POINT ( 'NONE',  ( 88.89000000000000057, -6.000769315822037642E-16, 34.00000000000000000 ) ) ;
#1931 = AXIS2_PLACEMENT_3D ( 'NONE', #1986, #254, #1118 ) ;
#1932 = ORIENTED_EDGE ( 'NONE', *, *, #1488, .F. ) ;
#1933 = AXIS2_PLACEMENT_3D ( 'NONE', #1676, #2085, #559 ) ;
#1934 = ADVANCED_FACE ( 'NONE', ( #360 ), #2766, .T. ) ;
#1935 = AXIS2_PLACEMENT_3D ( 'NONE', #1592, #2480, #490 ) ;
#1936 = ADVANCED_FACE ( 'NONE', ( #1472 ), #281, .F. ) ;
#1937 = CIRCLE ( 'NONE', #2416, 0.5000000000000004441 ) ;
#1938 = DIRECTION ( 'NONE',  ( -1.000000000000000000, 0.000000000000000000, 0.000000000000000000 ) ) ;
#1939 = VERTEX_POINT ( 'NONE', #2146 ) ;
#1940 = CIRCLE ( 'NONE', #1620, 10.00000000000000355 ) ;
#1941 = EDGE_CURVE ( 'NONE', #1704, #2426, #2336, .T. ) ;
#1942 = ADVANCED_FACE ( 'NONE', ( #345 ), #2137, .T. ) ;
#1943 = CARTESIAN_POINT ( 'NONE',  ( 80.08289321881348144, 1.678636444515107561E-15, 4.999999999999999112 ) ) ;
#1944 = CARTESIAN_POINT ( 'NONE',  ( -93.79000000000000625, 13.50000000000000000, -4.500000000000000888 ) ) ;
#1945 = AXIS2_PLACEMENT_3D ( 'NONE', #488, #1340, #60 ) ;
#1946 = CARTESIAN_POINT ( 'NONE',  ( -83.49865704891010409, -6.750000000000006217, 4.500000000000001776 ) ) ;
#1947 = DIRECTION ( 'NONE',  ( 0.000000000000000000, 0.000000000000000000, 1.000000000000000000 ) ) ;
#1948 = DIRECTION ( 'NONE',  ( -0.000000000000000000, -0.000000000000000000, -1.000000000000000000 ) ) ;
#1949 = ORIENTED_EDGE ( 'NONE', *, *, #1218, .T. ) ;
#1950 = CARTESIAN_POINT ( 'NONE',  ( -89.95209615483638288, -18.35610091729352078, 5.500000000076541440 ) ) ;
#1951 = ORIENTED_EDGE ( 'NONE', *, *, #1563, .F. ) ;
#1952 = CARTESIAN_POINT ( 'NONE',  ( 93.79000000000000625, 7.000000000000000000, 33.50000000000000000 ) ) ;
#1953 = EDGE_LOOP ( 'NONE', ( #1363, #948, #2237, #618 ) ) ;
#1954 = FACE_OUTER_BOUND ( 'NONE', #824, .T. ) ;
#1955 = CARTESIAN_POINT ( 'NONE',  ( 93.79000000000002046, -7.000000000000000000, -4.500000000000003553 ) ) ;
#1956 = EDGE_LOOP ( 'NONE', ( #2175, #1597 ) ) ;
#1957 = DIRECTION ( 'NONE',  ( 0.000000000000000000, 0.000000000000000000, 1.000000000000000000 ) ) ;
#1958 = ORIENTED_EDGE ( 'NONE', *, *, #317, .T. ) ;
#1959 = CARTESIAN_POINT ( 'NONE',  ( -92.53314095887922974, -18.97132484959582399, 5.153304445055591820 ) ) ;
#1960 = ORIENTED_EDGE ( 'NONE', *, *, #1259, .T. ) ;
#1961 = EDGE_CURVE ( 'NONE', #94, #600, #1940, .T. ) ;
#1962 = AXIS2_PLACEMENT_3D ( 'NONE', #2771, #1273, #2536 ) ;
#1963 = AXIS2_PLACEMENT_3D ( 'NONE', #1053, #2834, #1773 ) ;
#1964 = DIRECTION ( 'NONE',  ( 0.000000000000000000, 0.000000000000000000, 1.000000000000000000 ) ) ;
#1965 = ORIENTED_EDGE ( 'NONE', *, *, #743, .T. ) ;
#1966 = TOROIDAL_SURFACE ( 'NONE', #720, 1.900000000000002354, 0.5000000000000000000 ) ;
#1967 = CIRCLE ( 'NONE', #352, 0.5000000000000004441 ) ;
#1968 = CARTESIAN_POINT ( 'NONE',  ( -93.79000000000000625, 13.50000000000000000, 4.500000000000001776 ) ) ;
#1969 = DIRECTION ( 'NONE',  ( -1.000000000000000000, -1.224646799147353454E-16, 0.000000000000000000 ) ) ;
#1970 = ORIENTED_EDGE ( 'NONE', *, *, #1263, .T. ) ;
#1971 = ORIENTED_EDGE ( 'NONE', *, *, #90, .T. ) ;
#1972 = ORIENTED_EDGE ( 'NONE', *, *, #750, .F. ) ;
#1973 = EDGE_CURVE ( 'NONE', #655, #369, #1022, .T. ) ;
#1974 = CARTESIAN_POINT ( 'NONE',  ( 86.79000000000000625, -8.572527594031484037E-16, -4.500000000000000888 ) ) ;
#1975 = DIRECTION ( 'NONE',  ( 1.000000000000000000, 0.000000000000000000, 0.000000000000000000 ) ) ;
#1976 = ADVANCED_FACE ( 'NONE', ( #839 ), #1927, .T. ) ;
#1977 = CARTESIAN_POINT ( 'NONE',  ( -85.27995004984461502, -17.91584610721246307, 5.116817054698773681 ) ) ;
#1978 = ORIENTED_EDGE ( 'NONE', *, *, #2108, .F. ) ;
#1979 = EDGE_CURVE ( 'NONE', #1030, #1751, #1806, .T. ) ;
#1980 = EDGE_CURVE ( 'NONE', #1308, #456, #643, .T. ) ;
#1981 = DIRECTION ( 'NONE',  ( -0.000000000000000000, -0.000000000000000000, -1.000000000000000000 ) ) ;
#1982 = ORIENTED_EDGE ( 'NONE', *, *, #1882, .F. ) ;
#1983 = AXIS2_PLACEMENT_3D ( 'NONE', #1996, #21, #283 ) ;
#1984 = AXIS2_PLACEMENT_3D ( 'NONE', #1418, #530, #149 ) ;
#1985 = CARTESIAN_POINT ( 'NONE',  ( 100.7900000000000205, 0.000000000000000000, -4.500000000000000888 ) ) ;
#1986 = CARTESIAN_POINT ( 'NONE',  ( -93.79000000000000625, 0.000000000000000000, 5.500000000000000000 ) ) ;
#1987 = AXIS2_PLACEMENT_3D ( 'NONE', #2132, #1052, #2593 ) ;
#1988 = ORIENTED_EDGE ( 'NONE', *, *, #36, .T. ) ;
#1989 = AXIS2_PLACEMENT_3D ( 'NONE', #2602, #610, #1499 ) ;
#1990 = ORIENTED_EDGE ( 'NONE', *, *, #2825, .T. ) ;
#1991 = CARTESIAN_POINT ( 'NONE',  ( -91.22189035000694446, 18.88923486634529780, 5.160535051421465624 ) ) ;
#1992 = CARTESIAN_POINT ( 'NONE',  ( 86.79000000000000625, -8.572527594031484037E-16, -5.000000000000000000 ) ) ;
#1993 = CARTESIAN_POINT ( 'NONE',  ( -86.63988336905613608, -18.22710192518035655, 5.154602157031430210 ) ) ;
#1994 = ORIENTED_EDGE ( 'NONE', *, *, #1331, .T. ) ;
#1995 = ORIENTED_EDGE ( 'NONE', *, *, #158, .F. ) ;
#1996 = CARTESIAN_POINT ( 'NONE',  ( 94.00110992643139696, -16.49864941742086444, -4.500000000000000888 ) ) ;
#1997 = CARTESIAN_POINT ( 'NONE',  ( -94.79000000000000625, 1.224646799147352221E-16, -4.500000000000000888 ) ) ;
#1998 = VERTEX_POINT ( 'NONE', #1718 ) ;
#1999 = ORIENTED_EDGE ( 'NONE', *, *, #2064, .T. ) ;
#2000 = CARTESIAN_POINT ( 'NONE',  ( -93.02800671506967944, 18.98903209362930511, 5.151758167640708486 ) ) ;
#2001 = DIRECTION ( 'NONE',  ( -0.000000000000000000, -0.000000000000000000, -1.000000000000000000 ) ) ;
#2002 = DIRECTION ( 'NONE',  ( -1.000000000000000000, 0.000000000000000000, 0.000000000000000000 ) ) ;
#2003 = DIRECTION ( 'NONE',  ( -1.000000000000000000, 0.000000000000000000, 0.000000000000000000 ) ) ;
#2004 = EDGE_LOOP ( 'NONE', ( #1489, #2196, #1965, #2486 ) ) ;
#2005 = CARTESIAN_POINT ( 'NONE',  ( 93.79000000000002046, -7.000000000000000000, -4.500000000000003553 ) ) ;
#2006 = VERTEX_POINT ( 'NONE', #431 ) ;
#2007 = ADVANCED_FACE ( 'NONE', ( #2656 ), #1713, .T. ) ;
#2008 = DIRECTION ( 'NONE',  ( -0.000000000000000000, -0.000000000000000000, -1.000000000000000000 ) ) ;
#2009 = CARTESIAN_POINT ( 'NONE',  ( 93.29000000000000625, 6.123233995736736454E-17, 5.000000000000000000 ) ) ;
#2010 = ORIENTED_EDGE ( 'NONE', *, *, #2102, .F. ) ;
#2011 = AXIS2_PLACEMENT_3D ( 'NONE', #1726, #2377, #1467 ) ;
#2012 = EDGE_LOOP ( 'NONE', ( #2248, #741 ) ) ;
#2013 = AXIS2_PLACEMENT_3D ( 'NONE', #151, #1447, #2169 ) ;
#2014 = CARTESIAN_POINT ( 'NONE',  ( 93.79000000000000625, 0.000000000000000000, -5.000000000000000000 ) ) ;
#2015 = DIRECTION ( 'NONE',  ( -1.000000000000000000, 0.000000000000000000, 0.000000000000000000 ) ) ;
#2016 = CYLINDRICAL_SURFACE ( 'NONE', #364, 1.399999999999998579 ) ;
#2017 = EDGE_CURVE ( 'NONE', #2584, #1148, #1485, .T. ) ;
#2018 = CARTESIAN_POINT ( 'NONE',  ( -93.54178590468067966, -19.39841204230090810, -4.500000000000000888 ) ) ;
#2019 = DIRECTION ( 'NONE',  ( -0.9999181465103560429, 0.01279454099584170952, 0.000000000000000000 ) ) ;
#2020 = CARTESIAN_POINT ( 'NONE',  ( 91.89000000000001478, 7.000000000000000000, -4.500000000000003553 ) ) ;
#2021 = DIRECTION ( 'NONE',  ( -1.224646799147353207E-16, 1.000000000000000000, 0.000000000000000000 ) ) ;
#2022 = EDGE_LOOP ( 'NONE', ( #117, #1160, #1951, #197 ) ) ;
#2023 = DIRECTION ( 'NONE',  ( -1.000000000000000000, 0.000000000000000000, 0.000000000000000000 ) ) ;
#2024 = VERTEX_POINT ( 'NONE', #413 ) ;
#2025 = ORIENTED_EDGE ( 'NONE', *, *, #140, .T. ) ;
#2026 = ORIENTED_EDGE ( 'NONE', *, *, #26, .T. ) ;
#2027 = ADVANCED_FACE ( 'NONE', ( #854 ), #385, .F. ) ;
#2028 = CIRCLE ( 'NONE', #595, 0.5000000000000004441 ) ;
#2029 = AXIS2_PLACEMENT_3D ( 'NONE', #357, #803, #1684 ) ;
#2030 = CARTESIAN_POINT ( 'NONE',  ( -86.63895441423720456, 18.22690438265689039, 5.154583789894601864 ) ) ;
#2031 = FACE_OUTER_BOUND ( 'NONE', #24, .T. ) ;
#2032 = CIRCLE ( 'NONE', #784, 1.399999999999998579 ) ;
#2033 = CIRCLE ( 'NONE', #785, 1.899999999999999023 ) ;
#2034 = FACE_OUTER_BOUND ( 'NONE', #380, .T. ) ;
#2035 = CIRCLE ( 'NONE', #788, 3.500000000000003109 ) ;
#2036 = DIRECTION ( 'NONE',  ( 1.000000000000000000, 0.000000000000000000, 0.000000000000000000 ) ) ;
#2037 = AXIS2_PLACEMENT_3D ( 'NONE', #919, #1468, #2301 ) ;
#2038 = CARTESIAN_POINT ( 'NONE',  ( -80.69865704891010694, -6.750000000000006217, -5.000000000000000000 ) ) ;
#2039 = DIRECTION ( 'NONE',  ( 0.000000000000000000, 0.000000000000000000, 1.000000000000000000 ) ) ;
#2040 = LINE ( 'NONE', #1129, #2765 ) ;
#2041 = VERTEX_POINT ( 'NONE', #2843 ) ;
#2042 = CARTESIAN_POINT ( 'NONE',  ( -95.69000000000001194, 13.50000000000000000, 5.000000000000000888 ) ) ;
#2043 = ORIENTED_EDGE ( 'NONE', *, *, #2429, .T. ) ;
#2044 = ADVANCED_FACE ( 'NONE', ( #868 ), #377, .T. ) ;
#2045 = ORIENTED_EDGE ( 'NONE', *, *, #756, .T. ) ;
#2046 = DIRECTION ( 'NONE',  ( -0.000000000000000000, -0.000000000000000000, -1.000000000000000000 ) ) ;
#2047 = FACE_BOUND ( 'NONE', #1956, .T. ) ;
#2048 = CARTESIAN_POINT ( 'NONE',  ( -93.79000000000000625, 0.000000000000000000, -5.000000000000000000 ) ) ;
#2049 = DIRECTION ( 'NONE',  ( -1.000000000000000000, 0.000000000000000000, 0.000000000000000000 ) ) ;
#2050 = DIRECTION ( 'NONE',  ( 0.000000000000000000, 0.000000000000000000, 1.000000000000000000 ) ) ;
#2051 = ORIENTED_EDGE ( 'NONE', *, *, #1443, .T. ) ;
#2052 = APPLICATION_CONTEXT ( 'automotive_design' ) ;
#2053 = ADVANCED_FACE ( 'NONE', ( #2406 ), #1269, .F. ) ;
#2054 = LINE ( 'NONE', #1633, #2269 ) ;
#2055 = EDGE_LOOP ( 'NONE', ( #1366, #936, #1303, #92 ) ) ;
#2056 = ORIENTED_EDGE ( 'NONE', *, *, #750, .T. ) ;
#2057 = DIRECTION ( 'NONE',  ( 0.01279454099584188993, 0.9999181465103560429, 0.000000000000000000 ) ) ;
#2058 = FACE_BOUND ( 'NONE', #2541, .T. ) ;
#2059 = DIRECTION ( 'NONE',  ( 0.000000000000000000, 0.000000000000000000, 1.000000000000000000 ) ) ;
#2060 = TOROIDAL_SURFACE ( 'NONE', #265, 1.900000000000002354, 0.5000000000000000000 ) ;
#2061 = AXIS2_PLACEMENT_3D ( 'NONE', #628, #2195, #952 ) ;
#2062 = VECTOR ( 'NONE', #2558, 1000.000000000000000 ) ;
#2063 = CIRCLE ( 'NONE', #1787, 0.4999999999999993894 ) ;
#2064 = EDGE_CURVE ( 'NONE', #376, #54, #2419, .T. ) ;
#2065 = CARTESIAN_POINT ( 'NONE',  ( -83.57673975406146383, -18.80046389629482917, 4.999387600233506923 ) ) ;
#2066 = EDGE_CURVE ( 'NONE', #1709, #287, #55, .T. ) ;
#2067 = EDGE_CURVE ( 'NONE', #2523, #2676, #2174, .T. ) ;
#2068 = FACE_OUTER_BOUND ( 'NONE', #2344, .T. ) ;
#2069 = ORIENTED_EDGE ( 'NONE', *, *, #561, .F. ) ;
#2070 = ADVANCED_FACE ( 'NONE', ( #611 ), #443, .F. ) ;
#2071 = CARTESIAN_POINT ( 'NONE',  ( 95.19000000000001194, 7.000000000000000000, -4.500000000000003553 ) ) ;
#2072 = DIRECTION ( 'NONE',  ( 0.000000000000000000, -1.000000000000000000, 0.000000000000000000 ) ) ;
#2073 = ORIENTED_EDGE ( 'NONE', *, *, #404, .T. ) ;
#2074 = CARTESIAN_POINT ( 'NONE',  ( 88.39000000000001478, -8.572527594031484037E-16, -1.999999999999997335 ) ) ;
#2075 = FILL_AREA_STYLE_COLOUR ( '', #2682 ) ;
#2076 = CIRCLE ( 'NONE', #1014, 0.4999999999999993894 ) ;
#2077 = PRODUCT_DEFINITION_CONTEXT ( 'detailed design', #2052, 'design' ) ;
#2078 = CIRCLE ( 'NONE', #1426, 0.5000000000000004441 ) ;
#2079 = DIRECTION ( 'NONE',  ( -0.000000000000000000, -0.000000000000000000, -1.000000000000000000 ) ) ;
#2080 = TOROIDAL_SURFACE ( 'NONE', #1156, 4.000000000000003553, 0.5000000000000000000 ) ;
#2081 = DIRECTION ( 'NONE',  ( 1.000000000000000000, 0.000000000000000000, 0.000000000000000000 ) ) ;
#2082 = CIRCLE ( 'NONE', #1344, 3.500000000000003109 ) ;
#2083 = VECTOR ( 'NONE', #1050, 1000.000000000000000 ) ;
#2084 = DIRECTION ( 'NONE',  ( 0.000000000000000000, 0.000000000000000000, 1.000000000000000000 ) ) ;
#2085 = DIRECTION ( 'NONE',  ( -0.000000000000000000, -0.000000000000000000, -1.000000000000000000 ) ) ;
#2086 = ORIENTED_EDGE ( 'NONE', *, *, #444, .F. ) ;
#2087 = CARTESIAN_POINT ( 'NONE',  ( -88.95740440561883133, 19.10118478748626458, 4.929372587707693043 ) ) ;
#2088 = DIRECTION ( 'NONE',  ( 0.000000000000000000, 0.000000000000000000, 1.000000000000000000 ) ) ;
#2089 = ORIENTED_EDGE ( 'NONE', *, *, #1519, .F. ) ;
#2090 = DIRECTION ( 'NONE',  ( 0.000000000000000000, 0.000000000000000000, 1.000000000000000000 ) ) ;
#2091 = DIRECTION ( 'NONE',  ( -0.01279454099584188993, -0.9999181465103560429, 0.000000000000000000 ) ) ;
#2092 = FACE_OUTER_BOUND ( 'NONE', #2004, .T. ) ;
#2093 = DIRECTION ( 'NONE',  ( -0.000000000000000000, -0.000000000000000000, -1.000000000000000000 ) ) ;
#2094 = CARTESIAN_POINT ( 'NONE',  ( 94.00750719692932478, 16.99860849067606949, -5.000000000000000000 ) ) ;
#2095 = LINE ( 'NONE', #1040, #399 ) ;
#2096 = CARTESIAN_POINT ( 'NONE',  ( 93.79000000000000625, 0.000000000000000000, 5.000000000000000000 ) ) ;
#2097 = EDGE_LOOP ( 'NONE', ( #2170, #977, #56, #547 ) ) ;
#2098 = EDGE_CURVE ( 'NONE', #2462, #1837, #2228, .T. ) ;
#2099 = DIRECTION ( 'NONE',  ( -0.000000000000000000, 0.000000000000000000, -1.000000000000000000 ) ) ;
#2100 = CARTESIAN_POINT ( 'NONE',  ( 100.7900000000000205, 0.000000000000000000, -5.000000000000000000 ) ) ;
#2101 = EDGE_LOOP ( 'NONE', ( #1480, #49, #2329, #216 ) ) ;
#2102 = EDGE_CURVE ( 'NONE', #1209, #1569, #2035, .T. ) ;
#2103 = EDGE_CURVE ( 'NONE', #655, #1905, #1731, .T. ) ;
#2104 = DIRECTION ( 'NONE',  ( -0.000000000000000000, -0.000000000000000000, -1.000000000000000000 ) ) ;
#2105 = ADVANCED_FACE ( 'NONE', ( #2450, #1368, #1800, #938, #2047, #2058, #86, #2504, #2491, #246 ), #476, .F. ) ;
#2106 = DIRECTION ( 'NONE',  ( 0.000000000000000000, 0.000000000000000000, 1.000000000000000000 ) ) ;
#2107 = CARTESIAN_POINT ( 'NONE',  ( 94.00750719692938162, -16.99860849067604462, -4.500000000000000888 ) ) ;
#2108 = EDGE_CURVE ( 'NONE', #2298, #2676, #601, .T. ) ;
#2109 = DIRECTION ( 'NONE',  ( 0.000000000000000000, 0.000000000000000000, 1.000000000000000000 ) ) ;
#2110 = AXIS2_PLACEMENT_3D ( 'NONE', #2163, #2657, #2820 ) ;
#2111 = CIRCLE ( 'NONE', #2529, 0.5000000000000004441 ) ;
#2112 = CIRCLE ( 'NONE', #867, 0.5000000000000004441 ) ;
#2113 = LINE ( 'NONE', #602, #716 ) ;
#2114 = CARTESIAN_POINT ( 'NONE',  ( 82.29000000000002046, 0.000000000000000000, 7.000000000000000000 ) ) ;
#2115 = ORIENTED_EDGE ( 'NONE', *, *, #1095, .T. ) ;
#2116 = CARTESIAN_POINT ( 'NONE',  ( -89.87320594096773618, -19.15919329535024218, 4.896040930730264584 ) ) ;
#2117 = DIRECTION ( 'NONE',  ( -0.000000000000000000, -0.000000000000000000, -1.000000000000000000 ) ) ;
#2118 = EDGE_LOOP ( 'NONE', ( #2234, #1265, #1073, #588 ) ) ;
#2119 = EDGE_CURVE ( 'NONE', #1306, #306, #2464, .T. ) ;
#2120 = CARTESIAN_POINT ( 'NONE',  ( 110.7900000000000205, 0.000000000000000000, -4.500000000000000888 ) ) ;
#2121 = DIRECTION ( 'NONE',  ( -1.000000000000000000, 0.000000000000000000, 0.000000000000000000 ) ) ;
#2122 = ADVANCED_FACE ( 'NONE', ( #2289 ), #1581, .T. ) ;
#2123 = CARTESIAN_POINT ( 'NONE',  ( -93.79000000000000625, 0.000000000000000000, 11.33221928917632404 ) ) ;
#2124 = EDGE_CURVE ( 'NONE', #764, #1235, #1532, .T. ) ;
#2125 = EDGE_LOOP ( 'NONE', ( #1229, #1188, #2798, #2152 ) ) ;
#2126 = DIRECTION ( 'NONE',  ( 0.000000000000000000, 0.000000000000000000, 1.000000000000000000 ) ) ;
#2127 = CARTESIAN_POINT ( 'NONE',  ( -82.09865704891009841, -6.750000000000006217, -4.500000000000000888 ) ) ;
#2128 = EDGE_LOOP ( 'NONE', ( #911, #382, #1025, #1551 ) ) ;
#2129 = DIRECTION ( 'NONE',  ( 0.000000000000000000, 0.000000000000000000, 1.000000000000000000 ) ) ;
#2130 = VECTOR ( 'NONE', #2788, 1000.000000000000000 ) ;
#2131 = CIRCLE ( 'NONE', #734, 0.5000000000000004441 ) ;
#2132 = CARTESIAN_POINT ( 'NONE',  ( 93.79000000000002046, -7.000000000000000000, 33.50000000000000000 ) ) ;
#2133 = CIRCLE ( 'NONE', #735, 1.600000000000004086 ) ;
#2134 = CIRCLE ( 'NONE', #2275, 0.5000000000000004441 ) ;
#2135 = FACE_BOUND ( 'NONE', #2284, .T. ) ;
#2136 = EDGE_LOOP ( 'NONE', ( #2226, #649, #1622, #325 ) ) ;
#2137 = TOROIDAL_SURFACE ( 'NONE', #514, 1.900000000000002354, 0.5000000000000000000 ) ;
#2138 = DIRECTION ( 'NONE',  ( 0.000000000000000000, 0.000000000000000000, 1.000000000000000000 ) ) ;
#2139 = CIRCLE ( 'NONE', #1023, 0.4999999999999993894 ) ;
#2140 = VERTEX_POINT ( 'NONE', #701 ) ;
#2141 = FACE_OUTER_BOUND ( 'NONE', #2022, .T. ) ;
#2142 = FACE_BOUND ( 'NONE', #1918, .T. ) ;
#2143 = PRODUCT_DEFINITION ( 'General', '', #982, #2077 ) ;
#2144 = EDGE_CURVE ( 'NONE', #600, #1476, #740, .T. ) ;
#2145 = ORIENTED_EDGE ( 'NONE', *, *, #761, .F. ) ;
#2146 = CARTESIAN_POINT ( 'NONE',  ( 92.39000000000001478, 7.000000000000000000, 33.50000000000000000 ) ) ;
#2147 = EDGE_LOOP ( 'NONE', ( #1746, #576, #2407, #69 ) ) ;
#2148 = DIRECTION ( 'NONE',  ( 0.000000000000000000, 0.000000000000000000, -1.000000000000000000 ) ) ;
#2149 = CYLINDRICAL_SURFACE ( 'NONE', #2725, 17.00000000000001421 ) ;
#2150 = ORIENTED_EDGE ( 'NONE', *, *, #1716, .F. ) ;
#2151 = DIRECTION ( 'NONE',  ( -1.000000000000000000, 0.000000000000000000, 0.000000000000000000 ) ) ;
#2152 = ORIENTED_EDGE ( 'NONE', *, *, #1865, .T. ) ;
#2153 = CARTESIAN_POINT ( 'NONE',  ( 93.29000000000000625, 6.123233995736736454E-17, -4.500000000000000888 ) ) ;
#2154 = FACE_OUTER_BOUND ( 'NONE', #1079, .T. ) ;
#2155 = DIRECTION ( 'NONE',  ( -0.01279454099584188993, 0.9999181465103560429, 0.000000000000000000 ) ) ;
#2156 = DIRECTION ( 'NONE',  ( 0.000000000000000000, 0.000000000000000000, 1.000000000000000000 ) ) ;
#2157 = AXIS2_PLACEMENT_3D ( 'NONE', #2492, #1411, #771 ) ;
#2158 = CARTESIAN_POINT ( 'NONE',  ( -93.79000000000000625, 13.50000000000000000, -5.000000000000000000 ) ) ;
#2159 = ORIENTED_EDGE ( 'NONE', *, *, #2703, .T. ) ;
#2160 = APPLICATION_PROTOCOL_DEFINITION ( 'draft international standard', 'automotive_design', 1998, #2052 ) ;
#2161 = CARTESIAN_POINT ( 'NONE',  ( -93.79000000000000625, 13.50000000000000000, 4.500000000000001776 ) ) ;
#2162 = TOROIDAL_SURFACE ( 'NONE', #171, 16.50000000000000711, 0.5000000000000000000 ) ;
#2163 = CARTESIAN_POINT ( 'NONE',  ( 93.79000000000000625, 0.000000000000000000, -5.000000000000000000 ) ) ;
#2164 = AXIS2_PLACEMENT_3D ( 'NONE', #2184, #200, #2417 ) ;
#2165 = ADVANCED_FACE ( 'NONE', ( #290 ), #884, .T. ) ;
#2166 = ORIENTED_EDGE ( 'NONE', *, *, #269, .T. ) ;
#2167 = VECTOR ( 'NONE', #2104, 1000.000000000000000 ) ;
#2168 = CIRCLE ( 'NONE', #1693, 0.5000000000000004441 ) ;
#2169 = DIRECTION ( 'NONE',  ( -1.000000000000000000, 0.000000000000000000, 0.000000000000000000 ) ) ;
#2170 = ORIENTED_EDGE ( 'NONE', *, *, #2218, .F. ) ;
#2171 = DIRECTION ( 'NONE',  ( -0.7071067811865453523, 0.000000000000000000, -0.7071067811865496822 ) ) ;
#2172 = DIRECTION ( 'NONE',  ( -1.000000000000000000, 0.000000000000000000, 0.000000000000000000 ) ) ;
#2173 = CYLINDRICAL_SURFACE ( 'NONE', #422, 0.4999999999999993894 ) ;
#2174 = LINE ( 'NONE', #15, #2083 ) ;
#2175 = ORIENTED_EDGE ( 'NONE', *, *, #1277, .T. ) ;
#2176 = CARTESIAN_POINT ( 'NONE',  ( -90.45349533491420857, -18.81994854720295507, 5.165212984439985000 ) ) ;
#2177 = LINE ( 'NONE', #2688, #2493 ) ;
#2178 = AXIS2_PLACEMENT_3D ( 'NONE', #2250, #1778, #37 ) ;
#2179 = ORIENTED_EDGE ( 'NONE', *, *, #686, .T. ) ;
#2180 = AXIS2_PLACEMENT_3D ( 'NONE', #789, #1672, #2779 ) ;
#2181 = EDGE_CURVE ( 'NONE', #1722, #677, #696, .T. ) ;
#2182 = AXIS2_PLACEMENT_3D ( 'NONE', #1008, #558, #1886 ) ;
#2183 = AXIS2_PLACEMENT_3D ( 'NONE', #2755, #101, #114 ) ;
#2184 = CARTESIAN_POINT ( 'NONE',  ( 100.7900000000000205, 0.000000000000000000, 33.50000000000000000 ) ) ;
#2185 = ORIENTED_EDGE ( 'NONE', *, *, #2103, .T. ) ;
#2186 = AXIS2_PLACEMENT_3D ( 'NONE', #894, #1745, #1108 ) ;
#2187 = CARTESIAN_POINT ( 'NONE',  ( -93.54818317517860748, -18.89845296904573146, -5.000000000000000000 ) ) ;
#2188 = TOROIDAL_SURFACE ( 'NONE', #1668, 0.9999999999999991118, 0.5000000000000000000 ) ;
#2189 = CARTESIAN_POINT ( 'NONE',  ( -94.79000000000000625, 1.224646799147352221E-16, 4.500000000000001776 ) ) ;
#2190 = ADVANCED_FACE ( 'NONE', ( #2230 ), #1356, .F. ) ;
#2191 = ORIENTED_EDGE ( 'NONE', *, *, #73, .T. ) ;
#2192 = CARTESIAN_POINT ( 'NONE',  ( -85.06092774774197096, -18.86888775922477635, 4.994057472314515245 ) ) ;
#2193 = ORIENTED_EDGE ( 'NONE', *, *, #444, .T. ) ;
#2194 = CARTESIAN_POINT ( 'NONE',  ( 93.79000000000000625, 0.000000000000000000, 7.000000000000000000 ) ) ;
#2195 = DIRECTION ( 'NONE',  ( 0.000000000000000000, 0.000000000000000000, 1.000000000000000000 ) ) ;
#2196 = ORIENTED_EDGE ( 'NONE', *, *, #30, .T. ) ;
#2197 = ADVANCED_FACE ( 'NONE', ( #2031 ), #27, .T. ) ;
#2198 = DIRECTION ( 'NONE',  ( 1.000000000000000000, 0.000000000000000000, 0.000000000000000000 ) ) ;
#2199 = DIRECTION ( 'NONE',  ( -0.000000000000000000, -0.000000000000000000, -1.000000000000000000 ) ) ;
#2200 = ORIENTED_EDGE ( 'NONE', *, *, #353, .T. ) ;
#2201 = ORIENTED_EDGE ( 'NONE', *, *, #158, .T. ) ;
#2202 = EDGE_CURVE ( 'NONE', #1913, #1209, #950, .T. ) ;
#2203 = CARTESIAN_POINT ( 'NONE',  ( 86.79000000000000625, -8.572527594031484037E-16, -1.999999999999997780 ) ) ;
#2204 = CARTESIAN_POINT ( 'NONE',  ( -88.89264312996139950, -18.10293511019701640, 5.500000000195110594 ) ) ;
#2205 = ADVANCED_FACE ( 'NONE', ( #1827 ), #2670, .F. ) ;
#2206 = ORIENTED_EDGE ( 'NONE', *, *, #1131, .T. ) ;
#2207 = AXIS2_PLACEMENT_3D ( 'NONE', #1158, #1630, #968 ) ;
#2208 = VECTOR ( 'NONE', #2129, 1000.000000000000000 ) ;
#2209 = ORIENTED_EDGE ( 'NONE', *, *, #775, .F. ) ;
#2210 = AXIS2_PLACEMENT_3D ( 'NONE', #1682, #989, #2571 ) ;
#2211 = AXIS2_PLACEMENT_3D ( 'NONE', #1874, #2775, #2151 ) ;
#2212 = DIRECTION ( 'NONE',  ( -0.000000000000000000, -0.000000000000000000, -1.000000000000000000 ) ) ;
#2213 = CARTESIAN_POINT ( 'NONE',  ( 93.79000000000000625, 0.000000000000000000, -4.500000000000000888 ) ) ;
#2214 = ORIENTED_EDGE ( 'NONE', *, *, #2119, .F. ) ;
#2215 = EDGE_LOOP ( 'NONE', ( #1776, #68, #258, #797 ) ) ;
#2216 = FACE_OUTER_BOUND ( 'NONE', #155, .T. ) ;
#2217 = DIRECTION ( 'NONE',  ( 0.5143367862554593106, -0.8575882871777144034, 0.000000000000000000 ) ) ;
#2218 = EDGE_CURVE ( 'NONE', #1146, #1998, #1251, .T. ) ;
#2219 = CARTESIAN_POINT ( 'NONE',  ( -92.29362505815026907, -18.95996388557880863, 5.154393909784097616 ) ) ;
#2220 = ORIENTED_EDGE ( 'NONE', *, *, #1144, .F. ) ;
#2221 = ORIENTED_EDGE ( 'NONE', *, *, #2651, .F. ) ;
#2222 = VECTOR ( 'NONE', #738, 999.9999999999998863 ) ;
#2223 = AXIS2_PLACEMENT_3D ( 'NONE', #1997, #2460, #22 ) ;
#2224 = CARTESIAN_POINT ( 'NONE',  ( 94.79000000000000625, 0.000000000000000000, -5.000000000000000888 ) ) ;
#2225 = CIRCLE ( 'NONE', #974, 3.500000000000003109 ) ;
#2226 = ORIENTED_EDGE ( 'NONE', *, *, #790, .T. ) ;
#2227 = ORIENTED_EDGE ( 'NONE', *, *, #542, .T. ) ;
#2228 = CIRCLE ( 'NONE', #420, 1.899999999999999023 ) ;
#2229 = CARTESIAN_POINT ( 'NONE',  ( -89.96580196092199344, 19.16041413852948239, 4.894578435237025182 ) ) ;
#2230 = FACE_OUTER_BOUND ( 'NONE', #1634, .T. ) ;
#2231 = CARTESIAN_POINT ( 'NONE',  ( 91.89000000000002899, -7.000000000000000000, -5.000000000000002665 ) ) ;
#2232 = MANIFOLD_SOLID_BREP ( 'Fillet2', #1285 ) ;
#2233 = CARTESIAN_POINT ( 'NONE',  ( -93.54332543609933737, -19.27809468171773233, 4.825343775675062119 ) ) ;
#2234 = ORIENTED_EDGE ( 'NONE', *, *, #1443, .F. ) ;
#2235 = EDGE_CURVE ( 'NONE', #2566, #1306, #2422, .T. ) ;
#2236 = CYLINDRICAL_SURFACE ( 'NONE', #1844, 1.399999999999998579 ) ;
#2237 = ORIENTED_EDGE ( 'NONE', *, *, #850, .F. ) ;
#2238 = DIRECTION ( 'NONE',  ( 1.000000000000000000, 0.000000000000000000, 0.000000000000000000 ) ) ;
#2239 = DIRECTION ( 'NONE',  ( -1.000000000000000000, 0.000000000000000000, 0.000000000000000000 ) ) ;
#2240 = ORIENTED_EDGE ( 'NONE', *, *, #406, .T. ) ;
#2241 = ORIENTED_EDGE ( 'NONE', *, *, #2339, .F. ) ;
#2242 = CARTESIAN_POINT ( 'NONE',  ( -87.24098750452023410, 18.99113912952980243, 4.969432588263318351 ) ) ;
#2243 = DIRECTION ( 'NONE',  ( 0.01279454099584170952, 0.9999181465103560429, -0.000000000000000000 ) ) ;
#2244 = DIRECTION ( 'NONE',  ( 0.000000000000000000, 0.000000000000000000, 1.000000000000000000 ) ) ;
#2245 = CARTESIAN_POINT ( 'NONE',  ( 100.7900000000000205, 0.000000000000000000, -1.999999999999997780 ) ) ;
#2246 = ADVANCED_FACE ( 'NONE', ( #2519 ), #1450, .T. ) ;
#2247 = CARTESIAN_POINT ( 'NONE',  ( -93.79000000000000625, 0.000000000000000000, -4.500000000000000888 ) ) ;
#2248 = ORIENTED_EDGE ( 'NONE', *, *, #494, .F. ) ;
#2249 = EDGE_CURVE ( 'NONE', #1587, #2484, #1250, .T. ) ;
#2250 = CARTESIAN_POINT ( 'NONE',  ( -93.79000000000000625, 0.000000000000000000, -5.000000000000000000 ) ) ;
#2251 = EDGE_CURVE ( 'NONE', #1911, #2041, #1761, .T. ) ;
#2252 = ORIENTED_EDGE ( 'NONE', *, *, #2251, .F. ) ;
#2253 = ORIENTED_EDGE ( 'NONE', *, *, #2647, .T. ) ;
#2254 = AXIS2_PLACEMENT_3D ( 'NONE', #2808, #1061, #830 ) ;
#2255 = ORIENTED_EDGE ( 'NONE', *, *, #2395, .T. ) ;
#2256 = AXIS2_PLACEMENT_3D ( 'NONE', #774, #1213, #2548 ) ;
#2257 = CARTESIAN_POINT ( 'NONE',  ( -89.01971917564772241, 18.64452292494553731, 5.170789764073866479 ) ) ;
#2258 = CARTESIAN_POINT ( 'NONE',  ( -93.79000000000000625, 0.000000000000000000, 5.500000000000000000 ) ) ;
#2259 = DIRECTION ( 'NONE',  ( 0.000000000000000000, 0.000000000000000000, 1.000000000000000000 ) ) ;
#2260 = CARTESIAN_POINT ( 'NONE',  ( 110.2900000000000205, 0.000000000000000000, 5.000000000000000000 ) ) ;
#2261 = CYLINDRICAL_SURFACE ( 'NONE', #493, 0.4999999999999993894 ) ;
#2262 = CARTESIAN_POINT ( 'NONE',  ( -93.79000000000000625, 0.000000000000000000, 15.00000000000000000 ) ) ;
#2263 = EDGE_LOOP ( 'NONE', ( #2828, #1257 ) ) ;
#2264 = ADVANCED_FACE ( 'NONE', ( #1627 ), #1535, .T. ) ;
#2265 = EDGE_CURVE ( 'NONE', #1998, #1130, #315, .T. ) ;
#2266 = DIRECTION ( 'NONE',  ( -0.000000000000000000, -0.000000000000000000, -1.000000000000000000 ) ) ;
#2267 = ORIENTED_EDGE ( 'NONE', *, *, #1144, .T. ) ;
#2268 = ORIENTED_EDGE ( 'NONE', *, *, #1941, .T. ) ;
#2269 = VECTOR ( 'NONE', #1189, 1000.000000000000000 ) ;
#2270 = CIRCLE ( 'NONE', #1658, 21.87249899919929774 ) ;
#2271 = CARTESIAN_POINT ( 'NONE',  ( 92.39000000000002899, -7.000000000000000000, -4.500000000000003553 ) ) ;
#2272 = DIRECTION ( 'NONE',  ( 0.000000000000000000, -1.000000000000000000, 0.000000000000000000 ) ) ;
#2273 = AXIS2_PLACEMENT_3D ( 'NONE', #1491, #570, #388 ) ;
#2274 = FACE_BOUND ( 'NONE', #1724, .T. ) ;
#2275 = AXIS2_PLACEMENT_3D ( 'NONE', #2189, #1268, #864 ) ;
#2276 = AXIS2_PLACEMENT_3D ( 'NONE', #635, #217, #442 ) ;
#2277 = ADVANCED_FACE ( 'NONE', ( #2142, #2318 ), #580, .T. ) ;
#2278 = VECTOR ( 'NONE', #2079, 1000.000000000000000 ) ;
#2279 = CARTESIAN_POINT ( 'NONE',  ( -83.36376715754714439, -17.38435866151304765, 5.000000000000020428 ) ) ;
#2280 = VECTOR ( 'NONE', #1897, 1000.000000000000000 ) ;
#2281 = LINE ( 'NONE', #2038, #673 ) ;
#2282 = CARTESIAN_POINT ( 'NONE',  ( -83.49865704891010409, -6.750000000000006217, -4.500000000000000888 ) ) ;
#2283 = DIRECTION ( 'NONE',  ( 0.000000000000000000, -1.000000000000000000, 0.000000000000000000 ) ) ;
#2284 = EDGE_LOOP ( 'NONE', ( #496, #678 ) ) ;
#2285 = CARTESIAN_POINT ( 'NONE',  ( 103.8150000000000119, 1.227708416145222385E-15, 7.000000000000000000 ) ) ;
#2286 = ORIENTED_EDGE ( 'NONE', *, *, #1921, .T. ) ;
#2287 = ORIENTED_EDGE ( 'NONE', *, *, #850, .T. ) ;
#2288 = LINE ( 'NONE', #554, #2062 ) ;
#2289 = FACE_OUTER_BOUND ( 'NONE', #859, .T. ) ;
#2290 = EDGE_CURVE ( 'NONE', #251, #208, #932, .T. ) ;
#2291 = DIRECTION ( 'NONE',  ( 1.000000000000000000, 0.000000000000000000, 0.000000000000000000 ) ) ;
#2292 = DIRECTION ( 'NONE',  ( 0.000000000000000000, 0.000000000000000000, 1.000000000000000000 ) ) ;
#2293 = CARTESIAN_POINT ( 'NONE',  ( -93.29000000000000625, 0.000000000000000000, 4.500000000000001776 ) ) ;
#2294 = VECTOR ( 'NONE', #1699, 999.9999999999998863 ) ;
#2295 = VERTEX_POINT ( 'NONE', #1671 ) ;
#2296 = ADVANCED_FACE ( 'NONE', ( #2528 ), #147, .T. ) ;
#2297 = DIRECTION ( 'NONE',  ( -0.000000000000000000, -0.000000000000000000, -1.000000000000000000 ) ) ;
#2298 = VERTEX_POINT ( 'NONE', #1193 ) ;
#2299 = VERTEX_POINT ( 'NONE', #331 ) ;
#2300 = CARTESIAN_POINT ( 'NONE',  ( 107.2899999999999920, 0.000000000000000000, 5.000000000000000000 ) ) ;
#2301 = DIRECTION ( 'NONE',  ( -1.000000000000000000, 0.000000000000000000, 0.000000000000000000 ) ) ;
#2302 = AXIS2_PLACEMENT_3D ( 'NONE', #1525, #1483, #1266 ) ;
#2303 = EDGE_CURVE ( 'NONE', #65, #2388, #2139, .T. ) ;
#2304 = CIRCLE ( 'NONE', #2489, 10.00000000000000000 ) ;
#2305 = AXIS2_PLACEMENT_3D ( 'NONE', #1075, #619, #1282 ) ;
#2306 = CIRCLE ( 'NONE', #313, 3.500000000000003109 ) ;
#2307 = ADVANCED_FACE ( 'NONE', ( #2364 ), #2559, .F. ) ;
#2308 = CARTESIAN_POINT ( 'NONE',  ( 107.4971067811865453, 0.000000000000000000, 5.500000000000000000 ) ) ;
#2309 = DIRECTION ( 'NONE',  ( 1.000000000000000000, 0.000000000000000000, 0.000000000000000000 ) ) ;
#2310 = CARTESIAN_POINT ( 'NONE',  ( 97.29000000000002046, 0.000000000000000000, -4.999999999999997335 ) ) ;
#2311 = FACE_BOUND ( 'NONE', #2366, .T. ) ;
#2312 = EDGE_LOOP ( 'NONE', ( #1035, #2746, #2776, #560 ) ) ;
#2313 = CARTESIAN_POINT ( 'NONE',  ( -91.70716173198816534, -19.24088212864669245, 4.842968768712092142 ) ) ;
#2314 = DIRECTION ( 'NONE',  ( 0.000000000000000000, 0.000000000000000000, -1.000000000000000000 ) ) ;
#2315 = ORIENTED_EDGE ( 'NONE', *, *, #1360, .F. ) ;
#2316 = CIRCLE ( 'NONE', #2847, 1.599999999999990319 ) ;
#2317 = PLANE ( 'NONE',  #817 ) ;
#2318 = FACE_OUTER_BOUND ( 'NONE', #466, .T. ) ;
#2319 = PRODUCT ( 'Femur', 'Femur', '', ( #363 ) ) ;
#2320 = CIRCLE ( 'NONE', #2457, 0.5000000000000004441 ) ;
#2321 = AXIS2_PLACEMENT_3D ( 'NONE', #1375, #1458, #823 ) ;
#2322 = TOROIDAL_SURFACE ( 'NONE', #881, 0.9999999999999991118, 0.5000000000000000000 ) ;
#2323 = CARTESIAN_POINT ( 'NONE',  ( -75.03999999999999204, 0.000000000000000000, 5.500000000000000000 ) ) ;
#2324 = CIRCLE ( 'NONE', #193, 0.5000000000000004441 ) ;
#2325 = AXIS2_PLACEMENT_3D ( 'NONE', #1652, #111, #566 ) ;
#2326 = DIRECTION ( 'NONE',  ( 0.000000000000000000, 0.000000000000000000, 1.000000000000000000 ) ) ;
#2327 = FACE_OUTER_BOUND ( 'NONE', #2055, .T. ) ;
#2328 = EDGE_CURVE ( 'NONE', #1405, #2006, #1070, .T. ) ;
#2329 = ORIENTED_EDGE ( 'NONE', *, *, #2265, .T. ) ;
#2330 = DIRECTION ( 'NONE',  ( 0.000000000000000000, 0.000000000000000000, 1.000000000000000000 ) ) ;
#2331 = EDGE_LOOP ( 'NONE', ( #857, #1324, #78, #826 ) ) ;
#2332 = ORIENTED_EDGE ( 'NONE', *, *, #1865, .F. ) ;
#2333 = EDGE_CURVE ( 'NONE', #94, #104, #886, .T. ) ;
#2334 = LINE ( 'NONE', #341, #2167 ) ;
#2335 = CARTESIAN_POINT ( 'NONE',  ( -93.79000000000000625, 0.000000000000000000, -5.000000000000000000 ) ) ;
#2336 = LINE ( 'NONE', #991, #2278 ) ;
#2337 = CARTESIAN_POINT ( 'NONE',  ( -112.5400000000000347, 2.296212748401289155E-15, 5.500000000000000000 ) ) ;
#2338 = CARTESIAN_POINT ( 'NONE',  ( -93.79000000000000625, 0.000000000000000000, 5.000000000000000000 ) ) ;
#2339 = EDGE_CURVE ( 'NONE', #2412, #1722, #1435, .T. ) ;
#2340 = CARTESIAN_POINT ( 'NONE',  ( 93.79000000000000625, 0.000000000000000000, 34.00000000000000000 ) ) ;
#2341 = EDGE_LOOP ( 'NONE', ( #2332, #1286, #2841, #812 ) ) ;
#2342 = DIRECTION ( 'NONE',  ( 1.000000000000000000, 0.000000000000000000, 0.000000000000000000 ) ) ;
#2343 = CARTESIAN_POINT ( 'NONE',  ( -93.54178590468067966, 19.39841204230091165, -4.500000000000000888 ) ) ;
#2344 = EDGE_LOOP ( 'NONE', ( #429, #2150, #609, #1039 ) ) ;
#2345 = DIRECTION ( 'NONE',  ( 0.9999181465103560429, -0.01279454099584170952, 0.000000000000000000 ) ) ;
#2346 = SURFACE_SIDE_STYLE ('',( #1424 ) ) ;
#2347 = ORIENTED_EDGE ( 'NONE', *, *, #2102, .T. ) ;
#2348 = CIRCLE ( 'NONE', #2846, 18.25000000000000355 ) ;
#2349 = CIRCLE ( 'NONE', #220, 0.5000000000000004441 ) ;
#2350 = DIRECTION ( 'NONE',  ( 1.000000000000000000, 0.000000000000000000, 0.000000000000000000 ) ) ;
#2351 = VERTEX_POINT ( 'NONE', #168 ) ;
#2352 = CARTESIAN_POINT ( 'NONE',  ( 85.19000000000001194, -8.572527594031484037E-16, -4.999999999999997335 ) ) ;
#2353 = CIRCLE ( 'NONE', #222, 19.27967279021484970 ) ;
#2354 = AXIS2_PLACEMENT_3D ( 'NONE', #2100, #1667, #1494 ) ;
#2355 = CARTESIAN_POINT ( 'NONE',  ( 93.79000000000000625, 7.000000000000000000, 34.00000000000000000 ) ) ;
#2356 = FACE_OUTER_BOUND ( 'NONE', #1326, .T. ) ;
#2357 = ORIENTED_EDGE ( 'NONE', *, *, #163, .F. ) ;
#2358 = TOROIDAL_SURFACE ( 'NONE', #2714, 13.70710678118653192, 0.5000000000000000000 ) ;
#2359 = DIRECTION ( 'NONE',  ( 1.000000000000000000, 0.000000000000000000, 0.000000000000000000 ) ) ;
#2360 = CARTESIAN_POINT ( 'NONE',  ( 102.3900000000000148, 1.959434878635761779E-16, -4.999999999999997335 ) ) ;
#2361 = ORIENTED_EDGE ( 'NONE', *, *, #2617, .F. ) ;
#2362 = ADVANCED_FACE ( 'NONE', ( #411 ), #2188, .T. ) ;
#2363 = CARTESIAN_POINT ( 'NONE',  ( 85.19000000000001194, -8.572527594031484037E-16, 33.50000000000000000 ) ) ;
#2364 = FACE_OUTER_BOUND ( 'NONE', #821, .T. ) ;
#2365 = CARTESIAN_POINT ( 'NONE',  ( -75.54000000000000625, 0.000000000000000000, 5.000000000000000000 ) ) ;
#2366 = EDGE_LOOP ( 'NONE', ( #1796, #1988 ) ) ;
#2367 = VERTEX_POINT ( 'NONE', #620 ) ;
#2368 = AXIS2_PLACEMENT_3D ( 'NONE', #1944, #1741, #214 ) ;
#2369 = AXIS2_PLACEMENT_3D ( 'NONE', #2652, #1756, #2239 ) ;
#2370 = DIRECTION ( 'NONE',  ( 0.000000000000000000, 0.000000000000000000, 1.000000000000000000 ) ) ;
#2371 = TOROIDAL_SURFACE ( 'NONE', #192, 1.900000000000002576, 0.5000000000000000000 ) ;
#2372 = DIRECTION ( 'NONE',  ( 0.000000000000000000, 0.000000000000000000, 1.000000000000000000 ) ) ;
#2373 = ORIENTED_EDGE ( 'NONE', *, *, #1643, .T. ) ;
#2374 = PRESENTATION_LAYER_ASSIGNMENT (  '', '', ( #9 ) ) ;
#2375 = DIRECTION ( 'NONE',  ( 1.000000000000000000, 0.000000000000000000, 0.000000000000000000 ) ) ;
#2376 = ORIENTED_EDGE ( 'NONE', *, *, #135, .T. ) ;
#2377 = DIRECTION ( 'NONE',  ( 0.000000000000000000, 0.000000000000000000, 1.000000000000000000 ) ) ;
#2378 = CARTESIAN_POINT ( 'NONE',  ( -93.79000000000000625, 0.000000000000000000, -4.500000000000000888 ) ) ;
#2379 = DIRECTION ( 'NONE',  ( -1.000000000000000000, 0.000000000000000000, 0.000000000000000000 ) ) ;
#2380 = DIRECTION ( 'NONE',  ( 1.000000000000000000, 0.000000000000000000, 0.000000000000000000 ) ) ;
#2381 = ADVANCED_FACE ( 'NONE', ( #849 ), #1755, .T. ) ;
#2382 = ADVANCED_FACE ( 'NONE', ( #427 ), #2173, .T. ) ;
#2383 = ORIENTED_EDGE ( 'NONE', *, *, #1716, .T. ) ;
#2384 = CARTESIAN_POINT ( 'NONE',  ( 93.79000000000000625, 0.000000000000000000, 33.50000000000000000 ) ) ;
#2385 = FACE_OUTER_BOUND ( 'NONE', #2331, .T. ) ;
#2386 = VERTEX_POINT ( 'NONE', #2187 ) ;
#2387 = DIRECTION ( 'NONE',  ( -0.000000000000000000, -0.000000000000000000, -1.000000000000000000 ) ) ;
#2388 = VERTEX_POINT ( 'NONE', #206 ) ;
#2389 = ADVANCED_FACE ( 'NONE', ( #1103 ), #58, .T. ) ;
#2390 = DIRECTION ( 'NONE',  ( 0.9999181465103560429, -0.01279454099584170952, -0.000000000000000000 ) ) ;
#2391 = ORIENTED_EDGE ( 'NONE', *, *, #441, .F. ) ;
#2392 = DIRECTION ( 'NONE',  ( -0.000000000000000000, -0.000000000000000000, -1.000000000000000000 ) ) ;
#2393 = DIRECTION ( 'NONE',  ( 0.000000000000000000, 0.000000000000000000, 1.000000000000000000 ) ) ;
#2394 = ORIENTED_EDGE ( 'NONE', *, *, #759, .T. ) ;
#2395 = EDGE_CURVE ( 'NONE', #1235, #65, #188, .T. ) ;
#2396 = AXIS2_PLACEMENT_3D ( 'NONE', #860, #1740, #2625 ) ;
#2397 = CARTESIAN_POINT ( 'NONE',  ( -71.91750100080071206, 0.000000000000000000, 15.00000000000000000 ) ) ;
#2398 = ORIENTED_EDGE ( 'NONE', *, *, #2729, .T. ) ;
#2399 = CARTESIAN_POINT ( 'NONE',  ( -92.39000000000001478, 13.50000000000000000, 4.500000000000001776 ) ) ;
#2400 = ORIENTED_EDGE ( 'NONE', *, *, #163, .T. ) ;
#2401 = DIRECTION ( 'NONE',  ( -1.000000000000000000, 0.000000000000000000, 0.000000000000000000 ) ) ;
#2402 = DIRECTION ( 'NONE',  ( -0.000000000000000000, -0.000000000000000000, -1.000000000000000000 ) ) ;
#2403 = DIRECTION ( 'NONE',  ( 1.224646799147353207E-16, 1.000000000000000000, -0.000000000000000000 ) ) ;
#2404 = DIRECTION ( 'NONE',  ( -0.000000000000000000, -0.000000000000000000, 1.000000000000000000 ) ) ;
#2405 = CARTESIAN_POINT ( 'NONE',  ( 86.79000000000000625, -8.572527594031484037E-16, -1.999999999999997335 ) ) ;
#2406 = FACE_OUTER_BOUND ( 'NONE', #2125, .T. ) ;
#2407 = ORIENTED_EDGE ( 'NONE', *, *, #852, .T. ) ;
#2408 = PRODUCT_RELATED_PRODUCT_CATEGORY ( 'part', '', ( #2319 ) ) ;
#2409 = CARTESIAN_POINT ( 'NONE',  ( -87.29099594513770910, -17.59395571697700333, 5.499999999808936835 ) ) ;
#2410 = EDGE_CURVE ( 'NONE', #1911, #1087, #1541, .T. ) ;
#2411 = CIRCLE ( 'NONE', #2816, 0.4999999999999995559 ) ;
#2412 = VERTEX_POINT ( 'NONE', #1698 ) ;
#2413 = TOROIDAL_SURFACE ( 'NONE', #374, 1.900000000000002354, 0.5000000000000000000 ) ;
#2414 = AXIS2_PLACEMENT_3D ( 'NONE', #1675, #128, #1659 ) ;
#2415 = EDGE_CURVE ( 'NONE', #2736, #653, #2078, .T. ) ;
#2416 = AXIS2_PLACEMENT_3D ( 'NONE', #2247, #1361, #1583 ) ;
#2417 = DIRECTION ( 'NONE',  ( -1.000000000000000000, 0.000000000000000000, 0.000000000000000000 ) ) ;
#2418 = ORIENTED_EDGE ( 'NONE', *, *, #198, .T. ) ;
#2419 = CIRCLE ( 'NONE', #1664, 1.600000000000004086 ) ;
#2420 = DIRECTION ( 'NONE',  ( 1.000000000000000000, 0.000000000000000000, 0.000000000000000000 ) ) ;
#2421 = LINE ( 'NONE', #608, #731 ) ;
#2422 = CIRCLE ( 'NONE', #2037, 1.599999999999990319 ) ;
#2423 = EDGE_LOOP ( 'NONE', ( #1032, #2051, #682, #2252 ) ) ;
#2424 = DIRECTION ( 'NONE',  ( -1.000000000000000000, 0.000000000000000000, 0.000000000000000000 ) ) ;
#2425 = CARTESIAN_POINT ( 'NONE',  ( -92.13938145187125883, -18.67815643183686802, 5.499999999853537602 ) ) ;
#2426 = VERTEX_POINT ( 'NONE', #861 ) ;
#2427 = CARTESIAN_POINT ( 'NONE',  ( 86.79000000000000625, -8.572527594031484037E-16, 34.00000000000000000 ) ) ;
#2428 = ORIENTED_EDGE ( 'NONE', *, *, #1522, .T. ) ;
#2429 = EDGE_CURVE ( 'NONE', #2632, #2576, #137, .T. ) ;
#2430 = CARTESIAN_POINT ( 'NONE',  ( 91.89000000000002899, -7.000000000000000000, 34.00000000000000000 ) ) ;
#2431 = CARTESIAN_POINT ( 'NONE',  ( 93.79000000000000625, 0.000000000000000000, 5.000000000000000000 ) ) ;
#2432 = FACE_OUTER_BOUND ( 'NONE', #2517, .T. ) ;
#2433 = ORIENTED_EDGE ( 'NONE', *, *, #1178, .T. ) ;
#2434 = EDGE_LOOP ( 'NONE', ( #1529, #1742 ) ) ;
#2435 = DIRECTION ( 'NONE',  ( 1.000000000000000000, 0.000000000000000000, 0.000000000000000000 ) ) ;
#2436 = CARTESIAN_POINT ( 'NONE',  ( -89.37849995020491178, -18.69351306991342554, 5.169940802393719004 ) ) ;
#2437 = EDGE_LOOP ( 'NONE', ( #2648, #1191 ) ) ;
#2438 = AXIS2_PLACEMENT_3D ( 'NONE', #1374, #705, #1847 ) ;
#2439 = CIRCLE ( 'NONE', #1553, 2.099999999999990763 ) ;
#2440 = EDGE_LOOP ( 'NONE', ( #451, #1319, #596, #1493 ) ) ;
#2441 = CIRCLE ( 'NONE', #175, 11.49999999999999645 ) ;
#2442 = EDGE_CURVE ( 'NONE', #681, #2388, #2421, .T. ) ;
#2443 = CIRCLE ( 'NONE', #909, 1.599999999999990319 ) ;
#2444 = DIRECTION ( 'NONE',  ( 0.000000000000000000, 0.000000000000000000, 1.000000000000000000 ) ) ;
#2445 = FACE_OUTER_BOUND ( 'NONE', #2853, .T. ) ;
#2446 = ORIENTED_EDGE ( 'NONE', *, *, #988, .T. ) ;
#2447 = ORIENTED_EDGE ( 'NONE', *, *, #1184, .F. ) ;
#2448 = DIRECTION ( 'NONE',  ( 0.000000000000000000, 0.000000000000000000, 1.000000000000000000 ) ) ;
#2449 = CARTESIAN_POINT ( 'NONE',  ( -91.84497858474944110, 18.93445993171144792, 5.156746741152396396 ) ) ;
#2450 = FACE_OUTER_BOUND ( 'NONE', #943, .T. ) ;
#2451 = CARTESIAN_POINT ( 'NONE',  ( -93.79000000000000625, 0.000000000000000000, -4.500000000000000888 ) ) ;
#2452 = AXIS2_PLACEMENT_3D ( 'NONE', #2451, #687, #1578 ) ;
#2453 = CARTESIAN_POINT ( 'NONE',  ( -93.12343741200908198, -18.73926621767375522, 5.500000000111883836 ) ) ;
#2454 = ORIENTED_EDGE ( 'NONE', *, *, #2854, .F. ) ;
#2455 = EDGE_LOOP ( 'NONE', ( #531, #2241, #901, #224 ) ) ;
#2456 = CIRCLE ( 'NONE', #1198, 1.899999999999999023 ) ;
#2457 = AXIS2_PLACEMENT_3D ( 'NONE', #241, #2485, #498 ) ;
#2458 = CIRCLE ( 'NONE', #1204, 0.5000000000000004441 ) ;
#2459 = CARTESIAN_POINT ( 'NONE',  ( 86.79000000000000625, -8.572527594031484037E-16, -5.000000000000000000 ) ) ;
#2460 = DIRECTION ( 'NONE',  ( 1.224646799147353207E-16, 1.000000000000000000, -0.000000000000000000 ) ) ;
#2461 = CIRCLE ( 'NONE', #1801, 1.899999999999999023 ) ;
#2462 = VERTEX_POINT ( 'NONE', #1497 ) ;
#2463 = VERTEX_POINT ( 'NONE', #2839 ) ;
#2464 = CIRCLE ( 'NONE', #98, 0.5000000000000004441 ) ;
#2465 = CARTESIAN_POINT ( 'NONE',  ( -88.51164032228177803, 17.99660367130946170, 5.499999999791052474 ) ) ;
#2466 = DIRECTION ( 'NONE',  ( -1.000000000000000000, 0.000000000000000000, 0.000000000000000000 ) ) ;
#2467 = CARTESIAN_POINT ( 'NONE',  ( -94.79000000000000625, 1.224646799147352221E-16, 5.000000000000000888 ) ) ;
#2468 = EDGE_CURVE ( 'NONE', #1875, #1814, #1, .T. ) ;
#2469 = FACE_OUTER_BOUND ( 'NONE', #81, .T. ) ;
#2470 = FACE_OUTER_BOUND ( 'NONE', #1243, .T. ) ;
#2471 = CARTESIAN_POINT ( 'NONE',  ( -93.29000000000000625, 0.000000000000000000, -5.000000000000000000 ) ) ;
#2472 = EDGE_LOOP ( 'NONE', ( #2695, #2514, #834, #2447 ) ) ;
#2473 = CARTESIAN_POINT ( 'NONE',  ( -93.79000000000000625, 13.50000000000000000, -5.000000000000000000 ) ) ;
#2474 = DIRECTION ( 'NONE',  ( 1.224646799147353207E-16, 1.000000000000000000, -0.000000000000000000 ) ) ;
#2475 = ORIENTED_EDGE ( 'NONE', *, *, #370, .F. ) ;
#2476 = EDGE_LOOP ( 'NONE', ( #708, #892, #2832, #1045 ) ) ;
#2477 = CARTESIAN_POINT ( 'NONE',  ( -87.88109943210329789, 18.46492959016526925, 5.168768105296971171 ) ) ;
#2478 = DIRECTION ( 'NONE',  ( -0.000000000000000000, -0.000000000000000000, -1.000000000000000000 ) ) ;
#2479 = CARTESIAN_POINT ( 'NONE',  ( 86.79000000000000625, -8.572527594031484037E-16, -1.999999999999997780 ) ) ;
#2480 = DIRECTION ( 'NONE',  ( 0.000000000000000000, 0.000000000000000000, 1.000000000000000000 ) ) ;
#2481 = DIRECTION ( 'NONE',  ( -0.000000000000000000, -0.000000000000000000, 1.000000000000000000 ) ) ;
#2482 = CARTESIAN_POINT ( 'NONE',  ( -93.79000000000000625, 13.50000000000000000, -5.000000000000000000 ) ) ;
#2483 = EDGE_CURVE ( 'NONE', #251, #1314, #1523, .T. ) ;
#2484 = VERTEX_POINT ( 'NONE', #631 ) ;
#2485 = DIRECTION ( 'NONE',  ( 0.000000000000000000, 0.000000000000000000, 1.000000000000000000 ) ) ;
#2486 = ORIENTED_EDGE ( 'NONE', *, *, #2410, .F. ) ;
#2487 = AXIS2_PLACEMENT_3D ( 'NONE', #2599, #607, #2612 ) ;
#2488 = ORIENTED_EDGE ( 'NONE', *, *, #320, .T. ) ;
#2489 = AXIS2_PLACEMENT_3D ( 'NONE', #941, #293, #62 ) ;
#2490 = CARTESIAN_POINT ( 'NONE',  ( 95.19000000000002615, -7.000000000000000000, 33.50000000000000000 ) ) ;
#2491 = FACE_BOUND ( 'NONE', #257, .T. ) ;
#2492 = CARTESIAN_POINT ( 'NONE',  ( 100.7900000000000205, 0.000000000000000000, -4.999999999999997335 ) ) ;
#2493 = VECTOR ( 'NONE', #2595, 1000.000000000000000 ) ;
#2494 = CARTESIAN_POINT ( 'NONE',  ( -82.09865704891009841, -6.750000000000006217, 5.000000000000000000 ) ) ;
#2495 = DIRECTION ( 'NONE',  ( 1.000000000000000000, 0.000000000000000000, 0.000000000000000000 ) ) ;
#2496 = DIRECTION ( 'NONE',  ( 1.000000000000000000, 0.000000000000000000, 0.000000000000000000 ) ) ;
#2497 = ORIENTED_EDGE ( 'NONE', *, *, #1097, .T. ) ;
#2498 = EDGE_CURVE ( 'NONE', #853, #1353, #548, .T. ) ;
#2499 = FACE_OUTER_BOUND ( 'NONE', #783, .T. ) ;
#2500 = ORIENTED_EDGE ( 'NONE', *, *, #1258, .F. ) ;
#2501 = AXIS2_PLACEMENT_3D ( 'NONE', #2694, #2008, #1395 ) ;
#2502 = TOROIDAL_SURFACE ( 'NONE', #550, 16.50000000000000711, 0.5000000000000000000 ) ;
#2503 = CARTESIAN_POINT ( 'NONE',  ( -92.13930076306859007, 18.67814965533376892, 5.499999999852398958 ) ) ;
#2504 = FACE_BOUND ( 'NONE', #769, .T. ) ;
#2505 = AXIS2_PLACEMENT_3D ( 'NONE', #2308, #689, #1580 ) ;
#2506 = CYLINDRICAL_SURFACE ( 'NONE', #2157, 1.599999999999990319 ) ;
#2507 = EDGE_CURVE ( 'NONE', #2351, #591, #1615, .T. ) ;
#2508 = VECTOR ( 'NONE', #904, 1000.000000000000000 ) ;
#2509 = DIRECTION ( 'NONE',  ( -0.000000000000000000, -0.000000000000000000, -1.000000000000000000 ) ) ;
#2510 = VECTOR ( 'NONE', #540, 1000.000000000000000 ) ;
#2511 = DIRECTION ( 'NONE',  ( 1.000000000000000000, 0.000000000000000000, 0.000000000000000000 ) ) ;
#2512 = FACE_OUTER_BOUND ( 'NONE', #572, .T. ) ;
#2513 = DIRECTION ( 'NONE',  ( 0.000000000000000000, 0.000000000000000000, 1.000000000000000000 ) ) ;
#2514 = ORIENTED_EDGE ( 'NONE', *, *, #1093, .T. ) ;
#2515 = CARTESIAN_POINT ( 'NONE',  ( 94.00110992643139696, -16.49864941742086089, 5.000000000000000000 ) ) ;
#2516 = ORIENTED_EDGE ( 'NONE', *, *, #1256, .F. ) ;
#2517 = EDGE_LOOP ( 'NONE', ( #1074, #1288, #2643, #1173 ) ) ;
#2518 = CARTESIAN_POINT ( 'NONE',  ( -85.04738677140598213, 16.59485412101576784, 5.500000000111184839 ) ) ;
#2519 = FACE_OUTER_BOUND ( 'NONE', #1953, .T. ) ;
#2520 = CARTESIAN_POINT ( 'NONE',  ( -93.79000000000000625, 0.000000000000000000, 5.000000000000000888 ) ) ;
#2521 = DIRECTION ( 'NONE',  ( -0.000000000000000000, -0.000000000000000000, -1.000000000000000000 ) ) ;
#2522 = FACE_OUTER_BOUND ( 'NONE', #1565, .T. ) ;
#2523 = VERTEX_POINT ( 'NONE', #512 ) ;
#2524 = LINE ( 'NONE', #1013, #1012 ) ;
#2525 = ORIENTED_EDGE ( 'NONE', *, *, #2124, .F. ) ;
#2526 = ORIENTED_EDGE ( 'NONE', *, *, #233, .T. ) ;
#2527 = DIRECTION ( 'NONE',  ( -1.000000000000000000, 0.000000000000000000, 0.000000000000000000 ) ) ;
#2528 = FACE_OUTER_BOUND ( 'NONE', #2761, .T. ) ;
#2529 = AXIS2_PLACEMENT_3D ( 'NONE', #955, #521, #2691 ) ;
#2530 = CIRCLE ( 'NONE', #996, 1.000000000000000888 ) ;
#2531 = ADVANCED_FACE ( 'NONE', ( #270 ), #373, .T. ) ;
#2532 = CONICAL_SURFACE ( 'NONE', #818, 18.75000000000001776, 0.7853981633974630450 ) ;
#2533 = CYLINDRICAL_SURFACE ( 'NONE', #1845, 1.399999999999998579 ) ;
#2534 = EDGE_CURVE ( 'NONE', #1780, #2140, #1571, .T. ) ;
#2535 = CARTESIAN_POINT ( 'NONE',  ( 102.3900000000000290, 0.000000000000000000, -1.999999999999997335 ) ) ;
#2536 = DIRECTION ( 'NONE',  ( -1.000000000000000000, 1.224646799147351975E-16, 0.000000000000000000 ) ) ;
#2537 = CARTESIAN_POINT ( 'NONE',  ( 95.69000000000001194, 7.000000000000000000, -4.500000000000003553 ) ) ;
#2538 = ORIENTED_EDGE ( 'NONE', *, *, #1502, .T. ) ;
#2539 = DIRECTION ( 'NONE',  ( 1.000000000000000000, 8.881784197001256268E-16, 0.000000000000000000 ) ) ;
#2540 = VERTEX_POINT ( 'NONE', #53 ) ;
#2541 = EDGE_LOOP ( 'NONE', ( #501, #662 ) ) ;
#2542 = CARTESIAN_POINT ( 'NONE',  ( -85.96217343576742564, 17.04545689229554029, 5.499999999888859570 ) ) ;
#2543 = DIRECTION ( 'NONE',  ( 1.000000000000000000, 0.000000000000000000, 0.000000000000000000 ) ) ;
#2544 = VECTOR ( 'NONE', #1712, 1000.000000000000000 ) ;
#2545 = TOROIDAL_SURFACE ( 'NONE', #2414, 1.900000000000002354, 0.5000000000000000000 ) ;
#2546 = CARTESIAN_POINT ( 'NONE',  ( -93.54178590468067966, 19.39841204230091165, -4.500000000000000888 ) ) ;
#2547 = CIRCLE ( 'NONE', #836, 0.5000000000000004441 ) ;
#2548 = DIRECTION ( 'NONE',  ( 0.000000000000000000, 0.000000000000000000, -1.000000000000000000 ) ) ;
#2549 = AXIS2_PLACEMENT_3D ( 'NONE', #334, #375, #1255 ) ;
#2550 = EDGE_CURVE ( 'NONE', #2295, #1737, #2028, .T. ) ;
#2551 = DIRECTION ( 'NONE',  ( -1.000000000000000000, 0.000000000000000000, 0.000000000000000000 ) ) ;
#2552 = DIRECTION ( 'NONE',  ( 0.000000000000000000, 0.000000000000000000, 1.000000000000000000 ) ) ;
#2553 = ORIENTED_EDGE ( 'NONE', *, *, #1628, .F. ) ;
#2554 = CARTESIAN_POINT ( 'NONE',  ( 93.79000000000000625, 0.000000000000000000, -4.500000000000000888 ) ) ;
#2555 = CARTESIAN_POINT ( 'NONE',  ( -83.99865704891010409, -6.750000000000006217, 5.000000000000000888 ) ) ;
#2556 = CARTESIAN_POINT ( 'NONE',  ( -93.79000000000000625, 13.50000000000000000, 5.000000000000000000 ) ) ;
#2557 = ORIENTED_EDGE ( 'NONE', *, *, #320, .F. ) ;
#2558 = DIRECTION ( 'NONE',  ( -0.000000000000000000, -0.000000000000000000, 1.000000000000000000 ) ) ;
#2559 = CYLINDRICAL_SURFACE ( 'NONE', #2325, 0.5000000000000004441 ) ;
#2560 = EDGE_LOOP ( 'NONE', ( #2373, #1949, #482, #1570 ) ) ;
#2561 = CYLINDRICAL_SURFACE ( 'NONE', #692, 1.399999999999998579 ) ;
#2562 = DIRECTION ( 'NONE',  ( -0.000000000000000000, -0.000000000000000000, -1.000000000000000000 ) ) ;
#2563 = EDGE_CURVE ( 'NONE', #1837, #2462, #1059, .T. ) ;
#2564 = FACE_OUTER_BOUND ( 'NONE', #2440, .T. ) ;
#2565 = CARTESIAN_POINT ( 'NONE',  ( 94.00750719692932478, -16.99860849067604462, 4.500000000000001776 ) ) ;
#2566 = VERTEX_POINT ( 'NONE', #945 ) ;
#2567 = CARTESIAN_POINT ( 'NONE',  ( -93.54332543609919526, -19.27809468171771812, 4.825343775675084323 ) ) ;
#2568 = EDGE_CURVE ( 'NONE', #2723, #1130, #1797, .T. ) ;
#2569 = DIRECTION ( 'NONE',  ( -1.000000000000000000, 1.224646799147352468E-16, 0.000000000000000000 ) ) ;
#2570 = ORIENTED_EDGE ( 'NONE', *, *, #261, .T. ) ;
#2571 = DIRECTION ( 'NONE',  ( 1.000000000000000000, 0.000000000000000000, 0.000000000000000000 ) ) ;
#2572 = DIRECTION ( 'NONE',  ( 0.000000000000000000, 0.000000000000000000, -1.000000000000000000 ) ) ;
#2573 = AXIS2_PLACEMENT_3D ( 'NONE', #1859, #650, #719 ) ;
#2574 = AXIS2_PLACEMENT_3D ( 'NONE', #1952, #1964, #1372 ) ;
#2575 = DIRECTION ( 'NONE',  ( -1.224646799147353207E-16, 1.000000000000000000, 0.000000000000000000 ) ) ;
#2576 = VERTEX_POINT ( 'NONE', #2224 ) ;
#2577 = AXIS2_PLACEMENT_3D ( 'NONE', #978, #1423, #742 ) ;
#2578 = AXIS2_PLACEMENT_3D ( 'NONE', #1056, #1246, #1938 ) ;
#2579 = DIRECTION ( 'NONE',  ( -1.000000000000000000, 0.000000000000000000, 0.000000000000000000 ) ) ;
#2580 = CARTESIAN_POINT ( 'NONE',  ( 92.39000000000001478, 7.000000000000000000, 34.00000000000000000 ) ) ;
#2581 = EDGE_LOOP ( 'NONE', ( #2286, #2166, #361, #311 ) ) ;
#2582 = ADVANCED_FACE ( 'NONE', ( #2499 ), #414, .T. ) ;
#2583 = CARTESIAN_POINT ( 'NONE',  ( 94.00750719692932478, 16.99860849067606949, -4.500000000000000888 ) ) ;
#2584 = VERTEX_POINT ( 'NONE', #1145 ) ;
#2585 = EDGE_CURVE ( 'NONE', #287, #1709, #923, .T. ) ;
#2586 = DIRECTION ( 'NONE',  ( -0.000000000000000000, -0.000000000000000000, -1.000000000000000000 ) ) ;
#2587 = DIRECTION ( 'NONE',  ( 0.000000000000000000, -1.000000000000000000, 0.000000000000000000 ) ) ;
#2588 = VERTEX_POINT ( 'NONE', #707 ) ;
#2589 = CARTESIAN_POINT ( 'NONE',  ( -82.09865704891009841, -6.750000000000006217, -5.000000000000000000 ) ) ;
#2590 = ORIENTED_EDGE ( 'NONE', *, *, #664, .T. ) ;
#2591 = CIRCLE ( 'NONE', #1341, 16.50000000000001421 ) ;
#2592 = VECTOR ( 'NONE', #1228, 1000.000000000000000 ) ;
#2593 = DIRECTION ( 'NONE',  ( -1.000000000000000000, 0.000000000000000000, 0.000000000000000000 ) ) ;
#2594 = TOROIDAL_SURFACE ( 'NONE', #1887, 18.90000000000000568, 0.5000000000000000000 ) ;
#2595 = DIRECTION ( 'NONE',  ( -0.9999181465103560429, 0.01279454099584170952, 0.000000000000000000 ) ) ;
#2596 = ORIENTED_EDGE ( 'NONE', *, *, #180, .T. ) ;
#2597 = DIRECTION ( 'NONE',  ( 1.000000000000000000, 0.000000000000000000, 0.000000000000000000 ) ) ;
#2598 = ORIENTED_EDGE ( 'NONE', *, *, #109, .F. ) ;
#2599 = CARTESIAN_POINT ( 'NONE',  ( -82.09865704891009841, -6.750000000000006217, 5.000000000000000000 ) ) ;
#2600 = DIRECTION ( 'NONE',  ( 1.224646799147353207E-16, 1.000000000000000000, -0.000000000000000000 ) ) ;
#2601 = ORIENTED_EDGE ( 'NONE', *, *, #372, .T. ) ;
#2602 = CARTESIAN_POINT ( 'NONE',  ( 93.79000000000000625, 0.000000000000000000, -4.500000000000000888 ) ) ;
#2603 = CARTESIAN_POINT ( 'NONE',  ( 103.8150000000000119, 1.227708416145222385E-15, 5.000000000000000000 ) ) ;
#2604 = DIRECTION ( 'NONE',  ( 1.000000000000000000, 0.000000000000000000, 0.000000000000000000 ) ) ;
#2605 = EDGE_LOOP ( 'NONE', ( #2220, #778, #319, #710 ) ) ;
#2606 = B_SPLINE_CURVE_WITH_KNOTS ( 'NONE', 3,
 ( #2747, #1665, #338, #985, #2087, #93, #523, #2734, #322, #1406 ),
 .UNSPECIFIED., .F., .F.,
 ( 4, 2, 2, 2, 4 ),
 ( 0.000000000000000000, 0.002754884723069840526, 0.005509769446139681053, 0.008264654169209521145, 0.01101953889227936211 ),
 .UNSPECIFIED. ) ;
#2607 = CARTESIAN_POINT ( 'NONE',  ( -92.35066304307331109, -19.25547110051868671, 4.833772303591127972 ) ) ;
#2608 = DIRECTION ( 'NONE',  ( -0.000000000000000000, -0.000000000000000000, -1.000000000000000000 ) ) ;
#2609 = EDGE_LOOP ( 'NONE', ( #1164, #961, #947, #1928 ) ) ;
#2610 = FACE_OUTER_BOUND ( 'NONE', #2101, .T. ) ;
#2611 = EDGE_LOOP ( 'NONE', ( #1313, #2073, #1999, #1662 ) ) ;
#2612 = DIRECTION ( 'NONE',  ( 1.000000000000000000, 0.000000000000000000, 0.000000000000000000 ) ) ;
#2613 = DIRECTION ( 'NONE',  ( -1.000000000000000000, 0.000000000000000000, 0.000000000000000000 ) ) ;
#2614 = CARTESIAN_POINT ( 'NONE',  ( -105.4813429510899283, -6.750000000000006217, -5.000000000000000000 ) ) ;
#2615 = DIRECTION ( 'NONE',  ( -0.000000000000000000, -0.000000000000000000, -1.000000000000000000 ) ) ;
#2616 = EDGE_LOOP ( 'NONE', ( #624, #2749, #1647, #2214 ) ) ;
#2617 = EDGE_CURVE ( 'NONE', #2024, #1539, #833, .T. ) ;
#2618 = CARTESIAN_POINT ( 'NONE',  ( -87.06708542466104461, -18.31362994531991717, 5.160976434242419586 ) ) ;
#2619 = ADVANCED_FACE ( 'NONE', ( #2664 ), #1379, .F. ) ;
#2620 = VECTOR ( 'NONE', #365, 1000.000000000000000 ) ;
#2621 = CIRCLE ( 'NONE', #1829, 1.899999999999999023 ) ;
#2622 = ORIENTED_EDGE ( 'NONE', *, *, #2144, .T. ) ;
#2623 = DIRECTION ( 'NONE',  ( 0.000000000000000000, 0.000000000000000000, 1.000000000000000000 ) ) ;
#2624 = ORIENTED_EDGE ( 'NONE', *, *, #1360, .T. ) ;
#2625 = DIRECTION ( 'NONE',  ( -1.000000000000000000, 0.000000000000000000, 0.000000000000000000 ) ) ;
#2626 = DIRECTION ( 'NONE',  ( 1.000000000000000000, 0.000000000000000000, 0.000000000000000000 ) ) ;
#2627 = VERTEX_POINT ( 'NONE', #2285 ) ;
#2628 = CARTESIAN_POINT ( 'NONE',  ( 86.79000000000000625, -8.572527594031484037E-16, -4.500000000000000888 ) ) ;
#2629 = EDGE_LOOP ( 'NONE', ( #879, #753, #1419, #1057 ) ) ;
#2630 = CARTESIAN_POINT ( 'NONE',  ( -93.28720184625065315, -18.99547789196943270, 5.151303417608954938 ) ) ;
#2631 = AXIS2_PLACEMENT_3D ( 'NONE', #1822, #1611, #697 ) ;
#2632 = VERTEX_POINT ( 'NONE', #1813 ) ;
#2633 = CIRCLE ( 'NONE', #2273, 0.4999999999999995559 ) ;
#2634 = AXIS2_PLACEMENT_3D ( 'NONE', #1469, #2126, #1036 ) ;
#2635 = DIRECTION ( 'NONE',  ( -1.000000000000000000, 0.000000000000000000, 0.000000000000000000 ) ) ;
#2636 = VECTOR ( 'NONE', #1981, 1000.000000000000000 ) ;
#2637 = ADVANCED_FACE ( 'NONE', ( #1549 ), #455, .F. ) ;
#2638 = ORIENTED_EDGE ( 'NONE', *, *, #1401, .T. ) ;
#2639 = AXIS2_PLACEMENT_3D ( 'NONE', #657, #207, #2217 ) ;
#2640 = CARTESIAN_POINT ( 'NONE',  ( -93.79000000000000625, 0.000000000000000000, 5.000000000000000000 ) ) ;
#2641 = DIRECTION ( 'NONE',  ( -1.000000000000000000, 0.000000000000000000, 0.000000000000000000 ) ) ;
#2642 =( GEOMETRIC_REPRESENTATION_CONTEXT ( 3 ) GLOBAL_UNCERTAINTY_ASSIGNED_CONTEXT ( ( #744 ) ) GLOBAL_UNIT_ASSIGNED_CONTEXT ( ( #2778, #1034, #342 ) ) REPRESENTATION_CONTEXT ( 'NONE', 'WORKASPACE' ) );
#2643 = ORIENTED_EDGE ( 'NONE', *, *, #1554, .F. ) ;
#2644 = ORIENTED_EDGE ( 'NONE', *, *, #1973, .T. ) ;
#2645 = CARTESIAN_POINT ( 'NONE',  ( -93.79000000000000625, 0.000000000000000000, 5.000000000000000000 ) ) ;
#2646 = CARTESIAN_POINT ( 'NONE',  ( -91.60800779158412865, -18.62344440366955922, 5.499999999936424189 ) ) ;
#2647 = EDGE_CURVE ( 'NONE', #1338, #1365, #2320, .T. ) ;
#2648 = ORIENTED_EDGE ( 'NONE', *, *, #1332, .F. ) ;
#2649 = DIRECTION ( 'NONE',  ( 0.000000000000000000, 0.000000000000000000, -1.000000000000000000 ) ) ;
#2650 = VERTEX_POINT ( 'NONE', #11 ) ;
#2651 = EDGE_CURVE ( 'NONE', #1030, #600, #779, .T. ) ;
#2652 = CARTESIAN_POINT ( 'NONE',  ( 100.7900000000000205, 0.000000000000000000, -1.999999999999997780 ) ) ;
#2653 = EDGE_LOOP ( 'NONE', ( #2516, #606, #2394, #509 ) ) ;
#2654 = VERTEX_POINT ( 'NONE', #2042 ) ;
#2655 = DIRECTION ( 'NONE',  ( -1.000000000000000000, 0.000000000000000000, 0.000000000000000000 ) ) ;
#2656 = FACE_OUTER_BOUND ( 'NONE', #2616, .T. ) ;
#2657 = DIRECTION ( 'NONE',  ( 0.000000000000000000, 0.000000000000000000, 1.000000000000000000 ) ) ;
#2658 = CARTESIAN_POINT ( 'NONE',  ( -90.60858183109542097, -19.19201729300265669, 4.874757508474810486 ) ) ;
#2659 = ORIENTED_EDGE ( 'NONE', *, *, #2786, .F. ) ;
#2660 = TOROIDAL_SURFACE ( 'NONE', #1868, 2.099999999999997424, 0.5000000000000000000 ) ;
#2661 = AXIS2_PLACEMENT_3D ( 'NONE', #362, #1881, #2511 ) ;
#2662 = VERTEX_POINT ( 'NONE', #1793 ) ;
#2663 = AXIS2_PLACEMENT_3D ( 'NONE', #2014, #2046, #2669 ) ;
#2664 = FACE_OUTER_BOUND ( 'NONE', #1099, .T. ) ;
#2665 = DIRECTION ( 'NONE',  ( 1.000000000000000000, 0.000000000000000000, 0.000000000000000000 ) ) ;
#2666 = EDGE_LOOP ( 'NONE', ( #2821, #2857 ) ) ;
#2667 = ORIENTED_EDGE ( 'NONE', *, *, #2718, .T. ) ;
#2668 = EDGE_CURVE ( 'NONE', #1748, #428, #47, .T. ) ;
#2669 = DIRECTION ( 'NONE',  ( 1.000000000000000000, 0.000000000000000000, 0.000000000000000000 ) ) ;
#2670 = CYLINDRICAL_SURFACE ( 'NONE', #1432, 1.599999999999990319 ) ;
#2671 = DIRECTION ( 'NONE',  ( 1.000000000000000000, 0.000000000000000000, 0.000000000000000000 ) ) ;
#2672 = ADVANCED_FACE ( 'NONE', ( #471 ), #1351, .F. ) ;
#2673 = DIRECTION ( 'NONE',  ( 0.000000000000000000, 0.000000000000000000, 1.000000000000000000 ) ) ;
#2674 = CARTESIAN_POINT ( 'NONE',  ( -105.4813429510899283, -6.750000000000006217, 5.000000000000000000 ) ) ;
#2675 = DIRECTION ( 'NONE',  ( 0.000000000000000000, 0.000000000000000000, 1.000000000000000000 ) ) ;
#2676 = VERTEX_POINT ( 'NONE', #2071 ) ;
#2677 = AXIS2_PLACEMENT_3D ( 'NONE', #1029, #1009, #1429 ) ;
#2678 = CIRCLE ( 'NONE', #1205, 1.000000000000000888 ) ;
#2679 = AXIS2_PLACEMENT_3D ( 'NONE', #2020, #1142, #46 ) ;
#2680 = DIRECTION ( 'NONE',  ( 1.000000000000000000, 0.000000000000000000, 0.000000000000000000 ) ) ;
#2681 = CARTESIAN_POINT ( 'NONE',  ( -93.29000000000000625, 0.000000000000000000, -4.500000000000000888 ) ) ;
#2682 = COLOUR_RGB ( '',1.000000000000000000, 0.1686274509803921684, 0.1686274509803921684 ) ;
#2683 = ORIENTED_EDGE ( 'NONE', *, *, #1259, .F. ) ;
#2684 = EDGE_LOOP ( 'NONE', ( #1436, #1899, #150, #914 ) ) ;
#2685 = AXIS2_PLACEMENT_3D ( 'NONE', #2793, #1727, #2155 ) ;
#2686 = CARTESIAN_POINT ( 'NONE',  ( -89.61288674336543636, 18.28256102784764181, 5.499999999804987993 ) ) ;
#2687 = DIRECTION ( 'NONE',  ( 0.7071067811865578978, 0.000000000000000000, 0.7071067811865371366 ) ) ;
#2688 = CARTESIAN_POINT ( 'NONE',  ( 94.00110992643139696, 16.49864941742089286, 5.000000000000000000 ) ) ;
#2689 = CARTESIAN_POINT ( 'NONE',  ( -83.05970088493143066, -18.77866452571090150, 5.000000000000007994 ) ) ;
#2690 = FACE_OUTER_BOUND ( 'NONE', #2472, .T. ) ;
#2691 = DIRECTION ( 'NONE',  ( -1.000000000000000000, -1.224646799147352468E-16, 0.000000000000000000 ) ) ;
#2692 = LINE ( 'NONE', #2471, #1431 ) ;
#2693 = ORIENTED_EDGE ( 'NONE', *, *, #1401, .F. ) ;
#2694 = CARTESIAN_POINT ( 'NONE',  ( 100.7900000000000205, 0.000000000000000000, -4.999999999999997335 ) ) ;
#2695 = ORIENTED_EDGE ( 'NONE', *, *, #899, .F. ) ;
#2696 = ORIENTED_EDGE ( 'NONE', *, *, #1556, .T. ) ;
#2697 = ORIENTED_EDGE ( 'NONE', *, *, #916, .T. ) ;
#2698 = CARTESIAN_POINT ( 'NONE',  ( -92.51541770108961771, 18.70757927879386173, 5.500000000147634793 ) ) ;
#2699 = DIRECTION ( 'NONE',  ( 1.224646799147353207E-16, 1.000000000000000000, -0.000000000000000000 ) ) ;
#2700 = CARTESIAN_POINT ( 'NONE',  ( -84.14618525770983126, -16.07978038458200132, 5.500000000000018652 ) ) ;
#2701 = DIRECTION ( 'NONE',  ( -0.9999181465103560429, -0.01279454099584183616, -0.000000000000000000 ) ) ;
#2702 = EDGE_CURVE ( 'NONE', #1751, #2650, #2774, .T. ) ;
#2703 = EDGE_CURVE ( 'NONE', #1751, #94, #432, .T. ) ;
#2704 = ORIENTED_EDGE ( 'NONE', *, *, #2550, .F. ) ;
#2705 = CIRCLE ( 'NONE', #813, 0.5000000000000004441 ) ;
#2706 = CIRCLE ( 'NONE', #2110, 1.000000000000000888 ) ;
#2707 = CARTESIAN_POINT ( 'NONE',  ( 93.79000000000000625, 7.000000000000000000, 33.50000000000000000 ) ) ;
#2708 = ORIENTED_EDGE ( 'NONE', *, *, #1271, .T. ) ;
#2709 = AXIS2_PLACEMENT_3D ( 'NONE', #757, #1841, #1437 ) ;
#2710 = ORIENTED_EDGE ( 'NONE', *, *, #1556, .F. ) ;
#2711 = AXIS2_PLACEMENT_3D ( 'NONE', #1234, #2387, #393 ) ;
#2712 = CARTESIAN_POINT ( 'NONE',  ( -84.14618525770988811, 16.07978038458201198, 5.500000000000000000 ) ) ;
#2713 = CARTESIAN_POINT ( 'NONE',  ( 100.7900000000000205, 0.000000000000000000, -4.999999999999997335 ) ) ;
#2714 = AXIS2_PLACEMENT_3D ( 'NONE', #702, #1343, #2671 ) ;
#2715 = CARTESIAN_POINT ( 'NONE',  ( 93.79000000000002046, -7.000000000000000000, -4.500000000000003553 ) ) ;
#2716 = DIRECTION ( 'NONE',  ( 1.000000000000000000, 0.000000000000000000, 0.000000000000000000 ) ) ;
#2717 = FACE_OUTER_BOUND ( 'NONE', #1507, .T. ) ;
#2718 = EDGE_CURVE ( 'NONE', #337, #1815, #2411, .T. ) ;
#2719 = CARTESIAN_POINT ( 'NONE',  ( 93.79000000000002046, -7.000000000000000000, 34.00000000000000000 ) ) ;
#2720 = ORIENTED_EDGE ( 'NONE', *, *, #685, .F. ) ;
#2721 = CARTESIAN_POINT ( 'NONE',  ( 93.79000000000000625, 0.000000000000000000, -4.500000000000000888 ) ) ;
#2722 = ORIENTED_EDGE ( 'NONE', *, *, #1607, .F. ) ;
#2723 = VERTEX_POINT ( 'NONE', #1851 ) ;
#2724 = AXIS2_PLACEMENT_3D ( 'NONE', #1283, #1310, #1969 ) ;
#2725 = AXIS2_PLACEMENT_3D ( 'NONE', #103, #2552, #1860 ) ;
#2726 = FACE_OUTER_BOUND ( 'NONE', #2581, .T. ) ;
#2727 = DIRECTION ( 'NONE',  ( 1.000000000000000000, 0.000000000000000000, 0.000000000000000000 ) ) ;
#2728 = AXIS2_PLACEMENT_3D ( 'NONE', #335, #148, #2551 ) ;
#2729 = EDGE_CURVE ( 'NONE', #284, #1430, #2606, .T. ) ;
#2730 = DIRECTION ( 'NONE',  ( -1.000000000000000000, 0.000000000000000000, 0.000000000000000000 ) ) ;
#2731 = DIRECTION ( 'NONE',  ( -1.000000000000000000, 0.000000000000000000, 0.000000000000000000 ) ) ;
#2732 = DIRECTION ( 'NONE',  ( 0.000000000000000000, 0.000000000000000000, 1.000000000000000000 ) ) ;
#2733 = ORIENTED_EDGE ( 'NONE', *, *, #1638, .T. ) ;
#2734 = CARTESIAN_POINT ( 'NONE',  ( -84.37498857890184922, 18.83442136422603141, 4.998412287121921871 ) ) ;
#2735 = ORIENTED_EDGE ( 'NONE', *, *, #1555, .F. ) ;
#2736 = VERTEX_POINT ( 'NONE', #2555 ) ;
#2737 = ADVANCED_FACE ( 'NONE', ( #1649 ), #971, .T. ) ;
#2738 = CARTESIAN_POINT ( 'NONE',  ( -85.27986379665195216, 17.91581641164260574, 5.116807777378149069 ) ) ;
#2739 = DIRECTION ( 'NONE',  ( 0.000000000000000000, -1.000000000000000000, 0.000000000000000000 ) ) ;
#2740 = EDGE_CURVE ( 'NONE', #2388, #764, #2591, .T. ) ;
#2741 = EDGE_CURVE ( 'NONE', #1010, #2632, #2764, .T. ) ;
#2742 = FACE_OUTER_BOUND ( 'NONE', #1821, .T. ) ;
#2743 = FACE_OUTER_BOUND ( 'NONE', #877, .T. ) ;
#2744 = FACE_OUTER_BOUND ( 'NONE', #23, .T. ) ;
#2745 = PLANE ( 'NONE',  #138 ) ;
#2746 = ORIENTED_EDGE ( 'NONE', *, *, #2805, .T. ) ;
#2747 = CARTESIAN_POINT ( 'NONE',  ( -93.54332543609919526, 19.27809468171773588, 4.825343775675063895 ) ) ;
#2748 = DIRECTION ( 'NONE',  ( 1.000000000000000000, 0.000000000000000000, 0.000000000000000000 ) ) ;
#2749 = ORIENTED_EDGE ( 'NONE', *, *, #806, .T. ) ;
#2750 = FACE_OUTER_BOUND ( 'NONE', #725, .T. ) ;
#2751 = SURFACE_STYLE_USAGE ( .BOTH. , #2346 ) ;
#2752 = CIRCLE ( 'NONE', #2302, 11.49999999999999645 ) ;
#2753 = CIRCLE ( 'NONE', #1739, 18.75000000000001776 ) ;
#2754 = DIRECTION ( 'NONE',  ( 1.000000000000000000, 0.000000000000000000, 0.000000000000000000 ) ) ;
#2755 = CARTESIAN_POINT ( 'NONE',  ( 93.79000000000000625, 0.000000000000000000, 5.000000000000000000 ) ) ;
#2756 = DIRECTION ( 'NONE',  ( -1.000000000000000000, 1.224646799147353454E-16, 0.000000000000000000 ) ) ;
#2757 = DIRECTION ( 'NONE',  ( -1.000000000000000000, 0.000000000000000000, 0.000000000000000000 ) ) ;
#2758 = ORIENTED_EDGE ( 'NONE', *, *, #899, .T. ) ;
#2759 = CARTESIAN_POINT ( 'NONE',  ( -83.45761784163705954, -18.79479895647230236, 5.000000000000102141 ) ) ;
#2760 = LINE ( 'NONE', #2360, #1462 ) ;
#2761 = EDGE_LOOP ( 'NONE', ( #898, #644, #2206, #2733, #2659 ) ) ;
#2762 = PLANE ( 'NONE',  #1692 ) ;
#2763 = DIRECTION ( 'NONE',  ( 1.000000000000000000, 0.000000000000000000, 0.000000000000000000 ) ) ;
#2764 = CIRCLE ( 'NONE', #1197, 0.5000000000000004441 ) ;
#2765 = VECTOR ( 'NONE', #1835, 1000.000000000000000 ) ;
#2766 = TOROIDAL_SURFACE ( 'NONE', #1528, 1.900000000000002354, 0.5000000000000000000 ) ;
#2767 = CARTESIAN_POINT ( 'NONE',  ( -80.69865704891010694, -6.750000000000006217, -4.500000000000000888 ) ) ;
#2768 = CIRCLE ( 'NONE', #2276, 1.899999999999999023 ) ;
#2769 = DIRECTION ( 'NONE',  ( -0.7071067811865578978, 8.659560562355059815E-17, 0.7071067811865371366 ) ) ;
#2770 = AXIS2_PLACEMENT_3D ( 'NONE', #758, #136, #2121 ) ;
#2771 = CARTESIAN_POINT ( 'NONE',  ( 92.79000000000000625, 1.224646799147352221E-16, -4.500000000000000888 ) ) ;
#2772 = DIRECTION ( 'NONE',  ( 0.000000000000000000, 0.000000000000000000, 1.000000000000000000 ) ) ;
#2773 = VERTEX_POINT ( 'NONE', #118 ) ;
#2774 = LINE ( 'NONE', #2515, #2222 ) ;
#2775 = DIRECTION ( 'NONE',  ( -0.000000000000000000, -0.000000000000000000, -1.000000000000000000 ) ) ;
#2776 = ORIENTED_EDGE ( 'NONE', *, *, #1397, .T. ) ;
#2777 = CARTESIAN_POINT ( 'NONE',  ( -84.58828493905855339, 16.34492874630361570, 5.499999999977885246 ) ) ;
#2778 =( LENGTH_UNIT ( ) NAMED_UNIT ( * ) SI_UNIT ( .MILLI., .METRE. ) );
#2779 = DIRECTION ( 'NONE',  ( 1.000000000000000000, 0.000000000000000000, 0.000000000000000000 ) ) ;
#2780 = ORIENTED_EDGE ( 'NONE', *, *, #1638, .F. ) ;
#2781 = DIRECTION ( 'NONE',  ( 1.000000000000000000, 0.000000000000000000, 0.000000000000000000 ) ) ;
#2782 = EDGE_LOOP ( 'NONE', ( #2835, #2710 ) ) ;
#2783 = CARTESIAN_POINT ( 'NONE',  ( -107.3813429510899340, -6.750000000000006217, 5.000000000000000888 ) ) ;
#2784 = DIRECTION ( 'NONE',  ( 0.000000000000000000, -1.000000000000000000, 0.000000000000000000 ) ) ;
#2785 = CARTESIAN_POINT ( 'NONE',  ( 93.79000000000000625, 0.000000000000000000, -4.500000000000000888 ) ) ;
#2786 = EDGE_CURVE ( 'NONE', #104, #1587, #1706, .T. ) ;
#2787 = ORIENTED_EDGE ( 'NONE', *, *, #1519, .T. ) ;
#2788 = DIRECTION ( 'NONE',  ( -0.000000000000000000, -0.000000000000000000, -1.000000000000000000 ) ) ;
#2789 = EDGE_CURVE ( 'NONE', #2386, #681, #688, .T. ) ;
#2790 = DIRECTION ( 'NONE',  ( 1.000000000000000000, 0.000000000000000000, 0.000000000000000000 ) ) ;
#2791 = ORIENTED_EDGE ( 'NONE', *, *, #1214, .T. ) ;
#2792 = DIRECTION ( 'NONE',  ( 1.000000000000000000, 0.000000000000000000, 0.000000000000000000 ) ) ;
#2793 = CARTESIAN_POINT ( 'NONE',  ( -93.54818317517860748, -18.89845296904573502, 4.500000000000000888 ) ) ;
#2794 = ORIENTED_EDGE ( 'NONE', *, *, #480, .F. ) ;
#2795 = CIRCLE ( 'NONE', #1018, 1.399999999999998579 ) ;
#2796 = VECTOR ( 'NONE', #2769, 1000.000000000000000 ) ;
#2797 = FACE_OUTER_BOUND ( 'NONE', #855, .T. ) ;
#2798 = ORIENTED_EDGE ( 'NONE', *, *, #1488, .T. ) ;
#2799 = DIRECTION ( 'NONE',  ( 0.000000000000000000, 0.000000000000000000, 1.000000000000000000 ) ) ;
#2800 = CIRCLE ( 'NONE', #1558, 0.5000000000000004441 ) ;
#2801 = CIRCLE ( 'NONE', #35, 0.4999999999999995559 ) ;
#2802 = CARTESIAN_POINT ( 'NONE',  ( 83.29000000000000625, -8.572527594031484037E-16, -4.500000000000000888 ) ) ;
#2803 = DIRECTION ( 'NONE',  ( 1.000000000000000000, 0.000000000000000000, 0.000000000000000000 ) ) ;
#2804 = EDGE_LOOP ( 'NONE', ( #2069, #1221, #1678, #1143 ) ) ;
#2805 = EDGE_CURVE ( 'NONE', #585, #709, #2054, .T. ) ;
#2806 = DIRECTION ( 'NONE',  ( 0.000000000000000000, 0.000000000000000000, -1.000000000000000000 ) ) ;
#2807 = ORIENTED_EDGE ( 'NONE', *, *, #1000, .T. ) ;
#2808 = CARTESIAN_POINT ( 'NONE',  ( 100.7900000000000205, 0.000000000000000000, 33.50000000000000000 ) ) ;
#2809 = DIRECTION ( 'NONE',  ( 0.000000000000000000, 0.000000000000000000, 1.000000000000000000 ) ) ;
#2810 = ORIENTED_EDGE ( 'NONE', *, *, #2498, .F. ) ;
#2811 = DIRECTION ( 'NONE',  ( 1.000000000000000000, 0.000000000000000000, 0.000000000000000000 ) ) ;
#2812 = CARTESIAN_POINT ( 'NONE',  ( 93.79000000000000625, 0.000000000000000000, 7.000000000000000000 ) ) ;
#2813 = AXIS2_PLACEMENT_3D ( 'NONE', #2378, #1484, #2626 ) ;
#2814 = ORIENTED_EDGE ( 'NONE', *, *, #1563, .T. ) ;
#2815 = AXIS2_PLACEMENT_3D ( 'NONE', #1631, #508, #1848 ) ;
#2816 = AXIS2_PLACEMENT_3D ( 'NONE', #1838, #997, #780 ) ;
#2817 = CIRCLE ( 'NONE', #1577, 2.099999999999990763 ) ;
#2818 = CARTESIAN_POINT ( 'NONE',  ( -91.63270249274511059, -18.92021888663559537, 5.158018469138847983 ) ) ;
#2819 = CIRCLE ( 'NONE', #2182, 0.4999999999999993894 ) ;
#2820 = DIRECTION ( 'NONE',  ( 1.000000000000000000, 0.000000000000000000, 0.000000000000000000 ) ) ;
#2821 = ORIENTED_EDGE ( 'NONE', *, *, #1610, .T. ) ;
#2822 = VECTOR ( 'NONE', #2687, 1000.000000000000000 ) ;
#2823 = DIRECTION ( 'NONE',  ( 0.000000000000000000, 0.000000000000000000, 1.000000000000000000 ) ) ;
#2824 = ORIENTED_EDGE ( 'NONE', *, *, #2339, .T. ) ;
#2825 = EDGE_CURVE ( 'NONE', #1010, #1081, #2524, .T. ) ;
#2826 = CARTESIAN_POINT ( 'NONE',  ( -82.09865704891009841, -6.750000000000006217, -5.000000000000000000 ) ) ;
#2827 = DIRECTION ( 'NONE',  ( 1.000000000000000000, 0.000000000000000000, 0.000000000000000000 ) ) ;
#2828 = ORIENTED_EDGE ( 'NONE', *, *, #1766, .F. ) ;
#2829 = ADVANCED_FACE ( 'NONE', ( #1420, #1206 ), #549, .F. ) ;
#2830 = DIRECTION ( 'NONE',  ( 1.224646799147353207E-16, 1.000000000000000000, -0.000000000000000000 ) ) ;
#2831 = DIRECTION ( 'NONE',  ( -0.000000000000000000, -0.000000000000000000, -1.000000000000000000 ) ) ;
#2832 = ORIENTED_EDGE ( 'NONE', *, *, #1744, .T. ) ;
#2833 = CARTESIAN_POINT ( 'NONE',  ( -88.51224760848511153, -17.99677790249196718, 5.499999999789805472 ) ) ;
#2834 = DIRECTION ( 'NONE',  ( 0.000000000000000000, 0.000000000000000000, 1.000000000000000000 ) ) ;
#2835 = ORIENTED_EDGE ( 'NONE', *, *, #1973, .F. ) ;
#2836 = DIRECTION ( 'NONE',  ( 1.000000000000000000, 0.000000000000000000, 0.000000000000000000 ) ) ;
#2837 = ORIENTED_EDGE ( 'NONE', *, *, #294, .T. ) ;
#2838 = CARTESIAN_POINT ( 'NONE',  ( -107.3813429510899340, -6.750000000000006217, 4.500000000000001776 ) ) ;
#2839 = CARTESIAN_POINT ( 'NONE',  ( -71.91750100080071206, 0.000000000000000000, 5.000000000000000000 ) ) ;
#2840 = DIRECTION ( 'NONE',  ( -1.000000000000000000, 0.000000000000000000, 0.000000000000000000 ) ) ;
#2841 = ORIENTED_EDGE ( 'NONE', *, *, #317, .F. ) ;
#2842 = DIRECTION ( 'NONE',  ( 0.000000000000000000, 0.000000000000000000, 1.000000000000000000 ) ) ;
#2843 = CARTESIAN_POINT ( 'NONE',  ( 98.69000000000002615, 0.000000000000000000, 34.00000000000000000 ) ) ;
#2844 = EDGE_CURVE ( 'NONE', #1696, #525, #1385, .T. ) ;
#2845 = ORIENTED_EDGE ( 'NONE', *, *, #1037, .F. ) ;
#2846 = AXIS2_PLACEMENT_3D ( 'NONE', #2338, #1687, #822 ) ;
#2847 = AXIS2_PLACEMENT_3D ( 'NONE', #1369, #2259, #603 ) ;
#2848 = CARTESIAN_POINT ( 'NONE',  ( -87.71217391538625918, -17.74256788716244770, 5.500000000210228279 ) ) ;
#2849 = CIRCLE ( 'NONE', #2207, 10.00000000000000000 ) ;
#2850 = CIRCLE ( 'NONE', #1139, 1.399999999999998579 ) ;
#2851 = VERTEX_POINT ( 'NONE', #1174 ) ;
#2852 = DIRECTION ( 'NONE',  ( 0.000000000000000000, -1.000000000000000000, 0.000000000000000000 ) ) ;
#2853 = EDGE_LOOP ( 'NONE', ( #2824, #2791, #1552, #1669 ) ) ;
#2854 = EDGE_CURVE ( 'NONE', #1054, #1757, #80, .T. ) ;
#2855 = DIRECTION ( 'NONE',  ( 0.000000000000000000, 0.000000000000000000, 1.000000000000000000 ) ) ;
#2856 = DIRECTION ( 'NONE',  ( 0.01279454099584188993, 0.9999181465103560429, 0.000000000000000000 ) ) ;
#2857 = ORIENTED_EDGE ( 'NONE', *, *, #612, .T. ) ;
#2858 = EDGE_LOOP ( 'NONE', ( #885, #7 ) ) ;
#2859 = DIRECTION ( 'NONE',  ( -0.000000000000000000, -0.000000000000000000, -1.000000000000000000 ) ) ;
#2860 = CARTESIAN_POINT ( 'NONE',  ( -92.07041395751150503, -19.24764376298672985, 4.838496191576206584 ) ) ;
ENDSEC;
END-ISO-10303-21;
