ISO-10303-21;
HEADER;
FILE_DESCRIPTION (( 'STEP AP214' ),
    '1' );
FILE_NAME ('RobotMount.STEP',
    '2026-09-19T19:54:42',
    ( '' ),
    ( '' ),
    'SwSTEP 2.0',
    'SolidWorks 2023',
    '' );
FILE_SCHEMA (( 'AUTOMOTIVE_DESIGN' ));
ENDSEC;

DATA;
#1 = CARTESIAN_POINT ( 'NONE',  ( 108.6534001081864176, 48.54370749419727105, 0.000000000000000000 ) ) ;
#2 = AXIS2_PLACEMENT_3D ( 'NONE', #2742, #3458, #408 ) ;
#3 = DIRECTION ( 'NONE',  ( 0.000000000000000000, 0.000000000000000000, 1.000000000000000000 ) ) ;
#4 = ORIENTED_EDGE ( 'NONE', *, *, #2798, .T. ) ;
#5 = CARTESIAN_POINT ( 'NONE',  ( 109.6227041034237715, 28.09971112800431570, 5.000000000000001776 ) ) ;
#6 = EDGE_CURVE ( 'NONE', #1638, #3632, #639, .T. ) ;
#7 = DIRECTION ( 'NONE',  ( -0.000000000000000000, -0.7071067811865475727, -0.7071067811865475727 ) ) ;
#8 = LINE ( 'NONE', #2008, #5077 ) ;
#9 = DIRECTION ( 'NONE',  ( 1.000000000000000000, 0.000000000000000000, 0.000000000000000000 ) ) ;
#10 = CARTESIAN_POINT ( 'NONE',  ( 198.7322586924987604, -1.150795125176037548, 3.265211678451013011 ) ) ;
#11 = ORIENTED_EDGE ( 'NONE', *, *, #4444, .F. ) ;
#12 = CARTESIAN_POINT ( 'NONE',  ( 13.24999999999998046, 32.49999999999990052, 5.000000000000000000 ) ) ;
#13 = ORIENTED_EDGE ( 'NONE', *, *, #3478, .F. ) ;
#14 = AXIS2_PLACEMENT_3D ( 'NONE', #4434, #99, #3262 ) ;
#15 = CARTESIAN_POINT ( 'NONE',  ( 136.8924871950501938, 12.14897587572937709, 4.999999999999999112 ) ) ;
#16 = CARTESIAN_POINT ( 'NONE',  ( 0.000000000000000000, 0.000000000000000000, 5.000000000000000000 ) ) ;
#17 = DIRECTION ( 'NONE',  ( 0.000000000000000000, -1.000000000000000000, 0.000000000000000000 ) ) ;
#18 = CARTESIAN_POINT ( 'NONE',  ( 188.2999999999999829, 54.99999999999998579, 0.000000000000000000 ) ) ;
#19 = CYLINDRICAL_SURFACE ( 'NONE', #5009, 1.699999999999993072 ) ;
#20 = ORIENTED_EDGE ( 'NONE', *, *, #2437, .F. ) ;
#21 = CARTESIAN_POINT ( 'NONE',  ( 92.65340010818641758, 40.54370749419729947, 0.000000000000000000 ) ) ;
#22 = EDGE_CURVE ( 'NONE', #3089, #4907, #225, .T. ) ;
#23 = CIRCLE ( 'NONE', #1093, 1.699999999999993072 ) ;
#24 = VECTOR ( 'NONE', #352, 1000.000000000000000 ) ;
#25 = ORIENTED_EDGE ( 'NONE', *, *, #1200, .F. ) ;
#26 = EDGE_CURVE ( 'NONE', #985, #1173, #3384, .T. ) ;
#27 = FACE_OUTER_BOUND ( 'NONE', #1158, .T. ) ;
#28 = AXIS2_PLACEMENT_3D ( 'NONE', #3711, #2857, #3732 ) ;
#29 = EDGE_CURVE ( 'NONE', #1417, #3089, #3957, .T. ) ;
#30 = DIRECTION ( 'NONE',  ( 1.000000000000000000, 0.000000000000000000, 0.000000000000000000 ) ) ;
#31 = AXIS2_PLACEMENT_3D ( 'NONE', #512, #2920, #2092 ) ;
#32 = CARTESIAN_POINT ( 'NONE',  ( 93.94865891784671419, 53.50114408273147859, 9.000000000000001776 ) ) ;
#33 = CARTESIAN_POINT ( 'NONE',  ( 158.5000000000000284, 40.50000000000001421, 19.00000000000000000 ) ) ;
#34 = CARTESIAN_POINT ( 'NONE',  ( 105.6534001081864176, 37.54370749419727815, 3.000000000000000000 ) ) ;
#35 = DIRECTION ( 'NONE',  ( 0.000000000000000000, 0.000000000000000000, -1.000000000000000000 ) ) ;
#36 = VERTEX_POINT ( 'NONE', #4632 ) ;
#37 = VERTEX_POINT ( 'NONE', #642 ) ;
#38 = DIRECTION ( 'NONE',  ( 1.000000000000000000, 2.312964634635740985E-16, 0.000000000000000000 ) ) ;
#39 = AXIS2_PLACEMENT_3D ( 'NONE', #2422, #403, #4774 ) ;
#40 = ORIENTED_EDGE ( 'NONE', *, *, #1740, .F. ) ;
#41 = CARTESIAN_POINT ( 'NONE',  ( 137.2271662556509284, 12.14897587572937887, 5.000000000000000000 ) ) ;
#42 = ADVANCED_FACE ( 'NONE', ( #4579 ), #1024, .T. ) ;
#43 = CARTESIAN_POINT ( 'NONE',  ( 2.000000000000000000, 2.000000000000000000, 3.000000000000000000 ) ) ;
#44 = EDGE_CURVE ( 'NONE', #224, #499, #1296, .T. ) ;
#45 = FACE_OUTER_BOUND ( 'NONE', #4488, .T. ) ;
#46 = CIRCLE ( 'NONE', #2369, 1.000000000000000888 ) ;
#47 = ORIENTED_EDGE ( 'NONE', *, *, #1326, .T. ) ;
#48 = EDGE_CURVE ( 'NONE', #2998, #3918, #1416, .T. ) ;
#49 = AXIS2_PLACEMENT_3D ( 'NONE', #882, #2398, #1186 ) ;
#50 = CARTESIAN_POINT ( 'NONE',  ( 91.14865891784671703, 53.50114408273147859, 9.000000000000001776 ) ) ;
#51 = CARTESIAN_POINT ( 'NONE',  ( 66.49999999999992895, 50.00000000000007816, 0.000000000000000000 ) ) ;
#52 = ORIENTED_EDGE ( 'NONE', *, *, #3210, .F. ) ;
#53 = AXIS2_PLACEMENT_3D ( 'NONE', #2457, #2067, #91 ) ;
#54 = DIRECTION ( 'NONE',  ( 0.000000000000000000, 0.000000000000000000, -1.000000000000000000 ) ) ;
#55 = VECTOR ( 'NONE', #1137, 1000.000000000000000 ) ;
#56 = EDGE_CURVE ( 'NONE', #992, #2289, #1881, .T. ) ;
#57 = ORIENTED_EDGE ( 'NONE', *, *, #4496, .F. ) ;
#58 = LINE ( 'NONE', #484, #868 ) ;
#59 = AXIS2_PLACEMENT_3D ( 'NONE', #16, #3890, #5130 ) ;
#60 = DIRECTION ( 'NONE',  ( 0.000000000000000000, 0.000000000000000000, 1.000000000000000000 ) ) ;
#61 = ORIENTED_EDGE ( 'NONE', *, *, #487, .F. ) ;
#62 = CIRCLE ( 'NONE', #4521, 2.000000000000000444 ) ;
#63 = AXIS2_PLACEMENT_3D ( 'NONE', #2566, #4601, #3730 ) ;
#64 = ADVANCED_FACE ( 'NONE', ( #2954 ), #4203, .F. ) ;
#65 = LINE ( 'NONE', #145, #3587 ) ;
#66 = EDGE_CURVE ( 'NONE', #832, #808, #4922, .T. ) ;
#67 = CARTESIAN_POINT ( 'NONE',  ( 195.9098143676281438, -1.011754071403846877, 2.999999999999999112 ) ) ;
#68 = CARTESIAN_POINT ( 'NONE',  ( 123.5728273274112610, 57.99999999999999289, 5.000000000000000000 ) ) ;
#69 = ORIENTED_EDGE ( 'NONE', *, *, #3670, .T. ) ;
#70 = ORIENTED_EDGE ( 'NONE', *, *, #3164, .F. ) ;
#71 = DIRECTION ( 'NONE',  ( -1.000000000000000000, 0.000000000000000000, 0.000000000000000000 ) ) ;
#72 = VERTEX_POINT ( 'NONE', #2571 ) ;
#73 = FACE_BOUND ( 'NONE', #3646, .T. ) ;
#74 = DIRECTION ( 'NONE',  ( 0.000000000000000000, 0.000000000000000000, 1.000000000000000000 ) ) ;
#75 = CARTESIAN_POINT ( 'NONE',  ( 145.0502525316941558, -19.94974746830583001, 9.000000000000001776 ) ) ;
#76 = EDGE_LOOP ( 'NONE', ( #3689, #2431, #1393, #1502 ) ) ;
#77 = CARTESIAN_POINT ( 'NONE',  ( 172.5000000000000284, 41.50000000000000711, 0.000000000000000000 ) ) ;
#78 = LINE ( 'NONE', #3733, #1273 ) ;
#79 = EDGE_LOOP ( 'NONE', ( #2318, #4822, #3806, #3882 ) ) ;
#80 = CARTESIAN_POINT ( 'NONE',  ( 2.000000000000000000, 2.000000000000000000, 3.000000000000000000 ) ) ;
#81 = VERTEX_POINT ( 'NONE', #2177 ) ;
#82 = CYLINDRICAL_SURFACE ( 'NONE', #2619, 1.700000000000007061 ) ;
#83 = VERTEX_POINT ( 'NONE', #2334 ) ;
#84 = EDGE_LOOP ( 'NONE', ( #1823, #4713, #4481, #4293 ) ) ;
#85 = DIRECTION ( 'NONE',  ( 0.9683921847460533749, -0.2494325089533556417, 0.000000000000000000 ) ) ;
#86 = LINE ( 'NONE', #1669, #2386 ) ;
#87 = EDGE_LOOP ( 'NONE', ( #3820, #69, #3481, #4983 ) ) ;
#88 = CARTESIAN_POINT ( 'NONE',  ( 154.9497474683058442, -10.05025253169416644, 0.000000000000000000 ) ) ;
#89 = CARTESIAN_POINT ( 'NONE',  ( 9.155561816102679273, 58.14090486734801999, 4.995403309593390517 ) ) ;
#90 = DIRECTION ( 'NONE',  ( 0.000000000000000000, 0.000000000000000000, -1.000000000000000000 ) ) ;
#91 = DIRECTION ( 'NONE',  ( -1.000000000000000000, 0.000000000000000000, 0.000000000000000000 ) ) ;
#92 = ORIENTED_EDGE ( 'NONE', *, *, #1837, .T. ) ;
#93 = ORIENTED_EDGE ( 'NONE', *, *, #3716, .F. ) ;
#94 = ADVANCED_FACE ( 'NONE', ( #3463 ), #630, .F. ) ;
#95 = CARTESIAN_POINT ( 'NONE',  ( 141.9731462356110114, 12.14897587572937887, 6.754274316599978789 ) ) ;
#96 = ORIENTED_EDGE ( 'NONE', *, *, #3478, .T. ) ;
#97 = PLANE ( 'NONE',  #4930 ) ;
#98 = CARTESIAN_POINT ( 'NONE',  ( 105.6534001081864176, 40.54370749419727815, 3.000000000000000000 ) ) ;
#99 = DIRECTION ( 'NONE',  ( 0.000000000000000000, 0.000000000000000000, -1.000000000000000000 ) ) ;
#100 = ORIENTED_EDGE ( 'NONE', *, *, #3796, .T. ) ;
#101 = VECTOR ( 'NONE', #3048, 1000.000000000000000 ) ;
#102 = UNCERTAINTY_MEASURE_WITH_UNIT (LENGTH_MEASURE( 1.000000000000000082E-05 ), #864, 'distance_accuracy_value', 'NONE');
#103 = CARTESIAN_POINT ( 'NONE',  ( 105.6534001081864176, 37.54370749419727815, 0.000000000000000000 ) ) ;
#104 = DIRECTION ( 'NONE',  ( 0.000000000000000000, 0.000000000000000000, 1.000000000000000000 ) ) ;
#105 = EDGE_LOOP ( 'NONE', ( #2937, #5018, #3456 ) ) ;
#106 = VECTOR ( 'NONE', #4982, 1000.000000000000000 ) ;
#107 = VERTEX_POINT ( 'NONE', #1919 ) ;
#108 = DIRECTION ( 'NONE',  ( -6.938893903907221278E-15, 1.000000000000000000, 0.000000000000000000 ) ) ;
#109 = ORIENTED_EDGE ( 'NONE', *, *, #1447, .T. ) ;
#110 = CYLINDRICAL_SURFACE ( 'NONE', #4025, 2.000000000000000000 ) ;
#111 = LINE ( 'NONE', #3662, #1719 ) ;
#112 = ORIENTED_EDGE ( 'NONE', *, *, #4058, .T. ) ;
#113 = VECTOR ( 'NONE', #5062, 1000.000000000000000 ) ;
#114 = CARTESIAN_POINT ( 'NONE',  ( 163.1989813451135660, 12.14897587572937709, 0.000000000000000000 ) ) ;
#115 = CIRCLE ( 'NONE', #2102, 1.600000000000018074 ) ;
#116 = SHAPE_DEFINITION_REPRESENTATION ( #3558, #4931 ) ;
#117 = FACE_OUTER_BOUND ( 'NONE', #1570, .T. ) ;
#118 = FACE_OUTER_BOUND ( 'NONE', #4684, .T. ) ;
#119 = ORIENTED_EDGE ( 'NONE', *, *, #4449, .F. ) ;
#120 = EDGE_LOOP ( 'NONE', ( #57, #3232, #458, #3527 ) ) ;
#121 = VECTOR ( 'NONE', #3217, 1000.000000000000000 ) ;
#122 = AXIS2_PLACEMENT_3D ( 'NONE', #806, #1157, #3526 ) ;
#123 = DIRECTION ( 'NONE',  ( 0.000000000000000000, 0.000000000000000000, -1.000000000000000000 ) ) ;
#124 = ORIENTED_EDGE ( 'NONE', *, *, #3164, .T. ) ;
#125 = FACE_OUTER_BOUND ( 'NONE', #1027, .T. ) ;
#126 = ADVANCED_FACE ( 'NONE', ( #1601 ), #3518, .F. ) ;
#127 = DIRECTION ( 'NONE',  ( 0.000000000000000000, 0.000000000000000000, -1.000000000000000000 ) ) ;
#128 = AXIS2_PLACEMENT_3D ( 'NONE', #767, #3514, #4682 ) ;
#129 = DIRECTION ( 'NONE',  ( -0.000000000000000000, -0.000000000000000000, -1.000000000000000000 ) ) ;
#130 = AXIS2_PLACEMENT_3D ( 'NONE', #1404, #3008, #4593 ) ;
#131 = DIRECTION ( 'NONE',  ( 1.000000000000000000, -0.000000000000000000, -0.000000000000000000 ) ) ;
#132 = EDGE_CURVE ( 'NONE', #3060, #1172, #3946, .T. ) ;
#133 = CARTESIAN_POINT ( 'NONE',  ( 172.5000000000000284, 26.50000000000000000, 0.000000000000000000 ) ) ;
#134 = EDGE_CURVE ( 'NONE', #4835, #4299, #1558, .T. ) ;
#135 = VECTOR ( 'NONE', #3572, 1000.000000000000000 ) ;
#136 = ORIENTED_EDGE ( 'NONE', *, *, #1123, .T. ) ;
#137 = ORIENTED_EDGE ( 'NONE', *, *, #525, .F. ) ;
#138 = CARTESIAN_POINT ( 'NONE',  ( 156.5497474683057817, -19.94974746830582291, 9.000000000000001776 ) ) ;
#139 = AXIS2_PLACEMENT_3D ( 'NONE', #3417, #3143, #2055 ) ;
#140 = ORIENTED_EDGE ( 'NONE', *, *, #1188, .F. ) ;
#141 = CARTESIAN_POINT ( 'NONE',  ( 197.6266787565994889, -2.154387887514214839, 3.000000000001090239 ) ) ;
#142 = CARTESIAN_POINT ( 'NONE',  ( 160.3443649216142433, 8.148975875729378870, 5.000000000000000000 ) ) ;
#143 = VERTEX_POINT ( 'NONE', #1969 ) ;
#144 = AXIS2_PLACEMENT_3D ( 'NONE', #1278, #2898, #2485 ) ;
#145 = CARTESIAN_POINT ( 'NONE',  ( 200.0000000000000000, 0.000000000000000000, 17.00000000000000000 ) ) ;
#146 = DIRECTION ( 'NONE',  ( 0.000000000000000000, 0.000000000000000000, 1.000000000000000000 ) ) ;
#147 = LINE ( 'NONE', #4068, #1628 ) ;
#148 = ORIENTED_EDGE ( 'NONE', *, *, #2739, .T. ) ;
#149 =( BOUNDED_CURVE ( )  B_SPLINE_CURVE ( 3, ( #2423, #4004, #5, #1243 ),
 .UNSPECIFIED., .F., .F. ) 
 B_SPLINE_CURVE_WITH_KNOTS ( ( 4, 4 ),
 ( 0.000000000000000000, 1.570796326794894338 ),
 .UNSPECIFIED. ) 
 CURVE ( )  GEOMETRIC_REPRESENTATION_ITEM ( )  RATIONAL_B_SPLINE_CURVE ( ( 1.000000000000000000, 0.8047378541243654926, 0.8047378541243654926, 1.000000000000000000 ) ) 
 REPRESENTATION_ITEM ( '' )  );
#150 = VECTOR ( 'NONE', #3334, 1000.000000000000000 ) ;
#151 = FACE_OUTER_BOUND ( 'NONE', #1140, .T. ) ;
#152 = ORIENTED_EDGE ( 'NONE', *, *, #2165, .T. ) ;
#153 = DIRECTION ( 'NONE',  ( -0.000000000000000000, -0.000000000000000000, -1.000000000000000000 ) ) ;
#154 = DIRECTION ( 'NONE',  ( 0.4461978131097962263, 0.8949343616020313252, 0.000000000000000000 ) ) ;
#155 = ORIENTED_EDGE ( 'NONE', *, *, #801, .F. ) ;
#156 = DIRECTION ( 'NONE',  ( -0.9456450503479990610, -0.3252006130872611145, 0.000000000000000000 ) ) ;
#157 = EDGE_CURVE ( 'NONE', #4646, #3628, #3135, .T. ) ;
#158 = FACE_OUTER_BOUND ( 'NONE', #2159, .T. ) ;
#159 = CARTESIAN_POINT ( 'NONE',  ( 172.5000000000000284, 25.50000000000000000, 0.000000000000000000 ) ) ;
#160 = EDGE_LOOP ( 'NONE', ( #2358, #3319, #4634, #4565 ) ) ;
#161 = ORIENTED_EDGE ( 'NONE', *, *, #3972, .F. ) ;
#162 = ADVANCED_FACE ( 'NONE', ( #3865 ), #1892, .F. ) ;
#163 = DIRECTION ( 'NONE',  ( 0.000000000000000000, 0.000000000000000000, 1.000000000000000000 ) ) ;
#164 = EDGE_CURVE ( 'NONE', #1453, #272, #2666, .T. ) ;
#165 = ORIENTED_EDGE ( 'NONE', *, *, #2244, .F. ) ;
#166 = CARTESIAN_POINT ( 'NONE',  ( 196.2299779669973532, -0.8771169706841536184, 4.999999999999998224 ) ) ;
#167 = CARTESIAN_POINT ( 'NONE',  ( 0.000000000000000000, 0.000000000000000000, 5.000000000000000000 ) ) ;
#168 = CARTESIAN_POINT ( 'NONE',  ( 178.5000000000000284, 40.50000000000000711, 19.00000000000000000 ) ) ;
#169 = DIRECTION ( 'NONE',  ( 0.000000000000000000, 0.000000000000000000, -1.000000000000000000 ) ) ;
#170 = DIRECTION ( 'NONE',  ( -0.000000000000000000, -0.000000000000000000, -1.000000000000000000 ) ) ;
#171 = CARTESIAN_POINT ( 'NONE',  ( 164.6129706678967182, 8.732651189402854897, 5.834732863047825902 ) ) ;
#172 = ORIENTED_EDGE ( 'NONE', *, *, #5007, .T. ) ;
#173 = CYLINDRICAL_SURFACE ( 'NONE', #876, 1.599999999999934808 ) ;
#174 = CARTESIAN_POINT ( 'NONE',  ( 197.7058243654970511, -0.2564852667683589216, 5.384740407141149987 ) ) ;
#175 = CYLINDRICAL_SURFACE ( 'NONE', #3495, 2.000000000000000000 ) ;
#176 = DIRECTION ( 'NONE',  ( 0.000000000000000000, 0.000000000000000000, -1.000000000000000000 ) ) ;
#177 = CARTESIAN_POINT ( 'NONE',  ( 177.5000000000000284, 25.50000000000000000, 0.000000000000000000 ) ) ;
#178 = DIRECTION ( 'NONE',  ( -0.000000000000000000, -0.000000000000000000, 1.000000000000000000 ) ) ;
#179 = ORIENTED_EDGE ( 'NONE', *, *, #4001, .F. ) ;
#180 = ORIENTED_EDGE ( 'NONE', *, *, #5095, .F. ) ;
#181 = VERTEX_POINT ( 'NONE', #5072 ) ;
#182 = DIRECTION ( 'NONE',  ( 0.000000000000000000, 0.000000000000000000, -1.000000000000000000 ) ) ;
#183 = ORIENTED_EDGE ( 'NONE', *, *, #536, .F. ) ;
#184 = VECTOR ( 'NONE', #1529, 1000.000000000000000 ) ;
#185 = ADVANCED_FACE ( 'NONE', ( #4251 ), #2775, .T. ) ;
#186 = CARTESIAN_POINT ( 'NONE',  ( 134.7944365486292497, 10.14897587572937887, 19.00000000000000355 ) ) ;
#187 = ORIENTED_EDGE ( 'NONE', *, *, #29, .F. ) ;
#188 = ADVANCED_FACE ( 'NONE', ( #3573 ), #4710, .T. ) ;
#189 = DIRECTION ( 'NONE',  ( 1.000000000000000000, 0.000000000000000000, 0.000000000000000000 ) ) ;
#190 = CARTESIAN_POINT ( 'NONE',  ( 89.93287859985849764, 45.44673482831323241, 0.000000000000000000 ) ) ;
#191 = ORIENTED_EDGE ( 'NONE', *, *, #691, .F. ) ;
#192 = AXIS2_PLACEMENT_3D ( 'NONE', #4830, #918, #1276 ) ;
#193 = AXIS2_PLACEMENT_3D ( 'NONE', #3934, #4298, #2683 ) ;
#194 = EDGE_CURVE ( 'NONE', #2649, #605, #4944, .T. ) ;
#195 = CARTESIAN_POINT ( 'NONE',  ( 164.1388443756458742, 8.380217198380584875, 5.375175422895956956 ) ) ;
#196 = VERTEX_POINT ( 'NONE', #3157 ) ;
#197 = LINE ( 'NONE', #1885, #2183 ) ;
#198 = DIRECTION ( 'NONE',  ( -0.000000000000000000, -0.000000000000000000, -1.000000000000000000 ) ) ;
#199 = DIRECTION ( 'NONE',  ( 0.000000000000000000, -1.000000000000000000, 0.000000000000000000 ) ) ;
#200 = DIRECTION ( 'NONE',  ( -5.782411586589351722E-16, 1.000000000000000000, 0.000000000000000000 ) ) ;
#201 = VECTOR ( 'NONE', #1251, 1000.000000000000000 ) ;
#202 = CARTESIAN_POINT ( 'NONE',  ( 143.5000000000000284, 33.00000000000000000, 0.000000000000000000 ) ) ;
#203 = ORIENTED_EDGE ( 'NONE', *, *, #269, .T. ) ;
#204 = AXIS2_PLACEMENT_3D ( 'NONE', #320, #2477, #3561 ) ;
#205 = EDGE_LOOP ( 'NONE', ( #323, #5043, #1479, #3989 ) ) ;
#206 = FACE_OUTER_BOUND ( 'NONE', #76, .T. ) ;
#207 = ORIENTED_EDGE ( 'NONE', *, *, #3924, .F. ) ;
#208 = FACE_BOUND ( 'NONE', #2347, .T. ) ;
#209 = VERTEX_POINT ( 'NONE', #1527 ) ;
#210 = AXIS2_PLACEMENT_3D ( 'NONE', #3133, #3595, #4763 ) ;
#211 = ADVANCED_FACE ( 'NONE', ( #4735 ), #2278, .F. ) ;
#212 = AXIS2_PLACEMENT_3D ( 'NONE', #1341, #4516, #576 ) ;
#213 = DIRECTION ( 'NONE',  ( 0.000000000000000000, 0.000000000000000000, -1.000000000000000000 ) ) ;
#214 = CARTESIAN_POINT ( 'NONE',  ( 198.0000000000000000, 0.8856168056149447132, 3.769480814282299974 ) ) ;
#215 = CIRCLE ( 'NONE', #1209, 1.699999999999998401 ) ;
#216 = ORIENTED_EDGE ( 'NONE', *, *, #414, .T. ) ;
#217 = EDGE_CURVE ( 'NONE', #2084, #5036, #4549, .T. ) ;
#218 = DIRECTION ( 'NONE',  ( -0.000000000000000000, -0.000000000000000000, -1.000000000000000000 ) ) ;
#219 = CIRCLE ( 'NONE', #963, 1.000000000000000888 ) ;
#220 = ORIENTED_EDGE ( 'NONE', *, *, #1977, .F. ) ;
#221 = CARTESIAN_POINT ( 'NONE',  ( 0.000000000000000000, 0.000000000000000000, 0.000000000000000000 ) ) ;
#222 = DIRECTION ( 'NONE',  ( -1.000000000000000000, 0.000000000000000000, 0.000000000000000000 ) ) ;
#223 = CARTESIAN_POINT ( 'NONE',  ( 95.65340010818641758, 48.54370749419727815, 3.000000000000000000 ) ) ;
#224 = VERTEX_POINT ( 'NONE', #3971 ) ;
#225 = CIRCLE ( 'NONE', #1211, 2.999999999999975131 ) ;
#226 = CARTESIAN_POINT ( 'NONE',  ( 123.5728273274112468, 59.99999999999999289, 4.999999999999992895 ) ) ;
#227 = FACE_OUTER_BOUND ( 'NONE', #420, .T. ) ;
#228 = VERTEX_POINT ( 'NONE', #3106 ) ;
#229 = VERTEX_POINT ( 'NONE', #1098 ) ;
#230 = DIRECTION ( 'NONE',  ( -0.3252006130872606149, 0.9456450503479991720, -0.000000000000000000 ) ) ;
#231 = ORIENTED_EDGE ( 'NONE', *, *, #4252, .T. ) ;
#232 = FACE_BOUND ( 'NONE', #2266, .T. ) ;
#233 = ORIENTED_EDGE ( 'NONE', *, *, #1615, .T. ) ;
#234 = CYLINDRICAL_SURFACE ( 'NONE', #2528, 0.9999999999999987788 ) ;
#235 = DIRECTION ( 'NONE',  ( 0.000000000000000000, 0.000000000000000000, -1.000000000000000000 ) ) ;
#236 = EDGE_LOOP ( 'NONE', ( #822, #4823 ) ) ;
#237 = CARTESIAN_POINT ( 'NONE',  ( 0.000000000000000000, 2.000000000000000000, 5.000000000000000000 ) ) ;
#238 = VERTEX_POINT ( 'NONE', #2695 ) ;
#239 = CYLINDRICAL_SURFACE ( 'NONE', #2927, 2.000000000000001776 ) ;
#240 = EDGE_CURVE ( 'NONE', #2834, #2738, #3622, .T. ) ;
#241 = CARTESIAN_POINT ( 'NONE',  ( 200.0000000000000000, 0.8856168056149447132, 3.769480814282299974 ) ) ;
#242 = DIRECTION ( 'NONE',  ( -0.000000000000000000, -0.000000000000000000, 1.000000000000000000 ) ) ;
#243 = EDGE_CURVE ( 'NONE', #2315, #3227, #2723, .T. ) ;
#244 = DIRECTION ( 'NONE',  ( 0.000000000000000000, -1.000000000000000000, 0.000000000000000000 ) ) ;
#245 = ORIENTED_EDGE ( 'NONE', *, *, #240, .T. ) ;
#246 = ADVANCED_FACE ( 'NONE', ( #2490 ), #2433, .T. ) ;
#247 = ADVANCED_FACE ( 'NONE', ( #2073 ), #4841, .F. ) ;
#248 = CARTESIAN_POINT ( 'NONE',  ( 199.1715728752537586, 0.5804266672825388884, 19.00000000000000000 ) ) ;
#249 = VERTEX_POINT ( 'NONE', #515 ) ;
#250 = VERTEX_POINT ( 'NONE', #2879 ) ;
#251 = ORIENTED_EDGE ( 'NONE', *, *, #1143, .F. ) ;
#252 = DIRECTION ( 'NONE',  ( -0.7404331963952650586, -0.6721299589185790735, 0.000000000000000000 ) ) ;
#253 = DIRECTION ( 'NONE',  ( 0.000000000000000000, 0.000000000000000000, -1.000000000000000000 ) ) ;
#254 = ORIENTED_EDGE ( 'NONE', *, *, #240, .F. ) ;
#255 = CARTESIAN_POINT ( 'NONE',  ( 143.4502525316941330, -19.94974746830583001, 9.000000000000001776 ) ) ;
#256 = ORIENTED_EDGE ( 'NONE', *, *, #570, .T. ) ;
#257 = CARTESIAN_POINT ( 'NONE',  ( 164.8691818354178622, 9.048780292122822644, 19.00000000000000355 ) ) ;
#258 = DIRECTION ( 'NONE',  ( 0.000000000000000000, 0.000000000000000000, -1.000000000000000000 ) ) ;
#259 = ORIENTED_EDGE ( 'NONE', *, *, #4937, .F. ) ;
#260 = AXIS2_PLACEMENT_3D ( 'NONE', #1467, #2151, #1803 ) ;
#261 = EDGE_CURVE ( 'NONE', #1800, #1962, #3448, .T. ) ;
#262 = CARTESIAN_POINT ( 'NONE',  ( 164.8691818354178338, 9.048780292122822644, 6.749269951736000195 ) ) ;
#263 = ORIENTED_EDGE ( 'NONE', *, *, #884, .F. ) ;
#264 = LINE ( 'NONE', #3427, #4099 ) ;
#265 = DIRECTION ( 'NONE',  ( -0.000000000000000000, -0.000000000000000000, 1.000000000000000000 ) ) ;
#266 = CARTESIAN_POINT ( 'NONE',  ( 136.7944365486292497, 8.148975875729380647, 19.00000000000000355 ) ) ;
#267 = AXIS2_PLACEMENT_3D ( 'NONE', #3855, #3015, #2219 ) ;
#268 = AXIS2_PLACEMENT_3D ( 'NONE', #3306, #2007, #2843 ) ;
#269 = EDGE_CURVE ( 'NONE', #1346, #340, #1127, .T. ) ;
#270 = DIRECTION ( 'NONE',  ( 0.000000000000000000, 0.000000000000000000, 1.000000000000000000 ) ) ;
#271 = ORIENTED_EDGE ( 'NONE', *, *, #922, .T. ) ;
#272 = VERTEX_POINT ( 'NONE', #1683 ) ;
#273 = CIRCLE ( 'NONE', #3933, 1.700000000000007061 ) ;
#274 = FACE_OUTER_BOUND ( 'NONE', #4043, .T. ) ;
#275 = ORIENTED_EDGE ( 'NONE', *, *, #3134, .F. ) ;
#276 = ORIENTED_EDGE ( 'NONE', *, *, #602, .F. ) ;
#277 = VECTOR ( 'NONE', #4978, 1000.000000000000114 ) ;
#278 = EDGE_CURVE ( 'NONE', #1807, #1269, #2808, .T. ) ;
#279 = ADVANCED_FACE ( 'NONE', ( #4017 ), #4044, .T. ) ;
#280 = DIRECTION ( 'NONE',  ( 0.000000000000000000, 0.000000000000000000, 1.000000000000000000 ) ) ;
#281 = CARTESIAN_POINT ( 'NONE',  ( 197.5011349820933049, 0.6436422977904241449, 6.999999999999999112 ) ) ;
#282 = VERTEX_POINT ( 'NONE', #3261 ) ;
#283 = CIRCLE ( 'NONE', #2117, 4.999999999999976907 ) ;
#284 = VECTOR ( 'NONE', #2300, 1000.000000000000000 ) ;
#285 = CARTESIAN_POINT ( 'NONE',  ( 190.0000000000000568, 32.50000000000004974, 0.000000000000000000 ) ) ;
#286 = ORIENTED_EDGE ( 'NONE', *, *, #2253, .F. ) ;
#287 = EDGE_CURVE ( 'NONE', #4659, #3814, #889, .T. ) ;
#288 = EDGE_CURVE ( 'NONE', #3569, #4617, #4100, .T. ) ;
#289 = EDGE_CURVE ( 'NONE', #1172, #2998, #4456, .T. ) ;
#290 = AXIS2_PLACEMENT_3D ( 'NONE', #1344, #4085, #1721 ) ;
#291 = COLOUR_RGB ( '',0.7921568627450980005, 0.8196078431372548767, 0.9333333333333333481 ) ;
#292 = DIRECTION ( 'NONE',  ( -0.000000000000000000, -0.000000000000000000, -1.000000000000000000 ) ) ;
#293 = LINE ( 'NONE', #2346, #633 ) ;
#294 = ORIENTED_EDGE ( 'NONE', *, *, #1564, .T. ) ;
#295 = AXIS2_PLACEMENT_3D ( 'NONE', #2863, #163, #2523 ) ;
#296 = CARTESIAN_POINT ( 'NONE',  ( 200.0000000000000000, 57.99999999999999289, 0.000000000000000000 ) ) ;
#297 = ORIENTED_EDGE ( 'NONE', *, *, #1063, .F. ) ;
#298 = CARTESIAN_POINT ( 'NONE',  ( 92.65340010818641758, 40.54370749419729947, 3.000000000000000000 ) ) ;
#299 = CARTESIAN_POINT ( 'NONE',  ( 156.5497474683056964, -10.05025253169416644, 45.52691193458120722 ) ) ;
#300 = VECTOR ( 'NONE', #2822, 1000.000000000000000 ) ;
#301 = DIRECTION ( 'NONE',  ( -0.000000000000000000, -0.000000000000000000, -1.000000000000000000 ) ) ;
#302 = ORIENTED_EDGE ( 'NONE', *, *, #543, .T. ) ;
#303 = VECTOR ( 'NONE', #4524, 999.9999999999998863 ) ;
#304 = CARTESIAN_POINT ( 'NONE',  ( 153.3497474683059920, -10.05025253169416644, 0.000000000000000000 ) ) ;
#305 = ORIENTED_EDGE ( 'NONE', *, *, #756, .T. ) ;
#306 = CARTESIAN_POINT ( 'NONE',  ( 141.0000000000000000, 49.99999999999987210, 5.000000000000000000 ) ) ;
#307 = AXIS2_PLACEMENT_3D ( 'NONE', #4461, #903, #4432 ) ;
#308 = CARTESIAN_POINT ( 'NONE',  ( 2.000000000000000000, 57.99999999999999289, 0.000000000000000000 ) ) ;
#309 = CARTESIAN_POINT ( 'NONE',  ( 198.7075768452878606, -1.173200129479827103, 3.327629947602754434 ) ) ;
#310 = AXIS2_PLACEMENT_3D ( 'NONE', #167, #2982, #600 ) ;
#311 = ORIENTED_EDGE ( 'NONE', *, *, #1357, .T. ) ;
#312 = VERTEX_POINT ( 'NONE', #2464 ) ;
#313 = CIRCLE ( 'NONE', #2807, 1.700000000000007061 ) ;
#314 = LINE ( 'NONE', #1896, #2931 ) ;
#315 = CARTESIAN_POINT ( 'NONE',  ( 191.7000000000000739, 32.50000000000004974, 0.000000000000000000 ) ) ;
#316 = EDGE_LOOP ( 'NONE', ( #611, #4467, #11, #2303 ) ) ;
#317 = CARTESIAN_POINT ( 'NONE',  ( 135.5043109856757155, -29.49568901432418144, 3.000000000000000000 ) ) ;
#318 = ORIENTED_EDGE ( 'NONE', *, *, #4652, .T. ) ;
#319 = ADVANCED_FACE ( 'NONE', ( #466 ), #2412, .T. ) ;
#320 = CARTESIAN_POINT ( 'NONE',  ( 190.0000000000000000, 54.99999999999998579, 0.000000000000000000 ) ) ;
#321 = ADVANCED_FACE ( 'NONE', ( #1733 ), #3627, .F. ) ;
#322 = FACE_OUTER_BOUND ( 'NONE', #2564, .T. ) ;
#323 = ORIENTED_EDGE ( 'NONE', *, *, #132, .T. ) ;
#324 = DIRECTION ( 'NONE',  ( -1.000000000000000000, 0.000000000000000000, 0.000000000000000000 ) ) ;
#325 = ORIENTED_EDGE ( 'NONE', *, *, #3066, .T. ) ;
#326 = VERTEX_POINT ( 'NONE', #1206 ) ;
#327 = CARTESIAN_POINT ( 'NONE',  ( 123.5728273274112610, 60.00000000000000000, 3.000000000000000000 ) ) ;
#328 = LINE ( 'NONE', #3541, #4054 ) ;
#329 = CARTESIAN_POINT ( 'NONE',  ( 161.5000000000000000, -14.99999999999999645, 9.000000000000001776 ) ) ;
#330 = VERTEX_POINT ( 'NONE', #4386 ) ;
#331 = CARTESIAN_POINT ( 'NONE',  ( 125.0015017730920590, 59.99999999999999289, 6.728739824780036294 ) ) ;
#332 = ORIENTED_EDGE ( 'NONE', *, *, #482, .T. ) ;
#333 = DIRECTION ( 'NONE',  ( -0.000000000000000000, -0.000000000000000000, -1.000000000000000000 ) ) ;
#334 = CARTESIAN_POINT ( 'NONE',  ( 13.24999999999999112, 54.99999999999988631, 5.000000000000000000 ) ) ;
#335 = CARTESIAN_POINT ( 'NONE',  ( 143.7721656871702010, 11.90072298875559831, 5.178629461163112069 ) ) ;
#336 = VERTEX_POINT ( 'NONE', #825 ) ;
#337 = ORIENTED_EDGE ( 'NONE', *, *, #1028, .T. ) ;
#338 = CARTESIAN_POINT ( 'NONE',  ( 191.7000000000000171, 54.99999999999998579, 0.000000000000000000 ) ) ;
#339 = CARTESIAN_POINT ( 'NONE',  ( 200.0000000000000000, -0.2631322930089340373, 5.891739426878390695 ) ) ;
#340 = VERTEX_POINT ( 'NONE', #1230 ) ;
#341 = DIRECTION ( 'NONE',  ( 1.000000000000000000, 0.000000000000000000, 0.000000000000000000 ) ) ;
#342 = ORIENTED_EDGE ( 'NONE', *, *, #3299, .T. ) ;
#343 = EDGE_CURVE ( 'NONE', #3726, #3045, #313, .T. ) ;
#344 = EDGE_CURVE ( 'NONE', #4929, #4299, #5025, .T. ) ;
#345 = EDGE_CURVE ( 'NONE', #2107, #4625, #5112, .T. ) ;
#346 = LINE ( 'NONE', #1509, #2782 ) ;
#347 = DIRECTION ( 'NONE',  ( -1.000000000000000000, 0.000000000000000000, 0.000000000000000000 ) ) ;
#348 = ORIENTED_EDGE ( 'NONE', *, *, #1651, .F. ) ;
#349 = TOROIDAL_SURFACE ( 'NONE', #3247, 4.999999999999984901, 2.000000000000000000 ) ;
#350 = EDGE_CURVE ( 'NONE', #2664, #832, #564, .T. ) ;
#351 = ADVANCED_FACE ( 'NONE', ( #2923 ), #975, .F. ) ;
#352 = DIRECTION ( 'NONE',  ( -1.000000000000000000, -4.625929269271481969E-16, 0.000000000000000000 ) ) ;
#353 = EDGE_CURVE ( 'NONE', #4599, #3498, #3214, .T. ) ;
#354 = ORIENTED_EDGE ( 'NONE', *, *, #2891, .F. ) ;
#355 = CARTESIAN_POINT ( 'NONE',  ( 121.2928237183148639, 52.43466815988228547, 6.000000000000000000 ) ) ;
#356 = FACE_OUTER_BOUND ( 'NONE', #1203, .T. ) ;
#357 = AXIS2_PLACEMENT_3D ( 'NONE', #1411, #2949, #1435 ) ;
#358 = CARTESIAN_POINT ( 'NONE',  ( 134.0000000000000000, 33.00000000000000000, 0.000000000000000000 ) ) ;
#359 = CARTESIAN_POINT ( 'NONE',  ( 155.2062550025455039, 10.34261600858495100, 5.183257142870798972 ) ) ;
#360 = ORIENTED_EDGE ( 'NONE', *, *, #4910, .F. ) ;
#361 = CARTESIAN_POINT ( 'NONE',  ( 200.0000000000000000, 0.8856168056149447132, 3.769480814282299974 ) ) ;
#362 = CARTESIAN_POINT ( 'NONE',  ( 94.65340010818641758, 48.54370749419727105, 2.000000000000001776 ) ) ;
#363 = CARTESIAN_POINT ( 'NONE',  ( 145.0502525316941842, -10.05025253169416999, 9.000000000000001776 ) ) ;
#364 = ORIENTED_EDGE ( 'NONE', *, *, #4583, .F. ) ;
#365 = VERTEX_POINT ( 'NONE', #3399 ) ;
#366 = VECTOR ( 'NONE', #1777, 1000.000000000000000 ) ;
#367 = CARTESIAN_POINT ( 'NONE',  ( 86.43574887824243547, 41.24054332878370843, 5.000000000000000000 ) ) ;
#368 = AXIS2_PLACEMENT_3D ( 'NONE', #3083, #1105, #3816 ) ;
#369 = CARTESIAN_POINT ( 'NONE',  ( 92.65340010818641758, 48.54370749419727105, 0.000000000000000000 ) ) ;
#370 = ORIENTED_EDGE ( 'NONE', *, *, #4277, .F. ) ;
#371 = DIRECTION ( 'NONE',  ( -1.000000000000000000, -4.625929269271523976E-15, 0.000000000000000000 ) ) ;
#372 = VECTOR ( 'NONE', #4226, 1000.000000000000000 ) ;
#373 = AXIS2_PLACEMENT_3D ( 'NONE', #51, #4794, #1584 ) ;
#374 = CIRCLE ( 'NONE', #3512, 1.599999999999851541 ) ;
#375 = DIRECTION ( 'NONE',  ( 0.000000000000000000, -0.000000000000000000, -1.000000000000000000 ) ) ;
#376 = DIRECTION ( 'NONE',  ( -0.000000000000000000, -0.000000000000000000, -1.000000000000000000 ) ) ;
#377 = ORIENTED_EDGE ( 'NONE', *, *, #4618, .T. ) ;
#378 = EDGE_CURVE ( 'NONE', #1598, #3521, #2636, .T. ) ;
#379 = AXIS2_PLACEMENT_3D ( 'NONE', #2652, #3063, #375 ) ;
#380 = FACE_OUTER_BOUND ( 'NONE', #492, .T. ) ;
#381 = CIRCLE ( 'NONE', #3769, 2.000000000000001776 ) ;
#382 = FACE_BOUND ( 'NONE', #834, .T. ) ;
#383 = CARTESIAN_POINT ( 'NONE',  ( 2.000000000000000000, 57.99999999999999289, 3.000000000000000000 ) ) ;
#384 = DIRECTION ( 'NONE',  ( 0.000000000000000000, 0.000000000000000000, -1.000000000000000000 ) ) ;
#385 = ORIENTED_EDGE ( 'NONE', *, *, #2131, .T. ) ;
#386 = EDGE_CURVE ( 'NONE', #2810, #3922, #1722, .T. ) ;
#387 = VECTOR ( 'NONE', #4153, 1000.000000000000114 ) ;
#388 = LINE ( 'NONE', #1576, #2862 ) ;
#389 = CIRCLE ( 'NONE', #295, 1.000000000000000888 ) ;
#390 = ORIENTED_EDGE ( 'NONE', *, *, #4591, .T. ) ;
#391 = ORIENTED_EDGE ( 'NONE', *, *, #828, .T. ) ;
#392 = CARTESIAN_POINT ( 'NONE',  ( 156.5497474683056964, -10.05025253169416644, 9.000000000000001776 ) ) ;
#393 = CARTESIAN_POINT ( 'NONE',  ( 0.000000000000000000, 2.000000000000000000, 5.000000000000000000 ) ) ;
#394 = CARTESIAN_POINT ( 'NONE',  ( 165.1229240756680383, -31.65974691889345038, 108.8283423249224455 ) ) ;
#395 = CIRCLE ( 'NONE', #3780, 1.399999999999998579 ) ;
#396 = DIRECTION ( 'NONE',  ( -1.000000000000000000, 0.000000000000000000, 0.000000000000000000 ) ) ;
#397 = VECTOR ( 'NONE', #2391, 1000.000000000000000 ) ;
#398 = DIRECTION ( 'NONE',  ( -1.000000000000000000, 0.000000000000000000, 0.000000000000000000 ) ) ;
#399 = AXIS2_PLACEMENT_3D ( 'NONE', #3249, #60, #30 ) ;
#400 = ORIENTED_EDGE ( 'NONE', *, *, #5058, .F. ) ;
#401 = DIRECTION ( 'NONE',  ( -0.000000000000000000, -0.000000000000000000, 1.000000000000000000 ) ) ;
#402 = AXIS2_PLACEMENT_3D ( 'NONE', #4150, #198, #3828 ) ;
#403 = DIRECTION ( 'NONE',  ( 0.000000000000000000, 0.000000000000000000, 1.000000000000000000 ) ) ;
#404 = ORIENTED_EDGE ( 'NONE', *, *, #3513, .F. ) ;
#405 = CARTESIAN_POINT ( 'NONE',  ( 177.5000000000000284, 25.50000000000000000, 19.00000000000000000 ) ) ;
#406 = CYLINDRICAL_SURFACE ( 'NONE', #2264, 1.000000000000000888 ) ;
#407 = PLANE ( 'NONE',  #3002 ) ;
#408 = DIRECTION ( 'NONE',  ( -1.000000000000000000, 0.000000000000000000, 0.000000000000000000 ) ) ;
#409 = CARTESIAN_POINT ( 'NONE',  ( 0.000000000000000000, 0.000000000000000000, 9.000000000000001776 ) ) ;
#410 = ORIENTED_EDGE ( 'NONE', *, *, #1100, .F. ) ;
#411 = CARTESIAN_POINT ( 'NONE',  ( 125.9114541480027327, 57.34959877382933513, 6.738153412343343973 ) ) ;
#412 = EDGE_LOOP ( 'NONE', ( #2222, #165, #5104, #2003 ) ) ;
#413 = CARTESIAN_POINT ( 'NONE',  ( 139.9892382625909875, 12.14897587572937887, 6.676548152615451315 ) ) ;
#414 = EDGE_CURVE ( 'NONE', #1018, #924, #5076, .T. ) ;
#415 = CARTESIAN_POINT ( 'NONE',  ( 127.8027442487000513, 60.00000000000000000, 4.656854249492386799 ) ) ;
#416 = CARTESIAN_POINT ( 'NONE',  ( 102.3517677218592752, 2.000000000000000000, 3.000000000000000000 ) ) ;
#417 = LINE ( 'NONE', #750, #693 ) ;
#418 = EDGE_CURVE ( 'NONE', #3397, #5069, #636, .T. ) ;
#419 = FACE_OUTER_BOUND ( 'NONE', #2252, .T. ) ;
#420 = EDGE_LOOP ( 'NONE', ( #972, #3051, #1284, #442 ) ) ;
#421 = LINE ( 'NONE', #2783, #2375 ) ;
#422 = ORIENTED_EDGE ( 'NONE', *, *, #3299, .F. ) ;
#423 = CIRCLE ( 'NONE', #2656, 2.000000000000000000 ) ;
#424 = DIRECTION ( 'NONE',  ( -1.000000000000000000, 0.000000000000000000, 0.000000000000000000 ) ) ;
#425 = FACE_OUTER_BOUND ( 'NONE', #3237, .T. ) ;
#426 = FACE_OUTER_BOUND ( 'NONE', #1884, .T. ) ;
#427 = DIRECTION ( 'NONE',  ( -1.000000000000000000, 0.000000000000000000, 0.000000000000000000 ) ) ;
#428 = LINE ( 'NONE', #895, #1812 ) ;
#429 = LINE ( 'NONE', #489, #1037 ) ;
#430 = EDGE_LOOP ( 'NONE', ( #148, #4408, #4834, #5031 ) ) ;
#431 = CARTESIAN_POINT ( 'NONE',  ( 95.65340010818641758, 49.54370749419727815, 2.000000000000001776 ) ) ;
#432 = VERTEX_POINT ( 'NONE', #4961 ) ;
#433 = ORIENTED_EDGE ( 'NONE', *, *, #5103, .T. ) ;
#434 = VECTOR ( 'NONE', #5047, 1000.000000000000000 ) ;
#435 = CARTESIAN_POINT ( 'NONE',  ( 140.0663718926538763, 12.14897587572937887, 6.999999999999999112 ) ) ;
#436 = DIRECTION ( 'NONE',  ( 1.000000000000000000, 0.000000000000000000, 0.000000000000000000 ) ) ;
#437 = LINE ( 'NONE', #3992, #184 ) ;
#438 = ORIENTED_EDGE ( 'NONE', *, *, #4183, .F. ) ;
#439 = EDGE_CURVE ( 'NONE', #81, #3880, #2556, .T. ) ;
#440 = DIRECTION ( 'NONE',  ( 0.000000000000000000, 0.000000000000000000, -1.000000000000000000 ) ) ;
#441 = CARTESIAN_POINT ( 'NONE',  ( 95.65340010818641758, 48.54370749419727815, 2.000000000000001776 ) ) ;
#442 = ORIENTED_EDGE ( 'NONE', *, *, #1033, .F. ) ;
#443 = CARTESIAN_POINT ( 'NONE',  ( 172.5000000000000284, 39.50000000000000711, 0.000000000000000000 ) ) ;
#444 = EDGE_CURVE ( 'NONE', #2383, #679, #4508, .T. ) ;
#445 = EDGE_CURVE ( 'NONE', #4625, #759, #1409, .T. ) ;
#446 = EDGE_CURVE ( 'NONE', #4544, #990, #4208, .T. ) ;
#447 = AXIS2_PLACEMENT_3D ( 'NONE', #88, #3201, #838 ) ;
#448 = ORIENTED_EDGE ( 'NONE', *, *, #3716, .T. ) ;
#449 = DIRECTION ( 'NONE',  ( 0.000000000000000000, 0.000000000000000000, 1.000000000000000000 ) ) ;
#450 = CONICAL_SURFACE ( 'NONE', #2439, 3.250000000000001332, 0.7853981633974480570 ) ;
#451 = DIRECTION ( 'NONE',  ( 0.000000000000000000, 1.000000000000000000, 0.000000000000000000 ) ) ;
#452 = ORIENTED_EDGE ( 'NONE', *, *, #2772, .F. ) ;
#453 = CIRCLE ( 'NONE', #31, 4.999999999999976907 ) ;
#454 = CYLINDRICAL_SURFACE ( 'NONE', #4095, 1.700000000000000178 ) ;
#455 = CARTESIAN_POINT ( 'NONE',  ( 200.0000000000000000, 0.8856168056149447132, 0.000000000000000000 ) ) ;
#456 = ORIENTED_EDGE ( 'NONE', *, *, #278, .F. ) ;
#457 = LINE ( 'NONE', #4886, #2294 ) ;
#458 = ORIENTED_EDGE ( 'NONE', *, *, #1972, .T. ) ;
#459 = AXIS2_PLACEMENT_3D ( 'NONE', #4700, #1138, #4620 ) ;
#460 = ORIENTED_EDGE ( 'NONE', *, *, #1233, .F. ) ;
#461 = EDGE_CURVE ( 'NONE', #4210, #2684, #2171, .T. ) ;
#462 = DIRECTION ( 'NONE',  ( -0.9683921847460533749, 0.2494325089533556417, 0.000000000000000000 ) ) ;
#463 = CIRCLE ( 'NONE', #1368, 1.699999999999998401 ) ;
#464 = ORIENTED_EDGE ( 'NONE', *, *, #194, .F. ) ;
#465 = CARTESIAN_POINT ( 'NONE',  ( 108.9880947906135731, 29.99635843841667793, 6.000000000000000000 ) ) ;
#466 = FACE_OUTER_BOUND ( 'NONE', #4795, .T. ) ;
#467 = DIRECTION ( 'NONE',  ( -1.000000000000000000, 0.000000000000000000, 0.000000000000000000 ) ) ;
#468 = AXIS2_PLACEMENT_3D ( 'NONE', #2587, #3782, #1808 ) ;
#469 = ORIENTED_EDGE ( 'NONE', *, *, #2731, .T. ) ;
#470 = AXIS2_PLACEMENT_3D ( 'NONE', #2080, #3737, #524 ) ;
#471 = LINE ( 'NONE', #1687, #2858 ) ;
#472 = ADVANCED_FACE ( 'NONE', ( #948 ), #3378, .F. ) ;
#473 = DIRECTION ( 'NONE',  ( 0.000000000000000000, -0.000000000000000000, 1.000000000000000000 ) ) ;
#474 = ORIENTED_EDGE ( 'NONE', *, *, #3900, .F. ) ;
#475 = AXIS2_PLACEMENT_3D ( 'NONE', #1036, #2630, #4216 ) ;
#476 = DIRECTION ( 'NONE',  ( -1.000000000000000000, 0.000000000000000000, 0.000000000000000000 ) ) ;
#477 = EDGE_LOOP ( 'NONE', ( #4231, #1585, #5011, #1945 ) ) ;
#478 = DIRECTION ( 'NONE',  ( -0.000000000000000000, -0.000000000000000000, -1.000000000000000000 ) ) ;
#479 = AXIS2_PLACEMENT_3D ( 'NONE', #5053, #4719, #1452 ) ;
#480 = ADVANCED_FACE ( 'NONE', ( #4197 ), #2242, .F. ) ;
#481 = EDGE_LOOP ( 'NONE', ( #2814, #3392, #1114, #3374 ) ) ;
#482 = EDGE_CURVE ( 'NONE', #5075, #3250, #2628, .T. ) ;
#483 = ORIENTED_EDGE ( 'NONE', *, *, #2091, .F. ) ;
#484 = CARTESIAN_POINT ( 'NONE',  ( 11.69999999999997797, 32.49999999999990052, 5.000000000000000000 ) ) ;
#485 = DIRECTION ( 'NONE',  ( -1.000000000000000000, -0.000000000000000000, -0.000000000000000000 ) ) ;
#486 = CARTESIAN_POINT ( 'NONE',  ( 157.1989813451135660, 10.14897587572937532, 0.000000000000000000 ) ) ;
#487 = EDGE_CURVE ( 'NONE', #3298, #4835, #1045, .T. ) ;
#488 = DIRECTION ( 'NONE',  ( -1.000000000000000000, 0.000000000000000000, 0.000000000000000000 ) ) ;
#489 = CARTESIAN_POINT ( 'NONE',  ( 139.5685234086567448, 17.63645116936313428, 6.999999999999999112 ) ) ;
#490 = ORIENTED_EDGE ( 'NONE', *, *, #4063, .T. ) ;
#491 = DIRECTION ( 'NONE',  ( 0.2494325089533556417, 0.9683921847460533749, -0.000000000000000000 ) ) ;
#492 = EDGE_LOOP ( 'NONE', ( #152, #2956, #318, #3871 ) ) ;
#493 = PLANE ( 'NONE',  #1539 ) ;
#494 = DIRECTION ( 'NONE',  ( -0.000000000000000000, -0.000000000000000000, -1.000000000000000000 ) ) ;
#495 = DIRECTION ( 'NONE',  ( 0.000000000000000000, 0.000000000000000000, -1.000000000000000000 ) ) ;
#496 = ORIENTED_EDGE ( 'NONE', *, *, #4560, .F. ) ;
#497 = CARTESIAN_POINT ( 'NONE',  ( 2.000000000000000000, 0.000000000000000000, 0.000000000000000000 ) ) ;
#498 = FACE_OUTER_BOUND ( 'NONE', #1489, .T. ) ;
#499 = VERTEX_POINT ( 'NONE', #1390 ) ;
#500 = ORIENTED_EDGE ( 'NONE', *, *, #1164, .F. ) ;
#501 = CARTESIAN_POINT ( 'NONE',  ( 143.5000000000000284, 40.50000000000000711, 19.00000000000000000 ) ) ;
#502 = VERTEX_POINT ( 'NONE', #2220 ) ;
#503 = CARTESIAN_POINT ( 'NONE',  ( 134.0000000000000000, 33.00000000000000000, 0.000000000000000000 ) ) ;
#504 = CARTESIAN_POINT ( 'NONE',  ( 142.7944365486292497, 10.14897587572937887, 19.00000000000000355 ) ) ;
#505 = EDGE_CURVE ( 'NONE', #1269, #985, #3801, .T. ) ;
#506 = FACE_OUTER_BOUND ( 'NONE', #2030, .T. ) ;
#507 = DIRECTION ( 'NONE',  ( -0.000000000000000000, -0.000000000000000000, -1.000000000000000000 ) ) ;
#508 = DIRECTION ( 'NONE',  ( 0.000000000000000000, -1.000000000000000000, 0.000000000000000000 ) ) ;
#509 = EDGE_LOOP ( 'NONE', ( #20, #1703, #4246, #5097 ) ) ;
#510 = ORIENTED_EDGE ( 'NONE', *, *, #3267, .F. ) ;
#511 = ADVANCED_FACE ( 'NONE', ( #2582 ), #3885, .T. ) ;
#512 = CARTESIAN_POINT ( 'NONE',  ( 141.0000000000000000, 15.00000000000001243, 5.000000000000000000 ) ) ;
#513 = ORIENTED_EDGE ( 'NONE', *, *, #1160, .T. ) ;
#514 = DIRECTION ( 'NONE',  ( 0.000000000000000000, 0.000000000000000000, -1.000000000000000000 ) ) ;
#515 = CARTESIAN_POINT ( 'NONE',  ( 108.6534001081864176, 40.54370749419729947, 0.000000000000000000 ) ) ;
#516 = ORIENTED_EDGE ( 'NONE', *, *, #1375, .T. ) ;
#517 = DIRECTION ( 'NONE',  ( -1.000000000000000000, 0.000000000000000000, 0.000000000000000000 ) ) ;
#518 = TOROIDAL_SURFACE ( 'NONE', #1926, 19.50000000000000711, 10.00000000000000000 ) ;
#519 = DIRECTION ( 'NONE',  ( -0.000000000000000000, -0.000000000000000000, -1.000000000000000000 ) ) ;
#520 = DIRECTION ( 'NONE',  ( -1.000000000000000000, 0.000000000000000000, 0.000000000000000000 ) ) ;
#521 = ORIENTED_EDGE ( 'NONE', *, *, #2887, .T. ) ;
#522 = AXIS2_PLACEMENT_3D ( 'NONE', #716, #5065, #3096 ) ;
#523 = VERTEX_POINT ( 'NONE', #2379 ) ;
#524 = DIRECTION ( 'NONE',  ( -1.000000000000000000, 0.000000000000000000, 0.000000000000000000 ) ) ;
#525 = EDGE_CURVE ( 'NONE', #4659, #3625, #2659, .T. ) ;
#526 = EDGE_LOOP ( 'NONE', ( #516, #3317, #2706, #3242 ) ) ;
#527 = CARTESIAN_POINT ( 'NONE',  ( 0.000000000000000000, 60.00000000000000000, 0.000000000000000000 ) ) ;
#528 = DIRECTION ( 'NONE',  ( -1.000000000000000000, 0.000000000000000000, 0.000000000000000000 ) ) ;
#529 = ORIENTED_EDGE ( 'NONE', *, *, #1133, .T. ) ;
#530 = VECTOR ( 'NONE', #3141, 1000.000000000000000 ) ;
#531 = VECTOR ( 'NONE', #4573, 1000.000000000000114 ) ;
#532 = DIRECTION ( 'NONE',  ( -0.000000000000000000, -0.000000000000000000, -1.000000000000000000 ) ) ;
#533 = CARTESIAN_POINT ( 'NONE',  ( 172.5000000000000284, 26.50000000000000000, 19.00000000000000000 ) ) ;
#534 = CARTESIAN_POINT ( 'NONE',  ( 172.5000000000000284, 39.50000000000000711, 19.00000000000000000 ) ) ;
#535 = EDGE_CURVE ( 'NONE', #228, #566, #4374, .T. ) ;
#536 = EDGE_CURVE ( 'NONE', #2107, #1485, #1324, .T. ) ;
#537 = DIRECTION ( 'NONE',  ( -1.000000000000000000, 0.000000000000000000, 0.000000000000000000 ) ) ;
#538 = VERTEX_POINT ( 'NONE', #3150 ) ;
#539 = CARTESIAN_POINT ( 'NONE',  ( 158.5000000000000284, 33.00000000000000711, 2.000000000000001776 ) ) ;
#540 = DIRECTION ( 'NONE',  ( -1.000000000000000000, 0.000000000000000000, 0.000000000000000000 ) ) ;
#541 = TOROIDAL_SURFACE ( 'NONE', #193, 3.000000000000000888, 2.000000000000000000 ) ;
#542 = DIRECTION ( 'NONE',  ( -0.000000000000000000, -0.000000000000000000, 1.000000000000000000 ) ) ;
#543 = EDGE_CURVE ( 'NONE', #932, #4923, #423, .T. ) ;
#544 = CONICAL_SURFACE ( 'NONE', #702, 3.250000000000002665, 0.7853981633974491672 ) ;
#545 = DIRECTION ( 'NONE',  ( 1.000000000000000000, 0.000000000000000000, 0.000000000000000000 ) ) ;
#546 = CARTESIAN_POINT ( 'NONE',  ( 172.5000000000000284, 24.49999999999999645, 0.000000000000000000 ) ) ;
#547 = CONICAL_SURFACE ( 'NONE', #4766, 3.249999999999999556, 0.7853981633974473908 ) ;
#548 = ORIENTED_EDGE ( 'NONE', *, *, #44, .T. ) ;
#549 = EDGE_LOOP ( 'NONE', ( #4324, #1670, #4383, #2248 ) ) ;
#550 = CIRCLE ( 'NONE', #3936, 3.250000000000001332 ) ;
#551 = CARTESIAN_POINT ( 'NONE',  ( 190.0000000000000000, 54.99999999999998579, 5.000000000000000000 ) ) ;
#552 = AXIS2_PLACEMENT_3D ( 'NONE', #4057, #108, #1741 ) ;
#553 = EDGE_LOOP ( 'NONE', ( #112, #3329, #172, #712, #2101, #4514 ) ) ;
#554 = ADVANCED_FACE ( 'NONE', ( #2305 ), #3568, .T. ) ;
#555 = CARTESIAN_POINT ( 'NONE',  ( 200.0000000000000000, 2.580426667282538222, 17.00000000000000000 ) ) ;
#556 = CARTESIAN_POINT ( 'NONE',  ( 177.5000000000000284, 25.50000000000000000, 0.000000000000000000 ) ) ;
#557 = TOROIDAL_SURFACE ( 'NONE', #2043, 3.000000000000000888, 2.000000000000000000 ) ;
#558 = CARTESIAN_POINT ( 'NONE',  ( 200.0000000000000000, 2.425574567613307586, 5.747009208205192010 ) ) ;
#559 = AXIS2_PLACEMENT_3D ( 'NONE', #722, #2312, #4687 ) ;
#560 = LINE ( 'NONE', #1770, #1866 ) ;
#561 = CIRCLE ( 'NONE', #1965, 1.399999999999998579 ) ;
#562 = CARTESIAN_POINT ( 'NONE',  ( 87.13287859985850048, 45.44673482831323241, 0.000000000000000000 ) ) ;
#563 = ORIENTED_EDGE ( 'NONE', *, *, #1352, .F. ) ;
#564 = CIRCLE ( 'NONE', #3450, 3.000000000000002665 ) ;
#565 = CARTESIAN_POINT ( 'NONE',  ( 164.7125734422968151, 8.839632381688502960, 6.039461676312822824 ) ) ;
#566 = VERTEX_POINT ( 'NONE', #1492 ) ;
#567 = DIRECTION ( 'NONE',  ( 0.000000000000000000, 0.7071067811865475727, -0.7071067811865475727 ) ) ;
#568 = DIRECTION ( 'NONE',  ( -1.000000000000000000, 0.000000000000000000, 0.000000000000000000 ) ) ;
#569 = CARTESIAN_POINT ( 'NONE',  ( 191.7000000000000455, 10.00000000000000888, 19.00000000000000000 ) ) ;
#570 = EDGE_CURVE ( 'NONE', #538, #4413, #4076, .T. ) ;
#571 = DIRECTION ( 'NONE',  ( 0.000000000000000000, 0.000000000000000000, 1.000000000000000000 ) ) ;
#572 = CARTESIAN_POINT ( 'NONE',  ( 172.5000000000000284, 39.50000000000000711, 0.000000000000000000 ) ) ;
#573 = VERTEX_POINT ( 'NONE', #763 ) ;
#574 = EDGE_LOOP ( 'NONE', ( #2773, #1894 ) ) ;
#575 = EDGE_CURVE ( 'NONE', #36, #196, #4721, .T. ) ;
#576 = DIRECTION ( 'NONE',  ( -1.000000000000000000, 0.000000000000000000, 0.000000000000000000 ) ) ;
#577 = ORIENTED_EDGE ( 'NONE', *, *, #4848, .T. ) ;
#578 = DIRECTION ( 'NONE',  ( -1.000000000000000000, 0.000000000000000000, 0.000000000000000000 ) ) ;
#579 = FACE_OUTER_BOUND ( 'NONE', #1689, .T. ) ;
#580 = ORIENTED_EDGE ( 'NONE', *, *, #2167, .T. ) ;
#581 = ADVANCED_FACE ( 'NONE', ( #1466 ), #3047, .T. ) ;
#582 = DIRECTION ( 'NONE',  ( -1.000000000000000000, 0.000000000000000000, 0.000000000000000000 ) ) ;
#583 = DIRECTION ( 'NONE',  ( 0.000000000000000000, 0.000000000000000000, 1.000000000000000000 ) ) ;
#584 = ORIENTED_EDGE ( 'NONE', *, *, #805, .T. ) ;
#585 = ADVANCED_FACE ( 'NONE', ( #356 ), #3792, .F. ) ;
#586 = EDGE_CURVE ( 'NONE', #911, #3909, #1067, .T. ) ;
#587 = CARTESIAN_POINT ( 'NONE',  ( 103.1801948466055023, -2.494773331605044936E-14, 3.000000000000000000 ) ) ;
#588 = ORIENTED_EDGE ( 'NONE', *, *, #2028, .F. ) ;
#589 = ORIENTED_EDGE ( 'NONE', *, *, #734, .T. ) ;
#590 = CARTESIAN_POINT ( 'NONE',  ( 65.83141842876197813, 14.99999999999996092, 3.449999999999999289 ) ) ;
#591 = CARTESIAN_POINT ( 'NONE',  ( 142.7944365486292497, 12.14897587572938065, 19.00000000000000355 ) ) ;
#592 = LINE ( 'NONE', #266, #106 ) ;
#593 = CARTESIAN_POINT ( 'NONE',  ( 145.5613593869609872, 14.02197056730811653, 19.00000000000000000 ) ) ;
#594 = CARTESIAN_POINT ( 'NONE',  ( 105.6534001081864176, 48.54370749419727815, 5.000000000000000000 ) ) ;
#595 = DIRECTION ( 'NONE',  ( 0.000000000000000000, 0.000000000000000000, -1.000000000000000000 ) ) ;
#596 = AXIS2_PLACEMENT_3D ( 'NONE', #2465, #3679, #156 ) ;
#597 = FACE_OUTER_BOUND ( 'NONE', #2111, .T. ) ;
#598 = ORIENTED_EDGE ( 'NONE', *, *, #134, .F. ) ;
#599 = AXIS2_PLACEMENT_3D ( 'NONE', #1493, #5123, #3908 ) ;
#600 = DIRECTION ( 'NONE',  ( -1.000000000000000000, 0.000000000000000000, -0.000000000000000000 ) ) ;
#601 = EDGE_LOOP ( 'NONE', ( #4284, #96, #4655, #2823, #2429 ) ) ;
#602 = EDGE_CURVE ( 'NONE', #5044, #72, #328, .T. ) ;
#603 = DIRECTION ( 'NONE',  ( -0.4461978131097976696, -0.8949343616020306591, 0.000000000000000000 ) ) ;
#604 = CARTESIAN_POINT ( 'NONE',  ( 0.000000000000000000, 57.99999999999999289, 5.000000000000000000 ) ) ;
#605 = VERTEX_POINT ( 'NONE', #3070 ) ;
#606 = AXIS2_PLACEMENT_3D ( 'NONE', #1646, #3225, #4802 ) ;
#607 = CARTESIAN_POINT ( 'NONE',  ( 200.0000000000000000, 57.99999999999999289, 17.00000000000000000 ) ) ;
#608 = ORIENTED_EDGE ( 'NONE', *, *, #2344, .T. ) ;
#609 = CARTESIAN_POINT ( 'NONE',  ( 94.65340010818641758, 48.54370749419727105, 3.000000000000000000 ) ) ;
#610 = CARTESIAN_POINT ( 'NONE',  ( 140.0663718926538479, 12.14897587572938065, 19.00000000000000355 ) ) ;
#611 = ORIENTED_EDGE ( 'NONE', *, *, #3410, .T. ) ;
#612 = VECTOR ( 'NONE', #4438, 1000.000000000000114 ) ;
#613 = PLANE ( 'NONE',  #3346 ) ;
#614 = VECTOR ( 'NONE', #4122, 1000.000000000000000 ) ;
#615 = DIRECTION ( 'NONE',  ( -1.000000000000000000, 0.000000000000000000, 0.000000000000000000 ) ) ;
#616 = EDGE_CURVE ( 'NONE', #4612, #336, #4648, .T. ) ;
#617 = ORIENTED_EDGE ( 'NONE', *, *, #3545, .T. ) ;
#618 = LINE ( 'NONE', #1026, #4428 ) ;
#619 = ORIENTED_EDGE ( 'NONE', *, *, #1359, .T. ) ;
#620 = VECTOR ( 'NONE', #2761, 1000.000000000000000 ) ;
#621 = FACE_BOUND ( 'NONE', #4968, .T. ) ;
#622 = ORIENTED_EDGE ( 'NONE', *, *, #755, .F. ) ;
#623 = VECTOR ( 'NONE', #4871, 1000.000000000000000 ) ;
#624 = CIRCLE ( 'NONE', #4852, 2.000000000000001776 ) ;
#625 = EDGE_CURVE ( 'NONE', #2466, #4820, #2639, .T. ) ;
#626 = DIRECTION ( 'NONE',  ( -0.4461978131098025546, -0.8949343616020282166, -0.000000000000000000 ) ) ;
#627 = CARTESIAN_POINT ( 'NONE',  ( 106.6534001081864176, 48.54370749419727105, 9.000000000000001776 ) ) ;
#628 = VECTOR ( 'NONE', #170, 1000.000000000000000 ) ;
#629 = ORIENTED_EDGE ( 'NONE', *, *, #4166, .T. ) ;
#630 = CONICAL_SURFACE ( 'NONE', #4533, 1.000000000000000888, 0.7853981633974482790 ) ;
#631 = ADVANCED_FACE ( 'NONE', ( #1959 ), #5122, .F. ) ;
#632 = CARTESIAN_POINT ( 'NONE',  ( 0.000000000000000000, 57.99999999999999289, 5.000000000000000000 ) ) ;
#633 = VECTOR ( 'NONE', #376, 1000.000000000000000 ) ;
#634 = ORIENTED_EDGE ( 'NONE', *, *, #2614, .T. ) ;
#635 = DIRECTION ( 'NONE',  ( -0.000000000000000000, -0.000000000000000000, -1.000000000000000000 ) ) ;
#636 = LINE ( 'NONE', #609, #150 ) ;
#637 = CARTESIAN_POINT ( 'NONE',  ( 95.65340010818641758, 48.54370749419727815, 0.000000000000000000 ) ) ;
#638 = ORIENTED_EDGE ( 'NONE', *, *, #4166, .F. ) ;
#639 = CIRCLE ( 'NONE', #4775, 1.000000000000000888 ) ;
#640 = CARTESIAN_POINT ( 'NONE',  ( 105.6534001081864176, 49.54370749419727815, 2.000000000000001776 ) ) ;
#641 = DIRECTION ( 'NONE',  ( -0.000000000000000000, -0.000000000000000000, -1.000000000000000000 ) ) ;
#642 = CARTESIAN_POINT ( 'NONE',  ( 178.5000000000000284, 25.50000000000000000, 0.000000000000000000 ) ) ;
#643 = ORIENTED_EDGE ( 'NONE', *, *, #535, .F. ) ;
#644 = ORIENTED_EDGE ( 'NONE', *, *, #2476, .F. ) ;
#645 = ORIENTED_EDGE ( 'NONE', *, *, #3109, .F. ) ;
#646 = CYLINDRICAL_SURFACE ( 'NONE', #4584, 1.399999999999998579 ) ;
#647 = AXIS2_PLACEMENT_3D ( 'NONE', #383, #1516, #3095 ) ;
#648 = CARTESIAN_POINT ( 'NONE',  ( 200.0000000000000000, 2.580426667282532449, 6.999999999999999112 ) ) ;
#649 = VERTEX_POINT ( 'NONE', #1090 ) ;
#650 = FACE_BOUND ( 'NONE', #2475, .T. ) ;
#651 = EDGE_LOOP ( 'NONE', ( #4491, #3229, #4540, #3868, #2054, #3043, #3407, #4529 ) ) ;
#652 = CARTESIAN_POINT ( 'NONE',  ( 106.6534001081864176, 48.54370749419727105, 9.000000000000001776 ) ) ;
#653 = CARTESIAN_POINT ( 'NONE',  ( 105.6534001081864176, 51.54370749419727815, 3.000000000000000000 ) ) ;
#654 = ORIENTED_EDGE ( 'NONE', *, *, #4882, .T. ) ;
#655 = EDGE_CURVE ( 'NONE', #4299, #4820, #2686, .T. ) ;
#656 = ADVANCED_FACE ( 'NONE', ( #3483 ), #1119, .F. ) ;
#657 = DIRECTION ( 'NONE',  ( -1.000000000000000000, 0.000000000000000000, 0.000000000000000000 ) ) ;
#658 = ORIENTED_EDGE ( 'NONE', *, *, #3924, .T. ) ;
#659 = CARTESIAN_POINT ( 'NONE',  ( 139.3000000000000114, 49.99999999999987210, 0.000000000000000000 ) ) ;
#660 = DIRECTION ( 'NONE',  ( 0.000000000000000000, 0.000000000000000000, -1.000000000000000000 ) ) ;
#661 = CYLINDRICAL_SURFACE ( 'NONE', #4331, 1.600000000000018074 ) ;
#662 = EDGE_CURVE ( 'NONE', #2834, #2810, #919, .T. ) ;
#663 = ADVANCED_FACE ( 'NONE', ( #2086 ), #4860, .F. ) ;
#664 = CARTESIAN_POINT ( 'NONE',  ( 64.13141842876197529, 14.99999999999996092, 5.000000000000000000 ) ) ;
#665 =( NAMED_UNIT ( * ) SI_UNIT ( $, .STERADIAN. ) SOLID_ANGLE_UNIT ( ) );
#666 = ORIENTED_EDGE ( 'NONE', *, *, #4715, .T. ) ;
#667 = CARTESIAN_POINT ( 'NONE',  ( 197.7058243654970227, -0.2564852667683574783, 5.384740407141153540 ) ) ;
#668 = ORIENTED_EDGE ( 'NONE', *, *, #3614, .T. ) ;
#669 = VERTEX_POINT ( 'NONE', #4377 ) ;
#670 =( BOUNDED_SURFACE ( )  B_SPLINE_SURFACE ( 3, 2, ( 
 ( #281, #2914, #648 ),
 ( #3841, #3442, #4997 ),
 ( #4903, #1079, #558 ),
 ( #2673, #2288, #3895 ),
 ( #5027, #339, #1478 ),
 ( #4143, #3059, #1924 ) ),
 .UNSPECIFIED., .F., .F., .F. ) 
 B_SPLINE_SURFACE_WITH_KNOTS ( ( 4, 2, 4 ),
 ( 3, 3 ),
 ( 0.000000000000000000, 0.4700607862395007053, 0.9401215724790014105 ),
 ( 0.000000000000000000, 1.000000000000000000 ),
 .UNSPECIFIED. ) 
 GEOMETRIC_REPRESENTATION_ITEM ( )  RATIONAL_B_SPLINE_SURFACE ( (
 ( 1.000000000000000000, 0.6126040691370899793, 1.000000000000000000),
 ( 1.000000000000000000, 0.6125687434632769435, 1.000000000000000000),
 ( 1.000000000000000000, 0.6164492312918338213, 1.000000000000000000),
 ( 1.000000000000000000, 0.6306439906238167081, 1.000000000000000000),
 ( 1.000000000000000000, 0.6409364628284264231, 1.000000000000000000),
 ( 1.000000000000000000, 0.6530360567183512988, 1.000000000000000000) ) ) 
 REPRESENTATION_ITEM ( '' )  SURFACE ( )  );
#671 = FACE_OUTER_BOUND ( 'NONE', #5028, .T. ) ;
#672 = LINE ( 'NONE', #4260, #2435 ) ;
#673 = ORIENTED_EDGE ( 'NONE', *, *, #22, .F. ) ;
#674 = DIRECTION ( 'NONE',  ( 0.000000000000000000, 0.000000000000000000, 1.000000000000000000 ) ) ;
#675 = EDGE_LOOP ( 'NONE', ( #3408, #4304, #3715, #456 ) ) ;
#676 = CIRCLE ( 'NONE', #4244, 2.000000000000001776 ) ;
#677 = DIRECTION ( 'NONE',  ( -0.000000000000000000, -0.000000000000000000, -1.000000000000000000 ) ) ;
#678 = CARTESIAN_POINT ( 'NONE',  ( 0.000000000000000000, 0.000000000000000000, 0.000000000000000000 ) ) ;
#679 = VERTEX_POINT ( 'NONE', #4398 ) ;
#680 = DIRECTION ( 'NONE',  ( -0.7071067811865511255, -0.7071067811865439090, -8.673617379884025611E-16 ) ) ;
#681 = ORIENTED_EDGE ( 'NONE', *, *, #1133, .F. ) ;
#682 = CARTESIAN_POINT ( 'NONE',  ( 155.2853872035750555, 9.554843501615057022, 4.999999999999943157 ) ) ;
#683 = ADVANCED_FACE ( 'NONE', ( #2484 ), #839, .T. ) ;
#684 = CARTESIAN_POINT ( 'NONE',  ( 163.1989813451135660, 12.14897587572937709, 19.00000000000000355 ) ) ;
#685 = CARTESIAN_POINT ( 'NONE',  ( 141.0000000000000000, 49.99999999999987210, 5.000000000000000000 ) ) ;
#686 = CIRCLE ( 'NONE', #775, 3.250000000000002665 ) ;
#687 = AXIS2_PLACEMENT_3D ( 'NONE', #2037, #3694, #894 ) ;
#688 = CARTESIAN_POINT ( 'NONE',  ( 125.9114541480040543, 57.34959877382546978, 6.999999999999999112 ) ) ;
#689 = ORIENTED_EDGE ( 'NONE', *, *, #4103, .F. ) ;
#690 = DIRECTION ( 'NONE',  ( -1.000000000000000000, 0.000000000000000000, 0.000000000000000000 ) ) ;
#691 = EDGE_CURVE ( 'NONE', #2449, #4212, #4859, .T. ) ;
#692 = DIRECTION ( 'NONE',  ( 0.7071067811865475727, 0.000000000000000000, -0.7071067811865475727 ) ) ;
#693 = VECTOR ( 'NONE', #5107, 1000.000000000000000 ) ;
#694 = FACE_OUTER_BOUND ( 'NONE', #1921, .T. ) ;
#695 = ORIENTED_EDGE ( 'NONE', *, *, #3505, .F. ) ;
#696 = ORIENTED_EDGE ( 'NONE', *, *, #1033, .T. ) ;
#697 = VECTOR ( 'NONE', #2119, 999.9999999999998863 ) ;
#698 = EDGE_CURVE ( 'NONE', #4463, #3454, #5109, .T. ) ;
#699 = DIRECTION ( 'NONE',  ( -0.000000000000000000, -0.000000000000000000, -1.000000000000000000 ) ) ;
#700 = DIRECTION ( 'NONE',  ( 0.000000000000000000, 0.000000000000000000, -1.000000000000000000 ) ) ;
#701 = VERTEX_POINT ( 'NONE', #3204 ) ;
#702 = AXIS2_PLACEMENT_3D ( 'NONE', #4905, #3697, #4885 ) ;
#703 = DIRECTION ( 'NONE',  ( 0.000000000000000000, 0.000000000000000000, -1.000000000000000000 ) ) ;
#704 = ORIENTED_EDGE ( 'NONE', *, *, #3931, .F. ) ;
#705 = EDGE_CURVE ( 'NONE', #3309, #249, #1650, .T. ) ;
#706 = VECTOR ( 'NONE', #1588, 1000.000000000000000 ) ;
#707 = CIRCLE ( 'NONE', #210, 3.249999999999999556 ) ;
#708 = DIRECTION ( 'NONE',  ( -0.000000000000000000, -0.000000000000000000, -1.000000000000000000 ) ) ;
#709 = DIRECTION ( 'NONE',  ( 0.000000000000000000, 0.000000000000000000, -1.000000000000000000 ) ) ;
#710 = ORIENTED_EDGE ( 'NONE', *, *, #4583, .T. ) ;
#711 = CARTESIAN_POINT ( 'NONE',  ( 158.5000000000000284, 40.50000000000001421, 19.00000000000000000 ) ) ;
#712 = ORIENTED_EDGE ( 'NONE', *, *, #2950, .T. ) ;
#713 = DIRECTION ( 'NONE',  ( -1.000000000000000000, 0.000000000000000000, -0.000000000000000000 ) ) ;
#714 = DIRECTION ( 'NONE',  ( 1.000000000000000000, 0.000000000000000000, 0.000000000000000000 ) ) ;
#715 = VECTOR ( 'NONE', #2324, 1000.000000000000000 ) ;
#716 = CARTESIAN_POINT ( 'NONE',  ( 141.0000000000000000, 49.99999999999987210, 0.000000000000000000 ) ) ;
#717 = AXIS2_PLACEMENT_3D ( 'NONE', #2841, #451, #3611 ) ;
#718 = CYLINDRICAL_SURFACE ( 'NONE', #2605, 1.399999999999998579 ) ;
#719 = ORIENTED_EDGE ( 'NONE', *, *, #4994, .F. ) ;
#720 = ORIENTED_EDGE ( 'NONE', *, *, #3995, .F. ) ;
#721 = DIRECTION ( 'NONE',  ( -1.000000000000000000, 0.000000000000000000, 0.000000000000000000 ) ) ;
#722 = CARTESIAN_POINT ( 'NONE',  ( 154.9497474683057874, -19.94974746830582291, 9.000000000000001776 ) ) ;
#723 = DIRECTION ( 'NONE',  ( -0.000000000000000000, -0.000000000000000000, 1.000000000000000000 ) ) ;
#724 = CIRCLE ( 'NONE', #4534, 1.700000000000007061 ) ;
#725 = EDGE_LOOP ( 'NONE', ( #521, #1076, #4221, #1009 ) ) ;
#726 = ORIENTED_EDGE ( 'NONE', *, *, #943, .T. ) ;
#727 = EDGE_CURVE ( 'NONE', #1173, #1807, #428, .T. ) ;
#728 = CARTESIAN_POINT ( 'NONE',  ( 141.0000000000000000, 15.00000000000001243, 19.00000000000000000 ) ) ;
#729 = DIRECTION ( 'NONE',  ( -1.000000000000000000, 0.000000000000000000, 0.000000000000000000 ) ) ;
#730 = ORIENTED_EDGE ( 'NONE', *, *, #48, .F. ) ;
#731 = ADVANCED_FACE ( 'NONE', ( #117 ), #2456, .T. ) ;
#732 = FACE_OUTER_BOUND ( 'NONE', #553, .T. ) ;
#733 = VERTEX_POINT ( 'NONE', #3174 ) ;
#734 = EDGE_CURVE ( 'NONE', #3469, #2421, #4114, .T. ) ;
#735 = CARTESIAN_POINT ( 'NONE',  ( 9.999999999999996447, 9.999999999999985789, 5.000000000000000000 ) ) ;
#736 = DIRECTION ( 'NONE',  ( -0.000000000000000000, -0.000000000000000000, 1.000000000000000000 ) ) ;
#737 = EDGE_LOOP ( 'NONE', ( #4261, #4773, #3092, #2276 ) ) ;
#738 = CARTESIAN_POINT ( 'NONE',  ( 169.5000000000000000, -14.99999999999999645, 15.00000000000000000 ) ) ;
#739 = CARTESIAN_POINT ( 'NONE',  ( 94.65340010818641758, 40.54370749419728526, 3.000000000000000000 ) ) ;
#740 = DIRECTION ( 'NONE',  ( -1.000000000000000000, 0.000000000000000000, 0.000000000000000000 ) ) ;
#741 = FACE_BOUND ( 'NONE', #935, .T. ) ;
#742 = EDGE_CURVE ( 'NONE', #649, #1346, #1908, .T. ) ;
#743 = CARTESIAN_POINT ( 'NONE',  ( 127.8027442487000513, 60.00000000000000000, 6.476306824688393249 ) ) ;
#744 = ORIENTED_EDGE ( 'NONE', *, *, #2411, .T. ) ;
#745 = DIRECTION ( 'NONE',  ( -0.3252006130872606704, 0.9456450503479992831, 0.000000000000000000 ) ) ;
#746 = CARTESIAN_POINT ( 'NONE',  ( 8.299999999999991829, 54.99999999999988631, 5.000000000000000000 ) ) ;
#747 = LINE ( 'NONE', #2335, #2838 ) ;
#748 = VERTEX_POINT ( 'NONE', #1197 ) ;
#749 = VERTEX_POINT ( 'NONE', #2845 ) ;
#750 = CARTESIAN_POINT ( 'NONE',  ( 139.3000000000000114, 15.00000000000001243, 5.000000000000000000 ) ) ;
#751 = CARTESIAN_POINT ( 'NONE',  ( 92.65340010818641758, 40.54370749419729947, 0.000000000000000000 ) ) ;
#752 = VERTEX_POINT ( 'NONE', #1222 ) ;
#753 = ADVANCED_FACE ( 'NONE', ( #2426 ), #3643, .F. ) ;
#754 = DIRECTION ( 'NONE',  ( -0.000000000000000000, -0.000000000000000000, 1.000000000000000000 ) ) ;
#755 = EDGE_CURVE ( 'NONE', #797, #924, #1950, .T. ) ;
#756 = EDGE_CURVE ( 'NONE', #2069, #1234, #1446, .T. ) ;
#757 = PLANE ( 'NONE',  #4672 ) ;
#758 = DIRECTION ( 'NONE',  ( -0.9683921847460533749, 0.2494325089533556694, 0.000000000000000000 ) ) ;
#759 = VERTEX_POINT ( 'NONE', #455 ) ;
#760 = AXIS2_PLACEMENT_3D ( 'NONE', #4943, #3018, #4628 ) ;
#761 = DIRECTION ( 'NONE',  ( -1.000000000000000000, 0.000000000000000000, 0.000000000000000000 ) ) ;
#762 = CARTESIAN_POINT ( 'NONE',  ( 0.000000000000000000, 0.000000000000000000, 0.000000000000000000 ) ) ;
#763 = CARTESIAN_POINT ( 'NONE',  ( 102.3517677218592752, 0.000000000000000000, 3.000000000000000000 ) ) ;
#764 = AXIS2_PLACEMENT_3D ( 'NONE', #2243, #4199, #2221 ) ;
#765 = CARTESIAN_POINT ( 'NONE',  ( 11.69999999999999574, 9.999999999999985789, 0.000000000000000000 ) ) ;
#766 = ORIENTED_EDGE ( 'NONE', *, *, #5103, .F. ) ;
#767 = CARTESIAN_POINT ( 'NONE',  ( 143.5000000000000284, 33.00000000000000000, 0.000000000000000000 ) ) ;
#768 = EDGE_LOOP ( 'NONE', ( #4400, #245, #5105, #4664 ) ) ;
#769 = DIRECTION ( 'NONE',  ( 0.000000000000000000, 0.000000000000000000, -1.000000000000000000 ) ) ;
#770 = EDGE_CURVE ( 'NONE', #4570, #921, #2039, .T. ) ;
#771 = DIRECTION ( 'NONE',  ( 0.000000000000000000, 0.000000000000000000, -1.000000000000000000 ) ) ;
#772 = DIRECTION ( 'NONE',  ( 1.000000000000000000, 0.000000000000000000, 0.000000000000000000 ) ) ;
#773 = AXIS2_PLACEMENT_3D ( 'NONE', #2064, #253, #2702 ) ;
#774 = AXIS2_PLACEMENT_3D ( 'NONE', #75, #542, #517 ) ;
#775 = AXIS2_PLACEMENT_3D ( 'NONE', #3094, #4676, #1118 ) ;
#776 = FACE_OUTER_BOUND ( 'NONE', #4154, .T. ) ;
#777 = AXIS2_PLACEMENT_3D ( 'NONE', #486, #3278, #4857 ) ;
#778 = CARTESIAN_POINT ( 'NONE',  ( 172.5000000000000284, 41.50000000000000711, 19.00000000000000000 ) ) ;
#779 = ORIENTED_EDGE ( 'NONE', *, *, #2632, .F. ) ;
#780 = DIRECTION ( 'NONE',  ( 0.000000000000000000, 0.000000000000000000, -1.000000000000000000 ) ) ;
#781 = AXIS2_PLACEMENT_3D ( 'NONE', #3140, #440, #1973 ) ;
#782 = AXIS2_PLACEMENT_3D ( 'NONE', #177, #4512, #2884 ) ;
#783 = AXIS2_PLACEMENT_3D ( 'NONE', #4402, #4865, #4838 ) ;
#784 = CARTESIAN_POINT ( 'NONE',  ( 158.5000000000000284, 33.00000000000000711, 2.000000000000001776 ) ) ;
#785 = ORIENTED_EDGE ( 'NONE', *, *, #164, .F. ) ;
#786 = CARTESIAN_POINT ( 'NONE',  ( 190.0000000000000000, 54.99999999999998579, 0.000000000000000000 ) ) ;
#787 = EDGE_CURVE ( 'NONE', #5044, #3700, #1673, .T. ) ;
#788 = AXIS2_PLACEMENT_3D ( 'NONE', #594, #4557, #997 ) ;
#789 = CARTESIAN_POINT ( 'NONE',  ( 136.7944365486292497, 10.14897587572937887, 5.000000000000000888 ) ) ;
#790 = DIRECTION ( 'NONE',  ( -0.000000000000000000, -0.000000000000000000, 1.000000000000000000 ) ) ;
#791 = FACE_BOUND ( 'NONE', #1407, .T. ) ;
#792 = ORIENTED_EDGE ( 'NONE', *, *, #3550, .F. ) ;
#793 = VECTOR ( 'NONE', #3684, 1000.000000000000000 ) ;
#794 = EDGE_CURVE ( 'NONE', #1417, #4570, #2536, .T. ) ;
#795 = FACE_OUTER_BOUND ( 'NONE', #601, .T. ) ;
#796 = ORIENTED_EDGE ( 'NONE', *, *, #3629, .T. ) ;
#797 = VERTEX_POINT ( 'NONE', #4144 ) ;
#798 = CARTESIAN_POINT ( 'NONE',  ( 139.0632271512193086, 12.14897587572937887, 5.725953615149594889 ) ) ;
#799 = CARTESIAN_POINT ( 'NONE',  ( 144.4033277627900134, 11.33702850966287023, 4.999999999999999112 ) ) ;
#800 =( BOUNDED_CURVE ( )  B_SPLINE_CURVE ( 3, ( #3774, #1801, #2565, #4222 ),
 .UNSPECIFIED., .F., .T. ) 
 B_SPLINE_CURVE_WITH_KNOTS ( ( 4, 4 ),
 ( 5.343063734700583822, 6.283185307179586232 ),
 .UNSPECIFIED. ) 
 CURVE ( )  GEOMETRIC_REPRESENTATION_ITEM ( )  RATIONAL_B_SPLINE_CURVE ( ( 1.000000000000000000, 0.9276938381959856095, 0.9276938381959856095, 1.000000000000000000 ) ) 
 REPRESENTATION_ITEM ( '' )  );
#801 = EDGE_CURVE ( 'NONE', #3305, #4083, #940, .T. ) ;
#802 = AXIS2_PLACEMENT_3D ( 'NONE', #4783, #508, #3985 ) ;
#803 = CARTESIAN_POINT ( 'NONE',  ( 191.7000000000000455, 10.00000000000000888, 0.000000000000000000 ) ) ;
#804 = VECTOR ( 'NONE', #4136, 1000.000000000000000 ) ;
#805 = EDGE_CURVE ( 'NONE', #955, #2589, #2576, .T. ) ;
#806 = CARTESIAN_POINT ( 'NONE',  ( 92.54865891784672272, 53.50114408273147859, 0.000000000000000000 ) ) ;
#807 = AXIS2_PLACEMENT_3D ( 'NONE', #3790, #3347, #1029 ) ;
#808 = VERTEX_POINT ( 'NONE', #2965 ) ;
#809 = CARTESIAN_POINT ( 'NONE',  ( 163.1989813451135660, 8.148975875729380647, 19.00000000000000355 ) ) ;
#810 = ADVANCED_FACE ( 'NONE', ( #2144 ), #2213, .F. ) ;
#811 = EDGE_CURVE ( 'NONE', #3521, #326, #4757, .T. ) ;
#812 = ORIENTED_EDGE ( 'NONE', *, *, #3609, .T. ) ;
#813 = CARTESIAN_POINT ( 'NONE',  ( 200.0000000000000284, -7.968265257247373676E-15, 6.999999999999999112 ) ) ;
#814 = CARTESIAN_POINT ( 'NONE',  ( 94.65340010818641758, 40.54370749419728526, 9.000000000000001776 ) ) ;
#815 = DIRECTION ( 'NONE',  ( -1.000000000000000000, 0.000000000000000000, 0.000000000000000000 ) ) ;
#816 = DIRECTION ( 'NONE',  ( 0.000000000000000000, 0.000000000000000000, -1.000000000000000000 ) ) ;
#817 = DIRECTION ( 'NONE',  ( 0.000000000000000000, -0.000000000000000000, 1.000000000000000000 ) ) ;
#818 = CARTESIAN_POINT ( 'NONE',  ( 8.299999999999998934, 9.999999999999985789, 0.000000000000000000 ) ) ;
#819 = EDGE_CURVE ( 'NONE', #2310, #2407, #4185, .T. ) ;
#820 = ORIENTED_EDGE ( 'NONE', *, *, #3473, .T. ) ;
#821 = CARTESIAN_POINT ( 'NONE',  ( 155.2515008413168971, 10.61181557140739429, 5.336188876481301691 ) ) ;
#822 = ORIENTED_EDGE ( 'NONE', *, *, #2598, .T. ) ;
#823 = CARTESIAN_POINT ( 'NONE',  ( 138.1927009766741890, 12.14897587572937709, 5.251814952746910237 ) ) ;
#824 = ADVANCED_FACE ( 'NONE', ( #1727 ), #3393, .F. ) ;
#825 = CARTESIAN_POINT ( 'NONE',  ( 156.5497474683056964, -10.05025253169416644, 0.000000000000000000 ) ) ;
#826 = ADVANCED_FACE ( 'NONE', ( #2532 ), #234, .F. ) ;
#827 = LINE ( 'NONE', #394, #2506 ) ;
#828 = EDGE_CURVE ( 'NONE', #1667, #3911, #1794, .T. ) ;
#829 = ORIENTED_EDGE ( 'NONE', *, *, #981, .F. ) ;
#830 = DIRECTION ( 'NONE',  ( -0.9683921847460533749, 0.2494325089533556694, 0.000000000000000000 ) ) ;
#831 = CARTESIAN_POINT ( 'NONE',  ( 103.7659812842323817, -0.5857864376269108497, 3.000000000000000000 ) ) ;
#832 = VERTEX_POINT ( 'NONE', #1007 ) ;
#833 = CARTESIAN_POINT ( 'NONE',  ( 158.5000000000000284, 33.00000000000000711, 0.000000000000000000 ) ) ;
#834 = EDGE_LOOP ( 'NONE', ( #2703, #4630, #2631, #3146, #4807 ) ) ;
#835 = CARTESIAN_POINT ( 'NONE',  ( 6.749999999999992006, 54.99999999999988631, 5.000000000000000000 ) ) ;
#836 = CARTESIAN_POINT ( 'NONE',  ( 93.94865891784671419, 53.50114408273147859, 0.000000000000000000 ) ) ;
#837 =( BOUNDED_CURVE ( )  B_SPLINE_CURVE ( 3, ( #3145, #4215, #2235, #2678 ),
 .UNSPECIFIED., .F., .T. ) 
 B_SPLINE_CURVE_WITH_KNOTS ( ( 4, 4 ),
 ( 1.570796326794896558, 3.141592653589793116 ),
 .UNSPECIFIED. ) 
 CURVE ( )  GEOMETRIC_REPRESENTATION_ITEM ( )  RATIONAL_B_SPLINE_CURVE ( ( 1.000000000000000000, 0.8047378541243649375, 0.8047378541243649375, 1.000000000000000000 ) ) 
 REPRESENTATION_ITEM ( '' )  );
#838 = DIRECTION ( 'NONE',  ( -1.000000000000000000, 0.000000000000000000, 0.000000000000000000 ) ) ;
#839 = CYLINDRICAL_SURFACE ( 'NONE', #3535, 2.000000000000001776 ) ;
#840 = ORIENTED_EDGE ( 'NONE', *, *, #4720, .T. ) ;
#841 = EDGE_LOOP ( 'NONE', ( #1094, #2661 ) ) ;
#842 = FACE_OUTER_BOUND ( 'NONE', #3075, .T. ) ;
#843 = ORIENTED_EDGE ( 'NONE', *, *, #5033, .T. ) ;
#844 = AXIS2_PLACEMENT_3D ( 'NONE', #4658, #3552, #772 ) ;
#845 = CARTESIAN_POINT ( 'NONE',  ( 66.49999999999992895, 50.00000000000007816, 5.000000000000000000 ) ) ;
#846 = CARTESIAN_POINT ( 'NONE',  ( 200.0000000000000284, 2.580426667282532449, 5.698017353062282631 ) ) ;
#847 = FACE_OUTER_BOUND ( 'NONE', #1038, .T. ) ;
#848 = EDGE_LOOP ( 'NONE', ( #3032, #13, #1125, #4963 ) ) ;
#849 = EDGE_CURVE ( 'NONE', #3019, #1890, #560, .T. ) ;
#850 = LINE ( 'NONE', #4464, #4013 ) ;
#851 = PLANE ( 'NONE',  #3269 ) ;
#852 = EDGE_LOOP ( 'NONE', ( #5049, #1862, #1106, #2842 ) ) ;
#853 = CYLINDRICAL_SURFACE ( 'NONE', #49, 2.000000000000001776 ) ;
#854 = ORIENTED_EDGE ( 'NONE', *, *, #1226, .F. ) ;
#855 = AXIS2_PLACEMENT_3D ( 'NONE', #2085, #3251, #1303 ) ;
#856 = EDGE_CURVE ( 'NONE', #752, #3454, #3742, .T. ) ;
#857 = EDGE_LOOP ( 'NONE', ( #1052, #1789, #191, #2752, #2638 ) ) ;
#858 = DIRECTION ( 'NONE',  ( -0.000000000000000000, -0.000000000000000000, 1.000000000000000000 ) ) ;
#859 = AXIS2_PLACEMENT_3D ( 'NONE', #3240, #2152, #3655 ) ;
#860 = DIRECTION ( 'NONE',  ( 1.000000000000000000, 2.312964634635740985E-16, 0.000000000000000000 ) ) ;
#861 = ORIENTED_EDGE ( 'NONE', *, *, #2977, .T. ) ;
#862 = VECTOR ( 'NONE', #4429, 1000.000000000000000 ) ;
#863 = FACE_OUTER_BOUND ( 'NONE', #4388, .T. ) ;
#864 =( LENGTH_UNIT ( ) NAMED_UNIT ( * ) SI_UNIT ( .MILLI., .METRE. ) );
#865 = DIRECTION ( 'NONE',  ( -0.4461978131097990574, -0.8949343616020298819, 0.000000000000000000 ) ) ;
#866 = EDGE_LOOP ( 'NONE', ( #464, #2861, #2314, #4798 ) ) ;
#867 = FACE_OUTER_BOUND ( 'NONE', #2234, .T. ) ;
#868 = VECTOR ( 'NONE', #1218, 1000.000000000000000 ) ;
#869 = EDGE_LOOP ( 'NONE', ( #1724, #3927, #4551, #2593, #3873 ) ) ;
#870 = CARTESIAN_POINT ( 'NONE',  ( 145.5613593869609872, 14.02197056730811653, 6.999999999999999112 ) ) ;
#871 = AXIS2_PLACEMENT_3D ( 'NONE', #4878, #1051, #2108 ) ;
#872 = ORIENTED_EDGE ( 'NONE', *, *, #742, .T. ) ;
#873 = FACE_OUTER_BOUND ( 'NONE', #3548, .T. ) ;
#874 = DIRECTION ( 'NONE',  ( -1.000000000000000000, 0.000000000000000000, 0.000000000000000000 ) ) ;
#875 = DIRECTION ( 'NONE',  ( -1.000000000000000000, 0.000000000000000000, 0.000000000000000000 ) ) ;
#876 = AXIS2_PLACEMENT_3D ( 'NONE', #3233, #1682, #1254 ) ;
#877 = ORIENTED_EDGE ( 'NONE', *, *, #4027, .T. ) ;
#878 = AXIS2_PLACEMENT_3D ( 'NONE', #2286, #2572, #1503 ) ;
#879 = CARTESIAN_POINT ( 'NONE',  ( 8.299999999999991829, 54.99999999999988631, 0.000000000000000000 ) ) ;
#880 = LINE ( 'NONE', #3296, #623 ) ;
#881 = ORIENTED_EDGE ( 'NONE', *, *, #1192, .T. ) ;
#882 = CARTESIAN_POINT ( 'NONE',  ( 163.1989813451135660, 10.14897587572937887, 19.00000000000000355 ) ) ;
#883 = ORIENTED_EDGE ( 'NONE', *, *, #3994, .F. ) ;
#884 = EDGE_CURVE ( 'NONE', #1915, #209, #283, .T. ) ;
#885 = DIRECTION ( 'NONE',  ( -0.000000000000000000, -0.000000000000000000, -1.000000000000000000 ) ) ;
#886 = AXIS2_PLACEMENT_3D ( 'NONE', #2527, #2623, #3323 ) ;
#887 = ORIENTED_EDGE ( 'NONE', *, *, #1659, .F. ) ;
#888 = DIRECTION ( 'NONE',  ( -0.000000000000000000, -0.000000000000000000, -1.000000000000000000 ) ) ;
#889 = CIRCLE ( 'NONE', #3787, 1.699999999999993072 ) ;
#890 = EDGE_CURVE ( 'NONE', #3735, #3671, #1614, .T. ) ;
#891 = CARTESIAN_POINT ( 'NONE',  ( 190.0000000000000000, 54.99999999999998579, 19.00000000000000000 ) ) ;
#892 = ORIENTED_EDGE ( 'NONE', *, *, #1336, .T. ) ;
#893 = EDGE_CURVE ( 'NONE', #3342, #5118, #2610, .T. ) ;
#894 = DIRECTION ( 'NONE',  ( -1.000000000000000000, 0.000000000000000000, 0.000000000000000000 ) ) ;
#895 = CARTESIAN_POINT ( 'NONE',  ( 158.5000000000000284, 40.50000000000001421, 2.000000000000001776 ) ) ;
#896 = EDGE_CURVE ( 'NONE', #1511, #2597, #2275, .T. ) ;
#897 = CARTESIAN_POINT ( 'NONE',  ( 125.9114541480040401, 57.34959877382547688, 5.828427124746195176 ) ) ;
#898 = ORIENTED_EDGE ( 'NONE', *, *, #1092, .T. ) ;
#899 = EDGE_LOOP ( 'NONE', ( #1053, #2228, #3418, #3488 ) ) ;
#900 = CARTESIAN_POINT ( 'NONE',  ( 137.2305374359174834, 18.28498888551852630, 5.000000000000000000 ) ) ;
#901 = VERTEX_POINT ( 'NONE', #2629 ) ;
#902 = PLANE ( 'NONE',  #4577 ) ;
#903 = DIRECTION ( 'NONE',  ( 0.000000000000000000, 0.000000000000000000, 1.000000000000000000 ) ) ;
#904 = DIRECTION ( 'NONE',  ( 0.000000000000000000, 0.000000000000000000, 1.000000000000000000 ) ) ;
#905 = LINE ( 'NONE', #927, #4177 ) ;
#906 = DIRECTION ( 'NONE',  ( 1.000000000000000000, 0.000000000000000000, 0.000000000000000000 ) ) ;
#907 = VERTEX_POINT ( 'NONE', #533 ) ;
#908 = ORIENTED_EDGE ( 'NONE', *, *, #2501, .T. ) ;
#909 = DIRECTION ( 'NONE',  ( -1.000000000000000000, 0.000000000000000000, 0.000000000000000000 ) ) ;
#910 = ADVANCED_FACE ( 'NONE', ( #3327 ), #544, .F. ) ;
#911 = VERTEX_POINT ( 'NONE', #2939 ) ;
#912 = LINE ( 'NONE', #527, #4518 ) ;
#913 = DIRECTION ( 'NONE',  ( 0.000000000000000000, 0.000000000000000000, 1.000000000000000000 ) ) ;
#914 = EDGE_LOOP ( 'NONE', ( #4459, #2048, #4312, #1910, #2893, #2918 ) ) ;
#915 = AXIS2_PLACEMENT_3D ( 'NONE', #3509, #790, #5091 ) ;
#916 = CARTESIAN_POINT ( 'NONE',  ( 198.0000000000000000, 57.99999999999999289, 17.00000000000000000 ) ) ;
#917 = ADVANCED_FACE ( 'NONE', ( #4523 ), #966, .F. ) ;
#918 = DIRECTION ( 'NONE',  ( -0.000000000000000000, -0.000000000000000000, -1.000000000000000000 ) ) ;
#919 = LINE ( 'NONE', #4424, #2210 ) ;
#920 = CARTESIAN_POINT ( 'NONE',  ( 125.9114541480040543, 57.34959877382546978, 6.999999999999999112 ) ) ;
#921 = VERTEX_POINT ( 'NONE', #5085 ) ;
#922 = EDGE_CURVE ( 'NONE', #932, #3594, #3821, .T. ) ;
#923 = LINE ( 'NONE', #2510, #201 ) ;
#924 = VERTEX_POINT ( 'NONE', #1457 ) ;
#925 = FACE_BOUND ( 'NONE', #3784, .T. ) ;
#926 = CARTESIAN_POINT ( 'NONE',  ( 85.54335325202283968, 39.45067460557965688, 6.000000000000000000 ) ) ;
#927 = CARTESIAN_POINT ( 'NONE',  ( 143.5000000000000284, 25.49999999999999645, 2.000000000000002220 ) ) ;
#928 = CARTESIAN_POINT ( 'NONE',  ( 95.65340010818641758, 48.54370749419727815, 9.000000000000001776 ) ) ;
#929 = ORIENTED_EDGE ( 'NONE', *, *, #1255, .F. ) ;
#930 = ORIENTED_EDGE ( 'NONE', *, *, #2772, .T. ) ;
#931 = CYLINDRICAL_SURFACE ( 'NONE', #2458, 2.000000000000001776 ) ;
#932 = VERTEX_POINT ( 'NONE', #2708 ) ;
#933 = CARTESIAN_POINT ( 'NONE',  ( 197.4899127727649670, -2.278537527950812436, 4.887685626448924125 ) ) ;
#934 = CARTESIAN_POINT ( 'NONE',  ( 11.69999999999997797, 32.49999999999990052, 0.000000000000000000 ) ) ;
#935 = EDGE_LOOP ( 'NONE', ( #4730, #254 ) ) ;
#936 = CIRCLE ( 'NONE', #368, 2.000000000000000000 ) ;
#937 = LINE ( 'NONE', #5051, #4662 ) ;
#938 = AXIS2_PLACEMENT_3D ( 'NONE', #3601, #1533, #4716 ) ;
#939 = LINE ( 'NONE', #3203, #1343 ) ;
#940 = LINE ( 'NONE', #4162, #3515 ) ;
#941 = DIRECTION ( 'NONE',  ( 0.000000000000000000, 0.000000000000000000, -1.000000000000000000 ) ) ;
#942 = ORIENTED_EDGE ( 'NONE', *, *, #2437, .T. ) ;
#943 = EDGE_CURVE ( 'NONE', #3397, #1638, #3902, .T. ) ;
#944 = VECTOR ( 'NONE', #3727, 1000.000000000000000 ) ;
#945 = CARTESIAN_POINT ( 'NONE',  ( 141.9336281073461805, 12.14897587572938065, 19.00000000000000355 ) ) ;
#946 = ORIENTED_EDGE ( 'NONE', *, *, #3267, .T. ) ;
#947 = FACE_OUTER_BOUND ( 'NONE', #1907, .T. ) ;
#948 = FACE_OUTER_BOUND ( 'NONE', #430, .T. ) ;
#949 = VECTOR ( 'NONE', #507, 1000.000000000000000 ) ;
#950 = AXIS2_PLACEMENT_3D ( 'NONE', #2326, #3125, #680 ) ;
#951 = CARTESIAN_POINT ( 'NONE',  ( 11.69999999999999218, 54.99999999999988631, 3.449999999999997513 ) ) ;
#952 = LINE ( 'NONE', #4131, #3090 ) ;
#953 = CYLINDRICAL_SURFACE ( 'NONE', #3023, 1.000000000000000888 ) ;
#954 = TOROIDAL_SURFACE ( 'NONE', #4520, 19.50000000000000711, 10.00000000000000000 ) ;
#955 = VERTEX_POINT ( 'NONE', #257 ) ;
#956 = ORIENTED_EDGE ( 'NONE', *, *, #1902, .T. ) ;
#957 = CIRCLE ( 'NONE', #1543, 1.399999999999998579 ) ;
#958 = DIRECTION ( 'NONE',  ( 1.000000000000000000, 0.000000000000000000, 0.000000000000000000 ) ) ;
#959 = CONICAL_SURFACE ( 'NONE', #475, 3.250000000000001332, 0.7853981633974480570 ) ;
#960 = ORIENTED_EDGE ( 'NONE', *, *, #2590, .F. ) ;
#961 = FACE_OUTER_BOUND ( 'NONE', #3206, .T. ) ;
#962 = ORIENTED_EDGE ( 'NONE', *, *, #3200, .F. ) ;
#963 = AXIS2_PLACEMENT_3D ( 'NONE', #1484, #4344, #3064 ) ;
#964 = LINE ( 'NONE', #2559, #2599 ) ;
#965 = AXIS2_PLACEMENT_3D ( 'NONE', #3491, #4764, #5100 ) ;
#966 = CYLINDRICAL_SURFACE ( 'NONE', #2031, 2.000000000000001776 ) ;
#967 = VECTOR ( 'NONE', #2184, 1000.000000000000000 ) ;
#968 = LINE ( 'NONE', #604, #4772 ) ;
#969 = EDGE_LOOP ( 'NONE', ( #4059, #2886, #1815, #2354 ) ) ;
#970 = AXIS2_PLACEMENT_3D ( 'NONE', #3776, #1853, #222 ) ;
#971 = LINE ( 'NONE', #237, #4750 ) ;
#972 = ORIENTED_EDGE ( 'NONE', *, *, #2824, .F. ) ;
#973 = CARTESIAN_POINT ( 'NONE',  ( 136.7944365486292497, 10.14897587572937887, 19.00000000000000355 ) ) ;
#974 = EDGE_CURVE ( 'NONE', #5036, #748, #3350, .T. ) ;
#975 = CYLINDRICAL_SURFACE ( 'NONE', #4132, 1.599999999999851541 ) ;
#976 = DIRECTION ( 'NONE',  ( 0.000000000000000000, 0.000000000000000000, -1.000000000000000000 ) ) ;
#977 = CARTESIAN_POINT ( 'NONE',  ( 126.1723089010082219, 60.00000000000000000, 3.801332634048741888 ) ) ;
#978 = CARTESIAN_POINT ( 'NONE',  ( 164.8691818354178622, 9.048780292122822644, 19.00000000000000355 ) ) ;
#979 = EDGE_CURVE ( 'NONE', #1530, #2511, #346, .T. ) ;
#980 = DIRECTION ( 'NONE',  ( -1.000000000000000000, 0.000000000000000000, 0.000000000000000000 ) ) ;
#981 = EDGE_CURVE ( 'NONE', #1791, #4791, #4269, .T. ) ;
#982 = EDGE_LOOP ( 'NONE', ( #666, #4297, #4305, #1237 ) ) ;
#983 = FACE_OUTER_BOUND ( 'NONE', #1975, .T. ) ;
#984 = ADVANCED_FACE ( 'NONE', ( #3087 ), #3878, .F. ) ;
#985 = VERTEX_POINT ( 'NONE', #4669 ) ;
#986 = DIRECTION ( 'NONE',  ( -1.000000000000000000, 0.000000000000000000, 0.000000000000000000 ) ) ;
#987 = ORIENTED_EDGE ( 'NONE', *, *, #2958, .T. ) ;
#988 = DIRECTION ( 'NONE',  ( 1.000000000000000000, 0.000000000000000000, 0.000000000000000000 ) ) ;
#989 = CARTESIAN_POINT ( 'NONE',  ( 198.0000000000000000, 0.5804266672825366680, 19.00000000000000000 ) ) ;
#990 = VERTEX_POINT ( 'NONE', #3475 ) ;
#991 = CARTESIAN_POINT ( 'NONE',  ( -5.435466891393981626E-15, 23.49999999999995737, 0.000000000000000000 ) ) ;
#992 = VERTEX_POINT ( 'NONE', #1483 ) ;
#993 = DIRECTION ( 'NONE',  ( 1.000000000000000000, 0.000000000000000000, 0.000000000000000000 ) ) ;
#994 = DIRECTION ( 'NONE',  ( 0.000000000000000000, -0.7071067811865474617, 0.7071067811865474617 ) ) ;
#995 = DIRECTION ( 'NONE',  ( 0.000000000000000000, 0.000000000000000000, -1.000000000000000000 ) ) ;
#996 = DIRECTION ( 'NONE',  ( 0.000000000000000000, 1.000000000000000000, -0.000000000000000000 ) ) ;
#997 = DIRECTION ( 'NONE',  ( -1.000000000000000000, 0.000000000000000000, 0.000000000000000000 ) ) ;
#998 = CARTESIAN_POINT ( 'NONE',  ( 158.5000000000000284, 40.50000000000001421, 2.000000000000001776 ) ) ;
#999 = AXIS2_PLACEMENT_3D ( 'NONE', #637, #4575, #2611 ) ;
#1000 = ADVANCED_FACE ( 'NONE', ( #3926 ), #3041, .F. ) ;
#1001 = LINE ( 'NONE', #3467, #2873 ) ;
#1002 = ORIENTED_EDGE ( 'NONE', *, *, #1547, .F. ) ;
#1003 = AXIS2_PLACEMENT_3D ( 'NONE', #4706, #2329, #3485 ) ;
#1004 = CARTESIAN_POINT ( 'NONE',  ( 154.9497474683058442, -10.05025253169416644, 9.000000000000001776 ) ) ;
#1005 = ORIENTED_EDGE ( 'NONE', *, *, #1899, .F. ) ;
#1006 = EDGE_CURVE ( 'NONE', #3628, #1240, #2865, .T. ) ;
#1007 = CARTESIAN_POINT ( 'NONE',  ( 105.6534001081864176, 51.54370749419727815, 0.000000000000000000 ) ) ;
#1008 = DIRECTION ( 'NONE',  ( 0.000000000000000000, 0.000000000000000000, 1.000000000000000000 ) ) ;
#1009 = ORIENTED_EDGE ( 'NONE', *, *, #2476, .T. ) ;
#1010 = VECTOR ( 'NONE', #2327, 1000.000000000000114 ) ;
#1011 = EDGE_CURVE ( 'NONE', #3814, #2079, #2322, .T. ) ;
#1012 = CONICAL_SURFACE ( 'NONE', #3928, 1.000000000000000888, 0.7853981633974482790 ) ;
#1013 = LINE ( 'NONE', #4220, #1022 ) ;
#1014 = ORIENTED_EDGE ( 'NONE', *, *, #345, .F. ) ;
#1015 = CARTESIAN_POINT ( 'NONE',  ( 158.5000000000000284, 33.00000000000000711, 0.000000000000000000 ) ) ;
#1016 = DIRECTION ( 'NONE',  ( 0.000000000000000000, 0.000000000000000000, -1.000000000000000000 ) ) ;
#1017 = LINE ( 'NONE', #4603, #1418 ) ;
#1018 = VERTEX_POINT ( 'NONE', #1540 ) ;
#1019 = VECTOR ( 'NONE', #699, 1000.000000000000000 ) ;
#1020 = VECTOR ( 'NONE', #2365, 1000.000000000000000 ) ;
#1021 = CARTESIAN_POINT ( 'NONE',  ( 124.1564079081322234, 59.99999999999999289, 5.238105921020996369 ) ) ;
#1022 = VECTOR ( 'NONE', #2217, 1000.000000000000000 ) ;
#1023 = ORIENTED_EDGE ( 'NONE', *, *, #2655, .T. ) ;
#1024 = CYLINDRICAL_SURFACE ( 'NONE', #3708, 2.000000000000000000 ) ;
#1025 = VECTOR ( 'NONE', #708, 1000.000000000000000 ) ;
#1026 = CARTESIAN_POINT ( 'NONE',  ( 106.6534001081864176, 48.54370749419727105, 2.000000000000001776 ) ) ;
#1027 = EDGE_LOOP ( 'NONE', ( #1535, #3268, #654, #1412 ) ) ;
#1028 = EDGE_CURVE ( 'NONE', #911, #955, #1107, .T. ) ;
#1029 = DIRECTION ( 'NONE',  ( -1.000000000000000000, 0.000000000000000000, 0.000000000000000000 ) ) ;
#1030 = ORIENTED_EDGE ( 'NONE', *, *, #4904, .T. ) ;
#1031 = VECTOR ( 'NONE', #2833, 1000.000000000000000 ) ;
#1032 = CONICAL_SURFACE ( 'NONE', #878, 3.250000000000002665, 0.7853981633974491672 ) ;
#1033 = EDGE_CURVE ( 'NONE', #2860, #4866, #4021, .T. ) ;
#1034 = ADVANCED_FACE ( 'NONE', ( #3532 ), #757, .F. ) ;
#1035 = DIRECTION ( 'NONE',  ( -0.7071067811865482389, 8.659560562354941486E-17, 0.7071067811865469066 ) ) ;
#1036 = CARTESIAN_POINT ( 'NONE',  ( 9.999999999999978684, 32.49999999999990052, 5.000000000000000000 ) ) ;
#1037 = VECTOR ( 'NONE', #1223, 1000.000000000000114 ) ;
#1038 = EDGE_LOOP ( 'NONE', ( #2769, #2551, #4889, #829 ) ) ;
#1039 = AXIS2_PLACEMENT_3D ( 'NONE', #308, #2360, #1579 ) ;
#1040 = CARTESIAN_POINT ( 'NONE',  ( 105.6534001081864176, 49.54370749419727815, 9.000000000000001776 ) ) ;
#1041 = ORIENTED_EDGE ( 'NONE', *, *, #3669, .T. ) ;
#1042 = DIRECTION ( 'NONE',  ( 6.938893903907221278E-15, 1.000000000000000000, -0.000000000000000000 ) ) ;
#1043 = DIRECTION ( 'NONE',  ( 0.000000000000000000, -1.000000000000000000, 0.000000000000000000 ) ) ;
#1044 = LINE ( 'NONE', #1068, #2089 ) ;
#1045 = CIRCLE ( 'NONE', #3960, 2.000000000000000000 ) ;
#1046 = ORIENTED_EDGE ( 'NONE', *, *, #4036, .T. ) ;
#1047 = EDGE_CURVE ( 'NONE', #2001, #238, #837, .T. ) ;
#1048 = DIRECTION ( 'NONE',  ( -1.000000000000000000, 0.000000000000000000, 0.000000000000000000 ) ) ;
#1049 = CARTESIAN_POINT ( 'NONE',  ( 190.0000000000000568, 32.50000000000004974, 5.000000000000000000 ) ) ;
#1050 = DIRECTION ( 'NONE',  ( -0.000000000000000000, -0.000000000000000000, -1.000000000000000000 ) ) ;
#1051 = DIRECTION ( 'NONE',  ( 1.000000000000000000, 0.000000000000000000, 0.000000000000000000 ) ) ;
#1052 = ORIENTED_EDGE ( 'NONE', *, *, #4594, .F. ) ;
#1053 = ORIENTED_EDGE ( 'NONE', *, *, #2798, .F. ) ;
#1054 = DIRECTION ( 'NONE',  ( 0.7071067811865474617, 0.000000000000000000, -0.7071067811865474617 ) ) ;
#1055 = FACE_OUTER_BOUND ( 'NONE', #3893, .T. ) ;
#1056 = ORIENTED_EDGE ( 'NONE', *, *, #2517, .F. ) ;
#1057 = CARTESIAN_POINT ( 'NONE',  ( 141.0000000000000000, 15.00000000000001243, 6.999999999999999112 ) ) ;
#1058 = VERTEX_POINT ( 'NONE', #1060 ) ;
#1059 = ADVANCED_FACE ( 'NONE', ( #2345 ), #4641, .F. ) ;
#1060 = CARTESIAN_POINT ( 'NONE',  ( 172.5000000000000284, 24.49999999999999645, 19.00000000000000000 ) ) ;
#1061 = CARTESIAN_POINT ( 'NONE',  ( 145.0502525316941842, -10.05025253169416999, 0.000000000000000000 ) ) ;
#1062 = ORIENTED_EDGE ( 'NONE', *, *, #616, .F. ) ;
#1063 = EDGE_CURVE ( 'NONE', #3179, #3097, #2448, .T. ) ;
#1064 = DIRECTION ( 'NONE',  ( 1.000000000000000000, 0.000000000000000000, 0.000000000000000000 ) ) ;
#1065 = ORIENTED_EDGE ( 'NONE', *, *, #1397, .T. ) ;
#1066 = LINE ( 'NONE', #2581, #366 ) ;
#1067 = LINE ( 'NONE', #684, #4872 ) ;
#1068 = CARTESIAN_POINT ( 'NONE',  ( 0.000000000000000000, 57.99999999999999289, 5.000000000000000000 ) ) ;
#1069 = ORIENTED_EDGE ( 'NONE', *, *, #4218, .F. ) ;
#1070 = B_SPLINE_CURVE_WITH_KNOTS ( 'NONE', 3,
 ( #1500, #4334, #3891, #4360, #3136, #335, #4711, #1920, #1129, #799 ),
 .UNSPECIFIED., .F., .F.,
 ( 4, 2, 2, 2, 4 ),
 ( 2.462198222494285779E-07, 0.0005178363375929286895, 0.001035426455363607813, 0.001553016573134287153, 0.002070606690904966494 ),
 .UNSPECIFIED. ) ;
#1071 = DIRECTION ( 'NONE',  ( 0.000000000000000000, -0.000000000000000000, -1.000000000000000000 ) ) ;
#1072 = ORIENTED_EDGE ( 'NONE', *, *, #1978, .T. ) ;
#1073 = SURFACE_STYLE_FILL_AREA ( #4227 ) ;
#1074 = DIRECTION ( 'NONE',  ( 1.000000000000000000, 0.000000000000000000, 0.000000000000000000 ) ) ;
#1075 = CARTESIAN_POINT ( 'NONE',  ( 9.999999999999991118, 54.99999999999988631, 5.000000000000000000 ) ) ;
#1076 = ORIENTED_EDGE ( 'NONE', *, *, #3954, .F. ) ;
#1077 = ORIENTED_EDGE ( 'NONE', *, *, #1825, .T. ) ;
#1078 = CARTESIAN_POINT ( 'NONE',  ( 142.7000000000000171, 15.00000000000001243, 5.000000000000000000 ) ) ;
#1079 = CARTESIAN_POINT ( 'NONE',  ( 199.9999999999999716, -0.02149765384697442314, 6.581787367572470515 ) ) ;
#1080 = EDGE_LOOP ( 'NONE', ( #3297, #3426 ) ) ;
#1081 = DIRECTION ( 'NONE',  ( 0.000000000000000000, 0.000000000000000000, -1.000000000000000000 ) ) ;
#1082 = EDGE_LOOP ( 'NONE', ( #1519, #696 ) ) ;
#1083 = CIRCLE ( 'NONE', #4161, 1.000000000000000888 ) ;
#1084 = CARTESIAN_POINT ( 'NONE',  ( 200.0000000000000000, 0.000000000000000000, 5.000000000000000000 ) ) ;
#1085 = DIRECTION ( 'NONE',  ( 0.000000000000000000, 0.000000000000000000, 1.000000000000000000 ) ) ;
#1086 = EDGE_LOOP ( 'NONE', ( #1263, #390, #109, #3504 ) ) ;
#1087 = DIRECTION ( 'NONE',  ( 0.000000000000000000, 0.000000000000000000, -1.000000000000000000 ) ) ;
#1088 = ORIENTED_EDGE ( 'NONE', *, *, #1495, .T. ) ;
#1089 = FACE_BOUND ( 'NONE', #3883, .T. ) ;
#1090 = CARTESIAN_POINT ( 'NONE',  ( 105.6534001081864176, 37.54370749419727815, 5.000000000000000000 ) ) ;
#1091 = CYLINDRICAL_SURFACE ( 'NONE', #4088, 1.700000000000007061 ) ;
#1092 = EDGE_CURVE ( 'NONE', #229, #2443, #58, .T. ) ;
#1093 = AXIS2_PLACEMENT_3D ( 'NONE', #1465, #4980, #2635 ) ;
#1094 = ORIENTED_EDGE ( 'NONE', *, *, #3722, .T. ) ;
#1095 = CARTESIAN_POINT ( 'NONE',  ( 155.2324288915876593, 10.52464358121958732, 5.279812531480944315 ) ) ;
#1096 = ORIENTED_EDGE ( 'NONE', *, *, #2733, .T. ) ;
#1097 = LINE ( 'NONE', #2976, #1371 ) ;
#1098 = CARTESIAN_POINT ( 'NONE',  ( 11.69999999999997797, 32.49999999999990052, 3.449999999999996181 ) ) ;
#1099 = AXIS2_PLACEMENT_3D ( 'NONE', #2728, #1606, #1923 ) ;
#1100 = EDGE_CURVE ( 'NONE', #3209, #3011, #4437, .T. ) ;
#1101 = LINE ( 'NONE', #2696, #4649 ) ;
#1102 = VERTEX_POINT ( 'NONE', #4746 ) ;
#1103 = ORIENTED_EDGE ( 'NONE', *, *, #418, .F. ) ;
#1104 = LINE ( 'NONE', #4336, #3683 ) ;
#1105 = DIRECTION ( 'NONE',  ( -1.000000000000000000, 0.000000000000000000, -0.000000000000000000 ) ) ;
#1106 = ORIENTED_EDGE ( 'NONE', *, *, #1660, .T. ) ;
#1107 = CIRCLE ( 'NONE', #3943, 2.000000000000001776 ) ;
#1108 = DIRECTION ( 'NONE',  ( 0.000000000000000000, 0.000000000000000000, -1.000000000000000000 ) ) ;
#1109 = ORIENTED_EDGE ( 'NONE', *, *, #3770, .F. ) ;
#1110 = CIRCLE ( 'NONE', #290, 1.399999999999998579 ) ;
#1111 = CIRCLE ( 'NONE', #3277, 1.399999999999998579 ) ;
#1112 = DIRECTION ( 'NONE',  ( -1.000000000000000000, 0.000000000000000000, 0.000000000000000000 ) ) ;
#1113 = FACE_OUTER_BOUND ( 'NONE', #2372, .T. ) ;
#1114 = ORIENTED_EDGE ( 'NONE', *, *, #943, .F. ) ;
#1115 = AXIS2_PLACEMENT_3D ( 'NONE', #285, #3034, #2650 ) ;
#1116 = CARTESIAN_POINT ( 'NONE',  ( 86.43574887824243547, 41.24054332878370843, 6.000000000000000000 ) ) ;
#1117 = ORIENTED_EDGE ( 'NONE', *, *, #4252, .F. ) ;
#1118 = DIRECTION ( 'NONE',  ( 1.000000000000000000, 0.000000000000000000, 0.000000000000000000 ) ) ;
#1119 = CYLINDRICAL_SURFACE ( 'NONE', #1297, 1.699999999999993072 ) ;
#1120 = VECTOR ( 'NONE', #941, 1000.000000000000000 ) ;
#1121 = CARTESIAN_POINT ( 'NONE',  ( 136.0000000000000284, 15.00000000000001243, 6.999999999999999112 ) ) ;
#1122 = AXIS2_PLACEMENT_3D ( 'NONE', #2373, #1458, #347 ) ;
#1123 = EDGE_CURVE ( 'NONE', #2612, #1766, #2866, .T. ) ;
#1124 = FACE_OUTER_BOUND ( 'NONE', #105, .T. ) ;
#1125 = ORIENTED_EDGE ( 'NONE', *, *, #3764, .F. ) ;
#1126 = FACE_BOUND ( 'NONE', #2479, .T. ) ;
#1127 = CIRCLE ( 'NONE', #5114, 1.000000000000000888 ) ;
#1128 = DIRECTION ( 'NONE',  ( -0.000000000000000000, -0.000000000000000000, 1.000000000000000000 ) ) ;
#1129 = CARTESIAN_POINT ( 'NONE',  ( 144.2981162169169238, 11.47950867169447520, 4.999999999999291234 ) ) ;
#1130 = ORIENTED_EDGE ( 'NONE', *, *, #4644, .T. ) ;
#1131 = ORIENTED_EDGE ( 'NONE', *, *, #2727, .T. ) ;
#1132 = ADVANCED_FACE ( 'NONE', ( #3638 ), #4447, .F. ) ;
#1133 = EDGE_CURVE ( 'NONE', #932, #3244, #3768, .T. ) ;
#1134 = CARTESIAN_POINT ( 'NONE',  ( 138.0000000000000284, 15.00000000000001243, 6.999999999999999112 ) ) ;
#1135 = DIRECTION ( 'NONE',  ( 0.8124988738108535058, -0.5829627604368008420, 0.000000000000000000 ) ) ;
#1136 = VERTEX_POINT ( 'NONE', #4060 ) ;
#1137 = DIRECTION ( 'NONE',  ( -0.000000000000000000, -0.000000000000000000, -1.000000000000000000 ) ) ;
#1138 = DIRECTION ( 'NONE',  ( -0.000000000000000000, -0.000000000000000000, 1.000000000000000000 ) ) ;
#1139 = DIRECTION ( 'NONE',  ( -1.000000000000000000, -6.938893903907222067E-15, 0.000000000000000000 ) ) ;
#1140 = EDGE_LOOP ( 'NONE', ( #1398, #4559, #513, #4470 ) ) ;
#1141 = FACE_OUTER_BOUND ( 'NONE', #3416, .T. ) ;
#1142 = DIRECTION ( 'NONE',  ( 0.000000000000000000, 0.000000000000000000, -1.000000000000000000 ) ) ;
#1143 = EDGE_CURVE ( 'NONE', #4907, #1598, #2082, .T. ) ;
#1144 = CARTESIAN_POINT ( 'NONE',  ( 9.999999999999996447, 9.999999999999985789, 3.449999999999996181 ) ) ;
#1145 = FACE_OUTER_BOUND ( 'NONE', #4279, .T. ) ;
#1146 = ORIENTED_EDGE ( 'NONE', *, *, #4449, .T. ) ;
#1147 = ORIENTED_EDGE ( 'NONE', *, *, #1447, .F. ) ;
#1148 = CARTESIAN_POINT ( 'NONE',  ( 127.8027442487000513, 60.00000000000000000, 7.000000000000002665 ) ) ;
#1149 = ORIENTED_EDGE ( 'NONE', *, *, #261, .F. ) ;
#1150 = ORIENTED_EDGE ( 'NONE', *, *, #3474, .F. ) ;
#1151 = CARTESIAN_POINT ( 'NONE',  ( 2.000000000000000000, 0.000000000000000000, 5.000000000000000000 ) ) ;
#1152 = DIRECTION ( 'NONE',  ( -0.4461978131097990574, -0.8949343616020298819, -0.000000000000000000 ) ) ;
#1153 = FACE_OUTER_BOUND ( 'NONE', #1505, .T. ) ;
#1154 = ORIENTED_EDGE ( 'NONE', *, *, #4186, .T. ) ;
#1155 = ORIENTED_EDGE ( 'NONE', *, *, #3832, .F. ) ;
#1156 = CARTESIAN_POINT ( 'NONE',  ( 191.7000000000000739, 32.50000000000004974, 19.00000000000000000 ) ) ;
#1157 = DIRECTION ( 'NONE',  ( 0.000000000000000000, 0.000000000000000000, -1.000000000000000000 ) ) ;
#1158 = EDGE_LOOP ( 'NONE', ( #629, #3142, #4291, #785 ) ) ;
#1159 = CARTESIAN_POINT ( 'NONE',  ( 122.1877580799168896, 51.98847034677248757, 6.000000000000000000 ) ) ;
#1160 = EDGE_CURVE ( 'NONE', #3500, #1485, #3275, .T. ) ;
#1161 = ADVANCED_FACE ( 'NONE', ( #4418 ), #110, .T. ) ;
#1162 = DIRECTION ( 'NONE',  ( -0.4461978131098022771, -0.8949343616020283276, -0.000000000000000000 ) ) ;
#1163 = ORIENTED_EDGE ( 'NONE', *, *, #6, .T. ) ;
#1164 = EDGE_CURVE ( 'NONE', #3590, #1346, #4033, .T. ) ;
#1165 = CARTESIAN_POINT ( 'NONE',  ( 178.5000000000000284, 40.50000000000000711, 0.000000000000000000 ) ) ;
#1166 = CIRCLE ( 'NONE', #1249, 2.000000000000000000 ) ;
#1167 = CARTESIAN_POINT ( 'NONE',  ( 120.3978893567128381, 52.88086597299208336, 6.000000000000000000 ) ) ;
#1168 = FACE_BOUND ( 'NONE', #236, .T. ) ;
#1169 = CARTESIAN_POINT ( 'NONE',  ( 127.8027442487000513, 57.99999999999999289, 19.00000000000000000 ) ) ;
#1170 = AXIS2_PLACEMENT_3D ( 'NONE', #1121, #3459, #1171 ) ;
#1171 = DIRECTION ( 'NONE',  ( 0.000000000000000000, 0.000000000000000000, -1.000000000000000000 ) ) ;
#1172 = VERTEX_POINT ( 'NONE', #1694 ) ;
#1173 = VERTEX_POINT ( 'NONE', #1190 ) ;
#1174 = ORIENTED_EDGE ( 'NONE', *, *, #2384, .T. ) ;
#1175 = EDGE_CURVE ( 'NONE', #2634, #4256, #4854, .T. ) ;
#1176 = CARTESIAN_POINT ( 'NONE',  ( 141.9336281073461805, 12.14897587572938065, 6.999999999999999112 ) ) ;
#1177 = ORIENTED_EDGE ( 'NONE', *, *, #4035, .T. ) ;
#1178 = DIRECTION ( 'NONE',  ( -0.000000000000000000, -0.000000000000000000, -1.000000000000000000 ) ) ;
#1179 = DIRECTION ( 'NONE',  ( -1.000000000000000000, 0.000000000000000000, 0.000000000000000000 ) ) ;
#1180 = ADVANCED_FACE ( 'NONE', ( #27 ), #1781, .F. ) ;
#1181 = VECTOR ( 'NONE', #3748, 1000.000000000000000 ) ;
#1182 = CARTESIAN_POINT ( 'NONE',  ( 190.0000000000000568, 32.50000000000004974, 0.000000000000000000 ) ) ;
#1183 = VECTOR ( 'NONE', #1999, 1000.000000000000000 ) ;
#1184 = DIRECTION ( 'NONE',  ( 0.000000000000000000, 0.000000000000000000, 1.000000000000000000 ) ) ;
#1185 = ORIENTED_EDGE ( 'NONE', *, *, #3974, .F. ) ;
#1186 = DIRECTION ( 'NONE',  ( -1.000000000000000000, 0.000000000000000000, 0.000000000000000000 ) ) ;
#1187 = CIRCLE ( 'NONE', #4105, 1.699999999999998401 ) ;
#1188 = EDGE_CURVE ( 'NONE', #83, #2258, #1283, .T. ) ;
#1189 = CIRCLE ( 'NONE', #2529, 2.000000000000001776 ) ;
#1190 = CARTESIAN_POINT ( 'NONE',  ( 158.5000000000000284, 40.50000000000001421, 2.000000000000001776 ) ) ;
#1191 = CARTESIAN_POINT ( 'NONE',  ( 134.7944365486292497, 10.14897587572937887, 5.000000000000000888 ) ) ;
#1192 = EDGE_CURVE ( 'NONE', #5052, #3590, #3857, .T. ) ;
#1193 = EDGE_CURVE ( 'NONE', #4299, #1678, #2868, .T. ) ;
#1194 = CARTESIAN_POINT ( 'NONE',  ( 145.0502525316941558, -19.94974746830583001, 0.000000000000000000 ) ) ;
#1195 = EDGE_CURVE ( 'NONE', #2138, #2093, #2817, .T. ) ;
#1196 = DIRECTION ( 'NONE',  ( -1.000000000000000000, 0.000000000000000000, 0.000000000000000000 ) ) ;
#1197 = CARTESIAN_POINT ( 'NONE',  ( 123.5728273274112610, 57.99999999999999289, 5.000000000000000000 ) ) ;
#1198 = CYLINDRICAL_SURFACE ( 'NONE', #2995, 1.700000000000007061 ) ;
#1199 = VERTEX_POINT ( 'NONE', #2787 ) ;
#1200 = EDGE_CURVE ( 'NONE', #3569, #1915, #3604, .T. ) ;
#1201 = DIRECTION ( 'NONE',  ( -0.000000000000000000, 1.000000000000000000, -0.000000000000000000 ) ) ;
#1202 = AXIS2_PLACEMENT_3D ( 'NONE', #80, #3978, #3633 ) ;
#1203 = EDGE_LOOP ( 'NONE', ( #634, #1244, #4087, #4958 ) ) ;
#1204 = VERTEX_POINT ( 'NONE', #835 ) ;
#1205 = DIRECTION ( 'NONE',  ( 1.000000000000000000, 0.000000000000000000, 0.000000000000000000 ) ) ;
#1206 = CARTESIAN_POINT ( 'NONE',  ( 143.4374966214325582, 13.25111171868962501, 19.00000000000000000 ) ) ;
#1207 = LINE ( 'NONE', #3947, #2671 ) ;
#1208 = EDGE_LOOP ( 'NONE', ( #3477, #689, #3190, #1796 ) ) ;
#1209 = AXIS2_PLACEMENT_3D ( 'NONE', #2236, #1771, #2145 ) ;
#1210 = CARTESIAN_POINT ( 'NONE',  ( 9.999999999999991118, 54.99999999999988631, 5.000000000000000000 ) ) ;
#1211 = AXIS2_PLACEMENT_3D ( 'NONE', #4988, #1473, #4558 ) ;
#1212 = CARTESIAN_POINT ( 'NONE',  ( 155.6562707154499208, 11.42178533245210303, 19.00000000000000355 ) ) ;
#1213 = AXIS2_PLACEMENT_3D ( 'NONE', #1814, #4494, #4880 ) ;
#1214 = ORIENTED_EDGE ( 'NONE', *, *, #1360, .F. ) ;
#1215 = DIRECTION ( 'NONE',  ( 0.000000000000000000, 0.8165106255257094103, 0.5773304066161895065 ) ) ;
#1216 = AXIS2_PLACEMENT_3D ( 'NONE', #4868, #2017, #3234 ) ;
#1217 = ORIENTED_EDGE ( 'NONE', *, *, #3073, .F. ) ;
#1218 = DIRECTION ( 'NONE',  ( -0.000000000000000000, -0.000000000000000000, -1.000000000000000000 ) ) ;
#1219 = CARTESIAN_POINT ( 'NONE',  ( 93.94865891784671419, 53.50114408273147859, 5.000000000000000000 ) ) ;
#1220 = CARTESIAN_POINT ( 'NONE',  ( 120.3978893567128381, 52.88086597299208336, 6.000000000000000000 ) ) ;
#1221 = CARTESIAN_POINT ( 'NONE',  ( 9.787869928600379410, 58.23605825183143025, 4.986020267498378011 ) ) ;
#1222 = CARTESIAN_POINT ( 'NONE',  ( 64.13141842876197529, 14.99999999999996092, 3.449999999999999289 ) ) ;
#1223 = DIRECTION ( 'NONE',  ( 0.3252006130872606149, -0.9456450503479991720, 0.000000000000000000 ) ) ;
#1224 = ORIENTED_EDGE ( 'NONE', *, *, #1413, .T. ) ;
#1225 = ORIENTED_EDGE ( 'NONE', *, *, #4882, .F. ) ;
#1226 = EDGE_CURVE ( 'NONE', #2079, #3625, #2200, .T. ) ;
#1227 = CARTESIAN_POINT ( 'NONE',  ( 95.65340010818641758, 48.54370749419727815, 5.000000000000000000 ) ) ;
#1228 = ORIENTED_EDGE ( 'NONE', *, *, #4937, .T. ) ;
#1229 = FACE_OUTER_BOUND ( 'NONE', #3650, .T. ) ;
#1230 = CARTESIAN_POINT ( 'NONE',  ( 106.6534001081864176, 40.54370749419728526, 3.000000000000000000 ) ) ;
#1231 = EDGE_CURVE ( 'NONE', #3700, #4241, #3691, .T. ) ;
#1232 = DIRECTION ( 'NONE',  ( 1.000000000000000000, 5.782411586589351722E-16, 0.000000000000000000 ) ) ;
#1233 = EDGE_CURVE ( 'NONE', #1525, #2020, #2803, .T. ) ;
#1234 = VERTEX_POINT ( 'NONE', #3406 ) ;
#1235 = DIRECTION ( 'NONE',  ( -1.000000000000000000, -2.312964634635740985E-16, 0.000000000000000000 ) ) ;
#1236 = CARTESIAN_POINT ( 'NONE',  ( 143.5000000000000284, 40.50000000000000711, 0.000000000000000000 ) ) ;
#1237 = ORIENTED_EDGE ( 'NONE', *, *, #3900, .T. ) ;
#1238 = EDGE_CURVE ( 'NONE', #5070, #4463, #2644, .T. ) ;
#1239 = DIRECTION ( 'NONE',  ( -0.000000000000000000, -0.000000000000000000, -1.000000000000000000 ) ) ;
#1240 = VERTEX_POINT ( 'NONE', #4229 ) ;
#1241 = VERTEX_POINT ( 'NONE', #4990 ) ;
#1242 = CARTESIAN_POINT ( 'NONE',  ( 172.5000000000000284, 41.50000000000000711, 19.00000000000000000 ) ) ;
#1243 = CARTESIAN_POINT ( 'NONE',  ( 109.8855678875980288, 27.31409408899305546, 5.000000000000000000 ) ) ;
#1244 = ORIENTED_EDGE ( 'NONE', *, *, #856, .T. ) ;
#1245 = CARTESIAN_POINT ( 'NONE',  ( 125.9114541480040543, 57.34959877382546978, 19.00000000000000000 ) ) ;
#1246 = CARTESIAN_POINT ( 'NONE',  ( 95.65340010818641758, 49.54370749419727815, 3.000000000000000000 ) ) ;
#1247 = CARTESIAN_POINT ( 'NONE',  ( 9.999999999999978684, 32.49999999999990052, 5.000000000000000000 ) ) ;
#1248 = CARTESIAN_POINT ( 'NONE',  ( 95.65340010818641758, 39.54370749419727815, 2.000000000000001776 ) ) ;
#1249 = AXIS2_PLACEMENT_3D ( 'NONE', #416, #1995, #4688 ) ;
#1250 = ORIENTED_EDGE ( 'NONE', *, *, #22, .T. ) ;
#1251 = DIRECTION ( 'NONE',  ( -0.000000000000000000, -0.000000000000000000, 1.000000000000000000 ) ) ;
#1252 = ORIENTED_EDGE ( 'NONE', *, *, #4133, .T. ) ;
#1253 = VECTOR ( 'NONE', #4650, 1000.000000000000000 ) ;
#1254 = DIRECTION ( 'NONE',  ( -1.000000000000000000, 0.000000000000000000, 0.000000000000000000 ) ) ;
#1255 = EDGE_CURVE ( 'NONE', #2138, #4696, #1110, .T. ) ;
#1256 = DIRECTION ( 'NONE',  ( -0.000000000000000000, -0.000000000000000000, 1.000000000000000000 ) ) ;
#1257 = CARTESIAN_POINT ( 'NONE',  ( 198.0000000000000000, 0.8856168056149447132, 5.000000000000000000 ) ) ;
#1258 = EDGE_LOOP ( 'NONE', ( #3132, #4804, #1130, #673 ) ) ;
#1259 = CARTESIAN_POINT ( 'NONE',  ( 154.9497474683057874, -19.94974746830582291, 45.52691193458120722 ) ) ;
#1260 = ADVANCED_FACE ( 'NONE', ( #694 ), #3720, .F. ) ;
#1261 = FACE_OUTER_BOUND ( 'NONE', #2906, .T. ) ;
#1262 = EDGE_CURVE ( 'NONE', #924, #2383, #1442, .T. ) ;
#1263 = ORIENTED_EDGE ( 'NONE', *, *, #4921, .F. ) ;
#1264 = LINE ( 'NONE', #443, #1289 ) ;
#1265 = ORIENTED_EDGE ( 'NONE', *, *, #1262, .T. ) ;
#1266 = CIRCLE ( 'NONE', #267, 1.700000000000007061 ) ;
#1267 = AXIS2_PLACEMENT_3D ( 'NONE', #1620, #2481, #815 ) ;
#1268 = CARTESIAN_POINT ( 'NONE',  ( 2.000000000000000000, 57.99999999999999289, 3.000000000000000000 ) ) ;
#1269 = VERTEX_POINT ( 'NONE', #2934 ) ;
#1270 = DIRECTION ( 'NONE',  ( -1.000000000000000000, 0.000000000000000000, 0.000000000000000000 ) ) ;
#1271 = AXIS2_PLACEMENT_3D ( 'NONE', #4738, #4362, #3894 ) ;
#1272 = FACE_OUTER_BOUND ( 'NONE', #509, .T. ) ;
#1273 = VECTOR ( 'NONE', #1662, 1000.000000000000114 ) ;
#1274 = AXIS2_PLACEMENT_3D ( 'NONE', #4946, #1806, #3833 ) ;
#1275 = CARTESIAN_POINT ( 'NONE',  ( 88.53287859985850616, 45.44673482831323241, 9.000000000000001776 ) ) ;
#1276 = DIRECTION ( 'NONE',  ( -1.000000000000000000, 0.000000000000000000, 0.000000000000000000 ) ) ;
#1277 = CARTESIAN_POINT ( 'NONE',  ( 105.6534001081864176, 40.54370749419727815, 0.000000000000000000 ) ) ;
#1278 = CARTESIAN_POINT ( 'NONE',  ( 9.999999999999996447, 9.999999999999985789, 0.000000000000000000 ) ) ;
#1279 = ORIENTED_EDGE ( 'NONE', *, *, #705, .F. ) ;
#1280 = ORIENTED_EDGE ( 'NONE', *, *, #446, .T. ) ;
#1281 = VECTOR ( 'NONE', #4656, 1000.000000000000000 ) ;
#1282 = CARTESIAN_POINT ( 'NONE',  ( 190.0000000000000284, 10.00000000000000888, 5.000000000000000000 ) ) ;
#1283 = CIRCLE ( 'NONE', #4678, 7.500000000000007105 ) ;
#1284 = ORIENTED_EDGE ( 'NONE', *, *, #1990, .T. ) ;
#1285 = PLANE ( 'NONE',  #2016 ) ;
#1286 = DIRECTION ( 'NONE',  ( -0.4461978131098024991, -0.8949343616020281056, 0.000000000000000000 ) ) ;
#1287 = CARTESIAN_POINT ( 'NONE',  ( 158.5000000000000284, 33.00000000000000711, 0.000000000000000000 ) ) ;
#1288 = EDGE_CURVE ( 'NONE', #2443, #282, #463, .T. ) ;
#1289 = VECTOR ( 'NONE', #1639, 1000.000000000000000 ) ;
#1290 = FACE_OUTER_BOUND ( 'NONE', #2558, .T. ) ;
#1291 = CYLINDRICAL_SURFACE ( 'NONE', #2370, 2.000000000000000000 ) ;
#1292 = ORIENTED_EDGE ( 'NONE', *, *, #3505, .T. ) ;
#1293 = AXIS2_PLACEMENT_3D ( 'NONE', #405, #1931, #1955 ) ;
#1294 = ORIENTED_EDGE ( 'NONE', *, *, #3385, .F. ) ;
#1295 = EDGE_CURVE ( 'NONE', #81, #605, #912, .T. ) ;
#1296 = CIRCLE ( 'NONE', #2883, 3.250000000000002665 ) ;
#1297 = AXIS2_PLACEMENT_3D ( 'NONE', #1647, #2066, #3667 ) ;
#1298 = DIRECTION ( 'NONE',  ( -1.000000000000000000, 0.000000000000000000, 0.000000000000000000 ) ) ;
#1299 = AXIS2_PLACEMENT_3D ( 'NONE', #2401, #2034, #2478 ) ;
#1300 = ORIENTED_EDGE ( 'NONE', *, *, #3169, .T. ) ;
#1301 = VECTOR ( 'NONE', #1364, 1000.000000000000000 ) ;
#1302 = CYLINDRICAL_SURFACE ( 'NONE', #1382, 1.599999999999934808 ) ;
#1303 = DIRECTION ( 'NONE',  ( 1.000000000000000000, 0.000000000000000000, 0.000000000000000000 ) ) ;
#1304 = PRODUCT_CONTEXT ( 'NONE', #2141, 'mechanical' ) ;
#1305 = CARTESIAN_POINT ( 'NONE',  ( 190.0000000000000284, 10.00000000000000888, 5.000000000000000000 ) ) ;
#1306 = CARTESIAN_POINT ( 'NONE',  ( 145.5613593869609872, 14.02197056730811653, 5.000000000000000888 ) ) ;
#1307 = EDGE_LOOP ( 'NONE', ( #2320, #155, #1720, #4230, #1604 ) ) ;
#1308 = ORIENTED_EDGE ( 'NONE', *, *, #3710, .T. ) ;
#1309 = CARTESIAN_POINT ( 'NONE',  ( 153.3497474683059920, -10.05025253169416644, 9.000000000000001776 ) ) ;
#1310 = ORIENTED_EDGE ( 'NONE', *, *, #5002, .F. ) ;
#1311 = DIRECTION ( 'NONE',  ( 1.000000000000000000, 0.000000000000000000, 0.000000000000000000 ) ) ;
#1312 = DIRECTION ( 'NONE',  ( -1.000000000000000000, 0.000000000000000000, 0.000000000000000000 ) ) ;
#1313 = DIRECTION ( 'NONE',  ( 0.000000000000000000, 0.000000000000000000, 1.000000000000000000 ) ) ;
#1314 = DIRECTION ( 'NONE',  ( 1.000000000000000000, 0.000000000000000000, 0.000000000000000000 ) ) ;
#1315 = PLANE ( 'NONE',  #4187 ) ;
#1316 = ORIENTED_EDGE ( 'NONE', *, *, #3648, .F. ) ;
#1317 = ORIENTED_EDGE ( 'NONE', *, *, #1615, .F. ) ;
#1318 = CARTESIAN_POINT ( 'NONE',  ( 177.5000000000000284, 39.50000000000000711, 19.00000000000000000 ) ) ;
#1319 = ORIENTED_EDGE ( 'NONE', *, *, #164, .T. ) ;
#1320 = ADVANCED_FACE ( 'NONE', ( #3866 ), #3320, .T. ) ;
#1321 = CARTESIAN_POINT ( 'NONE',  ( 197.7552074333020471, -2.037715681814799229, 4.823366089584085969 ) ) ;
#1322 = DIRECTION ( 'NONE',  ( -0.000000000000000000, -0.000000000000000000, -1.000000000000000000 ) ) ;
#1323 = ORIENTED_EDGE ( 'NONE', *, *, #3648, .T. ) ;
#1324 = CIRCLE ( 'NONE', #2, 2.000000000000001776 ) ;
#1325 = LINE ( 'NONE', #4118, #4829 ) ;
#1326 = EDGE_CURVE ( 'NONE', #1346, #330, #2139, .T. ) ;
#1327 = DIRECTION ( 'NONE',  ( 1.000000000000000000, 0.000000000000000000, 0.000000000000000000 ) ) ;
#1328 = DIRECTION ( 'NONE',  ( -1.000000000000000000, 0.000000000000000000, 0.000000000000000000 ) ) ;
#1329 = EDGE_LOOP ( 'NONE', ( #3812, #3395, #4430, #2837 ) ) ;
#1330 = FACE_OUTER_BOUND ( 'NONE', #4615, .T. ) ;
#1331 =( BOUNDED_CURVE ( )  B_SPLINE_CURVE ( 3, ( #1913, #10, #1574, #3964 ),
 .UNSPECIFIED., .F., .T. ) 
 B_SPLINE_CURVE_WITH_KNOTS ( ( 4, 4 ),
 ( 4.081714226068793749, 4.712388980384681680 ),
 .UNSPECIFIED. ) 
 CURVE ( )  GEOMETRIC_REPRESENTATION_ITEM ( )  RATIONAL_B_SPLINE_CURVE ( ( 1.000000000000000000, 0.9671278665360510951, 0.9671278665360510951, 1.000000000000000000 ) ) 
 REPRESENTATION_ITEM ( '' )  );
#1332 = ORIENTED_EDGE ( 'NONE', *, *, #344, .T. ) ;
#1333 = DIRECTION ( 'NONE',  ( 0.000000000000000000, -1.000000000000000000, 0.000000000000000000 ) ) ;
#1334 = CARTESIAN_POINT ( 'NONE',  ( 157.1989813451135660, 10.14897587572937532, 19.00000000000000355 ) ) ;
#1335 = CARTESIAN_POINT ( 'NONE',  ( 198.0000000000000000, 2.580426667282538222, 19.00000000000000000 ) ) ;
#1336 = EDGE_CURVE ( 'NONE', #209, #502, #2942, .T. ) ;
#1337 = CONICAL_SURFACE ( 'NONE', #2341, 9.500000000000008882, 0.7853981633974479459 ) ;
#1338 = CARTESIAN_POINT ( 'NONE',  ( 139.3000000000000114, 15.00000000000001243, 19.00000000000000000 ) ) ;
#1339 = DIRECTION ( 'NONE',  ( 1.000000000000000000, 0.000000000000000000, 0.000000000000000000 ) ) ;
#1340 = ORIENTED_EDGE ( 'NONE', *, *, #4314, .T. ) ;
#1341 = CARTESIAN_POINT ( 'NONE',  ( 88.53287859985850616, 45.44673482831323241, 9.000000000000001776 ) ) ;
#1342 = EDGE_LOOP ( 'NONE', ( #2340, #469, #3222, #3153, #2154 ) ) ;
#1344 = CARTESIAN_POINT ( 'NONE',  ( 88.53287859985850616, 45.44673482831323241, 5.000000000000000000 ) ) ;
#1343 = VECTOR ( 'NONE', #3666, 1000.000000000000000 ) ;
#1345 = PLANE ( 'NONE',  #310 ) ;
#1346 = VERTEX_POINT ( 'NONE', #2226 ) ;
#1347 = AXIS2_PLACEMENT_3D ( 'NONE', #3414, #4290, #729 ) ;
#1348 = ADVANCED_FACE ( 'NONE', ( #274 ), #4633, .F. ) ;
#1349 = VERTEX_POINT ( 'NONE', #2362 ) ;
#1350 = EDGE_CURVE ( 'NONE', #2684, #749, #1677, .T. ) ;
#1351 = CARTESIAN_POINT ( 'NONE',  ( 197.5011349820932764, 0.6436422977904292519, 19.00000000000000000 ) ) ;
#1352 = EDGE_CURVE ( 'NONE', #759, #3880, #3492, .T. ) ;
#1353 = VECTOR ( 'NONE', #252, 1000.000000000000114 ) ;
#1354 = DIRECTION ( 'NONE',  ( 0.9683921847460533749, -0.2494325089533556139, 0.000000000000000000 ) ) ;
#1355 = CARTESIAN_POINT ( 'NONE',  ( 115.5811597360324470, 52.63286644264487535, 0.000000000000000000 ) ) ;
#1356 = ORIENTED_EDGE ( 'NONE', *, *, #2285, .T. ) ;
#1357 = EDGE_CURVE ( 'NONE', #669, #5054, #4492, .T. ) ;
#1358 = AXIS2_PLACEMENT_3D ( 'NONE', #1415, #200, #4556 ) ;
#1359 = EDGE_CURVE ( 'NONE', #3498, #911, #437, .T. ) ;
#1360 = EDGE_CURVE ( 'NONE', #4307, #209, #1070, .T. ) ;
#1361 = LINE ( 'NONE', #587, #2112 ) ;
#1362 = EDGE_LOOP ( 'NONE', ( #47, #956, #1644, #2921 ) ) ;
#1363 = CARTESIAN_POINT ( 'NONE',  ( 160.3443649216142433, 8.148975875729378870, 5.000000000000000000 ) ) ;
#1364 = DIRECTION ( 'NONE',  ( -1.000000000000000000, -5.782411586589351722E-16, 0.000000000000000000 ) ) ;
#1365 = VECTOR ( 'NONE', #3226, 1000.000000000000000 ) ;
#1366 = FACE_OUTER_BOUND ( 'NONE', #2961, .T. ) ;
#1367 = EDGE_CURVE ( 'NONE', #5054, #3909, #1943, .T. ) ;
#1368 = AXIS2_PLACEMENT_3D ( 'NONE', #2890, #3025, #4493 ) ;
#1369 = CARTESIAN_POINT ( 'NONE',  ( 124.5829860140497658, 60.00000000000000000, 5.599771380516870956 ) ) ;
#1370 = CARTESIAN_POINT ( 'NONE',  ( 143.9468557321240496, 14.43782449889054575, 19.00000000000000000 ) ) ;
#1371 = VECTOR ( 'NONE', #2693, 1000.000000000000000 ) ;
#1372 = CARTESIAN_POINT ( 'NONE',  ( 95.65340010818641758, 48.54370749419727815, 2.000000000000001776 ) ) ;
#1373 = ORIENTED_EDGE ( 'NONE', *, *, #2273, .F. ) ;
#1374 = VECTOR ( 'NONE', #3470, 1000.000000000000000 ) ;
#1375 = EDGE_CURVE ( 'NONE', #566, #573, #1166, .T. ) ;
#1376 = FACE_OUTER_BOUND ( 'NONE', #1388, .T. ) ;
#1377 = EDGE_CURVE ( 'NONE', #4092, #2511, #2392, .T. ) ;
#1378 = AXIS2_PLACEMENT_3D ( 'NONE', #2087, #35, #3228 ) ;
#1379 = ORIENTED_EDGE ( 'NONE', *, *, #414, .F. ) ;
#1380 = LINE ( 'NONE', #2936, #3449 ) ;
#1381 = EDGE_LOOP ( 'NONE', ( #1840, #3738, #1865, #496 ) ) ;
#1382 = AXIS2_PLACEMENT_3D ( 'NONE', #2110, #2818, #3198 ) ;
#1383 = DIRECTION ( 'NONE',  ( 1.000000000000000000, 0.000000000000000000, 0.000000000000000000 ) ) ;
#1384 = VECTOR ( 'NONE', #3085, 1000.000000000000114 ) ;
#1385 = DIRECTION ( 'NONE',  ( 0.000000000000000000, 0.5773304066161896175, -0.8165106255257094103 ) ) ;
#1386 = ORIENTED_EDGE ( 'NONE', *, *, #4555, .F. ) ;
#1387 = CARTESIAN_POINT ( 'NONE',  ( 136.7944365486292497, 12.14897587572937709, 0.000000000000000000 ) ) ;
#1388 = EDGE_LOOP ( 'NONE', ( #3634, #4050, #3494, #1471 ) ) ;
#1389 = DIRECTION ( 'NONE',  ( 0.000000000000000000, 0.000000000000000000, -1.000000000000000000 ) ) ;
#1390 = CARTESIAN_POINT ( 'NONE',  ( 69.74999999999994316, 50.00000000000007816, 5.000000000000000000 ) ) ;
#1391 = CARTESIAN_POINT ( 'NONE',  ( 177.5000000000000284, 40.50000000000000711, 19.00000000000000000 ) ) ;
#1392 = EDGE_CURVE ( 'NONE', #3345, #2997, #2172, .T. ) ;
#1393 = ORIENTED_EDGE ( 'NONE', *, *, #5095, .T. ) ;
#1394 = CARTESIAN_POINT ( 'NONE',  ( 94.65340010818641758, 48.54370749419727105, 3.000000000000000000 ) ) ;
#1395 = CARTESIAN_POINT ( 'NONE',  ( 139.5685234086567448, 17.63645116936313073, 19.00000000000000000 ) ) ;
#1396 = ORIENTED_EDGE ( 'NONE', *, *, #1028, .F. ) ;
#1397 = EDGE_CURVE ( 'NONE', #649, #5052, #1207, .T. ) ;
#1398 = ORIENTED_EDGE ( 'NONE', *, *, #805, .F. ) ;
#1399 = DIRECTION ( 'NONE',  ( 1.000000000000000000, 0.000000000000000000, 0.000000000000000000 ) ) ;
#1400 = ORIENTED_EDGE ( 'NONE', *, *, #378, .T. ) ;
#1401 = EDGE_CURVE ( 'NONE', #4425, #907, #2413, .T. ) ;
#1402 = LINE ( 'NONE', #186, #967 ) ;
#1403 = ORIENTED_EDGE ( 'NONE', *, *, #3355, .T. ) ;
#1404 = CARTESIAN_POINT ( 'NONE',  ( 190.0000000000000284, 10.00000000000000888, 19.00000000000000000 ) ) ;
#1405 = EDGE_LOOP ( 'NONE', ( #5061, #3825, #1686, #4881 ) ) ;
#1406 = DIRECTION ( 'NONE',  ( 1.000000000000000000, 0.000000000000000000, 0.000000000000000000 ) ) ;
#1407 = EDGE_LOOP ( 'NONE', ( #4596, #5116 ) ) ;
#1408 = CARTESIAN_POINT ( 'NONE',  ( 155.1989813451135092, 10.03263260560803971, 5.070787285453918436 ) ) ;
#1409 = LINE ( 'NONE', #4981, #3877 ) ;
#1410 = B_SPLINE_CURVE_WITH_KNOTS ( 'NONE', 3,
 ( #15, #41, #4358, #823, #3945, #798, #2311, #5099, #3913, #2389, #413, #4332, #3990, #435 ),
 .UNSPECIFIED., .F., .F.,
 ( 4, 2, 2, 2, 2, 2, 4 ),
 ( 0.01361527240535862979, 0.01460545354227041868, 0.01559563467918220932, 0.01658581581609399822, 0.01708090638454989180, 0.01732845166877781604, 0.01757599695300574028 ),
 .UNSPECIFIED. ) ;
#1411 = CARTESIAN_POINT ( 'NONE',  ( 108.9880947906135731, 29.99635843841667793, 6.000000000000000000 ) ) ;
#1412 = ORIENTED_EDGE ( 'NONE', *, *, #3897, .T. ) ;
#1413 = EDGE_CURVE ( 'NONE', #4923, #250, #747, .T. ) ;
#1414 = ADVANCED_FACE ( 'NONE', ( #4387 ), #3519, .F. ) ;
#1415 = CARTESIAN_POINT ( 'NONE',  ( 142.7944365486292497, 12.14897587572938065, 19.00000000000000355 ) ) ;
#1416 = LINE ( 'NONE', #3754, #804 ) ;
#1417 = VERTEX_POINT ( 'NONE', #1559 ) ;
#1418 = VECTOR ( 'NONE', #2584, 1000.000000000000000 ) ;
#1419 = EDGE_CURVE ( 'NONE', #2069, #4267, #827, .T. ) ;
#1420 = ADVANCED_FACE ( 'NONE', ( #1153 ), #3579, .F. ) ;
#1421 = CARTESIAN_POINT ( 'NONE',  ( 141.0000000000000000, 15.00000000000001243, 0.000000000000000000 ) ) ;
#1422 = ORIENTED_EDGE ( 'NONE', *, *, #1651, .T. ) ;
#1423 = FACE_BOUND ( 'NONE', #1880, .T. ) ;
#1424 = ORIENTED_EDGE ( 'NONE', *, *, #4372, .T. ) ;
#1425 = DIRECTION ( 'NONE',  ( 0.000000000000000000, 0.000000000000000000, 1.000000000000000000 ) ) ;
#1426 = CARTESIAN_POINT ( 'NONE',  ( 134.7944365486292497, 10.14897587572937887, 0.000000000000000000 ) ) ;
#1427 = CIRCLE ( 'NONE', #596, 1.999999999999998890 ) ;
#1428 = ORIENTED_EDGE ( 'NONE', *, *, #217, .T. ) ;
#1429 = CONICAL_SURFACE ( 'NONE', #192, 9.500000000000008882, 0.7853981633974482790 ) ;
#1430 = VECTOR ( 'NONE', #1787, 1000.000000000000000 ) ;
#1431 = CARTESIAN_POINT ( 'NONE',  ( 105.6534001081864176, 49.54370749419727815, 2.000000000000001776 ) ) ;
#1432 = ORIENTED_EDGE ( 'NONE', *, *, #3762, .F. ) ;
#1433 = DIRECTION ( 'NONE',  ( -1.000000000000000000, 6.938893903907222067E-15, 0.000000000000000000 ) ) ;
#1434 = DIRECTION ( 'NONE',  ( -0.000000000000000000, -0.000000000000000000, 1.000000000000000000 ) ) ;
#1435 = DIRECTION ( 'NONE',  ( 0.4461978131098022771, 0.8949343616020283276, 0.000000000000000000 ) ) ;
#1436 = ORIENTED_EDGE ( 'NONE', *, *, #2756, .F. ) ;
#1437 = AXIS2_PLACEMENT_3D ( 'NONE', #4661, #2179, #1448 ) ;
#1438 = CARTESIAN_POINT ( 'NONE',  ( 124.7506041795890326, 57.67244559838474061, 5.252427222342877400 ) ) ;
#1439 = CIRCLE ( 'NONE', #3846, 1.000000000000000888 ) ;
#1440 = DIRECTION ( 'NONE',  ( -1.000000000000000000, 0.000000000000000000, 0.000000000000000000 ) ) ;
#1441 = CARTESIAN_POINT ( 'NONE',  ( 141.0000000000000000, 15.00000000000001243, 6.999999999999999112 ) ) ;
#1442 = LINE ( 'NONE', #1474, #3191 ) ;
#1443 = EDGE_LOOP ( 'NONE', ( #1834, #4976, #2781, #2804 ) ) ;
#1444 = ORIENTED_EDGE ( 'NONE', *, *, #1769, .T. ) ;
#1445 = EDGE_CURVE ( 'NONE', #2315, #1453, #4566, .T. ) ;
#1446 = CIRCLE ( 'NONE', #3690, 22.49999999999999289 ) ;
#1447 = EDGE_CURVE ( 'NONE', #3726, #4403, #1101, .T. ) ;
#1448 = DIRECTION ( 'NONE',  ( -1.000000000000000000, 0.000000000000000000, 0.000000000000000000 ) ) ;
#1449 = AXIS2_PLACEMENT_3D ( 'NONE', #4734, #745, #2333 ) ;
#1450 = CARTESIAN_POINT ( 'NONE',  ( 158.5000000000000284, 25.50000000000000000, 19.00000000000000000 ) ) ;
#1451 = EDGE_LOOP ( 'NONE', ( #2192, #305, #1096, #4770 ) ) ;
#1452 = DIRECTION ( 'NONE',  ( 1.000000000000000000, 0.000000000000000000, 0.000000000000000000 ) ) ;
#1453 = VERTEX_POINT ( 'NONE', #951 ) ;
#1454 = ADVANCED_FACE ( 'NONE', ( #4075 ), #1735, .T. ) ;
#1455 = AXIS2_PLACEMENT_3D ( 'NONE', #3218, #2417, #1135 ) ;
#1456 = AXIS2_PLACEMENT_3D ( 'NONE', #833, #401, #1976 ) ;
#1457 = CARTESIAN_POINT ( 'NONE',  ( 195.9098143676281722, -1.011754071403889066, 5.000000000000000000 ) ) ;
#1458 = DIRECTION ( 'NONE',  ( -0.000000000000000000, -0.000000000000000000, 1.000000000000000000 ) ) ;
#1459 = CIRCLE ( 'NONE', #144, 1.699999999999998401 ) ;
#1460 = ORIENTED_EDGE ( 'NONE', *, *, #1482, .T. ) ;
#1461 = AXIS2_PLACEMENT_3D ( 'NONE', #1499, #1178, #4359 ) ;
#1462 = LINE ( 'NONE', #3772, #2526 ) ;
#1463 = AXIS2_PLACEMENT_3D ( 'NONE', #3453, #758, #2653 ) ;
#1464 = ORIENTED_EDGE ( 'NONE', *, *, #2188, .T. ) ;
#1465 = CARTESIAN_POINT ( 'NONE',  ( 65.83141842876197813, 14.99999999999996092, 0.000000000000000000 ) ) ;
#1466 = FACE_OUTER_BOUND ( 'NONE', #675, .T. ) ;
#1467 = CARTESIAN_POINT ( 'NONE',  ( 95.65340010818641758, 40.54370749419727815, 9.000000000000001776 ) ) ;
#1468 = AXIS2_PLACEMENT_3D ( 'NONE', #1169, #1573, #740 ) ;
#1469 = ADVANCED_FACE ( 'NONE', ( #2543 ), #3829, .F. ) ;
#1470 = CARTESIAN_POINT ( 'NONE',  ( 124.1849579526844849, 57.82975885432140473, 5.052054647611976534 ) ) ;
#1471 = ORIENTED_EDGE ( 'NONE', *, *, #2247, .F. ) ;
#1472 = DIRECTION ( 'NONE',  ( -0.000000000000000000, -0.000000000000000000, -1.000000000000000000 ) ) ;
#1473 = DIRECTION ( 'NONE',  ( -0.000000000000000000, -0.000000000000000000, 1.000000000000000000 ) ) ;
#1474 = CARTESIAN_POINT ( 'NONE',  ( 143.4479907142173261, 12.50104012939843834, 5.000000000000000000 ) ) ;
#1475 = ORIENTED_EDGE ( 'NONE', *, *, #1193, .F. ) ;
#1476 = EDGE_LOOP ( 'NONE', ( #1014, #2169, #4846, #3751 ) ) ;
#1477 = CYLINDRICAL_SURFACE ( 'NONE', #3118, 1.700000000000007061 ) ;
#1478 = CARTESIAN_POINT ( 'NONE',  ( 200.0000000000000000, 1.408536070822977049, 4.139221491959010457 ) ) ;
#1479 = ORIENTED_EDGE ( 'NONE', *, *, #4058, .F. ) ;
#1480 = CARTESIAN_POINT ( 'NONE',  ( 136.0000000000000000, 33.00000000000000000, 2.000000000000001776 ) ) ;
#1481 = ORIENTED_EDGE ( 'NONE', *, *, #4594, .T. ) ;
#1482 = EDGE_CURVE ( 'NONE', #340, #3371, #1710, .T. ) ;
#1483 = CARTESIAN_POINT ( 'NONE',  ( 136.7944365486292497, 8.148975875729380647, 5.000000000000000888 ) ) ;
#1484 = CARTESIAN_POINT ( 'NONE',  ( 172.5000000000000284, 40.50000000000000711, 0.000000000000000000 ) ) ;
#1485 = VERTEX_POINT ( 'NONE', #4509 ) ;
#1486 = EDGE_CURVE ( 'NONE', #4139, #2578, #3330, .T. ) ;
#1487 = EDGE_CURVE ( 'NONE', #2670, #3161, #1083, .T. ) ;
#1488 = LINE ( 'NONE', #4751, #284 ) ;
#1489 = EDGE_LOOP ( 'NONE', ( #3152, #3867, #4234, #2409, #2963 ) ) ;
#1490 = FACE_BOUND ( 'NONE', #1596, .T. ) ;
#1491 = EDGE_CURVE ( 'NONE', #3011, #3209, #1757, .T. ) ;
#1492 = CARTESIAN_POINT ( 'NONE',  ( 102.3517677218592752, 2.000000000000000000, 5.000000000000000000 ) ) ;
#1493 = CARTESIAN_POINT ( 'NONE',  ( 9.999999999999996447, 9.999999999999985789, 3.449999999999996181 ) ) ;
#1494 = ORIENTED_EDGE ( 'NONE', *, *, #2598, .F. ) ;
#1495 = EDGE_CURVE ( 'NONE', #4570, #3612, #1427, .T. ) ;
#1496 = CARTESIAN_POINT ( 'NONE',  ( 115.5811597360324470, 52.63286644264487535, 9.000000000000001776 ) ) ;
#1497 = ORIENTED_EDGE ( 'NONE', *, *, #1745, .T. ) ;
#1498 = CARTESIAN_POINT ( 'NONE',  ( 139.1218275366134662, 18.93539011169303876, 6.999999999999999112 ) ) ;
#1499 = CARTESIAN_POINT ( 'NONE',  ( 9.999999999999978684, 32.49999999999990052, 5.000000000000000000 ) ) ;
#1500 = CARTESIAN_POINT ( 'NONE',  ( 142.7944365486292781, 12.14897587572938065, 5.842866544321914546 ) ) ;
#1501 = ORIENTED_EDGE ( 'NONE', *, *, #3722, .F. ) ;
#1502 = ORIENTED_EDGE ( 'NONE', *, *, #3941, .T. ) ;
#1503 = DIRECTION ( 'NONE',  ( 1.000000000000000000, 0.000000000000000000, 0.000000000000000000 ) ) ;
#1504 = DIRECTION ( 'NONE',  ( -0.000000000000000000, -0.000000000000000000, -1.000000000000000000 ) ) ;
#1505 = EDGE_LOOP ( 'NONE', ( #4020, #1873, #3761, #180 ) ) ;
#1506 = DIRECTION ( 'NONE',  ( -0.000000000000000000, -1.000000000000000000, -0.000000000000000000 ) ) ;
#1507 = EDGE_LOOP ( 'NONE', ( #1155, #136, #1373, #4638 ) ) ;
#1508 = CIRCLE ( 'NONE', #5064, 1.000000000000000888 ) ;
#1509 = CARTESIAN_POINT ( 'NONE',  ( 108.9880947906135731, 29.99635843841667793, 5.000000000000000000 ) ) ;
#1510 = PLANE ( 'NONE',  #2380 ) ;
#1511 = VERTEX_POINT ( 'NONE', #569 ) ;
#1512 = ADVANCED_FACE ( 'NONE', ( #45 ), #1337, .F. ) ;
#1513 = CARTESIAN_POINT ( 'NONE',  ( 163.4520680913094850, 8.148975875729380647, 5.155091562458533616 ) ) ;
#1514 = ORIENTED_EDGE ( 'NONE', *, *, #3238, .T. ) ;
#1515 = FACE_BOUND ( 'NONE', #1954, .T. ) ;
#1516 = DIRECTION ( 'NONE',  ( -0.000000000000000000, -1.000000000000000000, 0.000000000000000000 ) ) ;
#1517 = ADVANCED_FACE ( 'NONE', ( #847 ), #518, .F. ) ;
#1518 = DIRECTION ( 'NONE',  ( -1.000000000000000000, 0.000000000000000000, 0.000000000000000000 ) ) ;
#1519 = ORIENTED_EDGE ( 'NONE', *, *, #1818, .T. ) ;
#1520 = VECTOR ( 'NONE', #2095, 1000.000000000000114 ) ;
#1521 = EDGE_CURVE ( 'NONE', #2589, #2020, #4733, .T. ) ;
#1522 = EDGE_CURVE ( 'NONE', #4354, #3024, #3162, .T. ) ;
#1523 = VECTOR ( 'NONE', #4240, 1000.000000000000000 ) ;
#1524 = CARTESIAN_POINT ( 'NONE',  ( 155.5519250329307681, 11.28553135147997288, 6.194462739006814544 ) ) ;
#1525 = VERTEX_POINT ( 'NONE', #2492 ) ;
#1526 = CARTESIAN_POINT ( 'NONE',  ( 115.5811597360324470, 52.63286644264487535, 5.000000000000000000 ) ) ;
#1527 = CARTESIAN_POINT ( 'NONE',  ( 144.4033277627900134, 11.33702850966287023, 4.999999999999999112 ) ) ;
#1528 = VECTOR ( 'NONE', #2620, 999.9999999999998863 ) ;
#1529 = DIRECTION ( 'NONE',  ( 1.000000000000000000, -0.000000000000000000, -0.000000000000000000 ) ) ;
#1530 = VERTEX_POINT ( 'NONE', #2880 ) ;
#1531 = ORIENTED_EDGE ( 'NONE', *, *, #3513, .T. ) ;
#1532 = CIRCLE ( 'NONE', #2193, 7.500000000000007105 ) ;
#1533 = DIRECTION ( 'NONE',  ( -0.000000000000000000, -0.000000000000000000, -1.000000000000000000 ) ) ;
#1534 = CARTESIAN_POINT ( 'NONE',  ( 66.49999999999992895, 50.00000000000007816, 5.000000000000000000 ) ) ;
#1535 = ORIENTED_EDGE ( 'NONE', *, *, #4247, .F. ) ;
#1536 = AXIS2_PLACEMENT_3D ( 'NONE', #1845, #5034, #2296 ) ;
#1537 = CARTESIAN_POINT ( 'NONE',  ( 95.65340010818641758, 37.54370749419727815, 0.000000000000000000 ) ) ;
#1538 = AXIS2_PLACEMENT_3D ( 'NONE', #4003, #449, #3610 ) ;
#1539 = AXIS2_PLACEMENT_3D ( 'NONE', #4867, #2851, #2072 ) ;
#1540 = CARTESIAN_POINT ( 'NONE',  ( 197.7058243654970511, -0.2564852667683589216, 5.384740407141149987 ) ) ;
#1541 = DIRECTION ( 'NONE',  ( 0.000000000000000000, 0.000000000000000000, 1.000000000000000000 ) ) ;
#1542 = ORIENTED_EDGE ( 'NONE', *, *, #2285, .F. ) ;
#1543 = AXIS2_PLACEMENT_3D ( 'NONE', #3220, #54, #2815 ) ;
#1544 = DIRECTION ( 'NONE',  ( -1.000000000000000000, 0.000000000000000000, 0.000000000000000000 ) ) ;
#1545 = FACE_BOUND ( 'NONE', #4228, .T. ) ;
#1546 = CIRCLE ( 'NONE', #4037, 2.000000000000000000 ) ;
#1547 = EDGE_CURVE ( 'NONE', #573, #1678, #3215, .T. ) ;
#1548 = FACE_OUTER_BOUND ( 'NONE', #899, .T. ) ;
#1549 = VERTEX_POINT ( 'NONE', #4790 ) ;
#1550 = ORIENTED_EDGE ( 'NONE', *, *, #2249, .F. ) ;
#1551 = AXIS2_PLACEMENT_3D ( 'NONE', #3984, #817, #1986 ) ;
#1552 = VECTOR ( 'NONE', #4473, 1000.000000000000000 ) ;
#1553 = DIRECTION ( 'NONE',  ( 0.000000000000000000, 0.000000000000000000, 1.000000000000000000 ) ) ;
#1554 = EDGE_LOOP ( 'NONE', ( #4015, #1046, #3486, #4874 ) ) ;
#1555 = DIRECTION ( 'NONE',  ( 0.000000000000000000, 0.000000000000000000, 1.000000000000000000 ) ) ;
#1556 = ADVANCED_FACE ( 'NONE', ( #2903 ), #4812, .F. ) ;
#1557 = VECTOR ( 'NONE', #3289, 1000.000000000000114 ) ;
#1558 = LINE ( 'NONE', #393, #3291 ) ;
#1559 = CARTESIAN_POINT ( 'NONE',  ( 138.7383224615504957, 16.97099333131110654, 6.999999999999999112 ) ) ;
#1560 = ADVANCED_FACE ( 'NONE', ( #4101 ), #349, .F. ) ;
#1561 = ORIENTED_EDGE ( 'NONE', *, *, #1288, .F. ) ;
#1562 = ORIENTED_EDGE ( 'NONE', *, *, #1352, .T. ) ;
#1563 = DIRECTION ( 'NONE',  ( -0.000000000000000000, -0.000000000000000000, -1.000000000000000000 ) ) ;
#1564 = EDGE_CURVE ( 'NONE', #4241, #2658, #2992, .T. ) ;
#1565 = CARTESIAN_POINT ( 'NONE',  ( 0.000000000000000000, 2.000000000000000000, 3.000000000000000000 ) ) ;
#1566 = ORIENTED_EDGE ( 'NONE', *, *, #525, .T. ) ;
#1567 = CARTESIAN_POINT ( 'NONE',  ( 65.83141842876197813, 14.99999999999996092, 3.449999999999999289 ) ) ;
#1568 = DIRECTION ( 'NONE',  ( -0.000000000000000000, -0.000000000000000000, 1.000000000000000000 ) ) ;
#1569 = CARTESIAN_POINT ( 'NONE',  ( 0.000000000000000000, 0.000000000000000000, 5.000000000000000000 ) ) ;
#1570 = EDGE_LOOP ( 'NONE', ( #872, #500, #2330, #4951 ) ) ;
#1571 = DIRECTION ( 'NONE',  ( 0.000000000000000000, 0.000000000000000000, 1.000000000000000000 ) ) ;
#1572 = DIRECTION ( 'NONE',  ( 0.7071067811865473507, 0.000000000000000000, 0.7071067811865477948 ) ) ;
#1573 = DIRECTION ( 'NONE',  ( 0.000000000000000000, 0.000000000000000000, -1.000000000000000000 ) ) ;
#1574 = CARTESIAN_POINT ( 'NONE',  ( 198.0118487361406494, -1.804748941305364118, 3.000000000000006217 ) ) ;
#1575 = ORIENTED_EDGE ( 'NONE', *, *, #3932, .F. ) ;
#1576 = CARTESIAN_POINT ( 'NONE',  ( 177.5000000000000284, 39.50000000000000711, 0.000000000000000000 ) ) ;
#1577 = ORIENTED_EDGE ( 'NONE', *, *, #1377, .F. ) ;
#1578 = FACE_OUTER_BOUND ( 'NONE', #4801, .T. ) ;
#1579 = DIRECTION ( 'NONE',  ( -1.000000000000000000, 0.000000000000000000, 0.000000000000000000 ) ) ;
#1580 = DIRECTION ( 'NONE',  ( 0.000000000000000000, 0.000000000000000000, -1.000000000000000000 ) ) ;
#1581 = EDGE_CURVE ( 'NONE', #365, #3117, #4842, .T. ) ;
#1582 = EDGE_CURVE ( 'NONE', #808, #4210, #2424, .T. ) ;
#1583 = FACE_OUTER_BOUND ( 'NONE', #3111, .T. ) ;
#1584 = DIRECTION ( 'NONE',  ( 1.000000000000000000, 0.000000000000000000, 0.000000000000000000 ) ) ;
#1585 = ORIENTED_EDGE ( 'NONE', *, *, #2668, .F. ) ;
#1586 = LINE ( 'NONE', #3163, #3440 ) ;
#1587 = EDGE_CURVE ( 'NONE', #3735, #3591, #676, .T. ) ;
#1588 = DIRECTION ( 'NONE',  ( -0.000000000000000000, -0.000000000000000000, -1.000000000000000000 ) ) ;
#1589 = EDGE_LOOP ( 'NONE', ( #2500, #3842, #93, #404, #4940, #1739, #251, #2178, #276 ) ) ;
#1590 = DIRECTION ( 'NONE',  ( 2.312964634635740985E-16, -1.000000000000000000, 0.000000000000000000 ) ) ;
#1591 = AXIS2_PLACEMENT_3D ( 'NONE', #3707, #2515, #1232 ) ;
#1592 = DIRECTION ( 'NONE',  ( 0.8949343616020298819, -0.4461978131097990574, 0.000000000000000000 ) ) ;
#1593 = LINE ( 'NONE', #1985, #1010 ) ;
#1594 = DIRECTION ( 'NONE',  ( 1.000000000000000000, 0.000000000000000000, 0.000000000000000000 ) ) ;
#1595 = DIRECTION ( 'NONE',  ( -0.000000000000000000, -0.000000000000000000, 1.000000000000000000 ) ) ;
#1596 = EDGE_LOOP ( 'NONE', ( #4190, #3853 ) ) ;
#1597 = CARTESIAN_POINT ( 'NONE',  ( 65.83141842876197813, 14.99999999999996092, 0.000000000000000000 ) ) ;
#1598 = VERTEX_POINT ( 'NONE', #610 ) ;
#1599 = CARTESIAN_POINT ( 'NONE',  ( 155.6562707154499208, 11.42178533245210126, 6.999999999999999112 ) ) ;
#1600 = AXIS2_PLACEMENT_3D ( 'NONE', #539, #153, #4890 ) ;
#1601 = FACE_OUTER_BOUND ( 'NONE', #1208, .T. ) ;
#1602 = DIRECTION ( 'NONE',  ( 0.000000000000000000, 0.000000000000000000, -1.000000000000000000 ) ) ;
#1603 = CIRCLE ( 'NONE', #447, 1.599999999999851541 ) ;
#1604 = ORIENTED_EDGE ( 'NONE', *, *, #893, .F. ) ;
#1605 = EDGE_CURVE ( 'NONE', #1102, #1018, #2006, .T. ) ;
#1606 = DIRECTION ( 'NONE',  ( 0.000000000000000000, 0.000000000000000000, 1.000000000000000000 ) ) ;
#1607 = CIRCLE ( 'NONE', #2600, 1.999999999999999778 ) ;
#1608 = CARTESIAN_POINT ( 'NONE',  ( 6.749999999999992006, 54.99999999999988631, 5.000000000000000000 ) ) ;
#1609 = ORIENTED_EDGE ( 'NONE', *, *, #3797, .T. ) ;
#1610 = ADVANCED_FACE ( 'NONE', ( #4554 ), #661, .F. ) ;
#1611 = FACE_OUTER_BOUND ( 'NONE', #2120, .T. ) ;
#1612 = AXIS2_PLACEMENT_3D ( 'NONE', #1597, #1553, #4355 ) ;
#1613 = ORIENTED_EDGE ( 'NONE', *, *, #698, .F. ) ;
#1614 = CIRCLE ( 'NONE', #5088, 2.000000000000001776 ) ;
#1615 = EDGE_CURVE ( 'NONE', #196, #1800, #1017, .T. ) ;
#1616 = DIRECTION ( 'NONE',  ( -1.000000000000000000, 0.000000000000000000, 0.000000000000000000 ) ) ;
#1617 = DIRECTION ( 'NONE',  ( -1.000000000000000000, 0.000000000000000000, 0.000000000000000000 ) ) ;
#1618 = VECTOR ( 'NONE', #3248, 1000.000000000000000 ) ;
#1619 = EDGE_CURVE ( 'NONE', #748, #2060, #1044, .T. ) ;
#1620 = CARTESIAN_POINT ( 'NONE',  ( 141.0000000000000000, 15.00000000000001243, 5.000000000000000000 ) ) ;
#1621 = AXIS2_PLACEMENT_3D ( 'NONE', #1049, #641, #690 ) ;
#1622 = CARTESIAN_POINT ( 'NONE',  ( 11.05135161314674264, 58.08277016118870506, 4.999999999999999112 ) ) ;
#1623 = DIRECTION ( 'NONE',  ( 0.000000000000000000, 0.000000000000000000, -1.000000000000000000 ) ) ;
#1624 = DIRECTION ( 'NONE',  ( -1.000000000000000000, 0.000000000000000000, 0.000000000000000000 ) ) ;
#1625 = AXIS2_PLACEMENT_3D ( 'NONE', #4771, #2368, #1215 ) ;
#1626 = ORIENTED_EDGE ( 'NONE', *, *, #1605, .T. ) ;
#1627 = DIRECTION ( 'NONE',  ( 0.000000000000000000, 0.000000000000000000, -1.000000000000000000 ) ) ;
#1628 = VECTOR ( 'NONE', #4041, 999.9999999999998863 ) ;
#1629 = VERTEX_POINT ( 'NONE', #1827 ) ;
#1630 = CARTESIAN_POINT ( 'NONE',  ( 155.6562707154499208, 11.42178533245210303, 19.00000000000000355 ) ) ;
#1631 = DIRECTION ( 'NONE',  ( 0.000000000000000000, 0.000000000000000000, -1.000000000000000000 ) ) ;
#1632 = CARTESIAN_POINT ( 'NONE',  ( 150.0000000000000000, -14.99999999999999822, 15.00000000000000000 ) ) ;
#1633 = ORIENTED_EDGE ( 'NONE', *, *, #1660, .F. ) ;
#1634 = AXIS2_PLACEMENT_3D ( 'NONE', #1159, #1927, #2319 ) ;
#1635 = DIRECTION ( 'NONE',  ( -0.000000000000000000, -0.000000000000000000, 1.000000000000000000 ) ) ;
#1636 = AXIS2_PLACEMENT_3D ( 'NONE', #202, #1050, #3340 ) ;
#1637 = CARTESIAN_POINT ( 'NONE',  ( 94.65340010818641758, 40.54370749419728526, 2.000000000000001776 ) ) ;
#1638 = VERTEX_POINT ( 'NONE', #3401 ) ;
#1639 = DIRECTION ( 'NONE',  ( 1.000000000000000000, 0.000000000000000000, 0.000000000000000000 ) ) ;
#1640 = VECTOR ( 'NONE', #1043, 1000.000000000000000 ) ;
#1641 = ORIENTED_EDGE ( 'NONE', *, *, #896, .F. ) ;
#1642 = CARTESIAN_POINT ( 'NONE',  ( 140.0663718926538479, 12.14897587572938065, 19.00000000000000000 ) ) ;
#1643 = CARTESIAN_POINT ( 'NONE',  ( 177.5000000000000284, 40.50000000000000711, 0.000000000000000000 ) ) ;
#1644 = ORIENTED_EDGE ( 'NONE', *, *, #2482, .F. ) ;
#1645 = EDGE_CURVE ( 'NONE', #5135, #3397, #4973, .T. ) ;
#1646 = CARTESIAN_POINT ( 'NONE',  ( 145.0624943690542636, 12.08518619781601089, 6.999999999999999112 ) ) ;
#1647 = CARTESIAN_POINT ( 'NONE',  ( 65.83141842876197813, 14.99999999999996092, 5.000000000000000000 ) ) ;
#1648 = ORIENTED_EDGE ( 'NONE', *, *, #4743, .F. ) ;
#1649 = CARTESIAN_POINT ( 'NONE',  ( 105.6534001081864176, 49.54370749419727815, 2.000000000000001776 ) ) ;
#1650 = CIRCLE ( 'NONE', #4389, 3.000000000000002665 ) ;
#1651 = EDGE_CURVE ( 'NONE', #3493, #4164, #4977, .T. ) ;
#1652 = ORIENTED_EDGE ( 'NONE', *, *, #4560, .T. ) ;
#1653 = LINE ( 'NONE', #2849, #862 ) ;
#1654 = VERTEX_POINT ( 'NONE', #1780 ) ;
#1655 = DIRECTION ( 'NONE',  ( 0.000000000000000000, 0.000000000000000000, -1.000000000000000000 ) ) ;
#1656 = DIRECTION ( 'NONE',  ( 0.8949343616020299930, -0.4461978131097990574, 0.000000000000000000 ) ) ;
#1657 = DIRECTION ( 'NONE',  ( 0.000000000000000000, 0.000000000000000000, 1.000000000000000000 ) ) ;
#1658 = ORIENTED_EDGE ( 'NONE', *, *, #2756, .T. ) ;
#1659 = EDGE_CURVE ( 'NONE', #3454, #4463, #3664, .T. ) ;
#1660 = EDGE_CURVE ( 'NONE', #992, #181, #592, .T. ) ;
#1661 = DIRECTION ( 'NONE',  ( -1.000000000000000000, 0.000000000000000000, 0.000000000000000000 ) ) ;
#1662 = DIRECTION ( 'NONE',  ( -0.7404331963952650586, -0.6721299589185791845, 0.000000000000000000 ) ) ;
#1663 = ORIENTED_EDGE ( 'NONE', *, *, #2284, .F. ) ;
#1664 = LINE ( 'NONE', #2471, #4120 ) ;
#1665 = ORIENTED_EDGE ( 'NONE', *, *, #2943, .T. ) ;
#1666 = CARTESIAN_POINT ( 'NONE',  ( 141.0000000000000000, 49.99999999999987210, 19.00000000000000000 ) ) ;
#1667 = VERTEX_POINT ( 'NONE', #4245 ) ;
#1668 = DIRECTION ( 'NONE',  ( -1.000000000000000000, 0.000000000000000000, 0.000000000000000000 ) ) ;
#1669 = CARTESIAN_POINT ( 'NONE',  ( 143.4479907142173261, 12.50104012939843834, 5.000000000000000000 ) ) ;
#1670 = ORIENTED_EDGE ( 'NONE', *, *, #655, .F. ) ;
#1671 = CARTESIAN_POINT ( 'NONE',  ( 92.65340010818641758, 48.54370749419725684, 5.000000000000000000 ) ) ;
#1672 = CARTESIAN_POINT ( 'NONE',  ( 8.299999999999981171, 32.49999999999990052, 3.449999999999996181 ) ) ;
#1673 = LINE ( 'NONE', #4067, #949 ) ;
#1674 = LINE ( 'NONE', #2533, #628 ) ;
#1675 = ADVANCED_FACE ( 'NONE', ( #4171 ), #3731, .F. ) ;
#1676 = ORIENTED_EDGE ( 'NONE', *, *, #5126, .F. ) ;
#1677 = CIRCLE ( 'NONE', #5057, 3.000000000000002665 ) ;
#1678 = VERTEX_POINT ( 'NONE', #2637 ) ;
#1679 = CARTESIAN_POINT ( 'NONE',  ( 106.6534001081864176, 48.54370749419727105, 2.000000000000001776 ) ) ;
#1680 = ORIENTED_EDGE ( 'NONE', *, *, #4093, .F. ) ;
#1681 = TOROIDAL_SURFACE ( 'NONE', #2343, 3.000000000000000888, 2.000000000000000000 ) ;
#1682 = DIRECTION ( 'NONE',  ( 0.000000000000000000, 0.000000000000000000, -1.000000000000000000 ) ) ;
#1683 = CARTESIAN_POINT ( 'NONE',  ( 13.24999999999999112, 54.99999999999988631, 5.000000000000000000 ) ) ;
#1684 = DIRECTION ( 'NONE',  ( 1.000000000000000000, 0.000000000000000000, 0.000000000000000000 ) ) ;
#1685 = EDGE_CURVE ( 'NONE', #2421, #3469, #2512, .T. ) ;
#1686 = ORIENTED_EDGE ( 'NONE', *, *, #890, .F. ) ;
#1687 = CARTESIAN_POINT ( 'NONE',  ( 153.3497474683057931, -19.94974746830582291, 45.52691193458120722 ) ) ;
#1688 = ORIENTED_EDGE ( 'NONE', *, *, #4077, .T. ) ;
#1689 = EDGE_LOOP ( 'NONE', ( #2978, #2549, #2156, #1609 ) ) ;
#1690 = AXIS2_PLACEMENT_3D ( 'NONE', #590, #1389, #5012 ) ;
#1691 = VECTOR ( 'NONE', #3325, 1000.000000000000000 ) ;
#1692 = CARTESIAN_POINT ( 'NONE',  ( 116.9811597360324384, 52.63286644264487535, 5.000000000000000000 ) ) ;
#1693 = VERTEX_POINT ( 'NONE', #2972 ) ;
#1694 = CARTESIAN_POINT ( 'NONE',  ( 85.54335325202283968, 39.45067460557965688, 5.000000000000000000 ) ) ;
#1695 = AXIS2_PLACEMENT_3D ( 'NONE', #3920, #830, #5078 ) ;
#1696 = CARTESIAN_POINT ( 'NONE',  ( 95.65340010818641758, 40.54370749419727815, 3.000000000000000000 ) ) ;
#1697 = AXIS2_PLACEMENT_3D ( 'NONE', #4537, #2859, #906 ) ;
#1698 = CIRCLE ( 'NONE', #4919, 2.000000000000001776 ) ;
#1699 = EDGE_CURVE ( 'NONE', #1240, #573, #3362, .T. ) ;
#1700 = DIRECTION ( 'NONE',  ( 0.000000000000000000, 0.000000000000000000, -1.000000000000000000 ) ) ;
#1701 = DIRECTION ( 'NONE',  ( 0.8949343616020298819, -0.4461978131097990574, 0.000000000000000000 ) ) ;
#1702 = CARTESIAN_POINT ( 'NONE',  ( 9.999999999999978684, 32.49999999999990052, 5.000000000000000000 ) ) ;
#1703 = ORIENTED_EDGE ( 'NONE', *, *, #4372, .F. ) ;
#1704 = AXIS2_PLACEMENT_3D ( 'NONE', #1084, #5005, #4265 ) ;
#1705 = ORIENTED_EDGE ( 'NONE', *, *, #4496, .T. ) ;
#1706 = CIRCLE ( 'NONE', #788, 3.000000000000002665 ) ;
#1707 = DIRECTION ( 'NONE',  ( -1.000000000000000000, 0.000000000000000000, 0.000000000000000000 ) ) ;
#1708 = ORIENTED_EDGE ( 'NONE', *, *, #1970, .T. ) ;
#1709 = DIRECTION ( 'NONE',  ( 1.000000000000000000, 0.000000000000000000, 0.000000000000000000 ) ) ;
#1710 = LINE ( 'NONE', #3598, #2757 ) ;
#1711 = CIRCLE ( 'NONE', #4597, 7.500000000000007105 ) ;
#1712 = ADVANCED_FACE ( 'NONE', ( #3335 ), #5015, .F. ) ;
#1713 = CARTESIAN_POINT ( 'NONE',  ( 130.4999999999999716, -14.99999999999999822, 5.000000000000000000 ) ) ;
#1714 = DIRECTION ( 'NONE',  ( -1.000000000000000000, 0.000000000000000000, 0.000000000000000000 ) ) ;
#1715 = ORIENTED_EDGE ( 'NONE', *, *, #3670, .F. ) ;
#1716 = ORIENTED_EDGE ( 'NONE', *, *, #1100, .T. ) ;
#1717 = ADVANCED_FACE ( 'NONE', ( #1366 ), #175, .T. ) ;
#1718 = CARTESIAN_POINT ( 'NONE',  ( 156.5497474683057817, -19.94974746830582291, 0.000000000000000000 ) ) ;
#1719 = VECTOR ( 'NONE', #485, 1000.000000000000000 ) ;
#1720 = ORIENTED_EDGE ( 'NONE', *, *, #4288, .F. ) ;
#1721 = DIRECTION ( 'NONE',  ( -1.000000000000000000, 0.000000000000000000, 0.000000000000000000 ) ) ;
#1722 = CIRCLE ( 'NONE', #63, 1.599999999999990319 ) ;
#1723 = FACE_BOUND ( 'NONE', #3110, .T. ) ;
#1724 = ORIENTED_EDGE ( 'NONE', *, *, #1564, .F. ) ;
#1725 = CARTESIAN_POINT ( 'NONE',  ( 9.999999999999991118, 54.99999999999988631, 5.000000000000000000 ) ) ;
#1726 = DIRECTION ( 'NONE',  ( 1.000000000000000000, 0.000000000000000000, 0.000000000000000000 ) ) ;
#1727 = FACE_OUTER_BOUND ( 'NONE', #3854, .T. ) ;
#1728 = DIRECTION ( 'NONE',  ( 1.000000000000000000, 0.000000000000000000, 0.000000000000000000 ) ) ;
#1729 = ORIENTED_EDGE ( 'NONE', *, *, #4915, .T. ) ;
#1730 = VECTOR ( 'NONE', #1912, 1000.000000000000000 ) ;
#1731 = CARTESIAN_POINT ( 'NONE',  ( 137.2305374359174834, 18.28498888551852630, 7.000000000000000000 ) ) ;
#1732 = ORIENTED_EDGE ( 'NONE', *, *, #3869, .F. ) ;
#1733 = FACE_OUTER_BOUND ( 'NONE', #3703, .T. ) ;
#1734 = ORIENTED_EDGE ( 'NONE', *, *, #487, .T. ) ;
#1735 = CYLINDRICAL_SURFACE ( 'NONE', #3400, 2.000000000000001776 ) ;
#1736 = CARTESIAN_POINT ( 'NONE',  ( 91.14865891784671703, 53.50114408273147859, 5.000000000000000000 ) ) ;
#1737 = DIRECTION ( 'NONE',  ( -0.000000000000000000, -0.000000000000000000, 1.000000000000000000 ) ) ;
#1738 = EDGE_LOOP ( 'NONE', ( #4263, #4956, #1424, #3311, #4948 ) ) ;
#1739 = ORIENTED_EDGE ( 'NONE', *, *, #378, .F. ) ;
#1740 = EDGE_CURVE ( 'NONE', #4080, #2634, #1508, .T. ) ;
#1741 = DIRECTION ( 'NONE',  ( -1.000000000000000000, -6.938893903907222067E-15, 0.000000000000000000 ) ) ;
#1742 = ORIENTED_EDGE ( 'NONE', *, *, #3134, .T. ) ;
#1743 = ADVANCED_FACE ( 'NONE', ( #3151 ), #1198, .F. ) ;
#1744 = CARTESIAN_POINT ( 'NONE',  ( 199.3442599178371495, -0.5952495871755810741, 3.769480814282304415 ) ) ;
#1745 = EDGE_CURVE ( 'NONE', #2258, #4083, #3542, .T. ) ;
#1746 = CARTESIAN_POINT ( 'NONE',  ( 136.7944365486292497, 8.148975875729380647, 19.00000000000000355 ) ) ;
#1747 = ADVANCED_FACE ( 'NONE', ( #1145 ), #1091, .F. ) ;
#1748 = CARTESIAN_POINT ( 'NONE',  ( 188.2999999999999829, 54.99999999999998579, 19.00000000000000000 ) ) ;
#1749 = CARTESIAN_POINT ( 'NONE',  ( 198.0000000000000000, 57.99999999999999289, 17.00000000000000000 ) ) ;
#1750 = DIRECTION ( 'NONE',  ( 1.000000000000000000, 0.000000000000000000, 0.000000000000000000 ) ) ;
#1751 = CARTESIAN_POINT ( 'NONE',  ( 164.5533630976470647, 8.674385030902801219, 5.741661764116991584 ) ) ;
#1752 = ORIENTED_EDGE ( 'NONE', *, *, #5067, .T. ) ;
#1753 = DIRECTION ( 'NONE',  ( -1.000000000000000000, 0.000000000000000000, 0.000000000000000000 ) ) ;
#1754 = CARTESIAN_POINT ( 'NONE',  ( 196.5609385876326201, -0.7379394423675508241, 5.000000000000005329 ) ) ;
#1755 = DIRECTION ( 'NONE',  ( -1.000000000000000000, 0.000000000000000000, 0.000000000000000000 ) ) ;
#1756 = ADVANCED_FACE ( 'NONE', ( #1961 ), #3886, .F. ) ;
#1757 = CIRCLE ( 'NONE', #4815, 1.700000000000007061 ) ;
#1758 = DIRECTION ( 'NONE',  ( 0.000000000000000000, 0.000000000000000000, -1.000000000000000000 ) ) ;
#1759 = DIRECTION ( 'NONE',  ( 0.000000000000000000, 0.000000000000000000, 1.000000000000000000 ) ) ;
#1760 = CARTESIAN_POINT ( 'NONE',  ( 136.7944365486292497, 10.14897587572937887, 5.000000000000000888 ) ) ;
#1761 = ORIENTED_EDGE ( 'NONE', *, *, #4133, .F. ) ;
#1762 = FACE_OUTER_BOUND ( 'NONE', #852, .T. ) ;
#1763 = ORIENTED_EDGE ( 'NONE', *, *, #345, .T. ) ;
#1764 = CIRCLE ( 'NONE', #4986, 2.000000000000001776 ) ;
#1765 = DIRECTION ( 'NONE',  ( 1.000000000000000000, 0.000000000000000000, 0.000000000000000000 ) ) ;
#1766 = VERTEX_POINT ( 'NONE', #358 ) ;
#1767 = CIRCLE ( 'NONE', #855, 3.250000000000001332 ) ;
#1768 = EDGE_LOOP ( 'NONE', ( #2044, #3324, #5087, #4446 ) ) ;
#1769 = EDGE_CURVE ( 'NONE', #3371, #330, #3402, .T. ) ;
#1770 = CARTESIAN_POINT ( 'NONE',  ( 110.3317657007078196, 28.20902845059508479, 5.000000000000000000 ) ) ;
#1771 = DIRECTION ( 'NONE',  ( 0.000000000000000000, 0.000000000000000000, -1.000000000000000000 ) ) ;
#1772 = ORIENTED_EDGE ( 'NONE', *, *, #1238, .T. ) ;
#1773 = CIRCLE ( 'NONE', #3099, 1.999999999999999112 ) ;
#1774 = EDGE_CURVE ( 'NONE', #196, #36, #4335, .T. ) ;
#1775 = LINE ( 'NONE', #5010, #4999 ) ;
#1776 = VERTEX_POINT ( 'NONE', #4328 ) ;
#1777 = DIRECTION ( 'NONE',  ( -0.000000000000000000, -0.000000000000000000, 1.000000000000000000 ) ) ;
#1778 = DIRECTION ( 'NONE',  ( -1.000000000000000000, 0.000000000000000000, 0.000000000000000000 ) ) ;
#1779 = AXIS2_PLACEMENT_3D ( 'NONE', #1930, #3847, #1953 ) ;
#1780 = CARTESIAN_POINT ( 'NONE',  ( 163.1989813451135660, 8.148975875729380647, 5.131041095075139502 ) ) ;
#1781 = CONICAL_SURFACE ( 'NONE', #2453, 3.249999999999999556, 0.7853981633974473908 ) ;
#1782 = LINE ( 'NONE', #4248, #4668 ) ;
#1783 = DIRECTION ( 'NONE',  ( 0.000000000000000000, 0.000000000000000000, 1.000000000000000000 ) ) ;
#1784 = CIRCLE ( 'NONE', #2202, 3.000000000000002665 ) ;
#1785 = ORIENTED_EDGE ( 'NONE', *, *, #3130, .F. ) ;
#1786 = CIRCLE ( 'NONE', #1115, 1.700000000000007061 ) ;
#1787 = DIRECTION ( 'NONE',  ( -0.000000000000000000, -0.000000000000000000, -1.000000000000000000 ) ) ;
#1788 = AXIS2_PLACEMENT_3D ( 'NONE', #4679, #1595, #3128 ) ;
#1789 = ORIENTED_EDGE ( 'NONE', *, *, #3797, .F. ) ;
#1790 = FACE_BOUND ( 'NONE', #914, .T. ) ;
#1791 = VERTEX_POINT ( 'NONE', #329 ) ;
#1792 = AXIS2_PLACEMENT_3D ( 'NONE', #1061, #4323, #4642 ) ;
#1793 = AXIS2_PLACEMENT_3D ( 'NONE', #2096, #1286, #3652 ) ;
#1794 = LINE ( 'NONE', #3372, #4515 ) ;
#1795 = DIRECTION ( 'NONE',  ( 1.000000000000000000, 0.000000000000000000, -0.000000000000000000 ) ) ;
#1796 = ORIENTED_EDGE ( 'NONE', *, *, #1699, .F. ) ;
#1797 = EDGE_CURVE ( 'NONE', #1102, #797, #1331, .T. ) ;
#1798 = EDGE_CURVE ( 'NONE', #2762, #3089, #2094, .T. ) ;
#1799 = CARTESIAN_POINT ( 'NONE',  ( 125.9114541480040543, 57.34959877382546267, 19.00000000000000000 ) ) ;
#1800 = VERTEX_POINT ( 'NONE', #765 ) ;
#1801 = CARTESIAN_POINT ( 'NONE',  ( 197.5746827320714374, 0.3202139110038276781, 5.768623379013904540 ) ) ;
#1802 = CARTESIAN_POINT ( 'NONE',  ( 150.0000000000000000, -15.00000000000000000, 5.000000000000000000 ) ) ;
#1803 = DIRECTION ( 'NONE',  ( -1.000000000000000000, 0.000000000000000000, 0.000000000000000000 ) ) ;
#1804 = EDGE_CURVE ( 'NONE', #250, #649, #1841, .T. ) ;
#1805 = ADVANCED_FACE ( 'NONE', ( #2768 ), #5041, .T. ) ;
#1806 = DIRECTION ( 'NONE',  ( -0.7071067811865462405, 0.7071067811865490160, 0.000000000000000000 ) ) ;
#1807 = VERTEX_POINT ( 'NONE', #4275 ) ;
#1808 = DIRECTION ( 'NONE',  ( 1.000000000000000000, 0.000000000000000000, 0.000000000000000000 ) ) ;
#1809 = DIRECTION ( 'NONE',  ( 0.000000000000000000, -1.000000000000000000, 0.000000000000000000 ) ) ;
#1810 = ORIENTED_EDGE ( 'NONE', *, *, #1487, .T. ) ;
#1811 = DIRECTION ( 'NONE',  ( -0.8949343616020298819, 0.4461978131097990574, -0.000000000000000000 ) ) ;
#1812 = VECTOR ( 'NONE', #3566, 1000.000000000000114 ) ;
#1813 = ORIENTED_EDGE ( 'NONE', *, *, #2026, .F. ) ;
#1814 = CARTESIAN_POINT ( 'NONE',  ( 137.2305374359174834, 18.28498888551852275, 7.000000000000000000 ) ) ;
#1815 = ORIENTED_EDGE ( 'NONE', *, *, #3006, .T. ) ;
#1816 = ADVANCED_FACE ( 'NONE', ( #1548 ), #1681, .T. ) ;
#1817 = DIRECTION ( 'NONE',  ( 0.000000000000000000, 0.000000000000000000, 1.000000000000000000 ) ) ;
#1818 = EDGE_CURVE ( 'NONE', #4866, #2860, #2759, .T. ) ;
#1819 = DIRECTION ( 'NONE',  ( 0.000000000000000000, 1.000000000000000000, -0.000000000000000000 ) ) ;
#1820 = ORIENTED_EDGE ( 'NONE', *, *, #2026, .T. ) ;
#1821 = AXIS2_PLACEMENT_3D ( 'NONE', #1144, #2717, #5013 ) ;
#1822 = DIRECTION ( 'NONE',  ( 1.000000000000000000, -0.000000000000000000, 0.000000000000000000 ) ) ;
#1823 = ORIENTED_EDGE ( 'NONE', *, *, #3200, .T. ) ;
#1824 = CARTESIAN_POINT ( 'NONE',  ( 162.2847886470785568, 8.148975875729380647, 5.044166685424275265 ) ) ;
#1825 = EDGE_CURVE ( 'NONE', #272, #2060, #2699, .T. ) ;
#1826 = CARTESIAN_POINT ( 'NONE',  ( 197.1799570442446168, -0.4776261198763415150, 5.132605839225510280 ) ) ;
#1827 = CARTESIAN_POINT ( 'NONE',  ( 172.5000000000000284, 39.50000000000000711, 19.00000000000000000 ) ) ;
#1828 = FACE_OUTER_BOUND ( 'NONE', #2056, .T. ) ;
#1829 = ADVANCED_FACE ( 'NONE', ( #2718, #1987, #791, #741, #2381 ), #3938, .F. ) ;
#1830 = EDGE_LOOP ( 'NONE', ( #4949, #1641 ) ) ;
#1831 = CARTESIAN_POINT ( 'NONE',  ( 69.08141842876197813, 14.99999999999996092, 5.000000000000000000 ) ) ;
#1832 = ORIENTED_EDGE ( 'NONE', *, *, #2694, .T. ) ;
#1833 = B_SPLINE_CURVE_WITH_KNOTS ( 'NONE', 3,
 ( #4242, #682, #3398, #2969, #1408, #2241 ),
 .UNSPECIFIED., .F., .F.,
 ( 4, 2, 4 ),
 ( 0.002419839200094503484, 0.002784343570865301966, 0.003148847941636100881 ),
 .UNSPECIFIED. ) ;
#1834 = ORIENTED_EDGE ( 'NONE', *, *, #2614, .F. ) ;
#1835 = EDGE_LOOP ( 'NONE', ( #1317, #3740, #1514, #1149 ) ) ;
#1836 = VECTOR ( 'NONE', #2777, 1000.000000000000000 ) ;
#1837 = EDGE_CURVE ( 'NONE', #1962, #1800, #1459, .T. ) ;
#1838 = CARTESIAN_POINT ( 'NONE',  ( 142.7000000000000171, 49.99999999999987210, 0.000000000000000000 ) ) ;
#1839 = CARTESIAN_POINT ( 'NONE',  ( 143.4502525316942467, -10.05025253169416999, 45.52691193458120722 ) ) ;
#1840 = ORIENTED_EDGE ( 'NONE', *, *, #2344, .F. ) ;
#1841 = CIRCLE ( 'NONE', #1929, 3.000000000000002665 ) ;
#1842 = CARTESIAN_POINT ( 'NONE',  ( 11.69999999999999218, 54.99999999999988631, 0.000000000000000000 ) ) ;
#1843 = EDGE_LOOP ( 'NONE', ( #1626, #216, #622, #3409 ) ) ;
#1844 = PRODUCT_DEFINITION_FORMATION_WITH_SPECIFIED_SOURCE ( 'Symmetric', '', #2029, .NOT_KNOWN. ) ;
#1845 = CARTESIAN_POINT ( 'NONE',  ( 123.5728273274112610, 57.99999999999999289, 3.000000000000000000 ) ) ;
#1846 = CIRCLE ( 'NONE', #606, 2.000000000000001776 ) ;
#1847 = LINE ( 'NONE', #4145, #4935 ) ;
#1848 = ORIENTED_EDGE ( 'NONE', *, *, #602, .T. ) ;
#1849 = AXIS2_PLACEMENT_3D ( 'NONE', #1259, #176, #2050 ) ;
#1850 = DIRECTION ( 'NONE',  ( -1.635512977795597108E-16, 0.7071067811865472397, -0.7071067811865477948 ) ) ;
#1851 = ORIENTED_EDGE ( 'NONE', *, *, #3066, .F. ) ;
#1852 = DIRECTION ( 'NONE',  ( -1.000000000000000000, 0.000000000000000000, 0.000000000000000000 ) ) ;
#1853 = DIRECTION ( 'NONE',  ( 0.000000000000000000, 0.000000000000000000, -1.000000000000000000 ) ) ;
#1854 = CARTESIAN_POINT ( 'NONE',  ( 9.999999999999978684, 32.49999999999990052, 5.000000000000000000 ) ) ;
#1855 = VECTOR ( 'NONE', #3798, 1000.000000000000000 ) ;
#1856 = EDGE_LOOP ( 'NONE', ( #1396, #4249, #1901, #4002, #3076, #2755 ) ) ;
#1857 = FACE_OUTER_BOUND ( 'NONE', #4032, .T. ) ;
#1858 = EDGE_CURVE ( 'NONE', #2997, #3345, #3955, .T. ) ;
#1859 = AXIS2_PLACEMENT_3D ( 'NONE', #2348, #2740, #3171 ) ;
#1860 = EDGE_LOOP ( 'NONE', ( #207, #2646 ) ) ;
#1861 =( NAMED_UNIT ( * ) PLANE_ANGLE_UNIT ( ) SI_UNIT ( $, .RADIAN. ) );
#1862 = ORIENTED_EDGE ( 'NONE', *, *, #56, .F. ) ;
#1863 = CARTESIAN_POINT ( 'NONE',  ( 197.2540742854652649, -2.492620464194404306, 2.999999999999999112 ) ) ;
#1864 = EDGE_LOOP ( 'NONE', ( #3366, #2825, #3185, #2968 ) ) ;
#1865 = ORIENTED_EDGE ( 'NONE', *, *, #1740, .T. ) ;
#1866 = VECTOR ( 'NONE', #626, 1000.000000000000114 ) ;
#1867 = EDGE_CURVE ( 'NONE', #3386, #748, #4714, .T. ) ;
#1868 = DIRECTION ( 'NONE',  ( 1.000000000000000000, 0.000000000000000000, 0.000000000000000000 ) ) ;
#1869 = CIRCLE ( 'NONE', #468, 1.700000000000007061 ) ;
#1870 = CARTESIAN_POINT ( 'NONE',  ( 2.000000000000000000, 60.00000000000000000, 5.000000000000000000 ) ) ;
#1871 = ORIENTED_EDGE ( 'NONE', *, *, #4181, .T. ) ;
#1872 = LINE ( 'NONE', #3843, #4528 ) ;
#1873 = ORIENTED_EDGE ( 'NONE', *, *, #4117, .T. ) ;
#1874 = ADVANCED_FACE ( 'NONE', ( #4378 ), #2010, .F. ) ;
#1875 = AXIS2_PLACEMENT_3D ( 'NONE', #4000, #2835, #3557 ) ;
#1876 = EDGE_CURVE ( 'NONE', #229, #3469, #147, .T. ) ;
#1877 = CARTESIAN_POINT ( 'NONE',  ( 139.5685234086567448, 17.63645116936313073, 19.00000000000000000 ) ) ;
#1878 = DIRECTION ( 'NONE',  ( -1.000000000000000000, 0.000000000000000000, 0.000000000000000000 ) ) ;
#1879 = CIRCLE ( 'NONE', #2707, 2.999999999999975131 ) ;
#1880 = EDGE_LOOP ( 'NONE', ( #4330, #617 ) ) ;
#1881 = CIRCLE ( 'NONE', #2385, 2.000000000000001776 ) ;
#1882 = CARTESIAN_POINT ( 'NONE',  ( 105.6534001081864176, 51.54370749419727815, 5.000000000000000000 ) ) ;
#1883 = VECTOR ( 'NONE', #5055, 1000.000000000000000 ) ;
#1884 = EDGE_LOOP ( 'NONE', ( #4111, #124, #3969, #3465 ) ) ;
#1885 = CARTESIAN_POINT ( 'NONE',  ( 172.5000000000000284, 24.49999999999999645, 0.000000000000000000 ) ) ;
#1886 = DIRECTION ( 'NONE',  ( -0.000000000000000000, -0.000000000000000000, -1.000000000000000000 ) ) ;
#1887 = DIRECTION ( 'NONE',  ( -0.000000000000000000, -0.000000000000000000, -1.000000000000000000 ) ) ;
#1888 = AXIS2_PLACEMENT_3D ( 'NONE', #43, #4811, #1631 ) ;
#1889 = DIRECTION ( 'NONE',  ( -0.000000000000000000, -0.000000000000000000, -1.000000000000000000 ) ) ;
#1890 = VERTEX_POINT ( 'NONE', #3644 ) ;
#1891 = LINE ( 'NONE', #2201, #2038 ) ;
#1892 = PLANE ( 'NONE',  #59 ) ;
#1893 = CARTESIAN_POINT ( 'NONE',  ( 199.9999999999999716, 1.408853792028728513, 18.17157287525381193 ) ) ;
#1894 = ORIENTED_EDGE ( 'NONE', *, *, #1858, .F. ) ;
#1895 = EDGE_LOOP ( 'NONE', ( #1400, #5094, #1481, #1922, #2059, #619, #337, #584, #3686, #1403, #433, #3004, #1705, #2488, #1300, #2907 ) ) ;
#1896 = CARTESIAN_POINT ( 'NONE',  ( 143.5000000000000284, 25.49999999999999645, 0.000000000000000000 ) ) ;
#1897 = FACE_OUTER_BOUND ( 'NONE', #1476, .T. ) ;
#1898 = ORIENTED_EDGE ( 'NONE', *, *, #884, .T. ) ;
#1899 = EDGE_CURVE ( 'NONE', #3922, #2810, #4286, .T. ) ;
#1900 = LINE ( 'NONE', #1537, #1384 ) ;
#1901 = ORIENTED_EDGE ( 'NONE', *, *, #3775, .T. ) ;
#1902 = EDGE_CURVE ( 'NONE', #330, #3493, #2847, .T. ) ;
#1903 = EDGE_CURVE ( 'NONE', #2268, #3273, #395, .T. ) ;
#1904 = ADVANCED_FACE ( 'NONE', ( #118 ), #2505, .F. ) ;
#1905 = CARTESIAN_POINT ( 'NONE',  ( 150.0000000000000000, -14.99999999999999822, 9.000000000000001776 ) ) ;
#1906 = DIRECTION ( 'NONE',  ( -1.000000000000000000, 0.000000000000000000, 0.000000000000000000 ) ) ;
#1907 = EDGE_LOOP ( 'NONE', ( #4660, #2524, #2399, #4024 ) ) ;
#1908 = CIRCLE ( 'NONE', #3144, 2.000000000000000000 ) ;
#1909 = DIRECTION ( 'NONE',  ( -0.000000000000000000, -0.000000000000000000, -1.000000000000000000 ) ) ;
#1910 = ORIENTED_EDGE ( 'NONE', *, *, #132, .F. ) ;
#1911 = FACE_OUTER_BOUND ( 'NONE', #1835, .T. ) ;
#1912 = DIRECTION ( 'NONE',  ( -0.000000000000000000, 1.000000000000000000, -0.000000000000000000 ) ) ;
#1913 = CARTESIAN_POINT ( 'NONE',  ( 199.3442599178371495, -0.5952495871755849599, 3.769480814282299974 ) ) ;
#1914 = ORIENTED_EDGE ( 'NONE', *, *, #4135, .T. ) ;
#1915 = VERTEX_POINT ( 'NONE', #4091 ) ;
#1916 = DIRECTION ( 'NONE',  ( 1.000000000000000000, 0.000000000000000000, 0.000000000000000000 ) ) ;
#1917 = EDGE_LOOP ( 'NONE', ( #4548, #4936, #40, #1550, #2519 ) ) ;
#1918 = CARTESIAN_POINT ( 'NONE',  ( 157.1989813451135660, 10.14897587572937532, 19.00000000000000355 ) ) ;
#1919 = CARTESIAN_POINT ( 'NONE',  ( 64.13141842876197529, 14.99999999999996092, 0.000000000000000000 ) ) ;
#1920 = CARTESIAN_POINT ( 'NONE',  ( 144.1779830026401044, 11.60327408623283674, 5.022841786857522806 ) ) ;
#1921 = EDGE_LOOP ( 'NONE', ( #877, #1252, #25 ) ) ;
#1922 = ORIENTED_EDGE ( 'NONE', *, *, #4436, .T. ) ;
#1923 = DIRECTION ( 'NONE',  ( 1.000000000000000000, 0.000000000000000000, 0.000000000000000000 ) ) ;
#1924 = CARTESIAN_POINT ( 'NONE',  ( 200.0000000000000000, 0.8856168056149429368, 3.769480814282298642 ) ) ;
#1925 = ORIENTED_EDGE ( 'NONE', *, *, #2896, .F. ) ;
#1926 = AXIS2_PLACEMENT_3D ( 'NONE', #1632, #4869, #4892 ) ;
#1927 = DIRECTION ( 'NONE',  ( -0.4461978131097990574, -0.8949343616020299930, 0.000000000000000000 ) ) ;
#1928 = ORIENTED_EDGE ( 'NONE', *, *, #734, .F. ) ;
#1929 = AXIS2_PLACEMENT_3D ( 'NONE', #3510, #4303, #2687 ) ;
#1930 = CARTESIAN_POINT ( 'NONE',  ( 141.0000000000000000, 49.99999999999987210, 0.000000000000000000 ) ) ;
#1931 = DIRECTION ( 'NONE',  ( 0.000000000000000000, 0.000000000000000000, 1.000000000000000000 ) ) ;
#1932 = EDGE_CURVE ( 'NONE', #1629, #2848, #4010, .T. ) ;
#1933 = LINE ( 'NONE', #3507, #4008 ) ;
#1934 = CARTESIAN_POINT ( 'NONE',  ( 95.65340010818641758, 37.54370749419727815, 5.000000000000000000 ) ) ;
#1935 = DIRECTION ( 'NONE',  ( 0.000000000000000000, 1.000000000000000000, 6.938893903907227589E-15 ) ) ;
#1936 = VECTOR ( 'NONE', #532, 1000.000000000000000 ) ;
#1937 = EDGE_CURVE ( 'NONE', #5074, #2209, #4123, .T. ) ;
#1938 = CARTESIAN_POINT ( 'NONE',  ( 198.0000000000000000, 57.99999999999999289, 17.00000000000000000 ) ) ;
#1939 = VERTEX_POINT ( 'NONE', #3308 ) ;
#1940 = DIRECTION ( 'NONE',  ( 0.000000000000000000, 0.000000000000000000, 1.000000000000000000 ) ) ;
#1941 = CARTESIAN_POINT ( 'NONE',  ( 103.1801948466054739, -2.390071322647100433E-16, 0.000000000000000000 ) ) ;
#1942 = VECTOR ( 'NONE', #5133, 1000.000000000000000 ) ;
#1943 = LINE ( 'NONE', #3108, #3489 ) ;
#1944 = ORIENTED_EDGE ( 'NONE', *, *, #4001, .T. ) ;
#1945 = ORIENTED_EDGE ( 'NONE', *, *, #3336, .T. ) ;
#1946 = VECTOR ( 'NONE', #2331, 1000.000000000000000 ) ;
#1947 = CYLINDRICAL_SURFACE ( 'NONE', #4989, 2.999999999999975131 ) ;
#1948 = LINE ( 'NONE', #369, #2789 ) ;
#1949 = ORIENTED_EDGE ( 'NONE', *, *, #1937, .T. ) ;
#1950 = CIRCLE ( 'NONE', #4761, 1.999999999999998668 ) ;
#1951 = LINE ( 'NONE', #5000, #2301 ) ;
#1952 = VECTOR ( 'NONE', #3464, 999.9999999999998863 ) ;
#1953 = DIRECTION ( 'NONE',  ( 1.000000000000000000, 0.000000000000000000, 0.000000000000000000 ) ) ;
#1954 = EDGE_LOOP ( 'NONE', ( #3369, #220 ) ) ;
#1955 = DIRECTION ( 'NONE',  ( 1.000000000000000000, 0.000000000000000000, 0.000000000000000000 ) ) ;
#1956 = VECTOR ( 'NONE', #4541, 1000.000000000000000 ) ;
#1957 = CARTESIAN_POINT ( 'NONE',  ( 172.5000000000000284, 25.50000000000000000, 0.000000000000000000 ) ) ;
#1958 = CARTESIAN_POINT ( 'NONE',  ( 136.7944365486292497, 10.14897587572937887, 0.000000000000000000 ) ) ;
#1959 = FACE_OUTER_BOUND ( 'NONE', #1381, .T. ) ;
#1960 = CIRCLE ( 'NONE', #4856, 2.000000000000001776 ) ;
#1961 = FACE_OUTER_BOUND ( 'NONE', #4873, .T. ) ;
#1962 = VERTEX_POINT ( 'NONE', #818 ) ;
#1963 = EDGE_CURVE ( 'NONE', #249, #2664, #457, .T. ) ;
#1964 = ORIENTED_EDGE ( 'NONE', *, *, #2033, .T. ) ;
#1965 = AXIS2_PLACEMENT_3D ( 'NONE', #4543, #4211, #986 ) ;
#1966 = CARTESIAN_POINT ( 'NONE',  ( 155.4952344579918417, 11.20360515963784742, 6.007700674842071820 ) ) ;
#1967 = ORIENTED_EDGE ( 'NONE', *, *, #3696, .T. ) ;
#1968 = CARTESIAN_POINT ( 'NONE',  ( 89.93287859985849764, 45.44673482831323241, 5.000000000000000000 ) ) ;
#1969 = CARTESIAN_POINT ( 'NONE',  ( 116.9811597360324384, 52.63286644264487535, 0.000000000000000000 ) ) ;
#1970 = EDGE_CURVE ( 'NONE', #3380, #3569, #3207, .T. ) ;
#1971 = CARTESIAN_POINT ( 'NONE',  ( 9.999999999999991118, 54.99999999999988631, 3.449999999999997513 ) ) ;
#1972 = EDGE_CURVE ( 'NONE', #3386, #4570, #429, .T. ) ;
#1973 = DIRECTION ( 'NONE',  ( 1.000000000000000000, 0.000000000000000000, 0.000000000000000000 ) ) ;
#1974 = CARTESIAN_POINT ( 'NONE',  ( 143.5000000000000284, 33.00000000000000000, 19.00000000000000000 ) ) ;
#1975 = EDGE_LOOP ( 'NONE', ( #1964, #1732, #3968, #3582 ) ) ;
#1976 = DIRECTION ( 'NONE',  ( 1.000000000000000000, 0.000000000000000000, 0.000000000000000000 ) ) ;
#1977 = EDGE_CURVE ( 'NONE', #4046, #3432, #2550, .T. ) ;
#1978 = EDGE_CURVE ( 'NONE', #3632, #3734, #3620, .T. ) ;
#1979 = CARTESIAN_POINT ( 'NONE',  ( 87.13287859985850048, 45.44673482831323241, 9.000000000000001776 ) ) ;
#1980 = ORIENTED_EDGE ( 'NONE', *, *, #2103, .F. ) ;
#1981 = DIRECTION ( 'NONE',  ( -6.938893903907221278E-15, 1.000000000000000000, 0.000000000000000000 ) ) ;
#1982 = ADVANCED_FACE ( 'NONE', ( #867 ), #2794, .F. ) ;
#1983 = AXIS2_PLACEMENT_3D ( 'NONE', #2405, #4832, #1594 ) ;
#1984 = LINE ( 'NONE', #1116, #1523 ) ;
#1985 = CARTESIAN_POINT ( 'NONE',  ( 95.65340010818641758, 51.54370749419727815, 0.000000000000000000 ) ) ;
#1986 = DIRECTION ( 'NONE',  ( 1.000000000000000000, 0.000000000000000000, 0.000000000000000000 ) ) ;
#1987 = FACE_BOUND ( 'NONE', #5024, .T. ) ;
#1988 = ORIENTED_EDGE ( 'NONE', *, *, #4320, .F. ) ;
#1989 = ORIENTED_EDGE ( 'NONE', *, *, #2824, .T. ) ;
#1990 = EDGE_CURVE ( 'NONE', #4071, #4866, #1674, .T. ) ;
#1991 = CARTESIAN_POINT ( 'NONE',  ( 62.58141842876197103, 14.99999999999996092, 5.000000000000000000 ) ) ;
#1992 = ORIENTED_EDGE ( 'NONE', *, *, #543, .F. ) ;
#1993 = CARTESIAN_POINT ( 'NONE',  ( 95.65340010818641758, 51.54370749419727815, 3.000000000000000000 ) ) ;
#1994 = CARTESIAN_POINT ( 'NONE',  ( 126.0506552921907826, 60.00000000000000000, 3.000000000000007994 ) ) ;
#1995 = DIRECTION ( 'NONE',  ( 1.000000000000000000, 0.000000000000000000, -0.000000000000000000 ) ) ;
#1996 = ADVANCED_FACE ( 'NONE', ( #2940 ), #557, .T. ) ;
#1997 = AXIS2_PLACEMENT_3D ( 'NONE', #3963, #4243, #3428 ) ;
#1998 = EDGE_CURVE ( 'NONE', #4625, #1018, #3443, .T. ) ;
#1999 = DIRECTION ( 'NONE',  ( 1.000000000000000000, 0.000000000000000000, 0.000000000000000000 ) ) ;
#2000 = LINE ( 'NONE', #3189, #1020 ) ;
#2001 = VERTEX_POINT ( 'NONE', #3394 ) ;
#2002 = DIRECTION ( 'NONE',  ( -1.000000000000000000, 5.782411586589351722E-16, -0.000000000000000000 ) ) ;
#2003 = ORIENTED_EDGE ( 'NONE', *, *, #1902, .F. ) ;
#2004 = CARTESIAN_POINT ( 'NONE',  ( 105.6534001081864176, 48.54370749419727815, 3.000000000000000000 ) ) ;
#2005 = DIRECTION ( 'NONE',  ( -0.000000000000000000, -0.000000000000000000, -1.000000000000000000 ) ) ;
#2006 = CIRCLE ( 'NONE', #760, 1.999999999999997780 ) ;
#2007 = DIRECTION ( 'NONE',  ( -0.000000000000000000, -0.000000000000000000, 1.000000000000000000 ) ) ;
#2008 = CARTESIAN_POINT ( 'NONE',  ( 188.3000000000000114, 10.00000000000000888, 5.000000000000000000 ) ) ;
#2009 = DIRECTION ( 'NONE',  ( -1.000000000000000000, 0.000000000000000000, 0.000000000000000000 ) ) ;
#2010 = PLANE ( 'NONE',  #802 ) ;
#2011 = VERTEX_POINT ( 'NONE', #3422 ) ;
#2012 = CARTESIAN_POINT ( 'NONE',  ( 141.9336281073461521, 12.14897587572938065, 6.876459658524041174 ) ) ;
#2013 = EDGE_LOOP ( 'NONE', ( #92, #2272 ) ) ;
#2014 = ORIENTED_EDGE ( 'NONE', *, *, #1486, .T. ) ;
#2015 = CARTESIAN_POINT ( 'NONE',  ( 68.19999999999993179, 50.00000000000007816, 3.449999999999999289 ) ) ;
#2016 = AXIS2_PLACEMENT_3D ( 'NONE', #4098, #1333, #3312 ) ;
#2017 = DIRECTION ( 'NONE',  ( -0.7071067811865475727, 0.000000000000000000, -0.7071067811865475727 ) ) ;
#2018 = DIRECTION ( 'NONE',  ( 1.000000000000000000, -0.000000000000000000, -0.000000000000000000 ) ) ;
#2019 = CIRCLE ( 'NONE', #4422, 10.00000000000000888 ) ;
#2020 = VERTEX_POINT ( 'NONE', #989 ) ;
#2021 = LINE ( 'NONE', #3553, #121 ) ;
#2022 = CIRCLE ( 'NONE', #1099, 1.000000000000000888 ) ;
#2023 = FACE_OUTER_BOUND ( 'NONE', #4666, .T. ) ;
#2024 = ORIENTED_EDGE ( 'NONE', *, *, #2216, .T. ) ;
#2025 = DIRECTION ( 'NONE',  ( -0.7071067811865473507, 8.659560562354931626E-17, 0.7071067811865477948 ) ) ;
#2026 = EDGE_CURVE ( 'NONE', #229, #5124, #215, .T. ) ;
#2027 = AXIS2_PLACEMENT_3D ( 'NONE', #2615, #2974, #1048 ) ;
#2028 = EDGE_CURVE ( 'NONE', #3814, #224, #2985, .T. ) ;
#2029 = PRODUCT ( 'RobotMount', 'RobotMount', '', ( #1304 ) ) ;
#2030 = EDGE_LOOP ( 'NONE', ( #2148, #2218, #3599, #589 ) ) ;
#2031 = AXIS2_PLACEMENT_3D ( 'NONE', #2560, #292, #4237 ) ;
#2032 = CARTESIAN_POINT ( 'NONE',  ( 2.000000000000000000, 2.000000000000000000, 5.000000000000000000 ) ) ;
#2033 = EDGE_CURVE ( 'NONE', #2511, #3060, #1847, .T. ) ;
#2034 = DIRECTION ( 'NONE',  ( -0.000000000000000000, -0.000000000000000000, 1.000000000000000000 ) ) ;
#2035 = VERTEX_POINT ( 'NONE', #1426 ) ;
#2036 = EDGE_CURVE ( 'NONE', #4820, #2649, #968, .T. ) ;
#2037 = CARTESIAN_POINT ( 'NONE',  ( 92.54865891784672272, 53.50114408273147859, 5.000000000000000000 ) ) ;
#2038 = VECTOR ( 'NONE', #3052, 1000.000000000000000 ) ;
#2039 = LINE ( 'NONE', #3617, #1365 ) ;
#2040 = DIRECTION ( 'NONE',  ( 0.000000000000000000, 0.000000000000000000, -1.000000000000000000 ) ) ;
#2041 = ORIENTED_EDGE ( 'NONE', *, *, #1867, .F. ) ;
#2042 = CARTESIAN_POINT ( 'NONE',  ( 88.53287859985850616, 45.44673482831323241, 5.000000000000000000 ) ) ;
#2043 = AXIS2_PLACEMENT_3D ( 'NONE', #2577, #258, #2164 ) ;
#2044 = ORIENTED_EDGE ( 'NONE', *, *, #2999, .F. ) ;
#2045 = CARTESIAN_POINT ( 'NONE',  ( 177.5000000000000284, 41.50000000000000711, 0.000000000000000000 ) ) ;
#2046 = CARTESIAN_POINT ( 'NONE',  ( 143.5000000000000284, 42.50000000000000711, 0.000000000000000000 ) ) ;
#2047 = CARTESIAN_POINT ( 'NONE',  ( 141.0000000000000000, 15.00000000000001243, 6.999999999999999112 ) ) ;
#2048 = ORIENTED_EDGE ( 'NONE', *, *, #849, .T. ) ;
#2049 = VECTOR ( 'NONE', #2005, 1000.000000000000000 ) ;
#2050 = DIRECTION ( 'NONE',  ( -1.000000000000000000, 0.000000000000000000, 0.000000000000000000 ) ) ;
#2051 = AXIS2_PLACEMENT_3D ( 'NONE', #4333, #2750, #771 ) ;
#2052 = DIRECTION ( 'NONE',  ( 0.000000000000000000, 0.000000000000000000, 1.000000000000000000 ) ) ;
#2053 = AXIS2_PLACEMENT_3D ( 'NONE', #2259, #4339, #4698 ) ;
#2054 = ORIENTED_EDGE ( 'NONE', *, *, #350, .T. ) ;
#2055 = DIRECTION ( 'NONE',  ( -1.000000000000000000, 0.000000000000000000, -0.000000000000000000 ) ) ;
#2056 = EDGE_LOOP ( 'NONE', ( #1428, #3103, #2041, #4896, #4587 ) ) ;
#2057 = CARTESIAN_POINT ( 'NONE',  ( 8.750000000000248690, 57.99999999999999289, 5.000000000000000000 ) ) ;
#2058 = EDGE_CURVE ( 'NONE', #143, #3892, #3120, .T. ) ;
#2059 = ORIENTED_EDGE ( 'NONE', *, *, #353, .T. ) ;
#2060 = VERTEX_POINT ( 'NONE', #2214 ) ;
#2061 = CARTESIAN_POINT ( 'NONE',  ( 157.1989813451135660, 10.14897587572937532, 19.00000000000000355 ) ) ;
#2062 = CARTESIAN_POINT ( 'NONE',  ( 8.299999999999991829, 54.99999999999988631, 3.449999999999997513 ) ) ;
#2063 = ADVANCED_FACE ( 'NONE', ( #3766 ), #2561, .F. ) ;
#2064 = CARTESIAN_POINT ( 'NONE',  ( 145.0502525316941558, -19.94974746830583001, 45.52691193458120722 ) ) ;
#2065 = ADVANCED_FACE ( 'NONE', ( #4189 ), #3328, .T. ) ;
#2066 = DIRECTION ( 'NONE',  ( -0.000000000000000000, -0.000000000000000000, -1.000000000000000000 ) ) ;
#2067 = DIRECTION ( 'NONE',  ( 0.000000000000000000, 0.000000000000000000, -1.000000000000000000 ) ) ;
#2068 = ORIENTED_EDGE ( 'NONE', *, *, #819, .F. ) ;
#2069 = VERTEX_POINT ( 'NONE', #2917 ) ;
#2070 = CARTESIAN_POINT ( 'NONE',  ( 142.7944365486292781, 12.14897587572938065, 5.842866544321914546 ) ) ;
#2071 = ORIENTED_EDGE ( 'NONE', *, *, #4213, .F. ) ;
#2072 = DIRECTION ( 'NONE',  ( -1.000000000000000000, -4.625929269271481969E-16, 0.000000000000000000 ) ) ;
#2073 = FACE_OUTER_BOUND ( 'NONE', #2491, .T. ) ;
#2074 = DIRECTION ( 'NONE',  ( -1.000000000000000000, 0.000000000000000000, 0.000000000000000000 ) ) ;
#2075 = ORIENTED_EDGE ( 'NONE', *, *, #3680, .F. ) ;
#2076 = PLANE ( 'NONE',  #859 ) ;
#2077 = LINE ( 'NONE', #4920, #4179 ) ;
#2078 = ORIENTED_EDGE ( 'NONE', *, *, #1445, .T. ) ;
#2079 = VERTEX_POINT ( 'NONE', #3743 ) ;
#2080 = CARTESIAN_POINT ( 'NONE',  ( 154.9497474683058442, -10.05025253169416644, 45.52691193458120722 ) ) ;
#2081 = ORIENTED_EDGE ( 'NONE', *, *, #3805, .T. ) ;
#2082 = LINE ( 'NONE', #1642, #5092 ) ;
#2083 = DIRECTION ( 'NONE',  ( -0.000000000000000000, -0.000000000000000000, -1.000000000000000000 ) ) ;
#2084 = VERTEX_POINT ( 'NONE', #2966 ) ;
#2085 = CARTESIAN_POINT ( 'NONE',  ( 9.999999999999996447, 9.999999999999985789, 5.000000000000000000 ) ) ;
#2086 = FACE_OUTER_BOUND ( 'NONE', #725, .T. ) ;
#2087 = CARTESIAN_POINT ( 'NONE',  ( 154.9497474683057874, -19.94974746830582291, 0.000000000000000000 ) ) ;
#2088 = ORIENTED_EDGE ( 'NONE', *, *, #1932, .T. ) ;
#2089 = VECTOR ( 'NONE', #1755, 1000.000000000000000 ) ;
#2090 = VERTEX_POINT ( 'NONE', #190 ) ;
#2091 = EDGE_CURVE ( 'NONE', #3556, #3358, #4906, .T. ) ;
#2092 = DIRECTION ( 'NONE',  ( -1.000000000000000000, 0.000000000000000000, 0.000000000000000000 ) ) ;
#2093 = VERTEX_POINT ( 'NONE', #562 ) ;
#2094 = CIRCLE ( 'NONE', #1170, 2.000000000000000000 ) ;
#2095 = DIRECTION ( 'NONE',  ( -0.4461978131098022771, -0.8949343616020283276, -0.000000000000000000 ) ) ;
#2096 = CARTESIAN_POINT ( 'NONE',  ( 122.1877580799168896, 51.98847034677248047, 6.000000000000000000 ) ) ;
#2097 = DIRECTION ( 'NONE',  ( -1.000000000000000000, 0.000000000000000000, -0.000000000000000000 ) ) ;
#2098 = ADVANCED_FACE ( 'NONE', ( #4934 ), #4547, .F. ) ;
#2099 = CARTESIAN_POINT ( 'NONE',  ( 9.999999999999991118, 54.99999999999988631, 0.000000000000000000 ) ) ;
#2100 = LINE ( 'NONE', #3339, #793 ) ;
#2101 = ORIENTED_EDGE ( 'NONE', *, *, #4792, .T. ) ;
#2102 = AXIS2_PLACEMENT_3D ( 'NONE', #1194, #4038, #3982 ) ;
#2103 = EDGE_CURVE ( 'NONE', #3849, #1598, #1879, .T. ) ;
#2104 = ORIENTED_EDGE ( 'NONE', *, *, #56, .T. ) ;
#2105 = CIRCLE ( 'NONE', #2770, 1.700000000000000178 ) ;
#2106 = CARTESIAN_POINT ( 'NONE',  ( 125.8027442487000513, 57.99999999999999289, 19.00000000000000000 ) ) ;
#2107 = VERTEX_POINT ( 'NONE', #4975 ) ;
#2108 = DIRECTION ( 'NONE',  ( 0.000000000000000000, 1.000000000000000000, -2.602085213965210642E-15 ) ) ;
#2109 = VECTOR ( 'NONE', #218, 1000.000000000000000 ) ;
#2110 = CARTESIAN_POINT ( 'NONE',  ( 145.0502525316941842, -10.05025253169416999, 45.52691193458120722 ) ) ;
#2111 = EDGE_LOOP ( 'NONE', ( #4567, #3791, #548, #2669 ) ) ;
#2112 = VECTOR ( 'NONE', #3375, 1000.000000000000114 ) ;
#2113 = CARTESIAN_POINT ( 'NONE',  ( 109.4368313391057939, 28.65522626370487913, 6.000000000000000000 ) ) ;
#2114 =( NAMED_UNIT ( * ) SI_UNIT ( $, .STERADIAN. ) SOLID_ANGLE_UNIT ( ) );
#2115 = DIRECTION ( 'NONE',  ( -0.000000000000000000, -0.000000000000000000, 1.000000000000000000 ) ) ;
#2116 = DIRECTION ( 'NONE',  ( -0.000000000000000000, 1.000000000000000000, 0.000000000000000000 ) ) ;
#2117 = AXIS2_PLACEMENT_3D ( 'NONE', #4954, #169, #3307 ) ;
#2118 = AXIS2_PLACEMENT_3D ( 'NONE', #845, #3651, #2463 ) ;
#2119 = DIRECTION ( 'NONE',  ( 0.7071067811865482389, 0.000000000000000000, 0.7071067811865469066 ) ) ;
#2120 = EDGE_LOOP ( 'NONE', ( #3896, #3658, #1497, #1967 ) ) ;
#2121 = DIRECTION ( 'NONE',  ( 0.000000000000000000, 0.000000000000000000, 1.000000000000000000 ) ) ;
#2122 = ADVANCED_FACE ( 'NONE', ( #4595 ), #959, .F. ) ;
#2123 = CARTESIAN_POINT ( 'NONE',  ( 66.49999999999992895, 50.00000000000007816, 3.449999999999999289 ) ) ;
#2124 = DIRECTION ( 'NONE',  ( 0.000000000000000000, 0.000000000000000000, 1.000000000000000000 ) ) ;
#2125 = CIRCLE ( 'NONE', #3950, 1.700000000000000178 ) ;
#2126 = PRODUCT_DEFINITION_CONTEXT ( 'detailed design', #4457, 'design' ) ;
#2127 = EDGE_CURVE ( 'NONE', #3244, #3888, #1546, .T. ) ;
#2128 = FACE_OUTER_BOUND ( 'NONE', #768, .T. ) ;
#2129 = ADVANCED_FACE ( 'NONE', ( #1113 ), #1510, .F. ) ;
#2130 = DIRECTION ( 'NONE',  ( 1.000000000000000000, 0.000000000000000000, 0.000000000000000000 ) ) ;
#2131 = EDGE_CURVE ( 'NONE', #1199, #3888, #3042, .T. ) ;
#2132 = ORIENTED_EDGE ( 'NONE', *, *, #3914, .T. ) ;
#2133 = EDGE_CURVE ( 'NONE', #3097, #3179, #2951, .T. ) ;
#2134 = AXIS2_PLACEMENT_3D ( 'NONE', #362, #692, #3551 ) ;
#2135 = CARTESIAN_POINT ( 'NONE',  ( 155.1989813451135660, 10.14897587572937532, 19.00000000000000355 ) ) ;
#2136 = AXIS2_PLACEMENT_3D ( 'NONE', #1004, #4589, #2574 ) ;
#2137 = EDGE_CURVE ( 'NONE', #3298, #1240, #4670, .T. ) ;
#2138 = VERTEX_POINT ( 'NONE', #3903 ) ;
#2139 = LINE ( 'NONE', #3322, #2282 ) ;
#2140 = AXIS2_PLACEMENT_3D ( 'NONE', #2514, #3313, #1312 ) ;
#2141 = APPLICATION_CONTEXT ( 'automotive_design' ) ;
#2142 = FACE_BOUND ( 'NONE', #3444, .T. ) ;
#2143 = CARTESIAN_POINT ( 'NONE',  ( 146.6502525316941217, -10.05025253169416999, 0.000000000000000000 ) ) ;
#2144 = FACE_OUTER_BOUND ( 'NONE', #2462, .T. ) ;
#2145 = DIRECTION ( 'NONE',  ( 1.000000000000000000, 0.000000000000000000, 0.000000000000000000 ) ) ;
#2146 = ORIENTED_EDGE ( 'NONE', *, *, #1350, .F. ) ;
#2147 = CARTESIAN_POINT ( 'NONE',  ( 142.7944365486292497, 12.14897587572938065, 19.00000000000000355 ) ) ;
#2148 = ORIENTED_EDGE ( 'NONE', *, *, #2727, .F. ) ;
#2149 = CARTESIAN_POINT ( 'NONE',  ( 0.000000000000000000, 2.000000000000000000, 0.000000000000000000 ) ) ;
#2150 = DIRECTION ( 'NONE',  ( 0.000000000000000000, 0.000000000000000000, -1.000000000000000000 ) ) ;
#2151 = DIRECTION ( 'NONE',  ( -0.000000000000000000, -0.000000000000000000, -1.000000000000000000 ) ) ;
#2152 = DIRECTION ( 'NONE',  ( 0.2494325089533556417, 0.9683921847460533749, -0.000000000000000000 ) ) ;
#2153 = DIRECTION ( 'NONE',  ( -0.000000000000000000, -0.000000000000000000, -1.000000000000000000 ) ) ;
#2154 = ORIENTED_EDGE ( 'NONE', *, *, #444, .F. ) ;
#2155 = ADVANCED_FACE ( 'NONE', ( #3088 ), #4200, .F. ) ;
#2156 = ORIENTED_EDGE ( 'NONE', *, *, #2517, .T. ) ;
#2157 = EDGE_CURVE ( 'NONE', #4413, #4080, #4238, .T. ) ;
#2158 = CARTESIAN_POINT ( 'NONE',  ( 86.43574887824243547, 41.24054332878370843, 6.000000000000000000 ) ) ;
#2159 = EDGE_LOOP ( 'NONE', ( #3756, #3471, #2643, #4357 ) ) ;
#2160 = CYLINDRICAL_SURFACE ( 'NONE', #4130, 2.999999999999975131 ) ;
#2161 = ORIENTED_EDGE ( 'NONE', *, *, #1978, .F. ) ;
#2162 = EDGE_CURVE ( 'NONE', #2796, #2670, #3531, .T. ) ;
#2163 = DIRECTION ( 'NONE',  ( 0.000000000000000000, 1.000000000000000000, 0.000000000000000000 ) ) ;
#2164 = DIRECTION ( 'NONE',  ( -1.000000000000000000, 0.000000000000000000, 0.000000000000000000 ) ) ;
#2165 = EDGE_CURVE ( 'NONE', #3911, #3397, #1960, .T. ) ;
#2166 = EDGE_LOOP ( 'NONE', ( #1023, #1002, #5023, #1432 ) ) ;
#2167 = EDGE_CURVE ( 'NONE', #4612, #3556, #4604, .T. ) ;
#2168 = LINE ( 'NONE', #1040, #944 ) ;
#2169 = ORIENTED_EDGE ( 'NONE', *, *, #536, .T. ) ;
#2170 = DIRECTION ( 'NONE',  ( -0.7071067811865489050, -0.7071067811865461294, 0.000000000000000000 ) ) ;
#2171 = LINE ( 'NONE', #4574, #1640 ) ;
#2172 = CIRCLE ( 'NONE', #4900, 1.599999999999934808 ) ;
#2173 = DIRECTION ( 'NONE',  ( -0.000000000000000000, -0.000000000000000000, 1.000000000000000000 ) ) ;
#2174 = AXIS2_PLACEMENT_3D ( 'NONE', #1854, #4962, #3778 ) ;
#2175 = CARTESIAN_POINT ( 'NONE',  ( 166.0000000000000284, 33.00000000000000711, 19.00000000000000000 ) ) ;
#2176 = SURFACE_STYLE_USAGE ( .BOTH. , #4965 ) ;
#2177 = CARTESIAN_POINT ( 'NONE',  ( 198.0000000000000000, 60.00000000000000000, 0.000000000000000000 ) ) ;
#2178 = ORIENTED_EDGE ( 'NONE', *, *, #4644, .F. ) ;
#2179 = DIRECTION ( 'NONE',  ( 0.000000000000000000, 0.000000000000000000, -1.000000000000000000 ) ) ;
#2180 = ADVANCED_FACE ( 'NONE', ( #322 ), #3879, .F. ) ;
#2181 = ORIENTED_EDGE ( 'NONE', *, *, #4792, .F. ) ;
#2182 = ADVANCED_FACE ( 'NONE', ( #3563 ), #3929, .T. ) ;
#2183 = VECTOR ( 'NONE', #993, 1000.000000000000000 ) ;
#2184 = DIRECTION ( 'NONE',  ( -0.000000000000000000, -0.000000000000000000, -1.000000000000000000 ) ) ;
#2185 = ORIENTED_EDGE ( 'NONE', *, *, #974, .F. ) ;
#2186 = CIRCLE ( 'NONE', #2679, 7.500000000000007105 ) ;
#2187 = AXIS2_PLACEMENT_3D ( 'NONE', #2415, #2700, #396 ) ;
#2188 = EDGE_CURVE ( 'NONE', #3432, #4046, #3536, .T. ) ;
#2189 = ADVANCED_FACE ( 'NONE', ( #2680 ), #2265, .F. ) ;
#2190 = DIRECTION ( 'NONE',  ( 1.000000000000000000, 0.000000000000000000, 0.000000000000000000 ) ) ;
#2191 = DIRECTION ( 'NONE',  ( 0.000000000000000000, 0.000000000000000000, 1.000000000000000000 ) ) ;
#2192 = ORIENTED_EDGE ( 'NONE', *, *, #1419, .F. ) ;
#2193 = AXIS2_PLACEMENT_3D ( 'NONE', #3131, #1889, #5042 ) ;
#2194 = CARTESIAN_POINT ( 'NONE',  ( 198.0000000000000000, 60.00000000000000000, 17.00000000000000000 ) ) ;
#2195 = ORIENTED_EDGE ( 'NONE', *, *, #4743, .T. ) ;
#2196 = CARTESIAN_POINT ( 'NONE',  ( 163.1989813451135660, 8.148975875729380647, 5.131041095075139502 ) ) ;
#2197 = DIRECTION ( 'NONE',  ( -1.000000000000000000, 0.000000000000000000, 0.000000000000000000 ) ) ;
#2198 = AXIS2_PLACEMENT_3D ( 'NONE', #4369, #4824, #4799 ) ;
#2199 = DIRECTION ( 'NONE',  ( 1.000000000000000000, 0.000000000000000000, 0.000000000000000000 ) ) ;
#2200 = CIRCLE ( 'NONE', #1538, 1.699999999999993072 ) ;
#2201 = CARTESIAN_POINT ( 'NONE',  ( 177.5000000000000284, 41.50000000000000711, 0.000000000000000000 ) ) ;
#2202 = AXIS2_PLACEMENT_3D ( 'NONE', #3365, #4606, #615 ) ;
#2203 = EDGE_LOOP ( 'NONE', ( #4998, #4635, #2941, #1575, #4042 ) ) ;
#2204 = AXIS2_PLACEMENT_3D ( 'NONE', #1567, #1108, #4262 ) ;
#2205 = LINE ( 'NONE', #3082, #1430 ) ;
#2206 = AXIS2_PLACEMENT_3D ( 'NONE', #5006, #1819, #2191 ) ;
#2207 = EDGE_LOOP ( 'NONE', ( #4877, #2388, #4012, #4581 ) ) ;
#2208 = DIRECTION ( 'NONE',  ( -0.000000000000000000, -0.000000000000000000, 1.000000000000000000 ) ) ;
#2209 = VERTEX_POINT ( 'NONE', #3848 ) ;
#2210 = VECTOR ( 'NONE', #1623, 1000.000000000000000 ) ;
#2211 = EDGE_CURVE ( 'NONE', #3219, #4343, #219, .T. ) ;
#2212 = AXIS2_PLACEMENT_3D ( 'NONE', #926, #1656, #154 ) ;
#2213 = CYLINDRICAL_SURFACE ( 'NONE', #3850, 1.000000000000000888 ) ;
#2214 = CARTESIAN_POINT ( 'NONE',  ( 11.24999999999973355, 57.99999999999999289, 5.000000000000000000 ) ) ;
#2215 = ORIENTED_EDGE ( 'NONE', *, *, #4910, .T. ) ;
#2216 = EDGE_CURVE ( 'NONE', #2744, #143, #293, .T. ) ;
#2217 = DIRECTION ( 'NONE',  ( -1.000000000000000000, 5.782411586589351722E-16, 0.000000000000000000 ) ) ;
#2218 = ORIENTED_EDGE ( 'NONE', *, *, #3130, .T. ) ;
#2219 = DIRECTION ( 'NONE',  ( 1.000000000000000000, 0.000000000000000000, 0.000000000000000000 ) ) ;
#2220 = CARTESIAN_POINT ( 'NONE',  ( 142.7944365486292497, 8.148975875729377094, 5.000000000000000888 ) ) ;
#2221 = DIRECTION ( 'NONE',  ( -1.000000000000000000, 0.000000000000000000, 0.000000000000000000 ) ) ;
#2222 = ORIENTED_EDGE ( 'NONE', *, *, #5002, .T. ) ;
#2223 = CYLINDRICAL_SURFACE ( 'NONE', #4264, 2.000000000000000000 ) ;
#2224 = DIRECTION ( 'NONE',  ( 1.000000000000000000, 0.000000000000000000, 0.000000000000000000 ) ) ;
#2225 = DIRECTION ( 'NONE',  ( -0.000000000000000000, -0.000000000000000000, 1.000000000000000000 ) ) ;
#2226 = CARTESIAN_POINT ( 'NONE',  ( 105.6534001081864176, 39.54370749419727815, 3.000000000000000000 ) ) ;
#2227 = VERTEX_POINT ( 'NONE', #3534 ) ;
#2228 = ORIENTED_EDGE ( 'NONE', *, *, #269, .F. ) ;
#2229 = ORIENTED_EDGE ( 'NONE', *, *, #3447, .T. ) ;
#2230 = CARTESIAN_POINT ( 'NONE',  ( 146.6502525316941217, -10.05025253169416999, 45.52691193458120722 ) ) ;
#2231 = LINE ( 'NONE', #3030, #3172 ) ;
#2232 = ORIENTED_EDGE ( 'NONE', *, *, #698, .T. ) ;
#2233 = LINE ( 'NONE', #3445, #1374 ) ;
#2234 = EDGE_LOOP ( 'NONE', ( #4517, #348, #4756, #2146 ) ) ;
#2235 = CARTESIAN_POINT ( 'NONE',  ( 125.8027442487000513, 59.17157287525380127, 19.00000000000000000 ) ) ;
#2236 = CARTESIAN_POINT ( 'NONE',  ( 9.999999999999978684, 32.49999999999990052, 3.449999999999996181 ) ) ;
#2237 = ORIENTED_EDGE ( 'NONE', *, *, #3336, .F. ) ;
#2238 = EDGE_CURVE ( 'NONE', #3250, #5075, #5022, .T. ) ;
#2239 = DIRECTION ( 'NONE',  ( -1.000000000000000000, -2.312964634635740985E-16, 0.000000000000000000 ) ) ;
#2240 = EDGE_LOOP ( 'NONE', ( #3155, #4416, #4255, #297 ) ) ;
#2241 = CARTESIAN_POINT ( 'NONE',  ( 155.1989813451135660, 10.14897587572937354, 5.109729448968672649 ) ) ;
#2242 = CYLINDRICAL_SURFACE ( 'NONE', #402, 1.700000000000007061 ) ;
#2243 = CARTESIAN_POINT ( 'NONE',  ( 95.65340010818641758, 40.54370749419727815, 2.000000000000001776 ) ) ;
#2244 = EDGE_CURVE ( 'NONE', #749, #3309, #3476, .T. ) ;
#2245 = DIRECTION ( 'NONE',  ( 0.000000000000000000, 0.000000000000000000, -1.000000000000000000 ) ) ;
#2246 = FACE_OUTER_BOUND ( 'NONE', #1086, .T. ) ;
#2247 = EDGE_CURVE ( 'NONE', #4097, #3097, #3584, .T. ) ;
#2248 = ORIENTED_EDGE ( 'NONE', *, *, #3714, .F. ) ;
#2249 = EDGE_CURVE ( 'NONE', #2848, #4080, #2800, .T. ) ;
#2250 = CARTESIAN_POINT ( 'NONE',  ( 142.7944365486292497, 12.14897587572938065, 0.000000000000000000 ) ) ;
#2251 = ORIENTED_EDGE ( 'NONE', *, *, #287, .F. ) ;
#2252 = EDGE_LOOP ( 'NONE', ( #2554, #2237, #3608, #1652 ) ) ;
#2253 = EDGE_CURVE ( 'NONE', #733, #4097, #2467, .T. ) ;
#2255 = ADVANCED_FACE ( 'NONE', ( #425 ), #4419, .F. ) ;
#2254 = AXIS2_PLACEMENT_3D ( 'NONE', #4019, #3235, #875 ) ;
#2256 = CARTESIAN_POINT ( 'NONE',  ( 92.54865891784672272, 53.50114408273147859, 9.000000000000001776 ) ) ;
#2257 = LINE ( 'NONE', #1839, #1691 ) ;
#2258 = VERTEX_POINT ( 'NONE', #2499 ) ;
#2259 = CARTESIAN_POINT ( 'NONE',  ( 143.5000000000000284, 33.00000000000000000, 0.000000000000000000 ) ) ;
#2260 = ORIENTED_EDGE ( 'NONE', *, *, #1963, .F. ) ;
#2261 = EDGE_CURVE ( 'NONE', #701, #4425, #111, .T. ) ;
#2262 = CIRCLE ( 'NONE', #4827, 2.000000000000001776 ) ;
#2263 = DIRECTION ( 'NONE',  ( -1.000000000000000000, 0.000000000000000000, 0.000000000000000000 ) ) ;
#2264 = AXIS2_PLACEMENT_3D ( 'NONE', #1957, #3961, #3148 ) ;
#2265 = CYLINDRICAL_SURFACE ( 'NONE', #1463, 2.000000000000002665 ) ;
#2266 = EDGE_LOOP ( 'NONE', ( #4311, #2994 ) ) ;
#2267 = CARTESIAN_POINT ( 'NONE',  ( 143.5000000000000284, 33.00000000000000000, 2.000000000000001776 ) ) ;
#2268 = VERTEX_POINT ( 'NONE', #1219 ) ;
#2269 = CYLINDRICAL_SURFACE ( 'NONE', #3170, 7.500000000000007105 ) ;
#2270 = CARTESIAN_POINT ( 'NONE',  ( 68.19999999999993179, 50.00000000000007816, 5.000000000000000000 ) ) ;
#2271 = CIRCLE ( 'NONE', #3271, 1.399999999999998579 ) ;
#2272 = ORIENTED_EDGE ( 'NONE', *, *, #261, .T. ) ;
#2273 = EDGE_CURVE ( 'NONE', #1269, #1766, #4371, .T. ) ;
#2274 = FACE_OUTER_BOUND ( 'NONE', #1589, .T. ) ;
#2275 = CIRCLE ( 'NONE', #130, 1.700000000000007061 ) ;
#2276 = ORIENTED_EDGE ( 'NONE', *, *, #1699, .T. ) ;
#2277 = FILL_AREA_STYLE_COLOUR ( '', #291 ) ;
#2278 = CYLINDRICAL_SURFACE ( 'NONE', #1461, 1.699999999999998401 ) ;
#2279 = DIRECTION ( 'NONE',  ( -0.9683921847460533749, 0.2494325089533556417, -0.000000000000000000 ) ) ;
#2280 = ORIENTED_EDGE ( 'NONE', *, *, #2662, .F. ) ;
#2281 = ORIENTED_EDGE ( 'NONE', *, *, #66, .F. ) ;
#2282 = VECTOR ( 'NONE', #3837, 1000.000000000000000 ) ;
#2283 = EDGE_CURVE ( 'NONE', #5069, #4164, #2867, .T. ) ;
#2284 = EDGE_CURVE ( 'NONE', #4791, #1791, #3959, .T. ) ;
#2285 = EDGE_CURVE ( 'NONE', #5069, #3590, #4453, .T. ) ;
#2286 = CARTESIAN_POINT ( 'NONE',  ( 66.49999999999992895, 50.00000000000007816, 5.000000000000000000 ) ) ;
#2287 =( GEOMETRIC_REPRESENTATION_CONTEXT ( 3 ) GLOBAL_UNCERTAINTY_ASSIGNED_CONTEXT ( ( #4051 ) ) GLOBAL_UNIT_ASSIGNED_CONTEXT ( ( #4173, #1861, #665 ) ) REPRESENTATION_CONTEXT ( 'NONE', 'WORKASPACE' ) );
#2288 = CARTESIAN_POINT ( 'NONE',  ( 200.0000000000000000, -0.1531838996950646570, 6.129712991333133409 ) ) ;
#2289 = VERTEX_POINT ( 'NONE', #1191 ) ;
#2290 = CIRCLE ( 'NONE', #2204, 1.699999999999993072 ) ;
#2291 = CARTESIAN_POINT ( 'NONE',  ( 141.0000000000000000, 49.99999999999987210, 19.00000000000000000 ) ) ;
#2292 = ORIENTED_EDGE ( 'NONE', *, *, #4411, .F. ) ;
#2293 = ADVANCED_FACE ( 'NONE', ( #2451 ), #3276, .F. ) ;
#2294 = VECTOR ( 'NONE', #2116, 1000.000000000000000 ) ;
#2295 = ADVANCED_FACE ( 'NONE', ( #4061 ), #1302, .F. ) ;
#2296 = DIRECTION ( 'NONE',  ( 0.000000000000000000, 0.000000000000000000, -1.000000000000000000 ) ) ;
#2297 = CARTESIAN_POINT ( 'NONE',  ( 0.000000000000000000, 51.54370749419727815, 5.000000000000000000 ) ) ;
#2298 = VERTEX_POINT ( 'NONE', #2892 ) ;
#2299 = VECTOR ( 'NONE', #980, 1000.000000000000000 ) ;
#2300 = DIRECTION ( 'NONE',  ( 0.000000000000000000, 0.000000000000000000, 1.000000000000000000 ) ) ;
#2301 = VECTOR ( 'NONE', #3818, 1000.000000000000000 ) ;
#2302 = EDGE_LOOP ( 'NONE', ( #1062, #580, #3603, #4443 ) ) ;
#2303 = ORIENTED_EDGE ( 'NONE', *, *, #1401, .T. ) ;
#2304 = CARTESIAN_POINT ( 'NONE',  ( 169.5000000000000000, -14.99999999999999645, 5.000000000000000000 ) ) ;
#2305 = FACE_OUTER_BOUND ( 'NONE', #4818, .T. ) ;
#2306 = CARTESIAN_POINT ( 'NONE',  ( 105.6534001081864176, 40.54370749419727815, 3.000000000000000000 ) ) ;
#2307 = VERTEX_POINT ( 'NONE', #836 ) ;
#2308 = AXIS2_PLACEMENT_3D ( 'NONE', #1802, #1434, #2947 ) ;
#2309 = DIRECTION ( 'NONE',  ( -0.000000000000000000, -0.000000000000000000, -1.000000000000000000 ) ) ;
#2310 = VERTEX_POINT ( 'NONE', #2788 ) ;
#2311 = CARTESIAN_POINT ( 'NONE',  ( 139.3349292601698153, 12.14897587572938065, 5.924500788773226390 ) ) ;
#2312 = DIRECTION ( 'NONE',  ( -0.000000000000000000, -0.000000000000000000, 1.000000000000000000 ) ) ;
#2313 = CARTESIAN_POINT ( 'NONE',  ( 157.1989813451135660, 10.14897587572937532, 0.000000000000000000 ) ) ;
#2314 = ORIENTED_EDGE ( 'NONE', *, *, #4341, .F. ) ;
#2315 = VERTEX_POINT ( 'NONE', #2062 ) ;
#2316 = LINE ( 'NONE', #50, #4748 ) ;
#2317 = DIRECTION ( 'NONE',  ( -0.000000000000000000, -0.000000000000000000, 1.000000000000000000 ) ) ;
#2318 = ORIENTED_EDGE ( 'NONE', *, *, #2127, .T. ) ;
#2319 = DIRECTION ( 'NONE',  ( 0.8949343616020299930, -0.4461978131097990574, 0.000000000000000000 ) ) ;
#2320 = ORIENTED_EDGE ( 'NONE', *, *, #3696, .F. ) ;
#2321 = EDGE_CURVE ( 'NONE', #3918, #1890, #149, .T. ) ;
#2322 = LINE ( 'NONE', #2735, #3274 ) ;
#2323 = ADVANCED_FACE ( 'NONE', ( #3981 ), #4776, .T. ) ;
#2324 = DIRECTION ( 'NONE',  ( -0.000000000000000000, -0.000000000000000000, 1.000000000000000000 ) ) ;
#2325 = ORIENTED_EDGE ( 'NONE', *, *, #2943, .F. ) ;
#2326 = CARTESIAN_POINT ( 'NONE',  ( 105.1801948466054881, 0.8284271247461798549, 3.000000000000000000 ) ) ;
#2327 = DIRECTION ( 'NONE',  ( 0.000000000000000000, -0.7071067811865474617, 0.7071067811865474617 ) ) ;
#2328 = DIRECTION ( 'NONE',  ( 0.000000000000000000, -6.938893903907228378E-15, 1.000000000000000000 ) ) ;
#2329 = DIRECTION ( 'NONE',  ( 1.000000000000000000, -0.000000000000000000, 0.000000000000000000 ) ) ;
#2330 = ORIENTED_EDGE ( 'NONE', *, *, #1192, .F. ) ;
#2331 = DIRECTION ( 'NONE',  ( -1.000000000000000000, -0.000000000000000000, -0.000000000000000000 ) ) ;
#2332 = ORIENTED_EDGE ( 'NONE', *, *, #794, .F. ) ;
#2333 = DIRECTION ( 'NONE',  ( -0.9456450503479990610, -0.3252006130872611145, 0.000000000000000000 ) ) ;
#2334 = CARTESIAN_POINT ( 'NONE',  ( 166.0000000000000284, 33.00000000000000711, 2.000000000000001776 ) ) ;
#2335 = CARTESIAN_POINT ( 'NONE',  ( 108.6534001081864176, 0.000000000000000000, 5.000000000000000000 ) ) ;
#2336 = ORIENTED_EDGE ( 'NONE', *, *, #386, .F. ) ;
#2337 = ORIENTED_EDGE ( 'NONE', *, *, #616, .T. ) ;
#2338 = DIRECTION ( 'NONE',  ( 1.000000000000000000, 0.000000000000000000, 0.000000000000000000 ) ) ;
#2339 = DIRECTION ( 'NONE',  ( -0.000000000000000000, -0.000000000000000000, -1.000000000000000000 ) ) ;
#2340 = ORIENTED_EDGE ( 'NONE', *, *, #4893, .F. ) ;
#2341 = AXIS2_PLACEMENT_3D ( 'NONE', #1287, #129, #467 ) ;
#2342 = CARTESIAN_POINT ( 'NONE',  ( 188.3000000000000114, 10.00000000000000888, 19.00000000000000000 ) ) ;
#2343 = AXIS2_PLACEMENT_3D ( 'NONE', #2306, #384, #2353 ) ;
#2344 = EDGE_CURVE ( 'NONE', #4413, #4732, #4205, .T. ) ;
#2345 = FACE_OUTER_BOUND ( 'NONE', #4401, .T. ) ;
#2346 = CARTESIAN_POINT ( 'NONE',  ( 116.9811597360324384, 52.63286644264487535, 9.000000000000001776 ) ) ;
#2347 = EDGE_LOOP ( 'NONE', ( #3137, #332 ) ) ;
#2348 = CARTESIAN_POINT ( 'NONE',  ( 115.5811597360324470, 52.63286644264487535, 5.000000000000000000 ) ) ;
#2349 = EDGE_CURVE ( 'NONE', #1776, #1915, #86, .T. ) ;
#2350 = FACE_BOUND ( 'NONE', #1082, .T. ) ;
#2351 = CARTESIAN_POINT ( 'NONE',  ( 65.83141842876197813, 14.99999999999996092, 5.000000000000000000 ) ) ;
#2352 = ADVANCED_FACE ( 'NONE', ( #1272 ), #4448, .F. ) ;
#2353 = DIRECTION ( 'NONE',  ( -1.000000000000000000, 0.000000000000000000, 0.000000000000000000 ) ) ;
#2354 = ORIENTED_EDGE ( 'NONE', *, *, #801, .T. ) ;
#2355 = ORIENTED_EDGE ( 'NONE', *, *, #3381, .F. ) ;
#2356 = CIRCLE ( 'NONE', #2765, 1.700000000000000178 ) ;
#2357 = FACE_OUTER_BOUND ( 'NONE', #1864, .T. ) ;
#2358 = ORIENTED_EDGE ( 'NONE', *, *, #3040, .T. ) ;
#2359 = DIRECTION ( 'NONE',  ( -0.000000000000000000, -0.000000000000000000, -1.000000000000000000 ) ) ;
#2360 = DIRECTION ( 'NONE',  ( 0.000000000000000000, 0.000000000000000000, -1.000000000000000000 ) ) ;
#2361 = CIRCLE ( 'NONE', #2187, 2.000000000000001776 ) ;
#2362 = CARTESIAN_POINT ( 'NONE',  ( 6.749999999999995559, 9.999999999999985789, 5.000000000000000000 ) ) ;
#2363 = VECTOR ( 'NONE', #3713, 1000.000000000000000 ) ;
#2364 = CARTESIAN_POINT ( 'NONE',  ( 122.1877580799168896, 51.98847034677248757, 5.000000000000000000 ) ) ;
#2365 = DIRECTION ( 'NONE',  ( -0.000000000000000000, -0.000000000000000000, -1.000000000000000000 ) ) ;
#2366 = EDGE_LOOP ( 'NONE', ( #271, #325, #3836, #820 ) ) ;
#2367 = AXIS2_PLACEMENT_3D ( 'NONE', #4974, #1425, #988 ) ;
#2368 = DIRECTION ( 'NONE',  ( 0.9891234371989137131, -0.08491826934208807076, 0.1200987656712219076 ) ) ;
#2369 = AXIS2_PLACEMENT_3D ( 'NONE', #159, #2052, #1339 ) ;
#2370 = AXIS2_PLACEMENT_3D ( 'NONE', #3241, #2494, #1759 ) ;
#2371 = DIRECTION ( 'NONE',  ( -1.000000000000000000, 0.000000000000000000, 0.000000000000000000 ) ) ;
#2372 = EDGE_LOOP ( 'NONE', ( #577, #4415, #4285, #3353 ) ) ;
#2373 = CARTESIAN_POINT ( 'NONE',  ( 154.9497474683058442, -10.05025253169416644, 9.000000000000001776 ) ) ;
#2374 = ADVANCED_FACE ( 'NONE', ( #961 ), #2962, .T. ) ;
#2375 = VECTOR ( 'NONE', #2002, 1000.000000000000000 ) ;
#2376 = EDGE_CURVE ( 'NONE', #573, #4236, #5110, .T. ) ;
#2377 = PLANE ( 'NONE',  #2778 ) ;
#2378 = FACE_BOUND ( 'NONE', #3014, .T. ) ;
#2379 = CARTESIAN_POINT ( 'NONE',  ( 13.24999999999999822, 9.999999999999985789, 5.000000000000000000 ) ) ;
#2380 = AXIS2_PLACEMENT_3D ( 'NONE', #1569, #2709, #3958 ) ;
#2381 = FACE_BOUND ( 'NONE', #574, .T. ) ;
#2382 = ORIENTED_EDGE ( 'NONE', *, *, #2668, .T. ) ;
#2383 = VERTEX_POINT ( 'NONE', #142 ) ;
#2384 = EDGE_CURVE ( 'NONE', #3849, #3089, #3760, .T. ) ;
#2385 = AXIS2_PLACEMENT_3D ( 'NONE', #1760, #4967, #3810 ) ;
#2386 = VECTOR ( 'NONE', #4826, 1000.000000000000114 ) ;
#2387 = CARTESIAN_POINT ( 'NONE',  ( 125.9114541480040543, 57.34959877382547688, 7.000000000000000888 ) ) ;
#2388 = ORIENTED_EDGE ( 'NONE', *, *, #2830, .T. ) ;
#2389 = CARTESIAN_POINT ( 'NONE',  ( 139.9478931377227298, 12.14897587572938065, 6.602276885752544011 ) ) ;
#2390 = AXIS2_PLACEMENT_3D ( 'NONE', #1334, #4170, #568 ) ;
#2391 = DIRECTION ( 'NONE',  ( -0.7071067811865462405, 0.7071067811865489050, -0.000000000000000000 ) ) ;
#2392 = LINE ( 'NONE', #5131, #434 ) ;
#2393 = EDGE_CURVE ( 'NONE', #3556, #4612, #3786, .T. ) ;
#2394 = EDGE_CURVE ( 'NONE', #2307, #1241, #561, .T. ) ;
#2395 = CARTESIAN_POINT ( 'NONE',  ( 172.5000000000000284, 24.49999999999999645, 19.00000000000000000 ) ) ;
#2396 = CARTESIAN_POINT ( 'NONE',  ( 92.65340010818641758, 48.54370749419727105, 0.000000000000000000 ) ) ;
#2397 = EDGE_LOOP ( 'NONE', ( #3977, #4809, #187, #796 ) ) ;
#2398 = DIRECTION ( 'NONE',  ( -0.000000000000000000, -0.000000000000000000, -1.000000000000000000 ) ) ;
#2399 = ORIENTED_EDGE ( 'NONE', *, *, #1977, .T. ) ;
#2400 = DIRECTION ( 'NONE',  ( 0.2494325089533593331, 0.9683921847460523757, 0.000000000000000000 ) ) ;
#2401 = CARTESIAN_POINT ( 'NONE',  ( 150.0000000000000000, -14.99999999999999822, 9.000000000000001776 ) ) ;
#2402 = DIRECTION ( 'NONE',  ( -0.000000000000000000, -1.000000000000000000, -0.000000000000000000 ) ) ;
#2403 = CYLINDRICAL_SURFACE ( 'NONE', #3260, 1.699999999999998401 ) ;
#2404 = PRODUCT_DEFINITION ( 'General', '', #1844, #2126 ) ;
#2405 = CARTESIAN_POINT ( 'NONE',  ( 65.83141842876197813, 14.99999999999996092, 5.000000000000000000 ) ) ;
#2406 = DIRECTION ( 'NONE',  ( -1.000000000000000000, 0.000000000000000000, 0.000000000000000000 ) ) ;
#2407 = VERTEX_POINT ( 'NONE', #4158 ) ;
#2408 = CARTESIAN_POINT ( 'NONE',  ( 124.9253501850886465, 60.00000000000000000, 6.213745581321662215 ) ) ;
#2409 = ORIENTED_EDGE ( 'NONE', *, *, #4348, .F. ) ;
#2410 = DIRECTION ( 'NONE',  ( 0.7071067811865474617, 4.906538933386793298E-15, -0.7071067811865474617 ) ) ;
#2411 = EDGE_CURVE ( 'NONE', #5124, #282, #2913, .T. ) ;
#2412 = PLANE ( 'NONE',  #1216 ) ;
#2413 = LINE ( 'NONE', #4310, #2919 ) ;
#2414 = EDGE_LOOP ( 'NONE', ( #1928, #4271 ) ) ;
#2415 = CARTESIAN_POINT ( 'NONE',  ( 198.0000000000000000, 0.8856168056149447132, 0.000000000000000000 ) ) ;
#2416 = ADVANCED_FACE ( 'NONE', ( #4928, #3721, #621, #208, #1423, #232, #1723, #650, #2142, #4952, #1790 ), #1345, .F. ) ;
#2417 = DIRECTION ( 'NONE',  ( -0.5829627604367997318, -0.8124988738108542830, 5.637843482417627031E-15 ) ) ;
#2418 = ORIENTED_EDGE ( 'NONE', *, *, #1092, .F. ) ;
#2419 = CARTESIAN_POINT ( 'NONE',  ( 153.3497474683057931, -19.94974746830582291, 9.000000000000001776 ) ) ;
#2420 = EDGE_CURVE ( 'NONE', #2289, #2035, #1402, .T. ) ;
#2421 = VERTEX_POINT ( 'NONE', #2596 ) ;
#2422 = CARTESIAN_POINT ( 'NONE',  ( 2.000000000000000000, 2.000000000000000000, 3.000000000000000000 ) ) ;
#2423 = CARTESIAN_POINT ( 'NONE',  ( 109.4368313391057939, 28.65522626370487913, 6.000000000000000000 ) ) ;
#2424 = CIRCLE ( 'NONE', #999, 3.000000000000002665 ) ;
#2425 = DIRECTION ( 'NONE',  ( -1.000000000000000000, 0.000000000000000000, 0.000000000000000000 ) ) ;
#2426 = FACE_OUTER_BOUND ( 'NONE', #2711, .T. ) ;
#2427 = CARTESIAN_POINT ( 'NONE',  ( 145.0502525316941842, -10.05025253169416999, 0.000000000000000000 ) ) ;
#2428 = EDGE_LOOP ( 'NONE', ( #2575, #233, #3685, #2472 ) ) ;
#2429 = ORIENTED_EDGE ( 'NONE', *, *, #4288, .T. ) ;
#2430 = DIRECTION ( 'NONE',  ( -0.000000000000000000, -0.000000000000000000, -1.000000000000000000 ) ) ;
#2431 = ORIENTED_EDGE ( 'NONE', *, *, #575, .T. ) ;
#2432 = DIRECTION ( 'NONE',  ( 1.000000000000000000, 0.000000000000000000, 0.000000000000000000 ) ) ;
#2433 = CYLINDRICAL_SURFACE ( 'NONE', #2712, 2.000000000000001776 ) ;
#2434 = CARTESIAN_POINT ( 'NONE',  ( 190.0000000000000284, 10.00000000000000888, 0.000000000000000000 ) ) ;
#2435 = VECTOR ( 'NONE', #700, 1000.000000000000000 ) ;
#2436 = ORIENTED_EDGE ( 'NONE', *, *, #4268, .F. ) ;
#2437 = EDGE_CURVE ( 'NONE', #37, #2670, #1380, .T. ) ;
#2438 = LINE ( 'NONE', #77, #372 ) ;
#2439 = AXIS2_PLACEMENT_3D ( 'NONE', #4996, #2647, #1868 ) ;
#2440 = CARTESIAN_POINT ( 'NONE',  ( 143.4374966214325582, 13.25111171868962145, 6.999999999999999112 ) ) ;
#2441 = ORIENTED_EDGE ( 'NONE', *, *, #4591, .F. ) ;
#2442 = CARTESIAN_POINT ( 'NONE',  ( 0.000000000000000000, 57.99999999999999289, 0.000000000000000000 ) ) ;
#2443 = VERTEX_POINT ( 'NONE', #934 ) ;
#2444 = VECTOR ( 'NONE', #2586, 1000.000000000000000 ) ;
#2445 = ADVANCED_FACE ( 'NONE', ( #3692 ), #3304, .F. ) ;
#2446 = ADVANCED_FACE ( 'NONE', ( #3391 ), #4115, .F. ) ;
#2447 = ORIENTED_EDGE ( 'NONE', *, *, #1262, .F. ) ;
#2448 = CIRCLE ( 'NONE', #204, 1.700000000000007061 ) ;
#2449 = VERTEX_POINT ( 'NONE', #4971 ) ;
#2450 = DIRECTION ( 'NONE',  ( 1.000000000000000000, 0.000000000000000000, 0.000000000000000000 ) ) ;
#2451 = FACE_OUTER_BOUND ( 'NONE', #969, .T. ) ;
#2452 = ORIENTED_EDGE ( 'NONE', *, *, #4960, .T. ) ;
#2453 = AXIS2_PLACEMENT_3D ( 'NONE', #4342, #858, #2450 ) ;
#2454 = CYLINDRICAL_SURFACE ( 'NONE', #773, 1.600000000000018074 ) ;
#2455 = AXIS2_PLACEMENT_3D ( 'NONE', #4047, #3676, #2121 ) ;
#2456 = CYLINDRICAL_SURFACE ( 'NONE', #3113, 2.000000000000000000 ) ;
#2457 = CARTESIAN_POINT ( 'NONE',  ( 95.65340010818641758, 40.54370749419727815, 2.000000000000001776 ) ) ;
#2458 = AXIS2_PLACEMENT_3D ( 'NONE', #2932, #3245, #1298 ) ;
#2459 = ORIENTED_EDGE ( 'NONE', *, *, #44, .F. ) ;
#2460 = SPHERICAL_SURFACE ( 'NONE', #783, 2.000000000000000000 ) ;
#2461 = VECTOR ( 'NONE', #4426, 1000.000000000000000 ) ;
#2462 = EDGE_LOOP ( 'NONE', ( #4159, #2987, #1292, #3287 ) ) ;
#2463 = DIRECTION ( 'NONE',  ( -1.000000000000000000, 0.000000000000000000, 0.000000000000000000 ) ) ;
#2464 = CARTESIAN_POINT ( 'NONE',  ( 158.5000000000000284, 23.50000000000000000, 0.000000000000000000 ) ) ;
#2465 = CARTESIAN_POINT ( 'NONE',  ( 137.2305374359174834, 18.28498888551851920, 6.999999999999999112 ) ) ;
#2466 = VERTEX_POINT ( 'NONE', #3003 ) ;
#2467 = CIRCLE ( 'NONE', #4610, 1.700000000000007061 ) ;
#2468 = CYLINDRICAL_SURFACE ( 'NONE', #4345, 2.000000000000001776 ) ;
#2469 = CARTESIAN_POINT ( 'NONE',  ( 178.5000000000000284, 40.50000000000000711, 0.000000000000000000 ) ) ;
#2470 = ORIENTED_EDGE ( 'NONE', *, *, #2321, .T. ) ;
#2471 = CARTESIAN_POINT ( 'NONE',  ( 6.749999999999978684, 32.49999999999990052, 5.000000000000000000 ) ) ;
#2472 = ORIENTED_EDGE ( 'NONE', *, *, #3238, .F. ) ;
#2473 = PLANE ( 'NONE',  #2542 ) ;
#2474 = ADVANCED_FACE ( 'NONE', ( #579 ), #2160, .T. ) ;
#2475 = EDGE_LOOP ( 'NONE', ( #5001, #2459 ) ) ;
#2476 = EDGE_CURVE ( 'NONE', #1939, #3019, #4777, .T. ) ;
#2477 = DIRECTION ( 'NONE',  ( 0.000000000000000000, 0.000000000000000000, 1.000000000000000000 ) ) ;
#2478 = DIRECTION ( 'NONE',  ( -1.000000000000000000, 0.000000000000000000, 0.000000000000000000 ) ) ;
#2479 = EDGE_LOOP ( 'NONE', ( #4081, #2836, #3619, #4392, #3437 ) ) ;
#2480 = EDGE_CURVE ( 'NONE', #502, #2658, #1872, .T. ) ;
#2481 = DIRECTION ( 'NONE',  ( 0.000000000000000000, 0.000000000000000000, -1.000000000000000000 ) ) ;
#2482 = EDGE_CURVE ( 'NONE', #3590, #3493, #4639, .T. ) ;
#2483 = DIRECTION ( 'NONE',  ( -1.000000000000000000, 0.000000000000000000, 0.000000000000000000 ) ) ;
#2484 = FACE_OUTER_BOUND ( 'NONE', #1405, .T. ) ;
#2485 = DIRECTION ( 'NONE',  ( 1.000000000000000000, 0.000000000000000000, 0.000000000000000000 ) ) ;
#2486 = ORIENTED_EDGE ( 'NONE', *, *, #1295, .F. ) ;
#2487 = CARTESIAN_POINT ( 'NONE',  ( 158.5000000000000284, 23.49999999999999645, 0.000000000000000000 ) ) ;
#2488 = ORIENTED_EDGE ( 'NONE', *, *, #3139, .T. ) ;
#2489 = CARTESIAN_POINT ( 'NONE',  ( 102.3517677218592752, -2.000000000000000000, 3.000000000000002665 ) ) ;
#2490 = FACE_OUTER_BOUND ( 'NONE', #4195, .T. ) ;
#2491 = EDGE_LOOP ( 'NONE', ( #2470, #2846, #644, #2562 ) ) ;
#2492 = CARTESIAN_POINT ( 'NONE',  ( 200.0000000000000000, 2.580426667282538222, 17.00000000000000000 ) ) ;
#2493 = CARTESIAN_POINT ( 'NONE',  ( 105.6534001081864176, 49.54370749419727815, 3.000000000000000000 ) ) ;
#2494 = DIRECTION ( 'NONE',  ( -1.000000000000000000, 0.000000000000000000, 0.000000000000000000 ) ) ;
#2495 = ORIENTED_EDGE ( 'NONE', *, *, #1445, .F. ) ;
#2496 = DIRECTION ( 'NONE',  ( -1.000000000000000000, 0.000000000000000000, 0.000000000000000000 ) ) ;
#2497 = ORIENTED_EDGE ( 'NONE', *, *, #1160, .F. ) ;
#2498 = CARTESIAN_POINT ( 'NONE',  ( 197.4472991308464316, -0.3652018358219967786, 5.260786805724944948 ) ) ;
#2499 = CARTESIAN_POINT ( 'NONE',  ( 158.5000000000000284, 25.50000000000000000, 2.000000000000001776 ) ) ;
#2500 = ORIENTED_EDGE ( 'NONE', *, *, #787, .T. ) ;
#2501 = EDGE_CURVE ( 'NONE', #1102, #4625, #2710, .T. ) ;
#2502 = DIRECTION ( 'NONE',  ( 1.000000000000000000, 0.000000000000000000, 0.000000000000000000 ) ) ;
#2503 = CARTESIAN_POINT ( 'NONE',  ( 11.24999999999973355, 57.99999999999999289, 5.000000000000000000 ) ) ;
#2504 = CARTESIAN_POINT ( 'NONE',  ( 120.3978893567128381, 52.88086597299208336, 6.000000000000000000 ) ) ;
#2505 = CYLINDRICAL_SURFACE ( 'NONE', #3286, 1.699999999999998401 ) ;
#2506 = VECTOR ( 'NONE', #1580, 1000.000000000000000 ) ;
#2507 = EDGE_CURVE ( 'NONE', #3250, #4791, #3367, .T. ) ;
#2508 = EDGE_CURVE ( 'NONE', #3660, #4071, #724, .T. ) ;
#2509 = EDGE_CURVE ( 'NONE', #1766, #1549, #4294, .T. ) ;
#2510 = CARTESIAN_POINT ( 'NONE',  ( 166.0000000000000284, 33.00000000000000711, 0.000000000000000000 ) ) ;
#2511 = VERTEX_POINT ( 'NONE', #2758 ) ;
#2512 = CIRCLE ( 'NONE', #2174, 3.250000000000001332 ) ;
#2513 = LINE ( 'NONE', #465, #1520 ) ;
#2514 = CARTESIAN_POINT ( 'NONE',  ( 141.0000000000000000, 15.00000000000001243, 5.000000000000000000 ) ) ;
#2515 = DIRECTION ( 'NONE',  ( 5.782411586589351722E-16, -1.000000000000000000, 0.000000000000000000 ) ) ;
#2516 = CARTESIAN_POINT ( 'NONE',  ( 135.5043109856757440, -29.49568901432420631, 5.000000000000000000 ) ) ;
#2517 = EDGE_CURVE ( 'NONE', #2545, #4212, #2714, .T. ) ;
#2518 = CARTESIAN_POINT ( 'NONE',  ( 69.08141842876197813, 14.99999999999996092, 5.000000000000000000 ) ) ;
#2519 = ORIENTED_EDGE ( 'NONE', *, *, #1932, .F. ) ;
#2520 = AXIS2_PLACEMENT_3D ( 'NONE', #4726, #324, #1571 ) ;
#2521 = ORIENTED_EDGE ( 'NONE', *, *, #4405, .T. ) ;
#2522 = AXIS2_PLACEMENT_3D ( 'NONE', #1210, #1635, #2338 ) ;
#2523 = DIRECTION ( 'NONE',  ( 1.000000000000000000, 0.000000000000000000, 0.000000000000000000 ) ) ;
#2524 = ORIENTED_EDGE ( 'NONE', *, *, #2896, .T. ) ;
#2525 = CARTESIAN_POINT ( 'NONE',  ( 198.7931371730689136, -1.095532542617811078, 4.989499480960008171 ) ) ;
#2526 = VECTOR ( 'NONE', #2967, 1000.000000000000000 ) ;
#2527 = CARTESIAN_POINT ( 'NONE',  ( 141.0000000000000000, 57.99999999999999289, 17.00000000000000000 ) ) ;
#2528 = AXIS2_PLACEMENT_3D ( 'NONE', #3724, #2601, #603 ) ;
#2529 = AXIS2_PLACEMENT_3D ( 'NONE', #3539, #3564, #1544 ) ;
#2530 = DIRECTION ( 'NONE',  ( -0.000000000000000000, -0.000000000000000000, 1.000000000000000000 ) ) ;
#2531 = CARTESIAN_POINT ( 'NONE',  ( 10.21328738775969036, 58.23599026001393497, 4.986028347821501505 ) ) ;
#2532 = FACE_OUTER_BOUND ( 'NONE', #3081, .T. ) ;
#2533 = CARTESIAN_POINT ( 'NONE',  ( 139.3000000000000114, 49.99999999999987210, 5.000000000000000000 ) ) ;
#2534 = EDGE_CURVE ( 'NONE', #749, #3493, #1900, .T. ) ;
#2535 = ORIENTED_EDGE ( 'NONE', *, *, #194, .T. ) ;
#2536 = CIRCLE ( 'NONE', #4112, 2.000000000000001776 ) ;
#2537 = VECTOR ( 'NONE', #3077, 1000.000000000000114 ) ;
#2538 = CARTESIAN_POINT ( 'NONE',  ( 103.7659812842323817, -0.5857864376269126261, 0.000000000000000000 ) ) ;
#2539 = ORIENTED_EDGE ( 'NONE', *, *, #4535, .T. ) ;
#2540 = CARTESIAN_POINT ( 'NONE',  ( 125.8027442487000513, 57.99999999999999289, 6.999999999999999112 ) ) ;
#2541 = CARTESIAN_POINT ( 'NONE',  ( 2.000000000000000000, 2.000000000000000000, 0.000000000000000000 ) ) ;
#2542 = AXIS2_PLACEMENT_3D ( 'NONE', #2158, #3272, #2552 ) ;
#2543 = FACE_OUTER_BOUND ( 'NONE', #2397, .T. ) ;
#2544 = EDGE_CURVE ( 'NONE', #2578, #2407, #1951, .T. ) ;
#2545 = VERTEX_POINT ( 'NONE', #5082 ) ;
#2546 = CIRCLE ( 'NONE', #3777, 2.000000000000000000 ) ;
#2547 = FACE_OUTER_BOUND ( 'NONE', #1554, .T. ) ;
#2548 = CARTESIAN_POINT ( 'NONE',  ( 141.0000000000000000, 15.00000000000001243, 6.999999999999999112 ) ) ;
#2549 = ORIENTED_EDGE ( 'NONE', *, *, #3293, .T. ) ;
#2550 = CIRCLE ( 'NONE', #4691, 1.599999999999934808 ) ;
#2551 = ORIENTED_EDGE ( 'NONE', *, *, #2238, .F. ) ;
#2552 = DIRECTION ( 'NONE',  ( 0.8949343616020284387, -0.4461978131098022216, 0.000000000000000000 ) ) ;
#2553 = AXIS2_PLACEMENT_3D ( 'NONE', #5117, #709, #1906 ) ;
#2554 = ORIENTED_EDGE ( 'NONE', *, *, #1175, .T. ) ;
#2555 = DIRECTION ( 'NONE',  ( 0.000000000000000000, 0.000000000000000000, -1.000000000000000000 ) ) ;
#2556 = CIRCLE ( 'NONE', #970, 2.000000000000001776 ) ;
#2557 = DIRECTION ( 'NONE',  ( -0.000000000000000000, -0.000000000000000000, -1.000000000000000000 ) ) ;
#2558 = EDGE_LOOP ( 'NONE', ( #4542, #1340, #4352, #1708 ) ) ;
#2559 = CARTESIAN_POINT ( 'NONE',  ( 94.65340010818641758, 48.54370749419727105, 2.000000000000001776 ) ) ;
#2560 = CARTESIAN_POINT ( 'NONE',  ( 145.0624943690542636, 12.08518619781601267, 19.00000000000000000 ) ) ;
#2561 = PLANE ( 'NONE',  #2206 ) ;
#2562 = ORIENTED_EDGE ( 'NONE', *, *, #5007, .F. ) ;
#2563 = CARTESIAN_POINT ( 'NONE',  ( 164.4096625560501934, 8.554291237085374533, 5.573626030638290985 ) ) ;
#2564 = EDGE_LOOP ( 'NONE', ( #1323, #1072, #1109, #861 ) ) ;
#2565 = CARTESIAN_POINT ( 'NONE',  ( 197.5011349820933049, 0.6436422977904266984, 6.349008676531139983 ) ) ;
#2566 = CARTESIAN_POINT ( 'NONE',  ( 154.9497474683057874, -19.94974746830582291, 0.000000000000000000 ) ) ;
#2567 = CARTESIAN_POINT ( 'NONE',  ( 145.0502525316941558, -19.94974746830583001, 45.52691193458120722 ) ) ;
#2568 = ADVANCED_FACE ( 'NONE', ( #3529 ), #4945, .F. ) ;
#2569 = CARTESIAN_POINT ( 'NONE',  ( 125.4429496504533574, 57.47989570576579155, 5.770906558229571992 ) ) ;
#2570 = CARTESIAN_POINT ( 'NONE',  ( 188.3000000000000398, 32.50000000000004974, 0.000000000000000000 ) ) ;
#2571 = CARTESIAN_POINT ( 'NONE',  ( 136.8924871950501938, 12.14897587572937709, 4.999999999999999112 ) ) ;
#2572 = DIRECTION ( 'NONE',  ( -0.000000000000000000, -0.000000000000000000, 1.000000000000000000 ) ) ;
#2573 = ORIENTED_EDGE ( 'NONE', *, *, #1195, .F. ) ;
#2574 = DIRECTION ( 'NONE',  ( -1.000000000000000000, 0.000000000000000000, 0.000000000000000000 ) ) ;
#2575 = ORIENTED_EDGE ( 'NONE', *, *, #1774, .F. ) ;
#2576 = LINE ( 'NONE', #3765, #3102 ) ;
#2577 = CARTESIAN_POINT ( 'NONE',  ( 105.6534001081864176, 48.54370749419727815, 3.000000000000000000 ) ) ;
#2578 = VERTEX_POINT ( 'NONE', #255 ) ;
#2579 = DIRECTION ( 'NONE',  ( 0.000000000000000000, 0.000000000000000000, 1.000000000000000000 ) ) ;
#2580 = ORIENTED_EDGE ( 'NONE', *, *, #770, .F. ) ;
#2581 = CARTESIAN_POINT ( 'NONE',  ( 158.5000000000000284, 40.50000000000001421, 0.000000000000000000 ) ) ;
#2582 = FACE_OUTER_BOUND ( 'NONE', #2207, .T. ) ;
#2583 = AXIS2_PLACEMENT_3D ( 'NONE', #2434, #1313, #1684 ) ;
#2584 = DIRECTION ( 'NONE',  ( -0.000000000000000000, -0.000000000000000000, -1.000000000000000000 ) ) ;
#2585 = VECTOR ( 'NONE', #4151, 1000.000000000000000 ) ;
#2586 = DIRECTION ( 'NONE',  ( -0.000000000000000000, -0.000000000000000000, -1.000000000000000000 ) ) ;
#2587 = CARTESIAN_POINT ( 'NONE',  ( 190.0000000000000568, 32.50000000000004974, 19.00000000000000000 ) ) ;
#2588 = CARTESIAN_POINT ( 'NONE',  ( 66.49999999999992895, 50.00000000000007816, 5.000000000000000000 ) ) ;
#2589 = VERTEX_POINT ( 'NONE', #2732 ) ;
#2590 = EDGE_CURVE ( 'NONE', #4544, #1234, #62, .T. ) ;
#2591 = ADVANCED_FACE ( 'NONE', ( #4665 ), #4319, .F. ) ;
#2592 = CARTESIAN_POINT ( 'NONE',  ( 105.6534001081864176, 49.54370749419727815, 3.000000000000000000 ) ) ;
#2593 = ORIENTED_EDGE ( 'NONE', *, *, #3641, .F. ) ;
#2594 = EDGE_CURVE ( 'NONE', #901, #2796, #2233, .T. ) ;
#2595 = VECTOR ( 'NONE', #4600, 1000.000000000000000 ) ;
#2596 = CARTESIAN_POINT ( 'NONE',  ( 6.749999999999978684, 32.49999999999990052, 5.000000000000000000 ) ) ;
#2597 = VERTEX_POINT ( 'NONE', #2342 ) ;
#2598 = EDGE_CURVE ( 'NONE', #4403, #4107, #1786, .T. ) ;
#2599 = VECTOR ( 'NONE', #2648, 1000.000000000000000 ) ;
#2600 = AXIS2_PLACEMENT_3D ( 'NONE', #4816, #4486, #3315 ) ;
#2601 = DIRECTION ( 'NONE',  ( -0.8949343616020287717, 0.4461978131098013334, 0.000000000000000000 ) ) ;
#2602 = DIRECTION ( 'NONE',  ( 1.000000000000000000, 0.000000000000000000, 0.000000000000000000 ) ) ;
#2603 = CIRCLE ( 'NONE', #1455, 1.999999999999996003 ) ;
#2604 = VERTEX_POINT ( 'NONE', #1842 ) ;
#2605 = AXIS2_PLACEMENT_3D ( 'NONE', #1496, #2309, #4329 ) ;
#2606 = CARTESIAN_POINT ( 'NONE',  ( 188.3000000000000398, 32.50000000000004974, 19.00000000000000000 ) ) ;
#2607 = ORIENTED_EDGE ( 'NONE', *, *, #2508, .F. ) ;
#2608 = DIRECTION ( 'NONE',  ( -0.000000000000000000, -0.000000000000000000, 1.000000000000000000 ) ) ;
#2609 = CARTESIAN_POINT ( 'NONE',  ( 154.9497474683058442, -10.05025253169416644, 45.52691193458120722 ) ) ;
#2610 = CIRCLE ( 'NONE', #2367, 7.500000000000007105 ) ;
#2611 = DIRECTION ( 'NONE',  ( -1.000000000000000000, 6.938893903907222067E-15, 0.000000000000000000 ) ) ;
#2612 = VERTEX_POINT ( 'NONE', #1480 ) ;
#2613 = AXIS2_PLACEMENT_3D ( 'NONE', #1993, #3517, #1555 ) ;
#2614 = EDGE_CURVE ( 'NONE', #5070, #752, #2290, .T. ) ;
#2615 = CARTESIAN_POINT ( 'NONE',  ( 158.5000000000000284, 33.00000000000000711, 0.000000000000000000 ) ) ;
#2616 = VECTOR ( 'NONE', #5080, 1000.000000000000114 ) ;
#2617 = EDGE_LOOP ( 'NONE', ( #3789, #4124, #1494, #1147 ) ) ;
#2618 = ORIENTED_EDGE ( 'NONE', *, *, #4686, .F. ) ;
#2619 = AXIS2_PLACEMENT_3D ( 'NONE', #551, #4821, #909 ) ;
#2620 = DIRECTION ( 'NONE',  ( -0.8949343616020283276, 0.4461978131098022771, -0.000000000000000000 ) ) ;
#2621 = AXIS2_PLACEMENT_3D ( 'NONE', #3352, #1750, #583 ) ;
#2622 = EDGE_LOOP ( 'NONE', ( #4972, #2068 ) ) ;
#2623 = DIRECTION ( 'NONE',  ( 1.000000000000000000, 0.000000000000000000, -0.000000000000000000 ) ) ;
#2624 = ORIENTED_EDGE ( 'NONE', *, *, #5119, .F. ) ;
#2625 = VECTOR ( 'NONE', #1152, 1000.000000000000114 ) ;
#2626 = AXIS2_PLACEMENT_3D ( 'NONE', #3898, #1506, #703 ) ;
#2627 = ADVANCED_FACE ( 'NONE', ( #732 ), #3499, .F. ) ;
#2628 = CIRCLE ( 'NONE', #3295, 19.50000000000001776 ) ;
#2629 = CARTESIAN_POINT ( 'NONE',  ( 177.5000000000000284, 24.49999999999999645, 0.000000000000000000 ) ) ;
#2630 = DIRECTION ( 'NONE',  ( -0.000000000000000000, -0.000000000000000000, 1.000000000000000000 ) ) ;
#2631 = ORIENTED_EDGE ( 'NONE', *, *, #3550, .T. ) ;
#2632 = EDGE_CURVE ( 'NONE', #3892, #143, #957, .T. ) ;
#2633 = CARTESIAN_POINT ( 'NONE',  ( 164.8691818354178622, 9.048780292122822644, 6.999999999999999112 ) ) ;
#2634 = VERTEX_POINT ( 'NONE', #4442 ) ;
#2635 = DIRECTION ( 'NONE',  ( 1.000000000000000000, 0.000000000000000000, 0.000000000000000000 ) ) ;
#2636 = LINE ( 'NONE', #591, #4779 ) ;
#2637 = CARTESIAN_POINT ( 'NONE',  ( 2.000000000000000000, 0.000000000000000000, 3.000000000000000000 ) ) ;
#2638 = ORIENTED_EDGE ( 'NONE', *, *, #1970, .F. ) ;
#2639 = CIRCLE ( 'NONE', #647, 2.000000000000000000 ) ;
#2640 = ADVANCED_FACE ( 'NONE', ( #4796 ), #853, .F. ) ;
#2641 = LINE ( 'NONE', #664, #2444 ) ;
#2642 = FACE_OUTER_BOUND ( 'NONE', #4176, .T. ) ;
#2643 = ORIENTED_EDGE ( 'NONE', *, *, #4077, .F. ) ;
#2644 = LINE ( 'NONE', #1831, #1952 ) ;
#2645 = ORIENTED_EDGE ( 'NONE', *, *, #3932, .T. ) ;
#2646 = ORIENTED_EDGE ( 'NONE', *, *, #4135, .F. ) ;
#2647 = DIRECTION ( 'NONE',  ( -0.000000000000000000, -0.000000000000000000, 1.000000000000000000 ) ) ;
#2648 = DIRECTION ( 'NONE',  ( 0.000000000000000000, 1.000000000000000000, 0.000000000000000000 ) ) ;
#2649 = VERTEX_POINT ( 'NONE', #2442 ) ;
#2650 = DIRECTION ( 'NONE',  ( 1.000000000000000000, 0.000000000000000000, 0.000000000000000000 ) ) ;
#2651 = ORIENTED_EDGE ( 'NONE', *, *, #4183, .T. ) ;
#2652 = CARTESIAN_POINT ( 'NONE',  ( 105.6534001081864176, 39.54370749419727815, 9.000000000000001776 ) ) ;
#2653 = DIRECTION ( 'NONE',  ( -0.2494325089533591111, -0.9683921847460523757, 0.000000000000000000 ) ) ;
#2654 = ORIENTED_EDGE ( 'NONE', *, *, #4502, .F. ) ;
#2655 = EDGE_CURVE ( 'NONE', #4929, #1678, #3607, .T. ) ;
#2656 = AXIS2_PLACEMENT_3D ( 'NONE', #4302, #1935, #2328 ) ;
#2657 = CARTESIAN_POINT ( 'NONE',  ( 85.98955106513263047, 40.34560896718168266, 6.000000000000000000 ) ) ;
#2658 = VERTEX_POINT ( 'NONE', #4367 ) ;
#2659 = LINE ( 'NONE', #2270, #3712 ) ;
#2660 = DIRECTION ( 'NONE',  ( -1.000000000000000000, 2.081668171172166620E-14, 0.000000000000000000 ) ) ;
#2661 = ORIENTED_EDGE ( 'NONE', *, *, #1288, .T. ) ;
#2662 = EDGE_CURVE ( 'NONE', #4343, #538, #1264, .T. ) ;
#2663 = CARTESIAN_POINT ( 'NONE',  ( 106.6534001081864176, 40.54370749419728526, 2.000000000000001776 ) ) ;
#2664 = VERTEX_POINT ( 'NONE', #1 ) ;
#2665 = DIRECTION ( 'NONE',  ( -0.000000000000000000, -0.000000000000000000, 1.000000000000000000 ) ) ;
#2666 = LINE ( 'NONE', #334, #3036 ) ;
#2667 = DIRECTION ( 'NONE',  ( -0.000000000000000000, -0.000000000000000000, -1.000000000000000000 ) ) ;
#2668 = EDGE_CURVE ( 'NONE', #4343, #1629, #1586, .T. ) ;
#2669 = ORIENTED_EDGE ( 'NONE', *, *, #3614, .F. ) ;
#2670 = VERTEX_POINT ( 'NONE', #3580 ) ;
#2671 = VECTOR ( 'NONE', #2809, 1000.000000000000000 ) ;
#2672 = DIRECTION ( 'NONE',  ( -0.000000000000000000, -0.000000000000000000, -1.000000000000000000 ) ) ;
#2673 = CARTESIAN_POINT ( 'NONE',  ( 197.5906458805977479, 0.2500154973416277016, 5.814733477393791539 ) ) ;
#2674 = ORIENTED_EDGE ( 'NONE', *, *, #5058, .T. ) ;
#2675 = DIRECTION ( 'NONE',  ( 0.7071067811865449082, 0.7071067811865501263, 0.000000000000000000 ) ) ;
#2676 = ORIENTED_EDGE ( 'NONE', *, *, #288, .F. ) ;
#2677 = AXIS2_PLACEMENT_3D ( 'NONE', #3695, #2844, #1726 ) ;
#2678 = CARTESIAN_POINT ( 'NONE',  ( 125.8027442487000513, 57.99999999999999289, 19.00000000000000000 ) ) ;
#2679 = AXIS2_PLACEMENT_3D ( 'NONE', #2267, #1909, #3480 ) ;
#2680 = FACE_OUTER_BOUND ( 'NONE', #4926, .T. ) ;
#2681 = ORIENTED_EDGE ( 'NONE', *, *, #1143, .T. ) ;
#2682 = AXIS2_PLACEMENT_3D ( 'NONE', #1182, #2779, #545 ) ;
#2683 = DIRECTION ( 'NONE',  ( -1.000000000000000000, 0.000000000000000000, 0.000000000000000000 ) ) ;
#2684 = VERTEX_POINT ( 'NONE', #21 ) ;
#2685 = CARTESIAN_POINT ( 'NONE',  ( 136.7944365486292497, 12.14897587572937709, 5.000000000000000888 ) ) ;
#2686 = LINE ( 'NONE', #4273, #1730 ) ;
#2687 = DIRECTION ( 'NONE',  ( -1.000000000000000000, 0.000000000000000000, 0.000000000000000000 ) ) ;
#2688 = AXIS2_PLACEMENT_3D ( 'NONE', #1282, #2430, #3285 ) ;
#2689 = EDGE_LOOP ( 'NONE', ( #400, #2281, #1294, #2161 ) ) ;
#2690 = CARTESIAN_POINT ( 'NONE',  ( 155.6322717998148732, 11.39395541195873385, 6.584537630210463455 ) ) ;
#2691 = AXIS2_PLACEMENT_3D ( 'NONE', #735, #677, #2263 ) ;
#2692 = EDGE_LOOP ( 'NONE', ( #3744, #286 ) ) ;
#2693 = DIRECTION ( 'NONE',  ( -0.000000000000000000, -0.000000000000000000, 1.000000000000000000 ) ) ;
#2694 = EDGE_CURVE ( 'NONE', #2658, #181, #421, .T. ) ;
#2695 = CARTESIAN_POINT ( 'NONE',  ( 125.8027442487000513, 57.99999999999999289, 19.00000000000000000 ) ) ;
#2696 = CARTESIAN_POINT ( 'NONE',  ( 188.3000000000000398, 32.50000000000004974, 5.000000000000000000 ) ) ;
#2697 = ORIENTED_EDGE ( 'NONE', *, *, #2349, .T. ) ;
#2698 = EDGE_LOOP ( 'NONE', ( #452, #3065, #3026, #1871, #2645 ) ) ;
#2699 = CIRCLE ( 'NONE', #1788, 3.249999999999999556 ) ;
#2700 = DIRECTION ( 'NONE',  ( 0.000000000000000000, 0.000000000000000000, -1.000000000000000000 ) ) ;
#2701 = EDGE_CURVE ( 'NONE', #3386, #4814, #624, .T. ) ;
#2702 = DIRECTION ( 'NONE',  ( -1.000000000000000000, 0.000000000000000000, 0.000000000000000000 ) ) ;
#2703 = ORIENTED_EDGE ( 'NONE', *, *, #2273, .T. ) ;
#2704 = VECTOR ( 'NONE', #1239, 1000.000000000000000 ) ;
#2705 = CARTESIAN_POINT ( 'NONE',  ( 105.6534001081864176, 40.54370749419727815, 2.000000000000001776 ) ) ;
#2706 = ORIENTED_EDGE ( 'NONE', *, *, #3805, .F. ) ;
#2707 = AXIS2_PLACEMENT_3D ( 'NONE', #3794, #1008, #2602 ) ;
#2708 = CARTESIAN_POINT ( 'NONE',  ( 106.6534001081864176, 48.54370749419727105, 3.000000000000000000 ) ) ;
#2709 = DIRECTION ( 'NONE',  ( 1.000000000000000000, 0.000000000000000000, 0.000000000000000000 ) ) ;
#2710 = CIRCLE ( 'NONE', #479, 2.000000000000001776 ) ;
#2711 = EDGE_LOOP ( 'NONE', ( #883, #3839, #843, #2654 ) ) ;
#2712 = AXIS2_PLACEMENT_3D ( 'NONE', #4073, #3596, #540 ) ;
#2713 = PLANE ( 'NONE',  #3424 ) ;
#2714 = CIRCLE ( 'NONE', #3623, 2.999999999999975131 ) ;
#2715 = ORIENTED_EDGE ( 'NONE', *, *, #2662, .T. ) ;
#2716 = FACE_BOUND ( 'NONE', #3093, .T. ) ;
#2717 = DIRECTION ( 'NONE',  ( 0.000000000000000000, 0.000000000000000000, -1.000000000000000000 ) ) ;
#2718 = FACE_OUTER_BOUND ( 'NONE', #3216, .T. ) ;
#2719 = ORIENTED_EDGE ( 'NONE', *, *, #4879, .T. ) ;
#2720 = CARTESIAN_POINT ( 'NONE',  ( 124.9649071734672532, 60.00000000000000711, 6.401757129783065992 ) ) ;
#2721 = ORIENTED_EDGE ( 'NONE', *, *, #3680, .T. ) ;
#2722 = FACE_OUTER_BOUND ( 'NONE', #1895, .T. ) ;
#2723 = LINE ( 'NONE', #746, #4607 ) ;
#2724 = DIRECTION ( 'NONE',  ( -1.000000000000000000, 0.000000000000000000, 0.000000000000000000 ) ) ;
#2725 = EDGE_LOOP ( 'NONE', ( #70, #2014, #3779, #1177 ) ) ;
#2726 = EDGE_LOOP ( 'NONE', ( #2929, #3049 ) ) ;
#2727 = EDGE_CURVE ( 'NONE', #5124, #2421, #1664, .T. ) ;
#2728 = CARTESIAN_POINT ( 'NONE',  ( 177.5000000000000284, 25.50000000000000000, 0.000000000000000000 ) ) ;
#2729 = CARTESIAN_POINT ( 'NONE',  ( 142.7944365486292497, 12.14897587572938065, 0.000000000000000000 ) ) ;
#2730 = ORIENTED_EDGE ( 'NONE', *, *, #794, .T. ) ;
#2731 = EDGE_CURVE ( 'NONE', #1654, #365, #4819, .T. ) ;
#2732 = CARTESIAN_POINT ( 'NONE',  ( 197.5011349820932764, 0.6436422977904344700, 19.00000000000000000 ) ) ;
#2733 = EDGE_CURVE ( 'NONE', #1234, #4646, #4393, .T. ) ;
#2734 = ADVANCED_FACE ( 'NONE', ( #3243 ), #3192, .T. ) ;
#2735 = CARTESIAN_POINT ( 'NONE',  ( 64.79999999999994031, 50.00000000000007816, 5.000000000000000000 ) ) ;
#2736 = DIRECTION ( 'NONE',  ( 0.000000000000000000, 0.000000000000000000, -1.000000000000000000 ) ) ;
#2737 = ADVANCED_FACE ( 'NONE', ( #1611 ), #3953, .F. ) ;
#2738 = VERTEX_POINT ( 'NONE', #2419 ) ;
#2739 = EDGE_CURVE ( 'NONE', #2738, #2834, #3028, .T. ) ;
#2740 = DIRECTION ( 'NONE',  ( 0.000000000000000000, 0.000000000000000000, -1.000000000000000000 ) ) ;
#2741 = LINE ( 'NONE', #5121, #3338 ) ;
#2742 = CARTESIAN_POINT ( 'NONE',  ( 198.0000000000000000, 2.580426667282538222, 6.999999999999999112 ) ) ;
#2743 = CARTESIAN_POINT ( 'NONE',  ( 105.6534001081864176, 40.54370749419727815, 2.000000000000001776 ) ) ;
#2744 = VERTEX_POINT ( 'NONE', #1692 ) ;
#2745 = ORIENTED_EDGE ( 'NONE', *, *, #289, .F. ) ;
#2746 = CARTESIAN_POINT ( 'NONE',  ( 143.4502525316942467, -10.05025253169416999, 0.000000000000000000 ) ) ;
#2747 = ORIENTED_EDGE ( 'NONE', *, *, #3714, .T. ) ;
#2748 = ORIENTED_EDGE ( 'NONE', *, *, #3647, .F. ) ;
#2749 = CARTESIAN_POINT ( 'NONE',  ( 127.8027442487000513, 57.99999999999999289, 19.00000000000000000 ) ) ;
#2750 = DIRECTION ( 'NONE',  ( 1.000000000000000000, 0.000000000000000000, 0.000000000000000000 ) ) ;
#2751 = DIRECTION ( 'NONE',  ( 0.000000000000000000, -0.000000000000000000, 1.000000000000000000 ) ) ;
#2752 = ORIENTED_EDGE ( 'NONE', *, *, #4027, .F. ) ;
#2753 = CARTESIAN_POINT ( 'NONE',  ( 177.5000000000000284, 26.50000000000000000, 19.00000000000000000 ) ) ;
#2754 = DIRECTION ( 'NONE',  ( 0.000000000000000000, 0.000000000000000000, 1.000000000000000000 ) ) ;
#2755 = ORIENTED_EDGE ( 'NONE', *, *, #4346, .F. ) ;
#2756 = EDGE_CURVE ( 'NONE', #2466, #1693, #2546, .T. ) ;
#2757 = VECTOR ( 'NONE', #3290, 1000.000000000000000 ) ;
#2758 = CARTESIAN_POINT ( 'NONE',  ( 108.9880947906135731, 29.99635843841667082, 5.000000000000000000 ) ) ;
#2759 = CIRCLE ( 'NONE', #522, 1.700000000000007061 ) ;
#2760 = ADVANCED_FACE ( 'NONE', ( #1376 ), #82, .F. ) ;
#2761 = DIRECTION ( 'NONE',  ( -1.000000000000000000, -0.000000000000000000, -0.000000000000000000 ) ) ;
#2762 = VERTEX_POINT ( 'NONE', #3659 ) ;
#2763 = DIRECTION ( 'NONE',  ( 0.000000000000000000, 1.000000000000000000, -0.000000000000000000 ) ) ;
#2764 = CARTESIAN_POINT ( 'NONE',  ( 105.6534001081864176, 48.54370749419727815, 2.000000000000001776 ) ) ;
#2765 = AXIS2_PLACEMENT_3D ( 'NONE', #3976, #3555, #3602 ) ;
#2766 = CARTESIAN_POINT ( 'NONE',  ( 157.1989813451135660, 12.14897587572937709, 0.000000000000000000 ) ) ;
#2767 = DIRECTION ( 'NONE',  ( 1.000000000000000000, 5.782411586589351722E-16, 0.000000000000000000 ) ) ;
#2768 = FACE_OUTER_BOUND ( 'NONE', #2166, .T. ) ;
#2769 = ORIENTED_EDGE ( 'NONE', *, *, #3875, .F. ) ;
#2770 = AXIS2_PLACEMENT_3D ( 'NONE', #2099, #571, #1314 ) ;
#2771 = CARTESIAN_POINT ( 'NONE',  ( 125.6162876118844025, 57.43168826126643012, 5.992762041733707079 ) ) ;
#2772 = EDGE_CURVE ( 'NONE', #2011, #669, #3688, .T. ) ;
#2773 = ORIENTED_EDGE ( 'NONE', *, *, #1392, .F. ) ;
#2774 = CARTESIAN_POINT ( 'NONE',  ( 145.0624943690542636, 12.08518619781601267, 19.00000000000000000 ) ) ;
#2775 = PLANE ( 'NONE',  #2134 ) ;
#2776 = CIRCLE ( 'NONE', #2027, 9.500000000000008882 ) ;
#2777 = DIRECTION ( 'NONE',  ( 0.000000000000000000, 1.000000000000000000, 0.000000000000000000 ) ) ;
#2778 = AXIS2_PLACEMENT_3D ( 'NONE', #2657, #1592, #3067 ) ;
#2779 = DIRECTION ( 'NONE',  ( 0.000000000000000000, 0.000000000000000000, 1.000000000000000000 ) ) ;
#2780 = CARTESIAN_POINT ( 'NONE',  ( 142.7944365486292781, 12.14897587572938065, 5.842866544321914546 ) ) ;
#2781 = ORIENTED_EDGE ( 'NONE', *, *, #3452, .F. ) ;
#2782 = VECTOR ( 'NONE', #1162, 1000.000000000000114 ) ;
#2783 = CARTESIAN_POINT ( 'NONE',  ( 136.7944365486292497, 8.148975875729380647, 0.000000000000000000 ) ) ;
#2784 = TOROIDAL_SURFACE ( 'NONE', #4681, 4.000000000000000000, 2.000000000000000000 ) ;
#2785 = ADVANCED_FACE ( 'NONE', ( #983 ), #2473, .F. ) ;
#2786 = TOROIDAL_SURFACE ( 'NONE', #3279, 4.999999999999984901, 2.000000000000000000 ) ;
#2787 = CARTESIAN_POINT ( 'NONE',  ( 95.65340010818641758, 51.54370749419727815, 5.000000000000000000 ) ) ;
#2788 = CARTESIAN_POINT ( 'NONE',  ( 146.6502525316941785, -19.94974746830583001, 0.000000000000000000 ) ) ;
#2789 = VECTOR ( 'NONE', #4316, 1000.000000000000114 ) ;
#2790 = EDGE_CURVE ( 'NONE', #4071, #3660, #4683, .T. ) ;
#2791 = DIRECTION ( 'NONE',  ( -1.000000000000000000, 0.000000000000000000, 0.000000000000000000 ) ) ;
#2792 = CARTESIAN_POINT ( 'NONE',  ( 139.3000000000000114, 15.00000000000001243, 0.000000000000000000 ) ) ;
#2793 = DIRECTION ( 'NONE',  ( 0.6721299589185774082, -0.7404331963952666129, 0.000000000000000000 ) ) ;
#2794 = CONICAL_SURFACE ( 'NONE', #53, 1.000000000000000888, 0.7853981633974482790 ) ;
#2795 = DIRECTION ( 'NONE',  ( -1.000000000000000000, 0.000000000000000000, 0.000000000000000000 ) ) ;
#2796 = VERTEX_POINT ( 'NONE', #4851 ) ;
#2797 = EDGE_LOOP ( 'NONE', ( #704, #4787 ) ) ;
#2798 = EDGE_CURVE ( 'NONE', #340, #250, #4366, .T. ) ;
#2799 = ADVANCED_FACE ( 'NONE', ( #1762 ), #931, .F. ) ;
#2800 = CIRCLE ( 'NONE', #399, 1.000000000000000888 ) ;
#2801 = CARTESIAN_POINT ( 'NONE',  ( 155.1989813451135092, 10.24771483881847267, 5.142779137548491697 ) ) ;
#2802 = ADVANCED_FACE ( 'NONE', ( #3718 ), #3344, .T. ) ;
#2803 =( BOUNDED_CURVE ( )  B_SPLINE_CURVE ( 3, ( #555, #1893, #248, #2912 ),
 .UNSPECIFIED., .F., .T. ) 
 B_SPLINE_CURVE_WITH_KNOTS ( ( 4, 4 ),
 ( 1.570796326794896780, 3.141592653589793116 ),
 .UNSPECIFIED. ) 
 CURVE ( )  GEOMETRIC_REPRESENTATION_ITEM ( )  RATIONAL_B_SPLINE_CURVE ( ( 1.000000000000000000, 0.8047378541243650485, 0.8047378541243650485, 1.000000000000000000 ) ) 
 REPRESENTATION_ITEM ( '' )  );
#2804 = ORIENTED_EDGE ( 'NONE', *, *, #3387, .F. ) ;
#2805 = EDGE_CURVE ( 'NONE', #4256, #1629, #389, .T. ) ;
#2806 = DIRECTION ( 'NONE',  ( -1.000000000000000000, 0.000000000000000000, 0.000000000000000000 ) ) ;
#2807 = AXIS2_PLACEMENT_3D ( 'NONE', #3991, #74, #436 ) ;
#2808 = LINE ( 'NONE', #2046, #3874 ) ;
#2809 = DIRECTION ( 'NONE',  ( -1.000000000000000000, 0.000000000000000000, 0.000000000000000000 ) ) ;
#2810 = VERTEX_POINT ( 'NONE', #1718 ) ;
#2811 = ADVANCED_FACE ( 'NONE', ( #2959 ), #4445, .F. ) ;
#2812 = CARTESIAN_POINT ( 'NONE',  ( 150.0000000000000000, -15.00000000000000000, 108.8283423249224455 ) ) ;
#2813 = DIRECTION ( 'NONE',  ( -0.000000000000000000, -0.000000000000000000, 1.000000000000000000 ) ) ;
#2814 = ORIENTED_EDGE ( 'NONE', *, *, #2283, .T. ) ;
#2815 = DIRECTION ( 'NONE',  ( -1.000000000000000000, 0.000000000000000000, 0.000000000000000000 ) ) ;
#2816 = EDGE_LOOP ( 'NONE', ( #3332, #1742, #1914, #2573 ) ) ;
#2817 = LINE ( 'NONE', #1979, #706 ) ;
#2818 = DIRECTION ( 'NONE',  ( 0.000000000000000000, 0.000000000000000000, -1.000000000000000000 ) ) ;
#2819 = DIRECTION ( 'NONE',  ( -1.000000000000000000, 0.000000000000000000, 0.000000000000000000 ) ) ;
#2820 = CARTESIAN_POINT ( 'NONE',  ( 10.42853058490355700, 58.21711006256359155, 4.988555308116914944 ) ) ;
#2821 = DIRECTION ( 'NONE',  ( -0.7404331963952661688, -0.6721299589185779633, -2.477108543476700914E-15 ) ) ;
#2822 = DIRECTION ( 'NONE',  ( 1.000000000000000000, 0.000000000000000000, 0.000000000000000000 ) ) ;
#2823 = ORIENTED_EDGE ( 'NONE', *, *, #4247, .T. ) ;
#2824 = EDGE_CURVE ( 'NONE', #3660, #2860, #4138, .T. ) ;
#2825 = ORIENTED_EDGE ( 'NONE', *, *, #3796, .F. ) ;
#2826 = VERTEX_POINT ( 'NONE', #501 ) ;
#2827 = FACE_OUTER_BOUND ( 'NONE', #526, .T. ) ;
#2828 = CARTESIAN_POINT ( 'NONE',  ( 105.6534001081864176, 48.54370749419727815, 0.000000000000000000 ) ) ;
#2829 = ADVANCED_FACE ( 'NONE', ( #4030 ), #4082, .F. ) ;
#2830 = EDGE_CURVE ( 'NONE', #238, #4814, #4925, .T. ) ;
#2831 = EDGE_LOOP ( 'NONE', ( #61, #2618, #1475, #598 ) ) ;
#2832 = DIRECTION ( 'NONE',  ( 0.000000000000000000, 0.000000000000000000, 1.000000000000000000 ) ) ;
#2833 = DIRECTION ( 'NONE',  ( -0.000000000000000000, -0.000000000000000000, 1.000000000000000000 ) ) ;
#2834 = VERTEX_POINT ( 'NONE', #138 ) ;
#2835 = DIRECTION ( 'NONE',  ( -0.000000000000000000, -0.000000000000000000, 1.000000000000000000 ) ) ;
#2836 = ORIENTED_EDGE ( 'NONE', *, *, #4715, .F. ) ;
#2837 = ORIENTED_EDGE ( 'NONE', *, *, #3783, .F. ) ;
#2838 = VECTOR ( 'NONE', #17, 1000.000000000000000 ) ;
#2839 = ORIENTED_EDGE ( 'NONE', *, *, #4893, .T. ) ;
#2840 = DIRECTION ( 'NONE',  ( 0.000000000000000000, 0.000000000000000000, -1.000000000000000000 ) ) ;
#2841 = CARTESIAN_POINT ( 'NONE',  ( 92.65340010818641758, 0.000000000000000000, 3.000000000000000000 ) ) ;
#2842 = ORIENTED_EDGE ( 'NONE', *, *, #3641, .T. ) ;
#2843 = DIRECTION ( 'NONE',  ( 1.000000000000000000, 0.000000000000000000, 0.000000000000000000 ) ) ;
#2844 = DIRECTION ( 'NONE',  ( 0.000000000000000000, 0.000000000000000000, 1.000000000000000000 ) ) ;
#2845 = CARTESIAN_POINT ( 'NONE',  ( 95.65340010818641758, 37.54370749419727815, 0.000000000000000000 ) ) ;
#2846 = ORIENTED_EDGE ( 'NONE', *, *, #849, .F. ) ;
#2847 = LINE ( 'NONE', #1248, #4368 ) ;
#2848 = VERTEX_POINT ( 'NONE', #1318 ) ;
#2849 = CARTESIAN_POINT ( 'NONE',  ( 85.54335325202282547, 39.45067460557966399, 5.000000000000000000 ) ) ;
#2850 = ORIENTED_EDGE ( 'NONE', *, *, #5033, .F. ) ;
#2851 = DIRECTION ( 'NONE',  ( -4.625929269271481969E-16, 1.000000000000000000, 0.000000000000000000 ) ) ;
#2852 = CIRCLE ( 'NONE', #4420, 2.000000000000001776 ) ;
#2853 = CARTESIAN_POINT ( 'NONE',  ( 200.0000000000000284, 1.971457848804174739, 4.537246758027813520 ) ) ;
#2854 = CARTESIAN_POINT ( 'NONE',  ( 0.000000000000000000, 0.000000000000000000, 3.000000000000000000 ) ) ;
#2855 = VERTEX_POINT ( 'NONE', #2057 ) ;
#2856 = ADVANCED_FACE ( 'NONE', ( #2909 ), #4490, .F. ) ;
#2857 = DIRECTION ( 'NONE',  ( -0.000000000000000000, -0.000000000000000000, -1.000000000000000000 ) ) ;
#2858 = VECTOR ( 'NONE', #1758, 1000.000000000000000 ) ;
#2859 = DIRECTION ( 'NONE',  ( 0.000000000000000000, -0.000000000000000000, 1.000000000000000000 ) ) ;
#2860 = VERTEX_POINT ( 'NONE', #1838 ) ;
#2861 = ORIENTED_EDGE ( 'NONE', *, *, #2036, .F. ) ;
#2862 = VECTOR ( 'NONE', #3154, 1000.000000000000000 ) ;
#2863 = CARTESIAN_POINT ( 'NONE',  ( 172.5000000000000284, 40.50000000000000711, 19.00000000000000000 ) ) ;
#2864 = ORIENTED_EDGE ( 'NONE', *, *, #3994, .T. ) ;
#2865 = CIRCLE ( 'NONE', #459, 2.000000000000001776 ) ;
#2866 = LINE ( 'NONE', #503, #3017 ) ;
#2867 = LINE ( 'NONE', #814, #1552 ) ;
#2868 = CIRCLE ( 'NONE', #39, 2.000000000000000000 ) ;
#2869 = LINE ( 'NONE', #4451, #3681 ) ;
#2870 = MECHANICAL_DESIGN_GEOMETRIC_PRESENTATION_REPRESENTATION (  '', ( #3861 ), #2287 ) ;
#2871 = DIRECTION ( 'NONE',  ( -1.000000000000000000, 0.000000000000000000, 0.000000000000000000 ) ) ;
#2872 = DIRECTION ( 'NONE',  ( -1.000000000000000000, 0.000000000000000000, -0.000000000000000000 ) ) ;
#2873 = VECTOR ( 'NONE', #230, 1000.000000000000114 ) ;
#2874 = ORIENTED_EDGE ( 'NONE', *, *, #2211, .T. ) ;
#2875 = CARTESIAN_POINT ( 'NONE',  ( 69.74999999999994316, 50.00000000000007816, 5.000000000000000000 ) ) ;
#2876 = VECTOR ( 'NONE', #4296, 1000.000000000000000 ) ;
#2877 = ORIENTED_EDGE ( 'NONE', *, *, #4062, .T. ) ;
#2878 = CARTESIAN_POINT ( 'NONE',  ( 0.000000000000000000, 57.99999999999999289, 3.000000000000000000 ) ) ;
#2879 = CARTESIAN_POINT ( 'NONE',  ( 108.6534001081864176, 40.54370749419729947, 5.000000000000000000 ) ) ;
#2880 = CARTESIAN_POINT ( 'NONE',  ( 120.3978893567128381, 52.88086597299209046, 5.000000000000000000 ) ) ;
#2881 = VECTOR ( 'NONE', #1322, 1000.000000000000000 ) ;
#2882 = CYLINDRICAL_SURFACE ( 'NONE', #1849, 1.599999999999990319 ) ;
#2883 = AXIS2_PLACEMENT_3D ( 'NONE', #2588, #2225, #1074 ) ;
#2884 = DIRECTION ( 'NONE',  ( 1.000000000000000000, 0.000000000000000000, 0.000000000000000000 ) ) ;
#2885 = ORIENTED_EDGE ( 'NONE', *, *, #828, .F. ) ;
#2886 = ORIENTED_EDGE ( 'NONE', *, *, #3210, .T. ) ;
#2887 = EDGE_CURVE ( 'NONE', #3019, #1530, #4209, .T. ) ;
#2888 = CARTESIAN_POINT ( 'NONE',  ( 142.7000000000000171, 49.99999999999987210, 5.000000000000000000 ) ) ;
#2889 = ORIENTED_EDGE ( 'NONE', *, *, #3741, .F. ) ;
#2890 = CARTESIAN_POINT ( 'NONE',  ( 9.999999999999978684, 32.49999999999990052, 0.000000000000000000 ) ) ;
#2891 = EDGE_CURVE ( 'NONE', #3612, #748, #1001, .T. ) ;
#2892 = CARTESIAN_POINT ( 'NONE',  ( 172.5000000000000284, 24.49999999999999645, 0.000000000000000000 ) ) ;
#2893 = ORIENTED_EDGE ( 'NONE', *, *, #2033, .F. ) ;
#2894 = ADVANCED_FACE ( 'NONE', ( #3870 ), #1477, .F. ) ;
#2895 = CARTESIAN_POINT ( 'NONE',  ( 88.53287859985850616, 45.44673482831323241, 0.000000000000000000 ) ) ;
#2896 = EDGE_CURVE ( 'NONE', #2997, #4046, #3388, .T. ) ;
#2897 = DIRECTION ( 'NONE',  ( -0.000000000000000000, -0.000000000000000000, 1.000000000000000000 ) ) ;
#2898 = DIRECTION ( 'NONE',  ( 0.000000000000000000, 0.000000000000000000, 1.000000000000000000 ) ) ;
#2899 = CARTESIAN_POINT ( 'NONE',  ( 95.65340010818641758, 39.54370749419727815, 3.000000000000000000 ) ) ;
#2900 = EDGE_LOOP ( 'NONE', ( #645, #5066, #4887, #2292 ) ) ;
#2901 = CARTESIAN_POINT ( 'NONE',  ( 141.0000000000000000, 15.00000000000001243, 19.00000000000000000 ) ) ;
#2902 = DIRECTION ( 'NONE',  ( -1.000000000000000000, -4.625929269271481969E-16, 0.000000000000000000 ) ) ;
#2903 = FACE_OUTER_BOUND ( 'NONE', #1342, .T. ) ;
#2904 = LINE ( 'NONE', #4104, #4667 ) ;
#2905 = DIRECTION ( 'NONE',  ( 0.6721299589185790735, -0.7404331963952650586, 0.000000000000000000 ) ) ;
#2906 = EDGE_LOOP ( 'NONE', ( #726, #1163, #1316, #3027 ) ) ;
#2907 = ORIENTED_EDGE ( 'NONE', *, *, #2103, .T. ) ;
#2908 = AXIS2_PLACEMENT_3D ( 'NONE', #4705, #4728, #4327 ) ;
#2909 = FACE_OUTER_BOUND ( 'NONE', #2816, .T. ) ;
#2910 = ADVANCED_FACE ( 'NONE', ( #597 ), #1032, .F. ) ;
#2911 = ORIENTED_EDGE ( 'NONE', *, *, #2133, .T. ) ;
#2912 = CARTESIAN_POINT ( 'NONE',  ( 198.0000000000000000, 0.5804266672825366680, 19.00000000000000000 ) ) ;
#2913 = LINE ( 'NONE', #4902, #2881 ) ;
#2914 = CARTESIAN_POINT ( 'NONE',  ( 200.0000000000000000, -9.107298248878237246E-15, 6.999999999999998224 ) ) ;
#2915 = ADVANCED_FACE ( 'NONE', ( #5050 ), #3757, .F. ) ;
#2916 = DIRECTION ( 'NONE',  ( 1.000000000000000000, 2.312964634635740985E-16, -0.000000000000000000 ) ) ;
#2917 = CARTESIAN_POINT ( 'NONE',  ( 165.1229240756680383, -31.65974691889345038, 3.000000000000002665 ) ) ;
#2918 = ORIENTED_EDGE ( 'NONE', *, *, #979, .F. ) ;
#2919 = VECTOR ( 'NONE', #3973, 1000.000000000000000 ) ;
#2920 = DIRECTION ( 'NONE',  ( 0.000000000000000000, 0.000000000000000000, -1.000000000000000000 ) ) ;
#2921 = ORIENTED_EDGE ( 'NONE', *, *, #1164, .T. ) ;
#2922 = FACE_BOUND ( 'NONE', #2692, .T. ) ;
#2923 = FACE_OUTER_BOUND ( 'NONE', #3863, .T. ) ;
#2924 = DIRECTION ( 'NONE',  ( 0.000000000000000000, 0.000000000000000000, 1.000000000000000000 ) ) ;
#2925 = ADVANCED_FACE ( 'NONE', ( #206 ), #450, .F. ) ;
#2926 = CYLINDRICAL_SURFACE ( 'NONE', #28, 1.399999999999998579 ) ;
#2927 = AXIS2_PLACEMENT_3D ( 'NONE', #973, #635, #1852 ) ;
#2928 = DIRECTION ( 'NONE',  ( -1.000000000000000000, 0.000000000000000000, 0.000000000000000000 ) ) ;
#2929 = ORIENTED_EDGE ( 'NONE', *, *, #1522, .T. ) ;
#2930 = CIRCLE ( 'NONE', #4909, 1.399999999999998579 ) ;
#2931 = VECTOR ( 'NONE', #4289, 1000.000000000000000 ) ;
#2932 = CARTESIAN_POINT ( 'NONE',  ( 136.7944365486292497, 10.14897587572937887, 19.00000000000000355 ) ) ;
#2933 = ORIENTED_EDGE ( 'NONE', *, *, #2999, .T. ) ;
#2934 = CARTESIAN_POINT ( 'NONE',  ( 143.5000000000000284, 42.50000000000000711, 0.000000000000000000 ) ) ;
#2935 = CIRCLE ( 'NONE', #5084, 3.000000000000002665 ) ;
#2936 = CARTESIAN_POINT ( 'NONE',  ( 178.5000000000000284, 25.50000000000000000, 0.000000000000000000 ) ) ;
#2937 = ORIENTED_EDGE ( 'NONE', *, *, #890, .T. ) ;
#2938 = LINE ( 'NONE', #3468, #3755 ) ;
#2939 = CARTESIAN_POINT ( 'NONE',  ( 163.1989813451135660, 12.14897587572937709, 19.00000000000000355 ) ) ;
#2940 = FACE_OUTER_BOUND ( 'NONE', #3301, .T. ) ;
#2941 = ORIENTED_EDGE ( 'NONE', *, *, #1357, .F. ) ;
#2942 = CIRCLE ( 'NONE', #4274, 2.000000000000001776 ) ;
#2943 = EDGE_CURVE ( 'NONE', #4206, #1417, #2205, .T. ) ;
#2944 = CARTESIAN_POINT ( 'NONE',  ( 164.0343722395200246, 8.327892721876061444, 5.323562480044437883 ) ) ;
#2945 = ORIENTED_EDGE ( 'NONE', *, *, #1413, .F. ) ;
#2946 = LINE ( 'NONE', #221, #1181 ) ;
#2947 = DIRECTION ( 'NONE',  ( -1.000000000000000000, 0.000000000000000000, 0.000000000000000000 ) ) ;
#2948 = AXIS2_PLACEMENT_3D ( 'NONE', #1666, #4469, #958 ) ;
#2949 = DIRECTION ( 'NONE',  ( 0.8949343616020283276, -0.4461978131098022771, 0.000000000000000000 ) ) ;
#2950 = EDGE_CURVE ( 'NONE', #1939, #3844, #3788, .T. ) ;
#2951 = CIRCLE ( 'NONE', #5106, 1.700000000000007061 ) ;
#2952 = CARTESIAN_POINT ( 'NONE',  ( 124.7326737243101036, 60.00000000000000000, 5.810335565371937072 ) ) ;
#2953 = CYLINDRICAL_SURFACE ( 'NONE', #4586, 1.000000000000000888 ) ;
#2954 = FACE_OUTER_BOUND ( 'NONE', #848, .T. ) ;
#2955 = AXIS2_PLACEMENT_3D ( 'NONE', #5035, #2763, #4266 ) ;
#2956 = ORIENTED_EDGE ( 'NONE', *, *, #1645, .F. ) ;
#2957 = ORIENTED_EDGE ( 'NONE', *, *, #157, .T. ) ;
#2958 = EDGE_CURVE ( 'NONE', #2209, #5074, #273, .T. ) ;
#2959 = FACE_OUTER_BOUND ( 'NONE', #1443, .T. ) ;
#2960 = AXIS2_PLACEMENT_3D ( 'NONE', #2705, #1081, #3872 ) ;
#2961 = EDGE_LOOP ( 'NONE', ( #4435, #4740, #460, #179 ) ) ;
#2962 = CYLINDRICAL_SURFACE ( 'NONE', #886, 2.000000000000000000 ) ;
#2963 = ORIENTED_EDGE ( 'NONE', *, *, #4411, .T. ) ;
#2964 = AXIS2_PLACEMENT_3D ( 'NONE', #4350, #5040, #714 ) ;
#2965 = CARTESIAN_POINT ( 'NONE',  ( 95.65340010818641758, 51.54370749419727815, 0.000000000000000000 ) ) ;
#2966 = CARTESIAN_POINT ( 'NONE',  ( 127.8027442487000513, 60.00000000000000000, 6.999999999999999112 ) ) ;
#2967 = DIRECTION ( 'NONE',  ( 1.000000000000000000, -0.000000000000000000, -0.000000000000000000 ) ) ;
#2968 = ORIENTED_EDGE ( 'NONE', *, *, #2632, .T. ) ;
#2969 = CARTESIAN_POINT ( 'NONE',  ( 155.2093777996389861, 9.912276325840007729, 5.042905053375979385 ) ) ;
#2970 = EDGE_CURVE ( 'NONE', #797, #2069, #3000, .T. ) ;
#2971 = CARTESIAN_POINT ( 'NONE',  ( 143.5000000000000284, 42.50000000000000711, 0.000000000000000000 ) ) ;
#2972 = CARTESIAN_POINT ( 'NONE',  ( 2.000000000000000000, 60.00000000000000000, 3.000000000000000000 ) ) ;
#2973 = EDGE_CURVE ( 'NONE', #4267, #4646, #4102, .T. ) ;
#2974 = DIRECTION ( 'NONE',  ( -0.000000000000000000, -0.000000000000000000, 1.000000000000000000 ) ) ;
#2975 = EDGE_CURVE ( 'NONE', #4092, #4784, #3029, .T. ) ;
#2976 = CARTESIAN_POINT ( 'NONE',  ( 200.0000000000000000, 57.99999999999999289, 5.000000000000000000 ) ) ;
#2977 = EDGE_CURVE ( 'NONE', #3244, #5135, #4562, .T. ) ;
#2978 = ORIENTED_EDGE ( 'NONE', *, *, #811, .F. ) ;
#2979 = CARTESIAN_POINT ( 'NONE',  ( 165.1229240756680383, -31.65974691889344328, 3.000000000000000000 ) ) ;
#2980 = EDGE_CURVE ( 'NONE', #3594, #2664, #618, .T. ) ;
#2981 = ORIENTED_EDGE ( 'NONE', *, *, #2283, .F. ) ;
#2982 = DIRECTION ( 'NONE',  ( 0.000000000000000000, 0.000000000000000000, -1.000000000000000000 ) ) ;
#2983 = ORIENTED_EDGE ( 'NONE', *, *, #1937, .F. ) ;
#2984 = CARTESIAN_POINT ( 'NONE',  ( 137.2305374359174550, 18.28498888551851564, 6.999999999999999112 ) ) ;
#2985 = LINE ( 'NONE', #4569, #303 ) ;
#2986 = ADVANCED_FACE ( 'NONE', ( #671 ), #646, .F. ) ;
#2987 = ORIENTED_EDGE ( 'NONE', *, *, #570, .F. ) ;
#2988 = CARTESIAN_POINT ( 'NONE',  ( 154.9497474683058442, -10.05025253169416644, 0.000000000000000000 ) ) ;
#2989 = EDGE_LOOP ( 'NONE', ( #2730, #1088, #4005 ) ) ;
#2990 = FACE_OUTER_BOUND ( 'NONE', #4317, .T. ) ;
#2991 = CARTESIAN_POINT ( 'NONE',  ( 154.9497474683057874, -19.94974746830582291, 45.52691193458120722 ) ) ;
#2992 = CIRCLE ( 'NONE', #14, 2.000000000000001776 ) ;
#2993 = DIRECTION ( 'NONE',  ( 0.000000000000000000, 0.000000000000000000, 1.000000000000000000 ) ) ;
#2994 = ORIENTED_EDGE ( 'NONE', *, *, #1903, .T. ) ;
#2995 = AXIS2_PLACEMENT_3D ( 'NONE', #3071, #301, #5093 ) ;
#2996 = DIRECTION ( 'NONE',  ( -0.000000000000000000, -0.000000000000000000, -1.000000000000000000 ) ) ;
#2997 = VERTEX_POINT ( 'NONE', #5026 ) ;
#2998 = VERTEX_POINT ( 'NONE', #3058 ) ;
#2999 = EDGE_CURVE ( 'NONE', #3011, #2209, #4636, .T. ) ;
#3000 = LINE ( 'NONE', #2979, #1353 ) ;
#3001 = ORIENTED_EDGE ( 'NONE', *, *, #893, .T. ) ;
#3002 = AXIS2_PLACEMENT_3D ( 'NONE', #762, #4301, #713 ) ;
#3003 = CARTESIAN_POINT ( 'NONE',  ( 2.000000000000000000, 57.99999999999999289, 5.000000000000000000 ) ) ;
#3004 = ORIENTED_EDGE ( 'NONE', *, *, #4693, .T. ) ;
#3005 = VECTOR ( 'NONE', #4375, 1000.000000000000000 ) ;
#3006 = EDGE_CURVE ( 'NONE', #1136, #3305, #314, .T. ) ;
#3007 = CIRCLE ( 'NONE', #1271, 2.999999999999975131 ) ;
#3008 = DIRECTION ( 'NONE',  ( 0.000000000000000000, 0.000000000000000000, 1.000000000000000000 ) ) ;
#3009 = DIRECTION ( 'NONE',  ( 0.000000000000000000, 0.000000000000000000, -1.000000000000000000 ) ) ;
#3010 = CIRCLE ( 'NONE', #782, 1.000000000000000888 ) ;
#3011 = VERTEX_POINT ( 'NONE', #4692 ) ;
#3012 = VECTOR ( 'NONE', #38, 1000.000000000000000 ) ;
#3013 = DIRECTION ( 'NONE',  ( 0.000000000000000000, 0.000000000000000000, -1.000000000000000000 ) ) ;
#3014 = EDGE_LOOP ( 'NONE', ( #1005, #2336 ) ) ;
#3015 = DIRECTION ( 'NONE',  ( 0.000000000000000000, 0.000000000000000000, 1.000000000000000000 ) ) ;
#3016 = DIRECTION ( 'NONE',  ( 1.000000000000000000, 5.782411586589351722E-16, -0.000000000000000000 ) ) ;
#3017 = VECTOR ( 'NONE', #3980, 1000.000000000000114 ) ;
#3018 = DIRECTION ( 'NONE',  ( -0.6320843828879997295, -0.5737760710512386231, -0.5208170054809084792 ) ) ;
#3019 = VERTEX_POINT ( 'NONE', #2364 ) ;
#3020 = AXIS2_PLACEMENT_3D ( 'NONE', #4482, #514, #2432 ) ;
#3021 = CARTESIAN_POINT ( 'NONE',  ( 172.5000000000000284, 39.50000000000000711, 0.000000000000000000 ) ) ;
#3022 = CYLINDRICAL_SURFACE ( 'NONE', #1621, 1.700000000000007061 ) ;
#3023 = AXIS2_PLACEMENT_3D ( 'NONE', #4079, #4895, #520 ) ;
#3024 = VERTEX_POINT ( 'NONE', #803 ) ;
#3025 = DIRECTION ( 'NONE',  ( 0.000000000000000000, 0.000000000000000000, 1.000000000000000000 ) ) ;
#3026 = ORIENTED_EDGE ( 'NONE', *, *, #3554, .F. ) ;
#3027 = ORIENTED_EDGE ( 'NONE', *, *, #1645, .T. ) ;
#3028 = CIRCLE ( 'NONE', #1875, 1.599999999999990319 ) ;
#3029 = LINE ( 'NONE', #4613, #1528 ) ;
#3030 = CARTESIAN_POINT ( 'NONE',  ( 85.98955106513263047, 40.34560896718168266, 6.000000000000000000 ) ) ;
#3031 = AXIS2_PLACEMENT_3D ( 'NONE', #4478, #3281, #2406 ) ;
#3032 = ORIENTED_EDGE ( 'NONE', *, *, #1123, .F. ) ;
#3033 = ADVANCED_FACE ( 'NONE', ( #776 ), #1947, .T. ) ;
#3034 = DIRECTION ( 'NONE',  ( 0.000000000000000000, 0.000000000000000000, 1.000000000000000000 ) ) ;
#3035 = EDGE_LOOP ( 'NONE', ( #881, #1542, #3952, #1386 ) ) ;
#3036 = VECTOR ( 'NONE', #3915, 999.9999999999998863 ) ;
#3037 = AXIS2_PLACEMENT_3D ( 'NONE', #1696, #4800, #528 ) ;
#3038 = VECTOR ( 'NONE', #994, 1000.000000000000114 ) ;
#3039 = ADVANCED_FACE ( 'NONE', ( #3975 ), #3496, .T. ) ;
#3040 = EDGE_CURVE ( 'NONE', #1058, #2796, #3114, .T. ) ;
#3041 = PLANE ( 'NONE',  #379 ) ;
#3042 = LINE ( 'NONE', #2297, #4450 ) ;
#3043 = ORIENTED_EDGE ( 'NONE', *, *, #66, .T. ) ;
#3044 = CARTESIAN_POINT ( 'NONE',  ( 164.7521717641847090, 8.888009833804158433, 6.151118031032231315 ) ) ;
#3045 = VERTEX_POINT ( 'NONE', #1156 ) ;
#3046 = DIRECTION ( 'NONE',  ( 0.000000000000000000, -0.7071067811865474617, -0.7071067811865474617 ) ) ;
#3047 = PLANE ( 'NONE',  #3819 ) ;
#3048 = DIRECTION ( 'NONE',  ( -1.000000000000000000, -5.782411586589351722E-16, -0.000000000000000000 ) ) ;
#3049 = ORIENTED_EDGE ( 'NONE', *, *, #4502, .T. ) ;
#3050 = FACE_OUTER_BOUND ( 'NONE', #3675, .T. ) ;
#3051 = ORIENTED_EDGE ( 'NONE', *, *, #2508, .T. ) ;
#3052 = DIRECTION ( 'NONE',  ( -0.000000000000000000, -0.000000000000000000, 1.000000000000000000 ) ) ;
#3053 = DIRECTION ( 'NONE',  ( 1.000000000000000000, 4.625929269271481969E-16, 0.000000000000000000 ) ) ;
#3054 = CARTESIAN_POINT ( 'NONE',  ( 197.1587489545561027, -0.4865446718707505669, 5.163814973801367003 ) ) ;
#3055 = EDGE_LOOP ( 'NONE', ( #563, #4899, #3221, #4847, #2957, #4970, #3747, #1734, #3930, #2535, #2486, #4365 ) ) ;
#3056 = ORIENTED_EDGE ( 'NONE', *, *, #4831, .F. ) ;
#3057 = B_SPLINE_CURVE_WITH_KNOTS ( 'NONE', 3,
 ( #1176, #2012, #95, #4786, #4504, #3211, #4458, #2070 ),
 .UNSPECIFIED., .F., .F.,
 ( 4, 2, 2, 4 ),
 ( 0.01387397855281317406, 0.01424302858978394176, 0.01461207862675470946, 0.01535017870069618935 ),
 .UNSPECIFIED. ) ;
#3058 = CARTESIAN_POINT ( 'NONE',  ( 85.98955106513263047, 40.34560896718168266, 6.000000000000000000 ) ) ;
#3059 = CARTESIAN_POINT ( 'NONE',  ( 200.0000000000000000, -0.4534449354225464357, 5.663297816231641413 ) ) ;
#3060 = VERTEX_POINT ( 'NONE', #367 ) ;
#3061 = DIRECTION ( 'NONE',  ( -1.000000000000000000, 0.000000000000000000, 0.000000000000000000 ) ) ;
#3062 = EDGE_LOOP ( 'NONE', ( #3940, #2580, #2332, #2325 ) ) ;
#3063 = DIRECTION ( 'NONE',  ( 0.000000000000000000, -1.000000000000000000, 0.000000000000000000 ) ) ;
#3064 = DIRECTION ( 'NONE',  ( 1.000000000000000000, 0.000000000000000000, 0.000000000000000000 ) ) ;
#3065 = ORIENTED_EDGE ( 'NONE', *, *, #4960, .F. ) ;
#3066 = EDGE_CURVE ( 'NONE', #3594, #3371, #3576, .T. ) ;
#3067 = DIRECTION ( 'NONE',  ( 0.4461978131097990574, 0.8949343616020298819, 0.000000000000000000 ) ) ;
#3068 = ORIENTED_EDGE ( 'NONE', *, *, #5029, .F. ) ;
#3069 = DIRECTION ( 'NONE',  ( -0.000000000000000000, -0.000000000000000000, -1.000000000000000000 ) ) ;
#3070 = CARTESIAN_POINT ( 'NONE',  ( 2.000000000000000000, 60.00000000000000000, 0.000000000000000000 ) ) ;
#3071 = CARTESIAN_POINT ( 'NONE',  ( 141.0000000000000000, 15.00000000000001243, 5.000000000000000000 ) ) ;
#3072 = EDGE_LOOP ( 'NONE', ( #1531, #3562, #263, #4622, #1056 ) ) ;
#3073 = EDGE_CURVE ( 'NONE', #3209, #5074, #417, .T. ) ;
#3074 = CARTESIAN_POINT ( 'NONE',  ( 155.6562707154499208, 11.42178533245210126, 6.793889850358325155 ) ) ;
#3075 = EDGE_LOOP ( 'NONE', ( #1729, #2864, #4074, #2850 ) ) ;
#3076 = ORIENTED_EDGE ( 'NONE', *, *, #3771, .F. ) ;
#3077 = DIRECTION ( 'NONE',  ( 0.7404331963952650586, 0.6721299589185790735, 0.000000000000000000 ) ) ;
#3078 = CARTESIAN_POINT ( 'NONE',  ( 127.8027442487000513, 60.00000000000000000, 6.999999999999999112 ) ) ;
#3079 = DIRECTION ( 'NONE',  ( -0.000000000000000000, 1.000000000000000000, 0.000000000000000000 ) ) ;
#3080 = ORIENTED_EDGE ( 'NONE', *, *, #3387, .T. ) ;
#3081 = EDGE_LOOP ( 'NONE', ( #2745, #2748, #4513, #730 ) ) ;
#3082 = CARTESIAN_POINT ( 'NONE',  ( 138.7383224615504957, 16.97099333131111010, 19.00000000000000000 ) ) ;
#3083 = CARTESIAN_POINT ( 'NONE',  ( 145.0624943690542636, 12.08518619781601622, 6.999999999999999112 ) ) ;
#3084 = ORIENTED_EDGE ( 'NONE', *, *, #1326, .F. ) ;
#3085 = DIRECTION ( 'NONE',  ( 0.000000000000000000, 0.7071067811865474617, 0.7071067811865474617 ) ) ;
#3086 = ORIENTED_EDGE ( 'NONE', *, *, #2058, .F. ) ;
#3087 = FACE_OUTER_BOUND ( 'NONE', #2428, .T. ) ;
#3088 = FACE_OUTER_BOUND ( 'NONE', #3543, .T. ) ;
#3089 = VERTEX_POINT ( 'NONE', #1134 ) ;
#3090 = VECTOR ( 'NONE', #131, 1000.000000000000000 ) ;
#3091 = PLANE ( 'NONE',  #2520 ) ;
#3092 = ORIENTED_EDGE ( 'NONE', *, *, #2137, .T. ) ;
#3093 = EDGE_LOOP ( 'NONE', ( #2874, #2715, #256, #608, #2229 ) ) ;
#3094 = CARTESIAN_POINT ( 'NONE',  ( 66.49999999999992895, 50.00000000000007816, 5.000000000000000000 ) ) ;
#3095 = DIRECTION ( 'NONE',  ( 0.000000000000000000, 0.000000000000000000, 1.000000000000000000 ) ) ;
#3096 = DIRECTION ( 'NONE',  ( 1.000000000000000000, 0.000000000000000000, 0.000000000000000000 ) ) ;
#3097 = VERTEX_POINT ( 'NONE', #18 ) ;
#3098 = EDGE_CURVE ( 'NONE', #37, #701, #2022, .T. ) ;
#3099 = AXIS2_PLACEMENT_3D ( 'NONE', #1731, #3310, #4888 ) ;
#3100 = EDGE_CURVE ( 'NONE', #1204, #272, #4917, .T. ) ;
#3101 = CARTESIAN_POINT ( 'NONE',  ( 164.8691818354178622, 9.048780292122822644, 6.999999999999999112 ) ) ;
#3102 = VECTOR ( 'NONE', #1354, 1000.000000000000114 ) ;
#3103 = ORIENTED_EDGE ( 'NONE', *, *, #974, .T. ) ;
#3104 = ORIENTED_EDGE ( 'NONE', *, *, #1359, .F. ) ;
#3105 = FACE_BOUND ( 'NONE', #1307, .T. ) ;
#3106 = CARTESIAN_POINT ( 'NONE',  ( 105.1801948466054881, 0.8284271247461789667, 5.000000000000000000 ) ) ;
#3107 = ADVANCED_FACE ( 'NONE', ( #1583 ), #4315, .F. ) ;
#3108 = CARTESIAN_POINT ( 'NONE',  ( 163.1989813451135660, 12.14897587572937709, 0.000000000000000000 ) ) ;
#3109 = EDGE_CURVE ( 'NONE', #759, #3979, #2361, .T. ) ;
#3110 = EDGE_LOOP ( 'NONE', ( #100, #840 ) ) ;
#3111 = EDGE_LOOP ( 'NONE', ( #2497, #4069, #2839, #2447, #1379, #1030 ) ) ;
#3112 = AXIS2_PLACEMENT_3D ( 'NONE', #4395, #3166, #2400 ) ;
#3113 = AXIS2_PLACEMENT_3D ( 'NONE', #3280, #2009, #4781 ) ;
#3114 = LINE ( 'NONE', #2395, #1183 ) ;
#3115 = AXIS2_PLACEMENT_3D ( 'NONE', #306, #1472, #1440 ) ;
#3116 = CARTESIAN_POINT ( 'NONE',  ( 165.1229240756680383, -31.65974691889345038, 0.000000000000000000 ) ) ;
#3117 = VERTEX_POINT ( 'NONE', #3996 ) ;
#3118 = AXIS2_PLACEMENT_3D ( 'NONE', #4156, #3441, #3412 ) ;
#3119 = DIRECTION ( 'NONE',  ( -0.000000000000000000, -0.000000000000000000, -1.000000000000000000 ) ) ;
#3120 = CIRCLE ( 'NONE', #3199, 1.399999999999998579 ) ;
#3121 = CARTESIAN_POINT ( 'NONE',  ( 163.1989813451135660, 10.14897587572937887, 19.00000000000000355 ) ) ;
#3122 = CARTESIAN_POINT ( 'NONE',  ( 92.65340010818641758, 48.54370749419725684, 3.000000000000000000 ) ) ;
#3123 = AXIS2_PLACEMENT_3D ( 'NONE', #1643, #3224, #3639 ) ;
#3124 = ORIENTED_EDGE ( 'NONE', *, *, #2127, .F. ) ;
#3125 = DIRECTION ( 'NONE',  ( 0.7071067811865446862, -0.7071067811865504593, -3.066586833366760602E-16 ) ) ;
#3126 = FACE_BOUND ( 'NONE', #869, .T. ) ;
#3127 = DIRECTION ( 'NONE',  ( -0.000000000000000000, -0.000000000000000000, 1.000000000000000000 ) ) ;
#3128 = DIRECTION ( 'NONE',  ( 1.000000000000000000, 0.000000000000000000, 0.000000000000000000 ) ) ;
#3129 = ORIENTED_EDGE ( 'NONE', *, *, #445, .T. ) ;
#3130 = EDGE_CURVE ( 'NONE', #5124, #229, #4510, .T. ) ;
#3131 = CARTESIAN_POINT ( 'NONE',  ( 143.5000000000000284, 33.00000000000000000, 2.000000000000001776 ) ) ;
#3132 = ORIENTED_EDGE ( 'NONE', *, *, #1798, .F. ) ;
#3133 = CARTESIAN_POINT ( 'NONE',  ( 9.999999999999991118, 54.99999999999988631, 5.000000000000000000 ) ) ;
#3134 = EDGE_CURVE ( 'NONE', #4696, #2090, #2021, .T. ) ;
#3135 = LINE ( 'NONE', #1941, #397 ) ;
#3136 = CARTESIAN_POINT ( 'NONE',  ( 143.4873074994309263, 12.03166067725165078, 5.340222032220424353 ) ) ;
#3137 = ORIENTED_EDGE ( 'NONE', *, *, #2238, .T. ) ;
#3138 = EDGE_LOOP ( 'NONE', ( #4640, #52, #2215, #792 ) ) ;
#3139 = EDGE_CURVE ( 'NONE', #921, #4206, #3177, .T. ) ;
#3140 = CARTESIAN_POINT ( 'NONE',  ( 9.999999999999978684, 32.49999999999990052, 3.449999999999996181 ) ) ;
#3141 = DIRECTION ( 'NONE',  ( -0.000000000000000000, -0.000000000000000000, -1.000000000000000000 ) ) ;
#3142 = ORIENTED_EDGE ( 'NONE', *, *, #4218, .T. ) ;
#3143 = DIRECTION ( 'NONE',  ( 0.000000000000000000, 0.000000000000000000, -1.000000000000000000 ) ) ;
#3144 = AXIS2_PLACEMENT_3D ( 'NONE', #34, #2871, #4754 ) ;
#3145 = CARTESIAN_POINT ( 'NONE',  ( 127.8027442487000513, 60.00000000000000000, 17.00000000000000000 ) ) ;
#3146 = ORIENTED_EDGE ( 'NONE', *, *, #3403, .T. ) ;
#3147 = DIRECTION ( 'NONE',  ( 1.000000000000000000, 0.000000000000000000, 0.000000000000000000 ) ) ;
#3148 = DIRECTION ( 'NONE',  ( 1.000000000000000000, 0.000000000000000000, 0.000000000000000000 ) ) ;
#3149 = LINE ( 'NONE', #4376, #3677 ) ;
#3150 = CARTESIAN_POINT ( 'NONE',  ( 177.5000000000000284, 39.50000000000000711, 0.000000000000000000 ) ) ;
#3151 = FACE_OUTER_BOUND ( 'NONE', #1768, .T. ) ;
#3152 = ORIENTED_EDGE ( 'NONE', *, *, #1797, .T. ) ;
#3153 = ORIENTED_EDGE ( 'NONE', *, *, #4181, .F. ) ;
#3154 = DIRECTION ( 'NONE',  ( -0.000000000000000000, -0.000000000000000000, 1.000000000000000000 ) ) ;
#3155 = ORIENTED_EDGE ( 'NONE', *, *, #4126, .F. ) ;
#3156 = CARTESIAN_POINT ( 'NONE',  ( 106.6534001081864176, 40.54370749419728526, 2.000000000000001776 ) ) ;
#3157 = CARTESIAN_POINT ( 'NONE',  ( 11.69999999999999574, 9.999999999999985789, 3.449999999999996181 ) ) ;
#3158 = DIRECTION ( 'NONE',  ( 1.000000000000000000, 0.000000000000000000, 0.000000000000000000 ) ) ;
#3159 = DIRECTION ( 'NONE',  ( -0.000000000000000000, -0.000000000000000000, -1.000000000000000000 ) ) ;
#3160 = DIRECTION ( 'NONE',  ( -0.7071067811865469066, 8.659560562354926695E-17, 0.7071067811865482389 ) ) ;
#3161 = VERTEX_POINT ( 'NONE', #2753 ) ;
#3162 = CIRCLE ( 'NONE', #2583, 1.700000000000007061 ) ;
#3163 = CARTESIAN_POINT ( 'NONE',  ( 172.5000000000000284, 39.50000000000000711, 0.000000000000000000 ) ) ;
#3164 = EDGE_CURVE ( 'NONE', #4139, #2310, #1104, .T. ) ;
#3165 = AXIS2_PLACEMENT_3D ( 'NONE', #223, #2173, #2660 ) ;
#3166 = DIRECTION ( 'NONE',  ( -0.9683921847460524868, 0.2494325089533590833, -0.000000000000000000 ) ) ;
#3167 = EDGE_CURVE ( 'NONE', #3273, #1241, #2316, .T. ) ;
#3168 = CARTESIAN_POINT ( 'NONE',  ( 143.5000000000000284, 33.00000000000000000, 0.000000000000000000 ) ) ;
#3169 = EDGE_CURVE ( 'NONE', #4206, #3849, #3007, .T. ) ;
#3170 = AXIS2_PLACEMENT_3D ( 'NONE', #1015, #2608, #3826 ) ;
#3171 = DIRECTION ( 'NONE',  ( -1.000000000000000000, 0.000000000000000000, 0.000000000000000000 ) ) ;
#3172 = VECTOR ( 'NONE', #4637, 1000.000000000000114 ) ;
#3173 = FACE_BOUND ( 'NONE', #2203, .T. ) ;
#3174 = CARTESIAN_POINT ( 'NONE',  ( 191.7000000000000171, 54.99999999999998579, 19.00000000000000000 ) ) ;
#3175 = CARTESIAN_POINT ( 'NONE',  ( 158.5000000000000284, 25.50000000000000000, 0.000000000000000000 ) ) ;
#3176 = EDGE_LOOP ( 'NONE', ( #3068, #3511, #1752, #4992 ) ) ;
#3177 = CIRCLE ( 'NONE', #938, 2.000000000000001776 ) ;
#3178 = DIRECTION ( 'NONE',  ( 0.000000000000000000, 0.000000000000000000, 1.000000000000000000 ) ) ;
#3179 = VERTEX_POINT ( 'NONE', #338 ) ;
#3180 = ORIENTED_EDGE ( 'NONE', *, *, #3941, .F. ) ;
#3181 = CARTESIAN_POINT ( 'NONE',  ( 150.0000000000000000, -14.99999999999999822, 15.00000000000000000 ) ) ;
#3182 = CARTESIAN_POINT ( 'NONE',  ( 105.6534001081864176, 48.54370749419727815, 2.000000000000001776 ) ) ;
#3183 = VECTOR ( 'NONE', #3013, 1000.000000000000000 ) ;
#3184 = CARTESIAN_POINT ( 'NONE',  ( 200.0000000000000000, 0.000000000000000000, 0.000000000000000000 ) ) ;
#3185 = ORIENTED_EDGE ( 'NONE', *, *, #5126, .T. ) ;
#3186 = VECTOR ( 'NONE', #1035, 999.9999999999998863 ) ;
#3187 = CIRCLE ( 'NONE', #950, 2.000000000000002220 ) ;
#3188 = DIRECTION ( 'NONE',  ( -1.000000000000000000, 0.000000000000000000, 0.000000000000000000 ) ) ;
#3189 = CARTESIAN_POINT ( 'NONE',  ( 157.1989813451135660, 12.14897587572937709, 19.00000000000000355 ) ) ;
#3190 = ORIENTED_EDGE ( 'NONE', *, *, #2376, .F. ) ;
#3191 = VECTOR ( 'NONE', #2279, 1000.000000000000114 ) ;
#3192 = SPHERICAL_SURFACE ( 'NONE', #1625, 2.000000000000000000 ) ;
#3193 = VECTOR ( 'NONE', #2410, 1000.000000000000114 ) ;
#3194 = EDGE_CURVE ( 'NONE', #4107, #4403, #3845, .T. ) ;
#3195 = VECTOR ( 'NONE', #780, 1000.000000000000000 ) ;
#3196 = ORIENTED_EDGE ( 'NONE', *, *, #2790, .T. ) ;
#3197 = DIRECTION ( 'NONE',  ( -0.000000000000000000, -0.000000000000000000, 1.000000000000000000 ) ) ;
#3198 = DIRECTION ( 'NONE',  ( -1.000000000000000000, 0.000000000000000000, 0.000000000000000000 ) ) ;
#3199 = AXIS2_PLACEMENT_3D ( 'NONE', #1355, #3009, #4955 ) ;
#3200 = EDGE_CURVE ( 'NONE', #990, #2069, #1607, .T. ) ;
#3201 = DIRECTION ( 'NONE',  ( 0.000000000000000000, 0.000000000000000000, -1.000000000000000000 ) ) ;
#3202 = ADVANCED_FACE ( 'NONE', ( #2128 ), #2882, .F. ) ;
#3203 = CARTESIAN_POINT ( 'NONE',  ( 114.1811597360324413, 52.63286644264487535, 9.000000000000001776 ) ) ;
#3204 = CARTESIAN_POINT ( 'NONE',  ( 177.5000000000000284, 26.50000000000000000, 0.000000000000000000 ) ) ;
#3205 = AXIS2_PLACEMENT_3D ( 'NONE', #627, #1795, #3373 ) ;
#3206 = EDGE_LOOP ( 'NONE', ( #4979, #766, #161, #4157 ) ) ;
#3207 = LINE ( 'NONE', #1306, #5016 ) ;
#3208 = ORIENTED_EDGE ( 'NONE', *, *, #1011, .T. ) ;
#3209 = VERTEX_POINT ( 'NONE', #1338 ) ;
#3210 = EDGE_CURVE ( 'NONE', #2258, #1136, #905, .T. ) ;
#3211 = CARTESIAN_POINT ( 'NONE',  ( 142.4108326764720687, 12.14897587572938242, 6.152636762213254507 ) ) ;
#3212 = ORIENTED_EDGE ( 'NONE', *, *, #4720, .F. ) ;
#3213 = LINE ( 'NONE', #3889, #4361 ) ;
#3214 = CIRCLE ( 'NONE', #2390, 2.000000000000001776 ) ;
#3215 = LINE ( 'NONE', #2854, #3999 ) ;
#3216 = EDGE_LOOP ( 'NONE', ( #3636, #3838 ) ) ;
#3217 = DIRECTION ( 'NONE',  ( -0.000000000000000000, -0.000000000000000000, -1.000000000000000000 ) ) ;
#3218 = CARTESIAN_POINT ( 'NONE',  ( 145.0624943690542636, 12.08518619781602865, 6.999999999999999112 ) ) ;
#3219 = VERTEX_POINT ( 'NONE', #4894 ) ;
#3220 = CARTESIAN_POINT ( 'NONE',  ( 115.5811597360324470, 52.63286644264487535, 0.000000000000000000 ) ) ;
#3221 = ORIENTED_EDGE ( 'NONE', *, *, #4348, .T. ) ;
#3222 = ORIENTED_EDGE ( 'NONE', *, *, #1581, .T. ) ;
#3223 = CARTESIAN_POINT ( 'NONE',  ( 105.6534001081864176, 39.54370749419727815, 3.000000000000000000 ) ) ;
#3224 = DIRECTION ( 'NONE',  ( 0.000000000000000000, 0.000000000000000000, 1.000000000000000000 ) ) ;
#3225 = DIRECTION ( 'NONE',  ( 0.000000000000000000, -0.000000000000000000, 1.000000000000000000 ) ) ;
#3226 = DIRECTION ( 'NONE',  ( 0.000000000000000000, 0.000000000000000000, 1.000000000000000000 ) ) ;
#3227 = VERTEX_POINT ( 'NONE', #879 ) ;
#3228 = DIRECTION ( 'NONE',  ( -1.000000000000000000, 0.000000000000000000, 0.000000000000000000 ) ) ;
#3229 = ORIENTED_EDGE ( 'NONE', *, *, #2244, .T. ) ;
#3230 = ADVANCED_FACE ( 'NONE', ( #4052 ), #2926, .F. ) ;
#3231 = LINE ( 'NONE', #2487, #3012 ) ;
#3232 = ORIENTED_EDGE ( 'NONE', *, *, #3736, .T. ) ;
#3233 = CARTESIAN_POINT ( 'NONE',  ( 145.0502525316941842, -10.05025253169416999, 45.52691193458120722 ) ) ;
#3234 = DIRECTION ( 'NONE',  ( 0.000000000000000000, 1.000000000000000000, 0.000000000000000000 ) ) ;
#3235 = DIRECTION ( 'NONE',  ( 0.000000000000000000, 0.000000000000000000, -1.000000000000000000 ) ) ;
#3236 = EDGE_CURVE ( 'NONE', #228, #4544, #3682, .T. ) ;
#3237 = EDGE_LOOP ( 'NONE', ( #1214, #448, #294, #4427, #3986 ) ) ;
#3238 = EDGE_CURVE ( 'NONE', #36, #1962, #850, .T. ) ;
#3239 = ADVANCED_FACE ( 'NONE', ( #158 ), #2468, .T. ) ;
#3240 = CARTESIAN_POINT ( 'NONE',  ( 143.9468557321240496, 14.43782449889054575, 19.00000000000000000 ) ) ;
#3241 = CARTESIAN_POINT ( 'NONE',  ( 0.000000000000000000, 57.99999999999999289, 3.000000000000000000 ) ) ;
#3242 = ORIENTED_EDGE ( 'NONE', *, *, #535, .T. ) ;
#3243 = FACE_OUTER_BOUND ( 'NONE', #3813, .T. ) ;
#3244 = VERTEX_POINT ( 'NONE', #2493 ) ;
#3245 = DIRECTION ( 'NONE',  ( -0.000000000000000000, -0.000000000000000000, -1.000000000000000000 ) ) ;
#3246 = ORIENTED_EDGE ( 'NONE', *, *, #4160, .F. ) ;
#3247 = AXIS2_PLACEMENT_3D ( 'NONE', #2047, #495, #2074 ) ;
#3248 = DIRECTION ( 'NONE',  ( 1.000000000000000000, -0.000000000000000000, -0.000000000000000000 ) ) ;
#3249 = CARTESIAN_POINT ( 'NONE',  ( 177.5000000000000284, 40.50000000000000711, 19.00000000000000000 ) ) ;
#3250 = VERTEX_POINT ( 'NONE', #1713 ) ;
#3251 = DIRECTION ( 'NONE',  ( -0.000000000000000000, -0.000000000000000000, 1.000000000000000000 ) ) ;
#3252 = CARTESIAN_POINT ( 'NONE',  ( 10.84676453271572427, 58.14024372344303515, 4.995449997053587943 ) ) ;
#3253 = CARTESIAN_POINT ( 'NONE',  ( 198.0000000000000000, 57.99999999999999289, 5.000000000000000000 ) ) ;
#3254 = DIRECTION ( 'NONE',  ( -1.000000000000000000, 0.000000000000000000, 0.000000000000000000 ) ) ;
#3255 = ORIENTED_EDGE ( 'NONE', *, *, #1818, .F. ) ;
#3256 = LINE ( 'NONE', #2875, #697 ) ;
#3257 = ORIENTED_EDGE ( 'NONE', *, *, #2165, .F. ) ;
#3258 = CARTESIAN_POINT ( 'NONE',  ( 127.8027442487000513, 57.99999999999998579, 6.999999999999999112 ) ) ;
#3259 = ADVANCED_FACE ( 'NONE', ( #2547 ), #4078, .F. ) ;
#3260 = AXIS2_PLACEMENT_3D ( 'NONE', #3983, #5090, #427 ) ;
#3261 = CARTESIAN_POINT ( 'NONE',  ( 8.299999999999981171, 32.49999999999990052, 0.000000000000000000 ) ) ;
#3262 = DIRECTION ( 'NONE',  ( -1.000000000000000000, 0.000000000000000000, 0.000000000000000000 ) ) ;
#3263 = CIRCLE ( 'NONE', #4580, 1.600000000000018074 ) ;
#3264 = DIRECTION ( 'NONE',  ( -0.000000000000000000, -0.000000000000000000, -1.000000000000000000 ) ) ;
#3265 = CIRCLE ( 'NONE', #3506, 1.700000000000007061 ) ;
#3266 = CARTESIAN_POINT ( 'NONE',  ( 188.3000000000000114, 10.00000000000000888, 0.000000000000000000 ) ) ;
#3267 = EDGE_CURVE ( 'NONE', #3227, #2604, #2105, .T. ) ;
#3268 = ORIENTED_EDGE ( 'NONE', *, *, #26, .T. ) ;
#3269 = AXIS2_PLACEMENT_3D ( 'NONE', #4023, #5134, #473 ) ;
#3270 = ORIENTED_EDGE ( 'NONE', *, *, #1521, .F. ) ;
#3271 = AXIS2_PLACEMENT_3D ( 'NONE', #2042, #123, #537 ) ;
#3272 = DIRECTION ( 'NONE',  ( -0.4461978131098022216, -0.8949343616020284387, 0.000000000000000000 ) ) ;
#3273 = VERTEX_POINT ( 'NONE', #1736 ) ;
#3274 = VECTOR ( 'NONE', #4321, 1000.000000000000000 ) ;
#3275 = LINE ( 'NONE', #813, #4441 ) ;
#3276 = PLANE ( 'NONE',  #3292 ) ;
#3277 = AXIS2_PLACEMENT_3D ( 'NONE', #1526, #4281, #721 ) ;
#3278 = DIRECTION ( 'NONE',  ( 0.000000000000000000, 0.000000000000000000, -1.000000000000000000 ) ) ;
#3279 = AXIS2_PLACEMENT_3D ( 'NONE', #2548, #4134, #2928 ) ;
#3280 = CARTESIAN_POINT ( 'NONE',  ( 0.000000000000000000, 37.54370749419727815, 3.000000000000000000 ) ) ;
#3281 = DIRECTION ( 'NONE',  ( -0.000000000000000000, -0.000000000000000000, 1.000000000000000000 ) ) ;
#3282 = AXIS2_PLACEMENT_3D ( 'NONE', #4898, #885, #2496 ) ;
#3283 = ORIENTED_EDGE ( 'NONE', *, *, #1367, .T. ) ;
#3284 = EDGE_LOOP ( 'NONE', ( #5128, #354, #5111, #4767 ) ) ;
#3285 = DIRECTION ( 'NONE',  ( -1.000000000000000000, 0.000000000000000000, 0.000000000000000000 ) ) ;
#3286 = AXIS2_PLACEMENT_3D ( 'NONE', #1702, #4862, #3254 ) ;
#3287 = ORIENTED_EDGE ( 'NONE', *, *, #2249, .T. ) ;
#3288 = CYLINDRICAL_SURFACE ( 'NONE', #2118, 1.699999999999993072 ) ;
#3289 = DIRECTION ( 'NONE',  ( 0.9683921847460533749, -0.2494325089533556417, 0.000000000000000000 ) ) ;
#3290 = DIRECTION ( 'NONE',  ( -0.000000000000000000, -0.000000000000000000, -1.000000000000000000 ) ) ;
#3291 = VECTOR ( 'NONE', #1128, 1000.000000000000000 ) ;
#3292 = AXIS2_PLACEMENT_3D ( 'NONE', #4855, #1590, #860 ) ;
#3293 = EDGE_CURVE ( 'NONE', #3521, #2545, #2904, .T. ) ;
#3294 = DIRECTION ( 'NONE',  ( -0.000000000000000000, -0.000000000000000000, -1.000000000000000000 ) ) ;
#3295 = AXIS2_PLACEMENT_3D ( 'NONE', #4891, #4553, #1778 ) ;
#3296 = CARTESIAN_POINT ( 'NONE',  ( 200.0000000000000000, 2.580426667282538222, 5.000000000000000000 ) ) ;
#3297 = ORIENTED_EDGE ( 'NONE', *, *, #3452, .T. ) ;
#3298 = VERTEX_POINT ( 'NONE', #497 ) ;
#3299 = EDGE_CURVE ( 'NONE', #1693, #5036, #952, .T. ) ;
#3300 = DIRECTION ( 'NONE',  ( 0.000000000000000000, 0.000000000000000000, 1.000000000000000000 ) ) ;
#3301 = EDGE_LOOP ( 'NONE', ( #302, #364, #3124, #681 ) ) ;
#3302 = CARTESIAN_POINT ( 'NONE',  ( 195.9098143676281154, -1.011754071403876187, 4.999999999999999112 ) ) ;
#3303 = ADVANCED_FACE ( 'NONE', ( #1290 ), #2076, .F. ) ;
#3304 = SPHERICAL_SURFACE ( 'NONE', #1213, 2.000000000000000000 ) ;
#3305 = VERTEX_POINT ( 'NONE', #4022 ) ;
#3306 = CARTESIAN_POINT ( 'NONE',  ( 9.999999999999978684, 32.49999999999990052, 5.000000000000000000 ) ) ;
#3307 = DIRECTION ( 'NONE',  ( -1.000000000000000000, 0.000000000000000000, 0.000000000000000000 ) ) ;
#3308 = CARTESIAN_POINT ( 'NONE',  ( 121.2928237183148639, 52.43466815988228547, 6.000000000000000000 ) ) ;
#3309 = VERTEX_POINT ( 'NONE', #103 ) ;
#3310 = DIRECTION ( 'NONE',  ( 0.6569977771037099901, 0.7538925128165049339, 0.000000000000000000 ) ) ;
#3311 = ORIENTED_EDGE ( 'NONE', *, *, #3098, .T. ) ;
#3312 = DIRECTION ( 'NONE',  ( 0.000000000000000000, -0.000000000000000000, -1.000000000000000000 ) ) ;
#3313 = DIRECTION ( 'NONE',  ( -0.000000000000000000, -0.000000000000000000, -1.000000000000000000 ) ) ;
#3314 = CARTESIAN_POINT ( 'NONE',  ( 141.0000000000000000, 15.00000000000001243, 19.00000000000000000 ) ) ;
#3315 = DIRECTION ( 'NONE',  ( -0.6721299589185770751, 0.7404331963952669460, 0.000000000000000000 ) ) ;
#3316 = LINE ( 'NONE', #546, #1281 ) ;
#3317 = ORIENTED_EDGE ( 'NONE', *, *, #2376, .T. ) ;
#3318 = DIRECTION ( 'NONE',  ( 0.6721299589185770751, -0.7404331963952669460, 0.000000000000000000 ) ) ;
#3319 = ORIENTED_EDGE ( 'NONE', *, *, #2594, .F. ) ;
#3320 =( BOUNDED_SURFACE ( )  B_SPLINE_SURFACE ( 3, 2, ( 
 ( #1863, #3436, #3302 ),
 ( #141, #933, #166 ),
 ( #4254, #1321, #5021 ),
 ( #309, #4609, #3054 ),
 ( #4472, #4140, #2498 ),
 ( #1744, #2525, #667 ) ),
 .UNSPECIFIED., .F., .F., .T. ) 
 B_SPLINE_SURFACE_WITH_KNOTS ( ( 4, 2, 4 ),
 ( 3, 3 ),
 ( 1.570796326794896558, 1.886133703952844964, 2.201471081110793371 ),
 ( 0.000000000000000000, 1.000000000000000000 ),
 .UNSPECIFIED. ) 
 GEOMETRIC_REPRESENTATION_ITEM ( )  RATIONAL_B_SPLINE_SURFACE ( (
 ( 1.000000000000000000, 0.7071067811865477948, 1.000000000000000000),
 ( 1.000000000000000000, 0.7275301977210533177, 1.000000000000000000),
 ( 1.000000000000000000, 0.7470366126461809309, 1.000000000000000000),
 ( 1.000000000000000000, 0.7829194493042053171, 1.000000000000000000),
 ( 1.000000000000000000, 0.7992975438153578915, 1.000000000000000000),
 ( 1.000000000000000000, 0.8136224601943888857, 1.000000000000000000) ) ) 
 REPRESENTATION_ITEM ( '' )  SURFACE ( )  );
#3321 = EDGE_CURVE ( 'NONE', #2738, #3922, #471, .T. ) ;
#3322 = CARTESIAN_POINT ( 'NONE',  ( 105.6534001081864176, 39.54370749419727815, 9.000000000000001776 ) ) ;
#3323 = DIRECTION ( 'NONE',  ( 0.000000000000000000, 0.000000000000000000, -1.000000000000000000 ) ) ;
#3324 = ORIENTED_EDGE ( 'NONE', *, *, #1491, .T. ) ;
#3325 = DIRECTION ( 'NONE',  ( 0.000000000000000000, 0.000000000000000000, -1.000000000000000000 ) ) ;
#3326 = EDGE_CURVE ( 'NONE', #4097, #733, #3265, .T. ) ;
#3327 = FACE_OUTER_BOUND ( 'NONE', #3376, .T. ) ;
#3328 = SPHERICAL_SURFACE ( 'NONE', #2621, 2.000000000000000000 ) ;
#3329 = ORIENTED_EDGE ( 'NONE', *, *, #48, .T. ) ;
#3330 = CIRCLE ( 'NONE', #774, 1.600000000000018074 ) ;
#3331 = CARTESIAN_POINT ( 'NONE',  ( 164.3252647149469396, 8.492674108026761814, 5.499286395024782337 ) ) ;
#3332 = ORIENTED_EDGE ( 'NONE', *, *, #3545, .F. ) ;
#3333 = FACE_BOUND ( 'NONE', #3544, .T. ) ;
#3334 = DIRECTION ( 'NONE',  ( -0.000000000000000000, -1.000000000000000000, -0.000000000000000000 ) ) ;
#3335 = FACE_OUTER_BOUND ( 'NONE', #5056, .T. ) ;
#3336 = EDGE_CURVE ( 'NONE', #3219, #4256, #2438, .T. ) ;
#3337 = DIRECTION ( 'NONE',  ( 0.000000000000000000, 0.7071067811865474617, -0.7071067811865474617 ) ) ;
#3338 = VECTOR ( 'NONE', #1572, 999.9999999999998863 ) ;
#3339 = CARTESIAN_POINT ( 'NONE',  ( 198.0000000000000000, 60.00000000000000000, 5.000000000000000000 ) ) ;
#3340 = DIRECTION ( 'NONE',  ( -1.000000000000000000, 0.000000000000000000, 0.000000000000000000 ) ) ;
#3341 = AXIS2_PLACEMENT_3D ( 'NONE', #1275, #4780, #2425 ) ;
#3342 = VERTEX_POINT ( 'NONE', #2175 ) ;
#3343 = VECTOR ( 'NONE', #4178, 1000.000000000000000 ) ;
#3344 = CYLINDRICAL_SURFACE ( 'NONE', #3528, 1.999999999999999778 ) ;
#3345 = VERTEX_POINT ( 'NONE', #4152 ) ;
#3346 = AXIS2_PLACEMENT_3D ( 'NONE', #3021, #244, #1071 ) ;
#3347 = DIRECTION ( 'NONE',  ( 0.000000000000000000, 0.000000000000000000, -1.000000000000000000 ) ) ;
#3348 = ORIENTED_EDGE ( 'NONE', *, *, #4618, .F. ) ;
#3349 = ADVANCED_FACE ( 'NONE', ( #2274 ), #3752, .F. ) ;
#3350 = CIRCLE ( 'NONE', #1536, 2.000000000000000000 ) ;
#3351 = DIRECTION ( 'NONE',  ( -0.000000000000000000, 0.000000000000000000, 1.000000000000000000 ) ) ;
#3352 = CARTESIAN_POINT ( 'NONE',  ( 2.000000000000000000, 57.99999999999999289, 3.000000000000000000 ) ) ;
#3353 = ORIENTED_EDGE ( 'NONE', *, *, #2036, .T. ) ;
#3354 = AXIS2_PLACEMENT_3D ( 'NONE', #2004, #3197, #1270 ) ;
#3355 = EDGE_CURVE ( 'NONE', #2020, #3591, #1782, .T. ) ;
#3356 = ADVANCED_FACE ( 'NONE', ( #3862 ), #2223, .T. ) ;
#3357 = CARTESIAN_POINT ( 'NONE',  ( 9.999999999999978684, 32.49999999999990052, 0.000000000000000000 ) ) ;
#3358 = VERTEX_POINT ( 'NONE', #304 ) ;
#3359 = CARTESIAN_POINT ( 'NONE',  ( 161.3226557718047900, 8.148975875729378870, 4.999999999999998224 ) ) ;
#3360 = DIRECTION ( 'NONE',  ( -1.000000000000000000, 0.000000000000000000, 0.000000000000000000 ) ) ;
#3361 = VECTOR ( 'NONE', #4969, 1000.000000000000000 ) ;
#3362 = LINE ( 'NONE', #3429, #2585 ) ;
#3363 = AXIS2_PLACEMENT_3D ( 'NONE', #214, #3725, #1385 ) ;
#3364 = LINE ( 'NONE', #3781, #4018 ) ;
#3365 = CARTESIAN_POINT ( 'NONE',  ( 95.65340010818641758, 40.54370749419727815, 5.000000000000000000 ) ) ;
#3366 = ORIENTED_EDGE ( 'NONE', *, *, #2216, .F. ) ;
#3367 = CIRCLE ( 'NONE', #2626, 10.00000000000000000 ) ;
#3368 = DIRECTION ( 'NONE',  ( -0.000000000000000000, -0.000000000000000000, -1.000000000000000000 ) ) ;
#3369 = ORIENTED_EDGE ( 'NONE', *, *, #2188, .F. ) ;
#3370 = DIRECTION ( 'NONE',  ( -0.000000000000000000, -0.000000000000000000, 1.000000000000000000 ) ) ;
#3371 = VERTEX_POINT ( 'NONE', #2663 ) ;
#3372 = CARTESIAN_POINT ( 'NONE',  ( 92.65340010818641758, 0.000000000000000000, 5.000000000000000000 ) ) ;
#3373 = DIRECTION ( 'NONE',  ( -0.000000000000000000, 0.000000000000000000, -1.000000000000000000 ) ) ;
#3374 = ORIENTED_EDGE ( 'NONE', *, *, #418, .T. ) ;
#3375 = DIRECTION ( 'NONE',  ( -0.7071067811865461294, 0.7071067811865489050, -0.000000000000000000 ) ) ;
#3376 = EDGE_LOOP ( 'NONE', ( #588, #2195, #668, #3654 ) ) ;
#3377 = CARTESIAN_POINT ( 'NONE',  ( 140.0663718926538763, 12.14897587572937887, 6.999999999999999112 ) ) ;
#3378 = CYLINDRICAL_SURFACE ( 'NONE', #4864, 1.599999999999990319 ) ;
#3379 = DIRECTION ( 'NONE',  ( 1.000000000000000000, 0.000000000000000000, 0.000000000000000000 ) ) ;
#3380 = VERTEX_POINT ( 'NONE', #593 ) ;
#3381 = EDGE_CURVE ( 'NONE', #5070, #432, #3364, .T. ) ;
#3382 = CARTESIAN_POINT ( 'NONE',  ( 123.5728273274112468, 60.00000000000000000, 2.999999999999999112 ) ) ;
#3383 = FACE_OUTER_BOUND ( 'NONE', #3728, .T. ) ;
#3384 = LINE ( 'NONE', #998, #3538 ) ;
#3385 = EDGE_CURVE ( 'NONE', #3734, #832, #4605, .T. ) ;
#3386 = VERTEX_POINT ( 'NONE', #688 ) ;
#3387 = EDGE_CURVE ( 'NONE', #752, #107, #2641, .T. ) ;
#3388 = LINE ( 'NONE', #2230, #3361 ) ;
#3389 = ORIENTED_EDGE ( 'NONE', *, *, #3783, .T. ) ;
#3390 = ADVANCED_FACE ( 'NONE', ( #3050 ), #3808, .T. ) ;
#3391 = FACE_OUTER_BOUND ( 'NONE', #4108, .T. ) ;
#3392 = ORIENTED_EDGE ( 'NONE', *, *, #4129, .T. ) ;
#3393 = CYLINDRICAL_SURFACE ( 'NONE', #3600, 1.000000000000000888 ) ;
#3394 = CARTESIAN_POINT ( 'NONE',  ( 127.8027442487000513, 60.00000000000000000, 17.00000000000000000 ) ) ;
#3395 = ORIENTED_EDGE ( 'NONE', *, *, #350, .F. ) ;
#3396 = LINE ( 'NONE', #4598, #277 ) ;
#3397 = VERTEX_POINT ( 'NONE', #1394 ) ;
#3398 = CARTESIAN_POINT ( 'NONE',  ( 155.2522456603546459, 9.674877659355750836, 5.007701576098508411 ) ) ;
#3399 = CARTESIAN_POINT ( 'NONE',  ( 163.1989813451135660, 8.148975875729380647, -0.000000000000000000 ) ) ;
#3400 = AXIS2_PLACEMENT_3D ( 'NONE', #1257, #2124, #3653 ) ;
#3401 = CARTESIAN_POINT ( 'NONE',  ( 94.65340010818641758, 48.54370749419727105, 2.000000000000001776 ) ) ;
#3402 = CIRCLE ( 'NONE', #3919, 1.000000000000000888 ) ;
#3403 = EDGE_CURVE ( 'NONE', #312, #1807, #2776, .T. ) ;
#3404 = CARTESIAN_POINT ( 'NONE',  ( 123.8861271379411733, 59.99999999999999289, 5.087132579753300021 ) ) ;
#3405 = DIRECTION ( 'NONE',  ( -1.000000000000000000, 0.000000000000000000, 0.000000000000000000 ) ) ;
#3406 = CARTESIAN_POINT ( 'NONE',  ( 134.0900974233026375, -30.90990257669728436, 3.000000000000002665 ) ) ;
#3407 = ORIENTED_EDGE ( 'NONE', *, *, #1582, .T. ) ;
#3408 = ORIENTED_EDGE ( 'NONE', *, *, #727, .F. ) ;
#3409 = ORIENTED_EDGE ( 'NONE', *, *, #1797, .F. ) ;
#3410 = EDGE_CURVE ( 'NONE', #907, #1058, #1439, .T. ) ;
#3411 = ADVANCED_FACE ( 'NONE', ( #1857 ), #613, .F. ) ;
#3412 = DIRECTION ( 'NONE',  ( -1.000000000000000000, 0.000000000000000000, 0.000000000000000000 ) ) ;
#3413 = CIRCLE ( 'NONE', #4175, 2.000000000000000000 ) ;
#3414 = CARTESIAN_POINT ( 'NONE',  ( 88.53287859985850616, 45.44673482831323241, 0.000000000000000000 ) ) ;
#3415 = ADVANCED_FACE ( 'NONE', ( #1828 ), #3484, .T. ) ;
#3416 = EDGE_LOOP ( 'NONE', ( #1185, #2495, #3823, #1117 ) ) ;
#3417 = CARTESIAN_POINT ( 'NONE',  ( 0.000000000000000000, 0.000000000000000000, 6.000000000000000000 ) ) ;
#3418 = ORIENTED_EDGE ( 'NONE', *, *, #742, .F. ) ;
#3419 = AXIS2_PLACEMENT_3D ( 'NONE', #3630, #519, #1661 ) ;
#3420 = AXIS2_PLACEMENT_3D ( 'NONE', #991, #1850, #2239 ) ;
#3421 = DIRECTION ( 'NONE',  ( -1.000000000000000000, 0.000000000000000000, 0.000000000000000000 ) ) ;
#3422 = CARTESIAN_POINT ( 'NONE',  ( 155.1989813451135660, 10.14897587572937354, 5.109729448968672649 ) ) ;
#3423 = ORIENTED_EDGE ( 'NONE', *, *, #1825, .F. ) ;
#3424 = AXIS2_PLACEMENT_3D ( 'NONE', #4325, #7, #761 ) ;
#3425 = CARTESIAN_POINT ( 'NONE',  ( 164.8426301400383238, 9.005226783456647510, 6.496079974599807016 ) ) ;
#3426 = ORIENTED_EDGE ( 'NONE', *, *, #4994, .T. ) ;
#3427 = CARTESIAN_POINT ( 'NONE',  ( 105.6534001081864176, 39.54370749419727815, 2.000000000000001776 ) ) ;
#3428 = DIRECTION ( 'NONE',  ( -1.000000000000000000, 0.000000000000000000, 0.000000000000000000 ) ) ;
#3429 = CARTESIAN_POINT ( 'NONE',  ( 102.3517677218592752, 0.000000000000000000, 5.000000000000000000 ) ) ;
#3430 = AXIS2_PLACEMENT_3D ( 'NONE', #3834, #5019, #4631 ) ;
#3431 = CARTESIAN_POINT ( 'NONE',  ( 123.8790080539621954, 57.91484732911365541, 4.999999999999999112 ) ) ;
#3432 = VERTEX_POINT ( 'NONE', #2746 ) ;
#3433 = LINE ( 'NONE', #1395, #4116 ) ;
#3434 = CIRCLE ( 'NONE', #1697, 2.000000000000000000 ) ;
#3435 = ORIENTED_EDGE ( 'NONE', *, *, #1685, .T. ) ;
#3436 = CARTESIAN_POINT ( 'NONE',  ( 197.2540742854652649, -2.492620464194405194, 4.999999999999997335 ) ) ;
#3437 = ORIENTED_EDGE ( 'NONE', *, *, #3040, .F. ) ;
#3438 = ORIENTED_EDGE ( 'NONE', *, *, #4582, .T. ) ;
#3439 = ADVANCED_FACE ( 'NONE', ( #795 ), #4653, .F. ) ;
#3440 = VECTOR ( 'NONE', #4414, 1000.000000000000000 ) ;
#3441 = DIRECTION ( 'NONE',  ( -0.000000000000000000, -0.000000000000000000, -1.000000000000000000 ) ) ;
#3442 = CARTESIAN_POINT ( 'NONE',  ( 200.0000000000000284, 2.695468239883906068E-12, 6.791808105824062913 ) ) ;
#3443 = CIRCLE ( 'NONE', #3363, 2.000000000000000444 ) ;
#3444 = EDGE_LOOP ( 'NONE', ( #4797, #1065, #5020, #391, #5081, #385, #710, #1224 ) ) ;
#3445 = CARTESIAN_POINT ( 'NONE',  ( 177.5000000000000284, 24.49999999999999645, 0.000000000000000000 ) ) ;
#3446 = ORIENTED_EDGE ( 'NONE', *, *, #446, .F. ) ;
#3447 = EDGE_CURVE ( 'NONE', #4732, #3219, #3570, .T. ) ;
#3448 = CIRCLE ( 'NONE', #307, 1.699999999999998401 ) ;
#3449 = VECTOR ( 'NONE', #3370, 1000.000000000000000 ) ;
#3450 = AXIS2_PLACEMENT_3D ( 'NONE', #2828, #265, #2197 ) ;
#3451 = DIRECTION ( 'NONE',  ( 0.9456450503479991720, 0.3252006130872606149, -0.000000000000000000 ) ) ;
#3452 = EDGE_CURVE ( 'NONE', #107, #432, #3939, .T. ) ;
#3453 = CARTESIAN_POINT ( 'NONE',  ( 143.4479907142173261, 12.50104012939844011, 6.999999999999999112 ) ) ;
#3454 = VERTEX_POINT ( 'NONE', #1991 ) ;
#3455 = FACE_OUTER_BOUND ( 'NONE', #205, .T. ) ;
#3456 = ORIENTED_EDGE ( 'NONE', *, *, #1587, .F. ) ;
#3457 = CARTESIAN_POINT ( 'NONE',  ( 191.7000000000000739, 32.50000000000004974, 5.000000000000000000 ) ) ;
#3458 = DIRECTION ( 'NONE',  ( 0.000000000000000000, -0.000000000000000000, -1.000000000000000000 ) ) ;
#3459 = DIRECTION ( 'NONE',  ( -0.000000000000000000, -1.000000000000000000, -0.000000000000000000 ) ) ;
#3460 = CARTESIAN_POINT ( 'NONE',  ( 125.0000000000000142, 60.00000000000000000, 6.999999999999999112 ) ) ;
#3461 = ORIENTED_EDGE ( 'NONE', *, *, #3098, .F. ) ;
#3462 = CYLINDRICAL_SURFACE ( 'NONE', #3430, 2.999999999999975131 ) ;
#3463 = FACE_OUTER_BOUND ( 'NONE', #1329, .T. ) ;
#3464 = DIRECTION ( 'NONE',  ( 0.7071067811865482389, 0.000000000000000000, 0.7071067811865469066 ) ) ;
#3465 = ORIENTED_EDGE ( 'NONE', *, *, #2544, .F. ) ;
#3466 = ORIENTED_EDGE ( 'NONE', *, *, #5119, .T. ) ;
#3467 = CARTESIAN_POINT ( 'NONE',  ( 123.1087098993040030, 59.34959877382549109, 5.000000000000000000 ) ) ;
#3468 = CARTESIAN_POINT ( 'NONE',  ( 191.7000000000000171, 54.99999999999998579, 5.000000000000000000 ) ) ;
#3469 = VERTEX_POINT ( 'NONE', #12 ) ;
#3470 = DIRECTION ( 'NONE',  ( -0.000000000000000000, -0.000000000000000000, 1.000000000000000000 ) ) ;
#3471 = ORIENTED_EDGE ( 'NONE', *, *, #1047, .F. ) ;
#3472 = ADVANCED_FACE ( 'NONE', ( #1124 ), #5127, .T. ) ;
#3473 = EDGE_CURVE ( 'NONE', #340, #932, #4382, .T. ) ;
#3474 = EDGE_CURVE ( 'NONE', #2011, #4617, #4545, .T. ) ;
#3475 = CARTESIAN_POINT ( 'NONE',  ( 163.7786641578309172, -30.17888052610295446, 5.000000000000000000 ) ) ;
#3476 = LINE ( 'NONE', #5086, #1883 ) ;
#3477 = ORIENTED_EDGE ( 'NONE', *, *, #1006, .F. ) ;
#3478 = EDGE_CURVE ( 'NONE', #1136, #2612, #1532, .T. ) ;
#3479 = ADVANCED_FACE ( 'NONE', ( #2357 ), #718, .F. ) ;
#3480 = DIRECTION ( 'NONE',  ( -1.000000000000000000, 0.000000000000000000, 0.000000000000000000 ) ) ;
#3481 = ORIENTED_EDGE ( 'NONE', *, *, #4103, .T. ) ;
#3482 = FACE_BOUND ( 'NONE', #4712, .T. ) ;
#3483 = FACE_OUTER_BOUND ( 'NONE', #4723, .T. ) ;
#3484 =( BOUNDED_SURFACE ( )  B_SPLINE_SURFACE ( 3, 2, ( 
 ( #4964, #226, #3382 ),
 ( #3431, #3404, #4918 ),
 ( #1470, #1021, #4985 ),
 ( #1438, #1369, #4629 ),
 ( #4536, #2952, #977 ),
 ( #2569, #2408, #4278 ),
 ( #2771, #2720, #4731 ),
 ( #4306, #331, #4760 ),
 ( #411, #5096, #743 ),
 ( #2387, #3460, #1148 ) ),
 .UNSPECIFIED., .F., .F., .T. ) 
 B_SPLINE_SURFACE_WITH_KNOTS ( ( 4, 2, 2, 2, 4 ),
 ( 3, 3 ),
 ( 1.570796326794896558, 1.963495408493620697, 2.356194490192344837, 2.748893571891068976, 3.141592653589793116 ),
 ( 0.000000000000000000, 1.000000000000000000 ),
 .UNSPECIFIED. ) 
 GEOMETRIC_REPRESENTATION_ITEM ( )  RATIONAL_B_SPLINE_SURFACE ( (
 ( 1.000000000000000000, 0.7071067811865487940, 1.000000000000000000),
 ( 1.000000000000000000, 0.6920635470940290634, 1.000000000000000000),
 ( 1.000000000000000000, 0.6765061226204868161, 1.000000000000000000),
 ( 1.000000000000000000, 0.6467860697365440670, 1.000000000000000000),
 ( 1.000000000000000000, 0.6326306906749045167, 1.000000000000000000),
 ( 1.000000000000000000, 0.6083757083738509097, 1.000000000000000000),
 ( 1.000000000000000000, 0.5983055104241300493, 1.000000000000000000),
 ( 1.000000000000000000, 0.5845332863766535825, 1.000000000000000000),
 ( 1.000000000000000000, 0.5808337702379622325, 1.000000000000000000),
 ( 1.000000000000000000, 0.5808611653884000470, 1.000000000000000000) ) ) 
 REPRESENTATION_ITEM ( '' )  SURFACE ( )  );
#3485 = DIRECTION ( 'NONE',  ( 0.000000000000000000, 0.000000000000000000, -1.000000000000000000 ) ) ;
#3486 = ORIENTED_EDGE ( 'NONE', *, *, #2394, .T. ) ;
#3487 = ORIENTED_EDGE ( 'NONE', *, *, #6, .F. ) ;
#3488 = ORIENTED_EDGE ( 'NONE', *, *, #1804, .F. ) ;
#3489 = VECTOR ( 'NONE', #2018, 1000.000000000000000 ) ;
#3490 = CYLINDRICAL_SURFACE ( 'NONE', #1449, 1.999999999999998890 ) ;
#3491 = CARTESIAN_POINT ( 'NONE',  ( 102.3517677218592752, -2.000000000000000000, 108.8283423249224455 ) ) ;
#3492 = LINE ( 'NONE', #3184, #1836 ) ;
#3493 = VERTEX_POINT ( 'NONE', #3887 ) ;
#3494 = ORIENTED_EDGE ( 'NONE', *, *, #2133, .F. ) ;
#3495 = AXIS2_PLACEMENT_3D ( 'NONE', #4916, #199, #976 ) ;
#3496 = CYLINDRICAL_SURFACE ( 'NONE', #4836, 22.49999999999999289 ) ;
#3497 = LINE ( 'NONE', #4694, #530 ) ;
#3498 = VERTEX_POINT ( 'NONE', #3942 ) ;
#3499 = PLANE ( 'NONE',  #139 ) ;
#3500 = VERTEX_POINT ( 'NONE', #3101 ) ;
#3501 = DIRECTION ( 'NONE',  ( -0.3252006130872606149, 0.9456450503479991720, 0.000000000000000000 ) ) ;
#3502 = VECTOR ( 'NONE', #2317, 1000.000000000000000 ) ;
#3503 = CARTESIAN_POINT ( 'NONE',  ( 2.000000000000000000, 57.99999999999999289, 5.000000000000000000 ) ) ;
#3504 = ORIENTED_EDGE ( 'NONE', *, *, #3194, .F. ) ;
#3505 = EDGE_CURVE ( 'NONE', #538, #2848, #388, .T. ) ;
#3506 = AXIS2_PLACEMENT_3D ( 'NONE', #4793, #2832, #4410 ) ;
#3507 = CARTESIAN_POINT ( 'NONE',  ( 177.5000000000000284, 26.50000000000000000, 0.000000000000000000 ) ) ;
#3508 = FACE_BOUND ( 'NONE', #4654, .T. ) ;
#3509 = CARTESIAN_POINT ( 'NONE',  ( 102.3517677218592752, -2.000000000000000000, 5.000000000000000000 ) ) ;
#3510 = CARTESIAN_POINT ( 'NONE',  ( 105.6534001081864176, 40.54370749419727815, 5.000000000000000000 ) ) ;
#3511 = ORIENTED_EDGE ( 'NONE', *, *, #2420, .T. ) ;
#3512 = AXIS2_PLACEMENT_3D ( 'NONE', #2988, #4938, #657 ) ;
#3513 = EDGE_CURVE ( 'NONE', #2545, #4307, #3057, .T. ) ;
#3514 = DIRECTION ( 'NONE',  ( -0.000000000000000000, -0.000000000000000000, 1.000000000000000000 ) ) ;
#3515 = VECTOR ( 'NONE', #2916, 1000.000000000000000 ) ;
#3516 = ORIENTED_EDGE ( 'NONE', *, *, #3474, .T. ) ;
#3517 = DIRECTION ( 'NONE',  ( -1.000000000000000000, 0.000000000000000000, 0.000000000000000000 ) ) ;
#3518 = CYLINDRICAL_SURFACE ( 'NONE', #965, 2.000000000000001776 ) ;
#3519 = PLANE ( 'NONE',  #3673 ) ;
#3520 = AXIS2_PLACEMENT_3D ( 'NONE', #4202, #1783, #2224 ) ;
#3521 = VERTEX_POINT ( 'NONE', #945 ) ;
#3522 = ORIENTED_EDGE ( 'NONE', *, *, #691, .T. ) ;
#3523 = VECTOR ( 'NONE', #3811, 1000.000000000000000 ) ;
#3524 = DIRECTION ( 'NONE',  ( -1.000000000000000000, 0.000000000000000000, 0.000000000000000000 ) ) ;
#3525 = PRESENTATION_LAYER_ASSIGNMENT (  '', '', ( #3861 ) ) ;
#3526 = DIRECTION ( 'NONE',  ( -1.000000000000000000, 0.000000000000000000, 0.000000000000000000 ) ) ;
#3527 = ORIENTED_EDGE ( 'NONE', *, *, #770, .T. ) ;
#3528 = AXIS2_PLACEMENT_3D ( 'NONE', #4876, #4110, #3318 ) ;
#3529 = FACE_OUTER_BOUND ( 'NONE', #4148, .T. ) ;
#3530 = ADVANCED_FACE ( 'NONE', ( #151 ), #4096, .F. ) ;
#3531 = CIRCLE ( 'NONE', #1293, 1.000000000000000888 ) ;
#3532 = FACE_OUTER_BOUND ( 'NONE', #120, .T. ) ;
#3533 = AXIS2_PLACEMENT_3D ( 'NONE', #1441, #178, #4608 ) ;
#3534 = CARTESIAN_POINT ( 'NONE',  ( 114.1811597360324413, 52.63286644264487535, 5.000000000000000000 ) ) ;
#3535 = AXIS2_PLACEMENT_3D ( 'NONE', #3253, #4452, #4090 ) ;
#3536 = CIRCLE ( 'NONE', #1792, 1.599999999999934808 ) ;
#3537 = ORIENTED_EDGE ( 'NONE', *, *, #2384, .F. ) ;
#3538 = VECTOR ( 'NONE', #3053, 1000.000000000000000 ) ;
#3539 = CARTESIAN_POINT ( 'NONE',  ( 163.1989813451135660, 10.14897587572937887, 0.000000000000000000 ) ) ;
#3540 = CARTESIAN_POINT ( 'NONE',  ( 67.53141842876196677, 14.99999999999996092, 3.449999999999999289 ) ) ;
#3541 = CARTESIAN_POINT ( 'NONE',  ( -7.025037886901160941E-15, 12.14897587572929716, 5.000000000000000000 ) ) ;
#3542 = LINE ( 'NONE', #3175, #1253 ) ;
#3543 = EDGE_LOOP ( 'NONE', ( #4394, #1228, #1772, #2232 ) ) ;
#3544 = EDGE_LOOP ( 'NONE', ( #4897, #2441 ) ) ;
#3545 = EDGE_CURVE ( 'NONE', #4696, #2138, #2271, .T. ) ;
#3546 = CARTESIAN_POINT ( 'NONE',  ( 155.6562707154499208, 11.42178533245210126, 6.999999999999999112 ) ) ;
#3547 = ORIENTED_EDGE ( 'NONE', *, *, #1619, .T. ) ;
#3548 = EDGE_LOOP ( 'NONE', ( #2251, #1566, #854, #3657 ) ) ;
#3549 = CYLINDRICAL_SURFACE ( 'NONE', #3606, 2.000000000000001776 ) ;
#3550 = EDGE_CURVE ( 'NONE', #1549, #312, #3231, .T. ) ;
#3551 = DIRECTION ( 'NONE',  ( 0.000000000000000000, -1.000000000000000000, 0.000000000000000000 ) ) ;
#3552 = DIRECTION ( 'NONE',  ( -0.000000000000000000, -0.000000000000000000, 1.000000000000000000 ) ) ;
#3553 = CARTESIAN_POINT ( 'NONE',  ( 89.93287859985849764, 45.44673482831323241, 9.000000000000001776 ) ) ;
#3554 = EDGE_CURVE ( 'NONE', #679, #1776, #1698, .T. ) ;
#3555 = DIRECTION ( 'NONE',  ( 0.000000000000000000, 0.000000000000000000, -1.000000000000000000 ) ) ;
#3556 = VERTEX_POINT ( 'NONE', #1309 ) ;
#3557 = DIRECTION ( 'NONE',  ( -1.000000000000000000, 0.000000000000000000, 0.000000000000000000 ) ) ;
#3558 = PRODUCT_DEFINITION_SHAPE ( 'NONE', 'NONE',  #2404 ) ;
#3559 = EDGE_CURVE ( 'NONE', #2762, #3612, #453, .T. ) ;
#3560 = EDGE_CURVE ( 'NONE', #3911, #1199, #2935, .T. ) ;
#3561 = DIRECTION ( 'NONE',  ( 1.000000000000000000, 0.000000000000000000, 0.000000000000000000 ) ) ;
#3562 = ORIENTED_EDGE ( 'NONE', *, *, #1360, .T. ) ;
#3563 = FACE_OUTER_BOUND ( 'NONE', #866, .T. ) ;
#3564 = DIRECTION ( 'NONE',  ( 0.000000000000000000, 0.000000000000000000, -1.000000000000000000 ) ) ;
#3565 = LINE ( 'NONE', #355, #113 ) ;
#3566 = DIRECTION ( 'NONE',  ( 0.000000000000000000, 0.7071067811865474617, -0.7071067811865474617 ) ) ;
#3567 = DIRECTION ( 'NONE',  ( 0.000000000000000000, 0.000000000000000000, -1.000000000000000000 ) ) ;
#3568 = TOROIDAL_SURFACE ( 'NONE', #1997, 20.50000000000000355, 2.000000000000000000 ) ;
#3569 = VERTEX_POINT ( 'NONE', #870 ) ;
#3570 = LINE ( 'NONE', #3967, #1946 ) ;
#3571 = ORIENTED_EDGE ( 'NONE', *, *, #1582, .F. ) ;
#3572 = DIRECTION ( 'NONE',  ( 0.000000000000000000, 0.000000000000000000, -1.000000000000000000 ) ) ;
#3573 = FACE_OUTER_BOUND ( 'NONE', #79, .T. ) ;
#3574 = DIRECTION ( 'NONE',  ( -0.000000000000000000, -0.000000000000000000, 1.000000000000000000 ) ) ;
#3575 = ADVANCED_FACE ( 'NONE', ( #1330 ), #2460, .F. ) ;
#3576 = LINE ( 'NONE', #4768, #1942 ) ;
#3577 = DIRECTION ( 'NONE',  ( -1.000000000000000000, 0.000000000000000000, 0.000000000000000000 ) ) ;
#3578 = ORIENTED_EDGE ( 'NONE', *, *, #1195, .T. ) ;
#3579 = CONICAL_SURFACE ( 'NONE', #844, 3.250000000000001332, 0.7853981633974480570 ) ;
#3580 = CARTESIAN_POINT ( 'NONE',  ( 178.5000000000000284, 25.50000000000000000, 19.00000000000000000 ) ) ;
#3581 = ADVANCED_FACE ( 'NONE', ( #842 ), #3593, .F. ) ;
#3582 = ORIENTED_EDGE ( 'NONE', *, *, #1377, .T. ) ;
#3583 = DIRECTION ( 'NONE',  ( -0.000000000000000000, -0.000000000000000000, -1.000000000000000000 ) ) ;
#3584 = LINE ( 'NONE', #4086, #2049 ) ;
#3585 = CIRCLE ( 'NONE', #1690, 1.699999999999993072 ) ;
#3586 = LINE ( 'NONE', #4089, #1936 ) ;
#3587 = VECTOR ( 'NONE', #2402, 1000.000000000000000 ) ;
#3588 = DIRECTION ( 'NONE',  ( -0.000000000000000000, -0.000000000000000000, 1.000000000000000000 ) ) ;
#3589 = DIRECTION ( 'NONE',  ( 0.000000000000000000, 0.000000000000000000, 1.000000000000000000 ) ) ;
#3590 = VERTEX_POINT ( 'NONE', #2899 ) ;
#3591 = VERTEX_POINT ( 'NONE', #4480 ) ;
#3592 = VECTOR ( 'NONE', #3815, 1000.000000000000114 ) ;
#3593 = CYLINDRICAL_SURFACE ( 'NONE', #2688, 1.700000000000007061 ) ;
#3594 = VERTEX_POINT ( 'NONE', #1679 ) ;
#3595 = DIRECTION ( 'NONE',  ( -0.000000000000000000, -0.000000000000000000, 1.000000000000000000 ) ) ;
#3596 = DIRECTION ( 'NONE',  ( 0.000000000000000000, 0.000000000000000000, -1.000000000000000000 ) ) ;
#3597 = AXIS2_PLACEMENT_3D ( 'NONE', #4014, #3624, #71 ) ;
#3598 = CARTESIAN_POINT ( 'NONE',  ( 106.6534001081864176, 40.54370749419728526, 9.000000000000001776 ) ) ;
#3599 = ORIENTED_EDGE ( 'NONE', *, *, #1876, .T. ) ;
#3600 = AXIS2_PLACEMENT_3D ( 'NONE', #3793, #4546, #1327 ) ;
#3601 = CARTESIAN_POINT ( 'NONE',  ( 137.2305374359174834, 18.28498888551852275, 19.00000000000000000 ) ) ;
#3602 = DIRECTION ( 'NONE',  ( 1.000000000000000000, 0.000000000000000000, 0.000000000000000000 ) ) ;
#3603 = ORIENTED_EDGE ( 'NONE', *, *, #2091, .T. ) ;
#3604 = CIRCLE ( 'NONE', #3112, 2.000000000000000888 ) ;
#3605 = DIRECTION ( 'NONE',  ( -0.000000000000000000, 0.000000000000000000, -1.000000000000000000 ) ) ;
#3606 = AXIS2_PLACEMENT_3D ( 'NONE', #1918, #333, #2806 ) ;
#3607 = CIRCLE ( 'NONE', #1202, 2.000000000000000000 ) ;
#3608 = ORIENTED_EDGE ( 'NONE', *, *, #3447, .F. ) ;
#3609 = EDGE_CURVE ( 'NONE', #83, #3342, #923, .T. ) ;
#3610 = DIRECTION ( 'NONE',  ( 1.000000000000000000, 0.000000000000000000, 0.000000000000000000 ) ) ;
#3611 = DIRECTION ( 'NONE',  ( 0.000000000000000000, 0.000000000000000000, 1.000000000000000000 ) ) ;
#3612 = VERTEX_POINT ( 'NONE', #900 ) ;
#3613 = AXIS2_PLACEMENT_3D ( 'NONE', #4724, #736, #4621 ) ;
#3614 = EDGE_CURVE ( 'NONE', #4659, #499, #3256, .T. ) ;
#3615 = DIRECTION ( 'NONE',  ( 0.000000000000000000, 0.000000000000000000, -1.000000000000000000 ) ) ;
#3616 =( NAMED_UNIT ( * ) PLANE_ANGLE_UNIT ( ) SI_UNIT ( $, .RADIAN. ) );
#3617 = CARTESIAN_POINT ( 'NONE',  ( 139.1218275366134662, 18.93539011169303876, 19.00000000000000000 ) ) ;
#3618 = AXIS2_PLACEMENT_3D ( 'NONE', #504, #2083, #1617 ) ;
#3619 = ORIENTED_EDGE ( 'NONE', *, *, #1487, .F. ) ;
#3620 = LINE ( 'NONE', #1649, #2461 ) ;
#3621 = EDGE_LOOP ( 'NONE', ( #3283, #3944, #3104, #4747 ) ) ;
#3622 = CIRCLE ( 'NONE', #559, 1.599999999999990319 ) ;
#3623 = AXIS2_PLACEMENT_3D ( 'NONE', #1057, #3923, #371 ) ;
#3624 = DIRECTION ( 'NONE',  ( 0.000000000000000000, 0.000000000000000000, -1.000000000000000000 ) ) ;
#3625 = VERTEX_POINT ( 'NONE', #3701 ) ;
#3626 = FACE_BOUND ( 'NONE', #1830, .T. ) ;
#3627 = CYLINDRICAL_SURFACE ( 'NONE', #2140, 1.700000000000007061 ) ;
#3628 = VERTEX_POINT ( 'NONE', #2538 ) ;
#3629 = EDGE_CURVE ( 'NONE', #1417, #3612, #1773, .T. ) ;
#3630 = CARTESIAN_POINT ( 'NONE',  ( 92.54865891784672272, 53.50114408273147859, 9.000000000000001776 ) ) ;
#3631 = CARTESIAN_POINT ( 'NONE',  ( 9.999999999999996447, 9.999999999999985789, 5.000000000000000000 ) ) ;
#3632 = VERTEX_POINT ( 'NONE', #431 ) ;
#3633 = DIRECTION ( 'NONE',  ( 0.000000000000000000, 0.000000000000000000, 1.000000000000000000 ) ) ;
#3634 = ORIENTED_EDGE ( 'NONE', *, *, #3326, .T. ) ;
#3635 = DIRECTION ( 'NONE',  ( -1.000000000000000000, 0.000000000000000000, 0.000000000000000000 ) ) ;
#3636 = ORIENTED_EDGE ( 'NONE', *, *, #2284, .T. ) ;
#3637 = ORIENTED_EDGE ( 'NONE', *, *, #482, .F. ) ;
#3638 = FACE_OUTER_BOUND ( 'NONE', #2698, .T. ) ;
#3639 = DIRECTION ( 'NONE',  ( 1.000000000000000000, 0.000000000000000000, 0.000000000000000000 ) ) ;
#3640 = EDGE_LOOP ( 'NONE', ( #4142, #2877, #342, #3719, #1688, #1308, #2521 ) ) ;
#3641 = EDGE_CURVE ( 'NONE', #181, #2035, #4353, .T. ) ;
#3642 = DIRECTION ( 'NONE',  ( -0.000000000000000000, -0.000000000000000000, -1.000000000000000000 ) ) ;
#3643 = CYLINDRICAL_SURFACE ( 'NONE', #4592, 1.700000000000007061 ) ;
#3644 = CARTESIAN_POINT ( 'NONE',  ( 109.8855678875980288, 27.31409408899305546, 5.000000000000000000 ) ) ;
#3645 = ORIENTED_EDGE ( 'NONE', *, *, #1998, .T. ) ;
#3646 = EDGE_LOOP ( 'NONE', ( #4055, #2607 ) ) ;
#3647 = EDGE_CURVE ( 'NONE', #1890, #1172, #1653, .T. ) ;
#3648 = EDGE_CURVE ( 'NONE', #5135, #3632, #4045, .T. ) ;
#3649 = CARTESIAN_POINT ( 'NONE',  ( 157.1989813451135660, 10.14897587572937532, 5.000000000000000888 ) ) ;
#3650 = EDGE_LOOP ( 'NONE', ( #1150, #930, #311, #2436, #3899, #3795 ) ) ;
#3651 = DIRECTION ( 'NONE',  ( -0.000000000000000000, -0.000000000000000000, -1.000000000000000000 ) ) ;
#3652 = DIRECTION ( 'NONE',  ( 0.8949343616020272174, -0.4461978131098046085, 0.000000000000000000 ) ) ;
#3653 = DIRECTION ( 'NONE',  ( 1.000000000000000000, 0.000000000000000000, 0.000000000000000000 ) ) ;
#3654 = ORIENTED_EDGE ( 'NONE', *, *, #5101, .T. ) ;
#3655 = DIRECTION ( 'NONE',  ( -0.9683921847460533749, 0.2494325089533556417, 0.000000000000000000 ) ) ;
#3656 = CARTESIAN_POINT ( 'NONE',  ( 200.0000000000000000, 0.000000000000000000, 108.8283423249224455 ) ) ;
#3657 = ORIENTED_EDGE ( 'NONE', *, *, #1011, .F. ) ;
#3658 = ORIENTED_EDGE ( 'NONE', *, *, #1188, .T. ) ;
#3659 = CARTESIAN_POINT ( 'NONE',  ( 136.0000000000000284, 15.00000000000001243, 4.999999999999999112 ) ) ;
#3660 = VERTEX_POINT ( 'NONE', #4147 ) ;
#3661 = DIRECTION ( 'NONE',  ( 0.000000000000000000, 0.000000000000000000, 1.000000000000000000 ) ) ;
#3662 = CARTESIAN_POINT ( 'NONE',  ( 172.5000000000000284, 26.50000000000000000, 0.000000000000000000 ) ) ;
#3663 = ORIENTED_EDGE ( 'NONE', *, *, #727, .T. ) ;
#3664 = CIRCLE ( 'NONE', #4737, 3.250000000000002665 ) ;
#3665 = DIRECTION ( 'NONE',  ( -0.000000000000000000, -0.000000000000000000, -1.000000000000000000 ) ) ;
#3666 = DIRECTION ( 'NONE',  ( -0.000000000000000000, -0.000000000000000000, -1.000000000000000000 ) ) ;
#3667 = DIRECTION ( 'NONE',  ( -1.000000000000000000, 0.000000000000000000, 0.000000000000000000 ) ) ;
#3668 = CARTESIAN_POINT ( 'NONE',  ( 92.54865891784672272, 53.50114408273147859, 5.000000000000000000 ) ) ;
#3669 = EDGE_CURVE ( 'NONE', #336, #3358, #374, .T. ) ;
#3670 = EDGE_CURVE ( 'NONE', #1234, #4236, #1361, .T. ) ;
#3671 = VERTEX_POINT ( 'NONE', #2194 ) ;
#3672 = VECTOR ( 'NONE', #4233, 1000.000000000000000 ) ;
#3673 = AXIS2_PLACEMENT_3D ( 'NONE', #5102, #3079, #2751 ) ;
#3674 = CARTESIAN_POINT ( 'NONE',  ( 143.9468557321240496, 14.43782449889054575, 19.00000000000000000 ) ) ;
#3675 = EDGE_LOOP ( 'NONE', ( #2081, #1715, #960, #3706 ) ) ;
#3676 = DIRECTION ( 'NONE',  ( 0.000000000000000000, 1.000000000000000000, -0.000000000000000000 ) ) ;
#3677 = VECTOR ( 'NONE', #2483, 1000.000000000000000 ) ;
#3678 = DIRECTION ( 'NONE',  ( 0.000000000000000000, 0.000000000000000000, -1.000000000000000000 ) ) ;
#3679 = DIRECTION ( 'NONE',  ( -0.3252006130872611145, 0.9456450503479990610, 3.280865337559888401E-15 ) ) ;
#3680 = EDGE_CURVE ( 'NONE', #502, #992, #1013, .T. ) ;
#3681 = VECTOR ( 'NONE', #4397, 1000.000000000000000 ) ;
#3682 = LINE ( 'NONE', #2516, #612 ) ;
#3683 = VECTOR ( 'NONE', #3949, 1000.000000000000000 ) ;
#3684 = DIRECTION ( 'NONE',  ( 0.000000000000000000, 0.000000000000000000, -1.000000000000000000 ) ) ;
#3685 = ORIENTED_EDGE ( 'NONE', *, *, #1837, .F. ) ;
#3686 = ORIENTED_EDGE ( 'NONE', *, *, #1521, .T. ) ;
#3687 = AXIS2_PLACEMENT_3D ( 'NONE', #4957, #4624, #1406 ) ;
#3688 = LINE ( 'NONE', #2135, #1956 ) ;
#3689 = ORIENTED_EDGE ( 'NONE', *, *, #4117, .F. ) ;
#3690 = AXIS2_PLACEMENT_3D ( 'NONE', #4039, #90, #4009 ) ;
#3691 = LINE ( 'NONE', #2250, #3523 ) ;
#3692 = FACE_OUTER_BOUND ( 'NONE', #2989, .T. ) ;
#3693 = AXIS2_PLACEMENT_3D ( 'NONE', #2774, #2359, #4308 ) ;
#3694 = DIRECTION ( 'NONE',  ( 0.000000000000000000, 0.000000000000000000, -1.000000000000000000 ) ) ;
#3695 = CARTESIAN_POINT ( 'NONE',  ( 0.000000000000000000, 0.000000000000000000, 0.000000000000000000 ) ) ;
#3696 = EDGE_CURVE ( 'NONE', #4083, #3342, #4588, .T. ) ;
#3697 = DIRECTION ( 'NONE',  ( -0.000000000000000000, -0.000000000000000000, 1.000000000000000000 ) ) ;
#3698 = DIRECTION ( 'NONE',  ( -0.000000000000000000, -0.000000000000000000, -1.000000000000000000 ) ) ;
#3699 = VECTOR ( 'NONE', #1811, 1000.000000000000114 ) ;
#3700 = VERTEX_POINT ( 'NONE', #1387 ) ;
#3701 = CARTESIAN_POINT ( 'NONE',  ( 68.19999999999993179, 50.00000000000007816, 0.000000000000000000 ) ) ;
#3702 = AXIS2_PLACEMENT_3D ( 'NONE', #409, #3858, #2872 ) ;
#3703 = EDGE_LOOP ( 'NONE', ( #1716, #2933, #2983, #1217 ) ) ;
#3704 = DIRECTION ( 'NONE',  ( -0.000000000000000000, 0.000000000000000000, -1.000000000000000000 ) ) ;
#3705 = CARTESIAN_POINT ( 'NONE',  ( 95.65340010818641758, 40.54370749419727815, 3.000000000000000000 ) ) ;
#3706 = ORIENTED_EDGE ( 'NONE', *, *, #3236, .F. ) ;
#3707 = CARTESIAN_POINT ( 'NONE',  ( 157.1989813451135660, 8.148975875729377094, 19.00000000000000355 ) ) ;
#3708 = AXIS2_PLACEMENT_3D ( 'NONE', #4174, #1809, #4204 ) ;
#3709 = VECTOR ( 'NONE', #2557, 1000.000000000000000 ) ;
#3710 = EDGE_CURVE ( 'NONE', #2001, #3671, #1462, .T. ) ;
#3711 = CARTESIAN_POINT ( 'NONE',  ( 115.5811597360324470, 52.63286644264487535, 9.000000000000001776 ) ) ;
#3712 = VECTOR ( 'NONE', #1886, 1000.000000000000000 ) ;
#3713 = DIRECTION ( 'NONE',  ( -0.000000000000000000, -0.000000000000000000, -1.000000000000000000 ) ) ;
#3714 = EDGE_CURVE ( 'NONE', #2466, #4929, #1775, .T. ) ;
#3715 = ORIENTED_EDGE ( 'NONE', *, *, #505, .F. ) ;
#3716 = EDGE_CURVE ( 'NONE', #4307, #4241, #4571, .T. ) ;
#3717 = ADVANCED_FACE ( 'NONE', ( #4550 ), #3824, .T. ) ;
#3718 = FACE_OUTER_BOUND ( 'NONE', #84, .T. ) ;
#3719 = ORIENTED_EDGE ( 'NONE', *, *, #217, .F. ) ;
#3720 = SPHERICAL_SURFACE ( 'NONE', #871, 2.000000000000000000 ) ;
#3721 = FACE_BOUND ( 'NONE', #4762, .T. ) ;
#3722 = EDGE_CURVE ( 'NONE', #282, #2443, #1187, .T. ) ;
#3723 = LINE ( 'NONE', #1351, #3672 ) ;
#3724 = CARTESIAN_POINT ( 'NONE',  ( 108.9906335259960031, 27.76029190210284980, 6.000000000000000000 ) ) ;
#3725 = DIRECTION ( 'NONE',  ( 0.000000000000000000, -0.8165106255257095214, -0.5773304066161896175 ) ) ;
#3726 = VERTEX_POINT ( 'NONE', #2606 ) ;
#3727 = DIRECTION ( 'NONE',  ( -0.000000000000000000, -0.000000000000000000, -1.000000000000000000 ) ) ;
#3728 = EDGE_LOOP ( 'NONE', ( #3537, #4651, #1665, #4417 ) ) ;
#3729 = FACE_OUTER_BOUND ( 'NONE', #87, .T. ) ;
#3730 = DIRECTION ( 'NONE',  ( -1.000000000000000000, 0.000000000000000000, 0.000000000000000000 ) ) ;
#3731 = PLANE ( 'NONE',  #357 ) ;
#3732 = DIRECTION ( 'NONE',  ( -1.000000000000000000, 0.000000000000000000, 0.000000000000000000 ) ) ;
#3733 = CARTESIAN_POINT ( 'NONE',  ( 200.0000000000000000, 0.000000000000000000, 0.000000000000000000 ) ) ;
#3734 = VERTEX_POINT ( 'NONE', #1431 ) ;
#3735 = VERTEX_POINT ( 'NONE', #607 ) ;
#3736 = EDGE_CURVE ( 'NONE', #3998, #3386, #4911, .T. ) ;
#3737 = DIRECTION ( 'NONE',  ( 0.000000000000000000, 0.000000000000000000, -1.000000000000000000 ) ) ;
#3738 = ORIENTED_EDGE ( 'NONE', *, *, #2157, .T. ) ;
#3739 = CARTESIAN_POINT ( 'NONE',  ( 141.0000000000000000, 15.00000000000001243, 19.00000000000000000 ) ) ;
#3740 = ORIENTED_EDGE ( 'NONE', *, *, #575, .F. ) ;
#3741 = EDGE_CURVE ( 'NONE', #2855, #2466, #4194, .T. ) ;
#3742 = LINE ( 'NONE', #4119, #3186 ) ;
#3743 = CARTESIAN_POINT ( 'NONE',  ( 64.79999999999994031, 50.00000000000007816, 0.000000000000000000 ) ) ;
#3744 = ORIENTED_EDGE ( 'NONE', *, *, #3326, .F. ) ;
#3745 = AXIS2_PLACEMENT_3D ( 'NONE', #1971, #1602, #3158 ) ;
#3746 = CARTESIAN_POINT ( 'NONE',  ( 95.65340010818641758, 49.54370749419727815, 9.000000000000001776 ) ) ;
#3747 = ORIENTED_EDGE ( 'NONE', *, *, #2137, .F. ) ;
#3748 = DIRECTION ( 'NONE',  ( -0.000000000000000000, -1.000000000000000000, -0.000000000000000000 ) ) ;
#3749 = CARTESIAN_POINT ( 'NONE',  ( -4.712073252265413941E-15, 8.148975875729286500, 5.000000000000000000 ) ) ;
#3750 = DIRECTION ( 'NONE',  ( -0.000000000000000000, -1.000000000000000000, -0.000000000000000000 ) ) ;
#3751 = ORIENTED_EDGE ( 'NONE', *, *, #1998, .F. ) ;
#3752 = PLANE ( 'NONE',  #1358 ) ;
#3753 = DIRECTION ( 'NONE',  ( 1.000000000000000000, 0.000000000000000000, 0.000000000000000000 ) ) ;
#3754 = CARTESIAN_POINT ( 'NONE',  ( 109.4368313391057939, 28.65522626370487913, 6.000000000000000000 ) ) ;
#3755 = VECTOR ( 'NONE', #1504, 1000.000000000000000 ) ;
#3756 = ORIENTED_EDGE ( 'NONE', *, *, #2830, .F. ) ;
#3757 = CYLINDRICAL_SURFACE ( 'NONE', #5014, 2.000000000000001776 ) ;
#3758 = ORIENTED_EDGE ( 'NONE', *, *, #4674, .F. ) ;
#3759 = AXIS2_PLACEMENT_3D ( 'NONE', #1938, #1916, #3178 ) ;
#3760 = LINE ( 'NONE', #4564, #3709 ) ;
#3761 = ORIENTED_EDGE ( 'NONE', *, *, #4320, .T. ) ;
#3762 = EDGE_CURVE ( 'NONE', #4929, #566, #971, .T. ) ;
#3763 = AXIS2_PLACEMENT_3D ( 'NONE', #4499, #146, #4933 ) ;
#3764 = EDGE_CURVE ( 'NONE', #1549, #1136, #3396, .T. ) ;
#3765 = CARTESIAN_POINT ( 'NONE',  ( 143.9468557321240496, 14.43782449889054575, 19.00000000000000000 ) ) ;
#3766 = FACE_OUTER_BOUND ( 'NONE', #3621, .T. ) ;
#3767 = EDGE_LOOP ( 'NONE', ( #1460, #1444, #3084, #203 ) ) ;
#3768 = CIRCLE ( 'NONE', #3354, 1.000000000000000888 ) ;
#3769 = AXIS2_PLACEMENT_3D ( 'NONE', #2749, #1940, #1205 ) ;
#3770 = EDGE_CURVE ( 'NONE', #3244, #3734, #2168, .T. ) ;
#3771 = EDGE_CURVE ( 'NONE', #3500, #1654, #3988, .T. ) ;
#3772 = CARTESIAN_POINT ( 'NONE',  ( 200.0000000000000000, 60.00000000000000000, 17.00000000000000000 ) ) ;
#3773 = ORIENTED_EDGE ( 'NONE', *, *, #2655, .F. ) ;
#3774 = CARTESIAN_POINT ( 'NONE',  ( 197.7058243654970511, -0.2564852667683589216, 5.384740407141149987 ) ) ;
#3775 = EDGE_CURVE ( 'NONE', #3909, #365, #1189, .T. ) ;
#3776 = CARTESIAN_POINT ( 'NONE',  ( 198.0000000000000000, 57.99999999999999289, 0.000000000000000000 ) ) ;
#3777 = AXIS2_PLACEMENT_3D ( 'NONE', #1268, #3635, #3300 ) ;
#3778 = DIRECTION ( 'NONE',  ( 1.000000000000000000, 0.000000000000000000, 0.000000000000000000 ) ) ;
#3779 = ORIENTED_EDGE ( 'NONE', *, *, #2544, .T. ) ;
#3780 = AXIS2_PLACEMENT_3D ( 'NONE', #3668, #4399, #1328 ) ;
#3781 = CARTESIAN_POINT ( 'NONE',  ( 67.53141842876196677, 14.99999999999996092, 5.000000000000000000 ) ) ;
#3782 = DIRECTION ( 'NONE',  ( 0.000000000000000000, 0.000000000000000000, 1.000000000000000000 ) ) ;
#3783 = EDGE_CURVE ( 'NONE', #3734, #3594, #4758, .T. ) ;
#3784 = EDGE_LOOP ( 'NONE', ( #410, #4590 ) ) ;
#3785 = AXIS2_PLACEMENT_3D ( 'NONE', #2504, #865, #1701 ) ;
#3786 = CIRCLE ( 'NONE', #2136, 1.599999999999851541 ) ;
#3787 = AXIS2_PLACEMENT_3D ( 'NONE', #2123, #127, #1709 ) ;
#3788 = LINE ( 'NONE', #4950, #3592 ) ;
#3789 = ORIENTED_EDGE ( 'NONE', *, *, #343, .T. ) ;
#3790 = CARTESIAN_POINT ( 'NONE',  ( 102.3517677218592752, -2.000000000000000000, 3.000000000000002665 ) ) ;
#3791 = ORIENTED_EDGE ( 'NONE', *, *, #2028, .T. ) ;
#3792 = CONICAL_SURFACE ( 'NONE', #4214, 3.250000000000002665, 0.7853981633974491672 ) ;
#3793 = CARTESIAN_POINT ( 'NONE',  ( 177.5000000000000284, 25.50000000000000000, 0.000000000000000000 ) ) ;
#3794 = CARTESIAN_POINT ( 'NONE',  ( 141.0000000000000000, 15.00000000000001243, 19.00000000000000000 ) ) ;
#3795 = ORIENTED_EDGE ( 'NONE', *, *, #4314, .F. ) ;
#3796 = EDGE_CURVE ( 'NONE', #2227, #2744, #3851, .T. ) ;
#3797 = EDGE_CURVE ( 'NONE', #4212, #326, #1488, .T. ) ;
#3798 = DIRECTION ( 'NONE',  ( -1.000000000000000000, 0.000000000000000000, 0.000000000000000000 ) ) ;
#3799 = EDGE_LOOP ( 'NONE', ( #2418, #1785, #744, #1561 ) ) ;
#3800 = CARTESIAN_POINT ( 'NONE',  ( 103.1801948466054739, -2.390071322647100433E-16, 108.8283423249224455 ) ) ;
#3801 = LINE ( 'NONE', #2971, #3038 ) ;
#3802 = CARTESIAN_POINT ( 'NONE',  ( 65.83141842876197813, 14.99999999999996092, 5.000000000000000000 ) ) ;
#3803 = ADVANCED_FACE ( 'NONE', ( #5060 ), #2713, .T. ) ;
#3804 = ORIENTED_EDGE ( 'NONE', *, *, #444, .T. ) ;
#3805 = EDGE_CURVE ( 'NONE', #228, #4236, #3187, .T. ) ;
#3806 = ORIENTED_EDGE ( 'NONE', *, *, #4652, .F. ) ;
#3807 = ADVANCED_FACE ( 'NONE', ( #3455 ), #2377, .F. ) ;
#3808 = CYLINDRICAL_SURFACE ( 'NONE', #1274, 1.999999999999997780 ) ;
#3809 = LINE ( 'NONE', #4987, #2537 ) ;
#3810 = DIRECTION ( 'NONE',  ( -1.000000000000000000, 0.000000000000000000, 0.000000000000000000 ) ) ;
#3811 = DIRECTION ( 'NONE',  ( 1.000000000000000000, 5.782411586589351722E-16, -0.000000000000000000 ) ) ;
#3812 = ORIENTED_EDGE ( 'NONE', *, *, #3385, .T. ) ;
#3813 = EDGE_LOOP ( 'NONE', ( #908, #3645, #4782 ) ) ;
#3814 = VERTEX_POINT ( 'NONE', #5120 ) ;
#3815 = DIRECTION ( 'NONE',  ( -0.8949343616020298819, 0.4461978131097990574, -0.000000000000000000 ) ) ;
#3816 = DIRECTION ( 'NONE',  ( 0.000000000000000000, 0.000000000000000000, 1.000000000000000000 ) ) ;
#3817 = ORIENTED_EDGE ( 'NONE', *, *, #2891, .T. ) ;
#3818 = DIRECTION ( 'NONE',  ( 0.000000000000000000, 0.000000000000000000, -1.000000000000000000 ) ) ;
#3819 = AXIS2_PLACEMENT_3D ( 'NONE', #3907, #3937, #4627 ) ;
#3820 = ORIENTED_EDGE ( 'NONE', *, *, #2733, .F. ) ;
#3821 = LINE ( 'NONE', #652, #1025 ) ;
#3822 = DIRECTION ( 'NONE',  ( -1.000000000000000000, 0.000000000000000000, 0.000000000000000000 ) ) ;
#3823 = ORIENTED_EDGE ( 'NONE', *, *, #243, .T. ) ;
#3824 = PLANE ( 'NONE',  #3420 ) ;
#3825 = ORIENTED_EDGE ( 'NONE', *, *, #4405, .F. ) ;
#3826 = DIRECTION ( 'NONE',  ( 1.000000000000000000, 0.000000000000000000, 0.000000000000000000 ) ) ;
#3827 = ADVANCED_FACE ( 'NONE', ( #380 ), #541, .T. ) ;
#3828 = DIRECTION ( 'NONE',  ( -1.000000000000000000, 0.000000000000000000, 0.000000000000000000 ) ) ;
#3829 = TOROIDAL_SURFACE ( 'NONE', #2254, 4.999999999999984901, 2.000000000000000000 ) ;
#3830 = CARTESIAN_POINT ( 'NONE',  ( 198.0000000000000000, 57.99999999999999289, 17.00000000000000000 ) ) ;
#3831 = ADVANCED_FACE ( 'NONE', ( #4270 ), #3091, .F. ) ;
#3832 = EDGE_CURVE ( 'NONE', #2612, #985, #2186, .T. ) ;
#3833 = DIRECTION ( 'NONE',  ( -0.7071067811865492381, -0.7071067811865457964, 0.000000000000000000 ) ) ;
#3834 = CARTESIAN_POINT ( 'NONE',  ( 141.0000000000000000, 15.00000000000001243, 19.00000000000000000 ) ) ;
#3835 = ADVANCED_FACE ( 'NONE', ( #4703 ), #406, .F. ) ;
#3836 = ORIENTED_EDGE ( 'NONE', *, *, #1482, .F. ) ;
#3837 = DIRECTION ( 'NONE',  ( -0.000000000000000000, -0.000000000000000000, -1.000000000000000000 ) ) ;
#3838 = ORIENTED_EDGE ( 'NONE', *, *, #981, .T. ) ;
#3839 = ORIENTED_EDGE ( 'NONE', *, *, #896, .T. ) ;
#3840 = DIRECTION ( 'NONE',  ( -1.000000000000000000, 0.000000000000000000, 0.000000000000000000 ) ) ;
#3841 = CARTESIAN_POINT ( 'NONE',  ( 197.5011349820937028, 0.6436422977903225595, 6.686510597491654551 ) ) ;
#3842 = ORIENTED_EDGE ( 'NONE', *, *, #1231, .T. ) ;
#3843 = CARTESIAN_POINT ( 'NONE',  ( 142.7944365486292497, 8.148975875729377094, 19.00000000000000355 ) ) ;
#3844 = VERTEX_POINT ( 'NONE', #1167 ) ;
#3845 = CIRCLE ( 'NONE', #2682, 1.700000000000007061 ) ;
#3846 = AXIS2_PLACEMENT_3D ( 'NONE', #4576, #270, #4201 ) ;
#3847 = DIRECTION ( 'NONE',  ( 0.000000000000000000, 0.000000000000000000, 1.000000000000000000 ) ) ;
#3848 = CARTESIAN_POINT ( 'NONE',  ( 142.7000000000000171, 15.00000000000001243, 0.000000000000000000 ) ) ;
#3849 = VERTEX_POINT ( 'NONE', #4673 ) ;
#3850 = AXIS2_PLACEMENT_3D ( 'NONE', #4568, #2115, #189 ) ;
#3851 = CIRCLE ( 'NONE', #1859, 1.399999999999998579 ) ;
#3852 = DIRECTION ( 'NONE',  ( -1.000000000000000000, -1.734723475976805615E-16, 0.000000000000000000 ) ) ;
#3853 = ORIENTED_EDGE ( 'NONE', *, *, #2394, .F. ) ;
#3854 = EDGE_LOOP ( 'NONE', ( #3461, #942, #1810, #474 ) ) ;
#3855 = CARTESIAN_POINT ( 'NONE',  ( 190.0000000000000284, 10.00000000000000888, 19.00000000000000000 ) ) ;
#3856 = DIRECTION ( 'NONE',  ( 1.000000000000000000, 0.000000000000000000, 0.000000000000000000 ) ) ;
#3857 = CIRCLE ( 'NONE', #4192, 2.000000000000000000 ) ;
#3858 = DIRECTION ( 'NONE',  ( 0.000000000000000000, 0.000000000000000000, -1.000000000000000000 ) ) ;
#3859 = ORIENTED_EDGE ( 'NONE', *, *, #4129, .F. ) ;
#3860 = AXIS2_PLACEMENT_3D ( 'NONE', #1247, #3588, #9 ) ;
#3861 = STYLED_ITEM ( 'NONE', ( #4578 ), #4479 ) ;
#3862 = FACE_OUTER_BOUND ( 'NONE', #549, .T. ) ;
#3863 = EDGE_LOOP ( 'NONE', ( #4718, #2337, #1041, #483 ) ) ;
#3864 = CARTESIAN_POINT ( 'NONE',  ( 9.999999999999991118, 54.99999999999988631, 5.000000000000000000 ) ) ;
#3865 = FACE_OUTER_BOUND ( 'NONE', #737, .T. ) ;
#3866 = FACE_OUTER_BOUND ( 'NONE', #1843, .T. ) ;
#3867 = ORIENTED_EDGE ( 'NONE', *, *, #2970, .T. ) ;
#3868 = ORIENTED_EDGE ( 'NONE', *, *, #1963, .T. ) ;
#3869 = EDGE_CURVE ( 'NONE', #4784, #3060, #1984, .T. ) ;
#3870 = FACE_OUTER_BOUND ( 'NONE', #2240, .T. ) ;
#3871 = ORIENTED_EDGE ( 'NONE', *, *, #3560, .F. ) ;
#3872 = DIRECTION ( 'NONE',  ( -1.000000000000000000, 0.000000000000000000, 0.000000000000000000 ) ) ;
#3873 = ORIENTED_EDGE ( 'NONE', *, *, #2694, .F. ) ;
#3874 = VECTOR ( 'NONE', #2902, 1000.000000000000000 ) ;
#3875 = EDGE_CURVE ( 'NONE', #5075, #1791, #2019, .T. ) ;
#3876 = AXIS2_PLACEMENT_3D ( 'NONE', #1746, #4519, #4141 ) ;
#3877 = VECTOR ( 'NONE', #660, 1000.000000000000000 ) ;
#3878 = CYLINDRICAL_SURFACE ( 'NONE', #2691, 1.699999999999998401 ) ;
#3879 = PLANE ( 'NONE',  #2955 ) ;
#3880 = VERTEX_POINT ( 'NONE', #296 ) ;
#3881 = DIRECTION ( 'NONE',  ( -1.000000000000000000, 0.000000000000000000, 0.000000000000000000 ) ) ;
#3882 = ORIENTED_EDGE ( 'NONE', *, *, #2977, .F. ) ;
#3883 = EDGE_LOOP ( 'NONE', ( #2911, #5048 ) ) ;
#3884 = FACE_BOUND ( 'NONE', #2797, .T. ) ;
#3885 = CYLINDRICAL_SURFACE ( 'NONE', #1468, 2.000000000000001776 ) ;
#3886 = CYLINDRICAL_SURFACE ( 'NONE', #4165, 1.000000000000000888 ) ;
#3887 = CARTESIAN_POINT ( 'NONE',  ( 95.65340010818641758, 39.54370749419727815, 2.000000000000001776 ) ) ;
#3888 = VERTEX_POINT ( 'NONE', #1882 ) ;
#3889 = CARTESIAN_POINT ( 'NONE',  ( 172.5000000000000284, 26.50000000000000000, 19.00000000000000000 ) ) ;
#3890 = DIRECTION ( 'NONE',  ( 0.000000000000000000, 1.000000000000000000, 0.000000000000000000 ) ) ;
#3891 = CARTESIAN_POINT ( 'NONE',  ( 143.0710848663010495, 12.13477696648831916, 5.631545103071730729 ) ) ;
#3892 = VERTEX_POINT ( 'NONE', #5037 ) ;
#3893 = EDGE_LOOP ( 'NONE', ( #2674, #3487, #438, #3571 ) ) ;
#3894 = DIRECTION ( 'NONE',  ( 1.000000000000000000, 0.000000000000000000, 0.000000000000000000 ) ) ;
#3895 = CARTESIAN_POINT ( 'NONE',  ( 200.0000000000000000, 1.839284400913264506, 4.629466954788146182 ) ) ;
#3896 = ORIENTED_EDGE ( 'NONE', *, *, #3609, .F. ) ;
#3897 = EDGE_CURVE ( 'NONE', #5118, #2826, #4645, .T. ) ;
#3898 = CARTESIAN_POINT ( 'NONE',  ( 130.4999999999999716, -14.99999999999999822, 15.00000000000000000 ) ) ;
#3899 = ORIENTED_EDGE ( 'NONE', *, *, #353, .F. ) ;
#3900 = EDGE_CURVE ( 'NONE', #701, #3161, #1933, .T. ) ;
#3901 = ADVANCED_FACE ( 'NONE', ( #1141 ), #454, .F. ) ;
#3902 = LINE ( 'NONE', #4295, #5003 ) ;
#3903 = CARTESIAN_POINT ( 'NONE',  ( 87.13287859985850048, 45.44673482831323241, 5.000000000000000000 ) ) ;
#3904 = ORIENTED_EDGE ( 'NONE', *, *, #979, .T. ) ;
#3905 = DIRECTION ( 'NONE',  ( -1.224646799147353207E-16, 1.000000000000000000, 0.000000000000000000 ) ) ;
#3906 = FACE_BOUND ( 'NONE', #4207, .T. ) ;
#3907 = CARTESIAN_POINT ( 'NONE',  ( -1.966019939440377061E-14, 42.49999999999994316, 0.000000000000000000 ) ) ;
#3908 = DIRECTION ( 'NONE',  ( 1.000000000000000000, 0.000000000000000000, 0.000000000000000000 ) ) ;
#3909 = VERTEX_POINT ( 'NONE', #114 ) ;
#3910 = CARTESIAN_POINT ( 'NONE',  ( 155.1989813451135660, 10.14897587572937354, 5.109729448968672649 ) ) ;
#3911 = VERTEX_POINT ( 'NONE', #1671 ) ;
#3912 = AXIS2_PLACEMENT_3D ( 'NONE', #2313, #3916, #1179 ) ;
#3913 = CARTESIAN_POINT ( 'NONE',  ( 139.8091560587897959, 12.14897587572938242, 6.394564958230132490 ) ) ;
#3914 = EDGE_CURVE ( 'NONE', #72, #2762, #4984, .T. ) ;
#3915 = DIRECTION ( 'NONE',  ( 0.7071067811865469066, 0.000000000000000000, 0.7071067811865482389 ) ) ;
#3916 = DIRECTION ( 'NONE',  ( 0.000000000000000000, 0.000000000000000000, -1.000000000000000000 ) ) ;
#3917 = ORIENTED_EDGE ( 'NONE', *, *, #2980, .T. ) ;
#3918 = VERTEX_POINT ( 'NONE', #2113 ) ;
#3919 = AXIS2_PLACEMENT_3D ( 'NONE', #2743, #3567, #2795 ) ;
#3920 = CARTESIAN_POINT ( 'NONE',  ( 143.4479907142173261, 12.50104012939844011, 6.999999999999999112 ) ) ;
#3921 = DIRECTION ( 'NONE',  ( 1.000000000000000000, 0.000000000000000000, 0.000000000000000000 ) ) ;
#3922 = VERTEX_POINT ( 'NONE', #4828 ) ;
#3923 = DIRECTION ( 'NONE',  ( -0.000000000000000000, -0.000000000000000000, 1.000000000000000000 ) ) ;
#3924 = EDGE_CURVE ( 'NONE', #2093, #2090, #2930, .T. ) ;
#3925 = CIRCLE ( 'NONE', #4094, 2.000000000000001776 ) ;
#3926 = FACE_OUTER_BOUND ( 'NONE', #1362, .T. ) ;
#3927 = ORIENTED_EDGE ( 'NONE', *, *, #1231, .F. ) ;
#3928 = AXIS2_PLACEMENT_3D ( 'NONE', #441, #4391, #4337 ) ;
#3929 = CYLINDRICAL_SURFACE ( 'NONE', #4695, 2.000000000000000000 ) ;
#3930 = ORIENTED_EDGE ( 'NONE', *, *, #4848, .F. ) ;
#3931 = EDGE_CURVE ( 'NONE', #3358, #336, #1603, .T. ) ;
#3932 = EDGE_CURVE ( 'NONE', #3117, #669, #4340, .T. ) ;
#3933 = AXIS2_PLACEMENT_3D ( 'NONE', #1421, #280, #1399 ) ;
#3934 = CARTESIAN_POINT ( 'NONE',  ( 95.65340010818641758, 48.54370749419727815, 3.000000000000000000 ) ) ;
#3935 = FACE_BOUND ( 'NONE', #1738, .T. ) ;
#3936 = AXIS2_PLACEMENT_3D ( 'NONE', #3631, #4465, #2130 ) ;
#3937 = DIRECTION ( 'NONE',  ( 3.271025955591197668E-16, -0.7071067811865480168, -0.7071067811865470176 ) ) ;
#3938 = PLANE ( 'NONE',  #3702 ) ;
#3939 = CIRCLE ( 'NONE', #1612, 1.699999999999993072 ) ;
#3940 = ORIENTED_EDGE ( 'NONE', *, *, #3139, .F. ) ;
#3941 = EDGE_CURVE ( 'NONE', #523, #1349, #1767, .T. ) ;
#3942 = CARTESIAN_POINT ( 'NONE',  ( 157.1989813451135660, 12.14897587572937709, 19.00000000000000355 ) ) ;
#3943 = AXIS2_PLACEMENT_3D ( 'NONE', #3121, #5115, #1112 ) ;
#3944 = ORIENTED_EDGE ( 'NONE', *, *, #586, .F. ) ;
#3945 = CARTESIAN_POINT ( 'NONE',  ( 138.4938606922386555, 12.14897587572937887, 5.389708473898251917 ) ) ;
#3946 = LINE ( 'NONE', #4309, #2625 ) ;
#3947 = CARTESIAN_POINT ( 'NONE',  ( 0.000000000000000000, 37.54370749419727815, 5.000000000000000000 ) ) ;
#3948 = CIRCLE ( 'NONE', #3020, 1.699999999999993072 ) ;
#3949 = DIRECTION ( 'NONE',  ( 0.000000000000000000, 0.000000000000000000, -1.000000000000000000 ) ) ;
#3950 = AXIS2_PLACEMENT_3D ( 'NONE', #5108, #2754, #3997 ) ;
#3951 = LINE ( 'NONE', #1236, #1031 ) ;
#3952 = ORIENTED_EDGE ( 'NONE', *, *, #4879, .F. ) ;
#3953 = CYLINDRICAL_SURFACE ( 'NONE', #1456, 7.500000000000007105 ) ;
#3954 = EDGE_CURVE ( 'NONE', #3844, #1530, #4474, .T. ) ;
#3955 = CIRCLE ( 'NONE', #3031, 1.599999999999934808 ) ;
#3956 = CARTESIAN_POINT ( 'NONE',  ( 95.65340010818641758, 37.54370749419727815, 3.000000000000000000 ) ) ;
#3957 = CIRCLE ( 'NONE', #3533, 2.999999999999975131 ) ;
#3958 = DIRECTION ( 'NONE',  ( 0.000000000000000000, 0.000000000000000000, -1.000000000000000000 ) ) ;
#3959 = CIRCLE ( 'NONE', #1299, 11.50000000000001066 ) ;
#3960 = AXIS2_PLACEMENT_3D ( 'NONE', #2541, #4127, #3360 ) ;
#3961 = DIRECTION ( 'NONE',  ( -0.000000000000000000, -0.000000000000000000, 1.000000000000000000 ) ) ;
#3962 = FACE_BOUND ( 'NONE', #651, .T. ) ;
#3963 = CARTESIAN_POINT ( 'NONE',  ( 150.0000000000000000, -15.00000000000000000, 3.000000000000002665 ) ) ;
#3964 = CARTESIAN_POINT ( 'NONE',  ( 197.2540742854652933, -2.492620464194377217, 2.999999999999999112 ) ) ;
#3965 = ADVANCED_FACE ( 'NONE', ( #863 ), #4007, .F. ) ;
#3966 = ORIENTED_EDGE ( 'NONE', *, *, #625, .F. ) ;
#3967 = CARTESIAN_POINT ( 'NONE',  ( 172.5000000000000284, 41.50000000000000711, 0.000000000000000000 ) ) ;
#3968 = ORIENTED_EDGE ( 'NONE', *, *, #2975, .F. ) ;
#3969 = ORIENTED_EDGE ( 'NONE', *, *, #819, .T. ) ;
#3970 = DIRECTION ( 'NONE',  ( -1.000000000000000000, 0.000000000000000000, 0.000000000000000000 ) ) ;
#3971 = CARTESIAN_POINT ( 'NONE',  ( 63.24999999999992895, 50.00000000000007816, 5.000000000000000000 ) ) ;
#3972 = EDGE_CURVE ( 'NONE', #3671, #3591, #3413, .T. ) ;
#3973 = DIRECTION ( 'NONE',  ( -0.000000000000000000, -0.000000000000000000, 1.000000000000000000 ) ) ;
#3974 = EDGE_CURVE ( 'NONE', #1453, #2604, #2869, .T. ) ;
#3975 = FACE_OUTER_BOUND ( 'NONE', #1451, .T. ) ;
#3976 = CARTESIAN_POINT ( 'NONE',  ( 9.999999999999991118, 54.99999999999988631, 3.449999999999997513 ) ) ;
#3977 = ORIENTED_EDGE ( 'NONE', *, *, #3559, .F. ) ;
#3978 = DIRECTION ( 'NONE',  ( 1.000000000000000000, -0.000000000000000000, -0.000000000000000000 ) ) ;
#3979 = VERTEX_POINT ( 'NONE', #4064 ) ;
#3980 = DIRECTION ( 'NONE',  ( -0.7071067811865474617, 0.000000000000000000, -0.7071067811865474617 ) ) ;
#3981 = FACE_OUTER_BOUND ( 'NONE', #4912, .T. ) ;
#3982 = DIRECTION ( 'NONE',  ( -1.000000000000000000, 0.000000000000000000, 0.000000000000000000 ) ) ;
#3983 = CARTESIAN_POINT ( 'NONE',  ( 9.999999999999996447, 9.999999999999985789, 5.000000000000000000 ) ) ;
#3984 = CARTESIAN_POINT ( 'NONE',  ( 145.0624943690542636, 12.08518619781601089, 6.999999999999999112 ) ) ;
#3985 = DIRECTION ( 'NONE',  ( 0.000000000000000000, -0.000000000000000000, -1.000000000000000000 ) ) ;
#3986 = ORIENTED_EDGE ( 'NONE', *, *, #1336, .F. ) ;
#3987 = CARTESIAN_POINT ( 'NONE',  ( 155.3792945454624146, 10.98786581668077211, 5.673411147754356065 ) ) ;
#3988 = B_SPLINE_CURVE_WITH_KNOTS ( 'NONE', 3,
 ( #2633, #262, #3425, #3044, #565, #171, #1751, #2563, #3331, #195, #2944, #4527, #1513, #4347 ),
 .UNSPECIFIED., .F., .F.,
 ( 4, 2, 2, 2, 2, 2, 4 ),
 ( 0.003008746018902574461, 0.003760840980798319400, 0.004136888461746191653, 0.004512935942694063472, 0.004888983423641935291, 0.005265030904589807978, 0.006017125866485479625 ),
 .UNSPECIFIED. ) ;
#3989 = ORIENTED_EDGE ( 'NONE', *, *, #3869, .T. ) ;
#3990 = CARTESIAN_POINT ( 'NONE',  ( 140.0663718926538763, 12.14897587572938065, 6.916570156828451665 ) ) ;
#3991 = CARTESIAN_POINT ( 'NONE',  ( 190.0000000000000568, 32.50000000000004974, 19.00000000000000000 ) ) ;
#3992 = CARTESIAN_POINT ( 'NONE',  ( 163.1989813451135660, 12.14897587572937709, 19.00000000000000355 ) ) ;
#3993 = EDGE_LOOP ( 'NONE', ( #4, #2945, #1992, #4180 ) ) ;
#3994 = EDGE_CURVE ( 'NONE', #1511, #3024, #3586, .T. ) ;
#3995 = EDGE_CURVE ( 'NONE', #3273, #2268, #4259, .T. ) ;
#3996 = CARTESIAN_POINT ( 'NONE',  ( 157.1989813451135660, 8.148975875729375318, 0.000000000000000000 ) ) ;
#3997 = DIRECTION ( 'NONE',  ( 1.000000000000000000, 0.000000000000000000, 0.000000000000000000 ) ) ;
#3998 = VERTEX_POINT ( 'NONE', #1245 ) ;
#3999 = VECTOR ( 'NONE', #2097, 1000.000000000000000 ) ;
#4000 = CARTESIAN_POINT ( 'NONE',  ( 154.9497474683057874, -19.94974746830582291, 9.000000000000001776 ) ) ;
#4001 = EDGE_CURVE ( 'NONE', #3735, #1525, #65, .T. ) ;
#4002 = ORIENTED_EDGE ( 'NONE', *, *, #2731, .F. ) ;
#4003 = CARTESIAN_POINT ( 'NONE',  ( 66.49999999999992895, 50.00000000000007816, 0.000000000000000000 ) ) ;
#4004 = CARTESIAN_POINT ( 'NONE',  ( 109.4368313391057939, 28.65522626370487913, 5.414213562373094923 ) ) ;
#4005 = ORIENTED_EDGE ( 'NONE', *, *, #3629, .F. ) ;
#4006 =( GEOMETRIC_REPRESENTATION_CONTEXT ( 3 ) GLOBAL_UNCERTAINTY_ASSIGNED_CONTEXT ( ( #102 ) ) GLOBAL_UNIT_ASSIGNED_CONTEXT ( ( #864, #3616, #2114 ) ) REPRESENTATION_CONTEXT ( 'NONE', 'WORKASPACE' ) );
#4007 = CYLINDRICAL_SURFACE ( 'NONE', #3341, 1.399999999999998579 ) ;
#4008 = VECTOR ( 'NONE', #5089, 1000.000000000000000 ) ;
#4009 = DIRECTION ( 'NONE',  ( -1.000000000000000000, 0.000000000000000000, 0.000000000000000000 ) ) ;
#4010 = LINE ( 'NONE', #534, #300 ) ;
#4011 = ORIENTED_EDGE ( 'NONE', *, *, #2411, .F. ) ;
#4012 = ORIENTED_EDGE ( 'NONE', *, *, #2701, .F. ) ;
#4013 = VECTOR ( 'NONE', #3294, 1000.000000000000000 ) ;
#4014 = CARTESIAN_POINT ( 'NONE',  ( 136.7944365486292497, 10.14897587572937887, 0.000000000000000000 ) ) ;
#4015 = ORIENTED_EDGE ( 'NONE', *, *, #1903, .F. ) ;
#4016 = CARTESIAN_POINT ( 'NONE',  ( 138.4999999999999716, -14.99999999999999822, 9.000000000000001776 ) ) ;
#4017 = FACE_OUTER_BOUND ( 'NONE', #3035, .T. ) ;
#4018 = VECTOR ( 'NONE', #2996, 1000.000000000000000 ) ;
#4019 = CARTESIAN_POINT ( 'NONE',  ( 141.0000000000000000, 15.00000000000001243, 6.999999999999999112 ) ) ;
#4020 = ORIENTED_EDGE ( 'NONE', *, *, #1774, .T. ) ;
#4021 = CIRCLE ( 'NONE', #1779, 1.700000000000007061 ) ;
#4022 = CARTESIAN_POINT ( 'NONE',  ( 143.5000000000000284, 25.49999999999999645, 19.00000000000000000 ) ) ;
#4023 = CARTESIAN_POINT ( 'NONE',  ( 172.5000000000000284, 41.50000000000000711, 0.000000000000000000 ) ) ;
#4024 = ORIENTED_EDGE ( 'NONE', *, *, #4063, .F. ) ;
#4025 = AXIS2_PLACEMENT_3D ( 'NONE', #2032, #2840, #1668 ) ;
#4026 = CARTESIAN_POINT ( 'NONE',  ( 127.8027442487000513, 57.99999999999998579, 6.999999999999999112 ) ) ;
#4027 = EDGE_CURVE ( 'NONE', #3569, #2449, #1846, .T. ) ;
#4028 = ADVANCED_FACE ( 'NONE', ( #506 ), #4744, .F. ) ;
#4029 = CIRCLE ( 'NONE', #3520, 1.700000000000007061 ) ;
#4030 = FACE_OUTER_BOUND ( 'NONE', #2302, .T. ) ;
#4031 = ORIENTED_EDGE ( 'NONE', *, *, #3100, .F. ) ;
#4032 = EDGE_LOOP ( 'NONE', ( #2088, #695, #2280, #2382 ) ) ;
#4033 = LINE ( 'NONE', #3223, #1618 ) ;
#4034 = DIRECTION ( 'NONE',  ( 1.000000000000000000, 0.000000000000000000, 0.000000000000000000 ) ) ;
#4035 = EDGE_CURVE ( 'NONE', #2407, #2310, #115, .T. ) ;
#4036 = EDGE_CURVE ( 'NONE', #2268, #2307, #4421, .T. ) ;
#4037 = AXIS2_PLACEMENT_3D ( 'NONE', #653, #3822, #1541 ) ;
#4038 = DIRECTION ( 'NONE',  ( 0.000000000000000000, 0.000000000000000000, -1.000000000000000000 ) ) ;
#4039 = CARTESIAN_POINT ( 'NONE',  ( 150.0000000000000000, -15.00000000000000000, 3.000000000000002665 ) ) ;
#4040 = ADVANCED_FACE ( 'NONE', ( #426 ), #2454, .F. ) ;
#4041 = DIRECTION ( 'NONE',  ( 0.7071067811865473507, 0.000000000000000000, 0.7071067811865477948 ) ) ;
#4042 = ORIENTED_EDGE ( 'NONE', *, *, #1581, .F. ) ;
#4043 = EDGE_LOOP ( 'NONE', ( #638, #4690, #510, #4225 ) ) ;
#4044 = TOROIDAL_SURFACE ( 'NONE', #4699, 3.000000000000000888, 2.000000000000000000 ) ;
#4045 = LINE ( 'NONE', #3746, #614 ) ;
#4046 = VERTEX_POINT ( 'NONE', #2143 ) ;
#4047 = CARTESIAN_POINT ( 'NONE',  ( 2.000000000000000000, 2.000000000000000000, 3.000000000000000000 ) ) ;
#4048 = DIRECTION ( 'NONE',  ( -1.000000000000000000, 0.000000000000000000, 0.000000000000000000 ) ) ;
#4049 = DIRECTION ( 'NONE',  ( 1.000000000000000000, 0.000000000000000000, 0.000000000000000000 ) ) ;
#4050 = ORIENTED_EDGE ( 'NONE', *, *, #4126, .T. ) ;
#4051 = UNCERTAINTY_MEASURE_WITH_UNIT (LENGTH_MEASURE( 1.000000000000000082E-05 ), #4173, 'distance_accuracy_value', 'NONE');
#4052 = FACE_OUTER_BOUND ( 'NONE', #5008, .T. ) ;
#4053 = FACE_OUTER_BOUND ( 'NONE', #3767, .T. ) ;
#4054 = VECTOR ( 'NONE', #2767, 1000.000000000000000 ) ;
#4055 = ORIENTED_EDGE ( 'NONE', *, *, #2790, .F. ) ;
#4056 = ORIENTED_EDGE ( 'NONE', *, *, #1769, .F. ) ;
#4057 = CARTESIAN_POINT ( 'NONE',  ( 108.6534001081864176, 40.54370749419729947, 3.000000000000000000 ) ) ;
#4058 = EDGE_CURVE ( 'NONE', #4784, #2998, #2231, .T. ) ;
#4059 = ORIENTED_EDGE ( 'NONE', *, *, #1745, .F. ) ;
#4060 = CARTESIAN_POINT ( 'NONE',  ( 143.5000000000000284, 25.49999999999999645, 2.000000000000001776 ) ) ;
#4061 = FACE_OUTER_BOUND ( 'NONE', #4280, .T. ) ;
#4062 = EDGE_CURVE ( 'NONE', #605, #1693, #4497, .T. ) ;
#4063 = EDGE_CURVE ( 'NONE', #3345, #3432, #2257, .T. ) ;
#4064 = CARTESIAN_POINT ( 'NONE',  ( 199.3442599178371495, -0.5952495871755850709, 0.000000000000000000 ) ) ;
#4065 = ADVANCED_FACE ( 'NONE', ( #1897 ), #670, .T. ) ;
#4066 = CARTESIAN_POINT ( 'NONE',  ( 9.576284890300673425, 58.21775749935422795, 4.988484403019949553 ) ) ;
#4067 = CARTESIAN_POINT ( 'NONE',  ( 136.7944365486292497, 12.14897587572937709, 19.00000000000000355 ) ) ;
#4068 = CARTESIAN_POINT ( 'NONE',  ( 13.24999999999998046, 32.49999999999990052, 5.000000000000000000 ) ) ;
#4069 = ORIENTED_EDGE ( 'NONE', *, *, #3771, .T. ) ;
#4070 = DIRECTION ( 'NONE',  ( 0.000000000000000000, 0.000000000000000000, -1.000000000000000000 ) ) ;
#4071 = VERTEX_POINT ( 'NONE', #4883 ) ;
#4072 = DIRECTION ( 'NONE',  ( -1.000000000000000000, 0.000000000000000000, 0.000000000000000000 ) ) ;
#4073 = CARTESIAN_POINT ( 'NONE',  ( 198.0000000000000000, 2.580426667282538222, 5.000000000000000000 ) ) ;
#4074 = ORIENTED_EDGE ( 'NONE', *, *, #1522, .F. ) ;
#4075 = FACE_OUTER_BOUND ( 'NONE', #2900, .T. ) ;
#4076 = CIRCLE ( 'NONE', #2908, 1.000000000000000888 ) ;
#4077 = EDGE_CURVE ( 'NONE', #2084, #2001, #937, .T. ) ;
#4078 = CYLINDRICAL_SURFACE ( 'NONE', #3419, 1.399999999999998579 ) ;
#4079 = CARTESIAN_POINT ( 'NONE',  ( 105.6534001081864176, 40.54370749419727815, 9.000000000000001776 ) ) ;
#4080 = VERTEX_POINT ( 'NONE', #168 ) ;
#4081 = ORIENTED_EDGE ( 'NONE', *, *, #3410, .F. ) ;
#4082 = CYLINDRICAL_SURFACE ( 'NONE', #470, 1.599999999999851541 ) ;
#4083 = VERTEX_POINT ( 'NONE', #1450 ) ;
#4084 = AXIS2_PLACEMENT_3D ( 'NONE', #1335, #2924, #4049 ) ;
#4085 = DIRECTION ( 'NONE',  ( 0.000000000000000000, 0.000000000000000000, -1.000000000000000000 ) ) ;
#4086 = CARTESIAN_POINT ( 'NONE',  ( 188.2999999999999829, 54.99999999999998579, 5.000000000000000000 ) ) ;
#4087 = ORIENTED_EDGE ( 'NONE', *, *, #1659, .T. ) ;
#4088 = AXIS2_PLACEMENT_3D ( 'NONE', #685, #4729, #1518 ) ;
#4089 = CARTESIAN_POINT ( 'NONE',  ( 191.7000000000000455, 10.00000000000000888, 5.000000000000000000 ) ) ;
#4090 = DIRECTION ( 'NONE',  ( -1.000000000000000000, 0.000000000000000000, 0.000000000000000000 ) ) ;
#4091 = CARTESIAN_POINT ( 'NONE',  ( 145.0624943690542636, 12.08518619781601444, 5.000000000000000000 ) ) ;
#4092 = VERTEX_POINT ( 'NONE', #4663 ) ;
#4093 = EDGE_CURVE ( 'NONE', #1485, #2589, #3723, .T. ) ;
#4094 = AXIS2_PLACEMENT_3D ( 'NONE', #298, #1042, #1433 ) ;
#4095 = AXIS2_PLACEMENT_3D ( 'NONE', #1725, #3642, #2819 ) ;
#4096 = PLANE ( 'NONE',  #4433 ) ;
#4097 = VERTEX_POINT ( 'NONE', #1748 ) ;
#4098 = CARTESIAN_POINT ( 'NONE',  ( 0.000000000000000000, 60.00000000000000000, 5.000000000000000000 ) ) ;
#4099 = VECTOR ( 'NONE', #3046, 1000.000000000000114 ) ;
#4100 = LINE ( 'NONE', #4789, #1557 ) ;
#4101 = FACE_OUTER_BOUND ( 'NONE', #3072, .T. ) ;
#4102 = CIRCLE ( 'NONE', #1437, 22.49999999999999289 ) ;
#4103 = EDGE_CURVE ( 'NONE', #4236, #3628, #672, .T. ) ;
#4104 = CARTESIAN_POINT ( 'NONE',  ( 141.9336281073461805, 12.14897587572938065, 19.00000000000000000 ) ) ;
#4105 = AXIS2_PLACEMENT_3D ( 'NONE', #3357, #2579, #1064 ) ;
#4106 = DIRECTION ( 'NONE',  ( 0.7404331963952650586, 0.6721299589185790735, 0.000000000000000000 ) ) ;
#4107 = VERTEX_POINT ( 'NONE', #315 ) ;
#4108 = EDGE_LOOP ( 'NONE', ( #4572, #1832, #1633, #2075 ) ) ;
#4109 = AXIS2_PLACEMENT_3D ( 'NONE', #2764, #1087, #3881 ) ;
#4110 = DIRECTION ( 'NONE',  ( -0.7404331963952650586, -0.6721299589185791845, 0.000000000000000000 ) ) ;
#4111 = ORIENTED_EDGE ( 'NONE', *, *, #4160, .T. ) ;
#4112 = AXIS2_PLACEMENT_3D ( 'NONE', #2984, #3351, #2190 ) ;
#4113 = DIRECTION ( 'NONE',  ( -1.000000000000000000, -0.000000000000000000, -0.000000000000000000 ) ) ;
#4114 = CIRCLE ( 'NONE', #3860, 3.250000000000001332 ) ;
#4115 = PLANE ( 'NONE',  #3876 ) ;
#4116 = VECTOR ( 'NONE', #5045, 1000.000000000000000 ) ;
#4117 = EDGE_CURVE ( 'NONE', #36, #1349, #1325, .T. ) ;
#4118 = CARTESIAN_POINT ( 'NONE',  ( 6.749999999999995559, 9.999999999999985789, 5.000000000000000000 ) ) ;
#4119 = CARTESIAN_POINT ( 'NONE',  ( 62.58141842876197103, 14.99999999999996092, 5.000000000000000000 ) ) ;
#4120 = VECTOR ( 'NONE', #2025, 999.9999999999998863 ) ;
#4121 = EDGE_LOOP ( 'NONE', ( #2185, #422, #1436, #2889, #2624, #4991 ) ) ;
#4122 = DIRECTION ( 'NONE',  ( -0.000000000000000000, -0.000000000000000000, -1.000000000000000000 ) ) ;
#4123 = CIRCLE ( 'NONE', #4525, 1.700000000000007061 ) ;
#4124 = ORIENTED_EDGE ( 'NONE', *, *, #4921, .T. ) ;
#4125 = CARTESIAN_POINT ( 'NONE',  ( 105.6534001081864176, 39.54370749419727815, 2.000000000000001776 ) ) ;
#4126 = EDGE_CURVE ( 'NONE', #733, #3179, #2938, .T. ) ;
#4127 = DIRECTION ( 'NONE',  ( 0.000000000000000000, 0.000000000000000000, -1.000000000000000000 ) ) ;
#4128 = DIRECTION ( 'NONE',  ( 1.000000000000000000, 0.000000000000000000, 0.000000000000000000 ) ) ;
#4129 = EDGE_CURVE ( 'NONE', #4164, #1638, #964, .T. ) ;
#4130 = AXIS2_PLACEMENT_3D ( 'NONE', #3739, #3119, #3061 ) ;
#4131 = CARTESIAN_POINT ( 'NONE',  ( 0.000000000000000000, 60.00000000000000000, 3.000000000000000000 ) ) ;
#4132 = AXIS2_PLACEMENT_3D ( 'NONE', #2609, #2150, #4223 ) ;
#4133 = EDGE_CURVE ( 'NONE', #2449, #1915, #936, .T. ) ;
#4134 = DIRECTION ( 'NONE',  ( 0.000000000000000000, 0.000000000000000000, -1.000000000000000000 ) ) ;
#4135 = EDGE_CURVE ( 'NONE', #2090, #2093, #4503, .T. ) ;
#4136 = DIRECTION ( 'NONE',  ( 0.8949343616020287717, -0.4461978131098013334, -0.000000000000000000 ) ) ;
#4137 = ORIENTED_EDGE ( 'NONE', *, *, #1486, .F. ) ;
#4138 = LINE ( 'NONE', #2888, #4932 ) ;
#4139 = VERTEX_POINT ( 'NONE', #4614 ) ;
#4140 = CARTESIAN_POINT ( 'NONE',  ( 198.5478901685997926, -1.318156082242091909, 4.876202194113969490 ) ) ;
#4141 = DIRECTION ( 'NONE',  ( 1.000000000000000000, -5.782411586589351722E-16, 0.000000000000000000 ) ) ;
#4142 = ORIENTED_EDGE ( 'NONE', *, *, #1295, .T. ) ;
#4143 = CARTESIAN_POINT ( 'NONE',  ( 197.7058243654970511, -0.2564852667683603094, 5.384740407141149099 ) ) ;
#4144 = CARTESIAN_POINT ( 'NONE',  ( 197.2540742854652933, -2.492620464194377217, 2.999999999999999112 ) ) ;
#4145 = CARTESIAN_POINT ( 'NONE',  ( 86.43574887824243547, 41.24054332878370843, 5.000000000000000000 ) ) ;
#4146 = ORIENTED_EDGE ( 'NONE', *, *, #1233, .T. ) ;
#4147 = CARTESIAN_POINT ( 'NONE',  ( 142.7000000000000171, 49.99999999999987210, 19.00000000000000000 ) ) ;
#4148 = EDGE_LOOP ( 'NONE', ( #377, #1279, #1310, #4056 ) ) ;
#4149 = CARTESIAN_POINT ( 'NONE',  ( 108.6534001081864176, 48.54370749419725684, 5.000000000000000000 ) ) ;
#4150 = CARTESIAN_POINT ( 'NONE',  ( 190.0000000000000568, 32.50000000000004974, 5.000000000000000000 ) ) ;
#4151 = DIRECTION ( 'NONE',  ( -0.000000000000000000, -0.000000000000000000, 1.000000000000000000 ) ) ;
#4152 = CARTESIAN_POINT ( 'NONE',  ( 143.4502525316942467, -10.05025253169416999, 9.000000000000001776 ) ) ;
#4153 = DIRECTION ( 'NONE',  ( 0.9683921847460533749, -0.2494325089533556139, 0.000000000000000000 ) ) ;
#4154 = EDGE_LOOP ( 'NONE', ( #1980, #1174, #1250, #2681 ) ) ;
#4155 = ADVANCED_FACE ( 'NONE', ( #1055 ), #1012, .F. ) ;
#4156 = CARTESIAN_POINT ( 'NONE',  ( 190.0000000000000000, 54.99999999999998579, 5.000000000000000000 ) ) ;
#4157 = ORIENTED_EDGE ( 'NONE', *, *, #3710, .F. ) ;
#4158 = CARTESIAN_POINT ( 'NONE',  ( 143.4502525316941330, -19.94974746830583001, 0.000000000000000000 ) ) ;
#4159 = ORIENTED_EDGE ( 'NONE', *, *, #2157, .F. ) ;
#4160 = EDGE_CURVE ( 'NONE', #2578, #4139, #3263, .T. ) ;
#4161 = AXIS2_PLACEMENT_3D ( 'NONE', #4483, #1657, #4128 ) ;
#4162 = CARTESIAN_POINT ( 'NONE',  ( 158.5000000000000284, 25.50000000000000000, 19.00000000000000000 ) ) ;
#4163 = DIRECTION ( 'NONE',  ( -0.8949343616020283276, 0.4461978131098022771, -0.000000000000000000 ) ) ;
#4164 = VERTEX_POINT ( 'NONE', #1637 ) ;
#4165 = AXIS2_PLACEMENT_3D ( 'NONE', #4755, #1887, #4351 ) ;
#4166 = EDGE_CURVE ( 'NONE', #1453, #2315, #2356, .T. ) ;
#4167 = DIRECTION ( 'NONE',  ( 0.000000000000000000, -1.000000000000000000, 0.000000000000000000 ) ) ;
#4168 = ORIENTED_EDGE ( 'NONE', *, *, #3403, .F. ) ;
#4169 = FACE_OUTER_BOUND ( 'NONE', #3176, .T. ) ;
#4170 = DIRECTION ( 'NONE',  ( 0.000000000000000000, 0.000000000000000000, -1.000000000000000000 ) ) ;
#4171 = FACE_OUTER_BOUND ( 'NONE', #4839, .T. ) ;
#4172 = CARTESIAN_POINT ( 'NONE',  ( 2.000000000000000000, 0.000000000000000000, 3.000000000000000000 ) ) ;
#4173 =( LENGTH_UNIT ( ) NAMED_UNIT ( * ) SI_UNIT ( .MILLI., .METRE. ) );
#4174 = CARTESIAN_POINT ( 'NONE',  ( 108.6534001081864176, 0.000000000000000000, 3.000000000000000000 ) ) ;
#4175 = AXIS2_PLACEMENT_3D ( 'NONE', #916, #2502, #3615 ) ;
#4176 = EDGE_LOOP ( 'NONE', ( #1069, #2078, #1319, #1077, #3466, #4455 ) ) ;
#4177 = VECTOR ( 'NONE', #1235, 1000.000000000000000 ) ;
#4178 = DIRECTION ( 'NONE',  ( -1.000000000000000000, -0.000000000000000000, -0.000000000000000000 ) ) ;
#4179 = VECTOR ( 'NONE', #1737, 1000.000000000000000 ) ;
#4180 = ORIENTED_EDGE ( 'NONE', *, *, #3473, .F. ) ;
#4181 = EDGE_CURVE ( 'NONE', #679, #3117, #3497, .T. ) ;
#4182 = VECTOR ( 'NONE', #1201, 1000.000000000000000 ) ;
#4183 = EDGE_CURVE ( 'NONE', #4210, #1638, #1948, .T. ) ;
#4184 = ORIENTED_EDGE ( 'NONE', *, *, #1858, .T. ) ;
#4185 = CIRCLE ( 'NONE', #4356, 1.600000000000018074 ) ;
#4186 = EDGE_CURVE ( 'NONE', #4212, #1915, #2603, .T. ) ;
#4187 = AXIS2_PLACEMENT_3D ( 'NONE', #3656, #2905, #4106 ) ;
#4188 = CARTESIAN_POINT ( 'NONE',  ( 145.0502525316941558, -19.94974746830583001, 0.000000000000000000 ) ) ;
#4189 = FACE_OUTER_BOUND ( 'NONE', #5083, .T. ) ;
#4190 = ORIENTED_EDGE ( 'NONE', *, *, #4219, .F. ) ;
#4191 =( BOUNDED_CURVE ( )  B_SPLINE_CURVE ( 3, ( #2196, #1824, #3359, #1363 ),
 .UNSPECIFIED., .F., .F. ) 
 B_SPLINE_CURVE_WITH_KNOTS ( ( 4, 4 ),
 ( 4.348386758924645434, 4.712388980384689674 ),
 .UNSPECIFIED. ) 
 CURVE ( )  GEOMETRIC_REPRESENTATION_ITEM ( )  RATIONAL_B_SPLINE_CURVE ( ( 1.000000000000000000, 0.9889889767692979783, 0.9889889767692979783, 1.000000000000000000 ) ) 
 REPRESENTATION_ITEM ( '' )  );
#4192 = AXIS2_PLACEMENT_3D ( 'NONE', #3956, #2371, #3 ) ;
#4193 = VECTOR ( 'NONE', #104, 1000.000000000000000 ) ;
#4194 = LINE ( 'NONE', #632, #1855 ) ;
#4195 = EDGE_LOOP ( 'NONE', ( #3270, #1680, #183, #119, #4146 ) ) ;
#4196 = CARTESIAN_POINT ( 'NONE',  ( 158.5000000000000284, 25.50000000000000355, 2.000000000000001776 ) ) ;
#4197 = FACE_OUTER_BOUND ( 'NONE', #2617, .T. ) ;
#4198 = VECTOR ( 'NONE', #182, 1000.000000000000000 ) ;
#4199 = DIRECTION ( 'NONE',  ( 0.000000000000000000, 0.000000000000000000, -1.000000000000000000 ) ) ;
#4200 = CONICAL_SURFACE ( 'NONE', #3613, 3.250000000000002665, 0.7853981633974491672 ) ;
#4201 = DIRECTION ( 'NONE',  ( 1.000000000000000000, 0.000000000000000000, 0.000000000000000000 ) ) ;
#4202 = CARTESIAN_POINT ( 'NONE',  ( 190.0000000000000284, 10.00000000000000888, 0.000000000000000000 ) ) ;
#4203 = CONICAL_SURFACE ( 'NONE', #1636, 9.500000000000008882, 0.7853981633974482790 ) ;
#4204 = DIRECTION ( 'NONE',  ( 0.000000000000000000, 0.000000000000000000, -1.000000000000000000 ) ) ;
#4205 = CIRCLE ( 'NONE', #3123, 1.000000000000000888 ) ;
#4206 = VERTEX_POINT ( 'NONE', #4717 ) ;
#4207 = EDGE_LOOP ( 'NONE', ( #4384, #4440 ) ) ;
#4208 = CIRCLE ( 'NONE', #2308, 20.49999999999998934 ) ;
#4209 = LINE ( 'NONE', #4258, #3699 ) ;
#4210 = VERTEX_POINT ( 'NONE', #2396 ) ;
#4211 = DIRECTION ( 'NONE',  ( 0.000000000000000000, 0.000000000000000000, -1.000000000000000000 ) ) ;
#4212 = VERTEX_POINT ( 'NONE', #2440 ) ;
#4213 = EDGE_CURVE ( 'NONE', #3625, #2079, #4363, .T. ) ;
#4214 = AXIS2_PLACEMENT_3D ( 'NONE', #2351, #3127, #3856 ) ;
#4215 = CARTESIAN_POINT ( 'NONE',  ( 126.6311713734462359, 60.00000000000000000, 18.17157287525381193 ) ) ;
#4216 = DIRECTION ( 'NONE',  ( 1.000000000000000000, 0.000000000000000000, 0.000000000000000000 ) ) ;
#4217 = ORIENTED_EDGE ( 'NONE', *, *, #4341, .T. ) ;
#4218 = EDGE_CURVE ( 'NONE', #2315, #1204, #4412, .T. ) ;
#4219 = EDGE_CURVE ( 'NONE', #1241, #2307, #4837, .T. ) ;
#4220 = CARTESIAN_POINT ( 'NONE',  ( 4.712073252265514127E-15, 8.148975875729460583, 5.000000000000000000 ) ) ;
#4221 = ORIENTED_EDGE ( 'NONE', *, *, #2950, .F. ) ;
#4222 = CARTESIAN_POINT ( 'NONE',  ( 197.5011349820932764, 0.6436422977904290299, 6.999999999999999112 ) ) ;
#4223 = DIRECTION ( 'NONE',  ( -1.000000000000000000, 0.000000000000000000, 0.000000000000000000 ) ) ;
#4224 = DIRECTION ( 'NONE',  ( 0.000000000000000000, 0.000000000000000000, 1.000000000000000000 ) ) ;
#4225 = ORIENTED_EDGE ( 'NONE', *, *, #243, .F. ) ;
#4226 = DIRECTION ( 'NONE',  ( -0.000000000000000000, -0.000000000000000000, 1.000000000000000000 ) ) ;
#4227 = FILL_AREA_STYLE ('',( #2277 ) ) ;
#4228 = EDGE_LOOP ( 'NONE', ( #1949, #987 ) ) ;
#4229 = CARTESIAN_POINT ( 'NONE',  ( 102.3517677218592752, 0.000000000000000000, 0.000000000000000000 ) ) ;
#4230 = ORIENTED_EDGE ( 'NONE', *, *, #3897, .F. ) ;
#4231 = ORIENTED_EDGE ( 'NONE', *, *, #2805, .T. ) ;
#4232 = CARTESIAN_POINT ( 'NONE',  ( 137.2305374359174834, 18.28498888551852275, 19.00000000000000000 ) ) ;
#4233 = DIRECTION ( 'NONE',  ( -0.000000000000000000, -0.000000000000000000, 1.000000000000000000 ) ) ;
#4234 = ORIENTED_EDGE ( 'NONE', *, *, #1419, .T. ) ;
#4235 = CARTESIAN_POINT ( 'NONE',  ( 95.65340010818641758, 39.54370749419727815, 9.000000000000001776 ) ) ;
#4236 = VERTEX_POINT ( 'NONE', #831 ) ;
#4237 = DIRECTION ( 'NONE',  ( -1.000000000000000000, 0.000000000000000000, 0.000000000000000000 ) ) ;
#4238 = LINE ( 'NONE', #1165, #715 ) ;
#4239 = ORIENTED_EDGE ( 'NONE', *, *, #3954, .T. ) ;
#4240 = DIRECTION ( 'NONE',  ( -0.000000000000000000, -0.000000000000000000, -1.000000000000000000 ) ) ;
#4241 = VERTEX_POINT ( 'NONE', #2729 ) ;
#4242 = CARTESIAN_POINT ( 'NONE',  ( 155.3285080677624421, 9.440929465723373326, 4.999999999998875566 ) ) ;
#4243 = DIRECTION ( 'NONE',  ( 0.000000000000000000, 0.000000000000000000, -1.000000000000000000 ) ) ;
#4244 = AXIS2_PLACEMENT_3D ( 'NONE', #3830, #3750, #4224 ) ;
#4245 = CARTESIAN_POINT ( 'NONE',  ( 92.65340010818641758, 40.54370749419729947, 5.000000000000000000 ) ) ;
#4246 = ORIENTED_EDGE ( 'NONE', *, *, #2594, .T. ) ;
#4247 = EDGE_CURVE ( 'NONE', #985, #2826, #3951, .T. ) ;
#4248 = CARTESIAN_POINT ( 'NONE',  ( 198.0000000000000000, 60.00000000000000000, 19.00000000000000000 ) ) ;
#4249 = ORIENTED_EDGE ( 'NONE', *, *, #586, .T. ) ;
#4250 = CYLINDRICAL_SURFACE ( 'NONE', #3115, 1.700000000000007061 ) ;
#4251 = FACE_OUTER_BOUND ( 'NONE', #4484, .T. ) ;
#4252 = EDGE_CURVE ( 'NONE', #2604, #3227, #2125, .T. ) ;
#4253 = ADVANCED_FACE ( 'NONE', ( #419 ), #851, .F. ) ;
#4254 = CARTESIAN_POINT ( 'NONE',  ( 197.9991660890343042, -1.816261643761282185, 3.066835653964641306 ) ) ;
#4255 = ORIENTED_EDGE ( 'NONE', *, *, #2247, .T. ) ;
#4256 = VERTEX_POINT ( 'NONE', #778 ) ;
#4257 = AXIS2_PLACEMENT_3D ( 'NONE', #3800, #2170, #4959 ) ;
#4258 = CARTESIAN_POINT ( 'NONE',  ( 120.3978893567128381, 52.88086597299208336, 5.000000000000000000 ) ) ;
#4259 = CIRCLE ( 'NONE', #687, 1.399999999999998579 ) ;
#4260 = CARTESIAN_POINT ( 'NONE',  ( 103.7659812842323817, -0.5857864376269109608, 108.8283423249224455 ) ) ;
#4261 = ORIENTED_EDGE ( 'NONE', *, *, #1547, .T. ) ;
#4262 = DIRECTION ( 'NONE',  ( 1.000000000000000000, 0.000000000000000000, 0.000000000000000000 ) ) ;
#4263 = ORIENTED_EDGE ( 'NONE', *, *, #4444, .T. ) ;
#4264 = AXIS2_PLACEMENT_3D ( 'NONE', #4172, #5017, #2245 ) ;
#4265 = DIRECTION ( 'NONE',  ( 0.000000000000000000, 0.000000000000000000, 1.000000000000000000 ) ) ;
#4266 = DIRECTION ( 'NONE',  ( 0.000000000000000000, 0.000000000000000000, 1.000000000000000000 ) ) ;
#4267 = VERTEX_POINT ( 'NONE', #3116 ) ;
#4268 = EDGE_CURVE ( 'NONE', #3498, #5054, #2000, .T. ) ;
#4269 = CIRCLE ( 'NONE', #4924, 11.50000000000001066 ) ;
#4270 = FACE_OUTER_BOUND ( 'NONE', #481, .T. ) ;
#4271 = ORIENTED_EDGE ( 'NONE', *, *, #1685, .F. ) ;
#4272 = FACE_BOUND ( 'NONE', #2622, .T. ) ;
#4273 = CARTESIAN_POINT ( 'NONE',  ( 0.000000000000000000, 0.000000000000000000, 3.000000000000000000 ) ) ;
#4274 = AXIS2_PLACEMENT_3D ( 'NONE', #4901, #2555, #578 ) ;
#4275 = CARTESIAN_POINT ( 'NONE',  ( 158.5000000000000284, 42.50000000000001421, 0.000000000000000000 ) ) ;
#4276 = CIRCLE ( 'NONE', #3693, 2.000000000000001776 ) ;
#4277 = EDGE_CURVE ( 'NONE', #2684, #4164, #4739, .T. ) ;
#4278 = CARTESIAN_POINT ( 'NONE',  ( 126.9553516316123734, 60.00000000000000000, 4.541813116458879307 ) ) ;
#4279 = EDGE_LOOP ( 'NONE', ( #3196, #1989, #3255, #4671 ) ) ;
#4280 = EDGE_LOOP ( 'NONE', ( #1925, #4184, #490, #1464 ) ) ;
#4281 = DIRECTION ( 'NONE',  ( 0.000000000000000000, 0.000000000000000000, -1.000000000000000000 ) ) ;
#4282 = DIRECTION ( 'NONE',  ( -1.000000000000000000, 0.000000000000000000, 0.000000000000000000 ) ) ;
#4283 = DIRECTION ( 'NONE',  ( -0.000000000000000000, -0.000000000000000000, -1.000000000000000000 ) ) ;
#4284 = ORIENTED_EDGE ( 'NONE', *, *, #3006, .F. ) ;
#4285 = ORIENTED_EDGE ( 'NONE', *, *, #655, .T. ) ;
#4286 = CIRCLE ( 'NONE', #1378, 1.599999999999990319 ) ;
#4287 = ADVANCED_FACE ( 'NONE', ( #2023 ), #19, .F. ) ;
#4288 = EDGE_CURVE ( 'NONE', #2826, #3305, #1711, .T. ) ;
#4289 = DIRECTION ( 'NONE',  ( -0.000000000000000000, -0.000000000000000000, 1.000000000000000000 ) ) ;
#4290 = DIRECTION ( 'NONE',  ( 0.000000000000000000, 0.000000000000000000, -1.000000000000000000 ) ) ;
#4291 = ORIENTED_EDGE ( 'NONE', *, *, #3100, .T. ) ;
#4292 = CARTESIAN_POINT ( 'NONE',  ( 172.5000000000000284, 40.50000000000000711, 0.000000000000000000 ) ) ;
#4293 = ORIENTED_EDGE ( 'NONE', *, *, #4535, .F. ) ;
#4294 = CIRCLE ( 'NONE', #2053, 9.500000000000008882 ) ;
#4295 = CARTESIAN_POINT ( 'NONE',  ( 94.65340010818641758, 48.54370749419727105, 9.000000000000001776 ) ) ;
#4296 = DIRECTION ( 'NONE',  ( 1.000000000000000000, 0.000000000000000000, 0.000000000000000000 ) ) ;
#4297 = ORIENTED_EDGE ( 'NONE', *, *, #1401, .F. ) ;
#4298 = DIRECTION ( 'NONE',  ( 0.000000000000000000, 0.000000000000000000, -1.000000000000000000 ) ) ;
#4299 = VERTEX_POINT ( 'NONE', #1565 ) ;
#4300 = ORIENTED_EDGE ( 'NONE', *, *, #4219, .T. ) ;
#4301 = DIRECTION ( 'NONE',  ( 0.000000000000000000, 0.000000000000000000, -1.000000000000000000 ) ) ;
#4302 = CARTESIAN_POINT ( 'NONE',  ( 108.6534001081864176, 48.54370749419727105, 3.000000000000000000 ) ) ;
#4303 = DIRECTION ( 'NONE',  ( 0.000000000000000000, 0.000000000000000000, -1.000000000000000000 ) ) ;
#4304 = ORIENTED_EDGE ( 'NONE', *, *, #26, .F. ) ;
#4305 = ORIENTED_EDGE ( 'NONE', *, *, #2261, .F. ) ;
#4306 = CARTESIAN_POINT ( 'NONE',  ( 125.8505859503933664, 57.36652697716781546, 6.476504228805924690 ) ) ;
#4307 = VERTEX_POINT ( 'NONE', #2780 ) ;
#4308 = DIRECTION ( 'NONE',  ( 1.000000000000000000, -6.071532165918819308E-15, 0.000000000000000000 ) ) ;
#4309 = CARTESIAN_POINT ( 'NONE',  ( 85.98955106513263047, 40.34560896718168266, 5.000000000000000000 ) ) ;
#4310 = CARTESIAN_POINT ( 'NONE',  ( 172.5000000000000284, 26.50000000000000000, 0.000000000000000000 ) ) ;
#4311 = ORIENTED_EDGE ( 'NONE', *, *, #3995, .T. ) ;
#4312 = ORIENTED_EDGE ( 'NONE', *, *, #3647, .T. ) ;
#4313 = PRODUCT_RELATED_PRODUCT_CATEGORY ( 'part', '', ( #2029 ) ) ;
#4314 = EDGE_CURVE ( 'NONE', #4617, #4599, #4769, .T. ) ;
#4315 = CYLINDRICAL_SURFACE ( 'NONE', #1695, 2.000000000000002665 ) ;
#4316 = DIRECTION ( 'NONE',  ( 0.7071067811865474617, 0.000000000000000000, 0.7071067811865474617 ) ) ;
#4317 = EDGE_LOOP ( 'NONE', ( #4759, #812, #3001, #1225 ) ) ;
#4318 = ADVANCED_FACE ( 'NONE', ( #4487 ), #2786, .F. ) ;
#4319 = CYLINDRICAL_SURFACE ( 'NONE', #4602, 1.000000000000000888 ) ;
#4320 = EDGE_CURVE ( 'NONE', #1349, #523, #550, .T. ) ;
#4321 = DIRECTION ( 'NONE',  ( -0.000000000000000000, -0.000000000000000000, -1.000000000000000000 ) ) ;
#4322 = ADVANCED_FACE ( 'NONE', ( #1261 ), #2953, .F. ) ;
#4323 = DIRECTION ( 'NONE',  ( 0.000000000000000000, 0.000000000000000000, -1.000000000000000000 ) ) ;
#4324 = ORIENTED_EDGE ( 'NONE', *, *, #625, .T. ) ;
#4325 = CARTESIAN_POINT ( 'NONE',  ( 105.6534001081864176, 49.54370749419727815, 2.000000000000001776 ) ) ;
#4326 = FACE_OUTER_BOUND ( 'NONE', #3055, .T. ) ;
#4327 = DIRECTION ( 'NONE',  ( 1.000000000000000000, 0.000000000000000000, 0.000000000000000000 ) ) ;
#4328 = CARTESIAN_POINT ( 'NONE',  ( 155.3285080677624421, 9.440929465723373326, 4.999999999998875566 ) ) ;
#4329 = DIRECTION ( 'NONE',  ( -1.000000000000000000, 0.000000000000000000, 0.000000000000000000 ) ) ;
#4330 = ORIENTED_EDGE ( 'NONE', *, *, #1255, .T. ) ;
#4331 = AXIS2_PLACEMENT_3D ( 'NONE', #2567, #995, #4531 ) ;
#4332 = CARTESIAN_POINT ( 'NONE',  ( 140.0485388085654108, 12.14897587572938065, 6.832610101692968563 ) ) ;
#4333 = CARTESIAN_POINT ( 'NONE',  ( 0.000000000000000000, 51.54370749419727815, 3.000000000000000000 ) ) ;
#4334 = CARTESIAN_POINT ( 'NONE',  ( 142.9345776057900537, 12.14897587572937532, 5.737629235603280087 ) ) ;
#4335 = CIRCLE ( 'NONE', #599, 1.699999999999998401 ) ;
#4336 = CARTESIAN_POINT ( 'NONE',  ( 146.6502525316941785, -19.94974746830583001, 45.52691193458120722 ) ) ;
#4337 = DIRECTION ( 'NONE',  ( -1.000000000000000000, 0.000000000000000000, 0.000000000000000000 ) ) ;
#4338 = ORIENTED_EDGE ( 'NONE', *, *, #3875, .T. ) ;
#4339 = DIRECTION ( 'NONE',  ( -0.000000000000000000, -0.000000000000000000, 1.000000000000000000 ) ) ;
#4340 = CIRCLE ( 'NONE', #777, 2.000000000000001776 ) ;
#4341 = EDGE_CURVE ( 'NONE', #1693, #4820, #3434, .T. ) ;
#4342 = CARTESIAN_POINT ( 'NONE',  ( 9.999999999999991118, 54.99999999999988631, 5.000000000000000000 ) ) ;
#4343 = VERTEX_POINT ( 'NONE', #572 ) ;
#4344 = DIRECTION ( 'NONE',  ( 0.000000000000000000, 0.000000000000000000, 1.000000000000000000 ) ) ;
#4345 = AXIS2_PLACEMENT_3D ( 'NONE', #4511, #4844, #4870 ) ;
#4346 = EDGE_CURVE ( 'NONE', #955, #3500, #4817, .T. ) ;
#4347 = CARTESIAN_POINT ( 'NONE',  ( 163.1989813451135660, 8.148975875729380647, 5.131041095075139502 ) ) ;
#4348 = EDGE_CURVE ( 'NONE', #3979, #4267, #78, .T. ) ;
#4349 = FACE_BOUND ( 'NONE', #2013, .T. ) ;
#4350 = CARTESIAN_POINT ( 'NONE',  ( 177.5000000000000284, 40.50000000000000711, 0.000000000000000000 ) ) ;
#4351 = DIRECTION ( 'NONE',  ( -1.000000000000000000, 0.000000000000000000, 0.000000000000000000 ) ) ;
#4352 = ORIENTED_EDGE ( 'NONE', *, *, #4436, .F. ) ;
#4353 = CIRCLE ( 'NONE', #3597, 2.000000000000001776 ) ;
#4354 = VERTEX_POINT ( 'NONE', #3266 ) ;
#4355 = DIRECTION ( 'NONE',  ( 1.000000000000000000, 0.000000000000000000, 0.000000000000000000 ) ) ;
#4356 = AXIS2_PLACEMENT_3D ( 'NONE', #4188, #213, #582 ) ;
#4357 = ORIENTED_EDGE ( 'NONE', *, *, #4806, .F. ) ;
#4358 = CARTESIAN_POINT ( 'NONE',  ( 137.5534030119533497, 12.14897587572937532, 5.055214612649320927 ) ) ;
#4359 = DIRECTION ( 'NONE',  ( -1.000000000000000000, 0.000000000000000000, 0.000000000000000000 ) ) ;
#4360 = CARTESIAN_POINT ( 'NONE',  ( 143.3473643441053866, 12.07620474556292223, 5.433250462635277778 ) ) ;
#4361 = VECTOR ( 'NONE', #5071, 1000.000000000000000 ) ;
#4362 = DIRECTION ( 'NONE',  ( 0.000000000000000000, 0.000000000000000000, 1.000000000000000000 ) ) ;
#4363 = CIRCLE ( 'NONE', #373, 1.699999999999993072 ) ;
#4364 = CARTESIAN_POINT ( 'NONE',  ( 145.0502525316941558, -19.94974746830583001, 9.000000000000001776 ) ) ;
#4365 = ORIENTED_EDGE ( 'NONE', *, *, #439, .T. ) ;
#4366 = CIRCLE ( 'NONE', #552, 2.000000000000001776 ) ;
#4367 = CARTESIAN_POINT ( 'NONE',  ( 142.7944365486292497, 8.148975875729377094, 0.000000000000000000 ) ) ;
#4368 = VECTOR ( 'NONE', #1624, 1000.000000000000000 ) ;
#4369 = CARTESIAN_POINT ( 'NONE',  ( 141.0000000000000000, 15.00000000000001243, 19.00000000000000000 ) ) ;
#4370 = CLOSED_SHELL ( 'NONE', ( #5132, #4875, #4697, #1260, #511, #4966, #631, #824, #3033, #1180, #2122, #1420, #585, #2910, #3230, #3259, #2856, #4623, #351, #472, #4040, #4752, #2760, #480, #3581, #1348, #1904, #984, #321, #2811, #4741, #1747, #1469, #2416, #2474, #3530, #4318, #2189, #162, #5059, #2129, #1059, #4813, #4539, #4287, #656, #1743, #5032, #211, #3901, #753, #4485, #2894, #4471, #3039, #4843, #2295, #1610, #3202, #2829, #1829, #1517, #3965, #2986, #3479, #4381, #2098, #1756, #2180, #4322, #3831, #1712, #1000, #910, #2155, #2925, #4028, #4532, #4725, #4561, #3303, #1034, #3835, #1414, #2352, #1874, #2591, #4253, #810, #3411, #2737, #2293, #3439, #4785, #2182, #4373, #3239, #2065, #3415, #2374, #683, #1161, #3356, #4619, #2915, #3472, #4778, #2445, #1717, #126, #1805, #1560, #917, #246, #4745, #3575, #4065, #1454, #3390, #3107, #2734, #554, #1320, #2802, #1816, #731, #42, #279, #1996, #2323, #188, #3827, #2640, #1132, #1556, #2063, #2799, #2446, #2255, #3349, #3807, #663, #1675, #2785, #2627, #826, #247, #3803, #94, #4155, #319, #185, #2568, #1982, #4825, #581, #64, #1512, #3717 ) ) ;
#4371 = CIRCLE ( 'NONE', #4861, 9.500000000000008882 ) ;
#4372 = EDGE_CURVE ( 'NONE', #901, #37, #3010, .T. ) ;
#4373 = ADVANCED_FACE ( 'NONE', ( #4845 ), #1291, .T. ) ;
#4374 = CIRCLE ( 'NONE', #915, 4.000000000000003553 ) ;
#4375 = DIRECTION ( 'NONE',  ( -0.000000000000000000, -0.000000000000000000, -1.000000000000000000 ) ) ;
#4376 = CARTESIAN_POINT ( 'NONE',  ( 125.0000000000000000, 57.99999999999999289, 19.00000000000000000 ) ) ;
#4377 = CARTESIAN_POINT ( 'NONE',  ( 155.1989813451135660, 10.14897587572937532, 0.000000000000000000 ) ) ;
#4378 = FACE_OUTER_BOUND ( 'NONE', #160, .T. ) ;
#4379 = ORIENTED_EDGE ( 'NONE', *, *, #2058, .T. ) ;
#4380 = ORIENTED_EDGE ( 'NONE', *, *, #4036, .F. ) ;
#4381 = ADVANCED_FACE ( 'NONE', ( #4053 ), #953, .F. ) ;
#4382 = LINE ( 'NONE', #5068, #4182 ) ;
#4383 = ORIENTED_EDGE ( 'NONE', *, *, #344, .F. ) ;
#4384 = ORIENTED_EDGE ( 'NONE', *, *, #1226, .T. ) ;
#4385 = LINE ( 'NONE', #3156, #3193 ) ;
#4386 = CARTESIAN_POINT ( 'NONE',  ( 105.6534001081864176, 39.54370749419727815, 2.000000000000001776 ) ) ;
#4387 = FACE_OUTER_BOUND ( 'NONE', #982, .T. ) ;
#4388 = EDGE_LOOP ( 'NONE', ( #275, #929, #3578, #658 ) ) ;
#4389 = AXIS2_PLACEMENT_3D ( 'NONE', #1277, #2897, #488 ) ;
#4390 = DIRECTION ( 'NONE',  ( 0.000000000000000000, 0.000000000000000000, -1.000000000000000000 ) ) ;
#4391 = DIRECTION ( 'NONE',  ( 0.000000000000000000, 0.000000000000000000, -1.000000000000000000 ) ) ;
#4392 = ORIENTED_EDGE ( 'NONE', *, *, #2162, .F. ) ;
#4393 = LINE ( 'NONE', #4742, #3195 ) ;
#4394 = ORIENTED_EDGE ( 'NONE', *, *, #856, .F. ) ;
#4395 = CARTESIAN_POINT ( 'NONE',  ( 145.0624943690542636, 12.08518619781600911, 7.000000000000000000 ) ) ;
#4396 = DIRECTION ( 'NONE',  ( -0.000000000000000000, -0.000000000000000000, 1.000000000000000000 ) ) ;
#4397 = DIRECTION ( 'NONE',  ( -0.000000000000000000, -0.000000000000000000, -1.000000000000000000 ) ) ;
#4398 = CARTESIAN_POINT ( 'NONE',  ( 157.1989813451135660, 8.148975875729375318, 5.000000000000000888 ) ) ;
#4399 = DIRECTION ( 'NONE',  ( 0.000000000000000000, 0.000000000000000000, -1.000000000000000000 ) ) ;
#4400 = ORIENTED_EDGE ( 'NONE', *, *, #662, .F. ) ;
#4401 = EDGE_LOOP ( 'NONE', ( #1763, #3129, #1562, #3438, #1944, #1146 ) ) ;
#4402 = CARTESIAN_POINT ( 'NONE',  ( 145.0624943690542636, 12.08518619781601622, 6.999999999999999112 ) ) ;
#4403 = VERTEX_POINT ( 'NONE', #2570 ) ;
#4404 = CARTESIAN_POINT ( 'NONE',  ( 86.43574887824243547, 41.24054332878370843, 6.000000000000000000 ) ) ;
#4405 = EDGE_CURVE ( 'NONE', #3671, #81, #2100, .T. ) ;
#4406 = CARTESIAN_POINT ( 'NONE',  ( 200.0000000000000000, 2.580426667282532893, 6.999999999999999112 ) ) ;
#4407 = DIRECTION ( 'NONE',  ( 1.000000000000000000, 0.000000000000000000, 0.000000000000000000 ) ) ;
#4408 = ORIENTED_EDGE ( 'NONE', *, *, #662, .T. ) ;
#4409 = AXIS2_PLACEMENT_3D ( 'NONE', #1075, #2667, #5073 ) ;
#4410 = DIRECTION ( 'NONE',  ( 1.000000000000000000, 0.000000000000000000, 0.000000000000000000 ) ) ;
#4411 = EDGE_CURVE ( 'NONE', #3979, #1102, #2077, .T. ) ;
#4412 = LINE ( 'NONE', #1608, #4849 ) ;
#4413 = VERTEX_POINT ( 'NONE', #2469 ) ;
#4414 = DIRECTION ( 'NONE',  ( -0.000000000000000000, -0.000000000000000000, 1.000000000000000000 ) ) ;
#4415 = ORIENTED_EDGE ( 'NONE', *, *, #134, .T. ) ;
#4416 = ORIENTED_EDGE ( 'NONE', *, *, #2253, .T. ) ;
#4417 = ORIENTED_EDGE ( 'NONE', *, *, #29, .T. ) ;
#4418 = FACE_OUTER_BOUND ( 'NONE', #2831, .T. ) ;
#4419 = CYLINDRICAL_SURFACE ( 'NONE', #3618, 2.000000000000001776 ) ;
#4420 = AXIS2_PLACEMENT_3D ( 'NONE', #1958, #1142, #1196 ) ;
#4421 = LINE ( 'NONE', #32, #3005 ) ;
#4422 = AXIS2_PLACEMENT_3D ( 'NONE', #738, #3905, #3852 ) ;
#4423 = CARTESIAN_POINT ( 'NONE',  ( 8.750000000000248690, 57.99999999999999289, 5.000000000000000000 ) ) ;
#4424 = CARTESIAN_POINT ( 'NONE',  ( 156.5497474683057817, -19.94974746830582291, 45.52691193458120722 ) ) ;
#4425 = VERTEX_POINT ( 'NONE', #133 ) ;
#4426 = DIRECTION ( 'NONE',  ( 1.000000000000000000, 0.000000000000000000, 0.000000000000000000 ) ) ;
#4427 = ORIENTED_EDGE ( 'NONE', *, *, #2480, .F. ) ;
#4428 = VECTOR ( 'NONE', #1054, 1000.000000000000114 ) ;
#4429 = DIRECTION ( 'NONE',  ( -0.8949343616020287717, 0.4461978131098013334, -0.000000000000000000 ) ) ;
#4430 = ORIENTED_EDGE ( 'NONE', *, *, #2980, .F. ) ;
#4431 = DIRECTION ( 'NONE',  ( 1.000000000000000000, 0.000000000000000000, -0.000000000000000000 ) ) ;
#4432 = DIRECTION ( 'NONE',  ( 1.000000000000000000, 0.000000000000000000, 0.000000000000000000 ) ) ;
#4433 = AXIS2_PLACEMENT_3D ( 'NONE', #3674, #491, #462 ) ;
#4434 = CARTESIAN_POINT ( 'NONE',  ( 142.7944365486292497, 10.14897587572937887, 0.000000000000000000 ) ) ;
#4435 = ORIENTED_EDGE ( 'NONE', *, *, #1587, .T. ) ;
#4436 = EDGE_CURVE ( 'NONE', #3380, #4599, #4439, .T. ) ;
#4437 = CIRCLE ( 'NONE', #2198, 1.700000000000007061 ) ;
#4438 = DIRECTION ( 'NONE',  ( 0.7071067811865461294, -0.7071067811865489050, 0.000000000000000000 ) ) ;
#4439 = LINE ( 'NONE', #1370, #387 ) ;
#4440 = ORIENTED_EDGE ( 'NONE', *, *, #4213, .T. ) ;
#4441 = VECTOR ( 'NONE', #85, 1000.000000000000114 ) ;
#4442 = CARTESIAN_POINT ( 'NONE',  ( 177.5000000000000284, 41.50000000000000711, 19.00000000000000000 ) ) ;
#4443 = ORIENTED_EDGE ( 'NONE', *, *, #3931, .T. ) ;
#4444 = EDGE_CURVE ( 'NONE', #4425, #2298, #46, .T. ) ;
#4445 = CYLINDRICAL_SURFACE ( 'NONE', #3282, 1.699999999999993072 ) ;
#4446 = ORIENTED_EDGE ( 'NONE', *, *, #2958, .F. ) ;
#4447 = CYLINDRICAL_SURFACE ( 'NONE', #4927, 2.000000000000001776 ) ;
#4448 = CYLINDRICAL_SURFACE ( 'NONE', #4939, 1.000000000000000888 ) ;
#4449 = EDGE_CURVE ( 'NONE', #1525, #2107, #880, .T. ) ;
#4450 = VECTOR ( 'NONE', #3147, 1000.000000000000000 ) ;
#4451 = CARTESIAN_POINT ( 'NONE',  ( 11.69999999999999218, 54.99999999999988631, 5.000000000000000000 ) ) ;
#4452 = DIRECTION ( 'NONE',  ( 0.000000000000000000, 0.000000000000000000, -1.000000000000000000 ) ) ;
#4453 = CIRCLE ( 'NONE', #3037, 1.000000000000000888 ) ;
#4454 = DIRECTION ( 'NONE',  ( -1.000000000000000000, 0.000000000000000000, 0.000000000000000000 ) ) ;
#4455 = ORIENTED_EDGE ( 'NONE', *, *, #4674, .T. ) ;
#4456 = CIRCLE ( 'NONE', #2212, 1.000000000000001998 ) ;
#4457 = APPLICATION_CONTEXT ( 'automotive_design' ) ;
#4458 = CARTESIAN_POINT ( 'NONE',  ( 142.5976540311783651, 12.14897587572938242, 5.990638103627717648 ) ) ;
#4459 = ORIENTED_EDGE ( 'NONE', *, *, #2887, .F. ) ;
#4460 = FACE_OUTER_BOUND ( 'NONE', #412, .T. ) ;
#4461 = CARTESIAN_POINT ( 'NONE',  ( 9.999999999999996447, 9.999999999999985789, 0.000000000000000000 ) ) ;
#4462 = CARTESIAN_POINT ( 'NONE',  ( 157.1989813451135660, 8.148975875729377094, 0.000000000000000000 ) ) ;
#4463 = VERTEX_POINT ( 'NONE', #2518 ) ;
#4464 = CARTESIAN_POINT ( 'NONE',  ( 8.299999999999998934, 9.999999999999985789, 5.000000000000000000 ) ) ;
#4465 = DIRECTION ( 'NONE',  ( -0.000000000000000000, -0.000000000000000000, 1.000000000000000000 ) ) ;
#4466 = VECTOR ( 'NONE', #4677, 1000.000000000000000 ) ;
#4467 = ORIENTED_EDGE ( 'NONE', *, *, #4475, .F. ) ;
#4468 = EDGE_LOOP ( 'NONE', ( #1332, #4526, #3773 ) ) ;
#4469 = DIRECTION ( 'NONE',  ( 0.000000000000000000, 0.000000000000000000, 1.000000000000000000 ) ) ;
#4470 = ORIENTED_EDGE ( 'NONE', *, *, #4093, .T. ) ;
#4471 = ADVANCED_FACE ( 'NONE', ( #498 ), #1315, .T. ) ;
#4472 = CARTESIAN_POINT ( 'NONE',  ( 199.0433568319630808, -0.8683950643525104596, 3.521546442912252495 ) ) ;
#4473 = DIRECTION ( 'NONE',  ( -0.000000000000000000, -0.000000000000000000, -1.000000000000000000 ) ) ;
#4474 = LINE ( 'NONE', #1220, #5079 ) ;
#4475 = EDGE_CURVE ( 'NONE', #2298, #1058, #3316, .T. ) ;
#4476 = CARTESIAN_POINT ( 'NONE',  ( 8.948396529091015239, 58.08266522045445868, 5.000000000000001776 ) ) ;
#4477 = DIRECTION ( 'NONE',  ( -0.000000000000000000, -0.000000000000000000, -1.000000000000000000 ) ) ;
#4478 = CARTESIAN_POINT ( 'NONE',  ( 145.0502525316941842, -10.05025253169416999, 9.000000000000001776 ) ) ;
#4479 = MANIFOLD_SOLID_BREP ( 'Chamfer1', #4370 ) ;
#4480 = CARTESIAN_POINT ( 'NONE',  ( 198.0000000000000000, 57.99999999999999289, 19.00000000000000000 ) ) ;
#4481 = ORIENTED_EDGE ( 'NONE', *, *, #755, .T. ) ;
#4482 = CARTESIAN_POINT ( 'NONE',  ( 66.49999999999992895, 50.00000000000007816, 3.449999999999999289 ) ) ;
#4483 = CARTESIAN_POINT ( 'NONE',  ( 177.5000000000000284, 25.50000000000000000, 19.00000000000000000 ) ) ;
#4484 = EDGE_LOOP ( 'NONE', ( #2651, #3859, #370, #4993 ) ) ;
#4485 = ADVANCED_FACE ( 'NONE', ( #2246 ), #3022, .F. ) ;
#4486 = DIRECTION ( 'NONE',  ( 0.7404331963952661688, 0.6721299589185779633, -0.000000000000000000 ) ) ;
#4487 = FACE_OUTER_BOUND ( 'NONE', #1258, .T. ) ;
#4488 = EDGE_LOOP ( 'NONE', ( #3663, #4168, #360, #140, #3056 ) ) ;
#4489 = ORIENTED_EDGE ( 'NONE', *, *, #3167, .T. ) ;
#4490 = CYLINDRICAL_SURFACE ( 'NONE', #212, 1.399999999999998579 ) ;
#4491 = ORIENTED_EDGE ( 'NONE', *, *, #1350, .T. ) ;
#4492 = CIRCLE ( 'NONE', #3912, 2.000000000000001776 ) ;
#4493 = DIRECTION ( 'NONE',  ( 1.000000000000000000, 0.000000000000000000, 0.000000000000000000 ) ) ;
#4494 = DIRECTION ( 'NONE',  ( 1.000000000000000000, -0.000000000000000000, 0.000000000000000000 ) ) ;
#4495 = ORIENTED_EDGE ( 'NONE', *, *, #5029, .T. ) ;
#4496 = EDGE_CURVE ( 'NONE', #3998, #921, #3433, .T. ) ;
#4497 = LINE ( 'NONE', #1870, #3502 ) ;
#4498 = APPLICATION_PROTOCOL_DEFINITION ( 'draft international standard', 'automotive_design', 1998, #2141 ) ;
#4499 = CARTESIAN_POINT ( 'NONE',  ( 141.0000000000000000, 15.00000000000001243, 19.00000000000000000 ) ) ;
#4500 = CARTESIAN_POINT ( 'NONE',  ( 153.3497474683059920, -10.05025253169416644, 45.52691193458120722 ) ) ;
#4501 = ORIENTED_EDGE ( 'NONE', *, *, #1876, .F. ) ;
#4502 = EDGE_CURVE ( 'NONE', #3024, #4354, #4029, .T. ) ;
#4503 = CIRCLE ( 'NONE', #1347, 1.399999999999998579 ) ;
#4504 = CARTESIAN_POINT ( 'NONE',  ( 142.1650311218147920, 12.14897587572938065, 6.434730956634549415 ) ) ;
#4505 = B_SPLINE_CURVE_WITH_KNOTS ( 'NONE', 3,
 ( #2503, #1622, #3252, #2820, #2531, #1221, #4066, #89, #4476, #4423 ),
 .UNSPECIFIED., .F., .F.,
 ( 4, 2, 2, 2, 4 ),
 ( 0.000000000000000000, 0.0006371065760014835112, 0.001274213152002967022, 0.001911319728004450425, 0.002548426304005934045 ),
 .UNSPECIFIED. ) ;
#4506 = ORIENTED_EDGE ( 'NONE', *, *, #2482, .T. ) ;
#4507 = DIRECTION ( 'NONE',  ( 0.000000000000000000, 0.000000000000000000, 1.000000000000000000 ) ) ;
#4508 = LINE ( 'NONE', #3749, #1301 ) ;
#4509 = CARTESIAN_POINT ( 'NONE',  ( 197.5011349820932764, 0.6436422977904290299, 6.999999999999999112 ) ) ;
#4510 = CIRCLE ( 'NONE', #781, 1.699999999999998401 ) ;
#4511 = CARTESIAN_POINT ( 'NONE',  ( 127.8027442487000513, 57.99999999999999289, 19.00000000000000000 ) ) ;
#4512 = DIRECTION ( 'NONE',  ( 0.000000000000000000, 0.000000000000000000, 1.000000000000000000 ) ) ;
#4513 = ORIENTED_EDGE ( 'NONE', *, *, #2321, .F. ) ;
#4514 = ORIENTED_EDGE ( 'NONE', *, *, #2975, .T. ) ;
#4515 = VECTOR ( 'NONE', #2163, 1000.000000000000000 ) ;
#4516 = DIRECTION ( 'NONE',  ( -0.000000000000000000, -0.000000000000000000, -1.000000000000000000 ) ) ;
#4517 = ORIENTED_EDGE ( 'NONE', *, *, #4277, .T. ) ;
#4518 = VECTOR ( 'NONE', #4113, 1000.000000000000000 ) ;
#4519 = DIRECTION ( 'NONE',  ( -5.782411586589351722E-16, -1.000000000000000000, 0.000000000000000000 ) ) ;
#4520 = AXIS2_PLACEMENT_3D ( 'NONE', #3181, #769, #3970 ) ;
#4521 = AXIS2_PLACEMENT_3D ( 'NONE', #317, #5030, #2675 ) ;
#4522 = DIRECTION ( 'NONE',  ( -0.7071067811865473507, 8.659560562354931626E-17, 0.7071067811865477948 ) ) ;
#4523 = FACE_OUTER_BOUND ( 'NONE', #857, .T. ) ;
#4524 = DIRECTION ( 'NONE',  ( -0.7071067811865482389, 8.659560562354941486E-17, 0.7071067811865469066 ) ) ;
#4525 = AXIS2_PLACEMENT_3D ( 'NONE', #4805, #3589, #1728 ) ;
#4526 = ORIENTED_EDGE ( 'NONE', *, *, #1193, .T. ) ;
#4527 = CARTESIAN_POINT ( 'NONE',  ( 163.7008869393349357, 8.198340601437601904, 5.199182336770947543 ) ) ;
#4528 = VECTOR ( 'NONE', #5113, 1000.000000000000000 ) ;
#4529 = ORIENTED_EDGE ( 'NONE', *, *, #461, .T. ) ;
#4530 = LINE ( 'NONE', #3457, #2595 ) ;
#4531 = DIRECTION ( 'NONE',  ( -1.000000000000000000, 0.000000000000000000, 0.000000000000000000 ) ) ;
#4532 = ADVANCED_FACE ( 'NONE', ( #2642 ), #547, .F. ) ;
#4533 = AXIS2_PLACEMENT_3D ( 'NONE', #3182, #5046, #4282 ) ;
#4534 = AXIS2_PLACEMENT_3D ( 'NONE', #2291, #674, #4616 ) ;
#4535 = EDGE_CURVE ( 'NONE', #990, #924, #3809, .T. ) ;
#4536 = CARTESIAN_POINT ( 'NONE',  ( 125.0100227713809886, 57.60029805919412382, 5.400666317024236385 ) ) ;
#4537 = CARTESIAN_POINT ( 'NONE',  ( 2.000000000000000000, 57.99999999999999289, 3.000000000000000000 ) ) ;
#4538 = CARTESIAN_POINT ( 'NONE',  ( 95.65340010818641758, 51.54370749419727815, 0.000000000000000000 ) ) ;
#4539 = ADVANCED_FACE ( 'NONE', ( #227 ), #4250, .F. ) ;
#4540 = ORIENTED_EDGE ( 'NONE', *, *, #705, .T. ) ;
#4541 = DIRECTION ( 'NONE',  ( -0.000000000000000000, -0.000000000000000000, -1.000000000000000000 ) ) ;
#4542 = ORIENTED_EDGE ( 'NONE', *, *, #288, .T. ) ;
#4543 = CARTESIAN_POINT ( 'NONE',  ( 92.54865891784672272, 53.50114408273147859, 0.000000000000000000 ) ) ;
#4544 = VERTEX_POINT ( 'NONE', #4947 ) ;
#4545 = B_SPLINE_CURVE_WITH_KNOTS ( 'NONE', 3,
 ( #3910, #2801, #359, #1095, #821, #4707, #3987, #1966, #1524, #2690, #3074, #3546 ),
 .UNSPECIFIED., .F., .F.,
 ( 4, 2, 2, 2, 2, 4 ),
 ( 0.003148847941636100881, 0.003458197881463180752, 0.003767547821290260189, 0.004386247700944415594, 0.005004947580598570998, 0.005623647460252726403 ),
 .UNSPECIFIED. ) ;
#4546 = DIRECTION ( 'NONE',  ( -0.000000000000000000, -0.000000000000000000, 1.000000000000000000 ) ) ;
#4547 = PLANE ( 'NONE',  #3205 ) ;
#4548 = ORIENTED_EDGE ( 'NONE', *, *, #2805, .F. ) ;
#4549 =( BOUNDED_CURVE ( )  B_SPLINE_CURVE ( 3, ( #3078, #415, #1994, #4657 ),
 .UNSPECIFIED., .F., .F. ) 
 B_SPLINE_CURVE_WITH_KNOTS ( ( 4, 4 ),
 ( 3.141592653589793116, 4.712388980384686121 ),
 .UNSPECIFIED. ) 
 CURVE ( )  GEOMETRIC_REPRESENTATION_ITEM ( )  RATIONAL_B_SPLINE_CURVE ( ( 1.000000000000000000, 0.8047378541243658256, 0.8047378541243658256, 1.000000000000000000 ) ) 
 REPRESENTATION_ITEM ( '' )  );
#4550 = FACE_OUTER_BOUND ( 'NONE', #3138, .T. ) ;
#4551 = ORIENTED_EDGE ( 'NONE', *, *, #5067, .F. ) ;
#4552 = CARTESIAN_POINT ( 'NONE',  ( 2.000000000000000000, 2.000000000000000000, 5.000000000000000000 ) ) ;
#4553 = DIRECTION ( 'NONE',  ( 0.000000000000000000, 0.000000000000000000, -1.000000000000000000 ) ) ;
#4554 = FACE_OUTER_BOUND ( 'NONE', #2725, .T. ) ;
#4555 = EDGE_CURVE ( 'NONE', #5052, #1667, #1784, .T. ) ;
#4556 = DIRECTION ( 'NONE',  ( -1.000000000000000000, -5.782411586589351722E-16, 0.000000000000000000 ) ) ;
#4557 = DIRECTION ( 'NONE',  ( 0.000000000000000000, 0.000000000000000000, -1.000000000000000000 ) ) ;
#4558 = DIRECTION ( 'NONE',  ( -1.000000000000000000, 0.000000000000000000, 0.000000000000000000 ) ) ;
#4559 = ORIENTED_EDGE ( 'NONE', *, *, #4346, .T. ) ;
#4560 = EDGE_CURVE ( 'NONE', #4732, #2634, #1891, .T. ) ;
#4561 = ADVANCED_FACE ( 'NONE', ( #3383 ), #3462, .T. ) ;
#4562 = LINE ( 'NONE', #2592, #3343 ) ;
#4563 = EDGE_LOOP ( 'NONE', ( #1898, #892, #2721, #2104, #4495, #1848, #2132, #4675, #3817, #3547, #3423, #4031, #3758, #4702, #2747, #4708, #643, #4953, #1280, #2539, #1265, #3804, #4853, #2697 ) ) ;
#4564 = CARTESIAN_POINT ( 'NONE',  ( 138.0000000000000284, 15.00000000000001243, 19.00000000000000000 ) ) ;
#4565 = ORIENTED_EDGE ( 'NONE', *, *, #4475, .T. ) ;
#4566 = CIRCLE ( 'NONE', #3745, 1.700000000000000178 ) ;
#4567 = ORIENTED_EDGE ( 'NONE', *, *, #287, .T. ) ;
#4568 = CARTESIAN_POINT ( 'NONE',  ( 177.5000000000000284, 40.50000000000000711, 0.000000000000000000 ) ) ;
#4569 = CARTESIAN_POINT ( 'NONE',  ( 63.24999999999992895, 50.00000000000007816, 5.000000000000000000 ) ) ;
#4570 = VERTEX_POINT ( 'NONE', #1498 ) ;
#4571 = LINE ( 'NONE', #2147, #2109 ) ;
#4572 = ORIENTED_EDGE ( 'NONE', *, *, #2480, .T. ) ;
#4573 = DIRECTION ( 'NONE',  ( 0.000000000000000000, -0.7071067811865474617, -0.7071067811865474617 ) ) ;
#4574 = CARTESIAN_POINT ( 'NONE',  ( 92.65340010818641758, 40.54370749419728526, 0.000000000000000000 ) ) ;
#4575 = DIRECTION ( 'NONE',  ( -0.000000000000000000, -0.000000000000000000, 1.000000000000000000 ) ) ;
#4576 = CARTESIAN_POINT ( 'NONE',  ( 172.5000000000000284, 25.50000000000000000, 19.00000000000000000 ) ) ;
#4577 = AXIS2_PLACEMENT_3D ( 'NONE', #4125, #567, #1311 ) ;
#4578 = PRESENTATION_STYLE_ASSIGNMENT (( #2176 ) ) ;
#4579 = FACE_OUTER_BOUND ( 'NONE', #3993, .T. ) ;
#4580 = AXIS2_PLACEMENT_3D ( 'NONE', #4364, #2813, #3577 ) ;
#4581 = ORIENTED_EDGE ( 'NONE', *, *, #3736, .F. ) ;
#4582 = EDGE_CURVE ( 'NONE', #3880, #3735, #1097, .T. ) ;
#4583 = EDGE_CURVE ( 'NONE', #3888, #4923, #1706, .T. ) ;
#4584 = AXIS2_PLACEMENT_3D ( 'NONE', #2256, #2672, #3840 ) ;
#4585 = DIRECTION ( 'NONE',  ( -1.000000000000000000, 0.000000000000000000, 0.000000000000000000 ) ) ;
#4586 = AXIS2_PLACEMENT_3D ( 'NONE', #928, #2153, #1714 ) ;
#4587 = ORIENTED_EDGE ( 'NONE', *, *, #4806, .T. ) ;
#4588 = CIRCLE ( 'NONE', #3687, 7.500000000000007105 ) ;
#4589 = DIRECTION ( 'NONE',  ( -0.000000000000000000, -0.000000000000000000, 1.000000000000000000 ) ) ;
#4590 = ORIENTED_EDGE ( 'NONE', *, *, #1491, .F. ) ;
#4591 = EDGE_CURVE ( 'NONE', #3045, #3726, #1869, .T. ) ;
#4592 = AXIS2_PLACEMENT_3D ( 'NONE', #1305, #4477, #4803 ) ;
#4593 = DIRECTION ( 'NONE',  ( 1.000000000000000000, 0.000000000000000000, 0.000000000000000000 ) ) ;
#4594 = EDGE_CURVE ( 'NONE', #326, #3380, #4276, .T. ) ;
#4595 = FACE_OUTER_BOUND ( 'NONE', #4680, .T. ) ;
#4596 = ORIENTED_EDGE ( 'NONE', *, *, #2393, .F. ) ;
#4597 = AXIS2_PLACEMENT_3D ( 'NONE', #1974, #1184, #3921 ) ;
#4598 = CARTESIAN_POINT ( 'NONE',  ( 143.5000000000000284, 23.49999999999999289, 0.000000000000000000 ) ) ;
#4599 = VERTEX_POINT ( 'NONE', #1630 ) ;
#4600 = DIRECTION ( 'NONE',  ( -0.000000000000000000, -0.000000000000000000, -1.000000000000000000 ) ) ;
#4601 = DIRECTION ( 'NONE',  ( 0.000000000000000000, 0.000000000000000000, -1.000000000000000000 ) ) ;
#4602 = AXIS2_PLACEMENT_3D ( 'NONE', #4292, #754, #341 ) ;
#4603 = CARTESIAN_POINT ( 'NONE',  ( 11.69999999999999574, 9.999999999999985789, 5.000000000000000000 ) ) ;
#4604 = CIRCLE ( 'NONE', #1122, 1.599999999999851541 ) ;
#4605 = LINE ( 'NONE', #640, #4995 ) ;
#4606 = DIRECTION ( 'NONE',  ( 0.000000000000000000, 0.000000000000000000, -1.000000000000000000 ) ) ;
#4607 = VECTOR ( 'NONE', #494, 1000.000000000000000 ) ;
#4608 = DIRECTION ( 'NONE',  ( -1.000000000000000000, -1.156482317317880994E-15, 0.000000000000000000 ) ) ;
#4609 = CARTESIAN_POINT ( 'NONE',  ( 198.2833707094304714, -1.558274237528019412, 4.820335961594700791 ) ) ;
#4610 = AXIS2_PLACEMENT_3D ( 'NONE', #891, #913, #4034 ) ;
#4611 = ORIENTED_EDGE ( 'NONE', *, *, #2507, .F. ) ;
#4612 = VERTEX_POINT ( 'NONE', #392 ) ;
#4613 = CARTESIAN_POINT ( 'NONE',  ( 86.43574887824243547, 41.24054332878370843, 6.000000000000000000 ) ) ;
#4614 = CARTESIAN_POINT ( 'NONE',  ( 146.6502525316941785, -19.94974746830583001, 9.000000000000001776 ) ) ;
#4615 = EDGE_LOOP ( 'NONE', ( #1761, #3522, #1154 ) ) ;
#4616 = DIRECTION ( 'NONE',  ( 1.000000000000000000, 0.000000000000000000, 0.000000000000000000 ) ) ;
#4617 = VERTEX_POINT ( 'NONE', #1599 ) ;
#4618 = EDGE_CURVE ( 'NONE', #3371, #249, #4385, .T. ) ;
#4619 = ADVANCED_FACE ( 'NONE', ( #5129 ), #3490, .F. ) ;
#4620 = DIRECTION ( 'NONE',  ( -1.000000000000000000, -1.734723475976805517E-15, 0.000000000000000000 ) ) ;
#4621 = DIRECTION ( 'NONE',  ( 1.000000000000000000, 0.000000000000000000, 0.000000000000000000 ) ) ;
#4622 = ORIENTED_EDGE ( 'NONE', *, *, #4186, .F. ) ;
#4623 = ADVANCED_FACE ( 'NONE', ( #1578 ), #954, .F. ) ;
#4624 = DIRECTION ( 'NONE',  ( 0.000000000000000000, 0.000000000000000000, 1.000000000000000000 ) ) ;
#4625 = VERTEX_POINT ( 'NONE', #361 ) ;
#4626 = PLANE ( 'NONE',  #4257 ) ;
#4627 = DIRECTION ( 'NONE',  ( 1.000000000000000000, 4.625929269271481969E-16, 0.000000000000000000 ) ) ;
#4628 = DIRECTION ( 'NONE',  ( -0.6721299589185777412, 0.7404331963952662798, 1.517883041479707983E-15 ) ) ;
#4629 = CARTESIAN_POINT ( 'NONE',  ( 125.7030937695250685, 60.00000000000000000, 3.504854444687133697 ) ) ;
#4630 = ORIENTED_EDGE ( 'NONE', *, *, #2509, .T. ) ;
#4631 = DIRECTION ( 'NONE',  ( -1.000000000000000000, 0.000000000000000000, 0.000000000000000000 ) ) ;
#4632 = CARTESIAN_POINT ( 'NONE',  ( 8.299999999999998934, 9.999999999999985789, 3.449999999999996181 ) ) ;
#4633 = CYLINDRICAL_SURFACE ( 'NONE', #4409, 1.700000000000000178 ) ;
#4634 = ORIENTED_EDGE ( 'NONE', *, *, #4850, .F. ) ;
#4635 = ORIENTED_EDGE ( 'NONE', *, *, #1367, .F. ) ;
#4636 = LINE ( 'NONE', #1078, #1019 ) ;
#4637 = DIRECTION ( 'NONE',  ( -0.4461978131097990574, -0.8949343616020298819, -0.000000000000000000 ) ) ;
#4638 = ORIENTED_EDGE ( 'NONE', *, *, #505, .T. ) ;
#4639 = LINE ( 'NONE', #4235, #55 ) ;
#4640 = ORIENTED_EDGE ( 'NONE', *, *, #3764, .T. ) ;
#4641 = PLANE ( 'NONE',  #1704 ) ;
#4642 = DIRECTION ( 'NONE',  ( -1.000000000000000000, 0.000000000000000000, 0.000000000000000000 ) ) ;
#4643 = ORIENTED_EDGE ( 'NONE', *, *, #1200, .T. ) ;
#4644 = EDGE_CURVE ( 'NONE', #72, #4907, #1410, .T. ) ;
#4645 = LINE ( 'NONE', #711, #24 ) ;
#4646 = VERTEX_POINT ( 'NONE', #4788 ) ;
#4647 = FACE_BOUND ( 'NONE', #1080, .T. ) ;
#4648 = LINE ( 'NONE', #299, #4466 ) ;
#4649 = VECTOR ( 'NONE', #4283, 1000.000000000000000 ) ;
#4650 = DIRECTION ( 'NONE',  ( -0.000000000000000000, -0.000000000000000000, 1.000000000000000000 ) ) ;
#4651 = ORIENTED_EDGE ( 'NONE', *, *, #3169, .F. ) ;
#4652 = EDGE_CURVE ( 'NONE', #5135, #1199, #5004, .T. ) ;
#4653 = CYLINDRICAL_SURFACE ( 'NONE', #128, 7.500000000000007105 ) ;
#4654 = EDGE_LOOP ( 'NONE', ( #946, #231 ) ) ;
#4655 = ORIENTED_EDGE ( 'NONE', *, *, #3832, .T. ) ;
#4656 = DIRECTION ( 'NONE',  ( -0.000000000000000000, -0.000000000000000000, 1.000000000000000000 ) ) ;
#4657 = CARTESIAN_POINT ( 'NONE',  ( 123.5728273274112610, 60.00000000000000000, 3.000000000000000000 ) ) ;
#4658 = CARTESIAN_POINT ( 'NONE',  ( 9.999999999999996447, 9.999999999999985789, 5.000000000000000000 ) ) ;
#4659 = VERTEX_POINT ( 'NONE', #2015 ) ;
#4660 = ORIENTED_EDGE ( 'NONE', *, *, #1392, .T. ) ;
#4661 = CARTESIAN_POINT ( 'NONE',  ( 150.0000000000000000, -15.00000000000000000, 0.000000000000000000 ) ) ;
#4662 = VECTOR ( 'NONE', #2530, 1000.000000000000000 ) ;
#4663 = CARTESIAN_POINT ( 'NONE',  ( 108.9880947906135731, 29.99635843841667793, 6.000000000000000000 ) ) ;
#4664 = ORIENTED_EDGE ( 'NONE', *, *, #1899, .T. ) ;
#4665 = FACE_OUTER_BOUND ( 'NONE', #477, .T. ) ;
#4666 = EDGE_LOOP ( 'NONE', ( #137, #1648, #3208, #2071 ) ) ;
#4667 = VECTOR ( 'NONE', #3264, 1000.000000000000000 ) ;
#4668 = VECTOR ( 'NONE', #996, 1000.000000000000000 ) ;
#4669 = CARTESIAN_POINT ( 'NONE',  ( 143.5000000000000284, 40.50000000000000711, 2.000000000000001776 ) ) ;
#4670 = LINE ( 'NONE', #678, #2876 ) ;
#4671 = ORIENTED_EDGE ( 'NONE', *, *, #1990, .F. ) ;
#4672 = AXIS2_PLACEMENT_3D ( 'NONE', #1877, #3451, #3501 ) ;
#4673 = CARTESIAN_POINT ( 'NONE',  ( 138.0000000000000284, 15.00000000000001243, 19.00000000000000000 ) ) ;
#4674 = EDGE_CURVE ( 'NONE', #2855, #1204, #707, .T. ) ;
#4675 = ORIENTED_EDGE ( 'NONE', *, *, #3559, .T. ) ;
#4676 = DIRECTION ( 'NONE',  ( -0.000000000000000000, -0.000000000000000000, 1.000000000000000000 ) ) ;
#4677 = DIRECTION ( 'NONE',  ( 0.000000000000000000, 0.000000000000000000, -1.000000000000000000 ) ) ;
#4678 = AXIS2_PLACEMENT_3D ( 'NONE', #784, #3583, #1616 ) ;
#4679 = CARTESIAN_POINT ( 'NONE',  ( 9.999999999999991118, 54.99999999999988631, 5.000000000000000000 ) ) ;
#4680 = EDGE_LOOP ( 'NONE', ( #1820, #1131, #3435, #4501 ) ) ;
#4681 = AXIS2_PLACEMENT_3D ( 'NONE', #2489, #1655, #1753 ) ;
#4682 = DIRECTION ( 'NONE',  ( 1.000000000000000000, 0.000000000000000000, 0.000000000000000000 ) ) ;
#4683 = CIRCLE ( 'NONE', #2948, 1.700000000000007061 ) ;
#4684 = EDGE_LOOP ( 'NONE', ( #1813, #898, #1501, #4011 ) ) ;
#4685 = FACE_BOUND ( 'NONE', #1917, .T. ) ;
#4686 = EDGE_CURVE ( 'NONE', #1678, #3298, #4709, .T. ) ;
#4687 = DIRECTION ( 'NONE',  ( -1.000000000000000000, 0.000000000000000000, 0.000000000000000000 ) ) ;
#4688 = DIRECTION ( 'NONE',  ( 0.000000000000000000, 0.000000000000000000, -1.000000000000000000 ) ) ;
#4689 = ORIENTED_EDGE ( 'NONE', *, *, #2590, .T. ) ;
#4690 = ORIENTED_EDGE ( 'NONE', *, *, #3974, .T. ) ;
#4691 = AXIS2_PLACEMENT_3D ( 'NONE', #2427, #2040, #4454 ) ;
#4692 = CARTESIAN_POINT ( 'NONE',  ( 142.7000000000000171, 15.00000000000001243, 19.00000000000000000 ) ) ;
#4693 = EDGE_CURVE ( 'NONE', #238, #3998, #381, .T. ) ;
#4694 = CARTESIAN_POINT ( 'NONE',  ( 157.1989813451135660, 8.148975875729375318, 19.00000000000000355 ) ) ;
#4695 = AXIS2_PLACEMENT_3D ( 'NONE', #3503, #2736, #1878 ) ;
#4696 = VERTEX_POINT ( 'NONE', #1968 ) ;
#4697 = ADVANCED_FACE ( 'NONE', ( #1229 ), #3549, .F. ) ;
#4698 = DIRECTION ( 'NONE',  ( -1.000000000000000000, 0.000000000000000000, 0.000000000000000000 ) ) ;
#4699 = AXIS2_PLACEMENT_3D ( 'NONE', #3705, #3678, #4048 ) ;
#4700 = CARTESIAN_POINT ( 'NONE',  ( 102.3517677218592752, -2.000000000000000000, 0.000000000000000000 ) ) ;
#4701 = DIRECTION ( 'NONE',  ( 1.000000000000000000, 0.000000000000000000, 0.000000000000000000 ) ) ;
#4702 = ORIENTED_EDGE ( 'NONE', *, *, #3741, .T. ) ;
#4703 = FACE_OUTER_BOUND ( 'NONE', #316, .T. ) ;
#4704 = FACE_BOUND ( 'NONE', #841, .T. ) ;
#4705 = CARTESIAN_POINT ( 'NONE',  ( 177.5000000000000284, 40.50000000000000711, 0.000000000000000000 ) ) ;
#4706 = CARTESIAN_POINT ( 'NONE',  ( 0.000000000000000000, 2.000000000000000000, 3.000000000000000000 ) ) ;
#4707 = CARTESIAN_POINT ( 'NONE',  ( 155.3191369504910142, 10.85167683507118674, 5.522497582290877283 ) ) ;
#4708 = ORIENTED_EDGE ( 'NONE', *, *, #3762, .T. ) ;
#4709 = LINE ( 'NONE', #1151, #135 ) ;
#4710 = CYLINDRICAL_SURFACE ( 'NONE', #2051, 2.000000000000000000 ) ;
#4711 = CARTESIAN_POINT ( 'NONE',  ( 143.9112971714224045, 11.81685069859043402, 5.113338104101396553 ) ) ;
#4712 = EDGE_LOOP ( 'NONE', ( #779, #3086 ) ) ;
#4713 = ORIENTED_EDGE ( 'NONE', *, *, #2970, .F. ) ;
#4714 =( BOUNDED_CURVE ( )  B_SPLINE_CURVE ( 3, ( #920, #897, #4833, #68 ),
 .UNSPECIFIED., .F., .T. ) 
 B_SPLINE_CURVE_WITH_KNOTS ( ( 4, 4 ),
 ( 3.141592653589793116, 4.712388980384684345 ),
 .UNSPECIFIED. ) 
 CURVE ( )  GEOMETRIC_REPRESENTATION_ITEM ( )  RATIONAL_B_SPLINE_CURVE ( ( 1.000000000000000000, 0.8047378541243662697, 0.8047378541243662697, 1.000000000000000000 ) ) 
 REPRESENTATION_ITEM ( '' )  );
#4715 = EDGE_CURVE ( 'NONE', #3161, #907, #3213, .T. ) ;
#4716 = DIRECTION ( 'NONE',  ( 1.000000000000000000, -1.387778780781444413E-14, 0.000000000000000000 ) ) ;
#4717 = CARTESIAN_POINT ( 'NONE',  ( 138.7383224615504957, 16.97099333131110654, 19.00000000000000000 ) ) ;
#4718 = ORIENTED_EDGE ( 'NONE', *, *, #2393, .T. ) ;
#4719 = DIRECTION ( 'NONE',  ( 0.000000000000000000, 0.000000000000000000, 1.000000000000000000 ) ) ;
#4720 = EDGE_CURVE ( 'NONE', #2744, #2227, #1111, .T. ) ;
#4721 = CIRCLE ( 'NONE', #1821, 1.699999999999998401 ) ;
#4722 = DIRECTION ( 'NONE',  ( -0.000000000000000000, -0.000000000000000000, -1.000000000000000000 ) ) ;
#4723 = EDGE_LOOP ( 'NONE', ( #2355, #259, #3080, #719 ) ) ;
#4724 = CARTESIAN_POINT ( 'NONE',  ( 65.83141842876197813, 14.99999999999996092, 5.000000000000000000 ) ) ;
#4725 = ADVANCED_FACE ( 'NONE', ( #2722, #3105, #4685, #1126, #2922, #3626, #925, #3333, #73 ), #97, .T. ) ;
#4726 = CARTESIAN_POINT ( 'NONE',  ( 94.65340010818641758, 48.54370749419727105, 9.000000000000001776 ) ) ;
#4727 = FACE_BOUND ( 'NONE', #1860, .T. ) ;
#4728 = DIRECTION ( 'NONE',  ( 0.000000000000000000, 0.000000000000000000, 1.000000000000000000 ) ) ;
#4729 = DIRECTION ( 'NONE',  ( -0.000000000000000000, -0.000000000000000000, -1.000000000000000000 ) ) ;
#4730 = ORIENTED_EDGE ( 'NONE', *, *, #2739, .F. ) ;
#4731 = CARTESIAN_POINT ( 'NONE',  ( 127.2688711592756761, 60.00000000000000000, 4.985524083469702106 ) ) ;
#4732 = VERTEX_POINT ( 'NONE', #2045 ) ;
#4733 = CIRCLE ( 'NONE', #4084, 2.000000000000001776 ) ;
#4734 = CARTESIAN_POINT ( 'NONE',  ( 137.6772333079607620, 16.98604994318861117, 6.999999999999999112 ) ) ;
#4735 = FACE_OUTER_BOUND ( 'NONE', #3799, .T. ) ;
#4736 = DIRECTION ( 'NONE',  ( -1.000000000000000000, 0.000000000000000000, 0.000000000000000000 ) ) ;
#4737 = AXIS2_PLACEMENT_3D ( 'NONE', #3802, #242, #2199 ) ;
#4738 = CARTESIAN_POINT ( 'NONE',  ( 141.0000000000000000, 15.00000000000001243, 19.00000000000000000 ) ) ;
#4739 = LINE ( 'NONE', #751, #2616 ) ;
#4740 = ORIENTED_EDGE ( 'NONE', *, *, #3355, .F. ) ;
#4741 = ADVANCED_FACE ( 'NONE', ( #873 ), #3288, .F. ) ;
#4742 = CARTESIAN_POINT ( 'NONE',  ( 134.0900974233026375, -30.90990257669728436, 108.8283423249224455 ) ) ;
#4743 = EDGE_CURVE ( 'NONE', #3814, #4659, #3948, .T. ) ;
#4744 = CONICAL_SURFACE ( 'NONE', #268, 3.250000000000001332, 0.7853981633974480570 ) ;
#4745 = ADVANCED_FACE ( 'NONE', ( #2827 ), #2784, .T. ) ;
#4746 = CARTESIAN_POINT ( 'NONE',  ( 199.3442599178371495, -0.5952495871755849599, 3.769480814282299974 ) ) ;
#4747 = ORIENTED_EDGE ( 'NONE', *, *, #4268, .T. ) ;
#4748 = VECTOR ( 'NONE', #3159, 1000.000000000000000 ) ;
#4749 = DIRECTION ( 'NONE',  ( -1.000000000000000000, 0.000000000000000000, 0.000000000000000000 ) ) ;
#4750 = VECTOR ( 'NONE', #1822, 1000.000000000000000 ) ;
#4751 = CARTESIAN_POINT ( 'NONE',  ( 143.4374966214325582, 13.25111171868962145, 19.00000000000000000 ) ) ;
#4752 = ADVANCED_FACE ( 'NONE', ( #947 ), #173, .F. ) ;
#4753 = FACE_BOUND ( 'NONE', #2726, .T. ) ;
#4754 = DIRECTION ( 'NONE',  ( 0.000000000000000000, 0.000000000000000000, 1.000000000000000000 ) ) ;
#4755 = CARTESIAN_POINT ( 'NONE',  ( 105.6534001081864176, 48.54370749419727815, 9.000000000000001776 ) ) ;
#4756 = ORIENTED_EDGE ( 'NONE', *, *, #2534, .F. ) ;
#4757 = CIRCLE ( 'NONE', #3763, 2.999999999999975131 ) ;
#4758 = CIRCLE ( 'NONE', #4109, 1.000000000000000888 ) ;
#4759 = ORIENTED_EDGE ( 'NONE', *, *, #4831, .T. ) ;
#4760 = CARTESIAN_POINT ( 'NONE',  ( 127.6926508311505870, 60.00000000000000000, 5.953008457609566761 ) ) ;
#4761 = AXIS2_PLACEMENT_3D ( 'NONE', #67, #2821, #2793 ) ;
#4762 = EDGE_LOOP ( 'NONE', ( #3180, #1988 ) ) ;
#4763 = DIRECTION ( 'NONE',  ( 1.000000000000000000, 0.000000000000000000, 0.000000000000000000 ) ) ;
#4764 = DIRECTION ( 'NONE',  ( 0.000000000000000000, 0.000000000000000000, -1.000000000000000000 ) ) ;
#4765 = CARTESIAN_POINT ( 'NONE',  ( 95.65340010818641758, 40.54370749419727815, 0.000000000000000000 ) ) ;
#4766 = AXIS2_PLACEMENT_3D ( 'NONE', #3864, #2665, #3753 ) ;
#4767 = ORIENTED_EDGE ( 'NONE', *, *, #1972, .F. ) ;
#4768 = CARTESIAN_POINT ( 'NONE',  ( 106.6534001081864176, 40.54370749419728526, 2.000000000000001776 ) ) ;
#4769 = LINE ( 'NONE', #1212, #4193 ) ;
#4770 = ORIENTED_EDGE ( 'NONE', *, *, #2973, .F. ) ;
#4771 = CARTESIAN_POINT ( 'NONE',  ( 198.0000000000000000, 0.8856168056149447132, 3.769480814282299974 ) ) ;
#4772 = VECTOR ( 'NONE', #235, 1000.000000000000000 ) ;
#4773 = ORIENTED_EDGE ( 'NONE', *, *, #4686, .T. ) ;
#4774 = DIRECTION ( 'NONE',  ( 1.000000000000000000, 0.000000000000000000, 0.000000000000000000 ) ) ;
#4775 = AXIS2_PLACEMENT_3D ( 'NONE', #1372, #595, #3405 ) ;
#4776 = CYLINDRICAL_SURFACE ( 'NONE', #717, 2.000000000000000000 ) ;
#4777 = CIRCLE ( 'NONE', #1634, 0.9999999999999956701 ) ;
#4778 = ADVANCED_FACE ( 'NONE', ( #4810 ), #4913, .T. ) ;
#4779 = VECTOR ( 'NONE', #3016, 1000.000000000000000 ) ;
#4780 = DIRECTION ( 'NONE',  ( -0.000000000000000000, -0.000000000000000000, -1.000000000000000000 ) ) ;
#4781 = DIRECTION ( 'NONE',  ( 0.000000000000000000, 0.000000000000000000, 1.000000000000000000 ) ) ;
#4782 = ORIENTED_EDGE ( 'NONE', *, *, #1605, .F. ) ;
#4783 = CARTESIAN_POINT ( 'NONE',  ( 172.5000000000000284, 24.49999999999999645, 0.000000000000000000 ) ) ;
#4784 = VERTEX_POINT ( 'NONE', #4404 ) ;
#4785 = ADVANCED_FACE ( 'NONE', ( #125 ), #493, .F. ) ;
#4786 = CARTESIAN_POINT ( 'NONE',  ( 142.0893282846220984, 12.14897587572937887, 6.535305467739639163 ) ) ;
#4787 = ORIENTED_EDGE ( 'NONE', *, *, #3669, .F. ) ;
#4788 = CARTESIAN_POINT ( 'NONE',  ( 134.0900974233026375, -30.90990257669728436, 0.000000000000000000 ) ) ;
#4789 = CARTESIAN_POINT ( 'NONE',  ( 200.0000000000000284, -7.968265257247373676E-15, 6.999999999999999112 ) ) ;
#4790 = CARTESIAN_POINT ( 'NONE',  ( 143.5000000000000284, 23.49999999999999289, 0.000000000000000000 ) ) ;
#4791 = VERTEX_POINT ( 'NONE', #4016 ) ;
#4792 = EDGE_CURVE ( 'NONE', #3844, #4092, #2513, .T. ) ;
#4793 = CARTESIAN_POINT ( 'NONE',  ( 190.0000000000000000, 54.99999999999998579, 19.00000000000000000 ) ) ;
#4794 = DIRECTION ( 'NONE',  ( 0.000000000000000000, 0.000000000000000000, 1.000000000000000000 ) ) ;
#4795 = EDGE_LOOP ( 'NONE', ( #3917, #2260, #3348, #1851 ) ) ;
#4796 = FACE_OUTER_BOUND ( 'NONE', #1856, .T. ) ;
#4797 = ORIENTED_EDGE ( 'NONE', *, *, #1804, .T. ) ;
#4798 = ORIENTED_EDGE ( 'NONE', *, *, #4062, .F. ) ;
#4799 = DIRECTION ( 'NONE',  ( 1.000000000000000000, 0.000000000000000000, 0.000000000000000000 ) ) ;
#4800 = DIRECTION ( 'NONE',  ( -0.000000000000000000, -0.000000000000000000, 1.000000000000000000 ) ) ;
#4801 = EDGE_LOOP ( 'NONE', ( #3637, #4338, #1663, #4611 ) ) ;
#4802 = DIRECTION ( 'NONE',  ( 1.000000000000000000, 0.000000000000000000, 0.000000000000000000 ) ) ;
#4803 = DIRECTION ( 'NONE',  ( -1.000000000000000000, 0.000000000000000000, 0.000000000000000000 ) ) ;
#4804 = ORIENTED_EDGE ( 'NONE', *, *, #3914, .F. ) ;
#4805 = CARTESIAN_POINT ( 'NONE',  ( 141.0000000000000000, 15.00000000000001243, 0.000000000000000000 ) ) ;
#4806 = EDGE_CURVE ( 'NONE', #4814, #2084, #2262, .T. ) ;
#4807 = ORIENTED_EDGE ( 'NONE', *, *, #278, .T. ) ;
#4808 = DIRECTION ( 'NONE',  ( -1.000000000000000000, 0.000000000000000000, 0.000000000000000000 ) ) ;
#4809 = ORIENTED_EDGE ( 'NONE', *, *, #1798, .T. ) ;
#4810 = FACE_OUTER_BOUND ( 'NONE', #4468, .T. ) ;
#4811 = DIRECTION ( 'NONE',  ( 0.000000000000000000, -1.000000000000000000, 0.000000000000000000 ) ) ;
#4812 = PLANE ( 'NONE',  #1591 ) ;
#4813 = ADVANCED_FACE ( 'NONE', ( #4840 ), #1285, .F. ) ;
#4814 = VERTEX_POINT ( 'NONE', #2540 ) ;
#4815 = AXIS2_PLACEMENT_3D ( 'NONE', #3314, #904, #4407 ) ;
#4816 = CARTESIAN_POINT ( 'NONE',  ( 163.7786641578308888, -30.17888052610292604, 3.000000000000000000 ) ) ;
#4817 = LINE ( 'NONE', #978, #2363 ) ;
#4818 = EDGE_LOOP ( 'NONE', ( #4689, #4863, #962, #3446 ) ) ;
#4819 = LINE ( 'NONE', #809, #2704 ) ;
#4820 = VERTEX_POINT ( 'NONE', #2878 ) ;
#4821 = DIRECTION ( 'NONE',  ( -0.000000000000000000, -0.000000000000000000, -1.000000000000000000 ) ) ;
#4822 = ORIENTED_EDGE ( 'NONE', *, *, #2131, .F. ) ;
#4823 = ORIENTED_EDGE ( 'NONE', *, *, #3194, .T. ) ;
#4824 = DIRECTION ( 'NONE',  ( 0.000000000000000000, 0.000000000000000000, 1.000000000000000000 ) ) ;
#4825 = ADVANCED_FACE ( 'NONE', ( #4460 ), #902, .T. ) ;
#4826 = DIRECTION ( 'NONE',  ( -0.9683921847460533749, 0.2494325089533556417, -0.000000000000000000 ) ) ;
#4827 = AXIS2_PLACEMENT_3D ( 'NONE', #3258, #3704, #4072 ) ;
#4828 = CARTESIAN_POINT ( 'NONE',  ( 153.3497474683057931, -19.94974746830582291, 0.000000000000000000 ) ) ;
#4829 = VECTOR ( 'NONE', #4522, 999.9999999999998863 ) ;
#4830 = CARTESIAN_POINT ( 'NONE',  ( 143.5000000000000284, 33.00000000000000000, 0.000000000000000000 ) ) ;
#4831 = EDGE_CURVE ( 'NONE', #1173, #83, #4908, .T. ) ;
#4832 = DIRECTION ( 'NONE',  ( -0.000000000000000000, -0.000000000000000000, 1.000000000000000000 ) ) ;
#4833 = CARTESIAN_POINT ( 'NONE',  ( 124.9427632015850520, 57.61900378269104550, 5.000000000000004441 ) ) ;
#4834 = ORIENTED_EDGE ( 'NONE', *, *, #386, .T. ) ;
#4835 = VERTEX_POINT ( 'NONE', #2149 ) ;
#4836 = AXIS2_PLACEMENT_3D ( 'NONE', #2812, #4390, #3524 ) ;
#4837 = CIRCLE ( 'NONE', #122, 1.399999999999998579 ) ;
#4838 = DIRECTION ( 'NONE',  ( 0.000000000000000000, 1.000000000000000000, -2.602085213965210642E-15 ) ) ;
#4839 = EDGE_LOOP ( 'NONE', ( #3904, #1577, #2181, #4239 ) ) ;
#4840 = FACE_OUTER_BOUND ( 'NONE', #3640, .T. ) ;
#4841 = CYLINDRICAL_SURFACE ( 'NONE', #1793, 0.9999999999999987788 ) ;
#4842 = LINE ( 'NONE', #4462, #101 ) ;
#4843 = ADVANCED_FACE ( 'NONE', ( #3729 ), #4626, .T. ) ;
#4844 = DIRECTION ( 'NONE',  ( 0.000000000000000000, 0.000000000000000000, -1.000000000000000000 ) ) ;
#4845 = FACE_OUTER_BOUND ( 'NONE', #4121, .T. ) ;
#4846 = ORIENTED_EDGE ( 'NONE', *, *, #4904, .F. ) ;
#4847 = ORIENTED_EDGE ( 'NONE', *, *, #2973, .T. ) ;
#4848 = EDGE_CURVE ( 'NONE', #2649, #4835, #2946, .T. ) ;
#4849 = VECTOR ( 'NONE', #3160, 999.9999999999998863 ) ;
#4850 = EDGE_CURVE ( 'NONE', #2298, #901, #197, .T. ) ;
#4851 = CARTESIAN_POINT ( 'NONE',  ( 177.5000000000000284, 24.49999999999999645, 19.00000000000000000 ) ) ;
#4852 = AXIS2_PLACEMENT_3D ( 'NONE', #4026, #3605, #476 ) ;
#4853 = ORIENTED_EDGE ( 'NONE', *, *, #3554, .T. ) ;
#4854 = LINE ( 'NONE', #1242, #620 ) ;
#4855 = CARTESIAN_POINT ( 'NONE',  ( 158.5000000000000284, 25.50000000000000000, 0.000000000000000000 ) ) ;
#4856 = AXIS2_PLACEMENT_3D ( 'NONE', #3122, #1981, #1139 ) ;
#4857 = DIRECTION ( 'NONE',  ( -1.000000000000000000, 0.000000000000000000, 0.000000000000000000 ) ) ;
#4858 = FACE_OUTER_BOUND ( 'NONE', #1507, .T. ) ;
#4859 = CIRCLE ( 'NONE', #1551, 2.000000000000001776 ) ;
#4860 = PLANE ( 'NONE',  #3785 ) ;
#4861 = AXIS2_PLACEMENT_3D ( 'NONE', #3168, #4396, #4749 ) ;
#4862 = DIRECTION ( 'NONE',  ( -0.000000000000000000, -0.000000000000000000, -1.000000000000000000 ) ) ;
#4863 = ORIENTED_EDGE ( 'NONE', *, *, #756, .F. ) ;
#4864 = AXIS2_PLACEMENT_3D ( 'NONE', #2991, #1016, #4942 ) ;
#4865 = DIRECTION ( 'NONE',  ( 1.000000000000000000, 0.000000000000000000, 0.000000000000000000 ) ) ;
#4866 = VERTEX_POINT ( 'NONE', #659 ) ;
#4867 = CARTESIAN_POINT ( 'NONE',  ( 158.5000000000000284, 40.50000000000001421, 0.000000000000000000 ) ) ;
#4868 = CARTESIAN_POINT ( 'NONE',  ( 106.6534001081864176, 48.54370749419727105, 2.000000000000001776 ) ) ;
#4869 = DIRECTION ( 'NONE',  ( 0.000000000000000000, 0.000000000000000000, -1.000000000000000000 ) ) ;
#4870 = DIRECTION ( 'NONE',  ( -1.000000000000000000, 0.000000000000000000, 0.000000000000000000 ) ) ;
#4871 = DIRECTION ( 'NONE',  ( 0.000000000000000000, 0.000000000000000000, -1.000000000000000000 ) ) ;
#4872 = VECTOR ( 'NONE', #5063, 1000.000000000000000 ) ;
#4873 = EDGE_LOOP ( 'NONE', ( #5038, #3389, #5098, #529 ) ) ;
#4874 = ORIENTED_EDGE ( 'NONE', *, *, #3167, .F. ) ;
#4875 = ADVANCED_FACE ( 'NONE', ( #4169 ), #239, .F. ) ;
#4876 = CARTESIAN_POINT ( 'NONE',  ( 89.00747641734105287, -98.05260038222985486, 3.000000000000000000 ) ) ;
#4877 = ORIENTED_EDGE ( 'NONE', *, *, #4693, .F. ) ;
#4878 = CARTESIAN_POINT ( 'NONE',  ( 145.0624943690542636, 12.08518619781601622, 6.999999999999999112 ) ) ;
#4879 = EDGE_CURVE ( 'NONE', #1667, #5069, #3925, .T. ) ;
#4880 = DIRECTION ( 'NONE',  ( 0.000000000000000000, 1.000000000000000000, 1.734723475976805517E-15 ) ) ;
#4881 = ORIENTED_EDGE ( 'NONE', *, *, #4582, .F. ) ;
#4882 = EDGE_CURVE ( 'NONE', #1173, #5118, #1066, .T. ) ;
#4883 = CARTESIAN_POINT ( 'NONE',  ( 139.3000000000000114, 49.99999999999987210, 19.00000000000000000 ) ) ;
#4884 = APPLICATION_PROTOCOL_DEFINITION ( 'draft international standard', 'automotive_design', 1998, #4457 ) ;
#4885 = DIRECTION ( 'NONE',  ( 1.000000000000000000, 0.000000000000000000, 0.000000000000000000 ) ) ;
#4886 = CARTESIAN_POINT ( 'NONE',  ( 108.6534001081864176, 48.54370749419727105, 0.000000000000000000 ) ) ;
#4887 = ORIENTED_EDGE ( 'NONE', *, *, #2501, .F. ) ;
#4888 = DIRECTION ( 'NONE',  ( 0.7538925128165039347, -0.6569977771037109893, 0.000000000000000000 ) ) ;
#4889 = ORIENTED_EDGE ( 'NONE', *, *, #2507, .T. ) ;
#4890 = DIRECTION ( 'NONE',  ( -1.000000000000000000, 0.000000000000000000, 0.000000000000000000 ) ) ;
#4891 = CARTESIAN_POINT ( 'NONE',  ( 150.0000000000000000, -14.99999999999999822, 5.000000000000000888 ) ) ;
#4892 = DIRECTION ( 'NONE',  ( -1.000000000000000000, 0.000000000000000000, 0.000000000000000000 ) ) ;
#4893 = EDGE_CURVE ( 'NONE', #1654, #2383, #4191, .T. ) ;
#4894 = CARTESIAN_POINT ( 'NONE',  ( 172.5000000000000284, 41.50000000000000711, 0.000000000000000000 ) ) ;
#4895 = DIRECTION ( 'NONE',  ( -0.000000000000000000, -0.000000000000000000, -1.000000000000000000 ) ) ;
#4896 = ORIENTED_EDGE ( 'NONE', *, *, #2701, .T. ) ;
#4897 = ORIENTED_EDGE ( 'NONE', *, *, #343, .F. ) ;
#4898 = CARTESIAN_POINT ( 'NONE',  ( 65.83141842876197813, 14.99999999999996092, 5.000000000000000000 ) ) ;
#4899 = ORIENTED_EDGE ( 'NONE', *, *, #3109, .T. ) ;
#4900 = AXIS2_PLACEMENT_3D ( 'NONE', #363, #3574, #2724 ) ;
#4901 = CARTESIAN_POINT ( 'NONE',  ( 142.7944365486292497, 10.14897587572937887, 5.000000000000000888 ) ) ;
#4902 = CARTESIAN_POINT ( 'NONE',  ( 8.299999999999981171, 32.49999999999990052, 5.000000000000000000 ) ) ;
#4903 = CARTESIAN_POINT ( 'NONE',  ( 197.5198371276982527, 0.5613990642006753129, 6.373504604102875781 ) ) ;
#4904 = EDGE_CURVE ( 'NONE', #1018, #1485, #800, .T. ) ;
#4905 = CARTESIAN_POINT ( 'NONE',  ( 66.49999999999992895, 50.00000000000007816, 5.000000000000000000 ) ) ;
#4906 = LINE ( 'NONE', #4500, #1120 ) ;
#4907 = VERTEX_POINT ( 'NONE', #3377 ) ;
#4908 = CIRCLE ( 'NONE', #1600, 7.500000000000007105 ) ;
#4909 = AXIS2_PLACEMENT_3D ( 'NONE', #2895, #1700, #2791 ) ;
#4910 = EDGE_CURVE ( 'NONE', #2258, #312, #4941, .T. ) ;
#4911 = LINE ( 'NONE', #1799, #3183 ) ;
#4912 = EDGE_LOOP ( 'NONE', ( #2719, #1103, #3257, #2885 ) ) ;
#4913 = SPHERICAL_SURFACE ( 'NONE', #2455, 2.000000000000000000 ) ;
#4914 = CARTESIAN_POINT ( 'NONE',  ( 195.9098143676281722, -1.011754071403889066, 5.000000000000000000 ) ) ;
#4915 = EDGE_CURVE ( 'NONE', #2597, #1511, #1266, .T. ) ;
#4916 = CARTESIAN_POINT ( 'NONE',  ( 198.0000000000000000, 15.00000000000001243, 17.00000000000000000 ) ) ;
#4917 = CIRCLE ( 'NONE', #2522, 3.249999999999999556 ) ;
#4918 = CARTESIAN_POINT ( 'NONE',  ( 124.1266219836641511, 60.00000000000000000, 3.000000000002160494 ) ) ;
#4919 = AXIS2_PLACEMENT_3D ( 'NONE', #3649, #4070, #4808 ) ;
#4920 = CARTESIAN_POINT ( 'NONE',  ( 199.3442599178371495, -0.5952495871755845158, 5.000000000000000000 ) ) ;
#4921 = EDGE_CURVE ( 'NONE', #3045, #4107, #4530, .T. ) ;
#4922 = LINE ( 'NONE', #4538, #2299 ) ;
#4923 = VERTEX_POINT ( 'NONE', #4149 ) ;
#4924 = AXIS2_PLACEMENT_3D ( 'NONE', #1905, #1568, #3421 ) ;
#4925 = LINE ( 'NONE', #2106, #4198 ) ;
#4926 = EDGE_LOOP ( 'NONE', ( #5125, #2452, #3516, #2676, #4643 ) ) ;
#4927 = AXIS2_PLACEMENT_3D ( 'NONE', #2061, #888, #424 ) ;
#4928 = FACE_BOUND ( 'NONE', #2414, .T. ) ;
#4929 = VERTEX_POINT ( 'NONE', #4552 ) ;
#4930 = AXIS2_PLACEMENT_3D ( 'NONE', #2901, #4507, #4431 ) ;
#4931 = ADVANCED_BREP_SHAPE_REPRESENTATION ( 'RobotMount', ( #4479, #2677 ), #4006 ) ;
#4932 = VECTOR ( 'NONE', #478, 1000.000000000000000 ) ;
#4933 = DIRECTION ( 'NONE',  ( 1.000000000000000000, 0.000000000000000000, 0.000000000000000000 ) ) ;
#4934 = FACE_OUTER_BOUND ( 'NONE', #2366, .T. ) ;
#4935 = VECTOR ( 'NONE', #4163, 999.9999999999998863 ) ;
#4936 = ORIENTED_EDGE ( 'NONE', *, *, #1175, .F. ) ;
#4937 = EDGE_CURVE ( 'NONE', #752, #5070, #3585, .T. ) ;
#4938 = DIRECTION ( 'NONE',  ( 0.000000000000000000, 0.000000000000000000, -1.000000000000000000 ) ) ;
#4939 = AXIS2_PLACEMENT_3D ( 'NONE', #556, #2208, #1765 ) ;
#4940 = ORIENTED_EDGE ( 'NONE', *, *, #3293, .F. ) ;
#4941 = LINE ( 'NONE', #4196, #531 ) ;
#4942 = DIRECTION ( 'NONE',  ( -1.000000000000000000, 0.000000000000000000, 0.000000000000000000 ) ) ;
#4943 = CARTESIAN_POINT ( 'NONE',  ( 198.0000000000000000, 0.8856168056149451573, 3.769480814282299974 ) ) ;
#4944 = CIRCLE ( 'NONE', #1039, 2.000000000000000000 ) ;
#4945 = CONICAL_SURFACE ( 'NONE', #2960, 1.000000000000000888, 0.7853981633974482790 ) ;
#4946 = CARTESIAN_POINT ( 'NONE',  ( 53.00431098567604948, 53.00431098567583632, 3.000000000000000000 ) ) ;
#4947 = CARTESIAN_POINT ( 'NONE',  ( 135.5043109856757155, -29.49568901432418855, 5.000000000000000000 ) ) ;
#4948 = ORIENTED_EDGE ( 'NONE', *, *, #2261, .T. ) ;
#4949 = ORIENTED_EDGE ( 'NONE', *, *, #4915, .F. ) ;
#4950 = CARTESIAN_POINT ( 'NONE',  ( 120.3978893567128381, 52.88086597299208336, 6.000000000000000000 ) ) ;
#4951 = ORIENTED_EDGE ( 'NONE', *, *, #1397, .F. ) ;
#4952 = FACE_OUTER_BOUND ( 'NONE', #4563, .T. ) ;
#4953 = ORIENTED_EDGE ( 'NONE', *, *, #3236, .T. ) ;
#4954 = CARTESIAN_POINT ( 'NONE',  ( 141.0000000000000000, 15.00000000000001243, 5.000000000000000000 ) ) ;
#4955 = DIRECTION ( 'NONE',  ( -1.000000000000000000, 0.000000000000000000, 0.000000000000000000 ) ) ;
#4956 = ORIENTED_EDGE ( 'NONE', *, *, #4850, .T. ) ;
#4957 = CARTESIAN_POINT ( 'NONE',  ( 158.5000000000000284, 33.00000000000000711, 19.00000000000000000 ) ) ;
#4958 = ORIENTED_EDGE ( 'NONE', *, *, #1238, .F. ) ;
#4959 = DIRECTION ( 'NONE',  ( 0.7071067811865461294, -0.7071067811865489050, 0.000000000000000000 ) ) ;
#4960 = EDGE_CURVE ( 'NONE', #1776, #2011, #1833, .T. ) ;
#4961 = CARTESIAN_POINT ( 'NONE',  ( 67.53141842876196677, 14.99999999999996092, 0.000000000000000000 ) ) ;
#4962 = DIRECTION ( 'NONE',  ( -0.000000000000000000, -0.000000000000000000, 1.000000000000000000 ) ) ;
#4963 = ORIENTED_EDGE ( 'NONE', *, *, #2509, .F. ) ;
#4964 = CARTESIAN_POINT ( 'NONE',  ( 123.5728273274112468, 58.00000000000000000, 4.999999999999999112 ) ) ;
#4965 = SURFACE_SIDE_STYLE ('',( #1073 ) ) ;
#4966 = ADVANCED_FACE ( 'NONE', ( #2990 ), #2269, .F. ) ;
#4967 = DIRECTION ( 'NONE',  ( 0.000000000000000000, 0.000000000000000000, -1.000000000000000000 ) ) ;
#4968 = EDGE_LOOP ( 'NONE', ( #1613, #887 ) ) ;
#4969 = DIRECTION ( 'NONE',  ( 0.000000000000000000, 0.000000000000000000, -1.000000000000000000 ) ) ;
#4970 = ORIENTED_EDGE ( 'NONE', *, *, #1006, .T. ) ;
#4971 = CARTESIAN_POINT ( 'NONE',  ( 145.0624943690542636, 14.08518619781601267, 6.999999999999999112 ) ) ;
#4972 = ORIENTED_EDGE ( 'NONE', *, *, #4035, .F. ) ;
#4973 = CIRCLE ( 'NONE', #3165, 1.000000000000000888 ) ;
#4974 = CARTESIAN_POINT ( 'NONE',  ( 158.5000000000000284, 33.00000000000000711, 19.00000000000000000 ) ) ;
#4975 = CARTESIAN_POINT ( 'NONE',  ( 200.0000000000000000, 2.580426667282532893, 6.999999999999999112 ) ) ;
#4976 = ORIENTED_EDGE ( 'NONE', *, *, #3381, .T. ) ;
#4977 = CIRCLE ( 'NONE', #764, 1.000000000000000888 ) ;
#4978 = DIRECTION ( 'NONE',  ( 0.000000000000000000, 0.7071067811865474617, 0.7071067811865474617 ) ) ;
#4979 = ORIENTED_EDGE ( 'NONE', *, *, #1047, .T. ) ;
#4980 = DIRECTION ( 'NONE',  ( 0.000000000000000000, 0.000000000000000000, 1.000000000000000000 ) ) ;
#4981 = CARTESIAN_POINT ( 'NONE',  ( 200.0000000000000000, 0.8856168056149447132, 0.000000000000000000 ) ) ;
#4982 = DIRECTION ( 'NONE',  ( -0.000000000000000000, -0.000000000000000000, -1.000000000000000000 ) ) ;
#4983 = ORIENTED_EDGE ( 'NONE', *, *, #157, .F. ) ;
#4984 = CIRCLE ( 'NONE', #1267, 4.999999999999976907 ) ;
#4985 = CARTESIAN_POINT ( 'NONE',  ( 124.6799991374133754, 60.00000000000000000, 3.104109295222571507 ) ) ;
#4986 = AXIS2_PLACEMENT_3D ( 'NONE', #789, #816, #5039 ) ;
#4987 = CARTESIAN_POINT ( 'NONE',  ( 198.6557400821629074, 1.480866392790519681, 5.000000000000000000 ) ) ;
#4988 = CARTESIAN_POINT ( 'NONE',  ( 141.0000000000000000, 15.00000000000001243, 6.999999999999999112 ) ) ;
#4989 = AXIS2_PLACEMENT_3D ( 'NONE', #728, #1563, #3188 ) ;
#4990 = CARTESIAN_POINT ( 'NONE',  ( 91.14865891784671703, 53.50114408273147859, 0.000000000000000000 ) ) ;
#4991 = ORIENTED_EDGE ( 'NONE', *, *, #1619, .F. ) ;
#4992 = ORIENTED_EDGE ( 'NONE', *, *, #787, .F. ) ;
#4993 = ORIENTED_EDGE ( 'NONE', *, *, #461, .F. ) ;
#4994 = EDGE_CURVE ( 'NONE', #432, #107, #23, .T. ) ;
#4995 = VECTOR ( 'NONE', #3337, 1000.000000000000114 ) ;
#4996 = CARTESIAN_POINT ( 'NONE',  ( 9.999999999999996447, 9.999999999999985789, 5.000000000000000000 ) ) ;
#4997 = CARTESIAN_POINT ( 'NONE',  ( 200.0000000000000000, 2.580426667279813291, 6.373021194983732762 ) ) ;
#4998 = ORIENTED_EDGE ( 'NONE', *, *, #3775, .F. ) ;
#4999 = VECTOR ( 'NONE', #4167, 1000.000000000000000 ) ;
#5000 = CARTESIAN_POINT ( 'NONE',  ( 143.4502525316941330, -19.94974746830583001, 45.52691193458120722 ) ) ;
#5001 = ORIENTED_EDGE ( 'NONE', *, *, #5101, .F. ) ;
#5002 = EDGE_CURVE ( 'NONE', #330, #3309, #264, .T. ) ;
#5003 = VECTOR ( 'NONE', #4722, 1000.000000000000000 ) ;
#5004 = CIRCLE ( 'NONE', #2613, 2.000000000000000000 ) ;
#5005 = DIRECTION ( 'NONE',  ( -1.000000000000000000, 0.000000000000000000, 0.000000000000000000 ) ) ;
#5006 = CARTESIAN_POINT ( 'NONE',  ( 163.1989813451135660, 12.14897587572937709, 19.00000000000000355 ) ) ;
#5007 = EDGE_CURVE ( 'NONE', #3918, #1939, #3565, .T. ) ;
#5008 = EDGE_LOOP ( 'NONE', ( #3212, #2024, #4379, #1676 ) ) ;
#5009 = AXIS2_PLACEMENT_3D ( 'NONE', #1534, #2339, #398 ) ;
#5010 = CARTESIAN_POINT ( 'NONE',  ( 2.000000000000000000, 0.000000000000000000, 5.000000000000000000 ) ) ;
#5011 = ORIENTED_EDGE ( 'NONE', *, *, #2211, .F. ) ;
#5012 = DIRECTION ( 'NONE',  ( 1.000000000000000000, 0.000000000000000000, 0.000000000000000000 ) ) ;
#5013 = DIRECTION ( 'NONE',  ( 1.000000000000000000, 0.000000000000000000, 0.000000000000000000 ) ) ;
#5014 = AXIS2_PLACEMENT_3D ( 'NONE', #4232, #3368, #4585 ) ;
#5015 = CYLINDRICAL_SURFACE ( 'NONE', #260, 1.000000000000000888 ) ;
#5016 = VECTOR ( 'NONE', #3698, 1000.000000000000000 ) ;
#5017 = DIRECTION ( 'NONE',  ( 0.000000000000000000, -1.000000000000000000, 0.000000000000000000 ) ) ;
#5018 = ORIENTED_EDGE ( 'NONE', *, *, #3972, .T. ) ;
#5019 = DIRECTION ( 'NONE',  ( -0.000000000000000000, -0.000000000000000000, -1.000000000000000000 ) ) ;
#5020 = ORIENTED_EDGE ( 'NONE', *, *, #4555, .T. ) ;
#5021 = CARTESIAN_POINT ( 'NONE',  ( 196.5500409139286262, -0.7425221969182602688, 5.033417826982329757 ) ) ;
#5022 = CIRCLE ( 'NONE', #2553, 19.50000000000001776 ) ;
#5023 = ORIENTED_EDGE ( 'NONE', *, *, #1375, .F. ) ;
#5024 = EDGE_LOOP ( 'NONE', ( #3246, #4137 ) ) ;
#5025 = CIRCLE ( 'NONE', #1888, 2.000000000000000000 ) ;
#5026 = CARTESIAN_POINT ( 'NONE',  ( 146.6502525316941217, -10.05025253169416999, 9.000000000000001776 ) ) ;
#5027 = CARTESIAN_POINT ( 'NONE',  ( 197.6426614782204751, 0.02127538180101665177, 5.569633306856057509 ) ) ;
#5028 = EDGE_LOOP ( 'NONE', ( #4380, #720, #4489, #4300 ) ) ;
#5029 = EDGE_CURVE ( 'NONE', #2289, #5044, #1764, .T. ) ;
#5030 = DIRECTION ( 'NONE',  ( 0.7071067811865510144, -0.7071067811865440200, 0.000000000000000000 ) ) ;
#5031 = ORIENTED_EDGE ( 'NONE', *, *, #3321, .F. ) ;
#5032 = ADVANCED_FACE ( 'NONE', ( #1911 ), #2403, .F. ) ;
#5033 = EDGE_CURVE ( 'NONE', #2597, #4354, #8, .T. ) ;
#5034 = DIRECTION ( 'NONE',  ( 1.000000000000000000, 0.000000000000000000, 0.000000000000000000 ) ) ;
#5035 = CARTESIAN_POINT ( 'NONE',  ( 105.6534001081864176, 49.54370749419727815, 9.000000000000001776 ) ) ;
#5036 = VERTEX_POINT ( 'NONE', #327 ) ;
#5037 = CARTESIAN_POINT ( 'NONE',  ( 114.1811597360324413, 52.63286644264487535, 0.000000000000000000 ) ) ;
#5038 = ORIENTED_EDGE ( 'NONE', *, *, #3770, .T. ) ;
#5039 = DIRECTION ( 'NONE',  ( -1.000000000000000000, 0.000000000000000000, 0.000000000000000000 ) ) ;
#5040 = DIRECTION ( 'NONE',  ( -0.000000000000000000, -0.000000000000000000, 1.000000000000000000 ) ) ;
#5041 = CYLINDRICAL_SURFACE ( 'NONE', #1003, 2.000000000000000000 ) ;
#5042 = DIRECTION ( 'NONE',  ( -1.000000000000000000, 0.000000000000000000, 0.000000000000000000 ) ) ;
#5043 = ORIENTED_EDGE ( 'NONE', *, *, #289, .T. ) ;
#5044 = VERTEX_POINT ( 'NONE', #2685 ) ;
#5045 = DIRECTION ( 'NONE',  ( 0.3252006130872606704, -0.9456450503479991720, -0.000000000000000000 ) ) ;
#5046 = DIRECTION ( 'NONE',  ( 0.000000000000000000, 0.000000000000000000, -1.000000000000000000 ) ) ;
#5047 = DIRECTION ( 'NONE',  ( -0.000000000000000000, -0.000000000000000000, -1.000000000000000000 ) ) ;
#5048 = ORIENTED_EDGE ( 'NONE', *, *, #1063, .T. ) ;
#5049 = ORIENTED_EDGE ( 'NONE', *, *, #2420, .F. ) ;
#5050 = FACE_OUTER_BOUND ( 'NONE', #3062, .T. ) ;
#5051 = CARTESIAN_POINT ( 'NONE',  ( 127.8027442487000513, 60.00000000000000000, 5.000000000000000000 ) ) ;
#5052 = VERTEX_POINT ( 'NONE', #1934 ) ;
#5053 = CARTESIAN_POINT ( 'NONE',  ( 198.0000000000000000, 0.8856168056149447132, 3.769480814282299974 ) ) ;
#5054 = VERTEX_POINT ( 'NONE', #2766 ) ;
#5055 = DIRECTION ( 'NONE',  ( 1.000000000000000000, 0.000000000000000000, 0.000000000000000000 ) ) ;
#5056 = EDGE_LOOP ( 'NONE', ( #4506, #1422, #2981, #1356 ) ) ;
#5057 = AXIS2_PLACEMENT_3D ( 'NONE', #4765, #723, #4736 ) ;
#5058 = EDGE_CURVE ( 'NONE', #808, #3632, #1593, .T. ) ;
#5059 = ADVANCED_FACE ( 'NONE', ( #3962, #382, #3126, #3173, #2716, #3935, #3482, #1490, #4727, #1168, #3508, #4349, #4647, #2350, #4326, #3906, #1545, #4704, #4753, #1089, #3884, #2378, #4272, #1515 ), #407, .T. ) ;
#5060 = FACE_OUTER_BOUND ( 'NONE', #2689, .T. ) ;
#5061 = ORIENTED_EDGE ( 'NONE', *, *, #439, .F. ) ;
#5062 = DIRECTION ( 'NONE',  ( 0.4461978131098025546, 0.8949343616020282166, -0.000000000000000000 ) ) ;
#5063 = DIRECTION ( 'NONE',  ( -0.000000000000000000, -0.000000000000000000, -1.000000000000000000 ) ) ;
#5064 = AXIS2_PLACEMENT_3D ( 'NONE', #1391, #2993, #3379 ) ;
#5065 = DIRECTION ( 'NONE',  ( 0.000000000000000000, 0.000000000000000000, 1.000000000000000000 ) ) ;
#5066 = ORIENTED_EDGE ( 'NONE', *, *, #445, .F. ) ;
#5067 = EDGE_CURVE ( 'NONE', #2035, #3700, #2852, .T. ) ;
#5068 = CARTESIAN_POINT ( 'NONE',  ( 106.6534001081864176, 48.54370749419727105, 3.000000000000000000 ) ) ;
#5069 = VERTEX_POINT ( 'NONE', #739 ) ;
#5070 = VERTEX_POINT ( 'NONE', #3540 ) ;
#5071 = DIRECTION ( 'NONE',  ( -1.000000000000000000, -0.000000000000000000, -0.000000000000000000 ) ) ;
#5072 = CARTESIAN_POINT ( 'NONE',  ( 136.7944365486292497, 8.148975875729380647, 0.000000000000000000 ) ) ;
#5073 = DIRECTION ( 'NONE',  ( -1.000000000000000000, 0.000000000000000000, 0.000000000000000000 ) ) ;
#5074 = VERTEX_POINT ( 'NONE', #2792 ) ;
#5075 = VERTEX_POINT ( 'NONE', #2304 ) ;
#5076 =( BOUNDED_CURVE ( )  B_SPLINE_CURVE ( 3, ( #174, #1826, #1754, #4914 ),
 .UNSPECIFIED., .F., .T. ) 
 B_SPLINE_CURVE_WITH_KNOTS ( ( 4, 4 ),
 ( 4.081714226068790197, 4.712388980384675463 ),
 .UNSPECIFIED. ) 
 CURVE ( )  GEOMETRIC_REPRESENTATION_ITEM ( )  RATIONAL_B_SPLINE_CURVE ( ( 1.000000000000000000, 0.9671278665360514282, 0.9671278665360514282, 1.000000000000000000 ) ) 
 REPRESENTATION_ITEM ( '' )  );
#5077 = VECTOR ( 'NONE', #3069, 1000.000000000000000 ) ;
#5078 = DIRECTION ( 'NONE',  ( -0.2494325089533591111, -0.9683921847460523757, 0.000000000000000000 ) ) ;
#5079 = VECTOR ( 'NONE', #3665, 1000.000000000000000 ) ;
#5080 = DIRECTION ( 'NONE',  ( 0.7071067811865474617, -4.906538933386793298E-15, 0.7071067811865474617 ) ) ;
#5081 = ORIENTED_EDGE ( 'NONE', *, *, #3560, .T. ) ;
#5082 = CARTESIAN_POINT ( 'NONE',  ( 141.9336281073461805, 12.14897587572938065, 6.999999999999999112 ) ) ;
#5083 = EDGE_LOOP ( 'NONE', ( #1658, #4217, #3966 ) ) ;
#5084 = AXIS2_PLACEMENT_3D ( 'NONE', #1227, #1627, #1707 ) ;
#5085 = CARTESIAN_POINT ( 'NONE',  ( 139.1218275366134662, 18.93539011169303876, 19.00000000000000000 ) ) ;
#5086 = CARTESIAN_POINT ( 'NONE',  ( 105.6534001081864176, 37.54370749419727815, 0.000000000000000000 ) ) ;
#5087 = ORIENTED_EDGE ( 'NONE', *, *, #3073, .T. ) ;
#5088 = AXIS2_PLACEMENT_3D ( 'NONE', #1749, #1817, #1383 ) ;
#5089 = DIRECTION ( 'NONE',  ( -0.000000000000000000, -0.000000000000000000, 1.000000000000000000 ) ) ;
#5090 = DIRECTION ( 'NONE',  ( -0.000000000000000000, -0.000000000000000000, -1.000000000000000000 ) ) ;
#5091 = DIRECTION ( 'NONE',  ( -1.000000000000000000, -5.312590645178966993E-15, 0.000000000000000000 ) ) ;
#5092 = VECTOR ( 'NONE', #3661, 1000.000000000000000 ) ;
#5093 = DIRECTION ( 'NONE',  ( -1.000000000000000000, 0.000000000000000000, 0.000000000000000000 ) ) ;
#5094 = ORIENTED_EDGE ( 'NONE', *, *, #811, .T. ) ;
#5095 = EDGE_CURVE ( 'NONE', #196, #523, #2741, .T. ) ;
#5096 = CARTESIAN_POINT ( 'NONE',  ( 125.0000000000108287, 60.00000000000000000, 6.865223673693924056 ) ) ;
#5097 = ORIENTED_EDGE ( 'NONE', *, *, #2162, .T. ) ;
#5098 = ORIENTED_EDGE ( 'NONE', *, *, #922, .F. ) ;
#5099 = CARTESIAN_POINT ( 'NONE',  ( 139.6965471870528575, 12.14897587572938065, 6.271575325506070442 ) ) ;
#5100 = DIRECTION ( 'NONE',  ( -1.000000000000000000, 0.000000000000000000, 0.000000000000000000 ) ) ;
#5101 = EDGE_CURVE ( 'NONE', #499, #224, #686, .T. ) ;
#5102 = CARTESIAN_POINT ( 'NONE',  ( 172.5000000000000284, 26.50000000000000000, 0.000000000000000000 ) ) ;
#5103 = EDGE_CURVE ( 'NONE', #3591, #238, #3149, .T. ) ;
#5104 = ORIENTED_EDGE ( 'NONE', *, *, #2534, .T. ) ;
#5105 = ORIENTED_EDGE ( 'NONE', *, *, #3321, .T. ) ;
#5106 = AXIS2_PLACEMENT_3D ( 'NONE', #786, #1085, #4701 ) ;
#5107 = DIRECTION ( 'NONE',  ( -0.000000000000000000, -0.000000000000000000, -1.000000000000000000 ) ) ;
#5108 = CARTESIAN_POINT ( 'NONE',  ( 9.999999999999991118, 54.99999999999988631, 0.000000000000000000 ) ) ;
#5109 = CIRCLE ( 'NONE', #1983, 3.250000000000002665 ) ;
#5110 = CIRCLE ( 'NONE', #807, 2.000000000000001776 ) ;
#5111 = ORIENTED_EDGE ( 'NONE', *, *, #1495, .F. ) ;
#5112 =( BOUNDED_CURVE ( )  B_SPLINE_CURVE ( 3, ( #4406, #846, #2853, #241 ),
 .UNSPECIFIED., .F., .T. ) 
 B_SPLINE_CURVE_WITH_KNOTS ( ( 4, 4 ),
 ( 0.000000000000000000, 0.9401215724790008554 ),
 .UNSPECIFIED. ) 
 CURVE ( )  GEOMETRIC_REPRESENTATION_ITEM ( )  RATIONAL_B_SPLINE_CURVE ( ( 1.000000000000000000, 0.9276938381959857205, 0.9276938381959857205, 1.000000000000000000 ) ) 
 REPRESENTATION_ITEM ( '' )  );
#5113 = DIRECTION ( 'NONE',  ( -0.000000000000000000, -0.000000000000000000, -1.000000000000000000 ) ) ;
#5114 = AXIS2_PLACEMENT_3D ( 'NONE', #98, #1256, #874 ) ;
#5115 = DIRECTION ( 'NONE',  ( 0.000000000000000000, 0.000000000000000000, -1.000000000000000000 ) ) ;
#5116 = ORIENTED_EDGE ( 'NONE', *, *, #2167, .F. ) ;
#5117 = CARTESIAN_POINT ( 'NONE',  ( 150.0000000000000000, -14.99999999999999822, 5.000000000000000888 ) ) ;
#5118 = VERTEX_POINT ( 'NONE', #33 ) ;
#5119 = EDGE_CURVE ( 'NONE', #2060, #2855, #4505, .T. ) ;
#5120 = CARTESIAN_POINT ( 'NONE',  ( 64.79999999999994031, 50.00000000000007816, 3.449999999999999289 ) ) ;
#5121 = CARTESIAN_POINT ( 'NONE',  ( 13.24999999999999822, 9.999999999999985789, 5.000000000000000000 ) ) ;
#5122 = CYLINDRICAL_SURFACE ( 'NONE', #2964, 1.000000000000000888 ) ;
#5123 = DIRECTION ( 'NONE',  ( 0.000000000000000000, 0.000000000000000000, -1.000000000000000000 ) ) ;
#5124 = VERTEX_POINT ( 'NONE', #1672 ) ;
#5125 = ORIENTED_EDGE ( 'NONE', *, *, #2349, .F. ) ;
#5126 = EDGE_CURVE ( 'NONE', #2227, #3892, #939, .T. ) ;
#5127 = SPHERICAL_SURFACE ( 'NONE', #3759, 2.000000000000000000 ) ;
#5128 = ORIENTED_EDGE ( 'NONE', *, *, #1867, .T. ) ;
#5129 = FACE_OUTER_BOUND ( 'NONE', #3284, .T. ) ;
#5130 = DIRECTION ( 'NONE',  ( 0.000000000000000000, -0.000000000000000000, 1.000000000000000000 ) ) ;
#5131 = CARTESIAN_POINT ( 'NONE',  ( 108.9880947906135731, 29.99635843841667793, 6.000000000000000000 ) ) ;
#5132 = ADVANCED_FACE ( 'NONE', ( #4858 ), #1429, .F. ) ;
#5133 = DIRECTION ( 'NONE',  ( 0.000000000000000000, -1.000000000000000000, 0.000000000000000000 ) ) ;
#5134 = DIRECTION ( 'NONE',  ( -0.000000000000000000, 1.000000000000000000, 0.000000000000000000 ) ) ;
#5135 = VERTEX_POINT ( 'NONE', #1246 ) ;
ENDSEC;
END-ISO-10303-21;
