ISO-10303-21;
HEADER;
FILE_DESCRIPTION (( 'STEP AP214' ),
    '1' );
FILE_NAME ('Tibia.STEP',
    '2026-09-19T19:54:24',
    ( '' ),
    ( '' ),
    'SwSTEP 2.0',
    'SolidWorks 2023',
    '' );
FILE_SCHEMA (( 'AUTOMOTIVE_DESIGN' ));
ENDSEC;

DATA;
#1 = CARTESIAN_POINT ( 'NONE',  ( 183.7360312251131234, 5.500000000000000000, -13.50000000000000355 ) ) ;
#2 = DIRECTION ( 'NONE',  ( 0.000000000000000000, 0.000000000000000000, 1.000000000000000000 ) ) ;
#3 = CARTESIAN_POINT ( 'NONE',  ( 194.4988238173579020, 19.99999999999999645, 13.50000000000000000 ) ) ;
#4 = DIRECTION ( 'NONE',  ( 0.000000000000000000, 0.000000000000000000, 1.000000000000000000 ) ) ;
#5 = AXIS2_PLACEMENT_3D ( 'NONE', #2894, #7396, #1975 ) ;
#6 = LINE ( 'NONE', #648, #4345 ) ;
#7 = DIRECTION ( 'NONE',  ( -0.9995966148089557857, -0.02840083911570149416, 0.000000000000000000 ) ) ;
#8 = CARTESIAN_POINT ( 'NONE',  ( 25.19280461054556852, 10.82512032616560838, -13.50000000000000355 ) ) ;
#9 = ORIENTED_EDGE ( 'NONE', *, *, #6219, .F. ) ;
#10 = CARTESIAN_POINT ( 'NONE',  ( 65.38452561378061034, 4.483192189404533678, -13.50000000000000355 ) ) ;
#11 = CIRCLE ( 'NONE', #5478, 8.000000000000007105 ) ;
#12 = ADVANCED_FACE ( 'NONE', ( #1629 ), #7599, .T. ) ;
#13 = VECTOR ( 'NONE', #6445, 1000.000000000000114 ) ;
#14 = DIRECTION ( 'NONE',  ( 0.000000000000000000, 0.000000000000000000, -1.000000000000000000 ) ) ;
#15 = DIRECTION ( 'NONE',  ( -0.000000000000000000, -0.000000000000000000, 1.000000000000000000 ) ) ;
#16 = EDGE_CURVE ( 'NONE', #5442, #5372, #2284, .T. ) ;
#17 = CARTESIAN_POINT ( 'NONE',  ( 232.0839721658976771, 19.57731578793040939, 7.000000000000026645 ) ) ;
#18 = DIRECTION ( 'NONE',  ( -0.000000000000000000, -0.000000000000000000, 1.000000000000000000 ) ) ;
#19 = ORIENTED_EDGE ( 'NONE', *, *, #6455, .T. ) ;
#20 = AXIS2_PLACEMENT_3D ( 'NONE', #1650, #6925, #234 ) ;
#21 = ORIENTED_EDGE ( 'NONE', *, *, #5137, .T. ) ;
#22 = DIRECTION ( 'NONE',  ( 1.000000000000000000, -1.734723475976805517E-15, 0.000000000000000000 ) ) ;
#23 = EDGE_CURVE ( 'NONE', #9046, #2168, #7445, .T. ) ;
#24 = CARTESIAN_POINT ( 'NONE',  ( 22.62602456598014911, -5.280000000000002913, -12.50000000000000000 ) ) ;
#25 = AXIS2_PLACEMENT_3D ( 'NONE', #9370, #8641, #7862 ) ;
#26 = FACE_BOUND ( 'NONE', #5300, .T. ) ;
#27 = FACE_OUTER_BOUND ( 'NONE', #2004, .T. ) ;
#28 = CARTESIAN_POINT ( 'NONE',  ( 224.4860312251131234, 0.000000000000000000, 8.257165788677182761 ) ) ;
#29 = ORIENTED_EDGE ( 'NONE', *, *, #823, .F. ) ;
#30 = ORIENTED_EDGE ( 'NONE', *, *, #7772, .F. ) ;
#31 = CIRCLE ( 'NONE', #3621, 1.000000000000000888 ) ;
#32 = EDGE_LOOP ( 'NONE', ( #5716, #9555, #7377, #3093 ) ) ;
#33 = VERTEX_POINT ( 'NONE', #848 ) ;
#34 = DIRECTION ( 'NONE',  ( -0.000000000000000000, -0.000000000000000000, 1.000000000000000000 ) ) ;
#35 = CARTESIAN_POINT ( 'NONE',  ( 208.6963403225946081, -18.64539375030492607, 5.000000000000026645 ) ) ;
#36 = CARTESIAN_POINT ( 'NONE',  ( 207.1574408076655800, -17.62067330648201846, 8.257165788677188090 ) ) ;
#37 = CIRCLE ( 'NONE', #2059, 2.000000000000001776 ) ;
#38 = CARTESIAN_POINT ( 'NONE',  ( 73.86411279721920664, -12.28274354942210778, 12.50000000000000000 ) ) ;
#39 = AXIS2_PLACEMENT_3D ( 'NONE', #2523, #1846, #1160 ) ;
#40 = DIRECTION ( 'NONE',  ( -0.02840083911570534872, 0.9995966148089557857, 0.000000000000000000 ) ) ;
#41 = DIRECTION ( 'NONE',  ( 1.000000000000000000, 0.000000000000000000, 0.000000000000000000 ) ) ;
#42 = DIRECTION ( 'NONE',  ( 1.224646799147353207E-16, -1.000000000000000000, 0.000000000000000000 ) ) ;
#43 = EDGE_LOOP ( 'NONE', ( #4005, #1296, #7465, #8985, #6533 ) ) ;
#44 = DIRECTION ( 'NONE',  ( 0.000000000000000000, 0.000000000000000000, 1.000000000000000000 ) ) ;
#45 = ORIENTED_EDGE ( 'NONE', *, *, #5211, .T. ) ;
#46 = ORIENTED_EDGE ( 'NONE', *, *, #1084, .F. ) ;
#47 = VECTOR ( 'NONE', #7, 1000.000000000000227 ) ;
#48 = CARTESIAN_POINT ( 'NONE',  ( 238.0860312251130608, 0.000000000000000000, 13.50000000000000000 ) ) ;
#49 = CARTESIAN_POINT ( 'NONE',  ( 174.7360312251130949, 3.999999999999995559, -13.50000000000000355 ) ) ;
#50 = CARTESIAN_POINT ( 'NONE',  ( 214.4860312251130949, 0.000000000000000000, 5.000000000000026645 ) ) ;
#51 = LINE ( 'NONE', #1463, #9384 ) ;
#52 = ADVANCED_FACE ( 'NONE', ( #2310 ), #6084, .F. ) ;
#53 = DIRECTION ( 'NONE',  ( 0.9593981441167120927, -0.2820553156127510452, 6.857145283728671241E-16 ) ) ;
#54 = EDGE_LOOP ( 'NONE', ( #474, #1495, #7400, #4907 ) ) ;
#55 = EDGE_CURVE ( 'NONE', #2817, #197, #6818, .T. ) ;
#56 = CYLINDRICAL_SURFACE ( 'NONE', #4575, 1.000000000000000888 ) ;
#57 = FACE_OUTER_BOUND ( 'NONE', #4934, .T. ) ;
#58 = EDGE_LOOP ( 'NONE', ( #9372, #4102, #6287, #6511 ) ) ;
#59 = CARTESIAN_POINT ( 'NONE',  ( 38.65102456598012992, -5.280000000000001137, 12.50000000000000000 ) ) ;
#60 = EDGE_CURVE ( 'NONE', #3941, #6207, #1469, .T. ) ;
#61 = EDGE_CURVE ( 'NONE', #4105, #8730, #5404, .T. ) ;
#62 = CARTESIAN_POINT ( 'NONE',  ( 125.8431367672848751, -10.80589991540564654, 10.49999999999999645 ) ) ;
#63 = DIRECTION ( 'NONE',  ( -0.000000000000000000, -0.000000000000000000, 1.000000000000000000 ) ) ;
#64 = PRODUCT_CONTEXT ( 'NONE', #1319, 'mechanical' ) ;
#65 = CARTESIAN_POINT ( 'NONE',  ( 0.000000000000000000, 0.000000000000000000, 12.50000000000000178 ) ) ;
#66 = CARTESIAN_POINT ( 'NONE',  ( 232.0597311628995385, -19.58677079583397074, 6.261797785404310090 ) ) ;
#67 = ADVANCED_FACE ( 'NONE', ( #7159 ), #9305, .F. ) ;
#68 = EDGE_CURVE ( 'NONE', #3958, #9118, #3923, .T. ) ;
#69 = CARTESIAN_POINT ( 'NONE',  ( 0.000000000000000000, 0.000000000000000000, 12.50000000000000000 ) ) ;
#70 = VERTEX_POINT ( 'NONE', #8475 ) ;
#71 = ORIENTED_EDGE ( 'NONE', *, *, #2083, .T. ) ;
#72 = CIRCLE ( 'NONE', #6159, 12.00000000000000355 ) ;
#73 = CIRCLE ( 'NONE', #6160, 2.000000000000001776 ) ;
#74 = ORIENTED_EDGE ( 'NONE', *, *, #9342, .F. ) ;
#75 = CARTESIAN_POINT ( 'NONE',  ( -25.67890820536242202, -332.0845003547361785, 12.50000000000000178 ) ) ;
#76 = AXIS2_PLACEMENT_3D ( 'NONE', #6290, #4872, #9323 ) ;
#77 = AXIS2_PLACEMENT_3D ( 'NONE', #9385, #627, #1410 ) ;
#78 = VECTOR ( 'NONE', #5759, 1000.000000000000000 ) ;
#80 = ADVANCED_FACE ( 'NONE', ( #5647 ), #4129, .F. ) ;
#79 = CARTESIAN_POINT ( 'NONE',  ( 24.32815452082498098, 11.81591818738017174, -13.50000000000000355 ) ) ;
#81 = ORIENTED_EDGE ( 'NONE', *, *, #3718, .T. ) ;
#82 = ORIENTED_EDGE ( 'NONE', *, *, #7646, .F. ) ;
#83 = EDGE_LOOP ( 'NONE', ( #9134, #6481, #3120, #2999 ) ) ;
#84 = ORIENTED_EDGE ( 'NONE', *, *, #771, .F. ) ;
#85 = EDGE_CURVE ( 'NONE', #8888, #971, #1874, .T. ) ;
#86 = CIRCLE ( 'NONE', #1332, 25.64558503828878600 ) ;
#88 = CARTESIAN_POINT ( 'NONE',  ( 205.6427687439548606, -18.98667846323241548, 11.12864468912638571 ) ) ;
#87 = VECTOR ( 'NONE', #7736, 1000.000000000000000 ) ;
#89 = ADVANCED_FACE ( 'NONE', ( #3390 ), #7144, .T. ) ;
#90 = DIRECTION ( 'NONE',  ( 0.000000000000000000, 0.000000000000000000, 1.000000000000000000 ) ) ;
#91 = DIRECTION ( 'NONE',  ( 0.9811714075841060367, -0.1931389886569367942, -6.700854754992135987E-16 ) ) ;
#92 = DIRECTION ( 'NONE',  ( 1.000000000000000000, 0.000000000000000000, 0.000000000000000000 ) ) ;
#93 = CARTESIAN_POINT ( 'NONE',  ( 90.31517252040522692, -9.814524005728941347, 10.49999999999999822 ) ) ;
#94 = EDGE_CURVE ( 'NONE', #4234, #8718, #7290, .T. ) ;
#95 = CIRCLE ( 'NONE', #7269, 1.000000000000000888 ) ;
#96 = AXIS2_PLACEMENT_3D ( 'NONE', #6212, #4061, #5436 ) ;
#97 = CYLINDRICAL_SURFACE ( 'NONE', #3291, 12.00000000000000355 ) ;
#98 = CARTESIAN_POINT ( 'NONE',  ( 71.92172124583269976, -14.33873845727141472, 13.50000000000000000 ) ) ;
#99 = ORIENTED_EDGE ( 'NONE', *, *, #5196, .T. ) ;
#100 = DIRECTION ( 'NONE',  ( -0.000000000000000000, -0.000000000000000000, -1.000000000000000000 ) ) ;
#101 = VERTEX_POINT ( 'NONE', #7104 ) ;
#102 = ORIENTED_EDGE ( 'NONE', *, *, #5979, .T. ) ;
#103 = ORIENTED_EDGE ( 'NONE', *, *, #9624, .F. ) ;
#104 = CARTESIAN_POINT ( 'NONE',  ( 38.65102456598012992, -5.280000000000000249, -5.500000000000000000 ) ) ;
#105 = VECTOR ( 'NONE', #8126, 1000.000000000000000 ) ;
#106 = CARTESIAN_POINT ( 'NONE',  ( 72.41010275655905559, 3.682401448405487443, 12.50000000000000000 ) ) ;
#107 = AXIS2_PLACEMENT_3D ( 'NONE', #4681, #1108, #6919 ) ;
#108 = CARTESIAN_POINT ( 'NONE',  ( 224.4860312251130949, 0.000000000000000000, 2.688821387764050996E-14 ) ) ;
#109 = CARTESIAN_POINT ( 'NONE',  ( 171.7360312251131234, -9.500000000000000000, 11.50000000000000000 ) ) ;
#110 = VERTEX_POINT ( 'NONE', #359 ) ;
#111 = CARTESIAN_POINT ( 'NONE',  ( 183.8860312251131290, 11.10660171779823813, 13.50000000000000000 ) ) ;
#112 = CIRCLE ( 'NONE', #2115, 1.400000000000012346 ) ;
#113 = CARTESIAN_POINT ( 'NONE',  ( 222.3222131915921693, 21.00000000000000000, 5.526779930304195787 ) ) ;
#114 = ORIENTED_EDGE ( 'NONE', *, *, #8486, .T. ) ;
#115 = DIRECTION ( 'NONE',  ( 1.000000000000000000, 0.000000000000000000, 0.000000000000000000 ) ) ;
#116 = AXIS2_PLACEMENT_3D ( 'NONE', #4114, #486, #1861 ) ;
#117 = AXIS2_PLACEMENT_3D ( 'NONE', #500, #3578, #2105 ) ;
#118 = CIRCLE ( 'NONE', #4017, 0.9999999999999974465 ) ;
#119 = DIRECTION ( 'NONE',  ( -1.000000000000000000, 0.000000000000000000, 0.000000000000000000 ) ) ;
#120 = CARTESIAN_POINT ( 'NONE',  ( 5.923161627867837176, 20.14736102645091265, -12.50000000000000000 ) ) ;
#121 = AXIS2_PLACEMENT_3D ( 'NONE', #5326, #4636, #921 ) ;
#122 = DIRECTION ( 'NONE',  ( 0.000000000000000000, 0.000000000000000000, 1.000000000000000000 ) ) ;
#123 = CARTESIAN_POINT ( 'NONE',  ( 167.7360312251131518, 3.999999999999996447, -13.50000000000000355 ) ) ;
#124 = LINE ( 'NONE', #3089, #7346 ) ;
#125 = AXIS2_PLACEMENT_3D ( 'NONE', #7519, #196, #3864 ) ;
#126 = CIRCLE ( 'NONE', #5277, 23.03249967881726334 ) ;
#127 = EDGE_CURVE ( 'NONE', #1557, #957, #4816, .T. ) ;
#128 = DIRECTION ( 'NONE',  ( -1.000000000000000000, 0.000000000000000000, 0.000000000000000000 ) ) ;
#129 = ORIENTED_EDGE ( 'NONE', *, *, #7967, .F. ) ;
#130 = ORIENTED_EDGE ( 'NONE', *, *, #1099, .F. ) ;
#131 = ORIENTED_EDGE ( 'NONE', *, *, #7483, .T. ) ;
#133 = EDGE_CURVE ( 'NONE', #1217, #5610, #1827, .T. ) ;
#132 = AXIS2_PLACEMENT_3D ( 'NONE', #8037, #7351, #8726 ) ;
#134 = EDGE_CURVE ( 'NONE', #2355, #1107, #8220, .T. ) ;
#135 = CARTESIAN_POINT ( 'NONE',  ( 38.65102456598012992, -5.280000000000001137, 6.500000000000000000 ) ) ;
#136 = CARTESIAN_POINT ( 'NONE',  ( 65.83893903963185323, -11.51035364753875889, 10.49999999999999822 ) ) ;
#137 = CARTESIAN_POINT ( 'NONE',  ( 93.40163166754707902, 4.278819069835242850, 12.50000000000000000 ) ) ;
#138 = DIRECTION ( 'NONE',  ( 1.000000000000000000, 0.000000000000000000, 0.000000000000000000 ) ) ;
#139 = EDGE_LOOP ( 'NONE', ( #6153, #3744, #2230, #3845, #4623 ) ) ;
#140 = ORIENTED_EDGE ( 'NONE', *, *, #5217, .F. ) ;
#141 = ORIENTED_EDGE ( 'NONE', *, *, #6946, .F. ) ;
#142 = VERTEX_POINT ( 'NONE', #1094 ) ;
#143 = CARTESIAN_POINT ( 'NONE',  ( 155.3766217857023264, 6.039671095008682045, 11.50000000000000000 ) ) ;
#144 = EDGE_CURVE ( 'NONE', #2771, #5123, #2653, .T. ) ;
#145 = CARTESIAN_POINT ( 'NONE',  ( 203.9972663226042755, -16.24409879974404092, 13.75075524983269126 ) ) ;
#146 = DIRECTION ( 'NONE',  ( 0.000000000000000000, 0.000000000000000000, 1.000000000000000000 ) ) ;
#147 = FACE_OUTER_BOUND ( 'NONE', #4095, .T. ) ;
#148 = CARTESIAN_POINT ( 'NONE',  ( 231.1424328030262529, -19.91713629098207505, 7.000000000000026645 ) ) ;
#149 = CARTESIAN_POINT ( 'NONE',  ( 132.8264475420368740, -10.11908255344014229, 10.98746836239019053 ) ) ;
#150 = CARTESIAN_POINT ( 'NONE',  ( 189.7360312251131234, -6.499999999999999112, 5.000000000000026645 ) ) ;
#151 = ORIENTED_EDGE ( 'NONE', *, *, #4296, .F. ) ;
#152 = CARTESIAN_POINT ( 'NONE',  ( 224.4860312251130949, 0.000000000000000000, 2.602085213965210642E-14 ) ) ;
#153 = ORIENTED_EDGE ( 'NONE', *, *, #6338, .T. ) ;
#154 = ORIENTED_EDGE ( 'NONE', *, *, #1907, .T. ) ;
#155 = ORIENTED_EDGE ( 'NONE', *, *, #311, .F. ) ;
#156 = ADVANCED_FACE ( 'NONE', ( #7894 ), #9321, .T. ) ;
#157 = CARTESIAN_POINT ( 'NONE',  ( 217.8794295073142848, -10.60660171779819372, -11.50000000000000000 ) ) ;
#158 = LINE ( 'NONE', #4695, #1502 ) ;
#159 = CARTESIAN_POINT ( 'NONE',  ( 224.4860312251130949, 15.00000000000000000, 7.000000000000026645 ) ) ;
#160 = CARTESIAN_POINT ( 'NONE',  ( 208.3264104124973812, 16.50029725463022245, 5.000000000000027534 ) ) ;
#161 = VERTEX_POINT ( 'NONE', #407 ) ;
#162 = CARTESIAN_POINT ( 'NONE',  ( 72.41064061677943187, 3.663470907186449299, 10.51893818147498649 ) ) ;
#163 = CARTESIAN_POINT ( 'NONE',  ( 235.0926329429107113, -10.60660171779883321, 5.000000000000026645 ) ) ;
#164 = VERTEX_POINT ( 'NONE', #9401 ) ;
#165 = DIRECTION ( 'NONE',  ( 1.000000000000000000, 0.000000000000000000, 0.000000000000000000 ) ) ;
#166 = DIRECTION ( 'NONE',  ( 0.000000000000000000, 0.000000000000000000, 1.000000000000000000 ) ) ;
#167 = CARTESIAN_POINT ( 'NONE',  ( 102.8032229303529306, -9.727767091143805445, 11.50000000000000000 ) ) ;
#168 = DIRECTION ( 'NONE',  ( 0.000000000000000000, 0.000000000000000000, 1.000000000000000000 ) ) ;
#169 = CARTESIAN_POINT ( 'NONE',  ( 124.4383184229506867, 3.427892958498986786, 11.50000000000000000 ) ) ;
#170 = LINE ( 'NONE', #7642, #1755 ) ;
#171 = EDGE_LOOP ( 'NONE', ( #7505, #4025, #5850, #5353 ) ) ;
#172 = VERTEX_POINT ( 'NONE', #2550 ) ;
#173 = CARTESIAN_POINT ( 'NONE',  ( 223.1620561218886110, 0.5454252342095322614, 6.000000000000026645 ) ) ;
#174 = AXIS2_PLACEMENT_3D ( 'NONE', #6270, #4078, #5597 ) ;
#175 = CARTESIAN_POINT ( 'NONE',  ( 201.5766971334654158, 7.401409098013081334, 7.929845947881808854 ) ) ;
#176 = DIRECTION ( 'NONE',  ( 4.336808689942013299E-16, -1.000000000000000000, 0.000000000000000000 ) ) ;
#177 = CARTESIAN_POINT ( 'NONE',  ( 231.1424328030263382, 19.91713629098204308, 7.000000000000026645 ) ) ;
#178 = CARTESIAN_POINT ( 'NONE',  ( 64.86774326393852164, -12.53835110146341592, 10.49999999999999645 ) ) ;
#179 = VERTEX_POINT ( 'NONE', #8578 ) ;
#180 = EDGE_CURVE ( 'NONE', #4281, #405, #6955, .T. ) ;
#181 = ORIENTED_EDGE ( 'NONE', *, *, #3705, .F. ) ;
#182 = ADVANCED_FACE ( 'NONE', ( #3243 ), #6326, .T. ) ;
#183 = ORIENTED_EDGE ( 'NONE', *, *, #6454, .T. ) ;
#184 = ORIENTED_EDGE ( 'NONE', *, *, #6105, .F. ) ;
#185 = DIRECTION ( 'NONE',  ( -1.000000000000000000, 0.000000000000000000, 0.000000000000000000 ) ) ;
#186 = CIRCLE ( 'NONE', #2675, 1.400000000000012346 ) ;
#187 = FACE_OUTER_BOUND ( 'NONE', #5912, .T. ) ;
#188 = DIRECTION ( 'NONE',  ( -0.02840083911570186886, 0.9995966148089558967, 0.000000000000000000 ) ) ;
#189 = FACE_OUTER_BOUND ( 'NONE', #2468, .T. ) ;
#190 = DIRECTION ( 'NONE',  ( -0.02558099814910921865, 0.9996727527214570586, 0.000000000000000000 ) ) ;
#191 = VECTOR ( 'NONE', #3377, 1000.000000000000000 ) ;
#192 = CARTESIAN_POINT ( 'NONE',  ( 132.8008034359536396, -9.216511980572803964, 11.46710643075641656 ) ) ;
#193 = LINE ( 'NONE', #9127, #6093 ) ;
#194 = EDGE_LOOP ( 'NONE', ( #6509, #1772, #618, #7063 ) ) ;
#195 = EDGE_CURVE ( 'NONE', #5372, #179, #5148, .T. ) ;
#196 = DIRECTION ( 'NONE',  ( 0.000000000000000000, 0.000000000000000000, 1.000000000000000000 ) ) ;
#197 = VERTEX_POINT ( 'NONE', #6602 ) ;
#198 = ORIENTED_EDGE ( 'NONE', *, *, #6766, .F. ) ;
#199 = EDGE_LOOP ( 'NONE', ( #6637, #9214 ) ) ;
#200 = VECTOR ( 'NONE', #1978, 1000.000000000000000 ) ;
#201 = LINE ( 'NONE', #3169, #8338 ) ;
#202 = B_SPLINE_CURVE_WITH_KNOTS ( 'NONE', 3,
 ( #7155, #6417, #1326, #594, #6545, #9527, #8798, #8892, #3872, #3720, #1611, #3126, #7387, #6116 ),
 .UNSPECIFIED., .F., .F.,
 ( 4, 2, 2, 2, 2, 2, 4 ),
 ( 3.469446951953614189E-18, 0.0008035568365487975482, 0.001205335254823207110, 0.001607113673097616781, 0.002008892091372026234, 0.002410670509646437639, 0.003214227346195269557 ),
 .UNSPECIFIED. ) ;
#203 = CARTESIAN_POINT ( 'NONE',  ( 162.3922397457028808, 5.589403989966686304, 11.09612107754098176 ) ) ;
#204 = CARTESIAN_POINT ( 'NONE',  ( 211.1859330570842701, 21.00000000142813406, 7.917476712947446593 ) ) ;
#205 = CARTESIAN_POINT ( 'NONE',  ( 154.4030127671280752, 5.096610195414970512, 11.27138653862090933 ) ) ;
#206 = EDGE_LOOP ( 'NONE', ( #8007, #4955, #8954, #9598, #2269, #2967 ) ) ;
#207 = EDGE_CURVE ( 'NONE', #8494, #7453, #1385, .T. ) ;
#208 = FACE_OUTER_BOUND ( 'NONE', #2426, .T. ) ;
#209 = CIRCLE ( 'NONE', #5672, 1.000000000000000888 ) ;
#210 = CARTESIAN_POINT ( 'NONE',  ( 175.4786719122323859, -7.500000000000000000, 5.000000000000026645 ) ) ;
#211 = ORIENTED_EDGE ( 'NONE', *, *, #8117, .T. ) ;
#212 = DIRECTION ( 'NONE',  ( -0.02840083911570142824, 0.9995966148089558967, 0.000000000000000000 ) ) ;
#213 = CARTESIAN_POINT ( 'NONE',  ( 14.45821995543455785, -16.10512032616561484, -13.50000000000000355 ) ) ;
#214 = DIRECTION ( 'NONE',  ( -0.02840083911570149763, 0.9995966148089558967, 0.000000000000000000 ) ) ;
#215 = DIRECTION ( 'NONE',  ( -0.000000000000000000, -0.000000000000000000, -1.000000000000000000 ) ) ;
#216 = DIRECTION ( 'NONE',  ( -1.000000000000000000, 0.000000000000000000, 0.000000000000000000 ) ) ;
#217 = ORIENTED_EDGE ( 'NONE', *, *, #2646, .F. ) ;
#218 = ORIENTED_EDGE ( 'NONE', *, *, #8918, .T. ) ;
#219 = ORIENTED_EDGE ( 'NONE', *, *, #997, .T. ) ;
#220 = DIRECTION ( 'NONE',  ( 1.000000000000000000, 0.000000000000000000, 0.000000000000000000 ) ) ;
#221 = CARTESIAN_POINT ( 'NONE',  ( 162.3743359495854577, 6.219546427599563998, 10.51893818147501491 ) ) ;
#222 = DIRECTION ( 'NONE',  ( 0.000000000000000000, 0.000000000000000000, -1.000000000000000000 ) ) ;
#223 = CARTESIAN_POINT ( 'NONE',  ( 64.81855156761254477, -10.80699897754048244, 11.50000000000000000 ) ) ;
#224 = ORIENTED_EDGE ( 'NONE', *, *, #6266, .T. ) ;
#225 = VERTEX_POINT ( 'NONE', #6463 ) ;
#226 = ORIENTED_EDGE ( 'NONE', *, *, #3343, .T. ) ;
#227 = ORIENTED_EDGE ( 'NONE', *, *, #7483, .F. ) ;
#228 = DIRECTION ( 'NONE',  ( 1.000000000000000000, 0.000000000000000000, 0.000000000000000000 ) ) ;
#229 = CIRCLE ( 'NONE', #6468, 1.000000000000000888 ) ;
#230 = CARTESIAN_POINT ( 'NONE',  ( 205.4249851275956757, -21.00000000000000000, 5.000000000000026645 ) ) ;
#231 = DIRECTION ( 'NONE',  ( 1.000000000000000000, 0.000000000000000000, 0.000000000000000000 ) ) ;
#232 = DIRECTION ( 'NONE',  ( -0.9995966148089558967, -0.02840083911569957556, 0.000000000000000000 ) ) ;
#233 = DIRECTION ( 'NONE',  ( 0.000000000000000000, 0.000000000000000000, 1.000000000000000000 ) ) ;
#234 = DIRECTION ( 'NONE',  ( -1.000000000000000000, 0.000000000000000000, 0.000000000000000000 ) ) ;
#235 = CYLINDRICAL_SURFACE ( 'NONE', #2488, 1.000000000000003109 ) ;
#236 = VERTEX_POINT ( 'NONE', #6552 ) ;
#237 = VECTOR ( 'NONE', #4826, 1000.000000000000227 ) ;
#238 = AXIS2_PLACEMENT_3D ( 'NONE', #6233, #3934, #6908 ) ;
#240 = EDGE_CURVE ( 'NONE', #7014, #7546, #3687, .T. ) ;
#239 = FACE_BOUND ( 'NONE', #1918, .T. ) ;
#241 = ORIENTED_EDGE ( 'NONE', *, *, #2323, .F. ) ;
#242 = ORIENTED_EDGE ( 'NONE', *, *, #4683, .F. ) ;
#243 = VERTEX_POINT ( 'NONE', #8086 ) ;
#244 = EDGE_CURVE ( 'NONE', #3400, #4387, #6661, .T. ) ;
#245 = EDGE_CURVE ( 'NONE', #9531, #3149, #2913, .T. ) ;
#246 = CARTESIAN_POINT ( 'NONE',  ( 232.0839721658976771, 19.57731578793040939, 5.000000000000026645 ) ) ;
#247 = TOROIDAL_SURFACE ( 'NONE', #1179, 1.999999999999998668, 1.000000000000000000 ) ;
#248 = VECTOR ( 'NONE', #4123, 1000.000000000000000 ) ;
#249 = CARTESIAN_POINT ( 'NONE',  ( 181.0860312251130892, -11.10660171779823813, -13.50000000000000000 ) ) ;
#250 = CARTESIAN_POINT ( 'NONE',  ( 65.41292645289631480, 3.483595574595578892, -13.50000000000000355 ) ) ;
#251 = CARTESIAN_POINT ( 'NONE',  ( 194.4690562817621924, -19.99999999999999645, 13.50000000000000000 ) ) ;
#252 = ORIENTED_EDGE ( 'NONE', *, *, #4374, .T. ) ;
#253 = DIRECTION ( 'NONE',  ( -0.000000000000000000, -0.000000000000000000, 1.000000000000000000 ) ) ;
#254 = DIRECTION ( 'NONE',  ( 0.000000000000000000, 0.000000000000000000, 1.000000000000000000 ) ) ;
#255 = VERTEX_POINT ( 'NONE', #8720 ) ;
#256 = AXIS2_PLACEMENT_3D ( 'NONE', #9349, #4953, #6416 ) ;
#257 = CARTESIAN_POINT ( 'NONE',  ( 222.3222191657587530, -21.00000000000000355, 5.526781106756494921 ) ) ;
#258 = EDGE_CURVE ( 'NONE', #8986, #4126, #7988, .T. ) ;
#259 = FACE_OUTER_BOUND ( 'NONE', #7868, .T. ) ;
#260 = AXIS2_PLACEMENT_3D ( 'NONE', #3548, #2807, #2026 ) ;
#261 = CARTESIAN_POINT ( 'NONE',  ( 224.4860312251130949, 20.00000000000000000, -13.50000000000000000 ) ) ;
#262 = AXIS2_PLACEMENT_3D ( 'NONE', #2776, #9422, #2724 ) ;
#263 = VERTEX_POINT ( 'NONE', #4276 ) ;
#264 = DIRECTION ( 'NONE',  ( 0.000000000000000000, 0.000000000000000000, -1.000000000000000000 ) ) ;
#265 = CYLINDRICAL_SURFACE ( 'NONE', #7279, 1.000000000000000888 ) ;
#266 = ORIENTED_EDGE ( 'NONE', *, *, #4003, .F. ) ;
#267 = AXIS2_PLACEMENT_3D ( 'NONE', #3622, #8216, #638 ) ;
#268 = ORIENTED_EDGE ( 'NONE', *, *, #8561, .F. ) ;
#269 = CARTESIAN_POINT ( 'NONE',  ( 132.8403130709475874, -10.60709404159572067, 11.50000000000000000 ) ) ;
#270 = VECTOR ( 'NONE', #7073, 1000.000000000000114 ) ;
#271 = ADVANCED_FACE ( 'NONE', ( #4323 ), #8538, .T. ) ;
#272 = CARTESIAN_POINT ( 'NONE',  ( 55.67602456598011429, -5.280000000000001137, 12.50000000000000000 ) ) ;
#273 = CARTESIAN_POINT ( 'NONE',  ( 202.3661761700874138, 7.146348985791181718, 5.598746497877430173 ) ) ;
#274 = TOROIDAL_SURFACE ( 'NONE', #3696, 1.999999999999997780, 1.000000000000000000 ) ;
#275 = CIRCLE ( 'NONE', #2450, 20.99999999999998934 ) ;
#276 = CARTESIAN_POINT ( 'NONE',  ( 0.000000000000000000, 0.000000000000000000, 12.50000000000000000 ) ) ;
#277 = CARTESIAN_POINT ( 'NONE',  ( 0.000000000000000000, 0.000000000000000000, 2.499999999999999556 ) ) ;
#278 = EDGE_LOOP ( 'NONE', ( #3793, #3967, #6240, #3500, #4518, #773, #6963, #1303, #7067, #8643, #7773, #2021 ) ) ;
#279 = VERTEX_POINT ( 'NONE', #4412 ) ;
#280 = VERTEX_POINT ( 'NONE', #9445 ) ;
#281 = EDGE_LOOP ( 'NONE', ( #8395, #914 ) ) ;
#282 = CIRCLE ( 'NONE', #6517, 7.499999999999978684 ) ;
#283 = DIRECTION ( 'NONE',  ( -0.000000000000000000, -0.000000000000000000, -1.000000000000000000 ) ) ;
#284 = CARTESIAN_POINT ( 'NONE',  ( 224.4860312251130949, 15.00000000000000000, -13.50000000000000000 ) ) ;
#285 = CARTESIAN_POINT ( 'NONE',  ( 165.7360312251131234, 3.500000000000000000, 11.50000000000000000 ) ) ;
#286 = DIRECTION ( 'NONE',  ( -0.000000000000000000, -0.000000000000000000, -1.000000000000000000 ) ) ;
#287 = CARTESIAN_POINT ( 'NONE',  ( 132.7960440083676019, -9.048999053081450583, 11.50000000000000178 ) ) ;
#288 = CARTESIAN_POINT ( 'NONE',  ( 154.7871694668221494, -8.424178222351361711, 11.50000000000000000 ) ) ;
#289 = ORIENTED_EDGE ( 'NONE', *, *, #1552, .F. ) ;
#290 = DIRECTION ( 'NONE',  ( 0.000000000000000000, 0.000000000000000000, -1.000000000000000000 ) ) ;
#291 = ORIENTED_EDGE ( 'NONE', *, *, #1149, .F. ) ;
#292 = EDGE_LOOP ( 'NONE', ( #4750, #3186, #297, #6139, #45 ) ) ;
#293 = ORIENTED_EDGE ( 'NONE', *, *, #1402, .T. ) ;
#294 = CARTESIAN_POINT ( 'NONE',  ( 203.2663410982096934, 20.54610859325824990, 13.34913508653229997 ) ) ;
#295 = DIRECTION ( 'NONE',  ( 1.000000000000000000, 0.000000000000000000, 0.000000000000000000 ) ) ;
#296 = CARTESIAN_POINT ( 'NONE',  ( -25.67890820536242202, -332.0845003547361785, -13.50000000000000000 ) ) ;
#297 = ORIENTED_EDGE ( 'NONE', *, *, #906, .T. ) ;
#298 = CARTESIAN_POINT ( 'NONE',  ( 18.24801744325818120, 11.63721978784210265, -13.50000000000000355 ) ) ;
#299 = EDGE_CURVE ( 'NONE', #4835, #1617, #7345, .T. ) ;
#300 = FACE_OUTER_BOUND ( 'NONE', #7077, .T. ) ;
#301 = VERTEX_POINT ( 'NONE', #550 ) ;
#302 = EDGE_CURVE ( 'NONE', #1018, #2238, #9622, .T. ) ;
#303 = EDGE_CURVE ( 'NONE', #6269, #1771, #7658, .T. ) ;
#304 = CARTESIAN_POINT ( 'NONE',  ( 244.2318434549653432, 7.151012000129437496, 6.891607870096221333 ) ) ;
#305 = LINE ( 'NONE', #4030, #5810 ) ;
#306 = DIRECTION ( 'NONE',  ( 0.9995966148089566738, 0.02840083911567759661, 1.231690058785154407E-17 ) ) ;
#307 = DIRECTION ( 'NONE',  ( -0.9907978612145638131, 0.1353499102794156750, -0.000000000000000000 ) ) ;
#308 = CARTESIAN_POINT ( 'NONE',  ( 162.8213584230108211, -9.513867270466507264, 10.74129772782717396 ) ) ;
#309 = ORIENTED_EDGE ( 'NONE', *, *, #408, .F. ) ;
#310 = ORIENTED_EDGE ( 'NONE', *, *, #2144, .T. ) ;
#311 = EDGE_CURVE ( 'NONE', #8052, #9589, #2057, .T. ) ;
#312 = CARTESIAN_POINT ( 'NONE',  ( 131.3863030302874222, 5.358050956231856787, 10.49999999999999645 ) ) ;
#313 = DIRECTION ( 'NONE',  ( -0.02840083911569927372, 0.9995966148089558967, 0.000000000000000000 ) ) ;
#314 = VECTOR ( 'NONE', #4733, 1000.000000000000227 ) ;
#315 = CARTESIAN_POINT ( 'NONE',  ( 204.6459798038055169, 14.13764754251912414, 7.929845947881808854 ) ) ;
#316 = DIRECTION ( 'NONE',  ( -0.000000000000000000, -0.000000000000000000, 1.000000000000000000 ) ) ;
#317 = CARTESIAN_POINT ( 'NONE',  ( 216.6067747312038421, -20.26018626242666087, 5.025973657965872476 ) ) ;
#318 = ORIENTED_EDGE ( 'NONE', *, *, #2201, .T. ) ;
#319 = TOROIDAL_SURFACE ( 'NONE', #1104, 1.999999999999998668, 1.000000000000000000 ) ;
#320 = ORIENTED_EDGE ( 'NONE', *, *, #7098, .F. ) ;
#321 = EDGE_CURVE ( 'NONE', #1708, #322, #5053, .T. ) ;
#322 = VERTEX_POINT ( 'NONE', #602 ) ;
#323 = ORIENTED_EDGE ( 'NONE', *, *, #3940, .T. ) ;
#324 = CARTESIAN_POINT ( 'NONE',  ( 208.0790683495548592, -19.83103524445411026, 5.000000000000026645 ) ) ;
#325 = CIRCLE ( 'NONE', #8136, 1.000000000000000888 ) ;
#326 = CYLINDRICAL_SURFACE ( 'NONE', #4449, 1.000000000000000888 ) ;
#327 = DIRECTION ( 'NONE',  ( -0.000000000000000000, -0.000000000000000000, 1.000000000000000000 ) ) ;
#328 = CARTESIAN_POINT ( 'NONE',  ( 155.8026343724378648, -8.954278127125656184, -13.50000000000000355 ) ) ;
#329 = CARTESIAN_POINT ( 'NONE',  ( 132.8100543925345391, -9.542108870310448410, 11.35151115349258966 ) ) ;
#330 = CARTESIAN_POINT ( 'NONE',  ( 5.641106312255082855, 19.18796288233419745, 13.50000000000000000 ) ) ;
#331 = ORIENTED_EDGE ( 'NONE', *, *, #1271, .F. ) ;
#332 = CARTESIAN_POINT ( 'NONE',  ( 244.4860312251130949, 0.000000000000000000, -12.50000000000000000 ) ) ;
#333 = EDGE_LOOP ( 'NONE', ( #5943, #3312, #6716, #8178 ) ) ;
#334 = ORIENTED_EDGE ( 'NONE', *, *, #5794, .F. ) ;
#335 = VERTEX_POINT ( 'NONE', #1334 ) ;
#336 = AXIS2_PLACEMENT_3D ( 'NONE', #2728, #5081, #3462 ) ;
#337 = LINE ( 'NONE', #7032, #7249 ) ;
#338 = CARTESIAN_POINT ( 'NONE',  ( 102.3980012008277356, 4.534426621876530561, 12.50000000000000000 ) ) ;
#339 = CARTESIAN_POINT ( 'NONE',  ( 154.4262168672193525, 4.279918131970013917, 11.50000000000000000 ) ) ;
#340 = CARTESIAN_POINT ( 'NONE',  ( 205.3632487332931191, 21.00000000000001421, 5.111351936611635338 ) ) ;
#341 = DIRECTION ( 'NONE',  ( 1.000000000000000000, 0.000000000000000000, 0.000000000000000000 ) ) ;
#342 = ORIENTED_EDGE ( 'NONE', *, *, #2251, .T. ) ;
#343 = DIRECTION ( 'NONE',  ( -1.000000000000000000, 0.000000000000000000, 0.000000000000000000 ) ) ;
#344 = ORIENTED_EDGE ( 'NONE', *, *, #8512, .T. ) ;
#345 = VECTOR ( 'NONE', #5044, 1000.000000000000000 ) ;
#346 = CARTESIAN_POINT ( 'NONE',  ( 244.3194030483424513, 6.907039749460461842, 7.000000000000023093 ) ) ;
#347 =( LENGTH_UNIT ( ) NAMED_UNIT ( * ) SI_UNIT ( .MILLI., .METRE. ) );
#348 = ADVANCED_FACE ( 'NONE', ( #8899 ), #2194, .T. ) ;
#349 = CARTESIAN_POINT ( 'NONE',  ( 71.86491956760129085, -12.33954522765350603, 13.50000000000000000 ) ) ;
#350 = EDGE_CURVE ( 'NONE', #3012, #7190, #2437, .T. ) ;
#351 = DIRECTION ( 'NONE',  ( 0.000000000000000000, 0.000000000000000000, 1.000000000000000000 ) ) ;
#352 = CIRCLE ( 'NONE', #3784, 25.64558503828878600 ) ;
#353 = CARTESIAN_POINT ( 'NONE',  ( -12.00000000000000533, 1.469576158976824539E-15, 1.499999999999999556 ) ) ;
#354 = AXIS2_PLACEMENT_3D ( 'NONE', #6806, #4466, #128 ) ;
#355 = DIRECTION ( 'NONE',  ( 0.000000000000000000, 0.000000000000000000, 1.000000000000000000 ) ) ;
#356 = ORIENTED_EDGE ( 'NONE', *, *, #5566, .F. ) ;
#357 = VERTEX_POINT ( 'NONE', #9150 ) ;
#358 = EDGE_CURVE ( 'NONE', #2616, #6764, #7921, .T. ) ;
#359 = CARTESIAN_POINT ( 'NONE',  ( 154.7822469004185564, -8.250923457127370853, 11.50000000000000000 ) ) ;
#360 = VECTOR ( 'NONE', #3342, 1000.000000000000000 ) ;
#361 = CARTESIAN_POINT ( 'NONE',  ( 174.7360312251130949, 3.999999999999995559, -13.50000000000000355 ) ) ;
#362 = LINE ( 'NONE', #7011, #3389 ) ;
#363 = ADVANCED_FACE ( 'NONE', ( #9097 ), #6851, .F. ) ;
#364 = EDGE_CURVE ( 'NONE', #4151, #9058, #7636, .T. ) ;
#365 = DIRECTION ( 'NONE',  ( 0.000000000000000000, 0.000000000000000000, 1.000000000000000000 ) ) ;
#366 = CARTESIAN_POINT ( 'NONE',  ( 101.3700037469030519, 5.505622397569777782, -13.50000000000000355 ) ) ;
#367 = ORIENTED_EDGE ( 'NONE', *, *, #2635, .T. ) ;
#368 = ADVANCED_FACE ( 'NONE', ( #4460 ), #1470, .F. ) ;
#369 = ORIENTED_EDGE ( 'NONE', *, *, #2210, .F. ) ;
#370 = ORIENTED_EDGE ( 'NONE', *, *, #6388, .F. ) ;
#371 = VERTEX_POINT ( 'NONE', #3878 ) ;
#372 = CARTESIAN_POINT ( 'NONE',  ( 183.7360312251131234, -6.500000000000000000, -13.50000000000000355 ) ) ;
#373 = EDGE_CURVE ( 'NONE', #8906, #2875, #3819, .T. ) ;
#374 = DIRECTION ( 'NONE',  ( -1.000000000000000000, 0.000000000000000000, 0.000000000000000000 ) ) ;
#375 = PLANE ( 'NONE',  #1359 ) ;
#376 = DIRECTION ( 'NONE',  ( 1.000000000000000000, 0.000000000000000000, 0.000000000000000000 ) ) ;
#377 = CARTESIAN_POINT ( 'NONE',  ( 71.80811788936989615, -10.34035199803559557, 11.50000000000000000 ) ) ;
#378 = EDGE_LOOP ( 'NONE', ( #6450, #1707, #5553, #2380 ) ) ;
#379 = DIRECTION ( 'NONE',  ( -0.3809044632332455049, 0.9246144006498023815, 9.623701842200623964E-15 ) ) ;
#380 = ORIENTED_EDGE ( 'NONE', *, *, #1320, .F. ) ;
#381 = ORIENTED_EDGE ( 'NONE', *, *, #6338, .F. ) ;
#382 = ORIENTED_EDGE ( 'NONE', *, *, #4073, .T. ) ;
#383 = AXIS2_PLACEMENT_3D ( 'NONE', #1658, #7628, #3914 ) ;
#384 = VECTOR ( 'NONE', #2891, 1000.000000000000000 ) ;
#385 = CARTESIAN_POINT ( 'NONE',  ( 171.7360312251131234, -7.500000000000000000, 3.375330474728925445 ) ) ;
#386 = CARTESIAN_POINT ( 'NONE',  ( 216.8880902843285696, 19.57731578793044847, 5.867932345572740793 ) ) ;
#387 = ADVANCED_FACE ( 'NONE', ( #1670 ), #4796, .T. ) ;
#388 = FACE_OUTER_BOUND ( 'NONE', #4367, .T. ) ;
#389 = VECTOR ( 'NONE', #2275, 1000.000000000000000 ) ;
#390 = AXIS2_PLACEMENT_3D ( 'NONE', #3370, #3463, #1126 ) ;
#391 = AXIS2_PLACEMENT_3D ( 'NONE', #5466, #4730, #1062 ) ;
#392 = CARTESIAN_POINT ( 'NONE',  ( 213.8794295073142848, -10.60660171779819372, -11.50000000000000000 ) ) ;
#393 = CYLINDRICAL_SURFACE ( 'NONE', #9443, 1.000000000000000888 ) ;
#394 = FACE_OUTER_BOUND ( 'NONE', #1381, .T. ) ;
#395 = ORIENTED_EDGE ( 'NONE', *, *, #5274, .F. ) ;
#396 = DIRECTION ( 'NONE',  ( -0.000000000000000000, -0.000000000000000000, -1.000000000000000000 ) ) ;
#397 = DIRECTION ( 'NONE',  ( 0.3809044632332345137, -0.9246144006498068224, 0.000000000000000000 ) ) ;
#398 = CIRCLE ( 'NONE', #7424, 16.02499999999998437 ) ;
#399 = CARTESIAN_POINT ( 'NONE',  ( 20.53835703300135762, -15.92642192662754574, -13.50000000000000355 ) ) ;
#400 = DIRECTION ( 'NONE',  ( 0.000000000000000000, 0.000000000000000000, 1.000000000000000000 ) ) ;
#401 = DIRECTION ( 'NONE',  ( -0.03394010690455087631, 0.9994238686079633949, 0.000000000000000000 ) ) ;
#402 = ORIENTED_EDGE ( 'NONE', *, *, #5620, .T. ) ;
#403 = CARTESIAN_POINT ( 'NONE',  ( 230.4960248293367613, -18.34803385491477812, 7.000000000000026645 ) ) ;
#404 = DIRECTION ( 'NONE',  ( -1.000000000000000000, 0.000000000000000000, 0.000000000000000000 ) ) ;
#405 = VERTEX_POINT ( 'NONE', #5192 ) ;
#406 = ORIENTED_EDGE ( 'NONE', *, *, #534, .F. ) ;
#407 = CARTESIAN_POINT ( 'NONE',  ( 72.45929445288503246, 1.951049324482543090, 11.50000000000000000 ) ) ;
#408 = EDGE_CURVE ( 'NONE', #4677, #8102, #6512, .T. ) ;
#409 = AXIS2_PLACEMENT_3D ( 'NONE', #3352, #7121, #1743 ) ;
#410 = LINE ( 'NONE', #4669, #8054 ) ;
#411 = AXIS2_PLACEMENT_3D ( 'NONE', #8062, #719, #3707 ) ;
#412 = CARTESIAN_POINT ( 'NONE',  ( 223.1973391389971084, -14.45294176984342727, 7.000000000000026645 ) ) ;
#413 = CIRCLE ( 'NONE', #880, 1.000000000000000000 ) ;
#414 = DIRECTION ( 'NONE',  ( -0.000000000000000000, -0.000000000000000000, -1.000000000000000000 ) ) ;
#415 = DIRECTION ( 'NONE',  ( 1.000000000000000000, 0.000000000000000000, 0.000000000000000000 ) ) ;
#416 = CIRCLE ( 'NONE', #2898, 4.000000000000003553 ) ;
#417 = EDGE_LOOP ( 'NONE', ( #7236, #6252, #7487, #7632 ) ) ;
#418 = ORIENTED_EDGE ( 'NONE', *, *, #4965, .T. ) ;
#419 = AXIS2_PLACEMENT_3D ( 'NONE', #9113, #1585, #222 ) ;
#420 = EDGE_LOOP ( 'NONE', ( #1262, #5530, #7177, #860 ) ) ;
#421 = EDGE_CURVE ( 'NONE', #7522, #5804, #3085, .T. ) ;
#422 = EDGE_CURVE ( 'NONE', #8333, #4736, #5243, .T. ) ;
#423 = AXIS2_PLACEMENT_3D ( 'NONE', #6449, #9425, #5726 ) ;
#424 = AXIS2_PLACEMENT_3D ( 'NONE', #3736, #9160, #22 ) ;
#425 = AXIS2_PLACEMENT_3D ( 'NONE', #4818, #2406, #6183 ) ;
#426 = CARTESIAN_POINT ( 'NONE',  ( 161.8286149004072740, -9.783469707240403324, 12.49999999999999822 ) ) ;
#427 = LINE ( 'NONE', #5561, #237 ) ;
#428 = CARTESIAN_POINT ( 'NONE',  ( 154.3770251708933756, 6.011270255893026437, 11.50000000000000000 ) ) ;
#429 = FACE_OUTER_BOUND ( 'NONE', #7952, .T. ) ;
#430 = CARTESIAN_POINT ( 'NONE',  ( 38.65102456598012992, -5.280000000000000249, 5.500000000000000000 ) ) ;
#431 = TOROIDAL_SURFACE ( 'NONE', #1679, 1.999999999999999556, 1.000000000000000000 ) ;
#432 = CYLINDRICAL_SURFACE ( 'NONE', #2530, 4.000000000000003553 ) ;
#433 = VERTEX_POINT ( 'NONE', #3028 ) ;
#434 = CARTESIAN_POINT ( 'NONE',  ( 183.7360312251131234, -5.500000000000004441, 5.000000000000026645 ) ) ;
#435 = ORIENTED_EDGE ( 'NONE', *, *, #240, .T. ) ;
#436 = ORIENTED_EDGE ( 'NONE', *, *, #8800, .F. ) ;
#437 = ORIENTED_EDGE ( 'NONE', *, *, #2000, .T. ) ;
#438 = EDGE_CURVE ( 'NONE', #5642, #3895, #6122, .T. ) ;
#439 = DIRECTION ( 'NONE',  ( 0.000000000000000000, 0.000000000000000000, -1.000000000000000000 ) ) ;
#440 = DIRECTION ( 'NONE',  ( -1.000000000000000000, 0.000000000000000000, 0.000000000000000000 ) ) ;
#441 = DIRECTION ( 'NONE',  ( 1.000000000000000000, -0.000000000000000000, 0.000000000000000000 ) ) ;
#442 = B_SPLINE_CURVE_WITH_KNOTS ( 'NONE', 3,
 ( #2306, #2398, #66, #1678, #7591, #3731, #5305, #8225 ),
 .UNSPECIFIED., .F., .F.,
 ( 4, 2, 2, 4 ),
 ( 0.000000000000000000, 0.0003907813093653651239, 0.0007815626187307302478, 0.001563125237461457677 ),
 .UNSPECIFIED. ) ;
#443 = DIRECTION ( 'NONE',  ( 0.000000000000000000, 0.000000000000000000, 1.000000000000000000 ) ) ;
#444 = LINE ( 'NONE', #6361, #1322 ) ;
#445 = DIRECTION ( 'NONE',  ( 0.000000000000000000, 0.000000000000000000, 1.000000000000000000 ) ) ;
#446 = VERTEX_POINT ( 'NONE', #786 ) ;
#447 = FACE_OUTER_BOUND ( 'NONE', #4261, .T. ) ;
#448 = EDGE_CURVE ( 'NONE', #4882, #1536, #1985, .T. ) ;
#449 = DIRECTION ( 'NONE',  ( 0.000000000000000000, 0.000000000000000000, 1.000000000000000000 ) ) ;
#450 = DIRECTION ( 'NONE',  ( 1.000000000000000000, 0.000000000000000000, 0.000000000000000000 ) ) ;
#451 = DIRECTION ( 'NONE',  ( 0.000000000000000000, 0.000000000000000000, 1.000000000000000000 ) ) ;
#452 = ORIENTED_EDGE ( 'NONE', *, *, #2024, .F. ) ;
#453 = CARTESIAN_POINT ( 'NONE',  ( 72.86451618241024164, -12.31114438853780690, 12.49999999999999822 ) ) ;
#454 = FACE_OUTER_BOUND ( 'NONE', #9417, .T. ) ;
#455 = VERTEX_POINT ( 'NONE', #4656 ) ;
#456 = ORIENTED_EDGE ( 'NONE', *, *, #6452, .F. ) ;
#457 = CARTESIAN_POINT ( 'NONE',  ( 244.4031675160951238, -6.656401577913321432, 7.000000000000026645 ) ) ;
#458 = DIRECTION ( 'NONE',  ( 1.000000000000000000, 0.000000000000000000, 0.000000000000000000 ) ) ;
#459 = CIRCLE ( 'NONE', #5923, 16.02499999999998437 ) ;
#460 = CARTESIAN_POINT ( 'NONE',  ( 232.9426329429113309, 10.60660171779759509, 5.000000000000026645 ) ) ;
#461 = EDGE_LOOP ( 'NONE', ( #5273, #6948 ) ) ;
#462 = ORIENTED_EDGE ( 'NONE', *, *, #2506, .T. ) ;
#463 = ORIENTED_EDGE ( 'NONE', *, *, #6474, .F. ) ;
#464 = ADVANCED_FACE ( 'NONE', ( #3178 ), #6748, .T. ) ;
#465 = CARTESIAN_POINT ( 'NONE',  ( 155.4050226248180309, 5.040074480199727702, -13.50000000000000355 ) ) ;
#466 = DIRECTION ( 'NONE',  ( 1.000000000000000000, 0.000000000000000000, 0.000000000000000000 ) ) ;
#467 = DIRECTION ( 'NONE',  ( 1.000000000000000000, 3.035766082959409891E-14, 0.000000000000000000 ) ) ;
#468 = ADVANCED_FACE ( 'NONE', ( #4513 ), #2293, .T. ) ;
#469 = VECTOR ( 'NONE', #8810, 1000.000000000000000 ) ;
#470 = EDGE_CURVE ( 'NONE', #4824, #8511, #9009, .T. ) ;
#471 = DIRECTION ( 'NONE',  ( 0.000000000000000000, 0.000000000000000000, 1.000000000000000000 ) ) ;
#472 = CARTESIAN_POINT ( 'NONE',  ( 131.8407164561386651, -10.63549488071143578, 12.49999999999999822 ) ) ;
#473 = ORIENTED_EDGE ( 'NONE', *, *, #5704, .F. ) ;
#474 = ORIENTED_EDGE ( 'NONE', *, *, #8327, .T. ) ;
#475 = ORIENTED_EDGE ( 'NONE', *, *, #1792, .F. ) ;
#476 = ORIENTED_EDGE ( 'NONE', *, *, #5454, .F. ) ;
#477 = EDGE_CURVE ( 'NONE', #9500, #5402, #536, .T. ) ;
#478 = ADVANCED_FACE ( 'NONE', ( #2489 ), #4804, .F. ) ;
#479 = VECTOR ( 'NONE', #8375, 1000.000000000000227 ) ;
#480 = DIRECTION ( 'NONE',  ( -0.000000000000000000, -1.000000000000000000, -0.000000000000000000 ) ) ;
#481 = DIRECTION ( 'NONE',  ( 1.000000000000000000, 0.000000000000000000, 0.000000000000000000 ) ) ;
#482 = EDGE_CURVE ( 'NONE', #5522, #161, #4047, .T. ) ;
#483 = CARTESIAN_POINT ( 'NONE',  ( 224.4860312251130949, 0.000000000000000000, -13.50000000000000000 ) ) ;
#484 = DIRECTION ( 'NONE',  ( 1.000000000000000000, 0.000000000000000000, 0.000000000000000000 ) ) ;
#485 = CARTESIAN_POINT ( 'NONE',  ( 132.3858996450964014, 5.386451795347572791, 10.49999999999999645 ) ) ;
#486 = DIRECTION ( 'NONE',  ( 0.9995966148089557857, 0.02840083911570535219, -0.000000000000000000 ) ) ;
#487 = ORIENTED_EDGE ( 'NONE', *, *, #2249, .F. ) ;
#488 = CARTESIAN_POINT ( 'NONE',  ( 208.7664046232897022, 18.21149930263960925, 5.000000000000027534 ) ) ;
#489 = DIRECTION ( 'NONE',  ( 0.02840083911569927372, -0.9995966148089558967, 0.000000000000000000 ) ) ;
#490 = AXIS2_PLACEMENT_3D ( 'NONE', #8604, #7929, #484 ) ;
#491 = CARTESIAN_POINT ( 'NONE',  ( 245.3099440910439739, -1.110223024625156540E-13, 7.000000000000026645 ) ) ;
#492 = DIRECTION ( 'NONE',  ( -0.02840083911569831962, 0.9995966148089560077, -2.128164533027577774E-15 ) ) ;
#493 = ADVANCED_FACE ( 'NONE', ( #1864 ), #8513, .T. ) ;
#494 = CARTESIAN_POINT ( 'NONE',  ( 224.4860312251130949, 0.000000000000000000, 5.000000000000026645 ) ) ;
#495 = CYLINDRICAL_SURFACE ( 'NONE', #8442, 1.000000000000000888 ) ;
#496 = AXIS2_PLACEMENT_3D ( 'NONE', #6750, #2247, #1621 ) ;
#497 = DIRECTION ( 'NONE',  ( -0.02840083911570532790, 0.9995966148089558967, 0.000000000000000000 ) ) ;
#498 = ORIENTED_EDGE ( 'NONE', *, *, #4086, .F. ) ;
#499 = VERTEX_POINT ( 'NONE', #3230 ) ;
#500 = CARTESIAN_POINT ( 'NONE',  ( 171.2360312251131234, -3.999999999999996447, 3.000000000000025313 ) ) ;
#501 = DIRECTION ( 'NONE',  ( -0.000000000000000000, -0.000000000000000000, 1.000000000000000000 ) ) ;
#502 = AXIS2_PLACEMENT_3D ( 'NONE', #6045, #2123, #5941 ) ;
#503 = CARTESIAN_POINT ( 'NONE',  ( 165.7360312251131234, -3.499999999999999112, 11.50000000000000000 ) ) ;
#504 = EDGE_CURVE ( 'NONE', #6953, #957, #1354, .T. ) ;
#505 = LINE ( 'NONE', #7309, #5476 ) ;
#506 = CARTESIAN_POINT ( 'NONE',  ( 202.3005442960533742, -7.500000000000006217, 6.085438136811777809 ) ) ;
#507 = ORIENTED_EDGE ( 'NONE', *, *, #2323, .T. ) ;
#508 = ORIENTED_EDGE ( 'NONE', *, *, #9259, .T. ) ;
#509 = AXIS2_PLACEMENT_3D ( 'NONE', #8034, #1194, #8808 ) ;
#510 = ORIENTED_EDGE ( 'NONE', *, *, #7956, .T. ) ;
#511 = DIRECTION ( 'NONE',  ( 1.000000000000000000, 0.000000000000000000, -0.000000000000000000 ) ) ;
#512 = DIRECTION ( 'NONE',  ( 0.000000000000000000, 0.000000000000000000, 1.000000000000000000 ) ) ;
#513 = LINE ( 'NONE', #428, #78 ) ;
#514 = CARTESIAN_POINT ( 'NONE',  ( 54.67602456598011429, -5.280000000000001137, -6.500000000000000000 ) ) ;
#515 = CYLINDRICAL_SURFACE ( 'NONE', #9235, 16.02499999999999858 ) ;
#516 = EDGE_LOOP ( 'NONE', ( #4245, #3670, #1367, #4157, #3541, #2760, #4376, #7015, #2034, #4077, #7428, #4282, #5040, #6718, #6531, #1184, #3805, #7364 ) ) ;
#517 = ORIENTED_EDGE ( 'NONE', *, *, #7967, .T. ) ;
#518 = VERTEX_POINT ( 'NONE', #4846 ) ;
#519 = VERTEX_POINT ( 'NONE', #9196 ) ;
#520 = VERTEX_POINT ( 'NONE', #4752 ) ;
#521 = EDGE_CURVE ( 'NONE', #6336, #3422, #2643, .T. ) ;
#522 = CARTESIAN_POINT ( 'NONE',  ( 210.8860312251131290, 1.714505518806288475E-16, 5.000000000000026645 ) ) ;
#523 = DIRECTION ( 'NONE',  ( 0.000000000000000000, 0.000000000000000000, 1.000000000000000000 ) ) ;
#524 = DIRECTION ( 'NONE',  ( -1.000000000000000000, -0.000000000000000000, -0.000000000000000000 ) ) ;
#525 = CARTESIAN_POINT ( 'NONE',  ( 204.5775921543832112, -18.93320875518101687, 13.50000000000000000 ) ) ;
#526 = EDGE_CURVE ( 'NONE', #280, #4882, #1517, .T. ) ;
#527 = CARTESIAN_POINT ( 'NONE',  ( 38.65102456598012992, -5.280000000000000249, -5.500000000000000000 ) ) ;
#528 = VECTOR ( 'NONE', #1563, 1000.000000000000000 ) ;
#529 = AXIS2_PLACEMENT_3D ( 'NONE', #744, #4414, #3726 ) ;
#530 = CARTESIAN_POINT ( 'NONE',  ( 65.89574071786321952, -13.50954687715667113, 12.49999999999999822 ) ) ;
#531 = ORIENTED_EDGE ( 'NONE', *, *, #6556, .T. ) ;
#532 = CYLINDRICAL_SURFACE ( 'NONE', #3097, 1.000000000000000888 ) ;
#533 = CARTESIAN_POINT ( 'NONE',  ( 161.8854165786386829, -11.78266293685831201, 13.50000000000000000 ) ) ;
#534 = EDGE_CURVE ( 'NONE', #4721, #8145, #5593, .T. ) ;
#535 = EDGE_CURVE ( 'NONE', #3887, #1771, #126, .T. ) ;
#536 = B_SPLINE_CURVE_WITH_KNOTS ( 'NONE', 3,
 ( #6021, #2303, #937, #5344, #6898, #8170, #9293, #6221 ),
 .UNSPECIFIED., .F., .F.,
 ( 4, 2, 2, 4 ),
 ( 0.000000000000000000, 0.0005118710583149636492, 0.001023742116629927298, 0.002047484233259854597 ),
 .UNSPECIFIED. ) ;
#537 = DIRECTION ( 'NONE',  ( -1.000000000000000000, 0.000000000000000000, 0.000000000000000000 ) ) ;
#538 = TOROIDAL_SURFACE ( 'NONE', #2873, 1.999999999999998668, 1.000000000000000000 ) ;
#539 = CARTESIAN_POINT ( 'NONE',  ( 39.32982670407120906, -25.26847737215926770, -12.50000000000000000 ) ) ;
#540 = EDGE_CURVE ( 'NONE', #8566, #7412, #7887, .T. ) ;
#541 = CARTESIAN_POINT ( 'NONE',  ( 232.9426329429113309, 10.60660171779759509, -13.50000000000000000 ) ) ;
#542 = EDGE_CURVE ( 'NONE', #3712, #3014, #9164, .T. ) ;
#543 = CARTESIAN_POINT ( 'NONE',  ( 171.7360312251131234, 7.500000000000001776, 11.50000000000000000 ) ) ;
#544 = EDGE_CURVE ( 'NONE', #8202, #142, #275, .T. ) ;
#545 = CYLINDRICAL_SURFACE ( 'NONE', #5251, 2.150000000000012790 ) ;
#546 = ORIENTED_EDGE ( 'NONE', *, *, #2691, .T. ) ;
#547 = VERTEX_POINT ( 'NONE', #987 ) ;
#548 = TOROIDAL_SURFACE ( 'NONE', #9129, 1.999999999999999112, 1.000000000000000000 ) ;
#549 = TOROIDAL_SURFACE ( 'NONE', #6781, 19.99999999999996803, 1.000000000000000000 ) ;
#550 = CARTESIAN_POINT ( 'NONE',  ( 238.0860312251130608, -2.350215158542103954E-11, 6.689891413586030566 ) ) ;
#551 = ADVANCED_FACE ( 'NONE', ( #3972 ), #1832, .T. ) ;
#552 = DIRECTION ( 'NONE',  ( 1.000000000000000000, 0.000000000000000000, 0.000000000000000000 ) ) ;
#553 = CARTESIAN_POINT ( 'NONE',  ( 202.5500354108229715, 7.086948854312435486, 5.055887648719719074 ) ) ;
#554 = AXIS2_PLACEMENT_3D ( 'NONE', #3617, #5687, #9572 ) ;
#555 = AXIS2_PLACEMENT_3D ( 'NONE', #2855, #5064, #3035 ) ;
#556 = DIRECTION ( 'NONE',  ( 0.9995966148089560077, 0.02840083911570143171, -0.000000000000000000 ) ) ;
#557 = DIRECTION ( 'NONE',  ( 0.000000000000000000, 0.000000000000000000, -1.000000000000000000 ) ) ;
#558 = ORIENTED_EDGE ( 'NONE', *, *, #3761, .F. ) ;
#559 = ORIENTED_EDGE ( 'NONE', *, *, #8096, .F. ) ;
#560 = ORIENTED_EDGE ( 'NONE', *, *, #5682, .F. ) ;
#561 = EDGE_CURVE ( 'NONE', #5203, #8353, #5946, .T. ) ;
#562 = AXIS2_PLACEMENT_3D ( 'NONE', #2452, #8572, #1720 ) ;
#563 = CARTESIAN_POINT ( 'NONE',  ( 207.9507632429152864, -16.11935076845423609, 5.167662973746645072 ) ) ;
#564 = CIRCLE ( 'NONE', #9457, 1.000000000000000888 ) ;
#565 = DIRECTION ( 'NONE',  ( 1.000000000000000000, 0.000000000000000000, -0.000000000000000000 ) ) ;
#566 = DIRECTION ( 'NONE',  ( -0.000000000000000000, -0.000000000000000000, 1.000000000000000000 ) ) ;
#567 = AXIS2_PLACEMENT_3D ( 'NONE', #8244, #9122, #2274 ) ;
#568 = DIRECTION ( 'NONE',  ( 1.000000000000000000, 0.000000000000000000, -0.000000000000000000 ) ) ;
#569 = VECTOR ( 'NONE', #4731, 1000.000000000000000 ) ;
#570 = DIRECTION ( 'NONE',  ( -1.000000000000000000, 0.000000000000000000, 0.000000000000000000 ) ) ;
#571 = EDGE_LOOP ( 'NONE', ( #2963, #3329, #619, #7796 ) ) ;
#572 = ORIENTED_EDGE ( 'NONE', *, *, #4509, .T. ) ;
#573 = ORIENTED_EDGE ( 'NONE', *, *, #5076, .F. ) ;
#574 = ORIENTED_EDGE ( 'NONE', *, *, #1328, .T. ) ;
#575 = CIRCLE ( 'NONE', #8537, 1.000000000000000888 ) ;
#576 = VECTOR ( 'NONE', #1286, 1000.000000000000227 ) ;
#577 = B_SPLINE_CURVE_WITH_KNOTS ( 'NONE', 3,
 ( #7231, #1856, #8601, #1309, #9470, #6356, #4839, #2775 ),
 .UNSPECIFIED., .F., .F.,
 ( 4, 2, 2, 4 ),
 ( 0.000000000000000000, 0.002069944549007909657, 0.003104916823511826539, 0.004139889098015743854 ),
 .UNSPECIFIED. ) ;
#578 = AXIS2_PLACEMENT_3D ( 'NONE', #2211, #6615, #754 ) ;
#579 = DIRECTION ( 'NONE',  ( 1.000000000000000000, 0.000000000000000000, 0.000000000000000000 ) ) ;
#580 = DIRECTION ( 'NONE',  ( 0.9246144006498056012, 0.3809044632332377889, -0.000000000000000000 ) ) ;
#581 = DIRECTION ( 'NONE',  ( 1.000000000000000000, 0.000000000000000000, 0.000000000000000000 ) ) ;
#582 = AXIS2_PLACEMENT_3D ( 'NONE', #152, #6109, #2427 ) ;
#583 = CARTESIAN_POINT ( 'NONE',  ( 238.0860312251130608, -2.350215158542103954E-11, 6.689891413586030566 ) ) ;
#584 = AXIS2_PLACEMENT_3D ( 'NONE', #3325, #8420, #2540 ) ;
#585 = DIRECTION ( 'NONE',  ( -0.000000000000000000, -0.000000000000000000, -1.000000000000000000 ) ) ;
#586 = CARTESIAN_POINT ( 'NONE',  ( 132.4043413014342150, 4.737378816495662726, 11.09612107754097643 ) ) ;
#587 = DIRECTION ( 'NONE',  ( -0.000000000000000000, -0.000000000000000000, 1.000000000000000000 ) ) ;
#588 = VERTEX_POINT ( 'NONE', #4216 ) ;
#589 = CYLINDRICAL_SURFACE ( 'NONE', #3424, 1.400000000000012346 ) ;
#590 = AXIS2_PLACEMENT_3D ( 'NONE', #7297, #6695, #2935 ) ;
#591 = CARTESIAN_POINT ( 'NONE',  ( 203.0383809639673700, 21.00000000000000000, 9.984810363968767533 ) ) ;
#592 = DIRECTION ( 'NONE',  ( -0.9995966148089560077, -0.02840083911570171968, 0.000000000000000000 ) ) ;
#593 = CARTESIAN_POINT ( 'NONE',  ( 244.0633470130435683, 7.597940940784448038, 7.000000000000026645 ) ) ;
#594 = CARTESIAN_POINT ( 'NONE',  ( 199.1685978713310874, 8.637480207466733617, 13.30904064534785647 ) ) ;
#595 = EDGE_CURVE ( 'NONE', #6825, #164, #7304, .T. ) ;
#596 = B_SPLINE_CURVE_WITH_KNOTS ( 'NONE', 3,
 ( #4019, #3918, #6892, #6214, #205, #3173, #6259, #8261 ),
 .UNSPECIFIED., .F., .F.,
 ( 4, 2, 2, 4 ),
 ( 0.000000000000000000, 0.0005118710583149909711, 0.001023742116629981942, 0.002047484233259963884 ),
 .UNSPECIFIED. ) ;
#597 = DIRECTION ( 'NONE',  ( -1.000000000000000000, 0.000000000000000000, 0.000000000000000000 ) ) ;
#598 = EDGE_CURVE ( 'NONE', #5692, #1295, #4338, .T. ) ;
#599 = CARTESIAN_POINT ( 'NONE',  ( 232.0839721658975918, -19.57731578793045202, 6.000000000000026645 ) ) ;
#600 = ORIENTED_EDGE ( 'NONE', *, *, #1077, .T. ) ;
#601 = ORIENTED_EDGE ( 'NONE', *, *, #825, .T. ) ;
#602 = CARTESIAN_POINT ( 'NONE',  ( 131.8691172952543695, -11.63509149552039190, 12.49999999999999822 ) ) ;
#603 = EDGE_CURVE ( 'NONE', #9489, #2126, #4265, .T. ) ;
#604 = DIRECTION ( 'NONE',  ( -0.000000000000000000, -0.000000000000000000, -1.000000000000000000 ) ) ;
#605 = CARTESIAN_POINT ( 'NONE',  ( 205.4889148885115731, 13.53698785289761908, 5.055887648719717298 ) ) ;
#606 = DIRECTION ( 'NONE',  ( -0.000000000000000000, -0.000000000000000000, -1.000000000000000000 ) ) ;
#607 = ADVANCED_FACE ( 'NONE', ( #5214 ), #7193, .T. ) ;
#608 = CARTESIAN_POINT ( 'NONE',  ( 217.5514232202396272, 17.96712939168153866, 6.000000000000026645 ) ) ;
#609 = ORIENTED_EDGE ( 'NONE', *, *, #4489, .T. ) ;
#610 = ORIENTED_EDGE ( 'NONE', *, *, #1099, .T. ) ;
#611 = VERTEX_POINT ( 'NONE', #533 ) ;
#612 = LINE ( 'NONE', #465, #1191 ) ;
#613 = CARTESIAN_POINT ( 'NONE',  ( 202.5045570073579881, 7.499999999999998224, 5.542667566484653641 ) ) ;
#614 = CARTESIAN_POINT ( 'NONE',  ( 24.57410623435835362, 15.65173315553007960, -13.50000000000000000 ) ) ;
#616 = EDGE_CURVE ( 'NONE', #4467, #6393, #3515, .T. ) ;
#615 = CARTESIAN_POINT ( 'NONE',  ( 155.3198201074709175, 8.038864324626592506, 13.50000000000000000 ) ) ;
#617 = CARTESIAN_POINT ( 'NONE',  ( 23.53903642683990327, 56.10093993430693615, 12.50000000000000178 ) ) ;
#618 = ORIENTED_EDGE ( 'NONE', *, *, #8109, .F. ) ;
#619 = ORIENTED_EDGE ( 'NONE', *, *, #8206, .F. ) ;
#620 = ORIENTED_EDGE ( 'NONE', *, *, #4447, .F. ) ;
#621 = ORIENTED_EDGE ( 'NONE', *, *, #4425, .T. ) ;
#622 = CARTESIAN_POINT ( 'NONE',  ( 125.8715376064005795, -11.80549653021460088, -13.50000000000000355 ) ) ;
#623 = DIRECTION ( 'NONE',  ( 1.000000000000000000, 0.000000000000000000, 0.000000000000000000 ) ) ;
#624 = CARTESIAN_POINT ( 'NONE',  ( 131.8407164561386651, -10.63549488071143578, 11.50000000000000000 ) ) ;
#625 = CARTESIAN_POINT ( 'NONE',  ( 194.4690562817621924, -19.99999999999999645, 13.50000000000000000 ) ) ;
#626 = CARTESIAN_POINT ( 'NONE',  ( 204.1394940326291874, -19.72874518654938569, 13.50000000000000178 ) ) ;
#627 = DIRECTION ( 'NONE',  ( 0.000000000000000000, 0.000000000000000000, 1.000000000000000000 ) ) ;
#628 = ORIENTED_EDGE ( 'NONE', *, *, #7113, .T. ) ;
#629 = CARTESIAN_POINT ( 'NONE',  ( 224.3454985737471077, 13.60010040331390080, 6.689976350333338040 ) ) ;
#630 = EDGE_LOOP ( 'NONE', ( #1259, #6396, #9464, #7828 ) ) ;
#631 = ORIENTED_EDGE ( 'NONE', *, *, #5963, .T. ) ;
#632 = CIRCLE ( 'NONE', #8900, 16.02499999999998437 ) ;
#633 = CARTESIAN_POINT ( 'NONE',  ( 183.7360312251131234, 6.500000000000000000, 5.000000000000026645 ) ) ;
#634 = PLANE ( 'NONE',  #554 ) ;
#635 = DIRECTION ( 'NONE',  ( 0.000000000000000000, 0.000000000000000000, -1.000000000000000000 ) ) ;
#636 = CARTESIAN_POINT ( 'NONE',  ( 171.4776792904964395, -7.491648065383497368, 3.000000000000025313 ) ) ;
#637 = CARTESIAN_POINT ( 'NONE',  ( 167.7360312251131234, 3.500000000000000000, 13.50000000000000178 ) ) ;
#638 = DIRECTION ( 'NONE',  ( -1.000000000000000000, 0.000000000000000000, 0.000000000000000000 ) ) ;
#639 = ORIENTED_EDGE ( 'NONE', *, *, #3180, .F. ) ;
#640 = ORIENTED_EDGE ( 'NONE', *, *, #5074, .T. ) ;
#641 = DIRECTION ( 'NONE',  ( -0.9995966148089557857, -0.02840083911570142824, -0.000000000000000000 ) ) ;
#642 = AXIS2_PLACEMENT_3D ( 'NONE', #6247, #1845, #8492 ) ;
#643 = ADVANCED_FACE ( 'NONE', ( #3470, #1275 ), #9479, .F. ) ;
#644 = EDGE_CURVE ( 'NONE', #5933, #913, #1725, .T. ) ;
#645 = EDGE_CURVE ( 'NONE', #6841, #8906, #5774, .T. ) ;
#646 = CARTESIAN_POINT ( 'NONE',  ( 125.8999384455163124, -12.80509314502355522, 13.50000000000000000 ) ) ;
#647 = CARTESIAN_POINT ( 'NONE',  ( 224.4860312251130949, -15.00000000000000000, 13.50000000000000000 ) ) ;
#648 = CARTESIAN_POINT ( 'NONE',  ( 224.4860312251130949, -21.00000000000000000, -12.50000000000000000 ) ) ;
#649 = EDGE_CURVE ( 'NONE', #5250, #6494, #11, .T. ) ;
#650 = ADVANCED_FACE ( 'NONE', ( #1955 ), #4997, .F. ) ;
#651 = DIRECTION ( 'NONE',  ( -0.000000000000000000, -0.000000000000000000, -1.000000000000000000 ) ) ;
#652 = ORIENTED_EDGE ( 'NONE', *, *, #195, .T. ) ;
#653 = VERTEX_POINT ( 'NONE', #2048 ) ;
#654 = ORIENTED_EDGE ( 'NONE', *, *, #5147, .T. ) ;
#655 = AXIS2_PLACEMENT_3D ( 'NONE', #7637, #9431, #537 ) ;
#656 = EDGE_CURVE ( 'NONE', #1411, #1603, #7194, .T. ) ;
#657 = EDGE_CURVE ( 'NONE', #7245, #3694, #3755, .T. ) ;
#658 = CARTESIAN_POINT ( 'NONE',  ( 204.6459798038055453, -14.13764754251915789, 7.929845947881810631 ) ) ;
#659 = FACE_BOUND ( 'NONE', #6883, .T. ) ;
#660 = CARTESIAN_POINT ( 'NONE',  ( 201.4862238638567362, 7.500000000000000000, 8.257165788677191642 ) ) ;
#661 = CIRCLE ( 'NONE', #8775, 16.02499999999999858 ) ;
#662 = LINE ( 'NONE', #9021, #2206 ) ;
#663 = AXIS2_PLACEMENT_3D ( 'NONE', #1682, #6856, #4758 ) ;
#664 = EDGE_LOOP ( 'NONE', ( #6785, #2124, #5753, #8593 ) ) ;
#665 = EDGE_LOOP ( 'NONE', ( #5165, #7498, #4346, #463, #5132, #8694 ) ) ;
#666 = ORIENTED_EDGE ( 'NONE', *, *, #6579, .F. ) ;
#667 = ORIENTED_EDGE ( 'NONE', *, *, #7188, .F. ) ;
#668 = EDGE_CURVE ( 'NONE', #172, #3555, #2955, .T. ) ;
#669 = AXIS2_PLACEMENT_3D ( 'NONE', #3437, #5650, #6465 ) ;
#670 = CARTESIAN_POINT ( 'NONE',  ( 161.3458006354404120, 7.209672744511846254, 12.49999999999999822 ) ) ;
#671 = CARTESIAN_POINT ( 'NONE',  ( 21.40300712272194517, -16.91721978784210734, -13.50000000000000355 ) ) ;
#672 = CARTESIAN_POINT ( 'NONE',  ( 194.4860312251133223, -20.99999999999999645, 13.08578643762690241 ) ) ;
#673 = CARTESIAN_POINT ( 'NONE',  ( 194.4913300903191384, 20.58578643762690419, -13.50000000000000000 ) ) ;
#674 = PLANE ( 'NONE',  #3438 ) ;
#675 = ORIENTED_EDGE ( 'NONE', *, *, #5905, .F. ) ;
#676 = CARTESIAN_POINT ( 'NONE',  ( 223.3250926153337446, 14.20559469765480642, 6.980398419167789470 ) ) ;
#677 = ORIENTED_EDGE ( 'NONE', *, *, #3829, .T. ) ;
#678 = ORIENTED_EDGE ( 'NONE', *, *, #4413, .T. ) ;
#679 = EDGE_CURVE ( 'NONE', #7453, #9587, #787, .T. ) ;
#680 = FACE_OUTER_BOUND ( 'NONE', #7004, .T. ) ;
#681 = CARTESIAN_POINT ( 'NONE',  ( 208.0860312251130892, 0.000000000000000000, 5.000000000000026645 ) ) ;
#682 = CARTESIAN_POINT ( 'NONE',  ( 183.7360312251131234, -5.500000000000004441, -13.50000000000000355 ) ) ;
#683 = DIRECTION ( 'NONE',  ( 1.000000000000000000, 0.000000000000000000, 0.000000000000000000 ) ) ;
#684 = DIRECTION ( 'NONE',  ( 1.000000000000000000, 0.000000000000000000, 0.000000000000000000 ) ) ;
#685 = CARTESIAN_POINT ( 'NONE',  ( 162.3737980893650956, 6.238476968818615909, 11.50000000000000000 ) ) ;
#686 = ORIENTED_EDGE ( 'NONE', *, *, #4310, .T. ) ;
#687 = CARTESIAN_POINT ( 'NONE',  ( 207.1087279017569074, -16.08039280916640834, 6.807812505010384818 ) ) ;
#688 = VECTOR ( 'NONE', #879, 1000.000000000000227 ) ;
#689 = CIRCLE ( 'NONE', #2403, 6.499999999999977796 ) ;
#690 = DIRECTION ( 'NONE',  ( -0.9995966148089557857, -0.02840083911570135539, 0.000000000000000000 ) ) ;
#691 = FACE_OUTER_BOUND ( 'NONE', #3780, .T. ) ;
#692 = CARTESIAN_POINT ( 'NONE',  ( 217.5514232202396272, 17.96712939168153511, 5.000000000000026645 ) ) ;
#693 = AXIS2_PLACEMENT_3D ( 'NONE', #5661, #6432, #8637 ) ;
#694 = AXIS2_PLACEMENT_3D ( 'NONE', #3509, #4063, #7826 ) ;
#695 = AXIS2_PLACEMENT_3D ( 'NONE', #9325, #327, #7860 ) ;
#696 = CARTESIAN_POINT ( 'NONE',  ( 65.81053820051612036, -10.51075703272980455, 10.49999999999999822 ) ) ;
#697 = EDGE_LOOP ( 'NONE', ( #4344, #5713, #9262, #4723 ) ) ;
#698 = ADVANCED_FACE ( 'NONE', ( #5278 ), #8243, .F. ) ;
#699 = EDGE_LOOP ( 'NONE', ( #4994, #8392, #151, #6609 ) ) ;
#700 = ORIENTED_EDGE ( 'NONE', *, *, #3900, .F. ) ;
#701 = CIRCLE ( 'NONE', #5863, 1.000000000000000888 ) ;
#702 = AXIS2_PLACEMENT_3D ( 'NONE', #4852, #4662, #214 ) ;
#703 = LINE ( 'NONE', #4472, #7759 ) ;
#704 = CARTESIAN_POINT ( 'NONE',  ( 202.7088403719586722, 7.500000000000000000, 5.000000000000026645 ) ) ;
#705 = DIRECTION ( 'NONE',  ( 0.02840083911570142824, -0.9995966148089558967, 0.000000000000000000 ) ) ;
#706 = CYLINDRICAL_SURFACE ( 'NONE', #5354, 1.000000000000000888 ) ;
#707 = ORIENTED_EDGE ( 'NONE', *, *, #134, .T. ) ;
#708 = EDGE_CURVE ( 'NONE', #4411, #3067, #7935, .T. ) ;
#709 = EDGE_LOOP ( 'NONE', ( #1669, #1002 ) ) ;
#710 = ADVANCED_FACE ( 'NONE', ( #6918 ), #3153, .T. ) ;
#711 = CIRCLE ( 'NONE', #6182, 0.9999999999999998890 ) ;
#712 = EDGE_LOOP ( 'NONE', ( #7808, #6297, #6740, #3102 ) ) ;
#713 = ORIENTED_EDGE ( 'NONE', *, *, #8304, .F. ) ;
#714 = DIRECTION ( 'NONE',  ( 0.000000000000000000, 0.000000000000000000, -1.000000000000000000 ) ) ;
#715 = TOROIDAL_SURFACE ( 'NONE', #409, 1.999999999999997780, 1.000000000000000000 ) ;
#716 = FACE_OUTER_BOUND ( 'NONE', #6997, .T. ) ;
#717 = DIRECTION ( 'NONE',  ( -0.000000000000000000, -0.000000000000000000, 1.000000000000000000 ) ) ;
#718 = DIRECTION ( 'NONE',  ( 0.02840083911569927372, -0.9995966148089558967, 0.000000000000000000 ) ) ;
#719 = DIRECTION ( 'NONE',  ( -0.000000000000000000, -0.000000000000000000, -1.000000000000000000 ) ) ;
#720 = DIRECTION ( 'NONE',  ( 0.000000000000000000, 0.000000000000000000, 1.000000000000000000 ) ) ;
#721 = TOROIDAL_SURFACE ( 'NONE', #3219, 22.00000000000000355, 1.000000000000000000 ) ;
#722 = DIRECTION ( 'NONE',  ( 1.000000000000000000, 0.000000000000000000, 0.000000000000000000 ) ) ;
#723 = EDGE_LOOP ( 'NONE', ( #4430, #4104, #3434, #8137, #1117, #9375 ) ) ;
#724 = EDGE_CURVE ( 'NONE', #5123, #6283, #6828, .T. ) ;
#725 = AXIS2_PLACEMENT_3D ( 'NONE', #6701, #6167, #8267 ) ;
#726 = AXIS2_PLACEMENT_3D ( 'NONE', #2155, #122, #6751 ) ;
#727 = DIRECTION ( 'NONE',  ( 0.9995966148089557857, 0.02840083911570534872, -0.000000000000000000 ) ) ;
#728 = ORIENTED_EDGE ( 'NONE', *, *, #3750, .T. ) ;
#729 = VERTEX_POINT ( 'NONE', #864 ) ;
#730 = TOROIDAL_SURFACE ( 'NONE', #8224, 10.00000000000000888, 1.000000000000000000 ) ;
#731 = DIRECTION ( 'NONE',  ( 0.000000000000000000, 0.000000000000000000, 1.000000000000000000 ) ) ;
#732 = AXIS2_PLACEMENT_3D ( 'NONE', #7443, #2393, #5301 ) ;
#733 = DIRECTION ( 'NONE',  ( -0.000000000000000000, 1.000000000000000000, -0.000000000000000000 ) ) ;
#734 = CARTESIAN_POINT ( 'NONE',  ( 161.3742014745560880, 6.210076129702891023, 12.49999999999999822 ) ) ;
#735 = VECTOR ( 'NONE', #7060, 1000.000000000000000 ) ;
#736 = DIRECTION ( 'NONE',  ( 1.000000000000000000, 1.776356839400254015E-15, 0.000000000000000000 ) ) ;
#737 = CARTESIAN_POINT ( 'NONE',  ( 194.4860312251130949, 21.00000000000000000, 5.000000000000026645 ) ) ;
#738 = EDGE_CURVE ( 'NONE', #8584, #2159, #9186, .T. ) ;
#739 = FACE_OUTER_BOUND ( 'NONE', #1003, .T. ) ;
#740 = CARTESIAN_POINT ( 'NONE',  ( 217.9285927008110662, 21.00000000000000000, 5.000000000000026645 ) ) ;
#741 = ORIENTED_EDGE ( 'NONE', *, *, #1855, .F. ) ;
#742 = VECTOR ( 'NONE', #7130, 1000.000000000000000 ) ;
#743 = CARTESIAN_POINT ( 'NONE',  ( 101.8528180118699566, -11.48752005418247180, 13.50000000000000000 ) ) ;
#744 = CARTESIAN_POINT ( 'NONE',  ( 125.3319216632022517, 7.186839151155558270, 12.49999999999999822 ) ) ;
#745 = CARTESIAN_POINT ( 'NONE',  ( 224.4860312251131234, 20.82391286593089674, 7.000000000000026645 ) ) ;
#746 = B_SPLINE_CURVE_WITH_KNOTS ( 'NONE', 3,
 ( #3474, #1279, #7241, #2738, #8758, #3521, #6458, #2051, #1325, #2694 ),
 .UNSPECIFIED., .F., .F.,
 ( 4, 2, 2, 2, 4 ),
 ( 0.001615841772618462286, 0.002032029510960035867, 0.002448217249301609232, 0.002864404987643182597, 0.003280592725984755528 ),
 .UNSPECIFIED. ) ;
#747 = DIRECTION ( 'NONE',  ( 0.000000000000000000, 0.000000000000000000, 1.000000000000000000 ) ) ;
#748 = PLANE ( 'NONE',  #4884 ) ;
#749 = VERTEX_POINT ( 'NONE', #960 ) ;
#750 = ORIENTED_EDGE ( 'NONE', *, *, #9624, .T. ) ;
#751 = ORIENTED_EDGE ( 'NONE', *, *, #5649, .T. ) ;
#752 = DIRECTION ( 'NONE',  ( -0.000000000000000000, -0.000000000000000000, -1.000000000000000000 ) ) ;
#753 = DIRECTION ( 'NONE',  ( 1.000000000000000000, 0.000000000000000000, 0.000000000000000000 ) ) ;
#754 = DIRECTION ( 'NONE',  ( 1.000000000000000000, 0.000000000000000000, 0.000000000000000000 ) ) ;
#755 = CARTESIAN_POINT ( 'NONE',  ( 190.7360312251131234, -6.499999999999999112, -13.50000000000000355 ) ) ;
#756 = ORIENTED_EDGE ( 'NONE', *, *, #7589, .F. ) ;
#757 = ORIENTED_EDGE ( 'NONE', *, *, #7050, .T. ) ;
#758 = ORIENTED_EDGE ( 'NONE', *, *, #1441, .F. ) ;
#759 = ORIENTED_EDGE ( 'NONE', *, *, #4971, .F. ) ;
#760 = DIRECTION ( 'NONE',  ( 0.9995966148089561187, 0.02840083911569146399, -0.000000000000000000 ) ) ;
#761 = EDGE_CURVE ( 'NONE', #1993, #9640, #5378, .T. ) ;
#762 = CARTESIAN_POINT ( 'NONE',  ( 208.7669749860708350, -18.20391478592103240, 5.000000000000026645 ) ) ;
#763 = EDGE_CURVE ( 'NONE', #7333, #7520, #3248, .T. ) ;
#764 = CARTESIAN_POINT ( 'NONE',  ( 183.7360312251131234, -7.500000000000000000, 5.000000000000026645 ) ) ;
#765 = CARTESIAN_POINT ( 'NONE',  ( 198.8089500046940543, -7.500000000000000000, 11.63588332281813109 ) ) ;
#766 = CARTESIAN_POINT ( 'NONE',  ( 0.000000000000000000, 0.000000000000000000, 11.50000000000000000 ) ) ;
#767 = CARTESIAN_POINT ( 'NONE',  ( 162.3742014745560880, 6.210076129702891023, 10.49999999999999645 ) ) ;
#768 = DIRECTION ( 'NONE',  ( -1.000000000000000000, 0.000000000000000000, 0.000000000000000000 ) ) ;
#769 = ORIENTED_EDGE ( 'NONE', *, *, #823, .T. ) ;
#771 = EDGE_CURVE ( 'NONE', #2308, #4411, #5603, .T. ) ;
#770 = DIRECTION ( 'NONE',  ( 1.000000000000000000, 0.000000000000000000, 0.000000000000000000 ) ) ;
#772 = ORIENTED_EDGE ( 'NONE', *, *, #4779, .T. ) ;
#773 = ORIENTED_EDGE ( 'NONE', *, *, #4240, .F. ) ;
#774 = CIRCLE ( 'NONE', #4070, 1.000000000000000888 ) ;
#775 = EDGE_CURVE ( 'NONE', #7412, #7995, #3108, .T. ) ;
#776 = EDGE_CURVE ( 'NONE', #8202, #4445, #1287, .T. ) ;
#777 = CARTESIAN_POINT ( 'NONE',  ( 183.8860312251131290, -11.10660171779823813, 13.50000000000000000 ) ) ;
#778 = CARTESIAN_POINT ( 'NONE',  ( 55.67602456598011429, -5.280000000000001137, 13.50000000000000178 ) ) ;
#779 = DIRECTION ( 'NONE',  ( 1.000000000000000000, 0.000000000000000000, 0.000000000000000000 ) ) ;
#780 = FACE_OUTER_BOUND ( 'NONE', #1068, .T. ) ;
#781 = FACE_OUTER_BOUND ( 'NONE', #3001, .T. ) ;
#782 = ORIENTED_EDGE ( 'NONE', *, *, #6402, .F. ) ;
#783 = FACE_OUTER_BOUND ( 'NONE', #8334, .T. ) ;
#784 = CARTESIAN_POINT ( 'NONE',  ( 153.3774285560844248, 5.982869416777328198, 13.50000000000000000 ) ) ;
#785 = ORIENTED_EDGE ( 'NONE', *, *, #1729, .F. ) ;
#786 = CARTESIAN_POINT ( 'NONE',  ( 72.41050614175007638, 3.654000609289787871, 10.49999999999999645 ) ) ;
#787 = CIRCLE ( 'NONE', #7801, 1.000000000000000000 ) ;
#788 = AXIS2_PLACEMENT_3D ( 'NONE', #159, #3022, #3667 ) ;
#789 = DIRECTION ( 'NONE',  ( 0.000000000000000000, 0.000000000000000000, 1.000000000000000000 ) ) ;
#790 = ADVANCED_FACE ( 'NONE', ( #7556 ), #5365, .F. ) ;
#791 = LINE ( 'NONE', #120, #3481 ) ;
#792 = CARTESIAN_POINT ( 'NONE',  ( 17.02499999999999858, 0.000000000000000000, -13.50000000000000178 ) ) ;
#793 = PLANE ( 'NONE',  #4697 ) ;
#794 = CARTESIAN_POINT ( 'NONE',  ( 101.9096196901013656, -13.48671328380038226, 13.50000000000000000 ) ) ;
#795 = VERTEX_POINT ( 'NONE', #6451 ) ;
#796 = AXIS2_PLACEMENT_3D ( 'NONE', #5066, #6435, #4242 ) ;
#797 = VERTEX_POINT ( 'NONE', #4896 ) ;
#798 = ORIENTED_EDGE ( 'NONE', *, *, #9495, .F. ) ;
#799 = DIRECTION ( 'NONE',  ( 1.000000000000000000, 0.000000000000000000, 0.000000000000000000 ) ) ;
#800 = AXIS2_PLACEMENT_3D ( 'NONE', #7127, #5761, #4200 ) ;
#801 = DIRECTION ( 'NONE',  ( -0.02840083911570534872, 0.9995966148089557857, 0.000000000000000000 ) ) ;
#802 = DIRECTION ( 'NONE',  ( -0.9995966148089552306, -0.02840083911572471170, 0.000000000000000000 ) ) ;
#803 = FACE_OUTER_BOUND ( 'NONE', #3253, .T. ) ;
#804 = EDGE_LOOP ( 'NONE', ( #2289, #1559, #2862, #3734 ) ) ;
#805 = ORIENTED_EDGE ( 'NONE', *, *, #5031, .F. ) ;
#806 = AXIS2_PLACEMENT_3D ( 'NONE', #7879, #1232, #4217 ) ;
#807 = VERTEX_POINT ( 'NONE', #5590 ) ;
#808 = ORIENTED_EDGE ( 'NONE', *, *, #8422, .F. ) ;
#809 = CARTESIAN_POINT ( 'NONE',  ( 216.0294295073142905, -10.60660171779819372, -11.50000000000000000 ) ) ;
#810 = LINE ( 'NONE', #7419, #2432 ) ;
#811 = CARTESIAN_POINT ( 'NONE',  ( 24.57410623435835362, 15.65173315553008315, 13.50000000000000000 ) ) ;
#812 = AXIS2_PLACEMENT_3D ( 'NONE', #6671, #9552, #5164 ) ;
#813 = DIRECTION ( 'NONE',  ( -1.000000000000000000, 0.000000000000000000, 0.000000000000000000 ) ) ;
#814 = AXIS2_PLACEMENT_3D ( 'NONE', #4830, #6392, #7128 ) ;
#815 = CARTESIAN_POINT ( 'NONE',  ( 102.8524146266789216, -11.45911921506676556, 10.49999999999999645 ) ) ;
#816 = CARTESIAN_POINT ( 'NONE',  ( 161.8286149004072740, -9.783469707240403324, -13.50000000000000355 ) ) ;
#817 = CARTESIAN_POINT ( 'NONE',  ( 182.4860312251131234, 11.10660171779823813, -13.50000000000000000 ) ) ;
#818 = ORIENTED_EDGE ( 'NONE', *, *, #68, .F. ) ;
#819 = FACE_OUTER_BOUND ( 'NONE', #4233, .T. ) ;
#820 = ORIENTED_EDGE ( 'NONE', *, *, #3889, .T. ) ;
#821 = ORIENTED_EDGE ( 'NONE', *, *, #6922, .T. ) ;
#822 = VERTEX_POINT ( 'NONE', #7934 ) ;
#823 = EDGE_CURVE ( 'NONE', #1058, #3442, #7876, .T. ) ;
#824 = TOROIDAL_SURFACE ( 'NONE', #3635, 1.999999999999997780, 1.000000000000000000 ) ;
#825 = EDGE_CURVE ( 'NONE', #8995, #5617, #3512, .T. ) ;
#826 = FACE_OUTER_BOUND ( 'NONE', #7181, .T. ) ;
#827 = ADVANCED_FACE ( 'NONE', ( #447 ), #532, .F. ) ;
#828 = DIRECTION ( 'NONE',  ( 0.000000000000000000, 0.000000000000000000, -1.000000000000000000 ) ) ;
#829 = DIRECTION ( 'NONE',  ( -0.000000000000000000, -0.000000000000000000, 1.000000000000000000 ) ) ;
#830 = DIRECTION ( 'NONE',  ( -0.000000000000000000, -0.000000000000000000, 1.000000000000000000 ) ) ;
#831 = ORIENTED_EDGE ( 'NONE', *, *, #321, .T. ) ;
#832 = DIRECTION ( 'NONE',  ( -0.000000000000000000, -0.000000000000000000, 1.000000000000000000 ) ) ;
#833 = LINE ( 'NONE', #6599, #1196 ) ;
#834 = EDGE_LOOP ( 'NONE', ( #4390, #3142, #6540, #129 ) ) ;
#835 = EDGE_CURVE ( 'NONE', #3658, #5351, #2005, .T. ) ;
#836 = EDGE_CURVE ( 'NONE', #5617, #263, #8249, .T. ) ;
#837 = CARTESIAN_POINT ( 'NONE',  ( 155.3482209465866219, 7.039267709817637275, 12.49999999999999822 ) ) ;
#838 = CARTESIAN_POINT ( 'NONE',  ( 217.5789914756525718, 19.83337182322933145, 7.000000000000027534 ) ) ;
#839 = DIRECTION ( 'NONE',  ( -0.000000000000000000, -0.000000000000000000, 1.000000000000000000 ) ) ;
#840 = CARTESIAN_POINT ( 'NONE',  ( -17.02499999999999858, 2.084961175548368816E-15, 12.50000000000000000 ) ) ;
#841 = CARTESIAN_POINT ( 'NONE',  ( 71.89332040671700952, -13.33914184246247459, -13.50000000000000000 ) ) ;
#842 = DIRECTION ( 'NONE',  ( -0.000000000000000000, -0.000000000000000000, -1.000000000000000000 ) ) ;
#843 = ORIENTED_EDGE ( 'NONE', *, *, #6757, .T. ) ;
#844 = ORIENTED_EDGE ( 'NONE', *, *, #3730, .T. ) ;
#845 = ADVANCED_FACE ( 'NONE', ( #4214 ), #589, .F. ) ;
#846 = VECTOR ( 'NONE', #6255, 1000.000000000000114 ) ;
#847 = CIRCLE ( 'NONE', #4136, 1.000000000000000888 ) ;
#848 = CARTESIAN_POINT ( 'NONE',  ( 211.7294295073149044, 10.60660171779823457, -11.50000000000000000 ) ) ;
#849 = FACE_OUTER_BOUND ( 'NONE', #5179, .T. ) ;
#850 = DIRECTION ( 'NONE',  ( 0.9995966148089560077, 0.02840083911570136233, -0.000000000000000000 ) ) ;
#851 = CIRCLE ( 'NONE', #4761, 1.000000000000000888 ) ;
#852 = CIRCLE ( 'NONE', #5542, 0.9999999999999991118 ) ;
#853 = AXIS2_PLACEMENT_3D ( 'NONE', #2422, #8490, #6146 ) ;
#854 = CYLINDRICAL_SURFACE ( 'NONE', #4963, 1.000000000000003109 ) ;
#855 = FACE_OUTER_BOUND ( 'NONE', #420, .T. ) ;
#856 = ORIENTED_EDGE ( 'NONE', *, *, #8672, .T. ) ;
#857 = EDGE_LOOP ( 'NONE', ( #7480, #3092, #3907, #2413 ) ) ;
#858 = EDGE_CURVE ( 'NONE', #3874, #8967, #459, .T. ) ;
#859 = EDGE_CURVE ( 'NONE', #7685, #2630, #3423, .T. ) ;
#860 = ORIENTED_EDGE ( 'NONE', *, *, #4304, .F. ) ;
#861 = ORIENTED_EDGE ( 'NONE', *, *, #7292, .T. ) ;
#862 = AXIS2_PLACEMENT_3D ( 'NONE', #8387, #4074, #909 ) ;
#864 = CARTESIAN_POINT ( 'NONE',  ( 22.62602456598014911, -5.279999999999999361, 12.50000000000000000 ) ) ;
#863 = CIRCLE ( 'NONE', #1485, 1.000000000000000000 ) ;
#865 = DIRECTION ( 'NONE',  ( 0.000000000000000000, 0.000000000000000000, 1.000000000000000000 ) ) ;
#866 = CARTESIAN_POINT ( 'NONE',  ( 217.2490678464132827, -19.71382491666211934, 6.799830060763270900 ) ) ;
#867 = DIRECTION ( 'NONE',  ( 0.000000000000000000, 0.000000000000000000, 1.000000000000000000 ) ) ;
#868 = FACE_OUTER_BOUND ( 'NONE', #8275, .T. ) ;
#869 = VECTOR ( 'NONE', #5777, 1000.000000000000000 ) ;
#870 = FACE_OUTER_BOUND ( 'NONE', #2112, .T. ) ;
#871 = DIRECTION ( 'NONE',  ( 1.000000000000000000, 0.000000000000000000, 0.000000000000000000 ) ) ;
#872 = ORIENTED_EDGE ( 'NONE', *, *, #7120, .T. ) ;
#873 = LINE ( 'NONE', #7624, #1527 ) ;
#874 = EDGE_LOOP ( 'NONE', ( #7268, #5213 ) ) ;
#875 = EDGE_LOOP ( 'NONE', ( #6064, #5289, #7643, #2365 ) ) ;
#876 = ORIENTED_EDGE ( 'NONE', *, *, #2740, .F. ) ;
#877 = EDGE_CURVE ( 'NONE', #322, #3847, #7260, .T. ) ;
#878 = VECTOR ( 'NONE', #524, 1000.000000000000000 ) ;
#879 = DIRECTION ( 'NONE',  ( -0.9995966148089557857, -0.02840083911570120273, -0.000000000000000000 ) ) ;
#880 = AXIS2_PLACEMENT_3D ( 'NONE', #5538, #992, #5491 ) ;
#881 = CARTESIAN_POINT ( 'NONE',  ( 162.3884894193025445, 5.721400567916614222, 10.98981470169873553 ) ) ;
#882 = TOROIDAL_SURFACE ( 'NONE', #9603, 8.000000000000010658, 1.000000000000000000 ) ;
#883 = DIRECTION ( 'NONE',  ( -1.000000000000000000, 0.000000000000000000, 0.000000000000000000 ) ) ;
#884 = DIRECTION ( 'NONE',  ( 0.9995966148089557857, 0.02840083911570171621, 0.000000000000000000 ) ) ;
#885 = ORIENTED_EDGE ( 'NONE', *, *, #8305, .F. ) ;
#886 = DIRECTION ( 'NONE',  ( 1.000000000000000000, 0.000000000000000000, 0.000000000000000000 ) ) ;
#887 = VECTOR ( 'NONE', #3642, 1000.000000000000000 ) ;
#888 = CARTESIAN_POINT ( 'NONE',  ( 209.4860312251131234, 0.000000000000000000, 13.50000000000000000 ) ) ;
#889 = ORIENTED_EDGE ( 'NONE', *, *, #9429, .F. ) ;
#890 = EDGE_CURVE ( 'NONE', #9185, #5895, #5634, .T. ) ;
#891 = DIRECTION ( 'NONE',  ( -0.9995966148089557857, -0.02840083911570142478, 0.000000000000000000 ) ) ;
#892 = CIRCLE ( 'NONE', #6815, 313.0758497737028279 ) ;
#893 = AXIS2_PLACEMENT_3D ( 'NONE', #3043, #7696, #2990 ) ;
#894 = VECTOR ( 'NONE', #5546, 1000.000000000000000 ) ;
#895 = DIRECTION ( 'NONE',  ( -0.000000000000000000, -0.000000000000000000, -1.000000000000000000 ) ) ;
#896 = DIRECTION ( 'NONE',  ( 0.000000000000000000, 0.000000000000000000, 1.000000000000000000 ) ) ;
#897 = CIRCLE ( 'NONE', #5433, 20.99999999999998934 ) ;
#898 = ADVANCED_FACE ( 'NONE', ( #8567 ), #6944, .T. ) ;
#899 = EDGE_CURVE ( 'NONE', #6784, #8440, #2687, .T. ) ;
#900 = DIRECTION ( 'NONE',  ( -0.000000000000000000, -0.000000000000000000, -1.000000000000000000 ) ) ;
#901 = CARTESIAN_POINT ( 'NONE',  ( 205.6427687439546048, 18.98667846323213482, 11.12864468912638571 ) ) ;
#902 = AXIS2_PLACEMENT_3D ( 'NONE', #6394, #379, #1848 ) ;
#903 = CARTESIAN_POINT ( 'NONE',  ( 171.7360312251131234, -7.500000000000000000, 5.000000000000026645 ) ) ;
#904 = EDGE_LOOP ( 'NONE', ( #3659, #631, #8731, #8325, #4720, #9216 ) ) ;
#905 = VERTEX_POINT ( 'NONE', #2439 ) ;
#906 = EDGE_CURVE ( 'NONE', #5461, #3002, #7727, .T. ) ;
#907 = VERTEX_POINT ( 'NONE', #9238 ) ;
#908 = DIRECTION ( 'NONE',  ( 1.000000000000000000, 0.000000000000000000, 0.000000000000000000 ) ) ;
#909 = DIRECTION ( 'NONE',  ( -0.9995966148089557857, -0.02840083911570171274, 0.000000000000000000 ) ) ;
#910 = ADVANCED_FACE ( 'NONE', ( #1712 ), #1026, .F. ) ;
#911 = DIRECTION ( 'NONE',  ( -0.02840083911572471517, 0.9995966148089552306, 2.679863735086439358E-14 ) ) ;
#912 = VERTEX_POINT ( 'NONE', #5438 ) ;
#913 = VERTEX_POINT ( 'NONE', #3813 ) ;
#914 = ORIENTED_EDGE ( 'NONE', *, *, #3889, .F. ) ;
#915 = ORIENTED_EDGE ( 'NONE', *, *, #2940, .T. ) ;
#916 = CARTESIAN_POINT ( 'NONE',  ( 206.5813755389492599, -18.87294088352911459, 9.212119619364321110 ) ) ;
#917 = CARTESIAN_POINT ( 'NONE',  ( 205.3468987081816124, -16.17610265573251382, 10.68488554868988594 ) ) ;
#918 = FACE_OUTER_BOUND ( 'NONE', #6664, .T. ) ;
#919 = ADVANCED_FACE ( 'NONE', ( #5339 ), #7681, .F. ) ;
#920 = FACE_OUTER_BOUND ( 'NONE', #8103, .T. ) ;
#921 = DIRECTION ( 'NONE',  ( 1.000000000000000000, 0.000000000000000000, 0.000000000000000000 ) ) ;
#922 = CARTESIAN_POINT ( 'NONE',  ( 132.8334599787370678, -10.36589244375951679, 10.74129772764912438 ) ) ;
#923 = CARTESIAN_POINT ( 'NONE',  ( 71.38210530263437192, 4.653597224098742657, -13.50000000000000355 ) ) ;
#924 = VERTEX_POINT ( 'NONE', #3269 ) ;
#925 = LINE ( 'NONE', #3210, #1831 ) ;
#926 = ORIENTED_EDGE ( 'NONE', *, *, #2188, .F. ) ;
#927 = ORIENTED_EDGE ( 'NONE', *, *, #2188, .T. ) ;
#928 = ORIENTED_EDGE ( 'NONE', *, *, #2553, .F. ) ;
#929 = CARTESIAN_POINT ( 'NONE',  ( 155.8026343724378648, -8.954278127125656184, -13.50000000000000355 ) ) ;
#930 = DIRECTION ( 'NONE',  ( 0.000000000000000000, 0.000000000000000000, 1.000000000000000000 ) ) ;
#931 = CARTESIAN_POINT ( 'NONE',  ( 204.6683361236975145, 16.21098311032121586, 12.21539870088302848 ) ) ;
#932 = CARTESIAN_POINT ( 'NONE',  ( 167.7360312251131518, 3.999999999999996447, 5.000000000000026645 ) ) ;
#933 = ORIENTED_EDGE ( 'NONE', *, *, #8950, .F. ) ;
#934 = CARTESIAN_POINT ( 'NONE',  ( 23.53903642683990327, 19.99999999999999645, 12.50000000000000000 ) ) ;
#935 = DIRECTION ( 'NONE',  ( -1.000000000000000000, 0.000000000000000000, 0.000000000000000000 ) ) ;
#936 = ORIENTED_EDGE ( 'NONE', *, *, #4557, .F. ) ;
#937 = CARTESIAN_POINT ( 'NONE',  ( 94.44073791734996348, 2.916637847927974203, 11.46710643075642011 ) ) ;
#938 = CARTESIAN_POINT ( 'NONE',  ( 124.7943484561498906, -9.102948630598406865, 11.50000000000000000 ) ) ;
#939 = FACE_OUTER_BOUND ( 'NONE', #7007, .T. ) ;
#940 = CIRCLE ( 'NONE', #2803, 1.000000000000003109 ) ;
#941 = CARTESIAN_POINT ( 'NONE',  ( 162.3746050225325632, 6.210076129698360425, 10.52840656793766883 ) ) ;
#942 = CARTESIAN_POINT ( 'NONE',  ( 238.9389729949565435, 1.288692086115993618, 7.000000000000026645 ) ) ;
#943 = EDGE_LOOP ( 'NONE', ( #609, #6397, #7343, #7703 ) ) ;
#944 = VERTEX_POINT ( 'NONE', #8415 ) ;
#945 = ORIENTED_EDGE ( 'NONE', *, *, #2096, .T. ) ;
#946 = ADVANCED_FACE ( 'NONE', ( #5482 ), #8310, .T. ) ;
#947 = VECTOR ( 'NONE', #8272, 1000.000000000000227 ) ;
#948 = DIRECTION ( 'NONE',  ( -0.000000000000000000, -0.000000000000000000, -1.000000000000000000 ) ) ;
#949 = CARTESIAN_POINT ( 'NONE',  ( 23.53903642683990327, 56.10093993430693615, -13.50000000000000000 ) ) ;
#950 = LINE ( 'NONE', #6134, #8819 ) ;
#951 = VECTOR ( 'NONE', #7782, 1000.000000000000000 ) ;
#952 = DIRECTION ( 'NONE',  ( 0.000000000000000000, 0.000000000000000000, 1.000000000000000000 ) ) ;
#953 = CARTESIAN_POINT ( 'NONE',  ( 165.7360312251131234, 3.500000000000000000, 11.50000000000000000 ) ) ;
#954 = VERTEX_POINT ( 'NONE', #2534 ) ;
#955 = ORIENTED_EDGE ( 'NONE', *, *, #1673, .F. ) ;
#956 = VERTEX_POINT ( 'NONE', #8460 ) ;
#957 = VERTEX_POINT ( 'NONE', #2389 ) ;
#958 = EDGE_CURVE ( 'NONE', #6047, #2035, #4599, .T. ) ;
#959 = ADVANCED_FACE ( 'NONE', ( #9191 ), #3079, .F. ) ;
#960 = CARTESIAN_POINT ( 'NONE',  ( 194.4860312251130949, -21.00000000000000000, 12.50000000000000178 ) ) ;
#961 = AXIS2_PLACEMENT_3D ( 'NONE', #4889, #7872, #7145 ) ;
#962 = LINE ( 'NONE', #7710, #2596 ) ;
#963 = DIRECTION ( 'NONE',  ( 1.000000000000000000, 0.000000000000000000, 0.000000000000000000 ) ) ;
#964 = CARTESIAN_POINT ( 'NONE',  ( 54.67602456598011429, -5.280000000000001137, 12.50000000000000000 ) ) ;
#965 = DIRECTION ( 'NONE',  ( -0.000000000000000000, -0.000000000000000000, 1.000000000000000000 ) ) ;
#966 = AXIS2_PLACEMENT_3D ( 'NONE', #8614, #1277, #1181 ) ;
#967 = CARTESIAN_POINT ( 'NONE',  ( 22.62602456598014911, -5.280000000000002913, -6.500000000000000000 ) ) ;
#968 = CARTESIAN_POINT ( 'NONE',  ( 162.3737980893650956, 6.238476968818615909, 12.50000000000000000 ) ) ;
#969 = ORIENTED_EDGE ( 'NONE', *, *, #6274, .T. ) ;
#970 = LINE ( 'NONE', #2525, #3869 ) ;
#971 = VERTEX_POINT ( 'NONE', #3873 ) ;
#972 = ORIENTED_EDGE ( 'NONE', *, *, #1008, .F. ) ;
#973 = ORIENTED_EDGE ( 'NONE', *, *, #2979, .F. ) ;
#974 = EDGE_CURVE ( 'NONE', #3413, #1356, #852, .T. ) ;
#975 = CIRCLE ( 'NONE', #6742, 20.99999999999998934 ) ;
#976 = CARTESIAN_POINT ( 'NONE',  ( 133.8407164561386651, -10.63549488071143578, 13.49999999999999822 ) ) ;
#977 = LINE ( 'NONE', #3964, #1195 ) ;
#978 = FACE_OUTER_BOUND ( 'NONE', #7054, .T. ) ;
#979 = DIRECTION ( 'NONE',  ( -0.9995966148089557857, -0.02840083911570142478, 0.000000000000000000 ) ) ;
#980 = ORIENTED_EDGE ( 'NONE', *, *, #7105, .F. ) ;
#981 = CARTESIAN_POINT ( 'NONE',  ( 0.000000000000000000, 0.000000000000000000, -5.500000000000000000 ) ) ;
#982 = VECTOR ( 'NONE', #8462, 1000.000000000000000 ) ;
#983 = CARTESIAN_POINT ( 'NONE',  ( 155.8310352115535693, -9.953874741934612302, 10.49999999999999645 ) ) ;
#984 = VERTEX_POINT ( 'NONE', #251 ) ;
#985 = EDGE_CURVE ( 'NONE', #1536, #5718, #3224, .T. ) ;
#986 = ADVANCED_FACE ( 'NONE', ( #6994 ), #8360, .F. ) ;
#987 = CARTESIAN_POINT ( 'NONE',  ( 124.8435401524758674, -10.83430075452132968, 12.50000000000000000 ) ) ;
#988 = LINE ( 'NONE', #4807, #5659 ) ;
#989 = AXIS2_PLACEMENT_3D ( 'NONE', #745, #3775, #3825 ) ;
#990 = DIRECTION ( 'NONE',  ( -1.000000000000000000, 0.000000000000000000, 0.000000000000000000 ) ) ;
#991 = CARTESIAN_POINT ( 'NONE',  ( 171.5148871558663473, -7.494178724590234708, 3.153629116367458352 ) ) ;
#992 = DIRECTION ( 'NONE',  ( -0.000000000000000000, 1.000000000000000000, 0.000000000000000000 ) ) ;
#993 = VERTEX_POINT ( 'NONE', #932 ) ;
#994 = ORIENTED_EDGE ( 'NONE', *, *, #2083, .F. ) ;
#995 = DIRECTION ( 'NONE',  ( -0.9995966148089557857, -0.02840083911570164682, -0.000000000000000000 ) ) ;
#996 = DIRECTION ( 'NONE',  ( 1.000000000000000000, 0.000000000000000000, 0.000000000000000000 ) ) ;
#997 = EDGE_CURVE ( 'NONE', #7520, #1737, #596, .T. ) ;
#998 = LINE ( 'NONE', #1776, #6665 ) ;
#999 = CARTESIAN_POINT ( 'NONE',  ( 216.0294295073149158, 10.60660171779823457, 5.000000000000026645 ) ) ;
#1000 = ORIENTED_EDGE ( 'NONE', *, *, #2256, .F. ) ;
#1001 = ORIENTED_EDGE ( 'NONE', *, *, #2251, .F. ) ;
#1002 = ORIENTED_EDGE ( 'NONE', *, *, #244, .T. ) ;
#1003 = EDGE_LOOP ( 'NONE', ( #1066, #3251, #6138, #2457 ) ) ;
#1004 = CIRCLE ( 'NONE', #1778, 2.150000000000012790 ) ;
#1005 = CARTESIAN_POINT ( 'NONE',  ( 0.000000000000000000, 0.000000000000000000, 2.499999999999999556 ) ) ;
#1006 = DIRECTION ( 'NONE',  ( -1.000000000000000000, 0.000000000000000000, 0.000000000000000000 ) ) ;
#1007 = DIRECTION ( 'NONE',  ( -0.000000000000000000, -0.000000000000000000, 1.000000000000000000 ) ) ;
#1008 = EDGE_CURVE ( 'NONE', #7546, #1939, #5072, .T. ) ;
#1009 = EDGE_CURVE ( 'NONE', #7671, #5642, #9585, .T. ) ;
#1010 = CARTESIAN_POINT ( 'NONE',  ( 124.3959798188330552, 4.918043484661198228, 10.74129772772460178 ) ) ;
#1011 = CARTESIAN_POINT ( 'NONE',  ( 199.9616345565689244, 7.500000000000000000, 8.257165788677175655 ) ) ;
#1012 = CARTESIAN_POINT ( 'NONE',  ( 206.4449023013457065, 16.11703464694751631, 8.257165788677191642 ) ) ;
#1013 = VERTEX_POINT ( 'NONE', #8653 ) ;
#1014 = CONICAL_SURFACE ( 'NONE', #1947, 26.74999999999999645, 0.3671738338182121142 ) ;
#1015 = AXIS2_PLACEMENT_3D ( 'NONE', #7811, #6343, #2765 ) ;
#1016 = CARTESIAN_POINT ( 'NONE',  ( 94.82538278655752606, -10.62133219574514520, 11.35151493817992296 ) ) ;
#1017 = ORIENTED_EDGE ( 'NONE', *, *, #644, .T. ) ;
#1018 = VERTEX_POINT ( 'NONE', #4164 ) ;
#1019 = ORIENTED_EDGE ( 'NONE', *, *, #644, .F. ) ;
#1020 = CARTESIAN_POINT ( 'NONE',  ( 202.5899439703525786, 20.89096226338921625, 12.97020691537717063 ) ) ;
#1021 = AXIS2_PLACEMENT_3D ( 'NONE', #2233, #2294, #4504 ) ;
#1022 = AXIS2_PLACEMENT_3D ( 'NONE', #8686, #1990, #6526 ) ;
#1023 = EDGE_CURVE ( 'NONE', #4502, #8782, #9288, .T. ) ;
#1024 = DIRECTION ( 'NONE',  ( 1.000000000000000000, 0.000000000000000000, 0.000000000000000000 ) ) ;
#1025 = DIRECTION ( 'NONE',  ( -1.000000000000000000, -0.000000000000000000, -0.000000000000000000 ) ) ;
#1026 = CYLINDRICAL_SURFACE ( 'NONE', #5854, 1.000000000000000888 ) ;
#1027 = EDGE_LOOP ( 'NONE', ( #8230, #7610 ) ) ;
#1028 = LINE ( 'NONE', #9194, #4948 ) ;
#1029 = ORIENTED_EDGE ( 'NONE', *, *, #6108, .T. ) ;
#1030 = AXIS2_PLACEMENT_3D ( 'NONE', #5397, #3236, #5595 ) ;
#1031 = CARTESIAN_POINT ( 'NONE',  ( 72.41428867903537991, 3.535073620515211346, 10.64730955306682958 ) ) ;
#1032 = EDGE_CURVE ( 'NONE', #3412, #5727, #2589, .T. ) ;
#1033 = CIRCLE ( 'NONE', #6031, 1.000000000000000666 ) ;
#1034 = DIRECTION ( 'NONE',  ( -0.000000000000000000, -0.000000000000000000, 1.000000000000000000 ) ) ;
#1035 = VECTOR ( 'NONE', #5032, 1000.000000000000000 ) ;
#1036 = ADVANCED_FACE ( 'NONE', ( #4841 ), #393, .F. ) ;
#1037 = DIRECTION ( 'NONE',  ( -0.02840083911569927372, 0.9995966148089558967, -0.000000000000000000 ) ) ;
#1038 = VECTOR ( 'NONE', #2636, 1000.000000000000227 ) ;
#1039 = ORIENTED_EDGE ( 'NONE', *, *, #422, .T. ) ;
#1040 = CARTESIAN_POINT ( 'NONE',  ( 95.42922573628068506, 3.336024133257658342, -13.50000000000000355 ) ) ;
#1041 = CARTESIAN_POINT ( 'NONE',  ( 162.7887018802223338, -8.364486807101751964, 11.46710643075642722 ) ) ;
#1042 = EDGE_LOOP ( 'NONE', ( #4908, #915 ) ) ;
#1043 = TOROIDAL_SURFACE ( 'NONE', #5896, 17.02499999999999858, 1.000000000000000000 ) ;
#1044 = ORIENTED_EDGE ( 'NONE', *, *, #9503, .T. ) ;
#1045 = VECTOR ( 'NONE', #9356, 999.9999999999998863 ) ;
#1046 = AXIS2_PLACEMENT_3D ( 'NONE', #5897, #8911, #5204 ) ;
#1047 = DIRECTION ( 'NONE',  ( 1.000000000000000000, 0.000000000000000000, 0.000000000000000000 ) ) ;
#1048 = VECTOR ( 'NONE', #6574, 1000.000000000000000 ) ;
#1049 = DIRECTION ( 'NONE',  ( 1.000000000000000000, 0.000000000000000000, 0.000000000000000000 ) ) ;
#1050 = CARTESIAN_POINT ( 'NONE',  ( 204.5499810527275031, 14.20605444724144384, 8.257165788677188090 ) ) ;
#1051 = AXIS2_PLACEMENT_3D ( 'NONE', #6363, #1903, #7874 ) ;
#1052 = VECTOR ( 'NONE', #9430, 1000.000000000000000 ) ;
#1053 = LINE ( 'NONE', #1925, #735 ) ;
#1054 = DIRECTION ( 'NONE',  ( 0.000000000000000000, 0.000000000000000000, -1.000000000000000000 ) ) ;
#1055 = EDGE_LOOP ( 'NONE', ( #7272, #2465, #3132, #1560 ) ) ;
#1056 = VERTEX_POINT ( 'NONE', #7146 ) ;
#1057 = ORIENTED_EDGE ( 'NONE', *, *, #2930, .T. ) ;
#1058 = VERTEX_POINT ( 'NONE', #5585 ) ;
#1059 = CIRCLE ( 'NONE', #2291, 1.000000000000000888 ) ;
#1060 = CARTESIAN_POINT ( 'NONE',  ( 101.8528180118699566, -11.48752005418247180, 12.49999999999999822 ) ) ;
#1061 = CARTESIAN_POINT ( 'NONE',  ( 23.53903642683990327, -19.99999999999999645, 12.50000000000000000 ) ) ;
#1062 = DIRECTION ( 'NONE',  ( 0.000000000000000000, 0.000000000000000000, -1.000000000000000000 ) ) ;
#1063 = CARTESIAN_POINT ( 'NONE',  ( -25.67890820536242202, -332.0845003547361785, 12.50000000000000178 ) ) ;
#1064 = DIRECTION ( 'NONE',  ( 0.000000000000000000, 0.000000000000000000, -1.000000000000000000 ) ) ;
#1065 = DIRECTION ( 'NONE',  ( 1.000000000000000000, 0.000000000000000000, 0.000000000000000000 ) ) ;
#1066 = ORIENTED_EDGE ( 'NONE', *, *, #2447, .F. ) ;
#1067 = CARTESIAN_POINT ( 'NONE',  ( 239.4860312251130949, 0.000000000000000000, 7.000000000000026645 ) ) ;
#1068 = EDGE_LOOP ( 'NONE', ( #7413, #2535, #153, #2320 ) ) ;
#1069 = VERTEX_POINT ( 'NONE', #9341 ) ;
#1070 = ORIENTED_EDGE ( 'NONE', *, *, #2964, .F. ) ;
#1071 = ADVANCED_FACE ( 'NONE', ( #7038 ), #3350, .T. ) ;
#1072 = EDGE_CURVE ( 'NONE', #2499, #6269, #8039, .T. ) ;
#1073 = CARTESIAN_POINT ( 'NONE',  ( 174.1197565043508177, -7.500000000000001776, 4.754704810505954171 ) ) ;
#1074 = PLANE ( 'NONE',  #2402 ) ;
#1075 = CARTESIAN_POINT ( 'NONE',  ( 162.4001995099440876, 5.309251936790247761, 11.27941984389223329 ) ) ;
#1076 = LINE ( 'NONE', #3916, #3134 ) ;
#1077 = EDGE_CURVE ( 'NONE', #3040, #3412, #6169, .T. ) ;
#1078 = DIRECTION ( 'NONE',  ( -0.000000000000000000, -0.000000000000000000, -1.000000000000000000 ) ) ;
#1079 = ORIENTED_EDGE ( 'NONE', *, *, #7729, .F. ) ;
#1080 = DIRECTION ( 'NONE',  ( 1.000000000000000000, 0.000000000000000000, 0.000000000000000000 ) ) ;
#1081 = LINE ( 'NONE', #5342, #1206 ) ;
#1082 = ORIENTED_EDGE ( 'NONE', *, *, #2666, .T. ) ;
#1083 = DIRECTION ( 'NONE',  ( 1.000000000000000000, 0.000000000000000000, 0.000000000000000000 ) ) ;
#1084 = EDGE_CURVE ( 'NONE', #9118, #2543, #9424, .T. ) ;
#1085 = ADVANCED_FACE ( 'NONE', ( #6447 ), #5393, .T. ) ;
#1086 = CARTESIAN_POINT ( 'NONE',  ( 102.8264270304442505, -10.54445915458872030, 11.27138653862093420 ) ) ;
#1087 = DIRECTION ( 'NONE',  ( -0.9995966148089557857, -0.02840083911570149416, -0.000000000000000000 ) ) ;
#1088 = EDGE_CURVE ( 'NONE', #9107, #5442, #1948, .T. ) ;
#1089 = ORIENTED_EDGE ( 'NONE', *, *, #7359, .F. ) ;
#1090 = CYLINDRICAL_SURFACE ( 'NONE', #9377, 1.000000000000000888 ) ;
#1091 = CARTESIAN_POINT ( 'NONE',  ( 64.41332983808734980, 3.455194735479897972, 11.50000000000000000 ) ) ;
#1092 = EDGE_LOOP ( 'NONE', ( #5793, #5343 ) ) ;
#1093 = ORIENTED_EDGE ( 'NONE', *, *, #2768, .F. ) ;
#1094 = CARTESIAN_POINT ( 'NONE',  ( 217.8296296471999369, 19.91713629098207505, 7.000000000000026645 ) ) ;
#1095 = EDGE_CURVE ( 'NONE', #5203, #3346, #2879, .T. ) ;
#1096 = CARTESIAN_POINT ( 'NONE',  ( 71.41050614175006217, 3.654000609289787871, 10.49999999999999645 ) ) ;
#1097 = AXIS2_PLACEMENT_3D ( 'NONE', #7668, #5470, #3954 ) ;
#1098 = LINE ( 'NONE', #3144, #894 ) ;
#1099 = EDGE_CURVE ( 'NONE', #499, #6428, #444, .T. ) ;
#1100 = EDGE_CURVE ( 'NONE', #5742, #1993, #7243, .T. ) ;
#1101 = CARTESIAN_POINT ( 'NONE',  ( 0.000000000000000000, 0.000000000000000000, -12.50000000000000000 ) ) ;
#1102 = CARTESIAN_POINT ( 'NONE',  ( 0.000000000000000000, 0.000000000000000000, 13.50000000000000000 ) ) ;
#1103 = ORIENTED_EDGE ( 'NONE', *, *, #3750, .F. ) ;
#1104 = AXIS2_PLACEMENT_3D ( 'NONE', #5751, #2110, #8091 ) ;
#1105 = ORIENTED_EDGE ( 'NONE', *, *, #6398, .F. ) ;
#1106 = ORIENTED_EDGE ( 'NONE', *, *, #763, .T. ) ;
#1107 = VERTEX_POINT ( 'NONE', #485 ) ;
#1108 = DIRECTION ( 'NONE',  ( -0.000000000000000000, -0.000000000000000000, 1.000000000000000000 ) ) ;
#1109 = AXIS2_PLACEMENT_3D ( 'NONE', #6505, #9396, #5002 ) ;
#1110 = DIRECTION ( 'NONE',  ( -1.000000000000000000, 1.224646799147351482E-16, 0.000000000000000000 ) ) ;
#1111 = CARTESIAN_POINT ( 'NONE',  ( 131.8407164561386651, -10.63549488071143578, 13.50000000000000000 ) ) ;
#1112 = LINE ( 'NONE', #4099, #1982 ) ;
#1113 = LINE ( 'NONE', #7023, #1740 ) ;
#1114 = DIRECTION ( 'NONE',  ( 1.000000000000000000, -2.849902853390443374E-14, 0.000000000000000000 ) ) ;
#1115 = ORIENTED_EDGE ( 'NONE', *, *, #421, .F. ) ;
#1116 = DIRECTION ( 'NONE',  ( 0.000000000000000000, 0.000000000000000000, 1.000000000000000000 ) ) ;
#1117 = ORIENTED_EDGE ( 'NONE', *, *, #825, .F. ) ;
#1118 = ORIENTED_EDGE ( 'NONE', *, *, #595, .T. ) ;
#1119 = ORIENTED_EDGE ( 'NONE', *, *, #6339, .T. ) ;
#1120 = AXIS2_PLACEMENT_3D ( 'NONE', #3708, #6683, #8929 ) ;
#1121 = DIRECTION ( 'NONE',  ( 0.000000000000000000, 0.000000000000000000, 1.000000000000000000 ) ) ;
#1122 = CARTESIAN_POINT ( 'NONE',  ( 207.1294665748848161, -18.58069875856879705, 8.257165788677182761 ) ) ;
#1123 = FACE_OUTER_BOUND ( 'NONE', #8695, .T. ) ;
#1124 = CARTESIAN_POINT ( 'NONE',  ( 205.3469823113871371, 16.17609835906463545, 10.68469693232418116 ) ) ;
#1125 = ADVANCED_FACE ( 'NONE', ( #1902 ), #3419, .F. ) ;
#1126 = DIRECTION ( 'NONE',  ( 1.000000000000000000, 0.000000000000000000, 0.000000000000000000 ) ) ;
#1127 = FACE_OUTER_BOUND ( 'NONE', #6030, .T. ) ;
#1128 = ORIENTED_EDGE ( 'NONE', *, *, #6119, .T. ) ;
#1129 = DIRECTION ( 'NONE',  ( -0.000000000000000000, -0.000000000000000000, -1.000000000000000000 ) ) ;
#1130 = MECHANICAL_DESIGN_GEOMETRIC_PRESENTATION_REPRESENTATION (  '', ( #1432 ), #7372 ) ;
#1131 = CARTESIAN_POINT ( 'NONE',  ( 224.4860312251130949, -21.00000000000000000, 6.000000000000027534 ) ) ;
#1132 = CARTESIAN_POINT ( 'NONE',  ( 242.4531606167946052, -6.934608004873577869, 5.000000000000026645 ) ) ;
#1133 = DIRECTION ( 'NONE',  ( 1.000000000000000000, 4.336808689942013792E-16, 0.000000000000000000 ) ) ;
#1134 = DIRECTION ( 'NONE',  ( 1.000000000000000000, 0.000000000000000000, 0.000000000000000000 ) ) ;
#1135 = AXIS2_PLACEMENT_3D ( 'NONE', #5268, #1541, #4429 ) ;
#1136 = ORIENTED_EDGE ( 'NONE', *, *, #3000, .F. ) ;
#1137 = DIRECTION ( 'NONE',  ( -3.700743415417193464E-15, -1.000000000000000000, 0.000000000000000000 ) ) ;
#1138 = AXIS2_PLACEMENT_3D ( 'NONE', #4784, #5616, #4150 ) ;
#1139 = ADVANCED_FACE ( 'NONE', ( #1270 ), #2409, .T. ) ;
#1140 = EDGE_CURVE ( 'NONE', #3140, #8511, #3193, .T. ) ;
#1141 = CARTESIAN_POINT ( 'NONE',  ( 213.8794295073142848, -10.60660171779819372, -13.50000000000000000 ) ) ;
#1142 = ORIENTED_EDGE ( 'NONE', *, *, #4254, .T. ) ;
#1143 = ORIENTED_EDGE ( 'NONE', *, *, #6986, .F. ) ;
#1144 = CARTESIAN_POINT ( 'NONE',  ( 131.3863030302874222, 5.358050956231856787, 10.49999999999999645 ) ) ;
#1145 = AXIS2_PLACEMENT_3D ( 'NONE', #4021, #4065, #7040 ) ;
#1146 = DIRECTION ( 'NONE',  ( 1.000000000000000000, -8.673617379884027583E-16, 0.000000000000000000 ) ) ;
#1147 = CARTESIAN_POINT ( 'NONE',  ( 65.46972813112769529, 1.484402344977667321, 11.50000000000000000 ) ) ;
#1149 = EDGE_CURVE ( 'NONE', #2033, #6893, #3663, .T. ) ;
#1148 = CARTESIAN_POINT ( 'NONE',  ( 0.000000000000000000, 0.000000000000000000, 2.499999999999999556 ) ) ;
#1150 = LINE ( 'NONE', #3396, #200 ) ;
#1151 = ORIENTED_EDGE ( 'NONE', *, *, #1328, .F. ) ;
#1152 = ORIENTED_EDGE ( 'NONE', *, *, #1095, .F. ) ;
#1153 = VERTEX_POINT ( 'NONE', #9657 ) ;
#1154 = DIRECTION ( 'NONE',  ( 1.000000000000000000, 0.000000000000000000, 0.000000000000000000 ) ) ;
#1155 = CARTESIAN_POINT ( 'NONE',  ( 93.40163166754707902, 4.278819069835242850, 13.50000000000000000 ) ) ;
#1156 = DIRECTION ( 'NONE',  ( -1.000000000000000000, -2.664535259100376880E-15, 0.000000000000000000 ) ) ;
#1158 = ADVANCED_FACE ( 'NONE', ( #3610 ), #6586, .T. ) ;
#1157 = CARTESIAN_POINT ( 'NONE',  ( 161.3173997963247359, 8.209269359320801485, 12.50000000000000000 ) ) ;
#1159 = DIRECTION ( 'NONE',  ( 1.000000000000000000, 0.000000000000000000, 0.000000000000000000 ) ) ;
#1160 = DIRECTION ( 'NONE',  ( -1.000000000000000000, 0.000000000000000000, 0.000000000000000000 ) ) ;
#1161 = ORIENTED_EDGE ( 'NONE', *, *, #3457, .T. ) ;
#1162 = DIRECTION ( 'NONE',  ( 0.000000000000000000, 0.000000000000000000, 1.000000000000000000 ) ) ;
#1163 = ORIENTED_EDGE ( 'NONE', *, *, #4012, .T. ) ;
#1164 = EDGE_LOOP ( 'NONE', ( #6049, #9617 ) ) ;
#1165 = VERTEX_POINT ( 'NONE', #7329 ) ;
#1166 = EDGE_CURVE ( 'NONE', #1862, #280, #4450, .T. ) ;
#1167 = AXIS2_PLACEMENT_3D ( 'NONE', #3963, #1756, #3265 ) ;
#1168 = AXIS2_PLACEMENT_3D ( 'NONE', #6023, #1530, #5831 ) ;
#1169 = CARTESIAN_POINT ( 'NONE',  ( 63.86814664912955664, -12.56675194057911327, 13.50000000000000000 ) ) ;
#1170 = CARTESIAN_POINT ( 'NONE',  ( 65.89574071786321952, -13.50954687715667113, -13.50000000000000355 ) ) ;
#1171 = CARTESIAN_POINT ( 'NONE',  ( 238.3924344491245222, 0.8843590595228586482, 6.884160722795977350 ) ) ;
#1172 = AXIS2_PLACEMENT_3D ( 'NONE', #8507, #8606, #1807 ) ;
#1173 = AXIS2_PLACEMENT_3D ( 'NONE', #1096, #6181, #220 ) ;
#1174 = CARTESIAN_POINT ( 'NONE',  ( 218.4860312251130949, 0.000000000000000000, 2.602085213965210642E-14 ) ) ;
#1175 = CARTESIAN_POINT ( 'NONE',  ( 65.92414155697892397, -14.50914349196562725, 13.50000000000000000 ) ) ;
#1176 = ORIENTED_EDGE ( 'NONE', *, *, #5454, .T. ) ;
#1177 = CARTESIAN_POINT ( 'NONE',  ( 131.8975181343700740, -12.63468811032934624, 12.49999999999999822 ) ) ;
#1178 = CARTESIAN_POINT ( 'NONE',  ( 220.6859052477678915, -21.00000000000000000, 5.243233695056304988 ) ) ;
#1179 = AXIS2_PLACEMENT_3D ( 'NONE', #2050, #2693, #2737 ) ;
#1180 = AXIS2_PLACEMENT_3D ( 'NONE', #5348, #3776, #9504 ) ;
#1181 = DIRECTION ( 'NONE',  ( 1.000000000000000000, 0.000000000000000000, 0.000000000000000000 ) ) ;
#1182 = DIRECTION ( 'NONE',  ( -0.9995966148089560077, -0.02840083911569831962, 0.000000000000000000 ) ) ;
#1183 = DIRECTION ( 'NONE',  ( -0.000000000000000000, -0.000000000000000000, -1.000000000000000000 ) ) ;
#1184 = ORIENTED_EDGE ( 'NONE', *, *, #6331, .T. ) ;
#1185 = CARTESIAN_POINT ( 'NONE',  ( 171.4776792904964680, -7.491648065383498256, 3.080044232222378220 ) ) ;
#1186 = CIRCLE ( 'NONE', #6489, 1.000000000000000888 ) ;
#1187 = DIRECTION ( 'NONE',  ( -0.000000000000000000, -0.000000000000000000, -1.000000000000000000 ) ) ;
#1188 = EDGE_LOOP ( 'NONE', ( #9148, #7026 ) ) ;
#1189 = EDGE_LOOP ( 'NONE', ( #5670, #7081, #2063, #9298, #5508, #639 ) ) ;
#1190 = CARTESIAN_POINT ( 'NONE',  ( 244.1998561417751716, -7.236963378699885041, 6.799830060763276229 ) ) ;
#1191 = VECTOR ( 'NONE', #1209, 1000.000000000000227 ) ;
#1192 = ADVANCED_FACE ( 'NONE', ( #6728 ), #8066, .F. ) ;
#1193 = EDGE_CURVE ( 'NONE', #2672, #6858, #4845, .T. ) ;
#1194 = DIRECTION ( 'NONE',  ( 1.224646799147353207E-16, -1.000000000000000000, 0.000000000000000000 ) ) ;
#1195 = VECTOR ( 'NONE', #2040, 1000.000000000000227 ) ;
#1196 = VECTOR ( 'NONE', #5190, 1000.000000000000000 ) ;
#1197 = FACE_OUTER_BOUND ( 'NONE', #3387, .T. ) ;
#1198 = AXIS2_PLACEMENT_3D ( 'NONE', #7945, #1239, #4224 ) ;
#1199 = CARTESIAN_POINT ( 'NONE',  ( 201.6895060540597058, -7.499999999999996447, 7.714122376660252023 ) ) ;
#1200 = AXIS2_PLACEMENT_3D ( 'NONE', #949, #2611, #6278 ) ;
#1201 = EDGE_CURVE ( 'NONE', #8875, #2827, #3913, .T. ) ;
#1202 = EDGE_LOOP ( 'NONE', ( #1105, #7807, #2670, #3804, #1726, #7752 ) ) ;
#1203 = VERTEX_POINT ( 'NONE', #2778 ) ;
#1204 = AXIS2_PLACEMENT_3D ( 'NONE', #9033, #286, #3257 ) ;
#1205 = ORIENTED_EDGE ( 'NONE', *, *, #1088, .T. ) ;
#1206 = VECTOR ( 'NONE', #8314, 1000.000000000000227 ) ;
#1207 = ADVANCED_FACE ( 'NONE', ( #1312 ), #8271, .T. ) ;
#1208 = AXIS2_PLACEMENT_3D ( 'NONE', #3888, #6034, #3143 ) ;
#1209 = DIRECTION ( 'NONE',  ( 0.9995966148089557857, 0.02840083911570149416, 0.000000000000000000 ) ) ;
#1210 = CARTESIAN_POINT ( 'NONE',  ( 235.0926329429107113, -10.60660171779883321, -13.50000000000000000 ) ) ;
#1211 = AXIS2_PLACEMENT_3D ( 'NONE', #7802, #5606, #6281 ) ;
#1212 = CARTESIAN_POINT ( 'NONE',  ( 189.7360312251131234, -6.499999999999999112, -13.50000000000000355 ) ) ;
#1213 = DIRECTION ( 'NONE',  ( -0.000000000000000000, -0.000000000000000000, 1.000000000000000000 ) ) ;
#1214 = FACE_OUTER_BOUND ( 'NONE', #5902, .T. ) ;
#1215 = CIRCLE ( 'NONE', #4494, 0.9999999999999897859 ) ;
#1216 = CARTESIAN_POINT ( 'NONE',  ( 24.19280461054557207, 10.82512032616560838, 13.50000000000000178 ) ) ;
#1217 = VERTEX_POINT ( 'NONE', #8840 ) ;
#1218 = ORIENTED_EDGE ( 'NONE', *, *, #9558, .F. ) ;
#1219 = VERTEX_POINT ( 'NONE', #4398 ) ;
#1220 = ORIENTED_EDGE ( 'NONE', *, *, #9015, .T. ) ;
#1221 = EDGE_CURVE ( 'NONE', #8205, #2127, #5256, .T. ) ;
#1222 = DIRECTION ( 'NONE',  ( 0.000000000000000000, 0.000000000000000000, -1.000000000000000000 ) ) ;
#1223 = CARTESIAN_POINT ( 'NONE',  ( 20.53835703300135762, -15.92642192662754574, 13.50000000000000178 ) ) ;
#1224 = DIRECTION ( 'NONE',  ( 0.000000000000000000, 0.000000000000000000, 1.000000000000000000 ) ) ;
#1225 = PLANE ( 'NONE',  #3456 ) ;
#1226 = CARTESIAN_POINT ( 'NONE',  ( 205.0614014584863298, -18.39275042477495248, 12.73358814461384370 ) ) ;
#1227 = AXIS2_PLACEMENT_3D ( 'NONE', #3055, #6769, #1644 ) ;
#1228 = CARTESIAN_POINT ( 'NONE',  ( 102.3984045860187422, 4.506025782760822551, -13.50000000000000355 ) ) ;
#1229 = EDGE_LOOP ( 'NONE', ( #933, #751, #5956, #2102, #1579, #6301 ) ) ;
#1230 = DIRECTION ( 'NONE',  ( 0.9995966148089557857, 0.02840083911570534872, -0.000000000000000000 ) ) ;
#1231 = DIRECTION ( 'NONE',  ( 0.000000000000000000, 0.000000000000000000, 1.000000000000000000 ) ) ;
#1232 = DIRECTION ( 'NONE',  ( -0.000000000000000000, -0.000000000000000000, -1.000000000000000000 ) ) ;
#1233 = DIRECTION ( 'NONE',  ( 1.000000000000000000, 8.673617379884027583E-15, 0.000000000000000000 ) ) ;
#1234 = DIRECTION ( 'NONE',  ( 1.000000000000000000, 0.000000000000000000, 0.000000000000000000 ) ) ;
#1235 = CARTESIAN_POINT ( 'NONE',  ( 207.1805228851595189, 17.86037872536722304, 8.257165788677188090 ) ) ;
#1236 = DIRECTION ( 'NONE',  ( 0.9995966148089557857, 0.02840083911570534872, -0.000000000000000000 ) ) ;
#1237 = ORIENTED_EDGE ( 'NONE', *, *, #8143, .F. ) ;
#1238 = ORIENTED_EDGE ( 'NONE', *, *, #8918, .F. ) ;
#1239 = DIRECTION ( 'NONE',  ( 0.000000000000000000, 0.000000000000000000, 1.000000000000000000 ) ) ;
#1240 = LINE ( 'NONE', #4372, #3475 ) ;
#1241 = CARTESIAN_POINT ( 'NONE',  ( 202.5689639511721225, 7.080833535980116444, 4.999999999999975131 ) ) ;
#1242 = DIRECTION ( 'NONE',  ( -0.02840083911570534872, 0.9995966148089557857, 0.000000000000000000 ) ) ;
#1243 = B_SPLINE_CURVE_WITH_KNOTS ( 'NONE', 3,
 ( #2019, #1524, #162, #3081 ),
 .UNSPECIFIED., .F., .F.,
 ( 4, 4 ),
 ( -6.324555320362441268E-06, 3.381796117384578792E-05 ),
 .UNSPECIFIED. ) ;
#1244 = EDGE_CURVE ( 'NONE', #1736, #6462, #1366, .T. ) ;
#1245 = CARTESIAN_POINT ( 'NONE',  ( 201.8930189180011041, -7.500000000000006217, 7.171165249363249394 ) ) ;
#1246 = ORIENTED_EDGE ( 'NONE', *, *, #5379, .T. ) ;
#1247 = EDGE_CURVE ( 'NONE', #7520, #110, #5037, .T. ) ;
#1248 = ORIENTED_EDGE ( 'NONE', *, *, #8318, .F. ) ;
#1249 = ORIENTED_EDGE ( 'NONE', *, *, #958, .F. ) ;
#1250 = EDGE_CURVE ( 'NONE', #4234, #1590, #4497, .T. ) ;
#1251 = CARTESIAN_POINT ( 'NONE',  ( 204.8379793693547128, -14.00083226273939729, 7.275207253977341360 ) ) ;
#1252 = DIRECTION ( 'NONE',  ( 1.000000000000000000, 0.000000000000000000, 0.000000000000000000 ) ) ;
#1253 = CARTESIAN_POINT ( 'NONE',  ( 231.0926329429107113, -10.60660171779883321, -13.50000000000000000 ) ) ;
#1254 = AXIS2_PLACEMENT_3D ( 'NONE', #4757, #8425, #9247 ) ;
#1255 = CARTESIAN_POINT ( 'NONE',  ( 95.82683748390050482, -10.65832847406772821, -13.50000000000000355 ) ) ;
#1256 = CARTESIAN_POINT ( 'NONE',  ( 39.36376681097576125, -26.26790124076723032, -13.50000000000000000 ) ) ;
#1257 = ORIENTED_EDGE ( 'NONE', *, *, #974, .F. ) ;
#1258 = ADVANCED_FACE ( 'NONE', ( #7376, #7476 ), #674, .F. ) ;
#1259 = ORIENTED_EDGE ( 'NONE', *, *, #3034, .F. ) ;
#1260 = EDGE_CURVE ( 'NONE', #6567, #1353, #5635, .T. ) ;
#1261 = ORIENTED_EDGE ( 'NONE', *, *, #6863, .F. ) ;
#1262 = ORIENTED_EDGE ( 'NONE', *, *, #3395, .T. ) ;
#1263 = VERTEX_POINT ( 'NONE', #6106 ) ;
#1264 = CIRCLE ( 'NONE', #1109, 1.000000000000000000 ) ;
#1265 = FACE_OUTER_BOUND ( 'NONE', #2562, .T. ) ;
#1266 = DIRECTION ( 'NONE',  ( -0.000000000000000000, -0.000000000000000000, 1.000000000000000000 ) ) ;
#1267 = CARTESIAN_POINT ( 'NONE',  ( 238.2442255274369245, 0.6602752939733697035, 6.806629911318796466 ) ) ;
#1268 = CARTESIAN_POINT ( 'NONE',  ( 95.85523832301620928, -11.65792508887668077, 12.49999999999999822 ) ) ;
#1269 = CIRCLE ( 'NONE', #796, 4.000000000000003553 ) ;
#1270 = FACE_OUTER_BOUND ( 'NONE', #2330, .T. ) ;
#1271 = EDGE_CURVE ( 'NONE', #6807, #1404, #6149, .T. ) ;
#1272 = LINE ( 'NONE', #4260, #2912 ) ;
#1273 = ORIENTED_EDGE ( 'NONE', *, *, #4010, .F. ) ;
#1274 = DIRECTION ( 'NONE',  ( 1.000000000000000000, 0.000000000000000000, 0.000000000000000000 ) ) ;
#1275 = FACE_OUTER_BOUND ( 'NONE', #8286, .T. ) ;
#1276 = CIRCLE ( 'NONE', #3772, 12.00000000000000355 ) ;
#1277 = DIRECTION ( 'NONE',  ( -0.000000000000000000, -0.000000000000000000, 1.000000000000000000 ) ) ;
#1278 = DIRECTION ( 'NONE',  ( -0.000000000000000000, -0.000000000000000000, 1.000000000000000000 ) ) ;
#1279 = CARTESIAN_POINT ( 'NONE',  ( 238.8096960222385690, -1.233813164566727183, 7.000000000000027534 ) ) ;
#1280 = CARTESIAN_POINT ( 'NONE',  ( 171.7360312251131234, -3.499999999999999556, 11.50000000000000000 ) ) ;
#1281 = EDGE_CURVE ( 'NONE', #8440, #3695, #9110, .T. ) ;
#1282 = CIRCLE ( 'NONE', #3777, 1.000000000000005995 ) ;
#1283 = CYLINDRICAL_SURFACE ( 'NONE', #4171, 2.150000000000012790 ) ;
#1284 = ORIENTED_EDGE ( 'NONE', *, *, #4160, .T. ) ;
#1285 = VERTEX_POINT ( 'NONE', #3861 ) ;
#1286 = DIRECTION ( 'NONE',  ( 0.9995966148089557857, 0.02840083911570178213, 0.000000000000000000 ) ) ;
#1287 = B_SPLINE_CURVE_WITH_KNOTS ( 'NONE', 3,
 ( #2321, #9071, #1696, #2368, #5318, #3899, #8287, #1591 ),
 .UNSPECIFIED., .F., .F.,
 ( 4, 2, 2, 4 ),
 ( 0.000000000000000000, 0.0003907830310775778642, 0.0007815660621551557283, 0.001563132124310369136 ),
 .UNSPECIFIED. ) ;
#1288 = CARTESIAN_POINT ( 'NONE',  ( 171.7360312251131234, -7.500000000000000000, 11.50000000000000000 ) ) ;
#1289 = VECTOR ( 'NONE', #8144, 1000.000000000000000 ) ;
#1290 = AXIS2_PLACEMENT_3D ( 'NONE', #69, #3090, #3733 ) ;
#1291 = DIRECTION ( 'NONE',  ( 0.000000000000000000, 0.000000000000000000, -1.000000000000000000 ) ) ;
#1292 = FACE_OUTER_BOUND ( 'NONE', #2837, .T. ) ;
#1293 = DIRECTION ( 'NONE',  ( -0.000000000000000000, -0.000000000000000000, -1.000000000000000000 ) ) ;
#1294 = ORIENTED_EDGE ( 'NONE', *, *, #9329, .F. ) ;
#1295 = VERTEX_POINT ( 'NONE', #8345 ) ;
#1296 = ORIENTED_EDGE ( 'NONE', *, *, #2145, .T. ) ;
#1297 = CARTESIAN_POINT ( 'NONE',  ( 0.000000000000000000, 0.000000000000000000, 2.499999999999999556 ) ) ;
#1298 = FACE_OUTER_BOUND ( 'NONE', #3528, .T. ) ;
#1299 = CARTESIAN_POINT ( 'NONE',  ( 132.3861683654726846, 5.376993906537223644, 10.50946165822901257 ) ) ;
#1300 = DIRECTION ( 'NONE',  ( -0.000000000000000000, -0.000000000000000000, 1.000000000000000000 ) ) ;
#1301 = DIRECTION ( 'NONE',  ( 0.9994238686079632838, 0.03394010690455372820, 0.000000000000000000 ) ) ;
#1302 = VERTEX_POINT ( 'NONE', #98 ) ;
#1303 = ORIENTED_EDGE ( 'NONE', *, *, #3000, .T. ) ;
#1304 = ORIENTED_EDGE ( 'NONE', *, *, #127, .F. ) ;
#1305 = ORIENTED_EDGE ( 'NONE', *, *, #7473, .T. ) ;
#1306 = ADVANCED_FACE ( 'NONE', ( #1599 ), #235, .T. ) ;
#1307 = CARTESIAN_POINT ( 'NONE',  ( 65.41292645289631480, 3.483595574595578892, 10.49999999999999645 ) ) ;
#1308 = EDGE_CURVE ( 'NONE', #3555, #6393, #7970, .T. ) ;
#1309 = CARTESIAN_POINT ( 'NONE',  ( 173.7955686179828945, 7.500000000000000888, 4.636506954562896965 ) ) ;
#1310 = CYLINDRICAL_SURFACE ( 'NONE', #1350, 20.99999999999998934 ) ;
#1311 = CYLINDRICAL_SURFACE ( 'NONE', #336, 16.02499999999999858 ) ;
#1312 = FACE_OUTER_BOUND ( 'NONE', #4053, .T. ) ;
#1313 = EDGE_CURVE ( 'NONE', #7564, #4919, #9209, .T. ) ;
#1314 = AXIS2_PLACEMENT_3D ( 'NONE', #8151, #7370, #8834 ) ;
#1315 = VECTOR ( 'NONE', #9633, 1000.000000000000000 ) ;
#1316 = ORIENTED_EDGE ( 'NONE', *, *, #4029, .T. ) ;
#1317 = DIRECTION ( 'NONE',  ( -0.000000000000000000, -0.000000000000000000, 1.000000000000000000 ) ) ;
#1318 = CARTESIAN_POINT ( 'NONE',  ( 23.53903642683990327, 56.10093993430693615, 12.50000000000000178 ) ) ;
#1319 = APPLICATION_CONTEXT ( 'automotive_design' ) ;
#1320 = EDGE_CURVE ( 'NONE', #1263, #954, #7517, .T. ) ;
#1321 = LINE ( 'NONE', #7289, #6430 ) ;
#1322 = VECTOR ( 'NONE', #8706, 1000.000000000000000 ) ;
#1323 = AXIS2_PLACEMENT_3D ( 'NONE', #2504, #4713, #3245 ) ;
#1324 = DIRECTION ( 'NONE',  ( 1.000000000000000000, 0.000000000000000000, -0.000000000000000000 ) ) ;
#1325 = CARTESIAN_POINT ( 'NONE',  ( 238.0860312251153914, -0.1394607663329944236, 6.689891413588063607 ) ) ;
#1326 = CARTESIAN_POINT ( 'NONE',  ( 199.2928080717256876, 8.995998609043493133, 13.45250003688674845 ) ) ;
#1327 = LINE ( 'NONE', #637, #3239 ) ;
#1328 = EDGE_CURVE ( 'NONE', #5227, #6881, #774, .T. ) ;
#1329 = FACE_OUTER_BOUND ( 'NONE', #4569, .T. ) ;
#1330 = VERTEX_POINT ( 'NONE', #1747 ) ;
#1331 = VERTEX_POINT ( 'NONE', #2282 ) ;
#1332 = AXIS2_PLACEMENT_3D ( 'NONE', #9623, #1418, #4452 ) ;
#1333 = CIRCLE ( 'NONE', #9139, 13.00000000000000533 ) ;
#1334 = CARTESIAN_POINT ( 'NONE',  ( 21.40300712272194517, -16.91721978784210734, 13.50000000000000178 ) ) ;
#1335 = EDGE_CURVE ( 'NONE', #5372, #6047, #5371, .T. ) ;
#1336 = CYLINDRICAL_SURFACE ( 'NONE', #8940, 1.400000000000012346 ) ;
#1337 = LINE ( 'NONE', #4328, #8077 ) ;
#1338 = CIRCLE ( 'NONE', #8520, 6.499999999999977796 ) ;
#1339 = CIRCLE ( 'NONE', #3523, 1.000000000000000888 ) ;
#1340 = FACE_OUTER_BOUND ( 'NONE', #3372, .T. ) ;
#1341 = ORIENTED_EDGE ( 'NONE', *, *, #9352, .F. ) ;
#1342 = ORIENTED_EDGE ( 'NONE', *, *, #6388, .T. ) ;
#1343 = VERTEX_POINT ( 'NONE', #2376 ) ;
#1344 = CIRCLE ( 'NONE', #2276, 312.0758497737028279 ) ;
#1345 = CARTESIAN_POINT ( 'NONE',  ( 201.4658472463293037, -7.437221809106386416, 8.257165788677191642 ) ) ;
#1346 = CARTESIAN_POINT ( 'NONE',  ( 201.6895062267932133, 7.499999999999999112, 7.714121915223902448 ) ) ;
#1347 = LINE ( 'NONE', #5799, #7110 ) ;
#1348 = VECTOR ( 'NONE', #7229, 1000.000000000000000 ) ;
#1349 = LINE ( 'NONE', #5940, #887 ) ;
#1350 = AXIS2_PLACEMENT_3D ( 'NONE', #483, #4990, #3505 ) ;
#1351 = CARTESIAN_POINT ( 'NONE',  ( 125.3887233414336606, 5.187645921537647808, 12.49999999999999822 ) ) ;
#1352 = VERTEX_POINT ( 'NONE', #968 ) ;
#1353 = VERTEX_POINT ( 'NONE', #6777 ) ;
#1354 = B_SPLINE_CURVE_WITH_KNOTS ( 'NONE', 3,
 ( #1131, #8568, #257, #1178, #9346, #3275, #4897, #9243 ),
 .UNSPECIFIED., .F., .F.,
 ( 4, 2, 2, 4 ),
 ( -2.898275349243493109E-05, 0.003292059988794384003, 0.004952581359937752517, 0.006613102731081121032 ),
 .UNSPECIFIED. ) ;
#1355 = ORIENTED_EDGE ( 'NONE', *, *, #8238, .T. ) ;
#1356 = VERTEX_POINT ( 'NONE', #3208 ) ;
#1357 = AXIS2_PLACEMENT_3D ( 'NONE', #4306, #3421, #343 ) ;
#1358 = AXIS2_PLACEMENT_3D ( 'NONE', #503, #9493, #8765 ) ;
#1359 = AXIS2_PLACEMENT_3D ( 'NONE', #7173, #471, #568 ) ;
#1360 = CARTESIAN_POINT ( 'NONE',  ( 167.7360312251131234, 3.500000000000000000, 13.50000000000000178 ) ) ;
#1361 = CARTESIAN_POINT ( 'NONE',  ( 207.0566512938695496, -17.15166999124910774, 8.257165788677188090 ) ) ;
#1362 = CARTESIAN_POINT ( 'NONE',  ( 198.8719771150991846, -7.712698811732717097, 12.40741262071639817 ) ) ;
#1363 = AXIS2_PLACEMENT_3D ( 'NONE', #1938, #7078, #6349 ) ;
#1364 = DIRECTION ( 'NONE',  ( 1.000000000000000000, 0.000000000000000000, 0.000000000000000000 ) ) ;
#1365 = CARTESIAN_POINT ( 'NONE',  ( 133.3854962599053522, 5.414852634463287906, 13.50000000000000000 ) ) ;
#1366 = LINE ( 'NONE', #2043, #2336 ) ;
#1367 = ORIENTED_EDGE ( 'NONE', *, *, #6562, .T. ) ;
#1368 = CARTESIAN_POINT ( 'NONE',  ( 23.53903642683990327, 56.10093993430693615, -12.50000000000000000 ) ) ;
#1369 = ORIENTED_EDGE ( 'NONE', *, *, #8791, .T. ) ;
#1370 = VERTEX_POINT ( 'NONE', #3066 ) ;
#1371 = ADVANCED_FACE ( 'NONE', ( #3906 ), #6061, .F. ) ;
#1372 = EDGE_CURVE ( 'NONE', #5361, #9313, #6246, .T. ) ;
#1373 = EDGE_CURVE ( 'NONE', #4126, #8276, #193, .T. ) ;
#1374 = DIRECTION ( 'NONE',  ( 1.000000000000000000, 0.000000000000000000, 0.000000000000000000 ) ) ;
#1375 = EDGE_CURVE ( 'NONE', #8827, #2817, #8590, .T. ) ;
#1376 = DIRECTION ( 'NONE',  ( 1.000000000000000000, 0.000000000000000000, 0.000000000000000000 ) ) ;
#1377 = CARTESIAN_POINT ( 'NONE',  ( 174.7360312251130949, -3.999999999999995559, 3.000000000000025313 ) ) ;
#1378 = CARTESIAN_POINT ( 'NONE',  ( 207.0570069693435187, 18.81289837977912427, 8.257165788677182761 ) ) ;
#1379 = DIRECTION ( 'NONE',  ( 0.02840083911569927372, -0.9995966148089558967, -0.000000000000000000 ) ) ;
#1380 = DIRECTION ( 'NONE',  ( -0.000000000000000000, -0.000000000000000000, 1.000000000000000000 ) ) ;
#1381 = EDGE_LOOP ( 'NONE', ( #9613, #7657, #5124, #8826 ) ) ;
#1382 = ADVANCED_FACE ( 'NONE', ( #1703 ), #4687, .F. ) ;
#1383 = EDGE_LOOP ( 'NONE', ( #3945, #4442, #7806, #8556, #1393, #4843 ) ) ;
#1384 = ADVANCED_FACE ( 'NONE', ( #8449 ), #6295, .F. ) ;
#1385 = LINE ( 'NONE', #5007, #6193 ) ;
#1386 = CARTESIAN_POINT ( 'NONE',  ( 216.8880902843285980, 19.57731578793045202, 6.000000000000026645 ) ) ;
#1387 = CARTESIAN_POINT ( 'NONE',  ( 71.41050614175006217, 3.654000609289787871, 12.49999999999999822 ) ) ;
#1388 = DIRECTION ( 'NONE',  ( 1.000000000000000000, 0.000000000000000000, -0.000000000000000000 ) ) ;
#1389 = CARTESIAN_POINT ( 'NONE',  ( 245.4860312251130949, 0.000000000000000000, -12.50000000000000000 ) ) ;
#1390 = ORIENTED_EDGE ( 'NONE', *, *, #4465, .T. ) ;
#1391 = EDGE_LOOP ( 'NONE', ( #1794, #1894, #2860, #7518 ) ) ;
#1392 = EDGE_CURVE ( 'NONE', #1331, #4736, #8125, .T. ) ;
#1393 = ORIENTED_EDGE ( 'NONE', *, *, #7620, .T. ) ;
#1394 = DIRECTION ( 'NONE',  ( 1.000000000000000000, 0.000000000000000000, 0.000000000000000000 ) ) ;
#1395 = EDGE_CURVE ( 'NONE', #8887, #236, #6548, .T. ) ;
#1396 = FACE_OUTER_BOUND ( 'NONE', #6719, .T. ) ;
#1397 = DIRECTION ( 'NONE',  ( 0.000000000000000000, 0.000000000000000000, -1.000000000000000000 ) ) ;
#1398 = DIRECTION ( 'NONE',  ( 1.000000000000000000, 0.000000000000000000, -0.000000000000000000 ) ) ;
#1399 = CARTESIAN_POINT ( 'NONE',  ( 71.41050614175006217, 3.654000609289787871, 13.50000000000000000 ) ) ;
#1400 = EDGE_LOOP ( 'NONE', ( #3566, #1305, #3295, #7008 ) ) ;
#1401 = VERTEX_POINT ( 'NONE', #1389 ) ;
#1402 = EDGE_CURVE ( 'NONE', #101, #7838, #7076, .T. ) ;
#1403 = ORIENTED_EDGE ( 'NONE', *, *, #7647, .T. ) ;
#1404 = VERTEX_POINT ( 'NONE', #377 ) ;
#1405 = CARTESIAN_POINT ( 'NONE',  ( 189.7360312251131234, 6.500000000000000888, -13.50000000000000355 ) ) ;
#1406 = CARTESIAN_POINT ( 'NONE',  ( 206.4449023013457065, -16.11703464694750920, 8.257165788677191642 ) ) ;
#1407 = CARTESIAN_POINT ( 'NONE',  ( 71.35370446351868168, 5.653193838907698776, 13.50000000000000000 ) ) ;
#1408 = DIRECTION ( 'NONE',  ( -0.000000000000000000, -0.000000000000000000, 1.000000000000000000 ) ) ;
#1409 = DIRECTION ( 'NONE',  ( -0.000000000000000000, -0.000000000000000000, -1.000000000000000000 ) ) ;
#1410 = DIRECTION ( 'NONE',  ( 1.000000000000000000, 0.000000000000000000, 0.000000000000000000 ) ) ;
#1411 = VERTEX_POINT ( 'NONE', #330 ) ;
#1412 = DIRECTION ( 'NONE',  ( 1.000000000000000000, 0.000000000000000000, 0.000000000000000000 ) ) ;
#1413 = ORIENTED_EDGE ( 'NONE', *, *, #6454, .F. ) ;
#1414 = EDGE_LOOP ( 'NONE', ( #4420, #805, #7545, #3939 ) ) ;
#1415 = AXIS2_PLACEMENT_3D ( 'NONE', #8766, #2062, #5056 ) ;
#1416 = DIRECTION ( 'NONE',  ( 0.000000000000000000, 0.000000000000000000, -1.000000000000000000 ) ) ;
#1417 = EDGE_CURVE ( 'NONE', #8450, #4857, #7022, .T. ) ;
#1418 = DIRECTION ( 'NONE',  ( -0.000000000000000000, -0.000000000000000000, 1.000000000000000000 ) ) ;
#1419 = CIRCLE ( 'NONE', #2818, 7.499999999999978684 ) ;
#1420 = DIRECTION ( 'NONE',  ( 1.000000000000000000, 0.000000000000000000, 0.000000000000000000 ) ) ;
#1421 = FACE_OUTER_BOUND ( 'NONE', #5572, .T. ) ;
#1422 = CARTESIAN_POINT ( 'NONE',  ( 161.3742014745560880, 6.210076129702891023, 10.49999999999999645 ) ) ;
#1423 = LINE ( 'NONE', #3669, #5731 ) ;
#1424 = ORIENTED_EDGE ( 'NONE', *, *, #7524, .F. ) ;
#1425 = EDGE_CURVE ( 'NONE', #7685, #4151, #7813, .T. ) ;
#1426 = DIRECTION ( 'NONE',  ( 1.000000000000000000, 0.000000000000000000, 0.000000000000000000 ) ) ;
#1427 = CIRCLE ( 'NONE', #20, 2.150000000000012790 ) ;
#1428 = LINE ( 'NONE', #8807, #384 ) ;
#1429 = DIRECTION ( 'NONE',  ( -0.000000000000000000, -0.000000000000000000, 1.000000000000000000 ) ) ;
#1430 = EDGE_CURVE ( 'NONE', #2928, #110, #3853, .T. ) ;
#1431 = EDGE_CURVE ( 'NONE', #1603, #1013, #3589, .T. ) ;
#1432 = STYLED_ITEM ( 'NONE', ( #3234 ), #4996 ) ;
#1433 = CARTESIAN_POINT ( 'NONE',  ( 38.65102456598012992, -5.280000000000001137, 13.50000000000000000 ) ) ;
#1434 = DIRECTION ( 'NONE',  ( -0.02840083911569957903, 0.9995966148089558967, -2.427633199902460132E-14 ) ) ;
#1435 = EDGE_LOOP ( 'NONE', ( #1999, #7225, #7390, #2745 ) ) ;
#1436 = EDGE_LOOP ( 'NONE', ( #8885, #9395, #2944, #395, #5052 ) ) ;
#1437 = ORIENTED_EDGE ( 'NONE', *, *, #7200, .T. ) ;
#1438 = AXIS2_PLACEMENT_3D ( 'NONE', #5701, #8531, #5012 ) ;
#1439 = DIRECTION ( 'NONE',  ( 0.000000000000000000, 0.000000000000000000, 1.000000000000000000 ) ) ;
#1440 = CARTESIAN_POINT ( 'NONE',  ( 21.62602456598014911, -5.279999999999999361, 13.50000000000000178 ) ) ;
#1441 = EDGE_CURVE ( 'NONE', #433, #7211, #940, .T. ) ;
#1442 = CARTESIAN_POINT ( 'NONE',  ( 14.32287004515514184, -17.09591818738018176, -13.50000000000000355 ) ) ;
#1443 = AXIS2_PLACEMENT_3D ( 'NONE', #1387, #6604, #4966 ) ;
#1444 = FACE_OUTER_BOUND ( 'NONE', #8955, .T. ) ;
#1445 = ORIENTED_EDGE ( 'NONE', *, *, #60, .T. ) ;
#1446 = ORIENTED_EDGE ( 'NONE', *, *, #4913, .F. ) ;
#1447 = EDGE_LOOP ( 'NONE', ( #7875, #508, #4822, #5314, #8621, #6826 ) ) ;
#1448 = EDGE_LOOP ( 'NONE', ( #8729, #3296, #945, #4577 ) ) ;
#1449 = EDGE_CURVE ( 'NONE', #8967, #3874, #6409, .T. ) ;
#1450 = CIRCLE ( 'NONE', #8784, 24.19175765947781542 ) ;
#1451 = CARTESIAN_POINT ( 'NONE',  ( 208.5952243871440714, -17.03098614223208784, 5.000000000000026645 ) ) ;
#1452 = ADVANCED_FACE ( 'NONE', ( #7024 ), #432, .F. ) ;
#1453 = DIRECTION ( 'NONE',  ( -0.000000000000000000, -0.000000000000000000, -1.000000000000000000 ) ) ;
#1454 = CARTESIAN_POINT ( 'NONE',  ( 231.0926329429107113, -10.60660171779883321, -11.50000000000000000 ) ) ;
#1455 = DIRECTION ( 'NONE',  ( 1.000000000000000000, 0.000000000000000000, 0.000000000000000000 ) ) ;
#1456 = DIRECTION ( 'NONE',  ( 0.000000000000000000, 0.000000000000000000, 1.000000000000000000 ) ) ;
#1457 = ORIENTED_EDGE ( 'NONE', *, *, #5255, .F. ) ;
#1458 = ORIENTED_EDGE ( 'NONE', *, *, #5405, .F. ) ;
#1459 = ORIENTED_EDGE ( 'NONE', *, *, #7175, .F. ) ;
#1460 = DIRECTION ( 'NONE',  ( 0.9995966148089557857, 0.02840083911570534872, -0.000000000000000000 ) ) ;
#1461 = DIRECTION ( 'NONE',  ( -0.02840083911570534525, 0.9995966148089558967, 0.000000000000000000 ) ) ;
#1462 = DIRECTION ( 'NONE',  ( 0.000000000000000000, 0.000000000000000000, 1.000000000000000000 ) ) ;
#1463 = CARTESIAN_POINT ( 'NONE',  ( 71.83651872848558639, -11.33994861284455169, -13.50000000000000355 ) ) ;
#1464 = CARTESIAN_POINT ( 'NONE',  ( 182.4860312251131234, 11.10660171779823813, -13.50000000000000000 ) ) ;
#1465 = DIRECTION ( 'NONE',  ( -0.000000000000000000, -0.000000000000000000, 1.000000000000000000 ) ) ;
#1466 = CARTESIAN_POINT ( 'NONE',  ( 205.6427687439548606, -18.98667846323241548, 11.12864468912638571 ) ) ;
#1467 = VERTEX_POINT ( 'NONE', #608 ) ;
#1468 = B_SPLINE_CURVE_WITH_KNOTS ( 'NONE', 3,
 ( #5447, #4707, #7691, #991, #1185, #636 ),
 .UNSPECIFIED., .F., .F.,
 ( 4, 2, 4 ),
 ( 4.336808689942017736E-19, 0.0002361072968489686861, 0.0004722145936979369385 ),
 .UNSPECIFIED. ) ;
#1469 = B_SPLINE_CURVE_WITH_KNOTS ( 'NONE', 3,
 ( #8382, #4668, #2255, #5983 ),
 .UNSPECIFIED., .F., .F.,
 ( 4, 4 ),
 ( 0.01052469875633214348, 0.01361889828253906934 ),
 .UNSPECIFIED. ) ;
#1470 = PLANE ( 'NONE',  #3537 ) ;
#1471 = TOROIDAL_SURFACE ( 'NONE', #1777, 1.999999999999998668, 1.000000000000000000 ) ;
#1472 = CIRCLE ( 'NONE', #6771, 3.499999999999975131 ) ;
#1473 = CARTESIAN_POINT ( 'NONE',  ( 217.3350192249835402, 19.74581222985217011, 6.891607870096223110 ) ) ;
#1474 = LINE ( 'NONE', #5887, #1908 ) ;
#1475 = CARTESIAN_POINT ( 'NONE',  ( 155.3482209465866219, 7.039267709817637275, -13.50000000000000355 ) ) ;
#1476 = CIRCLE ( 'NONE', #4920, 6.499999999999977796 ) ;
#1477 = AXIS2_PLACEMENT_3D ( 'NONE', #5724, #7234, #7873 ) ;
#1478 = DIRECTION ( 'NONE',  ( -0.02840083911569750083, 0.9995966148089558967, -0.000000000000000000 ) ) ;
#1479 = ORIENTED_EDGE ( 'NONE', *, *, #4001, .F. ) ;
#1480 = ORIENTED_EDGE ( 'NONE', *, *, #7547, .F. ) ;
#1481 = ORIENTED_EDGE ( 'NONE', *, *, #61, .F. ) ;
#1482 = EDGE_CURVE ( 'NONE', #3209, #5067, #6743, .T. ) ;
#1483 = ADVANCED_FACE ( 'NONE', ( #5666 ), #8493, .T. ) ;
#1484 = AXIS2_PLACEMENT_3D ( 'NONE', #539, #1959, #3520 ) ;
#1485 = AXIS2_PLACEMENT_3D ( 'NONE', #2598, #306, #6172 ) ;
#1486 = CARTESIAN_POINT ( 'NONE',  ( 132.8407164561386651, -10.63549488071143578, -13.50000000000000355 ) ) ;
#1487 = DIRECTION ( 'NONE',  ( -1.000000000000000000, 0.000000000000000000, 0.000000000000000000 ) ) ;
#1488 = ADVANCED_FACE ( 'NONE', ( #3585 ), #8471, .F. ) ;
#1489 = CYLINDRICAL_SURFACE ( 'NONE', #2599, 1.000000000000000888 ) ;
#1490 = DIRECTION ( 'NONE',  ( 0.000000000000000000, 0.000000000000000000, -1.000000000000000000 ) ) ;
#1491 = VERTEX_POINT ( 'NONE', #9538 ) ;
#1492 = EDGE_LOOP ( 'NONE', ( #4081, #8083, #5145, #30 ) ) ;
#1493 = VECTOR ( 'NONE', #3220, 1000.000000000000000 ) ;
#1494 = ORIENTED_EDGE ( 'NONE', *, *, #7216, .F. ) ;
#1495 = ORIENTED_EDGE ( 'NONE', *, *, #4254, .F. ) ;
#1496 = ADVANCED_FACE ( 'NONE', ( #7815 ), #9330, .F. ) ;
#1497 = CARTESIAN_POINT ( 'NONE',  ( 181.0860312251130892, 11.10660171779823813, 13.50000000000000000 ) ) ;
#1498 = AXIS2_PLACEMENT_3D ( 'NONE', #1060, #8540, #4048 ) ;
#1499 = CARTESIAN_POINT ( 'NONE',  ( 208.7634962319577028, -17.75445961600517464, 5.000000000000026645 ) ) ;
#1500 = CARTESIAN_POINT ( 'NONE',  ( 194.4860312251130949, -21.00000000000000000, -12.50000000000000000 ) ) ;
#1501 = EDGE_CURVE ( 'NONE', #5309, #1511, #8777, .T. ) ;
#1502 = VECTOR ( 'NONE', #7678, 1000.000000000000000 ) ;
#1503 = CARTESIAN_POINT ( 'NONE',  ( 199.3849167341471968, -9.247385529231957335, 13.48803965513121739 ) ) ;
#1504 = CARTESIAN_POINT ( 'NONE',  ( 224.4860312251131234, 0.000000000000000000, 11.12864468912638571 ) ) ;
#1505 = FACE_OUTER_BOUND ( 'NONE', #8157, .T. ) ;
#1506 = CIRCLE ( 'NONE', #6968, 1.000000000000000888 ) ;
#1507 = ORIENTED_EDGE ( 'NONE', *, *, #9225, .T. ) ;
#1508 = AXIS2_PLACEMENT_3D ( 'NONE', #5100, #2015, #4369 ) ;
#1509 = VECTOR ( 'NONE', #1583, 1000.000000000000000 ) ;
#1510 = ORIENTED_EDGE ( 'NONE', *, *, #2369, .F. ) ;
#1511 = VERTEX_POINT ( 'NONE', #2157 ) ;
#1512 = EDGE_CURVE ( 'NONE', #8518, #3105, #3785, .T. ) ;
#1513 = EDGE_CURVE ( 'NONE', #5989, #5633, #4566, .T. ) ;
#1514 = VECTOR ( 'NONE', #1935, 1000.000000000000227 ) ;
#1515 = AXIS2_PLACEMENT_3D ( 'NONE', #8843, #587, #3657 ) ;
#1516 = DIRECTION ( 'NONE',  ( 1.000000000000000000, 0.000000000000000000, 0.000000000000000000 ) ) ;
#1517 = CIRCLE ( 'NONE', #584, 2.000000000000001776 ) ;
#1518 = DIRECTION ( 'NONE',  ( -0.000000000000000000, 1.000000000000000000, 0.000000000000000000 ) ) ;
#1519 = EDGE_CURVE ( 'NONE', #1352, #2238, #7222, .T. ) ;
#1520 = DIRECTION ( 'NONE',  ( 1.000000000000000000, 1.445602896647337931E-16, 0.000000000000000000 ) ) ;
#1521 = CARTESIAN_POINT ( 'NONE',  ( 101.3984045860187422, 4.506025782760822551, -13.50000000000000355 ) ) ;
#1522 = DIRECTION ( 'NONE',  ( -0.02840083911571604849, 0.9995966148089555636, 1.812851877978396177E-14 ) ) ;
#1523 = VERTEX_POINT ( 'NONE', #7397 ) ;
#1524 = CARTESIAN_POINT ( 'NONE',  ( 72.41037147693532461, 3.672943559595217344, 10.50946165822907652 ) ) ;
#1525 = CARTESIAN_POINT ( 'NONE',  ( 24.19280461054557207, 10.82512032616560838, 13.50000000000000178 ) ) ;
#1526 = VERTEX_POINT ( 'NONE', #5980 ) ;
#1527 = VECTOR ( 'NONE', #7670, 1000.000000000000114 ) ;
#1528 = EDGE_CURVE ( 'NONE', #2204, #6807, #7534, .T. ) ;
#1529 = DIRECTION ( 'NONE',  ( -0.000000000000000000, -0.000000000000000000, -1.000000000000000000 ) ) ;
#1530 = DIRECTION ( 'NONE',  ( -0.9995966148089560077, -0.02840083911569750430, 0.000000000000000000 ) ) ;
#1531 = CYLINDRICAL_SURFACE ( 'NONE', #989, 7.499999999999978684 ) ;
#1532 = DIRECTION ( 'NONE',  ( -0.02840083911569750777, 0.9995966148089561187, 0.000000000000000000 ) ) ;
#1533 = DIRECTION ( 'NONE',  ( -0.000000000000000000, -0.000000000000000000, -1.000000000000000000 ) ) ;
#1534 = ORIENTED_EDGE ( 'NONE', *, *, #9544, .F. ) ;
#1535 = ORIENTED_EDGE ( 'NONE', *, *, #5973, .F. ) ;
#1536 = VERTEX_POINT ( 'NONE', #794 ) ;
#1537 = DIRECTION ( 'NONE',  ( 1.000000000000000000, 0.000000000000000000, 0.000000000000000000 ) ) ;
#1538 = CARTESIAN_POINT ( 'NONE',  ( 23.53903642683990327, 56.10093993430693615, -13.50000000000000000 ) ) ;
#1539 = EDGE_CURVE ( 'NONE', #912, #2032, #1578, .T. ) ;
#1540 = CARTESIAN_POINT ( 'NONE',  ( 204.7319282070414204, 18.22371082974430934, 13.49999999999999822 ) ) ;
#1541 = DIRECTION ( 'NONE',  ( 0.3809044632332644897, 0.9246144006497944989, -0.000000000000000000 ) ) ;
#1542 = EDGE_LOOP ( 'NONE', ( #3121, #2708, #2382, #8523 ) ) ;
#1543 = ORIENTED_EDGE ( 'NONE', *, *, #5137, .F. ) ;
#1544 = ORIENTED_EDGE ( 'NONE', *, *, #1528, .T. ) ;
#1545 = EDGE_LOOP ( 'NONE', ( #3598, #310, #2334, #5571, #756, #5868, #3280, #4067, #4760, #8242, #4333, #1445 ) ) ;
#1546 = ADVANCED_FACE ( 'NONE', ( #8953 ), #8134, .F. ) ;
#1547 = CARTESIAN_POINT ( 'NONE',  ( 161.3742014745560880, 6.210076129702891023, -13.50000000000000355 ) ) ;
#1548 = EDGE_CURVE ( 'NONE', #8803, #3422, #5506, .T. ) ;
#1549 = CARTESIAN_POINT ( 'NONE',  ( 171.7360312251131234, 9.500000000000000000, 13.50000000000000000 ) ) ;
#1550 = CARTESIAN_POINT ( 'NONE',  ( 206.6068265216167958, -16.29828980953962514, 8.257165788677186313 ) ) ;
#1551 = CARTESIAN_POINT ( 'NONE',  ( 198.8286826811628885, -7.567281233270040985, 12.03150889565222315 ) ) ;
#1552 = EDGE_CURVE ( 'NONE', #4467, #172, #6286, .T. ) ;
#1553 = ADVANCED_FACE ( 'NONE', ( #2986 ), #748, .T. ) ;
#1554 = FACE_OUTER_BOUND ( 'NONE', #2298, .T. ) ;
#1555 = DIRECTION ( 'NONE',  ( 0.000000000000000000, 0.000000000000000000, -1.000000000000000000 ) ) ;
#1556 = CARTESIAN_POINT ( 'NONE',  ( 103.8520112414878724, -11.43071837595106466, 12.50000000000000000 ) ) ;
#1557 = VERTEX_POINT ( 'NONE', #3833 ) ;
#1558 = CARTESIAN_POINT ( 'NONE',  ( 223.2521234219689745, 14.32388773497551604, 7.000000000000030198 ) ) ;
#1559 = ORIENTED_EDGE ( 'NONE', *, *, #8304, .T. ) ;
#1560 = ORIENTED_EDGE ( 'NONE', *, *, #4617, .F. ) ;
#1561 = ORIENTED_EDGE ( 'NONE', *, *, #738, .F. ) ;
#1562 = VECTOR ( 'NONE', #5110, 1000.000000000000000 ) ;
#1563 = DIRECTION ( 'NONE',  ( -0.02840083911569927372, 0.9995966148089558967, 0.000000000000000000 ) ) ;
#1564 = ADVANCED_FACE ( 'NONE', ( #6754 ), #5249, .F. ) ;
#1565 = DIRECTION ( 'NONE',  ( 1.000000000000000000, 0.000000000000000000, 0.000000000000000000 ) ) ;
#1566 = VECTOR ( 'NONE', #3883, 999.9999999999998863 ) ;
#1567 = DIRECTION ( 'NONE',  ( 1.000000000000000000, 0.000000000000000000, 0.000000000000000000 ) ) ;
#1568 = EDGE_LOOP ( 'NONE', ( #1808, #574, #6206, #6166 ) ) ;
#1569 = LINE ( 'NONE', #6894, #5359 ) ;
#1570 = DIRECTION ( 'NONE',  ( -0.9593981441167124258, 0.2820553156127501571, 0.000000000000000000 ) ) ;
#1571 = ORIENTED_EDGE ( 'NONE', *, *, #2130, .T. ) ;
#1572 = DIRECTION ( 'NONE',  ( -1.000000000000000000, 0.000000000000000000, 0.000000000000000000 ) ) ;
#1573 = DIRECTION ( 'NONE',  ( 0.000000000000000000, 0.000000000000000000, 1.000000000000000000 ) ) ;
#1574 = CARTESIAN_POINT ( 'NONE',  ( 103.8528180118699566, -11.48752005418247180, 13.49999999999999822 ) ) ;
#1575 = EDGE_CURVE ( 'NONE', #3347, #1939, #5969, .T. ) ;
#1576 = CARTESIAN_POINT ( 'NONE',  ( 235.0926329429113650, 10.60660171779759509, -11.50000000000000000 ) ) ;
#1577 = DIRECTION ( 'NONE',  ( -0.000000000000000000, -0.000000000000000000, -1.000000000000000000 ) ) ;
#1578 = LINE ( 'NONE', #2307, #4571 ) ;
#1579 = ORIENTED_EDGE ( 'NONE', *, *, #6747, .F. ) ;
#1580 = AXIS2_PLACEMENT_3D ( 'NONE', #8155, #1409, #8295 ) ;
#1581 = VERTEX_POINT ( 'NONE', #6706 ) ;
#1582 = ORIENTED_EDGE ( 'NONE', *, *, #1100, .F. ) ;
#1583 = DIRECTION ( 'NONE',  ( 1.000000000000000000, -0.000000000000000000, -0.000000000000000000 ) ) ;
#1584 = CARTESIAN_POINT ( 'NONE',  ( 71.38210530263437192, 4.653597224098742657, 12.49999999999999822 ) ) ;
#1585 = DIRECTION ( 'NONE',  ( 0.000000000000000000, -1.000000000000000000, 0.000000000000000000 ) ) ;
#1586 = CARTESIAN_POINT ( 'NONE',  ( 102.3988081339952316, 4.506025782756291953, 10.52840656793764929 ) ) ;
#1587 = ORIENTED_EDGE ( 'NONE', *, *, #6553, .F. ) ;
#1588 = VERTEX_POINT ( 'NONE', #3039 ) ;
#1589 = ORIENTED_EDGE ( 'NONE', *, *, #3232, .T. ) ;
#1590 = VERTEX_POINT ( 'NONE', #6029 ) ;
#1591 = CARTESIAN_POINT ( 'NONE',  ( 232.0839721658976771, 19.57731578793040939, 6.000000000000026645 ) ) ;
#1592 = CARTESIAN_POINT ( 'NONE',  ( 202.4798238232233984, -21.00000000000004263, 11.20960733008509891 ) ) ;
#1593 = CARTESIAN_POINT ( 'NONE',  ( 171.7360312251131234, 7.500000000000001776, 3.375330474728936103 ) ) ;
#1594 = AXIS2_PLACEMENT_3D ( 'NONE', #7609, #9497, #3538 ) ;
#1595 = CARTESIAN_POINT ( 'NONE',  ( 155.8878368897849498, -11.95306797155252454, 13.50000000000000000 ) ) ;
#1596 = CIRCLE ( 'NONE', #8313, 2.000000000000001776 ) ;
#1597 = DIRECTION ( 'NONE',  ( 0.000000000000000000, 0.000000000000000000, -1.000000000000000000 ) ) ;
#1598 = LINE ( 'NONE', #3064, #7044 ) ;
#1599 = FACE_OUTER_BOUND ( 'NONE', #9540, .T. ) ;
#1600 = VERTEX_POINT ( 'NONE', #9010 ) ;
#1601 = CARTESIAN_POINT ( 'NONE',  ( 94.82965382275600064, -10.77165568824302788, 11.27139220372455064 ) ) ;
#1602 = ORIENTED_EDGE ( 'NONE', *, *, #985, .T. ) ;
#1603 = VERTEX_POINT ( 'NONE', #5306 ) ;
#1604 = EDGE_LOOP ( 'NONE', ( #5712, #7818, #3200, #4222, #3713, #856, #5521, #7626, #8708 ) ) ;
#1605 = AXIS2_PLACEMENT_3D ( 'NONE', #934, #7440, #3722 ) ;
#1606 = ADVANCED_FACE ( 'NONE', ( #6081 ), #2354, .F. ) ;
#1607 = EDGE_CURVE ( 'NONE', #9587, #4558, #1596, .T. ) ;
#1608 = DIRECTION ( 'NONE',  ( 0.3809044632332612146, 0.9246144006497958312, 0.000000000000000000 ) ) ;
#1609 = CARTESIAN_POINT ( 'NONE',  ( 194.4860312251130949, 20.00000000000000000, -12.50000000000000000 ) ) ;
#1610 = B_SPLINE_CURVE_WITH_KNOTS ( 'NONE', 3,
 ( #7780, #9137, #7722, #294, #5435, #9187, #1020, #3316, #6888, #6157, #9087, #4013 ),
 .UNSPECIFIED., .F., .F.,
 ( 4, 2, 2, 2, 2, 4 ),
 ( 0.000000000000000000, 0.0006347894464112057138, 0.001269578892822411428, 0.001904368339233617142, 0.002221763062439255018, 0.002539157785644892678 ),
 .UNSPECIFIED. ) ;
#1611 = CARTESIAN_POINT ( 'NONE',  ( 198.8721853027510633, 7.713390165388624986, 12.40873198932079369 ) ) ;
#1612 = ADVANCED_FACE ( 'NONE', ( #6606 ), #9586, .T. ) ;
#1613 = DIRECTION ( 'NONE',  ( 0.000000000000000000, 0.000000000000000000, -1.000000000000000000 ) ) ;
#1614 = ORIENTED_EDGE ( 'NONE', *, *, #482, .F. ) ;
#1615 = FACE_OUTER_BOUND ( 'NONE', #4834, .T. ) ;
#1616 = CARTESIAN_POINT ( 'NONE',  ( 65.83893903963182481, -11.51035364753875889, 10.49999999999999645 ) ) ;
#1617 = VERTEX_POINT ( 'NONE', #4079 ) ;
#1618 = DIRECTION ( 'NONE',  ( -0.000000000000000000, -0.000000000000000000, -1.000000000000000000 ) ) ;
#1619 = ADVANCED_FACE ( 'NONE', ( #2455 ), #7052, .T. ) ;
#1620 = CARTESIAN_POINT ( 'NONE',  ( 235.0926329429113650, 10.60660171779759509, -13.50000000000000000 ) ) ;
#1621 = DIRECTION ( 'NONE',  ( 1.000000000000000000, 0.000000000000000000, 0.000000000000000000 ) ) ;
#1622 = DIRECTION ( 'NONE',  ( -0.02840083911568098279, 0.9995966148089564518, 0.000000000000000000 ) ) ;
#1623 = DIRECTION ( 'NONE',  ( -0.9995966148089560077, -0.02840083911569745226, 0.000000000000000000 ) ) ;
#1624 = CARTESIAN_POINT ( 'NONE',  ( 162.7979528368032049, -8.690083696839366212, 11.35151115349261808 ) ) ;
#1625 = ORIENTED_EDGE ( 'NONE', *, *, #3268, .F. ) ;
#1626 = ORIENTED_EDGE ( 'NONE', *, *, #8598, .T. ) ;
#1627 = AXIS2_PLACEMENT_3D ( 'NONE', #2222, #6680, #3702 ) ;
#1628 = AXIS2_PLACEMENT_3D ( 'NONE', #9281, #4936, #7821 ) ;
#1629 = FACE_OUTER_BOUND ( 'NONE', #5269, .T. ) ;
#1630 = ADVANCED_FACE ( 'NONE', ( #7740 ), #6128, .T. ) ;
#1631 = DIRECTION ( 'NONE',  ( 0.000000000000000000, 0.000000000000000000, 1.000000000000000000 ) ) ;
#1632 = PLANE ( 'NONE',  #7573 ) ;
#1633 = AXIS2_PLACEMENT_3D ( 'NONE', #4728, #146, #231 ) ;
#1634 = VECTOR ( 'NONE', #4259, 1000.000000000000114 ) ;
#1635 = AXIS2_PLACEMENT_3D ( 'NONE', #7648, #5604, #8579 ) ;
#1636 = DIRECTION ( 'NONE',  ( -0.000000000000000000, -0.000000000000000000, 1.000000000000000000 ) ) ;
#1637 = DIRECTION ( 'NONE',  ( -0.02840083911570113681, 0.9995966148089558967, 0.000000000000000000 ) ) ;
#1638 = ORIENTED_EDGE ( 'NONE', *, *, #5966, .T. ) ;
#1639 = ORIENTED_EDGE ( 'NONE', *, *, #6402, .T. ) ;
#1640 = ORIENTED_EDGE ( 'NONE', *, *, #5807, .T. ) ;
#1641 = ORIENTED_EDGE ( 'NONE', *, *, #724, .F. ) ;
#1642 = CIRCLE ( 'NONE', #4774, 2.000000000000001776 ) ;
#1644 = DIRECTION ( 'NONE',  ( 0.000000000000000000, -0.000000000000000000, -1.000000000000000000 ) ) ;
#1643 = CIRCLE ( 'NONE', #2735, 1.400000000000012346 ) ;
#1645 = CARTESIAN_POINT ( 'NONE',  ( 207.4222839801494445, -16.06328678912750263, 6.117764129846891663 ) ) ;
#1646 = CARTESIAN_POINT ( 'NONE',  ( 0.000000000000000000, 0.000000000000000000, -6.500000000000000000 ) ) ;
#1647 = CARTESIAN_POINT ( 'NONE',  ( 171.7360312251131234, -3.499999999999999556, 11.50000000000000000 ) ) ;
#1648 = DIRECTION ( 'NONE',  ( 0.000000000000000000, 0.000000000000000000, -1.000000000000000000 ) ) ;
#1649 = CIRCLE ( 'NONE', #7119, 1.400000000000012346 ) ;
#1650 = CARTESIAN_POINT ( 'NONE',  ( 213.8794295073149101, 10.60660171779823457, -11.50000000000000000 ) ) ;
#1651 = CARTESIAN_POINT ( 'NONE',  ( 206.4449105832627254, 16.11703419563689366, 8.257147589606633531 ) ) ;
#1652 = EDGE_LOOP ( 'NONE', ( #7775, #9566, #8681, #8816 ) ) ;
#1653 = DIRECTION ( 'NONE',  ( 1.000000000000000000, 0.000000000000000000, 0.000000000000000000 ) ) ;
#1654 = ORIENTED_EDGE ( 'NONE', *, *, #8486, .F. ) ;
#1655 = EDGE_LOOP ( 'NONE', ( #4155, #1571, #5352, #757, #678 ) ) ;
#1656 = VERTEX_POINT ( 'NONE', #6903 ) ;
#1657 = AXIS2_PLACEMENT_3D ( 'NONE', #1307, #9560, #2038 ) ;
#1658 = CARTESIAN_POINT ( 'NONE',  ( 161.8286149004072740, -9.783469707240403324, 13.50000000000000000 ) ) ;
#1659 = CIRCLE ( 'NONE', #4007, 19.99999999999998934 ) ;
#1660 = CARTESIAN_POINT ( 'NONE',  ( 65.86733987874752927, -12.50995026234771501, 10.49999999999999645 ) ) ;
#1661 = AXIS2_PLACEMENT_3D ( 'NONE', #75, #2260, #799 ) ;
#1662 = DIRECTION ( 'NONE',  ( -0.02840083911569927372, 0.9995966148089558967, 0.000000000000000000 ) ) ;
#1663 = EDGE_CURVE ( 'NONE', #179, #8494, #7855, .T. ) ;
#1664 = CARTESIAN_POINT ( 'NONE',  ( 163.8286149004072740, -9.783469707240403324, 12.49999999999999822 ) ) ;
#1665 = ORIENTED_EDGE ( 'NONE', *, *, #8445, .F. ) ;
#1666 = LINE ( 'NONE', #4456, #6907 ) ;
#1667 = CIRCLE ( 'NONE', #7448, 1.000000000000000666 ) ;
#1668 = CYLINDRICAL_SURFACE ( 'NONE', #4959, 1.400000000000012346 ) ;
#1669 = ORIENTED_EDGE ( 'NONE', *, *, #4250, .T. ) ;
#1670 = FACE_OUTER_BOUND ( 'NONE', #8596, .T. ) ;
#1671 = AXIS2_PLACEMENT_3D ( 'NONE', #8525, #2608, #8623 ) ;
#1672 =( GEOMETRIC_REPRESENTATION_CONTEXT ( 3 ) GLOBAL_UNCERTAINTY_ASSIGNED_CONTEXT ( ( #9081 ) ) GLOBAL_UNIT_ASSIGNED_CONTEXT ( ( #6424, #2198, #8865 ) ) REPRESENTATION_CONTEXT ( 'NONE', 'WORKASPACE' ) );
#1673 = EDGE_CURVE ( 'NONE', #5933, #6576, #6952, .T. ) ;
#1674 = DIRECTION ( 'NONE',  ( -0.000000000000000000, -0.000000000000000000, 1.000000000000000000 ) ) ;
#1675 = CYLINDRICAL_SURFACE ( 'NONE', #8770, 1.000000000000000444 ) ;
#1676 = CIRCLE ( 'NONE', #3188, 1.000000000000000888 ) ;
#1677 = LINE ( 'NONE', #2785, #8367 ) ;
#1678 = CARTESIAN_POINT ( 'NONE',  ( 231.9659846704167592, -19.62276273648158664, 6.503998627434431690 ) ) ;
#1680 = EDGE_CURVE ( 'NONE', #4458, #1404, #7382, .T. ) ;
#1679 = AXIS2_PLACEMENT_3D ( 'NONE', #9373, #1116, #2671 ) ;
#1681 = EDGE_CURVE ( 'NONE', #6717, #5817, #2207, .T. ) ;
#1682 = CARTESIAN_POINT ( 'NONE',  ( 65.41292645289631480, 3.483595574595578892, -13.50000000000000355 ) ) ;
#1683 = VERTEX_POINT ( 'NONE', #3331 ) ;
#1684 = VERTEX_POINT ( 'NONE', #9302 ) ;
#1685 = DIRECTION ( 'NONE',  ( -0.3809044632332612146, -0.9246144006497958312, 0.000000000000000000 ) ) ;
#1686 = EDGE_CURVE ( 'NONE', #4558, #1069, #8376, .T. ) ;
#1687 = DIRECTION ( 'NONE',  ( -1.000000000000000000, 0.000000000000000000, 0.000000000000000000 ) ) ;
#1688 = DIRECTION ( 'NONE',  ( 0.000000000000000000, 0.000000000000000000, 1.000000000000000000 ) ) ;
#1690 = EDGE_CURVE ( 'NONE', #6931, #9274, #170, .T. ) ;
#1689 = DIRECTION ( 'NONE',  ( 0.9996727527214569475, 0.02558099814910921518, 0.000000000000000000 ) ) ;
#1691 = CARTESIAN_POINT ( 'NONE',  ( 216.5574139469214003, -20.38000552520849240, 5.000000000000025757 ) ) ;
#1692 = ORIENTED_EDGE ( 'NONE', *, *, #245, .F. ) ;
#1693 = EDGE_LOOP ( 'NONE', ( #876, #4231 ) ) ;
#1694 = EDGE_LOOP ( 'NONE', ( #9195, #3646, #4554, #8740, #5430 ) ) ;
#1695 = ORIENTED_EDGE ( 'NONE', *, *, #3568, .F. ) ;
#1696 = CARTESIAN_POINT ( 'NONE',  ( 231.3903241390710264, 19.83293777936157198, 6.974108152675035477 ) ) ;
#1697 = DIRECTION ( 'NONE',  ( -0.000000000000000000, -0.000000000000000000, -1.000000000000000000 ) ) ;
#1698 = DIRECTION ( 'NONE',  ( 1.000000000000000000, 0.000000000000000000, 0.000000000000000000 ) ) ;
#1699 = DIRECTION ( 'NONE',  ( 0.000000000000000000, 0.000000000000000000, -1.000000000000000000 ) ) ;
#1701 = EDGE_CURVE ( 'NONE', #7536, #4293, #2992, .T. ) ;
#1700 = CARTESIAN_POINT ( 'NONE',  ( 125.8715376064005795, -11.80549653021460088, -13.50000000000000355 ) ) ;
#1702 = LINE ( 'NONE', #8403, #2981 ) ;
#1703 = FACE_OUTER_BOUND ( 'NONE', #630, .T. ) ;
#1704 = ORIENTED_EDGE ( 'NONE', *, *, #7250, .F. ) ;
#1705 = PLANE ( 'NONE',  #2921 ) ;
#1706 = EDGE_LOOP ( 'NONE', ( #936, #7227, #7319, #1723 ) ) ;
#1707 = ORIENTED_EDGE ( 'NONE', *, *, #1701, .T. ) ;
#1708 = VERTEX_POINT ( 'NONE', #2497 ) ;
#1709 = FACE_OUTER_BOUND ( 'NONE', #804, .T. ) ;
#1710 = DIRECTION ( 'NONE',  ( 0.000000000000000000, 0.000000000000000000, 1.000000000000000000 ) ) ;
#1711 = CARTESIAN_POINT ( 'NONE',  ( 0.000000000000000000, 0.000000000000000000, -13.50000000000000000 ) ) ;
#1712 = FACE_OUTER_BOUND ( 'NONE', #5374, .T. ) ;
#1713 = ORIENTED_EDGE ( 'NONE', *, *, #4365, .F. ) ;
#1714 = DIRECTION ( 'NONE',  ( 0.02840083911569750083, -0.9995966148089558967, 0.000000000000000000 ) ) ;
#1715 = CARTESIAN_POINT ( 'NONE',  ( 237.8099440910440023, -1.110223024625156540E-13, 7.000000000000026645 ) ) ;
#1716 = ORIENTED_EDGE ( 'NONE', *, *, #1753, .F. ) ;
#1717 = DIRECTION ( 'NONE',  ( 1.000000000000000000, 0.000000000000000000, 0.000000000000000000 ) ) ;
#1718 = PRODUCT_RELATED_PRODUCT_CATEGORY ( 'part', '', ( #1742 ) ) ;
#1719 = CARTESIAN_POINT ( 'NONE',  ( 124.8040303810545453, -9.443713891797175464, 11.46710739012794278 ) ) ;
#1720 = DIRECTION ( 'NONE',  ( 1.000000000000000000, 5.421010862427517437E-15, 0.000000000000000000 ) ) ;
#1721 = CARTESIAN_POINT ( 'NONE',  ( 224.4860312251130949, 0.000000000000000000, -13.50000000000000000 ) ) ;
#1722 = CARTESIAN_POINT ( 'NONE',  ( 224.4860312251130949, 0.000000000000000000, 7.000000000000026645 ) ) ;
#1723 = ORIENTED_EDGE ( 'NONE', *, *, #6339, .F. ) ;
#1724 = VERTEX_POINT ( 'NONE', #942 ) ;
#1725 = CIRCLE ( 'NONE', #7660, 16.02499999999998437 ) ;
#1726 = ORIENTED_EDGE ( 'NONE', *, *, #7882, .F. ) ;
#1727 = AXIS2_PLACEMENT_3D ( 'NONE', #3522, #2148, #8027 ) ;
#1728 = ADVANCED_FACE ( 'NONE', ( #2602 ), #265, .F. ) ;
#1729 = EDGE_CURVE ( 'NONE', #1203, #4721, #413, .T. ) ;
#1730 = DIRECTION ( 'NONE',  ( 0.9995966148089557857, 0.02840083911570149763, 0.000000000000000000 ) ) ;
#1731 = CARTESIAN_POINT ( 'NONE',  ( 207.8408969284006957, 16.22645357823054724, 5.598746497877430173 ) ) ;
#1732 = VECTOR ( 'NONE', #585, 1000.000000000000000 ) ;
#1733 = EDGE_CURVE ( 'NONE', #6767, #6931, #3602, .T. ) ;
#1734 = CARTESIAN_POINT ( 'NONE',  ( 161.8570157395229785, -10.78306632204935767, 12.49999999999999822 ) ) ;
#1735 = CARTESIAN_POINT ( 'NONE',  ( 64.83748434228883184, -11.47335736921617944, 11.35151493817992296 ) ) ;
#1736 = VERTEX_POINT ( 'NONE', #3284 ) ;
#1737 = VERTEX_POINT ( 'NONE', #6271 ) ;
#1738 = ORIENTED_EDGE ( 'NONE', *, *, #3335, .F. ) ;
#1739 = ORIENTED_EDGE ( 'NONE', *, *, #4557, .T. ) ;
#1740 = VECTOR ( 'NONE', #5469, 1000.000000000000000 ) ;
#1741 = EDGE_CURVE ( 'NONE', #2168, #5633, #7594, .T. ) ;
#1742 = PRODUCT ( 'Tibia', 'Tibia', '', ( #64 ) ) ;
#1743 = DIRECTION ( 'NONE',  ( 1.000000000000000000, 0.000000000000000000, 0.000000000000000000 ) ) ;
#1744 = CARTESIAN_POINT ( 'NONE',  ( 124.4029922555354801, 4.671233594266323230, 10.98746836239024383 ) ) ;
#1745 = AXIS2_PLACEMENT_3D ( 'NONE', #2197, #896, #3881 ) ;
#1746 = CARTESIAN_POINT ( 'NONE',  ( 38.65102456598012992, -5.280000000000001137, -12.50000000000000000 ) ) ;
#1747 = CARTESIAN_POINT ( 'NONE',  ( 95.45762657539637530, 2.336427518448702223, 11.50000000000000000 ) ) ;
#1748 = ORIENTED_EDGE ( 'NONE', *, *, #8291, .F. ) ;
#1749 = DIRECTION ( 'NONE',  ( 0.000000000000000000, 0.000000000000000000, 1.000000000000000000 ) ) ;
#1750 = ORIENTED_EDGE ( 'NONE', *, *, #321, .F. ) ;
#1751 = VERTEX_POINT ( 'NONE', #8522 ) ;
#1752 = ORIENTED_EDGE ( 'NONE', *, *, #7178, .T. ) ;
#1753 = EDGE_CURVE ( 'NONE', #2101, #7190, #3885, .T. ) ;
#1754 = AXIS2_PLACEMENT_3D ( 'NONE', #5848, #8101, #3643 ) ;
#1755 = VECTOR ( 'NONE', #1770, 1000.000000000000000 ) ;
#1756 = DIRECTION ( 'NONE',  ( -0.000000000000000000, -0.000000000000000000, 1.000000000000000000 ) ) ;
#1757 = DIRECTION ( 'NONE',  ( -0.9995966148089557857, -0.02840083911570534872, -4.926760235145440158E-17 ) ) ;
#1758 = CYLINDRICAL_SURFACE ( 'NONE', #5015, 1.000000000000000888 ) ;
#1759 = DIRECTION ( 'NONE',  ( 1.000000000000000000, 0.000000000000000000, 0.000000000000000000 ) ) ;
#1760 = ORIENTED_EDGE ( 'NONE', *, *, #1417, .F. ) ;
#1761 = CARTESIAN_POINT ( 'NONE',  ( 64.46252153441332666, 1.723842611556918536, 11.50000000000000000 ) ) ;
#1762 = CIRCLE ( 'NONE', #509, 1.000000000000000888 ) ;
#1763 = LINE ( 'NONE', #1715, #9166 ) ;
#1764 = ORIENTED_EDGE ( 'NONE', *, *, #8850, .T. ) ;
#1765 = CARTESIAN_POINT ( 'NONE',  ( 72.43650417713804757, 2.753176416377149938, 11.27941984389223329 ) ) ;
#1766 = B_SPLINE_CURVE_WITH_KNOTS ( 'NONE', 3,
 ( #1386, #2196, #6603, #4371, #2153, #1473, #838, #7347 ),
 .UNSPECIFIED., .F., .F.,
 ( 4, 2, 2, 4 ),
 ( 0.000000000000000000, 0.0003907813093653651239, 0.0007815626187307302478, 0.001563125237461457677 ),
 .UNSPECIFIED. ) ;
#1767 = DIRECTION ( 'NONE',  ( 1.000000000000000000, 0.000000000000000000, 0.000000000000000000 ) ) ;
#1768 = DIRECTION ( 'NONE',  ( -0.000000000000000000, -0.000000000000000000, 1.000000000000000000 ) ) ;
#1769 = CARTESIAN_POINT ( 'NONE',  ( -25.67890820536242202, -332.0845003547361785, 13.50000000000000000 ) ) ;
#1770 = DIRECTION ( 'NONE',  ( -0.000000000000000000, -0.000000000000000000, 1.000000000000000000 ) ) ;
#1771 = VERTEX_POINT ( 'NONE', #3384 ) ;
#1772 = ORIENTED_EDGE ( 'NONE', *, *, #4890, .T. ) ;
#1773 = CARTESIAN_POINT ( 'NONE',  ( 244.0633470130435114, -7.597940940784649655, 6.264274088857914258 ) ) ;
#1774 = CARTESIAN_POINT ( 'NONE',  ( 0.000000000000000000, 0.000000000000000000, -12.50000000000000000 ) ) ;
#1775 = CARTESIAN_POINT ( 'NONE',  ( 194.4860312251130949, -21.00000000000000000, -13.50000000000000000 ) ) ;
#1776 = CARTESIAN_POINT ( 'NONE',  ( 223.0860312251130892, -15.00000000000000000, 13.50000000000000000 ) ) ;
#1777 = AXIS2_PLACEMENT_3D ( 'NONE', #7870, #523, #481 ) ;
#1778 = AXIS2_PLACEMENT_3D ( 'NONE', #2582, #4058, #6355 ) ;
#1779 = DIRECTION ( 'NONE',  ( 0.9994238686079635059, 0.03394010690455087631, 0.000000000000000000 ) ) ;
#1780 = ORIENTED_EDGE ( 'NONE', *, *, #6831, .T. ) ;
#1781 = EDGE_CURVE ( 'NONE', #3767, #8030, #2271, .T. ) ;
#1782 = EDGE_LOOP ( 'NONE', ( #5518, #6857, #2946, #3091 ) ) ;
#1783 = EDGE_CURVE ( 'NONE', #3067, #6111, #1033, .T. ) ;
#1784 = ORIENTED_EDGE ( 'NONE', *, *, #6897, .F. ) ;
#1785 = ORIENTED_EDGE ( 'NONE', *, *, #8961, .F. ) ;
#1786 = AXIS2_PLACEMENT_3D ( 'NONE', #6342, #2764, #7171 ) ;
#1787 = DIRECTION ( 'NONE',  ( -0.000000000000000000, -0.000000000000000000, 1.000000000000000000 ) ) ;
#1788 = CARTESIAN_POINT ( 'NONE',  ( 217.5817383111552203, -19.83293777936157198, 6.974108152675035477 ) ) ;
#1789 = CARTESIAN_POINT ( 'NONE',  ( 171.4776792904964395, 7.491648065383497368, 3.000000000000025313 ) ) ;
#1790 = DIRECTION ( 'NONE',  ( -1.224646799147353207E-16, 1.000000000000000000, 0.000000000000000000 ) ) ;
#1791 = CARTESIAN_POINT ( 'NONE',  ( 239.0926329429107113, -10.60660171779883321, -13.50000000000000000 ) ) ;
#1792 = EDGE_CURVE ( 'NONE', #8030, #520, #8378, .T. ) ;
#1793 = CARTESIAN_POINT ( 'NONE',  ( 38.65102456598012992, -5.280000000000001137, -6.500000000000000000 ) ) ;
#1794 = ORIENTED_EDGE ( 'NONE', *, *, #4385, .T. ) ;
#1795 = EDGE_CURVE ( 'NONE', #4868, #1467, #2903, .T. ) ;
#1796 = CIRCLE ( 'NONE', #2417, 2.000000000000000000 ) ;
#1797 = CIRCLE ( 'NONE', #853, 1.000000000000000888 ) ;
#1798 = LINE ( 'NONE', #7865, #9328 ) ;
#1799 = VERTEX_POINT ( 'NONE', #6374 ) ;
#1800 = VERTEX_POINT ( 'NONE', #5644 ) ;
#1801 = ORIENTED_EDGE ( 'NONE', *, *, #3605, .F. ) ;
#1802 = DIRECTION ( 'NONE',  ( 0.000000000000000000, 0.000000000000000000, 1.000000000000000000 ) ) ;
#1803 = VECTOR ( 'NONE', #8208, 999.9999999999998863 ) ;
#1804 = CIRCLE ( 'NONE', #3360, 1.000000000000000000 ) ;
#1805 = CYLINDRICAL_SURFACE ( 'NONE', #8527, 1.400000000000012346 ) ;
#1806 = CARTESIAN_POINT ( 'NONE',  ( 95.85523832301620928, -11.65792508887668077, -13.50000000000000355 ) ) ;
#1807 = DIRECTION ( 'NONE',  ( -1.000000000000000000, 0.000000000000000000, 0.000000000000000000 ) ) ;
#1808 = ORIENTED_EDGE ( 'NONE', *, *, #3513, .T. ) ;
#1809 = EDGE_CURVE ( 'NONE', #1737, #1617, #7596, .T. ) ;
#1810 = CARTESIAN_POINT ( 'NONE',  ( 183.7360312251131234, 7.500000000000000000, 5.000000000000026645 ) ) ;
#1811 = CARTESIAN_POINT ( 'NONE',  ( 199.4797820061678522, 9.499999999999996447, 13.50000000000000000 ) ) ;
#1812 = ORIENTED_EDGE ( 'NONE', *, *, #1663, .F. ) ;
#1813 = AXIS2_PLACEMENT_3D ( 'NONE', #4176, #5641, #8616 ) ;
#1814 = CARTESIAN_POINT ( 'NONE',  ( 38.65102456598012992, -5.280000000000000249, -5.500000000000000000 ) ) ;
#1815 = VECTOR ( 'NONE', #5004, 1000.000000000000000 ) ;
#1816 = DIRECTION ( 'NONE',  ( -0.000000000000000000, -0.000000000000000000, 1.000000000000000000 ) ) ;
#1817 = VECTOR ( 'NONE', #6442, 1000.000000000000000 ) ;
#1818 = CARTESIAN_POINT ( 'NONE',  ( 125.3603225023179562, 6.187242536346602151, -13.50000000000000355 ) ) ;
#1819 = AXIS2_PLACEMENT_3D ( 'NONE', #2960, #7327, #40 ) ;
#1820 = ORIENTED_EDGE ( 'NONE', *, *, #9264, .T. ) ;
#1821 = DIRECTION ( 'NONE',  ( -1.000000000000000000, 0.000000000000000000, 0.000000000000000000 ) ) ;
#1822 = CARTESIAN_POINT ( 'NONE',  ( 174.7360312251130949, -3.999999999999995559, -13.50000000000000355 ) ) ;
#1823 = ORIENTED_EDGE ( 'NONE', *, *, #3884, .F. ) ;
#1824 = AXIS2_PLACEMENT_3D ( 'NONE', #983, #3970, #4749 ) ;
#1825 = ORIENTED_EDGE ( 'NONE', *, *, #3006, .T. ) ;
#1826 = CIRCLE ( 'NONE', #8381, 0.9999999999999998890 ) ;
#1827 = LINE ( 'NONE', #6421, #1045 ) ;
#1828 = AXIS2_PLACEMENT_3D ( 'NONE', #9595, #1636, #8389 ) ;
#1829 = CARTESIAN_POINT ( 'NONE',  ( 232.4860312251130949, 0.000000000000000000, 2.688821387764050996E-14 ) ) ;
#1830 = DIRECTION ( 'NONE',  ( 0.000000000000000000, -1.000000000000000000, 0.000000000000000000 ) ) ;
#1831 = VECTOR ( 'NONE', #6205, 1000.000000000000000 ) ;
#1832 = TOROIDAL_SURFACE ( 'NONE', #9473, 17.02499999999999858, 1.000000000000000000 ) ;
#1833 = LINE ( 'NONE', #3292, #9626 ) ;
#1834 = FACE_BOUND ( 'NONE', #7365, .T. ) ;
#1835 = VERTEX_POINT ( 'NONE', #8028 ) ;
#1836 = ORIENTED_EDGE ( 'NONE', *, *, #7113, .F. ) ;
#1837 = ORIENTED_EDGE ( 'NONE', *, *, #2501, .T. ) ;
#1838 = ORIENTED_EDGE ( 'NONE', *, *, #3993, .T. ) ;
#1839 = AXIS2_PLACEMENT_3D ( 'NONE', #8857, #5143, #5187 ) ;
#1840 = ADVANCED_FACE ( 'NONE', ( #1329 ), #1283, .F. ) ;
#1841 = CARTESIAN_POINT ( 'NONE',  ( 207.9792671324381672, -19.94158668939437007, 5.000000000000024869 ) ) ;
#1842 = PLANE ( 'NONE',  #7415 ) ;
#1843 = DIRECTION ( 'NONE',  ( 0.000000000000000000, 0.000000000000000000, 1.000000000000000000 ) ) ;
#1844 = DIRECTION ( 'NONE',  ( -0.02840083911567757233, 0.9995966148089566738, 0.000000000000000000 ) ) ;
#1845 = DIRECTION ( 'NONE',  ( 0.000000000000000000, 0.000000000000000000, 1.000000000000000000 ) ) ;
#1846 = DIRECTION ( 'NONE',  ( 0.000000000000000000, 0.000000000000000000, -1.000000000000000000 ) ) ;
#1847 = ORIENTED_EDGE ( 'NONE', *, *, #535, .F. ) ;
#1848 = DIRECTION ( 'NONE',  ( -0.9246144006498036028, -0.3809044632332425073, 0.000000000000000000 ) ) ;
#1849 = ORIENTED_EDGE ( 'NONE', *, *, #2290, .T. ) ;
#1850 = ORIENTED_EDGE ( 'NONE', *, *, #7738, .T. ) ;
#1851 = VERTEX_POINT ( 'NONE', #8760 ) ;
#1852 = EDGE_CURVE ( 'NONE', #7245, #371, #3376, .T. ) ;
#1853 = DIRECTION ( 'NONE',  ( -0.000000000000000000, -0.000000000000000000, -1.000000000000000000 ) ) ;
#1854 = ADVANCED_FACE ( 'NONE', ( #454 ), #4125, .F. ) ;
#1855 = EDGE_CURVE ( 'NONE', #1961, #2390, #4221, .T. ) ;
#1856 = CARTESIAN_POINT ( 'NONE',  ( 172.2923958633378447, 7.500000000000001776, 3.787148380936758763 ) ) ;
#1857 = LINE ( 'NONE', #8413, #1493 ) ;
#1858 = DIRECTION ( 'NONE',  ( -1.000000000000000000, 0.000000000000000000, 0.000000000000000000 ) ) ;
#1859 = DIRECTION ( 'NONE',  ( 1.000000000000000000, 0.000000000000000000, 0.000000000000000000 ) ) ;
#1860 = EDGE_CURVE ( 'NONE', #7522, #5070, #7298, .T. ) ;
#1861 = DIRECTION ( 'NONE',  ( -0.02840083911570532790, 0.9995966148089558967, 0.000000000000000000 ) ) ;
#1862 = VERTEX_POINT ( 'NONE', #2787 ) ;
#1863 = CARTESIAN_POINT ( 'NONE',  ( 206.0213399441580577, 20.96406490876244177, 5.000000000000025757 ) ) ;
#1864 = FACE_OUTER_BOUND ( 'NONE', #3397, .T. ) ;
#1865 = EDGE_CURVE ( 'NONE', #6621, #3977, #3574, .T. ) ;
#1866 = DIRECTION ( 'NONE',  ( -0.9246144006497944989, 0.3809044632332644897, -0.000000000000000000 ) ) ;
#1867 = DIRECTION ( 'NONE',  ( -0.9995966148089557857, -0.02840083911570142478, 0.000000000000000000 ) ) ;
#1868 = DIRECTION ( 'NONE',  ( 1.000000000000000000, 0.000000000000000000, 0.000000000000000000 ) ) ;
#1869 = ORIENTED_EDGE ( 'NONE', *, *, #2548, .T. ) ;
#1870 = FACE_OUTER_BOUND ( 'NONE', #9660, .T. ) ;
#1871 = DIRECTION ( 'NONE',  ( 0.9970236526615781081, -0.07709627768812779558, -2.161950420470233704E-16 ) ) ;
#1872 = ORIENTED_EDGE ( 'NONE', *, *, #4869, .F. ) ;
#1873 = ORIENTED_EDGE ( 'NONE', *, *, #5651, .T. ) ;
#1874 = LINE ( 'NONE', #4763, #2754 ) ;
#1875 = EDGE_CURVE ( 'NONE', #3189, #8450, #8529, .T. ) ;
#1876 = DIRECTION ( 'NONE',  ( 0.000000000000000000, -1.000000000000000000, 0.000000000000000000 ) ) ;
#1877 = AXIS2_PLACEMENT_3D ( 'NONE', #1216, #9271, #1065 ) ;
#1878 = CARTESIAN_POINT ( 'NONE',  ( 231.0926329429113650, 10.60660171779759509, -13.50000000000000000 ) ) ;
#1879 = DIRECTION ( 'NONE',  ( -1.000000000000000000, 8.881784197001256268E-16, 0.000000000000000000 ) ) ;
#1880 = DIRECTION ( 'NONE',  ( 1.000000000000000000, 0.000000000000000000, 0.000000000000000000 ) ) ;
#1881 = ORIENTED_EDGE ( 'NONE', *, *, #4659, .F. ) ;
#1882 = AXIS2_PLACEMENT_3D ( 'NONE', #7496, #3828, #6080 ) ;
#1883 = VERTEX_POINT ( 'NONE', #8666 ) ;
#1884 = ORIENTED_EDGE ( 'NONE', *, *, #2989, .F. ) ;
#1885 = CARTESIAN_POINT ( 'NONE',  ( 208.2622992717284092, -19.59507364710273336, 5.000000000000024869 ) ) ;
#1886 = AXIS2_PLACEMENT_3D ( 'NONE', #5583, #2438, #8414 ) ;
#1887 = CARTESIAN_POINT ( 'NONE',  ( 161.3742014745560880, 6.210076129702891023, 12.49999999999999822 ) ) ;
#1888 = CARTESIAN_POINT ( 'NONE',  ( 224.4860312251130949, 0.000000000000000000, 6.000000000000027534 ) ) ;
#1889 = CARTESIAN_POINT ( 'NONE',  ( 224.4860312251130665, -20.82391286593089674, 7.000000000000026645 ) ) ;
#1890 = LINE ( 'NONE', #7174, #2514 ) ;
#1891 = DIRECTION ( 'NONE',  ( -0.9995966148089560077, -0.02840083911569745226, 0.000000000000000000 ) ) ;
#1892 = EDGE_LOOP ( 'NONE', ( #1044, #8189, #6575, #4106 ) ) ;
#1893 = CARTESIAN_POINT ( 'NONE',  ( 233.4860312251130949, 0.000000000000000000, 4.000000000000026645 ) ) ;
#1894 = ORIENTED_EDGE ( 'NONE', *, *, #4509, .F. ) ;
#1895 = ORIENTED_EDGE ( 'NONE', *, *, #9380, .F. ) ;
#1896 = EDGE_LOOP ( 'NONE', ( #2648, #6364, #7330, #8029, #8255, #8496 ) ) ;
#1897 = AXIS2_PLACEMENT_3D ( 'NONE', #816, #720, #2868 ) ;
#1898 = CARTESIAN_POINT ( 'NONE',  ( 25.65102456598012637, -5.280000000000002025, -6.500000000000000000 ) ) ;
#1899 = DIRECTION ( 'NONE',  ( -0.000000000000000000, -0.000000000000000000, 1.000000000000000000 ) ) ;
#1900 = LINE ( 'NONE', #5769, #1038 ) ;
#1901 = CYLINDRICAL_SURFACE ( 'NONE', #961, 16.02499999999998437 ) ;
#1902 = FACE_OUTER_BOUND ( 'NONE', #5671, .T. ) ;
#1903 = DIRECTION ( 'NONE',  ( 0.000000000000000000, 0.000000000000000000, 1.000000000000000000 ) ) ;
#1904 = ORIENTED_EDGE ( 'NONE', *, *, #5916, .F. ) ;
#1905 = DIRECTION ( 'NONE',  ( 1.000000000000000000, 0.000000000000000000, 0.000000000000000000 ) ) ;
#1906 = EDGE_CURVE ( 'NONE', #4167, #3540, #1659, .T. ) ;
#1907 = EDGE_CURVE ( 'NONE', #4281, #7313, #564, .T. ) ;
#1908 = VECTOR ( 'NONE', #8864, 1000.000000000000227 ) ;
#1909 = CARTESIAN_POINT ( 'NONE',  ( 72.45929445288503246, 1.951049324482543090, 11.50000000000000000 ) ) ;
#1910 = DIRECTION ( 'NONE',  ( 0.9995966148089557857, 0.02840083911570135886, 0.000000000000000000 ) ) ;
#1911 = CARTESIAN_POINT ( 'NONE',  ( 23.53903642683990327, -9.500000000000001776, 13.50000000000000000 ) ) ;
#1912 = DIRECTION ( 'NONE',  ( -0.9907978612145638131, 0.1353499102794156750, -0.000000000000000000 ) ) ;
#1913 = AXIS2_PLACEMENT_3D ( 'NONE', #2073, #4149, #5802 ) ;
#1914 = ORIENTED_EDGE ( 'NONE', *, *, #2000, .F. ) ;
#1915 = FACE_OUTER_BOUND ( 'NONE', #6008, .T. ) ;
#1916 = AXIS2_PLACEMENT_3D ( 'NONE', #3779, #7543, #5892 ) ;
#1917 = CARTESIAN_POINT ( 'NONE',  ( 102.8528180118699566, -11.48752005418247180, -13.50000000000000355 ) ) ;
#1918 = EDGE_LOOP ( 'NONE', ( #473, #6765 ) ) ;
#1919 = EDGE_CURVE ( 'NONE', #6567, #5925, #4906, .T. ) ;
#1920 = ORIENTED_EDGE ( 'NONE', *, *, #1008, .T. ) ;
#1921 = EDGE_CURVE ( 'NONE', #5925, #6154, #4324, .T. ) ;
#1922 = CARTESIAN_POINT ( 'NONE',  ( 0.000000000000000000, 0.000000000000000000, 12.50000000000000000 ) ) ;
#1923 = CARTESIAN_POINT ( 'NONE',  ( 224.4860312251130949, 15.00000000000000000, 7.000000000000026645 ) ) ;
#1924 = CARTESIAN_POINT ( 'NONE',  ( 225.7747233112290814, -14.45294176984343792, 7.000000000000026645 ) ) ;
#1925 = CARTESIAN_POINT ( 'NONE',  ( 176.7360312251131234, 0.000000000000000000, 5.000000000000026645 ) ) ;
#1926 = ADVANCED_FACE ( 'NONE', ( #5691 ), #545, .F. ) ;
#1927 = FACE_OUTER_BOUND ( 'NONE', #8762, .T. ) ;
#1928 = ORIENTED_EDGE ( 'NONE', *, *, #9602, .T. ) ;
#1929 = EDGE_LOOP ( 'NONE', ( #5416, #6335 ) ) ;
#1930 = EDGE_CURVE ( 'NONE', #4814, #7412, #3685, .T. ) ;
#1931 = ORIENTED_EDGE ( 'NONE', *, *, #8122, .T. ) ;
#1932 = DIRECTION ( 'NONE',  ( 0.02840083911569750083, -0.9995966148089558967, 0.000000000000000000 ) ) ;
#1933 = DIRECTION ( 'NONE',  ( 0.000000000000000000, 0.000000000000000000, 1.000000000000000000 ) ) ;
#1934 = CARTESIAN_POINT ( 'NONE',  ( 205.4249851275956189, 21.00000000000000000, 5.000000000000026645 ) ) ;
#1935 = DIRECTION ( 'NONE',  ( -0.9995966148089557857, -0.02840083911570149416, 0.000000000000000000 ) ) ;
#1936 = DIRECTION ( 'NONE',  ( 1.000000000000000000, 0.000000000000000000, 0.000000000000000000 ) ) ;
#1937 = ORIENTED_EDGE ( 'NONE', *, *, #5977, .F. ) ;
#1938 = CARTESIAN_POINT ( 'NONE',  ( 216.4860312251130949, 9.797174393178839462E-16, 1.000000000000026867 ) ) ;
#1939 = VERTEX_POINT ( 'NONE', #3723 ) ;
#1940 = EDGE_LOOP ( 'NONE', ( #8057, #3758, #6589, #9364, #6082 ) ) ;
#1941 = ORIENTED_EDGE ( 'NONE', *, *, #4965, .F. ) ;
#1942 = AXIS2_PLACEMENT_3D ( 'NONE', #7183, #1266, #6488 ) ;
#1943 = AXIS2_PLACEMENT_3D ( 'NONE', #5974, #8948, #8222 ) ;
#1944 = CARTESIAN_POINT ( 'NONE',  ( -12.00000000000000533, 1.469576158976824539E-15, -5.500000000000000000 ) ) ;
#1945 = CARTESIAN_POINT ( 'NONE',  ( 72.41090968972655162, 3.654000609285256385, 10.52840656793764218 ) ) ;
#1946 = CARTESIAN_POINT ( 'NONE',  ( 125.4171241805493509, 4.188049306728692578, -13.50000000000000355 ) ) ;
#1947 = AXIS2_PLACEMENT_3D ( 'NONE', #3748, #2865, #5858 ) ;
#1948 = CIRCLE ( 'NONE', #1477, 1.000000000000000888 ) ;
#1949 = AXIS2_PLACEMENT_3D ( 'NONE', #2665, #9459, #4827 ) ;
#1950 = CARTESIAN_POINT ( 'NONE',  ( 202.0696895077852560, -20.99999999999998934, 12.62143572590883878 ) ) ;
#1951 = DIRECTION ( 'NONE',  ( -0.000000000000000000, -0.000000000000000000, -1.000000000000000000 ) ) ;
#1952 = CARTESIAN_POINT ( 'NONE',  ( -25.67890820536242202, -332.0845003547361785, -13.50000000000000000 ) ) ;
#1953 = ORIENTED_EDGE ( 'NONE', *, *, #1193, .F. ) ;
#1954 = CARTESIAN_POINT ( 'NONE',  ( 125.8999384455162840, -12.80509314502355522, 12.49999999999999822 ) ) ;
#1955 = FACE_OUTER_BOUND ( 'NONE', #5705, .T. ) ;
#1956 = AXIS2_PLACEMENT_3D ( 'NONE', #9348, #2312, #3840 ) ;
#1957 = AXIS2_PLACEMENT_3D ( 'NONE', #4563, #2305, #7316 ) ;
#1958 = DIRECTION ( 'NONE',  ( 1.000000000000000000, 0.000000000000000000, 0.000000000000000000 ) ) ;
#1959 = DIRECTION ( 'NONE',  ( -0.9994238686079632838, -0.03394010690455372820, 0.000000000000000000 ) ) ;
#1960 = DIRECTION ( 'NONE',  ( 1.000000000000000000, 0.000000000000000000, 0.000000000000000000 ) ) ;
#1961 = VERTEX_POINT ( 'NONE', #6794 ) ;
#1962 = DIRECTION ( 'NONE',  ( 1.224646799147353207E-16, 1.000000000000000000, -0.000000000000000000 ) ) ;
#1963 = AXIS2_PLACEMENT_3D ( 'NONE', #1609, #5294, #828 ) ;
#1964 = DIRECTION ( 'NONE',  ( 1.000000000000000000, 0.000000000000000000, 0.000000000000000000 ) ) ;
#1965 = VERTEX_POINT ( 'NONE', #8858 ) ;
#1966 = ORIENTED_EDGE ( 'NONE', *, *, #2805, .F. ) ;
#1967 = EDGE_CURVE ( 'NONE', #5954, #6260, #7489, .T. ) ;
#1968 = DIRECTION ( 'NONE',  ( -1.000000000000000000, 0.000000000000000000, 0.000000000000000000 ) ) ;
#1969 = CIRCLE ( 'NONE', #5725, 1.000000000000000000 ) ;
#1970 = CARTESIAN_POINT ( 'NONE',  ( 224.4860312251130949, 0.000000000000000000, 2.688821387764050996E-14 ) ) ;
#1971 = AXIS2_PLACEMENT_3D ( 'NONE', #6444, #8651, #7927 ) ;
#1972 = DIRECTION ( 'NONE',  ( 0.000000000000000000, -0.000000000000000000, -1.000000000000000000 ) ) ;
#1973 = EDGE_CURVE ( 'NONE', #8741, #2560, #1506, .T. ) ;
#1974 = EDGE_CURVE ( 'NONE', #3977, #1331, #7747, .T. ) ;
#1975 = DIRECTION ( 'NONE',  ( 1.000000000000000000, 0.000000000000000000, 0.000000000000000000 ) ) ;
#1976 = AXIS2_PLACEMENT_3D ( 'NONE', #7840, #4319, #1964 ) ;
#1977 = AXIS2_PLACEMENT_3D ( 'NONE', #6232, #6275, #9207 ) ;
#1978 = DIRECTION ( 'NONE',  ( -0.000000000000000000, -0.000000000000000000, 1.000000000000000000 ) ) ;
#1979 = PRODUCT_DEFINITION_FORMATION_WITH_SPECIFIED_SOURCE ( 'ANY', '', #1742, .NOT_KNOWN. ) ;
#1980 = ORIENTED_EDGE ( 'NONE', *, *, #9253, .F. ) ;
#1981 = ORIENTED_EDGE ( 'NONE', *, *, #5324, .F. ) ;
#1982 = VECTOR ( 'NONE', #6344, 1000.000000000000227 ) ;
#1983 = ORIENTED_EDGE ( 'NONE', *, *, #350, .T. ) ;
#1984 = AXIS2_PLACEMENT_3D ( 'NONE', #3465, #6309, #5771 ) ;
#1985 = CIRCLE ( 'NONE', #2762, 2.000000000000001776 ) ;
#1986 = CARTESIAN_POINT ( 'NONE',  ( 202.5500354108230283, -7.086948854312479895, 5.055887648719720850 ) ) ;
#1987 = CARTESIAN_POINT ( 'NONE',  ( -13.00000000000000533, 1.592040838891559687E-15, 1.499999999999999556 ) ) ;
#1988 = ADVANCED_FACE ( 'NONE', ( #57 ), #7389, .T. ) ;
#1989 = AXIS2_PLACEMENT_3D ( 'NONE', #6762, #4574, #2362 ) ;
#1990 = DIRECTION ( 'NONE',  ( 0.000000000000000000, 0.000000000000000000, 1.000000000000000000 ) ) ;
#1991 = DIRECTION ( 'NONE',  ( -1.000000000000000000, 0.000000000000000000, 0.000000000000000000 ) ) ;
#1992 = DIRECTION ( 'NONE',  ( -1.000000000000000000, 0.000000000000000000, -0.000000000000000000 ) ) ;
#1993 = VERTEX_POINT ( 'NONE', #1466 ) ;
#1994 = CIRCLE ( 'NONE', #8232, 0.9999999999999997780 ) ;
#1995 = EDGE_CURVE ( 'NONE', #8921, #822, #8042, .T. ) ;
#1996 = ORIENTED_EDGE ( 'NONE', *, *, #5274, .T. ) ;
#1997 = ORIENTED_EDGE ( 'NONE', *, *, #7115, .F. ) ;
#1998 = ORIENTED_EDGE ( 'NONE', *, *, #4299, .T. ) ;
#1999 = ORIENTED_EDGE ( 'NONE', *, *, #1260, .T. ) ;
#2000 = EDGE_CURVE ( 'NONE', #5804, #2401, #3850, .T. ) ;
#2001 = CARTESIAN_POINT ( 'NONE',  ( 102.3988081339952316, 4.506025782756291953, 10.52840656793764929 ) ) ;
#2002 = CARTESIAN_POINT ( 'NONE',  ( 72.86451618241024164, -12.31114438853780690, 11.50000000000000000 ) ) ;
#2003 = DIRECTION ( 'NONE',  ( 0.000000000000000000, 0.000000000000000000, 1.000000000000000000 ) ) ;
#2004 = EDGE_LOOP ( 'NONE', ( #4578, #21 ) ) ;
#2005 = LINE ( 'NONE', #4945, #3732 ) ;
#2006 = DIRECTION ( 'NONE',  ( 1.000000000000000000, 0.000000000000000000, 0.000000000000000000 ) ) ;
#2007 = DIRECTION ( 'NONE',  ( 0.1931389886569367387, 0.9811714075841059257, 0.000000000000000000 ) ) ;
#2008 = B_SPLINE_CURVE_WITH_KNOTS ( 'NONE', 3,
 ( #9606, #765, #2959, #1551, #5078, #1362, #3008, #2223, #8061, #4351, #2920, #3749, #6724, #1503, #5908, #7326 ),
 .UNSPECIFIED., .F., .F.,
 ( 4, 2, 2, 2, 2, 2, 2, 4 ),
 ( 0.000000000000000000, 0.0004017844422445200040, 0.0008035688844890400079, 0.001205353326733560066, 0.001607137768978081317, 0.002410706653467105387, 0.002812491095711629890, 0.003214275537956153526 ),
 .UNSPECIFIED. ) ;
#2009 = DIRECTION ( 'NONE',  ( 0.000000000000000000, 0.000000000000000000, 1.000000000000000000 ) ) ;
#2010 = DIRECTION ( 'NONE',  ( 0.000000000000000000, 0.000000000000000000, 1.000000000000000000 ) ) ;
#2011 = CARTESIAN_POINT ( 'NONE',  ( 204.7346246302292343, 18.04007864516053061, 13.50000000000000000 ) ) ;
#2012 = CARTESIAN_POINT ( 'NONE',  ( 0.000000000000000000, 0.000000000000000000, -12.50000000000000000 ) ) ;
#2013 = ORIENTED_EDGE ( 'NONE', *, *, #3529, .F. ) ;
#2014 = VERTEX_POINT ( 'NONE', #8 ) ;
#2015 = DIRECTION ( 'NONE',  ( 0.000000000000000000, 0.000000000000000000, 1.000000000000000000 ) ) ;
#2016 = DIRECTION ( 'NONE',  ( 1.000000000000000000, 0.000000000000000000, 0.000000000000000000 ) ) ;
#2017 = CARTESIAN_POINT ( 'NONE',  ( 225.1468064301008951, -13.75846952828645797, 6.806795028590620689 ) ) ;
#2018 = CARTESIAN_POINT ( 'NONE',  ( 95.82683748390050482, -10.65832847406772821, -13.50000000000000355 ) ) ;
#2019 = CARTESIAN_POINT ( 'NONE',  ( 72.41010275655905559, 3.682401448405487443, 10.49999999999999645 ) ) ;
#2020 = ORIENTED_EDGE ( 'NONE', *, *, #8897, .F. ) ;
#2021 = ORIENTED_EDGE ( 'NONE', *, *, #2635, .F. ) ;
#2022 = ORIENTED_EDGE ( 'NONE', *, *, #5275, .T. ) ;
#2023 = EDGE_CURVE ( 'NONE', #1965, #1352, #5299, .T. ) ;
#2024 = EDGE_CURVE ( 'NONE', #6600, #797, #1423, .T. ) ;
#2025 = AXIS2_PLACEMENT_3D ( 'NONE', #5567, #3307, #1936 ) ;
#2026 = DIRECTION ( 'NONE',  ( 1.000000000000000000, -4.336808689942013792E-16, 0.000000000000000000 ) ) ;
#2027 = LINE ( 'NONE', #9267, #9584 ) ;
#2028 = DIRECTION ( 'NONE',  ( -0.000000000000000000, -0.000000000000000000, -1.000000000000000000 ) ) ;
#2029 = AXIS2_PLACEMENT_3D ( 'NONE', #5154, #556, #1242 ) ;
#2030 = LINE ( 'NONE', #5022, #9163 ) ;
#2031 = CARTESIAN_POINT ( 'NONE',  ( 0.000000000000000000, 0.000000000000000000, 6.500000000000000000 ) ) ;
#2032 = VERTEX_POINT ( 'NONE', #784 ) ;
#2033 = VERTEX_POINT ( 'NONE', #6649 ) ;
#2034 = ORIENTED_EDGE ( 'NONE', *, *, #2447, .T. ) ;
#2035 = VERTEX_POINT ( 'NONE', #2100 ) ;
#2036 = EDGE_CURVE ( 'NONE', #4156, #9200, #5574, .T. ) ;
#2037 = VECTOR ( 'NONE', #5962, 1000.000000000000000 ) ;
#2038 = DIRECTION ( 'NONE',  ( 1.000000000000000000, 0.000000000000000000, 0.000000000000000000 ) ) ;
#2039 = FACE_OUTER_BOUND ( 'NONE', #8617, .T. ) ;
#2040 = DIRECTION ( 'NONE',  ( 0.9995966148089557857, 0.02840083911570120273, -0.000000000000000000 ) ) ;
#2041 = CARTESIAN_POINT ( 'NONE',  ( 204.7104564306528687, -18.40695733310915472, 13.50000000000000355 ) ) ;
#2042 = VECTOR ( 'NONE', #4496, 1000.000000000000000 ) ;
#2043 = CARTESIAN_POINT ( 'NONE',  ( 240.8860312251131006, 1.714505518806299075E-16, 13.50000000000000000 ) ) ;
#2044 = CARTESIAN_POINT ( 'NONE',  ( 60.32727407613655402, -10.66654917920000578, 10.49999999999999822 ) ) ;
#2045 = ORIENTED_EDGE ( 'NONE', *, *, #6022, .T. ) ;
#2046 = CARTESIAN_POINT ( 'NONE',  ( 205.4249851275956189, 21.00000000000000000, 5.000000000000026645 ) ) ;
#2047 = ADVANCED_FACE ( 'NONE', ( #5238 ), #8265, .T. ) ;
#2048 = CARTESIAN_POINT ( 'NONE',  ( 124.7943484561498906, -9.102948630598406865, 11.50000000000000000 ) ) ;
#2049 = LINE ( 'NONE', #4313, #345 ) ;
#2050 = CARTESIAN_POINT ( 'NONE',  ( 101.3984045860187422, 4.506025782760822551, 10.49999999999999645 ) ) ;
#2051 = CARTESIAN_POINT ( 'NONE',  ( 238.1070532617283959, -0.2776903142478444608, 6.708554952502840507 ) ) ;
#2052 = FACE_OUTER_BOUND ( 'NONE', #2772, .T. ) ;
#2053 = AXIS2_PLACEMENT_3D ( 'NONE', #2736, #4998, #5821 ) ;
#2054 = DIRECTION ( 'NONE',  ( 0.9995966148089557857, 0.02840083911570135539, 0.000000000000000000 ) ) ;
#2055 = EDGE_LOOP ( 'NONE', ( #4401, #1494, #6672, #2151, #1457 ) ) ;
#2056 = EDGE_LOOP ( 'NONE', ( #3445, #2954, #7068, #3285 ) ) ;
#2057 = LINE ( 'NONE', #7305, #5428 ) ;
#2058 = CARTESIAN_POINT ( 'NONE',  ( 64.45759890066737796, 1.897099746965590139, 11.50000000000000000 ) ) ;
#2059 = AXIS2_PLACEMENT_3D ( 'NONE', #1399, #3739, #6715 ) ;
#2060 = AXIS2_PLACEMENT_3D ( 'NONE', #8867, #1533, #2202 ) ;
#2061 = CARTESIAN_POINT ( 'NONE',  ( 223.3263474394777006, -14.20400059561396588, 6.979998203745023666 ) ) ;
#2062 = DIRECTION ( 'NONE',  ( 0.9994238686079632838, 0.03394010690455372820, -0.000000000000000000 ) ) ;
#2063 = ORIENTED_EDGE ( 'NONE', *, *, #6103, .T. ) ;
#2064 = ORIENTED_EDGE ( 'NONE', *, *, #1781, .F. ) ;
#2065 = CIRCLE ( 'NONE', #1145, 0.9999999999999998890 ) ;
#2066 = ORIENTED_EDGE ( 'NONE', *, *, #9490, .F. ) ;
#2067 = CARTESIAN_POINT ( 'NONE',  ( 202.5689639511721225, -7.080833535980152860, 4.999999999999977796 ) ) ;
#2068 = FACE_BOUND ( 'NONE', #1694, .T. ) ;
#2069 = DIRECTION ( 'NONE',  ( 1.000000000000000000, 0.000000000000000000, 0.000000000000000000 ) ) ;
#2070 = ADVANCED_FACE ( 'NONE', ( #8895 ), #3769, .F. ) ;
#2071 = EDGE_CURVE ( 'NONE', #3694, #1965, #6808, .T. ) ;
#2072 = DIRECTION ( 'NONE',  ( 0.3809044632332377334, -0.9246144006498054901, 0.000000000000000000 ) ) ;
#2073 = CARTESIAN_POINT ( 'NONE',  ( 71.86491956760129085, -12.33954522765350603, 10.49999999999999645 ) ) ;
#2074 = ORIENTED_EDGE ( 'NONE', *, *, #8433, .T. ) ;
#2075 = ORIENTED_EDGE ( 'NONE', *, *, #7349, .T. ) ;
#2076 = ORIENTED_EDGE ( 'NONE', *, *, #6108, .F. ) ;
#2077 = ORIENTED_EDGE ( 'NONE', *, *, #5324, .T. ) ;
#2078 = EDGE_CURVE ( 'NONE', #9500, #9331, #6744, .T. ) ;
#2079 = DIRECTION ( 'NONE',  ( 0.000000000000000000, 0.000000000000000000, 1.000000000000000000 ) ) ;
#2080 = DIRECTION ( 'NONE',  ( 1.000000000000000000, 0.000000000000000000, -0.000000000000000000 ) ) ;
#2081 = CARTESIAN_POINT ( 'NONE',  ( 14.45821995543455785, -16.10512032616561484, -13.50000000000000355 ) ) ;
#2082 = EDGE_CURVE ( 'NONE', #5169, #8845, #833, .T. ) ;
#2083 = EDGE_CURVE ( 'NONE', #1353, #6567, #2435, .T. ) ;
#2084 = DIRECTION ( 'NONE',  ( 1.000000000000000000, 0.000000000000000000, 0.000000000000000000 ) ) ;
#2085 = CARTESIAN_POINT ( 'NONE',  ( 203.5910858953155298, -20.29419000255492023, 13.46577200337203095 ) ) ;
#2086 = DIRECTION ( 'NONE',  ( -1.000000000000000000, -1.776356839400251254E-15, 0.000000000000000000 ) ) ;
#2087 = VECTOR ( 'NONE', #3218, 1000.000000000000000 ) ;
#2088 = CIRCLE ( 'NONE', #8033, 4.000000000000003553 ) ;
#2089 = FACE_OUTER_BOUND ( 'NONE', #571, .T. ) ;
#2090 = ORIENTED_EDGE ( 'NONE', *, *, #8036, .T. ) ;
#2091 = ORIENTED_EDGE ( 'NONE', *, *, #7250, .T. ) ;
#2092 = CARTESIAN_POINT ( 'NONE',  ( 183.7360312251131234, -6.500000000000000000, 5.000000000000026645 ) ) ;
#2093 = AXIS2_PLACEMENT_3D ( 'NONE', #1887, #4976, #466 ) ;
#2094 = AXIS2_PLACEMENT_3D ( 'NONE', #7579, #6938, #1759 ) ;
#2095 = AXIS2_PLACEMENT_3D ( 'NONE', #7664, #2326, #4536 ) ;
#2096 = EDGE_CURVE ( 'NONE', #7167, #5692, #1028, .T. ) ;
#2097 = CARTESIAN_POINT ( 'NONE',  ( 71.35370446351868168, 5.653193838907698776, 12.50000000000000000 ) ) ;
#2098 = CARTESIAN_POINT ( 'NONE',  ( 206.6069923482054946, 16.29847543284357059, 8.257165788677191642 ) ) ;
#2099 = CARTESIAN_POINT ( 'NONE',  ( 183.7360312251131234, -6.500000000000000000, -13.50000000000000355 ) ) ;
#2100 = CARTESIAN_POINT ( 'NONE',  ( 65.38452561378061034, 4.483192189404533678, 12.49999999999999822 ) ) ;
#2101 = VERTEX_POINT ( 'NONE', #9147 ) ;
#2102 = ORIENTED_EDGE ( 'NONE', *, *, #2152, .F. ) ;
#2103 = AXIS2_PLACEMENT_3D ( 'NONE', #3427, #1278, #4267 ) ;
#2104 = CIRCLE ( 'NONE', #5242, 1.000000000000000888 ) ;
#2105 = DIRECTION ( 'NONE',  ( -1.000000000000000000, -9.912705577010397533E-16, 0.000000000000000000 ) ) ;
#2106 = DIRECTION ( 'NONE',  ( -1.000000000000000000, 0.000000000000000000, 0.000000000000000000 ) ) ;
#2107 = DIRECTION ( 'NONE',  ( 0.000000000000000000, 0.000000000000000000, -1.000000000000000000 ) ) ;
#2108 = ADVANCED_FACE ( 'NONE', ( #3082 ), #721, .F. ) ;
#2109 = CIRCLE ( 'NONE', #8207, 4.000000000000003553 ) ;
#2110 = DIRECTION ( 'NONE',  ( 0.000000000000000000, 0.000000000000000000, 1.000000000000000000 ) ) ;
#2111 = CARTESIAN_POINT ( 'NONE',  ( 63.41373322327839901, 3.426793896364200176, 12.50000000000000000 ) ) ;
#2112 = EDGE_LOOP ( 'NONE', ( #6272, #1128, #5601, #227 ) ) ;
#2113 = ORIENTED_EDGE ( 'NONE', *, *, #3581, .F. ) ;
#2114 = EDGE_LOOP ( 'NONE', ( #1000, #700 ) ) ;
#2115 = AXIS2_PLACEMENT_3D ( 'NONE', #3871, #8503, #7034 ) ;
#2116 = DIRECTION ( 'NONE',  ( 0.000000000000000000, 0.000000000000000000, 1.000000000000000000 ) ) ;
#2117 = AXIS2_PLACEMENT_3D ( 'NONE', #7794, #6228, #5401 ) ;
#2118 = CARTESIAN_POINT ( 'NONE',  ( 72.83852858617558468, -11.39648432805975276, 11.27138653862093776 ) ) ;
#2119 = DIRECTION ( 'NONE',  ( -0.000000000000000000, -0.000000000000000000, -1.000000000000000000 ) ) ;
#2120 = AXIS2_PLACEMENT_3D ( 'NONE', #1297, #8821, #511 ) ;
#2121 = CARTESIAN_POINT ( 'NONE',  ( 26.65102456598012282, -5.279999999999998472, -5.500000000000000000 ) ) ;
#2122 = CIRCLE ( 'NONE', #3690, 20.99999999999998934 ) ;
#2123 = DIRECTION ( 'NONE',  ( 0.000000000000000000, 0.000000000000000000, -1.000000000000000000 ) ) ;
#2124 = ORIENTED_EDGE ( 'NONE', *, *, #2901, .F. ) ;
#2125 = ORIENTED_EDGE ( 'NONE', *, *, #6219, .T. ) ;
#2126 = VERTEX_POINT ( 'NONE', #6217 ) ;
#2127 = VERTEX_POINT ( 'NONE', #4701 ) ;
#2128 = CIRCLE ( 'NONE', #3860, 2.150000000000012790 ) ;
#2129 = AXIS2_PLACEMENT_3D ( 'NONE', #6377, #5544, #1968 ) ;
#2130 = EDGE_CURVE ( 'NONE', #5123, #8995, #575, .T. ) ;
#2131 = CIRCLE ( 'NONE', #5113, 0.9999999999999900080 ) ;
#2132 = CARTESIAN_POINT ( 'NONE',  ( 217.9285927008110662, 21.00000000000000000, 5.000000000000026645 ) ) ;
#2133 = LINE ( 'NONE', #8974, #9278 ) ;
#2134 = DIRECTION ( 'NONE',  ( -1.000000000000000000, 0.000000000000000000, 0.000000000000000000 ) ) ;
#2135 = AXIS2_PLACEMENT_3D ( 'NONE', #3573, #2237, #4364 ) ;
#2136 = ADVANCED_FACE ( 'NONE', ( #6996 ), #2444, .T. ) ;
#2137 = PLANE ( 'NONE',  #2433 ) ;
#2138 = CARTESIAN_POINT ( 'NONE',  ( 101.8528180118699566, -11.48752005418247180, -13.50000000000000355 ) ) ;
#2139 = DIRECTION ( 'NONE',  ( 0.02840083911569750430, -0.9995966148089558967, 0.000000000000000000 ) ) ;
#2140 = ORIENTED_EDGE ( 'NONE', *, *, #1995, .F. ) ;
#2141 = DIRECTION ( 'NONE',  ( 1.000000000000000000, 0.000000000000000000, 0.000000000000000000 ) ) ;
#2142 = VERTEX_POINT ( 'NONE', #1811 ) ;
#2143 = ORIENTED_EDGE ( 'NONE', *, *, #7003, .F. ) ;
#2144 = EDGE_CURVE ( 'NONE', #9355, #3310, #8363, .T. ) ;
#2145 = EDGE_CURVE ( 'NONE', #3015, #3694, #5741, .T. ) ;
#2146 = DIRECTION ( 'NONE',  ( -0.000000000000000000, -0.000000000000000000, -1.000000000000000000 ) ) ;
#2147 = CARTESIAN_POINT ( 'NONE',  ( 194.4913300903186268, 20.58578643762690064, 13.50000000000000000 ) ) ;
#2148 = DIRECTION ( 'NONE',  ( -0.3809044632332573288, -0.9246144006497974965, 0.000000000000000000 ) ) ;
#2149 = CARTESIAN_POINT ( 'NONE',  ( 224.4860312251130949, 0.000000000000000000, -13.50000000000000000 ) ) ;
#2150 = CARTESIAN_POINT ( 'NONE',  ( 20.40300712272194517, -16.91721978784210734, -13.50000000000000355 ) ) ;
#2151 = ORIENTED_EDGE ( 'NONE', *, *, #1974, .F. ) ;
#2152 = EDGE_CURVE ( 'NONE', #956, #2216, #6039, .T. ) ;
#2153 = CARTESIAN_POINT ( 'NONE',  ( 217.0755203714145409, 19.64924546128576210, 6.614924286081887317 ) ) ;
#2154 = CARTESIAN_POINT ( 'NONE',  ( 101.4268054251344751, 3.506429167951869097, 10.49999999999999822 ) ) ;
#2155 = CARTESIAN_POINT ( 'NONE',  ( 0.000000000000000000, 0.000000000000000000, 0.000000000000000000 ) ) ;
#2156 = CYLINDRICAL_SURFACE ( 'NONE', #2029, 0.9999999999999998890 ) ;
#2157 = CARTESIAN_POINT ( 'NONE',  ( 103.3975978156366864, 4.562827460992237683, 13.50000000000000000 ) ) ;
#2158 = ORIENTED_EDGE ( 'NONE', *, *, #7878, .T. ) ;
#2159 = VERTEX_POINT ( 'NONE', #6262 ) ;
#2160 = VERTEX_POINT ( 'NONE', #2486 ) ;
#2161 = ADVANCED_FACE ( 'NONE', ( #3921 ), #8075, .T. ) ;
#2162 = ADVANCED_FACE ( 'NONE', ( #300 ), #1668, .F. ) ;
#2163 = DIRECTION ( 'NONE',  ( -0.02840083911569750083, 0.9995966148089558967, -0.000000000000000000 ) ) ;
#2164 = DIRECTION ( 'NONE',  ( -0.02840083911569927372, 0.9995966148089558967, -0.000000000000000000 ) ) ;
#2165 = DIRECTION ( 'NONE',  ( 0.9246144006498060453, 0.3809044632332364566, 0.000000000000000000 ) ) ;
#2166 = DIRECTION ( 'NONE',  ( -0.000000000000000000, -0.000000000000000000, 1.000000000000000000 ) ) ;
#2167 = ORIENTED_EDGE ( 'NONE', *, *, #2593, .T. ) ;
#2168 = VERTEX_POINT ( 'NONE', #210 ) ;
#2169 = ORIENTED_EDGE ( 'NONE', *, *, #2710, .F. ) ;
#2170 = ORIENTED_EDGE ( 'NONE', *, *, #708, .F. ) ;
#2171 = LINE ( 'NONE', #8058, #1348 ) ;
#2172 = DIRECTION ( 'NONE',  ( -1.000000000000000000, 0.000000000000000000, 0.000000000000000000 ) ) ;
#2173 = VECTOR ( 'NONE', #2139, 1000.000000000000114 ) ;
#2174 = DIRECTION ( 'NONE',  ( 0.000000000000000000, 0.000000000000000000, 1.000000000000000000 ) ) ;
#2175 = DIRECTION ( 'NONE',  ( 0.9995966148089557857, 0.02840083911570149416, -0.000000000000000000 ) ) ;
#2176 = CARTESIAN_POINT ( 'NONE',  ( 237.2426329429107170, -10.60660171779883321, -11.50000000000000000 ) ) ;
#2177 = ORIENTED_EDGE ( 'NONE', *, *, #7882, .T. ) ;
#2178 = DIRECTION ( 'NONE',  ( -0.02840083911569145358, 0.9995966148089561187, 0.000000000000000000 ) ) ;
#2179 = EDGE_LOOP ( 'NONE', ( #8719, #7367, #9569 ) ) ;
#2180 = VERTEX_POINT ( 'NONE', #8463 ) ;
#2181 = CIRCLE ( 'NONE', #5935, 313.0758497737028279 ) ;
#2182 = DIRECTION ( 'NONE',  ( -0.02840083911569927372, 0.9995966148089558967, 0.000000000000000000 ) ) ;
#2183 = DIRECTION ( 'NONE',  ( 0.000000000000000000, -1.000000000000000000, 0.000000000000000000 ) ) ;
#2184 = AXIS2_PLACEMENT_3D ( 'NONE', #5921, #3811, #2934 ) ;
#2185 = EDGE_CURVE ( 'NONE', #3767, #3724, #9095, .T. ) ;
#2186 = CARTESIAN_POINT ( 'NONE',  ( 125.8999384455162840, -12.80509314502355522, 12.49999999999999822 ) ) ;
#2187 = CARTESIAN_POINT ( 'NONE',  ( 163.8286149004072740, -9.783469707240403324, 13.49999999999999822 ) ) ;
#2188 = EDGE_CURVE ( 'NONE', #2876, #7564, #1763, .T. ) ;
#2189 = CARTESIAN_POINT ( 'NONE',  ( 38.65102456598012992, -5.280000000000000249, -12.50000000000000000 ) ) ;
#2190 = ADVANCED_FACE ( 'NONE', ( #3876 ), #9001, .T. ) ;
#2191 = DIRECTION ( 'NONE',  ( -0.02840083911570534872, 0.9995966148089557857, 0.000000000000000000 ) ) ;
#2192 = CARTESIAN_POINT ( 'NONE',  ( 94.40122828235602981, 4.307219908950941090, 11.50000000000000000 ) ) ;
#2193 = ORIENTED_EDGE ( 'NONE', *, *, #4987, .T. ) ;
#2194 = PLANE ( 'NONE',  #1198 ) ;
#2195 = EDGE_CURVE ( 'NONE', #4355, #2475, #2128, .T. ) ;
#2196 = CARTESIAN_POINT ( 'NONE',  ( 216.8880902843286265, 19.57731578793045202, 6.132135713115665077 ) ) ;
#2197 = CARTESIAN_POINT ( 'NONE',  ( 125.8431367672848751, -10.80589991540564654, 10.49999999999999645 ) ) ;
#2198 =( NAMED_UNIT ( * ) PLANE_ANGLE_UNIT ( ) SI_UNIT ( $, .RADIAN. ) );
#2199 = CIRCLE ( 'NONE', #655, 1.400000000000012346 ) ;
#2200 = DIRECTION ( 'NONE',  ( 0.000000000000000000, 0.000000000000000000, -1.000000000000000000 ) ) ;
#2201 = EDGE_CURVE ( 'NONE', #5097, #9587, #1081, .T. ) ;
#2202 = DIRECTION ( 'NONE',  ( 1.000000000000000000, -8.673617379884027583E-16, 0.000000000000000000 ) ) ;
#2203 = EDGE_LOOP ( 'NONE', ( #926, #6208, #7864, #2813 ) ) ;
#2204 = VERTEX_POINT ( 'NONE', #1616 ) ;
#2205 = EDGE_LOOP ( 'NONE', ( #198, #9082 ) ) ;
#2206 = VECTOR ( 'NONE', #2314, 1000.000000000000000 ) ;
#2207 = CIRCLE ( 'NONE', #3469, 2.150000000000012790 ) ;
#2208 = LINE ( 'NONE', #6668, #5733 ) ;
#2209 = CARTESIAN_POINT ( 'NONE',  ( 72.83425750399719334, -11.24615921725248846, 11.35151115349260742 ) ) ;
#2210 = EDGE_CURVE ( 'NONE', #4411, #6260, #7288, .T. ) ;
#2212 = EDGE_CURVE ( 'NONE', #9521, #520, #892, .T. ) ;
#2211 = CARTESIAN_POINT ( 'NONE',  ( 38.65102456598012992, -5.280000000000000249, -13.50000000000000000 ) ) ;
#2213 = CIRCLE ( 'NONE', #7697, 13.00000000000000533 ) ;
#2214 = FACE_OUTER_BOUND ( 'NONE', #5222, .T. ) ;
#2215 = ORIENTED_EDGE ( 'NONE', *, *, #8817, .F. ) ;
#2216 = VERTEX_POINT ( 'NONE', #2779 ) ;
#2217 = ORIENTED_EDGE ( 'NONE', *, *, #23, .F. ) ;
#2218 = ORIENTED_EDGE ( 'NONE', *, *, #5196, .F. ) ;
#2219 = DIRECTION ( 'NONE',  ( 0.000000000000000000, 0.000000000000000000, 1.000000000000000000 ) ) ;
#2220 = CIRCLE ( 'NONE', #7701, 4.000000000000003553 ) ;
#2221 = DIRECTION ( 'NONE',  ( 1.000000000000000000, 0.000000000000000000, 0.000000000000000000 ) ) ;
#2222 = CARTESIAN_POINT ( 'NONE',  ( 125.8431367672848751, -10.80589991540564654, 12.49999999999999822 ) ) ;
#2223 = CARTESIAN_POINT ( 'NONE',  ( 198.9375012431904395, -7.927251794116690675, 12.74263008002465547 ) ) ;
#2224 = CARTESIAN_POINT ( 'NONE',  ( 224.4860312251131234, 20.82391286593089674, 6.000000000000026645 ) ) ;
#2225 = ADVANCED_FACE ( 'NONE', ( #2590 ), #4842, .F. ) ;
#2226 = CARTESIAN_POINT ( 'NONE',  ( 163.8278081300252040, -9.726668029008980199, 12.50000000000000000 ) ) ;
#2227 = DIRECTION ( 'NONE',  ( -0.000000000000000000, -0.000000000000000000, 1.000000000000000000 ) ) ;
#2228 = ORIENTED_EDGE ( 'NONE', *, *, #9570, .F. ) ;
#2229 = CARTESIAN_POINT ( 'NONE',  ( 125.3887233414336606, 5.187645921537647808, 10.49999999999999645 ) ) ;
#2230 = ORIENTED_EDGE ( 'NONE', *, *, #5905, .T. ) ;
#2231 = ORIENTED_EDGE ( 'NONE', *, *, #3638, .F. ) ;
#2232 = CARTESIAN_POINT ( 'NONE',  ( 213.8794295073149101, 10.60660171779823457, 5.000000000000026645 ) ) ;
#2233 = CARTESIAN_POINT ( 'NONE',  ( 131.3863030302874222, 5.358050956231856787, -13.50000000000000355 ) ) ;
#2234 = B_SPLINE_CURVE_WITH_KNOTS ( 'NONE', 3,
 ( #583, #5812, #7871, #9516, #1267, #1171, #7971, #3417, #7185, #8788 ),
 .UNSPECIFIED., .F., .F.,
 ( 4, 2, 2, 2, 4 ),
 ( 0.003280592725984755528, 0.003697279765763803426, 0.004113966805542851324, 0.004530653845321898354, 0.004947340885100946252 ),
 .UNSPECIFIED. ) ;
#2235 = DIRECTION ( 'NONE',  ( 0.000000000000000000, 0.000000000000000000, 1.000000000000000000 ) ) ;
#2236 = CARTESIAN_POINT ( 'NONE',  ( 103.8520112414878724, -11.43071837595106466, 13.50000000000000000 ) ) ;
#2237 = DIRECTION ( 'NONE',  ( -0.000000000000000000, -0.000000000000000000, 1.000000000000000000 ) ) ;
#2238 = VERTEX_POINT ( 'NONE', #8019 ) ;
#2239 = DIRECTION ( 'NONE',  ( 0.9996727527214570586, 0.02558099814910960029, -0.000000000000000000 ) ) ;
#2240 = CARTESIAN_POINT ( 'NONE',  ( 224.4860312251130949, 21.00000000000000000, 6.000000000000027534 ) ) ;
#2241 = ORIENTED_EDGE ( 'NONE', *, *, #7640, .F. ) ;
#2242 = DIRECTION ( 'NONE',  ( -0.000000000000000000, -0.000000000000000000, 1.000000000000000000 ) ) ;
#2243 = VECTOR ( 'NONE', #2531, 1000.000000000000000 ) ;
#2244 = AXIS2_PLACEMENT_3D ( 'NONE', #5998, #8881, #8976 ) ;
#2245 = ADVANCED_FACE ( 'NONE', ( #1127 ), #5579, .T. ) ;
#2246 = DIRECTION ( 'NONE',  ( -0.9995966148089557857, -0.02840083911570164335, 0.000000000000000000 ) ) ;
#2247 = DIRECTION ( 'NONE',  ( 0.000000000000000000, 0.000000000000000000, 1.000000000000000000 ) ) ;
#2248 = CYLINDRICAL_SURFACE ( 'NONE', #9215, 1.000000000000003109 ) ;
#2249 = EDGE_CURVE ( 'NONE', #3002, #8888, #3065, .T. ) ;
#2250 = AXIS2_PLACEMENT_3D ( 'NONE', #7908, #9366, #3448 ) ;
#2251 = EDGE_CURVE ( 'NONE', #2390, #1862, #9320, .T. ) ;
#2252 = CARTESIAN_POINT ( 'NONE',  ( 5.923161627867837176, 20.14736102645091265, -13.50000000000000000 ) ) ;
#2253 = EDGE_LOOP ( 'NONE', ( #3896, #2685, #820, #2013 ) ) ;
#2254 = ORIENTED_EDGE ( 'NONE', *, *, #6366, .T. ) ;
#2255 = CARTESIAN_POINT ( 'NONE',  ( 199.1925691112843708, 7.500000000000000000, 10.17124022969358599 ) ) ;
#2256 = EDGE_CURVE ( 'NONE', #2561, #6462, #4793, .T. ) ;
#2257 = EDGE_CURVE ( 'NONE', #263, #6006, #6357, .T. ) ;
#2258 = AXIS2_PLACEMENT_3D ( 'NONE', #349, #6086, #3327 ) ;
#2259 = AXIS2_PLACEMENT_3D ( 'NONE', #840, #7361, #3827 ) ;
#2260 = DIRECTION ( 'NONE',  ( 0.000000000000000000, 0.000000000000000000, 1.000000000000000000 ) ) ;
#2261 = CARTESIAN_POINT ( 'NONE',  ( 54.67602456598011429, -5.280000000000001137, 6.500000000000000000 ) ) ;
#2262 = CARTESIAN_POINT ( 'NONE',  ( 204.6341951285521645, 18.75763115764281963, 13.49999999999999822 ) ) ;
#2263 = PLANE ( 'NONE',  #1135 ) ;
#2264 = ADVANCED_FACE ( 'NONE', ( #394 ), #3371, .T. ) ;
#2265 = ORIENTED_EDGE ( 'NONE', *, *, #2212, .F. ) ;
#2266 = ORIENTED_EDGE ( 'NONE', *, *, #5683, .F. ) ;
#2267 = AXIS2_PLACEMENT_3D ( 'NONE', #6125, #9103, #990 ) ;
#2268 = ORIENTED_EDGE ( 'NONE', *, *, #542, .T. ) ;
#2269 = ORIENTED_EDGE ( 'NONE', *, *, #8961, .T. ) ;
#2270 = CARTESIAN_POINT ( 'NONE',  ( 224.4860312251130949, 0.000000000000000000, 2.688821387764050996E-14 ) ) ;
#2271 = CIRCLE ( 'NONE', #8697, 20.99999999999997158 ) ;
#2272 = ADVANCED_FACE ( 'NONE', ( #5588 ), #4486, .T. ) ;
#2273 = CIRCLE ( 'NONE', #4008, 12.00000000000000533 ) ;
#2274 = DIRECTION ( 'NONE',  ( 1.000000000000000000, 0.000000000000000000, 0.000000000000000000 ) ) ;
#2275 = DIRECTION ( 'NONE',  ( -0.000000000000000000, -0.000000000000000000, 1.000000000000000000 ) ) ;
#2276 = AXIS2_PLACEMENT_3D ( 'NONE', #1063, #6878, #7619 ) ;
#2277 = CARTESIAN_POINT ( 'NONE',  ( 194.4860312251130949, -21.00000000000000000, -12.50000000000000000 ) ) ;
#2278 = FACE_OUTER_BOUND ( 'NONE', #4902, .T. ) ;
#2279 = B_SPLINE_CURVE_WITH_KNOTS ( 'NONE', 3,
 ( #3619, #2098, #7941, #4271, #2739, #3429, #5093, #1235, #6597, #9486, #8663, #1378 ),
 .UNSPECIFIED., .F., .F.,
 ( 4, 2, 2, 2, 2, 4 ),
 ( 3.469446951953613804E-18, 0.0007202899884208492252, 0.001440579976841694981, 0.001800724971052103168, 0.002160869965262511138, 0.002881159953683338354 ),
 .UNSPECIFIED. ) ;
#2280 = CYLINDRICAL_SURFACE ( 'NONE', #8912, 1.000000000000000888 ) ;
#2281 = VECTOR ( 'NONE', #5225, 1000.000000000000000 ) ;
#2282 = CARTESIAN_POINT ( 'NONE',  ( 25.19280461054556852, 10.82512032616560838, 13.50000000000000178 ) ) ;
#2283 = EDGE_LOOP ( 'NONE', ( #8878, #3453, #4759, #3792, #1246, #4983, #7166, #2800 ) ) ;
#2284 = CIRCLE ( 'NONE', #893, 1.000000000000000888 ) ;
#2285 = AXIS2_PLACEMENT_3D ( 'NONE', #135, #9592, #908 ) ;
#2286 = DIRECTION ( 'NONE',  ( -1.000000000000000000, 0.000000000000000000, 0.000000000000000000 ) ) ;
#2287 = EDGE_LOOP ( 'NONE', ( #4800, #8410, #4290, #3297, #3710, #5646, #5364, #4724, #291, #4856, #3399, #9022 ) ) ;
#2288 = ORIENTED_EDGE ( 'NONE', *, *, #5025, .T. ) ;
#2289 = ORIENTED_EDGE ( 'NONE', *, *, #448, .F. ) ;
#2290 = EDGE_CURVE ( 'NONE', #1302, #4000, #2684, .T. ) ;
#2291 = AXIS2_PLACEMENT_3D ( 'NONE', #332, #9333, #7027 ) ;
#2292 = CARTESIAN_POINT ( 'NONE',  ( 38.65102456598012992, -5.280000000000001137, 13.50000000000000000 ) ) ;
#2293 = TOROIDAL_SURFACE ( 'NONE', #5743, 13.00000000000000533, 1.000000000000000000 ) ;
#2294 = DIRECTION ( 'NONE',  ( 0.000000000000000000, 0.000000000000000000, 1.000000000000000000 ) ) ;
#2295 = CARTESIAN_POINT ( 'NONE',  ( 131.3863030302874222, 5.358050956231856787, 12.49999999999999822 ) ) ;
#2296 = DIRECTION ( 'NONE',  ( -0.000000000000000000, -0.000000000000000000, -1.000000000000000000 ) ) ;
#2297 = CARTESIAN_POINT ( 'NONE',  ( 230.4960248293368181, 18.34803385491479943, 7.000000000000026645 ) ) ;
#2298 = EDGE_LOOP ( 'NONE', ( #4654, #8071, #5059, #5389, #8427, #7553, #318, #9023 ) ) ;
#2299 = CARTESIAN_POINT ( 'NONE',  ( 232.0839721658975918, -19.57731578793045202, 5.000000000000026645 ) ) ;
#2300 = DIRECTION ( 'NONE',  ( 1.000000000000000000, 0.000000000000000000, 0.000000000000000000 ) ) ;
#2301 = ORIENTED_EDGE ( 'NONE', *, *, #4847, .F. ) ;
#2302 = CIRCLE ( 'NONE', #5283, 2.000000000000001776 ) ;
#2303 = CARTESIAN_POINT ( 'NONE',  ( 94.44549734493607218, 2.749124920436623931, 11.49999999999999645 ) ) ;
#2304 = CARTESIAN_POINT ( 'NONE',  ( 155.4050226248180309, 5.040074480199727702, -13.50000000000000355 ) ) ;
#2305 = DIRECTION ( 'NONE',  ( -0.9246144006497917234, 0.3809044632332714286, 0.000000000000000000 ) ) ;
#2306 = CARTESIAN_POINT ( 'NONE',  ( 232.0839721658975918, -19.57731578793045202, 6.000000000000026645 ) ) ;
#2307 = CARTESIAN_POINT ( 'NONE',  ( 153.3774285560844248, 5.982869416777329086, 13.50000000000000000 ) ) ;
#2308 = VERTEX_POINT ( 'NONE', #4166 ) ;
#2309 = ORIENTED_EDGE ( 'NONE', *, *, #8791, .F. ) ;
#2310 = FACE_OUTER_BOUND ( 'NONE', #9658, .T. ) ;
#2311 = LINE ( 'NONE', #5356, #3221 ) ;
#2312 = DIRECTION ( 'NONE',  ( 0.000000000000000000, 0.000000000000000000, 1.000000000000000000 ) ) ;
#2313 = CARTESIAN_POINT ( 'NONE',  ( 194.4860312251130949, -20.00000000000000000, -13.50000000000000000 ) ) ;
#2314 = DIRECTION ( 'NONE',  ( -0.000000000000000000, -0.000000000000000000, -1.000000000000000000 ) ) ;
#2315 = ORIENTED_EDGE ( 'NONE', *, *, #5325, .T. ) ;
#2316 = ADVANCED_FACE ( 'NONE', ( #5679 ), #7603, .T. ) ;
#2317 = ORIENTED_EDGE ( 'NONE', *, *, #7646, .T. ) ;
#2318 = EDGE_CURVE ( 'NONE', #255, #2827, #7932, .T. ) ;
#2319 = EDGE_LOOP ( 'NONE', ( #4747, #6532, #5331, #8646, #6048, #3911, #3452, #2731 ) ) ;
#2320 = ORIENTED_EDGE ( 'NONE', *, *, #5631, .T. ) ;
#2321 = CARTESIAN_POINT ( 'NONE',  ( 231.1424328030263382, 19.91713629098204308, 7.000000000000026645 ) ) ;
#2322 = EDGE_CURVE ( 'NONE', #807, #6238, #8848, .T. ) ;
#2323 = EDGE_CURVE ( 'NONE', #6337, #7453, #7142, .T. ) ;
#2324 = CARTESIAN_POINT ( 'NONE',  ( 176.7360312251131234, -3.999999999999994671, 5.000000000000026645 ) ) ;
#2325 = CYLINDRICAL_SURFACE ( 'NONE', #9284, 1.000000000000000888 ) ;
#2326 = DIRECTION ( 'NONE',  ( 0.1353499102794153142, 0.9907978612145639241, 0.000000000000000000 ) ) ;
#2327 = CARTESIAN_POINT ( 'NONE',  ( 167.7360312251131234, 3.500000000000000000, 11.50000000000000000 ) ) ;
#2328 = CARTESIAN_POINT ( 'NONE',  ( 239.0926329429113650, 10.60660171779759509, -13.50000000000000000 ) ) ;
#2329 = DIRECTION ( 'NONE',  ( -1.000000000000000000, 0.000000000000000000, 0.000000000000000000 ) ) ;
#2330 = EDGE_LOOP ( 'NONE', ( #3834, #3080, #8160, #3311 ) ) ;
#2331 = EDGE_CURVE ( 'NONE', #4468, #5804, #1272, .T. ) ;
#2332 = CARTESIAN_POINT ( 'NONE',  ( 94.81137257828477516, -10.12822856929343907, 11.50000000000000000 ) ) ;
#2333 = ORIENTED_EDGE ( 'NONE', *, *, #2322, .T. ) ;
#2334 = ORIENTED_EDGE ( 'NONE', *, *, #8950, .T. ) ;
#2335 = VERTEX_POINT ( 'NONE', #530 ) ;
#2336 = VECTOR ( 'NONE', #5867, 1000.000000000000000 ) ;
#2337 = EDGE_CURVE ( 'NONE', #7570, #1401, #8386, .T. ) ;
#2338 = CARTESIAN_POINT ( 'NONE',  ( 95.85523832301620928, -11.65792508887668077, 11.50000000000000000 ) ) ;
#2339 = CARTESIAN_POINT ( 'NONE',  ( 182.4860312251131234, -11.10660171779823813, 13.50000000000000000 ) ) ;
#2340 = CYLINDRICAL_SURFACE ( 'NONE', #6565, 1.000000000000000888 ) ;
#2341 = AXIS2_PLACEMENT_3D ( 'NONE', #3630, #5788, #7950 ) ;
#2342 = CARTESIAN_POINT ( 'NONE',  ( 208.4052947556740492, 16.63001088519607507, 5.000000000000027534 ) ) ;
#2343 = EDGE_LOOP ( 'NONE', ( #2478, #9206 ) ) ;
#2344 = EDGE_CURVE ( 'NONE', #5309, #5669, #5260, .T. ) ;
#2345 = DIRECTION ( 'NONE',  ( -0.000000000000000000, -0.000000000000000000, 1.000000000000000000 ) ) ;
#2346 = DIRECTION ( 'NONE',  ( -1.000000000000000000, 0.000000000000000000, 0.000000000000000000 ) ) ;
#2347 = ORIENTED_EDGE ( 'NONE', *, *, #7831, .T. ) ;
#2348 = CARTESIAN_POINT ( 'NONE',  ( 13.00000000000000533, 0.000000000000000000, 1.499999999999999556 ) ) ;
#2349 = CIRCLE ( 'NONE', #788, 1.400000000000012346 ) ;
#2350 = LINE ( 'NONE', #8317, #7881 ) ;
#2351 = DIRECTION ( 'NONE',  ( -0.000000000000000000, -0.000000000000000000, -1.000000000000000000 ) ) ;
#2352 = DIRECTION ( 'NONE',  ( -0.02840083911569148134, 0.9995966148089561187, 0.000000000000000000 ) ) ;
#2353 = DIRECTION ( 'NONE',  ( 0.9995966148089557857, 0.02840083911570534872, -0.000000000000000000 ) ) ;
#2354 = CYLINDRICAL_SURFACE ( 'NONE', #2843, 1.000000000000000888 ) ;
#2355 = VERTEX_POINT ( 'NONE', #6730 ) ;
#2356 = AXIS2_PLACEMENT_3D ( 'NONE', #6294, #9126, #8344 ) ;
#2357 = ORIENTED_EDGE ( 'NONE', *, *, #1260, .F. ) ;
#2358 =( BOUNDED_CURVE ( )  B_SPLINE_CURVE ( 3, ( #2882, #5876, #2147, #3 ),
 .UNSPECIFIED., .F., .T. ) 
 B_SPLINE_CURVE_WITH_KNOTS ( ( 4, 4 ),
 ( 3.141592653589794892, 4.712388980384689674 ),
 .UNSPECIFIED. ) 
 CURVE ( )  GEOMETRIC_REPRESENTATION_ITEM ( )  RATIONAL_B_SPLINE_CURVE ( ( 1.000000000000000000, 0.8047378541243654926, 0.8047378541243654926, 1.000000000000000000 ) ) 
 REPRESENTATION_ITEM ( '' )  );
#2359 = EDGE_LOOP ( 'NONE', ( #3645, #9218, #707, #9261, #628, #7133 ) ) ;
#2360 = CARTESIAN_POINT ( 'NONE',  ( 23.53903642683990327, 9.500000000000001776, 13.50000000000000000 ) ) ;
#2361 = LINE ( 'NONE', #7549, #6483 ) ;
#2362 = DIRECTION ( 'NONE',  ( -1.000000000000000000, 0.000000000000000000, 0.000000000000000000 ) ) ;
#2363 = DIRECTION ( 'NONE',  ( 0.000000000000000000, -1.000000000000000000, 0.000000000000000000 ) ) ;
#2364 = ORIENTED_EDGE ( 'NONE', *, *, #55, .F. ) ;
#2365 = ORIENTED_EDGE ( 'NONE', *, *, #8025, .T. ) ;
#2366 = ORIENTED_EDGE ( 'NONE', *, *, #207, .T. ) ;
#2367 = ORIENTED_EDGE ( 'NONE', *, *, #4274, .T. ) ;
#2368 = CARTESIAN_POINT ( 'NONE',  ( 231.6187245066325318, 19.75194593333839066, 6.873975239275169180 ) ) ;
#2369 = EDGE_CURVE ( 'NONE', #2699, #8202, #2926, .T. ) ;
#2370 = CARTESIAN_POINT ( 'NONE',  ( 208.3338072643014129, -16.49002651262815533, 5.000000000000026645 ) ) ;
#2371 = CARTESIAN_POINT ( 'NONE',  ( 29.99856556247945960, 0.4765850250364433993, 10.49999999999999822 ) ) ;
#2372 = CIRCLE ( 'NONE', #3313, 0.9999999999999992228 ) ;
#2373 = DIRECTION ( 'NONE',  ( -0.02558099814910960029, 0.9996727527214570586, 0.000000000000000000 ) ) ;
#2374 = LINE ( 'NONE', #4781, #4791 ) ;
#2375 = CARTESIAN_POINT ( 'NONE',  ( 239.4860312251130949, 0.000000000000000000, -13.50000000000000000 ) ) ;
#2376 = CARTESIAN_POINT ( 'NONE',  ( 171.7360312251131234, -7.500000000000000000, 3.375330474728925445 ) ) ;
#2377 = ORIENTED_EDGE ( 'NONE', *, *, #6801, .F. ) ;
#2379 = EDGE_CURVE ( 'NONE', #6858, #7669, #7085, .T. ) ;
#2378 = CARTESIAN_POINT ( 'NONE',  ( 237.2426329429113707, 10.60660171779759509, 5.000000000000026645 ) ) ;
#2380 = ORIENTED_EDGE ( 'NONE', *, *, #5076, .T. ) ;
#2381 = ORIENTED_EDGE ( 'NONE', *, *, #9135, .T. ) ;
#2382 = ORIENTED_EDGE ( 'NONE', *, *, #668, .T. ) ;
#2383 = AXIS2_PLACEMENT_3D ( 'NONE', #8894, #5341, #886 ) ;
#2384 = ADVANCED_FACE ( 'NONE', ( #8069 ), #274, .T. ) ;
#2385 = EDGE_CURVE ( 'NONE', #5461, #2335, #5133, .T. ) ;
#2386 = DIRECTION ( 'NONE',  ( -1.000000000000000000, 0.000000000000000000, 0.000000000000000000 ) ) ;
#2387 = CARTESIAN_POINT ( 'NONE',  ( 244.4031675160952091, 6.656401577913122480, 7.000000000000026645 ) ) ;
#2388 = CARTESIAN_POINT ( 'NONE',  ( 5.641106312255087296, 19.18796288233420100, -12.50000000000000000 ) ) ;
#2389 = CARTESIAN_POINT ( 'NONE',  ( 217.9285927008110662, -21.00000000000000000, 5.000000000000026645 ) ) ;
#2390 = VERTEX_POINT ( 'NONE', #3013 ) ;
#2391 = DIRECTION ( 'NONE',  ( 1.000000000000000000, 0.000000000000000000, 0.000000000000000000 ) ) ;
#2392 = ORIENTED_EDGE ( 'NONE', *, *, #5014, .F. ) ;
#2393 = DIRECTION ( 'NONE',  ( 0.3809044632332612146, 0.9246144006497958312, -0.000000000000000000 ) ) ;
#2394 = CARTESIAN_POINT ( 'NONE',  ( 101.4268054251344466, 3.506429167951867765, 10.49999999999999645 ) ) ;
#2395 = ADVANCED_FACE ( 'NONE', ( #8792 ), #7282, .F. ) ;
#2396 = CARTESIAN_POINT ( 'NONE',  ( 102.8129049916849880, -10.06853715404382754, 11.46710643075642011 ) ) ;
#2397 = LINE ( 'NONE', #6225, #4318 ) ;
#2398 = CARTESIAN_POINT ( 'NONE',  ( 232.0839721658976771, -19.57731578793045202, 6.132135713115665077 ) ) ;
#2399 = DIRECTION ( 'NONE',  ( 0.02840083911569148134, -0.9995966148089561187, 0.000000000000000000 ) ) ;
#2400 = VERTEX_POINT ( 'NONE', #6636 ) ;
#2401 = VERTEX_POINT ( 'NONE', #5955 ) ;
#2402 = AXIS2_PLACEMENT_3D ( 'NONE', #4742, #8456, #1608 ) ;
#2403 = AXIS2_PLACEMENT_3D ( 'NONE', #8197, #2174, #581 ) ;
#2404 = ORIENTED_EDGE ( 'NONE', *, *, #6986, .T. ) ;
#2405 = EDGE_CURVE ( 'NONE', #8276, #611, #7450, .T. ) ;
#2406 = DIRECTION ( 'NONE',  ( 0.000000000000000000, 0.000000000000000000, 1.000000000000000000 ) ) ;
#2407 = CARTESIAN_POINT ( 'NONE',  ( 123.8439435376669024, -10.86270159363700927, 13.50000000000000000 ) ) ;
#2408 = AXIS2_PLACEMENT_3D ( 'NONE', #6669, #2808, #753 ) ;
#2409 = TOROIDAL_SURFACE ( 'NONE', #6475, 1.999999999999998668, 1.000000000000000000 ) ;
#2410 = AXIS2_PLACEMENT_3D ( 'NONE', #8639, #2569, #7219 ) ;
#2411 = DIRECTION ( 'NONE',  ( -1.000000000000000000, 0.000000000000000000, 0.000000000000000000 ) ) ;
#2412 = DIRECTION ( 'NONE',  ( 0.000000000000000000, 0.000000000000000000, -1.000000000000000000 ) ) ;
#2413 = ORIENTED_EDGE ( 'NONE', *, *, #3829, .F. ) ;
#2414 = ORIENTED_EDGE ( 'NONE', *, *, #422, .F. ) ;
#2415 = ORIENTED_EDGE ( 'NONE', *, *, #207, .F. ) ;
#2416 = VERTEX_POINT ( 'NONE', #8983 ) ;
#2417 = AXIS2_PLACEMENT_3D ( 'NONE', #5357, #7836, #400 ) ;
#2419 = DIRECTION ( 'NONE',  ( 1.000000000000000000, 0.000000000000000000, 0.000000000000000000 ) ) ;
#2418 = AXIS2_PLACEMENT_3D ( 'NONE', #8270, #2119, #5119 ) ;
#2420 = CARTESIAN_POINT ( 'NONE',  ( 212.0411840143937070, -20.99999999999976907, 6.555523090930588381 ) ) ;
#2421 = CARTESIAN_POINT ( 'NONE',  ( 171.6726317631745360, 7.500000000000001776, 3.328402557538575390 ) ) ;
#2422 = CARTESIAN_POINT ( 'NONE',  ( 20.40300712272194517, -16.91721978784210734, 13.50000000000000178 ) ) ;
#2423 = DIRECTION ( 'NONE',  ( -1.000000000000000000, -1.224646799147351482E-16, 0.000000000000000000 ) ) ;
#2424 = AXIS2_PLACEMENT_3D ( 'NONE', #2339, #635, #8854 ) ;
#2425 = DIRECTION ( 'NONE',  ( -0.000000000000000000, -0.000000000000000000, 1.000000000000000000 ) ) ;
#2426 = EDGE_LOOP ( 'NONE', ( #621, #2651, #8231, #7544, #2757, #3213 ) ) ;
#2427 = DIRECTION ( 'NONE',  ( 1.000000000000000000, 0.000000000000000000, 0.000000000000000000 ) ) ;
#2428 = ORIENTED_EDGE ( 'NONE', *, *, #4215, .F. ) ;
#2429 = ORIENTED_EDGE ( 'NONE', *, *, #8181, .F. ) ;
#2430 = ORIENTED_EDGE ( 'NONE', *, *, #526, .T. ) ;
#2431 = ADVANCED_FACE ( 'NONE', ( #3564 ), #8226, .T. ) ;
#2432 = VECTOR ( 'NONE', #5948, 1000.000000000000000 ) ;
#2433 = AXIS2_PLACEMENT_3D ( 'NONE', #8247, #9655, #6725 ) ;
#2434 = FACE_OUTER_BOUND ( 'NONE', #9630, .T. ) ;
#2435 = CIRCLE ( 'NONE', #7920, 2.149999999999985256 ) ;
#2436 = CARTESIAN_POINT ( 'NONE',  ( 21.62602456598014911, -5.280000000000002913, -13.50000000000000178 ) ) ;
#2437 = CIRCLE ( 'NONE', #117, 3.499999999999975131 ) ;
#2438 = DIRECTION ( 'NONE',  ( -0.000000000000000000, -0.000000000000000000, -1.000000000000000000 ) ) ;
#2439 = CARTESIAN_POINT ( 'NONE',  ( 183.7360312251131234, 5.500000000000000000, -13.50000000000000355 ) ) ;
#2440 = ORIENTED_EDGE ( 'NONE', *, *, #1663, .T. ) ;
#2441 = AXIS2_PLACEMENT_3D ( 'NONE', #5417, #6142, #4629 ) ;
#2442 = DIRECTION ( 'NONE',  ( -0.9995966148089560077, -0.02840083911569750430, 0.000000000000000000 ) ) ;
#2443 = AXIS2_PLACEMENT_3D ( 'NONE', #9269, #7912, #3355 ) ;
#2444 = CYLINDRICAL_SURFACE ( 'NONE', #4638, 1.000000000000003109 ) ;
#2445 = VERTEX_POINT ( 'NONE', #4400 ) ;
#2446 = ADVANCED_FACE ( 'NONE', ( #8203 ), #1043, .T. ) ;
#2447 = EDGE_CURVE ( 'NONE', #3865, #1217, #3756, .T. ) ;
#2448 = CARTESIAN_POINT ( 'NONE',  ( 224.4860312251130949, 0.000000000000000000, 7.000000000000026645 ) ) ;
#2449 = AXIS2_PLACEMENT_3D ( 'NONE', #8707, #2003, #4993 ) ;
#2450 = AXIS2_PLACEMENT_3D ( 'NONE', #2448, #449, #1717 ) ;
#2451 = CIRCLE ( 'NONE', #7931, 13.00000000000000533 ) ;
#2452 = CARTESIAN_POINT ( 'NONE',  ( 71.41050614175006217, 3.654000609289787871, 11.50000000000000000 ) ) ;
#2453 = DIRECTION ( 'NONE',  ( 1.000000000000000000, 0.000000000000000000, 0.000000000000000000 ) ) ;
#2454 = AXIS2_PLACEMENT_3D ( 'NONE', #1464, #6014, #5964 ) ;
#2455 = FACE_OUTER_BOUND ( 'NONE', #4377, .T. ) ;
#2456 = ORIENTED_EDGE ( 'NONE', *, *, #9212, .T. ) ;
#2457 = ORIENTED_EDGE ( 'NONE', *, *, #7368, .T. ) ;
#2458 = ADVANCED_FACE ( 'NONE', ( #2089 ), #8860, .T. ) ;
#2459 = ORIENTED_EDGE ( 'NONE', *, *, #3336, .T. ) ;
#2460 = CARTESIAN_POINT ( 'NONE',  ( 155.3766217857023264, 6.039671095008682045, -13.50000000000000355 ) ) ;
#2461 = CARTESIAN_POINT ( 'NONE',  ( 201.7983992903405408, 7.329782906069628901, 7.275207253977341360 ) ) ;
#2462 = DIRECTION ( 'NONE',  ( 0.000000000000000000, 0.000000000000000000, -1.000000000000000000 ) ) ;
#2463 = FACE_OUTER_BOUND ( 'NONE', #5474, .T. ) ;
#2464 = EDGE_LOOP ( 'NONE', ( #3263, #3150, #3909, #2170 ) ) ;
#2465 = ORIENTED_EDGE ( 'NONE', *, *, #2594, .F. ) ;
#2466 = EDGE_CURVE ( 'NONE', #5427, #9418, #282, .T. ) ;
#2467 = EDGE_LOOP ( 'NONE', ( #2381, #2459, #3252, #82, #8482 ) ) ;
#2468 = EDGE_LOOP ( 'NONE', ( #7131, #4378, #5849, #1825 ) ) ;
#2469 = LINE ( 'NONE', #5612, #8992 ) ;
#2470 = CARTESIAN_POINT ( 'NONE',  ( 190.7360312251131234, 6.500000000000000888, 5.000000000000026645 ) ) ;
#2471 = DIRECTION ( 'NONE',  ( 0.02840083911570534872, -0.9995966148089557857, 0.000000000000000000 ) ) ;
#2472 = LINE ( 'NONE', #8491, #569 ) ;
#2473 = DIRECTION ( 'NONE',  ( -1.000000000000000000, 0.000000000000000000, 0.000000000000000000 ) ) ;
#2474 = CARTESIAN_POINT ( 'NONE',  ( 101.7960163336385762, -9.488326824564561335, 10.49999999999999645 ) ) ;
#2475 = VERTEX_POINT ( 'NONE', #2378 ) ;
#2476 = CARTESIAN_POINT ( 'NONE',  ( 131.3863030302874222, 5.358050956231856787, 13.50000000000000000 ) ) ;
#2477 = VERTEX_POINT ( 'NONE', #9229 ) ;
#2478 = ORIENTED_EDGE ( 'NONE', *, *, #2553, .T. ) ;
#2479 = ORIENTED_EDGE ( 'NONE', *, *, #7401, .T. ) ;
#2480 = CARTESIAN_POINT ( 'NONE',  ( 224.4860312251131234, 20.82391286593089674, 7.000000000000026645 ) ) ;
#2481 = DIRECTION ( 'NONE',  ( 0.02840083911569927372, -0.9995966148089558967, -0.000000000000000000 ) ) ;
#2482 = DIRECTION ( 'NONE',  ( -0.000000000000000000, -0.000000000000000000, 1.000000000000000000 ) ) ;
#2483 = CARTESIAN_POINT ( 'NONE',  ( 207.9496908901186600, 16.03263826636005618, 5.000000000000058620 ) ) ;
#2484 = ORIENTED_EDGE ( 'NONE', *, *, #6353, .F. ) ;
#2485 = CARTESIAN_POINT ( 'NONE',  ( 199.9616345565689244, -7.500000000000000000, 8.257165788677175655 ) ) ;
#2486 = CARTESIAN_POINT ( 'NONE',  ( 95.37242405804929035, 5.335217362875567915, -13.50000000000000355 ) ) ;
#2487 = ORIENTED_EDGE ( 'NONE', *, *, #5167, .F. ) ;
#2488 = AXIS2_PLACEMENT_3D ( 'NONE', #1556, #3999, #8250 ) ;
#2489 = FACE_OUTER_BOUND ( 'NONE', #4833, .T. ) ;
#2490 = DIRECTION ( 'NONE',  ( -0.000000000000000000, -0.000000000000000000, -1.000000000000000000 ) ) ;
#2491 = EDGE_CURVE ( 'NONE', #3250, #2511, #3261, .T. ) ;
#2492 = AXIS2_PLACEMENT_3D ( 'NONE', #1721, #9299, #5643 ) ;
#2493 = EDGE_CURVE ( 'NONE', #9230, #9331, #7679, .T. ) ;
#2494 = CARTESIAN_POINT ( 'NONE',  ( 0.000000000000000000, 0.000000000000000000, -6.500000000000000000 ) ) ;
#2495 = EDGE_LOOP ( 'NONE', ( #7355, #5168, #831, #102 ) ) ;
#2496 = LINE ( 'NONE', #8470, #6710 ) ;
#2497 = CARTESIAN_POINT ( 'NONE',  ( 131.8691172952543695, -11.63509149552039545, -13.50000000000000000 ) ) ;
#2498 = EDGE_LOOP ( 'NONE', ( #3623, #2780, #2945, #6263 ) ) ;
#2499 = VERTEX_POINT ( 'NONE', #4589 ) ;
#2500 = AXIS2_PLACEMENT_3D ( 'NONE', #4434, #9389, #2689 ) ;
#2501 = EDGE_CURVE ( 'NONE', #3105, #653, #873, .T. ) ;
#2502 = CARTESIAN_POINT ( 'NONE',  ( 244.2379771584514003, -7.132693281519535411, 6.873975239275179838 ) ) ;
#2503 = CIRCLE ( 'NONE', #4391, 7.499999999999978684 ) ;
#2504 = CARTESIAN_POINT ( 'NONE',  ( 23.53903642683990327, 56.10093993430693615, 13.50000000000000000 ) ) ;
#2505 = CARTESIAN_POINT ( 'NONE',  ( 155.3482209465866219, 7.039267709817637275, -13.50000000000000355 ) ) ;
#2506 = EDGE_CURVE ( 'NONE', #3958, #4814, #5748, .T. ) ;
#2507 = EDGE_CURVE ( 'NONE', #3067, #3597, #2302, .T. ) ;
#2508 = CARTESIAN_POINT ( 'NONE',  ( 132.3867065782638974, 5.358050956227327077, 10.52840656793764573 ) ) ;
#2509 = CARTESIAN_POINT ( 'NONE',  ( 216.6990041678315890, -20.03630685564336744, 5.126237121014409759 ) ) ;
#2510 = ORIENTED_EDGE ( 'NONE', *, *, #836, .F. ) ;
#2511 = VERTEX_POINT ( 'NONE', #6882 ) ;
#2512 = ORIENTED_EDGE ( 'NONE', *, *, #3637, .T. ) ;
#2513 = ORIENTED_EDGE ( 'NONE', *, *, #7120, .F. ) ;
#2514 = VECTOR ( 'NONE', #8691, 1000.000000000000000 ) ;
#2515 = CARTESIAN_POINT ( 'NONE',  ( 125.8431367672848751, -10.80589991540564654, 11.50000000000000000 ) ) ;
#2516 = EDGE_CURVE ( 'NONE', #8149, #1018, #970, .T. ) ;
#2517 = CARTESIAN_POINT ( 'NONE',  ( 216.8880902843285128, -19.57731578793040939, 6.000000000000026645 ) ) ;
#2518 = EDGE_CURVE ( 'NONE', #7569, #3694, #4642, .T. ) ;
#2519 = CARTESIAN_POINT ( 'NONE',  ( 183.7360312251131234, -5.500000000000004441, -13.50000000000000355 ) ) ;
#2520 = CARTESIAN_POINT ( 'NONE',  ( 95.40082489716499481, 4.335620748066612684, 10.49999999999999645 ) ) ;
#2521 = AXIS2_PLACEMENT_3D ( 'NONE', #5975, #15, #5303 ) ;
#2522 = LINE ( 'NONE', #7667, #8613 ) ;
#2523 = CARTESIAN_POINT ( 'NONE',  ( 224.4860312251130949, -15.00000000000000000, -13.50000000000000000 ) ) ;
#2524 = ORIENTED_EDGE ( 'NONE', *, *, #1906, .T. ) ;
#2525 = CARTESIAN_POINT ( 'NONE',  ( 161.3173997963247075, 8.209269359320801485, 13.50000000000000000 ) ) ;
#2526 = ORIENTED_EDGE ( 'NONE', *, *, #2797, .F. ) ;
#2527 = VERTEX_POINT ( 'NONE', #8451 ) ;
#2528 = EDGE_LOOP ( 'NONE', ( #4368, #2265, #7918, #8585 ) ) ;
#2529 = VECTOR ( 'NONE', #3294, 1000.000000000000000 ) ;
#2530 = AXIS2_PLACEMENT_3D ( 'NONE', #4101, #4201, #3357 ) ;
#2531 = DIRECTION ( 'NONE',  ( -0.9994238686079632838, -0.03394010690455372820, -0.000000000000000000 ) ) ;
#2532 = CARTESIAN_POINT ( 'NONE',  ( 162.4181633039120811, 4.676997813368891421, 11.50000000000000178 ) ) ;
#2533 = CARTESIAN_POINT ( 'NONE',  ( 206.7241061588400157, 16.10223812668903420, 7.635594514340376726 ) ) ;
#2534 = CARTESIAN_POINT ( 'NONE',  ( 217.5514232202395704, -17.96712939168154222, 6.000000000000026645 ) ) ;
#2535 = ORIENTED_EDGE ( 'NONE', *, *, #3638, .T. ) ;
#2536 = FACE_OUTER_BOUND ( 'NONE', #58, .T. ) ;
#2537 = VECTOR ( 'NONE', #9093, 1000.000000000000000 ) ;
#2538 = DIRECTION ( 'NONE',  ( 0.000000000000000000, 0.000000000000000000, 1.000000000000000000 ) ) ;
#2539 = ORIENTED_EDGE ( 'NONE', *, *, #5049, .F. ) ;
#2540 = DIRECTION ( 'NONE',  ( 1.000000000000000000, 9.107298248878229673E-14, 0.000000000000000000 ) ) ;
#2541 = DIRECTION ( 'NONE',  ( 1.000000000000000000, 0.000000000000000000, 0.000000000000000000 ) ) ;
#2542 = LINE ( 'NONE', #9297, #248 ) ;
#2543 = VERTEX_POINT ( 'NONE', #3957 ) ;
#2544 = DIRECTION ( 'NONE',  ( 1.000000000000000000, -8.673617379884027583E-16, 0.000000000000000000 ) ) ;
#2545 = DIRECTION ( 'NONE',  ( -3.491481338843133355E-15, -1.000000000000000000, 0.000000000000000000 ) ) ;
#2546 = EDGE_LOOP ( 'NONE', ( #7695, #9132, #3988, #2414 ) ) ;
#2547 = ORIENTED_EDGE ( 'NONE', *, *, #5347, .F. ) ;
#2548 = EDGE_CURVE ( 'NONE', #2445, #4821, #3908, .T. ) ;
#2549 = EDGE_CURVE ( 'NONE', #5617, #322, #5330, .T. ) ;
#2550 = CARTESIAN_POINT ( 'NONE',  ( 181.0860312251130892, 11.10660171779823813, 13.50000000000000000 ) ) ;
#2551 = DIRECTION ( 'NONE',  ( -0.000000000000000000, -0.000000000000000000, 1.000000000000000000 ) ) ;
#2552 = CARTESIAN_POINT ( 'NONE',  ( 207.9507632429152579, 16.11935076845420411, 5.167662973746644184 ) ) ;
#2553 = EDGE_CURVE ( 'NONE', #3611, #279, #5592, .T. ) ;
#2554 = ADVANCED_FACE ( 'NONE', ( #4735 ), #3803, .F. ) ;
#2555 = CARTESIAN_POINT ( 'NONE',  ( 225.7747233112290814, -14.45294176984343792, 7.000000000000026645 ) ) ;
#2556 = AXIS2_PLACEMENT_3D ( 'NONE', #5293, #8257, #6843 ) ;
#2557 = AXIS2_PLACEMENT_3D ( 'NONE', #3774, #7492, #2106 ) ;
#2558 = CYLINDRICAL_SURFACE ( 'NONE', #4570, 2.149999999999985256 ) ;
#2559 = ORIENTED_EDGE ( 'NONE', *, *, #5927, .F. ) ;
#2560 = VERTEX_POINT ( 'NONE', #3070 ) ;
#2561 = VERTEX_POINT ( 'NONE', #8350 ) ;
#2562 = EDGE_LOOP ( 'NONE', ( #6699, #6622, #7816, #3955, #4772, #4482, #8067, #1838 ) ) ;
#2563 = ADVANCED_FACE ( 'NONE', ( #239, #819 ), #1705, .T. ) ;
#2564 = EDGE_CURVE ( 'NONE', #7190, #7838, #925, .T. ) ;
#2565 = AXIS2_PLACEMENT_3D ( 'NONE', #284, #5421, #1006 ) ;
#2566 = AXIS2_PLACEMENT_3D ( 'NONE', #1774, #6276, #4764 ) ;
#2567 = DIRECTION ( 'NONE',  ( -0.000000000000000000, -0.000000000000000000, -1.000000000000000000 ) ) ;
#2568 = CARTESIAN_POINT ( 'NONE',  ( 175.4786719122323859, 7.500000000000000000, 5.000000000000026645 ) ) ;
#2569 = DIRECTION ( 'NONE',  ( -0.000000000000000000, -0.000000000000000000, 1.000000000000000000 ) ) ;
#2570 = EDGE_CURVE ( 'NONE', #1330, #9500, #7150, .T. ) ;
#2571 = DIRECTION ( 'NONE',  ( -0.9995966148089560077, -0.02840083911569784431, 0.000000000000000000 ) ) ;
#2572 = DIRECTION ( 'NONE',  ( -0.9907978612145639241, 0.1353499102794153142, -0.000000000000000000 ) ) ;
#2573 = CARTESIAN_POINT ( 'NONE',  ( 154.8011796750949145, -8.917281848803073174, 11.35151493817992474 ) ) ;
#2574 = ORIENTED_EDGE ( 'NONE', *, *, #3364, .T. ) ;
#2575 = AXIS2_PLACEMENT_3D ( 'NONE', #3145, #850, #801 ) ;
#2576 = AXIS2_PLACEMENT_3D ( 'NONE', #8321, #6752, #5304 ) ;
#2577 = DIRECTION ( 'NONE',  ( -0.000000000000000000, -0.000000000000000000, 1.000000000000000000 ) ) ;
#2578 = ORIENTED_EDGE ( 'NONE', *, *, #2331, .T. ) ;
#2579 = ORIENTED_EDGE ( 'NONE', *, *, #1865, .T. ) ;
#2580 = EDGE_LOOP ( 'NONE', ( #3932, #3198, #9601 ) ) ;
#2581 = ADVANCED_FACE ( 'NONE', ( #4054 ), #431, .T. ) ;
#2582 = CARTESIAN_POINT ( 'NONE',  ( 213.8794295073142848, -10.60660171779819372, -11.50000000000000000 ) ) ;
#2583 = DIRECTION ( 'NONE',  ( 1.000000000000000000, 0.000000000000000000, 0.000000000000000000 ) ) ;
#2584 = VECTOR ( 'NONE', #313, 1000.000000000000000 ) ;
#2585 = AXIS2_PLACEMENT_3D ( 'NONE', #1660, #8458, #7723 ) ;
#2586 = EDGE_CURVE ( 'NONE', #5250, #4151, #3545, .T. ) ;
#2587 = LINE ( 'NONE', #9141, #8828 ) ;
#2588 = CARTESIAN_POINT ( 'NONE',  ( 207.1230951812345040, 20.99999999999999645, 15.17044150965561400 ) ) ;
#2589 = LINE ( 'NONE', #4941, #1634 ) ;
#2590 = FACE_OUTER_BOUND ( 'NONE', #7064, .T. ) ;
#2591 = ORIENTED_EDGE ( 'NONE', *, *, #8831, .F. ) ;
#2592 = DIRECTION ( 'NONE',  ( -0.000000000000000000, 1.000000000000000000, -0.000000000000000000 ) ) ;
#2593 = EDGE_CURVE ( 'NONE', #3540, #1401, #1059, .T. ) ;
#2594 = EDGE_CURVE ( 'NONE', #7366, #7211, #6827, .T. ) ;
#2595 = CARTESIAN_POINT ( 'NONE',  ( 206.1102157275929017, 18.93080519932795625, 10.16940759927882354 ) ) ;
#2596 = VECTOR ( 'NONE', #3490, 1000.000000000000227 ) ;
#2597 = CARTESIAN_POINT ( 'NONE',  ( 71.89332040671699531, -13.33914184246246037, 12.49999999999999822 ) ) ;
#2598 = CARTESIAN_POINT ( 'NONE',  ( 125.4455250196650269, 3.188452691919736459, 10.49999999999999645 ) ) ;
#2599 = AXIS2_PLACEMENT_3D ( 'NONE', #7461, #3738, #6714 ) ;
#2600 = EDGE_LOOP ( 'NONE', ( #1614, #1355, #1413, #6601, #1997 ) ) ;
#2601 = DIRECTION ( 'NONE',  ( 1.000000000000000000, 0.000000000000000000, 0.000000000000000000 ) ) ;
#2602 = FACE_OUTER_BOUND ( 'NONE', #9499, .T. ) ;
#2603 = ORIENTED_EDGE ( 'NONE', *, *, #8571, .F. ) ;
#2604 = AXIS2_PLACEMENT_3D ( 'NONE', #4802, #5388, #7583 ) ;
#2605 = EDGE_LOOP ( 'NONE', ( #1017, #5375 ) ) ;
#2606 = VECTOR ( 'NONE', #7844, 1000.000000000000227 ) ;
#2607 = VECTOR ( 'NONE', #2902, 1000.000000000000000 ) ;
#2608 = DIRECTION ( 'NONE',  ( 0.02840083911570178560, -0.9995966148089558967, 0.000000000000000000 ) ) ;
#2609 = CIRCLE ( 'NONE', #1204, 7.499999999999978684 ) ;
#2610 = CYLINDRICAL_SURFACE ( 'NONE', #1635, 2.149999999999985256 ) ;
#2611 = DIRECTION ( 'NONE',  ( 0.000000000000000000, 0.000000000000000000, 1.000000000000000000 ) ) ;
#2612 = CIRCLE ( 'NONE', #9008, 1.000000000000000888 ) ;
#2613 = CARTESIAN_POINT ( 'NONE',  ( 176.7360312251131234, 3.999999999999995559, 3.000000000000025313 ) ) ;
#2614 = DIRECTION ( 'NONE',  ( -0.000000000000000000, -0.000000000000000000, -1.000000000000000000 ) ) ;
#2615 = ORIENTED_EDGE ( 'NONE', *, *, #9109, .F. ) ;
#2616 = VERTEX_POINT ( 'NONE', #5619 ) ;
#2617 = EDGE_LOOP ( 'NONE', ( #436, #2716, #3273, #183 ) ) ;
#2618 =( BOUNDED_CURVE ( )  B_SPLINE_CURVE ( 3, ( #2277, #8925, #7471, #8108 ),
 .UNSPECIFIED., .F., .F. ) 
 B_SPLINE_CURVE_WITH_KNOTS ( ( 4, 4 ),
 ( 3.141592653589793116, 4.712388980384689674 ),
 .UNSPECIFIED. ) 
 CURVE ( )  GEOMETRIC_REPRESENTATION_ITEM ( )  RATIONAL_B_SPLINE_CURVE ( ( 1.000000000000000000, 0.8047378541243649375, 0.8047378541243649375, 1.000000000000000000 ) ) 
 REPRESENTATION_ITEM ( '' )  );
#2619 = CARTESIAN_POINT ( 'NONE',  ( 72.86451618241024164, -12.31114438853780690, 11.50000000000000000 ) ) ;
#2620 = CARTESIAN_POINT ( 'NONE',  ( 231.4206392299865627, -17.96712939168153866, 5.000000000000026645 ) ) ;
#2621 = DIRECTION ( 'NONE',  ( -0.000000000000000000, -0.000000000000000000, 1.000000000000000000 ) ) ;
#2622 = EDGE_CURVE ( 'NONE', #5790, #971, #2612, .T. ) ;
#2623 = EDGE_CURVE ( 'NONE', #8483, #4545, #6298, .T. ) ;
#2624 = DIRECTION ( 'NONE',  ( -0.000000000000000000, -0.000000000000000000, -1.000000000000000000 ) ) ;
#2625 = DIRECTION ( 'NONE',  ( 0.000000000000000000, 0.000000000000000000, 1.000000000000000000 ) ) ;
#2626 = CARTESIAN_POINT ( 'NONE',  ( 224.4860312251130949, -15.00000000000000000, 7.000000000000026645 ) ) ;
#2627 = EDGE_LOOP ( 'NONE', ( #4321, #9319, #9335, #7302 ) ) ;
#2628 = DIRECTION ( 'NONE',  ( 1.000000000000000000, 0.000000000000000000, 0.000000000000000000 ) ) ;
#2629 = ORIENTED_EDGE ( 'NONE', *, *, #8512, .F. ) ;
#2630 = VERTEX_POINT ( 'NONE', #1893 ) ;
#2631 = VERTEX_POINT ( 'NONE', #4879 ) ;
#2632 = EDGE_CURVE ( 'NONE', #7754, #6015, #7817, .T. ) ;
#2633 = CARTESIAN_POINT ( 'NONE',  ( 189.7360312251131234, 7.500000000000000888, -13.50000000000000355 ) ) ;
#2634 = DIRECTION ( 'NONE',  ( -0.02840083911569927372, 0.9995966148089558967, -0.000000000000000000 ) ) ;
#2635 = EDGE_CURVE ( 'NONE', #7570, #6953, #1798, .T. ) ;
#2636 = DIRECTION ( 'NONE',  ( 0.02840083911569750083, -0.9995966148089558967, 0.000000000000000000 ) ) ;
#2637 = FACE_OUTER_BOUND ( 'NONE', #834, .T. ) ;
#2638 = CARTESIAN_POINT ( 'NONE',  ( 204.9039351315695683, -18.22545037321859951, 13.12266895382422049 ) ) ;
#2639 = DIRECTION ( 'NONE',  ( 0.000000000000000000, 0.000000000000000000, 1.000000000000000000 ) ) ;
#2640 = ORIENTED_EDGE ( 'NONE', *, *, #6999, .F. ) ;
#2641 = CARTESIAN_POINT ( 'NONE',  ( 208.7643848458128559, 17.76435474909509082, 5.000000000000027534 ) ) ;
#2642 = EDGE_CURVE ( 'NONE', #1467, #3385, #5115, .T. ) ;
#2643 = LINE ( 'NONE', #5636, #6052 ) ;
#2644 = DIRECTION ( 'NONE',  ( -0.000000000000000000, -0.000000000000000000, -1.000000000000000000 ) ) ;
#2645 = DIRECTION ( 'NONE',  ( 1.000000000000000000, -1.734723475976805517E-15, 0.000000000000000000 ) ) ;
#2646 = EDGE_CURVE ( 'NONE', #795, #8511, #7771, .T. ) ;
#2647 = CYLINDRICAL_SURFACE ( 'NONE', #1813, 0.9999999999999997780 ) ;
#2648 = ORIENTED_EDGE ( 'NONE', *, *, #6401, .F. ) ;
#2649 = CARTESIAN_POINT ( 'NONE',  ( 231.4206392299865627, -17.96712939168153511, 7.000000000000026645 ) ) ;
#2650 = DIRECTION ( 'NONE',  ( 0.000000000000000000, 0.000000000000000000, 1.000000000000000000 ) ) ;
#2651 = ORIENTED_EDGE ( 'NONE', *, *, #7601, .T. ) ;
#2652 = ORIENTED_EDGE ( 'NONE', *, *, #3107, .F. ) ;
#2653 = LINE ( 'NONE', #4909, #9468 ) ;
#2654 = CARTESIAN_POINT ( 'NONE',  ( 217.8794295073149385, 10.60660171779823457, -13.50000000000000000 ) ) ;
#2655 = AXIS2_PLACEMENT_3D ( 'NONE', #2626, #5516, #1114 ) ;
#2656 = CARTESIAN_POINT ( 'NONE',  ( 205.4561297902348542, 13.56034989739235996, 5.167662973746643296 ) ) ;
#2657 = DIRECTION ( 'NONE',  ( -0.000000000000000000, -0.000000000000000000, 1.000000000000000000 ) ) ;
#2658 = FACE_OUTER_BOUND ( 'NONE', #516, .T. ) ;
#2659 = ORIENTED_EDGE ( 'NONE', *, *, #421, .T. ) ;
#2660 = VERTEX_POINT ( 'NONE', #434 ) ;
#2661 = ORIENTED_EDGE ( 'NONE', *, *, #5840, .T. ) ;
#2662 = CARTESIAN_POINT ( 'NONE',  ( 207.8408969284007242, -16.22645357823056145, 5.598746497877431061 ) ) ;
#2663 = CIRCLE ( 'NONE', #8907, 4.000000000000003553 ) ;
#2664 = CARTESIAN_POINT ( 'NONE',  ( 131.3863030302874222, 5.358050956231856787, 10.49999999999999645 ) ) ;
#2665 = CARTESIAN_POINT ( 'NONE',  ( 245.3099440910439739, -1.110223024625156540E-13, 7.000000000000026645 ) ) ;
#2666 = EDGE_CURVE ( 'NONE', #1724, #1736, #6368, .T. ) ;
#2667 = FACE_OUTER_BOUND ( 'NONE', #2179, .T. ) ;
#2668 = CYLINDRICAL_SURFACE ( 'NONE', #800, 0.9999999999999974465 ) ;
#2669 = DIRECTION ( 'NONE',  ( 1.000000000000000000, 0.000000000000000000, 0.000000000000000000 ) ) ;
#2670 = ORIENTED_EDGE ( 'NONE', *, *, #1875, .F. ) ;
#2671 = DIRECTION ( 'NONE',  ( 1.000000000000000000, 0.000000000000000000, 0.000000000000000000 ) ) ;
#2672 = VERTEX_POINT ( 'NONE', #9528 ) ;
#2673 = ORIENTED_EDGE ( 'NONE', *, *, #6646, .T. ) ;
#2674 = ORIENTED_EDGE ( 'NONE', *, *, #9143, .F. ) ;
#2675 = AXIS2_PLACEMENT_3D ( 'NONE', #2375, #5370, #3953 ) ;
#2676 = EDGE_CURVE ( 'NONE', #3597, #5475, #6645, .T. ) ;
#2677 = CARTESIAN_POINT ( 'NONE',  ( 21.40300712272194517, -16.91721978784210734, -13.50000000000000355 ) ) ;
#2678 = FACE_OUTER_BOUND ( 'NONE', #6002, .T. ) ;
#2679 = AXIS2_PLACEMENT_3D ( 'NONE', #8713, #4949, #2007 ) ;
#2680 = DIRECTION ( 'NONE',  ( 0.9995966148089557857, 0.02840083911570135539, 0.000000000000000000 ) ) ;
#2681 = CARTESIAN_POINT ( 'NONE',  ( 203.8955174529429257, -19.99999999999999645, 13.50000000000000000 ) ) ;
#2682 = EDGE_CURVE ( 'NONE', #9362, #6203, #9631, .T. ) ;
#2683 = CARTESIAN_POINT ( 'NONE',  ( 71.41050614175006217, 3.654000609289787871, 12.49999999999999822 ) ) ;
#2684 = LINE ( 'NONE', #1175, #9620 ) ;
#2685 = ORIENTED_EDGE ( 'NONE', *, *, #8936, .T. ) ;
#2686 = CARTESIAN_POINT ( 'NONE',  ( 208.5968114389522157, 17.03501029281895285, 5.000000000000025757 ) ) ;
#2687 = B_SPLINE_CURVE_WITH_KNOTS ( 'NONE', 3,
 ( #2046, #6408, #1863, #7829, #5681, #9478, #5728, #4116, #5041, #8021, #7148, #7090, #9388, #3373, #488, #9345, #2641, #4168, #8609, #2686, #8709, #2342, #160, #9144, #7530, #2483 ),
 .UNSPECIFIED., .F., .F.,
 ( 4, 2, 2, 2, 2, 2, 2, 2, 2, 2, 2, 2, 4 ),
 ( 0.000000000000000000, 0.0008910941779190936730, 0.001782188355838187346, 0.002227735444797736188, 0.002673282533757285681, 0.003564376711676444515, 0.004455470889595602481, 0.004901017978555174091, 0.005346565067514745702, 0.005792112156474317312, 0.006237659245433888056, 0.006683206334393459666, 0.007128753423353031277 ),
 .UNSPECIFIED. ) ;
#2688 = CIRCLE ( 'NONE', #3943, 2.000000000000001776 ) ;
#2689 = DIRECTION ( 'NONE',  ( 1.000000000000000000, 0.000000000000000000, 0.000000000000000000 ) ) ;
#2690 = EDGE_CURVE ( 'NONE', #1557, #7842, #4870, .T. ) ;
#2691 = EDGE_CURVE ( 'NONE', #405, #5475, #1215, .T. ) ;
#2692 = DIRECTION ( 'NONE',  ( 0.000000000000000000, 0.000000000000000000, 1.000000000000000000 ) ) ;
#2693 = DIRECTION ( 'NONE',  ( 0.000000000000000000, 0.000000000000000000, 1.000000000000000000 ) ) ;
#2694 = CARTESIAN_POINT ( 'NONE',  ( 238.0860312251130608, -2.350215158542103954E-11, 6.689891413586030566 ) ) ;
#2695 = VERTEX_POINT ( 'NONE', #6546 ) ;
#2696 = CYLINDRICAL_SURFACE ( 'NONE', #4546, 1.000000000000003109 ) ;
#2697 = CARTESIAN_POINT ( 'NONE',  ( 232.9426329429107341, -10.60660171779883321, -13.50000000000000000 ) ) ;
#2698 = EDGE_LOOP ( 'NONE', ( #4540, #1981, #9616, #7410 ) ) ;
#2699 = VERTEX_POINT ( 'NONE', #2297 ) ;
#2700 = DIRECTION ( 'NONE',  ( 0.000000000000000000, 0.000000000000000000, 1.000000000000000000 ) ) ;
#2701 = ADVANCED_FACE ( 'NONE', ( #4455 ), #2884, .F. ) ;
#2702 = VECTOR ( 'NONE', #3032, 1000.000000000000000 ) ;
#2703 = CARTESIAN_POINT ( 'NONE',  ( 38.65102456598012992, -5.280000000000000249, -6.500000000000000000 ) ) ;
#2704 = DIRECTION ( 'NONE',  ( -0.02840083911567192407, 0.9995966148089566738, 0.000000000000000000 ) ) ;
#2705 = DIRECTION ( 'NONE',  ( -1.000000000000000000, 0.000000000000000000, 0.000000000000000000 ) ) ;
#2706 = CARTESIAN_POINT ( 'NONE',  ( 182.4860312251131234, 11.10660171779823813, 13.50000000000000000 ) ) ;
#2707 = ORIENTED_EDGE ( 'NONE', *, *, #1244, .F. ) ;
#2708 = ORIENTED_EDGE ( 'NONE', *, *, #8263, .F. ) ;
#2709 = ORIENTED_EDGE ( 'NONE', *, *, #4160, .F. ) ;
#2710 = EDGE_CURVE ( 'NONE', #6619, #5989, #3704, .T. ) ;
#2711 = CARTESIAN_POINT ( 'NONE',  ( 202.9327577332469446, -10.84092466354947071, 7.275207253977341360 ) ) ;
#2712 = DIRECTION ( 'NONE',  ( -0.000000000000000000, -0.000000000000000000, -1.000000000000000000 ) ) ;
#2713 = DIRECTION ( 'NONE',  ( -0.000000000000000000, -0.000000000000000000, 1.000000000000000000 ) ) ;
#2714 = CARTESIAN_POINT ( 'NONE',  ( 65.92414155697892397, -14.50914349196562725, 13.50000000000000000 ) ) ;
#2715 = EDGE_LOOP ( 'NONE', ( #2090, #9577, #2193, #6372, #2075 ) ) ;
#2716 = ORIENTED_EDGE ( 'NONE', *, *, #1088, .F. ) ;
#2717 = ORIENTED_EDGE ( 'NONE', *, *, #2753, .T. ) ;
#2718 = ORIENTED_EDGE ( 'NONE', *, *, #1072, .F. ) ;
#2719 = ORIENTED_EDGE ( 'NONE', *, *, #7138, .F. ) ;
#2720 = AXIS2_PLACEMENT_3D ( 'NONE', #8648, #439, #119 ) ;
#2721 = LINE ( 'NONE', #4349, #6492 ) ;
#2722 = CARTESIAN_POINT ( 'NONE',  ( 95.42922573628068506, 3.336024133257658342, -13.50000000000000355 ) ) ;
#2723 = EDGE_CURVE ( 'NONE', #6393, #3555, #6667, .T. ) ;
#2724 = DIRECTION ( 'NONE',  ( 1.000000000000000000, 0.000000000000000000, 0.000000000000000000 ) ) ;
#2725 = AXIS2_PLACEMENT_3D ( 'NONE', #8196, #717, #7470 ) ;
#2726 = AXIS2_PLACEMENT_3D ( 'NONE', #296, #4746, #7631 ) ;
#2727 = AXIS2_PLACEMENT_3D ( 'NONE', #2460, #3190, #1049 ) ;
#2728 = CARTESIAN_POINT ( 'NONE',  ( 0.000000000000000000, 0.000000000000000000, 6.500000000000000000 ) ) ;
#2729 = DIRECTION ( 'NONE',  ( 0.000000000000000000, 0.000000000000000000, -1.000000000000000000 ) ) ;
#2730 = DIRECTION ( 'NONE',  ( 1.000000000000000000, 0.000000000000000000, 0.000000000000000000 ) ) ;
#2731 = ORIENTED_EDGE ( 'NONE', *, *, #55, .T. ) ;
#2732 = B_SPLINE_CURVE_WITH_KNOTS ( 'NONE', 3,
 ( #3593, #1299, #6573, #9548 ),
 .UNSPECIFIED., .F., .F.,
 ( 4, 4 ),
 ( -6.324555320353598244E-06, 3.381796117385354675E-05 ),
 .UNSPECIFIED. ) ;
#2733 = CARTESIAN_POINT ( 'NONE',  ( 132.8407164561386651, -10.63549488071143578, -13.50000000000000355 ) ) ;
#2734 = AXIS2_PLACEMENT_3D ( 'NONE', #3665, #8853, #1461 ) ;
#2735 = AXIS2_PLACEMENT_3D ( 'NONE', #4778, #4050, #8588 ) ;
#2736 = CARTESIAN_POINT ( 'NONE',  ( 0.000000000000000000, 0.000000000000000000, -5.500000000000000000 ) ) ;
#2737 = DIRECTION ( 'NONE',  ( 1.000000000000000000, 0.000000000000000000, 0.000000000000000000 ) ) ;
#2738 = CARTESIAN_POINT ( 'NONE',  ( 238.4820162798133083, -0.9850962045484883411, 6.922208230564349307 ) ) ;
#2739 = CARTESIAN_POINT ( 'NONE',  ( 207.0564129902352022, 17.15098691578136325, 8.257165788677186313 ) ) ;
#2740 = EDGE_CURVE ( 'NONE', #6015, #6428, #7936, .T. ) ;
#2741 = EDGE_CURVE ( 'NONE', #3540, #5717, #7767, .T. ) ;
#2742 = VECTOR ( 'NONE', #6069, 1000.000000000000000 ) ;
#2743 = CARTESIAN_POINT ( 'NONE',  ( 224.4860312251130665, -20.82391286593089674, 7.000000000000026645 ) ) ;
#2744 = ORIENTED_EDGE ( 'NONE', *, *, #4617, .T. ) ;
#2745 = ORIENTED_EDGE ( 'NONE', *, *, #1919, .F. ) ;
#2746 = CARTESIAN_POINT ( 'NONE',  ( 206.4449105832627254, -16.11703419563688655, 8.257147589606631755 ) ) ;
#2747 = AXIS2_PLACEMENT_3D ( 'NONE', #3701, #4490, #2221 ) ;
#2748 = DIRECTION ( 'NONE',  ( 1.000000000000000000, 0.000000000000000000, 0.000000000000000000 ) ) ;
#2749 = CIRCLE ( 'NONE', #5258, 1.000000000000000888 ) ;
#2750 = CARTESIAN_POINT ( 'NONE',  ( 223.9474082448901697, -13.70053889639895850, 6.767561387360876424 ) ) ;
#2751 = DIRECTION ( 'NONE',  ( 0.000000000000000000, 0.000000000000000000, 1.000000000000000000 ) ) ;
#2752 = AXIS2_PLACEMENT_3D ( 'NONE', #4855, #7099, #6460 ) ;
#2753 = EDGE_CURVE ( 'NONE', #5692, #5740, #1994, .T. ) ;
#2754 = VECTOR ( 'NONE', #4037, 1000.000000000000000 ) ;
#2755 = CYLINDRICAL_SURFACE ( 'NONE', #1438, 6.000000000000005329 ) ;
#2756 = AXIS2_PLACEMENT_3D ( 'NONE', #4087, #6234, #8528 ) ;
#2757 = ORIENTED_EDGE ( 'NONE', *, *, #2501, .F. ) ;
#2758 = ORIENTED_EDGE ( 'NONE', *, *, #7909, .T. ) ;
#2759 = AXIS2_PLACEMENT_3D ( 'NONE', #8688, #1213, #1991 ) ;
#2760 = ORIENTED_EDGE ( 'NONE', *, *, #9429, .T. ) ;
#2761 = AXIS2_PLACEMENT_3D ( 'NONE', #5815, #727, #8886 ) ;
#2762 = AXIS2_PLACEMENT_3D ( 'NONE', #743, #8316, #115 ) ;
#2763 = CARTESIAN_POINT ( 'NONE',  ( 207.6618564938794691, -16.40099054786972488, 6.301260587509753819 ) ) ;
#2764 = DIRECTION ( 'NONE',  ( -0.000000000000000000, -0.000000000000000000, -1.000000000000000000 ) ) ;
#2765 = DIRECTION ( 'NONE',  ( 1.000000000000000000, 0.000000000000000000, 0.000000000000000000 ) ) ;
#2767 = EDGE_CURVE ( 'NONE', #2401, #8005, #8212, .T. ) ;
#2766 = FACE_OUTER_BOUND ( 'NONE', #3655, .T. ) ;
#2768 = EDGE_CURVE ( 'NONE', #6914, #822, #7486, .T. ) ;
#2769 = DIRECTION ( 'NONE',  ( 1.000000000000000000, 0.000000000000000000, 0.000000000000000000 ) ) ;
#2770 = ORIENTED_EDGE ( 'NONE', *, *, #7118, .F. ) ;
#2771 = VERTEX_POINT ( 'NONE', #7339 ) ;
#2772 = EDGE_LOOP ( 'NONE', ( #8573, #6007, #4192, #1163, #7165, #7411 ) ) ;
#2773 = EDGE_LOOP ( 'NONE', ( #2140, #2788, #476, #2377 ) ) ;
#2774 = CARTESIAN_POINT ( 'NONE',  ( 171.7360312251131234, -7.500000000000000000, 13.50000000000000178 ) ) ;
#2775 = CARTESIAN_POINT ( 'NONE',  ( 175.4786719122323859, 7.500000000000000000, 5.000000000000026645 ) ) ;
#2776 = CARTESIAN_POINT ( 'NONE',  ( 65.86733987874752927, -12.50995026234771501, -13.50000000000000355 ) ) ;
#2777 = CARTESIAN_POINT ( 'NONE',  ( 203.2663714159079689, -20.54608703446274376, 13.34914796760763522 ) ) ;
#2778 = CARTESIAN_POINT ( 'NONE',  ( 51.65102456598013703, -5.280000000000000249, -6.500000000000000000 ) ) ;
#2779 = CARTESIAN_POINT ( 'NONE',  ( 167.7360312251131518, 3.500000000000000000, 5.000000000000026645 ) ) ;
#2780 = ORIENTED_EDGE ( 'NONE', *, *, #3398, .F. ) ;
#2781 = CARTESIAN_POINT ( 'NONE',  ( 233.4860312251130949, 0.000000000000000000, 2.688821387764050996E-14 ) ) ;
#2782 = CARTESIAN_POINT ( 'NONE',  ( 38.65102456598012992, -5.280000000000001137, 6.500000000000000000 ) ) ;
#2783 = CARTESIAN_POINT ( 'NONE',  ( 223.0860312251130892, -15.00000000000000000, -13.50000000000000000 ) ) ;
#2784 = FACE_OUTER_BOUND ( 'NONE', #8217, .T. ) ;
#2785 = CARTESIAN_POINT ( 'NONE',  ( 101.3416029077873475, 6.505219012378733012, 13.50000000000000000 ) ) ;
#2786 = CARTESIAN_POINT ( 'NONE',  ( 21.62602456598014911, -5.279999999999999361, 12.50000000000000000 ) ) ;
#2787 = CARTESIAN_POINT ( 'NONE',  ( 102.8524146266789216, -11.45911921506676556, 12.49999999999999822 ) ) ;
#2788 = ORIENTED_EDGE ( 'NONE', *, *, #8227, .F. ) ;
#2789 = ORIENTED_EDGE ( 'NONE', *, *, #3244, .T. ) ;
#2790 = CARTESIAN_POINT ( 'NONE',  ( 206.4449188651780958, -16.11703374432613245, 8.257129390535329350 ) ) ;
#2791 = EDGE_CURVE ( 'NONE', #7904, #2216, #1327, .T. ) ;
#2792 = EDGE_CURVE ( 'NONE', #6260, #1285, #4805, .T. ) ;
#2793 = CARTESIAN_POINT ( 'NONE',  ( 50.65102456598013703, -5.280000000000000249, -5.500000000000000000 ) ) ;
#2794 = PLANE ( 'NONE',  #5263 ) ;
#2795 = B_SPLINE_CURVE_WITH_KNOTS ( 'NONE', 3,
 ( #6098, #9073, #2370, #6144, #1451, #3746, #4436, #1499, #7469, #762, #6722, #35, #9219, #7018, #5510, #4871, #1885, #324, #1841, #7761, #6971, #5560, #9322, #8488, #4096, #6242, #9365, #230 ),
 .UNSPECIFIED., .F., .F.,
 ( 4, 2, 2, 2, 2, 2, 2, 2, 2, 2, 2, 2, 2, 4 ),
 ( 0.000000000000000000, 0.0008922803221898216583, 0.001338420483284751081, 0.001784560644379680613, 0.002230700805474610145, 0.002676840966569539459, 0.003122981127664468774, 0.003569121288759398089, 0.004015261449854328271, 0.004461401610949257586, 0.004907541772044187768, 0.005353681933139117950, 0.006245962255328908058, 0.007138242577518699901 ),
 .UNSPECIFIED. ) ;
#2796 = CYLINDRICAL_SURFACE ( 'NONE', #1415, 0.9999999999999993339 ) ;
#2797 = EDGE_CURVE ( 'NONE', #4000, #8803, #9480, .T. ) ;
#2798 = LINE ( 'NONE', #3816, #5512 ) ;
#2799 = EDGE_CURVE ( 'NONE', #225, #8868, #3084, .T. ) ;
#2800 = ORIENTED_EDGE ( 'NONE', *, *, #6452, .T. ) ;
#2801 = EDGE_LOOP ( 'NONE', ( #9013, #510, #1641, #7100 ) ) ;
#2802 = ORIENTED_EDGE ( 'NONE', *, *, #679, .F. ) ;
#2803 = AXIS2_PLACEMENT_3D ( 'NONE', #4929, #7915, #7176 ) ;
#2804 = ADVANCED_FACE ( 'NONE', ( #781 ), #7308, .T. ) ;
#2805 = EDGE_CURVE ( 'NONE', #8921, #6784, #8123, .T. ) ;
#2806 = EDGE_CURVE ( 'NONE', #5568, #7570, #6, .T. ) ;
#2807 = DIRECTION ( 'NONE',  ( -4.336808689942013299E-16, -1.000000000000000000, 0.000000000000000000 ) ) ;
#2808 = DIRECTION ( 'NONE',  ( 0.000000000000000000, 0.000000000000000000, 1.000000000000000000 ) ) ;
#2809 = CYLINDRICAL_SURFACE ( 'NONE', #1180, 1.400000000000012346 ) ;
#2810 = AXIS2_PLACEMENT_3D ( 'NONE', #3281, #215, #2544 ) ;
#2811 = CARTESIAN_POINT ( 'NONE',  ( 204.1411404851936027, 19.72666084652022533, 13.50000000000000355 ) ) ;
#2812 = DIRECTION ( 'NONE',  ( -0.000000000000000000, -0.000000000000000000, 1.000000000000000000 ) ) ;
#2813 = ORIENTED_EDGE ( 'NONE', *, *, #3107, .T. ) ;
#2814 = ADVANCED_FACE ( 'NONE', ( #3536 ), #6058, .T. ) ;
#2815 = EDGE_LOOP ( 'NONE', ( #8532, #9488, #6915, #2484 ) ) ;
#2816 = VERTEX_POINT ( 'NONE', #6467 ) ;
#2817 = VERTEX_POINT ( 'NONE', #7991 ) ;
#2818 = AXIS2_PLACEMENT_3D ( 'NONE', #4454, #2296, #736 ) ;
#2819 = EDGE_CURVE ( 'NONE', #4151, #7685, #4812, .T. ) ;
#2820 = CARTESIAN_POINT ( 'NONE',  ( 25.65102456598012637, -5.280000000000002025, -5.500000000000000000 ) ) ;
#2821 = CYLINDRICAL_SURFACE ( 'NONE', #7405, 1.000000000000000888 ) ;
#2822 = CARTESIAN_POINT ( 'NONE',  ( 224.4860312251130949, 20.00000000000000000, -12.50000000000000000 ) ) ;
#2823 = LINE ( 'NONE', #8017, #13 ) ;
#2824 = CIRCLE ( 'NONE', #9390, 39.46244800476959114 ) ;
#2825 = DIRECTION ( 'NONE',  ( 1.000000000000000000, 0.000000000000000000, 0.000000000000000000 ) ) ;
#2826 = DIRECTION ( 'NONE',  ( 1.000000000000000000, 0.000000000000000000, 0.000000000000000000 ) ) ;
#2827 = VERTEX_POINT ( 'NONE', #4279 ) ;
#2828 = ORIENTED_EDGE ( 'NONE', *, *, #8117, .F. ) ;
#2829 = DIRECTION ( 'NONE',  ( 0.9246144006498036028, 0.3809044632332425073, 0.000000000000000000 ) ) ;
#2830 = DIRECTION ( 'NONE',  ( -1.000000000000000000, 0.000000000000000000, 0.000000000000000000 ) ) ;
#2831 = B_SPLINE_CURVE_WITH_KNOTS ( 'NONE', 3,
 ( #5909, #6775, #5174, #8882, #8447, #1744, #1010, #3857 ),
 .UNSPECIFIED., .F., .F.,
 ( 4, 2, 2, 4 ),
 ( 0.000000000000000000, 0.0005118710583149647334, 0.001023742116629929467, 0.002047484233259857633 ),
 .UNSPECIFIED. ) ;
#2832 = DIRECTION ( 'NONE',  ( 0.9246144006498068224, 0.3809044632332345137, -0.000000000000000000 ) ) ;
#2833 = CARTESIAN_POINT ( 'NONE',  ( 194.4860312251130949, 21.00000000000000000, -12.50000000000000000 ) ) ;
#2834 = CARTESIAN_POINT ( 'NONE',  ( 201.8938617304666820, -21.00000000000000000, 12.50000000000000178 ) ) ;
#2835 = VECTOR ( 'NONE', #1034, 1000.000000000000000 ) ;
#2836 = DIRECTION ( 'NONE',  ( 1.000000000000000000, 0.000000000000000000, 0.000000000000000000 ) ) ;
#2837 = EDGE_LOOP ( 'NONE', ( #3818, #6129, #5180, #8436 ) ) ;
#2838 = EDGE_LOOP ( 'NONE', ( #7751, #3016, #9084, #7531 ) ) ;
#2839 = DIRECTION ( 'NONE',  ( 1.000000000000000000, 0.000000000000000000, 0.000000000000000000 ) ) ;
#2840 = CARTESIAN_POINT ( 'NONE',  ( 154.8314385967445332, -9.982275581050286561, 12.50000000000000000 ) ) ;
#2841 = CARTESIAN_POINT ( 'NONE',  ( 0.000000000000000000, 0.000000000000000000, -12.50000000000000000 ) ) ;
#2842 = VECTOR ( 'NONE', #5550, 1000.000000000000114 ) ;
#2843 = AXIS2_PLACEMENT_3D ( 'NONE', #8323, #3632, #5931 ) ;
#2844 = CARTESIAN_POINT ( 'NONE',  ( 153.8318419819356393, -10.01067642016595727, 12.50000000000000000 ) ) ;
#2845 = LINE ( 'NONE', #2018, #469 ) ;
#2846 = CARTESIAN_POINT ( 'NONE',  ( 154.7919288253232253, -8.591688718326125240, 11.46710739012794811 ) ) ;
#2847 = ORIENTED_EDGE ( 'NONE', *, *, #6837, .F. ) ;
#2848 = ORIENTED_EDGE ( 'NONE', *, *, #8779, .T. ) ;
#2849 = AXIS2_PLACEMENT_3D ( 'NONE', #298, #253, #4748 ) ;
#2850 = ORIENTED_EDGE ( 'NONE', *, *, #6037, .F. ) ;
#2851 = EDGE_CURVE ( 'NONE', #1736, #4422, #3554, .T. ) ;
#2852 = ADVANCED_FACE ( 'NONE', ( #5698 ), #3443, .T. ) ;
#2853 = FACE_BOUND ( 'NONE', #1929, .T. ) ;
#2854 = FACE_BOUND ( 'NONE', #139, .T. ) ;
#2855 = CARTESIAN_POINT ( 'NONE',  ( 101.4552062642501511, 2.506832553142912090, 10.49999999999999822 ) ) ;
#2856 = CYLINDRICAL_SURFACE ( 'NONE', #6813, 1.000000000000003331 ) ;
#2857 = DIRECTION ( 'NONE',  ( 1.000000000000000000, 0.000000000000000000, 0.000000000000000000 ) ) ;
#2858 = ORIENTED_EDGE ( 'NONE', *, *, #9662, .T. ) ;
#2859 = EDGE_CURVE ( 'NONE', #6251, #2816, #2845, .T. ) ;
#2860 = ORIENTED_EDGE ( 'NONE', *, *, #1852, .F. ) ;
#2861 = ADVANCED_FACE ( 'NONE', ( #1340 ), #8866, .F. ) ;
#2862 = ORIENTED_EDGE ( 'NONE', *, *, #9136, .F. ) ;
#2863 = ORIENTED_EDGE ( 'NONE', *, *, #1919, .T. ) ;
#2864 = FACE_OUTER_BOUND ( 'NONE', #7611, .T. ) ;
#2865 = DIRECTION ( 'NONE',  ( -0.000000000000000000, -0.000000000000000000, 1.000000000000000000 ) ) ;
#2866 = DIRECTION ( 'NONE',  ( 1.000000000000000000, 0.000000000000000000, 0.000000000000000000 ) ) ;
#2867 = LINE ( 'NONE', #3063, #4946 ) ;
#2868 = DIRECTION ( 'NONE',  ( 1.000000000000000000, 0.000000000000000000, 0.000000000000000000 ) ) ;
#2869 = DIRECTION ( 'NONE',  ( 0.02840083911570534872, -0.9995966148089557857, 0.000000000000000000 ) ) ;
#2870 = EDGE_LOOP ( 'NONE', ( #9498, #3104, #342, #9354, #9542, #6050 ) ) ;
#2871 = EDGE_CURVE ( 'NONE', #3422, #2335, #6254, .T. ) ;
#2872 = AXIS2_PLACEMENT_3D ( 'NONE', #6303, #9282, #2583 ) ;
#2873 = AXIS2_PLACEMENT_3D ( 'NONE', #9581, #1573, #9534 ) ;
#2874 = DIRECTION ( 'NONE',  ( 0.000000000000000000, 0.000000000000000000, 1.000000000000000000 ) ) ;
#2875 = VERTEX_POINT ( 'NONE', #4969 ) ;
#2876 = VERTEX_POINT ( 'NONE', #5890 ) ;
#2877 = DIRECTION ( 'NONE',  ( 1.000000000000000000, 0.000000000000000000, 0.000000000000000000 ) ) ;
#2878 = AXIS2_PLACEMENT_3D ( 'NONE', #4393, #6723, #2080 ) ;
#2879 = CIRCLE ( 'NONE', #1172, 1.400000000000012346 ) ;
#2880 = AXIS2_PLACEMENT_3D ( 'NONE', #3157, #6774, #232 ) ;
#2881 = PLANE ( 'NONE',  #6630 ) ;
#2882 = CARTESIAN_POINT ( 'NONE',  ( 194.4860312251130949, 21.00000000000000000, 12.50000000000000178 ) ) ;
#2883 = DIRECTION ( 'NONE',  ( -0.9995966148089560077, -0.02840083911569745226, 0.000000000000000000 ) ) ;
#2884 = CYLINDRICAL_SURFACE ( 'NONE', #2135, 1.000000000000000888 ) ;
#2885 = ADVANCED_FACE ( 'NONE', ( #6605 ), #319, .T. ) ;
#2886 = CARTESIAN_POINT ( 'NONE',  ( 218.4836383620915683, 20.99999999999999645, 5.000000000000025757 ) ) ;
#2887 = ORIENTED_EDGE ( 'NONE', *, *, #2682, .F. ) ;
#2888 = AXIS2_PLACEMENT_3D ( 'NONE', #4850, #4573, #2645 ) ;
#2889 = CIRCLE ( 'NONE', #4153, 2.000000000000001776 ) ;
#2890 = DIRECTION ( 'NONE',  ( -0.000000000000000000, -0.000000000000000000, -1.000000000000000000 ) ) ;
#2891 = DIRECTION ( 'NONE',  ( 0.000000000000000000, 0.000000000000000000, 1.000000000000000000 ) ) ;
#2892 = CARTESIAN_POINT ( 'NONE',  ( 95.88363916213189952, -12.65752170368563512, 12.49999999999999822 ) ) ;
#2893 = CIRCLE ( 'NONE', #562, 2.000000000000001776 ) ;
#2894 = CARTESIAN_POINT ( 'NONE',  ( 65.86733987874752927, -12.50995026234771501, 12.49999999999999822 ) ) ;
#2895 = CARTESIAN_POINT ( 'NONE',  ( 95.91204000124760398, -13.65711831849459124, 12.49999999999999822 ) ) ;
#2896 = ORIENTED_EDGE ( 'NONE', *, *, #4779, .F. ) ;
#2897 = ORIENTED_EDGE ( 'NONE', *, *, #6618, .T. ) ;
#2898 = AXIS2_PLACEMENT_3D ( 'NONE', #3254, #3994, #8586 ) ;
#2899 = ORIENTED_EDGE ( 'NONE', *, *, #6990, .F. ) ;
#2900 = CIRCLE ( 'NONE', #8997, 1.000000000000000888 ) ;
#2901 = EDGE_CURVE ( 'NONE', #8052, #6621, #4373, .T. ) ;
#2902 = DIRECTION ( 'NONE',  ( -0.000000000000000000, -0.000000000000000000, 1.000000000000000000 ) ) ;
#2903 = CIRCLE ( 'NONE', #1976, 7.499999999999978684 ) ;
#2904 = FACE_BOUND ( 'NONE', #281, .T. ) ;
#2905 = CARTESIAN_POINT ( 'NONE',  ( 131.3579021911717177, 6.357647571040812018, -13.50000000000000355 ) ) ;
#2906 = CIRCLE ( 'NONE', #5422, 1.000000000000000888 ) ;
#2907 = CYLINDRICAL_SURFACE ( 'NONE', #502, 4.000000000000003553 ) ;
#2908 = EDGE_LOOP ( 'NONE', ( #3743, #1507, #7477, #1458 ) ) ;
#2909 = EDGE_LOOP ( 'NONE', ( #8020, #2167, #5903, #8931 ) ) ;
#2910 = ORIENTED_EDGE ( 'NONE', *, *, #8002, .T. ) ;
#2911 = ORIENTED_EDGE ( 'NONE', *, *, #9549, .F. ) ;
#2912 = VECTOR ( 'NONE', #7235, 999.9999999999998863 ) ;
#2913 = CIRCLE ( 'NONE', #8388, 13.00000000000000533 ) ;
#2914 = ADVANCED_FACE ( 'NONE', ( #1292 ), #2156, .T. ) ;
#2915 = AXIS2_PLACEMENT_3D ( 'NONE', #1101, #316, #3339 ) ;
#2916 = EDGE_CURVE ( 'NONE', #6494, #5250, #3594, .T. ) ;
#2917 = DIRECTION ( 'NONE',  ( 1.224646799147353207E-16, -1.000000000000000000, 0.000000000000000000 ) ) ;
#2918 = EDGE_CURVE ( 'NONE', #6006, #2308, #505, .T. ) ;
#2919 = DIRECTION ( 'NONE',  ( 1.000000000000000000, 0.000000000000000000, 0.000000000000000000 ) ) ;
#2920 = CARTESIAN_POINT ( 'NONE',  ( 199.1273203126709177, -8.518289961054977155, 13.26111588152281762 ) ) ;
#2921 = AXIS2_PLACEMENT_3D ( 'NONE', #9083, #290, #1653 ) ;
#2922 = CARTESIAN_POINT ( 'NONE',  ( 209.8794295073149101, 10.60660171779823457, -11.50000000000000000 ) ) ;
#2923 = CARTESIAN_POINT ( 'NONE',  ( 206.4449023013457065, 16.11703464694751631, 8.257165788677191642 ) ) ;
#2924 = CARTESIAN_POINT ( 'NONE',  ( 132.4165115372681498, 4.309034904137498678, 11.35694017095093322 ) ) ;
#2925 = ORIENTED_EDGE ( 'NONE', *, *, #6897, .T. ) ;
#2927 = ADVANCED_FACE ( 'NONE', ( #9496 ), #2796, .T. ) ;
#2926 = LINE ( 'NONE', #8932, #7926 ) ;
#2928 = VERTEX_POINT ( 'NONE', #9583 ) ;
#2929 = ORIENTED_EDGE ( 'NONE', *, *, #3431, .F. ) ;
#2930 = EDGE_CURVE ( 'NONE', #1800, #5427, #8132, .T. ) ;
#2931 = DIRECTION ( 'NONE',  ( -1.000000000000000000, 0.000000000000000000, 0.000000000000000000 ) ) ;
#2932 = DIRECTION ( 'NONE',  ( 0.000000000000000000, 0.000000000000000000, 1.000000000000000000 ) ) ;
#2933 = FACE_OUTER_BOUND ( 'NONE', #8946, .T. ) ;
#2934 = DIRECTION ( 'NONE',  ( 1.000000000000000000, 0.000000000000000000, 0.000000000000000000 ) ) ;
#2935 = DIRECTION ( 'NONE',  ( 1.000000000000000000, -8.673617379884027583E-16, 0.000000000000000000 ) ) ;
#2936 = CARTESIAN_POINT ( 'NONE',  ( 209.4860312251131234, 0.000000000000000000, -13.50000000000000000 ) ) ;
#2937 = ORIENTED_EDGE ( 'NONE', *, *, #9098, .F. ) ;
#2938 = CARTESIAN_POINT ( 'NONE',  ( 131.8691172952543695, -11.63509149552039190, -13.50000000000000355 ) ) ;
#2939 = FACE_OUTER_BOUND ( 'NONE', #2801, .T. ) ;
#2940 = EDGE_CURVE ( 'NONE', #5944, #6382, #6875, .T. ) ;
#2941 = CARTESIAN_POINT ( 'NONE',  ( 189.7360312251131234, -7.499999999999994671, -13.50000000000000355 ) ) ;
#2942 = CARTESIAN_POINT ( 'NONE',  ( 14.59356986571397208, -15.11432246495105325, 13.50000000000000178 ) ) ;
#2943 = CARTESIAN_POINT ( 'NONE',  ( 182.4860312251131234, 11.10660171779823813, 13.50000000000000000 ) ) ;
#2944 = ORIENTED_EDGE ( 'NONE', *, *, #3900, .T. ) ;
#2945 = ORIENTED_EDGE ( 'NONE', *, *, #8109, .T. ) ;
#2946 = ORIENTED_EDGE ( 'NONE', *, *, #6910, .T. ) ;
#2947 = CARTESIAN_POINT ( 'NONE',  ( 54.67602456598011429, -5.280000000000001137, -12.50000000000000000 ) ) ;
#2948 = FACE_BOUND ( 'NONE', #9408, .T. ) ;
#2949 = CARTESIAN_POINT ( 'NONE',  ( 232.0839721658975918, -19.57731578793045202, 7.000000000000026645 ) ) ;
#2950 = DIRECTION ( 'NONE',  ( 0.000000000000000000, 0.000000000000000000, 1.000000000000000000 ) ) ;
#2951 = VERTEX_POINT ( 'NONE', #6705 ) ;
#2952 = ORIENTED_EDGE ( 'NONE', *, *, #9015, .F. ) ;
#2953 = ORIENTED_EDGE ( 'NONE', *, *, #4228, .F. ) ;
#2954 = ORIENTED_EDGE ( 'NONE', *, *, #6678, .T. ) ;
#2955 = LINE ( 'NONE', #1497, #5011 ) ;
#2956 = DIRECTION ( 'NONE',  ( -0.9995966148089566738, -0.02840083911567759661, 0.000000000000000000 ) ) ;
#2957 = CIRCLE ( 'NONE', #4533, 1.000000000000003109 ) ;
#2958 = CARTESIAN_POINT ( 'NONE',  ( 206.9701442618116403, -16.92175284463559848, 8.257165788677186313 ) ) ;
#2959 = CARTESIAN_POINT ( 'NONE',  ( 198.8129416472165758, -7.513704219254686123, 11.76931878660981923 ) ) ;
#2960 = CARTESIAN_POINT ( 'NONE',  ( 131.4431047085188311, 3.358857726613946770, 10.49999999999999822 ) ) ;
#2961 = CYLINDRICAL_SURFACE ( 'NONE', #6571, 0.9999999999999892308 ) ;
#2962 = CARTESIAN_POINT ( 'NONE',  ( 24.19280461054557207, 10.82512032616560838, -13.50000000000000355 ) ) ;
#2964 = EDGE_CURVE ( 'NONE', #8266, #2817, #5398, .T. ) ;
#2963 = ORIENTED_EDGE ( 'NONE', *, *, #3482, .T. ) ;
#2965 = AXIS2_PLACEMENT_3D ( 'NONE', #7418, #2219, #9650 ) ;
#2966 = CARTESIAN_POINT ( 'NONE',  ( 65.89574071786321952, -13.50954687715667113, -13.50000000000000355 ) ) ;
#2967 = ORIENTED_EDGE ( 'NONE', *, *, #4363, .F. ) ;
#2968 = ORIENTED_EDGE ( 'NONE', *, *, #6455, .F. ) ;
#2969 = FACE_OUTER_BOUND ( 'NONE', #8815, .T. ) ;
#2970 = DIRECTION ( 'NONE',  ( 0.000000000000000000, 0.000000000000000000, 1.000000000000000000 ) ) ;
#2971 = CIRCLE ( 'NONE', #1897, 1.000000000000000888 ) ;
#2972 = CARTESIAN_POINT ( 'NONE',  ( 155.4334234639337353, 4.040477865390771584, 11.50000000000000000 ) ) ;
#2973 = LINE ( 'NONE', #2236, #2037 ) ;
#2974 = CARTESIAN_POINT ( 'NONE',  ( 133.8399096857565382, -10.57869320248002332, 13.50000000000000000 ) ) ;
#2975 = CYLINDRICAL_SURFACE ( 'NONE', #2849, 0.9999999999999974465 ) ;
#2976 = DIRECTION ( 'NONE',  ( 0.9995966148089557857, 0.02840083911570135539, -0.000000000000000000 ) ) ;
#2977 = ORIENTED_EDGE ( 'NONE', *, *, #3940, .F. ) ;
#2978 = EDGE_CURVE ( 'NONE', #913, #5933, #632, .T. ) ;
#2979 = EDGE_CURVE ( 'NONE', #6634, #8276, #6027, .T. ) ;
#2980 = DIRECTION ( 'NONE',  ( 0.000000000000000000, 0.000000000000000000, 1.000000000000000000 ) ) ;
#2981 = VECTOR ( 'NONE', #3115, 1000.000000000000000 ) ;
#2982 = DIRECTION ( 'NONE',  ( 1.000000000000000000, 0.000000000000000000, 0.000000000000000000 ) ) ;
#2983 = CARTESIAN_POINT ( 'NONE',  ( 13.00000000000000533, 0.000000000000000000, 2.499999999999999556 ) ) ;
#2984 = AXIS2_PLACEMENT_3D ( 'NONE', #4562, #8223, #8131 ) ;
#2985 = CARTESIAN_POINT ( 'NONE',  ( 38.65102456598012992, -5.280000000000001137, 6.500000000000000000 ) ) ;
#2986 = FACE_OUTER_BOUND ( 'NONE', #6610, .T. ) ;
#2987 = ORIENTED_EDGE ( 'NONE', *, *, #8429, .T. ) ;
#2988 = ORIENTED_EDGE ( 'NONE', *, *, #2185, .T. ) ;
#2989 = EDGE_CURVE ( 'NONE', #8030, #1013, #4663, .T. ) ;
#2990 = DIRECTION ( 'NONE',  ( 1.000000000000000000, 0.000000000000000000, 0.000000000000000000 ) ) ;
#2991 = CIRCLE ( 'NONE', #6285, 10.00000000000000888 ) ;
#2992 = CIRCLE ( 'NONE', #2117, 13.00000000000000533 ) ;
#2993 = DIRECTION ( 'NONE',  ( -1.000000000000000000, 0.000000000000000000, 0.000000000000000000 ) ) ;
#2994 = FACE_BOUND ( 'NONE', #6436, .T. ) ;
#2995 = CARTESIAN_POINT ( 'NONE',  ( 167.7360312251131234, -3.499999999999999112, 11.50000000000000000 ) ) ;
#2996 = VECTOR ( 'NONE', #1465, 1000.000000000000000 ) ;
#2997 = DIRECTION ( 'NONE',  ( 0.000000000000000000, 0.000000000000000000, 1.000000000000000000 ) ) ;
#2998 = ORIENTED_EDGE ( 'NONE', *, *, #997, .F. ) ;
#2999 = ORIENTED_EDGE ( 'NONE', *, *, #195, .F. ) ;
#3000 = EDGE_CURVE ( 'NONE', #5070, #7784, #442, .T. ) ;
#3001 = EDGE_LOOP ( 'NONE', ( #5836, #1534, #5981 ) ) ;
#3002 = VERTEX_POINT ( 'NONE', #841 ) ;
#3003 = CARTESIAN_POINT ( 'NONE',  ( 133.8399096857565382, -10.57869320248002332, 12.50000000000000000 ) ) ;
#3004 = B_SPLINE_CURVE_WITH_KNOTS ( 'NONE', 3,
 ( #7560, #6830, #1788, #8444, #866, #3854, #7663, #2517 ),
 .UNSPECIFIED., .F., .F.,
 ( 4, 2, 2, 4 ),
 ( 0.000000000000000000, 0.0003907830310775778642, 0.0007815660621551557283, 0.001563132124310369136 ),
 .UNSPECIFIED. ) ;
#3005 = FACE_OUTER_BOUND ( 'NONE', #1202, .T. ) ;
#3006 = EDGE_CURVE ( 'NONE', #1295, #2511, #5978, .T. ) ;
#3007 = CARTESIAN_POINT ( 'NONE',  ( 207.1840576126427607, -17.98307667815120325, 8.257165788677184537 ) ) ;
#3008 = CARTESIAN_POINT ( 'NONE',  ( 198.8912564227712778, -7.776645038957148870, 12.52357907029219852 ) ) ;
#3009 = CARTESIAN_POINT ( 'NONE',  ( 223.1973391389971084, 14.45294176984343792, 7.000000000000026645 ) ) ;
#3010 = DIRECTION ( 'NONE',  ( 0.000000000000000000, 0.000000000000000000, 1.000000000000000000 ) ) ;
#3011 = CARTESIAN_POINT ( 'NONE',  ( 207.1107387536325746, 16.08028039579778579, 6.803451239698881103 ) ) ;
#3012 = VERTEX_POINT ( 'NONE', #9637 ) ;
#3013 = CARTESIAN_POINT ( 'NONE',  ( 102.8528180118699566, -11.48752005418247180, 12.49999999999999822 ) ) ;
#3014 = VERTEX_POINT ( 'NONE', #901 ) ;
#3015 = VERTEX_POINT ( 'NONE', #941 ) ;
#3016 = ORIENTED_EDGE ( 'NONE', *, *, #7704, .F. ) ;
#3017 = DIRECTION ( 'NONE',  ( -0.000000000000000000, -0.000000000000000000, -1.000000000000000000 ) ) ;
#3018 = DIRECTION ( 'NONE',  ( -1.000000000000000000, 0.000000000000000000, 0.000000000000000000 ) ) ;
#3019 = CARTESIAN_POINT ( 'NONE',  ( 94.40122828235602981, 4.307219908950941090, 11.50000000000000000 ) ) ;
#3020 = CIRCLE ( 'NONE', #2872, 1.000000000000000888 ) ;
#3021 = AXIS2_PLACEMENT_3D ( 'NONE', #5766, #8700, #3603 ) ;
#3022 = DIRECTION ( 'NONE',  ( -0.000000000000000000, -0.000000000000000000, -1.000000000000000000 ) ) ;
#3023 = CARTESIAN_POINT ( 'NONE',  ( 213.8794295073149101, 10.60660171779823457, -13.50000000000000000 ) ) ;
#3024 = ORIENTED_EDGE ( 'NONE', *, *, #1921, .F. ) ;
#3025 = FACE_OUTER_BOUND ( 'NONE', #9036, .T. ) ;
#3026 = DIRECTION ( 'NONE',  ( 0.000000000000000000, 0.000000000000000000, 1.000000000000000000 ) ) ;
#3027 = VERTEX_POINT ( 'NONE', #1475 ) ;
#3028 = CARTESIAN_POINT ( 'NONE',  ( 93.40163166754707902, 4.278819069835242850, 13.50000000000000000 ) ) ;
#3029 = AXIS2_PLACEMENT_3D ( 'NONE', #8107, #8880, #3155 ) ;
#3030 = TOROIDAL_SURFACE ( 'NONE', #4295, 6.000000000000001776, 2.000000000000000000 ) ;
#3031 = FACE_OUTER_BOUND ( 'NONE', #1055, .T. ) ;
#3032 = DIRECTION ( 'NONE',  ( -0.000000000000000000, -0.000000000000000000, 1.000000000000000000 ) ) ;
#3033 = EDGE_CURVE ( 'NONE', #2014, #8333, #8599, .T. ) ;
#3034 = EDGE_CURVE ( 'NONE', #4445, #6893, #4516, .T. ) ;
#3035 = DIRECTION ( 'NONE',  ( -0.02840083911570534872, 0.9995966148089557857, 0.000000000000000000 ) ) ;
#3036 = CARTESIAN_POINT ( 'NONE',  ( 101.7960163336386046, -9.488326824564561335, 11.50000000000000000 ) ) ;
#3037 = VECTOR ( 'NONE', #8119, 1000.000000000000000 ) ;
#3038 = CIRCLE ( 'NONE', #8676, 0.9999999999999995559 ) ;
#3039 = CARTESIAN_POINT ( 'NONE',  ( 176.7360312251131234, 3.999999999999994671, 5.000000000000026645 ) ) ;
#3040 = VERTEX_POINT ( 'NONE', #2942 ) ;
#3041 = ADVANCED_FACE ( 'NONE', ( #6805 ), #793, .F. ) ;
#3042 = ORIENTED_EDGE ( 'NONE', *, *, #2623, .T. ) ;
#3043 = CARTESIAN_POINT ( 'NONE',  ( 71.41050614175006217, 3.654000609289787871, -13.50000000000000355 ) ) ;
#3044 = AXIS2_PLACEMENT_3D ( 'NONE', #5919, #3716, #7482 ) ;
#3045 = AXIS2_PLACEMENT_3D ( 'NONE', #5709, #1622, #6025 ) ;
#3046 = DIRECTION ( 'NONE',  ( 0.02840083911570534872, -0.9995966148089557857, 0.000000000000000000 ) ) ;
#3047 = FACE_OUTER_BOUND ( 'NONE', #5112, .T. ) ;
#3048 = EDGE_CURVE ( 'NONE', #6764, #8148, #124, .T. ) ;
#3049 = CARTESIAN_POINT ( 'NONE',  ( 131.3579021911717177, 6.357647571040812018, -13.50000000000000355 ) ) ;
#3050 = CYLINDRICAL_SURFACE ( 'NONE', #7854, 1.000000000000000222 ) ;
#3051 = ORIENTED_EDGE ( 'NONE', *, *, #2989, .T. ) ;
#3052 = EDGE_LOOP ( 'NONE', ( #558, #9272, #9060, #9600 ) ) ;
#3053 = VERTEX_POINT ( 'NONE', #9056 ) ;
#3054 = ORIENTED_EDGE ( 'NONE', *, *, #835, .F. ) ;
#3055 = CARTESIAN_POINT ( 'NONE',  ( 171.7360312251131234, 7.500000000000000000, 13.50000000000000178 ) ) ;
#3056 = AXIS2_PLACEMENT_3D ( 'NONE', #7888, #8717, #2054 ) ;
#3057 = AXIS2_PLACEMENT_3D ( 'NONE', #2515, #1697, #1154 ) ;
#3058 = CARTESIAN_POINT ( 'NONE',  ( 204.6289045504396427, -20.99999999999996803, 6.630092343462100857 ) ) ;
#3059 = CARTESIAN_POINT ( 'NONE',  ( 209.8794295073142848, -10.60660171779819372, -13.50000000000000000 ) ) ;
#3060 = EDGE_CURVE ( 'NONE', #5431, #3177, #6127, .T. ) ;
#3061 = AXIS2_PLACEMENT_3D ( 'NONE', #7665, #5514, #190 ) ;
#3062 = CARTESIAN_POINT ( 'NONE',  ( 24.05745470026615251, 9.834322464951046783, -13.50000000000000000 ) ) ;
#3063 = CARTESIAN_POINT ( 'NONE',  ( 248.6777888845909388, -7.500000000000000000, 8.257165788677186313 ) ) ;
#3064 = CARTESIAN_POINT ( 'NONE',  ( 171.4776792904964395, -7.491648065383497368, 5.000000000000026645 ) ) ;
#3065 = CIRCLE ( 'NONE', #3231, 1.000000000000000888 ) ;
#3066 = CARTESIAN_POINT ( 'NONE',  ( 167.7360312251131234, -3.499999999999999112, 5.000000000000026645 ) ) ;
#3067 = VERTEX_POINT ( 'NONE', #6659 ) ;
#3068 = VECTOR ( 'NONE', #5695, 1000.000000000000000 ) ;
#3069 = CIRCLE ( 'NONE', #9614, 6.000000000000005329 ) ;
#3070 = CARTESIAN_POINT ( 'NONE',  ( 20.53835703300135762, -15.92642192662754574, -13.50000000000000355 ) ) ;
#3071 = EDGE_LOOP ( 'NONE', ( #6215, #5764, #9344, #5693 ) ) ;
#3072 = ORIENTED_EDGE ( 'NONE', *, *, #3783, .F. ) ;
#3073 = EDGE_LOOP ( 'NONE', ( #5226, #8324 ) ) ;
#3074 = CIRCLE ( 'NONE', #5888, 1.000000000000001110 ) ;
#3075 = AXIS2_PLACEMENT_3D ( 'NONE', #3309, #5570, #2628 ) ;
#3076 = FACE_OUTER_BOUND ( 'NONE', #3163, .T. ) ;
#3077 = DIRECTION ( 'NONE',  ( 0.000000000000000000, 0.000000000000000000, 1.000000000000000000 ) ) ;
#3078 = CARTESIAN_POINT ( 'NONE',  ( 14.32287004515514184, -17.09591818738018176, -13.50000000000000355 ) ) ;
#3079 = CYLINDRICAL_SURFACE ( 'NONE', #2094, 26.74999999999999645 ) ;
#3080 = ORIENTED_EDGE ( 'NONE', *, *, #4132, .F. ) ;
#3081 = CARTESIAN_POINT ( 'NONE',  ( 72.41090968972655162, 3.654000609285256385, 10.52840656793764218 ) ) ;
#3082 = FACE_OUTER_BOUND ( 'NONE', #4986, .T. ) ;
#3083 = ORIENTED_EDGE ( 'NONE', *, *, #1250, .F. ) ;
#3084 = CIRCLE ( 'NONE', #1839, 1.000000000000000888 ) ;
#3085 = LINE ( 'NONE', #7537, #7770 ) ;
#3086 = CARTESIAN_POINT ( 'NONE',  ( 72.41050614175007638, 3.654000609289787871, -13.50000000000000355 ) ) ;
#3087 = FACE_OUTER_BOUND ( 'NONE', #3544, .T. ) ;
#3088 = CARTESIAN_POINT ( 'NONE',  ( 224.4860312251130949, 0.000000000000000000, 2.602085213965210642E-14 ) ) ;
#3089 = CARTESIAN_POINT ( 'NONE',  ( 211.7294295073142791, -10.60660171779819372, -13.50000000000000000 ) ) ;
#3090 = DIRECTION ( 'NONE',  ( 0.000000000000000000, 0.000000000000000000, 1.000000000000000000 ) ) ;
#3091 = ORIENTED_EDGE ( 'NONE', *, *, #2819, .F. ) ;
#3092 = ORIENTED_EDGE ( 'NONE', *, *, #5496, .T. ) ;
#3093 = ORIENTED_EDGE ( 'NONE', *, *, #775, .F. ) ;
#3094 = EDGE_CURVE ( 'NONE', #5790, #1302, #3747, .T. ) ;
#3095 = EDGE_CURVE ( 'NONE', #8483, #905, #4383, .T. ) ;
#3096 = FACE_OUTER_BOUND ( 'NONE', #9115, .T. ) ;
#3097 = AXIS2_PLACEMENT_3D ( 'NONE', #5773, #6495, #1905 ) ;
#3098 = ADVANCED_FACE ( 'NONE', ( #3778 ), #2248, .T. ) ;
#3099 = CYLINDRICAL_SURFACE ( 'NONE', #2575, 0.9999999999999998890 ) ;
#3100 = DIRECTION ( 'NONE',  ( -0.02840083911569750777, 0.9995966148089561187, 0.000000000000000000 ) ) ;
#3101 = PLANE ( 'NONE',  #9246 ) ;
#3102 = ORIENTED_EDGE ( 'NONE', *, *, #5649, .F. ) ;
#3103 = VERTEX_POINT ( 'NONE', #6855 ) ;
#3104 = ORIENTED_EDGE ( 'NONE', *, *, #1855, .T. ) ;
#3105 = VERTEX_POINT ( 'NONE', #169 ) ;
#3106 = ADVANCED_FACE ( 'NONE', ( #3138 ), #4903, .T. ) ;
#3107 = EDGE_CURVE ( 'NONE', #8254, #7564, #8130, .T. ) ;
#3108 = LINE ( 'NONE', #8398, #9618 ) ;
#3109 = CARTESIAN_POINT ( 'NONE',  ( 71.43890698086578084, 2.654403994480826423, -13.50000000000000000 ) ) ;
#3110 = CARTESIAN_POINT ( 'NONE',  ( 12.40844320000272383, 18.24074055622876855, 12.50000000000000178 ) ) ;
#3111 = ADVANCED_FACE ( 'NONE', ( #5537 ), #1090, .F. ) ;
#3112 = EDGE_CURVE ( 'NONE', #1603, #2400, #2181, .T. ) ;
#3113 = DIRECTION ( 'NONE',  ( -0.9996727527214570586, -0.02558099814910960029, 0.000000000000000000 ) ) ;
#3114 = DIRECTION ( 'NONE',  ( 0.9995966148089557857, 0.02840083911570135886, 0.000000000000000000 ) ) ;
#3115 = DIRECTION ( 'NONE',  ( 0.000000000000000000, 0.000000000000000000, 1.000000000000000000 ) ) ;
#3116 = CARTESIAN_POINT ( 'NONE',  ( 207.9496908901186600, 16.03263826636005618, 5.000000000000058620 ) ) ;
#3117 = ORIENTED_EDGE ( 'NONE', *, *, #3122, .F. ) ;
#3118 = DIRECTION ( 'NONE',  ( 1.000000000000000000, 0.000000000000000000, 0.000000000000000000 ) ) ;
#3119 = ORIENTED_EDGE ( 'NONE', *, *, #438, .F. ) ;
#3120 = ORIENTED_EDGE ( 'NONE', *, *, #4964, .F. ) ;
#3121 = ORIENTED_EDGE ( 'NONE', *, *, #616, .F. ) ;
#3122 = EDGE_CURVE ( 'NONE', #7356, #519, #2957, .T. ) ;
#3123 = AXIS2_PLACEMENT_3D ( 'NONE', #7280, #8112, #2825 ) ;
#3124 = CARTESIAN_POINT ( 'NONE',  ( 209.8794295073142848, -10.60660171779819372, -13.50000000000000000 ) ) ;
#3125 = DIRECTION ( 'NONE',  ( -0.000000000000000000, -0.000000000000000000, -1.000000000000000000 ) ) ;
#3126 = CARTESIAN_POINT ( 'NONE',  ( 198.8251986380129779, 7.556198386019804758, 12.04102625044263775 ) ) ;
#3127 = VECTOR ( 'NONE', #8322, 1000.000000000000000 ) ;
#3128 = DIRECTION ( 'NONE',  ( 0.000000000000000000, -1.000000000000000000, 0.000000000000000000 ) ) ;
#3129 = ORIENTED_EDGE ( 'NONE', *, *, #4808, .F. ) ;
#3130 = DIRECTION ( 'NONE',  ( 0.000000000000000000, 0.000000000000000000, 1.000000000000000000 ) ) ;
#3131 = CARTESIAN_POINT ( 'NONE',  ( 224.4860312251130949, 0.000000000000000000, 6.000000000000027534 ) ) ;
#3132 = ORIENTED_EDGE ( 'NONE', *, *, #6036, .F. ) ;
#3133 = ADVANCED_FACE ( 'NONE', ( #6949 ), #4124, .F. ) ;
#3134 = VECTOR ( 'NONE', #4062, 1000.000000000000000 ) ;
#3135 = CARTESIAN_POINT ( 'NONE',  ( 216.0294295073142905, -10.60660171779819372, -11.50000000000000000 ) ) ;
#3136 = CARTESIAN_POINT ( 'NONE',  ( 20.40300712272194517, -16.91721978784210734, 13.50000000000000178 ) ) ;
#3137 = CARTESIAN_POINT ( 'NONE',  ( 162.8282115152162248, -9.755068868124679327, 10.49999999999999645 ) ) ;
#3138 = FACE_OUTER_BOUND ( 'NONE', #4046, .T. ) ;
#3139 = CARTESIAN_POINT ( 'NONE',  ( 20.40300712272194517, -16.91721978784210734, -13.50000000000000355 ) ) ;
#3140 = VERTEX_POINT ( 'NONE', #353 ) ;
#3141 = CIRCLE ( 'NONE', #642, 1.000000000000000888 ) ;
#3142 = ORIENTED_EDGE ( 'NONE', *, *, #7285, .T. ) ;
#3143 = DIRECTION ( 'NONE',  ( -1.000000000000000000, 0.000000000000000000, 0.000000000000000000 ) ) ;
#3144 = CARTESIAN_POINT ( 'NONE',  ( 244.0633470130435398, 7.597940940784439157, 6.000000000000026645 ) ) ;
#3145 = CARTESIAN_POINT ( 'NONE',  ( 155.3198201074709175, 8.038864324626592506, 12.49999999999999822 ) ) ;
#3146 = ADVANCED_FACE ( 'NONE', ( #1915 ), #9351, .T. ) ;
#3147 = DIRECTION ( 'NONE',  ( -0.02558099814910921865, 0.9996727527214570586, 0.000000000000000000 ) ) ;
#3148 = DIRECTION ( 'NONE',  ( -1.000000000000000000, 0.000000000000000000, 0.000000000000000000 ) ) ;
#3149 = VERTEX_POINT ( 'NONE', #7097 ) ;
#3150 = ORIENTED_EDGE ( 'NONE', *, *, #8001, .F. ) ;
#3151 = VERTEX_POINT ( 'NONE', #1040 ) ;
#3152 = ORIENTED_EDGE ( 'NONE', *, *, #8180, .T. ) ;
#3153 = PLANE ( 'NONE',  #1227 ) ;
#3154 = CYLINDRICAL_SURFACE ( 'NONE', #567, 16.02499999999999858 ) ;
#3155 = DIRECTION ( 'NONE',  ( 1.000000000000000000, 0.000000000000000000, 0.000000000000000000 ) ) ;
#3156 = CIRCLE ( 'NONE', #7533, 1.400000000000012346 ) ;
#3157 = CARTESIAN_POINT ( 'NONE',  ( 133.3854962599053522, 5.414852634463271919, 12.50000000000000000 ) ) ;
#3158 = ADVANCED_FACE ( 'NONE', ( #1870 ), #3238, .F. ) ;
#3159 = ADVANCED_FACE ( 'NONE', ( #6227 ), #7886, .T. ) ;
#3160 = LINE ( 'NONE', #5369, #6804 ) ;
#3161 = FACE_OUTER_BOUND ( 'NONE', #6731, .T. ) ;
#3162 = CARTESIAN_POINT ( 'NONE',  ( 183.7360312251131234, 6.500000000000000000, -13.50000000000000355 ) ) ;
#3163 = EDGE_LOOP ( 'NONE', ( #2998, #3414, #4498, #5006 ) ) ;
#3164 = DIRECTION ( 'NONE',  ( 0.000000000000000000, 0.000000000000000000, 1.000000000000000000 ) ) ;
#3165 = EDGE_LOOP ( 'NONE', ( #3976, #3910, #6783, #4709, #6140 ) ) ;
#3166 = ORIENTED_EDGE ( 'NONE', *, *, #9140, .T. ) ;
#3167 = ORIENTED_EDGE ( 'NONE', *, *, #9378, .T. ) ;
#3168 = AXIS2_PLACEMENT_3D ( 'NONE', #2841, #8673, #2016 ) ;
#3169 = CARTESIAN_POINT ( 'NONE',  ( 244.4442514762767473, -6.673326540134847384, 7.000000000000026645 ) ) ;
#3170 = EDGE_CURVE ( 'NONE', #8333, #6795, #2496, .T. ) ;
#3171 = CARTESIAN_POINT ( 'NONE',  ( 162.4229897856910441, 4.507124844895647797, 11.50000000000000000 ) ) ;
#3172 = CARTESIAN_POINT ( 'NONE',  ( 203.1873537284951681, 20.99999999999999289, 9.678816939873717828 ) ) ;
#3173 = CARTESIAN_POINT ( 'NONE',  ( 154.3908906998041743, 5.523258767737394770, 10.98746836239017810 ) ) ;
#3174 = ORIENTED_EDGE ( 'NONE', *, *, #3215, .T. ) ;
#3175 = DIRECTION ( 'NONE',  ( 0.000000000000000000, 0.000000000000000000, 1.000000000000000000 ) ) ;
#3176 = DIRECTION ( 'NONE',  ( -0.9246144006497944989, 0.3809044632332644342, 0.000000000000000000 ) ) ;
#3177 = VERTEX_POINT ( 'NONE', #6902 ) ;
#3178 = FACE_OUTER_BOUND ( 'NONE', #5098, .T. ) ;
#3179 = SURFACE_STYLE_USAGE ( .BOTH. , #4658 ) ;
#3180 = EDGE_CURVE ( 'NONE', #6251, #2445, #7977, .T. ) ;
#3181 = LINE ( 'NONE', #261, #4931 ) ;
#3182 = CARTESIAN_POINT ( 'NONE',  ( 171.2360312251131234, 3.999999999999996447, 5.000000000000026645 ) ) ;
#3183 = CARTESIAN_POINT ( 'NONE',  ( 71.80811788936989615, -10.34035199803559557, 10.49999999999999645 ) ) ;
#3184 = ORIENTED_EDGE ( 'NONE', *, *, #2792, .F. ) ;
#3185 = EDGE_CURVE ( 'NONE', #5718, #807, #7031, .T. ) ;
#3186 = ORIENTED_EDGE ( 'NONE', *, *, #7593, .T. ) ;
#3187 = CIRCLE ( 'NONE', #4135, 0.9999999999999998890 ) ;
#3188 = AXIS2_PLACEMENT_3D ( 'NONE', #2081, #7373, #4493 ) ;
#3189 = VERTEX_POINT ( 'NONE', #403 ) ;
#3190 = DIRECTION ( 'NONE',  ( 0.000000000000000000, 0.000000000000000000, 1.000000000000000000 ) ) ;
#3191 = CARTESIAN_POINT ( 'NONE',  ( 162.3740668097413504, 6.229019080008343145, 10.50946165822910849 ) ) ;
#3192 = CIRCLE ( 'NONE', #7253, 0.9999999999999998890 ) ;
#3193 = CIRCLE ( 'NONE', #77, 12.00000000000000533 ) ;
#3194 = AXIS2_PLACEMENT_3D ( 'NONE', #6198, #9177, #2471 ) ;
#3195 = CARTESIAN_POINT ( 'NONE',  ( -13.00000000000000533, -1.592040838891559687E-15, -5.500000000000000000 ) ) ;
#3196 = CARTESIAN_POINT ( 'NONE',  ( 64.85363631498022130, -12.04184258752302661, 10.97266034936147072 ) ) ;
#3197 = VERTEX_POINT ( 'NONE', #9201 ) ;
#3198 = ORIENTED_EDGE ( 'NONE', *, *, #4374, .F. ) ;
#3199 = ORIENTED_EDGE ( 'NONE', *, *, #358, .F. ) ;
#3200 = ORIENTED_EDGE ( 'NONE', *, *, #2676, .T. ) ;
#3201 = AXIS2_PLACEMENT_3D ( 'NONE', #8796, #4314, #450 ) ;
#3202 = CIRCLE ( 'NONE', #7900, 6.000000000000005329 ) ;
#3203 = DIRECTION ( 'NONE',  ( 1.000000000000000000, 0.000000000000000000, 0.000000000000000000 ) ) ;
#3204 = CARTESIAN_POINT ( 'NONE',  ( 95.91204000124760398, -13.65711831849459124, 13.50000000000000000 ) ) ;
#3205 = DIRECTION ( 'NONE',  ( -1.000000000000000000, 0.000000000000000000, 0.000000000000000000 ) ) ;
#3206 = TOROIDAL_SURFACE ( 'NONE', #2585, 1.999999999999999556, 1.000000000000000000 ) ;
#3207 = CARTESIAN_POINT ( 'NONE',  ( 65.83893903963182481, -11.51035364753875889, -13.50000000000000355 ) ) ;
#3208 = CARTESIAN_POINT ( 'NONE',  ( 162.8286149004072740, -9.783469707240403324, 12.49999999999999822 ) ) ;
#3209 = VERTEX_POINT ( 'NONE', #8519 ) ;
#3210 = CARTESIAN_POINT ( 'NONE',  ( 174.7360312251130949, 3.999999999999995559, 3.000000000000025313 ) ) ;
#3211 = ORIENTED_EDGE ( 'NONE', *, *, #5325, .F. ) ;
#3212 = ORIENTED_EDGE ( 'NONE', *, *, #1741, .T. ) ;
#3213 = ORIENTED_EDGE ( 'NONE', *, *, #7757, .T. ) ;
#3214 = CIRCLE ( 'NONE', #7598, 1.000000000000000000 ) ;
#3215 = EDGE_CURVE ( 'NONE', #5915, #1588, #8277, .T. ) ;
#3216 = EDGE_CURVE ( 'NONE', #1835, #9589, #9522, .T. ) ;
#3217 = AXIS2_PLACEMENT_3D ( 'NONE', #2224, #8927, #2084 ) ;
#3218 = DIRECTION ( 'NONE',  ( -0.000000000000000000, -0.000000000000000000, -1.000000000000000000 ) ) ;
#3219 = AXIS2_PLACEMENT_3D ( 'NONE', #3131, #6074, #935 ) ;
#3220 = DIRECTION ( 'NONE',  ( -0.000000000000000000, -0.000000000000000000, 1.000000000000000000 ) ) ;
#3221 = VECTOR ( 'NONE', #4426, 1000.000000000000000 ) ;
#3222 = CARTESIAN_POINT ( 'NONE',  ( 202.4798660223294462, 21.00000000000000000, 11.20951437616043478 ) ) ;
#3223 = EDGE_CURVE ( 'NONE', #1343, #3012, #1468, .T. ) ;
#3224 = LINE ( 'NONE', #6117, #4142 ) ;
#3225 = ORIENTED_EDGE ( 'NONE', *, *, #542, .F. ) ;
#3226 = CARTESIAN_POINT ( 'NONE',  ( 199.1925691112843708, -7.500000000000000000, 10.17124022969359842 ) ) ;
#3227 = AXIS2_PLACEMENT_3D ( 'NONE', #3405, #6479, #4288 ) ;
#3228 = DIRECTION ( 'NONE',  ( 0.000000000000000000, 0.000000000000000000, 1.000000000000000000 ) ) ;
#3229 = ORIENTED_EDGE ( 'NONE', *, *, #2741, .T. ) ;
#3230 = CARTESIAN_POINT ( 'NONE',  ( 217.8794295073149385, 10.60660171779823457, -11.50000000000000000 ) ) ;
#3231 = AXIS2_PLACEMENT_3D ( 'NONE', #8750, #2639, #3323 ) ;
#3232 = EDGE_CURVE ( 'NONE', #5669, #7366, #6459, .T. ) ;
#3233 = AXIS2_PLACEMENT_3D ( 'NONE', #3003, #489, #8922 ) ;
#3234 = PRESENTATION_STYLE_ASSIGNMENT (( #3179 ) ) ;
#3235 = VECTOR ( 'NONE', #7606, 1000.000000000000227 ) ;
#3236 = DIRECTION ( 'NONE',  ( 0.000000000000000000, 0.000000000000000000, 1.000000000000000000 ) ) ;
#3237 = ORIENTED_EDGE ( 'NONE', *, *, #2096, .F. ) ;
#3238 = PLANE ( 'NONE',  #4225 ) ;
#3239 = VECTOR ( 'NONE', #3620, 1000.000000000000000 ) ;
#3240 = DIRECTION ( 'NONE',  ( 0.02840083911570534872, -0.9995966148089557857, 0.000000000000000000 ) ) ;
#3241 = ORIENTED_EDGE ( 'NONE', *, *, #6837, .T. ) ;
#3242 = VERTEX_POINT ( 'NONE', #453 ) ;
#3243 = FACE_OUTER_BOUND ( 'NONE', #3479, .T. ) ;
#3244 = EDGE_CURVE ( 'NONE', #3695, #3712, #2279, .T. ) ;
#3245 = DIRECTION ( 'NONE',  ( 1.000000000000000000, 0.000000000000000000, 0.000000000000000000 ) ) ;
#3246 = DIRECTION ( 'NONE',  ( -0.000000000000000000, -0.000000000000000000, 1.000000000000000000 ) ) ;
#3247 = LINE ( 'NONE', #4768, #3235 ) ;
#3248 = CIRCLE ( 'NONE', #6224, 2.000000000000001776 ) ;
#3249 = DIRECTION ( 'NONE',  ( 1.000000000000000000, 0.000000000000000000, 0.000000000000000000 ) ) ;
#3250 = VERTEX_POINT ( 'NONE', #2833 ) ;
#3251 = ORIENTED_EDGE ( 'NONE', *, *, #5319, .T. ) ;
#3252 = ORIENTED_EDGE ( 'NONE', *, *, #7402, .F. ) ;
#3253 = EDGE_LOOP ( 'NONE', ( #2717, #4432, #6617, #6089 ) ) ;
#3254 = CARTESIAN_POINT ( 'NONE',  ( 213.8794295073142848, -10.60660171779819372, -11.50000000000000000 ) ) ;
#3255 = CARTESIAN_POINT ( 'NONE',  ( 171.4776792904964395, 7.491648065383496480, 3.079828180016206396 ) ) ;
#3256 = PLANE ( 'NONE',  #2095 ) ;
#3257 = DIRECTION ( 'NONE',  ( 1.000000000000000000, 0.000000000000000000, 0.000000000000000000 ) ) ;
#3258 = CARTESIAN_POINT ( 'NONE',  ( 132.8143254747128879, -9.692433981117716257, 11.27138653862090933 ) ) ;
#3259 = CARTESIAN_POINT ( 'NONE',  ( -1.541925553762553580, -19.94047305323153196, 12.50000000000000000 ) ) ;
#3260 = ORIENTED_EDGE ( 'NONE', *, *, #1607, .F. ) ;
#3261 = LINE ( 'NONE', #9131, #4337 ) ;
#3262 = EDGE_LOOP ( 'NONE', ( #3613, #3211, #5492, #3624 ) ) ;
#3263 = ORIENTED_EDGE ( 'NONE', *, *, #2210, .T. ) ;
#3264 = VERTEX_POINT ( 'NONE', #7296 ) ;
#3265 = DIRECTION ( 'NONE',  ( 1.000000000000000000, 0.000000000000000000, 0.000000000000000000 ) ) ;
#3266 = CARTESIAN_POINT ( 'NONE',  ( 50.65102456598013703, -5.280000000000000249, -13.50000000000000000 ) ) ;
#3267 = DIRECTION ( 'NONE',  ( -0.000000000000000000, -0.000000000000000000, -1.000000000000000000 ) ) ;
#3268 = EDGE_CURVE ( 'NONE', #3014, #8742, #5099, .T. ) ;
#3269 = CARTESIAN_POINT ( 'NONE',  ( 71.43890698086578084, 2.654403994480833084, 10.49999999999999645 ) ) ;
#3270 = ORIENTED_EDGE ( 'NONE', *, *, #6620, .F. ) ;
#3271 = DIRECTION ( 'NONE',  ( 0.000000000000000000, 0.000000000000000000, -1.000000000000000000 ) ) ;
#3272 = DIRECTION ( 'NONE',  ( -0.000000000000000000, -0.000000000000000000, -1.000000000000000000 ) ) ;
#3273 = ORIENTED_EDGE ( 'NONE', *, *, #9329, .T. ) ;
#3274 = AXIS2_PLACEMENT_3D ( 'NONE', #4587, #6001, #7563 ) ;
#3275 = CARTESIAN_POINT ( 'NONE',  ( 219.0359141684459416, -20.99999999999999645, 5.039446223576571349 ) ) ;
#3276 = EDGE_CURVE ( 'NONE', #3149, #8584, #1264, .T. ) ;
#3277 = EDGE_CURVE ( 'NONE', #5944, #729, #6422, .T. ) ;
#3278 = CARTESIAN_POINT ( 'NONE',  ( 102.8081455640989077, -9.901024226552477714, 11.50000000000000355 ) ) ;
#3279 = CARTESIAN_POINT ( 'NONE',  ( 38.65102456598012992, -5.280000000000000249, 6.500000000000000000 ) ) ;
#3280 = ORIENTED_EDGE ( 'NONE', *, *, #9077, .F. ) ;
#3281 = CARTESIAN_POINT ( 'NONE',  ( 95.85523832301620928, -11.65792508887668077, 13.50000000000000000 ) ) ;
#3282 = ADVANCED_FACE ( 'NONE', ( #8856 ), #8757, .T. ) ;
#3283 = EDGE_CURVE ( 'NONE', #110, #8608, #8605, .T. ) ;
#3284 = CARTESIAN_POINT ( 'NONE',  ( 240.8860312251131006, 1.714505518806288475E-16, 7.000000000000026645 ) ) ;
#3285 = ORIENTED_EDGE ( 'NONE', *, *, #877, .T. ) ;
#3286 = ORIENTED_EDGE ( 'NONE', *, *, #1795, .F. ) ;
#3287 = CARTESIAN_POINT ( 'NONE',  ( 244.3189690044746953, -6.904292913957934985, 6.974108152675042582 ) ) ;
#3288 = AXIS2_PLACEMENT_3D ( 'NONE', #2786, #1962, #7338 ) ;
#3289 = CARTESIAN_POINT ( 'NONE',  ( 218.4760376208894286, 18.34803385491477812, 7.000000000000026645 ) ) ;
#3290 = CARTESIAN_POINT ( 'NONE',  ( 205.1236364212769558, 13.79727841943759437, 6.301260587509752042 ) ) ;
#3291 = AXIS2_PLACEMENT_3D ( 'NONE', #5285, #3010, #7375 ) ;
#3293 = ADVANCED_FACE ( 'NONE', ( #8759 ), #2696, .T. ) ;
#3292 = CARTESIAN_POINT ( 'NONE',  ( 216.0294295073142905, -10.60660171779819372, -13.50000000000000000 ) ) ;
#3294 = DIRECTION ( 'NONE',  ( 0.02840083911569927372, -0.9995966148089558967, -0.000000000000000000 ) ) ;
#3295 = ORIENTED_EDGE ( 'NONE', *, *, #3942, .F. ) ;
#3296 = ORIENTED_EDGE ( 'NONE', *, *, #3699, .T. ) ;
#3297 = ORIENTED_EDGE ( 'NONE', *, *, #6801, .T. ) ;
#3298 = ORIENTED_EDGE ( 'NONE', *, *, #8612, .T. ) ;
#3299 = ADVANCED_FACE ( 'NONE', ( #2052 ), #495, .F. ) ;
#3300 = DIRECTION ( 'NONE',  ( -0.000000000000000000, -0.000000000000000000, 1.000000000000000000 ) ) ;
#3301 = PLANE ( 'NONE',  #4141 ) ;
#3302 = FACE_OUTER_BOUND ( 'NONE', #2498, .T. ) ;
#3304 = EDGE_CURVE ( 'NONE', #8094, #4677, #5648, .T. ) ;
#3303 = DIRECTION ( 'NONE',  ( -0.000000000000000000, -0.000000000000000000, -1.000000000000000000 ) ) ;
#3305 = AXIS2_PLACEMENT_3D ( 'NONE', #4754, #9100, #5445 ) ;
#3306 = CARTESIAN_POINT ( 'NONE',  ( 132.8403130709475874, -10.60709404159572067, 10.49999999999999645 ) ) ;
#3307 = DIRECTION ( 'NONE',  ( -0.000000000000000000, -0.000000000000000000, -1.000000000000000000 ) ) ;
#3308 = ORIENTED_EDGE ( 'NONE', *, *, #4299, .F. ) ;
#3309 = CARTESIAN_POINT ( 'NONE',  ( 95.40082489716499481, 4.335620748066612684, 12.49999999999999822 ) ) ;
#3310 = VERTEX_POINT ( 'NONE', #543 ) ;
#3311 = ORIENTED_EDGE ( 'NONE', *, *, #4660, .F. ) ;
#3312 = ORIENTED_EDGE ( 'NONE', *, *, #2979, .T. ) ;
#3313 = AXIS2_PLACEMENT_3D ( 'NONE', #6236, #1779, #4769 ) ;
#3314 = AXIS2_PLACEMENT_3D ( 'NONE', #696, #5155, #9638 ) ;
#3315 = CARTESIAN_POINT ( 'NONE',  ( 172.8647993408901300, -7.500000000000000888, 4.182345137676230173 ) ) ;
#3316 = CARTESIAN_POINT ( 'NONE',  ( 202.3306861512163266, 20.95618389659565395, 12.79906425798510838 ) ) ;
#3317 = LINE ( 'NONE', #7576, #8835 ) ;
#3318 = CARTESIAN_POINT ( 'NONE',  ( 207.9097167637398513, 20.99999999978060572, 13.67984380400068289 ) ) ;
#3319 = DIRECTION ( 'NONE',  ( -1.000000000000000000, 0.000000000000000000, 0.000000000000000000 ) ) ;
#3320 = ORIENTED_EDGE ( 'NONE', *, *, #7460, .F. ) ;
#3321 = CARTESIAN_POINT ( 'NONE',  ( 132.3858996450964014, 5.386451795347572791, 12.50000000000000000 ) ) ;
#3322 = AXIS2_PLACEMENT_3D ( 'NONE', #8264, #9047, #4601 ) ;
#3323 = DIRECTION ( 'NONE',  ( 1.000000000000000000, 0.000000000000000000, 0.000000000000000000 ) ) ;
#3324 = ORIENTED_EDGE ( 'NONE', *, *, #5794, .T. ) ;
#3325 = CARTESIAN_POINT ( 'NONE',  ( 101.8528180118699566, -11.48752005418247180, 13.50000000000000000 ) ) ;
#3326 =( NAMED_UNIT ( * ) PLANE_ANGLE_UNIT ( ) SI_UNIT ( $, .RADIAN. ) );
#3327 = DIRECTION ( 'NONE',  ( 1.000000000000000000, -2.784231178942772862E-13, 0.000000000000000000 ) ) ;
#3328 = DIRECTION ( 'NONE',  ( -1.000000000000000000, 0.000000000000000000, 0.000000000000000000 ) ) ;
#3329 = ORIENTED_EDGE ( 'NONE', *, *, #3699, .F. ) ;
#3330 = DIRECTION ( 'NONE',  ( -0.9246144006498056012, -0.3809044632332377889, 0.000000000000000000 ) ) ;
#3331 = CARTESIAN_POINT ( 'NONE',  ( 189.7360312251131234, 5.500000000000001776, -13.50000000000000000 ) ) ;
#3332 = ORIENTED_EDGE ( 'NONE', *, *, #6678, .F. ) ;
#3333 = ORIENTED_EDGE ( 'NONE', *, *, #6090, .F. ) ;
#3334 = CARTESIAN_POINT ( 'NONE',  ( 154.8314385967445617, -9.982275581050291891, 12.50000000000000000 ) ) ;
#3335 = EDGE_CURVE ( 'NONE', #4868, #2699, #5170, .T. ) ;
#3336 = EDGE_CURVE ( 'NONE', #2142, #9355, #202, .T. ) ;
#3337 = CARTESIAN_POINT ( 'NONE',  ( 0.000000000000000000, 0.000000000000000000, 12.50000000000000178 ) ) ;
#3338 = CARTESIAN_POINT ( 'NONE',  ( 194.4860312251130949, 21.00000000000000000, -12.50000000000000000 ) ) ;
#3339 = DIRECTION ( 'NONE',  ( 1.000000000000000000, 0.000000000000000000, 0.000000000000000000 ) ) ;
#3340 = CIRCLE ( 'NONE', #3501, 1.000000000000000888 ) ;
#3341 = CIRCLE ( 'NONE', #3021, 1.000000000000000888 ) ;
#3342 = DIRECTION ( 'NONE',  ( -0.000000000000000000, -0.000000000000000000, 1.000000000000000000 ) ) ;
#3343 = EDGE_CURVE ( 'NONE', #971, #3242, #325, .T. ) ;
#3344 = ORIENTED_EDGE ( 'NONE', *, *, #3276, .T. ) ;
#3345 = ORIENTED_EDGE ( 'NONE', *, *, #3879, .T. ) ;
#3346 = VERTEX_POINT ( 'NONE', #8166 ) ;
#3347 = VERTEX_POINT ( 'NONE', #4598 ) ;
#3348 = ADVANCED_FACE ( 'NONE', ( #9090 ), #6694, .F. ) ;
#3349 = AXIS2_PLACEMENT_3D ( 'NONE', #6773, #6627, #623 ) ;
#3350 = TOROIDAL_SURFACE ( 'NONE', #8812, 13.00000000000000533, 1.000000000000000000 ) ;
#3351 = AXIS2_PLACEMENT_3D ( 'NONE', #361, #7107, #4039 ) ;
#3352 = CARTESIAN_POINT ( 'NONE',  ( 95.85523832301620928, -11.65792508887668077, 10.49999999999999645 ) ) ;
#3353 = DIRECTION ( 'NONE',  ( 0.9907978612145639241, -0.1353499102794153697, 0.000000000000000000 ) ) ;
#3354 = DIRECTION ( 'NONE',  ( -0.02840083911569148134, 0.9995966148089561187, 0.000000000000000000 ) ) ;
#3355 = DIRECTION ( 'NONE',  ( 1.000000000000000000, 0.000000000000000000, 0.000000000000000000 ) ) ;
#3356 = FACE_OUTER_BOUND ( 'NONE', #1436, .T. ) ;
#3357 = DIRECTION ( 'NONE',  ( -1.000000000000000000, 0.000000000000000000, 0.000000000000000000 ) ) ;
#3358 = ORIENTED_EDGE ( 'NONE', *, *, #6547, .T. ) ;
#3359 = AXIS2_PLACEMENT_3D ( 'NONE', #9483, #2009, #1376 ) ;
#3360 = AXIS2_PLACEMENT_3D ( 'NONE', #8000, #6854, #1397 ) ;
#3361 = ORIENTED_EDGE ( 'NONE', *, *, #561, .T. ) ;
#3362 = ORIENTED_EDGE ( 'NONE', *, *, #5146, .T. ) ;
#3363 = ORIENTED_EDGE ( 'NONE', *, *, #1281, .T. ) ;
#3364 = EDGE_CURVE ( 'NONE', #518, #3412, #7485, .T. ) ;
#3365 = LINE ( 'NONE', #4608, #7725 ) ;
#3366 = PLANE ( 'NONE',  #5223 ) ;
#3367 = VECTOR ( 'NONE', #1912, 1000.000000000000114 ) ;
#3368 = DIRECTION ( 'NONE',  ( 1.000000000000000000, 0.000000000000000000, 0.000000000000000000 ) ) ;
#3369 = CYLINDRICAL_SURFACE ( 'NONE', #5947, 1.400000000000012346 ) ;
#3370 = CARTESIAN_POINT ( 'NONE',  ( 224.4860312251130949, 0.000000000000000000, -12.50000000000000000 ) ) ;
#3371 = CYLINDRICAL_SURFACE ( 'NONE', #8702, 0.9999999999999996669 ) ;
#3372 = EDGE_LOOP ( 'NONE', ( #3119, #3679, #6666, #2897 ) ) ;
#3373 = CARTESIAN_POINT ( 'NONE',  ( 208.7501461230915254, 18.36283762241924578, 5.000000000000025757 ) ) ;
#3374 = AXIS2_PLACEMENT_3D ( 'NONE', #8837, #7374, #6682 ) ;
#3375 = CARTESIAN_POINT ( 'NONE',  ( 72.44980189812038418, 2.285149509691340786, 11.46839646208764663 ) ) ;
#3376 = CIRCLE ( 'NONE', #6192, 0.9999999999999998890 ) ;
#3377 = DIRECTION ( 'NONE',  ( -0.000000000000000000, -0.000000000000000000, 1.000000000000000000 ) ) ;
#3378 = AXIS2_PLACEMENT_3D ( 'NONE', #7182, #4988, #9469 ) ;
#3379 = LINE ( 'NONE', #6370, #3671 ) ;
#3380 = DIRECTION ( 'NONE',  ( 0.9995966148089557857, 0.02840083911570142478, -0.000000000000000000 ) ) ;
#3381 = AXIS2_PLACEMENT_3D ( 'NONE', #1889, #4874, #7861 ) ;
#3382 = EDGE_LOOP ( 'NONE', ( #6638, #5471, #2228, #2113 ) ) ;
#3383 = DIRECTION ( 'NONE',  ( -0.9995966148089560077, -0.02840083911569918698, 0.000000000000000000 ) ) ;
#3384 = CARTESIAN_POINT ( 'NONE',  ( 207.9496908901186600, -16.03263826636005263, 5.000000000000058620 ) ) ;
#3385 = VERTEX_POINT ( 'NONE', #8993 ) ;
#3386 = VECTOR ( 'NONE', #4212, 1000.000000000000000 ) ;
#3387 = EDGE_LOOP ( 'NONE', ( #1820, #4944, #3333, #808 ) ) ;
#3388 = AXIS2_PLACEMENT_3D ( 'NONE', #6812, #9108, #6179 ) ;
#3389 = VECTOR ( 'NONE', #4862, 999.9999999999998863 ) ;
#3390 = FACE_OUTER_BOUND ( 'NONE', #7299, .T. ) ;
#3391 = CIRCLE ( 'NONE', #4646, 4.000000000000003553 ) ;
#3392 = FACE_OUTER_BOUND ( 'NONE', #1892, .T. ) ;
#3393 = CARTESIAN_POINT ( 'NONE',  ( 203.6647949474356665, 10.47272257615284552, 4.999999999999973355 ) ) ;
#3394 = AXIS2_PLACEMENT_3D ( 'NONE', #1368, #6782, #5472 ) ;
#3395 = EDGE_CURVE ( 'NONE', #3740, #4458, #51, .T. ) ;
#3396 = CARTESIAN_POINT ( 'NONE',  ( 101.8812188509856611, -12.48711666899142614, -13.50000000000000355 ) ) ;
#3397 = EDGE_LOOP ( 'NONE', ( #5838, #7919, #5413, #9106 ) ) ;
#3398 = EDGE_CURVE ( 'NONE', #3866, #255, #3759, .T. ) ;
#3399 = ORIENTED_EDGE ( 'NONE', *, *, #540, .T. ) ;
#3400 = VERTEX_POINT ( 'NONE', #6845 ) ;
#3401 = EDGE_CURVE ( 'NONE', #7669, #1058, #2349, .T. ) ;
#3402 = DIRECTION ( 'NONE',  ( 1.000000000000000000, 0.000000000000000000, 0.000000000000000000 ) ) ;
#3403 = CYLINDRICAL_SURFACE ( 'NONE', #1786, 2.150000000000012790 ) ;
#3404 = CARTESIAN_POINT ( 'NONE',  ( 95.91204000124758977, -13.65711831849459124, 12.49999999999999822 ) ) ;
#3405 = CARTESIAN_POINT ( 'NONE',  ( 248.6777888845909388, 0.000000000000000000, 8.257165788677186313 ) ) ;
#3406 = CARTESIAN_POINT ( 'NONE',  ( 231.0926329429113650, 10.60660171779759509, -11.50000000000000000 ) ) ;
#3407 = ADVANCED_FACE ( 'NONE', ( #780 ), #7037, .T. ) ;
#3408 = DIRECTION ( 'NONE',  ( -1.000000000000000000, 0.000000000000000000, 0.000000000000000000 ) ) ;
#3409 = EDGE_LOOP ( 'NONE', ( #181, #2231 ) ) ;
#3410 = ADVANCED_FACE ( 'NONE', ( #9044 ), #7438, .T. ) ;
#3411 = DIRECTION ( 'NONE',  ( -0.000000000000000000, -0.000000000000000000, -1.000000000000000000 ) ) ;
#3412 = VERTEX_POINT ( 'NONE', #9627 ) ;
#3413 = VERTEX_POINT ( 'NONE', #2187 ) ;
#3414 = ORIENTED_EDGE ( 'NONE', *, *, #763, .F. ) ;
#3415 = DIRECTION ( 'NONE',  ( 1.000000000000000000, 0.000000000000000000, 0.000000000000000000 ) ) ;
#3416 = CARTESIAN_POINT ( 'NONE',  ( 216.8880902843285980, 19.57731578793045202, 6.000000000000026645 ) ) ;
#3417 = CARTESIAN_POINT ( 'NONE',  ( 238.6914791025397733, 1.160847083493906862, 6.980373903448868766 ) ) ;
#3418 = DIRECTION ( 'NONE',  ( 0.000000000000000000, 0.000000000000000000, 1.000000000000000000 ) ) ;
#3419 = PLANE ( 'NONE',  #6624 ) ;
#3420 = ADVANCED_FACE ( 'NONE', ( #1421 ), #2340, .F. ) ;
#3421 = DIRECTION ( 'NONE',  ( 0.000000000000000000, 0.000000000000000000, -1.000000000000000000 ) ) ;
#3422 = VERTEX_POINT ( 'NONE', #5186 ) ;
#3423 = LINE ( 'NONE', #2781, #4175 ) ;
#3424 = AXIS2_PLACEMENT_3D ( 'NONE', #3467, #396, #9427 ) ;
#3425 = CARTESIAN_POINT ( 'NONE',  ( 205.6427687439546048, 18.98667846323213482, 11.12864468912638571 ) ) ;
#3426 = CARTESIAN_POINT ( 'NONE',  ( 131.7839147779072277, -8.636301651093527099, 11.50000000000000000 ) ) ;
#3427 = CARTESIAN_POINT ( 'NONE',  ( 20.40300712272194517, -16.91721978784210734, -13.50000000000000355 ) ) ;
#3428 = FACE_OUTER_BOUND ( 'NONE', #8105, .T. ) ;
#3429 = CARTESIAN_POINT ( 'NONE',  ( 207.1378162640478422, 17.50127736523840838, 8.257165788677189866 ) ) ;
#3430 = EDGE_CURVE ( 'NONE', #2876, #9451, #1419, .T. ) ;
#3431 = EDGE_CURVE ( 'NONE', #1511, #280, #2973, .T. ) ;
#3432 = DIRECTION ( 'NONE',  ( 1.000000000000000000, 0.000000000000000000, 0.000000000000000000 ) ) ;
#3433 = ORIENTED_EDGE ( 'NONE', *, *, #5448, .T. ) ;
#3434 = ORIENTED_EDGE ( 'NONE', *, *, #4794, .T. ) ;
#3435 = CARTESIAN_POINT ( 'NONE',  ( 244.3612853440332060, -6.781720478727027768, 7.000000000000027534 ) ) ;
#3436 = ADVANCED_FACE ( 'NONE', ( #5338 ), #5295, .F. ) ;
#3437 = CARTESIAN_POINT ( 'NONE',  ( 95.40082489716499481, 4.335620748066612684, 13.50000000000000000 ) ) ;
#3438 = AXIS2_PLACEMENT_3D ( 'NONE', #2176, #4441, #6684 ) ;
#3439 = CARTESIAN_POINT ( 'NONE',  ( 95.34402321893358589, 6.334813977684523145, 13.50000000000000000 ) ) ;
#3440 = VECTOR ( 'NONE', #6453, 1000.000000000000000 ) ;
#3441 = CARTESIAN_POINT ( 'NONE',  ( 171.7360312251131234, -7.500000000000000000, 11.50000000000000000 ) ) ;
#3442 = VERTEX_POINT ( 'NONE', #8941 ) ;
#3443 = TOROIDAL_SURFACE ( 'NONE', #5640, 17.02499999999998082, 1.000000000000000000 ) ;
#3444 = EDGE_LOOP ( 'NONE', ( #5316, #6163, #677, #4431 ) ) ;
#3445 = ORIENTED_EDGE ( 'NONE', *, *, #4667, .F. ) ;
#3446 = LINE ( 'NONE', #3639, #6354 ) ;
#3447 = AXIS2_PLACEMENT_3D ( 'NONE', #1711, #3965, #4696 ) ;
#3448 = DIRECTION ( 'NONE',  ( 1.000000000000000000, 0.000000000000000000, 0.000000000000000000 ) ) ;
#3449 = CARTESIAN_POINT ( 'NONE',  ( 162.7790198188902764, -8.023716744201751183, 11.50000000000000000 ) ) ;
#3450 = LINE ( 'NONE', #8737, #1514 ) ;
#3451 = FACE_OUTER_BOUND ( 'NONE', #3444, .T. ) ;
#3452 = ORIENTED_EDGE ( 'NONE', *, *, #2964, .T. ) ;
#3453 = ORIENTED_EDGE ( 'NONE', *, *, #3401, .T. ) ;
#3454 = EDGE_LOOP ( 'NONE', ( #4567, #772, #3308, #6964 ) ) ;
#3455 = ORIENTED_EDGE ( 'NONE', *, *, #738, .T. ) ;
#3456 = AXIS2_PLACEMENT_3D ( 'NONE', #8652, #4303, #9423 ) ;
#3457 = EDGE_CURVE ( 'NONE', #1219, #2876, #2503, .T. ) ;
#3458 = LINE ( 'NONE', #2774, #1817 ) ;
#3459 = ADVANCED_FACE ( 'NONE', ( #6213 ), #9360, .T. ) ;
#3460 = CARTESIAN_POINT ( 'NONE',  ( 216.7063486530583134, 20.01847871903319387, 5.108639998268290405 ) ) ;
#3461 = CARTESIAN_POINT ( 'NONE',  ( 183.7360312251131234, 5.500000000000000000, 5.000000000000026645 ) ) ;
#3462 = DIRECTION ( 'NONE',  ( 1.000000000000000000, 0.000000000000000000, 0.000000000000000000 ) ) ;
#3463 = DIRECTION ( 'NONE',  ( 0.000000000000000000, 0.000000000000000000, 1.000000000000000000 ) ) ;
#3464 = ADVANCED_FACE ( 'NONE', ( #6306 ), #6937, .F. ) ;
#3465 = CARTESIAN_POINT ( 'NONE',  ( 125.8431367672848751, -10.80589991540564654, 13.50000000000000000 ) ) ;
#3466 = ORIENTED_EDGE ( 'NONE', *, *, #5276, .T. ) ;
#3467 = CARTESIAN_POINT ( 'NONE',  ( 182.4860312251131234, -11.10660171779823813, 13.50000000000000000 ) ) ;
#3468 = TOROIDAL_SURFACE ( 'NONE', #7381, 40.46244800476959824, 1.000000000000000000 ) ;
#3469 = AXIS2_PLACEMENT_3D ( 'NONE', #4664, #9105, #216 ) ;
#3470 = FACE_BOUND ( 'NONE', #4203, .T. ) ;
#3471 = EDGE_CURVE ( 'NONE', #4628, #9568, #7982, .T. ) ;
#3472 = CARTESIAN_POINT ( 'NONE',  ( 171.2360312251131234, -3.999999999999996447, 5.000000000000026645 ) ) ;
#3473 = FACE_OUTER_BOUND ( 'NONE', #5287, .T. ) ;
#3474 = CARTESIAN_POINT ( 'NONE',  ( 238.9389729949564867, -1.288692086115970525, 7.000000000000026645 ) ) ;
#3475 = VECTOR ( 'NONE', #8089, 1000.000000000000000 ) ;
#3476 = CARTESIAN_POINT ( 'NONE',  ( 205.3620922500446113, 18.70519895206777150, 11.94112991662171197 ) ) ;
#3477 = CARTESIAN_POINT ( 'NONE',  ( 131.8407164561386651, -10.63549488071143578, 10.49999999999999645 ) ) ;
#3478 = ORIENTED_EDGE ( 'NONE', *, *, #858, .F. ) ;
#3479 = EDGE_LOOP ( 'NONE', ( #861, #9232, #1966, #8332, #1093, #6348, #5462 ) ) ;
#3480 = CARTESIAN_POINT ( 'NONE',  ( 207.6672401850925951, -16.04892560527733636, 5.601598998393889417 ) ) ;
#3481 = VECTOR ( 'NONE', #9004, 1000.000000000000114 ) ;
#3482 = EDGE_CURVE ( 'NONE', #7179, #7167, #4084, .T. ) ;
#3483 = CARTESIAN_POINT ( 'NONE',  ( 64.44358851650044073, 2.390209564194570646, 11.35151115349260387 ) ) ;
#3484 = DIRECTION ( 'NONE',  ( 0.9246144006497944989, -0.3809044632332644897, 0.000000000000000000 ) ) ;
#3485 = CARTESIAN_POINT ( 'NONE',  ( 224.4860312251130949, 0.000000000000000000, 1.000000000000026867 ) ) ;
#3486 = DIRECTION ( 'NONE',  ( 0.000000000000000000, 0.000000000000000000, 1.000000000000000000 ) ) ;
#3487 = ORIENTED_EDGE ( 'NONE', *, *, #6410, .F. ) ;
#3488 = VERTEX_POINT ( 'NONE', #9287 ) ;
#3489 = ORIENTED_EDGE ( 'NONE', *, *, #6556, .F. ) ;
#3490 = DIRECTION ( 'NONE',  ( -0.9995966148089557857, -0.02840083911570120273, -0.000000000000000000 ) ) ;
#3491 = DIRECTION ( 'NONE',  ( 1.000000000000000000, 0.000000000000000000, -0.000000000000000000 ) ) ;
#3492 = CIRCLE ( 'NONE', #1167, 26.74999999999999645 ) ;
#3493 = DIRECTION ( 'NONE',  ( 0.9995966148089562298, 0.02840083911569148134, -1.387218971372832423E-14 ) ) ;
#3494 = DIRECTION ( 'NONE',  ( 1.000000000000000000, 0.000000000000000000, 0.000000000000000000 ) ) ;
#3495 = PLANE ( 'NONE',  #9551 ) ;
#3496 = EDGE_LOOP ( 'NONE', ( #2357, #994 ) ) ;
#3497 = ORIENTED_EDGE ( 'NONE', *, *, #9162, .F. ) ;
#3498 = EDGE_CURVE ( 'NONE', #5431, #8984, #7354, .T. ) ;
#3499 = VERTEX_POINT ( 'NONE', #8459 ) ;
#3500 = ORIENTED_EDGE ( 'NONE', *, *, #68, .T. ) ;
#3501 = AXIS2_PLACEMENT_3D ( 'NONE', #4549, #6786, #8162 ) ;
#3502 = CIRCLE ( 'NONE', #7558, 1.000000000000000888 ) ;
#3503 = PLANE ( 'NONE',  #8842 ) ;
#3504 = FACE_OUTER_BOUND ( 'NONE', #194, .T. ) ;
#3505 = DIRECTION ( 'NONE',  ( 1.000000000000000000, 0.000000000000000000, 0.000000000000000000 ) ) ;
#3506 = CIRCLE ( 'NONE', #3662, 1.000000000000000888 ) ;
#3507 = CIRCLE ( 'NONE', #1173, 1.000000000000000888 ) ;
#3508 = CARTESIAN_POINT ( 'NONE',  ( 204.7346246302291775, -18.04007864516046666, 13.50000000000000000 ) ) ;
#3509 = CARTESIAN_POINT ( 'NONE',  ( 224.4860312251131234, 0.000000000000000000, 8.257165788677191642 ) ) ;
#3510 = CARTESIAN_POINT ( 'NONE',  ( 224.4860312251130949, 0.000000000000000000, -12.50000000000000000 ) ) ;
#3511 = ORIENTED_EDGE ( 'NONE', *, *, #299, .T. ) ;
#3512 = LINE ( 'NONE', #7284, #7137 ) ;
#3513 = EDGE_CURVE ( 'NONE', #6825, #5227, #9220, .T. ) ;
#3514 = ADVANCED_FACE ( 'NONE', ( #6360 ), #3369, .F. ) ;
#3515 = LINE ( 'NONE', #7509, #8704 ) ;
#3516 = CIRCLE ( 'NONE', #8045, 1.000000000000000888 ) ;
#3517 = AXIS2_PLACEMENT_3D ( 'NONE', #1888, #4873, #1156 ) ;
#3518 = CARTESIAN_POINT ( 'NONE',  ( 95.85523832301620928, -11.65792508887668077, 10.49999999999999645 ) ) ;
#3519 = ADVANCED_FACE ( 'NONE', ( #978 ), #1758, .F. ) ;
#3520 = DIRECTION ( 'NONE',  ( 0.03394010690455087631, -0.9994238686079633949, 0.000000000000000000 ) ) ;
#3521 = CARTESIAN_POINT ( 'NONE',  ( 238.2444189932266454, -0.6605451480137463083, 6.806725404209760022 ) ) ;
#3522 = CARTESIAN_POINT ( 'NONE',  ( 230.4960248293368181, 18.34803385491480654, 6.000000000000026645 ) ) ;
#3523 = AXIS2_PLACEMENT_3D ( 'NONE', #6596, #5961, #5233 ) ;
#3524 = CARTESIAN_POINT ( 'NONE',  ( 235.0926329429113650, 10.60660171779759509, -13.50000000000000000 ) ) ;
#3525 = ORIENTED_EDGE ( 'NONE', *, *, #7607, .F. ) ;
#3526 = EDGE_CURVE ( 'NONE', #7842, #749, #7726, .T. ) ;
#3527 = EDGE_CURVE ( 'NONE', #4868, #9418, #4018, .T. ) ;
#3528 = EDGE_LOOP ( 'NONE', ( #7856, #2169, #531, #7226 ) ) ;
#3529 = EDGE_CURVE ( 'NONE', #3611, #70, #1076, .T. ) ;
#3530 = CARTESIAN_POINT ( 'NONE',  ( 161.3742014745560880, 6.210076129702891023, 13.50000000000000000 ) ) ;
#3531 = AXIS2_PLACEMENT_3D ( 'NONE', #9629, #5881, #8801 ) ;
#3532 = VECTOR ( 'NONE', #1222, 1000.000000000000000 ) ;
#3533 = DIRECTION ( 'NONE',  ( -0.9994238686079632838, -0.03394010690455372820, 0.000000000000000000 ) ) ;
#3534 = VECTOR ( 'NONE', #3114, 1000.000000000000114 ) ;
#3535 = CARTESIAN_POINT ( 'NONE',  ( 101.3984045860187422, 4.506025782760822551, 10.49999999999999645 ) ) ;
#3536 = FACE_OUTER_BOUND ( 'NONE', #712, .T. ) ;
#3537 = AXIS2_PLACEMENT_3D ( 'NONE', #10, #212, #891 ) ;
#3538 = DIRECTION ( 'NONE',  ( 1.000000000000000000, 0.000000000000000000, 0.000000000000000000 ) ) ;
#3539 = VECTOR ( 'NONE', #1687, 1000.000000000000000 ) ;
#3540 = VERTEX_POINT ( 'NONE', #9340 ) ;
#3541 = ORIENTED_EDGE ( 'NONE', *, *, #6933, .T. ) ;
#3542 = EDGE_CURVE ( 'NONE', #3264, #2127, #4111, .T. ) ;
#3543 = AXIS2_PLACEMENT_3D ( 'NONE', #5563, #4148, #3494 ) ;
#3544 = EDGE_LOOP ( 'NONE', ( #8524, #3345, #3989, #217 ) ) ;
#3545 = CIRCLE ( 'NONE', #1363, 1.000000000000000888 ) ;
#3546 = PRODUCT_DEFINITION_SHAPE ( 'NONE', 'NONE',  #6440 ) ;
#3547 = VECTOR ( 'NONE', #8218, 1000.000000000000000 ) ;
#3548 = CARTESIAN_POINT ( 'NONE',  ( 176.7360312251131234, 3.999999999999994671, 3.000000000000027089 ) ) ;
#3549 = CARTESIAN_POINT ( 'NONE',  ( 64.86774326393852164, -12.53835110146341947, 12.50000000000000000 ) ) ;
#3550 = CARTESIAN_POINT ( 'NONE',  ( 161.3458006354404120, 7.209672744511846254, -13.50000000000000355 ) ) ;
#3551 = LINE ( 'NONE', #8235, #8383 ) ;
#3552 = FACE_BOUND ( 'NONE', #3496, .T. ) ;
#3553 = ORIENTED_EDGE ( 'NONE', *, *, #2256, .T. ) ;
#3554 = CIRCLE ( 'NONE', #6555, 1.400000000000012346 ) ;
#3555 = VERTEX_POINT ( 'NONE', #4649 ) ;
#3556 = ORIENTED_EDGE ( 'NONE', *, *, #1575, .F. ) ;
#3557 = VERTEX_POINT ( 'NONE', #7630 ) ;
#3558 = DIRECTION ( 'NONE',  ( 0.000000000000000000, 0.000000000000000000, -1.000000000000000000 ) ) ;
#3559 = CARTESIAN_POINT ( 'NONE',  ( 216.8399802574695059, 19.69409893946393098, 5.496235575900149328 ) ) ;
#3560 = CARTESIAN_POINT ( 'NONE',  ( 50.65102456598013703, -5.280000000000000249, 5.500000000000000000 ) ) ;
#3561 = CARTESIAN_POINT ( 'NONE',  ( 102.4244026214067276, 3.605201589848182842, 11.27941984389223329 ) ) ;
#3562 = CARTESIAN_POINT ( 'NONE',  ( 202.5900066685417755, -20.89094051182848943, 12.97024683568501402 ) ) ;
#3563 = CARTESIAN_POINT ( 'NONE',  ( 154.3770251708933756, 6.011270255893026437, 11.50000000000000000 ) ) ;
#3564 = FACE_OUTER_BOUND ( 'NONE', #3565, .T. ) ;
#3565 = EDGE_LOOP ( 'NONE', ( #6729, #9242, #5772, #6351 ) ) ;
#3566 = ORIENTED_EDGE ( 'NONE', *, *, #2799, .F. ) ;
#3567 = CARTESIAN_POINT ( 'NONE',  ( 204.2099963984215378, 21.00000000000000000, 7.481938242730717725 ) ) ;
#3568 = EDGE_CURVE ( 'NONE', #5642, #7671, #2663, .T. ) ;
#3569 = EDGE_CURVE ( 'NONE', #1219, #4919, #5723, .T. ) ;
#3570 = CARTESIAN_POINT ( 'NONE',  ( 95.82683748390050482, -10.65832847406772821, -13.50000000000000355 ) ) ;
#3571 = CARTESIAN_POINT ( 'NONE',  ( 94.40122828235602981, 4.307219908950941090, 12.49999999999999822 ) ) ;
#3572 = DIRECTION ( 'NONE',  ( 1.000000000000000000, 0.000000000000000000, 0.000000000000000000 ) ) ;
#3573 = CARTESIAN_POINT ( 'NONE',  ( 125.8431367672848751, -10.80589991540564654, -13.50000000000000355 ) ) ;
#3574 = LINE ( 'NONE', #9438, #1815 ) ;
#3575 = EDGE_LOOP ( 'NONE', ( #3741, #9, #6607, #6566 ) ) ;
#3576 = ORIENTED_EDGE ( 'NONE', *, *, #9380, .T. ) ;
#3577 = ADVANCED_FACE ( 'NONE', ( #7328 ), #5939, .T. ) ;
#3578 = DIRECTION ( 'NONE',  ( -0.000000000000000000, -0.000000000000000000, 1.000000000000000000 ) ) ;
#3579 = CARTESIAN_POINT ( 'NONE',  ( 64.42719536699810590, 2.967183247324251205, 10.98746836239023672 ) ) ;
#3580 = CARTESIAN_POINT ( 'NONE',  ( 207.9792505363299426, 16.09158002560992173, 5.055887648719719074 ) ) ;
#3581 = EDGE_CURVE ( 'NONE', #6841, #3027, #2823, .T. ) ;
#3582 = ADVANCED_FACE ( 'NONE', ( #8789 ), #7677, .T. ) ;
#3583 = DIRECTION ( 'NONE',  ( 1.000000000000000000, 0.000000000000000000, 0.000000000000000000 ) ) ;
#3584 = AXIS2_PLACEMENT_3D ( 'NONE', #1177, #7976, #4262 ) ;
#3585 = FACE_OUTER_BOUND ( 'NONE', #1706, .T. ) ;
#3586 = ORIENTED_EDGE ( 'NONE', *, *, #3879, .F. ) ;
#3587 = ORIENTED_EDGE ( 'NONE', *, *, #7312, .F. ) ;
#3588 = ORIENTED_EDGE ( 'NONE', *, *, #2940, .F. ) ;
#3589 = CIRCLE ( 'NONE', #5160, 0.9999999999999991118 ) ;
#3590 = CARTESIAN_POINT ( 'NONE',  ( 207.9934942144810179, -16.07769462353502021, 4.999999999999977796 ) ) ;
#3591 = FACE_BOUND ( 'NONE', #1655, .T. ) ;
#3592 = ADVANCED_FACE ( 'NONE', ( #9517, #7972 ), #1225, .T. ) ;
#3593 = CARTESIAN_POINT ( 'NONE',  ( 132.3858996450964014, 5.386451795347572791, 10.49999999999999645 ) ) ;
#3594 = CIRCLE ( 'NONE', #2341, 8.000000000000007105 ) ;
#3595 = CARTESIAN_POINT ( 'NONE',  ( 204.7109073910166046, 18.40387284683804126, 13.50000000000000178 ) ) ;
#3596 = DIRECTION ( 'NONE',  ( 1.000000000000000000, 0.000000000000000000, 0.000000000000000000 ) ) ;
#3597 = VERTEX_POINT ( 'NONE', #1365 ) ;
#3598 = ORIENTED_EDGE ( 'NONE', *, *, #7402, .T. ) ;
#3599 = ORIENTED_EDGE ( 'NONE', *, *, #6291, .F. ) ;
#3600 = EDGE_LOOP ( 'NONE', ( #1665, #2661, #5432, #6471 ) ) ;
#3601 = AXIS2_PLACEMENT_3D ( 'NONE', #392, #8563, #1858 ) ;
#3602 = B_SPLINE_CURVE_WITH_KNOTS ( 'NONE', 3,
 ( #5599, #7006, #1041, #1624, #3975, #4034, #308, #3929 ),
 .UNSPECIFIED., .F., .F.,
 ( 4, 2, 2, 4 ),
 ( 0.000000000000000000, 0.0005118710583149345926, 0.001023742116629869185, 0.002047484233259740972 ),
 .UNSPECIFIED. ) ;
#3603 = DIRECTION ( 'NONE',  ( 1.000000000000000000, 0.000000000000000000, 0.000000000000000000 ) ) ;
#3604 = FACE_OUTER_BOUND ( 'NONE', #3835, .T. ) ;
#3605 = EDGE_CURVE ( 'NONE', #2416, #5742, #8928, .T. ) ;
#3606 = DIRECTION ( 'NONE',  ( -0.000000000000000000, -0.000000000000000000, 1.000000000000000000 ) ) ;
#3607 = CYLINDRICAL_SURFACE ( 'NONE', #6648, 16.02499999999998437 ) ;
#3608 = CARTESIAN_POINT ( 'NONE',  ( 101.8528180118699566, -11.48752005418247180, 12.49999999999999822 ) ) ;
#3609 = AXIS2_PLACEMENT_3D ( 'NONE', #6148, #4829, #7814 ) ;
#3610 = FACE_OUTER_BOUND ( 'NONE', #9477, .T. ) ;
#3611 = VERTEX_POINT ( 'NONE', #1174 ) ;
#3612 = CARTESIAN_POINT ( 'NONE',  ( 223.5015802371663369, 13.99515449326701955, 6.922004114322666268 ) ) ;
#3613 = ORIENTED_EDGE ( 'NONE', *, *, #7105, .T. ) ;
#3614 = ORIENTED_EDGE ( 'NONE', *, *, #3304, .F. ) ;
#3615 = CARTESIAN_POINT ( 'NONE',  ( 18.11266753297876875, 10.64642192662754105, 13.50000000000000178 ) ) ;
#3616 =( BOUNDED_SURFACE ( )  B_SPLINE_SURFACE ( 3, 3, ( 
 ( #1345, #5796, #6431, #9456 ),
 ( #8734, #4235, #658, #9411 ),
 ( #4922, #2711, #1251, #7170 ),
 ( #7262, #8771, #7998, #2763 ),
 ( #7907, #5756, #5707, #2662 ),
 ( #4339, #8684, #5660, #563 ),
 ( #1986, #6524, #6611, #9501 ),
 ( #2067, #5060, #7314, #3590 ) ),
 .UNSPECIFIED., .F., .F., .F. ) 
 B_SPLINE_SURFACE_WITH_KNOTS ( ( 4, 1, 1, 1, 1, 4 ),
 ( 4, 4 ),
 ( 2.143071589078004990E-07, 0.001052388560641831158, 0.002104562814124754950, 0.003130991790040637580, 0.003310645045215631667, 0.003490298300390681698 ),
 ( 0.000000000000000000, 1.000000000000000000 ),
 .UNSPECIFIED. ) 
 GEOMETRIC_REPRESENTATION_ITEM ( )  RATIONAL_B_SPLINE_SURFACE ( (
 ( 1.000000000000000000, 0.9824311046506770673, 0.9824311046506770673, 1.000000000000000000),
 ( 1.000000000000000000, 0.9824311046506770673, 0.9824311046506770673, 1.000000000000000000),
 ( 1.000000000000000000, 0.9824311046506770673, 0.9824311046506770673, 1.000000000000000000),
 ( 1.000000000000000000, 0.9824311046506770673, 0.9824311046506770673, 1.000000000000000000),
 ( 1.000000000000000000, 0.9824311046506770673, 0.9824311046506770673, 1.000000000000000000),
 ( 1.000000000000000000, 0.9824311046506770673, 0.9824311046506770673, 1.000000000000000000),
 ( 1.000000000000000000, 0.9824311046506770673, 0.9824311046506770673, 1.000000000000000000),
 ( 1.000000000000000000, 0.9824311046506770673, 0.9824311046506770673, 1.000000000000000000) ) ) 
 REPRESENTATION_ITEM ( '' )  SURFACE ( )  );
#3617 = CARTESIAN_POINT ( 'NONE',  ( 224.4860312251130949, 0.000000000000000000, 2.688821387764050996E-14 ) ) ;
#3618 = DIRECTION ( 'NONE',  ( 1.000000000000000000, -0.000000000000000000, -0.000000000000000000 ) ) ;
#3619 = CARTESIAN_POINT ( 'NONE',  ( 206.4449023013457065, 16.11703464694751631, 8.257165788677191642 ) ) ;
#3620 = DIRECTION ( 'NONE',  ( 0.000000000000000000, 0.000000000000000000, -1.000000000000000000 ) ) ;
#3621 = AXIS2_PLACEMENT_3D ( 'NONE', #3136, #5396, #8468 ) ;
#3622 = CARTESIAN_POINT ( 'NONE',  ( 224.4860312251130665, -20.82391286593089674, 5.000000000000026645 ) ) ;
#3623 = ORIENTED_EDGE ( 'NONE', *, *, #2318, .F. ) ;
#3624 = ORIENTED_EDGE ( 'NONE', *, *, #6331, .F. ) ;
#3625 = DIRECTION ( 'NONE',  ( -0.000000000000000000, -0.000000000000000000, 1.000000000000000000 ) ) ;
#3626 = FACE_OUTER_BOUND ( 'NONE', #2464, .T. ) ;
#3627 = DIRECTION ( 'NONE',  ( -0.000000000000000000, -0.000000000000000000, -1.000000000000000000 ) ) ;
#3628 = AXIS2_PLACEMENT_3D ( 'NONE', #3894, #3843, #138 ) ;
#3629 = AXIS2_PLACEMENT_3D ( 'NONE', #8472, #9155, #4614 ) ;
#3630 = CARTESIAN_POINT ( 'NONE',  ( 224.4860312251130949, 0.000000000000000000, 2.688821387764050996E-14 ) ) ;
#3631 = B_SPLINE_CURVE_WITH_KNOTS ( 'NONE', 3,
 ( #3824, #4657, #4158, #6399, #1073, #7923, #6799, #3315, #7082, #385 ),
 .UNSPECIFIED., .F., .F.,
 ( 4, 2, 2, 2, 4 ),
 ( 0.000000000000000000, 0.001035109416332459379, 0.001552664124498729509, 0.002070218832664999422, 0.004140437665329855729 ),
 .UNSPECIFIED. ) ;
#3632 = DIRECTION ( 'NONE',  ( -0.000000000000000000, -0.000000000000000000, 1.000000000000000000 ) ) ;
#3633 = ORIENTED_EDGE ( 'NONE', *, *, #2379, .F. ) ;
#3634 = EDGE_LOOP ( 'NONE', ( #3636, #7867, #7625, #9289, #6300, #219 ) ) ;
#3635 = AXIS2_PLACEMENT_3D ( 'NONE', #5528, #4801, #1080 ) ;
#3636 = ORIENTED_EDGE ( 'NONE', *, *, #6746, .T. ) ;
#3637 = EDGE_CURVE ( 'NONE', #7842, #2416, #4753, .T. ) ;
#3638 = EDGE_CURVE ( 'NONE', #7490, #5965, #3931, .T. ) ;
#3639 = CARTESIAN_POINT ( 'NONE',  ( 94.85564170820718743, -11.68632592799237635, 12.50000000000000000 ) ) ;
#3640 = FACE_BOUND ( 'NONE', #2114, .T. ) ;
#3641 = ADVANCED_FACE ( 'NONE', ( #5036 ), #1311, .F. ) ;
#3642 = DIRECTION ( 'NONE',  ( 0.000000000000000000, 0.000000000000000000, -1.000000000000000000 ) ) ;
#3643 = DIRECTION ( 'NONE',  ( -1.000000000000000000, 0.000000000000000000, 0.000000000000000000 ) ) ;
#3644 = EDGE_LOOP ( 'NONE', ( #293, #1639, #7322, #2848, #8473, #2559 ) ) ;
#3645 = ORIENTED_EDGE ( 'NONE', *, *, #4898, .F. ) ;
#3646 = ORIENTED_EDGE ( 'NONE', *, *, #9495, .T. ) ;
#3647 = ORIENTED_EDGE ( 'NONE', *, *, #4012, .F. ) ;
#3648 = EDGE_CURVE ( 'NONE', #7117, #2827, #7510, .T. ) ;
#3649 = DIRECTION ( 'NONE',  ( -0.3809044632332612146, -0.9246144006497958312, -0.000000000000000000 ) ) ;
#3650 = PLANE ( 'NONE',  #6779 ) ;
#3651 = DIRECTION ( 'NONE',  ( 0.000000000000000000, 0.000000000000000000, -1.000000000000000000 ) ) ;
#3652 = DIRECTION ( 'NONE',  ( 1.000000000000000000, 0.000000000000000000, 0.000000000000000000 ) ) ;
#3653 = DIRECTION ( 'NONE',  ( -1.000000000000000000, 0.000000000000000000, 0.000000000000000000 ) ) ;
#3654 = CARTESIAN_POINT ( 'NONE',  ( 155.8878368897849498, -11.95306797155252454, 12.49999999999999822 ) ) ;
#3655 = EDGE_LOOP ( 'NONE', ( #9539, #2177, #2659, #437 ) ) ;
#3656 = AXIS2_PLACEMENT_3D ( 'NONE', #1, #9571, #3762 ) ;
#3657 = DIRECTION ( 'NONE',  ( 1.000000000000000000, 0.000000000000000000, 0.000000000000000000 ) ) ;
#3658 = VERTEX_POINT ( 'NONE', #4353 ) ;
#3659 = ORIENTED_EDGE ( 'NONE', *, *, #9332, .T. ) ;
#3660 = ADVANCED_FACE ( 'NONE', ( #2637 ), #1901, .F. ) ;
#3661 = DIRECTION ( 'NONE',  ( 0.9907978612145638131, -0.1353499102794156195, 0.000000000000000000 ) ) ;
#3662 = AXIS2_PLACEMENT_3D ( 'NONE', #6920, #5322, #7617 ) ;
#3663 = CIRCLE ( 'NONE', #6780, 20.99999999999998934 ) ;
#3664 = AXIS2_PLACEMENT_3D ( 'NONE', #285, #4684, #1699 ) ;
#3665 = CARTESIAN_POINT ( 'NONE',  ( 71.46730781998148530, 1.654807379671877854, 10.49999999999999822 ) ) ;
#3666 = DIRECTION ( 'NONE',  ( -1.445602896647337931E-16, 1.000000000000000000, 0.000000000000000000 ) ) ;
#3667 = DIRECTION ( 'NONE',  ( 1.000000000000000000, -1.734723475976791948E-14, 0.000000000000000000 ) ) ;
#3668 = DIRECTION ( 'NONE',  ( 0.2820553156127510452, 0.9593981441167120927, 0.000000000000000000 ) ) ;
#3669 = CARTESIAN_POINT ( 'NONE',  ( 131.4147038694031551, 4.358454341422903333, 10.49999999999999822 ) ) ;
#3670 = ORIENTED_EDGE ( 'NONE', *, *, #6156, .T. ) ;
#3671 = VECTOR ( 'NONE', #4121, 1000.000000000000000 ) ;
#3672 = TOROIDAL_SURFACE ( 'NONE', #8515, 1.999999999999999112, 1.000000000000000000 ) ;
#3673 = CARTESIAN_POINT ( 'NONE',  ( 155.4050226248180309, 5.040074480199727702, -13.50000000000000355 ) ) ;
#3674 = FACE_OUTER_BOUND ( 'NONE', #904, .T. ) ;
#3675 = CARTESIAN_POINT ( 'NONE',  ( 125.4171241805493509, 4.188049306728692578, -13.50000000000000355 ) ) ;
#3676 = TOROIDAL_SURFACE ( 'NONE', #5721, 1.999999999999999112, 1.000000000000000000 ) ;
#3677 = DIRECTION ( 'NONE',  ( -0.000000000000000000, -0.000000000000000000, -1.000000000000000000 ) ) ;
#3678 = DIRECTION ( 'NONE',  ( -1.000000000000000000, 0.000000000000000000, 0.000000000000000000 ) ) ;
#3679 = ORIENTED_EDGE ( 'NONE', *, *, #1009, .F. ) ;
#3680 = EDGE_LOOP ( 'NONE', ( #8631, #4501, #2603, #4291, #3286, #9239 ) ) ;
#3681 = VECTOR ( 'NONE', #2567, 1000.000000000000000 ) ;
#3682 = ORIENTED_EDGE ( 'NONE', *, *, #482, .T. ) ;
#3683 = TOROIDAL_SURFACE ( 'NONE', #5729, 13.00000000000000533, 1.000000000000000000 ) ;
#3684 = CARTESIAN_POINT ( 'NONE',  ( 242.4531606167946336, 6.934608004873416220, 5.000000000000026645 ) ) ;
#3685 = CIRCLE ( 'NONE', #3531, 21.00000000000000000 ) ;
#3686 = CARTESIAN_POINT ( 'NONE',  ( 202.0967820422181376, 7.500000000000004441, 6.628300533654015503 ) ) ;
#3687 = CIRCLE ( 'NONE', #4016, 17.02499999999999858 ) ;
#3688 = VECTOR ( 'NONE', #3246, 1000.000000000000000 ) ;
#3689 = LINE ( 'NONE', #2905, #4022 ) ;
#3690 = AXIS2_PLACEMENT_3D ( 'NONE', #7700, #6864, #5457 ) ;
#3691 = CARTESIAN_POINT ( 'NONE',  ( 224.4860312251130949, 20.00000000000000000, -13.50000000000000000 ) ) ;
#3692 = EDGE_LOOP ( 'NONE', ( #4036, #8364, #6473, #9059 ) ) ;
#3693 = ORIENTED_EDGE ( 'NONE', *, *, #1032, .F. ) ;
#3694 = VERTEX_POINT ( 'NONE', #767 ) ;
#3695 = VERTEX_POINT ( 'NONE', #2923 ) ;
#3696 = AXIS2_PLACEMENT_3D ( 'NONE', #8114, #44, #1412 ) ;
#3697 = VECTOR ( 'NONE', #34, 1000.000000000000000 ) ;
#3698 = DIRECTION ( 'NONE',  ( -1.000000000000000000, 0.000000000000000000, 0.000000000000000000 ) ) ;
#3699 = EDGE_CURVE ( 'NONE', #1153, #7167, #2824, .T. ) ;
#3700 = CIRCLE ( 'NONE', #1989, 2.150000000000012790 ) ;
#3701 = CARTESIAN_POINT ( 'NONE',  ( 71.86491956760129085, -12.33954522765350603, 13.50000000000000000 ) ) ;
#3702 = DIRECTION ( 'NONE',  ( 1.000000000000000000, 0.000000000000000000, 0.000000000000000000 ) ) ;
#3703 = DIRECTION ( 'NONE',  ( 0.9995966148089560077, 0.02840083911569831962, 0.000000000000000000 ) ) ;
#3705 = EDGE_CURVE ( 'NONE', #5965, #7490, #7357, .T. ) ;
#3704 = CIRCLE ( 'NONE', #7614, 1.000000000000000888 ) ;
#3706 = ADVANCED_FACE ( 'NONE', ( #6726 ), #2280, .F. ) ;
#3707 = DIRECTION ( 'NONE',  ( 1.000000000000000000, -1.734723475976805517E-15, 0.000000000000000000 ) ) ;
#3708 = CARTESIAN_POINT ( 'NONE',  ( 224.4860312251131234, 0.000000000000000000, 11.12864468912638571 ) ) ;
#3709 = CARTESIAN_POINT ( 'NONE',  ( 224.4860312251130949, 0.000000000000000000, 5.000000000000026645 ) ) ;
#3710 = ORIENTED_EDGE ( 'NONE', *, *, #8664, .T. ) ;
#3711 = DIRECTION ( 'NONE',  ( 0.9995966148089562298, 0.02840083911569148828, -0.000000000000000000 ) ) ;
#3712 = VERTEX_POINT ( 'NONE', #6000 ) ;
#3713 = ORIENTED_EDGE ( 'NONE', *, *, #4667, .T. ) ;
#3714 = DIRECTION ( 'NONE',  ( -0.000000000000000000, -0.000000000000000000, -1.000000000000000000 ) ) ;
#3715 = ADVANCED_FACE ( 'NONE', ( #870 ), #97, .F. ) ;
#3716 = DIRECTION ( 'NONE',  ( -0.000000000000000000, -0.000000000000000000, -1.000000000000000000 ) ) ;
#3717 = ADVANCED_FACE ( 'NONE', ( #3799 ), #7562, .F. ) ;
#3718 = EDGE_CURVE ( 'NONE', #8869, #5169, #2971, .T. ) ;
#3719 = DIRECTION ( 'NONE',  ( 1.000000000000000000, 0.000000000000000000, 0.000000000000000000 ) ) ;
#3720 = CARTESIAN_POINT ( 'NONE',  ( 198.8919895637446587, 7.779056052964546275, 12.52754489357574386 ) ) ;
#3721 = DIRECTION ( 'NONE',  ( -1.000000000000000000, 0.000000000000000000, 0.000000000000000000 ) ) ;
#3722 = DIRECTION ( 'NONE',  ( 0.000000000000000000, 0.000000000000000000, 1.000000000000000000 ) ) ;
#3723 = CARTESIAN_POINT ( 'NONE',  ( 16.02499999999999858, 0.000000000000000000, 12.50000000000000000 ) ) ;
#3724 = VERTEX_POINT ( 'NONE', #8248 ) ;
#3725 = CARTESIAN_POINT ( 'NONE',  ( 213.8794295073142848, -10.60660171779819372, 5.000000000000026645 ) ) ;
#3726 = DIRECTION ( 'NONE',  ( -0.02840083911570532790, 0.9995966148089558967, 0.000000000000000000 ) ) ;
#3727 = CARTESIAN_POINT ( 'NONE',  ( 124.8256335603455369, -10.20405990834941967, 11.08211762547721158 ) ) ;
#3728 = APPLICATION_PROTOCOL_DEFINITION ( 'draft international standard', 'automotive_design', 1998, #6319 ) ;
#3729 = EDGE_CURVE ( 'NONE', #1491, #3012, #1598, .T. ) ;
#3730 = EDGE_CURVE ( 'NONE', #9058, #2630, #5797, .T. ) ;
#3731 = CARTESIAN_POINT ( 'NONE',  ( 231.6370432252425928, -19.74581222985217011, 6.891607870096223110 ) ) ;
#3732 = VECTOR ( 'NONE', #9292, 1000.000000000000000 ) ;
#3733 = DIRECTION ( 'NONE',  ( 1.000000000000000000, 0.000000000000000000, 0.000000000000000000 ) ) ;
#3734 = ORIENTED_EDGE ( 'NONE', *, *, #5217, .T. ) ;
#3735 = ORIENTED_EDGE ( 'NONE', *, *, #8898, .T. ) ;
#3736 = CARTESIAN_POINT ( 'NONE',  ( 101.8528180118699566, -11.48752005418247180, 11.50000000000000000 ) ) ;
#3737 = CARTESIAN_POINT ( 'NONE',  ( 201.4862238638567362, 7.500000000000000000, 8.257165788677191642 ) ) ;
#3738 = DIRECTION ( 'NONE',  ( -1.000000000000000000, 0.000000000000000000, 0.000000000000000000 ) ) ;
#3739 = DIRECTION ( 'NONE',  ( -0.000000000000000000, -0.000000000000000000, -1.000000000000000000 ) ) ;
#3740 = VERTEX_POINT ( 'NONE', #6632 ) ;
#3741 = ORIENTED_EDGE ( 'NONE', *, *, #7074, .F. ) ;
#3742 = AXIS2_PLACEMENT_3D ( 'NONE', #817, #4639, #4539 ) ;
#3743 = ORIENTED_EDGE ( 'NONE', *, *, #2082, .T. ) ;
#3744 = ORIENTED_EDGE ( 'NONE', *, *, #8487, .T. ) ;
#3745 = DIRECTION ( 'NONE',  ( 1.000000000000000000, 0.000000000000000000, 0.000000000000000000 ) ) ;
#3746 = CARTESIAN_POINT ( 'NONE',  ( 208.6859471570976723, -17.31403391732741071, 5.000000000000026645 ) ) ;
#3747 = CIRCLE ( 'NONE', #5008, 0.9999999999999998890 ) ;
#3748 = CARTESIAN_POINT ( 'NONE',  ( 224.4860312251131234, 0.000000000000000000, 11.12864468912638571 ) ) ;
#3749 = CARTESIAN_POINT ( 'NONE',  ( 199.2505333489409338, -8.874000940503773194, 13.40379781350052824 ) ) ;
#3750 = EDGE_CURVE ( 'NONE', #9315, #3250, #4999, .T. ) ;
#3751 = DIRECTION ( 'NONE',  ( 1.000000000000000000, 0.000000000000000000, 0.000000000000000000 ) ) ;
#3752 = CARTESIAN_POINT ( 'NONE',  ( 23.53903642683990327, 56.10093993430693615, -12.50000000000000000 ) ) ;
#3753 = CARTESIAN_POINT ( 'NONE',  ( 103.8520112414878724, -11.43071837595105755, 12.49999999999999822 ) ) ;
#3754 = ORIENTED_EDGE ( 'NONE', *, *, #6993, .T. ) ;
#3755 = CIRCLE ( 'NONE', #2965, 1.000000000000000888 ) ;
#3756 = LINE ( 'NONE', #6539, #4647 ) ;
#3757 = ORIENTED_EDGE ( 'NONE', *, *, #8073, .T. ) ;
#3758 = ORIENTED_EDGE ( 'NONE', *, *, #7853, .T. ) ;
#3759 = CIRCLE ( 'NONE', #7197, 1.000000000000000888 ) ;
#3760 = EDGE_CURVE ( 'NONE', #7694, #4628, #7516, .T. ) ;
#3761 = EDGE_CURVE ( 'NONE', #4857, #2695, #4710, .T. ) ;
#3762 = DIRECTION ( 'NONE',  ( 1.000000000000000000, 1.445602896647337931E-16, 0.000000000000000000 ) ) ;
#3763 = LINE ( 'NONE', #6692, #9300 ) ;
#3764 = DIRECTION ( 'NONE',  ( 0.000000000000000000, 0.000000000000000000, 1.000000000000000000 ) ) ;
#3765 = DIRECTION ( 'NONE',  ( 0.2820553156127502681, 0.9593981441167123148, 0.000000000000000000 ) ) ;
#3766 = DIRECTION ( 'NONE',  ( 1.000000000000000000, 0.000000000000000000, 0.000000000000000000 ) ) ;
#3767 = VERTEX_POINT ( 'NONE', #8838 ) ;
#3768 = CARTESIAN_POINT ( 'NONE',  ( 167.7360312251131518, 3.999999999999996447, -13.50000000000000355 ) ) ;
#3769 = CYLINDRICAL_SURFACE ( 'NONE', #5418, 16.02499999999998437 ) ;
#3770 = ORIENTED_EDGE ( 'NONE', *, *, #5038, .T. ) ;
#3771 = DIRECTION ( 'NONE',  ( 0.000000000000000000, 0.000000000000000000, -1.000000000000000000 ) ) ;
#3772 = AXIS2_PLACEMENT_3D ( 'NONE', #430, #7961, #2769 ) ;
#3773 = EDGE_CURVE ( 'NONE', #3499, #1961, #8288, .T. ) ;
#3774 = CARTESIAN_POINT ( 'NONE',  ( 213.8794295073142848, -10.60660171779819372, -13.50000000000000000 ) ) ;
#3775 = DIRECTION ( 'NONE',  ( -0.000000000000000000, -0.000000000000000000, -1.000000000000000000 ) ) ;
#3776 = DIRECTION ( 'NONE',  ( -0.000000000000000000, -0.000000000000000000, -1.000000000000000000 ) ) ;
#3777 = AXIS2_PLACEMENT_3D ( 'NONE', #9523, #7195, #2829 ) ;
#3778 = FACE_OUTER_BOUND ( 'NONE', #697, .T. ) ;
#3779 = CARTESIAN_POINT ( 'NONE',  ( 63.86814664912961348, -12.56675194057911149, 12.50000000000000000 ) ) ;
#3780 = EDGE_LOOP ( 'NONE', ( #4878, #6530, #7774, #8508, #9117, #7506, #572, #1106 ) ) ;
#3781 = EDGE_LOOP ( 'NONE', ( #7398, #7721, #7850, #1847 ) ) ;
#3782 = VERTEX_POINT ( 'NONE', #9610 ) ;
#3783 = EDGE_CURVE ( 'NONE', #455, #4127, #5336, .T. ) ;
#3784 = AXIS2_PLACEMENT_3D ( 'NONE', #28, #2166, #8915 ) ;
#3785 = CIRCLE ( 'NONE', #4264, 2.000000000000001776 ) ;
#3786 = CARTESIAN_POINT ( 'NONE',  ( 155.8878368897849214, -11.95306797155252454, 12.49999999999999822 ) ) ;
#3787 = CARTESIAN_POINT ( 'NONE',  ( 73.86491956760129085, -12.33954522765350603, 13.49999999999999822 ) ) ;
#3788 = CARTESIAN_POINT ( 'NONE',  ( -16.02499999999999858, -1.962496495633633274E-15, -6.500000000000000000 ) ) ;
#3789 = VECTOR ( 'NONE', #3533, 1000.000000000000000 ) ;
#3790 = CYLINDRICAL_SURFACE ( 'NONE', #1754, 4.000000000000003553 ) ;
#3791 = ORIENTED_EDGE ( 'NONE', *, *, #8227, .T. ) ;
#3792 = ORIENTED_EDGE ( 'NONE', *, *, #1193, .T. ) ;
#3793 = ORIENTED_EDGE ( 'NONE', *, *, #2337, .T. ) ;
#3794 = ORIENTED_EDGE ( 'NONE', *, *, #5682, .T. ) ;
#3795 = DIRECTION ( 'NONE',  ( 0.000000000000000000, 0.000000000000000000, 1.000000000000000000 ) ) ;
#3796 = CARTESIAN_POINT ( 'NONE',  ( 211.1856666330500616, -21.00000000042416914, 7.917920980339355097 ) ) ;
#3797 = LINE ( 'NONE', #5949, #7093 ) ;
#3798 = CARTESIAN_POINT ( 'NONE',  ( 245.3099440910439739, -1.110223024625156540E-13, 6.000000000000026645 ) ) ;
#3799 = FACE_OUTER_BOUND ( 'NONE', #7114, .T. ) ;
#3800 = DIRECTION ( 'NONE',  ( -0.000000000000000000, -0.000000000000000000, 1.000000000000000000 ) ) ;
#3801 = B_SPLINE_CURVE_WITH_KNOTS ( 'NONE', 3,
 ( #7013, #1691, #317, #2509, #5360, #3938, #5459, #7702 ),
 .UNSPECIFIED., .F., .F.,
 ( 4, 2, 2, 4 ),
 ( 0.000000000000000000, 0.0003905789990214860201, 0.0007811579980429720401, 0.001562315996085964897 ),
 .UNSPECIFIED. ) ;
#3802 = ORIENTED_EDGE ( 'NONE', *, *, #1781, .T. ) ;
#3803 = PLANE ( 'NONE',  #8549 ) ;
#3804 = ORIENTED_EDGE ( 'NONE', *, *, #5146, .F. ) ;
#3805 = ORIENTED_EDGE ( 'NONE', *, *, #8689, .T. ) ;
#3806 = ORIENTED_EDGE ( 'NONE', *, *, #2806, .T. ) ;
#3807 = DIRECTION ( 'NONE',  ( 1.000000000000000000, 0.000000000000000000, 0.000000000000000000 ) ) ;
#3808 = EDGE_CURVE ( 'NONE', #1526, #1993, #9233, .T. ) ;
#3809 = DIRECTION ( 'NONE',  ( -1.000000000000000000, 0.000000000000000000, 0.000000000000000000 ) ) ;
#3810 = TOROIDAL_SURFACE ( 'NONE', #2244, 8.000000000000010658, 1.000000000000000000 ) ;
#3811 = DIRECTION ( 'NONE',  ( 0.000000000000000000, 0.000000000000000000, -1.000000000000000000 ) ) ;
#3812 = ADVANCED_FACE ( 'NONE', ( #9656 ), #2961, .T. ) ;
#3813 = CARTESIAN_POINT ( 'NONE',  ( 22.62602456598014911, -5.279999999999999361, 6.500000000000000000 ) ) ;
#3814 = EDGE_LOOP ( 'NONE', ( #5957, #7720, #9510, #6237 ) ) ;
#3815 = ADVANCED_FACE ( 'NONE', ( #1505 ), #7475, .F. ) ;
#3816 = CARTESIAN_POINT ( 'NONE',  ( 95.37242405804929035, 5.335217362875567915, -13.50000000000000355 ) ) ;
#3817 = CARTESIAN_POINT ( 'NONE',  ( 220.6859014849270579, 21.00000000000000000, 5.243233113627436381 ) ) ;
#3818 = ORIENTED_EDGE ( 'NONE', *, *, #6036, .T. ) ;
#3819 = LINE ( 'NONE', #837, #9002 ) ;
#3820 = CIRCLE ( 'NONE', #2725, 16.02499999999998437 ) ;
#3821 = AXIS2_PLACEMENT_3D ( 'NONE', #3753, #5911, #8790 ) ;
#3822 = CIRCLE ( 'NONE', #238, 20.99999999999998934 ) ;
#3823 = EDGE_CURVE ( 'NONE', #547, #5617, #5952, .T. ) ;
#3824 = CARTESIAN_POINT ( 'NONE',  ( 175.4786719122323859, -7.500000000000000000, 5.000000000000026645 ) ) ;
#3825 = DIRECTION ( 'NONE',  ( -1.000000000000000000, 0.000000000000000000, 0.000000000000000000 ) ) ;
#3826 = ADVANCED_FACE ( 'NONE', ( #4686 ), #7833, .T. ) ;
#3827 = DIRECTION ( 'NONE',  ( -1.000000000000000000, 1.224646799147353454E-16, 0.000000000000000000 ) ) ;
#3828 = DIRECTION ( 'NONE',  ( 0.000000000000000000, 0.000000000000000000, 1.000000000000000000 ) ) ;
#3829 = EDGE_CURVE ( 'NONE', #4387, #1939, #1113, .T. ) ;
#3830 = EDGE_CURVE ( 'NONE', #3264, #4281, #8712, .T. ) ;
#3831 = VECTOR ( 'NONE', #733, 1000.000000000000000 ) ;
#3832 = CIRCLE ( 'NONE', #2259, 1.000000000000000888 ) ;
#3833 = CARTESIAN_POINT ( 'NONE',  ( 205.4249851275956757, -21.00000000000000000, 5.000000000000026645 ) ) ;
#3834 = ORIENTED_EDGE ( 'NONE', *, *, #3122, .T. ) ;
#3835 = EDGE_LOOP ( 'NONE', ( #8634, #8696, #2268, #2317 ) ) ;
#3836 = ORIENTED_EDGE ( 'NONE', *, *, #8499, .F. ) ;
#3837 = CIRCLE ( 'NONE', #5557, 3.499999999999975131 ) ;
#3838 = AXIS2_PLACEMENT_3D ( 'NONE', #494, #9394, #7939 ) ;
#3839 = DIRECTION ( 'NONE',  ( -0.9246144006498068224, -0.3809044632332345137, 0.000000000000000000 ) ) ;
#3840 = DIRECTION ( 'NONE',  ( 1.000000000000000000, 0.000000000000000000, 0.000000000000000000 ) ) ;
#3842 = EDGE_CURVE ( 'NONE', #4127, #6062, #3141, .T. ) ;
#3841 = DIRECTION ( 'NONE',  ( -1.000000000000000000, 0.000000000000000000, -0.000000000000000000 ) ) ;
#3843 = DIRECTION ( 'NONE',  ( 0.000000000000000000, 0.000000000000000000, 1.000000000000000000 ) ) ;
#3844 = ORIENTED_EDGE ( 'NONE', *, *, #2195, .F. ) ;
#3845 = ORIENTED_EDGE ( 'NONE', *, *, #4086, .T. ) ;
#3846 = CIRCLE ( 'NONE', #4009, 1.000000000000000888 ) ;
#3847 = VERTEX_POINT ( 'NONE', #8448 ) ;
#3848 = ORIENTED_EDGE ( 'NONE', *, *, #3277, .F. ) ;
#3849 = CARTESIAN_POINT ( 'NONE',  ( 207.0570069693434618, -18.81289837977907808, 8.257165788677182761 ) ) ;
#3850 = CIRCLE ( 'NONE', #267, 7.499999999999978684 ) ;
#3851 = CIRCLE ( 'NONE', #5102, 13.00000000000000533 ) ;
#3852 = DIRECTION ( 'NONE',  ( 1.000000000000000000, 0.000000000000000000, 0.000000000000000000 ) ) ;
#3853 = B_SPLINE_CURVE_WITH_KNOTS ( 'NONE', 3,
 ( #8092, #6248, #6978, #6347, #4877, #5835, #2573, #2846, #288, #8550 ),
 .UNSPECIFIED., .F., .F.,
 ( 4, 2, 2, 2, 4 ),
 ( -6.324555320353307712E-06, 0.0005078165051336845735, 0.001021957565587722477, 0.001536098626041760380, 0.002050239686495798283 ),
 .UNSPECIFIED. ) ;
#3854 = CARTESIAN_POINT ( 'NONE',  ( 216.9893614149496557, -19.61718809909274341, 6.523327518380596324 ) ) ;
#3855 = CIRCLE ( 'NONE', #4634, 21.99999999999999289 ) ;
#3856 = CARTESIAN_POINT ( 'NONE',  ( 171.7360312251131234, -3.499999999999999556, 13.50000000000000000 ) ) ;
#3858 = EDGE_CURVE ( 'NONE', #954, #3488, #6114, .T. ) ;
#3857 = CARTESIAN_POINT ( 'NONE',  ( 124.3891267266247098, 5.159245082421984208, 10.49999999999999645 ) ) ;
#3859 = DIRECTION ( 'NONE',  ( 1.000000000000000000, 0.000000000000000000, 0.000000000000000000 ) ) ;
#3860 = AXIS2_PLACEMENT_3D ( 'NONE', #4653, #7731, #7786 ) ;
#3861 = CARTESIAN_POINT ( 'NONE',  ( 124.3891267266247098, 5.159245082421984208, 12.49999999999999822 ) ) ;
#3862 = ORIENTED_EDGE ( 'NONE', *, *, #8240, .F. ) ;
#3863 = VECTOR ( 'NONE', #1830, 1000.000000000000000 ) ;
#3864 = DIRECTION ( 'NONE',  ( -3.965082230804130614E-15, -1.000000000000000000, 0.000000000000000000 ) ) ;
#3865 = VERTEX_POINT ( 'NONE', #4051 ) ;
#3866 = VERTEX_POINT ( 'NONE', #9226 ) ;
#3867 = ORIENTED_EDGE ( 'NONE', *, *, #180, .T. ) ;
#3868 = VECTOR ( 'NONE', #7012, 1000.000000000000227 ) ;
#3869 = VECTOR ( 'NONE', #4002, 1000.000000000000227 ) ;
#3870 = CARTESIAN_POINT ( 'NONE',  ( 217.5514232202396272, 17.96712939168153866, 5.000000000000026645 ) ) ;
#3871 = CARTESIAN_POINT ( 'NONE',  ( 224.4860312251130949, -15.00000000000000000, 7.000000000000026645 ) ) ;
#3872 = CARTESIAN_POINT ( 'NONE',  ( 198.9381596579885070, 7.929371981987804574, 12.74524062180232420 ) ) ;
#3873 = CARTESIAN_POINT ( 'NONE',  ( 72.86491956760129085, -12.33954522765350603, 12.49999999999999822 ) ) ;
#3874 = VERTEX_POINT ( 'NONE', #967 ) ;
#3875 = CARTESIAN_POINT ( 'NONE',  ( 65.83893903963182481, -11.51035364753875889, -13.50000000000000355 ) ) ;
#3876 = FACE_OUTER_BOUND ( 'NONE', #9067, .T. ) ;
#3877 = ORIENTED_EDGE ( 'NONE', *, *, #890, .F. ) ;
#3878 = CARTESIAN_POINT ( 'NONE',  ( 161.4310031527874969, 4.210882900084981451, 11.50000000000000000 ) ) ;
#3879 = EDGE_CURVE ( 'NONE', #8767, #3140, #1702, .T. ) ;
#3880 = PLANE ( 'NONE',  #1628 ) ;
#3881 = DIRECTION ( 'NONE',  ( 1.000000000000000000, 0.000000000000000000, 0.000000000000000000 ) ) ;
#3882 = CARTESIAN_POINT ( 'NONE',  ( 224.4860312251130949, 21.00000000000000000, -12.50000000000000000 ) ) ;
#3883 = DIRECTION ( 'NONE',  ( 0.9996727527214570586, 0.02558099814910960029, -0.000000000000000000 ) ) ;
#3884 = EDGE_CURVE ( 'NONE', #2560, #1751, #2522, .T. ) ;
#3885 = LINE ( 'NONE', #1822, #7134 ) ;
#3886 = EDGE_LOOP ( 'NONE', ( #1152, #3361, #6590, #3987 ) ) ;
#3887 = VERTEX_POINT ( 'NONE', #5565 ) ;
#3888 = CARTESIAN_POINT ( 'NONE',  ( 171.2360312251131234, -3.999999999999996447, 5.000000000000026645 ) ) ;
#3889 = EDGE_CURVE ( 'NONE', #2180, #70, #6721, .T. ) ;
#3890 = ADVANCED_FACE ( 'NONE', ( #9079 ), #5515, .F. ) ;
#3891 = CARTESIAN_POINT ( 'NONE',  ( 231.4206392299866195, 17.96712939168153866, 5.000000000000026645 ) ) ;
#3892 = CARTESIAN_POINT ( 'NONE',  ( 189.7360312251131234, -5.500000000000003553, -13.50000000000000355 ) ) ;
#3893 = DIRECTION ( 'NONE',  ( -0.9995966148089560077, -0.02840083911569745226, 0.000000000000000000 ) ) ;
#3894 = CARTESIAN_POINT ( 'NONE',  ( 38.65102456598012992, -5.280000000000000249, -12.50000000000000000 ) ) ;
#3895 = VERTEX_POINT ( 'NONE', #1791 ) ;
#3896 = ORIENTED_EDGE ( 'NONE', *, *, #6985, .F. ) ;
#3897 = ORIENTED_EDGE ( 'NONE', *, *, #9635, .T. ) ;
#3898 = ORIENTED_EDGE ( 'NONE', *, *, #5319, .F. ) ;
#3899 = CARTESIAN_POINT ( 'NONE',  ( 231.9827010352764205, 19.61718809909274341, 6.523327518380596324 ) ) ;
#3900 = EDGE_CURVE ( 'NONE', #6462, #2561, #186, .T. ) ;
#3901 = PLANE ( 'NONE',  #4631 ) ;
#3902 = CARTESIAN_POINT ( 'NONE',  ( 224.4860312251130949, -20.00000000000000000, -13.50000000000000000 ) ) ;
#3903 = CARTESIAN_POINT ( 'NONE',  ( 95.45762657539641793, 2.336427518448703555, 11.50000000000000000 ) ) ;
#3904 = DIRECTION ( 'NONE',  ( 1.000000000000000000, 0.000000000000000000, 0.000000000000000000 ) ) ;
#3905 = DIRECTION ( 'NONE',  ( -0.9246144006497987178, 0.3809044632332543312, 0.000000000000000000 ) ) ;
#3906 = FACE_OUTER_BOUND ( 'NONE', #5781, .T. ) ;
#3907 = ORIENTED_EDGE ( 'NONE', *, *, #1575, .T. ) ;
#3908 = LINE ( 'NONE', #5429, #6510 ) ;
#3909 = ORIENTED_EDGE ( 'NONE', *, *, #1783, .F. ) ;
#3910 = ORIENTED_EDGE ( 'NONE', *, *, #3095, .T. ) ;
#3911 = ORIENTED_EDGE ( 'NONE', *, *, #5197, .T. ) ;
#3912 = ADVANCED_FACE ( 'NONE', ( #3161 ), #5653, .T. ) ;
#3913 = CIRCLE ( 'NONE', #4527, 1.000000000000000888 ) ;
#3914 = DIRECTION ( 'NONE',  ( 1.000000000000000000, 0.000000000000000000, 0.000000000000000000 ) ) ;
#3915 = CARTESIAN_POINT ( 'NONE',  ( 95.79843664478480036, -9.658731859258772090, 10.49999999999999822 ) ) ;
#3916 = CARTESIAN_POINT ( 'NONE',  ( 218.4860312251130949, 0.000000000000000000, 13.50000000000000000 ) ) ;
#3917 = AXIS2_PLACEMENT_3D ( 'NONE', #8618, #8574, #1137 ) ;
#3918 = CARTESIAN_POINT ( 'NONE',  ( 154.4212942334734464, 4.453175267378694180, 11.50000000000000000 ) ) ;
#3919 = VERTEX_POINT ( 'NONE', #3207 ) ;
#3920 = CYLINDRICAL_SURFACE ( 'NONE', #3322, 1.000000000000000666 ) ;
#3921 = FACE_OUTER_BOUND ( 'NONE', #6187, .T. ) ;
#3922 = ORIENTED_EDGE ( 'NONE', *, *, #603, .T. ) ;
#3923 = B_SPLINE_CURVE_WITH_KNOTS ( 'NONE', 3,
 ( #457, #3435, #3287, #2502, #1190, #4185, #1773, #7797 ),
 .UNSPECIFIED., .F., .F.,
 ( 4, 2, 2, 4 ),
 ( 1.734723475976807094E-18, 0.0003907830310775972172, 0.0007815660621551926996, 0.001563132124310383664 ),
 .UNSPECIFIED. ) ;
#3924 = CARTESIAN_POINT ( 'NONE',  ( 0.000000000000000000, 0.000000000000000000, -5.500000000000000000 ) ) ;
#3925 = AXIS2_PLACEMENT_3D ( 'NONE', #108, #4552, #7528 ) ;
#3926 = CARTESIAN_POINT ( 'NONE',  ( 102.8455615344708178, -11.21791761731465442, 10.74129772773323666 ) ) ;
#3927 = CARTESIAN_POINT ( 'NONE',  ( 39.36376681097576125, -26.26790124076722321, -13.50000000000000000 ) ) ;
#3928 = CARTESIAN_POINT ( 'NONE',  ( 95.85523832301620928, -11.65792508887668077, -13.50000000000000355 ) ) ;
#3929 = CARTESIAN_POINT ( 'NONE',  ( 162.8282115152162248, -9.755068868124679327, 10.49999999999999645 ) ) ;
#3930 = ORIENTED_EDGE ( 'NONE', *, *, #5085, .T. ) ;
#3931 = CIRCLE ( 'NONE', #490, 17.02499999999998437 ) ;
#3932 = ORIENTED_EDGE ( 'NONE', *, *, #8238, .F. ) ;
#3933 = ORIENTED_EDGE ( 'NONE', *, *, #8305, .T. ) ;
#3934 = DIRECTION ( 'NONE',  ( 0.000000000000000000, 0.000000000000000000, 1.000000000000000000 ) ) ;
#3935 = CIRCLE ( 'NONE', #9397, 3.499999999999975131 ) ;
#3936 = LINE ( 'NONE', #5456, #3863 ) ;
#3937 = CARTESIAN_POINT ( 'NONE',  ( 242.4531606167946336, 6.934608004873396681, 5.000000000000026645 ) ) ;
#3938 = CARTESIAN_POINT ( 'NONE',  ( 216.8466815588631107, -19.67783207895237751, 5.476948224944115928 ) ) ;
#3939 = ORIENTED_EDGE ( 'NONE', *, *, #5197, .F. ) ;
#3940 = EDGE_CURVE ( 'NONE', #33, #1590, #1427, .T. ) ;
#3941 = VERTEX_POINT ( 'NONE', #1011 ) ;
#3942 = EDGE_CURVE ( 'NONE', #7613, #5667, #5019, .T. ) ;
#3943 = AXIS2_PLACEMENT_3D ( 'NONE', #6333, #1293, #7112 ) ;
#3944 = ORIENTED_EDGE ( 'NONE', *, *, #2507, .F. ) ;
#3945 = ORIENTED_EDGE ( 'NONE', *, *, #7301, .F. ) ;
#3946 = DIRECTION ( 'NONE',  ( 0.000000000000000000, 0.000000000000000000, 1.000000000000000000 ) ) ;
#3947 = EDGE_CURVE ( 'NONE', #7694, #4020, #1269, .T. ) ;
#3948 = DIRECTION ( 'NONE',  ( 0.000000000000000000, 0.000000000000000000, 1.000000000000000000 ) ) ;
#3949 = DIRECTION ( 'NONE',  ( 0.000000000000000000, 0.000000000000000000, 1.000000000000000000 ) ) ;
#3950 = CIRCLE ( 'NONE', #9409, 2.000000000000001776 ) ;
#3951 = DIRECTION ( 'NONE',  ( -0.000000000000000000, -0.000000000000000000, -1.000000000000000000 ) ) ;
#3952 = LINE ( 'NONE', #1700, #3534 ) ;
#3953 = DIRECTION ( 'NONE',  ( -1.000000000000000000, 0.000000000000000000, 0.000000000000000000 ) ) ;
#3954 = DIRECTION ( 'NONE',  ( -0.3809044632332612146, -0.9246144006497958312, 0.000000000000000000 ) ) ;
#3955 = ORIENTED_EDGE ( 'NONE', *, *, #6389, .T. ) ;
#3956 = ADVANCED_FACE ( 'NONE', ( #3451 ), #515, .F. ) ;
#3957 = CARTESIAN_POINT ( 'NONE',  ( 244.0633470130434830, -7.597940940784640773, 5.000000000000026645 ) ) ;
#3958 = VERTEX_POINT ( 'NONE', #7914 ) ;
#3959 = ORIENTED_EDGE ( 'NONE', *, *, #7098, .T. ) ;
#3960 = ORIENTED_EDGE ( 'NONE', *, *, #4483, .T. ) ;
#3961 = VECTOR ( 'NONE', #1429, 1000.000000000000000 ) ;
#3962 = ADVANCED_FACE ( 'NONE', ( #1214 ), #2668, .F. ) ;
#3963 = CARTESIAN_POINT ( 'NONE',  ( 224.4860312251131234, 0.000000000000000000, 13.50000000000000000 ) ) ;
#3964 = CARTESIAN_POINT ( 'NONE',  ( 161.7718132221759220, -7.784276477622493751, 11.50000000000000000 ) ) ;
#3965 = DIRECTION ( 'NONE',  ( 0.000000000000000000, 0.000000000000000000, -1.000000000000000000 ) ) ;
#3966 = CARTESIAN_POINT ( 'NONE',  ( 131.3863030302874222, 5.358050956231856787, -13.50000000000000355 ) ) ;
#3967 = ORIENTED_EDGE ( 'NONE', *, *, #9014, .T. ) ;
#3968 = ADVANCED_FACE ( 'NONE', ( #8591 ), #5493, .T. ) ;
#3969 = DIRECTION ( 'NONE',  ( 1.000000000000000000, 0.000000000000000000, 0.000000000000000000 ) ) ;
#3970 = DIRECTION ( 'NONE',  ( 0.000000000000000000, 0.000000000000000000, 1.000000000000000000 ) ) ;
#3971 = ORIENTED_EDGE ( 'NONE', *, *, #3244, .F. ) ;
#3972 = FACE_OUTER_BOUND ( 'NONE', #6383, .T. ) ;
#3973 = LINE ( 'NONE', #9152, #4302 ) ;
#3974 = DIRECTION ( 'NONE',  ( -0.02840083911569918004, 0.9995966148089558967, 4.335059285540107238E-16 ) ) ;
#3975 = CARTESIAN_POINT ( 'NONE',  ( 162.8022239189816105, -8.840408807646628730, 11.27138653862095907 ) ) ;
#3976 = ORIENTED_EDGE ( 'NONE', *, *, #9077, .T. ) ;
#3977 = VERTEX_POINT ( 'NONE', #4100 ) ;
#3978 = CIRCLE ( 'NONE', #8805, 6.499999999999977796 ) ;
#3979 = CIRCLE ( 'NONE', #6314, 1.000000000000000888 ) ;
#3980 = LINE ( 'NONE', #3289, #8349 ) ;
#3981 = CARTESIAN_POINT ( 'NONE',  ( 202.9327577332469161, 10.84092466354941919, 7.275207253977340471 ) ) ;
#3982 = CIRCLE ( 'NONE', #9442, 1.000000000000000888 ) ;
#3983 = AXIS2_PLACEMENT_3D ( 'NONE', #4553, #6162, #2729 ) ;
#3984 = AXIS2_PLACEMENT_3D ( 'NONE', #6244, #2373, #3113 ) ;
#3985 = DIRECTION ( 'NONE',  ( -0.000000000000000000, -0.000000000000000000, -1.000000000000000000 ) ) ;
#3986 = CARTESIAN_POINT ( 'NONE',  ( 131.3863030302874222, 5.358050956231856787, 10.49999999999999645 ) ) ;
#3987 = ORIENTED_EDGE ( 'NONE', *, *, #5750, .F. ) ;
#3988 = ORIENTED_EDGE ( 'NONE', *, *, #1392, .T. ) ;
#3989 = ORIENTED_EDGE ( 'NONE', *, *, #1140, .T. ) ;
#3990 = ORIENTED_EDGE ( 'NONE', *, *, #4425, .F. ) ;
#3991 = CIRCLE ( 'NONE', #9449, 4.000000000000003553 ) ;
#3992 = CIRCLE ( 'NONE', #7739, 0.9999999999999992228 ) ;
#3993 = EDGE_CURVE ( 'NONE', #993, #2216, #1890, .T. ) ;
#3994 = DIRECTION ( 'NONE',  ( -0.000000000000000000, -0.000000000000000000, -1.000000000000000000 ) ) ;
#3995 = CARTESIAN_POINT ( 'NONE',  ( 181.0860312251130892, -11.10660171779823813, 13.50000000000000000 ) ) ;
#3996 = DIRECTION ( 'NONE',  ( -0.9995966148089557857, -0.02840083911570149763, 0.000000000000000000 ) ) ;
#3997 = CARTESIAN_POINT ( 'NONE',  ( 201.8938617304666820, -21.00000000000000000, 12.50000000000000178 ) ) ;
#3998 = DIRECTION ( 'NONE',  ( 0.1353499102794157027, 0.9907978612145639241, 0.000000000000000000 ) ) ;
#3999 = DIRECTION ( 'NONE',  ( 0.02840083911569927372, -0.9995966148089558967, 0.000000000000000000 ) ) ;
#4000 = VERTEX_POINT ( 'NONE', #2714 ) ;
#4001 = EDGE_CURVE ( 'NONE', #1370, #1491, #7992, .T. ) ;
#4003 = EDGE_CURVE ( 'NONE', #2159, #8584, #1276, .T. ) ;
#4002 = DIRECTION ( 'NONE',  ( 0.9995966148089557857, 0.02840083911570135539, -0.000000000000000000 ) ) ;
#4004 = ORIENTED_EDGE ( 'NONE', *, *, #2385, .F. ) ;
#4005 = ORIENTED_EDGE ( 'NONE', *, *, #7494, .F. ) ;
#4006 = ORIENTED_EDGE ( 'NONE', *, *, #6327, .F. ) ;
#4007 = AXIS2_PLACEMENT_3D ( 'NONE', #9529, #4180, #8575 ) ;
#4008 = AXIS2_PLACEMENT_3D ( 'NONE', #6487, #4207, #8832 ) ;
#4009 = AXIS2_PLACEMENT_3D ( 'NONE', #2520, #233, #7021 ) ;
#4010 = EDGE_CURVE ( 'NONE', #2204, #6336, #8457, .T. ) ;
#4011 = EDGE_CURVE ( 'NONE', #2527, #4458, #6727, .T. ) ;
#4012 = EDGE_CURVE ( 'NONE', #588, #7356, #8776, .T. ) ;
#4013 = CARTESIAN_POINT ( 'NONE',  ( 201.8938617304666820, 21.00000000000000000, 12.50000000000000178 ) ) ;
#4014 = AXIS2_PLACEMENT_3D ( 'NONE', #2743, #5739, #2836 ) ;
#4015 = CARTESIAN_POINT ( 'NONE',  ( 162.3746050225325632, 6.210076129698360425, 10.52840656793766883 ) ) ;
#4016 = AXIS2_PLACEMENT_3D ( 'NONE', #8861, #8031, #9491 ) ;
#4017 = AXIS2_PLACEMENT_3D ( 'NONE', #6038, #8182, #9017 ) ;
#4018 = LINE ( 'NONE', #4798, #951 ) ;
#4019 = CARTESIAN_POINT ( 'NONE',  ( 154.4262168672193525, 4.279918131970013917, 11.50000000000000000 ) ) ;
#4020 = VERTEX_POINT ( 'NONE', #3406 ) ;
#4021 = CARTESIAN_POINT ( 'NONE',  ( 65.35612477466490589, 5.482788804213488909, 12.50000000000000000 ) ) ;
#4022 = VECTOR ( 'NONE', #4384, 1000.000000000000000 ) ;
#4024 = ADVANCED_FACE ( 'NONE', ( #6480, #6391, #3552, #5665, #6529, #5711, #7075 ), #5023, .F. ) ;
#4023 = DIRECTION ( 'NONE',  ( -0.000000000000000000, -0.000000000000000000, -1.000000000000000000 ) ) ;
#4025 = ORIENTED_EDGE ( 'NONE', *, *, #5963, .F. ) ;
#4026 = CARTESIAN_POINT ( 'NONE',  ( 24.57410623435835717, 15.65173315553008315, 12.50000000000000000 ) ) ;
#4027 = AXIS2_PLACEMENT_3D ( 'NONE', #6165, #254, #7041 ) ;
#4028 = AXIS2_PLACEMENT_3D ( 'NONE', #4026, #4703, #6367 ) ;
#4029 = EDGE_CURVE ( 'NONE', #8494, #9107, #4981, .T. ) ;
#4030 = CARTESIAN_POINT ( 'NONE',  ( 65.38452561378061034, 4.483192189404533678, -13.50000000000000355 ) ) ;
#4031 = DIRECTION ( 'NONE',  ( 1.000000000000000000, -0.000000000000000000, -0.000000000000000000 ) ) ;
#4032 = DIRECTION ( 'NONE',  ( 0.000000000000000000, 0.000000000000000000, 1.000000000000000000 ) ) ;
#4033 = VECTOR ( 'NONE', #7388, 1000.000000000000000 ) ;
#4034 = CARTESIAN_POINT ( 'NONE',  ( 162.8143459863055114, -9.267057379969028119, 10.98746836239029534 ) ) ;
#4035 = ORIENTED_EDGE ( 'NONE', *, *, #7215, .T. ) ;
#4036 = ORIENTED_EDGE ( 'NONE', *, *, #3527, .F. ) ;
#4037 = DIRECTION ( 'NONE',  ( -0.000000000000000000, -0.000000000000000000, 1.000000000000000000 ) ) ;
#4038 = ADVANCED_FACE ( 'NONE', ( #8051 ), #3495, .T. ) ;
#4039 = DIRECTION ( 'NONE',  ( 0.000000000000000000, 0.000000000000000000, -1.000000000000000000 ) ) ;
#4040 = CARTESIAN_POINT ( 'NONE',  ( 201.4658472463292753, 7.437221809106345560, 8.257165788677189866 ) ) ;
#4041 = DIRECTION ( 'NONE',  ( -1.000000000000000000, 0.000000000000000000, 0.000000000000000000 ) ) ;
#4042 = DIRECTION ( 'NONE',  ( 0.000000000000000000, 0.000000000000000000, 1.000000000000000000 ) ) ;
#4043 = ORIENTED_EDGE ( 'NONE', *, *, #679, .T. ) ;
#4044 = ORIENTED_EDGE ( 'NONE', *, *, #9109, .T. ) ;
#4045 = ORIENTED_EDGE ( 'NONE', *, *, #180, .F. ) ;
#4046 = EDGE_LOOP ( 'NONE', ( #1837, #6768, #2074, #1626, #7101, #9303, #8498, #4090 ) ) ;
#4047 = B_SPLINE_CURVE_WITH_KNOTS ( 'NONE', 3,
 ( #5486, #1031, #8466, #4118, #6264, #1765, #5531, #3375, #7091, #1909 ),
 .UNSPECIFIED., .F., .F.,
 ( 4, 2, 2, 2, 4 ),
 ( 3.381796117384578792E-05, 0.0005379233925041537918, 0.001042028823834461769, 0.001546134255164769745, 0.002050239686495077505 ),
 .UNSPECIFIED. ) ;
#4048 = DIRECTION ( 'NONE',  ( 1.000000000000000000, 0.000000000000000000, 0.000000000000000000 ) ) ;
#4049 = CARTESIAN_POINT ( 'NONE',  ( 12.12638788438997217, 17.28134241211205335, 13.50000000000000000 ) ) ;
#4050 = DIRECTION ( 'NONE',  ( 0.000000000000000000, 0.000000000000000000, -1.000000000000000000 ) ) ;
#4051 = CARTESIAN_POINT ( 'NONE',  ( 203.8955174529435794, 19.99999999999999645, 13.50000000000000000 ) ) ;
#4052 = DIRECTION ( 'NONE',  ( 0.9970236526615781081, -0.07709627768812757354, 0.000000000000000000 ) ) ;
#4053 = EDGE_LOOP ( 'NONE', ( #7705, #3735, #7682, #785 ) ) ;
#4054 = FACE_OUTER_BOUND ( 'NONE', #6689, .T. ) ;
#4055 = ORIENTED_EDGE ( 'NONE', *, *, #2023, .F. ) ;
#4056 = ORIENTED_EDGE ( 'NONE', *, *, #1528, .F. ) ;
#4057 = ORIENTED_EDGE ( 'NONE', *, *, #6674, .T. ) ;
#4058 = DIRECTION ( 'NONE',  ( -0.000000000000000000, -0.000000000000000000, -1.000000000000000000 ) ) ;
#4059 = ADVANCED_FACE ( 'NONE', ( #3356 ), #6346, .F. ) ;
#4060 = LINE ( 'NONE', #3124, #2087 ) ;
#4061 = DIRECTION ( 'NONE',  ( -0.9593981441167123148, 0.2820553156127502681, 3.328580966815684431E-15 ) ) ;
#4062 = DIRECTION ( 'NONE',  ( -0.000000000000000000, -0.000000000000000000, -1.000000000000000000 ) ) ;
#4063 = DIRECTION ( 'NONE',  ( -0.000000000000000000, -0.000000000000000000, 1.000000000000000000 ) ) ;
#4064 = ORIENTED_EDGE ( 'NONE', *, *, #3498, .F. ) ;
#4065 = DIRECTION ( 'NONE',  ( 0.9995966148089557857, 0.02840083911570535219, -0.000000000000000000 ) ) ;
#4066 = DIRECTION ( 'NONE',  ( -1.000000000000000000, 0.000000000000000000, 0.000000000000000000 ) ) ;
#4067 = ORIENTED_EDGE ( 'NONE', *, *, #7051, .T. ) ;
#4068 = ADVANCED_FACE ( 'NONE', ( #6763 ), #2907, .F. ) ;
#4069 = EDGE_CURVE ( 'NONE', #3712, #3941, #352, .T. ) ;
#4070 = AXIS2_PLACEMENT_3D ( 'NONE', #8981, #42, #9080 ) ;
#4071 = CARTESIAN_POINT ( 'NONE',  ( 242.4531606167946336, 6.934608004873416220, 7.000000000000026645 ) ) ;
#4072 = FILL_AREA_STYLE_COLOUR ( '', #9545 ) ;
#4073 = EDGE_CURVE ( 'NONE', #9362, #3782, #8965, .T. ) ;
#4074 = DIRECTION ( 'NONE',  ( -0.02840083911570171621, 0.9995966148089558967, 0.000000000000000000 ) ) ;
#4075 = AXIS2_PLACEMENT_3D ( 'NONE', #3182, #9154, #1821 ) ;
#4076 = DIRECTION ( 'NONE',  ( 0.9994238686079635059, 0.03394010690455087631, -0.000000000000000000 ) ) ;
#4077 = ORIENTED_EDGE ( 'NONE', *, *, #133, .T. ) ;
#4078 = DIRECTION ( 'NONE',  ( 0.000000000000000000, 0.000000000000000000, 1.000000000000000000 ) ) ;
#4079 = CARTESIAN_POINT ( 'NONE',  ( 155.4050226248180309, 5.040074480199727702, 10.49999999999999645 ) ) ;
#4080 = ORIENTED_EDGE ( 'NONE', *, *, #8394, .T. ) ;
#4081 = ORIENTED_EDGE ( 'NONE', *, *, #477, .F. ) ;
#4082 = EDGE_CURVE ( 'NONE', #7671, #6707, #662, .T. ) ;
#4083 = DIRECTION ( 'NONE',  ( 1.000000000000000000, 0.000000000000000000, 0.000000000000000000 ) ) ;
#4084 = CIRCLE ( 'NONE', #9525, 0.9999999999999997780 ) ;
#4085 = CARTESIAN_POINT ( 'NONE',  ( 240.8860312251131006, 1.714505518806288475E-16, -13.50000000000000000 ) ) ;
#4086 = EDGE_CURVE ( 'NONE', #907, #8741, #5189, .T. ) ;
#4087 = CARTESIAN_POINT ( 'NONE',  ( 5.641106312255082855, 19.18796288233419745, 12.50000000000000000 ) ) ;
#4088 = DIRECTION ( 'NONE',  ( -0.000000000000000000, 1.000000000000000000, 0.000000000000000000 ) ) ;
#4089 = FACE_BOUND ( 'NONE', #7580, .T. ) ;
#4090 = ORIENTED_EDGE ( 'NONE', *, *, #1512, .T. ) ;
#4091 = EDGE_CURVE ( 'NONE', #6663, #7257, #2991, .T. ) ;
#4092 = ORIENTED_EDGE ( 'NONE', *, *, #9549, .T. ) ;
#4093 = ADVANCED_FACE ( 'NONE', ( #2214 ), #5968, .T. ) ;
#4094 = ORIENTED_EDGE ( 'NONE', *, *, #8863, .F. ) ;
#4095 = EDGE_LOOP ( 'NONE', ( #6927, #3877, #8920, #8793 ) ) ;
#4096 = CARTESIAN_POINT ( 'NONE',  ( 206.6021237743462393, -20.82056922489658390, 5.000000000000025757 ) ) ;
#4097 = FACE_OUTER_BOUND ( 'NONE', #5703, .T. ) ;
#4098 = LINE ( 'NONE', #4198, #6945 ) ;
#4099 = CARTESIAN_POINT ( 'NONE',  ( 125.8147359281691848, -9.806303300596692196, 10.49999999999999822 ) ) ;
#4100 = CARTESIAN_POINT ( 'NONE',  ( 24.05745470026615251, 9.834322464951046783, 13.50000000000000178 ) ) ;
#4101 = CARTESIAN_POINT ( 'NONE',  ( 213.8794295073142848, -10.60660171779819372, -13.50000000000000000 ) ) ;
#4102 = ORIENTED_EDGE ( 'NONE', *, *, #6054, .F. ) ;
#4103 = DIRECTION ( 'NONE',  ( 0.000000000000000000, 0.000000000000000000, 1.000000000000000000 ) ) ;
#4104 = ORIENTED_EDGE ( 'NONE', *, *, #4860, .T. ) ;
#4105 = VERTEX_POINT ( 'NONE', #8874 ) ;
#4106 = ORIENTED_EDGE ( 'NONE', *, *, #656, .F. ) ;
#4107 = AXIS2_PLACEMENT_3D ( 'NONE', #7497, #1434, #8905 ) ;
#4108 = FACE_OUTER_BOUND ( 'NONE', #3382, .T. ) ;
#4109 = CARTESIAN_POINT ( 'NONE',  ( 207.1702422551716722, -18.34421236905869179, 8.257165788677186313 ) ) ;
#4110 = CARTESIAN_POINT ( 'NONE',  ( 102.4286130929995124, 3.457009730666460001, 11.35694017095093677 ) ) ;
#4111 = LINE ( 'NONE', #5384, #6886 ) ;
#4112 = CARTESIAN_POINT ( 'NONE',  ( 244.0633470130434830, -7.597940940784642549, 7.000000000000026645 ) ) ;
#4113 = AXIS2_PLACEMENT_3D ( 'NONE', #7730, #3175, #3969 ) ;
#4114 = CARTESIAN_POINT ( 'NONE',  ( 125.3319216632022517, 7.186839151155558270, 12.50000000000000000 ) ) ;
#4115 = ORIENTED_EDGE ( 'NONE', *, *, #4905, .F. ) ;
#4116 = CARTESIAN_POINT ( 'NONE',  ( 207.6435212595382040, 20.24885448620160133, 5.000000000000027534 ) ) ;
#4117 = ADVANCED_FACE ( 'NONE', ( #7318 ), #3050, .T. ) ;
#4118 = CARTESIAN_POINT ( 'NONE',  ( 72.42479408649653294, 3.165325047503518618, 10.98981470169872665 ) ) ;
#4119 = CYLINDRICAL_SURFACE ( 'NONE', #3305, 26.74999999999999645 ) ;
#4120 = ADVANCED_FACE ( 'NONE', ( #803 ), #3468, .T. ) ;
#4121 = DIRECTION ( 'NONE',  ( 0.000000000000000000, 0.000000000000000000, 1.000000000000000000 ) ) ;
#4122 = ADVANCED_FACE ( 'NONE', ( #5988 ), #706, .F. ) ;
#4123 = DIRECTION ( 'NONE',  ( -0.000000000000000000, -0.000000000000000000, 1.000000000000000000 ) ) ;
#4124 = CYLINDRICAL_SURFACE ( 'NONE', #8437, 16.02499999999999858 ) ;
#4125 = PLANE ( 'NONE',  #3056 ) ;
#4126 = VERTEX_POINT ( 'NONE', #5208 ) ;
#4127 = VERTEX_POINT ( 'NONE', #755 ) ;
#4128 = ADVANCED_FACE ( 'NONE', ( #5121 ), #3790, .F. ) ;
#4129 = CYLINDRICAL_SURFACE ( 'NONE', #4950, 2.150000000000012790 ) ;
#4130 = CARTESIAN_POINT ( 'NONE',  ( 199.9616345565689244, -7.500000000000000000, 8.257165788677175655 ) ) ;
#4131 = CARTESIAN_POINT ( 'NONE',  ( 205.5053074738374335, 13.52530680486368375, 4.999999999999973355 ) ) ;
#4132 = EDGE_CURVE ( 'NONE', #8577, #519, #37, .T. ) ;
#4133 = EDGE_CURVE ( 'NONE', #6062, #6619, #7363, .T. ) ;
#4134 = CYLINDRICAL_SURFACE ( 'NONE', #8855, 2.149999999999985256 ) ;
#4135 = AXIS2_PLACEMENT_3D ( 'NONE', #5959, #1460, #7434 ) ;
#4136 = AXIS2_PLACEMENT_3D ( 'NONE', #4394, #5859, #8836 ) ;
#4137 = DIRECTION ( 'NONE',  ( 1.000000000000000000, 0.000000000000000000, -0.000000000000000000 ) ) ;
#4138 = ORIENTED_EDGE ( 'NONE', *, *, #1733, .T. ) ;
#4139 = ORIENTED_EDGE ( 'NONE', *, *, #4370, .T. ) ;
#4140 = ORIENTED_EDGE ( 'NONE', *, *, #4215, .T. ) ;
#4141 = AXIS2_PLACEMENT_3D ( 'NONE', #7122, #512, #3491 ) ;
#4142 = VECTOR ( 'NONE', #5385, 1000.000000000000227 ) ;
#4143 = AXIS2_PLACEMENT_3D ( 'NONE', #3798, #867, #8293 ) ;
#4144 = CARTESIAN_POINT ( 'NONE',  ( 208.0860312251130892, 0.000000000000000000, -13.50000000000000000 ) ) ;
#4145 = FACE_OUTER_BOUND ( 'NONE', #5086, .T. ) ;
#4146 = ADVANCED_FACE ( 'NONE', ( #1444 ), #2263, .F. ) ;
#4147 = CYLINDRICAL_SURFACE ( 'NONE', #4613, 1.000000000000000888 ) ;
#4148 = DIRECTION ( 'NONE',  ( -0.000000000000000000, -0.000000000000000000, 1.000000000000000000 ) ) ;
#4149 = DIRECTION ( 'NONE',  ( 0.000000000000000000, 0.000000000000000000, 1.000000000000000000 ) ) ;
#4150 = DIRECTION ( 'NONE',  ( 0.02840083911570534872, -0.9995966148089557857, 0.000000000000000000 ) ) ;
#4151 = VERTEX_POINT ( 'NONE', #4524 ) ;
#4152 = CIRCLE ( 'NONE', #3359, 1.000000000000000888 ) ;
#4153 = AXIS2_PLACEMENT_3D ( 'NONE', #8049, #900, #9006 ) ;
#4154 = CARTESIAN_POINT ( 'NONE',  ( 12.00000000000000533, 0.000000000000000000, -13.50000000000000000 ) ) ;
#4155 = ORIENTED_EDGE ( 'NONE', *, *, #144, .T. ) ;
#4156 = VERTEX_POINT ( 'NONE', #7409 ) ;
#4157 = ORIENTED_EDGE ( 'NONE', *, *, #890, .T. ) ;
#4158 = CARTESIAN_POINT ( 'NONE',  ( 174.7875271092829905, -7.500000000000000888, 4.946614237810398329 ) ) ;
#4159 = DIRECTION ( 'NONE',  ( 0.02840083911570150110, -0.9995966148089558967, 0.000000000000000000 ) ) ;
#4160 = EDGE_CURVE ( 'NONE', #3658, #7117, #6836, .T. ) ;
#4161 = VECTOR ( 'NONE', #8026, 1000.000000000000000 ) ;
#4162 = DIRECTION ( 'NONE',  ( 0.02840083911570135886, -0.9995966148089558967, 0.000000000000000000 ) ) ;
#4163 = CARTESIAN_POINT ( 'NONE',  ( 203.8955174529429257, -19.99999999999999645, 13.50000000000000000 ) ) ;
#4164 = CARTESIAN_POINT ( 'NONE',  ( 161.3173997963247359, 8.209269359320801485, 13.50000000000000000 ) ) ;
#4165 = CIRCLE ( 'NONE', #2747, 2.000000000000001776 ) ;
#4166 = CARTESIAN_POINT ( 'NONE',  ( 123.3895301118157448, 5.130844243306286856, 13.50000000000000000 ) ) ;
#4167 = VERTEX_POINT ( 'NONE', #3691 ) ;
#4168 = CARTESIAN_POINT ( 'NONE',  ( 208.7217661674313547, 17.46843300857893411, 5.000000000000025757 ) ) ;
#4169 = AXIS2_PLACEMENT_3D ( 'NONE', #6975, #8343, #1648 ) ;
#4170 = CARTESIAN_POINT ( 'NONE',  ( 244.0633470130435683, 7.597940940784448038, 6.000000000000026645 ) ) ;
#4171 = AXIS2_PLACEMENT_3D ( 'NONE', #1141, #8620, #4957 ) ;
#4172 = CARTESIAN_POINT ( 'NONE',  ( 201.8938617304666820, 21.00000000000000000, 12.50000000000000178 ) ) ;
#4173 = CIRCLE ( 'NONE', #8539, 1.000000000000000888 ) ;
#4174 = CYLINDRICAL_SURFACE ( 'NONE', #2103, 1.000000000000000888 ) ;
#4175 = VECTOR ( 'NONE', #4308, 1000.000000000000000 ) ;
#4176 = CARTESIAN_POINT ( 'NONE',  ( 0.3514771875991961614, -12.37059952614204050, 10.49999999999999822 ) ) ;
#4177 = VECTOR ( 'NONE', #2713, 1000.000000000000000 ) ;
#4178 = EDGE_LOOP ( 'NONE', ( #818, #5901, #2847, #4115 ) ) ;
#4179 = CARTESIAN_POINT ( 'NONE',  ( 205.0614014584882909, 18.39275042477707700, 12.73358814461550459 ) ) ;
#4180 = DIRECTION ( 'NONE',  ( -0.000000000000000000, -0.000000000000000000, -1.000000000000000000 ) ) ;
#4181 = ORIENTED_EDGE ( 'NONE', *, *, #9027, .T. ) ;
#4182 = AXIS2_PLACEMENT_3D ( 'NONE', #3510, #6493, #2826 ) ;
#4183 = ORIENTED_EDGE ( 'NONE', *, *, #8831, .T. ) ;
#4184 = AXIS2_PLACEMENT_3D ( 'NONE', #5784, #9532, #5883 ) ;
#4185 = CARTESIAN_POINT ( 'NONE',  ( 244.1032193242058668, -7.496669810163482772, 6.523327518380600765 ) ) ;
#4186 = CIRCLE ( 'NONE', #1211, 23.03249967881726334 ) ;
#4187 = CARTESIAN_POINT ( 'NONE',  ( 235.0926329429113650, 10.60660171779759509, -11.50000000000000000 ) ) ;
#4188 = CARTESIAN_POINT ( 'NONE',  ( 224.2091439987109140, -13.62085267703134228, 6.708415940378543496 ) ) ;
#4189 = VECTOR ( 'NONE', #1379, 1000.000000000000000 ) ;
#4190 = CARTESIAN_POINT ( 'NONE',  ( 23.53903642683990327, 56.10093993430693615, 13.50000000000000000 ) ) ;
#4191 = ORIENTED_EDGE ( 'NONE', *, *, #3170, .F. ) ;
#4192 = ORIENTED_EDGE ( 'NONE', *, *, #6097, .T. ) ;
#4193 = ORIENTED_EDGE ( 'NONE', *, *, #2767, .T. ) ;
#4194 = EDGE_CURVE ( 'NONE', #6336, #1069, #7427, .T. ) ;
#4195 = ADVANCED_FACE ( 'NONE', ( #2463 ), #4719, .F. ) ;
#4196 = CARTESIAN_POINT ( 'NONE',  ( 162.8282115152162532, -9.755068868124679327, 12.49999999999999822 ) ) ;
#4197 = DIRECTION ( 'NONE',  ( -1.000000000000000000, 0.000000000000000000, 0.000000000000000000 ) ) ;
#4198 = CARTESIAN_POINT ( 'NONE',  ( 248.6777888845909388, 7.500000000000000000, 8.257165788677186313 ) ) ;
#4199 = CYLINDRICAL_SURFACE ( 'NONE', #2443, 1.000000000000000888 ) ;
#4200 = DIRECTION ( 'NONE',  ( 1.000000000000000000, 0.000000000000000000, 0.000000000000000000 ) ) ;
#4201 = DIRECTION ( 'NONE',  ( -0.000000000000000000, -0.000000000000000000, -1.000000000000000000 ) ) ;
#4202 = ORIENTED_EDGE ( 'NONE', *, *, #8499, .T. ) ;
#4203 = EDGE_LOOP ( 'NONE', ( #8535, #8818 ) ) ;
#4204 = VERTEX_POINT ( 'NONE', #9066 ) ;
#4205 = ORIENTED_EDGE ( 'NONE', *, *, #6398, .T. ) ;
#4206 = EDGE_CURVE ( 'NONE', #7904, #5895, #6591, .T. ) ;
#4207 = DIRECTION ( 'NONE',  ( 0.000000000000000000, 0.000000000000000000, 1.000000000000000000 ) ) ;
#4208 = CARTESIAN_POINT ( 'NONE',  ( 133.8399096857565667, -10.57869320248002332, 13.50000000000000000 ) ) ;
#4209 = FACE_OUTER_BOUND ( 'NONE', #2287, .T. ) ;
#4210 = CARTESIAN_POINT ( 'NONE',  ( 204.3432541511340901, -19.42914512162615281, 13.49999999999999822 ) ) ;
#4211 = CARTESIAN_POINT ( 'NONE',  ( 235.0926329429107113, -10.60660171779883321, -11.50000000000000000 ) ) ;
#4212 = DIRECTION ( 'NONE',  ( -0.000000000000000000, -0.000000000000000000, 1.000000000000000000 ) ) ;
#4213 = ORIENTED_EDGE ( 'NONE', *, *, #2385, .T. ) ;
#4214 = FACE_OUTER_BOUND ( 'NONE', #8302, .T. ) ;
#4215 = EDGE_CURVE ( 'NONE', #3442, #5991, #3156, .T. ) ;
#4216 = CARTESIAN_POINT ( 'NONE',  ( 72.41010275655905559, 3.682401448405487443, 10.49999999999999645 ) ) ;
#4217 = DIRECTION ( 'NONE',  ( -1.000000000000000000, 0.000000000000000000, 0.000000000000000000 ) ) ;
#4218 = FACE_OUTER_BOUND ( 'NONE', #9557, .T. ) ;
#4219 = FACE_OUTER_BOUND ( 'NONE', #1652, .T. ) ;
#4220 = DIRECTION ( 'NONE',  ( -0.000000000000000000, -0.000000000000000000, -1.000000000000000000 ) ) ;
#4221 = LINE ( 'NONE', #1917, #8065 ) ;
#4222 = ORIENTED_EDGE ( 'NONE', *, *, #6690, .T. ) ;
#4223 = ORIENTED_EDGE ( 'NONE', *, *, #9662, .F. ) ;
#4224 = DIRECTION ( 'NONE',  ( 1.000000000000000000, 0.000000000000000000, -0.000000000000000000 ) ) ;
#4225 = AXIS2_PLACEMENT_3D ( 'NONE', #2649, #3330, #6318 ) ;
#4226 = CARTESIAN_POINT ( 'NONE',  ( 199.4797820061678522, -9.499999999999996447, 13.50000000000000000 ) ) ;
#4227 = DIRECTION ( 'NONE',  ( -1.000000000000000000, 0.000000000000000000, 0.000000000000000000 ) ) ;
#4228 = EDGE_CURVE ( 'NONE', #8005, #1263, #3801, .T. ) ;
#4229 = DIRECTION ( 'NONE',  ( 0.3809044632332377889, -0.9246144006498056012, -0.000000000000000000 ) ) ;
#4230 = FACE_BOUND ( 'NONE', #1604, .T. ) ;
#4231 = ORIENTED_EDGE ( 'NONE', *, *, #7675, .F. ) ;
#4232 = AXIS2_PLACEMENT_3D ( 'NONE', #3608, #3418, #7233 ) ;
#4233 = EDGE_LOOP ( 'NONE', ( #5589, #6112 ) ) ;
#4234 = VERTEX_POINT ( 'NONE', #999 ) ;
#4235 = CARTESIAN_POINT ( 'NONE',  ( 202.7221404579577495, -10.94686151880786440, 7.929845947881810631 ) ) ;
#4236 = AXIS2_PLACEMENT_3D ( 'NONE', #7278, #6537, #8063 ) ;
#4237 = DIRECTION ( 'NONE',  ( -0.02840083911569750083, 0.9995966148089558967, -0.000000000000000000 ) ) ;
#4238 = CARTESIAN_POINT ( 'NONE',  ( 232.9426329429113309, 10.60660171779759509, -11.50000000000000000 ) ) ;
#4239 = EDGE_CURVE ( 'NONE', #797, #2355, #4883, .T. ) ;
#4240 = EDGE_CURVE ( 'NONE', #4468, #2543, #975, .T. ) ;
#4241 = CARTESIAN_POINT ( 'NONE',  ( 163.8278081300252040, -9.726668029008980199, 13.50000000000000000 ) ) ;
#4242 = DIRECTION ( 'NONE',  ( -1.000000000000000000, 0.000000000000000000, 0.000000000000000000 ) ) ;
#4243 = EDGE_LOOP ( 'NONE', ( #6755, #4678, #769, #4140 ) ) ;
#4244 = ORIENTED_EDGE ( 'NONE', *, *, #3808, .F. ) ;
#4245 = ORIENTED_EDGE ( 'NONE', *, *, #5276, .F. ) ;
#4246 = ORIENTED_EDGE ( 'NONE', *, *, #3060, .F. ) ;
#4247 = ORIENTED_EDGE ( 'NONE', *, *, #4808, .T. ) ;
#4248 = AXIS2_PLACEMENT_3D ( 'NONE', #472, #2625, #376 ) ;
#4249 = EDGE_CURVE ( 'NONE', #6203, #4347, #2372, .T. ) ;
#4250 = EDGE_CURVE ( 'NONE', #4387, #3400, #661, .T. ) ;
#4251 = LINE ( 'NONE', #7273, #6643 ) ;
#4252 = DIRECTION ( 'NONE',  ( 1.000000000000000000, 0.000000000000000000, 0.000000000000000000 ) ) ;
#4253 = CIRCLE ( 'NONE', #2984, 1.000000000000000888 ) ;
#4254 = EDGE_CURVE ( 'NONE', #2238, #8041, #6865, .T. ) ;
#4255 = ADVANCED_FACE ( 'NONE', ( #9258 ), #2558, .F. ) ;
#4256 = ADVANCED_FACE ( 'NONE', ( #7551 ), #8632, .T. ) ;
#4257 = CARTESIAN_POINT ( 'NONE',  ( 237.8099440910440023, -1.110223024625156540E-13, 5.000000000000026645 ) ) ;
#4258 = CARTESIAN_POINT ( 'NONE',  ( 204.0241680416911549, -19.86906829578814992, 13.49999999999999822 ) ) ;
#4259 = DIRECTION ( 'NONE',  ( 0.9907978612145639241, -0.1353499102794153697, 0.000000000000000000 ) ) ;
#4260 = CARTESIAN_POINT ( 'NONE',  ( 231.4206392299865627, -17.96712939168153511, 5.000000000000026645 ) ) ;
#4261 = EDGE_LOOP ( 'NONE', ( #4508, #9128, #8146, #5083 ) ) ;
#4262 = DIRECTION ( 'NONE',  ( -0.02840083911570534872, 0.9995966148089557857, 0.000000000000000000 ) ) ;
#4263 = AXIS2_PLACEMENT_3D ( 'NONE', #1351, #7462, #4386 ) ;
#4264 = AXIS2_PLACEMENT_3D ( 'NONE', #7452, #842, #4375 ) ;
#4265 = LINE ( 'NONE', #2733, #3697 ) ;
#4266 = CARTESIAN_POINT ( 'NONE',  ( 154.8314385967445332, -9.982275581050286561, 11.50000000000000000 ) ) ;
#4267 = DIRECTION ( 'NONE',  ( 1.000000000000000000, 0.000000000000000000, 0.000000000000000000 ) ) ;
#4268 = ADVANCED_FACE ( 'NONE', ( #855 ), #3101, .F. ) ;
#4269 = CARTESIAN_POINT ( 'NONE',  ( 12.12638788438997395, 17.28134241211205691, -13.50000000000000000 ) ) ;
#4270 = AXIS2_PLACEMENT_3D ( 'NONE', #6741, #3130, #5967 ) ;
#4271 = CARTESIAN_POINT ( 'NONE',  ( 206.9699792367594853, 16.92125026607105198, 8.257165788677186313 ) ) ;
#4272 = DIRECTION ( 'NONE',  ( 0.3809044632332377889, -0.9246144006498056012, -0.000000000000000000 ) ) ;
#4273 = EDGE_LOOP ( 'NONE', ( #640, #666, #980, #8190 ) ) ;
#4274 = EDGE_CURVE ( 'NONE', #944, #6600, #4416, .T. ) ;
#4275 = ORIENTED_EDGE ( 'NONE', *, *, #3276, .F. ) ;
#4276 = CARTESIAN_POINT ( 'NONE',  ( 125.8999384455162840, -12.80509314502355522, 13.50000000000000000 ) ) ;
#4277 = CARTESIAN_POINT ( 'NONE',  ( 64.45283947308131189, 2.064612674456938635, 11.46710643075642011 ) ) ;
#4278 = CARTESIAN_POINT ( 'NONE',  ( 194.4860312251130949, -21.00000000000000000, -13.50000000000000000 ) ) ;
#4279 = CARTESIAN_POINT ( 'NONE',  ( 102.3984045860187422, 4.506025782760822551, 10.49999999999999645 ) ) ;
#4280 = CARTESIAN_POINT ( 'NONE',  ( 201.4862238638567362, -7.500000000000000000, 8.257165788677191642 ) ) ;
#4281 = VERTEX_POINT ( 'NONE', #9311 ) ;
#4282 = ORIENTED_EDGE ( 'NONE', *, *, #8743, .T. ) ;
#4283 = ORIENTED_EDGE ( 'NONE', *, *, #6514, .T. ) ;
#4284 = CARTESIAN_POINT ( 'NONE',  ( 94.85564170820718743, -11.68632592799237280, 10.49999999999999645 ) ) ;
#4285 = LINE ( 'NONE', #1155, #7565 ) ;
#4286 = TOROIDAL_SURFACE ( 'NONE', #4444, 17.02499999999999858, 1.000000000000000000 ) ;
#4287 = CARTESIAN_POINT ( 'NONE',  ( 225.7747233112290814, 14.45294176984342727, 7.000000000000026645 ) ) ;
#4288 = DIRECTION ( 'NONE',  ( -1.000000000000000000, 0.000000000000000000, -0.000000000000000000 ) ) ;
#4289 = DIRECTION ( 'NONE',  ( 0.000000000000000000, 0.000000000000000000, 1.000000000000000000 ) ) ;
#4290 = ORIENTED_EDGE ( 'NONE', *, *, #2768, .T. ) ;
#4291 = ORIENTED_EDGE ( 'NONE', *, *, #2642, .F. ) ;
#4292 = EDGE_LOOP ( 'NONE', ( #728, #6685, #1480, #7792 ) ) ;
#4293 = VERTEX_POINT ( 'NONE', #8582 ) ;
#4294 = CIRCLE ( 'NONE', #2565, 1.400000000000012346 ) ;
#4295 = AXIS2_PLACEMENT_3D ( 'NONE', #1647, #9075, #8446 ) ;
#4296 = EDGE_CURVE ( 'NONE', #8276, #1356, #209, .T. ) ;
#4297 = FACE_OUTER_BOUND ( 'NONE', #5829, .T. ) ;
#4298 = PLANE ( 'NONE',  #6313 ) ;
#4299 = EDGE_CURVE ( 'NONE', #1851, #5361, #7065, .T. ) ;
#4300 = CARTESIAN_POINT ( 'NONE',  ( 102.4126925307651987, 4.017350220974550190, 10.98981470169872843 ) ) ;
#4301 = AXIS2_PLACEMENT_3D ( 'NONE', #8989, #1518, #2970 ) ;
#4302 = VECTOR ( 'NONE', #1037, 1000.000000000000000 ) ;
#4303 = DIRECTION ( 'NONE',  ( 0.000000000000000000, 0.000000000000000000, -1.000000000000000000 ) ) ;
#4304 = EDGE_CURVE ( 'NONE', #3740, #3919, #7849, .T. ) ;
#4305 = CARTESIAN_POINT ( 'NONE',  ( 132.4255987866577868, 3.989199856633412367, 11.46839646208764663 ) ) ;
#4306 = CARTESIAN_POINT ( 'NONE',  ( 224.4860312251130949, 0.000000000000000000, 4.000000000000026645 ) ) ;
#4307 = ORIENTED_EDGE ( 'NONE', *, *, #5569, .T. ) ;
#4308 = DIRECTION ( 'NONE',  ( -0.000000000000000000, -0.000000000000000000, 1.000000000000000000 ) ) ;
#4309 = ADVANCED_FACE ( 'NONE', ( #6381 ), #2755, .F. ) ;
#4310 = EDGE_CURVE ( 'NONE', #3499, #3103, #1150, .T. ) ;
#4311 = AXIS2_PLACEMENT_3D ( 'NONE', #8526, #7056, #9208 ) ;
#4312 = AXIS2_PLACEMENT_3D ( 'NONE', #682, #3666, #6642 ) ;
#4313 = CARTESIAN_POINT ( 'NONE',  ( 194.4860312251130949, -21.00000000000000000, -12.50000000000000000 ) ) ;
#4314 = DIRECTION ( 'NONE',  ( -0.000000000000000000, -0.000000000000000000, 1.000000000000000000 ) ) ;
#4315 = ADVANCED_FACE ( 'NONE', ( #7255, #4230, #4089, #1834, #8679, #5607, #4820, #7804, #4970, #5752, #2658 ), #8629, .T. ) ;
#4316 = CARTESIAN_POINT ( 'NONE',  ( 18.38336735353760076, 12.62801764905666602, 13.50000000000000178 ) ) ;
#4317 = DIRECTION ( 'NONE',  ( 0.000000000000000000, 0.000000000000000000, 1.000000000000000000 ) ) ;
#4318 = VECTOR ( 'NONE', #9199, 1000.000000000000000 ) ;
#4319 = DIRECTION ( 'NONE',  ( -0.000000000000000000, -0.000000000000000000, -1.000000000000000000 ) ) ;
#4320 = ORIENTED_EDGE ( 'NONE', *, *, #7835, .T. ) ;
#4321 = ORIENTED_EDGE ( 'NONE', *, *, #4073, .F. ) ;
#4322 = EDGE_CURVE ( 'NONE', #1799, #371, #2688, .T. ) ;
#4323 = FACE_OUTER_BOUND ( 'NONE', #4402, .T. ) ;
#4324 = CIRCLE ( 'NONE', #2752, 2.150000000000012790 ) ;
#4325 = EDGE_CURVE ( 'NONE', #7546, #7014, #7859, .T. ) ;
#4326 = DIRECTION ( 'NONE',  ( 1.000000000000000000, 0.000000000000000000, 0.000000000000000000 ) ) ;
#4327 = AXIS2_PLACEMENT_3D ( 'NONE', #6890, #930, #1024 ) ;
#4328 = CARTESIAN_POINT ( 'NONE',  ( 25.19280461054556852, 10.82512032616560838, -13.50000000000000355 ) ) ;
#4329 = DIRECTION ( 'NONE',  ( 0.9907978612145638131, -0.1353499102794156195, 0.000000000000000000 ) ) ;
#4330 = AXIS2_PLACEMENT_3D ( 'NONE', #5441, #9241, #9048 ) ;
#4331 = VECTOR ( 'NONE', #3484, 999.9999999999998863 ) ;
#4332 = ORIENTED_EDGE ( 'NONE', *, *, #2593, .F. ) ;
#4333 = ORIENTED_EDGE ( 'NONE', *, *, #6733, .T. ) ;
#4334 = AXIS2_PLACEMENT_3D ( 'NONE', #276, #952, #7651 ) ;
#4335 = ORIENTED_EDGE ( 'NONE', *, *, #448, .T. ) ;
#4336 = ADVANCED_FACE ( 'NONE', ( #1927 ), #7951, .F. ) ;
#4337 = VECTOR ( 'NONE', #1749, 1000.000000000000000 ) ;
#4338 = CIRCLE ( 'NONE', #7928, 39.46244800476959114 ) ;
#4339 = CARTESIAN_POINT ( 'NONE',  ( 202.5121784136964322, -7.099179463977314697, 5.167662973746645072 ) ) ;
#4340 = CARTESIAN_POINT ( 'NONE',  ( 72.82024711983021348, -10.75304940002351017, 11.50000000000000178 ) ) ;
#4341 = DIRECTION ( 'NONE',  ( -1.000000000000000000, 0.000000000000000000, 0.000000000000000000 ) ) ;
#4342 = LINE ( 'NONE', #6527, #6504 ) ;
#4343 = CARTESIAN_POINT ( 'NONE',  ( 34.59510580418449166, -25.88459955926619571, -13.50000000000000000 ) ) ;
#4344 = ORIENTED_EDGE ( 'NONE', *, *, #6817, .T. ) ;
#4345 = VECTOR ( 'NONE', #1388, 1000.000000000000000 ) ;
#4346 = ORIENTED_EDGE ( 'NONE', *, *, #299, .F. ) ;
#4347 = VERTEX_POINT ( 'NONE', #7164 ) ;
#4348 = ORIENTED_EDGE ( 'NONE', *, *, #5458, .F. ) ;
#4349 = CARTESIAN_POINT ( 'NONE',  ( 231.4206392299866195, 17.96712939168154577, 6.000000000000026645 ) ) ;
#4350 = CARTESIAN_POINT ( 'NONE',  ( 161.8286149004072740, -9.783469707240403324, -13.50000000000000355 ) ) ;
#4351 = CARTESIAN_POINT ( 'NONE',  ( 199.0538616374109324, -8.294937725243102022, 13.11744325506273690 ) ) ;
#4352 = DIRECTION ( 'NONE',  ( 0.000000000000000000, 0.000000000000000000, 1.000000000000000000 ) ) ;
#4353 = CARTESIAN_POINT ( 'NONE',  ( 102.3980012008277356, 4.534426621876530561, 10.49999999999999645 ) ) ;
#4354 = DIRECTION ( 'NONE',  ( -0.000000000000000000, -0.000000000000000000, -1.000000000000000000 ) ) ;
#4355 = VERTEX_POINT ( 'NONE', #460 ) ;
#4356 = CARTESIAN_POINT ( 'NONE',  ( 225.7198114704922887, 14.32358725017685686, 7.000000000000027534 ) ) ;
#4357 = EDGE_LOOP ( 'NONE', ( #4640, #4388, #7079, #4651 ) ) ;
#4358 = ORIENTED_EDGE ( 'NONE', *, *, #1921, .T. ) ;
#4359 = DIRECTION ( 'NONE',  ( 1.000000000000000000, 0.000000000000000000, 0.000000000000000000 ) ) ;
#4360 = FACE_BOUND ( 'NONE', #2343, .T. ) ;
#4361 = LINE ( 'NONE', #5046, #4161 ) ;
#4362 = CARTESIAN_POINT ( 'NONE',  ( 204.9039351315696251, 18.22545037321867412, 13.12266895382426490 ) ) ;
#4363 = EDGE_CURVE ( 'NONE', #1656, #5669, #4916, .T. ) ;
#4364 = DIRECTION ( 'NONE',  ( 1.000000000000000000, 0.000000000000000000, 0.000000000000000000 ) ) ;
#4365 = EDGE_CURVE ( 'NONE', #4677, #7595, #9406, .T. ) ;
#4366 = DIRECTION ( 'NONE',  ( 0.02840083911569750430, -0.9995966148089558967, 0.000000000000000000 ) ) ;
#4367 = EDGE_LOOP ( 'NONE', ( #8053, #8113, #8237, #7180 ) ) ;
#4368 = ORIENTED_EDGE ( 'NONE', *, *, #1792, .T. ) ;
#4369 = DIRECTION ( 'NONE',  ( 1.000000000000000000, 0.000000000000000000, 0.000000000000000000 ) ) ;
#4370 = EDGE_CURVE ( 'NONE', #2499, #3887, #4743, .T. ) ;
#4371 = CARTESIAN_POINT ( 'NONE',  ( 217.0060777798093170, 19.62276273648158664, 6.503998627434431690 ) ) ;
#4372 = CARTESIAN_POINT ( 'NONE',  ( 72.86451618241024164, -12.31114438853780690, 11.50000000000000000 ) ) ;
#4373 = LINE ( 'NONE', #7208, #4693 ) ;
#4374 = EDGE_CURVE ( 'NONE', #588, #5522, #1243, .T. ) ;
#4375 = DIRECTION ( 'NONE',  ( 1.000000000000000000, -8.673617379884027583E-16, 0.000000000000000000 ) ) ;
#4376 = ORIENTED_EDGE ( 'NONE', *, *, #9135, .F. ) ;
#4377 = EDGE_LOOP ( 'NONE', ( #6322, #1082, #6778, #3794, #3433, #462, #8780, #5805 ) ) ;
#4378 = ORIENTED_EDGE ( 'NONE', *, *, #6327, .T. ) ;
#4379 = AXIS2_PLACEMENT_3D ( 'NONE', #6538, #4354, #6633 ) ;
#4380 = FACE_OUTER_BOUND ( 'NONE', #709, .T. ) ;
#4381 = CARTESIAN_POINT ( 'NONE',  ( 72.85065065349949975, -11.82313290038217168, 10.98746836239024915 ) ) ;
#4382 = CARTESIAN_POINT ( 'NONE',  ( 232.0839721658976771, 19.57731578793040939, 5.000000000000026645 ) ) ;
#4383 = CIRCLE ( 'NONE', #7192, 1.000000000000000888 ) ;
#4385 = EDGE_CURVE ( 'NONE', #1617, #7333, #7540, .T. ) ;
#4384 = DIRECTION ( 'NONE',  ( -0.000000000000000000, -0.000000000000000000, 1.000000000000000000 ) ) ;
#4386 = DIRECTION ( 'NONE',  ( 1.000000000000000000, 0.000000000000000000, 0.000000000000000000 ) ) ;
#4387 = VERTEX_POINT ( 'NONE', #5298 ) ;
#4388 = ORIENTED_EDGE ( 'NONE', *, *, #8598, .F. ) ;
#4389 = VERTEX_POINT ( 'NONE', #8996 ) ;
#4390 = ORIENTED_EDGE ( 'NONE', *, *, #1449, .T. ) ;
#4391 = AXIS2_PLACEMENT_3D ( 'NONE', #5234, #4506, #8309 ) ;
#4392 = LINE ( 'NONE', #6580, #1035 ) ;
#4393 = CARTESIAN_POINT ( 'NONE',  ( 237.2426329429113707, 10.60660171779759509, -11.50000000000000000 ) ) ;
#4394 = CARTESIAN_POINT ( 'NONE',  ( 95.85523832301620928, -11.65792508887668077, 12.49999999999999822 ) ) ;
#4395 = CYLINDRICAL_SURFACE ( 'NONE', #5564, 0.9999999999999998890 ) ;
#4396 = DIRECTION ( 'NONE',  ( -0.000000000000000000, -0.000000000000000000, 1.000000000000000000 ) ) ;
#4397 = AXIS2_PLACEMENT_3D ( 'NONE', #8548, #7621, #6104 ) ;
#4398 = CARTESIAN_POINT ( 'NONE',  ( 242.4531606167946052, -6.934608004873582310, 6.000000000000026645 ) ) ;
#4399 = ORIENTED_EDGE ( 'NONE', *, *, #6119, .F. ) ;
#4400 = CARTESIAN_POINT ( 'NONE',  ( 95.88363916213189952, -12.65752170368563512, -13.50000000000000355 ) ) ;
#4401 = ORIENTED_EDGE ( 'NONE', *, *, #3216, .F. ) ;
#4402 = EDGE_LOOP ( 'NONE', ( #1941, #2364, #6420, #7202 ) ) ;
#4403 = AXIS2_PLACEMENT_3D ( 'NONE', #3518, #6499, #7980 ) ;
#4404 = DIRECTION ( 'NONE',  ( -1.000000000000000000, 0.000000000000000000, 0.000000000000000000 ) ) ;
#4405 = CARTESIAN_POINT ( 'NONE',  ( 24.54852523620924387, 16.65140590825153666, -12.50000000000000000 ) ) ;
#4406 = CARTESIAN_POINT ( 'NONE',  ( 22.62602456598014911, -5.280000000000002913, -6.500000000000000000 ) ) ;
#4407 = DIRECTION ( 'NONE',  ( -0.000000000000000000, -0.000000000000000000, 1.000000000000000000 ) ) ;
#4408 = DIRECTION ( 'NONE',  ( 1.000000000000000000, 0.000000000000000000, 0.000000000000000000 ) ) ;
#4409 = CIRCLE ( 'NONE', #4403, 1.000000000000000888 ) ;
#4410 = CARTESIAN_POINT ( 'NONE',  ( 125.3603225023179562, 6.187242536346602151, -13.50000000000000355 ) ) ;
#4411 = VERTEX_POINT ( 'NONE', #6073 ) ;
#4412 = CARTESIAN_POINT ( 'NONE',  ( 230.4860312251130949, 7.347880794884152277E-16, 2.602085213965210642E-14 ) ) ;
#4413 = EDGE_CURVE ( 'NONE', #9489, #2771, #7071, .T. ) ;
#4414 = DIRECTION ( 'NONE',  ( 0.9995966148089560077, 0.02840083911570150110, -0.000000000000000000 ) ) ;
#4415 = LINE ( 'NONE', #6024, #3961 ) ;
#4416 = CIRCLE ( 'NONE', #1594, 1.000000000000000888 ) ;
#4417 = DIRECTION ( 'NONE',  ( 1.000000000000000000, 0.000000000000000000, 0.000000000000000000 ) ) ;
#4418 = CARTESIAN_POINT ( 'NONE',  ( 183.7360312251131234, -7.499999999999995559, -13.50000000000000355 ) ) ;
#4419 = EDGE_LOOP ( 'NONE', ( #3489, #8251, #2045, #5290 ) ) ;
#4420 = ORIENTED_EDGE ( 'NONE', *, *, #2493, .F. ) ;
#4421 = AXIS2_PLACEMENT_3D ( 'NONE', #1102, #2614, #415 ) ;
#4422 = VERTEX_POINT ( 'NONE', #6016 ) ;
#4423 = ADVANCED_FACE ( 'NONE', ( #783 ), #3920, .T. ) ;
#4424 = ADVANCED_FACE ( 'NONE', ( #4510 ), #56, .F. ) ;
#4425 = EDGE_CURVE ( 'NONE', #944, #1285, #1569, .T. ) ;
#4426 = DIRECTION ( 'NONE',  ( -0.000000000000000000, -0.000000000000000000, 1.000000000000000000 ) ) ;
#4427 = CARTESIAN_POINT ( 'NONE',  ( 55.67602456598011429, -5.280000000000001137, -13.50000000000000178 ) ) ;
#4428 = CARTESIAN_POINT ( 'NONE',  ( 204.7346246302292343, 18.04007864516053061, 13.50000000000000000 ) ) ;
#4429 = DIRECTION ( 'NONE',  ( -0.9246144006497944989, 0.3809044632332644897, 0.000000000000000000 ) ) ;
#4430 = ORIENTED_EDGE ( 'NONE', *, *, #724, .T. ) ;
#4431 = ORIENTED_EDGE ( 'NONE', *, *, #8240, .T. ) ;
#4432 = ORIENTED_EDGE ( 'NONE', *, *, #6446, .F. ) ;
#4433 = VERTEX_POINT ( 'NONE', #4555 ) ;
#4434 = CARTESIAN_POINT ( 'NONE',  ( 0.000000000000000000, 0.000000000000000000, 13.50000000000000000 ) ) ;
#4435 = EDGE_CURVE ( 'NONE', #1656, #2160, #2798, .T. ) ;
#4436 = CARTESIAN_POINT ( 'NONE',  ( 208.7197879268068448, -17.45867812604618052, 5.000000000000026645 ) ) ;
#4437 = CARTESIAN_POINT ( 'NONE',  ( 34.78824479284141802, -24.90342815168212098, -12.50000000000000000 ) ) ;
#4438 = CARTESIAN_POINT ( 'NONE',  ( 125.4455250196650269, 3.188452691919736459, 11.50000000000000000 ) ) ;
#4439 = DIRECTION ( 'NONE',  ( -0.000000000000000000, -0.000000000000000000, 1.000000000000000000 ) ) ;
#4440 = DIRECTION ( 'NONE',  ( 0.000000000000000000, 0.000000000000000000, -1.000000000000000000 ) ) ;
#4441 = DIRECTION ( 'NONE',  ( 0.000000000000000000, 0.000000000000000000, 1.000000000000000000 ) ) ;
#4442 = ORIENTED_EDGE ( 'NONE', *, *, #7772, .T. ) ;
#4443 = VECTOR ( 'NONE', #5380, 1000.000000000000000 ) ;
#4444 = AXIS2_PLACEMENT_3D ( 'NONE', #5886, #14, #2982 ) ;
#4445 = VERTEX_POINT ( 'NONE', #5387 ) ;
#4446 = ORIENTED_EDGE ( 'NONE', *, *, #3398, .T. ) ;
#4447 = EDGE_CURVE ( 'NONE', #6576, #729, #8638, .T. ) ;
#4448 = CARTESIAN_POINT ( 'NONE',  ( 155.3766217857023264, 6.039671095008682045, 10.49999999999999645 ) ) ;
#4449 = AXIS2_PLACEMENT_3D ( 'NONE', #372, #9458, #1252 ) ;
#4450 = CIRCLE ( 'NONE', #3821, 1.000000000000003331 ) ;
#4451 = CIRCLE ( 'NONE', #1323, 40.46244800476959114 ) ;
#4452 = DIRECTION ( 'NONE',  ( 1.000000000000000000, 0.000000000000000000, 0.000000000000000000 ) ) ;
#4453 = FACE_OUTER_BOUND ( 'NONE', #7597, .T. ) ;
#4454 = CARTESIAN_POINT ( 'NONE',  ( 245.3099440910439739, -1.110223024625156540E-13, 6.000000000000026645 ) ) ;
#4455 = FACE_OUTER_BOUND ( 'NONE', #723, .T. ) ;
#4456 = CARTESIAN_POINT ( 'NONE',  ( 194.5116122232621763, 20.00032724727854472, -13.50000000000000000 ) ) ;
#4457 = DIRECTION ( 'NONE',  ( 1.000000000000000000, 0.000000000000000000, 0.000000000000000000 ) ) ;
#4458 = VERTEX_POINT ( 'NONE', #4652 ) ;
#4459 = AXIS2_PLACEMENT_3D ( 'NONE', #8661, #492, #1182 ) ;
#4460 = FACE_OUTER_BOUND ( 'NONE', #83, .T. ) ;
#4461 = DIRECTION ( 'NONE',  ( -0.02840083911570164682, 0.9995966148089558967, 0.000000000000000000 ) ) ;
#4462 = DIRECTION ( 'NONE',  ( 0.9246144006498026036, 0.3809044632332450053, -3.303819572375272896E-16 ) ) ;
#4463 = VECTOR ( 'NONE', #5736, 1000.000000000000000 ) ;
#4464 = CARTESIAN_POINT ( 'NONE',  ( 183.7360312251131234, 6.500000000000000000, -13.50000000000000355 ) ) ;
#4465 = EDGE_CURVE ( 'NONE', #3695, #8177, #1450, .T. ) ;
#4466 = DIRECTION ( 'NONE',  ( 0.000000000000000000, 0.000000000000000000, -1.000000000000000000 ) ) ;
#4467 = VERTEX_POINT ( 'NONE', #111 ) ;
#4468 = VERTEX_POINT ( 'NONE', #2299 ) ;
#4469 = AXIS2_PLACEMENT_3D ( 'NONE', #9420, #480, #8012 ) ;
#4470 = ORIENTED_EDGE ( 'NONE', *, *, #8394, .F. ) ;
#4471 = TOROIDAL_SURFACE ( 'NONE', #4327, 1.999999999999999112, 1.000000000000000000 ) ;
#4472 = CARTESIAN_POINT ( 'NONE',  ( 208.0860312251130892, 0.000000000000000000, 13.50000000000000000 ) ) ;
#4473 = AXIS2_PLACEMENT_3D ( 'NONE', #9353, #7985, #3432 ) ;
#4474 = FACE_BOUND ( 'NONE', #2715, .T. ) ;
#4475 = AXIS2_PLACEMENT_3D ( 'NONE', #173, #1685, #4712 ) ;
#4476 = AXIS2_PLACEMENT_3D ( 'NONE', #6760, #8328, #2993 ) ;
#4477 = CARTESIAN_POINT ( 'NONE',  ( 203.8955174529435794, 19.99999999999999645, 13.50000000000000000 ) ) ;
#4478 = CIRCLE ( 'NONE', #2759, 9.000000000000007105 ) ;
#4479 = DIRECTION ( 'NONE',  ( -0.000000000000000000, -0.000000000000000000, 1.000000000000000000 ) ) ;
#4480 = ORIENTED_EDGE ( 'NONE', *, *, #8429, .F. ) ;
#4481 = ADVANCED_FACE ( 'NONE', ( #1615 ), #5188, .T. ) ;
#4482 = ORIENTED_EDGE ( 'NONE', *, *, #1023, .F. ) ;
#4483 = EDGE_CURVE ( 'NONE', #3919, #2204, #5237, .T. ) ;
#4484 = ORIENTED_EDGE ( 'NONE', *, *, #9490, .T. ) ;
#4485 = ORIENTED_EDGE ( 'NONE', *, *, #8689, .F. ) ;
#4486 = TOROIDAL_SURFACE ( 'NONE', #1051, 1.999999999999998668, 1.000000000000000000 ) ;
#4487 = AXIS2_PLACEMENT_3D ( 'NONE', #809, #6497, #5993 ) ;
#4488 = DIRECTION ( 'NONE',  ( -0.000000000000000000, -0.000000000000000000, -1.000000000000000000 ) ) ;
#4489 = EDGE_CURVE ( 'NONE', #8043, #8827, #6848, .T. ) ;
#4490 = DIRECTION ( 'NONE',  ( -0.000000000000000000, -0.000000000000000000, -1.000000000000000000 ) ) ;
#4491 = EDGE_CURVE ( 'NONE', #6905, #9315, #1666, .T. ) ;
#4492 = LINE ( 'NONE', #4535, #389 ) ;
#4493 = DIRECTION ( 'NONE',  ( 1.000000000000000000, 0.000000000000000000, 0.000000000000000000 ) ) ;
#4494 = AXIS2_PLACEMENT_3D ( 'NONE', #8799, #1522, #8081 ) ;
#4495 = CARTESIAN_POINT ( 'NONE',  ( 161.4026023136718209, 5.210479514893937569, 10.49999999999999822 ) ) ;
#4496 = DIRECTION ( 'NONE',  ( -0.000000000000000000, -0.000000000000000000, -1.000000000000000000 ) ) ;
#4497 = LINE ( 'NONE', #5131, #7655 ) ;
#4498 = ORIENTED_EDGE ( 'NONE', *, *, #4385, .F. ) ;
#4499 = ADVANCED_FACE ( 'NONE', ( #739 ), #7633, .T. ) ;
#4500 = CARTESIAN_POINT ( 'NONE',  ( 224.2070041597137333, 13.62135472538030179, 6.708815102044178857 ) ) ;
#4501 = ORIENTED_EDGE ( 'NONE', *, *, #2379, .T. ) ;
#4502 = VERTEX_POINT ( 'NONE', #3768 ) ;
#4503 = CARTESIAN_POINT ( 'NONE',  ( 38.65102456598012992, -5.280000000000000249, 5.500000000000000000 ) ) ;
#4504 = DIRECTION ( 'NONE',  ( 1.000000000000000000, 0.000000000000000000, 0.000000000000000000 ) ) ;
#4505 = FACE_OUTER_BOUND ( 'NONE', #4419, .T. ) ;
#4506 = DIRECTION ( 'NONE',  ( -0.000000000000000000, -0.000000000000000000, -1.000000000000000000 ) ) ;
#4507 = DIRECTION ( 'NONE',  ( -0.000000000000000000, -0.000000000000000000, -1.000000000000000000 ) ) ;
#4508 = ORIENTED_EDGE ( 'NONE', *, *, #2518, .F. ) ;
#4509 = EDGE_CURVE ( 'NONE', #371, #7333, #7488, .T. ) ;
#4510 = FACE_OUTER_BOUND ( 'NONE', #1400, .T. ) ;
#4511 = DIRECTION ( 'NONE',  ( 0.000000000000000000, 0.000000000000000000, -1.000000000000000000 ) ) ;
#4512 = ORIENTED_EDGE ( 'NONE', *, *, #9441, .T. ) ;
#4513 = FACE_OUTER_BOUND ( 'NONE', #6708, .T. ) ;
#4514 = CYLINDRICAL_SURFACE ( 'NONE', #529, 1.000000000000000666 ) ;
#4515 = CARTESIAN_POINT ( 'NONE',  ( 89.96369533280602582, 2.556075520413128910, 11.50000000000000000 ) ) ;
#4516 = LINE ( 'NONE', #17, #6414 ) ;
#4517 = DIRECTION ( 'NONE',  ( -0.000000000000000000, -0.000000000000000000, -1.000000000000000000 ) ) ;
#4518 = ORIENTED_EDGE ( 'NONE', *, *, #1084, .T. ) ;
#4519 = ORIENTED_EDGE ( 'NONE', *, *, #9254, .T. ) ;
#4520 = ORIENTED_EDGE ( 'NONE', *, *, #7593, .F. ) ;
#4521 = CARTESIAN_POINT ( 'NONE',  ( 13.00000000000000533, 0.000000000000000000, -5.500000000000000000 ) ) ;
#4522 = DIRECTION ( 'NONE',  ( 0.9995966148089557857, 0.02840083911570535219, -0.000000000000000000 ) ) ;
#4523 = FACE_OUTER_BOUND ( 'NONE', #6429, .T. ) ;
#4524 = CARTESIAN_POINT ( 'NONE',  ( 215.4860312251130949, 1.102182119232619292E-15, 1.000000000000026867 ) ) ;
#4525 = ORIENTED_EDGE ( 'NONE', *, *, #9190, .F. ) ;
#4526 = ORIENTED_EDGE ( 'NONE', *, *, #4249, .T. ) ;
#4527 = AXIS2_PLACEMENT_3D ( 'NONE', #5221, #8201, #5082 ) ;
#4528 = ORIENTED_EDGE ( 'NONE', *, *, #5085, .F. ) ;
#4529 = ORIENTED_EDGE ( 'NONE', *, *, #5014, .T. ) ;
#4530 = CARTESIAN_POINT ( 'NONE',  ( 65.46972813112769529, 1.484402344977667987, 10.49999999999999645 ) ) ;
#4531 = ADVANCED_FACE ( 'NONE', ( #3025 ), #2975, .F. ) ;
#4532 = CARTESIAN_POINT ( 'NONE',  ( 224.4860312251130665, -20.82391286593089674, 6.000000000000026645 ) ) ;
#4533 = AXIS2_PLACEMENT_3D ( 'NONE', #7839, #3974, #3383 ) ;
#4534 = ADVANCED_FACE ( 'NONE', ( #6216 ), #4700, .F. ) ;
#4535 = CARTESIAN_POINT ( 'NONE',  ( 167.7360312251131518, -3.999999999999996447, -13.50000000000000355 ) ) ;
#4536 = DIRECTION ( 'NONE',  ( -0.9907978612145639241, 0.1353499102794153142, 0.000000000000000000 ) ) ;
#4537 = DIRECTION ( 'NONE',  ( 1.000000000000000000, 0.000000000000000000, -0.000000000000000000 ) ) ;
#4538 = CARTESIAN_POINT ( 'NONE',  ( 71.41050614175006217, 3.654000609289787871, -13.50000000000000355 ) ) ;
#4539 = DIRECTION ( 'NONE',  ( -1.000000000000000000, 0.000000000000000000, 0.000000000000000000 ) ) ;
#4540 = ORIENTED_EDGE ( 'NONE', *, *, #3482, .F. ) ;
#4542 = ADVANCED_FACE ( 'NONE', ( #5440 ), #5195, .T. ) ;
#4541 = CARTESIAN_POINT ( 'NONE',  ( 94.80645001188122478, -9.954973804069448207, 11.50000000000000000 ) ) ;
#4543 = ORIENTED_EDGE ( 'NONE', *, *, #8975, .F. ) ;
#4544 = ORIENTED_EDGE ( 'NONE', *, *, #408, .T. ) ;
#4545 = VERTEX_POINT ( 'NONE', #1810 ) ;
#4546 = AXIS2_PLACEMENT_3D ( 'NONE', #9573, #7199, #2883 ) ;
#4547 = ADVANCED_FACE ( 'NONE', ( #8417 ), #6912, .T. ) ;
#4548 = EDGE_CURVE ( 'NONE', #2660, #1851, #7683, .T. ) ;
#4549 = CARTESIAN_POINT ( 'NONE',  ( 71.86491956760129085, -12.33954522765350603, -13.50000000000000355 ) ) ;
#4550 = AXIS2_PLACEMENT_3D ( 'NONE', #1268, #443, #5813 ) ;
#4551 = DIRECTION ( 'NONE',  ( 0.000000000000000000, 0.000000000000000000, -1.000000000000000000 ) ) ;
#4552 = DIRECTION ( 'NONE',  ( -0.000000000000000000, -0.000000000000000000, 1.000000000000000000 ) ) ;
#4553 = CARTESIAN_POINT ( 'NONE',  ( 17.02499999999999858, 0.000000000000000000, 12.50000000000000000 ) ) ;
#4554 = ORIENTED_EDGE ( 'NONE', *, *, #2901, .T. ) ;
#4555 = CARTESIAN_POINT ( 'NONE',  ( 132.3863030302874222, 5.358050956231856787, -13.50000000000000355 ) ) ;
#4557 = EDGE_CURVE ( 'NONE', #1526, #6437, #8336, .T. ) ;
#4556 = CARTESIAN_POINT ( 'NONE',  ( 219.0359126494345787, 20.99999999999999645, 5.039446118313506418 ) ) ;
#4558 = VERTEX_POINT ( 'NONE', #1761 ) ;
#4559 = DIRECTION ( 'NONE',  ( -0.9995966148089557857, -0.02840083911570135539, 0.000000000000000000 ) ) ;
#4560 = DIRECTION ( 'NONE',  ( 1.000000000000000000, 0.000000000000000000, 0.000000000000000000 ) ) ;
#4561 = ADVANCED_FACE ( 'NONE', ( #2536 ), #824, .T. ) ;
#4562 = CARTESIAN_POINT ( 'NONE',  ( 131.3863030302874222, 5.358050956231856787, -13.50000000000000355 ) ) ;
#4563 = CARTESIAN_POINT ( 'NONE',  ( 242.8340650800278979, -6.009993604223787145, 6.000000000000026645 ) ) ;
#4564 = CIRCLE ( 'NONE', #2679, 0.9999999999999988898 ) ;
#4565 = DIRECTION ( 'NONE',  ( 1.000000000000000000, 0.000000000000000000, 0.000000000000000000 ) ) ;
#4566 = LINE ( 'NONE', #4418, #7692 ) ;
#4567 = ORIENTED_EDGE ( 'NONE', *, *, #3842, .F. ) ;
#4568 = EDGE_LOOP ( 'NONE', ( #1257, #1784, #5803, #6942 ) ) ;
#4569 = EDGE_LOOP ( 'NONE', ( #8647, #5068, #6249, #4737 ) ) ;
#4570 = AXIS2_PLACEMENT_3D ( 'NONE', #6822, #4576, #3148 ) ;
#4571 = VECTOR ( 'NONE', #1478, 1000.000000000000227 ) ;
#4572 = CARTESIAN_POINT ( 'NONE',  ( 224.4860312251130949, -20.00000000000000000, -12.50000000000000000 ) ) ;
#4573 = DIRECTION ( 'NONE',  ( -0.000000000000000000, -0.000000000000000000, -1.000000000000000000 ) ) ;
#4574 = DIRECTION ( 'NONE',  ( -0.000000000000000000, -0.000000000000000000, 1.000000000000000000 ) ) ;
#4575 = AXIS2_PLACEMENT_3D ( 'NONE', #6120, #8944, #2391 ) ;
#4576 = DIRECTION ( 'NONE',  ( -0.000000000000000000, -0.000000000000000000, -1.000000000000000000 ) ) ;
#4577 = ORIENTED_EDGE ( 'NONE', *, *, #598, .T. ) ;
#4578 = ORIENTED_EDGE ( 'NONE', *, *, #6291, .T. ) ;
#4579 = VERTEX_POINT ( 'NONE', #3321 ) ;
#4580 = ORIENTED_EDGE ( 'NONE', *, *, #2195, .T. ) ;
#4581 = CARTESIAN_POINT ( 'NONE',  ( 131.3295013520560133, 7.357244185849767248, 13.50000000000000000 ) ) ;
#4582 = DIRECTION ( 'NONE',  ( 1.000000000000000000, 0.000000000000000000, 0.000000000000000000 ) ) ;
#4583 = PLANE ( 'NONE',  #6003 ) ;
#4584 = DIRECTION ( 'NONE',  ( -0.9995966148089557857, -0.02840083911570178213, 0.000000000000000000 ) ) ;
#4585 = DIRECTION ( 'NONE',  ( -1.000000000000000000, 0.000000000000000000, 0.000000000000000000 ) ) ;
#4586 = CARTESIAN_POINT ( 'NONE',  ( 38.65102456598012992, -5.280000000000001137, -13.50000000000000000 ) ) ;
#4587 = CARTESIAN_POINT ( 'NONE',  ( 245.3099440910439739, -1.110223024625156540E-13, 5.000000000000026645 ) ) ;
#4588 = ORIENTED_EDGE ( 'NONE', *, *, #4091, .T. ) ;
#4589 = CARTESIAN_POINT ( 'NONE',  ( 201.4862238638567362, -7.500000000000000000, 8.257165788677191642 ) ) ;
#4590 = ORIENTED_EDGE ( 'NONE', *, *, #3216, .T. ) ;
#4591 = ORIENTED_EDGE ( 'NONE', *, *, #3783, .T. ) ;
#4592 = ORIENTED_EDGE ( 'NONE', *, *, #7843, .T. ) ;
#4593 = CARTESIAN_POINT ( 'NONE',  ( 94.40122828235602981, 4.307219908950941090, 10.49999999999999645 ) ) ;
#4594 = EDGE_CURVE ( 'NONE', #5270, #2035, #2065, .T. ) ;
#4595 = CARTESIAN_POINT ( 'NONE',  ( 131.8123156170229322, -9.635898265902481441, 10.49999999999999645 ) ) ;
#4596 = TOROIDAL_SURFACE ( 'NONE', #1627, 1.999999999999998224, 1.000000000000000000 ) ;
#4597 = CIRCLE ( 'NONE', #9279, 2.000000000000001776 ) ;
#4598 = CARTESIAN_POINT ( 'NONE',  ( -16.02499999999999858, 1.962496495633633274E-15, 12.50000000000000000 ) ) ;
#4599 = LINE ( 'NONE', #4698, #7102 ) ;
#4600 = ORIENTED_EDGE ( 'NONE', *, *, #2622, .F. ) ;
#4601 = DIRECTION ( 'NONE',  ( -0.02840083911570532790, 0.9995966148089558967, 0.000000000000000000 ) ) ;
#4602 = DIRECTION ( 'NONE',  ( 1.000000000000000000, 0.000000000000000000, 0.000000000000000000 ) ) ;
#4603 = EDGE_LOOP ( 'NONE', ( #1304, #7500, #8876, #1218, #3806, #367, #7096 ) ) ;
#4604 = ADVANCED_FACE ( 'NONE', ( #208 ), #6164, .F. ) ;
#4605 = ADVANCED_FACE ( 'NONE', ( #7989 ), #9447, .F. ) ;
#4606 = TOROIDAL_SURFACE ( 'NONE', #3349, 1.999999999999997780, 1.000000000000000000 ) ;
#4607 = CIRCLE ( 'NONE', #391, 0.9999999999999991118 ) ;
#4608 = CARTESIAN_POINT ( 'NONE',  ( 12.12638788439012316, 17.28134241211201072, 13.50000000000000000 ) ) ;
#4609 = CARTESIAN_POINT ( 'NONE',  ( 242.8340650800278979, 6.009993604223597075, 6.000000000000026645 ) ) ;
#4610 = CARTESIAN_POINT ( 'NONE',  ( 38.65102456598012992, -5.280000000000001137, 12.50000000000000000 ) ) ;
#4611 = CARTESIAN_POINT ( 'NONE',  ( 248.6777888845909388, 0.000000000000000000, 8.257165788677186313 ) ) ;
#4612 = VECTOR ( 'NONE', #2164, 1000.000000000000000 ) ;
#4613 = AXIS2_PLACEMENT_3D ( 'NONE', #1212, #6478, #6433 ) ;
#4614 = DIRECTION ( 'NONE',  ( -0.02558099814910921865, 0.9996727527214570586, 0.000000000000000000 ) ) ;
#4615 = ORIENTED_EDGE ( 'NONE', *, *, #1501, .F. ) ;
#4616 = ORIENTED_EDGE ( 'NONE', *, *, #3498, .T. ) ;
#4617 = EDGE_CURVE ( 'NONE', #433, #9641, #4892, .T. ) ;
#4618 = EDGE_LOOP ( 'NONE', ( #9649, #6756, #3898, #5600, #1625, #3225, #3971, #9249 ) ) ;
#4619 = CYLINDRICAL_SURFACE ( 'NONE', #2285, 16.02499999999998437 ) ;
#4620 = CARTESIAN_POINT ( 'NONE',  ( 95.34402321893358589, 6.334813977684523145, 12.50000000000000000 ) ) ;
#4621 = CARTESIAN_POINT ( 'NONE',  ( 103.8528180118699566, -11.48752005418247180, 12.49999999999999822 ) ) ;
#4622 = DIRECTION ( 'NONE',  ( -0.9995966148089557857, -0.02840083911570113334, 0.000000000000000000 ) ) ;
#4623 = ORIENTED_EDGE ( 'NONE', *, *, #1973, .T. ) ;
#4624 = ORIENTED_EDGE ( 'NONE', *, *, #1513, .T. ) ;
#4625 = ADVANCED_FACE ( 'NONE', ( #4910 ), #6136, .T. ) ;
#4626 = CIRCLE ( 'NONE', #3374, 4.000000000000003553 ) ;
#4627 = ORIENTED_EDGE ( 'NONE', *, *, #6353, .T. ) ;
#4628 = VERTEX_POINT ( 'NONE', #6423 ) ;
#4629 = DIRECTION ( 'NONE',  ( 1.000000000000000000, -8.673617379884027583E-16, 0.000000000000000000 ) ) ;
#4630 = VECTOR ( 'NONE', #4366, 1000.000000000000114 ) ;
#4631 = AXIS2_PLACEMENT_3D ( 'NONE', #8340, #6874, #5279 ) ;
#4632 = CARTESIAN_POINT ( 'NONE',  ( 224.4860312251130949, 0.000000000000000000, 1.000000000000026867 ) ) ;
#4633 = DIRECTION ( 'NONE',  ( 0.02840083911570149763, -0.9995966148089558967, 0.000000000000000000 ) ) ;
#4634 = AXIS2_PLACEMENT_3D ( 'NONE', #8480, #6135, #2411 ) ;
#4635 = LINE ( 'NONE', #2519, #9286 ) ;
#4636 = DIRECTION ( 'NONE',  ( 0.000000000000000000, 0.000000000000000000, 1.000000000000000000 ) ) ;
#4637 = CARTESIAN_POINT ( 'NONE',  ( 218.4760376208893717, -18.34803385491480654, 6.000000000000026645 ) ) ;
#4638 = AXIS2_PLACEMENT_3D ( 'NONE', #5529, #3176, #8510 ) ;
#4639 = DIRECTION ( 'NONE',  ( 0.000000000000000000, 0.000000000000000000, -1.000000000000000000 ) ) ;
#4640 = ORIENTED_EDGE ( 'NONE', *, *, #3830, .F. ) ;
#4641 = AXIS2_PLACEMENT_3D ( 'NONE', #3786, #8278, #5984 ) ;
#4642 = LINE ( 'NONE', #5519, #6051 ) ;
#4643 = ORIENTED_EDGE ( 'NONE', *, *, #9651, .F. ) ;
#4644 = ORIENTED_EDGE ( 'NONE', *, *, #7529, .T. ) ;
#4645 = ORIENTED_EDGE ( 'NONE', *, *, #4082, .F. ) ;
#4646 = AXIS2_PLACEMENT_3D ( 'NONE', #5282, #8787, #2134 ) ;
#4647 = VECTOR ( 'NONE', #2286, 1000.000000000000000 ) ;
#4648 = CARTESIAN_POINT ( 'NONE',  ( 39.36376681097576125, -26.26790124076723032, 12.50000000000000178 ) ) ;
#4649 = CARTESIAN_POINT ( 'NONE',  ( 181.0860312251130892, 11.10660171779823813, -13.50000000000000000 ) ) ;
#4650 = DIRECTION ( 'NONE',  ( -0.9995966148089557857, -0.02840083911570120273, 0.000000000000000000 ) ) ;
#4651 = ORIENTED_EDGE ( 'NONE', *, *, #1907, .F. ) ;
#4652 = CARTESIAN_POINT ( 'NONE',  ( 71.83651872848558639, -11.33994861284455169, 10.49999999999999645 ) ) ;
#4653 = CARTESIAN_POINT ( 'NONE',  ( 235.0926329429113650, 10.60660171779759509, 5.000000000000026645 ) ) ;
#4654 = ORIENTED_EDGE ( 'NONE', *, *, #1686, .T. ) ;
#4655 = EDGE_CURVE ( 'NONE', #9313, #3887, #5746, .T. ) ;
#4656 = CARTESIAN_POINT ( 'NONE',  ( 189.7360312251131234, -7.500000000000003553, -13.50000000000000000 ) ) ;
#4657 = CARTESIAN_POINT ( 'NONE',  ( 175.1284580146720202, -7.500000000000004441, 5.000000000000025757 ) ) ;
#4658 = SURFACE_SIDE_STYLE ('',( #7045 ) ) ;
#4659 = EDGE_CURVE ( 'NONE', #6881, #164, #4729, .T. ) ;
#4660 = EDGE_CURVE ( 'NONE', #7356, #6047, #8477, .T. ) ;
#4661 = EDGE_CURVE ( 'NONE', #4558, #6337, #8467, .T. ) ;
#4662 = DIRECTION ( 'NONE',  ( 0.9995966148089560077, 0.02840083911570150457, -0.000000000000000000 ) ) ;
#4663 = LINE ( 'NONE', #7449, #9061 ) ;
#4664 = CARTESIAN_POINT ( 'NONE',  ( 235.0926329429113650, 10.60660171779759509, -11.50000000000000000 ) ) ;
#4665 = EDGE_LOOP ( 'NONE', ( #4867, #1019, #5439, #9145 ) ) ;
#4666 = ORIENTED_EDGE ( 'NONE', *, *, #7285, .F. ) ;
#4667 = EDGE_CURVE ( 'NONE', #5329, #3847, #3950, .T. ) ;
#4668 = CARTESIAN_POINT ( 'NONE',  ( 199.5767690013860545, 7.500000000000000000, 9.214069223155650690 ) ) ;
#4669 = CARTESIAN_POINT ( 'NONE',  ( 230.4960248293367613, -18.34803385491477812, 7.000000000000026645 ) ) ;
#4670 = CARTESIAN_POINT ( 'NONE',  ( 202.7221404579577211, 10.94686151880782354, 7.929845947881808854 ) ) ;
#4671 = FACE_OUTER_BOUND ( 'NONE', #8464, .T. ) ;
#4672 = EDGE_CURVE ( 'NONE', #1203, #8877, #2213, .T. ) ;
#4673 = CARTESIAN_POINT ( 'NONE',  ( 223.1973391389971084, -14.45294176984342727, 7.000000000000026645 ) ) ;
#4674 = CARTESIAN_POINT ( 'NONE',  ( 102.3985390610481119, 4.515496080657490197, 10.51893818147499715 ) ) ;
#4675 = ORIENTED_EDGE ( 'NONE', *, *, #4001, .T. ) ;
#4676 = VERTEX_POINT ( 'NONE', #7161 ) ;
#4677 = VERTEX_POINT ( 'NONE', #1288 ) ;
#4678 = ORIENTED_EDGE ( 'NONE', *, *, #4739, .F. ) ;
#4679 = DIRECTION ( 'NONE',  ( 0.9995966148089557857, 0.02840083911570149416, -0.000000000000000000 ) ) ;
#4680 =( BOUNDED_CURVE ( )  B_SPLINE_CURVE ( 3, ( #625, #5129, #672, #9609 ),
 .UNSPECIFIED., .F., .T. ) 
 B_SPLINE_CURVE_WITH_KNOTS ( ( 4, 4 ),
 ( 4.712388980384689674, 6.283185307179584456 ),
 .UNSPECIFIED. ) 
 CURVE ( )  GEOMETRIC_REPRESENTATION_ITEM ( )  RATIONAL_B_SPLINE_CURVE ( ( 1.000000000000000000, 0.8047378541243649375, 0.8047378541243649375, 1.000000000000000000 ) ) 
 REPRESENTATION_ITEM ( '' )  );
#4681 = CARTESIAN_POINT ( 'NONE',  ( 101.8528180118699566, -11.48752005418247180, -13.50000000000000355 ) ) ;
#4682 = DIRECTION ( 'NONE',  ( 0.000000000000000000, 0.000000000000000000, -1.000000000000000000 ) ) ;
#4683 = EDGE_CURVE ( 'NONE', #5494, #161, #1240, .T. ) ;
#4684 = DIRECTION ( 'NONE',  ( 0.000000000000000000, -1.000000000000000000, 0.000000000000000000 ) ) ;
#4685 = CARTESIAN_POINT ( 'NONE',  ( 213.8794295073149101, 10.60660171779823457, -13.50000000000000000 ) ) ;
#4686 = FACE_OUTER_BOUND ( 'NONE', #3600, .T. ) ;
#4687 = PLANE ( 'NONE',  #1097 ) ;
#4688 = EDGE_LOOP ( 'NONE', ( #5362, #8256, #6065, #7672 ) ) ;
#4689 = CARTESIAN_POINT ( 'NONE',  ( 94.84875119120466991, -11.44380712627895136, 10.74260758778207503 ) ) ;
#4690 = ORIENTED_EDGE ( 'NONE', *, *, #8299, .T. ) ;
#4691 = VERTEX_POINT ( 'NONE', #5832 ) ;
#4692 = EDGE_LOOP ( 'NONE', ( #6551, #8829, #475, #2064 ) ) ;
#4693 = VECTOR ( 'NONE', #4329, 1000.000000000000227 ) ;
#4694 = LINE ( 'NONE', #6989, #846 ) ;
#4695 = CARTESIAN_POINT ( 'NONE',  ( 245.3956216264080865, 5.500000000000007994, 5.000000000000026645 ) ) ;
#4696 = DIRECTION ( 'NONE',  ( 1.000000000000000000, 0.000000000000000000, 0.000000000000000000 ) ) ;
#4697 = AXIS2_PLACEMENT_3D ( 'NONE', #4611, #2200, #8952 ) ;
#4698 = CARTESIAN_POINT ( 'NONE',  ( 65.38452561378061034, 4.483192189404533678, 12.49999999999999822 ) ) ;
#4699 = EDGE_LOOP ( 'NONE', ( #1692, #6072, #1561, #4275 ) ) ;
#4700 = CYLINDRICAL_SURFACE ( 'NONE', #5678, 1.000000000000000888 ) ;
#4701 = CARTESIAN_POINT ( 'NONE',  ( 132.4350913414224067, 3.655099671424614005, 11.50000000000000000 ) ) ;
#4702 = VERTEX_POINT ( 'NONE', #4226 ) ;
#4703 = DIRECTION ( 'NONE',  ( -0.9996727527214569475, -0.02558099814910959682, 0.000000000000000000 ) ) ;
#4704 = AXIS2_PLACEMENT_3D ( 'NONE', #2388, #8121, #3765 ) ;
#4705 = CARTESIAN_POINT ( 'NONE',  ( 102.8524146266789216, -11.45911921506676556, 10.49999999999999645 ) ) ;
#4706 = CARTESIAN_POINT ( 'NONE',  ( 39.32982670407120906, -25.26847737215926060, 12.50000000000000000 ) ) ;
#4707 = CARTESIAN_POINT ( 'NONE',  ( 171.6725763687509811, -7.500000000000000000, 3.328361554904754716 ) ) ;
#4708 = DIRECTION ( 'NONE',  ( -0.000000000000000000, -0.000000000000000000, 1.000000000000000000 ) ) ;
#4709 = ORIENTED_EDGE ( 'NONE', *, *, #8897, .T. ) ;
#4710 = CIRCLE ( 'NONE', #1580, 1.400000000000012346 ) ;
#4711 = ORIENTED_EDGE ( 'NONE', *, *, #2212, .T. ) ;
#4712 = DIRECTION ( 'NONE',  ( 0.9246144006497978296, -0.3809044632332565516, 0.000000000000000000 ) ) ;
#4713 = DIRECTION ( 'NONE',  ( -0.000000000000000000, -0.000000000000000000, -1.000000000000000000 ) ) ;
#4714 = AXIS2_PLACEMENT_3D ( 'NONE', #8658, #7151, #1374 ) ;
#4715 = CARTESIAN_POINT ( 'NONE',  ( 94.45041997868200667, 2.575867785027952106, 11.50000000000000000 ) ) ;
#4716 = EDGE_CURVE ( 'NONE', #9646, #4347, #7306, .T. ) ;
#4717 = EDGE_CURVE ( 'NONE', #7653, #1862, #7206, .T. ) ;
#4718 = DIRECTION ( 'NONE',  ( 1.224646799147353207E-16, -1.000000000000000000, 0.000000000000000000 ) ) ;
#4719 = CYLINDRICAL_SURFACE ( 'NONE', #9094, 12.00000000000000533 ) ;
#4720 = ORIENTED_EDGE ( 'NONE', *, *, #1686, .F. ) ;
#4721 = VERTEX_POINT ( 'NONE', #2793 ) ;
#4722 = AXIS2_PLACEMENT_3D ( 'NONE', #9327, #5615, #570 ) ;
#4723 = ORIENTED_EDGE ( 'NONE', *, *, #2918, .F. ) ;
#4724 = ORIENTED_EDGE ( 'NONE', *, *, #3034, .T. ) ;
#4725 = EDGE_CURVE ( 'NONE', #7490, #9426, #1762, .T. ) ;
#4726 = ADVANCED_FACE ( 'NONE', ( #5786 ), #1336, .F. ) ;
#4727 = DIRECTION ( 'NONE',  ( 1.000000000000000000, 0.000000000000000000, 0.000000000000000000 ) ) ;
#4728 = CARTESIAN_POINT ( 'NONE',  ( 0.000000000000000000, 0.000000000000000000, 1.499999999999999556 ) ) ;
#4729 = CIRCLE ( 'NONE', #3168, 16.02499999999999858 ) ;
#4730 = DIRECTION ( 'NONE',  ( 0.000000000000000000, -1.000000000000000000, 0.000000000000000000 ) ) ;
#4731 = DIRECTION ( 'NONE',  ( -1.000000000000000000, -0.000000000000000000, -0.000000000000000000 ) ) ;
#4732 = DIRECTION ( 'NONE',  ( -0.02840083911570149763, 0.9995966148089558967, 0.000000000000000000 ) ) ;
#4733 = DIRECTION ( 'NONE',  ( 0.9995966148089557857, 0.02840083911570113334, -0.000000000000000000 ) ) ;
#4734 = ORIENTED_EDGE ( 'NONE', *, *, #4887, .F. ) ;
#4735 = FACE_OUTER_BOUND ( 'NONE', #5792, .T. ) ;
#4736 = VERTEX_POINT ( 'NONE', #9582 ) ;
#4737 = ORIENTED_EDGE ( 'NONE', *, *, #5337, .T. ) ;
#4738 = ORIENTED_EDGE ( 'NONE', *, *, #6620, .T. ) ;
#4739 = EDGE_CURVE ( 'NONE', #1058, #2672, #9252, .T. ) ;
#4740 = EDGE_CURVE ( 'NONE', #4020, #7694, #2220, .T. ) ;
#4741 = AXIS2_PLACEMENT_3D ( 'NONE', #4515, #6800, #6703 ) ;
#4742 = CARTESIAN_POINT ( 'NONE',  ( 216.8880902843285128, -19.57731578793040939, 7.000000000000026645 ) ) ;
#4743 = B_SPLINE_CURVE_WITH_KNOTS ( 'NONE', 3,
 ( #4280, #1199, #1245, #7210, #506, #6470, #9450 ),
 .UNSPECIFIED., .F., .F.,
 ( 4, 3, 4 ),
 ( 0.000000000000000000, 0.001739533893230737560, 0.003479069244620866530 ),
 .UNSPECIFIED. ) ;
#4744 = DIRECTION ( 'NONE',  ( -1.000000000000000000, 0.000000000000000000, 0.000000000000000000 ) ) ;
#4745 = DIRECTION ( 'NONE',  ( 1.000000000000000000, 0.000000000000000000, 0.000000000000000000 ) ) ;
#4746 = DIRECTION ( 'NONE',  ( 0.000000000000000000, 0.000000000000000000, 1.000000000000000000 ) ) ;
#4747 = ORIENTED_EDGE ( 'NONE', *, *, #5167, .T. ) ;
#4748 = DIRECTION ( 'NONE',  ( 1.000000000000000000, 0.000000000000000000, 0.000000000000000000 ) ) ;
#4749 = DIRECTION ( 'NONE',  ( 1.000000000000000000, 0.000000000000000000, 0.000000000000000000 ) ) ;
#4750 = ORIENTED_EDGE ( 'NONE', *, *, #4304, .T. ) ;
#4751 = ADVANCED_FACE ( 'NONE', ( #691 ), #5245, .T. ) ;
#4752 = CARTESIAN_POINT ( 'NONE',  ( -1.541925553762553580, -19.94047305323153196, -13.50000000000000000 ) ) ;
#4753 = B_SPLINE_CURVE_WITH_KNOTS ( 'NONE', 3,
 ( #6585, #1950, #6491, #3562, #8748, #9474, #2777, #2085, #4940, #4163 ),
 .UNSPECIFIED., .F., .F.,
 ( 4, 2, 2, 2, 4 ),
 ( -1.176530799897155043E-05, 0.0006292938951512456157, 0.001270353098301462780, 0.001911412301451679945, 0.002552471504601896892 ),
 .UNSPECIFIED. ) ;
#4754 = CARTESIAN_POINT ( 'NONE',  ( 224.4860312251131234, 0.000000000000000000, 13.50000000000000000 ) ) ;
#4755 = AXIS2_PLACEMENT_3D ( 'NONE', #5524, #6932, #2386 ) ;
#4756 = LINE ( 'NONE', #8517, #8199 ) ;
#4757 = CARTESIAN_POINT ( 'NONE',  ( 153.3774285560844248, 5.982869416777329086, 12.50000000000000000 ) ) ;
#4758 = DIRECTION ( 'NONE',  ( 1.000000000000000000, 0.000000000000000000, 0.000000000000000000 ) ) ;
#4759 = ORIENTED_EDGE ( 'NONE', *, *, #4739, .T. ) ;
#4760 = ORIENTED_EDGE ( 'NONE', *, *, #7843, .F. ) ;
#4761 = AXIS2_PLACEMENT_3D ( 'NONE', #1987, #6386, #1110 ) ;
#4762 = VECTOR ( 'NONE', #4838, 1000.000000000000000 ) ;
#4763 = CARTESIAN_POINT ( 'NONE',  ( 72.86491956760129085, -12.33954522765350603, -13.50000000000000355 ) ) ;
#4764 = DIRECTION ( 'NONE',  ( 1.000000000000000000, 0.000000000000000000, 0.000000000000000000 ) ) ;
#4765 = CARTESIAN_POINT ( 'NONE',  ( 18.11266753297876875, 10.64642192662754105, 13.50000000000000000 ) ) ;
#4766 = AXIS2_PLACEMENT_3D ( 'NONE', #2371, #5367, #188 ) ;
#4767 = AXIS2_PLACEMENT_3D ( 'NONE', #5498, #7698, #5545 ) ;
#4768 = CARTESIAN_POINT ( 'NONE',  ( 95.82683748390053324, -10.65832847406772821, 10.49999999999999822 ) ) ;
#4769 = DIRECTION ( 'NONE',  ( -0.03394010690455087631, 0.9994238686079633949, 0.000000000000000000 ) ) ;
#4770 = ORIENTED_EDGE ( 'NONE', *, *, #245, .T. ) ;
#4771 = ORIENTED_EDGE ( 'NONE', *, *, #7897, .T. ) ;
#4772 = ORIENTED_EDGE ( 'NONE', *, *, #5611, .F. ) ;
#4773 = ORIENTED_EDGE ( 'NONE', *, *, #7760, .T. ) ;
#4774 = AXIS2_PLACEMENT_3D ( 'NONE', #9524, #7152, #1233 ) ;
#4775 = CIRCLE ( 'NONE', #555, 0.9999999999999998890 ) ;
#4776 = DIRECTION ( 'NONE',  ( -0.000000000000000000, -0.000000000000000000, 1.000000000000000000 ) ) ;
#4777 = LINE ( 'NONE', #7019, #5229 ) ;
#4778 = CARTESIAN_POINT ( 'NONE',  ( 209.4860312251131234, 0.000000000000000000, -13.50000000000000000 ) ) ;
#4779 = EDGE_CURVE ( 'NONE', #4127, #5361, #4415, .T. ) ;
#4780 = EDGE_CURVE ( 'NONE', #7167, #3767, #791, .T. ) ;
#4781 = CARTESIAN_POINT ( 'NONE',  ( 131.4147038694031266, 4.358454341422902445, -13.50000000000000355 ) ) ;
#4782 = CIRCLE ( 'NONE', #2424, 1.400000000000012346 ) ;
#4783 = DIRECTION ( 'NONE',  ( 1.000000000000000000, 0.000000000000000000, 0.000000000000000000 ) ) ;
#4784 = CARTESIAN_POINT ( 'NONE',  ( 65.92414155697892397, -14.50914349196562725, 12.49999999999999822 ) ) ;
#4785 = ORIENTED_EDGE ( 'NONE', *, *, #1681, .T. ) ;
#4786 = DIRECTION ( 'NONE',  ( 1.000000000000000000, 0.000000000000000000, 0.000000000000000000 ) ) ;
#4787 = ORIENTED_EDGE ( 'NONE', *, *, #7106, .T. ) ;
#4788 = ORIENTED_EDGE ( 'NONE', *, *, #8289, .T. ) ;
#4789 = EDGE_LOOP ( 'NONE', ( #130, #3599, #9171, #5135 ) ) ;
#4790 = AXIS2_PLACEMENT_3D ( 'NONE', #4532, #865, #3852 ) ;
#4791 = VECTOR ( 'NONE', #965, 1000.000000000000000 ) ;
#4792 = CARTESIAN_POINT ( 'NONE',  ( 183.7360312251131234, 5.500000000000000000, -13.50000000000000355 ) ) ;
#4793 = CIRCLE ( 'NONE', #7756, 1.400000000000012346 ) ;
#4794 = EDGE_CURVE ( 'NONE', #5763, #547, #5346, .T. ) ;
#4795 = DIRECTION ( 'NONE',  ( -0.000000000000000000, -0.000000000000000000, 1.000000000000000000 ) ) ;
#4796 = TOROIDAL_SURFACE ( 'NONE', #6041, 17.02499999999998082, 1.000000000000000000 ) ;
#4797 = TOROIDAL_SURFACE ( 'NONE', #1661, 313.0758497737027710, 1.000000000000000000 ) ;
#4798 = CARTESIAN_POINT ( 'NONE',  ( 231.4206392299866195, 17.96712939168154222, 7.000000000000026645 ) ) ;
#4799 = CARTESIAN_POINT ( 'NONE',  ( 205.3620922500426786, -18.70519895206584593, 11.94112991662008838 ) ) ;
#4800 = ORIENTED_EDGE ( 'NONE', *, *, #9014, .F. ) ;
#4801 = DIRECTION ( 'NONE',  ( 0.000000000000000000, 0.000000000000000000, 1.000000000000000000 ) ) ;
#4802 = CARTESIAN_POINT ( 'NONE',  ( 163.3742014745560880, 6.210076129702891023, 10.49999999999999645 ) ) ;
#4803 = ORIENTED_EDGE ( 'NONE', *, *, #2691, .F. ) ;
#4804 = PLANE ( 'NONE',  #7451 ) ;
#4805 = CIRCLE ( 'NONE', #8711, 1.000000000000000888 ) ;
#4806 = AXIS2_PLACEMENT_3D ( 'NONE', #2348, #7491, #5390 ) ;
#4807 = CARTESIAN_POINT ( 'NONE',  ( 95.88363916213189952, -12.65752170368563512, -13.50000000000000355 ) ) ;
#4808 = EDGE_CURVE ( 'NONE', #455, #9313, #7493, .T. ) ;
#4809 = DIRECTION ( 'NONE',  ( 0.000000000000000000, 0.000000000000000000, 1.000000000000000000 ) ) ;
#4810 = EDGE_LOOP ( 'NONE', ( #2937, #2858, #4600, #9012 ) ) ;
#4811 = CARTESIAN_POINT ( 'NONE',  ( 18.24801744325818120, 11.63721978784210265, 13.50000000000000178 ) ) ;
#4812 = CIRCLE ( 'NONE', #7776, 9.000000000000007105 ) ;
#4813 = DIRECTION ( 'NONE',  ( -0.000000000000000000, -0.000000000000000000, 1.000000000000000000 ) ) ;
#4814 = VERTEX_POINT ( 'NONE', #8173 ) ;
#4815 = ORIENTED_EDGE ( 'NONE', *, *, #8898, .F. ) ;
#4816 = LINE ( 'NONE', #4962, #3068 ) ;
#4817 = FACE_OUTER_BOUND ( 'NONE', #2815, .T. ) ;
#4818 = CARTESIAN_POINT ( 'NONE',  ( 18.24801744325818120, 11.63721978784210265, -13.50000000000000355 ) ) ;
#4819 = DIRECTION ( 'NONE',  ( 1.000000000000000000, 0.000000000000000000, 0.000000000000000000 ) ) ;
#4820 = FACE_BOUND ( 'NONE', #6954, .T. ) ;
#4821 = VERTEX_POINT ( 'NONE', #2892 ) ;
#4822 = ORIENTED_EDGE ( 'NONE', *, *, #6103, .F. ) ;
#4823 = ORIENTED_EDGE ( 'NONE', *, *, #4725, .T. ) ;
#4824 = VERTEX_POINT ( 'NONE', #2983 ) ;
#4825 = CARTESIAN_POINT ( 'NONE',  ( 217.5514232202396272, 17.96712939168153866, 7.000000000000026645 ) ) ;
#4826 = DIRECTION ( 'NONE',  ( -0.9995966148089557857, -0.02840083911570135539, 0.000000000000000000 ) ) ;
#4827 = DIRECTION ( 'NONE',  ( -1.000000000000000000, 0.000000000000000000, 0.000000000000000000 ) ) ;
#4828 = DIRECTION ( 'NONE',  ( -0.000000000000000000, -0.000000000000000000, -1.000000000000000000 ) ) ;
#4829 = DIRECTION ( 'NONE',  ( 0.000000000000000000, 0.000000000000000000, 1.000000000000000000 ) ) ;
#4830 = CARTESIAN_POINT ( 'NONE',  ( 224.4860312251131234, 0.000000000000000000, 11.12864468912638571 ) ) ;
#4831 = ORIENTED_EDGE ( 'NONE', *, *, #8010, .T. ) ;
#4832 = DIRECTION ( 'NONE',  ( -0.000000000000000000, -0.000000000000000000, -1.000000000000000000 ) ) ;
#4833 = EDGE_LOOP ( 'NONE', ( #8396, #6461, #1752, #9407 ) ) ;
#4834 = EDGE_LOOP ( 'NONE', ( #6675, #3802, #3051, #7964 ) ) ;
#4835 = VERTEX_POINT ( 'NONE', #2304 ) ;
#4836 = ADVANCED_FACE ( 'NONE', ( #8319 ), #1531, .T. ) ;
#4837 = EDGE_CURVE ( 'NONE', #6764, #2616, #5202, .T. ) ;
#4838 = DIRECTION ( 'NONE',  ( -0.000000000000000000, -0.000000000000000000, 1.000000000000000000 ) ) ;
#4839 = CARTESIAN_POINT ( 'NONE',  ( 175.1294046196302645, 7.500000000000000888, 5.000000000000027534 ) ) ;
#4840 = FACE_OUTER_BOUND ( 'NONE', #4699, .T. ) ;
#4841 = FACE_OUTER_BOUND ( 'NONE', #6310, .T. ) ;
#4842 = CYLINDRICAL_SURFACE ( 'NONE', #6660, 4.000000000000003553 ) ;
#4843 = ORIENTED_EDGE ( 'NONE', *, *, #2594, .T. ) ;
#4844 = CARTESIAN_POINT ( 'NONE',  ( 101.3984045860187422, 4.506025782760822551, 12.49999999999999822 ) ) ;
#4845 = CIRCLE ( 'NONE', #4379, 1.400000000000012346 ) ;
#4846 = CARTESIAN_POINT ( 'NONE',  ( 14.32287004515514184, -17.09591818738018176, -13.50000000000000355 ) ) ;
#4847 = EDGE_CURVE ( 'NONE', #4821, #3103, #1474, .T. ) ;
#4848 = ADVANCED_FACE ( 'NONE', ( #3087 ), #8949, .F. ) ;
#4849 = CARTESIAN_POINT ( 'NONE',  ( 124.7992710225534552, -9.276203395822403053, 11.50000000000000178 ) ) ;
#4850 = CARTESIAN_POINT ( 'NONE',  ( 161.8286149004072740, -9.783469707240403324, 11.50000000000000000 ) ) ;
#4851 = AXIS2_PLACEMENT_3D ( 'NONE', #1433, #3677, #4565 ) ;
#4852 = CARTESIAN_POINT ( 'NONE',  ( 0.01066711821078327078, -0.3754401484345915030, 10.49999999999999822 ) ) ;
#4853 = VERTEX_POINT ( 'NONE', #7587 ) ;
#4854 = CARTESIAN_POINT ( 'NONE',  ( 155.3766217857023264, 6.039671095008682045, -13.50000000000000355 ) ) ;
#4855 = CARTESIAN_POINT ( 'NONE',  ( 235.0926329429107113, -10.60660171779883321, -11.50000000000000000 ) ) ;
#4856 = ORIENTED_EDGE ( 'NONE', *, *, #7178, .F. ) ;
#4857 = VERTEX_POINT ( 'NONE', #5929 ) ;
#4858 = DIRECTION ( 'NONE',  ( -0.000000000000000000, -0.000000000000000000, 1.000000000000000000 ) ) ;
#4859 = VECTOR ( 'NONE', #5878, 1000.000000000000227 ) ;
#4860 = EDGE_CURVE ( 'NONE', #6283, #5763, #7214, .T. ) ;
#4861 = DIRECTION ( 'NONE',  ( 0.000000000000000000, 0.000000000000000000, -1.000000000000000000 ) ) ;
#4862 = DIRECTION ( 'NONE',  ( -0.3809044632332377889, 0.9246144006498056012, -0.000000000000000000 ) ) ;
#4863 = AXIS2_PLACEMENT_3D ( 'NONE', #4586, #1555, #6776 ) ;
#4864 = CARTESIAN_POINT ( 'NONE',  ( 171.2360312251131234, 3.999999999999996447, 3.000000000000025313 ) ) ;
#4865 = CARTESIAN_POINT ( 'NONE',  ( 189.7360312251131234, -6.499999999999999112, 5.000000000000026645 ) ) ;
#4866 = ORIENTED_EDGE ( 'NONE', *, *, #2516, .F. ) ;
#4867 = ORIENTED_EDGE ( 'NONE', *, *, #5586, .F. ) ;
#4868 = VERTEX_POINT ( 'NONE', #8269 ) ;
#4869 = EDGE_CURVE ( 'NONE', #357, #6600, #7394, .T. ) ;
#4870 = B_SPLINE_CURVE_WITH_KNOTS ( 'NONE', 3,
 ( #6598, #5922, #8994, #2834 ),
 .UNSPECIFIED., .F., .F.,
 ( 4, 4 ),
 ( 0.000000000000000000, 0.008290095560706096933 ),
 .UNSPECIFIED. ) ;
#4871 = CARTESIAN_POINT ( 'NONE',  ( 208.3461416589566966, -19.46869565195033402, 5.000000000000027534 ) ) ;
#4872 = DIRECTION ( 'NONE',  ( -0.000000000000000000, -0.000000000000000000, -1.000000000000000000 ) ) ;
#4873 = DIRECTION ( 'NONE',  ( -0.000000000000000000, -0.000000000000000000, 1.000000000000000000 ) ) ;
#4874 = DIRECTION ( 'NONE',  ( -0.000000000000000000, -0.000000000000000000, -1.000000000000000000 ) ) ;
#4875 = AXIS2_PLACEMENT_3D ( 'NONE', #9244, #2490, #2541 ) ;
#4876 = CARTESIAN_POINT ( 'NONE',  ( 171.7360312251131234, -3.499999999999999556, 5.000000000000026645 ) ) ;
#4877 = CARTESIAN_POINT ( 'NONE',  ( 154.8135320046141601, -9.352034734878353461, 11.08211762547725243 ) ) ;
#4878 = ORIENTED_EDGE ( 'NONE', *, *, #1247, .T. ) ;
#4879 = CARTESIAN_POINT ( 'NONE',  ( 171.7360312251131234, 7.500000000000001776, 3.375330474728936103 ) ) ;
#4880 = ORIENTED_EDGE ( 'NONE', *, *, #9032, .F. ) ;
#4881 = ORIENTED_EDGE ( 'NONE', *, *, #7216, .T. ) ;
#4882 = VERTEX_POINT ( 'NONE', #1574 ) ;
#4883 = CIRCLE ( 'NONE', #5819, 1.000000000000000888 ) ;
#4884 = AXIS2_PLACEMENT_3D ( 'NONE', #2252, #9057, #5199 ) ;
#4885 = CARTESIAN_POINT ( 'NONE',  ( 209.4860312251131234, 0.000000000000000000, 5.000000000000026645 ) ) ;
#4886 = CARTESIAN_POINT ( 'NONE',  ( 207.0570069693434618, -18.81289837977907808, 8.257165788677182761 ) ) ;
#4887 = EDGE_CURVE ( 'NONE', #9451, #7995, #5181, .T. ) ;
#4888 = CARTESIAN_POINT ( 'NONE',  ( 189.7360312251131234, 7.500000000000000888, 5.000000000000026645 ) ) ;
#4889 = CARTESIAN_POINT ( 'NONE',  ( 38.65102456598012992, -5.280000000000001137, -6.500000000000000000 ) ) ;
#4890 = EDGE_CURVE ( 'NONE', #2477, #8875, #6657, .T. ) ;
#4891 = DIRECTION ( 'NONE',  ( -0.02840083911569927372, 0.9995966148089558967, 0.000000000000000000 ) ) ;
#4892 = CIRCLE ( 'NONE', #669, 2.000000000000001776 ) ;
#4893 = B_SPLINE_CURVE_WITH_KNOTS ( 'NONE', 3,
 ( #3416, #386, #4989, #3559, #6400, #3460, #6443, #7924 ),
 .UNSPECIFIED., .F., .F.,
 ( 4, 2, 2, 4 ),
 ( 1.734723475976807094E-18, 0.0003905789494647515445, 0.0007811578989295013542, 0.001562315797859003142 ),
 .UNSPECIFIED. ) ;
#4894 = CARTESIAN_POINT ( 'NONE',  ( 101.8528180118699566, -11.48752005418247180, 12.49999999999999822 ) ) ;
#4895 = EDGE_LOOP ( 'NONE', ( #9263, #4480, #3363, #1390 ) ) ;
#4896 = CARTESIAN_POINT ( 'NONE',  ( 131.4147038694031266, 4.358454341422902445, 10.49999999999999645 ) ) ;
#4897 = CARTESIAN_POINT ( 'NONE',  ( 218.4836391252949284, -20.99999999999999289, 5.000000000000023981 ) ) ;
#4898 = EDGE_CURVE ( 'NONE', #4433, #8335, #4253, .T. ) ;
#4899 = CYLINDRICAL_SURFACE ( 'NONE', #806, 7.499999999999978684 ) ;
#4900 = FACE_OUTER_BOUND ( 'NONE', #5114, .T. ) ;
#4901 = CARTESIAN_POINT ( 'NONE',  ( 161.4026023136717924, 5.210479514893935793, 10.49999999999999645 ) ) ;
#4902 = EDGE_LOOP ( 'NONE', ( #4880, #5623, #8229, #1739, #7157, #4139, #7673, #3129, #9419, #4624, #9440, #1369 ) ) ;
#4903 = PLANE ( 'NONE',  #174 ) ;
#4904 = EDGE_CURVE ( 'NONE', #5763, #653, #5782, .T. ) ;
#4905 = EDGE_CURVE ( 'NONE', #9118, #1219, #7735, .T. ) ;
#4906 = LINE ( 'NONE', #2697, #8990 ) ;
#4907 = ORIENTED_EDGE ( 'NONE', *, *, #9019, .F. ) ;
#4908 = ORIENTED_EDGE ( 'NONE', *, *, #5264, .T. ) ;
#4909 = CARTESIAN_POINT ( 'NONE',  ( 125.8147359281691706, -9.806303300596692196, -13.50000000000000355 ) ) ;
#4910 = FACE_OUTER_BOUND ( 'NONE', #1492, .T. ) ;
#4911 = DIRECTION ( 'NONE',  ( 0.000000000000000000, -1.000000000000000000, 0.000000000000000000 ) ) ;
#4913 = EDGE_CURVE ( 'NONE', #907, #5727, #7001, .T. ) ;
#4912 = DIRECTION ( 'NONE',  ( -0.000000000000000000, -0.000000000000000000, -1.000000000000000000 ) ) ;
#4914 = AXIS2_PLACEMENT_3D ( 'NONE', #7481, #9042, #2182 ) ;
#4915 = AXIS2_PLACEMENT_3D ( 'NONE', #38, #718, #3703 ) ;
#4916 = LINE ( 'NONE', #366, #360 ) ;
#4917 = EDGE_LOOP ( 'NONE', ( #1161, #927, #8138, #8497 ) ) ;
#4918 = EDGE_LOOP ( 'NONE', ( #8452, #2952, #8841, #9291 ) ) ;
#4919 = VERTEX_POINT ( 'NONE', #1132 ) ;
#4920 = AXIS2_PLACEMENT_3D ( 'NONE', #9176, #3949, #963 ) ;
#4921 = AXIS2_PLACEMENT_3D ( 'NONE', #4844, #8752, #1274 ) ;
#4922 = CARTESIAN_POINT ( 'NONE',  ( 201.7983992903405408, -7.329782906069684856, 7.275207253977342248 ) ) ;
#4923 = CYLINDRICAL_SURFACE ( 'NONE', #2250, 1.000000000000000888 ) ;
#4924 = LINE ( 'NONE', #1789, #6170 ) ;
#4926 = EDGE_CURVE ( 'NONE', #9173, #1883, #7525, .T. ) ;
#4925 = LINE ( 'NONE', #9414, #4177 ) ;
#4927 = ADVANCED_FACE ( 'NONE', ( #5488 ), #4119, .F. ) ;
#4928 = CARTESIAN_POINT ( 'NONE',  ( 245.3956216264080865, 0.000000000000000000, 5.000000000000026645 ) ) ;
#4929 = CARTESIAN_POINT ( 'NONE',  ( 93.40163166754707902, 4.278819069835242850, 12.50000000000000000 ) ) ;
#4930 = ORIENTED_EDGE ( 'NONE', *, *, #4837, .T. ) ;
#4931 = VECTOR ( 'NONE', #4031, 1000.000000000000000 ) ;
#4932 = CARTESIAN_POINT ( 'NONE',  ( 209.8794295073149101, 10.60660171779823457, -13.50000000000000000 ) ) ;
#4933 = ORIENTED_EDGE ( 'NONE', *, *, #6831, .F. ) ;
#4934 = EDGE_LOOP ( 'NONE', ( #9038, #889, #6979, #9192 ) ) ;
#4935 = ORIENTED_EDGE ( 'NONE', *, *, #4716, .F. ) ;
#4936 = DIRECTION ( 'NONE',  ( -0.02840083911570135886, 0.9995966148089558967, 0.000000000000000000 ) ) ;
#4937 = DIRECTION ( 'NONE',  ( -0.000000000000000000, -0.000000000000000000, -1.000000000000000000 ) ) ;
#4938 = CIRCLE ( 'NONE', #5406, 1.000000000000000888 ) ;
#4939 = LINE ( 'NONE', #5035, #878 ) ;
#4940 = CARTESIAN_POINT ( 'NONE',  ( 203.7450614102263557, -20.15312379269722598, 13.49999999999999822 ) ) ;
#4941 = CARTESIAN_POINT ( 'NONE',  ( 14.32287004515514184, -17.09591818738018176, 13.50000000000000178 ) ) ;
#4942 = TOROIDAL_SURFACE ( 'NONE', #6186, 1.999999999999997780, 1.000000000000000000 ) ;
#4943 = DIRECTION ( 'NONE',  ( -0.9995966148089557857, -0.02840083911570171274, 0.000000000000000000 ) ) ;
#4944 = ORIENTED_EDGE ( 'NONE', *, *, #2564, .F. ) ;
#4945 = CARTESIAN_POINT ( 'NONE',  ( 102.3980012008277356, 4.534426621876530561, 11.50000000000000000 ) ) ;
#4946 = VECTOR ( 'NONE', #1364, 1000.000000000000000 ) ;
#4947 = DIRECTION ( 'NONE',  ( -0.000000000000000000, -0.000000000000000000, 1.000000000000000000 ) ) ;
#4948 = VECTOR ( 'NONE', #2538, 1000.000000000000000 ) ;
#4949 = DIRECTION ( 'NONE',  ( 0.9811714075841061478, -0.1931389886569361003, 0.000000000000000000 ) ) ;
#4950 = AXIS2_PLACEMENT_3D ( 'NONE', #5602, #9251, #7055 ) ;
#4951 = CIRCLE ( 'NONE', #6819, 0.9999999999999885647 ) ;
#4952 = CARTESIAN_POINT ( 'NONE',  ( 38.65102456598012992, -5.280000000000001137, 6.500000000000000000 ) ) ;
#4953 = DIRECTION ( 'NONE',  ( 0.9995966148089558967, 0.02840083911569927372, 0.000000000000000000 ) ) ;
#4954 = AXIS2_PLACEMENT_3D ( 'NONE', #7765, #9223, #3904 ) ;
#4955 = ORIENTED_EDGE ( 'NONE', *, *, #2318, .T. ) ;
#4956 = DIRECTION ( 'NONE',  ( 0.000000000000000000, 0.000000000000000000, 1.000000000000000000 ) ) ;
#4957 = DIRECTION ( 'NONE',  ( -1.000000000000000000, 0.000000000000000000, 0.000000000000000000 ) ) ;
#4958 = ORIENTED_EDGE ( 'NONE', *, *, #4435, .F. ) ;
#4959 = AXIS2_PLACEMENT_3D ( 'NONE', #888, #3272, #2346 ) ;
#4960 = ORIENTED_EDGE ( 'NONE', *, *, #7335, .T. ) ;
#4961 = VECTOR ( 'NONE', #1529, 1000.000000000000000 ) ;
#4962 = CARTESIAN_POINT ( 'NONE',  ( 194.4860312251130949, -21.00000000000000000, 5.000000000000026645 ) ) ;
#4963 = AXIS2_PLACEMENT_3D ( 'NONE', #137, #3100, #3893 ) ;
#4964 = EDGE_CURVE ( 'NONE', #179, #2035, #305, .T. ) ;
#4965 = EDGE_CURVE ( 'NONE', #197, #7653, #7059, .T. ) ;
#4966 = DIRECTION ( 'NONE',  ( 1.000000000000000000, 0.000000000000000000, 0.000000000000000000 ) ) ;
#4967 = CARTESIAN_POINT ( 'NONE',  ( 244.0633470130434830, -7.597940940784642549, 5.000000000000026645 ) ) ;
#4968 = VECTOR ( 'NONE', #5668, 1000.000000000000000 ) ;
#4969 = CARTESIAN_POINT ( 'NONE',  ( 155.3482209465866219, 7.039267709817637275, 12.49999999999999822 ) ) ;
#4970 = FACE_BOUND ( 'NONE', #461, .T. ) ;
#4971 = EDGE_CURVE ( 'NONE', #335, #5451, #31, .T. ) ;
#4972 = ORIENTED_EDGE ( 'NONE', *, *, #3095, .F. ) ;
#4973 = ORIENTED_EDGE ( 'NONE', *, *, #5153, .F. ) ;
#4974 = ORIENTED_EDGE ( 'NONE', *, *, #4661, .F. ) ;
#4975 = ADVANCED_FACE ( 'NONE', ( #259 ), #8371, .F. ) ;
#4976 = DIRECTION ( 'NONE',  ( 0.000000000000000000, 0.000000000000000000, 1.000000000000000000 ) ) ;
#4977 = AXIS2_PLACEMENT_3D ( 'NONE', #6096, #3946, #228 ) ;
#4978 = FACE_OUTER_BOUND ( 'NONE', #2600, .T. ) ;
#4979 = CARTESIAN_POINT ( 'NONE',  ( 153.3774285560844248, 5.982869416777329086, 12.50000000000000000 ) ) ;
#4980 = ADVANCED_FACE ( 'NONE', ( #7688 ), #1675, .T. ) ;
#4981 = LINE ( 'NONE', #8004, #5505 ) ;
#4982 = ORIENTED_EDGE ( 'NONE', *, *, #5265, .F. ) ;
#4983 = ORIENTED_EDGE ( 'NONE', *, *, #2369, .T. ) ;
#4984 = EDGE_LOOP ( 'NONE', ( #2266, #782, #7429, #8554, #5028 ) ) ;
#4985 = EDGE_LOOP ( 'NONE', ( #2896, #3072, #4247, #6688 ) ) ;
#4986 = EDGE_LOOP ( 'NONE', ( #2953, #6564, #5556, #5932 ) ) ;
#4987 = EDGE_CURVE ( 'NONE', #2445, #3499, #988, .T. ) ;
#4988 = DIRECTION ( 'NONE',  ( 0.000000000000000000, 0.000000000000000000, 1.000000000000000000 ) ) ;
#4989 = CARTESIAN_POINT ( 'NONE',  ( 216.8781900604932105, 19.60134777078021528, 5.738341963335465756 ) ) ;
#4990 = DIRECTION ( 'NONE',  ( 0.000000000000000000, 0.000000000000000000, 1.000000000000000000 ) ) ;
#4991 = DIRECTION ( 'NONE',  ( -0.000000000000000000, -0.000000000000000000, -1.000000000000000000 ) ) ;
#4992 = CARTESIAN_POINT ( 'NONE',  ( 205.5051155228661628, -18.85006500651983785, 11.53756271139083545 ) ) ;
#4993 = DIRECTION ( 'NONE',  ( 1.000000000000000000, 0.000000000000000000, 0.000000000000000000 ) ) ;
#4994 = ORIENTED_EDGE ( 'NONE', *, *, #5444, .F. ) ;
#4995 = DIRECTION ( 'NONE',  ( 1.000000000000000000, 0.000000000000000000, 0.000000000000000000 ) ) ;
#4996 = MANIFOLD_SOLID_BREP ( 'Fillet9', #6359 ) ;
#4997 = CYLINDRICAL_SURFACE ( 'NONE', #6713, 4.000000000000003553 ) ;
#4998 = DIRECTION ( 'NONE',  ( -0.000000000000000000, -0.000000000000000000, 1.000000000000000000 ) ) ;
#4999 =( BOUNDED_CURVE ( )  B_SPLINE_CURVE ( 3, ( #9034, #673, #5327, #5175 ),
 .UNSPECIFIED., .F., .F. ) 
 B_SPLINE_CURVE_WITH_KNOTS ( ( 4, 4 ),
 ( 4.712388980384688786, 6.283185307179586232 ),
 .UNSPECIFIED. ) 
 CURVE ( )  GEOMETRIC_REPRESENTATION_ITEM ( )  RATIONAL_B_SPLINE_CURVE ( ( 1.000000000000000000, 0.8047378541243648264, 0.8047378541243648264, 1.000000000000000000 ) ) 
 REPRESENTATION_ITEM ( '' )  );
#5000 = CARTESIAN_POINT ( 'NONE',  ( 224.4860312251130949, 15.00000000000000000, 13.50000000000000000 ) ) ;
#5001 = CARTESIAN_POINT ( 'NONE',  ( 237.2426329429106886, -10.60660171779883321, -13.50000000000000000 ) ) ;
#5002 = DIRECTION ( 'NONE',  ( 0.000000000000000000, 0.000000000000000000, -1.000000000000000000 ) ) ;
#5003 = VECTOR ( 'NONE', #7622, 1000.000000000000000 ) ;
#5004 = DIRECTION ( 'NONE',  ( -0.000000000000000000, -0.000000000000000000, 1.000000000000000000 ) ) ;
#5005 = VERTEX_POINT ( 'NONE', #3426 ) ;
#5006 = ORIENTED_EDGE ( 'NONE', *, *, #1809, .F. ) ;
#5007 = CARTESIAN_POINT ( 'NONE',  ( 65.44132729201200505, 2.483998959786623661, -13.50000000000000355 ) ) ;
#5008 = AXIS2_PLACEMENT_3D ( 'NONE', #8904, #2353, #5198 ) ;
#5009 = CARTESIAN_POINT ( 'NONE',  ( 64.46252153441332666, 1.723842611556918536, 11.50000000000000000 ) ) ;
#5010 = CARTESIAN_POINT ( 'NONE',  ( 194.4690562817620219, -20.00000000000000000, -13.50000000000000000 ) ) ;
#5011 = VECTOR ( 'NONE', #4488, 1000.000000000000000 ) ;
#5012 = DIRECTION ( 'NONE',  ( -1.000000000000000000, 0.000000000000000000, 0.000000000000000000 ) ) ;
#5013 = ORIENTED_EDGE ( 'NONE', *, *, #6690, .F. ) ;
#5014 = EDGE_CURVE ( 'NONE', #7442, #8353, #2199, .T. ) ;
#5015 = AXIS2_PLACEMENT_3D ( 'NONE', #250, #7824, #4745 ) ;
#5016 = ORIENTED_EDGE ( 'NONE', *, *, #364, .T. ) ;
#5017 = ORIENTED_EDGE ( 'NONE', *, *, #6993, .F. ) ;
#5018 = CARTESIAN_POINT ( 'NONE',  ( 71.89332040671699531, -13.33914184246246037, -13.50000000000000355 ) ) ;
#5019 = CIRCLE ( 'NONE', #5487, 1.000000000000000888 ) ;
#5020 = CARTESIAN_POINT ( 'NONE',  ( 18.11266753297876875, 10.64642192662754105, -13.50000000000000355 ) ) ;
#5021 = DIRECTION ( 'NONE',  ( 1.000000000000000000, 0.000000000000000000, 0.000000000000000000 ) ) ;
#5022 = CARTESIAN_POINT ( 'NONE',  ( 225.8860312251131006, 15.00000000000000000, 13.50000000000000000 ) ) ;
#5023 = PLANE ( 'NONE',  #5664 ) ;
#5024 = ORIENTED_EDGE ( 'NONE', *, *, #5292, .T. ) ;
#5025 = EDGE_CURVE ( 'NONE', #2928, #8730, #6456, .T. ) ;
#5026 = ORIENTED_EDGE ( 'NONE', *, *, #9151, .T. ) ;
#5027 = ADVANCED_FACE ( 'NONE', ( #6412 ), #6126, .T. ) ;
#5028 = ORIENTED_EDGE ( 'NONE', *, *, #5552, .F. ) ;
#5029 = ORIENTED_EDGE ( 'NONE', *, *, #8025, .F. ) ;
#5030 = AXIS2_PLACEMENT_3D ( 'NONE', #4876, #4289, #1159 ) ;
#5031 = EDGE_CURVE ( 'NONE', #2816, #9230, #4409, .T. ) ;
#5032 = DIRECTION ( 'NONE',  ( 0.000000000000000000, 0.000000000000000000, -1.000000000000000000 ) ) ;
#5033 = DIRECTION ( 'NONE',  ( -0.000000000000000000, -0.000000000000000000, 1.000000000000000000 ) ) ;
#5034 = CIRCLE ( 'NONE', #6277, 6.499999999999977796 ) ;
#5035 = CARTESIAN_POINT ( 'NONE',  ( 171.7360312251131234, 7.500000000000000000, 5.000000000000026645 ) ) ;
#5036 = FACE_OUTER_BOUND ( 'NONE', #857, .T. ) ;
#5037 = LINE ( 'NONE', #3563, #2173 ) ;
#5038 = EDGE_CURVE ( 'NONE', #5633, #2660, #7686, .T. ) ;
#5039 = CARTESIAN_POINT ( 'NONE',  ( 213.8794295073142848, -10.60660171779819372, -13.50000000000000000 ) ) ;
#5040 = ORIENTED_EDGE ( 'NONE', *, *, #656, .T. ) ;
#5041 = CARTESIAN_POINT ( 'NONE',  ( 207.7602606798362501, 20.15186252803142963, 5.000000000000025757 ) ) ;
#5042 = VECTOR ( 'NONE', #2997, 1000.000000000000000 ) ;
#5043 = DIRECTION ( 'NONE',  ( 1.000000000000000000, 0.000000000000000000, 0.000000000000000000 ) ) ;
#5044 = DIRECTION ( 'NONE',  ( 0.9994238686079632838, 0.03394010690455372820, -0.000000000000000000 ) ) ;
#5045 = CARTESIAN_POINT ( 'NONE',  ( 198.8089500046939975, 7.500000000000000000, 11.12864468912638571 ) ) ;
#5046 = CARTESIAN_POINT ( 'NONE',  ( 211.7294295073149328, 10.60660171779823457, -13.50000000000000000 ) ) ;
#5047 = AXIS2_PLACEMENT_3D ( 'NONE', #2706, #7062, #7993 ) ;
#5048 = DIRECTION ( 'NONE',  ( 1.000000000000000000, -3.209238430557089969E-14, 0.000000000000000000 ) ) ;
#5049 = EDGE_CURVE ( 'NONE', #2560, #5451, #5685, .T. ) ;
#5050 = DIRECTION ( 'NONE',  ( -0.02840083911570534872, 0.9995966148089557857, 0.000000000000000000 ) ) ;
#5051 = ORIENTED_EDGE ( 'NONE', *, *, #4435, .T. ) ;
#5052 = ORIENTED_EDGE ( 'NONE', *, *, #7200, .F. ) ;
#5053 = LINE ( 'NONE', #2938, #5262 ) ;
#5054 = CARTESIAN_POINT ( 'NONE',  ( 102.8524146266789216, -11.45911921506676556, 11.50000000000000000 ) ) ;
#5055 = CARTESIAN_POINT ( 'NONE',  ( 224.7650582905124566, -13.62135472538030179, 6.708815102044178857 ) ) ;
#5056 = DIRECTION ( 'NONE',  ( -0.03394010690455433882, 0.9994238686079632838, 0.000000000000000000 ) ) ;
#5057 = ORIENTED_EDGE ( 'NONE', *, *, #3761, .T. ) ;
#5058 = ORIENTED_EDGE ( 'NONE', *, *, #6171, .F. ) ;
#5059 = ORIENTED_EDGE ( 'NONE', *, *, #1271, .T. ) ;
#5060 = CARTESIAN_POINT ( 'NONE',  ( 203.6647949474356665, -10.47272257615288105, 4.999999999999976019 ) ) ;
#5061 = FACE_BOUND ( 'NONE', #7916, .T. ) ;
#5062 = AXIS2_PLACEMENT_3D ( 'NONE', #7334, #6068, #5182 ) ;
#5063 = CIRCLE ( 'NONE', #8339, 0.9999999999999998890 ) ;
#5064 = DIRECTION ( 'NONE',  ( 0.9995966148089557857, 0.02840083911570533484, -1.231690058786359577E-17 ) ) ;
#5065 = FACE_OUTER_BOUND ( 'NONE', #5191, .T. ) ;
#5066 = CARTESIAN_POINT ( 'NONE',  ( 235.0926329429113650, 10.60660171779759509, -11.50000000000000000 ) ) ;
#5067 = VERTEX_POINT ( 'NONE', #2783 ) ;
#5068 = ORIENTED_EDGE ( 'NONE', *, *, #358, .T. ) ;
#5069 = ORIENTED_EDGE ( 'NONE', *, *, #2871, .F. ) ;
#5070 = VERTEX_POINT ( 'NONE', #5775 ) ;
#5071 = AXIS2_PLACEMENT_3D ( 'NONE', #1646, #9221, #1698 ) ;
#5072 = CIRCLE ( 'NONE', #3983, 1.000000000000000888 ) ;
#5073 = TOROIDAL_SURFACE ( 'NONE', #4143, 6.499999999999989342, 1.000000000000000000 ) ;
#5074 = EDGE_CURVE ( 'NONE', #2400, #3782, #4564, .T. ) ;
#5075 = LINE ( 'NONE', #5719, #6033 ) ;
#5076 = EDGE_CURVE ( 'NONE', #795, #8767, #8147, .T. ) ;
#5077 = PLANE ( 'NONE',  #2878 ) ;
#5078 = CARTESIAN_POINT ( 'NONE',  ( 198.8406548077486491, -7.607901111536028438, 12.16166834448267053 ) ) ;
#5079 = DIRECTION ( 'NONE',  ( -0.9995966148089560077, -0.02840083911570120967, 0.000000000000000000 ) ) ;
#5080 = CIRCLE ( 'NONE', #3044, 312.0758497737028279 ) ;
#5081 = DIRECTION ( 'NONE',  ( -0.000000000000000000, -0.000000000000000000, 1.000000000000000000 ) ) ;
#5082 = DIRECTION ( 'NONE',  ( 1.000000000000000000, 0.000000000000000000, 0.000000000000000000 ) ) ;
#5083 = ORIENTED_EDGE ( 'NONE', *, *, #657, .T. ) ;
#5085 = EDGE_CURVE ( 'NONE', #2951, #1491, #3935, .T. ) ;
#5084 = CARTESIAN_POINT ( 'NONE',  ( 224.4860312251131234, 20.82391286593089674, 5.000000000000026645 ) ) ;
#5086 = EDGE_LOOP ( 'NONE', ( #8070, #5942, #7966 ) ) ;
#5087 = ORIENTED_EDGE ( 'NONE', *, *, #8422, .T. ) ;
#5088 = AXIS2_PLACEMENT_3D ( 'NONE', #7153, #451, #1960 ) ;
#5089 = ADVANCED_FACE ( 'NONE', ( #8755 ), #8076, .F. ) ;
#5090 = DIRECTION ( 'NONE',  ( 1.000000000000000000, 0.000000000000000000, 0.000000000000000000 ) ) ;
#5091 = LINE ( 'NONE', #1911, #7109 ) ;
#5092 = DIRECTION ( 'NONE',  ( -0.02840083911569145358, 0.9995966148089561187, 0.000000000000000000 ) ) ;
#5093 = CARTESIAN_POINT ( 'NONE',  ( 207.1573246576184317, 17.61977723315602518, 8.257165788677186313 ) ) ;
#5094 = DIRECTION ( 'NONE',  ( 0.000000000000000000, 0.000000000000000000, 1.000000000000000000 ) ) ;
#5095 = AXIS2_PLACEMENT_3D ( 'NONE', #1946, #4162, #2680 ) ;
#5096 = DIRECTION ( 'NONE',  ( -1.000000000000000000, 0.000000000000000000, 0.000000000000000000 ) ) ;
#5097 = VERTEX_POINT ( 'NONE', #9347 ) ;
#5098 = EDGE_LOOP ( 'NONE', ( #5272, #559, #9530, #380 ) ) ;
#5099 = B_SPLINE_CURVE_WITH_KNOTS ( 'NONE', 3,
 ( #8080, #7242, #3476, #4179, #4362, #2011 ),
 .UNSPECIFIED., .F., .F.,
 ( 4, 2, 4 ),
 ( 1.734723475976807094E-18, 0.001355000272811385546, 0.002710000545622769357 ),
 .UNSPECIFIED. ) ;
#5100 = CARTESIAN_POINT ( 'NONE',  ( 0.000000000000000000, 0.000000000000000000, 2.499999999999999556 ) ) ;
#5101 = AXIS2_PLACEMENT_3D ( 'NONE', #9575, #1570, #5970 ) ;
#5102 = AXIS2_PLACEMENT_3D ( 'NONE', #8097, #9546, #1394 ) ;
#5103 = DIRECTION ( 'NONE',  ( 1.000000000000000000, 0.000000000000000000, 0.000000000000000000 ) ) ;
#5104 = EDGE_CURVE ( 'NONE', #6203, #5568, #2049, .T. ) ;
#5105 = DIRECTION ( 'NONE',  ( -1.000000000000000000, 0.000000000000000000, 0.000000000000000000 ) ) ;
#5106 = CIRCLE ( 'NONE', #7600, 1.400000000000012346 ) ;
#5107 = CARTESIAN_POINT ( 'NONE',  ( 235.0926329429107113, -10.60660171779883321, -13.50000000000000000 ) ) ;
#5108 = AXIS2_PLACEMENT_3D ( 'NONE', #4894, #7827, #2730 ) ;
#5109 = VECTOR ( 'NONE', #641, 1000.000000000000114 ) ;
#5110 = DIRECTION ( 'NONE',  ( -0.000000000000000000, -0.000000000000000000, 1.000000000000000000 ) ) ;
#5111 = ORIENTED_EDGE ( 'NONE', *, *, #3223, .T. ) ;
#5112 = EDGE_LOOP ( 'NONE', ( #5473, #1589, #7132, #4958 ) ) ;
#5113 = AXIS2_PLACEMENT_3D ( 'NONE', #8281, #911, #802 ) ;
#5114 = EDGE_LOOP ( 'NONE', ( #8300, #5125 ) ) ;
#5115 = CIRCLE ( 'NONE', #902, 1.000000000000005995 ) ;
#5116 = LINE ( 'NONE', #5018, #8372 ) ;
#5117 = FACE_BOUND ( 'NONE', #3409, .T. ) ;
#5118 = B_SPLINE_CURVE_WITH_KNOTS ( 'NONE', 3,
 ( #4886, #1122, #4109, #3007, #5997, #36, #5172, #1361, #2958, #6581, #1550, #1406 ),
 .UNSPECIFIED., .F., .F.,
 ( 4, 2, 2, 2, 2, 4 ),
 ( 0.000000000000000000, 0.0007194546266518387235, 0.001079181939977763181, 0.001438909253303687638, 0.002158363879955518122, 0.002877818506607348389 ),
 .UNSPECIFIED. ) ;
#5119 = DIRECTION ( 'NONE',  ( 1.000000000000000000, 0.000000000000000000, 0.000000000000000000 ) ) ;
#5120 = DIRECTION ( 'NONE',  ( -0.000000000000000000, -0.000000000000000000, -1.000000000000000000 ) ) ;
#5121 = FACE_OUTER_BOUND ( 'NONE', #8680, .T. ) ;
#5122 = EDGE_LOOP ( 'NONE', ( #4064, #6930, #8204, #7986 ) ) ;
#5123 = VERTEX_POINT ( 'NONE', #8023 ) ;
#5124 = ORIENTED_EDGE ( 'NONE', *, *, #6674, .F. ) ;
#5125 = ORIENTED_EDGE ( 'NONE', *, *, #649, .T. ) ;
#5126 = DIRECTION ( 'NONE',  ( 0.000000000000000000, 0.000000000000000000, 1.000000000000000000 ) ) ;
#5127 = CARTESIAN_POINT ( 'NONE',  ( 239.0926329429107113, -10.60660171779883321, -11.50000000000000000 ) ) ;
#5128 = CARTESIAN_POINT ( 'NONE',  ( 155.3198201074709175, 8.038864324626592506, 12.50000000000000000 ) ) ;
#5129 = CARTESIAN_POINT ( 'NONE',  ( 194.4789999733567356, -20.58578643762690774, 13.50000000000000178 ) ) ;
#5130 = CARTESIAN_POINT ( 'NONE',  ( 189.7360312251131234, -6.499999999999999112, -13.50000000000000355 ) ) ;
#5131 = CARTESIAN_POINT ( 'NONE',  ( 216.0294295073149158, 10.60660171779823457, -13.50000000000000000 ) ) ;
#5132 = ORIENTED_EDGE ( 'NONE', *, *, #9570, .T. ) ;
#5133 = LINE ( 'NONE', #2966, #2281 ) ;
#5134 = ORIENTED_EDGE ( 'NONE', *, *, #6415, .F. ) ;
#5135 = ORIENTED_EDGE ( 'NONE', *, *, #2740, .T. ) ;
#5136 = EDGE_CURVE ( 'NONE', #357, #4204, #1321, .T. ) ;
#5137 = EDGE_CURVE ( 'NONE', #499, #7754, #6734, .T. ) ;
#5138 = CARTESIAN_POINT ( 'NONE',  ( 216.4860312251130949, 1.040949779275251718E-15, 2.688821387764050996E-14 ) ) ;
#5139 = EDGE_CURVE ( 'NONE', #1600, #6784, #7184, .T. ) ;
#5140 = LINE ( 'NONE', #6736, #3037 ) ;
#5141 = CARTESIAN_POINT ( 'NONE',  ( 183.7360312251131234, -7.499999999999995559, -13.50000000000000355 ) ) ;
#5142 = CARTESIAN_POINT ( 'NONE',  ( 38.65102456598012992, -5.280000000000000249, 12.50000000000000178 ) ) ;
#5143 = DIRECTION ( 'NONE',  ( 0.000000000000000000, 0.000000000000000000, 1.000000000000000000 ) ) ;
#5144 = CARTESIAN_POINT ( 'NONE',  ( 220.1374836311869956, 20.99999999999999289, 5.160719674026209347 ) ) ;
#5145 = ORIENTED_EDGE ( 'NONE', *, *, #7830, .F. ) ;
#5146 = EDGE_CURVE ( 'NONE', #7522, #3189, #1282, .T. ) ;
#5147 = EDGE_CURVE ( 'NONE', #255, #1656, #8919, .T. ) ;
#5148 = LINE ( 'NONE', #8128, #5109 ) ;
#5149 = FACE_OUTER_BOUND ( 'NONE', #4568, .T. ) ;
#5150 = DIRECTION ( 'NONE',  ( 0.9995966148089557857, 0.02840083911570149763, -0.000000000000000000 ) ) ;
#5151 = ADVANCED_FACE ( 'NONE', ( #7092 ), #4899, .T. ) ;
#5152 = APPLICATION_PROTOCOL_DEFINITION ( 'draft international standard', 'automotive_design', 1998, #1319 ) ;
#5153 = EDGE_CURVE ( 'NONE', #7995, #1724, #5034, .T. ) ;
#5154 = CARTESIAN_POINT ( 'NONE',  ( 95.34402321893358589, 6.334813977684523145, 12.49999999999999822 ) ) ;
#5155 = DIRECTION ( 'NONE',  ( -0.9995966148089557857, -0.02840083911570534872, -4.926760235145440158E-17 ) ) ;
#5156 = EDGE_LOOP ( 'NONE', ( #4213, #1029, #7890, #5254 ) ) ;
#5157 = ORIENTED_EDGE ( 'NONE', *, *, #2930, .F. ) ;
#5158 = ADVANCED_FACE ( 'NONE', ( #8118 ), #6009, .F. ) ;
#5159 = ORIENTED_EDGE ( 'NONE', *, *, #1482, .F. ) ;
#5160 = AXIS2_PLACEMENT_3D ( 'NONE', #3259, #4052, #7863 ) ;
#5161 = LINE ( 'NONE', #8479, #3688 ) ;
#5162 = FACE_BOUND ( 'NONE', #6018, .T. ) ;
#5163 = CARTESIAN_POINT ( 'NONE',  ( 204.5776576838152039, 18.93296615002546446, 13.50000000000000178 ) ) ;
#5164 = DIRECTION ( 'NONE',  ( 1.000000000000000000, 0.000000000000000000, 0.000000000000000000 ) ) ;
#5165 = ORIENTED_EDGE ( 'NONE', *, *, #6746, .F. ) ;
#5166 = ORIENTED_EDGE ( 'NONE', *, *, #8096, .T. ) ;
#5167 = EDGE_CURVE ( 'NONE', #197, #9173, #5873, .T. ) ;
#5168 = ORIENTED_EDGE ( 'NONE', *, *, #7050, .F. ) ;
#5169 = VERTEX_POINT ( 'NONE', #5335 ) ;
#5170 = CIRCLE ( 'NONE', #1727, 1.000000000000011324 ) ;
#5171 = CARTESIAN_POINT ( 'NONE',  ( 167.7360312251131234, -3.499999999999999112, 13.50000000000000178 ) ) ;
#5172 = CARTESIAN_POINT ( 'NONE',  ( 207.1379985885435815, -17.50223407786998919, 8.257165788677188090 ) ) ;
#5173 = CARTESIAN_POINT ( 'NONE',  ( 155.7742335333221604, -7.954681512316700953, 11.50000000000000000 ) ) ;
#5174 = CARTESIAN_POINT ( 'NONE',  ( 124.4286363616186009, 3.768663021399007551, 11.46710643075641833 ) ) ;
#5175 = CARTESIAN_POINT ( 'NONE',  ( 194.4860312251130949, 21.00000000000000000, -12.50000000000000000 ) ) ;
#5176 = CARTESIAN_POINT ( 'NONE',  ( 132.3934769268871605, 5.119761603672486672, 10.76573565894465290 ) ) ;
#5177 = ORIENTED_EDGE ( 'NONE', *, *, #9019, .T. ) ;
#5178 = CARTESIAN_POINT ( 'NONE',  ( 225.7747233112290814, 14.45294176984342727, 7.000000000000026645 ) ) ;
#5179 = EDGE_LOOP ( 'NONE', ( #6523, #6896, #8191, #955 ) ) ;
#5180 = ORIENTED_EDGE ( 'NONE', *, *, #2344, .F. ) ;
#5181 = CIRCLE ( 'NONE', #7057, 1.000000000000000444 ) ;
#5182 = DIRECTION ( 'NONE',  ( -0.02840083911569927372, 0.9995966148089558967, 0.000000000000000000 ) ) ;
#5183 = EDGE_CURVE ( 'NONE', #8145, #4721, #72, .T. ) ;
#5184 = CARTESIAN_POINT ( 'NONE',  ( 224.4860312251130665, -20.82391286593089674, 7.000000000000026645 ) ) ;
#5185 = DIRECTION ( 'NONE',  ( -0.9995966148089560077, -0.02840083911570136233, 0.000000000000000000 ) ) ;
#5186 = CARTESIAN_POINT ( 'NONE',  ( 64.86774326393852164, -12.53835110146341592, 12.50000000000000000 ) ) ;
#5187 = DIRECTION ( 'NONE',  ( 1.000000000000000000, 0.000000000000000000, 0.000000000000000000 ) ) ;
#5188 = CYLINDRICAL_SURFACE ( 'NONE', #2383, 20.99999999999997158 ) ;
#5189 = CIRCLE ( 'NONE', #812, 1.000000000000000888 ) ;
#5190 = DIRECTION ( 'NONE',  ( -0.000000000000000000, -0.000000000000000000, 1.000000000000000000 ) ) ;
#5191 = EDGE_LOOP ( 'NONE', ( #1446, #675, #2574, #6284 ) ) ;
#5192 = CARTESIAN_POINT ( 'NONE',  ( 132.8403130709475874, -10.60709404159572067, 12.49999999999999822 ) ) ;
#5193 = FACE_OUTER_BOUND ( 'NONE', #1568, .T. ) ;
#5194 = CARTESIAN_POINT ( 'NONE',  ( 124.8175522670246949, -9.919630514772022067, 11.27139220372452755 ) ) ;
#5195 = TOROIDAL_SURFACE ( 'NONE', #8320, 13.00000000000000533, 1.000000000000000000 ) ;
#5196 = EDGE_CURVE ( 'NONE', #7554, #4545, #229, .T. ) ;
#5197 = EDGE_CURVE ( 'NONE', #9331, #8266, #8962, .T. ) ;
#5198 = DIRECTION ( 'NONE',  ( -0.02840083911570534872, 0.9995966148089557857, 0.000000000000000000 ) ) ;
#5199 = DIRECTION ( 'NONE',  ( -0.9593981441167123148, 0.2820553156127501571, 0.000000000000000000 ) ) ;
#5200 = ORIENTED_EDGE ( 'NONE', *, *, #2806, .F. ) ;
#5201 = ORIENTED_EDGE ( 'NONE', *, *, #6401, .T. ) ;
#5202 = CIRCLE ( 'NONE', #2521, 2.150000000000012790 ) ;
#5203 = VERTEX_POINT ( 'NONE', #777 ) ;
#5204 = DIRECTION ( 'NONE',  ( 0.9995966148089557857, 0.02840083911570149763, 0.000000000000000000 ) ) ;
#5205 = DIRECTION ( 'NONE',  ( 1.224646799147353207E-16, 1.000000000000000000, -0.000000000000000000 ) ) ;
#5206 = ADVANCED_FACE ( 'NONE', ( #2969 ), #6691, .F. ) ;
#5207 = CARTESIAN_POINT ( 'NONE',  ( 217.8127046849783142, -19.95822025116368081, 7.000000000000026645 ) ) ;
#5208 = CARTESIAN_POINT ( 'NONE',  ( 161.8570157395229785, -10.78306632204936655, -13.50000000000000000 ) ) ;
#5209 = ORIENTED_EDGE ( 'NONE', *, *, #1860, .F. ) ;
#5210 = ORIENTED_EDGE ( 'NONE', *, *, #7168, .F. ) ;
#5211 = EDGE_CURVE ( 'NONE', #8888, #3740, #3340, .T. ) ;
#5212 = EDGE_LOOP ( 'NONE', ( #546, #6152, #3270, #1937 ) ) ;
#5213 = ORIENTED_EDGE ( 'NONE', *, *, #3471, .F. ) ;
#5214 = FACE_OUTER_BOUND ( 'NONE', #5212, .T. ) ;
#5215 = CARTESIAN_POINT ( 'NONE',  ( 206.1151106998255216, -20.99999999999982947, 3.602526662257941936 ) ) ;
#5216 = DIRECTION ( 'NONE',  ( 0.1931389886569367387, 0.9811714075841059257, 0.000000000000000000 ) ) ;
#5217 = EDGE_CURVE ( 'NONE', #3103, #1536, #3187, .T. ) ;
#5218 = CARTESIAN_POINT ( 'NONE',  ( 12.00000000000000533, 0.000000000000000000, 1.499999999999999556 ) ) ;
#5219 = PLANE ( 'NONE',  #8690 ) ;
#5220 = DIRECTION ( 'NONE',  ( 0.02840083911569927372, -0.9995966148089558967, 0.000000000000000000 ) ) ;
#5221 = CARTESIAN_POINT ( 'NONE',  ( 101.3984045860187422, 4.506025782760822551, 10.49999999999999645 ) ) ;
#5222 = EDGE_LOOP ( 'NONE', ( #8583, #3184, #369, #84 ) ) ;
#5223 = AXIS2_PLACEMENT_3D ( 'NONE', #2722, #4159, #5627 ) ;
#5224 = CIRCLE ( 'NONE', #5995, 1.400000000000012346 ) ;
#5225 = DIRECTION ( 'NONE',  ( -0.000000000000000000, -0.000000000000000000, 1.000000000000000000 ) ) ;
#5226 = ORIENTED_EDGE ( 'NONE', *, *, #7303, .F. ) ;
#5227 = VERTEX_POINT ( 'NONE', #5918 ) ;
#5228 = DIRECTION ( 'NONE',  ( -0.000000000000000000, -0.000000000000000000, 1.000000000000000000 ) ) ;
#5229 = VECTOR ( 'NONE', #6100, 1000.000000000000000 ) ;
#5230 = AXIS2_PLACEMENT_3D ( 'NONE', #109, #9091, #1613 ) ;
#5231 = CIRCLE ( 'NONE', #5706, 4.000000000000003553 ) ;
#5232 = CARTESIAN_POINT ( 'NONE',  ( 64.86774326393852164, -12.53835110146341592, 10.49999999999999645 ) ) ;
#5233 = DIRECTION ( 'NONE',  ( 1.000000000000000000, 0.000000000000000000, 0.000000000000000000 ) ) ;
#5234 = CARTESIAN_POINT ( 'NONE',  ( 245.3099440910439739, -1.110223024625156540E-13, 6.000000000000026645 ) ) ;
#5235 = CARTESIAN_POINT ( 'NONE',  ( 224.4860312251130949, 21.00000000000000000, -13.50000000000000000 ) ) ;
#5236 = ORIENTED_EDGE ( 'NONE', *, *, #8291, .T. ) ;
#5237 = LINE ( 'NONE', #3875, #2537 ) ;
#5238 = FACE_OUTER_BOUND ( 'NONE', #4918, .T. ) ;
#5239 = ORIENTED_EDGE ( 'NONE', *, *, #2257, .F. ) ;
#5240 = ADVANCED_FACE ( 'NONE', ( #3076 ), #9432, .T. ) ;
#5241 = CIRCLE ( 'NONE', #1021, 1.000000000000000888 ) ;
#5242 = AXIS2_PLACEMENT_3D ( 'NONE', #5446, #7047, #3328 ) ;
#5243 = LINE ( 'NONE', #6798, #3547 ) ;
#5244 = PLANE ( 'NONE',  #8660 ) ;
#5245 = PLANE ( 'NONE',  #4741 ) ;
#5246 = SHAPE_DEFINITION_REPRESENTATION ( #3546, #8763 ) ;
#5247 = VECTOR ( 'NONE', #3618, 1000.000000000000000 ) ;
#5248 = CARTESIAN_POINT ( 'NONE',  ( 123.3895301118157448, 5.130844243306286856, 12.50000000000000000 ) ) ;
#5249 = PLANE ( 'NONE',  #5820 ) ;
#5250 = VERTEX_POINT ( 'NONE', #5138 ) ;
#5251 = AXIS2_PLACEMENT_3D ( 'NONE', #3524, #9487, #404 ) ;
#5252 = ORIENTED_EDGE ( 'NONE', *, *, #8546, .F. ) ;
#5253 = CIRCLE ( 'NONE', #1498, 1.000000000000000888 ) ;
#5254 = ORIENTED_EDGE ( 'NONE', *, *, #906, .F. ) ;
#5255 = EDGE_CURVE ( 'NONE', #9589, #3977, #8937, .T. ) ;
#5256 = B_SPLINE_CURVE_WITH_KNOTS ( 'NONE', 3,
 ( #5770, #5953, #5176, #9612, #586, #9518, #2924, #4305, #8930, #5814 ),
 .UNSPECIFIED., .F., .F.,
 ( 4, 2, 2, 2, 4 ),
 ( 3.381796117385354675E-05, 0.0005379233925041586708, 0.001042028823834463937, 0.001546134255164769095, 0.002050239686495074036 ),
 .UNSPECIFIED. ) ;
#5257 = ADVANCED_FACE ( 'NONE', ( #826 ), #6594, .F. ) ;
#5258 = AXIS2_PLACEMENT_3D ( 'NONE', #2822, #441, #9382 ) ;
#5259 = DIRECTION ( 'NONE',  ( -0.9995966148089557857, -0.02840083911570534872, 0.000000000000000000 ) ) ;
#5260 = CIRCLE ( 'NONE', #5425, 1.000000000000000444 ) ;
#5261 = FACE_BOUND ( 'NONE', #7996, .T. ) ;
#5262 = VECTOR ( 'NONE', #5926, 1000.000000000000000 ) ;
#5263 = AXIS2_PLACEMENT_3D ( 'NONE', #4278, #4911, #1972 ) ;
#5264 = EDGE_CURVE ( 'NONE', #6382, #5944, #5382, .T. ) ;
#5265 = EDGE_CURVE ( 'NONE', #8718, #4234, #7724, .T. ) ;
#5266 = CARTESIAN_POINT ( 'NONE',  ( 204.4327337700559042, 19.26750820954897492, 13.50000000000000000 ) ) ;
#5267 = AXIS2_PLACEMENT_3D ( 'NONE', #5899, #705, #6670 ) ;
#5268 = CARTESIAN_POINT ( 'NONE',  ( 244.0633470130434830, -7.597940940784642549, 7.000000000000026645 ) ) ;
#5269 = EDGE_LOOP ( 'NONE', ( #6308, #1510, #1738, #6121 ) ) ;
#5270 = VERTEX_POINT ( 'NONE', #7383 ) ;
#5271 = ADVANCED_FACE ( 'NONE', ( #680 ), #9120, .T. ) ;
#5272 = ORIENTED_EDGE ( 'NONE', *, *, #5734, .F. ) ;
#5273 = ORIENTED_EDGE ( 'NONE', *, *, #8263, .T. ) ;
#5274 = EDGE_CURVE ( 'NONE', #301, #2561, #8889, .T. ) ;
#5275 = EDGE_CURVE ( 'NONE', #5227, #6825, #5842, .T. ) ;
#5276 = EDGE_CURVE ( 'NONE', #4702, #5742, #3492, .T. ) ;
#5277 = AXIS2_PLACEMENT_3D ( 'NONE', #7788, #7877, #1083 ) ;
#5278 = FACE_OUTER_BOUND ( 'NONE', #1896, .T. ) ;
#5279 = DIRECTION ( 'NONE',  ( 0.02840083911569750083, -0.9995966148089558967, 0.000000000000000000 ) ) ;
#5280 = CARTESIAN_POINT ( 'NONE',  ( 125.8715376064005795, -11.80549653021460088, 12.49999999999999822 ) ) ;
#5281 = ADVANCED_FACE ( 'NONE', ( #2434 ), #1074, .F. ) ;
#5282 = CARTESIAN_POINT ( 'NONE',  ( 235.0926329429107113, -10.60660171779883321, -13.50000000000000000 ) ) ;
#5283 = AXIS2_PLACEMENT_3D ( 'NONE', #2476, #100, #6839 ) ;
#5284 = CARTESIAN_POINT ( 'NONE',  ( 95.37242405804929035, 5.335217362875567915, -13.50000000000000355 ) ) ;
#5285 = CARTESIAN_POINT ( 'NONE',  ( 38.65102456598012992, -5.280000000000000249, -13.50000000000000000 ) ) ;
#5286 = CARTESIAN_POINT ( 'NONE',  ( 71.80811788936992457, -10.34035199803559557, 11.50000000000000000 ) ) ;
#5287 = EDGE_LOOP ( 'NONE', ( #6253, #4202, #5871, #2539 ) ) ;
#5288 = CARTESIAN_POINT ( 'NONE',  ( 225.3695891196159664, 13.90580324264867862, 6.883873567696226381 ) ) ;
#5289 = ORIENTED_EDGE ( 'NONE', *, *, #2819, .T. ) ;
#5290 = ORIENTED_EDGE ( 'NONE', *, *, #4548, .F. ) ;
#5291 = ORIENTED_EDGE ( 'NONE', *, *, #8728, .T. ) ;
#5292 = EDGE_CURVE ( 'NONE', #8984, #5762, #4060, .T. ) ;
#5293 = CARTESIAN_POINT ( 'NONE',  ( 0.000000000000000000, 0.000000000000000000, -13.50000000000000000 ) ) ;
#5294 = DIRECTION ( 'NONE',  ( 1.000000000000000000, 0.000000000000000000, 0.000000000000000000 ) ) ;
#5295 = CYLINDRICAL_SURFACE ( 'NONE', #7825, 1.400000000000012346 ) ;
#5296 = DIRECTION ( 'NONE',  ( 0.000000000000000000, 0.000000000000000000, 1.000000000000000000 ) ) ;
#5297 = ORIENTED_EDGE ( 'NONE', *, *, #6155, .F. ) ;
#5298 = CARTESIAN_POINT ( 'NONE',  ( 16.02499999999999858, 0.000000000000000000, 2.499999999999999556 ) ) ;
#5299 = LINE ( 'NONE', #685, #105 ) ;
#5300 = EDGE_LOOP ( 'NONE', ( #6218, #5159 ) ) ;
#5301 = DIRECTION ( 'NONE',  ( -0.9246144006497978296, 0.3809044632332565516, 0.000000000000000000 ) ) ;
#5302 = LINE ( 'NONE', #646, #5534 ) ;
#5303 = DIRECTION ( 'NONE',  ( -1.000000000000000000, 0.000000000000000000, 0.000000000000000000 ) ) ;
#5304 = DIRECTION ( 'NONE',  ( 1.000000000000000000, 0.000000000000000000, 0.000000000000000000 ) ) ;
#5305 = CARTESIAN_POINT ( 'NONE',  ( 231.3930709745735896, -19.83337182322933145, 7.000000000000027534 ) ) ;
#5306 = CARTESIAN_POINT ( 'NONE',  ( -1.541925553762553580, -19.94047305323153196, 13.50000000000000000 ) ) ;
#5307 = ORIENTED_EDGE ( 'NONE', *, *, #2082, .F. ) ;
#5308 = ORIENTED_EDGE ( 'NONE', *, *, #4898, .T. ) ;
#5309 = VERTEX_POINT ( 'NONE', #9234 ) ;
#5310 = LINE ( 'NONE', #8233, #2607 ) ;
#5311 = DIRECTION ( 'NONE',  ( 1.000000000000000000, 0.000000000000000000, 0.000000000000000000 ) ) ;
#5312 = DIRECTION ( 'NONE',  ( 1.000000000000000000, 1.224646799147351482E-16, 0.000000000000000000 ) ) ;
#5313 = DIRECTION ( 'NONE',  ( -1.000000000000000000, 0.000000000000000000, 0.000000000000000000 ) ) ;
#5314 = ORIENTED_EDGE ( 'NONE', *, *, #2493, .T. ) ;
#5315 = ORIENTED_EDGE ( 'NONE', *, *, #8181, .T. ) ;
#5316 = ORIENTED_EDGE ( 'NONE', *, *, #5496, .F. ) ;
#5317 = ORIENTED_EDGE ( 'NONE', *, *, #6266, .F. ) ;
#5318 = CARTESIAN_POINT ( 'NONE',  ( 231.7229946038129356, 19.71382491666211934, 6.799830060763270900 ) ) ;
#5319 = EDGE_CURVE ( 'NONE', #3865, #1600, #1610, .T. ) ;
#5320 = CARTESIAN_POINT ( 'NONE',  ( 207.9096684875187009, -21.00000000000300915, 13.67993535593770282 ) ) ;
#5321 = AXIS2_PLACEMENT_3D ( 'NONE', #4811, #6173, #2453 ) ;
#5322 = DIRECTION ( 'NONE',  ( 0.000000000000000000, 0.000000000000000000, 1.000000000000000000 ) ) ;
#5323 = DIRECTION ( 'NONE',  ( 0.000000000000000000, 0.000000000000000000, -1.000000000000000000 ) ) ;
#5324 = EDGE_CURVE ( 'NONE', #7819, #7179, #4694, .T. ) ;
#5325 = EDGE_CURVE ( 'NONE', #749, #1523, #7676, .T. ) ;
#5326 = CARTESIAN_POINT ( 'NONE',  ( 161.3742014745560880, 6.210076129702891023, -13.50000000000000355 ) ) ;
#5327 = CARTESIAN_POINT ( 'NONE',  ( 194.4860312251133507, 21.00000000000000355, -13.08578643762690419 ) ) ;
#5328 = CARTESIAN_POINT ( 'NONE',  ( 206.8875818730086849, 16.09275608859377371, 7.287438314789985050 ) ) ;
#5329 = VERTEX_POINT ( 'NONE', #976 ) ;
#5330 = LINE ( 'NONE', #6928, #8397 ) ;
#5331 = ORIENTED_EDGE ( 'NONE', *, *, #6568, .T. ) ;
#5332 = ORIENTED_EDGE ( 'NONE', *, *, #1860, .T. ) ;
#5333 = ORIENTED_EDGE ( 'NONE', *, *, #6910, .F. ) ;
#5334 = VECTOR ( 'NONE', #1025, 1000.000000000000000 ) ;
#5335 = CARTESIAN_POINT ( 'NONE',  ( 161.8002140612915980, -8.783873092431448981, -13.50000000000000355 ) ) ;
#5336 = CIRCLE ( 'NONE', #6425, 1.000000000000000888 ) ;
#5337 = EDGE_CURVE ( 'NONE', #8148, #8761, #8032, .T. ) ;
#5338 = FACE_OUTER_BOUND ( 'NONE', #5555, .T. ) ;
#5339 = FACE_OUTER_BOUND ( 'NONE', #2908, .T. ) ;
#5340 = EDGE_LOOP ( 'NONE', ( #8682, #1424, #1341, #8751 ) ) ;
#5341 = DIRECTION ( 'NONE',  ( 0.000000000000000000, 0.000000000000000000, 1.000000000000000000 ) ) ;
#5342 = CARTESIAN_POINT ( 'NONE',  ( 65.46972813112773792, 1.484402344977668431, 11.50000000000000000 ) ) ;
#5343 = ORIENTED_EDGE ( 'NONE', *, *, #7138, .T. ) ;
#5344 = CARTESIAN_POINT ( 'NONE',  ( 94.43148696076907811, 3.242234737665604438, 11.35151115349260209 ) ) ;
#5345 = CARTESIAN_POINT ( 'NONE',  ( 204.7346246302292343, 18.04007864516053061, 13.50000000000000000 ) ) ;
#5346 = LINE ( 'NONE', #6853, #2702 ) ;
#5347 = EDGE_CURVE ( 'NONE', #9418, #6893, #7033, .T. ) ;
#5348 = CARTESIAN_POINT ( 'NONE',  ( 209.4860312251131234, 0.000000000000000000, 13.50000000000000000 ) ) ;
#5349 = DIRECTION ( 'NONE',  ( 1.000000000000000000, 0.000000000000000000, 0.000000000000000000 ) ) ;
#5350 = DIRECTION ( 'NONE',  ( -1.000000000000000000, 0.000000000000000000, 0.000000000000000000 ) ) ;
#5351 = VERTEX_POINT ( 'NONE', #338 ) ;
#5352 = ORIENTED_EDGE ( 'NONE', *, *, #7789, .T. ) ;
#5353 = ORIENTED_EDGE ( 'NONE', *, *, #9482, .F. ) ;
#5354 = AXIS2_PLACEMENT_3D ( 'NONE', #8187, #4479, #2857 ) ;
#5355 = AXIS2_PLACEMENT_3D ( 'NONE', #1722, #355, #2545 ) ;
#5356 = CARTESIAN_POINT ( 'NONE',  ( 64.41332983808734980, 3.455194735479897972, 11.50000000000000000 ) ) ;
#5357 = CARTESIAN_POINT ( 'NONE',  ( 171.7360312251131234, 9.500000000000000000, 11.50000000000000000 ) ) ;
#5358 = DIRECTION ( 'NONE',  ( -1.000000000000000000, 0.000000000000000000, 0.000000000000000000 ) ) ;
#5359 = VECTOR ( 'NONE', #832, 1000.000000000000000 ) ;
#5360 = CARTESIAN_POINT ( 'NONE',  ( 216.7412488954788330, -19.93376123776679165, 5.200434559757702857 ) ) ;
#5361 = VERTEX_POINT ( 'NONE', #8502 ) ;
#5362 = ORIENTED_EDGE ( 'NONE', *, *, #2322, .F. ) ;
#5363 = ORIENTED_EDGE ( 'NONE', *, *, #8124, .F. ) ;
#5364 = ORIENTED_EDGE ( 'NONE', *, *, #776, .T. ) ;
#5365 = CYLINDRICAL_SURFACE ( 'NONE', #6655, 1.400000000000012346 ) ;
#5366 = DIRECTION ( 'NONE',  ( 0.02840083911567758967, -0.9995966148089565628, 0.000000000000000000 ) ) ;
#5367 = DIRECTION ( 'NONE',  ( 0.9995966148089560077, 0.02840083911570150457, -0.000000000000000000 ) ) ;
#5368 = CARTESIAN_POINT ( 'NONE',  ( 16.02499999999999858, 0.000000000000000000, -6.500000000000000000 ) ) ;
#5369 = CARTESIAN_POINT ( 'NONE',  ( 242.4531606167946336, 6.934608004873416220, 7.000000000000026645 ) ) ;
#5370 = DIRECTION ( 'NONE',  ( 0.000000000000000000, 0.000000000000000000, -1.000000000000000000 ) ) ;
#5371 = LINE ( 'NONE', #923, #5779 ) ;
#5372 = VERTEX_POINT ( 'NONE', #6211 ) ;
#5373 = DIRECTION ( 'NONE',  ( 0.9995966148089557857, 0.02840083911570135539, -0.000000000000000000 ) ) ;
#5374 = EDGE_LOOP ( 'NONE', ( #2215, #5658, #4320, #6066 ) ) ;
#5375 = ORIENTED_EDGE ( 'NONE', *, *, #2978, .T. ) ;
#5376 = ORIENTED_EDGE ( 'NONE', *, *, #3830, .T. ) ;
#5377 = EDGE_CURVE ( 'NONE', #2035, #236, #3020, .T. ) ;
#5378 = B_SPLINE_CURVE_WITH_KNOTS ( 'NONE', 3,
 ( #88, #7615, #916, #3849 ),
 .UNSPECIFIED., .F., .F.,
 ( 4, 4 ),
 ( 0.000000000000000000, 0.003205567087315482414 ),
 .UNSPECIFIED. ) ;
#5379 = EDGE_CURVE ( 'NONE', #6858, #2699, #3978, .T. ) ;
#5380 = DIRECTION ( 'NONE',  ( 0.3809044632332612146, 0.9246144006497958312, -0.000000000000000000 ) ) ;
#5381 = CARTESIAN_POINT ( 'NONE',  ( 65.44132729201200505, 2.483998959786623661, 10.49999999999999645 ) ) ;
#5382 = CIRCLE ( 'NONE', #5994, 17.02499999999998437 ) ;
#5383 = TOROIDAL_SURFACE ( 'NONE', #6614, 1.999999999999997780, 1.000000000000000000 ) ;
#5384 = CARTESIAN_POINT ( 'NONE',  ( 132.8403130709475874, -10.60709404159572067, 11.50000000000000000 ) ) ;
#5385 = DIRECTION ( 'NONE',  ( -0.9995966148089557857, -0.02840083911570142478, 0.000000000000000000 ) ) ;
#5386 = ORIENTED_EDGE ( 'NONE', *, *, #5807, .F. ) ;
#5387 = CARTESIAN_POINT ( 'NONE',  ( 232.0839721658976771, 19.57731578793040939, 6.000000000000026645 ) ) ;
#5388 = DIRECTION ( 'NONE',  ( 0.000000000000000000, -1.000000000000000000, 0.000000000000000000 ) ) ;
#5389 = ORIENTED_EDGE ( 'NONE', *, *, #7704, .T. ) ;
#5390 = DIRECTION ( 'NONE',  ( 0.000000000000000000, 0.000000000000000000, -1.000000000000000000 ) ) ;
#5391 = EDGE_CURVE ( 'NONE', #905, #1683, #5578, .T. ) ;
#5392 = CIRCLE ( 'NONE', #2408, 3.499999999999975131 ) ;
#5393 = TOROIDAL_SURFACE ( 'NONE', #390, 20.00000000000000000, 1.000000000000000000 ) ;
#5394 = VECTOR ( 'NONE', #3996, 1000.000000000000227 ) ;
#5395 = CARTESIAN_POINT ( 'NONE',  ( 63.41373322327839901, 3.426793896364200176, 13.50000000000000000 ) ) ;
#5396 = DIRECTION ( 'NONE',  ( 0.000000000000000000, 0.000000000000000000, 1.000000000000000000 ) ) ;
#5397 = CARTESIAN_POINT ( 'NONE',  ( 131.3863030302874222, 5.358050956231856787, 12.49999999999999822 ) ) ;
#5398 = LINE ( 'NONE', #3036, #947 ) ;
#5399 = CIRCLE ( 'NONE', #3201, 12.00000000000000533 ) ;
#5400 = CIRCLE ( 'NONE', #3045, 1.000000000000002665 ) ;
#5401 = DIRECTION ( 'NONE',  ( 1.000000000000000000, 0.000000000000000000, 0.000000000000000000 ) ) ;
#5402 = VERTEX_POINT ( 'NONE', #4593 ) ;
#5403 = ORIENTED_EDGE ( 'NONE', *, *, #1166, .T. ) ;
#5404 = LINE ( 'NONE', #3334, #2606 ) ;
#5405 = EDGE_CURVE ( 'NONE', #5169, #7787, #7572, .T. ) ;
#5406 = AXIS2_PLACEMENT_3D ( 'NONE', #6789, #1462, #779 ) ;
#5407 = CYLINDRICAL_SURFACE ( 'NONE', #1200, 39.46244800476959114 ) ;
#5408 = CARTESIAN_POINT ( 'NONE',  ( 176.7360312251131234, -3.999999999999994671, 3.000000000000027089 ) ) ;
#5409 = CARTESIAN_POINT ( 'NONE',  ( 24.57410623435835362, 15.65173315553007960, -12.50000000000000000 ) ) ;
#5410 = DIRECTION ( 'NONE',  ( -0.000000000000000000, -0.000000000000000000, 1.000000000000000000 ) ) ;
#5411 = CIRCLE ( 'NONE', #8687, 1.000000000000000888 ) ;
#5412 = ORIENTED_EDGE ( 'NONE', *, *, #258, .T. ) ;
#5413 = ORIENTED_EDGE ( 'NONE', *, *, #7368, .F. ) ;
#5414 = CIRCLE ( 'NONE', #121, 1.000000000000000888 ) ;
#5415 = EDGE_LOOP ( 'NONE', ( #5087, #5755, #3212, #3770, #6178, #1998, #6758, #6967, #5596, #4044, #5645, #5765, #7953, #1914, #8551, #7246, #103, #7917, #2652, #74, #8859, #2547, #8667, #5157, #3791, #6439, #8917, #2987, #4592, #7555, #4787, #7320, #99, #8536, #3174 ) ) ;
#5416 = ORIENTED_EDGE ( 'NONE', *, *, #9162, .T. ) ;
#5417 = CARTESIAN_POINT ( 'NONE',  ( 125.3887233414336606, 5.187645921537647808, 13.50000000000000000 ) ) ;
#5418 = AXIS2_PLACEMENT_3D ( 'NONE', #8082, #1380, #8945 ) ;
#5419 = AXIS2_PLACEMENT_3D ( 'NONE', #5652, #7990, #1291 ) ;
#5420 = CYLINDRICAL_SURFACE ( 'NONE', #107, 1.000000000000000888 ) ;
#5421 = DIRECTION ( 'NONE',  ( 0.000000000000000000, 0.000000000000000000, -1.000000000000000000 ) ) ;
#5422 = AXIS2_PLACEMENT_3D ( 'NONE', #3195, #4718, #5312 ) ;
#5423 = LINE ( 'NONE', #3903, #5394 ) ;
#5424 = DIRECTION ( 'NONE',  ( -0.02840083911569146746, 0.9995966148089561187, 0.000000000000000000 ) ) ;
#5425 = AXIS2_PLACEMENT_3D ( 'NONE', #9615, #3711, #2178 ) ;
#5426 = DIRECTION ( 'NONE',  ( -0.9995966148089562298, -0.02840083911569148134, 0.000000000000000000 ) ) ;
#5427 = VERTEX_POINT ( 'NONE', #3870 ) ;
#5428 = VECTOR ( 'NONE', #8804, 1000.000000000000000 ) ;
#5429 = CARTESIAN_POINT ( 'NONE',  ( 95.88363916213189952, -12.65752170368563512, -13.50000000000000355 ) ) ;
#5430 = ORIENTED_EDGE ( 'NONE', *, *, #3033, .T. ) ;
#5431 = VERTEX_POINT ( 'NONE', #157 ) ;
#5432 = ORIENTED_EDGE ( 'NONE', *, *, #9027, .F. ) ;
#5433 = AXIS2_PLACEMENT_3D ( 'NONE', #9359, #2657, #1879 ) ;
#5434 = AXIS2_PLACEMENT_3D ( 'NONE', #2189, #5296, #5826 ) ;
#5435 = CARTESIAN_POINT ( 'NONE',  ( 203.1009524031708509, 20.65274779159115681, 13.26826905886218455 ) ) ;
#5436 = DIRECTION ( 'NONE',  ( -0.2820553156127502681, -0.9593981441167123148, 0.000000000000000000 ) ) ;
#5437 = CARTESIAN_POINT ( 'NONE',  ( 208.1341558250188939, 16.02196599405053590, 4.607931380384576059 ) ) ;
#5438 = CARTESIAN_POINT ( 'NONE',  ( 153.8318419819355825, -10.01067642016595904, 13.50000000000000000 ) ) ;
#5439 = ORIENTED_EDGE ( 'NONE', *, *, #1673, .T. ) ;
#5440 = FACE_OUTER_BOUND ( 'NONE', #378, .T. ) ;
#5441 = CARTESIAN_POINT ( 'NONE',  ( 71.86491956760129085, -12.33954522765350603, 12.49999999999999822 ) ) ;
#5442 = VERTEX_POINT ( 'NONE', #6113 ) ;
#5443 = CARTESIAN_POINT ( 'NONE',  ( 207.0570069693435187, 18.81289837977912427, 8.257165788677182761 ) ) ;
#5444 = EDGE_CURVE ( 'NONE', #3413, #611, #7880, .T. ) ;
#5445 = DIRECTION ( 'NONE',  ( 1.000000000000000000, 0.000000000000000000, 0.000000000000000000 ) ) ;
#5446 = CARTESIAN_POINT ( 'NONE',  ( 189.7360312251131234, 6.500000000000000888, 5.000000000000026645 ) ) ;
#5447 = CARTESIAN_POINT ( 'NONE',  ( 171.7360312251131234, -7.500000000000000000, 3.375330474728925445 ) ) ;
#5448 = EDGE_CURVE ( 'NONE', #1056, #3958, #201, .T. ) ;
#5449 = ADVANCED_FACE ( 'NONE', ( #1709 ), #1471, .T. ) ;
#5450 = DIRECTION ( 'NONE',  ( 0.02840083911569750430, -0.9995966148089558967, 0.000000000000000000 ) ) ;
#5451 = VERTEX_POINT ( 'NONE', #1223 ) ;
#5452 = ORIENTED_EDGE ( 'NONE', *, *, #6646, .F. ) ;
#5453 = ORIENTED_EDGE ( 'NONE', *, *, #2666, .F. ) ;
#5454 = EDGE_CURVE ( 'NONE', #4853, #1800, #4893, .T. ) ;
#5455 = PLANE ( 'NONE',  #3351 ) ;
#5456 = CARTESIAN_POINT ( 'NONE',  ( 167.7360312251131234, 3.500000000000000000, 11.50000000000000000 ) ) ;
#5458 = EDGE_CURVE ( 'NONE', #3242, #7356, #7822, .T. ) ;
#5457 = DIRECTION ( 'NONE',  ( -1.000000000000000000, 0.000000000000000000, 0.000000000000000000 ) ) ;
#5459 = CARTESIAN_POINT ( 'NONE',  ( 216.8880902843285128, -19.57731578793040939, 5.735863764240020757 ) ) ;
#5460 = ORIENTED_EDGE ( 'NONE', *, *, #7168, .T. ) ;
#5461 = VERTEX_POINT ( 'NONE', #1170 ) ;
#5462 = ORIENTED_EDGE ( 'NONE', *, *, #2491, .T. ) ;
#5463 = ORIENTED_EDGE ( 'NONE', *, *, #1967, .F. ) ;
#5464 = FACE_OUTER_BOUND ( 'NONE', #1414, .T. ) ;
#5465 = FACE_OUTER_BOUND ( 'NONE', #7732, .T. ) ;
#5466 = CARTESIAN_POINT ( 'NONE',  ( 133.8407164561386651, -10.63549488071143578, 12.49999999999999822 ) ) ;
#5468 = ADVANCED_FACE ( 'NONE', ( #7969 ), #9381, .F. ) ;
#5467 = DIRECTION ( 'NONE',  ( -0.000000000000000000, -0.000000000000000000, -1.000000000000000000 ) ) ;
#5469 = DIRECTION ( 'NONE',  ( -0.000000000000000000, -0.000000000000000000, 1.000000000000000000 ) ) ;
#5470 = DIRECTION ( 'NONE',  ( -0.9246144006497958312, 0.3809044632332612146, 0.000000000000000000 ) ) ;
#5471 = ORIENTED_EDGE ( 'NONE', *, *, #373, .T. ) ;
#5472 = DIRECTION ( 'NONE',  ( 1.000000000000000000, 0.000000000000000000, 0.000000000000000000 ) ) ;
#5473 = ORIENTED_EDGE ( 'NONE', *, *, #4363, .T. ) ;
#5474 = EDGE_LOOP ( 'NONE', ( #3586, #573, #8169, #4181 ) ) ;
#5475 = VERTEX_POINT ( 'NONE', #4208 ) ;
#5476 = VECTOR ( 'NONE', #6518, 1000.000000000000227 ) ;
#5477 = DIRECTION ( 'NONE',  ( 1.000000000000000000, 0.000000000000000000, 0.000000000000000000 ) ) ;
#5478 = AXIS2_PLACEMENT_3D ( 'NONE', #2270, #8754, #2006 ) ;
#5479 = FACE_OUTER_BOUND ( 'NONE', #9228, .T. ) ;
#5480 = DIRECTION ( 'NONE',  ( 0.2820553156127510452, 0.9593981441167120927, 0.000000000000000000 ) ) ;
#5481 = AXIS2_PLACEMENT_3D ( 'NONE', #1280, #8716, #3572 ) ;
#5482 = FACE_OUTER_BOUND ( 'NONE', #9024, .T. ) ;
#5483 = ORIENTED_EDGE ( 'NONE', *, *, #9332, .F. ) ;
#5484 = CARTESIAN_POINT ( 'NONE',  ( 131.3863030302874222, 5.358050956231856787, -13.50000000000000355 ) ) ;
#5485 = ORIENTED_EDGE ( 'NONE', *, *, #6618, .F. ) ;
#5486 = CARTESIAN_POINT ( 'NONE',  ( 72.41090968972655162, 3.654000609285256385, 10.52840656793764218 ) ) ;
#5487 = AXIS2_PLACEMENT_3D ( 'NONE', #7766, #1064, #2473 ) ;
#5488 = FACE_OUTER_BOUND ( 'NONE', #2467, .T. ) ;
#5489 = LINE ( 'NONE', #7002, #5548 ) ;
#5490 = DIRECTION ( 'NONE',  ( 1.000000000000000000, 0.000000000000000000, 0.000000000000000000 ) ) ;
#5491 = DIRECTION ( 'NONE',  ( 0.000000000000000000, 0.000000000000000000, 1.000000000000000000 ) ) ;
#5492 = ORIENTED_EDGE ( 'NONE', *, *, #7738, .F. ) ;
#5493 = TOROIDAL_SURFACE ( 'NONE', #4248, 1.999999999999999112, 1.000000000000000000 ) ;
#5494 = VERTEX_POINT ( 'NONE', #8701 ) ;
#5495 = DIRECTION ( 'NONE',  ( 0.000000000000000000, 0.000000000000000000, 1.000000000000000000 ) ) ;
#5496 = EDGE_CURVE ( 'NONE', #3400, #3347, #8649, .T. ) ;
#5497 = ADVANCED_FACE ( 'NONE', ( #3504 ), #3366, .F. ) ;
#5498 = CARTESIAN_POINT ( 'NONE',  ( 155.8310352115535693, -9.953874741934612302, 10.49999999999999645 ) ) ;
#5499 = AXIS2_PLACEMENT_3D ( 'NONE', #5638, #2644, #7937 ) ;
#5500 = CARTESIAN_POINT ( 'NONE',  ( 207.6618564938794407, 16.40099054786969646, 6.301260587509752931 ) ) ;
#5501 = CARTESIAN_POINT ( 'NONE',  ( 182.4860312251131234, 11.10660171779823813, 13.50000000000000000 ) ) ;
#5502 = DIRECTION ( 'NONE',  ( 1.000000000000000000, 0.000000000000000000, 0.000000000000000000 ) ) ;
#5503 = EDGE_LOOP ( 'NONE', ( #6191, #2526, #1143, #5069 ) ) ;
#5504 = EDGE_LOOP ( 'NONE', ( #8093, #9648, #9556, #2158, #5201 ) ) ;
#5505 = VECTOR ( 'NONE', #7266, 1000.000000000000114 ) ;
#5506 = CIRCLE ( 'NONE', #1916, 1.000000000000003109 ) ;
#5507 = EDGE_LOOP ( 'NONE', ( #6587, #7965, #5412, #2125, #81 ) ) ;
#5508 = ORIENTED_EDGE ( 'NONE', *, *, #2548, .F. ) ;
#5509 = ADVANCED_FACE ( 'NONE', ( #7141 ), #9512, .F. ) ;
#5510 = CARTESIAN_POINT ( 'NONE',  ( 208.4914754478948566, -19.20754446882133237, 5.000000000000028422 ) ) ;
#5511 = DIRECTION ( 'NONE',  ( -0.000000000000000000, -0.000000000000000000, -1.000000000000000000 ) ) ;
#5512 = VECTOR ( 'NONE', #8312, 1000.000000000000114 ) ;
#5513 = CARTESIAN_POINT ( 'NONE',  ( 38.65102456598012992, -5.280000000000000249, 12.50000000000000178 ) ) ;
#5514 = DIRECTION ( 'NONE',  ( 0.9996727527214569475, 0.02558099814910921171, -0.000000000000000000 ) ) ;
#5515 = PLANE ( 'NONE',  #6889 ) ;
#5517 = ADVANCED_FACE ( 'NONE', ( #2678 ), #9421, .F. ) ;
#5516 = DIRECTION ( 'NONE',  ( -0.000000000000000000, -0.000000000000000000, -1.000000000000000000 ) ) ;
#5518 = ORIENTED_EDGE ( 'NONE', *, *, #2586, .F. ) ;
#5519 = CARTESIAN_POINT ( 'NONE',  ( 162.3742014745560880, 6.210076129702891023, -13.50000000000000355 ) ) ;
#5520 = ORIENTED_EDGE ( 'NONE', *, *, #7494, .T. ) ;
#5521 = ORIENTED_EDGE ( 'NONE', *, *, #2257, .T. ) ;
#5522 = VERTEX_POINT ( 'NONE', #1945 ) ;
#5523 = ADVANCED_FACE ( 'NONE', ( #8745 ), #2821, .F. ) ;
#5524 = CARTESIAN_POINT ( 'NONE',  ( 213.8794295073142848, -10.60660171779819372, -11.50000000000000000 ) ) ;
#5525 = CARTESIAN_POINT ( 'NONE',  ( 162.4134972309264526, 4.841225030104442162, 11.46839646208764663 ) ) ;
#5526 = CARTESIAN_POINT ( 'NONE',  ( 208.7061562553812450, 20.99999999995968736, 12.21897830160953902 ) ) ;
#5527 = ORIENTED_EDGE ( 'NONE', *, *, #6296, .T. ) ;
#5528 = CARTESIAN_POINT ( 'NONE',  ( 161.8286149004072740, -9.783469707240403324, 10.49999999999999645 ) ) ;
#5529 = CARTESIAN_POINT ( 'NONE',  ( 225.0314564593226123, 1.323975103224473093, 6.000000000000026645 ) ) ;
#5530 = ORIENTED_EDGE ( 'NONE', *, *, #6037, .T. ) ;
#5531 = CARTESIAN_POINT ( 'NONE',  ( 72.44071464873081823, 2.604984557195426653, 11.35694017095093677 ) ) ;
#5532 = DIRECTION ( 'NONE',  ( 0.9995966148089560077, 0.02840083911570136233, -0.000000000000000000 ) ) ;
#5533 = AXIS2_PLACEMENT_3D ( 'NONE', #5674, #1899, #8013 ) ;
#5534 = VECTOR ( 'NONE', #690, 1000.000000000000227 ) ;
#5535 = LINE ( 'NONE', #3927, #87 ) ;
#5536 = ORIENTED_EDGE ( 'NONE', *, *, #4890, .F. ) ;
#5537 = FACE_OUTER_BOUND ( 'NONE', #665, .T. ) ;
#5538 = CARTESIAN_POINT ( 'NONE',  ( 51.65102456598013703, -5.280000000000000249, -5.500000000000000000 ) ) ;
#5539 = EDGE_LOOP ( 'NONE', ( #4526, #4935, #2629, #9466 ) ) ;
#5540 = EDGE_LOOP ( 'NONE', ( #4332, #9410, #9276, #1587 ) ) ;
#5541 = TOROIDAL_SURFACE ( 'NONE', #1633, 13.00000000000000533, 1.000000000000000000 ) ;
#5542 = AXIS2_PLACEMENT_3D ( 'NONE', #1664, #3128, #9045 ) ;
#5543 = TOROIDAL_SURFACE ( 'NONE', #2566, 19.99999999999996803, 1.000000000000000000 ) ;
#5544 = DIRECTION ( 'NONE',  ( -0.000000000000000000, -0.000000000000000000, 1.000000000000000000 ) ) ;
#5545 = DIRECTION ( 'NONE',  ( 1.000000000000000000, 0.000000000000000000, 0.000000000000000000 ) ) ;
#5546 = DIRECTION ( 'NONE',  ( 0.9246144006498068224, 0.3809044632332345137, -0.000000000000000000 ) ) ;
#5547 = TOROIDAL_SURFACE ( 'NONE', #1956, 1.999999999999999112, 1.000000000000000000 ) ;
#5548 = VECTOR ( 'NONE', #7837, 1000.000000000000000 ) ;
#5549 = CARTESIAN_POINT ( 'NONE',  ( 183.7360312251131234, 7.500000000000000000, -13.50000000000000355 ) ) ;
#5550 = DIRECTION ( 'NONE',  ( -0.9995966148089557857, -0.02840083911570113681, -0.000000000000000000 ) ) ;
#5551 = ORIENTED_EDGE ( 'NONE', *, *, #4987, .F. ) ;
#5552 = EDGE_CURVE ( 'NONE', #2631, #5915, #577, .T. ) ;
#5553 = ORIENTED_EDGE ( 'NONE', *, *, #9316, .T. ) ;
#5554 = ADVANCED_FACE ( 'NONE', ( #2039 ), #4298, .F. ) ;
#5555 = EDGE_LOOP ( 'NONE', ( #2707, #5453, #7116, #1996, #3553 ) ) ;
#5556 = ORIENTED_EDGE ( 'NONE', *, *, #504, .F. ) ;
#5557 = AXIS2_PLACEMENT_3D ( 'NONE', #9357, #2551, #7799 ) ;
#5558 = VECTOR ( 'NONE', #1520, 1000.000000000000000 ) ;
#5559 = EDGE_CURVE ( 'NONE', #9640, #6269, #5118, .T. ) ;
#5560 = CARTESIAN_POINT ( 'NONE',  ( 207.4055165429847989, -20.42099202305946903, 5.000000000000027534 ) ) ;
#5561 = CARTESIAN_POINT ( 'NONE',  ( 125.4455250196650553, 3.188452691919737347, 11.50000000000000000 ) ) ;
#5562 = CYLINDRICAL_SURFACE ( 'NONE', #695, 1.000000000000000888 ) ;
#5563 = CARTESIAN_POINT ( 'NONE',  ( 95.40082489716499481, 4.335620748066612684, -13.50000000000000355 ) ) ;
#5564 = AXIS2_PLACEMENT_3D ( 'NONE', #93, #5079, #7422 ) ;
#5565 = CARTESIAN_POINT ( 'NONE',  ( 202.7088403719586722, -7.500000000000000000, 5.000000000000026645 ) ) ;
#5566 = EDGE_CURVE ( 'NONE', #9426, #9376, #8659, .T. ) ;
#5567 = CARTESIAN_POINT ( 'NONE',  ( 224.4860312251130949, 0.000000000000000000, 1.000000000000026867 ) ) ;
#5568 = VERTEX_POINT ( 'NONE', #1500 ) ;
#5569 = EDGE_CURVE ( 'NONE', #954, #2401, #2133, .T. ) ;
#5570 = DIRECTION ( 'NONE',  ( 0.000000000000000000, 0.000000000000000000, 1.000000000000000000 ) ) ;
#5571 = ORIENTED_EDGE ( 'NONE', *, *, #5552, .T. ) ;
#5572 = EDGE_LOOP ( 'NONE', ( #4831, #19, #2288, #1342, #2674, #1261 ) ) ;
#5573 = ORIENTED_EDGE ( 'NONE', *, *, #4491, .F. ) ;
#5574 = CIRCLE ( 'NONE', #8839, 1.400000000000012346 ) ;
#5575 = AXIS2_PLACEMENT_3D ( 'NONE', #7662, #3948, #4727 ) ;
#5576 = VECTOR ( 'NONE', #1408, 1000.000000000000000 ) ;
#5577 = LINE ( 'NONE', #8559, #6004 ) ;
#5578 = LINE ( 'NONE', #4792, #5699 ) ;
#5579 = TOROIDAL_SURFACE ( 'NONE', #1357, 10.00000000000000888, 1.000000000000000000 ) ;
#5580 = CARTESIAN_POINT ( 'NONE',  ( 38.65102456598012992, -5.280000000000000249, 13.50000000000000000 ) ) ;
#5581 = VECTOR ( 'NONE', #2242, 1000.000000000000000 ) ;
#5582 = CIRCLE ( 'NONE', #1358, 2.000000000000000000 ) ;
#5583 = CARTESIAN_POINT ( 'NONE',  ( 235.0926329429113650, 10.60660171779759509, -13.50000000000000000 ) ) ;
#5584 = ADVANCED_FACE ( 'NONE', ( #5907 ), #4596, .T. ) ;
#5585 = CARTESIAN_POINT ( 'NONE',  ( 223.0860312251130892, 15.00000000000000000, 7.000000000000026645 ) ) ;
#5586 = EDGE_CURVE ( 'NONE', #913, #729, #3797, .T. ) ;
#5587 = CIRCLE ( 'NONE', #6973, 2.000000000000001776 ) ;
#5588 = FACE_OUTER_BOUND ( 'NONE', #2580, .T. ) ;
#5589 = ORIENTED_EDGE ( 'NONE', *, *, #7009, .F. ) ;
#5590 = CARTESIAN_POINT ( 'NONE',  ( 93.85604509339823665, -11.71472676710806304, 13.50000000000000000 ) ) ;
#5591 = CARTESIAN_POINT ( 'NONE',  ( 244.1087939615946141, 7.479953445303660686, 6.503998627434429025 ) ) ;
#5592 = CIRCLE ( 'NONE', #582, 6.000000000000005329 ) ;
#5593 = CIRCLE ( 'NONE', #6204, 12.00000000000000355 ) ;
#5594 = DIRECTION ( 'NONE',  ( 0.9995966148089557857, 0.02840083911570171274, -0.000000000000000000 ) ) ;
#5595 = DIRECTION ( 'NONE',  ( 1.000000000000000000, 0.000000000000000000, 0.000000000000000000 ) ) ;
#5596 = ORIENTED_EDGE ( 'NONE', *, *, #535, .T. ) ;
#5597 = DIRECTION ( 'NONE',  ( 1.000000000000000000, 0.000000000000000000, -0.000000000000000000 ) ) ;
#5598 = ADVANCED_FACE ( 'NONE', ( #9561, #9653 ), #5077, .F. ) ;
#5599 = CARTESIAN_POINT ( 'NONE',  ( 162.7790198188902764, -8.023716744201751183, 11.50000000000000000 ) ) ;
#5600 = ORIENTED_EDGE ( 'NONE', *, *, #8074, .F. ) ;
#5601 = ORIENTED_EDGE ( 'NONE', *, *, #4003, .T. ) ;
#5602 = CARTESIAN_POINT ( 'NONE',  ( 235.0926329429113650, 10.60660171779759509, -13.50000000000000000 ) ) ;
#5603 = CIRCLE ( 'NONE', #2441, 2.000000000000001776 ) ;
#5604 = DIRECTION ( 'NONE',  ( -0.000000000000000000, -0.000000000000000000, -1.000000000000000000 ) ) ;
#5605 = CARTESIAN_POINT ( 'NONE',  ( 207.1634017183330911, 16.88690752108679050, 8.257165788677189866 ) ) ;
#5606 = DIRECTION ( 'NONE',  ( -0.000000000000000000, -0.000000000000000000, 1.000000000000000000 ) ) ;
#5607 = FACE_BOUND ( 'NONE', #6916, .T. ) ;
#5608 = EDGE_LOOP ( 'NONE', ( #2241, #1119, #6884, #2718 ) ) ;
#5609 = ORIENTED_EDGE ( 'NONE', *, *, #9197, .F. ) ;
#5610 = VERTEX_POINT ( 'NONE', #811 ) ;
#5611 = EDGE_CURVE ( 'NONE', #8782, #2951, #4492, .T. ) ;
#5612 = CARTESIAN_POINT ( 'NONE',  ( 155.8594360506692453, -10.95347135674356842, -13.50000000000000355 ) ) ;
#5613 = CYLINDRICAL_SURFACE ( 'NONE', #1015, 1.000000000000000888 ) ;
#5614 = FACE_OUTER_BOUND ( 'NONE', #1383, .T. ) ;
#5615 = DIRECTION ( 'NONE',  ( -0.000000000000000000, -0.000000000000000000, -1.000000000000000000 ) ) ;
#5616 = DIRECTION ( 'NONE',  ( -0.9995966148089560077, -0.02840083911570171968, 0.000000000000000000 ) ) ;
#5617 = VERTEX_POINT ( 'NONE', #5280 ) ;
#5618 = ADVANCED_FACE ( 'NONE', ( #7512 ), #4606, .T. ) ;
#5620 = EDGE_CURVE ( 'NONE', #9362, #9521, #8038, .T. ) ;
#5619 = CARTESIAN_POINT ( 'NONE',  ( 216.0294295073142905, -10.60660171779819372, 5.000000000000026645 ) ) ;
#5621 = ORIENTED_EDGE ( 'NONE', *, *, #9636, .F. ) ;
#5622 = ORIENTED_EDGE ( 'NONE', *, *, #9663, .F. ) ;
#5623 = ORIENTED_EDGE ( 'NONE', *, *, #4365, .T. ) ;
#5624 = ADVANCED_FACE ( 'NONE', ( #7420 ), #3650, .T. ) ;
#5625 = DIRECTION ( 'NONE',  ( -0.9593981441167123148, 0.2820553156127501571, 0.000000000000000000 ) ) ;
#5626 = ADVANCED_FACE ( 'NONE', ( #8786 ), #8059, .F. ) ;
#5627 = DIRECTION ( 'NONE',  ( 0.9995966148089557857, 0.02840083911570149763, 0.000000000000000000 ) ) ;
#5628 = CARTESIAN_POINT ( 'NONE',  ( 162.3742014745560880, 6.210076129702891023, -13.50000000000000355 ) ) ;
#5629 = CARTESIAN_POINT ( 'NONE',  ( 204.4323486735724771, -19.26830554442850030, 13.50000000000000178 ) ) ;
#5630 = DIRECTION ( 'NONE',  ( 0.000000000000000000, 0.000000000000000000, -1.000000000000000000 ) ) ;
#5631 = EDGE_CURVE ( 'NONE', #9376, #9426, #3820, .T. ) ;
#5632 = DIRECTION ( 'NONE',  ( -0.9995966148089560077, -0.02840083911570165029, 0.000000000000000000 ) ) ;
#5633 = VERTEX_POINT ( 'NONE', #764 ) ;
#5634 = LINE ( 'NONE', #8656, #9285 ) ;
#5635 = CIRCLE ( 'NONE', #6704, 2.149999999999985256 ) ;
#5636 = CARTESIAN_POINT ( 'NONE',  ( 64.86774326393852164, -12.53835110146341592, 11.50000000000000000 ) ) ;
#5637 = ADVANCED_FACE ( 'NONE', ( #3604 ), #1014, .F. ) ;
#5638 = CARTESIAN_POINT ( 'NONE',  ( 213.8794295073149101, 10.60660171779823457, -11.50000000000000000 ) ) ;
#5639 = PLANE ( 'NONE',  #862 ) ;
#5640 = AXIS2_PLACEMENT_3D ( 'NONE', #5834, #2751, #4417 ) ;
#5641 = DIRECTION ( 'NONE',  ( -0.9995966148089560077, -0.02840083911570114028, 0.000000000000000000 ) ) ;
#5642 = VERTEX_POINT ( 'NONE', #5127 ) ;
#5643 = DIRECTION ( 'NONE',  ( 1.000000000000000000, 0.000000000000000000, 0.000000000000000000 ) ) ;
#5644 = CARTESIAN_POINT ( 'NONE',  ( 216.5071088929813925, 20.50211692527896190, 5.000000000000026645 ) ) ;
#5645 = ORIENTED_EDGE ( 'NONE', *, *, #127, .T. ) ;
#5646 = ORIENTED_EDGE ( 'NONE', *, *, #544, .F. ) ;
#5647 = FACE_OUTER_BOUND ( 'NONE', #6407, .T. ) ;
#5648 = CIRCLE ( 'NONE', #5481, 4.000000000000003553 ) ;
#5649 = EDGE_CURVE ( 'NONE', #3310, #7904, #6168, .T. ) ;
#5650 = DIRECTION ( 'NONE',  ( -0.000000000000000000, -0.000000000000000000, -1.000000000000000000 ) ) ;
#5651 = EDGE_CURVE ( 'NONE', #5991, #3442, #4294, .T. ) ;
#5652 = CARTESIAN_POINT ( 'NONE',  ( 73.86491956760129085, -12.33954522765350603, 12.49999999999999822 ) ) ;
#5653 = TOROIDAL_SURFACE ( 'NONE', #7205, 17.02499999999998082, 1.000000000000000000 ) ;
#5654 = CARTESIAN_POINT ( 'NONE',  ( 213.8794295073149101, 10.60660171779823457, -13.50000000000000000 ) ) ;
#5655 = DIRECTION ( 'NONE',  ( -1.000000000000000000, 0.000000000000000000, 0.000000000000000000 ) ) ;
#5656 = ORIENTED_EDGE ( 'NONE', *, *, #7286, .T. ) ;
#5657 = VERTEX_POINT ( 'NONE', #8292 ) ;
#5658 = ORIENTED_EDGE ( 'NONE', *, *, #6296, .F. ) ;
#5659 = VECTOR ( 'NONE', #7790, 1000.000000000000114 ) ;
#5660 = CARTESIAN_POINT ( 'NONE',  ( 205.4561297902348826, -13.56034989739239371, 5.167662973746644184 ) ) ;
#5661 = CARTESIAN_POINT ( 'NONE',  ( 103.3975978156366864, 4.562827460992229689, 12.50000000000000000 ) ) ;
#5662 = DIRECTION ( 'NONE',  ( -0.000000000000000000, -0.000000000000000000, -1.000000000000000000 ) ) ;
#5663 = DIRECTION ( 'NONE',  ( 0.000000000000000000, 0.000000000000000000, -1.000000000000000000 ) ) ;
#5664 = AXIS2_PLACEMENT_3D ( 'NONE', #4928, #8738, #1992 ) ;
#5665 = FACE_BOUND ( 'NONE', #9172, .T. ) ;
#5666 = FACE_OUTER_BOUND ( 'NONE', #5945, .T. ) ;
#5667 = VERTEX_POINT ( 'NONE', #2470 ) ;
#5668 = DIRECTION ( 'NONE',  ( -0.000000000000000000, -0.000000000000000000, -1.000000000000000000 ) ) ;
#5669 = VERTEX_POINT ( 'NONE', #8489 ) ;
#5670 = ORIENTED_EDGE ( 'NONE', *, *, #2859, .T. ) ;
#5671 = EDGE_LOOP ( 'NONE', ( #3166, #8284, #3647, #252, #3682, #242, #1638 ) ) ;
#5672 = AXIS2_PLACEMENT_3D ( 'NONE', #9361, #6426, #1880 ) ;
#5673 = DIRECTION ( 'NONE',  ( -0.9907978612145639241, 0.1353499102794153142, -0.000000000000000000 ) ) ;
#5674 = CARTESIAN_POINT ( 'NONE',  ( 189.7360312251131234, 6.500000000000000888, -13.50000000000000355 ) ) ;
#5675 = CARTESIAN_POINT ( 'NONE',  ( 224.4860312251130949, -21.00000000000000000, -12.50000000000000000 ) ) ;
#5676 = CARTESIAN_POINT ( 'NONE',  ( 242.4531606167946052, -6.934608004873582310, 7.000000000000026645 ) ) ;
#5677 = DIRECTION ( 'NONE',  ( 0.000000000000000000, -1.000000000000000000, 0.000000000000000000 ) ) ;
#5678 = AXIS2_PLACEMENT_3D ( 'NONE', #5484, #7785, #9193 ) ;
#5679 = FACE_OUTER_BOUND ( 'NONE', #5503, .T. ) ;
#5680 = ORIENTED_EDGE ( 'NONE', *, *, #2290, .F. ) ;
#5681 = CARTESIAN_POINT ( 'NONE',  ( 206.8837587682346850, 20.71297982575498509, 5.000000000000026645 ) ) ;
#5682 = EDGE_CURVE ( 'NONE', #4422, #1056, #1476, .T. ) ;
#5683 = EDGE_CURVE ( 'NONE', #5657, #2631, #5824, .T. ) ;
#5684 = DIRECTION ( 'NONE',  ( 1.000000000000000000, 0.000000000000000000, 0.000000000000000000 ) ) ;
#5685 = LINE ( 'NONE', #399, #191 ) ;
#5686 = ADVANCED_FACE ( 'NONE', ( #918 ), #4583, .F. ) ;
#5687 = DIRECTION ( 'NONE',  ( 0.000000000000000000, 0.000000000000000000, 1.000000000000000000 ) ) ;
#5688 = DIRECTION ( 'NONE',  ( 1.000000000000000000, 0.000000000000000000, 0.000000000000000000 ) ) ;
#5689 = ORIENTED_EDGE ( 'NONE', *, *, #3283, .F. ) ;
#5690 = CARTESIAN_POINT ( 'NONE',  ( 95.37242405804929035, 5.335217362875567915, 12.49999999999999822 ) ) ;
#5691 = FACE_OUTER_BOUND ( 'NONE', #7212, .T. ) ;
#5692 = VERTEX_POINT ( 'NONE', #3110 ) ;
#5693 = ORIENTED_EDGE ( 'NONE', *, *, #5845, .F. ) ;
#5694 = ADVANCED_FACE ( 'NONE', ( #5465 ), #2325, .T. ) ;
#5695 = DIRECTION ( 'NONE',  ( 1.000000000000000000, 0.000000000000000000, 0.000000000000000000 ) ) ;
#5696 = DIRECTION ( 'NONE',  ( 1.000000000000000000, 0.000000000000000000, 0.000000000000000000 ) ) ;
#5697 = CARTESIAN_POINT ( 'NONE',  ( 207.9934942144809895, 16.07769462353497758, 4.999999999999975131 ) ) ;
#5698 = FACE_OUTER_BOUND ( 'NONE', #6352, .T. ) ;
#5699 = VECTOR ( 'NONE', #8354, 1000.000000000000000 ) ;
#5700 = AXIS2_PLACEMENT_3D ( 'NONE', #8862, #8268, #5103 ) ;
#5701 = CARTESIAN_POINT ( 'NONE',  ( 224.4860312251130949, 0.000000000000000000, 13.50000000000000000 ) ) ;
#5702 = ORIENTED_EDGE ( 'NONE', *, *, #9434, .F. ) ;
#5703 = EDGE_LOOP ( 'NONE', ( #6427, #8297, #226, #9275, #8285, #8262 ) ) ;
#5704 = EDGE_CURVE ( 'NONE', #4293, #7536, #8811, .T. ) ;
#5705 = EDGE_LOOP ( 'NONE', ( #8428, #8104, #7716, #5111, #7029, #1479 ) ) ;
#5706 = AXIS2_PLACEMENT_3D ( 'NONE', #9222, #8342, #813 ) ;
#5707 = CARTESIAN_POINT ( 'NONE',  ( 205.3296882267551098, -13.65044977774261170, 5.598746497877431949 ) ) ;
#5708 = FACE_OUTER_BOUND ( 'NONE', #9400, .T. ) ;
#5709 = CARTESIAN_POINT ( 'NONE',  ( 123.8439435376669451, -10.86270159363700749, 12.50000000000000000 ) ) ;
#5710 = DIRECTION ( 'NONE',  ( 1.000000000000000000, 3.469446951953611033E-15, 0.000000000000000000 ) ) ;
#5711 = FACE_OUTER_BOUND ( 'NONE', #5415, .T. ) ;
#5712 = ORIENTED_EDGE ( 'NONE', *, *, #708, .T. ) ;
#5713 = ORIENTED_EDGE ( 'NONE', *, *, #7601, .F. ) ;
#5714 = AXIS2_PLACEMENT_3D ( 'NONE', #4620, #4522, #8279 ) ;
#5715 = CIRCLE ( 'NONE', #1957, 1.000000000000000666 ) ;
#5716 = ORIENTED_EDGE ( 'NONE', *, *, #540, .F. ) ;
#5717 = VERTEX_POINT ( 'NONE', #3902 ) ;
#5718 = VERTEX_POINT ( 'NONE', #3204 ) ;
#5719 = CARTESIAN_POINT ( 'NONE',  ( 5.923161627867837176, 20.14736102645091265, 12.50000000000000178 ) ) ;
#5720 = CARTESIAN_POINT ( 'NONE',  ( 71.86491956760129085, -12.33954522765350603, -13.50000000000000355 ) ) ;
#5721 = AXIS2_PLACEMENT_3D ( 'NONE', #2295, #2235, #7436 ) ;
#5722 = CARTESIAN_POINT ( 'NONE',  ( -13.00000000000000533, -1.592040838891559687E-15, -6.500000000000000000 ) ) ;
#5723 = LINE ( 'NONE', #5676, #1732 ) ;
#5724 = CARTESIAN_POINT ( 'NONE',  ( 71.41050614175006217, 3.654000609289787871, -13.50000000000000355 ) ) ;
#5725 = AXIS2_PLACEMENT_3D ( 'NONE', #4521, #7602, #1439 ) ;
#5726 = DIRECTION ( 'NONE',  ( -0.9995966148089562298, -0.02840083911568964947, 0.000000000000000000 ) ) ;
#5727 = VERTEX_POINT ( 'NONE', #8341 ) ;
#5728 = CARTESIAN_POINT ( 'NONE',  ( 207.4015303977948577, 20.42359098762741354, 5.000000000000026645 ) ) ;
#5729 = AXIS2_PLACEMENT_3D ( 'NONE', #7143, #1224, #3368 ) ;
#5730 = DIRECTION ( 'NONE',  ( 1.000000000000000000, 0.000000000000000000, 0.000000000000000000 ) ) ;
#5731 = VECTOR ( 'NONE', #2976, 1000.000000000000227 ) ;
#5732 = DIRECTION ( 'NONE',  ( -0.000000000000000000, -0.000000000000000000, 1.000000000000000000 ) ) ;
#5733 = VECTOR ( 'NONE', #8139, 1000.000000000000000 ) ;
#5734 = EDGE_CURVE ( 'NONE', #4691, #1263, #3004, .T. ) ;
#5735 = CARTESIAN_POINT ( 'NONE',  ( 14.59356986571397208, -15.11432246495105325, -13.50000000000000355 ) ) ;
#5736 = DIRECTION ( 'NONE',  ( -0.000000000000000000, -0.000000000000000000, -1.000000000000000000 ) ) ;
#5737 = CIRCLE ( 'NONE', #8699, 0.9999999999999892308 ) ;
#5738 = DIRECTION ( 'NONE',  ( 1.000000000000000000, 0.000000000000000000, 0.000000000000000000 ) ) ;
#5739 = DIRECTION ( 'NONE',  ( 0.000000000000000000, 0.000000000000000000, 1.000000000000000000 ) ) ;
#5740 = VERTEX_POINT ( 'NONE', #4049 ) ;
#5741 = CIRCLE ( 'NONE', #2604, 0.9999999999999991118 ) ;
#5742 = VERTEX_POINT ( 'NONE', #6876 ) ;
#5743 = AXIS2_PLACEMENT_3D ( 'NONE', #3924, #8368, #9051 ) ;
#5744 = EDGE_CURVE ( 'NONE', #7653, #8827, #3506, .T. ) ;
#5745 = CARTESIAN_POINT ( 'NONE',  ( 38.65102456598012992, -5.280000000000000249, 6.500000000000000000 ) ) ;
#5746 = LINE ( 'NONE', #9535, #8011 ) ;
#5747 = CARTESIAN_POINT ( 'NONE',  ( 202.5121784136964038, 7.099179463977256077, 5.167662973746644184 ) ) ;
#5749 = ADVANCED_FACE ( 'NONE', ( #6196 ), #5541, .T. ) ;
#5748 = CIRCLE ( 'NONE', #125, 21.00000000000000000 ) ;
#5750 = EDGE_CURVE ( 'NONE', #3346, #7442, #7711, .T. ) ;
#5751 = CARTESIAN_POINT ( 'NONE',  ( 161.3742014745560880, 6.210076129702891023, 10.49999999999999645 ) ) ;
#5752 = FACE_BOUND ( 'NONE', #6838, .T. ) ;
#5753 = ORIENTED_EDGE ( 'NONE', *, *, #311, .T. ) ;
#5754 = ORIENTED_EDGE ( 'NONE', *, *, #5758, .F. ) ;
#5755 = ORIENTED_EDGE ( 'NONE', *, *, #23, .T. ) ;
#5756 = CARTESIAN_POINT ( 'NONE',  ( 203.4721463484505080, -10.56962149728082245, 5.598746497877431949 ) ) ;
#5757 = CARTESIAN_POINT ( 'NONE',  ( 165.7360312251131234, 3.500000000000000000, 13.50000000000000000 ) ) ;
#5758 = EDGE_CURVE ( 'NONE', #1107, #4579, #4777, .T. ) ;
#5759 = DIRECTION ( 'NONE',  ( -0.000000000000000000, -0.000000000000000000, 1.000000000000000000 ) ) ;
#5760 = LINE ( 'NONE', #1255, #270 ) ;
#5761 = DIRECTION ( 'NONE',  ( -0.000000000000000000, -0.000000000000000000, 1.000000000000000000 ) ) ;
#5762 = VERTEX_POINT ( 'NONE', #3059 ) ;
#5763 = VERTEX_POINT ( 'NONE', #6056 ) ;
#5764 = ORIENTED_EDGE ( 'NONE', *, *, #302, .F. ) ;
#5765 = ORIENTED_EDGE ( 'NONE', *, *, #7169, .T. ) ;
#5766 = CARTESIAN_POINT ( 'NONE',  ( 95.40082489716499481, 4.335620748066612684, -13.50000000000000355 ) ) ;
#5767 = CARTESIAN_POINT ( 'NONE',  ( 72.41010275655905559, 3.682401448405487443, 12.50000000000000000 ) ) ;
#5768 = ADVANCED_FACE ( 'NONE', ( #9030 ), #9074, .T. ) ;
#5769 = CARTESIAN_POINT ( 'NONE',  ( 124.8435401524758674, -10.83430075452133323, 12.50000000000000000 ) ) ;
#5770 = CARTESIAN_POINT ( 'NONE',  ( 132.3867065782638974, 5.358050956227327077, 10.52840656793764573 ) ) ;
#5771 = DIRECTION ( 'NONE',  ( 1.000000000000000000, -8.673617379884027583E-16, 0.000000000000000000 ) ) ;
#5772 = ORIENTED_EDGE ( 'NONE', *, *, #7061, .F. ) ;
#5773 = CARTESIAN_POINT ( 'NONE',  ( 161.3742014745560880, 6.210076129702891023, -13.50000000000000355 ) ) ;
#5774 = LINE ( 'NONE', #8710, #3440 ) ;
#5775 = CARTESIAN_POINT ( 'NONE',  ( 232.0839721658975918, -19.57731578793045202, 6.000000000000026645 ) ) ;
#5776 = FACE_OUTER_BOUND ( 'NONE', #8315, .T. ) ;
#5777 = DIRECTION ( 'NONE',  ( -0.000000000000000000, -0.000000000000000000, -1.000000000000000000 ) ) ;
#5778 = DIRECTION ( 'NONE',  ( 1.000000000000000000, 0.000000000000000000, 0.000000000000000000 ) ) ;
#5779 = VECTOR ( 'NONE', #3800, 1000.000000000000000 ) ;
#5780 = DIRECTION ( 'NONE',  ( 0.07709627768812779558, 0.9970236526615781081, 0.000000000000000000 ) ) ;
#5781 = EDGE_LOOP ( 'NONE', ( #2828, #4972, #3042, #2218 ) ) ;
#5782 = B_SPLINE_CURVE_WITH_KNOTS ( 'NONE', 3,
 ( #7447, #7539, #9634, #8902, #3727, #5194, #6223, #1719, #4849, #938 ),
 .UNSPECIFIED., .F., .F.,
 ( 4, 2, 2, 2, 4 ),
 ( -6.324555320349122522E-06, 0.0005078165051336017404, 0.001021957565587552474, 0.001536098626041503207, 0.002050239686495454374 ),
 .UNSPECIFIED. ) ;
#5783 = ORIENTED_EDGE ( 'NONE', *, *, #1430, .F. ) ;
#5784 = CARTESIAN_POINT ( 'NONE',  ( 101.8528180118699566, -11.48752005418247180, 10.49999999999999645 ) ) ;
#5785 = AXIS2_PLACEMENT_3D ( 'NONE', #3928, #4032, #7005 ) ;
#5786 = FACE_OUTER_BOUND ( 'NONE', #7256, .T. ) ;
#5787 = DIRECTION ( 'NONE',  ( 1.000000000000000000, 0.000000000000000000, 0.000000000000000000 ) ) ;
#5788 = DIRECTION ( 'NONE',  ( 0.000000000000000000, 0.000000000000000000, 1.000000000000000000 ) ) ;
#5789 = DIRECTION ( 'NONE',  ( 1.000000000000000000, 0.000000000000000000, 0.000000000000000000 ) ) ;
#5790 = VERTEX_POINT ( 'NONE', #8685 ) ;
#5791 = VECTOR ( 'NONE', #829, 1000.000000000000000 ) ;
#5792 = EDGE_LOOP ( 'NONE', ( #4675, #4528, #6847 ) ) ;
#5793 = ORIENTED_EDGE ( 'NONE', *, *, #8844, .T. ) ;
#5794 = EDGE_CURVE ( 'NONE', #3557, #912, #8504, .T. ) ;
#5795 = ADVANCED_FACE ( 'NONE', ( #4097 ), #4923, .F. ) ;
#5796 = CARTESIAN_POINT ( 'NONE',  ( 202.6168329520507427, -10.99982937719259724, 8.257165788677189866 ) ) ;
#5797 = CIRCLE ( 'NONE', #8455, 9.000000000000007105 ) ;
#5798 = CARTESIAN_POINT ( 'NONE',  ( 72.81532448608425057, -10.57979226461483968, 11.50000000000000000 ) ) ;
#5799 = CARTESIAN_POINT ( 'NONE',  ( 95.42922573628068506, 3.336024133257658342, -13.50000000000000355 ) ) ;
#5800 = ADVANCED_FACE ( 'NONE', ( #4145 ), #548, .T. ) ;
#5801 = CARTESIAN_POINT ( 'NONE',  ( 171.7360312251131234, -9.500000000000001776, 13.50000000000000000 ) ) ;
#5802 = DIRECTION ( 'NONE',  ( 1.000000000000000000, 0.000000000000000000, 0.000000000000000000 ) ) ;
#5803 = ORIENTED_EDGE ( 'NONE', *, *, #8327, .F. ) ;
#5804 = VERTEX_POINT ( 'NONE', #2620 ) ;
#5805 = ORIENTED_EDGE ( 'NONE', *, *, #775, .T. ) ;
#5806 = ORIENTED_EDGE ( 'NONE', *, *, #7135, .T. ) ;
#5807 = EDGE_CURVE ( 'NONE', #5351, #1511, #6623, .T. ) ;
#5808 = DIRECTION ( 'NONE',  ( 1.000000000000000000, 0.000000000000000000, 0.000000000000000000 ) ) ;
#5809 = DIRECTION ( 'NONE',  ( 0.000000000000000000, 0.000000000000000000, 1.000000000000000000 ) ) ;
#5810 = VECTOR ( 'NONE', #1816, 1000.000000000000000 ) ;
#5811 = LINE ( 'NONE', #671, #8185 ) ;
#5812 = CARTESIAN_POINT ( 'NONE',  ( 238.0860312251107302, 0.1396280777050172561, 6.689891413584093449 ) ) ;
#5813 = DIRECTION ( 'NONE',  ( 1.000000000000000000, 0.000000000000000000, 0.000000000000000000 ) ) ;
#5814 = CARTESIAN_POINT ( 'NONE',  ( 132.4350913414224067, 3.655099671424614005, 11.50000000000000000 ) ) ;
#5815 = CARTESIAN_POINT ( 'NONE',  ( 161.8854165786386829, -11.78266293685831201, 12.49999999999999822 ) ) ;
#5816 = ORIENTED_EDGE ( 'NONE', *, *, #9391, .T. ) ;
#5817 = VERTEX_POINT ( 'NONE', #9412 ) ;
#5818 = ADVANCED_FACE ( 'NONE', ( #7810 ), #1842, .F. ) ;
#5819 = AXIS2_PLACEMENT_3D ( 'NONE', #3986, #6282, #8331 ) ;
#5820 = AXIS2_PLACEMENT_3D ( 'NONE', #8273, #8176, #8228 ) ;
#5821 = DIRECTION ( 'NONE',  ( 1.000000000000000000, 0.000000000000000000, 0.000000000000000000 ) ) ;
#5822 = CARTESIAN_POINT ( 'NONE',  ( 237.2426329429107170, -10.60660171779883321, -11.50000000000000000 ) ) ;
#5823 = FACE_OUTER_BOUND ( 'NONE', #8301, .T. ) ;
#5824 = B_SPLINE_CURVE_WITH_KNOTS ( 'NONE', 3,
 ( #6145, #3255, #6243, #6972, #2421, #1593 ),
 .UNSPECIFIED., .F., .F.,
 ( 4, 2, 4 ),
 ( 0.000000000000000000, 0.0002351863003211299380, 0.0004703726006422598760 ),
 .UNSPECIFIED. ) ;
#5825 = CARTESIAN_POINT ( 'NONE',  ( 155.8310352115535693, -9.953874741934612302, 11.50000000000000000 ) ) ;
#5826 = DIRECTION ( 'NONE',  ( 1.000000000000000000, 0.000000000000000000, 0.000000000000000000 ) ) ;
#5827 = DIRECTION ( 'NONE',  ( 1.000000000000000000, 0.000000000000000000, 0.000000000000000000 ) ) ;
#5828 = ORIENTED_EDGE ( 'NONE', *, *, #2632, .F. ) ;
#5829 = EDGE_LOOP ( 'NONE', ( #9205, #5315, #4470, #7379 ) ) ;
#5830 = CARTESIAN_POINT ( 'NONE',  ( 206.6650195845878102, -16.10503967469643527, 7.773469921949165418 ) ) ;
#5831 = DIRECTION ( 'NONE',  ( 0.02840083911569750083, -0.9995966148089558967, 0.000000000000000000 ) ) ;
#5832 = CARTESIAN_POINT ( 'NONE',  ( 217.8296296471998517, -19.91713629098204308, 7.000000000000026645 ) ) ;
#5833 = CARTESIAN_POINT ( 'NONE',  ( 225.4704822130598529, -13.99515449326701955, 6.922004114322666268 ) ) ;
#5834 = CARTESIAN_POINT ( 'NONE',  ( 38.65102456598012992, -5.280000000000001137, 12.50000000000000000 ) ) ;
#5835 = CARTESIAN_POINT ( 'NONE',  ( 154.8054507112933891, -9.067605341300957633, 11.27139220372455064 ) ) ;
#5836 = ORIENTED_EDGE ( 'NONE', *, *, #2145, .F. ) ;
#5837 = ORIENTED_EDGE ( 'NONE', *, *, #836, .T. ) ;
#5838 = ORIENTED_EDGE ( 'NONE', *, *, #7777, .T. ) ;
#5839 = CARTESIAN_POINT ( 'NONE',  ( 71.86491956760129085, -12.33954522765350603, 10.49999999999999645 ) ) ;
#5840 = EDGE_CURVE ( 'NONE', #243, #3140, #851, .T. ) ;
#5841 = FACE_BOUND ( 'NONE', #1693, .T. ) ;
#5842 = CIRCLE ( 'NONE', #2556, 17.02499999999999858 ) ;
#5843 = CIRCLE ( 'NONE', #1943, 2.150000000000012790 ) ;
#5844 = DIRECTION ( 'NONE',  ( -0.000000000000000000, -0.000000000000000000, -1.000000000000000000 ) ) ;
#5845 = EDGE_CURVE ( 'NONE', #1352, #8906, #6323, .T. ) ;
#5846 = ADVANCED_FACE ( 'NONE', ( #7999 ), #6477, .F. ) ;
#5847 = PLANE ( 'NONE',  #9619 ) ;
#5848 = CARTESIAN_POINT ( 'NONE',  ( 213.8794295073149101, 10.60660171779823457, -13.50000000000000000 ) ) ;
#5849 = ORIENTED_EDGE ( 'NONE', *, *, #8732, .T. ) ;
#5850 = ORIENTED_EDGE ( 'NONE', *, *, #1395, .F. ) ;
#5851 = ORIENTED_EDGE ( 'NONE', *, *, #3648, .F. ) ;
#5852 = ORIENTED_EDGE ( 'NONE', *, *, #4716, .T. ) ;
#5853 = AXIS2_PLACEMENT_3D ( 'NONE', #4437, #91, #5216 ) ;
#5854 = AXIS2_PLACEMENT_3D ( 'NONE', #3966, #830, #1567 ) ;
#5855 = AXIS2_PLACEMENT_3D ( 'NONE', #7123, #1843, #9268 ) ;
#5856 = ADVANCED_FACE ( 'NONE', ( #5708 ), #3403, .F. ) ;
#5857 = LINE ( 'NONE', #5171, #3532 ) ;
#5858 = DIRECTION ( 'NONE',  ( 1.000000000000000000, 0.000000000000000000, 0.000000000000000000 ) ) ;
#5859 = DIRECTION ( 'NONE',  ( 0.000000000000000000, 0.000000000000000000, 1.000000000000000000 ) ) ;
#5860 = EDGE_CURVE ( 'NONE', #7313, #5005, #3192, .T. ) ;
#5861 = ADVANCED_FACE ( 'NONE', ( #1298 ), #326, .F. ) ;
#5862 = FACE_OUTER_BOUND ( 'NONE', #5340, .T. ) ;
#5863 = AXIS2_PLACEMENT_3D ( 'NONE', #7650, #7502, #6315 ) ;
#5864 = AXIS2_PLACEMENT_3D ( 'NONE', #1954, #1230, #6365 ) ;
#5865 = AXIS2_PLACEMENT_3D ( 'NONE', #65, #8823, #7588 ) ;
#5866 = DIRECTION ( 'NONE',  ( -0.000000000000000000, -0.000000000000000000, 1.000000000000000000 ) ) ;
#5867 = DIRECTION ( 'NONE',  ( -0.000000000000000000, -0.000000000000000000, -1.000000000000000000 ) ) ;
#5868 = ORIENTED_EDGE ( 'NONE', *, *, #2623, .F. ) ;
#5869 = CARTESIAN_POINT ( 'NONE',  ( 223.1973391389971084, 14.45294176984343792, 7.000000000000026645 ) ) ;
#5870 = ORIENTED_EDGE ( 'NONE', *, *, #5391, .F. ) ;
#5871 = ORIENTED_EDGE ( 'NONE', *, *, #4971, .T. ) ;
#5872 = AXIS2_PLACEMENT_3D ( 'NONE', #734, #3077, #3719 ) ;
#5873 = LINE ( 'NONE', #8851, #528 ) ;
#5874 = DIRECTION ( 'NONE',  ( 0.02840083911570188274, -0.9995966148089558967, 0.000000000000000000 ) ) ;
#5875 = EDGE_CURVE ( 'NONE', #807, #433, #4285, .T. ) ;
#5876 = CARTESIAN_POINT ( 'NONE',  ( 194.4860312251128107, 21.00000000000000000, 13.08578643762690596 ) ) ;
#5877 = CIRCLE ( 'NONE', #260, 2.000000000000001776 ) ;
#5878 = DIRECTION ( 'NONE',  ( -0.9995966148089557857, -0.02840083911570142478, 0.000000000000000000 ) ) ;
#5879 = CARTESIAN_POINT ( 'NONE',  ( 125.3887233414336606, 5.187645921537647808, 12.49999999999999822 ) ) ;
#5880 = TOROIDAL_SURFACE ( 'NONE', #6496, 5.499999999999975131, 2.000000000000000000 ) ;
#5881 = DIRECTION ( 'NONE',  ( 0.000000000000000000, 0.000000000000000000, 1.000000000000000000 ) ) ;
#5882 = ORIENTED_EDGE ( 'NONE', *, *, #9136, .T. ) ;
#5883 = DIRECTION ( 'NONE',  ( 1.000000000000000000, 0.000000000000000000, 0.000000000000000000 ) ) ;
#5884 = AXIS2_PLACEMENT_3D ( 'NONE', #9398, #1871, #5780 ) ;
#5885 = CIRCLE ( 'NONE', #8068, 13.00000000000000533 ) ;
#5886 = CARTESIAN_POINT ( 'NONE',  ( 0.000000000000000000, 0.000000000000000000, -12.50000000000000000 ) ) ;
#5887 = CARTESIAN_POINT ( 'NONE',  ( 101.8812188509856611, -12.48711666899142614, 12.49999999999999822 ) ) ;
#5888 = AXIS2_PLACEMENT_3D ( 'NONE', #5409, #1689, #3147 ) ;
#5889 = ADVANCED_FACE ( 'NONE', ( #7218 ), #3301, .T. ) ;
#5890 = CARTESIAN_POINT ( 'NONE',  ( 237.8099440910440023, -1.110223024625156540E-13, 6.000000000000026645 ) ) ;
#5891 = VECTOR ( 'NONE', #4858, 1000.000000000000000 ) ;
#5892 = DIRECTION ( 'NONE',  ( -0.9995966148089560077, -0.02840083911569831962, 0.000000000000000000 ) ) ;
#5893 = ORIENTED_EDGE ( 'NONE', *, *, #7830, .T. ) ;
#5894 = ORIENTED_EDGE ( 'NONE', *, *, #7003, .T. ) ;
#5895 = VERTEX_POINT ( 'NONE', #5757 ) ;
#5896 = AXIS2_PLACEMENT_3D ( 'NONE', #7378, #7478, #770 ) ;
#5897 = CARTESIAN_POINT ( 'NONE',  ( 65.44132729201200505, 2.483998959786623661, -13.50000000000000355 ) ) ;
#5898 = CARTESIAN_POINT ( 'NONE',  ( 132.3858996450964298, 5.386451795347571903, 12.50000000000000000 ) ) ;
#5899 = CARTESIAN_POINT ( 'NONE',  ( 95.88363916213189952, -12.65752170368563512, -13.50000000000000355 ) ) ;
#5900 = DIRECTION ( 'NONE',  ( 0.9995966148089560077, 0.02840083911570150110, -0.000000000000000000 ) ) ;
#5901 = ORIENTED_EDGE ( 'NONE', *, *, #5448, .F. ) ;
#5902 = EDGE_LOOP ( 'NONE', ( #5622, #5702, #2579, #8739 ) ) ;
#5903 = ORIENTED_EDGE ( 'NONE', *, *, #2337, .F. ) ;
#5904 = ORIENTED_EDGE ( 'NONE', *, *, #4010, .T. ) ;
#5905 = EDGE_CURVE ( 'NONE', #518, #907, #2027, .T. ) ;
#5906 = CARTESIAN_POINT ( 'NONE',  ( 54.67602456598011429, -5.280000000000001137, -6.500000000000000000 ) ) ;
#5907 = FACE_OUTER_BOUND ( 'NONE', #6288, .T. ) ;
#5908 = CARTESIAN_POINT ( 'NONE',  ( 199.4315931769737915, -9.373155592379523782, 13.49999999999999467 ) ) ;
#5909 = CARTESIAN_POINT ( 'NONE',  ( 124.4383184229506867, 3.427892958498986786, 11.50000000000000000 ) ) ;
#5910 = DIRECTION ( 'NONE',  ( -0.000000000000000000, -0.000000000000000000, -1.000000000000000000 ) ) ;
#5911 = DIRECTION ( 'NONE',  ( -0.02840083911570698630, 0.9995966148089557857, 6.541954038052501017E-15 ) ) ;
#5912 = EDGE_LOOP ( 'NONE', ( #6840, #6966, #2615, #9217, #7963, #9334, #1582, #1801 ) ) ;
#5913 = CARTESIAN_POINT ( 'NONE',  ( 225.0246542053360486, 13.70053889639895850, 6.767561387360876424 ) ) ;
#5914 = ORIENTED_EDGE ( 'NONE', *, *, #3364, .F. ) ;
#5915 = VERTEX_POINT ( 'NONE', #2568 ) ;
#5916 = EDGE_CURVE ( 'NONE', #8409, #8518, #427, .T. ) ;
#5917 = EDGE_CURVE ( 'NONE', #3197, #8177, #8259, .T. ) ;
#5918 = CARTESIAN_POINT ( 'NONE',  ( -17.02499999999999858, -2.084961175548368816E-15, -13.50000000000000178 ) ) ;
#5919 = CARTESIAN_POINT ( 'NONE',  ( -25.67890820536242202, -332.0845003547361785, -12.50000000000000000 ) ) ;
#5920 = DIRECTION ( 'NONE',  ( -0.000000000000000000, -0.000000000000000000, -1.000000000000000000 ) ) ;
#5921 = CARTESIAN_POINT ( 'NONE',  ( 38.65102456598012992, -5.280000000000001137, -12.50000000000000000 ) ) ;
#5922 = CARTESIAN_POINT ( 'NONE',  ( 204.2099964606582887, -21.00000000000000000, 7.481938115594781280 ) ) ;
#5923 = AXIS2_PLACEMENT_3D ( 'NONE', #7191, #6311, #4995 ) ;
#5924 = DIRECTION ( 'NONE',  ( 0.000000000000000000, 0.000000000000000000, 1.000000000000000000 ) ) ;
#5925 = VERTEX_POINT ( 'NONE', #6572 ) ;
#5926 = DIRECTION ( 'NONE',  ( -0.000000000000000000, -0.000000000000000000, 1.000000000000000000 ) ) ;
#5927 = EDGE_CURVE ( 'NONE', #101, #4502, #5392, .T. ) ;
#5928 = DIRECTION ( 'NONE',  ( 1.000000000000000000, 0.000000000000000000, 0.000000000000000000 ) ) ;
#5929 = CARTESIAN_POINT ( 'NONE',  ( 225.8860312251131006, -15.00000000000000000, 7.000000000000026645 ) ) ;
#5930 = DIRECTION ( 'NONE',  ( -0.000000000000000000, -0.000000000000000000, -1.000000000000000000 ) ) ;
#5931 = DIRECTION ( 'NONE',  ( 1.000000000000000000, 0.000000000000000000, 0.000000000000000000 ) ) ;
#5932 = ORIENTED_EDGE ( 'NONE', *, *, #8443, .F. ) ;
#5933 = VERTEX_POINT ( 'NONE', #2261 ) ;
#5934 = ORIENTED_EDGE ( 'NONE', *, *, #9254, .F. ) ;
#5935 = AXIS2_PLACEMENT_3D ( 'NONE', #1769, #7049, #2601 ) ;
#5936 = ADVANCED_FACE ( 'NONE', ( #9643, #4474, #3591, #5938, #5061, #2948, #5261, #5162, #8098, #2068, #2854, #6712, #8234, #7404, #5117, #2904, #659, #3640, #26, #8772, #8048, #2994, #1396, #5841, #7315, #5985, #8913 ), #8960, .F. ) ;
#5937 = CARTESIAN_POINT ( 'NONE',  ( 34.59510580418449166, -25.88459955926619571, -12.50000000000000000 ) ) ;
#5938 = FACE_BOUND ( 'NONE', #5507, .T. ) ;
#5939 = TOROIDAL_SURFACE ( 'NONE', #4232, 1.999999999999998668, 1.000000000000000000 ) ;
#5940 = CARTESIAN_POINT ( 'NONE',  ( 198.8089500046939975, -7.500000000000000000, 13.50000000000000000 ) ) ;
#5941 = DIRECTION ( 'NONE',  ( -1.000000000000000000, 0.000000000000000000, 0.000000000000000000 ) ) ;
#5942 = ORIENTED_EDGE ( 'NONE', *, *, #6923, .F. ) ;
#5943 = ORIENTED_EDGE ( 'NONE', *, *, #9143, .T. ) ;
#5944 = VERTEX_POINT ( 'NONE', #1440 ) ;
#5945 = EDGE_LOOP ( 'NONE', ( #2404, #5680, #6095, #2076 ) ) ;
#5946 = LINE ( 'NONE', #6677, #1052 ) ;
#5947 = AXIS2_PLACEMENT_3D ( 'NONE', #6161, #3267, #7680 ) ;
#5948 = DIRECTION ( 'NONE',  ( -1.000000000000000000, -1.445602896647337931E-16, -0.000000000000000000 ) ) ;
#5949 = CARTESIAN_POINT ( 'NONE',  ( 22.62602456598014911, -5.279999999999999361, 6.500000000000000000 ) ) ;
#5950 = LINE ( 'NONE', #5999, #6965 ) ;
#5951 = DIRECTION ( 'NONE',  ( 0.000000000000000000, 0.000000000000000000, 1.000000000000000000 ) ) ;
#5952 = CIRCLE ( 'NONE', #2356, 1.000000000000000888 ) ;
#5953 = CARTESIAN_POINT ( 'NONE',  ( 132.3900855675727257, 5.239123967457286035, 10.64730955306683313 ) ) ;
#5954 = VERTEX_POINT ( 'NONE', #8183 ) ;
#5955 = CARTESIAN_POINT ( 'NONE',  ( 217.5514232202395704, -17.96712939168154222, 5.000000000000026645 ) ) ;
#5956 = ORIENTED_EDGE ( 'NONE', *, *, #2791, .T. ) ;
#5957 = ORIENTED_EDGE ( 'NONE', *, *, #7831, .F. ) ;
#5958 = VECTOR ( 'NONE', #63, 1000.000000000000000 ) ;
#5959 = CARTESIAN_POINT ( 'NONE',  ( 101.9096196901013656, -13.48671328380038226, 12.49999999999999822 ) ) ;
#5960 = CARTESIAN_POINT ( 'NONE',  ( 125.8147359281691706, -9.806303300596692196, 10.49999999999999645 ) ) ;
#5961 = DIRECTION ( 'NONE',  ( 0.000000000000000000, 0.000000000000000000, 1.000000000000000000 ) ) ;
#5962 = DIRECTION ( 'NONE',  ( 0.02840083911569927372, -0.9995966148089558967, -0.000000000000000000 ) ) ;
#5963 = EDGE_CURVE ( 'NONE', #236, #3422, #8822, .T. ) ;
#5964 = DIRECTION ( 'NONE',  ( -1.000000000000000000, 0.000000000000000000, 0.000000000000000000 ) ) ;
#5965 = VERTEX_POINT ( 'NONE', #4427 ) ;
#5966 = EDGE_CURVE ( 'NONE', #5494, #2527, #7803, .T. ) ;
#5967 = DIRECTION ( 'NONE',  ( 1.000000000000000000, 0.000000000000000000, 0.000000000000000000 ) ) ;
#5968 = TOROIDAL_SURFACE ( 'NONE', #4263, 1.999999999999998668, 1.000000000000000000 ) ;
#5969 = CIRCLE ( 'NONE', #1290, 16.02499999999999858 ) ;
#5970 = DIRECTION ( 'NONE',  ( -0.2820553156127510452, -0.9593981441167120927, 0.000000000000000000 ) ) ;
#5971 = ORIENTED_EDGE ( 'NONE', *, *, #3760, .T. ) ;
#5972 = CARTESIAN_POINT ( 'NONE',  ( 171.7360312251131234, -9.500000000000001776, 11.50000000000000000 ) ) ;
#5973 = EDGE_CURVE ( 'NONE', #9531, #2159, #3982, .T. ) ;
#5974 = CARTESIAN_POINT ( 'NONE',  ( 213.8794295073149101, 10.60660171779823457, -11.50000000000000000 ) ) ;
#5975 = CARTESIAN_POINT ( 'NONE',  ( 213.8794295073142848, -10.60660171779819372, 5.000000000000026645 ) ) ;
#5976 = AXIS2_PLACEMENT_3D ( 'NONE', #8727, #7532, #2191 ) ;
#5977 = EDGE_CURVE ( 'NONE', #405, #4579, #8872, .T. ) ;
#5978 = LINE ( 'NONE', #7639, #1566 ) ;
#5979 = EDGE_CURVE ( 'NONE', #322, #2126, #9590, .T. ) ;
#5980 = CARTESIAN_POINT ( 'NONE',  ( 198.8089500046939975, -7.500000000000000000, 11.12864468912638571 ) ) ;
#5981 = ORIENTED_EDGE ( 'NONE', *, *, #2071, .F. ) ;
#5982 = ORIENTED_EDGE ( 'NONE', *, *, #8252, .T. ) ;
#5983 = CARTESIAN_POINT ( 'NONE',  ( 198.8089500046939975, 7.500000000000000000, 11.12864468912638571 ) ) ;
#5984 = DIRECTION ( 'NONE',  ( -0.02840083911567757233, 0.9995966148089566738, 0.000000000000000000 ) ) ;
#5985 = FACE_BOUND ( 'NONE', #6984, .T. ) ;
#5987 = ADVANCED_FACE ( 'NONE', ( #3047 ), #1632, .F. ) ;
#5986 = DIRECTION ( 'NONE',  ( 0.000000000000000000, 0.000000000000000000, 1.000000000000000000 ) ) ;
#5988 = FACE_OUTER_BOUND ( 'NONE', #7271, .T. ) ;
#5989 = VERTEX_POINT ( 'NONE', #9063 ) ;
#5990 = EDGE_LOOP ( 'NONE', ( #7463, #6550, #5057, #8958, #4205, #5166, #6650, #6485 ) ) ;
#5991 = VERTEX_POINT ( 'NONE', #7095 ) ;
#5992 = ORIENTED_EDGE ( 'NONE', *, *, #6528, .F. ) ;
#5993 = DIRECTION ( 'NONE',  ( 1.000000000000000000, 0.000000000000000000, -0.000000000000000000 ) ) ;
#5994 = AXIS2_PLACEMENT_3D ( 'NONE', #2292, #6640, #8988 ) ;
#5995 = AXIS2_PLACEMENT_3D ( 'NONE', #4885, #1853, #6077 ) ;
#5996 = CARTESIAN_POINT ( 'NONE',  ( 208.1338896842931376, -16.02198144233438981, 4.608495845385874645 ) ) ;
#5997 = CARTESIAN_POINT ( 'NONE',  ( 207.1805347794811780, -17.86081238363660972, 8.257165788677188090 ) ) ;
#5998 = CARTESIAN_POINT ( 'NONE',  ( 224.4860312251130949, 0.000000000000000000, 1.000000000000026867 ) ) ;
#5999 = CARTESIAN_POINT ( 'NONE',  ( 161.4026023136717924, 5.210479514893935793, -13.50000000000000355 ) ) ;
#6000 = CARTESIAN_POINT ( 'NONE',  ( 207.0570069693435187, 18.81289837977912427, 8.257165788677182761 ) ) ;
#6001 = DIRECTION ( 'NONE',  ( 0.000000000000000000, 0.000000000000000000, 1.000000000000000000 ) ) ;
#6002 = EDGE_LOOP ( 'NONE', ( #8393, #2020, #4484, #7154 ) ) ;
#6003 = AXIS2_PLACEMENT_3D ( 'NONE', #9123, #4633, #7762 ) ;
#6004 = VECTOR ( 'NONE', #5673, 1000.000000000000114 ) ;
#6005 = CARTESIAN_POINT ( 'NONE',  ( 225.6457150107485461, 14.20400059561396588, 6.979998203745023666 ) ) ;
#6006 = VERTEX_POINT ( 'NONE', #2407 ) ;
#6007 = ORIENTED_EDGE ( 'NONE', *, *, #8800, .T. ) ;
#6008 = EDGE_LOOP ( 'NONE', ( #8693, #1481, #8453, #7903 ) ) ;
#6009 = PLANE ( 'NONE',  #4914 ) ;
#6010 = CIRCLE ( 'NONE', #5714, 0.9999999999999998890 ) ;
#6011 = CIRCLE ( 'NONE', #7103, 2.000000000000001776 ) ;
#6012 = CARTESIAN_POINT ( 'NONE',  ( 64.41332983808734980, 3.455194735479897972, 10.49999999999999645 ) ) ;
#6013 = LINE ( 'NONE', #8939, #5247 ) ;
#6014 = DIRECTION ( 'NONE',  ( 0.000000000000000000, 0.000000000000000000, -1.000000000000000000 ) ) ;
#6015 = VERTEX_POINT ( 'NONE', #9018 ) ;
#6016 = CARTESIAN_POINT ( 'NONE',  ( 238.9389729949564867, -1.288692086115970525, 7.000000000000026645 ) ) ;
#6017 = DIRECTION ( 'NONE',  ( -0.000000000000000000, -0.000000000000000000, 1.000000000000000000 ) ) ;
#6018 = EDGE_LOOP ( 'NONE', ( #3959, #224, #9181, #5527, #5308 ) ) ;
#6019 = AXIS2_PLACEMENT_3D ( 'NONE', #5000, #9435, #2830 ) ;
#6020 = TOROIDAL_SURFACE ( 'NONE', #1022, 1.999999999999998668, 1.000000000000000000 ) ;
#6021 = CARTESIAN_POINT ( 'NONE',  ( 94.45041997868200667, 2.575867785027952106, 11.50000000000000000 ) ) ;
#6022 = EDGE_CURVE ( 'NONE', #6062, #1851, #2361, .T. ) ;
#6023 = CARTESIAN_POINT ( 'NONE',  ( 64.41332983808734980, 3.455194735479897972, 11.50000000000000000 ) ) ;
#6024 = CARTESIAN_POINT ( 'NONE',  ( 190.7360312251131234, -6.499999999999999112, -13.50000000000000355 ) ) ;
#6025 = DIRECTION ( 'NONE',  ( -0.9995966148089564518, -0.02840083911568098279, 0.000000000000000000 ) ) ;
#6026 = AXIS2_PLACEMENT_3D ( 'NONE', #2097, #7983, #5092 ) ;
#6027 = LINE ( 'NONE', #7542, #479 ) ;
#6028 = ADVANCED_FACE ( 'NONE', ( #6862 ), #5547, .T. ) ;
#6029 = CARTESIAN_POINT ( 'NONE',  ( 216.0294295073149442, 10.60660171779823457, -11.50000000000000000 ) ) ;
#6030 = EDGE_LOOP ( 'NONE', ( #5029, #2347, #6083, #4543 ) ) ;
#6031 = AXIS2_PLACEMENT_3D ( 'NONE', #6549, #7942, #497 ) ;
#6032 = ORIENTED_EDGE ( 'NONE', *, *, #4029, .F. ) ;
#6033 = VECTOR ( 'NONE', #9511, 1000.000000000000114 ) ;
#6034 = DIRECTION ( 'NONE',  ( 0.000000000000000000, 0.000000000000000000, -1.000000000000000000 ) ) ;
#6035 = TOROIDAL_SURFACE ( 'NONE', #3217, 6.499999999999989342, 1.000000000000000000 ) ;
#6036 = EDGE_CURVE ( 'NONE', #9641, #7366, #6010, .T. ) ;
#6037 = EDGE_CURVE ( 'NONE', #4458, #2204, #8329, .T. ) ;
#6038 = CARTESIAN_POINT ( 'NONE',  ( 24.19280461054557207, 10.82512032616560838, -13.50000000000000355 ) ) ;
#6039 = CIRCLE ( 'NONE', #4027, 4.000000000000003553 ) ;
#6040 = DIRECTION ( 'NONE',  ( -0.02840083911570142824, 0.9995966148089558967, 0.000000000000000000 ) ) ;
#6041 = AXIS2_PLACEMENT_3D ( 'NONE', #59, #2980, #165 ) ;
#6042 = AXIS2_PLACEMENT_3D ( 'NONE', #3535, #6516, #5787 ) ;
#6043 = CARTESIAN_POINT ( 'NONE',  ( 183.8860312251131290, -11.10660171779823813, -13.50000000000000000 ) ) ;
#6044 = CIRCLE ( 'NONE', #1828, 16.02499999999999858 ) ;
#6045 = CARTESIAN_POINT ( 'NONE',  ( 171.7360312251131234, 3.499999999999999556, 13.50000000000000178 ) ) ;
#6046 = ADVANCED_FACE ( 'NONE', ( #6816 ), #5639, .F. ) ;
#6047 = VERTEX_POINT ( 'NONE', #1584 ) ;
#6048 = ORIENTED_EDGE ( 'NONE', *, *, #2078, .T. ) ;
#6049 = ORIENTED_EDGE ( 'NONE', *, *, #1681, .F. ) ;
#6050 = ORIENTED_EDGE ( 'NONE', *, *, #4489, .F. ) ;
#6051 = VECTOR ( 'NONE', #6981, 1000.000000000000000 ) ;
#6052 = VECTOR ( 'NONE', #7733, 1000.000000000000000 ) ;
#6053 = DIRECTION ( 'NONE',  ( -0.000000000000000000, -0.000000000000000000, -1.000000000000000000 ) ) ;
#6054 = EDGE_CURVE ( 'NONE', #1684, #6767, #6174, .T. ) ;
#6055 = CARTESIAN_POINT ( 'NONE',  ( 208.7060566501069729, -21.00000000003446132, 12.21916106224526644 ) ) ;
#6056 = CARTESIAN_POINT ( 'NONE',  ( 124.8435401524758674, -10.83430075452132968, 10.49999999999999645 ) ) ;
#6057 = CARTESIAN_POINT ( 'NONE',  ( 183.7360312251131234, -5.500000000000004441, -13.50000000000000355 ) ) ;
#6058 = TOROIDAL_SURFACE ( 'NONE', #132, 6.000000000000001776, 2.000000000000000000 ) ;
#6059 = FACE_OUTER_BOUND ( 'NONE', #9597, .T. ) ;
#6060 = CARTESIAN_POINT ( 'NONE',  ( 224.4860312251130949, 0.000000000000000000, 4.000000000000026645 ) ) ;
#6061 = CYLINDRICAL_SURFACE ( 'NONE', #9369, 1.000000000000000888 ) ;
#6062 = VERTEX_POINT ( 'NONE', #3892 ) ;
#6063 = CARTESIAN_POINT ( 'NONE',  ( 94.84153475924887289, -11.18981741405199060, 10.97266034936147427 ) ) ;
#6064 = ORIENTED_EDGE ( 'NONE', *, *, #364, .F. ) ;
#6065 = ORIENTED_EDGE ( 'NONE', *, *, #6757, .F. ) ;
#6066 = ORIENTED_EDGE ( 'NONE', *, *, #4239, .T. ) ;
#6067 = EDGE_CURVE ( 'NONE', #3310, #9069, #1796, .T. ) ;
#6068 = DIRECTION ( 'NONE',  ( 0.9995966148089558967, 0.02840083911569927372, 0.000000000000000000 ) ) ;
#6069 = DIRECTION ( 'NONE',  ( -0.000000000000000000, -0.000000000000000000, 1.000000000000000000 ) ) ;
#6070 = DIRECTION ( 'NONE',  ( -0.000000000000000000, -0.000000000000000000, 1.000000000000000000 ) ) ;
#6071 = DIRECTION ( 'NONE',  ( -0.02840083911570120620, 0.9995966148089558967, 0.000000000000000000 ) ) ;
#6072 = ORIENTED_EDGE ( 'NONE', *, *, #5973, .T. ) ;
#6073 = CARTESIAN_POINT ( 'NONE',  ( 125.3319216632022517, 7.186839151155558270, 13.50000000000000000 ) ) ;
#6074 = DIRECTION ( 'NONE',  ( 0.000000000000000000, 0.000000000000000000, -1.000000000000000000 ) ) ;
#6075 = ORIENTED_EDGE ( 'NONE', *, *, #985, .F. ) ;
#6076 = CARTESIAN_POINT ( 'NONE',  ( 239.0926329429107113, -10.60660171779883321, -13.50000000000000000 ) ) ;
#6077 = DIRECTION ( 'NONE',  ( 1.000000000000000000, 0.000000000000000000, 0.000000000000000000 ) ) ;
#6078 = DIRECTION ( 'NONE',  ( -0.3809044632332446167, 0.9246144006498026036, 0.000000000000000000 ) ) ;
#6079 = CARTESIAN_POINT ( 'NONE',  ( 65.92414155697890976, -14.50914349196562725, 12.49999999999999822 ) ) ;
#6080 = DIRECTION ( 'NONE',  ( 1.000000000000000000, 0.000000000000000000, 0.000000000000000000 ) ) ;
#6081 = FACE_OUTER_BOUND ( 'NONE', #3454, .T. ) ;
#6082 = ORIENTED_EDGE ( 'NONE', *, *, #8014, .F. ) ;
#6083 = ORIENTED_EDGE ( 'NONE', *, *, #8252, .F. ) ;
#6084 = CYLINDRICAL_SURFACE ( 'NONE', #3388, 3.499999999999975131 ) ;
#6085 = PLANE ( 'NONE',  #1046 ) ;
#6086 = DIRECTION ( 'NONE',  ( -0.000000000000000000, -0.000000000000000000, -1.000000000000000000 ) ) ;
#6087 = DIRECTION ( 'NONE',  ( 0.000000000000000000, 0.000000000000000000, -1.000000000000000000 ) ) ;
#6088 = CARTESIAN_POINT ( 'NONE',  ( 65.83893903963182481, -11.51035364753875889, -13.50000000000000355 ) ) ;
#6089 = ORIENTED_EDGE ( 'NONE', *, *, #598, .F. ) ;
#6090 = EDGE_CURVE ( 'NONE', #9046, #7190, #7423, .T. ) ;
#6091 = ORIENTED_EDGE ( 'NONE', *, *, #3277, .T. ) ;
#6092 = ADVANCED_FACE ( 'NONE', ( #4671 ), #3099, .T. ) ;
#6093 = VECTOR ( 'NONE', #2425, 1000.000000000000000 ) ;
#6094 = ORIENTED_EDGE ( 'NONE', *, *, #858, .T. ) ;
#6095 = ORIENTED_EDGE ( 'NONE', *, *, #3094, .F. ) ;
#6096 = CARTESIAN_POINT ( 'NONE',  ( 38.65102456598012992, -5.280000000000000249, 5.500000000000000000 ) ) ;
#6097 = EDGE_CURVE ( 'NONE', #446, #588, #701, .T. ) ;
#6098 = CARTESIAN_POINT ( 'NONE',  ( 207.9496908901186600, -16.03263826636005263, 5.000000000000058620 ) ) ;
#6099 = VECTOR ( 'NONE', #4229, 999.9999999999998863 ) ;
#6100 = DIRECTION ( 'NONE',  ( -0.000000000000000000, -0.000000000000000000, 1.000000000000000000 ) ) ;
#6101 = LINE ( 'NONE', #5368, #7734 ) ;
#6102 = CARTESIAN_POINT ( 'NONE',  ( 234.4860312251130949, 1.224646799147354440E-15, 4.000000000000026645 ) ) ;
#6103 = EDGE_CURVE ( 'NONE', #9230, #6238, #950, .T. ) ;
#6104 = DIRECTION ( 'NONE',  ( -1.000000000000000000, 0.000000000000000000, 0.000000000000000000 ) ) ;
#6105 = EDGE_CURVE ( 'NONE', #8968, #6141, #8198, .T. ) ;
#6106 = CARTESIAN_POINT ( 'NONE',  ( 216.8880902843285128, -19.57731578793040939, 6.000000000000026645 ) ) ;
#6107 = ORIENTED_EDGE ( 'NONE', *, *, #3823, .F. ) ;
#6108 = EDGE_CURVE ( 'NONE', #2335, #5790, #9296, .T. ) ;
#6109 = DIRECTION ( 'NONE',  ( -0.000000000000000000, -0.000000000000000000, -1.000000000000000000 ) ) ;
#6110 = ORIENTED_EDGE ( 'NONE', *, *, #4594, .T. ) ;
#6111 = VERTEX_POINT ( 'NONE', #8570 ) ;
#6112 = ORIENTED_EDGE ( 'NONE', *, *, #8180, .F. ) ;
#6113 = CARTESIAN_POINT ( 'NONE',  ( 72.41050614175007638, 3.654000609289787871, -13.50000000000000355 ) ) ;
#6114 = CIRCLE ( 'NONE', #7209, 1.000000000000011324 ) ;
#6115 = CARTESIAN_POINT ( 'NONE',  ( 198.8089500046939975, 7.500000000000000000, 13.50000000000000000 ) ) ;
#6116 = CARTESIAN_POINT ( 'NONE',  ( 198.8089500046939975, 7.500000000000000000, 11.50000000000000000 ) ) ;
#6117 = CARTESIAN_POINT ( 'NONE',  ( 95.91204000124760398, -13.65711831849459124, 13.50000000000000000 ) ) ;
#6118 = ORIENTED_EDGE ( 'NONE', *, *, #8365, .F. ) ;
#6119 = EDGE_CURVE ( 'NONE', #8145, #2159, #3379, .T. ) ;
#6120 = CARTESIAN_POINT ( 'NONE',  ( 189.7360312251131234, 6.500000000000000888, -13.50000000000000355 ) ) ;
#6121 = ORIENTED_EDGE ( 'NONE', *, *, #8951, .F. ) ;
#6122 = LINE ( 'NONE', #6076, #4961 ) ;
#6123 = LINE ( 'NONE', #3086, #4762 ) ;
#6124 = CARTESIAN_POINT ( 'NONE',  ( 102.8385490977681940, -10.97110772691113922, 10.98746836239024738 ) ) ;
#6125 = CARTESIAN_POINT ( 'NONE',  ( 182.4860312251131234, -11.10660171779823813, -13.50000000000000000 ) ) ;
#6126 = TOROIDAL_SURFACE ( 'NONE', #8626, 20.00000000000000000, 1.000000000000000000 ) ;
#6127 = LINE ( 'NONE', #8174, #3127 ) ;
#6128 = CYLINDRICAL_SURFACE ( 'NONE', #3629, 1.000000000000001110 ) ;
#6129 = ORIENTED_EDGE ( 'NONE', *, *, #3232, .F. ) ;
#6130 = ORIENTED_EDGE ( 'NONE', *, *, #7523, .F. ) ;
#6131 = ORIENTED_EDGE ( 'NONE', *, *, #470, .T. ) ;
#6132 = VECTOR ( 'NONE', #7693, 1000.000000000000000 ) ;
#6133 = CARTESIAN_POINT ( 'NONE',  ( 162.3737980893650956, 6.238476968818615909, 10.49999999999999645 ) ) ;
#6134 = CARTESIAN_POINT ( 'NONE',  ( 94.85564170820718743, -11.68632592799237280, 11.50000000000000000 ) ) ;
#6135 = DIRECTION ( 'NONE',  ( 0.000000000000000000, 0.000000000000000000, -1.000000000000000000 ) ) ;
#6136 = TOROIDAL_SURFACE ( 'NONE', #7386, 1.999999999999998668, 1.000000000000000000 ) ;
#6137 = CARTESIAN_POINT ( 'NONE',  ( 64.86085274693601832, -12.29583229974998204, 10.74260758778206970 ) ) ;
#6138 = ORIENTED_EDGE ( 'NONE', *, *, #7292, .F. ) ;
#6139 = ORIENTED_EDGE ( 'NONE', *, *, #2249, .T. ) ;
#6140 = ORIENTED_EDGE ( 'NONE', *, *, #2799, .T. ) ;
#6141 = VERTEX_POINT ( 'NONE', #3787 ) ;
#6142 = DIRECTION ( 'NONE',  ( -0.000000000000000000, -0.000000000000000000, -1.000000000000000000 ) ) ;
#6143 = ADVANCED_FACE ( 'NONE', ( #6761 ), #7240, .T. ) ;
#6144 = CARTESIAN_POINT ( 'NONE',  ( 208.5378230646701070, -16.89161216741124605, 5.000000000000027534 ) ) ;
#6145 = CARTESIAN_POINT ( 'NONE',  ( 171.4776792904964395, 7.491648065383497368, 3.000000000000025313 ) ) ;
#6146 = DIRECTION ( 'NONE',  ( 1.000000000000000000, 0.000000000000000000, 0.000000000000000000 ) ) ;
#6147 = FACE_OUTER_BOUND ( 'NONE', #3814, .T. ) ;
#6148 = CARTESIAN_POINT ( 'NONE',  ( 0.000000000000000000, 0.000000000000000000, 1.499999999999999556 ) ) ;
#6149 = LINE ( 'NONE', #5286, #314 ) ;
#6150 = ORIENTED_EDGE ( 'NONE', *, *, #4133, .T. ) ;
#6151 = CARTESIAN_POINT ( 'NONE',  ( 94.81613193678587947, -10.29573906526819904, 11.46710739012794811 ) ) ;
#6152 = ORIENTED_EDGE ( 'NONE', *, *, #2676, .F. ) ;
#6153 = ORIENTED_EDGE ( 'NONE', *, *, #3884, .T. ) ;
#6154 = VERTEX_POINT ( 'NONE', #5822 ) ;
#6155 = EDGE_CURVE ( 'NONE', #1069, #6807, #1642, .T. ) ;
#6156 = EDGE_CURVE ( 'NONE', #4702, #8102, #5091, .T. ) ;
#6157 = CARTESIAN_POINT ( 'NONE',  ( 202.0696601551704532, 20.99444758151172152, 12.62141331692437163 ) ) ;
#6158 = CARTESIAN_POINT ( 'NONE',  ( 162.3779840118414199, 6.091149140928258987, 10.64730955306678695 ) ) ;
#6159 = AXIS2_PLACEMENT_3D ( 'NONE', #104, #9621, #7526 ) ;
#6160 = AXIS2_PLACEMENT_3D ( 'NONE', #624, #9562, #2866 ) ;
#6161 = CARTESIAN_POINT ( 'NONE',  ( 224.4860312251130949, 15.00000000000000000, 13.50000000000000000 ) ) ;
#6162 = DIRECTION ( 'NONE',  ( 0.000000000000000000, -1.000000000000000000, 0.000000000000000000 ) ) ;
#6163 = ORIENTED_EDGE ( 'NONE', *, *, #4250, .F. ) ;
#6164 = PLANE ( 'NONE',  #9559 ) ;
#6165 = CARTESIAN_POINT ( 'NONE',  ( 171.7360312251131234, 3.499999999999999556, 5.000000000000026645 ) ) ;
#6166 = ORIENTED_EDGE ( 'NONE', *, *, #595, .F. ) ;
#6167 = DIRECTION ( 'NONE',  ( -0.9995966148089560077, -0.02840083911569750430, 0.000000000000000000 ) ) ;
#6168 = CIRCLE ( 'NONE', #3029, 4.000000000000003553 ) ;
#6169 = CIRCLE ( 'NONE', #7892, 1.000000000000000888 ) ;
#6170 = VECTOR ( 'NONE', #2621, 1000.000000000000000 ) ;
#6171 = EDGE_CURVE ( 'NONE', #1751, #3040, #9393, .T. ) ;
#6172 = DIRECTION ( 'NONE',  ( -0.02840083911567758967, 0.9995966148089565628, 0.000000000000000000 ) ) ;
#6173 = DIRECTION ( 'NONE',  ( 0.000000000000000000, 0.000000000000000000, 1.000000000000000000 ) ) ;
#6174 = CIRCLE ( 'NONE', #2888, 2.000000000000001776 ) ;
#6175 = AXIS2_PLACEMENT_3D ( 'NONE', #3404, #3493, #3354 ) ;
#6176 = CARTESIAN_POINT ( 'NONE',  ( 54.67602456598011429, -5.280000000000001137, 6.500000000000000000 ) ) ;
#6177 = ORIENTED_EDGE ( 'NONE', *, *, #8903, .T. ) ;
#6178 = ORIENTED_EDGE ( 'NONE', *, *, #4548, .T. ) ;
#6179 = DIRECTION ( 'NONE',  ( 1.000000000000000000, 0.000000000000000000, 0.000000000000000000 ) ) ;
#6180 = ADVANCED_FACE ( 'NONE', ( #5776 ), #7336, .F. ) ;
#6181 = DIRECTION ( 'NONE',  ( 0.000000000000000000, 0.000000000000000000, 1.000000000000000000 ) ) ;
#6182 = AXIS2_PLACEMENT_3D ( 'NONE', #3915, #1757, #6256 ) ;
#6183 = DIRECTION ( 'NONE',  ( 1.000000000000000000, 0.000000000000000000, 0.000000000000000000 ) ) ;
#6184 = DIRECTION ( 'NONE',  ( 0.000000000000000000, 0.000000000000000000, -1.000000000000000000 ) ) ;
#6185 = CARTESIAN_POINT ( 'NONE',  ( 64.84983667180816269, -11.90811025529145617, 11.08211762547725243 ) ) ;
#6186 = AXIS2_PLACEMENT_3D ( 'NONE', #5839, #2116, #1537 ) ;
#6187 = EDGE_LOOP ( 'NONE', ( #4223, #184, #6350, #7943 ) ) ;
#6188 = ORIENTED_EDGE ( 'NONE', *, *, #7401, .F. ) ;
#6189 = VECTOR ( 'NONE', #1710, 1000.000000000000000 ) ;
#6190 = ORIENTED_EDGE ( 'NONE', *, *, #6733, .F. ) ;
#6191 = ORIENTED_EDGE ( 'NONE', *, *, #1548, .F. ) ;
#6192 = AXIS2_PLACEMENT_3D ( 'NONE', #7156, #1236, #5050 ) ;
#6193 = VECTOR ( 'NONE', #3625, 1000.000000000000000 ) ;
#6194 = CIRCLE ( 'NONE', #4641, 1.000000000000000666 ) ;
#6195 = DIRECTION ( 'NONE',  ( 1.000000000000000000, 0.000000000000000000, 0.000000000000000000 ) ) ;
#6196 = FACE_OUTER_BOUND ( 'NONE', #8326, .T. ) ;
#6197 = VECTOR ( 'NONE', #5663, 1000.000000000000000 ) ;
#6198 = CARTESIAN_POINT ( 'NONE',  ( 125.7863350890534520, -8.806706685787736077, 10.49999999999999822 ) ) ;
#6199 = CARTESIAN_POINT ( 'NONE',  ( 95.45762657539637530, 2.336427518448702223, 10.49999999999999645 ) ) ;
#6200 = DIRECTION ( 'NONE',  ( 0.000000000000000000, 0.000000000000000000, -1.000000000000000000 ) ) ;
#6201 = VECTOR ( 'NONE', #8418, 1000.000000000000000 ) ;
#6202 = CARTESIAN_POINT ( 'NONE',  ( 217.5514232202395704, -17.96712939168154577, 6.000000000000026645 ) ) ;
#6203 = VERTEX_POINT ( 'NONE', #7938 ) ;
#6204 = AXIS2_PLACEMENT_3D ( 'NONE', #1814, #8610, #7832 ) ;
#6205 = DIRECTION ( 'NONE',  ( -0.000000000000000000, 1.000000000000000000, 0.000000000000000000 ) ) ;
#6206 = ORIENTED_EDGE ( 'NONE', *, *, #4659, .T. ) ;
#6207 = VERTEX_POINT ( 'NONE', #5045 ) ;
#6208 = ORIENTED_EDGE ( 'NONE', *, *, #3430, .T. ) ;
#6209 = CIRCLE ( 'NONE', #7455, 0.9999999999999991118 ) ;
#6210 = AXIS2_PLACEMENT_3D ( 'NONE', #2149, #4507, #3766 ) ;
#6211 = CARTESIAN_POINT ( 'NONE',  ( 71.38210530263437192, 4.653597224098742657, -13.50000000000000355 ) ) ;
#6212 = CARTESIAN_POINT ( 'NONE',  ( 5.641106312255087296, 19.18796288233420100, -12.50000000000000000 ) ) ;
#6213 = FACE_OUTER_BOUND ( 'NONE', #4618, .T. ) ;
#6214 = CARTESIAN_POINT ( 'NONE',  ( 154.4072838493064239, 4.946285084607698224, 11.35151115349258255 ) ) ;
#6215 = ORIENTED_EDGE ( 'NONE', *, *, #1519, .T. ) ;
#6216 = FACE_OUTER_BOUND ( 'NONE', #2359, .T. ) ;
#6217 = CARTESIAN_POINT ( 'NONE',  ( 132.8407164561386651, -10.63549488071143578, 12.49999999999999822 ) ) ;
#6218 = ORIENTED_EDGE ( 'NONE', *, *, #8544, .F. ) ;
#6219 = EDGE_CURVE ( 'NONE', #4126, #8869, #4152, .T. ) ;
#6220 = EDGE_CURVE ( 'NONE', #8767, #795, #5399, .T. ) ;
#6221 = CARTESIAN_POINT ( 'NONE',  ( 94.40122828235602981, 4.307219908950941090, 10.49999999999999645 ) ) ;
#6222 = ADVANCED_FACE ( 'NONE', ( #2784 ), #247, .T. ) ;
#6223 = CARTESIAN_POINT ( 'NONE',  ( 124.8132812308262061, -9.769307022274132279, 11.35151493817990698 ) ) ;
#6224 = AXIS2_PLACEMENT_3D ( 'NONE', #143, #6053, #2419 ) ;
#6225 = CARTESIAN_POINT ( 'NONE',  ( 231.0926329429113650, 10.60660171779759509, -13.50000000000000000 ) ) ;
#6226 = ORIENTED_EDGE ( 'NONE', *, *, #1201, .F. ) ;
#6227 = FACE_OUTER_BOUND ( 'NONE', #278, .T. ) ;
#6228 = DIRECTION ( 'NONE',  ( 0.000000000000000000, 0.000000000000000000, -1.000000000000000000 ) ) ;
#6229 = ORIENTED_EDGE ( 'NONE', *, *, #8143, .T. ) ;
#6230 = ORIENTED_EDGE ( 'NONE', *, *, #5875, .F. ) ;
#6231 = ADVANCED_FACE ( 'NONE', ( #8756, #8024 ), #2881, .T. ) ;
#6232 = CARTESIAN_POINT ( 'NONE',  ( 194.4860312251130949, 21.00000000000000000, -13.50000000000000000 ) ) ;
#6233 = CARTESIAN_POINT ( 'NONE',  ( 224.4860312251130949, 0.000000000000000000, -12.50000000000000000 ) ) ;
#6234 = DIRECTION ( 'NONE',  ( -0.9593981441167114266, 0.2820553156127533767, 0.000000000000000000 ) ) ;
#6235 = DIRECTION ( 'NONE',  ( -1.000000000000000000, 0.000000000000000000, 0.000000000000000000 ) ) ;
#6236 = CARTESIAN_POINT ( 'NONE',  ( 39.32982670407120906, -25.26847737215926060, -12.50000000000000000 ) ) ;
#6237 = ORIENTED_EDGE ( 'NONE', *, *, #4091, .F. ) ;
#6238 = VERTEX_POINT ( 'NONE', #8714 ) ;
#6239 = ADVANCED_FACE ( 'NONE', ( #4218 ), #7293, .T. ) ;
#6240 = ORIENTED_EDGE ( 'NONE', *, *, #2506, .F. ) ;
#6241 = ORIENTED_EDGE ( 'NONE', *, *, #302, .T. ) ;
#6242 = CARTESIAN_POINT ( 'NONE',  ( 206.0246921302533281, -20.96348396356230026, 5.000000000000026645 ) ) ;
#6243 = CARTESIAN_POINT ( 'NONE',  ( 171.5145451657085118, 7.494166958680833268, 3.153283935973684837 ) ) ;
#6244 = CARTESIAN_POINT ( 'NONE',  ( 24.54852523620924387, 16.65140590825153666, -13.50000000000000000 ) ) ;
#6245 = DIRECTION ( 'NONE',  ( -1.000000000000000000, 0.000000000000000000, 0.000000000000000000 ) ) ;
#6246 = CIRCLE ( 'NONE', #7340, 1.000000000000000888 ) ;
#6247 = CARTESIAN_POINT ( 'NONE',  ( 189.7360312251131234, -6.499999999999999112, -13.50000000000000355 ) ) ;
#6248 = CARTESIAN_POINT ( 'NONE',  ( 154.8279968548905572, -9.861139952193596514, 10.62118390732696760 ) ) ;
#6249 = ORIENTED_EDGE ( 'NONE', *, *, #3048, .T. ) ;
#6250 = DIRECTION ( 'NONE',  ( -0.000000000000000000, -0.000000000000000000, 1.000000000000000000 ) ) ;
#6251 = VERTEX_POINT ( 'NONE', #3570 ) ;
#6252 = ORIENTED_EDGE ( 'NONE', *, *, #7760, .F. ) ;
#6253 = ORIENTED_EDGE ( 'NONE', *, *, #1973, .F. ) ;
#6254 = CIRCLE ( 'NONE', #5, 1.000000000000000888 ) ;
#6255 = DIRECTION ( 'NONE',  ( 0.9593981441167123148, -0.2820553156127501571, -0.000000000000000000 ) ) ;
#6256 = DIRECTION ( 'NONE',  ( 0.02840083911570534872, -0.9995966148089557857, 0.000000000000000000 ) ) ;
#6257 = CARTESIAN_POINT ( 'NONE',  ( 210.3414100343048574, 21.00000000004163070, 9.340871909823249553 ) ) ;
#6258 = AXIS2_PLACEMENT_3D ( 'NONE', #5142, #4956, #5778 ) ;
#6259 = CARTESIAN_POINT ( 'NONE',  ( 154.3838782631042363, 5.770068658044365861, 10.74129772763672719 ) ) ;
#6260 = VERTEX_POINT ( 'NONE', #6543 ) ;
#6261 = DIRECTION ( 'NONE',  ( 1.000000000000000000, 0.000000000000000000, 0.000000000000000000 ) ) ;
#6262 = CARTESIAN_POINT ( 'NONE',  ( 26.65102456598012282, -5.279999999999998472, 5.500000000000000000 ) ) ;
#6263 = ORIENTED_EDGE ( 'NONE', *, *, #1201, .T. ) ;
#6264 = CARTESIAN_POINT ( 'NONE',  ( 72.42854441289685496, 3.033328469553588924, 11.09612107754097998 ) ) ;
#6265 = CARTESIAN_POINT ( 'NONE',  ( 59.98646400674813606, 1.328610198507487627, 10.49999999999999822 ) ) ;
#6266 = EDGE_CURVE ( 'NONE', #5954, #357, #3516, .T. ) ;
#6267 = ADVANCED_FACE ( 'NONE', ( #4900, #4360 ), #634, .T. ) ;
#6268 = CARTESIAN_POINT ( 'NONE',  ( 131.8407164561386651, -10.63549488071143578, 10.49999999999999645 ) ) ;
#6269 = VERTEX_POINT ( 'NONE', #7883 ) ;
#6270 = CARTESIAN_POINT ( 'NONE',  ( 59.97579688853735291, 1.704050346942085792, 11.50000000000000000 ) ) ;
#6271 = CARTESIAN_POINT ( 'NONE',  ( 154.3770251708933756, 6.011270255893026437, 10.49999999999999645 ) ) ;
#6272 = ORIENTED_EDGE ( 'NONE', *, *, #5183, .F. ) ;
#6273 = ORIENTED_EDGE ( 'NONE', *, *, #1967, .T. ) ;
#6274 = EDGE_CURVE ( 'NONE', #3242, #8968, #7259, .T. ) ;
#6275 = DIRECTION ( 'NONE',  ( 0.000000000000000000, 1.000000000000000000, 0.000000000000000000 ) ) ;
#6276 = DIRECTION ( 'NONE',  ( 0.000000000000000000, 0.000000000000000000, 1.000000000000000000 ) ) ;
#6277 = AXIS2_PLACEMENT_3D ( 'NONE', #491, #731, #2877 ) ;
#6278 = DIRECTION ( 'NONE',  ( 1.000000000000000000, 0.000000000000000000, 0.000000000000000000 ) ) ;
#6279 = ADVANCED_FACE ( 'NONE', ( #3473 ), #4174, .F. ) ;
#6280 = EDGE_CURVE ( 'NONE', #924, #5097, #6950, .T. ) ;
#6281 = DIRECTION ( 'NONE',  ( 1.000000000000000000, 0.000000000000000000, 0.000000000000000000 ) ) ;
#6282 = DIRECTION ( 'NONE',  ( 0.000000000000000000, 0.000000000000000000, 1.000000000000000000 ) ) ;
#6283 = VERTEX_POINT ( 'NONE', #5960 ) ;
#6284 = ORIENTED_EDGE ( 'NONE', *, *, #1032, .T. ) ;
#6285 = AXIS2_PLACEMENT_3D ( 'NONE', #8236, #1490, #5313 ) ;
#6286 = CIRCLE ( 'NONE', #354, 1.400000000000012346 ) ;
#6287 = ORIENTED_EDGE ( 'NONE', *, *, #9050, .F. ) ;
#6288 = EDGE_LOOP ( 'NONE', ( #6983, #5239, #2510, #6107 ) ) ;
#6289 = CARTESIAN_POINT ( 'NONE',  ( 165.7360312251131234, -3.499999999999999112, 13.50000000000000000 ) ) ;
#6290 = CARTESIAN_POINT ( 'NONE',  ( 155.8310352115535693, -9.953874741934612302, 13.50000000000000000 ) ) ;
#6291 = EDGE_CURVE ( 'NONE', #7754, #499, #3991, .T. ) ;
#6292 = CYLINDRICAL_SURFACE ( 'NONE', #5855, 20.99999999999998934 ) ;
#6293 = CYLINDRICAL_SURFACE ( 'NONE', #3543, 1.000000000000000888 ) ;
#6294 = CARTESIAN_POINT ( 'NONE',  ( 125.8431367672848751, -10.80589991540564654, 12.49999999999999822 ) ) ;
#6295 = CYLINDRICAL_SURFACE ( 'NONE', #6868, 6.000000000000005329 ) ;
#6296 = EDGE_CURVE ( 'NONE', #4204, #4433, #5241, .T. ) ;
#6297 = ORIENTED_EDGE ( 'NONE', *, *, #6933, .F. ) ;
#6298 = LINE ( 'NONE', #8594, #8084 ) ;
#6299 = ORIENTED_EDGE ( 'NONE', *, *, #2622, .T. ) ;
#6300 = ORIENTED_EDGE ( 'NONE', *, *, #1247, .F. ) ;
#6301 = ORIENTED_EDGE ( 'NONE', *, *, #5683, .T. ) ;
#6302 = CARTESIAN_POINT ( 'NONE',  ( 72.86491956760129085, -12.33954522765350603, -13.50000000000000355 ) ) ;
#6303 = CARTESIAN_POINT ( 'NONE',  ( 65.41292645289631480, 3.483595574595578892, 12.49999999999999822 ) ) ;
#6304 = B_SPLINE_CURVE_WITH_KNOTS ( 'NONE', 3,
 ( #6133, #3191, #221, #9308 ),
 .UNSPECIFIED., .F., .F.,
 ( 4, 4 ),
 ( -6.324555320347477584E-06, 3.381796117387778544E-05 ),
 .UNSPECIFIED. ) ;
#6305 = DIRECTION ( 'NONE',  ( 1.000000000000000000, 0.000000000000000000, 0.000000000000000000 ) ) ;
#6306 = FACE_OUTER_BOUND ( 'NONE', #1189, .T. ) ;
#6307 = CARTESIAN_POINT ( 'NONE',  ( 161.8286149004072740, -9.783469707240403324, -13.50000000000000355 ) ) ;
#6308 = ORIENTED_EDGE ( 'NONE', *, *, #776, .F. ) ;
#6309 = DIRECTION ( 'NONE',  ( -0.000000000000000000, -0.000000000000000000, -1.000000000000000000 ) ) ;
#6310 = EDGE_LOOP ( 'NONE', ( #8351, #7962, #2456, #6866, #5656, #5307 ) ) ;
#6311 = DIRECTION ( 'NONE',  ( -0.000000000000000000, -0.000000000000000000, 1.000000000000000000 ) ) ;
#6312 = CARTESIAN_POINT ( 'NONE',  ( 206.5813755389492883, 18.87294088352914656, 9.212119619364358414 ) ) ;
#6313 = AXIS2_PLACEMENT_3D ( 'NONE', #7274, #580, #9338 ) ;
#6314 = AXIS2_PLACEMENT_3D ( 'NONE', #6749, #789, #5928 ) ;
#6315 = DIRECTION ( 'NONE',  ( 1.000000000000000000, 0.000000000000000000, 0.000000000000000000 ) ) ;
#6316 = CARTESIAN_POINT ( 'NONE',  ( 131.8407164561386651, -10.63549488071143578, -13.50000000000000355 ) ) ;
#6317 = ORIENTED_EDGE ( 'NONE', *, *, #2710, .T. ) ;
#6318 = DIRECTION ( 'NONE',  ( 0.3809044632332377889, -0.9246144006498056012, 0.000000000000000000 ) ) ;
#6319 = APPLICATION_CONTEXT ( 'automotive_design' ) ;
#6320 = DIRECTION ( 'NONE',  ( -0.9995966148089562298, -0.02840083911569148134, 0.000000000000000000 ) ) ;
#6321 = ORIENTED_EDGE ( 'NONE', *, *, #7359, .T. ) ;
#6322 = ORIENTED_EDGE ( 'NONE', *, *, #5153, .T. ) ;
#6323 = CIRCLE ( 'NONE', #2093, 1.000000000000000888 ) ;
#6324 = VECTOR ( 'NONE', #884, 1000.000000000000114 ) ;
#6325 = AXIS2_PLACEMENT_3D ( 'NONE', #5513, #6877, #8401 ) ;
#6326 = PLANE ( 'NONE',  #1977 ) ;
#6327 = EDGE_CURVE ( 'NONE', #3250, #1153, #7435, .T. ) ;
#6328 = CARTESIAN_POINT ( 'NONE',  ( 95.42922573628068506, 3.336024133257658342, -13.50000000000000355 ) ) ;
#6329 = LINE ( 'NONE', #1775, #9159 ) ;
#6330 = VECTOR ( 'NONE', #1087, 1000.000000000000227 ) ;
#6331 = EDGE_CURVE ( 'NONE', #4389, #984, #5140, .T. ) ;
#6332 = FACE_OUTER_BOUND ( 'NONE', #6376, .T. ) ;
#6333 = CARTESIAN_POINT ( 'NONE',  ( 161.3742014745560880, 6.210076129702891023, 11.50000000000000000 ) ) ;
#6334 = EDGE_LOOP ( 'NONE', ( #4815, #4519, #9260, #7039 ) ) ;
#6335 = ORIENTED_EDGE ( 'NONE', *, *, #8445, .T. ) ;
#6336 = VERTEX_POINT ( 'NONE', #5232 ) ;
#6337 = VERTEX_POINT ( 'NONE', #6012 ) ;
#6338 = EDGE_CURVE ( 'NONE', #5965, #9376, #8514, .T. ) ;
#6339 = EDGE_CURVE ( 'NONE', #6437, #9640, #86, .T. ) ;
#6340 = CIRCLE ( 'NONE', #2267, 1.400000000000012346 ) ;
#6341 = DIRECTION ( 'NONE',  ( 0.000000000000000000, 0.000000000000000000, 1.000000000000000000 ) ) ;
#6342 = CARTESIAN_POINT ( 'NONE',  ( 213.8794295073142848, -10.60660171779819372, -13.50000000000000000 ) ) ;
#6343 = DIRECTION ( 'NONE',  ( -0.000000000000000000, -0.000000000000000000, 1.000000000000000000 ) ) ;
#6344 = DIRECTION ( 'NONE',  ( -0.9995966148089557857, -0.02840083911570164335, -0.000000000000000000 ) ) ;
#6345 = AXIS2_PLACEMENT_3D ( 'NONE', #1504, #4439, #3652 ) ;
#6346 = CYLINDRICAL_SURFACE ( 'NONE', #4722, 1.400000000000012346 ) ;
#6347 = CARTESIAN_POINT ( 'NONE',  ( 154.8173316477862045, -9.485767067109925677, 10.97266034936147072 ) ) ;
#6348 = ORIENTED_EDGE ( 'NONE', *, *, #9513, .T. ) ;
#6349 = DIRECTION ( 'NONE',  ( -1.000000000000000000, 1.224646799147351482E-16, 0.000000000000000000 ) ) ;
#6350 = ORIENTED_EDGE ( 'NONE', *, *, #6274, .F. ) ;
#6351 = ORIENTED_EDGE ( 'NONE', *, *, #4274, .F. ) ;
#6352 = EDGE_LOOP ( 'NONE', ( #3588, #6091, #620, #5992 ) ) ;
#6353 = EDGE_CURVE ( 'NONE', #2101, #101, #7384, .T. ) ;
#6354 = VECTOR ( 'NONE', #1932, 1000.000000000000227 ) ;
#6355 = DIRECTION ( 'NONE',  ( -1.000000000000000000, 0.000000000000000000, 0.000000000000000000 ) ) ;
#6356 = CARTESIAN_POINT ( 'NONE',  ( 174.7826414581314793, 7.500000000000001776, 4.945493228351963921 ) ) ;
#6357 = CIRCLE ( 'NONE', #1984, 2.000000000000001776 ) ;
#6358 = CARTESIAN_POINT ( 'NONE',  ( 102.4423664153747637, 2.972947466426822061, 11.50000000000000178 ) ) ;
#6359 = CLOSED_SHELL ( 'NONE', ( #2384, #5618, #3968, #5449, #6809, #9607, #156, #2885, #9088, #2245, #4605, #5509, #4122, #1036, #1606, #5795, #1192, #6279, #4424, #5151, #1452, #5856, #5846, #4255, #1496, #1926, #4128, #8476, #1085, #6180, #790, #6860, #7414, #4059, #4336, #3826, #3912, #3660, #1207, #8665, #9041, #468, #89, #2852, #7538, #9446, #3641, #3159, #3715, #4848, #4309, #3299, #698, #7955, #4534, #910, #7581, #6679, #5497, #3420, #919, #2701, #8635, #3464, #6046, #827, #5686, #6700, #4268, #3706, #9453, #1384, #7641, #6561, #9064, #4315, #9594, #9280, #8015, #3041, #5637, #1488, #4927, #959, #4024, #5936, #4195, #9224, #9494, #6608, #182, #7592, #9608, #4038, #6696, #986, #4481, #1553, #3956, #6231, #2070, #5271, #387, #551, #4542, #2563, #3133, #2446, #1071, #3592, #7661, #3407, #9277, #5749, #1546, #3436, #4726, #2162, #845, #3514, #3410, #6464, #2458, #4547, #1630, #4256, #7344, #6143, #5027, #8171, #2047, #6507, #4120, #9402, #493, #3282, #4499, #2927, #5694, #3717, #8175, #7798, #80, #5598, #5468, #6519, #1258, #2861, #1840, #643, #2225, #3459, #9102, #5889, #1382, #4836, #5554, #12, #7575, #478, #6702, #4146, #1619, #3158, #8064, #5281, #5624, #2136, #7228, #464, #8129, #710, #7706, #4068, #8957, #650, #7925, #5089, #6506, #52, #2554, #5257, #1371, #5517, #4975, #6593, #1728, #8133, #4531, #3815, #3962, #5818, #5523, #1564, #6687, #3890, #7949, #5987, #3519, #368, #7391, #5861, #6802, #5626, #67, #2395, #1854, #9202, #8087, #3111, #8781, #8833, #2108, #8423, #8370, #7779, #1988, #2814, #6569, #6647, #946, #6267, #3348, #7898, #8545, #7709, #1125, #8678, #4751, #7230, #363, #348, #5206, #9076, #3106, #5158, #4604, #4561, #7666, #2190, #5240, #4117, #2804, #6987, #2264, #8624, #2431, #4980, #5800, #4625, #5768, #6222, #271, #6239, #9203, #9314, #7239, #7468, #8909, #7000, #2272, #3582, #1612, #8366, #3577, #8723, #1306, #2914, #898, #5584, #7395, #3098, #7472, #4093, #607, #8721, #7321, #2581, #1158, #3146, #8733, #6028, #3812, #6092, #7350, #2316, #1483, #3293, #2161, #7163, #8557, #4423, #1139 ) ) ;
#6360 = FACE_OUTER_BOUND ( 'NONE', #4243, .T. ) ;
#6361 = CARTESIAN_POINT ( 'NONE',  ( 217.8794295073149385, 10.60660171779823457, -13.50000000000000000 ) ) ;
#6362 = CIRCLE ( 'NONE', #2915, 16.02499999999999858 ) ;
#6363 = CARTESIAN_POINT ( 'NONE',  ( 71.41050614175006217, 3.654000609289787871, 10.49999999999999645 ) ) ;
#6364 = ORIENTED_EDGE ( 'NONE', *, *, #2518, .T. ) ;
#6365 = DIRECTION ( 'NONE',  ( -0.02840083911570534872, 0.9995966148089557857, 0.000000000000000000 ) ) ;
#6366 = EDGE_CURVE ( 'NONE', #8030, #9362, #5080, .T. ) ;
#6367 = DIRECTION ( 'NONE',  ( 0.02558099814910926029, -0.9996727527214569475, 0.000000000000000000 ) ) ;
#6368 = CIRCLE ( 'NONE', #6988, 1.400000000000012346 ) ;
#6369 = DIRECTION ( 'NONE',  ( 0.000000000000000000, 0.000000000000000000, 1.000000000000000000 ) ) ;
#6370 = CARTESIAN_POINT ( 'NONE',  ( 26.65102456598012637, -5.279999999999998472, -13.50000000000000000 ) ) ;
#6371 = CARTESIAN_POINT ( 'NONE',  ( 225.0314564593224134, -1.323975103224066530, 6.000000000000026645 ) ) ;
#6372 = ORIENTED_EDGE ( 'NONE', *, *, #3773, .T. ) ;
#6373 = DIRECTION ( 'NONE',  ( -0.000000000000000000, -0.000000000000000000, 1.000000000000000000 ) ) ;
#6374 = CARTESIAN_POINT ( 'NONE',  ( 162.4229897856910441, 4.507124844895647797, 11.50000000000000000 ) ) ;
#6375 = VERTEX_POINT ( 'NONE', #681 ) ;
#6376 = EDGE_LOOP ( 'NONE', ( #8597, #6419, #3298, #6906 ) ) ;
#6377 = CARTESIAN_POINT ( 'NONE',  ( 213.8794295073149101, 10.60660171779823457, 5.000000000000026645 ) ) ;
#6378 = LINE ( 'NONE', #9255, #2584 ) ;
#6379 = CARTESIAN_POINT ( 'NONE',  ( 223.5011600335344895, -13.99575387954585715, 6.922128107910491934 ) ) ;
#6380 = CARTESIAN_POINT ( 'NONE',  ( -16.02499999999999858, -1.962496495633633274E-15, -6.500000000000000000 ) ) ;
#6381 = FACE_OUTER_BOUND ( 'NONE', #2253, .T. ) ;
#6382 = VERTEX_POINT ( 'NONE', #778 ) ;
#6383 = EDGE_LOOP ( 'NONE', ( #141, #6745, #1920, #3556 ) ) ;
#6384 = EDGE_LOOP ( 'NONE', ( #1640, #4615, #7623, #1785 ) ) ;
#6385 = CYLINDRICAL_SURFACE ( 'NONE', #5575, 12.00000000000000355 ) ;
#6386 = DIRECTION ( 'NONE',  ( 1.224646799147353207E-16, 1.000000000000000000, -0.000000000000000000 ) ) ;
#6387 = FACE_OUTER_BOUND ( 'NONE', #2627, .T. ) ;
#6388 = EDGE_CURVE ( 'NONE', #8730, #6634, #95, .T. ) ;
#6389 = EDGE_CURVE ( 'NONE', #1370, #2951, #3763, .T. ) ;
#6390 = CARTESIAN_POINT ( 'NONE',  ( 131.3863030302874222, 5.358050956231856787, 11.50000000000000000 ) ) ;
#6391 = FACE_BOUND ( 'NONE', #8555, .T. ) ;
#6392 = DIRECTION ( 'NONE',  ( -0.000000000000000000, -0.000000000000000000, 1.000000000000000000 ) ) ;
#6393 = VERTEX_POINT ( 'NONE', #8163 ) ;
#6394 = CARTESIAN_POINT ( 'NONE',  ( 218.4760376208894286, 18.34803385491478878, 6.000000000000026645 ) ) ;
#6395 = ORIENTED_EDGE ( 'NONE', *, *, #8206, .T. ) ;
#6396 = ORIENTED_EDGE ( 'NONE', *, *, #8951, .T. ) ;
#6397 = ORIENTED_EDGE ( 'NONE', *, *, #8318, .T. ) ;
#6398 = EDGE_CURVE ( 'NONE', #8241, #3488, #1338, .T. ) ;
#6399 = CARTESIAN_POINT ( 'NONE',  ( 174.2859373993563850, -7.499999999999999112, 4.810138327704646777 ) ) ;
#6400 = CARTESIAN_POINT ( 'NONE',  ( 216.8117042561129892, 19.76273661786019531, 5.385346920737657861 ) ) ;
#6401 = EDGE_CURVE ( 'NONE', #7569, #6841, #6796, .T. ) ;
#6402 = EDGE_CURVE ( 'NONE', #7838, #5657, #3837, .T. ) ;
#6403 = CARTESIAN_POINT ( 'NONE',  ( 102.4471928971537125, 2.803074497953578437, 11.50000000000000000 ) ) ;
#6404 = CARTESIAN_POINT ( 'NONE',  ( 204.6332535171528662, -18.76095016922122838, 13.50000000000000178 ) ) ;
#6405 = DIRECTION ( 'NONE',  ( 0.9995966148089558967, 0.02840083911569927372, 0.000000000000000000 ) ) ;
#6406 = CARTESIAN_POINT ( 'NONE',  ( 65.86733987874752927, -12.50995026234771501, 12.49999999999999822 ) ) ;
#6407 = EDGE_LOOP ( 'NONE', ( #2143, #5236, #5460, #4785 ) ) ;
#6408 = CARTESIAN_POINT ( 'NONE',  ( 205.7261822464563750, 21.00000000000001421, 4.999999999999997335 ) ) ;
#6409 = CIRCLE ( 'NONE', #7495, 16.02499999999998437 ) ;
#6410 = EDGE_CURVE ( 'NONE', #6767, #1799, #6378, .T. ) ;
#6411 = DIRECTION ( 'NONE',  ( 0.9246144006498068224, 0.3809044632332345137, 0.000000000000000000 ) ) ;
#6412 = FACE_OUTER_BOUND ( 'NONE', #5540, .T. ) ;
#6413 = DIRECTION ( 'NONE',  ( 0.000000000000000000, 0.000000000000000000, 1.000000000000000000 ) ) ;
#6414 = VECTOR ( 'NONE', #1577, 1000.000000000000000 ) ;
#6415 = EDGE_CURVE ( 'NONE', #7784, #3189, #410, .T. ) ;
#6416 = DIRECTION ( 'NONE',  ( -0.02840083911569927372, 0.9995966148089558967, 0.000000000000000000 ) ) ;
#6417 = CARTESIAN_POINT ( 'NONE',  ( 199.3833370112378418, 9.246133939037964211, 13.49999999999999822 ) ) ;
#6418 = DIRECTION ( 'NONE',  ( 1.000000000000000000, 0.000000000000000000, 0.000000000000000000 ) ) ;
#6419 = ORIENTED_EDGE ( 'NONE', *, *, #1250, .T. ) ;
#6420 = ORIENTED_EDGE ( 'NONE', *, *, #1375, .F. ) ;
#6421 = CARTESIAN_POINT ( 'NONE',  ( 24.57410623435835717, 15.65173315553008315, 13.50000000000000000 ) ) ;
#6422 = CIRCLE ( 'NONE', #3288, 1.000000000000000888 ) ;
#6423 = CARTESIAN_POINT ( 'NONE',  ( 239.0926329429113650, 10.60660171779759509, -13.50000000000000000 ) ) ;
#6424 =( LENGTH_UNIT ( ) NAMED_UNIT ( * ) SI_UNIT ( .MILLI., .METRE. ) );
#6425 = AXIS2_PLACEMENT_3D ( 'NONE', #5130, #7425, #8111 ) ;
#6426 = DIRECTION ( 'NONE',  ( 0.000000000000000000, 0.000000000000000000, 1.000000000000000000 ) ) ;
#6427 = ORIENTED_EDGE ( 'NONE', *, *, #5211, .F. ) ;
#6428 = VERTEX_POINT ( 'NONE', #2654 ) ;
#6429 = EDGE_LOOP ( 'NONE', ( #1869, #6522, #9350, #5551 ) ) ;
#6430 = VECTOR ( 'NONE', #1910, 1000.000000000000114 ) ;
#6431 = CARTESIAN_POINT ( 'NONE',  ( 204.5499810527274747, -14.20605444724147048, 8.257165788677189866 ) ) ;
#6432 = DIRECTION ( 'NONE',  ( -0.02840083911569918004, 0.9995966148089558967, -7.803106713972192042E-15 ) ) ;
#6433 = DIRECTION ( 'NONE',  ( 1.000000000000000000, 0.000000000000000000, 0.000000000000000000 ) ) ;
#6434 = CARTESIAN_POINT ( 'NONE',  ( 242.8340650800278979, 6.009993604223597963, 7.000000000000026645 ) ) ;
#6435 = DIRECTION ( 'NONE',  ( -0.000000000000000000, -0.000000000000000000, -1.000000000000000000 ) ) ;
#6436 = EDGE_LOOP ( 'NONE', ( #2428, #8352 ) ) ;
#6437 = VERTEX_POINT ( 'NONE', #4130 ) ;
#6438 = ORIENTED_EDGE ( 'NONE', *, *, #4672, .F. ) ;
#6439 = ORIENTED_EDGE ( 'NONE', *, *, #2805, .T. ) ;
#6440 = PRODUCT_DEFINITION ( 'UNKNOWN', '', #1979, #8405 ) ;
#6441 = AXIS2_PLACEMENT_3D ( 'NONE', #8214, #8362, #5789 ) ;
#6442 = DIRECTION ( 'NONE',  ( 0.000000000000000000, 0.000000000000000000, -1.000000000000000000 ) ) ;
#6443 = CARTESIAN_POINT ( 'NONE',  ( 216.6077186395840499, 20.25789500210980165, 5.000000000000027534 ) ) ;
#6444 = CARTESIAN_POINT ( 'NONE',  ( 225.8100063283371810, 0.5454252342093275363, 6.000000000000026645 ) ) ;
#6445 = DIRECTION ( 'NONE',  ( -0.9995966148089557857, -0.02840083911570135886, -0.000000000000000000 ) ) ;
#6446 = EDGE_CURVE ( 'NONE', #5610, #5740, #4451, .T. ) ;
#6447 = FACE_OUTER_BOUND ( 'NONE', #2909, .T. ) ;
#6448 = AXIS2_PLACEMENT_3D ( 'NONE', #1923, #7895, #458 ) ;
#6449 = CARTESIAN_POINT ( 'NONE',  ( 93.85604509339830770, -11.71472676710806127, 12.50000000000000000 ) ) ;
#6450 = ORIENTED_EDGE ( 'NONE', *, *, #8289, .F. ) ;
#6451 = CARTESIAN_POINT ( 'NONE',  ( 12.00000000000000533, 0.000000000000000000, -5.500000000000000000 ) ) ;
#6452 = EDGE_CURVE ( 'NONE', #142, #3385, #3980, .T. ) ;
#6453 = DIRECTION ( 'NONE',  ( -0.000000000000000000, -0.000000000000000000, 1.000000000000000000 ) ) ;
#6454 = EDGE_CURVE ( 'NONE', #924, #446, #3507, .T. ) ;
#6455 = EDGE_CURVE ( 'NONE', #6939, #2928, #8971, .T. ) ;
#6456 = LINE ( 'NONE', #4266, #8619 ) ;
#6457 = CARTESIAN_POINT ( 'NONE',  ( 30.33937563186788111, -11.51857435267104712, 10.49999999999999822 ) ) ;
#6458 = CARTESIAN_POINT ( 'NONE',  ( 238.1868310791018359, -0.5392319674609894475, 6.767741697265418743 ) ) ;
#6459 = LINE ( 'NONE', #5690, #4859 ) ;
#6460 = DIRECTION ( 'NONE',  ( -1.000000000000000000, 0.000000000000000000, 0.000000000000000000 ) ) ;
#6461 = ORIENTED_EDGE ( 'NONE', *, *, #9541, .T. ) ;
#6462 = VERTEX_POINT ( 'NONE', #4085 ) ;
#6463 = CARTESIAN_POINT ( 'NONE',  ( 190.7360312251131234, 6.500000000000000888, -13.50000000000000355 ) ) ;
#6464 = ADVANCED_FACE ( 'NONE', ( #8478 ), #5543, .T. ) ;
#6465 = DIRECTION ( 'NONE',  ( 1.000000000000000000, -8.673617379884027583E-16, 0.000000000000000000 ) ) ;
#6466 = CARTESIAN_POINT ( 'NONE',  ( 225.0253431022431698, -13.70089969762029014, 6.767802368557676473 ) ) ;
#6467 = CARTESIAN_POINT ( 'NONE',  ( 95.82683748390050482, -10.65832847406772821, 10.49999999999999645 ) ) ;
#6468 = AXIS2_PLACEMENT_3D ( 'NONE', #633, #1416, #2931 ) ;
#6469 = AXIS2_PLACEMENT_3D ( 'NONE', #6681, #3651, #9654 ) ;
#6470 = CARTESIAN_POINT ( 'NONE',  ( 202.5045568337736768, -7.500000000000009770, 5.542668027601651559 ) ) ;
#6471 = ORIENTED_EDGE ( 'NONE', *, *, #470, .F. ) ;
#6472 = ORIENTED_EDGE ( 'NONE', *, *, #373, .F. ) ;
#6473 = ORIENTED_EDGE ( 'NONE', *, *, #9197, .T. ) ;
#6474 = EDGE_CURVE ( 'NONE', #3027, #4835, #8670, .T. ) ;
#6475 = AXIS2_PLACEMENT_3D ( 'NONE', #2683, #1456, #722 ) ;
#6476 = DIRECTION ( 'NONE',  ( -0.000000000000000000, -0.000000000000000000, 1.000000000000000000 ) ) ;
#6477 = CYLINDRICAL_SURFACE ( 'NONE', #8347, 4.000000000000003553 ) ;
#6478 = DIRECTION ( 'NONE',  ( -0.000000000000000000, -0.000000000000000000, 1.000000000000000000 ) ) ;
#6479 = DIRECTION ( 'NONE',  ( 0.000000000000000000, 0.000000000000000000, -1.000000000000000000 ) ) ;
#6480 = FACE_BOUND ( 'NONE', #6904, .T. ) ;
#6481 = ORIENTED_EDGE ( 'NONE', *, *, #958, .T. ) ;
#6482 = ORIENTED_EDGE ( 'NONE', *, *, #7909, .F. ) ;
#6483 = VECTOR ( 'NONE', #9112, 1000.000000000000000 ) ;
#6484 = CIRCLE ( 'NONE', #7574, 1.000000000000000888 ) ;
#6485 = ORIENTED_EDGE ( 'NONE', *, *, #6415, .T. ) ;
#6486 = ORIENTED_EDGE ( 'NONE', *, *, #1320, .T. ) ;
#6487 = CARTESIAN_POINT ( 'NONE',  ( 0.000000000000000000, 0.000000000000000000, 1.499999999999999556 ) ) ;
#6488 = DIRECTION ( 'NONE',  ( 1.000000000000000000, 0.000000000000000000, 0.000000000000000000 ) ) ;
#6489 = AXIS2_PLACEMENT_3D ( 'NONE', #8991, #3764, #1420 ) ;
#6490 = CYLINDRICAL_SURFACE ( 'NONE', #1971, 1.000000000000003331 ) ;
#6491 = CARTESIAN_POINT ( 'NONE',  ( 202.2443458168073960, -20.97791055845460662, 12.74207028267007757 ) ) ;
#6492 = VECTOR ( 'NONE', #3649, 1000.000000000000000 ) ;
#6493 = DIRECTION ( 'NONE',  ( 0.000000000000000000, 0.000000000000000000, 1.000000000000000000 ) ) ;
#6494 = VERTEX_POINT ( 'NONE', #1829 ) ;
#6495 = DIRECTION ( 'NONE',  ( -0.000000000000000000, -0.000000000000000000, 1.000000000000000000 ) ) ;
#6496 = AXIS2_PLACEMENT_3D ( 'NONE', #6833, #9125, #6245 ) ;
#6497 = DIRECTION ( 'NONE',  ( 0.000000000000000000, 0.000000000000000000, 1.000000000000000000 ) ) ;
#6498 = AXIS2_PLACEMENT_3D ( 'NONE', #6406, #9386, #8654 ) ;
#6499 = DIRECTION ( 'NONE',  ( 0.000000000000000000, 0.000000000000000000, 1.000000000000000000 ) ) ;
#6500 = AXIS2_PLACEMENT_3D ( 'NONE', #1922, #7743, #4083 ) ;
#6501 = CIRCLE ( 'NONE', #5419, 0.9999999999999991118 ) ;
#6502 = DIRECTION ( 'NONE',  ( -0.000000000000000000, -0.000000000000000000, 1.000000000000000000 ) ) ;
#6503 = CARTESIAN_POINT ( 'NONE',  ( 65.41292645289631480, 3.483595574595578892, 12.49999999999999822 ) ) ;
#6504 = VECTOR ( 'NONE', #8774, 1000.000000000000000 ) ;
#6505 = CARTESIAN_POINT ( 'NONE',  ( 51.65102456598013703, -5.280000000000000249, 5.500000000000000000 ) ) ;
#6506 = ADVANCED_FACE ( 'NONE', ( #4817 ), #5455, .F. ) ;
#6507 = ADVANCED_FACE ( 'NONE', ( #3392 ), #549, .T. ) ;
#6508 = DIRECTION ( 'NONE',  ( -0.000000000000000000, -0.000000000000000000, 1.000000000000000000 ) ) ;
#6509 = ORIENTED_EDGE ( 'NONE', *, *, #6872, .T. ) ;
#6510 = VECTOR ( 'NONE', #6250, 1000.000000000000000 ) ;
#6511 = ORIENTED_EDGE ( 'NONE', *, *, #7286, .F. ) ;
#6512 = CIRCLE ( 'NONE', #6980, 2.000000000000000000 ) ;
#6513 = CARTESIAN_POINT ( 'NONE',  ( 206.4449023013457065, -16.11703464694750920, 8.257165788677191642 ) ) ;
#6514 = EDGE_CURVE ( 'NONE', #3151, #3866, #8431, .T. ) ;
#6515 = CARTESIAN_POINT ( 'NONE',  ( 131.8407164561386651, -10.63549488071143578, 13.50000000000000000 ) ) ;
#6516 = DIRECTION ( 'NONE',  ( 0.000000000000000000, 0.000000000000000000, 1.000000000000000000 ) ) ;
#6517 = AXIS2_PLACEMENT_3D ( 'NONE', #5084, #7568, #3118 ) ;
#6518 = DIRECTION ( 'NONE',  ( -0.02840083911569750083, 0.9995966148089558967, -0.000000000000000000 ) ) ;
#6519 = ADVANCED_FACE ( 'NONE', ( #9306 ), #2610, .F. ) ;
#6520 = CARTESIAN_POINT ( 'NONE',  ( 65.83893903963182481, -11.51035364753875889, -13.50000000000000355 ) ) ;
#6521 = ORIENTED_EDGE ( 'NONE', *, *, #4325, .T. ) ;
#6522 = ORIENTED_EDGE ( 'NONE', *, *, #4847, .T. ) ;
#6523 = ORIENTED_EDGE ( 'NONE', *, *, #2978, .F. ) ;
#6524 = CARTESIAN_POINT ( 'NONE',  ( 203.6468128147865286, -10.48176727859276802, 5.055887648719719074 ) ) ;
#6525 = CARTESIAN_POINT ( 'NONE',  ( 72.82500654741632218, -10.92056232751485823, 11.46710643075642366 ) ) ;
#6526 = DIRECTION ( 'NONE',  ( 1.000000000000000000, 0.000000000000000000, 0.000000000000000000 ) ) ;
#6528 = EDGE_CURVE ( 'NONE', #6382, #6576, #8193, .T. ) ;
#6527 = CARTESIAN_POINT ( 'NONE',  ( 183.7360312251131234, 5.500000000000000000, -13.50000000000000355 ) ) ;
#6529 = FACE_BOUND ( 'NONE', #1092, .T. ) ;
#6530 = ORIENTED_EDGE ( 'NONE', *, *, #3283, .T. ) ;
#6531 = ORIENTED_EDGE ( 'NONE', *, *, #7407, .T. ) ;
#6532 = ORIENTED_EDGE ( 'NONE', *, *, #4926, .T. ) ;
#6533 = ORIENTED_EDGE ( 'NONE', *, *, #4322, .F. ) ;
#6534 = CARTESIAN_POINT ( 'NONE',  ( 155.8594360506692453, -10.95347135674356842, -13.50000000000000355 ) ) ;
#6535 = CARTESIAN_POINT ( 'NONE',  ( -16.02499999999999858, 1.962496495633633274E-15, 6.500000000000000000 ) ) ;
#6536 = CARTESIAN_POINT ( 'NONE',  ( 65.44132729201200505, 2.483998959786623661, -13.50000000000000355 ) ) ;
#6537 = DIRECTION ( 'NONE',  ( 0.000000000000000000, -1.000000000000000000, 0.000000000000000000 ) ) ;
#6538 = CARTESIAN_POINT ( 'NONE',  ( 224.4860312251130949, 15.00000000000000000, 7.000000000000026645 ) ) ;
#6539 = CARTESIAN_POINT ( 'NONE',  ( 23.53903642683990327, 19.99999999999999645, 13.50000000000000000 ) ) ;
#6540 = ORIENTED_EDGE ( 'NONE', *, *, #5631, .F. ) ;
#6541 = ORIENTED_EDGE ( 'NONE', *, *, #1166, .F. ) ;
#6542 = CARTESIAN_POINT ( 'NONE',  ( 205.4249851275956189, 21.00000000000000000, 5.000000000000026645 ) ) ;
#6543 = CARTESIAN_POINT ( 'NONE',  ( 125.3603225023179562, 6.187242536346602151, 12.49999999999999822 ) ) ;
#6544 = FACE_OUTER_BOUND ( 'NONE', #32, .T. ) ;
#6545 = CARTESIAN_POINT ( 'NONE',  ( 199.1300551353353967, 8.523497424416779822, 13.25016573975140766 ) ) ;
#6546 = CARTESIAN_POINT ( 'NONE',  ( 223.0860312251130892, -15.00000000000000000, 7.000000000000026645 ) ) ;
#6547 = EDGE_CURVE ( 'NONE', #2032, #8149, #6011, .T. ) ;
#6548 = CIRCLE ( 'NONE', #9514, 1.000000000000003109 ) ;
#6549 = CARTESIAN_POINT ( 'NONE',  ( 131.3295013520560133, 7.357244185849767248, 12.50000000000000000 ) ) ;
#6550 = ORIENTED_EDGE ( 'NONE', *, *, #1417, .T. ) ;
#6551 = ORIENTED_EDGE ( 'NONE', *, *, #7433, .T. ) ;
#6552 = CARTESIAN_POINT ( 'NONE',  ( 64.41332983808734980, 3.455194735479897972, 12.49999999999999822 ) ) ;
#6553 = EDGE_CURVE ( 'NONE', #1401, #6914, #3822, .T. ) ;
#6554 = EDGE_CURVE ( 'NONE', #5727, #335, #1797, .T. ) ;
#6555 = AXIS2_PLACEMENT_3D ( 'NONE', #9537, #6560, #9405 ) ;
#6556 = EDGE_CURVE ( 'NONE', #6619, #2660, #4635, .T. ) ;
#6557 = PLANE ( 'NONE',  #1168 ) ;
#6558 = DIRECTION ( 'NONE',  ( 1.000000000000000000, 0.000000000000000000, 0.000000000000000000 ) ) ;
#6559 = CARTESIAN_POINT ( 'NONE',  ( 223.2522509797339012, -14.32358725017685686, 7.000000000000027534 ) ) ;
#6560 = DIRECTION ( 'NONE',  ( -0.000000000000000000, -0.000000000000000000, -1.000000000000000000 ) ) ;
#6561 = ADVANCED_FACE ( 'NONE', ( #6974 ), #5073, .T. ) ;
#6562 = EDGE_CURVE ( 'NONE', #8102, #9185, #7417, .T. ) ;
#6563 = CARTESIAN_POINT ( 'NONE',  ( 174.7360312251130949, 3.999999999999995559, -13.50000000000000355 ) ) ;
#6564 = ORIENTED_EDGE ( 'NONE', *, *, #7169, .F. ) ;
#6565 = AXIS2_PLACEMENT_3D ( 'NONE', #6644, #4407, #6738 ) ;
#6566 = ORIENTED_EDGE ( 'NONE', *, *, #4296, .T. ) ;
#6567 = VERTEX_POINT ( 'NONE', #9124 ) ;
#6568 = EDGE_CURVE ( 'NONE', #1883, #1330, #5423, .T. ) ;
#6569 = ADVANCED_FACE ( 'NONE', ( #147 ), #7561, .T. ) ;
#6570 = CARTESIAN_POINT ( 'NONE',  ( 189.7360312251131234, -7.499999999999994671, 5.000000000000026645 ) ) ;
#6571 = AXIS2_PLACEMENT_3D ( 'NONE', #2226, #5220, #8200 ) ;
#6572 = CARTESIAN_POINT ( 'NONE',  ( 232.9426329429107057, -10.60660171779883321, -11.50000000000000000 ) ) ;
#6573 = CARTESIAN_POINT ( 'NONE',  ( 132.3864375053167919, 5.367521254128516439, 10.51893818147498472 ) ) ;
#6574 = DIRECTION ( 'NONE',  ( -0.3809044632332612146, -0.9246144006497958312, 0.000000000000000000 ) ) ;
#6575 = ORIENTED_EDGE ( 'NONE', *, *, #1431, .F. ) ;
#6576 = VERTEX_POINT ( 'NONE', #964 ) ;
#6577 = ORIENTED_EDGE ( 'NONE', *, *, #877, .F. ) ;
#6578 = ORIENTED_EDGE ( 'NONE', *, *, #94, .T. ) ;
#6579 = EDGE_CURVE ( 'NONE', #1523, #3782, #8505, .T. ) ;
#6580 = CARTESIAN_POINT ( 'NONE',  ( 171.7360312251131234, 7.500000000000001776, 13.50000000000000178 ) ) ;
#6581 = CARTESIAN_POINT ( 'NONE',  ( 206.7456251511195546, -16.49675278781275622, 8.257165788677186313 ) ) ;
#6582 = AXIS2_PLACEMENT_3D ( 'NONE', #213, #8569, #1767 ) ;
#6583 = CYLINDRICAL_SURFACE ( 'NONE', #4915, 1.000000000000003109 ) ;
#6584 = LINE ( 'NONE', #5284, #5576 ) ;
#6585 = CARTESIAN_POINT ( 'NONE',  ( 201.8938617304666820, -21.00000000000000000, 12.50000000000000178 ) ) ;
#6586 = CYLINDRICAL_SURFACE ( 'NONE', #9130, 0.9999999999999998890 ) ;
#6587 = ORIENTED_EDGE ( 'NONE', *, *, #5405, .T. ) ;
#6588 = CARTESIAN_POINT ( 'NONE',  ( 225.4709024166916720, 13.99575387954585715, 6.922128107910491934 ) ) ;
#6589 = ORIENTED_EDGE ( 'NONE', *, *, #4239, .F. ) ;
#6590 = ORIENTED_EDGE ( 'NONE', *, *, #7118, .T. ) ;
#6591 = CIRCLE ( 'NONE', #7690, 2.000000000000000000 ) ;
#6592 = AXIS2_PLACEMENT_3D ( 'NONE', #2895, #8426, #3240 ) ;
#6593 = ADVANCED_FACE ( 'NONE', ( #920 ), #3256, .F. ) ;
#6594 = PLANE ( 'NONE',  #3656 ) ;
#6595 = DIRECTION ( 'NONE',  ( 0.000000000000000000, 0.000000000000000000, 1.000000000000000000 ) ) ;
#6596 = CARTESIAN_POINT ( 'NONE',  ( 101.8528180118699566, -11.48752005418247180, -13.50000000000000355 ) ) ;
#6597 = CARTESIAN_POINT ( 'NONE',  ( 207.1840544121103278, 17.98272696151448358, 8.257165788677186313 ) ) ;
#6598 = CARTESIAN_POINT ( 'NONE',  ( 205.4249851275956757, -21.00000000000000000, 5.000000000000026645 ) ) ;
#6599 = CARTESIAN_POINT ( 'NONE',  ( 161.8002140612915980, -8.783873092431448981, -13.50000000000000355 ) ) ;
#6600 = VERTEX_POINT ( 'NONE', #6921 ) ;
#6601 = ORIENTED_EDGE ( 'NONE', *, *, #6280, .T. ) ;
#6602 = CARTESIAN_POINT ( 'NONE',  ( 102.8032229303529306, -9.727767091143805445, 11.50000000000000000 ) ) ;
#6603 = CARTESIAN_POINT ( 'NONE',  ( 216.9123312873266514, 19.58677079583397074, 6.261797785404310090 ) ) ;
#6604 = DIRECTION ( 'NONE',  ( 0.000000000000000000, 0.000000000000000000, 1.000000000000000000 ) ) ;
#6605 = FACE_OUTER_BOUND ( 'NONE', #43, .T. ) ;
#6606 = FACE_OUTER_BOUND ( 'NONE', #7521, .T. ) ;
#6607 = ORIENTED_EDGE ( 'NONE', *, *, #1373, .T. ) ;
#6608 = ADVANCED_FACE ( 'NONE', ( #189 ), #7513, .T. ) ;
#6609 = ORIENTED_EDGE ( 'NONE', *, *, #2405, .T. ) ;
#6610 = EDGE_LOOP ( 'NONE', ( #3237, #9508, #2988, #1220 ) ) ;
#6611 = CARTESIAN_POINT ( 'NONE',  ( 205.4889148885116015, -13.53698785289765461, 5.055887648719719074 ) ) ;
#6612 = CARTESIAN_POINT ( 'NONE',  ( 25.65102456598012637, -5.279999999999998472, 5.500000000000000000 ) ) ;
#6613 = AXIS2_PLACEMENT_3D ( 'NONE', #2232, #5228, #4404 ) ;
#6614 = AXIS2_PLACEMENT_3D ( 'NONE', #9052, #1121, #3415 ) ;
#6615 = DIRECTION ( 'NONE',  ( -0.000000000000000000, -0.000000000000000000, -1.000000000000000000 ) ) ;
#6616 = CARTESIAN_POINT ( 'NONE',  ( 89.97436245101681607, 2.180635371978512982, 10.49999999999999822 ) ) ;
#6617 = ORIENTED_EDGE ( 'NONE', *, *, #7777, .F. ) ;
#6618 = EDGE_CURVE ( 'NONE', #6707, #3895, #5231, .T. ) ;
#6619 = VERTEX_POINT ( 'NONE', #6057 ) ;
#6620 = EDGE_CURVE ( 'NONE', #4579, #3597, #7567, .T. ) ;
#6621 = VERTEX_POINT ( 'NONE', #3062 ) ;
#6622 = ORIENTED_EDGE ( 'NONE', *, *, #9543, .T. ) ;
#6623 = CIRCLE ( 'NONE', #693, 1.000000000000003109 ) ;
#6624 = AXIS2_PLACEMENT_3D ( 'NONE', #2002, #6405, #4891 ) ;
#6625 = CIRCLE ( 'NONE', #7893, 2.000000000000001776 ) ;
#6626 = DIRECTION ( 'NONE',  ( 0.000000000000000000, 0.000000000000000000, 1.000000000000000000 ) ) ;
#6627 = DIRECTION ( 'NONE',  ( 0.000000000000000000, 0.000000000000000000, 1.000000000000000000 ) ) ;
#6628 = FACE_OUTER_BOUND ( 'NONE', #1782, .T. ) ;
#6629 = FACE_OUTER_BOUND ( 'NONE', #3680, .T. ) ;
#6630 = AXIS2_PLACEMENT_3D ( 'NONE', #4952, #6595, #1324 ) ;
#6631 = CIRCLE ( 'NONE', #6175, 0.9999999999999995559 ) ;
#6632 = CARTESIAN_POINT ( 'NONE',  ( 71.83651872848558639, -11.33994861284455169, -13.50000000000000355 ) ) ;
#6633 = DIRECTION ( 'NONE',  ( 1.000000000000000000, 0.000000000000000000, 0.000000000000000000 ) ) ;
#6634 = VERTEX_POINT ( 'NONE', #7712 ) ;
#6635 = EDGE_CURVE ( 'NONE', #1165, #164, #6101, .T. ) ;
#6636 = CARTESIAN_POINT ( 'NONE',  ( 34.78824479284141802, -24.90342815168211743, 13.50000000000000000 ) ) ;
#6637 = ORIENTED_EDGE ( 'NONE', *, *, #4740, .T. ) ;
#6638 = ORIENTED_EDGE ( 'NONE', *, *, #645, .T. ) ;
#6639 = VECTOR ( 'NONE', #7527, 1000.000000000000227 ) ;
#6640 = DIRECTION ( 'NONE',  ( -0.000000000000000000, -0.000000000000000000, -1.000000000000000000 ) ) ;
#6641 = CARTESIAN_POINT ( 'NONE',  ( 155.8310352115535693, -9.953874741934612302, 12.49999999999999822 ) ) ;
#6642 = DIRECTION ( 'NONE',  ( -1.000000000000000000, -1.445602896647337931E-16, 0.000000000000000000 ) ) ;
#6643 = VECTOR ( 'NONE', #2079, 1000.000000000000000 ) ;
#6644 = CARTESIAN_POINT ( 'NONE',  ( 155.8310352115535693, -9.953874741934612302, -13.50000000000000355 ) ) ;
#6645 = LINE ( 'NONE', #2974, #4189 ) ;
#6646 = EDGE_CURVE ( 'NONE', #611, #3557, #9031, .T. ) ;
#6647 = ADVANCED_FACE ( 'NONE', ( #6832 ), #3030, .T. ) ;
#6648 = AXIS2_PLACEMENT_3D ( 'NONE', #8977, #8154, #3751 ) ;
#6649 = CARTESIAN_POINT ( 'NONE',  ( 244.0633470130435683, 7.597940940784448038, 5.000000000000026645 ) ) ;
#6650 = ORIENTED_EDGE ( 'NONE', *, *, #8195, .T. ) ;
#6651 = DIRECTION ( 'NONE',  ( -0.000000000000000000, -0.000000000000000000, -1.000000000000000000 ) ) ;
#6652 = VECTOR ( 'NONE', #4272, 999.9999999999998863 ) ;
#6653 = AXIS2_PLACEMENT_3D ( 'NONE', #3530, #2890, #2839 ) ;
#6654 = CIRCLE ( 'NONE', #4476, 2.150000000000012790 ) ;
#6655 = AXIS2_PLACEMENT_3D ( 'NONE', #8337, #6873, #185 ) ;
#6656 = FACE_OUTER_BOUND ( 'NONE', #7552, .T. ) ;
#6657 = LINE ( 'NONE', #2154, #7997 ) ;
#6658 = VECTOR ( 'NONE', #1300, 1000.000000000000000 ) ;
#6659 = CARTESIAN_POINT ( 'NONE',  ( 131.3295013520560133, 7.357244185849767248, 13.50000000000000000 ) ) ;
#6660 = AXIS2_PLACEMENT_3D ( 'NONE', #5039, #8565, #9343 ) ;
#6661 = CIRCLE ( 'NONE', #1508, 16.02499999999999858 ) ;
#6662 = DIRECTION ( 'NONE',  ( 1.000000000000000000, -3.469446951953611033E-15, 0.000000000000000000 ) ) ;
#6663 = VERTEX_POINT ( 'NONE', #7618 ) ;
#6664 = EDGE_LOOP ( 'NONE', ( #3511, #1403, #1079, #1980 ) ) ;
#6665 = VECTOR ( 'NONE', #3985, 1000.000000000000000 ) ;
#6666 = ORIENTED_EDGE ( 'NONE', *, *, #4082, .T. ) ;
#6667 = CIRCLE ( 'NONE', #2454, 1.400000000000012346 ) ;
#6668 = CARTESIAN_POINT ( 'NONE',  ( 210.8860312251131290, 1.714505518806299075E-16, 13.50000000000000000 ) ) ;
#6669 = CARTESIAN_POINT ( 'NONE',  ( 171.2360312251131234, 3.999999999999996447, -13.50000000000000355 ) ) ;
#6670 = DIRECTION ( 'NONE',  ( 0.9995966148089557857, 0.02840083911570142478, 0.000000000000000000 ) ) ;
#6671 = CARTESIAN_POINT ( 'NONE',  ( 20.40300712272194517, -16.91721978784210734, -13.50000000000000355 ) ) ;
#6672 = ORIENTED_EDGE ( 'NONE', *, *, #1392, .F. ) ;
#6673 = ORIENTED_EDGE ( 'NONE', *, *, #561, .F. ) ;
#6674 = EDGE_CURVE ( 'NONE', #6283, #1581, #8813, .T. ) ;
#6675 = ORIENTED_EDGE ( 'NONE', *, *, #2185, .F. ) ;
#6676 = EDGE_LOOP ( 'NONE', ( #4627, #7323, #8377, #2091 ) ) ;
#6677 = CARTESIAN_POINT ( 'NONE',  ( 183.8860312251131290, -11.10660171779823813, 13.50000000000000000 ) ) ;
#6678 = EDGE_CURVE ( 'NONE', #5329, #2126, #4607, .T. ) ;
#6679 = ADVANCED_FACE ( 'NONE', ( #3302 ), #5613, .F. ) ;
#6680 = DIRECTION ( 'NONE',  ( 0.000000000000000000, 0.000000000000000000, 1.000000000000000000 ) ) ;
#6681 = CARTESIAN_POINT ( 'NONE',  ( 224.4860312251130949, -15.00000000000000000, -13.50000000000000000 ) ) ;
#6682 = DIRECTION ( 'NONE',  ( -1.000000000000000000, 0.000000000000000000, 0.000000000000000000 ) ) ;
#6683 = DIRECTION ( 'NONE',  ( -0.000000000000000000, -0.000000000000000000, 1.000000000000000000 ) ) ;
#6684 = DIRECTION ( 'NONE',  ( 1.000000000000000000, 0.000000000000000000, -0.000000000000000000 ) ) ;
#6685 = ORIENTED_EDGE ( 'NONE', *, *, #9513, .F. ) ;
#6687 = ADVANCED_FACE ( 'NONE', ( #7172 ), #7020, .F. ) ;
#6686 = CARTESIAN_POINT ( 'NONE',  ( 224.7629184515153042, 13.62085267703134228, 6.708415940378543496 ) ) ;
#6688 = ORIENTED_EDGE ( 'NONE', *, *, #1372, .F. ) ;
#6689 = EDGE_LOOP ( 'NONE', ( #4643, #334, #9439, #370 ) ) ;
#6690 = EDGE_CURVE ( 'NONE', #5475, #5329, #6625, .T. ) ;
#6691 = PLANE ( 'NONE',  #5062 ) ;
#6692 = CARTESIAN_POINT ( 'NONE',  ( 167.7360312251131518, 3.999999999999996447, 5.000000000000026645 ) ) ;
#6693 = LINE ( 'NONE', #5141, #5558 ) ;
#6694 = CYLINDRICAL_SURFACE ( 'NONE', #3925, 9.000000000000007105 ) ;
#6695 = DIRECTION ( 'NONE',  ( -0.000000000000000000, -0.000000000000000000, -1.000000000000000000 ) ) ;
#6696 = ADVANCED_FACE ( 'NONE', ( #6387 ), #6292, .T. ) ;
#6697 = CARTESIAN_POINT ( 'NONE',  ( 155.4334234639337637, 4.040477865390772472, 11.50000000000000000 ) ) ;
#6698 = CARTESIAN_POINT ( 'NONE',  ( 171.7360312251131234, 9.500000000000000000, 11.50000000000000000 ) ) ;
#6699 = ORIENTED_EDGE ( 'NONE', *, *, #2791, .F. ) ;
#6700 = ADVANCED_FACE ( 'NONE', ( #9367 ), #5562, .F. ) ;
#6701 = CARTESIAN_POINT ( 'NONE',  ( 154.3770251708933756, 6.011270255893026437, 11.50000000000000000 ) ) ;
#6702 = ADVANCED_FACE ( 'NONE', ( #8543 ), #7072, .T. ) ;
#6703 = DIRECTION ( 'NONE',  ( 1.000000000000000000, 0.000000000000000000, -0.000000000000000000 ) ) ;
#6704 = AXIS2_PLACEMENT_3D ( 'NONE', #8156, #7426, #768 ) ;
#6705 = CARTESIAN_POINT ( 'NONE',  ( 167.7360312251131518, -3.999999999999996447, 5.000000000000026645 ) ) ;
#6706 = CARTESIAN_POINT ( 'NONE',  ( 125.7863350890534520, -8.806706685787737854, 11.50000000000000000 ) ) ;
#6707 = VERTEX_POINT ( 'NONE', #1253 ) ;
#6708 = EDGE_LOOP ( 'NONE', ( #8943, #4788, #6929, #9661 ) ) ;
#6709 = ORIENTED_EDGE ( 'NONE', *, *, #6547, .F. ) ;
#6710 = VECTOR ( 'NONE', #307, 1000.000000000000114 ) ;
#6711 = LINE ( 'NONE', #2360, #1509 ) ;
#6712 = FACE_BOUND ( 'NONE', #3165, .T. ) ;
#6713 = AXIS2_PLACEMENT_3D ( 'NONE', #7979, #714, #3698 ) ;
#6714 = DIRECTION ( 'NONE',  ( 0.000000000000000000, 0.000000000000000000, 1.000000000000000000 ) ) ;
#6715 = DIRECTION ( 'NONE',  ( 1.000000000000000000, 0.000000000000000000, 0.000000000000000000 ) ) ;
#6716 = ORIENTED_EDGE ( 'NONE', *, *, #1373, .F. ) ;
#6717 = VERTEX_POINT ( 'NONE', #4238 ) ;
#6718 = ORIENTED_EDGE ( 'NONE', *, *, #3112, .T. ) ;
#6719 = EDGE_LOOP ( 'NONE', ( #8044, #2524, #3229, #9158, #5852, #6229, #4711, #4771, #2077, #5291, #9116 ) ) ;
#6720 = CARTESIAN_POINT ( 'NONE',  ( 0.000000000000000000, 0.000000000000000000, 12.50000000000000000 ) ) ;
#6721 = CIRCLE ( 'NONE', #4397, 6.000000000000005329 ) ;
#6722 = CARTESIAN_POINT ( 'NONE',  ( 208.7516156089430694, -18.35179687062345977, 5.000000000000026645 ) ) ;
#6723 = DIRECTION ( 'NONE',  ( 0.000000000000000000, 0.000000000000000000, 1.000000000000000000 ) ) ;
#6724 = CARTESIAN_POINT ( 'NONE',  ( 199.2944609480374538, -8.998048387844162832, 13.44014440706608937 ) ) ;
#6725 = DIRECTION ( 'NONE',  ( 0.000000000000000000, -0.000000000000000000, 1.000000000000000000 ) ) ;
#6726 = FACE_OUTER_BOUND ( 'NONE', #2617, .T. ) ;
#6727 = CIRCLE ( 'NONE', #1913, 1.000000000000000888 ) ;
#6728 = FACE_OUTER_BOUND ( 'NONE', #2546, .T. ) ;
#6729 = ORIENTED_EDGE ( 'NONE', *, *, #7757, .F. ) ;
#6730 = CARTESIAN_POINT ( 'NONE',  ( 132.3863030302874222, 5.358050956231856787, 10.49999999999999645 ) ) ;
#6731 = EDGE_LOOP ( 'NONE', ( #7129, #4823, #7223, #381 ) ) ;
#6732 = ORIENTED_EDGE ( 'NONE', *, *, #3648, .T. ) ;
#6733 = EDGE_CURVE ( 'NONE', #8177, #3941, #4098, .T. ) ;
#6734 = CIRCLE ( 'NONE', #5499, 4.000000000000003553 ) ;
#6735 = DIRECTION ( 'NONE',  ( 0.000000000000000000, 0.000000000000000000, 1.000000000000000000 ) ) ;
#6736 = CARTESIAN_POINT ( 'NONE',  ( 26.31732195313891509, -25.71037776719166956, 13.50000000000000000 ) ) ;
#6737 = CYLINDRICAL_SURFACE ( 'NONE', #1963, 1.000000000000000888 ) ;
#6738 = DIRECTION ( 'NONE',  ( 1.000000000000000000, 0.000000000000000000, 0.000000000000000000 ) ) ;
#6739 = DIRECTION ( 'NONE',  ( -0.3809044632332612146, -0.9246144006497958312, 0.000000000000000000 ) ) ;
#6740 = ORIENTED_EDGE ( 'NONE', *, *, #4206, .F. ) ;
#6741 = CARTESIAN_POINT ( 'NONE',  ( 131.8407164561386651, -10.63549488071143578, -13.50000000000000355 ) ) ;
#6742 = AXIS2_PLACEMENT_3D ( 'NONE', #8282, #5410, #8481 ) ;
#6743 = CIRCLE ( 'NONE', #39, 1.400000000000012346 ) ;
#6744 = LINE ( 'NONE', #2192, #4630 ) ;
#6745 = ORIENTED_EDGE ( 'NONE', *, *, #4325, .F. ) ;
#6746 = EDGE_CURVE ( 'NONE', #1737, #4105, #513, .T. ) ;
#6747 = EDGE_CURVE ( 'NONE', #5657, #956, #4924, .T. ) ;
#6748 = CYLINDRICAL_SURFACE ( 'NONE', #732, 1.000000000000012212 ) ;
#6749 = CARTESIAN_POINT ( 'NONE',  ( 155.3766217857023264, 6.039671095008682045, 12.49999999999999822 ) ) ;
#6750 = CARTESIAN_POINT ( 'NONE',  ( 0.000000000000000000, 0.000000000000000000, -13.50000000000000000 ) ) ;
#6751 = DIRECTION ( 'NONE',  ( 1.000000000000000000, 0.000000000000000000, 0.000000000000000000 ) ) ;
#6752 = DIRECTION ( 'NONE',  ( 0.000000000000000000, 0.000000000000000000, 1.000000000000000000 ) ) ;
#6753 = DIRECTION ( 'NONE',  ( 1.000000000000000000, 0.000000000000000000, 0.000000000000000000 ) ) ;
#6754 = FACE_OUTER_BOUND ( 'NONE', #5156, .T. ) ;
#6755 = ORIENTED_EDGE ( 'NONE', *, *, #8002, .F. ) ;
#6756 = ORIENTED_EDGE ( 'NONE', *, *, #5139, .F. ) ;
#6757 = EDGE_CURVE ( 'NONE', #4821, #5718, #6631, .T. ) ;
#6758 = ORIENTED_EDGE ( 'NONE', *, *, #1372, .T. ) ;
#6759 = B_SPLINE_CURVE_WITH_KNOTS ( 'NONE', 3,
 ( #412, #6559, #2061, #6379, #9358, #9448, #2750, #4188, #7207, #7252, #5055, #6466, #2017, #8035, #5833, #9404, #8674, #1924 ),
 .UNSPECIFIED., .F., .F.,
 ( 4, 2, 2, 2, 2, 2, 2, 2, 4 ),
 ( 0.001615841772618444288, 0.002032279161678752534, 0.002448716550739061214, 0.002865153939799369460, 0.003281591328859677706, 0.003698028717919986386, 0.004114466106980295065, 0.004530903496040603745, 0.004947340885100911557 ),
 .UNSPECIFIED. ) ;
#6760 = CARTESIAN_POINT ( 'NONE',  ( 235.0926329429107113, -10.60660171779883321, -11.50000000000000000 ) ) ;
#6761 = FACE_OUTER_BOUND ( 'NONE', #5539, .T. ) ;
#6762 = CARTESIAN_POINT ( 'NONE',  ( 235.0926329429113650, 10.60660171779759509, 5.000000000000026645 ) ) ;
#6763 = FACE_OUTER_BOUND ( 'NONE', #1229, .T. ) ;
#6764 = VERTEX_POINT ( 'NONE', #7764 ) ;
#6765 = ORIENTED_EDGE ( 'NONE', *, *, #1701, .F. ) ;
#6766 = EDGE_CURVE ( 'NONE', #9200, #4156, #1643, .T. ) ;
#6767 = VERTEX_POINT ( 'NONE', #3449 ) ;
#6768 = ORIENTED_EDGE ( 'NONE', *, *, #9190, .T. ) ;
#6769 = DIRECTION ( 'NONE',  ( 0.000000000000000000, -1.000000000000000000, 0.000000000000000000 ) ) ;
#6770 = AXIS2_PLACEMENT_3D ( 'NONE', #4503, #6735, #3807 ) ;
#6771 = AXIS2_PLACEMENT_3D ( 'NONE', #7778, #166, #8369 ) ;
#6772 = CARTESIAN_POINT ( 'NONE',  ( 205.3630191102750473, -20.99999999999982947, 5.111824085956034658 ) ) ;
#6773 = CARTESIAN_POINT ( 'NONE',  ( 161.8286149004072740, -9.783469707240403324, 12.49999999999999822 ) ) ;
#6774 = DIRECTION ( 'NONE',  ( -0.02840083911569957903, 0.9995966148089558967, -1.560621342794438724E-14 ) ) ;
#6775 = CARTESIAN_POINT ( 'NONE',  ( 124.4333957892047380, 3.601150093907658611, 11.49999999999999645 ) ) ;
#6776 = DIRECTION ( 'NONE',  ( 1.000000000000000000, 0.000000000000000000, 0.000000000000000000 ) ) ;
#6777 = CARTESIAN_POINT ( 'NONE',  ( 237.2426329429106886, -10.60660171779883321, 5.000000000000026645 ) ) ;
#6778 = ORIENTED_EDGE ( 'NONE', *, *, #2851, .T. ) ;
#6779 = AXIS2_PLACEMENT_3D ( 'NONE', #9605, #5809, #2172 ) ;
#6780 = AXIS2_PLACEMENT_3D ( 'NONE', #3709, #8018, #2086 ) ;
#6781 = AXIS2_PLACEMENT_3D ( 'NONE', #3337, #7010, #996 ) ;
#6782 = DIRECTION ( 'NONE',  ( 0.000000000000000000, 0.000000000000000000, 1.000000000000000000 ) ) ;
#6783 = ORIENTED_EDGE ( 'NONE', *, *, #5391, .T. ) ;
#6784 = VERTEX_POINT ( 'NONE', #1934 ) ;
#6785 = ORIENTED_EDGE ( 'NONE', *, *, #1865, .F. ) ;
#6786 = DIRECTION ( 'NONE',  ( 0.000000000000000000, 0.000000000000000000, 1.000000000000000000 ) ) ;
#6787 = AXIS2_PLACEMENT_3D ( 'NONE', #6457, #592, #5874 ) ;
#6788 = CIRCLE ( 'NONE', #9294, 16.02499999999999858 ) ;
#6789 = CARTESIAN_POINT ( 'NONE',  ( 161.8286149004072740, -9.783469707240403324, 10.49999999999999645 ) ) ;
#6790 = CARTESIAN_POINT ( 'NONE',  ( 71.86491956760129085, -12.33954522765350603, 12.49999999999999822 ) ) ;
#6791 = CARTESIAN_POINT ( 'NONE',  ( 155.8026343724378648, -8.954278127125656184, -13.50000000000000355 ) ) ;
#6792 = ORIENTED_EDGE ( 'NONE', *, *, #4837, .F. ) ;
#6793 = CARTESIAN_POINT ( 'NONE',  ( 224.4860312251131234, 0.000000000000000000, 8.257165788677191642 ) ) ;
#6794 = CARTESIAN_POINT ( 'NONE',  ( 102.8528180118699566, -11.48752005418247180, -13.50000000000000355 ) ) ;
#6795 = VERTEX_POINT ( 'NONE', #7959 ) ;
#6796 = CIRCLE ( 'NONE', #4311, 1.000000000000000888 ) ;
#6797 = VECTOR ( 'NONE', #4795, 1000.000000000000000 ) ;
#6798 = CARTESIAN_POINT ( 'NONE',  ( 24.32815452082498098, 11.81591818738017174, -13.50000000000000355 ) ) ;
#6799 = CARTESIAN_POINT ( 'NONE',  ( 173.6386200874906081, -7.500000000000000888, 4.559925286393382571 ) ) ;
#6800 = DIRECTION ( 'NONE',  ( 0.000000000000000000, 0.000000000000000000, 1.000000000000000000 ) ) ;
#6801 = EDGE_CURVE ( 'NONE', #822, #4853, #7270, .T. ) ;
#6802 = ADVANCED_FACE ( 'NONE', ( #7910 ), #4147, .F. ) ;
#6803 = LINE ( 'NONE', #123, #9591 ) ;
#6804 = VECTOR ( 'NONE', #5467, 1000.000000000000000 ) ;
#6805 = FACE_OUTER_BOUND ( 'NONE', #5608, .T. ) ;
#6806 = CARTESIAN_POINT ( 'NONE',  ( 182.4860312251131234, 11.10660171779823813, 13.50000000000000000 ) ) ;
#6807 = VERTEX_POINT ( 'NONE', #9413 ) ;
#6808 = CIRCLE ( 'NONE', #9157, 1.000000000000000888 ) ;
#6809 = ADVANCED_FACE ( 'NONE', ( #4978 ), #6020, .T. ) ;
#6810 = ORIENTED_EDGE ( 'NONE', *, *, #85, .F. ) ;
#6811 = CIRCLE ( 'NONE', #3378, 1.000000000000000888 ) ;
#6812 = CARTESIAN_POINT ( 'NONE',  ( 171.2360312251131234, -3.999999999999996447, -13.50000000000000355 ) ) ;
#6813 = AXIS2_PLACEMENT_3D ( 'NONE', #9505, #2072, #2165 ) ;
#6814 = CARTESIAN_POINT ( 'NONE',  ( 94.80645001188122478, -9.954973804069448207, 11.50000000000000000 ) ) ;
#6815 = AXIS2_PLACEMENT_3D ( 'NONE', #1952, #445, #9476 ) ;
#6816 = FACE_OUTER_BOUND ( 'NONE', #943, .T. ) ;
#6817 = EDGE_CURVE ( 'NONE', #6006, #547, #5400, .T. ) ;
#6818 = CIRCLE ( 'NONE', #424, 2.000000000000001776 ) ;
#6819 = AXIS2_PLACEMENT_3D ( 'NONE', #2844, #2704, #7307 ) ;
#6820 = DIRECTION ( 'NONE',  ( 0.000000000000000000, -1.000000000000000000, 0.000000000000000000 ) ) ;
#6821 = VECTOR ( 'NONE', #5120, 1000.000000000000000 ) ;
#6822 = CARTESIAN_POINT ( 'NONE',  ( 235.0926329429107113, -10.60660171779883321, -13.50000000000000000 ) ) ;
#6823 = ORIENTED_EDGE ( 'NONE', *, *, #4905, .T. ) ;
#6824 = ORIENTED_EDGE ( 'NONE', *, *, #2642, .T. ) ;
#6825 = VERTEX_POINT ( 'NONE', #792 ) ;
#6826 = ORIENTED_EDGE ( 'NONE', *, *, #477, .T. ) ;
#6827 = CIRCLE ( 'NONE', #3075, 1.000000000000000888 ) ;
#6828 = LINE ( 'NONE', #7659, #7946 ) ;
#6829 = CARTESIAN_POINT ( 'NONE',  ( 201.7825391575217679, -21.00000000000004263, 12.74487525739569449 ) ) ;
#6830 = CARTESIAN_POINT ( 'NONE',  ( 217.7043107463861702, -19.87525411892017146, 7.000000000000025757 ) ) ;
#6831 = EDGE_CURVE ( 'NONE', #8875, #1883, #4775, .T. ) ;
#6832 = FACE_OUTER_BOUND ( 'NONE', #8361, .T. ) ;
#6833 = CARTESIAN_POINT ( 'NONE',  ( 171.2360312251131234, -3.999999999999996447, 3.000000000000025313 ) ) ;
#6834 = DIRECTION ( 'NONE',  ( -0.9907978612145638131, 0.1353499102794156750, 0.000000000000000000 ) ) ;
#6835 = CARTESIAN_POINT ( 'NONE',  ( 206.4449188651780958, 16.11703374432605784, 8.257129390535331126 ) ) ;
#6836 = B_SPLINE_CURVE_WITH_KNOTS ( 'NONE', 3,
 ( #7504, #9645, #4674, #1586 ),
 .UNSPECIFIED., .F., .F.,
 ( 4, 4 ),
 ( -6.324555320358457672E-06, 3.381796117385365517E-05 ),
 .UNSPECIFIED. ) ;
#6837 = EDGE_CURVE ( 'NONE', #1219, #1056, #5715, .T. ) ;
#6838 = EDGE_LOOP ( 'NONE', ( #6321, #7707 ) ) ;
#6839 = DIRECTION ( 'NONE',  ( 1.000000000000000000, 0.000000000000000000, 0.000000000000000000 ) ) ;
#6840 = ORIENTED_EDGE ( 'NONE', *, *, #3637, .F. ) ;
#6841 = VERTEX_POINT ( 'NONE', #3550 ) ;
#6842 = ORIENTED_EDGE ( 'NONE', *, *, #8001, .T. ) ;
#6843 = DIRECTION ( 'NONE',  ( 1.000000000000000000, 0.000000000000000000, 0.000000000000000000 ) ) ;
#6844 = CARTESIAN_POINT ( 'NONE',  ( 231.4206392299865627, -17.96712939168153866, 6.000000000000026645 ) ) ;
#6845 = CARTESIAN_POINT ( 'NONE',  ( -16.02499999999999858, 1.962496495633633274E-15, 2.499999999999999556 ) ) ;
#6846 = CARTESIAN_POINT ( 'NONE',  ( 65.89574071786321952, -13.50954687715667113, -13.50000000000000355 ) ) ;
#6847 = ORIENTED_EDGE ( 'NONE', *, *, #6389, .F. ) ;
#6848 = LINE ( 'NONE', #8167, #2996 ) ;
#6849 = CARTESIAN_POINT ( 'NONE',  ( 125.8431367672848751, -10.80589991540564654, -13.50000000000000355 ) ) ;
#6850 = ORIENTED_EDGE ( 'NONE', *, *, #2586, .T. ) ;
#6851 = PLANE ( 'NONE',  #725 ) ;
#6852 = DIRECTION ( 'NONE',  ( -1.000000000000000000, 0.000000000000000000, 0.000000000000000000 ) ) ;
#6853 = CARTESIAN_POINT ( 'NONE',  ( 124.8435401524758674, -10.83430075452132968, 11.50000000000000000 ) ) ;
#6854 = DIRECTION ( 'NONE',  ( 0.000000000000000000, -1.000000000000000000, 0.000000000000000000 ) ) ;
#6855 = CARTESIAN_POINT ( 'NONE',  ( 101.8812188509856611, -12.48711666899142614, 12.49999999999999822 ) ) ;
#6856 = DIRECTION ( 'NONE',  ( 0.000000000000000000, 0.000000000000000000, 1.000000000000000000 ) ) ;
#6857 = ORIENTED_EDGE ( 'NONE', *, *, #2916, .F. ) ;
#6858 = VERTEX_POINT ( 'NONE', #4287 ) ;
#6859 = ORIENTED_EDGE ( 'NONE', *, *, #1425, .T. ) ;
#6860 = ADVANCED_FACE ( 'NONE', ( #8773 ), #2809, .F. ) ;
#6861 = CARTESIAN_POINT ( 'NONE',  ( 202.6168329520507143, 10.99982937719255460, 8.257165788677188090 ) ) ;
#6862 = FACE_OUTER_BOUND ( 'NONE', #8438, .T. ) ;
#6863 = EDGE_CURVE ( 'NONE', #7787, #8986, #8979, .T. ) ;
#6864 = DIRECTION ( 'NONE',  ( 0.000000000000000000, 0.000000000000000000, 1.000000000000000000 ) ) ;
#6865 = LINE ( 'NONE', #7749, #2529 ) ;
#6866 = ORIENTED_EDGE ( 'NONE', *, *, #1690, .F. ) ;
#6867 = EDGE_LOOP ( 'NONE', ( #4399, #406, #131, #3455 ) ) ;
#6868 = AXIS2_PLACEMENT_3D ( 'NONE', #8642, #8592, #3408 ) ;
#6869 = ORIENTED_EDGE ( 'NONE', *, *, #6635, .T. ) ;
#6870 = EDGE_LOOP ( 'NONE', ( #9086, #3478 ) ) ;
#6871 = EDGE_CURVE ( 'NONE', #729, #6576, #398, .T. ) ;
#6872 = EDGE_CURVE ( 'NONE', #3151, #2477, #1347, .T. ) ;
#6873 = DIRECTION ( 'NONE',  ( -0.000000000000000000, -0.000000000000000000, -1.000000000000000000 ) ) ;
#6874 = DIRECTION ( 'NONE',  ( -0.9995966148089560077, -0.02840083911569750430, 0.000000000000000000 ) ) ;
#6875 = CIRCLE ( 'NONE', #4851, 17.02499999999998437 ) ;
#6876 = CARTESIAN_POINT ( 'NONE',  ( 204.7346246302291775, -18.04007864516046666, 13.50000000000000000 ) ) ;
#6877 = DIRECTION ( 'NONE',  ( -0.000000000000000000, -0.000000000000000000, -1.000000000000000000 ) ) ;
#6878 = DIRECTION ( 'NONE',  ( 0.000000000000000000, 0.000000000000000000, 1.000000000000000000 ) ) ;
#6879 = DIRECTION ( 'NONE',  ( -0.9995966148089557857, -0.02840083911570149416, 0.000000000000000000 ) ) ;
#6880 = DIRECTION ( 'NONE',  ( 0.000000000000000000, 0.000000000000000000, -1.000000000000000000 ) ) ;
#6881 = VERTEX_POINT ( 'NONE', #8099 ) ;
#6882 = CARTESIAN_POINT ( 'NONE',  ( 194.4860312251130949, 21.00000000000000000, 12.50000000000000178 ) ) ;
#6883 = EDGE_LOOP ( 'NONE', ( #7741, #8416 ) ) ;
#6884 = ORIENTED_EDGE ( 'NONE', *, *, #5559, .T. ) ;
#6885 = ORIENTED_EDGE ( 'NONE', *, *, #8009, .F. ) ;
#6886 = VECTOR ( 'NONE', #1662, 1000.000000000000000 ) ;
#6887 = EDGE_CURVE ( 'NONE', #1013, #3724, #8356, .T. ) ;
#6888 = CARTESIAN_POINT ( 'NONE',  ( 202.2440360592071613, 20.97252938740309247, 12.74052812005758462 ) ) ;
#6889 = AXIS2_PLACEMENT_3D ( 'NONE', #7714, #4732, #6879 ) ;
#6890 = CARTESIAN_POINT ( 'NONE',  ( 131.8407164561386651, -10.63549488071143578, 12.49999999999999822 ) ) ;
#6891 = CARTESIAN_POINT ( 'NONE',  ( 203.9972648241578383, 16.24409887368877037, 13.75075867816396702 ) ) ;
#6892 = CARTESIAN_POINT ( 'NONE',  ( 154.4165348058873519, 4.620688194870055554, 11.46710643075642011 ) ) ;
#6893 = VERTEX_POINT ( 'NONE', #4382 ) ;
#6894 = CARTESIAN_POINT ( 'NONE',  ( 124.3891267266247098, 5.159245082421984208, 11.50000000000000000 ) ) ;
#6895 = DIRECTION ( 'NONE',  ( -1.000000000000000000, 0.000000000000000000, 0.000000000000000000 ) ) ;
#6896 = ORIENTED_EDGE ( 'NONE', *, *, #5586, .T. ) ;
#6897 = EDGE_CURVE ( 'NONE', #8041, #3413, #2889, .T. ) ;
#6898 = CARTESIAN_POINT ( 'NONE',  ( 94.42721587859068677, 3.392559848472868733, 11.27138653862093243 ) ) ;
#6899 = FILL_AREA_STYLE ('',( #4072 ) ) ;
#6900 = DIRECTION ( 'NONE',  ( -0.000000000000000000, -0.000000000000000000, -1.000000000000000000 ) ) ;
#6901 = AXIS2_PLACEMENT_3D ( 'NONE', #4190, #3486, #4137 ) ;
#6902 = CARTESIAN_POINT ( 'NONE',  ( 217.8794295073142848, -10.60660171779819372, -13.50000000000000000 ) ) ;
#6903 = CARTESIAN_POINT ( 'NONE',  ( 101.3700037469030519, 5.505622397569777782, -13.50000000000000355 ) ) ;
#6904 = EDGE_LOOP ( 'NONE', ( #3844, #1748 ) ) ;
#6905 = VERTEX_POINT ( 'NONE', #614 ) ;
#6906 = ORIENTED_EDGE ( 'NONE', *, *, #7215, .F. ) ;
#6907 = VECTOR ( 'NONE', #2239, 999.9999999999998863 ) ;
#6908 = DIRECTION ( 'NONE',  ( 1.000000000000000000, 0.000000000000000000, 0.000000000000000000 ) ) ;
#6909 = FACE_OUTER_BOUND ( 'NONE', #1448, .T. ) ;
#6910 = EDGE_CURVE ( 'NONE', #6494, #7685, #1804, .T. ) ;
#6911 = CARTESIAN_POINT ( 'NONE',  ( 95.79843664478480036, -9.658731859258773866, 11.50000000000000000 ) ) ;
#6912 = TOROIDAL_SURFACE ( 'NONE', #4113, 313.0758497737027710, 1.000000000000000000 ) ;
#6913 = CARTESIAN_POINT ( 'NONE',  ( 64.82823349251719947, -11.14776423873923505, 11.46710739012794811 ) ) ;
#6914 = VERTEX_POINT ( 'NONE', #3882 ) ;
#6915 = ORIENTED_EDGE ( 'NONE', *, *, #1402, .F. ) ;
#6916 = EDGE_LOOP ( 'NONE', ( #7454, #2591, #759, #7742, #3693 ) ) ;
#6917 = ORIENTED_EDGE ( 'NONE', *, *, #3529, .T. ) ;
#6918 = FACE_OUTER_BOUND ( 'NONE', #1545, .T. ) ;
#6919 = DIRECTION ( 'NONE',  ( 1.000000000000000000, 0.000000000000000000, 0.000000000000000000 ) ) ;
#6920 = CARTESIAN_POINT ( 'NONE',  ( 101.8528180118699566, -11.48752005418247180, 10.49999999999999645 ) ) ;
#6921 = CARTESIAN_POINT ( 'NONE',  ( 125.4171241805493509, 4.188049306728692578, 10.49999999999999645 ) ) ;
#6922 = EDGE_CURVE ( 'NONE', #5817, #6717, #8521, .T. ) ;
#6923 = EDGE_CURVE ( 'NONE', #1107, #8205, #2732, .T. ) ;
#6924 = CARTESIAN_POINT ( 'NONE',  ( 174.7360312251130949, 3.999999999999995559, 3.000000000000025313 ) ) ;
#6925 = DIRECTION ( 'NONE',  ( -0.000000000000000000, -0.000000000000000000, -1.000000000000000000 ) ) ;
#6926 = CARTESIAN_POINT ( 'NONE',  ( 206.6656826647865159, 16.10500354110227761, 7.772012838949052593 ) ) ;
#6927 = ORIENTED_EDGE ( 'NONE', *, *, #4206, .T. ) ;
#6928 = CARTESIAN_POINT ( 'NONE',  ( 131.8691172952543695, -11.63509149552039013, 12.49999999999999822 ) ) ;
#6929 = ORIENTED_EDGE ( 'NONE', *, *, #6220, .T. ) ;
#6930 = ORIENTED_EDGE ( 'NONE', *, *, #3060, .T. ) ;
#6931 = VERTEX_POINT ( 'NONE', #3137 ) ;
#6932 = DIRECTION ( 'NONE',  ( -0.000000000000000000, -0.000000000000000000, -1.000000000000000000 ) ) ;
#6933 = EDGE_CURVE ( 'NONE', #5895, #9069, #6951, .T. ) ;
#6934 = CARTESIAN_POINT ( 'NONE',  ( 224.4860312251130949, -15.00000000000000000, 13.50000000000000000 ) ) ;
#6935 = VECTOR ( 'NONE', #2634, 1000.000000000000000 ) ;
#6936 = TOROIDAL_SURFACE ( 'NONE', #2720, 22.00000000000000355, 1.000000000000000000 ) ;
#6937 = CYLINDRICAL_SURFACE ( 'NONE', #8280, 1.000000000000000888 ) ;
#6938 = DIRECTION ( 'NONE',  ( -0.000000000000000000, -0.000000000000000000, 1.000000000000000000 ) ) ;
#6939 = VERTEX_POINT ( 'NONE', #7541 ) ;
#6940 = CARTESIAN_POINT ( 'NONE',  ( 198.8089500046939975, -7.500000000000000000, 11.12864468912638571 ) ) ;
#6941 = CARTESIAN_POINT ( 'NONE',  ( 171.7360312251131234, 7.500000000000000000, 11.50000000000000000 ) ) ;
#6942 = ORIENTED_EDGE ( 'NONE', *, *, #9212, .F. ) ;
#6943 = AXIS2_PLACEMENT_3D ( 'NONE', #1538, #9547, #565 ) ;
#6944 = TOROIDAL_SURFACE ( 'NONE', #4921, 1.999999999999998668, 1.000000000000000000 ) ;
#6945 = VECTOR ( 'NONE', #374, 1000.000000000000000 ) ;
#6946 = EDGE_CURVE ( 'NONE', #7014, #3347, #3832, .T. ) ;
#6947 = DIRECTION ( 'NONE',  ( 1.000000000000000000, 0.000000000000000000, 0.000000000000000000 ) ) ;
#6948 = ORIENTED_EDGE ( 'NONE', *, *, #1552, .T. ) ;
#6949 = FACE_OUTER_BOUND ( 'NONE', #9025, .T. ) ;
#6950 = CIRCLE ( 'NONE', #2734, 1.000000000000000000 ) ;
#6951 = CIRCLE ( 'NONE', #2418, 6.000000000000005329 ) ;
#6952 = LINE ( 'NONE', #6176, #6132 ) ;
#6953 = VERTEX_POINT ( 'NONE', #8736 ) ;
#6954 = EDGE_LOOP ( 'NONE', ( #6521, #435 ) ) ;
#6955 = LINE ( 'NONE', #269, #5891 ) ;
#6956 = EDGE_CURVE ( 'NONE', #4502, #993, #6803, .T. ) ;
#6957 = DIRECTION ( 'NONE',  ( -0.3809044632332377889, 0.9246144006498056012, 0.000000000000000000 ) ) ;
#6958 = CIRCLE ( 'NONE', #3838, 21.99999999999999289 ) ;
#6959 = CARTESIAN_POINT ( 'NONE',  ( 203.4721463484504227, 10.56962149728080647, 5.598746497877430173 ) ) ;
#6960 = DIRECTION ( 'NONE',  ( 0.9995966148089557857, 0.02840083911570142478, -0.000000000000000000 ) ) ;
#6961 = DIRECTION ( 'NONE',  ( 0.000000000000000000, 0.000000000000000000, 1.000000000000000000 ) ) ;
#6962 = CIRCLE ( 'NONE', #7124, 1.000000000000000888 ) ;
#6963 = ORIENTED_EDGE ( 'NONE', *, *, #8122, .F. ) ;
#6964 = ORIENTED_EDGE ( 'NONE', *, *, #6022, .F. ) ;
#6965 = VECTOR ( 'NONE', #7514, 1000.000000000000000 ) ;
#6966 = ORIENTED_EDGE ( 'NONE', *, *, #2690, .F. ) ;
#6967 = ORIENTED_EDGE ( 'NONE', *, *, #4655, .T. ) ;
#6968 = AXIS2_PLACEMENT_3D ( 'NONE', #2150, #5924, #4457 ) ;
#6969 = VECTOR ( 'NONE', #7247, 1000.000000000000000 ) ;
#6970 = CIRCLE ( 'NONE', #425, 0.9999999999999974465 ) ;
#6971 = CARTESIAN_POINT ( 'NONE',  ( 207.6478036517412988, -20.24547322170711183, 5.000000000000024869 ) ) ;
#6972 = CARTESIAN_POINT ( 'NONE',  ( 171.6129579389595676, 7.498409525619365468, 3.277160773885042566 ) ) ;
#6973 = AXIS2_PLACEMENT_3D ( 'NONE', #6390, #4828, #5710 ) ;
#6974 = FACE_OUTER_BOUND ( 'NONE', #7430, .T. ) ;
#6975 = CARTESIAN_POINT ( 'NONE',  ( 133.3863030302874222, 5.358050956231856787, 10.49999999999999645 ) ) ;
#6976 = CARTESIAN_POINT ( 'NONE',  ( 18.38336735353760076, 12.62801764905666602, -13.50000000000000355 ) ) ;
#6977 = VECTOR ( 'NONE', #4066, 1000.000000000000000 ) ;
#6978 = CARTESIAN_POINT ( 'NONE',  ( 154.8245480797420441, -9.739756779336879333, 10.74260758778206970 ) ) ;
#6979 = ORIENTED_EDGE ( 'NONE', *, *, #6067, .F. ) ;
#6980 = AXIS2_PLACEMENT_3D ( 'NONE', #5972, #8947, #3771 ) ;
#6981 = DIRECTION ( 'NONE',  ( -0.000000000000000000, -0.000000000000000000, 1.000000000000000000 ) ) ;
#6982 = ORIENTED_EDGE ( 'NONE', *, *, #5840, .F. ) ;
#6983 = ORIENTED_EDGE ( 'NONE', *, *, #6817, .F. ) ;
#6984 = EDGE_LOOP ( 'NONE', ( #5485, #1654 ) ) ;
#6985 = EDGE_CURVE ( 'NONE', #279, #3611, #3202, .T. ) ;
#6986 = EDGE_CURVE ( 'NONE', #2335, #4000, #3038, .T. ) ;
#6987 = ADVANCED_FACE ( 'NONE', ( #8424 ), #3672, .T. ) ;
#6988 = AXIS2_PLACEMENT_3D ( 'NONE', #1067, #3411, #8644 ) ;
#6989 = CARTESIAN_POINT ( 'NONE',  ( 12.12638788438997750, 17.28134241211205691, -13.50000000000000000 ) ) ;
#6990 = EDGE_CURVE ( 'NONE', #1862, #5351, #3973, .T. ) ;
#6991 = CARTESIAN_POINT ( 'NONE',  ( 162.3813753711558547, 5.971786777143512914, 10.76573565894466711 ) ) ;
#6992 = CARTESIAN_POINT ( 'NONE',  ( 194.4860312251130949, -21.00000000000000000, 12.50000000000000178 ) ) ;
#6993 = EDGE_CURVE ( 'NONE', #3149, #9531, #1333, .T. ) ;
#6994 = FACE_OUTER_BOUND ( 'NONE', #8461, .T. ) ;
#6995 = ORIENTED_EDGE ( 'NONE', *, *, #3431, .T. ) ;
#6996 = FACE_OUTER_BOUND ( 'NONE', #4178, .T. ) ;
#6997 = EDGE_LOOP ( 'NONE', ( #8311, #6850, #7342, #5333 ) ) ;
#6998 = CARTESIAN_POINT ( 'NONE',  ( 244.0633470130435398, 7.597940940784448927, 6.132135713115660636 ) ) ;
#6999 = EDGE_CURVE ( 'NONE', #6203, #1523, #5535, .T. ) ;
#7000 = ADVANCED_FACE ( 'NONE', ( #939 ), #9245, .T. ) ;
#7001 = LINE ( 'NONE', #9198, #2835 ) ;
#7002 = CARTESIAN_POINT ( 'NONE',  ( 237.2426329429113707, 10.60660171779759509, -13.50000000000000000 ) ) ;
#7003 = EDGE_CURVE ( 'NONE', #2475, #5817, #5489, .T. ) ;
#7004 = EDGE_LOOP ( 'NONE', ( #1535, #5017, #3344, #266 ) ) ;
#7005 = DIRECTION ( 'NONE',  ( 1.000000000000000000, 0.000000000000000000, 0.000000000000000000 ) ) ;
#7006 = CARTESIAN_POINT ( 'NONE',  ( 162.7839424526362109, -8.196973879610414571, 11.50000000000000000 ) ) ;
#7007 = EDGE_LOOP ( 'NONE', ( #4043, #7466, #7224, #9092 ) ) ;
#7008 = ORIENTED_EDGE ( 'NONE', *, *, #7051, .F. ) ;
#7009 = EDGE_CURVE ( 'NONE', #1165, #8430, #6788, .T. ) ;
#7010 = DIRECTION ( 'NONE',  ( 0.000000000000000000, 0.000000000000000000, 1.000000000000000000 ) ) ;
#7011 = CARTESIAN_POINT ( 'NONE',  ( 216.8880902843285980, 19.57731578793045202, 6.000000000000026645 ) ) ;
#7012 = DIRECTION ( 'NONE',  ( 0.9995966148089557857, 0.02840083911570164335, -0.000000000000000000 ) ) ;
#7013 = CARTESIAN_POINT ( 'NONE',  ( 216.5071088929812788, -20.50211692527891572, 5.000000000000026645 ) ) ;
#7014 = VERTEX_POINT ( 'NONE', #7791 ) ;
#7015 = ORIENTED_EDGE ( 'NONE', *, *, #8074, .T. ) ;
#7016 = ORIENTED_EDGE ( 'NONE', *, *, #3185, .T. ) ;
#7017 = ORIENTED_EDGE ( 'NONE', *, *, #616, .T. ) ;
#7018 = CARTESIAN_POINT ( 'NONE',  ( 208.5535839716496014, -19.07222809975932876, 5.000000000000026645 ) ) ;
#7019 = CARTESIAN_POINT ( 'NONE',  ( 132.3858996450964014, 5.386451795347572791, 11.50000000000000000 ) ) ;
#7020 = CYLINDRICAL_SURFACE ( 'NONE', #2410, 1.000000000000000888 ) ;
#7021 = DIRECTION ( 'NONE',  ( 1.000000000000000000, 0.000000000000000000, 0.000000000000000000 ) ) ;
#7022 = CIRCLE ( 'NONE', #2655, 1.400000000000012346 ) ;
#7023 = CARTESIAN_POINT ( 'NONE',  ( 16.02499999999999858, 0.000000000000000000, 6.500000000000000000 ) ) ;
#7024 = FACE_OUTER_BOUND ( 'NONE', #5122, .T. ) ;
#7025 = UNCERTAINTY_MEASURE_WITH_UNIT (LENGTH_MEASURE( 1.000000000000000082E-05 ), #347, 'distance_accuracy_value', 'NONE');
#7026 = ORIENTED_EDGE ( 'NONE', *, *, #3568, .T. ) ;
#7027 = DIRECTION ( 'NONE',  ( 0.000000000000000000, 0.000000000000000000, -1.000000000000000000 ) ) ;
#7028 = EDGE_LOOP ( 'NONE', ( #7728, #5971, #9039, #2513 ) ) ;
#7029 = ORIENTED_EDGE ( 'NONE', *, *, #3729, .F. ) ;
#7030 = EDGE_LOOP ( 'NONE', ( #713, #7975, #6541, #1001 ) ) ;
#7031 = CIRCLE ( 'NONE', #2810, 2.000000000000001776 ) ;
#7032 = CARTESIAN_POINT ( 'NONE',  ( 225.8860312251131006, -15.00000000000000000, 13.50000000000000000 ) ) ;
#7033 = LINE ( 'NONE', #246, #4443 ) ;
#7034 = DIRECTION ( 'NONE',  ( 1.000000000000000000, 0.000000000000000000, 0.000000000000000000 ) ) ;
#7035 = CARTESIAN_POINT ( 'NONE',  ( 206.1153919845235691, 21.00000000000001421, 3.601962182239878629 ) ) ;
#7036 = EDGE_CURVE ( 'NONE', #9315, #4167, #3181, .T. ) ;
#7037 = TOROIDAL_SURFACE ( 'NONE', #2184, 17.02499999999998082, 1.000000000000000000 ) ;
#7038 = FACE_OUTER_BOUND ( 'NONE', #6334, .T. ) ;
#7039 = ORIENTED_EDGE ( 'NONE', *, *, #534, .T. ) ;
#7040 = DIRECTION ( 'NONE',  ( -0.02840083911570534872, 0.9995966148089557857, 0.000000000000000000 ) ) ;
#7041 = DIRECTION ( 'NONE',  ( 1.000000000000000000, 0.000000000000000000, 0.000000000000000000 ) ) ;
#7042 = EDGE_LOOP ( 'NONE', ( #5806, #7267, #6995, #2430, #4335, #1602, #7016, #8419, #2744 ) ) ;
#7043 = CARTESIAN_POINT ( 'NONE',  ( 244.1352766863989245, 7.410510853698539790, 6.614924286081889093 ) ) ;
#7044 = VECTOR ( 'NONE', #4440, 1000.000000000000000 ) ;
#7045 = SURFACE_STYLE_FILL_AREA ( #6899 ) ;
#7046 = DIRECTION ( 'NONE',  ( -0.000000000000000000, -0.000000000000000000, 1.000000000000000000 ) ) ;
#7047 = DIRECTION ( 'NONE',  ( 0.000000000000000000, 0.000000000000000000, -1.000000000000000000 ) ) ;
#7048 = ORIENTED_EDGE ( 'NONE', *, *, #4228, .T. ) ;
#7049 = DIRECTION ( 'NONE',  ( -0.000000000000000000, -0.000000000000000000, -1.000000000000000000 ) ) ;
#7050 = EDGE_CURVE ( 'NONE', #1708, #9489, #6484, .T. ) ;
#7051 = EDGE_CURVE ( 'NONE', #8868, #7613, #2542, .T. ) ;
#7052 = PLANE ( 'NONE',  #5355 ) ;
#7053 = ORIENTED_EDGE ( 'NONE', *, *, #1539, .T. ) ;
#7054 = EDGE_LOOP ( 'NONE', ( #5483, #507, #2415, #1812, #8668, #7889 ) ) ;
#7055 = DIRECTION ( 'NONE',  ( -1.000000000000000000, 0.000000000000000000, 0.000000000000000000 ) ) ;
#7056 = DIRECTION ( 'NONE',  ( 0.000000000000000000, 0.000000000000000000, 1.000000000000000000 ) ) ;
#7057 = AXIS2_PLACEMENT_3D ( 'NONE', #4609, #4462, #6078 ) ;
#7058 = CARTESIAN_POINT ( 'NONE',  ( 25.65102456598012637, -5.279999999999998472, 6.500000000000000000 ) ) ;
#7059 = B_SPLINE_CURVE_WITH_KNOTS ( 'NONE', 3,
 ( #167, #3278, #2396, #8421, #1086, #6124, #3926, #4705 ),
 .UNSPECIFIED., .F., .F.,
 ( 4, 2, 2, 4 ),
 ( 0.000000000000000000, 0.0005118710583149613724, 0.001023742116629922745, 0.002047484233259851995 ),
 .UNSPECIFIED. ) ;
#7061 = EDGE_CURVE ( 'NONE', #6600, #8518, #863, .T. ) ;
#7060 = DIRECTION ( 'NONE',  ( -0.000000000000000000, -1.000000000000000000, -0.000000000000000000 ) ) ;
#7062 = DIRECTION ( 'NONE',  ( -0.000000000000000000, -0.000000000000000000, -1.000000000000000000 ) ) ;
#7063 = ORIENTED_EDGE ( 'NONE', *, *, #6514, .F. ) ;
#7064 = EDGE_LOOP ( 'NONE', ( #4246, #8179, #5024, #8454 ) ) ;
#7065 = CIRCLE ( 'NONE', #8152, 1.000000000000000888 ) ;
#7066 = AXIS2_PLACEMENT_3D ( 'NONE', #9371, #8814, #3678 ) ;
#7067 = ORIENTED_EDGE ( 'NONE', *, *, #8195, .F. ) ;
#7068 = ORIENTED_EDGE ( 'NONE', *, *, #5979, .F. ) ;
#7069 = CARTESIAN_POINT ( 'NONE',  ( 244.0633470130434830, -7.597940940784642549, 6.000000000000026645 ) ) ;
#7070 = DIRECTION ( 'NONE',  ( -0.9995966148089558967, -0.02840083911570535219, 0.000000000000000000 ) ) ;
#7071 = CIRCLE ( 'NONE', #4270, 1.000000000000000888 ) ;
#7072 = CYLINDRICAL_SURFACE ( 'NONE', #1949, 7.499999999999978684 ) ;
#7074 = EDGE_CURVE ( 'NONE', #8869, #1356, #4756, .T. ) ;
#7073 = DIRECTION ( 'NONE',  ( -0.9995966148089557857, -0.02840083911570171621, -0.000000000000000000 ) ) ;
#7075 = FACE_BOUND ( 'NONE', #9040, .T. ) ;
#7076 = LINE ( 'NONE', #6563, #1562 ) ;
#7077 = EDGE_LOOP ( 'NONE', ( #8802, #9588, #3576, #7719 ) ) ;
#7078 = DIRECTION ( 'NONE',  ( 1.224646799147353207E-16, 1.000000000000000000, -0.000000000000000000 ) ) ;
#7079 = ORIENTED_EDGE ( 'NONE', *, *, #5860, .F. ) ;
#7080 = ORIENTED_EDGE ( 'NONE', *, *, #4904, .F. ) ;
#7081 = ORIENTED_EDGE ( 'NONE', *, *, #5031, .T. ) ;
#7082 = CARTESIAN_POINT ( 'NONE',  ( 172.2931892287822961, -7.500000000000000888, 3.787735625477006707 ) ) ;
#7083 = CARTESIAN_POINT ( 'NONE',  ( 235.0926329429113650, 10.60660171779759509, -13.50000000000000000 ) ) ;
#7084 = CARTESIAN_POINT ( 'NONE',  ( 102.4377003423890642, 3.137174683162375466, 11.46839646208764663 ) ) ;
#7085 = B_SPLINE_CURVE_WITH_KNOTS ( 'NONE', 3,
 ( #5178, #4356, #6005, #6588, #5288, #8253, #5913, #6686, #8158, #629, #4500, #9567, #9659, #9519, #3612, #676, #1558, #5869 ),
 .UNSPECIFIED., .F., .F.,
 ( 4, 2, 2, 2, 2, 2, 2, 2, 4 ),
 ( 0.001615841772618444288, 0.002032279161678752534, 0.002448716550739061214, 0.002865153939799369460, 0.003281591328859677706, 0.003698028717919986386, 0.004114466106980295065, 0.004530903496040603745, 0.004947340885100911557 ),
 .UNSPECIFIED. ) ;
#7086 = DIRECTION ( 'NONE',  ( 0.9593981441167120927, -0.2820553156127510452, 0.000000000000000000 ) ) ;
#7087 = CARTESIAN_POINT ( 'NONE',  ( 204.7346246302291775, -18.04007864516046666, 13.50000000000000000 ) ) ;
#7088 = DIRECTION ( 'NONE',  ( -1.000000000000000000, 0.000000000000000000, 0.000000000000000000 ) ) ;
#7089 = ORIENTED_EDGE ( 'NONE', *, *, #7515, .F. ) ;
#7090 = CARTESIAN_POINT ( 'NONE',  ( 208.5614608691313379, 19.08379622615754911, 5.000000000000024869 ) ) ;
#7091 = CARTESIAN_POINT ( 'NONE',  ( 72.45446797110606951, 2.120922292955786936, 11.50000000000000178 ) ) ;
#7092 = FACE_OUTER_BOUND ( 'NONE', #4917, .T. ) ;
#7093 = VECTOR ( 'NONE', #8923, 1000.000000000000000 ) ;
#7094 = AXIS2_PLACEMENT_3D ( 'NONE', #2820, #2917, #5808 ) ;
#7095 = CARTESIAN_POINT ( 'NONE',  ( 225.8860312251131006, 15.00000000000000000, -13.50000000000000000 ) ) ;
#7096 = ORIENTED_EDGE ( 'NONE', *, *, #504, .T. ) ;
#7097 = CARTESIAN_POINT ( 'NONE',  ( 51.65102456598013703, -5.280000000000000249, 6.500000000000000000 ) ) ;
#7098 = EDGE_CURVE ( 'NONE', #8335, #5954, #7638, .T. ) ;
#7099 = DIRECTION ( 'NONE',  ( -0.000000000000000000, -0.000000000000000000, -1.000000000000000000 ) ) ;
#7100 = ORIENTED_EDGE ( 'NONE', *, *, #144, .F. ) ;
#7101 = ORIENTED_EDGE ( 'NONE', *, *, #3542, .T. ) ;
#7102 = VECTOR ( 'NONE', #979, 1000.000000000000227 ) ;
#7103 = AXIS2_PLACEMENT_3D ( 'NONE', #7845, #948, #1146 ) ;
#7104 = CARTESIAN_POINT ( 'NONE',  ( 174.7360312251130949, 3.999999999999995559, -13.50000000000000355 ) ) ;
#7105 = EDGE_CURVE ( 'NONE', #4389, #1523, #3992, .T. ) ;
#7106 = EDGE_CURVE ( 'NONE', #5667, #4676, #2104, .T. ) ;
#7107 = DIRECTION ( 'NONE',  ( 1.000000000000000000, 0.000000000000000000, 0.000000000000000000 ) ) ;
#7108 = FACE_OUTER_BOUND ( 'NONE', #7795, .T. ) ;
#7109 = VECTOR ( 'NONE', #7196, 1000.000000000000000 ) ;
#7110 = VECTOR ( 'NONE', #7264, 1000.000000000000000 ) ;
#7111 = CYLINDRICAL_SURFACE ( 'NONE', #8390, 2.000000000000000000 ) ;
#7112 = DIRECTION ( 'NONE',  ( 1.000000000000000000, 2.602085213965208275E-15, 0.000000000000000000 ) ) ;
#7113 = EDGE_CURVE ( 'NONE', #4579, #6111, #8820, .T. ) ;
#7114 = EDGE_LOOP ( 'NONE', ( #3083, #6578, #4035, #323 ) ) ;
#7115 = EDGE_CURVE ( 'NONE', #161, #5097, #2893, .T. ) ;
#7116 = ORIENTED_EDGE ( 'NONE', *, *, #7529, .F. ) ;
#7117 = VERTEX_POINT ( 'NONE', #8373 ) ;
#7118 = EDGE_CURVE ( 'NONE', #8353, #7442, #6340, .T. ) ;
#7119 = AXIS2_PLACEMENT_3D ( 'NONE', #7294, #9436, #5688 ) ;
#7120 = EDGE_CURVE ( 'NONE', #4020, #9568, #2397, .T. ) ;
#7121 = DIRECTION ( 'NONE',  ( 0.000000000000000000, 0.000000000000000000, 1.000000000000000000 ) ) ;
#7122 = CARTESIAN_POINT ( 'NONE',  ( 224.4860312251130949, 0.000000000000000000, 7.000000000000026645 ) ) ;
#7123 = CARTESIAN_POINT ( 'NONE',  ( 38.65102456598012992, -5.280000000000000249, -13.50000000000000000 ) ) ;
#7124 = AXIS2_PLACEMENT_3D ( 'NONE', #7369, #6626, #9604 ) ;
#7125 = FACE_OUTER_BOUND ( 'NONE', #206, .T. ) ;
#7126 = CIRCLE ( 'NONE', #8534, 1.000000000000000000 ) ;
#7127 = CARTESIAN_POINT ( 'NONE',  ( 24.19280461054557207, 10.82512032616560838, -13.50000000000000355 ) ) ;
#7128 = DIRECTION ( 'NONE',  ( 1.000000000000000000, 0.000000000000000000, 0.000000000000000000 ) ) ;
#7129 = ORIENTED_EDGE ( 'NONE', *, *, #3705, .T. ) ;
#7130 = DIRECTION ( 'NONE',  ( 0.000000000000000000, 0.000000000000000000, 1.000000000000000000 ) ) ;
#7131 = ORIENTED_EDGE ( 'NONE', *, *, #2491, .F. ) ;
#7132 = ORIENTED_EDGE ( 'NONE', *, *, #7620, .F. ) ;
#7133 = ORIENTED_EDGE ( 'NONE', *, *, #8073, .F. ) ;
#7134 = VECTOR ( 'NONE', #4813, 1000.000000000000000 ) ;
#7135 = EDGE_CURVE ( 'NONE', #9641, #5309, #1677, .T. ) ;
#7136 = VECTOR ( 'NONE', #7800, 1000.000000000000000 ) ;
#7137 = VECTOR ( 'NONE', #1317, 1000.000000000000000 ) ;
#7138 = EDGE_CURVE ( 'NONE', #8908, #6375, #1649, .T. ) ;
#7139 = CIRCLE ( 'NONE', #4334, 16.02499999999999858 ) ;
#7140 = CARTESIAN_POINT ( 'NONE',  ( 161.8002140612915980, -8.783873092431448981, 10.49999999999999645 ) ) ;
#7141 = FACE_OUTER_BOUND ( 'NONE', #2870, .T. ) ;
#7142 = CIRCLE ( 'NONE', #2449, 1.000000000000000888 ) ;
#7143 = CARTESIAN_POINT ( 'NONE',  ( 38.65102456598012992, -5.280000000000000249, 5.500000000000000000 ) ) ;
#7144 = TOROIDAL_SURFACE ( 'NONE', #6500, 17.02499999999999858, 1.000000000000000000 ) ;
#7145 = DIRECTION ( 'NONE',  ( 1.000000000000000000, 0.000000000000000000, 0.000000000000000000 ) ) ;
#7146 = CARTESIAN_POINT ( 'NONE',  ( 242.8340650800278979, -6.009993604223812014, 7.000000000000026645 ) ) ;
#7147 = EDGE_LOOP ( 'NONE', ( #3960, #5904, #7994, #8846, #4004, #4520 ) ) ;
#7148 = CARTESIAN_POINT ( 'NONE',  ( 208.2668633808815173, 19.60907769611150897, 5.000000000000026645 ) ) ;
#7149 = CARTESIAN_POINT ( 'NONE',  ( 244.4031675160952091, 6.656401577913122480, 7.000000000000026645 ) ) ;
#7150 = CIRCLE ( 'NONE', #7300, 2.000000000000001776 ) ;
#7151 = DIRECTION ( 'NONE',  ( 0.000000000000000000, 0.000000000000000000, 1.000000000000000000 ) ) ;
#7152 = DIRECTION ( 'NONE',  ( -0.000000000000000000, -0.000000000000000000, -1.000000000000000000 ) ) ;
#7153 = CARTESIAN_POINT ( 'NONE',  ( 171.2360312251131234, -3.999999999999996447, -13.50000000000000355 ) ) ;
#7154 = ORIENTED_EDGE ( 'NONE', *, *, #7106, .F. ) ;
#7155 = CARTESIAN_POINT ( 'NONE',  ( 199.4797820061678522, 9.499999999999996447, 13.50000000000000000 ) ) ;
#7156 = CARTESIAN_POINT ( 'NONE',  ( 161.4310031527874969, 4.210882900084981451, 10.49999999999999822 ) ) ;
#7157 = ORIENTED_EDGE ( 'NONE', *, *, #7640, .T. ) ;
#7158 = EDGE_LOOP ( 'NONE', ( #6395, #4006, #1103, #5573 ) ) ;
#7159 = FACE_OUTER_BOUND ( 'NONE', #333, .T. ) ;
#7160 = VECTOR ( 'NONE', #4679, 1000.000000000000227 ) ;
#7161 = CARTESIAN_POINT ( 'NONE',  ( 189.7360312251131234, 5.500000000000000888, 5.000000000000026645 ) ) ;
#7162 = CARTESIAN_POINT ( 'NONE',  ( 224.4860312251130949, 0.000000000000000000, -13.50000000000000000 ) ) ;
#7163 = ADVANCED_FACE ( 'NONE', ( #4219 ), #7906, .T. ) ;
#7164 = CARTESIAN_POINT ( 'NONE',  ( 39.32982670407120906, -25.26847737215926060, -13.50000000000000000 ) ) ;
#7165 = ORIENTED_EDGE ( 'NONE', *, *, #4660, .T. ) ;
#7166 = ORIENTED_EDGE ( 'NONE', *, *, #544, .T. ) ;
#7167 = VERTEX_POINT ( 'NONE', #7337 ) ;
#7168 = EDGE_CURVE ( 'NONE', #4355, #6717, #7198, .T. ) ;
#7169 = EDGE_CURVE ( 'NONE', #957, #8005, #6958, .T. ) ;
#7170 = CARTESIAN_POINT ( 'NONE',  ( 207.4136462800376535, -16.64295744586836889, 7.275207253977342248 ) ) ;
#7171 = DIRECTION ( 'NONE',  ( -1.000000000000000000, 0.000000000000000000, 0.000000000000000000 ) ) ;
#7172 = FACE_OUTER_BOUND ( 'NONE', #7213, .T. ) ;
#7173 = CARTESIAN_POINT ( 'NONE',  ( 171.2360312251131234, 3.999999999999996447, 5.000000000000026645 ) ) ;
#7174 = CARTESIAN_POINT ( 'NONE',  ( 167.7360312251131518, 3.999999999999996447, 5.000000000000026645 ) ) ;
#7175 = EDGE_CURVE ( 'NONE', #1353, #6154, #8715, .T. ) ;
#7176 = DIRECTION ( 'NONE',  ( -0.9995966148089560077, -0.02840083911569745226, 0.000000000000000000 ) ) ;
#7177 = ORIENTED_EDGE ( 'NONE', *, *, #4483, .F. ) ;
#7178 = EDGE_CURVE ( 'NONE', #8566, #2033, #9485, .T. ) ;
#7179 = VERTEX_POINT ( 'NONE', #4269 ) ;
#7180 = ORIENTED_EDGE ( 'NONE', *, *, #5136, .F. ) ;
#7181 = EDGE_LOOP ( 'NONE', ( #2066, #5870, #211, #6130 ) ) ;
#7182 = CARTESIAN_POINT ( 'NONE',  ( 131.8407164561386651, -10.63549488071143578, 12.49999999999999822 ) ) ;
#7183 = CARTESIAN_POINT ( 'NONE',  ( 101.8528180118699566, -11.48752005418247180, -13.50000000000000355 ) ) ;
#7184 = B_SPLINE_CURVE_WITH_KNOTS ( 'NONE', 3,
 ( #4172, #591, #3567, #6542 ),
 .UNSPECIFIED., .F., .F.,
 ( 4, 4 ),
 ( 0.000000000000000000, 0.008289794186780974003 ),
 .UNSPECIFIED. ) ;
#7185 = CARTESIAN_POINT ( 'NONE',  ( 238.8098415932781222, 1.233874960426390111, 7.000000000000029310 ) ) ;
#7186 = CARTESIAN_POINT ( 'NONE',  ( 204.7319261219507496, -18.22385282888252434, 13.50000000000000178 ) ) ;
#7187 = CARTESIAN_POINT ( 'NONE',  ( 167.7360312251131518, 3.999999999999996447, -13.50000000000000355 ) ) ;
#7188 = EDGE_CURVE ( 'NONE', #8577, #6047, #7585, .T. ) ;
#7189 = DIRECTION ( 'NONE',  ( 0.000000000000000000, 0.000000000000000000, -1.000000000000000000 ) ) ;
#7190 = VERTEX_POINT ( 'NONE', #1377 ) ;
#7191 = CARTESIAN_POINT ( 'NONE',  ( 38.65102456598012992, -5.280000000000001137, -6.500000000000000000 ) ) ;
#7192 = AXIS2_PLACEMENT_3D ( 'NONE', #4464, #747, #5349 ) ;
#7193 = CYLINDRICAL_SURFACE ( 'NONE', #3233, 0.9999999999999892308 ) ;
#7194 = CIRCLE ( 'NONE', #2500, 19.99999999999996803 ) ;
#7195 = DIRECTION ( 'NONE',  ( 0.3809044632332455049, -0.9246144006498023815, 9.623701842200623964E-15 ) ) ;
#7196 = DIRECTION ( 'NONE',  ( -1.000000000000000000, -0.000000000000000000, 0.000000000000000000 ) ) ;
#7197 = AXIS2_PLACEMENT_3D ( 'NONE', #1521, #4, #683 ) ;
#7198 = LINE ( 'NONE', #541, #869 ) ;
#7199 = DIRECTION ( 'NONE',  ( -0.02840083911569750777, 0.9995966148089561187, 0.000000000000000000 ) ) ;
#7200 = EDGE_CURVE ( 'NONE', #4422, #301, #746, .T. ) ;
#7201 = DIRECTION ( 'NONE',  ( 0.000000000000000000, 0.000000000000000000, 1.000000000000000000 ) ) ;
#7202 = ORIENTED_EDGE ( 'NONE', *, *, #5744, .F. ) ;
#7203 = EDGE_LOOP ( 'NONE', ( #1459, #71, #2863, #4358 ) ) ;
#7204 = CARTESIAN_POINT ( 'NONE',  ( 206.8862488583295089, -16.09282966156079908, 7.290349348617863434 ) ) ;
#7205 = AXIS2_PLACEMENT_3D ( 'NONE', #1746, #6200, #4783 ) ;
#7206 = LINE ( 'NONE', #5054, #8935 ) ;
#7207 = CARTESIAN_POINT ( 'NONE',  ( 224.3475061986191008, -13.59990031642861830, 6.689807085709364110 ) ) ;
#7208 = CARTESIAN_POINT ( 'NONE',  ( 18.11266753297876875, 10.64642192662754105, -13.50000000000000355 ) ) ;
#7209 = AXIS2_PLACEMENT_3D ( 'NONE', #4637, #9270, #3905 ) ;
#7210 = CARTESIAN_POINT ( 'NONE',  ( 202.0967815227929236, -7.500000000000006217, 6.628301917504145990 ) ) ;
#7211 = VERTEX_POINT ( 'NONE', #3571 ) ;
#7212 = EDGE_LOOP ( 'NONE', ( #4580, #5894, #821, #5210 ) ) ;
#7213 = EDGE_LOOP ( 'NONE', ( #3990, #2367, #1872, #5317, #6273, #8283 ) ) ;
#7214 = CIRCLE ( 'NONE', #1745, 1.000000000000000888 ) ;
#7215 = EDGE_CURVE ( 'NONE', #8718, #33, #4361, .T. ) ;
#7216 = EDGE_CURVE ( 'NONE', #4736, #1835, #7884, .T. ) ;
#7217 = FACE_OUTER_BOUND ( 'NONE', #3781, .T. ) ;
#7218 = FACE_OUTER_BOUND ( 'NONE', #2283, .T. ) ;
#7219 = DIRECTION ( 'NONE',  ( 1.000000000000000000, 0.000000000000000000, 0.000000000000000000 ) ) ;
#7220 = CARTESIAN_POINT ( 'NONE',  ( 101.8244171727542664, -10.48792343937351568, -13.50000000000000355 ) ) ;
#7221 = CARTESIAN_POINT ( 'NONE',  ( 72.41010275655905559, 3.682401448405487443, 11.50000000000000000 ) ) ;
#7222 = CIRCLE ( 'NONE', #4107, 0.9999999999999893419 ) ;
#7223 = ORIENTED_EDGE ( 'NONE', *, *, #5566, .T. ) ;
#7224 = ORIENTED_EDGE ( 'NONE', *, *, #6280, .F. ) ;
#7225 = ORIENTED_EDGE ( 'NONE', *, *, #7175, .T. ) ;
#7226 = ORIENTED_EDGE ( 'NONE', *, *, #5038, .F. ) ;
#7227 = ORIENTED_EDGE ( 'NONE', *, *, #3808, .T. ) ;
#7228 = ADVANCED_FACE ( 'NONE', ( #6544 ), #9526, .T. ) ;
#7229 = DIRECTION ( 'NONE',  ( -0.02840083911569927372, 0.9995966148089558967, -0.000000000000000000 ) ) ;
#7230 = ADVANCED_FACE ( 'NONE', ( #5823 ), #8797, .F. ) ;
#7231 = CARTESIAN_POINT ( 'NONE',  ( 171.7360312251131234, 7.500000000000001776, 3.375330474728936103 ) ) ;
#7232 = PLANE ( 'NONE',  #5095 ) ;
#7233 = DIRECTION ( 'NONE',  ( 1.000000000000000000, 0.000000000000000000, 0.000000000000000000 ) ) ;
#7234 = DIRECTION ( 'NONE',  ( 0.000000000000000000, 0.000000000000000000, 1.000000000000000000 ) ) ;
#7235 = DIRECTION ( 'NONE',  ( -0.3809044632332377889, 0.9246144006498056012, 0.000000000000000000 ) ) ;
#7236 = ORIENTED_EDGE ( 'NONE', *, *, #1431, .T. ) ;
#7237 = CARTESIAN_POINT ( 'NONE',  ( 223.0860312251130892, 15.00000000000000000, 13.50000000000000000 ) ) ;
#7238 = CARTESIAN_POINT ( 'NONE',  ( 17.02499999999999858, 0.000000000000000000, -12.50000000000000000 ) ) ;
#7239 = ADVANCED_FACE ( 'NONE', ( #3428 ), #2647, .T. ) ;
#7240 = CYLINDRICAL_SURFACE ( 'NONE', #1484, 0.9999999999999992228 ) ;
#7241 = CARTESIAN_POINT ( 'NONE',  ( 238.6901752053842074, -1.159773140947231385, 6.980022139662997560 ) ) ;
#7242 = CARTESIAN_POINT ( 'NONE',  ( 205.5051155228658786, 18.85006500651962469, 11.53756271139083012 ) ) ;
#7243 = B_SPLINE_CURVE_WITH_KNOTS ( 'NONE', 3,
 ( #7087, #2638, #1226, #4799, #4992, #7973 ),
 .UNSPECIFIED., .F., .F.,
 ( 4, 2, 4 ),
 ( 1.734723475976807094E-18, 0.001355000272811500255, 0.002710000545622998774 ),
 .UNSPECIFIED. ) ;
#7244 = DIRECTION ( 'NONE',  ( 1.000000000000000000, 0.000000000000000000, 0.000000000000000000 ) ) ;
#7245 = VERTEX_POINT ( 'NONE', #4901 ) ;
#7246 = ORIENTED_EDGE ( 'NONE', *, *, #4240, .T. ) ;
#7247 = DIRECTION ( 'NONE',  ( -0.000000000000000000, -0.000000000000000000, 1.000000000000000000 ) ) ;
#7248 = AXIS2_PLACEMENT_3D ( 'NONE', #7083, #4937, #440 ) ;
#7249 = VECTOR ( 'NONE', #7869, 1000.000000000000000 ) ;
#7250 = EDGE_CURVE ( 'NONE', #8782, #2101, #9301, .T. ) ;
#7251 = CARTESIAN_POINT ( 'NONE',  ( 64.43931743432202097, 2.540534675001835385, 11.27138653862093243 ) ) ;
#7252 = CARTESIAN_POINT ( 'NONE',  ( 224.6265638764790253, -13.60010040331390080, 6.689976350333338040 ) ) ;
#7253 = AXIS2_PLACEMENT_3D ( 'NONE', #7858, #7070, #7958 ) ;
#7254 = AXIS2_PLACEMENT_3D ( 'NONE', #272, #1876, #4861 ) ;
#7255 = FACE_BOUND ( 'NONE', #7042, .T. ) ;
#7256 = EDGE_LOOP ( 'NONE', ( #4094, #1760, #5621, #7089, #4690, #9639 ) ) ;
#7257 = VERTEX_POINT ( 'NONE', #50 ) ;
#7258 = ORIENTED_EDGE ( 'NONE', *, *, #6528, .T. ) ;
#7259 = CIRCLE ( 'NONE', #4459, 1.000000000000003109 ) ;
#7260 = CIRCLE ( 'NONE', #3584, 0.9999999999999998890 ) ;
#7261 = AXIS2_PLACEMENT_3D ( 'NONE', #3856, #3951, #92 ) ;
#7262 = CARTESIAN_POINT ( 'NONE',  ( 202.1282478728444119, -7.223217421025704077, 6.301260587509753819 ) ) ;
#7263 = CARTESIAN_POINT ( 'NONE',  ( 201.8930192638598839, 7.500000000000004441, 7.171164326637033071 ) ) ;
#7264 = DIRECTION ( 'NONE',  ( -0.000000000000000000, -0.000000000000000000, 1.000000000000000000 ) ) ;
#7265 = LINE ( 'NONE', #9368, #6658 ) ;
#7266 = DIRECTION ( 'NONE',  ( 0.9995966148089557857, 0.02840083911570149763, 0.000000000000000000 ) ) ;
#7267 = ORIENTED_EDGE ( 'NONE', *, *, #1501, .T. ) ;
#7268 = ORIENTED_EDGE ( 'NONE', *, *, #8850, .F. ) ;
#7269 = AXIS2_PLACEMENT_3D ( 'NONE', #6641, #2932, #8890 ) ;
#7270 = CIRCLE ( 'NONE', #3517, 20.99999999999998934 ) ;
#7271 = EDGE_LOOP ( 'NONE', ( #8769, #3922, #218, #4045, #154, #3320 ) ) ;
#7272 = ORIENTED_EDGE ( 'NONE', *, *, #1441, .T. ) ;
#7273 = CARTESIAN_POINT ( 'NONE',  ( 245.4860312251130949, 0.000000000000000000, -13.50000000000000000 ) ) ;
#7274 = CARTESIAN_POINT ( 'NONE',  ( 217.5514232202396272, 17.96712939168153511, 7.000000000000026645 ) ) ;
#7275 = AXIS2_PLACEMENT_3D ( 'NONE', #5580, #7629, #6305 ) ;
#7276 = CARTESIAN_POINT ( 'NONE',  ( 244.0633470130435683, 7.597940940784448038, 6.000000000000026645 ) ) ;
#7277 = CARTESIAN_POINT ( 'NONE',  ( 102.4164428571655492, 3.885353643024622272, 11.09612107754097821 ) ) ;
#7278 = CARTESIAN_POINT ( 'NONE',  ( 103.3984045860187422, 4.506025782760822551, 10.49999999999999645 ) ) ;
#7279 = AXIS2_PLACEMENT_3D ( 'NONE', #3139, #4708, #9204 ) ;
#7280 = CARTESIAN_POINT ( 'NONE',  ( 38.65102456598012992, -5.280000000000000249, -5.500000000000000000 ) ) ;
#7281 = TOROIDAL_SURFACE ( 'NONE', #4790, 6.499999999999989342, 1.000000000000000000 ) ;
#7282 = CYLINDRICAL_SURFACE ( 'NONE', #1515, 1.000000000000000888 ) ;
#7283 = ORIENTED_EDGE ( 'NONE', *, *, #5104, .T. ) ;
#7284 = CARTESIAN_POINT ( 'NONE',  ( 125.8715376064005795, -11.80549653021460088, -13.50000000000000355 ) ) ;
#7285 = EDGE_CURVE ( 'NONE', #3874, #9426, #8164, .T. ) ;
#7286 = EDGE_CURVE ( 'NONE', #6931, #8845, #4938, .T. ) ;
#7287 = AXIS2_PLACEMENT_3D ( 'NONE', #9472, #9339, #8703 ) ;
#7288 = CIRCLE ( 'NONE', #116, 1.000000000000000666 ) ;
#7289 = CARTESIAN_POINT ( 'NONE',  ( 125.4171241805493509, 4.188049306728692578, -13.50000000000000355 ) ) ;
#7290 = CIRCLE ( 'NONE', #2129, 2.149999999999985256 ) ;
#7291 = VECTOR ( 'NONE', #2163, 1000.000000000000227 ) ;
#7292 = EDGE_CURVE ( 'NONE', #2511, #1600, #6013, .T. ) ;
#7293 = CYLINDRICAL_SURFACE ( 'NONE', #6787, 0.9999999999999997780 ) ;
#7294 = CARTESIAN_POINT ( 'NONE',  ( 209.4860312251131234, 0.000000000000000000, 5.000000000000026645 ) ) ;
#7295 = VECTOR ( 'NONE', #2462, 1000.000000000000000 ) ;
#7296 = CARTESIAN_POINT ( 'NONE',  ( 132.7911213746216106, -8.875741917672769432, 11.50000000000000000 ) ) ;
#7297 = CARTESIAN_POINT ( 'NONE',  ( 65.86733987874752927, -12.50995026234771501, 13.50000000000000000 ) ) ;
#7298 = LINE ( 'NONE', #599, #6652 ) ;
#7299 = EDGE_LOOP ( 'NONE', ( #7755, #7769, #3862, #972 ) ) ;
#7301 = EDGE_CURVE ( 'NONE', #5402, #7211, #7484, .T. ) ;
#7300 = AXIS2_PLACEMENT_3D ( 'NONE', #9182, #4832, #4786 ) ;
#7302 = ORIENTED_EDGE ( 'NONE', *, *, #6579, .T. ) ;
#7303 = EDGE_CURVE ( 'NONE', #5762, #3177, #2109, .T. ) ;
#7304 = CIRCLE ( 'NONE', #8552, 1.000000000000000888 ) ;
#7305 = CARTESIAN_POINT ( 'NONE',  ( 18.11266753297876875, 10.64642192662754105, -13.50000000000000355 ) ) ;
#7306 = LINE ( 'NONE', #7348, #3789 ) ;
#7307 = DIRECTION ( 'NONE',  ( -0.9995966148089566738, -0.02840083911567271163, 0.000000000000000000 ) ) ;
#7308 = TOROIDAL_SURFACE ( 'NONE', #9016, 1.999999999999998668, 1.000000000000000000 ) ;
#7309 = CARTESIAN_POINT ( 'NONE',  ( 123.3895301118157448, 5.130844243306286856, 13.50000000000000000 ) ) ;
#7310 = EDGE_LOOP ( 'NONE', ( #741, #8966, #686, #5882 ) ) ;
#7311 = ORIENTED_EDGE ( 'NONE', *, *, #3401, .F. ) ;
#7312 = EDGE_CURVE ( 'NONE', #2827, #3658, #1186, .T. ) ;
#7313 = VERTEX_POINT ( 'NONE', #4595 ) ;
#7314 = CARTESIAN_POINT ( 'NONE',  ( 205.5053074738374335, -13.52530680486372638, 4.999999999999976019 ) ) ;
#7315 = FACE_BOUND ( 'NONE', #874, .T. ) ;
#7316 = DIRECTION ( 'NONE',  ( -0.3809044632332722613, -0.9246144006497911683, 0.000000000000000000 ) ) ;
#7317 = CARTESIAN_POINT ( 'NONE',  ( 211.7294295073142791, -10.60660171779819372, -11.50000000000000000 ) ) ;
#7318 = FACE_OUTER_BOUND ( 'NONE', #1391, .T. ) ;
#7319 = ORIENTED_EDGE ( 'NONE', *, *, #761, .T. ) ;
#7320 = ORIENTED_EDGE ( 'NONE', *, *, #7523, .T. ) ;
#7321 = ADVANCED_FACE ( 'NONE', ( #4453 ), #3676, .T. ) ;
#7322 = ORIENTED_EDGE ( 'NONE', *, *, #6747, .T. ) ;
#7323 = ORIENTED_EDGE ( 'NONE', *, *, #5927, .T. ) ;
#7324 = DIRECTION ( 'NONE',  ( 1.000000000000000000, 0.000000000000000000, 0.000000000000000000 ) ) ;
#7325 = DIRECTION ( 'NONE',  ( -0.000000000000000000, -0.000000000000000000, 1.000000000000000000 ) ) ;
#7326 = CARTESIAN_POINT ( 'NONE',  ( 199.4797820061678522, -9.499999999999996447, 13.50000000000000000 ) ) ;
#7327 = DIRECTION ( 'NONE',  ( 0.9995966148089557857, 0.02840083911570534872, -0.000000000000000000 ) ) ;
#7328 = FACE_OUTER_BOUND ( 'NONE', #7030, .T. ) ;
#7329 = CARTESIAN_POINT ( 'NONE',  ( 16.02499999999999858, 0.000000000000000000, -6.500000000000000000 ) ) ;
#7330 = ORIENTED_EDGE ( 'NONE', *, *, #2071, .T. ) ;
#7331 = DIRECTION ( 'NONE',  ( 0.3809044632332612146, 0.9246144006497958312, -0.000000000000000000 ) ) ;
#7332 = EDGE_LOOP ( 'NONE', ( #6859, #5016, #844, #8783 ) ) ;
#7333 = VERTEX_POINT ( 'NONE', #2972 ) ;
#7334 = CARTESIAN_POINT ( 'NONE',  ( 102.8524146266789216, -11.45911921506676556, 11.50000000000000000 ) ) ;
#7335 = EDGE_CURVE ( 'NONE', #7453, #924, #9625, .T. ) ;
#7336 = CYLINDRICAL_SURFACE ( 'NONE', #6019, 1.400000000000012346 ) ;
#7337 = CARTESIAN_POINT ( 'NONE',  ( 12.40844320000272383, 18.24074055622876855, -12.50000000000000000 ) ) ;
#7338 = DIRECTION ( 'NONE',  ( -1.000000000000000000, 0.000000000000000000, 0.000000000000000000 ) ) ;
#7339 = CARTESIAN_POINT ( 'NONE',  ( 131.8123156170229322, -9.635898265902481441, -13.50000000000000355 ) ) ;
#7340 = AXIS2_PLACEMENT_3D ( 'NONE', #150, #6880, #2329 ) ;
#7341 = CARTESIAN_POINT ( 'NONE',  ( 161.3742014745560880, 6.210076129702891023, 10.49999999999999645 ) ) ;
#7342 = ORIENTED_EDGE ( 'NONE', *, *, #1425, .F. ) ;
#7343 = ORIENTED_EDGE ( 'NONE', *, *, #2859, .F. ) ;
#7344 = ADVANCED_FACE ( 'NONE', ( #7385 ), #6737, .T. ) ;
#7345 = LINE ( 'NONE', #3673, #6969 ) ;
#7346 = VECTOR ( 'NONE', #5930, 1000.000000000000000 ) ;
#7347 = CARTESIAN_POINT ( 'NONE',  ( 217.8296296471999369, 19.91713629098207505, 7.000000000000026645 ) ) ;
#7348 = CARTESIAN_POINT ( 'NONE',  ( 39.32982670407120906, -25.26847737215926770, -13.50000000000000000 ) ) ;
#7349 = EDGE_CURVE ( 'NONE', #1961, #8043, #1339, .T. ) ;
#7350 = ADVANCED_FACE ( 'NONE', ( #8258 ), #8987, .T. ) ;
#7351 = DIRECTION ( 'NONE',  ( 0.000000000000000000, 0.000000000000000000, 1.000000000000000000 ) ) ;
#7352 = CARTESIAN_POINT ( 'NONE',  ( 65.41292645289631480, 3.483595574595578892, 11.50000000000000000 ) ) ;
#7353 = ORIENTED_EDGE ( 'NONE', *, *, #9558, .T. ) ;
#7354 = CIRCLE ( 'NONE', #3601, 4.000000000000003553 ) ;
#7355 = ORIENTED_EDGE ( 'NONE', *, *, #603, .F. ) ;
#7356 = VERTEX_POINT ( 'NONE', #106 ) ;
#7357 = CIRCLE ( 'NONE', #4863, 17.02499999999998437 ) ;
#7358 = CARTESIAN_POINT ( 'NONE',  ( 72.85766309020226572, -12.06994279078975651, 10.74129772773730807 ) ) ;
#7359 = EDGE_CURVE ( 'NONE', #3346, #5203, #4782, .T. ) ;
#7360 =( BOUNDED_SURFACE ( )  B_SPLINE_SURFACE ( 3, 2, ( 
 ( #5996, #2420, #5215 ),
 ( #1645, #3796, #6772 ),
 ( #7559, #8973, #3058 ),
 ( #917, #6055, #8150 ),
 ( #9029, #5320, #1592 ),
 ( #145, #7616, #6829 ) ),
 .UNSPECIFIED., .F., .F., .F. ) 
 B_SPLINE_SURFACE_WITH_KNOTS ( ( 4, 2, 4 ),
 ( 3, 3 ),
 ( 0.01865708813491900181, 0.02370780027735109458, 0.02875851241978319081 ),
 ( 0.000000000000000000, 1.000000000000000000 ),
 .UNSPECIFIED. ) 
 GEOMETRIC_REPRESENTATION_ITEM ( )  RATIONAL_B_SPLINE_SURFACE ( (
 ( 1.000000000000000000, 0.4127108435564776912, 1.000000000000000000),
 ( 1.000000000000000000, 0.4210494453937592696, 1.000000000000000000),
 ( 1.000000000000000000, 0.4286698054157214166, 1.000000000000000000),
 ( 1.000000000000000000, 0.4427945191299605399, 1.000000000000000000),
 ( 1.000000000000000000, 0.4492955530849633838, 1.000000000000000000),
 ( 1.000000000000000000, 0.4553567831462852489, 1.000000000000000000) ) ) 
 REPRESENTATION_ITEM ( '' )  SURFACE ( )  );
#7361 = DIRECTION ( 'NONE',  ( 1.224646799147353207E-16, 1.000000000000000000, -0.000000000000000000 ) ) ;
#7362 = PLANE ( 'NONE',  #7763 ) ;
#7363 = LINE ( 'NONE', #9596, #1289 ) ;
#7364 = ORIENTED_EDGE ( 'NONE', *, *, #3605, .T. ) ;
#7365 = EDGE_LOOP ( 'NONE', ( #3933, #8533, #2479, #8655, #8692, #1849, #8645, #9647, #8115 ) ) ;
#7366 = VERTEX_POINT ( 'NONE', #8209 ) ;
#7367 = ORIENTED_EDGE ( 'NONE', *, *, #3993, .F. ) ;
#7368 = EDGE_CURVE ( 'NONE', #2511, #1217, #2358, .T. ) ;
#7369 = CARTESIAN_POINT ( 'NONE',  ( 101.3984045860187422, 4.506025782760822551, 12.49999999999999822 ) ) ;
#7370 = DIRECTION ( 'NONE',  ( -0.000000000000000000, -0.000000000000000000, 1.000000000000000000 ) ) ;
#7371 = EDGE_CURVE ( 'NONE', #5989, #455, #6693, .T. ) ;
#7372 =( GEOMETRIC_REPRESENTATION_CONTEXT ( 3 ) GLOBAL_UNCERTAINTY_ASSIGNED_CONTEXT ( ( #7025 ) ) GLOBAL_UNIT_ASSIGNED_CONTEXT ( ( #347, #3326, #9295 ) ) REPRESENTATION_CONTEXT ( 'NONE', 'WORKASPACE' ) );
#7373 = DIRECTION ( 'NONE',  ( 0.000000000000000000, 0.000000000000000000, 1.000000000000000000 ) ) ;
#7374 = DIRECTION ( 'NONE',  ( -0.000000000000000000, -0.000000000000000000, -1.000000000000000000 ) ) ;
#7375 = DIRECTION ( 'NONE',  ( 1.000000000000000000, 0.000000000000000000, 0.000000000000000000 ) ) ;
#7376 = FACE_BOUND ( 'NONE', #9085, .T. ) ;
#7377 = ORIENTED_EDGE ( 'NONE', *, *, #4887, .T. ) ;
#7378 = CARTESIAN_POINT ( 'NONE',  ( 0.000000000000000000, 0.000000000000000000, -12.50000000000000000 ) ) ;
#7379 = ORIENTED_EDGE ( 'NONE', *, *, #6635, .F. ) ;
#7380 = EDGE_LOOP ( 'NONE', ( #3332, #5013, #4803, #1238 ) ) ;
#7381 = AXIS2_PLACEMENT_3D ( 'NONE', #617, #2950, #3596 ) ;
#7382 = CIRCLE ( 'NONE', #8633, 0.9999999999999995559 ) ;
#7383 = CARTESIAN_POINT ( 'NONE',  ( 65.35612477466490589, 5.482788804213488909, 13.50000000000000000 ) ) ;
#7384 = LINE ( 'NONE', #49, #3831 ) ;
#7385 = FACE_OUTER_BOUND ( 'NONE', #4292, .T. ) ;
#7386 = AXIS2_PLACEMENT_3D ( 'NONE', #9403, #8625, #2748 ) ;
#7387 = CARTESIAN_POINT ( 'NONE',  ( 198.8089500046939975, 7.499999999999999112, 11.77204459376912915 ) ) ;
#7388 = DIRECTION ( 'NONE',  ( 0.000000000000000000, 0.000000000000000000, 1.000000000000000000 ) ) ;
#7389 = CYLINDRICAL_SURFACE ( 'NONE', #9309, 2.000000000000000000 ) ;
#7390 = ORIENTED_EDGE ( 'NONE', *, *, #9428, .T. ) ;
#7391 = ADVANCED_FACE ( 'NONE', ( #4505 ), #8120, .F. ) ;
#7392 = CARTESIAN_POINT ( 'NONE',  ( 206.4449271470967346, -16.11703329301498400, 8.257111191465513755 ) ) ;
#7393 = CARTESIAN_POINT ( 'NONE',  ( 125.8147359281691706, -9.806303300596692196, -13.50000000000000355 ) ) ;
#7394 = LINE ( 'NONE', #3675, #5958 ) ;
#7395 = ADVANCED_FACE ( 'NONE', ( #2933 ), #8891, .T. ) ;
#7396 = DIRECTION ( 'NONE',  ( 0.000000000000000000, 0.000000000000000000, 1.000000000000000000 ) ) ;
#7397 = CARTESIAN_POINT ( 'NONE',  ( 39.36376681097576125, -26.26790124076722321, 12.50000000000000178 ) ) ;
#7398 = ORIENTED_EDGE ( 'NONE', *, *, #4370, .F. ) ;
#7399 = ORIENTED_EDGE ( 'NONE', *, *, #9352, .T. ) ;
#7400 = ORIENTED_EDGE ( 'NONE', *, *, #1519, .F. ) ;
#7401 = EDGE_CURVE ( 'NONE', #519, #8968, #2587, .T. ) ;
#7402 = EDGE_CURVE ( 'NONE', #6207, #9355, #9089, .T. ) ;
#7403 = CARTESIAN_POINT ( 'NONE',  ( 198.8089500046939975, 7.500000000000000000, 11.50000000000000000 ) ) ;
#7404 = FACE_BOUND ( 'NONE', #1027, .T. ) ;
#7405 = AXIS2_PLACEMENT_3D ( 'NONE', #5720, #8560, #4252 ) ;
#7406 = AXIS2_PLACEMENT_3D ( 'NONE', #62, #7446, #4560 ) ;
#7407 = EDGE_CURVE ( 'NONE', #2400, #4389, #7432, .T. ) ;
#7408 = DIRECTION ( 'NONE',  ( -0.000000000000000000, -0.000000000000000000, 1.000000000000000000 ) ) ;
#7409 = CARTESIAN_POINT ( 'NONE',  ( 210.8860312251131290, 1.714505518806288475E-16, -13.50000000000000000 ) ) ;
#7410 = ORIENTED_EDGE ( 'NONE', *, *, #4780, .F. ) ;
#7411 = ORIENTED_EDGE ( 'NONE', *, *, #1335, .F. ) ;
#7412 = VERTEX_POINT ( 'NONE', #2387 ) ;
#7413 = ORIENTED_EDGE ( 'NONE', *, *, #4725, .F. ) ;
#7414 = ADVANCED_FACE ( 'NONE', ( #8562 ), #1805, .F. ) ;
#7415 = AXIS2_PLACEMENT_3D ( 'NONE', #5020, #8541, #8587 ) ;
#7416 = AXIS2_PLACEMENT_3D ( 'NONE', #4211, #1951, #3319 ) ;
#7418 = CARTESIAN_POINT ( 'NONE',  ( 161.3742014745560880, 6.210076129702891023, 10.49999999999999645 ) ) ;
#7417 = CIRCLE ( 'NONE', #7261, 6.000000000000005329 ) ;
#7419 = CARTESIAN_POINT ( 'NONE',  ( 183.7360312251131234, 7.500000000000000000, -13.50000000000000355 ) ) ;
#7420 = FACE_OUTER_BOUND ( 'NONE', #5990, .T. ) ;
#7421 = FACE_OUTER_BOUND ( 'NONE', #8910, .T. ) ;
#7422 = DIRECTION ( 'NONE',  ( 0.02840083911570534872, -0.9995966148089557857, 0.000000000000000000 ) ) ;
#7423 = CIRCLE ( 'NONE', #8675, 2.000000000000001776 ) ;
#7424 = AXIS2_PLACEMENT_3D ( 'NONE', #4610, #168, #2069 ) ;
#7425 = DIRECTION ( 'NONE',  ( 0.000000000000000000, 0.000000000000000000, 1.000000000000000000 ) ) ;
#7426 = DIRECTION ( 'NONE',  ( -0.000000000000000000, -0.000000000000000000, 1.000000000000000000 ) ) ;
#7427 = B_SPLINE_CURVE_WITH_KNOTS ( 'NONE', 3,
 ( #178, #9169, #6137, #3196, #6185, #7652, #1735, #6913, #9114, #223 ),
 .UNSPECIFIED., .F., .F.,
 ( 4, 2, 2, 2, 4 ),
 ( -6.324555320347752023E-06, 0.0005078165051336916208, 0.001021957565587731150, 0.001536098626041770571, 0.002050239686495809992 ),
 .UNSPECIFIED. ) ;
#7428 = ORIENTED_EDGE ( 'NONE', *, *, #6446, .T. ) ;
#7429 = ORIENTED_EDGE ( 'NONE', *, *, #9264, .F. ) ;
#7430 = EDGE_LOOP ( 'NONE', ( #560, #1437, #4644, #4973, #4734, #8379, #8576, #3241 ) ) ;
#7431 = EDGE_CURVE ( 'NONE', #2816, #8266, #711, .T. ) ;
#7432 = CIRCLE ( 'NONE', #7275, 19.99999999999998934 ) ;
#7433 = EDGE_CURVE ( 'NONE', #3767, #7819, #9455, .T. ) ;
#7434 = DIRECTION ( 'NONE',  ( -0.02840083911570534872, 0.9995966148089557857, 0.000000000000000000 ) ) ;
#7435 = LINE ( 'NONE', #4405, #1803 ) ;
#7436 = DIRECTION ( 'NONE',  ( 1.000000000000000000, 0.000000000000000000, 0.000000000000000000 ) ) ;
#7437 = VECTOR ( 'NONE', #8106, 1000.000000000000000 ) ;
#7438 = CYLINDRICAL_SURFACE ( 'NONE', #4704, 0.9999999999999995559 ) ;
#7439 = DIRECTION ( 'NONE',  ( 0.000000000000000000, 0.000000000000000000, 1.000000000000000000 ) ) ;
#7440 = DIRECTION ( 'NONE',  ( -1.000000000000000000, 0.000000000000000000, 0.000000000000000000 ) ) ;
#7441 = DIRECTION ( 'NONE',  ( 0.000000000000000000, 0.000000000000000000, 1.000000000000000000 ) ) ;
#7442 = VERTEX_POINT ( 'NONE', #249 ) ;
#7443 = CARTESIAN_POINT ( 'NONE',  ( 225.8100063283375789, -0.5454252342095322614, 6.000000000000026645 ) ) ;
#7444 = AXIS2_PLACEMENT_3D ( 'NONE', #1525, #7441, #2300 ) ;
#7445 = CIRCLE ( 'NONE', #1208, 5.499999999999976907 ) ;
#7446 = DIRECTION ( 'NONE',  ( 0.000000000000000000, 0.000000000000000000, 1.000000000000000000 ) ) ;
#7447 = CARTESIAN_POINT ( 'NONE',  ( 124.8435401524758674, -10.83430075452132968, 10.49999999999999645 ) ) ;
#7448 = AXIS2_PLACEMENT_3D ( 'NONE', #1157, #8547, #1844 ) ;
#7449 = CARTESIAN_POINT ( 'NONE',  ( -1.619021831450681237, -20.93749670589311052, -13.50000000000000000 ) ) ;
#7450 = CIRCLE ( 'NONE', #2761, 0.9999999999999998890 ) ;
#7451 = AXIS2_PLACEMENT_3D ( 'NONE', #4071, #397, #6411 ) ;
#7452 = CARTESIAN_POINT ( 'NONE',  ( 125.3887233414336606, 5.187645921537647808, 11.50000000000000000 ) ) ;
#7453 = VERTEX_POINT ( 'NONE', #5381 ) ;
#7454 = ORIENTED_EDGE ( 'NONE', *, *, #1077, .F. ) ;
#7455 = AXIS2_PLACEMENT_3D ( 'NONE', #4621, #6820, #6184 ) ;
#7456 = ORIENTED_EDGE ( 'NONE', *, *, #6990, .T. ) ;
#7457 = VECTOR ( 'NONE', #6739, 1000.000000000000000 ) ;
#7458 = LINE ( 'NONE', #3684, #8698 ) ;
#7459 = CARTESIAN_POINT ( 'NONE',  ( 202.3005446427615936, 7.500000000000004441, 6.085437214404368689 ) ) ;
#7460 = EDGE_CURVE ( 'NONE', #2771, #7313, #1857, .T. ) ;
#7461 = CARTESIAN_POINT ( 'NONE',  ( 194.4860312251130949, -20.00000000000000000, -12.50000000000000000 ) ) ;
#7462 = DIRECTION ( 'NONE',  ( 0.000000000000000000, 0.000000000000000000, 1.000000000000000000 ) ) ;
#7463 = ORIENTED_EDGE ( 'NONE', *, *, #1875, .T. ) ;
#7464 = ORIENTED_EDGE ( 'NONE', *, *, #7717, .F. ) ;
#7465 = ORIENTED_EDGE ( 'NONE', *, *, #657, .F. ) ;
#7466 = ORIENTED_EDGE ( 'NONE', *, *, #2201, .F. ) ;
#7467 = DIRECTION ( 'NONE',  ( 0.000000000000000000, 0.000000000000000000, 1.000000000000000000 ) ) ;
#7468 = ADVANCED_FACE ( 'NONE', ( #5479 ), #3206, .T. ) ;
#7469 = CARTESIAN_POINT ( 'NONE',  ( 208.7730718334368305, -17.90597755699908333, 5.000000000000026645 ) ) ;
#7470 = DIRECTION ( 'NONE',  ( 1.000000000000000000, 0.000000000000000000, 0.000000000000000000 ) ) ;
#7471 = CARTESIAN_POINT ( 'NONE',  ( 194.4789999733592651, -20.58578643762686156, -13.50000000000000178 ) ) ;
#7472 = ADVANCED_FACE ( 'NONE', ( #8358 ), #4471, .T. ) ;
#7473 = EDGE_CURVE ( 'NONE', #225, #5667, #3317, .T. ) ;
#7474 = CARTESIAN_POINT ( 'NONE',  ( 239.0926329429113650, 10.60660171779759509, -11.50000000000000000 ) ) ;
#7475 = PLANE ( 'NONE',  #9072 ) ;
#7476 = FACE_OUTER_BOUND ( 'NONE', #1188, .T. ) ;
#7477 = ORIENTED_EDGE ( 'NONE', *, *, #8010, .F. ) ;
#7478 = DIRECTION ( 'NONE',  ( 0.000000000000000000, 0.000000000000000000, -1.000000000000000000 ) ) ;
#7479 = ORIENTED_EDGE ( 'NONE', *, *, #4069, .T. ) ;
#7480 = ORIENTED_EDGE ( 'NONE', *, *, #244, .F. ) ;
#7481 = CARTESIAN_POINT ( 'NONE',  ( 132.8403130709475874, -10.60709404159572067, 11.50000000000000000 ) ) ;
#7482 = DIRECTION ( 'NONE',  ( 1.000000000000000000, 0.000000000000000000, 0.000000000000000000 ) ) ;
#7483 = EDGE_CURVE ( 'NONE', #4721, #8584, #7781, .T. ) ;
#7484 = LINE ( 'NONE', #3019, #2742 ) ;
#7485 = LINE ( 'NONE', #3078, #5791 ) ;
#7486 = LINE ( 'NONE', #5235, #4033 ) ;
#7487 = ORIENTED_EDGE ( 'NONE', *, *, #5074, .F. ) ;
#7488 = LINE ( 'NONE', #6697, #47 ) ;
#7489 = LINE ( 'NONE', #4410, #9611 ) ;
#7490 = VERTEX_POINT ( 'NONE', #2436 ) ;
#7491 = DIRECTION ( 'NONE',  ( 0.000000000000000000, -1.000000000000000000, 0.000000000000000000 ) ) ;
#7492 = DIRECTION ( 'NONE',  ( -0.000000000000000000, -0.000000000000000000, -1.000000000000000000 ) ) ;
#7493 = LINE ( 'NONE', #2941, #8165 ) ;
#7494 = EDGE_CURVE ( 'NONE', #3015, #1799, #7974, .T. ) ;
#7495 = AXIS2_PLACEMENT_3D ( 'NONE', #1793, #9227, #2669 ) ;
#7496 = CARTESIAN_POINT ( 'NONE',  ( 24.19280461054557207, 10.82512032616560838, -13.50000000000000355 ) ) ;
#7497 = CARTESIAN_POINT ( 'NONE',  ( 163.3733947041739896, 6.266877807934315037, 12.50000000000000000 ) ) ;
#7498 = ORIENTED_EDGE ( 'NONE', *, *, #1809, .T. ) ;
#7499 = ORIENTED_EDGE ( 'NONE', *, *, #6923, .T. ) ;
#7500 = ORIENTED_EDGE ( 'NONE', *, *, #2690, .T. ) ;
#7501 = FACE_OUTER_BOUND ( 'NONE', #417, .T. ) ;
#7502 = DIRECTION ( 'NONE',  ( 0.000000000000000000, 0.000000000000000000, 1.000000000000000000 ) ) ;
#7503 = PLANE ( 'NONE',  #5267 ) ;
#7504 = CARTESIAN_POINT ( 'NONE',  ( 102.3980012008277356, 4.534426621876530561, 10.49999999999999645 ) ) ;
#7505 = ORIENTED_EDGE ( 'NONE', *, *, #1548, .T. ) ;
#7506 = ORIENTED_EDGE ( 'NONE', *, *, #4322, .T. ) ;
#7507 = ORIENTED_EDGE ( 'NONE', *, *, #7061, .T. ) ;
#7508 = ORIENTED_EDGE ( 'NONE', *, *, #1375, .T. ) ;
#7509 = CARTESIAN_POINT ( 'NONE',  ( 183.8860312251131290, 11.10660171779823813, 13.50000000000000000 ) ) ;
#7510 = CIRCLE ( 'NONE', #4236, 0.9999999999999991118 ) ;
#7511 = FACE_OUTER_BOUND ( 'NONE', #1447, .T. ) ;
#7512 = FACE_OUTER_BOUND ( 'NONE', #699, .T. ) ;
#7513 = PLANE ( 'NONE',  #3984 ) ;
#7514 = DIRECTION ( 'NONE',  ( -0.000000000000000000, -0.000000000000000000, 1.000000000000000000 ) ) ;
#7515 = EDGE_CURVE ( 'NONE', #2695, #8241, #112, .T. ) ;
#7516 = LINE ( 'NONE', #2328, #2042 ) ;
#7517 = LINE ( 'NONE', #6202, #5003 ) ;
#7518 = ORIENTED_EDGE ( 'NONE', *, *, #7647, .F. ) ;
#7519 = CARTESIAN_POINT ( 'NONE',  ( 224.4860312251130949, 0.000000000000000000, 7.000000000000026645 ) ) ;
#7520 = VERTEX_POINT ( 'NONE', #339 ) ;
#7521 = EDGE_LOOP ( 'NONE', ( #843, #6075, #140, #2301 ) ) ;
#7522 = VERTEX_POINT ( 'NONE', #6844 ) ;
#7523 = EDGE_CURVE ( 'NONE', #4676, #7554, #158, .T. ) ;
#7524 = EDGE_CURVE ( 'NONE', #8608, #1684, #977, .T. ) ;
#7525 = CIRCLE ( 'NONE', #4875, 2.000000000000001776 ) ;
#7526 = DIRECTION ( 'NONE',  ( 1.000000000000000000, 0.000000000000000000, 0.000000000000000000 ) ) ;
#7527 = DIRECTION ( 'NONE',  ( 0.9995966148089557857, 0.02840083911570149763, -0.000000000000000000 ) ) ;
#7528 = DIRECTION ( 'NONE',  ( 1.000000000000000000, 0.000000000000000000, 0.000000000000000000 ) ) ;
#7529 = EDGE_CURVE ( 'NONE', #301, #1724, #2234, .T. ) ;
#7530 = CARTESIAN_POINT ( 'NONE',  ( 208.0548046884175903, 16.14105445549224171, 5.000000000000027534 ) ) ;
#7531 = ORIENTED_EDGE ( 'NONE', *, *, #4011, .F. ) ;
#7532 = DIRECTION ( 'NONE',  ( 0.9995966148089558967, 0.02840083911570535219, -0.000000000000000000 ) ) ;
#7533 = AXIS2_PLACEMENT_3D ( 'NONE', #8391, #1054, #9213 ) ;
#7534 = CIRCLE ( 'NONE', #3314, 0.9999999999999998890 ) ;
#7535 = DIRECTION ( 'NONE',  ( 0.000000000000000000, 0.000000000000000000, 1.000000000000000000 ) ) ;
#7536 = VERTEX_POINT ( 'NONE', #5722 ) ;
#7537 = CARTESIAN_POINT ( 'NONE',  ( 231.4206392299865627, -17.96712939168153866, 7.000000000000026645 ) ) ;
#7538 = ADVANCED_FACE ( 'NONE', ( #4840 ), #3683, .T. ) ;
#7539 = CARTESIAN_POINT ( 'NONE',  ( 124.8400984106207972, -10.71316512562671264, 10.62118390728899620 ) ) ;
#7540 = CIRCLE ( 'NONE', #5976, 0.9999999999999998890 ) ;
#7541 = CARTESIAN_POINT ( 'NONE',  ( 155.8026343724378648, -8.954278127125656184, 10.49999999999999645 ) ) ;
#7542 = CARTESIAN_POINT ( 'NONE',  ( 161.8570157395229785, -10.78306632204935767, 12.49999999999999822 ) ) ;
#7543 = DIRECTION ( 'NONE',  ( -0.02840083911569831962, 0.9995966148089561187, 0.000000000000000000 ) ) ;
#7544 = ORIENTED_EDGE ( 'NONE', *, *, #4904, .T. ) ;
#7545 = ORIENTED_EDGE ( 'NONE', *, *, #7431, .T. ) ;
#7546 = VERTEX_POINT ( 'NONE', #7823 ) ;
#7547 = EDGE_CURVE ( 'NONE', #4167, #6914, #2749, .T. ) ;
#7548 = DIRECTION ( 'NONE',  ( -1.000000000000000000, -0.000000000000000000, -0.000000000000000000 ) ) ;
#7549 = CARTESIAN_POINT ( 'NONE',  ( 189.7360312251131234, -5.500000000000003553, -13.50000000000000355 ) ) ;
#7550 = FACE_OUTER_BOUND ( 'NONE', #8239, .T. ) ;
#7551 = FACE_OUTER_BOUND ( 'NONE', #7933, .T. ) ;
#7552 = EDGE_LOOP ( 'NONE', ( #7080, #7954, #4057, #4525 ) ) ;
#7553 = ORIENTED_EDGE ( 'NONE', *, *, #7115, .T. ) ;
#7554 = VERTEX_POINT ( 'NONE', #3461 ) ;
#7555 = ORIENTED_EDGE ( 'NONE', *, *, #3942, .T. ) ;
#7556 = FACE_OUTER_BOUND ( 'NONE', #3886, .T. ) ;
#7557 = AXIS2_PLACEMENT_3D ( 'NONE', #2338, #3714, #1516 ) ;
#7558 = AXIS2_PLACEMENT_3D ( 'NONE', #1405, #5126, #579 ) ;
#7559 = CARTESIAN_POINT ( 'NONE',  ( 206.7239339312640993, -16.10224755113493700, 7.635972335883588258 ) ) ;
#7560 = CARTESIAN_POINT ( 'NONE',  ( 217.8296296471998517, -19.91713629098204308, 7.000000000000026645 ) ) ;
#7561 = CYLINDRICAL_SURFACE ( 'NONE', #3664, 2.000000000000000000 ) ;
#7562 = CYLINDRICAL_SURFACE ( 'NONE', #8140, 2.149999999999985256 ) ;
#7563 = DIRECTION ( 'NONE',  ( -3.700743415417193464E-15, -1.000000000000000000, 0.000000000000000000 ) ) ;
#7564 = VERTEX_POINT ( 'NONE', #4257 ) ;
#7565 = VECTOR ( 'NONE', #4237, 1000.000000000000227 ) ;
#7566 = AXIS2_PLACEMENT_3D ( 'NONE', #6791, #6071, #4650 ) ;
#7567 = CIRCLE ( 'NONE', #2880, 0.9999999999999893419 ) ;
#7568 = DIRECTION ( 'NONE',  ( 0.000000000000000000, 0.000000000000000000, 1.000000000000000000 ) ) ;
#7569 = VERTEX_POINT ( 'NONE', #5628 ) ;
#7570 = VERTEX_POINT ( 'NONE', #5675 ) ;
#7571 = ORIENTED_EDGE ( 'NONE', *, *, #8650, .F. ) ;
#7572 = LINE ( 'NONE', #929, #688 ) ;
#7573 = AXIS2_PLACEMENT_3D ( 'NONE', #8615, #6040, #1867 ) ;
#7574 = AXIS2_PLACEMENT_3D ( 'NONE', #6316, #351, #8469 ) ;
#7575 = ADVANCED_FACE ( 'NONE', ( #1123 ), #6490, .T. ) ;
#7576 = CARTESIAN_POINT ( 'NONE',  ( 190.7360312251131234, 6.500000000000000888, -13.50000000000000355 ) ) ;
#7577 = DIRECTION ( 'NONE',  ( -0.000000000000000000, -0.000000000000000000, -1.000000000000000000 ) ) ;
#7578 = EDGE_CURVE ( 'NONE', #2308, #1285, #8215, .T. ) ;
#7579 = CARTESIAN_POINT ( 'NONE',  ( 224.4860312251131234, 0.000000000000000000, 13.50000000000000000 ) ) ;
#7580 = EDGE_LOOP ( 'NONE', ( #8622, #6241, #1142, #2925, #9509, #2673, #3324, #7053, #3358 ) ) ;
#7581 = ADVANCED_FACE ( 'NONE', ( #388 ), #7232, .F. ) ;
#7582 = DIRECTION ( 'NONE',  ( 1.000000000000000000, 0.000000000000000000, 0.000000000000000000 ) ) ;
#7583 = DIRECTION ( 'NONE',  ( 0.000000000000000000, 0.000000000000000000, -1.000000000000000000 ) ) ;
#7584 = ORIENTED_EDGE ( 'NONE', *, *, #6156, .F. ) ;
#7585 = CIRCLE ( 'NONE', #6026, 1.000000000000000444 ) ;
#7586 = DIRECTION ( 'NONE',  ( -0.000000000000000000, -0.000000000000000000, 1.000000000000000000 ) ) ;
#7587 = CARTESIAN_POINT ( 'NONE',  ( 216.8880902843285980, 19.57731578793045202, 6.000000000000026645 ) ) ;
#7588 = DIRECTION ( 'NONE',  ( 1.000000000000000000, 0.000000000000000000, 0.000000000000000000 ) ) ;
#7589 = EDGE_CURVE ( 'NONE', #4545, #5915, #4939, .T. ) ;
#7590 = CIRCLE ( 'NONE', #6345, 26.74999999999999645 ) ;
#7591 = CARTESIAN_POINT ( 'NONE',  ( 231.8965420788116489, -19.64924546128576210, 6.614924286081887317 ) ) ;
#7592 = ADVANCED_FACE ( 'NONE', ( #4209 ), #1310, .T. ) ;
#7593 = EDGE_CURVE ( 'NONE', #3919, #5461, #9153, .T. ) ;
#7594 = LINE ( 'NONE', #903, #8219 ) ;
#7595 = VERTEX_POINT ( 'NONE', #8603 ) ;
#7596 = CIRCLE ( 'NONE', #4473, 1.000000000000000888 ) ;
#7597 = EDGE_LOOP ( 'NONE', ( #4738, #3944, #7805, #1836 ) ) ;
#7598 = AXIS2_PLACEMENT_3D ( 'NONE', #9652, #2956, #5366 ) ;
#7599 = CYLINDRICAL_SURFACE ( 'NONE', #4475, 1.000000000000012212 ) ;
#7600 = AXIS2_PLACEMENT_3D ( 'NONE', #5501, #9065, #5358 ) ;
#7601 = EDGE_CURVE ( 'NONE', #1285, #547, #1900, .T. ) ;
#7602 = DIRECTION ( 'NONE',  ( -0.000000000000000000, 1.000000000000000000, 0.000000000000000000 ) ) ;
#7603 = TOROIDAL_SURFACE ( 'NONE', #6498, 1.999999999999999556, 1.000000000000000000 ) ;
#7604 = DIRECTION ( 'NONE',  ( -0.9995966148089557857, -0.02840083911570113334, -0.000000000000000000 ) ) ;
#7605 = AXIS2_PLACEMENT_3D ( 'NONE', #1144, #5495, #1047 ) ;
#7607 = EDGE_CURVE ( 'NONE', #7117, #9173, #8307, .T. ) ;
#7606 = DIRECTION ( 'NONE',  ( -0.9995966148089557857, -0.02840083911570171274, -0.000000000000000000 ) ) ;
#7608 = TOROIDAL_SURFACE ( 'NONE', #8079, 5.499999999999975131, 2.000000000000000000 ) ;
#7609 = CARTESIAN_POINT ( 'NONE',  ( 125.3887233414336606, 5.187645921537647808, 10.49999999999999645 ) ) ;
#7610 = ORIENTED_EDGE ( 'NONE', *, *, #5275, .F. ) ;
#7611 = EDGE_LOOP ( 'NONE', ( #4974, #3260, #2802, #241 ) ) ;
#7612 = ORIENTED_EDGE ( 'NONE', *, *, #6562, .F. ) ;
#7613 = VERTEX_POINT ( 'NONE', #4888 ) ;
#7614 = AXIS2_PLACEMENT_3D ( 'NONE', #2099, #5094, #9628 ) ;
#7615 = CARTESIAN_POINT ( 'NONE',  ( 206.1102157275929301, -18.93080519932796335, 10.16940759927875959 ) ) ;
#7616 = CARTESIAN_POINT ( 'NONE',  ( 207.1230969143613265, -21.00000000000004619, 15.17043822549109677 ) ) ;
#7617 = DIRECTION ( 'NONE',  ( 1.000000000000000000, 0.000000000000000000, 0.000000000000000000 ) ) ;
#7618 = CARTESIAN_POINT ( 'NONE',  ( 234.4860312251130949, 1.224646799147354440E-15, 5.000000000000026645 ) ) ;
#7620 = EDGE_CURVE ( 'NONE', #2160, #7366, #6584, .T. ) ;
#7619 = DIRECTION ( 'NONE',  ( 1.000000000000000000, 0.000000000000000000, 0.000000000000000000 ) ) ;
#7621 = DIRECTION ( 'NONE',  ( 0.000000000000000000, 0.000000000000000000, -1.000000000000000000 ) ) ;
#7622 = DIRECTION ( 'NONE',  ( 0.3809044632332612146, 0.9246144006497958312, -0.000000000000000000 ) ) ;
#7623 = ORIENTED_EDGE ( 'NONE', *, *, #2344, .T. ) ;
#7624 = CARTESIAN_POINT ( 'NONE',  ( 124.3891267266247098, 5.159245082421984208, 11.50000000000000000 ) ) ;
#7625 = ORIENTED_EDGE ( 'NONE', *, *, #5025, .F. ) ;
#7626 = ORIENTED_EDGE ( 'NONE', *, *, #2918, .T. ) ;
#7627 = ORIENTED_EDGE ( 'NONE', *, *, #94, .F. ) ;
#7628 = DIRECTION ( 'NONE',  ( -0.000000000000000000, -0.000000000000000000, -1.000000000000000000 ) ) ;
#7629 = DIRECTION ( 'NONE',  ( 0.000000000000000000, 0.000000000000000000, 1.000000000000000000 ) ) ;
#7630 = CARTESIAN_POINT ( 'NONE',  ( 155.8878368897849498, -11.95306797155252454, 13.50000000000000000 ) ) ;
#7631 = DIRECTION ( 'NONE',  ( 1.000000000000000000, 0.000000000000000000, 0.000000000000000000 ) ) ;
#7632 = ORIENTED_EDGE ( 'NONE', *, *, #3112, .F. ) ;
#7633 = CYLINDRICAL_SURFACE ( 'NONE', #1605, 1.000000000000000888 ) ;
#7634 = DIRECTION ( 'NONE',  ( -0.000000000000000000, -0.000000000000000000, 1.000000000000000000 ) ) ;
#7635 = EDGE_LOOP ( 'NONE', ( #5363, #9399, #3466, #7654, #4244 ) ) ;
#7636 = LINE ( 'NONE', #9000, #5581 ) ;
#7637 = CARTESIAN_POINT ( 'NONE',  ( 182.4860312251131234, -11.10660171779823813, -13.50000000000000000 ) ) ;
#7638 = LINE ( 'NONE', #1818, #6330 ) ;
#7639 = CARTESIAN_POINT ( 'NONE',  ( 24.54852523620924387, 16.65140590825153666, 12.50000000000000178 ) ) ;
#7640 = EDGE_CURVE ( 'NONE', #6437, #2499, #2867, .T. ) ;
#7641 = ADVANCED_FACE ( 'NONE', ( #6629 ), #6035, .T. ) ;
#7642 = CARTESIAN_POINT ( 'NONE',  ( 162.8282115152162532, -9.755068868124679327, 11.50000000000000000 ) ) ;
#7643 = ORIENTED_EDGE ( 'NONE', *, *, #859, .T. ) ;
#7644 = EDGE_LOOP ( 'NONE', ( #9049, #928, #6917, #1928 ) ) ;
#7645 = EDGE_LOOP ( 'NONE', ( #1151, #2022, #1118, #4080 ) ) ;
#7646 = EDGE_CURVE ( 'NONE', #3014, #6207, #7590, .T. ) ;
#7647 = EDGE_CURVE ( 'NONE', #1617, #7245, #9563, .T. ) ;
#7648 = CARTESIAN_POINT ( 'NONE',  ( 235.0926329429107113, -10.60660171779883321, -13.50000000000000000 ) ) ;
#7649 = CARTESIAN_POINT ( 'NONE',  ( 207.4136462800376535, 16.64295744586832981, 7.275207253977341360 ) ) ;
#7650 = CARTESIAN_POINT ( 'NONE',  ( 71.41050614175006217, 3.654000609289787871, 10.49999999999999645 ) ) ;
#7651 = DIRECTION ( 'NONE',  ( 1.000000000000000000, 0.000000000000000000, 0.000000000000000000 ) ) ;
#7652 = CARTESIAN_POINT ( 'NONE',  ( 64.84175537848730642, -11.62368086171406034, 11.27139220372455064 ) ) ;
#7653 = VERTEX_POINT ( 'NONE', #815 ) ;
#7654 = ORIENTED_EDGE ( 'NONE', *, *, #1100, .T. ) ;
#7655 = VECTOR ( 'NONE', #8884, 1000.000000000000000 ) ;
#7656 = ORIENTED_EDGE ( 'NONE', *, *, #8380, .T. ) ;
#7657 = ORIENTED_EDGE ( 'NONE', *, *, #8433, .F. ) ;
#7658 = B_SPLINE_CURVE_WITH_KNOTS ( 'NONE', 3,
 ( #6513, #2746, #2790, #7392, #5830, #7204, #687, #8764, #3480, #9632 ),
 .UNSPECIFIED., .F., .F.,
 ( 4, 3, 3, 4 ),
 ( -5.999999999628011710E-08, 0.000000000000000000, 0.001594503261051747212, 0.003588922076311051694 ),
 .UNSPECIFIED. ) ;
#7659 = CARTESIAN_POINT ( 'NONE',  ( 125.8147359281691706, -9.806303300596692196, -13.50000000000000355 ) ) ;
#7660 = AXIS2_PLACEMENT_3D ( 'NONE', #2782, #3795, #5730 ) ;
#7661 = ADVANCED_FACE ( 'NONE', ( #6059 ), #3607, .F. ) ;
#7662 = CARTESIAN_POINT ( 'NONE',  ( 38.65102456598012992, -5.280000000000000249, -13.50000000000000000 ) ) ;
#7663 = CARTESIAN_POINT ( 'NONE',  ( 216.8880902843284275, -19.57731578793042004, 6.264274088857900935 ) ) ;
#7664 = CARTESIAN_POINT ( 'NONE',  ( 14.59356986571397208, -15.11432246495105325, -13.50000000000000355 ) ) ;
#7665 = CARTESIAN_POINT ( 'NONE',  ( 24.57410623435835362, 15.65173315553007960, 12.50000000000000178 ) ) ;
#7666 = ADVANCED_FACE ( 'NONE', ( #5862 ), #4395, .T. ) ;
#7667 = CARTESIAN_POINT ( 'NONE',  ( 14.59356986571397208, -15.11432246495105325, -13.50000000000000355 ) ) ;
#7668 = CARTESIAN_POINT ( 'NONE',  ( 232.0839721658976771, 19.57731578793040939, 7.000000000000026645 ) ) ;
#7669 = VERTEX_POINT ( 'NONE', #3009 ) ;
#7670 = DIRECTION ( 'NONE',  ( 0.02840083911569750430, -0.9995966148089558967, 0.000000000000000000 ) ) ;
#7671 = VERTEX_POINT ( 'NONE', #1454 ) ;
#7672 = ORIENTED_EDGE ( 'NONE', *, *, #8602, .F. ) ;
#7673 = ORIENTED_EDGE ( 'NONE', *, *, #4655, .F. ) ;
#7674 = AXIS2_PLACEMENT_3D ( 'NONE', #5825, #4220, #5048 ) ;
#7675 = EDGE_CURVE ( 'NONE', #6428, #6015, #4626, .T. ) ;
#7676 = LINE ( 'NONE', #4648, #2243 ) ;
#7677 = TOROIDAL_SURFACE ( 'NONE', #4550, 1.999999999999997780, 1.000000000000000000 ) ;
#7678 = DIRECTION ( 'NONE',  ( -1.000000000000000000, -1.445602896647337931E-16, 0.000000000000000000 ) ) ;
#7679 = B_SPLINE_CURVE_WITH_KNOTS ( 'NONE', 3,
 ( #9037, #8298, #4689, #6063, #7718, #1601, #1016, #6151, #2332, #4541 ),
 .UNSPECIFIED., .F., .F.,
 ( 4, 2, 2, 2, 4 ),
 ( -6.324555320353649066E-06, 0.0005078165051336949818, 0.001021957565587743727, 0.001536098626041792472, 0.002050239686495840784 ),
 .UNSPECIFIED. ) ;
#7680 = DIRECTION ( 'NONE',  ( -1.000000000000000000, 0.000000000000000000, 0.000000000000000000 ) ) ;
#7681 = PLANE ( 'NONE',  #7566 ) ;
#7682 = ORIENTED_EDGE ( 'NONE', *, *, #5183, .T. ) ;
#7683 = LINE ( 'NONE', #8509, #982 ) ;
#7684 = CARTESIAN_POINT ( 'NONE',  ( 5.923161627867837176, 20.14736102645091265, -13.50000000000000000 ) ) ;
#7685 = VERTEX_POINT ( 'NONE', #8110 ) ;
#7686 = CIRCLE ( 'NONE', #8465, 1.000000000000000888 ) ;
#7687 = CARTESIAN_POINT ( 'NONE',  ( 244.0728020209470515, 7.573699937786410707, 6.261797785404310090 ) ) ;
#7688 = FACE_OUTER_BOUND ( 'NONE', #8406, .T. ) ;
#7689 = DIRECTION ( 'NONE',  ( -0.000000000000000000, -0.000000000000000000, 1.000000000000000000 ) ) ;
#7690 = AXIS2_PLACEMENT_3D ( 'NONE', #953, #2363, #2412 ) ;
#7691 = CARTESIAN_POINT ( 'NONE',  ( 171.6121286594234618, -7.498376737820962923, 3.276201793105106397 ) ) ;
#7692 = VECTOR ( 'NONE', #18, 1000.000000000000000 ) ;
#7693 = DIRECTION ( 'NONE',  ( -0.000000000000000000, -0.000000000000000000, 1.000000000000000000 ) ) ;
#7694 = VERTEX_POINT ( 'NONE', #7474 ) ;
#7695 = ORIENTED_EDGE ( 'NONE', *, *, #3033, .F. ) ;
#7696 = DIRECTION ( 'NONE',  ( 0.000000000000000000, 0.000000000000000000, 1.000000000000000000 ) ) ;
#7697 = AXIS2_PLACEMENT_3D ( 'NONE', #2703, #2107, #552 ) ;
#7698 = DIRECTION ( 'NONE',  ( 0.000000000000000000, 0.000000000000000000, 1.000000000000000000 ) ) ;
#7699 = CARTESIAN_POINT ( 'NONE',  ( 205.3296882267550814, 13.65044977774259394, 5.598746497877430173 ) ) ;
#7700 = CARTESIAN_POINT ( 'NONE',  ( 224.4860312251130949, 0.000000000000000000, 7.000000000000026645 ) ) ;
#7701 = AXIS2_PLACEMENT_3D ( 'NONE', #4187, #2351, #9053 ) ;
#7702 = CARTESIAN_POINT ( 'NONE',  ( 216.8880902843285128, -19.57731578793040939, 6.000000000000026645 ) ) ;
#7703 = ORIENTED_EDGE ( 'NONE', *, *, #8036, .F. ) ;
#7704 = EDGE_CURVE ( 'NONE', #1404, #5494, #8060, .T. ) ;
#7705 = ORIENTED_EDGE ( 'NONE', *, *, #4672, .T. ) ;
#7706 = ADVANCED_FACE ( 'NONE', ( #2278 ), #2137, .T. ) ;
#7707 = ORIENTED_EDGE ( 'NONE', *, *, #1095, .T. ) ;
#7708 = EDGE_LOOP ( 'NONE', ( #1695, #7852, #114, #4645 ) ) ;
#7709 = ADVANCED_FACE ( 'NONE', ( #1554 ), #5219, .T. ) ;
#7710 = CARTESIAN_POINT ( 'NONE',  ( 155.8026343724378933, -8.954278127125656184, 10.49999999999999822 ) ) ;
#7711 = LINE ( 'NONE', #3995, #7891 ) ;
#7712 = CARTESIAN_POINT ( 'NONE',  ( 155.8594360506692453, -10.95347135674356842, 12.49999999999999822 ) ) ;
#7713 = DIRECTION ( 'NONE',  ( 0.9995966148089561187, 0.02840083911569146399, -0.000000000000000000 ) ) ;
#7714 = CARTESIAN_POINT ( 'NONE',  ( 125.3603225023179562, 6.187242536346602151, -13.50000000000000355 ) ) ;
#7715 = CARTESIAN_POINT ( 'NONE',  ( 207.6679205041866112, 16.04888637511075444, 5.600149969308351849 ) ) ;
#7716 = ORIENTED_EDGE ( 'NONE', *, *, #9032, .T. ) ;
#7717 = EDGE_CURVE ( 'NONE', #797, #8409, #7753, .T. ) ;
#7718 = CARTESIAN_POINT ( 'NONE',  ( 94.83773511607681428, -11.05608508182042193, 11.08211762547725243 ) ) ;
#7719 = ORIENTED_EDGE ( 'NONE', *, *, #6766, .T. ) ;
#7720 = ORIENTED_EDGE ( 'NONE', *, *, #3730, .F. ) ;
#7721 = ORIENTED_EDGE ( 'NONE', *, *, #1072, .T. ) ;
#7722 = CARTESIAN_POINT ( 'NONE',  ( 203.5910718616404438, 20.29420284903872229, 13.46576895499297777 ) ) ;
#7723 = DIRECTION ( 'NONE',  ( 1.000000000000000000, 0.000000000000000000, 0.000000000000000000 ) ) ;
#7724 = CIRCLE ( 'NONE', #6613, 2.149999999999985256 ) ;
#7725 = VECTOR ( 'NONE', #5625, 1000.000000000000114 ) ;
#7726 = LINE ( 'NONE', #6992, #5334 ) ;
#7727 = LINE ( 'NONE', #6846, #6324 ) ;
#7728 = ORIENTED_EDGE ( 'NONE', *, *, #3947, .F. ) ;
#7729 = EDGE_CURVE ( 'NONE', #3053, #7245, #5950, .T. ) ;
#7730 = CARTESIAN_POINT ( 'NONE',  ( -25.67890820536242202, -332.0845003547361785, -12.50000000000000000 ) ) ;
#7731 = DIRECTION ( 'NONE',  ( -0.000000000000000000, -0.000000000000000000, 1.000000000000000000 ) ) ;
#7732 = EDGE_LOOP ( 'NONE', ( #7905, #2512, #4485, #1850 ) ) ;
#7733 = DIRECTION ( 'NONE',  ( -0.000000000000000000, -0.000000000000000000, 1.000000000000000000 ) ) ;
#7734 = VECTOR ( 'NONE', #5323, 1000.000000000000000 ) ;
#7735 = LINE ( 'NONE', #7834, #8303 ) ;
#7736 = DIRECTION ( 'NONE',  ( 0.000000000000000000, 0.000000000000000000, 1.000000000000000000 ) ) ;
#7737 = CARTESIAN_POINT ( 'NONE',  ( 0.000000000000000000, 0.000000000000000000, -6.500000000000000000 ) ) ;
#7738 = EDGE_CURVE ( 'NONE', #984, #749, #4680, .T. ) ;
#7739 = AXIS2_PLACEMENT_3D ( 'NONE', #4706, #4076, #401 ) ;
#7740 = FACE_OUTER_BOUND ( 'NONE', #7158, .T. ) ;
#7741 = ORIENTED_EDGE ( 'NONE', *, *, #1308, .F. ) ;
#7742 = ORIENTED_EDGE ( 'NONE', *, *, #6554, .F. ) ;
#7743 = DIRECTION ( 'NONE',  ( 0.000000000000000000, 0.000000000000000000, 1.000000000000000000 ) ) ;
#7744 = DIRECTION ( 'NONE',  ( 1.000000000000000000, 0.000000000000000000, 0.000000000000000000 ) ) ;
#7745 = AXIS2_PLACEMENT_3D ( 'NONE', #6371, #2832, #8662 ) ;
#7746 = CARTESIAN_POINT ( 'NONE',  ( 34.78824479284141802, -24.90342815168211743, -13.50000000000000000 ) ) ;
#7747 = CIRCLE ( 'NONE', #7444, 0.9999999999999974465 ) ;
#7748 = CARTESIAN_POINT ( 'NONE',  ( 131.4431047085188311, 3.358857726613946770, 11.50000000000000000 ) ) ;
#7749 = CARTESIAN_POINT ( 'NONE',  ( 163.8278081300252040, -9.726668029008980199, 13.50000000000000000 ) ) ;
#7750 = VECTOR ( 'NONE', #1787, 1000.000000000000000 ) ;
#7751 = ORIENTED_EDGE ( 'NONE', *, *, #5966, .F. ) ;
#7752 = ORIENTED_EDGE ( 'NONE', *, *, #3858, .T. ) ;
#7753 = CIRCLE ( 'NONE', #1819, 0.9999999999999998890 ) ;
#7754 = VERTEX_POINT ( 'NONE', #2922 ) ;
#7755 = ORIENTED_EDGE ( 'NONE', *, *, #240, .F. ) ;
#7756 = AXIS2_PLACEMENT_3D ( 'NONE', #8607, #7189, #7088 ) ;
#7757 = EDGE_CURVE ( 'NONE', #3105, #944, #2831, .T. ) ;
#7758 = AXIS2_PLACEMENT_3D ( 'NONE', #3725, #7586, #1572 ) ;
#7759 = VECTOR ( 'NONE', #752, 1000.000000000000000 ) ;
#7760 = EDGE_CURVE ( 'NONE', #3782, #1013, #1344, .T. ) ;
#7761 = CARTESIAN_POINT ( 'NONE',  ( 207.7640709184398702, -20.14853673798259592, 5.000000000000026645 ) ) ;
#7762 = DIRECTION ( 'NONE',  ( 0.9995966148089557857, 0.02840083911570149416, 0.000000000000000000 ) ) ;
#7763 = AXIS2_PLACEMENT_3D ( 'NONE', #1442, #8914, #8050 ) ;
#7764 = CARTESIAN_POINT ( 'NONE',  ( 211.7294295073142791, -10.60660171779819372, 5.000000000000026645 ) ) ;
#7765 = CARTESIAN_POINT ( 'NONE',  ( 0.000000000000000000, 0.000000000000000000, -13.50000000000000000 ) ) ;
#7766 = CARTESIAN_POINT ( 'NONE',  ( 189.7360312251131234, 6.500000000000000888, 5.000000000000026645 ) ) ;
#7767 = CIRCLE ( 'NONE', #6210, 19.99999999999998934 ) ;
#7768 = DIRECTION ( 'NONE',  ( -0.02840083911569744879, 0.9995966148089560077, 0.000000000000000000 ) ) ;
#7769 = ORIENTED_EDGE ( 'NONE', *, *, #6946, .T. ) ;
#7770 = VECTOR ( 'NONE', #1618, 1000.000000000000000 ) ;
#7772 = EDGE_CURVE ( 'NONE', #5402, #2477, #3846, .T. ) ;
#7771 = LINE ( 'NONE', #4154, #742 ) ;
#7773 = ORIENTED_EDGE ( 'NONE', *, *, #8443, .T. ) ;
#7774 = ORIENTED_EDGE ( 'NONE', *, *, #7524, .T. ) ;
#7775 = ORIENTED_EDGE ( 'NONE', *, *, #1395, .T. ) ;
#7777 = EDGE_CURVE ( 'NONE', #1295, #5610, #9462, .T. ) ;
#7776 = AXIS2_PLACEMENT_3D ( 'NONE', #3485, #606, #3583 ) ;
#7778 = CARTESIAN_POINT ( 'NONE',  ( 171.2360312251131234, 3.999999999999996447, 5.000000000000026645 ) ) ;
#7779 = ADVANCED_FACE ( 'NONE', ( #868 ), #5880, .T. ) ;
#7780 = CARTESIAN_POINT ( 'NONE',  ( 203.8955174529435794, 19.99999999999999645, 13.50000000000000000 ) ) ;
#7781 = LINE ( 'NONE', #3266, #6189 ) ;
#7782 = DIRECTION ( 'NONE',  ( -0.000000000000000000, -0.000000000000000000, -1.000000000000000000 ) ) ;
#7783 = CARTESIAN_POINT ( 'NONE',  ( 14.45821995543455785, -16.10512032616561484, 13.50000000000000178 ) ) ;
#7784 = VERTEX_POINT ( 'NONE', #148 ) ;
#7785 = DIRECTION ( 'NONE',  ( -0.000000000000000000, -0.000000000000000000, 1.000000000000000000 ) ) ;
#7786 = DIRECTION ( 'NONE',  ( -1.000000000000000000, 0.000000000000000000, 0.000000000000000000 ) ) ;
#7787 = VERTEX_POINT ( 'NONE', #328 ) ;
#7788 = CARTESIAN_POINT ( 'NONE',  ( 224.4860312251131234, 0.000000000000000000, 5.000000000000058620 ) ) ;
#7789 = EDGE_CURVE ( 'NONE', #8995, #1708, #3952, .T. ) ;
#7790 = DIRECTION ( 'NONE',  ( 0.9995966148089557857, 0.02840083911570142824, 0.000000000000000000 ) ) ;
#7791 = CARTESIAN_POINT ( 'NONE',  ( -17.02499999999999858, 2.084961175548368816E-15, 13.50000000000000178 ) ) ;
#7792 = ORIENTED_EDGE ( 'NONE', *, *, #7036, .F. ) ;
#7793 = DIRECTION ( 'NONE',  ( 1.000000000000000000, 0.000000000000000000, 0.000000000000000000 ) ) ;
#7794 = CARTESIAN_POINT ( 'NONE',  ( 0.000000000000000000, 0.000000000000000000, -6.500000000000000000 ) ) ;
#7795 = EDGE_LOOP ( 'NONE', ( #3525, #6732, #6226, #1780, #8346 ) ) ;
#7796 = ORIENTED_EDGE ( 'NONE', *, *, #8728, .F. ) ;
#7797 = CARTESIAN_POINT ( 'NONE',  ( 244.0633470130434830, -7.597940940784642549, 6.000000000000026645 ) ) ;
#7798 = ADVANCED_FACE ( 'NONE', ( #9178 ), #9078, .F. ) ;
#7799 = DIRECTION ( 'NONE',  ( -1.000000000000000000, 9.912705577010397533E-16, 0.000000000000000000 ) ) ;
#7800 = DIRECTION ( 'NONE',  ( -0.000000000000000000, -0.000000000000000000, 1.000000000000000000 ) ) ;
#7801 = AXIS2_PLACEMENT_3D ( 'NONE', #4530, #760, #8972 ) ;
#7802 = CARTESIAN_POINT ( 'NONE',  ( 224.4860312251131234, 0.000000000000000000, 5.000000000000058620 ) ) ;
#7803 = B_SPLINE_CURVE_WITH_KNOTS ( 'NONE', 3,
 ( #5798, #4340, #6525, #2209, #2118, #4381, #7358, #9502 ),
 .UNSPECIFIED., .F., .F.,
 ( 4, 2, 2, 4 ),
 ( 0.000000000000000000, 0.0005118710583149613724, 0.001023742116629922745, 0.002047484233259847658 ),
 .UNSPECIFIED. ) ;
#7804 = FACE_BOUND ( 'NONE', #1042, .T. ) ;
#7805 = ORIENTED_EDGE ( 'NONE', *, *, #1783, .T. ) ;
#7806 = ORIENTED_EDGE ( 'NONE', *, *, #6872, .F. ) ;
#7807 = ORIENTED_EDGE ( 'NONE', *, *, #9636, .T. ) ;
#7808 = ORIENTED_EDGE ( 'NONE', *, *, #6067, .T. ) ;
#7809 = FACE_OUTER_BOUND ( 'NONE', #7310, .T. ) ;
#7810 = FACE_OUTER_BOUND ( 'NONE', #664, .T. ) ;
#7811 = CARTESIAN_POINT ( 'NONE',  ( 101.3984045860187422, 4.506025782760822551, -13.50000000000000355 ) ) ;
#7812 = PLANE ( 'NONE',  #3227 ) ;
#7813 = CIRCLE ( 'NONE', #2025, 9.000000000000007105 ) ;
#7814 = DIRECTION ( 'NONE',  ( 1.000000000000000000, 0.000000000000000000, 0.000000000000000000 ) ) ;
#7815 = FACE_OUTER_BOUND ( 'NONE', #7028, .T. ) ;
#7816 = ORIENTED_EDGE ( 'NONE', *, *, #9026, .T. ) ;
#7817 = LINE ( 'NONE', #4932, #4968 ) ;
#7818 = ORIENTED_EDGE ( 'NONE', *, *, #2507, .T. ) ;
#7819 = VERTEX_POINT ( 'NONE', #8402 ) ;
#7820 = ORIENTED_EDGE ( 'NONE', *, *, #2549, .T. ) ;
#7821 = DIRECTION ( 'NONE',  ( -0.9995966148089557857, -0.02840083911570135539, 0.000000000000000000 ) ) ;
#7822 = LINE ( 'NONE', #5767, #6935 ) ;
#7823 = CARTESIAN_POINT ( 'NONE',  ( 17.02499999999999858, 0.000000000000000000, 13.50000000000000178 ) ) ;
#7824 = DIRECTION ( 'NONE',  ( -0.000000000000000000, -0.000000000000000000, 1.000000000000000000 ) ) ;
#7825 = AXIS2_PLACEMENT_3D ( 'NONE', #8211, #7577, #883 ) ;
#7826 = DIRECTION ( 'NONE',  ( 1.000000000000000000, 0.000000000000000000, 0.000000000000000000 ) ) ;
#7827 = DIRECTION ( 'NONE',  ( 0.000000000000000000, 0.000000000000000000, 1.000000000000000000 ) ) ;
#7828 = ORIENTED_EDGE ( 'NONE', *, *, #5347, .T. ) ;
#7829 = CARTESIAN_POINT ( 'NONE',  ( 206.5997574401747841, 20.82140117029194570, 5.000000000000025757 ) ) ;
#7830 = EDGE_CURVE ( 'NONE', #2477, #1330, #7126, .T. ) ;
#7831 = EDGE_CURVE ( 'NONE', #2630, #6663, #2900, .T. ) ;
#7832 = DIRECTION ( 'NONE',  ( 1.000000000000000000, 0.000000000000000000, 0.000000000000000000 ) ) ;
#7833 = TOROIDAL_SURFACE ( 'NONE', #3609, 13.00000000000000533, 1.000000000000000000 ) ;
#7834 = CARTESIAN_POINT ( 'NONE',  ( 242.4531606167946052, -6.934608004873581422, 6.000000000000026645 ) ) ;
#7835 = EDGE_CURVE ( 'NONE', #4204, #797, #2374, .T. ) ;
#7836 = DIRECTION ( 'NONE',  ( -1.000000000000000000, 0.000000000000000000, 0.000000000000000000 ) ) ;
#7837 = DIRECTION ( 'NONE',  ( -0.000000000000000000, -0.000000000000000000, -1.000000000000000000 ) ) ;
#7838 = VERTEX_POINT ( 'NONE', #6924 ) ;
#7839 = CARTESIAN_POINT ( 'NONE',  ( 73.40969937136802059, 3.710802287521186571, 12.50000000000000000 ) ) ;
#7840 = CARTESIAN_POINT ( 'NONE',  ( 224.4860312251131234, 20.82391286593089674, 6.000000000000026645 ) ) ;
#7841 = EDGE_LOOP ( 'NONE', ( #2640, #7283, #7353, #2315 ) ) ;
#7842 = VERTEX_POINT ( 'NONE', #3997 ) ;
#7843 = EDGE_CURVE ( 'NONE', #3197, #7613, #2472, .T. ) ;
#7844 = DIRECTION ( 'NONE',  ( 0.02840083911569750083, -0.9995966148089558967, 0.000000000000000000 ) ) ;
#7845 = CARTESIAN_POINT ( 'NONE',  ( 155.3766217857023264, 6.039671095008682045, 13.50000000000000000 ) ) ;
#7846 = PRESENTATION_LAYER_ASSIGNMENT (  '', '', ( #1432 ) ) ;
#7847 = FACE_OUTER_BOUND ( 'NONE', #4895, .T. ) ;
#7848 = DIRECTION ( 'NONE',  ( 0.000000000000000000, 0.000000000000000000, -1.000000000000000000 ) ) ;
#7849 = LINE ( 'NONE', #6520, #2842 ) ;
#7850 = ORIENTED_EDGE ( 'NONE', *, *, #303, .T. ) ;
#7851 = EDGE_CURVE ( 'NONE', #9451, #8254, #3160, .T. ) ;
#7852 = ORIENTED_EDGE ( 'NONE', *, *, #438, .T. ) ;
#7853 = EDGE_CURVE ( 'NONE', #8205, #2355, #8374, .T. ) ;
#7854 = AXIS2_PLACEMENT_3D ( 'NONE', #6616, #5900, #8825 ) ;
#7855 = CIRCLE ( 'NONE', #663, 1.000000000000000888 ) ;
#7856 = ORIENTED_EDGE ( 'NONE', *, *, #1513, .F. ) ;
#7857 = CARTESIAN_POINT ( 'NONE',  ( 224.4860312251131234, 0.000000000000000000, 13.50000000000000000 ) ) ;
#7858 = CARTESIAN_POINT ( 'NONE',  ( 131.7839147779072277, -8.636301651093525322, 10.49999999999999645 ) ) ;
#7859 = CIRCLE ( 'NONE', #4421, 17.02499999999999858 ) ;
#7860 = DIRECTION ( 'NONE',  ( 1.000000000000000000, 0.000000000000000000, 0.000000000000000000 ) ) ;
#7861 = DIRECTION ( 'NONE',  ( -1.000000000000000000, 0.000000000000000000, 0.000000000000000000 ) ) ;
#7862 = DIRECTION ( 'NONE',  ( 1.000000000000000000, 0.000000000000000000, 0.000000000000000000 ) ) ;
#7863 = DIRECTION ( 'NONE',  ( 0.07709627768812757354, 0.9970236526615781081, 0.000000000000000000 ) ) ;
#7864 = ORIENTED_EDGE ( 'NONE', *, *, #7851, .T. ) ;
#7865 = CARTESIAN_POINT ( 'NONE',  ( 224.4860312251130949, -21.00000000000000000, -13.50000000000000000 ) ) ;
#7866 = EDGE_LOOP ( 'NONE', ( #1136, #5209, #3362, #5134 ) ) ;
#7867 = ORIENTED_EDGE ( 'NONE', *, *, #61, .T. ) ;
#7868 = EDGE_LOOP ( 'NONE', ( #5914, #8085, #8485, #600 ) ) ;
#7869 = DIRECTION ( 'NONE',  ( -0.000000000000000000, -0.000000000000000000, -1.000000000000000000 ) ) ;
#7870 = CARTESIAN_POINT ( 'NONE',  ( 101.8528180118699566, -11.48752005418247180, 12.49999999999999822 ) ) ;
#7871 = CARTESIAN_POINT ( 'NONE',  ( 238.1072114919556668, 0.2782111649427184696, 6.708672456855193644 ) ) ;
#7872 = DIRECTION ( 'NONE',  ( 0.000000000000000000, 0.000000000000000000, -1.000000000000000000 ) ) ;
#7873 = DIRECTION ( 'NONE',  ( 1.000000000000000000, 0.000000000000000000, 0.000000000000000000 ) ) ;
#7874 = DIRECTION ( 'NONE',  ( 1.000000000000000000, 0.000000000000000000, 0.000000000000000000 ) ) ;
#7875 = ORIENTED_EDGE ( 'NONE', *, *, #7301, .T. ) ;
#7876 = LINE ( 'NONE', #7237, #9161 ) ;
#7877 = DIRECTION ( 'NONE',  ( -0.000000000000000000, -0.000000000000000000, 1.000000000000000000 ) ) ;
#7878 = EDGE_CURVE ( 'NONE', #3053, #7569, #5414, .T. ) ;
#7879 = CARTESIAN_POINT ( 'NONE',  ( 245.3099440910439739, -1.110223024625156540E-13, 7.000000000000026645 ) ) ;
#7880 = CIRCLE ( 'NONE', #383, 2.000000000000001776 ) ;
#7881 = VECTOR ( 'NONE', #1674, 1000.000000000000000 ) ;
#7882 = EDGE_CURVE ( 'NONE', #954, #7522, #2609, .T. ) ;
#7883 = CARTESIAN_POINT ( 'NONE',  ( 206.4449023013457065, -16.11703464694750920, 8.257165788677191642 ) ) ;
#7884 = LINE ( 'NONE', #4316, #3367 ) ;
#7885 = ORIENTED_EDGE ( 'NONE', *, *, #2036, .T. ) ;
#7886 = CYLINDRICAL_SURFACE ( 'NONE', #2492, 20.99999999999998934 ) ;
#7887 = B_SPLINE_CURVE_WITH_KNOTS ( 'NONE', 3,
 ( #4170, #6998, #7687, #5591, #7043, #304, #346, #7149 ),
 .UNSPECIFIED., .F., .F.,
 ( 4, 2, 2, 4 ),
 ( 0.000000000000000000, 0.0003907813093653626844, 0.0007815626187307253689, 0.001563125237461452906 ),
 .UNSPECIFIED. ) ;
#7888 = CARTESIAN_POINT ( 'NONE',  ( 125.8715376064005795, -11.80549653021460088, -13.50000000000000355 ) ) ;
#7889 = ORIENTED_EDGE ( 'NONE', *, *, #5377, .T. ) ;
#7890 = ORIENTED_EDGE ( 'NONE', *, *, #9265, .F. ) ;
#7891 = VECTOR ( 'NONE', #5511, 1000.000000000000000 ) ;
#7892 = AXIS2_PLACEMENT_3D ( 'NONE', #7783, #8564, #1859 ) ;
#7893 = AXIS2_PLACEMENT_3D ( 'NONE', #1111, #5662, #467 ) ;
#7894 = FACE_OUTER_BOUND ( 'NONE', #1940, .T. ) ;
#7895 = DIRECTION ( 'NONE',  ( -0.000000000000000000, -0.000000000000000000, -1.000000000000000000 ) ) ;
#7896 = DIRECTION ( 'NONE',  ( -0.000000000000000000, -0.000000000000000000, 1.000000000000000000 ) ) ;
#7897 = EDGE_CURVE ( 'NONE', #520, #7819, #8847, .T. ) ;
#7898 = ADVANCED_FACE ( 'NONE', ( #6147 ), #730, .T. ) ;
#7899 = VECTOR ( 'NONE', #7604, 1000.000000000000227 ) ;
#7900 = AXIS2_PLACEMENT_3D ( 'NONE', #3088, #2028, #5021 ) ;
#7901 = LINE ( 'NONE', #8581, #3868 ) ;
#7902 = DIRECTION ( 'NONE',  ( 1.000000000000000000, 0.000000000000000000, -0.000000000000000000 ) ) ;
#7903 = ORIENTED_EDGE ( 'NONE', *, *, #1539, .F. ) ;
#7904 = VERTEX_POINT ( 'NONE', #2327 ) ;
#7905 = ORIENTED_EDGE ( 'NONE', *, *, #3526, .F. ) ;
#7906 = TOROIDAL_SURFACE ( 'NONE', #8683, 1.999999999999998668, 1.000000000000000000 ) ;
#7907 = CARTESIAN_POINT ( 'NONE',  ( 202.3661761700874706, -7.146348985791209252, 5.598746497877431061 ) ) ;
#7908 = CARTESIAN_POINT ( 'NONE',  ( 71.86491956760129085, -12.33954522765350603, -13.50000000000000355 ) ) ;
#7909 = EDGE_CURVE ( 'NONE', #6795, #1835, #7265, .T. ) ;
#7910 = FACE_OUTER_BOUND ( 'NONE', #4985, .T. ) ;
#7911 = CIRCLE ( 'NONE', #9460, 26.74999999999999645 ) ;
#7912 = DIRECTION ( 'NONE',  ( -0.000000000000000000, -0.000000000000000000, 1.000000000000000000 ) ) ;
#7913 = AXIS2_PLACEMENT_3D ( 'NONE', #4685, #3303, #3205 ) ;
#7914 = CARTESIAN_POINT ( 'NONE',  ( 244.4031675160951238, -6.656401577913321432, 7.000000000000026645 ) ) ;
#7915 = DIRECTION ( 'NONE',  ( -0.02840083911569744879, 0.9995966148089560077, 0.000000000000000000 ) ) ;
#7916 = EDGE_LOOP ( 'NONE', ( #6150, #6317, #8933, #4591, #7987 ) ) ;
#7917 = ORIENTED_EDGE ( 'NONE', *, *, #1313, .F. ) ;
#7918 = ORIENTED_EDGE ( 'NONE', *, *, #5620, .F. ) ;
#7919 = ORIENTED_EDGE ( 'NONE', *, *, #133, .F. ) ;
#7920 = AXIS2_PLACEMENT_3D ( 'NONE', #163, #7634, #6895 ) ;
#7921 = CIRCLE ( 'NONE', #7758, 2.150000000000012790 ) ;
#7922 = CIRCLE ( 'NONE', #2756, 1.000000000000000444 ) ;
#7923 = CARTESIAN_POINT ( 'NONE',  ( 173.7964498147632639, -7.500000000000000888, 4.629659483280901711 ) ) ;
#7924 = CARTESIAN_POINT ( 'NONE',  ( 216.5071088929813925, 20.50211692527896190, 5.000000000000026645 ) ) ;
#7925 = ADVANCED_FACE ( 'NONE', ( #2667 ), #375, .F. ) ;
#7926 = VECTOR ( 'NONE', #7331, 1000.000000000000000 ) ;
#7927 = DIRECTION ( 'NONE',  ( -0.9246144006498060453, -0.3809044632332364566, 0.000000000000000000 ) ) ;
#7928 = AXIS2_PLACEMENT_3D ( 'NONE', #1318, #8657, #3745 ) ;
#7929 = DIRECTION ( 'NONE',  ( 0.000000000000000000, 0.000000000000000000, -1.000000000000000000 ) ) ;
#7930 = DIRECTION ( 'NONE',  ( -0.000000000000000000, -0.000000000000000000, 1.000000000000000000 ) ) ;
#7931 = AXIS2_PLACEMENT_3D ( 'NONE', #1148, #9257, #4819 ) ;
#7932 = LINE ( 'NONE', #1228, #3386 ) ;
#7933 = EDGE_LOOP ( 'NONE', ( #402, #1237, #9520, #2887 ) ) ;
#7934 = CARTESIAN_POINT ( 'NONE',  ( 224.4860312251130949, 21.00000000000000000, 6.000000000000027534 ) ) ;
#7935 = LINE ( 'NONE', #4581, #7160 ) ;
#7936 = CIRCLE ( 'NONE', #9174, 4.000000000000003553 ) ;
#7937 = DIRECTION ( 'NONE',  ( -1.000000000000000000, 0.000000000000000000, 0.000000000000000000 ) ) ;
#7938 = CARTESIAN_POINT ( 'NONE',  ( 39.36376681097576125, -26.26790124076722321, -12.50000000000000000 ) ) ;
#7939 = DIRECTION ( 'NONE',  ( -1.000000000000000000, 0.000000000000000000, 0.000000000000000000 ) ) ;
#7940 = ORIENTED_EDGE ( 'NONE', *, *, #9544, .T. ) ;
#7941 = CARTESIAN_POINT ( 'NONE',  ( 206.7447947347286004, 16.49537190349132487, 8.257165788677186313 ) ) ;
#7942 = DIRECTION ( 'NONE',  ( 0.9995966148089557857, 0.02840083911570535219, -0.000000000000000000 ) ) ;
#7943 = ORIENTED_EDGE ( 'NONE', *, *, #3343, .F. ) ;
#7944 = EDGE_LOOP ( 'NONE', ( #344, #6118, #4512, #5200 ) ) ;
#7945 = CARTESIAN_POINT ( 'NONE',  ( 29.98789844426867646, 0.8520251734710428959, 11.50000000000000000 ) ) ;
#7946 = VECTOR ( 'NONE', #9119, 1000.000000000000000 ) ;
#7947 = CARTESIAN_POINT ( 'NONE',  ( 64.41332983808734980, 3.455194735479897972, 10.49999999999999645 ) ) ;
#7948 = CARTESIAN_POINT ( 'NONE',  ( 203.6108486288813140, 10.49985664353911297, 5.167662973746643296 ) ) ;
#7949 = ADVANCED_FACE ( 'NONE', ( #5614 ), #6293, .F. ) ;
#7950 = DIRECTION ( 'NONE',  ( 1.000000000000000000, 0.000000000000000000, 0.000000000000000000 ) ) ;
#7951 = CYLINDRICAL_SURFACE ( 'NONE', #5047, 1.400000000000012346 ) ;
#7952 = EDGE_LOOP ( 'NONE', ( #6190, #8778, #2789, #7479 ) ) ;
#7953 = ORIENTED_EDGE ( 'NONE', *, *, #2767, .F. ) ;
#7954 = ORIENTED_EDGE ( 'NONE', *, *, #4860, .F. ) ;
#7955 = ADVANCED_FACE ( 'NONE', ( #7125 ), #4199, .F. ) ;
#7956 = EDGE_CURVE ( 'NONE', #7313, #6283, #1112, .T. ) ;
#7957 = CARTESIAN_POINT ( 'NONE',  ( 194.4988238173581294, 20.00000000000000000, -13.50000000000000000 ) ) ;
#7958 = DIRECTION ( 'NONE',  ( 0.02840083911570534872, -0.9995966148089557857, 0.000000000000000000 ) ) ;
#7959 = CARTESIAN_POINT ( 'NONE',  ( 18.38336735353760076, 12.62801764905666602, -13.50000000000000355 ) ) ;
#7960 = CARTESIAN_POINT ( 'NONE',  ( -1.619021831450681237, -20.93749670589311052, -12.50000000000000000 ) ) ;
#7961 = DIRECTION ( 'NONE',  ( 0.000000000000000000, 0.000000000000000000, 1.000000000000000000 ) ) ;
#7962 = ORIENTED_EDGE ( 'NONE', *, *, #7074, .T. ) ;
#7963 = ORIENTED_EDGE ( 'NONE', *, *, #5559, .F. ) ;
#7964 = ORIENTED_EDGE ( 'NONE', *, *, #6887, .T. ) ;
#7965 = ORIENTED_EDGE ( 'NONE', *, *, #6863, .T. ) ;
#7966 = ORIENTED_EDGE ( 'NONE', *, *, #134, .F. ) ;
#7967 = EDGE_CURVE ( 'NONE', #8967, #9376, #9326, .T. ) ;
#7968 = CARTESIAN_POINT ( 'NONE',  ( 230.4860312251130949, 7.347880794884138472E-16, 13.50000000000000000 ) ) ;
#7969 = FACE_OUTER_BOUND ( 'NONE', #8056, .T. ) ;
#7970 = CIRCLE ( 'NONE', #3742, 1.400000000000012346 ) ;
#7971 = CARTESIAN_POINT ( 'NONE',  ( 238.4809541043751153, 0.9842250800051852710, 6.921923590479183375 ) ) ;
#7972 = FACE_OUTER_BOUND ( 'NONE', #6870, .T. ) ;
#7973 = CARTESIAN_POINT ( 'NONE',  ( 205.6427687439548606, -18.98667846323241548, 11.12864468912638571 ) ) ;
#7974 = B_SPLINE_CURVE_WITH_KNOTS ( 'NONE', 3,
 ( #4015, #6158, #6991, #881, #203, #1075, #9236, #5525, #2532, #3171 ),
 .UNSPECIFIED., .F., .F.,
 ( 4, 2, 2, 2, 4 ),
 ( 3.381796117387778544E-05, 0.0005379233925041810053, 0.001042028823834484103, 0.001546134255164787310, 0.002050239686495090516 ),
 .UNSPECIFIED. ) ;
#7975 = ORIENTED_EDGE ( 'NONE', *, *, #526, .F. ) ;
#7976 = DIRECTION ( 'NONE',  ( 0.9995966148089557857, 0.02840083911570534872, -0.000000000000000000 ) ) ;
#7977 = CIRCLE ( 'NONE', #5785, 1.000000000000000888 ) ;
#7978 = EDGE_CURVE ( 'NONE', #2032, #4105, #5737, .T. ) ;
#7979 = CARTESIAN_POINT ( 'NONE',  ( 171.7360312251131234, -3.499999999999999556, 13.50000000000000178 ) ) ;
#7980 = DIRECTION ( 'NONE',  ( 1.000000000000000000, 0.000000000000000000, 0.000000000000000000 ) ) ;
#7981 = CARTESIAN_POINT ( 'NONE',  ( 125.3887233414336606, 5.187645921537647808, -13.50000000000000355 ) ) ;
#7982 = CIRCLE ( 'NONE', #1886, 4.000000000000003553 ) ;
#7983 = DIRECTION ( 'NONE',  ( 0.9995966148089562298, 0.02840083911569148828, -0.000000000000000000 ) ) ;
#7984 = DIRECTION ( 'NONE',  ( -0.000000000000000000, -0.000000000000000000, 1.000000000000000000 ) ) ;
#7985 = DIRECTION ( 'NONE',  ( 0.000000000000000000, 0.000000000000000000, 1.000000000000000000 ) ) ;
#7986 = ORIENTED_EDGE ( 'NONE', *, *, #5292, .F. ) ;
#7987 = ORIENTED_EDGE ( 'NONE', *, *, #3842, .T. ) ;
#7988 = LINE ( 'NONE', #9578, #576 ) ;
#7989 = FACE_OUTER_BOUND ( 'NONE', #7332, .T. ) ;
#7990 = DIRECTION ( 'NONE',  ( 0.000000000000000000, -1.000000000000000000, 0.000000000000000000 ) ) ;
#7991 = CARTESIAN_POINT ( 'NONE',  ( 101.7960163336385762, -9.488326824564561335, 11.50000000000000000 ) ) ;
#7992 = CIRCLE ( 'NONE', #5030, 4.000000000000003553 ) ;
#7993 = DIRECTION ( 'NONE',  ( -1.000000000000000000, 0.000000000000000000, 0.000000000000000000 ) ) ;
#7994 = ORIENTED_EDGE ( 'NONE', *, *, #521, .T. ) ;
#7995 = VERTEX_POINT ( 'NONE', #6434 ) ;
#7996 = EDGE_LOOP ( 'NONE', ( #5051, #6177, #4283, #4446, #654 ) ) ;
#7997 = VECTOR ( 'NONE', #5150, 1000.000000000000227 ) ;
#7998 = CARTESIAN_POINT ( 'NONE',  ( 205.1236364212769558, -13.79727841943762634, 6.301260587509752931 ) ) ;
#7999 = FACE_OUTER_BOUND ( 'NONE', #7708, .T. ) ;
#8000 = CARTESIAN_POINT ( 'NONE',  ( 232.4860312251130949, 0.000000000000000000, 1.000000000000026867 ) ) ;
#8001 = EDGE_CURVE ( 'NONE', #6111, #6260, #3450, .T. ) ;
#8002 = EDGE_CURVE ( 'NONE', #2672, #5991, #2030, .T. ) ;
#8003 = CARTESIAN_POINT ( 'NONE',  ( 216.5071088929812788, -20.50211692527891572, 5.000000000000026645 ) ) ;
#8004 = CARTESIAN_POINT ( 'NONE',  ( 65.44132729201200505, 2.483998959786623661, -13.50000000000000355 ) ) ;
#8005 = VERTEX_POINT ( 'NONE', #8003 ) ;
#8006 = ORIENTED_EDGE ( 'NONE', *, *, #2549, .F. ) ;
#8007 = ORIENTED_EDGE ( 'NONE', *, *, #5147, .F. ) ;
#8008 = ORIENTED_EDGE ( 'NONE', *, *, #16, .T. ) ;
#8009 = EDGE_CURVE ( 'NONE', #1018, #8906, #1667, .T. ) ;
#8010 = EDGE_CURVE ( 'NONE', #7787, #6939, #4925, .T. ) ;
#8011 = VECTOR ( 'NONE', #6558, 1000.000000000000000 ) ;
#8012 = DIRECTION ( 'NONE',  ( 0.000000000000000000, 0.000000000000000000, -1.000000000000000000 ) ) ;
#8013 = DIRECTION ( 'NONE',  ( 1.000000000000000000, 0.000000000000000000, 0.000000000000000000 ) ) ;
#8014 = EDGE_CURVE ( 'NONE', #2127, #8409, #5587, .T. ) ;
#8015 = ADVANCED_FACE ( 'NONE', ( #429 ), #7812, .F. ) ;
#8016 = CARTESIAN_POINT ( 'NONE',  ( 102.4055784826185231, 4.267736430201447995, 10.76573565894465645 ) ) ;
#8017 = CARTESIAN_POINT ( 'NONE',  ( 155.3482209465866219, 7.039267709817637275, -13.50000000000000355 ) ) ;
#8018 = DIRECTION ( 'NONE',  ( -0.000000000000000000, -0.000000000000000000, 1.000000000000000000 ) ) ;
#8019 = CARTESIAN_POINT ( 'NONE',  ( 163.3733947041739896, 6.266877807934339017, 13.50000000000000000 ) ) ;
#8020 = ORIENTED_EDGE ( 'NONE', *, *, #2741, .F. ) ;
#8021 = CARTESIAN_POINT ( 'NONE',  ( 208.0834762319499873, 19.84203067705220391, 5.000000000000025757 ) ) ;
#8022 = DIRECTION ( 'NONE',  ( -0.000000000000000000, 1.000000000000000000, 0.000000000000000000 ) ) ;
#8023 = CARTESIAN_POINT ( 'NONE',  ( 125.8147359281691706, -9.806303300596692196, -13.50000000000000355 ) ) ;
#8024 = FACE_OUTER_BOUND ( 'NONE', #2605, .T. ) ;
#8025 = EDGE_CURVE ( 'NONE', #2630, #9058, #4478, .T. ) ;
#8026 = DIRECTION ( 'NONE',  ( -0.000000000000000000, -0.000000000000000000, -1.000000000000000000 ) ) ;
#8027 = DIRECTION ( 'NONE',  ( 0.9246144006497987178, -0.3809044632332543312, 0.000000000000000000 ) ) ;
#8028 = CARTESIAN_POINT ( 'NONE',  ( 18.38336735353760076, 12.62801764905666602, 13.50000000000000178 ) ) ;
#8029 = ORIENTED_EDGE ( 'NONE', *, *, #2023, .T. ) ;
#8030 = VERTEX_POINT ( 'NONE', #7960 ) ;
#8031 = DIRECTION ( 'NONE',  ( -0.000000000000000000, -0.000000000000000000, -1.000000000000000000 ) ) ;
#8032 = CIRCLE ( 'NONE', #4755, 2.150000000000012790 ) ;
#8033 = AXIS2_PLACEMENT_3D ( 'NONE', #1620, #895, #6852 ) ;
#8034 = CARTESIAN_POINT ( 'NONE',  ( 21.62602456598014911, -5.280000000000002913, -12.50000000000000000 ) ) ;
#8035 = CARTESIAN_POINT ( 'NONE',  ( 225.3706958005634533, -13.90666090682573319, 6.884274303732833999 ) ) ;
#8036 = EDGE_CURVE ( 'NONE', #8043, #6251, #5760, .T. ) ;
#8037 = CARTESIAN_POINT ( 'NONE',  ( 171.7360312251131234, 3.499999999999999556, 11.50000000000000000 ) ) ;
#8038 = CIRCLE ( 'NONE', #5853, 0.9999999999999988898 ) ;
#8039 = CIRCLE ( 'NONE', #694, 24.19175765947781542 ) ;
#8040 = VECTOR ( 'NONE', #1730, 1000.000000000000114 ) ;
#8041 = VERTEX_POINT ( 'NONE', #4241 ) ;
#8042 = B_SPLINE_CURVE_WITH_KNOTS ( 'NONE', 3,
 ( #740, #2886, #4556, #5144, #3817, #113, #8168, #2240 ),
 .UNSPECIFIED., .F., .F.,
 ( 4, 2, 2, 4 ),
 ( 0.000000000000000000, 0.001661042515422389825, 0.003322085030844779650, 0.006644170061689641700 ),
 .UNSPECIFIED. ) ;
#8043 = VERTEX_POINT ( 'NONE', #7220 ) ;
#8044 = ORIENTED_EDGE ( 'NONE', *, *, #7036, .T. ) ;
#8045 = AXIS2_PLACEMENT_3D ( 'NONE', #7981, #6413, #8078 ) ;
#8046 = AXIS2_PLACEMENT_3D ( 'NONE', #1576, #5844, #4341 ) ;
#8047 = PLANE ( 'NONE',  #2120 ) ;
#8048 = FACE_BOUND ( 'NONE', #8794, .T. ) ;
#8049 = CARTESIAN_POINT ( 'NONE',  ( 161.8286149004072740, -9.783469707240403324, 13.50000000000000000 ) ) ;
#8050 = DIRECTION ( 'NONE',  ( 0.9907978612145639241, -0.1353499102794153697, 0.000000000000000000 ) ) ;
#8051 = FACE_OUTER_BOUND ( 'NONE', #7841, .T. ) ;
#8052 = VERTEX_POINT ( 'NONE', #9461 ) ;
#8053 = ORIENTED_EDGE ( 'NONE', *, *, #4869, .T. ) ;
#8054 = VECTOR ( 'NONE', #6957, 999.9999999999998863 ) ;
#8055 = VECTOR ( 'NONE', #1183, 1000.000000000000000 ) ;
#8056 = EDGE_LOOP ( 'NONE', ( #9170, #9133, #872, #1764 ) ) ;
#8057 = ORIENTED_EDGE ( 'NONE', *, *, #1221, .F. ) ;
#8058 = CARTESIAN_POINT ( 'NONE',  ( 162.3737980893650956, 6.238476968818615020, 12.50000000000000000 ) ) ;
#8059 = CYLINDRICAL_SURFACE ( 'NONE', #8970, 1.000000000000000888 ) ;
#8060 = CIRCLE ( 'NONE', #411, 2.000000000000001776 ) ;
#8061 = CARTESIAN_POINT ( 'NONE',  ( 198.9643793297831849, -8.013580347411988214, 12.84448170636408904 ) ) ;
#8062 = CARTESIAN_POINT ( 'NONE',  ( 71.86491956760129085, -12.33954522765350603, 11.50000000000000000 ) ) ;
#8063 = DIRECTION ( 'NONE',  ( 0.000000000000000000, 0.000000000000000000, -1.000000000000000000 ) ) ;
#8064 = ADVANCED_FACE ( 'NONE', ( #2766 ), #8589, .T. ) ;
#8065 = VECTOR ( 'NONE', #6508, 1000.000000000000000 ) ;
#8066 = CYLINDRICAL_SURFACE ( 'NONE', #8746, 0.9999999999999974465 ) ;
#8067 = ORIENTED_EDGE ( 'NONE', *, *, #6956, .T. ) ;
#8068 = AXIS2_PLACEMENT_3D ( 'NONE', #1005, #283, #6195 ) ;
#8069 = FACE_OUTER_BOUND ( 'NONE', #4810, .T. ) ;
#8070 = ORIENTED_EDGE ( 'NONE', *, *, #7853, .F. ) ;
#8071 = ORIENTED_EDGE ( 'NONE', *, *, #6155, .T. ) ;
#8072 = CIRCLE ( 'NONE', #9317, 10.00000000000000888 ) ;
#8073 = EDGE_CURVE ( 'NONE', #8335, #6111, #3689, .T. ) ;
#8074 = EDGE_CURVE ( 'NONE', #8742, #3865, #9484, .T. ) ;
#8075 = TOROIDAL_SURFACE ( 'NONE', #4330, 1.999999999999997780, 1.000000000000000000 ) ;
#8076 = CYLINDRICAL_SURFACE ( 'NONE', #966, 3.499999999999975131 ) ;
#8077 = VECTOR ( 'NONE', #7896, 1000.000000000000000 ) ;
#8078 = DIRECTION ( 'NONE',  ( 1.000000000000000000, 0.000000000000000000, 0.000000000000000000 ) ) ;
#8079 = AXIS2_PLACEMENT_3D ( 'NONE', #4864, #7848, #4041 ) ;
#8080 = CARTESIAN_POINT ( 'NONE',  ( 205.6427687439546048, 18.98667846323213482, 11.12864468912638571 ) ) ;
#8081 = DIRECTION ( 'NONE',  ( -0.9995966148089554526, -0.02840083911571604502, 0.000000000000000000 ) ) ;
#8082 = CARTESIAN_POINT ( 'NONE',  ( 38.65102456598012992, -5.280000000000001137, 6.500000000000000000 ) ) ;
#8083 = ORIENTED_EDGE ( 'NONE', *, *, #2570, .F. ) ;
#8084 = VECTOR ( 'NONE', #2577, 1000.000000000000000 ) ;
#8085 = ORIENTED_EDGE ( 'NONE', *, *, #8487, .F. ) ;
#8086 = CARTESIAN_POINT ( 'NONE',  ( -13.00000000000000533, 1.592040838891559687E-15, 2.499999999999999556 ) ) ;
#8087 = ADVANCED_FACE ( 'NONE', ( #4523 ), #7503, .F. ) ;
#8088 = DIRECTION ( 'NONE',  ( 1.000000000000000000, 0.000000000000000000, 0.000000000000000000 ) ) ;
#8089 = DIRECTION ( 'NONE',  ( -0.02840083911569927372, 0.9995966148089558967, 0.000000000000000000 ) ) ;
#8090 = LINE ( 'NONE', #4967, #4331 ) ;
#8091 = DIRECTION ( 'NONE',  ( 1.000000000000000000, 0.000000000000000000, 0.000000000000000000 ) ) ;
#8092 = CARTESIAN_POINT ( 'NONE',  ( 154.8314385967445332, -9.982275581050286561, 10.49999999999999645 ) ) ;
#8093 = ORIENTED_EDGE ( 'NONE', *, *, #3581, .T. ) ;
#8094 = VERTEX_POINT ( 'NONE', #2995 ) ;
#8095 = ORIENTED_EDGE ( 'NONE', *, *, #8849, .T. ) ;
#8096 = EDGE_CURVE ( 'NONE', #3488, #4691, #8873, .T. ) ;
#8097 = CARTESIAN_POINT ( 'NONE',  ( 38.65102456598012992, -5.280000000000000249, -6.500000000000000000 ) ) ;
#8098 = FACE_BOUND ( 'NONE', #292, .T. ) ;
#8099 = CARTESIAN_POINT ( 'NONE',  ( -16.02499999999999858, -1.962496495633633274E-15, -12.50000000000000000 ) ) ;
#8100 = CARTESIAN_POINT ( 'NONE',  ( 216.0294295073149442, 10.60660171779823457, -11.50000000000000000 ) ) ;
#8101 = DIRECTION ( 'NONE',  ( -0.000000000000000000, -0.000000000000000000, -1.000000000000000000 ) ) ;
#8102 = VERTEX_POINT ( 'NONE', #5801 ) ;
#8103 = EDGE_LOOP ( 'NONE', ( #5058, #1823, #9318, #4183 ) ) ;
#8104 = ORIENTED_EDGE ( 'NONE', *, *, #3304, .T. ) ;
#8105 = EDGE_LOOP ( 'NONE', ( #8213, #331, #4056, #2850 ) ) ;
#8106 = DIRECTION ( 'NONE',  ( -0.000000000000000000, -0.000000000000000000, -1.000000000000000000 ) ) ;
#8107 = CARTESIAN_POINT ( 'NONE',  ( 171.7360312251131234, 3.499999999999999556, 11.50000000000000000 ) ) ;
#8108 = CARTESIAN_POINT ( 'NONE',  ( 194.4690562817620219, -20.00000000000000000, -13.50000000000000000 ) ) ;
#8109 = EDGE_CURVE ( 'NONE', #3866, #8875, #3551, .T. ) ;
#8110 = CARTESIAN_POINT ( 'NONE',  ( 233.4860312251130949, 0.000000000000000000, 1.000000000000026867 ) ) ;
#8111 = DIRECTION ( 'NONE',  ( 1.000000000000000000, 0.000000000000000000, 0.000000000000000000 ) ) ;
#8112 = DIRECTION ( 'NONE',  ( 0.000000000000000000, 0.000000000000000000, -1.000000000000000000 ) ) ;
#8113 = ORIENTED_EDGE ( 'NONE', *, *, #2024, .T. ) ;
#8114 = CARTESIAN_POINT ( 'NONE',  ( 71.86491956760129085, -12.33954522765350603, 12.49999999999999822 ) ) ;
#8115 = ORIENTED_EDGE ( 'NONE', *, *, #8611, .T. ) ;
#8116 = ORIENTED_EDGE ( 'NONE', *, *, #3729, .T. ) ;
#8117 = EDGE_CURVE ( 'NONE', #905, #7554, #4342, .T. ) ;
#8118 = FACE_OUTER_BOUND ( 'NONE', #9068, .T. ) ;
#8119 = DIRECTION ( 'NONE',  ( 0.9994238686079632838, 0.03394010690455372820, -0.000000000000000000 ) ) ;
#8120 = PLANE ( 'NONE',  #4312 ) ;
#8121 = DIRECTION ( 'NONE',  ( 0.9593981441167124258, -0.2820553156127501571, 0.000000000000000000 ) ) ;
#8122 = EDGE_CURVE ( 'NONE', #5070, #4468, #9644, .T. ) ;
#8123 = LINE ( 'NONE', #737, #8558 ) ;
#8124 = EDGE_CURVE ( 'NONE', #7595, #1526, #1349, .T. ) ;
#8125 = CIRCLE ( 'NONE', #1877, 0.9999999999999974465 ) ;
#8126 = DIRECTION ( 'NONE',  ( -0.000000000000000000, -0.000000000000000000, 1.000000000000000000 ) ) ;
#8127 = ORIENTED_EDGE ( 'NONE', *, *, #7675, .T. ) ;
#8128 = CARTESIAN_POINT ( 'NONE',  ( 65.38452561378061034, 4.483192189404533678, -13.50000000000000355 ) ) ;
#8129 = ADVANCED_FACE ( 'NONE', ( #8964 ), #2856, .T. ) ;
#8130 = CIRCLE ( 'NONE', #3917, 7.499999999999989342 ) ;
#8131 = DIRECTION ( 'NONE',  ( 1.000000000000000000, 0.000000000000000000, 0.000000000000000000 ) ) ;
#8132 = LINE ( 'NONE', #692, #6099 ) ;
#8133 = ADVANCED_FACE ( 'NONE', ( #5065 ), #7362, .F. ) ;
#8134 = CYLINDRICAL_SURFACE ( 'NONE', #9553, 1.400000000000012346 ) ;
#8135 = ORIENTED_EDGE ( 'NONE', *, *, #2723, .T. ) ;
#8136 = AXIS2_PLACEMENT_3D ( 'NONE', #6790, #8260, #1565 ) ;
#8137 = ORIENTED_EDGE ( 'NONE', *, *, #3823, .T. ) ;
#8138 = ORIENTED_EDGE ( 'NONE', *, *, #1313, .T. ) ;
#8139 = DIRECTION ( 'NONE',  ( -0.000000000000000000, -0.000000000000000000, -1.000000000000000000 ) ) ;
#8140 = AXIS2_PLACEMENT_3D ( 'NONE', #8980, #8883, #9564 ) ;
#8141 = CARTESIAN_POINT ( 'NONE',  ( 131.8407164561386651, -10.63549488071143578, 12.49999999999999822 ) ) ;
#8143 = EDGE_CURVE ( 'NONE', #4347, #9521, #9005, .T. ) ;
#8142 = CARTESIAN_POINT ( 'NONE',  ( 204.3451153781407754, 19.42606608873337848, 13.50000000000000178 ) ) ;
#8144 = DIRECTION ( 'NONE',  ( -1.000000000000000000, -1.445602896647337931E-16, -0.000000000000000000 ) ) ;
#8145 = VERTEX_POINT ( 'NONE', #2121 ) ;
#8146 = ORIENTED_EDGE ( 'NONE', *, *, #7729, .T. ) ;
#8147 = CIRCLE ( 'NONE', #2053, 12.00000000000000533 ) ;
#8148 = VERTEX_POINT ( 'NONE', #7317 ) ;
#8149 = VERTEX_POINT ( 'NONE', #615 ) ;
#8150 = CARTESIAN_POINT ( 'NONE',  ( 203.1872665771420827, -20.99999999999996803, 9.679005556237358476 ) ) ;
#8151 = CARTESIAN_POINT ( 'NONE',  ( 38.65102456598012992, -5.280000000000001137, -12.50000000000000000 ) ) ;
#8152 = AXIS2_PLACEMENT_3D ( 'NONE', #4865, #557, #5655 ) ;
#8153 = CARTESIAN_POINT ( 'NONE',  ( 65.41292645289631480, 3.483595574595578892, 13.50000000000000000 ) ) ;
#8154 = DIRECTION ( 'NONE',  ( 0.000000000000000000, 0.000000000000000000, -1.000000000000000000 ) ) ;
#8155 = CARTESIAN_POINT ( 'NONE',  ( 224.4860312251130949, -15.00000000000000000, 7.000000000000026645 ) ) ;
#8156 = CARTESIAN_POINT ( 'NONE',  ( 235.0926329429107113, -10.60660171779883321, 5.000000000000026645 ) ) ;
#8157 = EDGE_LOOP ( 'NONE', ( #6482, #4191, #1039, #4881 ) ) ;
#8158 = CARTESIAN_POINT ( 'NONE',  ( 224.6245562516070891, 13.59990031642861830, 6.689807085709364110 ) ) ;
#8159 = ORIENTED_EDGE ( 'NONE', *, *, #668, .F. ) ;
#8160 = ORIENTED_EDGE ( 'NONE', *, *, #7188, .T. ) ;
#8161 = VECTOR ( 'NONE', #7902, 1000.000000000000000 ) ;
#8162 = DIRECTION ( 'NONE',  ( 1.000000000000000000, 0.000000000000000000, 0.000000000000000000 ) ) ;
#8163 = CARTESIAN_POINT ( 'NONE',  ( 183.8860312251131290, 11.10660171779823813, -13.50000000000000000 ) ) ;
#8164 = LINE ( 'NONE', #4406, #9599 ) ;
#8165 = VECTOR ( 'NONE', #839, 1000.000000000000000 ) ;
#8166 = CARTESIAN_POINT ( 'NONE',  ( 181.0860312251130892, -11.10660171779823813, 13.50000000000000000 ) ) ;
#8167 = CARTESIAN_POINT ( 'NONE',  ( 101.8244171727542664, -10.48792343937351568, -13.50000000000000355 ) ) ;
#8168 = CARTESIAN_POINT ( 'NONE',  ( 223.4041292958464169, 21.00000000000000000, 5.763910824003692035 ) ) ;
#8169 = ORIENTED_EDGE ( 'NONE', *, *, #2646, .T. ) ;
#8170 = CARTESIAN_POINT ( 'NONE',  ( 94.41509381126678591, 3.819208420795286330, 10.98746836239024383 ) ) ;
#8171 = ADVANCED_FACE ( 'NONE', ( #8186 ), #1489, .T. ) ;
#8172 = CARTESIAN_POINT ( 'NONE',  ( 211.7294295073149328, 10.60660171779823457, 5.000000000000026645 ) ) ;
#8173 = CARTESIAN_POINT ( 'NONE',  ( 245.4860312251130949, 0.000000000000000000, 7.000000000000026645 ) ) ;
#8174 = CARTESIAN_POINT ( 'NONE',  ( 217.8794295073142848, -10.60660171779819372, -13.50000000000000000 ) ) ;
#8175 = ADVANCED_FACE ( 'NONE', ( #9550, #27 ), #5847, .F. ) ;
#8176 = DIRECTION ( 'NONE',  ( 0.02840083911570171621, -0.9995966148089558967, 0.000000000000000000 ) ) ;
#8177 = VERTEX_POINT ( 'NONE', #660 ) ;
#8178 = ORIENTED_EDGE ( 'NONE', *, *, #258, .F. ) ;
#8179 = ORIENTED_EDGE ( 'NONE', *, *, #9151, .F. ) ;
#8180 = EDGE_CURVE ( 'NONE', #8430, #1165, #6044, .T. ) ;
#8181 = EDGE_CURVE ( 'NONE', #8430, #6881, #8434, .T. ) ;
#8182 = DIRECTION ( 'NONE',  ( 0.000000000000000000, 0.000000000000000000, 1.000000000000000000 ) ) ;
#8183 = CARTESIAN_POINT ( 'NONE',  ( 125.3603225023179562, 6.187242536346602151, -13.50000000000000355 ) ) ;
#8184 = VECTOR ( 'NONE', #3017, 1000.000000000000000 ) ;
#8185 = VECTOR ( 'NONE', #3606, 1000.000000000000000 ) ;
#8186 = FACE_OUTER_BOUND ( 'NONE', #7944, .T. ) ;
#8187 = CARTESIAN_POINT ( 'NONE',  ( 131.8407164561386651, -10.63549488071143578, -13.50000000000000355 ) ) ;
#8188 = ORIENTED_EDGE ( 'NONE', *, *, #7789, .F. ) ;
#8189 = ORIENTED_EDGE ( 'NONE', *, *, #6887, .F. ) ;
#8190 = ORIENTED_EDGE ( 'NONE', *, *, #7407, .F. ) ;
#8191 = ORIENTED_EDGE ( 'NONE', *, *, #6871, .T. ) ;
#8192 = VECTOR ( 'NONE', #9593, 1000.000000000000227 ) ;
#8194 = DIRECTION ( 'NONE',  ( -0.000000000000000000, -0.000000000000000000, -1.000000000000000000 ) ) ;
#8193 = CIRCLE ( 'NONE', #7254, 1.000000000000000888 ) ;
#8195 = EDGE_CURVE ( 'NONE', #4691, #7784, #2122, .T. ) ;
#8196 = CARTESIAN_POINT ( 'NONE',  ( 38.65102456598012992, -5.280000000000001137, -12.50000000000000000 ) ) ;
#8197 = CARTESIAN_POINT ( 'NONE',  ( 224.4860312251131234, 20.82391286593089674, 7.000000000000026645 ) ) ;
#8198 = CIRCLE ( 'NONE', #2258, 2.000000000000001776 ) ;
#8199 = VECTOR ( 'NONE', #1768, 1000.000000000000000 ) ;
#8200 = DIRECTION ( 'NONE',  ( 0.9995966148089560077, 0.02840083911569871167, 0.000000000000000000 ) ) ;
#8201 = DIRECTION ( 'NONE',  ( 0.000000000000000000, 0.000000000000000000, 1.000000000000000000 ) ) ;
#8202 = VERTEX_POINT ( 'NONE', #177 ) ;
#8203 = FACE_OUTER_BOUND ( 'NONE', #7645, .T. ) ;
#8204 = ORIENTED_EDGE ( 'NONE', *, *, #8722, .T. ) ;
#8205 = VERTEX_POINT ( 'NONE', #2508 ) ;
#8206 = EDGE_CURVE ( 'NONE', #6905, #1153, #3074, .T. ) ;
#8207 = AXIS2_PLACEMENT_3D ( 'NONE', #9043, #5920, #3809 ) ;
#8208 = DIRECTION ( 'NONE',  ( -0.9996727527214570586, -0.02558099814910960029, 0.000000000000000000 ) ) ;
#8209 = CARTESIAN_POINT ( 'NONE',  ( 95.37242405804929035, 5.335217362875567915, 12.49999999999999822 ) ) ;
#8210 = CIRCLE ( 'NONE', #4469, 1.000000000000000000 ) ;
#8211 = CARTESIAN_POINT ( 'NONE',  ( 239.4860312251130949, 0.000000000000000000, 13.50000000000000000 ) ) ;
#8212 = LINE ( 'NONE', #9574, #7457 ) ;
#8213 = ORIENTED_EDGE ( 'NONE', *, *, #1680, .T. ) ;
#8214 = CARTESIAN_POINT ( 'NONE',  ( 38.65102456598012992, -5.280000000000001137, 12.50000000000000000 ) ) ;
#8215 = CIRCLE ( 'NONE', #7287, 1.000000000000003109 ) ;
#8216 = DIRECTION ( 'NONE',  ( 0.000000000000000000, 0.000000000000000000, 1.000000000000000000 ) ) ;
#8217 = EDGE_LOOP ( 'NONE', ( #5851, #2709, #3587 ) ) ;
#8218 = DIRECTION ( 'NONE',  ( -0.000000000000000000, -0.000000000000000000, 1.000000000000000000 ) ) ;
#8219 = VECTOR ( 'NONE', #9248, 1000.000000000000000 ) ;
#8220 = CIRCLE ( 'NONE', #7605, 1.000000000000000888 ) ;
#8221 = TOROIDAL_SURFACE ( 'NONE', #6042, 1.999999999999998668, 1.000000000000000000 ) ;
#8222 = DIRECTION ( 'NONE',  ( -1.000000000000000000, 0.000000000000000000, 0.000000000000000000 ) ) ;
#8223 = DIRECTION ( 'NONE',  ( 0.000000000000000000, 0.000000000000000000, 1.000000000000000000 ) ) ;
#8224 = AXIS2_PLACEMENT_3D ( 'NONE', #8294, #1597, #4585 ) ;
#8225 = CARTESIAN_POINT ( 'NONE',  ( 231.1424328030262529, -19.91713629098207505, 7.000000000000026645 ) ) ;
#8226 = TOROIDAL_SURFACE ( 'NONE', #9471, 1.999999999999998668, 1.000000000000000000 ) ;
#8227 = EDGE_CURVE ( 'NONE', #1800, #8921, #3855, .T. ) ;
#8228 = DIRECTION ( 'NONE',  ( 0.9995966148089557857, 0.02840083911570171274, 0.000000000000000000 ) ) ;
#8229 = ORIENTED_EDGE ( 'NONE', *, *, #8124, .T. ) ;
#8230 = ORIENTED_EDGE ( 'NONE', *, *, #3513, .F. ) ;
#8231 = ORIENTED_EDGE ( 'NONE', *, *, #4794, .F. ) ;
#8232 = AXIS2_PLACEMENT_3D ( 'NONE', #8942, #53, #3668 ) ;
#8233 = CARTESIAN_POINT ( 'NONE',  ( 71.43890698086578084, 2.654403994480833084, -13.50000000000000355 ) ) ;
#8234 = FACE_BOUND ( 'NONE', #6676, .T. ) ;
#8235 = CARTESIAN_POINT ( 'NONE',  ( 101.4268054251344466, 3.506429167951867765, -13.50000000000000355 ) ) ;
#8236 = CARTESIAN_POINT ( 'NONE',  ( 224.4860312251130949, 0.000000000000000000, 5.000000000000026645 ) ) ;
#8237 = ORIENTED_EDGE ( 'NONE', *, *, #7835, .F. ) ;
#8238 = EDGE_CURVE ( 'NONE', #5522, #446, #8542, .T. ) ;
#8239 = EDGE_LOOP ( 'NONE', ( #2333, #8274, #758, #6230 ) ) ;
#8240 = EDGE_CURVE ( 'NONE', #1939, #3347, #7139, .T. ) ;
#8241 = VERTEX_POINT ( 'NONE', #4673 ) ;
#8242 = ORIENTED_EDGE ( 'NONE', *, *, #5917, .T. ) ;
#8243 = CYLINDRICAL_SURFACE ( 'NONE', #8411, 1.000000000000000888 ) ;
#8244 = CARTESIAN_POINT ( 'NONE',  ( 0.000000000000000000, 0.000000000000000000, -6.500000000000000000 ) ) ;
#8245 = DIRECTION ( 'NONE',  ( -0.000000000000000000, -0.000000000000000000, -1.000000000000000000 ) ) ;
#8246 = DIRECTION ( 'NONE',  ( 0.9995966148089557857, 0.02840083911570535219, -0.000000000000000000 ) ) ;
#8247 = CARTESIAN_POINT ( 'NONE',  ( 171.7360312251131234, -7.500000000000000000, 13.50000000000000178 ) ) ;
#8248 = CARTESIAN_POINT ( 'NONE',  ( 5.923161627867837176, 20.14736102645091265, 12.50000000000000178 ) ) ;
#8249 = CIRCLE ( 'NONE', #5864, 0.9999999999999998890 ) ;
#8250 = DIRECTION ( 'NONE',  ( 0.9995966148089560077, 0.02840083911569831962, 0.000000000000000000 ) ) ;
#8251 = ORIENTED_EDGE ( 'NONE', *, *, #4133, .F. ) ;
#8252 = EDGE_CURVE ( 'NONE', #7257, #6663, #8072, .T. ) ;
#8253 = CARTESIAN_POINT ( 'NONE',  ( 225.1460858963285716, 13.75811879483459421, 6.806563583363854697 ) ) ;
#8254 = VERTEX_POINT ( 'NONE', #3937 ) ;
#8255 = ORIENTED_EDGE ( 'NONE', *, *, #5845, .T. ) ;
#8256 = ORIENTED_EDGE ( 'NONE', *, *, #3185, .F. ) ;
#8257 = DIRECTION ( 'NONE',  ( 0.000000000000000000, 0.000000000000000000, -1.000000000000000000 ) ) ;
#8258 = FACE_OUTER_BOUND ( 'NONE', #3071, .T. ) ;
#8259 = B_SPLINE_CURVE_WITH_KNOTS ( 'NONE', 3,
 ( #704, #613, #7459, #3686, #7263, #1346, #3737 ),
 .UNSPECIFIED., .F., .F.,
 ( 4, 3, 4 ),
 ( 5.295880929093772504E-17, 0.001739533853336224737, 0.003479069204756711584 ),
 .UNSPECIFIED. ) ;
#8260 = DIRECTION ( 'NONE',  ( 0.000000000000000000, 0.000000000000000000, 1.000000000000000000 ) ) ;
#8261 = CARTESIAN_POINT ( 'NONE',  ( 154.3770251708933756, 6.011270255893026437, 10.49999999999999645 ) ) ;
#8262 = ORIENTED_EDGE ( 'NONE', *, *, #3395, .F. ) ;
#8263 = EDGE_CURVE ( 'NONE', #172, #4467, #5106, .T. ) ;
#8264 = CARTESIAN_POINT ( 'NONE',  ( 65.35612477466490589, 5.482788804213488909, 12.49999999999999822 ) ) ;
#8265 = CYLINDRICAL_SURFACE ( 'NONE', #5101, 0.9999999999999997780 ) ;
#8266 = VERTEX_POINT ( 'NONE', #6911 ) ;
#8267 = DIRECTION ( 'NONE',  ( 0.02840083911569750083, -0.9995966148089558967, 0.000000000000000000 ) ) ;
#8268 = DIRECTION ( 'NONE',  ( 0.000000000000000000, 0.000000000000000000, 1.000000000000000000 ) ) ;
#8269 = CARTESIAN_POINT ( 'NONE',  ( 231.4206392299866195, 17.96712939168154222, 6.000000000000026645 ) ) ;
#8270 = CARTESIAN_POINT ( 'NONE',  ( 171.7360312251131234, 3.499999999999999556, 13.50000000000000000 ) ) ;
#8271 = TOROIDAL_SURFACE ( 'NONE', #3123, 13.00000000000000533, 1.000000000000000000 ) ;
#8272 = DIRECTION ( 'NONE',  ( 0.9995966148089557857, 0.02840083911570171274, -0.000000000000000000 ) ) ;
#8273 = CARTESIAN_POINT ( 'NONE',  ( 65.89574071786321952, -13.50954687715667113, -13.50000000000000355 ) ) ;
#8274 = ORIENTED_EDGE ( 'NONE', *, *, #9259, .F. ) ;
#8275 = EDGE_LOOP ( 'NONE', ( #2309, #2217, #8969, #8484, #8830 ) ) ;
#8276 = VERTEX_POINT ( 'NONE', #1734 ) ;
#8277 = CIRCLE ( 'NONE', #4075, 5.499999999999976907 ) ;
#8278 = DIRECTION ( 'NONE',  ( 0.9995966148089566738, 0.02840083911567761743, -2.774437942745666108E-14 ) ) ;
#8279 = DIRECTION ( 'NONE',  ( -0.02840083911570534872, 0.9995966148089557857, 0.000000000000000000 ) ) ;
#8280 = AXIS2_PLACEMENT_3D ( 'NONE', #1806, #2482, #295 ) ;
#8281 = CARTESIAN_POINT ( 'NONE',  ( 163.8278081300251756, -9.726668029008953553, 12.49999999999999822 ) ) ;
#8282 = CARTESIAN_POINT ( 'NONE',  ( 224.4860312251130949, 0.000000000000000000, 5.000000000000026645 ) ) ;
#8283 = ORIENTED_EDGE ( 'NONE', *, *, #2792, .T. ) ;
#8284 = ORIENTED_EDGE ( 'NONE', *, *, #5458, .T. ) ;
#8285 = ORIENTED_EDGE ( 'NONE', *, *, #4011, .T. ) ;
#8286 = EDGE_LOOP ( 'NONE', ( #5026, #4616 ) ) ;
#8287 = CARTESIAN_POINT ( 'NONE',  ( 232.0839721658975634, 19.57731578793042004, 6.264274088857900935 ) ) ;
#8288 = CIRCLE ( 'NONE', #9533, 1.000000000000000888 ) ;
#8289 = EDGE_CURVE ( 'NONE', #7536, #8767, #2906, .T. ) ;
#8290 = CARTESIAN_POINT ( 'NONE',  ( 215.4860312251130949, 1.102182119232619292E-15, 4.000000000000026645 ) ) ;
#8291 = EDGE_CURVE ( 'NONE', #2475, #4355, #3700, .T. ) ;
#8292 = CARTESIAN_POINT ( 'NONE',  ( 171.4776792904964395, 7.491648065383497368, 3.000000000000025313 ) ) ;
#8293 = DIRECTION ( 'NONE',  ( 1.000000000000000000, 0.000000000000000000, 0.000000000000000000 ) ) ;
#8294 = CARTESIAN_POINT ( 'NONE',  ( 224.4860312251130949, 0.000000000000000000, 4.000000000000026645 ) ) ;
#8295 = DIRECTION ( 'NONE',  ( 1.000000000000000000, 0.000000000000000000, 0.000000000000000000 ) ) ;
#8296 = CARTESIAN_POINT ( 'NONE',  ( 207.3883559198136197, 16.06476007453103350, 6.201349615588468644 ) ) ;
#8297 = ORIENTED_EDGE ( 'NONE', *, *, #85, .T. ) ;
#8299 = EDGE_CURVE ( 'NONE', #2695, #5067, #998, .T. ) ;
#8298 = CARTESIAN_POINT ( 'NONE',  ( 94.85219996635336770, -11.56519029914166907, 10.62118390733298057 ) ) ;
#8300 = ORIENTED_EDGE ( 'NONE', *, *, #2916, .T. ) ;
#8301 = EDGE_LOOP ( 'NONE', ( #8474, #5177, #4055, #7940, #5520, #3487, #4138 ) ) ;
#8302 = EDGE_LOOP ( 'NONE', ( #6673, #1089, #9576, #4529 ) ) ;
#8303 = VECTOR ( 'NONE', #1866, 999.9999999999998863 ) ;
#8304 = EDGE_CURVE ( 'NONE', #4882, #2390, #6209, .T. ) ;
#8305 = EDGE_CURVE ( 'NONE', #5270, #8577, #9167, .T. ) ;
#8306 = DIRECTION ( 'NONE',  ( 0.000000000000000000, 0.000000000000000000, 1.000000000000000000 ) ) ;
#8307 = B_SPLINE_CURVE_WITH_KNOTS ( 'NONE', 3,
 ( #2001, #8747, #8016, #4300, #7277, #3561, #4110, #7084, #6358, #6403 ),
 .UNSPECIFIED., .F., .F.,
 ( 4, 2, 2, 2, 4 ),
 ( 3.381796117385365517E-05, 0.0005379233925041608392, 0.001042028823834468057, 0.001546134255164775166, 0.002050239686495082710 ),
 .UNSPECIFIED. ) ;
#8308 = CARTESIAN_POINT ( 'NONE',  ( 71.43890698086579505, 2.654403994480834417, 10.49999999999999822 ) ) ;
#8309 = DIRECTION ( 'NONE',  ( 1.000000000000000000, -2.664535259100379247E-15, 0.000000000000000000 ) ) ;
#8310 = CYLINDRICAL_SURFACE ( 'NONE', #5230, 2.000000000000000000 ) ;
#8311 = ORIENTED_EDGE ( 'NONE', *, *, #649, .F. ) ;
#8312 = DIRECTION ( 'NONE',  ( -0.9995966148089557857, -0.02840083911570142824, -0.000000000000000000 ) ) ;
#8313 = AXIS2_PLACEMENT_3D ( 'NONE', #7352, #651, #6662 ) ;
#8314 = DIRECTION ( 'NONE',  ( -0.9995966148089557857, -0.02840083911570149763, 0.000000000000000000 ) ) ;
#8315 = EDGE_LOOP ( 'NONE', ( #1953, #2910, #1873, #29, #7311, #3633 ) ) ;
#8316 = DIRECTION ( 'NONE',  ( -0.000000000000000000, -0.000000000000000000, -1.000000000000000000 ) ) ;
#8317 = CARTESIAN_POINT ( 'NONE',  ( 132.3863030302874222, 5.358050956231856787, -13.50000000000000355 ) ) ;
#8318 = EDGE_CURVE ( 'NONE', #8827, #2816, #3247, .T. ) ;
#8319 = FACE_OUTER_BOUND ( 'NONE', #3692, .T. ) ;
#8320 = AXIS2_PLACEMENT_3D ( 'NONE', #981, #3271, #6261 ) ;
#8321 = CARTESIAN_POINT ( 'NONE',  ( 155.8310352115535693, -9.953874741934612302, -13.50000000000000355 ) ) ;
#8322 = DIRECTION ( 'NONE',  ( -0.000000000000000000, -0.000000000000000000, -1.000000000000000000 ) ) ;
#8323 = CARTESIAN_POINT ( 'NONE',  ( 189.7360312251131234, -6.499999999999999112, -13.50000000000000355 ) ) ;
#8324 = ORIENTED_EDGE ( 'NONE', *, *, #8722, .F. ) ;
#8325 = ORIENTED_EDGE ( 'NONE', *, *, #4194, .T. ) ;
#8326 = EDGE_LOOP ( 'NONE', ( #6982, #3497, #6131, #9304 ) ) ;
#8327 = EDGE_CURVE ( 'NONE', #9274, #8041, #2131, .T. ) ;
#8328 = DIRECTION ( 'NONE',  ( -0.000000000000000000, -0.000000000000000000, -1.000000000000000000 ) ) ;
#8329 = LINE ( 'NONE', #136, #7899 ) ;
#8330 = CARTESIAN_POINT ( 'NONE',  ( 71.35370446351866747, 5.653193838907698776, 13.50000000000000000 ) ) ;
#8331 = DIRECTION ( 'NONE',  ( 1.000000000000000000, 0.000000000000000000, 0.000000000000000000 ) ) ;
#8332 = ORIENTED_EDGE ( 'NONE', *, *, #1995, .T. ) ;
#8333 = VERTEX_POINT ( 'NONE', #79 ) ;
#8334 = EDGE_LOOP ( 'NONE', ( #6110, #1249, #667, #885 ) ) ;
#8335 = VERTEX_POINT ( 'NONE', #3049 ) ;
#8336 = B_SPLINE_CURVE_WITH_KNOTS ( 'NONE', 3,
 ( #6940, #3226, #9240, #2485 ),
 .UNSPECIFIED., .F., .F.,
 ( 4, 4 ),
 ( 0.01049970461385272766, 0.01359390414005965872 ),
 .UNSPECIFIED. ) ;
#8337 = CARTESIAN_POINT ( 'NONE',  ( 182.4860312251131234, -11.10660171779823813, 13.50000000000000000 ) ) ;
#8338 = VECTOR ( 'NONE', #8412, 999.9999999999998863 ) ;
#8339 = AXIS2_PLACEMENT_3D ( 'NONE', #5128, #8246, #9515 ) ;
#8340 = CARTESIAN_POINT ( 'NONE',  ( 94.40122828235602981, 4.307219908950941090, 11.50000000000000000 ) ) ;
#8341 = CARTESIAN_POINT ( 'NONE',  ( 20.26765721244252560, -17.90801764905667071, 13.50000000000000178 ) ) ;
#8342 = DIRECTION ( 'NONE',  ( -0.000000000000000000, -0.000000000000000000, -1.000000000000000000 ) ) ;
#8343 = DIRECTION ( 'NONE',  ( 0.000000000000000000, -1.000000000000000000, 0.000000000000000000 ) ) ;
#8344 = DIRECTION ( 'NONE',  ( 1.000000000000000000, 0.000000000000000000, 0.000000000000000000 ) ) ;
#8345 = CARTESIAN_POINT ( 'NONE',  ( 24.54852523620924387, 16.65140590825153666, 12.50000000000000178 ) ) ;
#8346 = ORIENTED_EDGE ( 'NONE', *, *, #4926, .F. ) ;
#8347 = AXIS2_PLACEMENT_3D ( 'NONE', #1210, #2712, #4197 ) ;
#8348 = VECTOR ( 'NONE', #1078, 1000.000000000000000 ) ;
#8349 = VECTOR ( 'NONE', #8384, 999.9999999999998863 ) ;
#8350 = CARTESIAN_POINT ( 'NONE',  ( 238.0860312251130608, 0.000000000000000000, -13.50000000000000000 ) ) ;
#8351 = ORIENTED_EDGE ( 'NONE', *, *, #3718, .F. ) ;
#8352 = ORIENTED_EDGE ( 'NONE', *, *, #5651, .F. ) ;
#8353 = VERTEX_POINT ( 'NONE', #6043 ) ;
#8354 = DIRECTION ( 'NONE',  ( 1.000000000000000000, 1.445602896647337931E-16, 0.000000000000000000 ) ) ;
#8355 = AXIS2_PLACEMENT_3D ( 'NONE', #8141, #1688, #5311 ) ;
#8356 = CIRCLE ( 'NONE', #5865, 20.99999999999997158 ) ;
#8357 =( BOUNDED_SURFACE ( )  B_SPLINE_SURFACE ( 3, 3, ( 
 ( #5605, #1050, #6861, #4040 ),
 ( #8580, #315, #4670, #175 ),
 ( #7649, #9165, #3981, #2461 ),
 ( #5500, #3290, #9256, #8432 ),
 ( #1731, #7699, #6959, #273 ),
 ( #2552, #2656, #7948, #5747 ),
 ( #3580, #605, #8725, #553 ),
 ( #5697, #4131, #3393, #1241 ) ),
 .UNSPECIFIED., .F., .F., .F. ) 
 B_SPLINE_SURFACE_WITH_KNOTS ( ( 4, 1, 1, 1, 1, 4 ),
 ( 4, 4 ),
 ( 2.143071589078004990E-07, 0.001052388560641831158, 0.002104562814124754950, 0.003130991790040637580, 0.003310645045215631667, 0.003490298300390683433 ),
 ( 0.000000000000000000, 1.000000000000000000 ),
 .UNSPECIFIED. ) 
 GEOMETRIC_REPRESENTATION_ITEM ( )  RATIONAL_B_SPLINE_SURFACE ( (
 ( 1.000000000000000000, 0.9824311046506770673, 0.9824311046506770673, 1.000000000000000000),
 ( 1.000000000000000000, 0.9824311046506770673, 0.9824311046506770673, 1.000000000000000000),
 ( 1.000000000000000000, 0.9824311046506770673, 0.9824311046506770673, 1.000000000000000000),
 ( 1.000000000000000000, 0.9824311046506770673, 0.9824311046506770673, 1.000000000000000000),
 ( 1.000000000000000000, 0.9824311046506770673, 0.9824311046506770673, 1.000000000000000000),
 ( 1.000000000000000000, 0.9824311046506770673, 0.9824311046506770673, 1.000000000000000000),
 ( 1.000000000000000000, 0.9824311046506770673, 0.9824311046506770673, 1.000000000000000000),
 ( 1.000000000000000000, 0.9824311046506770673, 0.9824311046506770673, 1.000000000000000000) ) ) 
 REPRESENTATION_ITEM ( '' )  SURFACE ( )  );
#8358 = FACE_OUTER_BOUND ( 'NONE', #7380, .T. ) ;
#8359 = CARTESIAN_POINT ( 'NONE',  ( 12.12638788438997395, 17.28134241211205691, -12.50000000000000000 ) ) ;
#8360 = CYLINDRICAL_SURFACE ( 'NONE', #2726, 312.0758497737028279 ) ;
#8361 = EDGE_LOOP ( 'NONE', ( #3897, #7612, #309, #3614 ) ) ;
#8362 = DIRECTION ( 'NONE',  ( 0.000000000000000000, 0.000000000000000000, 1.000000000000000000 ) ) ;
#8363 = LINE ( 'NONE', #6941, #6977 ) ;
#8364 = ORIENTED_EDGE ( 'NONE', *, *, #1795, .T. ) ;
#8365 = EDGE_CURVE ( 'NONE', #5717, #9646, #9020, .T. ) ;
#8366 = ADVANCED_FACE ( 'NONE', ( #7550 ), #854, .T. ) ;
#8367 = VECTOR ( 'NONE', #3380, 1000.000000000000227 ) ;
#8368 = DIRECTION ( 'NONE',  ( 0.000000000000000000, 0.000000000000000000, -1.000000000000000000 ) ) ;
#8370 = ADVANCED_FACE ( 'NONE', ( #1197 ), #7111, .T. ) ;
#8369 = DIRECTION ( 'NONE',  ( 1.000000000000000000, 0.000000000000000000, 0.000000000000000000 ) ) ;
#8371 = CYLINDRICAL_SURFACE ( 'NONE', #6582, 1.000000000000000888 ) ;
#8372 = VECTOR ( 'NONE', #6476, 1000.000000000000000 ) ;
#8373 = CARTESIAN_POINT ( 'NONE',  ( 102.3988081339952316, 4.506025782756291953, 10.52840656793764929 ) ) ;
#8374 = CIRCLE ( 'NONE', #4169, 0.9999999999999991118 ) ;
#8375 = DIRECTION ( 'NONE',  ( 0.9995966148089557857, 0.02840083911570178213, -0.000000000000000000 ) ) ;
#8376 = LINE ( 'NONE', #1091, #8926 ) ;
#8377 = ORIENTED_EDGE ( 'NONE', *, *, #1023, .T. ) ;
#8378 = CIRCLE ( 'NONE', #5884, 0.9999999999999991118 ) ;
#8379 = ORIENTED_EDGE ( 'NONE', *, *, #3430, .F. ) ;
#8380 = EDGE_CURVE ( 'NONE', #2616, #8761, #1833, .T. ) ;
#8381 = AXIS2_PLACEMENT_3D ( 'NONE', #8959, #5259, #3046 ) ;
#8382 = CARTESIAN_POINT ( 'NONE',  ( 199.9616345565689244, 7.500000000000000000, 8.257165788677175655 ) ) ;
#8383 = VECTOR ( 'NONE', #7408, 1000.000000000000000 ) ;
#8384 = DIRECTION ( 'NONE',  ( 0.3809044632332377889, -0.9246144006498056012, 0.000000000000000000 ) ) ;
#8385 = LINE ( 'NONE', #3338, #3539 ) ;
#8386 = CIRCLE ( 'NONE', #4182, 20.99999999999998934 ) ;
#8387 = CARTESIAN_POINT ( 'NONE',  ( 95.82683748390050482, -10.65832847406772821, -13.50000000000000355 ) ) ;
#8388 = AXIS2_PLACEMENT_3D ( 'NONE', #5745, #6651, #1426 ) ;
#8389 = DIRECTION ( 'NONE',  ( 1.000000000000000000, 0.000000000000000000, 0.000000000000000000 ) ) ;
#8390 = AXIS2_PLACEMENT_3D ( 'NONE', #2613, #4088, #365 ) ;
#8391 = CARTESIAN_POINT ( 'NONE',  ( 224.4860312251130949, 15.00000000000000000, -13.50000000000000000 ) ) ;
#8392 = ORIENTED_EDGE ( 'NONE', *, *, #974, .T. ) ;
#8393 = ORIENTED_EDGE ( 'NONE', *, *, #7473, .F. ) ;
#8394 = EDGE_CURVE ( 'NONE', #164, #6881, #6362, .T. ) ;
#8395 = ORIENTED_EDGE ( 'NONE', *, *, #9602, .F. ) ;
#8396 = ORIENTED_EDGE ( 'NONE', *, *, #7851, .F. ) ;
#8397 = VECTOR ( 'NONE', #5373, 1000.000000000000227 ) ;
#8398 = CARTESIAN_POINT ( 'NONE',  ( 242.8340650800278695, 6.009993604223609509, 7.000000000000026645 ) ) ;
#8399 = CARTESIAN_POINT ( 'NONE',  ( 102.4471928971537125, 2.803074497953578437, 11.50000000000000000 ) ) ;
#8400 = DIRECTION ( 'NONE',  ( 1.000000000000000000, 0.000000000000000000, -0.000000000000000000 ) ) ;
#8401 = DIRECTION ( 'NONE',  ( 1.000000000000000000, 0.000000000000000000, 0.000000000000000000 ) ) ;
#8402 = CARTESIAN_POINT ( 'NONE',  ( 5.641106312255083743, 19.18796288233420100, -13.50000000000000000 ) ) ;
#8403 = CARTESIAN_POINT ( 'NONE',  ( -12.00000000000000533, 1.469576158976824539E-15, -13.50000000000000000 ) ) ;
#8404 = DIRECTION ( 'NONE',  ( 0.02840083911569148134, -0.9995966148089561187, 0.000000000000000000 ) ) ;
#8405 = PRODUCT_DEFINITION_CONTEXT ( 'detailed design', #6319, 'design' ) ;
#8406 = EDGE_LOOP ( 'NONE', ( #7507, #1904, #7464, #452 ) ) ;
#8407 = DIRECTION ( 'NONE',  ( 1.000000000000000000, 0.000000000000000000, -0.000000000000000000 ) ) ;
#8408 = ORIENTED_EDGE ( 'NONE', *, *, #5611, .T. ) ;
#8409 = VERTEX_POINT ( 'NONE', #7748 ) ;
#8410 = ORIENTED_EDGE ( 'NONE', *, *, #6553, .T. ) ;
#8411 = AXIS2_PLACEMENT_3D ( 'NONE', #1547, #4947, #5684 ) ;
#8412 = DIRECTION ( 'NONE',  ( 0.9246144006497944989, -0.3809044632332644897, 0.000000000000000000 ) ) ;
#8413 = CARTESIAN_POINT ( 'NONE',  ( 131.8123156170229322, -9.635898265902481441, -13.50000000000000355 ) ) ;
#8414 = DIRECTION ( 'NONE',  ( -1.000000000000000000, 0.000000000000000000, 0.000000000000000000 ) ) ;
#8415 = CARTESIAN_POINT ( 'NONE',  ( 124.3891267266247098, 5.159245082421984208, 10.49999999999999645 ) ) ;
#8416 = ORIENTED_EDGE ( 'NONE', *, *, #2723, .F. ) ;
#8417 = FACE_OUTER_BOUND ( 'NONE', #2528, .T. ) ;
#8418 = DIRECTION ( 'NONE',  ( 0.000000000000000000, 0.000000000000000000, 1.000000000000000000 ) ) ;
#8419 = ORIENTED_EDGE ( 'NONE', *, *, #5875, .T. ) ;
#8420 = DIRECTION ( 'NONE',  ( -0.000000000000000000, -0.000000000000000000, -1.000000000000000000 ) ) ;
#8421 = CARTESIAN_POINT ( 'NONE',  ( 102.8221559482659018, -10.39413404378145955, 11.35151115349260564 ) ) ;
#8422 = EDGE_CURVE ( 'NONE', #1588, #9046, #1053, .T. ) ;
#8423 = ADVANCED_FACE ( 'NONE', ( #8530 ), #7608, .T. ) ;
#8424 = FACE_OUTER_BOUND ( 'NONE', #4357, .T. ) ;
#8425 = DIRECTION ( 'NONE',  ( -0.02840083911569750777, 0.9995966148089561187, 0.000000000000000000 ) ) ;
#8426 = DIRECTION ( 'NONE',  ( -0.9995966148089560077, -0.02840083911570143171, 0.000000000000000000 ) ) ;
#8427 = ORIENTED_EDGE ( 'NONE', *, *, #4683, .T. ) ;
#8428 = ORIENTED_EDGE ( 'NONE', *, *, #9026, .F. ) ;
#8429 = EDGE_CURVE ( 'NONE', #8440, #3197, #4186, .T. ) ;
#8430 = VERTEX_POINT ( 'NONE', #6380 ) ;
#8431 = LINE ( 'NONE', #6328, #8040 ) ;
#8432 = CARTESIAN_POINT ( 'NONE',  ( 202.1282478728443834, 7.223217421025662333, 6.301260587509752931 ) ) ;
#8433 = EDGE_CURVE ( 'NONE', #1581, #5005, #7901, .T. ) ;
#8434 = LINE ( 'NONE', #3788, #7295 ) ;
#8435 = CARTESIAN_POINT ( 'NONE',  ( 0.000000000000000000, 0.000000000000000000, -13.50000000000000000 ) ) ;
#8436 = ORIENTED_EDGE ( 'NONE', *, *, #7135, .F. ) ;
#8437 = AXIS2_PLACEMENT_3D ( 'NONE', #7737, #264, #7793 ) ;
#8438 = EDGE_LOOP ( 'NONE', ( #9096, #7571, #5252, #6709 ) ) ;
#8439 = EDGE_LOOP ( 'NONE', ( #6438, #5934 ) ) ;
#8440 = VERTEX_POINT ( 'NONE', #9310 ) ;
#8441 = FACE_OUTER_BOUND ( 'NONE', #6867, .T. ) ;
#8442 = AXIS2_PLACEMENT_3D ( 'NONE', #9437, #7984, #5738 ) ;
#8443 = EDGE_CURVE ( 'NONE', #1263, #6953, #897, .T. ) ;
#8444 = CARTESIAN_POINT ( 'NONE',  ( 217.3533379435936013, -19.75194593333839066, 6.873975239275169180 ) ) ;
#8445 = EDGE_CURVE ( 'NONE', #243, #4824, #2451, .T. ) ;
#8446 = DIRECTION ( 'NONE',  ( 1.000000000000000000, 0.000000000000000000, 0.000000000000000000 ) ) ;
#8447 = CARTESIAN_POINT ( 'NONE',  ( 124.4151143228593668, 4.244585021943905190, 11.27138653862093243 ) ) ;
#8448 = CARTESIAN_POINT ( 'NONE',  ( 131.8975181343700740, -12.63468811032934624, 13.50000000000000000 ) ) ;
#8449 = FACE_OUTER_BOUND ( 'NONE', #7644, .T. ) ;
#8450 = VERTEX_POINT ( 'NONE', #2555 ) ;
#8451 = CARTESIAN_POINT ( 'NONE',  ( 72.86451618241024164, -12.31114438853780690, 10.49999999999999645 ) ) ;
#8452 = ORIENTED_EDGE ( 'NONE', *, *, #2753, .F. ) ;
#8453 = ORIENTED_EDGE ( 'NONE', *, *, #7978, .F. ) ;
#8454 = ORIENTED_EDGE ( 'NONE', *, *, #7303, .T. ) ;
#8455 = AXIS2_PLACEMENT_3D ( 'NONE', #6060, #5866, #3653 ) ;
#8456 = DIRECTION ( 'NONE',  ( 0.9246144006497958312, -0.3809044632332612146, 0.000000000000000000 ) ) ;
#8457 = CIRCLE ( 'NONE', #25, 1.000000000000000888 ) ;
#8458 = DIRECTION ( 'NONE',  ( 0.000000000000000000, 0.000000000000000000, 1.000000000000000000 ) ) ;
#8459 = CARTESIAN_POINT ( 'NONE',  ( 101.8812188509856469, -12.48711666899143147, -13.50000000000000000 ) ) ;
#8460 = CARTESIAN_POINT ( 'NONE',  ( 171.4776792904964395, 7.491648065383497368, 5.000000000000026645 ) ) ;
#8461 = EDGE_LOOP ( 'NONE', ( #1884, #2254, #382, #4773 ) ) ;
#8462 = DIRECTION ( 'NONE',  ( 1.000000000000000000, 1.445602896647337931E-16, 0.000000000000000000 ) ) ;
#8463 = CARTESIAN_POINT ( 'NONE',  ( 230.4860312251130949, 7.347880794884152277E-16, -13.50000000000000000 ) ) ;
#8464 = EDGE_LOOP ( 'NONE', ( #9452, #6472, #6885, #4866 ) ) ;
#8465 = AXIS2_PLACEMENT_3D ( 'NONE', #2092, #9481, #9392 ) ;
#8466 = CARTESIAN_POINT ( 'NONE',  ( 72.41768003834981471, 3.415711256730416423, 10.76573565894465645 ) ) ;
#8467 = B_SPLINE_CURVE_WITH_KNOTS ( 'NONE', 3,
 ( #5009, #2058, #4277, #3483, #7251, #3579, #8724, #7947 ),
 .UNSPECIFIED., .F., .F.,
 ( 4, 2, 2, 4 ),
 ( 0.000000000000000000, 0.0005118710583149634324, 0.001023742116629926865, 0.002047484233259852862 ),
 .UNSPECIFIED. ) ;
#8468 = DIRECTION ( 'NONE',  ( 1.000000000000000000, 0.000000000000000000, 0.000000000000000000 ) ) ;
#8469 = DIRECTION ( 'NONE',  ( 1.000000000000000000, 0.000000000000000000, 0.000000000000000000 ) ) ;
#8470 = CARTESIAN_POINT ( 'NONE',  ( 18.38336735353760076, 12.62801764905666602, -13.50000000000000355 ) ) ;
#8471 = CONICAL_SURFACE ( 'NONE', #814, 26.74999999999999645, 0.3671738338182121142 ) ;
#8472 = CARTESIAN_POINT ( 'NONE',  ( 24.57410623435835362, 15.65173315553007960, -12.50000000000000000 ) ) ;
#8473 = ORIENTED_EDGE ( 'NONE', *, *, #6956, .F. ) ;
#8474 = ORIENTED_EDGE ( 'NONE', *, *, #1690, .T. ) ;
#8475 = CARTESIAN_POINT ( 'NONE',  ( 218.4860312251130949, 0.000000000000000000, -13.50000000000000000 ) ) ;
#8476 = ADVANCED_FACE ( 'NONE', ( #6332 ), #4134, .F. ) ;
#8477 = CIRCLE ( 'NONE', #1443, 1.000000000000000888 ) ;
#8478 = FACE_OUTER_BOUND ( 'NONE', #4692, .T. ) ;
#8479 = CARTESIAN_POINT ( 'NONE',  ( 189.7360312251131234, 5.500000000000000888, -13.50000000000000355 ) ) ;
#8480 = CARTESIAN_POINT ( 'NONE',  ( 224.4860312251130949, 0.000000000000000000, 5.000000000000026645 ) ) ;
#8481 = DIRECTION ( 'NONE',  ( -1.000000000000000000, 0.000000000000000000, 0.000000000000000000 ) ) ;
#8482 = ORIENTED_EDGE ( 'NONE', *, *, #3268, .T. ) ;
#8483 = VERTEX_POINT ( 'NONE', #5549 ) ;
#8484 = ORIENTED_EDGE ( 'NONE', *, *, #350, .F. ) ;
#8485 = ORIENTED_EDGE ( 'NONE', *, *, #6171, .T. ) ;
#8486 = EDGE_CURVE ( 'NONE', #3895, #6707, #3391, .T. ) ;
#8487 = EDGE_CURVE ( 'NONE', #1751, #518, #1676, .T. ) ;
#8488 = CARTESIAN_POINT ( 'NONE',  ( 206.8860280592555227, -20.71211462094155209, 5.000000000000027534 ) ) ;
#8489 = CARTESIAN_POINT ( 'NONE',  ( 101.3700037469030519, 5.505622397569777782, 12.49999999999999822 ) ) ;
#8490 = DIRECTION ( 'NONE',  ( 0.000000000000000000, 0.000000000000000000, 1.000000000000000000 ) ) ;
#8491 = CARTESIAN_POINT ( 'NONE',  ( 171.7360312251131234, 7.500000000000000000, 5.000000000000026645 ) ) ;
#8492 = DIRECTION ( 'NONE',  ( 1.000000000000000000, 0.000000000000000000, 0.000000000000000000 ) ) ;
#8493 = CYLINDRICAL_SURFACE ( 'NONE', #1138, 0.9999999999999998890 ) ;
#8494 = VERTEX_POINT ( 'NONE', #6536 ) ;
#8495 = CARTESIAN_POINT ( 'NONE',  ( 171.2360312251131234, 3.999999999999996447, 5.000000000000026645 ) ) ;
#8496 = ORIENTED_EDGE ( 'NONE', *, *, #645, .F. ) ;
#8497 = ORIENTED_EDGE ( 'NONE', *, *, #3569, .F. ) ;
#8498 = ORIENTED_EDGE ( 'NONE', *, *, #5916, .T. ) ;
#8499 = EDGE_CURVE ( 'NONE', #8741, #335, #5811, .T. ) ;
#8500 = VECTOR ( 'NONE', #5033, 1000.000000000000000 ) ;
#8501 = TOROIDAL_SURFACE ( 'NONE', #7406, 1.999999999999998224, 1.000000000000000000 ) ;
#8502 = CARTESIAN_POINT ( 'NONE',  ( 190.7360312251131234, -6.499999999999999112, 5.000000000000026645 ) ) ;
#8503 = DIRECTION ( 'NONE',  ( -0.000000000000000000, -0.000000000000000000, -1.000000000000000000 ) ) ;
#8504 = CIRCLE ( 'NONE', #76, 2.000000000000001776 ) ;
#8505 = CIRCLE ( 'NONE', #6325, 20.99999999999998934 ) ;
#8506 = CARTESIAN_POINT ( 'NONE',  ( 201.7825376004497002, 21.00000000000000000, 12.74487868572697380 ) ) ;
#8507 = CARTESIAN_POINT ( 'NONE',  ( 182.4860312251131234, -11.10660171779823813, 13.50000000000000000 ) ) ;
#8508 = ORIENTED_EDGE ( 'NONE', *, *, #6054, .T. ) ;
#8509 = CARTESIAN_POINT ( 'NONE',  ( 245.3956216264080865, -5.499999999999995559, 5.000000000000026645 ) ) ;
#8510 = DIRECTION ( 'NONE',  ( -0.3809044632332713731, -0.9246144006497916124, 0.000000000000000000 ) ) ;
#8511 = VERTEX_POINT ( 'NONE', #5218 ) ;
#8512 = EDGE_CURVE ( 'NONE', #5568, #9646, #2618, .T. ) ;
#8513 = CYLINDRICAL_SURFACE ( 'NONE', #4028, 0.9999999999999994449 ) ;
#8514 = CIRCLE ( 'NONE', #4301, 1.000000000000000888 ) ;
#8515 = AXIS2_PLACEMENT_3D ( 'NONE', #6268, #4809, #6947 ) ;
#8516 = DIRECTION ( 'NONE',  ( -0.02840083911569839248, 0.9995966148089558967, 0.000000000000000000 ) ) ;
#8517 = CARTESIAN_POINT ( 'NONE',  ( 162.8286149004072740, -9.783469707240403324, -13.50000000000000355 ) ) ;
#8518 = VERTEX_POINT ( 'NONE', #4438 ) ;
#8519 = CARTESIAN_POINT ( 'NONE',  ( 225.8860312251131006, -15.00000000000000000, -13.50000000000000000 ) ) ;
#8520 = AXIS2_PLACEMENT_3D ( 'NONE', #5184, #2, #7744 ) ;
#8521 = CIRCLE ( 'NONE', #8046, 2.150000000000012790 ) ;
#8522 = CARTESIAN_POINT ( 'NONE',  ( 14.59356986571397208, -15.11432246495105325, -13.50000000000000355 ) ) ;
#8523 = ORIENTED_EDGE ( 'NONE', *, *, #1308, .T. ) ;
#8524 = ORIENTED_EDGE ( 'NONE', *, *, #6220, .F. ) ;
#8525 = CARTESIAN_POINT ( 'NONE',  ( 155.8594360506692453, -10.95347135674356842, -13.50000000000000355 ) ) ;
#8526 = CARTESIAN_POINT ( 'NONE',  ( 161.3742014745560880, 6.210076129702891023, -13.50000000000000355 ) ) ;
#8527 = AXIS2_PLACEMENT_3D ( 'NONE', #6934, #3125, #4744 ) ;
#8528 = DIRECTION ( 'NONE',  ( -0.2820553156127534877, -0.9593981441167114266, 0.000000000000000000 ) ) ;
#8529 = CIRCLE ( 'NONE', #4014, 6.499999999999977796 ) ;
#8530 = FACE_OUTER_BOUND ( 'NONE', #4984, .T. ) ;
#8531 = DIRECTION ( 'NONE',  ( -0.000000000000000000, -0.000000000000000000, -1.000000000000000000 ) ) ;
#8532 = ORIENTED_EDGE ( 'NONE', *, *, #1753, .T. ) ;
#8533 = ORIENTED_EDGE ( 'NONE', *, *, #4132, .T. ) ;
#8534 = AXIS2_PLACEMENT_3D ( 'NONE', #6199, #7713, #5424 ) ;
#8535 = ORIENTED_EDGE ( 'NONE', *, *, #5337, .F. ) ;
#8536 = ORIENTED_EDGE ( 'NONE', *, *, #7589, .T. ) ;
#8537 = AXIS2_PLACEMENT_3D ( 'NONE', #6849, #3228, #4602 ) ;
#8538 = TOROIDAL_SURFACE ( 'NONE', #4184, 1.999999999999998668, 1.000000000000000000 ) ;
#8539 = AXIS2_PLACEMENT_3D ( 'NONE', #4572, #7548, #1631 ) ;
#8540 = DIRECTION ( 'NONE',  ( 0.000000000000000000, 0.000000000000000000, 1.000000000000000000 ) ) ;
#8541 = DIRECTION ( 'NONE',  ( -0.1353499102794156472, -0.9907978612145639241, 0.000000000000000000 ) ) ;
#8542 = CIRCLE ( 'NONE', #419, 0.9999999999999991118 ) ;
#8543 = FACE_OUTER_BOUND ( 'NONE', #2203, .T. ) ;
#8544 = EDGE_CURVE ( 'NONE', #5067, #3209, #9121, .T. ) ;
#8545 = ADVANCED_FACE ( 'NONE', ( #6628 ), #3810, .F. ) ;
#8546 = EDGE_CURVE ( 'NONE', #8149, #2875, #5063, .T. ) ;
#8547 = DIRECTION ( 'NONE',  ( 0.9995966148089566738, 0.02840083911567762090, -0.000000000000000000 ) ) ;
#8548 = CARTESIAN_POINT ( 'NONE',  ( 224.4860312251130949, 0.000000000000000000, -13.50000000000000000 ) ) ;
#8549 = AXIS2_PLACEMENT_3D ( 'NONE', #8495, #3164, #8407 ) ;
#8550 = CARTESIAN_POINT ( 'NONE',  ( 154.7822469004185564, -8.250923457127370853, 11.50000000000000000 ) ) ;
#8551 = ORIENTED_EDGE ( 'NONE', *, *, #2331, .F. ) ;
#8552 = AXIS2_PLACEMENT_3D ( 'NONE', #7238, #8022, #7467 ) ;
#8553 = CARTESIAN_POINT ( 'NONE',  ( 71.86491956760129085, -12.33954522765350603, 12.49999999999999822 ) ) ;
#8554 = ORIENTED_EDGE ( 'NONE', *, *, #3215, .F. ) ;
#8555 = EDGE_LOOP ( 'NONE', ( #6792, #3199 ) ) ;
#8556 = ORIENTED_EDGE ( 'NONE', *, *, #8903, .F. ) ;
#8557 = ADVANCED_FACE ( 'NONE', ( #7421 ), #6583, .T. ) ;
#8558 = VECTOR ( 'NONE', #3721, 1000.000000000000000 ) ;
#8559 = CARTESIAN_POINT ( 'NONE',  ( 14.59356986571397208, -15.11432246495105325, 13.50000000000000178 ) ) ;
#8560 = DIRECTION ( 'NONE',  ( -0.000000000000000000, -0.000000000000000000, 1.000000000000000000 ) ) ;
#8561 = EDGE_CURVE ( 'NONE', #7595, #4702, #2008, .T. ) ;
#8562 = FACE_OUTER_BOUND ( 'NONE', #3052, .T. ) ;
#8563 = DIRECTION ( 'NONE',  ( -0.000000000000000000, -0.000000000000000000, -1.000000000000000000 ) ) ;
#8564 = DIRECTION ( 'NONE',  ( 0.000000000000000000, 0.000000000000000000, 1.000000000000000000 ) ) ;
#8565 = DIRECTION ( 'NONE',  ( -0.000000000000000000, -0.000000000000000000, -1.000000000000000000 ) ) ;
#8566 = VERTEX_POINT ( 'NONE', #7276 ) ;
#8567 = FACE_OUTER_BOUND ( 'NONE', #6384, .T. ) ;
#8568 = CARTESIAN_POINT ( 'NONE',  ( 223.4044687374896228, -21.00000000000000000, 5.763984895872572345 ) ) ;
#8569 = DIRECTION ( 'NONE',  ( -0.000000000000000000, -0.000000000000000000, 1.000000000000000000 ) ) ;
#8570 = CARTESIAN_POINT ( 'NONE',  ( 131.3579021911717177, 6.357647571040812018, 12.49999999999999822 ) ) ;
#8571 = EDGE_CURVE ( 'NONE', #3385, #7669, #689, .T. ) ;
#8572 = DIRECTION ( 'NONE',  ( -0.000000000000000000, -0.000000000000000000, -1.000000000000000000 ) ) ;
#8573 = ORIENTED_EDGE ( 'NONE', *, *, #16, .F. ) ;
#8574 = DIRECTION ( 'NONE',  ( 0.000000000000000000, 0.000000000000000000, 1.000000000000000000 ) ) ;
#8575 = DIRECTION ( 'NONE',  ( 1.000000000000000000, 0.000000000000000000, 0.000000000000000000 ) ) ;
#8576 = ORIENTED_EDGE ( 'NONE', *, *, #3457, .F. ) ;
#8577 = VERTEX_POINT ( 'NONE', #1407 ) ;
#8578 = CARTESIAN_POINT ( 'NONE',  ( 65.38452561378061034, 4.483192189404533678, -13.50000000000000355 ) ) ;
#8579 = DIRECTION ( 'NONE',  ( -1.000000000000000000, 0.000000000000000000, 0.000000000000000000 ) ) ;
#8580 = CARTESIAN_POINT ( 'NONE',  ( 207.2468159746004233, 16.80559141194898487, 7.929845947881808854 ) ) ;
#8581 = CARTESIAN_POINT ( 'NONE',  ( 131.7839147779072846, -8.636301651093525322, 11.50000000000000000 ) ) ;
#8582 = CARTESIAN_POINT ( 'NONE',  ( 13.00000000000000533, 0.000000000000000000, -6.500000000000000000 ) ) ;
#8583 = ORIENTED_EDGE ( 'NONE', *, *, #7578, .T. ) ;
#8584 = VERTEX_POINT ( 'NONE', #3560 ) ;
#8585 = ORIENTED_EDGE ( 'NONE', *, *, #6366, .F. ) ;
#8586 = DIRECTION ( 'NONE',  ( -1.000000000000000000, 0.000000000000000000, 0.000000000000000000 ) ) ;
#8587 = DIRECTION ( 'NONE',  ( 0.9907978612145638131, -0.1353499102794156195, 0.000000000000000000 ) ) ;
#8588 = DIRECTION ( 'NONE',  ( -1.000000000000000000, 0.000000000000000000, 0.000000000000000000 ) ) ;
#8589 = CYLINDRICAL_SURFACE ( 'NONE', #3381, 7.499999999999978684 ) ;
#8590 = CIRCLE ( 'NONE', #9055, 0.9999999999999995559 ) ;
#8591 = FACE_OUTER_BOUND ( 'NONE', #2056, .T. ) ;
#8592 = DIRECTION ( 'NONE',  ( -0.000000000000000000, -0.000000000000000000, -1.000000000000000000 ) ) ;
#8593 = ORIENTED_EDGE ( 'NONE', *, *, #5255, .T. ) ;
#8594 = CARTESIAN_POINT ( 'NONE',  ( 183.7360312251131234, 7.500000000000000000, -13.50000000000000355 ) ) ;
#8595 = ORIENTED_EDGE ( 'NONE', *, *, #9265, .T. ) ;
#8596 = EDGE_LOOP ( 'NONE', ( #3848, #9416, #7258, #9507 ) ) ;
#8597 = ORIENTED_EDGE ( 'NONE', *, *, #5265, .T. ) ;
#8598 = EDGE_CURVE ( 'NONE', #5005, #3264, #73, .T. ) ;
#8599 = CIRCLE ( 'NONE', #1882, 0.9999999999999974465 ) ;
#8600 = FACE_OUTER_BOUND ( 'NONE', #2773, .T. ) ;
#8601 = CARTESIAN_POINT ( 'NONE',  ( 172.8604407179377915, 7.499999999999997335, 4.180218808262744723 ) ) ;
#8602 = EDGE_CURVE ( 'NONE', #6238, #4821, #847, .T. ) ;
#8603 = CARTESIAN_POINT ( 'NONE',  ( 198.8089500046939975, -7.500000000000000000, 11.50000000000000000 ) ) ;
#8604 = CARTESIAN_POINT ( 'NONE',  ( 38.65102456598012992, -5.280000000000001137, -13.50000000000000000 ) ) ;
#8605 = CIRCLE ( 'NONE', #7674, 2.000000000000001776 ) ;
#8606 = DIRECTION ( 'NONE',  ( 0.000000000000000000, 0.000000000000000000, -1.000000000000000000 ) ) ;
#8607 = CARTESIAN_POINT ( 'NONE',  ( 239.4860312251130949, 0.000000000000000000, -13.50000000000000000 ) ) ;
#8608 = VERTEX_POINT ( 'NONE', #5173 ) ;
#8609 = CARTESIAN_POINT ( 'NONE',  ( 208.6875981451970858, 17.32014576145249052, 5.000000000000027534 ) ) ;
#8610 = DIRECTION ( 'NONE',  ( -0.000000000000000000, -0.000000000000000000, 1.000000000000000000 ) ) ;
#8611 = EDGE_CURVE ( 'NONE', #8887, #5270, #4597, .T. ) ;
#8612 = EDGE_CURVE ( 'NONE', #1590, #33, #5843, .T. ) ;
#8613 = VECTOR ( 'NONE', #2572, 1000.000000000000114 ) ;
#8614 = CARTESIAN_POINT ( 'NONE',  ( 171.2360312251131234, 3.999999999999996447, -13.50000000000000355 ) ) ;
#8615 = CARTESIAN_POINT ( 'NONE',  ( 95.37242405804929035, 5.335217362875567915, -13.50000000000000355 ) ) ;
#8616 = DIRECTION ( 'NONE',  ( 0.02840083911570112293, -0.9995966148089558967, 0.000000000000000000 ) ) ;
#8617 = EDGE_LOOP ( 'NONE', ( #5609, #4092, #1176, #1057 ) ) ;
#8618 = CARTESIAN_POINT ( 'NONE',  ( 245.3099440910439739, -1.110223024625156540E-13, 5.000000000000026645 ) ) ;
#8619 = VECTOR ( 'NONE', #5732, 1000.000000000000000 ) ;
#8620 = DIRECTION ( 'NONE',  ( -0.000000000000000000, -0.000000000000000000, -1.000000000000000000 ) ) ;
#8621 = ORIENTED_EDGE ( 'NONE', *, *, #2078, .F. ) ;
#8622 = ORIENTED_EDGE ( 'NONE', *, *, #2516, .T. ) ;
#8623 = DIRECTION ( 'NONE',  ( 0.9995966148089557857, 0.02840083911570178213, 0.000000000000000000 ) ) ;
#8624 = ADVANCED_FACE ( 'NONE', ( #6656 ), #8501, .T. ) ;
#8625 = DIRECTION ( 'NONE',  ( 0.000000000000000000, 0.000000000000000000, 1.000000000000000000 ) ) ;
#8626 = AXIS2_PLACEMENT_3D ( 'NONE', #8795, #2692, #1958 ) ;
#8627 = FACE_OUTER_BOUND ( 'NONE', #4603, .T. ) ;
#8628 = DIRECTION ( 'NONE',  ( -1.000000000000000000, 0.000000000000000000, 0.000000000000000000 ) ) ;
#8629 = PLANE ( 'NONE',  #6901 ) ;
#8630 = ORIENTED_EDGE ( 'NONE', *, *, #1221, .T. ) ;
#8631 = ORIENTED_EDGE ( 'NONE', *, *, #5379, .F. ) ;
#8632 = TOROIDAL_SURFACE ( 'NONE', #3628, 19.99999999999999289, 1.000000000000000000 ) ;
#8633 = AXIS2_PLACEMENT_3D ( 'NONE', #3183, #6320, #2399 ) ;
#8634 = ORIENTED_EDGE ( 'NONE', *, *, #60, .F. ) ;
#8635 = ADVANCED_FACE ( 'NONE', ( #2939 ), #5244, .F. ) ;
#8636 = FACE_OUTER_BOUND ( 'NONE', #2838, .T. ) ;
#8637 = DIRECTION ( 'NONE',  ( -0.9995966148089560077, -0.02840083911569918698, 0.000000000000000000 ) ) ;
#8638 = CIRCLE ( 'NONE', #6441, 16.02499999999998437 ) ;
#8639 = CARTESIAN_POINT ( 'NONE',  ( 125.3887233414336606, 5.187645921537647808, -13.50000000000000355 ) ) ;
#8640 = DIRECTION ( 'NONE',  ( -0.02840083911569784778, 0.9995966148089560077, 0.000000000000000000 ) ) ;
#8641 = DIRECTION ( 'NONE',  ( 0.000000000000000000, 0.000000000000000000, 1.000000000000000000 ) ) ;
#8642 = CARTESIAN_POINT ( 'NONE',  ( 224.4860312251130949, 0.000000000000000000, 13.50000000000000000 ) ) ;
#8643 = ORIENTED_EDGE ( 'NONE', *, *, #5734, .T. ) ;
#8644 = DIRECTION ( 'NONE',  ( 1.000000000000000000, -8.881784197001197103E-16, 0.000000000000000000 ) ) ;
#8645 = ORIENTED_EDGE ( 'NONE', *, *, #2797, .T. ) ;
#8646 = ORIENTED_EDGE ( 'NONE', *, *, #2570, .T. ) ;
#8647 = ORIENTED_EDGE ( 'NONE', *, *, #8380, .F. ) ;
#8648 = CARTESIAN_POINT ( 'NONE',  ( 224.4860312251130949, 0.000000000000000000, 6.000000000000027534 ) ) ;
#8649 = LINE ( 'NONE', #6535, #8500 ) ;
#8650 = EDGE_CURVE ( 'NONE', #2875, #4105, #3979, .T. ) ;
#8651 = DIRECTION ( 'NONE',  ( -0.3809044632332377334, 0.9246144006498054901, 0.000000000000000000 ) ) ;
#8652 = CARTESIAN_POINT ( 'NONE',  ( 38.65102456598012992, -5.280000000000001137, -6.500000000000000000 ) ) ;
#8653 = CARTESIAN_POINT ( 'NONE',  ( -1.619021831450681237, -20.93749670589311052, 12.50000000000000178 ) ) ;
#8654 = DIRECTION ( 'NONE',  ( 1.000000000000000000, 0.000000000000000000, 0.000000000000000000 ) ) ;
#8655 = ORIENTED_EDGE ( 'NONE', *, *, #6105, .T. ) ;
#8656 = CARTESIAN_POINT ( 'NONE',  ( 165.7360312251131234, 56.10093993430693615, 13.50000000000000000 ) ) ;
#8657 = DIRECTION ( 'NONE',  ( 0.000000000000000000, 0.000000000000000000, 1.000000000000000000 ) ) ;
#8658 = CARTESIAN_POINT ( 'NONE',  ( 101.3984045860187422, 4.506025782760822551, -13.50000000000000355 ) ) ;
#8659 = CIRCLE ( 'NONE', #1314, 16.02499999999998437 ) ;
#8660 = AXIS2_PLACEMENT_3D ( 'NONE', #7393, #4461, #2246 ) ;
#8661 = CARTESIAN_POINT ( 'NONE',  ( 73.86411279721920664, -12.28274354942210955, 12.49999999999999822 ) ) ;
#8662 = DIRECTION ( 'NONE',  ( -0.3809044632332433400, 0.9246144006498033807, 0.000000000000000000 ) ) ;
#8663 = CARTESIAN_POINT ( 'NONE',  ( 207.1295557105115392, 18.58041311998776379, 8.257165788677186313 ) ) ;
#8664 = EDGE_CURVE ( 'NONE', #4853, #142, #1766, .T. ) ;
#8665 = ADVANCED_FACE ( 'NONE', ( #5193 ), #4286, .T. ) ;
#8666 = CARTESIAN_POINT ( 'NONE',  ( 101.4552062642501511, 2.506832553142912534, 11.50000000000000000 ) ) ;
#8667 = ORIENTED_EDGE ( 'NONE', *, *, #2466, .F. ) ;
#8668 = ORIENTED_EDGE ( 'NONE', *, *, #4964, .T. ) ;
#8669 = VECTOR ( 'NONE', #5677, 1000.000000000000000 ) ;
#8670 = CIRCLE ( 'NONE', #2727, 1.000000000000000888 ) ;
#8671 = DIRECTION ( 'NONE',  ( 1.000000000000000000, 0.000000000000000000, 0.000000000000000000 ) ) ;
#8672 = EDGE_CURVE ( 'NONE', #3847, #263, #5302, .T. ) ;
#8673 = DIRECTION ( 'NONE',  ( -0.000000000000000000, -0.000000000000000000, 1.000000000000000000 ) ) ;
#8674 = CARTESIAN_POINT ( 'NONE',  ( 225.7199390282572438, -14.32388773497551604, 7.000000000000030198 ) ) ;
#8675 = AXIS2_PLACEMENT_3D ( 'NONE', #5408, #176, #1133 ) ;
#8676 = AXIS2_PLACEMENT_3D ( 'NONE', #6079, #9054, #2352 ) ;
#8677 = DIRECTION ( 'NONE',  ( -0.000000000000000000, -0.000000000000000000, -1.000000000000000000 ) ) ;
#8678 = ADVANCED_FACE ( 'NONE', ( #3674 ), #6557, .F. ) ;
#8679 = FACE_BOUND ( 'NONE', #2055, .T. ) ;
#8680 = EDGE_LOOP ( 'NONE', ( #1543, #610, #8127, #5828 ) ) ;
#8681 = ORIENTED_EDGE ( 'NONE', *, *, #4594, .F. ) ;
#8682 = ORIENTED_EDGE ( 'NONE', *, *, #9050, .T. ) ;
#8683 = AXIS2_PLACEMENT_3D ( 'NONE', #6503, #2010, #1234 ) ;
#8684 = CARTESIAN_POINT ( 'NONE',  ( 203.6108486288813424, -10.49985664353916626, 5.167662973746644184 ) ) ;
#8685 = CARTESIAN_POINT ( 'NONE',  ( 71.89332040671699531, -13.33914184246246037, 12.49999999999999822 ) ) ;
#8686 = CARTESIAN_POINT ( 'NONE',  ( 71.41050614175006217, 3.654000609289787871, 10.49999999999999645 ) ) ;
#8687 = AXIS2_PLACEMENT_3D ( 'NONE', #426, #6341, #3402 ) ;
#8689 = EDGE_CURVE ( 'NONE', #984, #2416, #9003, .T. ) ;
#8688 = CARTESIAN_POINT ( 'NONE',  ( 224.4860312251130949, 0.000000000000000000, 4.000000000000026645 ) ) ;
#8690 = AXIS2_PLACEMENT_3D ( 'NONE', #766, #4352, #4537 ) ;
#8691 = DIRECTION ( 'NONE',  ( 0.000000000000000000, -1.000000000000000000, 0.000000000000000000 ) ) ;
#8692 = ORIENTED_EDGE ( 'NONE', *, *, #9098, .T. ) ;
#8693 = ORIENTED_EDGE ( 'NONE', *, *, #9651, .T. ) ;
#8694 = ORIENTED_EDGE ( 'NONE', *, *, #8650, .T. ) ;
#8695 = EDGE_LOOP ( 'NONE', ( #9231, #2911, #6824, #456 ) ) ;
#8696 = ORIENTED_EDGE ( 'NONE', *, *, #4069, .F. ) ;
#8697 = AXIS2_PLACEMENT_3D ( 'NONE', #2012, #7201, #6418 ) ;
#8698 = VECTOR ( 'NONE', #3839, 1000.000000000000000 ) ;
#8699 = AXIS2_PLACEMENT_3D ( 'NONE', #4979, #8640, #2571 ) ;
#8700 = DIRECTION ( 'NONE',  ( 0.000000000000000000, 0.000000000000000000, 1.000000000000000000 ) ) ;
#8701 = CARTESIAN_POINT ( 'NONE',  ( 72.81532448608425057, -10.57979226461483968, 11.50000000000000000 ) ) ;
#8702 = AXIS2_PLACEMENT_3D ( 'NONE', #2044, #5632, #9290 ) ;
#8703 = DIRECTION ( 'NONE',  ( -0.9995966148089560077, -0.02840083911569745226, 0.000000000000000000 ) ) ;
#8704 = VECTOR ( 'NONE', #8194, 1000.000000000000000 ) ;
#8705 = DIRECTION ( 'NONE',  ( -1.000000000000000000, 0.000000000000000000, 0.000000000000000000 ) ) ;
#8706 = DIRECTION ( 'NONE',  ( -0.000000000000000000, -0.000000000000000000, -1.000000000000000000 ) ) ;
#8707 = CARTESIAN_POINT ( 'NONE',  ( 65.41292645289631480, 3.483595574595578892, 10.49999999999999645 ) ) ;
#8708 = ORIENTED_EDGE ( 'NONE', *, *, #771, .T. ) ;
#8709 = CARTESIAN_POINT ( 'NONE',  ( 208.5401957541530180, 16.89704691459546737, 5.000000000000026645 ) ) ;
#8710 = CARTESIAN_POINT ( 'NONE',  ( 161.3458006354404120, 7.209672744511846254, -13.50000000000000355 ) ) ;
#8711 = AXIS2_PLACEMENT_3D ( 'NONE', #5879, #4317, #684 ) ;
#8712 = B_SPLINE_CURVE_WITH_KNOTS ( 'NONE', 3,
 ( #9179, #287, #192, #329, #3258, #149, #922, #3306 ),
 .UNSPECIFIED., .F., .F.,
 ( 4, 2, 2, 4 ),
 ( 0.000000000000000000, 0.0005118710583149881522, 0.001023742116629976304, 0.002047484233259948272 ),
 .UNSPECIFIED. ) ;
#8713 = CARTESIAN_POINT ( 'NONE',  ( 34.78824479284141802, -24.90342815168211743, 12.50000000000000000 ) ) ;
#8714 = CARTESIAN_POINT ( 'NONE',  ( 94.85564170820718743, -11.68632592799237280, 12.50000000000000000 ) ) ;
#8715 = LINE ( 'NONE', #5001, #8055 ) ;
#8716 = DIRECTION ( 'NONE',  ( 0.000000000000000000, 0.000000000000000000, 1.000000000000000000 ) ) ;
#8717 = DIRECTION ( 'NONE',  ( 0.02840083911570135886, -0.9995966148089558967, 0.000000000000000000 ) ) ;
#8718 = VERTEX_POINT ( 'NONE', #8172 ) ;
#8719 = ORIENTED_EDGE ( 'NONE', *, *, #2152, .T. ) ;
#8720 = CARTESIAN_POINT ( 'NONE',  ( 102.3984045860187422, 4.506025782760822551, -13.50000000000000355 ) ) ;
#8721 = ADVANCED_FACE ( 'NONE', ( #3626 ), #4514, .T. ) ;
#8722 = EDGE_CURVE ( 'NONE', #3177, #5762, #9433, .T. ) ;
#8723 = ADVANCED_FACE ( 'NONE', ( #3031 ), #538, .T. ) ;
#8724 = CARTESIAN_POINT ( 'NONE',  ( 64.42018293029556730, 3.213993137723573756, 10.74129772772904801 ) ) ;
#8725 = CARTESIAN_POINT ( 'NONE',  ( 203.6468128147864434, 10.48176727859273427, 5.055887648719717298 ) ) ;
#8726 = DIRECTION ( 'NONE',  ( 1.000000000000000000, 0.000000000000000000, 0.000000000000000000 ) ) ;
#8727 = CARTESIAN_POINT ( 'NONE',  ( 155.4334234639337353, 4.040477865390771584, 10.49999999999999645 ) ) ;
#8728 = EDGE_CURVE ( 'NONE', #7179, #6905, #9580, .T. ) ;
#8729 = ORIENTED_EDGE ( 'NONE', *, *, #8732, .F. ) ;
#8730 = VERTEX_POINT ( 'NONE', #2840 ) ;
#8731 = ORIENTED_EDGE ( 'NONE', *, *, #521, .F. ) ;
#8732 = EDGE_CURVE ( 'NONE', #1153, #1295, #1428, .T. ) ;
#8733 = ADVANCED_FACE ( 'NONE', ( #5149 ), #5383, .T. ) ;
#8734 = CARTESIAN_POINT ( 'NONE',  ( 201.5766971334654443, -7.401409098013123078, 7.929845947881810631 ) ) ;
#8735 = DIRECTION ( 'NONE',  ( 1.000000000000000000, 0.000000000000000000, 0.000000000000000000 ) ) ;
#8736 = CARTESIAN_POINT ( 'NONE',  ( 224.4860312251130949, -21.00000000000000000, 6.000000000000027534 ) ) ;
#8737 = CARTESIAN_POINT ( 'NONE',  ( 125.3603225023179562, 6.187242536346602151, 12.49999999999999822 ) ) ;
#8738 = DIRECTION ( 'NONE',  ( 0.000000000000000000, 0.000000000000000000, -1.000000000000000000 ) ) ;
#8739 = ORIENTED_EDGE ( 'NONE', *, *, #1974, .T. ) ;
#8740 = ORIENTED_EDGE ( 'NONE', *, *, #9434, .T. ) ;
#8741 = VERTEX_POINT ( 'NONE', #2677 ) ;
#8742 = VERTEX_POINT ( 'NONE', #5345 ) ;
#8743 = EDGE_CURVE ( 'NONE', #5740, #1411, #3365, .T. ) ;
#8744 = LINE ( 'NONE', #7968, #7437 ) ;
#8745 = FACE_OUTER_BOUND ( 'NONE', #9336, .T. ) ;
#8746 = AXIS2_PLACEMENT_3D ( 'NONE', #2962, #2227, #9565 ) ;
#8747 = CARTESIAN_POINT ( 'NONE',  ( 102.4021871233040315, 4.387098793986225154, 10.64730955306681004 ) ) ;
#8748 = CARTESIAN_POINT ( 'NONE',  ( 202.7637273377205531, -20.82488748695558911, 13.07954836594959325 ) ) ;
#8749 = DIRECTION ( 'NONE',  ( -0.9995966148089560077, -0.02840083911570178907, 0.000000000000000000 ) ) ;
#8750 = CARTESIAN_POINT ( 'NONE',  ( 71.86491956760129085, -12.33954522765350603, -13.50000000000000355 ) ) ;
#8751 = ORIENTED_EDGE ( 'NONE', *, *, #9225, .F. ) ;
#8752 = DIRECTION ( 'NONE',  ( 0.000000000000000000, 0.000000000000000000, 1.000000000000000000 ) ) ;
#8753 = AXIS2_PLACEMENT_3D ( 'NONE', #5107, #8677, #2705 ) ;
#8754 = DIRECTION ( 'NONE',  ( 0.000000000000000000, 0.000000000000000000, 1.000000000000000000 ) ) ;
#8755 = FACE_OUTER_BOUND ( 'NONE', #3644, .T. ) ;
#8756 = FACE_BOUND ( 'NONE', #8982, .T. ) ;
#8757 = TOROIDAL_SURFACE ( 'NONE', #6258, 19.99999999999999289, 1.000000000000000000 ) ;
#8758 = CARTESIAN_POINT ( 'NONE',  ( 238.3920968554715785, -0.8838712699549455820, 6.883989828398499711 ) ) ;
#8759 = FACE_OUTER_BOUND ( 'NONE', #171, .T. ) ;
#8760 = CARTESIAN_POINT ( 'NONE',  ( 189.7360312251131234, -5.500000000000003553, 5.000000000000026645 ) ) ;
#8761 = VERTEX_POINT ( 'NONE', #3135 ) ;
#8762 = EDGE_LOOP ( 'NONE', ( #289, #7017, #8135, #8159 ) ) ;
#8763 = ADVANCED_BREP_SHAPE_REPRESENTATION ( 'Tibia', ( #4996, #726 ), #1672 ) ;
#8764 = CARTESIAN_POINT ( 'NONE',  ( 207.3870059231633718, -16.06483672521567740, 6.204252744836287192 ) ) ;
#8765 = DIRECTION ( 'NONE',  ( 0.000000000000000000, 0.000000000000000000, -1.000000000000000000 ) ) ;
#8766 = CARTESIAN_POINT ( 'NONE',  ( 26.31732195313891509, -25.71037776719165535, 12.50000000000000000 ) ) ;
#8767 = VERTEX_POINT ( 'NONE', #1944 ) ;
#8768 = ORIENTED_EDGE ( 'NONE', *, *, #6568, .F. ) ;
#8769 = ORIENTED_EDGE ( 'NONE', *, *, #4413, .F. ) ;
#8770 = AXIS2_PLACEMENT_3D ( 'NONE', #6265, #5532, #8516 ) ;
#8771 = CARTESIAN_POINT ( 'NONE',  ( 203.2461142232521638, -10.68331175605943884, 6.301260587509752931 ) ) ;
#8772 = FACE_BOUND ( 'NONE', #2205, .T. ) ;
#8773 = FACE_OUTER_BOUND ( 'NONE', #8934, .T. ) ;
#8774 = DIRECTION ( 'NONE',  ( -0.000000000000000000, -0.000000000000000000, 1.000000000000000000 ) ) ;
#8775 = AXIS2_PLACEMENT_3D ( 'NONE', #277, #6961, #3249 ) ;
#8776 = LINE ( 'NONE', #7221, #8924 ) ;
#8777 = CIRCLE ( 'NONE', #2060, 2.000000000000001776 ) ;
#8778 = ORIENTED_EDGE ( 'NONE', *, *, #4465, .F. ) ;
#8779 = EDGE_CURVE ( 'NONE', #956, #993, #1472, .T. ) ;
#8780 = ORIENTED_EDGE ( 'NONE', *, *, #1930, .T. ) ;
#8781 = ADVANCED_FACE ( 'NONE', ( #4108 ), #3880, .F. ) ;
#8782 = VERTEX_POINT ( 'NONE', #9379 ) ;
#8783 = ORIENTED_EDGE ( 'NONE', *, *, #859, .F. ) ;
#8784 = AXIS2_PLACEMENT_3D ( 'NONE', #6793, #2345, #7582 ) ;
#8785 = CARTESIAN_POINT ( 'NONE',  ( 209.8794295073142848, -10.60660171779819372, -11.50000000000000000 ) ) ;
#8786 = FACE_OUTER_BOUND ( 'NONE', #3575, .T. ) ;
#8787 = DIRECTION ( 'NONE',  ( -0.000000000000000000, -0.000000000000000000, -1.000000000000000000 ) ) ;
#8788 = CARTESIAN_POINT ( 'NONE',  ( 238.9389729949565435, 1.288692086115993618, 7.000000000000026645 ) ) ;
#8789 = FACE_OUTER_BOUND ( 'NONE', #4688, .T. ) ;
#8790 = DIRECTION ( 'NONE',  ( -0.9995966148089557857, -0.02840083911570698630, 0.000000000000000000 ) ) ;
#8791 = EDGE_CURVE ( 'NONE', #2168, #1343, #3631, .T. ) ;
#8792 = FACE_OUTER_BOUND ( 'NONE', #2495, .T. ) ;
#8793 = ORIENTED_EDGE ( 'NONE', *, *, #9543, .F. ) ;
#8794 = EDGE_LOOP ( 'NONE', ( #2392, #2770 ) ) ;
#8795 = CARTESIAN_POINT ( 'NONE',  ( 224.4860312251130949, 0.000000000000000000, -12.50000000000000000 ) ) ;
#8796 = CARTESIAN_POINT ( 'NONE',  ( 0.000000000000000000, 0.000000000000000000, -5.500000000000000000 ) ) ;
#8797 = PLANE ( 'NONE',  #256 ) ;
#8798 = CARTESIAN_POINT ( 'NONE',  ( 199.0246088032624812, 8.202942793308473313, 13.02803590229240704 ) ) ;
#8799 = CARTESIAN_POINT ( 'NONE',  ( 133.8399096857565382, -10.57869320248000555, 12.49999999999999822 ) ) ;
#8800 = EDGE_CURVE ( 'NONE', #5442, #446, #6123, .T. ) ;
#8801 = DIRECTION ( 'NONE',  ( -3.965082230804130614E-15, -1.000000000000000000, 0.000000000000000000 ) ) ;
#8802 = ORIENTED_EDGE ( 'NONE', *, *, #9391, .F. ) ;
#8803 = VERTEX_POINT ( 'NONE', #1169 ) ;
#8804 = DIRECTION ( 'NONE',  ( -0.000000000000000000, -0.000000000000000000, 1.000000000000000000 ) ) ;
#8805 = AXIS2_PLACEMENT_3D ( 'NONE', #2480, #1802, #5477 ) ;
#8806 = TOROIDAL_SURFACE ( 'NONE', #1657, 1.999999999999998668, 1.000000000000000000 ) ;
#8807 = CARTESIAN_POINT ( 'NONE',  ( 24.54852523620924387, 16.65140590825153666, -13.50000000000000000 ) ) ;
#8808 = DIRECTION ( 'NONE',  ( 1.000000000000000000, 0.000000000000000000, 0.000000000000000000 ) ) ;
#8809 = DIRECTION ( 'NONE',  ( 0.000000000000000000, 0.000000000000000000, -1.000000000000000000 ) ) ;
#8810 = DIRECTION ( 'NONE',  ( -0.000000000000000000, -0.000000000000000000, 1.000000000000000000 ) ) ;
#8811 = CIRCLE ( 'NONE', #5071, 13.00000000000000533 ) ;
#8812 = AXIS2_PLACEMENT_3D ( 'NONE', #527, #5630, #9475 ) ;
#8813 = CIRCLE ( 'NONE', #3194, 0.9999999999999998890 ) ;
#8814 = DIRECTION ( 'NONE',  ( -0.000000000000000000, -0.000000000000000000, -1.000000000000000000 ) ) ;
#8815 = EDGE_LOOP ( 'NONE', ( #9250, #7456, #3054, #1284, #9387, #2487, #418 ) ) ;
#8816 = ORIENTED_EDGE ( 'NONE', *, *, #8611, .F. ) ;
#8817 = EDGE_CURVE ( 'NONE', #4433, #2355, #2350, .T. ) ;
#8818 = ORIENTED_EDGE ( 'NONE', *, *, #8849, .F. ) ;
#8819 = VECTOR ( 'NONE', #7046, 1000.000000000000000 ) ;
#8820 = CIRCLE ( 'NONE', #1030, 1.000000000000000888 ) ;
#8821 = DIRECTION ( 'NONE',  ( 0.000000000000000000, 0.000000000000000000, 1.000000000000000000 ) ) ;
#8822 = LINE ( 'NONE', #3549, #8192 ) ;
#8823 = DIRECTION ( 'NONE',  ( -0.000000000000000000, -0.000000000000000000, -1.000000000000000000 ) ) ;
#8824 = CARTESIAN_POINT ( 'NONE',  ( 204.0241037577871737, 19.86913371951657226, 13.50000000000000178 ) ) ;
#8825 = DIRECTION ( 'NONE',  ( -0.02840083911570533831, 0.9995966148089558967, 0.000000000000000000 ) ) ;
#8826 = ORIENTED_EDGE ( 'NONE', *, *, #7956, .F. ) ;
#8827 = VERTEX_POINT ( 'NONE', #9337 ) ;
#8828 = VECTOR ( 'NONE', #2481, 1000.000000000000000 ) ;
#8829 = ORIENTED_EDGE ( 'NONE', *, *, #7897, .F. ) ;
#8830 = ORIENTED_EDGE ( 'NONE', *, *, #3223, .F. ) ;
#8831 = EDGE_CURVE ( 'NONE', #5451, #3040, #5577, .T. ) ;
#8832 = DIRECTION ( 'NONE',  ( 1.000000000000000000, 0.000000000000000000, 0.000000000000000000 ) ) ;
#8833 = ADVANCED_FACE ( 'NONE', ( #8600 ), #6936, .F. ) ;
#8834 = DIRECTION ( 'NONE',  ( 1.000000000000000000, 0.000000000000000000, 0.000000000000000000 ) ) ;
#8835 = VECTOR ( 'NONE', #9283, 1000.000000000000000 ) ;
#8836 = DIRECTION ( 'NONE',  ( 1.000000000000000000, 0.000000000000000000, 0.000000000000000000 ) ) ;
#8837 = CARTESIAN_POINT ( 'NONE',  ( 213.8794295073149101, 10.60660171779823457, -13.50000000000000000 ) ) ;
#8838 = CARTESIAN_POINT ( 'NONE',  ( 5.923161627867837176, 20.14736102645091265, -12.50000000000000000 ) ) ;
#8839 = AXIS2_PLACEMENT_3D ( 'NONE', #2936, #4511, #8998 ) ;
#8840 = CARTESIAN_POINT ( 'NONE',  ( 194.4988238173579020, 19.99999999999999645, 13.50000000000000000 ) ) ;
#8841 = ORIENTED_EDGE ( 'NONE', *, *, #9503, .F. ) ;
#8842 = AXIS2_PLACEMENT_3D ( 'NONE', #1360, #7324, #3558 ) ;
#8844 = EDGE_CURVE ( 'NONE', #6375, #8908, #5224, .T. ) ;
#8843 = CARTESIAN_POINT ( 'NONE',  ( 131.8407164561386651, -10.63549488071143578, -13.50000000000000355 ) ) ;
#8845 = VERTEX_POINT ( 'NONE', #7140 ) ;
#8846 = ORIENTED_EDGE ( 'NONE', *, *, #2871, .T. ) ;
#8847 = CIRCLE ( 'NONE', #4954, 19.99999999999996803 ) ;
#8848 = CIRCLE ( 'NONE', #423, 1.000000000000002887 ) ;
#8849 = EDGE_CURVE ( 'NONE', #8761, #8148, #1004, .T. ) ;
#8850 = EDGE_CURVE ( 'NONE', #9568, #4628, #2088, .T. ) ;
#8851 = CARTESIAN_POINT ( 'NONE',  ( 102.8524146266789216, -11.45911921506676556, 11.50000000000000000 ) ) ;
#8852 = AXIS2_PLACEMENT_3D ( 'NONE', #312, #2700, #8671 ) ;
#8853 = DIRECTION ( 'NONE',  ( 0.9995966148089557857, 0.02840083911570534178, 6.158450293931799428E-18 ) ) ;
#8854 = DIRECTION ( 'NONE',  ( -1.000000000000000000, 0.000000000000000000, 0.000000000000000000 ) ) ;
#8855 = AXIS2_PLACEMENT_3D ( 'NONE', #5654, #414, #8628 ) ;
#8856 = FACE_OUTER_BOUND ( 'NONE', #4273, .T. ) ;
#8857 = CARTESIAN_POINT ( 'NONE',  ( 189.7360312251131234, 6.500000000000000888, -13.50000000000000355 ) ) ;
#8858 = CARTESIAN_POINT ( 'NONE',  ( 162.3737980893650956, 6.238476968818615909, 10.49999999999999645 ) ) ;
#8859 = ORIENTED_EDGE ( 'NONE', *, *, #1149, .T. ) ;
#8860 = TOROIDAL_SURFACE ( 'NONE', #3394, 40.46244800476959824, 1.000000000000000000 ) ;
#8861 = CARTESIAN_POINT ( 'NONE',  ( 0.000000000000000000, 0.000000000000000000, 13.50000000000000000 ) ) ;
#8862 = CARTESIAN_POINT ( 'NONE',  ( 23.53903642683990327, 56.10093993430693615, -13.50000000000000000 ) ) ;
#8863 = EDGE_CURVE ( 'NONE', #4857, #3209, #337, .T. ) ;
#8864 = DIRECTION ( 'NONE',  ( 0.9995966148089557857, 0.02840083911570142478, -0.000000000000000000 ) ) ;
#8865 =( NAMED_UNIT ( * ) SI_UNIT ( $, .STERADIAN. ) SOLID_ANGLE_UNIT ( ) );
#8866 = CYLINDRICAL_SURFACE ( 'NONE', #8753, 4.000000000000003553 ) ;
#8867 = CARTESIAN_POINT ( 'NONE',  ( 101.3984045860187422, 4.506025782760822551, 13.50000000000000000 ) ) ;
#8868 = VERTEX_POINT ( 'NONE', #2633 ) ;
#8869 = VERTEX_POINT ( 'NONE', #9099 ) ;
#8870 = ORIENTED_EDGE ( 'NONE', *, *, #9428, .F. ) ;
#8871 = CARTESIAN_POINT ( 'NONE',  ( 63.41373322327839901, 3.426793896364200176, 13.50000000000000000 ) ) ;
#8872 = LINE ( 'NONE', #5898, #4612 ) ;
#8873 = LINE ( 'NONE', #5207, #1048 ) ;
#8874 = CARTESIAN_POINT ( 'NONE',  ( 154.3770251708933756, 6.011270255893026437, 12.49999999999999822 ) ) ;
#8875 = VERTEX_POINT ( 'NONE', #2394 ) ;
#8876 = ORIENTED_EDGE ( 'NONE', *, *, #3526, .T. ) ;
#8877 = VERTEX_POINT ( 'NONE', #1898 ) ;
#8878 = ORIENTED_EDGE ( 'NONE', *, *, #8571, .T. ) ;
#8879 = CARTESIAN_POINT ( 'NONE',  ( 73.86411279721919243, -12.28274354942210778, 13.50000000000000000 ) ) ;
#8880 = DIRECTION ( 'NONE',  ( 0.000000000000000000, 0.000000000000000000, 1.000000000000000000 ) ) ;
#8881 = DIRECTION ( 'NONE',  ( 0.000000000000000000, 0.000000000000000000, 1.000000000000000000 ) ) ;
#8882 = CARTESIAN_POINT ( 'NONE',  ( 124.4193854050377297, 4.094259911136639118, 11.35151115349260031 ) ) ;
#8883 = DIRECTION ( 'NONE',  ( -0.000000000000000000, -0.000000000000000000, -1.000000000000000000 ) ) ;
#8884 = DIRECTION ( 'NONE',  ( -0.000000000000000000, -0.000000000000000000, -1.000000000000000000 ) ) ;
#8885 = ORIENTED_EDGE ( 'NONE', *, *, #2851, .F. ) ;
#8886 = DIRECTION ( 'NONE',  ( -0.02840083911570534872, 0.9995966148089557857, 0.000000000000000000 ) ) ;
#8887 = VERTEX_POINT ( 'NONE', #5395 ) ;
#8888 = VERTEX_POINT ( 'NONE', #6302 ) ;
#8889 = LINE ( 'NONE', #48, #8184 ) ;
#8890 = DIRECTION ( 'NONE',  ( 1.000000000000000000, 0.000000000000000000, 0.000000000000000000 ) ) ;
#8891 = CYLINDRICAL_SURFACE ( 'NONE', #9149, 0.9999999999999998890 ) ;
#8892 = CARTESIAN_POINT ( 'NONE',  ( 198.9645863276948603, 8.014246849346044144, 12.84528387020987061 ) ) ;
#8893 = DIRECTION ( 'NONE',  ( -0.000000000000000000, -0.000000000000000000, -1.000000000000000000 ) ) ;
#8894 = CARTESIAN_POINT ( 'NONE',  ( 0.000000000000000000, 0.000000000000000000, -13.50000000000000000 ) ) ;
#8895 = FACE_OUTER_BOUND ( 'NONE', #4665, .T. ) ;
#8896 = ORIENTED_EDGE ( 'NONE', *, *, #7431, .F. ) ;
#8897 = EDGE_CURVE ( 'NONE', #1683, #225, #3502, .T. ) ;
#8898 = EDGE_CURVE ( 'NONE', #8877, #8145, #8963, .T. ) ;
#8899 = FACE_OUTER_BOUND ( 'NONE', #2319, .T. ) ;
#8900 = AXIS2_PLACEMENT_3D ( 'NONE', #2985, #9104, #6753 ) ;
#8901 = CARTESIAN_POINT ( 'NONE',  ( 23.53903642683990327, -19.99999999999999645, 13.50000000000000000 ) ) ;
#8902 = CARTESIAN_POINT ( 'NONE',  ( 124.8294332035175813, -10.33779224058099366, 10.97266034936141921 ) ) ;
#8903 = EDGE_CURVE ( 'NONE', #2160, #3151, #3341, .T. ) ;
#8904 = CARTESIAN_POINT ( 'NONE',  ( 71.92172124583269976, -14.33873845727141472, 12.49999999999999822 ) ) ;
#8905 = DIRECTION ( 'NONE',  ( -0.9995966148089558967, -0.02840083911569957556, 0.000000000000000000 ) ) ;
#8906 = VERTEX_POINT ( 'NONE', #670 ) ;
#8907 = AXIS2_PLACEMENT_3D ( 'NONE', #9383, #4991, #8705 ) ;
#8908 = VERTEX_POINT ( 'NONE', #522 ) ;
#8909 = ADVANCED_FACE ( 'NONE', ( #2864 ), #8806, .T. ) ;
#8910 = EDGE_LOOP ( 'NONE', ( #969, #6188, #3117, #4348 ) ) ;
#8911 = DIRECTION ( 'NONE',  ( 0.02840083911570150110, -0.9995966148089558967, 0.000000000000000000 ) ) ;
#8912 = AXIS2_PLACEMENT_3D ( 'NONE', #4538, #4396, #41 ) ;
#8913 = FACE_BOUND ( 'NONE', #3073, .T. ) ;
#8914 = DIRECTION ( 'NONE',  ( -0.1353499102794153697, -0.9907978612145639241, 0.000000000000000000 ) ) ;
#8915 = DIRECTION ( 'NONE',  ( 1.000000000000000000, 0.000000000000000000, 0.000000000000000000 ) ) ;
#8916 = EDGE_LOOP ( 'NONE', ( #3757, #6842, #5463, #320 ) ) ;
#8917 = ORIENTED_EDGE ( 'NONE', *, *, #899, .T. ) ;
#8918 = EDGE_CURVE ( 'NONE', #2126, #405, #6811, .T. ) ;
#8919 = CIRCLE ( 'NONE', #4714, 1.000000000000000888 ) ;
#8920 = ORIENTED_EDGE ( 'NONE', *, *, #9635, .F. ) ;
#8921 = VERTEX_POINT ( 'NONE', #2132 ) ;
#8922 = DIRECTION ( 'NONE',  ( 0.9995966148089560077, 0.02840083911569871167, 0.000000000000000000 ) ) ;
#8923 = DIRECTION ( 'NONE',  ( -0.000000000000000000, -0.000000000000000000, 1.000000000000000000 ) ) ;
#8924 = VECTOR ( 'NONE', #9506, 1000.000000000000000 ) ;
#8925 = CARTESIAN_POINT ( 'NONE',  ( 194.4860312251157950, -20.99999999999995737, -13.08578643762690241 ) ) ;
#8926 = VECTOR ( 'NONE', #5450, 1000.000000000000114 ) ;
#8927 = DIRECTION ( 'NONE',  ( 0.000000000000000000, 0.000000000000000000, 1.000000000000000000 ) ) ;
#8928 = B_SPLINE_CURVE_WITH_KNOTS ( 'NONE', 3,
 ( #2681, #4258, #626, #4210, #5629, #525, #6404, #2041, #7186, #3508 ),
 .UNSPECIFIED., .F., .F.,
 ( 4, 2, 2, 2, 4 ),
 ( 0.000000000000000000, 0.0005434095862230920023, 0.001086819172446184005, 0.001630228758669275899, 0.002173638344892368009 ),
 .UNSPECIFIED. ) ;
#8929 = DIRECTION ( 'NONE',  ( 1.000000000000000000, 0.000000000000000000, 0.000000000000000000 ) ) ;
#8930 = CARTESIAN_POINT ( 'NONE',  ( 132.4302648596434153, 3.824972639897858961, 11.50000000000000178 ) ) ;
#8931 = ORIENTED_EDGE ( 'NONE', *, *, #9441, .F. ) ;
#8932 = CARTESIAN_POINT ( 'NONE',  ( 231.1593577652478757, 19.95822025116368081, 7.000000000000026645 ) ) ;
#8933 = ORIENTED_EDGE ( 'NONE', *, *, #7371, .T. ) ;
#8934 = EDGE_LOOP ( 'NONE', ( #2719, #5816, #7885, #1895 ) ) ;
#8935 = VECTOR ( 'NONE', #501, 1000.000000000000000 ) ;
#8936 = EDGE_CURVE ( 'NONE', #279, #2180, #8744, .T. ) ;
#8937 = LINE ( 'NONE', #3615, #8956 ) ;
#8938 = CARTESIAN_POINT ( 'NONE',  ( 213.8794295073149101, 10.60660171779823457, -11.50000000000000000 ) ) ;
#8939 = CARTESIAN_POINT ( 'NONE',  ( 194.4860312251130949, 21.00000000000000000, 12.50000000000000178 ) ) ;
#8940 = AXIS2_PLACEMENT_3D ( 'NONE', #647, #604, #5105 ) ;
#8941 = CARTESIAN_POINT ( 'NONE',  ( 223.0860312251130892, 15.00000000000000000, -13.50000000000000000 ) ) ;
#8942 = CARTESIAN_POINT ( 'NONE',  ( 12.12638788438997395, 17.28134241211205691, 12.50000000000000000 ) ) ;
#8943 = ORIENTED_EDGE ( 'NONE', *, *, #5704, .T. ) ;
#8944 = DIRECTION ( 'NONE',  ( -0.000000000000000000, -0.000000000000000000, 1.000000000000000000 ) ) ;
#8945 = DIRECTION ( 'NONE',  ( 1.000000000000000000, 0.000000000000000000, 0.000000000000000000 ) ) ;
#8946 = EDGE_LOOP ( 'NONE', ( #5837, #9467, #6577, #8006 ) ) ;
#8947 = DIRECTION ( 'NONE',  ( 1.000000000000000000, 0.000000000000000000, 0.000000000000000000 ) ) ;
#8948 = DIRECTION ( 'NONE',  ( -0.000000000000000000, -0.000000000000000000, -1.000000000000000000 ) ) ;
#8949 = CYLINDRICAL_SURFACE ( 'NONE', #496, 12.00000000000000533 ) ;
#8950 = EDGE_CURVE ( 'NONE', #3310, #2631, #4392, .T. ) ;
#8951 = EDGE_CURVE ( 'NONE', #4445, #4868, #2721, .T. ) ;
#8952 = DIRECTION ( 'NONE',  ( -1.000000000000000000, 0.000000000000000000, -0.000000000000000000 ) ) ;
#8953 = FACE_OUTER_BOUND ( 'NONE', #1542, .T. ) ;
#8954 = ORIENTED_EDGE ( 'NONE', *, *, #7312, .T. ) ;
#8955 = EDGE_LOOP ( 'NONE', ( #46, #6823, #9184, #750 ) ) ;
#8956 = VECTOR ( 'NONE', #3661, 1000.000000000000227 ) ;
#8957 = ADVANCED_FACE ( 'NONE', ( #1265 ), #3503, .T. ) ;
#8958 = ORIENTED_EDGE ( 'NONE', *, *, #7515, .T. ) ;
#8959 = CARTESIAN_POINT ( 'NONE',  ( 155.7742335333221604, -7.954681512316700953, 10.49999999999999822 ) ) ;
#8960 = PLANE ( 'NONE',  #6943 ) ;
#8961 = EDGE_CURVE ( 'NONE', #5351, #5669, #6962, .T. ) ;
#8962 = CIRCLE ( 'NONE', #7557, 2.000000000000001776 ) ;
#8963 = CIRCLE ( 'NONE', #7094, 1.000000000000000888 ) ;
#8964 = FACE_OUTER_BOUND ( 'NONE', #7866, .T. ) ;
#8965 = LINE ( 'NONE', #4343, #5042 ) ;
#8966 = ORIENTED_EDGE ( 'NONE', *, *, #3773, .F. ) ;
#8967 = VERTEX_POINT ( 'NONE', #5906 ) ;
#8968 = VERTEX_POINT ( 'NONE', #8879 ) ;
#8969 = ORIENTED_EDGE ( 'NONE', *, *, #6090, .T. ) ;
#8970 = AXIS2_PLACEMENT_3D ( 'NONE', #4350, #7325, #2919 ) ;
#8972 = DIRECTION ( 'NONE',  ( -0.02840083911569146746, 0.9995966148089561187, 0.000000000000000000 ) ) ;
#8971 = CIRCLE ( 'NONE', #4767, 1.000000000000000888 ) ;
#8973 = CARTESIAN_POINT ( 'NONE',  ( 210.3412021812686419, -20.99999999996423483, 9.341230042941413458 ) ) ;
#8974 = CARTESIAN_POINT ( 'NONE',  ( 217.5514232202395704, -17.96712939168154222, 7.000000000000026645 ) ) ;
#8975 = EDGE_CURVE ( 'NONE', #9058, #7257, #8210, .T. ) ;
#8976 = DIRECTION ( 'NONE',  ( 1.000000000000000000, 0.000000000000000000, 0.000000000000000000 ) ) ;
#8977 = CARTESIAN_POINT ( 'NONE',  ( 38.65102456598012992, -5.280000000000001137, -6.500000000000000000 ) ) ;
#8978 = VECTOR ( 'NONE', #5594, 1000.000000000000227 ) ;
#8979 = CIRCLE ( 'NONE', #2576, 1.000000000000000888 ) ;
#8980 = CARTESIAN_POINT ( 'NONE',  ( 213.8794295073149101, 10.60660171779823457, -13.50000000000000000 ) ) ;
#8981 = CARTESIAN_POINT ( 'NONE',  ( -17.02499999999999858, -2.084961175548368816E-15, -12.50000000000000000 ) ) ;
#8982 = EDGE_LOOP ( 'NONE', ( #3754, #4770 ) ) ;
#8983 = CARTESIAN_POINT ( 'NONE',  ( 203.8955174529429257, -19.99999999999999645, 13.50000000000000000 ) ) ;
#8984 = VERTEX_POINT ( 'NONE', #8785 ) ;
#8985 = ORIENTED_EDGE ( 'NONE', *, *, #1852, .T. ) ;
#8986 = VERTEX_POINT ( 'NONE', #6534 ) ;
#8987 = TOROIDAL_SURFACE ( 'NONE', #5872, 1.999999999999998668, 1.000000000000000000 ) ;
#8988 = DIRECTION ( 'NONE',  ( 1.000000000000000000, 0.000000000000000000, 0.000000000000000000 ) ) ;
#8989 = CARTESIAN_POINT ( 'NONE',  ( 55.67602456598011429, -5.280000000000001137, -12.50000000000000000 ) ) ;
#8990 = VECTOR ( 'NONE', #1187, 1000.000000000000000 ) ;
#8991 = CARTESIAN_POINT ( 'NONE',  ( 101.3984045860187422, 4.506025782760822551, 10.49999999999999645 ) ) ;
#8992 = VECTOR ( 'NONE', #4776, 1000.000000000000000 ) ;
#8993 = CARTESIAN_POINT ( 'NONE',  ( 218.4760376208894286, 18.34803385491477812, 7.000000000000026645 ) ) ;
#8994 = CARTESIAN_POINT ( 'NONE',  ( 203.0383809277813612, -21.00000000000000000, 9.984810443491042520 ) ) ;
#8995 = VERTEX_POINT ( 'NONE', #622 ) ;
#8996 = CARTESIAN_POINT ( 'NONE',  ( 39.32982670407120906, -25.26847737215926060, 13.50000000000000000 ) ) ;
#8997 = AXIS2_PLACEMENT_3D ( 'NONE', #6102, #1790, #2423 ) ;
#8998 = DIRECTION ( 'NONE',  ( -1.000000000000000000, 0.000000000000000000, 0.000000000000000000 ) ) ;
#8999 = ORIENTED_EDGE ( 'NONE', *, *, #3048, .F. ) ;
#9000 = CARTESIAN_POINT ( 'NONE',  ( 215.4860312251130949, 1.102182119232619094E-15, 2.688821387764050996E-14 ) ) ;
#9001 = TOROIDAL_SURFACE ( 'NONE', #1824, 1.999999999999999556, 1.000000000000000000 ) ;
#9002 = VECTOR ( 'NONE', #4559, 1000.000000000000227 ) ;
#9003 = LINE ( 'NONE', #8901, #1315 ) ;
#9004 = DIRECTION ( 'NONE',  ( -0.9593981441167123148, 0.2820553156127501571, 0.000000000000000000 ) ) ;
#9005 = CIRCLE ( 'NONE', #578, 19.99999999999998934 ) ;
#9006 = DIRECTION ( 'NONE',  ( 1.000000000000000000, 6.071532165918819308E-15, 0.000000000000000000 ) ) ;
#9007 = DIRECTION ( 'NONE',  ( 0.000000000000000000, 0.000000000000000000, 1.000000000000000000 ) ) ;
#9008 = AXIS2_PLACEMENT_3D ( 'NONE', #8553, #4103, #9273 ) ;
#9009 = CIRCLE ( 'NONE', #4806, 1.000000000000000000 ) ;
#9010 = CARTESIAN_POINT ( 'NONE',  ( 201.8938617304666820, 21.00000000000000000, 12.50000000000000178 ) ) ;
#9011 = ORIENTED_EDGE ( 'NONE', *, *, #8612, .F. ) ;
#9012 = ORIENTED_EDGE ( 'NONE', *, *, #3094, .T. ) ;
#9013 = ORIENTED_EDGE ( 'NONE', *, *, #7460, .T. ) ;
#9014 = EDGE_CURVE ( 'NONE', #1401, #4814, #4251, .T. ) ;
#9015 = EDGE_CURVE ( 'NONE', #3724, #5692, #5075, .T. ) ;
#9016 = AXIS2_PLACEMENT_3D ( 'NONE', #1422, #7439, #4408 ) ;
#9017 = DIRECTION ( 'NONE',  ( 1.000000000000000000, 0.000000000000000000, 0.000000000000000000 ) ) ;
#9018 = CARTESIAN_POINT ( 'NONE',  ( 209.8794295073149101, 10.60660171779823457, -13.50000000000000000 ) ) ;
#9019 = EDGE_CURVE ( 'NONE', #9274, #1352, #2171, .T. ) ;
#9020 = LINE ( 'NONE', #2313, #9324 ) ;
#9021 = CARTESIAN_POINT ( 'NONE',  ( 231.0926329429107113, -10.60660171779883321, -13.50000000000000000 ) ) ;
#9022 = ORIENTED_EDGE ( 'NONE', *, *, #1930, .F. ) ;
#9023 = ORIENTED_EDGE ( 'NONE', *, *, #1607, .T. ) ;
#9024 = EDGE_LOOP ( 'NONE', ( #4544, #7584, #268, #1713 ) ) ;
#9025 = EDGE_LOOP ( 'NONE', ( #2429, #3152, #6869, #1881 ) ) ;
#9026 = EDGE_CURVE ( 'NONE', #8094, #1370, #5857, .T. ) ;
#9027 = EDGE_CURVE ( 'NONE', #8511, #3140, #2273, .T. ) ;
#9028 = DIRECTION ( 'NONE',  ( -0.9246144006498068224, -0.3809044632332345137, 0.000000000000000000 ) ) ;
#9029 = CARTESIAN_POINT ( 'NONE',  ( 204.6682955106475674, -16.21098511250743357, 12.21549165368043965 ) ) ;
#9030 = FACE_OUTER_BOUND ( 'NONE', #9554, .T. ) ;
#9031 = LINE ( 'NONE', #1595, #9444 ) ;
#9032 = EDGE_CURVE ( 'NONE', #4677, #1343, #3458, .T. ) ;
#9033 = CARTESIAN_POINT ( 'NONE',  ( 224.4860312251130665, -20.82391286593089674, 6.000000000000026645 ) ) ;
#9034 = CARTESIAN_POINT ( 'NONE',  ( 194.4988238173581294, 20.00000000000000000, -13.50000000000000000 ) ) ;
#9035 = DIRECTION ( 'NONE',  ( -0.000000000000000000, -0.000000000000000000, 1.000000000000000000 ) ) ;
#9036 = EDGE_LOOP ( 'NONE', ( #155, #798, #2758, #4590 ) ) ;
#9037 = CARTESIAN_POINT ( 'NONE',  ( 94.85564170820718743, -11.68632592799237280, 10.49999999999999645 ) ) ;
#9038 = ORIENTED_EDGE ( 'NONE', *, *, #3336, .F. ) ;
#9039 = ORIENTED_EDGE ( 'NONE', *, *, #3471, .T. ) ;
#9040 = EDGE_LOOP ( 'NONE', ( #5982, #4588 ) ) ;
#9041 = ADVANCED_FACE ( 'NONE', ( #4297 ), #3154, .F. ) ;
#9042 = DIRECTION ( 'NONE',  ( 0.9995966148089558967, 0.02840083911569927372, 0.000000000000000000 ) ) ;
#9043 = CARTESIAN_POINT ( 'NONE',  ( 213.8794295073142848, -10.60660171779819372, -13.50000000000000000 ) ) ;
#9044 = FACE_OUTER_BOUND ( 'NONE', #2698, .T. ) ;
#9045 = DIRECTION ( 'NONE',  ( 0.000000000000000000, 0.000000000000000000, -1.000000000000000000 ) ) ;
#9046 = VERTEX_POINT ( 'NONE', #2324 ) ;
#9047 = DIRECTION ( 'NONE',  ( 0.9995966148089560077, 0.02840083911570143171, -0.000000000000000000 ) ) ;
#9048 = DIRECTION ( 'NONE',  ( 1.000000000000000000, 0.000000000000000000, 0.000000000000000000 ) ) ;
#9049 = ORIENTED_EDGE ( 'NONE', *, *, #8936, .F. ) ;
#9050 = EDGE_CURVE ( 'NONE', #8845, #1684, #3214, .T. ) ;
#9051 = DIRECTION ( 'NONE',  ( 1.000000000000000000, 0.000000000000000000, 0.000000000000000000 ) ) ;
#9052 = CARTESIAN_POINT ( 'NONE',  ( 161.8286149004072740, -9.783469707240403324, 12.49999999999999822 ) ) ;
#9053 = DIRECTION ( 'NONE',  ( -1.000000000000000000, 0.000000000000000000, 0.000000000000000000 ) ) ;
#9054 = DIRECTION ( 'NONE',  ( 0.9995966148089562298, 0.02840083911569148134, -1.387218971372832423E-14 ) ) ;
#9055 = AXIS2_PLACEMENT_3D ( 'NONE', #2474, #5426, #8404 ) ;
#9056 = CARTESIAN_POINT ( 'NONE',  ( 161.4026023136717924, 5.210479514893926023, -13.50000000000000000 ) ) ;
#9057 = DIRECTION ( 'NONE',  ( 0.2820553156127501571, 0.9593981441167123148, -0.000000000000000000 ) ) ;
#9058 = VERTEX_POINT ( 'NONE', #8290 ) ;
#9059 = ORIENTED_EDGE ( 'NONE', *, *, #2466, .T. ) ;
#9060 = ORIENTED_EDGE ( 'NONE', *, *, #1482, .T. ) ;
#9061 = VECTOR ( 'NONE', #9007, 1000.000000000000000 ) ;
#9062 = LINE ( 'NONE', #8871, #7291 ) ;
#9063 = CARTESIAN_POINT ( 'NONE',  ( 183.7360312251131234, -7.499999999999995559, -13.50000000000000355 ) ) ;
#9064 = ADVANCED_FACE ( 'NONE', ( #3005 ), #7281, .T. ) ;
#9065 = DIRECTION ( 'NONE',  ( 0.000000000000000000, 0.000000000000000000, -1.000000000000000000 ) ) ;
#9066 = CARTESIAN_POINT ( 'NONE',  ( 131.4147038694031266, 4.358454341422894451, -13.50000000000000000 ) ) ;
#9067 = EDGE_LOOP ( 'NONE', ( #5783, #2968, #7399, #5689 ) ) ;
#9068 = EDGE_LOOP ( 'NONE', ( #3867, #9374, #5754, #7499, #8630, #9070, #5376 ) ) ;
#9069 = VERTEX_POINT ( 'NONE', #1549 ) ;
#9070 = ORIENTED_EDGE ( 'NONE', *, *, #3542, .F. ) ;
#9071 = CARTESIAN_POINT ( 'NONE',  ( 231.2677517038400765, 19.87525411892017146, 7.000000000000025757 ) ) ;
#9072 = AXIS2_PLACEMENT_3D ( 'NONE', #6976, #3998, #6834 ) ;
#9073 = CARTESIAN_POINT ( 'NONE',  ( 208.1594607883767196, -16.24899856664258380, 5.000000000000060396 ) ) ;
#9074 = CYLINDRICAL_SURFACE ( 'NONE', #4766, 1.000000000000000222 ) ;
#9075 = DIRECTION ( 'NONE',  ( 0.000000000000000000, 0.000000000000000000, 1.000000000000000000 ) ) ;
#9076 = ADVANCED_FACE ( 'NONE', ( #7511 ), #3901, .F. ) ;
#9077 = EDGE_CURVE ( 'NONE', #8868, #8483, #810, .T. ) ;
#9078 = CYLINDRICAL_SURFACE ( 'NONE', #7913, 4.000000000000003553 ) ;
#9079 = FACE_OUTER_BOUND ( 'NONE', #8916, .T. ) ;
#9080 = DIRECTION ( 'NONE',  ( 1.000000000000000000, 1.224646799147353454E-16, 0.000000000000000000 ) ) ;
#9081 = UNCERTAINTY_MEASURE_WITH_UNIT (LENGTH_MEASURE( 1.000000000000000082E-05 ), #6424, 'distance_accuracy_value', 'NONE');
#9082 = ORIENTED_EDGE ( 'NONE', *, *, #2036, .F. ) ;
#9083 = CARTESIAN_POINT ( 'NONE',  ( 0.000000000000000000, 0.000000000000000000, -6.500000000000000000 ) ) ;
#9084 = ORIENTED_EDGE ( 'NONE', *, *, #1680, .F. ) ;
#9085 = EDGE_LOOP ( 'NONE', ( #3024, #8870 ) ) ;
#9086 = ORIENTED_EDGE ( 'NONE', *, *, #1449, .F. ) ;
#9087 = CARTESIAN_POINT ( 'NONE',  ( 201.9809157941723754, 20.99999999999998934, 12.56012402353499802 ) ) ;
#9088 = ADVANCED_FACE ( 'NONE', ( #716 ), #882, .F. ) ;
#9089 = LINE ( 'NONE', #6115, #6797 ) ;
#9090 = FACE_OUTER_BOUND ( 'NONE', #875, .T. ) ;
#9091 = DIRECTION ( 'NONE',  ( 1.000000000000000000, 0.000000000000000000, -0.000000000000000000 ) ) ;
#9092 = ORIENTED_EDGE ( 'NONE', *, *, #7335, .F. ) ;
#9093 = DIRECTION ( 'NONE',  ( -0.000000000000000000, -0.000000000000000000, 1.000000000000000000 ) ) ;
#9094 = AXIS2_PLACEMENT_3D ( 'NONE', #8435, #4042, #5502 ) ;
#9095 = LINE ( 'NONE', #7684, #6201 ) ;
#9096 = ORIENTED_EDGE ( 'NONE', *, *, #7978, .T. ) ;
#9097 = FACE_OUTER_BOUND ( 'NONE', #3634, .T. ) ;
#9098 = EDGE_CURVE ( 'NONE', #6141, #1302, #4165, .T. ) ;
#9099 = CARTESIAN_POINT ( 'NONE',  ( 162.8286149004072740, -9.783469707240403324, -13.50000000000000355 ) ) ;
#9100 = DIRECTION ( 'NONE',  ( -0.000000000000000000, -0.000000000000000000, 1.000000000000000000 ) ) ;
#9101 = AXIS2_PLACEMENT_3D ( 'NONE', #1970, #9492, #4326 ) ;
#9102 = ADVANCED_FACE ( 'NONE', ( #187 ), #7360, .T. ) ;
#9103 = DIRECTION ( 'NONE',  ( 0.000000000000000000, 0.000000000000000000, -1.000000000000000000 ) ) ;
#9104 = DIRECTION ( 'NONE',  ( 0.000000000000000000, 0.000000000000000000, 1.000000000000000000 ) ) ;
#9105 = DIRECTION ( 'NONE',  ( -0.000000000000000000, -0.000000000000000000, -1.000000000000000000 ) ) ;
#9106 = ORIENTED_EDGE ( 'NONE', *, *, #3006, .F. ) ;
#9107 = VERTEX_POINT ( 'NONE', #3109 ) ;
#9108 = DIRECTION ( 'NONE',  ( -0.000000000000000000, -0.000000000000000000, 1.000000000000000000 ) ) ;
#9109 = EDGE_CURVE ( 'NONE', #1771, #1557, #2795, .T. ) ;
#9110 = B_SPLINE_CURVE_WITH_KNOTS ( 'NONE', 3,
 ( #3116, #7715, #8296, #3011, #5328, #6926, #9180, #6835, #1651, #1012 ),
 .UNSPECIFIED., .F., .F.,
 ( 4, 3, 3, 4 ),
 ( 8.673617379884035472E-19, 0.001989609718960775719, 0.003588912626478105161, 0.003588972626478101769 ),
 .UNSPECIFIED. ) ;
#9111 = LINE ( 'NONE', #2505, #7136 ) ;
#9112 = DIRECTION ( 'NONE',  ( -0.000000000000000000, -0.000000000000000000, 1.000000000000000000 ) ) ;
#9113 = CARTESIAN_POINT ( 'NONE',  ( 73.41050614175007638, 3.654000609289787871, 10.49999999999999645 ) ) ;
#9114 = CARTESIAN_POINT ( 'NONE',  ( 64.82347413401609515, -10.98025374276446975, 11.50000000000000000 ) ) ;
#9115 = EDGE_LOOP ( 'NONE', ( #2366, #4960, #1294, #6032 ) ) ;
#9116 = ORIENTED_EDGE ( 'NONE', *, *, #4491, .T. ) ;
#9117 = ORIENTED_EDGE ( 'NONE', *, *, #6410, .T. ) ;
#9118 = VERTEX_POINT ( 'NONE', #7069 ) ;
#9119 = DIRECTION ( 'NONE',  ( -0.000000000000000000, -0.000000000000000000, 1.000000000000000000 ) ) ;
#9120 = TOROIDAL_SURFACE ( 'NONE', #6770, 13.00000000000000533, 1.000000000000000000 ) ;
#9121 = CIRCLE ( 'NONE', #6469, 1.400000000000012346 ) ;
#9122 = DIRECTION ( 'NONE',  ( 0.000000000000000000, 0.000000000000000000, -1.000000000000000000 ) ) ;
#9123 = CARTESIAN_POINT ( 'NONE',  ( 155.4050226248180309, 5.040074480199727702, -13.50000000000000355 ) ) ;
#9124 = CARTESIAN_POINT ( 'NONE',  ( 232.9426329429107341, -10.60660171779883321, 5.000000000000026645 ) ) ;
#9125 = DIRECTION ( 'NONE',  ( 0.000000000000000000, 0.000000000000000000, -1.000000000000000000 ) ) ;
#9126 = DIRECTION ( 'NONE',  ( 0.000000000000000000, 0.000000000000000000, 1.000000000000000000 ) ) ;
#9127 = CARTESIAN_POINT ( 'NONE',  ( 161.8570157395229785, -10.78306632204935767, -13.50000000000000355 ) ) ;
#9128 = ORIENTED_EDGE ( 'NONE', *, *, #7878, .F. ) ;
#9129 = AXIS2_PLACEMENT_3D ( 'NONE', #2664, #1933, #8735 ) ;
#9130 = AXIS2_PLACEMENT_3D ( 'NONE', #3654, #8749, #2869 ) ;
#9131 = CARTESIAN_POINT ( 'NONE',  ( 194.4860312251130949, 21.00000000000000000, -13.50000000000000000 ) ) ;
#9132 = ORIENTED_EDGE ( 'NONE', *, *, #9663, .T. ) ;
#9133 = ORIENTED_EDGE ( 'NONE', *, *, #4740, .F. ) ;
#9134 = ORIENTED_EDGE ( 'NONE', *, *, #1335, .T. ) ;
#9135 = EDGE_CURVE ( 'NONE', #8742, #2142, #7911, .T. ) ;
#9136 = EDGE_CURVE ( 'NONE', #3103, #2390, #5253, .T. ) ;
#9137 = CARTESIAN_POINT ( 'NONE',  ( 203.7450545601918463, 20.15313076419102245, 13.50000000000000355 ) ) ;
#9138 = VECTOR ( 'NONE', #6502, 1000.000000000000000 ) ;
#9139 = AXIS2_PLACEMENT_3D ( 'NONE', #3279, #6900, #1868 ) ;
#9140 = EDGE_CURVE ( 'NONE', #2527, #3242, #9175, .T. ) ;
#9141 = CARTESIAN_POINT ( 'NONE',  ( 73.86411279721920664, -12.28274354942210778, 13.50000000000000000 ) ) ;
#9142 = CARTESIAN_POINT ( 'NONE',  ( 204.6290852320793476, 20.99999999999999289, 6.629714521916846515 ) ) ;
#9143 = EDGE_CURVE ( 'NONE', #8986, #6634, #2469, .T. ) ;
#9144 = CARTESIAN_POINT ( 'NONE',  ( 208.1512809110366220, 16.25618433493394477, 5.000000000000025757 ) ) ;
#9145 = ORIENTED_EDGE ( 'NONE', *, *, #4447, .T. ) ;
#9146 = CARTESIAN_POINT ( 'NONE',  ( 124.3891267266247098, 5.159245082421984208, 11.50000000000000000 ) ) ;
#9147 = CARTESIAN_POINT ( 'NONE',  ( 174.7360312251130949, -3.999999999999995559, -13.50000000000000355 ) ) ;
#9148 = ORIENTED_EDGE ( 'NONE', *, *, #1009, .T. ) ;
#9149 = AXIS2_PLACEMENT_3D ( 'NONE', #2186, #5185, #9188 ) ;
#9150 = CARTESIAN_POINT ( 'NONE',  ( 125.4171241805493509, 4.188049306728692578, -13.50000000000000355 ) ) ;
#9151 = EDGE_CURVE ( 'NONE', #8984, #5431, #416, .T. ) ;
#9152 = CARTESIAN_POINT ( 'NONE',  ( 102.3980012008277356, 4.534426621876529673, 12.50000000000000000 ) ) ;
#9153 = CIRCLE ( 'NONE', #262, 1.000000000000000888 ) ;
#9154 = DIRECTION ( 'NONE',  ( 0.000000000000000000, 0.000000000000000000, -1.000000000000000000 ) ) ;
#9155 = DIRECTION ( 'NONE',  ( 0.9996727527214569475, 0.02558099814910959682, -0.000000000000000000 ) ) ;
#9156 = ORIENTED_EDGE ( 'NONE', *, *, #4194, .F. ) ;
#9157 = AXIS2_PLACEMENT_3D ( 'NONE', #7341, #7535, #5827 ) ;
#9158 = ORIENTED_EDGE ( 'NONE', *, *, #8365, .T. ) ;
#9159 = VECTOR ( 'NONE', #9210, 1000.000000000000000 ) ;
#9160 = DIRECTION ( 'NONE',  ( -0.000000000000000000, -0.000000000000000000, -1.000000000000000000 ) ) ;
#9161 = VECTOR ( 'NONE', #1129, 1000.000000000000000 ) ;
#9162 = EDGE_CURVE ( 'NONE', #4824, #243, #5885, .T. ) ;
#9163 = VECTOR ( 'NONE', #2624, 1000.000000000000000 ) ;
#9164 = B_SPLINE_CURVE_WITH_KNOTS ( 'NONE', 3,
 ( #5443, #6312, #2595, #3425 ),
 .UNSPECIFIED., .F., .F.,
 ( 4, 4 ),
 ( 0.000000000000000000, 0.003205567087315615554 ),
 .UNSPECIFIED. ) ;
#9165 = CARTESIAN_POINT ( 'NONE',  ( 204.8379793693547128, 14.00083226273935288, 7.275207253977340471 ) ) ;
#9166 = VECTOR ( 'NONE', #4023, 1000.000000000000000 ) ;
#9167 = LINE ( 'NONE', #8330, #9168 ) ;
#9168 = VECTOR ( 'NONE', #6960, 1000.000000000000227 ) ;
#9169 = CARTESIAN_POINT ( 'NONE',  ( 64.86430152208460242, -12.41721547260853953, 10.62118390732881323 ) ) ;
#9170 = ORIENTED_EDGE ( 'NONE', *, *, #3760, .F. ) ;
#9171 = ORIENTED_EDGE ( 'NONE', *, *, #2632, .T. ) ;
#9172 = EDGE_LOOP ( 'NONE', ( #4982, #7627 ) ) ;
#9173 = VERTEX_POINT ( 'NONE', #8399 ) ;
#9174 = AXIS2_PLACEMENT_3D ( 'NONE', #3023, #8893, #597 ) ;
#9175 = LINE ( 'NONE', #2619, #7750 ) ;
#9176 = CARTESIAN_POINT ( 'NONE',  ( 245.3099440910439739, -1.110223024625156540E-13, 7.000000000000026645 ) ) ;
#9177 = DIRECTION ( 'NONE',  ( -0.9995966148089557857, -0.02840083911570534872, -4.926760235145440158E-17 ) ) ;
#9178 = FACE_OUTER_BOUND ( 'NONE', #4789, .T. ) ;
#9179 = CARTESIAN_POINT ( 'NONE',  ( 132.7911213746216106, -8.875741917672769432, 11.50000000000000000 ) ) ;
#9180 = CARTESIAN_POINT ( 'NONE',  ( 206.4449271470967346, 16.11703329301490939, 8.257111191465515532 ) ) ;
#9181 = ORIENTED_EDGE ( 'NONE', *, *, #5136, .T. ) ;
#9182 = CARTESIAN_POINT ( 'NONE',  ( 95.40082489716499481, 4.335620748066612684, 11.50000000000000000 ) ) ;
#9183 = EDGE_LOOP ( 'NONE', ( #2977, #9011 ) ) ;
#9184 = ORIENTED_EDGE ( 'NONE', *, *, #3569, .T. ) ;
#9185 = VERTEX_POINT ( 'NONE', #6289 ) ;
#9186 = CIRCLE ( 'NONE', #4977, 12.00000000000000355 ) ;
#9187 = CARTESIAN_POINT ( 'NONE',  ( 202.7636728399455706, 20.82491127389444685, 13.07951567401922865 ) ) ;
#9188 = DIRECTION ( 'NONE',  ( 0.02840083911570534872, -0.9995966148089557857, 0.000000000000000000 ) ) ;
#9189 = CARTESIAN_POINT ( 'NONE',  ( 212.0415104236334969, 21.00000000000001776, 6.555003293199708203 ) ) ;
#9190 = EDGE_CURVE ( 'NONE', #653, #1581, #9312, .T. ) ;
#9191 = FACE_OUTER_BOUND ( 'NONE', #7635, .T. ) ;
#9192 = ORIENTED_EDGE ( 'NONE', *, *, #2144, .F. ) ;
#9193 = DIRECTION ( 'NONE',  ( 1.000000000000000000, 0.000000000000000000, 0.000000000000000000 ) ) ;
#9194 = CARTESIAN_POINT ( 'NONE',  ( 12.40844320000272383, 18.24074055622876855, -13.50000000000000000 ) ) ;
#9195 = ORIENTED_EDGE ( 'NONE', *, *, #3170, .T. ) ;
#9196 = CARTESIAN_POINT ( 'NONE',  ( 73.40969937136802059, 3.710802287521186127, 13.50000000000000000 ) ) ;
#9197 = EDGE_CURVE ( 'NONE', #1467, #5427, #9266, .T. ) ;
#9198 = CARTESIAN_POINT ( 'NONE',  ( 20.26765721244252560, -17.90801764905667071, -13.50000000000000355 ) ) ;
#9199 = DIRECTION ( 'NONE',  ( -0.000000000000000000, -0.000000000000000000, -1.000000000000000000 ) ) ;
#9200 = VERTEX_POINT ( 'NONE', #4144 ) ;
#9201 = CARTESIAN_POINT ( 'NONE',  ( 202.7088403719586722, 7.500000000000000000, 5.000000000000026645 ) ) ;
#9202 = ADVANCED_FACE ( 'NONE', ( #7809 ), #5420, .F. ) ;
#9203 = ADVANCED_FACE ( 'NONE', ( #5464 ), #715, .T. ) ;
#9204 = DIRECTION ( 'NONE',  ( 1.000000000000000000, 0.000000000000000000, 0.000000000000000000 ) ) ;
#9205 = ORIENTED_EDGE ( 'NONE', *, *, #7009, .T. ) ;
#9206 = ORIENTED_EDGE ( 'NONE', *, *, #6985, .T. ) ;
#9207 = DIRECTION ( 'NONE',  ( 0.000000000000000000, -0.000000000000000000, 1.000000000000000000 ) ) ;
#9208 = DIRECTION ( 'NONE',  ( 1.000000000000000000, 0.000000000000000000, 0.000000000000000000 ) ) ;
#9209 = CIRCLE ( 'NONE', #3274, 7.499999999999989342 ) ;
#9210 = DIRECTION ( 'NONE',  ( 0.000000000000000000, 0.000000000000000000, 1.000000000000000000 ) ) ;
#9212 = EDGE_CURVE ( 'NONE', #1356, #9274, #5411, .T. ) ;
#9211 = CARTESIAN_POINT ( 'NONE',  ( 224.4860312251130949, 0.000000000000000000, 5.000000000000026645 ) ) ;
#9213 = DIRECTION ( 'NONE',  ( -1.000000000000000000, 0.000000000000000000, 0.000000000000000000 ) ) ;
#9214 = ORIENTED_EDGE ( 'NONE', *, *, #3947, .T. ) ;
#9215 = AXIS2_PLACEMENT_3D ( 'NONE', #5248, #1532, #1623 ) ;
#9216 = ORIENTED_EDGE ( 'NONE', *, *, #4661, .T. ) ;
#9217 = ORIENTED_EDGE ( 'NONE', *, *, #303, .F. ) ;
#9218 = ORIENTED_EDGE ( 'NONE', *, *, #8817, .T. ) ;
#9219 = CARTESIAN_POINT ( 'NONE',  ( 208.6559588319871352, -18.79178807675747720, 5.000000000000026645 ) ) ;
#9220 = CIRCLE ( 'NONE', #3447, 17.02499999999999858 ) ;
#9221 = DIRECTION ( 'NONE',  ( 0.000000000000000000, 0.000000000000000000, -1.000000000000000000 ) ) ;
#9222 = CARTESIAN_POINT ( 'NONE',  ( 235.0926329429107113, -10.60660171779883321, -13.50000000000000000 ) ) ;
#9224 = ADVANCED_FACE ( 'NONE', ( #8441 ), #6385, .F. ) ;
#9223 = DIRECTION ( 'NONE',  ( -0.000000000000000000, -0.000000000000000000, -1.000000000000000000 ) ) ;
#9225 = EDGE_CURVE ( 'NONE', #8845, #6939, #962, .T. ) ;
#9226 = CARTESIAN_POINT ( 'NONE',  ( 101.4268054251344324, 3.506429167951857551, -13.50000000000000000 ) ) ;
#9227 = DIRECTION ( 'NONE',  ( -0.000000000000000000, -0.000000000000000000, 1.000000000000000000 ) ) ;
#9228 = EDGE_LOOP ( 'NONE', ( #9156, #1273, #1544, #5297 ) ) ;
#9229 = CARTESIAN_POINT ( 'NONE',  ( 95.42922573628068506, 3.336024133257658342, 10.49999999999999645 ) ) ;
#9230 = VERTEX_POINT ( 'NONE', #4284 ) ;
#9231 = ORIENTED_EDGE ( 'NONE', *, *, #8664, .F. ) ;
#9232 = ORIENTED_EDGE ( 'NONE', *, *, #5139, .T. ) ;
#9233 = CIRCLE ( 'NONE', #1120, 26.74999999999999645 ) ;
#9234 = CARTESIAN_POINT ( 'NONE',  ( 101.3416029077873617, 6.505219012378733012, 13.50000000000000000 ) ) ;
#9235 = AXIS2_PLACEMENT_3D ( 'NONE', #2031, #2812, #9415 ) ;
#9236 = CARTESIAN_POINT ( 'NONE',  ( 162.4044099815368440, 5.161060077608525809, 11.35694017095093677 ) ) ;
#9237 = CARTESIAN_POINT ( 'NONE',  ( 207.4225021851092947, 16.06327451474496826, 6.117292001639981436 ) ) ;
#9238 = CARTESIAN_POINT ( 'NONE',  ( 20.26765721244252560, -17.90801764905667071, -13.50000000000000000 ) ) ;
#9239 = ORIENTED_EDGE ( 'NONE', *, *, #3335, .T. ) ;
#9240 = CARTESIAN_POINT ( 'NONE',  ( 199.5767690013860545, -7.500000000000000000, 9.214069223155657795 ) ) ;
#9241 = DIRECTION ( 'NONE',  ( 0.000000000000000000, 0.000000000000000000, 1.000000000000000000 ) ) ;
#9242 = ORIENTED_EDGE ( 'NONE', *, *, #1512, .F. ) ;
#9243 = CARTESIAN_POINT ( 'NONE',  ( 217.9285927008110662, -21.00000000000000000, 5.000000000000026645 ) ) ;
#9244 = CARTESIAN_POINT ( 'NONE',  ( 101.3984045860187422, 4.506025782760822551, 11.50000000000000000 ) ) ;
#9245 = CYLINDRICAL_SURFACE ( 'NONE', #702, 1.000000000000000222 ) ;
#9246 = AXIS2_PLACEMENT_3D ( 'NONE', #6088, #1637, #4622 ) ;
#9247 = DIRECTION ( 'NONE',  ( -0.9995966148089560077, -0.02840083911569784431, 0.000000000000000000 ) ) ;
#9248 = DIRECTION ( 'NONE',  ( 1.000000000000000000, 0.000000000000000000, 0.000000000000000000 ) ) ;
#9249 = ORIENTED_EDGE ( 'NONE', *, *, #1281, .F. ) ;
#9250 = ORIENTED_EDGE ( 'NONE', *, *, #4717, .T. ) ;
#9251 = DIRECTION ( 'NONE',  ( -0.000000000000000000, -0.000000000000000000, -1.000000000000000000 ) ) ;
#9252 = CIRCLE ( 'NONE', #6448, 1.400000000000012346 ) ;
#9253 = EDGE_CURVE ( 'NONE', #4835, #3053, #612, .T. ) ;
#9254 = EDGE_CURVE ( 'NONE', #8877, #1203, #3851, .T. ) ;
#9255 = CARTESIAN_POINT ( 'NONE',  ( 162.8282115152162532, -9.755068868124679327, 11.50000000000000000 ) ) ;
#9256 = CARTESIAN_POINT ( 'NONE',  ( 203.2461142232521354, 10.68331175605940508, 6.301260587509752042 ) ) ;
#9257 = DIRECTION ( 'NONE',  ( -0.000000000000000000, -0.000000000000000000, -1.000000000000000000 ) ) ;
#9258 = FACE_OUTER_BOUND ( 'NONE', #1435, .T. ) ;
#9259 = EDGE_CURVE ( 'NONE', #7211, #6238, #3446, .T. ) ;
#9260 = ORIENTED_EDGE ( 'NONE', *, *, #1729, .T. ) ;
#9261 = ORIENTED_EDGE ( 'NONE', *, *, #5758, .T. ) ;
#9262 = ORIENTED_EDGE ( 'NONE', *, *, #7578, .F. ) ;
#9263 = ORIENTED_EDGE ( 'NONE', *, *, #5917, .F. ) ;
#9264 = EDGE_CURVE ( 'NONE', #1588, #7838, #5877, .T. ) ;
#9265 = EDGE_CURVE ( 'NONE', #3002, #5790, #5116, .T. ) ;
#9266 = LINE ( 'NONE', #4825, #3681 ) ;
#9267 = CARTESIAN_POINT ( 'NONE',  ( 14.32287004515514184, -17.09591818738018176, -13.50000000000000355 ) ) ;
#9268 = DIRECTION ( 'NONE',  ( 1.000000000000000000, 0.000000000000000000, 0.000000000000000000 ) ) ;
#9269 = CARTESIAN_POINT ( 'NONE',  ( 101.3984045860187422, 4.506025782760822551, -13.50000000000000355 ) ) ;
#9270 = DIRECTION ( 'NONE',  ( 0.3809044632332573288, 0.9246144006497974965, -0.000000000000000000 ) ) ;
#9271 = DIRECTION ( 'NONE',  ( 0.000000000000000000, 0.000000000000000000, 1.000000000000000000 ) ) ;
#9272 = ORIENTED_EDGE ( 'NONE', *, *, #8863, .T. ) ;
#9273 = DIRECTION ( 'NONE',  ( 1.000000000000000000, 0.000000000000000000, 0.000000000000000000 ) ) ;
#9274 = VERTEX_POINT ( 'NONE', #4196 ) ;
#9275 = ORIENTED_EDGE ( 'NONE', *, *, #9140, .F. ) ;
#9276 = ORIENTED_EDGE ( 'NONE', *, *, #7547, .T. ) ;
#9277 = ADVANCED_FACE ( 'NONE', ( #2853, #4380 ), #8047, .T. ) ;
#9278 = VECTOR ( 'NONE', #8245, 1000.000000000000000 ) ;
#9279 = AXIS2_PLACEMENT_3D ( 'NONE', #8153, #1453, #8088 ) ;
#9280 = ADVANCED_FACE ( 'NONE', ( #7217 ), #3616, .F. ) ;
#9281 = CARTESIAN_POINT ( 'NONE',  ( 155.3482209465866219, 7.039267709817637275, -13.50000000000000355 ) ) ;
#9282 = DIRECTION ( 'NONE',  ( 0.000000000000000000, 0.000000000000000000, 1.000000000000000000 ) ) ;
#9283 = DIRECTION ( 'NONE',  ( -0.000000000000000000, -0.000000000000000000, 1.000000000000000000 ) ) ;
#9284 = AXIS2_PLACEMENT_3D ( 'NONE', #1061, #8400, #4682 ) ;
#9285 = VECTOR ( 'NONE', #2592, 1000.000000000000000 ) ;
#9286 = VECTOR ( 'NONE', #1007, 1000.000000000000000 ) ;
#9287 = CARTESIAN_POINT ( 'NONE',  ( 218.4760376208893717, -18.34803385491479943, 7.000000000000026645 ) ) ;
#9288 = LINE ( 'NONE', #7187, #8669 ) ;
#9289 = ORIENTED_EDGE ( 'NONE', *, *, #1430, .T. ) ;
#9290 = DIRECTION ( 'NONE',  ( 0.02840083911569841676, -0.9995966148089560077, 0.000000000000000000 ) ) ;
#9291 = ORIENTED_EDGE ( 'NONE', *, *, #8743, .F. ) ;
#9292 = DIRECTION ( 'NONE',  ( -0.000000000000000000, -0.000000000000000000, 1.000000000000000000 ) ) ;
#9293 = CARTESIAN_POINT ( 'NONE',  ( 94.40808137456430416, 4.066018311193484891, 10.74129772772792712 ) ) ;
#9294 = AXIS2_PLACEMENT_3D ( 'NONE', #2494, #7689, #1134 ) ;
#9295 =( NAMED_UNIT ( * ) SI_UNIT ( $, .STERADIAN. ) SOLID_ANGLE_UNIT ( ) );
#9296 = LINE ( 'NONE', #2597, #8978 ) ;
#9297 = CARTESIAN_POINT ( 'NONE',  ( 189.7360312251131234, 7.500000000000000888, -13.50000000000000355 ) ) ;
#9298 = ORIENTED_EDGE ( 'NONE', *, *, #8602, .T. ) ;
#9299 = DIRECTION ( 'NONE',  ( 0.000000000000000000, 0.000000000000000000, 1.000000000000000000 ) ) ;
#9300 = VECTOR ( 'NONE', #2183, 1000.000000000000000 ) ;
#9301 = CIRCLE ( 'NONE', #5088, 3.499999999999975131 ) ;
#9302 = CARTESIAN_POINT ( 'NONE',  ( 161.7718132221759220, -7.784276477622493751, 11.50000000000000000 ) ) ;
#9303 = ORIENTED_EDGE ( 'NONE', *, *, #8014, .T. ) ;
#9304 = ORIENTED_EDGE ( 'NONE', *, *, #1140, .F. ) ;
#9305 = PLANE ( 'NONE',  #1671 ) ;
#9306 = FACE_OUTER_BOUND ( 'NONE', #7203, .T. ) ;
#9307 = VECTOR ( 'NONE', #2175, 1000.000000000000227 ) ;
#9308 = CARTESIAN_POINT ( 'NONE',  ( 162.3746050225325632, 6.210076129698360425, 10.52840656793766883 ) ) ;
#9309 = AXIS2_PLACEMENT_3D ( 'NONE', #6698, #5096, #3026 ) ;
#9310 = CARTESIAN_POINT ( 'NONE',  ( 207.9496908901186600, 16.03263826636005618, 5.000000000000058620 ) ) ;
#9311 = CARTESIAN_POINT ( 'NONE',  ( 132.8403130709475874, -10.60709404159572067, 10.49999999999999645 ) ) ;
#9312 = CIRCLE ( 'NONE', #3057, 2.000000000000001776 ) ;
#9313 = VERTEX_POINT ( 'NONE', #6570 ) ;
#9314 = ADVANCED_FACE ( 'NONE', ( #8636 ), #4942, .T. ) ;
#9315 = VERTEX_POINT ( 'NONE', #7957 ) ;
#9316 = EDGE_CURVE ( 'NONE', #4293, #795, #1969, .T. ) ;
#9317 = AXIS2_PLACEMENT_3D ( 'NONE', #9211, #6087, #6235 ) ;
#9318 = ORIENTED_EDGE ( 'NONE', *, *, #5049, .T. ) ;
#9319 = ORIENTED_EDGE ( 'NONE', *, *, #2682, .T. ) ;
#9320 = CIRCLE ( 'NONE', #5108, 1.000000000000000888 ) ;
#9321 = TOROIDAL_SURFACE ( 'NONE', #8852, 1.999999999999999112, 1.000000000000000000 ) ;
#9322 = CARTESIAN_POINT ( 'NONE',  ( 207.2792713790511812, -20.49999675138425559, 5.000000000000025757 ) ) ;
#9323 = DIRECTION ( 'NONE',  ( 1.000000000000000000, -8.673617379884027583E-16, 0.000000000000000000 ) ) ;
#9324 = VECTOR ( 'NONE', #3841, 1000.000000000000000 ) ;
#9325 = CARTESIAN_POINT ( 'NONE',  ( 65.86733987874752927, -12.50995026234771501, -13.50000000000000355 ) ) ;
#9326 = LINE ( 'NONE', #514, #6197 ) ;
#9327 = CARTESIAN_POINT ( 'NONE',  ( 239.4860312251130949, 0.000000000000000000, 13.50000000000000000 ) ) ;
#9329 = EDGE_CURVE ( 'NONE', #9107, #924, #5310, .T. ) ;
#9328 = VECTOR ( 'NONE', #1162, 1000.000000000000000 ) ;
#9330 = CYLINDRICAL_SURFACE ( 'NONE', #7066, 4.000000000000003553 ) ;
#9331 = VERTEX_POINT ( 'NONE', #6814 ) ;
#9332 = EDGE_CURVE ( 'NONE', #6337, #236, #2311, .T. ) ;
#9333 = DIRECTION ( 'NONE',  ( 0.000000000000000000, -1.000000000000000000, 0.000000000000000000 ) ) ;
#9334 = ORIENTED_EDGE ( 'NONE', *, *, #761, .F. ) ;
#9335 = ORIENTED_EDGE ( 'NONE', *, *, #6999, .T. ) ;
#9336 = EDGE_LOOP ( 'NONE', ( #6810, #487, #8595, #6299 ) ) ;
#9337 = CARTESIAN_POINT ( 'NONE',  ( 101.8244171727542664, -10.48792343937351568, 10.49999999999999645 ) ) ;
#9338 = DIRECTION ( 'NONE',  ( -0.3809044632332377889, 0.9246144006498056012, 0.000000000000000000 ) ) ;
#9339 = DIRECTION ( 'NONE',  ( -0.02840083911569744879, 0.9995966148089560077, 0.000000000000000000 ) ) ;
#9340 = CARTESIAN_POINT ( 'NONE',  ( 244.4860312251130949, 0.000000000000000000, -13.50000000000000000 ) ) ;
#9341 = CARTESIAN_POINT ( 'NONE',  ( 64.81855156761254477, -10.80699897754048244, 11.50000000000000000 ) ) ;
#9342 = EDGE_CURVE ( 'NONE', #2033, #8254, #7458, .T. ) ;
#9343 = DIRECTION ( 'NONE',  ( -1.000000000000000000, 0.000000000000000000, 0.000000000000000000 ) ) ;
#9344 = ORIENTED_EDGE ( 'NONE', *, *, #8009, .T. ) ;
#9345 = CARTESIAN_POINT ( 'NONE',  ( 208.7733241688924011, 17.91296739502245217, 5.000000000000026645 ) ) ;
#9346 = CARTESIAN_POINT ( 'NONE',  ( 220.1374866562490524, -21.00000000000000000, 5.160720069027071588 ) ) ;
#9347 = CARTESIAN_POINT ( 'NONE',  ( 71.46730781998148530, 1.654807379671877632, 11.50000000000000000 ) ) ;
#9348 = CARTESIAN_POINT ( 'NONE',  ( 155.3766217857023264, 6.039671095008682045, 12.49999999999999822 ) ) ;
#9349 = CARTESIAN_POINT ( 'NONE',  ( 162.8282115152162532, -9.755068868124679327, 11.50000000000000000 ) ) ;
#9350 = ORIENTED_EDGE ( 'NONE', *, *, #4310, .F. ) ;
#9351 = CYLINDRICAL_SURFACE ( 'NONE', #1254, 0.9999999999999892308 ) ;
#9352 = EDGE_CURVE ( 'NONE', #6939, #8608, #1826, .T. ) ;
#9353 = CARTESIAN_POINT ( 'NONE',  ( 155.3766217857023264, 6.039671095008682045, 10.49999999999999645 ) ) ;
#9354 = ORIENTED_EDGE ( 'NONE', *, *, #4717, .F. ) ;
#9355 = VERTEX_POINT ( 'NONE', #7403 ) ;
#9356 = DIRECTION ( 'NONE',  ( -0.9996727527214570586, -0.02558099814910960029, 0.000000000000000000 ) ) ;
#9357 = CARTESIAN_POINT ( 'NONE',  ( 171.2360312251131234, 3.999999999999996447, 3.000000000000025313 ) ) ;
#9358 = CARTESIAN_POINT ( 'NONE',  ( 223.6024733306102235, -13.90580324264867862, 6.883873567696226381 ) ) ;
#9359 = CARTESIAN_POINT ( 'NONE',  ( 224.4860312251130949, 0.000000000000000000, 6.000000000000027534 ) ) ;
#9360 =( BOUNDED_SURFACE ( )  B_SPLINE_SURFACE ( 3, 2, ( 
 ( #7035, #9189, #5437 ),
 ( #340, #204, #9237 ),
 ( #9142, #6257, #2533 ),
 ( #3172, #5526, #1124 ),
 ( #3222, #3318, #931 ),
 ( #8506, #2588, #6891 ) ),
 .UNSPECIFIED., .F., .F., .T. ) 
 B_SPLINE_SURFACE_WITH_KNOTS ( ( 4, 2, 4 ),
 ( 3, 3 ),
 ( 0.01865645299129471343, 0.02370748056315053268, 0.02875850813500635192 ),
 ( 0.000000000000000000, 1.000000000000000000 ),
 .UNSPECIFIED. ) 
 GEOMETRIC_REPRESENTATION_ITEM ( )  RATIONAL_B_SPLINE_SURFACE ( (
 ( 1.000000000000000000, 0.4127077242735902596, 1.000000000000000000),
 ( 1.000000000000000000, 0.4210470297411584850, 1.000000000000000000),
 ( 1.000000000000000000, 0.4286679817177038720, 1.000000000000000000),
 ( 1.000000000000000000, 0.4427937186749336118, 1.000000000000000000),
 ( 1.000000000000000000, 0.4492951865547202273, 1.000000000000000000),
 ( 1.000000000000000000, 0.4553567966786725152, 1.000000000000000000) ) ) 
 REPRESENTATION_ITEM ( '' )  SURFACE ( )  );
#9361 = CARTESIAN_POINT ( 'NONE',  ( 161.8286149004072740, -9.783469707240403324, 12.49999999999999822 ) ) ;
#9362 = VERTEX_POINT ( 'NONE', #5937 ) ;
#9363 = ORIENTED_EDGE ( 'NONE', *, *, #6554, .T. ) ;
#9364 = ORIENTED_EDGE ( 'NONE', *, *, #7717, .T. ) ;
#9365 = CARTESIAN_POINT ( 'NONE',  ( 205.7259766412697388, -20.99999999999999289, 5.000000000000026645 ) ) ;
#9366 = DIRECTION ( 'NONE',  ( -0.000000000000000000, -0.000000000000000000, 1.000000000000000000 ) ) ;
#9367 = FACE_OUTER_BOUND ( 'NONE', #7147, .T. ) ;
#9368 = CARTESIAN_POINT ( 'NONE',  ( 18.38336735353760076, 12.62801764905666602, -13.50000000000000355 ) ) ;
#9369 = AXIS2_PLACEMENT_3D ( 'NONE', #3162, #9035, #871 ) ;
#9370 = CARTESIAN_POINT ( 'NONE',  ( 65.86733987874752927, -12.50995026234771501, 10.49999999999999645 ) ) ;
#9371 = CARTESIAN_POINT ( 'NONE',  ( 235.0926329429113650, 10.60660171779759509, -13.50000000000000000 ) ) ;
#9372 = ORIENTED_EDGE ( 'NONE', *, *, #1733, .F. ) ;
#9373 = CARTESIAN_POINT ( 'NONE',  ( 155.8310352115535693, -9.953874741934612302, 12.49999999999999822 ) ) ;
#9374 = ORIENTED_EDGE ( 'NONE', *, *, #5977, .T. ) ;
#9375 = ORIENTED_EDGE ( 'NONE', *, *, #2130, .F. ) ;
#9376 = VERTEX_POINT ( 'NONE', #2947 ) ;
#9377 = AXIS2_PLACEMENT_3D ( 'NONE', #4854, #6373, #5490 ) ;
#9378 = EDGE_CURVE ( 'NONE', #6634, #3557, #6194, .T. ) ;
#9379 = CARTESIAN_POINT ( 'NONE',  ( 167.7360312251131518, -3.999999999999996447, -13.50000000000000000 ) ) ;
#9380 = EDGE_CURVE ( 'NONE', #6375, #9200, #703, .T. ) ;
#9381 = CYLINDRICAL_SURFACE ( 'NONE', #7248, 4.000000000000003553 ) ;
#9382 = DIRECTION ( 'NONE',  ( 0.000000000000000000, 0.000000000000000000, -1.000000000000000000 ) ) ;
#9383 = CARTESIAN_POINT ( 'NONE',  ( 235.0926329429107113, -10.60660171779883321, -11.50000000000000000 ) ) ;
#9384 = VECTOR ( 'NONE', #6070, 1000.000000000000000 ) ;
#9385 = CARTESIAN_POINT ( 'NONE',  ( 0.000000000000000000, 0.000000000000000000, 1.499999999999999556 ) ) ;
#9386 = DIRECTION ( 'NONE',  ( 0.000000000000000000, 0.000000000000000000, 1.000000000000000000 ) ) ;
#9387 = ORIENTED_EDGE ( 'NONE', *, *, #7607, .T. ) ;
#9388 = CARTESIAN_POINT ( 'NONE',  ( 208.6653052793856773, 18.80338574258465911, 5.000000000000025757 ) ) ;
#9389 = DIRECTION ( 'NONE',  ( 0.000000000000000000, 0.000000000000000000, 1.000000000000000000 ) ) ;
#9390 = AXIS2_PLACEMENT_3D ( 'NONE', #3752, #5910, #3859 ) ;
#9391 = EDGE_CURVE ( 'NONE', #8908, #4156, #2208, .T. ) ;
#9392 = DIRECTION ( 'NONE',  ( -1.000000000000000000, 0.000000000000000000, 0.000000000000000000 ) ) ;
#9393 = LINE ( 'NONE', #5735, #9138 ) ;
#9394 = DIRECTION ( 'NONE',  ( 0.000000000000000000, 0.000000000000000000, -1.000000000000000000 ) ) ;
#9395 = ORIENTED_EDGE ( 'NONE', *, *, #1244, .T. ) ;
#9396 = DIRECTION ( 'NONE',  ( 0.000000000000000000, -1.000000000000000000, 0.000000000000000000 ) ) ;
#9397 = AXIS2_PLACEMENT_3D ( 'NONE', #3472, #6369, #5090 ) ;
#9398 = CARTESIAN_POINT ( 'NONE',  ( -1.541925553762553358, -19.94047305323153196, -12.50000000000000000 ) ) ;
#9399 = ORIENTED_EDGE ( 'NONE', *, *, #8561, .T. ) ;
#9400 = EDGE_LOOP ( 'NONE', ( #4930, #7656, #8095, #8999 ) ) ;
#9401 = CARTESIAN_POINT ( 'NONE',  ( 16.02499999999999858, 0.000000000000000000, -12.50000000000000000 ) ) ;
#9402 = ADVANCED_FACE ( 'NONE', ( #7501 ), #4797, .T. ) ;
#9403 = CARTESIAN_POINT ( 'NONE',  ( 95.40082489716499481, 4.335620748066612684, 10.49999999999999645 ) ) ;
#9404 = CARTESIAN_POINT ( 'NONE',  ( 225.6469698348925306, -14.20559469765480642, 6.980398419167789470 ) ) ;
#9405 = DIRECTION ( 'NONE',  ( 1.000000000000000000, 0.000000000000000000, 0.000000000000000000 ) ) ;
#9406 = LINE ( 'NONE', #3441, #8161 ) ;
#9407 = ORIENTED_EDGE ( 'NONE', *, *, #9342, .T. ) ;
#9408 = EDGE_LOOP ( 'NONE', ( #652, #2440, #1316, #1205, #8008 ) ) ;
#9409 = AXIS2_PLACEMENT_3D ( 'NONE', #6515, #3627, #5696 ) ;
#9410 = ORIENTED_EDGE ( 'NONE', *, *, #1906, .F. ) ;
#9411 = CARTESIAN_POINT ( 'NONE',  ( 207.2468159746004517, -16.80559141194900974, 7.929845947881810631 ) ) ;
#9412 = CARTESIAN_POINT ( 'NONE',  ( 237.2426329429113707, 10.60660171779759509, -11.50000000000000000 ) ) ;
#9413 = CARTESIAN_POINT ( 'NONE',  ( 65.81053820051612036, -10.51075703272980633, 11.50000000000000000 ) ) ;
#9414 = CARTESIAN_POINT ( 'NONE',  ( 155.8026343724378648, -8.954278127125656184, -13.50000000000000355 ) ) ;
#9415 = DIRECTION ( 'NONE',  ( 1.000000000000000000, 0.000000000000000000, 0.000000000000000000 ) ) ;
#9416 = ORIENTED_EDGE ( 'NONE', *, *, #5264, .F. ) ;
#9417 = EDGE_LOOP ( 'NONE', ( #601, #7820, #1750, #8188 ) ) ;
#9418 = VERTEX_POINT ( 'NONE', #3891 ) ;
#9419 = ORIENTED_EDGE ( 'NONE', *, *, #7371, .F. ) ;
#9420 = CARTESIAN_POINT ( 'NONE',  ( 214.4860312251130949, 0.000000000000000000, 4.000000000000026645 ) ) ;
#9421 = CYLINDRICAL_SURFACE ( 'NONE', #5533, 1.000000000000000888 ) ;
#9422 = DIRECTION ( 'NONE',  ( 0.000000000000000000, 0.000000000000000000, 1.000000000000000000 ) ) ;
#9423 = DIRECTION ( 'NONE',  ( 1.000000000000000000, 0.000000000000000000, 0.000000000000000000 ) ) ;
#9424 = LINE ( 'NONE', #4112, #8348 ) ;
#9425 = DIRECTION ( 'NONE',  ( -0.02840083911569004499, 0.9995966148089562298, 0.000000000000000000 ) ) ;
#9426 = VERTEX_POINT ( 'NONE', #24 ) ;
#9427 = DIRECTION ( 'NONE',  ( -1.000000000000000000, 0.000000000000000000, 0.000000000000000000 ) ) ;
#9428 = EDGE_CURVE ( 'NONE', #6154, #5925, #6654, .T. ) ;
#9429 = EDGE_CURVE ( 'NONE', #9069, #2142, #6711, .T. ) ;
#9430 = DIRECTION ( 'NONE',  ( -0.000000000000000000, -0.000000000000000000, -1.000000000000000000 ) ) ;
#9431 = DIRECTION ( 'NONE',  ( 0.000000000000000000, 0.000000000000000000, -1.000000000000000000 ) ) ;
#9432 = TOROIDAL_SURFACE ( 'NONE', #9579, 1.999999999999999112, 1.000000000000000000 ) ;
#9433 = CIRCLE ( 'NONE', #2557, 4.000000000000003553 ) ;
#9434 = EDGE_CURVE ( 'NONE', #6621, #2014, #118, .T. ) ;
#9435 = DIRECTION ( 'NONE',  ( -0.000000000000000000, -0.000000000000000000, -1.000000000000000000 ) ) ;
#9436 = DIRECTION ( 'NONE',  ( -0.000000000000000000, -0.000000000000000000, -1.000000000000000000 ) ) ;
#9437 = CARTESIAN_POINT ( 'NONE',  ( 71.41050614175006217, 3.654000609289787871, -13.50000000000000355 ) ) ;
#9438 = CARTESIAN_POINT ( 'NONE',  ( 24.05745470026615251, 9.834322464951046783, -13.50000000000000355 ) ) ;
#9439 = ORIENTED_EDGE ( 'NONE', *, *, #9378, .F. ) ;
#9440 = ORIENTED_EDGE ( 'NONE', *, *, #1741, .F. ) ;
#9441 = EDGE_CURVE ( 'NONE', #5717, #7570, #4173, .T. ) ;
#9442 = AXIS2_PLACEMENT_3D ( 'NONE', #6612, #5205, #1487 ) ;
#9443 = AXIS2_PLACEMENT_3D ( 'NONE', #6307, #7930, #341 ) ;
#9444 = VECTOR ( 'NONE', #4584, 1000.000000000000227 ) ;
#9445 = CARTESIAN_POINT ( 'NONE',  ( 103.8520112414878724, -11.43071837595106466, 13.50000000000000000 ) ) ;
#9446 = ADVANCED_FACE ( 'NONE', ( #849 ), #4619, .F. ) ;
#9447 = CYLINDRICAL_SURFACE ( 'NONE', #9101, 9.000000000000007105 ) ;
#9448 = CARTESIAN_POINT ( 'NONE',  ( 223.8259765538975898, -13.75811879483459421, 6.806563583363854697 ) ) ;
#9449 = AXIS2_PLACEMENT_3D ( 'NONE', #8938, #2146, #3018 ) ;
#9450 = CARTESIAN_POINT ( 'NONE',  ( 202.7088403719586722, -7.500000000000000000, 5.000000000000026645 ) ) ;
#9451 = VERTEX_POINT ( 'NONE', #9642 ) ;
#9452 = ORIENTED_EDGE ( 'NONE', *, *, #8546, .T. ) ;
#9453 = ADVANCED_FACE ( 'NONE', ( #3096 ), #6085, .F. ) ;
#9454 = ORIENTED_EDGE ( 'NONE', *, *, #2405, .F. ) ;
#9455 = CIRCLE ( 'NONE', #96, 0.9999999999999995559 ) ;
#9456 = CARTESIAN_POINT ( 'NONE',  ( 207.1634017183330911, -16.88690752108681892, 8.257165788677191642 ) ) ;
#9457 = AXIS2_PLACEMENT_3D ( 'NONE', #3477, #2650, #7244 ) ;
#9458 = DIRECTION ( 'NONE',  ( -0.000000000000000000, -0.000000000000000000, 1.000000000000000000 ) ) ;
#9459 = DIRECTION ( 'NONE',  ( -0.000000000000000000, -0.000000000000000000, -1.000000000000000000 ) ) ;
#9460 = AXIS2_PLACEMENT_3D ( 'NONE', #7857, #3300, #3203 ) ;
#9461 = CARTESIAN_POINT ( 'NONE',  ( 18.11266753297876875, 10.64642192662754105, -13.50000000000000355 ) ) ;
#9462 = CIRCLE ( 'NONE', #3061, 1.000000000000001110 ) ;
#9463 = DIRECTION ( 'NONE',  ( 0.03394010690455372820, -0.9994238686079632838, 0.000000000000000000 ) ) ;
#9464 = ORIENTED_EDGE ( 'NONE', *, *, #3527, .T. ) ;
#9465 = ORIENTED_EDGE ( 'NONE', *, *, #4913, .T. ) ;
#9466 = ORIENTED_EDGE ( 'NONE', *, *, #5104, .F. ) ;
#9467 = ORIENTED_EDGE ( 'NONE', *, *, #8672, .F. ) ;
#9468 = VECTOR ( 'NONE', #995, 1000.000000000000114 ) ;
#9469 = DIRECTION ( 'NONE',  ( 1.000000000000000000, 0.000000000000000000, 0.000000000000000000 ) ) ;
#9470 = CARTESIAN_POINT ( 'NONE',  ( 174.1183963990939390, 7.500000000000000888, 4.764342684523582783 ) ) ;
#9471 = AXIS2_PLACEMENT_3D ( 'NONE', #2229, #2874, #2141 ) ;
#9472 = CARTESIAN_POINT ( 'NONE',  ( 123.3895301118157448, 5.130844243306286856, 12.50000000000000000 ) ) ;
#9473 = AXIS2_PLACEMENT_3D ( 'NONE', #6720, #1231, #5043 ) ;
#9474 = CARTESIAN_POINT ( 'NONE',  ( 203.1009900359524067, -20.65272454962381588, 13.26828792579939176 ) ) ;
#9475 = DIRECTION ( 'NONE',  ( 1.000000000000000000, 0.000000000000000000, 0.000000000000000000 ) ) ;
#9476 = DIRECTION ( 'NONE',  ( 1.000000000000000000, 0.000000000000000000, 0.000000000000000000 ) ) ;
#9477 = EDGE_LOOP ( 'NONE', ( #3167, #5452, #9454, #973 ) ) ;
#9478 = CARTESIAN_POINT ( 'NONE',  ( 207.2755867206062987, 20.50216041995488325, 5.000000000000026645 ) ) ;
#9479 = PLANE ( 'NONE',  #4487 ) ;
#9480 = CIRCLE ( 'NONE', #590, 2.000000000000001776 ) ;
#9481 = DIRECTION ( 'NONE',  ( 0.000000000000000000, 0.000000000000000000, -1.000000000000000000 ) ) ;
#9482 = EDGE_CURVE ( 'NONE', #8803, #8887, #9062, .T. ) ;
#9483 = CARTESIAN_POINT ( 'NONE',  ( 161.8286149004072740, -9.783469707240403324, -13.50000000000000355 ) ) ;
#9484 = B_SPLINE_CURVE_WITH_KNOTS ( 'NONE', 3,
 ( #4428, #1540, #3595, #2262, #5163, #5266, #8142, #2811, #8824, #4477 ),
 .UNSPECIFIED., .F., .F.,
 ( 4, 2, 2, 2, 4 ),
 ( 0.000000000000000000, 0.0005427814086150727600, 0.001085562817230145520, 0.001628344225845218280, 0.002171125634460291040 ),
 .UNSPECIFIED. ) ;
#9485 = LINE ( 'NONE', #593, #4463 ) ;
#9486 = CARTESIAN_POINT ( 'NONE',  ( 207.1702912159860261, 18.34379728006738119, 8.257165788677188090 ) ) ;
#9487 = DIRECTION ( 'NONE',  ( -0.000000000000000000, -0.000000000000000000, -1.000000000000000000 ) ) ;
#9488 = ORIENTED_EDGE ( 'NONE', *, *, #2564, .T. ) ;
#9489 = VERTEX_POINT ( 'NONE', #1486 ) ;
#9490 = EDGE_CURVE ( 'NONE', #1683, #4676, #5161, .T. ) ;
#9491 = DIRECTION ( 'NONE',  ( 1.000000000000000000, 0.000000000000000000, 0.000000000000000000 ) ) ;
#9492 = DIRECTION ( 'NONE',  ( -0.000000000000000000, -0.000000000000000000, 1.000000000000000000 ) ) ;
#9493 = DIRECTION ( 'NONE',  ( 0.000000000000000000, -1.000000000000000000, 0.000000000000000000 ) ) ;
#9494 = ADVANCED_FACE ( 'NONE', ( #6909 ), #5407, .F. ) ;
#9495 = EDGE_CURVE ( 'NONE', #6795, #8052, #6970, .T. ) ;
#9496 = FACE_OUTER_BOUND ( 'NONE', #3262, .T. ) ;
#9497 = DIRECTION ( 'NONE',  ( 0.000000000000000000, 0.000000000000000000, 1.000000000000000000 ) ) ;
#9498 = ORIENTED_EDGE ( 'NONE', *, *, #7349, .F. ) ;
#9499 = EDGE_LOOP ( 'NONE', ( #3836, #498, #9465, #9363 ) ) ;
#9500 = VERTEX_POINT ( 'NONE', #4715 ) ;
#9501 = CARTESIAN_POINT ( 'NONE',  ( 207.9792505363299711, -16.09158002560995371, 5.055887648719720850 ) ) ;
#9502 = CARTESIAN_POINT ( 'NONE',  ( 72.86451618241024164, -12.31114438853780690, 10.49999999999999645 ) ) ;
#9503 = EDGE_CURVE ( 'NONE', #1411, #3724, #7922, .T. ) ;
#9504 = DIRECTION ( 'NONE',  ( -1.000000000000000000, 0.000000000000000000, 0.000000000000000000 ) ) ;
#9505 = CARTESIAN_POINT ( 'NONE',  ( 223.1620561218890373, -0.5454252342093275363, 6.000000000000026645 ) ) ;
#9506 = DIRECTION ( 'NONE',  ( -0.000000000000000000, -0.000000000000000000, 1.000000000000000000 ) ) ;
#9507 = ORIENTED_EDGE ( 'NONE', *, *, #6871, .F. ) ;
#9508 = ORIENTED_EDGE ( 'NONE', *, *, #4780, .T. ) ;
#9509 = ORIENTED_EDGE ( 'NONE', *, *, #5444, .T. ) ;
#9510 = ORIENTED_EDGE ( 'NONE', *, *, #8975, .T. ) ;
#9511 = DIRECTION ( 'NONE',  ( 0.9593981441167123148, -0.2820553156127501571, -0.000000000000000000 ) ) ;
#9512 = CYLINDRICAL_SURFACE ( 'NONE', #1942, 1.000000000000000888 ) ;
#9513 = EDGE_CURVE ( 'NONE', #6914, #3250, #8385, .T. ) ;
#9514 = AXIS2_PLACEMENT_3D ( 'NONE', #2111, #7768, #1891 ) ;
#9515 = DIRECTION ( 'NONE',  ( -0.02840083911570534872, 0.9995966148089557857, 0.000000000000000000 ) ) ;
#9516 = CARTESIAN_POINT ( 'NONE',  ( 238.1866765464012587, 0.5387232385492601860, 6.767626936083274813 ) ) ;
#9517 = FACE_BOUND ( 'NONE', #8439, .T. ) ;
#9518 = CARTESIAN_POINT ( 'NONE',  ( 132.4123010656753934, 4.457226763319221519, 11.27941984389222441 ) ) ;
#9519 = CARTESIAN_POINT ( 'NONE',  ( 223.6013666496627081, 13.90666090682573319, 6.884274303732833999 ) ) ;
#9520 = ORIENTED_EDGE ( 'NONE', *, *, #4249, .F. ) ;
#9521 = VERTEX_POINT ( 'NONE', #7746 ) ;
#9522 = CIRCLE ( 'NONE', #5321, 0.9999999999999974465 ) ;
#9523 = CARTESIAN_POINT ( 'NONE',  ( 230.4960248293367613, -18.34803385491478878, 6.000000000000026645 ) ) ;
#9524 = CARTESIAN_POINT ( 'NONE',  ( 65.86733987874752927, -12.50995026234771501, 11.50000000000000000 ) ) ;
#9525 = AXIS2_PLACEMENT_3D ( 'NONE', #8359, #7086, #5480 ) ;
#9526 = CYLINDRICAL_SURFACE ( 'NONE', #7745, 1.000000000000003775 ) ;
#9527 = CARTESIAN_POINT ( 'NONE',  ( 199.0582311130035293, 8.306775142497681230, 13.11023347256192118 ) ) ;
#9528 = CARTESIAN_POINT ( 'NONE',  ( 225.8860312251131006, 15.00000000000000000, 7.000000000000026645 ) ) ;
#9529 = CARTESIAN_POINT ( 'NONE',  ( 224.4860312251130949, 0.000000000000000000, -13.50000000000000000 ) ) ;
#9530 = ORIENTED_EDGE ( 'NONE', *, *, #3858, .F. ) ;
#9531 = VERTEX_POINT ( 'NONE', #7058 ) ;
#9532 = DIRECTION ( 'NONE',  ( 0.000000000000000000, 0.000000000000000000, 1.000000000000000000 ) ) ;
#9533 = AXIS2_PLACEMENT_3D ( 'NONE', #2138, #5951, #1455 ) ;
#9534 = DIRECTION ( 'NONE',  ( 1.000000000000000000, 0.000000000000000000, 0.000000000000000000 ) ) ;
#9535 = CARTESIAN_POINT ( 'NONE',  ( 171.7360312251131234, -7.500000000000000000, 5.000000000000026645 ) ) ;
#9536 = CARTESIAN_POINT ( 'NONE',  ( 207.0570069693434618, -18.81289837977907808, 8.257165788677182761 ) ) ;
#9537 = CARTESIAN_POINT ( 'NONE',  ( 239.4860312251130949, 0.000000000000000000, 7.000000000000026645 ) ) ;
#9538 = CARTESIAN_POINT ( 'NONE',  ( 171.4776792904964395, -7.491648065383497368, 5.000000000000026645 ) ) ;
#9539 = ORIENTED_EDGE ( 'NONE', *, *, #5569, .F. ) ;
#9540 = EDGE_LOOP ( 'NONE', ( #5403, #2929, #5386, #2899 ) ) ;
#9541 = EDGE_CURVE ( 'NONE', #9451, #8566, #1098, .T. ) ;
#9542 = ORIENTED_EDGE ( 'NONE', *, *, #5744, .T. ) ;
#9543 = EDGE_CURVE ( 'NONE', #7904, #8094, #3936, .T. ) ;
#9544 = EDGE_CURVE ( 'NONE', #1965, #3015, #6304, .T. ) ;
#9545 = COLOUR_RGB ( '',0.03921568627450980338, 0.4901960784313725283, 0.7098039215686274828 ) ;
#9546 = DIRECTION ( 'NONE',  ( 0.000000000000000000, 0.000000000000000000, -1.000000000000000000 ) ) ;
#9547 = DIRECTION ( 'NONE',  ( 0.000000000000000000, 0.000000000000000000, 1.000000000000000000 ) ) ;
#9548 = CARTESIAN_POINT ( 'NONE',  ( 132.3867065782638974, 5.358050956227327077, 10.52840656793764573 ) ) ;
#9549 = EDGE_CURVE ( 'NONE', #1467, #4853, #362, .T. ) ;
#9550 = FACE_BOUND ( 'NONE', #9183, .T. ) ;
#9551 = AXIS2_PLACEMENT_3D ( 'NONE', #1256, #9463, #1301 ) ;
#9552 = DIRECTION ( 'NONE',  ( 0.000000000000000000, 0.000000000000000000, 1.000000000000000000 ) ) ;
#9553 = AXIS2_PLACEMENT_3D ( 'NONE', #2943, #4517, #5350 ) ;
#9554 = EDGE_LOOP ( 'NONE', ( #5893, #8768, #4933, #5536 ) ) ;
#9555 = ORIENTED_EDGE ( 'NONE', *, *, #9541, .F. ) ;
#9556 = ORIENTED_EDGE ( 'NONE', *, *, #9253, .T. ) ;
#9557 = EDGE_LOOP ( 'NONE', ( #7508, #1070, #8896, #1248 ) ) ;
#9558 = EDGE_CURVE ( 'NONE', #5568, #749, #6329, .T. ) ;
#9559 = AXIS2_PLACEMENT_3D ( 'NONE', #9146, #2442, #1714 ) ;
#9560 = DIRECTION ( 'NONE',  ( 0.000000000000000000, 0.000000000000000000, 1.000000000000000000 ) ) ;
#9561 = FACE_BOUND ( 'NONE', #1164, .T. ) ;
#9562 = DIRECTION ( 'NONE',  ( -0.000000000000000000, -0.000000000000000000, -1.000000000000000000 ) ) ;
#9563 = LINE ( 'NONE', #4495, #9307 ) ;
#9564 = DIRECTION ( 'NONE',  ( -1.000000000000000000, 0.000000000000000000, 0.000000000000000000 ) ) ;
#9565 = DIRECTION ( 'NONE',  ( 1.000000000000000000, 0.000000000000000000, 0.000000000000000000 ) ) ;
#9566 = ORIENTED_EDGE ( 'NONE', *, *, #5377, .F. ) ;
#9567 = CARTESIAN_POINT ( 'NONE',  ( 223.9467193479830200, 13.70089969762029014, 6.767802368557676473 ) ) ;
#9568 = VERTEX_POINT ( 'NONE', #1878 ) ;
#9569 = ORIENTED_EDGE ( 'NONE', *, *, #8779, .F. ) ;
#9570 = EDGE_CURVE ( 'NONE', #3027, #2875, #9111, .T. ) ;
#9571 = DIRECTION ( 'NONE',  ( 1.445602896647337931E-16, -1.000000000000000000, 0.000000000000000000 ) ) ;
#9572 = DIRECTION ( 'NONE',  ( 1.000000000000000000, 0.000000000000000000, -0.000000000000000000 ) ) ;
#9573 = CARTESIAN_POINT ( 'NONE',  ( 63.41373322327839901, 3.426793896364200176, 12.50000000000000000 ) ) ;
#9574 = CARTESIAN_POINT ( 'NONE',  ( 216.8880902843285128, -19.57731578793040939, 5.000000000000026645 ) ) ;
#9575 = CARTESIAN_POINT ( 'NONE',  ( 12.12638788439012316, 17.28134241211201072, 12.50000000000000000 ) ) ;
#9576 = ORIENTED_EDGE ( 'NONE', *, *, #5750, .T. ) ;
#9577 = ORIENTED_EDGE ( 'NONE', *, *, #3180, .T. ) ;
#9578 = CARTESIAN_POINT ( 'NONE',  ( 155.8594360506692453, -10.95347135674356842, -13.50000000000000355 ) ) ;
#9579 = AXIS2_PLACEMENT_3D ( 'NONE', #4448, #8306, #4359 ) ;
#9580 = CIRCLE ( 'NONE', #5700, 40.46244800476959114 ) ;
#9581 = CARTESIAN_POINT ( 'NONE',  ( 95.40082489716499481, 4.335620748066612684, 12.49999999999999822 ) ) ;
#9582 = CARTESIAN_POINT ( 'NONE',  ( 24.32815452082498098, 11.81591818738017174, 13.50000000000000178 ) ) ;
#9583 = CARTESIAN_POINT ( 'NONE',  ( 154.8314385967445332, -9.982275581050286561, 10.49999999999999645 ) ) ;
#9584 = VECTOR ( 'NONE', #3353, 1000.000000000000114 ) ;
#9585 = CIRCLE ( 'NONE', #7416, 4.000000000000003553 ) ;
#9586 = CYLINDRICAL_SURFACE ( 'NONE', #6592, 0.9999999999999998890 ) ;
#9587 = VERTEX_POINT ( 'NONE', #1147 ) ;
#9588 = ORIENTED_EDGE ( 'NONE', *, *, #8844, .F. ) ;
#9589 = VERTEX_POINT ( 'NONE', #4765 ) ;
#9590 = CIRCLE ( 'NONE', #8355, 1.000000000000000888 ) ;
#9591 = VECTOR ( 'NONE', #566, 1000.000000000000000 ) ;
#9592 = DIRECTION ( 'NONE',  ( -0.000000000000000000, -0.000000000000000000, 1.000000000000000000 ) ) ;
#9593 = DIRECTION ( 'NONE',  ( 0.02840083911569750083, -0.9995966148089558967, 0.000000000000000000 ) ) ;
#9594 = ADVANCED_FACE ( 'NONE', ( #7847 ), #8357, .F. ) ;
#9595 = CARTESIAN_POINT ( 'NONE',  ( 0.000000000000000000, 0.000000000000000000, -6.500000000000000000 ) ) ;
#9596 = CARTESIAN_POINT ( 'NONE',  ( 183.7360312251131234, -5.500000000000004441, -13.50000000000000355 ) ) ;
#9597 = EDGE_LOOP ( 'NONE', ( #4666, #6094, #517, #356 ) ) ;
#9598 = ORIENTED_EDGE ( 'NONE', *, *, #835, .T. ) ;
#9599 = VECTOR ( 'NONE', #4551, 1000.000000000000000 ) ;
#9600 = ORIENTED_EDGE ( 'NONE', *, *, #8299, .F. ) ;
#9601 = ORIENTED_EDGE ( 'NONE', *, *, #6097, .F. ) ;
#9602 = EDGE_CURVE ( 'NONE', #70, #2180, #3069, .T. ) ;
#9603 = AXIS2_PLACEMENT_3D ( 'NONE', #4632, #90, #4582 ) ;
#9604 = DIRECTION ( 'NONE',  ( 1.000000000000000000, 0.000000000000000000, 0.000000000000000000 ) ) ;
#9605 = CARTESIAN_POINT ( 'NONE',  ( 224.4860312251130949, 0.000000000000000000, 7.000000000000026645 ) ) ;
#9606 = CARTESIAN_POINT ( 'NONE',  ( 198.8089500046939975, -7.500000000000000000, 11.50000000000000000 ) ) ;
#9607 = ADVANCED_FACE ( 'NONE', ( #7108 ), #8221, .T. ) ;
#9608 = ADVANCED_FACE ( 'NONE', ( #8627 ), #2794, .T. ) ;
#9609 = CARTESIAN_POINT ( 'NONE',  ( 194.4860312251130949, -21.00000000000000000, 12.50000000000000178 ) ) ;
#9610 = CARTESIAN_POINT ( 'NONE',  ( 34.59510580418449166, -25.88459955926619571, 12.50000000000000178 ) ) ;
#9611 = VECTOR ( 'NONE', #6017, 1000.000000000000000 ) ;
#9612 = CARTESIAN_POINT ( 'NONE',  ( 132.4005909750339072, 4.869375394445589755, 10.98981470169872665 ) ) ;
#9613 = ORIENTED_EDGE ( 'NONE', *, *, #5860, .T. ) ;
#9614 = AXIS2_PLACEMENT_3D ( 'NONE', #7162, #8809, #4227 ) ;
#9615 = CARTESIAN_POINT ( 'NONE',  ( 101.3416029077873617, 6.505219012378733012, 12.50000000000000000 ) ) ;
#9616 = ORIENTED_EDGE ( 'NONE', *, *, #7433, .F. ) ;
#9617 = ORIENTED_EDGE ( 'NONE', *, *, #6922, .F. ) ;
#9618 = VECTOR ( 'NONE', #9028, 1000.000000000000000 ) ;
#9619 = AXIS2_PLACEMENT_3D ( 'NONE', #8100, #5986, #1398 ) ;
#9620 = VECTOR ( 'NONE', #4943, 1000.000000000000227 ) ;
#9621 = DIRECTION ( 'NONE',  ( -0.000000000000000000, -0.000000000000000000, 1.000000000000000000 ) ) ;
#9622 = CIRCLE ( 'NONE', #6653, 2.000000000000001776 ) ;
#9623 = CARTESIAN_POINT ( 'NONE',  ( 224.4860312251131234, 0.000000000000000000, 8.257165788677182761 ) ) ;
#9624 = EDGE_CURVE ( 'NONE', #4919, #2543, #8090, .T. ) ;
#9625 = LINE ( 'NONE', #8308, #6639 ) ;
#9626 = VECTOR ( 'NONE', #4912, 1000.000000000000000 ) ;
#9627 = CARTESIAN_POINT ( 'NONE',  ( 14.32287004515514184, -17.09591818738017821, 13.50000000000000000 ) ) ;
#9628 = DIRECTION ( 'NONE',  ( 1.000000000000000000, 0.000000000000000000, 0.000000000000000000 ) ) ;
#9629 = CARTESIAN_POINT ( 'NONE',  ( 224.4860312251130949, 0.000000000000000000, 7.000000000000026645 ) ) ;
#9630 = EDGE_LOOP ( 'NONE', ( #4193, #7048, #6486, #4307 ) ) ;
#9631 = CIRCLE ( 'NONE', #5434, 20.99999999999998934 ) ;
#9632 = CARTESIAN_POINT ( 'NONE',  ( 207.9496908901186600, -16.03263826636005263, 5.000000000000058620 ) ) ;
#9633 = DIRECTION ( 'NONE',  ( 1.000000000000000000, 0.000000000000000000, -0.000000000000000000 ) ) ;
#9634 = CARTESIAN_POINT ( 'NONE',  ( 124.8366496354733357, -10.59178195280789225, 10.74260758778204483 ) ) ;
#9635 = EDGE_CURVE ( 'NONE', #8094, #9185, #5582, .T. ) ;
#9636 = EDGE_CURVE ( 'NONE', #8241, #8450, #6759, .T. ) ;
#9637 = CARTESIAN_POINT ( 'NONE',  ( 171.4776792904964395, -7.491648065383497368, 3.000000000000025313 ) ) ;
#9638 = DIRECTION ( 'NONE',  ( 0.02840083911570534872, -0.9995966148089557857, 0.000000000000000000 ) ) ;
#9639 = ORIENTED_EDGE ( 'NONE', *, *, #8544, .T. ) ;
#9640 = VERTEX_POINT ( 'NONE', #9536 ) ;
#9641 = VERTEX_POINT ( 'NONE', #3439 ) ;
#9642 = CARTESIAN_POINT ( 'NONE',  ( 242.4531606167946336, 6.934608004873416220, 6.000000000000026645 ) ) ;
#9643 = FACE_BOUND ( 'NONE', #5504, .T. ) ;
#9644 = LINE ( 'NONE', #2949, #6821 ) ;
#9645 = CARTESIAN_POINT ( 'NONE',  ( 102.3982699212040046, 4.524968733066261350, 10.50946165822908718 ) ) ;
#9646 = VERTEX_POINT ( 'NONE', #5010 ) ;
#9647 = ORIENTED_EDGE ( 'NONE', *, *, #9482, .T. ) ;
#9648 = ORIENTED_EDGE ( 'NONE', *, *, #6474, .T. ) ;
#9649 = ORIENTED_EDGE ( 'NONE', *, *, #899, .F. ) ;
#9650 = DIRECTION ( 'NONE',  ( 1.000000000000000000, 0.000000000000000000, 0.000000000000000000 ) ) ;
#9651 = EDGE_CURVE ( 'NONE', #912, #8730, #4951, .T. ) ;
#9652 = CARTESIAN_POINT ( 'NONE',  ( 161.7718132221759220, -7.784276477622492862, 10.49999999999999645 ) ) ;
#9653 = FACE_OUTER_BOUND ( 'NONE', #199, .T. ) ;
#9654 = DIRECTION ( 'NONE',  ( -1.000000000000000000, 0.000000000000000000, 0.000000000000000000 ) ) ;
#9655 = DIRECTION ( 'NONE',  ( -0.000000000000000000, 1.000000000000000000, 0.000000000000000000 ) ) ;
#9656 = FACE_OUTER_BOUND ( 'NONE', #54, .T. ) ;
#9657 = CARTESIAN_POINT ( 'NONE',  ( 24.54852523620924387, 16.65140590825153666, -12.50000000000000000 ) ) ;
#9658 = EDGE_LOOP ( 'NONE', ( #8116, #1983, #1716, #1704, #8408, #3930 ) ) ;
#9659 = CARTESIAN_POINT ( 'NONE',  ( 223.8252560201253232, 13.75846952828645797, 6.806795028590620689 ) ) ;
#9660 = EDGE_LOOP ( 'NONE', ( #1115, #5332, #1931, #2578 ) ) ;
#9661 = ORIENTED_EDGE ( 'NONE', *, *, #9316, .F. ) ;
#9662 = EDGE_CURVE ( 'NONE', #6141, #971, #6501, .T. ) ;
#9663 = EDGE_CURVE ( 'NONE', #2014, #1331, #1337, .T. ) ;
ENDSEC;
END-ISO-10303-21;
