{
  "S1": {
    "Q_PITCH": 0.014168,
    "Q_PITCH_RATE": 0.03372,
    "Q_VEL": 0.00025,
    "R": 28.73442
  },
  "S2": {
    "Q_PITCH": 0.13139915333671537,
    "Q_PITCH_RATE": 0.22595099941757452,
    "Q_VEL": 0.0002780706172075865,
    "R": 111.34963566265465
  },
  "S3": {
    "KP_V": 0.502418,
    "KI_V": 0.011405
  },
  "S4": {
    "KP_V": 0.5988488669185197,
    "KI_V": 0.004109231349096387
  },
  "S5": {
    "KP_V": 0.59884887,
    "KI_V": 0.0041092313
  },
  "S6": {
    "KP_YAW": 2.272,
    "KI_YAW": 1.125
  },
  "S7": {
    "KP_YAW": 0.6691535768715229,
    "KI_YAW": 1.658061269193941
  },
  "S8": {
    "LEG_K_S": 39.35506027556532,
    "LEG_B_S": 0.8558954249496722,
    "LEG_K_ROLL": 16.999368246132768,
    "LEG_D_ROLL": 0.047780938056737256
  }
}